alpha_0_median,alpha_0_std,alpha_0_16,alpha_0_84,ell_0_median,ell_0_std,ell_0_16,ell_0_84,Mstar_Msun_fixed,sigmastar_fixed,n_walkers,n_steps,n_burn,acceptance_fraction
0.49985886121764445,0.00019605844809761531,0.49963891778500974,0.4999634815758877,1.0611665241741595,0.0021554394102339097,1.0599946582645878,1.0628474066154112,20000000000.0,70.0,16,1000,200,0.5913124999999999
