{
  "r0": {
    "M_bar": 0.27022167753010246,
    "M_lens": -0.7160237267651668,
    "M_ratio": -0.3304140647249582,
    "R_200": null,
    "gas_fraction": 0.5300074879204668,
    "star_fraction": -0.5300074879204669,
    "v_circ": -0.8132202157895041,
    "sigma_v": -0.8132202157895039,
    "t_dyn": 0.7914432487969759,
    "t_cross": 0.7914432487969756,
    "orbital_periods": -0.8132202157895041,
    "g_bar": 0.2702216775301024,
    "g_ratio": 0.2702216775301024,
    "z": 0.7662584438649199
  },
  "A": {
    "M_bar": -0.240577699821002,
    "M_lens": 0.8981636977769537,
    "M_ratio": 0.5889709122403589,
    "R_200": null,
    "gas_fraction": -0.4316608597278386,
    "star_fraction": 0.43166085972783863,
    "v_circ": 0.87311890051436,
    "sigma_v": 0.8731189005143598,
    "t_dyn": -0.6698133095965282,
    "t_cross": -0.6698133095965283,
    "orbital_periods": 0.8731189005143598,
    "g_bar": -0.24057769982100188,
    "g_ratio": -0.2405776998210019,
    "z": -0.6294385074358232
  }
}