system,target_kind,fraction_max,length_over_R80,radius_exponent,width_over_R80,external_direction_mix,tensor_axis_ratio,tensor_orientation,shape_gate,candidate_id,changed_parameter,changed_level,jensen_shannon,pearson,normalized_RMSE,centroid_offset_kpc
A2163,lenstool_best,0.6,1.0,-0.5,0.25,0.0,1.5,tidal,H,T000_BASE,baseline,base,0.11574844990674354,0.5512833074567972,0.6855768223411118,78.3022370166332
A2163,lenstool_best,0.3,1.0,-0.5,0.25,0.0,1.5,tidal,H,T001_fraction_max_0.3,fraction_max,0.3,0.12236035479399705,0.5343703438187322,0.6987159589780024,78.02120278297022
A2163,lenstool_best,0.45,1.0,-0.5,0.25,0.0,1.5,tidal,H,T002_fraction_max_0.45,fraction_max,0.45,0.1183061183023429,0.5451604026108499,0.6896393600053344,78.01763527225387
A2163,lenstool_best,0.75,1.0,-0.5,0.25,0.0,1.5,tidal,H,T003_fraction_max_0.75,fraction_max,0.75,0.11463826267881018,0.5522604555748019,0.6870192982492898,78.89386561152054
A2163,lenstool_best,1.0,1.0,-0.5,0.25,0.0,1.5,tidal,H,T004_fraction_max_1.0,fraction_max,1.0,0.11620019892545819,0.5424797495158283,0.702672857355044,80.60604671067041
A2163,lenstool_best,0.6,0.5,-0.5,0.25,0.0,1.5,tidal,H,T005_length_over_R80_0.5,length_over_R80,0.5,0.13056124003090344,0.5273977143997912,0.7399564711914319,81.45602612714617
A2163,lenstool_best,0.6,0.75,-0.5,0.25,0.0,1.5,tidal,H,T006_length_over_R80_0.75,length_over_R80,0.75,0.11643946343208113,0.5416906892900561,0.7107117849467338,78.728193458331
A2163,lenstool_best,0.6,1.25,-0.5,0.25,0.0,1.5,tidal,H,T007_length_over_R80_1.25,length_over_R80,1.25,0.11943470060224116,0.5379922325999523,0.6838709205554832,72.72400023160483
A2163,lenstool_best,0.6,1.5,-0.5,0.25,0.0,1.5,tidal,H,T008_length_over_R80_1.5,length_over_R80,1.5,0.12501570727318842,0.5067585060649181,0.7026194382836002,64.43714868749048
A2163,lenstool_best,0.6,1.0,-1.0,0.25,0.0,1.5,tidal,H,T009_radius_exponent_-1.0,radius_exponent,-1.0,0.1207922515772798,0.529449704728108,0.6944755255786276,73.75357277486563
A2163,lenstool_best,0.6,1.0,-0.75,0.25,0.0,1.5,tidal,H,T010_radius_exponent_-0.75,radius_exponent,-0.75,0.11869928485871256,0.5355829875136832,0.6912325941971734,76.02007254318944
A2163,lenstool_best,0.6,1.0,-0.25,0.25,0.0,1.5,tidal,H,T011_radius_exponent_-0.25,radius_exponent,-0.25,0.11138418257103787,0.563302465229133,0.6818644692312974,78.1341603296604
A2163,lenstool_best,0.6,1.0,0.0,0.25,0.0,1.5,tidal,H,T012_radius_exponent_0.0,radius_exponent,0.0,0.12166544375774155,0.5673976845179882,0.7040023839497676,82.03939525829179
A2163,lenstool_best,0.6,1.0,-0.5,0.1,0.0,1.5,tidal,H,T013_width_over_R80_0.1,width_over_R80,0.1,0.1399774308475534,0.4560640580725804,0.8171861486518409,80.20768598102562
A2163,lenstool_best,0.6,1.0,-0.5,0.175,0.0,1.5,tidal,H,T014_width_over_R80_0.175,width_over_R80,0.175,0.12210312407869342,0.5314245544736548,0.7132700839747993,79.22696148198378
A2163,lenstool_best,0.6,1.0,-0.5,0.35,0.0,1.5,tidal,H,T015_width_over_R80_0.35,width_over_R80,0.35,0.11411174233580783,0.5468085720593318,0.6812762286659301,76.52294004041003
A2163,lenstool_best,0.6,1.0,-0.5,0.5,0.0,1.5,tidal,H,T016_width_over_R80_0.5,width_over_R80,0.5,0.11331453272322362,0.5327209362325189,0.6826669740770297,73.08021991457765
A2163,lenstool_best,0.6,1.0,-0.5,0.25,0.25,1.5,tidal,H,T017_external_direction_mix_0.25,external_direction_mix,0.25,0.11658169755280438,0.5664081582838504,0.6750812470592507,77.33832831363783
A2163,lenstool_best,0.6,1.0,-0.5,0.25,0.5,1.5,tidal,H,T018_external_direction_mix_0.5,external_direction_mix,0.5,0.10946812058840878,0.5846531046730725,0.6579447127819814,74.83719152559246
A2163,lenstool_best,0.6,1.0,-0.5,0.25,0.75,1.5,tidal,H,T019_external_direction_mix_0.75,external_direction_mix,0.75,0.11616833370044416,0.5842871177989709,0.6570449045767052,72.21469830748451
A2163,lenstool_best,0.6,1.0,-0.5,0.25,1.0,1.5,tidal,H,T020_external_direction_mix_1.0,external_direction_mix,1.0,0.11260851208854869,0.5872748107973667,0.65123959119411,71.03956348852273
A2163,lenstool_best,0.6,1.0,-0.5,0.25,0.0,1.0,tidal,H,T021_tensor_axis_ratio_1.0,tensor_axis_ratio,1.0,0.1119864451778016,0.5610358134729415,0.6785578994264191,78.01007232286479
A2163,lenstool_best,0.6,1.0,-0.5,0.25,0.0,1.25,tidal,H,T022_tensor_axis_ratio_1.25,tensor_axis_ratio,1.25,0.11409552940862128,0.555328228269117,0.6828362755294257,78.24985678886465
A2163,lenstool_best,0.6,1.0,-0.5,0.25,0.0,2.0,tidal,H,T023_tensor_axis_ratio_2.0,tensor_axis_ratio,2.0,0.11867288513674984,0.5421140533232209,0.6926173261834911,78.27368148143313
A2163,lenstool_best,0.6,1.0,-0.5,0.25,0.0,3.0,tidal,H,T024_tensor_axis_ratio_3.0,tensor_axis_ratio,3.0,0.12258412837398774,0.5280493683469024,0.7012973474888685,77.71072883045389
A2163,lenstool_best,0.6,1.0,-0.5,0.25,0.0,1.5,radial,H,T025_tensor_orientation_radial,tensor_orientation,radial,0.11306833689909213,0.5534278538103246,0.6877749694413334,77.45153993812218
A2163,lenstool_best,0.6,1.0,-0.5,0.25,0.0,1.5,external,H,T026_tensor_orientation_external,tensor_orientation,external,0.11242966375977625,0.5472843765805291,0.6895035155614188,77.9676701671323
A2163,lenstool_best,0.6,1.0,-0.5,0.25,0.0,1.5,tidal,none,T027_shape_gate_none,shape_gate,none,0.1153705447807089,0.546237231472703,0.697085045094892,80.08349686123589
A2163,lenstool_best,0.6,1.0,-0.5,0.25,0.0,1.5,tidal,sqrt_H,T028_shape_gate_sqrt_H,shape_gate,sqrt_H,0.1146391288843808,0.5522642342518109,0.687009369179445,78.89214437088184
A2163,lenstool_best,0.6,1.0,-0.5,0.25,0.0,1.5,tidal,H2,T029_shape_gate_H2,shape_gate,H2,0.11988879901356958,0.5409713616011788,0.6930262628377852,77.98491647100441
A2163,lenstool_best,,,,,,,,,LOCAL75,control,LOCAL75,0.10978872179798056,0.5396563535576381,0.6725680190243059,71.27924962501245
A2163,lenstool_best,,,,,,,,,CENTRAL100,control,CENTRAL100,0.11302056127868115,0.5894001646761245,0.6984765946068708,83.3968679409347
A2163,lenstool_best,,,,,,,,,C0351,control,C0351,0.10794075611644025,0.5694800294142278,0.6919537137186395,79.16666226873147
A2163,lenstool_best,,,,,,,,,W060,control,W060,0.10157310588367435,0.579604619317512,0.6681327739279103,76.82468698854967
A2163,glafic_best,0.6,1.0,-0.5,0.25,0.0,1.5,tidal,H,T000_BASE,baseline,base,0.11410106309779486,0.5411773853567639,0.685750759246532,88.77015162498294
A2163,glafic_best,0.3,1.0,-0.5,0.25,0.0,1.5,tidal,H,T001_fraction_max_0.3,fraction_max,0.3,0.12048248304367809,0.5311312873446464,0.6946592674101539,88.5821803038728
A2163,glafic_best,0.45,1.0,-0.5,0.25,0.0,1.5,tidal,H,T002_fraction_max_0.45,fraction_max,0.45,0.11650725841407644,0.5385092535090913,0.68716600480476,88.54950194578258
A2163,glafic_best,0.75,1.0,-0.5,0.25,0.0,1.5,tidal,H,T003_fraction_max_0.75,fraction_max,0.75,0.11320964957855252,0.538754763619131,0.6909268269764226,89.26164590051648
A2163,glafic_best,1.0,1.0,-0.5,0.25,0.0,1.5,tidal,H,T004_fraction_max_1.0,fraction_max,1.0,0.11528480277907245,0.5236858009735295,0.7150942461704985,90.72623110479302
A2163,glafic_best,0.6,0.5,-0.5,0.25,0.0,1.5,tidal,H,T005_length_over_R80_0.5,length_over_R80,0.5,0.13242250883768455,0.5096418154434702,0.7629172663343874,91.9985323568599
A2163,glafic_best,0.6,0.75,-0.5,0.25,0.0,1.5,tidal,H,T006_length_over_R80_0.75,length_over_R80,0.75,0.11878990065898727,0.5268601380866553,0.7237101287085331,89.20391740878073
A2163,glafic_best,0.6,1.25,-0.5,0.25,0.0,1.5,tidal,H,T007_length_over_R80_1.25,length_over_R80,1.25,0.11484379099774013,0.5262960922788694,0.6787572908498645,83.24123436495327
A2163,glafic_best,0.6,1.5,-0.5,0.25,0.0,1.5,tidal,H,T008_length_over_R80_1.5,length_over_R80,1.5,0.1177362460846815,0.5072660410395179,0.6886416735921445,75.00049234110078
A2163,glafic_best,0.6,1.0,-1.0,0.25,0.0,1.5,tidal,H,T009_radius_exponent_-1.0,radius_exponent,-1.0,0.117248735585778,0.5127604283667986,0.6959761944419097,84.29727544572077
A2163,glafic_best,0.6,1.0,-0.75,0.25,0.0,1.5,tidal,H,T010_radius_exponent_-0.75,radius_exponent,-0.75,0.1150236264165865,0.5239398113822978,0.6896374449759901,86.51830915724979
A2163,glafic_best,0.6,1.0,-0.25,0.25,0.0,1.5,tidal,H,T011_radius_exponent_-0.25,radius_exponent,-0.25,0.11208957920927387,0.5491864076440837,0.6877939759923491,88.60359341542875
A2163,glafic_best,0.6,1.0,0.0,0.25,0.0,1.5,tidal,H,T012_radius_exponent_0.0,radius_exponent,0.0,0.12421522940165731,0.5499686268989757,0.7251196817458199,92.57269374301913
A2163,glafic_best,0.6,1.0,-0.5,0.1,0.0,1.5,tidal,H,T013_width_over_R80_0.1,width_over_R80,0.1,0.14041851820706006,0.4467227951571021,0.8411186117818146,90.65163879763014
A2163,glafic_best,0.6,1.0,-0.5,0.175,0.0,1.5,tidal,H,T014_width_over_R80_0.175,width_over_R80,0.175,0.12132683078600827,0.5200795223703271,0.7213236040952823,89.67830171954239
A2163,glafic_best,0.6,1.0,-0.5,0.35,0.0,1.5,tidal,H,T015_width_over_R80_0.35,width_over_R80,0.35,0.11132154380931442,0.5397259108995976,0.6748869937874121,87.01622440666327
A2163,glafic_best,0.6,1.0,-0.5,0.5,0.0,1.5,tidal,H,T016_width_over_R80_0.5,width_over_R80,0.5,0.10861952650686976,0.5300204867803623,0.6683211245613873,83.61317417199514
A2163,glafic_best,0.6,1.0,-0.5,0.25,0.25,1.5,tidal,H,T017_external_direction_mix_0.25,external_direction_mix,0.25,0.1154823416344633,0.5551807384355439,0.676172602337224,87.81631976736207
A2163,glafic_best,0.6,1.0,-0.5,0.25,0.5,1.5,tidal,H,T018_external_direction_mix_0.5,external_direction_mix,0.5,0.10971172709461391,0.5706376251036814,0.6584769243489789,85.31734376672114
A2163,glafic_best,0.6,1.0,-0.5,0.25,0.75,1.5,tidal,H,T019_external_direction_mix_0.75,external_direction_mix,0.75,0.11426357184574823,0.5724905078377353,0.655070834751909,82.72391073920268
A2163,glafic_best,0.6,1.0,-0.5,0.25,1.0,1.5,tidal,H,T020_external_direction_mix_1.0,external_direction_mix,1.0,0.10992724538363535,0.5790879152159137,0.6437678324071087,81.57462072792589
A2163,glafic_best,0.6,1.0,-0.5,0.25,0.0,1.0,tidal,H,T021_tensor_axis_ratio_1.0,tensor_axis_ratio,1.0,0.1109013104153833,0.5492604507299021,0.6798655061698973,88.47475700825085
A2163,glafic_best,0.6,1.0,-0.5,0.25,0.0,1.25,tidal,H,T022_tensor_axis_ratio_1.25,tensor_axis_ratio,1.25,0.11268533869599114,0.5441914611055101,0.6838232348985112,88.71508229339096
A2163,glafic_best,0.6,1.0,-0.5,0.25,0.0,2.0,tidal,H,T023_tensor_axis_ratio_2.0,tensor_axis_ratio,2.0,0.11673041277927668,0.5337842968905617,0.69187251492961,88.75102289626226
A2163,glafic_best,0.6,1.0,-0.5,0.25,0.0,3.0,tidal,H,T024_tensor_axis_ratio_3.0,tensor_axis_ratio,3.0,0.12021218581220844,0.5215858381312779,0.6987438418046872,88.20215461416682
A2163,glafic_best,0.6,1.0,-0.5,0.25,0.0,1.5,radial,H,T025_tensor_orientation_radial,tensor_orientation,radial,0.11212513171051865,0.539730091967055,0.6927103494370217,87.92112359445281
A2163,glafic_best,0.6,1.0,-0.5,0.25,0.0,1.5,external,H,T026_tensor_orientation_external,tensor_orientation,external,0.11092038754098207,0.5375658486227476,0.6900342758032851,88.4360005816097
A2163,glafic_best,0.6,1.0,-0.5,0.25,0.0,1.5,tidal,none,T027_shape_gate_none,shape_gate,none,0.11430702085673632,0.5287225932677215,0.7070954388817194,90.2758182559205
A2163,glafic_best,0.6,1.0,-0.5,0.25,0.0,1.5,tidal,sqrt_H,T028_shape_gate_sqrt_H,shape_gate,sqrt_H,0.11320993844879326,0.5387662011535986,0.6909071085531729,89.26019614370205
A2163,glafic_best,0.6,1.0,-0.5,0.25,0.0,1.5,tidal,H2,T029_shape_gate_H2,shape_gate,H2,0.11804594746296462,0.5358242355853322,0.6897323122077124,88.53369781449864
A2163,glafic_best,,,,,,,,,LOCAL75,control,LOCAL75,0.10531581280349246,0.5413717232036789,0.6509039636991408,81.74859615225748
A2163,glafic_best,,,,,,,,,CENTRAL100,control,CENTRAL100,0.1154250519607022,0.5705625961744364,0.7264961384266353,93.96004638825501
A2163,glafic_best,,,,,,,,,C0351,control,C0351,0.11119146854073254,0.549690104578188,0.71007674286024,89.51219010882232
A2163,glafic_best,,,,,,,,,W060,control,W060,0.10259357562408028,0.5609900961023512,0.6764790222891957,87.1849759009261
A3192,lenstool_best,0.6,1.0,-0.5,0.25,0.0,1.5,tidal,H,T000_BASE,baseline,base,0.021014507883099057,0.9242862238081152,0.28200081747345157,28.57234439543527
A3192,lenstool_best,0.3,1.0,-0.5,0.25,0.0,1.5,tidal,H,T001_fraction_max_0.3,fraction_max,0.3,0.017996701734828875,0.957481451799114,0.22519003302563204,23.874440855165812
A3192,lenstool_best,0.45,1.0,-0.5,0.25,0.0,1.5,tidal,H,T002_fraction_max_0.45,fraction_max,0.45,0.018860602981480706,0.9444365508638252,0.24676099069341037,26.160657579613193
A3192,lenstool_best,0.75,1.0,-0.5,0.25,0.0,1.5,tidal,H,T003_fraction_max_0.75,fraction_max,0.75,0.024690970357018633,0.898110300901568,0.3283198549723293,31.114868193488192
A3192,lenstool_best,1.0,1.0,-0.5,0.25,0.0,1.5,tidal,H,T004_fraction_max_1.0,fraction_max,1.0,0.03525253242548293,0.8447749798702012,0.4243769166703543,35.66188878890662
A3192,lenstool_best,0.6,0.5,-0.5,0.25,0.0,1.5,tidal,H,T005_length_over_R80_0.5,length_over_R80,0.5,0.022180499324922415,0.9447210013904215,0.24489118157866205,25.64236185118787
A3192,lenstool_best,0.6,0.75,-0.5,0.25,0.0,1.5,tidal,H,T006_length_over_R80_0.75,length_over_R80,0.75,0.020458176141878885,0.9372173284869093,0.25767108565802965,24.71897778101959
A3192,lenstool_best,0.6,1.25,-0.5,0.25,0.0,1.5,tidal,H,T007_length_over_R80_1.25,length_over_R80,1.25,0.02366784097199497,0.9235564890256484,0.28885601278940415,36.947396381402456
A3192,lenstool_best,0.6,1.5,-0.5,0.25,0.0,1.5,tidal,H,T008_length_over_R80_1.5,length_over_R80,1.5,0.028094657001431707,0.9155276989339781,0.3139959030266142,37.99586044029028
A3192,lenstool_best,0.6,1.0,-1.0,0.25,0.0,1.5,tidal,H,T009_radius_exponent_-1.0,radius_exponent,-1.0,0.023407614441267516,0.9193120671556827,0.2921993943691355,39.87076414229138
A3192,lenstool_best,0.6,1.0,-0.75,0.25,0.0,1.5,tidal,H,T010_radius_exponent_-0.75,radius_exponent,-0.75,0.022095680282531983,0.9215158713058978,0.2871218878838833,36.91661720989789
A3192,lenstool_best,0.6,1.0,-0.25,0.25,0.0,1.5,tidal,H,T011_radius_exponent_-0.25,radius_exponent,-0.25,0.023500218025678705,0.9304033083850471,0.27090309137357377,26.054075285384837
A3192,lenstool_best,0.6,1.0,0.0,0.25,0.0,1.5,tidal,H,T012_radius_exponent_0.0,radius_exponent,0.0,0.021416114807232205,0.9275387813365715,0.27685090607061236,29.19477285693376
A3192,lenstool_best,0.6,1.0,-0.5,0.1,0.0,1.5,tidal,H,T013_width_over_R80_0.1,width_over_R80,0.1,0.03986888459760145,0.8005399880035383,0.560491665670148,25.26775081022954
A3192,lenstool_best,0.6,1.0,-0.5,0.175,0.0,1.5,tidal,H,T014_width_over_R80_0.175,width_over_R80,0.175,0.02480345549145988,0.8944280740081124,0.348688314731863,27.613135014520424
A3192,lenstool_best,0.6,1.0,-0.5,0.35,0.0,1.5,tidal,H,T015_width_over_R80_0.35,width_over_R80,0.35,0.023695058815633222,0.9401285717479879,0.2715700369309514,29.16029086831886
A3192,lenstool_best,0.6,1.0,-0.5,0.5,0.0,1.5,tidal,H,T016_width_over_R80_0.5,width_over_R80,0.5,0.032097485079831393,0.9504967403048267,0.29723625941884724,28.47011177434084
A3192,lenstool_best,0.6,1.0,-0.5,0.25,0.25,1.5,tidal,H,T017_external_direction_mix_0.25,external_direction_mix,0.25,0.020244966612706004,0.934053007521912,0.26594636385047893,26.563206267784693
A3192,lenstool_best,0.6,1.0,-0.5,0.25,0.5,1.5,tidal,H,T018_external_direction_mix_0.5,external_direction_mix,0.5,0.024393237790111176,0.9454370677418348,0.25957475672321006,22.50601465491274
A3192,lenstool_best,0.6,1.0,-0.5,0.25,0.75,1.5,tidal,H,T019_external_direction_mix_0.75,external_direction_mix,0.75,0.02584175986572551,0.9355365922094973,0.27821914552132077,23.534261655170518
A3192,lenstool_best,0.6,1.0,-0.5,0.25,1.0,1.5,tidal,H,T020_external_direction_mix_1.0,external_direction_mix,1.0,0.02985807202181276,0.9216827404712374,0.3029946225236966,24.166410277204765
A3192,lenstool_best,0.6,1.0,-0.5,0.25,0.0,1.0,tidal,H,T021_tensor_axis_ratio_1.0,tensor_axis_ratio,1.0,0.019742401649190985,0.9269627691477001,0.27735778877405554,27.910239008452358
A3192,lenstool_best,0.6,1.0,-0.5,0.25,0.0,1.25,tidal,H,T022_tensor_axis_ratio_1.25,tensor_axis_ratio,1.25,0.02035665689239354,0.925563463359602,0.2797118804601302,28.452533507170287
A3192,lenstool_best,0.6,1.0,-0.5,0.25,0.0,2.0,tidal,H,T023_tensor_axis_ratio_2.0,tensor_axis_ratio,2.0,0.022530327869375318,0.923199410462155,0.2845903346964025,28.98945560777703
A3192,lenstool_best,0.6,1.0,-0.5,0.25,0.0,3.0,tidal,H,T024_tensor_axis_ratio_3.0,tensor_axis_ratio,3.0,0.025782856621598294,0.9214138764424787,0.29088709732643125,29.42188184244189
A3192,lenstool_best,0.6,1.0,-0.5,0.25,0.0,1.5,radial,H,T025_tensor_orientation_radial,tensor_orientation,radial,0.019515043034377077,0.9296639829086127,0.27369567728030475,28.19334583279934
A3192,lenstool_best,0.6,1.0,-0.5,0.25,0.0,1.5,external,H,T026_tensor_orientation_external,tensor_orientation,external,0.02052215864109028,0.925571199030486,0.2797809287815989,28.584719798194595
A3192,lenstool_best,0.6,1.0,-0.5,0.25,0.0,1.5,tidal,none,T027_shape_gate_none,shape_gate,none,0.026718434518506716,0.885923486688469,0.3500043614163585,32.19838456103911
A3192,lenstool_best,0.6,1.0,-0.5,0.25,0.0,1.5,tidal,sqrt_H,T028_shape_gate_sqrt_H,shape_gate,sqrt_H,0.023220579312482843,0.907818184899381,0.31110625436973405,30.21525702071478
A3192,lenstool_best,0.6,1.0,-0.5,0.25,0.0,1.5,tidal,H2,T029_shape_gate_H2,shape_gate,H2,0.018798420543918178,0.9451479417399282,0.24553806859710678,26.060098356048044
A3192,lenstool_best,,,,,,,,,LOCAL75,control,LOCAL75,0.026729836527246226,0.9566190145082455,0.30051012755377904,19.759648236316437
A3192,lenstool_best,,,,,,,,,CENTRAL100,control,CENTRAL100,0.06894585581818333,0.7697875226411824,0.5122935364404404,31.095492023668744
A3192,lenstool_best,,,,,,,,,C0351,control,C0351,0.02170687807811863,0.9328133320463726,0.2808062344613903,24.694175986751723
A3192,lenstool_best,,,,,,,,,W060,control,W060,0.020062465384760184,0.9393543378569471,0.25342843165759504,24.55258112288522
A3192,glafic_best,0.6,1.0,-0.5,0.25,0.0,1.5,tidal,H,T000_BASE,baseline,base,0.017778511731100247,0.9390485775163226,0.2554806410776034,13.551900853564867
A3192,glafic_best,0.3,1.0,-0.5,0.25,0.0,1.5,tidal,H,T001_fraction_max_0.3,fraction_max,0.3,0.01724902327225295,0.9589558204596393,0.22426407430512796,8.859463449228736
A3192,glafic_best,0.45,1.0,-0.5,0.25,0.0,1.5,tidal,H,T002_fraction_max_0.45,fraction_max,0.45,0.016922090274802508,0.9526622674389265,0.23182231667307085,11.129567152787825
A3192,glafic_best,0.75,1.0,-0.5,0.25,0.0,1.5,tidal,H,T003_fraction_max_0.75,fraction_max,0.75,0.020037235524110006,0.9190610057552923,0.2933136140715002,16.117452639406675
A3192,glafic_best,1.0,1.0,-0.5,0.25,0.0,1.5,tidal,H,T004_fraction_max_1.0,fraction_max,1.0,0.02791735579945491,0.8750189127086923,0.380571485717202,20.71333310818527
A3192,glafic_best,0.6,0.5,-0.5,0.25,0.0,1.5,tidal,H,T005_length_over_R80_0.5,length_over_R80,0.5,0.025566356598874657,0.9144355598545605,0.30047413525643296,14.801017237681739
A3192,glafic_best,0.6,0.75,-0.5,0.25,0.0,1.5,tidal,H,T006_length_over_R80_0.75,length_over_R80,0.75,0.018422604377251055,0.9387058931939187,0.255652835888983,13.053204991031546
A3192,glafic_best,0.6,1.25,-0.5,0.25,0.0,1.5,tidal,H,T007_length_over_R80_1.25,length_over_R80,1.25,0.02456160398135535,0.9147877478893205,0.30423616481995785,20.194777195942155
A3192,glafic_best,0.6,1.5,-0.5,0.25,0.0,1.5,tidal,H,T008_length_over_R80_1.5,length_over_R80,1.5,0.031489611477383356,0.8899560881031232,0.3488917955168582,20.901482785910318
A3192,glafic_best,0.6,1.0,-1.0,0.25,0.0,1.5,tidal,H,T009_radius_exponent_-1.0,radius_exponent,-1.0,0.022697410811819217,0.9221668533592438,0.2888816201233084,23.131348248804045
A3192,glafic_best,0.6,1.0,-0.75,0.25,0.0,1.5,tidal,H,T010_radius_exponent_-0.75,radius_exponent,-0.75,0.01921018276951169,0.9337535999783851,0.26643835489991535,20.346161074781477
A3192,glafic_best,0.6,1.0,-0.25,0.25,0.0,1.5,tidal,H,T011_radius_exponent_-0.25,radius_exponent,-0.25,0.020472510571887474,0.9415668348962443,0.2504995073767079,14.438336257459927
A3192,glafic_best,0.6,1.0,0.0,0.25,0.0,1.5,tidal,H,T012_radius_exponent_0.0,radius_exponent,0.0,0.021236496790221982,0.9290657446916252,0.2745085906092348,15.424202238851581
A3192,glafic_best,0.6,1.0,-0.5,0.1,0.0,1.5,tidal,H,T013_width_over_R80_0.1,width_over_R80,0.1,0.0403916204014393,0.801448305780241,0.557209932443921,11.74227070132421
A3192,glafic_best,0.6,1.0,-0.5,0.175,0.0,1.5,tidal,H,T014_width_over_R80_0.175,width_over_R80,0.175,0.02357528333660089,0.9038513337898676,0.3323259176872006,13.003841187580585
A3192,glafic_best,0.6,1.0,-0.5,0.35,0.0,1.5,tidal,H,T015_width_over_R80_0.35,width_over_R80,0.35,0.01845965073345177,0.9548679711708812,0.2493000376787721,13.974774050907651
A3192,glafic_best,0.6,1.0,-0.5,0.5,0.0,1.5,tidal,H,T016_width_over_R80_0.5,width_over_R80,0.5,0.02603085296759624,0.9598612385394247,0.2883385745842389,13.240520251301932
A3192,glafic_best,0.6,1.0,-0.5,0.25,0.25,1.5,tidal,H,T017_external_direction_mix_0.25,external_direction_mix,0.25,0.01427518275442209,0.9560398632944326,0.22399461260847164,10.231819120847373
A3192,glafic_best,0.6,1.0,-0.5,0.25,0.5,1.5,tidal,H,T018_external_direction_mix_0.5,external_direction_mix,0.5,0.01745306233532989,0.9678401374535367,0.22074100378655204,4.695090308076093
A3192,glafic_best,0.6,1.0,-0.5,0.25,0.75,1.5,tidal,H,T019_external_direction_mix_0.75,external_direction_mix,0.75,0.02068657588794624,0.9586881050004977,0.2415828919433375,5.608258240073596
A3192,glafic_best,0.6,1.0,-0.5,0.25,1.0,1.5,tidal,H,T020_external_direction_mix_1.0,external_direction_mix,1.0,0.025341915092084357,0.9509109144313291,0.260836101237786,6.598249460453384
A3192,glafic_best,0.6,1.0,-0.5,0.25,0.0,1.0,tidal,H,T021_tensor_axis_ratio_1.0,tensor_axis_ratio,1.0,0.01834006044859646,0.936706152598752,0.2594471746207395,13.008481895387154
A3192,glafic_best,0.6,1.0,-0.5,0.25,0.0,1.25,tidal,H,T022_tensor_axis_ratio_1.25,tensor_axis_ratio,1.25,0.018210738489942625,0.9372421481875999,0.25854358927591237,13.534685043444941
A3192,glafic_best,0.6,1.0,-0.5,0.25,0.0,2.0,tidal,H,T023_tensor_axis_ratio_2.0,tensor_axis_ratio,2.0,0.01792920100848118,0.9401779908747961,0.2551212375236326,13.91529666383102
A3192,glafic_best,0.6,1.0,-0.5,0.25,0.0,3.0,tidal,H,T024_tensor_axis_ratio_3.0,tensor_axis_ratio,3.0,0.019137923837444313,0.9400401169874321,0.2610359625666804,14.13607693757583
A3192,glafic_best,0.6,1.0,-0.5,0.25,0.0,1.5,radial,H,T025_tensor_orientation_radial,tensor_orientation,radial,0.02022541901185807,0.927762868636933,0.2777099060114697,13.2432594095181
A3192,glafic_best,0.6,1.0,-0.5,0.25,0.0,1.5,external,H,T026_tensor_orientation_external,tensor_orientation,external,0.02037274419732859,0.9270970973977423,0.27776057082863315,13.91732170615862
A3192,glafic_best,0.6,1.0,-0.5,0.25,0.0,1.5,tidal,none,T027_shape_gate_none,shape_gate,none,0.021443624967668717,0.9092905537659869,0.31230574002407974,17.2122730917162
A3192,glafic_best,0.6,1.0,-0.5,0.25,0.0,1.5,tidal,sqrt_H,T028_shape_gate_sqrt_H,shape_gate,sqrt_H,0.019074652691973785,0.926662785027688,0.2787201424929136,15.208952832749254
A3192,glafic_best,0.6,1.0,-0.5,0.25,0.0,1.5,tidal,H2,T029_shape_gate_H2,shape_gate,H2,0.01691306946938452,0.9530875451160267,0.23116148923581084,11.029003903662177
A3192,glafic_best,,,,,,,,,LOCAL75,control,LOCAL75,0.027423499629101546,0.9348782828392653,0.32902621817585737,4.389757703231831
A3192,glafic_best,,,,,,,,,CENTRAL100,control,CENTRAL100,0.055561265052893424,0.7851721726691568,0.49449391458284403,15.72845637039757
A3192,glafic_best,,,,,,,,,C0351,control,C0351,0.02160797635795441,0.9252837064306711,0.29507842968891745,14.205432594651635
A3192,glafic_best,,,,,,,,,W060,control,W060,0.01977200835120166,0.9314018824905786,0.26977713684667304,14.065160941408694
ACT-CL J0102-4915,lenstool_best,0.6,1.0,-0.5,0.25,0.0,1.5,tidal,H,T000_BASE,baseline,base,0.08957575508049487,0.7840360548693264,0.5031700290017462,25.57481616949032
ACT-CL J0102-4915,lenstool_best,0.3,1.0,-0.5,0.25,0.0,1.5,tidal,H,T001_fraction_max_0.3,fraction_max,0.3,0.11963080275172984,0.5648910451708283,0.6329590409769498,35.88746577409524
ACT-CL J0102-4915,lenstool_best,0.45,1.0,-0.5,0.25,0.0,1.5,tidal,H,T002_fraction_max_0.45,fraction_max,0.45,0.102899797908407,0.7100386003346036,0.5634606024084663,30.55035975281802
ACT-CL J0102-4915,lenstool_best,0.75,1.0,-0.5,0.25,0.0,1.5,tidal,H,T003_fraction_max_0.75,fraction_max,0.75,0.07930165012529261,0.8194801885828978,0.4545618044009837,21.114364482373098
ACT-CL J0102-4915,lenstool_best,1.0,1.0,-0.5,0.25,0.0,1.5,tidal,H,T004_fraction_max_1.0,fraction_max,1.0,0.06890814453083563,0.8415862599178581,0.4071097501356445,15.66935081037105
ACT-CL J0102-4915,lenstool_best,0.6,0.5,-0.5,0.25,0.0,1.5,tidal,H,T005_length_over_R80_0.5,length_over_R80,0.5,0.08585390551237979,0.7714079905328033,0.49350345869387285,33.36828114624736
ACT-CL J0102-4915,lenstool_best,0.6,0.75,-0.5,0.25,0.0,1.5,tidal,H,T006_length_over_R80_0.75,length_over_R80,0.75,0.08403056914735878,0.7595355013452141,0.5039374029007393,29.788290703382508
ACT-CL J0102-4915,lenstool_best,0.6,1.25,-0.5,0.25,0.0,1.5,tidal,H,T007_length_over_R80_1.25,length_over_R80,1.25,0.1020436344063184,0.6862394410951138,0.5716797318171271,35.552812927440314
ACT-CL J0102-4915,lenstool_best,0.6,1.5,-0.5,0.25,0.0,1.5,tidal,H,T008_length_over_R80_1.5,length_over_R80,1.5,0.1351176175723745,0.30518468328765413,0.7164104395145346,43.258002478603
ACT-CL J0102-4915,lenstool_best,0.6,1.0,-1.0,0.25,0.0,1.5,tidal,H,T009_radius_exponent_-1.0,radius_exponent,-1.0,0.08796806171105234,0.7835242762745687,0.48519699138593064,39.25722462106024
ACT-CL J0102-4915,lenstool_best,0.6,1.0,-0.75,0.25,0.0,1.5,tidal,H,T010_radius_exponent_-0.75,radius_exponent,-0.75,0.09059428676615786,0.7760659879329298,0.5008992958086997,30.757703500093303
ACT-CL J0102-4915,lenstool_best,0.6,1.0,-0.25,0.25,0.0,1.5,tidal,H,T011_radius_exponent_-0.25,radius_exponent,-0.25,0.0845544033416776,0.7884311077539903,0.4903000176559342,28.352061272859153
ACT-CL J0102-4915,lenstool_best,0.6,1.0,0.0,0.25,0.0,1.5,tidal,H,T012_radius_exponent_0.0,radius_exponent,0.0,0.07801224096892288,0.8022893575677009,0.4597141051116385,31.163787603009013
ACT-CL J0102-4915,lenstool_best,0.6,1.0,-0.5,0.1,0.0,1.5,tidal,H,T013_width_over_R80_0.1,width_over_R80,0.1,0.11776805052285064,0.6358394166604672,0.6994845233093054,21.57695889499001
ACT-CL J0102-4915,lenstool_best,0.6,1.0,-0.5,0.175,0.0,1.5,tidal,H,T014_width_over_R80_0.175,width_over_R80,0.175,0.09067746998639578,0.7643649171120366,0.48438666782864354,23.552132703251758
ACT-CL J0102-4915,lenstool_best,0.6,1.0,-0.5,0.35,0.0,1.5,tidal,H,T015_width_over_R80_0.35,width_over_R80,0.35,0.1028564259086302,0.6981496415338257,0.5845190542965134,28.208303541657905
ACT-CL J0102-4915,lenstool_best,0.6,1.0,-0.5,0.5,0.0,1.5,tidal,H,T016_width_over_R80_0.5,width_over_R80,0.5,0.12168556925392,0.5253275889575981,0.6615615589934954,30.607937995306077
ACT-CL J0102-4915,lenstool_best,0.6,1.0,-0.5,0.25,0.25,1.5,tidal,H,T017_external_direction_mix_0.25,external_direction_mix,0.25,0.09866813168897667,0.736971756993695,0.5385232064470492,29.373109512111615
ACT-CL J0102-4915,lenstool_best,0.6,1.0,-0.5,0.25,0.5,1.5,tidal,H,T018_external_direction_mix_0.5,external_direction_mix,0.5,0.10469000408265738,0.6858865388315336,0.5815427699367716,28.943200859903328
ACT-CL J0102-4915,lenstool_best,0.6,1.0,-0.5,0.25,0.75,1.5,tidal,H,T019_external_direction_mix_0.75,external_direction_mix,0.75,0.11548983397265841,0.6008600321150432,0.6156050678987521,30.479242982293947
ACT-CL J0102-4915,lenstool_best,0.6,1.0,-0.5,0.25,1.0,1.5,tidal,H,T020_external_direction_mix_1.0,external_direction_mix,1.0,0.12198458793686813,0.550510920143906,0.6358019212836151,32.26146063051969
ACT-CL J0102-4915,lenstool_best,0.6,1.0,-0.5,0.25,0.0,1.0,tidal,H,T021_tensor_axis_ratio_1.0,tensor_axis_ratio,1.0,0.08546700921116544,0.7951748594598939,0.48969310055513754,26.183436557773774
ACT-CL J0102-4915,lenstool_best,0.6,1.0,-0.5,0.25,0.0,1.25,tidal,H,T022_tensor_axis_ratio_1.25,tensor_axis_ratio,1.25,0.08736595057089996,0.7897864369235983,0.4962616113699828,26.045478014608964
ACT-CL J0102-4915,lenstool_best,0.6,1.0,-0.5,0.25,0.0,2.0,tidal,H,T023_tensor_axis_ratio_2.0,tensor_axis_ratio,2.0,0.0947597508020816,0.7638699343481383,0.5227685775333656,25.559810614711527
ACT-CL J0102-4915,lenstool_best,0.6,1.0,-0.5,0.25,0.0,3.0,tidal,H,T024_tensor_axis_ratio_3.0,tensor_axis_ratio,3.0,0.10215677330782871,0.7298945165783691,0.5486663134076537,25.597382094856137
ACT-CL J0102-4915,lenstool_best,0.6,1.0,-0.5,0.25,0.0,1.5,radial,H,T025_tensor_orientation_radial,tensor_orientation,radial,0.08542050591818834,0.7847602327403002,0.4903820072107134,27.687762849504058
ACT-CL J0102-4915,lenstool_best,0.6,1.0,-0.5,0.25,0.0,1.5,external,H,T026_tensor_orientation_external,tensor_orientation,external,0.0864506490610583,0.7894904946102517,0.4936040121335459,26.27071857471933
ACT-CL J0102-4915,lenstool_best,0.6,1.0,-0.5,0.25,0.0,1.5,tidal,none,T027_shape_gate_none,shape_gate,none,0.08337699805211193,0.8073424483374609,0.47394619418850503,22.963723499430834
ACT-CL J0102-4915,lenstool_best,0.6,1.0,-0.5,0.25,0.0,1.5,tidal,sqrt_H,T028_shape_gate_sqrt_H,shape_gate,sqrt_H,0.08645919782229837,0.7965343970153158,0.488541790911638,24.289758252352172
ACT-CL J0102-4915,lenstool_best,0.6,1.0,-0.5,0.25,0.0,1.5,tidal,H2,T029_shape_gate_H2,shape_gate,H2,0.09580631801208603,0.7538216576085264,0.5318656747281734,27.997004552788773
ACT-CL J0102-4915,lenstool_best,,,,,,,,,LOCAL75,control,LOCAL75,0.16192619310958895,0.07939305855443293,0.776685595412517,47.047863445004594
ACT-CL J0102-4915,lenstool_best,,,,,,,,,CENTRAL100,control,CENTRAL100,0.07756588178524183,0.81502970268001,0.45908604908973716,48.69772710172667
ACT-CL J0102-4915,lenstool_best,,,,,,,,,C0351,control,C0351,0.08801596360825967,0.7453571362948106,0.5013194614407934,34.94631552620801
ACT-CL J0102-4915,lenstool_best,,,,,,,,,W060,control,W060,0.08813810804694495,0.748106901877405,0.5035849317930327,34.77300204427345
ACT-CL J0102-4915,glafic_best,0.6,1.0,-0.5,0.25,0.0,1.5,tidal,H,T000_BASE,baseline,base,0.1002424511833432,0.7317342458984153,0.536137401848111,50.294188790328825
ACT-CL J0102-4915,glafic_best,0.3,1.0,-0.5,0.25,0.0,1.5,tidal,H,T001_fraction_max_0.3,fraction_max,0.3,0.13343156724200236,0.4721219531179394,0.6669095825068542,61.939254587821
ACT-CL J0102-4915,glafic_best,0.45,1.0,-0.5,0.25,0.0,1.5,tidal,H,T002_fraction_max_0.45,fraction_max,0.45,0.11520426948007007,0.6390388885794437,0.5972557299275789,56.05216288405586
ACT-CL J0102-4915,glafic_best,0.75,1.0,-0.5,0.25,0.0,1.5,tidal,H,T003_fraction_max_0.75,fraction_max,0.75,0.0881549617013595,0.7815006069911102,0.4856688925383141,44.664386616095555
ACT-CL J0102-4915,glafic_best,1.0,1.0,-0.5,0.25,0.0,1.5,tidal,H,T004_fraction_max_1.0,fraction_max,1.0,0.07420155929733188,0.8199724504273764,0.43188871531423073,35.56897688843307
ACT-CL J0102-4915,glafic_best,0.6,0.5,-0.5,0.25,0.0,1.5,tidal,H,T005_length_over_R80_0.5,length_over_R80,0.5,0.1030490185270899,0.6909962023475898,0.5485844949902509,59.93003226304587
ACT-CL J0102-4915,glafic_best,0.6,0.75,-0.5,0.25,0.0,1.5,tidal,H,T006_length_over_R80_0.75,length_over_R80,0.75,0.1006600002227309,0.691464256531029,0.54957949103541,55.97088114849338
ACT-CL J0102-4915,glafic_best,0.6,1.25,-0.5,0.25,0.0,1.5,tidal,H,T007_length_over_R80_1.25,length_over_R80,1.25,0.11628447914499072,0.585975600090182,0.6180025685515397,59.89530369952022
ACT-CL J0102-4915,glafic_best,0.6,1.5,-0.5,0.25,0.0,1.5,tidal,H,T008_length_over_R80_1.5,length_over_R80,1.5,0.15530679373557277,0.14651260146621933,0.7640121472175863,69.71140550114926
ACT-CL J0102-4915,glafic_best,0.6,1.0,-1.0,0.25,0.0,1.5,tidal,H,T009_radius_exponent_-1.0,radius_exponent,-1.0,0.10452264225050033,0.7040966618866255,0.540467084173892,63.716988935666095
ACT-CL J0102-4915,glafic_best,0.6,1.0,-0.75,0.25,0.0,1.5,tidal,H,T010_radius_exponent_-0.75,radius_exponent,-0.75,0.10190117064340187,0.7158069327735651,0.5399954194603992,54.15101985660791
ACT-CL J0102-4915,glafic_best,0.6,1.0,-0.25,0.25,0.0,1.5,tidal,H,T011_radius_exponent_-0.25,radius_exponent,-0.25,0.09821556412574803,0.7296518744675381,0.5299362064579274,54.27312971534448
ACT-CL J0102-4915,glafic_best,0.6,1.0,0.0,0.25,0.0,1.5,tidal,H,T012_radius_exponent_0.0,radius_exponent,0.0,0.09459835877730503,0.7354842515050629,0.5134338105220647,57.61994126239919
ACT-CL J0102-4915,glafic_best,0.6,1.0,-0.5,0.1,0.0,1.5,tidal,H,T013_width_over_R80_0.1,width_over_R80,0.1,0.12112618687763667,0.6750550847734222,0.6603823473059299,47.232516692101214
ACT-CL J0102-4915,glafic_best,0.6,1.0,-0.5,0.175,0.0,1.5,tidal,H,T014_width_over_R80_0.175,width_over_R80,0.175,0.09808621751243579,0.752245460671851,0.4965204432309174,48.407652345325985
ACT-CL J0102-4915,glafic_best,0.6,1.0,-0.5,0.35,0.0,1.5,tidal,H,T015_width_over_R80_0.35,width_over_R80,0.35,0.11524873484954518,0.6137829924103761,0.6183312739136498,53.05927409185716
ACT-CL J0102-4915,glafic_best,0.6,1.0,-0.5,0.5,0.0,1.5,tidal,H,T016_width_over_R80_0.5,width_over_R80,0.5,0.13378167963116638,0.4213831652091771,0.6897956275997124,55.66296754861078
ACT-CL J0102-4915,glafic_best,0.6,1.0,-0.5,0.25,0.25,1.5,tidal,H,T017_external_direction_mix_0.25,external_direction_mix,0.25,0.10878770169313595,0.680780947992632,0.56967061886374,54.49685726343121
ACT-CL J0102-4915,glafic_best,0.6,1.0,-0.5,0.25,0.5,1.5,tidal,H,T018_external_direction_mix_0.5,external_direction_mix,0.5,0.11322352209189354,0.6328593683044225,0.6055221744787098,53.61366475145934
ACT-CL J0102-4915,glafic_best,0.6,1.0,-0.5,0.25,0.75,1.5,tidal,H,T019_external_direction_mix_0.75,external_direction_mix,0.75,0.1272567176483983,0.5242125594001726,0.6467217212220444,56.556224988917464
ACT-CL J0102-4915,glafic_best,0.6,1.0,-0.5,0.25,1.0,1.5,tidal,H,T020_external_direction_mix_1.0,external_direction_mix,1.0,0.13633158455610922,0.45781335043858506,0.6707517895960907,59.339368728628244
ACT-CL J0102-4915,glafic_best,0.6,1.0,-0.5,0.25,0.0,1.0,tidal,H,T021_tensor_axis_ratio_1.0,tensor_axis_ratio,1.0,0.09672699271307753,0.7407889338787649,0.5259707834818982,51.310702512746204
ACT-CL J0102-4915,glafic_best,0.6,1.0,-0.5,0.25,0.0,1.25,tidal,H,T022_tensor_axis_ratio_1.25,tensor_axis_ratio,1.25,0.09837487397114392,0.7360825684218317,0.5310897209941452,50.84601301760716
ACT-CL J0102-4915,glafic_best,0.6,1.0,-0.5,0.25,0.0,2.0,tidal,H,T023_tensor_axis_ratio_2.0,tensor_axis_ratio,2.0,0.10509788493502141,0.7126625714373611,0.5525851746278762,50.070583682334444
ACT-CL J0102-4915,glafic_best,0.6,1.0,-0.5,0.25,0.0,3.0,tidal,H,T024_tensor_axis_ratio_3.0,tensor_axis_ratio,3.0,0.11205635723596385,0.6826757083529044,0.5738502697270258,49.88642012283777
ACT-CL J0102-4915,glafic_best,0.6,1.0,-0.5,0.25,0.0,1.5,radial,H,T025_tensor_orientation_radial,tensor_orientation,radial,0.0970108614327579,0.7323088824169806,0.5266704205812573,52.91650404913529
ACT-CL J0102-4915,glafic_best,0.6,1.0,-0.5,0.25,0.0,1.5,external,H,T026_tensor_orientation_external,tensor_orientation,external,0.09723691788949831,0.738390311375802,0.5276186191523691,51.02634872376782
ACT-CL J0102-4915,glafic_best,0.6,1.0,-0.5,0.25,0.0,1.5,tidal,none,T027_shape_gate_none,shape_gate,none,0.0930379282477991,0.7636787989743329,0.506009203309322,47.080563353369094
ACT-CL J0102-4915,glafic_best,0.6,1.0,-0.5,0.25,0.0,1.5,tidal,sqrt_H,T028_shape_gate_sqrt_H,shape_gate,sqrt_H,0.09664720753814385,0.7485825151338773,0.5211180819197027,48.73554006536507
ACT-CL J0102-4915,glafic_best,0.6,1.0,-0.5,0.25,0.0,1.5,tidal,H2,T029_shape_gate_H2,shape_gate,H2,0.10730717183599764,0.6927716719865195,0.5653494331242718,53.14213823019021
ACT-CL J0102-4915,glafic_best,,,,,,,,,LOCAL75,control,LOCAL75,0.17848741166924925,-0.04608664117089743,0.8107223227318133,73.7599279870359
ACT-CL J0102-4915,glafic_best,,,,,,,,,CENTRAL100,control,CENTRAL100,0.11448974561223736,0.7065088663511775,0.5778728405936675,75.90740827672938
ACT-CL J0102-4915,glafic_best,,,,,,,,,C0351,control,C0351,0.10511691447597184,0.6730223090608528,0.5571300010243423,61.33516007172959
ACT-CL J0102-4915,glafic_best,,,,,,,,,W060,control,W060,0.10565054052675907,0.6697395237580672,0.5595333797073669,61.17834005146569
CL J0152.7-1357,lenstool_best,0.6,1.0,-0.5,0.25,0.0,1.5,tidal,H,T000_BASE,baseline,base,0.027680894648639223,0.89738292875428,0.3567267951963956,32.70908181952488
CL J0152.7-1357,lenstool_best,0.3,1.0,-0.5,0.25,0.0,1.5,tidal,H,T001_fraction_max_0.3,fraction_max,0.3,0.0322223671250378,0.8734646821170687,0.3839360911764706,34.97018018549407
CL J0152.7-1357,lenstool_best,0.45,1.0,-0.5,0.25,0.0,1.5,tidal,H,T002_fraction_max_0.45,fraction_max,0.45,0.029547367292104502,0.8874126555759209,0.3667313839538574,33.80393244889061
CL J0152.7-1357,lenstool_best,0.75,1.0,-0.5,0.25,0.0,1.5,tidal,H,T003_fraction_max_0.75,fraction_max,0.75,0.02667048857420548,0.9032407623781601,0.3553225582273418,31.706032021569154
CL J0152.7-1357,lenstool_best,1.0,1.0,-0.5,0.25,0.0,1.5,tidal,H,T004_fraction_max_1.0,fraction_max,1.0,0.027115641418090152,0.9040240908742136,0.37436634171876243,30.304126947159098
CL J0152.7-1357,lenstool_best,0.6,0.5,-0.5,0.25,0.0,1.5,tidal,H,T005_length_over_R80_0.5,length_over_R80,0.5,0.04293028745988351,0.8099333382084045,0.49424739547353014,53.840160351024615
CL J0152.7-1357,lenstool_best,0.6,0.75,-0.5,0.25,0.0,1.5,tidal,H,T006_length_over_R80_0.75,length_over_R80,0.75,0.0381619611188509,0.8541682263024453,0.4385012377370775,45.4620388284569
CL J0152.7-1357,lenstool_best,0.6,1.25,-0.5,0.25,0.0,1.5,tidal,H,T007_length_over_R80_1.25,length_over_R80,1.25,0.02439818109051161,0.9042825829327961,0.3261203143997325,24.45963221770039
CL J0152.7-1357,lenstool_best,0.6,1.5,-0.5,0.25,0.0,1.5,tidal,H,T008_length_over_R80_1.5,length_over_R80,1.5,0.028936906202259017,0.8941310756658123,0.3331400102762083,21.604575651501364
CL J0152.7-1357,lenstool_best,0.6,1.0,-1.0,0.25,0.0,1.5,tidal,H,T009_radius_exponent_-1.0,radius_exponent,-1.0,0.024928814219018273,0.8907945769586899,0.3422100185664086,25.20370542770474
CL J0152.7-1357,lenstool_best,0.6,1.0,-0.75,0.25,0.0,1.5,tidal,H,T010_radius_exponent_-0.75,radius_exponent,-0.75,0.024085609530676982,0.9010541772262073,0.33446891212550645,27.848483104279094
CL J0152.7-1357,lenstool_best,0.6,1.0,-0.25,0.25,0.0,1.5,tidal,H,T011_radius_exponent_-0.25,radius_exponent,-0.25,0.036591235856354876,0.8606371247100986,0.4304427501106206,43.763810601378445
CL J0152.7-1357,lenstool_best,0.6,1.0,0.0,0.25,0.0,1.5,tidal,H,T012_radius_exponent_0.0,radius_exponent,0.0,0.041227757222316475,0.8497525413139512,0.4643538262311781,50.183604062939196
CL J0152.7-1357,lenstool_best,0.6,1.0,-0.5,0.1,0.0,1.5,tidal,H,T013_width_over_R80_0.1,width_over_R80,0.1,0.05136902203893358,0.7718684571428881,0.6534066900717922,33.71770647660276
CL J0152.7-1357,lenstool_best,0.6,1.0,-0.5,0.175,0.0,1.5,tidal,H,T014_width_over_R80_0.175,width_over_R80,0.175,0.03425379707873147,0.875787594594316,0.42258845630894953,33.109970759811034
CL J0152.7-1357,lenstool_best,0.6,1.0,-0.5,0.35,0.0,1.5,tidal,H,T015_width_over_R80_0.35,width_over_R80,0.35,0.02552111849950189,0.8945707501133365,0.33603860663253193,33.030805933476366
CL J0152.7-1357,lenstool_best,0.6,1.0,-0.5,0.5,0.0,1.5,tidal,H,T016_width_over_R80_0.5,width_over_R80,0.5,0.028512243843990412,0.8788174753857797,0.3444953106361094,33.35276123609183
CL J0152.7-1357,lenstool_best,0.6,1.0,-0.5,0.25,0.25,1.5,tidal,H,T017_external_direction_mix_0.25,external_direction_mix,0.25,0.03046686870945833,0.8842672375729017,0.3609986860415853,34.9364439366028
CL J0152.7-1357,lenstool_best,0.6,1.0,-0.5,0.25,0.5,1.5,tidal,H,T018_external_direction_mix_0.5,external_direction_mix,0.5,0.039158680391895004,0.8695829001836337,0.3708879247388331,43.668663519825955
CL J0152.7-1357,lenstool_best,0.6,1.0,-0.5,0.25,0.75,1.5,tidal,H,T019_external_direction_mix_0.75,external_direction_mix,0.75,0.03182529405025223,0.8786454134860112,0.35715533255995985,42.80061551710204
CL J0152.7-1357,lenstool_best,0.6,1.0,-0.5,0.25,1.0,1.5,tidal,H,T020_external_direction_mix_1.0,external_direction_mix,1.0,0.03192860060419135,0.8730152103506579,0.3601141321334958,42.58006750825534
CL J0152.7-1357,lenstool_best,0.6,1.0,-0.5,0.25,0.0,1.0,tidal,H,T021_tensor_axis_ratio_1.0,tensor_axis_ratio,1.0,0.026686301693898976,0.9025029290881756,0.34045160021413823,32.185386386354374
CL J0152.7-1357,lenstool_best,0.6,1.0,-0.5,0.25,0.0,1.25,tidal,H,T022_tensor_axis_ratio_1.25,tensor_axis_ratio,1.25,0.02752220818477532,0.8990769022898926,0.35091578708825655,32.822720109600056
CL J0152.7-1357,lenstool_best,0.6,1.0,-0.5,0.25,0.0,2.0,tidal,H,T023_tensor_axis_ratio_2.0,tensor_axis_ratio,2.0,0.028253943053880383,0.8922939804772525,0.36616786159869896,32.857884776229426
CL J0152.7-1357,lenstool_best,0.6,1.0,-0.5,0.25,0.0,3.0,tidal,H,T024_tensor_axis_ratio_3.0,tensor_axis_ratio,3.0,0.030096180917262495,0.8805779789761429,0.38529324601813353,33.73401240577862
CL J0152.7-1357,lenstool_best,0.6,1.0,-0.5,0.25,0.0,1.5,radial,H,T025_tensor_orientation_radial,tensor_orientation,radial,0.028240688946048,0.8959741748625665,0.3609582346798741,32.57612115550786
CL J0152.7-1357,lenstool_best,0.6,1.0,-0.5,0.25,0.0,1.5,external,H,T026_tensor_orientation_external,tensor_orientation,external,0.027358497182660983,0.8971794640258285,0.3508783938186714,32.143149110220975
CL J0152.7-1357,lenstool_best,0.6,1.0,-0.5,0.25,0.0,1.5,tidal,none,T027_shape_gate_none,shape_gate,none,0.02758392753592693,0.90285751044684,0.3817069032874897,30.06546921329789
CL J0152.7-1357,lenstool_best,0.6,1.0,-0.5,0.25,0.0,1.5,tidal,sqrt_H,T028_shape_gate_sqrt_H,shape_gate,sqrt_H,0.026546054201522437,0.9041863249063311,0.356712065770415,31.430142962442886
CL J0152.7-1357,lenstool_best,0.6,1.0,-0.5,0.25,0.0,1.5,tidal,H2,T029_shape_gate_H2,shape_gate,H2,0.031388343694649504,0.8777841573373606,0.3784479726968274,34.63531067759562
CL J0152.7-1357,lenstool_best,,,,,,,,,LOCAL75,control,LOCAL75,0.0288934729331076,0.8890154842941987,0.3290084569629236,31.633063113181763
CL J0152.7-1357,lenstool_best,,,,,,,,,CENTRAL100,control,CENTRAL100,0.06410279973309263,0.7761299183799442,0.5216465357230492,49.14561487877256
CL J0152.7-1357,lenstool_best,,,,,,,,,C0351,control,C0351,0.04236859182882446,0.8581327368644321,0.4731219120284888,47.618360783554785
CL J0152.7-1357,lenstool_best,,,,,,,,,W060,control,W060,0.03197584905352763,0.8750552424639275,0.38687404900314587,46.04238917883855
CL J0152.7-1357,glafic_best,0.6,1.0,-0.5,0.25,0.0,1.5,tidal,H,T000_BASE,baseline,base,0.0341258426966677,0.8731450363797912,0.38226241587434945,43.813730671045185
CL J0152.7-1357,glafic_best,0.3,1.0,-0.5,0.25,0.0,1.5,tidal,H,T001_fraction_max_0.3,fraction_max,0.3,0.036968953938969526,0.8646896668283297,0.38850750248463184,46.36895482517994
CL J0152.7-1357,glafic_best,0.45,1.0,-0.5,0.25,0.0,1.5,tidal,H,T002_fraction_max_0.45,fraction_max,0.45,0.035154895944988086,0.8708859628809511,0.3818805356608477,45.075053903055164
CL J0152.7-1357,glafic_best,0.75,1.0,-0.5,0.25,0.0,1.5,tidal,H,T003_fraction_max_0.75,fraction_max,0.75,0.03393167397819503,0.8714369722285931,0.3903025027051756,42.59689995874766
CL J0152.7-1357,glafic_best,1.0,1.0,-0.5,0.25,0.0,1.5,tidal,H,T004_fraction_max_1.0,fraction_max,1.0,0.03569450008439597,0.8601924916535769,0.4212199232555155,40.707313150591574
CL J0152.7-1357,glafic_best,0.6,0.5,-0.5,0.25,0.0,1.5,tidal,H,T005_length_over_R80_0.5,length_over_R80,0.5,0.050996790842015235,0.7769485275390817,0.5193332587763695,65.32653646585948
CL J0152.7-1357,glafic_best,0.6,0.75,-0.5,0.25,0.0,1.5,tidal,H,T006_length_over_R80_0.75,length_over_R80,0.75,0.04430362945631557,0.8323362678526557,0.45216814416454504,56.79934750853149
CL J0152.7-1357,glafic_best,0.6,1.25,-0.5,0.25,0.0,1.5,tidal,H,T007_length_over_R80_1.25,length_over_R80,1.25,0.028016210258820454,0.8987282868915241,0.3308038270508479,35.08237318114246
CL J0152.7-1357,glafic_best,0.6,1.5,-0.5,0.25,0.0,1.5,tidal,H,T008_length_over_R80_1.5,length_over_R80,1.5,0.028664594498135167,0.9132925246761711,0.3026684657272937,31.898851953741424
CL J0152.7-1357,glafic_best,0.6,1.0,-1.0,0.25,0.0,1.5,tidal,H,T009_radius_exponent_-1.0,radius_exponent,-1.0,0.02943464224204137,0.8667028012903425,0.37624766922556896,35.76090459103177
CL J0152.7-1357,glafic_best,0.6,1.0,-0.75,0.25,0.0,1.5,tidal,H,T010_radius_exponent_-0.75,radius_exponent,-0.75,0.029767906339376843,0.876290973072292,0.3673273098705553,38.690118991973335
CL J0152.7-1357,glafic_best,0.6,1.0,-0.25,0.25,0.0,1.5,tidal,H,T011_radius_exponent_-0.25,radius_exponent,-0.25,0.042157928901136045,0.8435325672890973,0.4377872338448562,55.06987392787601
CL J0152.7-1357,glafic_best,0.6,1.0,0.0,0.25,0.0,1.5,tidal,H,T012_radius_exponent_0.0,radius_exponent,0.0,0.04887575718544931,0.8175718019261163,0.4865376541940299,61.61264608515273
CL J0152.7-1357,glafic_best,0.6,1.0,-0.5,0.1,0.0,1.5,tidal,H,T013_width_over_R80_0.1,width_over_R80,0.1,0.055156484241803916,0.7491526225877931,0.6464341041732344,44.834180505611876
CL J0152.7-1357,glafic_best,0.6,1.0,-0.5,0.175,0.0,1.5,tidal,H,T014_width_over_R80_0.175,width_over_R80,0.175,0.039479588813902594,0.85095694123313,0.43779886949803304,44.218514046639086
CL J0152.7-1357,glafic_best,0.6,1.0,-0.5,0.35,0.0,1.5,tidal,H,T015_width_over_R80_0.35,width_over_R80,0.35,0.0332001795292582,0.872575157691751,0.3677702198793482,44.12324035513506
CL J0152.7-1357,glafic_best,0.6,1.0,-0.5,0.5,0.0,1.5,tidal,H,T016_width_over_R80_0.5,width_over_R80,0.5,0.03699229409428181,0.8617541002944942,0.37604175821599434,44.507521111233984
CL J0152.7-1357,glafic_best,0.6,1.0,-0.5,0.25,0.25,1.5,tidal,H,T017_external_direction_mix_0.25,external_direction_mix,0.25,0.04159853484596139,0.8400918673960094,0.4176739163006447,45.82532590166885
CL J0152.7-1357,glafic_best,0.6,1.0,-0.5,0.25,0.5,1.5,tidal,H,T018_external_direction_mix_0.5,external_direction_mix,0.5,0.05197978612449679,0.8256595414427744,0.42820204312223464,54.9729661266541
CL J0152.7-1357,glafic_best,0.6,1.0,-0.5,0.25,0.75,1.5,tidal,H,T019_external_direction_mix_0.75,external_direction_mix,0.75,0.04403973820360717,0.8362593110979524,0.41464472584309586,54.423886179755584
CL J0152.7-1357,glafic_best,0.6,1.0,-0.5,0.25,1.0,1.5,tidal,H,T020_external_direction_mix_1.0,external_direction_mix,1.0,0.04394862318652838,0.8361241124201694,0.4117001019937785,54.251488755722484
CL J0152.7-1357,glafic_best,0.6,1.0,-0.5,0.25,0.0,1.0,tidal,H,T021_tensor_axis_ratio_1.0,tensor_axis_ratio,1.0,0.03493621623779647,0.8709704308680819,0.380339232773159,43.286800997202704
CL J0152.7-1357,glafic_best,0.6,1.0,-0.5,0.25,0.0,1.25,tidal,H,T022_tensor_axis_ratio_1.25,tensor_axis_ratio,1.25,0.03478956299862017,0.8720029481722372,0.38194612834467445,43.920368031825994
CL J0152.7-1357,glafic_best,0.6,1.0,-0.5,0.25,0.0,2.0,tidal,H,T023_tensor_axis_ratio_2.0,tensor_axis_ratio,2.0,0.03356707959051628,0.8735978999822865,0.3824711658129163,43.95834367103472
CL J0152.7-1357,glafic_best,0.6,1.0,-0.5,0.25,0.0,3.0,tidal,H,T024_tensor_axis_ratio_3.0,tensor_axis_ratio,3.0,0.03393784037853602,0.8683283613270283,0.3910543661649317,44.826466582578945
CL J0152.7-1357,glafic_best,0.6,1.0,-0.5,0.25,0.0,1.5,radial,H,T025_tensor_orientation_radial,tensor_orientation,radial,0.0343479643694861,0.8735144185409598,0.38301789423317784,43.66891447499989
CL J0152.7-1357,glafic_best,0.6,1.0,-0.5,0.25,0.0,1.5,external,H,T026_tensor_orientation_external,tensor_orientation,external,0.03599394578136067,0.8642271968348022,0.39127534415679033,43.22118019535753
CL J0152.7-1357,glafic_best,0.6,1.0,-0.5,0.25,0.0,1.5,tidal,none,T027_shape_gate_none,shape_gate,none,0.03642932752915349,0.8566539872952702,0.43028969973139175,40.34354228808786
CL J0152.7-1357,glafic_best,0.6,1.0,-0.5,0.25,0.0,1.5,tidal,sqrt_H,T028_shape_gate_sqrt_H,shape_gate,sqrt_H,0.034045043524680456,0.8701856040948583,0.3941988448277083,42.247281386859754
CL J0152.7-1357,glafic_best,0.6,1.0,-0.5,0.25,0.0,1.5,tidal,H2,T029_shape_gate_H2,shape_gate,H2,0.03638012149363,0.8668264423219382,0.38598107687864874,46.00159055082615
CL J0152.7-1357,glafic_best,,,,,,,,,LOCAL75,control,LOCAL75,0.04183331438342012,0.8400112729910152,0.40657039559664876,43.186682312950225
CL J0152.7-1357,glafic_best,,,,,,,,,CENTRAL100,control,CENTRAL100,0.11087414599496681,0.5866366997891611,0.6933920809468117,60.5962161765163
CL J0152.7-1357,glafic_best,,,,,,,,,C0351,control,C0351,0.049126569158098043,0.8284973125645564,0.48819096095719205,58.87015695977056
CL J0152.7-1357,glafic_best,,,,,,,,,W060,control,W060,0.044094337378204805,0.8228855488592747,0.44821838430815897,57.2895433767373
MACS J0035.4-2015,lenstool_best,0.6,1.0,-0.5,0.25,0.0,1.5,tidal,H,T000_BASE,baseline,base,0.05549241241383271,0.8673016325759252,0.3943219181771132,27.518977714420743
MACS J0035.4-2015,lenstool_best,0.3,1.0,-0.5,0.25,0.0,1.5,tidal,H,T001_fraction_max_0.3,fraction_max,0.3,0.07401457852076501,0.7726507922580375,0.4878118449859642,35.62080011672127
MACS J0035.4-2015,lenstool_best,0.45,1.0,-0.5,0.25,0.0,1.5,tidal,H,T002_fraction_max_0.45,fraction_max,0.45,0.0638018856765843,0.8322303184011348,0.4367553903719363,31.557386920577784
MACS J0035.4-2015,lenstool_best,0.75,1.0,-0.5,0.25,0.0,1.5,tidal,H,T003_fraction_max_0.75,fraction_max,0.75,0.04907447068046707,0.8826360070688485,0.3644447688099268,23.55996172749789
MACS J0035.4-2015,lenstool_best,1.0,1.0,-0.5,0.25,0.0,1.5,tidal,H,T004_fraction_max_1.0,fraction_max,1.0,0.04297259242640279,0.8802996754879786,0.35344443754629196,17.448956409275866
MACS J0035.4-2015,lenstool_best,0.6,0.5,-0.5,0.25,0.0,1.5,tidal,H,T005_length_over_R80_0.5,length_over_R80,0.5,0.07612092698408374,0.7654697090691897,0.4819692998218079,38.98324251485453
MACS J0035.4-2015,lenstool_best,0.6,0.75,-0.5,0.25,0.0,1.5,tidal,H,T006_length_over_R80_0.75,length_over_R80,0.75,0.05904503380602846,0.849606359721409,0.39297389460140636,31.836814292436628
MACS J0035.4-2015,lenstool_best,0.6,1.25,-0.5,0.25,0.0,1.5,tidal,H,T007_length_over_R80_1.25,length_over_R80,1.25,0.068738194311634,0.8184983222215341,0.4753272770223032,23.516985035702756
MACS J0035.4-2015,lenstool_best,0.6,1.5,-0.5,0.25,0.0,1.5,tidal,H,T008_length_over_R80_1.5,length_over_R80,1.5,0.0965451319233973,0.6308661783652049,0.5869927509880742,24.473644748845903
MACS J0035.4-2015,lenstool_best,0.6,1.0,-1.0,0.25,0.0,1.5,tidal,H,T009_radius_exponent_-1.0,radius_exponent,-1.0,0.06317446321847728,0.8368511615844839,0.44198877071312836,24.759106503232296
MACS J0035.4-2015,lenstool_best,0.6,1.0,-0.75,0.25,0.0,1.5,tidal,H,T010_radius_exponent_-0.75,radius_exponent,-0.75,0.05718286384306087,0.8637547829286624,0.41415179327160156,25.484099987629946
MACS J0035.4-2015,lenstool_best,0.6,1.0,-0.25,0.25,0.0,1.5,tidal,H,T011_radius_exponent_-0.25,radius_exponent,-0.25,0.0573759827469667,0.8637761854831331,0.3804418830939565,31.370066081425318
MACS J0035.4-2015,lenstool_best,0.6,1.0,0.0,0.25,0.0,1.5,tidal,H,T012_radius_exponent_0.0,radius_exponent,0.0,0.06651997519211197,0.8356114511148227,0.40960350668479234,38.116298694282136
MACS J0035.4-2015,lenstool_best,0.6,1.0,-0.5,0.1,0.0,1.5,tidal,H,T013_width_over_R80_0.1,width_over_R80,0.1,0.07284640631752158,0.7179446230041608,0.550411089499813,27.50810171653172
MACS J0035.4-2015,lenstool_best,0.6,1.0,-0.5,0.175,0.0,1.5,tidal,H,T014_width_over_R80_0.175,width_over_R80,0.175,0.05470524400775205,0.8554381251993278,0.39150294903812954,27.676281431963545
MACS J0035.4-2015,lenstool_best,0.6,1.0,-0.5,0.35,0.0,1.5,tidal,H,T015_width_over_R80_0.35,width_over_R80,0.35,0.06225754166643044,0.8367281027153634,0.43989249659962243,27.322356955472635
MACS J0035.4-2015,lenstool_best,0.6,1.0,-0.5,0.5,0.0,1.5,tidal,H,T016_width_over_R80_0.5,width_over_R80,0.5,0.07567567710110572,0.770887590053164,0.5070758112658091,27.307790036537348
MACS J0035.4-2015,lenstool_best,0.6,1.0,-0.5,0.25,0.25,1.5,tidal,H,T017_external_direction_mix_0.25,external_direction_mix,0.25,0.06527004366668485,0.8282813235017573,0.43546867840970077,27.72482655550379
MACS J0035.4-2015,lenstool_best,0.6,1.0,-0.5,0.25,0.5,1.5,tidal,H,T018_external_direction_mix_0.5,external_direction_mix,0.5,0.07893320270761221,0.7488926958341385,0.5036089474742509,30.090839251865432
MACS J0035.4-2015,lenstool_best,0.6,1.0,-0.5,0.25,0.75,1.5,tidal,H,T019_external_direction_mix_0.75,external_direction_mix,0.75,0.09567191575103492,0.6576323261231031,0.564174405421584,36.901292239819654
MACS J0035.4-2015,lenstool_best,0.6,1.0,-0.5,0.25,1.0,1.5,tidal,H,T020_external_direction_mix_1.0,external_direction_mix,1.0,0.10616210981921015,0.6086836845190461,0.5924760758729489,41.67825644397682
MACS J0035.4-2015,lenstool_best,0.6,1.0,-0.5,0.25,0.0,1.0,tidal,H,T021_tensor_axis_ratio_1.0,tensor_axis_ratio,1.0,0.05542418397747947,0.8648759739733761,0.39757202545180514,27.51706099607697
MACS J0035.4-2015,lenstool_best,0.6,1.0,-0.5,0.25,0.0,1.25,tidal,H,T022_tensor_axis_ratio_1.25,tensor_axis_ratio,1.25,0.05495508309151427,0.8685623316337394,0.3935094869747702,27.491286441034806
MACS J0035.4-2015,lenstool_best,0.6,1.0,-0.5,0.25,0.0,2.0,tidal,H,T023_tensor_axis_ratio_2.0,tensor_axis_ratio,2.0,0.05615165264083984,0.8668158361081384,0.3941690210069097,27.333143678540598
MACS J0035.4-2015,lenstool_best,0.6,1.0,-0.5,0.25,0.0,3.0,tidal,H,T024_tensor_axis_ratio_3.0,tensor_axis_ratio,3.0,0.05877225517791833,0.8540286419699515,0.40892819808251996,27.162295280160208
MACS J0035.4-2015,lenstool_best,0.6,1.0,-0.5,0.25,0.0,1.5,radial,H,T025_tensor_orientation_radial,tensor_orientation,radial,0.05583213302587339,0.8619155278227761,0.3957727735355737,27.535893499236842
MACS J0035.4-2015,lenstool_best,0.6,1.0,-0.5,0.25,0.0,1.5,external,H,T026_tensor_orientation_external,tensor_orientation,external,0.05568258072584069,0.8680262366690232,0.3951174749991036,27.309520163586196
MACS J0035.4-2015,lenstool_best,0.6,1.0,-0.5,0.25,0.0,1.5,tidal,none,T027_shape_gate_none,shape_gate,none,0.04801735492132124,0.8838764845731947,0.3603283264814462,22.779202957565104
MACS J0035.4-2015,lenstool_best,0.6,1.0,-0.5,0.25,0.0,1.5,tidal,sqrt_H,T028_shape_gate_sqrt_H,shape_gate,sqrt_H,0.051652487407008424,0.8779526890679488,0.3757245173242661,25.28167050209941
MACS J0035.4-2015,lenstool_best,0.6,1.0,-0.5,0.25,0.0,1.5,tidal,H2,T029_shape_gate_H2,shape_gate,H2,0.063104467193346,0.8357137696432386,0.4331838018933819,31.249122987105334
MACS J0035.4-2015,lenstool_best,,,,,,,,,LOCAL75,control,LOCAL75,0.09407847219807013,0.6294105866875045,0.5862062981439237,41.6247806243489
MACS J0035.4-2015,lenstool_best,,,,,,,,,CENTRAL100,control,CENTRAL100,0.07806215840975034,0.7627535949904105,0.5218869907938589,43.810401072120214
MACS J0035.4-2015,lenstool_best,,,,,,,,,C0351,control,C0351,0.06259527221937429,0.848396628890216,0.40142759149291346,31.66135613152217
MACS J0035.4-2015,lenstool_best,,,,,,,,,W060,control,W060,0.05920516506089696,0.8473119081597419,0.395698797364405,31.20454876347025
MACS J0035.4-2015,glafic_best,0.6,1.0,-0.5,0.25,0.0,1.5,tidal,H,T000_BASE,baseline,base,0.05100668882138685,0.8769618364863916,0.4240728601782528,27.629581114818063
MACS J0035.4-2015,glafic_best,0.3,1.0,-0.5,0.25,0.0,1.5,tidal,H,T001_fraction_max_0.3,fraction_max,0.3,0.06966717881344671,0.7846305000155945,0.5152142935046443,34.64950819363127
MACS J0035.4-2015,glafic_best,0.45,1.0,-0.5,0.25,0.0,1.5,tidal,H,T002_fraction_max_0.45,fraction_max,0.45,0.0593805122681193,0.8431228332033759,0.4662629321526554,31.055918066782624
MACS J0035.4-2015,glafic_best,0.75,1.0,-0.5,0.25,0.0,1.5,tidal,H,T003_fraction_max_0.75,fraction_max,0.75,0.044563969748815394,0.8910486589937979,0.39157987602735533,24.48122867471458
MACS J0035.4-2015,glafic_best,1.0,1.0,-0.5,0.25,0.0,1.5,tidal,H,T004_fraction_max_1.0,fraction_max,1.0,0.03864167168155448,0.8868148311786255,0.36798738478555143,20.343063854956362
MACS J0035.4-2015,glafic_best,0.6,0.5,-0.5,0.25,0.0,1.5,tidal,H,T005_length_over_R80_0.5,length_over_R80,0.5,0.06605628008339878,0.7873826174542204,0.4803848444063344,39.26450477447203
MACS J0035.4-2015,glafic_best,0.6,0.75,-0.5,0.25,0.0,1.5,tidal,H,T006_length_over_R80_0.75,length_over_R80,0.75,0.04942655293998824,0.8697821660365138,0.3941598121343874,31.682362261122595
MACS J0035.4-2015,glafic_best,0.6,1.25,-0.5,0.25,0.0,1.5,tidal,H,T007_length_over_R80_1.25,length_over_R80,1.25,0.06657009777804061,0.8256625326171136,0.5116475096500385,23.01370138901322
MACS J0035.4-2015,glafic_best,0.6,1.5,-0.5,0.25,0.0,1.5,tidal,H,T008_length_over_R80_1.5,length_over_R80,1.5,0.09341187784836515,0.6472367598100286,0.6136129694462211,22.73333404998512
MACS J0035.4-2015,glafic_best,0.6,1.0,-1.0,0.25,0.0,1.5,tidal,H,T009_radius_exponent_-1.0,radius_exponent,-1.0,0.0581456997798588,0.8465727650564309,0.4747041096394579,23.32822944525855
MACS J0035.4-2015,glafic_best,0.6,1.0,-0.75,0.25,0.0,1.5,tidal,H,T010_radius_exponent_-0.75,radius_exponent,-0.75,0.054170940543654345,0.8711900030502613,0.44929624302245064,25.150763153084075
MACS J0035.4-2015,glafic_best,0.6,1.0,-0.25,0.25,0.0,1.5,tidal,H,T011_radius_exponent_-0.25,radius_exponent,-0.25,0.0491594783645008,0.8830744567681879,0.3908205387165082,31.39222756367529
MACS J0035.4-2015,glafic_best,0.6,1.0,0.0,0.25,0.0,1.5,tidal,H,T012_radius_exponent_0.0,radius_exponent,0.0,0.055918009751382274,0.8627715014760569,0.39905599969798283,38.51484766970009
MACS J0035.4-2015,glafic_best,0.6,1.0,-0.5,0.1,0.0,1.5,tidal,H,T013_width_over_R80_0.1,width_over_R80,0.1,0.06760763787862438,0.7171578942910186,0.5551967902504581,27.757948542020095
MACS J0035.4-2015,glafic_best,0.6,1.0,-0.5,0.175,0.0,1.5,tidal,H,T014_width_over_R80_0.175,width_over_R80,0.175,0.04991493866804491,0.8625771354374433,0.4156958843087456,27.880632898813275
MACS J0035.4-2015,glafic_best,0.6,1.0,-0.5,0.35,0.0,1.5,tidal,H,T015_width_over_R80_0.35,width_over_R80,0.35,0.05854170823814392,0.8453480639614581,0.47294404043143173,27.017010857550826
MACS J0035.4-2015,glafic_best,0.6,1.0,-0.5,0.5,0.0,1.5,tidal,H,T016_width_over_R80_0.5,width_over_R80,0.5,0.0731773098004845,0.7772962154079744,0.5418056081983292,26.633046298782467
MACS J0035.4-2015,glafic_best,0.6,1.0,-0.5,0.25,0.25,1.5,tidal,H,T017_external_direction_mix_0.25,external_direction_mix,0.25,0.05734145284852277,0.8449807524984108,0.4587660779602642,27.32262733887125
MACS J0035.4-2015,glafic_best,0.6,1.0,-0.5,0.25,0.5,1.5,tidal,H,T018_external_direction_mix_0.5,external_direction_mix,0.5,0.0724278407033648,0.7593848298397318,0.5306624069209007,29.5474049175288
MACS J0035.4-2015,glafic_best,0.6,1.0,-0.5,0.25,0.75,1.5,tidal,H,T019_external_direction_mix_0.75,external_direction_mix,0.75,0.0933410406578408,0.6744388471373782,0.5864392976131236,35.576446397446176
MACS J0035.4-2015,glafic_best,0.6,1.0,-0.5,0.25,1.0,1.5,tidal,H,T020_external_direction_mix_1.0,external_direction_mix,1.0,0.10245312499731356,0.6320562347919005,0.6117710607745647,39.31720750853371
MACS J0035.4-2015,glafic_best,0.6,1.0,-0.5,0.25,0.0,1.0,tidal,H,T021_tensor_axis_ratio_1.0,tensor_axis_ratio,1.0,0.050602218192202925,0.875419734119847,0.4266327893532246,27.64844327209765
MACS J0035.4-2015,glafic_best,0.6,1.0,-0.5,0.25,0.0,1.25,tidal,H,T022_tensor_axis_ratio_1.25,tensor_axis_ratio,1.25,0.050392177110060526,0.8782479415828868,0.4234654270272812,27.62730098231403
MACS J0035.4-2015,glafic_best,0.6,1.0,-0.5,0.25,0.0,2.0,tidal,H,T023_tensor_axis_ratio_2.0,tensor_axis_ratio,2.0,0.051574349526629634,0.8777054331866474,0.4225927363083323,27.268949825274234
MACS J0035.4-2015,glafic_best,0.6,1.0,-0.5,0.25,0.0,3.0,tidal,H,T024_tensor_axis_ratio_3.0,tensor_axis_ratio,3.0,0.054662658693756534,0.8639280429598472,0.4380767674778322,26.964786885519125
MACS J0035.4-2015,glafic_best,0.6,1.0,-0.5,0.25,0.0,1.5,radial,H,T025_tensor_orientation_radial,tensor_orientation,radial,0.050939048735725564,0.8726080649508258,0.42286098857674986,27.600219256564134
MACS J0035.4-2015,glafic_best,0.6,1.0,-0.5,0.25,0.0,1.5,external,H,T026_tensor_orientation_external,tensor_orientation,external,0.050618130822672636,0.8767814502590747,0.4261624490396761,27.402715215124548
MACS J0035.4-2015,glafic_best,0.6,1.0,-0.5,0.25,0.0,1.5,tidal,none,T027_shape_gate_none,shape_gate,none,0.0435101064869145,0.8920443931473891,0.3865042655585477,23.89402523289022
MACS J0035.4-2015,glafic_best,0.6,1.0,-0.5,0.25,0.0,1.5,tidal,sqrt_H,T028_shape_gate_sqrt_H,shape_gate,sqrt_H,0.047145668370086526,0.8869077077785227,0.40442443637287423,25.81864209882289
MACS J0035.4-2015,glafic_best,0.6,1.0,-0.5,0.25,0.0,1.5,tidal,H2,T029_shape_gate_H2,shape_gate,H2,0.05867753033409813,0.8465159125325956,0.46278676338862273,30.78856528579033
MACS J0035.4-2015,glafic_best,,,,,,,,,LOCAL75,control,LOCAL75,0.0930569847764739,0.6328300079922753,0.6179827475758884,39.811130351403435
MACS J0035.4-2015,glafic_best,,,,,,,,,CENTRAL100,control,CENTRAL100,0.06999240339965064,0.778079648400452,0.5029282121511028,43.15499453071446
MACS J0035.4-2015,glafic_best,,,,,,,,,C0351,control,C0351,0.05007542797029205,0.8718182170583858,0.3812530323495191,31.774428840067046
MACS J0035.4-2015,glafic_best,,,,,,,,,W060,control,W060,0.0497152022072241,0.8655864290999862,0.3959269747133016,31.264411748761454
MACS J0257.1-2325,lenstool_best,0.6,1.0,-0.5,0.25,0.0,1.5,tidal,H,T000_BASE,baseline,base,0.135383112988063,0.5747587839628794,0.6842276299150835,20.980952411280406
MACS J0257.1-2325,lenstool_best,0.3,1.0,-0.5,0.25,0.0,1.5,tidal,H,T001_fraction_max_0.3,fraction_max,0.3,0.18076212853499457,0.2115887752162519,0.8155073796382746,32.069047620401555
MACS J0257.1-2325,lenstool_best,0.45,1.0,-0.5,0.25,0.0,1.5,tidal,H,T002_fraction_max_0.45,fraction_max,0.45,0.1559413762113696,0.4174369659550883,0.7469071648560934,26.262682125077035
MACS J0257.1-2325,lenstool_best,0.75,1.0,-0.5,0.25,0.0,1.5,tidal,H,T003_fraction_max_0.75,fraction_max,0.75,0.11839569910889186,0.6748906714090652,0.6285580914425555,16.594161292472375
MACS J0257.1-2325,lenstool_best,1.0,1.0,-0.5,0.25,0.0,1.5,tidal,H,T004_fraction_max_1.0,fraction_max,1.0,0.09732843619788742,0.7557515389766581,0.5549966260491999,13.319797314955048
MACS J0257.1-2325,lenstool_best,0.6,0.5,-0.5,0.25,0.0,1.5,tidal,H,T005_length_over_R80_0.5,length_over_R80,0.5,0.1316179779749716,0.5413578163331506,0.6941653683081409,33.80639126331004
MACS J0257.1-2325,lenstool_best,0.6,0.75,-0.5,0.25,0.0,1.5,tidal,H,T006_length_over_R80_0.75,length_over_R80,0.75,0.11491369338316265,0.7055789771176098,0.6129021038088648,25.19203046130766
MACS J0257.1-2325,lenstool_best,0.6,1.25,-0.5,0.25,0.0,1.5,tidal,H,T007_length_over_R80_1.25,length_over_R80,1.25,0.19812349282530856,0.03723269186447927,0.8667403854878912,22.88160357370002
MACS J0257.1-2325,lenstool_best,0.6,1.5,-0.5,0.25,0.0,1.5,tidal,H,T008_length_over_R80_1.5,length_over_R80,1.5,0.2671366909276547,-0.3367804707068585,0.9782879984716057,26.60604226687116
MACS J0257.1-2325,lenstool_best,0.6,1.0,-1.0,0.25,0.0,1.5,tidal,H,T009_radius_exponent_-1.0,radius_exponent,-1.0,0.14983879485021306,0.4396039717462401,0.7386723552035924,22.02487703585183
MACS J0257.1-2325,lenstool_best,0.6,1.0,-0.75,0.25,0.0,1.5,tidal,H,T010_radius_exponent_-0.75,radius_exponent,-0.75,0.14120728843763675,0.5126875483518981,0.71044679347387,22.503697706024937
MACS J0257.1-2325,lenstool_best,0.6,1.0,-0.25,0.25,0.0,1.5,tidal,H,T011_radius_exponent_-0.25,radius_exponent,-0.25,0.12564772913046784,0.6329014196092466,0.655578447224937,24.53626371842304
MACS J0257.1-2325,lenstool_best,0.6,1.0,0.0,0.25,0.0,1.5,tidal,H,T012_radius_exponent_0.0,radius_exponent,0.0,0.1112033882196421,0.6942002996336774,0.6115578097682299,30.96335489603573
MACS J0257.1-2325,lenstool_best,0.6,1.0,-0.5,0.1,0.0,1.5,tidal,H,T013_width_over_R80_0.1,width_over_R80,0.1,0.1558523392712628,0.5015844005304575,0.7400332589184022,18.50720324070947
MACS J0257.1-2325,lenstool_best,0.6,1.0,-0.5,0.175,0.0,1.5,tidal,H,T014_width_over_R80_0.175,width_over_R80,0.175,0.13311660852806081,0.6124304933091096,0.6534425839958633,19.682983529749375
MACS J0257.1-2325,lenstool_best,0.6,1.0,-0.5,0.35,0.0,1.5,tidal,H,T015_width_over_R80_0.35,width_over_R80,0.35,0.15083470569454524,0.43369467463739697,0.7445456437213925,21.802897223586754
MACS J0257.1-2325,lenstool_best,0.6,1.0,-0.5,0.5,0.0,1.5,tidal,H,T016_width_over_R80_0.5,width_over_R80,0.5,0.17520310772930658,0.19784304020396795,0.8084469446072996,23.074051871672484
MACS J0257.1-2325,lenstool_best,0.6,1.0,-0.5,0.25,0.25,1.5,tidal,H,T017_external_direction_mix_0.25,external_direction_mix,0.25,0.14050305569925658,0.5212118999755682,0.709373318145177,24.733480796026242
MACS J0257.1-2325,lenstool_best,0.6,1.0,-0.5,0.25,0.5,1.5,tidal,H,T018_external_direction_mix_0.5,external_direction_mix,0.5,0.15782961361908313,0.33964995018644456,0.7733174972810016,40.47152291859345
MACS J0257.1-2325,lenstool_best,0.6,1.0,-0.5,0.25,0.75,1.5,tidal,H,T019_external_direction_mix_0.75,external_direction_mix,0.75,0.17940894423394224,0.23325869961249054,0.8094833313258231,40.61804118855492
MACS J0257.1-2325,lenstool_best,0.6,1.0,-0.5,0.25,1.0,1.5,tidal,H,T020_external_direction_mix_1.0,external_direction_mix,1.0,0.18560786174848137,0.19600410300067378,0.8198822690083306,40.19299635187005
MACS J0257.1-2325,lenstool_best,0.6,1.0,-0.5,0.25,0.0,1.0,tidal,H,T021_tensor_axis_ratio_1.0,tensor_axis_ratio,1.0,0.1366351734719412,0.5741048545334925,0.6833178958715844,20.640047835839663
MACS J0257.1-2325,lenstool_best,0.6,1.0,-0.5,0.25,0.0,1.25,tidal,H,T022_tensor_axis_ratio_1.25,tensor_axis_ratio,1.25,0.13568211364900734,0.5749759837412748,0.6835005249788711,20.60905127653264
MACS J0257.1-2325,lenstool_best,0.6,1.0,-0.5,0.25,0.0,2.0,tidal,H,T023_tensor_axis_ratio_2.0,tensor_axis_ratio,2.0,0.13596191015782505,0.5637249265940749,0.690347711807772,21.17817057966787
MACS J0257.1-2325,lenstool_best,0.6,1.0,-0.5,0.25,0.0,3.0,tidal,H,T024_tensor_axis_ratio_3.0,tensor_axis_ratio,3.0,0.13977640252348456,0.5284869605847317,0.7060602561853676,21.725729542573067
MACS J0257.1-2325,lenstool_best,0.6,1.0,-0.5,0.25,0.0,1.5,radial,H,T025_tensor_orientation_radial,tensor_orientation,radial,0.14154089392805738,0.5489928625871545,0.692040087188528,21.140358135521957
MACS J0257.1-2325,lenstool_best,0.6,1.0,-0.5,0.25,0.0,1.5,external,H,T026_tensor_orientation_external,tensor_orientation,external,0.13731560615490124,0.5680688131294903,0.6872837636322967,19.73503457234538
MACS J0257.1-2325,lenstool_best,0.6,1.0,-0.5,0.25,0.0,1.5,tidal,none,T027_shape_gate_none,shape_gate,none,0.11965619834072289,0.6685719271199653,0.6328025162915241,16.903637511530064
MACS J0257.1-2325,lenstool_best,0.6,1.0,-0.5,0.25,0.0,1.5,tidal,sqrt_H,T028_shape_gate_sqrt_H,shape_gate,sqrt_H,0.12757173025104177,0.6247759397940505,0.6590471563291711,18.927563504220494
MACS J0257.1-2325,lenstool_best,0.6,1.0,-0.5,0.25,0.0,1.5,tidal,H2,T029_shape_gate_H2,shape_gate,H2,0.15037180105998674,0.4628107187279115,0.7304493727560396,24.866570666806517
MACS J0257.1-2325,lenstool_best,,,,,,,,,LOCAL75,control,LOCAL75,0.2430311734151804,-0.16771345732130238,0.953370888362718,44.189970919487955
MACS J0257.1-2325,lenstool_best,,,,,,,,,CENTRAL100,control,CENTRAL100,0.10554181501389465,0.6783943999912638,0.6119849610332264,48.090125573994406
MACS J0257.1-2325,lenstool_best,,,,,,,,,C0351,control,C0351,0.13411976059008823,0.5288154566240192,0.698983655871934,35.84536427190007
MACS J0257.1-2325,lenstool_best,,,,,,,,,W060,control,W060,0.12887272235353,0.5618720465263196,0.6799599681237705,34.968384016968244
MACS J0257.1-2325,glafic_best,0.6,1.0,-0.5,0.25,0.0,1.5,tidal,H,T000_BASE,baseline,base,0.18042857831529852,0.4865217417866567,0.738273783258714,14.10745304074386
MACS J0257.1-2325,glafic_best,0.3,1.0,-0.5,0.25,0.0,1.5,tidal,H,T001_fraction_max_0.3,fraction_max,0.3,0.2247629264131072,0.13153447652439582,0.8542561086628342,26.76742374330335
MACS J0257.1-2325,glafic_best,0.45,1.0,-0.5,0.25,0.0,1.5,tidal,H,T002_fraction_max_0.45,fraction_max,0.45,0.2005155358916505,0.32995918374192146,0.7933836868016327,20.334371433846847
MACS J0257.1-2325,glafic_best,0.75,1.0,-0.5,0.25,0.0,1.5,tidal,H,T003_fraction_max_0.75,fraction_max,0.75,0.1638180448016328,0.590163300736935,0.6897435164878332,8.284846174599386
MACS J0257.1-2325,glafic_best,1.0,1.0,-0.5,0.25,0.0,1.5,tidal,H,T004_fraction_max_1.0,fraction_max,1.0,0.14314905659160454,0.6795119273679572,0.6259575131730029,5.176827889858595
MACS J0257.1-2325,glafic_best,0.6,0.5,-0.5,0.25,0.0,1.5,tidal,H,T005_length_over_R80_0.5,length_over_R80,0.5,0.1758218178724379,0.4562504667981885,0.7479032108445042,26.18736845010455
MACS J0257.1-2325,glafic_best,0.6,0.75,-0.5,0.25,0.0,1.5,tidal,H,T006_length_over_R80_0.75,length_over_R80,0.75,0.15962582892107754,0.6219449402523114,0.6753696766607902,16.951000704962397
MACS J0257.1-2325,glafic_best,0.6,1.25,-0.5,0.25,0.0,1.5,tidal,H,T007_length_over_R80_1.25,length_over_R80,1.25,0.24123341534078524,-0.038060536896745954,0.9003241944076982,18.032691274964193
MACS J0257.1-2325,glafic_best,0.6,1.5,-0.5,0.25,0.0,1.5,tidal,H,T008_length_over_R80_1.5,length_over_R80,1.5,0.3050232211715638,-0.3703280202975289,0.99518901340668,23.247661098285576
MACS J0257.1-2325,glafic_best,0.6,1.0,-1.0,0.25,0.0,1.5,tidal,H,T009_radius_exponent_-1.0,radius_exponent,-1.0,0.19225591496275796,0.3548874129941403,0.7854216601876244,16.005110941807967
MACS J0257.1-2325,glafic_best,0.6,1.0,-0.75,0.25,0.0,1.5,tidal,H,T010_radius_exponent_-0.75,radius_exponent,-0.75,0.18410176390823435,0.42855949578801594,0.7599972744441468,16.423210354579638
MACS J0257.1-2325,glafic_best,0.6,1.0,-0.25,0.25,0.0,1.5,tidal,H,T011_radius_exponent_-0.25,radius_exponent,-0.25,0.17205597039547219,0.5418654509733957,0.714729589435958,16.471584391763493
MACS J0257.1-2325,glafic_best,0.6,1.0,0.0,0.25,0.0,1.5,tidal,H,T012_radius_exponent_0.0,radius_exponent,0.0,0.1566023507980553,0.6096883966151868,0.676164617914388,23.352947248236976
MACS J0257.1-2325,glafic_best,0.6,1.0,-0.5,0.1,0.0,1.5,tidal,H,T013_width_over_R80_0.1,width_over_R80,0.1,0.19849335604662957,0.43668578288368215,0.7874919470878482,11.695992413068117
MACS J0257.1-2325,glafic_best,0.6,1.0,-0.5,0.175,0.0,1.5,tidal,H,T014_width_over_R80_0.175,width_over_R80,0.175,0.17816530865020275,0.5321155664053829,0.7121517810090199,12.982697950748614
MACS J0257.1-2325,glafic_best,0.6,1.0,-0.5,0.35,0.0,1.5,tidal,H,T015_width_over_R80_0.35,width_over_R80,0.35,0.19426901229477928,0.34313783751157034,0.7893907516454767,14.846842103230172
MACS J0257.1-2325,glafic_best,0.6,1.0,-0.5,0.5,0.0,1.5,tidal,H,T016_width_over_R80_0.5,width_over_R80,0.5,0.21612993818107565,0.11632747737212712,0.8435867513180335,16.084109908226324
MACS J0257.1-2325,glafic_best,0.6,1.0,-0.5,0.25,0.25,1.5,tidal,H,T017_external_direction_mix_0.25,external_direction_mix,0.25,0.185253263971843,0.4279359196356924,0.761156529714497,17.3324445406419
MACS J0257.1-2325,glafic_best,0.6,1.0,-0.5,0.25,0.5,1.5,tidal,H,T018_external_direction_mix_0.5,external_direction_mix,0.5,0.19714240051702248,0.2689187227888006,0.8120142860132554,34.45005042642293
MACS J0257.1-2325,glafic_best,0.6,1.0,-0.5,0.25,0.75,1.5,tidal,H,T019_external_direction_mix_0.75,external_direction_mix,0.75,0.22041651440219984,0.15979571889361593,0.8469497374989818,35.632716160087114
MACS J0257.1-2325,glafic_best,0.6,1.0,-0.5,0.25,1.0,1.5,tidal,H,T020_external_direction_mix_1.0,external_direction_mix,1.0,0.2255386492211417,0.126405470887358,0.8551091404267155,35.17567658669573
MACS J0257.1-2325,glafic_best,0.6,1.0,-0.5,0.25,0.0,1.0,tidal,H,T021_tensor_axis_ratio_1.0,tensor_axis_ratio,1.0,0.17977348210985322,0.4904485205190976,0.7361247459574033,14.118470435657029
MACS J0257.1-2325,glafic_best,0.6,1.0,-0.5,0.25,0.0,1.25,tidal,H,T022_tensor_axis_ratio_1.25,tensor_axis_ratio,1.25,0.1799811124986721,0.48867716663756827,0.7371078955830223,13.877696823386527
MACS J0257.1-2325,glafic_best,0.6,1.0,-0.5,0.25,0.0,2.0,tidal,H,T023_tensor_axis_ratio_2.0,tensor_axis_ratio,2.0,0.18237874293216744,0.47093050126526154,0.7448784486849491,14.234279869433825
MACS J0257.1-2325,glafic_best,0.6,1.0,-0.5,0.25,0.0,3.0,tidal,H,T024_tensor_axis_ratio_3.0,tensor_axis_ratio,3.0,0.18729180843581894,0.4321854531691556,0.759454012519711,14.305529907055881
MACS J0257.1-2325,glafic_best,0.6,1.0,-0.5,0.25,0.0,1.5,radial,H,T025_tensor_orientation_radial,tensor_orientation,radial,0.1856860928933448,0.4648341664648443,0.7449803746289066,14.556839680616832
MACS J0257.1-2325,glafic_best,0.6,1.0,-0.5,0.25,0.0,1.5,external,H,T026_tensor_orientation_external,tensor_orientation,external,0.18182918528045822,0.4801480646901034,0.7408092179670597,13.378896975602025
MACS J0257.1-2325,glafic_best,0.6,1.0,-0.5,0.25,0.0,1.5,tidal,none,T027_shape_gate_none,shape_gate,none,0.16505136083380934,0.5834712678819999,0.6934310370242095,8.730409221466221
MACS J0257.1-2325,glafic_best,0.6,1.0,-0.5,0.25,0.0,1.5,tidal,sqrt_H,T028_shape_gate_sqrt_H,shape_gate,sqrt_H,0.1727928569962392,0.5377264284618093,0.716276311276425,11.495734997746974
MACS J0257.1-2325,glafic_best,0.6,1.0,-0.5,0.25,0.0,1.5,tidal,H2,T029_shape_gate_H2,shape_gate,H2,0.19507439207824778,0.37456818255437024,0.7788647508589877,18.735911477471888
MACS J0257.1-2325,glafic_best,,,,,,,,,LOCAL75,control,LOCAL75,0.28455249679270983,-0.21920691342678922,0.9769132183478321,39.70811297846544
MACS J0257.1-2325,glafic_best,,,,,,,,,CENTRAL100,control,CENTRAL100,0.1442493341553248,0.6155868536360437,0.6709669321833929,42.48476772534531
MACS J0257.1-2325,glafic_best,,,,,,,,,C0351,control,C0351,0.18944804427761439,0.4239960954982102,0.7678213315931026,27.956360688044665
MACS J0257.1-2325,glafic_best,,,,,,,,,W060,control,W060,0.17962153977430126,0.46459359755895474,0.7443376006873834,27.14936952158796
MACS J0553.4-3342,lenstool_best,0.6,1.0,-0.5,0.25,0.0,1.5,tidal,H,T000_BASE,baseline,base,0.03949177800553801,0.8903276993554283,0.5248824981807717,19.63171519055759
MACS J0553.4-3342,lenstool_best,0.3,1.0,-0.5,0.25,0.0,1.5,tidal,H,T001_fraction_max_0.3,fraction_max,0.3,0.038459534694315387,0.9002451739478641,0.49894924379496697,17.84397379474755
MACS J0553.4-3342,lenstool_best,0.45,1.0,-0.5,0.25,0.0,1.5,tidal,H,T002_fraction_max_0.45,fraction_max,0.45,0.03882293327021587,0.8958230467508878,0.5106876712881563,18.714783815848854
MACS J0553.4-3342,lenstool_best,0.75,1.0,-0.5,0.25,0.0,1.5,tidal,H,T003_fraction_max_0.75,fraction_max,0.75,0.04049834073106463,0.8836846741107218,0.5416888987432712,20.597763203002934
MACS J0553.4-3342,lenstool_best,1.0,1.0,-0.5,0.25,0.0,1.5,tidal,H,T004_fraction_max_1.0,fraction_max,1.0,0.043044516735732355,0.8698779115256439,0.5759099447788226,22.326182664350892
MACS J0553.4-3342,lenstool_best,0.6,0.5,-0.5,0.25,0.0,1.5,tidal,H,T005_length_over_R80_0.5,length_over_R80,0.5,0.043196639811814076,0.8821787333634686,0.4698003518931309,32.69656465005354
MACS J0553.4-3342,lenstool_best,0.6,0.75,-0.5,0.25,0.0,1.5,tidal,H,T006_length_over_R80_0.75,length_over_R80,0.75,0.03987267279614035,0.8984567940882798,0.4784457635661941,27.80987653005042
MACS J0553.4-3342,lenstool_best,0.6,1.25,-0.5,0.25,0.0,1.5,tidal,H,T007_length_over_R80_1.25,length_over_R80,1.25,0.03626412859844756,0.898444677343037,0.5086022987677876,15.202549456303057
MACS J0553.4-3342,lenstool_best,0.6,1.5,-0.5,0.25,0.0,1.5,tidal,H,T008_length_over_R80_1.5,length_over_R80,1.5,0.03149079359560922,0.9141728985290073,0.4507746944042919,11.476245527475506
MACS J0553.4-3342,lenstool_best,0.6,1.0,-1.0,0.25,0.0,1.5,tidal,H,T009_radius_exponent_-1.0,radius_exponent,-1.0,0.03660200654874961,0.8955601303446818,0.5106898861937216,16.131841067922515
MACS J0553.4-3342,lenstool_best,0.6,1.0,-0.75,0.25,0.0,1.5,tidal,H,T010_radius_exponent_-0.75,radius_exponent,-0.75,0.03734636939838608,0.8936822844212934,0.5148776254780351,17.686008714582645
MACS J0553.4-3342,lenstool_best,0.6,1.0,-0.25,0.25,0.0,1.5,tidal,H,T011_radius_exponent_-0.25,radius_exponent,-0.25,0.041809519806666626,0.8902789342738335,0.5100627683697956,27.67584431494957
MACS J0553.4-3342,lenstool_best,0.6,1.0,0.0,0.25,0.0,1.5,tidal,H,T012_radius_exponent_0.0,radius_exponent,0.0,0.04575727928732658,0.8727253824073095,0.5207669702879253,32.61133654062279
MACS J0553.4-3342,lenstool_best,0.6,1.0,-0.5,0.1,0.0,1.5,tidal,H,T013_width_over_R80_0.1,width_over_R80,0.1,0.05177223108366685,0.8331793330726797,0.6980384461394107,20.09390423092845
MACS J0553.4-3342,lenstool_best,0.6,1.0,-0.5,0.175,0.0,1.5,tidal,H,T014_width_over_R80_0.175,width_over_R80,0.175,0.04473676002951928,0.8704978120528319,0.5922615955417856,19.860159295879214
MACS J0553.4-3342,lenstool_best,0.6,1.0,-0.5,0.35,0.0,1.5,tidal,H,T015_width_over_R80_0.35,width_over_R80,0.35,0.033629997660763584,0.9064130398383995,0.45878594133438416,19.46093925202327
MACS J0553.4-3342,lenstool_best,0.6,1.0,-0.5,0.5,0.0,1.5,tidal,H,T016_width_over_R80_0.5,width_over_R80,0.5,0.028526970212815132,0.9161905445015291,0.4025940997234005,18.68061813247335
MACS J0553.4-3342,lenstool_best,0.6,1.0,-0.5,0.25,0.25,1.5,tidal,H,T017_external_direction_mix_0.25,external_direction_mix,0.25,0.03665996669215349,0.8946261845608056,0.49273673016984826,19.91946921775224
MACS J0553.4-3342,lenstool_best,0.6,1.0,-0.5,0.25,0.5,1.5,tidal,H,T018_external_direction_mix_0.5,external_direction_mix,0.5,0.03382726112089432,0.8983567759782017,0.4423355800326966,21.483399800546454
MACS J0553.4-3342,lenstool_best,0.6,1.0,-0.5,0.25,0.75,1.5,tidal,H,T019_external_direction_mix_0.75,external_direction_mix,0.75,0.03262585861367761,0.9046448611591517,0.41021918367323845,20.72594535150958
MACS J0553.4-3342,lenstool_best,0.6,1.0,-0.5,0.25,1.0,1.5,tidal,H,T020_external_direction_mix_1.0,external_direction_mix,1.0,0.033533099201625644,0.9045093157381783,0.39161950674423085,19.80489648653277
MACS J0553.4-3342,lenstool_best,0.6,1.0,-0.5,0.25,0.0,1.0,tidal,H,T021_tensor_axis_ratio_1.0,tensor_axis_ratio,1.0,0.03982957717618252,0.8915576656248668,0.5220739514472975,20.151267976478117
MACS J0553.4-3342,lenstool_best,0.6,1.0,-0.5,0.25,0.0,1.25,tidal,H,T022_tensor_axis_ratio_1.25,tensor_axis_ratio,1.25,0.03956922516177837,0.891145783970263,0.5233537802228704,19.86348114658467
MACS J0553.4-3342,lenstool_best,0.6,1.0,-0.5,0.25,0.0,2.0,tidal,H,T023_tensor_axis_ratio_2.0,tensor_axis_ratio,2.0,0.038800521883803965,0.8897391063693859,0.5213923538625228,19.23841030686105
MACS J0553.4-3342,lenstool_best,0.6,1.0,-0.5,0.25,0.0,3.0,tidal,H,T024_tensor_axis_ratio_3.0,tensor_axis_ratio,3.0,0.03737516426273882,0.8901534853035187,0.5115063239578415,18.983163282861067
MACS J0553.4-3342,lenstool_best,0.6,1.0,-0.5,0.25,0.0,1.5,radial,H,T025_tensor_orientation_radial,tensor_orientation,radial,0.04031483642699438,0.8896375994241597,0.5313973295981727,20.219678437240226
MACS J0553.4-3342,lenstool_best,0.6,1.0,-0.5,0.25,0.0,1.5,external,H,T026_tensor_orientation_external,tensor_orientation,external,0.03980872224451329,0.8897132617719271,0.5252146652465948,19.90995463971992
MACS J0553.4-3342,lenstool_best,0.6,1.0,-0.5,0.25,0.0,1.5,tidal,none,T027_shape_gate_none,shape_gate,none,0.04884721477348378,0.8446630009569507,0.6373179132290192,24.997359468158105
MACS J0553.4-3342,lenstool_best,0.6,1.0,-0.5,0.25,0.0,1.5,tidal,sqrt_H,T028_shape_gate_sqrt_H,shape_gate,sqrt_H,0.0418722283253866,0.8758890630509772,0.5610981636320587,21.60832593021926
MACS J0553.4-3342,lenstool_best,0.6,1.0,-0.5,0.25,0.0,1.5,tidal,H2,T029_shape_gate_H2,shape_gate,H2,0.038418450799396237,0.9010732701499629,0.4967035165709314,17.660222964523424
MACS J0553.4-3342,lenstool_best,,,,,,,,,LOCAL75,control,LOCAL75,0.015565204238037087,0.9378721654083861,0.24869753494107463,10.523475800955662
MACS J0553.4-3342,lenstool_best,,,,,,,,,CENTRAL100,control,CENTRAL100,0.05607729330942489,0.7634649634565474,0.5656336666026255,27.76028293365757
MACS J0553.4-3342,lenstool_best,,,,,,,,,C0351,control,C0351,0.04492121043965318,0.8664223741198029,0.5607358361624987,28.754282338731244
MACS J0553.4-3342,lenstool_best,,,,,,,,,W060,control,W060,0.03287921281418771,0.8850651555233201,0.4446776696245228,27.175793549173882
MACS J0553.4-3342,glafic_best,0.6,1.0,-0.5,0.25,0.0,1.5,tidal,H,T000_BASE,baseline,base,0.03621544580697908,0.907967863466075,0.3956224706375759,6.31910555059504
MACS J0553.4-3342,glafic_best,0.3,1.0,-0.5,0.25,0.0,1.5,tidal,H,T001_fraction_max_0.3,fraction_max,0.3,0.03573305120453144,0.9148289210830325,0.37492595848124183,4.953310127729777
MACS J0553.4-3342,glafic_best,0.45,1.0,-0.5,0.25,0.0,1.5,tidal,H,T002_fraction_max_0.45,fraction_max,0.45,0.03583224668320763,0.9119198671643044,0.3839996818493473,5.582712919618887
MACS J0553.4-3342,glafic_best,0.75,1.0,-0.5,0.25,0.0,1.5,tidal,H,T003_fraction_max_0.75,fraction_max,0.75,0.03691339307116392,0.9028940020060453,0.4099382659201464,7.149753623375247
MACS J0553.4-3342,glafic_best,1.0,1.0,-0.5,0.25,0.0,1.5,tidal,H,T004_fraction_max_1.0,fraction_max,1.0,0.038887057204295555,0.8917455084131803,0.4401186449216159,8.722267602112183
MACS J0553.4-3342,glafic_best,0.6,0.5,-0.5,0.25,0.0,1.5,tidal,H,T005_length_over_R80_0.5,length_over_R80,0.5,0.03726314097869034,0.9191699770210237,0.3334968046380702,18.853477906006336
MACS J0553.4-3342,glafic_best,0.6,0.75,-0.5,0.25,0.0,1.5,tidal,H,T006_length_over_R80_0.75,length_over_R80,0.75,0.034423164089040226,0.9252055184310385,0.34078735937025156,13.967721554360438
MACS J0553.4-3342,glafic_best,0.6,1.25,-0.5,0.25,0.0,1.5,tidal,H,T007_length_over_R80_1.25,length_over_R80,1.25,0.03434056808916626,0.9112370750833743,0.3861280162371224,4.279471752817672
MACS J0553.4-3342,glafic_best,0.6,1.5,-0.5,0.25,0.0,1.5,tidal,H,T008_length_over_R80_1.5,length_over_R80,1.5,0.030147094036050433,0.9242773884547124,0.3389305698029254,6.762733023215123
MACS J0553.4-3342,glafic_best,0.6,1.0,-1.0,0.25,0.0,1.5,tidal,H,T009_radius_exponent_-1.0,radius_exponent,-1.0,0.03471585105054846,0.9098887984673754,0.3873216234159481,4.055197046615139
MACS J0553.4-3342,glafic_best,0.6,1.0,-0.75,0.25,0.0,1.5,tidal,H,T010_radius_exponent_-0.75,radius_exponent,-0.75,0.03522685302454964,0.909555987107326,0.3890563431943219,4.891499135758815
MACS J0553.4-3342,glafic_best,0.6,1.0,-0.25,0.25,0.0,1.5,tidal,H,T011_radius_exponent_-0.25,radius_exponent,-0.25,0.03596279663326062,0.9147990058356104,0.37358935808154253,13.830550813299443
MACS J0553.4-3342,glafic_best,0.6,1.0,0.0,0.25,0.0,1.5,tidal,H,T012_radius_exponent_0.0,radius_exponent,0.0,0.03825829770540003,0.9046421095879917,0.3835605027711584,18.791739003434827
MACS J0553.4-3342,glafic_best,0.6,1.0,-0.5,0.1,0.0,1.5,tidal,H,T013_width_over_R80_0.1,width_over_R80,0.1,0.045193765914730503,0.8658765784717788,0.5381411694577456,6.7740219353997
MACS J0553.4-3342,glafic_best,0.6,1.0,-0.5,0.175,0.0,1.5,tidal,H,T014_width_over_R80_0.175,width_over_R80,0.175,0.03945433760591077,0.8957546785621227,0.4459863512093866,6.547078674642121
MACS J0553.4-3342,glafic_best,0.6,1.0,-0.5,0.35,0.0,1.5,tidal,H,T015_width_over_R80_0.35,width_over_R80,0.35,0.033314406383130546,0.9170324636073375,0.35065430193537306,6.161952845039009
MACS J0553.4-3342,glafic_best,0.6,1.0,-0.5,0.5,0.0,1.5,tidal,H,T016_width_over_R80_0.5,width_over_R80,0.5,0.03175689203598554,0.9229408667975509,0.3157645417625387,5.497110607936694
MACS J0553.4-3342,glafic_best,0.6,1.0,-0.5,0.25,0.25,1.5,tidal,H,T017_external_direction_mix_0.25,external_direction_mix,0.25,0.03606383384585529,0.9056661893817182,0.3820477796827648,6.412443652909352
MACS J0553.4-3342,glafic_best,0.6,1.0,-0.5,0.25,0.5,1.5,tidal,H,T018_external_direction_mix_0.5,external_direction_mix,0.5,0.03725794824253636,0.9061028051030802,0.35405590330689074,7.702965676324462
MACS J0553.4-3342,glafic_best,0.6,1.0,-0.5,0.25,0.75,1.5,tidal,H,T019_external_direction_mix_0.75,external_direction_mix,0.75,0.03791231691166565,0.9109613045073983,0.33325154604912366,7.066523173657999
MACS J0553.4-3342,glafic_best,0.6,1.0,-0.5,0.25,1.0,1.5,tidal,H,T020_external_direction_mix_1.0,external_direction_mix,1.0,0.04056952385748157,0.9129406793059865,0.3209175790320158,6.200673995760496
MACS J0553.4-3342,glafic_best,0.6,1.0,-0.5,0.25,0.0,1.0,tidal,H,T021_tensor_axis_ratio_1.0,tensor_axis_ratio,1.0,0.036011537039393235,0.9095346492805071,0.3920902570622851,6.726373758212498
MACS J0553.4-3342,glafic_best,0.6,1.0,-0.5,0.25,0.0,1.25,tidal,H,T022_tensor_axis_ratio_1.25,tensor_axis_ratio,1.25,0.03599085510200068,0.9092449270938973,0.39309967133747553,6.455866845427551
MACS J0553.4-3342,glafic_best,0.6,1.0,-0.5,0.25,0.0,2.0,tidal,H,T023_tensor_axis_ratio_2.0,tensor_axis_ratio,2.0,0.03630730892045813,0.9063223890846865,0.39556016788084175,6.015746527918264
MACS J0553.4-3342,glafic_best,0.6,1.0,-0.5,0.25,0.0,3.0,tidal,H,T024_tensor_axis_ratio_3.0,tensor_axis_ratio,3.0,0.036057653242221314,0.9054467944445568,0.3908081231945633,5.848767826677688
MACS J0553.4-3342,glafic_best,0.6,1.0,-0.5,0.25,0.0,1.5,radial,H,T025_tensor_orientation_radial,tensor_orientation,radial,0.0355841028882115,0.9130136175527581,0.390727388602768,6.763503492158031
MACS J0553.4-3342,glafic_best,0.6,1.0,-0.5,0.25,0.0,1.5,external,H,T026_tensor_orientation_external,tensor_orientation,external,0.03633976173923341,0.9075248824195531,0.39606849202704836,6.527981098529417
MACS J0553.4-3342,glafic_best,0.6,1.0,-0.5,0.25,0.0,1.5,tidal,none,T027_shape_gate_none,shape_gate,none,0.04374309700820324,0.8702566848292558,0.49584132138109854,11.267495302173087
MACS J0553.4-3342,glafic_best,0.6,1.0,-0.5,0.25,0.0,1.5,tidal,sqrt_H,T028_shape_gate_sqrt_H,shape_gate,sqrt_H,0.037955875796505625,0.8966760857054198,0.42693256862684864,8.058935899963394
MACS J0553.4-3342,glafic_best,0.6,1.0,-0.5,0.25,0.0,1.5,tidal,H2,T029_shape_gate_H2,shape_gate,H2,0.035746715518538946,0.9153319791393111,0.37327273158199936,4.832051178679674
MACS J0553.4-3342,glafic_best,,,,,,,,,LOCAL75,control,LOCAL75,0.03055659595322959,0.9104096279727549,0.30822636771518774,8.782492255691336
MACS J0553.4-3342,glafic_best,,,,,,,,,CENTRAL100,control,CENTRAL100,0.0727304329079308,0.7392365889003116,0.5536908260824037,13.947194764282179
MACS J0553.4-3342,glafic_best,,,,,,,,,C0351,control,C0351,0.038756442836055296,0.8938253040952719,0.4232127565454921,14.91097796802778
MACS J0553.4-3342,glafic_best,,,,,,,,,W060,control,W060,0.03346496784961634,0.8970819778003529,0.3608659677591248,13.347828963519621
RXC J0032.1+1808,lenstool_best,0.6,1.0,-0.5,0.25,0.0,1.5,tidal,H,T000_BASE,baseline,base,0.06106184977328467,0.6044461529126084,0.5759420359535194,17.09912103541232
RXC J0032.1+1808,lenstool_best,0.3,1.0,-0.5,0.25,0.0,1.5,tidal,H,T001_fraction_max_0.3,fraction_max,0.3,0.04954512009220126,0.7456532076739787,0.4754704429558211,14.778803388751038
RXC J0032.1+1808,lenstool_best,0.45,1.0,-0.5,0.25,0.0,1.5,tidal,H,T002_fraction_max_0.45,fraction_max,0.45,0.05297458586076563,0.6811016824447189,0.5120965451305908,15.94347741103083
RXC J0032.1+1808,lenstool_best,0.75,1.0,-0.5,0.25,0.0,1.5,tidal,H,T003_fraction_max_0.75,fraction_max,0.75,0.07356250865957845,0.5360431817157953,0.6576497499991951,18.24303275693973
RXC J0032.1+1808,lenstool_best,1.0,1.0,-0.5,0.25,0.0,1.5,tidal,H,T004_fraction_max_1.0,fraction_max,1.0,0.10525784022230078,0.44916693841908467,0.8155514420852759,20.118787331145786
RXC J0032.1+1808,lenstool_best,0.6,0.5,-0.5,0.25,0.0,1.5,tidal,H,T005_length_over_R80_0.5,length_over_R80,0.5,0.05704689387966287,0.6280528169246993,0.5643171368068851,21.921044231814903
RXC J0032.1+1808,lenstool_best,0.6,0.75,-0.5,0.25,0.0,1.5,tidal,H,T006_length_over_R80_0.75,length_over_R80,0.75,0.06390125944221242,0.5895258899899846,0.6090347009534781,21.595887343322605
RXC J0032.1+1808,lenstool_best,0.6,1.25,-0.5,0.25,0.0,1.5,tidal,H,T007_length_over_R80_1.25,length_over_R80,1.25,0.06523434969187787,0.6365471263179735,0.5396024426097985,13.484997801616403
RXC J0032.1+1808,lenstool_best,0.6,1.5,-0.5,0.25,0.0,1.5,tidal,H,T008_length_over_R80_1.5,length_over_R80,1.5,0.07826051500323081,0.6320011633986824,0.5491798006851681,15.565600633492068
RXC J0032.1+1808,lenstool_best,0.6,1.0,-1.0,0.25,0.0,1.5,tidal,H,T009_radius_exponent_-1.0,radius_exponent,-1.0,0.06464916848758688,0.5998297014544557,0.566133149930989,12.116810232330678
RXC J0032.1+1808,lenstool_best,0.6,1.0,-0.75,0.25,0.0,1.5,tidal,H,T010_radius_exponent_-0.75,radius_exponent,-0.75,0.061930643405314546,0.6039767666306388,0.569351902926978,14.249511836914095
RXC J0032.1+1808,lenstool_best,0.6,1.0,-0.25,0.25,0.0,1.5,tidal,H,T011_radius_exponent_-0.25,radius_exponent,-0.25,0.06406792207441964,0.585626332345793,0.600332658126843,20.37950013218186
RXC J0032.1+1808,lenstool_best,0.6,1.0,0.0,0.25,0.0,1.5,tidal,H,T012_radius_exponent_0.0,radius_exponent,0.0,0.06600543368222817,0.5709838770644918,0.6349932150842955,21.26334869380235
RXC J0032.1+1808,lenstool_best,0.6,1.0,-0.5,0.1,0.0,1.5,tidal,H,T013_width_over_R80_0.1,width_over_R80,0.1,0.08288408089551541,0.475698151292455,0.8572166002837068,18.66934537999869
RXC J0032.1+1808,lenstool_best,0.6,1.0,-0.5,0.175,0.0,1.5,tidal,H,T014_width_over_R80_0.175,width_over_R80,0.175,0.06625100261775074,0.5594830954529675,0.6584104087858919,17.884708110387926
RXC J0032.1+1808,lenstool_best,0.6,1.0,-0.5,0.35,0.0,1.5,tidal,H,T015_width_over_R80_0.35,width_over_R80,0.35,0.06274329822193221,0.6351621478059192,0.5401149571091131,15.806934342479533
RXC J0032.1+1808,lenstool_best,0.6,1.0,-0.5,0.5,0.0,1.5,tidal,H,T016_width_over_R80_0.5,width_over_R80,0.5,0.07005123461077331,0.6619843430989646,0.5377933300316857,13.6759594889733
RXC J0032.1+1808,lenstool_best,0.6,1.0,-0.5,0.25,0.25,1.5,tidal,H,T017_external_direction_mix_0.25,external_direction_mix,0.25,0.06652007006730638,0.5893315268504485,0.574035431747471,14.17107526126031
RXC J0032.1+1808,lenstool_best,0.6,1.0,-0.5,0.25,0.5,1.5,tidal,H,T018_external_direction_mix_0.5,external_direction_mix,0.5,0.07686804853853355,0.5672207251446151,0.5761773593093874,15.296873731481227
RXC J0032.1+1808,lenstool_best,0.6,1.0,-0.5,0.25,0.75,1.5,tidal,H,T019_external_direction_mix_0.75,external_direction_mix,0.75,0.07360642818377613,0.5899533203035492,0.5648351381763478,20.33239208420425
RXC J0032.1+1808,lenstool_best,0.6,1.0,-0.5,0.25,1.0,1.5,tidal,H,T020_external_direction_mix_1.0,external_direction_mix,1.0,0.07781954552608905,0.5933621500786787,0.5660816862283857,20.997673303842465
RXC J0032.1+1808,lenstool_best,0.6,1.0,-0.5,0.25,0.0,1.0,tidal,H,T021_tensor_axis_ratio_1.0,tensor_axis_ratio,1.0,0.05965726890109944,0.6129580088665664,0.5708555148176179,17.67316923540786
RXC J0032.1+1808,lenstool_best,0.6,1.0,-0.5,0.25,0.0,1.25,tidal,H,T022_tensor_axis_ratio_1.25,tensor_axis_ratio,1.25,0.060230761954601246,0.6091284615667405,0.5737490448732996,17.342636356992415
RXC J0032.1+1808,lenstool_best,0.6,1.0,-0.5,0.25,0.0,2.0,tidal,H,T023_tensor_axis_ratio_2.0,tensor_axis_ratio,2.0,0.0626999255660395,0.5992436883324687,0.5753703702717501,16.625575962060807
RXC J0032.1+1808,lenstool_best,0.6,1.0,-0.5,0.25,0.0,3.0,tidal,H,T024_tensor_axis_ratio_3.0,tensor_axis_ratio,3.0,0.06527855833531546,0.5923069537718824,0.572795088089812,15.808041823434255
RXC J0032.1+1808,lenstool_best,0.6,1.0,-0.5,0.25,0.0,1.5,radial,H,T025_tensor_orientation_radial,tensor_orientation,radial,0.06003423136567816,0.6155621772544557,0.5749503047552148,17.403699162321708
RXC J0032.1+1808,lenstool_best,0.6,1.0,-0.5,0.25,0.0,1.5,external,H,T026_tensor_orientation_external,tensor_orientation,external,0.06088433025839564,0.612284154667869,0.5702466581925899,17.735412009621566
RXC J0032.1+1808,lenstool_best,0.6,1.0,-0.5,0.25,0.0,1.5,tidal,none,T027_shape_gate_none,shape_gate,none,0.06761616833027238,0.564094492177929,0.6206797674924478,17.750494711136206
RXC J0032.1+1808,lenstool_best,0.6,1.0,-0.5,0.25,0.0,1.5,tidal,sqrt_H,T028_shape_gate_sqrt_H,shape_gate,sqrt_H,0.06405303258108003,0.5844813640347803,0.5969485499933519,17.414498427310157
RXC J0032.1+1808,lenstool_best,0.6,1.0,-0.5,0.25,0.0,1.5,tidal,H2,T029_shape_gate_H2,shape_gate,H2,0.0564844926580792,0.6422709763742186,0.5414055184621765,16.52561178083586
RXC J0032.1+1808,lenstool_best,,,,,,,,,LOCAL75,control,LOCAL75,0.06320691002143142,0.7087023691491401,0.5093696969714196,10.934969352720172
RXC J0032.1+1808,lenstool_best,,,,,,,,,CENTRAL100,control,CENTRAL100,0.1239963641466373,0.43063360767581627,0.820542324669769,19.444800635696577
RXC J0032.1+1808,lenstool_best,,,,,,,,,C0351,control,C0351,0.05688220497375454,0.622847029624273,0.612586175891031,23.20753634904914
RXC J0032.1+1808,lenstool_best,,,,,,,,,W060,control,W060,0.057838261296834684,0.6190305117912945,0.5890415010535588,22.043402610190768
RXC J0032.1+1808,glafic_best,0.6,1.0,-0.5,0.25,0.0,1.5,tidal,H,T000_BASE,baseline,base,0.10170262057192515,0.3918183912216109,0.7336528840172338,36.80322730116711
RXC J0032.1+1808,glafic_best,0.3,1.0,-0.5,0.25,0.0,1.5,tidal,H,T001_fraction_max_0.3,fraction_max,0.3,0.07526512743482362,0.6394829500631767,0.5940769914280728,37.62065881812896
RXC J0032.1+1808,glafic_best,0.45,1.0,-0.5,0.25,0.0,1.5,tidal,H,T002_fraction_max_0.45,fraction_max,0.45,0.08651862404239961,0.5093408863872046,0.6575713147816965,37.18898158870432
RXC J0032.1+1808,glafic_best,0.75,1.0,-0.5,0.25,0.0,1.5,tidal,H,T003_fraction_max_0.75,fraction_max,0.75,0.12073021728130143,0.29883292637348224,0.817850156982789,36.46210044993486
RXC J0032.1+1808,glafic_best,1.0,1.0,-0.5,0.25,0.0,1.5,tidal,H,T004_fraction_max_1.0,fraction_max,1.0,0.16229258702596633,0.1899558443361702,0.9683270235313753,35.98901571333245
RXC J0032.1+1808,glafic_best,0.6,0.5,-0.5,0.25,0.0,1.5,tidal,H,T005_length_over_R80_0.5,length_over_R80,0.5,0.10405544096567695,0.38557839479832856,0.7425876247071328,46.447605873485685
RXC J0032.1+1808,glafic_best,0.6,0.75,-0.5,0.25,0.0,1.5,tidal,H,T006_length_over_R80_0.75,length_over_R80,0.75,0.11240232037612718,0.3335537076656057,0.7886118275076746,43.297782988312946
RXC J0032.1+1808,glafic_best,0.6,1.25,-0.5,0.25,0.0,1.5,tidal,H,T007_length_over_R80_1.25,length_over_R80,1.25,0.09309472126941243,0.5187714886365606,0.6511910148459187,30.84125272671846
RXC J0032.1+1808,glafic_best,0.6,1.5,-0.5,0.25,0.0,1.5,tidal,H,T008_length_over_R80_1.5,length_over_R80,1.5,0.08894483019783304,0.6933616180463965,0.5870010027697088,24.46899378579424
RXC J0032.1+1808,glafic_best,0.6,1.0,-1.0,0.25,0.0,1.5,tidal,H,T009_radius_exponent_-1.0,radius_exponent,-1.0,0.10069947976150459,0.42563330719533116,0.7021775736504271,32.87689814256111
RXC J0032.1+1808,glafic_best,0.6,1.0,-0.75,0.25,0.0,1.5,tidal,H,T010_radius_exponent_-0.75,radius_exponent,-0.75,0.10027980778761805,0.4096630128848415,0.7168354110136077,34.32177897462139
RXC J0032.1+1808,glafic_best,0.6,1.0,-0.25,0.25,0.0,1.5,tidal,H,T011_radius_exponent_-0.25,radius_exponent,-0.25,0.10940621608470166,0.35024302670554713,0.7677552502141072,41.59241208340477
RXC J0032.1+1808,glafic_best,0.6,1.0,0.0,0.25,0.0,1.5,tidal,H,T012_radius_exponent_0.0,radius_exponent,0.0,0.1188559459614327,0.3042722322256305,0.8172615826606847,45.10401961973403
RXC J0032.1+1808,glafic_best,0.6,1.0,-0.5,0.1,0.0,1.5,tidal,H,T013_width_over_R80_0.1,width_over_R80,0.1,0.11917326063900391,0.2922647528555055,0.9566279024267312,37.38879942528394
RXC J0032.1+1808,glafic_best,0.6,1.0,-0.5,0.175,0.0,1.5,tidal,H,T014_width_over_R80_0.175,width_over_R80,0.175,0.10688039024432854,0.3452858062757703,0.8071143129372338,36.88047655308347
RXC J0032.1+1808,glafic_best,0.6,1.0,-0.5,0.35,0.0,1.5,tidal,H,T015_width_over_R80_0.35,width_over_R80,0.35,0.09962654578887115,0.45316526228527787,0.6816518689468645,35.650863891369724
RXC J0032.1+1808,glafic_best,0.6,1.0,-0.5,0.5,0.0,1.5,tidal,H,T016_width_over_R80_0.5,width_over_R80,0.5,0.09962899891138613,0.5489925898156719,0.6456642499960015,33.29843848480506
RXC J0032.1+1808,glafic_best,0.6,1.0,-0.5,0.25,0.25,1.5,tidal,H,T017_external_direction_mix_0.25,external_direction_mix,0.25,0.1165491160934771,0.3261963426146647,0.7520908297741138,39.801585434261035
RXC J0032.1+1808,glafic_best,0.6,1.0,-0.5,0.25,0.5,1.5,tidal,H,T018_external_direction_mix_0.5,external_direction_mix,0.5,0.1304505857777995,0.27729518930107105,0.7500671943544588,47.526271335839624
RXC J0032.1+1808,glafic_best,0.6,1.0,-0.5,0.25,0.75,1.5,tidal,H,T019_external_direction_mix_0.75,external_direction_mix,0.75,0.12023856594978566,0.34079818854655064,0.7230355377014828,45.97823280867829
RXC J0032.1+1808,glafic_best,0.6,1.0,-0.5,0.25,1.0,1.5,tidal,H,T020_external_direction_mix_1.0,external_direction_mix,1.0,0.11830330197371208,0.38433280582239093,0.7037400964517899,45.093669694945774
RXC J0032.1+1808,glafic_best,0.6,1.0,-0.5,0.25,0.0,1.0,tidal,H,T021_tensor_axis_ratio_1.0,tensor_axis_ratio,1.0,0.09956503781472997,0.4018168900959411,0.7291492947895838,36.675013247102626
RXC J0032.1+1808,glafic_best,0.6,1.0,-0.5,0.25,0.0,1.25,tidal,H,T022_tensor_axis_ratio_1.25,tensor_axis_ratio,1.25,0.10074130631220245,0.3959860789011592,0.7325285388998362,36.90279563950061
RXC J0032.1+1808,glafic_best,0.6,1.0,-0.5,0.25,0.0,2.0,tidal,H,T023_tensor_axis_ratio_2.0,tensor_axis_ratio,2.0,0.10348009594061604,0.38731705576851394,0.7315947419411564,36.382008787799805
RXC J0032.1+1808,glafic_best,0.6,1.0,-0.5,0.25,0.0,3.0,tidal,H,T024_tensor_axis_ratio_3.0,tensor_axis_ratio,3.0,0.10493702261969387,0.38933395601797505,0.7224478451884878,35.56361729516544
RXC J0032.1+1808,glafic_best,0.6,1.0,-0.5,0.25,0.0,1.5,radial,H,T025_tensor_orientation_radial,tensor_orientation,radial,0.09847496697963679,0.40367854794882746,0.7342205109083005,36.84471869994611
RXC J0032.1+1808,glafic_best,0.6,1.0,-0.5,0.25,0.0,1.5,external,H,T026_tensor_orientation_external,tensor_orientation,external,0.10141473645695306,0.395927041470569,0.7311743022549168,36.916317559652036
RXC J0032.1+1808,glafic_best,0.6,1.0,-0.5,0.25,0.0,1.5,tidal,none,T027_shape_gate_none,shape_gate,none,0.11202696760493375,0.3360139547936321,0.7807109217238938,36.60406025965676
RXC J0032.1+1808,glafic_best,0.6,1.0,-0.5,0.25,0.0,1.5,tidal,sqrt_H,T028_shape_gate_sqrt_H,shape_gate,sqrt_H,0.10653773516268747,0.363827023626088,0.7561180557540035,36.70516539576043
RXC J0032.1+1808,glafic_best,0.6,1.0,-0.5,0.25,0.0,1.5,tidal,H2,T029_shape_gate_H2,shape_gate,H2,0.09367469290991687,0.4473939011905948,0.6945517959291193,36.98944570534319
RXC J0032.1+1808,glafic_best,,,,,,,,,LOCAL75,control,LOCAL75,0.0762220545007407,0.7452854192139612,0.5588676162948002,36.01402793105801
RXC J0032.1+1808,glafic_best,,,,,,,,,CENTRAL100,control,CENTRAL100,0.20409948144866424,0.10818347416540532,1.0083418156959245,51.14048230580423
RXC J0032.1+1808,glafic_best,,,,,,,,,C0351,control,C0351,0.10442577964369049,0.37361452532885475,0.7929680589200593,46.85416040144322
RXC J0032.1+1808,glafic_best,,,,,,,,,W060,control,W060,0.10579928201296766,0.36660111106089943,0.7719588499969556,45.454633756176825
RXC J0142.9+4438,lenstool_best,0.6,1.0,-0.5,0.25,0.0,1.5,tidal,H,T000_BASE,baseline,base,0.02906491699795847,0.9435393865835485,0.2586955500643209,19.77505653670075
RXC J0142.9+4438,lenstool_best,0.3,1.0,-0.5,0.25,0.0,1.5,tidal,H,T001_fraction_max_0.3,fraction_max,0.3,0.02968093333288858,0.9428722557911524,0.2610213182967342,19.492866903874514
RXC J0142.9+4438,lenstool_best,0.45,1.0,-0.5,0.25,0.0,1.5,tidal,H,T002_fraction_max_0.45,fraction_max,0.45,0.029370943808851663,0.9432283637555552,0.2598132018994511,19.632507425044782
RXC J0142.9+4438,lenstool_best,0.75,1.0,-0.5,0.25,0.0,1.5,tidal,H,T003_fraction_max_0.75,fraction_max,0.75,0.028763240566871746,0.9438036211224514,0.25767601289448494,19.920601895174595
RXC J0142.9+4438,lenstool_best,1.0,1.0,-0.5,0.25,0.0,1.5,tidal,H,T004_fraction_max_1.0,fraction_max,1.0,0.02827126465565787,0.9441352923482622,0.25621692935176754,20.170085103422004
RXC J0142.9+4438,lenstool_best,0.6,0.5,-0.5,0.25,0.0,1.5,tidal,H,T005_length_over_R80_0.5,length_over_R80,0.5,0.02907293182030508,0.9458684712842836,0.25869751837449856,19.69137443793947
RXC J0142.9+4438,lenstool_best,0.6,0.75,-0.5,0.25,0.0,1.5,tidal,H,T006_length_over_R80_0.75,length_over_R80,0.75,0.028671503080111887,0.9460205209558747,0.2547129243296382,19.453225158114016
RXC J0142.9+4438,lenstool_best,0.6,1.25,-0.5,0.25,0.0,1.5,tidal,H,T007_length_over_R80_1.25,length_over_R80,1.25,0.029307841330053815,0.9437857109940259,0.2595578015343425,19.69746089360391
RXC J0142.9+4438,lenstool_best,0.6,1.5,-0.5,0.25,0.0,1.5,tidal,H,T008_length_over_R80_1.5,length_over_R80,1.5,0.029984635481562598,0.9441842134150565,0.2619666879301257,19.69551968390155
RXC J0142.9+4438,lenstool_best,0.6,1.0,-1.0,0.25,0.0,1.5,tidal,H,T009_radius_exponent_-1.0,radius_exponent,-1.0,0.02903811155134203,0.9428255192326882,0.26027975086739896,19.697461141959984
RXC J0142.9+4438,lenstool_best,0.6,1.0,-0.75,0.25,0.0,1.5,tidal,H,T010_radius_exponent_-0.75,radius_exponent,-0.75,0.029016285703280114,0.9433214853642349,0.25914853866339255,19.73239304005026
RXC J0142.9+4438,lenstool_best,0.6,1.0,-0.25,0.25,0.0,1.5,tidal,H,T011_radius_exponent_-0.25,radius_exponent,-0.25,0.028865999443458665,0.9442334020501649,0.25754282085362246,19.197599314532386
RXC J0142.9+4438,lenstool_best,0.6,1.0,0.0,0.25,0.0,1.5,tidal,H,T012_radius_exponent_0.0,radius_exponent,0.0,0.03132277753792551,0.9360293135837984,0.2762045562223663,23.475682640996318
RXC J0142.9+4438,lenstool_best,0.6,1.0,-0.5,0.1,0.0,1.5,tidal,H,T013_width_over_R80_0.1,width_over_R80,0.1,0.03056440548808966,0.9318367088520082,0.2789100865194619,19.857095553598942
RXC J0142.9+4438,lenstool_best,0.6,1.0,-0.5,0.175,0.0,1.5,tidal,H,T014_width_over_R80_0.175,width_over_R80,0.175,0.02959579936140469,0.9397556998402795,0.2642993907467264,19.80971303891598
RXC J0142.9+4438,lenstool_best,0.6,1.0,-0.5,0.35,0.0,1.5,tidal,H,T015_width_over_R80_0.35,width_over_R80,0.35,0.029101492693250228,0.9452222085697886,0.25832844868080906,19.694412484124
RXC J0142.9+4438,lenstool_best,0.6,1.0,-0.5,0.5,0.0,1.5,tidal,H,T016_width_over_R80_0.5,width_over_R80,0.5,0.02982569959805238,0.9450290423528748,0.26180635828929844,19.458078395949382
RXC J0142.9+4438,lenstool_best,0.6,1.0,-0.5,0.25,0.25,1.5,tidal,H,T017_external_direction_mix_0.25,external_direction_mix,0.25,0.029027653001009703,0.9440505205337703,0.2586069002510773,19.918044009633707
RXC J0142.9+4438,lenstool_best,0.6,1.0,-0.5,0.25,0.5,1.5,tidal,H,T018_external_direction_mix_0.5,external_direction_mix,0.5,0.02925689359591029,0.9454210471833155,0.2574673824181159,20.089249348236685
RXC J0142.9+4438,lenstool_best,0.6,1.0,-0.5,0.25,0.75,1.5,tidal,H,T019_external_direction_mix_0.75,external_direction_mix,0.75,0.029194559227878898,0.9463094027240578,0.25652964585826177,19.438627541736793
RXC J0142.9+4438,lenstool_best,0.6,1.0,-0.5,0.25,1.0,1.5,tidal,H,T020_external_direction_mix_1.0,external_direction_mix,1.0,0.029069504443973417,0.947037799681291,0.2560406567186962,19.09706412712567
RXC J0142.9+4438,lenstool_best,0.6,1.0,-0.5,0.25,0.0,1.0,tidal,H,T021_tensor_axis_ratio_1.0,tensor_axis_ratio,1.0,0.029119918698653373,0.9432518893482658,0.259371935444413,19.812842933727072
RXC J0142.9+4438,lenstool_best,0.6,1.0,-0.5,0.25,0.0,1.25,tidal,H,T022_tensor_axis_ratio_1.25,tensor_axis_ratio,1.25,0.029103946514089842,0.9433258491427468,0.259097628572644,19.78819879851015
RXC J0142.9+4438,lenstool_best,0.6,1.0,-0.5,0.25,0.0,2.0,tidal,H,T023_tensor_axis_ratio_2.0,tensor_axis_ratio,2.0,0.02909402633193238,0.943603665112209,0.25873348005706576,19.744414091118827
RXC J0142.9+4438,lenstool_best,0.6,1.0,-0.5,0.25,0.0,3.0,tidal,H,T024_tensor_axis_ratio_3.0,tensor_axis_ratio,3.0,0.029213751660251815,0.943809944726792,0.2588404904672853,19.689359362194004
RXC J0142.9+4438,lenstool_best,0.6,1.0,-0.5,0.25,0.0,1.5,radial,H,T025_tensor_orientation_radial,tensor_orientation,radial,0.02912263155677077,0.9434676039802149,0.2585973845163411,19.734675199675326
RXC J0142.9+4438,lenstool_best,0.6,1.0,-0.5,0.25,0.0,1.5,external,H,T026_tensor_orientation_external,tensor_orientation,external,0.02905706330505839,0.9437340293749829,0.2583289352734792,19.74868338961383
RXC J0142.9+4438,lenstool_best,0.6,1.0,-0.5,0.25,0.0,1.5,tidal,none,T027_shape_gate_none,shape_gate,none,0.024612562787973885,0.9339630908636367,0.2802377292728415,24.101956749770366
RXC J0142.9+4438,lenstool_best,0.6,1.0,-0.5,0.25,0.0,1.5,tidal,sqrt_H,T028_shape_gate_sqrt_H,shape_gate,sqrt_H,0.02723345802929515,0.944346868180612,0.2542344195743359,20.759521617032117
RXC J0142.9+4438,lenstool_best,0.6,1.0,-0.5,0.25,0.0,1.5,tidal,H2,T029_shape_gate_H2,shape_gate,H2,0.03012289235518579,0.9422983665847376,0.26285954139460255,19.301249734027717
RXC J0142.9+4438,lenstool_best,,,,,,,,,LOCAL75,control,LOCAL75,0.027413305261261112,0.9619905016213992,0.272303040843252,19.465761133377377
RXC J0142.9+4438,lenstool_best,,,,,,,,,CENTRAL100,control,CENTRAL100,0.02334098114336021,0.922025633148109,0.29838868914526406,34.33975579019691
RXC J0142.9+4438,lenstool_best,,,,,,,,,C0351,control,C0351,0.03096439215916498,0.9341214133796788,0.2810376043272586,18.28130996908341
RXC J0142.9+4438,lenstool_best,,,,,,,,,W060,control,W060,0.024102377850659933,0.9560318596973797,0.23121389651681817,18.78268945098011
RXC J0142.9+4438,glafic_best,0.6,1.0,-0.5,0.25,0.0,1.5,tidal,H,T000_BASE,baseline,base,0.028333246467656427,0.9510515976227611,0.24846001364329878,13.550541599871684
RXC J0142.9+4438,glafic_best,0.3,1.0,-0.5,0.25,0.0,1.5,tidal,H,T001_fraction_max_0.3,fraction_max,0.3,0.02898710304213012,0.9502994440331335,0.2514554275206659,13.27822674327006
RXC J0142.9+4438,glafic_best,0.45,1.0,-0.5,0.25,0.0,1.5,tidal,H,T002_fraction_max_0.45,fraction_max,0.45,0.02865835575625803,0.9506980112367659,0.24991676474290458,13.412887203288298
RXC J0142.9+4438,glafic_best,0.75,1.0,-0.5,0.25,0.0,1.5,tidal,H,T003_fraction_max_0.75,fraction_max,0.75,0.028012149653298415,0.9513584882263935,0.24709302493316884,13.691278309675695
RXC J0142.9+4438,glafic_best,1.0,1.0,-0.5,0.25,0.0,1.5,tidal,H,T004_fraction_max_1.0,fraction_max,1.0,0.02748701789717184,0.9517614246004527,0.24503705605935225,13.932940295026825
RXC J0142.9+4438,glafic_best,0.6,0.5,-0.5,0.25,0.0,1.5,tidal,H,T005_length_over_R80_0.5,length_over_R80,0.5,0.028594870405699024,0.9523446362848446,0.25214591558482424,13.635241530548514
RXC J0142.9+4438,glafic_best,0.6,0.75,-0.5,0.25,0.0,1.5,tidal,H,T006_length_over_R80_0.75,length_over_R80,0.75,0.02800303226756385,0.9532912848272058,0.24525861834720727,13.248973064033677
RXC J0142.9+4438,glafic_best,0.6,1.25,-0.5,0.25,0.0,1.5,tidal,H,T007_length_over_R80_1.25,length_over_R80,1.25,0.028646333655506735,0.9511543606389485,0.25019647209230883,13.489480099192653
RXC J0142.9+4438,glafic_best,0.6,1.5,-0.5,0.25,0.0,1.5,tidal,H,T008_length_over_R80_1.5,length_over_R80,1.5,0.029323645335026752,0.9511120336012467,0.2545939788970587,13.473698920296295
RXC J0142.9+4438,glafic_best,0.6,1.0,-1.0,0.25,0.0,1.5,tidal,H,T009_radius_exponent_-1.0,radius_exponent,-1.0,0.028395308668887245,0.9502776620912932,0.25029267183027376,13.515187667525355
RXC J0142.9+4438,glafic_best,0.6,1.0,-0.75,0.25,0.0,1.5,tidal,H,T010_radius_exponent_-0.75,radius_exponent,-0.75,0.028353665170513225,0.9507453647195968,0.2491202182524355,13.541550014477604
RXC J0142.9+4438,glafic_best,0.6,1.0,-0.25,0.25,0.0,1.5,tidal,H,T011_radius_exponent_-0.25,radius_exponent,-0.25,0.028238891468527334,0.9517675838235464,0.24732483948937622,13.002319160604891
RXC J0142.9+4438,glafic_best,0.6,1.0,0.0,0.25,0.0,1.5,tidal,H,T012_radius_exponent_0.0,radius_exponent,0.0,0.030618967377795146,0.9438591142801952,0.2671158717245289,17.653676048545773
RXC J0142.9+4438,glafic_best,0.6,1.0,-0.5,0.1,0.0,1.5,tidal,H,T013_width_over_R80_0.1,width_over_R80,0.1,0.02969080800366694,0.9411565464147538,0.26346550251467443,13.611360107974056
RXC J0142.9+4438,glafic_best,0.6,1.0,-0.5,0.175,0.0,1.5,tidal,H,T014_width_over_R80_0.175,width_over_R80,0.175,0.028797830834441755,0.9481349671111081,0.25136752474770546,13.575528811322041
RXC J0142.9+4438,glafic_best,0.6,1.0,-0.5,0.35,0.0,1.5,tidal,H,T015_width_over_R80_0.35,width_over_R80,0.35,0.028378579855808404,0.9522660767854468,0.25014501714179543,13.475000058499184
RXC J0142.9+4438,glafic_best,0.6,1.0,-0.5,0.5,0.0,1.5,tidal,H,T016_width_over_R80_0.5,width_over_R80,0.5,0.0290822404912585,0.9520552748420292,0.25463244206430785,13.244879175717223
RXC J0142.9+4438,glafic_best,0.6,1.0,-0.5,0.25,0.25,1.5,tidal,H,T017_external_direction_mix_0.25,external_direction_mix,0.25,0.028250634290014433,0.9514030727637484,0.24908611884355375,13.67782198113007
RXC J0142.9+4438,glafic_best,0.6,1.0,-0.5,0.25,0.5,1.5,tidal,H,T018_external_direction_mix_0.5,external_direction_mix,0.5,0.02829727449163938,0.9526988858125642,0.24863028946269033,13.845267786411661
RXC J0142.9+4438,glafic_best,0.6,1.0,-0.5,0.25,0.75,1.5,tidal,H,T019_external_direction_mix_0.75,external_direction_mix,0.75,0.02844515204502689,0.953129050807186,0.24886150872419258,13.226048160327759
RXC J0142.9+4438,glafic_best,0.6,1.0,-0.5,0.25,1.0,1.5,tidal,H,T020_external_direction_mix_1.0,external_direction_mix,1.0,0.028415481317073724,0.9536647697233372,0.2490262331611583,12.915555463286845
RXC J0142.9+4438,glafic_best,0.6,1.0,-0.5,0.25,0.0,1.0,tidal,H,T021_tensor_axis_ratio_1.0,tensor_axis_ratio,1.0,0.028379409234203137,0.9507540961196559,0.24922493414522884,13.58442016110079
RXC J0142.9+4438,glafic_best,0.6,1.0,-0.5,0.25,0.0,1.25,tidal,H,T022_tensor_axis_ratio_1.25,tensor_axis_ratio,1.25,0.028366840303900277,0.9508302960311599,0.2488808808218624,13.557852945742056
RXC J0142.9+4438,glafic_best,0.6,1.0,-0.5,0.25,0.0,2.0,tidal,H,T023_tensor_axis_ratio_2.0,tensor_axis_ratio,2.0,0.02836817076737443,0.9510872156780271,0.2486316780326068,13.519794067732619
RXC J0142.9+4438,glafic_best,0.6,1.0,-0.5,0.25,0.0,3.0,tidal,H,T024_tensor_axis_ratio_3.0,tensor_axis_ratio,3.0,0.02849216843393594,0.9512447229651562,0.24905970562348972,13.467735498324043
RXC J0142.9+4438,glafic_best,0.6,1.0,-0.5,0.25,0.0,1.5,radial,H,T025_tensor_orientation_radial,tensor_orientation,radial,0.028383076227903314,0.9511775742923644,0.2478349718130566,13.507554459349642
RXC J0142.9+4438,glafic_best,0.6,1.0,-0.5,0.25,0.0,1.5,external,H,T026_tensor_orientation_external,tensor_orientation,external,0.02831500717619323,0.9513072390957874,0.2479633952101919,13.522034301281526
RXC J0142.9+4438,glafic_best,0.6,1.0,-0.5,0.25,0.0,1.5,tidal,none,T027_shape_gate_none,shape_gate,none,0.023312513750368323,0.9424462589987872,0.2612732309817207,17.790109340792085
RXC J0142.9+4438,glafic_best,0.6,1.0,-0.5,0.25,0.0,1.5,tidal,sqrt_H,T028_shape_gate_sqrt_H,shape_gate,sqrt_H,0.026371417276887334,0.9521323771625148,0.2416526234708477,14.505822964451294
RXC J0142.9+4438,glafic_best,0.6,1.0,-0.5,0.25,0.0,1.5,tidal,H2,T029_shape_gate_H2,shape_gate,H2,0.029454916050599484,0.9496660422315876,0.25374377213184235,13.093756064345335
RXC J0142.9+4438,glafic_best,,,,,,,,,LOCAL75,control,LOCAL75,0.02701456240342944,0.9614146392676263,0.28298318085954954,13.256510283949643
RXC J0142.9+4438,glafic_best,,,,,,,,,CENTRAL100,control,CENTRAL100,0.019731777780012644,0.9235611164470152,0.29717689806509606,28.457758526555903
RXC J0142.9+4438,glafic_best,,,,,,,,,C0351,control,C0351,0.03017388241285761,0.948388338752188,0.24813815506987202,12.563485829169478
RXC J0142.9+4438,glafic_best,,,,,,,,,W060,control,W060,0.02378246342265377,0.9618907612218134,0.22336351662483037,12.982883312307354
RXC J0600.1-2007,lenstool_best,0.6,1.0,-0.5,0.25,0.0,1.5,tidal,H,T000_BASE,baseline,base,0.08430884648219808,0.6099492611862853,0.7025524311452787,32.80180580356022
RXC J0600.1-2007,lenstool_best,0.3,1.0,-0.5,0.25,0.0,1.5,tidal,H,T001_fraction_max_0.3,fraction_max,0.3,0.08549242138325064,0.6139404204490394,0.7003875033092446,31.046736627564396
RXC J0600.1-2007,lenstool_best,0.45,1.0,-0.5,0.25,0.0,1.5,tidal,H,T002_fraction_max_0.45,fraction_max,0.45,0.08475073773315267,0.6121289089659826,0.7012013493460582,31.908531930672485
RXC J0600.1-2007,lenstool_best,0.75,1.0,-0.5,0.25,0.0,1.5,tidal,H,T003_fraction_max_0.75,fraction_max,0.75,0.08414815986198113,0.6073689207473114,0.7044900149526973,33.728002254674344
RXC J0600.1-2007,lenstool_best,1.0,1.0,-0.5,0.25,0.0,1.5,tidal,H,T004_fraction_max_1.0,fraction_max,1.0,0.08449083015272243,0.6020852126046192,0.7091671012974534,35.349071521721534
RXC J0600.1-2007,lenstool_best,0.6,0.5,-0.5,0.25,0.0,1.5,tidal,H,T005_length_over_R80_0.5,length_over_R80,0.5,0.09504934778354926,0.5984213403236724,0.7062057051323647,30.255670943981123
RXC J0600.1-2007,lenstool_best,0.6,0.75,-0.5,0.25,0.0,1.5,tidal,H,T006_length_over_R80_0.75,length_over_R80,0.75,0.08507282110705769,0.619046640614158,0.7041126210202736,31.97259159469401
RXC J0600.1-2007,lenstool_best,0.6,1.25,-0.5,0.25,0.0,1.5,tidal,H,T007_length_over_R80_1.25,length_over_R80,1.25,0.0876510255943406,0.6048584434197621,0.6998446395493183,33.29879262813921
RXC J0600.1-2007,lenstool_best,0.6,1.5,-0.5,0.25,0.0,1.5,tidal,H,T008_length_over_R80_1.5,length_over_R80,1.5,0.08888541077376058,0.6101655283418167,0.6896575385878019,33.70747498396171
RXC J0600.1-2007,lenstool_best,0.6,1.0,-1.0,0.25,0.0,1.5,tidal,H,T009_radius_exponent_-1.0,radius_exponent,-1.0,0.08964489156826808,0.6097668412884202,0.7026017516898514,33.18548409526907
RXC J0600.1-2007,lenstool_best,0.6,1.0,-0.75,0.25,0.0,1.5,tidal,H,T010_radius_exponent_-0.75,radius_exponent,-0.75,0.08649975007616109,0.6086539555482957,0.6988597370299175,32.919634810967004
RXC J0600.1-2007,lenstool_best,0.6,1.0,-0.25,0.25,0.0,1.5,tidal,H,T011_radius_exponent_-0.25,radius_exponent,-0.25,0.08630673057350914,0.6109385238075206,0.7140049350835127,32.05058344871917
RXC J0600.1-2007,lenstool_best,0.6,1.0,0.0,0.25,0.0,1.5,tidal,H,T012_radius_exponent_0.0,radius_exponent,0.0,0.09447735808631746,0.5837447720800751,0.7336162463689753,30.777680151982093
RXC J0600.1-2007,lenstool_best,0.6,1.0,-0.5,0.1,0.0,1.5,tidal,H,T013_width_over_R80_0.1,width_over_R80,0.1,0.0897733479971454,0.5921741279982031,0.7532028858596457,32.80325454096374
RXC J0600.1-2007,lenstool_best,0.6,1.0,-0.5,0.175,0.0,1.5,tidal,H,T014_width_over_R80_0.175,width_over_R80,0.175,0.08558219460482228,0.6035898692733925,0.7222669350222447,32.876633199045024
RXC J0600.1-2007,lenstool_best,0.6,1.0,-0.5,0.35,0.0,1.5,tidal,H,T015_width_over_R80_0.35,width_over_R80,0.35,0.08293887513373965,0.6161733264500491,0.6822250907300998,32.82337064764023
RXC J0600.1-2007,lenstool_best,0.6,1.0,-0.5,0.5,0.0,1.5,tidal,H,T016_width_over_R80_0.5,width_over_R80,0.5,0.08207164127886837,0.6197906257857337,0.6655594760341154,32.62687849860456
RXC J0600.1-2007,lenstool_best,0.6,1.0,-0.5,0.25,0.25,1.5,tidal,H,T017_external_direction_mix_0.25,external_direction_mix,0.25,0.08278672254407449,0.6172303016435566,0.6918711897035629,32.39627415707915
RXC J0600.1-2007,lenstool_best,0.6,1.0,-0.5,0.25,0.5,1.5,tidal,H,T018_external_direction_mix_0.5,external_direction_mix,0.5,0.0802662868697272,0.6276125246173588,0.6759685273797773,31.693702081718
RXC J0600.1-2007,lenstool_best,0.6,1.0,-0.5,0.25,0.75,1.5,tidal,H,T019_external_direction_mix_0.75,external_direction_mix,0.75,0.07696269507296497,0.6335466561565486,0.6642999246270408,31.13542088188851
RXC J0600.1-2007,lenstool_best,0.6,1.0,-0.5,0.25,1.0,1.5,tidal,H,T020_external_direction_mix_1.0,external_direction_mix,1.0,0.07424979598337031,0.636712416471489,0.6568037449351629,30.75016566911092
RXC J0600.1-2007,lenstool_best,0.6,1.0,-0.5,0.25,0.0,1.0,tidal,H,T021_tensor_axis_ratio_1.0,tensor_axis_ratio,1.0,0.08422482584145134,0.6110452672533055,0.7016359814199369,32.69976071976041
RXC J0600.1-2007,lenstool_best,0.6,1.0,-0.5,0.25,0.0,1.25,tidal,H,T022_tensor_axis_ratio_1.25,tensor_axis_ratio,1.25,0.08399380459195069,0.6108218511094706,0.7017658319222059,32.761581183884275
RXC J0600.1-2007,lenstool_best,0.6,1.0,-0.5,0.25,0.0,2.0,tidal,H,T023_tensor_axis_ratio_2.0,tensor_axis_ratio,2.0,0.08443480000354833,0.6096531327384842,0.7009176464778099,32.86643532099542
RXC J0600.1-2007,lenstool_best,0.6,1.0,-0.5,0.25,0.0,3.0,tidal,H,T024_tensor_axis_ratio_3.0,tensor_axis_ratio,3.0,0.08431430878342218,0.6096505784510684,0.6975562974648338,33.076122692180114
RXC J0600.1-2007,lenstool_best,0.6,1.0,-0.5,0.25,0.0,1.5,radial,H,T025_tensor_orientation_radial,tensor_orientation,radial,0.08489910822973151,0.6095581346718524,0.7071328974309694,32.60558748691598
RXC J0600.1-2007,lenstool_best,0.6,1.0,-0.5,0.25,0.0,1.5,external,H,T026_tensor_orientation_external,tensor_orientation,external,0.0842336031868595,0.6111508777298278,0.7036452776376649,32.649020200374046
RXC J0600.1-2007,lenstool_best,0.6,1.0,-0.5,0.25,0.0,1.5,tidal,none,T027_shape_gate_none,shape_gate,none,0.09158501332156688,0.5740752448848978,0.7406522021976241,41.47265028412897
RXC J0600.1-2007,lenstool_best,0.6,1.0,-0.5,0.25,0.0,1.5,tidal,sqrt_H,T028_shape_gate_sqrt_H,shape_gate,sqrt_H,0.08463787470571783,0.6009678789169741,0.7102424749980677,35.65858177335529
RXC J0600.1-2007,lenstool_best,0.6,1.0,-0.5,0.25,0.0,1.5,tidal,H2,T029_shape_gate_H2,shape_gate,H2,0.08619118429533525,0.6149834279616803,0.7001164079572028,30.474748070308337
RXC J0600.1-2007,lenstool_best,,,,,,,,,LOCAL75,control,LOCAL75,0.07280295876743167,0.661100364307618,0.5595888483904164,28.307896824608463
RXC J0600.1-2007,lenstool_best,,,,,,,,,CENTRAL100,control,CENTRAL100,0.08291962372309417,0.6373600853554162,0.6465736532097819,36.45064243466297
RXC J0600.1-2007,lenstool_best,,,,,,,,,C0351,control,C0351,0.0839932895385577,0.6058369152080079,0.711849510982149,38.00522319611113
RXC J0600.1-2007,lenstool_best,,,,,,,,,W060,control,W060,0.07862832474382726,0.6223958461809366,0.6450673069899091,37.52035811494248
RXC J0600.1-2007,glafic_best,0.6,1.0,-0.5,0.25,0.0,1.5,tidal,H,T000_BASE,baseline,base,0.026967578518701435,0.9281492514218527,0.31605921757339145,29.163110038995615
RXC J0600.1-2007,glafic_best,0.3,1.0,-0.5,0.25,0.0,1.5,tidal,H,T001_fraction_max_0.3,fraction_max,0.3,0.03098405338938199,0.9196765818256567,0.3331888133649933,31.028661214138094
RXC J0600.1-2007,glafic_best,0.45,1.0,-0.5,0.25,0.0,1.5,tidal,H,T002_fraction_max_0.45,fraction_max,0.45,0.02883582802572108,0.9240650261292405,0.324341679933018,30.110690685163934
RXC J0600.1-2007,glafic_best,0.75,1.0,-0.5,0.25,0.0,1.5,tidal,H,T003_fraction_max_0.75,fraction_max,0.75,0.025358333355391796,0.9318818855337444,0.3084856493319746,28.18449163847692
RXC J0600.1-2007,glafic_best,1.0,1.0,-0.5,0.25,0.0,1.5,tidal,H,T004_fraction_max_1.0,fraction_max,1.0,0.023231240068786678,0.9371815048128908,0.297896114573121,26.48033364942993
RXC J0600.1-2007,glafic_best,0.6,0.5,-0.5,0.25,0.0,1.5,tidal,H,T005_length_over_R80_0.5,length_over_R80,0.5,0.036967556130119164,0.9174118346222265,0.33087179539048356,31.79076399759785
RXC J0600.1-2007,glafic_best,0.6,0.75,-0.5,0.25,0.0,1.5,tidal,H,T006_length_over_R80_0.75,length_over_R80,0.75,0.029045461514678624,0.9315741158215516,0.3179555686977578,29.874271282014504
RXC J0600.1-2007,glafic_best,0.6,1.25,-0.5,0.25,0.0,1.5,tidal,H,T007_length_over_R80_1.25,length_over_R80,1.25,0.029303803370685846,0.9241168879944414,0.31771223907052515,29.639865968924376
RXC J0600.1-2007,glafic_best,0.6,1.5,-0.5,0.25,0.0,1.5,tidal,H,T008_length_over_R80_1.5,length_over_R80,1.5,0.032901519366431334,0.9210225829973184,0.31894294986087424,30.69479721726729
RXC J0600.1-2007,glafic_best,0.6,1.0,-1.0,0.25,0.0,1.5,tidal,H,T009_radius_exponent_-1.0,radius_exponent,-1.0,0.03208016383762548,0.9239711310952984,0.3239455287410171,30.810446634446503
RXC J0600.1-2007,glafic_best,0.6,1.0,-0.75,0.25,0.0,1.5,tidal,H,T010_radius_exponent_-0.75,radius_exponent,-0.75,0.02821135632817795,0.9268293330699457,0.3144599825908459,29.74203771877469
RXC J0600.1-2007,glafic_best,0.6,1.0,-0.25,0.25,0.0,1.5,tidal,H,T011_radius_exponent_-0.25,radius_exponent,-0.25,0.02938702716921907,0.9292060839422467,0.32508088446678857,29.856122420538433
RXC J0600.1-2007,glafic_best,0.6,1.0,0.0,0.25,0.0,1.5,tidal,H,T012_radius_exponent_0.0,radius_exponent,0.0,0.03713326116732592,0.9064672650380767,0.36288162339571184,32.00929793291279
RXC J0600.1-2007,glafic_best,0.6,1.0,-0.5,0.1,0.0,1.5,tidal,H,T013_width_over_R80_0.1,width_over_R80,0.1,0.032673281705098686,0.9176743925668962,0.36788694409675043,28.992390498736142
RXC J0600.1-2007,glafic_best,0.6,1.0,-0.5,0.175,0.0,1.5,tidal,H,T014_width_over_R80_0.175,width_over_R80,0.175,0.028062045850895792,0.926510007110751,0.33192015063922153,28.989000828099574
RXC J0600.1-2007,glafic_best,0.6,1.0,-0.5,0.35,0.0,1.5,tidal,H,T015_width_over_R80_0.35,width_over_R80,0.35,0.026806001272607745,0.9282091490838181,0.3034411808740538,29.309583455713017
RXC J0600.1-2007,glafic_best,0.6,1.0,-0.5,0.5,0.0,1.5,tidal,H,T016_width_over_R80_0.5,width_over_R80,0.5,0.02782466949470886,0.9253792096959377,0.2986581982424764,29.646197690588522
RXC J0600.1-2007,glafic_best,0.6,1.0,-0.5,0.25,0.25,1.5,tidal,H,T017_external_direction_mix_0.25,external_direction_mix,0.25,0.027249851031262966,0.9290986818815252,0.31047919232958315,29.537991646726176
RXC J0600.1-2007,glafic_best,0.6,1.0,-0.5,0.25,0.5,1.5,tidal,H,T018_external_direction_mix_0.5,external_direction_mix,0.5,0.02761336336051458,0.9298616228400844,0.30327921094096694,30.12993390714883
RXC J0600.1-2007,glafic_best,0.6,1.0,-0.5,0.25,0.75,1.5,tidal,H,T019_external_direction_mix_0.75,external_direction_mix,0.75,0.02775396191228098,0.9289914574564871,0.299782064126412,30.54572695599373
RXC J0600.1-2007,glafic_best,0.6,1.0,-0.5,0.25,1.0,1.5,tidal,H,T020_external_direction_mix_1.0,external_direction_mix,1.0,0.02723108571223761,0.928083022230093,0.297904536524695,30.82409965778606
RXC J0600.1-2007,glafic_best,0.6,1.0,-0.5,0.25,0.0,1.0,tidal,H,T021_tensor_axis_ratio_1.0,tensor_axis_ratio,1.0,0.02701330551112232,0.9283132982818219,0.31577582852188835,29.22980056473252
RXC J0600.1-2007,glafic_best,0.6,1.0,-0.5,0.25,0.0,1.25,tidal,H,T022_tensor_axis_ratio_1.25,tensor_axis_ratio,1.25,0.026844730195304034,0.9283501683132148,0.31564764963287095,29.180937752514616
RXC J0600.1-2007,glafic_best,0.6,1.0,-0.5,0.25,0.0,2.0,tidal,H,T023_tensor_axis_ratio_2.0,tensor_axis_ratio,2.0,0.027074127079461954,0.9280500515336385,0.3146082172987506,29.12864592768818
RXC J0600.1-2007,glafic_best,0.6,1.0,-0.5,0.25,0.0,3.0,tidal,H,T024_tensor_axis_ratio_3.0,tensor_axis_ratio,3.0,0.02724313006756983,0.9275075954610977,0.3127792979034851,29.010323404797028
RXC J0600.1-2007,glafic_best,0.6,1.0,-0.5,0.25,0.0,1.5,radial,H,T025_tensor_orientation_radial,tensor_orientation,radial,0.02743131682700653,0.9280517886115472,0.31998275894847017,29.404765117940954
RXC J0600.1-2007,glafic_best,0.6,1.0,-0.5,0.25,0.0,1.5,external,H,T026_tensor_orientation_external,tensor_orientation,external,0.027279144851690654,0.9285650265047586,0.3171334573249779,29.368905276716866
RXC J0600.1-2007,glafic_best,0.6,1.0,-0.5,0.25,0.0,1.5,tidal,none,T027_shape_gate_none,shape_gate,none,0.021582908730217634,0.9433518197727009,0.2919092561313103,20.125972421841883
RXC J0600.1-2007,glafic_best,0.6,1.0,-0.5,0.25,0.0,1.5,tidal,sqrt_H,T028_shape_gate_sqrt_H,shape_gate,sqrt_H,0.022915342834287818,0.9380151595415908,0.29628005279465086,26.156124966084818
RXC J0600.1-2007,glafic_best,0.6,1.0,-0.5,0.25,0.0,1.5,tidal,H2,T029_shape_gate_H2,shape_gate,H2,0.03263470091994965,0.9165226289862187,0.3395001739863889,31.640143494244594
RXC J0600.1-2007,glafic_best,,,,,,,,,LOCAL75,control,LOCAL75,0.027978957071853258,0.9266758219011665,0.2813178785446926,33.92346004815886
RXC J0600.1-2007,glafic_best,,,,,,,,,CENTRAL100,control,CENTRAL100,0.025876771981222114,0.9377525974334198,0.27125006595456497,25.955950276014846
RXC J0600.1-2007,glafic_best,,,,,,,,,C0351,control,C0351,0.02012132675807437,0.9488477394458147,0.27840861223398433,23.53931528815062
RXC J0600.1-2007,glafic_best,,,,,,,,,W060,control,W060,0.017710140429984797,0.9553907222546917,0.22239211341450218,24.07385391078064
