{
  "x_grid": [
    0.2,
    0.3183673469387755,
    0.43673469387755104,
    0.5551020408163265,
    0.673469387755102,
    0.7918367346938775,
    0.9102040816326531,
    1.0285714285714285,
    1.146938775510204,
    1.2653061224489794,
    1.383673469387755,
    1.5020408163265304,
    1.620408163265306,
    1.7387755102040814,
    1.857142857142857,
    1.9755102040816324,
    2.093877551020408,
    2.2122448979591836,
    2.330612244897959,
    2.4489795918367347,
    2.5673469387755103,
    2.6857142857142855,
    2.804081632653061,
    2.9224489795918367,
    3.0408163265306123,
    3.159183673469388,
    3.277551020408163,
    3.3959183673469386,
    3.5142857142857142,
    3.63265306122449,
    3.751020408163265,
    3.8693877551020406,
    3.987755102040816,
    4.106122448979591,
    4.224489795918367,
    4.3428571428571425,
    4.461224489795918,
    4.579591836734694,
    4.697959183673469,
    4.816326530612245,
    4.9346938775510205,
    5.053061224489796,
    5.171428571428571,
    5.289795918367346,
    5.408163265306122,
    5.526530612244898,
    5.644897959183673,
    5.763265306122449,
    5.881632653061224,
    6.0
  ],
  "norm_radius": "Rd",
  "norm_velocity": "Vf",
  "grid_min": 0.2,
  "grid_max": 6.0,
  "grid_k": 50,
  "meta_columns": [
    "name",
    "T",
    "D",
    "e_D",
    "f_D",
    "Inc",
    "e_Inc",
    "L36",
    "Reff",
    "SBeff",
    "Rd",
    "SBdisk",
    "MHI",
    "RHI",
    "Vf",
    "e_Vf",
    "Q",
    "Mbar",
    "Sigma0",
    "HSB_LSB"
  ]
}