galaxy,radius_kpc,gbar_m_s2,gobs_m_s2,predicted_acceleration_m_s2,log_residual_dex
CamB,1.238125,3.3342945111448085e-12,2.964443093915351e-11,2.171632546870033e-11,0.1351567760246737
CamB,1.5076488095238096,2.232930496934445e-12,3.4848249952651896e-11,1.7511069310637445e-11,0.2988683060925797
D512-2,1.6042105263157893,4.298569649519006e-12,2.5300802592498978e-11,2.492889695427613e-11,0.006431235683496973
D564-8,1.00839590443686,1.855731859487035e-12,1.2745807419339206e-11,1.5869820343048843e-11,-0.09520465798641686
D564-8,1.5125938566552901,1.5514826280342813e-12,1.461007950141878e-11,1.4435142033951495e-11,0.00523151771469415
D564-8,2.01679180887372,1.2341109940625968e-12,1.3405150424080689e-11,1.2796842968438037e-11,0.020168851020281674
D564-8,2.5308759954493745,9.671961473393975e-13,1.2829098735749957e-11,1.1264111998553271e-11,0.05649918759021464
D564-8,3.0350739476678044,7.702984013626352e-13,1.1607943119571083e-11,1.0004645928730126e-11,0.06455354807041333
D631-7,1.3167746113989638,8.76415994142242e-12,2.3703595917339096e-11,3.700912779305463e-11,-0.1934946150667362
D631-7,1.7556994818652851,7.953840649130841e-12,2.510994499020105e-11,3.504172732616428e-11,-0.1447397445987143
D631-7,2.1946243523316062,6.846992884536259e-12,2.5332481782345125e-11,3.222390995631117e-11,-0.10450049631640893
D631-7,2.623795336787565,5.965438815855545e-12,2.6491861673208133e-11,2.9848889422250924e-11,-0.05181569839520596
D631-7,3.062720207253886,5.0573374329378764e-12,2.7230117763580523e-11,2.7250071442654885e-11,-0.0003181256610671696
D631-7,3.501645077720207,4.3153872177659395e-12,2.7418048750233065e-11,2.4982088753050212e-11,0.04040779735585484
D631-7,3.940569948186529,3.7107867824039704e-12,2.790355815838429e-11,2.3011744108731132e-11,0.08371005041560102
D631-7,4.37949481865285,3.1613983856365177e-12,2.8288797445169174e-11,2.1100807855084928e-11,0.1273154032213191
D631-7,4.818419689119171,2.7236491878728415e-12,2.8776334661760084e-11,1.9474664817113145e-11,0.16956548391103124
D631-7,5.257344559585492,2.3386156001562166e-12,2.8134901868703735e-11,1.7948635446513203e-11,0.19521396799727808
D631-7,5.696269430051814,2.0202873809126436e-12,2.764484470596176e-11,1.6602290175748635e-11,0.22144615443215465
D631-7,6.135194300518135,1.7517080824393958e-12,2.5755049816782896e-11,1.53919337445644e-11,0.22356920899983465
D631-7,6.574119170984456,1.526155476229744e-12,2.3382612757385726e-11,1.4310290450211065e-11,0.2132445887601744
D631-7,7.013044041450778,1.3333358387593426e-12,2.161631503387438e-11,1.3327500448469385e-11,0.21003295527465043
DDO064,1.7168823529411763,8.844141291472338e-12,4.0794366224716934e-11,3.719946190132708e-11,0.04006353262365128
DDO064,1.899529411764706,8.73823784348613e-12,3.7031276580576456e-11,3.6947298357892846e-11,0.0009859961321945076
DDO064,2.0730441176470586,8.222429433193802e-12,3.378564251210037e-11,3.5702017800839186e-11,-0.023960579737651335
DDO154,0.9483415841584159,3.1384844185244977e-12,1.6772596214400904e-11,2.1018172340898204e-11,-0.0979946569190194
DDO154,1.4177227722772276,3.2850197587478182e-12,2.0084542996971917e-11,2.1542312887094404e-11,-0.03043037516737032
DDO154,1.8871039603960396,3.334959362516376e-12,2.125445620682593e-11,2.1718665904665333e-11,-0.009383146608400788
DDO154,2.366064356435644,3.120635020335855e-12,2.10260530922713e-11,2.095362349560445e-11,0.0014986206625925394
DDO154,2.8354455445544553,3.0478879309593778e-12,2.1209716027501136e-11,2.068890689214517e-11,0.010797308752156603
DDO154,3.3144059405940594,3.026015009574552e-12,2.046075253471189e-11,2.060878950224922e-11,-0.0031308806173152752
DDO154,3.7837871287128713,2.7258559786013198e-12,1.9314918081308585e-11,1.948313223378768e-11,-0.0037659075837153627
DDO154,4.253168316831683,2.3039296958160176e-12,1.800950173165097e-11,1.780599348413397e-11,0.004935487257353083
DDO154,4.732128712871288,1.939511930111911e-12,1.6737674264030723e-11,1.6246163784562022e-11,0.012944284463940359
DDO154,5.201509900990098,1.6304753019998065e-12,1.47260014159356e-11,1.4818817965167702e-11,-0.002728725280174092
DDO154,5.670891089108911,1.3798233353902807e-12,1.2445979196693376e-11,1.3569981937773974e-11,-0.037550198864619445
DDO161,0.9938133333333333,7.3120762019098e-12,2.86840855160934e-11,3.342806797050748e-11,-0.06647026796559337
DDO161,1.3035733333333333,7.925776124396657e-12,2.8340432284327952e-11,3.497224200225927e-11,-0.09131700460042502
DDO161,1.60688,8.027782208661306e-12,2.6317947956866193e-11,3.52243486834439e-11,-0.12659094774332058
DDO161,1.9101866666666665,7.637268899068096e-12,2.526096997875013e-11,3.4252316599007265e-11,-0.13223992689665215
DDO161,2.2134933333333335,7.1107035152555725e-12,2.5416982565762388e-11,3.291048578398069e-11,-0.11221030182871769
DDO161,2.5168,6.649825016533856e-12,2.4726189136582087e-11,3.1703764117497625e-11,-0.10795364115406832
DDO161,2.8201066666666668,6.171234991870835e-12,2.505574960460245e-11,3.041515645874129e-11,-0.08418265459646897
DDO161,3.13632,5.751483689121472e-12,2.6022408665434586e-11,2.925182754834328e-11,-0.0508055115081112
DDO161,3.44608,5.412273787630813e-12,2.6268740178576374e-11,2.8286607324801963e-11,-0.0321416166404307
DDO161,3.749386666666666,5.096945182473493e-12,2.557064310532017e-11,2.7367171594010877e-11,-0.029488264523110434
DDO161,4.052693333333333,4.8504480853646594e-12,2.5476031615665427e-11,2.663222442179496e-11,-0.01927566266194188
DDO161,4.356,4.644635344120658e-12,2.5996042477724353e-11,2.600680953069652e-11,-0.0001798390502980028
DDO161,4.659306666666667,4.5086978825296486e-12,2.6108234728708757e-11,2.5587479529391884e-11,0.008750000385170603
DDO161,4.9626133333333335,4.4360372698467445e-12,2.5173897144488742e-11,2.536120849214377e-11,-0.0032194909340472026
DDO161,5.26592,4.380061062296055e-12,2.4754424568281966e-11,2.5185850372063808e-11,-0.00750378356428578
DDO161,5.57568,4.25939600593377e-12,2.4218854178744983e-11,2.4804660902991673e-11,-0.010379701972196821
DDO161,5.878986666666666,4.162976753166961e-12,2.3042455946170418e-11,2.4496842665803202e-11,-0.026581347032987035
DDO161,6.182293333333333,3.979552911218367e-12,2.2967829952986525e-11,2.3902969019669377e-11,-0.01733188448304495
DDO161,6.485600000000001,3.782383780414275e-12,2.2646842560662628e-11,2.3251724063242547e-11,-0.01144749946725608
DDO161,6.788906666666666,3.4839665879353343e-12,2.2906453245355214e-11,2.2238335678626963e-11,0.012855568322307689
DDO161,7.0922133333333335,3.1872372866801086e-12,2.1474411771747228e-11,2.119368695163557e-11,0.0057147612917002825
DDO161,7.39552,2.8919280715933127e-12,2.059369854899669e-11,2.011213885120107e-11,0.010276092583873193
DDO161,7.705279999999999,2.6226090730659784e-12,1.9647630202283494e-11,1.9083756842109643e-11,0.012646301158962973
DDO161,8.008586666666666,2.3807132557910443e-12,1.9017226863134736e-11,1.8120527668026108e-11,0.020976347234396793
DDO161,8.3248,2.1788563278155376e-12,1.8022016809572222e-11,1.7283697337287062e-11,0.018166737854003898
DDO161,8.628106666666666,1.977613117725515e-12,1.72837332762908e-11,1.6414942436414883e-11,0.02239819153687994
DDO168,0.7949176470588235,1.583291321779671e-11,2.993759698874232e-11,5.1983075165377376e-11,-0.23964502976189342
DDO168,1.2020705882352942,1.3293249751035353e-11,3.0827839769974583e-11,4.695447678533288e-11,-0.18273391251654447
DDO168,1.589835294117647,1.0387346687526148e-11,3.5823859118569203e-11,4.0753527296764605e-11,-0.0559928354063272
DDO168,1.9969882352941177,9.678684351057144e-12,4.21344382276041e-11,3.9148033858866894e-11,0.03192725264478011
DDO168,2.3944470588235296,8.469671892139344e-12,4.9269433484237544e-11,3.630253862009411e-11,0.13264057253166217
DDO168,2.8016,7.395325410492328e-12,4.3412278117377134e-11,3.364041138123092e-11,0.11075127857013854
DDO168,3.1990588235294117,6.413166410152753e-12,4.07986931743911e-11,3.107132602188514e-11,0.11828646448876785
DDO168,3.596517647058824,5.700292961573673e-12,3.655531618466327e-11,2.910766219022099e-11,0.09894321861827494
DDO168,3.9939764705882355,5.037185521301584e-12,2.942446305977311e-11,2.7190349204159642e-11,0.03429376129986402
DDO170,2.068363636363636,5.16262193156714e-12,2.919977889083763e-11,2.7560532575101883e-11,0.025091957307282812
DDO170,2.99174025974026,4.921549746887286e-12,3.095062794056463e-11,2.684575065882728e-11,0.06179391243343487
DDO170,3.9089610389610385,4.572654505673755e-12,2.6568252185909415e-11,2.5785406320141334e-11,0.012989005630956714
DDO170,4.832337662337662,4.137935321358459e-12,2.3873313565808677e-11,2.4416415989018276e-11,-0.009769213176336253
DDO170,5.749558441558441,3.4740022798201043e-12,2.0339687406370488e-11,2.2203881125257682e-11,-0.03808461943185738
DDO170,6.666779220779221,2.7534321417475873e-12,1.8140997822814978e-11,1.958869416033283e-11,-0.033344314414902154
DDO170,7.590155844155844,2.097430986748012e-12,1.7123984255252667e-11,1.6936611558057287e-11,0.004778292769046529
ESO079-G014,2.9618118466898955,3.519941342662835e-11,4.9868766497141044e-11,8.417242075349244e-11,-0.22734119134431535
ESO079-G014,3.6995121951219514,3.340620803050979e-11,5.831662071389355e-11,8.147980547661628e-11,-0.14525763362199615
ESO079-G014,4.833588850174216,2.8491562486555165e-11,6.95702137157105e-11,7.38702554566853e-11,-0.02604626340487681
ESO079-G014,6.220905923344948,2.491348476491638e-11,6.991253420876681e-11,6.807686154617958e-11,0.011555518982683319
ESO079-G014,6.980627177700349,2.4181664806941443e-11,8.067632721043574e-11,6.686076648750245e-11,0.08157476772677934
ESO079-G014,7.586202090592335,2.4430665707518858e-11,7.9966746461817e-11,6.72758301968069e-11,0.07505036086384925
ESO079-G014,9.182717770034843,2.6319600222282473e-11,8.34762450412802e-11,7.038246326855521e-11,0.07409844289492748
ESO079-G014,11.054494773519163,2.8636068406110648e-11,7.768354040636575e-11,7.409935774166538e-11,0.020514566469055383
ESO079-G014,12.827177700348432,2.738577156611039e-11,7.282146833857155e-11,7.210517970039285e-11,0.004292968066695228
ESO079-G014,14.709965156794425,2.462994697839384e-11,6.729102651272968e-11,6.760705207484192e-11,-0.0020348460154077934
ESO079-G014,16.581742160278747,2.111315297259196e-11,6.106735010453367e-11,6.162708737420635e-11,-0.003962567480185125
ESO079-G014,18.354425087108016,1.8188774711193784e-11,5.579456795785033e-11,5.6401884024038116e-11,-0.004701692214362716
ESO116-G012,1.1428461538461538,1.6576022248002632e-11,4.51485604695376e-11,5.3399805979951736e-11,-0.07289577139603134
ESO116-G012,1.900153846153846,2.1608153296000834e-11,4.501294098252936e-11,6.248719709568966e-11,-0.1424536554458296
ESO116-G012,2.5473076923076925,2.380321933530428e-11,5.836733141206741e-11,6.622732326359311e-11,-0.05486736477576653
ESO116-G012,3.6901538461538466,1.7387937350284486e-11,5.62103073489884e-11,5.492300755728873e-11,0.010061648981002154
ESO116-G012,4.392384615384615,1.7015407036133612e-11,5.094497308931621e-11,5.422720651060924e-11,-0.027115895363704585
ESO116-G012,5.0670769230769235,1.666855163205275e-11,5.3167542904667395e-11,5.3574665826028195e-11,-0.0033128805873795034
ESO116-G012,5.686692307692308,1.598540624629677e-11,5.900004043489823e-11,5.2275642337924526e-11,0.05255293135623726
ESO116-G012,7.201307692307693,1.3098743709075518e-11,4.937179609424249e-11,4.65559103918862e-11,0.025504103072848963
ESO116-G012,8.330384615384615,1.075607272724119e-11,4.5993836669320074e-11,4.157270400861906e-11,0.04389136545048389
ESO116-G012,9.376846153846154,9.06203770163379e-12,4.0114595423352596e-11,3.7714705220434883e-11,0.026791698870810517
ESO116-G012,10.40953846153846,8.352299431105586e-12,3.6807237017114614e-11,3.601830612821488e-11,0.009409932864762547
ESO116-G012,11.456,8.028938140420628e-12,3.4061522896301546e-11,3.522719844869415e-11,-0.014614044511596107
ESO116-G012,12.516230769230768,7.49634796909252e-12,3.1745640349456373e-11,3.3896842600347545e-11,-0.028475154960826338
ESO116-G012,13.576461538461537,6.2119627513120305e-12,2.979621832529159e-11,3.0526325098865036e-11,-0.010513377241808572
ESO444-G084,0.2734575569358178,6.241200199909939e-12,2.6862266726828024e-11,3.0605951554933424e-11,-0.056663229403742896
ESO444-G084,0.8098550724637681,9.48138474969771e-12,3.374990161865367e-11,3.869328356994107e-11,-0.05936307496914481
ESO444-G084,1.3567701863354036,9.02884556821514e-12,3.693855553197427e-11,3.763652453095945e-11,-0.008129604040336674
ESO444-G084,1.9036853002070393,7.887287812668232e-12,3.212203831528958e-11,3.4876793572340053e-11,-0.03573345507265396
ESO444-G084,2.440082815734989,6.522674960364466e-12,3.0240002854711004e-11,3.136510042522649e-11,-0.015864854578497806
ESO444-G084,3.5654658385093168,3.290112534948888e-12,2.4494740670602344e-11,2.156034887295194e-11,0.05541706188735293
ESO563-G021,3.2276315789473684,1.1811147530963782e-10,5.491293245856872e-11,1.877160736263623e-10,-0.5338268251829632
ESO563-G021,4.515789473684211,9.544193406613546e-11,1.0122374765552987e-10,1.6174064228687068e-10,-0.20353675103703217
ESO563-G021,5.803947368421053,8.659996862552427e-11,1.1056990495788492e-10,1.5129925686493104e-10,-0.13619985862047576
ESO563-G021,7.092105263157896,8.788407025865595e-11,1.7306778136498423e-10,1.528284794099471e-10,0.05401193423955104
ESO563-G021,8.380263157894737,9.549363161694849e-11,1.9847976371869587e-10,1.6180111115027747e-10,0.08873473450301037
ESO563-G021,9.682894736842107,9.887503708633373e-11,2.017377533650314e-10,1.6574263536802402e-10,0.08535294003400003
ESO563-G021,10.971052631578948,9.611498802248061e-11,2.1132139358017574e-10,1.6252739292961346e-10,0.11401689704302344
ESO563-G021,12.25921052631579,9.616197934246439e-11,2.1087861681295264e-10,1.6258228222954808e-10,0.1129593286980991
ESO563-G021,14.806578947368422,9.275206614599302e-11,1.8460923722036636e-10,1.5858544059893702e-10,0.06599011472284404
ESO563-G021,17.455263157894738,8.741024602454406e-11,1.7771298573308653e-10,1.5226474147798062e-10,0.0671198139952303
ESO563-G021,19.45263157894737,8.012127173525286e-11,1.5946567023370713e-10,1.4351039198077138e-10,0.045783851885871515
ESO563-G021,21.97105263157895,7.315375858863673e-11,1.4118699657055491e-10,1.3498233753916442e-10,0.01951775499754213
ESO563-G021,24.35921052631579,6.691268506877324e-11,1.3065266230806145e-10,1.271895636070249e-10,0.011666786526632437
ESO563-G021,26.86315789473684,5.830644267276206e-11,1.2074902596376436e-10,1.1615972790597345e-10,0.01682805008982234
ESO563-G021,29.381578947368425,5.260366518304693e-11,1.1179655262769512e-10,1.0863407657554134e-10,0.012462334728607123
ESO563-G021,31.75526315789474,4.9007221579479245e-11,1.0279232762772186e-10,1.0378269227457333e-10,-0.004164232410408902
ESO563-G021,34.27368421052632,4.5481256681973995e-11,9.464112845808555e-11,9.893594600114639e-11,-0.01927420076205532
ESO563-G021,36.77763157894737,4.011699704736729e-11,8.819763565082511e-11,9.136404485450631e-11,-0.01531837536125169
ESO563-G021,39.16578947368421,3.552175194761702e-11,8.02277254043741e-11,8.46521876231142e-11,-0.023313706467038425
ESO563-G021,41.684210526315795,3.087069657523411e-11,7.538063366119313e-11,7.75990683465113e-11,-0.012596723280020749
ESO563-G021,44.18815789473685,2.7118422940129533e-11,7.065404935240979e-11,7.167517489860179e-11,-0.006231704013604483
ESO563-G021,46.57631578947369,2.4642517906613016e-11,6.660095114794976e-11,6.762791755210062e-11,-0.006645583017501125
ESO563-G021,49.080263157894734,2.2616834380288693e-11,6.44323496337628e-11,6.42203475547777e-11,0.001431317312515289
ESO563-G021,51.598684210526315,2.049183400167423e-11,6.405949431858202e-11,6.053809058016612e-11,0.024554787208385328
ESO563-G021,53.98684210526316,1.8827371207050156e-11,6.160902226536004e-11,5.756545768642876e-11,0.02948235463593219
ESO563-G021,56.49078947368422,1.711550594571333e-11,5.851193882801561e-11,5.4414674458879317e-11,0.03152845364929911
ESO563-G021,58.99473684210526,1.561928149218894e-11,5.429127186294638e-11,5.157156179491303e-11,0.022319732047681666
ESO563-G021,61.382894736842104,1.4434167400586147e-11,5.118986676355488e-11,4.9251928883823814e-11,0.01676075546389518
F565-V2,6.885000000000001,3.4547740256077145e-12,2.352820748789047e-11,2.2137275721820002e-11,0.026464667146565566
F565-V2,8.253243243243244,3.5313903697690013e-12,2.2388901018260566e-11,2.240175160829178e-11,-0.000249201124146052
F565-V2,9.632432432432434,3.349136586338806e-12,2.1497313213070707e-11,2.176852623950191e-11,-0.005444843558223092
F568-3,1.7934466019417472,5.718235219408189e-12,2.0278101100908903e-11,2.9158250839438645e-11,-0.15773418374622167
F568-3,3.6267475728155336,6.640420867398108e-12,4.444380016637062e-11,3.167880431732376e-11,0.1470424049538769
F568-3,4.583252427184465,6.558456698695902e-12,5.1515341503361975e-11,3.14606667476923e-11,0.21416866076592495
F568-3,5.1212864077669895,6.2583218543028435e-12,4.9991166331364664e-11,3.0652512491807576e-11,0.21242719119522724
F568-3,5.370376213592232,6.253702459475015e-12,4.745021763538333e-11,3.063995542019321e-11,0.18995007962353627
F568-3,10.132973300970873,6.383017350213104e-12,3.2702655764777366e-11,3.09900981723796e-11,0.023360070882840187
F568-V1,2.845384615384616,1.3172342389121101e-11,5.640168087019792e-11,4.67069704812552e-11,0.08191034803435639
F568-V1,3.665769230769231,1.2758130982211702e-11,5.2386639418701576e-11,4.585280154464417e-11,0.05785466390297268
F568-V1,5.285769230769231,1.1233028885019777e-11,4.878576830045388e-11,4.261709086206725e-11,0.058709348369350385
F568-V1,6.095769230769231,9.846566357184835e-12,4.549475853110471e-11,3.9532243700773625e-11,0.06100990034610685
F571-8,2.5452157598499063,2.93612166947502e-11,4.0441128301267176e-11,7.524377039268738e-11,-0.26964728566345514
F571-8,4.45891181988743,2.0437548628083725e-11,3.452853743977596e-11,6.044243228868781e-11,-0.2431637497529537
F571-8,6.5831144465290805,1.2409190386925873e-11,3.580566928613175e-11,4.512545839497255e-11,-0.1004698305508111
F571-8,7.2337711069418384,1.0597262541581238e-11,3.381602215414247e-11,4.1221182389534535e-11,-0.08599792559314386
F571-8,9.128330206378987,6.811368671870327e-12,3.894379121890992e-11,3.213037138008128e-11,0.08352248287599795
F571-8,10.410506566604129,5.371350633337068e-12,3.8852158768983066e-11,2.8168532600216893e-11,0.13965093118820002
F571-8,11.692682926829269,4.341457751351469e-12,3.710673796186585e-11,2.5064377411257316e-11,0.17039585598862758
F571-8,13.816885553470918,3.3612192114706323e-12,3.588262297523187e-11,2.1810949598671996e-11,0.21620960774535297
F571-8,17.854784240150096,2.2321872067097874e-12,3.2912729648162e-11,1.7507960305974297e-11,0.274128349098759
F571-8,21.24202626641651,1.7318769368168962e-12,2.975165311138342e-11,1.5299417338837588e-11,0.28883621022141903
F571-8,29.75797373358349,9.695489189437923e-13,2.246842343981192e-11,1.1278410212080647e-11,0.29932471353556095
F571-V1,5.822721598002498,5.479627747052053e-12,3.2156124765270474e-11,2.8480160005070756e-11,0.052721280157543904
F571-V1,7.770287141073659,4.9577699832536794e-12,2.842114974276752e-11,2.6954039798653974e-11,0.02301777751309691
F571-V1,9.707865168539328,4.605408933196798e-12,2.6114482355292345e-11,2.588633064502938e-11,0.0038109275176578476
F571-V1,11.645443196004996,3.813555899584323e-12,2.272984050353474e-11,2.335561240216004e-11,-0.01179487104033186
F571-V1,13.57303370786517,2.820332173973683e-12,1.9317203472890324e-11,1.9842918224434354e-11,-0.011661288227643998
F574-1,2.3232954545454545,1.6612441482153784e-11,5.355850966416877e-11,5.3468670077029506e-11,0.0007291016395882162
F574-1,3.2526136363636367,1.2705475982447678e-11,5.824876224410268e-11,4.574350962056072e-11,0.10495721894785853
F574-1,4.172045454545454,1.096074330136919e-11,5.5765127257072706e-11,4.202291857202492e-11,0.1228764859064333
F574-1,5.11125,1.0083454901977002e-11,4.97814876873507e-11,4.007023126090373e-11,0.09424602215190706
F574-1,6.040568181818182,9.5647149297478e-12,4.468407696332004e-11,3.8885779192426387e-11,0.060361985402566785
F574-1,6.9698863636363635,8.740320954886314e-12,4.1458473973697314e-11,3.695226957965636e-11,0.04997219472267423
F574-1,7.899204545454546,8.290192782440689e-12,3.834176866158468e-11,3.5867287560881995e-11,0.02897360781359333
F574-1,8.818636363636363,7.545346266259217e-12,3.5514580054980604e-11,3.4020733218751066e-11,0.018663014346281558
F574-1,9.757840909090909,7.360085564197649e-12,3.310392738829836e-11,3.3550639603922986e-11,-0.005821283182232886
F574-1,10.667386363636362,7.279010497898091e-12,3.0903766113118513e-11,3.3343466004644524e-11,-0.03299933380859962
F574-1,11.665909090909091,7.134000790337055e-12,2.8660457456805853e-11,3.2970656628733264e-11,-0.06084447844174225
F574-1,12.456818181818182,6.918076196628015e-12,2.6948756812935154e-11,3.2409983566506066e-11,-0.08014007550202046
F583-1,1.6220338983050848,5.274808949532423e-12,2.110977281384553e-11,2.7888531762293436e-11,-0.12094209132089151
F583-1,2.081610169491525,4.611993846239062e-12,3.0247345073578166e-11,2.590658470805964e-11,0.06727709768831237
F583-1,3.0908757062146894,4.602905573037391e-12,3.29433143316247e-11,2.5878627617987286e-11,0.10482604881750325
F583-1,3.6856214689265534,4.643595341897151e-12,3.4230330380132574e-11,2.600362070127744e-11,0.11937726819987382
F583-1,3.9379378531073446,4.6161060691756835e-12,3.307887125527565e-11,2.591922717556126e-11,0.10592863358976887
F583-1,4.866101694915255,4.4998412420100705e-12,3.428753940451787e-11,2.5559980036083006e-11,0.12757580944448899
F583-1,5.478870056497175,4.4009225155388916e-12,3.227301652857833e-11,2.525131106927974e-11,0.10655562842456492
F583-1,5.794265536723163,4.3656865968508675e-12,2.969047729996528e-11,2.5140670137017136e-11,0.07224032947079112
F583-1,9.272627118644067,4.5553784833945975e-12,2.53923248652282e-11,2.5732055023867413e-11,-0.005772005659838478
F583-1,13.958502824858757,3.83979506660731e-12,1.7755755454927853e-11,2.344278555877759e-11,-0.12067005991660695
F583-4,3.6993621013133207,6.4062207779921916e-12,2.9276918471189645e-11,3.1052626488123877e-11,-0.025572976167687233
F583-4,4.1051594746716695,5.907784580646606e-12,2.853572112006433e-11,2.9688855945363165e-11,-0.017204610474017255
F583-4,4.718574108818011,5.4415502969965695e-12,2.7134287047700834e-11,2.8370856991316195e-11,-0.019354039622401432
F583-4,4.765759849906191,5.393735679695574e-12,2.9346391561416676e-11,2.8233164578382456e-11,0.016795148165318904
F583-4,5.501857410881801,4.7442213389079435e-12,2.4853894286291933e-11,2.6310814377600236e-11,-0.024739843890392754
F583-4,5.747223264540337,4.574708055482383e-12,2.5836905302850563e-11,2.5791742516169158e-11,0.00075980893843235
F583-4,6.360637898686679,4.518766619764682e-12,2.5419365214460768e-11,2.56187155356026e-11,-0.003392650485496883
F583-4,6.87968105065666,3.959658233660953e-12,2.54280393322276e-11,2.3837877743585718e-11,0.02804528643279747
IC2574,0.8217391304347825,2.454515525160986e-13,4.7918255089459664e-12,5.550821933548078e-12,-0.06385630056253709
IC2574,2.204194373401534,7.956468930610544e-13,1.1470745364771057e-11,1.0174487174422526e-11,0.0520791104465316
IC2574,2.465217391304347,9.109157008893442e-13,1.1552203458570243e-11,1.0917207460933675e-11,0.02455326579936117
IC2574,2.745575447570332,9.550379380548455e-13,1.1924495939231191e-11,1.1189969624549056e-11,0.027611122396726286
IC2574,3.2966240409207157,1.0038140595662582e-12,1.3634825379825609e-11,1.1484878517577178e-11,0.07452317457368292
IC2574,3.5769820971867006,9.027862953478267e-13,1.271100343459018e-11,1.0866296803730829e-11,0.06809827282253898
IC2574,4.679079283887467,1.1568885697518653e-12,1.1880153165056513e-11,1.2370379974417929e-11,-0.0175609999983453
IC2574,4.949769820971866,1.3005968361932139e-12,1.310171276656527e-11,1.3154442613331828e-11,-0.0017443766566934227
IC2574,5.230127877237851,1.31054018652308e-12,1.3060589833626352e-11,1.3207208314149155e-11,-0.004848237219188009
IC2574,5.491150895140664,1.3871917710945557e-12,1.3324872923830223e-11,1.3608076982766274e-11,-0.009133681520844738
IC2574,5.771508951406648,1.4214295457797646e-12,1.3666993601221614e-11,1.3783908293447224e-11,-0.0036993839326957476
IC2574,6.051867007672633,1.5938589843612917e-12,1.4725271071509264e-11,1.464202307741347e-11,0.00246221126964124
IC2574,6.322557544757032,1.7901833232786394e-12,1.5812569188959858e-11,1.5570115475440636e-11,0.00671060529262011
IC2574,6.6029156010230174,1.840619221244775e-12,1.5849435905047698e-11,1.5801141894400443e-11,0.001325336854397889
IC2574,6.86393861892583,1.9186256680797575e-12,1.5767928514685875e-11,1.6153023572008713e-11,-0.010479184473459172
IC2574,7.144296675191814,1.937825125086958e-12,1.6233966626388054e-11,1.6238658092613957e-11,-0.00012548895728336978
IC2574,7.4246547314577995,2.060223618781579e-12,1.7283786920183998e-11,1.6776049631818258e-11,0.012949201240690586
IC2574,7.695345268542199,2.1258966702572365e-12,1.583585978125276e-11,1.705860941070395e-11,-0.03230197768170988
IC2574,8.797442455242965,2.0363226833667916e-12,1.5698702129303182e-11,1.667223802074446e-11,-0.02613015272028112
IC2574,9.068132992327365,2.0865716237073766e-12,1.7829144472040102e-11,1.6889879775564375e-11,0.023503945925301934
IC2574,9.348491048593349,2.2316483154754514e-12,1.687773597705058e-11,1.7505705970876576e-11,-0.01586544088414071
IC2574,9.628849104859334,2.3063929630655984e-12,1.7355261962425428e-11,1.781615408188286e-11,-0.011382786660210732
IC4202,1.0198804780876494,2.711993960818537e-10,1.9283021756365985e-10,3.48759643497291e-10,-0.2573511338034222
IC4202,1.5137848605577688,2.2088698389151355e-10,2.831267983953136e-10,2.974911349532498e-10,-0.021493050593681222
IC4202,2.0076892430278885,1.9718866523575414e-10,3.928277499209699e-10,2.7293026355439853e-10,0.15815046481174383
IC4202,2.5336653386454184,1.9374567616990255e-10,4.715227615259902e-10,2.693342145892966e-10,0.24321113494790447
IC4202,3.03398406374502,1.9692525998261583e-10,4.445253108648207e-10,2.726554171659024e-10,0.2122823635931366
IC4202,3.5278884462151394,1.9330714159557278e-10,4.012612141806556e-10,2.688756319231315e-10,0.17387573886053337
IC4202,4.021792828685259,1.9012898511262992e-10,3.9000944178515385e-10,2.655483587860808e-10,0.16693149942172775
IC4202,4.541354581673307,2.0190297200434374e-10,3.8079216355821867e-10,2.778420133528213e-10,0.13689008493834137
IC4202,5.041673306772909,2.2105492381596364e-10,3.5498538951172565e-10,2.9766409838437616e-10,0.07648402169203565
IC4202,5.554820717131474,2.343510355379994e-10,3.5019631911604294e-10,3.1131468378467095e-10,0.051111971398368074
IC4202,6.061553784860557,2.3900229196562595e-10,3.2354575483574105e-10,3.1607085326008815e-10,0.010151257069899909
IC4202,6.568286852589641,2.3625313362646953e-10,2.8183384487747626e-10,3.132608270297672e-10,-0.04591294467916001
IC4202,7.068605577689243,2.2808294835901616e-10,2.640816282933957e-10,3.0488989850490277e-10,-0.0624048465911554
IC4202,7.562509960159362,2.1655610209860834e-10,2.4683456690358106e-10,2.9302573465249847e-10,-0.07449978489375327
IC4202,7.9986852589641435,2.045345994348642e-10,2.451890443622897e-10,2.805779736980585e-10,-0.058552513517340525
IC4202,8.556733067729084,1.8868224079600067e-10,2.1997612923102778e-10,2.640314694642661e-10,-0.07928013698331933
IC4202,9.050637450199202,1.7518485489824376e-10,2.2379496107847607e-10,2.498068866569824e-10,-0.047754102983149645
IC4202,9.358525896414342,1.674692010021762e-10,2.0280223659982365e-10,2.416114546752104e-10,-0.076044779821479
IC4202,9.608685258964144,1.6150364839545204e-10,2.008006616684204e-10,2.352396434791287e-10,-0.06874537298810371
IC4202,10.102589641434262,1.50370782565286e-10,1.9729682833053159e-10,2.2325797972680663e-10,-0.05368688671550142
IC4202,10.596494023904382,1.4014428527178837e-10,1.896207899250104e-10,2.1213563388580371e-10,-0.04872767465019545
IC4202,10.968525896414343,1.3280092034612226e-10,1.7880160135659372e-10,2.0407159931158679e-10,-0.05741116402325838
IC4202,11.468844621513943,1.2346541866831747e-10,1.641208928379145e-10,1.9371468929939674e-10,-0.07199868340980291
IC4202,11.962749003984063,1.1494153379584974e-10,1.6527698073734046e-10,1.8414238462819976e-10,-0.04694139232676408
IC4202,12.584940239043824,1.0526858659984429e-10,1.4100353867576098e-10,1.7312611704285114e-10,-0.08913257656529812
IC4202,13.329003984063746,9.534870356862969e-11,1.5074761547455106e-10,1.616315775994495e-10,-0.030275760671097517
IC4202,14.194940239043824,8.553578263319853e-11,1.2715688848652157e-10,1.5002840991697288e-10,-0.07183361416160523
IC4202,14.752988047808765,7.973987238928809e-11,1.3185652711064923e-10,1.4304782705121146e-10,-0.035379632160914706
IC4202,15.125019920318724,7.618434482722563e-11,1.2652199948862465e-10,1.3871244275476912e-10,-0.03994937314957831
IC4202,16.055099601593625,6.757753093456909e-11,1.1433794035950138e-10,1.2802731853350044e-10,-0.04911228477897838
IC4202,16.613147410358565,6.299612018508798e-11,1.1901218883210038e-10,1.2221440903081877e-10,-0.01153096940888349
KK98-251,0.6897058823529412,5.013460467879364e-12,2.3117398618848646e-11,2.711991278526442e-11,-0.0693493268424107
KK98-251,0.7734558823529413,5.315016335460983e-12,2.582462420382811e-11,2.800539560667454e-11,-0.03520770148246829
KK98-251,0.8473529411764706,5.544157516894931e-12,2.950875301108374e-11,2.8664698468778403e-11,0.01260347967220563
KK98-251,0.9311029411764706,5.658893169233937e-12,3.308091116220226e-11,2.8990689662791218e-11,0.05731891605232817
KK98-251,1.0148529411764706,5.635031726016321e-12,3.513354640091366e-11,2.8923114347902992e-11,0.08447693537310037
KK98-251,1.2119117647058824,5.168607911805004e-12,3.0697808327086675e-11,2.757810625819409e-11,0.046542929490742256
KK98-251,1.374485294117647,4.6486026661688e-12,2.922146629611417e-11,2.6018971346193357e-11,0.05041188165476412
KK98-251,1.541985294117647,3.844508515463756e-12,2.5448482171826273e-11,2.345841841597737e-11,0.03536315643572338
NGC0024,0.992876712328767,7.607925601029189e-11,1.841312602311422e-10,1.3858364773148113e-10,0.1234155371312752
NGC0024,1.1066438356164383,7.835737940420302e-11,1.7263558926746047e-10,1.413671456908633e-10,0.08678184217077685
NGC0024,1.2100684931506847,7.978715170239961e-11,1.6773277823058703e-10,1.4310519339788972e-10,0.0689625455177165
NGC0024,1.323835616438356,8.147598863552989e-11,1.622044427848238e-10,1.4514965026975322e-10,0.04824675161781428
NGC0024,1.4272602739726026,8.290967993114989e-11,1.6079794139024864e-10,1.4687822450558773e-10,0.039323070361624954
NGC0024,1.5306849315068491,8.495656844418178e-11,1.5845854738489914e-10,1.4933534801186167e-10,0.025753051989814063
NGC0024,1.6444520547945205,8.548200288949887e-11,1.6120947803756075e-10,1.499641003348301e-10,0.03140326538735661
NGC0024,1.7582191780821916,8.554046429971723e-11,1.520922422164353e-10,1.5003400783902883e-10,0.005917351843147257
NGC0024,1.8616438356164382,8.404714408056611e-11,1.5216002474740745e-10,1.4824519482094986e-10,0.011319945064964655
NGC0024,1.9754109589041093,8.229525163608206e-11,1.4764994886565384e-10,1.461381948344587e-10,0.0044695624565323725
NGC0024,2.0891780821917805,7.932350191180799e-11,1.5293377881646907e-10,1.4254231032740934e-10,0.03055962600647695
NGC0024,2.202945205479452,7.64103044318473e-11,1.4189379834761769e-10,1.3898924418732842e-10,0.00898222119928035
NGC0024,2.3063698630136984,7.359746823999991e-11,1.4407267765962974e-10,1.355305570866484e-10,0.026544404356826416
NGC0024,2.4201369863013693,7.12099083506896e-11,1.3997899227205973e-10,1.3257185381828513e-10,0.02361153336264169
NGC0024,2.5235616438356163,6.891450118702363e-11,1.4209859062406707e-10,1.297063200379769e-10,0.039628632562608256
NGC0024,2.626986301369863,6.640475500355543e-11,1.3650415792233214e-10,1.2654824395045453e-10,0.03288975716727959
NGC0024,7.312123287671232,1.5795408552917586e-11,4.632968061055442e-11,5.191097090553048e-11,-0.04939984543057292
NGC0024,8.780753424657533,1.0925597080738682e-11,4.007892660630086e-11,4.1945829513886774e-11,-0.01977270561303063
NGC0024,10.249383561643835,7.807187479639539e-12,3.630708507495117e-11,3.4677570963197885e-11,0.019942713719571323
NGC0024,11.655958904109587,5.869384644859991e-12,3.251423166171956e-11,2.958192064438285e-11,0.04104712801999386
NGC0055,1.5173459715639812,9.689202855133859e-12,3.195181925480821e-11,3.917217928210109e-11,-0.08848214269042338
NGC0055,2.028625592417062,9.6023017220584e-12,3.14019890041538e-11,3.897239926956301e-11,-0.09379998603087443
NGC0055,2.531658767772512,9.622715046221457e-12,3.399967770466884e-11,3.901938903760075e-11,-0.05980566473813387
NGC0055,3.0346919431279624,9.903472385025266e-12,3.814539971237096e-11,3.966191860847898e-11,-0.01693154889367471
NGC0055,3.545971563981043,1.0142090204047647e-11,4.03584338245246e-11,4.0202663232026223e-11,0.001679480432733731
NGC0055,4.049004739336493,9.902634228258144e-12,3.974087040774916e-11,3.9660010682774666e-11,0.0008845479803767068
NGC0055,4.552037914691943,9.539187522342145e-12,3.937995729413442e-11,3.8826877331509636e-11,0.006142777200709047
NGC0055,5.063317535545024,9.09508809290545e-12,3.728869318407755e-11,3.779244421679068e-11,-0.00582781732560053
NGC0055,5.566350710900474,8.624574416184959e-12,3.8351994778047444e-11,3.6675358071244406e-11,0.019413594888481038
NGC0055,6.077630331753555,8.15178355997669e-12,3.831110332976291e-11,3.5529159466146226e-11,0.03273972624866262
NGC0055,6.580663507109006,7.706767694523113e-12,3.7033092665246936e-11,3.442668954551523e-11,0.03169471871094509
NGC0055,7.083696682464455,7.393369869419517e-12,3.5306958046252826e-11,3.363543411131133e-11,0.021063264295956088
NGC0055,7.594976303317537,6.935593414676526e-12,3.2853084908050014e-11,3.2455722525595113e-11,0.005284874318040951
NGC0055,8.098009478672987,6.393848913732019e-12,3.190550966603228e-11,3.101929813618447e-11,0.012233719589557778
NGC0055,8.601042654028436,5.8474207568703265e-12,2.907830964691388e-11,2.9520630148639284e-11,-0.006556466798283202
NGC0055,9.112322274881517,5.216341791386202e-12,2.7446766481204686e-11,2.7717949306139216e-11,-0.004269908817050423
NGC0055,9.615355450236969,4.668326932324964e-12,2.650047785599257e-11,2.6079372914212167e-11,0.006956560741672624
NGC0055,10.126635071090048,4.311384659368555e-12,2.5104158026962846e-11,2.4969436960657494e-11,0.002336910576552185
NGC0055,10.6296682464455,4.027602375881003e-12,2.4643799791326166e-11,2.4059620461638927e-11,0.010418899783006851
NGC0055,11.132701421800949,3.762645819347194e-12,2.304815523717637e-11,2.3185757414984913e-11,-0.0025851172674500596
NGC0100,1.872666666666667,9.559563348873471e-12,3.155329550009443e-11,3.8873897221233065e-11,-0.09061335741651208
NGC0100,2.4144444444444444,9.410634973670503e-12,3.3422068820333306e-11,3.852934819263711e-11,-0.06175833290004502
NGC0100,2.956222222222222,9.290766673163262e-12,3.37674560838905e-11,3.8250534017882115e-11,-0.0541391590252064
NGC0100,3.498,9.223569190804746e-12,3.549857728195518e-11,3.80936379525693e-11,-0.030641502204760685
NGC0100,4.0280000000000005,9.012448955365444e-12,3.709364757658192e-11,3.75978637460677e-11,-0.005863628213692912
NGC0100,4.5697777777777775,8.291940513139186e-12,3.789562963669768e-11,3.5871543268596874e-11,0.023839065941757623
NGC0100,5.111555555555555,7.516201023239209e-12,3.671687263268583e-11,3.3947078236903593e-11,0.03406328168985691
NGC0100,5.641555555555556,6.871796252500953e-12,3.477040741893171e-11,3.2288923200995536e-11,0.03215621748747822
NGC0100,6.171555555555556,6.293866199291827e-12,3.2772456414518315e-11,3.074901106621096e-11,0.02767784176802204
NGC0100,6.713333333333334,5.649454905930833e-12,2.974750572449633e-11,2.896397434185434e-11,0.011592402687630744
NGC0100,7.255111111111112,5.035261324841193e-12,2.844534264230269e-11,2.718464157035761e-11,0.019687558289003607
NGC0100,8.43288888888889,4.044406591103293e-12,2.6730382780434916e-11,2.4114221968232948e-11,0.04473192370253113
NGC0100,8.85688888888889,3.805303252226083e-12,2.6188401130715158e-11,2.332814321755615e-11,0.050228811545649864
NGC0100,9.398666666666667,3.5428046006498033e-12,2.5561686873636534e-11,2.244094523230894e-11,0.05654836467486077
NGC0100,10.482222222222223,3.212606605186568e-12,2.4489285007971095e-11,2.128456752681455e-11,0.06091127526205157
NGC0100,11.012222222222222,3.1174312506350387e-12,2.404979335104742e-11,2.0942021085186033e-11,0.06009275651170987
NGC0247,0.9428108108108109,1.1761621401786438e-11,4.368580507474754e-11,4.3755694204970905e-11,-0.0006942348956590908
NGC0247,1.4054864864864864,1.414266383730529e-11,5.4073158899938296e-11,4.867125074897593e-11,0.045709234523173735
NGC0247,1.8768918918918918,1.4487488511363443e-11,6.402482548581226e-11,4.935769585711344e-11,0.11299352584749357
NGC0247,2.3570270270270273,1.4231828740727998e-11,6.053685740746598e-11,4.884931299894926e-11,0.09316141176805487
NGC0247,2.810972972972973,1.428252977233135e-11,5.560013203356353e-11,4.895038713156739e-11,0.05531969206526596
NGC0247,3.291108108108108,1.416799713710007e-11,5.093090538343105e-11,4.872188158255309e-11,0.01925734466973486
NGC0247,3.762513513513513,1.4008967389145205e-11,4.648509159854633e-11,4.8403513092974805e-11,-0.01756319250670067
NGC0247,4.233918918918919,1.3679686187203427e-11,4.354039102825355e-11,4.774020736482896e-11,-0.039991976039014894
NGC0247,4.696594594594594,1.3139273318259698e-11,4.1315165792933765e-11,4.663913425230009e-11,-0.05264098028381164
NGC0247,5.168,1.2698136054468275e-11,4.1023197539866304e-11,4.572826175629258e-11,-0.047155184798328795
NGC0247,5.639405405405405,1.2357471193797201e-11,4.0422967580616775e-11,4.501702832751183e-11,-0.04674862957183702
NGC0247,6.102081081081081,1.212344497662671e-11,3.931041934999637e-11,4.4524319130981585e-11,-0.05408961017575449
NGC0247,6.573486486486487,1.2014215871441623e-11,3.970573459836404e-11,4.429317298348273e-11,-0.04748355715486482
NGC0247,7.044891891891892,1.1802399398488264e-11,4.0174727615011516e-11,4.3842745471367485e-11,-0.037944801305985806
NGC0247,7.525027027027026,1.1604652972231337e-11,3.962816819972068e-11,4.3419570855232085e-11,-0.03968152905068619
NGC0247,7.978972972972973,1.1500595651313347e-11,3.965545343591869e-11,4.319583219739041e-11,-0.037138925268466655
NGC0247,8.459108108108108,1.1342336372065126e-11,3.9380236622554984e-11,4.2854124946560626e-11,-0.0367143101783433
NGC0247,8.930513513513514,1.1114726335165812e-11,3.929877521578681e-11,4.2359593882272244e-11,-0.032572772326922225
NGC0247,9.393189189189188,1.0828951688821333e-11,3.885743056282119e-11,4.173337593439626e-11,-0.031009437871953753
NGC0247,9.864594594594594,1.0440527683653429e-11,3.77224712870273e-11,4.0872334448985074e-11,-0.03482930678020569
NGC0247,10.336,9.933322924585618e-12,3.669769588032181e-11,3.972982907535493e-11,-0.034477899368864966
NGC0247,10.807405405405406,9.364562379163108e-12,3.509698862867611e-11,3.8422342693762024e-11,-0.0393139862288591
NGC0247,11.27008108108108,8.718276536205028e-12,3.365613626824247e-11,3.6899638954070604e-11,-0.039957859408383395
NGC0247,11.767675675675676,8.00635557236974e-12,3.2849876401688516e-11,3.517149604988519e-11,-0.029657101942504368
NGC0247,12.23035135135135,7.353336766552527e-12,3.28111367747831e-11,3.353342827444303e-11,-0.009456678377782994
NGC0247,12.693027027027025,6.753676545183096e-12,3.103237754873876e-11,3.1978479523221254e-11,-0.013042760181091146
NGC0289,5.386346153846154,1.5473483622588955e-10,2.0811844890889268e-10,2.2796954344337707e-10,-0.03956624899330662
NGC0289,7.542307692307692,8.358185268726377e-11,1.642172276049226e-10,1.476864905463432e-10,0.046077945349761514
NGC0289,9.655576923076923,5.315575628073482e-11,1.25517261724412e-10,1.0937122291151508e-10,0.0598003880300882
NGC0289,11.840000000000002,3.615709308311402e-11,9.042420438051126e-11,8.559419125190279e-11,0.023840403406060983
NGC0289,14.024423076923078,2.7371952191499987e-11,6.68876983929806e-11,7.208298432374774e-11,-0.032486506538087385
NGC0289,16.13769230769231,2.2279392942961517e-11,5.4574186516671097e-11,6.36433809958554e-11,-0.06676597224891113
NGC0289,18.322115384615387,1.819376463284017e-11,4.993420496792187e-11,5.6411028826102e-11,-0.05296588086642127
NGC0289,20.435384615384617,1.5073665990336497e-11,5.300158960841015e-11,5.051156377481574e-11,0.020898081096874955
NGC0289,22.619807692307692,1.324711539569029e-11,5.0123008347583214e-11,4.6860131746381525e-11,0.029233623879195914
NGC0289,24.74019230769231,1.1950556269223082e-11,4.6868655535778435e-11,4.4158106904161845e-11,0.02587204907626035
NGC0289,26.92461538461539,1.0571771785972189e-11,4.403389944650854e-11,4.11645781257206e-11,0.0292634774395816
NGC0289,29.03788461538462,9.465529807595022e-12,4.128167453490902e-11,3.865658605008883e-11,0.02853380879891155
NGC0289,31.222307692307695,8.368768643096558e-12,3.839346257451315e-11,3.605828033468776e-11,0.027252270587973196
NGC0289,33.33557692307693,7.431355915989929e-12,3.517357723498419e-11,3.3732025170757604e-11,0.01817412360191719
NGC0289,35.52,6.614310839051615e-12,3.191927955468089e-11,3.1609431729167965e-11,0.004236392180963948
NGC0289,37.70442307692308,5.945311112169822e-12,2.9394312176407707e-11,2.97930906126447e-11,-0.0058522552726579255
NGC0289,39.81769230769231,5.3954037625408755e-12,2.6888112238951172e-11,2.8237976461514904e-11,-0.02127325953480423
NGC0289,42.00211538461539,4.840806995462749e-12,2.431794683064851e-11,2.660317299708549e-11,-0.039006534047074645
NGC0289,44.11538461538462,4.304263385106759e-12,2.047875775642708e-11,2.494691512438282e-11,-0.08571324071245477
NGC0289,46.29980769230769,3.833673255374455e-12,1.951257078374795e-11,2.3422469680071276e-11,-0.07931819391775696
NGC0289,48.42019230769231,3.4649680189518302e-12,2.059534971895958e-11,2.2172606456315744e-11,-0.03204757784830286
NGC0289,50.60461538461539,3.1366175590554376e-12,1.9469610567091236e-11,2.1011428533355064e-11,-0.03309831558614819
NGC0300,1.3665384615384617,1.3403958458179817e-11,4.2737877356237876e-11,4.7180400832596504e-11,-0.042948677773335914
NGC0300,1.82875,1.2588195319207155e-11,4.254262054139646e-11,4.549949087361592e-11,-0.02918229897940972
NGC0300,2.2809134615384616,1.22846641537349e-11,4.059260200054312e-11,4.486410853613433e-11,-0.04345215196187379
NGC0300,2.7330769230769234,1.1802903398015498e-11,4.216546270094772e-11,4.3843820703070455e-11,-0.016951522655834005
NGC0300,3.1852403846153843,1.0851435187122888e-11,4.214299036416631e-11,4.178286323602879e-11,0.0037271514739258453
NGC0300,3.647451923076923,9.732949054647866e-12,4.948775867979198e-11,3.927249406986037e-11,0.1004093020945374
NGC0300,4.099615384615385,8.821791231414404e-12,4.6200845578941426e-11,3.714634098614488e-11,0.09473388315415793
NGC0300,4.561826923076923,8.277984213770167e-12,4.083140687486953e-11,3.583755019902096e-11,0.056656029815138176
NGC0300,5.013990384615385,7.547253063264827e-12,3.5475846537149935e-11,3.4025548161143e-11,0.01812763700322623
NGC0300,5.476201923076923,6.817564359533527e-12,3.1925985712786745e-11,3.214665321467374e-11,-0.0029914502951373743
NGC0300,6.842740384615384,6.811366928962649e-12,3.0651908832233667e-11,3.21303667990217e-11,-0.020458158301373493
NGC0300,8.209278846153845,5.9525175836167966e-12,2.613016245359309e-11,2.9813077342456726e-11,-0.057264696972235726
NGC0300,9.11360576923077,4.840132810695023e-12,2.5798234756979005e-11,2.660114059684009e-11,-0.01331026819698847
NGC0300,9.575817307692306,4.457676065798103e-12,2.6312896870510258e-11,2.54287520767409e-11,0.014843616005581695
NGC0300,10.007884615384617,3.9921858548878205e-12,2.4763321798678574e-11,2.394423104621803e-11,0.01460800682552853
NGC0300,10.500240384615383,3.5456606405881698e-12,2.29202040626547e-11,2.2450743844092026e-11,0.008987745174137186
NGC0801,0.4784386617100371,1.2428216993206117e-09,1.0254207046020476e-09,1.2946421013677945e-09,-0.101247643862499
NGC0801,0.6379182156133829,1.2263860909766522e-09,1.0250140336900497e-09,1.278671730987942e-09,-0.09602925240117853
NGC0801,0.8014869888475836,1.1877250219852824e-09,1.7003149438554363e-09,1.2411194642028005e-09,0.13671578518290986
NGC0801,1.11635687732342,1.106152520902134e-09,1.5100271920918059e-09,1.1619512039399356e-09,0.11379687773050912
NGC0801,1.4394052044609664,9.711295127237672e-10,1.276112526176956e-09,1.0310843199267593e-09,0.09259478924252396
NGC0801,4.330483271375464,2.965360490596678e-10,3.926926074346836e-10,3.742407044566844e-10,0.02090170364780409
NGC0801,7.217472118959107,1.4749076361900426e-10,2.274563404746003e-10,2.2013757658236074e-10,0.014203866370161033
NGC0801,10.0635687732342,9.293740884789137e-11,1.559593688514311e-10,1.5880341913468075e-10,-0.0078483798347582
NGC0801,12.950557620817843,6.913623932313727e-11,1.2340580989087062e-10,1.2998406403702292e-10,-0.022554504774780625
NGC0801,15.841635687732342,4.877062781561615e-11,9.817622622643681e-11,1.0346039371659517e-10,-0.022767792437573958
NGC0801,18.728624535315983,3.405803285339418e-11,7.929390200304714e-11,8.24632987354603e-11,-0.01702091392835879
NGC0801,21.615613382899628,2.561340120408712e-11,6.999355701251537e-11,6.922945975420929e-11,0.004767122025479101
NGC0801,24.461710037174722,2.0459225775868303e-11,6.184987334807024e-11,6.048064042014892e-11,0.009722433452979476
NGC0891,1.05832492431887,1.0865669424855856e-09,1.676726180166479e-09,1.1429554728740246e-09,0.166432833870315
NGC0891,2.6688193743693236,5.554525442878564e-10,4.4764396149630374e-10,6.285635747764921e-10,-0.14741647962729765
NGC0891,3.727144298688194,4.4787876686921036e-10,3.9079137460830747e-10,5.23754858177849e-10,-0.12718309478829376
NGC0891,4.7969727547931384,3.08338660210604e-10,3.3596337007281714e-10,3.860503100370492e-10,-0.060351976523327376
NGC0891,5.866801210898083,2.2092415435206899e-10,2.7224131304173944e-10,2.9752941849930604e-10,-0.038575882730394216
NGC0891,6.936629667003028,1.6796772148066203e-10,2.344212527312502e-10,2.4214249277724436e-10,-0.014074026562832284
NGC0891,8.006458123107972,1.3480113993592685e-10,2.0309772327147107e-10,2.062749729713404e-10,-0.006741483896216005
NGC0891,9.076286579212915,1.0899189093937937e-10,1.8237198830495127e-10,1.7738729958448015e-10,0.01203561062698226
NGC0891,10.123107971745712,9.324824602499783e-11,1.6351306678705288e-10,1.5916879692941921e-10,0.011694530377996684
NGC0891,11.192936427850656,7.731070559997976e-11,1.4919598362969176e-10,1.4009048273287136e-10,0.027348500234833217
NGC0891,12.239757820383453,6.635364067317957e-11,1.3643580081925757e-10,1.2648364375958644e-10,0.03289397602960432
NGC0891,13.32108980827447,5.7872249766846636e-11,1.22069097924822e-10,1.155933399255862e-10,0.023672922891477717
NGC0891,14.40242179616549,5.0272908819172596e-11,1.0890787662590754e-10,1.0550010335832823e-10,0.01380640558494871
NGC0891,15.48375378405651,4.5375590498351804e-11,9.946864119613019e-11,9.878920220563665e-11,0.002976707044695967
NGC0891,16.56508577194753,4.052183711970263e-11,9.21245190405701e-11,9.194473872081241e-11,0.0008483505241701275
NGC0891,17.634914228052473,3.5845773049779755e-11,8.574002491477634e-11,8.513320205961298e-11,0.0030846368394356026
NGC0891,18.716246215943492,3.16900100328731e-11,7.636059336660737e-11,7.88630253280748e-11,-0.014004138919771307
NGC0891,19.682542885973763,2.8277999560355347e-11,7.123524434357374e-11,7.353101967147503e-11,-0.013775670163366012
NGC1003,1.970526315789474,2.4654050092522396e-11,5.831042433454253e-11,6.764705594972051e-11,-0.0645026986605938
NGC1003,2.7473684210526317,2.4508271534296826e-11,6.056248015517158e-11,6.740491859508665e-11,-0.046487936447519175
NGC1003,3.533684210526316,2.1300868279326282e-11,5.5308288057602714e-11,6.195402652660242e-11,-0.04927932129176677
NGC1003,4.32,1.8702796065559456e-11,5.22568062875609e-11,5.733952557360288e-11,-0.04031123129755126
NGC1003,5.106315789473684,1.625183639336395e-11,5.1141295616632e-11,5.278450055723657e-11,-0.013734690378341696
NGC1003,5.892631578947369,1.2815851499316675e-11,4.8460835502179034e-11,4.597242121684138e-11,0.022893520217380697
NGC1003,6.669473684210526,1.0793587350518466e-11,4.769505296709315e-11,4.165546036552671e-11,0.05880139687918519
NGC1003,7.455789473684211,9.635449672470769e-12,4.6182274935412346e-11,3.904868409792051e-11,0.0728689192569244
NGC1003,8.242105263157894,8.461305201399568e-12,3.9378244641742596e-11,3.628232775661965e-11,0.03556121054287488
NGC1003,9.037894736842105,7.390721015584749e-12,3.4700382844720746e-11,3.362869139420203e-11,0.013624298550259543
NGC1003,9.795789473684211,6.4394251666018576e-12,3.2080805445006335e-11,3.114194932226692e-11,0.012899469841534984
NGC1003,10.620000000000001,5.7888750727044416e-12,2.729188984963176e-11,2.9356805358722356e-11,-0.03167518359688243
NGC1003,11.349473684210528,5.374523243868086e-12,2.5754386692203914e-11,2.8177699440733527e-11,-0.039054320214707096
NGC1003,12.173684210526316,4.951476800053094e-12,2.421353952016669e-11,2.6935248029936936e-11,-0.046262700068126314
NGC1003,12.997894736842106,4.565381952567399e-12,2.344601551846799e-11,2.57629575572486e-11,-0.04092666994449216
NGC1003,13.727368421052633,4.2347612169697095e-12,2.233776664767122e-11,2.472629138158961e-11,-0.04411923303510631
NGC1003,14.551578947368421,3.897340355276647e-12,2.2304083879112018e-11,2.3633098671477192e-11,-0.025136278537787517
NGC1003,15.281052631578948,3.5922940556765974e-12,2.2972481823882614e-11,2.2610268608007144e-11,0.006902194822791871
NGC1003,16.105263157894736,3.417776800855525e-12,2.179683128348392e-11,2.200867823073845e-11,-0.004200598439957638
NGC1003,16.84421052631579,3.067259138900507e-12,2.124332272454638e-11,2.075965647925519e-11,0.010002284135166298
NGC1003,17.66842105263158,2.79110121095471e-12,2.1824774498232336e-11,1.9732160813597857e-11,0.04377511887983836
NGC1003,18.492631578947368,2.4368449952173047e-12,2.1236412978669283e-11,1.8347684119894525e-11,0.06349990779672138
NGC1003,19.222105263157896,2.260627997694496e-12,1.9331302362044383e-11,1.7626601471687618e-11,0.040092528258615645
NGC1003,20.046315789473685,2.0955913070904164e-12,1.8191632439098258e-11,1.692870221851954e-11,0.03124800686385422
NGC1003,20.775789473684213,1.9013072681802187e-12,1.7552892950812545e-11,1.6075454643403043e-11,0.03818543980644827
NGC1003,21.6,1.7311128832619498e-12,1.7526220420443794e-11,1.5295843502294466e-11,0.05911483782446039
NGC1003,22.424210526315793,1.5421002048173848e-12,1.7196115098945205e-11,1.4388997721429658e-11,0.07739979950507693
NGC1003,23.15368421052632,1.513683455440775e-12,1.6961324932226854e-11,1.4248469055453107e-11,0.07569157057804761
NGC1003,23.977894736842106,1.4146159411955842e-12,1.6378300329657224e-11,1.3749069133652042e-11,0.07599553482087652
NGC1003,24.70736842105263,1.3187670207985818e-12,1.5894738548451854e-11,1.3250728944468732e-11,0.07901361844087998
NGC1003,25.531578947368423,1.3575282027192031e-12,1.6232063119571717e-11,1.3454155222223219e-11,0.08151728893073612
NGC1003,26.270526315789475,1.5698649396107589e-12,1.6055928979688263e-11,1.4525189854887254e-11,0.04351362081867183
NGC1003,27.094736842105267,1.5780634944042583e-12,1.502607726167261e-11,1.4565199687104283e-11,0.013529174453186
NGC1003,27.918947368421055,1.7266668886879727e-12,1.4844048220986013e-11,1.5275033611546246e-11,-0.01242981806007
NGC1003,28.64842105263158,1.8922582260048084e-12,1.4982679837524136e-11,1.603480021970021e-11,-0.029474054100851063
NGC1090,1.050810810810811,1.9526265020818916e-10,2.0560989950596666e-10,2.709195690969839e-10,-0.11979635536476645
NGC1090,2.43,1.3399664128232144e-10,2.0683525140938622e-10,2.0538939873378319e-10,0.0030465350065858117
NGC1090,3.342891891891892,1.1152617493950482e-10,2.3796568005998227e-10,1.8027252901905506e-10,0.12058477522147025
NGC1090,4.3411621621621626,9.962358422263458e-11,2.0749021890606837e-10,1.6661164554473087e-10,0.09529227515049196
NGC1090,5.365702702702703,8.657504111204549e-11,1.658550670344474e-10,1.5126952531767565e-10,0.03997730009149185
NGC1090,5.983054054054055,7.556094785488366e-11,1.6541048379373168e-10,1.3794785011579354e-10,0.07884809538354434
NGC1090,6.810567567567568,6.488336380946403e-11,1.2908977742276248e-10,1.2462047616326487e-10,0.015302445669361878
NGC1090,7.408216216216217,6.131195695837772e-11,1.3667816777142928e-10,1.2005287027124568e-10,0.05632660046429844
NGC1090,8.945027027027027,5.0282680485659925e-11,1.1063799613516121e-10,1.0551331891282429e-10,0.02059701732333486
NGC1090,9.877621621621621,4.319805462166344e-11,9.340145452562032e-11,9.574441177886102e-11,-0.010759795856026308
NGC1090,10.75110810810811,3.7169050206678766e-11,8.37819393383697e-11,8.70849172848414e-11,-0.016792534721856007
NGC1090,11.552351351351353,3.2076524370840246e-11,7.891326547851487e-11,7.945593120768559e-11,-0.0029763067444146174
NGC1090,12.347027027027028,2.8077038169415408e-11,7.383427339186579e-11,7.321108631347947e-11,0.0036811543087398755
NGC1090,13.220513513513515,2.4485314175567825e-11,6.731425224398586e-11,6.736674513682892e-11,-0.0003385388480723267
NGC1090,14.021756756756758,2.177462011775811e-11,6.346772354432952e-11,6.277500292914318e-11,0.004766179701001805
NGC1090,14.823000000000002,1.958626478649628e-11,6.003703578517658e-11,5.893118229904772e-11,0.008074087475715593
NGC1090,15.68991891891892,1.7618446382446288e-11,5.6719794795790514e-11,5.5351003356499346e-11,0.010609153150035189
NGC1090,16.491162162162162,1.614452094376825e-11,5.2663704881598836e-11,5.257988649221488e-11,0.0006917641485383026
NGC1090,17.292405405405407,1.4904604954893506e-11,4.960918385036591e-11,5.018041427453651e-11,-0.004972160136135726
NGC1090,18.159324324324324,1.3747162918512389e-11,4.7240861149371954e-11,4.787659067615634e-11,-0.005805410708407632
NGC1090,18.96056756756757,1.2835532688180349e-11,4.524453795566797e-11,4.601316407164248e-11,-0.007315940840737877
NGC1090,19.76181081081081,1.1943964016762838e-11,4.2344858879606976e-11,4.414410523893783e-11,-0.018072028632829314
NGC2403,0.27398734177215195,7.934755659731796e-11,1.3998981484534432e-10,1.425715305787768e-10,-0.00793637287749674
NGC2403,0.37936708860759494,1.0161991520031527e-10,1.5142074171299744e-10,1.6892320412124256e-10,-0.04750394130922077
NGC2403,0.48474683544303804,1.1580019655264239e-10,1.7169957963967098e-10,1.8511209559493383e-10,-0.03266556544224475
NGC2403,0.5901265822784811,1.204263270756148e-10,1.9344919845147909e-10,1.9031524486194752e-10,0.007093356517955405
NGC2403,0.6955063291139241,1.1474422648577609e-10,1.9161443723995214e-10,1.8391938050162753e-10,0.01780073258362809
NGC2403,0.8008860759493671,1.0957965731800817e-10,1.9758096188295245e-10,1.7805752818276661e-10,0.045184755224763985
NGC2403,0.9062658227848102,1.0236569652590082e-10,1.89016440333294e-10,1.6978453726999442e-10,0.04660144466876183
NGC2403,1.011645569620253,9.705371102568576e-11,1.6932722779857589e-10,1.6362290743214426e-10,0.014882692809690921
NGC2403,1.1170253164556962,9.331973908086627e-11,1.6168586347788456e-10,1.5925280037368285e-10,0.00658497241492038
NGC2403,1.2224050632911392,9.061492009961063e-11,1.5516783498645007e-10,1.5606567305891942e-10,-0.0025056890860788465
NGC2403,1.3383227848101267,8.856856433255044e-11,1.5997376151776157e-10,1.5364177508451658e-10,0.017539440541307526
NGC2403,1.4331645569620255,8.892130068608896e-11,1.6032784416670316e-10,1.5406038826595157e-10,0.017317964864443952
NGC2403,1.5490822784810128,8.768256493187869e-11,1.5178396964070195e-10,1.5258881189836396e-10,-0.002296784648186468
NGC2403,1.654462025316456,8.747521322835253e-11,1.5170371793103407e-10,1.5234207371596948e-10,-0.0018236384772382774
NGC2403,1.7598417721518989,8.816097028820424e-11,1.5225346763995778e-10,1.5315763815432875e-10,-0.002571467801013344
NGC2403,1.865221518987342,8.836094216081582e-11,1.436515768128415e-10,1.533952197241056e-10,-0.02850142839446821
NGC2403,1.970601265822785,8.775112483794644e-11,1.4156394820081573e-10,1.5267036862058471e-10,-0.032802087639314206
NGC2403,2.075981012658228,8.706089468836445e-11,1.4008340191468925e-10,1.5184869773116559e-10,-0.03502439170789092
NGC2403,2.1918987341772156,8.63643653842046e-11,1.3791272836746404e-10,1.5101817801496877e-10,-0.03942487601389842
NGC2403,2.2972784810126585,8.608556057545485e-11,1.2920724258449118e-10,1.5068535567226391e-10,-0.06678418924847226
NGC2403,2.402658227848101,8.33848386145274e-11,1.2354025826061e-10,1.4744972848091647e-10,-0.07683547226933105
NGC2403,2.4975,7.947316984578897e-11,1.188488560481818e-10,1.427240876443812e-10,-0.07950226960026646
NGC2403,2.6028797468354434,7.546981432097692e-11,1.117264379643473e-10,1.3783596036650463e-10,-0.09120658360815397
NGC2403,2.708259493670886,7.198103913614774e-11,1.095999178343155e-10,1.335298324658773e-10,-0.08576807554862464
NGC2403,2.8241772151898736,6.82532892300782e-11,1.0510141374410105e-10,1.288768911040996e-10,-0.08856649319041358
NGC2403,2.9295569620253166,6.521155422790394e-11,1.0132078735042833e-10,1.2503720868579485e-10,-0.09134071400987648
NGC2403,3.0349367088607595,6.242723898342408e-11,9.96036371542796e-11,1.2148582804851844e-10,-0.08625042065489016
NGC2403,3.140316455696203,6.003124533507953e-11,9.801761079068624e-11,1.1839966920411848e-10,-0.08204637677225993
NGC2403,3.245696202531646,5.8129583658637e-11,9.866656375147963e-11,1.1592914645886378e-10,-0.07002263499122699
NGC2403,3.361613924050633,5.622028825824479e-11,9.340549812143744e-11,1.1342883234356655e-10,-0.08435102057226658
NGC2403,3.466993670886076,5.502169024314259e-11,9.056642523020835e-11,1.1184854371801345e-10,-0.09166310796510019
NGC2403,3.5723734177215194,5.4037061927864434e-11,9.141029858341011e-11,1.1054395918068833e-10,-0.0825398874448588
NGC2403,3.6777531645569623,5.303194455196018e-11,9.582139843291832e-11,1.092060792766615e-10,-0.05678431058563743
NGC2403,3.7831329113924053,5.176578794076262e-11,9.844899748998788e-11,1.0751160222949844e-10,-0.03824403607513843
NGC2403,3.888512658227848,5.088095628214633e-11,9.929561168238313e-11,1.0632120082364003e-10,-0.029689817512915707
NGC2403,3.9938924050632916,4.970531039887938e-11,1.0015920506888019e-10,1.0473132442738273e-10,-0.019385726610464827
NGC2403,4.109810126582278,4.819993088259155e-11,1.042845049665527e-10,1.0268128848569903e-10,0.006728474172782153
NGC2403,4.204651898734178,4.695920502505733e-11,1.0193222289963796e-10,1.009791052978264e-10,0.004079976836252034
NGC2403,4.710474683544303,4.139519924037866e-11,9.098648084330102e-11,9.319206361606036e-11,-0.010402060920830961
NGC2403,5.237373417721519,3.637187457987227e-11,8.604680084441816e-11,8.591157004826225e-11,0.0006830723082127458
NGC2403,5.7642721518987345,3.205078402669754e-11,8.210628838907537e-11,7.941651185704845e-11,0.014465612306954166
NGC2403,6.280632911392406,2.8154950961514106e-11,7.657625843022362e-11,7.333520732247531e-11,0.01878161850209671
NGC2403,6.807531645569621,2.4809314783506543e-11,7.178421385387843e-11,6.79044533683051e-11,0.024130691071760753
NGC2403,7.334430379746836,2.2297308264219973e-11,6.662730193908831e-11,6.367408365152627e-11,0.01968952329707374
NGC2403,7.850791139240507,2.0235806529130812e-11,6.22451035565174e-11,6.008619887739804e-11,0.01533046289777681
NGC2403,8.377689873417722,1.8465823304251823e-11,5.833031716931505e-11,5.6908347733630824e-11,0.01071836133312795
NGC2403,8.904588607594937,1.7072320840148272e-11,5.575336819455711e-11,5.4333842276392103e-11,0.011200691559520573
NGC2403,9.420949367088607,1.593984264813716e-11,5.353068450648679e-11,5.218832738557989e-11,0.011029418701510613
NGC2403,9.947848101265823,1.491744705106615e-11,5.069537282711778e-11,5.020561480872487e-11,0.004216031582036699
NGC2403,10.474746835443039,1.3958521747089744e-11,4.739597195613757e-11,4.830225685866341e-11,-0.008225989221881298
NGC2403,10.99110759493671,1.3248196272723553e-11,4.516931555551367e-11,4.6862343489275506e-11,-0.015980493170404574
NGC2403,11.518006329113925,1.2557398498398728e-11,4.378447570795899e-11,4.543527809451721e-11,-0.016073036904765723
NGC2403,12.04490506329114,1.1882229494350842e-11,4.3187777030975857e-11,4.401284693231319e-11,-0.008218610889189803
NGC2403,12.561265822784812,1.1215485532601733e-11,4.141244055906493e-11,4.257896923991927e-11,-0.012064318212935413
NGC2403,13.088164556962026,1.0639952093324022e-11,4.0977611708876105e-11,4.131586505286574e-11,-0.0035702073569006025
NGC2403,13.615063291139242,1.0083945724614267e-11,3.9990896915509436e-11,4.007134100994622e-11,-0.0008727319889549525
NGC2403,14.141962025316456,9.473994485782636e-12,3.850092311090774e-11,3.8676181098524185e-11,-0.0019724426964460432
NGC2403,14.658322784810128,8.879416943782347e-12,3.7144672045174824e-11,3.72832001395227e-11,-0.0016166539407711019
NGC2403,15.185221518987342,8.360860274733842e-12,3.5855821523135454e-11,3.603908884651946e-11,-0.002214125012304319
NGC2403,15.712120253164558,7.89087780084983e-12,3.517647601398749e-11,3.488570409977541e-11,0.0036048368081736315
NGC2403,16.22848101265823,7.447340765411959e-12,3.4057224504451524e-11,3.3772614003625255e-11,0.0036445758421788815
NGC2403,16.755379746835445,7.015574538740013e-12,3.2495747682288165e-11,3.266398650674777e-11,-0.0022426535766674584
NGC2403,17.282278481012657,6.605993587710226e-12,3.198056447369229e-11,3.15873106497998e-11,0.005373473446068154
NGC2403,17.79863924050633,6.195783819467534e-12,3.105276834627315e-11,3.048219865726322e-11,0.008054034359047408
NGC2403,18.325537974683545,5.827492670773742e-12,3.1066949470787285e-11,2.946494073281157e-11,0.02299303918706857
NGC2403,18.85243670886076,5.47064911825781e-12,3.019867251520352e-11,2.845441414517891e-11,0.02583820425162794
NGC2403,19.36879746835443,5.1472757136287584e-12,2.896292410689644e-11,2.7515441200111182e-11,0.022265925303289136
NGC2403,19.895696202531646,4.83944200827587e-12,2.736665191463887e-11,2.659905798091665e-11,0.012355412148039237
NGC2403,20.42259493670886,4.605168079181104e-12,2.706301637608635e-11,2.5885589593950884e-11,0.01931813901528662
NGC2403,20.938955696202534,4.44185641629523e-12,2.7189443950527973e-11,2.537938576809098e-11,0.02991921886078539
NGC2403,21.46585443037975,4.284945337020249e-12,2.613345827612943e-11,2.4885741880121462e-11,0.021246292088073583
NGC2403,21.992753164556966,4.142001280429998e-12,2.5130870022451048e-11,2.4429488516250912e-11,0.012293149802917219
NGC2683,2.7809989806320083,3.2280479493451e-10,4.252333185830777e-10,4.004793836830181e-10,0.02604712183476707
NGC2683,5.552375127420999,1.8140090658468492e-10,2.679769432117288e-10,2.5637467878488603e-10,0.019222299610944918
NGC2683,8.333374108053007,8.910721117384815e-11,1.6858466562213774e-10,1.542808841073019e-10,0.038505949946164866
NGC2683,11.104750254841997,5.866165597712309e-11,1.192492627321684e-10,1.1662232767118703e-10,0.00967399738308275
NGC2683,13.885749235474005,3.5566160788070026e-11,7.053295560851374e-11,8.471818735712744e-11,-0.07958457209540835
NGC2683,16.657125382262993,2.4222037092441764e-11,7.174830641052131e-11,6.692815533488947e-11,0.03020279898264784
NGC2683,19.438124362895003,1.735973721520666e-11,4.864335933909721e-11,5.487051511709817e-11,-0.05231547738050261
NGC2683,22.209500509683995,1.2978801114154696e-11,3.353885514342235e-11,4.6309076610335205e-11,-0.1401178875927079
NGC2683,27.761875637104996,8.124402518399754e-12,3.05278112594351e-11,3.546200792164582e-11,-0.06506765451031786
NGC2683,30.542874617737,6.669388306159137e-12,2.604102017848109e-11,3.1755642966694504e-11,-0.08616291638928841
NGC2683,33.31425076452599,5.581596655556365e-12,2.26583536629681e-11,2.8771367905871757e-11,-0.10373215927758207
NGC2841,3.7815602836879427,7.062953554378487e-10,6.686290451941123e-10,7.747727806081745e-10,-0.0639891162544915
NGC2841,4.144326241134752,6.240656455083772e-10,6.6256045189826e-10,6.951333417524859e-10,-0.020842610376978127
NGC2841,4.540070921985815,5.587213001326622e-10,6.294904796787635e-10,6.317386131600239e-10,-0.0015482563875010278
NGC2841,4.913829787234042,5.083067645732883e-10,5.931838122175273e-10,5.827153301846673e-10,0.007732847029349776
NGC2841,5.276595744680851,4.673144946562203e-10,5.560187979607047e-10,5.427478837798978e-10,0.010491335739707478
NGC2841,5.639361702127659,4.33577592854837e-10,5.101334046868034e-10,5.09758351420244e-10,0.0003194134484439962
NGC2841,6.024113475177305,4.040069257573307e-10,4.902017253078033e-10,4.807518861105032e-10,0.008453838695836692
NGC2841,6.40886524822695,3.7712239554337686e-10,4.758543911164319e-10,4.5428940452499973e-10,0.020141473470499095
NGC2841,6.771631205673758,3.550071422406105e-10,4.532445022633495e-10,4.3244325013799126e-10,0.020403422182083172
NGC2841,7.1563829787234035,3.397808858806699e-10,4.3161256567619215e-10,4.173545274460261e-10,0.014588950877791926
NGC2841,7.54113475177305,3.2593194773341933e-10,4.1480919014585934e-10,4.0359239778924214e-10,0.011905392552634182
NGC2841,7.892907801418438,3.1310813108850213e-10,4.0385872823761014e-10,3.90812881757963e-10,0.014260603080047108
NGC2841,8.255673758865248,3.0110348331986955e-10,3.7652012064422524e-10,3.7881503893413836e-10,-0.002639022965912566
NGC2841,8.629432624113473,2.914072297828611e-10,3.64786320718395e-10,3.6909754201977906e-10,-0.0051026088872186195
NGC2841,9.02517730496454,2.8066683722816803e-10,3.554028193195949e-10,3.5830325429942674e-10,-0.003529884046013154
NGC2841,9.420921985815603,2.6836075735383936e-10,3.447292890290048e-10,3.458925981595523e-10,-0.0014630848611698669
NGC2841,9.78368794326241,2.569180664379333e-10,3.278491175970646e-10,3.343075849196868e-10,-0.008472211066943227
NGC2841,10.157446808510638,2.4450647848426954e-10,3.1973268473794056e-10,3.216872799246405e-10,-0.0026468540995136756
NGC2841,10.553191489361701,2.3190363461096386e-10,3.077427090602678e-10,3.088082366817679e-10,-0.0015011029671780907
NGC2841,10.915957446808509,2.220027294184401e-10,2.956762597540838e-10,2.986399899940573e-10,-0.004331506531311818
NGC2841,11.289716312056736,2.132140119292477e-10,2.8411461992345417e-10,2.895731322918008e-10,-0.008264681731051065
NGC2841,11.652482269503546,2.0510660730029188e-10,2.787103780168463e-10,2.8117211593970203e-10,-0.003819108820225091
NGC2841,12.015248226950353,1.975547731779468e-10,2.6862445190833046e-10,2.73312200581437e-10,-0.007513476530003801
NGC2841,12.38900709219858,1.8996503261985417e-10,2.5890480449102704e-10,2.6537652911278403e-10,-0.010722399904467196
NGC2841,13.532269503546098,1.6676956020266115e-10,2.3999431413310893e-10,2.4086581246197986e-10,-0.001574209665927562
NGC2841,15.774822695035459,1.265482124672998e-10,2.008091167773205e-10,1.9714863291290294e-10,0.007989656091026693
NGC2841,18.028368794326237,9.681009773533212e-11,1.6379911309065627e-10,1.6333880231854722e-10,0.0012221790920875723
NGC2841,20.314893617021276,7.668210612400959e-11,1.3699173646951772e-10,1.3932196696975339e-10,-0.007325226563876306
NGC2841,22.612411347517728,6.283430231969341e-11,1.2307278998331004e-10,1.2200732340134988e-10,0.0037761462244090913
NGC2841,24.74503546099291,5.416497324024311e-11,1.1171487247305164e-10,1.1071376852667992e-10,0.003909360355329628
NGC2841,27.03156028368794,4.61339521105364e-11,1.0089713960231114e-10,9.984038196538492e-11,0.004572620470584094
NGC2841,29.329078014184393,3.863374488590968e-11,9.111783169310567e-11,8.922243255703873e-11,0.009129316747913596
NGC2841,31.62659574468085,3.2655901429382973e-11,8.220718642715192e-11,8.034075467644724e-11,0.009973877626302589
NGC2841,33.748226950354606,2.8399781247918466e-11,7.703911249215506e-11,7.372456010620187e-11,0.0190990810574647
NGC2841,36.04574468085106,2.4951569358166662e-11,7.16304236561236e-11,6.81398373635751e-11,0.021696427131339097
NGC2841,38.34326241134752,2.2401486137480675e-11,6.594277280584133e-11,6.385246253446519e-11,0.013989553770005903
NGC2841,40.62978723404255,2.0429476280022298e-11,6.13613448513283e-11,6.042820056293152e-11,0.00665520746412105
NGC2841,42.76241134751773,1.8854508801315834e-11,5.505157485111046e-11,5.7614608486806265e-11,-0.01976286776015795
NGC2841,45.059929078014186,1.7270162834269665e-11,5.1110937928007166e-11,5.4703586180036466e-11,-0.029501947436245096
NGC2841,47.35744680851063,1.5803148002366468e-11,4.8274395931800674e-11,5.192585516941875e-11,-0.03166680962037678
NGC2841,49.643971631205666,1.4387672668667368e-11,4.707617334260687e-11,4.915959021014623e-11,-0.01880710066292202
NGC2841,51.77659574468085,1.3089004081585936e-11,4.6130970561557645e-11,4.6535897211251955e-11,-0.003795499579702877
NGC2841,54.0741134751773,1.185500807547083e-11,4.5455849470376364e-11,4.3954890621817425e-11,0.01458257450526837
NGC2841,56.36063829787234,1.0856561839810546e-11,4.517755359203406e-11,4.1794141949590074e-11,0.033807296337683694
NGC2841,58.658156028368786,1.0099113743075694e-11,4.220232295986286e-11,4.01056259333581e-11,0.02213105785429982
NGC2841,60.79078014184397,9.603475518004414e-12,4.1011126685444746e-11,3.8975102267287615e-11,0.02211443727006342
NGC2841,63.077304964539,9.170511224347007e-12,4.093345402029091e-11,3.7969449834893494e-11,0.0326440881499521
NGC2841,65.37482269503546,8.77978108434028e-12,3.922110416572671e-11,3.7046353724002684e-11,0.02477434679062112
NGC2841,67.67234042553191,8.356806339815472e-12,3.8419440440369724e-11,3.6029248335627315e-11,0.027895833595184744
NGC2841,69.95886524822694,7.906449477917947e-12,3.8460812158683866e-11,3.49243356518826e-11,0.041890297290647804
NGC2903,1.6,3.0998981377434067e-10,3.240057048062571e-10,3.876996869468941e-10,-0.07794279338312099
NGC2903,2.1333333333333333,2.552603666136882e-10,3.248758373142817e-10,3.326254026308687e-10,-0.010238001423893903
NGC2903,2.666666666666667,2.1723877602144588e-10,2.924713116858922e-10,2.937302556700498e-10,-0.0018654104539889296
NGC2903,3.2,1.9126873077195626e-10,3.532045831721285e-10,2.667423598617772e-10,0.12193434129082639
NGC2903,3.733333333333334,1.927882639122177e-10,3.2227391510684447e-10,2.683328694158787e-10,0.07955128027988762
NGC2903,4.266666666666667,2.0803748941172256e-10,2.9960985900598746e-10,2.8421342778622715e-10,0.02291150771385909
NGC2903,4.8,2.0328850867223288e-10,3.0188324498102523e-10,2.7928299565174165e-10,0.03379451545989562
NGC2903,5.333333333333334,1.9468129954164185e-10,2.7424005806889473e-10,2.703121899207313e-10,0.006265261243376703
NGC2903,5.866666666666667,1.7507266489145067e-10,2.493091436989952e-10,2.496880710218034e-10,-0.0006595871564640176
NGC2903,6.4,1.5203208305120655e-10,2.306642175817983e-10,2.2505390340925505e-10,0.010693678738919892
NGC2903,8.0,1.1109728394624207e-10,1.8112994698861515e-10,1.7978508242191714e-10,0.0032366064913759065
NGC2903,9.6,8.109081791536814e-11,1.453516803177484e-10,1.446841700262401e-10,0.0019990394133190758
NGC2903,11.2,5.976208725698964e-11,1.1872506055108608e-10,1.1805115667568878e-10,0.0024721530576812404
NGC2903,12.8,4.6103116234121953e-11,1.0186730262268869e-10,9.97977294843355e-11,0.008914145796539428
NGC2903,14.400000000000002,3.702152720834144e-11,8.877329155732961e-11,8.686832374544884e-11,0.009420881822812293
NGC2903,16.0,3.072073399219201e-11,7.989596240159665e-11,7.736664542127021e-11,0.013971066016686014
NGC2903,17.6,2.6498091917399805e-11,7.119445754190668e-11,7.067235353633027e-11,0.0031966308481305872
NGC2903,19.2,2.3377674513760827e-11,6.39563873180442e-11,6.551120342551223e-11,-0.010431653466074086
NGC2903,20.8,2.025136412932012e-11,5.843882942005886e-11,6.011371180423912e-11,-0.012272036851786143
NGC2903,22.4,1.7367440980450323e-11,5.261617823280672e-11,5.4884857978749615e-11,-0.01833324476477992
NGC2903,24.0,1.5088695414220278e-11,4.759361142377067e-11,5.054093971146413e-11,-0.026094652026883134
NGC2903,25.6,1.3265332960535777e-11,4.368460705059948e-11,4.6897400791877694e-11,-0.03082033983093724
NGC2903,27.200000000000003,1.176179145179492e-11,4.0678694750150805e-11,4.375605744936777e-11,-0.03167117451995643
NGC2903,28.800000000000004,1.0411669334956947e-11,3.883076182275509e-11,4.0807892446916577e-11,-0.021568254824334398
NGC2903,30.4,9.330222791562957e-12,3.6008497903851226e-11,3.834245828260808e-11,-0.027274948591005273
NGC2903,32.0,8.421504563277727e-12,3.3841233053571005e-11,3.6186078992958345e-11,-0.029095348111590924
NGC2903,33.6,7.621312042570354e-12,3.222974576530572e-11,3.421219397811127e-11,-0.025924046026015442
NGC2903,35.2,6.956563067221942e-12,2.944877179276286e-11,3.2510416468898485e-11,-0.042955346415869795
NGC2903,36.8,6.3969675245043194e-12,2.7242369944912985e-11,3.1027701716713316e-11,-0.05650472147152663
NGC2903,38.4,5.887173494663494e-12,2.5814755060514395e-11,2.963149335357125e-11,-0.05988553072957003
NGC2903,40.0,5.498415417497975e-12,2.6202062905279444e-11,2.8533977894985388e-11,-0.03702683551247666
NGC2903,41.6,5.134747872971027e-12,2.464361298950836e-11,2.7478590489112557e-11,-0.04729007198970059
NGC2915,3.4696551724137934,5.055117537459576e-12,5.40661665044272e-11,2.7243497309722452e-11,0.2976627193567844
NGC2915,3.8615763546798036,4.174522292287104e-12,4.5481244110149175e-11,2.453385636578904e-11,0.26806651766898965
NGC2915,4.2419704433497545,3.667386598189637e-12,3.7724418335726326e-11,2.2865329543969338e-11,0.21744508722908326
NGC2915,4.633891625615764,3.361483871517246e-12,3.717912877597014e-11,2.1811878125411058e-11,0.23160614628140283
NGC2915,5.014285714285714,3.193164925716308e-12,3.4942042064220054e-11,2.1214948962214184e-11,0.21670629089395957
NGC2915,5.3946798029556655,3.0280177526553537e-12,3.011139199383643e-11,2.061613551060545e-11,0.16452357242011204
NGC2915,5.786600985221675,2.813794352162361e-12,2.8002187649712776e-11,1.981818904256568e-11,0.15012799483418848
NGC2915,6.166995073891626,2.5670388420098893e-12,2.7466107808904362e-11,1.8865997326758635e-11,0.16311735183577541
NGC2915,6.950837438423647,2.09406168769489e-12,2.366161149270862e-11,1.692212360589671e-11,0.14558945628233372
NGC2915,7.331231527093597,1.9774139677731605e-12,2.139250563778484e-11,1.641406398991585e-11,0.11504553293609883
NGC2915,7.711625615763548,1.9382324305748683e-12,2.1591722014061652e-11,1.6240470722800155e-11,0.12368866727406747
NGC2915,8.092019704433499,1.944964160770048e-12,1.9726231195816975e-11,1.627040466911317e-11,0.08364576422579845
NGC2915,8.483940886699509,1.94056935650469e-12,1.779058294459176e-11,1.625086749652024e-11,0.03931362961109634
NGC2915,8.87586206896552,1.8454289713712063e-12,1.8074547008368447e-11,1.5823026428796075e-11,0.05777786816445529
NGC2915,9.256256157635468,1.795294414185021e-12,1.8032845441227857e-11,1.5593657238319742e-11,0.06311627655201908
NGC2915,9.648177339901478,1.7630263230057161e-12,1.7598788226225895e-11,1.5444527703887154e-11,0.05670813322354397
NGC2915,10.028571428571428,1.724562818716222e-12,1.6848957713780746e-11,1.5265177034513278e-11,0.042871195033684945
NGC2915,10.40896551724138,1.704488434329917e-12,1.731983133902687e-11,1.5170868363298398e-11,0.05753321850906768
NGC2915,10.800886699507389,1.6585765391264798e-12,1.7247704391798984e-11,1.4953304071941593e-11,0.06199413552403622
NGC2915,11.181280788177341,1.6313231921103545e-12,1.6352754477965793e-11,1.4822890786886627e-11,0.04265800745558646
NGC2915,11.57320197044335,1.565993461312698e-12,1.6246622530242554e-11,1.4506264243187803e-11,0.049207506084958
NGC2955,0.7300817160367722,1.010996649265032e-09,1.37704586991892e-09,1.0697035070748888e-09,0.10968498734931927
NGC2955,1.508835546475996,8.833070247793514e-10,9.613834439274083e-10,9.460602445516198e-10,0.006977845936131715
NGC2955,2.238917262512768,7.30437650443966e-10,8.462221618243027e-10,7.981387034577398e-10,0.02540602374984256
NGC2955,2.9787334014300306,6.613184353107595e-10,7.744524630375438e-10,7.312259670192412e-10,0.02494315981728116
NGC2955,3.7477528089887637,5.605482278262101e-10,5.776687753540949e-10,6.33512976133753e-10,-0.04007662156762929
NGC2955,4.487568947906026,4.685852920215152e-10,5.020839957019354e-10,5.439886763426781e-10,-0.03481348138937215
NGC2955,5.217650663942798,3.9043705493832946e-10,4.881755581592467e-10,4.674069887774911e-10,0.018880829711394834
NGC2955,5.957466802860061,3.285231332077716e-10,4.2437952961127124e-10,4.061703001033334e-10,0.01904626324496516
NGC2955,6.726486210418794,2.8061141060461004e-10,3.5375689205737e-10,3.5824746217231126e-10,-0.005478212791770778
NGC2955,7.456567926455566,2.472425435252399e-10,2.833607284249396e-10,3.244745126676893e-10,-0.05884092856064724
NGC2955,8.196384065372829,2.166244897126442e-10,2.6201012613005636e-10,2.9309632181552697e-10,-0.04869229213984106
NGC2955,8.624698672114402,2.0034731626593936e-10,2.9095448894061455e-10,2.762227205742916e-10,0.022565663610808046
NGC2955,8.965403472931563,1.8817495610195053e-10,2.5530363120012117e-10,2.6349924770106804e-10,-0.013722387778658906
NGC2955,10.5326455566905,1.4491850031029658e-10,2.1391933643123123e-10,2.173428825990458e-10,-0.006895380014481616
NGC2955,11.252992849846782,1.3027755441540657e-10,2.297296277400576e-10,2.0128429359207752e-10,0.05740712104733604
NGC2955,12.070684371807967,1.164174806087301e-10,2.2214305498985122e-10,1.8580843209480788e-10,0.07756732150270727
NGC2955,13.793677221654749,9.681051152553114e-11,1.9298866353023602e-10,1.6333928500346829e-10,0.07244114839990676
NGC2955,16.431705822267617,7.51019229297226e-11,1.6200529397058318e-10,1.373839788182123e-10,0.07159311659259351
NGC2955,18.972390194075583,6.275098015083293e-11,1.4133267736655494e-10,1.2190064317796393e-10,0.06423658911894035
NGC2955,21.60068437180797,5.176262000570509e-11,1.1617200414663563e-10,1.0750734955853245e-10,0.033663326596975615
NGC2955,24.141368743615935,4.306701522157704e-11,9.630544160250396e-11,9.555988379041473e-11,0.003375214075871425
NGC2955,26.779397344228805,3.5583304581837514e-11,8.48033686338348e-11,8.474365987669317e-11,0.0003058878123399666
NGC2955,29.32008171603677,2.997171713989369e-11,7.3838804286629e-11,7.620063642024011e-11,-0.013673943240158214
NGC2955,34.489060265577116,2.271886838077213e-11,5.2591653237233914e-11,6.439426072894772e-11,-0.08793033846609397
NGC2976,0.52,2.3842178587557096e-11,4.991034526355909e-11,6.6292680392932e-11,-0.12327500489206045
NGC2976,0.59,2.5182604001229764e-11,5.366568005567938e-11,6.852122538875895e-11,-0.10612848385639369
NGC2976,0.66,2.6527272925278995e-11,6.016485784694702e-11,7.071968901551836e-11,-0.07019744731226381
NGC2976,0.73,2.781997525843673e-11,6.70038423122279e-11,7.280081595000725e-11,-0.036036539021493674
NGC2976,0.8,2.8947522105283792e-11,7.248609797645888e-11,7.45919508814847e-11,-0.012437244130303317
NGC2976,0.87,3.01514930675063e-11,7.663488942372073e-11,7.648128611292748e-11,0.0008713526500235296
NGC2976,0.94,3.165815789408964e-11,8.081002758179433e-11,7.881406961006526e-11,0.010861501866287622
NGC2976,1.01,3.392769463686955e-11,7.55159962282341e-11,8.226708156298527e-11,-0.03718713481422018
NGC2976,1.08,3.6551211285733045e-11,7.707838507397214e-11,8.617616388409057e-11,-0.048454550789421125
NGC2976,1.14,3.8931073948174014e-11,9.043099942482199e-11,8.965354402271509e-11,0.0037498686149058527
NGC2976,1.21,4.239424824862399e-11,1.0599517872335302e-10,9.46100940924971e-11,0.04934863707553213
NGC2976,1.29,4.6182363879652656e-11,1.122793272503798e-10,9.990733038913601e-11,0.050702447386652826
NGC2976,1.35,4.914160812784281e-11,1.1371223643531175e-10,1.0396558006852752e-10,0.03891762007824975
NGC2976,1.42,5.198342064847196e-11,1.1407227193211854e-10,1.0780359684333577e-10,0.024546840071575517
NGC2976,1.49,5.4590266794722356e-11,1.161128465006452e-10,1.1127765106617711e-10,0.0184723222374479
NGC2976,1.56,5.706425789208589e-11,1.188218346900489e-10,1.1453657569921735e-10,0.015952059028687748
NGC2976,1.63,5.839941172155047e-11,1.23405944012327e-10,1.162808688921064e-10,0.025827810261823507
NGC2976,1.74,5.882857413397897e-11,1.2655911549782778e-10,1.168394729099933e-10,0.034703841844313646
NGC2976,1.93,5.078788506031324e-11,1.149202962826782e-10,1.0619568248314016e-10,0.03428987667624899
NGC2976,2.1,4.449624316667581e-11,1.1804784662390822e-10,9.756445231726464e-11,0.08276645832098929
NGC2976,2.27,3.983233201613378e-11,1.0099557113636502e-10,9.09547572311004e-11,0.04547691047892272
NGC2998,1.8918061674008813,2.40914317325082e-10,5.649558797235427e-10,3.1802330357154443e-10,0.24955558823606677
NGC2998,2.6012334801762114,2.835636561098922e-10,5.12340796783633e-10,3.6121790087342846e-10,0.15178967484417355
NGC2998,5.438942731277533,1.7311353414275806e-10,2.573748546639642e-10,2.476116063114137e-10,0.016795116853524406
NGC2998,8.95741556534508,9.928924326174197e-11,1.686518009754151e-10,1.6622365409065403e-10,0.006298158068941738
NGC2998,12.526049926578562,6.3870372181071e-11,1.183596693114857e-10,1.233310731823287e-10,-0.017868767487399396
NGC2998,16.094684287812044,4.0525272311833e-11,9.298714302923763e-11,9.194965921631147e-11,0.004872780499729931
NGC2998,19.66331864904552,2.9656964753680054e-11,7.682753324317379e-11,7.57080514515605e-11,0.00637482060453161
NGC2998,23.16029368575624,2.2889195127197978e-11,6.461915941945166e-11,6.468401794190558e-11,-0.00043568458785469123
NGC2998,26.72892804698972,1.768952316634476e-11,5.599172204924069e-11,5.548259030084749e-11,0.003967095947169174
NGC2998,30.297562408223204,1.3817869661545225e-11,4.4867363138652756e-11,4.801924744923249e-11,-0.029484802839176028
NGC3109,0.5590977443609022,5.729142488670927e-13,6.819635390225983e-12,8.581300191967747e-12,-0.09979193892169207
NGC3109,1.3869924812030074,2.293611272341783e-12,1.2940506970927522e-11,1.776338009551189e-11,-0.13757431776103038
NGC3109,1.6665413533834585,2.7190946133352704e-12,1.6196802410132425e-11,1.945717966376642e-11,-0.07965060497772151
NGC3109,1.9460902255639096,3.0567380477060806e-12,1.8375455752341475e-11,2.07212539297106e-11,-0.052177913480397645
NGC3109,2.2148872180451127,3.2184043986122008e-12,2.0025711702006414e-11,2.1305294162022406e-11,-0.02689957527742753
NGC3109,2.773984962406015,3.116440247640453e-12,1.9606021878449174e-11,2.0938431153600163e-11,-0.028554655399922947
NGC3109,3.0535338345864655,3.0336318267528136e-12,2.2270624506928064e-11,2.0636716749069405e-11,0.03309179230911078
NGC3109,3.333082706766917,2.9198376403384776e-12,2.2164635765169778e-11,2.021631210314823e-11,0.03995866518494452
NGC3109,3.60187969924812,2.8617323650247284e-12,2.1606512876974856e-11,1.999894673701112e-11,0.03357755704277313
NGC3109,3.881428571428571,2.8258551890978115e-12,2.1997483035438892e-11,1.986378977181973e-11,0.04431088122205756
NGC3109,4.160977443609022,2.6277026398513482e-12,2.18570799972015e-11,1.910361662911496e-11,0.05847654766820959
NGC3109,4.440526315789473,2.446063119498904e-12,2.0857226526029394e-11,1.8384770580943956e-11,0.05479834316447302
NGC3109,4.709323308270676,2.4071557711429986e-12,2.133978467874547e-11,1.822782264442298e-11,0.06845523874894333
NGC3109,4.988872180451127,2.3569233418503633e-12,2.1280676771925438e-11,1.802355303971804e-11,0.0721450264337193
NGC3109,5.268421052631579,2.3353083403982643e-12,2.1609027312030416e-11,1.7935074571158055e-11,0.08093203166674016
NGC3109,5.54796992481203,2.3141859814382423e-12,2.153841963866351e-11,1.7848268021263337e-11,0.08161775520609298
NGC3109,5.82751879699248,2.342318291432493e-12,2.1632210598977906e-11,1.7963807835118276e-11,0.08070250170608873
NGC3109,6.0963157894736835,2.3639468488762037e-12,2.2115351865862213e-11,1.8052226958859094e-11,0.08816306861093297
NGC3109,6.375864661654134,2.2710541226388033e-12,2.095563462278947e-11,1.7669931060179678e-11,0.07406596249603531
NGC3109,6.655413533834587,2.1666553232183084e-12,2.001491656401689e-11,1.7232054884295186e-11,0.065016714816737
NGC3109,6.934962406015037,2.061003102823766e-12,1.985175322811641e-11,1.6779426331927806e-11,0.07302175921011084
NGC3198,1.6881159420289857,8.439437093326975e-11,1.3188848404485762e-10,1.4866171281876024e-10,-0.051992255847327785
NGC3198,1.9368115942028985,7.674390241005869e-11,1.2910219301529182e-10,1.3939757843006657e-10,-0.03332160986078312
NGC3198,2.1779710144927535,6.83410177273467e-11,1.4482014652550285e-10,1.2898704331464238e-10,0.05028289473133115
NGC3198,2.4191304347826086,6.839905777092576e-11,1.3687437767001968e-10,1.2905990087354081e-10,0.02553083036703848
NGC3198,2.667826086956522,7.222061969641579e-11,1.420991510542491e-10,1.3382699691487343e-10,0.026047750842453376
NGC3198,2.901449275362319,7.634581968214146e-11,1.4572140416581363e-10,1.3891026826850194e-10,0.020788997395429436
NGC3198,3.1426086956521737,7.986214070853795e-11,1.4423240941292393e-10,1.4319616645443483e-10,0.0031314669895333397
NGC3198,3.391304347826087,8.060086844913226e-11,1.382638351025406e-10,1.440913882309915e-10,-0.017929426550008152
NGC3198,3.6324637681159424,8.15820648999965e-11,1.4702378315729436e-10,1.4527776222007058e-10,0.005188452057936656
NGC3198,3.8811594202898556,8.13617941108188e-11,1.4865099596965e-10,1.450116942979085e-10,0.010764796530958845
NGC3198,4.114782608695652,8.13313088619183e-11,1.444921136386744e-10,1.449748588119157e-10,-0.0014485504684344339
NGC3198,4.355942028985507,8.076930318615145e-11,1.4267257048976478e-10,1.4429526045175842e-10,-0.004911580543790592
NGC3198,4.597101449275362,7.998113462324184e-11,1.4117357943421243e-10,1.4334048684898853e-10,-0.0066154488738621176
NGC3198,4.845797101449275,7.865601881899277e-11,1.3778213365156872e-10,1.4173073208047846e-10,-0.012271124569093697
NGC3198,5.079420289855073,7.565762419155987e-11,1.3517372368135523e-10,1.3806651288037383e-10,-0.009196078464568175
NGC3198,5.320579710144927,7.097114433538924e-11,1.3265639791033128e-10,1.322747664792641e-10,0.0012511970017082287
NGC3198,6.059130434782608,5.821959282642646e-11,1.180880118271066e-10,1.1604651796800028e-10,0.007573696953352832
NGC3198,6.812753623188406,4.8657717932742155e-11,1.064589529074557e-10,1.0330643997448753e-10,0.013054794635874589
NGC3198,7.5663768115942025,4.259540240861043e-11,1.0110686698823617e-10,9.489450232908499e-11,0.027539600559211678
NGC3198,8.32,3.8420257046133964e-11,9.561400565676026e-11,8.891231396869398e-11,0.031559599891768986
NGC3198,9.081159420289856,3.4785294225114394e-11,8.873385298322067e-11,8.355418880496507e-11,0.026121112603430252
NGC3198,10.58840579710145,2.7522791864486488e-11,7.708150233419567e-11,7.232506279938073e-11,0.027661351138646054
NGC3198,12.11072463768116,2.086249664628976e-11,6.400209275094428e-11,6.118903935551896e-11,0.01952053985523384
NGC3198,13.6631884057971,1.6617081148936973e-11,5.6729929978360424e-11,5.3477439367020303e-11,0.02564164352980901
NGC3198,15.110144927536233,1.413013406415705e-11,5.1970184030120786e-11,4.864619704013052e-11,0.02870536012058749
NGC3198,16.67014492753623,1.191050306649383e-11,4.649699957087136e-11,4.407299218582781e-11,0.023252392522231085
NGC3198,18.109565217391307,1.0218479185292398e-11,4.113920901879804e-11,4.037476541732991e-11,0.008145925245269794
NGC3198,19.669565217391305,8.906552208751592e-12,3.7373108307560396e-11,3.7347528447557186e-11,0.000297352725128541
NGC3198,21.222028985507247,7.911990304623746e-12,3.417574340495027e-11,3.493807471836594e-11,-0.009580998975976588
NGC3198,22.668985507246376,7.010448450641624e-12,3.11354444563477e-11,3.265066664968921e-11,-0.020636983345957306
NGC3198,24.22144927536232,6.170319876364998e-12,2.954037383602791e-11,3.041265525177021e-11,-0.012638351903265416
NGC3198,25.668405797101453,5.594456369348496e-12,2.8255693901450364e-11,2.8807940525115975e-11,-0.00840623460990461
NGC3198,27.22086956521739,5.143357536963916e-12,2.6644211912607964e-11,2.7503919781847793e-11,-0.013791713553091523
NGC3198,28.78086956521739,4.7520551770027435e-12,2.5541715811137113e-11,2.633461713112536e-11,-0.013276940271121269
NGC3198,30.220289855072465,4.438173783540429e-12,2.4652747948172498e-11,2.536788346443357e-11,-0.012418898483926348
NGC3198,31.780289855072464,4.196017313816736e-12,2.344261780226979e-11,2.4602654092344626e-11,-0.020975853505314532
NGC3198,33.21971014492753,3.832856294470466e-12,2.212881412947655e-11,2.3419757483669452e-11,-0.024624252594987565
NGC3521,0.7652727272727271,9.82366793247261e-10,1.0811036197048385e-09,1.0419682454995966e-09,0.01601283761163078
NGC3521,0.9538181818181817,9.046496475378557e-10,1.0735394299528705e-09,9.667175161360386e-10,0.0455184125087709
NGC3521,1.1423636363636362,8.480738846776302e-10,9.998962064261605e-10,9.119639848565818e-10,0.039977233108872676
NGC3521,1.3309090909090906,7.436960418671511e-10,8.491382685366657e-10,8.109690184680127e-10,0.01997415075554157
NGC3521,1.5305454545454542,6.628655494585637e-10,8.029094753764939e-10,7.327243496147471e-10,0.039725959099143116
NGC3521,1.7190909090909088,6.076384298514265e-10,7.444763423969912e-10,6.79208087264176e-10,0.03984805314250135
NGC3521,1.896545454545454,5.800638527667242e-10,7.022187352532786e-10,6.524593006664495e-10,0.031918986013465614
NGC3521,2.096181818181818,5.435487090033158e-10,6.542580628306512e-10,6.169972730273657e-10,0.02546583886179196
NGC3521,2.2847272727272725,5.269747233344815e-10,6.297586437061323e-10,6.008826041611738e-10,0.02038450592592224
NGC3521,2.4732727272727266,5.044832775943961e-10,6.267001714233817e-10,5.789919983883819e-10,0.03438725163147742
NGC3521,2.6729090909090907,4.726590651684127e-10,5.641140370827083e-10,5.479654372301716e-10,0.012613740246145486
NGC3521,2.8614545454545453,4.3413106483361026e-10,5.17230691980407e-10,5.10300391309918e-10,0.005858386237854932
NGC3521,3.0499999999999994,4.056930175783479e-10,4.807319202336405e-10,4.824084351928943e-10,-0.0015119331817044898
NGC3521,3.238545454545454,3.810857826108515e-10,4.4008056030605926e-10,4.581967136260725e-10,-0.017519785045842888
NGC3521,3.4270909090909085,3.641330362805876e-10,4.3186251951762146e-10,4.414674747946414e-10,-0.009553198223081838
NGC3521,3.6156363636363626,3.482282042204808e-10,4.055253928351262e-10,4.257306946304024e-10,-0.021116909702856523
NGC3521,3.8041818181818177,3.3653596957284367e-10,3.8181593417421925e-10,4.141333726042163e-10,-0.035286180506878054
NGC3521,4.003818181818181,3.2142892864704507e-10,3.7311796903556474e-10,3.991090707776728e-10,-0.02924543356513304
NGC3521,4.192363636363636,3.116497724880907e-10,3.6299790178895906e-10,3.893572040320489e-10,-0.03044409986305316
NGC3521,4.38090909090909,3.00524937780985e-10,3.5380794487952935e-10,3.782359181651562e-10,-0.028995187168788572
NGC3521,4.569454545454545,2.905254917351893e-10,3.423139457264752e-10,3.682126155767023e-10,-0.03167407160106446
NGC3521,4.757999999999999,2.7697080994485943e-10,3.227989711881592e-10,3.545808120327878e-10,-0.04078308838088754
NGC3521,4.946545454545453,2.636780273313328e-10,3.162182637652642e-10,3.4115712590518835e-10,-0.032967497224282626
NGC3521,5.146181818181817,2.473392814446247e-10,3.039511759467841e-10,3.245730048352608e-10,-0.02850856819613537
NGC3521,5.523272727272727,2.178161637251578e-10,2.831994892355578e-10,2.9432593141760163e-10,-0.016736061305241898
NGC3521,5.711818181818181,2.051618437588369e-10,2.6889467697033065e-10,2.8122947966135963e-10,-0.019478638285157356
NGC3521,6.08890909090909,1.8246180849422407e-10,2.453471526809451e-10,2.5749267702535094e-10,-0.020983860172207908
NGC3521,6.288545454545454,1.7217782640799825e-10,2.3977333851310886e-10,2.466187559786379e-10,-0.012225212435993798
NGC3521,7.042727272727271,1.4158921332010106e-10,2.140968235227287e-10,2.137144606995668e-10,0.0007763147655287819
NGC3521,9.782181818181817,7.878304047368708e-11,1.456956049992849e-10,1.4188528816013196e-10,0.011509084648912843
NGC3521,12.277636363636361,5.3146212168358535e-11,1.1608267715390181e-10,1.093584961473125e-10,0.025914886087822272
NGC3521,14.773090909090907,3.8254838722059946e-11,9.283391432056536e-11,8.867169045871383e-11,0.019921674726459723
NGC3521,17.179818181818177,2.8735822807262676e-11,7.982877590380444e-11,7.425730500192613e-11,0.031420286384104795
NGC3521,19.675272727272723,2.1510755697856295e-11,6.970393115839519e-11,6.231847133421111e-11,0.04864048050900357
NGC3726,2.6833333333333336,8.315414154430716e-11,1.2906489052555193e-10,1.4717233943293574e-10,-0.05701807605718464
NGC3726,4.017333333333334,7.817191614187972e-11,1.2946863142435163e-10,1.4114119886663074e-10,-0.03748924482807468
NGC3726,5.351333333333334,6.945785250194384e-11,1.3078453723921827e-10,1.3038655037370313e-10,0.0013236046526570097
NGC3726,6.685333333333334,6.04267591279528e-11,1.339204898975138e-10,1.189111099379272e-10,0.051624596440228876
NGC3726,8.027000000000001,4.688490967344252e-11,1.0883264035849526e-10,1.008768061743653e-10,0.032967841862497974
NGC3726,9.345666666666666,3.829893813264001e-11,9.118262231357232e-11,8.873586754190266e-11,0.011812878268246816
NGC3726,10.687333333333333,3.278215662166217e-11,7.579878445524217e-11,8.053295663601498e-11,-0.026311402659472325
NGC3726,12.289666666666669,2.652277251878157e-11,5.7736174834558625e-11,7.071238981059393e-11,-0.08804750759214375
NGC3726,17.096666666666668,1.391001651873813e-11,4.8605467993422565e-11,4.820477310443659e-11,0.0035950860356352694
NGC3726,21.098666666666666,8.780423267509143e-12,4.452930861256167e-11,3.704788353702367e-11,0.07988254933114328
NGC3726,23.061333333333334,7.24163418067837e-12,4.1226018660130116e-11,3.324765403309228e-11,0.09341038876020963
NGC3726,24.932000000000006,6.156388354851662e-12,3.7235588620515053e-11,3.0374559153771625e-11,0.08844824011793276
NGC3741,0.7305295950155762,4.5174344751136095e-12,2.3908228479801425e-11,2.5614584500237116e-11,-0.029939917952452627
NGC3741,0.9705607476635515,3.657575530541824e-12,2.2178954281715992e-11,2.2832130444851764e-11,-0.012605371303945302
NGC3741,1.2210280373831774,2.9476329091806103e-12,1.9281317029698157e-11,2.0319636347995576e-11,-0.022779235795171084
NGC3741,1.4610591900311525,2.486925507623959e-12,1.553094765357396e-11,1.8548444530452063e-11,-0.07710953968115893
NGC3741,1.7115264797507788,2.167623900737236e-12,1.3755573734601733e-11,1.7236159159653357e-11,-0.09796178653563703
NGC3741,1.951557632398754,1.900231369624967e-12,1.5441988075029932e-11,1.607062545339471e-11,-0.017329566681131732
NGC3741,2.1915887850467293,1.6933210523564963e-12,1.5113632536023082e-11,1.5118191072701332e-11,-0.00013097108302457844
NGC3741,2.431619937694704,1.6346101286085685e-12,1.4044083092823202e-11,1.4838670620097703e-11,-0.023901604393619488
NGC3741,2.68208722741433,1.6174550875505005e-12,1.5576649123696796e-11,1.475615684748901e-11,0.02350077436537181
NGC3741,2.922118380062305,1.6299263785309247e-12,1.6239124182131712e-11,1.4816180720682742e-11,0.039826336228311256
NGC3741,3.4021806853582555,1.5465570478482915e-12,1.5874498895370992e-11,1.4410932790745006e-11,0.04200793222816162
NGC3741,3.892679127725857,1.4255953507024971e-12,1.4688192303535157e-11,1.3805171905687303e-11,0.026926530887095613
NGC3741,4.393613707165109,1.397659397939893e-12,1.426114455493569e-11,1.3662039093578496e-11,0.018638858310548272
NGC3741,4.873676012461059,1.329857674522385e-12,1.4032605375694998e-11,1.3309206441844396e-11,0.022986150626545205
NGC3741,5.36417445482866,1.2569780875109283e-12,1.3751237718602285e-11,1.2920794431694448e-11,0.02705257285123283
NGC3741,5.854672897196262,1.1481083890748888e-12,1.3390555042516417e-11,1.232108579245836e-11,0.03614959741910043
NGC3741,6.334735202492213,1.0436503915579247e-12,1.2474989099678066e-11,1.1720915373131162e-11,0.027078644539643742
NGC3741,6.825233644859813,9.380805865254996e-13,1.1532385065401581e-11,1.1085836651018545e-11,0.0171506600091973
NGC3741,7.305295950155763,8.484771110579249e-13,1.1429383227014519e-11,1.0520636928135719e-11,0.03598076168187088
NGC3769,3.1499999999999995,7.494208124240699e-11,1.1589379065461204e-10,1.3718745071398116e-10,-0.07325421789482277
NGC3769,4.715999999999999,4.406764489195035e-11,9.270457629154126e-11,9.696516188539965e-11,-0.019514553564587957
NGC3769,6.282,2.8622030699773485e-11,8.081297319534856e-11,7.407711756238073e-11,0.03779701018047621
NGC3769,7.848,1.9896832845825842e-11,6.572658790382743e-11,5.948499193210062e-11,0.043333680107263
NGC3769,9.423,1.4421091291665112e-11,5.2165097449490274e-11,4.922597030210933e-11,0.025185737670761696
NGC3769,11.078999999999999,1.0630905048053366e-11,4.083404880391898e-11,4.1295811065143854e-11,-0.004883556734230435
NGC3769,13.067999999999998,7.915126859212514e-12,3.2881040053550296e-11,3.49458504901585e-11,-0.02645006835827442
NGC3769,28.637999999999998,2.2295592292268804e-12,1.6610666054678818e-11,1.7496964484442368e-11,-0.02257566314031697
NGC3769,31.148999999999997,1.8949071918360445e-12,1.4523754428669248e-11,1.6046710023517006e-11,-0.04330710750634439
NGC3769,33.443999999999996,1.6506917377848497e-12,1.2405025560430937e-11,1.4915672165941874e-11,-0.08004516589439034
NGC3877,2.436,7.392453478021446e-11,1.9477934965827155e-10,1.359341923364201e-10,0.15621420030038013
NGC3877,3.2666666666666666,6.595410525737373e-11,2.0004206201741689e-10,1.2597829900117221e-10,0.2008255824991198
NGC3877,4.078666666666667,6.300611143040816e-11,1.8600049620775533e-10,1.2222719116290277e-10,0.18234627123129
NGC3877,4.890666666666667,6.533702136294719e-11,1.696373019556483e-10,1.2519639645059126e-10,0.1319295278018772
NGC3877,5.702666666666667,7.23791661035506e-11,1.4914252689766993e-10,1.3402352967311262e-10,0.04642044557264327
NGC3877,6.514666666666667,7.251475835503038e-11,1.3873632869931524e-10,1.341915326792103e-10,0.014465084577868617
NGC3877,7.326666666666666,6.758473525273127e-11,1.2633288983505984e-10,1.280363861208129e-10,-0.0058169768689133065
NGC3877,8.138666666666667,6.293812184733856e-11,1.1643630472146463e-10,1.2214020038443999e-10,-0.020770214161276664
NGC3877,8.959999999999999,5.789886110589196e-11,1.0576297678866373e-10,1.1562808309441105e-10,-0.03872965998143324
NGC3877,9.772,4.994167606623174e-11,9.584375917411191e-11,1.0505174087489612e-10,-0.0398394145208271
NGC3877,10.593333333333334,4.37402509918228e-11,8.73756110312969e-11,9.65063270533593e-11,-0.04316556121343499
NGC3893,1.8753333333333333,3.484946235396063e-10,3.5791152339319037e-10,4.259946577925877e-10,-0.07562847159532286
NGC3893,3.772222222222222,1.8743158156082685e-10,2.5622374657542225e-10,2.627190070863977e-10,-0.010872116803469776
NGC3893,5.647555555555556,1.2917700756213664e-10,2.127458503989383e-10,2.000658883437522e-10,0.026688051116815513
NGC3893,7.522888888888889,8.22198985730549e-11,1.5319362902275477e-10,1.4604735850795573e-10,0.020746997850776883
NGC3893,9.495222222222223,5.7825355246824726e-11,1.1631585170435614e-10,1.1553210600864616e-10,0.0029362150157115885
NGC3893,11.747777777777777,4.083479855024029e-11,9.604574412762232e-11,9.239254788370828e-11,0.01684118195611138
NGC3893,14.140444444444443,2.9019004460681996e-11,7.894748566991048e-11,7.47047794876667e-11,0.023989914952153586
NGC3893,16.522333333333332,2.12560934019962e-11,6.190886359965567e-11,6.187612894774257e-11,0.00022969632637556396
NGC3893,18.645555555555557,1.6959435817225276e-11,5.3035681954765635e-11,5.412221786318701e-11,-0.008807427592187752
NGC3893,20.531666666666666,1.4265826393028112e-11,4.3363755529351896e-11,4.891710242459824e-11,-0.052333836605430194
NGC3917,1.6336666666666664,2.3151612816641267e-11,4.883659863489922e-11,6.512908827797123e-11,-0.12502959002179265
NGC3917,2.4504999999999995,2.497189925340298e-11,7.16879935563279e-11,6.817344203111963e-11,0.021831203491623687
NGC3917,3.2861111111111105,2.818103446948142e-11,1.0067137657176954e-10,7.337673688110825e-11,0.13734761271165338
NGC3917,4.102944444444444,3.081369357112905e-11,9.049350764273486e-11,7.75107607213197e-11,0.06725542309449256
NGC3917,4.919777777777777,3.273949157154946e-11,8.717575105018484e-11,8.046803073297302e-11,0.034772324551624274
NGC3917,5.73661111111111,3.254629234450975e-11,8.552642453846353e-11,8.017371653565468e-11,0.028068300344248082
NGC3917,6.553444444444444,3.106857985386305e-11,8.36300941929701e-11,7.790524774750788e-11,0.03079587291994422
NGC3917,7.370277777777776,2.8995936458001216e-11,7.900803195926748e-11,7.46683778945789e-11,0.02453452716515144
NGC3917,8.187111111111111,2.5877921134690928e-11,7.326433900784676e-11,6.966248550114871e-11,0.021893670075780317
NGC3917,9.013333333333332,2.4085239676487326e-11,6.753069280446769e-11,6.669967048277268e-11,0.005377516844408206
NGC3917,9.830166666666665,2.184555236382035e-11,6.101862809440533e-11,6.289742097682058e-11,-0.013170399151874332
NGC3917,10.656388888888888,1.9724491744520634e-11,5.7118471446950644e-11,5.917802765386013e-11,-0.015383909726727955
NGC3917,11.445055555555554,1.7664565175279874e-11,5.3182498024847405e-11,5.543640516617569e-11,-0.018026327583153208
NGC3917,12.31822222222222,1.510788544281504e-11,4.9412702052049535e-11,5.0578432944516603e-11,-0.010126766393525005
NGC3917,13.08811111111111,1.3450589366481178e-11,4.718747109930235e-11,4.727536131394669e-11,-0.0008081537525954578
NGC3917,13.951888888888886,1.1573175097431421e-11,4.362682711459555e-11,4.3351966459222864e-11,0.0027448268335082708
NGC3949,1.6723333333333334,2.1129135841242977e-10,2.94623729638193e-10,2.875841744452641e-10,0.01050273949205771
NGC3949,2.5084999999999997,1.894142009248664e-10,2.729620338706242e-10,2.647990979613215e-10,0.013185744131086564
NGC3949,3.363888888888889,1.6796736384171102e-10,2.2367934374353542e-10,2.4214211188736326e-10,-0.03444444598856736
NGC3949,4.200055555555556,1.2350102026384283e-10,1.9112813242608107e-10,1.9375442760766994e-10,-0.005927019443092689
NGC3949,5.036222222222222,9.559494646344084e-11,1.6762053150735468e-10,1.619195971695284e-10,0.015027798719779757
NGC3949,5.8723888888888895,7.374109240837772e-11,1.5098486900874694e-10,1.3570785337963884e-10,0.04632844562944562
NGC3953,3.1111111111111107,2.2761691947754938e-10,3.418997932257073e-10,3.0441149251835634e-10,0.05043779371457318
NGC3953,4.657777777777778,1.7489634496532204e-10,2.8725693454301347e-10,2.495013177940647e-10,0.061197677814716356
NGC3953,6.204444444444444,1.437918046864646e-10,2.441528580159086e-10,2.161163962063102e-10,0.052974095473509265
NGC3953,7.751111111111111,1.3115116937255362e-10,2.0830657291879615e-10,2.0225026947602413e-10,0.012813864985681399
NGC3953,9.306666666666667,1.1297034333967537e-10,1.7504877977546624e-10,1.8191141179475828e-10,-0.016700856640005212
NGC3953,10.835555555555555,9.47166295330465e-11,1.4901011614863844e-10,1.6089160205735128e-10,-0.03331762290175223
NGC3953,12.39111111111111,7.777565111829178e-11,1.3147494435072683e-10,1.4065804894284933e-10,-0.029321593391152898
NGC3953,13.937777777777777,6.126323943359951e-11,1.0768137543400308e-10,1.199901354906071e-10,-0.04700494949161441
NGC3972,1.8559999999999999,3.5523279745272746e-11,9.305017690435896e-11,8.465445860530297e-11,0.04106736654228022
NGC3972,2.784,3.487230683067394e-11,9.303690647192374e-11,8.368426373889829e-11,0.046011461907230294
NGC3972,3.7333333333333334,3.4005753568672064e-11,9.031357426976565e-11,8.238462132450071e-11,0.03990688051376734
NGC3972,4.661333333333333,3.0900468625471415e-11,8.412492005637189e-11,7.764517112545034e-11,0.034810213071844315
NGC3972,5.589333333333333,3.3220745471547426e-11,7.801990598538296e-11,8.119895492076036e-11,-0.017345016999016832
NGC3972,6.517333333333333,3.327680547408216e-11,7.522977169088145e-11,8.128389615948192e-11,-0.033614768547366405
NGC3972,7.445333333333334,2.8166623110540033e-11,7.356174336265638e-11,7.335379290051182e-11,0.0012294383674903609
NGC3972,8.373333333333333,2.3327686656890698e-11,6.949613804290966e-11,6.5426810412449e-11,0.026204922406296807
NGC3972,9.301333333333334,1.9229152578623604e-11,6.256246371982119e-11,5.829075473033933e-11,0.03071416451060418
NGC3992,8.259367088607595,1.2749662576080082e-10,2.465845770123336e-10,1.9820225953365352e-10,0.09485730833934199
NGC3992,12.393544303797468,1.0875045929167076e-10,1.8621799522399724e-10,1.7711180585316398e-10,0.021774135636831626
NGC3992,16.491772151898736,8.112402441413049e-11,1.485524431425773e-10,1.447243185646681e-10,0.01133828538355127
NGC3992,20.616962025316457,6.076612477913182e-11,1.179568665986596e-10,1.1934930569263947e-10,-0.0050966694159885
NGC3992,24.733164556962027,4.155292112184713e-11,9.331199688004803e-11,9.341654689412565e-11,-0.0004863262790341251
NGC3992,28.858354430379748,2.9351693717362514e-11,6.71998781642119e-11,7.522879731320711e-11,-0.04901563312257882
NGC3992,32.98354430379747,2.2073022887631056e-11,5.977115494523465e-11,6.328913349174453e-11,-0.024837501980620354
NGC3992,37.243544303797464,1.703497435081764e-11,5.1640732948999706e-11,5.426388226615866e-11,-0.021518464108016246
NGC3992,41.35974683544304,1.3649661295620215e-11,4.497054356302205e-11,4.767944446215938e-11,-0.02540304961597819
NGC4010,3.5388888888888888,3.160079759162196e-11,6.446239680955952e-11,7.872587184581691e-11,-0.08681102970499191
NGC4010,4.418555555555556,2.828925409643146e-11,6.522176096067596e-11,7.35489164869663e-11,-0.05218375874075022
NGC4010,5.298222222222222,2.4522689641329864e-11,6.615854776270286e-11,6.74288872222354e-11,-0.008260029071496497
NGC4010,6.177888888888889,2.209944025714348e-11,6.93753268693217e-11,6.333454021345411e-11,0.039564420289972216
NGC4010,7.057555555555556,2.0481392042607714e-11,7.406322025804236e-11,6.051969689677899e-11,0.08770584692269134
NGC4010,7.937222222222221,1.919665383624959e-11,6.794544318622429e-11,5.823227727885244e-11,0.06699656143556686
NGC4010,8.816888888888888,1.7457397914564816e-11,5.92845501606807e-11,5.5052179821204935e-11,0.03216700909939732
NGC4010,9.706666666666665,1.4868164553826384e-11,5.133608072235223e-11,5.010886443196471e-11,0.010508148316778551
NGC4010,10.586333333333334,1.2591638804739362e-11,4.5564179234947506e-11,4.550666717357084e-11,0.0005485218421503797
NGC4013,5.5205,1.2662207007446956e-10,2.3014493481274684e-10,1.9723073088180782e-10,0.06702683698794
NGC4013,6.204277777777778,1.1594082092120657e-10,1.9862204255667648e-10,1.852707860365747e-10,0.030220499632333395
NGC4013,6.958444444444444,1.0448966532439366e-10,1.7528338454280223e-10,1.7223118785530243e-10,0.007628953547526254
NGC4013,7.732722222222223,9.363024694678205e-11,1.5936254909944e-10,1.5961749612183746e-10,-0.000694225925668418
NGC4013,8.406444444444444,8.438687431825884e-11,1.4659067016443706e-10,1.4865272397120046e-10,-0.0060665414994099396
NGC4013,9.170666666666666,7.442991052320423e-11,1.3437478098406732e-10,1.365571076503931e-10,-0.006996540215526631
NGC4013,9.934888888888889,6.413448832796068e-11,1.2025105571104008e-10,1.2366771576387744e-10,-0.012167441283851489
NGC4013,10.618666666666668,5.485041979934442e-11,1.0786863059340936e-10,1.1162203929159752e-10,-0.014854787304219203
NGC4013,11.372833333333334,4.670115113972192e-11,9.85840529017547e-11,1.0062360110228055e-10,-0.008893187210997027
NGC4013,12.14711111111111,4.020185892995384e-11,9.2300135622421e-11,9.148590248332362e-11,0.0038481625322986713
NGC4013,12.840944444444444,3.559549777650734e-11,8.731289258565745e-11,8.476177457705827e-11,0.012878335637898542
NGC4013,13.544833333333333,3.187530484261181e-11,8.18878080310328e-11,7.914752935646722e-11,0.014781883480350604
NGC4013,14.248722222222222,2.8738888956648806e-11,7.369169483438881e-11,7.426215718165085e-11,-0.0033490155731980054
NGC4013,15.063222222222223,2.565405610182297e-11,5.716191640207024e-11,6.929610337960315e-11,-0.08360203383334644
NGC4013,15.767111111111111,2.3266549030998722e-11,5.3942038635246454e-11,6.532351493596258e-11,-0.0831421895170074
NGC4013,16.460944444444443,2.1186715839979495e-11,5.295200409859438e-11,6.17553226892374e-11,-0.06679199367663549
NGC4013,17.285500000000003,1.9047390302201558e-11,5.166348332413232e-11,5.79632704904462e-11,-0.04996919749903777
NGC4013,17.979333333333333,1.745216736919253e-11,4.966975829652319e-11,5.504245893675497e-11,-0.04460578046317864
NGC4013,18.68322222222222,1.604174210193691e-11,4.779845416263911e-11,5.2383481605973444e-11,-0.03978050848164752
NGC4013,19.497722222222222,1.466200628885615e-11,4.5801716263116797e-11,4.970291295054266e-11,-0.0355000902667174
NGC4013,20.20161111111111,1.360025481614565e-11,4.527745542778491e-11,4.7579354419229656e-11,-0.021536533298349803
NGC4013,20.9055,1.2632247082322293e-11,4.5861239625420154e-11,4.559124240517188e-11,0.0025643621903709566
NGC4013,21.599333333333334,1.1803769964523333e-11,4.490568382686829e-11,4.3845669395402566e-11,0.010374609369128701
NGC4013,22.42388888888889,1.096871658545494e-11,4.226012163733043e-11,4.2040394327787345e-11,0.002263961805366537
NGC4013,23.11772222222222,1.0354209164113999e-11,4.0513732522883096e-11,4.0679383196541953e-11,-0.0017721027866301892
NGC4013,23.82161111111111,9.81757176010733e-12,4.0247157949028495e-11,3.9466064135760724e-11,0.008511400787883074
NGC4013,24.5255,9.403523229372543e-12,3.954793311197749e-11,3.8512843796995775e-11,0.011518202747451892
NGC4013,25.34,8.927562826867983e-12,3.9615777138843196e-11,3.739728617222019e-11,0.025028092182125445
NGC4013,26.043888888888887,8.456744728660054e-12,3.9426082427560204e-11,3.6271308101480314e-11,0.03622040713349879
NGC4013,26.73772222222222,8.019025024254518e-12,3.9270827973045864e-11,3.520275410136075e-11,0.04749341587952155
NGC4013,27.562277777777776,7.531249543400281e-12,3.809599838756984e-11,3.398512224051486e-11,0.04959052331148612
NGC4013,28.25611111111111,7.14055923642902e-12,3.7160545046380407e-11,3.298758152168854e-11,0.051731598818998165
NGC4013,28.96,6.786186587210296e-12,3.625733735428088e-11,3.206413453046953e-11,0.053376385448863
NGC4013,29.7745,6.411617977011834e-12,3.4486171390537295e-11,3.106715791378662e-11,0.045343457302719235
NGC4013,30.478388888888887,6.133514034994987e-12,3.2192591978832304e-11,3.031193418611127e-11,0.02614229589062238
NGC4013,31.182277777777777,5.7951262384083695e-12,3.003581782331771e-11,2.937432918605189e-11,0.009671504008775214
NGC4051,2.9750000000000005,8.020423568699166e-11,1.55586554598993e-10,1.4361094942144866e-10,0.03478451027151281
NGC4051,4.454000000000001,6.406013072830118e-11,1.5137317280481762e-10,1.2357297243131806e-10,0.08812542055530688
NGC4051,5.933000000000001,7.015414707183024e-11,1.484255518151676e-10,1.3125649480532759e-10,0.053387869942395826
NGC4051,7.412000000000002,6.715252810564413e-11,1.2029827410781026e-10,1.2749200299303115e-10,-0.025223547601172517
NGC4051,8.899500000000002,4.967436719620232e-11,9.166823924084677e-11,1.046893489111292e-10,-0.05768360930598885
NGC4051,10.361500000000001,3.823796309096924e-11,7.771471980824444e-11,8.864712616397924e-11,-0.057161375301319865
NGC4068,1.4562929061784895,7.96207023345169e-12,3.5941140347528205e-11,3.5062085106802744e-11,0.010754112791655085
NGC4068,1.8794050343249427,8.741392154137663e-12,3.905512524167237e-11,3.6954825757290694e-11,0.02400687592348427
NGC4085,1.624,1.1146424785602272e-10,1.2745926037198408e-10,1.802021679454919e-10,-0.1503886175085593
NGC4085,2.529333333333333,8.683481025803428e-11,1.6080288569131142e-10,1.515792712919473e-10,0.0256540232316746
NGC4085,3.3413333333333335,7.32448032943217e-11,1.5651339028260945e-10,1.3509488645562771e-10,0.06391258828985075
NGC4085,4.153333333333333,6.539286350968125e-11,1.3193310310451248e-10,1.2526722392109028e-10,0.022516324270054178
NGC4085,4.965333333333334,5.17524822748731e-11,1.1550977377574814e-10,1.0749374011244374e-10,0.031235559404729236
NGC4085,5.786666666666667,3.8695568343931185e-11,1.0363661293990966e-10,8.931214945654597e-11,0.06460266933336849
NGC4088,2.6055555555555556,1.203617016888476e-10,2.3193873917008504e-10,1.902427991629488e-10,0.08606506461554922
NGC4088,3.9008888888888893,1.4538432658770753e-10,2.198174986847681e-10,2.1784954260411085e-10,0.0039056092686271405
NGC4088,5.1962222222222225,1.3420280956879922e-10,2.0147175007653188e-10,2.0561642499371364e-10,-0.008843644965433954
NGC4088,6.491555555555556,9.481085115461431e-11,1.6672080962549202e-10,1.6100196936693766e-10,0.015158622304968332
NGC4088,7.794333333333334,7.300022638067012e-11,1.3431450005102124e-10,1.3479247164579572e-10,-0.001542737024547148
NGC4088,9.074777777777777,5.869329075025286e-11,1.0900798467609711e-10,1.1666349310562722e-10,-0.029476665268423904
NGC4088,10.377555555555556,4.384759639349436e-11,9.20646627548521e-11,9.665687049192919e-11,-0.02113976304033832
NGC4088,11.672888888888888,3.421510308267041e-11,7.900162504171365e-11,8.269947018234973e-11,-0.01986670253506104
NGC4088,12.968222222222224,2.7632437377369586e-11,6.859354642686102e-11,7.250077407376798e-11,-0.024059386102805752
NGC4088,14.35288888888889,2.2408329568024062e-11,6.65654252490995e-11,6.386417083705542e-11,0.01799143280964076
NGC4088,15.990666666666668,1.7829159089420832e-11,6.186253878964729e-11,5.574058240781119e-11,0.045256236989737776
NGC4100,2.175,1.5065106874060935e-10,2.1525644221844839e-10,2.235611833907366e-10,-0.016440241895605674
NGC4100,2.916666666666667,1.293150687066555e-10,2.441684575004176e-10,2.0021882742878772e-10,0.0861846459931225
NGC4100,3.641666666666667,1.3239220283928721e-10,2.519830333667492e-10,2.0362071638087747e-10,0.09254933860472069
NGC4100,4.366666666666667,1.5055234081722642e-10,2.466298632744186e-10,2.2345439254733527e-10,0.04285676595289777
NGC4100,5.091666666666667,1.5820301974728352e-10,2.3051551693790258e-10,2.3170012659544198e-10,-0.0022261062389334475
NGC4100,5.816666666666667,1.5342088492887393e-10,2.1036922664816627e-10,2.2655303329076566e-10,-0.03218767085618685
NGC4100,6.541666666666667,1.2637024907397076e-10,1.8898778681953699e-10,1.9695078127820657e-10,-0.017923968782494113
NGC4100,7.2666666666666675,1.0553523091791257e-10,1.6666035641460326e-10,1.734321916442776e-10,-0.017297406003760597
NGC4100,8.0,8.547618630519942e-11,1.4981848378404006e-10,1.499571443892037e-10,-0.00040176408163375676
NGC4100,8.725000000000001,6.974199003154727e-11,1.3736938341230032e-10,1.3074178631604931e-10,0.021475534498320424
NGC4100,9.458333333333334,5.901165212783286e-11,1.2540216838577379e-10,1.1707746907240734e-10,0.029831720660281575
NGC4100,10.158333333333333,5.211639510169192e-11,1.1432838689605753e-10,1.0798185404975756e-10,0.02480329586347312
NGC4100,10.933333333333334,4.5759823436488436e-11,1.0177562896001592e-10,9.932237219042136e-11,0.010596711356590975
NGC4100,11.616666666666667,4.0449581755619464e-11,9.270735176168965e-11,9.184121501479792e-11,0.004076554786764666
NGC4100,12.383333333333333,3.553448557809938e-11,8.412429268527837e-11,8.467111456674306e-11,-0.0028138509257203746
NGC4100,13.066666666666666,3.1940172120507146e-11,7.707498528005461e-11,7.924701172741676e-11,-0.012069444222218548
NGC4100,13.841666666666667,2.8586764337847162e-11,7.111529849998742e-11,7.402122981402663e-11,-0.017393259046090098
NGC4100,14.51666666666667,2.6041851561243148e-11,7.096202939947983e-11,6.993015040994926e-11,0.006361564774543347
NGC4100,15.291666666666668,2.3389223264142028e-11,6.66107981163458e-11,6.553069263384934e-11,0.0070998790080923375
NGC4100,15.966666666666667,2.1249771100440032e-11,5.8158350123901355e-11,6.186512534211155e-11,-0.026833819506143976
NGC4100,16.741666666666667,1.9114965401068187e-11,4.848064736271124e-11,5.8085143024676055e-11,-0.07849665273318394
NGC4100,17.516666666666666,1.7292828254120363e-11,4.633569008167788e-11,5.474585279346114e-11,-0.07243558990685804
NGC4100,18.291666666666668,1.5730161692990103e-11,4.437249227867284e-11,5.1785389532261615e-11,-0.06709342487269811
NGC4100,18.96666666666667,1.4481402889944385e-11,4.3336732577991306e-11,4.9345631447079535e-11,-0.0563925466622443
NGC4138,2.5954999999999995,3.871995323177365e-10,4.000686157314079e-10,4.642196291585442e-10,-0.06458901678282472
NGC4138,5.2108888888888885,1.3933258873765265e-10,2.364867781845917e-10,2.1124761127638784e-10,0.04901505786274225
NGC4138,7.806388888888888,6.551075565257007e-11,1.360054844982218e-10,1.2541670649157913e-10,0.03520103010594532
NGC4138,13.395166666666666,2.1723782135403016e-11,5.086714204917279e-11,6.268718480094178e-11,-0.09074142903440682
NGC4157,3.052777777777778,2.0506378053458302e-10,2.6206250268450915e-10,2.8112763860242683e-10,-0.030498660459222143
NGC4157,4.570444444444445,1.5957173240088821e-10,2.617850215991769e-10,2.331691599373387e-10,0.05027368612105815
NGC4157,6.088111111111112,1.2751334567080552e-10,2.153824515588489e-10,1.9822082262274082e-10,0.03606104180511178
NGC4157,7.605777777777779,1.0652224099331822e-10,1.72404760536785e-10,1.745639184683159e-10,-0.0054052284049489726
NGC4157,9.132166666666667,7.793888828133772e-11,1.337612756593292e-10,1.4085714143527887e-10,-0.02244846863314948
NGC4157,10.632388888888888,5.8026043142543184e-11,1.101988646243388e-10,1.1579407541850043e-10,-0.021509219351042667
NGC4157,12.158777777777777,4.3924007468982425e-11,9.234996568480428e-11,9.676397061090129e-11,-0.02027694248475656
NGC4157,13.676444444444444,3.413710824785394e-11,8.034580592669966e-11,8.258223622722977e-11,-0.011923427469102969
NGC4157,15.194111111111113,2.8545973886934947e-11,7.075681066473142e-11,7.395656168885963e-11,-0.019208463164719584
NGC4157,16.71177777777778,2.344662330386091e-11,6.362609487425843e-11,6.562751307484814e-11,-0.013450678450164328
NGC4157,18.229444444444443,1.92954272426499e-11,5.96251544573959e-11,5.840990574927277e-11,0.00894301161913007
NGC4157,19.75583333333333,1.7195823578435242e-11,5.6227512940081655e-11,5.4564824985213536e-11,0.013036107628602403
NGC4157,21.273500000000002,1.469349000089423e-11,5.2782227209765136e-11,4.9765037336588636e-11,0.02556337761216588
NGC4157,22.791166666666665,1.2574546540252883e-11,4.926745203391396e-11,4.547103954733443e-11,0.034825219388245614
NGC4157,24.308833333333336,1.0883050093623672e-11,4.5203524827077514e-11,4.1852385204155746e-11,0.033452087175852886
NGC4157,25.8265,9.555568704657248e-12,4.301091415376054e-11,3.886468203168691e-11,0.04402355423480718
NGC4183,1.8849999999999998,3.336279506045806e-11,9.966414015042415e-11,8.141410504526609e-11,0.0878392710453393
NGC4183,2.5277777777777777,2.7676879944842518e-11,9.42548523715742e-11,7.25719340617975e-11,0.11353502023852936
NGC4183,3.156111111111111,2.7447067932438583e-11,9.591420554706049e-11,7.220358665274866e-11,0.12332416258445249
NGC4183,3.7844444444444445,2.6251555683272117e-11,8.452347192983821e-11,7.027179079424408e-11,0.08019630688716854
NGC4183,4.412777777777778,2.5275170582257654e-11,7.799079677117437e-11,6.867372398951665e-11,0.05525275856926074
NGC4183,5.041111111111111,2.454738489137411e-11,7.367535731467527e-11,6.746993020552561e-11,0.03821198989331921
NGC4183,5.669444444444444,2.406868275392326e-11,7.049956200963583e-11,6.667198851744508e-11,0.02424301055537708
NGC4183,6.297777777777778,2.3635310529533646e-11,6.694271711119966e-11,6.594525270794248e-11,0.006519798934220242
NGC4183,6.933333333333333,2.100822545808097e-11,6.187775744057281e-11,6.144392389880142e-11,0.003055623122430476
NGC4183,7.561666666666667,1.8086909324417223e-11,5.285783780092084e-11,5.621501451312283e-11,-0.026742933183770346
NGC4183,8.197222222222221,1.6320667438500122e-11,4.788501489334501e-11,5.291549273624948e-11,-0.04338321769476247
NGC4183,8.890555555555556,1.3632457273803475e-11,4.495707244318775e-11,4.764460637593919e-11,-0.025215720614356736
NGC4183,9.475555555555555,1.1797308756192384e-11,4.0675160836448635e-11,4.383188416552667e-11,-0.032460860832660796
NGC4183,10.147222222222222,1.0354911254393356e-11,3.7289048767249956e-11,4.0680955014416386e-11,-0.037809834965767064
NGC4183,10.818888888888889,9.412175655277975e-12,3.5624706954219365e-11,3.853292306924291e-11,-0.03408065484823174
NGC4183,11.577222222222224,8.298897833003285e-12,3.452411489554842e-11,3.5888480864180304e-11,-0.016832522058667136
NGC4183,12.241666666666665,7.327168887792177e-12,3.206459699347881e-11,3.3466634507171166e-11,-0.01858625493602986
NGC4183,12.913333333333332,6.7916685515313765e-12,2.9846650457170366e-11,3.207856205953308e-11,-0.03131929307641016
NGC4183,13.671666666666667,6.090743372771738e-12,2.8710772268328886e-11,3.019458702601798e-11,-0.021884219704716202
NGC4183,14.422777777777776,5.4413372282183295e-12,2.8214223254017638e-11,2.8370244500798104e-11,-0.002394980140146976
NGC4217,1.7593333333333332,1.8740065520317845e-10,1.8013131890566426e-10,2.6268653863734e-10,-0.16384858905429012
NGC4217,2.639,1.8741986324615152e-10,2.6170444445988036e-10,2.6270670453627456e-10,-0.0016600583394368407
NGC4217,3.5388888888888888,1.6914851630805284e-10,2.4624393677028094e-10,2.4339945298087e-10,0.0050459478735197984
NGC4217,4.418555555555556,1.3489806206606578e-10,2.220051011285745e-10,2.063816056551074e-10,0.03169196662438814
NGC4217,5.298222222222222,1.151103820492443e-10,1.8727969972949582e-10,1.843331697590525e-10,0.006887213173987087
NGC4217,6.177888888888889,1.0605151498052194e-10,1.7755803484995005e-10,1.7402441614358315e-10,0.008730144394882447
NGC4217,7.057555555555556,9.66395649974495e-11,1.5712088916338486e-10,1.631398424017151e-10,-0.016326110261759737
NGC4217,7.937222222222221,9.213596617043118e-11,1.4427528330038815e-10,1.5786023412518818e-10,-0.039080806812806936
NGC4217,8.816888888888888,7.384817472367425e-11,1.3265896693364671e-10,1.3583999113589194e-10,-0.010291033602903251
NGC4217,9.706666666666665,5.856311625732488e-11,1.2177030545359966e-10,1.1649406619746751e-10,0.01923759096519641
NGC4217,10.586333333333334,4.864304030621914e-11,1.1165185600330055e-10,1.032864200784005e-10,0.03382272182261864
NGC4217,11.476111111111111,4.1490302608366574e-11,1.0084947478818466e-10,9.332745082877819e-11,0.0336642372482769
NGC4217,12.325444444444443,3.591148085835721e-11,9.094274878304449e-11,8.523059427432954e-11,0.02817256020999783
NGC4217,13.265777777777776,3.0991050226265686e-11,8.179264233106843e-11,7.77853576972746e-11,0.02181638524311238
NGC4217,14.094888888888887,2.7235506063473147e-11,7.365278651089334e-11,7.186365190641992e-11,0.010679899142305185
NGC4217,15.02511111111111,2.381767409383566e-11,6.755750736991231e-11,6.625157619613434e-11,0.008477402219674423
NGC4217,15.965444444444444,2.111685855545731e-11,6.357850281930949e-11,6.163355046148477e-11,0.013493110286314615
NGC4217,16.905777777777775,1.9038484370587216e-11,6.072249747610931e-11,5.794719776833313e-11,0.020317186462323864
NGC4559,1.9388,6.048167680184944e-11,1.1850607840734655e-10,1.1898206064052267e-10,-0.0017408594380541925
NGC4559,2.4272,5.908159207554962e-11,1.2356459083472934e-10,1.171683418140503e-10,0.02308375165319104
NGC4559,2.9082,5.769798338949927e-11,1.1593792630279615e-10,1.1536572524449996e-10,0.00214872759182259
NGC4559,3.3892,5.1806922039686006e-11,1.0342342970208383e-10,1.0756681509737424e-10,-0.017059374324044606
NGC4559,3.8627999999999996,4.519825181144089e-11,9.426684295380784e-11,9.854271889091951e-11,-0.0192655781436323
NGC4559,4.3660000000000005,3.987336473487004e-11,8.340218986760623e-11,9.101380337291354e-11,-0.037929809530520865
NGC4559,4.8396,3.489683729350785e-11,7.810655763302562e-11,8.37209173489443e-11,-0.0301464806586382
NGC4559,5.320600000000001,3.0875550967986e-11,7.504725336474084e-11,7.760658640180341e-11,-0.014563778770535411
NGC4559,5.8238,2.8585094383733552e-11,7.231904880940102e-11,7.401858286352575e-11,-0.010088060612559825
NGC4559,6.2974,2.671615879844339e-11,6.924750868416074e-11,7.102569784715055e-11,-0.011011356063355758
NGC4559,6.7784,2.4305934535236615e-11,6.544763910834992e-11,6.706808205034981e-11,-0.01062190210356242
NGC4559,7.2816,2.1705174845388042e-11,6.197073558863895e-11,6.265502566606188e-11,-0.004769260997831884
NGC4559,7.7552,1.959841988943892e-11,6.017539427480768e-11,5.895291199317726e-11,0.008913682453759448
NGC4559,8.2362,1.7860803845209775e-11,5.7609394595511215e-11,5.579895416905831e-11,0.013867252243760933
NGC4559,8.7172,1.617714133270791e-11,5.533400512101355e-11,5.264213198308904e-11,0.02165863624856825
NGC4559,9.1982,1.4692203770477283e-11,5.244043285000319e-11,4.976250023380715e-11,0.022764075122067278
NGC4559,9.6792,1.3549417024487993e-11,4.983444803712077e-11,4.747622952017726e-11,0.02105343167071621
NGC4559,10.1602,1.2707002944917425e-11,4.825667789020276e-11,4.5746681312431546e-11,0.023197826985385965
NGC4559,10.641200000000001,1.1916988167289714e-11,4.6827634434553014e-11,4.4086780353573276e-11,0.026193835756354356
NGC4559,11.1222,1.1132448589347516e-11,4.480248723678459e-11,4.2398232046987824e-11,0.023954377348451468
NGC4559,11.6032,1.0576466067112718e-11,4.2255369096459425e-11,4.117500595132157e-11,0.011248228963740971
NGC4559,12.0842,1.0162975550529506e-11,4.057343462538175e-11,4.0249765199323635e-11,0.003478421974207308
NGC4559,12.5652,9.770301691921968e-12,3.9020270166812944e-11,3.9358013824830984e-11,-0.0037429019214215457
NGC4559,13.112799999999998,9.341754779765122e-12,3.6184681819866816e-11,3.836929758573501e-11,-0.02545909065435421
NGC4559,13.5272,9.089803878532186e-12,3.565834684494199e-11,3.778002223103945e-11,-0.025101004140843215
NGC4559,14.0748,8.70610939512374e-12,3.427100842931334e-11,3.68705684089819e-11,-0.03175294909134337
NGC4559,14.555800000000001,8.348118754259494e-12,3.259748662165937e-11,3.600815394608179e-11,-0.04321674091822163
NGC4559,15.0368,7.9609102298163e-12,3.1035341141731526e-11,3.505921606132619e-11,-0.05294567733058665
NGC4559,15.5178,7.546346135354126e-12,2.9574215106407904e-11,3.4023258093976315e-11,-0.06086267228278201
NGC5005,0.9626035502958581,1.871932741296261e-09,1.830323561953355e-09,1.9086984008763897e-09,-0.01820943918134076
NGC5005,1.4439053254437872,1.2234479286567658e-09,1.1581811272252138e-09,1.2758171260896073e-09,-0.04201194391303203
NGC5005,1.935029585798817,8.865833920445097e-10,9.183486518256032e-10,9.492312188119793e-10,-0.014364420316813972
NGC5005,2.416331360946746,7.407776337976645e-10,8.061932650577011e-10,8.081449215386844e-10,-0.0010500823931898983
NGC5005,2.897633136094675,6.465041682924316e-10,6.668063712551929e-10,7.168762697746079e-10,-0.03144446368700982
NGC5005,3.378934911242604,5.715822279435129e-10,6.542815535490507e-10,6.442267909121447e-10,0.006725894718592368
NGC5005,3.8602366863905333,4.896784864528747e-10,5.639610129231804e-10,5.645666253178941e-10,-0.00046611910516263785
NGC5005,4.3415384615384625,4.206557580603071e-10,4.975757962780969e-10,4.970946693426538e-10,0.00042014073339074093
NGC5005,4.832662721893492,3.7191021796772245e-10,4.4700915031487563e-10,4.491474878527937e-10,-0.0020725616841903
NGC5005,5.63810650887574,3.1356830184462994e-10,3.9211298679594675e-10,3.912721035241634e-10,0.0009323412192247059
NGC5005,6.443550295857989,2.7071570484648714e-10,3.483772300131786e-10,3.4827129844924297e-10,0.0001320766273137911
NGC5005,7.2391715976331374,2.3255742830525155e-10,3.124513964310334e-10,3.094780682715773e-10,0.004152592613853688
NGC5005,8.044615384615385,2.0392232596541942e-10,2.8330220205387677e-10,2.7994179417580577e-10,0.005182208508080238
NGC5005,8.850059171597634,1.815434693971357e-10,2.57518871789262e-10,2.565249627937156e-10,0.0016794277108002343
NGC5005,9.655502958579882,1.596785276586058e-10,2.342590835907138e-10,2.332837073224739e-10,0.0018120315566044428
NGC5005,10.460946745562133,1.3816586613560448e-10,2.16222233962133e-10,2.0996976167566727e-10,0.012743594782055756
NGC5005,11.266390532544381,1.1895160664071557e-10,2.0228814601754583e-10,1.8866039913103273e-10,0.030289685181124685
NGC5033,0.6147770700636943,1.8100216463590486e-09,2.2404887918748278e-09,1.8480424031331762e-09,0.08363084384249207
NGC5033,1.8443312101910827,9.619654558171846e-10,8.059621132426842e-10,1.0222093073136077e-09,-0.10322520400879898
NGC5033,3.0738853503184713,6.006497467734718e-10,5.204083778808514e-10,6.72430821410502e-10,-0.11130333195465678
NGC5033,4.311528662420383,3.658016185035563e-10,3.777380681242387e-10,4.431160045874009e-10,-0.0693266814189959
NGC5033,5.541082802547771,2.4172127929232867e-10,2.9654895088863403e-10,3.1884686443190847e-10,-0.03148575850053519
NGC5033,6.471337579617835,1.7946377783331263e-10,2.4719397949340435e-10,2.5433112189974473e-10,-0.012361617886643557
NGC5033,8.315668789808917,1.192231755630727e-10,1.8891836321778877e-10,1.8896540182205964e-10,-0.00010812111165783484
NGC5033,10.16,8.696373101088098e-11,1.518256940204693e-10,1.5173292462351384e-10,0.0002654461838144417
NGC5033,12.06095541401274,6.443573499604407e-11,1.2907214082844782e-10,1.2405128903551897e-10,0.01723123199990724
NGC5033,13.872929936305733,5.05055129550292e-11,1.1017353150517078e-10,1.058145070809561e-10,0.017532057348084922
NGC5033,15.684904458598728,4.140966463675631e-11,9.834609163987077e-11,9.321266174582989e-11,0.023282195651688174
NGC5033,17.504968152866244,3.61657490893971e-11,8.97449525822028e-11,8.560699245634956e-11,0.020500792742266124
NGC5033,19.42210191082803,3.0781705086434414e-11,8.236367496656538e-11,7.746118361463438e-11,0.026651587303687625
NGC5033,21.23407643312102,2.5984060034249512e-11,7.264497969131787e-11,6.983584874819139e-11,0.017127190989274302
NGC5033,23.054140127388536,2.1923981045948947e-11,6.629740580047995e-11,6.303262668094458e-11,0.021931129590626076
NGC5033,24.97127388535032,1.848618454107303e-11,5.5696254273409696e-11,5.694546820964658e-11,-0.009633179446533793
NGC5033,26.791337579617835,1.5975458834009103e-11,4.797751522536199e-11,5.225658715333137e-11,-0.03710329087290891
NGC5033,28.60331210191083,1.3853986740058417e-11,4.139771833974223e-11,4.809201662943836e-11,-0.06509658323014607
NGC5033,30.52044585987261,1.20734165238685e-11,3.9614095118104264e-11,4.441854527073928e-11,-0.04971459104904331
NGC5033,32.34050955414013,1.0696973050733683e-11,3.6998285117905336e-11,4.1442114611473597e-11,-0.049260312619152015
NGC5033,34.15248407643312,9.556228597909564e-12,3.5769029603740884e-11,3.8866204430282885e-11,-0.03606497255076284
NGC5033,36.06961783439491,8.53670651946665e-12,3.456977855601292e-11,3.646419485107845e-11,-0.023170030963811504
NGC5055,1.4198888888888888,7.321167861724618e-10,8.390006200711845e-10,7.997636818007156e-10,0.020800603370604225
NGC5055,2.144727272727273,5.826041969607102e-10,6.705860947098249e-10,6.549245540910632e-10,0.010263270567761171
NGC5055,2.849707070707071,4.987060930282611e-10,5.933364262421107e-10,5.73364494775474e-10,0.014870215420589009
NGC5055,3.5646161616161613,3.779750805525504e-10,4.694358998982225e-10,4.5513021545788985e-10,0.01344063034055484
NGC5055,4.269595959595959,3.128633662935278e-10,3.838018258874212e-10,3.9056860164986813e-10,-0.0075902903169532895
NGC5055,4.994434343434343,2.707992572873934e-10,3.4559665302526946e-10,3.483556602246876e-10,-0.003453343674502132
NGC5055,5.709343434343434,2.419500596111446e-10,3.2121259082747977e-10,3.1908030117943614e-10,0.0028925670200076617
NGC5055,6.414323232323232,2.2164436045424228e-10,2.945073290582701e-10,2.982710544603811e-10,-0.005515002518854449
NGC5055,7.129232323232323,1.9430175896132807e-10,2.649745606847389e-10,2.699155379358051e-10,-0.008023705049320188
NGC5055,7.854070707070707,1.7176219199387378e-10,2.452597309007568e-10,2.461775078764195e-10,-0.001622123470016687
NGC5055,8.559050505050504,1.53243136965087e-10,2.250585233671678e-10,2.2636127599141978e-10,-0.002506668283001289
NGC5055,11.408757575757576,9.83430278312993e-11,1.688428608724966e-10,1.6512424506721815e-10,0.009671857155098502
NGC5055,14.19888888888889,6.900546786870866e-11,1.3566464835139762e-10,1.298202872874051e-10,0.019124127577730077
NGC5055,17.068454545454546,5.01154528302102e-11,1.0959342238993773e-10,1.0528706313384163e-10,0.017409477626123115
NGC5055,19.92809090909091,3.59907928834007e-11,9.111311801028319e-11,8.534808284983194e-11,0.028387138893894277
NGC5055,22.797656565656567,2.6755027874276873e-11,7.493761489586321e-11,7.108858534288305e-11,0.0228999944234446
NGC5055,25.66722222222222,2.069026847175646e-11,6.250624951848728e-11,6.088705284105795e-11,0.011398488174085853
NGC5055,28.536787878787877,1.671781465331603e-11,5.3853901589907676e-11,5.366762601523929e-11,0.0015047876816767587
NGC5055,31.396424242424242,1.3925854907838926e-11,4.7890481170082605e-11,4.8236617661224004e-11,-0.0031276470344318258
NGC5055,34.26598989898989,1.1906383924693877e-11,4.292085266756797e-11,4.4064232935480334e-11,-0.01141787328815239
NGC5055,37.135555555555555,1.005376043950357e-11,4.004551080403554e-11,4.000305455091827e-11,0.0004606832889084509
NGC5055,40.00512121212121,8.803361663229106e-12,3.676343076589155e-11,3.710249962227306e-11,-0.003987136338273099
NGC5055,42.86475757575757,7.796902853180256e-12,3.393065969558802e-11,3.4651934269034416e-11,-0.009135178436662561
NGC5055,45.595313131313134,7.061181366616091e-12,3.1898662435943697e-11,3.27823257992876e-11,-0.01186728935925861
NGC5055,48.46487878787879,6.3068601810519164e-12,3.000996883955203e-11,3.078423406720447e-11,-0.011062808036972838
NGC5055,51.33444444444444,5.636492685532724e-12,2.677171811936567e-11,2.8927255070756887e-11,-0.033630981420047924
NGC5055,54.204010101010105,5.007333805358712e-12,2.477491023912323e-11,2.710170152902627e-11,-0.038984468400172806
NGC5371,0.27173803526448365,4.280248585487294e-09,5.608572616576033e-09,4.291183784579452e-09,0.11627523216852864
NGC5371,0.539727959697733,2.00835713918134e-09,2.7976751110207584e-09,2.042512948515933e-09,0.13663246082270736
NGC5371,0.8114659949622166,1.3702658671587542e-09,1.8608093117181949e-09,1.4186052088998536e-09,0.11784032047481091
NGC5371,1.0832040302267003,1.0994119132129087e-09,1.381060027310388e-09,1.155413065871762e-09,0.07747528104433796
NGC5371,1.3530680100755668,8.914399827715111e-10,1.1159701273877818e-09,9.539317021052025e-10,0.06813528745836572
NGC5371,1.6229319899244332,7.904720982396608e-10,9.830588165887328e-10,8.562294253206491e-10,0.059989353737692985
NGC5371,2.1645340050377837,7.345048527894158e-10,8.192995286360065e-10,8.020746955209354e-10,0.00922788990410811
NGC5371,2.713632241813602,6.655625615793293e-10,6.761467693982173e-10,7.353363194518088e-10,-0.03644503967542501
NGC5371,3.2383677581863983,5.422573403692046e-10,5.907447095793028e-10,6.157421516911381e-10,-0.017999043994212056
NGC5371,3.7855919395465993,4.602133970503332e-10,5.011821130981226e-10,5.358121269730005e-10,-0.029016975841503787
NGC5371,4.332816120906801,3.801154127157064e-10,4.342576730122628e-10,4.572402810966489e-10,-0.02239698221969773
NGC5371,4.880040302267003,2.975429755577909e-10,3.6652498285009097e-10,3.7524961998308393e-10,-0.010216679004636575
NGC5371,5.4047758186397985,2.346912905588827e-10,3.0869846461597433e-10,3.1166293530726914e-10,-0.0041506872059964
NGC5371,5.952000000000001,1.8923618035425977e-10,2.4899553552827536e-10,2.646124363934819e-10,-0.026418691232744172
NGC5371,6.499224181360201,1.5680086008772488e-10,2.153646647095191e-10,2.3019331190738698e-10,-0.028918252094779284
NGC5371,7.023959697732997,1.281790593284833e-10,2.0120554021194764e-10,1.9895959774665266e-10,0.004875040671544061
NGC5371,7.571183879093199,1.075341339617596e-10,1.8846211224186127e-10,1.75722177204871e-10,0.030397478733577128
NGC5371,8.118408060453401,9.187097076368322e-11,1.7241104737133246e-10,1.5754801436473267e-10,0.03915215616315231
NGC5371,8.665632241813602,7.962354029532855e-11,1.7102288512928256e-10,1.429066446636316e-10,0.07800180619137037
NGC5585,0.2876203966005666,2.0016747071304638e-11,7.868193730527373e-11,5.969805709928709e-11,0.11991484752422599
NGC5585,0.47567988668555244,2.0900873333596606e-11,7.693925749737587e-11,6.125621786790137e-11,0.098997812101314
NGC5585,0.6637393767705383,1.9314542136272578e-11,5.1915961250031084e-11,5.844424585023734e-11,-0.05144085937521398
NGC5585,0.8517988668555241,1.767976299238668e-11,4.2966078862170946e-11,5.5464531586662185e-11,-0.11088962836580706
NGC5585,1.03985835694051,1.6379431188852058e-11,3.949710125025422e-11,5.3027175343061095e-11,-0.12793327040039607
NGC5585,1.227917847025496,1.5344843227546132e-11,3.749879097471062e-11,5.104003679074004e-11,-0.13389371320686352
NGC5585,1.4159773371104816,1.3939067510809647e-11,3.9764839929344606e-11,4.826317300617181e-11,-0.08411663212750559
NGC5585,1.6150991501416432,1.2898729044095125e-11,3.845323033348299e-11,4.614383793563182e-11,-0.07918088402888877
NGC5585,1.8031586402266289,1.2082368780897825e-11,3.6029789289002506e-11,4.443748446990997e-11,-0.09108774402595482
NGC5585,2.2677762039660054,1.0627464601289692e-11,4.021851659533956e-11,4.128818319458179e-11,-0.011399724817782972
NGC5585,3.031076487252125,9.395122794070508e-12,4.395699826782687e-11,3.849334263738803e-11,0.057642402234862
NGC5585,3.783314447592068,8.021197460728869e-12,4.5516126161313895e-11,3.5208112019937724e-11,0.11152255519609437
NGC5585,4.546614730878187,7.696825043898206e-12,4.115520463583832e-11,3.440178085661132e-11,0.07784384045172071
NGC5585,5.298852691218131,7.460773234345941e-12,3.7381201529056797e-11,3.3806695598795873e-11,0.04365053345535894
NGC5585,6.06215297450425,6.9163053830266135e-12,3.6709471640793414e-11,3.240535728975488e-11,0.05416131956155328
NGC5585,6.814390934844193,6.544098632559915e-12,3.662193410048646e-11,3.142234387419884e-11,0.06650269973811496
NGC5585,7.577691218130312,5.8987136492582404e-12,3.4370468867556544e-11,2.966362057463426e-11,0.06396129917269265
NGC5585,8.329929178470255,5.470956900476202e-12,3.1755434820588593e-11,2.8455296980521118e-11,0.047654941233795094
NGC5585,9.082167138810199,5.289908173683563e-12,2.9771754895682136e-11,2.7932460220893438e-11,0.027695245931381077
NGC5585,9.845467422096318,4.9937470956465405e-12,2.7884960913438876e-11,2.7061283169017616e-11,0.013021654316180464
NGC5585,10.586643059490086,4.609384426775838e-12,2.5151997044906945e-11,2.5898560003242226e-11,-0.012703144027565763
NGC5585,11.405254957507083,4.2772564554901406e-12,2.2683705419243558e-11,2.486136225567675e-11,-0.03981092301980547
NGC5585,12.1243059490085,3.91083278547281e-12,2.1243258217812164e-11,2.3677550510993564e-11,-0.04711564364865152
NGC5907,3.052890173410405,2.225784502294234e-10,4.864784830987411e-10,2.9923255209491394e-10,0.21105479961554208
NGC5907,4.582369942196531,1.9942777395892676e-10,3.4253305233099615e-10,2.752648654912619e-10,0.09495170254022041
NGC5907,6.111849710982659,1.7919463656451131e-10,2.930288148314965e-10,2.540469687538864e-10,0.0619963112213508
NGC5907,7.635260115606936,1.515364713015329e-10,2.3456281123634103e-10,2.2451843403601594e-10,0.019007153558578717
NGC5907,9.164739884393063,1.1824150717577505e-10,1.8719006682138112e-10,1.8786230799093374e-10,-0.0015568542566290016
NGC5907,10.68815028901734,9.55865689061783e-11,1.6190813804495573e-10,1.6190980068489565e-10,-4.459761272871284e-06
NGC5907,12.217630057803467,7.877330196153616e-11,1.4286842909046744e-10,1.4187344052590615e-10,0.0030351686777473443
NGC5907,13.747109826589593,6.493500564694968e-11,1.1942655491912314e-10,1.2468608286762386e-10,-0.01871707692353463
NGC5907,15.270520231213872,5.2151693157642605e-11,1.0655883763326975e-10,1.0802915303550989e-10,-0.005951496697111092
NGC5907,16.8,4.3501931762944656e-11,1.0122993394814536e-10,9.617174714911689e-11,0.022261447542351303
NGC5907,18.329479768786126,3.772312710637611e-11,8.408337179224307e-11,8.78962546500936e-11,-0.01926025090165393
NGC5907,19.852890173410405,3.191851065035536e-11,7.480852246978503e-11,7.921379770456075e-11,-0.024849757783344056
NGC5907,21.38236994219653,2.7913705891566255e-11,6.880985430253933e-11,7.295054315900817e-11,-0.025377891539697175
NGC5907,22.911849710982658,2.3986543666013667e-11,6.301617364805072e-11,6.653456846165618e-11,-0.02359531521312633
NGC5907,24.435260115606933,2.1198231861618676e-11,6.249564745690602e-11,6.177538432159462e-11,0.005034315776226369
NGC5907,25.96473988439306,1.85554411921685e-11,5.827345885355205e-11,5.707162696589809e-11,0.00905054329697965
NGC5907,27.48815028901734,1.6553543115817878e-11,5.4535421451656e-11,5.335727489107099e-11,0.00948503291637726
NGC5907,29.01763005780347,1.4848449862323797e-11,5.26265376828077e-11,5.00701294973189e-11,0.021626083956219552
NGC5907,30.547109826589594,1.3633374532875504e-11,4.861885098324395e-11,4.764646421718038e-11,0.008774013145298416
NGC5985,4.164181360201511,4.544789822015763e-10,3.846977488334892e-10,5.302082582151724e-10,-0.1393268428492015
NGC5985,4.975843828715366,3.374256034389351e-10,3.424746933726051e-10,4.1501669442867725e-10,-0.08343708145071252
NGC5985,5.84632241813602,2.6064680539821913e-10,3.388910924116657e-10,3.3808774217215383e-10,0.0010307286491099154
NGC5985,6.752090680100756,2.1339108270162624e-10,3.1757090039465955e-10,2.897562082753509e-10,0.03980795050934719
NGC5985,7.61080604534005,1.8418647685893563e-10,2.927658369111285e-10,2.593083959880409e-10,0.05270381840630794
NGC5985,8.493047858942065,1.6494909537713954e-10,2.806168797874143e-10,2.389236310239605e-10,0.0698546850638059
NGC5985,9.43410579345088,1.4876277063912683e-10,2.8125652460971e-10,2.2151686308446086e-10,0.10369581332484357
NGC5985,10.339874055415615,1.3678773376206224e-10,2.6020760853367774e-10,2.0845818146870768e-10,0.09630104650490016
NGC5985,11.17506297229219,1.2896906628690226e-10,2.457849454615526e-10,1.9983548801798062e-10,0.08988266302552951
NGC5985,12.080831234256927,1.2376781641648436e-10,2.431961095457101e-10,1.9405216263674664e-10,0.09803813601703536
NGC5985,13.033652392947102,1.1872854488731432e-10,2.25417332584336e-10,1.8840978565962546e-10,0.07788385086631493
NGC5985,13.904130982367759,1.1269160567451457e-10,2.1411291863989613e-10,1.8159538485500846e-10,0.07153806454600199
NGC5985,14.774609571788414,1.067441920974645e-10,2.0017452123021823e-10,1.7481814596772145e-10,0.05882228843323504
NGC5985,15.75095717884131,1.0066690721459322e-10,1.9025333682229544e-10,1.678207976221499e-10,0.05448650164575835
NGC5985,16.586146095717883,9.598253002056865e-11,1.7479804765709534e-10,1.6237264421130415e-10,0.032023714480564285
NGC5985,17.56249370277078,8.970994692056394e-11,1.5962371167132393e-10,1.5499511114480806e-10,0.012779405207877728
NGC5985,18.397682619647355,8.43988663403878e-11,1.513460507720734e-10,1.486671029760357e-10,0.007756214383362325
NGC5985,19.23287153652393,8.003315036562194e-11,1.408612116155353e-10,1.4340355919144127e-10,-0.007768510747822164
NGC5985,20.209219143576824,7.546840530360176e-11,1.3498204370616477e-10,1.3783423020534332e-10,-0.009081085759362848
NGC5985,21.0444080604534,7.104882649495859e-11,1.25208815351129e-10,1.32371448764776e-10,-0.02415941556601986
NGC5985,22.020755667506297,6.565263743914551e-11,1.204955837270232e-10,1.2559652423231928e-10,-0.018006490955297324
NGC5985,22.867707808564234,6.168045179495734e-11,1.217619461972854e-10,1.2052700660980842e-10,0.004427210457757775
NGC5985,23.83229219143577,5.810466704627109e-11,1.1367624925538016e-10,1.1589664750646422e-10,-0.0084011378699304
NGC5985,24.679244332493703,5.522407413799081e-11,1.0826614481234433e-10,1.1211596990249586e-10,-0.015174805800075939
NGC5985,25.514433249370278,5.2478544391821286e-11,1.0618168787063173e-10,1.084667457948786e-10,-0.009246986074242139
NGC5985,26.49078085642317,4.951821167158391e-11,1.0510889138877568e-10,1.0447741560162703e-10,0.0026170343246332945
NGC5985,27.325969773299747,4.71940464751133e-11,1.0398647816499953e-10,1.0130218519698539e-10,0.01135805602228267
NGC5985,28.302317380352644,4.4842528310759306e-11,9.771310153584882e-11,9.80475200991031e-11,-0.001483815046514828
NGC5985,29.13750629722922,4.301239261934339e-11,9.3620973390065e-11,9.54829201360593e-11,-0.008552540249668278
NGC5985,30.52556675062972,4.034405626564203e-11,9.308693209144275e-11,9.168993190001712e-11,0.006567067127661894
NGC5985,34.019244332493706,3.415086965642851e-11,8.073848485078664e-11,8.260292662523124e-11,-0.009914839542691279
NGC5985,37.36,2.8743119975977334e-11,7.151837903535845e-11,7.426885250912605e-11,-0.016389051289276944
NGC5985,40.84191435768262,2.5144487094866358e-11,6.40653472335384e-11,6.845837864461274e-11,-0.028803424814072193
NGC6015,0.23600000000000004,1.8755587959434884e-10,1.7376076453052702e-10,2.62849496280547e-10,-0.17975543031549387
NGC6015,0.46505882352941186,2.093229796741966e-10,2.7243839078298353e-10,2.855458019604567e-10,-0.02040747327097152
NGC6015,0.6941176470588236,2.3381116819447543e-10,3.856457093536441e-10,3.107620229020675e-10,0.09376056399827541
NGC6015,0.9162352941176473,2.0596404533151487e-10,3.8411978498442536e-10,2.8206237474697986e-10,0.13412151907953562
NGC6015,1.1452941176470588,1.85736022429099e-10,3.13233774367847e-10,2.6093790736573976e-10,0.07933140845737269
NGC6015,1.3743529411764708,1.7483333739496823e-10,2.7615712352430593e-10,2.494345758674299e-10,0.04419959650651818
NGC6015,1.6034117647058825,1.72065335137683e-10,2.730724760540168e-10,2.464993464770699e-10,0.04446215605391566
NGC6015,1.825529411764706,1.7300166129952264e-10,3.012346222548965e-10,2.474929393143247e-10,0.08534207229265697
NGC6015,2.054588235294118,1.7849839124247798e-10,3.148621407900295e-10,2.5331163171279466e-10,0.09446531151209052
NGC6015,2.276705882352941,1.8440027608192974e-10,3.046532374260631e-10,2.5953333136387047e-10,0.06961265618901057
NGC6015,2.505764705882353,1.8896361907671473e-10,2.9217916654810757e-10,2.643266029582028e-10,0.04350837132153043
NGC6015,2.734823529411765,1.8976431741030826e-10,2.748937613624161e-10,2.651661454715907e-10,0.015646808122704463
NGC6015,2.9638823529411766,1.866462623948629e-10,2.637603139163051e-10,2.6189432123512616e-10,0.003083369477064662
NGC6015,3.192941176470588,1.7762562356136837e-10,2.354524825582434e-10,2.523893335444098e-10,-0.030167722938484205
NGC6015,3.428941176470589,1.6535358978550185e-10,2.135155447851555e-10,2.393554243458549e-10,-0.04961377515753076
NGC6015,3.678823529411765,1.5040647208337193e-10,1.9113170307653152e-10,2.232965920280828e-10,-0.06754936528781498
NGC6015,3.907882352941177,1.3831848225068694e-10,1.7506589134235642e-10,2.1013700980004752e-10,-0.0793010087404439
NGC6015,4.136941176470589,1.3069802691952657e-10,1.8172507043085898e-10,2.0174935069532857e-10,-0.04539729982673375
NGC6015,4.352117647058824,1.237625756890273e-10,1.6598885367563121e-10,1.9404631521265076e-10,-0.06782647455021489
NGC6015,5.719529411764706,8.547806004564934e-11,1.263046253090058e-10,1.4995938517141717e-10,-0.07455439633387329
NGC6015,7.149411764705884,5.822675080810386e-11,9.701578822888221e-11,1.1605585004509232e-10,-0.07782462033011639
NGC6015,7.7255294117647075,5.150703745492612e-11,9.35085456016359e-11,1.0716403429386445e-10,-0.05919775249182842
NGC6015,8.294705882352941,4.6247653688797966e-11,9.063442843246189e-11,9.999759001568267e-11,-0.04269633314092271
NGC6015,8.829176470588237,4.146096003082096e-11,8.627196301923824e-11,9.328568840510944e-11,-0.033945340751392244
NGC6015,9.426117647058824,3.671236029571762e-11,8.40085244038103e-11,8.641360870952029e-11,-0.012258785576529463
NGC6015,10.016117647058824,3.279294887209857e-11,8.110017148373642e-11,8.05493759050996e-11,0.0029595926504144584
NGC6015,10.613058823529412,2.9381572269835986e-11,7.653861834599846e-11,7.527577076181936e-11,0.007225407170253877
NGC6015,11.119764705882353,2.6823087398095423e-11,7.397852475878699e-11,7.119863295039988e-11,0.016634011547151075
NGC6015,11.716705882352942,2.409591455284073e-11,7.198686149472755e-11,6.671751489464972e-11,0.0330133782165547
NGC6015,12.306705882352944,2.1782014959327582e-11,7.024904149005497e-11,6.27877713157343e-11,0.04876533507993473
NGC6015,12.90364705882353,1.974348675816624e-11,6.61796656966532e-11,5.921190397254126e-11,0.0483155428654436
NGC6015,13.410352941176473,1.826853067435813e-11,6.526111713171204e-11,5.6547948064281956e-11,0.062237653259965074
NGC6015,14.00729411764706,1.6774927873427044e-11,6.324419313175367e-11,5.3775282179714815e-11,0.07043795824889992
NGC6015,14.604235294117649,1.5425630028867436e-11,6.139660688502903e-11,5.119684367815718e-11,0.07890118305977821
NGC6015,15.19423529411765,1.422784666955487e-11,5.689883534119116e-11,4.884136923083515e-11,0.06631554637790588
NGC6015,15.707882352941178,1.3332576949261971e-11,5.237012667413909e-11,4.703480877254694e-11,0.04666424171318845
NGC6015,16.29788235294118,1.24136724115816e-11,4.796663289704525e-11,4.513484732397592e-11,0.026427255737739675
NGC6015,16.894823529411767,1.1557056198384841e-11,4.567670815487311e-11,4.331732219797938e-11,0.02303319602902315
NGC6015,17.484823529411766,1.0832493113261456e-11,4.131600287996061e-11,4.1741173303174834e-11,-0.004446353465065418
NGC6015,17.998470588235296,1.0495314556483063e-11,4.2320839552823385e-11,4.099449425746012e-11,0.013828741604900718
NGC6015,18.588470588235296,9.472332933442902e-12,4.2600289820901555e-11,3.867233525930955e-11,0.04201215565361636
NGC6015,19.185411764705886,8.755508594518238e-12,3.867139026697681e-11,3.698850034257777e-11,0.019323061895075717
NGC6015,19.692117647058826,8.215655149321758e-12,4.1250457332052036e-11,3.568546710916224e-11,0.06293738193227356
NGC6015,20.289058823529416,7.686764513871337e-12,3.7053760512073884e-11,3.437656415282257e-11,0.03256982230197523
NGC6195,1.1967918622848202,1.1834473120598343e-09,9.191660475783666e-10,1.2369656723087567e-09,-0.12896367357838875
NGC6195,2.1056338028169015,8.1845863005986e-10,9.581871714795176e-10,8.833080169100995e-10,0.035338179971007806
NGC6195,2.9964788732394365,5.918786857241231e-10,7.313397693950842e-10,6.639231236211695e-10,0.04200139563873197
NGC6195,3.905320813771518,4.5627620477327734e-10,5.386547822500119e-10,5.319648595927506e-10,0.005427575202303785
NGC6195,4.814162754303599,3.6156157969227154e-10,4.297721003876164e-10,4.3892604934959154e-10,-0.009153137207863146
NGC6195,5.705007824726135,3.0287862956478424e-10,3.4181577488333735e-10,3.805914180382899e-10,-0.04666688950251729
NGC6195,6.604851330203442,2.5578574020307687e-10,2.9524686822348214e-10,3.331586450691215e-10,-0.0524657875620892
NGC6195,7.486697965571206,2.1644961645007572e-10,2.927117105872152e-10,2.9291581922432513e-10,-0.00030272913714770184
NGC6195,8.404538341158059,1.8319505237932614e-10,2.62860907486066e-10,2.582648970751607e-10,0.0076606212796540745
NGC6195,9.34037558685446,1.585323832467375e-10,2.2521789546869476e-10,2.3205379576852548e-10,-0.012985780764775972
NGC6195,10.222222222222221,1.397237579588052e-10,2.2314762435068728e-10,2.1167566350840878e-10,0.02292133789922382
NGC6195,11.104068857589985,1.2414313942261418e-10,1.9417196538308642e-10,1.9447082698365617e-10,-0.0006679345255525358
NGC6195,11.985915492957746,1.1253352618862974e-10,1.8283494234877104e-10,1.8141609581433355e-10,0.003383382736334209
NGC6195,12.86776212832551,1.0372901396793078e-10,1.5812021424680136e-10,1.7135605257474513e-10,-0.0349120549013117
NGC6195,13.92057902973396,9.552214392789541e-11,1.599844961791072e-10,1.6183445829777023e-10,-0.0049931004905680075
NGC6195,14.712441314553992,8.943300098652076e-11,1.525920044035733e-10,1.5466705754536777e-10,-0.005866045573730855
NGC6195,16.125195618153366,7.986863151887504e-11,1.425845779654885e-10,1.4320403993812489e-10,-0.0018827155522458936
NGC6195,17.18701095461659,7.387165009885163e-11,1.3911551318224345e-10,1.358689537000151e-10,0.010255331154957545
NGC6195,20.26447574334898,5.778070468772654e-11,1.1435853009751352e-10,1.1547379095551489e-10,-0.0042148592154539425
NGC6195,23.440923317683882,4.39647043691405e-11,1.0042497226545181e-10,9.68209922040814e-11,0.015872191564556493
NGC6195,26.52738654147105,3.4023155646364826e-11,8.804858869020219e-11,8.241081437871457e-11,0.028738193323167748
NGC6195,29.694835680751172,2.7088903813025985e-11,7.201703386070215e-11,7.162761629765494e-11,0.0023547318040468006
NGC6195,32.78129890453834,2.3025988777390034e-11,6.631023399363454e-11,6.491622811665577e-11,0.009227282738443407
NGC6503,1.5709904153354632,1.4679336656748975e-10,2.0507804476666295e-10,2.1938060550093797e-10,-0.029279062638246596
NGC6503,2.3564856230031945,1.3148260490640782e-10,1.6542962277844144e-10,2.0261647141564337e-10,-0.0880614683623462
NGC6503,3.1419808306709265,8.832389791638662e-11,1.4277533476655073e-10,1.5335121662461499e-10,-0.0310340387115224
NGC6503,3.917140575079872,5.876780342292783e-11,1.2041879771006973e-10,1.1676043308761932e-10,0.013398589589936222
NGC6503,4.7026357827476035,4.142479334865135e-11,1.0030488864201412e-10,9.323420230184971e-11,0.031746840689036805
NGC6503,5.488130990415335,3.11468630731642e-11,8.036000563677008e-11,7.802621279825629e-11,0.012799430705387043
NGC6503,6.273626198083067,2.4410970452227422e-11,6.910190871462816e-11,6.724304877882358e-11,0.011842647517117225
NGC6503,7.0591214057507985,2.0017850590414608e-11,6.14126772910385e-11,5.970001588256088e-11,0.012283584231942741
NGC6503,7.84461661341853,1.6754378803960054e-11,5.526331830010448e-11,5.3736562486989105e-11,0.012167077398806311
NGC6503,8.630111821086262,1.4120239246630655e-11,4.9371004262268965e-11,4.8626406461984506e-11,0.006599785376295615
NGC6503,9.415607028753993,1.217339787067279e-11,4.52522377156911e-11,4.462977528592355e-11,0.006015359720135374
NGC6503,10.190766773162938,1.0754144294416293e-11,4.2540424533244724e-11,4.156844705014819e-11,0.01003801957920297
NGC6503,10.996932907348242,9.516481923111184e-12,4.010447649729785e-11,3.877443661510118e-11,0.014647355343275409
NGC6503,11.761757188498402,8.533150994781272e-12,3.749662828921345e-11,3.645563280808651e-11,0.012227576307789296
NGC6503,12.52658146964856,7.73691288748519e-12,3.5811635122963226e-11,3.45021343684768e-11,0.01617818871315168
NGC6503,13.29140575079872,7.090803967317923e-12,3.318130870382964e-11,3.285902924414827e-11,0.004238782126430688
NGC6503,14.15958466453674,6.429254577446842e-12,3.061668510202869e-11,3.111460894454503e-11,-0.007006179617412275
NGC6503,14.9244089456869,5.855701538039757e-12,2.8549022547780187e-11,2.954374858019419e-11,-0.014874355173676043
NGC6503,15.68923322683706,5.334088607887228e-12,2.811012054883064e-11,2.8060704476111597e-11,0.0007641380815155206
NGC6503,16.443722044728435,4.898492649073286e-12,2.636383318025097e-11,2.67766464649518e-11,-0.006747629653440441
NGC6503,17.20854632587859,4.55455038735172e-12,2.4759632768164922e-11,2.572949563474647e-11,-0.016687073995300887
NGC6503,18.07672523961661,4.179093484859298e-12,2.3570490885645852e-11,2.4548499360174855e-11,-0.017656321667535974
NGC6503,18.841549520766772,3.8586681620391335e-12,2.2613707382882384e-11,2.3505332902088216e-11,-0.016794638227001665
NGC6503,19.60637380191693,3.5515423904053974e-12,2.1355273010422136e-11,2.247091271942756e-11,-0.022115584958531557
NGC6503,20.371198083067092,3.30440645795531e-12,2.0915671516486342e-11,2.1610907514191583e-11,-0.014201192185831128
NGC6503,21.13602236421725,3.0899685079732016e-12,1.9809756919692316e-11,2.0842356144339914e-11,-0.02206766618502132
NGC6503,22.004201277955268,2.8743691186661535e-12,1.970167148416125e-11,2.0046378998631803e-11,-0.007532863765643864
NGC6503,22.76902555910543,2.692479329237482e-12,1.871302249613917e-11,1.9354749804854528e-11,-0.014643621964678156
NGC6503,23.523514376996804,2.5299370562703723e-12,1.907016773683279e-11,1.8719474311069684e-11,0.008060864502770115
NGC6503,24.288338658146962,2.371175390639666e-12,1.7542463216593442e-11,1.808169932536693e-11,-0.013148668663279059
NGC6674,6.319687500000001,2.513357974380266e-10,4.5787480787580837e-10,3.2863878248851394e-10,0.1440279364578293
NGC6674,10.580625,1.5439191150277738e-10,2.851197414951653e-10,2.2760002145499545e-10,0.09785498993997396
NGC6674,14.7234375,9.68672267060435e-11,1.8165382267402226e-10,1.634054392995621e-10,0.04597803261300205
NGC6674,18.959062499999998,6.470216508329376e-11,1.329532775461607e-10,1.2439018173878702e-10,0.028912945627420503
NGC6674,23.18625,4.61316751538176e-11,9.99085094247394e-11,9.983723271474185e-11,0.00030994486112650315
NGC6674,27.421875,3.348342580863379e-11,8.119616239292102e-11,8.159660398016319e-11,-0.0021365804673017454
NGC6674,31.6490625,2.520880379803265e-11,6.592080693887214e-11,6.856440600952698e-11,-0.017076203025047487
NGC6674,35.791875000000005,1.9839455979531734e-11,5.590683092015441e-11,5.93828936773144e-11,-0.026196481607230995
NGC6674,40.027499999999996,1.5868707215469198e-11,4.915072081445012e-11,5.205183542946935e-11,-0.024906156709626794
NGC6674,44.2546875,1.282375172943097e-11,4.483501924748879e-11,4.5988778515982664e-11,-0.011034514121629818
NGC6674,48.4903125,1.0799925879538925e-11,4.302574331437435e-11,4.166943249878005e-11,0.013910796165746298
NGC6674,52.717499999999994,9.18704737760105e-12,4.089479546978882e-11,3.800818365606353e-11,0.031790924529610784
NGC6674,56.868750000000006,7.813338941092187e-12,3.6686787363161626e-11,3.4692898588724835e-11,0.024269095925771794
NGC6674,61.0959375,6.660403295622212e-12,3.414845281421204e-11,3.173182356209717e-11,0.0318760007846402
NGC6789,0.5215909090909091,2.370063485755128e-11,9.654016047946267e-11,6.605506686518504e-11,0.16480187989621634
NGC6946,0.1438768115942029,6.6492959793936874e-09,5.344340723781113e-09,6.6531883110754245e-09,-0.09513567742498004
NGC6946,0.42405797101449283,1.3122526516318035e-09,1.3090720650834196e-09,1.3621486666105139e-09,-0.01726095426583025
NGC6946,0.7118115942028985,6.467106832173991e-10,7.56061221202504e-10,7.170763354778228e-10,0.022991573016904434
NGC6946,0.923840579710145,4.778830998519897e-10,6.384319953611997e-10,5.530632689394741e-10,0.06233982752981044
NGC6946,1.2040217391304349,3.7495215051255026e-10,4.5399092745449684e-10,4.5214890300292794e-10,0.0017656925121331117
NGC6946,1.4842028985507247,3.092948184945258e-10,3.7979688434313707e-10,3.870055192187642e-10,-0.008165760997301336
NGC6946,1.7719565217391304,2.774671625488226e-10,3.530264074285956e-10,3.55080955070717e-10,-0.002520186217309783
NGC6946,2.0521376811594205,2.682140489534469e-10,3.0926102244387397e-10,3.457443494068386e-10,-0.048429903680059685
NGC6946,2.264166666666667,2.4761525932959255e-10,2.9666462585301844e-10,3.2485396690168766e-10,-0.039422410111272004
NGC6946,2.551920289855073,2.2934704507555166e-10,2.7437256822323975e-10,3.061870538317571e-10,-0.047646135526453644
NGC6946,2.8321014492753624,2.1116025667813695e-10,2.7506460990238725e-10,2.874484777283555e-10,-0.019125295842262524
NGC6946,3.119855072463768,1.9595534012589827e-10,2.729099775873973e-10,2.716429874684128e-10,0.0020209156703089415
NGC6946,3.3318840579710147,1.8881757370782136e-10,2.749445677910493e-10,2.64173424964456e-10,0.017356016758389544
NGC6946,3.6120652173913044,1.8151400224116872e-10,2.7216902966139126e-10,2.5649390094043654e-10,0.0257616622845906
NGC6946,3.8998188405797105,1.750813787796269e-10,2.609053498166651e-10,2.4969729988814584e-10,0.01906913820496161
NGC6946,4.18,1.729533525504498e-10,2.489807693771731e-10,2.4744169356083113e-10,0.0026929251828526094
NGC6946,4.46018115942029,1.6257449221244197e-10,2.386132703998711e-10,2.3638579028331955e-10,0.004073226642001176
NGC6946,4.672210144927536,1.5059516599284377e-10,2.2526087962280933e-10,2.2350071644446754e-10,0.0034068560339310635
NGC6946,4.9599637681159425,1.4102385399660133e-10,2.1456979582522762e-10,2.1309700910625866e-10,0.0029912336719194635
NGC6946,5.240144927536232,1.3454280890087287e-10,2.0536003657651968e-10,2.059907001764326e-10,-0.0013316807848347003
NGC6946,5.527898550724638,1.2454234615585265e-10,1.9039172976338814e-10,1.9491589973784637e-10,-0.010199187388504729
NGC6946,5.7399275362318845,1.1629940647247757e-10,1.8335878987766933e-10,1.8567528685398026e-10,-0.00545236947821659
NGC6946,6.0201086956521745,1.0579369702800015e-10,1.748251103487715e-10,1.7372874230872287e-10,0.0027321354025638994
NGC6946,6.30786231884058,9.644252937031775e-11,1.6499085797863086e-10,1.6290987692728765e-10,0.005512465359371551
NGC6946,6.588043478260869,9.064601151962051e-11,1.562040024968995e-10,1.5610241526036935e-10,0.0002825351981537525
NGC6946,6.875797101449276,8.541887889309971e-11,1.4798045721980455e-10,1.4988860629715644e-10,-0.005564256597570295
NGC6946,7.087826086956522,8.144280506637796e-11,1.387015247312859e-10,1.4510956611319235e-10,-0.019614808288881257
NGC6946,7.368007246376812,7.596254393025576e-11,1.318891080785931e-10,1.384405620529621e-10,-0.021054422531563987
NGC6946,7.648188405797102,7.11531908095718e-11,1.2705752689155554e-10,1.3250130203063068e-10,-0.018219748144011436
NGC6946,7.935942028985508,6.651362490120494e-11,1.196193499102831e-10,1.2668579954269628e-10,-0.0249264988572166
NGC6946,8.147971014492754,6.336834603007492e-11,1.1788127572456827e-10,1.2269028813329473e-10,-0.017365359198344983
NGC6946,8.428152173913045,5.932489061512136e-11,1.1799625125217702e-10,1.1748425648175983e-10,0.0018885372388964179
NGC6946,8.715905797101449,5.5766807433578696e-11,1.141006321839036e-10,1.1283193130281518e-10,0.004856028803890118
NGC6946,8.99608695652174,5.258597495085959e-11,1.1182129936535297e-10,1.0861042458309034e-10,0.012653023005326556
NGC6946,9.283840579710144,4.9694481251320935e-11,1.0712057719712319e-10,1.0471663508341736e-10,0.009857225770299306
NGC6946,9.495869565217392,4.7765897311146324e-11,1.035284108042134e-10,1.0208714488182093e-10,0.006088489624931426
NGC6946,9.776050724637681,4.539347523191175e-11,1.005612913621097e-10,9.881404598915913e-11,0.007612159667416867
NGC6946,10.063804347826087,4.3236382307379103e-11,9.768594969788081e-11,9.579835572490579e-11,0.00847404810073393
NGC6946,10.343985507246378,4.134580743735216e-11,9.725014908202e-11,9.312171685554105e-11,0.018839301431554784
NGC6946,10.624166666666667,3.9520100525874616e-11,9.360643452863367e-11,9.050490137725398e-11,0.014633603806108989
NGC6946,10.836195652173913,3.82366956201509e-11,8.863749313741123e-11,8.864528110117155e-11,-3.815677753320414e-05
NGC6946,11.12394927536232,3.617422331076492e-11,8.235235522672683e-11,8.561952397573204e-11,-0.016896784692026275
NGC6946,11.40413043478261,3.4157067124284477e-11,7.841656138468538e-11,8.261224378248145e-11,-0.02263662364236388
NGC6946,11.691884057971015,3.2402971765085736e-11,7.464363671717497e-11,7.995505420562811e-11,-0.029853131502094784
NGC6946,11.903913043478262,3.129481988876835e-11,7.24173060910143e-11,7.825459245869214e-11,-0.033667468910550585
NGC6946,12.184094202898551,2.8236510136666648e-11,6.988123726911603e-11,7.346502494862424e-11,-0.021720044720214472
NGC6946,12.471847826086956,2.6907021719221704e-11,6.658333240401016e-11,7.133423020764179e-11,-0.029932451776810212
NGC6946,12.752028985507247,2.571623618033447e-11,6.430384832652529e-11,6.93979683835857e-11,-0.03310979224814749
NGC6946,13.032210144927538,2.4594462440964918e-11,6.212741905956381e-11,6.754813598473323e-11,-0.03633005678540102
NGC6946,13.251811594202898,2.3755753599783797e-11,6.109787897229105e-11,6.614764983901264e-11,-0.034488284875697994
NGC6946,13.53199275362319,2.275684563259443e-11,5.983284174678754e-11,6.445892735018551e-11,-0.03234344417093854
NGC6946,13.812173913043477,2.183142229601271e-11,6.088075211848564e-11,6.287304497478903e-11,-0.01398448491766316
NGC6946,14.099927536231885,2.093681529000893e-11,5.88951388127845e-11,6.131909773836635e-11,-0.0175163062030907
NGC6946,14.31195652173913,2.0305847247350826e-11,5.875475760006232e-11,6.021000788823838e-11,-0.010625645232727658
NGC7331,2.8516326530612246,5.271420296235223e-10,5.535215844018334e-10,6.010453402027762e-10,-0.03577267377080858
NGC7331,3.4283673469387757,4.751357009816809e-10,5.294841136822049e-10,5.503824902176615e-10,-0.016811674537878997
NGC7331,3.9944217687074834,4.385166848428222e-10,5.016356194585673e-10,5.145943813871922e-10,-0.011076673335669838
NGC7331,4.56047619047619,3.8260126632975555e-10,4.429078901252146e-10,4.596901647445646e-10,-0.016151794908652668
NGC7331,5.137210884353742,3.3274463442092167e-10,4.0267738599130533e-10,4.1036719245400085e-10,-0.00821539234003838
NGC7331,5.713945578231293,3.005539175401927e-10,3.7357150269290127e-10,3.7826492877863276e-10,-0.005422337741602235
NGC7331,6.28,2.62939692011837e-10,3.39899241395752e-10,3.4040979076776843e-10,-0.0006518473403967427
NGC7331,6.8460544217687085,2.3357573711647375e-10,3.117952479574137e-10,3.1052097188357924e-10,0.0017785550917489832
NGC7331,7.988843537414967,1.8356099824225404e-10,2.6719352131109916e-10,2.5865014760391887e-10,0.01411319293144809
NGC7331,9.131632653061226,1.418542996843864e-10,2.3013120995840778e-10,2.1400384097260375e-10,0.031553952656361885
NGC7331,10.274421768707484,1.166664273331911e-10,1.9345927875774687e-10,1.8608907738959747e-10,0.016868681629174875
NGC7331,11.385170068027211,9.849079009008675e-11,1.7318009619682124e-10,1.6529606332125378e-10,0.02023546597662716
NGC7331,12.538639455782315,8.379625406762908e-11,1.5597801603073344e-10,1.4794401577897437e-10,0.02296598903655825
NGC7331,13.70278911564626,7.329805906216896e-11,1.4041524789466275e-10,1.351607065594736e-10,0.01656381761461692
NGC7331,14.856258503401362,6.46068173219052e-11,1.273986648822906e-10,1.2426893916486262e-10,0.010802285735706796
NGC7331,16.02040816326531,5.6902909212937574e-11,1.1426781678468141e-10,1.1432511206930264e-10,-0.00021770600338247168
NGC7331,17.173877551020407,5.069705763891643e-11,1.0480915901763938e-10,1.0607313345788819e-10,-0.005206162090521637
NGC7331,18.23122448979592,4.625056597983957e-11,9.623645031397605e-11,1.0000161531575447e-10,-0.016667419515834003
NGC7331,19.38469387755102,4.2691455933707475e-11,9.128856076988915e-11,9.503018200763207e-11,-0.01744520088737283
NGC7331,20.548843537414967,3.98028003873296e-11,8.759518071744497e-11,9.091225074169485e-11,-0.016142196900129704
NGC7331,21.70231292517007,3.693044069053676e-11,8.364389787991524e-11,8.673446826360938e-11,-0.01575745720952886
NGC7331,22.866462585034014,3.3758950057349844e-11,8.005685435638587e-11,8.201271993035509e-11,-0.010482693861741613
NGC7331,24.019931972789117,3.1001945478570495e-11,7.749867951414977e-11,7.78022112572296e-11,-0.0016976377701383668
NGC7331,25.07727891156463,2.880814981919312e-11,7.299903116568233e-11,7.437172059910276e-11,-0.008090732806291981
NGC7331,26.241428571428575,2.623338073572522e-11,6.91755801758192e-11,7.024221468628607e-11,-0.006645385847678733
NGC7331,27.394897959183673,2.4035738020647695e-11,6.570492308006398e-11,6.661688934414712e-11,-0.00598643836705881
NGC7331,28.559047619047618,2.217014054377854e-11,6.409937366380784e-11,6.345597502253174e-11,0.00438126432570321
NGC7331,29.712517006802724,2.041959440779364e-11,6.212979933697596e-11,6.041077608587979e-11,0.012185535892795646
NGC7331,30.87666666666667,1.874545676578248e-11,5.978730603786479e-11,5.7416952547170474e-11,0.017568846714074316
NGC7331,31.923333333333336,1.7352878684796964e-11,5.879893295168592e-11,5.48577440895356e-11,0.0301315006481208
NGC7331,33.087482993197284,1.5973970834918508e-11,5.440062224027246e-11,5.225373640120421e-11,0.01748651713250555
NGC7331,34.240952380952386,1.4846953410209013e-11,5.256803733635811e-11,5.0067188569572265e-11,0.02116855755975259
NGC7331,35.40510204081633,1.3926601849423457e-11,5.214030218867786e-11,4.8238119139647144e-11,0.033783178057469825
NGC7331,36.558571428571426,1.3081823833735126e-11,4.965363730411563e-11,4.6521139677172814e-11,0.028300722045362284
NGC7331,37.72272108843538,1.2233695885445656e-11,4.975934614739219e-11,4.4756862305578096e-11,0.04601503239433402
NGC7331,38.78006802721089,1.1416583050513847e-11,4.7205101949055944e-11,4.3014651578107145e-11,0.04037253048430902
NGC7793,0.867590027700831,8.986460652513048e-11,1.4837016746929283e-10,1.5517822292877147e-10,-0.01948418721647628
NGC7793,1.0470914127423823,8.283428700201919e-11,1.3792730328619582e-10,1.467874817362104e-10,-0.027038774759165357
NGC7793,1.2166204986149585,7.725915768051514e-11,1.3035831129066748e-10,1.4002751208163465e-10,-0.031074646796977037
NGC7793,1.3961218836565097,7.3627933087615e-11,1.3194765299540227e-10,1.3556817067704117e-10,-0.011756066170703358
NGC7793,1.565650969529086,7.226637228021361e-11,1.2855237425919562e-10,1.3388372127284778e-10,-0.01764767286339647
NGC7793,1.745152354570637,7.156246891267041e-11,1.301344085387255e-10,1.3301012739491587e-10,-0.009492566873004876
NGC7793,1.9146814404432133,7.340962398284744e-11,1.3069051592777768e-10,1.352985580859035e-10,-0.015049095792264114
NGC7793,2.0941828254847645,7.506723581752628e-11,1.3350818536009206e-10,1.373413382047528e-10,-0.012293381663986504
NGC7793,2.263711911357341,7.542343133495603e-11,1.3070164086648406e-10,1.3777900204462458e-10,-0.02290199488879954
NGC7793,2.443213296398892,7.123618299449924e-11,1.3584924159703347e-10,1.3260453296797463e-10,0.010498847940208925
NGC7793,2.612742382271468,6.673760441019963e-11,1.3574617503801538e-10,1.2696863139396567e-10,0.029031162866903073
NGC7793,2.7822714681440446,6.394209930202363e-11,1.3061262910276953e-10,1.2342252882093469e-10,0.024590730972201526
NGC7793,2.961772853185596,6.149498599642678e-11,1.2097294637669146e-10,1.2028845532118795e-10,0.002464310360789606
NGC7793,3.1512465373961223,5.86281727988998e-11,1.1930167540271452e-10,1.1657875109431338e-10,0.010027144269217171
NGC7793,3.3207756232686982,5.551831023526997e-11,1.177392035385384e-10,1.1250433464243384e-10,0.0197518380884313
NGC7793,3.500277008310249,5.2446832353948455e-11,1.2054558714920537e-10,1.0842431956701988e-10,0.04602461129811925
NGC7793,3.669806094182826,4.9920258776717614e-11,1.305126962288017e-10,1.0502272378453078e-10,0.09436948413456452
NGC7793,3.839335180055402,4.6889678286147895e-11,1.2041100842813262e-10,1.0088337347545489e-10,0.07684659723755974
NGC7793,4.0188365650969535,4.3984350071745604e-11,1.1917784668039458e-10,9.684851328605487e-11,0.0901025759892409
NGC7793,4.188365650969529,4.123359170348416e-11,1.1840159852983155e-10,9.296180683976495e-11,0.10505300956396511
NGC7793,4.367867036011081,3.8593865800606635e-11,1.0965450276757768e-10,8.916453956013543e-11,0.08983429866668742
NGC7793,5.2354570637119116,2.991758117489107e-11,8.363432771301595e-11,7.611602532003424e-11,0.04090846830501373
NGC7793,6.801108033240998,1.9015914364196656e-11,5.527760913087653e-11,5.7906453947138446e-11,-0.02017771993948682
NGC7793,7.329639889196676,1.629064992623461e-11,4.490215199893953e-11,5.285838994410128e-11,-0.07084677479736821
NGC7793,7.84819944598338,1.4092236040540317e-11,3.871576476346983e-11,4.8570370773086374e-11,-0.09848357634619499
NGC7814,0.69125,3.2826821286660867e-09,3.2923504607772955e-09,3.3003459114840024e-09,-0.0010534026227205229
NGC7814,1.8872222222222224,1.0226585438087163e-09,1.0732636740138094e-09,1.0810034503671354e-09,-0.003120649789599517
NGC7814,3.0612500000000002,5.426413840021939e-10,5.747281889575994e-10,6.161154234416364e-10,-0.03019958208419366
NGC7814,4.290138888888889,3.557736880247603e-10,3.996076324139887e-10,4.3320178929450306e-10,-0.03505646720673484
NGC7814,5.5190277777777785,2.5251427579947054e-10,3.052506299403141e-10,3.298365053186103e-10,-0.033642151520211085
NGC7814,6.736944444444445,1.842101794019799e-10,2.50066884136772e-10,2.5933333475586296e-10,-0.01580216187384761
NGC7814,7.965833333333334,1.3899413178853297e-10,2.09637973853891e-10,2.1087709020504196e-10,-0.0025594467227118296
NGC7814,9.18375,1.1057455429568533e-10,1.8023796704794927e-10,1.7919052841494822e-10,0.002531230060612621
NGC7814,10.423611111111112,8.920855536886802e-11,1.54611210612979e-10,1.5440104245769601e-10,0.000590752523746319
NGC7814,11.685416666666669,7.304625091611515e-11,1.33012814121055e-10,1.3484939725173346e-10,-0.00595552776465846
NGC7814,12.88138888888889,6.113279456941569e-11,1.1738004327991256e-10,1.1982209974644467e-10,-0.008942660530470709
NGC7814,14.066388888888891,5.1512187877551576e-11,1.055101842496532e-10,1.0717095695119817e-10,-0.0067827271990199825
NGC7814,15.372083333333334,4.2931908175618286e-11,9.654821999147425e-11,9.536946874618585e-11,0.005334907919284528
NGC7814,16.557083333333335,3.7053149949216416e-11,8.963820822270074e-11,8.691477286426421e-11,0.01339956728397725
NGC7814,17.753055555555555,3.2374128097802254e-11,8.359954030164118e-11,7.991101343208685e-11,0.019597250913401653
NGC7814,19.047777777777778,2.803534590260167e-11,7.791708306915635e-11,7.31446241240884e-11,0.027450273278881606
NGC7814,20.23277777777778,2.4777410242040775e-11,7.335360965729686e-11,6.785160365734725e-11,0.0338613733302864
NGC7814,21.428750000000004,2.2068725894421887e-11,6.925962939480564e-11,6.32817460679587e-11,0.03920170963451059
UGC00128,3.3779069767441863,5.214095783426127e-11,9.754172347028078e-11,1.0801476868527933e-10,-0.044292715034212705
UGC00128,5.62984496124031,3.322408658342415e-11,8.94040317296618e-11,8.120401849453639e-11,0.04177958257024241
UGC00128,7.890790697674419,2.489878719808992e-11,7.923790272201559e-11,6.805254988118025e-11,0.06608856950898999
UGC00128,10.133720930232558,2.114554439094048e-11,6.754511287571236e-11,6.168357028667246e-11,0.03942442874755092
UGC00128,12.376651162790697,1.99038715779472e-11,5.628757481355536e-11,5.94975101619758e-11,-0.02408625464833795
UGC00128,14.610573643410852,1.7662902725933168e-11,5.3716716498436626e-11,5.543332799284564e-11,-0.013661494645667372
UGC00128,16.853503875968993,1.474942157445151e-11,5.049598753548008e-11,4.987528763957377e-11,0.005371456636449965
UGC00128,19.186511627906977,1.2401538490382201e-11,4.577516338627955e-11,4.5109426395594034e-11,0.0063625984010159675
UGC00128,21.429441860465115,1.0783789663300992e-11,4.1626945634290395e-11,4.1633857178192695e-11,-7.210224460254694e-05
UGC00128,23.672372093023256,9.176480667766487e-12,3.76828400547857e-11,3.798343553891942e-11,-0.0034506164281934764
UGC00128,25.915302325581393,8.175050219581465e-12,3.5497052810180795e-11,3.558615238205273e-11,-0.0010887374187680773
UGC00128,28.149224806201552,7.090447947781227e-12,3.2680006699164836e-11,3.28581081290987e-11,-0.002360417563045963
UGC00128,30.392155038759693,6.01503706609034e-12,3.0268233827768263e-11,2.998606744277441e-11,0.004067566868824311
UGC00128,32.63508527131783,5.2412483888486194e-12,2.649284966908021e-11,2.7790710503075882e-11,-0.02077097504866581
UGC00128,34.96809302325581,4.635019442070685e-12,2.4337453034230614e-11,2.597731430167944e-11,-0.028319122520810883
UGC00128,37.211023255813956,4.100901569306172e-12,2.434563333446665e-11,2.4297101739107613e-11,0.0008666046851237078
UGC00128,39.45395348837209,3.6079456549865074e-12,2.367354624534293e-11,2.266361454812982e-11,0.018934143860529704
UGC00128,41.68787596899225,3.193129117189826e-12,2.3089036681619792e-11,2.1214820569972052e-11,0.03676645074983176
UGC00128,43.93080620155039,2.8244781919439776e-12,2.0305618959191477e-11,1.9858587719315396e-11,0.00966787267158802
UGC00128,46.17373643410853,2.5251689334360144e-12,2.022827400596996e-11,1.870057681071039e-11,0.03410382546255348
UGC00128,48.416666666666664,2.273790620987365e-12,1.729940334812882e-11,1.7681289215878994e-11,-0.009482803352669255
UGC00191,0.4532163742690058,2.749644937898779e-11,6.872101778603575e-11,7.228281591325762e-11,-0.021945480030561296
UGC00191,0.6359649122807016,3.325699813187223e-11,6.482410484559062e-11,8.12538891653317e-11,-0.09810762905408196
UGC00191,0.8187134502923976,3.290345301480184e-11,9.121848503512577e-11,8.07174052218421e-11,0.0531156627359444
UGC00191,1.0014619883040936,3.1252131946040726e-11,8.627341994741615e-11,7.81887342301995e-11,0.042732831613157704
UGC00191,1.1842105263157894,2.8744370174639865e-11,9.760427684701151e-11,7.42708308141827e-11,0.11865056601902432
UGC00191,3.633040935672514,1.612675129380386e-11,5.633870050653444e-11,5.25459605828567e-11,0.030267489742427493
UGC00191,5.445906432748537,1.1321540168068754e-11,4.197132316964939e-11,4.2809093039669616e-11,-0.008583366093087054
UGC00191,7.2953216374269,7.336300672765997e-12,3.3574881489159834e-11,3.348995402955126e-11,0.001099936993828785
UGC00634,4.568381877022654,9.389689687779076e-12,3.3883362601376725e-11,3.84807264690585e-11,-0.055256758998961986
UGC00634,9.126634304207121,6.914970890936443e-12,3.3276600882199176e-11,3.2401870601927285e-11,0.011568874525195911
UGC00634,13.684886731391586,5.013181318521684e-12,2.7118569905470233e-11,2.7119083222271637e-11,-8.220512557931813e-06
UGC00634,18.243139158576053,3.0723424688304754e-12,2.0154769562848223e-11,2.0778190798764335e-11,-0.013229892860428505
UGC00731,0.6879599999999999,5.227777141083609e-12,4.165218740412231e-11,2.7751373559157834e-11,0.17635333025517638
UGC00731,1.3683599999999998,6.138351028088165e-12,4.754303764876151e-11,3.0325184579816495e-11,0.19528347352665842
UGC00731,2.0638799999999997,5.01272819183759e-12,4.025262522692023e-11,2.7117736601547007e-11,0.1715407717283576
UGC00731,2.7518399999999996,5.715554844853706e-12,3.834343986562829e-11,2.915069751091907e-11,0.11904212079061324
UGC00731,3.4397999999999995,5.410201989069252e-12,3.503174487961436e-11,2.828063829760293e-11,0.09297256210773397
UGC00731,4.1202,5.139928632074773e-12,3.3228278590390965e-11,2.7493834144089182e-11,0.08227253452350593
UGC00731,4.80816,5.335284503399735e-12,3.145259579080965e-11,2.806416985910765e-11,0.04950429342316934
UGC00731,5.503679999999999,6.327467674591694e-12,3.0379210854285213e-11,3.084003609548562e-11,-0.0065383894611837825
UGC00731,6.191639999999999,6.530145635933598e-12,2.8457975556335887e-11,3.138507029346787e-11,-0.042519103678458264
UGC00731,6.872039999999999,5.927445515462527e-12,2.6061255870291045e-11,2.9743499591998665e-11,-0.05739672569831704
UGC00731,7.559999999999999,5.543491910043505e-12,2.3561802296889856e-11,2.866279943906064e-11,-0.08511009724030541
UGC00731,8.247959999999999,4.965069242001312e-12,2.1655085866699298e-11,2.697582358175286e-11,-0.09541480259380232
UGC00891,2.6904705882352946,5.0503714341165724e-12,2.3079054409486782e-11,2.722943796948278e-11,-0.07182066633699241
UGC00891,4.031176470588236,4.673355564067823e-12,2.381414823258159e-11,2.609475531913446e-11,-0.03971817640085865
UGC00891,5.380941176470589,3.1770159639585022e-12,2.2013188881762896e-11,2.115698432402846e-11,0.017229195747877693
UGC00891,6.694470588235295,2.3210710710142602e-12,1.9875317793227648e-11,1.787660138619329e-11,0.046029125145173946
UGC01281,3.07,4.5767923355298566e-12,2.9652602684199424e-11,2.57981723344058e-11,0.06047387894204664
UGC01281,3.46,4.494569133554706e-12,2.741371454375336e-11,2.5543599781497447e-11,0.03068578516295437
UGC01281,3.83,4.081012455037951e-12,2.5596233291303405e-11,2.4232838879341717e-11,0.02377176504064397
UGC01281,4.23,3.5676109154463173e-12,2.3769468883471034e-11,2.252594113857854e-11,0.02333653280493428
UGC01281,4.62,3.6084328699934722e-12,2.2313396728465254e-11,2.2665273578915137e-11,-0.006795278345978861
UGC01281,4.99,3.5604502196680422e-12,2.1026812495587113e-11,2.250143146154558e-11,-0.029436705325658327
UGC02259,0.9714285714285714,2.2404701741048167e-11,1.0541715969749854e-10,6.385796419664443e-11,0.21769624160461504
UGC02259,1.9428571428571428,2.4560806690505276e-11,8.466322232618596e-11,6.749223148012077e-11,0.09844100656865981
UGC02259,2.904761904761904,2.194635068202813e-11,7.295129235991321e-11,6.307116164751342e-11,0.06320216006725064
UGC02259,3.876190476190476,1.9068719651734405e-11,5.755088735497758e-11,5.8001753812814434e-11,-0.003389101390071766
UGC02259,4.847619047619047,1.4275480829026073e-11,4.702392689305471e-11,4.8936342428572805e-11,-0.017312612903014363
UGC02259,5.819047619047619,1.1908992888167554e-11,4.135627858210658e-11,4.406978095805043e-11,-0.02759943978561818
UGC02259,6.79047619047619,9.98441298064826e-12,3.7360926465023556e-11,3.984588283069973e-11,-0.027965816358793128
UGC02259,7.752380952380952,7.736368516768731e-12,3.399745235998203e-11,3.4500772974666706e-11,-0.006382451477637835
UGC02487,9.15399421128799,5.190547081988051e-10,6.478196011269025e-10,5.931772943383805e-10,0.03826956561926043
UGC02487,9.264616497829236,5.165889046450616e-10,6.400844417104618e-10,5.907776627694059e-10,0.03481320476345811
UGC02487,9.541172214182346,5.106489086485785e-10,6.248328906090683e-10,5.849957047732838e-10,0.028611204955366773
UGC02487,13.892315484804634,3.5008464996843477e-10,4.045195436486265e-10,4.275697625670219e-10,-0.02406747599484475
UGC02487,18.520014471780033,2.4909778819169553e-10,2.984994003278393e-10,3.263627558324484e-10,-0.0387571287014507
UGC02487,23.156931982633868,1.8475572461607e-10,2.5337486647158707e-10,2.599072210217768e-10,-0.011054812876554698
UGC02487,27.784630969609267,1.4245087931770878e-10,2.2027993131686097e-10,2.146547898627124e-10,0.011234348513120862
UGC02487,32.4215484804631,1.055169096327528e-10,1.8387888591992768e-10,1.7341116565974757e-10,0.025454806247507164
UGC02487,37.0492474674385,8.029938327372537e-11,1.4921256413501596e-10,1.4372624698512175e-10,0.01626930822173093
UGC02487,41.6769464544139,6.341550462276297e-11,1.2193741368621132e-10,1.2275053188547182e-10,-0.0028864033013526772
UGC02487,46.313863965267736,5.0753517704802757e-11,1.0292109598286219e-10,1.0614931888033325e-10,-0.013412809544951925
UGC02487,50.94156295224313,4.146972963031253e-11,9.027882942089562e-11,9.329817076425112e-11,-0.014287209638796686
UGC02487,55.569261939218535,3.490708044593987e-11,8.176647369743526e-11,8.373622054916858e-11,-0.010338086479384669
UGC02487,60.20617945007237,2.932857929114532e-11,7.50123453793374e-11,7.519244814467861e-11,-0.0010414804056922617
UGC02487,64.83387843704777,2.5089659069628165e-11,7.008222713609266e-11,6.836792627557226e-11,0.010755487627549033
UGC02487,69.46157742402316,2.1659354362453372e-11,6.620846866355265e-11,6.25757955233109e-11,0.02450716371349162
UGC02487,74.098494934877,1.8866834164295233e-11,6.24397416690609e-11,5.7636923993253756e-11,0.03476030255879702
UGC02885,1.7442928039702235,1.3799102802685444e-09,1.7081812278074729e-09,1.427995370182571e-09,0.07780714546157365
UGC02885,3.4988461538461544,6.150696095418519e-10,6.046374670078907e-10,6.864130305894935e-10,-0.055090464192948586
UGC02885,6.997692307692309,2.462438523749239e-10,2.9997063572369854e-10,3.234574932927229e-10,-0.032738473066404636
UGC02885,14.026166253101739,9.928561954280363e-11,1.6770779723095942e-10,1.662194475216637e-10,0.0038714202353886617
UGC02885,19.997803970223323,6.065463168821986e-11,1.2737070863717877e-10,1.1920540835927812e-10,0.0287736052211824
UGC02885,23.968635235732012,4.885420697361864e-11,1.10071311862221e-10,1.0357429516854053e-10,0.02642215598433992
UGC02885,27.949727047146403,3.986999072569134e-11,9.17801906161772e-11,9.100894880435678e-11,0.0036648572425318176
UGC02885,32.033424317617865,3.225308839065696e-11,7.839102651525591e-11,7.972607435928444e-11,-0.007334028861242224
UGC02885,36.01451612903226,2.6849617599928396e-11,6.972557970958089e-11,7.124150707950761e-11,-0.009340964430750252
UGC02885,39.985347394540945,2.3336417054578068e-11,6.325071242355199e-11,6.544155384617619e-11,-0.014788181141139863
UGC02885,43.96643920595534,2.0440782785017978e-11,5.793360819926754e-11,6.044813365867867e-11,-0.018452318616817967
UGC02885,47.94753101736973,1.7112252062920667e-11,5.5023878559843416e-11,5.44085863964932e-11,0.0048837574360751194
UGC02885,52.031228287841195,1.5569091410036812e-11,5.24874265469505e-11,5.1474599151758914e-11,0.008462306555961056
UGC02885,56.00205955334988,1.463482882479428e-11,5.079046446439548e-11,4.9649248049624836e-11,0.009869508964824528
UGC02885,59.983151364764275,1.3404980235989022e-11,4.741949282358373e-11,4.7182482871492093e-11,0.0021761137429269603
UGC02885,63.96424317617867,1.1915403413466614e-11,4.446813523366546e-11,4.408341121304161e-11,0.0037737245075820693
UGC02885,67.93507444168735,1.0699420332832266e-11,4.1868955602880306e-11,4.1447527530876016e-11,0.004393499106488797
UGC02885,72.01877171215881,9.940790093670204e-12,3.949485041268991e-11,3.974680505634188e-11,-0.0027617514935777097
UGC02885,75.9998635235732,9.06522881315196e-12,3.742599636110038e-11,3.7722215830503416e-11,-0.003423824560649387
UGC02916,0.918211009174312,1.0616901901380206e-09,1.77173601654393e-09,1.1188346189565154e-09,0.19963311793280403
UGC02916,1.2242813455657493,9.701984083277921e-10,1.4077238404381732e-09,1.0301825479287294e-09,0.13560327731622318
UGC02916,1.522079510703364,9.166276310077277e-10,1.164726600382108e-09,9.78312193210362e-10,0.07574652773874972
UGC02916,1.8281498470948012,8.630380100227956e-10,9.697271243000355e-10,9.264445384161187e-10,0.01983011805648383
UGC02916,2.1507645259938837,7.805971118933291e-10,8.165826145736105e-10,8.466748074918371e-10,-0.01571650833340657
UGC02916,2.4485626911314986,6.75684834459244e-10,7.038619202190866e-10,7.451384378179431e-10,-0.02474949698757277
UGC02916,2.6222782874617736,6.357510977743135e-10,6.510189011411032e-10,7.064578584913225e-10,-0.03549266279792581
UGC02916,2.754633027522936,6.030039303588415e-10,6.138504932671459e-10,6.747139386703971e-10,-0.04105707301848726
UGC02916,3.060703363914373,5.364827661804402e-10,5.419425335364012e-10,6.101287359312665e-10,-0.051468242645652036
UGC02916,3.3667737003058105,4.787946243359714e-10,4.879263832008537e-10,5.539525705079495e-10,-0.05511828001058781
UGC02916,3.672844036697248,4.2815326757199795e-10,4.429340041359825e-10,5.0444446581142e-10,-0.056474339370707324
UGC02916,3.978914373088685,3.845376047832838e-10,4.088621576639839e-10,4.6159788541813667e-10,-0.052686894463913274
UGC02916,4.284984709480122,3.465776948623967e-10,3.833707296578137e-10,4.2409511724929694e-10,-0.043844320870192306
UGC02916,4.59105504587156,3.102191379653861e-10,3.612950223576008e-10,3.8792871276458285e-10,-0.030889947106158104
UGC02916,4.897125382262997,2.7997647410031857e-10,3.419945881309782e-10,3.5760827268073465e-10,-0.019388323282081937
UGC02916,5.194923547400612,2.5642807021640244e-10,3.286194134740919e-10,3.3381045723419743e-10,-0.006806721463299345
UGC02916,5.244556574923547,2.530463610670976e-10,3.255094505705516e-10,3.3037710638605023e-10,-0.006446343048994551
UGC02916,5.50099388379205,2.372872299755609e-10,3.162746231989764e-10,3.143182026974895e-10,0.0026948145280522827
UGC02916,5.8153363914373095,2.20480853414485e-10,3.048502055054165e-10,2.9707279733335965e-10,0.011223606422648755
UGC02916,6.1131345565749236,2.065172009920904e-10,2.927161954950294e-10,2.826364771375974e-10,0.01521854059307174
UGC02916,6.4274770642201835,1.9296070739129968e-10,2.8099639870102354e-10,2.685132705076291e-10,0.019734999606445442
UGC02916,6.733547400611621,1.8214154753184224e-10,2.7071313812028703e-10,2.57155268008082e-10,0.02231390767486904
UGC02916,7.0396177370030575,1.7204131345512274e-10,2.613350721368763e-10,2.4647384610245634e-10,0.025426855482512806
UGC02916,7.345688073394496,1.6269569472044937e-10,2.504461107978398e-10,2.3651544914273387e-10,0.024854777845676447
UGC02916,7.651758409785932,1.5477431633582495e-10,2.404282663659262e-10,2.2801207799912042e-10,0.02302767234778466
UGC02916,7.875107033639144,1.4913915562807976e-10,2.3360939746689255e-10,2.2192465352995891e-10,0.0222847587406926
UGC02916,7.95782874617737,1.4713996577113997e-10,2.3118102535185212e-10,2.1975687980637494e-10,0.022009705442817204
UGC02916,8.263899082568807,1.4016365932576982e-10,2.205810755054191e-10,2.1215681993857718e-10,0.01691125287109827
UGC02916,8.603058103975535,1.3301494805337515e-10,2.1188509079799393e-10,2.0430761802523668e-10,0.015815838356300387
UGC02916,8.859495412844037,1.2830215241956859e-10,2.0386013239093864e-10,1.9909613080951084e-10,0.010269481789972662
UGC02916,9.198654434250765,1.2225284009333092e-10,1.9452991768959235e-10,1.9236005548168134e-10,0.0048715093672590725
UGC02916,10.480840978593273,1.0351437127538513e-10,1.6600049283924178e-10,1.7110888842395397e-10,-0.0131631925725302
UGC02916,10.737278287461773,1.0043987702817528e-10,1.6051088473409063e-10,1.6755788608411778e-10,-0.01866038407324741
UGC02916,13.119663608562691,7.769191675923399e-11,1.288853809949304e-10,1.4055588726109208e-10,-0.03764538130274677
UGC02916,15.758486238532111,6.148256709736629e-11,1.1355237190069641e-10,1.202724756746138e-10,-0.024970040263802548
UGC02916,18.314587155963302,5.032692301389926e-11,9.770427663542308e-11,1.0557314585927515e-10,-0.033639889081985314
UGC02916,20.961681957186546,4.077783902901538e-11,8.144159102672839e-11,9.231111637006174e-11,-0.054407753799228305
UGC02916,23.600504587155964,3.2968386309370844e-11,6.301219981415123e-11,8.081606369520102e-11,-0.10807305195605378
UGC02916,26.239327217125382,2.6717270159555082e-11,5.0492229625597995e-11,7.102749634617924e-11,-0.14820195785516072
UGC02916,28.8781498470948,2.227388434442832e-11,4.440247696086105e-11,6.363393894801875e-11,-0.1562816093440835
UGC02916,31.434250764525995,1.900398435019874e-11,4.0344823844312737e-11,5.788491112140974e-11,-0.15677754722875947
UGC02953,0.28521212121212125,3.303563061428305e-09,5.993122494467013e-09,3.321044859226437e-09,0.2563784125086431
UGC02953,0.37296969696969706,3.1012048826675493e-09,4.582976025180657e-09,3.120543900799104e-09,0.16691728858369467
UGC02953,0.4716969696969698,2.760039938222941e-09,3.6551908408401253e-09,2.7830385160235893e-09,0.11839083997655485
UGC02953,0.5594545454545455,2.495405142611353e-09,3.081827571688733e-09,2.5217840220909514e-09,0.087100447549927
UGC02953,0.6581818181818183,2.261445469769621e-09,2.6195534359354232e-09,2.291282206137481e-09,0.058148679559221234
UGC02953,0.756909090909091,2.064971369881146e-09,2.277872552987325e-09,2.098104225323416e-09,0.03570236325332619
UGC02953,0.8446666666666668,1.9197058098942288e-09,2.058845035336404e-09,1.9555336359092526e-09,0.022358369093538694
UGC02953,0.9433939393939396,1.775151150983647e-09,1.8433845083825944e-09,1.8138990542204025e-09,0.007002819043580304
UGC02953,1.0421212121212122,1.6528268358854191e-09,1.683102837373428e-09,1.6942449429680366e-09,-0.002865545893915074
UGC02953,1.1298787878787881,1.5684742117139271e-09,1.5656729285907078e-09,1.6118457846457395e-09,-0.01262244535884284
UGC02953,1.2176363636363638,1.4890099018615325e-09,1.4528316364400263e-09,1.5343085394044826e-09,-0.023697413822347132
UGC02953,1.3163636363636366,1.416139832018575e-09,1.3553307833667075e-09,1.4632813587623562e-09,-0.033282537521151186
UGC02953,1.4150909090909094,1.3507648597449733e-09,1.2714799738601677e-09,1.3996222509977151e-09,-0.041701313903644545
UGC02953,1.513818181818182,1.2901236320262616e-09,1.198608547222559e-09,1.3406257559546402e-09,-0.048630188450164924
UGC02953,1.6015757575757579,1.2384149811012306e-09,1.1329313665528295e-09,1.290359761107374e-09,-0.05650721052498334
UGC02953,1.7003030303030306,1.182832811625067e-09,1.0761347269048989e-09,1.2363689929333133e-09,-0.06028145847753793
UGC02953,1.7880606060606061,1.1361071647184883e-09,1.03189954655583e-09,1.1910129920399565e-09,-0.06227907735129443
UGC02953,1.8867878787878791,1.0862032336180362e-09,9.860709870449764e-10,1.1426027620544942e-09,-0.06398708872543843
UGC02953,1.9745454545454548,1.0447005435522784e-09,9.500812984425913e-10,1.1023653947792413e-09,-0.06456480204592968
UGC02953,2.0732727272727276,1.0005551439287028e-09,9.123327932930773e-10,1.0595872963780177e-09,-0.06498345718851277
UGC02953,2.172,9.592665834620375e-10,8.78045466716725e-10,1.0195957072407813e-09,-0.06491099330034011
UGC02953,2.2707272727272727,9.209587931647759e-10,8.536943582576604e-10,9.8250500984963e-10,-0.06103236220209886
UGC02953,2.358484848484849,8.892826180088957e-10,8.286249182848363e-10,9.518436647860725e-10,-0.060207634506153386
UGC02953,2.4462424242424246,8.597839582322129e-10,8.053803720535368e-10,9.232955609405819e-10,-0.0593397063482595
UGC02953,2.544969696969697,8.291100206111448e-10,7.803927964199672e-10,8.936141209029855e-10,-0.058836770995006143
UGC02953,2.6327272727272732,8.039668287948574e-10,7.665469215283497e-10,8.692862953001454e-10,-0.054624088981881674
UGC02953,2.7314545454545462,7.780954986571984e-10,7.447393082838625e-10,8.442543354389031e-10,-0.05446902245346748
UGC02953,2.830181818181819,7.549803498378749e-10,7.244757931137768e-10,8.218882892547271e-10,-0.05478891342750135
UGC02953,2.9289090909090914,7.346763635941301e-10,7.056002312689955e-10,8.022406710585878e-10,-0.05574596108804426
UGC02953,3.016666666666667,7.186460217216799e-10,6.959047156150572e-10,7.867268473966117e-10,-0.05327419152334153
UGC02953,3.104424242424243,7.043751183067392e-10,6.815258823815984e-10,7.729140820171831e-10,-0.05464886621516334
UGC02953,3.2031515151515157,6.902234652179988e-10,6.708404155756157e-10,7.592147847912369e-10,-0.05374543755441029
UGC02953,3.2909090909090915,6.785188037548453e-10,6.580031668743853e-10,7.478825107656654e-10,-0.05560539354894689
UGC02953,3.389636363636364,6.660253147386621e-10,6.487041044827557e-10,7.357844696494369e-10,-0.054703971042600844
UGC02953,3.488363636363637,6.535795650832015e-10,6.351655276534325e-10,7.23730263867206e-10,-0.05668981409252178
UGC02953,3.5870909090909096,6.412412835961105e-10,6.223900537223436e-10,7.117774637268782e-10,-0.058281589595714126
UGC02953,3.6748484848484857,6.303292459525139e-10,6.167668295773736e-10,7.012038477111759e-10,-0.055723281710462
UGC02953,3.7626060606060614,6.193756449732597e-10,6.069192958490356e-10,6.905873317203326e-10,-0.05608766201680603
UGC02953,4.618242424242425,5.205044400977958e-10,5.437966269689507e-10,5.945879696796435e-10,-0.03877960841899966
UGC02953,4.706,5.118732607220207e-10,5.413067803463258e-10,5.861876428721435e-10,-0.03459319200689804
UGC02953,4.804727272727273,5.021706158807197e-10,5.339508757376455e-10,5.767394973515023e-10,-0.033478391457038924
UGC02953,4.903454545454546,4.929365792899631e-10,5.306213735492232e-10,5.677424063947572e-10,-0.029366594724419298
UGC02953,5.2654545454545465,4.612308757008248e-10,5.116315304561372e-10,5.368061609064583e-10,-0.020860190556795003
UGC02953,5.75909090909091,4.2595037642174287e-10,4.873339431011508e-10,5.022855801137066e-10,-0.013124049071802018
UGC02953,5.835878787878789,4.210441529973047e-10,4.874425515341758e-10,4.974755571333585e-10,-0.008848308614681619
UGC02953,5.934606060606062,4.146951932551568e-10,4.825559269083407e-10,4.912472653908258e-10,-0.007752491682093535
UGC02953,6.033333333333334,4.083411697773139e-10,4.778398468426144e-10,4.850095082620555e-10,-0.006467890177387384
UGC02953,6.12109090909091,4.02537777761242e-10,4.741342568714305e-10,4.793082014085947e-10,-0.004713525393548878
UGC02953,6.219818181818183,3.955678816355954e-10,4.697138539151203e-10,4.72455491328598e-10,-0.002527531524609123
UGC02953,6.318545454545455,3.893143724986708e-10,4.654417278997969e-10,4.663018600421066e-10,-0.0008018316499504314
UGC02953,6.581818181818183,3.7338370496348093e-10,4.5571586193380136e-10,4.506015210239054e-10,0.0049014918041497746
UGC02953,6.779272727272728,3.619241495287829e-10,4.4533909113247505e-10,4.392844494901544e-10,0.005944988788681226
UGC02953,6.878000000000001,3.564602116648034e-10,4.418109086830192e-10,4.338810575782738e-10,0.007865744691875023
UGC02953,6.976727272727274,3.512453082548981e-10,4.383917632601121e-10,4.2871924626983406e-10,0.009689405290747688
UGC02953,7.075454545454547,3.462861763512075e-10,4.3507709052310734e-10,4.2380618492738e-10,0.01139892521489051
UGC02953,7.163212121212123,3.4207813456624963e-10,4.297468964585057e-10,4.1963373795813e-10,0.010342351400820318
UGC02953,7.250969696969698,3.3815292470581897e-10,4.2728914615154615e-10,4.1573874118869424e-10,0.011901364438790593
UGC02953,7.349696969696971,3.3408716362435203e-10,4.2426472849214096e-10,4.1170114007304237e-10,0.01305485829266472
UGC02953,7.4484242424242435,3.3039521759970826e-10,4.186411901174293e-10,4.0803192024616684e-10,0.011147817170750626
UGC02953,7.536181818181819,3.265092944959361e-10,4.1642278142371424e-10,4.041669067823821e-10,0.012973730057857662
UGC02953,7.634909090909092,3.2292490625014193e-10,4.1103800407771793e-10,4.005989906968604e-10,0.011172127315568593
UGC02953,7.733636363636364,3.1931838330535604e-10,4.0838776432800513e-10,3.9700623839345427e-10,0.0122753906064011
UGC02953,7.898181818181819,3.1299844083187433e-10,4.0243074601276436e-10,3.907034104384609e-10,0.012843951556720077
UGC02953,8.106606060606062,3.042277187386922e-10,3.945774569308955e-10,3.81940912504879e-10,0.014136088089272967
UGC02953,8.194363636363638,3.0015348148406204e-10,3.9035172780713753e-10,3.7786404727961335e-10,0.014120534052804237
UGC02953,8.76478787878788,2.748568996900681e-10,3.6958131233016124e-10,3.524499008364049e-10,0.020612610535698673
UGC02953,8.863515151515154,2.7109643739986154e-10,3.654646888017312e-10,3.4865570057472746e-10,0.020448651406966334
UGC02953,8.951272727272729,2.677276462067395e-10,3.618817016566162e-10,3.4525278844735836e-10,0.02042942894791348
UGC02953,9.05,2.64563692354791e-10,3.6018859744112064e-10,3.42053338261988e-10,0.022436126889543127
UGC02953,9.148727272727275,2.6145843074747616e-10,3.5630167013060494e-10,3.3890990130698667e-10,0.021733601064878268
UGC02953,9.214545454545457,2.593906791111033e-10,3.537566582011006e-10,3.3681485231928234e-10,0.021313388577258816
UGC02953,10.519939393939396,2.2000205770457594e-10,3.098598465995042e-10,2.9657950323962854e-10,0.0190241681205947
UGC02953,11.84727272727273,1.874411635193677e-10,2.7170480044395175e-10,2.6272906669743986e-10,0.014589188478396027
UGC02953,13.185575757575759,1.6573231189487865e-10,2.364869950829738e-10,2.397595737802848e-10,-0.005968694930655514
UGC02953,14.501939393939397,1.4666689690238926e-10,2.0954269269610667e-10,2.1924327447768688e-10,-0.01965375934892252
UGC02953,15.818303030303033,1.2716912935157137e-10,1.859184710612226e-10,1.978385791451676e-10,-0.02698844509447611
UGC02953,17.145636363636367,1.0743462321695577e-10,1.6591134831489543e-10,1.756083614991768e-10,-0.024669098037200316
UGC02953,18.462,9.112223492217578e-11,1.5202039223297932e-10,1.566648765465284e-10,-0.013069792073406805
UGC02953,19.77836363636364,7.974425554445556e-11,1.3999143865735207e-10,1.430531456564039e-10,-0.009395935436519192
UGC02953,21.094727272727276,7.037311197717766e-11,1.3125562345252508e-10,1.3152966416431012e-10,-0.0009057920492203124
UGC02953,22.411090909090913,6.229307348117442e-11,1.2354604204562201e-10,1.2131377042252932e-10,0.007918736009031058
UGC02953,23.738424242424248,5.542961907181879e-11,1.1505645505059442e-10,1.1238732424483476e-10,0.010193657546812186
UGC02953,25.054787878787884,4.9579965516924847e-11,1.0752326384367157e-10,1.0456124811364922e-10,0.012131680182281154
UGC02953,26.371151515151517,4.4442491728100415e-11,1.0005340492474868e-10,9.748937909246023e-11,0.011274568343121997
UGC02953,27.687515151515154,3.990602058265996e-11,9.265867019536004e-11,9.106078315458932e-11,0.007554681997531377
UGC02953,29.003878787878794,3.6011381826868703e-11,8.59705090558992e-11,8.53785701046713e-11,0.0030006212355062913
UGC02953,30.331212121212126,3.269857392123049e-11,8.044991157402312e-11,8.040574061915284e-11,0.00023851449645920052
UGC02953,31.647575757575765,2.985101721325485e-11,7.543658490249669e-11,7.601192690621965e-11,-0.003299722875704402
UGC02953,32.9639393939394,2.7366559529036814e-11,7.136686968231707e-11,7.20743222026397e-11,-0.004283918907468757
UGC02953,34.28030303030304,2.5240997337627346e-11,6.812084856588312e-11,6.861744580026379e-11,-0.0031544987132939703
UGC02953,35.476000000000006,2.355662328798945e-11,6.485330529029468e-11,6.58128461467345e-11,-0.006378557653313744
UGC02953,36.803333333333335,2.1892356484272888e-11,6.204867912853034e-11,6.297812699588468e-11,-0.006457199518083047
UGC02953,38.119696969696975,2.0379708711295805e-11,5.945809723983315e-11,6.034041831534947e-11,-0.006397309705016734
UGC02953,39.436060606060614,1.8991195766000756e-11,5.7042085564788847e-11,5.786181289705272e-11,-0.006196640871695825
UGC02953,40.75242424242425,1.7735866566299147e-11,5.4783727474348955e-11,5.556829088850071e-11,-0.006175461177541544
UGC02953,42.06878787878789,1.6614289322183238e-11,5.306950392886736e-11,5.3472162722779244e-11,-0.003282721781764621
UGC02953,43.39612121212122,1.5607522259716197e-11,5.144629614944548e-11,5.154885375612419e-11,-0.0008648993165109345
UGC02953,44.712484848484856,1.473028385438781e-11,4.993168487909872e-11,4.983758060216367e-11,0.0008192699448895492
UGC02953,46.028848484848496,1.3921382958802454e-11,4.850370533060209e-11,4.822762769289955e-11,0.00247901722096775
UGC02953,47.34521212121213,1.3155704427170849e-11,4.715513150305986e-11,4.667284783476028e-11,0.00446465930478557
UGC02953,48.66157575757577,1.2443398861624287e-11,4.5187008179705026e-11,4.519708719549428e-11,-9.68590976157953e-05
UGC02953,49.9889090909091,1.1808442560136087e-11,4.331818083439008e-11,4.385563683919897e-11,-0.005355211941300893
UGC02953,51.30527272727274,1.1234161696498777e-11,4.155990868048721e-11,4.2619551703897637e-11,-0.01093429264007426
UGC02953,52.62163636363637,1.068501006994948e-11,4.020675937335676e-11,4.141564818773851e-11,-0.012865392010752381
UGC02953,53.93800000000001,1.0167798141554233e-11,3.953135914147624e-11,4.026063628083164e-11,-0.007938887985544684
UGC02953,55.25436363636364,9.695227889358132e-12,3.9190182660773403e-11,3.918600542537599e-11,4.629340438016274e-05
UGC02953,56.58169696969698,9.256559660899512e-12,3.915909999879635e-11,3.817071957791553e-11,0.011102354613118011
UGC02953,57.89806060606062,8.830031884697838e-12,3.885303099761574e-11,3.7165933064793275e-11,0.01927986418042417
UGC02953,59.21442424242425,8.425045957306095e-12,3.827656315457951e-11,3.619465009732217e-11,0.024288553083312008
UGC02953,60.53078787878789,8.053185526170417e-12,3.744416236107651e-11,3.528694010370474e-11,0.025770119434126295
UGC02953,63.174484848484866,7.392509694176097e-12,3.4806315034758025e-11,3.363324461906892e-11,0.014889280721255357
UGC02953,65.80721212121213,6.780551580145284e-12,3.3669384529720214e-11,3.2049299436826066e-11,0.021416636886928016
UGC02953,68.43993939393941,6.254820622402283e-12,3.462783703913055e-11,3.0642995301967653e-11,0.053094150430989195
UGC03205,0.7054999999999999,1.3913049554338256e-09,8.348535494501714e-10,1.4390913180414883e-09,-0.23647805517287665
UGC03205,1.1815,9.626723725418143e-10,6.843264056554603e-10,1.022893899568593e-09,-0.1745672903729972
UGC03205,1.4024999999999999,8.52057473421464e-10,6.601055935092432e-10,9.158187519307822e-10,-0.14219611888896275
UGC03205,2.584,4.468230575937714e-10,5.439336174194085e-10,5.227222796808212e-10,0.017274889729843524
UGC03205,2.8219999999999996,3.9831745003947465e-10,5.273511734936069e-10,4.751595537915401e-10,0.045260450939017226
UGC03205,3.0515,3.6333987651384487e-10,5.108546280846534e-10,4.406836915011409e-10,0.06417035346766391
UGC03205,3.2895,3.365085426284669e-10,4.91443706131135e-10,4.141061378067943e-10,0.07436210988987885
UGC03205,3.5275000000000003,3.196486654600971e-10,4.749496535054235e-10,3.973353784412979e-10,0.0774903391462129
UGC03205,3.7655,3.0660501940896853e-10,4.568209704355648e-10,3.843178257005062e-10,0.07505550336455269
UGC03205,3.995,2.942717534577191e-10,4.419334813687949e-10,3.719709521647762e-10,0.07484787901656195
UGC03205,4.2245,2.814132616721304e-10,4.2516168509795304e-10,3.5905451119410764e-10,0.07339373206582388
UGC03205,4.4624999999999995,2.689392119645144e-10,4.0593380043025943e-10,3.464770566018433e-10,0.0687807334187948
UGC03205,4.691999999999999,2.6023777638999413e-10,3.8937110693739573e-10,3.3767331616630886e-10,0.06186697890445087
UGC03205,4.93,2.527329330623891e-10,3.7372099121439884e-10,3.3005867508173546e-10,0.05395634005336982
UGC03205,5.168,2.454109565647958e-10,3.5651015609268306e-10,3.2260900637599484e-10,0.043395418783527026
UGC03205,5.406,2.384523601235008e-10,3.4081474041564674e-10,3.155090064780104e-10,0.03350660889474536
UGC03205,5.6354999999999995,2.3055242619415972e-10,3.241822790790987e-10,3.0742326451495367e-10,0.023052541119098366
UGC03205,5.8735,2.2201471625402854e-10,3.1104609410917865e-10,2.9865232915593393e-10,0.017658846048285298
UGC03205,6.1115,2.1324149323926014e-10,2.9640506985519637e-10,2.8960154672034596e-10,0.010084750717115957
UGC03205,6.179499999999999,2.1062265392659725e-10,2.906538617519707e-10,2.8689193315222685e-10,0.005657760659089212
UGC03205,6.341,2.0450832756920187e-10,2.8325114945533867e-10,2.8055068059768303e-10,0.004160354329129052
UGC03205,6.816999999999999,1.8796570848719522e-10,2.5676060190173086e-10,2.632796618615483e-10,-0.010888926415920394
UGC03205,7.046499999999999,1.8046706329250824e-10,2.441154281097168e-10,2.553898823408317e-10,-0.019608460308924634
UGC03205,7.276,1.7331564786018714e-10,2.343552693912006e-10,2.478259686915496e-10,-0.024272089489226087
UGC03205,7.513999999999999,1.6588984209253603e-10,2.2296844593297604e-10,2.399276429965079e-10,-0.03183688073203924
UGC03205,7.751999999999999,1.5892541206568148e-10,2.123146645789964e-10,2.3247569150088915e-10,-0.03939755626592342
UGC03205,8.2365,1.4535454550258085e-10,1.9450893856360223e-10,2.178171583248296e-10,-0.04915252396098465
UGC03205,10.2935,9.943855591037028e-11,1.48676439731897e-10,1.6639695716628505e-10,-0.04890322750893765
UGC03205,12.392999999999999,7.05217758332027e-11,1.281051623695916e-10,1.3171502042709716e-10,-0.012068672307085127
UGC03205,12.478,6.959705918304685e-11,1.272325113997715e-10,1.3056063109865328e-10,-0.011214141033051215
UGC03205,12.92,6.517811700752704e-11,1.239994483342964e-10,1.2499477284392879e-10,-0.0034720986101731623
UGC03205,13.174999999999999,6.29515867398877e-11,1.2159945901169714e-10,1.2215743009889753e-10,-0.0019882448316098384
UGC03205,13.3535,6.151586149972749e-11,1.199740047537432e-10,1.2031531451901634e-10,-0.001233754773736604
UGC03205,13.616999999999999,5.945774972368187e-11,1.1765241040457586e-10,1.1765663727034147e-10,-1.5602498043224867e-05
UGC03205,13.872,5.754321524233197e-11,1.1548968227213881e-10,1.1516343710172968e-10,0.0012285684419010676
UGC03205,14.050500000000001,5.631995601186194e-11,1.1402248122693921e-10,1.1355986209126565e-10,0.0017656309505166654
UGC03205,14.314,5.457164077010108e-11,1.1192349255827229e-10,1.112529784409148e-10,0.002609607151514757
UGC03205,14.399000000000001,5.405975681071934e-11,1.1126278717126949e-10,1.10574095221307e-10,0.002696540550541036
UGC03205,16.49,4.262996181894001e-11,9.453443890844874e-11,9.494332851241087e-11,-0.0018744022243937536
UGC03205,18.5045,3.481230238928639e-11,8.270425747144109e-11,8.35945732783488e-11,-0.004650218339861927
UGC03205,20.5955,2.8331418221983493e-11,7.362109952076954e-11,7.361594602370333e-11,3.0401796382117535e-05
UGC03205,22.6865,2.340573285951536e-11,6.498332687801905e-11,6.555854822725148e-11,-0.0038273860323644734
UGC03205,24.700999999999997,1.9623811964231605e-11,5.7452621989394834e-11,5.899829100422734e-11,-0.011529578117015632
UGC03205,26.791999999999998,1.652350090807425e-11,5.347923140171803e-11,5.3300403277810237e-11,0.0014546620292345308
UGC03205,30.889000000000003,1.219455760613764e-11,5.13971730145472e-11,4.467439850967658e-11,0.06088051833248548
UGC03205,34.034,9.824542752139813e-12,4.6647683999716415e-11,3.94819819629455e-11,0.07243114065975424
UGC03546,1.407177700348432,1.1239186745926607e-09,1.1607022046042523e-09,1.1791864318982986e-09,-0.006861664082409559
UGC03546,1.681533101045296,9.026085009217892e-10,9.625935142436671e-10,9.64741787694904e-10,-0.0009681591894628648
UGC03546,1.8231358885017421,8.252565616342948e-10,8.878289694480425e-10,8.89885551433561e-10,-0.0010048436864910182
UGC03546,1.9647386759581882,7.629591379358145e-10,8.31313741135478e-10,8.296086715059004e-10,0.0008916763189907959
UGC03546,2.469198606271777,6.024170163212261e-10,6.555296333559025e-10,6.741447565144313e-10,-0.012160832091082008
UGC03546,2.531149825783972,5.861087214509946e-10,6.394852017702684e-10,6.583251394612665e-10,-0.012609940823129181
UGC03546,3.6905226480836233,3.4861748092157017e-10,3.773841464257617e-10,4.261163782590915e-10,-0.052744575229888215
UGC03546,4.920696864111497,2.1274796826626495e-10,2.431332722064842e-10,2.890912019164151e-10,-0.0751904796599998
UGC03546,6.1597212543554,1.5072610742209436e-10,1.942271542339155e-10,2.236423434151642e-10,-0.06124408728181158
UGC03546,7.389895470383275,1.1556895699783233e-10,1.758149857445934e-10,1.8485107512850336e-10,-0.021766091067862876
UGC03546,8.611219512195122,9.548507280787102e-11,1.6016199851436556e-10,1.617911006439657e-10,-0.004395150136445224
UGC03546,9.859094076655053,7.626668953454591e-11,1.3989014771497099e-10,1.3881333599343883e-10,0.003355937353310774
UGC03546,11.07156794425087,6.273848023255676e-11,1.2093354669638866e-10,1.2188463622034792e-10,-0.0034021755657197466
UGC03546,12.28404181184669,5.349746330653842e-11,1.1117690876253315e-10,1.0982650060543269e-10,0.0053074485297270975
UGC03546,13.585017421602787,4.5896291940377755e-11,9.95419957545912e-11,9.951145272454007e-11,0.0001332774650955587
UGC03546,14.797491289198604,3.933046191062659e-11,8.780234036886094e-11,9.023119273228706e-11,-0.011850606014107784
UGC03546,16.001114982578393,3.3580907896582373e-11,7.875584241877082e-11,8.174394186941343e-11,-0.016172795165416483
UGC03546,17.213588850174215,2.8680184053386516e-11,7.245958443079934e-11,7.416922934762435e-11,-0.010127927570011793
UGC03546,18.514564459930313,2.435929353463896e-11,6.598614574875169e-11,6.71569962433344e-11,-0.007638501085827985
UGC03546,20.284599303135888,1.973335390948831e-11,5.897997353700053e-11,5.91938340698783e-11,-0.001571897404354504
UGC03546,22.14313588850174,1.6258099507991252e-11,5.45998455116328e-11,5.2796427771281905e-11,0.014586874906492969
UGC03546,25.869059233449477,1.1650020523607284e-11,4.771970908506843e-11,4.351688803847763e-11,0.04003995669043813
UGC03580,0.8657004830917874,7.92808033371274e-11,1.703711374654522e-10,1.4249043788897501e-10,0.07761030182873384
UGC03580,0.9955555555555555,7.522303214869854e-11,1.4466820095186082e-10,1.3753282371840075e-10,0.02196672106405213
UGC03580,1.1145893719806763,7.235453966741612e-11,1.2806188974249336e-10,1.339930092458595e-10,-0.01966223452195032
UGC03580,1.2336231884057969,6.906184573561652e-11,1.1640100933300145e-10,1.2989090294831464e-10,-0.04762198967657277
UGC03580,1.363478260869565,6.55545351907469e-11,1.0721558523238092e-10,1.254722013093027e-10,-0.0682895968984662
UGC03580,1.482512077294686,6.234009452919459e-11,1.0125803907841652e-10,1.2137408151903532e-10,-0.0786964437035062
UGC03580,1.612367149758454,5.888831045923763e-11,9.668094425059418e-11,1.1691714811067506e-10,-0.08253732996586333
UGC03580,1.7422222222222221,5.5944062408851364e-11,9.363598508786212e-11,1.1306538798656043e-10,-0.0818868935667593
UGC03580,1.8504347826086955,5.373815633351509e-11,9.242035211155478e-11,1.1014675270435426e-10,-0.07620407920547913
UGC03580,1.9802898550724637,5.112325008059432e-11,9.116354780129834e-11,1.066476899624198e-10,-0.0681302346452808
UGC03580,2.2291787439613526,4.6169744841937025e-11,9.055070070908226e-11,9.988988136532847e-11,-0.0426296819704719
UGC03580,2.3590338164251206,4.405225189963604e-11,9.038596284181083e-11,9.694360953289455e-11,-0.0304181971843708
UGC03580,2.4780676328502413,4.260670398574222e-11,9.075817306770731e-11,9.491047059175303e-11,-0.019428381656394936
UGC03580,2.597101449275362,4.141168558886613e-11,9.10037051552952e-11,9.321553934167178e-11,-0.010429242037615707
UGC03580,2.72695652173913,4.019492501481347e-11,9.096978401487059e-11,9.147594838032105e-11,-0.0024097571585424927
UGC03580,2.845990338164251,3.904325252062759e-11,9.097829847380044e-11,8.981595792481705e-11,0.005584303967318457
UGC03580,2.975845410628019,3.763167390060509e-11,9.033756291641325e-11,8.776257229885837e-11,0.012559026379563076
UGC03580,3.0948792270531396,3.6303450233883717e-11,8.954443321422556e-11,8.581051874224538e-11,0.018498064486610746
UGC03580,3.224734299516908,3.487013416016283e-11,8.836324481020485e-11,8.36810169592757e-11,0.02364470588291822
UGC03580,3.3437681159420287,3.356989614729207e-11,8.722160818564866e-11,8.172730457328397e-11,0.028256914098183376
UGC03580,3.4628019323671495,3.2320584536508226e-11,8.582335137163033e-11,7.982922828131945e-11,0.03144353865953671
UGC03580,4.891207729468598,2.1240038030719732e-11,6.241488167228767e-11,6.184818339951039e-11,0.003961203417422285
UGC03580,6.525217391304348,1.4551571588317804e-11,4.6210649752770806e-11,4.94846289326055e-11,-0.0297282429617411
UGC03580,8.148405797101448,1.1227983315196974e-11,4.3540387965921946e-11,4.2606129105147565e-11,0.00942021546218124
UGC03580,9.28463768115942,9.66115920366477e-12,4.193790726457719e-11,3.9107782644446005e-11,0.030343562252988635
UGC03580,9.414492753623186,9.513056700796324e-12,4.135945337127269e-11,3.876652165378823e-11,0.02811795479671235
UGC03580,9.544347826086955,9.382780599619922e-12,4.079673971996285e-11,3.8464678956538175e-11,0.02556334576935205
UGC03580,9.77159420289855,9.160151863795273e-12,4.057578024940576e-11,3.794517088695298e-11,0.02911036679481825
UGC03580,9.793236714975846,9.129746424701801e-12,4.048611001681038e-11,3.787385037255182e-11,0.02896659184215248
UGC03580,11.394782608695651,7.910236557780355e-12,3.542552920719571e-11,3.4933726519510785e-11,0.006071430683932504
UGC03580,13.061256038647342,6.973590286516723e-12,3.090561910122376e-11,3.2554779988444616e-11,-0.022577316845879547
UGC03580,14.695265700483091,6.167609636406826e-12,2.8458932480395453e-11,3.0405246717918904e-11,-0.028729926482083765
UGC03580,16.32927536231884,5.46234362059912e-12,2.7439958321979562e-11,2.843058327504674e-11,-0.015402322269810038
UGC03580,17.96328502415459,4.857357316984864e-12,2.666368965751666e-11,2.665302944405339e-11,0.00017366679805939198
UGC03580,19.597294685990335,4.3587399101481914e-12,2.565725841007151e-11,2.5118814064011116e-11,0.009211117079897486
UGC03580,21.231304347826086,3.918961306063474e-12,2.4833024031406236e-11,2.3704299657053862e-11,0.02020248018408488
UGC03580,22.746280193236714,3.5331107479817105e-12,2.427831557488881e-11,2.2407662367810607e-11,0.03482200013549303
UGC03580,26.01429951690821,2.679178838856926e-12,1.9951780172851502e-11,1.9303399177610655e-11,0.014347859534974928
UGC03580,29.282318840579705,2.0971972559146407e-12,1.6897569859507774e-11,1.6935606847029013e-11,-0.0009765125451726339
UGC04278,1.9495268138801265,7.38689412913145e-12,2.72666391875705e-11,3.361894830535563e-11,-0.0909525120975575
UGC04278,2.241955835962145,6.5100957853958766e-12,2.6727641389670372e-11,3.133145456466401e-11,-0.06901992184752144
UGC04278,2.545215562565721,6.214527977451982e-12,2.5898779102313403e-11,3.0533317297873386e-11,-0.07149469943426014
UGC04278,2.8484752891692957,6.0076897733529385e-12,2.3657454134708873e-11,2.996577501318815e-11,-0.1026575076704133
UGC04278,3.454994742376446,5.3702909717713185e-12,2.3732274173692732e-11,2.8165470359897192e-11,-0.07437765129436634
UGC04278,3.7474237644584654,4.9698377711931275e-12,2.4938282629242738e-11,2.6990047648035626e-11,-0.034337108703787665
UGC04278,4.343112513144059,4.198703516346932e-12,3.094720501926594e-11,2.4611241366088815e-11,0.09948791241777451
UGC04278,4.646372239747635,3.848712709986597e-12,3.1779299752413174e-11,2.347235549866439e-11,0.13158764930372902
UGC04278,4.94963196635121,3.931913787864766e-12,3.3285641365129006e-11,2.3746875610572497e-11,0.14665045222454773
UGC04278,5.252891692954785,4.34910678272581e-12,3.5261105357616934e-11,2.5088481930964172e-11,0.14782153879108292
UGC04278,5.55615141955836,4.73757734330913e-12,3.732988730332639e-11,2.629061428607805e-11,0.15225594520695526
UGC04278,5.8485804416403795,5.704379333572046e-12,3.798927310018052e-11,2.911918943772167e-11,0.11548170191393077
UGC04278,6.88832807570978,1.020317673993613e-11,3.8278069742412894e-11,4.034032797932284e-11,-0.022789395456451242
UGC04278,7.0507886435331235,1.0727211171247278e-11,3.831374782439839e-11,4.1508963431322373e-11,-0.03478725179270999
UGC04278,7.245741324921137,1.0204097933642762e-11,3.851801559087836e-11,4.034240162711669e-11,-0.02009784405263069
UGC04325,0.7437499999999999,1.9518442632633606e-11,7.343757827055646e-11,5.880985418460565e-11,0.09646824423070284
UGC04325,1.4874999999999998,2.3643873741207736e-11,1.0160187483885195e-10,6.595965348888428e-11,0.187623356505513
UGC04325,2.220625,2.749467867200567e-11,1.0126468933104609e-10,7.227997568754861e-11,0.1464400368712638
UGC04325,2.964375,2.8593908503762718e-11,8.498833477021326e-11,7.403255309914514e-11,0.05993659312568872
UGC04325,3.7081250000000003,2.729363702870839e-11,7.01036190234926e-11,7.195713667944149e-11,-0.011333435029999131
UGC04325,4.451875,2.321754275274126e-11,6.035221417104964e-11,6.524065335646943e-11,-0.033825093759734345
UGC04325,5.195625,1.9542995174740125e-11,5.296230679215656e-11,5.885379276598773e-11,-0.04580756300248565
UGC04325,5.939375,1.6227272646235807e-11,4.5138452279015326e-11,5.2737707077633645e-11,-0.06757457989978483
UGC04483,0.30538922155688625,7.742989382076774e-12,3.5812256806160286e-11,3.451732830010332e-11,0.015994516902167515
UGC04483,0.4351796407185628,7.302732251790029e-12,3.6328819808323424e-11,3.3404175686092334e-11,0.03645053028913903
UGC04483,0.5573353293413174,6.607654504204089e-12,2.836633875444431e-11,3.159172900541784e-11,-0.04677011036599444
UGC04483,0.6794910179640719,5.7979379629042064e-12,2.8202034089995782e-11,2.938220879202638e-11,-0.01780400731957066
UGC04483,0.8016467065868264,5.212921976253946e-12,2.6916756350626123e-11,2.7707947796328034e-11,-0.012581637413034731
UGC04483,0.9238023952095807,4.692027359957064e-12,2.3165668474297944e-11,2.615181236600289e-11,-0.05265695477817285
UGC04499,1.4341599999999999,1.2001224929141004e-11,4.664679776572616e-11,4.426563137842918e-11,0.022755172310424135
UGC04499,2.1512399999999996,1.0968082968856482e-11,4.9673779362226764e-11,4.203900574533156e-11,0.07247476787905906
UGC04499,2.8604399999999996,1.1125171008553055e-11,4.4199452892115234e-11,4.238236816256845e-11,0.018231673869714693
UGC04499,3.5853999999999995,9.664055123784382e-12,4.1056410646606794e-11,3.9114435795029293e-11,0.021043908374177963
UGC04499,4.2946,8.51908573043653e-12,3.8172714088581116e-11,3.642174892583421e-11,0.02039224325691508
UGC04499,5.019559999999999,7.220970055219912e-12,3.472669605792163e-11,3.319459986083248e-11,0.019596028067392808
UGC04499,5.7366399999999995,6.8955174692291315e-12,3.0804680562963357e-11,3.2351013711775146e-11,-0.021271184113587763
UGC04499,6.44584,6.342181282598059e-12,2.8168548159323245e-11,3.0879834213621916e-11,-0.0399104965423278
UGC05253,0.24563318777292578,4.378670643570542e-09,7.229569525732433e-09,4.389117251297281e-09,0.21673525584300596
UGC05253,0.3733624454148472,3.824197993179041e-09,4.797209924165664e-09,3.837762298962674e-09,0.09691065129138764
UGC05253,0.5010917030567686,3.2124349386386443e-09,3.605007343221712e-09,3.230726886741982e-09,0.04760590771292294
UGC05253,0.618995633187773,2.752068150354636e-09,2.9432290524023373e-09,2.7751611331479587e-09,0.025535857264187202
UGC05253,0.7467248908296944,2.3333245081889972e-09,2.46050190143967e-09,2.3620477621767523e-09,0.01773502989705818
UGC05253,0.8744541484716158,2.0156671481472207e-09,2.1188709789720262e-09,2.0496889448505114e-09,0.014416553993643572
UGC05253,0.9923580786026202,1.8018169073077661e-09,1.8828470114716197e-09,1.8400074286986826e-09,0.009995456961984056
UGC05253,1.1200873362445414,1.6046760351984864e-09,1.6821248912261805e-09,1.647197763668487e-09,0.0091124933470179
UGC05253,1.247816593886463,1.4301766999063854e-09,1.509938878738461e-09,1.4769575406534642e-09,0.009591357253524516
UGC05253,1.3657205240174672,1.3135610797199717e-09,1.3911049313090887e-09,1.363421469848688e-09,0.008729761575168261
UGC05253,1.4934497816593888,1.202338031682401e-09,1.2827078402313805e-09,1.2553110049563047e-09,0.009376413084972448
UGC05253,1.6211790393013101,1.1017365969964732e-09,1.1816460103949686e-09,1.1576678588185222e-09,0.008903417171809338
UGC05253,1.7390829694323147,1.0211350751967262e-09,1.1106568157593453e-09,1.079527182738911e-09,0.01234630364068746
UGC05253,1.8668122270742358,9.461196006402755e-10,1.0431977867087695e-09,1.0068650361784774e-09,0.01539539691591418
UGC05253,1.994541484716157,8.820413394832622e-10,9.763920171165825e-10,9.448352900233399e-10,0.014268114008677422
UGC05253,2.122270742358079,8.271918125784937e-10,9.176276827530842e-10,8.917580770636473e-10,0.012419455140362589
UGC05253,2.2401746724890828,7.845618465045729e-10,8.764717586445443e-10,8.505109273037161e-10,0.013058029206858212
UGC05253,2.3679039301310048,7.450612268209413e-10,8.291931990496101e-10,8.12290071485869e-10,0.008944586458633398
UGC05253,2.495633187772926,7.11405225674779e-10,7.931897672372979e-10,7.797187256861291e-10,0.007439138493425594
UGC05253,2.6135371179039306,6.832844491678613e-10,7.574067702190738e-10,7.524967438713818e-10,0.002824557788571809
UGC05253,2.7412663755458517,6.55843470772821e-10,7.221154153343141e-10,7.25923139246371e-10,-0.0022840238471971593
UGC05253,2.868995633187773,6.300076455963875e-10,6.955873260158187e-10,7.008921830225759e-10,-0.00329955605137627
UGC05253,2.9868995633187776,6.076802058885365e-10,6.681299315678257e-10,6.792485955087011e-10,-0.007167820936639591
UGC05253,3.1146288209606987,5.844403842057323e-10,6.40730281377347e-10,6.567063323980041e-10,-0.010695954514437361
UGC05253,3.2423580786026203,5.622076678863304e-10,6.154893915049061e-10,6.351245571824239e-10,-0.013638333233729058
UGC05253,3.3602620087336246,5.423854250227828e-10,5.938932725047339e-10,6.158666444867595e-10,-0.015778277503709536
UGC05253,3.487991266375546,5.217723514897007e-10,5.767871997915273e-10,5.958216318972254e-10,-0.014100652814036859
UGC05253,3.6157205240174677,5.035273079428796e-10,5.56411565016283e-10,5.780609356766744e-10,-0.01657747329691183
UGC05253,3.7336244541484715,4.870602874744779e-10,5.388406734894531e-10,5.620140662236782e-10,-0.018286815049365468
UGC05253,3.8613537117903936,4.694713758602128e-10,5.21016427292601e-10,5.448537657708249e-10,-0.01942854035676723
UGC05253,3.989082969432314,4.5274896078887763e-10,5.043336352856951e-10,5.285170817726073e-10,-0.020341095028101577
UGC05253,4.106986899563319,4.376145007443236e-10,4.898551577176847e-10,5.137111969061061e-10,-0.020651346633498466
UGC05253,4.2347161572052405,4.2185078410980537e-10,4.750799441438334e-10,4.982665458442685e-10,-0.020695032408948225
UGC05253,4.362445414847162,4.069184251283795e-10,4.6116994577926166e-10,4.836121598617247e-10,-0.02063621536744335
UGC05253,4.4803493449781655,3.9361839277975647e-10,4.4903389457454434e-10,4.705376840511339e-10,-0.020315286355056823
UGC05253,4.608078602620088,3.797642311000667e-10,4.3658732606821356e-10,4.568941105160489e-10,-0.019744435738378623
UGC05253,4.7358078602620095,3.666824845413144e-10,4.248121492240501e-10,4.4398610734130345e-10,-0.019172452265985736
UGC05253,4.853711790393014,3.550807092424733e-10,4.1449282576111773e-10,4.3251605306324265e-10,-0.018485213194564254
UGC05253,4.902838427947599,3.503947257695643e-10,4.103395910340524e-10,4.278768762381712e-10,-0.018175395253210314
UGC05253,4.981441048034935,3.4304609219826223e-10,4.038648045877557e-10,4.2059379801283053e-10,-0.017626856816666658
UGC05253,5.109170305676856,3.3151470723758585e-10,3.9376818447306186e-10,4.0914480950370054e-10,-0.016636422731947174
UGC05253,5.354803493449782,3.1099567317023216e-10,3.726816499020533e-10,3.887041447603971e-10,-0.018281162057180386
UGC05253,5.4825327510917035,3.0079316849299424e-10,3.639991025029014e-10,3.785044262288628e-10,-0.016970649674329055
UGC05253,5.600436681222708,2.9179056750769007e-10,3.563359635028404e-10,3.6948219896264166e-10,-0.015733863555547914
UGC05253,5.728165938864629,2.820946429053003e-10,3.4839022160655067e-10,3.5974015847919446e-10,-0.01392296463755989
UGC05253,6.356986899563319,2.421890491696209e-10,3.1392812858828286e-10,3.1932413169533467e-10,-0.007401508819973867
UGC05253,6.474890829694323,2.3604284839669394e-10,3.0572109389722863e-10,3.1304575077690293e-10,-0.010282408271032793
UGC05253,6.543668122270743,2.326598360588467e-10,3.0250780912653696e-10,3.09582970589095e-10,-0.01004047289452976
UGC05253,6.602620087336245,2.2973256900484433e-10,2.9980684654505006e-10,3.065825114292544e-10,-0.009705831103235576
UGC05253,6.730349344978166,2.2390235580539957e-10,2.9411708157412216e-10,3.005945632606211e-10,-0.009460873441505814
UGC05253,6.848253275109171,2.188476726971501e-10,2.890533728526164e-10,2.9538968264441434e-10,-0.009417280869644867
UGC05253,6.975982532751092,2.136715620398907e-10,2.8376084630742767e-10,2.900461651673007e-10,-0.00951465710117623
UGC05253,7.103711790393014,2.0883150529721194e-10,2.7865864575141584e-10,2.850365130270449e-10,-0.00982797430682801
UGC05253,8.17467248908297,1.745450000000414e-10,2.4215168374792503e-10,2.491291085480138e-10,-0.012336980833390021
UGC05253,9.825327510917031,1.33771289964293e-10,1.9983556097095608e-10,2.0514118471649122e-10,-0.01138008531720936
UGC05253,11.407205240174672,1.0771423880724335e-10,1.7212365286042729e-10,1.7592812369954795e-10,-0.009494716665000394
UGC05253,13.116812227074236,8.343086029634624e-11,1.509140081485196e-10,1.4750504556083569e-10,0.009922677698493467
UGC05253,14.718340611353714,6.705456075111352e-11,1.3340157608208013e-10,1.27368497303963e-10,0.020098935587309543
UGC05253,16.31986899563319,5.541317634867249e-11,1.203103919150849e-10,1.1236562623835445e-10,0.029669664972744755
UGC05253,18.019650655021834,4.6808962793474954e-11,1.0896159267772959e-10,1.0077218895274199e-10,0.03393275032314994
UGC05253,19.62117903930131,4.1020383210000335e-11,1.0006788230894145e-10,9.265765051389666e-11,0.03341342534490508
UGC05253,21.22270742358079,3.60344954538856e-11,9.251646341247964e-11,8.541278987442239e-11,0.03469611518095305
UGC05253,22.92248908296943,3.1873259243239945e-11,8.495824238091136e-11,7.914439119210393e-11,0.03078537644080731
UGC05253,26.233624454148472,2.556277892401138e-11,7.362781138179932e-11,6.914643081660395e-11,0.027272123360728026
UGC05253,29.426855895196507,2.0790181790619315e-11,6.349500773243193e-11,6.106234178210003e-11,0.01696612464905112
UGC05253,32.73799126637555,1.6951029510483487e-11,5.331624712677833e-11,5.4106439413145826e-11,-0.006389382923921064
UGC05253,36.03930131004367,1.411200002066901e-11,4.353108660072127e-11,4.8609923481474946e-11,-0.04792542950799162
UGC05253,39.24235807860262,1.1914095557767649e-11,3.6759630235937673e-11,4.408063062702304e-11,-0.07887666481848271
UGC05253,42.543668122270745,1.0211975286155287e-11,3.390715084580487e-11,4.036013104702948e-11,-0.07566126933475112
UGC05253,45.854803493449786,9.031042932108067e-12,3.2060812645394064e-11,3.7641703564361304e-11,-0.06969474400484524
UGC05253,49.04803493449782,8.13833925625259e-12,3.025695612168576e-11,3.549619840200946e-11,-0.06935660770514612
UGC05253,52.35917030567686,7.16463031431385e-12,2.968984102868789e-11,3.3049647895678135e-11,-0.046558964744479577
UGC05414,1.0857978723404256,1.1176424345387203e-11,3.608529826905182e-11,4.249401064949095e-11,-0.07099742301696577
UGC05414,1.6247340425531913,1.1215266888976137e-11,4.262461519014501e-11,4.257849399016179e-11,0.000470174968978278
UGC05414,2.171595744680851,1.0251653356154466e-11,4.043967211043244e-11,4.044935640706525e-11,-0.00010399028609743719
UGC05414,2.710531914893617,8.98287898591686e-12,3.895554048625061e-11,3.7528074579947893e-11,0.0162129513007906
UGC05414,3.2573936170212767,8.10997368628925e-12,3.7878571247061e-11,3.5426586410162316e-11,0.029064282203929988
UGC05716,1.8076056338028168,1.7672516186371848e-11,5.037985961434868e-11,5.5451121031816004e-11,-0.0416533775379562
UGC05716,2.6983098591549295,1.1998115909329644e-11,4.2338592988846447e-11,4.425903845617354e-11,-0.019265553192195466
UGC05716,3.606478873239437,8.791571147250558e-12,3.681897118292441e-11,3.7074433302962287e-11,-0.0030028723632904387
UGC05716,4.5059154929577465,7.1903697663623644e-12,3.410769381590385e-11,3.31159259358339e-11,0.012815453058612593
UGC05716,5.414084507042254,5.976141883023774e-12,3.238600017723752e-11,2.987853023220366e-11,0.034998083819041945
UGC05716,6.313521126760564,5.354399512937353e-12,3.0695892704528884e-11,2.8119517417700458e-11,0.03807240502027817
UGC05716,7.212957746478874,4.874420519915702e-12,2.8234160875498804e-11,2.6704358283789442e-11,0.0241927387884005
UGC05716,8.103661971830986,4.38727893177726e-12,2.4892065712560596e-11,2.5208513696116553e-11,-0.00548630144992102
UGC05716,9.029295774647888,3.868688726620405e-12,2.1945007241344887e-11,2.3538490119278515e-11,-0.030442873014325203
UGC05716,9.95492957746479,3.3212790558656347e-12,2.0179998192820945e-11,2.1670468108977685e-11,-0.030947169711853656
UGC05716,10.801971830985915,2.8165293180411172e-12,1.9473847203559122e-11,1.9828536991712264e-11,-0.007838913746247914
UGC05721,0.6305825242718447,7.499287851330149e-11,1.09904451803322e-10,1.3724991677445045e-10,-0.09649680540909736
UGC05721,0.8828155339805827,6.370322934765651e-11,1.0762583442925512e-10,1.231178642337448e-10,-0.05840454145420551
UGC05721,1.1350485436893205,5.2242507941365275e-11,8.644588083588397e-11,1.0815080653807768e-10,-0.09728545867108467
UGC05721,1.3872815533980583,4.327285382971193e-11,7.951302720902981e-11,9.584967523997497e-11,-0.08115235755800126
UGC05721,1.6395145631067962,3.832243812977226e-11,8.648576689365723e-11,8.877005820036173e-11,-0.01132186383618051
UGC05721,1.8917475728155342,3.297361898702103e-11,9.517525814920424e-11,8.08240116510763e-11,0.07098366086303813
UGC05721,2.143980582524272,2.925676090831158e-11,9.486188329470195e-11,7.507945304537175e-11,0.10157064233689293
UGC05721,2.648446601941748,2.2881884831756713e-11,7.946381387988472e-11,6.467159603991009e-11,0.08945582616318817
UGC05721,2.9006796116504856,1.849632536596851e-11,7.20278480582012e-11,5.696395077260949e-11,0.10190033730521354
UGC05721,3.1529126213592233,1.481800022963256e-11,6.594394292043919e-11,5.001026736805922e-11,0.12011573451394754
UGC05721,3.7414563106796117,1.1270779566800085e-11,5.462716510057176e-11,4.269904882578969e-11,0.10699046252163168
UGC05721,4.4140776699029125,9.26206965686919e-12,4.3944743676651354e-11,3.818358344994611e-11,0.06103025203381142
UGC05721,5.058673139158576,7.51899063278392e-12,3.7575366595766104e-11,3.3954132853488165e-11,0.044010582776761516
UGC05721,5.661229773462784,6.389732076373496e-12,3.3319866739081846e-11,3.100820218970046e-11,0.031226668594932328
UGC05721,6.291812297734628,5.7609672763644206e-12,2.9903831819113995e-11,2.9278478954633734e-11,0.00917833059122558
UGC05721,6.908381877022654,5.52323396696934e-12,2.7304718382533608e-11,2.8604957867372623e-11,-0.020203610788533576
UGC05721,7.538964401294499,5.2659413638551505e-12,2.5084899374670857e-11,2.7862709382722266e-11,-0.04561098189478717
UGC05721,8.211585760517801,4.7592040188657555e-12,2.320697801635895e-11,2.635632453600821e-11,-0.05526625569708631
UGC05721,8.800129449838188,4.304757122858807e-12,2.182053916909644e-11,2.4948477122772597e-11,-0.05817856357250425
UGC05721,9.444724919093852,3.933227320243639e-12,2.0641700651607335e-11,2.37511900386433e-11,-0.06093989899105785
UGC05750,3.9003407155025553,3.4629461398701997e-12,2.5498469928495885e-11,2.2165602438745357e-11,0.06083458128312289
UGC05750,5.340715502555366,4.212942368365905e-12,2.839937415571977e-11,2.465672227323612e-11,0.06137342607667565
UGC05764,0.34409638554216865,1.062325893705371e-11,4.395795849316985e-11,4.1278857504826245e-11,0.027309845999381778
UGC05764,0.6977510040160643,1.9384293892099158e-11,4.615845217998249e-11,5.856945969601204e-11,-0.10341998037263155
UGC05764,1.041847389558233,1.7530115144631685e-11,5.486950399795284e-11,5.518722124228306e-11,-0.0025074929138713432
UGC05764,1.3859437751004016,1.4482240451076822e-11,5.545112695762169e-11,4.9347291971928666e-11,0.050647052022418974
UGC05764,1.7300401606425704,1.3571389353716311e-11,4.8652804692692093e-11,4.752081745948709e-11,0.010223978310402702
UGC05764,2.074136546184739,1.256200078260083e-11,4.630384813448411e-11,4.544487767573474e-11,0.008132146292120543
UGC05764,2.4277911646586348,1.146362571585307e-11,4.216189317774185e-11,4.311616318453131e-11,-0.009720003373163416
UGC05764,2.771887550200803,1.0335917427329051e-11,3.52920539361734e-11,4.0638418240232416e-11,-0.06125986138183034
UGC05764,3.1159839357429715,8.800609061937257e-12,2.6375932999360585e-11,3.7095948570768523e-11,-0.14811864985570788
UGC05764,3.4600803212851408,7.727752690389409e-12,2.3657995401593963e-11,3.447922107282237e-11,-0.16357950298446758
UGC05829,4.089351851851852,5.199330700670311e-12,2.7698757495221816e-11,2.7668172738328378e-11,0.00047980960635565263
UGC05829,4.674872685185185,6.166314125166957e-12,2.984387625755356e-11,3.040170493558641e-11,-0.008042709045457057
UGC05829,5.251099537037037,7.072536765505218e-12,2.9505785653756646e-11,3.2811743836655384e-11,-0.04612212919259678
UGC05829,5.845914351851851,7.139147526077878e-12,3.095531887578829e-11,3.2983938939997854e-11,-0.027567235716077824
UGC05829,6.422141203703703,6.76418952021265e-12,3.081402516038464e-11,3.200619604923574e-11,-0.01648562827360195
UGC05918,2.4148433420365536,3.3807301476924048e-12,2.215477625019028e-11,2.1879318668884377e-11,0.00543357451826063
UGC05918,2.89088772845953,2.918052978928131e-12,1.9831400835754913e-11,2.0209663587750192e-11,-0.00820569160276005
UGC05918,3.375587467362924,2.8946132392646963e-12,1.8157665805569037e-11,2.0122179961563682e-11,-0.04461501018526243
UGC05918,3.8602872062663183,2.907952302768693e-12,1.732569204011467e-11,2.0172002056120025e-11,-0.06605841309974518
UGC05986,1.0658169177288528,1.653838473662184e-11,2.6461281761681034e-11,5.3328583651262096e-11,-0.30434917223917857
UGC05986,2.1316338354577056,1.3170136492677049e-11,3.923415235016636e-11,4.670244731577493e-11,-0.0756753650343543
UGC05986,3.180533024333719,1.5343245518386873e-11,4.739344678049035e-11,5.1036932747072305e-11,-0.03216627120894044
UGC05986,4.246349942062571,1.822681565680637e-11,5.4236146165233137e-11,5.647157859448616e-11,-0.017541105604976428
UGC05986,5.295249130938585,1.710436230696048e-11,5.5583879906426144e-11,5.439382290645638e-11,0.00939927546786626
UGC05986,6.377983777520277,1.5471566255737845e-11,5.7092331003629806e-11,5.128587819562439e-11,0.046579978458876264
UGC05986,7.42688296639629,1.4991052175811163e-11,5.4736738939775766e-11,5.034990667909645e-11,0.036280249858471024
UGC05986,8.492699884125143,1.4017340794926115e-11,5.046605518583775e-11,4.84203079726367e-11,0.017971810868731473
UGC05986,9.558516801853997,1.1871921366753449e-11,4.562206357193938e-11,4.399090590010621e-11,0.01581201989341789
UGC05986,10.624333719582848,9.78239252228482e-12,4.104532789513656e-11,3.938566977280482e-11,0.017925494164564005
UGC05986,11.673232908458862,8.491423909117724e-12,3.7357196982819935e-11,3.6355047806485305e-11,0.011809562352521622
UGC05986,12.755967555040554,7.074218730488951e-12,3.301761898020528e-11,3.28160996708094e-11,0.002658789423131279
UGC05986,13.804866743916568,5.8840206711565685e-12,2.944782891490387e-11,2.962271166517588e-11,-0.0025715300581631447
UGC05986,14.870683661645419,5.218026940065441e-12,2.589235277541243e-11,2.7722876673595883e-11,-0.029666777474469462
UGC05986,15.919582850521435,5.176243885257616e-12,2.3306943676374805e-11,2.7600512013845302e-11,-0.0734318120338968
UGC06399,2.755,1.0088501227636317e-11,4.301637548945855e-11,4.008164003122603e-11,0.030688331070598717
UGC06399,3.6944444444444446,1.0596243939273034e-11,4.245354952971989e-11,4.1218921470532197e-11,0.0128173834481017
UGC06399,4.612777777777778,9.74311910967566e-12,4.2158537881698176e-11,3.9295790839057196e-11,0.03053950701450769
UGC06399,5.5311111111111115,9.084773495631456e-12,4.022919539932047e-11,3.7768194401631046e-11,0.027415123744340342
UGC06399,6.4494444444444445,8.245663859109016e-12,3.550703055121684e-11,3.575874356855938e-11,-0.0030678970486691538
UGC06399,7.367777777777778,7.2723325577768995e-12,3.219998572786848e-11,3.332636162275086e-11,-0.01493222331525062
UGC06399,8.286111111111111,6.371047311550625e-12,2.9984867084740286e-11,3.095780621218733e-11,-0.013868049282076746
UGC06446,1.6965,1.908666275102424e-11,7.151675739689711e-11,5.803411638344167e-11,0.09072443877904844
UGC06446,2.27175,1.5409052125367685e-11,5.841446967124283e-11,5.1164689396306516e-11,0.05755009619362452
UGC06446,2.83725,1.3878230327532255e-11,5.172734643068932e-11,4.814082517415807e-11,0.031206669864494888
UGC06446,3.40275,1.251958759572271e-11,4.7336324585852716e-11,4.5356362856637586e-11,0.01855631319517162
UGC06446,3.9682500000000003,1.0425941309961639e-11,4.448516537497876e-11,4.083977069954223e-11,0.03713191439429072
UGC06446,4.53375,9.576660615805367e-12,4.361249125855258e-11,3.8913322305431785e-11,0.04951258423164783
UGC06446,5.0992500000000005,9.10903943590429e-12,4.160980452836834e-11,3.7825227511515454e-11,0.04141412669807501
UGC06446,5.66475,8.500568783988338e-12,3.717836366949327e-11,3.637710808519318e-11,0.00946210079511147
UGC06446,6.24,8.241023734958598e-12,3.442514356720374e-11,3.574741983460423e-11,-0.01636894078360369
UGC06446,6.8055,7.976732107733428e-12,3.2188855444711974e-11,3.509833453416566e-11,-0.03758097453132355
UGC06446,7.4295,7.789038462408986e-12,2.9990267890514074e-11,3.4632321714121136e-11,-0.06250126201918554
UGC06446,8.072999999999999,7.071419878188808e-12,2.9017479521640728e-11,3.280885117651446e-11,-0.05333133692498599
UGC06446,8.6775,5.8164044476462675e-12,2.6615816000497894e-11,2.943392143651017e-11,-0.0437083408243039
UGC06446,9.282,5.367229978215315e-12,2.4237306066377687e-11,2.8156623240508232e-11,-0.06509622253350926
UGC06614,3.2263585118376548,3.1621644629326804e-10,4.4508896289550223e-10,3.93913836990122e-10,0.05304558847201173
UGC06614,9.169650507328072,6.681836694602443e-11,1.231005802598921e-10,1.270705612393397e-10,-0.013784848025432344
UGC06614,10.628004509582864,5.349077799129983e-11,1.0375334381147242e-10,1.0981760036138553e-10,-0.0246698473959158
UGC06614,11.566944757609921,4.806207973569233e-11,9.533122436563613e-11,1.0249273742977306e-10,-0.031457921827351985
UGC06614,12.505885005636976,4.4379358621986924e-11,8.921415766829284e-11,9.740117169240727e-11,-0.038130401909353115
UGC06614,13.554701240135287,4.244189719330263e-11,8.327659003580025e-11,9.467749714451899e-11,-0.05572383496403371
UGC06614,34.92058624577226,8.953338158143987e-12,4.4143481124253173e-11,3.745826703271387e-11,0.07131889701020105
UGC06614,36.79846674182638,8.198536201946587e-12,4.230863411122119e-11,3.5643619305713e-11,0.0744472083204268
UGC06614,47.32658399098083,6.070118169885851e-12,3.3881182015044846e-11,3.0137881569308223e-11,0.050845831252991795
UGC06614,64.51718151071026,4.022017349464223e-12,2.461166175169307e-11,2.404145220138973e-11,0.010180240493048713
UGC06667,2.3006666666666664,2.237285020085749e-12,2.877879623083056e-11,1.752927417593092e-11,0.21530869026806113
UGC06667,3.4509999999999996,3.478826324193996e-12,3.0510842977121834e-11,2.2220566885674453e-11,0.13769907247044136
UGC06667,4.627777777777777,4.995355715488341e-12,3.363128239324683e-11,2.7066070900455357e-11,0.09431821256659167
UGC06667,5.778111111111111,5.0215971497562324e-12,3.351371357879664e-11,2.7144084736079294e-11,0.09154735130838274
UGC06667,6.928444444444445,5.584830620214163e-12,3.0462166340435856e-11,2.8780568389440582e-11,0.02466141868795518
UGC06667,8.078777777777779,5.34664774943505e-12,2.830494821781003e-11,2.8097081818055066e-11,0.003201148577565284
UGC06667,9.229111111111111,5.442953353630583e-12,2.5370406840206094e-11,2.83748899959083e-11,-0.04860675489664546
UGC06667,10.379444444444443,4.847923435730557e-12,2.2931738987505357e-11,2.662461919645059e-11,-0.06484641498811598
UGC06786,2.5378839590443687,3.705801262174365e-10,3.991723694879864e-10,4.478346755374087e-10,-0.04995724566565211
UGC06786,2.850238907849829,3.243505432094761e-10,3.5934397867204954e-10,4.020184045617353e-10,-0.048735563691195534
UGC06786,3.16259385665529,2.873597815866552e-10,3.274022651846345e-10,3.650336684570965e-10,-0.047251243130032795
UGC06786,7.262252559726963,1.0232451970979186e-10,1.7871152022661876e-10,1.6973701136278608e-10,0.02237599811539692
UGC06786,7.594129692832764,9.774590442408936e-11,1.7256477039495403e-10,1.6442940251606733e-10,0.020972659226147446
UGC06786,7.906484641638225,9.386151321306803e-11,1.6896571769293506e-10,1.5988896671838024e-10,0.023980101452970647
UGC06786,8.238361774744027,9.06129496405263e-11,1.6371451537513121e-10,1.5606334438917157e-10,0.020786277375893766
UGC06786,8.316450511945392,8.995556803014469e-11,1.6217728987865108e-10,1.5528588869620046e-10,0.01885804685708033
UGC06786,8.550716723549488,8.812586540749826e-11,1.5923988249333926e-10,1.5311591964620343e-10,0.017031501271522666
UGC06786,8.863071672354948,8.619364867495765e-11,1.5655408432371992e-10,1.508144117135231e-10,0.016221557989756146
UGC06786,9.19494880546075,8.477853122927668e-11,1.52323772802713e-10,1.4912212073448477e-10,0.009225616558756523
UGC06786,9.48778156996587,8.363892156257785e-11,1.4900529407057078e-10,1.4775505145140175e-10,0.003659361442369165
UGC06786,9.80013651877133,8.226802881607068e-11,1.4425612135119003e-10,1.4610538038722071e-10,-0.0055319582597815895
UGC06786,10.112491467576792,8.053904492726753e-11,1.4110382638538136e-10,1.440165348334387e-10,-0.008873566295214415
UGC06786,10.444368600682592,7.852320442270958e-11,1.3788808306180984e-10,1.415690703421096e-10,-0.011441646119331295
UGC06786,10.756723549488054,7.641045208873015e-11,1.3388407339032352e-10,1.3898942500940585e-10,-0.01625284108673018
UGC06786,11.088600682593857,7.391981412536509e-11,1.3107676061552742e-10,1.3592836934656745e-10,-0.015784407108791938
UGC06786,11.400955631399317,7.157169191859089e-11,1.2748561648907464e-10,1.3302158616510163e-10,-0.018460933665575045
UGC06786,11.713310580204778,6.929331150771912e-11,1.252270147371358e-10,1.3018068664953443e-10,-0.01684853029462259
UGC06786,12.006143344709898,6.730324181257796e-11,1.2217269730452275e-10,1.2768192429437946e-10,-0.019155257058319212
UGC06786,12.65037542662116,6.334286075712907e-11,1.1595093957142203e-10,1.226577270370618e-10,-0.02442064038625106
UGC06786,12.96273037542662,6.146464476823154e-11,1.1315694102753236e-10,1.2024941329916775e-10,-0.026401767456486362
UGC06786,13.294607508532422,5.947256116729061e-11,1.1134207177100431e-10,1.1767584892106823e-10,-0.024028041941051962
UGC06786,13.860750853242319,5.62235977633036e-11,1.0679429700852669e-10,1.1343318415364208e-10,-0.026192061950996232
UGC06786,13.919317406143344,5.587406873305559e-11,1.0634495214032811e-10,1.1297322348922172e-10,-0.026258640612060596
UGC06786,16.632901023890785,4.088317333504947e-11,8.899524750710555e-11,9.246168179907308e-11,-0.016594973396827258
UGC06786,20.810648464163823,2.8370261580732773e-11,7.439930521723735e-11,7.367766952092322e-11,0.004232999526500301
UGC06786,23.407098976109214,2.3665000975956797e-11,6.79221710643992e-11,6.599517612124759e-11,0.012499367046218537
UGC06786,23.62184300341297,2.335021236246388e-11,6.730469678199557e-11,6.546484703875376e-11,0.012037214561395245
UGC06786,24.07085324232082,2.2674347319491038e-11,6.604921582012541e-11,6.431840720184154e-11,0.01153238486108788
UGC06786,24.949351535836175,2.1481305476767576e-11,6.428374345069042e-11,6.226740460656961e-11,0.013840395111876421
UGC06786,29.146621160409556,1.686732576579252e-11,5.4547008108650135e-11,5.3949183028208144e-11,0.004786062229278058
UGC06786,33.34389078498293,1.3450999750323805e-11,4.6847892694385815e-11,4.7276196509136264e-11,-0.003952468890231022
UGC06786,37.54116040955631,1.0896383704491299e-11,4.161008877899686e-11,4.1881683784386886e-11,-0.0028254910533169354
UGC06786,41.52368600682593,8.970120959227981e-12,3.795292679998003e-11,3.74979369653757e-11,0.0052378981464297055
UGC06786,45.72095563139932,7.477086104780913e-12,3.44687768162073e-11,3.384805341239483e-11,0.007892174352601537
UGC06786,49.91822525597269,6.230625460556137e-12,3.074159218703545e-11,3.0577169042494414e-11,0.0023290827826794253
UGC06786,54.11549488054607,5.2431871251153044e-12,2.685844156912683e-11,2.7796368366579232e-11,-0.014907248843542675
UGC06786,58.31276450511945,4.492174082020495e-12,2.4243914602710877e-11,2.5536155827657182e-11,-0.022552774273884794
UGC06786,62.51003412969284,3.898426075139886e-12,2.3465399388595087e-11,2.3636678031734542e-11,-0.0031584890316095574
UGC06786,66.47303754266211,3.4502441245084835e-12,2.048372056742514e-11,2.2121561707242316e-11,-0.03340694074078733
UGC06787,0.8318779342723004,2.015611983898885e-09,2.774831069854545e-09,2.0496347897528005e-09,0.13156006464196388
UGC06787,1.0442723004694836,1.6385447483006386e-09,2.2759501789049843e-09,1.6802870471856605e-09,0.13177927145760407
UGC06787,1.2566666666666666,1.3667772033764289e-09,1.823378508230143e-09,1.4152088339115895e-09,0.11005630072728795
UGC06787,1.4690610328638498,1.1573542495911673e-09,1.5027328470557502e-09,1.21163373035533e-09,0.0935104243746415
UGC06787,1.6637558685446008,1.0076249781532779e-09,1.2872749780972605e-09,1.0664367524719307e-09,0.08173622386997051
UGC06787,1.8761502347417842,8.896662475564024e-10,1.1241840758968106e-09,9.522149642257691e-10,0.072102426998993
UGC06787,2.088544600938967,7.982600180117206e-10,1.0098602715683214e-09,8.637646495156655e-10,0.0678658610510625
UGC06787,2.30093896713615,7.221090874509098e-10,9.096048647581702e-10,7.900784828328083e-10,0.061182540095916914
UGC06787,2.513333333333333,6.586198159864938e-10,8.199257028777706e-10,7.286122566111882e-10,0.05127802820099202
UGC06787,2.7080281690140846,6.069777511591019e-10,7.433144934736449e-10,6.78567452204451e-10,0.03957957627384146
UGC06787,2.9381220657276996,5.549333765029258e-10,6.322199020741078e-10,6.280592521459146e-10,0.002867545438025513
UGC06787,3.3452112676056336,4.777466000943877e-10,4.848467494873752e-10,5.529300919284779e-10,-0.0570657376883372
UGC06787,3.5576056338028166,4.433106829678922e-10,4.24468926299052e-10,5.192861437483802e-10,-0.08756083160098005
UGC06787,3.77,4.1234757105105137e-10,3.825550284942487e-10,4.889431349690554e-10,-0.1065644378525647
UGC06787,3.9646948356807514,3.865813207514496e-10,3.570325297160565e-10,4.6361083608502476e-10,-0.11344579120539147
UGC06787,5.486854460093897,2.4968996978757414e-10,2.956001150100448e-10,3.269651859215306e-10,-0.0437969143104932
UGC06787,6.708122065727699,1.86304556714678e-10,2.590486864710063e-10,2.6153535068259303e-10,-0.004149004510554954
UGC06787,6.902816901408451,1.7846846725447398e-10,2.517421850577215e-10,2.532800192507775e-10,-0.0026449330850394862
UGC06787,7.327605633802817,1.635425329239571e-10,2.391624256088345e-10,2.374209958497256e-10,0.003173827149211163
UGC06787,7.522300469483568,1.5736318397416308e-10,2.3297233929895875e-10,2.3079783764679807e-10,0.004072624916161728
UGC06787,7.7346948356807514,1.5113300499348122e-10,2.2657492952415896e-10,2.2408233013914e-10,0.004804241691215826
UGC06787,7.947089201877935,1.4540270875258458e-10,2.2051947483754449e-10,2.1786953107030287e-10,0.00525045088823503
UGC06787,8.159483568075117,1.4009771481055818e-10,2.1477927158797718e-10,2.1208470596263446e-10,0.0054830137359146314
UGC06787,8.354178403755869,1.3559594981293874e-10,2.0800731392481226e-10,2.0714905466580443e-10,0.0017956501185178307
UGC06787,9.132957746478873,1.2068932397591498e-10,1.8866121257879645e-10,1.906099984081084e-10,-0.00446305628244771
UGC06787,9.610845070422535,1.1334197249594351e-10,1.7775772515009245e-10,1.8233254167812113e-10,-0.011035702229157056
UGC06787,9.84093896713615,1.1015464916933025e-10,1.721209161331565e-10,1.7871256087900405e-10,-0.016321429129613832
UGC06787,10.035633802816902,1.0757151421607848e-10,1.6878170964732806e-10,1.7576492600264518e-10,-0.017606833969202786
UGC06787,10.248028169014084,1.0483924601472105e-10,1.652836431261399e-10,1.726329854923683e-10,-0.018893904379135806
UGC06787,10.460422535211269,1.0199932758629903e-10,1.605406760258266e-10,1.6936155107277547e-10,-0.023229735022481147
UGC06787,10.672816901408451,9.931787834917945e-11,1.5734583670192955e-10,1.6625689390195157e-10,-0.023924406355408913
UGC06787,10.973708920187795,9.573144238554324e-11,1.5303151537300566e-10,1.620791881903942e-10,-0.024946373949279795
UGC06787,11.504694835680752,8.992332113415893e-11,1.472295836462077e-10,1.5524772245309027e-10,-0.023030153681907514
UGC06787,12.124178403755868,8.40634008465295e-11,1.4211559954840722e-10,1.482647036816607e-10,-0.018396022370143452
UGC06787,12.354272300469484,8.210744130309507e-11,1.4065824093483005e-10,1.459117614209805e-10,-0.015925118371161204
UGC06787,12.548967136150235,8.058118586593419e-11,1.3847595510932494e-10,1.440675586833723e-10,-0.017191827552122143
UGC06787,12.761361502347418,7.902469921317284e-11,1.3732766186138346e-10,1.4217918393182087e-10,-0.015077991343003696
UGC06787,12.779061032863849,7.89098259343064e-11,1.3829717697963597e-10,1.4203950363016567e-10,-0.011595830879200679
UGC06787,12.9737558685446,7.756030910729501e-11,1.3622177596084198e-10,1.4039526887586116e-10,-0.013105934923568643
UGC06787,13.186150234741785,7.612373747120387e-11,1.35156248193598e-10,1.3863816815613026e-10,-0.01104668367870964
UGC06787,13.380845070422534,7.478488521962884e-11,1.343065788053671e-10,1.3699408591084984e-10,-0.008604532445173228
UGC06787,14.61981220657277,6.567289690066183e-11,1.301998421557729e-10,1.2562219325413684e-10,0.015544086189588127
UGC06787,15.89417840375587,5.718391029596473e-11,1.246583411675784e-10,1.146932975438807e-10,0.03618330411721976
UGC06787,16.08887323943662,5.6017149074455696e-11,1.241291431915619e-10,1.1316159481025678e-10,0.04017469822619793
UGC06787,16.46056338028169,5.3867149385135506e-11,1.222872231198577e-10,1.1031823528983691e-10,0.04473377720050027
UGC06787,18.265915492957745,4.4637846018751116e-11,1.0933468135768386e-10,9.776210928383129e-11,0.04858738039127316
UGC06787,20.14206572769953,3.7882334818162075e-11,9.450357611658032e-11,8.812876002691433e-11,0.030330583354064463
UGC06787,21.94741784037559,3.26839077917024e-11,8.052464659620739e-11,8.038340837908287e-11,0.0007624104845900278
UGC06787,23.735070422535212,2.874024746864828e-11,6.893484213356513e-11,7.426430697585594e-11,-0.03234134727395399
UGC06787,25.540422535211267,2.537567225090916e-11,6.074912032469426e-11,6.883909698762623e-11,-0.05429517120581289
UGC06787,27.32807511737089,2.2560163629515557e-11,5.525793664903462e-11,6.412364528392589e-11,-0.06462353886786705
UGC06787,29.3281220657277,1.9974480822696503e-11,5.1489592146113124e-11,5.962300619278626e-11,-0.06369441762881414
UGC06787,31.11577464788732,1.8066367248291216e-11,5.0312252865792124e-11,5.6177287589877175e-11,-0.047887001855660014
UGC06787,32.92112676056338,1.6374033512799014e-11,4.926668583500747e-11,5.301692262779743e-11,-0.03186116715362476
UGC06787,34.708779342723005,1.488059976048073e-11,4.922103251223875e-11,5.0133287557820054e-11,-0.007975465311197047
UGC06787,36.49643192488263,1.3688646757936926e-11,4.883191314463167e-11,4.775833213377958e-11,0.009654587975371845
UGC06787,38.30178403755869,1.275094866910894e-11,4.810075456603526e-11,4.5837903349059625e-11,0.020927144745683763
UGC06787,40.301830985915494,1.1917838551304332e-11,4.6469257863591164e-11,4.4088588178021e-11,0.022839544740819007
UGC06787,42.08948356807512,1.1284350427636007e-11,4.522500825091186e-11,4.272848696401447e-11,0.024661140249211226
UGC06787,43.87713615023474,1.0643690632024466e-11,4.408783431896502e-11,4.132415017983489e-11,0.028114834767399854
UGC06787,45.682488262910795,9.964264281077206e-12,4.268630973509403e-11,3.980014059328289e-11,0.030404005114814326
UGC06787,47.470140845070425,9.320635556503375e-12,4.140809661578475e-11,3.832013561707164e-11,0.03365823057363987
UGC06787,49.27549295774648,8.72557092596207e-12,3.9890989627706434e-11,3.691705977960071e-11,0.033647705748075143
UGC06787,52.05431924882629,7.8584637394952e-12,3.686421036206886e-11,3.4805193899104456e-11,0.02496087812360272
UGC06787,54.85084507042253,7.047876048621527e-12,3.442272414139591e-11,3.274783257641891e-11,0.021662675107098003
UGC06787,57.64737089201878,6.3556598258533676e-12,3.35565677852976e-11,3.0916259513697637e-11,0.035590590009283656
UGC06787,60.231502347417845,5.832347550690321e-12,3.289544236511472e-11,2.9478514808934565e-11,0.04763013194891971
UGC06787,65.82455399061033,4.808561147850952e-12,3.082128781648274e-11,2.650583451236272e-11,0.06550929888851706
UGC06818,2.877777777777778,5.639348153483434e-12,2.5687341821293646e-11,2.8935346931253586e-11,-0.05170952895859652
UGC06818,3.5931111111111114,4.802639392299371e-12,3.638306538251304e-11,2.6487929908103217e-11,0.13785126836015607
UGC06818,4.308444444444445,4.624824745122539e-12,3.8388576138994494e-11,2.594601626388295e-11,0.17013131812585836
UGC06818,5.023777777777778,4.125839449643949e-12,3.0118013068576354e-11,2.437749480741749e-11,0.09183724479954952
UGC06818,5.739111111111112,3.655957590327953e-12,3.1467609512436326e-11,2.2826652003178748e-11,0.1394215343220643
UGC06917,1.7786666666666666,3.182284620157519e-11,6.37056114074545e-11,7.906703345731417e-11,-0.0938177565031804
UGC06917,2.6679999999999997,2.3411577999148924e-11,6.143318090558161e-11,6.556840885608129e-11,-0.02829164186995979
UGC06917,3.5777777777777775,1.9426282332693545e-11,6.452513124010407e-11,5.864476230052031e-11,0.04149966620675174
UGC06917,4.467111111111111,1.7858641066657472e-11,6.327400256381038e-11,5.5794965833616794e-11,0.05463029179523314
UGC06917,5.356444444444445,1.5821903046371193e-11,5.738012201497577e-11,5.1961913801299876e-11,0.043076329279809866
UGC06917,6.245777777777778,1.4161052923121307e-11,5.1765726417558105e-11,4.870800614527771e-11,0.026441960595145145
UGC06917,7.135111111111111,1.3196705220956886e-11,4.622435373042218e-11,4.675690816965296e-11,-0.004974937502115881
UGC06917,8.024444444444443,1.1973905997497499e-11,4.274529470643655e-11,4.420767815413537e-11,-0.01460939012214487
UGC06917,8.913777777777778,1.0849264419658715e-11,3.998946889030232e-11,4.177808692161678e-11,-0.019002912930842955
UGC06917,9.813333333333333,1.0335153352148507e-11,3.986554083100508e-11,4.063670648165701e-11,-0.008320841788640156
UGC06917,10.702666666666666,1.0260892533073274e-11,3.72205510775108e-11,4.0470114361088136e-11,-0.036351632739369345
UGC06923,2.6308333333333334,2.036536484985749e-11,6.596857285039532e-11,6.031510487339253e-11,0.03891100145831244
UGC06923,3.41,1.6845661418657736e-11,5.87032912108964e-11,5.390843818737046e-11,0.037005700917209595
UGC06923,4.097499999999999,1.459146519942587e-11,4.9981825823373674e-11,4.956354918981982e-11,0.003649718591796382
UGC06923,4.7299999999999995,1.3065596427287951e-11,4.528613658107352e-11,4.648777685538174e-11,-0.01137350575257589
UGC06930,3.363888888888889,2.1219504023974143e-11,8.501447913528426e-11,6.181243240593811e-11,0.13841706431304449
UGC06930,5.036222222222222,1.7277594630106006e-11,6.850457732849137e-11,5.471744711966841e-11,0.09759376420962425
UGC06930,6.708555555555556,1.552401532405726e-11,5.694086810888686e-11,5.1387423650206246e-11,0.04456723949868769
UGC06930,8.38088888888889,1.3818832898877079e-11,4.963673031393796e-11,4.8021189068655436e-11,0.014370256223907585
UGC06930,10.062833333333334,1.2475495106551218e-11,4.461347733152705e-11,4.526422853047338e-11,-0.006289047786458485
UGC06930,11.715944444444444,1.1163084356334459e-11,3.976440528761742e-11,4.2464971002930664e-11,-0.0285363402908427
UGC06930,13.39788888888889,9.429592305016284e-12,3.413736050675319e-11,3.8573319956651095e-11,-0.0530570811266289
UGC06930,15.070222222222222,7.2484066699542115e-12,3.034915851174359e-11,3.3265029208517425e-11,-0.03984125518051268
UGC06930,15.964055555555555,6.404141024796055e-12,2.8649897980983717e-11,3.104702566248964e-11,-0.03489692080701442
UGC06983,2.5084999999999997,3.815236167066536e-11,9.868660635852519e-11,8.852247719338074e-11,0.04720465605710773
UGC06983,3.363888888888889,2.6616721232522514e-11,8.171975817446143e-11,7.086468561814429e-11,0.06189720802150957
UGC06983,4.200055555555556,2.0444309882265434e-11,6.745554283364108e-11,6.045435110329424e-11,0.047590077568464145
UGC06983,5.036222222222222,1.7526088581107157e-11,6.205368050926032e-11,5.5179748592972823e-11,0.050987827904223335
UGC06983,5.8723888888888895,1.489652190966697e-11,5.4856104418023586e-11,5.0164548706540314e-11,0.03882805356039775
UGC06983,6.708555555555556,1.385781503546265e-11,5.0259802498701916e-11,4.809972598160261e-11,0.019078175395990122
UGC06983,7.544722222222222,1.3467798444579762e-11,4.917832756726731e-11,4.731037667799656e-11,0.016817349528844346
UGC06983,8.38088888888889,1.1826759262318376e-11,4.5103150910631543e-11,4.389469563576529e-11,0.011794840804471985
UGC06983,9.226666666666667,1.0613440517956337e-11,4.2500104120964764e-11,4.125708069867419e-11,0.01289149945928182
UGC06983,10.062833333333334,1.024224625596998e-11,4.112312047327469e-11,4.0428214012174405e-11,0.0074015060094378415
UGC06983,10.908611111111112,9.582027752223549e-12,3.5947224630948164e-11,3.892569307734407e-11,-0.034570988442580476
UGC06983,11.715944444444444,8.781827168713805e-12,3.226410795247803e-11,3.7051227771399114e-11,-0.06008294171917047
UGC06983,12.609777777777778,8.046437399302831e-12,3.053479562958168e-11,3.5270320776389844e-11,-0.06261439191140568
UGC06983,13.39788888888889,7.267127402922241e-12,2.821373572028028e-11,3.331302527093848e-11,-0.07215348030044792
UGC06983,14.28211111111111,6.481169353881096e-12,2.6466990305565757e-11,3.125398649164224e-11,-0.07220086180724401
UGC07089,1.9285,9.826055222374202e-12,3.177329689636423e-11,3.948543503564617e-11,-0.09437464635342832
UGC07089,2.5861111111111112,9.00589679079184e-12,3.297578985625596e-11,3.758240724851199e-11,-0.05678938748896473
UGC07089,3.2289444444444446,8.231987154933428e-12,3.590794526549644e-11,3.572535998022459e-11,0.0022139409405365802
UGC07089,3.871777777777778,7.774197799045885e-12,3.495517425851683e-11,3.459529053943948e-11,0.00449448925235712
UGC07089,4.514611111111112,7.122343515010274e-12,3.322168588024168e-11,3.294055852784365e-11,0.0036907089150199296
UGC07089,5.157444444444445,6.530963024131536e-12,3.1172996920908847e-11,3.138725470579319e-11,-0.0029747750392359745
UGC07089,5.800277777777778,5.999992812973583e-12,3.0464120756265654e-11,2.994450620534847e-11,0.007471492379147887
UGC07089,6.443111111111112,5.4484628975358145e-12,3.0403969403224366e-11,2.8390722800148245e-11,0.02975383743096623
UGC07089,6.768222222222223,5.102635294979405e-12,3.007328171112956e-11,2.7383963939522296e-11,0.04068450832472754
UGC07125,1.0836363636363635,1.7281079630564502e-11,5.529732445854226e-11,5.472394624614989e-11,0.004526710999416789
UGC07125,1.6292171717171717,1.2614608183802021e-11,4.6790240351866784e-11,4.555451777227769e-11,0.011623822404442045
UGC07125,2.167272727272727,9.814047691206962e-12,4.121504882067526e-11,3.94580155307593e-11,0.018920579204058513
UGC07125,2.709090909090909,7.272085705885052e-12,3.8052693825774914e-11,3.332572923707213e-11,0.05760574529695072
UGC07125,3.250909090909091,6.50562628629622e-12,3.4115966942175266e-11,3.1319493681282677e-11,0.03714295238373882
UGC07125,3.7927272727272725,5.999049135789697e-12,3.2318365979034446e-11,2.994189781722675e-11,0.03317007075930145
UGC07125,4.315732323232323,5.621021293264633e-12,3.1337281100966996e-11,2.8883383340612164e-11,0.03541324907014395
UGC07125,4.891414141414141,6.013777516110323e-12,2.8511759672334636e-11,2.998258940502123e-11,-0.02184511570360354
UGC07125,5.4257070707070705,5.428155613684145e-12,2.554758963046951e-11,2.833233359029337e-11,-0.044932415128883366
UGC07125,5.96,4.556488804232086e-12,2.3328516274965432e-11,2.5735486382427167e-11,-0.04264526256271509
UGC07125,6.4942929292929295,4.165075131055866e-12,2.1148563860024375e-11,2.45035729922788e-11,-0.06394853471329551
UGC07125,7.028585858585858,3.15162021181624e-12,1.9421028113661726e-11,2.1065575699548027e-11,-0.035301115491492695
UGC07151,0.46215429403202324,1.9899159383438574e-11,4.1067020421077996e-11,5.948912979013514e-11,-0.16094442192048475
UGC07151,0.9243085880640465,2.3869193412100522e-11,6.184876718016322e-11,6.633797988588378e-11,-0.030431194973799335
UGC07151,1.3864628820960698,2.2004985357926628e-11,8.247343770514008e-11,6.317210808520934e-11,0.11578872768935917
UGC07151,1.848617176128093,2.0855698076173115e-11,7.158205913767411e-11,6.11771342160437e-11,0.06821505818001423
UGC07151,2.301528384279476,1.8746324242288963e-11,6.133678246700884e-11,5.741852635913832e-11,0.028668948355311055
UGC07151,2.7729257641921397,1.6553670515152268e-11,5.277761466040594e-11,5.335751598972889e-11,-0.004745845263965556
UGC07151,3.2258369723435223,1.3877586143104048e-11,4.7415519555799954e-11,4.8139528657540817e-11,-0.006581320002011768
UGC07151,3.697234352256186,1.3608511871711728e-11,4.456065181776133e-11,4.759609095934402e-11,-0.02861975089804706
UGC07151,4.1501455604075685,1.2573334413626633e-11,4.104517755389059e-11,4.546851229119502e-11,-0.044448605837817
UGC07151,4.630786026200873,1.1847950449881646e-11,3.832288360677441e-11,4.393985653158141e-11,-0.05940045442786586
UGC07151,5.083697234352256,1.146188684289996e-11,3.701516756396485e-11,4.311241365491675e-11,-0.06622261784555798
UGC07232,0.62,2.1298762993931044e-11,6.462997718733447e-11,6.195036503135095e-11,0.018390132906766173
UGC07232,0.82,1.7180015217032607e-11,7.635401268320765e-11,5.453529084455176e-11,0.14615423212624795
UGC07261,1.8564885496183208,2.525112226957885e-11,7.369462770673295e-11,6.863412252995682e-11,0.030895743503472305
UGC07261,2.794503816793893,1.6927088311615638e-11,5.504212890481428e-11,5.406148764618356e-11,0.007807230779278618
UGC07261,3.7227480916030538,1.3000543480280231e-11,4.485406776061126e-11,4.635388145070216e-11,-0.014284270928489221
UGC07261,4.650992366412214,9.690157910392733e-12,3.992946565137185e-11,3.9174371141575175e-11,0.008291464815066213
UGC07261,5.589007633587786,8.044198307207952e-12,3.4415454242764316e-11,3.526480514017586e-11,-0.010587982347631942
UGC07261,6.517251908396947,7.62837535191217e-12,3.063033952981433e-11,3.42299582909467e-11,-0.0482545590710317
UGC07323,1.5028125,1.4084266123347404e-11,4.015713381058423e-11,4.8554415406296756e-11,-0.08246602184144136
UGC07323,2.0008875,1.3321962514662155e-11,4.333033309468214e-11,4.7013135472983956e-11,-0.03542718918234409
UGC07323,2.4989625,1.3582496465850572e-11,4.389063414848653e-11,4.7543347080093525e-11,-0.03471789731866037
UGC07323,3.005625,1.359084430044685e-11,4.9644975706650425e-11,4.756027547498812e-11,0.018630941072196875
UGC07323,3.4951125000000003,1.4023688066669428e-11,5.358725376532527e-11,4.8433036585488204e-11,0.04391980225354531
UGC07323,3.9931875000000003,1.4929724648320382e-11,5.214282093133735e-11,5.022970050080009e-11,0.016233934192152365
UGC07323,4.4912625,1.4270204520461277e-11,5.0288907756303193e-11,4.892582801844011e-11,0.011934018746340537
UGC07323,4.997925,1.3051947525051201e-11,4.829895819142433e-11,4.645970381988016e-11,0.016861326269821467
UGC07399,1.0998813760379595,3.234903060621968e-11,6.137175072506981e-11,7.987268321410196e-11,-0.11442976182043546
UGC07399,2.199762752075919,2.5699031779976668e-11,6.797693103566416e-11,6.936979140181623e-11,-0.00880883502397132
UGC07399,3.3176749703440094,1.8009172110083533e-11,6.371022794212209e-11,5.607216840325603e-11,0.05546180759402989
UGC07399,4.41755634638197,1.4609967315657155e-11,5.422073364960246e-11,4.9600125571833864e-11,0.038682613645703606
UGC07399,5.535468564650059,1.2437324469704857e-11,4.5832797042784674e-11,4.518437328668642e-11,0.006188098851433626
UGC07399,6.635349940688019,1.0298982373388331e-11,4.112342528793248e-11,4.055561861775008e-11,0.006038250799285781
UGC07399,7.753262158956109,8.554380035038105e-12,3.65388743918104e-11,3.650673414776516e-11,0.00038218126498591417
UGC07399,8.85314353499407,7.729141937270391e-12,3.4079606677092295e-11,3.448269680838077e-11,-0.005106649801343959
UGC07399,9.953024911032028,7.2615348956688444e-12,3.2159659183605195e-11,3.329869230952171e-11,-0.015115740828420153
UGC07399,11.052906287069987,6.4584183309778324e-12,3.0670956633978834e-11,3.119296060832483e-11,-0.007329274842751767
UGC07524,1.6329113924050631,7.97825777730549e-12,3.737253447214086e-11,3.510210506065297e-11,0.027219389421723257
UGC07524,1.9651898734177213,8.018246487694785e-12,3.8337662844922933e-11,3.520083384662371e-11,0.03707268244278429
UGC07524,2.287974683544304,7.870840264833755e-12,3.796937422460917e-11,3.4835949892169434e-11,0.03740578237395617
UGC07524,2.620253164556962,8.346278511802993e-12,3.6931948540609094e-11,3.600368455963708e-11,0.011055273715670857
UGC07524,2.9430379746835444,8.384407688571741e-12,3.969529943171581e-11,3.609621164394653e-11,0.041277457900326144
UGC07524,3.2753164556962027,8.43139794618921e-12,4.2814171783029585e-11,3.621002012313567e-11,0.07275878107822008
UGC07524,3.5981012658227844,8.418425148431721e-12,4.4750194855331575e-11,3.617862487725837e-11,0.09234287507438742
UGC07524,3.9303797468354427,8.592031987437234e-12,4.5208124107310265e-11,3.659724871992643e-11,0.09176804897359872
UGC07524,4.253164556962026,8.55155203079881e-12,4.427469143432583e-11,3.649992953815249e-11,0.08386351705699424
UGC07524,4.575949367088608,8.301071358256159e-12,4.1773666543773896e-11,3.5893771194039896e-11,0.06588350562145308
UGC07524,4.908227848101266,8.13005013034213e-12,4.1910785081265346e-11,3.5475865716097055e-11,0.0723927938724586
UGC07524,5.231012658227848,7.736857973966745e-12,4.0236484019267034e-11,3.450199703925287e-11,0.06677579022698495
UGC07524,5.563291139240507,7.25892627031848e-12,3.859155272868812e-11,3.32920052245574e-11,0.06415229861869097
UGC07524,5.886075949367089,7.06757502380118e-12,3.7929952905617636e-11,3.279889190312343e-11,0.06312313197508966
UGC07524,6.218354430379747,7.021670991590409e-12,3.750981957643244e-11,3.2679822835076915e-11,0.059865281728499774
UGC07524,6.541139240506329,7.035659326710965e-12,3.6728289524613486e-11,3.2716138989133256e-11,0.05023865871034534
UGC07524,6.882911392405063,7.06453166399016e-12,3.537148515503698e-11,3.279100722481225e-11,0.032898538194774445
UGC07524,7.196202531645569,7.153540577706648e-12,3.528068013983988e-11,3.3021063576116206e-11,0.028745891503862336
UGC07524,7.537974683544304,7.263250037203193e-12,3.359373919943971e-11,3.330308848075741e-11,0.003773835081203466
UGC07524,7.851265822784809,7.397396375470456e-12,3.2253239328119873e-11,3.364568187060081e-11,-0.018355995054522897
UGC07524,8.193037974683545,7.529097032223453e-12,3.187866374253961e-11,3.397968231239222e-11,-0.027719205394730127
UGC07524,8.515822784810126,7.557268981592982e-12,3.1778331477169914e-11,3.4050832066527704e-11,-0.029996637986265857
UGC07524,8.829113924050633,7.56618787429868e-12,3.119216649942692e-11,3.407333571372237e-11,-0.038369111850312575
UGC07524,9.170886075949367,7.515785440750149e-12,3.070664233579066e-11,3.3946027187246527e-11,-0.043556624257507816
UGC07524,9.484177215189874,7.460350908218162e-12,3.0502229231938186e-11,3.380562441366259e-11,-0.044657381486278486
UGC07524,9.825949367088606,7.419194507413982e-12,3.052425590348079e-11,3.370112206904064e-11,-0.04299927496673012
UGC07524,10.14873417721519,7.137739976580999e-12,2.626478655308591e-11,3.2980306813755647e-11,-0.09888081578394899
UGC07603,0.9476595744680851,1.4518162207150271e-11,3.601612649317731e-11,4.9418477634356535e-11,-0.13739235961578822
UGC07603,1.4214893617021276,1.1887612634562025e-11,3.990865283325413e-11,4.40243022864808e-11,-0.04262541395809089
UGC07603,1.9092553191489363,1.0061579711092046e-11,4.3333090137494815e-11,4.002075098748961e-11,0.034534426335818574
UGC07603,2.3830851063829788,1.0753798772921645e-11,4.405475543591489e-11,4.156768429183383e-11,0.025236963735306418
UGC07603,2.856914893617021,9.773535067200561e-12,4.1399593988268923e-11,3.936541093949013e-11,0.021881292508226777
UGC07603,3.330744680851064,7.719852399374277e-12,3.5510111998305975e-11,3.445945085033789e-11,0.01304368985966104
UGC07603,3.8185106382978726,5.760585296315483e-12,3.046429496144709e-11,2.9277405829410274e-11,0.017258538905992875
UGC07603,4.292340425531915,4.705679668814382e-12,2.8473359321170376e-11,2.6193472017226992e-11,0.03624563957825151
UGC07603,4.7661702127659575,4.247202103809996e-12,2.564267447637566e-11,2.4765892526553602e-11,0.015109335260684155
UGC07603,5.239999999999999,3.8962789083468096e-12,2.4475549317629644e-11,2.3629598930982743e-11,0.015276097339884036
UGC07603,5.727765957446809,3.4997893406920193e-12,2.3107731881868018e-11,2.229296232134493e-11,0.015589537797320462
UGC07690,0.5019728729963009,6.999886401590108e-11,1.4153788161200004e-10,1.3106265513862265e-10,0.03339372937814245
UGC07690,1.0039457459926018,4.311488823906757e-11,1.233243001427268e-10,9.56273155253222e-11,0.11046669522804224
UGC07690,1.5059186189889027,2.7020777309910364e-11,8.470955780376722e-11,7.151779584044455e-11,0.07351829351360091
UGC07690,2.0078914919852036,1.9604572491099622e-11,5.961711394244323e-11,5.896390930119117e-11,0.004784678574555008
UGC07690,2.5098643649815044,1.441912415038807e-11,4.624485375347914e-11,4.9222064432129164e-11,-0.027096414223043618
UGC07690,3.0118372379778053,1.0964729058865363e-11,3.7217703324076705e-11,4.203165509697999e-11,-0.05282692208414615
UGC07690,3.5138101109741062,8.505118901264266e-12,3.078944517470995e-11,3.638808099826606e-11,-0.07255728976583666
UGC08286,0.9426923076923077,2.12079102335332e-11,6.475285932234661e-11,6.179224190004241e-11,0.020324998272659694
UGC08286,1.4090769230769231,2.1572480242669866e-11,8.335040893631044e-11,6.242542801361182e-11,0.12554620618840862
UGC08286,1.8853846153846154,2.277235874013231e-11,8.326605231979297e-11,6.448533266032866e-11,0.11100703048139086
UGC08286,2.351769230769231,2.3081184534018483e-11,7.243204782711715e-11,6.500979874784438e-11,0.04695194233002834
UGC08286,2.8181538461538462,2.0015930469535354e-11,6.348372245185102e-11,5.969660758088672e-11,0.026712732372450605
UGC08286,3.2746153846153847,1.8402852794356077e-11,5.686271189002596e-11,5.6793459274787834e-11,0.0005292459189700626
UGC08286,3.750923076923077,1.6554467703990016e-11,5.149272764144772e-11,5.3359024626456005e-11,-0.015461984697725839
UGC08286,4.217307692307692,1.5290519634995387e-11,4.832374026455339e-11,5.093443312609878e-11,-0.022850935677921333
UGC08286,4.693615384615385,1.3848973864976612e-11,4.563762623554384e-11,4.8081920648812614e-11,-0.022658760147449237
UGC08286,5.16,1.15295356601527e-11,4.181961888667184e-11,4.325813157864691e-11,-0.014687686640553472
UGC08286,5.626384615384615,9.938727073488248e-12,3.882454297673434e-11,3.9742115430734674e-11,-0.010144628293183263
UGC08286,6.102692307692308,8.32360511719553e-12,3.649530874839788e-11,3.5948586757302534e-11,0.006555220425596409
UGC08286,6.569076923076923,7.377433829047079e-12,3.415008271520688e-11,3.359485434166775e-11,0.007118997482455085
UGC08286,7.045384615384616,7.290056237087286e-12,3.20713837985337e-11,3.337174430377687e-11,-0.01726120830166952
UGC08286,7.511769230769231,6.457611917021575e-12,3.0296694978521286e-11,3.119079597431687e-11,-0.012631203341788876
UGC08286,7.9781538461538455,5.974849354661666e-12,2.8867036230125085e-11,2.987495186312605e-11,-0.014905016900821645
UGC08490,0.35169892473118275,6.375011611633521e-11,1.3593998373112095e-10,1.2317768666279853e-10,0.04281517004317729
UGC08490,0.7033978494623655,6.641615635254787e-11,1.1332591088484128e-10,1.2656265183336463e-10,-0.047976347411643874
UGC08490,1.0550967741935482,5.748249796350732e-11,1.0908260234902125e-10,1.1508404091386041e-10,-0.023259612528352302
UGC08490,1.406795698924731,4.739024286825318e-11,1.0500077883036507e-10,1.0157177636641845e-10,0.014419472608880213
UGC08490,1.7481505376344082,3.85807449096585e-11,9.628058790351683e-11,8.914548812946209e-11,0.03343936611262466
UGC08490,2.0998494623655906,3.159610140677032e-11,8.57544358012862e-11,7.871864884600755e-11,0.03717896284600785
UGC08490,2.451548387096774,2.6489803181199503e-11,7.601019955534197e-11,7.065890515526029e-11,0.03170496887003078
UGC08490,2.7929032258064512,2.2640094918655965e-11,6.847347328678686e-11,6.42600164620179e-11,0.027581525350139333
UGC08490,3.1549462365591388,1.9137787581105337e-11,6.203005319593162e-11,5.812627059768193e-11,0.02822969424787227
UGC08490,3.4963010752688164,1.670712584421169e-11,5.5546856355201507e-11,5.3647464033990196e-11,0.015110288027963792
UGC08490,3.8479999999999994,1.5140209210453327e-11,5.1247439872004405e-11,5.064154910776411e-11,0.005165192429280133
UGC08490,4.199698924731181,1.3744059269473326e-11,4.7433700715912795e-11,4.7870322839735305e-11,-0.0039793473276260516
UGC08490,4.541053763440859,1.1944065552598695e-11,4.3868069454807724e-11,4.414432091807236e-11,-0.0027263179559418775
UGC08490,4.903096774193548,1.036104874162928e-11,4.062886601405188e-11,4.0694693742244316e-11,-0.0007030834715005583
UGC08490,5.25479569892473,8.924296287281759e-12,3.7527652819656765e-11,3.7389553218683593e-11,0.0016011265171199812
UGC08490,5.596150537634408,7.571894809422734e-12,3.4970732393270135e-11,3.408772972388043e-11,0.01110665009395594
UGC08490,5.94784946236559,6.8962832237467745e-12,3.425783134399085e-11,3.2353016681443764e-11,0.024845085276963032
UGC08490,6.299548387096773,6.406359812973252e-12,3.234524305877625e-11,3.105300088697939e-11,0.01770684329058592
UGC08490,6.64090322580645,5.828110679858479e-12,3.068263710715692e-11,2.9466668916479676e-11,0.017561640112401564
UGC08490,7.002946236559138,5.351726049445586e-12,2.9096385558042452e-11,2.8111781211191952e-11,0.01495067881786584
UGC08490,7.354645161290321,4.912401388390308e-12,2.749785777940631e-11,2.6818348053565105e-11,0.010866838604118837
UGC08490,7.695999999999999,4.789578917438147e-12,2.6278194732739095e-11,2.644840921687439e-11,-0.0028040291793121805
UGC08490,8.047698924731181,4.5127927584708454e-12,2.4941199704944095e-11,2.5600186427084574e-11,-0.01132578817819914
UGC08490,8.399397849462362,4.012564954422012e-12,2.3896863756707524e-11,2.4010679334191027e-11,-0.002063540188542462
UGC08490,8.751096774193547,3.80788291254048e-12,2.2534335262867184e-11,2.3336732368770456e-11,-0.015195294239076581
UGC08490,9.10279569892473,3.6378622166150766e-12,2.1171660570775624e-11,2.2765310490504286e-11,-0.03151865526084797
UGC08490,9.444150537634407,3.3510450335203213e-12,2.004132831223651e-11,2.1775231295638197e-11,-0.036036274160630974
UGC08490,9.79584946236559,3.0854669987119498e-12,1.952253198250523e-11,2.0825983826226277e-11,-0.028069383797367082
UGC08490,10.10617204301075,2.9463384496384224e-12,1.8438502860405373e-11,2.0314833683022083e-11,-0.04208761610865596
UGC08490,10.499247311827956,2.8273324813752507e-12,1.8214618509785668e-11,1.9869369513324913e-11,-0.037764006742070776
UGC08550,0.46220895522388056,1.4984568715942947e-11,4.382189122496862e-11,5.033720679928861e-11,-0.06019799646226458
UGC08550,0.9149850746268656,1.8186738856886954e-11,6.397544346770933e-11,5.639815276358452e-11,0.054748425474999106
UGC08550,1.3866268656716416,1.5933330927288224e-11,5.384833993724144e-11,5.217584172282512e-11,0.013702855182373816
UGC08550,1.8394029850746267,1.2214322538699328e-11,4.2648403002794615e-11,4.4716054913553324e-11,-0.020560707447882607
UGC08550,2.3016119402985074,8.22085966764838e-12,3.5766663249093753e-11,3.5698183071601906e-11,0.0008323133355318427
UGC08550,2.7543880597014923,5.639723273622766e-12,3.1327355179713255e-11,2.8936409828869386e-11,0.03447908425496226
UGC08550,3.216597014925373,4.57674270963234e-12,2.851517654713057e-11,2.5798019256923456e-11,0.04348970219543718
UGC08550,3.669373134328358,4.01553726498111e-12,2.681394878732311e-11,2.4020359127219466e-11,0.04778127934309079
UGC08550,4.141014925373134,4.138059063135557e-12,2.614558333274235e-11,2.4416813911733684e-11,0.029709342477399224
UGC08550,4.603223880597015,4.320549172499076e-12,2.311514388446338e-11,2.4998398151687147e-11,-0.034015579696811175
UGC08550,5.056,4.021686330802085e-12,2.1192299299298718e-11,2.4040375058196704e-11,-0.054763160006751875
UGC08699,0.894351145038168,1.7063999912463662e-09,1.2780148755689306e-09,1.746625420199172e-09,-0.1356638676823649
UGC08699,1.110229007633588,1.289423501512968e-09,1.1076050576412064e-09,1.3399449126051114e-09,-0.08270201396254287
UGC08699,1.346666666666667,9.892204900049907e-10,9.509864305556582e-10,1.048607031030064e-09,-0.042438445265297914
UGC08699,1.5625445292620868,7.938026183651272e-10,8.444979776765831e-10,8.594518808365063e-10,-0.007622952436409598
UGC08699,1.7784223918575064,6.533968555221765e-10,7.419866624672869e-10,7.235532829490189e-10,0.010925580347534318
UGC08699,2.014860050890585,5.456889942985057e-10,6.54916799014493e-10,6.190773196991975e-10,0.024441236846307147
UGC08699,2.230737913486005,4.744181098762385e-10,5.798821232708305e-10,5.496822092955811e-10,0.023228039369230694
UGC08699,2.4568956743002546,4.147369161811333e-10,5.056542999501227e-10,4.91288209778246e-10,0.012517362910564555
UGC08699,2.6727735368956744,3.675974516772499e-10,4.5069291716424914e-10,4.4488976582843967e-10,0.005628317573844195
UGC08699,2.9092111959287537,3.2154870028606216e-10,3.970787406009312e-10,3.992283753672942e-10,-0.0023447656467753424
UGC08699,3.1250890585241735,2.8489582815555076e-10,3.503495188243602e-10,3.625574410963137e-10,-0.014875297612681943
UGC08699,6.034300254452927,9.706889602364325e-11,1.5488137818008342e-10,1.6364061181248483e-10,-0.02389189008928928
UGC08699,6.250178117048347,9.321104469214683e-11,1.530709499778455e-10,1.591250808022153e-10,-0.01684585969735852
UGC08699,6.476335877862596,8.95867512055631e-11,1.5118106835793823e-10,1.5484920608927888e-10,-0.01041157300964785
UGC08699,6.702493638676845,8.632865457565708e-11,1.4945732427702772e-10,1.509755606769963e-10,-0.0043894482709852635
UGC08699,6.928651399491095,8.329642110224111e-11,1.4788344907402522e-10,1.4734343464206096e-10,0.0015887817976215786
UGC08699,7.144529262086515,8.060653315346297e-11,1.4665594360764585e-10,1.440982462151028e-10,0.007640973416115067
UGC08699,7.3604071246819345,7.824663866995958e-11,1.4553559193140324e-10,1.4123224592461337e-10,0.013035351143601052
UGC08699,7.596844783715013,7.6010730085649e-11,1.4255984155916968e-10,1.3849964270060306e-10,0.012548551003500743
UGC08699,7.812722646310433,7.442335871078446e-11,1.401398075297441e-10,1.365490379921311e-10,0.011272871872345009
UGC08699,8.038880407124683,7.29470787633803e-11,1.3768168318928661e-10,1.3472672593299069e-10,0.009422410813267036
UGC08699,8.254758269720101,7.169605972811447e-11,1.3553448381877496e-10,1.3317606997176108e-10,0.007623611402250608
UGC08699,8.49119592875318,7.042271313318193e-11,1.331811095399127e-10,1.3159151739863462e-10,0.0052147338475741056
UGC08699,8.707073791348602,6.928319869494799e-11,1.2987909855958425e-10,1.3016803049943688e-10,-0.0009650681337099305
UGC08699,8.92295165394402,6.801048320416694e-11,1.2809596103052647e-10,1.2857185433912353e-10,-0.0016104712968233092
UGC08699,9.1593893129771,6.639650339656696e-11,1.247893312845084e-10,1.2653781603989204e-10,-0.006042877105366665
UGC08699,9.79674300254453,6.060989335417464e-11,1.1543294488978791e-10,1.191476495251118e-10,-0.013755703873020317
UGC08699,10.053740458015268,5.81266162850375e-11,1.1248220498974219e-10,1.1592527626575217e-10,-0.01309431831400346
UGC08699,10.269618320610688,5.5991629093387194e-11,1.0894313364011639e-10,1.1312800538834891e-10,-0.016370266785424272
UGC08699,10.495776081424937,5.37085626674585e-11,1.0659568120125004e-10,1.1010739652406306e-10,-0.014076884617374944
UGC08699,11.780763358778628,4.262541750623469e-11,9.092799635504776e-11,9.493690883561393e-11,-0.01873746560750683
UGC08699,13.764783715012724,3.1441560570997735e-11,7.360467826119401e-11,7.848077828459824e-11,-0.027857882575978533
UGC08699,15.635725190839697,2.471752039948046e-11,6.334120866965341e-11,6.775233846431945e-11,-0.02923794315790641
UGC08699,17.60946564885496,1.964292854998631e-11,5.753453834894267e-11,5.903244201872782e-11,-0.01116211651619202
UGC08699,19.59348600508906,1.6006863221523834e-11,5.347632781076279e-11,5.2316731194315686e-11,0.009520975879849557
UGC08699,21.577506361323156,1.3325505563065438e-11,4.910030321799931e-11,4.702037060433827e-11,0.01879812629156139
UGC08699,23.561526717557257,1.1208461501103242e-11,4.546399817752388e-11,4.256369991035602e-11,0.02862825303198254
UGC08699,26.41933842239186,8.794181084570121e-12,4.099288829269509e-11,3.708064727121449e-11,0.043561212599457014
UGC08837,1.3914424410540915,1.8759236467614296e-12,1.3731720467490452e-11,1.5961196548662714e-11,-0.06534049155748903
UGC08837,1.8523023578363382,4.2213628123149e-12,1.8469382290559915e-11,2.468358839194774e-11,-0.12595592509823716
UGC08837,2.330887656033287,5.100498882785904e-12,2.3162193170564846e-11,2.7377659971014683e-11,-0.07261664600830615
UGC08837,2.7917475728155337,4.609069021886317e-12,2.8695406037283282e-11,2.5897589917374083e-11,0.04455302472231788
UGC08837,3.261470180305132,4.830745942457579e-12,2.8847622862110692e-11,2.657283087090887e-11,0.03567220832430515
UGC08837,3.7223300970873785,5.0921417432904205e-12,2.6817556318239858e-11,2.7352990015728137e-11,-0.008585605616983561
UGC09037,2.3311722488038282,5.1301406520732734e-11,5.535326005637308e-11,1.0688750255283357e-10,-0.28578372586822615
UGC09037,3.501555023923445,4.076213212123176e-11,7.409911379539794e-11,9.228865566972469e-11,-0.09533530587650842
UGC09037,4.6623444976076565,3.2160147211338626e-11,8.190303480958315e-11,7.958392876939891e-11,0.01247461939108118
UGC09037,5.832727272727273,2.791240027142767e-11,8.234317735336958e-11,7.294845859337733e-11,0.052611501335508376
UGC09037,6.993516746411483,2.689178391730726e-11,7.333048378211494e-11,7.130962301476271e-11,0.01213640965559974
UGC09037,8.163899521531102,2.3931119492798348e-11,6.693589695102373e-11,6.644175844813248e-11,0.0032179694014348864
UGC09037,9.334282296650718,2.1019292188373576e-11,6.320612269012523e-11,6.146325628892042e-11,0.012143584620467496
UGC09037,10.514258373205744,1.833343859830964e-11,6.041104201304506e-11,5.666666105308646e-11,0.027788703181227198
UGC09037,11.694234449760765,1.7819787869021815e-11,5.83226269989646e-11,5.5723289570219264e-11,0.01980033081367714
UGC09037,12.864617224880384,1.722700665053157e-11,5.52644232344421e-11,5.462305596379011e-11,0.005069648180590252
UGC09037,13.958253588516747,1.6083695876556146e-11,5.233944891671011e-11,5.2463705377948165e-11,-0.0010298148200825795
UGC09037,15.138229665071771,1.540258361921218e-11,5.225202800751689e-11,5.1152139901033675e-11,0.00923934423858648
UGC09037,16.30861244019139,1.4099265977150239e-11,5.1054492169334433e-11,4.8584441696651835e-11,0.02153674425161727
UGC09037,17.488588516746415,1.245991909980401e-11,4.821434688454951e-11,4.523165327547219e-11,0.02773382608757775
UGC09037,18.668564593301436,1.1127742974756673e-11,4.573680651442156e-11,4.2387975046195274e-11,0.03302316754835168
UGC09037,19.84854066985646,1.0943659173106528e-11,4.194907524788233e-11,4.1985457974677866e-11,-0.00037650339775206125
UGC09037,21.028516746411487,9.947431427621731e-12,3.810584132439109e-11,3.9761899561024753e-11,-0.018475569252338203
UGC09037,22.198899521531104,8.88576609964654e-12,3.656407156185579e-11,3.729825847897035e-11,-0.008634004055583415
UGC09037,23.292535885167467,8.469730864253946e-12,3.395951408396278e-11,3.6302681048013256e-11,-0.028977232571911336
UGC09037,24.472511961722493,7.541703134540342e-12,3.066484456515135e-11,3.401153246120962e-11,-0.044985432761212606
UGC09133,0.40050788091068296,5.043556122468714e-09,8.012732093684095e-09,5.051280416280212e-09,0.20037914375187543
UGC09133,0.603940455341506,4.148115837997074e-09,5.276087503211418e-09,4.159748133752003e-09,0.10324495407973301
UGC09133,0.8010157618213659,3.3657884962192876e-09,3.949739676983257e-09,3.382740444487581e-09,0.06729979676769238
UGC09133,1.004448336252189,2.7898579773334024e-09,3.1497924006322175e-09,2.812507278115077e-09,0.04918827588509575
UGC09133,1.2015236427320488,2.364051294402979e-09,2.6143850867011367e-09,2.3923127675705785e-09,0.038551599431552334
UGC09133,1.4049562171628718,2.038148173138437e-09,2.2358315899842306e-09,2.0717614337261875e-09,0.03309934366577198
UGC09133,1.6020315236427318,1.7942692475168803e-09,1.9607888150258527e-09,1.832616656703098e-09,0.029359191333372846
UGC09133,1.8054640980735548,1.5964734779259616e-09,1.7398548640370243e-09,1.6391862411753165e-09,0.025884721555024963
UGC09133,2.002539404553415,1.4535454430922108e-09,1.568631052020682e-09,1.499731847935291e-09,0.019507193746132728
UGC09133,2.205971978984238,1.3485245794631386e-09,1.4239734333905327e-09,1.3974418231339648e-09,0.008168150053499652
UGC09133,2.4094045534150608,1.2614089643972971e-09,1.303743486507955e-09,1.3127076759280286e-09,-0.0029758730362426464
UGC09133,2.6064798598949204,1.184158308575228e-09,1.2138224373168062e-09,1.2376560555640042e-09,-0.008444809984375303
UGC09133,2.8099124343257436,1.1088421829935396e-09,1.1259438898187568e-09,1.1645602335006006e-09,-0.014645207609686387
UGC09133,3.006987740805604,1.0384887876962687e-09,1.052150527061079e-09,1.0963447399383916e-09,-0.017869260203385588
UGC09133,3.210420315236427,9.676238777635385e-10,9.92531312485316e-10,1.0276891645404326e-09,-0.015117560739402876
UGC09133,3.407495621716287,9.034629913197194e-10,9.417950035486903e-10,9.65568888488054e-10,-0.010826881874578446
UGC09133,3.6109281961471096,8.44234194341192e-10,8.887361301093275e-10,9.082485190723711e-10,-0.009431862347762951
UGC09133,3.8080035026269696,7.942173530816275e-10,8.487289258613191e-10,8.598531585418699e-10,-0.0056552871295482065
UGC09133,4.011436077057793,7.500497106880389e-10,8.113911677838051e-10,8.171172197920849e-10,-0.003054086865706723
UGC09133,4.208511383537653,7.151744332870187e-10,7.733955088694576e-10,7.833668687344346e-10,-0.005563554016959363
UGC09133,4.411943957968476,6.84487804160966e-10,7.429390817637621e-10,7.536618200754481e-10,-0.006223310115405087
UGC09133,4.812451838879158,6.299222599171041e-10,6.858973767613468e-10,7.008094349056948e-10,-0.00934079816201361
UGC09133,5.015884413309982,6.008536065856238e-10,6.626889749866251e-10,6.726285334369274e-10,-0.006465541098760358
UGC09133,5.212959719789841,5.714706973976042e-10,6.376360991029845e-10,6.44118519300269e-10,-0.0043928896903760555
UGC09133,5.282889667250437,5.617576671121946e-10,6.335879469462982e-10,6.346875452104274e-10,-0.0007530691573431822
UGC09133,5.416392294220664,5.446542471801329e-10,6.179713426201571e-10,6.180717209423801e-10,-7.053759343036204e-05
UGC09133,5.613467600700525,5.225040327557504e-10,5.96275859470412e-10,5.965335104865909e-10,-0.00018761827185777204
UGC09133,5.816900175131348,5.006199865324262e-10,5.75422496079097e-10,5.75229025379527e-10,0.00014604466505811956
UGC09133,6.21740805604203,4.578927500505079e-10,5.42100472548179e-10,5.335446374433247e-10,0.006909026603271024
UGC09133,6.420840630472854,4.362090572859992e-10,5.24925012031801e-10,5.123351974023076e-10,0.010543073949244863
UGC09133,7.018423817863396,3.7880357232295865e-10,4.769126665872951e-10,4.559470694436837e-10,0.019524428587289616
UGC09133,7.221856392294219,3.619871550594972e-10,4.6347850696511783e-10,4.3934672825739427e-10,0.02322220264262216
UGC09133,7.418931698774079,3.4700949756404064e-10,4.511667385710144e-10,4.2452306093756635e-10,0.026435787640842878
UGC09133,8.626812609457092,2.769072876644787e-10,3.799555805040906e-10,3.545167991609695e-10,0.03009600796718527
UGC09133,8.823887915936952,2.670759379378879e-10,3.6886731042621107e-10,3.445940450065669e-10,0.02956240105077868
UGC09133,9.027320490367774,2.5802189386155176e-10,3.6055480765604294e-10,3.3542715644988077e-10,0.03137307031933777
UGC09133,10.55942206654991,2.016052576381844e-10,2.953540391721603e-10,2.775322343034348e-10,0.02702948248904879
UGC09133,12.301313485113834,1.5916842903266264e-10,2.444934787258182e-10,2.3273648311211925e-10,0.02140281245918248
UGC09133,14.10677758318739,1.250161959505985e-10,2.0699993681964755e-10,1.9544388115380939e-10,0.024948134566171183
UGC09133,15.842311733800349,1.031918637097255e-10,1.7888200952658095e-10,1.707373362175217e-10,0.02023816358331726
UGC09133,17.58420315236427,8.636522144805654e-11,1.5753365958330414e-10,1.5101919959862401e-10,0.01834119781687071
UGC09133,19.389667250437824,7.253597437704669e-11,1.3746412197456699e-10,1.342178136661279e-10,0.010379202323687012
UGC09133,21.12520140105078,6.17797844280414e-11,1.213091879124018e-10,1.2065470084380024e-10,0.00234944823415918
UGC09133,22.860735551663744,5.2626780469124136e-11,1.0769540618433395e-10,1.0866497888431547e-10,-0.003892421359902531
UGC09133,24.666199649737298,4.494326509119626e-11,9.581245351553881e-11,9.818786061660451e-11,-0.010635835933606397
UGC09133,26.40809106830122,3.902762787693697e-11,8.655863059561163e-11,8.979334413056914e-11,-0.01593376903965586
UGC09133,28.14362521891418,3.4257597246501705e-11,7.918613713545946e-11,8.276331050585565e-11,-0.019188696287270473
UGC09133,29.949089316987735,3.026029872991401e-11,7.504708999618427e-11,7.665089951874464e-11,-0.009183398950746623
UGC09133,31.684623467600698,2.7014554249657627e-11,7.275129416993828e-11,7.150775996217275e-11,0.007487549742656341
UGC09133,33.42651488616462,2.4126544091789683e-11,7.070222891599288e-11,6.676870214284447e-11,0.024860170866584274
UGC09133,35.231978984238175,2.1637069699917434e-11,6.875251704510618e-11,6.253724247782209e-11,0.041149874898538955
UGC09133,36.96751313485113,1.969378694254698e-11,6.659891326549696e-11,5.912324482815872e-11,0.051708881400652294
UGC09133,38.709404553415055,1.8094192130405197e-11,6.308806327073614e-11,5.622838640841546e-11,0.04999157458497616
UGC09133,40.44493870402801,1.6598250479449684e-11,5.891716451687641e-11,5.3441842883043747e-11,0.04236041166219548
UGC09133,42.25040280210156,1.520187823395468e-11,5.4557997313116526e-11,5.076183512471551e-11,0.0313211059088317
UGC09133,43.985936952714525,1.4012447575696028e-11,5.023557057626146e-11,4.8410493876003744e-11,0.016071826080585046
UGC09133,45.727828371278456,1.2970142910465604e-11,4.668405444310262e-11,4.629122701412285e-11,0.003669874341668145
UGC09133,47.533292469352006,1.2032939056971389e-11,4.413318477413302e-11,4.4332848264737365e-11,-0.0019603659497791225
UGC09133,49.26882661996496,1.1252664205083787e-11,4.257855774918615e-11,4.265973238763564e-11,-0.0008271800889015085
UGC09133,51.004360770577925,1.0546151333119967e-11,4.07697339420913e-11,4.110763483357891e-11,-0.0035846126449347294
UGC09133,52.809824868651475,9.87303566735802e-12,3.9029736832842595e-11,3.95925956061919e-11,-0.0062183511475274065
UGC09133,54.551716287215406,9.2724429561835e-12,3.7117702779621225e-11,3.820779354951178e-11,-0.012570868644139208
UGC09133,56.28725043782836,8.710930599991302e-12,3.5333721888492395e-11,3.6882089405237925e-11,-0.018626129883983523
UGC09133,58.09271453590191,8.176663870214145e-12,3.42355847669853e-11,3.559010278957194e-11,-0.01685149200275452
UGC09133,59.83460595446584,7.709470006878753e-12,3.384052353930406e-11,3.443345732334578e-11,-0.007543557342349342
UGC09133,63.37560420315235,6.900244440118668e-12,3.2811272486447843e-11,3.2363376565307447e-11,0.005969247005064745
UGC09133,68.85556917688265,5.852167651733338e-12,3.0734444214459e-11,2.9533884216781886e-11,0.017304796014585077
UGC10310,1.9482894736842107,1.2105218240245665e-11,5.615726864547719e-11,4.448580119937592e-11,0.10118455987912853
UGC10310,2.918026315789474,1.0889319207763675e-11,5.4289483542091476e-11,4.1866162277798263e-11,0.11285255773037889
UGC10310,3.8965789473684214,9.403621522771931e-12,4.510273566773973e-11,3.851307194093236e-11,0.0685947235441634
UGC10310,4.866315789473684,9.765928111069215e-12,3.79110975328137e-11,3.934800675720008e-11,-0.016156379789418192
UGC10310,5.853684210526316,8.995006687805942e-12,3.2864120771527904e-11,3.755670814645246e-11,-0.05796550135952011
UGC10310,6.82342105263158,7.260206257170553e-12,2.8820012597057028e-11,3.3295286526215325e-11,-0.06268859030755879
UGC11455,1.3254580152671758,1.270583734949572e-10,1.020348463984468e-10,1.9771555119003716e-10,-0.287292314774091
UGC11455,1.972022900763359,1.3142943321784314e-10,1.0543930458829425e-10,2.0255773229794565e-10,-0.28354629336683096
UGC11455,2.661692111959288,1.263240249596871e-10,1.554706893445084e-10,1.9689938383078852e-10,-0.10259583288238512
UGC11455,3.3190330788804077,1.1728043335821583e-10,1.8059914533235904e-10,1.8678081950478877e-10,-0.014616585819993581
UGC11455,3.965597964376591,1.0951245073605892e-10,1.8387525580637415e-10,1.7798092571170832e-10,0.014149828638140908
UGC11455,4.6552671755725195,1.0313735646469964e-10,2.0356216652804327e-10,1.7067451846576604e-10,0.07652837823152941
UGC11455,5.291055979643766,9.893613514485721e-11,2.257925226754463e-10,1.6581361290166935e-10,0.1340893735528791
UGC11455,5.959173027989823,1.0111953542383099e-10,2.110551293834007e-10,1.6834462718038785e-10,0.09819665132828541
UGC11455,6.648842239185751,1.0580579154511911e-10,1.8534148961280422e-10,1.7374261565478235e-10,0.02806629374947445
UGC11455,7.306183206106871,1.1642167384948324e-10,1.7040056849277103e-10,1.858131601311481e-10,-0.037605430120325876
UGC11455,7.952748091603054,1.2671110271385413e-10,1.9012522059885617e-10,1.9732968641014845e-10,-0.016152694754509023
UGC11455,8.62086513994911,1.2764605413169346e-10,1.9031088975959722e-10,1.9836814641618717e-10,-0.018008295508452177
UGC11455,9.288982188295165,1.2086311556408264e-10,2.0095730973325866e-10,1.9080471490353913e-10,0.02251470589680682
UGC11455,9.946323155216286,1.1682824379483498e-10,1.9878371191470892e-10,1.862714420160253e-10,0.028234519320716907
UGC11455,10.614440203562342,1.1495191998157916e-10,1.9697893871748604e-10,1.841541216168352e-10,0.02923834983470954
UGC11455,11.239452926208653,1.1327190452156196e-10,1.9044541820125343e-10,1.8225315948374532e-10,0.019095462874102995
UGC11455,11.90756997455471,1.1044549551397012e-10,2.0283906807109175e-10,1.7904365888763197e-10,0.054192662147792045
UGC11455,12.575687022900764,1.0704638110476543e-10,1.906582236927732e-10,1.7516412371806386e-10,0.03681038169788802
UGC11455,13.136043256997457,1.0459134109122113e-10,1.7985081624532896e-10,1.723480766566451e-10,0.01850597198739702
UGC11455,13.911921119592877,1.0090994159818317e-10,1.813304564488655e-10,1.681021182105893e-10,0.032897568862818624
UGC11455,15.689974554707382,9.145841443665543e-11,1.7013395933912102e-10,1.5706158022680086e-10,0.034721046318837774
UGC11455,17.92062340966921,7.523656666271842e-11,1.531377702303404e-10,1.3754945456457335e-10,0.046623446651037834
UGC11455,19.14909669211196,6.774457470357899e-11,1.3843095944498843e-10,1.2823750832308426e-10,0.03321815792800624
UGC11455,19.92497455470738,6.40547096295037e-11,1.3490767410800393e-10,1.235660640878162e-10,0.03813744139924447
UGC11455,21.810788804071247,5.804967253755722e-11,1.241005675976095e-10,1.1582490568454616e-10,0.02997181259968127
UGC11455,24.37549618320611,5.166004112566579e-11,1.1027599002020305e-10,1.0736961076736078e-10,0.011599586692563526
UGC11455,26.82166666666667,4.431035847006942e-11,8.743156533778053e-11,9.730472861462208e-11,-0.04646569184638908
UGC11455,29.160076335877864,3.717883960334942e-11,7.92288442952199e-11,8.70992814749786e-11,-0.04113125135850226
UGC11455,31.390725190839696,3.135209093793407e-11,7.638110094386075e-11,7.834290734512887e-11,-0.011013770472676442
UGC11455,33.7291348600509,2.6821591394255417e-11,7.213489078324911e-11,7.1196214943183e-11,0.0056884730477498755
UGC11455,36.05676844783716,2.368451284772635e-11,6.029234589608868e-11,6.602797376137925e-11,-0.03946578800885138
UGC11455,38.287417302798985,2.0482501635761428e-11,6.262261386137527e-11,6.052165160994461e-11,0.014820419842409078
UGC11455,40.62582697201019,1.7622256995884467e-11,5.988917988105297e-11,5.535806264299726e-11,0.03416748313936298
UGC11455,42.964236641221376,1.5866023155667566e-11,5.580590595672595e-11,5.2046681215400223e-11,0.030287121184164753
UGC11455,45.184109414758275,1.4262086144079854e-11,5.074894301867745e-11,4.890964737158504e-11,0.016032469685711634
UGC11557,5.522727272727273,2.1943243853160503e-11,9.419200917227147e-11,6.306581044247899e-11,0.17422007964912542
UGC11557,6.545454545454546,1.966741471819193e-11,6.709529441529638e-11,5.907616946439912e-11,0.05527973529582748
UGC11557,8.181818181818183,1.6383798395636866e-11,5.859496506588661e-11,5.303546986328019e-11,0.043293878869043706
UGC11557,9.818181818181818,1.1478013783114736e-11,5.236150900891697e-11,4.314718016873301e-11,0.08405973582005595
UGC11820,4.504419889502762,6.233218302701055e-12,3.2741930977908214e-11,3.058422808275239e-11,0.02960676486059303
UGC11820,6.773756906077348,5.779042130925618e-12,2.926018193579168e-11,2.932922540946314e-11,-0.0010235711493160342
UGC11820,9.008839779005523,5.351073719421893e-12,2.7243985803512294e-11,2.810989332529257e-11,-0.013588552193719431
UGC11820,11.252486187845303,3.992104514988546e-12,2.4317588823083038e-11,2.394396554595627e-11,0.006724431959378616
UGC11820,13.547513812154696,3.1621445127290893e-12,2.1820362712404773e-11,2.1103494354424114e-11,0.01450759292977747
UGC11914,0.9230769230769232,1.3930055499285864e-09,1.2992009449696197e-09,1.4407474837583716e-09,-0.04491154198602668
UGC11914,1.0650887573964498,1.2515843216516792e-09,1.2352788295105581e-09,1.303158191758473e-09,-0.023232139935711993
UGC11914,1.1928994082840239,1.166134342949883e-09,1.1955712718937619e-09,1.220156711198271e-09,-0.008840142070176717
UGC11914,1.320710059171598,1.1044782838013522e-09,1.1580661000093789e-09,1.1603272037637932e-09,-0.0008471256307597621
UGC11914,1.4627218934911244,1.0428261306115211e-09,1.10225239194403e-09,1.1005486010967299e-09,0.0006718238399156649
UGC11914,1.5905325443786986,9.89510846045681e-10,1.059402710208319e-09,1.0488882926542147e-09,0.0043318416447575905
UGC11914,1.7183431952662722,9.3769657573395e-10,1.0165866613261075e-09,9.98709515355891e-10,0.007705219306577342
UGC11914,1.8461538461538465,8.863795019453186e-10,9.734351907835691e-10,9.49033885537577e-10,0.011025323110225948
UGC11914,2.0023668639053254,8.26383213587106e-10,9.165547140974803e-10,8.909756853197599e-10,0.012292543128862883
UGC11914,2.1301775147928996,7.805225392891786e-10,8.736110951883292e-10,8.466026538177826e-10,0.013638515589475651
UGC11914,2.257988165680474,7.378622119146251e-10,8.298748174432515e-10,8.053236693576858e-10,0.013042122440911156
UGC11914,2.3857988165680477,6.975656049486537e-10,7.908432476310803e-10,7.663225005076033e-10,0.01367883353219636
UGC11914,2.527810650887574,6.559175643416678e-10,7.515526582240608e-10,7.259949066254369e-10,0.015025841405156773
UGC11914,2.6556213017751484,6.211773474598608e-10,7.1538167467317e-10,6.923337807873421e-10,0.014222288502073408
UGC11914,2.7834319526627223,5.896910973116465e-10,6.778656408266402e-10,6.618008609794465e-10,0.010416293430382756
UGC11914,2.911242603550296,5.616103811773297e-10,6.481056858635194e-10,6.345445088257063e-10,0.0091837413604131
UGC11914,3.0674556213017756,5.305301297232024e-10,6.151003037130625e-10,6.043405883187984e-10,0.007664178438055529
UGC11914,3.1952662721893494,5.073890597470823e-10,5.864448709932311e-10,5.818217421127386e-10,0.003437245950750283
UGC11914,3.3230769230769233,4.862151474185501e-10,5.638892990319531e-10,5.611900166035727e-10,0.002083916567891804
UGC11914,3.4508875739644975,4.673137154301783e-10,5.430045101789177e-10,5.42747122914085e-10,0.00020590688978196998
UGC11914,3.4934911242603555,4.615767682528189e-10,5.363825039572236e-10,5.371440644107598e-10,-0.0006161776854598818
UGC11914,3.5928994082840235,4.485617584797586e-10,5.21541881318091e-10,5.24422832822634e-10,-0.0023924028949652916
UGC11914,3.7207100591715982,4.3272205952452604e-10,5.036263205094542e-10,5.089204304392302e-10,-0.004541466709794607
UGC11914,3.848520710059172,4.183401035751415e-10,4.869007231493616e-10,4.948234372080488e-10,-0.00700984214659158
UGC11914,3.976331360946746,4.0448826041624754e-10,4.712503427624179e-10,4.812248217509373e-10,-0.009096341215876285
UGC11914,4.246153846153847,3.764404559806738e-10,4.413046688076154e-10,4.536168852988526e-10,-0.011950690118797725
UGC11914,4.657988165680473,3.3763673127330057e-10,4.0506605366469974e-10,4.1522630171561197e-10,-0.01075900636361181
UGC11914,5.311242603550297,2.8529764428636594e-10,3.57690837336585e-10,3.629613782314268e-10,-0.006352600020175546
UGC11914,5.43905325443787,2.763458064789095e-10,3.49285569618493e-10,3.539509271542942e-10,-0.005762410706842048
UGC11914,5.70887573964497,2.589591624647642e-10,3.3277704767135035e-10,3.363774467912171e-10,-0.004673505364365366
UGC11914,5.808284023668639,2.5291738662487154e-10,3.2708159697770865e-10,3.3024607760651436e-10,-0.004181558591193095
UGC11914,5.850887573964497,2.5038933530405033e-10,3.246999348637933e-10,3.276764792431799e-10,-0.003963067154169407
UGC11914,6.106508875739645,2.35850720760063e-10,3.0898061767911977e-10,3.1284922885651187e-10,-0.0054038517872233875
UGC11914,6.234319526627219,2.288959647653853e-10,3.0264616310255465e-10,3.0572426276006364e-10,-0.004394734018751712
UGC11914,6.376331360946747,2.2162035853633222e-10,2.9590571403568257e-10,2.9824634254933354e-10,-0.003421774931142483
UGC11914,6.50414201183432,2.153528432348979e-10,2.8810064623029917e-10,2.917833726496005e-10,-0.005516307444999692
UGC11914,6.915976331360947,1.9690631306967725e-10,2.6907939276847925e-10,2.726356455865876e-10,-0.005702197847230598
UGC11914,6.972781065088759,1.94563753261219e-10,2.650435244731947e-10,2.701893541473668e-10,-0.008351035153857827
UGC11914,7.0437869822485215,1.916784081534852e-10,2.623717147506827e-10,2.6717132500883566e-10,-0.007872830633132913
UGC11914,7.171597633136095,1.867332934853338e-10,2.5590933601533606e-10,2.619857364346522e-10,-0.010191517221257048
UGC11914,7.299408284023669,1.819403467402186e-10,2.514284332446395e-10,2.569432552859585e-10,-0.009422832905436692
UGC11914,7.4414201183431965,1.768571278774245e-10,2.449144976955488e-10,2.515767347793147e-10,-0.011655982189608375
UGC11914,7.56923076923077,1.7245357088353363e-10,2.407789808489073e-10,2.4691141462617963e-10,-0.010922595801755175
UGC11914,7.697041420118344,1.6826625599253037e-10,2.351278908311944e-10,2.424603971375478e-10,-0.013336664059101182
UGC11914,7.8248520710059175,1.6420299860698927e-10,2.3128732637115677e-10,2.381267959768398e-10,-0.012656432719595169
UGC11914,7.966863905325445,1.5995583326494205e-10,2.2557321711562208e-10,2.3358109149484e-10,-0.01515015003074836
UGC11914,8.10887573964497,1.55984508082373e-10,2.2162272294547112e-10,2.293151384157862e-10,-0.014818439472430212
UGC11914,8.236686390532546,1.5254954523330207e-10,2.1664994949403012e-10,2.2561270687815855e-10,-0.01760496405197392
UGC11914,8.364497041420119,1.4919672261566088e-10,2.1333950883962222e-10,2.2198701036200088e-10,-0.017256271416873723
UGC11914,8.492307692307694,1.4602104973679434e-10,2.1012871355608272e-10,2.185416823879345e-10,-0.01704888035875068
UGC11914,8.63431952662722,1.4257962719419563e-10,2.06672649188384e-10,2.1479521610049017e-10,-0.01674159815123465
UGC11914,8.733727810650889,1.4031783640597841e-10,2.0432027757160566e-10,2.1232540053994585e-10,-0.016690482115603273
UGC11914,8.762130177514793,1.3970039610575074e-10,2.036579752131888e-10,2.1165010413482077e-10,-0.01671706483275838
UGC11914,8.889940828402368,1.3687851471671427e-10,2.0072998515421322e-10,2.085578265474007e-10,-0.016614239773079693
UGC11914,9.017751479289942,1.3414287697190974e-10,1.978849932386417e-10,2.0555043479411454e-10,-0.016505539368691386
UGC11914,9.557396449704143,1.234207495958813e-10,1.8803354353917383e-10,1.9366482718940824e-10,-0.012815422140931242
UGC11914,9.69940828402367,1.2079416909806012e-10,1.8528049019306588e-10,1.9072747285376745e-10,-0.012583563342497677
UGC11914,9.827218934911244,1.185026774094041e-10,1.8416086247183145e-10,1.8815593705886543e-10,-0.009320586367619434
UGC11914,10.466272189349114,1.0773698907497296e-10,1.7657580802759649e-10,1.759541337232806e-10,0.0015317280480474354
UGC11914,12.21301775147929,8.317421237650137e-11,1.6092672089876994e-10,1.471964788792957e-10,0.038730740763913585
UGC11914,13.95976331360947,6.437351773241405e-11,1.484772364190368e-10,1.2397210306406024e-10,0.07833590685941776
UGC12506,3.476441351888668,1.1037212047004997e-10,3.514001427461183e-10,1.7896014394624065e-10,0.2930456131662237
UGC12506,4.867017892644135,1.0425545618637054e-10,2.6145732801836424e-10,1.7196185516455826e-10,0.18196869682292607
UGC12506,6.2575944333996025,9.755614962945885e-11,2.30935595871564e-10,1.6420842350604748e-10,0.14809544756979473
UGC12506,7.648170974155069,9.957795928791065e-11,2.0916149715335038e-10,1.6655871399644603e-10,0.09891438281546759
UGC12506,9.030268389662028,9.751253765057855e-11,1.9014652577720155e-10,1.6415762345727546e-10,0.06382733858934654
UGC12506,10.420844930417495,9.133822525786136e-11,1.7792060613542755e-10,1.5691978622203087e-10,0.05454854164643309
UGC12506,11.811421471172961,8.229114698088034e-11,1.5435756041610037e-10,1.4613324721991337e-10,0.02377887119876553
UGC12506,13.20199801192843,7.566103490655631e-11,1.4161726451887693e-10,1.3807069866615424e-10,0.011014678817403287
UGC12506,14.592574552683898,6.963766589323555e-11,1.3351609714328393e-10,1.3061139574610002e-10,0.009552558380377264
UGC12506,15.983151093439366,6.276801999998037e-11,1.2591273864524498e-10,1.2192246259914045e-10,0.013985944090819716
UGC12506,17.37372763419483,5.5766164230585676e-11,1.149062717328299e-10,1.1283108382775889e-10,0.007914973800840407
UGC12506,18.764304174950297,4.9828083686189444e-11,1.0811375060793864e-10,1.0489780430584779e-10,0.013114536107859766
UGC12506,20.154880715705765,4.44062705306066e-11,1.0472093461978169e-10,9.743877618917253e-11,0.031301688903463375
UGC12506,21.545457256461233,3.954388490427594e-11,8.969274551409897e-11,9.05392039827191e-11,-0.00407935381002046
UGC12506,22.9360337972167,3.5704737167703183e-11,8.425481195982457e-11,8.492398578092334e-11,-0.0034356552646605015
UGC12506,24.318131212723657,3.2723444399482995e-11,8.275645479298705e-11,8.044360438744489e-11,0.012310356105607443
UGC12506,25.708707753479125,3.0196857147625746e-11,7.95427453917588e-11,7.6552024896423e-11,0.016643893623914285
UGC12506,27.099284294234593,2.790830262329488e-11,7.426330173538387e-11,7.294191605521152e-11,0.007797086711619455
UGC12506,28.48986083499006,2.544881271075292e-11,6.783013879503735e-11,6.895931874460943e-11,-0.007170256677357677
UGC12506,29.88043737574553,2.3178692161765727e-11,6.205006383099898e-11,6.517492359795696e-11,-0.021338298139635056
UGC12506,31.271013916500998,2.1429967962403256e-11,5.879566844044267e-11,6.2178330724475e-11,-0.024293726372592826
UGC12506,34.05216699801193,1.9086081726506142e-11,5.354085698695912e-11,5.803306859400631e-11,-0.03499021688574685
UGC12506,35.442743538767395,1.794535122329903e-11,4.7607540184794727e-11,5.5954738449487023e-11,-0.07016112738406231
UGC12506,36.83332007952286,1.70970597940839e-11,4.784145241674933e-11,5.438015620712595e-11,-0.05563609485580606
UGC12506,38.22389662027833,1.668331501217035e-11,4.6100991414897754e-11,5.360253446160722e-11,-0.0654750595891327
UGC12506,39.60599403578529,1.521381838706263e-11,4.3353896371808965e-11,5.07851048056048e-11,-0.06870821786020438
UGC12506,40.996570576540755,1.4622202377490543e-11,4.043921628244393e-11,4.962430382144743e-11,-0.08889169678975688
UGC12506,42.38714711729622,1.4263032347845153e-11,3.8767181711792006e-11,4.8911533407322353e-11,-0.1009470485314856
UGC12632,1.4719344933469807,1.0224172117276358e-11,4.5414421595625185e-11,4.038757218773321e-11,0.05094604005138814
UGC12632,1.9602865916069603,9.939131584171873e-12,5.028106548519576e-11,3.974303498688433e-11,0.1021434430178294
UGC12632,2.4417604912998976,8.591540400932188e-12,4.494143799042868e-11,3.659606793311183e-11,0.08921253931624665
UGC12632,2.930112589559877,7.749228956763122e-12,4.285274789018434e-11,3.4532925198832407e-11,0.09374530793641254
UGC12632,3.418464687819857,7.328474025830931e-12,3.965851986048854e-11,3.346996808690388e-11,0.07368120312182497
UGC12632,3.9136949846468787,6.7297242431521455e-12,3.651084348439279e-11,3.191526783685411e-11,0.058423372832401683
UGC12632,4.402047082906858,6.918787344490331e-12,3.457521987245238e-11,3.2411841319895905e-11,0.0280612465318081
UGC12632,4.8903991811668375,6.590912828022523e-12,3.261325309842574e-11,3.1547172840539333e-11,0.014433675657515759
UGC12632,5.378751279426817,6.578886391891875e-12,3.060239592710003e-11,3.151513817270786e-11,-0.012763785897790257
UGC12632,5.860225179119754,6.203651667322779e-12,2.897399370739268e-11,3.050366315672168e-11,-0.022343635038229483
UGC12632,6.362333674513818,5.82371852973142e-12,2.8049941642874466e-11,2.945438523378917e-11,-0.021218000600990276
UGC12632,6.843807574206755,5.609468624237687e-12,2.593427861274072e-11,2.88505921151108e-11,-0.04628055865283605
UGC12632,7.3321596724667355,5.345280654680407e-12,2.4273314443420007e-11,2.8093123729196216e-11,-0.06347095003371514
UGC12732,0.8290909090909092,1.555826799208131e-11,5.046093088253559e-11,5.145367507037324e-11,-0.008461141677264755
UGC12732,1.6581818181818184,1.5718386659792063e-11,5.2854680027586607e-11,5.176270676490317e-11,0.00906646973974261
UGC12732,2.4872727272727277,1.3181674727916883e-11,5.1598305067042406e-11,4.672610333597559e-11,0.04307587079062724
UGC12732,3.316363636363637,1.1770797593326465e-11,4.599063617158081e-11,4.377529276252886e-11,0.021440357790743946
UGC12732,4.1454545454545455,9.570776667381582e-12,4.203817819105854e-11,3.8899757329627446e-11,0.033696994687405446
UGC12732,4.9745454545454555,8.444798743555103e-12,3.916196898132147e-11,3.624243174174785e-11,0.033647189452718655
UGC12732,5.803636363636365,7.875370528494822e-12,3.5786147570875274e-11,3.4847203042817966e-11,0.01154702264051603
UGC12732,6.632727272727274,6.496439359674802e-12,3.3912470850594645e-11,3.129489821287198e-11,0.034885890130480796
UGC12732,7.461818181818184,5.920687511064422e-12,3.0909474882524986e-11,2.972472525723712e-11,0.01697377778016368
UGC12732,8.290909090909091,5.377045525707253e-12,2.8938155722872378e-11,2.81849856810207e-11,0.011453030831163087
UGC12732,9.154545454545456,4.962499624546558e-12,2.7569379126401426e-11,2.6968156349521113e-11,0.009575728359245654
UGC12732,9.931818181818183,4.915708924701015e-12,2.638906287412088e-11,2.6828257709405032e-11,-0.007168501605748966
UGC12732,10.795454545454547,5.026407973740335e-12,2.560012088101819e-11,2.715836893111803e-11,-0.025661667660088955
UGC12732,11.572727272727274,5.12516626627278e-12,2.5482449812579948e-11,2.7450381483151284e-11,-0.032307206754317724
UGC12732,12.43636363636364,5.20879028519694e-12,2.623122242065621e-11,2.7695860800203758e-11,-0.023596337825174344
UGC12732,13.300000000000002,5.131218448984453e-12,2.5828888019936695e-11,2.7468202076725938e-11,-0.026724524312751963
UGCA442,1.26,5.751142071736832e-12,2.10026078170975e-11,2.925086718353048e-11,-0.143865523044704
UGCA442,2.11,7.180474870302175e-12,2.577489826909666e-11,3.309045797760493e-11,-0.10850581806868295
UGCA442,2.96,6.354237601206869e-12,2.6242919648466415e-11,3.091241744820197e-11,-0.07112081888578295
UGCA442,3.79,5.046414819850068e-12,2.5635016936275073e-11,2.7217713215412523e-11,-0.026018025036812442
UGCA442,4.65,3.648975415301374e-12,2.2131811202998547e-11,2.2802998262182185e-11,-0.012974997376762729
UGCA442,5.48,2.4518506263678706e-12,1.97236287805881e-11,1.8408023995218096e-11,0.029979648285396607
UGCA442,6.33,1.6904664334587594e-12,1.631566904610823e-11,1.5104700917808314e-11,0.03349275692085045
