{
  "FRW_baseline": {
    "chi2": 429.65374597442303,
    "score": 429.65374597442303,
    "pars": {
      "H0": 70.0,
      "Om": 0.3,
      "Ol": 0.7
    }
  },
  "TG_tau": {
    "pars": {
      "HSigma": 70.0,
      "alpha_SB": 1.1500000000000001,
      "Kbar": 1.0,
      "ell0_LOS_Mpc": 0.2
    },
    "chi2": 465.52453924544744,
    "td_pen": 0.0,
    "tolman_pen": 16.244999999999997,
    "score": 481.76953924544745,
    "xi_inferred": 4.669897332774129e-05
  },
  "Sigma_ISW": {
    "pars": {
      "a1": 0.00023423728813559323,
      "a2": 0.0,
      "alpha_SB": 0.6000000000000001
    },
    "chi2": 497.7436019162259,
    "td_pen": 4.0153661459269925,
    "tolman_pen": 23.119999999999997,
    "score": 524.8789680621528
  },
  "Endpoint_only": {
    "pars": {
      "z0": 0.17500000000000002,
      "alpha_SB": 1.0
    },
    "chi2": 429.65374597442303,
    "td_pen": 2.8627200920207105,
    "tolman_pen": 18.0,
    "score": 450.51646606644374
  },
  "Clock_factor": {
    "pars": {
      "L_Mpc": 6900.0,
      "gamma": 1.6,
      "alpha_SB": 0.8
    },
    "chi2": 465.5248723750658,
    "td_pen": 0.0,
    "tolman_pen": 20.480000000000004,
    "score": 486.0048723750658
  }
}