domain,system,radius_kpc,gbar_m_s2,target_chi,conservative_delta_q_over_target_chi,passes_5_percent
SPARC,CamB,0.16,2.124908088041714e-12,4.460686565419308e-09,0.28031788285015946,False
SPARC,CamB,0.41,4.965352083982455e-12,4.1564010189022695e-09,7.0474074945456335,False
SPARC,CamB,0.57,5.720879452723729e-12,3.862890475754935e-09,18.119876364628055,False
SPARC,CamB,0.73,6.2130666738937905e-12,3.535109910877321e-09,36.74942412660873,False
SPARC,CamB,0.9,6.117615463818251e-12,3.1752651635372955e-09,60.76692645398074,False
SPARC,CamB,1.06,5.728303637175385e-12,2.849902369602951e-09,85.11425927176317,False
SPARC,CamB,1.22,5.0153888545088644e-12,2.554813590381708e-09,103.07354089224883,False
SPARC,CamB,1.47,4.226051150235345e-12,2.1582080280719663e-09,137.06861739929343,False
SPARC,CamB,1.79,2.8769094791518544e-12,1.768024861045405e-09,139.43005498453135,False
SPARC,D631-7,0.45,8.675209672120727e-12,1.676183900313528e-08,4.8534054904294415,False
SPARC,D631-7,0.9,1.0909014020748938e-11,1.5248981517394816e-08,30.067919941519012,False
SPARC,D631-7,1.35,1.1867945008743392e-11,1.3489489106025097e-08,86.7653914226996,False
SPARC,D631-7,1.8,1.0420489048276934e-11,1.1767734655228435e-08,145.59871415792563,False
SPARC,D631-7,2.25,8.561608835254895e-12,1.0301390656685628e-08,193.72005057921842,False
SPARC,D631-7,2.69,7.237429989004344e-12,9.10805535984959e-09,243.56082208092366,False
SPARC,D631-7,3.14,5.990463889767301e-12,8.086216629404218e-09,281.6442646293625,False
SPARC,D631-7,3.59,5.0366882766692035e-12,7.234382522369051e-09,317.3824144594244,False
SPARC,D631-7,4.04,4.279295435564272e-12,6.5147340993774394e-09,349.65640505616295,False
SPARC,D631-7,4.49,3.6160315774113514e-12,5.904829680327228e-09,370.22418840655945,False
SPARC,D631-7,4.94,3.094118281920297e-12,5.386478756423811e-09,388.93095529782454,False
SPARC,D631-7,5.39,2.6453320912270787e-12,4.943113188443028e-09,398.9199892082851,False
SPARC,D631-7,5.84,2.27833304451475e-12,4.562766038885174e-09,405.5709847037768,False
SPARC,D631-7,6.29,1.9716970752655836e-12,4.234456375854055e-09,408.1794809044368,False
SPARC,D631-7,6.74,1.7162609356663562e-12,3.9495661003224164e-09,408.1006354068952,False
SPARC,D631-7,7.19,1.4993409040832548e-12,3.701164765109054e-09,404.68729194537866,False
SPARC,DDO064,0.1,2.086737784473227e-13,1.3238947479587044e-08,0.0011364101001488224,True
SPARC,DDO064,0.3,1.5021606149444357e-12,1.3180209755919592e-08,0.19830184356998615,False
SPARC,DDO064,0.49,3.0651720418858303e-12,1.3031240932108283e-08,1.5585569666160994,False
SPARC,DDO064,0.69,4.841597445327253e-12,1.2759779449316006e-08,6.261020682261711,False
SPARC,DDO064,0.89,4.311682061003601e-12,1.2445521795640996e-08,8.977674317615298,False
SPARC,DDO064,1.09,4.73763131961053e-12,1.2134833589474592e-08,15.90479493325283,False
SPARC,DDO064,1.29,5.944993554533057e-12,1.1768069237340833e-08,32.27540517463376,False
SPARC,DDO064,1.48,7.744634789223781e-12,1.1321566215553334e-08,65.6138517325126,False
SPARC,DDO064,1.68,8.626159705960873e-12,1.0759511111336952e-08,104.54663262108026,False
SPARC,DDO064,1.88,8.975776092083998e-12,1.015518748719701e-08,147.22145954806138,False
SPARC,DDO064,2.08,8.851917525465187e-12,9.543112966495117e-09,187.83927953669155,False
SPARC,DDO064,2.27,8.323025763565968e-12,8.982932376853424e-09,216.75524011278117,False
SPARC,DDO064,2.37,8.165042914574582e-12,8.699891649601456e-09,237.07037999489881,False
SPARC,DDO064,2.98,6.95572319553336e-12,7.116520328694478e-09,360.5083234960314,False
SPARC,DDO154,0.49,5.936290849604431e-12,9.142908015322383e-09,5.979326367251085,False
SPARC,DDO154,0.99,5.2868191057195954e-12,8.179606228499052e-09,22.93954409657793,False
SPARC,DDO154,1.48,4.4234042487768284e-12,7.362827453794571e-09,43.60885606032267,False
SPARC,DDO154,1.97,4.014095030530957e-12,6.653104302088513e-09,73.93728407439482,False
SPARC,DDO154,2.47,3.5421468342912323e-12,6.004537076156676e-09,106.7831825853843,False
SPARC,DDO154,2.96,3.3326685205945295e-12,5.426259619821651e-09,154.89099970280458,False
SPARC,DDO154,3.46,3.2294314104035377e-12,4.863021567801588e-09,225.28848703858367,False
SPARC,DDO154,3.95,2.8794081953829544e-12,4.349174424855073e-09,276.4535027488658,False
SPARC,DDO154,4.44,2.424179183602526e-12,3.9030613497176195e-09,300.72387137195705,False
SPARC,DDO154,4.94,2.036055342130117e-12,3.520230574166751e-09,317.7546948878339,False
SPARC,DDO154,5.43,1.7098521627259026e-12,3.205142276990163e-09,324.5378851636311,False
SPARC,DDO154,5.92,1.4463258562851105e-12,2.939659278195566e-09,327.23479700851385,False
SPARC,DDO161,0.6,6.7930217744490035e-12,3.5134844634810874e-08,2.854813182791684,False
SPARC,DDO161,0.73,7.415551170106595e-12,3.481776163574484e-08,4.862702363632842,False
SPARC,DDO161,0.85,7.742658274516285e-12,3.4505507432383946e-08,7.096739968087729,False
SPARC,DDO161,0.98,8.384653305932656e-12,3.4145605256229045e-08,10.740394152636645,False
SPARC,DDO161,1.07,8.769892522142388e-12,3.388057169168771e-08,13.801548305500054,False
SPARC,DDO161,1.54,1.0173210234775976e-11,3.235220305607995e-08,37.392461317784864,False
SPARC,DDO161,2.02,1.0615811092355809e-11,3.0639214640958437e-08,72.41762189088573,False
SPARC,DDO161,2.49,1.037598157597054e-11,2.8945553474086848e-08,112.5883583461925,False
SPARC,DDO161,2.96,9.637140955901422e-12,2.7330853434141345e-08,150.90267013729837,False
SPARC,DDO161,3.43,8.751359765370244e-12,2.5847231235661848e-08,185.50181882766452,False
SPARC,DDO161,3.9,8.053207318582195e-12,2.4491404072833455e-08,223.51369076944246,False
SPARC,DDO161,4.37,7.371161393006305e-12,2.324693416389883e-08,258.99709395871247,False
SPARC,DDO161,4.86,6.762768866392586e-12,2.2058053762534557e-08,296.77397915321234,False
SPARC,DDO161,5.34,6.255882300723216e-12,2.0985333778324784e-08,335.157789417999,False
SPARC,DDO161,5.81,5.798953683387734e-12,2.0012724725735334e-08,371.38184661868064,False
SPARC,DDO161,6.28,5.456740567845898e-12,1.9104592077862048e-08,414.96776179570855,False
SPARC,DDO161,6.75,5.168879487352939e-12,1.8247295116818035e-08,462.81661014646323,False
SPARC,DDO161,7.22,4.963878296849268e-12,1.7429763301237876e-08,521.7735752445501,False
SPARC,DDO161,7.69,4.833933745303136e-12,1.663925559957128e-08,595.9257800321888,False
SPARC,DDO161,8.16,4.729811729893684e-12,1.5867632871721796e-08,681.095020639887,False
SPARC,DDO161,8.64,4.568486242133701e-12,1.510146516926996e-08,761.7145566901246,False
SPARC,DDO161,9.11,4.43860368704203e-12,1.4374754560004912e-08,852.0758106092426,False
SPARC,DDO161,9.58,4.226413258867808e-12,1.367564310518785e-08,920.3610361293191,False
SPARC,DDO161,10.05,4.004715131488247e-12,1.301153867473037e-08,982.0153891572425,False
SPARC,DDO161,10.52,3.685605666542481e-12,1.2391067717237441e-08,997.6489052167078,False
SPARC,DDO161,10.99,3.370704755629134e-12,1.1821750025687649e-08,998.1927576555379,False
SPARC,DDO161,11.46,3.0593987263778023e-12,1.130295600278016e-08,981.6868315476302,False
SPARC,DDO161,11.94,2.776051675049069e-12,1.0822122452351573e-08,962.0481063957711,False
SPARC,DDO161,12.41,2.5220867343505574e-12,1.0394657708273268e-08,937.0131195020444,False
SPARC,DDO161,12.9,2.30915799401821e-12,9.988275897528694e-09,923.1097249274108,False
SPARC,DDO161,13.37,2.0984837308604776e-12,9.632658264253682e-09,890.7700624701015,False
SPARC,DDO168,0.41,1.1275327208174567e-11,1.9527061517463806e-08,5.118210411059906,False
SPARC,DDO168,0.82,1.6086287776373918e-11,1.760129013839637e-08,38.629979919090886,False
SPARC,DDO168,1.24,1.3531930114006174e-11,1.5465850215138325e-08,77.67576090906161,False
SPARC,DDO168,1.64,1.058944492479519e-11,1.3809541846566012e-08,105.49370387782785,False
SPARC,DDO168,2.06,9.858199674073904e-12,1.2335289858326067e-08,167.45778553714163,False
SPARC,DDO168,2.47,8.621881402459346e-12,1.103462060908289e-08,220.26342694006806,False
SPARC,DDO168,2.89,7.524804119664498e-12,9.87046289304978e-09,275.0055642333794,False
SPARC,DDO168,3.3,6.529243699969914e-12,8.881307718313897e-09,322.2463076281313,False
SPARC,DDO168,3.71,5.8031822357444335e-12,8.013324124696368e-09,378.3788624155499,False
SPARC,DDO168,4.12,5.1215014424248374e-12,7.244420565287896e-09,428.06602781895464,False
SPARC,DDO170,1.87,4.172814415310666e-12,2.0832723892273092e-08,22.548610849477758,False
SPARC,DDO170,3.36,4.0715776554933934e-12,1.872397897386976e-08,78.09230042594231,False
SPARC,DDO170,4.86,4.1526645646575096e-12,1.6606269909944658e-08,189.79938481814918,False
SPARC,DDO170,6.35,4.028755890391864e-12,1.4513631827992811e-08,354.3815779812691,False
SPARC,DDO170,7.85,3.718827880944682e-12,1.251866038419487e-08,557.0236058340686,False
SPARC,DDO170,9.34,3.169003488221152e-12,1.075689562655023e-08,722.096241698807,False
SPARC,DDO170,10.83,2.5298850266934445e-12,9.299237852251629e-09,801.2155078385446,False
SPARC,DDO170,12.33,1.9257011486157932e-12,8.151942457007469e-09,786.8346682874833,False
SPARC,ESO079-G014,0.41,3.3509290301057276e-11,2.568091730524717e-07,1.9727541029722395,False
SPARC,ESO079-G014,0.98,3.8106541235967104e-11,2.49801674151958e-07,14.034963391379518,False
SPARC,ESO079-G014,1.78,3.592433974313821e-11,2.3963492640219397e-07,44.28951455752423,False
SPARC,ESO079-G014,2.69,3.519941342662835e-11,2.2852438551006282e-07,103.07131064692847,False
SPARC,ESO079-G014,3.36,3.340620803050979e-11,2.2063371972148223e-07,154.27324812698373,False
SPARC,ESO079-G014,4.39,2.8491562486555165e-11,2.0968933440010005e-07,218.9400517305282,False
SPARC,ESO079-G014,5.65,2.491348476491638e-11,1.9813800436130165e-07,314.6241157568518,False
SPARC,ESO079-G014,6.34,2.4181664806941443e-11,1.92322775357633e-07,390.67586223308064,False
SPARC,ESO079-G014,6.89,2.4430665707518858e-11,1.8773303333996596e-07,480.29875765944337,False
SPARC,ESO079-G014,8.34,2.6319600222282473e-11,1.7510064499707518e-07,845.0420675585269,False
SPARC,ESO079-G014,10.04,2.8636068406110648e-11,1.5906300127904834e-07,1533.4370072247607,False
SPARC,ESO079-G014,11.65,2.738577156611039e-11,1.4357974193194713e-07,2143.8511611299796,False
SPARC,ESO079-G014,13.36,2.462994697839384e-11,1.2831076790677213e-07,2695.8210736669575,False
SPARC,ESO079-G014,15.06,2.111315297259196e-11,1.1496161652927481e-07,3037.861327816231,False
SPARC,ESO079-G014,16.67,1.8188774711193784e-11,1.0409938959294403e-07,3288.960755102283,False
SPARC,ESO116-G012,0.25,1.9459719434127788e-11,8.348523634675864e-08,1.005152138459943,False
SPARC,ESO116-G012,0.83,2.3734249295241972e-11,7.918462450117877e-08,15.71192613187725,False
SPARC,ESO116-G012,1.38,3.0892970460879735e-11,7.402698562294346e-08,68.82346814718743,False
SPARC,ESO116-G012,1.85,3.3816157619755966e-11,6.880611958715908e-08,152.32434044247265,False
SPARC,ESO116-G012,2.68,2.402495677677317e-11,6.056485442454062e-08,218.57232273792286,False
SPARC,ESO116-G012,3.19,2.30963619659327e-11,5.643944785385982e-08,313.52154524981717,False
SPARC,ESO116-G012,3.68,2.227371665932629e-11,5.2623128097360576e-08,424.1478221599685,False
SPARC,ESO116-G012,4.13,2.1162424511843393e-11,4.9267738966138165e-08,528.8716087967426,False
SPARC,ESO116-G012,5.23,1.6968002183011294e-11,4.206755663787513e-08,714.6421718223115,False
SPARC,ESO116-G012,6.05,1.3657353415333247e-11,3.775659521850277e-08,770.408933705183,False
SPARC,ESO116-G012,6.81,1.1279864009005791e-11,3.45031707557365e-08,802.4504519847296,False
SPARC,ESO116-G012,7.56,1.0200335880883027e-11,3.1737638516773226e-08,925.0155763108369,False
SPARC,ESO116-G012,8.32,9.559383929035046e-12,2.915969428534305e-08,1106.7546997714228,False
SPARC,ESO116-G012,9.09,8.784555811431238e-12,2.6734969320555408e-08,1269.8075557254158,False
SPARC,ESO116-G012,9.86,7.270669929819732e-12,2.4612769443053916e-08,1222.376435764531,False
SPARC,ESO563-G021,0.45,1.5302729709426741e-10,1.1871089535544864e-06,4.701778652893918,False
SPARC,ESO563-G021,1.34,1.7462514634899122e-10,1.1370499084093728e-06,52.8950497806029,False
SPARC,ESO563-G021,2.23,1.3733892477864865e-10,1.0893877473825273e-06,109.4831220210497,False
SPARC,ESO563-G021,3.12,1.1097899310015748e-10,1.0514495048630923e-06,164.11364574295646,False
SPARC,ESO563-G021,4.01,1.0069763793665612e-10,1.0191093522370906e-06,243.9120215397947,False
SPARC,ESO563-G021,4.9,1.0219077937053018e-10,9.881118710809337e-07,385.74618524182665,False
SPARC,ESO563-G021,5.79,1.1103910653133543e-10,9.555344107315577e-07,632.780649231947,False
SPARC,ESO563-G021,6.69,1.14970973356202e-10,9.206164025865478e-07,928.3763493914279,False
SPARC,ESO563-G021,7.58,1.1176161397962861e-10,8.859759869496709e-07,1194.1361576217455,False
SPARC,ESO563-G021,8.47,1.1181625504937721e-10,8.518175521107452e-07,1560.5528099261505,False
SPARC,ESO563-G021,10.23,1.0785123970464304e-10,7.854497235425899e-07,2363.853606523455,False
SPARC,ESO563-G021,12.06,1.0163982025884685e-10,7.196391421374208e-07,3312.904114047634,False
SPARC,ESO563-G021,13.44,9.316420665379618e-11,6.734907939925276e-07,3879.80381770997,False
SPARC,ESO563-G021,15.18,8.505914852602827e-11,6.202563150831484e-07,4716.775248979632,False
SPARC,ESO563-G021,16.83,7.773321428637275e-11,5.741461035474274e-07,5496.187123504407,False
SPARC,ESO563-G021,18.56,6.764899519290209e-11,5.309706894407013e-07,5879.438272497527,False
SPARC,ESO563-G021,20.3,6.08830065240725e-11,4.92578784363621e-07,6487.001207325677,False
SPARC,ESO563-G021,21.94,5.67133486425649e-11,4.594720112158451e-07,7320.714610109656,False
SPARC,ESO563-G021,23.68,5.2534574252343074e-11,4.268401698874486e-07,8199.823005652775,False
SPARC,ESO563-G021,25.41,4.6227609100839315e-11,3.975099087803224e-07,8362.737025106058,False
SPARC,ESO563-G021,27.06,4.0886603928311486e-11,3.7283519602877306e-07,8402.001012666107,False
SPARC,ESO563-G021,28.8,3.555413598792067e-11,3.5000270612989214e-07,8206.382343266281,False
SPARC,ESO563-G021,30.53,3.11818777940097e-11,3.301835340235707e-07,8015.587319824326,False
SPARC,ESO563-G021,32.18,2.8203426747033616e-11,3.133629110705379e-07,8064.48753355105,False
SPARC,ESO563-G021,33.91,2.574414672062119e-11,2.97341632862828e-07,8225.202241155856,False
SPARC,ESO563-G021,35.65,2.3266902692196055e-11,2.8270226265424535e-07,8206.682628446932,False
SPARC,ESO563-G021,37.3,2.1325022928176216e-11,2.7007179837681515e-07,8244.916990842366,False
SPARC,ESO563-G021,39.03,1.9365942195353174e-11,2.5798744998299614e-07,8169.570170938287,False
SPARC,ESO563-G021,40.76,1.7657974363521223e-11,2.469921367668343e-07,8094.6055999730515,False
SPARC,ESO563-G021,42.41,1.6302487777106522e-11,2.3737298715746522e-07,8082.413748169158,False
SPARC,F568-3,0.64,4.725927163443922e-12,7.053540053874212e-08,0.9397398789930573,False
SPARC,F568-3,1.18,6.220289973639166e-12,6.952070216951919e-08,4.891840325602715,False
SPARC,F568-3,1.8,6.963340029789283e-12,6.811754655194113e-08,13.758611364483048,False
SPARC,F568-3,2.03,7.107370620553436e-12,6.756199673089863e-08,18.19388272369967,False
SPARC,F568-3,2.78,7.747696074836268e-12,6.564943697500044e-08,39.96752648447302,False
SPARC,F568-3,3.0,7.860700292265622e-12,6.505996914347421e-08,47.99877021811861,False
SPARC,F568-3,3.64,8.080950822852051e-12,6.330854062112132e-08,75.70446230738297,False
SPARC,F568-3,4.19,8.197244537473326e-12,6.177163184866792e-08,105.05298732687255,False
SPARC,F568-3,4.6,7.92534019493955e-12,6.063688844072931e-08,122.65192225649157,False
SPARC,F568-3,5.14,7.521977668419961e-12,5.920494459670322e-08,145.06591936510878,False
SPARC,F568-3,5.39,7.4957995392743e-12,5.8560441795078965e-08,160.45063563399748,False
SPARC,F568-3,6.31,7.620636517362567e-12,5.617309020929093e-08,235.06900225013155,False
SPARC,F568-3,9.1,7.224851430244758e-12,4.906295558644425e-08,517.2567000382688,False
SPARC,F568-3,10.17,7.15880831775262e-12,4.6420958572272085e-08,673.7295102883762,False
SPARC,F568-3,11.99,6.671622310654255e-12,4.209993899148827e-08,929.5079919009899,False
SPARC,F568-3,14.02,5.968850998940578e-12,3.769501399921598e-08,1201.7652991073223,False
SPARC,F568-3,15.94,5.51111911436527e-12,3.3911275361289956e-08,1532.6586545383705,False
SPARC,F568-3,17.98,4.9026798381635355e-12,3.026442032660049e-08,1833.9243406562593,False
SPARC,F568-V1,0.39,6.132480946117901e-12,5.676697479380321e-08,0.6404834418952343,False
SPARC,F568-V1,1.18,1.1331534465602626e-11,5.4398600487328635e-08,15.338293674803483,False
SPARC,F568-V1,1.95,9.936849204346662e-12,5.1587318855638265e-08,36.30671518328056,False
SPARC,F568-V1,2.74,8.131071474867841e-12,4.913704621791751e-08,55.76215559210892,False
SPARC,F568-V1,3.53,7.927199528690235e-12,4.695931128384797e-08,93.26019593462377,False
SPARC,F568-V1,4.3,7.824779067541977e-12,4.487719499435595e-08,142.05268357758843,False
SPARC,F568-V1,5.09,7.173758792085314e-12,4.2843175276440003e-08,183.10483283693335,False
SPARC,F568-V1,5.87,6.390045486438913e-12,4.1027010448559596e-08,213.880450530987,False
SPARC,F568-V1,6.4,6.0978791742090625e-12,3.989083530651465e-08,243.81265076766653,False
SPARC,F568-V1,7.44,5.828316788340776e-12,3.776164527567285e-08,325.35543411034814,False
SPARC,F568-V1,8.21,5.736601512042477e-12,3.623297986816449e-08,403.28348948956676,False
SPARC,F568-V1,9.0,5.471714828228244e-12,3.471296927419072e-08,471.3293256486293,False
SPARC,F568-V1,9.72,5.453371503993188e-12,3.336264984162994e-08,569.2444958040288,False
SPARC,F568-V1,11.79,5.5051723889734876e-12,2.9468592515798837e-08,962.2645144671421,False
SPARC,F568-V1,17.63,3.3945060134917746e-12,2.054650858975187e-08,1495.2942115725864,False
SPARC,F571-8,0.22,1.0811069568673706e-10,1.9236656081579129e-07,4.218817451859351,False
SPARC,F571-8,0.78,1.5283668650551352e-10,1.6728121368854242e-07,100.36872597481094,False
SPARC,F571-8,1.33,1.3214606503990658e-10,1.4037451542421387e-07,283.9737474581368,False
SPARC,F571-8,2.33,9.149174547282024e-11,1.0198396176738705e-07,708.8943604079177,False
SPARC,F571-8,3.44,5.472639264707611e-11,7.412253375891143e-08,1002.0726356092167,False
SPARC,F571-8,3.78,4.655395824653082e-11,6.821123025261871e-08,1035.3348632289587,False
SPARC,F571-8,4.77,2.925300533948483e-11,5.532803942065076e-08,1019.5161643723717,False
SPARC,F571-8,5.44,2.2727132698808935e-11,4.934955124150481e-08,1020.5676502796649,False
SPARC,F571-8,6.11,1.8054538952009936e-11,4.4659053080253013e-08,1008.953515431419,False
SPARC,F571-8,7.22,1.3533742757503147e-11,3.8640000669399696e-08,1058.4378031927313,False
SPARC,F571-8,9.33,8.579345406106609e-12,3.063039756175606e-08,1127.06397749936,False
SPARC,F571-8,11.1,6.430841258895218e-12,2.6069624076378748e-08,1217.10867962275,False
SPARC,F571-8,15.55,3.4668644932908736e-12,1.850872060996621e-08,1332.4319809030085,False
SPARC,F574-1,0.47,5.821856582871827e-12,5.483366476184879e-08,0.8909071416002886,False
SPARC,F574-1,1.41,1.2441871136233243e-11,5.18865542516695e-08,26.4079471972435,False
SPARC,F574-1,2.35,1.1713318899133343e-11,4.798877305806687e-08,72.51108413884991,False
SPARC,F574-1,3.29,8.981396726316696e-12,4.464938830250375e-08,102.7057891913795,False
SPARC,F574-1,4.22,7.785805980161138e-12,4.1972546492333165e-08,145.18990198500106,False
SPARC,F574-1,5.17,7.213824569359283e-12,3.952639521711929e-08,206.47915210047015,False
SPARC,F574-1,6.11,6.906704532781561e-12,3.72478483417911e-08,286.80636922113143,False
SPARC,F574-1,7.05,6.390266515832591e-12,3.5102194194202845e-08,360.7369443222945,False
SPARC,F574-1,7.99,6.147973890823438e-12,3.307897195557098e-08,464.13441705461224,False
SPARC,F574-1,8.92,5.700737315314932e-12,3.1187354963252135e-08,547.9999506109651,False
SPARC,F574-1,9.87,5.652775736633542e-12,2.933581533109306e-08,704.4916361295454,False
SPARC,F574-1,10.79,5.6812886806453445e-12,2.754581691092083e-08,903.6808329990273,False
SPARC,F574-1,11.8,5.652643037927157e-12,2.558073295702696e-08,1155.3295439905612,False
SPARC,F574-1,12.6,5.557469526254231e-12,2.4041235045085875e-08,1366.681096771987,False
SPARC,F583-1,0.26,1.5645235955864528e-12,3.7213807525066565e-08,0.05607045859443566,False
SPARC,F583-1,0.44,2.403689681684623e-12,3.7091191663326386e-08,0.3066990890667755,False
SPARC,F583-1,0.77,3.532335787779014e-12,3.6754921109413706e-08,1.6878063465925277,False
SPARC,F583-1,0.89,3.739016333271038e-12,3.660513361160866e-08,2.4655172959581537,False
SPARC,F583-1,1.22,3.813683986594693e-12,3.617727986785995e-08,4.82889044383865,False
SPARC,F583-1,1.55,3.3421435477294665e-12,3.577190861380295e-08,6.468647824698357,False
SPARC,F583-1,1.8,2.8162164975483597e-12,3.550761648536741e-08,6.799589708138129,False
SPARC,F583-1,2.21,2.480895732531937e-12,3.513479393340337e-08,8.566382931806535,False
SPARC,F583-1,2.31,2.4493901060379738e-12,3.505015869100175e-08,9.20383087250315,False
SPARC,F583-1,2.54,2.38039576860706e-12,3.4859465644643974e-08,10.719893543743432,False
SPARC,F583-1,3.1,2.288483613129857e-12,3.4410637766003535e-08,15.249768245907559,False
SPARC,F583-1,3.43,2.4251842705734145e-12,3.414361268021722e-08,20.52600897894863,False
SPARC,F583-1,3.86,2.53197971941667e-12,3.3777697113551416e-08,28.031883577403917,False
SPARC,F583-1,4.09,2.557552494604368e-12,3.35767485771944e-08,32.14188935066014,False
SPARC,F583-1,4.37,2.6015982395556875e-12,3.332876929884154e-08,37.92631326444057,False
SPARC,F583-1,4.76,2.6633006747587643e-12,3.29762898603973e-08,47.10792669869448,False
SPARC,F583-1,5.4,2.8146585229121747e-12,3.23744542090081e-08,67.09610085800838,False
SPARC,F583-1,5.86,2.92321388898329e-12,3.192136067723035e-08,84.81970925123832,False
SPARC,F583-1,6.08,2.954119835254639e-12,3.16993968646708e-08,93.41175592593036,False
SPARC,F583-1,6.43,3.0335531262808907e-12,3.133964317251194e-08,109.97013657257753,False
SPARC,F583-1,6.97,3.2219144202749784e-12,3.075977045130365e-08,144.11077881155958,False
SPARC,F583-1,7.96,3.5119172973101915e-12,2.9615373750206762e-08,222.19009800869932,False
SPARC,F583-1,10.29,3.9252786446388135e-12,2.6640666113506448e-08,487.9418852737169,False
SPARC,F583-1,15.49,3.5686227152029675e-12,1.9951215379344807e-08,1280.9961692136762,False
SPARC,F583-1,16.26,3.408671089354724e-12,1.9028947932224468e-08,1381.6661617894651,False
SPARC,F583-4,0.22,2.3340902637400677e-12,2.5927353308885954e-08,0.10496071537659413,False
SPARC,F583-4,0.76,6.776015358709318e-12,2.5082859800052508e-08,6.392292771177974,False
SPARC,F583-4,1.31,9.042954257031508e-12,2.3589308909708597e-08,31.110546036646593,False
SPARC,F583-4,1.94,9.094116979336277e-12,2.1627815506267133e-08,75.06863974041181,False
SPARC,F583-4,3.92,6.648258643777756e-12,1.6277066189656545e-08,254.95957618322004,False
SPARC,F583-4,4.35,6.12783943955361e-12,1.5333992049002703e-08,294.99727273584034,False
SPARC,F583-4,5.0,5.63963036980333e-12,1.4020959194426112e-08,376.44822926517435,False
SPARC,F583-4,5.05,5.589553652492601e-12,1.3924576880822257e-08,381.5437996170479,False
SPARC,F583-4,5.83,4.907986243483115e-12,1.2518978396293194e-08,465.53223313722594,False
SPARC,F583-4,6.09,4.729445624037633e-12,1.2088834452665278e-08,497.660026490051,False
SPARC,F583-4,6.74,4.6667647300591005e-12,1.1040390470796587e-08,654.3276752835485,False
SPARC,F583-4,7.29,4.081113359197289e-12,1.0214457971638865e-08,676.7498873748449,False
SPARC,IC2574,0.85,1.7532253751149902e-12,2.0695065942603233e-08,1.2782923768521888,False
SPARC,IC2574,1.14,2.0433980470546094e-12,2.0506060345955124e-08,2.9195624175714037,False
SPARC,IC2574,1.42,2.2027725175884207e-12,2.0301964290879353e-08,5.120803446708224,False
SPARC,IC2574,1.71,2.4338072420433325e-12,2.007114352557549e-08,8.72305904490298,False
SPARC,IC2574,1.99,2.7175058029282325e-12,1.9823540972891073e-08,14.11133697667907,False
SPARC,IC2574,2.28,2.7256496037178452e-12,1.9552566814834168e-08,18.86573705816116,False
SPARC,IC2574,2.55,2.821916827093635e-12,1.9295441154891323e-08,25.191017263078166,False
SPARC,IC2574,2.84,2.79415882305808e-12,1.9015858586106755e-08,31.240815918831142,False
SPARC,IC2574,3.13,2.7459666500652826e-12,1.874005701083367e-08,37.515384512986586,False
SPARC,IC2574,3.41,2.6696651185669767e-12,1.8479749737987742e-08,43.2885397679009,False
SPARC,IC2574,3.7,2.4319933301878877e-12,1.822577616942909e-08,44.93477025077933,False
SPARC,IC2574,3.98,2.211192258982499e-12,1.8002597225647304e-08,45.638703724506904,False
SPARC,IC2574,4.26,2.2057086179798784e-12,1.7790294862629878e-08,52.715032145638624,False
SPARC,IC2574,4.55,2.5520196722250846e-12,1.7553443014503762e-08,75.84700722421115,False
SPARC,IC2574,4.84,2.8992681105867116e-12,1.728206400602098e-08,105.55029356111395,False
SPARC,IC2574,5.12,3.048273834827845e-12,1.699618998613011e-08,129.48029717490118,False
SPARC,IC2574,5.41,3.0171637213677374e-12,1.6694237035635622e-08,144.9379404716606,False
SPARC,IC2574,5.68,3.1074971061283604e-12,1.6410363471102992e-08,169.88687393009667,False
SPARC,IC2574,5.97,3.1420427328264737e-12,1.6099245439448753e-08,194.51037041615996,False
SPARC,IC2574,6.26,3.2639019390567282e-12,1.578034117632535e-08,231.00942147614512,False
SPARC,IC2574,6.54,3.3794016414223415e-12,1.546102473983158e-08,271.13162375765427,False
SPARC,IC2574,6.83,3.300592070483874e-12,1.512847761657674e-08,291.71761335486786,False
SPARC,IC2574,7.1,3.2710661976953718e-12,1.4823886046525499e-08,317.4225122256923,False
SPARC,IC2574,7.39,3.2164861623106624e-12,1.4500919144559733e-08,342.7974918044543,False
SPARC,IC2574,7.68,3.273650834479317e-12,1.417782357278315e-08,388.8215619511078,False
SPARC,IC2574,7.96,3.288505667911044e-12,1.3862407544496425e-08,430.1233785631169,False
SPARC,IC2574,8.25,3.271075861939885e-12,1.353585484675668e-08,469.4468627600041,False
SPARC,IC2574,8.52,3.138933806355437e-12,1.3238755571469705e-08,481.233131233534,False
SPARC,IC2574,8.81,3.066395383704938e-12,1.2929838458669759e-08,508.7117437875728,False
SPARC,IC2574,9.1,3.022737878202587e-12,1.262670587551275e-08,543.9807885338424,False
SPARC,IC2574,9.38,3.0533701710687838e-12,1.2334652208757915e-08,600.6972787982926,False
SPARC,IC2574,9.67,3.186439765683269e-12,1.2024018556449923e-08,698.2132614376651,False
SPARC,IC2574,9.96,3.169692990958071e-12,1.1707594057504734e-08,754.7835154765809,False
SPARC,IC2574,10.23,3.248665344111206e-12,1.1410107827598888e-08,847.7805351869533,False
SPARC,IC4202,0.77,5.365899230805712e-10,1.223763535276574e-06,72.07176734408735,False
SPARC,IC4202,1.59,4.6247815969757e-10,1.0831302633998652e-06,295.83425020496,False
SPARC,IC4202,2.36,3.243881330423143e-10,9.791212898123953e-07,457.6036574815385,False
SPARC,IC4202,3.13,2.4462170162125524e-10,9.039088561237437e-07,597.3497229738185,False
SPARC,IC4202,3.95,2.0716946055363128e-10,8.403127204480287e-07,817.4014047620452,False
SPARC,IC4202,4.73,1.8481831117776249e-10,7.878263833291013e-07,1070.3588181233092,False
SPARC,IC4202,5.5,1.5884668208960544e-10,7.424003134396141e-07,1241.3403916884288,False
SPARC,IC4202,6.27,1.372057466504987e-10,7.032677320526075e-07,1382.2585309654519,False
SPARC,IC4202,7.08,1.246047838704398e-10,6.668635503561288e-07,1621.5365328483513,False
SPARC,IC4202,7.86,1.1902921991037412e-10,6.342414703366624e-07,1973.571952687921,False
SPARC,IC4202,8.66,1.1453165592164365e-10,6.021662812075709e-07,2394.849449422266,False
SPARC,IC4202,9.45,1.0941526866333303e-10,5.717958234579116e-07,2818.2213533641616,False
SPARC,IC4202,10.24,1.0338318506713896e-10,5.4293726038458e-07,3215.068634337446,False
SPARC,IC4202,11.02,9.682116238963667e-11,5.16130319885192e-07,3563.388492879874,False
SPARC,IC4202,11.79,9.044633574433998e-11,4.91377067081101e-07,3880.391126451796,False
SPARC,IC4202,12.47,8.476024276904051e-11,4.709249408245543e-07,4118.628134722274,False
SPARC,IC4202,13.34,7.797899445190929e-11,4.466202180152851e-07,4396.28868124542,False
SPARC,IC4202,14.11,7.249523543600618e-11,4.267303455599394e-07,4622.497930136868,False
SPARC,IC4202,14.59,6.930474786743943e-11,4.150462107062117e-07,4754.177702706896,False
SPARC,IC4202,14.98,6.689192982304061e-11,4.0592798654813925e-07,4862.413268224938,False
SPARC,IC4202,15.75,6.23161074570518e-11,3.888491061071436e-07,5051.132638459279,False
SPARC,IC4202,16.52,5.804466446172112e-11,3.729396682992575e-07,5213.30492528674,False
SPARC,IC4202,17.1,5.4953603347433675e-11,3.6168898438746334e-07,5308.219939579267,False
SPARC,IC4202,17.88,5.103060597017241e-11,3.474979219597848e-07,5407.868999841645,False
SPARC,IC4202,18.65,4.749056975793643e-11,3.344752693710829e-07,5489.521224849027,False
SPARC,IC4202,19.62,4.3539876063459195e-11,3.1931742137347466e-07,5587.886712920184,False
SPARC,IC4202,20.78,3.982036014587147e-11,3.02717880750646e-07,5785.217019291464,False
SPARC,IC4202,22.13,3.6366241190597445e-11,2.850619135876025e-07,6083.914969597638,False
SPARC,IC4202,23.0,3.425063437803947e-11,2.745154490983895e-07,6238.191264985258,False
SPARC,IC4202,23.58,3.292560036248833e-11,2.678270405227234e-07,6334.600004337822,False
SPARC,IC4202,25.03,2.9382822354600884e-11,2.5231767956914724e-07,6384.3952390362665,False
SPARC,IC4202,25.9,2.7421146529298792e-11,2.4383414024718826e-07,6375.052599228418,False
SPARC,KK98-251,0.25,9.909136386576669e-13,8.541079660519477e-09,0.11388147127200682,False
SPARC,KK98-251,0.41,1.4816566259449077e-12,8.4731674653887e-09,0.5643944914611476,False
SPARC,KK98-251,0.57,1.9649356533894257e-12,8.37850255302553e-09,1.6844466652021481,False
SPARC,KK98-251,0.74,2.70203914745749e-12,8.242306813868749e-09,4.652336316453753,False
SPARC,KK98-251,0.9,3.3157979286961868e-12,8.077019488516779e-09,9.543984397354796,False
SPARC,KK98-251,1.07,4.012536046420093e-12,7.863157639006128e-09,18.441534464012634,False
SPARC,KK98-251,1.24,4.682928686778793e-12,7.609398984377258e-09,32.259763504905784,False
SPARC,KK98-251,1.4,5.154582146505792e-12,7.339199603241153e-09,49.22909214575372,False
SPARC,KK98-251,1.57,5.452866082032976e-12,7.029643774529377e-09,70.32249218315732,False
SPARC,KK98-251,1.72,5.679707821110954e-12,6.742984505159375e-09,93.53267580022859,False
SPARC,KK98-251,1.89,5.791661826691423e-12,6.408216966230387e-09,122.36649864652236,False
SPARC,KK98-251,2.06,5.761388986842596e-12,6.071065736105983e-09,152.2500253689475,False
SPARC,KK98-251,2.46,5.286835413410403e-12,5.312432925888162e-09,218.16724691602823,False
SPARC,KK98-251,2.79,4.765301107250522e-12,4.742988348334168e-09,269.0448351488449,False
SPARC,KK98-251,3.13,3.940801593766395e-12,4.2348501461203126e-09,285.30523206276365,False
SPARC,NGC0024,0.21,2.6903306122898903e-11,8.662252974796532e-08,1.1070589590947526,False
SPARC,NGC0024,0.32,3.3837194300947124e-11,8.547556467133101e-08,3.662525136089566,False
SPARC,NGC0024,0.43,3.366409229104079e-11,8.420093542381663e-08,6.663767524327367,False
SPARC,NGC0024,0.54,3.549171846627891e-11,8.289506373636774e-08,11.547627326927321,False
SPARC,NGC0024,0.64,3.538249154493053e-11,8.167840893363898e-08,16.390014135962502,False
SPARC,NGC0024,0.74,3.5593855567074075e-11,8.046000080492323e-08,22.445205574380232,False
SPARC,NGC0024,0.85,3.6819738347892726e-11,7.909261227973026e-08,31.683597156357735,False
SPARC,NGC0024,0.96,3.845121330455243e-11,7.767126816455252e-08,43.89502239259683,False
SPARC,NGC0024,1.07,3.967880530824103e-11,7.619593618407247e-08,58.24881066508533,False
SPARC,NGC0024,1.17,4.046445053501037e-11,7.482016526383801e-08,73.0310066368178,False
SPARC,NGC0024,1.28,4.138637444770809e-11,7.327457316147152e-08,92.30225072432812,False
SPARC,NGC0024,1.38,4.218791174395583e-11,7.183990381328924e-08,112.6077964588208,False
SPARC,NGC0024,1.48,4.329304718562634e-11,7.037250376456789e-08,137.41071570367393,False
SPARC,NGC0024,1.59,4.3606551335347826e-11,6.873157548802095e-08,164.16623158732372,False
SPARC,NGC0024,1.7,4.3714499145696765e-11,6.708268891879768e-08,193.0321735101066,False
SPARC,NGC0024,1.8,4.303711776013238e-11,6.55934762512241e-08,216.30992586729144,False
SPARC,NGC0024,1.91,4.224666392612161e-11,6.39830595026812e-08,242.9784273271572,False
SPARC,NGC0024,2.02,4.082978331417594e-11,6.241432393068935e-08,264.9234019198123,False
SPARC,NGC0024,2.13,3.946678987554328e-11,6.089808082140698e-08,287.1314893493308,False
SPARC,NGC0024,2.23,3.81365220775551e-11,5.956591158551056e-08,305.85851522853534,False
SPARC,NGC0024,2.34,3.703377542868871e-11,5.814646812623301e-08,330.3574246096327,False
SPARC,NGC0024,2.44,3.5959735474545194e-11,5.689343256372857e-08,351.466447471462,False
SPARC,NGC0024,2.54,3.480186181708824e-11,5.567871091561413e-08,370.76186279397405,False
SPARC,NGC0024,2.65,3.3590220568651375e-11,5.438726073875744e-08,392.0204085329587,False
SPARC,NGC0024,2.76,3.241504589939688e-11,5.314088089360438e-08,412.8321092118558,False
SPARC,NGC0024,7.07,9.422941430258603e-12,2.2186138230740915e-08,1027.3868057158013,False
SPARC,NGC0024,8.49,6.590369556688671e-12,1.8282688183421327e-08,1052.4400188358773,False
SPARC,NGC0024,9.91,4.707613388053272e-12,1.5528659856848742e-08,1019.6774173429204,False
SPARC,NGC0024,11.27,3.5170410584086483e-12,1.3608507399300913e-08,971.9588985560964,False
SPARC,NGC0055,1.23,1.4871949333159745e-11,6.977893554625235e-08,19.50574114313532,False
SPARC,NGC0055,1.84,1.5502566270236225e-11,6.659826754685061e-08,48.68413409772633,False
SPARC,NGC0055,2.46,1.5007373068369916e-11,6.335104407624364e-08,87.19007814298924,False
SPARC,NGC0055,3.07,1.4523827904665948e-11,6.025868378496265e-08,135.99983685437272,False
SPARC,NGC0055,3.68,1.4201870695952272e-11,5.725067169046752e-08,198.98701936451286,False
SPARC,NGC0055,4.3,1.3876554164265025e-11,5.4262238340539494e-08,276.99986551882233,False
SPARC,NGC0055,4.91,1.3174778657514318e-11,5.142955749153923e-08,352.72614841092326,False
SPARC,NGC0055,5.52,1.2432294829548545e-11,4.874811228720736e-08,431.37938245110263,False
SPARC,NGC0055,6.14,1.1675223814846132e-11,4.618230907496964e-08,512.9729873442767,False
SPARC,NGC0055,6.75,1.097627291406434e-11,4.381035714905501e-08,595.9991720813067,False
SPARC,NGC0055,7.37,1.0371158811523906e-11,4.153831456754797e-08,688.5499300582237,False
SPARC,NGC0055,7.98,9.827192916741643e-12,3.942324376867168e-08,784.8041192073082,False
SPARC,NGC0055,8.59,9.41442441075605e-12,3.740835743140731e-08,898.8962946596383,False
SPARC,NGC0055,9.21,8.862542760602793e-12,3.546310948739547e-08,995.8903526487496,False
SPARC,NGC0055,9.82,8.23653098912543e-12,3.367257964305813e-08,1068.5833301176165,False
SPARC,NGC0055,10.43,7.617667512860698e-12,3.2012406934796327e-08,1128.0440687231307,False
SPARC,NGC0055,11.05,6.9225254044979555e-12,3.046487007527016e-08,1152.7774289223898,False
SPARC,NGC0055,11.66,6.3326221184365235e-12,2.9076857041448042e-08,1176.8296853118634,False
SPARC,NGC0055,12.28,5.9467776105694195e-12,2.7769940152415165e-08,1243.9275280406582,False
SPARC,NGC0055,12.89,5.668211224990763e-12,2.6553676367831737e-08,1334.009510356703,False
SPARC,NGC0055,13.5,5.4772341154158925e-12,2.5386580839587352e-08,1454.0245722165828,False
SPARC,NGC0100,0.23,6.483650995082131e-12,4.8276795649243654e-08,0.28469181407383104,False
SPARC,NGC0100,0.69,1.309376048578549e-11,4.673085703747829e-08,7.575215647310955,False
SPARC,NGC0100,1.15,1.6596752166895116e-11,4.4386333096826396e-08,31.57590752961639,False
SPARC,NGC0100,1.59,1.736813825405084e-11,4.1820892056815324e-08,68.58411653309633,False
SPARC,NGC0100,2.05,1.6995572982462653e-11,3.91073470053667e-08,118.08096659053155,False
SPARC,NGC0100,2.51,1.6486122487609413e-11,3.6463450703491546e-08,181.48578491663818,False
SPARC,NGC0100,2.97,1.5997360601051202e-11,3.38983786662376e-08,261.4066011505981,False
SPARC,NGC0100,3.42,1.534165489899152e-11,3.1477477795286164e-08,350.76441552365577,False
SPARC,NGC0100,3.88,1.3866727443156786e-11,2.9171025479357635e-08,418.9552070873376,False
SPARC,NGC0100,4.34,1.2335010074806165e-11,2.710199414883951e-08,473.6948413652221,False
SPARC,NGC0100,4.79,1.1103516054037927e-11,2.5291396482838828e-08,528.3852404879574,False
SPARC,NGC0100,5.24,1.0041252815310302e-11,2.365798877825403e-08,581.6180875577974,False
SPARC,NGC0100,5.7,8.892657434075893e-12,2.2162864514516126e-08,612.5486187099579,False
SPARC,NGC0100,6.16,7.855213386370988e-12,2.0840361782656504e-08,631.8719141002465,False
SPARC,NGC0100,7.16,6.191957834306801e-12,1.842896864999401e-08,676.0221873444401,False
SPARC,NGC0100,7.52,5.762934733460923e-12,1.7690167909315986e-08,697.6387394091904,False
SPARC,NGC0100,7.98,5.291440865068066e-12,1.6817254445581324e-08,727.1876701560001,False
SPARC,NGC0100,8.44,4.9208735729492555e-12,1.6010834698994875e-08,766.3562173420019,False
SPARC,NGC0100,8.9,4.6196822654136e-12,1.5257460655514073e-08,813.5147669565112,False
SPARC,NGC0100,9.35,4.381806725968362e-12,1.456210656760194e-08,869.1087656247639,False
SPARC,NGC0100,9.62,4.287342471620948e-12,1.4160297822024276e-08,915.7574734355668,False
SPARC,NGC0247,1.08,7.628227310976383e-12,6.415931698800342e-08,6.026378660302113,False
SPARC,NGC0247,1.61,9.194490406072268e-12,6.262875412738811e-08,18.1474357821746,False
SPARC,NGC0247,2.15,9.452323674632615e-12,6.090022164882114e-08,34.6956396201278,False
SPARC,NGC0247,2.7,9.3353030005367e-12,5.912638446285003e-08,55.33192516473118,False
SPARC,NGC0247,3.22,9.431449243189394e-12,5.745116539408351e-08,82.26345550780174,False
SPARC,NGC0247,3.77,9.437992151364193e-12,5.56696036565172e-08,116.52512174893428,False
SPARC,NGC0247,4.31,9.427194985380946e-12,5.3920828314039234e-08,157.00614750837727,False
SPARC,NGC0247,4.85,9.240513838121604e-12,5.219035892327907e-08,199.39301897716294,False
SPARC,NGC0247,5.38,8.861707966498525e-12,5.05433843467103e-08,238.0062498459304,False
SPARC,NGC0247,5.92,8.605880917971034e-12,4.892416432454555e-08,285.00168791459043,False
SPARC,NGC0247,6.46,8.471080509707935e-12,4.7341154898097576e-08,342.59169637937873,False
SPARC,NGC0247,6.99,8.445178045442045e-12,4.580208151408428e-08,412.7826670570065,False
SPARC,NGC0247,7.53,8.543047335714654e-12,4.422729778977339e-08,504.83545392023944,False
SPARC,NGC0247,8.07,8.512611382073001e-12,4.2646263093473386e-08,598.2603928115942,False
SPARC,NGC0247,8.62,8.449150917395813e-12,4.10448152242667e-08,701.4658807172723,False
SPARC,NGC0247,9.14,8.465625177961704e-12,3.9534913292869276e-08,821.3415223577313,False
SPARC,NGC0247,9.69,8.461998468222436e-12,3.7936688630814954e-08,961.6562619123188,False
SPARC,NGC0247,10.23,8.397241664951524e-12,3.637386165093393e-08,1105.3131672091822,False
SPARC,NGC0247,10.76,8.279747133910218e-12,3.485655748452286e-08,1249.6142313222201,False
SPARC,NGC0247,11.3,8.05971728453661e-12,3.334191295557354e-08,1384.0247195568443,False
SPARC,NGC0247,11.84,7.713373038802725e-12,3.18797704794776e-08,1488.090033519254,False
SPARC,NGC0247,12.38,7.290078300549243e-12,3.048897241507771e-08,1563.2760530328615,False
SPARC,NGC0247,12.91,6.778010056776525e-12,2.9209030973882613e-08,1591.0166260856397,False
SPARC,NGC0247,13.48,6.207075872525804e-12,2.7938460299497294e-08,1589.3889604030383,False
SPARC,NGC0247,14.01,5.675286695569015e-12,2.6857380348624642e-08,1561.4849513565805,False
SPARC,NGC0247,14.54,5.18221270021778e-12,2.5869544398818323e-08,1523.5949522916683,False
SPARC,NGC0289,1.5,3.4664133298172734e-10,7.386001143134366e-07,262.7941328332871,False
SPARC,NGC0289,2.52,3.3025945373326384e-10,6.200766507210565e-07,847.4644849268744,False
SPARC,NGC0289,3.46,2.1863583797732982e-10,5.315046402274902e-07,1063.9442495491942,False
SPARC,NGC0289,4.32,1.8307845770443565e-10,4.721991524772489e-07,1462.668170458081,False
SPARC,NGC0289,5.43,1.4683522026000684e-10,4.093350898800317e-07,1954.4491618613592,False
SPARC,NGC0289,6.38,1.1380011739055933e-10,3.668304787527853e-07,2082.978138875085,False
SPARC,NGC0289,7.57,8.4201177024619e-11,3.263827504955278e-07,2120.5447156541163,False
SPARC,NGC0289,10.6,4.6099844932637496e-11,2.5860773990376834e-07,2150.7659341841972,False
SPARC,NGC0289,13.57,3.0036339633735315e-11,2.1979031673101934e-07,2189.4649399917485,False
SPARC,NGC0289,16.64,2.0989792342260715e-11,1.928991176944463e-07,2194.473941510514,False
SPARC,NGC0289,19.71,1.623188134095359e-11,1.7328298382875265e-07,2332.724257712095,False
SPARC,NGC0289,22.68,1.3710616404134844e-11,1.5801704145930102e-07,2631.386851732515,False
SPARC,NGC0289,25.75,1.1622162731907444e-11,1.4466645462239702e-07,2892.74519743166,False
SPARC,NGC0289,28.72,9.780690062864321e-12,1.3375438175230928e-07,3004.628979124273,False
SPARC,NGC0289,31.79,8.914822270284541e-12,1.2390169012602816e-07,3460.0074050375642,False
SPARC,NGC0289,34.77,8.336037857908644e-12,1.1507686391179736e-07,4031.9834310231167,False
SPARC,NGC0289,37.84,7.525896793006896e-12,1.067174914631167e-07,4417.917453133184,False
SPARC,NGC0289,40.81,6.853846335778255e-12,9.93860947386213e-08,4795.680281388313,False
SPARC,NGC0289,43.88,6.119706627286813e-12,9.254892363763673e-08,5022.380708144012,False
SPARC,NGC0289,46.85,5.463998464335155e-12,8.664306448524082e-08,5157.855548692513,False
SPARC,NGC0289,49.92,4.884945815102397e-12,8.118908414889717e-08,5281.030290225611,False
SPARC,NGC0289,52.99,4.414040560436432e-12,7.628844042421445e-08,5438.074103506873,False
SPARC,NGC0289,55.96,4.0250327623470405e-12,7.19858465626746e-08,5595.244431842944,False
SPARC,NGC0289,59.03,3.613043675543674e-12,6.796051628985473e-08,5606.417114633602,False
SPARC,NGC0289,62.0,3.1928980038027172e-12,6.449056150080265e-08,5411.43621770377,False
SPARC,NGC0289,65.07,2.825611456694028e-12,6.131875659342986e-08,5216.282856618172,False
SPARC,NGC0289,68.05,2.5441573986937203e-12,5.857180504392767e-08,5100.797840064947,False
SPARC,NGC0289,71.12,2.294334760231671e-12,5.6021879140397115e-08,4986.615730220068,False
SPARC,NGC0300,0.91,1.7690922682239487e-11,4.5337615009089476e-08,21.287611912687478,False
SPARC,NGC0300,1.36,1.6754948072724773e-11,4.267671334447719e-08,46.59310632453345,False
SPARC,NGC0300,1.82,1.5735244149008945e-11,4.011111151768088e-08,80.86314890442551,False
SPARC,NGC0300,2.27,1.5326636053098204e-11,3.77116190117798e-08,128.6848243517441,False
SPARC,NGC0300,2.72,1.45905179663705e-11,3.5400555212662644e-08,182.9257015633672,False
SPARC,NGC0300,3.17,1.3384813083955933e-11,3.323949487862638e-08,232.6679397547787,False
SPARC,NGC0300,3.63,1.2007949689648563e-11,3.123434458235371e-08,276.0910362863231,False
SPARC,NGC0300,4.08,1.0859528512462096e-11,2.9467859674878647e-08,318.1355409695109,False
SPARC,NGC0300,4.54,1.0090502173776593e-11,2.7813531604634173e-08,373.97391043056444,False
SPARC,NGC0300,4.99,9.160515331587393e-12,2.6326413892038077e-08,413.0450598087345,False
SPARC,NGC0300,5.45,8.248206376858741e-12,2.4951726789155966e-08,444.3378839281372,False
SPARC,NGC0300,5.9,7.668896619278094e-12,2.372214992174229e-08,491.19878866133496,False
SPARC,NGC0300,6.36,7.71579637758307e-12,2.25072911056395e-08,607.2134819991787,False
SPARC,NGC0300,6.81,7.817464908240682e-12,2.1307365543985666e-08,750.0837611956566,False
SPARC,NGC0300,7.26,7.757837725496726e-12,2.01041923392851e-08,893.3501050113098,False
SPARC,NGC0300,7.71,7.368840023379356e-12,1.8935674861867664e-08,990.4705284989061,False
SPARC,NGC0300,8.17,6.67203726579983e-12,1.782693102381663e-08,1018.0409991520496,False
SPARC,NGC0300,8.62,5.9680999599703544e-12,1.6850495780700233e-08,1014.4865954872369,False
SPARC,NGC0300,9.07,5.424760283168792e-12,1.5970411169069535e-08,1027.1268448019393,False
SPARC,NGC0300,9.53,4.98584082927343e-12,1.5148333631028297e-08,1053.508185202581,False
SPARC,NGC0300,9.96,4.474479539805382e-12,1.445001529907849e-08,1025.6903487305367,False
SPARC,NGC0300,10.45,3.981770293772968e-12,1.3738714938055715e-08,996.9917605579333,False
SPARC,NGC0300,10.93,3.5593203188049875e-12,1.31173388447103e-08,965.5293744515247,False
SPARC,NGC0300,11.32,3.241470245346757e-12,1.2662033077583098e-08,932.4837172509363,False
SPARC,NGC0300,11.8,2.9985328227334308e-12,1.2147864911715965e-08,939.697648617501,False
SPARC,NGC0801,1.17,4.673412640997587e-10,1.6656369195556635e-06,104.06614957810268,False
SPARC,NGC0801,1.56,4.6119992710100556e-10,1.6034720645463988e-06,191.46875407706304,False
SPARC,NGC0801,1.96,4.467021859918918e-10,1.5411304333026859e-06,305.5801245468474,False
SPARC,NGC0801,2.73,4.161099638260372e-10,1.4270828410632424e-06,596.2046269815262,False
SPARC,NGC0801,3.52,3.6541902109715116e-10,1.3210961522050192e-06,914.7881331372082,False
SPARC,NGC0801,10.59,1.1250762964368216e-10,7.410536646726039e-07,2867.901087450126,False
SPARC,NGC0801,17.65,5.7055584031180125e-11,5.355519339792842e-07,4050.571607089837,False
SPARC,NGC0801,24.61,3.677048250128359e-11,4.2345031284365235e-07,5174.957130476975,False
SPARC,NGC0801,31.67,2.823366389966351e-11,3.4466869330410156e-07,7107.968528920592,False
SPARC,NGC0801,38.74,2.0326740653765565e-11,2.857326665956314e-07,7823.446686587073,False
SPARC,NGC0801,45.8,1.4312390353841416e-11,2.4375185473495614e-07,7544.424766021327,False
SPARC,NGC0801,52.86,1.095913511867839e-11,2.131240899662288e-07,7684.0041390234,False
SPARC,NGC0801,59.82,9.204135065842596e-12,1.8903339365319003e-07,8534.179099273908,False
SPARC,NGC0891,0.92,1.8619425726167362e-09,1.9829255740473203e-06,286.6493330145416,False
SPARC,NGC0891,2.32,8.877641588127355e-10,1.3220897833550162e-06,1258.2002208517238,False
SPARC,NGC0891,3.24,7.028452114875456e-10,1.0708834944964412e-06,2342.8181301858863,False
SPARC,NGC0891,4.17,4.819620754104319e-10,8.817319861570096e-07,2896.128802949789,False
SPARC,NGC0891,5.1,3.4469916896668855e-10,7.497575942125852e-07,3238.4371450784197,False
SPARC,NGC0891,6.03,2.6168761043359433e-10,6.529494674994597e-07,3546.118455770408,False
SPARC,NGC0891,6.96,2.095469222411026e-10,5.777180576130336e-07,3902.0895176759964,False
SPARC,NGC0891,7.89,1.6903444759703128e-10,5.172784925242874e-07,4113.140243254176,False
SPARC,NGC0891,8.8,1.4398445721273698e-10,4.683804916890698e-07,4483.003267282012,False
SPARC,NGC0891,9.73,1.1862669588994513e-10,4.264552805045718e-07,4531.308249110858,False
SPARC,NGC0891,10.64,1.0109050274641875e-10,3.921323319626559e-07,4656.83005862784,False
SPARC,NGC0891,11.58,8.772241100398268e-11,3.616647006483051e-07,4851.288641354261,False
SPARC,NGC0891,12.52,7.537947853267322e-11,3.3534590635415037e-07,4882.774791553261,False
SPARC,NGC0891,13.46,6.745157022133064e-11,3.122980986208734e-07,5139.896777889312,False
SPARC,NGC0891,14.4,5.977037745494473e-11,2.917690398827703e-07,5259.176465199248,False
SPARC,NGC0891,15.33,5.271588880330632e-11,2.7381088992411695e-07,5264.4305585233,False
SPARC,NGC0891,16.27,4.665650464832798e-11,2.5777575023811357e-07,5246.623640048399,False
SPARC,NGC0891,17.11,4.171244910824395e-11,2.4503314752469244e-07,5160.291623141911,False
SPARC,NGC1003,1.25,4.219657192345722e-11,1.0762401010998681e-07,61.67336894814754,False
SPARC,NGC1003,2.08,3.311458426550045e-11,9.689359430918373e-08,132.593017478652,False
SPARC,NGC1003,2.9,3.266046360427548e-11,8.763480569484672e-08,279.5615779764083,False
SPARC,NGC1003,3.73,2.812170719592207e-11,7.897449560313707e-08,411.18149758006655,False
SPARC,NGC1003,4.56,2.4552402945964504e-11,7.14694308509561e-08,555.1578712739715,False
SPARC,NGC1003,5.39,2.117830416221332e-11,6.495366974772346e-08,684.9322041931177,False
SPARC,NGC1003,6.22,1.6463036870384814e-11,5.959049035945069e-08,682.5811381973296,False
SPARC,NGC1003,7.04,1.3685862957513853e-11,5.534659697583823e-08,714.3365879297157,False
SPARC,NGC1003,7.87,1.1963796509382434e-11,5.16920054762968e-08,781.777321470455,False
SPARC,NGC1003,8.7,1.0371126981945195e-11,4.8509701179444025e-08,822.1484809642113,False
SPARC,NGC1003,9.54,8.970484376825058e-12,4.572068468773443e-08,844.1137014288975,False
SPARC,NGC1003,10.34,7.75719246166537e-12,4.3423453199911105e-08,839.8535802536961,False
SPARC,NGC1003,11.21,6.892102869872347e-12,4.1235615352909626e-08,870.787637964904,False
SPARC,NGC1003,11.98,6.3287348704168925e-12,3.948806843671642e-08,914.0172072271665,False
SPARC,NGC1003,12.85,5.7701458617789405e-12,3.768112901927781e-08,959.5623725605541,False
SPARC,NGC1003,13.72,5.274938382551395e-12,3.603157163196496e-08,1000.0595862512062,False
SPARC,NGC1003,14.49,4.865336433192763e-12,3.469121738727111e-08,1026.3741097263564,False
SPARC,NGC1003,15.36,4.453507699448523e-12,3.32994699057518e-08,1052.3439153074917,False
SPARC,NGC1003,16.13,4.093602414437308e-12,3.216970216975066e-08,1058.675681745205,False
SPARC,NGC1003,17.0,3.866041615213339e-12,3.098094803089195e-08,1120.7937542542393,False
SPARC,NGC1003,17.78,3.4751537053272353e-12,2.9997977437835246e-08,1079.0764978832312,False
SPARC,NGC1003,18.65,3.1601693791538445e-12,2.9007007521346677e-08,1064.7414509772766,False
SPARC,NGC1003,19.52,2.772232002025904e-12,2.8121017310103768e-08,988.4947699946422,False
SPARC,NGC1003,20.29,2.570163425517408e-12,2.74148527812073e-08,977.9587034181059,False
SPARC,NGC1003,21.16,2.3793250947564348e-12,2.6675658296907296e-08,973.6414291562261,False
SPARC,NGC1003,21.93,2.1648773621588252e-12,2.607499991608928e-08,928.513788584481,False
SPARC,NGC1003,22.8,1.9744631891517854e-12,2.5456799127940197e-08,895.3894783377259,False
SPARC,NGC1003,23.67,1.7674236778607263e-12,2.4897957113934023e-08,835.5867390946117,False
SPARC,NGC1003,24.44,1.7247306048101718e-12,2.4436359780434118e-08,875.0057254450587,False
SPARC,NGC1003,25.31,1.6110216670547009e-12,2.3938173014215034e-08,864.7740193300602,False
SPARC,NGC1003,26.08,1.5035374325220107e-12,2.3526486685656572e-08,842.3173611331378,False
SPARC,NGC1003,26.95,1.530357489143776e-12,2.307338160563569e-08,941.8443814026559,False
SPARC,NGC1003,27.73,1.7329186641867177e-12,2.2636435801078228e-08,1225.0236584965912,False
SPARC,NGC1003,28.6,1.7311781776389837e-12,2.2119081074813107e-08,1331.6624749464388,False
SPARC,NGC1003,29.47,1.8707788837407436e-12,2.15811372485872e-08,1628.2682936764647,False
SPARC,NGC1003,30.24,2.029009635097649e-12,2.1065658310430847e-08,1984.357068106316,False
SPARC,NGC1090,0.35,1.1001023448524025e-10,5.214911495067829e-07,4.041888870662157,False
SPARC,NGC1090,1.07,1.4602478385035367e-10,4.898457189663442e-07,60.61433443652419,False
SPARC,NGC1090,1.6,1.318428272254465e-10,4.645647951088682e-07,124.02663195874105,False
SPARC,NGC1090,3.7,9.038271373081035e-11,3.844537475971712e-07,468.96874977032894,False
SPARC,NGC1090,5.09,7.51734519363966e-11,3.4494990852405453e-07,758.4618771120569,False
SPARC,NGC1090,6.61,6.712465794742511e-11,3.078201723691636e-07,1218.521287554586,False
SPARC,NGC1090,8.17,5.84535209304245e-11,2.741908649943392e-07,1708.9356288386455,False
SPARC,NGC1090,9.11,5.116191174746052e-11,2.565028662083677e-07,1865.6619871195876,False
SPARC,NGC1090,10.37,4.4163054266469453e-11,2.3588440035102672e-07,2114.741566098766,False
SPARC,NGC1090,11.28,4.19062963430024e-11,2.2243914476639585e-07,2457.246960833822,False
SPARC,NGC1090,13.62,3.475811168169823e-11,1.916435364225361e-07,3152.1331126877817,False
SPARC,NGC1090,15.04,3.007306600288373e-11,1.7584010490191282e-07,3375.420929377842,False
SPARC,NGC1090,16.37,2.6046743198258026e-11,1.6302721865484918e-07,3478.7834623021686,False
SPARC,NGC1090,17.59,2.263560727149016e-11,1.5283167207912199e-07,3471.8655448715404,False
SPARC,NGC1090,18.8,1.9945009997778385e-11,1.4398710730447446e-07,3482.2101172241814,False
SPARC,NGC1090,20.13,1.7502840310093102e-11,1.354372734218949e-07,3489.306654822702,False
SPARC,NGC1090,21.35,1.564628128379062e-11,1.2849485158125455e-07,3496.5693371196153,False
SPARC,NGC1090,22.57,1.4142108427433763e-11,1.2225626795112705e-07,3529.133786514673,False
SPARC,NGC1090,23.89,1.2798047813709306e-11,1.1615172456039816e-07,3582.7304267752957,False
SPARC,NGC1090,25.11,1.1820563253865869e-11,1.1099584787516802e-07,3676.5828048013695,False
SPARC,NGC1090,26.33,1.1005415868651969e-11,1.0621540216877544e-07,3795.2463166060497,False
SPARC,NGC1090,27.65,1.0239332473152909e-11,1.0140141790985706e-07,3934.44618699262,False
SPARC,NGC1090,28.87,9.635258285981631e-12,9.723908158461754e-08,4083.145857555601,False
SPARC,NGC1090,30.09,9.034122898124674e-12,9.332915234813083e-08,4195.563632742258,False
SPARC,NGC2403,0.16,5.455690907558645e-11,2.1120500585380403e-07,0.7503305345873598,False
SPARC,NGC2403,0.26,7.77917221542333e-11,2.0893305675137498e-07,3.368887146333793,False
SPARC,NGC2403,0.36,9.963387481990201e-11,2.0588729857429675e-07,9.390539717534597,False
SPARC,NGC2403,0.46,1.1353684869639782e-10,2.0222792537597463e-07,18.85217705892187,False
SPARC,NGC2403,0.56,1.1807293513552422e-10,1.9825201995405157e-07,30.16810933211377,False
SPARC,NGC2403,0.66,1.1250300487720324e-10,1.9429386190522374e-07,39.91679203159692,False
SPARC,NGC2403,0.76,1.0744036394372351e-10,1.9051822679109686e-07,50.545469859595144,False
SPARC,NGC2403,0.86,1.0036853237364863e-10,1.869508968453478e-07,59.812600160550055,False
SPARC,NGC2403,0.96,9.516139403858676e-11,1.8359435256768993e-07,70.29383994101103,False
SPARC,NGC2403,1.06,9.150138845109208e-11,1.8039002519993705e-07,82.43697988254826,False
SPARC,NGC2403,1.16,8.885051667688636e-11,1.7729403285631117e-07,96.29161069274504,False
SPARC,NGC2403,1.27,8.68451963996294e-11,1.7397636432202275e-07,113.83442917526627,False
SPARC,NGC2403,1.36,8.719193123539652e-11,1.7128753299055385e-07,133.4179160988356,False
SPARC,NGC2403,1.47,8.597764086011229e-11,1.6801756566820232e-07,155.77055936390963,False
SPARC,NGC2403,1.57,8.577448674987754e-11,1.650692005167244e-07,180.3188538673844,False
SPARC,NGC2403,1.67,8.64469977272633e-11,1.6211277819908515e-07,210.2205594438565,False
SPARC,NGC2403,1.77,8.664317174905566e-11,1.5914144369016867e-07,241.4697329307922,False
SPARC,NGC2403,1.87,8.604536161136537e-11,1.5617700382613473e-07,272.00534986939334,False
SPARC,NGC2403,1.97,8.536877748430329e-11,1.5323444071956356e-07,304.2840348586976,False
SPARC,NGC2403,2.08,8.468595891912604e-11,1.5002329095276949e-07,342.6031600365323,False
SPARC,NGC2403,2.18,8.441301446808463e-11,1.4712047089910662e-07,382.1293570778149,False
SPARC,NGC2403,2.28,8.176568659214517e-11,1.4426778139859328e-07,407.0115612385136,False
SPARC,NGC2403,2.37,7.793122673700804e-11,1.4180050289352167e-07,417.1708837793935,False
SPARC,NGC2403,2.47,7.400752420452907e-11,1.3919226202530748e-07,428.0657266109367,False
SPARC,NGC2403,2.57,7.058866335796976e-11,1.3671006651263285e-07,440.31458463695077,False
SPARC,NGC2403,2.68,6.693554095645433e-11,1.3411319196533919e-07,451.5345567500306,False
SPARC,NGC2403,2.78,6.395552609814275e-11,1.3186626398771403e-07,462.2121790114818,False
SPARC,NGC2403,2.88,6.122972764554055e-11,1.2971728426470922e-07,473.0425216078063,False
SPARC,NGC2403,2.98,5.888466388653074e-11,1.2765535297388817e-07,485.94807060836445,False
SPARC,NGC2403,3.08,5.7024977548091604e-11,1.256656020911383e-07,503.0467361512668,False
SPARC,NGC2403,3.19,5.515730817110746e-11,1.235472599135289e-07,522.6545686522065,False
SPARC,NGC2403,3.29,5.398658138808647e-11,1.2167365261124382e-07,547.0052162804138,False
SPARC,NGC2403,3.39,5.302640221143636e-11,1.1983662528592897e-07,574.358515109121,False
SPARC,NGC2403,3.49,5.204565529177284e-11,1.1803291666789069e-07,601.3470309411106,False
SPARC,NGC2403,3.59,5.080901759098595e-11,1.1626727255381715e-07,623.5075507576718,False
SPARC,NGC2403,3.69,4.9947037956591535e-11,1.1453765413737795e-07,652.088002810388,False
SPARC,NGC2403,3.79,4.879938134019389e-11,1.1284253393398236e-07,674.7430475912713,False
SPARC,NGC2403,3.9,4.732689402593194e-11,1.1102737798329819e-07,694.0592338106472,False
SPARC,NGC2403,3.99,4.611433141950077e-11,1.095837337560996e-07,708.3518752264124,False
SPARC,NGC2403,4.47,4.0677568897344806e-11,1.0243219365088533e-07,790.0846061236614,False
SPARC,NGC2403,4.97,3.575758430477938e-11,9.587161285386725e-08,862.053323333195,False
SPARC,NGC2403,5.47,3.152281783055891e-11,9.009680249798916e-08,921.4514493229008,False
SPARC,NGC2403,5.96,2.7703380073879085e-11,8.511497050620582e-08,955.4848280336913,False
SPARC,NGC2403,6.46,2.4421705038773477e-11,8.064097106868655e-08,981.8781183236857,False
SPARC,NGC2403,6.96,2.1961286829676533e-11,7.665982688289925e-08,1023.3894013909935,False
SPARC,NGC2403,7.45,1.9943452549500388e-11,7.313499532806323e-08,1064.456663133941,False
SPARC,NGC2403,7.95,1.821070295830337e-11,6.986014848777479e-08,1107.948547803715,False
SPARC,NGC2403,8.45,1.6848342092229505e-11,6.6850961116722e-08,1164.666540741075,False
SPARC,NGC2403,8.94,1.5740852706085206e-11,6.410970979590172e-08,1228.1487049531338,False
SPARC,NGC2403,9.44,1.4740712577223297e-11,6.149341659201542e-08,1294.2739760706445,False
SPARC,NGC2403,9.94,1.3800676351018065e-11,5.904365257273376e-08,1354.3702354690402,False
SPARC,NGC2403,10.43,1.3106164005960287e-11,5.6780374448676465e-08,1435.5075995010793,False
SPARC,NGC2403,10.93,1.2429218339048556e-11,5.4588621936397565e-08,1514.7759824821474,False
SPARC,NGC2403,11.43,1.1765658566908395e-11,5.2511927664644255e-08,1586.3972095802121,False
SPARC,NGC2403,11.92,1.110911340951533e-11,5.0587808358171655e-08,1643.5050353396964,False
SPARC,NGC2403,12.42,1.0542668084409153e-11,4.872939300948199e-08,1712.8092991205601,False
SPARC,NGC2403,12.92,9.994635945179262e-12,4.6966635471955455e-08,1775.3822158941139,False
SPARC,NGC2403,13.42,9.39171788787296e-12,4.5302666272534986e-08,1809.1032688051434,False
SPARC,NGC2403,13.91,8.80302896616751e-12,4.377220888767783e-08,1825.634048830609,False
SPARC,NGC2403,14.41,8.290029694632736e-12,4.2305077761299285e-08,1852.769910669838,False
SPARC,NGC2403,14.91,7.825007983689471e-12,4.0921892115604975e-08,1880.6811367466898,False
SPARC,NGC2403,15.4,7.385839958109225e-12,3.964242641326708e-08,1899.3176975636673,False
SPARC,NGC2403,15.9,6.958082867519927e-12,3.84112590681205e-08,1910.7709489197962,False
SPARC,NGC2403,16.4,6.552024581933859e-12,3.725165975045897e-08,1915.4015206160386,False
SPARC,NGC2403,16.89,6.145031855396661e-12,3.618364248446743e-08,1899.7374934824165,False
SPARC,NGC2403,17.39,5.779759251255395e-12,3.516011401274613e-08,1890.5115048099003,False
SPARC,NGC2403,17.89,5.425650914127403e-12,3.419833143399834e-08,1870.9362384163878,False
SPARC,NGC2403,18.38,5.104664127898812e-12,3.3312570365145525e-08,1850.1044174871638,False
SPARC,NGC2403,18.88,4.799131870324601e-12,3.2462507911921795e-08,1826.0937485669149,False
SPARC,NGC2403,19.38,4.5669922944648796e-12,3.1658594898553265e-08,1831.5617170763949,False
SPARC,NGC2403,19.87,4.405597486471889e-12,3.0903862425401055e-08,1868.800409961108,False
SPARC,NGC2403,20.37,4.250515272393881e-12,3.016089109920425e-08,1907.148259740454,False
SPARC,NGC2403,20.87,4.10918600806619e-12,2.9443361358086782e-08,1949.3366395032888,False
SPARC,NGC2683,2.89,2.967905115948821e-10,6.132562081273766e-07,979.9115803211206,False
SPARC,NGC2683,5.77,1.6596486764385096e-10,3.844735469725008e-07,2820.409872164451,False
SPARC,NGC2683,8.66,8.148029571610762e-11,2.6171380813399265e-07,3311.299122310727,False
SPARC,NGC2683,11.54,5.368640659072601e-11,1.9488844155660523e-07,4263.67194231516,False
SPARC,NGC2683,14.43,3.260023023389912e-11,1.5208087620348804e-07,4053.5777019280736,False
SPARC,NGC2683,17.31,2.2224672526946495e-11,1.249758705916296e-07,3998.267146980846,False
SPARC,NGC2683,20.2,1.5930724214095592e-11,1.060466400679509e-07,3893.622095219076,False
SPARC,NGC2683,23.08,1.1904086623922914e-11,9.228532603041235e-08,3771.342096023014,False
SPARC,NGC2683,28.85,7.449900094313185e-12,7.311518113153634e-08,3679.2324811512617,False
SPARC,NGC2683,31.74,6.115518173863095e-12,6.638525688802243e-08,3646.439762701998,False
SPARC,NGC2683,34.62,5.117909376269315e-12,6.083153765727539e-08,3623.1408879076694,False
SPARC,NGC2841,3.44,5.040319034290501e-10,1.2196126631738713e-06,1476.8747814873182,False
SPARC,NGC2841,3.77,4.42115425800766e-10,1.1660142599797125e-06,1563.377945348674,False
SPARC,NGC2841,4.13,3.923848197585502e-10,1.1144429559282246e-06,1677.3353857712646,False
SPARC,NGC2841,4.47,3.543813041896202e-10,1.0708573920164977e-06,1785.0376716958826,False
SPARC,NGC2841,4.8,3.2368836580368243e-10,1.032445349363885e-06,1889.605002052463,False
SPARC,NGC2841,5.13,2.98475760744459e-10,9.972003059362256e-07,2001.9046110544539,False
SPARC,NGC2841,5.48,2.76395160019571e-10,9.62660688026535e-07,2130.9201411321224,False
SPARC,NGC2841,5.83,2.5663726234662025e-10,9.306348270253623e-07,2252.735318721358,False
SPARC,NGC2841,6.16,2.40502115427739e-10,9.024723242200819e-07,2370.578428040788,False
SPARC,NGC2841,6.51,2.2889725367073955e-10,8.74269689036929e-07,2554.5160946841283,False
SPARC,NGC2841,6.86,2.1853167797160818e-10,8.473870902091286e-07,2746.43070982608,False
SPARC,NGC2841,7.18,2.0925440436365482e-10,8.238877443553901e-07,2914.1526204568304,False
SPARC,NGC2841,7.51,2.006742087717194e-10,8.006656536630902e-07,3095.5892833914318,False
SPARC,NGC2841,7.85,1.9368625248426008e-10,7.776485100928181e-07,3316.685929944596,False
SPARC,NGC2841,8.21,1.861953935073306e-10,7.541721936108723e-07,3541.2712678347507,False
SPARC,NGC2841,8.57,1.7775297110850572e-10,7.316805384309927e-07,3724.7296729083128,False
SPARC,NGC2841,8.9,1.7002958093043514e-10,7.119789667283589e-07,3875.074564345312,False
SPARC,NGC2841,9.24,1.6177556652291168e-10,6.926129108819751e-07,3997.178266825336,False
SPARC,NGC2841,9.6,1.5346539552974293e-10,6.731313258374979e-07,4114.070062264512,False
SPARC,NGC2841,9.93,1.4693397346329144e-10,6.561139692365275e-07,4241.219825889571,False
SPARC,NGC2841,10.27,1.411299772303146e-10,6.39300901087105e-07,4393.190504783964,False
SPARC,NGC2841,10.6,1.3579124081546303e-10,6.236135608185261e-07,4537.671868793811,False
SPARC,NGC2841,10.93,1.3085169590567506e-10,6.085084760291543e-07,4686.160232236372,False
SPARC,NGC2841,11.27,1.2591404359829182e-10,5.935221514081023e-07,4830.47844691584,False
SPARC,NGC2841,12.31,1.1104358792528164e-10,5.512179809621214e-07,5162.1465837474525,False
SPARC,NGC2841,14.35,8.483744413633292e-11,4.826215224333538e-07,5375.179106292901,False
SPARC,NGC2841,16.4,6.4808814575779e-11,4.299593381699161e-07,5269.295252204963,False
SPARC,NGC2841,18.48,5.127700089232727e-11,3.885096149232107e-07,5213.403085665811,False
SPARC,NGC2841,20.57,4.248978482295626e-11,3.5486818410767264e-07,5336.093800773809,False
SPARC,NGC2841,22.51,3.72641873731974e-11,3.28307870646687e-07,5676.580948073778,False
SPARC,NGC2841,24.59,3.2026613436042736e-11,3.035668245033305e-07,5836.342686644436,False
SPARC,NGC2841,26.68,2.6767900323731477e-11,2.824726646481713e-07,5634.880649373954,False
SPARC,NGC2841,28.77,2.2630109488534994e-11,2.647497607771712e-07,5427.53971839324,False
SPARC,NGC2841,30.7,1.9703733636263114e-11,2.5072407358476673e-07,5296.889931480249,False
SPARC,NGC2841,32.79,1.740130690271322e-11,2.3741161283784524e-07,5292.884041289886,False
SPARC,NGC2841,34.88,1.579284263608337e-11,2.255022925313901e-07,5450.397822791737,False
SPARC,NGC2841,36.96,1.458243995830011e-11,2.1465646221180575e-07,5704.101115205804,False
SPARC,NGC2841,38.9,1.3601175405553547e-11,2.052705264657251e-07,5951.723944857258,False
SPARC,NGC2841,40.99,1.2567390271347849e-11,1.9588182891098046e-07,6149.528399466378,False
SPARC,NGC2841,43.08,1.1561700229303567e-11,1.8722484954960717e-07,6268.563353854734,False
SPARC,NGC2841,45.16,1.0539636656866814e-11,1.7933332297833842e-07,6255.5264190704365,False
SPARC,NGC2841,47.1,9.564014983684835e-12,1.7263824216192156e-07,6105.1130018220165,False
SPARC,NGC2841,49.19,8.630247143741683e-12,1.6611054681723818e-07,5927.245993541477,False
SPARC,NGC2841,51.27,7.896862500470514e-12,1.6020935968202988e-07,5839.963565714936,False
SPARC,NGC2841,53.36,7.370891075432371e-12,1.5473163031640973e-07,5904.469879548506,False
SPARC,NGC2841,55.3,7.066155066118783e-12,1.4992368833670223e-07,6143.4092368523,False
SPARC,NGC2841,57.38,6.8188115238361554e-12,1.4496590757664458e-07,6485.339814081341,False
SPARC,NGC2841,59.47,6.592576097294664e-12,1.401542009008222e-07,6850.917818036146,False
SPARC,NGC2841,61.56,6.3175076306076485e-12,1.3552235087800287e-07,7121.456288034235,False
SPARC,NGC2841,63.64,6.001256867721208e-12,1.3112379988244773e-07,7281.494046689804,False
SPARC,NGC2903,0.32,1.9815720963285957e-09,1.3135912002009504e-06,50.97647701606983,False
SPARC,NGC2903,0.64,1.0556220230122618e-09,1.146750627348007e-06,119.68371137297682,False
SPARC,NGC2903,0.96,7.380706868195432e-10,1.048218657552335e-06,196.22828638143386,False
SPARC,NGC2903,1.28,6.077626063291918e-10,9.742887114340974e-07,299.4550975346446,False
SPARC,NGC2903,1.6,5.171485379975252e-10,9.124945644834702e-07,411.6186409272558,False
SPARC,NGC2903,1.92,4.547787112871629e-10,8.591042006573891e-07,537.9793803981084,False
SPARC,NGC2903,2.24,4.57666420452881e-10,8.089813364298544e-07,792.7614775814181,False
SPARC,NGC2903,2.56,4.931927742052746e-10,7.567482928686862e-07,1237.889666206452,False
SPARC,NGC2903,2.88,4.811291501084591e-10,7.032263836299828e-07,1649.4857046430088,False
SPARC,NGC2903,3.2,4.5994213740942985e-10,6.515310139777406e-07,2089.6923743622874,False
SPARC,NGC2903,3.52,4.126375118514096e-10,6.03598059144385e-07,2372.229256501047,False
SPARC,NGC2903,3.84,3.572538207105726e-10,5.613060271200924e-07,2502.611253772397,False
SPARC,NGC2903,4.8,2.587921577305707e-10,4.5978324664416583e-07,3075.239813268444,False
SPARC,NGC2903,5.76,1.8791355646342412e-10,3.861673027917027e-07,3356.430494163838,False
SPARC,NGC2903,6.72,1.3816487913271588e-10,3.324304217901767e-07,3405.8658700071537,False
SPARC,NGC2903,7.68,1.0607169588932442e-10,2.921808672798169e-07,3441.0200008198062,False
SPARC,NGC2903,8.64,8.48046826265096e-11,2.6072493484578296e-07,3512.1358409590343,False
SPARC,NGC2903,9.6,6.958310430353715e-11,2.3528222772784223e-07,3586.725526870476,False
SPARC,NGC2903,10.56,5.855900971919285e-11,2.1416473947709524e-07,3691.893768889385,False
SPARC,NGC2903,11.52,5.0279319111543064e-11,1.9622846499120446e-07,3823.13296268055,False
SPARC,NGC2903,12.48,4.3077395487767324e-11,1.808435204028112e-07,3866.432717358259,False
SPARC,NGC2903,13.44,3.6956041801484974e-11,1.6765421738161332e-07,3846.9757075653406,False
SPARC,NGC2903,14.4,3.204616907457924e-11,1.562828318807281e-07,3827.7877889767583,False
SPARC,NGC2903,15.36,2.8012868610298887e-11,1.4638525814133582e-07,3801.510940564202,False
SPARC,NGC2903,16.32,2.475352675590066e-11,1.3768949295376968e-07,3790.8632919291535,False
SPARC,NGC2903,17.28,2.1938426517948576e-11,1.2999478007826618e-07,3756.2856429414696,False
SPARC,NGC2903,18.24,1.9626392485560812e-11,1.2314500564114915e-07,3738.566456199271,False
SPARC,NGC2903,19.2,1.7673284006439402e-11,1.1699811563481789e-07,3725.736689831173,False
SPARC,NGC2903,20.16,1.5980862913990506e-11,1.1145199945278717e-07,3707.5408188216747,False
SPARC,NGC2903,21.12,1.4546530155280233e-11,1.0642116420098297e-07,3700.541058359865,False
SPARC,NGC2903,22.08,1.3321800606459206e-11,1.0182853552525683e-07,3704.3356674039214,False
SPARC,NGC2903,23.04,1.2230219844528433e-11,9.761762878494143e-08,3700.705107284354,False
SPARC,NGC2903,24.0,1.133168138436344e-11,9.373468853410301e-08,3729.3562823874004,False
SPARC,NGC2903,24.96,1.0518032345716e-11,9.013391234513448e-08,3750.919897374914,False
SPARC,NGC2915,0.34,9.715385443586856e-11,3.9533794348716485e-08,42.057010469949134,False
SPARC,NGC2915,0.67,6.061465066169284e-11,3.05963491049168e-08,106.19005640423029,False
SPARC,NGC2915,1.0,3.899907777851439e-11,2.4953320143499307e-08,151.40623933475524,False
SPARC,NGC2915,1.34,2.6719828608779637e-11,2.1117586969894585e-08,183.30053272980567,False
SPARC,NGC2915,1.68,1.8941249609580382e-11,1.8452543954227706e-08,197.52478583524066,False
SPARC,NGC2915,2.01,1.4142271477585782e-11,1.6578391961687784e-08,203.48105818870278,False
SPARC,NGC2915,2.34,1.0983602079538756e-11,1.5155033611549582e-08,206.7734252779404,False
SPARC,NGC2915,2.67,8.754369286901699e-12,1.4036895119952923e-08,207.01795643590626,False
SPARC,NGC2915,3.01,7.007519830831787e-12,1.3116940661014172e-08,201.78131076051116,False
SPARC,NGC2915,3.35,5.736485523404619e-12,1.2373127247355607e-08,196.35247246754955,False
SPARC,NGC2915,3.68,4.9513242436713235e-12,1.176767234676997e-08,199.8414045468173,False
SPARC,NGC2915,4.02,4.429543487242694e-12,1.1220150978404327e-08,211.68443517985722,False
SPARC,NGC2915,4.35,4.094814405524307e-12,1.0737253698886817e-08,230.25160104766275,False
SPARC,NGC2915,4.68,3.80269475581235e-12,1.0289866841489613e-08,248.91144227383285,False
SPARC,NGC2915,5.02,3.4831250229384404e-12,9.864624515368632e-09,261.91792494800836,False
SPARC,NGC2915,5.35,3.1539118664119388e-12,9.488642289112726e-09,266.51226476959334,False
SPARC,NGC2915,5.69,2.8264305640285922e-12,9.139595125808261e-09,265.5491293379006,False
SPARC,NGC2915,6.03,2.551280116859008e-12,8.825721015743687e-09,264.8824019770963,False
SPARC,NGC2915,6.36,2.3876989188210313e-12,8.545932253947609e-09,275.54014362082387,False
SPARC,NGC2915,6.69,2.307179806207573e-12,8.279971557259283e-09,298.9014440940292,False
SPARC,NGC2915,7.02,2.2796825652845885e-12,8.020129890757431e-09,333.73705119374523,False
SPARC,NGC2915,7.36,2.2447370030771012e-12,7.756058755315855e-09,370.6643413435578,False
SPARC,NGC2915,7.7,2.12238256873327e-12,7.501168551940071e-09,385.68020147448004,False
SPARC,NGC2915,8.03,2.0498707922800196e-12,7.264814116469847e-09,411.1051597450943,False
SPARC,NGC2915,8.37,1.997191025931134e-12,7.028604323503134e-09,444.001038463968,False
SPARC,NGC2915,8.7,1.940601547476332e-12,6.805531882748834e-09,474.5356133974454,False
SPARC,NGC2915,9.03,1.9050492179106023e-12,6.587679193321574e-09,513.6935964634998,False
SPARC,NGC2915,9.37,1.8449030172874238e-12,6.368810423606879e-09,545.251679964216,False
SPARC,NGC2915,9.7,1.8047138112732171e-12,6.16206288203678e-09,584.3304291269465,False
SPARC,NGC2915,10.04,1.727839070046872e-12,5.95588278837332e-09,606.7603992988843,False
SPARC,NGC2955,0.75,8.664065958703317e-10,2.2810544906774963e-06,65.96523173913556,False
SPARC,NGC2955,1.55,7.757238255941267e-10,2.0555387930869895e-06,287.7746043251471,False
SPARC,NGC2955,2.3,6.572995296751656e-10,1.8710399379320123e-06,586.3564746872079,False
SPARC,NGC2955,3.06,6.05020086094272e-10,1.7063518956420308e-06,1057.1331698729405,False
SPARC,NGC2955,3.85,5.239955788278244e-10,1.5532409627110932e-06,1558.2584022560727,False
SPARC,NGC2955,4.61,4.4855408380296953e-10,1.4263576457067713e-06,2004.8657178891056,False
SPARC,NGC2955,5.36,3.825022214106895e-10,1.31936082927845e-06,2379.698465295395,False
SPARC,NGC2955,6.12,3.2932793489151443e-10,1.226492182210073e-06,2730.649088670874,False
SPARC,NGC2955,6.91,2.8790732429413035e-10,1.1427861103564955e-06,3112.1869928676206,False
SPARC,NGC2955,7.66,2.5918830924499486e-10,1.0723486553931134e-06,3530.571707888462,False
SPARC,NGC2955,8.42,2.3049079711308576e-10,1.0084628594592018e-06,3847.8248138872177,False
SPARC,NGC2955,8.86,2.1441220146234367e-10,9.748583815049459e-07,3975.865757157695,False
SPARC,NGC2955,9.21,2.021103049317857e-10,9.498327145212698e-07,4050.600365206623,False
SPARC,NGC2955,10.82,1.5779072583231405e-10,8.503636324387687e-07,4362.828068540776,False
SPARC,NGC2955,11.56,1.42538247139173e-10,8.122124419553953e-07,4494.670345041651,False
SPARC,NGC2955,12.4,1.2794269125230307e-10,7.732097040824285e-07,4636.683955272698,False
SPARC,NGC2955,14.17,1.0777394314317787e-10,7.015883311970464e-07,5192.358572879871,False
SPARC,NGC2955,16.88,8.413407287561573e-11,6.123109278515336e-07,5854.964421231911,False
SPARC,NGC2955,19.49,7.077775664315064e-11,5.429037742856383e-07,6820.416868586885,False
SPARC,NGC2955,22.19,5.811789889434666e-11,4.831615775815666e-07,7400.196577248051,False
SPARC,NGC2955,24.8,4.824276396693e-11,4.3550743210077385e-07,7753.1554390661895,False
SPARC,NGC2955,27.51,3.984834783713458e-11,3.945266232589173e-07,7895.371066317973,False
SPARC,NGC2955,30.12,3.3586931426766534e-11,3.616244638766569e-07,7978.607028531632,False
SPARC,NGC2955,35.43,2.5314911400676795e-11,3.0793333351244323e-07,8466.115102583995,False
SPARC,NGC2976,0.11,2.147275541600048e-11,7.864381914259756e-08,0.23917762044122565,False
SPARC,NGC2976,0.17,2.3313479925589702e-11,7.818252817385842e-08,0.6495337968446211,False
SPARC,NGC2976,0.24,2.654955770213843e-11,7.758335009569463e-08,1.583024858212317,False
SPARC,NGC2976,0.31,2.881376343538648e-11,7.691807798356198e-08,3.0088469422794666,False
SPARC,NGC2976,0.38,3.035079778831763e-11,7.620712835481914e-08,4.930020230550733,False
SPARC,NGC2976,0.45,3.180690200205839e-11,7.546021174332957e-08,7.485978339214191,False
SPARC,NGC2976,0.52,3.3528956070296585e-11,7.467510486381593e-08,10.924590935660031,False
SPARC,NGC2976,0.59,3.5402992520749426e-11,7.38467856428886e-08,15.418188449317356,False
SPARC,NGC2976,0.66,3.716851976685984e-11,7.29747316860765e-08,20.987608001514868,False
SPARC,NGC2976,0.73,3.882909517566713e-11,7.206150804321977e-08,27.74423832194934,False
SPARC,NGC2976,0.8,4.037181355149581e-11,7.11097920921326e-08,35.77675510465655,False
SPARC,NGC2976,0.87,4.1933661312129435e-11,7.012077019139461e-08,45.39493147680022,False
SPARC,NGC2976,0.94,4.395348972486932e-11,6.908870915890154e-08,57.67101168983207,False
SPARC,NGC2976,1.01,4.7062561545695046e-11,6.799501681128513e-08,74.85575355945862,False
SPARC,NGC2976,1.08,5.057098498094209e-11,6.682180547969918e-08,96.86757033174204,False
SPARC,NGC2976,1.14,5.3544138363466703e-11,6.574943657569048e-08,119.3543600969558,False
SPARC,NGC2976,1.21,5.781260055314193e-11,6.441132080920258e-08,153.70971137943158,False
SPARC,NGC2976,1.29,6.263212581601618e-11,6.275723924946782e-08,201.78297345903158,False
SPARC,NGC2976,1.35,6.622575208254636e-11,6.143002398182734e-08,245.10221191246862,False
SPARC,NGC2976,1.42,6.965624310061448e-11,5.979720102108509e-08,300.09485967995715,False
SPARC,NGC2976,1.49,7.27370313061548e-11,5.80861354189555e-08,362.52544377939745,False
SPARC,NGC2976,1.56,7.551103411639995e-11,5.6304715851327846e-08,433.18963126168774,False
SPARC,NGC2976,1.63,7.688501431702112e-11,5.447345213847859e-08,502.05943359840194,False
SPARC,NGC2976,1.74,7.678480715780508e-11,5.157169931566089e-08,603.4178608265419,False
SPARC,NGC2976,1.93,6.631690282170634e-11,4.69042719520868e-08,658.7459072221809,False
SPARC,NGC2976,2.1,5.7712404075120845e-11,4.328474027455313e-08,689.0428592817888,False
SPARC,NGC2976,2.27,5.1451587088317724e-11,4.009902123807774e-08,733.8391803168284,False
SPARC,NGC2998,0.33,9.749803963838301e-11,8.896301687473833e-07,1.7695568815792122,False
SPARC,NGC2998,0.99,1.42278461699738e-10,8.624639184221472e-07,28.38200110186602,False
SPARC,NGC2998,1.98,1.4299110497359376e-10,8.139831180820144e-07,122.15078119279809,False
SPARC,NGC2998,2.64,1.4697677615514896e-10,7.811302738664194e-07,236.71419879479416,False
SPARC,NGC2998,3.63,1.7303945899648322e-10,7.267443700950809e-07,614.0379923487011,False
SPARC,NGC2998,7.59,1.060295614829226e-10,5.370362337417711e-07,1826.4612899330366,False
SPARC,NGC2998,12.5,6.15821479015829e-11,3.957613394306583e-07,3038.2502982293618,False
SPARC,NGC2998,17.48,4.039486921178994e-11,3.085825586662318e-07,4076.683197836258,False
SPARC,NGC2998,22.46,2.625840567954496e-11,2.5160157017033735e-07,4329.8589205416365,False
SPARC,NGC2998,27.44,1.9653808692438564e-11,2.1235183543163005e-07,4961.29136852108,False
SPARC,NGC2998,32.32,1.5555602816104496e-11,1.8285620167726798e-07,5628.778641969169,False
SPARC,NGC2998,37.3,1.2265031404022005e-11,1.5907271555404373e-07,6029.277650925748,False
SPARC,NGC2998,42.28,9.666873977360172e-12,1.4032342453620582e-07,6137.446650055935,False
SPARC,NGC3109,0.26,6.06299946912126e-13,1.1338952074558926e-08,0.04441336757426517,True
SPARC,NGC3109,0.52,9.772725754016093e-13,1.1268273065966975e-08,0.36577435975111905,False
SPARC,NGC3109,0.77,1.8948415624954e-12,1.1145013439534987e-08,2.18843238105411,False
SPARC,NGC3109,1.03,2.5065901805837234e-12,1.0948565959168603e-08,6.06336212534769,False
SPARC,NGC3109,1.29,3.116847116175199e-12,1.0697577155426794e-08,13.494091915024807,False
SPARC,NGC3109,1.55,3.5519526443407695e-12,1.039993107422122e-08,24.375414272603336,False
SPARC,NGC3109,1.81,3.875859229570359e-12,1.0068408285174272e-08,39.13198286172589,False
SPARC,NGC3109,2.06,4.036381952436893e-12,9.728846608475693e-09,55.74929265551706,False
SPARC,NGC3109,2.32,3.953829657272924e-12,9.372222439353931e-09,71.16611643470526,False
SPARC,NGC3109,2.58,3.803143052341219e-12,9.026008336074784e-09,86.22140135630144,False
SPARC,NGC3109,2.84,3.658376523278635e-12,8.69298108360408e-09,102.35283358694652,False
SPARC,NGC3109,3.1,3.5415246529174756e-12,8.371630548707172e-09,120.62420582403733,False
SPARC,NGC3109,3.35,3.4997098154965475e-12,8.069448988878133e-09,143.56672684712757,False
SPARC,NGC3109,3.61,3.4384749056056245e-12,7.759779548037601e-09,168.84993571010054,False
SPARC,NGC3109,3.87,3.1574849811256267e-12,7.465384502065668e-09,177.50981033112024,False
SPARC,NGC3109,4.13,2.9023352134705963e-12,7.19491878132068e-09,184.87732245704552,False
SPARC,NGC3109,4.38,2.8199430114475148e-12,6.949341536657361e-09,206.1947951607006,False
SPARC,NGC3109,4.64,2.7516535000839765e-12,6.7006665235710975e-09,231.33639281770814,False
SPARC,NGC3109,4.9,2.711775973200142e-12,6.456819290026296e-09,261.9441695565063,False
SPARC,NGC3109,5.16,2.6716843149128934e-12,6.216541291641966e-09,295.0539810048878,False
SPARC,NGC3109,5.42,2.6802422645328557e-12,5.977670725651434e-09,340.1846302184176,False
SPARC,NGC3109,5.67,2.6883610243899853e-12,5.747271791596989e-09,388.98799646890427,False
SPARC,NGC3109,5.93,2.578589436317164e-12,5.512193933387001e-09,416.75623685141124,False
SPARC,NGC3109,6.19,2.429203078366763e-12,5.2886829762412495e-09,432.79140250042434,False
SPARC,NGC3109,6.45,2.2930663943417154e-12,5.077915663767673e-09,448.8804335161972,False
SPARC,NGC3198,0.32,2.02769402659884e-10,3.3557853880562435e-07,12.442491011723384,False
SPARC,NGC3198,0.64,1.373734844471747e-10,3.1689365008698306e-07,30.622428151487863,False
SPARC,NGC3198,0.96,1.0528887489155916e-10,3.035636074716274e-07,49.21712382170995,False
SPARC,NGC3198,1.28,8.658368506808543e-11,2.930235739536595e-07,68.35741960216764,False
SPARC,NGC3198,1.61,7.138826260137559e-11,2.8407460386942675e-07,84.24371240854254,False
SPARC,NGC3198,1.93,5.807580510662013e-11,2.7696282293888756e-07,91.7560353393207,False
SPARC,NGC3198,2.24,5.480041891655295e-11,2.7095602102667037e-07,116.07025195503952,False
SPARC,NGC3198,2.57,4.982971227853446e-11,2.6502881731874774e-07,135.83556313105973,False
SPARC,NGC3198,2.89,4.4369243485453535e-11,2.5985423606899094e-07,147.61804547953923,False
SPARC,NGC3198,3.21,4.441037184410387e-11,2.5497735257151404e-07,185.99190496483627,False
SPARC,NGC3198,3.54,4.68960180394105e-11,2.498049269375873e-07,250.512254669803,False
SPARC,NGC3198,3.85,4.957559011692065e-11,2.446711102692591e-07,328.7822866839354,False
SPARC,NGC3198,4.17,5.186482905657963e-11,2.3909873755275246e-07,422.39798255293044,False
SPARC,NGC3198,4.5,5.2362026801300225e-11,2.3319437903336883e-07,512.0002547098455,False
SPARC,NGC3198,4.82,5.30259070741974e-11,2.274051595865091e-07,614.2734986393297,False
SPARC,NGC3198,5.15,5.291230036749807e-11,2.2140385452469749e-07,718.6296492115139,False
SPARC,NGC3198,5.46,5.2919236127881045e-11,2.1577194150408819e-07,829.695547387124,False
SPARC,NGC3198,5.78,5.258336724721164e-11,2.0997642297845725e-07,947.2781697343579,False
SPARC,NGC3198,6.1,5.210251680121514e-11,2.0422576886220116e-07,1070.9671668574206,False
SPARC,NGC3198,6.43,5.1274286137370434e-11,1.983695650833079e-07,1197.253622929315,False
SPARC,NGC3198,6.74,4.936189657005448e-11,1.9301412712499088e-07,1278.5010435462234,False
SPARC,NGC3198,7.06,4.6351767708815157e-11,1.8775633919617502e-07,1313.8381009377274,False
SPARC,NGC3198,8.04,3.8184616204184636e-11,1.7353472522301457e-07,1382.6990048115429,False
SPARC,NGC3198,9.04,3.210025208145413e-11,1.614693459340805e-07,1451.1910834656799,False
SPARC,NGC3198,10.04,2.8294028361118426e-11,1.5110182418728676e-07,1585.3883149851943,False
SPARC,NGC3198,11.04,2.5703051621067553e-11,1.418324712473012e-07,1770.4283352355285,False
SPARC,NGC3198,12.05,2.34428353659386e-11,1.333115275610258e-07,1956.6338254360253,False
SPARC,NGC3198,14.05,1.88335122787292e-11,1.1879687649244074e-07,2152.345502767649,False
SPARC,NGC3198,16.07,1.448555560972449e-11,1.0724311610424122e-07,2104.999904412989,False
SPARC,NGC3198,18.13,1.1684006061299553e-11,9.798883233192344e-08,2124.828049692573,False
SPARC,NGC3198,20.05,1.007455465142816e-11,9.081732351597419e-08,2245.6224303503604,False
SPARC,NGC3198,22.12,8.594311089119231e-12,8.418344641405428e-08,2323.529402663035,False
SPARC,NGC3198,24.03,7.46045915985457e-12,7.891943762233296e-08,2365.7098562421306,False
SPARC,NGC3198,26.1,6.615322737402857e-12,7.391768719370209e-08,2488.1738463137467,False
SPARC,NGC3198,28.16,5.969789237162543e-12,6.946724209327927e-08,2642.2881204626733,False
SPARC,NGC3198,30.08,5.327145752580456e-12,6.574383088323737e-08,2685.1159000598664,False
SPARC,NGC3198,32.14,4.708749508107604e-12,6.219485960816627e-08,2692.486300689069,False
SPARC,NGC3198,34.06,4.302691271858128e-12,5.9224735441813385e-08,2773.5466412203996,False
SPARC,NGC3198,36.12,4.002669453104115e-12,5.628772923794694e-08,2944.8589906915763,False
SPARC,NGC3198,38.19,3.7360835248395835e-12,5.353780661858324e-08,3121.301626804725,False
SPARC,NGC3198,40.1,3.5207819735128494e-12,5.1158438792618374e-08,3294.6877422524735,False
SPARC,NGC3198,42.17,3.369849376611605e-12,4.870989145360784e-08,3583.767798581116,False
SPARC,NGC3198,44.08,3.078882991310876e-12,4.6595492844735105e-08,3574.269009104831,False
SPARC,NGC3521,0.51,1.2154466598520137e-09,1.2777710232916554e-06,79.31186823318133,False
SPARC,NGC3521,0.69,1.0678904694789287e-09,1.2072170156832736e-06,134.5366467501634,False
SPARC,NGC3521,0.86,9.834407954085753e-10,1.1473532731522292e-06,202.35210088335728,False
SPARC,NGC3521,1.03,9.219688579865614e-10,1.0917479426727234e-06,285.9994822437789,False
SPARC,NGC3521,1.2,8.085333409853037e-10,1.0412469144566207e-06,350.64849520748777,False
SPARC,NGC3521,1.38,7.206769999748474e-10,9.93995058107868e-07,425.43718458012046,False
SPARC,NGC3521,1.55,6.606434136850033e-10,9.536841580540225e-07,505.6536942792235,False
SPARC,NGC3521,1.71,6.306614935521538e-10,9.182168744386406e-07,607.139798766431,False
SPARC,NGC3521,1.89,5.909614309969802e-10,8.804693197713766e-07,717.0482953362504,False
SPARC,NGC3521,2.06,5.729340472089039e-10,8.465035042870674e-07,857.3444108598987,False
SPARC,NGC3521,2.23,5.484764989455965e-10,8.137775212361182e-07,993.8297597039931,False
SPARC,NGC3521,2.41,5.138800827891293e-10,7.809512191593463e-07,1117.0268078871434,False
SPARC,NGC3521,2.58,4.720043202053775e-10,7.521802785138957e-07,1193.001112443233,False
SPARC,NGC3521,2.75,4.4109829967640853e-10,7.255333194991982e-07,1289.218005216331,False
SPARC,NGC3521,2.92,4.14351976963981e-10,7.005688215726678e-07,1389.3436303831493,False
SPARC,NGC3521,3.09,3.9591220311315323e-10,6.769229838240168e-07,1519.9618400322672,False
SPARC,NGC3521,3.26,3.785914307761794e-10,6.543207416010612e-07,1652.9436542065514,False
SPARC,NGC3521,3.43,3.6584091815189727e-10,6.325960659083448e-07,1812.6875777614007,False
SPARC,NGC3521,3.61,3.4937477384826776e-10,6.104962486160119e-07,1959.6834078784907,False
SPARC,NGC3521,3.78,3.387035774519107e-10,5.904161445545753e-07,2135.5860084904252,False
SPARC,NGC3521,3.95,3.2657873494534365e-10,5.710012944318718e-07,2299.3317111269403,False
SPARC,NGC3521,4.12,3.1568543227197623e-10,5.522581799474729e-07,2474.240902151793,False
SPARC,NGC3521,4.29,3.0092739527265325e-10,5.342636452853713e-07,2599.624484365503,False
SPARC,NGC3521,4.46,2.864521914677686e-10,5.171222206161831e-07,2714.588710063437,False
SPARC,NGC3521,4.64,2.686612589336777e-10,4.999694847805358e-07,2781.1818249193734,False
SPARC,NGC3521,4.81,2.5238392117040644e-10,4.847638887645735e-07,2825.4515569806294,False
SPARC,NGC3521,4.98,2.365303487817932e-10,4.7049596506197397e-07,2849.0717329536583,False
SPARC,NGC3521,5.15,2.2277294071657427e-10,4.5709217488101556e-07,2882.59318386822,False
SPARC,NGC3521,5.32,2.097816775296532e-10,4.444689878119459e-07,2905.6066410961257,False
SPARC,NGC3521,5.49,1.9810725387790104e-10,4.325656163823764e-07,2931.204055389615,False
SPARC,NGC3521,5.67,1.8693021048219119e-10,4.2066814585951325e-07,2959.7560456954034,False
SPARC,NGC3521,5.84,1.7744811556896388e-10,4.1003453895847694e-07,2990.4886235819667,False
SPARC,NGC3521,6.01,1.6871780265938832e-10,3.9993242246634575e-07,3020.7282704656727,False
SPARC,NGC3521,6.19,1.6052160647846325e-10,3.897590847323345e-07,3061.2336509410397,False
SPARC,NGC3521,6.35,1.5367645019353138e-10,3.811292471742707e-07,3094.2060093521854,False
SPARC,NGC3521,6.64,1.4191037253763936e-10,3.66414181290887e-07,3136.5430043905035,False
SPARC,NGC3521,8.82,8.524301186164224e-11,2.814071500772681e-07,3420.076813448882,False
SPARC,NGC3521,11.07,5.7287243350245127e-11,2.2635570486213073e-07,3719.654944885097,False
SPARC,NGC3521,13.32,4.113464389793818e-11,1.8834084881799516e-07,3952.0945488593125,False
SPARC,NGC3521,15.49,3.08597719015864e-11,1.615221508357406e-07,4055.460478751105,False
SPARC,NGC3521,17.74,2.3097960376466203e-11,1.4068130453246027e-07,3955.8764683210043,False
SPARC,NGC3726,3.5,8.846185270670975e-11,3.9745410570853916e-07,392.9290020359792,False
SPARC,NGC3726,5.24,8.316161291689333e-11,3.4619098280371046e-07,930.6090411875113,False
SPARC,NGC3726,6.98,7.386859060670107e-11,2.9928679872986786e-07,1613.7577599142853,False
SPARC,NGC3726,8.72,6.414918791142928e-11,2.580615366859035e-07,2381.260457080872,False
SPARC,NGC3726,10.47,4.968597765170453e-11,2.2386409356239837e-07,2711.818891395581,False
SPARC,NGC3726,12.19,4.050758276968202e-11,1.972333604756248e-07,3081.2012410304483,False
SPARC,NGC3726,13.94,3.4554464056279086e-11,1.746838252387208e-07,3592.642823689317,False
SPARC,NGC3726,16.03,2.7851449173555697e-11,1.5229397582256697e-07,3948.903276000911,False
SPARC,NGC3726,22.3,1.4582650757190025e-11,1.0662075071998792e-07,4136.81467157291,False
SPARC,NGC3726,27.52,9.204017968184219e-12,8.530585212028959e-08,3944.482305918554,False
SPARC,NGC3726,30.08,7.590955763419617e-12,7.792513708311169e-08,3862.121379479462,False
SPARC,NGC3726,32.52,6.452549568222334e-12,7.204287333398544e-08,3825.1526605069057,False
SPARC,NGC3741,0.23,1.03257568816829e-11,7.2651735667269725e-09,3.7952280399671503,False
SPARC,NGC3741,0.47,8.197771861452209e-12,6.502016185606074e-09,12.540451801919815,False
SPARC,NGC3741,0.7,6.008603879071919e-12,5.9411099388332035e-09,19.12374589406199,False
SPARC,NGC3741,0.93,4.599901141031347e-12,5.5222573867552195e-09,24.341578070802065,False
SPARC,NGC3741,1.17,3.5592149385489746e-12,5.1861070913175015e-09,27.93509463940768,False
SPARC,NGC3741,1.4,2.902460450365171e-12,4.93098262069536e-09,30.98798770898885,False
SPARC,NGC3741,1.64,2.4643547705387375e-12,4.709873311246819e-09,34.837258199196384,False
SPARC,NGC3741,1.87,2.1243455550457333e-12,4.528698976272199e-09,37.70737632650942,False
SPARC,NGC3741,2.1,1.86852454070319e-12,4.371049634866315e-09,40.64725086948183,False
SPARC,NGC3741,2.33,1.7754393748899127e-12,4.227176055805559e-09,47.92629956718694,False
SPARC,NGC3741,2.57,1.7321864421790967e-12,4.082664145055374e-09,58.18132732092479,False
SPARC,NGC3741,2.8,1.7263006267435743e-12,3.946113694977644e-09,71.08851150400129,False
SPARC,NGC3741,3.26,1.6170698341586552e-12,3.682103026662494e-09,93.63587191894644,False
SPARC,NGC3741,3.73,1.4792298135219855e-12,3.4322871792438285e-09,115.0616693428232,False
SPARC,NGC3741,4.21,1.43967886494242e-12,3.191772886996622e-09,151.35378853058506,False
SPARC,NGC3741,4.67,1.364017979538835e-12,2.970377774991947e-09,184.5596645230608,False
SPARC,NGC3741,5.14,1.285040865470721e-12,2.7566462387939903e-09,220.30595694259776,False
SPARC,NGC3741,5.61,1.1716373190115715e-12,2.5584363714282418e-09,246.1891923026744,False
SPARC,NGC3741,6.07,1.0637382845678952e-12,2.381918987567305e-09,267.8244577593088,False
SPARC,NGC3741,6.54,9.55408245490276e-13,2.2190100772986284e-09,284.0828772212548,False
SPARC,NGC3741,7.0,8.635537903933227e-13,2.075374967654236e-09,299.02906494491634,False
SPARC,NGC3769,1.74,1.5100222891840043e-10,2.4571948077716535e-07,337.12677354806533,False
SPARC,NGC3769,3.5,9.04009651240848e-11,1.7278467621740417e-07,933.0779957404403,False
SPARC,NGC3769,5.24,5.2600062915587604e-11,1.300709409523682e-07,1255.5760879652862,False
SPARC,NGC3769,6.98,3.366993319266636e-11,1.0430249840619754e-07,1433.6716609361038,False
SPARC,NGC3769,8.72,2.3149993235226325e-11,8.733065331885653e-08,1528.976680165758,False
SPARC,NGC3769,10.47,1.666904871774796e-11,7.536853760810027e-08,1563.348960660944,False
SPARC,NGC3769,12.31,1.2268678970023204e-11,6.62282177832866e-08,1554.4289361100891,False
SPARC,NGC3769,14.52,9.080881852917402e-12,5.812867762431031e-08,1569.953829941247,False
SPARC,NGC3769,17.07,6.9930708795035835e-12,5.109241548347128e-08,1668.8942484708205,False
SPARC,NGC3769,31.82,2.464619473387757e-12,2.7145132016887837e-08,2284.0677757682392,False
SPARC,NGC3769,34.61,2.0932209817009905e-12,2.4962188664705147e-08,2299.685977275813,False
SPARC,NGC3769,37.16,1.8222373006806418e-12,2.3248223759185174e-08,2311.7978951916243,False
SPARC,NGC3877,0.87,1.9328262660800635e-10,5.269017842531365e-07,55.18198734478512,False
SPARC,NGC3877,1.74,1.231160914209253e-10,4.796483789267943e-07,128.87606240454565,False
SPARC,NGC3877,2.61,9.240566847526807e-11,4.4746071034057013e-07,205.98847217674125,False
SPARC,NGC3877,3.5,8.226902858080326e-11,4.207737476133925e-07,333.60977596311375,False
SPARC,NGC3877,4.37,7.837105658981368e-11,3.967825282319941e-07,515.3800003709454,False
SPARC,NGC3877,5.24,8.114609589582559e-11,3.729590162093613e-07,833.0322000574994,False
SPARC,NGC3877,6.11,8.982690488296134e-11,3.4742460015359744e-07,1418.9586167697255,False
SPARC,NGC3877,6.98,8.991158886233238e-11,3.205810783131709e-07,2018.2199132885041,False
SPARC,NGC3877,7.85,8.374349429114497e-11,2.9464609955487963e-07,2508.6574196942483,False
SPARC,NGC3877,8.72,7.793220401863511e-11,2.7050021378377205e-07,3039.768941945632,False
SPARC,NGC3877,9.6,7.163263895451104e-11,2.4790630686691085e-07,3555.569539640607,False
SPARC,NGC3877,10.47,6.171759161343465e-11,2.2799076316735593e-07,3688.15332738207,False
SPARC,NGC3877,11.35,5.402082023104306e-11,2.105068220757387e-07,3852.2356379364614,False
SPARC,NGC3893,1.74,3.8655391235101643e-10,6.166461511103356e-07,493.0884136272064,False
SPARC,NGC3893,3.5,2.079360858762565e-10,4.3703373129368625e-07,1233.3081081745413,False
SPARC,NGC3893,5.24,1.4301107800018244e-10,3.3220746217291684e-07,2154.1280847791804,False
SPARC,NGC3893,6.98,9.042055649980478e-11,2.624825295958522e-07,2485.7080602674437,False
SPARC,NGC3893,8.81,6.329767410988139e-11,2.1419270696208258e-07,2871.3673070739433,False
SPARC,NGC3893,10.9,4.4688682751849343e-11,1.754496112520865e-07,3201.4059260990884,False
SPARC,NGC3893,13.12,3.1728287560647054e-11,1.463275619035765e-07,3336.2654669283165,False
SPARC,NGC3893,15.33,2.3181344782265098e-11,1.2549609019488662e-07,3320.3218919350293,False
SPARC,NGC3893,17.3,1.8455193791874157e-11,1.1141552825339679e-07,3384.8939873635313,False
SPARC,NGC3893,19.05,1.5476439485658663e-11,1.0122206041456353e-07,3470.016547668485,False
SPARC,NGC3917,0.87,2.3657867614559838e-11,1.614551128741358e-07,8.426294033693887,False
SPARC,NGC3917,1.74,2.1046920742401153e-11,1.547785577432561e-07,29.564297524885745,False
SPARC,NGC3917,2.61,2.2701726594002712e-11,1.482448000278495e-07,77.82468448018486,False
SPARC,NGC3917,3.5,2.566496824486155e-11,1.4085529139176348e-07,177.06028427453833,False
SPARC,NGC3917,4.37,2.8132782672122977e-11,1.3282072366164575e-07,336.08233912757385,False
SPARC,NGC3917,5.24,2.987353163045267e-11,1.2415761687568156e-07,566.1102194672228,False
SPARC,NGC3917,6.11,2.9659072103915177e-11,1.1526656234828816e-07,821.2605365655385,False
SPARC,NGC3917,6.98,2.83858251501638e-11,1.0659769328914717e-07,1086.7346296898859,False
SPARC,NGC3917,7.85,2.6530855567376214e-11,9.839601602164967e-08,1347.457015509601,False
SPARC,NGC3917,8.72,2.3685507112323933e-11,9.089632021219478e-08,1520.2189426090526,False
SPARC,NGC3917,9.6,2.212557040048969e-11,8.397590228168243e-08,1802.5287755365366,False
SPARC,NGC3917,10.47,2.0104971826159737e-11,7.766886999843341e-08,2009.7374365172534,False
SPARC,NGC3917,11.35,1.8198990275717045e-11,7.18825091326505e-08,2199.340462831498,False
SPARC,NGC3917,12.19,1.6319823030482e-11,6.69049745415845e-08,2315.8179822739125,False
SPARC,NGC3917,13.12,1.3947740009095633e-11,6.207283410321468e-08,2285.370078690418,False
SPARC,NGC3917,13.94,1.2444362083211283e-11,5.835776429673635e-08,2313.2838316874827,False
SPARC,NGC3917,14.86,1.0721431957967606e-11,5.4699170767611075e-08,2243.02242099704,False
SPARC,NGC3953,3.5,1.928956944724995e-10,7.279979559243896e-07,665.0529523918967,False
SPARC,NGC3953,5.24,1.4821724149603564e-10,6.26109124479087e-07,1204.3891144133465,False
SPARC,NGC3953,6.98,1.2185746159869883e-10,5.454390794597512e-07,1862.9369931556673,False
SPARC,NGC3953,8.72,1.111915938058095e-10,4.7582842146117205e-07,2940.8702595572636,False
SPARC,NGC3953,10.47,9.591127536509008e-11,4.136122463965466e-07,3945.6668424002255,False
SPARC,NGC3953,12.19,8.060657452025547e-11,3.614932289923599e-07,4745.784487805787,False
SPARC,NGC3953,13.94,6.636000496461644e-11,3.173427134805024e-07,5301.840861262357,False
SPARC,NGC3953,15.68,5.236135943959954e-11,2.8188119967894634e-07,5300.438672222746,False
SPARC,NGC3972,0.87,4.325278327156109e-11,1.4279425057059028e-07,23.33703912550886,False
SPARC,NGC3972,1.74,3.5523279745272746e-11,1.310292306016802e-07,76.11501896145003,False
SPARC,NGC3972,2.61,3.487230683067394e-11,1.2051581510372406e-07,181.4315474679295,False
SPARC,NGC3972,3.5,3.4005753568672064e-11,1.0999256095428315e-07,344.874094839956,False
SPARC,NGC3972,4.37,3.0900468625471415e-11,1.0029896913239391e-07,511.92233089997296,False
SPARC,NGC3972,5.24,3.3220745471547426e-11,9.07226164258493e-08,907.8130082458572,False
SPARC,NGC3972,6.11,3.327680547408216e-11,8.079136339291002e-08,1391.5293025546598,False
SPARC,NGC3972,6.98,2.8166623110540033e-11,7.161493166260249e-08,1598.9377302473997,False
SPARC,NGC3972,7.85,2.3327686656890698e-11,6.392437745745515e-08,1710.590601344247,False
SPARC,NGC3972,8.72,1.9229152578623604e-11,5.756861348239423e-08,1756.2609582064538,False
SPARC,NGC3992,9.19,8.387935905315844e-11,6.047694958642745e-07,1689.345364566033,False
SPARC,NGC3992,13.79,7.158105848940329e-11,4.820095169390311e-07,3829.592509130742,False
SPARC,NGC3992,18.35,5.397171814300676e-11,3.8372834917760285e-07,5625.218206910221,False
SPARC,NGC3992,22.94,4.101152020049972e-11,3.0888748363736443e-07,7259.750814373544,False
SPARC,NGC3992,27.52,2.8439825303004407e-11,2.542833795822397e-07,7312.988362383943,False
SPARC,NGC3992,32.11,2.0150881864338332e-11,2.1599693404682266e-07,6969.663419103264,False
SPARC,NGC3992,36.7,1.5181690064506813e-11,1.8815707186656796e-07,6820.006763042648,False
SPARC,NGC3992,41.44,1.175526792443113e-11,1.6623881388583917e-07,6693.161369909878,False
SPARC,NGC3992,46.02,9.465509665910472e-12,1.495545935979081e-07,6619.741399581156,False
SPARC,NGC4010,0.87,1.9976657107095815e-11,1.5954190735971202e-07,6.627685834012997,False
SPARC,NGC4010,1.74,3.933216391912303e-11,1.506842742541217e-07,76.98674678011875,False
SPARC,NGC4010,2.61,4.510962129075125e-11,1.3807309198429576e-07,232.07391380200616,False
SPARC,NGC4010,3.5,4.2999023968533654e-11,1.2461177118852039e-07,431.53585432438354,False
SPARC,NGC4010,4.37,3.8169109782569016e-11,1.1248950107435102e-07,625.326067063027,False
SPARC,NGC4010,5.24,3.286215695398638e-11,1.0188114823760197e-07,795.3997271306093,False
SPARC,NGC4010,6.11,2.9314265121648244e-11,9.259524565119185e-08,1004.6309141103754,False
SPARC,NGC4010,6.98,2.6861182193791126e-11,8.42055745491038e-08,1266.6674123037217,False
SPARC,NGC4010,7.85,2.4893459056051662e-11,7.647614044856921e-08,1575.9373466076163,False
SPARC,NGC4010,8.72,2.2317716329992387e-11,6.942526230232533e-08,1820.6157778800243,False
SPARC,NGC4010,9.6,1.8990155259787503e-11,6.318511798043604e-08,1904.9634255315157,False
SPARC,NGC4010,10.47,1.6118890527882683e-11,5.7941664462162976e-08,1933.6742291183853,False
SPARC,NGC4013,5.49,1.5131998319660705e-10,4.1969709277967934e-07,2037.4588619039828,False
SPARC,NGC4013,6.17,1.4165568446813304e-10,3.8549760440420316e-07,2557.4913534494754,False
SPARC,NGC4013,6.92,1.294885423054823e-10,3.505883342672815e-07,3115.7810431120442,False
SPARC,NGC4013,7.69,1.1718066845588322e-10,3.1798328857700695e-07,3677.0386006039207,False
SPARC,NGC4013,8.36,1.0623932485907642e-10,2.922866698409365e-07,4101.810077142142,False
SPARC,NGC4013,9.12,9.401909732030927e-11,2.661600319524008e-07,4483.680602797035,False
SPARC,NGC4013,9.88,8.09479469535061e-11,2.433330239373543e-07,4614.675219296001,False
SPARC,NGC4013,10.56,6.894668549866405e-11,2.2583559904553547e-07,4475.191561110782,False
SPARC,NGC4013,11.31,5.84512273138425e-11,2.0943337574846712e-07,4328.499886548242,False
SPARC,NGC4013,12.08,5.009367598033745e-11,1.9508577427672527e-07,4211.091836253328,False
SPARC,NGC4013,12.77,4.4189691630984985e-11,1.8391808503087772e-07,4139.082012537396,False
SPARC,NGC4013,13.47,3.9430021196077166e-11,1.7386994091210326e-07,4108.595655070354,False
SPARC,NGC4013,14.17,3.543692681438157e-11,1.648735708229391e-07,4087.150000484728,False
SPARC,NGC4013,14.98,3.1535057889787165e-11,1.5556126281572025e-07,4065.6386636143416,False
SPARC,NGC4013,15.68,2.8558737458412904e-11,1.483401053172287e-07,4026.653158426835,False
SPARC,NGC4013,16.37,2.597088752266529e-11,1.4188117282563873e-07,3979.7117477903957,False
SPARC,NGC4013,17.19,2.3325204332686927e-11,1.3494203543564722e-07,3927.5054017343823,False
SPARC,NGC4013,17.88,2.136776979091368e-11,1.2964823591267454e-07,3877.7334997291587,False
SPARC,NGC4013,18.58,1.963831770632341e-11,1.2472074856562442e-07,3835.0111356681846,False
SPARC,NGC4013,19.39,1.7937229372816368e-11,1.194959509209621e-07,3805.186344328765,False
SPARC,NGC4013,20.09,1.6632624882167206e-11,1.1534187210419434e-07,3778.5873310822567,False
SPARC,NGC4013,20.79,1.5448580254939743e-11,1.1148684125293683e-07,3747.1269077304096,False
SPARC,NGC4013,21.48,1.4429703053492486e-11,1.0794781425759756e-07,3728.9738052680536,False
SPARC,NGC4013,22.3,1.3393298738366076e-11,1.0403132463805128e-07,3729.0334677975566,False
SPARC,NGC4013,22.99,1.2627234954580105e-11,1.0094924089776884e-07,3738.818095623816,False
SPARC,NGC4013,23.69,1.1950719226310644e-11,9.799583652211665e-08,3765.2627487553855,False
SPARC,NGC4013,24.39,1.1409938737638714e-11,9.518870827453923e-08,3833.118350492457,False
SPARC,NGC4013,25.2,1.0800956626879351e-11,9.210033184872269e-08,3895.078904199388,False
SPARC,NGC4013,25.9,1.0226165332775353e-11,8.95736124340002e-08,3897.0202324869247,False
SPARC,NGC4013,26.59,9.693924619283024e-12,8.721411488984157e-08,3893.1451923527443,False
SPARC,NGC4013,27.41,9.10376103220646e-12,8.456806895718827e-08,3882.300705403394,False
SPARC,NGC4013,28.1,8.633762377014141e-12,8.246709235395827e-08,3863.9067371239603,False
SPARC,NGC4013,28.8,8.205259619990876e-12,8.044363503600442e-08,3854.6022535739667,False
SPARC,NGC4013,29.61,7.751628114468623e-12,7.822486469380415e-08,3846.9557728356426,False
SPARC,NGC4013,30.31,7.410568463929993e-12,7.640290272782583e-08,3857.4480060120027,False
SPARC,NGC4013,31.01,7.013473452482285e-12,7.4669640951968e-08,3803.2019569935405,False
SPARC,NGC4088,1.74,1.7509422406275858e-10,7.780047794890148e-07,131.39647266071137,False
SPARC,NGC4088,3.5,1.5045212711105947e-10,6.796479222312475e-07,498.2752589442847,False
SPARC,NGC4088,5.24,1.8128775983961074e-10,5.805587764935486e-07,1743.1263812949358,False
SPARC,NGC4088,6.98,1.6659664556900898e-10,4.7664733893845777e-07,3388.079076122888,False
SPARC,NGC4088,8.72,1.1685580722138082e-10,3.919814229329105e-07,3845.458084115284,False
SPARC,NGC4088,10.47,8.941425607132758e-11,3.3001543269923304e-07,4449.487148422431,False
SPARC,NGC4088,12.19,7.145214174892997e-11,2.825176946903651e-07,5060.879487051568,False
SPARC,NGC4088,13.94,5.3067944175589053e-11,2.4511037389391016e-07,4893.366220957114,False
SPARC,NGC4088,15.68,4.122623814930372e-11,2.1694514462198408e-07,4794.188251351701,False
SPARC,NGC4088,17.42,3.3195859166072715e-11,1.947156137845146e-07,4765.495939743337,False
SPARC,NGC4088,19.28,2.685789431889936e-11,1.7554075188293515e-07,4712.184736128049,False
SPARC,NGC4088,21.48,2.133516834249109e-11,1.5734012481435633e-07,4618.445111205301,False
SPARC,NGC4100,2.61,9.925104240057254e-11,4.012277506439074e-07,254.98954785949812,False
SPARC,NGC4100,3.5,8.534849854408395e-11,3.730244610337199e-07,397.20047100507617,False
SPARC,NGC4100,4.37,8.753884520992647e-11,3.472041423513417e-07,693.3346584095307,False
SPARC,NGC4100,5.24,9.961527541994248e-11,3.192531140547932e-07,1317.439513984917,False
SPARC,NGC4100,6.11,1.0474845546368215e-10,2.887318708917144e-07,2143.591310927968,False
SPARC,NGC4100,6.98,1.0167998902069593e-10,2.579022676023145e-07,3011.773789775029,False
SPARC,NGC4100,7.85,8.391034178769027e-11,2.301847876423082e-07,3220.7340595509017,False
SPARC,NGC4100,8.72,7.019175933585119e-11,2.0717000082080838e-07,3393.9585222177693,False
SPARC,NGC4100,9.6,5.695613495207023e-11,1.879624943566589e-07,3325.0173698710805,False
SPARC,NGC4100,10.47,4.657957447425031e-11,1.7249967935617284e-07,3194.0870037578657,False
SPARC,NGC4100,11.35,3.952138438287347e-11,1.5949289907813902e-07,3177.6013782410027,False
SPARC,NGC4100,12.19,3.50175767707551e-11,1.4874454993203202e-07,3281.5545367807454,False
SPARC,NGC4100,13.12,3.08964052061508e-11,1.3822154821735448e-07,3393.440228066749,False
SPARC,NGC4100,13.94,2.74537015885697e-11,1.3000792736973585e-07,3413.2999679741392,False
SPARC,NGC4100,14.86,2.425981611811919e-11,1.2184076759469496e-07,3439.3826582403794,False
SPARC,NGC4100,15.68,2.195114197606357e-11,1.1533590737008348e-07,3482.93994602781,False
SPARC,NGC4100,16.61,1.9789274666389453e-11,1.0867215466198915e-07,3551.5112393803847,False
SPARC,NGC4100,17.42,1.8095872419235005e-11,1.0340430781351185e-07,3590.334863262417,False
SPARC,NGC4100,18.35,1.625688513130572e-11,9.791997632926169e-08,3582.4583173231813,False
SPARC,NGC4100,19.16,1.4770568439546067e-11,9.360567676642572e-08,3538.2366247239697,False
SPARC,NGC4100,20.09,1.3294825194257525e-11,8.912510714410961e-08,3488.581255958635,False
SPARC,NGC4100,21.02,1.2020029493702637e-11,8.508365415798064e-08,3438.7127340040306,False
SPARC,NGC4100,21.95,1.0923445823646205e-11,8.142078593391076e-08,3394.229201421734,False
SPARC,NGC4100,22.76,1.0046520809348092e-11,7.850495793433545e-08,3337.963260651469,False
SPARC,NGC4157,1.74,2.2293098850457467e-10,8.261758201171954e-07,173.68159220447936,False
SPARC,NGC4157,3.5,2.370217096242438e-10,6.872109639237174e-07,944.9510945778666,False
SPARC,NGC4157,5.24,1.8463304096404905e-10,5.612646708321984e-07,1851.7427836782012,False
SPARC,NGC4157,6.98,1.4756797854809719e-10,4.6203778696476014e-07,2920.643088464949,False
SPARC,NGC4157,8.72,1.2313679835550403e-10,3.811795418587656e-07,4276.721844166221,False
SPARC,NGC4157,10.47,8.962770038831975e-11,3.1726254566080533e-07,4644.983679568841,False
SPARC,NGC4157,12.19,6.623524416980581e-11,2.712421373827237e-07,4701.038009495214,False
SPARC,NGC4157,13.94,5.006012058701113e-11,2.363056210424118e-07,4647.109761386855,False
SPARC,NGC4157,15.68,3.885589772305592e-11,2.0974682409541612e-07,4533.877503979505,False
SPARC,NGC4157,17.42,3.233155268728159e-11,1.88483467092301e-07,4730.415469891112,False
SPARC,NGC4157,19.16,2.652631791485943e-11,1.7090289765425384e-07,4690.244694457697,False
SPARC,NGC4157,20.9,2.1825043212218817e-11,1.564605732374447e-07,4547.7486450257975,False
SPARC,NGC4157,22.65,1.9334526985530448e-11,1.440957468337372e-07,4837.024829104338,False
SPARC,NGC4157,24.39,1.6516622719568816e-11,1.3338717684341554e-07,4781.940944420967,False
SPARC,NGC4157,26.13,1.4149346100014897e-11,1.2422739602392275e-07,4670.359770286484,False
SPARC,NGC4157,27.87,1.2258269058210975e-11,1.1633956543758261e-07,4572.544878166725,False
SPARC,NGC4157,29.61,1.0767511111775717e-11,1.0946187307456777e-07,4514.089059497357,False
SPARC,NGC4183,0.87,2.879461453933913e-11,1.1437964542947995e-07,15.933678575706816,False
SPARC,NGC4183,1.74,2.278142306844844e-11,1.0667688536335161e-07,48.271076231888074,False
SPARC,NGC4183,2.61,2.173326254123942e-11,1.0002872163123141e-07,108.0750539145041,False
SPARC,NGC4183,3.5,1.8173735156008565e-11,9.393169339503443e-08,158.5923390914662,False
SPARC,NGC4183,4.37,1.8242845715124847e-11,8.849296258340757e-08,264.1287895152306,False
SPARC,NGC4183,5.24,1.7867631824174995e-11,8.309994758536233e-08,392.34021221950354,False
SPARC,NGC4183,6.11,1.7310119749891723e-11,7.78462330192788e-08,543.467521999171,False
SPARC,NGC4183,6.98,1.682337837282452e-11,7.274847525323387e-08,727.7596682958366,False
SPARC,NGC4183,7.85,1.6734217363727437e-11,6.77367271557848e-08,981.4577824365613,False
SPARC,NGC4183,8.72,1.667355282055601e-11,6.274735515263121e-08,1301.1919182982524,False
SPARC,NGC4183,9.6,1.4940069661637234e-11,5.797166569601399e-08,1448.8998321037345,False
SPARC,NGC4183,10.47,1.3072648069040245e-11,5.378803210398698e-08,1521.1970290578768,False
SPARC,NGC4183,11.35,1.2161786794749449e-11,4.997601010016335e-08,1727.3199743332482,False
SPARC,NGC4183,12.31,1.0189897943702252e-11,4.629251039010762e-08,1682.8567228612221,False
SPARC,NGC4183,13.12,8.81626945680294e-12,4.36497443790348e-08,1631.835666541086,False
SPARC,NGC4183,14.05,7.786088611085923e-12,4.099921960149524e-08,1653.8583720821894,False
SPARC,NGC4183,14.98,7.165611584088565e-12,3.861221820858453e-08,1762.8080098881958,False
SPARC,NGC4183,16.03,6.33883449724589e-12,3.6178080087049054e-08,1792.7108999246218,False
SPARC,NGC4183,16.95,5.574039712930096e-12,3.429666974466412e-08,1743.5043120201503,False
SPARC,NGC4183,17.88,5.228697502683227e-12,3.2572039873524814e-08,1856.1391818364866,False
SPARC,NGC4183,18.93,4.7087485615378654e-12,3.0780843392755654e-08,1881.583547125426,False
SPARC,NGC4183,19.97,4.201848210261928e-12,2.9190029869739308e-08,1861.3150489117381,False
SPARC,NGC4183,21.02,3.843809300015582e-12,2.7739822912665105e-08,1898.6705101620012,False
SPARC,NGC4217,0.87,6.235836539407442e-10,1.3148478038114878e-06,103.79916563311508,False
SPARC,NGC4217,1.74,6.351016202613188e-10,1.1268661147240824e-06,517.6696906850856,False
SPARC,NGC4217,2.61,6.053627242773569e-10,9.416056786814762e-07,1365.3009061930222,False
SPARC,NGC4217,3.5,5.091792359813554e-10,7.713249210640641e-07,2457.3944629785,False
SPARC,NGC4217,4.37,3.6429659780201617e-10,6.408733570575493e-07,2957.675027728588,False
SPARC,NGC4217,5.24,2.677376875986558e-10,5.464805211628978e-07,3263.192731904726,False
SPARC,NGC4217,6.11,2.0708574875289393e-10,4.755667562900743e-07,3550.9864593526327,False
SPARC,NGC4217,6.98,1.652643508957688e-10,4.1995714354697435e-07,3799.9990026477244,False
SPARC,NGC4217,7.85,1.3791242592689857e-10,3.746784040818369e-07,4149.351372135153,False
SPARC,NGC4217,8.72,1.1192206538332044e-10,3.3736620965852446e-07,4188.702475024094,False
SPARC,NGC4217,9.6,9.177501369238856e-11,3.0659485489101797e-07,4169.513246831747,False
SPARC,NGC4217,10.47,7.726801178414556e-11,2.8134867611319037e-07,4189.796876123454,False
SPARC,NGC4217,11.35,6.606461904622524e-11,2.5969623390314726e-07,4227.772859675888,False
SPARC,NGC4217,12.19,5.728429860078673e-11,2.41909599730289e-07,4234.168223556897,False
SPARC,NGC4217,13.12,4.9515467421356635e-11,2.2485928525570703e-07,4246.190871126926,False
SPARC,NGC4217,13.94,4.376087172157728e-11,2.1172929242691464e-07,4232.968627344655,False
SPARC,NGC4217,14.86,3.845608224694061e-11,1.987446990545088e-07,4224.032829250638,False
SPARC,NGC4217,15.79,3.419547382375459e-11,1.8714606055359443e-07,4248.8823406471165,False
SPARC,NGC4217,16.72,3.0793906962670746e-11,1.7677066909733261e-07,4311.7994144038685,False
SPARC,NGC4559,0.67,8.413455798499516e-11,2.4004453254035175e-07,21.865373692745216,False
SPARC,NGC4559,1.32,7.118562718831758e-11,2.2271366112827335e-07,71.85115750093946,False
SPARC,NGC4559,1.97,6.428205892657108e-11,2.0759796289543138e-07,148.139694832735,False
SPARC,NGC4559,2.62,5.8180327067503374e-11,1.9393341657705442e-07,242.63280510317816,False
SPARC,NGC4559,3.28,5.68725597497887e-11,1.808981295223313e-07,394.9792886212469,False
SPARC,NGC4559,3.93,5.555047776081593e-11,1.68353789553399e-07,589.5476180608907,False
SPARC,NGC4559,4.58,4.9888172158310446e-11,1.5658877857576913e-07,735.1976573215252,False
SPARC,NGC4559,5.22,4.354669494661962e-11,1.4632356262993537e-07,836.1616131411191,False
SPARC,NGC4559,5.9,3.8441653743749776e-11,1.367529399215355e-07,950.4259401373795,False
SPARC,NGC4559,6.54,3.366516372341992e-11,1.2883092884149555e-07,1018.0119500673619,False
SPARC,NGC4559,7.19,2.981059969364949e-11,1.2174820297211023e-07,1086.6884072076914,False
SPARC,NGC4559,7.87,2.7613590937603182e-11,1.1504499121524865e-07,1229.863358090373,False
SPARC,NGC4559,8.51,2.581755244003962e-11,1.091747819240175e-07,1371.3109588732943,False
SPARC,NGC4559,9.16,2.3499591676250397e-11,1.036718971435452e-07,1454.2653125666902,False
SPARC,NGC4559,9.84,2.101353847274991e-11,9.847581280923515e-08,1495.1183410237056,False
SPARC,NGC4559,10.48,1.9003956965952282e-11,9.40792931264023e-08,1527.6363247733768,False
SPARC,NGC4559,11.13,1.734097059453308e-11,9.002386874399366e-08,1570.307147708478,False
SPARC,NGC4559,11.78,1.5719200352161737e-11,8.633496268906486e-08,1583.6613942277108,False
SPARC,NGC4559,12.43,1.4285086303088187e-11,8.298703702664668e-08,1589.6625485130492,False
SPARC,NGC4559,13.08,1.3184283991725991e-11,7.992196133272465e-08,1621.0715282275817,False
SPARC,NGC4559,13.73,1.2378413657652263e-11,7.706963518198727e-08,1685.5318855109224,False
SPARC,NGC4559,14.38,1.1622209907548699e-11,7.439160772307032e-08,1743.0293116223659,False
SPARC,NGC4559,15.03,1.086636821149324e-11,7.188229668158077e-08,1781.8675056845352,False
SPARC,NGC4559,15.68,1.0332590146229568e-11,6.951688344853742e-08,1859.7329504792242,False
SPARC,NGC4559,16.33,9.938699775471e-12,6.725498092377582e-08,1967.271577986,False
SPARC,NGC4559,16.98,9.56414460953182e-12,6.507882276487906e-08,2075.420212928937,False
SPARC,NGC4559,17.72,9.154184908499721e-12,6.27010083705257e-08,2197.1706171479973,False
SPARC,NGC4559,18.28,8.914571680298378e-12,6.096402589007364e-08,2311.403692076663,False
SPARC,NGC4559,19.02,8.545273710532807e-12,5.8746078414925826e-08,2437.4968120142603,False
SPARC,NGC4559,19.67,8.19851685613785e-12,5.687777983584584e-08,2530.6151233699416,False
SPARC,NGC4559,20.32,7.821290517145409e-12,5.509026444418674e-08,2598.2137696748646,False
SPARC,NGC4559,20.97,7.415716609030267e-12,5.3390095139636846e-08,2636.0943528311595,False
SPARC,NGC5005,0.49,2.9809241925449547e-09,2.472704321800337e-06,102.08825303473999,False
SPARC,NGC5005,0.98,2.194290673591055e-09,2.037389344700698e-06,388.4517070112775,False
SPARC,NGC5005,1.47,1.3840578748082209e-09,1.7363953267336726e-06,629.159105598984,False
SPARC,NGC5005,1.97,9.612378978837242e-10,1.53509393902058e-06,843.9969629814885,False
SPARC,NGC5005,2.46,7.764615793246271e-10,1.3889267502770145e-06,1137.7979790751936,False
SPARC,NGC5005,2.95,6.630239004989951e-10,1.2678439344146178e-06,1490.2858867105624,False
SPARC,NGC5005,3.44,5.776929428670722e-10,1.1634806107212972e-06,1870.8515185040321,False
SPARC,NGC5005,3.93,4.907762353577079e-10,1.0736059585799717e-06,2148.6470033952796,False
SPARC,NGC5005,4.42,4.190128276664865e-10,9.970787388644396e-07,2377.3043114193647,False
SPARC,NGC5005,4.92,3.682201787461555e-10,9.295089685652671e-07,2662.2016463029986,False
SPARC,NGC5005,5.74,3.0791703142783297e-10,8.34332884228807e-07,3173.3875438762507,False
SPARC,NGC5005,6.56,2.641874392771211e-10,7.538009115260045e-07,3720.0484968526534,False
SPARC,NGC5005,7.37,2.261212850311338e-10,6.856245557026895e-07,4150.770267951061,False
SPARC,NGC5005,8.19,1.976541254483007e-10,6.259720419812071e-07,4641.798702556733,False
SPARC,NGC5005,9.01,1.7548261377226996e-10,5.734476531046502e-07,5176.471134243147,False
SPARC,NGC5005,9.83,1.5409936224642162e-10,5.270542266324402e-07,5554.907460041563,False
SPARC,NGC5005,10.65,1.332554335890226e-10,4.866048860675527e-07,5707.298499218726,False
SPARC,NGC5005,11.47,1.1470398555647355e-10,4.5170101414111556e-07,5714.998112251928,False
SPARC,NGC5033,0.76,2.489608893282781e-09,1.9170787945179456e-06,275.3710985811075,False
SPARC,NGC5033,2.28,7.992603965086695e-10,1.058916665185519e-06,1316.7694600988616,False
SPARC,NGC5033,3.8,4.114833036604833e-10,7.429982445179507e-07,2255.9080079997166,False
SPARC,NGC5033,5.33,2.3923203774598406e-10,5.720905481689449e-07,2743.128515386704,False
SPARC,NGC5033,6.85,1.5536716207187143e-10,4.691280830446361e-07,2986.3797342028147,False
SPARC,NGC5033,8.0,1.1535992082748842e-10,4.1568288535931663e-07,2979.9612311390115,False
SPARC,NGC5033,10.28,7.553304538473523e-11,3.409685535062319e-07,3218.4860487648693,False
SPARC,NGC5033,12.56,5.43738613078287e-11,2.9012378992366247e-07,3468.330673245039,False
SPARC,NGC5033,14.91,4.0529679235584855e-11,2.518387220981955e-07,3633.4495030516932,False
SPARC,NGC5033,17.15,3.207889920526845e-11,2.2391874253292097e-07,3812.1502212846235,False
SPARC,NGC5033,19.39,2.6492243304485606e-11,2.0139654010033604e-07,4069.5408894182815,False
SPARC,NGC5033,21.64,2.3321333062868848e-11,1.8215634884213109e-07,4633.609312274101,False
SPARC,NGC5033,24.01,2.017387627685337e-11,1.644606012446232e-07,5085.447095924346,False
SPARC,NGC5033,26.25,1.728256536428652e-11,1.5005757741927155e-07,5281.5538395912145,False
SPARC,NGC5033,28.5,1.465237582994106e-11,1.3772290038533872e-07,5292.401480734687,False
SPARC,NGC5033,30.87,1.2320865596624946e-11,1.2674900971055013e-07,5198.426653974802,False
SPARC,NGC5033,33.12,1.0656612491499814e-11,1.178740983854428e-07,5172.774442194573,False
SPARC,NGC5033,35.36,9.225110738490023e-12,1.1022903332255988e-07,5075.014583688809,False
SPARC,NGC5033,37.73,8.040045843298161e-12,1.032048148456124e-07,5018.405268379354,False
SPARC,NGC5033,39.98,7.1276409784064565e-12,9.73463879532722e-08,4984.0457521855105,False
SPARC,NGC5033,42.22,6.3721930779089695e-12,9.2155333410124e-08,4960.907469456853,False
SPARC,NGC5033,44.59,5.698891650978545e-12,8.724428983007971e-08,4941.452402974334,False
SPARC,NGC5055,0.72,9.138068212750214e-10,1.4235969215333141e-06,103.58445759608507,False
SPARC,NGC5055,1.43,6.53709303737989e-10,1.2325458360537488e-06,326.5173868868428,False
SPARC,NGC5055,2.16,5.202092096276339e-10,1.0854365947848863e-06,649.7859796279741,False
SPARC,NGC5055,2.87,4.4530779688594955e-10,9.677580145139053e-07,1070.643687432177,False
SPARC,NGC5055,3.59,3.3751291891306564e-10,8.710028958255556e-07,1293.5377120322778,False
SPARC,NGC5055,4.3,2.79363376936385e-10,7.958171391701508e-07,1577.216421322434,False
SPARC,NGC5055,5.03,2.418339917028842e-10,7.305034495239852e-07,1934.5411316282457,False
SPARC,NGC5055,5.75,2.1615240589106383e-10,6.738972210957776e-07,2351.8991360872833,False
SPARC,NGC5055,6.46,1.9809304192387544e-10,6.234083991965094e-07,2849.159765797572,False
SPARC,NGC5055,7.18,1.7372875462226204e-10,5.77451947955925e-07,3155.1734011707886,False
SPARC,NGC5055,7.91,1.5365129689622226e-10,5.364264164244654e-07,3458.5463753208182,False
SPARC,NGC5055,8.62,1.3715118618540053e-10,5.00982997906244e-07,3733.6830694237988,False
SPARC,NGC5055,11.49,8.813676691635875e-11,3.899891239467059e-07,4459.025779484968,False
SPARC,NGC5055,14.3,6.211980891911859e-11,3.175089960222963e-07,5051.186886919296,False
SPARC,NGC5055,17.19,4.5197093428425434e-11,2.6426812953593994e-07,5455.728613194125,False
SPARC,NGC5055,20.07,3.247815938452968e-11,2.2586608854041485e-07,5298.799195338455,False
SPARC,NGC5055,22.96,2.4135862268378293e-11,1.9777937058505689e-07,5068.527971341001,False
SPARC,NGC5055,25.85,1.866144087572437e-11,1.7654724915005507e-07,4888.381506387028,False
SPARC,NGC5055,28.74,1.5105328423565954e-11,1.5979525559998918e-07,4858.1930730920785,False
SPARC,NGC5055,31.62,1.2611436644547252e-11,1.4609230247317938e-07,4904.1039506184,False
SPARC,NGC5055,34.51,1.081303702267886e-11,1.3447121345785248e-07,5036.326371679759,False
SPARC,NGC5055,37.4,9.129381580187989e-12,1.2457760282406994e-07,4949.484978449628,False
SPARC,NGC5055,40.29,8.01115717647929e-12,1.160740296171899e-07,5065.5290186598695,False
SPARC,NGC5055,43.17,7.1096869162319675e-12,1.0859840187596426e-07,5194.973773524988,False
SPARC,NGC5055,45.92,6.4555776140779905e-12,1.0219456729977456e-07,5403.241535876392,False
SPARC,NGC5055,48.81,5.772377041013697e-12,9.612817060967424e-08,5485.300279606044,False
SPARC,NGC5055,51.7,5.161075821068043e-12,9.070398773324514e-08,5511.541750205256,False
SPARC,NGC5055,54.59,4.58165026598975e-12,8.587053496422702e-08,5426.0716741853785,False
SPARC,NGC5371,1.45,6.485225129526203e-10,1.4913782366711492e-06,274.93619857045616,False
SPARC,NGC5371,2.88,3.0429653623959704e-10,1.2574807192002124e-06,491.2609534081664,False
SPARC,NGC5371,4.33,2.0761604047859912e-10,1.1300591510914077e-06,736.257076570382,False
SPARC,NGC5371,5.78,1.6657756260801648e-10,1.0369175916727027e-06,1055.1838100992754,False
SPARC,NGC5371,7.22,1.3506666405628956e-10,9.623523116193484e-07,1318.3696764112824,False
SPARC,NGC5371,8.66,1.1976849973328195e-10,8.99358049917272e-07,1714.3873446817056,False
SPARC,NGC5371,11.55,1.115893907550965e-10,7.845793497441515e-07,3201.5486421870696,False
SPARC,NGC5371,14.48,1.0227371367272709e-10,6.77011464451856e-07,5194.755894879564,False
SPARC,NGC5371,17.28,8.480134573035755e-11,5.870921335018397e-07,6489.288206220565,False
SPARC,NGC5371,20.2,7.330056139584843e-11,5.078421639828654e-07,8289.381134042142,False
SPARC,NGC5371,23.12,6.156801116558552e-11,4.402381074674105e-07,9665.579982634705,False
SPARC,NGC5371,26.04,4.8507106942253474e-11,3.8506198775191474e-07,9779.632837945981,False
SPARC,NGC5371,28.84,3.8466594792855534e-11,3.432572859641876e-07,9471.345138446633,False
SPARC,NGC5371,31.76,3.10894937258668e-11,3.083916856993687e-07,9263.114793736064,False
SPARC,NGC5371,34.68,2.5794221339405944e-11,2.798782239265748e-07,9176.165833951452,False
SPARC,NGC5371,37.48,2.1124827236464075e-11,2.573261559480039e-07,8613.478341928787,False
SPARC,NGC5371,40.4,1.768176315650494e-11,2.3787401168434785e-07,8271.462257966105,False
SPARC,NGC5371,43.32,1.5070147442356863e-11,2.2145682884432028e-07,8022.925750922971,False
SPARC,NGC5371,46.24,1.3061375672484046e-11,2.073556558104377e-07,7865.363720671478,False
SPARC,NGC5585,0.09,2.9167589743539636e-11,7.549363537960224e-08,0.26303620606023836,False
SPARC,NGC5585,0.26,4.534640477497862e-11,7.33191028410652e-08,4.347000134701595,False
SPARC,NGC5585,0.43,4.725642558960394e-11,7.061668607909215e-08,13.125541095220779,False
SPARC,NGC5585,0.6,4.3548671170105295e-11,6.796673235100529e-08,23.542001768487197,False
SPARC,NGC5585,0.77,3.973388592974876e-11,6.553630795252275e-08,35.12212551148883,False
SPARC,NGC5585,0.94,3.667299458401279e-11,6.330653555984833e-08,48.1327664955313,False
SPARC,NGC5585,1.11,3.4219162246616985e-11,6.123769865543348e-08,62.62831212463927,False
SPARC,NGC5585,1.28,3.091858898261465e-11,5.9336791846580374e-08,73.94896509216439,False
SPARC,NGC5585,1.46,2.8542549841456913e-11,5.749947155466803e-08,88.17728332254225,False
SPARC,NGC5585,1.63,2.6732941820815593e-11,5.58863738274569e-08,102.60127731849146,False
SPARC,NGC5585,2.05,2.351104355009651e-11,5.2263839458179843e-08,143.39315934141692,False
SPARC,NGC5585,2.74,2.0008246663717483e-11,4.7109060607775635e-08,223.57419253545154,False
SPARC,NGC5585,3.42,1.6590326685416285e-11,4.2836854339625703e-08,289.73343723663095,False
SPARC,NGC5585,4.11,1.516499959385141e-11,3.9075495101278234e-08,401.27827689089804,False
SPARC,NGC5585,4.79,1.3594105680866678e-11,3.571840167993201e-08,506.5221469097929,False
SPARC,NGC5585,5.48,1.1723393706351605e-11,3.271959104342653e-08,580.0968079582577,False
SPARC,NGC5585,6.16,1.0339607416071854e-11,3.0144143886231605e-08,659.4150440436183,False
SPARC,NGC5585,6.85,8.86244746971762e-12,2.7869696257989986e-08,700.2732064033183,False
SPARC,NGC5585,7.53,7.792323180417934e-12,2.592555994187337e-08,750.2897285148574,False
SPARC,NGC5585,8.21,7.185194328219961e-12,2.4177211896409383e-08,847.1040759554326,False
SPARC,NGC5585,8.9,6.57407900421107e-12,2.2547451603388054e-08,934.4363566347959,False
SPARC,NGC5585,9.57,5.957037942933025e-12,2.110618697102396e-08,995.7946993726808,False
SPARC,NGC5585,10.31,5.424891489889825e-12,1.9660325276217834e-08,1078.474870878608,False
SPARC,NGC5585,10.96,4.918112028367646e-12,1.850623661871607e-08,1117.7860542823441,False
SPARC,NGC5907,5.03,1.0304557880991823e-10,6.709383889479713e-07,606.4762561083089,False
SPARC,NGC5907,7.55,9.232767312913274e-11,5.864212494620925e-07,1346.602410334532,False
SPARC,NGC5907,10.07,8.296047989097745e-11,5.10592787111246e-07,2372.4442036189407,False
SPARC,NGC5907,12.58,7.055231371939914e-11,4.444477232342652e-07,3366.066929679651,False
SPARC,NGC5907,15.1,5.543046270247329e-11,3.8994843133023643e-07,3867.704108599115,False
SPARC,NGC5907,17.61,4.5208947000381315e-11,3.465852690375075e-07,4371.695326532452,False
SPARC,NGC5907,20.13,3.801319809883539e-11,3.1058393530396857e-07,4923.947072477876,False
SPARC,NGC5907,22.65,3.227584538838831e-11,2.801773733320568e-07,5411.81712263799,False
SPARC,NGC5907,25.16,2.5859157011024243e-11,2.5512836369083263e-07,5253.550426319499,False
SPARC,NGC5907,27.68,2.1993687329283417e-11,2.3442754881588994e-07,5426.4044296165575,False
SPARC,NGC5907,30.2,1.983083031000236e-11,2.163345470555882e-07,5995.99942226798,False
SPARC,NGC5907,32.71,1.6794769326726504e-11,2.0055343480736184e-07,5907.387608182593,False
SPARC,NGC5907,35.23,1.5007661660906526e-11,1.8679591954314174e-07,6213.623022749791,False
SPARC,NGC5907,37.75,1.2874254174100544e-11,1.7473439245909662e-07,6052.947929909754,False
SPARC,NGC5907,40.26,1.1541231523241755e-11,1.6421433205854734e-07,6215.162561034737,False
SPARC,NGC5907,42.78,1.0089442899690067e-11,1.548570494764522e-07,6076.787041554331,False
SPARC,NGC5907,45.29,9.073506627460709e-12,1.4660018377337724e-07,6132.214894612733,False
SPARC,NGC5907,47.81,8.187843245105584e-12,1.391330412632584e-07,6168.905088829726,False
SPARC,NGC5907,50.33,7.655195948743595e-12,1.322794503026876e-07,6500.059962015103,False
SPARC,NGC5985,3.54,1.418927181520102e-10,7.459708205214442e-07,426.8197420498573,False
SPARC,NGC5985,4.23,1.1425538747844775e-10,7.156305546074596e-07,465.69323952061586,False
SPARC,NGC5985,4.97,9.549962004691796e-11,6.889850959034093e-07,515.3045123220576,False
SPARC,NGC5985,5.74,8.58160805060993e-11,6.650185591692625e-07,610.3661602186128,False
SPARC,NGC5985,6.47,8.035185856121572e-11,6.44195274451382e-07,728.5004302528444,False
SPARC,NGC5985,7.22,7.802636976356823e-11,6.23804398266461e-07,899.6488106838834,False
SPARC,NGC5985,8.02,7.517541375487099e-11,6.027650175749693e-07,1090.3327272354998,False
SPARC,NGC5985,8.79,7.28313705028671e-11,5.832012951780839e-07,1294.9893734665225,False
SPARC,NGC5985,9.5,7.174830543116701e-11,5.655797194987576e-07,1529.3035619235084,False
SPARC,NGC5985,10.27,7.204511029529192e-11,5.465729254394151e-07,1866.3689777540017,False
SPARC,NGC5985,11.08,7.175644270111394e-11,5.265776339853218e-07,2248.216241523449,False
SPARC,NGC5985,11.82,6.97400555324114e-11,5.08603144866185e-07,2544.5976007867303,False
SPARC,NGC5985,12.56,6.733237168236479e-11,4.911906513962802e-07,2828.8735936290077,False
SPARC,NGC5985,13.39,6.467232248132337e-11,4.723824783750047e-07,3154.4670217313937,False
SPARC,NGC5985,14.1,6.251667103549188e-11,4.5688050370010997e-07,3443.67600480267,False
SPARC,NGC5985,14.93,5.90930767612453e-11,4.395534139922358e-07,3694.4288316304273,False
SPARC,NGC5985,15.64,5.6013276710763737e-11,4.25524088599338e-07,3869.255757162881,False
SPARC,NGC5985,16.35,5.352892544234822e-11,4.1217292985001387e-07,4083.016593943906,False
SPARC,NGC5985,17.18,5.089932842930228e-11,3.9729387816498695e-07,4341.85769809402,False
SPARC,NGC5985,17.89,4.8140128021671425e-11,3.852228089374806e-07,4469.0854222030475,False
SPARC,NGC5985,18.72,4.4627381227913383e-11,3.7200519288395303e-07,4524.4317889978065,False
SPARC,NGC5985,19.44,4.206630236437049e-11,3.612900221223565e-07,4599.092533936703,False
SPARC,NGC5985,20.26,3.9833383954000294e-11,3.49761457601908e-07,4756.985278833537,False
SPARC,NGC5985,20.98,3.802846738731079e-11,3.4013788413766485e-07,4894.849169245353,False
SPARC,NGC5985,21.69,3.627406160709211e-11,3.310817866648942e-07,5008.553206174833,False
SPARC,NGC5985,22.52,3.4374410403066675e-11,3.2101571519922264e-07,5138.130976647942,False
SPARC,NGC5985,23.23,3.2874448678038385e-11,3.1281932900600194e-07,5248.190241980256,False
SPARC,NGC5985,24.06,3.1365437210435265e-11,3.0366635989144023e-07,5406.25372848524,False
SPARC,NGC5985,24.77,3.0190091542424626e-11,2.961638848624163e-07,5549.184020477384,False
SPARC,NGC5985,25.95,2.846920779700657e-11,2.842816530124121e-07,5812.341056205066,False
SPARC,NGC5985,28.92,2.4255264107218607e-11,2.5740050380428694e-07,6270.353802611731,False
SPARC,NGC5985,31.76,2.053017152500867e-11,2.3556645449614038e-07,6429.930976550967,False
SPARC,NGC5985,34.72,1.8114420563446083e-11,2.159301579466381e-07,6947.608661811269,False
SPARC,NGC6015,0.34,8.345841170986271e-11,3.392789583438576e-07,3.9314691935345976,False
SPARC,NGC6015,0.67,9.307522472569827e-11,3.292784851292828e-07,18.45908119443221,False
SPARC,NGC6015,1.0,1.039278899142163e-10,3.18118434212508e-07,50.022873059636865,False
SPARC,NGC6015,1.32,9.143752948813202e-11,3.073865293002803e-07,75.04244611200204,False
SPARC,NGC6015,1.65,8.237439411582033e-11,2.975402386926004e-07,104.19227284488022,False
SPARC,NGC6015,1.98,7.749225897640829e-11,2.8848393523432926e-07,141.71120280432567,False
SPARC,NGC6015,2.31,7.62590391072476e-11,2.7977406118858075e-07,194.52814240304664,False
SPARC,NGC6015,2.63,7.67046427655452e-11,2.713713884233343e-07,262.53954152964366,False
SPARC,NGC6015,2.96,7.921208320351799e-11,2.6253884481724953e-07,360.87341292498496,False
SPARC,NGC6015,3.28,8.192171617833291e-11,2.536873673223986e-07,482.4785647623657,False
SPARC,NGC6015,3.61,8.405485940805974e-11,2.4428494219870577e-07,631.2434574368745,False
SPARC,NGC6015,3.94,8.453029205705113e-11,2.3473474357569562e-07,790.2206096969489,False
SPARC,NGC6015,4.27,8.326855725818357e-11,2.2522908826888946e-07,947.5263794959808,False
SPARC,NGC6015,4.6,7.938477715339307e-11,2.1601492179677922e-07,1070.0672248205524,False
SPARC,NGC6015,4.94,7.406934994181359e-11,2.0705845678111302e-07,1163.7126266220168,False
SPARC,NGC6015,5.3,6.756807808572665e-11,1.9830540139886652e-07,1222.2949493382998,False
SPARC,NGC6015,5.63,6.234827114672762e-11,1.9094575596886514e-07,1272.6824356539714,False
SPARC,NGC6015,5.96,5.911118402751951e-11,1.84065186052263e-07,1368.2473474813235,False
SPARC,NGC6015,6.27,5.61812871046091e-11,1.7792980154543776e-07,1453.6910040042,False
SPARC,NGC6015,8.24,3.986432596046649e-11,1.454492868272635e-07,1848.82891955253,False
SPARC,NGC6015,10.3,2.832853936499198e-11,1.213343958366363e-07,2082.4897695154327,False
SPARC,NGC6015,11.13,2.5562887342756788e-11,1.1365588649040165e-07,2227.399201627616,False
SPARC,NGC6015,11.95,2.343890868462203e-11,1.0675817549156504e-07,2402.026837590764,False
SPARC,NGC6015,12.72,2.1451054806284375e-11,1.0082456380919045e-07,2524.5213151653056,False
SPARC,NGC6015,13.58,1.934879675637219e-11,9.480124045955886e-08,2622.9293760924725,False
SPARC,NGC6015,14.43,1.7517289967017298e-11,8.94219485784468e-08,2705.676827638392,False
SPARC,NGC6015,15.29,1.586988549796212e-11,8.449296609801731e-08,2773.1086564482034,False
SPARC,NGC6015,16.02,1.460225082660903e-11,8.067435960743815e-08,2814.534591696146,False
SPARC,NGC6015,16.88,1.321702703139448e-11,7.656737148188894e-08,2835.592478171515,False
SPARC,NGC6015,17.73,1.2022497145494919e-11,7.288456216972688e-08,2851.3449868137377,False
SPARC,NGC6015,18.59,1.0945822178279766e-11,6.9493725958663e-08,2856.1216742741153,False
SPARC,NGC6015,19.32,1.017810835274185e-11,6.684658703236268e-08,2875.6661465833226,False
SPARC,NGC6015,20.18,9.416012038647571e-12,6.395388722222486e-08,2918.058582505161,False
SPARC,NGC6015,21.04,8.700102430546529e-12,6.127938692118037e-08,2940.2230097262113,False
SPARC,NGC6015,21.89,8.05287580767497e-12,5.883488662752331e-08,2951.809398414529,False
SPARC,NGC6015,22.63,7.581720517091682e-12,5.684880297859927e-08,2982.6418154142566,False
SPARC,NGC6015,23.48,7.097293669724163e-12,5.470692384642196e-08,3021.962363461625,False
SPARC,NGC6015,24.34,6.630793735669887e-12,5.268023241869194e-08,3045.2405731509575,False
SPARC,NGC6015,25.19,6.250686118441083e-12,5.0800639379272184e-08,3095.6552911916324,False
SPARC,NGC6015,25.93,6.1852538659929534e-12,4.9220885316613095e-08,3333.044353112876,False
SPARC,NGC6015,26.78,5.443293732510626e-12,4.752411310004721e-08,3038.721237906737,False
SPARC,NGC6015,27.64,4.983871181268948e-12,4.59847401981832e-08,2930.4048355966906,False
SPARC,NGC6015,28.37,4.6423884022546684e-12,4.477842840782794e-08,2849.8285392934117,False
SPARC,NGC6015,29.23,4.330021285020627e-12,4.345382249133751e-08,2807.866006888874,False
SPARC,NGC6195,1.33,9.908993158752132e-10,2.166246502423061e-06,268.8613249317274,False
SPARC,NGC6195,2.34,6.976309556488323e-10,1.873488100076354e-06,657.2931315253372,False
SPARC,NGC6195,3.33,5.15728247253088e-10,1.667280946811695e-06,1040.5994851882233,False
SPARC,NGC6195,4.34,4.0717522659186314e-10,1.5072673828977916e-06,1452.0781141446387,False
SPARC,NGC6195,5.35,3.309996460472963e-10,1.3792821758743672e-06,1837.2446073938922,False
SPARC,NGC6195,6.34,2.8368758309369515e-10,1.2748177243202375e-06,2273.2661469297745,False
SPARC,NGC6195,7.34,2.4542502039786275e-10,1.1839881559736541e-06,2692.2501656366685,False
SPARC,NGC6195,8.32,2.1248686701160215e-10,1.1069533244014784e-06,3024.3545889429834,False
SPARC,NGC6195,9.34,1.8343802651025642e-10,1.0376279659092993e-06,3298.3986114576223,False
SPARC,NGC6195,10.38,1.6258225920268452e-10,9.758527825128067e-07,3646.5988726931596,False
SPARC,NGC6195,11.36,1.458674263788899e-10,9.239620798894444e-07,3945.644505840815,False
SPARC,NGC6195,12.34,1.313624550171047e-10,8.773235063836689e-07,4211.537320337525,False
SPARC,NGC6195,13.32,1.2093129660697987e-10,8.348799551296816e-07,4575.095432071253,False
SPARC,NGC6195,14.3,1.1343282803589427e-10,7.954527173469677e-07,5049.03937282604,False
SPARC,NGC6195,15.47,1.0660863553525229e-10,7.512580844909792e-07,5727.710666218587,False
SPARC,NGC6195,16.35,1.0086377920034405e-10,7.199164113198708e-07,6160.656833079387,False
SPARC,NGC6195,17.92,9.14954898765507e-11,6.68073197716557e-07,6916.577172565108,False
SPARC,NGC6195,19.1,8.568059772899882e-11,6.321837927132037e-07,7543.5984789200875,False
SPARC,NGC6195,22.52,6.8469876974346e-11,5.416834724225229e-07,8767.844282239857,False
SPARC,NGC6195,26.05,5.2080470802898366e-11,4.6863311979294785e-07,8975.460353921539,False
SPARC,NGC6195,29.48,4.013346523889581e-11,4.1433687133516953e-07,8763.61884109739,False
SPARC,NGC6195,33.0,3.1805448908642316e-11,3.708672671784928e-07,8629.061058649733,False
SPARC,NGC6195,36.43,2.6888624157457352e-11,3.363077622816239e-07,9002.474250533072,False
SPARC,NGC6503,0.76,1.0732867432327779e-10,2.3083820782707415e-07,41.65427848817925,False
SPARC,NGC6503,1.52,1.6296618660644035e-10,1.9557429294255047e-07,359.5185570153431,False
SPARC,NGC6503,2.28,1.4594257092816276e-10,1.5527263091569942e-07,876.5443444322522,False
SPARC,NGC6503,3.04,9.795494836236518e-11,1.2345263503703555e-07,1105.489393067955,False
SPARC,NGC6503,3.79,6.512823077865244e-11,1.0245600596193051e-07,1139.6280677529667,False
SPARC,NGC6503,4.55,4.585466829934832e-11,8.797666479627685e-08,1139.2839741231064,False
SPARC,NGC6503,5.31,3.4398760158067546e-11,7.750643217483833e-08,1149.5580333352136,False
SPARC,NGC6503,6.07,2.690461463806694e-11,6.950851100271865e-08,1161.851861455597,False
SPARC,NGC6503,6.83,2.2024154320687935e-11,6.312503801314264e-08,1201.7843555750158,False
SPARC,NGC6503,7.59,1.839339853170106e-11,5.785197755344717e-08,1237.4669877262684,False
SPARC,NGC6503,8.35,1.546517478041507e-11,5.343463183224855e-08,1251.2661668272015,False
SPARC,NGC6503,9.11,1.3299840173508132e-11,4.968181523966467e-08,1278.3772489982787,False
SPARC,NGC6503,9.86,1.1723711850057208e-11,4.646008358868872e-08,1325.9627907335869,False
SPARC,NGC6503,10.64,1.0354496338079096e-11,4.350385800842127e-08,1369.233582226954,False
SPARC,NGC6503,11.38,9.261080428984346e-12,4.101206509787676e-08,1405.7842731256312,False
SPARC,NGC6503,12.12,8.37676256388137e-12,3.877150634965192e-08,1451.3118839210624,False
SPARC,NGC6503,12.86,7.657103889267926e-12,3.673470288315073e-08,1507.438474040814,False
SPARC,NGC6503,13.7,6.926516156010047e-12,3.463177794785759e-08,1561.5306660349981,False
SPARC,NGC6503,14.44,6.301791496878967e-12,3.295136836217986e-08,1582.3944064125765,False
SPARC,NGC6503,15.18,5.7363820511396705e-12,3.1422143101099355e-08,1592.7796135302174,False
SPARC,NGC6503,15.91,5.263677592110793e-12,3.004367397431865e-08,1608.5645298358309,False
SPARC,NGC6503,16.65,4.887037068024572e-12,2.8754215136199966e-08,1646.7950706588847,False
SPARC,NGC6503,17.49,4.479363535530923e-12,2.7403601411897733e-08,1673.2471574445776,False
SPARC,NGC6503,18.23,4.134534752546939e-12,2.6309366409722094e-08,1679.0913725162225,False
SPARC,NGC6503,18.97,3.805722544162588e-12,2.5300704922232116e-08,1669.6646406638502,False
SPARC,NGC6503,19.71,3.5393647322095e-12,2.4367648677190854e-08,1678.5031998583795,False
SPARC,NGC6503,20.45,3.307865639362272e-12,2.349783585958377e-08,1693.0031305010607,False
SPARC,NGC6503,21.29,3.075058638345367e-12,2.257743265502925e-08,1711.7315476808424,False
SPARC,NGC6503,22.03,2.8796143707085876e-12,2.1821002591066735e-08,1718.4291954924242,False
SPARC,NGC6503,22.76,2.705157854905093e-12,2.1121148559108418e-08,1725.3926496296635,False
SPARC,NGC6503,23.5,2.5353149386087262e-12,2.0455444302239196e-08,1723.2148234518897,False
SPARC,NGC6674,2.5,3.648965610515293e-10,1.1042408393283203e-06,536.6586101356677,False
SPARC,NGC6674,7.49,1.3295877207994058e-10,6.777763708998983e-07,1972.086148694144,False
SPARC,NGC6674,12.54,8.150033462054082e-11,4.918611210960965e-07,3758.901645461076,False
SPARC,NGC6674,17.45,5.1107446195980094e-11,3.800899907348603e-07,4714.6569391278235,False
SPARC,NGC6674,22.47,3.4503360497226833e-11,3.063146115745496e-07,5391.033595366598,False
SPARC,NGC6674,27.48,2.503292231396153e-11,2.5511123687999645e-07,5982.969086375268,False
SPARC,NGC6674,32.5,1.8500759659888212e-11,2.1759595092579935e-07,6225.582141558356,False
SPARC,NGC6674,37.51,1.4145391267498065e-11,1.8951907041965263e-07,6356.13599427284,False
SPARC,NGC6674,42.42,1.1356078943107264e-11,1.6802464427239264e-07,6587.947637638979,False
SPARC,NGC6674,47.44,9.20751005454344e-12,1.5030390744257776e-07,6716.4655985990885,False
SPARC,NGC6674,52.45,7.456149125916576e-12,1.3597255277091726e-07,6603.825235752052,False
SPARC,NGC6674,57.47,6.382280702902316e-12,1.240472427891638e-07,6877.665443601361,False
SPARC,NGC6674,62.48,5.48431831040498e-12,1.1384153482524297e-07,7050.407047853759,False
SPARC,NGC6674,67.4,4.653082717659302e-12,1.0527962058048823e-07,6926.056251127238,False
SPARC,NGC6674,72.41,3.9376429590568945e-12,9.789128316751904e-08,6685.6997504240835,False
SPARC,NGC6946,0.19,6.542344653053074e-09,1.3205869623108302e-06,58.618822025591214,False
SPARC,NGC6946,0.56,1.264147411311977e-09,8.247524066104587e-07,155.7590166064314,False
SPARC,NGC6946,0.94,5.994390111202488e-10,7.031863643361815e-07,216.40481949840594,False
SPARC,NGC6946,1.22,4.294584359628094e-10,6.537314715497822e-07,258.73893071172455,False
SPARC,NGC6946,1.59,3.260642296793423e-10,6.057439449947666e-07,332.29936989352746,False
SPARC,NGC6946,1.96,2.634695066252094e-10,5.68299316113981e-07,405.28889835329886,False
SPARC,NGC6946,2.34,2.3211124758237379e-10,5.359714400406576e-07,516.7345537280133,False
SPARC,NGC6946,2.71,2.2099294582430238e-10,5.071922246681959e-07,687.2499770818733,False
SPARC,NGC6946,2.99,2.0286230322918934e-10,4.868192361275791e-07,775.0312605400426,False
SPARC,NGC6946,3.37,1.8663025227075294e-10,4.614117380381556e-07,926.48640012819,False
SPARC,NGC6946,3.74,1.7113448606111309e-10,4.3868807181093977e-07,1063.9489923195106,False
SPARC,NGC6946,4.12,1.5828152732692094e-10,4.171995051808564e-07,1217.291938259588,False
SPARC,NGC6946,4.4,1.5211118808067169e-10,4.0228019664755155e-07,1362.5777276302474,False
SPARC,NGC6946,4.77,1.4577680071571647e-10,3.833596421455407e-07,1584.5330755251928,False
SPARC,NGC6946,5.15,1.4034445385643663e-10,3.6469529252901374e-07,1842.516270494516,False
SPARC,NGC6946,5.52,1.3840847736333747e-10,3.4699011398506115e-07,2186.4205923757404,False
SPARC,NGC6946,5.89,1.300719624038406e-10,3.299373995944488e-07,2396.2444273857623,False
SPARC,NGC6946,6.17,1.20567111461245e-10,3.178902042581e-07,2445.0222621249095,False
SPARC,NGC6946,6.55,1.1294405029867854e-10,3.0265773238541176e-07,2634.2262403825666,False
SPARC,NGC6946,6.92,1.0784457408435279e-10,2.886341954917557e-07,2885.551378801877,False
SPARC,NGC6946,7.3,9.998746522113815e-11,2.750768320273954e-07,3017.8258310182787,False
SPARC,NGC6946,7.58,9.344872675309892e-11,2.6577914530242974e-07,3049.617942734684,False
SPARC,NGC6946,7.95,8.51179532499452e-11,2.5443736339678174e-07,3054.226343075479,False
SPARC,NGC6946,8.33,7.773273496290601e-11,2.4381423725174325e-07,3060.8255395658757,False
SPARC,NGC6946,8.7,7.314947889576464e-11,2.342308526975969e-07,3178.20782940656,False
SPARC,NGC6946,9.08,6.893592624729378e-11,2.2496229387989756e-07,3302.925436888075,False
SPARC,NGC6946,9.36,6.569474093215674e-11,2.1849114825698143e-07,3365.483666915283,False
SPARC,NGC6946,9.73,6.126194732904428e-11,2.1042740943573364e-07,3404.800525717875,False
SPARC,NGC6946,10.1,5.738842139850122e-11,2.0289125204562265e-07,3453.61835291191,False
SPARC,NGC6946,10.48,5.365517106694825e-11,1.9564762229309186e-07,3489.375739541342,False
SPARC,NGC6946,10.76,5.111127882461965e-11,1.906119274707478e-07,3512.4257810086237,False
SPARC,NGC6946,11.13,4.78402670221947e-11,1.843269539684003e-07,3521.807710765101,False
SPARC,NGC6946,11.51,4.499830673270584e-11,1.7827087959163915e-07,3554.8930385075996,False
SPARC,NGC6946,11.88,4.247917013949524e-11,1.7271468924121117e-07,3587.3622463389893,False
SPARC,NGC6946,12.26,4.020497762569868e-11,1.6732101150153465e-07,3633.1553323922235,False
SPARC,NGC6946,12.54,3.8697245752584016e-11,1.6352850428048555e-07,3673.7348659859745,False
SPARC,NGC6946,12.91,3.6848061840413104e-11,1.587301936286872e-07,3728.9232423178073,False
SPARC,NGC6946,13.29,3.519453176306328e-11,1.5403068902072893e-07,3802.7613629439716,False
SPARC,NGC6946,13.66,3.375290237153939e-11,1.496514467069033e-07,3884.9819020912087,False
SPARC,NGC6946,14.03,3.234232545696875e-11,1.4545336418096806e-07,3956.2859458724665,False
SPARC,NGC6946,14.31,3.135181207138358e-11,1.4239184745593668e-07,4013.5046102029505,False
SPARC,NGC6946,14.69,2.966560617501279e-11,1.3841154047541702e-07,4005.53078920615,False
SPARC,NGC6946,15.06,2.7988392381532512e-11,1.3474960826272351e-07,3963.1308712256778,False
SPARC,NGC6946,15.44,2.6553404910153463e-11,1.3119172097857893e-07,3954.2753244958035,False
SPARC,NGC6946,15.72,2.566710261373752e-11,1.2868169472847305e-07,3971.8770075038715,False
SPARC,NGC6946,16.09,2.2886254536689073e-11,1.2559779583099799e-07,3587.9788889092392,False
SPARC,NGC6946,16.47,2.1821360514967587e-11,1.2268141494523337e-07,3583.595767003882,False
SPARC,NGC6946,16.84,2.086691476354437e-11,1.1997004063884603e-07,3582.712018007271,False
SPARC,NGC6946,17.21,1.9967669007561502e-11,1.1737640478622279e-07,3580.174609835462,False
SPARC,NGC6946,17.5,1.9295306219191907e-11,1.1542179374537543e-07,3576.089573668919,False
SPARC,NGC6946,17.87,1.84941673579982e-11,1.1302157009987546e-07,3573.498774265123,False
SPARC,NGC6946,18.24,1.7751496874313252e-11,1.107194025356848e-07,3573.8906354829837,False
SPARC,NGC6946,18.62,1.7033372653207372e-11,1.0845030523566859e-07,3573.947124030858,False
SPARC,NGC6946,18.9,1.652688754910964e-11,1.0683720076651613e-07,3572.378900324468,False
SPARC,NGC6946,19.27,1.5920632996918667e-11,1.0477627483450123e-07,3580.272713062667,False
SPARC,NGC6946,19.65,1.5353878384699033e-11,1.0273616629595374e-07,3595.932407457704,False
SPARC,NGC6946,20.02,1.472158889692601e-11,1.0082590291079798e-07,3570.6815938878717,False
SPARC,NGC6946,20.4,1.4127012887625076e-11,9.894404205268043e-08,3551.333387632038,False
SPARC,NGC7331,2.67,7.706664732051115e-10,1.7069724803108688e-06,1094.157475775881,False
SPARC,NGC7331,3.21,7.059622527122097e-10,1.570091150316047e-06,1575.417201525025,False
SPARC,NGC7331,3.74,6.584788644934971e-10,1.4459517018263948e-06,2168.6743611725296,False
SPARC,NGC7331,4.27,5.773935546583211e-10,1.3335096780685103e-06,2608.336263552841,False
SPARC,NGC7331,4.81,5.037812640293836e-10,1.2332863487092996e-06,3005.7213024818893,False
SPARC,NGC7331,5.35,4.564796853212028e-10,1.1442715587474265e-06,3538.2415381656624,False
SPARC,NGC7331,5.88,3.9983243194266027e-10,1.0663626533123263e-06,3835.9975963049205,False
SPARC,NGC7331,6.41,3.555280348030531e-10,9.976385210868663e-07,4152.450966027025,False
SPARC,NGC7331,7.48,2.7957164199617977e-10,8.809831302334432e-07,4575.796084839613,False
SPARC,NGC7331,8.55,2.1579499419626472e-10,7.899939663717796e-07,4594.481206619805,False
SPARC,NGC7331,9.62,1.771770472724687e-10,7.178126871700042e-07,4813.896379333828,False
SPARC,NGC7331,10.66,1.4914401500910412e-10,6.595544164820656e-07,5004.539917161523,False
SPARC,NGC7331,11.74,1.2636870893526125e-10,6.084751608478195e-07,5158.260878124312,False
SPARC,NGC7331,12.83,1.10035609476747e-10,5.642406685301531e-07,5419.749109384298,False
SPARC,NGC7331,13.91,9.650058861033408e-11,5.259494596568177e-07,5628.604109318198,False
SPARC,NGC7331,15.0,8.467416785015706e-11,4.920491763344146e-07,5760.758467576421,False
SPARC,NGC7331,16.08,7.518044892309715e-11,4.624125965148769e-07,5901.1413383737645,False
SPARC,NGC7331,17.07,6.831222428048433e-11,4.3802640025503895e-07,6086.790671650266,False
SPARC,NGC7331,18.15,6.261583947724989e-11,4.137527190158066e-07,6400.43370883614,False
SPARC,NGC7331,19.24,5.7996670137383737e-11,3.911844632165844e-07,6788.616671519212,False
SPARC,NGC7331,20.32,5.35322620951306e-11,3.7050732439496874e-07,7094.101792177415,False
SPARC,NGC7331,21.41,4.8658889422626965e-11,3.5138595750492933e-07,7195.678281752986,False
SPARC,NGC7331,22.49,4.439382691254532e-11,3.341342552347103e-07,7274.703671512531,False
SPARC,NGC7331,23.48,4.1078625071517095e-11,3.196084404850211e-07,7377.181239941222,False
SPARC,NGC7331,24.57,3.7410253764616885e-11,3.0492209409667667e-07,7354.111638769842,False
SPARC,NGC7331,25.65,3.428464675684249e-11,2.9163006859970923e-07,7347.943475931338,False
SPARC,NGC7331,26.74,3.158339932601343e-11,2.7930525322407025e-07,7368.542932618702,False
SPARC,NGC7331,27.82,2.909623746657587e-11,2.680554255023286e-07,7343.857204687185,False
SPARC,NGC7331,28.91,2.67582402439175e-11,2.576042861924023e-07,7272.656255213511,False
SPARC,NGC7331,29.89,2.4829488790924693e-11,2.489256470771951e-07,7186.188717985566,False
SPARC,NGC7331,30.98,2.2915311356034172e-11,2.399919397342167e-07,7094.170203198616,False
SPARC,NGC7331,32.06,2.131297041049152e-11,2.3179214526275688e-07,7051.537771712463,False
SPARC,NGC7331,33.15,1.996005297617616e-11,2.2406939616837459e-07,7065.106217964002,False
SPARC,NGC7331,34.23,1.873430286210913e-11,2.1689557542728472e-07,7073.179737300019,False
SPARC,NGC7331,35.32,1.7553674763598523e-11,2.101055968080681e-07,7047.3753921853695,False
SPARC,NGC7331,36.31,1.6391213284869633e-11,2.043367538177801e-07,6905.436670898665,False
SPARC,NGC7793,0.11,1.093494762047197e-10,1.569505907326147e-07,1.3131657707758067,False
SPARC,NGC7793,0.14,1.036416378981698e-10,1.5585370374704896e-07,1.9834545476929946,False
SPARC,NGC7793,0.17,9.964704313346088e-11,1.5480678350591298e-07,2.7826157323866827,False
SPARC,NGC7793,0.21,9.796639678070655e-11,1.534498592271532e-07,4.180670963932885,False
SPARC,NGC7793,0.24,9.746478973390047e-11,1.5244340444633077e-07,5.456784347089959,False
SPARC,NGC7793,0.28,9.581531216602025e-11,1.5111623528727418e-07,7.311454786088352,False
SPARC,NGC7793,0.32,9.461277905415434e-11,1.498086496268719e-07,9.460559296354045,False
SPARC,NGC7793,0.35,9.405342431041506e-11,1.4883703396131539e-07,11.295836067993609,False
SPARC,NGC7793,0.39,9.322758507119614e-11,1.4755105792299064e-07,13.97083433586573,False
SPARC,NGC7793,0.42,9.239511523316405e-11,1.4659511605167358e-07,16.100395949448274,False
SPARC,NGC7793,0.46,9.1818949462668e-11,1.453301993689653e-07,19.309303676469302,False
SPARC,NGC7793,0.49,9.171596528967278e-11,1.4438500942413262e-07,22.020913149230175,False
SPARC,NGC7793,0.53,9.205525903303077e-11,1.4312313353082698e-07,26.13481573254241,False
SPARC,NGC7793,0.56,9.174882571691949e-11,1.421765573823091e-07,29.234170174922955,False
SPARC,NGC7793,0.6,8.977635684567445e-11,1.4093010406652013e-07,32.81186669675696,False
SPARC,NGC7793,0.63,8.8396264940954e-11,1.4001252949612057e-07,35.60723326917247,False
SPARC,NGC7793,0.66,8.748066073251174e-11,1.3910677757475475e-07,38.74848719199134,False
SPARC,NGC7793,0.7,8.667192447127112e-11,1.379109486312657e-07,43.38404979199158,False
SPARC,NGC7793,0.87,8.172934141415893e-11,1.329965156503887e-07,63.8461945499604,False
SPARC,NGC7793,1.05,7.534789779794416e-11,1.2814290529731673e-07,85.78153253078744,False
SPARC,NGC7793,1.22,7.030864824421323e-11,1.2389222861750358e-07,108.30647257010934,False
SPARC,NGC7793,1.4,6.703907867226922e-11,1.196482506059434e-07,137.8067928232511,False
SPARC,NGC7793,1.57,6.583484596665826e-11,1.157706075602648e-07,174.50816674127122,False
SPARC,NGC7793,1.75,6.522818606709137e-11,1.1172082356625758e-07,221.77633156177419,False
SPARC,NGC7793,1.92,6.694072258817575e-11,1.0786375491343721e-07,287.4133311906707,False
SPARC,NGC7793,2.1,6.848223125507285e-11,1.0367925145441196e-07,370.12090446762534,False
SPARC,NGC7793,2.27,6.88502732001932e-11,9.967149423422236e-08,453.69933127898054,False
SPARC,NGC7793,2.45,6.50835949292067e-11,9.553300280006844e-08,507.8938886582651,False
SPARC,NGC7793,2.62,6.104016573932948e-11,9.185234894130598e-08,549.8918625329623,False
SPARC,NGC7793,2.79,5.856390822995095e-11,8.836195828021807e-08,610.0737225258179,False
SPARC,NGC7793,2.97,5.6399602778614794e-11,8.480964166161985e-08,681.6604668630157,False
SPARC,NGC7793,3.16,5.385797002675844e-11,8.121346372337758e-08,753.0976596985017,False
SPARC,NGC7793,3.33,5.107943523120455e-11,7.815108861226503e-08,803.8682358123305,False
SPARC,NGC7793,3.51,4.833465072396302e-11,7.507924167089092e-08,856.9543587990922,False
SPARC,NGC7793,3.68,4.608729312061824e-11,7.232373794882253e-08,911.5242393224997,False
SPARC,NGC7793,3.85,4.3305629593687424e-11,6.97149955184476e-08,943.9616348603358,False
SPARC,NGC7793,4.03,4.0643724825092414e-11,6.712100126578247e-08,977.9440759321362,False
SPARC,NGC7793,4.2,3.8121042180059125e-11,6.4822418967924e-08,1000.1648334840938,False
SPARC,NGC7793,4.38,3.5717225651451876e-11,6.254085237687894e-08,1023.5346028344906,False
SPARC,NGC7793,4.73,3.1996591444639496e-11,5.847244452177771e-08,1084.2586808315082,False
SPARC,NGC7793,5.25,2.7821951309338904e-11,5.3132726589454564e-08,1194.0895718863587,False
SPARC,NGC7793,5.78,2.359212414737458e-11,4.845497619677161e-08,1241.2735055912879,False
SPARC,NGC7793,6.3,2.0361131853857583e-11,4.453147725399337e-08,1288.0473126744382,False
SPARC,NGC7793,6.82,1.7786280114180217e-11,4.112623850394202e-08,1335.637024921341,False
SPARC,NGC7793,7.35,1.5238294353028366e-11,3.8121599894574574e-08,1328.1796514707937,False
SPARC,NGC7793,7.87,1.3170181541345884e-11,3.558570983140397e-08,1311.490918592171,False
SPARC,NGC7814,0.63,4.3318913334281135e-09,2.1383802721538976e-06,308.439947046783,False
SPARC,NGC7814,1.72,1.241723683115163e-09,1.0954804119185612e-06,1224.4702756813786,False
SPARC,NGC7814,2.79,5.933450214650999e-10,7.584141768126547e-07,1901.2459456259844,False
SPARC,NGC7814,3.91,3.529300701742454e-10,5.764798806934953e-07,2487.72223037583,False
SPARC,NGC7814,5.03,2.3523296382500395e-10,4.6339751327264144e-07,2929.8999246855606,False
SPARC,NGC7814,6.14,1.662251618416627e-10,3.869008705817893e-07,3192.620191638116,False
SPARC,NGC7814,7.26,1.226729887765408e-10,3.313562597733267e-07,3356.9804754129486,False
SPARC,NGC7814,8.37,9.518307708442477e-11,2.898444393299704e-07,3518.7603669202363,False
SPARC,NGC7814,9.5,7.559089354572605e-11,2.5671765628542263e-07,3643.415602845624,False
SPARC,NGC7814,10.65,6.131042287297419e-11,2.2969147980902698e-07,3752.474847044403,False
SPARC,NGC7814,11.74,5.107871800052958e-11,2.0866192915634486e-07,3825.875917958076,False
SPARC,NGC7814,12.82,4.301136733486317e-11,1.9121790169841503e-07,3852.5875028606238,False
SPARC,NGC7814,14.01,3.590747128680672e-11,1.750963518450371e-07,3836.5892975808238,False
SPARC,NGC7814,15.09,3.111270129233716e-11,1.62671007277239e-07,3866.4829090103935,False
SPARC,NGC7814,16.18,2.7307119795190965e-11,1.517398570154575e-07,3920.1654870150915,False
SPARC,NGC7814,17.36,2.3732553204044712e-11,1.4140108319860685e-07,3924.5685044904926,False
SPARC,NGC7814,18.44,2.1030938428894724e-11,1.3310206237856638e-07,3924.546429314174,False
SPARC,NGC7814,19.53,1.8740729556323267e-11,1.256602374839517e-07,3922.409088395306,False
SPARC,UGC00128,1.25,1.128061084825864e-11,8.74118185394083e-08,10.6400257208227,False
SPARC,UGC00128,3.75,1.0596001408610381e-11,7.802325344445166e-08,97.82130989627419,False
SPARC,UGC00128,6.25,6.888123933456222e-12,7.051976766818246e-08,157.8787468735977,False
SPARC,UGC00128,8.76,5.39554735738178e-12,6.522702168221277e-08,232.67718436645586,False
SPARC,UGC00128,11.25,4.6576345995683786e-12,6.092985664141009e-08,329.6877201023385,False
SPARC,UGC00128,13.74,4.519959807189995e-12,5.7006955612435524e-08,502.7594114979983,False
SPARC,UGC00128,16.22,4.40253223073275e-12,5.320841307974884e-08,721.9518946230238,False
SPARC,UGC00128,18.71,4.235158718975856e-12,4.9516290153764715e-08,974.3981343708508,False
SPARC,UGC00128,21.3,4.0244246741110484e-12,4.584399947601821e-08,1263.9925701254856,False
SPARC,UGC00128,23.79,3.864925999480077e-12,4.247174957003186e-08,1602.4202303621519,False
SPARC,UGC00128,26.28,3.581173641894685e-12,3.9288964337827024e-08,1885.808354462003,False
SPARC,UGC00128,28.77,3.4564901548411622e-12,3.628076226153331e-08,2321.5249668388874,False
SPARC,UGC00128,31.25,3.109585491871924e-12,3.348540895543111e-08,2532.432591335503,False
SPARC,UGC00128,33.74,2.6272067920523637e-12,3.103325566163908e-08,2473.216317097963,False
SPARC,UGC00128,36.23,2.331592166764878e-12,2.8913650384280446e-08,2558.837733436824,False
SPARC,UGC00128,38.82,2.1301691106609112e-12,2.692990815835475e-08,2754.4241432435724,False
SPARC,UGC00128,41.31,1.9137091577794602e-12,2.520137957916295e-08,2837.924402607081,False
SPARC,UGC00128,43.8,1.68057365377177e-12,2.3665027555426035e-08,2795.510182551473,False
SPARC,UGC00128,46.28,1.4841314716401914e-12,2.2317728283967383e-08,2746.092150386182,False
SPARC,UGC00128,48.77,1.2985262039920245e-12,2.11282999680916e-08,2635.796504563856,False
SPARC,UGC00128,51.26,1.151746911847239e-12,2.008094719770592e-08,2558.839300871499,False
SPARC,UGC00128,53.75,1.0374614188671098e-12,1.914518481460531e-08,2522.5749088704274,False
SPARC,UGC00191,0.62,1.2591791803030949e-11,4.937562791685966e-08,5.4599154966800025,False
SPARC,UGC00191,0.87,1.5293637908007056e-11,4.817889704752355e-08,14.732503370967471,False
SPARC,UGC00191,1.12,1.522532433268001e-11,4.686914551806886e-08,24.93572820125726,False
SPARC,UGC00191,1.37,1.4573448559040725e-11,4.559030162871892e-08,35.93651132150167,False
SPARC,UGC00191,1.62,1.3540937102439657e-11,4.4383744887719665e-08,46.25551020155798,False
SPARC,UGC00191,2.3,1.2530225132569272e-11,4.134041908220722e-08,89.17912325283504,False
SPARC,UGC00191,4.97,9.375608391912459e-12,3.130003820343672e-08,356.8201004526819,False
SPARC,UGC00191,7.45,7.742621273593642e-12,2.4012351849405268e-08,785.3547482103261,False
SPARC,UGC00191,9.98,5.3486503320495595e-12,1.832668382857047e-08,1061.21192064787,False
SPARC,UGC00731,0.91,1.1117012577489362e-12,2.6246640683927305e-08,0.5834648788075161,False
SPARC,UGC00731,1.81,1.7250363775127162e-12,2.580837161246548e-08,4.5366631702478815,False
SPARC,UGC00731,2.73,1.6183608931450176e-12,2.5280346041747723e-08,9.5751806160405,False
SPARC,UGC00731,3.64,2.575687688796203e-12,2.462517605708709e-08,35.08029842627274,False
SPARC,UGC00731,4.55,2.5954738928118347e-12,2.3817367137398404e-08,57.33254823985834,False
SPARC,UGC00731,5.45,2.6414821931530777e-12,2.3008270147760702e-08,87.43247581942744,False
SPARC,UGC00731,6.36,3.318817101867238e-12,2.207718670382887e-08,174.7592661258551,False
SPARC,UGC00731,7.28,4.4920248085522555e-12,2.0843613806664883e-08,381.9014095646932,False
SPARC,UGC00731,8.19,4.9030563032572755e-12,1.9375968635740172e-08,593.0287937234671,False
SPARC,UGC00731,9.09,4.670116973322889e-12,1.7896936627028197e-08,735.3736445634916,False
SPARC,UGC00731,10.0,4.481104760568351e-12,1.6467385756102304e-08,909.3035963107238,False
SPARC,UGC00731,10.91,4.04092487406471e-12,1.51361236317099e-08,1008.5255139889709,False
SPARC,UGC01281,0.08,4.050974111805457e-21,1.293986153606911e-08,2.012881838760146e-15,True
SPARC,UGC01281,0.23,1.409034473671463e-21,1.2939861535928516e-08,3.4130072119191194e-15,True
SPARC,UGC01281,0.38,1.120426948209704e-12,1.2911010995743066e-08,0.2092626357087023,False
SPARC,UGC01281,0.54,1.7317644263027543e-12,1.2832672038121032e-08,0.8167683645866176,False
SPARC,UGC01281,0.69,1.8873218321960835e-12,1.273948203267626e-08,1.5282222704308774,False
SPARC,UGC01281,0.84,2.0531706413686904e-12,1.2638015947361428e-08,2.5903792861501107,False
SPARC,UGC01281,1.0,2.27572544912682e-12,1.2519117471468834e-08,4.324324058295806,False
SPARC,UGC01281,1.15,2.3815937474681907e-12,1.2399193388347162e-08,6.1816437740836685,False
SPARC,UGC01281,1.3,3.4156866406028228e-12,1.2249915766223478e-08,13.727597046107144,False
SPARC,UGC01281,1.46,3.6607199137129345e-12,1.205555352316761e-08,19.519149221841907,False
SPARC,UGC01281,1.61,4.145944041784108e-12,1.1854535087972858e-08,29.08862318412772,False
SPARC,UGC01281,1.76,4.4518308896316894e-12,1.1633145865544132e-08,39.411085702231155,False
SPARC,UGC01281,1.92,4.833475462394717e-12,1.1378113462277236e-08,54.24447743385942,False
SPARC,UGC01281,2.07,5.010611130444144e-12,1.1124632219316764e-08,68.06308387397578,False
SPARC,UGC01281,2.22,5.2300769133763854e-12,1.086093864961509e-08,85.50708368808591,False
SPARC,UGC01281,2.38,5.321648267725362e-12,1.0571122489595673e-08,103.6350845985105,False
SPARC,UGC01281,2.53,5.3274645553599375e-12,1.0296912147237895e-08,120.43025109643901,False
SPARC,UGC01281,2.68,5.305220391481613e-12,1.0023124816040187e-08,137.96295776892674,False
SPARC,UGC01281,2.76,5.2460795781209605e-12,9.878222575509891e-09,145.99913651604103,False
SPARC,UGC01281,3.07,5.023330879351216e-12,9.331727377720293e-09,179.1953929434942,False
SPARC,UGC01281,3.46,4.8775526657650926e-12,8.668873649874533e-09,234.46480831579967,False
SPARC,UGC01281,3.83,4.415255050146688e-12,8.078634763184153e-09,265.5671643656759,False
SPARC,UGC01281,4.23,3.8572927299731096e-12,7.510595416522281e-09,284.5860276404885,False
SPARC,UGC01281,4.62,3.867686648232327e-12,6.993416181452817e-09,366.0879049622111,False
SPARC,UGC01281,4.99,3.797868924572468e-12,6.506533301114257e-09,446.69637032769987,False
SPARC,UGC02259,1.02,1.0119196710202337e-11,3.488312160569576e-08,15.089031904382063,False
SPARC,UGC02259,2.04,1.1340220674957854e-11,3.112563672004939e-08,80.25049001978653,False
SPARC,UGC02259,3.05,1.087459056939152e-11,2.727401927616469e-08,192.37741771238473,False
SPARC,UGC02259,4.07,9.989140398093409e-12,2.3620837441753405e-08,348.5089974960761,False
SPARC,UGC02259,5.09,7.975508169085927e-12,2.0475276951662714e-08,449.04439953224943,False
SPARC,UGC02259,6.11,7.025237493908871e-12,1.7848687697608384e-08,613.9877428651191,False
SPARC,UGC02259,7.13,6.195508445016065e-12,1.5533771493180856e-08,795.9896225343501,False
SPARC,UGC02259,8.14,4.871714804216725e-12,1.3614929615424457e-08,825.7016616541341,False
SPARC,UGC02487,9.93,2.0505940969300036e-10,1.1887744650746407e-06,3880.4852971308987,False
SPARC,UGC02487,10.05,2.0292370657749334e-10,1.1803701450643423e-06,3945.6129785219323,False
SPARC,UGC02487,10.35,1.981443781341991e-10,1.1597154635627695e-06,4122.021983049226,False
SPARC,UGC02487,15.07,1.2443918204432542e-10,8.983408684888447e-07,5756.346404923887,False
SPARC,UGC02487,20.09,8.497586909879392e-11,7.178767962914572e-07,7289.120034088605,False
SPARC,UGC02487,25.12,6.174929289464873e-11,5.911840569789498e-07,8590.922688365163,False
SPARC,UGC02487,30.14,4.721153992849981e-11,4.972867201163495e-07,9827.517365716201,False
SPARC,UGC02487,35.17,3.5120616129534065e-11,4.26195393701843e-07,9975.231353950807,False
SPARC,UGC02487,40.19,2.6850066527467927e-11,3.7279196501757167e-07,9912.771656062148,False
SPARC,UGC02487,45.21,2.1272248365521154e-11,3.3132241036164245e-07,9918.929821566195,False
SPARC,UGC02487,50.24,1.719319049868888e-11,2.981086673856262e-07,9861.75186332655,False
SPARC,UGC02487,55.26,1.4262339757230119e-11,2.7100176627166684e-07,9891.628070411987,False
SPARC,UGC02487,60.28,1.2156421506102975e-11,2.4823531651570654e-07,10093.53038238532,False
SPARC,UGC02487,65.31,1.0352628338652679e-11,2.2879943281716743e-07,10082.51187101575,False
SPARC,UGC02487,70.33,8.932785846981819e-12,2.1218016711035665e-07,10087.841352158712,False
SPARC,UGC02487,75.35,7.726789213224644e-12,1.9782372644369126e-07,9974.283209270325,False
SPARC,UGC02487,80.38,6.716470215279451e-12,1.853524087996176e-07,9801.676069045809,False
SPARC,UGC02885,1.7,1.0242807397766988e-09,2.0508833460008242e-06,499.02457339727,False
SPARC,UGC02885,3.41,4.827326101393733e-10,1.60850653492644e-06,1035.241960160091,False
SPARC,UGC02885,6.82,2.1835091633057574e-10,1.1981103780515443e-06,1916.4880172403298,False
SPARC,UGC02885,13.67,9.656870807673148e-11,8.277969674160787e-07,3453.2076663903517,False
SPARC,UGC02885,19.49,6.06298162596889e-11,6.707423919382294e-07,4352.117092091509,False
SPARC,UGC02885,23.36,4.944657739003344e-11,5.976142899908658e-07,5187.836160232373,False
SPARC,UGC02885,27.24,4.062401485047177e-11,5.376222144202445e-07,5848.442020347144,False
SPARC,UGC02885,31.22,3.2966507209279186e-11,4.873435075254648e-07,6192.522875668908,False
SPARC,UGC02885,35.1,2.7488078940792686e-11,4.470773561580847e-07,6491.389090662812,False
SPARC,UGC02885,38.97,2.390837550690099e-11,4.1293265868058477e-07,7027.033040492467,False
SPARC,UGC02885,42.85,2.0933624538991366e-11,3.830653669422586e-07,7500.411217955466,False
SPARC,UGC02885,46.73,1.7510757326096292e-11,3.5745924839961876e-07,7295.8242863809855,False
SPARC,UGC02885,50.71,1.593978960236221e-11,3.3460507917493945e-07,7972.968398086057,False
SPARC,UGC02885,54.58,1.4984660545107627e-11,3.1406074384499985e-07,8977.497268501465,False
SPARC,UGC02885,58.46,1.3714792702977281e-11,2.949452953365981e-07,9600.421037725588,False
SPARC,UGC02885,62.34,1.217713493360322e-11,2.7769981664256255e-07,9686.957885500326,False
SPARC,UGC02885,66.21,1.0929006183097695e-11,2.623494932247265e-07,9822.680480527157,False
SPARC,UGC02885,70.19,1.01456133456761e-11,2.4795083714037524e-07,10444.79305939511,False
SPARC,UGC02885,74.07,9.242412486592866e-12,2.3503732250744303e-07,10658.827519127151,False
SPARC,UGC02916,0.37,9.414023501519074e-10,1.846353409676642e-06,21.270058300466093,False
SPARC,UGC02916,0.74,1.1324429013364655e-09,1.7146317438650598e-06,117.24577763462163,False
SPARC,UGC02916,1.11,9.915219177482663e-10,1.5797267002538028e-06,252.37341918759554,False
SPARC,UGC02916,1.48,8.984045679586551e-10,1.4596867576495602e-06,442.4680993553275,False
SPARC,UGC02916,1.84,8.427000441771221e-10,1.352088184952053e-06,698.5177529231499,False
SPARC,UGC02916,2.21,7.877974660149404e-10,1.2485260469429626e-06,1024.8128238752884,False
SPARC,UGC02916,2.6,7.057362287873487e-10,1.1485355387472296e-06,1364.0993226510714,False
SPARC,UGC02916,2.96,6.028214607991227e-10,1.0676679454329273e-06,1565.6235276954153,False
SPARC,UGC02916,3.17,5.635063610843854e-10,1.025622488753618e-06,1720.7132322911218,False
SPARC,UGC02916,3.33,5.314188113652728e-10,9.9554901701875e-07,1816.4535293818458,False
SPARC,UGC02916,3.7,4.660850232454271e-10,9.321918949509085e-07,2023.3866099627862,False
SPARC,UGC02916,4.07,4.096058182632671e-10,8.765718064719402e-07,2196.950574174512,False
SPARC,UGC02916,4.44,3.5998278750181353e-10,8.276908723384814e-07,2328.3882022952434,False
SPARC,UGC02916,4.81,3.1710868105410496e-10,7.846849556332755e-07,2424.5109427196467,False
SPARC,UGC02916,5.18,2.806901663554044e-10,7.467153627022158e-07,2496.371607404924,False
SPARC,UGC02916,5.55,2.4870387798255053e-10,7.130905465107088e-07,2533.4774173267456,False
SPARC,UGC02916,5.92,2.2194800017996573e-10,6.831967782247562e-07,2562.082596722691,False
SPARC,UGC02916,6.28,2.0034297263446786e-10,6.570996065665081e-07,2591.6466064559672,False
SPARC,UGC02916,6.34,1.97156824441662e-10,6.530054230507845e-07,2597.927238879325,False
SPARC,UGC02916,6.65,1.8194659089106913e-10,6.328311202704115e-07,2629.5812311054638,False
SPARC,UGC02916,7.03,1.6591633022188528e-10,6.101392192860294e-07,2669.9556278311225,False
SPARC,UGC02916,7.39,1.5279510516908695e-10,5.90443162362502e-07,2707.273117954979,False
SPARC,UGC02916,7.77,1.405736654345335e-10,5.71306040552714e-07,2741.3009679940774,False
SPARC,UGC02916,8.14,1.3048346834328498e-10,5.540896657216109e-07,2784.0702934032715,False
SPARC,UGC02916,8.51,1.2136867484350852e-10,5.380931086906692e-07,2819.59109142955,False
SPARC,UGC02916,8.88,1.1317859703387455e-10,5.231956821150467e-07,2851.035515961327,False
SPARC,UGC02916,9.25,1.0619373926363578e-10,5.092621017047686e-07,2895.365338384203,False
SPARC,UGC02916,9.52,1.0135990027921734e-10,4.996421418166654e-07,2919.3827456211593,False
SPARC,UGC02916,9.62,9.966020053884456e-11,4.961913510273693e-07,2928.1333804637943,False
SPARC,UGC02916,9.99,9.37933502755521e-11,4.839040195824846e-07,2961.5810896691546,False
SPARC,UGC02916,10.4,8.789998535740667e-11,4.7111603810818784e-07,2996.2584728162547,False
SPARC,UGC02916,10.71,8.401325898085332e-11,4.6196753217823653e-07,3031.5460520487363,False
SPARC,UGC02916,11.12,7.918589157250454e-11,4.5048121262431924e-07,3071.057993674079,False
SPARC,UGC02916,12.67,6.489317597925809e-11,4.1214477702993245e-07,3245.9212237376364,False
SPARC,UGC02916,12.98,6.261693817799596e-11,4.053592205128259e-07,3285.1593715159534,False
SPARC,UGC02916,15.86,4.716981875971428e-11,3.5108150157395e-07,3718.0983518209164,False
SPARC,UGC02916,19.05,3.755162741262156e-11,3.0468735532255115e-07,4403.2911329096905,False
SPARC,UGC02916,22.14,3.138488214603613e-11,2.6812055895725603e-07,5173.900945069949,False
SPARC,UGC02916,25.34,2.5806491933078523e-11,2.3670392492374466e-07,5727.338614337686,False
SPARC,UGC02916,28.53,2.1000222158669902e-11,2.1107219131638015e-07,5973.669005643816,False
SPARC,UGC02916,31.72,1.7022643146679e-11,1.9025056404758595e-07,5972.231736464485,False
SPARC,UGC02916,34.91,1.4282786546598815e-11,1.7310745862067386e-07,6105.4858481986485,False
SPARC,UGC02916,38.0,1.2192123057552485e-11,1.5906406369855574e-07,6204.3066587805015,False
SPARC,UGC02953,0.09,1.6595172906966678e-09,3.0635252800799267e-06,1.3829006386417506,False
SPARC,UGC02953,0.17,3.2298800301692775e-09,2.9963786129699596e-06,10.186993680965966,False
SPARC,UGC02953,0.26,3.7006999629622215e-09,2.8893028361859205e-06,29.0803296172366,False
SPARC,UGC02953,0.34,3.4644449014466127e-09,2.790903061033276e-06,49.18042793730549,False
SPARC,UGC02953,0.43,3.0713277304478885e-09,2.689926962043361e-06,73.54114335107974,False
SPARC,UGC02953,0.51,2.766160492218924e-09,2.609760051333732e-06,97.02591054018961,False
SPARC,UGC02953,0.6,2.4953843685806593e-09,2.5284704617737632e-06,126.14896398438286,False
SPARC,UGC02953,0.69,2.2674381574478987e-09,2.454886011097998e-06,157.08022892312374,False
SPARC,UGC02953,0.77,2.098476312990586e-09,2.394928395396356e-06,186.27721732064347,False
SPARC,UGC02953,0.86,1.9301871494421203e-09,2.3326865238547287e-06,219.93361974044024,False
SPARC,UGC02953,0.95,1.7874911799394242e-09,2.2752492970503017e-06,255.0731064820922,False
SPARC,UGC02953,1.03,1.6885638671894693e-09,2.2275122252215496e-06,289.70219732401597,False
SPARC,UGC02953,1.11,1.5954280887982847e-09,2.1824127783593614e-06,324.4818122544814,False
SPARC,UGC02953,1.2,1.5094808704594074e-09,2.134442689422256e-06,367.01492700425797,False
SPARC,UGC02953,1.29,1.4322374735697109e-09,2.0889938558356095e-06,411.0801482864412,False
SPARC,UGC02953,1.38,1.3607201230115356e-09,2.045843339648624e-06,455.8687484404515,False
SPARC,UGC02953,1.46,1.2998843109116161e-09,2.0093049467727714e-06,495.3342224971487,False
SPARC,UGC02953,1.55,1.2346401412813803e-09,1.9701471598681165e-06,539.0710262388479,False
SPARC,UGC02953,1.63,1.1798647902661711e-09,1.936988480334729e-06,577.3806534844874,False
SPARC,UGC02953,1.72,1.1214082295819445e-09,1.9014343713804143e-06,619.4484055238099,False
SPARC,UGC02953,1.8,1.0728384754385864e-09,1.8713005239161503e-06,656.2953638823137,False
SPARC,UGC02953,1.89,1.0212955123923027e-09,1.8389466626723478e-06,696.6715940581882,False
SPARC,UGC02953,1.98,9.732735093578186e-10,1.8081310559605093e-06,736.2168382631579,False
SPARC,UGC02953,2.07,9.288461527650258e-10,1.7787437693899995e-06,775.2707981773189,False
SPARC,UGC02953,2.15,8.921844843329001e-10,1.7537353419782115e-06,809.6712992477686,False
SPARC,UGC02953,2.23,8.58112900354836e-10,1.7296983026213322e-06,844.001541483467,False
SPARC,UGC02953,2.32,8.227083167337151e-10,1.7037300232517537e-06,882.7470559676253,False
SPARC,UGC02953,2.4,7.937172497997265e-10,1.6815314612815764e-06,917.5369179082643,False
SPARC,UGC02953,2.49,7.637902484443153e-10,1.657468348903287e-06,957.442393155839,False
SPARC,UGC02953,2.58,7.368614199939042e-10,1.6342836452797039e-06,999.0710626422847,False
SPARC,UGC02953,2.67,7.129179517632168e-10,1.6118849062780308e-06,1043.2383344023433,False
SPARC,UGC02953,2.75,6.937968382242567e-10,1.5925663270087913e-06,1084.6718811709864,False
SPARC,UGC02953,2.83,6.765369012104118e-10,1.5737473729756017e-06,1128.393081093529,False
SPARC,UGC02953,2.92,6.591502790962562e-10,1.5531113306077828e-06,1180.5921563089873,False
SPARC,UGC02953,3.0,6.448065499782462e-10,1.5352039384729735e-06,1228.5108403189524,False
SPARC,UGC02953,3.09,6.296453071014655e-10,1.5155139669690137e-06,1283.7641531578138,False
SPARC,UGC02953,3.18,6.149116104839841e-10,1.496285865015861e-06,1338.9284229039083,False
SPARC,UGC02953,3.27,6.006041544113678e-10,1.4775064418148588e-06,1393.9681687838624,False
SPARC,UGC02953,3.35,5.881761303544224e-10,1.4611807826774002e-06,1442.5405890673935,False
SPARC,UGC02953,3.43,5.759594967592557e-10,1.4451935715151847e-06,1490.5162003414964,False
SPARC,UGC02953,4.21,4.720386465829935e-10,1.3048688271781004e-06,1939.3871403308062,False
SPARC,UGC02953,4.29,4.6328286663927166e-10,1.2920239470900972e-06,1985.870595368509,False
SPARC,UGC02953,4.38,4.535585685439283e-10,1.2778589697061949e-06,2036.873254185474,False
SPARC,UGC02953,4.47,4.443081228957607e-10,1.2639871475023246e-06,2088.7080838814845,False
SPARC,UGC02953,4.8,4.1296658145203294e-10,1.2154232993232157e-06,2278.3988516022614,False
SPARC,UGC02953,5.25,3.7830753430810947e-10,1.1542983352667522e-06,2560.4072467616265,False
SPARC,UGC02953,5.32,3.735185671692598e-10,1.1452640337073523e-06,2606.0784597878774,False
SPARC,UGC02953,5.41,3.673771500493663e-10,1.1338173749117287e-06,2663.515659833585,False
SPARC,UGC02953,5.5,3.612790544863437e-10,1.1225598136128917e-06,2719.6668316500345,False
SPARC,UGC02953,5.58,3.5576247062006484e-10,1.1127125982137931e-06,2766.909602667396,False
SPARC,UGC02953,5.67,3.4923980585986173e-10,1.1018204843555857e-06,2814.300765591577,False
SPARC,UGC02953,5.76,3.433414317281027e-10,1.091120272529984e-06,2866.760816542411,False
SPARC,UGC02953,6.0,3.283820502109173e-10,1.0634457003454603e-06,3006.1486717924395,False
SPARC,UGC02953,6.18,3.177099118021106e-10,1.043481772716018e-06,3108.200237587476,False
SPARC,UGC02953,6.27,3.126309652544135e-10,1.033743159336409e-06,3159.7331185600765,False
SPARC,UGC02953,6.36,3.077841842863304e-10,1.0241578960349975e-06,3212.71944531319,False
SPARC,UGC02953,6.45,3.031678877728203e-10,1.0147188349811775e-06,3267.374928059028,False
SPARC,UGC02953,6.53,2.992506541517346e-10,1.0064457504595219e-06,3317.4430497991243,False
SPARC,UGC02953,6.61,2.9558107956971996e-10,9.982768564651256e-07,3370.322499026984,False
SPARC,UGC02953,6.7,2.9176107749242755e-10,9.89202562860872e-07,3433.764962288032,False
SPARC,UGC02953,6.79,2.882698421674551e-10,9.802412260978747e-07,3501.898413742159,False
SPARC,UGC02953,6.87,2.846807566966854e-10,9.723728282959195e-07,3552.640248364489,False
SPARC,UGC02953,6.96,2.813058886464738e-10,9.636284721583997e-07,3620.8071823240157,False
SPARC,UGC02953,7.05,2.779305176017094e-10,9.549884055746097e-07,3687.991663983605,False
SPARC,UGC02953,7.2,2.7208491478224277e-10,9.408257309441828e-07,3792.949035292411,False
SPARC,UGC02953,7.39,2.64117494633535e-10,9.233368707587951e-07,3907.6670890747096,False
SPARC,UGC02953,7.47,2.604658417724325e-10,9.161327062474012e-07,3946.59974447606,False
SPARC,UGC02953,7.99,2.3794110382471533e-10,8.71642279325015e-07,4178.644088564456,False
SPARC,UGC02953,8.08,2.345827162264625e-10,8.643419011270744e-07,4224.0613482772105,False
SPARC,UGC02953,8.16,2.3158380061336134e-10,8.579399816531805e-07,4262.167551496704,False
SPARC,UGC02953,8.25,2.2873036308434947e-10,8.508282396789914e-07,4317.603816771645,False
SPARC,UGC02953,8.34,2.2593260501431748e-10,8.438038073035841e-07,4373.032309505608,False
SPARC,UGC02953,8.4,2.2407356185748853e-10,8.391688166848904e-07,4409.266620486924,False
SPARC,UGC02953,9.59,1.8915147040036754e-10,7.547551573538787e-07,5021.724751787576,False
SPARC,UGC02953,10.8,1.6064467754696923e-10,6.820978102591181e-07,5567.857946676175,False
SPARC,UGC02953,12.02,1.4159082707449358e-10,6.188006166258444e-07,6337.46336412165,False
SPARC,UGC02953,13.22,1.2507068089585772e-10,5.638692099564152e-07,7020.995723570725,False
SPARC,UGC02953,14.42,1.0837246857755464e-10,5.157806775112221e-07,7387.695955081198,False
SPARC,UGC02953,15.63,9.159191802223712e-11,4.742453949501364e-07,7340.520258946996,False
SPARC,UGC02953,16.83,7.774624659022092e-11,4.3936228168875065e-07,7184.106576265084,False
SPARC,UGC02953,18.03,6.806690093628121e-11,4.0932524572697125e-07,7251.898034364352,False
SPARC,UGC02953,19.23,6.011140466947395e-11,3.829209300646936e-07,7318.291936764163,False
SPARC,UGC02953,20.43,5.3271242495897996e-11,3.5956447210380203e-07,7336.486317343805,False
SPARC,UGC02953,21.64,4.746352017668962e-11,3.386405120803416e-07,7346.978591199729,False
SPARC,UGC02953,22.84,4.249959603269468e-11,3.201084016180537e-07,7331.815646584621,False
SPARC,UGC02953,24.04,3.811727413347717e-11,3.0350158755920975e-07,7271.247959789695,False
SPARC,UGC02953,25.24,3.422591780156131e-11,2.885991244095976e-07,7165.72947417483,False
SPARC,UGC02953,26.44,3.088621198723557e-11,2.751862366337633e-07,7063.520227918851,False
SPARC,UGC02953,27.65,2.8055683426171126e-11,2.6294321515223534e-07,6993.764441239009,False
SPARC,UGC02953,28.85,2.5623569546510495e-11,2.5188546295846396e-07,6932.516228797141,False
SPARC,UGC02953,30.05,2.350114409636039e-11,2.4176593111011104e-07,6878.233858191031,False
SPARC,UGC02953,31.25,2.169319728850202e-11,2.3245604321266117e-07,6857.122445465615,False
SPARC,UGC02953,32.34,2.0264702446058234e-11,2.2460514435454815e-07,6859.070634928168,False
SPARC,UGC02953,33.55,1.8852306122190524e-11,2.1648001751844631e-07,6869.04661294479,False
SPARC,UGC02953,34.75,1.7561721884306653e-11,2.089788457290807e-07,6859.911985317056,False
SPARC,UGC02953,35.95,1.6371322794840902e-11,2.0198874846686384e-07,6833.237506419804,False
SPARC,UGC02953,37.15,1.5293583658882846e-11,1.9546588033040855e-07,6804.828190946179,False
SPARC,UGC02953,38.35,1.4331619636404132e-11,1.893631844360357e-07,6787.006715456101,False
SPARC,UGC02953,39.56,1.3470468716812178e-11,1.8358831814521832e-07,6785.073732708676,False
SPARC,UGC02953,40.76,1.2723717730576838e-11,1.781924006051572e-07,6810.140834877729,False
SPARC,UGC02953,41.96,1.2033506762834952e-11,1.7309249257191692e-07,6830.952020378082,False
SPARC,UGC02953,43.16,1.1376177318610366e-11,1.6827017349756555e-07,6830.986165958232,False
SPARC,UGC02953,44.36,1.0763089940877993e-11,1.637095561724383e-07,6823.0768548902215,False
SPARC,UGC02953,45.57,1.0219684165106614e-11,1.5935115282758783e-07,6841.988269289614,False
SPARC,UGC02953,46.77,9.72899180421877e-12,1.552417902108073e-07,6869.431116584039,False
SPARC,UGC02953,47.97,9.256883493218485e-12,1.5133076141300064e-07,6878.00273432383,False
SPARC,UGC02953,49.17,8.81066593520802e-12,1.4760890476887164e-07,6877.203614707755,False
SPARC,UGC02953,50.37,8.404144085235286e-12,1.440627096799461e-07,6886.736750686758,False
SPARC,UGC02953,51.58,8.026673302259525e-12,1.4064980874041498e-07,6902.159682685337,False
SPARC,UGC02953,52.78,7.657054883958648e-12,1.374190115486968e-07,6889.792900524421,False
SPARC,UGC02953,53.98,7.304980127405452e-12,1.3433688081274202e-07,6867.23678905618,False
SPARC,UGC02953,55.18,6.982591062078821e-12,1.3139368743885901e-07,6854.396241361702,False
SPARC,UGC02953,57.59,6.411600851583766e-12,1.2585237416255993e-07,6855.049706354781,False
SPARC,UGC02953,59.99,5.878062793477077e-12,1.2078911237681771e-07,6799.282158511117,False
SPARC,UGC02953,62.39,5.421682759940129e-12,1.161336904302438e-07,6772.375533991018,False
SPARC,UGC03205,0.28,6.882720954836547e-10,1.2092979409419141e-06,12.790257681892628,False
SPARC,UGC03205,0.55,8.727449431553901e-10,1.1369459391681608e-06,70.78362016209967,False
SPARC,UGC03205,0.83,7.439913134922883e-10,1.0592360386692617e-06,145.45437323512607,False
SPARC,UGC03205,1.39,5.197776970188766e-10,9.377476219202631e-07,301.77207895034064,False
SPARC,UGC03205,1.65,4.623658440375297e-10,8.939119713272414e-07,386.6947248864941,False
SPARC,UGC03205,3.04,2.5285512208370376e-10,7.232510126519417e-07,736.7800603149481,False
SPARC,UGC03205,3.32,2.2795751025150667e-10,7.001403156141593e-07,787.5329276183658,False
SPARC,UGC03205,3.59,2.1037735844504288e-10,6.798238139921908e-07,849.1577965599957,False
SPARC,UGC03205,3.87,1.9731939233544995e-10,6.602274983862244e-07,930.2966555912865,False
SPARC,UGC03205,4.15,1.900523709928533e-10,6.416081218116286e-07,1046.4640714407728,False
SPARC,UGC03205,4.43,1.8464696889685195e-10,6.235978568100827e-07,1180.5813438875543,False
SPARC,UGC03205,4.7,1.790158459414328e-10,6.067423504491993e-07,1309.7493560885582,False
SPARC,UGC03205,4.97,1.7259856862472622e-10,5.904452786577552e-07,1431.281566064105,False
SPARC,UGC03205,5.25,1.6614592289192603e-10,5.741632161864824e-07,1558.031347689901,False
SPARC,UGC03205,5.52,1.6190072721162417e-10,5.589584930971951e-07,1708.0269041623035,False
SPARC,UGC03205,5.8,1.5831244852216868e-10,5.435671551950525e-07,1881.3869045555207,False
SPARC,UGC03205,6.08,1.5463139436073941e-10,5.285252243963957e-07,2059.29912900914,False
SPARC,UGC03205,6.36,1.510324409568157e-10,5.138332137910967e-07,2244.358642248455,False
SPARC,UGC03205,6.63,1.4660480311102398e-10,5.000379445033854e-07,2404.166486480253,False
SPARC,UGC03205,6.91,1.4166770669504282e-10,4.861818637966612e-07,2559.199674062471,False
SPARC,UGC03205,7.19,1.36456569492305e-10,4.72813567180575e-07,2701.226989520195,False
SPARC,UGC03205,7.27,1.348742600212069e-10,4.6908734906198115e-07,2737.541930483024,False
SPARC,UGC03205,7.46,1.3116282699131062e-10,4.604102425492389e-07,2821.6573383894083,False
SPARC,UGC03205,8.02,1.2105449214272877e-10,4.361641322842961e-07,3067.266628142349,False
SPARC,UGC03205,8.29,1.164258556984774e-10,4.251570912828612e-07,3177.815833223555,False
SPARC,UGC03205,8.56,1.1199261481192565e-10,4.1457006168968307e-07,3284.537649458091,False
SPARC,UGC03205,8.84,1.0734930201466072e-10,4.0402719270796377e-07,3379.453729536466,False
SPARC,UGC03205,9.12,1.0298583044057531e-10,3.9391724301931704e-07,3472.567891377968,False
SPARC,UGC03205,9.69,9.443911038054433e-11,3.7459951639314846e-07,3631.128084327318,False
SPARC,UGC03205,12.11,6.522098980294415e-11,3.082724319796146e-07,3987.1448652117456,False
SPARC,UGC03205,14.58,4.673947476443648e-11,2.608000756502875e-07,4158.758466081218,False
SPARC,UGC03205,14.68,4.614653026309908e-11,2.5920555764288867e-07,4161.810986366266,False
SPARC,UGC03205,15.2,4.332203352463348e-11,2.512191227943938e-07,4189.262623203607,False
SPARC,UGC03205,15.5,4.190082896417055e-11,2.468302144058743e-07,4218.296313305121,False
SPARC,UGC03205,15.71,4.1003972646386505e-11,2.438415433142474e-07,4247.101013091409,False
SPARC,UGC03205,16.02,3.9692460540141824e-11,2.395472156702395e-07,4282.486833350356,False
SPARC,UGC03205,16.32,3.847325050443206e-11,2.3552174486487676e-07,4314.457181574078,False
SPARC,UGC03205,16.53,3.7709298411169284e-11,2.3277540717143347e-07,4346.292820701716,False
SPARC,UGC03205,16.84,3.6599716214604616e-11,2.2882099130563135e-07,4388.537126216765,False
SPARC,UGC03205,16.94,3.6283410428513834e-11,2.2756985064312216e-07,4407.756700925914,False
SPARC,UGC03205,19.4,2.9057680854040378e-11,1.999767417845914e-07,4718.88920223848,False
SPARC,UGC03205,21.77,2.408222780348032e-11,1.7835710998529507e-07,5028.742556356169,False
SPARC,UGC03205,24.23,1.9828783611481642e-11,1.5981378151804101e-07,5193.318695535279,False
SPARC,UGC03205,26.69,1.6516399876472325e-11,1.4446545193276283e-07,5297.0528644535025,False
SPARC,UGC03205,29.06,1.3880130931589791e-11,1.3209881787846692e-07,5287.386962471868,False
SPARC,UGC03205,31.52,1.168808752238257e-11,1.2130152904733408e-07,5230.8899959508935,False
SPARC,UGC03205,36.34,8.604252987937135e-12,1.0451123417895653e-07,5090.559751879244,False
SPARC,UGC03205,40.04,6.8868124280865235e-12,9.467198054935045e-08,4880.278901120406,False
SPARC,UGC03546,0.63,5.632541042678229e-09,2.0942520260477776e-06,427.14741391478054,False
SPARC,UGC03546,0.79,4.049767252982122e-09,1.8283154742317615e-06,555.1997897880306,False
SPARC,UGC03546,0.95,3.0378687395889824e-09,1.6336448007895366e-06,667.7624769973129,False
SPARC,UGC03546,1.11,2.359815837760883e-09,1.4853907295021882e-06,765.7605771045005,False
SPARC,UGC03546,1.27,1.8962494111333524e-09,1.3684926425963827e-06,856.648964583137,False
SPARC,UGC03546,1.43,1.5604645879680564e-09,1.2735497247028058e-06,938.302247521805,False
SPARC,UGC03546,1.59,1.317290212199055e-09,1.1945086360327168e-06,1019.6911835004796,False
SPARC,UGC03546,1.9,1.007467007609778e-09,1.070794751782642e-06,1189.0731541220243,False
SPARC,UGC03546,2.06,8.992795884373713e-10,1.0184236023154248e-06,1284.6328352192995,False
SPARC,UGC03546,2.22,8.129233341499309e-10,9.71395835037424e-07,1386.0750839300254,False
SPARC,UGC03546,2.38,7.424825528790059e-10,9.286746919339556e-07,1493.3525056719816,False
SPARC,UGC03546,2.79,6.02499220058555e-10,8.340118803582056e-07,1765.1241375979216,False
SPARC,UGC03546,2.86,5.82796901288037e-10,8.197687959848514e-07,1809.703127150941,False
SPARC,UGC03546,3.02,5.408694798470118e-10,7.889059114674714e-07,1907.1628640811716,False
SPARC,UGC03546,4.17,3.2776838501225844e-10,6.174250167332887e-07,2393.9550916703347,False
SPARC,UGC03546,5.56,1.965985082146261e-10,4.923043044854324e-07,2614.5179794200953,False
SPARC,UGC03546,6.96,1.3641899730276288e-10,4.122703561164891e-07,2896.484045768678,False
SPARC,UGC03546,8.35,1.0274935615184469e-10,3.552016984305823e-07,3203.1504157981844,False
SPARC,UGC03546,9.73,8.33579996941302e-11,3.1111355925799234e-07,3655.7536923494617,False
SPARC,UGC03546,11.14,6.625585262978839e-11,2.7490009587578885e-07,3861.4848714368477,False
SPARC,UGC03546,12.51,5.439912151777528e-11,2.465245031696764e-07,4051.5591575669096,False
SPARC,UGC03546,13.88,4.627051951618253e-11,2.228490537981777e-07,4336.912174763208,False
SPARC,UGC03546,15.35,3.959694928269687e-11,2.0118073885049504e-07,4658.254895438634,False
SPARC,UGC03546,16.72,3.397002553370973e-11,1.838792846107543e-07,4808.212230765605,False
SPARC,UGC03546,18.08,2.90703138953809e-11,1.6916169817993596e-07,4839.0482943545,False
SPARC,UGC03546,19.45,2.4897641660681428e-11,1.56469534124043e-07,4798.440142007488,False
SPARC,UGC03546,20.92,2.121230942933073e-11,1.448338709745818e-07,4714.867978869538,False
SPARC,UGC03546,22.92,1.7251566484198377e-11,1.3162814794659828e-07,4564.852005837825,False
SPARC,UGC03546,25.02,1.4239431698055986e-11,1.2027582165361864e-07,4461.835022888641,False
SPARC,UGC03546,29.23,1.0223374287361437e-11,1.0259642211975678e-07,4338.946925712011,False
SPARC,UGC03580,0.11,4.1721536256126586e-10,3.9037477207411874e-07,3.2787161418285207,False
SPARC,UGC03580,0.23,5.936251557096562e-10,3.6955178490596313e-07,23.567637732465606,False
SPARC,UGC03580,0.34,5.795321915364129e-10,3.473990120888341e-07,53.468928109431545,False
SPARC,UGC03580,0.46,5.127455962329208e-10,3.24898443554356e-07,90.38815129937372,False
SPARC,UGC03580,0.57,4.369303182569304e-10,3.069656787526194e-07,120.46565099951852,False
SPARC,UGC03580,0.69,3.803709532805865e-10,2.901295373612414e-07,156.73485710028902,False
SPARC,UGC03580,0.8,3.4496599187317844e-10,2.7643297346929535e-07,195.0937571712102,False
SPARC,UGC03580,0.92,3.1252224771072013e-10,2.628889287573882e-07,238.60388284687397,False
SPARC,UGC03580,1.03,2.902365593968975e-10,2.515070123002959e-07,283.6913121515238,False
SPARC,UGC03580,1.14,2.6677167849838795e-10,2.40989005504081e-07,324.19850162710907,False
SPARC,UGC03580,1.26,2.4330438713376096e-10,2.3048160381463378e-07,365.817619885222,False
SPARC,UGC03580,1.37,2.2291957191943246e-10,2.2167787985462728e-07,399.14906479233224,False
SPARC,UGC03580,1.49,2.0186558781390585e-10,2.1292744319278825e-07,428.81308861877096,False
SPARC,UGC03580,1.61,1.8371548982411644e-10,2.0498459792014925e-07,456.2996274188353,False
SPARC,UGC03580,1.71,1.7050818869654786e-10,1.9890385374473965e-07,477.93000574035113,False
SPARC,UGC03580,1.83,1.5641842817718908e-10,1.9216927136003766e-07,501.7944212682545,False
SPARC,UGC03580,1.94,1.447244190512566e-10,1.8648278003317911e-07,520.5895021784587,False
SPARC,UGC03580,2.06,1.335384800558464e-10,1.8075065446762277e-07,540.0967854930332,False
SPARC,UGC03580,2.18,1.2402621064558966e-10,1.7544490528908763e-07,560.6898697865787,False
SPARC,UGC03580,2.29,1.169506060786691e-10,1.7089453130249592e-07,583.8869493854847,False
SPARC,UGC03580,2.4,1.1091762807179434e-10,1.6659168715697245e-07,609.6885802604841,False
SPARC,UGC03580,2.52,1.050146065185711e-10,1.6214355308557856e-07,638.3071254259114,False
SPARC,UGC03580,2.63,9.999454157488384e-11,1.5827235789270144e-07,663.6106168829882,False
SPARC,UGC03580,2.75,9.461351053486699e-11,1.542634950714596e-07,687.0939536456881,False
SPARC,UGC03580,2.86,8.993493744916611e-11,1.5077866002223026e-07,706.3647006517003,False
SPARC,UGC03580,2.98,8.513790947129097e-11,1.4717221609856068e-07,725.4451950357893,False
SPARC,UGC03580,3.09,8.097451689542625e-11,1.440355091154418e-07,740.7896462728885,False
SPARC,UGC03580,3.2,7.708409477118451e-11,1.4105088260795692e-07,754.982257981937,False
SPARC,UGC03580,4.52,4.598419691742199e-11,1.1316404632121595e-07,877.6797754394057,False
SPARC,UGC03580,4.69,4.345096909699567e-11,1.1055407110992217e-07,889.4077829660142,False
SPARC,UGC03580,6.03,2.938751542168907e-11,9.379905524747662e-08,969.432339349727,False
SPARC,UGC03580,7.53,2.1262063660669706e-11,8.075699376199494e-08,1083.9928620396925,False
SPARC,UGC03580,8.58,1.7512797835112656e-11,7.376793490273553e-08,1153.2664940736142,False
SPARC,UGC03580,8.7,1.7171603200640812e-11,7.305344747900418e-08,1162.670516187807,False
SPARC,UGC03580,8.82,1.684788680141788e-11,7.235265700713845e-08,1172.720312534698,False
SPARC,UGC03580,9.03,1.6300251562634398e-11,7.115768541387339e-08,1189.6619906026315,False
SPARC,UGC03580,9.05,1.6240963907779034e-11,7.104596233129525e-08,1190.31478226111,False
SPARC,UGC03580,10.53,1.3244771254565398e-11,6.355473770790405e-08,1328.0898440258989,False
SPARC,UGC03580,12.07,1.1083447314736289e-11,5.712326881426534e-08,1487.281731121906,False
SPARC,UGC03580,13.58,9.403353356217118e-12,5.181283215731643e-08,1622.869985577425,False
SPARC,UGC03580,15.09,8.061122823288113e-12,4.7285820058763155e-08,1743.3560595033791,False
SPARC,UGC03580,16.6,6.989012685056018e-12,4.338463545804239e-08,1856.7358166559259,False
SPARC,UGC03580,18.11,6.137193425277286e-12,3.9982157579014114e-08,1973.526158197772,False
SPARC,UGC03580,19.62,5.4253863455293385e-12,3.69849913328054e-08,2081.527664425478,False
SPARC,UGC03580,21.02,4.8393752022257984e-12,3.45180657744742e-08,2156.6839209949444,False
SPARC,UGC03580,24.04,3.66981185083276e-12,3.0106688949642306e-08,2135.545094677751,False
SPARC,UGC03580,27.06,2.875370969273779e-12,2.671350137169059e-08,2114.6812652558674,False
SPARC,UGC04278,0.14,1.9422221765875044e-12,3.724687622300206e-08,0.022462229385333297,True
SPARC,UGC04278,0.42,4.965390852886845e-12,3.691485551214203e-08,0.8326886539252758,False
SPARC,UGC04278,0.69,7.933660191247962e-12,3.63169938995368e-08,4.607971747045968,False
SPARC,UGC04278,0.97,1.0138378756382275e-11,3.544834488974434e-08,13.466143250111358,False
SPARC,UGC04278,1.25,1.0829730299900258e-11,3.444049363279757e-08,25.40701907670374,False
SPARC,UGC04278,1.52,9.199602301037357e-12,3.3512148667944675e-08,30.25281760333355,False
SPARC,UGC04278,1.8,6.879483965458441e-12,3.2739292743705396e-08,28.111621903690242,False
SPARC,UGC04278,2.07,6.06396146633286e-12,3.213937348359539e-08,31.35356043870447,False
SPARC,UGC04278,2.35,5.815148859270185e-12,3.156839322777298e-08,38.64100429205023,False
SPARC,UGC04278,2.63,5.64575851955235e-12,3.101751427743502e-08,47.12722183723958,False
SPARC,UGC04278,2.91,5.4225298179309765e-12,3.048550691886782e-08,55.26435739738035,False
SPARC,UGC04278,3.19,5.0451944018933594e-12,2.9982366221535314e-08,60.61309407091584,False
SPARC,UGC04278,3.46,4.657499068804754e-12,2.9532653452343393e-08,64.22340974279058,False
SPARC,UGC04278,3.74,4.260429403311909e-12,2.9104005098986456e-08,66.62893702923365,False
SPARC,UGC04278,4.01,3.9195815241525335e-12,2.872486755565175e-08,68.49331028487673,False
SPARC,UGC04278,4.29,3.5848782844746158e-12,2.8364158860817614e-08,69.45056868151573,False
SPARC,UGC04278,4.57,3.67855006722699e-12,2.8015035562462207e-08,82.94432318094087,False
SPARC,UGC04278,4.85,4.103682881191088e-12,2.7640975448702655e-08,111.55757410479805,False
SPARC,UGC04278,5.13,4.5018205239553264e-12,2.7227344090707696e-08,145.58123592299876,False
SPARC,UGC04278,5.4,5.481171722266999e-12,2.6764639677605476e-08,220.42735238425328,False
SPARC,UGC04278,5.68,6.827741133050008e-12,2.617300057178146e-08,346.66021887360904,False
SPARC,UGC04278,5.86,7.586013395561327e-12,2.572762256184432e-08,439.5662720734988,False
SPARC,UGC04278,6.36,1.0016876552655088e-11,2.421673160489283e-08,834.4667128869978,False
SPARC,UGC04278,6.51,1.0549041250263552e-11,2.3687167550560053e-08,965.994908680454,False
SPARC,UGC04278,6.69,1.0035902883654284e-11,2.3051102780979517e-08,972.9173721098534,False
SPARC,UGC04325,0.7,1.0560651080714815e-11,4.5518550310599525e-08,5.804252206617652,False
SPARC,UGC04325,1.4,1.3070217968766547e-11,4.267895220826989e-08,34.07005235227731,False
SPARC,UGC04325,2.09,1.6076027546295944e-11,3.922663372578596e-08,112.60964423229152,False
SPARC,UGC04325,2.79,1.7423703121160745e-11,3.520114607094443e-08,252.34385056442773,False
SPARC,UGC04325,3.49,1.703824761125501e-11,3.106003345687013e-08,433.04305740667127,False
SPARC,UGC04325,4.19,1.4932659391058518e-11,2.7218256556349446e-08,585.1006237967949,False
SPARC,UGC04325,4.89,1.2841228068747597e-11,2.388081357191916e-08,725.0710563622274,False
SPARC,UGC04325,5.59,1.0953271354976622e-11,2.1021552862208877e-08,848.6695014505535,False
SPARC,UGC04483,0.08,3.971959861754692e-12,4.577675365977004e-09,0.17436724609522009,False
SPARC,UGC04483,0.24,8.058035664238944e-12,4.247256685756013e-09,4.878294632538973,False
SPARC,UGC04483,0.4,8.304468572382403e-12,3.797840304570099e-09,15.854017362653712,False
SPARC,UGC04483,0.57,7.677201455896474e-12,3.331449236406148e-09,32.63339047095864,False
SPARC,UGC04483,0.73,6.8666941214734036e-12,2.931983187431908e-09,51.46702060250838,False
SPARC,UGC04483,0.89,5.979507247078134e-12,2.5791464059985006e-09,70.69941379005228,False
SPARC,UGC04483,1.05,5.344031159239659e-12,2.2681314428122866e-09,94.57255138227859,False
SPARC,UGC04483,1.21,4.789759299939139e-12,1.989794375942816e-09,121.50737931633613,False
SPARC,UGC04499,0.91,1.5797274801386465e-11,4.160704310690848e-08,19.589962003116927,False
SPARC,UGC04499,1.82,1.177745045469084e-11,3.729947919340621e-08,56.397817294855415,False
SPARC,UGC04499,2.73,1.0811056302846396e-11,3.377083346203215e-08,123.36887029576128,False
SPARC,UGC04499,3.63,1.0994552202790998e-11,3.040191993487609e-08,248.58841742642238,False
SPARC,UGC04499,4.55,9.566019057371543e-12,2.715477145234034e-08,355.18197022568177,False
SPARC,UGC04499,5.45,8.443129736904392e-12,2.4372401725308093e-08,471.1005238651575,False
SPARC,UGC04499,6.37,7.161150250263493e-12,2.190800453321399e-08,559.5915198125888,False
SPARC,UGC04499,7.28,6.845170676449461e-12,1.972001817887875e-08,759.1144487319954,False
SPARC,UGC04499,8.18,6.2986700727433704e-12,1.768932672226139e-08,943.3926138707232,False
SPARC,UGC05005,0.78,5.569665609517728e-12,6.139345899232567e-08,2.0511086066907254,False
SPARC,UGC05005,2.34,6.9434741912398315e-12,5.8042492858367415e-08,27.17663781560922,False
SPARC,UGC05005,3.91,7.736919608642544e-12,5.408594428547892e-08,95.80710054435136,False
SPARC,UGC05005,5.47,7.1524535098157245e-12,5.009863287760979e-08,180.05977100952086,False
SPARC,UGC05005,7.04,5.885489271487315e-12,4.65847452661494e-08,239.59144379642794,False
SPARC,UGC05005,8.6,5.258847787035273e-12,4.360033874123675e-08,322.8106692120056,False
SPARC,UGC05005,10.17,4.754979080788389e-12,4.0901487951324167e-08,413.9046108347433,False
SPARC,UGC05005,17.97,3.277810467884376e-12,3.014575191408012e-08,1004.719728040042,False
SPARC,UGC05005,21.07,2.7938514465255077e-12,2.6914666651135286e-08,1217.7050273227246,False
SPARC,UGC05005,22.72,2.586706941073221e-12,2.5390647457935302e-08,1337.2141125460269,False
SPARC,UGC05005,28.61,2.10225489850759e-12,2.0649634560197206e-08,1910.804019883598,False
SPARC,UGC05253,0.13,3.932726955268884e-09,2.7803074474198957e-06,7.730224783728585,False
SPARC,UGC05253,0.25,4.437788184396643e-09,2.607877547555719e-06,35.73791815137955,False
SPARC,UGC05253,0.38,3.873314558750324e-09,2.4224043551650098e-06,80.53761525421227,False
SPARC,UGC05253,0.51,3.250928628579193e-09,2.2634174952791412e-06,133.49440232056668,False
SPARC,UGC05253,0.63,2.782416439121881e-09,2.139132541663814e-06,186.9232771922645,False
SPARC,UGC05253,0.76,2.3561628746099946e-09,2.0244583835977767e-06,244.77088336129358,False
SPARC,UGC05253,0.89,2.0325926691373027e-09,1.9265175294803825e-06,304.50716563471167,False
SPARC,UGC05253,1.01,1.8145438790823634e-09,1.8472677630436848e-06,364.85881115097584,False
SPARC,UGC05253,1.14,1.613464636099175e-09,1.7707672428958003e-06,429.3577472131521,False
SPARC,UGC05253,1.27,1.4354566854146288e-09,1.702726552228662e-06,488.9559626913591,False
SPARC,UGC05253,1.39,1.3163276725903116e-09,1.6460406860207241e-06,552.3293019320506,False
SPARC,UGC05253,1.52,1.2026817767068816e-09,1.5898256759718164e-06,619.6701867604688,False
SPARC,UGC05253,1.65,1.0998919951561526e-09,1.5384407128230097e-06,682.8927985300478,False
SPARC,UGC05253,1.77,1.0175137047747318e-09,1.4948228414352864e-06,740.4083959225616,False
SPARC,UGC05253,1.9,9.408110146468043e-10,1.4511202488102287e-06,803.2658010894835,False
SPARC,UGC05253,2.03,8.752580579667544e-10,1.410592278105329e-06,867.5426460777255,False
SPARC,UGC05253,2.16,8.191328298265147e-10,1.372779716183161e-06,934.0574219532245,False
SPARC,UGC05253,2.28,7.754906371415737e-10,1.33993098941515e-06,999.9531983971975,False
SPARC,UGC05253,2.41,7.350353351209537e-10,1.3062216149887993e-06,1076.1054003794266,False
SPARC,UGC05253,2.54,7.005545277166053e-10,1.2741845384355376e-06,1158.0158656130716,False
SPARC,UGC05253,2.66,6.717481237744957e-10,1.2459155484353104e-06,1235.8025947303086,False
SPARC,UGC05253,2.79,6.436459444769372e-10,1.216560799176367e-06,1323.2840448351203,False
SPARC,UGC05253,2.92,6.172036628990385e-10,1.1884232813244284e-06,1410.7583836088133,False
SPARC,UGC05253,3.04,5.943694433431198e-10,1.163465267880609e-06,1492.0602900117226,False
SPARC,UGC05253,3.17,5.70633809633713e-10,1.1374666875293622e-06,1578.5594620394004,False
SPARC,UGC05253,3.3,5.479457619869587e-10,1.1125041127058724e-06,1663.2788631181138,False
SPARC,UGC05253,3.42,5.277352305538008e-10,1.0903454327758087e-06,1738.934689346792,False
SPARC,UGC05253,3.55,5.067418758507345e-10,1.067259715114797e-06,1818.431794002729,False
SPARC,UGC05253,3.68,4.881753847273575e-10,1.0450568274611465e-06,1903.5159462515428,False
SPARC,UGC05253,3.8,4.714262858518995e-10,1.0252893439542605e-06,1978.556427131301,False
SPARC,UGC05253,3.93,4.535612263195736e-10,1.0046470306408503e-06,2054.6812171647357,False
SPARC,UGC05253,4.06,4.3659227295715603e-10,9.84782084155289e-07,2128.94473788682,False
SPARC,UGC05253,4.18,4.212562548257876e-10,9.671106824224018e-07,2192.668211922521,False
SPARC,UGC05253,4.31,4.052970667199011e-10,9.486650575798221e-07,2258.4232749922576,False
SPARC,UGC05253,4.44,3.901883099249732e-10,9.309127548029001e-07,2322.34432280936,False
SPARC,UGC05253,4.56,3.767439596813008e-10,9.151141985319537e-07,2377.883075456556,False
SPARC,UGC05253,4.69,3.627588746773357e-10,8.9861121984076e-07,2434.721840780132,False
SPARC,UGC05253,4.82,3.49570014615744e-10,8.827146634856776e-07,2490.3132545670737,False
SPARC,UGC05253,4.94,3.3788112576423235e-10,8.685533927252295e-07,2538.711763384568,False
SPARC,UGC05253,4.99,3.331639594777666e-10,8.627936796668541e-07,2558.274211122718,False
SPARC,UGC05253,5.07,3.2576886894803454e-10,8.537444778175145e-07,2588.5217298429684,False
SPARC,UGC05253,5.2,3.141738969722088e-10,8.394633130418249e-07,2635.318836513509,False
SPARC,UGC05253,5.45,2.935876948683127e-10,8.13380621625938e-07,2721.6959597648715,False
SPARC,UGC05253,5.58,2.8340406076625035e-10,8.005042914675961e-07,2760.6702655135086,False
SPARC,UGC05253,5.7,2.744653406682763e-10,7.890123625454666e-07,2795.377545007956,False
SPARC,UGC05253,5.83,2.6489905903472596e-10,7.769757363399607e-07,2826.1599006396204,False
SPARC,UGC05253,6.47,2.257064995395127e-10,7.230753867270568e-07,2986.6572180464977,False
SPARC,UGC05253,6.59,2.1963950472867447e-10,7.139014033294301e-07,3019.7853970820374,False
SPARC,UGC05253,6.66,2.1630001871291938e-10,7.086629457809448e-07,3040.5160615901937,False
SPARC,UGC05253,6.72,2.1340748338460948e-10,7.042370281210837e-07,3056.1402776453083,False
SPARC,UGC05253,6.85,2.0764148677525064e-10,6.948407663900201e-07,3096.0287734685844,False
SPARC,UGC05253,6.97,2.0263418112078383e-10,6.863892205590129e-07,3134.5574740817483,False
SPARC,UGC05253,7.1,1.9749037184345614e-10,6.774599147273198e-07,3177.346688376572,False
SPARC,UGC05253,7.23,1.9268207132930429e-10,6.687527033193264e-07,3222.8413534579286,False
SPARC,UGC05253,8.32,1.589870564754058e-10,6.029505833042137e-07,3595.636427330341,False
SPARC,UGC05253,10.0,1.2049128837378507e-10,5.223502963475993e-07,4007.6598720211996,False
SPARC,UGC05253,11.61,9.625414291043412e-11,4.6244641374508324e-07,4388.913813507661,False
SPARC,UGC05253,13.35,7.446988210019724e-11,4.1145194952583014e-07,4457.018980514592,False
SPARC,UGC05253,14.98,5.984918048698896e-11,3.7386782829368184e-07,4458.5271000267385,False
SPARC,UGC05253,16.61,4.9451410765604507e-11,3.4328418221056187e-07,4488.89653143575,False
SPARC,UGC05253,18.34,4.172261663851267e-11,3.162074415072097e-07,4608.114556969044,False
SPARC,UGC05253,19.97,3.649872982326294e-11,2.943201493259307e-07,4805.802753724873,False
SPARC,UGC05253,21.6,3.20582405648332e-11,2.751370681106155e-07,4952.109440545459,False
SPARC,UGC05253,23.33,2.8346614328495546e-11,2.5719811510242126e-07,5139.3874912022775,False
SPARC,UGC05253,26.7,2.2733056672573672e-11,2.2764813886855717e-07,5461.331310819416,False
SPARC,UGC05253,29.95,1.850321330608532e-11,2.0464209842003337e-07,5609.626606022691,False
SPARC,UGC05253,33.32,1.5099342702159394e-11,1.852027654724908e-07,5650.013449704784,False
SPARC,UGC05253,36.68,1.2592375806233767e-11,1.6923043345297302e-07,5701.782975424781,False
SPARC,UGC05253,39.94,1.0650411550239697e-11,1.5622319946916354e-07,5691.119831542915,False
SPARC,UGC05253,43.3,9.138687716360315e-12,1.4480902653664836e-07,5731.301179485387,False
SPARC,UGC05253,46.67,8.096676919371042e-12,1.3483823766141888e-07,5960.719725068513,False
SPARC,UGC05253,49.92,7.31313143034913e-12,1.2624098397234524e-07,6251.210140174326,False
SPARC,UGC05253,53.29,6.464308194732504e-12,1.1827063088459458e-07,6315.244147025837,False
SPARC,UGC05716,1.03,7.799904447447039e-12,2.5931536988422527e-08,14.020815141919027,False
SPARC,UGC05716,2.07,6.8276573682658626e-12,2.332007069260298e-08,51.61103264359615,False
SPARC,UGC05716,3.09,5.102216839160355e-12,2.123118257334466e-08,81.67640044623373,False
SPARC,UGC05716,4.13,4.220880401497038e-12,1.956672512490841e-08,119.18418267182409,False
SPARC,UGC05716,5.16,3.898340943968648e-12,1.813113404994604e-08,178.2580246196047,False
SPARC,UGC05716,6.2,3.723890098716891e-12,1.677033313741524e-08,259.83062839163955,False
SPARC,UGC05716,7.23,3.735830513814989e-12,1.545135094966588e-08,385.41129387832416,False
SPARC,UGC05716,8.26,3.663013596242871e-12,1.4143132572866873e-08,533.6901147581757,False
SPARC,UGC05716,9.28,3.4460297503118785e-12,1.2898358660945267e-08,674.1207031838017,False
SPARC,UGC05716,10.34,3.123865825915699e-12,1.1702875465396658e-08,796.2645833460169,False
SPARC,UGC05716,11.4,2.716494117946279e-12,1.0640141349179352e-08,863.3781418054521,False
SPARC,UGC05716,12.37,2.308338447275115e-12,9.80343613973221e-09,864.3078846167934,False
SPARC,UGC05721,0.09,5.0336990213718724e-11,4.497260102828094e-08,0.9901477871467966,False
SPARC,UGC05721,0.27,6.391934227494831e-11,4.144213588226315e-08,13.745405562218288,False
SPARC,UGC05721,0.45,6.097825465043966e-11,3.75828608367404e-08,39.31432042678064,False
SPARC,UGC05721,0.63,5.203327325089617e-11,3.409085954750368e-08,67.3030758163698,False
SPARC,UGC05721,0.81,4.291787418639374e-11,3.115691523737103e-08,91.6394718661545,False
SPARC,UGC05721,0.99,3.576774284009264e-11,2.8725567911983446e-08,113.39045688092823,False
SPARC,UGC05721,1.17,3.184639851491655e-11,2.6636323804174736e-08,143.79338484957424,False
SPARC,UGC05721,1.35,2.7689250656805543e-11,2.4796701178731573e-08,167.07452399976992,False
SPARC,UGC05721,1.53,2.4988183336677855e-11,2.3168994069245164e-08,197.1768740188406,False
SPARC,UGC05721,1.71,2.289465775280331e-11,2.1689437550349467e-08,230.99237356794507,False
SPARC,UGC05721,1.89,2.0072587012184263e-11,2.0361770568930726e-08,247.0859107412829,False
SPARC,UGC05721,2.07,1.6172491417194482e-11,1.9241815260350385e-08,227.21284240680683,False
SPARC,UGC05721,2.25,1.2849226811295105e-11,1.8345058271468433e-08,199.6826244108385,False
SPARC,UGC05721,2.67,9.888159562638856e-12,1.670571849778096e-08,208.72642652904588,False
SPARC,UGC05721,3.15,8.294848151878629e-12,1.520746222698753e-08,245.38628668849688,False
SPARC,UGC05721,3.61,6.7974645372315554e-12,1.4015691346055015e-08,259.579681663034,False
SPARC,UGC05721,4.04,5.820853926243812e-12,1.3084263787827033e-08,276.0731908287402,False
SPARC,UGC05721,4.49,5.304375455748735e-12,1.2224853335052485e-08,317.5733612873178,False
SPARC,UGC05721,4.93,5.1473175842851635e-12,1.1435414537217719e-08,391.3112323178377,False
SPARC,UGC05721,5.38,4.9517020312182405e-12,1.065527754207521e-08,471.96244039808244,False
SPARC,UGC05721,5.86,4.495338043653089e-12,9.876853683116381e-09,522.6171563048619,False
SPARC,UGC05721,6.28,4.075521982827682e-12,9.25890439444064e-09,552.8006560905001,False
SPARC,UGC05721,6.74,3.734682467641972e-12,8.642168283154303e-09,598.5117138302852,False
SPARC,UGC05750,0.31,9.619103366774182e-13,4.594372974975714e-08,0.031134229153226854,True
SPARC,UGC05750,1.47,3.5481142943658874e-12,4.5045647636782246e-08,5.053488029869406,False
SPARC,UGC05750,2.52,3.702489385343274e-12,4.3738746878718614e-08,16.30584911752299,False
SPARC,UGC05750,3.35,3.7959837929311575e-12,4.267035622923538e-08,30.666903932039297,False
SPARC,UGC05750,4.09,3.4556065074721027e-12,4.174917702990341e-08,40.58868011692635,False
SPARC,UGC05750,4.82,3.559890152621007e-12,4.0870032200820115e-08,60.215197089171895,False
SPARC,UGC05750,6.6,4.33358798833653e-12,3.845808633246226e-08,161.1818076082898,False
SPARC,UGC05750,7.86,4.498520577766639e-12,3.6547731296071103e-08,254.47330155612843,False
SPARC,UGC05750,9.43,4.622494131172591e-12,3.40895044785972e-08,409.18377533757035,False
SPARC,UGC05750,11.43,3.733013827160119e-12,3.122082519874742e-08,476.5423968479061,False
SPARC,UGC05750,22.85,2.437687801434807e-12,1.9123766301026273e-08,1642.7409744491574,False
SPARC,UGC05764,0.36,1.9787613200642253e-12,1.0526222033791368e-08,0.5404588781126198,False
SPARC,UGC05764,0.73,3.943393557666956e-12,1.0150072412632755e-08,6.478347615150827,False
SPARC,UGC05764,1.09,4.57267416718181e-12,9.623787704751239e-09,19.017769638095388,False
SPARC,UGC05764,1.45,5.0794164216389294e-12,9.027297888076649e-09,41.999282580744485,False
SPARC,UGC05764,1.81,5.781925359142857e-12,8.356077523116299e-09,85.84729353381158,False
SPARC,UGC05764,2.17,6.064798095882879e-12,7.623961528466667e-09,145.28637827910535,False
SPARC,UGC05764,2.54,5.9516484225030805e-12,6.860728904720215e-09,215.06979051939737,False
SPARC,UGC05764,2.9,5.516659010840465e-12,6.151998652394774e-09,279.0800564662039,False
SPARC,UGC05764,3.26,4.707195136067109e-12,5.520174403577634e-09,309.89438434242356,False
SPARC,UGC05764,3.62,4.008193587077546e-12,4.981571851739017e-09,332.80359115211115,False
SPARC,UGC05829,0.63,1.1809605494499679e-12,2.486898442659126e-08,0.32313194418249785,False
SPARC,UGC05829,1.26,1.8447351630810242e-12,2.454176058192497e-08,2.5564527798753387,False
SPARC,UGC05829,1.88,2.6719337474801736e-12,2.4061044015019952e-08,10.116459105239766,False
SPARC,UGC05829,2.52,2.234682574095181e-12,2.3521978913683002e-08,14.224666833199938,False
SPARC,UGC05829,3.14,3.4269042622852973e-12,2.291940683210855e-08,43.02922741103964,False
SPARC,UGC05829,3.77,4.4958192081783025e-12,2.2062577765161722e-08,96.80661870238508,False
SPARC,UGC05829,4.4,4.86233966568486e-12,2.1050508800982267e-08,155.45128855773518,False
SPARC,UGC05829,5.03,5.873456949005061e-12,1.988945065846484e-08,285.43093863770486,False
SPARC,UGC05829,5.65,6.821987243129609e-12,1.8538253466856004e-08,483.6552260452195,False
SPARC,UGC05829,6.29,6.924520296964494e-12,1.702799425878514e-08,667.4958353672331,False
SPARC,UGC05829,6.91,6.5720607407852276e-12,1.559153074332762e-08,813.6881855860988,False
SPARC,UGC05918,0.56,2.119052983673686e-12,7.893724169842399e-09,1.93253849510688,False
SPARC,UGC05918,1.11,2.230172924051445e-12,7.483091215574252e-09,8.647655922814593,False
SPARC,UGC05918,1.67,2.083072016761993e-12,7.068451123475378e-09,18.708630005915794,False
SPARC,UGC05918,2.23,3.0072004854737264e-12,6.579113956656065e-09,62.15002843482923,False
SPARC,UGC05918,2.79,3.2598447126942916e-12,5.976651487259154e-09,120.86477111733971,False
SPARC,UGC05918,3.34,2.813664955252807e-12,5.403219968492694e-09,153.67408056752222,False
SPARC,UGC05918,3.9,2.7885883693739014e-12,4.864665152719499e-09,229.63648077240163,False
SPARC,UGC05918,4.46,2.824545514275025e-12,4.325064368990168e-09,344.3633156620522,False
SPARC,UGC05986,0.63,2.6830198257404332e-11,7.616383776091266e-08,11.29230088815147,False
SPARC,UGC05986,1.26,2.2391860998863336e-11,7.08405557780213e-08,37.129580609771565,False
SPARC,UGC05986,1.88,2.4795104085868894e-11,6.58183687841597e-08,103.63797425651332,False
SPARC,UGC05986,2.51,2.8774076863036916e-11,6.002495298457091e-08,253.0498653471467,False
SPARC,UGC05986,3.13,2.674111480778003e-11,5.4116379015673694e-08,391.6607839980714,False
SPARC,UGC05986,3.77,2.3598610352082765e-11,4.858580819739887e-08,525.6273463397969,False
SPARC,UGC05986,4.39,2.221784231803997e-11,4.370948711398985e-08,724.5408342364842,False
SPARC,UGC05986,5.02,2.027219807626201e-11,3.911426151999944e-08,923.8201794796804,False
SPARC,UGC05986,5.65,1.6880169937174096e-11,3.509629611473268e-08,992.3111075037762,False
SPARC,UGC05986,6.28,1.3864008388049129e-11,3.177136552405204e-08,1009.0704650181646,False
SPARC,UGC05986,6.9,1.1823988169158423e-11,2.903734942498082e-08,1050.5151475586208,False
SPARC,UGC05986,7.54,9.670082236442902e-12,2.6675904697707162e-08,1010.527439908821,False
SPARC,UGC05986,8.16,8.017292594955135e-12,2.4793408044779942e-08,961.7202328720932,False
SPARC,UGC05986,8.79,7.015130398846067e-12,2.316767706783155e-08,977.7761187189167,False
SPARC,UGC05986,9.41,6.718625716680073e-12,2.1705970615288802e-08,1121.2575444660185,False
SPARC,UGC06399,0.87,8.018229954483766e-12,3.767450356747325e-08,7.175200242491704,False
SPARC,UGC06399,1.74,1.0518909311319106e-11,3.490602536132028e-08,46.515441465161224,False
SPARC,UGC06399,2.61,9.575783868810557e-12,3.190493013671091e-08,99.53297008074296,False
SPARC,UGC06399,3.5,1.0090005667625966e-11,2.8900372515002646e-08,213.77830909408794,False
SPARC,UGC06399,4.37,9.307294156962612e-12,2.600343134988687e-08,328.35086851915713,False
SPARC,UGC06399,5.24,8.723604526115276e-12,2.3310558985619645e-08,478.1375790325752,False
SPARC,UGC06399,6.11,7.943041040041235e-12,2.0821434619774187e-08,632.6634283656067,False
SPARC,UGC06399,6.98,7.011061288969066e-12,1.858807456368285e-08,767.3160128033362,False
SPARC,UGC06399,7.85,6.166694371241341e-12,1.6620007709990724e-08,895.719410255906,False
SPARC,UGC06446,0.58,1.2734656186747882e-11,3.7544896690848624e-08,6.390438502352914,False
SPARC,UGC06446,1.16,1.2252584679892532e-11,3.5057039538089164e-08,25.85080323850241,False
SPARC,UGC06446,1.74,9.54562972128406e-12,3.288669812645484e-08,42.6968499556788,False
SPARC,UGC06446,2.33,7.809033934310101e-12,3.11289875881703e-08,59.903075129658895,False
SPARC,UGC06446,2.91,7.84643839104498e-12,2.9570248909805003e-08,99.09153533338916,False
SPARC,UGC06446,3.49,7.3944791402998e-12,2.805278542124532e-08,137.49588903198915,False
SPARC,UGC06446,4.07,5.981565655917406e-12,2.672099817432572e-08,142.91358235176008,False
SPARC,UGC06446,4.65,5.887255064076355e-12,2.55392778443121e-08,190.61853013014388,False
SPARC,UGC06446,5.23,6.115573284029424e-12,2.4344215031312775e-08,267.86262783527866,False
SPARC,UGC06446,5.81,6.0642940216426695e-12,2.3131525316677964e-08,343.5946226608912,False
SPARC,UGC06446,6.4,6.165601587109053e-12,2.189286020508455e-08,451.66559787442725,False
SPARC,UGC06446,6.98,6.213397092947969e-12,2.0660343955109307e-08,576.018061484107,False
SPARC,UGC06446,7.62,6.305019891540524e-12,1.9285008840633752e-08,751.9151416883374,False
SPARC,UGC06446,8.28,5.817218003077418e-12,1.7911580888730874e-08,847.3286744000957,False
SPARC,UGC06446,8.9,4.736044630596128e-12,1.6788379635027237e-08,767.4363916166059,False
SPARC,UGC06446,9.52,4.423329780040829e-12,1.581353221785581e-08,841.5497597712565,False
SPARC,UGC06446,10.22,4.211106026703631e-12,1.4775977167291269e-08,964.3034930189843,False
SPARC,UGC06614,3.23,4.39994637782956e-10,9.915089554561253e-07,1317.319689328018,False
SPARC,UGC06614,9.18,8.861953478384533e-11,4.5158212144049026e-07,2451.1996764670407,False
SPARC,UGC06614,10.64,6.968068425931765e-11,4.1190743388595225e-07,2531.6469067934536,False
SPARC,UGC06614,11.58,6.167426240564145e-11,3.907114573671285e-07,2639.3053959143417,False
SPARC,UGC06614,12.52,5.5967461904605315e-11,3.7172830302522125e-07,2809.2106406610283,False
SPARC,UGC06614,13.57,5.220651951749628e-11,3.5223024954328325e-07,3144.8171359403214,False
SPARC,UGC06614,15.76,4.3565369566426206e-11,3.16225374134269e-07,3612.76915202664,False
SPARC,UGC06614,24.94,1.9044053433663236e-11,2.1756073624614748e-07,3804.528572920375,False
SPARC,UGC06614,26.3,1.7191360701447118e-11,2.09101107947511e-07,3774.459470911921,False
SPARC,UGC06614,34.96,1.0397958246114261e-11,1.680865518414762e-07,3897.9982769843596,False
SPARC,UGC06614,36.84,9.501560025552997e-12,1.616644149866229e-07,3930.249156359496,False
SPARC,UGC06614,47.38,6.861115413961143e-12,1.3205880111206537e-07,4883.336843489468,False
SPARC,UGC06614,64.59,4.448438230884903e-12,9.864656983073923e-08,6337.878848400468,False
SPARC,UGC06667,0.87,8.918922607244175e-13,1.758072771239909e-08,0.57218128958069,False
SPARC,UGC06667,1.74,1.1186425100428745e-12,1.7280459067072013e-08,3.2705585614736594,False
SPARC,UGC06667,2.61,2.2039403812242993e-12,1.6784239116910707e-08,20.944937444093238,False
SPARC,UGC06667,3.5,3.69178280222836e-12,1.588348504377754e-08,86.25619312102408,False
SPARC,UGC06667,4.37,3.755281553131677e-12,1.4771283475239562e-08,148.3592552557311,False
SPARC,UGC06667,5.24,4.345416845862048e-12,1.3561463197652027e-08,289.21592305473933,False
SPARC,UGC06667,6.11,4.13666063446183e-12,1.2294684850116073e-08,402.95316897396833,False
SPARC,UGC06667,6.98,4.248827401786251e-12,1.1042331909167079e-08,609.5898547489663,False
SPARC,UGC06667,7.85,3.658949632724216e-12,9.861323984198512e-09,690.119237380925,False
SPARC,UGC06786,0.16,2.0306674659027495e-09,1.4370058268718541e-06,11.648454030531697,False
SPARC,UGC06786,0.32,2.4164353816808067e-09,1.3148606564492573e-06,62.9556313409571,False
SPARC,UGC06786,0.49,1.9009904711939346e-09,1.1888657603165056e-06,129.70226126474915,False
SPARC,UGC06786,0.65,1.5275628627803172e-09,1.094696309859833e-06,198.33114476923322,False
SPARC,UGC06786,1.3,7.586816939843442e-10,8.395935337097791e-07,474.4966087113631,False
SPARC,UGC06786,1.46,6.631512659632915e-10,8.00541135967362e-07,534.5145394857644,False
SPARC,UGC06786,1.62,5.866662902862819e-10,7.662133536701279e-07,592.2752892459781,False
SPARC,UGC06786,3.72,2.0267719403868014e-10,4.816595030924719e-07,1222.1201873686393,False
SPARC,UGC06786,3.89,1.9305523297163914e-10,4.701108934031294e-07,1279.5876049457213,False
SPARC,UGC06786,4.05,1.8486760248862567e-10,4.597307761164406e-07,1335.044375091853,False
SPARC,UGC06786,4.22,1.779416298701205e-10,4.4914295987945615e-07,1406.7191200395068,False
SPARC,UGC06786,4.26,1.7652080688728859e-10,4.4670902276185225e-07,1425.325113819529,False
SPARC,UGC06786,4.38,1.725543589157605e-10,4.3951818744524646e-07,1483.721729367124,False
SPARC,UGC06786,4.54,1.6827093500519281e-10,4.301569999402335e-07,1573.0555851168906,False
SPARC,UGC06786,4.71,1.64977724805888e-10,4.2043184617729886e-07,1686.0347176038276,False
SPARC,UGC06786,4.86,1.6232379176281302e-10,4.120039646811086e-07,1791.7320200119402,False
SPARC,UGC06786,5.02,1.592577594482364e-10,4.0317133032933497e-07,1902.8619014858557,False
SPARC,UGC06786,5.18,1.5557319893654137e-10,3.945241093443034e-07,2003.8936543484542,False
SPARC,UGC06786,5.35,1.5137160639793674e-10,3.8556657766119307e-07,2104.590369162331,False
SPARC,UGC06786,5.51,1.4705125703098497e-10,3.773700252627408e-07,2189.1343788234667,False
SPARC,UGC06786,5.68,1.4203816456215844e-10,3.689335649996299e-07,2264.6108185338394,False
SPARC,UGC06786,5.84,1.3733980450967719e-10,3.6126010413889424e-07,2329.875974594358,False
SPARC,UGC06786,6.0,1.3279379785426437e-10,3.538405512235524e-07,2392.4088004316604,False
SPARC,UGC06786,6.15,1.2882846506339605e-10,3.471038839091119e-07,2453.041459198274,False
SPARC,UGC06786,6.48,1.209135479066311e-10,3.3295622139170603e-07,2591.252167549364,False
SPARC,UGC06786,6.64,1.1718271618524769e-10,3.264166135276134e-07,2652.3482734459153,False
SPARC,UGC06786,6.81,1.1325703747036363e-10,3.1969171915395243e-07,2711.3038932704762,False
SPARC,UGC06786,7.1,1.0684344540819111e-10,3.0873455578450105e-07,2803.80142715817,False
SPARC,UGC06786,7.13,1.0615682619418669e-10,3.0763762163855465e-07,2811.0791802487106,False
SPARC,UGC06786,8.52,7.69539195965755e-11,2.639450330531362e-07,2915.9263883653994,False
SPARC,UGC06786,10.66,5.242479216890804e-11,2.1641635451505547e-07,3153.562378473315,False
SPARC,UGC06786,11.99,4.321415624478762e-11,1.9458073204489684e-07,3329.0994591798844,False
SPARC,UGC06786,12.1,4.2583132034248866e-11,1.9296061873270313e-07,3344.8660383329243,False
SPARC,UGC06786,12.33,4.127872657996973e-11,1.8964952509264693e-07,3373.8318411080213,False
SPARC,UGC06786,12.78,3.894368473568717e-11,1.834524412875212e-07,3435.593248915681,False
SPARC,UGC06786,14.93,2.9992157428079e-11,1.5800977104312884e-07,3685.948922837465,False
SPARC,UGC06786,17.08,2.3540771116058348e-11,1.38251970087721e-07,3836.9753483907157,False
SPARC,UGC06786,19.23,1.8835659442679723e-11,1.2261178183443133e-07,3926.11445462281,False
SPARC,UGC06786,21.27,1.5383422656104854e-11,1.106284477597802e-07,3928.8936314829903,False
SPARC,UGC06786,23.42,1.2784617013299826e-11,1.0023225729855274e-07,3982.514538895423,False
SPARC,UGC06786,25.57,1.065520579380279e-11,9.158114543063156e-08,3951.9967325518733,False
SPARC,UGC06786,27.72,8.9569952208977e-12,8.434272275352329e-08,3885.3657535302195,False
SPARC,UGC06786,29.87,7.665107688504218e-12,7.820787809481021e-08,3850.335822148531,False
SPARC,UGC06786,32.02,6.641106161388583e-12,7.292777604624339e-08,3825.3694468037497,False
SPARC,UGC06786,34.05,5.865495972707936e-12,6.85695021937073e-08,3817.7431194215183,False
SPARC,UGC06787,0.12,6.069087536018187e-09,2.989374282396606e-06,9.302794592483405,False
SPARC,UGC06787,0.24,7.340073789094082e-09,2.7131499036131407e-06,52.34508257214858,False
SPARC,UGC06787,0.35,6.227882938297489e-09,2.4569456837102333e-06,109.82609049716966,False
SPARC,UGC06787,0.47,5.006062242072944e-09,2.225530052747247e-06,182.3652632300919,False
SPARC,UGC06787,0.59,4.0572048137438105e-09,2.038829687859164e-06,259.7188895189827,False
SPARC,UGC06787,0.71,3.372290756601397e-09,1.8857844862364641e-06,342.0180483804897,False
SPARC,UGC06787,0.83,2.843855956082575e-09,1.7577338779614803e-06,424.7075709914133,False
SPARC,UGC06787,0.94,2.4655425040143155e-09,1.6574763139115738e-06,500.5762966941465,False
SPARC,UGC06787,1.06,2.166712836003281e-09,1.5620533547391407e-06,592.7668251758439,False
SPARC,UGC06787,1.18,1.934739699558547e-09,1.4775647613605428e-06,691.5392567513117,False
SPARC,UGC06787,1.3,1.7413053840696212e-09,1.4018394236614902e-06,792.389543012752,False
SPARC,UGC06787,1.42,1.5798545712083835e-09,1.3334246046251096e-06,896.1936130214368,False
SPARC,UGC06787,1.53,1.4485240030565278e-09,1.2762396219649103e-06,989.1192606357732,False
SPARC,UGC06787,1.66,1.3161356499580452e-09,1.2145426044251844e-06,1100.650542907643,False
SPARC,UGC06787,1.89,1.1198519882083934e-09,1.1183632052409536e-06,1290.2286053014495,False
SPARC,UGC06787,2.01,1.0323554722383855e-09,1.0740284288622321e-06,1382.4466527049299,False
SPARC,UGC06787,2.13,9.537166384092533e-10,1.0331159868621939e-06,1469.9520440119586,False
SPARC,UGC06787,2.24,8.883655665740518e-10,9.983318816496541e-07,1545.5031234636213,False
SPARC,UGC06787,3.1,5.425537402044703e-10,7.870838172119281e-07,2029.524049312201,False
SPARC,UGC06787,3.79,3.87069126839726e-10,6.769717204762498e-07,2259.5661691846017,False
SPARC,UGC06787,3.9,3.682964645817918e-10,6.627081245656772e-07,2285.73573662789,False
SPARC,UGC06787,4.14,3.328945690428176e-10,6.338195083464415e-07,2348.1915083809586,False
SPARC,UGC06787,4.25,3.183330075046696e-10,6.215223543548038e-07,2374.0253060906466,False
SPARC,UGC06787,4.37,3.0366395748029373e-10,6.087094184006058e-07,2402.257181125608,False
SPARC,UGC06787,4.49,2.901714139932996e-10,5.964766021485e-07,2431.0513202136144,False
SPARC,UGC06787,4.61,2.77659854070276e-10,5.847794620014165e-07,2459.5471449833008,False
SPARC,UGC06787,4.72,2.670422730615789e-10,5.744938319419153e-07,2486.406170998495,False
SPARC,UGC06787,5.16,2.3157401128479451e-10,5.368322742796782e-07,2606.779859852104,False
SPARC,UGC06787,5.43,2.1403947357239e-10,5.161784141047089e-07,2687.743630704197,False
SPARC,UGC06787,5.56,2.0645778293862612e-10,5.06794464589593e-07,2727.789971478034,False
SPARC,UGC06787,5.67,2.00358907194903e-10,4.991125302472816e-07,2760.8610582404376,False
SPARC,UGC06787,5.79,1.9399915330101767e-10,4.909888819714767e-07,2795.792237534652,False
SPARC,UGC06787,5.91,1.8755188712522206e-10,4.831290541596847e-07,2821.219500308527,False
SPARC,UGC06787,6.03,1.8162307352856678e-10,4.7552416958140563e-07,2850.397894474959,False
SPARC,UGC06787,6.2,1.7381758761972497e-10,4.6515138943211446e-07,2893.2741520298578,False
SPARC,UGC06787,6.5,1.6122382696285936e-10,4.4789702796125777e-07,2965.037983304502,False
SPARC,UGC06787,6.85,1.4860623157026374e-10,4.292816980634637e-07,3055.6668896098554,False
SPARC,UGC06787,6.98,1.4438276780539262e-10,4.2274326306524744e-07,3090.597168516307,False
SPARC,UGC06787,7.09,1.4104060918408297e-10,4.1735360306611056e-07,3122.6076294138275,False
SPARC,UGC06787,7.21,1.3759889503866982e-10,4.116137195571904e-07,3159.4686815289733,False
SPARC,UGC06787,7.22,1.373360997857101e-10,4.11141755239227e-07,3163.140464256298,False
SPARC,UGC06787,7.33,1.3435113405488222e-10,4.060114753303016e-07,3198.2323883824715,False
SPARC,UGC06787,7.45,1.3120953136014017e-10,4.005410116633299e-07,3236.1936535859245,False
SPARC,UGC06787,7.56,1.2836955193274842e-10,3.9563937040117117e-07,3268.4102376585756,False
SPARC,UGC06787,8.26,1.1091144749634154e-10,3.6688622253853283e-07,3399.7855715164683,False
SPARC,UGC06787,8.98,9.559546739919336e-11,3.413623693018585e-07,3472.3788768982345,False
SPARC,UGC06787,9.09,9.352252346336364e-11,3.3779124740841026e-07,3481.4102965245875,False
SPARC,UGC06787,9.3,8.972667798165159e-11,3.311852175973131e-07,3496.6963848643927,False
SPARC,UGC06787,10.32,7.382187388145537e-11,3.0254831657315284e-07,3532.2783725237296,False
SPARC,UGC06787,11.38,6.199255542315048e-11,2.7783500628338567e-07,3610.0463779651236,False
SPARC,UGC06787,12.4,5.306629292230995e-11,2.5768851880619463e-07,3667.212904171005,False
SPARC,UGC06787,13.41,4.625123761009298e-11,2.404687851395646e-07,3745.017583095491,False
SPARC,UGC06787,14.43,4.0555719713526136e-11,2.2526912597556467e-07,3804.595094358402,False
SPARC,UGC06787,15.44,3.5855177467787446e-11,2.120209582891844e-07,3849.7652779636796,False
SPARC,UGC06787,16.57,3.154889686525865e-11,1.9894589691706704e-07,3902.1195870562988,False
SPARC,UGC06787,17.58,2.8374319414793932e-11,1.8855637334294108e-07,3953.9954938704004,False
SPARC,UGC06787,18.6,2.559753344980118e-11,1.7910605054297132e-07,3993.4215575023,False
SPARC,UGC06787,19.61,2.3181294802758708e-11,1.7064874772264668e-07,4015.3416380977937,False
SPARC,UGC06787,20.62,2.1201064369936317e-11,1.6295370737726494e-07,4066.716608529938,False
SPARC,UGC06787,21.64,1.9578797873555048e-11,1.5581326580476344e-07,4157.432371249912,False
SPARC,UGC06787,22.77,1.809273351808595e-11,1.4850573150804414e-07,4290.687141223377,False
SPARC,UGC06787,23.78,1.695267652596301e-11,1.424295370642095e-07,4425.999876381262,False
SPARC,UGC06787,24.79,1.5861479851617878e-11,1.3674019873402678e-07,4534.316548833681,False
SPARC,UGC06787,25.81,1.4775750771671477e-11,1.3137570402576503e-07,4599.298355681082,False
SPARC,UGC06787,26.82,1.3776281039055582e-11,1.2642533543739722e-07,4645.540758332637,False
SPARC,UGC06787,27.84,1.286161629965397e-11,1.217611129732395e-07,4687.804524109397,False
SPARC,UGC06787,29.41,1.1565220928665102e-11,1.1517777677031964e-07,4714.419368133053,False
SPARC,UGC06787,30.99,1.0379658104171012e-11,1.09225687696328e-07,4691.535684696742,False
SPARC,UGC06787,32.57,9.368226412844079e-12,1.0386948739591632e-07,4670.979108926198,False
SPARC,UGC06787,34.03,8.593126399083123e-12,9.936784447225283e-08,4681.291049997818,False
SPARC,UGC06787,37.19,7.114994031231794e-12,9.084684676282604e-08,4604.396804666203,False
SPARC,UGC06818,0.87,1.4388825368012021e-11,3.060003307690131e-08,21.176717509818374,False
SPARC,UGC06818,1.74,1.4270307834376842e-11,2.6319858852585137e-08,97.33223467620384,False
SPARC,UGC06818,2.61,1.0982487578119986e-11,2.2548413175802102e-08,172.89483375052885,False
SPARC,UGC06818,3.5,8.975308612134094e-12,1.949924250585127e-08,265.91084580414525,False
SPARC,UGC06818,4.37,7.321890423850379e-12,1.7065294111467986e-08,349.28779660953506,False
SPARC,UGC06818,5.24,6.625685125389472e-12,1.498225646563358e-08,492.64341928989575,False
SPARC,UGC06818,6.11,5.651527376125628e-12,1.3148683617343209e-08,601.5159958964,False
SPARC,UGC06818,6.98,4.833354644123124e-12,1.158279111629841e-08,705.051087314394,False
SPARC,UGC06917,1.74,2.946559833479184e-11,7.962955581963451e-08,94.85899234160175,False
SPARC,UGC06917,2.61,2.1677387036249003e-11,7.199147108783732e-08,149.58947165730754,False
SPARC,UGC06917,3.5,1.8015392068831723e-11,6.59271713674528e-08,223.02371424444146,False
SPARC,UGC06917,4.37,1.6653838605318236e-11,6.074940320327122e-08,335.7404454396143,False
SPARC,UGC06917,5.24,1.4796534233948894e-11,5.6052363895727056e-08,438.64582995025063,False
SPARC,UGC06917,6.11,1.3283869972914114e-11,5.185862148747529e-08,548.8442254053468,False
SPARC,UGC06917,6.98,1.2430526885766638e-11,4.80182367189929e-08,700.7088869185812,False
SPARC,UGC06917,7.85,1.1319732016596506e-11,4.447119134058429e-08,832.1273555007257,False
SPARC,UGC06917,8.72,1.0278738233467074e-11,4.124551054290838e-08,958.4597910888331,False
SPARC,UGC06917,9.6,9.837955370133431e-12,3.820659649252307e-08,1174.7973516366992,False
SPARC,UGC06917,10.47,9.812341923639409e-12,3.527187074966823e-08,1508.36620738446,False
SPARC,UGC06930,1.74,2.5785282766666088e-11,9.479654653990357e-08,65.3298943454745,False
SPARC,UGC06930,3.5,1.689333844435281e-11,8.190211525761523e-08,163.0731742670518,False
SPARC,UGC06930,5.24,1.4120829278222426e-11,7.263832906161681e-08,315.61603443532067,False
SPARC,UGC06930,6.98,1.296680807109572e-11,6.454737904150165e-08,555.3261544940561,False
SPARC,UGC06930,8.72,1.1650648187502127e-11,5.719426050841926e-08,834.0319040423079,False
SPARC,UGC06930,10.47,1.0660533258136639e-11,5.049171516813706e-08,1193.2665990726712,False
SPARC,UGC06930,12.19,9.750551656823879e-12,4.4465096950137363e-08,1607.9406843432268,False
SPARC,UGC06930,13.94,8.353157671945297e-12,3.902652647824136e-08,1900.7133632772125,False
SPARC,UGC06930,15.68,6.464044419666928e-12,3.460069782382022e-08,1846.7465774301943,False
SPARC,UGC06930,16.61,5.726180728501544e-12,3.2654558988187046e-08,1830.8624377280369,False
SPARC,UGC06983,1.74,3.082186819245798e-11,7.884224630173328e-08,102.43822987765104,False
SPARC,UGC06983,2.61,2.4774260825107377e-11,7.053909502663105e-08,186.31513251818444,False
SPARC,UGC06983,3.5,1.728358521592371e-11,6.411345817940024e-08,215.55211555723642,False
SPARC,UGC06983,4.37,1.3471898370703118e-11,5.95201989494635e-08,249.53287160347838,False
SPARC,UGC06983,5.24,1.1978172589273032e-11,5.571929063305889e-08,321.60683980534486,False
SPARC,UGC06983,6.11,1.0334619201177636e-11,5.238692759124645e-08,373.02241485486684,False
SPARC,UGC06983,6.98,9.922322968931009e-12,4.936160086110182e-08,486.2851227194477,False
SPARC,UGC06983,7.85,1.0025691529769194e-11,4.6382411753020046e-08,665.0983168072914,False
SPARC,UGC06983,8.72,8.865910281886272e-12,4.356099539826608e-08,727.0421256516506,False
SPARC,UGC06983,9.6,8.096416112089478e-12,4.099859359299881e-08,817.3726392610334,False
SPARC,UGC06983,10.47,8.048859337322525e-12,3.8587334629406076e-08,1024.2499468823396,False
SPARC,UGC06983,11.35,7.6876996797575e-12,3.621010250348839e-08,1197.7057708306666,False
SPARC,UGC06983,12.19,7.144489891295195e-12,3.407133440632715e-08,1315.7611788276113,False
SPARC,UGC06983,13.12,6.654782431090015e-12,3.186831522959711e-08,1465.2666395788501,False
SPARC,UGC06983,13.94,6.085910805855822e-12,3.007487851915119e-08,1533.140149871195,False
SPARC,UGC06983,14.86,5.470952525891326e-12,2.82496932771795e-08,1581.0347761733235,False
SPARC,UGC06983,15.68,4.9744477080267276e-12,2.6779352230078065e-08,1610.1431342072894,False
SPARC,UGC07089,0.87,7.519960138731696e-12,4.676900659194231e-08,5.250776099625498,False
SPARC,UGC07089,1.74,1.1545893642975695e-11,4.392156611477384e-08,42.49398313389616,False
SPARC,UGC07089,2.61,1.2943823345904268e-11,4.0264084408109225e-08,123.79973899086947,False
SPARC,UGC07089,3.5,1.1854845641679617e-11,3.64753206884113e-08,215.5939183155653,False
SPARC,UGC07089,4.37,1.0841091588105314e-11,3.308573577523165e-08,324.2833523195984,False
SPARC,UGC07089,5.24,1.0009542965054817e-11,2.997174248224423e-08,456.92648692735116,False
SPARC,UGC07089,6.11,8.962463172317154e-12,2.7138317930311896e-08,581.676892873619,False
SPARC,UGC07089,6.55,8.487783531201023e-12,2.5820263359939557e-08,647.6954041939063,False
SPARC,UGC07089,6.98,8.07449236932844e-12,2.4597710589110257e-08,716.5529703053681,False
SPARC,UGC07089,7.85,7.304045243614653e-12,2.230096212034955e-08,860.3996987176846,False
SPARC,UGC07089,8.72,6.559992127375302e-12,2.0230400705208042e-08,996.4913821149908,False
SPARC,UGC07089,9.16,6.128062440564676e-12,1.927204472339632e-08,1042.3279422582139,False
SPARC,UGC07125,1.44,1.0419022145540224e-11,4.920999269918991e-08,22.274398731089782,False
SPARC,UGC07125,2.88,1.0726790402602299e-11,4.39828300511784e-08,104.20134264130579,False
SPARC,UGC07125,4.33,7.657702872216964e-12,3.940669524124421e-08,158.82101655710508,False
SPARC,UGC07125,5.76,6.197668563674575e-12,3.600548597150911e-08,224.14502168535128,False
SPARC,UGC07125,7.2,4.590900094349222e-12,3.3338593744675134e-08,241.2958757395886,False
SPARC,UGC07125,8.64,4.3849204762493866e-12,3.111980579717639e-08,347.58641907857606,False
SPARC,UGC07125,10.08,4.237342069372004e-12,2.8988416018835625e-08,482.61245726716106,False
SPARC,UGC07125,11.47,4.178938839072059e-12,2.6980182708638983e-08,657.7557703068052,False
SPARC,UGC07125,13.0,4.824686235251701e-12,2.461541777637712e-08,1149.3344593336699,False
SPARC,UGC07125,14.42,4.462189336677237e-12,2.235162267989483e-08,1385.5279106525197,False
SPARC,UGC07125,15.84,3.817279041648333e-12,2.0333396014622467e-08,1454.2973676851102,False
SPARC,UGC07125,17.26,3.5673928559272893e-12,1.853328747420084e-08,1711.7953176381773,False
SPARC,UGC07125,18.68,2.65334961536252e-12,1.701690166781064e-08,1400.5378756378873,False
SPARC,UGC07151,0.5,1.9899159383438574e-11,5.0747227997571845e-08,6.839917779277712,False
SPARC,UGC07151,1.0,2.3869193412100522e-11,4.6990503469157525e-08,38.766626606835985,False
SPARC,UGC07151,1.5,2.2004985357926628e-11,4.305303172076243e-08,84.38649343979885,False
SPARC,UGC07151,2.0,2.0855698076173115e-11,3.93742142538667e-08,151.50704581127448,False
SPARC,UGC07151,2.49,1.8746324242288963e-11,3.6043076535997954e-08,218.90605783235387,False
SPARC,UGC07151,3.0,1.6553670515152268e-11,3.2952610602467866e-08,288.75670398937916,False
SPARC,UGC07151,3.49,1.3877586143104048e-11,3.0392874989945775e-08,325.6327182986091,False
SPARC,UGC07151,4.0,1.3608511871711728e-11,2.798650495663151e-08,451.28404903078854,False
SPARC,UGC07151,4.49,1.2573334413626633e-11,2.5784209958078535e-08,548.451083172654,False
SPARC,UGC07151,5.01,1.1847950449881646e-11,2.3604237549650476e-08,682.6333684485601,False
SPARC,UGC07151,5.5,1.146188684289996e-11,2.1643522574567768e-08,854.0393501641202,False
SPARC,UGC07323,0.58,1.3587006283848997e-11,5.925689226323377e-08,4.460441291403973,False
SPARC,UGC07323,1.17,1.7053414109909923e-11,5.6153577160597495e-08,26.903399704232108,False
SPARC,UGC07323,1.75,1.7177446916383587e-11,5.2745378035936407e-08,64.80601822723604,False
SPARC,UGC07323,2.33,1.6287194906653536e-11,4.941346760339531e-08,113.31307269034664,False
SPARC,UGC07323,2.91,1.6333529289304392e-11,4.616558191436529e-08,190.07580401283283,False
SPARC,UGC07323,3.5,1.6180927192523652e-11,4.287246117524449e-08,292.0982407199291,False
SPARC,UGC07323,4.07,1.649214624729201e-11,3.967545122238868e-08,439.3465986956508,False
SPARC,UGC07323,4.65,1.7269838935328428e-11,3.631393576831227e-08,671.5940893361611,False
SPARC,UGC07323,5.23,1.6401522638342622e-11,3.296144326298547e-08,866.8946316005423,False
SPARC,UGC07323,5.82,1.4908792227988607e-11,2.979028008231402e-08,1030.182145670676,False
SPARC,UGC07399,0.61,2.748640124939924e-11,3.576110793951067e-08,23.371838980562067,False
SPARC,UGC07399,1.22,2.2062718034632086e-11,3.057257093819506e-08,78.89420837282233,False
SPARC,UGC07399,1.84,1.5821451907145184e-11,2.654049586803131e-08,125.93610387349177,False
SPARC,UGC07399,2.45,1.3030014117530404e-11,2.3519314035250005e-08,188.59481632913702,False
SPARC,UGC07399,3.07,1.1212870436992832e-11,2.0939103604577306e-08,265.78708603342074,False
SPARC,UGC07399,3.68,9.351231652536781e-12,1.878573324942061e-08,324.48870558935386,False
SPARC,UGC07399,4.3,7.773027213802761e-12,1.6963169963063463e-08,372.0928430282997,False
SPARC,UGC07399,4.91,7.0845903803820515e-12,1.540735424418206e-08,464.95899822053923,False
SPARC,UGC07399,5.52,6.7339078466578295e-12,1.3960349930288688e-08,601.1920548523466,False
SPARC,UGC07399,6.13,5.999690912803056e-12,1.262695088550159e-08,689.5880478457796,False
SPARC,UGC07524,0.35,1.1016719005591273e-11,4.233710015803548e-08,1.6615945697375414,False
SPARC,UGC07524,0.69,7.496666936365073e-12,4.125655252696537e-08,3.7265184165040197,False
SPARC,UGC07524,1.03,6.281965904504704e-12,4.045235230544644e-08,6.500538668197558,False
SPARC,UGC07524,1.38,5.32295767319987e-12,3.975510078033476e-08,9.265887931990017,False
SPARC,UGC07524,1.72,5.132812184712178e-12,3.9144841944571124e-08,13.84452859956887,False
SPARC,UGC07524,2.07,5.146453795660019e-12,3.8527239094035095e-08,20.45659593382349,False
SPARC,UGC07524,2.41,5.065742790632299e-12,3.793119659462753e-08,27.507439080686293,False
SPARC,UGC07524,2.76,5.486481994846418e-12,3.729719372716086e-08,41.352897252774866,False
SPARC,UGC07524,3.1,5.644955586969363e-12,3.6647499038833914e-08,55.412769960447044,False
SPARC,UGC07524,3.45,5.832051456939606e-12,3.5957933044581507e-08,73.45683504616896,False
SPARC,UGC07524,3.79,6.013810661908974e-12,3.526654043327658e-08,94.64894614888783,False
SPARC,UGC07524,4.14,6.2558007271263e-12,3.4529352876956236e-08,122.38489377565797,False
SPARC,UGC07524,4.48,6.298753670069986e-12,3.379659691024311e-08,147.94365257752153,False
SPARC,UGC07524,4.82,6.175113985555284e-12,3.3068550285610185e-08,169.9166509137494,False
SPARC,UGC07524,5.17,6.045891279045202e-12,3.233428310133408e-08,193.71182576409427,False
SPARC,UGC07524,5.51,5.721951380174729e-12,3.164744415420185e-08,207.01468258553012,False
SPARC,UGC07524,5.86,5.388540228993618e-12,3.097989928263403e-08,218.63114850826776,False
SPARC,UGC07524,6.2,5.277949877391878e-12,3.03573416018066e-08,242.13335827088082,False
SPARC,UGC07524,6.55,5.286008381137646e-12,2.9722633759255452e-08,276.67034997918626,False
SPARC,UGC07524,6.89,5.351311637443632e-12,2.9101778612441713e-08,318.5068706401752,False
SPARC,UGC07524,7.25,5.423483477240659e-12,2.8435906747323885e-08,368.27547732426166,False
SPARC,UGC07524,7.58,5.537721799921596e-12,2.7814964234684202e-08,424.65432060377384,False
SPARC,UGC07524,7.94,5.670727437269169e-12,2.7122292966302006e-08,495.20921832130017,False
SPARC,UGC07524,8.27,5.832362105594402e-12,2.647065319282318e-08,574.2004364119952,False
SPARC,UGC07524,8.63,5.9984764893918486e-12,2.5739518867084093e-08,670.7697746029742,False
SPARC,UGC07524,8.97,6.063377740683808e-12,2.5035519714498823e-08,757.2392560884717,False
SPARC,UGC07524,9.3,6.108466825194022e-12,2.43459955648195e-08,846.4697783301083,False
SPARC,UGC07524,9.66,6.1020240724201705e-12,2.3591399095795424e-08,941.0933028724979,False
SPARC,UGC07524,9.99,6.078186825909406e-12,2.290140100083702e-08,1030.8457233102665,False
SPARC,UGC07524,10.35,6.040890562098507e-12,2.2152453797853795e-08,1133.4953694634492,False
SPARC,UGC07524,10.69,5.846756308103827e-12,2.1458622388252777e-08,1188.7074098750986,False
SPARC,UGC07577,0.19,4.4455816321280646e-13,3.1645383328222395e-09,0.05336171353976884,False
SPARC,UGC07577,0.38,1.3166433416357339e-12,3.1070947138908173e-09,1.1076074417866637,False
SPARC,UGC07577,0.57,2.246610543841448e-12,2.990875077585849e-09,5.768199985743564,False
SPARC,UGC07577,0.75,3.317924960169825e-12,2.818933634842279e-09,19.008173548503642,False
SPARC,UGC07577,0.94,3.5194725177864123e-12,2.5959240279772417e-09,35.420837005325666,False
SPARC,UGC07577,1.13,3.4561749603683247e-12,2.368405237860425e-09,54.60076903538237,False
SPARC,UGC07577,1.32,3.661145190322679e-12,2.1362656300848872e-09,90.05332293014871,False
SPARC,UGC07577,1.51,3.409260107583647e-12,1.9056562043573255e-09,118.72431012773234,False
SPARC,UGC07577,1.69,2.9459038500912322e-12,1.709284726636166e-09,133.20438021615402,False
SPARC,UGC07603,0.34,2.030639418387755e-11,1.9946005229393427e-08,8.292185569014809,False
SPARC,UGC07603,0.68,2.0496446825795877e-11,1.7564516865667662e-08,38.20564125388971,False
SPARC,UGC07603,1.02,1.695423375838342e-11,1.537867985486518e-08,74.00459244363235,False
SPARC,UGC07603,1.37,1.3932424781120958e-11,1.3522935641809992e-08,113.27941795498394,False
SPARC,UGC07603,1.71,1.3751155283838615e-11,1.1907162765226678e-08,196.5921718798069,False
SPARC,UGC07603,2.05,1.1997177596671431e-11,1.0404342039441072e-08,263.7412614123356,False
SPARC,UGC07603,2.39,9.407448701252641e-12,9.15504500038637e-09,283.2091531416095,False
SPARC,UGC07603,2.74,7.05367913115672e-12,8.166021125360053e-09,271.2072327217429,False
SPARC,UGC07603,3.08,5.722823754160383e-12,7.420310968969771e-09,275.75379605692586,False
SPARC,UGC07603,3.42,5.062553517722587e-12,6.790814349719847e-09,309.2011394348261,False
SPARC,UGC07603,3.76,4.563134890168786e-12,6.229003839250523e-09,348.7449526518786,False
SPARC,UGC07603,4.11,4.0477167737897154e-12,5.711643305593907e-09,379.74202025830755,False
SPARC,UGC08286,0.47,7.959029856946419e-12,3.2923468602051584e-08,2.369460559082533,False
SPARC,UGC08286,0.95,1.0064975228566188e-11,3.143831394182332e-08,14.40653645201172,False
SPARC,UGC08286,1.42,1.0267864864618184e-11,2.9797818429022434e-08,34.996853018787455,False
SPARC,UGC08286,1.9,1.1515575329294449e-11,2.8002891188028884e-08,79.16671807287784,False
SPARC,UGC08286,2.37,1.1921899896853906e-11,2.6111907303649317e-08,139.1670243796643,False
SPARC,UGC08286,2.84,1.032740106118784e-11,2.431678777202722e-08,173.1546821741214,False
SPARC,UGC08286,3.3,9.621948346489412e-12,2.2741478923915896e-08,224.91566351450106,False
SPARC,UGC08286,3.78,9.05875701558019e-12,2.1202213011972244e-08,289.2620907502691,False
SPARC,UGC08286,4.25,8.700442379668341e-12,1.9769364143574004e-08,369.24608386598345,False
SPARC,UGC08286,4.73,8.558209866044925e-12,1.834727356546036e-08,480.89214915621665,False
SPARC,UGC08286,5.2,7.241297272233711e-12,1.707253671384365e-08,486.37257140708533,False
SPARC,UGC08286,5.67,6.370675629861699e-12,1.5974294640236824e-08,510.1597258940073,False
SPARC,UGC08286,6.15,5.3129733522917334e-12,1.5011577105926784e-08,486.5855655749066,False
SPARC,UGC08286,6.62,4.806617121577433e-12,1.4195107656126223e-08,513.1585989019837,False
SPARC,UGC08286,7.1,5.0964298833253574e-12,1.3379109417110382e-08,683.8110003969348,False
SPARC,UGC08286,7.57,4.558489566913469e-12,1.2600130584739585e-08,698.3463880835341,False
SPARC,UGC08286,8.04,4.30558811332346e-12,1.1884958498946142e-08,766.7258746593287,False
SPARC,UGC08490,0.34,3.709706231656466e-11,4.54296525697316e-08,8.915934308603775,False
SPARC,UGC08490,0.68,3.961972780813522e-11,4.095201967791776e-08,43.64101252415307,False
SPARC,UGC08490,1.02,3.481194594691037e-11,3.6607759313835526e-08,90.73458192356837,False
SPARC,UGC08490,1.36,2.9032287737744427e-11,3.2881442816046864e-08,137.20482975086054,False
SPARC,UGC08490,1.69,2.409982315382638e-11,2.9871556074157174e-08,176.83232424244932,False
SPARC,UGC08490,2.03,1.993215519418311e-11,2.7301596692094808e-08,210.4043453338643,False
SPARC,UGC08490,2.37,1.7341097522935937e-11,2.5126115391589667e-08,253.2056245114895,False
SPARC,UGC08490,2.7,1.530539038922338e-11,2.3276720939022205e-08,294.4400725268458,False
SPARC,UGC08490,3.05,1.3133229381607446e-11,2.156806074195049e-08,322.628160021601,False
SPARC,UGC08490,3.38,1.1675514317232263e-11,2.0162667515724963e-08,355.5081762363319,False
SPARC,UGC08490,3.72,1.0862929703664425e-11,1.884719435640439e-08,413.61865831937934,False
SPARC,UGC08490,4.06,1.0085790467422781e-11,1.762450661976949e-08,471.5354407722752,False
SPARC,UGC08490,4.39,8.83564589037078e-12,1.6552624108889098e-08,481.5580535849987,False
SPARC,UGC08490,4.74,7.77562533711439e-12,1.555457926009237e-08,493.4119490229634,False
SPARC,UGC08490,5.08,6.710123788532639e-12,1.4709107667209891e-08,480.62597950483956,False
SPARC,UGC08490,5.41,5.650381657492201e-12,1.4008896046764982e-08,442.40715524817716,False
SPARC,UGC08490,5.75,5.214509972867089e-12,1.3374758512451922e-08,464.15424056266977,False
SPARC,UGC08490,6.09,4.921542151234864e-12,1.2783160241587798e-08,499.57485655480394,False
SPARC,UGC08490,6.42,4.505290479848726e-12,1.2249138572239571e-08,507.53337786171056,False
SPARC,UGC08490,6.77,4.1705828024403805e-12,1.1727871384459587e-08,525.0774953177332,False
SPARC,UGC08490,7.11,3.847914675808176e-12,1.1259865775867623e-08,534.6407318145964,False
SPARC,UGC08490,7.44,3.823566799592966e-12,1.082528318549052e-08,603.1918533678071,False
SPARC,UGC08490,7.78,3.6331210266658658e-12,1.0390068017851556e-08,636.5634047251393,False
SPARC,UGC08490,8.12,3.208251364214192e-12,9.99076619627171e-09,598.4630235779096,False
SPARC,UGC08490,8.46,3.0688163003076087e-12,9.624400442528385e-09,630.9159949756441,False
SPARC,UGC08490,8.8,2.9577106603800434e-12,9.2726576845387e-09,670.4508212662593,False
SPARC,UGC08490,9.13,2.7207000584565836e-12,8.950980776717178e-09,659.6107036533442,False
SPARC,UGC08490,9.47,2.500520107712607e-12,8.646240352705173e-09,647.3431442545059,False
SPARC,UGC08490,9.77,2.3979330352545316e-12,8.393973983539712e-09,666.5137584419081,False
SPARC,UGC08490,10.15,2.3204299001021596e-12,8.086184282369672e-09,710.8723436610157,False
SPARC,UGC08550,0.49,1.0375599607061664e-11,1.76562932693015e-08,7.140108844349705,False
SPARC,UGC08550,0.97,1.2470485295686149e-11,1.5773805481470223e-08,41.24134079081668,False
SPARC,UGC08550,1.47,1.1511119066318337e-11,1.3715416815158511e-08,96.67348235870497,False
SPARC,UGC08550,1.95,9.107290310246615e-12,1.2016486603653388e-08,136.80505607229105,False
SPARC,UGC08550,2.44,6.287112485616185e-12,1.0721581121681169e-08,137.86667791517343,False
SPARC,UGC08550,2.92,4.341121525531778e-12,9.845828413181311e-09,123.45919855967799,False
SPARC,UGC08550,3.41,3.644200238845855e-12,9.174140328549437e-09,139.02466829458263,False
SPARC,UGC08550,3.89,3.3170963092899168e-12,8.600538514710364e-09,167.62276875021792,False
SPARC,UGC08550,4.39,3.6004179425691718e-12,8.00679454661972e-09,259.3134469372933,False
SPARC,UGC08550,4.88,3.891873763799589e-12,7.376577854763427e-09,390.8907744223569,False
SPARC,UGC08550,5.36,3.669904721026434e-12,6.753497107555918e-09,471.7104527737094,False
SPARC,UGC08699,0.22,2.626509768131322e-09,1.4627249062041118e-06,28.606876185195414,False
SPARC,UGC08699,0.43,2.918932897056724e-09,1.2628148423506872e-06,148.3098108635041,False
SPARC,UGC08699,0.65,2.298835407350496e-09,1.06576022536979e-06,323.61438404348115,False
SPARC,UGC08699,0.87,1.674776940279996e-09,9.156924926704463e-07,486.61616575871227,False
SPARC,UGC08699,1.08,1.2555390175280735e-09,8.100562638598007e-07,618.1823472996771,False
SPARC,UGC08699,1.31,9.539928968319932e-10,7.228179508766151e-07,744.6422378470103,False
SPARC,UGC08699,1.52,7.580903475342966e-10,6.6109832065625e-07,834.2099571757155,False
SPARC,UGC08699,1.73,6.178598710496837e-10,6.114960954302987e-07,909.6236006144537,False
SPARC,UGC08699,1.96,5.10499152356215e-10,5.669454206916652e-07,991.3005722381222,False
SPARC,UGC08699,2.17,4.397024192787163e-10,5.326911927917682e-07,1068.3837050087861,False
SPARC,UGC08699,2.39,3.8110350399128815e-10,5.016925766422154e-07,1142.0354956299316,False
SPARC,UGC08699,2.6,3.358060470637493e-10,4.758483938093049e-07,1205.001598591672,False
SPARC,UGC08699,2.83,2.924285629159178e-10,4.5104398742074684e-07,1250.0360939784778,False
SPARC,UGC08699,3.04,2.584116394449067e-10,4.311865104481215e-07,1274.1766522196826,False
SPARC,UGC08699,5.87,8.596907100238429e-11,2.6388325301436626e-07,1613.8827863100673,False
SPARC,UGC08699,6.08,8.233545743352786e-11,2.5781597019172385e-07,1663.863237494943,False
SPARC,UGC08699,6.3,7.892440896153968e-11,2.5172581835803084e-07,1719.9524968963997,False
SPARC,UGC08699,6.52,7.585567521561638e-11,2.4588038245049197e-07,1779.675711738062,False
SPARC,UGC08699,6.74,7.301192305562108e-11,2.4025823791536057e-07,1840.3930845146156,False
SPARC,UGC08699,6.95,7.050173216196661e-11,2.350846520159897e-07,1899.9604080757808,False
SPARC,UGC08699,7.16,6.829027294029995e-11,2.3008127892613413e-07,1966.3416425308637,False
SPARC,UGC08699,7.39,6.617196098536406e-11,2.247723452233038e-07,2047.440462830661,False
SPARC,UGC08699,7.6,6.463378416853156e-11,2.2005687227643435e-07,2137.132671674489,False
SPARC,UGC08699,7.82,6.319228681951451e-11,2.1522938358985417e-07,2238.450928592798,False
SPARC,UGC08699,8.03,6.196625954372218e-11,2.107174889574663e-07,2342.9033447306815,False
SPARC,UGC08699,8.26,6.071776534929137e-11,2.0587359089376558e-07,2463.152285857622,False
SPARC,UGC08699,8.47,5.96174623569391e-11,2.0153557416417537e-07,2576.056484411459,False
SPARC,UGC08699,8.68,5.842233403996824e-11,1.9728030643179313e-07,2682.9786371982573,False
SPARC,UGC08699,8.91,5.6955907095006184e-11,1.9272486052663738e-07,2787.7323849220797,False
SPARC,UGC08699,9.53,5.192656726424387e-11,1.8113631810598013e-07,2959.4451918638856,False
SPARC,UGC08699,9.78,4.980474369897305e-11,1.7677041801158346e-07,3001.987938479491,False
SPARC,UGC08699,9.99,4.799405494199516e-11,1.7324482677180077e-07,3024.894397312325,False
SPARC,UGC08699,10.21,4.606297370829788e-11,1.6969266219228318e-07,3034.5178092236397,False
SPARC,UGC08699,11.46,3.674254765458859e-11,1.519242568649643e-07,3048.494399362638,False
SPARC,UGC08699,13.39,2.7319449277173115e-11,1.3069978340440713e-07,3107.2241618953294,False
SPARC,UGC08699,15.21,2.1571112492148843e-11,1.154249824674897e-07,3188.09936546363,False
SPARC,UGC08699,17.13,1.719724656920812e-11,1.0264713229352232e-07,3238.2229964721114,False
SPARC,UGC08699,19.06,1.405375810389584e-11,9.229331644219052e-08,3294.504115672812,False
SPARC,UGC08699,20.99,1.1725620691738983e-11,8.375231292554359e-08,3355.606184980142,False
SPARC,UGC08699,22.92,9.860332314848388e-12,7.660063941156981e-08,3373.076458010573,False
SPARC,UGC08699,25.7,7.730022357384048e-12,6.820606784837302e-08,3304.912899142921,False
SPARC,UGC08837,0.52,3.0624834542480778e-12,1.698890229233237e-08,1.3445856278198862,False
SPARC,UGC08837,1.05,3.5777771251560525e-12,1.6384758752710114e-08,7.1768629405427005,False
SPARC,UGC08837,1.57,4.511463046452623e-12,1.5662670603875444e-08,23.76094452003772,False
SPARC,UGC08837,2.09,6.860779375340929e-12,1.4647524396785027e-08,84.37429299611448,False
SPARC,UGC08837,2.63,7.559267409238743e-12,1.3310807084019343e-08,170.02804114230216,False
SPARC,UGC08837,3.15,6.999557024372353e-12,1.2011209796579113e-08,240.93286978887724,False
SPARC,UGC08837,3.68,6.745323667834206e-12,1.0760674403611075e-08,347.31818914718224,False
SPARC,UGC08837,4.2,6.63418809501687e-12,9.566348771513109e-09,496.4648645780107,False
SPARC,UGC09037,2.43,1.2588110382299408e-10,4.335000771392113e-07,288.5742692917831,False
SPARC,UGC09037,3.65,9.918568474924531e-11,3.8636433074661344e-07,520.3127930449646,False
SPARC,UGC09037,4.86,7.760411163047557e-11,3.496427211069689e-07,714.4004852216706,False
SPARC,UGC09037,6.08,6.439691628187495e-11,3.1990344024005224e-07,930.9332022391383,False
SPARC,UGC09037,7.29,6.003357944599772e-11,2.94057558945115e-07,1316.671188386352,False
SPARC,UGC09037,8.51,5.1492179277832305e-11,2.7070071490430164e-07,1555.0804631264618,False
SPARC,UGC09037,9.73,4.442209014634463e-11,2.5061338568221065e-07,1765.23584187977,False
SPARC,UGC09037,10.96,3.902845275789402e-11,2.329930806837621e-07,1988.8287825570742,False
SPARC,UGC09037,12.19,3.597862029823962e-11,2.1715558630332877e-07,2341.2089654932793,False
SPARC,UGC09037,13.41,3.259457041166409e-11,2.02794300272912e-07,2620.240299974137,False
SPARC,UGC09037,14.55,2.9483410887027746e-11,1.9064583040639091e-07,2825.947522392641,False
SPARC,UGC09037,15.78,2.7103642804454075e-11,1.786976619426858e-07,3128.996017621534,False
SPARC,UGC09037,17.0,2.42171657973801e-11,1.679495429764676e-07,3265.3177419023104,False
SPARC,UGC09037,18.23,2.12469763849221e-11,1.5834994033919933e-07,3273.4874547070744,False
SPARC,UGC09037,19.46,1.8808449893451946e-11,1.4989237010292498e-07,3282.376466480677,False
SPARC,UGC09037,20.69,1.7720447310027227e-11,1.4217941476935837e-07,3579.1990486927466,False
SPARC,UGC09037,21.92,1.6019013684903288e-11,1.3505543962762517e-07,3635.1978324724887,False
SPARC,UGC09037,23.14,1.4338412154836724e-11,1.2869768273869705e-07,3599.498177375141,False
SPARC,UGC09037,24.28,1.3378517791153672e-11,1.2327356485990843e-07,3729.242838129207,False
SPARC,UGC09037,25.51,1.1957485177605155e-11,1.1792395197286688e-07,3635.185191583723,False
SPARC,UGC09037,26.73,1.1743811595540008e-11,1.1296018845643811e-07,4057.5764794717115,False
SPARC,UGC09037,27.96,1.1261346920380104e-11,1.0810272563497599e-07,4357.345769096178,False
SPARC,UGC09133,0.32,2.591250610104408e-09,3.3400679246936456e-06,26.687059880426574,False
SPARC,UGC09133,0.63,3.1381936134380187e-09,3.035170796748873e-06,150.80916265565318,False
SPARC,UGC09133,0.95,2.543196351910563e-09,2.7230780166451656e-06,323.61688877524597,False
SPARC,UGC09133,1.26,2.0265893933461827e-09,2.4798930767645087e-06,504.36155559800295,False
SPARC,UGC09133,1.58,1.645107064260522e-09,2.2781977236659813e-06,699.1301881996037,False
SPARC,UGC09133,1.89,1.3628228644306353e-09,2.1181282368999467e-06,878.9956943779642,False
SPARC,UGC09133,2.21,1.1465825952536126e-09,1.9802803984137834e-06,1060.1299124561576,False
SPARC,UGC09133,2.52,9.850079601283949e-10,1.8668460384771502e-06,1227.1954703545273,False
SPARC,UGC09133,2.84,8.546648965316961e-10,1.7657882656753936e-06,1392.9072694578272,False
SPARC,UGC09133,3.15,7.605739666945186e-10,1.6798319894420317e-06,1566.2896393575488,False
SPARC,UGC09133,3.47,6.918418076836111e-10,1.600047204441036e-06,1782.3118376488183,False
SPARC,UGC09133,3.79,6.355010635131894e-10,1.5271329828598335e-06,2010.57816806178,False
SPARC,UGC09133,4.1,5.864784185177657e-10,1.4621043308751006e-06,2225.641105070683,False
SPARC,UGC09133,4.42,5.393587558368902e-10,1.400259314808352e-06,2429.1834025377702,False
SPARC,UGC09133,4.73,4.95954994250731e-10,1.3451642346212763e-06,2597.2944335698435,False
SPARC,UGC09133,5.05,4.5428781610600425e-10,1.2929650505718504e-06,2742.855330801174,False
SPARC,UGC09133,5.36,4.177482781654637e-10,1.2465589263067713e-06,2864.244692993215,False
SPARC,UGC09133,5.68,3.846689219760755e-10,1.2024801680587726e-06,2982.096565150527,False
SPARC,UGC09133,5.99,3.56908427394028e-10,1.16301651414226e-06,3096.1734645690753,False
SPARC,UGC09133,6.31,3.3227089401783644e-10,1.1251581921961762e-06,3219.8419527236233,False
SPARC,UGC09133,6.62,3.123578798974753e-10,1.090853737158508e-06,3358.2032797367106,False
SPARC,UGC09133,6.94,2.946871688552848e-10,1.0575072536273753e-06,3514.022844531676,False
SPARC,UGC09133,7.57,2.645153675568493e-10,9.97030450506002e-07,3817.5489946249554,False
SPARC,UGC09133,7.89,2.499991785305631e-10,9.687668959759332e-07,3942.4941050678485,False
SPARC,UGC09133,8.2,2.3619091024898e-10,9.428938870207218e-07,4036.365104836862,False
SPARC,UGC09133,8.31,2.3162515072371085e-10,9.340600993423171e-07,4070.0306300110083,False
SPARC,UGC09133,8.52,2.235833497536488e-10,9.176500910000951e-07,4141.456403981525,False
SPARC,UGC09133,8.83,2.129550465194546e-10,8.944193380564888e-07,4258.348837097331,False
SPARC,UGC09133,9.15,2.0272379012582836e-10,8.715850731054571e-07,4373.701636015947,False
SPARC,UGC09133,9.78,1.836475220602619e-10,8.297996729019008e-07,4552.055906033497,False
SPARC,UGC09133,10.1,1.743621894384257e-10,8.101333154000889e-07,4611.908689584819,False
SPARC,UGC09133,11.04,1.5044307097978706e-10,7.577213975560281e-07,4749.893123399796,False
SPARC,UGC09133,11.36,1.434600001611564e-10,7.415765761104249e-07,4792.97745228698,False
SPARC,UGC09133,11.67,1.3725643624163782e-10,7.266380180432368e-07,4837.936356463968,False
SPARC,UGC09133,13.57,1.0809721324484798e-10,6.466130946841834e-07,5172.024840242359,False
SPARC,UGC09133,13.88,1.0412047194399075e-10,6.353197544946947e-07,5209.913724083865,False
SPARC,UGC09133,14.2,1.004207767186277e-10,6.240837986229201e-07,5261.702722829663,False
SPARC,UGC09133,16.61,7.777667639625867e-11,5.503617018280423e-07,5584.478394651416,False
SPARC,UGC09133,19.35,6.096575507358363e-11,4.851029132159946e-07,5979.251478985435,False
SPARC,UGC09133,22.19,4.806163720357759e-11,4.319492612460409e-07,6182.046010786277,False
SPARC,UGC09133,24.92,3.986599227783844e-11,3.9074262579601357e-07,6511.514603590903,False
SPARC,UGC09133,27.66,3.3665882196128736e-11,3.56156227087935e-07,6827.85999967431,False
SPARC,UGC09133,30.5,2.8482223255488134e-11,3.2585743062245977e-07,7055.508708481772,False
SPARC,UGC09133,33.23,2.4375693334121953e-11,3.0108595762356173e-07,7168.604298831775,False
SPARC,UGC09133,35.96,2.079873055112777e-11,2.799152968462468e-07,7106.525029470962,False
SPARC,UGC09133,38.8,1.7781689990575568e-11,2.611063516491073e-07,7000.645312406609,False
SPARC,UGC09133,41.54,1.5482813560788934e-11,2.4546008408304514e-07,6926.38170822106,False
SPARC,UGC09133,44.27,1.369425468105298e-11,2.3178646611298194e-07,6922.749110150047,False
SPARC,UGC09133,47.11,1.2256593750459363e-11,2.191347614629517e-07,7015.772023145947,False
SPARC,UGC09133,49.84,1.1043108735068406e-11,2.082155276330648e-07,7062.318963823194,False
SPARC,UGC09133,52.58,9.88612656393613e-12,1.9837126782213292e-07,6981.430740825911,False
SPARC,UGC09133,55.42,8.912887407713817e-12,1.8920626602618795e-07,6955.185228531198,False
SPARC,UGC09133,58.15,8.207537644770976e-12,1.8118290501841327e-07,7062.671579964913,False
SPARC,UGC09133,60.89,7.670955165663796e-12,1.7371430875109675e-07,7296.039247732895,False
SPARC,UGC09133,63.62,7.1004261257245695e-12,1.6679180978737522e-07,7383.834895780865,False
SPARC,UGC09133,66.46,6.5383040976080765e-12,1.601425787596331e-07,7411.3955028672635,False
SPARC,UGC09133,69.19,6.047644335317258e-12,1.5424426679640642e-07,7414.819990510594,False
SPARC,UGC09133,71.93,5.627562022526114e-12,1.4875272527131685e-07,7455.43111847547,False
SPARC,UGC09133,74.77,5.258960037262342e-12,1.434452663599068e-07,7543.673066269809,False
SPARC,UGC09133,77.5,4.962597832408109e-12,1.3865500860644501e-07,7683.729602768983,False
SPARC,UGC09133,80.23,4.691515584455354e-12,1.3413067951321054e-07,7822.321865801915,False
SPARC,UGC09133,83.07,4.423596285054414e-12,1.296868285335645e-07,7938.5302231417745,False
SPARC,UGC09133,85.81,4.174103953822429e-12,1.256428205361944e-07,8011.615556072171,False
SPARC,UGC09133,88.54,3.9306939757098845e-12,1.2184456672623626e-07,8034.282396757252,False
SPARC,UGC09133,91.38,3.695917418297116e-12,1.181263979314017e-07,8045.2205571626955,False
SPARC,UGC09133,94.12,3.491421693392488e-12,1.1474576636250196e-07,8064.501626043518,False
SPARC,UGC09133,99.69,3.1491090148435815e-12,1.083963014404888e-07,8199.26340298594,False
SPARC,UGC09133,108.31,2.6829132361067094e-12,9.976640504705984e-08,8261.648459646776,False
SPARC,UGC11455,0.62,1.3252656742797813e-10,1.4456446182900745e-06,5.984452906364931,False
SPARC,UGC11455,1.23,1.671737500304907e-10,1.4142614936471214e-06,33.65503228707585,False
SPARC,UGC11455,1.83,1.729090367223316e-10,1.379233517538794e-06,80.6159726215816,False
SPARC,UGC11455,2.47,1.6616820668400477e-10,1.341980816981355e-06,143.57218370997282,False
SPARC,UGC11455,3.08,1.5430071323046574e-10,1.3084229077233441e-06,207.09021774998237,False
SPARC,UGC11455,3.68,1.4409523981182038e-10,1.2776886079553773e-06,275.69376907550804,False
SPARC,UGC11455,4.32,1.3570704797986794e-10,1.246948146762294e-06,358.6413497172556,False
SPARC,UGC11455,4.91,1.301790418175681e-10,1.220018740851879e-06,447.60627963105645,False
SPARC,UGC11455,5.53,1.330519462689097e-10,1.1920026299963624e-06,602.8417337816159,False
SPARC,UGC11455,6.17,1.3921814676989356e-10,1.162089692917993e-06,826.9620865482531,False
SPARC,UGC11455,6.78,1.5318590518241131e-10,1.1314705968611618e-06,1187.1760649121645,False
SPARC,UGC11455,7.38,1.6671590454507455e-10,1.0985212286936707e-06,1651.656380111767,False
SPARC,UGC11455,8.0,1.679553343838072e-10,1.0629016133963096e-06,2040.6046094918718,False
SPARC,UGC11455,8.62,1.5903041521589818e-10,1.0280999774812024e-06,2270.814963270606,False
SPARC,UGC11455,9.23,1.5365182363332888e-10,9.95357450684237e-07,2568.096499659591,False
SPARC,UGC11455,9.85,1.5098454655514578e-10,9.629344963054063e-07,2960.624638846732,False
SPARC,UGC11455,10.43,1.4859931806303226e-10,9.331063986607115e-07,3360.9954541687744,False
SPARC,UGC11455,11.05,1.4481242017695512e-10,9.018781004857993e-07,3772.8287332751097,False
SPARC,UGC11455,11.67,1.4033734713893918e-10,8.715291375858754e-07,4172.474083521728,False
SPARC,UGC11455,12.19,1.3714543332257317e-10,8.467595642976214e-07,4542.708682475849,False
SPARC,UGC11455,12.91,1.323763491089942e-10,8.134471959328614e-07,5051.895579841883,False
SPARC,UGC11455,14.56,1.1995250988779662e-10,7.419761707330059e-07,6125.691883627931,False
SPARC,UGC11455,16.63,9.862639232643058e-11,6.643053794533621e-07,6682.190425757633,False
SPARC,UGC11455,17.77,8.879218643314298e-11,6.276281404572727e-07,6906.666138116411,False
SPARC,UGC11455,18.49,8.390489132236186e-11,6.062831173656062e-07,7116.721395629104,False
SPARC,UGC11455,20.24,7.55203623762293e-11,5.583898673418755e-07,7927.351065198269,False
SPARC,UGC11455,22.62,6.655997041434477e-11,5.003414923715215e-07,9169.258959597706,False
SPARC,UGC11455,24.89,5.711918001396642e-11,4.5214654678879996e-07,9765.29376738733,False
SPARC,UGC11455,27.06,4.7891364227258575e-11,4.1302898413227807e-07,9677.85794827194,False
SPARC,UGC11455,29.13,4.047502656449494e-11,3.816284810380001e-07,9405.576663211337,False
SPARC,UGC11455,31.3,3.46137730820865e-11,3.536570916294205e-07,9246.490774464883,False
SPARC,UGC11455,33.46,3.0370787463889753e-11,3.2956119556418216e-07,9305.720365076913,False
SPARC,UGC11455,35.53,2.6248024772407872e-11,3.094420170745915e-07,8957.454840199942,False
SPARC,UGC11455,37.7,2.261177161084927e-11,2.9124121485784947e-07,8547.30510565027,False
SPARC,UGC11455,39.87,2.0255256290607873e-11,2.752727836688621e-07,8564.895448371306,False
SPARC,UGC11455,41.93,1.817772545806374e-11,2.6168181398470694e-07,8460.537671470678,False
SPARC,UGC11557,0.33,2.3923422894135003e-11,1.3720912668898425e-07,1.4495553886010584,False
SPARC,UGC11557,0.99,3.6840108523183695e-11,1.3032472685865864e-07,26.112316470864233,False
SPARC,UGC11557,1.76,3.1481785325605716e-11,1.2129385322951752e-07,70.30768335077799,False
SPARC,UGC11557,2.42,3.203347418194036e-11,1.140976875100872e-07,145.16019968898644,False
SPARC,UGC11557,3.19,3.349329090152477e-11,1.0543627750724261e-07,292.03437308769185,False
SPARC,UGC11557,3.85,3.0270046927476284e-11,9.821200495606147e-08,393.1890974512528,False
SPARC,UGC11557,4.62,2.748177575625511e-11,9.057829659218561e-08,532.0901082633975,False
SPARC,UGC11557,5.28,2.677245610790898e-11,8.443138880180592e-08,717.6620282103214,False
SPARC,UGC11557,5.94,2.5796598779291235e-11,7.847540855996848e-08,925.2822034621117,False
SPARC,UGC11557,7.04,2.2885549209659448e-11,6.928274086555667e-08,1232.3871583564649,False
SPARC,UGC11557,8.8,1.8622986091127668e-11,5.674182597943444e-08,1729.7522954374024,False
SPARC,UGC11557,10.56,1.3014145621447188e-11,4.7183344255775154e-08,1752.3429441982807,False
SPARC,UGC11820,0.26,4.532896688949427e-12,4.2447638263897655e-08,0.24209292540159985,False
SPARC,UGC11820,0.44,7.176624716992312e-12,4.2085819743210176e-08,1.3914562124791054,False
SPARC,UGC11820,0.61,9.005164037084922e-12,4.1613588635418354e-08,3.7988307852530343,False
SPARC,UGC11820,0.79,9.616243369126444e-12,4.103819619645706e-08,7.128184206315406,False
SPARC,UGC11820,1.01,9.923511649244628e-12,4.0300256388399e-08,12.437267585089227,False
SPARC,UGC11820,5.26,3.996529635860527e-12,3.0144585997947226e-08,115.6486529486093,False
SPARC,UGC11820,7.91,4.540128365179416e-12,2.626117907466368e-08,363.6612867820074,False
SPARC,UGC11820,10.52,4.631572659981864e-12,2.2151863062507675e-08,786.179179220078,False
SPARC,UGC11820,13.14,3.541365144742743e-12,1.847600588384051e-08,983.6111068091445,False
SPARC,UGC11820,15.82,2.859500376921403e-12,1.553122733558962e-08,1230.9464456214328,False
SPARC,UGC11914,0.28,3.729026962836036e-09,2.355499809747028e-06,41.93868030371131,False
SPARC,UGC11914,0.37,3.11812000197254e-09,2.249713052976606e-06,65.17400455655357,False
SPARC,UGC11914,0.47,2.6476470751217117e-09,2.150735608224098e-06,94.47716618062672,False
SPARC,UGC11914,0.56,2.3416857620737734e-09,2.07365162828212e-06,123.84097508883512,False
SPARC,UGC11914,0.65,2.0985535097065536e-09,2.005051010497741e-06,155.21587345648837,False
SPARC,UGC11914,0.75,1.898126468061686e-09,1.9364424166361297e-06,194.1216660950598,False
SPARC,UGC11914,0.84,1.7780948396663067e-09,1.8796456907423199e-06,235.92218300651672,False
SPARC,UGC11914,0.93,1.692192261102093e-09,1.8260305983046502e-06,284.68629779395695,False
SPARC,UGC11914,1.03,1.6061788029961453e-09,1.769409452253329e-06,343.5922579868655,False
SPARC,UGC11914,1.12,1.531462761715471e-09,1.720933652515884e-06,399.33172868489544,False
SPARC,UGC11914,1.21,1.4585244069108527e-09,1.6747390773183883e-06,456.70990422575613,False
SPARC,UGC11914,1.3,1.3859646422675285e-09,1.6307924127107626e-06,514.2615333551937,False
SPARC,UGC11914,1.41,1.3008081752253236e-09,1.5800579839686367e-06,584.7382287259292,False
SPARC,UGC11914,1.5,1.2355121019559224e-09,1.5408724520042936e-06,642.6611476443114,False
SPARC,UGC11914,1.59,1.1746258408979893e-09,1.5036364064433843e-06,700.9302626395488,False
SPARC,UGC11914,1.68,1.1169480618198093e-09,1.4682321464918772e-06,758.5675667433331,False
SPARC,UGC11914,1.78,1.0571653839816528e-09,1.4309104526755627e-06,822.156973302988,False
SPARC,UGC11914,1.87,1.007141123125612e-09,1.399017418760953e-06,878.9778001425226,False
SPARC,UGC11914,1.96,9.61685790665028e-10,1.3685995213618347e-06,936.893619513902,False
SPARC,UGC11914,2.05,9.210464853057958e-10,1.3395117651962976e-06,997.1022528963894,False
SPARC,UGC11914,2.16,8.759008095591039e-10,1.3055799441315935e-06,1072.332740522106,False
SPARC,UGC11914,2.25,8.421498917840207e-10,1.2790364782769331e-06,1135.1460869547284,False
SPARC,UGC11914,2.34,8.111480445455569e-10,1.2534934269070071e-06,1199.5459486941077,False
SPARC,UGC11914,2.43,7.833528135684452e-10,1.2288587761080007e-06,1267.25952289885,False
SPARC,UGC11914,2.46,7.748785483559893e-10,1.220834010809249e-06,1290.9400661140862,False
SPARC,UGC11914,2.53,7.556258431199272e-10,1.2024427389667201e-06,1346.397924967496,False
SPARC,UGC11914,2.62,7.320938109262353e-10,1.1794578318230542e-06,1418.5834023339783,False
SPARC,UGC11914,2.71,7.106222960478845e-10,1.1571682185459265e-06,1493.986284515378,False
SPARC,UGC11914,2.8,6.898399887863466e-10,1.1355314165533099e-06,1569.250474020249,False
SPARC,UGC11914,2.99,6.475327846871991e-10,1.0919114606554865e-06,1724.797289269565,False
SPARC,UGC11914,3.28,5.884229890059355e-10,1.0303824301297118e-06,1955.9146377074828,False
SPARC,UGC11914,3.74,5.066275072137974e-10,9.439113026472396e-07,2297.970818915289,False
SPARC,UGC11914,3.83,4.923727725027756e-10,9.284769910796457e-07,2361.7551256369748,False
SPARC,UGC11914,4.02,4.645410763822659e-10,8.972661419325004e-07,2497.3631326191726,False
SPARC,UGC11914,4.09,4.547786181452974e-10,8.862191573525066e-07,2545.943418190903,False
SPARC,UGC11914,4.12,4.506863555145015e-10,8.81556086079903e-07,2566.6419392857188,False
SPARC,UGC11914,4.3,4.268766566655528e-10,8.544398154938207e-07,2686.1458374367476,False
SPARC,UGC11914,4.39,4.153633964186497e-10,8.414274113354389e-07,2742.029740136025,False
SPARC,UGC11914,4.49,4.0324974633385415e-10,8.273747734076341e-07,2804.708725074717,False
SPARC,UGC11914,4.58,3.927320956002332e-10,8.150770473709171e-07,2859.762394028275,False
SPARC,UGC11914,4.87,3.6147542407241255e-10,7.775306735536375e-07,3032.3834611826014,False
SPARC,UGC11914,4.91,3.5745537435491e-10,7.725940930479903e-07,3055.5976844668903,False
SPARC,UGC11914,4.96,3.5251753996785275e-10,7.665002547118628e-07,3084.3541405783503,False
SPARC,UGC11914,5.05,3.439971682284394e-10,7.55739271721184e-07,3137.116828665026,False
SPARC,UGC11914,5.14,3.357066957710515e-10,7.452380121883619e-07,3188.231610711293,False
SPARC,UGC11914,5.24,3.268923016474744e-10,7.338635749654987e-07,3245.0295990067475,False
SPARC,UGC11914,5.33,3.192208534246058e-10,7.238812837231651e-07,3295.034929831211,False
SPARC,UGC11914,5.42,3.118855688363726e-10,7.141308428561725e-07,3345.527829349228,False
SPARC,UGC11914,5.51,3.04772875037273e-10,7.046036197444495e-07,3395.0078913539814,False
SPARC,UGC11914,5.61,2.9731280446783347e-10,6.94267978140709e-07,3452.0661542393154,False
SPARC,UGC11914,5.71,2.903277957332626e-10,6.841803064982313e-07,3512.1230745323305,False
SPARC,UGC11914,5.8,2.842637550560143e-10,6.753030066625349e-07,3565.9726980972723,False
SPARC,UGC11914,5.89,2.7833501996157657e-10,6.666109922983029e-07,3618.39048408754,False
SPARC,UGC11914,5.98,2.7269226947831874e-10,6.580977545744105e-07,3672.4010131584346,False
SPARC,UGC11914,6.08,2.6658397846073017e-10,6.488403245875533e-07,3731.1820927976323,False
SPARC,UGC11914,6.15,2.6252871627547563e-10,6.424822537068531e-07,3774.1379631603413,False
SPARC,UGC11914,6.17,2.6141458260456465e-10,6.406834100066155e-07,3786.959251021244,False
SPARC,UGC11914,6.26,2.5634959777187686e-10,6.326840792349191e-07,3841.4302233525277,False
SPARC,UGC11914,6.35,2.5142694862020803e-10,6.248390549813166e-07,3895.4843269004205,False
SPARC,UGC11914,6.73,2.3199916035225495e-10,5.933040544616542e-07,4116.808400119091,False
SPARC,UGC11914,6.83,2.2718576606574645e-10,5.854215038698557e-07,4172.007899925497,False
SPARC,UGC11914,6.92,2.229519090058136e-10,5.78466986172085e-07,4220.522262991853,False
SPARC,UGC11914,7.37,2.0301328809894098e-10,5.455616922369741e-07,4443.644252288119,False
SPARC,UGC11914,8.6,1.5692884595753085e-10,4.6956110598380353e-07,4850.32664397506,False
SPARC,UGC11914,9.83,1.2170071586633591e-10,4.107293993218778e-07,4993.823803358097,False
SPARC,UGC12506,0.82,2.3735918063255166e-11,5.732020187742759e-07,2.118724293354594,False
SPARC,UGC12506,2.46,4.867436680355731e-11,5.52816430536831e-07,57.61364258878565,False
SPARC,UGC12506,4.1,5.366473493713537e-11,5.240050152453007e-07,195.95611857048036,False
SPARC,UGC12506,5.74,5.0310265327426136e-11,4.947330472330184e-07,371.21690206362376,False
SPARC,UGC12506,7.38,4.600698280944218e-11,4.6761695779498433e-07,570.4729186229243,False
SPARC,UGC12506,9.02,4.5589584688725816e-11,4.4182987640985373e-07,893.1381646091877,False
SPARC,UGC12506,10.65,4.389539876096187e-11,4.167908804427192e-07,1251.667006340192,False
SPARC,UGC12506,12.29,4.110355643790748e-11,3.9286121762638987e-07,1607.668661987623,False
SPARC,UGC12506,13.93,3.7656604746856057e-11,3.706879556597979e-07,1924.5449567807398,False
SPARC,UGC12506,15.57,3.5609751207237836e-11,3.500613586662156e-07,2347.183095198814,False
SPARC,UGC12506,17.21,3.3747725292318615e-11,3.30535224226766e-07,2808.26578405954,False
SPARC,UGC12506,18.85,3.112336650031357e-11,3.1227213676300987e-07,3163.14415093938,False
SPARC,UGC12506,20.49,2.8049692232958064e-11,2.956132103093247e-07,3380.834868882204,False
SPARC,UGC12506,22.13,2.52050563634903e-11,2.806204592302108e-07,3540.4663786149686,False
SPARC,UGC12506,23.77,2.2443447958009316e-11,2.6720602796516547e-07,3604.6912289260404,False
SPARC,UGC12506,25.41,1.997078717529615e-11,2.552651947751828e-07,3618.8634347256557,False
SPARC,UGC12506,27.05,1.8170677834607496e-11,2.445272698810194e-07,3715.7520716621025,False
SPARC,UGC12506,28.68,1.700854313001799e-11,2.346836923565798e-07,3942.881402889549,False
SPARC,UGC12506,30.32,1.6057358658107167e-11,2.2537468522047538e-07,4210.884832549278,False
SPARC,UGC12506,31.96,1.499468351407881e-11,2.1663263777765297e-07,4392.932115800606,False
SPARC,UGC12506,33.6,1.3615540861570767e-11,2.0857803262624834e-07,4361.4630235338045,False
SPARC,UGC12506,35.24,1.232035263603625e-11,2.0127632891958657e-07,4277.055533539917,False
SPARC,UGC12506,36.88,1.1415186170998104e-11,1.9459408866042873e-07,4320.238789154735,False
SPARC,UGC12506,38.52,1.0885863111742013e-11,1.8831569866683722e-07,4536.090766581227,False
SPARC,UGC12506,40.16,1.0406776937567259e-11,1.823212050209175e-07,4760.934149387708,False
SPARC,UGC12506,41.8,9.817944617606047e-12,1.7662736129969627e-07,4878.090192069167,False
SPARC,UGC12506,43.44,9.317333674319267e-12,1.7124022734786044e-07,5023.603757784034,False
SPARC,UGC12506,45.08,9.101981038488022e-12,1.6605465783875197e-07,5388.727658201371,False
SPARC,UGC12506,46.71,8.622042963763384e-12,1.6109525852497451e-07,5497.333996138904,False
SPARC,UGC12506,48.35,8.682785253441338e-12,1.5622344917904365e-07,6143.082799267759,False
SPARC,UGC12506,49.99,8.815332171361862e-12,1.512972233340741e-07,6943.237912902746,False
SPARC,UGC12632,0.71,4.640554025157091e-12,3.0207469727652376e-08,2.6278750783460074,False
SPARC,UGC12632,1.42,4.699197295742948e-12,2.9069127608235683e-08,11.13235290699787,False
SPARC,UGC12632,2.14,5.177562127361318e-12,2.7848379343719797e-08,30.522256030331114,False
SPARC,UGC12632,2.85,5.3006095088908814e-12,2.6571284943858e-08,58.779581522006275,False
SPARC,UGC12632,3.55,4.714461137972338e-12,2.5367826216039687e-08,80.15624818214275,False
SPARC,UGC12632,4.26,4.1778791489739066e-12,2.4284015187135183e-08,100.61926773514189,False
SPARC,UGC12632,4.97,4.094952204038311e-12,2.3275710784544593e-08,138.67641315826228,False
SPARC,UGC12632,5.69,3.893762142847832e-12,2.228832122113562e-08,176.03545866095752,False
SPARC,UGC12632,6.4,4.1399051464819216e-12,2.130916647336842e-08,255.3987958740642,False
SPARC,UGC12632,7.11,4.302717026559042e-12,2.0280167725148252e-08,350.9736729236796,False
SPARC,UGC12632,7.82,4.585205388278952e-12,1.9196895152753587e-08,493.4764009421823,False
SPARC,UGC12632,8.52,4.524301528410065e-12,1.810225328835053e-08,608.9600576274436,False
SPARC,UGC12632,9.25,4.308137656222258e-12,1.6995418859715918e-08,710.5141687913613,False
SPARC,UGC12632,9.95,4.2455461033064695e-12,1.5967567360872347e-08,856.1657145990469,False
SPARC,UGC12632,10.66,4.0854326248403265e-12,1.495217587384289e-08,990.780766012359,False
SPARC,UGC12732,0.96,7.329133764866506e-12,4.7120870300684435e-08,6.106299270166279,False
SPARC,UGC12732,1.92,6.873719879405578e-12,4.4780276833443895e-08,23.355987530683784,False
SPARC,UGC12732,2.88,6.120375977621329e-12,4.263888351648042e-08,46.39709076712475,False
SPARC,UGC12732,3.84,5.796802169899696e-12,4.0674963446707776e-08,79.73099287694534,False
SPARC,UGC12732,4.8,4.93158296617795e-12,3.8906953383908115e-08,102.24737743101653,False
SPARC,UGC12732,5.76,4.713454945579555e-12,3.731747613567559e-08,143.4753913787789,False
SPARC,UGC12732,6.72,4.531049266689648e-12,3.579400580294839e-08,191.94163139581158,False
SPARC,UGC12732,7.68,3.864389620027457e-12,3.4410459235122416e-08,205.4550124603541,False
SPARC,UGC12732,8.64,3.851448820736313e-12,3.3138909059287254e-08,268.6998097923092,False
SPARC,UGC12732,9.6,3.682001937429288e-12,3.189741590080133e-08,322.2057079367543,False
SPARC,UGC12732,10.6,3.577630933398484e-12,3.065119852540579e-08,391.6097204287308,False
SPARC,UGC12732,11.5,3.74904972737332e-12,2.9519244166927525e-08,513.5023346405608,False
SPARC,UGC12732,12.5,4.0503389190647255e-12,2.818037017404122e-08,713.8011959443015,False
SPARC,UGC12732,13.4,4.284813387907517e-12,2.6892609396780397e-08,935.4843403092069,False
SPARC,UGC12732,14.4,4.488857519324606e-12,2.5386486246320257e-08,1227.4355729988242,False
SPARC,UGC12732,15.4,4.50930542639929e-12,2.3841825902039945e-08,1505.345368196922,False
SPARC,UGCA442,0.42,2.7115368830546048e-12,1.3409857850146179e-08,0.9259693473452789,False
SPARC,UGCA442,1.26,5.929813332813773e-12,1.2163794747354746e-08,29.675833582938854,False
SPARC,UGCA442,2.11,7.350924501783396e-12,1.0225944230567977e-08,136.59006642202613,False
SPARC,UGCA442,2.96,6.470264572550804e-12,8.209234110702967e-09,276.67384955707473,False
SPARC,UGCA442,3.79,5.12735064038547e-12,6.556793226376555e-09,400.8797278912503,False
SPARC,UGCA442,4.65,3.712548590851956e-12,5.2517499625270955e-09,464.4543901717588,False
SPARC,UGCA442,5.48,2.5032873290370005e-12,4.366110870722058e-09,429.77251420791066,False
SPARC,UGCA442,6.33,1.7251118692589877e-12,3.749126658425302e-09,382.1287127057825,False
SPARC,UGCA444,0.12,5.359168684977833e-13,5.820962546776141e-09,0.015315629080150028,True
SPARC,UGCA444,0.19,4.655976434945414e-13,5.808927870007571e-09,0.031157544187818714,True
SPARC,UGCA444,0.26,8.739633871487736e-13,5.792831064796537e-09,0.15043580977563473,False
SPARC,UGCA444,0.33,1.344569865560563e-12,5.7661721095073455e-09,0.4644932318886372,False
SPARC,UGCA444,0.4,1.7745859233139453e-12,5.728690843624096e-09,1.0413384804864787,False
SPARC,UGCA444,0.47,2.2680524904425553e-12,5.680112569401212e-09,2.0946270349948675,False
SPARC,UGCA444,0.55,2.9543710004952342e-12,5.608392414821676e-09,4.317614613218528,False
SPARC,UGCA444,0.62,3.67613878400594e-12,5.528717042061905e-09,7.722745156593473,False
SPARC,UGCA444,0.69,4.359578493838192e-12,5.432156024838019e-09,12.568753209929524,False
SPARC,UGCA444,0.76,4.909390450738496e-12,5.3207756665005415e-09,18.59922927089027,False
SPARC,UGCA444,0.83,5.5720963441599425e-12,5.194825114491369e-09,27.466066581944226,False
SPARC,UGCA444,0.9,5.863768822941951e-12,5.057406296084803e-09,35.80627612576887,False
SPARC,UGCA444,0.97,6.065796665139208e-12,4.9140549387959945e-09,45.034250177561084,False
SPARC,UGCA444,1.04,6.182613828174115e-12,4.766872187621931e-09,54.91441929792981,False
SPARC,UGCA444,1.11,6.224820248071672e-12,4.61777853311471e-09,65.23783065561443,False
SPARC,UGCA444,1.19,6.143998735765813e-12,4.447916090701443e-09,76.3371028198476,False
SPARC,UGCA444,1.26,5.962933582742482e-12,4.302433408855579e-09,84.60193650643856,False
SPARC,UGCA444,1.33,5.80299665756878e-12,4.161048370867465e-09,93.57930793395867,False
SPARC,UGCA444,1.4,5.591903320613989e-12,4.024121809738754e-09,101.43112857641852,False
SPARC,UGCA444,1.48,5.36943808682757e-12,3.873588422029976e-09,110.81498908150304,False
SPARC,UGCA444,1.55,5.195158420673313e-12,3.7466391840152355e-09,119.6060748225956,False
SPARC,UGCA444,1.62,5.098346966849367e-12,3.6229475063899858e-09,131.36205674511726,False
SPARC,UGCA444,1.69,4.891153813077433e-12,3.5029088933431965e-09,138.95120410747694,False
SPARC,UGCA444,1.75,4.724422863143032e-12,3.403870011282034e-09,145.56650753398884,False
SPARC,UGCA444,1.83,4.575889154436752e-12,3.2761477350828372e-09,157.65944334794398,False
SPARC,UGCA444,1.9,4.4099978755299655e-12,3.168169024250778e-09,166.28717647177828,False
SPARC,UGCA444,1.97,4.255037922840186e-12,3.064045815078282e-09,175.196999326401,False
SPARC,UGCA444,2.04,4.109874481082459e-12,2.963529031973118e-09,184.39885307902549,False
SPARC,UGCA444,2.11,4.023359139656374e-12,2.8657962117924723e-09,197.60005178927028,False
SPARC,UGCA444,2.19,3.831531179385074e-12,2.7579240813793587e-09,205.58247896182394,False
SPARC,UGCA444,2.26,3.7136233275056686e-12,2.6672579007378942e-09,216.02029258897042,False
SPARC,UGCA444,2.33,3.6042980586983e-12,2.579322261816826e-09,227.04177012829217,False
SPARC,UGCA444,2.4,3.334570142730293e-12,2.4959415070259878e-09,221.54575172054524,False
SPARC,UGCA444,2.48,3.032976078401328e-12,2.4084952476285355e-09,212.68084022525125,False
SPARC,UGCA444,2.55,2.7592909913893404e-12,2.338892599731314e-09,200.94608780419895,False
SPARC,UGCA444,2.62,2.529506781016243e-12,2.2753398794031644e-09,191.4087442666823,False
CLASH,A209,14.3,9.660508789898121e-11,7.629106440219578e-06,411.62174697926224,False
CLASH,A209,100.0,2.079696687103694e-11,5.901934142773363e-06,2785.886149619164,False
CLASH,A209,200.0,1.80301774085957e-11,5.235411982503971e-06,10966.448241036163,False
CLASH,A209,400.0,1.7218685749860095e-11,4.025220048211327e-06,63105.93567659334,False
CLASH,A209,600.0,1.4288939585111008e-11,2.94347525894854e-06,160558.34366969278,False
CLASH,A2261,23.6,1.610645635178273e-10,1.0102348233971657e-05,2030.964555692791,False
CLASH,A2261,100.0,3.77572190925416e-11,7.4947752935527016e-06,5817.403809548472,False
CLASH,A2261,200.0,2.8973435877013214e-11,6.34925040029316e-06,20560.40057814889,False
CLASH,A2261,400.0,2.0558905959841447e-11,4.648666744357357e-06,76455.09612081348,False
CLASH,A2261,600.0,1.6405897731995387e-11,3.3795617783482443e-06,184092.85736691594,False
CLASH,A383,14.3,1.2302687708123812e-10,6.17467470804827e-06,736.9619784094726,False
CLASH,A383,100.0,3.243396173493487e-11,3.887596729157426e-06,8702.63823888307,False
CLASH,A383,200.0,2.1037784397664772e-11,2.9696795244050723e-06,25105.191386330443,False
CLASH,A383,400.0,1.3091819229994098e-11,1.797914896277214e-06,86043.7834893563,False
CLASH,A611,22.2,7.311390834834187e-11,7.534177180840224e-06,677.448519623574,False
CLASH,A611,100.0,3.1332857243155885e-11,6.139242935001458e-06,5205.082455851587,False
CLASH,A611,200.0,2.387811282913178e-11,5.191469522202375e-06,17866.30314528372,False
CLASH,A611,400.0,1.7100153150902897e-11,3.7845711848742907e-06,66263.4208383001,False
CLASH,A611,600.0,1.3304544179780928e-11,2.7406929948517044e-06,150173.67319063726,False
CLASH,MACS0329,22.2,1.345860354055947e-10,6.244661396118905e-06,2142.3000409059123,False
CLASH,MACS0329,100.0,5.407543229455815e-11,3.725001350403041e-06,21746.627944130327,False
CLASH,MACS0329,200.0,3.258367010020087e-11,2.23737682362423e-06,72211.76058564513,False
CLASH,MACS0416,14.3,2.1379620895022323e-11,5.1789488592322556e-06,61.90879299726103,False
CLASH,MACS0416,200.0,1.8749945080674173e-11,3.89969861058706e-06,15724.421642772524,False
CLASH,MACS0416,400.0,1.8967059212111484e-11,2.6047684967952747e-06,116931.63269298886,False
CLASH,MACS0429,17.2,1.8071741260109256e-10,6.723485718374513e-06,1836.0933768087891,False
CLASH,MACS0429,100.0,5.0933087105719625e-11,3.4308573026788795e-06,21246.015475220378,False
CLASH,MACS0429,200.0,2.978516429429191e-11,2.045215780633558e-06,67084.01482145878,False
CLASH,MACS0647,14.3,9.840111057611345e-11,5.875224638100932e-06,549.7687774493519,False
CLASH,MACS0647,100.0,4.4668359215096346e-11,3.7704435478742126e-06,15391.597335398194,False
CLASH,MACS0647,200.0,3.499451670283577e-11,2.4029190199901107e-06,76726.20775537119,False
CLASH,MACS0717,14.3,6.54636174067276e-11,1.1284326495047855e-05,153.88961815002483,False
CLASH,MACS0717,100.0,1.70215850839495e-11,1.007083702955068e-05,1187.973342122507,False
CLASH,MACS0717,200.0,1.9998618696327447e-11,9.435333526652406e-06,7248.109896870685,False
CLASH,MACS0717,400.0,2.716439268839078e-11,7.816095603484203e-06,79549.78366702296,False
CLASH,MACS0717,600.0,2.8641779699065855e-11,5.900113819803791e-06,365820.46824441716,False
CLASH,MACS0744,14.3,2.1478304741305376e-10,1.3663398015709108e-05,795.8423334379758,False
CLASH,MACS0744,100.0,5.0699070827470445e-11,9.75773076831206e-06,7410.09476279846,False
CLASH,MACS0744,200.0,3.6057864302164274e-11,8.268426805999056e-06,23580.957554500827,False
CLASH,MACS0744,400.0,2.7039583641088462e-11,6.102115165475791e-06,100918.93977689018,False
CLASH,MACS0744,600.0,2.1527817347243738e-11,4.434660624277729e-06,249318.26361368212,False
CLASH,MACS1115,16.2,5.116818355403073e-11,5.5667210207653705e-06,277.03015375047545,False
CLASH,MACS1115,100.0,5.546257129579104e-11,4.03279065105316e-06,21010.89840628163,False
CLASH,MACS1115,200.0,3.58921934645005e-11,2.4645585214789974e-06,78432.53189407576,False
CLASH,MACS1149,14.3,5.970352865838366e-11,7.65054979297539e-06,197.3965151602295,False
CLASH,MACS1149,200.0,2.432204009073811e-11,4.971982828658692e-06,19263.529365064027,False
CLASH,MACS1149,400.0,2.4099054286865932e-11,3.3095514020910486e-06,146945.3047547759,False
CLASH,MACS1206,14.3,2.870780582024692e-11,1.1709644388405665e-05,42.676393815227236,False
CLASH,MACS1206,100.0,4.4668359215096346e-11,1.063016345606468e-05,5459.29035847715,False
CLASH,MACS1206,200.0,3.698281797802659e-11,9.228506959791087e-06,22158.49589830932,False
CLASH,MACS1206,400.0,2.999162518987653e-11,6.929087243439355e-06,110724.8465231962,False
CLASH,MACS1206,600.0,2.4547089156850335e-11,5.0566208347385644e-06,294527.2606485681,False
CLASH,MACS1720,23.6,1.1271974561755093e-10,7.764264510309603e-06,1478.6716698612295,False
CLASH,MACS1720,100.0,4.2559841313374265e-11,5.727752998520164e-06,9325.814570333667,False
CLASH,MACS1720,200.0,2.944421633798757e-11,4.491702783023824e-06,29917.982990294076,False
CLASH,MACS1720,400.0,2.0276827195212838e-11,2.7846404707444556e-06,124274.6997422814,False
CLASH,MACS1931,14.3,1.0069316688518044e-10,1.2008984117880004e-05,278.6104582799829,False
CLASH,MACS1931,100.0,6.74528027697923e-11,9.535287543452867e-06,12669.180279724562,False
CLASH,MACS1931,200.0,4.102041029866064e-11,7.67319333984508e-06,32478.069947180775,False
CLASH,MACS1931,400.0,2.576321157002573e-11,5.380325051724246e-06,103551.05295153688,False
CLASH,MACS1931,600.0,1.8706821403658015e-11,3.853544599811435e-06,211803.23607928722,False
CLASH,MS2137,14.3,1.1994993031493807e-10,6.187213649732717e-06,707.3391693386264,False
CLASH,MS2137,100.0,5.5718574893193044e-11,3.602848526621137e-06,23711.811655064943,False
CLASH,MS2137,200.0,3.0831879502493595e-11,2.11708909449181e-06,68988.83653984428,False
CLASH,RXJ1347,14.3,1.261827534590673e-10,1.8915983344080565e-05,250.13989247185592,False
CLASH,RXJ1347,100.0,1.0303861204416158e-10,1.5543769857225342e-05,17712.271809934726,False
CLASH,RXJ1347,200.0,6.729766562843168e-11,1.2619709747398029e-05,55200.67457887805,False
CLASH,RXJ1347,400.0,4.197589839910069e-11,8.868043056104835e-06,187448.7478677293,False
CLASH,RXJ1347,600.0,3.090295432513592e-11,6.3659084666602075e-06,410964.68714294763,False
CLASH,RXJ1532,14.3,7.481695005111553e-11,1.1710926679869209e-05,181.62854632970627,False
CLASH,RXJ1532,100.0,7.464487584100654e-11,9.512103791187303e-06,15345.591852462996,False
CLASH,RXJ1532,200.0,4.425883723626274e-11,7.470955486961226e-06,38688.03732758644,False
CLASH,RXJ1532,400.0,2.5003453616964296e-11,5.092987568835648e-06,102892.37695145885,False
CLASH,RXJ1532,600.0,1.761976046411631e-11,3.6296135682991683e-06,198413.62939291142,False
CLASH,RXJ2129,14.3,7.362070974947376e-11,8.415766301258966e-06,246.62669654767723,False
CLASH,RXJ2129,100.0,4.073802778041122e-11,6.733366075645694e-06,7363.13947205339,False
CLASH,RXJ2129,200.0,2.7478941531023972e-11,5.56232652081705e-06,21349.309552918552,False
CLASH,RXJ2129,400.0,1.8281002161427447e-11,3.991259830769611e-06,71180.29008566473,False
CLASH,RXJ2129,600.0,1.3995873225726206e-11,2.883104538438381e-06,157432.0509299276,False
CLASH,RXJ2248,30.3,6.180164001384164e-11,1.4155778277587429e-05,531.5344667938552,False
CLASH,RXJ2248,100.0,4.864072056914609e-11,1.2834337810039369e-05,5240.166630972864,False
CLASH,RXJ2248,200.0,4.425883723626274e-11,1.123958715027959e-05,25715.94497980317,False
CLASH,RXJ2248,400.0,3.7068072178257674e-11,8.44740717636202e-06,146064.7037997644,False
CLASH,RXJ2248,600.0,2.985382618917957e-11,6.149791469785781e-06,389461.6399958224,False
SPIDERS-MaNGA BCG,1_10188,21.398970836839347,1.3707966949571131e-10,3.01112000826499e-06,4225.933697813397,False
SPIDERS-MaNGA BCG,1_11506,14.499,2.4547089156850336e-10,6.307830420234891e-06,2202.571851874579,False
SPIDERS-MaNGA BCG,1_1224,20.082020473959275,1.6149756725261422e-10,3.981966914260149e-06,3626.9199453828437,False
SPIDERS-MaNGA BCG,1_1610,8.706995278840257,3.676221930433835e-10,2.7158211839658054e-06,3135.608648083088,False
SPIDERS-MaNGA BCG,1_1664,8.343004126854076,7.519039124025827e-11,1.6778786994404097e-06,424.5538449617423,False
SPIDERS-MaNGA BCG,1_1932,12.55199754769485,1.956740566556939e-10,2.2159544645314166e-06,3194.5133779438,False
SPIDERS-MaNGA BCG,1_2494,9.39099237956369,3.5072050487485996e-10,2.855347478901701e-06,3277.438039277073,False
SPIDERS-MaNGA BCG,1_2952,11.607002325761131,2.812054007591689e-10,3.3240650139190427e-06,3175.7277750398757,False
SPIDERS-MaNGA BCG,1_3056,10.218,3.715352290971728e-10,3.983755523070122e-06,3109.982632934263,False
SPIDERS-MaNGA BCG,1_3192,15.13899600664734,2.1137749908521447e-10,2.333139981692654e-06,5147.180737158761,False
SPIDERS-MaNGA BCG,1_3394,6.642,5.128613839913656e-10,2.7898684794575467e-06,2789.733723688943,False
SPIDERS-MaNGA BCG,1_3546,8.395,4.2657951880159337e-10,3.453323723167096e-06,2868.730346410657,False
SPIDERS-MaNGA BCG,1_3861,8.187991092735174,3.1490405704848605e-10,1.960199003263101e-06,2990.9116011609904,False
SPIDERS-MaNGA BCG,1_4285,12.872017661393494,2.06038839547885e-10,2.463334464054661e-06,3288.7240537663924,False
SPIDERS-MaNGA BCG,1_4454,21.139984956863216,6.031849361988471e-11,2.412713347205688e-06,1419.601424468399,False
SPIDERS-MaNGA BCG,1_4729,12.860022234727593,1.7721737480902646e-10,1.6031563027703314e-06,3986.735227214236,False
SPIDERS-MaNGA BCG,1_5027,12.529003934279883,2.5743008619529364e-10,2.6048455014362523e-06,4168.174790947889,False
SPIDERS-MaNGA BCG,1_5658,9.315,2.398832919019495e-10,2.014043684813207e-06,2538.538022549606,False
SPIDERS-MaNGA BCG,1_6745,8.51,4.78630092322638e-10,4.229475568892614e-06,2900.543648549512,False
SPIDERS-MaNGA BCG,1_7675,14.93601392405372,1.7291605479000675e-10,2.9215019768714955e-06,2901.2676161291092,False
SPIDERS-MaNGA BCG,1_7695,5.256,9.549925860214368e-10,4.860385354187659e-06,2457.0136915396147,False
SPIDERS-MaNGA BCG,1_8246,9.398,6.165950018614807e-10,6.530286328777439e-06,3616.6751894489885,False
SPIDERS-MaNGA BCG,1_8806,6.643,3.2359365692962813e-10,1.8959711230307773e-06,2051.463783165737,False
SPIDERS-MaNGA BCG,1_9199,15.176014501977042,1.7935314442126151e-10,2.4364377290447103e-06,3814.3383829927066,False
SPIDERS-MaNGA BCG,1_9328,15.95900514326867,1.6194787881265162e-10,2.5280939603797804e-06,3486.6462715083626,False
SPIDERS-MaNGA BCG,1_9341,18.614021596373178,1.1835689411866903e-10,2.1742343920408224e-06,3437.5746743700583,False
SPIDERS-MaNGA BCG,2_2591,14.382992334368964,1.9151033991149424e-10,2.7862030207218085e-06,3294.5066279313355,False
SPIDERS-MaNGA BCG,2_3122,17.332990265847474,1.102679265841606e-10,1.8388141043896523e-06,3129.859604473296,False
SPIDERS-MaNGA BCG,2_6399,9.156,1.9952623149688828e-10,2.042608659286718e-06,1824.458024893202,False
SPIDERS-MaNGA BCG,2_7138,8.74102442243951,4.017816116606969e-10,2.5244219259409665e-06,3910.88168937009,False
SPIDERS-MaNGA BCG,2_7320,16.93801144726295,4.840728464685677e-11,7.192375327382537e-06,215.8685786967664,False
SPIDERS-MaNGA BCG,2_8351,15.306003246868991,2.3787285458947096e-10,3.768773889641288e-06,3951.0134826373355,False
SPIDERS-MaNGA BCG,2_8422,8.034,8.709635899560794e-10,5.643198361348006e-06,5211.167705561941,False
SPIDERS-MaNGA BCG,2_9105,14.673981418334032,8.400971148384606e-11,2.8876106990068754e-06,926.8256912368737,False
