candidate_id,fraction_max,length_over_R80,width_over_R80,shape_gate,outer_RMSE_km_s,outer_equal_galaxy_RMSE_km_s,outer_mean_residual_km_s,solar_activation,solar_effective_route_fraction,solar_maximum_absolute_interior_force_change,galaxy_equal_RMSE_ratio_to_fixed_RAR,cluster_equal_JS
F0.1_L0.25_W0.2_sqrt_H,0.1,0.25,0.2,sqrt_H,10.431299857127371,10.932065380927744,2.5745214776109133,4.938730118393774e-50,4.756500783208722e-51,0.0,1.0201212719839388,0.08864178233604063
F0.1_L0.25_W0.2_H,0.1,0.25,0.2,H,10.427570426657484,10.92782106759196,2.5637540385136677,4.938730118393774e-50,4.580995348663291e-51,0.0,1.0197252155967942,0.08890555286712458
F0.1_L0.25_W0.2_H2,0.1,0.25,0.2,H2,10.424045210924566,10.923401591587863,2.547801021899778,4.938730118393774e-50,4.2491729415050194e-51,0.0,1.0193128139759013,0.08953202584984371
F0.1_L0.25_W0.25_sqrt_H,0.1,0.25,0.25,sqrt_H,10.422244668284545,10.919982904126591,2.551650822843459,4.938730118393774e-50,4.756500783208722e-51,0.0,1.0189938005342516,0.08854544246114099
F0.1_L0.25_W0.25_H,0.1,0.25,0.25,H,10.419987646873379,10.917394062126883,2.54589230058781,4.938730118393774e-50,4.580995348663291e-51,0.0,1.018752223787161,0.08890057290823443
F0.1_L0.25_W0.25_H2,0.1,0.25,0.25,H2,10.418440950295022,10.915330534067525,2.5348598720004785,4.938730118393774e-50,4.2491729415050194e-51,0.0,1.0185596664985483,0.0896075490530963
F0.1_L0.25_W0.35_sqrt_H,0.1,0.25,0.35,sqrt_H,10.401444535980652,10.892552006243347,2.4992860226449483,4.938730118393774e-50,4.756500783208722e-51,0.0,1.0164340973614976,0.08866882882849589
F0.1_L0.25_W0.35_H,0.1,0.25,0.35,H,10.402501448974624,10.89366259473848,2.5053275991181643,4.938730118393774e-50,4.580995348663291e-51,0.0,1.0165377314790067,0.0891487069755462
F0.1_L0.25_W0.35_H2,0.1,0.25,0.35,H2,10.405543268528618,10.896983028153082,2.5059590978508393,4.938730118393774e-50,4.2491729415050194e-51,0.0,1.0168475763839184,0.08995302291397964
F0.1_L0.25_W0.5_sqrt_H,0.1,0.25,0.5,sqrt_H,10.364882625395243,10.846393894279522,2.405159994120752,4.938730118393774e-50,4.756500783208722e-51,0.0,1.0121268717597314,0.0892724461090222
F0.1_L0.25_W0.5_H,0.1,0.25,0.5,H,10.372018864871729,10.853674195381334,2.433578113745008,4.938730118393774e-50,4.580995348663291e-51,0.0,1.0128062301208114,0.08981816509955408
F0.1_L0.25_W0.5_H2,0.1,0.25,0.5,H2,10.383484597652384,10.866353420444268,2.456189952475246,4.938730118393774e-50,4.2491729415050194e-51,0.0,1.0139893868938705,0.09064298654460572
F0.1_L0.25_W0.75_sqrt_H,0.1,0.25,0.75,sqrt_H,10.29639902202743,10.765194132703803,2.2281776128145987,4.938730118393774e-50,4.756500783208722e-51,0.0,1.0045497487571624,0.09033367558594266
F0.1_L0.25_W0.75_H,0.1,0.25,0.75,H,10.316335206088512,10.784123432923915,2.3018822599257764,4.938730118393774e-50,4.580995348663291e-51,0.0,1.0063161287727809,0.09082348580189945
F0.1_L0.25_W0.75_H2,0.1,0.25,0.75,H2,10.344490413830137,10.814138438817764,2.368017975845719,4.938730118393774e-50,4.2491729415050194e-51,0.0,1.0091169669423419,0.09152895710146436
F0.1_L0.25_W1_sqrt_H,0.1,0.25,1.0,sqrt_H,10.231859287672329,10.691463059089823,2.05469879920873,4.938730118393774e-50,4.756500783208722e-51,0.0,0.9976695633595288,0.09105004697488626
F0.1_L0.25_W1_H,0.1,0.25,1.0,H,10.264567620808846,10.72166803082783,2.1756872760477965,4.938730118393774e-50,4.580995348663291e-51,0.0,1.0004881281152218,0.09145248336995998
F0.1_L0.25_W1_H2,0.1,0.25,1.0,H2,10.309017255116311,10.768062207408375,2.286213585789799,4.938730118393774e-50,4.2491729415050194e-51,0.0,1.0048173819914894,0.09202387845715143
F0.1_L0.5_W0.2_sqrt_H,0.1,0.5,0.2,sqrt_H,10.464826216659239,10.972275685067663,2.6869042587664773,4.938730118393774e-50,4.756500783208722e-51,0.0,1.0238734802974416,0.08453091069832272
F0.1_L0.5_W0.2_H,0.1,0.5,0.2,H,10.456056498839533,10.964181987938108,2.65100263540204,4.938730118393774e-50,4.580995348663291e-51,0.0,1.0231182202140856,0.08514196110098773
F0.1_L0.5_W0.2_H2,0.1,0.5,0.2,H2,10.444978278316896,10.951663083469182,2.6100603832174643,4.938730118393774e-50,4.2491729415050194e-51,0.0,1.021950023692597,0.08631319749229986
F0.1_L0.5_W0.25_sqrt_H,0.1,0.5,0.25,sqrt_H,10.459589013084646,10.965418157558371,2.6712585455176487,4.938730118393774e-50,4.756500783208722e-51,0.0,1.023233572883638,0.08513212715322876
F0.1_L0.5_W0.25_H,0.1,0.5,0.25,H,10.451730307747251,10.95830635797808,2.639158618047168,4.938730118393774e-50,4.580995348663291e-51,0.0,1.0225699381740798,0.08576776933208298
F0.1_L0.5_W0.25_H2,0.1,0.5,0.25,H2,10.441874694197027,10.947193236374048,2.601750519987584,4.938730118393774e-50,4.2491729415050194e-51,0.0,1.021532921713659,0.08693086765395444
F0.1_L0.5_W0.35_sqrt_H,0.1,0.5,0.35,sqrt_H,10.444036045288891,10.945176777533675,2.6263766805168687,4.938730118393774e-50,4.756500783208722e-51,0.0,1.0213447566702325,0.08651645827655673
F0.1_L0.5_W0.35_H,0.1,0.5,0.35,H,10.438542471086825,10.940631148449208,2.6047034335244965,4.938730118393774e-50,4.580995348663291e-51,0.0,1.0209205831255241,0.08715922192536599
F0.1_L0.5_W0.35_H2,0.1,0.5,0.35,H2,10.432174855303131,10.93356081074078,2.5773127342942117,4.938730118393774e-50,4.2491729415050194e-51,0.0,1.0202608174138168,0.08824901578447183
F0.1_L0.5_W0.5_sqrt_H,0.1,0.5,0.5,sqrt_H,10.410149096490851,10.902377971645388,2.532288661146389,4.938730118393774e-50,4.756500783208722e-51,0.0,1.0173510033600555,0.08837855827955582
F0.1_L0.5_W0.5_H,0.1,0.5,0.5,H,10.409898641357074,10.90304679915612,2.5325933281861697,4.938730118393774e-50,4.580995348663291e-51,0.0,1.017413414729473,0.08896574467994159
F0.1_L0.5_W0.5_H2,0.1,0.5,0.5,H2,10.411175347322331,10.90455245796107,2.5266274140132206,4.938730118393774e-50,4.2491729415050194e-51,0.0,1.0175539146736061,0.0898897077387967
F0.1_L0.5_W0.75_sqrt_H,0.1,0.5,0.75,sqrt_H,10.337936650415068,10.81595335192179,2.341136783488853,4.938730118393774e-50,4.756500783208722e-51,0.0,1.0092863248266672,0.09019062227279429
F0.1_L0.5_W0.75_H,0.1,0.5,0.75,H,10.350721914250132,10.828303577731486,2.388882922772561,4.938730118393774e-50,4.580995348663291e-51,0.0,1.0104387811671,0.09066087652017737
F0.1_L0.5_W0.75_H2,0.1,0.5,0.75,H2,10.369214337471222,10.847923470305956,2.428676497902625,4.938730118393774e-50,4.2491729415050194e-51,0.0,1.012269603529741,0.09135898360430098
F0.1_L0.5_W1_sqrt_H,0.1,0.5,1.0,sqrt_H,10.265963845915095,10.73291440575737,2.150008510503704,4.938730118393774e-50,4.756500783208722e-51,0.0,1.0015375790559695,0.09103783476751222
F0.1_L0.5_W1_H,0.1,0.5,1.0,H,10.29283841734643,10.757605775226061,2.2483746611869413,4.938730118393774e-50,4.580995348663291e-51,0.0,1.0038416442396054,0.09142433813376154
F0.1_L0.5_W1_H2,0.1,0.5,1.0,H2,10.329231362319472,10.79538377669399,2.3360365603454234,4.938730118393774e-50,4.2491729415050194e-51,0.0,1.0073668832102494,0.09198125962879189
F0.1_L0.75_W0.2_sqrt_H,0.1,0.75,0.2,sqrt_H,10.487771234969541,10.995675716864225,2.7545154208003226,4.938730118393774e-50,4.756500783208722e-51,0.0,1.0260570448270154,0.08257664508004056
F0.1_L0.75_W0.2_H,0.1,0.75,0.2,H,10.475858738869704,10.985806361341211,2.7024115300131046,4.938730118393774e-50,4.580995348663291e-51,0.0,1.0251360898968187,0.08351613008522468
F0.1_L0.75_W0.2_H2,0.1,0.75,0.2,H2,10.459571908593652,10.96823382544673,2.6459502178383776,4.938730118393774e-50,4.2491729415050194e-51,0.0,1.0234963157970463,0.08510955417774121
F0.1_L0.75_W0.25_sqrt_H,0.1,0.75,0.25,sqrt_H,10.48379275428417,10.99141776860288,2.743588416367511,4.938730118393774e-50,4.756500783208722e-51,0.0,1.0256597161022911,0.08345048017900726
F0.1_L0.75_W0.25_H,0.1,0.75,0.25,H,10.47244431248333,10.982045951157167,2.6942192529273683,4.938730118393774e-50,4.580995348663291e-51,0.0,1.0247851887371144,0.08438602732884208
F0.1_L0.75_W0.25_H2,0.1,0.75,0.25,H2,10.457084065309932,10.96539247173479,2.640229842233482,4.938730118393774e-50,4.2491729415050194e-51,0.0,1.0232311760213697,0.08592138264858581
F0.1_L0.75_W0.35_sqrt_H,0.1,0.75,0.35,sqrt_H,10.471751406149417,10.977220328440813,2.70775142871981,4.938730118393774e-50,4.756500783208722e-51,0.0,1.0243348876995713,0.08540823626056003
F0.1_L0.75_W0.35_H,0.1,0.75,0.35,H,10.462016679512718,10.969430307408139,2.667042037044393,4.938730118393774e-50,4.580995348663291e-51,0.0,1.0236079650287193,0.08626910228066724
F0.1_L0.75_W0.35_H2,0.1,0.75,0.35,H2,10.449389722072908,10.95573367703663,2.6211540955926416,4.938730118393774e-50,4.2491729415050194e-51,0.0,1.0223298694896226,0.08761322255759292
F0.1_L0.75_W0.5_sqrt_H,0.1,0.75,0.5,sqrt_H,10.441821442396677,10.940527385807373,2.6202018769752757,4.938730118393774e-50,4.756500783208722e-51,0.0,1.02091090055645,0.08791549278461785
F0.1_L0.75_W0.5_H,0.1,0.75,0.5,H,10.436411384369352,10.93681902317513,2.6003333420403436,4.938730118393774e-50,4.580995348663291e-51,0.0,1.0205648561930507,0.08860335441465529
F0.1_L0.75_W0.5_H2,0.1,0.75,0.5,H2,10.4305068201085,10.930558528468852,2.5744226086830992,4.938730118393774e-50,4.2491729415050194e-51,0.0,1.0199806606544695,0.08963293744918233
F0.1_L0.75_W0.75_sqrt_H,0.1,0.75,0.75,sqrt_H,10.368299790282437,10.852933171533593,2.423171334948955,4.938730118393774e-50,4.756500783208722e-51,0.0,1.0127370817793235,0.09016411893382684
F0.1_L0.75_W0.75_H,0.1,0.75,0.75,H,10.37592351838144,10.860627063119521,2.451940231057716,4.938730118393774e-50,4.580995348663291e-51,0.0,1.0134550341696227,0.09064025080622604
F0.1_L0.75_W0.75_H2,0.1,0.75,0.75,H2,10.387367908288699,10.87265543318495,2.4727870603064055,4.938730118393774e-50,4.2491729415050194e-51,0.0,1.0145774566710875,0.09133532929880542
F0.1_L0.75_W1_sqrt_H,0.1,0.75,1.0,sqrt_H,10.290935996533095,10.763416185121995,2.2194311459421128,4.938730118393774e-50,4.756500783208722e-51,0.0,1.0043838402956342,0.0910989069920854
F0.1_L0.75_W1_H,0.1,0.75,1.0,H,10.313577926459423,10.78414605085482,2.30137635327433,4.938730118393774e-50,4.580995348663291e-51,0.0,1.0063182393558814,0.09146927152291358
F0.1_L0.75_W1_H2,0.1,0.75,1.0,H2,10.344093885888075,10.815604613014543,2.3726569194098777,4.938730118393774e-50,4.2491729415050194e-51,0.0,1.0092537823961882,0.0920018102918446
F0.1_L1_W0.2_sqrt_H,0.1,1.0,0.2,sqrt_H,10.503971601293932,11.012138415189384,2.7945859292495485,4.938730118393774e-50,4.756500783208722e-51,0.0,1.0275932548816173,0.08400144807780388
F0.1_L1_W0.2_H,0.1,1.0,0.2,H,10.490078497874174,11.0010769506118,2.732062721168501,4.938730118393774e-50,4.580995348663291e-51,0.0,1.0265610587757859,0.08488748800780667
F0.1_L1_W0.2_H2,0.1,1.0,0.2,H2,10.470104527357748,10.979748646516223,2.6662396059435327,4.938730118393774e-50,4.2491729415050194e-51,0.0,1.024570816681076,0.08636381426203137
F0.1_L1_W0.25_sqrt_H,0.1,1.0,0.25,sqrt_H,10.499674240965968,11.007644832084777,2.785218742929618,4.938730118393774e-50,4.756500783208722e-51,0.0,1.0271739379865288,0.08464204366239152
F0.1_L1_W0.25_H,0.1,1.0,0.25,H,10.486270456312672,10.997041220822922,2.7250074801231263,4.938730118393774e-50,4.580995348663291e-51,0.0,1.0261844662781965,0.08554420901042273
F0.1_L1_W0.25_H2,0.1,1.0,0.25,H2,10.467280102497861,10.976736323129687,2.6612041200015666,4.938730118393774e-50,4.2491729415050194e-51,0.0,1.024289722939169,0.086990771958426
F0.1_L1_W0.35_sqrt_H,0.1,1.0,0.35,sqrt_H,10.48851442990283,10.995350836330983,2.754861523928595,4.938730118393774e-50,4.756500783208722e-51,0.0,1.0260267287310842,0.08625839810195371
F0.1_L1_W0.35_H,0.1,1.0,0.35,H,10.476353894295416,10.98594175518148,2.702194746412156,4.938730118393774e-50,4.580995348663291e-51,0.0,1.0251487241184174,0.08709518364153528
F0.1_L1_W0.35_H2,0.1,1.0,0.35,H2,10.459878249692428,10.968310672036814,2.645233406488286,4.938730118393774e-50,4.2491729415050194e-51,0.0,1.023503486705607,0.08837155121778878
F0.1_L1_W0.5_sqrt_H,0.1,1.0,0.5,sqrt_H,10.461337040197904,10.963078527045052,2.6740296578444798,4.938730118393774e-50,4.756500783208722e-51,0.0,1.0230152512058894,0.08838647756734269
F0.1_L1_W0.5_H,0.1,1.0,0.5,H,10.452798760247392,10.956926010829553,2.6409394376915403,4.938730118393774e-50,4.580995348663291e-51,0.0,1.0224411316366262,0.08905731498841446
F0.1_L1_W0.5_H2,0.1,1.0,0.5,H2,10.442394165608073,10.945926131432577,2.602483461756589,4.938730118393774e-50,4.2491729415050194e-51,0.0,1.0214146823270849,0.09004135286578659
F0.1_L1_W0.75_sqrt_H,0.1,1.0,0.75,sqrt_H,10.387747525345718,10.876074356869534,2.475804125896295,4.938730118393774e-50,4.756500783208722e-51,0.0,1.0148964921558201,0.09034668513060745
F0.1_L1_W0.75_H,0.1,1.0,0.75,H,10.392071487628733,10.880925084800804,2.4916373633455207,4.938730118393774e-50,4.580995348663291e-51,0.0,1.015349135876368,0.09081273471810453
F0.1_L1_W0.75_H2,0.1,1.0,0.75,H2,10.398923963788947,10.888081059063932,2.500076095974307,4.938730118393774e-50,4.2491729415050194e-51,0.0,1.0160168927286388,0.09148119996136263
F0.1_L1_W1_sqrt_H,0.1,1.0,1.0,sqrt_H,10.30713205986331,10.782873091012448,2.26471908922614,4.938730118393774e-50,4.756500783208722e-51,0.0,1.0061994536215908,0.09121390333029775
F0.1_L1_W1_H,0.1,1.0,1.0,H,10.327025228886788,10.80111060877772,2.335324241360821,4.938730118393774e-50,4.580995348663291e-51,0.0,1.0079012802364404,0.09157010967294313
F0.1_L1_W1_H2,0.1,1.0,1.0,H2,10.353659963325514,10.828439080740354,2.3957319285132783,4.938730118393774e-50,4.2491729415050194e-51,0.0,1.0104514255757224,0.09207643443823164
F0.1_L1.25_W0.2_sqrt_H,0.1,1.25,0.2,sqrt_H,10.508665831193607,11.017213570672725,2.8121628897085253,4.938730118393774e-50,4.756500783208722e-51,0.0,1.0280668409686724,0.08784399583170108
F0.1_L1.25_W0.2_H,0.1,1.25,0.2,H,10.49433066418737,11.005984208650755,2.743200141375268,4.938730118393774e-50,4.580995348663291e-51,0.0,1.027018977580533,0.0884139662693607
F0.1_L1.25_W0.2_H2,0.1,1.25,0.2,H2,10.473233225509128,10.983428043747528,2.672493692986219,4.938730118393774e-50,4.2491729415050194e-51,0.0,1.024914158149769,0.08935249145404851
F0.1_L1.25_W0.25_sqrt_H,0.1,1.25,0.25,sqrt_H,10.505808493869168,11.014106964116454,2.8050178019103655,4.938730118393774e-50,4.756500783208722e-51,0.0,1.0277769492308069,0.08796523322454897
F0.1_L1.25_W0.25_H,0.1,1.25,0.25,H,10.491755853500814,11.003224070804004,2.738178106318074,4.938730118393774e-50,4.580995348663291e-51,0.0,1.0267614164305612,0.08858075982697053
F0.1_L1.25_W0.25_H2,0.1,1.25,0.25,H2,10.471307417062112,10.981386047802348,2.6691112749878814,4.938730118393774e-50,4.2491729415050194e-51,0.0,1.0247236101217068,0.08954929710777164
F0.1_L1.25_W0.35_sqrt_H,0.1,1.25,0.35,sqrt_H,10.496329750762682,11.003529224948371,2.778218458152195,4.938730118393774e-50,4.756500783208722e-51,0.0,1.0267898917664704,0.08853153631294557
F0.1_L1.25_W0.35_H,0.1,1.25,0.35,H,10.483164826917806,10.99360851009682,2.7184304902623277,4.938730118393774e-50,4.580995348663291e-51,0.0,1.025864144261245,0.08915995174808013
F0.1_L1.25_W0.35_H2,0.1,1.25,0.35,H2,10.464825157439114,10.97409475161724,2.6554856366842428,4.938730118393774e-50,4.2491729415050194e-51,0.0,1.0240432257588634,0.09009687823204207
F0.1_L1.25_W0.5_sqrt_H,0.1,1.25,0.5,sqrt_H,10.470991526318711,10.973526180607543,2.700908368404858,4.938730118393774e-50,4.756500783208722e-51,0.0,1.0239901697844054,0.08954364508522675
F0.1_L1.25_W0.5_H,0.1,1.25,0.5,H,10.460916518889453,10.966362549473233,2.660058807599468,4.938730118393774e-50,4.580995348663291e-51,0.0,1.0233216984342883,0.09010314704510101
F0.1_L1.25_W0.5_H2,0.1,1.25,0.5,H2,10.448184952465839,10.953028900791018,2.614807071036479,4.938730118393774e-50,4.2491729415050194e-51,0.0,1.022077474385133,0.09090840723309294
F0.1_L1.25_W0.75_sqrt_H,0.1,1.25,0.75,sqrt_H,10.398213632615414,10.88768566236688,2.502945626033474,4.938730118393774e-50,4.756500783208722e-51,0.0,1.0159799964453218,0.09074247329592831
F0.1_L1.25_W0.75_H,0.1,1.25,0.75,H,10.400652555617336,10.891057271240612,2.51102969367424,4.938730118393774e-50,4.580995348663291e-51,0.0,1.0162946167675624,0.09116637254782586
F0.1_L1.25_W0.75_H2,0.1,1.25,0.75,H2,10.404930339055563,10.895623011192201,2.5125473717481386,4.938730118393774e-50,4.2491729415050194e-51,0.0,1.0167206669497255,0.0917674330658647
F0.1_L1.25_W1_sqrt_H,0.1,1.25,1.0,sqrt_H,10.316117827381854,10.792959341310835,2.2885738423891397,4.938730118393774e-50,4.756500783208722e-51,0.0,1.0071406480002751,0.09139909619162552
F0.1_L1.25_W1_H,0.1,1.25,1.0,H,10.334384499103793,10.809820671441297,2.3522607196459506,4.938730118393774e-50,4.580995348663291e-51,0.0,1.008714056221016,0.091731952515691
F0.1_L1.25_W1_H2,0.1,1.25,1.0,H2,10.358782940087698,10.834880635163568,2.406488772757378,4.938730118393774e-50,4.2491729415050194e-51,0.0,1.011052516628766,0.0922006196790242
F0.2_L0.25_W0.2_sqrt_H,0.2,0.25,0.2,sqrt_H,10.452969425927662,10.961035808397545,2.6643030417441533,4.938730118393774e-50,9.513001566417444e-51,0.0,1.022824635739151,0.08547776841550395
F0.2_L0.25_W0.2_H,0.2,0.25,0.2,H,10.44430687768222,10.951418846817209,2.6431271282537865,4.938730118393774e-50,9.161990697326582e-51,0.0,1.0219272328479216,0.08564744823427957
F0.2_L0.25_W0.2_H2,0.2,0.25,0.2,H2,10.435868783238295,10.941168331241938,2.6116875278455423,4.938730118393774e-50,8.498345883010039e-51,0.0,1.0209707101211751,0.08652193659922505
F0.2_L0.25_W0.25_sqrt_H,0.2,0.25,0.25,sqrt_H,10.433711901345804,10.935689877350772,2.6189310533437244,4.938730118393774e-50,9.513001566417444e-51,0.0,1.0204594904058493,0.0850126111358673
F0.2_L0.25_W0.25_H,0.2,0.25,0.25,H,10.428153384816575,10.929552483387505,2.6077211780004155,4.938730118393774e-50,9.161990697326582e-51,0.0,1.019886781963454,0.08544019075951764
F0.2_L0.25_W0.25_H2,0.2,0.25,0.25,H2,10.423880047015427,10.924239149007876,2.5860554662531587,4.938730118393774e-50,8.498345883010039e-51,0.0,1.0193909703087525,0.0865518137395199
F0.2_L0.25_W0.35_sqrt_H,0.2,0.25,0.35,sqrt_H,10.390636704592389,10.879315818676115,2.514690090162551,4.938730118393774e-50,9.513001566417444e-51,0.0,1.0151989678569797,0.08494904805184013
F0.2_L0.25_W0.35_H,0.2,0.25,0.35,H,10.391825348855622,10.880738142757508,2.52702199274451,4.938730118393774e-50,9.161990697326582e-51,0.0,1.015331691454994,0.08569511854721902
F0.2_L0.25_W0.35_H2,0.2,0.25,0.35,H2,10.396994371637259,10.886472529314888,2.5285975984788434,4.938730118393774e-50,8.498345883010039e-51,0.0,1.0158667934238468,0.08708104813586648
F0.2_L0.25_W0.5_sqrt_H,0.2,0.25,0.5,sqrt_H,10.317439969993286,10.787070439581967,2.3266107231222195,4.938730118393774e-50,9.513001566417444e-51,0.0,1.0065911275105128,0.08599446138668249
F0.2_L0.25_W0.5_H,0.2,0.25,0.5,H,10.330277310451722,10.80043818606907,2.383741247607042,4.938730118393774e-50,9.161990697326582e-51,0.0,1.007838533382579,0.08688411944295532
F0.2_L0.25_W0.5_H2,0.2,0.25,0.5,H2,10.352171879943489,10.824726308299123,2.4292811555916094,4.938730118393774e-50,8.498345883010039e-51,0.0,1.0101049697127762,0.08833802253723176
F0.2_L0.25_W0.75_sqrt_H,0.2,0.25,0.75,sqrt_H,10.187845895533341,10.632681057019116,1.9711926629244332,4.938730118393774e-50,9.513001566417444e-51,0.0,0.9921843445438101,0.08809861128197571
F0.2_L0.25_W0.75_H,0.2,0.25,0.75,H,10.222564468032212,10.666085476324533,2.119472165197234,4.938730118393774e-50,9.161990697326582e-51,0.0,0.9953014644588791,0.08886527244414913
F0.2_L0.25_W0.75_H2,0.2,0.25,0.75,H2,10.275628580775454,10.72265429253151,2.252518356120705,4.938730118393774e-50,8.498345883010039e-51,0.0,1.0005801607283291,0.09007107674412987
F0.2_L0.25_W1_sqrt_H,0.2,0.25,1.0,sqrt_H,10.074554360477281,10.501739326807172,1.6210568660096774,4.938730118393774e-50,9.513001566417444e-51,0.0,0.9799655697995037,0.08947253465730508
F0.2_L0.25_W1_H,0.2,0.25,1.0,H,10.127528011040727,10.551246835470199,1.8650336108382173,4.938730118393774e-50,9.161990697326582e-51,0.0,0.9845853430034027,0.09008867761052188
F0.2_L0.25_W1_H2,0.2,0.25,1.0,H2,10.20863757847321,10.635819773415198,2.087782209923034,4.938730118393774e-50,8.498345883010039e-51,0.0,0.9924772325984272,0.09104498549510497
F0.2_L0.5_W0.2_sqrt_H,0.2,0.5,0.2,sqrt_H,10.534807370080607,11.055874082205834,2.884319861376762,4.938730118393774e-50,9.513001566417444e-51,0.0,1.0316744310101216,0.0788807284047605
F0.2_L0.5_W0.2_H,0.2,0.5,0.2,H,10.512925444840983,11.035791328017233,2.813689334500728,4.938730118393774e-50,9.161990697326582e-51,0.0,1.0298004169026356,0.07954262310578322
F0.2_L0.5_W0.2_H2,0.2,0.5,0.2,H2,10.486226683317307,11.006242383617655,2.733262228628323,4.938730118393774e-50,8.498345883010039e-51,0.0,1.0270430690734442,0.0811514139418887
F0.2_L0.5_W0.25_sqrt_H,0.2,0.5,0.25,sqrt_H,10.522417489299606,11.04022586315131,2.853575340258167,4.938730118393774e-50,9.513001566417444e-51,0.0,1.030214223760169,0.07946394533053833
F0.2_L0.5_W0.25_H,0.2,0.5,0.25,H,10.502822576449352,11.022515392069623,2.7904434275939693,4.938730118393774e-50,9.161990697326582e-51,0.0,1.0285615782940338,0.08028295649571678
F0.2_L0.5_W0.25_H2,0.2,0.5,0.25,H2,10.478972909758935,10.996189168689119,2.7169752145528903,4.938730118393774e-50,8.498345883010039e-51,0.0,1.0261049573769738,0.08202039734379471
F0.2_L0.5_W0.35_sqrt_H,0.2,0.5,0.35,sqrt_H,10.486545675238675,10.995034672352903,2.7652632946404334,4.938730118393774e-50,9.513001566417444e-51,0.0,1.0259972260169825,0.08136277849934873
F0.2_L0.5_W0.35_H,0.2,0.5,0.35,H,10.472745906541931,10.98339962364441,2.722723957551675,4.938730118393774e-50,9.161990697326582e-51,0.0,1.0249115061393086,0.08233113595716111
F0.2_L0.5_W0.35_H2,0.2,0.5,0.35,H2,10.456894211843379,10.966167810288251,2.6689926767396197,4.938730118393774e-50,8.498345883010039e-51,0.0,1.0233035264257824,0.08411820371377207
F0.2_L0.5_W0.5_sqrt_H,0.2,0.5,0.5,sqrt_H,10.412374610200397,10.903123623167179,2.579159203207512,4.938730118393774e-50,9.513001566417444e-51,0.0,1.017420583531081,0.08446888211670772
F0.2_L0.5_W0.5_H,0.2,0.5,0.5,H,10.410279976517582,10.903059759899675,2.5802327373687866,4.938730118393774e-50,9.161990697326582e-51,0.0,1.0174146241560307,0.08540524238374983
F0.2_L0.5_W0.5_H2,0.2,0.5,0.5,H2,10.411071683605154,10.90431919067222,2.5689257278602495,4.938730118393774e-50,8.498345883010039e-51,0.0,1.0175321474306267,0.08699225722319712
F0.2_L0.5_W0.75_sqrt_H,0.2,0.5,0.75,sqrt_H,10.266756397755769,10.729361089369503,2.197791751198576,4.938730118393774e-50,9.513001566417444e-51,0.0,1.0012060027703322,0.0878437205739487
F0.2_L0.5_W0.75_H,0.2,0.5,0.75,H,10.2895604651454,10.751769213199644,2.293797454595947,4.938730118393774e-50,9.161990697326582e-51,0.0,1.003297007808068,0.08857352512950303
F0.2_L0.5_W0.75_H2,0.2,0.5,0.75,H2,10.32468248699106,10.789094468432298,2.373902628807887,4.938730118393774e-50,8.498345883010039e-51,0.0,1.0067799989463655,0.08975833485896165
F0.2_L0.5_W1_sqrt_H,0.2,0.5,1.0,sqrt_H,10.133714852294627,10.574715375128738,1.813534841685806,4.938730118393774e-50,9.513001566417444e-51,0.0,0.9867753003164867,0.08944270924492848
F0.2_L0.5_W1_H,0.2,0.5,1.0,H,10.179038946379558,10.616892393574137,2.01162581893129,4.938730118393774e-50,9.161990697326582e-51,0.0,0.9907110317822053,0.09003373776285822
F0.2_L0.5_W1_H2,0.2,0.5,1.0,H2,10.246701283760839,10.687133893133685,2.188097656258816,4.938730118393774e-50,8.498345883010039e-51,0.0,0.997265588984338,0.09096422683034534
F0.2_L0.75_W0.2_sqrt_H,0.2,0.75,0.2,sqrt_H,10.59680102777942,11.117962766372907,3.0138087041508985,4.938730118393774e-50,9.513001566417444e-51,0.0,1.0374682115320366,0.07528583345756759
F0.2_L0.75_W0.2_H,0.2,0.75,0.2,H,10.564938117320096,11.091197751876964,2.9117579540832157,4.938730118393774e-50,9.161990697326582e-51,0.0,1.0349706449990095,0.07661565532013932
F0.2_L0.75_W0.2_H2,0.2,0.75,0.2,H2,10.524007730347309,11.04794011032547,2.801593852422635,4.938730118393774e-50,8.498345883010039e-51,0.0,1.0309340756239744,0.07903256426756075
F0.2_L0.75_W0.25_sqrt_H,0.2,0.75,0.25,sqrt_H,10.586111422002952,11.10695194779422,2.9928764230862295,4.938730118393774e-50,9.513001566417444e-51,0.0,1.0364407414371661,0.0762776542342128
F0.2_L0.75_W0.25_H,0.2,0.75,0.25,H,10.556071653205246,11.081729549449229,2.896129543826744,4.938730118393774e-50,9.161990697326582e-51,0.0,1.0340871235081086,0.07771593310219325
F0.2_L0.75_W0.25_H2,0.2,0.75,0.25,H2,10.517645043033538,11.040892294191053,2.790702944675712,4.938730118393774e-50,8.498345883010039e-51,0.0,1.0302764115038627,0.0801814966379415
F0.2_L0.75_W0.35_sqrt_H,0.2,0.75,0.35,sqrt_H,10.55473349137545,11.07168364934892,2.923621700120082,4.938730118393774e-50,9.513001566417444e-51,0.0,1.0331496943918843,0.07918458151270842
F0.2_L0.75_W0.35_H,0.2,0.75,0.35,H,10.529708549014968,11.051095676618033,2.84375684934354,4.938730118393774e-50,9.161990697326582e-51,0.0,1.0312285360198858,0.08061658853298863
F0.2_L0.75_W0.35_H2,0.2,0.75,0.35,H2,10.498462466113144,11.017759688310258,2.753995906774027,4.938730118393774e-50,8.498345883010039e-51,0.0,1.0281178017157628,0.08291637446668498
F0.2_L0.75_W0.5_sqrt_H,0.2,0.75,0.5,sqrt_H,10.483454960902666,10.987138895956619,2.752285804964016,4.938730118393774e-50,9.513001566417444e-51,0.0,1.0252604348270276,0.08351985122501818
F0.2_L0.75_W0.5_H,0.2,0.75,0.5,H,10.469693574263356,10.977023656054852,2.713427719865787,4.938730118393774e-50,9.161990697326582e-51,0.0,1.0243165352951957,0.08468805247840117
F0.2_L0.75_W0.5_H2,0.2,0.75,0.5,H2,10.454490858995344,10.961087720080714,2.662797970001271,4.938730118393774e-50,8.498345883010039e-51,0.0,1.0228294798569295,0.08649992102173691
F0.2_L0.75_W0.75_sqrt_H,0.2,0.75,0.75,sqrt_H,10.327645421124894,10.803244160587889,2.361457961778727,4.938730118393774e-50,9.513001566417444e-51,0.0,1.0081003717631185,0.08774529882800486
F0.2_L0.75_W0.75_H,0.2,0.75,0.75,H,10.340945474890926,10.81701960956996,2.419441820332781,4.938730118393774e-50,9.161990697326582e-51,0.0,1.0093858222290713,0.08851418178169072
F0.2_L0.75_W0.75_H2,0.2,0.75,0.75,H2,10.362177843800293,10.839408401619622,2.4616821067087735,4.938730118393774e-50,8.498345883010039e-51,0.0,1.0114750233295084,0.0897104742629139
F0.2_L0.75_W1_sqrt_H,0.2,0.75,1.0,sqrt_H,10.179234116048686,10.630809938039878,1.953211391551367,4.938730118393774e-50,9.513001566417444e-51,0.0,0.992009741830908,0.08952165525837652
F0.2_L0.75_W1_H,0.2,0.75,1.0,H,10.218312487881763,10.667071403570576,2.118118730293566,4.938730118393774e-50,9.161990697326582e-51,0.0,0.995393465862207,0.09010098218810794
F0.2_L0.75_W1_H2,0.2,0.75,1.0,H2,10.27557540412416,10.726150567473342,2.2615617642283654,4.938730118393774e-50,8.498345883010039e-51,0.0,1.0009064142144353,0.0909981896174328
F0.2_L1_W0.2_sqrt_H,0.2,1.0,0.2,sqrt_H,10.642562953887609,11.16424090544239,3.0886810992821148,4.938730118393774e-50,9.513001566417444e-51,0.0,1.041786637414759,0.07726491794215906
F0.2_L1_W0.2_H,0.2,1.0,0.2,H,10.603879695635479,11.13256258967206,2.966625568923636,4.938730118393774e-50,9.161990697326582e-51,0.0,1.0388305881549078,0.07858165955816444
F0.2_L1_W0.2_H2,0.2,1.0,0.2,H2,10.552548306670394,11.078739380357803,2.838895316804159,4.938730118393774e-50,8.498345883010039e-51,0.0,1.0338080970853145,0.08093496034942015
F0.2_L1_W0.25_sqrt_H,0.2,1.0,0.25,sqrt_H,10.630268416624,11.151688242244905,3.0714085720905477,4.938730118393774e-50,9.513001566417444e-51,0.0,1.0406152907111301,0.0779375960706982
F0.2_L1_W0.25_H,0.2,1.0,0.25,H,10.593367696749294,11.121587773804949,2.953751788148481,4.938730118393774e-50,9.161990697326582e-51,0.0,1.0378064776385474,0.07939378607316644
F0.2_L1_W0.25_H2,0.2,1.0,0.25,H2,10.544825980431652,11.070603272111478,2.829748630020774,4.938730118393774e-50,8.498345883010039e-51,0.0,1.033048879425702,0.08182808219547075
F0.2_L1_W0.35_sqrt_H,0.2,1.0,0.35,sqrt_H,10.598680385120879,11.118313989412838,3.014071379361929,4.938730118393774e-50,9.513001566417444e-51,0.0,1.0375009857683553,0.08045711419360964
F0.2_L1_W0.35_H,0.2,1.0,0.35,H,10.566452469550176,11.092387599023072,2.9109340075679,4.938730118393774e-50,9.161990697326582e-51,0.0,1.0350816751055685,0.08190143250202056
F0.2_L1_W0.35_H2,0.2,1.0,0.35,H2,10.525100194284462,11.048770715473829,2.7998707649614967,4.938730118393774e-50,8.498345883010039e-51,0.0,1.0310115832084001,0.08415835531421453
F0.2_L1_W0.5_sqrt_H,0.2,1.0,0.5,sqrt_H,10.529514906619745,11.039331780877152,2.857457852870722,4.938730118393774e-50,9.513001566417444e-51,0.0,1.0301307928333505,0.08427805671535205
F0.2_L1_W0.5_H,0.2,1.0,0.5,H,10.508060799232725,11.022976042892305,2.792566978210199,4.938730118393774e-50,9.161990697326582e-51,0.0,1.028604563739766,0.08545018842888148
F0.2_L1_W0.5_H2,0.2,1.0,0.5,H2,10.48229248961893,10.99595540879651,2.717391125091762,4.938730118393774e-50,8.498345883010039e-51,0.0,1.0260831441668732,0.08721735982176768
F0.2_L1_W0.75_sqrt_H,0.2,1.0,0.75,sqrt_H,10.368130464810488,10.851100934741327,2.46599296347509,4.938730118393774e-50,9.513001566417444e-51,0.0,1.012566107342017,0.0880308598352381
F0.2_L1_W0.75_H,0.2,1.0,0.75,H,10.374966505242643,10.859237726465306,2.49815638547309,4.938730118393774e-50,9.161990697326582e-51,0.0,1.013325388780071,0.08880691766739655
F0.2_L1_W0.75_H2,0.2,1.0,0.75,H2,10.386774311359956,10.871626083540487,2.5157128774479993,4.938730118393774e-50,8.498345883010039e-51,0.0,1.0144814033241638,0.08997540163403162
F0.2_L1_W1_sqrt_H,0.2,1.0,1.0,sqrt_H,10.209753847517808,10.667681566705971,2.0440385657710247,4.938730118393774e-50,9.513001566417444e-51,0.0,0.9954504029891,0.08969236809890298
F0.2_L1_W1_H,0.2,1.0,1.0,H,10.244535588189349,10.700000087647943,2.18609965215211,4.938730118393774e-50,9.161990697326582e-51,0.0,0.9984661927363404,0.09026608211032162
F0.2_L1_W1_H2,0.2,1.0,1.0,H2,10.294651845947923,10.751472031607024,2.307695257120046,4.938730118393774e-50,8.498345883010039e-51,0.0,1.0032692764276097,0.09113085531548443
F0.2_L1.25_W0.2_sqrt_H,0.2,1.25,0.2,sqrt_H,10.656905028675281,11.179341522947107,3.1221443208834594,4.938730118393774e-50,9.513001566417444e-51,0.0,1.0431957454469456,0.0838765751048877
F0.2_L1.25_W0.2_H,0.2,1.25,0.2,H,10.615772022800645,11.146062234447866,2.987559278427996,4.938730118393774e-50,9.161990697326582e-51,0.0,1.040090302062588,0.0846949056264226
F0.2_L1.25_W0.2_H2,0.2,1.25,0.2,H2,10.56098894046639,11.088595581533264,2.850452614407554,4.938730118393774e-50,8.498345883010039e-51,0.0,1.0347278245228748,0.08618307991386322
F0.2_L1.25_W0.25_sqrt_H,0.2,1.25,0.25,sqrt_H,10.64823418396817,11.17034553813902,3.1089904281729903,4.938730118393774e-50,9.513001566417444e-51,0.0,1.042356288752771,0.08378781829695758
F0.2_L1.25_W0.25_H,0.2,1.25,0.25,H,10.608401568687466,11.138321219650733,2.9784649607927864,4.938730118393774e-50,9.161990697326582e-51,0.0,1.0393679523888408,0.08477408236355757
F0.2_L1.25_W0.25_H2,0.2,1.25,0.25,H2,10.555572099392364,11.08290127924583,2.8443970786977686,4.938730118393774e-50,8.498345883010039e-51,0.0,1.0341964630015055,0.08641382348186386
F0.2_L1.25_W0.35_sqrt_H,0.2,1.25,0.35,sqrt_H,10.619915660846937,11.140364151368672,3.05879901502934,4.938730118393774e-50,9.513001566417444e-51,0.0,1.0395585877381606,0.08457755347812115
F0.2_L1.25_W0.35_H,0.2,1.25,0.35,H,10.58418920215058,11.112111495013078,2.941790225970313,4.938730118393774e-50,9.161990697326582e-51,0.0,1.0369222025049845,0.08566548784878594
F0.2_L1.25_W0.35_H2,0.2,1.25,0.35,H2,10.537751292695578,11.063351089688984,2.819221140403637,4.938730118393774e-50,8.498345883010039e-51,0.0,1.0323721449478418,0.08733469191421193
F0.2_L1.25_W0.5_sqrt_H,0.2,1.25,0.5,sqrt_H,10.552776213556255,11.064339490742253,2.9098228561981387,4.938730118393774e-50,9.513001566417444e-51,0.0,1.0324643771934932,0.08641419339142593
F0.2_L1.25_W0.5_H,0.2,1.25,0.5,H,10.527286044254453,11.045058559964305,2.8296674714667183,4.938730118393774e-50,9.161990697326582e-51,0.0,1.0306651849141872,0.08739527668767066
F0.2_L1.25_W0.5_H2,0.2,1.25,0.5,H2,10.495901847938535,11.012359901714962,2.741228025398206,4.938730118393774e-50,8.498345883010039e-51,0.0,1.0276139228074235,0.08884753163633372
F0.2_L1.25_W0.75_sqrt_H,0.2,1.25,0.75,sqrt_H,10.390153273375152,10.875527050501367,2.519788722274466,4.938730118393774e-50,9.513001566417444e-51,0.0,1.0148454204828101,0.0887428814477012
F0.2_L1.25_W0.75_H,0.2,1.25,0.75,H,10.393186934946671,10.880608357057207,2.5365088500029422,4.938730118393774e-50,9.161990697326582e-51,0.0,1.0153195805547146,0.0894569539163281
F0.2_L1.25_W0.75_H2,0.2,1.25,0.75,H2,10.399604111954206,10.88753834066931,2.540331482832267,4.938730118393774e-50,8.498345883010039e-51,0.0,1.0159662491805297,0.09051470145892418
F0.2_L1.25_W1_sqrt_H,0.2,1.25,1.0,sqrt_H,10.226934451606423,10.687092914001783,2.0917892368968007,4.938730118393774e-50,9.513001566417444e-51,0.0,0.9972617650331719,0.09000032355245012
F0.2_L1.25_W1_H,0.2,1.25,1.0,H,10.259082974886068,10.717157959877577,2.2199418097280166,4.938730118393774e-50,9.161990697326582e-51,0.0,1.0000672726634663,0.09054784021140479
F0.2_L1.25_W1_H2,0.2,1.25,1.0,H2,10.304977051518097,10.764333260136398,2.3291526329264465,4.938730118393774e-50,8.498345883010039e-51,0.0,1.0044694167807355,0.09135773221512733
F0.3_L0.25_W0.2_sqrt_H,0.3,0.25,0.2,sqrt_H,10.481685075837675,10.996870879122197,2.75175715203772,4.938730118393774e-50,1.4269502349626162e-50,0.0,1.0261685709110941,0.08343491771076172
F0.3_L0.25_W0.2_H,0.3,0.25,0.2,H,10.467032629716892,10.980892668954858,2.720492595673978,4.938730118393774e-50,1.374298604598987e-50,0.0,1.0246775706735392,0.0832333796801675
F0.3_L0.25_W0.2_H2,0.3,0.25,0.2,H2,10.452497942354329,10.963594763037634,2.673975505106229,4.938730118393774e-50,1.2747518824515055e-50,0.0,1.0230634235593328,0.08405524005204566
F0.3_L0.25_W0.25_sqrt_H,0.3,0.25,0.25,sqrt_H,10.451277722577384,10.957276229189468,2.68420557117761,4.938730118393774e-50,1.4269502349626162e-50,0.0,1.0224738121216341,0.08239582405850704
F0.3_L0.25_W0.25_H,0.3,0.25,0.25,H,10.441491893178128,10.946741466279184,2.6678182048228445,4.938730118393774e-50,1.374298604598987e-50,0.0,1.0214907649694613,0.0826713671122156
F0.3_L0.25_W0.25_H2,0.3,0.25,0.25,H2,10.433481200255425,10.937150848009573,2.6358690825687763,4.938730118393774e-50,1.2747518824515055e-50,0.0,1.0205958202936478,0.08394350380447074
F0.3_L0.25_W0.35_sqrt_H,0.3,0.25,0.35,sqrt_H,10.384724546345735,10.870713708828113,2.5285142796637627,4.938730118393774e-50,1.4269502349626162e-50,0.0,1.0143962654458507,0.08190786193998231
F0.3_L0.25_W0.35_H,0.3,0.25,0.35,H,10.385198688669231,10.87171976934827,2.5473595774172604,4.938730118393774e-50,1.374298604598987e-50,0.0,1.0144901455775324,0.0827452488195928
F0.3_L0.25_W0.35_H2,0.3,0.25,0.35,H2,10.391703542125239,10.879071791768045,2.550152805297117,4.938730118393774e-50,1.2747518824515055e-50,0.0,1.0151761965844721,0.08452781198840807
F0.3_L0.25_W0.5_sqrt_H,0.3,0.25,0.5,sqrt_H,10.275156063831373,10.732787319165851,2.2465801583605893,4.938730118393774e-50,1.4269502349626162e-50,0.0,1.0015257200219376,0.08324554144585407
F0.3_L0.25_W0.5_H,0.3,0.25,0.5,H,10.292273601819248,10.751056819363784,2.332702040223221,4.938730118393774e-50,1.374298604598987e-50,0.0,1.003230531064592,0.08431961618924633
F0.3_L0.25_W0.5_H2,0.3,0.25,0.5,H2,10.323621096670095,10.78592574803029,2.401460299914181,4.938730118393774e-50,1.2747518824515055e-50,0.0,1.0064843110800363,0.08624450028129213
F0.3_L0.25_W0.75_sqrt_H,0.3,0.25,0.75,sqrt_H,10.092773649057943,10.51429843674309,1.7111294238340284,4.938730118393774e-50,1.4269502349626162e-50,0.0,0.9811375180779293,0.08630976581476625
F0.3_L0.25_W0.75_H,0.3,0.25,0.75,H,10.136781602865929,10.557367169844408,1.934872537809006,4.938730118393774e-50,1.374298604598987e-50,0.0,0.9851564595371255,0.08719762536952705
F0.3_L0.25_W0.75_H2,0.3,0.25,0.75,H2,10.211321830318516,10.636765700182002,2.135612897634368,4.938730118393774e-50,1.2747518824515055e-50,0.0,0.9925655013731676,0.08875807208040168
F0.3_L0.25_W1_sqrt_H,0.3,0.25,1.0,sqrt_H,9.948620206993636,10.345148798579217,1.180925357384115,4.938730118393774e-50,1.4269502349626162e-50,0.0,0.9653533878128111,0.08827266502496292
F0.3_L0.25_W1_H,0.3,0.25,1.0,H,10.008110091603829,10.401706297731973,1.5499856057369534,4.938730118393774e-50,1.374298604598987e-50,0.0,0.9706310280359108,0.08896488580627412
F0.3_L0.25_W1_H2,0.3,0.25,1.0,H2,10.117286547490576,10.515208816507755,1.8867282895256436,4.938730118393774e-50,1.2747518824515055e-50,0.0,0.9812224697985016,0.09018089012457386
F0.3_L0.5_W0.2_sqrt_H,0.3,0.5,0.2,sqrt_H,10.623291630277713,11.15755643583489,3.075552699831189,4.938730118393774e-50,1.4269502349626162e-50,0.0,1.0411628788292644,0.07540244322692813
F0.3_L0.5_W0.2_H,0.3,0.5,0.2,H,10.584696649314601,11.122291137646554,2.971185157607398,4.938730118393774e-50,1.374298604598987e-50,0.0,1.0378721117517513,0.075718723392308
F0.3_L0.5_W0.2_H2,0.3,0.5,0.2,H2,10.538759943438697,11.072114661608301,2.852476776477258,4.938730118393774e-50,1.2747518824515055e-50,0.0,1.033189914127036,0.07725411822573479
F0.3_L0.5_W0.25_sqrt_H,0.3,0.5,0.25,sqrt_H,10.602220875892487,11.131582919011326,3.0301740746649575,4.938730118393774e-50,1.4269502349626162e-50,0.0,1.0387391705823146,0.07557065713834851
F0.3_L0.5_W0.25_H,0.3,0.5,0.25,H,10.567679634215086,11.100414820651936,2.9369086103593265,4.938730118393774e-50,1.374298604598987e-50,0.0,1.0358307320543882,0.07624522198982667
F0.3_L0.5_W0.25_H2,0.3,0.5,0.25,H2,10.526552654035013,11.055610196531424,2.8284873860762727,4.938730118393774e-50,1.2747518824515055e-50,0.0,1.0316498066248423,0.07813481289524893
F0.3_L0.5_W0.35_sqrt_H,0.3,0.5,0.35,sqrt_H,10.542285929630898,11.057743364738075,2.8996368171024915,4.938730118393774e-50,1.4269502349626162e-50,0.0,1.0318488623557127,0.07740023240964247
F0.3_L0.5_W0.35_H,0.3,0.5,0.35,H,10.517844430071067,11.036919615098343,2.8369063571169497,4.938730118393774e-50,1.374298604598987e-50,0.0,1.0299057025565572,0.07845331970208261
F0.3_L0.5_W0.35_H2,0.3,0.5,0.35,H2,10.490039784135163,11.00705317812617,2.7576924798585125,4.938730118393774e-50,1.2747518824515055e-50,0.0,1.0271187280360028,0.08063983212586859
F0.3_L0.5_W0.5_sqrt_H,0.3,0.5,0.5,sqrt_H,10.42281792611844,10.9117419045948,2.623225419746663,4.938730118393774e-50,1.4269502349626162e-50,0.0,1.0182247949866396,0.0812836343947165
F0.3_L0.5_W0.5_H,0.3,0.5,0.5,H,10.417521553911593,10.909758490795749,2.625456011082374,4.938730118393774e-50,1.374298604598987e-50,0.0,1.0180397135279167,0.08238606229459866
F0.3_L0.5_W0.5_H2,0.3,0.5,0.5,H2,10.416420440324748,10.909342921711698,2.6093185174884748,4.938730118393774e-50,1.2747518824515055e-50,0.0,1.0180009348664425,0.08443334361604005
F0.3_L0.5_W0.75_sqrt_H,0.3,0.5,0.75,sqrt_H,10.203947346183124,10.651032270030667,2.052235867401378,4.938730118393774e-50,1.4269502349626162e-50,0.0,0.9938967805847115,0.08596929246868465
F0.3_L0.5_W0.75_H,0.3,0.5,0.75,H,10.233968119900544,10.681161881223355,2.1969937609659698,4.938730118393774e-50,1.374298604598987e-50,0.0,0.9967083131015119,0.08680372764755462
F0.3_L0.5_W0.75_H2,0.3,0.5,0.75,H2,10.283915530902162,10.73430064464514,2.317890643671183,4.938730118393774e-50,1.2747518824515055e-50,0.0,1.0016669353786944,0.08832461571764287
F0.3_L0.5_W1_sqrt_H,0.3,0.5,1.0,sqrt_H,10.022348115337648,10.437992703201996,1.4726136373039342,4.938730118393774e-50,1.4269502349626162e-50,0.0,0.9740170793275893,0.08822262540811784
F0.3_L0.5_W1_H,0.3,0.5,1.0,H,10.07700711402,10.489754493868263,1.7718281842299113,4.938730118393774e-50,1.374298604598987e-50,0.0,0.9788472099474409,0.08888482307977434
F0.3_L0.5_W1_H2,0.3,0.5,1.0,H2,10.17043773625414,10.586650205185734,2.038281449493234,4.938730118393774e-50,1.2747518824515055e-50,0.0,0.9878889941697905,0.09006546546695057
F0.3_L0.75_W0.2_sqrt_H,0.3,0.75,0.2,sqrt_H,10.734734110750532,11.268265800507745,3.262945348604354,4.938730118393774e-50,1.4269502349626162e-50,0.0,1.0514936785432543,0.07030854130031901
F0.3_L0.75_W0.2_H,0.3,0.75,0.2,H,10.676780764756762,11.21932990021152,3.1126165073045966,4.938730118393774e-50,1.374298604598987e-50,0.0,1.0469272447435667,0.07164590864961676
F0.3_L0.75_W0.2_H2,0.3,0.75,0.2,H2,10.60522007334813,11.144580232634526,2.9508067985755515,4.938730118393774e-50,1.2747518824515055e-50,0.0,1.039952009661086,0.0743709620488308
F0.3_L0.75_W0.25_sqrt_H,0.3,0.75,0.25,sqrt_H,10.715580652730416,11.248913719447568,3.232635187471761,4.938730118393774e-50,1.4269502349626162e-50,0.0,1.0496878469040578,0.07096982597032825
F0.3_L0.75_W0.25_H,0.3,0.75,0.25,H,10.661197391302672,11.202932814310977,3.090064127678873,4.938730118393774e-50,1.374298604598987e-50,0.0,1.045397157285905,0.07259893774036152
F0.3_L0.75_W0.25_H2,0.3,0.75,0.25,H2,10.594126934382261,11.132459160986322,2.9351235241333296,4.938730118393774e-50,1.2747518824515055e-50,0.0,1.0388209367488122,0.07557264908926595
F0.3_L0.75_W0.35_sqrt_H,0.3,0.75,0.35,sqrt_H,10.659927308377629,11.187936236072494,3.131699036098616,4.938730118393774e-50,1.4269502349626162e-50,0.0,1.043997757635887,0.07416709477877723
F0.3_L0.75_W0.35_H,0.3,0.75,0.35,H,10.615256504302508,11.150669896537599,3.0139117857288005,4.938730118393774e-50,1.374298604598987e-50,0.0,1.0405202641921643,0.0759503814760947
F0.3_L0.75_W0.35_H2,0.3,0.75,0.35,H2,10.560958158290601,11.093273386711088,2.8818288886331245,4.938730118393774e-50,1.2747518824515055e-50,0.0,1.0351643320264265,0.07891693335806385
F0.3_L0.75_W0.5_sqrt_H,0.3,0.75,0.5,sqrt_H,10.538998558500639,11.047394311784075,2.879464983200665,4.938730118393774e-50,1.4269502349626162e-50,0.0,1.0308831446532114,0.07981789189726585
F0.3_L0.75_W0.5_H,0.3,0.75,0.5,H,10.514531610563303,11.028723657243093,2.8223229384191133,4.938730118393774e-50,1.374298604598987e-50,0.0,1.029140900054826,0.08130700518161213
F0.3_L0.75_W0.5_H2,0.3,0.75,0.5,H2,10.487462620327303,11.000483747023951,2.747909352198157,4.938730118393774e-50,1.2747518824515055e-50,0.0,1.026505704222232,0.08371351029336296
F0.3_L0.75_W0.75_sqrt_H,0.3,0.75,0.75,sqrt_H,10.294742582906624,10.760987651805683,2.297341459474079,4.938730118393774e-50,1.4269502349626162e-50,0.0,1.0041572226886801,0.08576089046958982
F0.3_L0.75_W0.75_H,0.3,0.75,0.75,H,10.311898995213607,10.779344906036407,2.3849303130465387,4.938730118393774e-50,1.374298604598987e-50,0.0,1.005870222463512,0.0866866430708062
F0.3_L0.75_W0.75_H2,0.3,0.75,0.75,H2,10.341500544094469,10.810629501450043,2.449023233035775,4.938730118393774e-50,1.2747518824515055e-50,0.0,1.008789531867071,0.08824772515039728
F0.3_L0.75_W1_sqrt_H,0.3,0.75,1.0,sqrt_H,10.083176835114863,10.513850424084126,1.6835043640162597,4.938730118393774e-50,1.4269502349626162e-50,0.0,0.9810957119573471,0.08828807525709179
F0.3_L0.75_W1_H,0.3,0.75,1.0,H,10.132111228819314,10.560074303439796,1.932398651617555,4.938730118393774e-50,1.374298604598987e-50,0.0,0.9854090746167586,0.08895711683304137
F0.3_L0.75_W1_H2,0.3,0.75,1.0,H2,10.212198458443886,10.642711829153258,2.1488755121960286,4.938730118393774e-50,1.2747518824515055e-50,0.0,0.993120361999973,0.09010665676209548
F0.3_L1_W0.2_sqrt_H,0.3,1.0,0.2,sqrt_H,10.816898806087586,11.351228508467871,3.369545692282022,4.938730118393774e-50,1.4269502349626162e-50,0.0,1.059235310176666,0.07235860369898021
F0.3_L1_W0.2_H,0.3,1.0,0.2,H,10.745645652650506,11.292333788613687,3.1901039102231405,4.938730118393774e-50,1.374298604598987e-50,0.0,1.0537395731464427,0.07376433829354151
F0.3_L1_W0.2_H2,0.3,1.0,0.2,H2,10.655533304235405,11.19881724844879,3.00314310858041,4.938730118393774e-50,1.2747518824515055e-50,0.0,1.045013114917334,0.07655977204272066
F0.3_L1_W0.25_sqrt_H,0.3,1.0,0.25,sqrt_H,10.794816330711626,11.328925128963927,3.345177830799255,4.938730118393774e-50,1.4269502349626162e-50,0.0,1.0571540793134848,0.07265395289040719
F0.3_L1_W0.25_H,0.3,1.0,0.25,H,10.727092181181497,11.273053382072263,3.1720985514964037,4.938730118393774e-50,1.374298604598987e-50,0.0,1.0519404297860564,0.0743982556954667
F0.3_L1_W0.25_H2,0.3,1.0,0.25,H2,10.64194622763365,11.184517627275525,2.990415095908547,4.938730118393774e-50,1.2747518824515055e-50,0.0,1.043678751534765,0.07747825549013584
F0.3_L1_W0.35_sqrt_H,0.3,1.0,0.35,sqrt_H,10.737524541624962,11.269547885597074,3.262953636718377,4.938730118393774e-50,1.4269502349626162e-50,0.0,1.0516133157962844,0.07554818800279417
F0.3_L1_W0.35_H,0.3,1.0,0.35,H,10.679298702850133,11.221877751162117,3.111010803945031,4.938730118393774e-50,1.374298604598987e-50,0.0,1.0471649964274417,0.07742407627953106
F0.3_L1_W0.35_H2,0.3,1.0,0.35,H2,10.607209435635975,11.146448990153083,2.947932755216137,4.938730118393774e-50,1.2747518824515055e-50,0.0,1.040126392015237,0.08043758760548445
F0.3_L1_W0.5_sqrt_H,0.3,1.0,0.5,sqrt_H,10.616453345844032,11.134196885039936,3.0341548204509112,4.938730118393774e-50,1.4269502349626162e-50,0.0,1.0389830917680294,0.08070200708721098
F0.3_L1_W0.5_H,0.3,1.0,0.5,H,10.578694813102413,11.10453075893407,2.9384691118793635,4.938730118393774e-50,1.374298604598987e-50,0.0,1.0362148091751766,0.08224760635058286
F0.3_L1_W0.5_H2,0.3,1.0,0.5,H2,10.533957733525426,11.05779043152642,2.8278910321384045,4.938730118393774e-50,1.2747518824515055e-50,0.0,1.0318532543740846,0.08465010079377829
F0.3_L1_W0.75_sqrt_H,0.3,1.0,0.75,sqrt_H,10.357133573102693,10.834456012104841,2.4532638654863637,4.938730118393774e-50,1.4269502349626162e-50,0.0,1.0110128930992965,0.08608131110199416
F0.3_L1_W0.75_H,0.3,1.0,0.75,H,10.36492215896027,10.84454546171919,2.5021631592706273,4.938730118393774e-50,1.374298604598987e-50,0.0,1.0119543860208595,0.08705212238476595
F0.3_L1_W0.75_H2,0.3,1.0,0.75,H2,10.380192061590744,10.860607483168318,2.5293770693735187,4.938730118393774e-50,1.2747518824515055e-50,0.0,1.013453207074373,0.08860515120465422
F0.3_L1_W1_sqrt_H,0.3,1.0,1.0,sqrt_H,10.12565458839626,10.565577463506555,1.8202205826698061,4.938730118393774e-50,1.4269502349626162e-50,0.0,0.9859225997788956,0.08846994630723107
F0.3_L1_W1_H,0.3,1.0,1.0,H,10.17011255281115,10.607614113100544,2.0345751147432334,4.938730118393774e-50,1.374298604598987e-50,0.0,0.9898452327818574,0.08915844422501133
F0.3_L1_W1_H2,0.3,1.0,1.0,H2,10.240530913354405,10.679962742322502,2.2181033690864216,4.938730118393774e-50,1.2747518824515055e-50,0.0,0.9965964159386064,0.09028417160085134
F0.3_L1.25_W0.2_sqrt_H,0.3,1.25,0.2,sqrt_H,10.843677541603213,11.378953487340961,3.417899273821674,4.938730118393774e-50,1.4269502349626162e-50,0.0,1.0618224553983813,0.08092682433709562
F0.3_L1.25_W0.2_H,0.3,1.25,0.2,H,10.766897358858529,11.31626204678057,3.2200641900695284,4.938730118393774e-50,1.374298604598987e-50,0.0,1.0559724289067227,0.08175596569299236
F0.3_L1.25_W0.2_H2,0.3,1.25,0.2,H2,10.670342194073566,11.216129104463866,3.0194502003539916,4.938730118393774e-50,1.2747518824515055e-50,0.0,1.046628563779295,0.08351698307399999
F0.3_L1.25_W0.25_sqrt_H,0.3,1.25,0.25,sqrt_H,10.827786207917926,11.362831003388438,3.3993420437128843,4.938730118393774e-50,1.4269502349626162e-50,0.0,1.0603179923107489,0.08038366728101125
F0.3_L1.25_W0.25_H,0.3,1.25,0.25,H,10.753762519692984,11.302582172780829,3.207399877505886,4.938730118393774e-50,1.374298604598987e-50,0.0,1.0546958969816993,0.08156086194786402
F0.3_L1.25_W0.25_H2,0.3,1.25,0.25,H2,10.660759766136977,11.206054810355411,3.0111084969949644,4.938730118393774e-50,1.2747518824515055e-50,0.0,1.045688485087652,0.08366040583483511
F0.3_L1.25_W0.35_sqrt_H,0.3,1.25,0.35,sqrt_H,10.77551944878029,11.308810696259934,3.3277826036774836,4.938730118393774e-50,1.4269502349626162e-50,0.0,1.0552771091381115,0.08113091545801263
F0.3_L1.25_W0.35_H,0.3,1.25,0.35,H,10.710293395055135,11.25618523842398,3.155462638373765,4.938730118393774e-50,1.374298604598987e-50,0.0,1.0503663857646481,0.08255733822143907
F0.3_L1.25_W0.35_H2,0.3,1.25,0.35,H2,10.629118272923758,11.17161002813436,2.9756346896140324,4.938730118393774e-50,1.2747518824515055e-50,0.0,1.0424742841267018,0.08481703867466776
F0.3_L1.25_W0.5_sqrt_H,0.3,1.25,0.5,sqrt_H,10.65594512433926,11.176517003253895,3.1110251460117566,4.938730118393774e-50,1.4269502349626162e-50,0.0,1.0429321765309374,0.08364341821386542
F0.3_L1.25_W0.5_H,0.3,1.25,0.5,H,10.610961490011716,11.141388869448718,2.992750025540042,4.938730118393774e-50,1.374298604598987e-50,0.0,1.0396542088925187,0.08494714868542813
F0.3_L1.25_W0.5_H2,0.3,1.25,0.5,H2,10.55670508820389,11.084988805847546,2.862660847636365,4.938730118393774e-50,1.2747518824515055e-50,0.0,1.0343912597044191,0.08693944345655812
F0.3_L1.25_W0.75_sqrt_H,0.3,1.25,0.75,sqrt_H,10.391363604235973,10.872473317128975,2.533366823470604,4.938730118393774e-50,1.4269502349626162e-50,0.0,1.0145604625847737,0.08704066487077813
F0.3_L1.25_W0.75_H,0.3,1.25,0.75,H,10.393483260521153,10.87791615230944,2.559158416568314,4.938730118393774e-50,1.374298604598987e-50,0.0,1.0150683585544762,0.08794705576726188
F0.3_L1.25_W0.75_H2,0.3,1.25,0.75,H2,10.400420824102598,10.885489550906337,2.565896533397453,4.938730118393774e-50,1.2747518824515055e-50,0.0,1.0157750671901002,0.08936614813578778
F0.3_L1.25_W1_sqrt_H,0.3,1.25,1.0,sqrt_H,10.149986656563343,10.593300934559897,1.8919657999092214,4.938730118393774e-50,1.4269502349626162e-50,0.0,0.988509604299019,0.08885391113251663
F0.3_L1.25_W1_H,0.3,1.25,1.0,H,10.191510112324996,10.632786085380287,2.085336881895443,4.938730118393774e-50,1.374298604598987e-50,0.0,0.9921941452229736,0.08952877004647414
F0.3_L1.25_W1_H2,0.3,1.25,1.0,H2,10.256039137327337,10.699121928200205,2.2502339099706186,4.938730118393774e-50,1.2747518824515055e-50,0.0,0.9983842476416473,0.0905976433605176
F0.4_L0.25_W0.2_sqrt_H,0.4,0.25,0.2,sqrt_H,10.516552401116856,11.038734332988636,2.837124532198861,4.938730118393774e-50,1.9026003132834888e-50,0.0,1.0300750422245917,0.08234340566350282
F0.4_L0.25_W0.2_H,0.4,0.25,0.2,H,10.494967944686588,11.015516321435939,2.7960612773481914,4.938730118393774e-50,1.8323981394653164e-50,0.0,1.0279084628406634,0.08153986762386926
F0.4_L0.25_W0.2_H2,0.4,0.25,0.2,H2,10.473307956770137,10.990105345622075,2.7348320749705755,4.938730118393774e-50,1.6996691766020078e-50,0.0,1.0255372478811537,0.0820567916043354
F0.4_L0.25_W0.25_sqrt_H,0.4,0.25,0.25,sqrt_H,10.474198377955098,10.984056113475878,2.747679416880744,4.938730118393774e-50,1.9026003132834888e-50,0.0,1.0249727662231616,0.0805630653948031
F0.4_L0.25_W0.25_H,0.4,0.25,0.25,H,10.459351052063255,10.968361436758919,2.7263630564943973,4.938730118393774e-50,1.8323981394653164e-50,0.0,1.023508223795176,0.08049767996887211
F0.4_L0.25_W0.25_H2,0.4,0.25,0.25,H2,10.446720424285521,10.953587806695028,2.6844427683880903,4.938730118393774e-50,1.6996691766020078e-50,0.0,1.0221296284641521,0.08172377272468707
F0.4_L0.25_W0.35_sqrt_H,0.4,0.25,0.35,sqrt_H,10.383175092878918,10.86627030839838,2.540915124379464,4.938730118393774e-50,1.9026003132834888e-50,0.0,1.0139816313268286,0.07946026119213649
F0.4_L0.25_W0.35_H,0.4,0.25,0.35,H,10.38214639005697,10.866184070372615,2.5664778062832108,4.938730118393774e-50,1.8323981394653164e-50,0.0,1.0139735840602353,0.08023823065562412
F0.4_L0.25_W0.35_H2,0.4,0.25,0.35,H2,10.38928686154871,10.874439146542734,2.5707326093437044,4.938730118393774e-50,1.6996691766020078e-50,0.0,1.0147439031636754,0.08225736773003439
F0.4_L0.25_W0.5_sqrt_H,0.4,0.25,0.5,sqrt_H,10.237769613233501,10.683347578860692,2.165165712212847,4.938730118393774e-50,1.9026003132834888e-50,0.0,0.9969122705950211,0.0809668773718165
F0.4_L0.25_W0.5_H,0.4,0.25,0.5,H,10.257746999253683,10.70532757019816,2.2805476443053427,4.938730118393774e-50,1.8323981394653164e-50,0.0,0.9989633246218742,0.08208598964920481
F0.4_L0.25_W0.5_H2,0.4,0.25,0.5,H2,10.297610740531468,10.749772137906547,2.372795677087834,4.938730118393774e-50,1.6996691766020078e-50,0.0,1.0031106515325379,0.0843432018300436
F0.4_L0.25_W0.75_sqrt_H,0.4,0.25,0.75,sqrt_H,10.011810459676528,10.410894776286199,1.4479540492951928,4.938730118393774e-50,1.9026003132834888e-50,0.0,0.9714884472063712,0.08491986871689348
F0.4_L0.25_W0.75_H,0.4,0.25,0.75,H,10.05927702895538,10.458453686516595,1.7480723165471035,4.938730118393774e-50,1.8323981394653164e-50,0.0,0.9759263877334232,0.08578739027566819
F0.4_L0.25_W0.75_H2,0.4,0.25,0.75,H2,10.15166054336611,10.55667696302588,2.017304302400612,4.938730118393774e-50,1.6996691766020078e-50,0.0,0.9850920531662235,0.0875733593146322
F0.4_L0.25_W1_sqrt_H,0.4,0.25,1.0,sqrt_H,9.856737856445157,10.225037990360798,0.7340267197084809,4.938730118393774e-50,1.9026003132834888e-50,0.0,0.9541452961860856,0.08742109441389292
F0.4_L0.25_W1_H,0.4,0.25,1.0,H,9.907754446620448,10.275069488954856,1.2303712757833134,4.938730118393774e-50,1.8323981394653164e-50,0.0,0.9588139652990672,0.08805484599325726
F0.4_L0.25_W1_H2,0.4,0.25,1.0,H2,10.035580746436683,10.40717574622257,1.6829643307560171,4.938730118393774e-50,1.6996691766020078e-50,0.0,0.9711414074159146,0.08941547032923515
F0.4_L0.5_W0.2_sqrt_H,0.4,0.5,0.2,sqrt_H,10.727100355480106,11.27425436705548,3.2614471726762186,4.938730118393774e-50,1.9026003132834888e-50,0.0,1.0520524992153932,0.07367016446724546
F0.4_L0.5_W0.2_H,0.4,0.5,0.2,H,10.66874185780289,11.221133986659096,3.124210696825817,4.938730118393774e-50,1.8323981394653164e-50,0.0,1.0470955923428118,0.07331434128943529
F0.4_L0.5_W0.2_H2,0.4,0.5,0.2,H2,10.600595886269408,11.1473844282214,2.9682520317182854,4.938730118393774e-50,1.6996691766020078e-50,0.0,1.0402136820413084,0.07436901021475867
F0.4_L0.5_W0.25_sqrt_H,0.4,0.5,0.25,sqrt_H,10.696105188309373,11.236717926001994,3.2018406039026925,4.938730118393774e-50,1.9026003132834888e-50,0.0,1.0485498013573986,0.07312192353139119
F0.4_L0.5_W0.25_H,0.4,0.5,0.25,H,10.643892532764088,11.18969088169218,3.079225595315466,4.938730118393774e-50,1.8323981394653164e-50,0.0,1.0441614916842175,0.07338130456870691
F0.4_L0.5_W0.25_H2,0.4,0.5,0.25,H2,10.582793432072993,11.123729685449204,2.93679624752915,4.938730118393774e-50,1.6996691766020078e-50,0.0,1.0380063492597715,0.07508323896072383
F0.4_L0.5_W0.35_sqrt_H,0.4,0.5,0.35,sqrt_H,10.609084388259992,11.131256866590011,3.0301146330147164,4.938730118393774e-50,1.9026003132834888e-50,0.0,1.0387087451321206,0.07443641729440549
F0.4_L0.5_W0.35_H,0.4,0.5,0.35,H,10.571999747532569,11.099458952013565,2.9477799318515774,4.938730118393774e-50,1.8323981394653164e-50,0.0,1.0357415355579123,0.07537186475457829
F0.4_L0.5_W0.35_H2,0.4,0.5,0.35,H2,10.53021068667171,11.054911323936496,2.8438124507469933,4.938730118393774e-50,1.6996691766020078e-50,0.0,1.0315845916105104,0.07771174130113329
F0.4_L0.5_W0.5_sqrt_H,0.4,0.5,0.5,sqrt_H,10.440270657793095,10.927134892919115,2.664856723202873,4.938730118393774e-50,1.9026003132834888e-50,0.0,1.0196611854839404,0.0787300470597854
F0.4_L0.5_W0.5_H,0.4,0.5,0.5,H,10.43057129623826,10.922188366598647,2.668582043769547,4.938730118393774e-50,1.8323981394653164e-50,0.0,1.0191996023753411,0.07983979511669999
F0.4_L0.5_W0.5_H2,0.4,0.5,0.5,H2,10.426405602902744,10.918887339514072,2.6480468509548323,4.938730118393774e-50,1.6996691766020078e-50,0.0,1.0188915683642892,0.08217351770841469
F0.4_L0.5_W0.75_sqrt_H,0.4,0.5,0.75,sqrt_H,10.14929961689242,10.580865542435602,1.9045911816259735,4.938730118393774e-50,1.9026003132834888e-50,0.0,0.987349200698288,0.0845200070500965
F0.4_L0.5_W0.75_H,0.4,0.5,0.75,H,10.183677760813374,10.616314745327777,2.0985824964468427,4.938730118393774e-50,1.8323981394653164e-50,0.0,0.990657128769069,0.08531653617673515
F0.4_L0.5_W0.75_H2,0.4,0.5,0.75,H2,10.24666769537956,10.683364110115741,2.260726201462994,4.938730118393774e-50,1.6996691766020078e-50,0.0,0.9969138132024188,0.08703938433920852
F0.4_L0.5_W1_sqrt_H,0.4,0.5,1.0,sqrt_H,9.933148043721456,10.324359944336956,1.1271541310409408,4.938730118393774e-50,1.9026003132834888e-50,0.0,0.9634134842635969,0.08735083063453805
F0.4_L0.5_W1_H,0.4,0.5,1.0,H,9.98735713421694,10.377110960525505,1.5289379637245066,4.938730118393774e-50,1.8323981394653164e-50,0.0,0.9683359240640932,0.08795243069534475
F0.4_L0.5_W1_H2,0.4,0.5,1.0,H2,10.100658929101922,10.494329188385239,1.8865748265599747,4.938730118393774e-50,1.6996691766020078e-50,0.0,0.9792740957212616,0.08926900676785401
F0.4_L0.75_W0.2_sqrt_H,0.4,0.75,0.2,sqrt_H,10.895234947895636,11.440492076542148,3.50372419014123,4.938730118393774e-50,1.9026003132834888e-50,0.0,1.067564904030415,0.0671844855156668
F0.4_L0.75_W0.2_H,0.4,0.75,0.2,H,10.806271803271535,11.36523013224365,3.3065100316766314,4.938730118393774e-50,1.8323981394653164e-50,0.0,1.0605418660522745,0.06820508225862798
F0.4_L0.75_W0.2_H2,0.4,0.75,0.2,H2,10.699481615077575,11.254571907627763,3.0947188570979196,4.938730118393774e-50,1.6996691766020078e-50,0.0,1.0502158384520754,0.07082507416248819
F0.4_L0.75_W0.25_sqrt_H,0.4,0.75,0.25,sqrt_H,10.866393650438495,11.411704840362164,3.4645120789901234,4.938730118393774e-50,1.9026003132834888e-50,0.0,1.0648786346965287,0.06718196318032035
F0.4_L0.75_W0.25_H,0.4,0.75,0.25,H,10.783111439799695,11.341073704789077,3.2774184309031273,4.938730118393774e-50,1.8323981394653164e-50,0.0,1.0582877187669375,0.06873684137042271
F0.4_L0.75_W0.25_H2,0.4,0.75,0.25,H2,10.6830852306067,11.236784077053516,3.0745274809489453,4.938730118393774e-50,1.6996691766020078e-50,0.0,1.048555974216092,0.07187655897252102
F0.4_L0.75_W0.35_sqrt_H,0.4,0.75,0.35,sqrt_H,10.78288231459536,11.321689024220337,3.3332564325945846,4.938730118393774e-50,1.9026003132834888e-50,0.0,1.0564788451177471,0.0701661639650845
F0.4_L0.75_W0.35_H,0.4,0.75,0.35,H,10.714996329717478,11.264606674595838,3.178588480156795,4.938730118393774e-50,1.8323981394653164e-50,0.0,1.0511522286845554,0.07211148140394663
F0.4_L0.75_W0.35_H2,0.4,0.75,0.35,H2,10.634167124700397,11.179689572507142,3.0054578919285664,4.938730118393774e-50,1.6996691766020078e-50,0.0,1.0432282235512675,0.07550438973364818
F0.4_L0.75_W0.5_sqrt_H,0.4,0.75,0.5,sqrt_H,10.605941660761601,11.1189247983746,3.002488547448307,4.938730118393774e-50,1.9026003132834888e-50,0.0,1.0375579831602753,0.07672456452976341
F0.4_L0.75_W0.5_H,0.4,0.75,0.5,H,10.56879282453572,11.08990977062099,2.927660688513605,4.938730118393774e-50,1.8323981394653164e-50,0.0,1.0348504575475672,0.07839324439023312
F0.4_L0.75_W0.5_H2,0.4,0.75,0.5,H2,10.52780747396775,11.047244767436979,2.8302369089996495,4.938730118393774e-50,1.6996691766020078e-50,0.0,1.0308691899827753,0.08123222104982193
F0.4_L0.75_W0.75_sqrt_H,0.4,0.75,0.75,sqrt_H,10.26880518087417,10.725487279410897,2.2310938603103847,4.938730118393774e-50,1.9026003132834888e-50,0.0,1.0008445197564004,0.08417264791110894
F0.4_L0.75_W0.75_H,0.4,0.75,0.75,H,10.288067332587564,10.746986775423577,2.348642213615153,4.938730118393774e-50,1.8323981394653164e-50,0.0,1.0028507365558108,0.0851265449497393
F0.4_L0.75_W0.75_H2,0.4,0.75,0.75,H2,10.324768229716796,10.785827667876871,2.4349885271040344,4.938730118393774e-50,1.6996691766020078e-50,0.0,1.006475158770077,0.08692894843470358
F0.4_L0.75_W1_sqrt_H,0.4,0.75,1.0,sqrt_H,10.003290526663193,10.413260060962402,1.4103354879158165,4.938730118393774e-50,1.9026003132834888e-50,0.0,0.9717091627919825,0.08737808093107512
F0.4_L0.75_W1_H,0.4,0.75,1.0,H,10.055124242833688,10.463495488754708,1.7442578443982724,4.938730118393774e-50,1.8323981394653164e-50,0.0,0.9763968614758515,0.08801592786021371
F0.4_L0.75_W1_H2,0.4,0.75,1.0,H2,10.153932260864226,10.565375496505945,2.0346398615173285,4.938730118393774e-50,1.6996691766020078e-50,0.0,0.9859037533096895,0.08931217949798498
F0.4_L1_W0.2_sqrt_H,0.4,1.0,0.2,sqrt_H,11.017807313699397,11.564070821358586,3.6399409953300434,4.938730118393774e-50,1.9026003132834888e-50,0.0,1.0790966047621229,0.06898710849286971
F0.4_L1_W0.2_H,0.4,1.0,0.2,H,10.907991307796296,11.473024251897192,3.4048445961230103,4.938730118393774e-50,1.8323981394653164e-50,0.0,1.0706006308530418,0.07017744237813742
F0.4_L1_W0.2_H2,0.4,1.0,0.2,H2,10.773682959120807,11.334699496673938,3.1607295310225623,4.938730118393774e-50,1.6996691766020078e-50,0.0,1.0576929121074703,0.07304889447540813
F0.4_L1_W0.25_sqrt_H,0.4,1.0,0.25,sqrt_H,10.984924111011045,11.531110866965966,3.609019602742783,4.938730118393774e-50,1.9026003132834888e-50,0.0,1.0760209599111332,0.06858120383980695
F0.4_L1_W0.25_H,0.4,1.0,0.25,H,10.880679656944753,11.444715809476287,3.3821632299763866,4.938730118393774e-50,1.8323981394653164e-50,0.0,1.0679590399656804,0.07037644225364803
F0.4_L1_W0.25_H2,0.4,1.0,0.25,H2,10.753721583882868,11.31366441588244,3.144773781596328,4.938730118393774e-50,1.6996691766020078e-50,0.0,1.0557300320271203,0.07381134574230777
F0.4_L1_W0.35_sqrt_H,0.4,1.0,0.35,sqrt_H,10.898532270683516,11.442664486728104,3.503412779579161,4.938730118393774e-50,1.9026003132834888e-50,0.0,1.0677676216107574,0.07141804973547225
F0.4_L1_W0.35_H,0.4,1.0,0.35,H,10.809593176459657,11.369179751892407,3.3040404849031204,4.938730118393774e-50,1.8323981394653164e-50,0.0,1.060910423216868,0.07356799280468661
F0.4_L1_W0.35_H2,0.4,1.0,0.35,H2,10.70233344791107,11.257585450293282,3.0906158986210164,4.938730118393774e-50,1.6996691766020078e-50,0.0,1.0504970459705092,0.07714470169166919
F0.4_L1_W0.5_sqrt_H,0.4,1.0,0.5,sqrt_H,10.7183713840075,11.2440251763391,3.2052474705188287,4.938730118393774e-50,1.9026003132834888e-50,0.0,1.0492316744755013,0.07760272355741615
F0.4_L1_W0.5_H,0.4,1.0,0.5,H,10.661534720247323,11.198537278283196,3.079607463037899,4.938730118393774e-50,1.8323981394653164e-50,0.0,1.044986989614247,0.07940461678935751
F0.4_L1_W0.5_H2,0.4,1.0,0.5,H2,10.595027831726718,11.129191737418953,2.9346982058934574,4.938730118393774e-50,1.6996691766020078e-50,0.0,1.0385160384364154,0.0823116125626847
F0.4_L1_W0.75_sqrt_H,0.4,1.0,0.75,sqrt_H,10.353499705440449,10.825007870804637,2.438029822324901,4.938730118393774e-50,1.9026003132834888e-50,0.0,1.0101312436044205,0.08447076092474409
F0.4_L1_W0.75_H,0.4,1.0,0.75,H,10.360830264147474,10.83585493113755,2.504014087696139,4.938730118393774e-50,1.8323981394653164e-50,0.0,1.0111434326646325,0.08552346610234265
F0.4_L1_W0.75_H2,0.4,1.0,0.75,H2,10.378318803957253,10.85425983206658,2.541335253077777,4.938730118393774e-50,1.6996691766020078e-50,0.0,1.0128608785719004,0.0873545698937717
F0.4_L1_W1_sqrt_H,0.4,1.0,1.0,sqrt_H,10.054934868791761,10.476817802667407,1.593369415413291,4.938730118393774e-50,1.9026003132834888e-50,0.0,0.9776400278255608,0.08753313179303204
F0.4_L1_W1_H,0.4,1.0,1.0,H,10.103631763596265,10.523981722455668,1.8808535280734164,4.938730118393774e-50,1.8323981394653164e-50,0.0,0.9820411099788094,0.08822919053532122
F0.4_L1_W1_H2,0.4,1.0,1.0,H2,10.191103632556272,10.61381767135944,2.1270395860436886,4.938730118393774e-50,1.6996691766020078e-50,0.0,0.9904241153188145,0.08952270325435362
F0.4_L1.25_W0.2_sqrt_H,0.4,1.25,0.2,sqrt_H,11.058843669066633,11.605962006372856,3.7024822621762876,4.938730118393774e-50,1.9026003132834888e-50,0.0,1.0830056637964958,0.07889531395573127
F0.4_L1.25_W0.2_H,0.4,1.25,0.2,H,10.939624107102468,11.50840012718524,3.4433053713653576,4.938730118393774e-50,1.8323981394653164e-50,0.0,1.0739017163880173,0.07950876372451238
F0.4_L1.25_W0.2_H2,0.4,1.25,0.2,H2,10.79544296910722,11.360189241148168,3.181411015010256,4.938730118393774e-50,1.6996691766020078e-50,0.0,1.0600714773327535,0.08129332723342048
F0.4_L1.25_W0.25_sqrt_H,0.4,1.25,0.25,sqrt_H,11.034930882831796,11.582084478071607,3.678919507330013,4.938730118393774e-50,1.9026003132834888e-50,0.0,1.0807775418731675,0.07767828655500283
F0.4_L1.25_W0.25_H,0.4,1.25,0.25,H,10.920225901539252,11.488317885941912,3.4273945574469367,4.938730118393774e-50,1.8323981394653164e-50,0.0,1.0720277501458129,0.0788762945052968
F0.4_L1.25_W0.25_H2,0.4,1.25,0.25,H2,10.781365942476066,11.345369987696102,3.1710328961722,4.938730118393774e-50,1.6996691766020078e-50,0.0,1.0586886246736624,0.08124537776240107
F0.4_L1.25_W0.35_sqrt_H,0.4,1.25,0.35,sqrt_H,10.955513399522275,11.501287205586076,3.5874140705789346,4.938730118393774e-50,1.9026003132834888e-50,0.0,1.0732379769777207,0.07814094981195208
F0.4_L1.25_W0.35_H,0.4,1.25,0.35,H,10.855328736992671,11.419658285446427,3.361347997789802,4.938730118393774e-50,1.8323981394653164e-50,0.0,1.0656208072168438,0.07979273084535388
F0.4_L1.25_W0.35_H2,0.4,1.25,0.35,H2,10.734467979193363,11.294475623979551,3.1261292802196814,4.938730118393774e-50,1.6996691766020078e-50,0.0,1.0539394376497795,0.08251621599083027
F0.4_L1.25_W0.5_sqrt_H,0.4,1.25,0.5,sqrt_H,10.775985712916187,11.305629501905683,3.3058635408097805,4.938730118393774e-50,1.9026003132834888e-50,0.0,1.0549802572699596,0.08119870866280629
F0.4_L1.25_W0.5_H,0.4,1.25,0.5,H,10.708201682013595,11.251681418777956,3.150453100117855,4.938730118393774e-50,1.8323981394653164e-50,0.0,1.0499461136508257,0.0827305878893563
F0.4_L1.25_W0.5_H2,0.4,1.25,0.5,H2,10.627835482626153,11.168260280892797,2.9799525627078007,4.938730118393774e-50,1.6996691766020078e-50,0.0,1.0421617038138498,0.0851661845132434
F0.4_L1.25_W0.75_sqrt_H,0.4,1.25,0.75,sqrt_H,10.400319224206338,10.877122501320498,2.544179400654094,4.938730118393774e-50,1.9026003132834888e-50,0.0,1.0149942993325323,0.08561773319023118
F0.4_L1.25_W0.75_H,0.4,1.25,0.75,H,10.400212754568223,10.881766667341898,2.579407156765855,4.938730118393774e-50,1.8323981394653164e-50,0.0,1.0154276678117695,0.08661703108179516
F0.4_L1.25_W0.75_H2,0.4,1.25,0.75,H2,10.406366416113514,10.88855976092009,2.5895601532167283,4.938730118393774e-50,1.6996691766020078e-50,0.0,1.0160615625992797,0.08830795797014067
F0.4_L1.25_W1_sqrt_H,0.4,1.25,1.0,sqrt_H,10.085171106618043,10.511628531106172,1.6892502610328142,4.938730118393774e-50,1.9026003132834888e-50,0.0,0.9808883769102263,0.08795173631862167
F0.4_L1.25_W1_H,0.4,1.25,1.0,H,10.13141141617797,10.556593409065453,1.9485817288070346,4.938730118393774e-50,1.8323981394653164e-50,0.0,0.9850842563621046,0.0886600518747892
F0.4_L1.25_W1_H2,0.4,1.25,1.0,H2,10.211699977121494,10.639072646580699,2.1698376681838605,4.938730118393774e-50,1.6996691766020078e-50,0.0,0.9927807731459419,0.08990815815180403
F0.5_L0.25_W0.2_sqrt_H,0.5,0.25,0.2,sqrt_H,10.556860971867774,11.085956475165828,2.9205974285494314,4.938730118393774e-50,2.378250391604361e-50,0.0,1.0344815573765818,0.08208957691433108
F0.5_L0.25_W0.2_H,0.5,0.25,0.2,H,10.527495909832217,11.054710465642483,2.8700017020213315,4.938730118393774e-50,2.2904976743316454e-50,0.0,1.0315658485998134,0.0804805429400958
F0.5_L0.25_W0.2_H2,0.5,0.25,0.2,H2,10.497804820027767,11.020241940490923,2.794391198332249,4.938730118393774e-50,2.1245864707525095e-50,0.0,1.0283494320768785,0.08047159995748283
F0.5_L0.25_W0.25_sqrt_H,0.5,0.25,0.25,sqrt_H,10.501882924156513,11.01548103643218,2.8095167933381213,4.938730118393774e-50,2.378250391604361e-50,0.0,1.0279051702347684,0.07942179784714799
F0.5_L0.25_W0.25_H,0.5,0.25,0.25,H,10.481213854165727,10.993933924492453,2.783499902788668,4.938730118393774e-50,2.2904976743316454e-50,0.0,1.0258945101743298,0.07884937844836486
F0.5_L0.25_W0.25_H2,0.5,0.25,0.25,H2,10.463181728681038,10.973168719236531,2.7318909557870197,4.938730118393774e-50,2.1245864707525095e-50,0.0,1.023956813420738,0.07984852080752688
F0.5_L0.25_W0.35_sqrt_H,0.5,0.25,0.35,sqrt_H,10.385568526508038,10.865610600979757,2.5520176566132537,4.938730118393774e-50,2.378250391604361e-50,0.0,1.013920070995128,0.07754529909779027
F0.5_L0.25_W0.35_H,0.5,0.25,0.35,H,10.382292911167237,10.863795739509024,2.584487070743814,4.938730118393774e-50,2.2904976743316454e-50,0.0,1.0137507179289427,0.07812907316625092
F0.5_L0.25_W0.35_H2,0.5,0.25,0.35,H2,10.389438697856901,10.872302177376445,2.5904243538715828,4.938730118393774e-50,2.1245864707525095e-50,0.0,1.0145444927477894,0.0802422488941606
F0.5_L0.25_W0.5_sqrt_H,0.5,0.25,0.5,sqrt_H,10.205090228894282,10.638617345421544,2.082443124081739,4.938730118393774e-50,2.378250391604361e-50,0.0,0.992738286901904,0.07912183522740468
F0.5_L0.25_W0.5_H,0.5,0.25,0.5,H,10.226499067405461,10.663102790669988,2.2273470377565783,4.938730118393774e-50,2.2904976743316454e-50,0.0,0.9950231363499793,0.08015775404824442
F0.5_L0.25_W0.5_H2,0.5,0.25,0.5,H2,10.273966949089647,10.716127665588484,2.3433423704740597,4.938730118393774e-50,2.1245864707525095e-50,0.0,0.9999711311674101,0.08262072125621392
F0.5_L0.25_W0.75_sqrt_H,0.5,0.25,0.75,sqrt_H,9.945609627288881,10.323357254515777,1.1816176524726931,4.938730118393774e-50,2.378250391604361e-50,0.0,0.9633199186673307,0.08391603422822672
F0.5_L0.25_W0.75_H,0.5,0.25,0.75,H,9.99037556538416,10.36987006602987,1.5590491487637002,4.938730118393774e-50,2.2904976743316454e-50,0.0,0.9676602429145755,0.08462290354484646
F0.5_L0.25_W0.75_H2,0.5,0.25,0.75,H2,10.096759675085737,10.48261835156093,1.8975880955132312,4.938730118393774e-50,2.1245864707525095e-50,0.0,0.9781813037061267,0.08651045617429547
F0.5_L0.25_W1_sqrt_H,0.5,0.25,1.0,sqrt_H,9.801503570114596,10.144733259599223,0.28005293895876615,4.938730118393774e-50,2.378250391604361e-50,0.0,0.9466516926229613,0.08692864386883604
F0.5_L0.25_W1_H,0.5,0.25,1.0,H,9.827942665651909,10.173430403572132,0.9059993822221298,4.938730118393774e-50,2.2904976743316454e-50,0.0,0.94932955503888,0.08735757617036038
F0.5_L0.25_W1_H2,0.5,0.25,1.0,H2,9.964172498056582,10.312717337300434,1.4763930117030808,4.938730118393774e-50,2.1245864707525095e-50,0.0,0.9623270590835913,0.0887449334198962
F0.5_L0.5_W0.2_sqrt_H,0.5,0.5,0.2,sqrt_H,10.843832864493415,11.403625473486441,3.442632768140138,4.938730118393774e-50,2.378250391604361e-50,0.0,1.0641247118350292,0.07344249509029437
F0.5_L0.5_W0.2_H,0.5,0.5,0.2,H,10.763099296782995,11.330390862676216,3.2733039187009574,4.938730118393774e-50,2.2904976743316454e-50,0.0,1.0572908536636985,0.07211809308076697
F0.5_L0.5_W0.2_H2,0.5,0.5,0.2,H2,10.670259247257354,11.230621152540378,3.081000062477089,4.938730118393774e-50,2.1245864707525095e-50,0.0,1.047980883400732,0.07233823060870784
F0.5_L0.5_W0.25_sqrt_H,0.5,0.5,0.25,sqrt_H,10.801894002027257,11.353523516323639,3.3691595459048416,4.938730118393774e-50,2.378250391604361e-50,0.0,1.059449467909122,0.0719206071956891
F0.5_L0.5_W0.25_H,0.5,0.5,0.25,H,10.729666485814105,11.288595475017617,3.217895339092588,4.938730118393774e-50,2.2904976743316454e-50,0.0,1.0533907339209336,0.07152170312073848
F0.5_L0.5_W0.25_H2,0.5,0.5,0.25,H2,10.646338248095857,11.19924385796585,3.0422854142106113,4.938730118393774e-50,2.1245864707525095e-50,0.0,1.0450529238123616,0.07274173888445305
F0.5_L0.5_W0.35_sqrt_H,0.5,0.5,0.35,sqrt_H,10.685315148318775,11.214026871538152,3.157157090054467,4.938730118393774e-50,2.378250391604361e-50,0.0,1.0464323947616885,0.07234769193132018
F0.5_L0.5_W0.35_H,0.5,0.5,0.35,H,10.633841304934059,11.169710077995076,3.055741545405877,4.938730118393774e-50,2.2904976743316454e-50,0.0,1.0422969910457278,0.07298442224995053
F0.5_L0.5_W0.35_H2,0.5,0.5,0.35,H2,10.576355527061603,11.10875208882725,2.927656736716073,4.938730118393774e-50,2.1245864707525095e-50,0.0,1.0366087208716441,0.07526314628843916
F0.5_L0.5_W0.5_sqrt_H,0.5,0.5,0.5,sqrt_H,10.463831529511642,10.94847815859969,2.7043315083162947,4.938730118393774e-50,2.378250391604361e-50,0.0,1.0216528237129199,0.07675052331318513
F0.5_L0.5_W0.5_H,0.5,0.5,0.5,H,10.448639916765448,10.939628425891522,2.7098534457735495,4.938730118393774e-50,2.2904976743316454e-50,0.0,1.020827014474464,0.07772139288017627
F0.5_L0.5_W0.5_H2,0.5,0.5,0.5,H2,10.440405652137237,10.932388840657179,2.68529730568178,4.938730118393774e-50,2.1245864707525095e-50,0.0,1.0201514554981357,0.08018518201489905
F0.5_L0.5_W0.75_sqrt_H,0.5,0.5,0.75,sqrt_H,10.102701894168675,10.518849433695285,1.7549460073924887,4.938730118393774e-50,2.378250391604361e-50,0.0,0.98156219252305,0.08348377064278938
F0.5_L0.5_W0.75_H,0.5,0.5,0.75,H,10.138509725703663,10.557138878167224,1.9986467291168033,4.938730118393774e-50,2.2904976743316454e-50,0.0,0.9851351565913419,0.08409940595067081
F0.5_L0.5_W0.75_H2,0.5,0.5,0.75,H2,10.212757074751744,10.636163245819548,2.2024760073091256,4.938730118393774e-50,2.1245864707525095e-50,0.0,0.9925092835873125,0.08589497769365624
F0.5_L0.5_W1_sqrt_H,0.5,0.5,1.0,sqrt_H,9.86739919267636,10.235461819561593,0.7770434383635949,4.938730118393774e-50,2.378250391604361e-50,0.0,0.9551179916038983,0.08684048505987026
F0.5_L0.5_W1_H,0.5,0.5,1.0,H,9.910745200864122,10.279934696788567,1.2828956631521993,4.938730118393774e-50,2.2904976743316454e-50,0.0,0.9592679602058714,0.08723665364401999
F0.5_L0.5_W1_H2,0.5,0.5,1.0,H2,10.03761416620911,10.410602700229479,1.7329553685306927,4.938730118393774e-50,2.1245864707525095e-50,0.0,0.9714611922469363,0.0885713415835275
F0.5_L0.75_W0.2_sqrt_H,0.5,0.75,0.2,sqrt_H,11.073874673955586,11.630330842024847,3.737368479269648,4.938730118393774e-50,2.378250391604361e-50,0.0,1.0852796318671083,0.0656731747143043
F0.5_L0.75_W0.2_H,0.5,0.75,0.2,H,10.949890949418167,11.525410717436108,3.4944784922327075,4.938730118393774e-50,2.2904976743316454e-50,0.0,1.0754890527566954,0.06606948405528047
F0.5_L0.75_W0.2_H2,0.5,0.75,0.2,H2,10.804220489943189,11.375393942192574,3.234115327370229,4.938730118393774e-50,2.1245864707525095e-50,0.0,1.0614902978784682,0.06821708338497762
F0.5_L0.75_W0.25_sqrt_H,0.5,0.75,0.25,sqrt_H,11.034462069062617,11.591333844787759,3.6896382809901254,4.938730118393774e-50,2.378250391604361e-50,0.0,1.0816406427979013,0.06472284805476736
F0.5_L0.75_W0.25_H,0.5,0.75,0.25,H,10.918544040214618,11.492911102936548,3.4591549381530635,4.938730118393774e-50,2.2904976743316454e-50,0.0,1.0724563643371658,0.06595492134613457
F0.5_L0.75_W0.25_H2,0.5,0.75,0.25,H2,10.782120637204875,11.351517603424114,3.2096418770449846,4.938730118393774e-50,2.1245864707525095e-50,0.0,1.0592622869559123,0.06895753088639353
F0.5_L0.75_W0.35_sqrt_H,0.5,0.75,0.35,sqrt_H,10.92042018648764,11.46983561911503,3.5291871823738403,4.938730118393774e-50,2.378250391604361e-50,0.0,1.0703030848709894,0.0670671330301751
F0.5_L0.75_W0.35_H,0.5,0.75,0.35,H,10.826336615731623,11.390352024625656,3.3385501734819547,4.938730118393774e-50,2.2904976743316454e-50,0.0,1.0628861053079313,0.06899900679420992
F0.5_L0.75_W0.35_H2,0.5,0.75,0.35,H2,10.716160768912792,11.27513670863325,3.1254608612649686,4.938730118393774e-50,2.1245864707525095e-50,0.0,1.0521348345638635,0.07260474926150448
F0.5_L0.75_W0.5_sqrt_H,0.5,0.75,0.5,sqrt_H,10.682469975206624,11.199994586389126,3.1218972278391455,4.938730118393774e-50,2.378250391604361e-50,0.0,1.0451229777324014,0.0741908662803036
F0.5_L0.75_W0.5_H,0.5,0.75,0.5,H,10.630936115894748,11.159108741537567,3.02990805927538,4.938730118393774e-50,2.2904976743316454e-50,0.0,1.0413077316098458,0.07590518580241842
F0.5_L0.75_W0.5_H2,0.5,0.75,0.5,H2,10.574342992871479,11.100258017781005,2.9101368272829315,4.938730118393774e-50,2.1245864707525095e-50,0.0,1.0358161000577277,0.0790283885111093
F0.5_L0.75_W0.75_sqrt_H,0.5,0.75,0.75,sqrt_H,10.249267739338098,10.696261705066947,2.162917264126056,4.938730118393774e-50,2.378250391604361e-50,0.0,0.9981173470735307,0.0829765623204962
F0.5_L0.75_W0.75_H,0.5,0.75,0.75,H,10.26892322256848,10.71949564203667,2.3107560421541704,4.938730118393774e-50,2.2904976743316454e-50,0.0,1.0002854125313259,0.08382519374985913
F0.5_L0.75_W0.75_H2,0.5,0.75,0.75,H2,10.311551286628346,10.764633117797464,2.4197156777805415,4.938730118393774e-50,2.1245864707525095e-50,0.0,1.0044973978774416,0.085747308609798
F0.5_L0.75_W1_sqrt_H,0.5,0.75,1.0,sqrt_H,9.940152279371729,10.329822368766033,1.1337018179297,4.938730118393774e-50,2.378250391604361e-50,0.0,0.9639232081961328,0.08681029476559998
F0.5_L0.75_W1_H,0.5,0.75,1.0,H,9.98756509777671,10.377739215959155,1.553715972208437,4.938730118393774e-50,2.2904976743316454e-50,0.0,0.968394549466501,0.08728025413890397
F0.5_L0.75_W1_H2,0.5,0.75,1.0,H2,10.100792430268006,10.494272545192622,1.9188821470838193,4.938730118393774e-50,2.1245864707525095e-50,0.0,0.9792688100845874,0.08861203172805072
F0.5_L1_W0.2_sqrt_H,0.5,1.0,0.2,sqrt_H,11.239282374713417,11.796797930883516,3.9016178868026876,4.938730118393774e-50,2.378250391604361e-50,0.0,1.1008134411257167,0.06700239403015387
F0.5_L1_W0.2_H,0.5,1.0,0.2,H,11.086176752628958,11.669808283851546,3.6123414999942476,4.938730118393774e-50,2.2904976743316454e-50,0.0,1.0889634534294255,0.06767686076877885
F0.5_L1_W0.2_H2,0.5,1.0,0.2,H2,10.903540730360547,11.482903676708963,3.312787966757608,4.938730118393774e-50,2.1245864707525095e-50,0.0,1.0715225253948577,0.07028678504663946
F0.5_L1_W0.25_sqrt_H,0.5,1.0,0.25,sqrt_H,11.195004583908618,11.752698418261401,3.864542960861019,4.938730118393774e-50,2.378250391604361e-50,0.0,1.0966983128912635,0.06560858320402244
F0.5_L1_W0.25_H,0.5,1.0,0.25,H,11.04970996614958,11.63209110237568,3.585316907060404,4.938730118393774e-50,2.2904976743316454e-50,0.0,1.0854438898518115,0.06722261440567841
F0.5_L1_W0.25_H2,0.5,1.0,0.25,H2,10.87692914195662,11.454812273457907,3.2938622150173673,4.938730118393774e-50,2.1245864707525095e-50,0.0,1.0689011874300962,0.07074468996838218
F0.5_L1_W0.35_sqrt_H,0.5,1.0,0.35,sqrt_H,11.07723435868621,11.633220891641368,3.7367233320300848,4.938730118393774e-50,2.378250391604361e-50,0.0,1.085549315681481,0.0680045384622771
F0.5_L1_W0.35_H,0.5,1.0,0.35,H,10.953750287697279,11.530679237625757,3.4911098064050052,4.938730118393774e-50,2.2904976743316454e-50,0.0,1.0759806825933331,0.0702757826043965
F0.5_L1_W0.35_H2,0.5,1.0,0.35,H2,10.807837215649448,11.37956584061132,3.2287409080559626,4.938730118393774e-50,2.1245864707525095e-50,0.0,1.061879596896835,0.07423719348059447
F0.5_L1_W0.5_sqrt_H,0.5,1.0,0.5,sqrt_H,10.832608845646432,11.366206919991905,3.3715216499253913,4.938730118393774e-50,2.378250391604361e-50,0.0,1.0606330146070524,0.07495596329513442
F0.5_L1_W0.5_H,0.5,1.0,0.5,H,10.754361713291713,11.30281552392375,3.2166580237981375,4.938730118393774e-50,2.2904976743316454e-50,0.0,1.0547176720494875,0.07689798484869334
F0.5_L1_W0.5_H2,0.5,1.0,0.5,H2,10.663826658968679,11.20854415613497,3.038325682382851,4.938730118393774e-50,2.1245864707525095e-50,0.0,1.0459207773850876,0.08018556592531714
F0.5_L1_W0.75_sqrt_H,0.5,1.0,0.75,sqrt_H,10.356328738984319,10.821942186806071,2.4205921881850507,4.938730118393774e-50,2.378250391604361e-50,0.0,1.0098451705385225,0.08320528887670439
F0.5_L1_W0.75_H,0.5,1.0,0.75,H,10.36188678518823,10.832442187731603,2.5039727821675926,4.938730118393774e-50,2.2904976743316454e-50,0.0,1.0108249738901083,0.08421797467237388
F0.5_L1_W0.75_H2,0.5,1.0,0.75,H2,10.38051641420616,10.852012323873335,2.551789349878929,4.938730118393774e-50,2.1245864707525095e-50,0.0,1.0126511532512958,0.08621904146008906
F0.5_L1_W1_sqrt_H,0.5,1.0,1.0,sqrt_H,9.99779229962084,10.40175467500913,1.363549394688146,4.938730118393774e-50,2.378250391604361e-50,0.0,0.9706355423420175,0.08690574509161494
F0.5_L1_W1_H,0.5,1.0,1.0,H,10.045064221940613,10.449219549711191,1.7250057295579222,4.938730118393774e-50,2.2904976743316454e-50,0.0,0.9750647079816687,0.0874838724932133
F0.5_L1_W1_H2,0.5,1.0,1.0,H2,10.14624581487922,10.553005373256486,2.034565795398339,4.938730118393774e-50,2.1245864707525095e-50,0.0,0.9847494402476901,0.08884459628559188
F0.5_L1.25_W0.2_sqrt_H,0.5,1.25,0.2,sqrt_H,11.295825908081094,11.853798158174534,3.9778041196250173,4.938730118393774e-50,2.378250391604361e-50,0.0,1.1061323943464807,0.07776006433613637
F0.5_L1.25_W0.2_H,0.5,1.25,0.2,H,11.1288325182131,11.717201253377011,3.65890862327288,4.938730118393774e-50,2.2904976743316454e-50,0.0,1.0933859092665228,0.0779188439797917
F0.5_L1.25_W0.2_H2,0.5,1.25,0.2,H2,10.932585576425568,11.516983249225696,3.3375665645229278,4.938730118393774e-50,2.1245864707525095e-50,0.0,1.074702646959543,0.0794811317979012
F0.5_L1.25_W0.25_sqrt_H,0.5,1.25,0.25,sqrt_H,11.263412992079878,11.821850478573563,3.9495269877141665,4.938730118393774e-50,2.378250391604361e-50,0.0,1.1031512095094107,0.07565297586606937
F0.5_L1.25_W0.25_H,0.5,1.25,0.25,H,11.102905170500097,11.690501632422764,3.6399829761106783,4.938730118393774e-50,2.2904976743316454e-50,0.0,1.090894444905465,0.07669435109899278
F0.5_L1.25_W0.25_H2,0.5,1.25,0.25,H2,10.913853429910255,11.497239321190015,3.3253295042047246,4.938730118393774e-50,2.1245864707525095e-50,0.0,1.0728602502778644,0.07914643249085708
F0.5_L1.25_W0.35_sqrt_H,0.5,1.25,0.35,sqrt_H,11.154749319249174,11.712621259621336,3.8391652205738898,4.938730118393774e-50,2.378250391604361e-50,0.0,1.0929585289963804,0.07559400725290313
F0.5_L1.25_W0.35_H,0.5,1.25,0.35,H,11.015214352566655,11.59835138140651,3.5606984073757237,4.938730118393774e-50,2.2904976743316454e-50,0.0,1.0822954813972205,0.07735464502180657
F0.5_L1.25_W0.35_H2,0.5,1.25,0.35,H2,10.85082770141137,11.428947561856338,3.2716479417673816,4.938730118393774e-50,2.1245864707525095e-50,0.0,1.0664876322985544,0.08041859548056278
F0.5_L1.25_W0.5_sqrt_H,0.5,1.25,0.5,sqrt_H,10.909764335152337,11.44855004612958,3.4952617908941277,4.938730118393774e-50,2.378250391604361e-50,0.0,1.0683168302125872,0.07907754925203232
F0.5_L1.25_W0.5_H,0.5,1.25,0.5,H,10.81642478622006,11.373349843631534,3.303568584798331,4.938730118393774e-50,2.2904976743316454e-50,0.0,1.0612995536456549,0.08073788162309437
F0.5_L1.25_W0.5_H2,0.5,1.25,0.5,H2,10.707365657683658,11.260284209433138,3.093700830011521,4.938730118393774e-50,2.1245864707525095e-50,0.0,1.050748879591202,0.08352071028769067
F0.5_L1.25_W0.75_sqrt_H,0.5,1.25,0.75,sqrt_H,10.41593943818726,10.888471556977839,2.552586101688504,4.938730118393774e-50,2.378250391604361e-50,0.0,1.0160533318839824,0.08448934018001712
F0.5_L1.25_W0.75_H,0.5,1.25,0.75,H,10.412422569646854,10.891281602069794,2.5975680075739813,4.938730118393774e-50,2.2904976743316454e-50,0.0,1.0163155501084122,0.08546877025980991
F0.5_L1.25_W0.75_H2,0.5,1.25,0.75,H2,10.416695292156994,10.896070557520321,2.611560069754935,4.938730118393774e-50,2.1245864707525095e-50,0.0,1.016762429554833,0.08733733154992258
F0.5_L1.25_W1_sqrt_H,0.5,1.25,1.0,sqrt_H,10.03251186441836,10.442240020635209,1.483740634452505,4.938730118393774e-50,2.378250391604361e-50,0.0,0.9744134160408738,0.08732160942549802
F0.5_L1.25_W1_H,0.5,1.25,1.0,H,10.078649698631306,10.488573886185565,1.8097728795627475,4.938730118393774e-50,2.2904976743316454e-50,0.0,0.9787370420176836,0.08794924402601448
F0.5_L1.25_W1_H2,0.5,1.25,1.0,H2,10.1717740538915,10.584085555308105,2.088042874359938,4.938730118393774e-50,2.1245864707525095e-50,0.0,0.9876496749008147,0.08928812313007883
F0.6_L0.25_W0.2_sqrt_H,0.6,0.25,0.2,sqrt_H,10.602029867557166,11.13798548223549,3.0023334306041525,4.938730118393774e-50,2.8539004699252325e-50,0.0,1.0393366231873444,0.0825971121761118
F0.6_L0.25_W0.2_H,0.6,0.25,0.2,H,10.564114306330668,11.09799968093729,2.9424520851983678,4.938730118393774e-50,2.748597209197974e-50,0.0,1.0356053642659717,0.07999390625617296
F0.6_L0.25_W0.2_H2,0.6,0.25,0.2,H2,10.525586870479703,11.053629603241356,2.852762989334039,4.938730118393774e-50,2.549503764903011e-50,0.0,1.0314649883607774,0.07925837054047968
F0.6_L0.25_W0.25_sqrt_H,0.6,0.25,0.25,sqrt_H,10.533848573519577,11.051100056389462,2.8698524843679833,4.938730118393774e-50,2.8539004699252325e-50,0.0,1.0312289447164904,0.07890574016619631
F0.6_L0.25_W0.25_H,0.6,0.25,0.25,H,10.506659156287437,11.023066633897008,2.8393472565850786,4.938730118393774e-50,2.748597209197974e-50,0.0,1.0286130172028334,0.07767460432340714
F0.6_L0.25_W0.25_H2,0.6,0.25,0.25,H2,10.482526106429837,10.995581225395538,2.778308025100897,4.938730118393774e-50,2.549503764903011e-50,0.0,1.0260482273937244,0.07828371879398863
F0.6_L0.25_W0.35_sqrt_H,0.6,0.25,0.35,sqrt_H,10.391565637860062,10.868431115522784,2.5619239836286987,4.938730118393774e-50,2.8539004699252325e-50,0.0,1.0141832661721621,0.07611801391214147
F0.6_L0.25_W0.35_H,0.6,0.25,0.35,H,10.385334093751085,10.864282681550272,2.6014779586396393,4.938730118393774e-50,2.748597209197974e-50,0.0,1.0137961567291318,0.07638349763598148
F0.6_L0.25_W0.35_H2,0.6,0.25,0.35,H2,10.391910102154771,10.87243862789431,2.6093002140821575,4.938730118393774e-50,2.549503764903011e-50,0.0,1.0145572255728317,0.07846084790499085
F0.6_L0.25_W0.5_sqrt_H,0.6,0.25,0.5,sqrt_H,10.17697879845515,10.598508569011418,1.9984719529676722,4.938730118393774e-50,2.8539004699252325e-50,0.0,0.9889955526075593,0.07768708876743889
F0.6_L0.25_W0.5_H,0.6,0.25,0.5,H,10.198377154089771,10.62427523795822,2.173155537563256,4.938730118393774e-50,2.748597209197974e-50,0.0,0.9913999589283133,0.07851746212421232
F0.6_L0.25_W0.5_H2,0.6,0.25,0.5,H2,10.252551427551715,10.684885743161182,2.313145407953014,4.938730118393774e-50,2.549503764903011e-50,0.0,0.9970558037763606,0.08106728582391055
F0.6_L0.25_W0.75_sqrt_H,0.6,0.25,0.75,sqrt_H,9.894835260216707,10.25259634437746,0.9120578798501585,4.938730118393774e-50,2.8539004699252325e-50,0.0,0.956716892876525,0.08330462877891769
F0.6_L0.25_W0.75_H,0.6,0.25,0.75,H,9.93042978401396,10.292174057264846,1.3677707278707592,4.938730118393774e-50,2.748597209197974e-50,0.0,0.9604100711924297,0.08370396861039052
F0.6_L0.25_W0.75_H2,0.6,0.25,0.75,H2,10.046755216335225,10.414842756258166,1.7764535400046744,4.938730118393774e-50,2.549503764903011e-50,0.0,0.9718568513651861,0.08556798226006278
F0.6_L0.25_W1_sqrt_H,0.6,0.25,1.0,sqrt_H,9.785347671822558,10.107437463077437,-0.18133754843933764,4.938730118393774e-50,2.8539004699252325e-50,0.0,0.9431714504123875,0.08683255357766904
F0.6_L0.25_W1_H,0.6,0.25,1.0,H,9.770177912543907,10.098921387882852,0.5766577348977947,4.938730118393774e-50,2.748597209197974e-50,0.0,0.9423767762902434,0.08688695170363832
F0.6_L0.25_W1_H2,0.6,0.25,1.0,H2,9.903748108194959,10.232875528353953,1.2669064910700474,4.938730118393774e-50,2.549503764903011e-50,0.0,0.9548766528829407,0.08817193065537278
F0.6_L0.5_W0.2_sqrt_H,0.6,0.5,0.2,sqrt_H,10.97159444823712,11.543806046459636,3.6195996590640194,4.938730118393774e-50,2.8539004699252325e-50,0.0,1.077205605465462,0.07458646498192124
F0.6_L0.5_W0.2_H,0.6,0.5,0.2,H,10.866238604161433,11.44853855098103,3.4188837291362164,4.938730118393774e-50,2.748597209197974e-50,0.0,1.0683157575474365,0.07200192497878831
F0.6_L0.5_W0.2_H2,0.6,0.5,0.2,H2,10.746604102224342,11.32069949489115,3.191043291584962,4.938730118393774e-50,2.549503764903011e-50,0.0,1.0563865075874836,0.07105822340497989
F0.6_L0.5_W0.25_sqrt_H,0.6,0.5,0.25,sqrt_H,10.917875591341833,11.480327646876521,3.5325851497978595,4.938730118393774e-50,2.8539004699252325e-50,0.0,1.0712821442099882,0.07184869149131504
F0.6_L0.5_W0.25_H,0.6,0.5,0.25,H,10.823604243200842,11.395750989089782,3.3533074816701642,4.938730118393774e-50,2.748597209197974e-50,0.0,1.063389907499432,0.07055787701138277
F0.6_L0.5_W0.25_H2,0.6,0.5,0.25,H2,10.716132831741765,11.281127512431336,3.1452552124320463,4.938730118393774e-50,2.549503764903011e-50,0.0,1.0526938640041166,0.07102591679543752
F0.6_L0.5_W0.35_sqrt_H,0.6,0.5,0.35,sqrt_H,10.769706088362836,11.304830050745336,3.2811219513880276,4.938730118393774e-50,2.8539004699252325e-50,0.0,1.0549056568073603,0.07105247168358242
F0.6_L0.5_W0.35_H,0.6,0.5,0.35,H,10.702303414722147,11.24664437914837,3.161100589775081,4.938730118393774e-50,2.748597209197974e-50,0.0,1.0494760843292912,0.07122026898600857
F0.6_L0.5_W0.35_H2,0.6,0.5,0.35,H2,10.627654606745947,11.167795578044823,3.0094646627539863,4.938730118393774e-50,2.549503764903011e-50,0.0,1.0421183402550116,0.07324287020288629
F0.6_L0.5_W0.5_sqrt_H,0.6,0.5,0.5,sqrt_H,10.492801507423781,10.975127831638492,2.7418670357364,4.938730118393774e-50,2.8539004699252325e-50,0.0,1.0241396272043926,0.0753084483085936
F0.6_L0.5_W0.5_H,0.6,0.5,0.5,H,10.471113652722384,10.961514091465396,2.7494608884933878,4.938730118393774e-50,2.748597209197974e-50,0.0,1.0228692665307302,0.07599991232823887
F0.6_L0.5_W0.5_H2,0.6,0.5,0.5,H2,10.457932141784077,10.949402143803821,2.7212184576875353,4.938730118393774e-50,2.549503764903011e-50,0.0,1.0217390450195887,0.07844811901703959
F0.6_L0.5_W0.75_sqrt_H,0.6,0.5,0.75,sqrt_H,10.064110218624462,10.465034709920838,1.6033641013169215,4.938730118393774e-50,2.8539004699252325e-50,0.0,0.9765404932781819,0.08286819715863081
F0.6_L0.5_W0.75_H,0.6,0.5,0.75,H,10.098346819900511,10.503601295386476,1.897249245461369,4.938730118393774e-50,2.748597209197974e-50,0.0,0.9801393186465265,0.08315165684052692
F0.6_L0.5_W0.75_H2,0.6,0.5,0.75,H2,10.182048751206514,10.592617958368654,2.1431925321055885,4.938730118393774e-50,2.549503764903011e-50,0.0,0.988445872651186,0.08488913974370871
F0.6_L0.5_W1_sqrt_H,0.6,0.5,1.0,sqrt_H,9.82635232361379,10.172936278280467,0.42214797460018555,4.938730118393774e-50,2.8539004699252325e-50,0.0,0.9492834459365751,0.08673112244422604
F0.6_L0.5_W1_H,0.6,0.5,1.0,H,9.847858241687074,10.199238737822096,1.0336274066726567,4.938730118393774e-50,2.748597209197974e-50,0.0,0.9517378493405946,0.08675239820298851
F0.6_L0.5_W1_H2,0.6,0.5,1.0,H2,9.981579743327957,10.335933513758222,1.577392268762262,4.938730118393774e-50,2.549503764903011e-50,0.0,0.9644934672263784,0.08797543162091537
F0.6_L0.75_W0.2_sqrt_H,0.6,0.75,0.2,sqrt_H,11.267337310335762,11.834529871679477,3.964772205737357,4.938730118393774e-50,2.8539004699252325e-50,0.0,1.104334381963333,0.06565975636978547
F0.6_L0.75_W0.2_H,0.6,0.75,0.2,H,11.105043560750719,11.697262957270587,3.6772821493157526,4.938730118393774e-50,2.748597209197974e-50,0.0,1.0915253752067136,0.06511395244041648
F0.6_L0.75_W0.2_H2,0.6,0.75,0.2,H2,10.917548240358139,11.505162118284643,3.369575765595832,4.938730118393774e-50,2.549503764903011e-50,0.0,1.0735995628933872,0.06643584312550764
F0.6_L0.75_W0.25_sqrt_H,0.6,0.75,0.25,sqrt_H,11.216710687966897,11.784773481075513,3.908845735590048,4.938730118393774e-50,2.8539004699252325e-50,0.0,1.0996913844414924,0.0634919756633943
F0.6_L0.75_W0.25_H,0.6,0.75,0.25,H,11.065071599194294,11.656006807523218,3.6359819625527567,4.938730118393774e-50,2.748597209197974e-50,0.0,1.0876755742321538,0.06414945933112548
F0.6_L0.75_W0.25_H2,0.6,0.75,0.25,H2,10.889459790692392,11.474893156833469,3.341006948195942,4.938730118393774e-50,2.549503764903011e-50,0.0,1.070775026963418,0.06672722449544936
F0.6_L0.75_W0.35_sqrt_H,0.6,0.75,0.35,sqrt_H,11.070128693811453,11.629993724162285,3.7201574279452996,4.938730118393774e-50,2.8539004699252325e-50,0.0,1.085248173849727,0.06480138926523608
F0.6_L0.75_W0.35_H,0.6,0.75,0.35,H,10.947333527752305,11.525960785856967,3.4943670680504906,4.938730118393774e-50,2.748597209197974e-50,0.0,1.0755403821695384,0.06654734667617257
F0.6_L0.75_W0.35_H2,0.6,0.75,0.35,H2,10.80549226681094,11.378188569444939,3.242274089674399,4.938730118393774e-50,2.549503764903011e-50,0.0,1.0617510773934147,0.07016643188202613
F0.6_L0.75_W0.5_sqrt_H,0.6,0.75,0.5,sqrt_H,10.767200925774338,11.28926439872919,3.238101082540306,4.938730118393774e-50,2.8539004699252325e-50,0.0,1.0534531542672938,0.07218919738247635
F0.6_L0.75_W0.5_H,0.6,0.75,0.5,H,10.699791653692497,11.235186667045664,3.1294209966122497,4.938730118393774e-50,2.748597209197974e-50,0.0,1.0484069125454643,0.07381614799045802
F0.6_L0.75_W0.5_H2,0.6,0.75,0.5,H2,10.626165394704257,11.158663024237779,2.9878840394285526,4.938730118393774e-50,2.549503764903011e-50,0.0,1.0412661396797793,0.07708256301644124
F0.6_L0.75_W0.75_sqrt_H,0.6,0.75,0.75,sqrt_H,10.235709720280198,10.672957865539919,2.0929663699117564,4.938730118393774e-50,2.8539004699252325e-50,0.0,0.9959427586867932,0.0821884315012097
F0.6_L0.75_W0.75_H,0.6,0.75,0.75,H,10.254066736689929,10.696533862375054,2.2714103979250755,4.938730118393774e-50,2.748597209197974e-50,0.0,0.9981427433229724,0.0827858403782131
F0.6_L0.75_W0.75_H2,0.6,0.75,0.75,H2,10.301515926217332,10.746760148034362,2.403313761667772,4.938730118393774e-50,2.549503764903011e-50,0.0,1.0028295889123877,0.08470156881182438
F0.6_L0.75_W1_sqrt_H,0.6,0.75,1.0,sqrt_H,9.894360529625795,10.264353741619491,0.8535778625596258,4.938730118393774e-50,2.8539004699252325e-50,0.0,0.9578140296582611,0.08663011587279305
F0.6_L0.75_W1_H,0.6,0.75,1.0,H,9.929693398044945,10.303256740523407,1.3607752885359408,4.938730118393774e-50,2.748597209197974e-50,0.0,0.9614442473109189,0.08676772238464418
F0.6_L0.75_W1_H2,0.6,0.75,1.0,H2,10.052830557241977,10.429568491838706,1.8016182994812189,4.938730118393774e-50,2.549503764903011e-50,0.0,0.9732309774418128,0.08800991945030082
F0.6_L1_W0.2_sqrt_H,0.6,1.0,0.2,sqrt_H,11.477014001254494,12.04511452293492,4.155799583098831,4.938730118393774e-50,2.8539004699252325e-50,0.0,1.1239850037638373,0.06634771079069073
F0.6_L1_W0.2_H,0.6,1.0,0.2,H,11.276864370954199,11.879243298375675,3.8136376767760507,4.938730118393774e-50,2.748597209197974e-50,0.0,1.10850679734201,0.06618597917799016
F0.6_L1_W0.2_H2,0.6,1.0,0.2,H2,11.04268639584933,11.640941202801201,3.460117178942541,4.938730118393774e-50,2.549503764903011e-50,0.0,1.086269733403664,0.06820085813476252
F0.6_L1_W0.25_sqrt_H,0.6,1.0,0.25,sqrt_H,11.421006557231578,11.989648630681497,4.112884720631933,4.938730118393774e-50,2.8539004699252325e-50,0.0,1.11880922639829,0.06368840562390539
F0.6_L1_W0.25_H,0.6,1.0,0.25,H,11.231034716319687,11.831941092174588,3.7825280555342133,4.938730118393774e-50,2.748597209197974e-50,0.0,1.1040928110479211,0.06487731057988644
F0.6_L1_W0.25_H2,0.6,1.0,0.25,H2,11.00928392573007,11.605624008503826,3.4384203590255717,4.938730118393774e-50,2.549503764903011e-50,0.0,1.0829741236616661,0.06822436948005946
F0.6_L1_W0.35_sqrt_H,0.6,1.0,0.35,sqrt_H,11.270327074518054,11.837906422643856,3.9638066188655103,4.938730118393774e-50,2.8539004699252325e-50,0.0,1.1046494634547692,0.06527799470388704
F0.6_L1_W0.35_H,0.6,1.0,0.35,H,11.109158611656394,11.703702843239567,3.673005133248857,4.938730118393774e-50,2.748597209197974e-50,0.0,1.0921263105686232,0.06751332062465229
F0.6_L1_W0.35_H2,0.6,1.0,0.35,H2,10.921804713115614,11.510453268390274,3.3629079366712444,4.938730118393774e-50,2.549503764903011e-50,0.0,1.0740933044315077,0.07168622082234191
F0.6_L1_W0.5_sqrt_H,0.6,1.0,0.5,sqrt_H,10.95717146242515,11.498759836940744,3.5335598416265874,4.938730118393774e-50,2.8539004699252325e-50,0.0,1.0730021365919007,0.07275578719873446
F0.6_L1_W0.5_H,0.6,1.0,0.5,H,10.855525070510081,11.415716728577868,3.3501237903111094,4.938730118393774e-50,2.748597209197974e-50,0.0,1.0652530024273328,0.07471661971361342
F0.6_L1_W0.5_H2,0.6,1.0,0.5,H2,10.739101167778488,11.294621512638212,3.139160121059757,4.938730118393774e-50,2.549503764903011e-50,0.0,1.053953051191124,0.07826200308849172
F0.6_L1_W0.75_sqrt_H,0.6,1.0,0.75,sqrt_H,10.364946934855025,10.82464641539996,2.401179695075518,4.938730118393774e-50,2.8539004699252325e-50,0.0,1.0100975145391125,0.08231153071547982
F0.6_L1_W0.75_H,0.6,1.0,0.75,H,10.367484535357397,10.833757922501773,2.502241434544607,4.938730118393774e-50,2.748597209197974e-50,0.0,1.0109477511495346,0.08314473306933723
F0.6_L1_W0.75_H2,0.6,1.0,0.75,H2,10.386294266627125,10.85342456064338,2.560897094999634,4.938730118393774e-50,2.549503764903011e-50,0.0,1.01278293555592,0.08519954392373558
F0.6_L1_W1_sqrt_H,0.6,1.0,1.0,sqrt_H,9.95448257881132,10.340799896906042,1.130795532243087,4.938730118393774e-50,2.8539004699252325e-50,0.0,0.9649475718071446,0.08663924159766423
F0.6_L1_W1_H,0.6,1.0,1.0,H,9.994447767464974,10.383506273404288,1.5670789035320276,4.938730118393774e-50,2.748597209197974e-50,0.0,0.968932700106068,0.08694286447838724
F0.6_L1_W1_H2,0.6,1.0,1.0,H2,10.1058842076903,10.497540343798544,1.9407277618579926,4.938730118393774e-50,2.549503764903011e-50,0.0,0.9795737433935554,0.08825430769950356
F0.6_L1.25_W0.2_sqrt_H,0.6,1.25,0.2,sqrt_H,11.549931971293692,12.11778870251028,4.245188404207039,4.938730118393774e-50,2.8539004699252325e-50,0.0,1.1307665655205155,0.07754938861644164
F0.6_L1.25_W0.2_H,0.6,1.25,0.2,H,11.330948394985727,11.938948039587386,3.867998633701475,4.938730118393774e-50,2.748597209197974e-50,0.0,1.1140781211885193,0.0769840410062006
F0.6_L1.25_W0.2_H2,0.6,1.25,0.2,H2,11.079201340728867,11.683830780539587,3.4887766933463027,4.938730118393774e-50,2.549503764903011e-50,0.0,1.0902719570524235,0.07806630959339489
F0.6_L1.25_W0.25_sqrt_H,0.6,1.25,0.25,sqrt_H,11.5087389178575,12.077639078395459,4.212424286699665,4.938730118393774e-50,2.8539004699252325e-50,0.0,1.1270200195390814,0.07432428441091159
F0.6_L1.25_W0.25_H,0.6,1.25,0.25,H,11.298360493873844,11.905557493626757,3.846235386133647,4.938730118393774e-50,2.748597209197974e-50,0.0,1.110962295859024,0.07501168268900202
F0.6_L1.25_W0.25_H2,0.6,1.25,0.25,H2,11.055747127752982,11.659088933947812,3.4748148924627955,4.938730118393774e-50,2.549503764903011e-50,0.0,1.087963181616405,0.07735306891898719
F0.6_L1.25_W0.35_sqrt_H,0.6,1.25,0.35,sqrt_H,11.369461563416369,11.9390134542539,4.084085921020247,4.938730118393774e-50,2.8539004699252325e-50,0.0,1.1140842253317425,0.0734982525278594
F0.6_L1.25_W0.35_H,0.6,1.25,0.35,H,11.187015700426178,11.789218283729712,3.754407492525791,4.938730118393774e-50,2.748597209197974e-50,0.0,1.100106149408525,0.07524014622257605
F0.6_L1.25_W0.35_H2,0.6,1.25,0.35,H2,10.976065461938825,11.572832183217011,3.4128708803587844,4.938730118393774e-50,2.549503764903011e-50,0.0,1.079914167710376,0.07851782600801302
F0.6_L1.25_W0.5_sqrt_H,0.6,1.25,0.5,sqrt_H,11.05495013385756,11.602925134167712,3.6798966896118035,4.938730118393774e-50,2.8539004699252325e-50,0.0,1.082722279291481,0.07729501939255765
F0.6_L1.25_W0.5_H,0.6,1.25,0.5,H,10.93372897601342,11.504456828092874,3.4526787334208984,4.938730118393774e-50,2.748597209197974e-50,0.0,1.0735337490235946,0.0789721714975231
F0.6_L1.25_W0.5_H2,0.6,1.25,0.5,H2,10.79387019921419,11.35963855976966,3.204350857393229,4.938730118393774e-50,2.549503764903011e-50,0.0,1.0600200907220148,0.08200130667446193
F0.6_L1.25_W0.75_sqrt_H,0.6,1.25,0.75,sqrt_H,10.43741992387067,10.905766668128475,2.558857592060942,4.938730118393774e-50,2.8539004699252325e-50,0.0,1.0176672182056714,0.08369334124016381
F0.6_L1.25_W0.75_H,0.6,1.25,0.75,H,10.42939835483826,10.905796459621492,2.6138788217987883,4.938730118393774e-50,2.748597209197974e-50,0.0,1.0176699981868271,0.0845167657228709
F0.6_L1.25_W0.75_H2,0.6,1.25,0.75,H2,10.43083854356857,10.907500821306622,2.632080377759808,4.938730118393774e-50,2.549503764903011e-50,0.0,1.0178290400100847,0.0864570720959156
F0.6_L1.25_W1_sqrt_H,0.6,1.25,1.0,sqrt_H,9.99211265932124,10.385376114845338,1.2755002896982117,4.938730118393774e-50,2.8539004699252325e-50,0.0,0.9691071836060093,0.08702021021565354
F0.6_L1.25_W1_H,0.6,1.25,1.0,H,10.033168588998375,10.428794692924766,1.6689786475778832,4.938730118393774e-50,2.748597209197974e-50,0.0,0.9731587707082411,0.08741876873761516
F0.6_L1.25_W1_H2,0.6,1.25,1.0,H2,10.13613618263742,10.534114461242325,2.004909247662274,4.938730118393774e-50,2.549503764903011e-50,0.0,0.9829866424120274,0.08874247168990959
F0.75_L0.25_W0.2_sqrt_H,0.75,0.25,0.2,sqrt_H,10.67785378360839,11.224043757874432,3.1219636927567747,4.938730118393774e-50,3.5673755874065413e-50,0.0,1.047367116470224,0.08468639203510768
F0.75_L0.25_W0.2_H,0.75,0.25,0.2,H,10.625814805772405,11.169755728797947,3.048582039417728,4.938730118393774e-50,3.435746511497468e-50,0.0,1.0423012509319862,0.08024720939901765
F0.75_L0.25_W0.2_H2,0.75,0.25,0.2,H2,10.572703867293667,11.109133901075445,2.938292577750444,4.938730118393774e-50,3.1868797061287644e-50,0.0,1.0366443495275948,0.07806959140042784
F0.75_L0.25_W0.25_sqrt_H,0.75,0.25,0.25,sqrt_H,10.58895903010719,11.111579079805802,2.9577824604060807,4.938730118393774e-50,3.5673755874065413e-50,0.0,1.0368725203946472,0.07920490085849127
F0.75_L0.25_W0.25_H,0.75,0.25,0.25,H,10.550792567837917,11.072735890185674,2.9209136218138863,4.938730118393774e-50,3.435746511497468e-50,0.0,1.0332478838211843,0.07671799234418475
F0.75_L0.25_W0.25_H2,0.75,0.25,0.25,H2,10.51634347977096,11.033948596620249,2.846170542568307,4.938730118393774e-50,3.1868797061287644e-50,0.0,1.0296284631655224,0.07646172956579118
F0.75_L0.25_W0.35_sqrt_H,0.75,0.25,0.35,sqrt_H,10.406718647128885,10.878650026758189,2.574722583525904,4.938730118393774e-50,3.5673755874065413e-50,0.0,1.0151368397526805,0.0748208260310573
F0.75_L0.25_W0.35_H,0.75,0.25,0.35,H,10.394784925327677,10.869921477920938,2.6252170914429076,4.938730118393774e-50,3.435746511497468e-50,0.0,1.0143223387382643,0.07439052249415759
F0.75_L0.25_W0.35_H2,0.75,0.25,0.35,H2,10.399523503881559,10.876509799640749,2.636214379275471,4.938730118393774e-50,3.1868797061287644e-50,0.0,1.0149371253223967,0.07619003048308791
F0.75_L0.25_W0.5_sqrt_H,0.75,0.25,0.5,sqrt_H,10.143163587317263,10.546900094863757,1.8702744683391843,4.938730118393774e-50,3.5673755874065413e-50,0.0,0.9841797286568069,0.07627579132814385
F0.75_L0.25_W0.5_H,0.75,0.25,0.5,H,10.161804676653416,10.572242577829668,2.0901059868342475,4.938730118393774e-50,3.435746511497468e-50,0.0,0.9865445522338337,0.07657241405701057
F0.75_L0.25_W0.5_H2,0.75,0.25,0.5,H2,10.224369140093048,10.64235206309097,2.266535214164101,4.938730118393774e-50,3.1868797061287644e-50,0.0,0.9930867905749686,0.07903899624797832
F0.75_L0.25_W0.75_sqrt_H,0.75,0.25,0.75,sqrt_H,9.849043297417802,10.179919919918344,0.5015071922726372,4.938730118393774e-50,3.5673755874065413e-50,0.0,0.9499351216394244,0.0831736758674537
F0.75_L0.25_W0.75_H,0.75,0.25,0.75,H,9.858128418681746,10.197327801411712,1.0765315258675143,4.938730118393774e-50,3.435746511497468e-50,0.0,0.9515595310801639,0.08280585502756113
F0.75_L0.25_W0.75_H2,0.75,0.25,0.75,H2,9.981271837706272,10.325562043821627,1.5920550333921648,4.938730118393774e-50,3.1868797061287644e-50,0.0,0.9635256576921872,0.08438552704820239
F0.75_L0.25_W1_sqrt_H,0.75,0.25,1.0,sqrt_H,9.839086647097659,10.138550146312177,-0.888170292238454,4.938730118393774e-50,3.5673755874065413e-50,0.0,0.9460747179003068,0.08757872396969961
F0.75_L0.25_W1_H,0.75,0.25,1.0,H,9.728153364980221,10.04268353522315,0.07280511715006763,4.938730118393774e-50,3.435746511497468e-50,0.0,0.9371289637507256,0.08666902819529985
F0.75_L0.25_W1_H2,0.75,0.25,1.0,H2,9.835286603488843,10.142892539870726,0.9469463459510478,4.938730118393774e-50,3.1868797061287644e-50,0.0,0.9464799266038818,0.08751338000409063
F0.75_L0.5_W0.2_sqrt_H,0.75,0.5,0.2,sqrt_H,11.180617758288848,11.771079346041288,3.8779826673364233,4.938730118393774e-50,3.5673755874065413e-50,0.0,1.098413521753788,0.07877738313324278
F0.75_L0.5_W0.2_H,0.75,0.5,0.2,H,11.03477990074016,11.639779981823745,3.631385318811292,4.938730118393774e-50,3.435746511497468e-50,0.0,1.0861613745364873,0.07371191509088348
F0.75_L0.5_W0.2_H2,0.75,0.5,0.2,H2,10.871686886464317,11.466693762996195,3.3515923906089706,4.938730118393774e-50,3.1868797061287644e-50,0.0,1.0700099038344097,0.07040529140000258
F0.75_L0.5_W0.25_sqrt_H,0.75,0.5,0.25,sqrt_H,11.107986879998803,11.686355889395209,3.7712028551367176,4.938730118393774e-50,3.5673755874065413e-50,0.0,1.0905075865668783,0.07373761597874441
F0.75_L0.5_W0.25_H,0.75,0.5,0.25,H,10.977417643330625,11.569560847336348,3.550986029966446,4.938730118393774e-50,3.435746511497468e-50,0.0,1.0796089043220423,0.07065505979000379
F0.75_L0.5_W0.25_H2,0.75,0.5,0.25,H2,10.830738149738483,11.414119158379847,3.2955037182497926,4.938730118393774e-50,3.1868797061287644e-50,0.0,1.0651039258086243,0.06950384878837887
F0.75_L0.5_W0.35_sqrt_H,0.75,0.5,0.35,sqrt_H,10.9093931637945,11.453961955761981,3.4619119715033784,4.938730118393774e-50,3.5673755874065413e-50,0.0,1.0688218403772447,0.07049024249842588
F0.75_L0.5_W0.35_H,0.75,0.5,0.35,H,10.815582190195375,11.372791507937176,3.314790546144916,4.938730118393774e-50,3.435746511497468e-50,0.0,1.0612474527755196,0.06964049875803566
F0.75_L0.5_W0.35_H2,0.75,0.5,0.35,H2,10.712861164939884,11.264763300274907,3.12877223991425,4.938730118393774e-50,3.1868797061287644e-50,0.0,1.0511668441466289,0.07093593142097947
F0.75_L0.5_W0.5_sqrt_H,0.75,0.5,0.5,sqrt_H,10.545203842668325,11.023942920011883,2.7949065827159343,4.938730118393774e-50,3.5673755874065413e-50,0.0,1.028694787488226,0.07410849262043531
F0.75_L0.5_W0.5_H,0.75,0.5,0.5,H,10.512034677946858,11.00170521763118,2.806080856786771,4.938730118393774e-50,3.435746511497468e-50,0.0,1.0266196852593115,0.07411788446210041
F0.75_L0.5_W0.5_H2,0.75,0.5,0.5,H2,10.489992425666298,10.980734817398432,2.7728667805649954,4.938730118393774e-50,3.1868797061287644e-50,0.0,1.0246628408192147,0.07628194455505871
F0.75_L0.5_W0.75_sqrt_H,0.75,0.5,0.75,sqrt_H,10.021249669033848,10.399906187493599,1.3724547208520084,4.938730118393774e-50,3.5673755874065413e-50,0.0,0.9704630514750237,0.08278745752840205
F0.75_L0.5_W0.75_H,0.75,0.5,0.75,H,10.047340976394837,10.433893815485941,1.742512588432643,4.938730118393774e-50,3.435746511497468e-50,0.0,0.9736345932734979,0.08225433673693122
F0.75_L0.5_W0.75_H2,0.75,0.5,0.75,H2,10.141780875577291,10.534054814502145,2.052418247660439,4.938730118393774e-50,3.1868797061287644e-50,0.0,0.9829810765005238,0.08364406447945381
F0.75_L0.5_W1_sqrt_H,0.75,0.5,1.0,sqrt_H,9.813665379939073,10.132058716677477,-0.11950871512872185,4.938730118393774e-50,3.5673755874065413e-50,0.0,0.9454689727620188,0.08747101444509438
F0.75_L0.5_W1_H,0.75,0.5,1.0,H,9.780813398585183,10.111372568047948,0.6534810033045563,4.938730118393774e-50,3.435746511497468e-50,0.0,0.9435386531456341,0.08652511433532145
F0.75_L0.5_W1_H2,0.75,0.5,1.0,H2,9.911335266031204,10.2419903896941,1.340316689092195,4.938730118393774e-50,3.1868797061287644e-50,0.0,0.9557272024927601,0.08729100713980627
F0.75_L0.75_W0.2_sqrt_H,0.75,0.75,0.2,sqrt_H,11.579801478167122,12.162311998852742,4.2956387064353025,4.938730118393774e-50,3.5673755874065413e-50,0.0,1.1349212389619154,0.06842746706491047
F0.75_L0.75_W0.2_H,0.75,0.75,0.2,H,11.35513770825434,11.972591312664495,3.943044719098711,4.938730118393774e-50,3.435746511497468e-50,0.0,1.117217529646961,0.06578386345081574
F0.75_L0.75_W0.2_H2,0.75,0.75,0.2,H2,11.100561779214923,11.713461115719845,3.5663376051252773,4.938730118393774e-50,3.1868797061287644e-50,0.0,1.0930368998294882,0.06517420547161701
F0.75_L0.75_W0.25_sqrt_H,0.75,0.75,0.25,sqrt_H,11.511528496243239,12.095737966678303,4.227926282015156,4.938730118393774e-50,3.5673755874065413e-50,0.0,1.1287089099996892,0.06389390445621594
F0.75_L0.75_W0.25_H,0.75,0.75,0.25,H,11.301668411497344,11.917688579983318,3.893179443295469,4.938730118393774e-50,3.435746511497468e-50,0.0,1.112094303289769,0.06316479018652851
F0.75_L0.75_W0.25_H2,0.75,0.75,0.25,H2,11.063127991691495,11.673213360413083,3.53191609586923,4.938730118393774e-50,3.1868797061287644e-50,0.0,1.0892811967754559,0.0645551489957318
F0.75_L0.75_W0.35_sqrt_H,0.75,0.75,0.35,sqrt_H,11.313443104980623,11.8887026085735,3.9984177427051995,4.938730118393774e-50,3.5673755874065413e-50,0.0,1.1093894890580631,0.06289724232146997
F0.75_L0.75_W0.35_H,0.75,0.75,0.35,H,11.143696983712825,11.744583472480974,3.72126730195139,4.938730118393774e-50,3.435746511497468e-50,0.0,1.0959410699986212,0.06402535873815693
F0.75_L0.75_W0.35_H2,0.75,0.75,0.35,H2,10.950844532225188,11.54461889573523,3.4122422343462717,4.938730118393774e-50,3.1868797061287644e-50,0.0,1.077281456167782,0.0672982428121125
F0.75_L0.75_W0.5_sqrt_H,0.75,0.75,0.5,sqrt_H,10.907339359886882,11.436252363129277,3.407086170514336,4.938730118393774e-50,3.5673755874065413e-50,0.0,1.067169276883222,0.0701615522120356
F0.75_L0.75_W0.5_H,0.75,0.75,0.5,H,10.81369505077222,11.36026956523888,3.274162596818709,4.938730118393774e-50,3.435746511497468e-50,0.0,1.0600789727428828,0.07139766472188948
F0.75_L0.75_W0.5_H2,0.75,0.75,0.5,H2,10.71228863593438,11.254911586414318,3.1009358583930164,4.938730118393774e-50,3.1868797061287644e-50,0.0,1.050247535441046,0.07461880566058945
F0.75_L0.75_W0.75_sqrt_H,0.75,0.75,0.75,sqrt_H,10.22590133732648,10.648543204382527,1.9849713164081944,4.938730118393774e-50,3.5673755874065413e-50,0.0,0.9936645144276263,0.08184572791427129
F0.75_L0.75_W0.75_H,0.75,0.75,0.75,H,10.2391594638502,10.67003230260987,2.209890127625816,4.938730118393774e-50,3.435746511497468e-50,0.0,0.9956697609618914,0.08174680375768803
F0.75_L0.75_W0.75_H2,0.75,0.75,0.75,H2,10.291863022852871,10.725698245295828,2.3767822239095486,4.938730118393774e-50,3.1868797061287644e-50,0.0,1.0008642059528676,0.08339423082637651
F0.75_L0.75_W1_sqrt_H,0.75,0.75,1.0,sqrt_H,9.859497713371677,10.201646579892873,0.4267461415309159,4.938730118393774e-50,3.5673755874065413e-50,0.0,0.9519625361523166,0.08725608805705161
F0.75_L0.75_W1_H,0.75,0.75,1.0,H,9.861697774518332,10.213740740114284,1.0668366730779637,4.938730118393774e-50,3.435746511497468e-50,0.0,0.9530910978356529,0.08648944953238512
F0.75_L0.75_W1_H2,0.75,0.75,1.0,H2,9.990778569552615,10.344939749663201,1.6229107109847052,4.938730118393774e-50,3.1868797061287644e-50,0.0,0.965333880497525,0.08731097681582968
F0.75_L1_W0.2_sqrt_H,0.75,1.0,0.2,sqrt_H,11.857162582801868,12.43992431355047,4.524951622309013,4.938730118393774e-50,3.5673755874065413e-50,0.0,1.16082652014345,0.0679171643283053
F0.75_L1_W0.2_H,0.75,1.0,0.2,H,11.58105577470302,12.211624690046872,4.105599411641727,4.938730118393774e-50,3.435746511497468e-50,0.0,1.1395228328522766,0.0657949506127603
F0.75_L1_W0.2_H2,0.75,1.0,0.2,H2,11.265017413829737,11.892456051532603,3.6735085419014473,4.938730118393774e-50,3.1868797061287644e-50,0.0,1.1097397400739817,0.06625078047734323
F0.75_L1_W0.25_sqrt_H,0.75,1.0,0.25,sqrt_H,11.783292518992466,12.367327843511283,4.473743465905099,4.938730118393774e-50,3.5673755874065413e-50,0.0,1.1540522098207986,0.06280247993386054
F0.75_L1_W0.25_H,0.75,1.0,0.25,H,11.521046093805328,12.149887043941764,4.0687422584945585,4.938730118393774e-50,3.435746511497468e-50,0.0,1.1337618093055357,0.06282851403572164
F0.75_L1_W0.25_H2,0.75,1.0,0.25,H2,11.221341659758703,11.846187234093495,3.6479457944643388,4.938730118393774e-50,3.1868797061287644e-50,0.0,1.1054221840354383,0.06539847914649158
F0.75_L1_W0.35_sqrt_H,0.75,1.0,0.35,sqrt_H,11.581500646813696,12.165944573058324,4.294249002615967,4.938730118393774e-50,3.5673755874065413e-50,0.0,1.1352602111588472,0.06247390604029496
F0.75_L1_W0.35_H,0.75,1.0,0.35,H,11.359121136018754,11.980447086262728,3.937420106448068,4.938730118393774e-50,3.435746511497468e-50,0.0,1.1179505879919496,0.06432999567217954
F0.75_L1_W0.35_H2,0.75,1.0,0.35,H2,11.105523038246703,11.72029404819267,3.5577151107814573,4.938730118393774e-50,3.1868797061287644e-50,0.0,1.0936745121673837,0.06848865869124568
F0.75_L1_W0.5_sqrt_H,0.75,1.0,0.5,sqrt_H,11.160044925752475,11.713688593229708,3.769635785028798,4.938730118393774e-50,3.5673755874065413e-50,0.0,1.0930581268015767,0.07031426113815534
F0.75_L1_W0.5_H,0.75,1.0,0.5,H,11.020170887942685,11.59846794066755,3.5444322419137344,4.938730118393774e-50,3.435746511497468e-50,0.0,1.0823063580776549,0.07205134525761663
F0.75_L1_W0.5_H2,0.75,1.0,0.5,H2,10.862080555026298,11.434285105126202,3.285819545344577,4.938730118393774e-50,3.1868797061287644e-50,0.0,1.0669857029960843,0.07574508573065598
F0.75_L1_W0.75_sqrt_H,0.75,1.0,0.75,sqrt_H,10.387616475390777,10.838504515010376,2.3687395545756167,4.938730118393774e-50,3.5673755874065413e-50,0.0,1.0113906775151154,0.08177223268750103
F0.75_L1_W0.75_H,0.75,1.0,0.75,H,10.383387387715407,10.843679945823327,2.496815948508172,4.938730118393774e-50,3.435746511497468e-50,0.0,1.0118736207541106,0.08201381730965773
F0.75_L1_W0.75_H2,0.75,1.0,0.75,H2,10.400847098110356,10.861659592662669,2.5723040773290973,4.938730118393774e-50,3.1868797061287644e-50,0.0,1.0135513842475095,0.08389951147667404
F0.75_L1_W1_sqrt_H,0.75,1.0,1.0,sqrt_H,9.916086461903374,10.276802734004916,0.7761860222030085,4.938730118393774e-50,3.5673755874065413e-50,0.0,0.9589757023618742,0.08710676464112452
F0.75_L1_W1_H,0.75,1.0,1.0,H,9.933628846796537,10.302400986440068,1.3263499655434678,4.938730118393774e-50,3.435746511497468e-50,0.0,0.9613643929637683,0.08659488296153942
F0.75_L1_W1_H2,0.75,1.0,1.0,H2,10.053704623352003,10.424484805069413,1.7974827137525777,4.938730118393774e-50,3.1868797061287644e-50,0.0,0.9727565952612499,0.08755586957954531
F0.75_L1.25_W0.2_sqrt_H,0.75,1.25,0.2,sqrt_H,11.955693737612476,12.536639479596273,4.633459948301735,4.938730118393774e-50,3.5673755874065413e-50,0.0,1.16985145685659,0.07914672547670557
F0.75_L1.25_W0.2_H,0.75,1.25,0.2,H,11.652708320414947,12.28997772821796,4.171181071960979,4.938730118393774e-50,3.435746511497468e-50,0.0,1.1468343150084612,0.07687141482564563
F0.75_L1.25_W0.2_H2,0.75,1.25,0.2,H2,11.312885463659287,11.94871025899294,3.7076707845087484,4.938730118393774e-50,3.1868797061287644e-50,0.0,1.1149890787551247,0.07668873014148264
F0.75_L1.25_W0.25_sqrt_H,0.75,1.25,0.25,sqrt_H,11.90108251104001,12.484178094285715,4.594303404590193,4.938730118393774e-50,3.5673755874065413e-50,0.0,1.1649560438446616,0.07375287342948086
F0.75_L1.25_W0.25_H,0.75,1.25,0.25,H,11.610059241372918,12.246591910733216,4.145419310665921,4.938730118393774e-50,3.435746511497468e-50,0.0,1.1427857849479097,0.07346149488330239
F0.75_L1.25_W0.25_H2,0.75,1.25,0.25,H2,11.282339656726357,11.916470699471352,3.6913142314245366,4.938730118393774e-50,3.1868797061287644e-50,0.0,1.1119806572609812,0.07523391033800951
F0.75_L1.25_W0.35_sqrt_H,0.75,1.25,0.35,sqrt_H,11.714395653949715,12.30062830269866,4.440344590782265,4.938730118393774e-50,3.5673755874065413e-50,0.0,1.1478281690706194,0.07126351971066816
F0.75_L1.25_W0.35_H,0.75,1.25,0.35,H,11.462338836791565,12.093399247580551,4.03582515529858,4.938730118393774e-50,3.435746511497468e-50,0.0,1.1284906733703168,0.07269466130967148
F0.75_L1.25_W0.35_H2,0.75,1.25,0.35,H2,11.17715538135493,11.80273601526588,3.6177471924628573,4.938730118393774e-50,3.1868797061287644e-50,0.0,1.101367551074954,0.07603400645609464
F0.75_L1.25_W0.5_sqrt_H,0.75,1.25,0.5,sqrt_H,11.290249184100237,11.852025479700826,3.9490246994409692,4.938730118393774e-50,3.5673755874065413e-50,0.0,1.1059669775696497,0.0753259977039871
F0.75_L1.25_W0.5_H,0.75,1.25,0.5,H,11.123591847455094,11.715589392335456,3.669787388024403,4.938730118393774e-50,3.435746511497468e-50,0.0,1.0932354991035136,0.07677605116637853
F0.75_L1.25_W0.5_H2,0.75,1.25,0.5,H2,10.93436482871841,11.520041714445595,3.3652521778972853,4.938730118393774e-50,3.1868797061287644e-50,0.0,1.074988046408021,0.07996348456639417
F0.75_L1.25_W0.75_sqrt_H,0.75,1.25,0.75,sqrt_H,10.479304248919243,10.941603967992082,2.5647101972105215,4.938730118393774e-50,3.5673755874065413e-50,0.0,1.0210113613888172,0.08326306448969206
F0.75_L1.25_W0.75_H,0.75,1.25,0.75,H,10.462617113400222,10.935833662017027,2.6352739699142034,4.938730118393774e-50,3.435746511497468e-50,0.0,1.0204729076139907,0.08351594833500503
F0.75_L1.25_W0.75_H2,0.75,1.25,0.75,H2,10.458251932054234,10.93111509868734,2.660399263922395,4.938730118393774e-50,3.1868797061287644e-50,0.0,1.020032596779936,0.08532246486969605
F0.75_L1.25_W1_sqrt_H,0.75,1.25,1.0,sqrt_H,9.954843086413645,10.324204066249756,0.9580962060468451,4.938730118393774e-50,3.5673755874065413e-50,0.0,0.9633989385627573,0.08739741627993715
F0.75_L1.25_W1_H,0.75,1.25,1.0,H,9.978612065567457,10.35484832144628,1.454163379082133,4.938730118393774e-50,3.435746511497468e-50,0.0,0.9662584948772134,0.087049199488371
F0.75_L1.25_W1_H2,0.75,1.25,1.0,H2,10.090553381227071,10.468558032845852,1.8777938612766767,4.938730118393774e-50,3.1868797061287644e-50,0.0,0.9768692707359299,0.08808714544624717
F1_L0.25_W0.2_sqrt_H,1.0,0.25,0.2,sqrt_H,10.822585266954023,11.385790914104101,3.314274713257849,4.938730118393774e-50,4.756500783208722e-50,0.0,1.0624604871191647,0.09162957346658888
F1_L0.25_W0.2_H,1.0,0.25,0.2,H,10.744007425702824,11.30493494488746,3.219428968299581,4.938730118393774e-50,4.580995348663291e-50,0.0,1.0549154449619276,0.08312239494655242
F1_L0.25_W0.2_H2,1.0,0.25,0.2,H2,10.663597461832618,11.214060843700695,3.0760352731660237,4.938730118393774e-50,4.249172941505019e-50,0.0,1.0464355648603347,0.07760696329443452
F1_L0.25_W0.25_sqrt_H,1.0,0.25,0.25,sqrt_H,10.697288765538243,11.228695506775882,3.0982027942698527,4.938730118393774e-50,4.756500783208722e-50,0.0,1.047801192542855,0.08236687896300075
F1_L0.25_W0.25_H,1.0,0.25,0.25,H,10.637992175200418,11.16929556934781,3.0516246888798606,4.938730118393774e-50,4.580995348663291e-50,0.0,1.0422583113384847,0.07707345354458572
F1_L0.25_W0.25_H2,1.0,0.25,0.25,H2,10.583687996956177,11.10885807926114,2.9550911394453165,4.938730118393774e-50,4.249172941505019e-50,0.0,1.0366186113262352,0.07467205489428526
F1_L0.25_W0.35_sqrt_H,1.0,0.25,0.35,sqrt_H,10.446610682723575,10.910049194951759,2.591102288521515,4.938730118393774e-50,4.756500783208722e-50,0.0,1.01806684046899,0.07474167377289627
F1_L0.25_W0.35_H,1.0,0.25,0.35,H,10.421971828241464,10.890967830431263,2.660611441017387,4.938730118393774e-50,4.580995348663291e-50,0.0,1.0162862706345106,0.07258979124250545
F1_L0.25_W0.35_H2,1.0,0.25,0.35,H2,10.421305299234973,10.892418316885681,2.6777337419831264,4.938730118393774e-50,4.249172941505019e-50,0.0,1.0164216221930056,0.07337208787172296
F1_L0.25_W0.5_sqrt_H,1.0,0.25,0.5,sqrt_H,10.108586774487685,10.483568302660903,1.650908104132567,4.938730118393774e-50,4.756500783208722e-50,0.0,0.9782699480098936,0.0758782885176637
F1_L0.25_W0.5_H,1.0,0.25,0.5,H,10.115155315912094,10.501729956332676,1.9472605752549772,4.938730118393774e-50,4.580995348663291e-50,0.0,0.9799646953974553,0.07466341565019002
F1_L0.25_W0.5_H2,1.0,0.25,0.5,H2,10.18724541489702,10.582549964945759,2.185577884415208,4.938730118393774e-50,4.249172941505019e-50,0.0,0.9875063819054749,0.07642958916039068
F1_L0.25_W0.75_sqrt_H,1.0,0.25,0.75,sqrt_H,9.85898191065744,10.155522720830056,-0.20009574274670788,4.938730118393774e-50,4.756500783208722e-50,0.0,0.9476585068461933,0.08543663441123943
F1_L0.25_W0.75_H,1.0,0.25,0.75,H,9.78795342870372,10.102222011227575,0.5791474642597988,4.938730118393774e-50,4.580995348663291e-50,0.0,0.9426847726264739,0.08276277064728535
F1_L0.25_W0.75_H2,1.0,0.25,0.75,H2,9.899034345068323,10.212289988180698,1.277326837685171,4.938730118393774e-50,4.249172941505019e-50,0.0,0.9529557215040766,0.08308882140846305
F1_L0.25_W1_sqrt_H,1.0,0.25,1.0,sqrt_H,10.15038653508312,10.442435238951758,-2.1093245098570272,4.938730118393774e-50,4.756500783208722e-50,0.0,0.9744316327593486,0.09225642349153282
F1_L0.25_W1_H,1.0,0.25,1.0,H,9.78923882903598,10.11402648234779,-0.7955252924808998,4.938730118393774e-50,4.580995348663291e-50,0.0,0.9437863020881674,0.08806602236642687
F1_L0.25_W1_H2,1.0,0.25,1.0,H2,9.786715819049281,10.081731845384025,0.39722359265582985,4.938730118393774e-50,4.249172941505019e-50,0.0,0.9407727410647208,0.08708955760444717
F1_L0.5_W0.2_sqrt_H,1.0,0.5,0.2,sqrt_H,11.565665850420748,12.185583260809274,4.292222815852455,4.938730118393774e-50,4.756500783208722e-50,0.0,1.1370927873858012,0.09311550677990396
F1_L0.5_W0.2_H,1.0,0.5,0.2,H,11.344935881013512,11.988137310583332,3.9719921485108496,4.938730118393774e-50,4.580995348663291e-50,0.0,1.118668198172864,0.08168980101923626
F1_L0.5_W0.2_H2,1.0,0.5,0.2,H2,11.102676544154887,11.733319193334692,3.6087478283151544,4.938730118393774e-50,4.249172941505019e-50,0.0,1.0948899483331092,0.07247838426053525
F1_L0.5_W0.25_sqrt_H,1.0,0.5,0.25,sqrt_H,11.45916813623131,12.063302155589952,4.1537691888579555,4.938730118393774e-50,4.756500783208722e-50,0.0,1.125682175369744,0.0824287863928386
F1_L0.5_W0.25_H,1.0,0.5,0.25,H,11.261242356964402,11.887101999481516,3.8678789139873033,4.938730118393774e-50,4.580995348663291e-50,0.0,1.10924012886619,0.07483120232309565
F1_L0.5_W0.25_H2,1.0,0.5,0.25,H2,11.04298152380868,11.657690158707698,3.5362053355626695,4.938730118393774e-50,4.249172941505019e-50,0.0,1.0878326554690172,0.06953500868849219
F1_L0.5_W0.35_sqrt_H,1.0,0.5,0.35,sqrt_H,11.170708753771013,11.730683800101637,3.751250047150781,4.938730118393774e-50,4.756500783208722e-50,0.0,1.0946440276764533,0.07311712233694992
F1_L0.5_W0.35_H,1.0,0.5,0.35,H,11.027319890892201,11.606456916493105,3.560881860932935,4.938730118393774e-50,4.580995348663291e-50,0.0,1.0830518461347636,0.0696596654979614
F1_L0.5_W0.35_H2,1.0,0.5,0.35,H2,10.87283221940348,11.444824783647285,3.319745365912055,4.938730118393774e-50,4.249172941505019e-50,0.0,1.0679692088464963,0.06883097826209551
F1_L0.5_W0.5_sqrt_H,1.0,0.5,0.5,sqrt_H,10.652955682309251,11.125646992635929,2.875674955191244,4.938730118393774e-50,4.756500783208722e-50,0.0,1.038185262006627,0.0746489591600001
F1_L0.5_W0.5_H,1.0,0.5,0.5,H,10.596446364780386,11.085495831770443,2.8939565789005126,4.938730118393774e-50,4.580995348663291e-50,0.0,1.0344385726239245,0.07276990210853798
F1_L0.5_W0.5_H2,1.0,0.5,0.5,H2,10.5563794760253,11.04620433376161,2.853750146195325,4.938730118393774e-50,4.249172941505019e-50,0.0,1.030772102333978,0.0737684289754935
F1_L0.5_W0.75_sqrt_H,1.0,0.5,0.75,sqrt_H,9.990297769707116,10.334099598260941,0.978372212322327,4.938730118393774e-50,4.756500783208722e-50,0.0,0.9643223361413905,0.08530124304843079
F1_L0.5_W0.75_H,1.0,0.5,0.75,H,9.986796574180792,10.346430378346655,1.4778227159671373,4.938730118393774e-50,4.580995348663291e-50,0.0,0.9654729779119325,0.08232671610870859
F1_L0.5_W0.75_H2,1.0,0.5,0.75,H2,10.089631145925921,10.454359818569426,1.896434885474353,4.938730118393774e-50,4.249172941505019e-50,0.0,0.9755443700970408,0.08232335241684419
F1_L0.5_W1_sqrt_H,1.0,0.5,1.0,sqrt_H,9.931330227860007,10.216966383578983,-1.0486712042733244,4.938730118393774e-50,4.756500783208722e-50,0.0,0.9533920974546194,0.09218772237633902
F1_L0.5_W1_H,1.0,0.5,1.0,H,9.747834986884572,10.062143886551151,0.0023366316842563534,4.938730118393774e-50,4.580995348663291e-50,0.0,0.9389448985862975,0.08793724733983974
F1_L0.5_W1_H2,1.0,0.5,1.0,H2,9.833866257721015,10.137965604323124,0.9348171247454544,4.938730118393774e-50,4.249172941505019e-50,0.0,0.9460201716003515,0.0868464877665242
F1_L0.75_W0.2_sqrt_H,1.0,0.75,0.2,sqrt_H,12.144520374971725,12.750655062295257,4.823835352443402,4.938730118393774e-50,4.756500783208722e-50,0.0,1.1898222346410112,0.08187679838068782
F1_L0.75_W0.2_H,1.0,0.75,0.2,H,11.80650249551898,12.466180362340745,4.366899585867086,4.938730118393774e-50,4.580995348663291e-50,0.0,1.1632765927469249,0.0728994409290271
F1_L0.75_W0.2_H2,1.0,0.75,0.2,H2,11.431848093014715,12.088280672975278,3.879768582760058,4.938730118393774e-50,4.249172941505019e-50,0.0,1.1280130356454103,0.06668827185890543
F1_L0.75_W0.25_sqrt_H,1.0,0.75,0.25,sqrt_H,12.045623734188972,12.655145210299303,4.737588251966862,4.938730118393774e-50,4.756500783208722e-50,0.0,1.1809097713223147,0.07131230407741064
F1_L0.75_W0.25_H,1.0,0.75,0.25,H,11.729714790076345,12.387840015654609,4.303622181234024,4.938730118393774e-50,4.580995348663291e-50,0.0,1.15596629489154,0.06626657337502975
F1_L0.75_W0.25_H2,1.0,0.75,0.25,H2,11.378301185925146,12.030822298027637,3.8362136745530755,4.938730118393774e-50,4.249172941505019e-50,0.0,1.1226513305608452,0.06389697296001513
F1_L0.75_W0.35_sqrt_H,1.0,0.75,0.35,sqrt_H,11.75740417528877,12.357556752283562,4.4434411106132945,4.938730118393774e-50,4.756500783208722e-50,0.0,1.1531404243836858,0.06384393312874806
F1_L0.75_W0.35_H,1.0,0.75,0.35,H,11.501527914032646,12.140174143663307,4.083889880011935,4.938730118393774e-50,4.580995348663291e-50,0.0,1.1328554539333844,0.06283533676993214
F1_L0.75_W0.35_H2,1.0,0.75,0.35,H2,11.216659798600977,11.846766860089788,3.683573466953214,4.938730118393774e-50,4.249172941505019e-50,0.0,1.105476271601512,0.0644716153914292
F1_L0.75_W0.5_sqrt_H,1.0,0.75,0.5,sqrt_H,11.168992650442007,11.709480709591038,3.676490718120511,4.938730118393774e-50,4.756500783208722e-50,0.0,1.0926654698369256,0.06946158882096365
F1_L0.75_W0.5_H,1.0,0.75,0.5,H,11.026283635375835,11.592418968487479,3.5050257032820045,4.938730118393774e-50,4.580995348663291e-50,0.0,1.0817419006782967,0.06924889140427044
F1_L0.75_W0.5_H2,1.0,0.75,0.5,H2,10.873879733133842,11.434140134003615,3.2811755122053303,4.938730118393774e-50,4.249172941505019e-50,0.0,1.0669721750742487,0.07166752418150843
F1_L0.75_W0.75_sqrt_H,1.0,0.75,0.75,sqrt_H,10.235796121160218,10.634500597619514,1.7975078350690792,4.938730118393774e-50,4.756500783208722e-50,0.0,0.992354134241093,0.08402796371356339
F1_L0.75_W0.75_H,1.0,0.75,0.75,H,10.232172642015877,10.645559128223374,2.1013448808784148,4.938730118393774e-50,4.580995348663291e-50,0.0,0.9933860565643498,0.08161877377104385
F1_L0.75_W0.75_H2,1.0,0.75,0.75,H2,10.288583984223566,10.70458471244572,2.3279616504546934,4.938730118393774e-50,4.249172941505019e-50,0.0,0.9988940051503091,0.08197565730470945
F1_L0.75_W1_sqrt_H,1.0,0.75,1.0,sqrt_H,9.896196924341753,10.198412471087357,-0.3029464274346307,4.938730118393774e-50,4.756500783208722e-50,0.0,0.951660746593486,0.09188915868846467
F1_L0.75_W1_H,1.0,0.75,1.0,H,9.801261553659577,10.128092626189558,0.564606217464852,4.938730118393774e-50,4.580995348663291e-50,0.0,0.945098878627712,0.0878373159372352
F1_L0.75_W1_H2,1.0,0.75,1.0,H2,9.914699035840123,10.238930986460023,1.317519871666452,4.938730118393774e-50,4.249172941505019e-50,0.0,0.9554417155138674,0.08683726688999827
F1_L1_W0.2_sqrt_H,1.0,1.0,0.2,sqrt_H,12.534881361575662,13.13902843029223,5.1130848789904615,4.938730118393774e-50,4.756500783208722e-50,0.0,1.2260631388398604,0.07877841109799567
F1_L1_W0.2_H,1.0,1.0,0.2,H,12.122415193131086,12.799536649976911,4.56998538714711,4.938730118393774e-50,4.580995348663291e-50,0.0,1.1943836002809751,0.07049287714223318
F1_L1_W0.2_H2,1.0,1.0,0.2,H2,11.661814776740787,12.339508804632324,4.012282664904566,4.938730118393774e-50,4.249172941505019e-50,0.0,1.1514562874275713,0.06607832184552462
F1_L1_W0.25_sqrt_H,1.0,1.0,0.25,sqrt_H,12.43133256554452,13.038393285195323,5.049008638124457,4.938730118393774e-50,4.756500783208722e-50,0.0,1.2166724108625426,0.06750587709537936
F1_L1_W0.25_H,1.0,1.0,0.25,H,12.038962232232397,12.714162611534531,4.5243157754950465,4.938730118393774e-50,4.580995348663291e-50,0.0,1.1864169563161313,0.0635634842964857
F1_L1_W0.25_H2,1.0,1.0,0.25,H2,11.601159960654325,12.275133935476235,3.98085719590215,4.938730118393774e-50,4.249172941505019e-50,0.0,1.1454491724754527,0.06315867490790736
F1_L1_W0.35_sqrt_H,1.0,1.0,0.35,sqrt_H,12.142448885592078,12.753493720574758,4.821943724620714,4.938730118393774e-50,4.756500783208722e-50,0.0,1.1900871228934968,0.06155346359617407
F1_L1_W0.35_H,1.0,1.0,0.35,H,11.80903997181136,12.475428121641064,4.359130525285259,4.938730118393774e-50,4.580995348663291e-50,0.0,1.1641395436762982,0.0616490768303378
F1_L1_W0.35_H2,1.0,1.0,0.35,H2,11.437314244112091,12.097207054747697,3.8679047713333685,4.938730118393774e-50,4.249172941505019e-50,0.0,1.1288459973603833,0.06477789297966727
F1_L1_W0.5_sqrt_H,1.0,1.0,0.5,sqrt_H,11.531512420347765,12.105296490037377,4.147163168444906,4.938730118393774e-50,4.756500783208722e-50,0.0,1.1296008597518703,0.06879053594924756
F1_L1_W0.5_H,1.0,1.0,0.5,H,11.32136637915485,11.930939567382932,3.854893818491667,4.938730118393774e-50,4.580995348663291e-50,0.0,1.1133308138346767,0.06930877086855752
F1_L1_W0.5_H2,1.0,1.0,0.5,H2,11.0881134157503,11.6893371063573,3.519818425052367,4.938730118393774e-50,4.249172941505019e-50,0.0,1.090785777625334,0.07253116759405244
F1_L1_W0.75_sqrt_H,1.0,1.0,0.75,sqrt_H,10.44829072819345,10.884898488490808,2.3068795865711453,4.938730118393774e-50,4.756500783208722e-50,0.0,1.0157199124391778,0.08370959652148649
F1_L1_W0.75_H,1.0,1.0,0.75,H,10.427100486096881,10.878838934411114,2.481189928928212,4.938730118393774e-50,4.580995348663291e-50,0.0,1.0151544675941244,0.08170321077452844
F1_L1_W0.75_H2,1.0,1.0,0.75,H2,10.438465629555926,10.889581293988787,2.5860757599044772,4.938730118393774e-50,4.249172941505019e-50,0.0,1.0161568865455883,0.08243226068941427
F1_L1_W1_sqrt_H,1.0,1.0,1.0,sqrt_H,9.925415859606114,10.247153373719692,0.17043641328987208,4.938730118393774e-50,4.756500783208722e-50,0.0,0.9562089842648128,0.09159257759051628
F1_L1_W1_H,1.0,1.0,1.0,H,9.873678015232866,10.216045164755817,0.9149596565587365,4.938730118393774e-50,4.580995348663291e-50,0.0,0.9533061342916747,0.08782053200693304
F1_L1_W1_H2,1.0,1.0,1.0,H2,9.989119656877596,10.330520373770243,1.5522586821259754,4.938730118393774e-50,4.249172941505019e-50,0.0,0.9639883422515866,0.0870502713573276
F1_L1.25_W0.2_sqrt_H,1.0,1.25,0.2,sqrt_H,12.677491280568693,13.276039415403565,5.251992491225511,4.938730118393774e-50,4.756500783208722e-50,0.0,1.2388482636572977,0.08852834685195095
F1_L1.25_W0.2_H,1.0,1.25,0.2,H,12.223712320756373,12.908654062605818,4.653294207016072,4.938730118393774e-50,4.580995348663291e-50,0.0,1.204565847632038,0.08076995009255636
F1_L1.25_W0.2_H2,1.0,1.25,0.2,H2,11.728563851253185,12.417857723134333,4.0549742549571866,4.938730118393774e-50,4.249172941505019e-50,0.0,1.1587673851584972,0.0765238640362574
F1_L1.25_W0.25_sqrt_H,1.0,1.25,0.25,sqrt_H,12.600479767350693,13.20351853432354,5.202874621103679,4.938730118393774e-50,4.756500783208722e-50,0.0,1.2320810068878847,0.07759880527123326
F1_L1.25_W0.25_H,1.0,1.25,0.25,H,12.164480185899919,12.84907191772245,4.621383231210634,4.938730118393774e-50,4.580995348663291e-50,0.0,1.1990059638124633,0.07388090458765191
F1_L1.25_W0.25_H2,1.0,1.25,0.25,H2,11.686409961220715,12.373396643562174,4.035002539625626,4.938730118393774e-50,4.249172941505019e-50,0.0,1.154618517449925,0.0733136812591785
F1_L1.25_W0.35_sqrt_H,1.0,1.25,0.35,sqrt_H,12.333393937791113,12.945106925208831,5.009043849220451,4.938730118393774e-50,4.756500783208722e-50,0.0,1.2079674318039473,0.070476020290444
F1_L1.25_W0.35_H,1.0,1.25,0.35,H,11.955429112669872,12.634600149928138,4.484354982806668,4.938730118393774e-50,4.580995348663291e-50,0.0,1.1789926172998566,0.07032894839098074
F1_L1.25_W0.35_H2,1.0,1.25,0.35,H2,11.53840422435631,12.213672942911419,3.943642669603639,4.938730118393774e-50,4.249172941505019e-50,0.0,1.1397139647422463,0.07291867226489288
F1_L1.25_W0.5_sqrt_H,1.0,1.25,0.5,sqrt_H,11.718292445802481,12.302849539604068,4.379774090241188,4.938730118393774e-50,4.756500783208722e-50,0.0,1.148035442896595,0.07441350245088538
F1_L1.25_W0.5_H,1.0,1.25,0.5,H,11.46847922994869,12.097022755784211,4.016791313033757,4.938730118393774e-50,4.580995348663291e-50,0.0,1.1288287995769357,0.07452649918728073
F1_L1.25_W0.5_H2,1.0,1.25,0.5,H2,11.190695460178844,11.811030118924329,3.6219411947278948,4.938730118393774e-50,4.249172941505019e-50,0.0,1.1021415120127276,0.07726573749601626
F1_L1.25_W0.75_sqrt_H,1.0,1.25,0.75,sqrt_H,10.571206905139249,11.024194769129748,2.566233959084254,4.938730118393774e-50,4.756500783208722e-50,0.0,1.0287182886870856,0.08555510843435123
F1_L1.25_W0.75_H,1.0,1.25,0.75,H,10.535381889899517,11.00481246721605,2.663858309777141,4.938730118393774e-50,4.580995348663291e-50,0.0,1.0269096370011312,0.08338937841053953
F1_L1.25_W0.75_H2,1.0,1.25,0.75,H2,10.517792661950471,10.985225304100133,2.7019232724529396,4.938730118393774e-50,4.249172941505019e-50,0.0,1.025081868774715,0.0840420742527441
F1_L1.25_W1_sqrt_H,1.0,1.25,1.0,sqrt_H,9.956496464758294,10.289286324293476,0.41570332822368317,4.938730118393774e-50,4.756500783208722e-50,0.0,0.9601406035548647,0.09189079025094461
F1_L1.25_W1_H,1.0,1.25,1.0,H,9.924634369079184,10.274978057669175,1.0866645452361836,4.938730118393774e-50,4.580995348663291e-50,0.0,0.9588054334255192,0.08821959770187592
F1_L1.25_W1_H2,1.0,1.25,1.0,H2,10.03533097805579,10.384690806067665,1.65972816496525,4.938730118393774e-50,4.249172941505019e-50,0.0,0.9690432342938143,0.08760362725626905
