k_hMpc,mu_at_1,mu_needed_at_1,mu_minus_needed_at_1,mu_rel_error_mean,mu_span_over_a,f_at_1,D_at_1,a_pts
0.0001,5.56461134420922,6.249462546221024,-0.6848512020118038,1.0350257172625459,0.044742230007595474,0.49045973297542567,1.7901588734924108,1201
0.0003,5.546806510086004,6.249462546221024,-0.7026560361350205,1.0293497740903024,0.04456770737609084,0.4895228357335311,1.78103383774464,1201
0.001,5.516722080888149,6.249462546221024,-0.7327404653328751,1.0197965329583607,0.044272820396824564,0.48793663789016234,1.765694971587852,1201
0.003,5.474527106559391,6.249462546221024,-0.7749354396616335,1.0064759860980454,0.04385922609399895,0.4857052070955063,1.7443488644963991,1201
0.01,5.403294725671643,6.249462546221024,-0.8461678205493817,0.9841945405023699,0.04316100770707898,0.4819201814836754,1.708753017215423,1201
0.03,5.303592609825245,6.249462546221024,-0.9458699363957797,0.9534381430223552,0.042183729541852344,0.4765837312581573,1.6598475985223202,1201
0.1,5.136115179364797,6.249462546221024,-1.1133473668562273,0.902893719976726,0.04054211908486316,0.4675151218272809,1.5800599780104472,1201
0.2,5.000621396554372,6.249462546221024,-1.248841149666652,0.8630269671491622,0.039214011708800456,0.4600789019572588,1.5176282872648403,1201
