model,global_rms,median_abs_error,p95_abs_error,reduced_chi2,A,ell0,extra_param
path_interference,40.02783804094815,27.77505680530581,77.45438169662717,123.36512204351244,54817.348356654395,28798625.202345535,1e-06
metric_resonance,38.54225520674986,25.310467064280786,76.630295347006,111.09663114677784,1.468522381922663,1e-06,0.0
entanglement,40.02781991644207,27.7717006645355,77.45178300597662,123.36814955838523,95420.61714198678,57601733.342564404,129068990.98638712
vacuum_condensation,40.02781517906818,27.77380846099686,77.45341100390414,123.36615719121484,120228.5968549568,76876487.05498467,242737823.4542815
graviton_pairing,39.84111316497227,26.08845544220624,78.60857358430171,117.0746731983759,211841.5770820647,36448088.751719594,30.0
