{
  "metadata": {
    "timestamp_utc": "2025-11-16T18:14:44.056644+00:00",
    "n_random_samples_per_model": 600,
    "galaxies": [
      "DDO154",
      "NGC2403",
      "NGC5055",
      "NGC7331",
      "UGC02953"
    ],
    "data_sources": {
      "rotation_curves": "C:\\Users\\henry\\.cursor\\worktrees\\sigmagravity\\pq66g\\gravitywavebaseline\\sparc_results",
      "sigma_table": "C:\\Users\\henry\\.cursor\\worktrees\\sigmagravity\\pq66g\\data\\sparc\\sparc_combined.csv"
    },
    "lambda_proxy": "lambda_gw = 2\u00cf\u20acR (derived from observed radii)",
    "data_type": "real SPARC rotation curves; no root data modified"
  },
  "galaxies": {
    "DDO154": {
      "sigma_v": 6.757499999999999,
      "n_points": 12,
      "models": {
        "path_interference": {
          "params": {
            "A": 2.8585365597287025,
            "ell0": 2.349488048004707,
            "p": 1.9875001196312119,
            "n_coh": 4.821124802137744,
            "beta_sigma": 0.07330019725477477
          },
          "rmse_log": 0.17342489574330477,
          "mae_lin": 1.5850469314678188,
          "max_abs": 3.438499409637733,
          "corr": 0.867956378919347
        },
        "metric_resonance": {
          "params": {
            "A": 1.5747446740557502,
            "ell0": 5.866245912761627,
            "p": 0.4513080511256684,
            "n_coh": 4.741704471436197,
            "lambda_m0": 74.2136603057591,
            "log_width": 1.2896146429596809,
            "beta_sigma": 1.0691734041154044
          },
          "rmse_log": 0.027262345589558572,
          "mae_lin": 0.1870335201360475,
          "max_abs": 0.476418001883979,
          "corr": 0.9946507604409769
        },
        "entanglement": {
          "params": {
            "A": 2.823185584679141,
            "ell0": 2.9505914022094903,
            "p": 2.1421819700189193,
            "n_coh": 4.607194582289069,
            "sigma0": 46.94829133977722
          },
          "rmse_log": 0.1785527581038034,
          "mae_lin": 1.6452341042718384,
          "max_abs": 3.5330051836364684,
          "corr": 0.9092914624411589
        },
        "vacuum_condensation": {
          "params": {
            "A": 2.9952180073823764,
            "ell0": 2.0834051920554795,
            "p": 2.3521911076048303,
            "n_coh": 4.498751371403342,
            "sigma_c": 95.37124090334196,
            "alpha": 0.9851641765357833,
            "beta": 1.4203018148419
          },
          "rmse_log": 0.1864215705884911,
          "mae_lin": 1.6861928540598283,
          "max_abs": 3.609495985313464,
          "corr": 0.8255359949108687
        },
        "graviton_pairing": {
          "params": {
            "A": 2.9612143483593116,
            "xi0": 1.3650336784401096,
            "p": 2.4977174625514613,
            "n_coh": 3.2392793119364045,
            "sigma0": 64.59974134622976,
            "gamma_xi": 0.09585238788555539
          },
          "rmse_log": 0.18844434029622933,
          "mae_lin": 1.703372926424574,
          "max_abs": 3.629151890967695,
          "corr": 0.8179709137280863
        }
      }
    },
    "NGC2403": {
      "sigma_v": 20.175,
      "n_points": 73,
      "models": {
        "path_interference": {
          "params": {
            "A": 2.603989052044913,
            "ell0": 10.848818978838656,
            "p": 2.9834577148993673,
            "n_coh": 2.5321368421784918,
            "beta_sigma": 0.39000056140122485
          },
          "rmse_log": 0.056210260902743565,
          "mae_lin": 0.22070515150922085,
          "max_abs": 1.2953071396983238,
          "corr": 0.9720984681935944
        },
        "metric_resonance": {
          "params": {
            "A": 2.606978975004746,
            "ell0": 14.608267300250551,
            "p": 2.7346312312113743,
            "n_coh": 2.6697530809217986,
            "lambda_m0": 59.43673625288292,
            "log_width": 1.6162748194946301,
            "beta_sigma": 0.48084352053145146
          },
          "rmse_log": 0.052612866315963555,
          "mae_lin": 0.20975259175565444,
          "max_abs": 1.1386956519023728,
          "corr": 0.9714209143586556
        },
        "entanglement": {
          "params": {
            "A": 2.8793559199904943,
            "ell0": 17.25311323136424,
            "p": 2.933944411336315,
            "n_coh": 3.0936476824185832,
            "sigma0": 101.03638203080345
          },
          "rmse_log": 0.06293995548608464,
          "mae_lin": 0.2666806242312619,
          "max_abs": 1.2441559086173757,
          "corr": 0.9885071714547697
        },
        "vacuum_condensation": {
          "params": {
            "A": 2.8351599376975742,
            "ell0": 16.566748332130846,
            "p": 2.3911767576649052,
            "n_coh": 4.259999135600366,
            "sigma_c": 104.52781754694041,
            "alpha": 3.5144834689296496,
            "beta": 3.18391523536431
          },
          "rmse_log": 0.06864377769790342,
          "mae_lin": 0.2649039374967849,
          "max_abs": 1.0962227518282086,
          "corr": 0.9681920375585139
        },
        "graviton_pairing": {
          "params": {
            "A": 2.9400801687563627,
            "xi0": 12.432616734999396,
            "p": 2.150259465659188,
            "n_coh": 4.19974061965889,
            "sigma0": 63.56909875988633,
            "gamma_xi": 0.20781541811643
          },
          "rmse_log": 0.0892027889582422,
          "mae_lin": 0.3492453112056651,
          "max_abs": 1.7467838156118871,
          "corr": 0.9552172737486224
        }
      }
    },
    "NGC5055": {
      "sigma_v": 26.925,
      "n_points": 28,
      "models": {
        "path_interference": {
          "params": {
            "A": 0.6944240258986889,
            "ell0": 16.805068991405793,
            "p": 2.818572823496759,
            "n_coh": 0.5670079975113547,
            "beta_sigma": 0.9817461922761103
          },
          "rmse_log": 0.21759276783780934,
          "mae_lin": 0.3807606252672433,
          "max_abs": 0.6151792465081014,
          "corr": 0.9894714287840017
        },
        "metric_resonance": {
          "params": {
            "A": 1.6019250347515006,
            "ell0": 18.962208088862525,
            "p": 2.478467242824863,
            "n_coh": 0.5541907369342489,
            "lambda_m0": 25.85175689841893,
            "log_width": 1.7626659577028199,
            "beta_sigma": 1.0163275665567912
          },
          "rmse_log": 0.23179986855633367,
          "mae_lin": 0.43549672846896964,
          "max_abs": 0.6879138794364521,
          "corr": 0.9057904502636305
        },
        "entanglement": {
          "params": {
            "A": 1.1047442260908353,
            "ell0": 15.686218244574693,
            "p": 2.440794539595137,
            "n_coh": 0.36212467791454583,
            "sigma0": 90.06826281444184
          },
          "rmse_log": 0.2203226937901827,
          "mae_lin": 0.3775923890862694,
          "max_abs": 0.6153367048277512,
          "corr": 0.9896824297058987
        },
        "vacuum_condensation": {
          "params": {
            "A": 1.5474700378730422,
            "ell0": 18.614479741488573,
            "p": 2.5961726146004414,
            "n_coh": 0.39632105031471565,
            "sigma_c": 102.36576314823245,
            "alpha": 2.223045528246682,
            "beta": 0.6323543986267375
          },
          "rmse_log": 0.22027969491590277,
          "mae_lin": 0.3565950998495988,
          "max_abs": 0.6152662307162351,
          "corr": 0.9946554477923156
        },
        "graviton_pairing": {
          "params": {
            "A": 2.7528821436929536,
            "xi0": 19.797849244271323,
            "p": 2.8344514653569974,
            "n_coh": 4.445594881911139,
            "sigma0": 99.41898094759232,
            "gamma_xi": 1.1132922484533105
          },
          "rmse_log": 0.20684711731373837,
          "mae_lin": 0.28901530386351443,