{
  "n_stars": 1800000,
  "M_disk_Msun": 50000000000.0,
  "A": 0.591,
  "R_obs": [
    0.5,
    1.0,
    1.5,
    2.0,
    2.5,
    3.0,
    3.5,
    4.0,
    4.5,
    5.0,
    5.5,
    6.0,
    6.5,
    7.0,
    7.5,
    8.0,
    8.5,
    9.0,
    9.5,
    10.0,
    10.5,
    11.0,
    11.5,
    12.0,
    12.5,
    13.0,
    13.5,
    14.0,
    14.5,
    15.0
  ],
  "v_obs": [
    220.0,
    220.0,
    220.0,
    220.0,
    220.0,
    220.0,
    220.0,
    220.0,
    220.0,
    220.0,
    220.0,
    220.0,
    220.0,
    220.0,
    220.0,
    220.0,
    220.0,
    220.0,
    220.0,
    220.0,
    220.0,
    220.0,
    220.0,
    220.0,
    220.0,
    220.0,
    220.0,
    220.0,
    220.0,
    220.0
  ],
  "hypotheses": {
    "universal": {
      "name": "Universal \u03bb = 4.993 kpc",
      "v_pred": [
        0.0,
        0.0,
        0.0,
        0.0,
        0.0,
        0.0,
        0.0,
        0.0,
        0.0,
        0.0,
        0.0,
        0.0,
        0.0,
        0.0,
        0.0,
        0.0,
        768.789794921875,
        708.5352172851562,
        676.3839111328125,
        633.4257202148438,
        568.3516845703125,
        505.30010986328125,
        456.11016845703125,
        416.49847412109375,
        381.4024963378906,
        352.9197082519531,
        328.4456787109375,
        308.0938720703125,
        290.273193359375,
        275.0006103515625
      ],
      "lambda_median": 4.993000030517578,
      "lambda_std": 0.0,
      "chi2": 68725.05026210888,
      "rms_km_s": 262.15463044186134
    },
    "mass_05": {
      "name": "\u03bb \u221d M^0.5 (Tully-Fisher)",
      "v_pred": [
        0.0,
        0.0,
        0.0,
        0.0,
        0.0,
        0.0,
        0.0,
        0.0,
        0.0,
        0.0,
        0.0,
        0.0,
        0.0,
        0.0,
        0.0,
        0.0,
        768.772705078125,
        708.5140380859375,
        676.3617553710938,
        633.4036254882812,
        568.3302001953125,
        505.2794189453125,
        456.09063720703125,
        416.4800720214844,
        381.3852844238281,
        352.9034118652344,
        328.4302673339844,
        308.0792541503906,
        290.25921630859375,
        274.9873046875
      ],
      "lambda_median": 5.0,
      "lambda_std": 0.0,
      "chi2": 68720.37018170621,
      "rms_km_s": 262.1457041069073
    },
    "mass_03": {
      "name": "\u03bb \u221d M^0.3 (SPARC)",
      "v_pred": [
        0.0,
        0.0,
        0.0,
        0.0,
        0.0,
        0.0,
        0.0,
        0.0,
        0.0,
        0.0,
        0.0,
        0.0,
        0.0,
        0.0,
        0.0,
        0.0,
        768.772705078125,
        708.5140380859375,
        676.3617553710938,
        633.4036254882812,
        568.3302001953125,
        505.2794189453125,
        456.09063720703125,
        416.4800720214844,
        381.3852844238281,
        352.9034118652344,
        328.4302673339844,
        308.0792541503906,
        290.25921630859375,
        274.9873046875
      ],
      "lambda_median": 5.0,
      "lambda_std": 0.0,
      "chi2": 68720.37018170621,
      "rms_km_s": 262.1457041069073
    },
    "local_disk": {
      "name": "\u03bb = h(R) (disk scale height)",
      "v_pred": [
        0.0,
        0.0,
        0.0,
        0.0,
        0.0,
        0.0,
        0.0,
        0.0,
        0.0,
        0.0,
        0.0,
        0.0,
        0.0,
        0.0,
        0.0,
        0.0,
        806.1091918945312,
        746.7770385742188,
        711.3301391601562,
        664.6536254882812,
        596.43359375,
        530.79443359375,
        479.25701904296875,
        437.6065673828125,
        400.9151611328125,
        371.044921875,
        345.41302490234375,
        324.03326416015625,
        305.3349914550781,
        289.2769775390625
      ],
      "lambda_median": 0.8665028214454651,
      "lambda_std": 0.9294649362564087,
      "chi2": 76052.66690831225,
      "rms_km_s": 275.7764799766511
    },
    "hybrid": {
      "name": "\u03bb ~ M^0.3 \u00d7 R^0.3",
      "v_pred": [
        0.0,
        0.0,
        0.0,
        0.0,
        0.0,
        0.0,
        0.0,
        0.0,
        0.0,
        0.0,
        0.0,
        0.0,
        0.0,
        0.0,
        0.0,
        0.0,
        755.7632446289062,
        691.8654174804688,
        658.4503173828125,
        615.1285400390625,
        550.1370849609375,
        487.41033935546875,
        438.8040771484375,
        399.9366760253906,
        365.48370361328125,
        337.6310119628906,
        313.73681640625,
        293.9343566894531,
        276.613037109375,
        261.8078918457031
      ],
      "lambda_median": 25.404273986816406,
      "lambda_std": 1.3831219673156738,
      "chi2": 64914.13550417336,
      "rms_km_s": 254.78252590037127
    }
  }
}