stage,model,image_id,source_family,source_redshift,observed_x_arcsec,observed_y_arcsec,predicted_x_arcsec,predicted_y_arcsec,delta_x_arcsec,delta_y_arcsec,radial_residual_arcsec,root_converged,source_plane_closure_arcsec,source_x_arcsec,source_y_arcsec,variant_id
training,locked_universal_candidate,1a,1,0.6786,-5.748113029341908,4.227443603999998,-5.547075175594564,3.9495942444364274,0.2010378537473434,-0.27784935956357026,0.34295259912883647,True,5.20267141095764e-15,-1.4033350870725871,-0.9614967798162122,no_route
training,locked_universal_candidate,1b,1,0.6786,-4.783674198960802,-0.969769187999997,-4.746273476494424,-1.256675467170307,0.037400722466378156,-0.2869062791703101,0.2893337641347082,True,1.4043333874306805e-15,-1.4033350870725871,-0.9614967798162122,no_route
training,locked_universal_candidate,2a,2,0.916,-6.776271782658472,11.277998675999983,-6.815190291364881,10.946293827224098,-0.03891850870640923,-0.33170484877588535,0.33398017459328905,True,2.9057317281871776e-15,-1.4536742238454623,0.9568418344283657,no_route
training,locked_universal_candidate,2b,2,0.916,-0.7772390574582798,-4.156659036000021,-0.6500956277987269,-4.046501583422797,0.12714342965955294,0.11015745257722376,0.16822638337638063,True,5.978733960281817e-16,-1.4536742238454623,0.9568418344283657,no_route
training,locked_universal_candidate,3a,3,1.5194,-2.0174375536347493,8.154932903999962,-2.145374187126447,8.080731502051348,-0.12793663349169782,-0.07420140194861347,0.1478973638721418,True,5.063396036227354e-15,0.7975916644472085,-1.3607659561970515,no_route
training,locked_universal_candidate,3b,3,1.5194,2.98907637506174,5.134105511999998,2.1891568090932467,4.508370947269384,-0.7999195659684935,-0.6257345647306138,1.015586066031744,True,2.220446049250313e-15,0.7975916644472085,-1.3607659561970515,no_route
training,locked_universal_candidate,3c,3,1.5194,1.5634781039797112,3.965703875999982,2.1891568090932485,4.508370947269384,0.6256787051135373,0.5426670712694022,0.8282278625309965,True,2.318213734067276e-15,0.7975916644472085,-1.3607659561970515,no_route
training,locked_universal_candidate,4a,4,1.5202,-3.4189158540684597,10.495438775999993,-3.5327581082163686,10.196898420751063,-0.11384225414790894,-0.29854035524892986,0.31950962824558876,True,7.779843780607958e-14,0.49063266387922355,-0.6351955907058625,no_route
training,locked_universal_candidate,4b,4,1.5202,3.486595771864287,3.41780230799999,3.7889893885869035,3.3818588490575796,0.30239361672261644,-0.035943458942410356,0.30452230078490045,True,8.671119018262734e-16,0.49063266387922355,-0.6351955907058625,no_route
training,locked_universal_candidate,5a,5,1.521,5.239793645663579,14.528709863999984,5.065613980255896,14.435460076934717,-0.17417966540768326,-0.09324978706526643,0.19757043966456628,True,4.440892098500626e-16,3.81956088129911,2.3045400463679773,no_route
training,locked_universal_candidate,5b,5,1.521,13.2029839889991,1.9107456839999704,13.46124930813701,1.9955303510624178,0.2582653191379105,0.08478466706244747,0.27182607461076436,True,1.1580429779916289e-14,3.81956088129911,2.3045400463679773,no_route
training,locked_universal_candidate,6a,6,3.0815,-9.90574798751465,17.874595907999986,-10.181289554122522,18.197566334457342,-0.2755415666078722,0.3229704264573563,0.4245386334537377,True,8.260536804688756e-15,-1.837554914433022,2.283400677389078,no_route
training,locked_universal_candidate,6b,6,3.0815,0.8049590237318596,-5.299632900000001,0.7894280373415277,-5.292958635206713,-0.015530986390331902,0.006674264793288032,0.01690435886946319,True,4.440892098500626e-16,-1.837554914433022,2.283400677389078,no_route
training,locked_universal_candidate,7a,7,3.427,-10.01842785083087,10.257536087999991,-9.416052982004581,10.613814728027958,0.6023748688262884,0.3562786400279663,0.6998499495846702,True,7.021666937153402e-16,-1.1852940486176757,-1.4966231357649178,no_route
training,locked_universal_candidate,7b,7,3.427,-7.485830922116288,-2.1700512000000174,-8.267427056997724,-2.072018618799867,-0.7815961348814353,0.09803258120015057,0.7877200676879845,True,2.010699415441723e-15,-1.1852940486176757,-1.4966231357649178,no_route
heldout,locked_universal_candidate,1c,1,0.6786,0.456839445991538,-8.935221672000038,0.4424985435578951,-7.962132978519809,-0.014340902433642888,0.9730886934802294,0.9731943623252609,True,4.965068306494546e-16,-1.4033350870725871,-0.9614967798162122,no_route
heldout,locked_universal_candidate,2c,2,0.916,0.24443970348725166,-5.292556488000027,-0.16118385485556722,-4.4770309833996995,-0.4056235583428189,0.8155255046003278,0.9108305658772708,True,6.432590432257512e-15,-1.4536742238454623,0.9568418344283657,no_route
heldout,locked_universal_candidate,3d,3,1.5194,7.381071049134713,-15.531179832000019,8.00589674081168,-13.953405268313697,0.6248256916769677,1.5777745636863223,1.6969913726342765,True,3.1401849173675502e-15,0.7975916644472085,-1.3607659561970515,no_route
heldout,locked_universal_candidate,4c,4,1.5202,6.864471675477358,-13.912761239999998,7.429516955844207,-12.49067430079828,0.5650452803668493,1.4220869392017175,1.530231169305135,True,5.79553433516819e-15,0.49063266387922355,-0.6351955907058625,no_route
heldout,locked_universal_candidate,5c,5,1.521,13.970143058665721,-3.314626776000029,14.08664167368524,-0.7924133601885224,0.11649861501951797,2.522213415811507,2.5249024619182845,True,1.2623387138745463e-14,3.81956088129911,2.3045400463679773,no_route
heldout,locked_universal_candidate,6c,6,3.0815,1.7125179231929197,-6.634811124000012,1.1302184345683792,-5.606352201319332,-0.5822994886245405,1.02845892268068,1.1818631266326511,True,3.3820826609804605e-15,-1.837554914433022,2.283400677389078,no_route
heldout,locked_universal_candidate,7c,7,3.427,3.7040355081620837,-19.321482528000033,4.8453726050341555,-16.70879159144355,1.1413370968720717,2.6126909365564828,2.8511058027826257,True,1.9100999153570945e-15,-1.1852940486176757,-1.4966231357649178,no_route
training,locked_universal_candidate,1a,1,0.6786,-5.748113029341908,4.227443603999998,-5.533590757442135,3.9327170334514565,0.21452227189977258,-0.2947265705485411,0.36453196914446906,True,1.5360046888577617e-14,-1.3834108791640072,-0.9101239201142187,members__sm0.0200
training,locked_universal_candidate,1b,1,0.6786,-4.783674198960802,-0.969769187999997,-4.746432198097993,-1.2696305591653805,0.03724200086280938,-0.2998613711653835,0.30216520075192205,True,2.482534153247273e-16,-1.3834108791640072,-0.9101239201142187,members__sm0.0200
training,locked_universal_candidate,2a,2,0.916,-6.776271782658472,11.277998675999983,-6.749741389132325,10.894005174927349,0.026530393526146945,-0.3839935010726343,0.3849089121424333,True,4.541558591842109e-14,-1.4237336732210732,0.9995323465534762,members__sm0.0200
training,locked_universal_candidate,2b,2,0.916,-0.7772390574582798,-4.156659036000021,-0.6478246103819505,-4.052228787714169,0.12941444707632932,0.10443024828585212,0.16629424484664754,True,3.0927234722497852e-15,-1.4237336732210732,0.9995323465534762,members__sm0.0200
training,locked_universal_candidate,3a,3,1.5194,-2.0174375536347493,8.154932903999962,-2.1314765291609223,8.049649011886544,-0.11403897552617304,-0.10528389211341782,0.15520820170857239,True,8.005932084973442e-16,0.8035905885522858,-1.3063027333840964,members__sm0.0200
training,locked_universal_candidate,3b,3,1.5194,2.98907637506174,5.134105511999998,2.2032036449196886,4.494630493024236,-0.7858727301420516,-0.6394750189757623,1.0131753292865817,True,7.08029882226718e-14,0.8035905885522858,-1.3063027333840964,members__sm0.0200
training,locked_universal_candidate,3c,3,1.5194,1.5634781039797112,3.965703875999982,2.203203644919582,4.494630493024446,0.6397255409398708,0.5289266170244642,0.8300675478102697,True,6.661338147750939e-16,0.8035905885522858,-1.3063027333840964,members__sm0.0200
training,locked_universal_candidate,4a,4,1.5202,-3.4189158540684597,10.495438775999993,-3.522378606034174,10.17236517316655,-0.10346275196571453,-0.32307360283344266,0.3392360445060342,True,1.5554323630984296e-13,0.49206636515082425,-0.5767459811931316,members__sm0.0200
training,locked_universal_candidate,4b,4,1.5202,3.486595771864287,3.41780230799999,3.807487189428106,3.3559830050567343,0.3208914175638191,-0.06181930294325566,0.326791872730194,True,8.455206652451151e-16,0.49206636515082425,-0.5767459811931316,members__sm0.0200
training,locked_universal_candidate,5a,5,1.521,5.239793645663579,14.528709863999984,5.076575076618139,14.381616455894534,-0.16321856904544063,-0.1470934081054498,0.21971975784921502,True,1.831026719408895e-15,3.784904802074761,2.3178048039009305,members__sm0.0200
training,locked_universal_candidate,5b,5,1.521,13.2029839889991,1.9107456839999704,13.429090174803331,1.9728573606422661,0.22610618580423214,0.06211167664229578,0.23448212647077188,True,1.4043333874306805e-15,3.784904802074761,2.3178048039009305,members__sm0.0200
training,locked_universal_candidate,6a,6,3.0815,-9.90574798751465,17.874595907999986,-10.054657918042729,18.121957200653718,-0.14890993052807922,0.24736129265373208,0.2887243954244301,True,3.26778225290215e-13,-1.800647596922617,2.329611234592653,members__sm0.0200
training,locked_universal_candidate,6b,6,3.0815,0.8049590237318596,-5.299632900000001,0.7848625671236085,-5.30808573818146,-0.0200964566082511,-0.008452838181459477,0.02180178986985377,True,1.7342238036525468e-15,-1.800647596922617,2.329611234592653,members__sm0.0200
training,locked_universal_candidate,7a,7,3.427,-10.01842785083087,10.257536087999991,-9.37638399464945,10.596178128546224,0.6420438561814201,0.33864204054623315,0.7258779132096697,True,2.5121479338940403e-15,-1.1705512483429867,-1.4099133151685521,members__sm0.0200
training,locked_universal_candidate,7b,7,3.427,-7.485830922116288,-2.1700512000000174,-8.282305052733603,-2.1163357508576364,-0.7964741306173151,0.05371544914238102,0.7982834021944685,True,6.661338147750939e-16,-1.1705512483429867,-1.4099133151685521,members__sm0.0200
heldout,locked_universal_candidate,1c,1,0.6786,0.456839445991538,-8.935221672000038,0.4052599522025882,-7.911322298550249,-0.05157949378894977,1.0238993734497894,1.0251977229444063,True,1.2994827337208943e-15,-1.3834108791640072,-0.9101239201142187,members__sm0.0200
heldout,locked_universal_candidate,2c,2,0.916,0.24443970348725166,-5.292556488000027,-0.18684306171990164,-4.454376813676545,-0.4312827652071533,0.8381796743234826,0.9426292961783799,True,7.021666937153402e-16,-1.4237336732210732,0.9995323465534762,members__sm0.0200
heldout,locked_universal_candidate,3d,3,1.5194,7.381071049134713,-15.531179832000019,7.953012640195887,-13.886242269382993,0.571941591061174,1.6449375626170255,1.7415328789586568,True,9.423171209520718e-15,0.8035905885522858,-1.3063027333840964,members__sm0.0200
heldout,locked_universal_candidate,4c,4,1.5202,6.864471675477358,-13.912761239999998,7.364557709542472,-12.416176423173505,0.5000860340651148,1.496584816826493,1.5779265367635347,True,4.907637875040192e-15,0.49206636515082425,-0.5767459811931316,members__sm0.0200
heldout,locked_universal_candidate,5c,5,1.521,13.970143058665721,-3.314626776000029,14.0427194259671,-0.8113475381934168,0.0725763673013784,2.5032792378066127,2.504331102614892,True,9.860380650283726e-15,3.784904802074761,2.3178048039009305,members__sm0.0200
heldout,locked_universal_candidate,6c,6,3.0815,1.7125179231929197,-6.634811124000012,1.0903357802607296,-5.581391302512837,-0.6221821429321901,1.053419821487175,1.2234393892979594,True,1.4169160186078337e-14,-1.800647596922617,2.329611234592653,members__sm0.0200
heldout,locked_universal_candidate,7c,7,3.427,3.7040355081620837,-19.321482528000033,4.767361823447028,-16.578274363663713,1.0633263152849444,2.7432081643363198,2.9420832560719448,True,1.9860273225978185e-15,-1.1705512483429867,-1.4099133151685521,members__sm0.0200
training,locked_universal_candidate,1a,1,0.6786,-5.748113029341908,4.227443603999998,-5.540343804954215,3.941193823330651,0.2077692243876923,-0.2862497806693467,0.3537046614562951,True,9.68124662951892e-15,-1.393384330879202,-0.9357954843002563,members__sm0.0100
training,locked_universal_candidate,1b,1,0.6786,-4.783674198960802,-0.969769187999997,-4.746349127224219,-1.2631913009781945,0.03732507173658295,-0.29342211297819754,0.2957865740102671,True,0.0,-1.393384330879202,-0.9357954843002563,members__sm0.0100
training,locked_universal_candidate,2a,2,0.916,-6.776271782658472,11.277998675999983,-6.782448184748514,10.920088965435623,-0.00617640209004211,-0.3579097105643605,0.3579629992876948,True,1.6392246515987585e-14,-1.4387142238445925,0.9781872754684582,members__sm0.0100
training,locked_universal_candidate,2b,2,0.916,-0.7772390574582798,-4.156659036000021,-0.6489305026635375,-4.04943138223654,0.12830855479474235,0.10722765376348065,0.1672149962328029,True,3.1401849173675503e-16,-1.4387142238445925,0.9781872754684582,members__sm0.0100
training,locked_universal_candidate,3a,3,1.5194,-2.0174375536347493,8.154932903999962,-2.138476396197713,8.065271638531492,-0.12103884256296382,-0.08966126546846986,0.15063048806396856,True,2.6852712547870858e-15,0.8005678304161493,-1.3335112830229732,members__sm0.0100
training,locked_universal_candidate,3b,3,1.5194,2.98907637506174,5.134105511999998,2.196242650434961,4.5014249929642,-0.7928337246267794,-0.632680519035798,1.0143322700540385,True,3.750927552503938e-14,0.8005678304161493,-1.3335112830229732,members__sm0.0100
training,locked_universal_candidate,3c,3,1.5194,1.5634781039797112,3.965703875999982,2.196242650434909,4.50142499296431,0.6327645464551976,0.5357211169643281,0.8290887084095159,True,5.551115123125783e-16,0.8005678304161493,-1.3335112830229732,members__sm0.0100
training,locked_universal_candidate,4a,4,1.5202,-3.4189158540684597,10.495438775999993,-3.5275954129482177,10.184688262093566,-0.108679558879758,-0.3107505139064273,0.3292068170791842,True,1.2258296397434442e-13,0.4913259033170862,-0.6059454881201555,members__sm0.0100
training,locked_universal_candidate,4b,4,1.5202,3.486595771864287,3.41780230799999,3.798277065948214,3.368875961749584,0.3116812940839271,-0.04892634625040593,0.3154980450640638,True,1.738660300550457e-15,0.4913259033170862,-0.6059454881201555,members__sm0.0100
training,locked_universal_candidate,5a,5,1.521,5.239793645663579,14.528709863999984,5.070982013227736,14.408554334734163,-0.16881163243584307,-0.12015552926582096,0.20720694597142186,True,9.730317869660058e-14,3.8021617355270445,2.3111434421919883,members__sm0.0100
training,locked_universal_candidate,5b,5,1.521,13.2029839889991,1.9107456839999704,13.445166602326212,1.9840088539702623,0.24218261332711322,0.07326316997029192,0.2530215608837435,True,5.420799638382024e-15,3.8021617355270445,2.3111434421919883,members__sm0.0100
training,locked_universal_candidate,6a,6,3.0815,-9.90574798751465,17.874595907999986,-10.117980447047989,18.159630531805387,-0.21223245953333958,0.28503462380540157,0.3553693200706237,True,9.114653810271008e-15,-1.81912417597508,2.306499255671263,members__sm0.0100
training,locked_universal_candidate,6b,6,3.0815,0.8049590237318596,-5.299632900000001,0.7870304999446499,-5.3006068010912895,-0.01792852378720966,-0.0009739010912888091,0.0179549560991988,True,6.0116295811067406e-15,-1.81912417597508,2.306499255671263,members__sm0.0100
training,locked_universal_candidate,7a,7,3.427,-10.01842785083087,10.257536087999991,-9.396265203327008,10.605075399835387,0.6221626475038615,0.347539311835396,0.7126499373605774,True,2.3603665272841412e-15,-1.177957125211469,-1.4532099318282763,members__sm0.0100
training,locked_universal_candidate,7b,7,3.427,-7.485830922116288,-2.1700512000000174,-8.274855546520083,-2.094236418161501,-0.7890246244037948,0.07581478183851642,0.7926586522966688,True,1.4217791915866692e-15,-1.177957125211469,-1.4532099318282763,members__sm0.0100
heldout,locked_universal_candidate,1c,1,0.6786,0.456839445991538,-8.935221672000038,0.4238358989120277,-7.936603837688355,-0.033003547079510254,0.9986178343116832,0.9991630563252355,True,4.002966042486721e-15,-1.393384330879202,-0.9357954843002563,members__sm0.0100
heldout,locked_universal_candidate,2c,2,0.916,0.24443970348725166,-5.292556488000027,-0.17423514188296366,-4.465462189781187,-0.4186748453702153,0.8270942982188405,0.9270240580976795,True,3.8778423131653425e-15,-1.4387142238445925,0.9781872754684582,members__sm0.0100
heldout,locked_universal_candidate,3d,3,1.5194,7.381071049134713,-15.531179832000019,7.979475747616667,-13.91974498442524,0.5984046984819544,1.6114348475747793,1.7189562097807003,True,6.3126699315982915e-15,0.8005678304161493,-1.3335112830229732,members__sm0.0100
heldout,locked_universal_candidate,4c,4,1.5202,6.864471675477358,-13.912761239999998,7.397080663890566,-12.453343080348906,0.5326089884132088,1.4594181596510918,1.553568054273105,True,7.468261590855957e-16,0.4913259033170862,-0.6059454881201555,members__sm0.0100
heldout,locked_universal_candidate,5c,5,1.521,13.970143058665721,-3.314626776000029,14.064636238159743,-0.8017887164178201,0.09449317949402136,2.512838059582209,2.5146141005442106,True,1.130466570252318e-14,3.8021617355270445,2.3111434421919883,members__sm0.0100
heldout,locked_universal_candidate,6c,6,3.0815,1.7125179231929197,-6.634811124000012,1.1106003440476024,-5.594169983146473,-0.6019175791453173,1.0406411408535394,1.202180833369554,True,5.9746092726847654e-15,-1.81912417597508,2.306499255671263,members__sm0.0100
heldout,locked_universal_candidate,7c,7,3.427,3.7040355081620837,-19.321482528000033,4.806375728990083,-16.64328300319512,1.1023402208279989,2.6781995248049135,2.8961882979392732,True,4.171839369083926e-15,-1.177957125211469,-1.4532099318282763,members__sm0.0100
training,locked_universal_candidate,1a,1,0.6786,-5.748113029341908,4.227443603999998,-5.543712230869681,3.9454035802171794,0.2044007984722267,-0.2820400237828182,0.34831919475029866,True,8.082545620880531e-15,-1.3983625532038402,-0.94864240616307,members__sm0.0050
training,locked_universal_candidate,1b,1,0.6786,-4.783674198960802,-0.969769187999997,-4.746310384993485,-1.2599429585202426,0.037363813967316695,-0.2901737705202456,0.2925694305496055,True,0.0,-1.3983625532038402,-0.94864240616307,members__sm0.0050
training,locked_universal_candidate,2a,2,0.916,-6.776271782658472,11.277998675999983,-6.798817450121186,10.933181484795064,-0.02254566746271447,-0.3448171912049194,0.3455534726663722,True,6.443120760722691e-15,-1.4461968374623326,0.9675146259901977,members__sm0.0050
training,locked_universal_candidate,2b,2,0.916,-0.7772390574582798,-4.156659036000021,-0.6495057786345944,-4.047983079428382,0.12773327882368546,0.10867595657163864,0.16770883714285917,True,1.6910413304902302e-15,-1.4461968374623326,0.9675146259901977,members__sm0.0050
training,locked_universal_candidate,3a,3,1.5194,-2.0174375536347493,8.154932903999962,-2.141938170091983,8.073021927920061,-0.12450061645723354,-0.08191097607990017,0.14902956586058067,True,1.1102230246251565e-15,0.7990739055795579,-1.3471328324766632,members__sm0.0050
training,locked_universal_candidate,3b,3,1.5194,2.98907637506174,5.134105511999998,2.1927155861865164,4.504879116965827,-0.7963607888752238,-0.6292263950341708,1.014946482463813,True,2.6565667455069668e-14,0.7990739055795579,-1.3471328324766632,members__sm0.0050
training,locked_universal_candidate,3c,3,1.5194,1.5634781039797112,3.965703875999982,2.1927155861864853,4.504879116965906,0.6292374822067741,0.5391752409659243,0.8286433186145792,True,1.1957467920563633e-15,0.7990739055795579,-1.3471328324766632,members__sm0.0050
training,locked_universal_candidate,4a,4,1.5202,-3.4189158540684597,10.495438775999993,-3.530183573299832,10.19080742642085,-0.11126771923137246,-0.30463134957914306,0.3243158406389697,True,3.315874877076915e-14,0.4909733868417387,-0.6205642254728254,members__sm0.0050
training,locked_universal_candidate,4b,4,1.5202,3.486595771864287,3.41780230799999,3.7936401877737955,3.375355295693051,0.3070444159095085,-0.04244701230693915,0.30996454990046307,True,1.5788995281571396e-15,0.4909733868417387,-0.6205642254728254,members__sm0.0050
training,locked_universal_candidate,5a,5,1.521,5.239793645663579,14.528709863999984,5.068269803413364,14.422011289815243,-0.171523842250215,-0.10669857418474038,0.20200251036393876,True,4.572178254219406e-15,3.8108434651608905,2.3078344784426377,members__sm0.0050
training,locked_universal_candidate,5b,5,1.521,13.2029839889991,1.9107456839999704,13.453208549022795,1.9896913135528034,0.2502245600236961,0.07894562955283302,0.26238281739577657,True,4.965068306494546e-15,3.8108434651608905,2.3078344784426377,members__sm0.0050
training,locked_universal_candidate,6a,6,3.0815,-9.90574798751465,17.874595907999986,-10.149638161151273,18.17856851718872,-0.24389017363662369,0.30397260918873314,0.38972010973711474,True,7.160723346098895e-15,-1.8283453643003353,2.2949483261149712,members__sm0.0050
training,locked_universal_candidate,6b,6,3.0815,0.8049590237318596,-5.299632900000001,0.7882014990737714,-5.296804916481674,-0.01675752465808822,0.002827983518326249,0.016994473320652206,True,1.1102230246251565e-15,-1.8283453643003353,2.2949483261149712,members__sm0.0050
training,locked_universal_candidate,7a,7,3.427,-10.01842785083087,10.257536087999991,-9.406170847500041,10.609464832270634,0.6122570033308286,0.35192874427064247,0.7061957796330686,True,1.4217791915866692e-15,-1.1816342022818251,-1.474901954708888,members__sm0.0050
training,locked_universal_candidate,7b,7,3.427,-7.485830922116288,-2.1700512000000174,-8.271141806108433,-2.0831441584609935,-0.7853108839921452,0.08690704153902384,0.7901050679407076,True,1.6910413304902302e-15,-1.1816342022818251,-1.474901954708888,members__sm0.0050
heldout,locked_universal_candidate,1c,1,0.6786,0.456839445991538,-8.935221672000038,0.43316792029597184,-7.949362409418647,-0.02367152569556613,0.9858592625813909,0.9861434108415873,True,1.616509124176106e-15,-1.3983625532038402,-0.94864240616307,members__sm0.0050
heldout,locked_universal_candidate,2c,2,0.916,0.24443970348725166,-5.292556488000027,-0.16798024565959632,-4.470955699395841,-0.412419949146848,0.8216007886041865,0.9193030350702154,True,7.021666937153402e-16,-1.4461968374623326,0.9675146259901977,members__sm0.0050
heldout,locked_universal_candidate,3d,3,1.5194,7.381071049134713,-15.531179832000019,7.992691399698691,-13.936555426135671,0.6116203505639781,1.594624405864348,1.7078953272967956,True,2.5989654674417885e-15,0.7990739055795579,-1.3471328324766632,members__sm0.0050
heldout,locked_universal_candidate,4c,4,1.5202,6.864471675477358,-13.912761239999998,7.413309018886686,-12.471987231030512,0.5488373434093283,1.4407740089694858,1.5417691702854268,True,4.780731726005153e-15,0.4909733868417387,-0.6205642254728254,members__sm0.0050
heldout,locked_universal_candidate,5c,5,1.521,13.970143058665721,-3.314626776000029,14.07562773175779,-0.7970780824979568,0.105484673092068,2.5175486935020723,2.519757615408937,True,1.040534282191528e-14,3.8108434651608905,2.3078344784426377,members__sm0.0050
heldout,locked_universal_candidate,6c,6,3.0815,1.7125179231929197,-6.634811124000012,1.1204723415974336,-5.600320044724165,-0.5920455815954861,1.0344910792758473,1.1919269120999176,True,2.220446049250313e-16,-1.8283453643003353,2.2949483261149712,members__sm0.0050
heldout,locked_universal_candidate,7c,7,3.427,3.7040355081620837,-19.321482528000033,4.825891342682749,-16.676005294385288,1.1218558345206655,2.645477233614745,2.8735188022739613,True,2.7465400791133423e-15,-1.1816342022818251,-1.474901954708888,members__sm0.0050
training,locked_universal_candidate,1a,1,0.6786,-5.748113029341908,4.227443603999998,-5.548754573252468,3.9516824165420785,0.19935845608943925,-0.2757611874579191,0.34027639724577796,True,5.461575137144001e-15,-1.4058192163495888,-0.9679267669027416,members__sp0.0025
training,locked_universal_candidate,1b,1,0.6786,-4.783674198960802,-0.969769187999997,-4.746255703203086,-1.2550345392337738,0.037418495757716386,-0.28526535123377683,0.28770899262848965,True,4.002966042486721e-16,-1.4058192163495888,-0.9679267669027416,members__sp0.0025
training,locked_universal_candidate,2a,2,0.916,-6.776271782658472,11.277998675999983,-6.823378006180014,10.952857410797495,-0.047106223521542034,-0.3251412652024879,0.32853590158753737,True,3.853929388444262e-15,-1.4574109285573946,0.9515053696012349,members__sp0.0025
training,locked_universal_candidate,2b,2,0.916,-0.7772390574582798,-4.156659036000021,-0.6503959439545473,-4.045748357932216,0.12684311350373256,0.11091067806780508,0.1684943736531908,True,1.0235750533041806e-15,-1.4574109285573946,0.9515053696012349,members__sp0.0025
training,locked_universal_candidate,3a,3,1.5194,-2.0174375536347493,8.154932903999962,-2.147082463279382,8.084571012404728,-0.12964490964463282,-0.07036189159523332,0.1475079604144277,True,5.828406534472336e-15,0.7968549361700297,-1.3675868717572135,members__sp0.0025
training,locked_universal_candidate,3b,3,1.5194,2.98907637506174,5.134105511999998,2.1873883178362337,4.510131852991182,-0.8016880572255065,-0.6239736590088159,1.0158970756109384,True,3.3380623550567164e-15,0.7968549361700297,-1.3675868717572135,members__sp0.0025
training,locked_universal_candidate,3c,3,1.5194,1.5634781039797112,3.965703875999982,2.187388317836225,4.510131852991167,0.6239102138565136,0.5444279769911851,0.8280493808253194,True,8.14331749627517e-15,0.7968549361700297,-1.3675868717572135,members__sp0.0025
training,locked_universal_candidate,4a,4,1.5202,-3.4189158540684597,10.495438775999993,-3.5340402361893855,10.199933373478062,-0.1151243821209258,-0.2955054025219308,0.31713887538170604,True,7.30615537340759e-14,0.4904667210671873,-0.6425160020972159,members__sp0.0025
training,locked_universal_candidate,4b,4,1.5202,3.486595771864287,3.41780230799999,3.7866662628734002,3.3851220530657997,0.3000704910091132,-0.032680254934190245,0.30184482542693014,True,2.630197779681017e-15,0.4904667210671873,-0.6425160020972159,members__sp0.0025
training,locked_universal_candidate,5a,5,1.521,5.239793645663579,14.528709863999984,5.064307253817281,14.442181365357433,-0.17548639184629788,-0.08652849864255074,0.19565953797493826,True,4.5288390936029406e-15,3.823933013347936,2.302898292199573,members__sp0.0025
training,locked_universal_candidate,5b,5,1.521,13.2029839889991,1.9107456839999704,13.465269562648837,1.9984958381764684,0.2622855736497378,0.08775015417649801,0.2765751465746176,True,1.451974782564475e-14,3.823933013347936,2.302898292199573,members__sp0.0025
training,locked_universal_candidate,6a,6,3.0815,-9.90574798751465,17.874595907999986,-10.197112843415697,18.207087650038584,-0.29136485590104755,0.33249174203859866,0.4420907573995415,True,9.243565156191136e-15,-1.8421552689420688,2.277628061082796,members__sp0.0025
training,locked_universal_candidate,6b,6,3.0815,0.8049590237318596,-5.299632900000001,0.7900616615606395,-5.291018268068384,-0.014897362171220063,0.008614631931616934,0.017208814107245524,True,6.676124710113433e-15,-1.8421552689420688,2.277628061082796,members__sp0.0025
training,locked_universal_candidate,7a,7,3.427,-10.01842785083087,10.257536087999991,-9.420985186188993,10.615974834031428,0.5974426646418767,0.3584387460314371,0.6967180722436981,True,4.572178254219406e-15,-1.1871175129369242,-1.5074946637380946,members__sp0.0025
training,locked_universal_candidate,7b,7,3.427,-7.485830922116288,-2.1700512000000174,-8.265565953264158,-2.0664413532473027,-0.7797350311478697,0.10360984675271467,0.7865886594296223,True,1.4043333874306805e-15,-1.1871175129369242,-1.5074946637380946,members__sp0.0025
heldout,locked_universal_candidate,1c,1,0.6786,0.456839445991538,-8.935221672000038,0.4471633666997485,-7.968522800282749,-0.009676079291789486,0.9666988717172895,0.9667472963964997,True,9.155133597044475e-16,-1.4058192163495888,-0.9679267669027416,members__sp0.0025
heldout,locked_universal_candidate,2c,2,0.916,0.24443970348725166,-5.292556488000027,-0.1577865535647579,-4.4800698323799235,-0.40222625705200954,0.8124866556201038,0.9065983274983527,True,4.768792382073734e-15,-1.4574109285573946,0.9515053696012349,members__sp0.0025
heldout,locked_universal_candidate,3d,3,1.5194,7.381071049134713,-15.531179832000019,8.012495611707255,-13.961844966760214,0.6314245625725423,1.5693348652398047,1.6915995085945026,True,5.277940006822452e-15,0.7968549361700297,-1.3675868717572135,members__sp0.0025
heldout,locked_universal_candidate,4c,4,1.5202,6.864471675477358,-13.912761239999998,7.437640696041754,-12.500087843175022,0.5731690205643964,1.4126733968249763,1.5245224997459914,True,1.3922125900994124e-15,0.4904667210671873,-0.6425160020972159,members__sp0.0025
heldout,locked_universal_candidate,5c,5,1.521,13.970143058665721,-3.314626776000029,14.09215715741972,-0.790098237913473,0.12201409875399882,2.5245285380865563,2.5274753767164966,True,1.3831079839119408e-14,3.823933013347936,2.302898292199573,members__sp0.0025
heldout,locked_universal_candidate,6c,6,3.0815,1.7125179231929197,-6.634811124000012,1.1350526134885308,-5.609331335766447,-0.5774653097043889,1.0254797882335653,1.1768920851070177,True,2.220446049250313e-15,-1.8421552689420688,2.277628061082796,members__sp0.0025
heldout,locked_universal_candidate,7c,7,3.427,3.7040355081620837,-19.321482528000033,4.855100500378422,-16.725208829655266,1.1510649922163378,2.596273698344767,2.8399978403200965,True,2.2644195468014703e-15,-1.1871175129369242,-1.5074946637380946,members__sp0.0025
training,locked_universal_candidate,1a,1,0.6786,-5.748113029341908,4.227443603999998,-5.550432577546573,3.953765815148338,0.19768045179533456,-0.2736777888516597,0.3376049364756701,True,6.530527749616485e-15,-1.4083019181556564,-0.974358623910244,members__sp0.0050
training,locked_universal_candidate,1b,1,0.6786,-4.783674198960802,-0.969769187999997,-4.746238380303408,-1.253388822417761,0.03743581865739376,-0.28361963441776394,0.28607960001687527,True,3.1401849173675503e-16,-1.4083019181556564,-0.974358623910244,members__sp0.0050
training,locked_universal_candidate,2a,2,0.916,-6.776271782658472,11.277998675999983,-6.83156655869099,10.959425924382181,-0.0552947760325182,-0.3185727516178023,0.32333590943448315,True,2.7755575615628914e-15,-1.4611462924445742,0.9461688502392019,members__sp0.0050
training,locked_universal_candidate,2b,2,0.916,-0.7772390574582798,-4.156659036000021,-0.6506998153768333,-4.0449867979658904,0.1265392420814465,0.11167223803413062,0.1687686835111848,True,3.5055632627505204e-15,-1.4611462924445742,0.9461688502392019,members__sp0.0050
training,locked_universal_candidate,3a,3,1.5194,-2.0174375536347493,8.154932903999962,-2.148784212241751,8.088400333476386,-0.13134665860700157,-0.06653257052357553,0.14723629874354616,True,2.4650951625709315e-15,0.7961211418120148,-1.3744106968251193,members__sp0.0050
training,locked_universal_candidate,3b,3,1.5194,2.98907637506174,5.134105511999998,2.185612646612028,4.5119022191481735,-0.8034637284497124,-0.6222032928518244,1.0162140033329428,True,3.723801229870909e-15,0.7961211418120148,-1.3744106968251193,members__sp0.0050
training,locked_universal_candidate,3c,3,1.5194,1.5634781039797112,3.965703875999982,2.185612646612022,4.511902219148183,0.6221345426323108,0.5461983431482014,0.827879229836185,True,1.680072297996111e-15,0.7961211418120148,-1.3744106968251193,members__sp0.0050
training,locked_universal_candidate,4a,4,1.5202,-3.4189158540684597,10.495438775999993,-3.5353189220524603,10.202961306797755,-0.11640306798400069,-0.2924774692022378,0.31479000020177555,True,6.650680733222621e-14,0.490303721913124,-0.64983956240303,members__sp0.0050
training,locked_universal_candidate,4b,4,1.5202,3.486595771864287,3.41780230799999,3.7843378033030968,3.388390716405672,0.29774203143880973,-0.029411591594318054,0.2991911746783653,True,1.1801832636420706e-15,0.490303721913124,-0.64983956240303,members__sp0.0050
training,locked_universal_candidate,5a,5,1.521,5.239793645663579,14.528709863999984,5.063014672150347,14.44890056108833,-0.17677897351323235,-0.079809302911654,0.19395960999042108,True,2.2644195468014703e-15,3.828314116815933,2.3012601859134167,members__sp0.0050
training,locked_universal_candidate,5b,5,1.521,13.2029839889991,1.9107456839999704,13.469290161569848,2.001479566568971,0.26630617257074896,0.09073388256900072,0.2813389681422158,True,1.9585290785784033e-14,3.828314116815933,2.3012601859134167,members__sp0.0050
training,locked_universal_candidate,6a,6,3.0815,-9.90574798751465,17.874595907999986,-10.212934507881405,18.2166238873034,-0.30718652036675564,0.34202797930341333,0.459724588119247,True,6.778727589240029e-15,-1.8467526462069856,2.271856238068901,members__sp0.0050
training,locked_universal_candidate,6b,6,3.0815,0.8049590237318596,-5.299632900000001,0.7907086370362543,-5.2890661308763525,-0.0142503866956053,0.010566769123648179,0.01774063501362815,True,4.189529226675416e-15,-1.8467526462069856,2.271856238068901,members__sp0.0050
training,locked_universal_candidate,7a,7,3.427,-10.01842785083087,10.257536087999991,-9.425911456822048,10.618125037206397,0.5925163940088218,0.36058894920640583,0.6936137739830411,True,1.3322676295501878e-15,-1.1889366728792865,-1.518373484868293,members__sp0.0050
training,locked_universal_candidate,7b,7,3.427,-7.485830922116288,-2.1700512000000174,-8.263702341994229,-2.060854435863873,-0.7778714198779406,0.10919676413614443,0.7854984908710698,True,8.881784197001252e-16,-1.1889366728792865,-1.518373484868293,members__sp0.0050
heldout,locked_universal_candidate,1c,1,0.6786,0.456839445991538,-8.935221672000038,0.4518278830879786,-7.974915667003447,-0.005011562903559363,0.9603060049965908,0.9603190818656311,True,2.7465400791133423e-15,-1.4083019181556564,-0.974358623910244,members__sp0.0050
heldout,locked_universal_candidate,2c,2,0.916,0.24443970348725166,-5.292556488000027,-0.15440384365775575,-4.483094312992239,-0.3988435471450074,0.8094621750077886,0.9023886013617146,True,2.8887141192996264e-15,-1.4611462924445742,0.9461688502392019,members__sp0.0050
heldout,locked_universal_candidate,3d,3,1.5194,7.381071049134713,-15.531179832000019,8.01909198483733,-13.970294517790085,0.6380209357026168,1.5608853142099335,1.6862484035607226,True,1.7377739072730912e-15,0.7961211418120148,-1.3744106968251193,members__sp0.0050
heldout,locked_universal_candidate,4c,4,1.5202,6.864471675477358,-13.912761239999998,7.44575854759153,-12.50951148330774,0.5812868721141724,1.403249756692258,1.5188825851095797,True,1.1801832636420706e-15,0.490303721913124,-0.64983956240303,members__sp0.0050
heldout,locked_universal_candidate,5c,5,1.521,13.970143058665721,-3.314626776000029,14.097678363630038,-0.7877946158485621,0.12753530496431686,2.526832160151467,2.530048620004776,True,1.2576430793226386e-14,3.828314116815933,2.3012601859134167,members__sp0.0050
heldout,locked_universal_candidate,6c,6,3.0815,1.7125179231929197,-6.634811124000012,1.1398646287790046,-5.612289100125248,-0.5726532944139151,1.0225220238747639,1.1719569466972979,True,2.145001452144392e-14,-1.8467526462069856,2.271856238068901,members__sp0.0050
heldout,locked_universal_candidate,7c,7,3.427,3.7040355081620837,-19.321482528000033,4.864819970880049,-16.74164214474323,1.1607844627179653,2.5798403832568013,2.828956869938111,True,2.220446049250313e-15,-1.1889366728792865,-1.518373484868293,members__sp0.0050
training,locked_universal_candidate,1a,1,0.6786,-5.748113029341908,4.227443603999998,-5.5537843754607605,3.957918291241084,0.19432865388114706,-0.26952531275891367,0.33227627049948794,True,4.002966042486721e-15,-1.413263032322838,-0.9872279568456663,members__sp0.0100
training,locked_universal_candidate,1b,1,0.6786,-4.783674198960802,-0.969769187999997,-4.746205074903686,-1.2500830201394644,0.03746912405711633,-0.28031383213946737,0.28280696551945295,True,9.155133597044475e-16,-1.413263032322838,-0.9872279568456663,members__sp0.0100
training,locked_universal_candidate,2a,2,0.916,-6.776271782658472,11.277998675999983,-6.847946100992598,10.972577706296379,-0.07167431833412596,-0.30542096970360433,0.31371830779116416,True,2.7844251801988247e-15,-1.4686129519303919,0.9354956221151848,members__sp0.0100
training,locked_universal_candidate,2b,2,0.916,-0.7772390574582798,-4.156659036000021,-0.6513181067289348,-4.043438625691377,0.12592095072934506,0.11322041030864405,0.16933678614831407,True,1.0235750533041806e-15,-1.4686129519303919,0.9354956221151848,members__sp0.0100
training,locked_universal_candidate,3a,3,1.5194,-2.0174375536347493,8.154932903999962,-2.152168012602782,8.09602839247521,-0.1347304589680327,-0.05890451152475151,0.14704434042732256,True,1.159106867033638e-15,0.7946623717576767,-1.3880670963921442,members__sp0.0100
training,locked_universal_candidate,3b,3,1.5194,2.98907637506174,5.134105511999998,2.1820374491635897,4.515471325909633,-0.8070389258981505,-0.6186341860903646,1.0168677810386797,True,4.196877994341497e-15,0.7946623717576767,-1.3880670963921442,members__sp0.0100
training,locked_universal_candidate,3c,3,1.5194,1.5634781039797112,3.965703875999982,2.182037449163574,4.515471325909646,0.6185593451838629,0.5497674499096639,0.827562633577945,True,3.575193960459936e-15,0.7946623717576767,-1.3880670963921442,members__sp0.0100
training,locked_universal_candidate,4a,4,1.5202,-3.4189158540684597,10.495438775999993,-3.53786592064364,10.208996145606863,-0.11895006657518037,-0.28644263039313067,0.31015882841662834,True,5.347726616659151e-14,0.4899865480854033,-0.6644961188445753,members__sp0.0100
training,locked_universal_candidate,4b,4,1.5202,3.486595771864287,3.41780230799999,3.779664834649539,3.3949444154879473,0.29306906278525213,-0.02285789251204262,0.293959110782296,True,8.881784197001252e-16,0.4899865480854033,-0.6644961188445753,members__sp0.0100
training,locked_universal_candidate,5a,5,1.521,5.239793645663579,14.528709863999984,5.060455041620489,14.462370167269464,-0.17933860404308977,-0.06633969673051965,0.19121529819138808,True,3.1401849173675502e-15,3.837103304135022,2.297994936815018,members__sp0.0100
training,locked_universal_candidate,5b,5,1.521,13.2029839889991,1.9107456839999704,13.477332256698142,2.00750206470668,0.2743482676990432,0.09675638070670978,0.29091024250948544,True,3.064215547965432e-14,3.837103304135022,2.297994936815018,members__sp0.0100
training,locked_universal_candidate,6a,6,3.0815,-9.90574798751465,17.874595907999986,-10.244572900968526,18.23574107719862,-0.3388249134538768,0.36114516919863604,0.495205164767633,True,7.578847845246988e-15,-1.8559383777467773,2.260314935047043,members__sp0.0100
training,locked_universal_candidate,6b,6,3.0815,0.8049590237318596,-5.299632900000001,0.7920420725675685,-5.285125748106946,-0.012916951164291035,0.014507151893054626,0.019424342548174905,True,4.362484308104375e-14,-1.8559383777467773,2.260314935047043,members__sp0.0100
training,locked_universal_candidate,7a,7,3.427,-10.01842785083087,10.257536087999991,-9.435748465006135,10.622400519497436,0.5826793858247346,0.36486443149744474,0.687489141759376,True,9.930136612989092e-16,-1.192562084541096,-1.5401530107132642,members__sp0.0100
training,locked_universal_candidate,7b,7,3.427,-7.485830922116288,-2.1700512000000174,-8.25996753282923,-2.049651681729977,-0.774136610712941,0.12039951827004058,0.7834433840717384,True,4.965068306494546e-16,-1.192562084541096,-1.5401530107132642,members__sp0.0100
heldout,locked_universal_candidate,1c,1,0.6786,0.456839445991538,-8.935221672000038,0.46115605179651176,-7.9877105951408724,0.004316605804973783,0.9475110768591657,0.9475209094560876,True,6.661338147750939e-16,-1.413263032322838,-0.9872279568456663,members__sp0.0100
heldout,locked_universal_candidate,2c,2,0.916,0.24443970348725166,-5.292556488000027,-0.147678382563572,-4.489103612677826,-0.39211808605082366,0.8034528753222014,0.8940319436528396,True,1.7235296186091125e-15,-1.4686129519303919,0.9354956221151848,members__sp0.0100
heldout,locked_universal_candidate,3d,3,1.5194,7.381071049134713,-15.531179832000019,8.032277342704,-13.987223180221568,0.6512062935692882,1.5439566517784513,1.6756705461859667,True,3.5335801979651357e-15,0.7946623717576767,-1.3880670963921442,members__sp0.0100
heldout,locked_universal_candidate,4c,4,1.5202,6.864471675477358,-13.912761239999998,7.461976861192004,-12.52838920507697,0.5975051857146463,1.3843720349230288,1.5078124478968935,True,3.1401849173675502e-15,0.4899865480854033,-0.6644961188445753,members__sp0.0100
heldout,locked_universal_candidate,5c,5,1.521,13.970143058665721,-3.314626776000029,14.108738084378164,-0.7832218964488447,0.13859502571244242,2.5314048795511845,2.535196096038289,True,1.637720085286689e-14,3.837103304135022,2.297994936815018,members__sp0.0100
heldout,locked_universal_candidate,6c,6,3.0815,1.7125179231929197,-6.634811124000012,1.151171775099499,-5.620030684065339,-0.5613461480934208,1.0147804399346727,1.1596934246831483,True,2.574052501590651e-13,-1.8559383777467773,2.260314935047043,members__sp0.0100
heldout,locked_universal_candidate,7c,7,3.427,3.7040355081620837,-19.321482528000033,4.884233819981444,-16.774557024354486,1.18019831181936,2.5469255036455465,2.807079902022988,True,1.6011864169946884e-15,-1.192562084541096,-1.5401530107132642,members__sp0.0100
training,locked_universal_candidate,1a,1,0.6786,-5.748113029341908,4.227443603999998,-5.560470915710922,3.9661659538806497,0.18764211363098582,-0.2612776501193479,0.3216761931815784,True,3.5596458096434965e-15,-1.4231680543936231,-1.0129891615679534,members__sp0.0200
training,locked_universal_candidate,1b,1,0.6786,-4.783674198960802,-0.969769187999997,-4.746143749939719,-1.2434139284786017,0.03753044902108282,-0.27364474047860465,0.27620640578257233,True,1.6910413304902302e-15,-1.4231680543936231,-1.0129891615679534,members__sp0.0200
training,locked_universal_candidate,2a,2,0.916,-6.776271782658472,11.277998675999983,-6.880714399456249,10.998940036286584,-0.104442616797777,-0.2790586397133996,0.2979630591235435,True,4.710277376051325e-15,-1.483529674328581,0.9141482249895121,members__sp0.0200
training,locked_universal_candidate,2b,2,0.916,-0.7772390574582798,-4.156659036000021,-0.6525960626117744,-4.040241725673413,0.12464299484650543,0.11641731032660818,0.1705545845411016,True,4.965068306494546e-16,-1.483529674328581,0.9141482249895121,members__sp0.0200
training,locked_universal_candidate,3a,3,1.5194,-2.0174375536347493,8.154932903999962,-2.158856018877634,8.111162063484008,-0.14141846524288448,-0.043770840515954035,0.14803738984164105,True,4.2711132545550575e-15,0.7917802221119012,-1.4154150373398011,members__sp0.0200
training,locked_universal_candidate,3b,3,1.5194,2.98907637506174,5.134105511999998,2.1747906858962947,4.522723545841305,-0.8142856891654455,-0.6113819661586932,1.0182578711327077,True,1.1322097734007351e-15,0.7917802221119012,-1.4154150373398011,members__sp0.0200
training,locked_universal_candidate,3c,3,1.5194,1.5634781039797112,3.965703875999982,2.1747906858962827,4.522723545841318,0.6113125819165715,0.5570196698413361,0.8270271974969481,True,3.774758283725532e-15,0.7917802221119012,-1.4154150373398011,members__sp0.0200
training,locked_universal_candidate,4a,4,1.5202,-3.4189158540684597,10.495438775999993,-3.542918102736154,10.220981922449473,-0.12400224866769438,-0.27445685355051985,0.3011695903232865,True,2.742795814822792e-14,0.48938745171587866,-0.6938468975725475,members__sp0.0200
training,locked_universal_candidate,4b,4,1.5202,3.486595771864287,3.41780230799999,3.7702543637451944,3.408117266524813,0.28365859188090736,-0.009685041475176792,0.2838238833788218,True,2.667424898013851e-15,0.48938745171587866,-0.6938468975725475,members__sp0.0200
training,locked_universal_candidate,5a,5,1.521,5.239793645663579,14.528709863999984,5.055469139090707,14.489364462456775,-0.1843245065728718,-0.039345401543208425,0.18847701277855866,True,2.7012892057857038e-15,3.854790061536709,2.291508430534079,members__sp0.0200
training,locked_universal_candidate,5b,5,1.521,13.2029839889991,1.9107456839999704,13.493418793486724,2.0197684117866253,0.2904348044876244,0.1090227277866549,0.3102230340123177,True,6.5846615329271e-14,3.854790061536709,2.291508430534079,members__sp0.0200
training,locked_universal_candidate,6a,6,3.0815,-9.90574798751465,17.874595907999986,-10.307829502279748,18.274153962796287,-0.4020815147650989,0.3995580547963016,0.5668475841603285,True,8.542226509110115e-15,-1.8742731040179108,2.237241437022393,members__sp0.0200
training,locked_universal_candidate,6b,6,3.0815,0.8049590237318596,-5.299632900000001,0.7939486783269264,-5.276379955522491,-0.011010345404933175,0.023252944477509807,0.0257279445896886,True,1.3322676295501878e-15,-1.8742731040179108,2.237241437022393,members__sp0.0200
training,locked_universal_candidate,7a,7,3.427,-10.01842785083087,10.257536087999991,-9.455402502372062,10.63093847070929,0.5630253484588081,0.3734023827092994,0.6755937258590731,True,1.4895204919483639e-15,-1.1997613120071169,-1.5837996215832972,members__sp0.0200
training,locked_universal_candidate,7b,7,3.427,-7.485830922116288,-2.1700512000000174,-8.252467121768177,-2.027130749131381,-0.7666361996518889,0.14292045086863636,0.7798444190306071,True,2.1065000811460206e-15,-1.1997613120071169,-1.5837996215832972,members__sp0.0200
heldout,locked_universal_candidate,1c,1,0.6786,0.456839445991538,-8.935221672000038,0.4798093172317394,-8.013337626896897,0.022969871240201445,0.9218840451031411,0.9221701619552228,True,3.3009303617866928e-15,-1.4231680543936231,-1.0129891615679534,members__sp0.0200
heldout,locked_universal_candidate,2c,2,0.916,0.24443970348725166,-5.292556488000027,-0.13436434169589692,-4.500984878469779,-0.3788040451831486,0.7915716095302487,0.8775409492789642,True,1.2947314098277875e-15,-1.483529674328581,0.9141482249895121,members__sp0.0200
heldout,locked_universal_candidate,3d,3,1.5194,7.381071049134713,-15.531179832000019,8.058666106539462,-14.021290968709948,0.6775950574047496,1.5098888632900707,1.6549620664253086,True,1.5700924586837751e-15,0.7917802221119012,-1.4154150373398011,members__sp0.0200
heldout,locked_universal_candidate,4c,4,1.5202,6.864471675477358,-13.912761239999998,7.494345034232203,-12.566266011245236,0.6298733587548453,1.3464952287547618,1.486536191664518,True,3.2657356996607607e-15,0.48938745171587866,-0.6938468975725475,members__sp0.0200
heldout,locked_universal_candidate,5c,5,1.521,13.970143058665721,-3.314626776000029,14.130927736238267,-0.7742147359407652,0.16078467757254522,2.5404120400592642,2.5454950492625557,True,1.564429914840607e-14,3.854790061536709,2.291508430534079,members__sp0.0200
heldout,locked_universal_candidate,6c,6,3.0815,1.7125179231929197,-6.634811124000012,1.173223565896386,-5.635012486390404,-0.5392943572965336,0.999798637609608,1.1359734678142397,True,4.002966042486721e-15,-1.8742731040179108,2.237241437022393,members__sp0.0200
heldout,locked_universal_candidate,7c,7,3.427,3.7040355081620837,-19.321482528000033,4.92296240799845,-16.840579901595937,1.2189268998363665,2.480902626404095,2.7641744931974594,True,3.953391794989626e-15,-1.1997613120071169,-1.5837996215832972,members__sp0.0200
training,locked_universal_candidate,1a,1,0.6786,-5.748113029341908,4.227443603999998,-5.580389767355387,3.9904504804007312,0.167723261986521,-0.2369931235992664,0.2903391693256979,True,4.0943002132167226e-15,-1.4527445077952992,-1.0904543424647866,members__sp0.0500
training,locked_universal_candidate,1b,1,0.6786,-4.783674198960802,-0.969769187999997,-4.746000489129313,-1.2229465636888204,0.03767370983148943,-0.25317737568882337,0.25596502099534396,True,9.155133597044475e-16,-1.4527445077952992,-1.0904543424647866,members__sp0.0500
training,locked_universal_candidate,2a,2,0.916,-6.776271782658472,11.277998675999983,-6.979315712817036,11.07895162535741,-0.20304393015856448,-0.199047050642573,0.2843353054823531,True,3.9968028886505635e-15,-1.5281402803115487,0.8500946032676384,members__sp0.0500
training,locked_universal_candidate,2b,2,0.916,-0.7772390574582798,-4.156659036000021,-0.6577263540526634,-4.029177632500277,0.11951270340561637,0.12748140349974424,0.17474207997383867,True,6.280369834735101e-16,-1.5281402803115487,0.8500946032676384,members__sp0.0500
training,locked_universal_candidate,3a,3,1.5194,-2.0174375536347493,8.154932903999962,-2.178347005798863,8.155708954603726,-0.1609094521641139,0.000776050603764844,0.16091132356144133,True,4.440892098500626e-16,0.7834191516567026,-1.497742848088421,members__sp0.0500
training,locked_universal_candidate,3b,3,1.5194,2.98907637506174,5.134105511999998,2.152259639383865,4.5454028694798225,-0.8368167356778753,-0.5887026425201753,1.0231485964515674,True,2.2644195468014703e-15,0.7834191516567026,-1.497742848088421,members__sp0.0500
training,locked_universal_candidate,3c,3,1.5194,1.5634781039797112,3.965703875999982,2.152259639383859,4.5454028694798305,0.5887815354041479,0.5796989934798487,0.8262654654978723,True,2.0471501066083613e-15,0.7834191516567026,-1.497742848088421,members__sp0.0500
training,locked_universal_candidate,4a,4,1.5202,-3.4189158540684597,10.495438775999993,-3.5578398832495433,10.256469771652398,-0.1389240291810836,-0.23896900434759516,0.2764164809174509,True,1.6129213725408837e-14,0.4878711557294194,-0.7821989154009475,members__sp0.0500
training,locked_universal_candidate,4b,4,1.5202,3.486595771864287,3.41780230799999,3.7414997752812615,3.4481588089131567,0.2549040034169745,0.030356500913166773,0.25670521635855403,True,7.850462293418876e-16,0.4878711557294194,-0.7821989154009475,members__sp0.0500
training,locked_universal_candidate,5a,5,1.521,5.239793645663579,14.528709863999984,5.041861084629659,14.570132822564148,-0.19793256103392043,0.04142295856416389,0.202220573171117,True,1.0480881692492569e-14,3.9087267995434622,2.2724036471757385,members__sp0.0500
training,locked_universal_candidate,5b,5,1.521,13.2029839889991,1.9107456839999704,13.541679869431956,2.058355962880719,0.3386958804328568,0.1476102788807485,0.36946406300672924,True,1.7763568394002505e-15,3.9087267995434622,2.2724036471757385,members__sp0.0500
training,locked_universal_candidate,6a,6,3.0815,-9.90574798751465,17.874595907999986,-10.497432852443008,18.390822097556228,-0.591684864928359,0.5162261895562423,0.7852263738369005,True,3.233018248352212e-15,-1.9289698250833132,2.1680880847410546,members__sp0.0500
training,locked_universal_candidate,6b,6,3.0815,0.8049590237318596,-5.299632900000001,0.8000418629035857,-5.248153533970887,-0.00491716082827387,0.051479366029113294,0.05171366934738372,True,4.440892098500626e-16,-1.9289698250833132,2.1680880847410546,members__sp0.0500
training,locked_universal_candidate,7a,7,3.427,-10.01842785083087,10.257536087999991,-9.5137846972794,10.655574462436117,0.5046431535514699,0.3980383744361262,0.642727982859099,True,2.531698018113677e-15,-1.22094712871083,-1.71544023615492,members__sp0.0500
training,locked_universal_candidate,7b,7,3.427,-7.485830922116288,-2.1700512000000174,-8.229708991159573,-1.9586491603495273,-0.7438780690432845,0.2114020396504901,0.7733339537172494,True,2.1065000811460206e-15,-1.22094712871083,-1.71544023615492,members__sp0.0500
heldout,locked_universal_candidate,1c,1,0.6786,0.456839445991538,-8.935221672000038,0.5360502479019765,-8.091255099368611,0.07921080191043856,0.8439665726314267,0.8476756023730612,True,7.160723346098895e-15,-1.4527445077952992,-1.0904543424647866,members__sp0.0500
heldout,locked_universal_candidate,2c,2,0.916,0.24443970348725166,-5.292556488000027,-0.09319326420424366,-4.538113786341055,-0.3376329676914953,0.7544427016589728,0.8265469199982879,True,6.280369834735101e-16,-1.5281402803115487,0.8500946032676384,members__sp0.0500
heldout,locked_universal_candidate,3d,3,1.5194,7.381071049134713,-15.531179832000019,8.13767964597642,-14.124568965946107,0.7566085968417067,1.4066108660539118,1.597188372520822,True,4.0943002132167226e-15,0.7834191516567026,-1.497742848088421,members__sp0.0500
heldout,locked_universal_candidate,4c,4,1.5202,6.864471675477358,-13.912761239999998,7.59097391902731,-12.681128188738818,0.7265022435499526,1.2316330512611806,1.4299389787127423,True,5.2003017130843296e-15,0.4878711557294194,-0.7821989154009475,members__sp0.0500
heldout,locked_universal_candidate,5c,5,1.521,13.970143058665721,-3.314626776000029,14.198078018970017,-0.7483036290844237,0.22793496030429594,2.5663231469156056,2.576425593826404,True,8.881784197001252e-16,3.9087267995434622,2.2724036471757385,members__sp0.0500
heldout,locked_universal_candidate,6c,6,3.0815,1.7125179231929197,-6.634811124000012,1.2384717271981611,-5.679584844130468,-0.4740461959947586,0.9552262798695441,1.066385034446053,True,1.3506446028928519e-15,-1.9289698250833132,2.1680880847410546,members__sp0.0500
heldout,locked_universal_candidate,7c,7,3.427,3.7040355081620837,-19.321482528000033,5.038739099396017,-17.040933605542534,1.3347035912339336,2.2805489224574984,2.6424112216259634,True,7.464134339039856e-15,-1.22094712871083,-1.71544023615492,members__sp0.0500
training,locked_universal_candidate,1a,1,0.6786,-5.748113029341908,4.227443603999998,-5.534344488952379,3.930075945516785,0.21376854038952864,-0.2973676584832128,0.3662301368976319,True,1.451974782564475e-14,-1.3702464273740236,-0.9331014511330396,stars__sm0.0200
training,locked_universal_candidate,1b,1,0.6786,-4.783674198960802,-0.969769187999997,-4.744074614628965,-1.2705480310368087,0.03959958433183708,-0.3007788430368117,0.3033744212978696,True,4.577566798522237e-16,-1.3702464273740236,-0.9331014511330396,stars__sm0.0200
training,locked_universal_candidate,2a,2,0.916,-6.776271782658472,11.277998675999983,-6.75581221829936,10.887464760634161,0.020459564359112115,-0.3905339153658218,0.3910694731434858,True,4.875143405032127e-14,-1.410239890945874,0.9747883316926281,stars__sm0.0200
training,locked_universal_candidate,2b,2,0.916,-0.7772390574582798,-4.156659036000021,-0.6438118112973835,-4.048377509717466,0.1334272461608963,0.10828152628255516,0.17183631441624933,True,1.1102230246251565e-16,-1.410239890945874,0.9747883316926281,stars__sm0.0200
training,locked_universal_candidate,3a,3,1.5194,-2.0174375536347493,8.154932903999962,-2.134467073132508,8.048611537667233,-0.11702951949775864,-0.10632136633272893,0.15811433006762737,True,5.978733960281817e-16,0.820836887467652,-1.3322794881935478,stars__sm0.0200
training,locked_universal_candidate,3b,3,1.5194,2.98907637506174,5.134105511999998,2.2038188456488887,4.4965666093808485,-0.7852575294128514,-0.6375389026191494,1.0114767618944116,True,5.42285705988628e-14,0.820836887467652,-1.3322794881935478,stars__sm0.0200
training,locked_universal_candidate,3c,3,1.5194,1.5634781039797112,3.965703875999982,2.2038188456488106,4.496566609381009,0.6403407416690994,0.5308627333810274,0.8317761159916219,True,1.159106867033638e-15,0.820836887467652,-1.3322794881935478,stars__sm0.0200
training,locked_universal_candidate,4a,4,1.5202,-3.4189158540684597,10.495438775999993,-3.525643465823523,10.16967999469596,-0.10672761175506329,-0.32575878130403346,0.34279668421329373,True,1.513266971223217e-13,0.509399866996273,-0.6023238866652757,stars__sm0.0200
training,locked_universal_candidate,4b,4,1.5202,3.486595771864287,3.41780230799999,3.810353235241091,3.358920579223255,0.3237574633768041,-0.05888172877673492,0.32906831065284853,True,4.710277376051325e-16,0.509399866996273,-0.6023238866652757,stars__sm0.0200
training,locked_universal_candidate,5a,5,1.521,5.239793645663579,14.528709863999984,5.071498641904533,14.382177087886497,-0.16829500375904605,-0.14653277611348692,0.22314807363224673,True,3.3820826609804605e-15,3.8017989714524427,2.2969900978128526,stars__sm0.0200
training,locked_universal_candidate,5b,5,1.521,13.2029839889991,1.9107456839999704,13.437422588280103,1.9764340513554313,0.2344385992810043,0.06568836735546091,0.24346748949020955,True,2.9790409838967277e-15,3.8017989714524427,2.2969900978128526,stars__sm0.0200
training,locked_universal_candidate,6a,6,3.0815,-9.90574798751465,17.874595907999986,-10.067075819978385,18.10486128909736,-0.16132783246373528,0.23026538109737515,0.28115621148992326,True,2.8105432502453605e-12,-1.7857550763800778,2.2992442994181057,stars__sm0.0200
training,locked_universal_candidate,6b,6,3.0815,0.8049590237318596,-5.299632900000001,0.7889149929201008,-5.30285057428723,-0.016044030811758758,-0.0032176742872289665,0.016363506730140667,True,8.81491912409125e-15,-1.7857550763800778,2.2992442994181057,stars__sm0.0200
training,locked_universal_candidate,7a,7,3.427,-10.01842785083087,10.257536087999991,-9.38029527807817,10.590721960809176,0.6381325727526992,0.3331858728091852,0.7198791608649312,True,3.675492212195508e-15,-1.1520026171530449,-1.4390324962023688,stars__sm0.0200
training,locked_universal_candidate,7b,7,3.427,-7.485830922116288,-2.1700512000000174,-8.273013384348245,-2.1239396800747503,-0.7871824622319563,0.046111519925267075,0.7885318643627433,True,1.1322097734007351e-15,-1.1520026171530449,-1.4390324962023688,stars__sm0.0200
heldout,locked_universal_candidate,1c,1,0.6786,0.456839445991538,-8.935221672000038,0.4155064862246168,-7.914537180790087,-0.041332959766921196,1.020684491209951,1.0215210444036924,True,1.3322676295501878e-15,-1.3702464273740236,-0.9331014511330396,stars__sm0.0200
heldout,locked_universal_candidate,2c,2,0.916,0.24443970348725166,-5.292556488000027,-0.1769586128123549,-4.455547768434017,-0.42139831629960656,0.8370087195660103,0.9371019889049832,True,2.0014830212433605e-15,-1.410239890945874,0.9747883316926281,stars__sm0.0200
heldout,locked_universal_candidate,3d,3,1.5194,7.381071049134713,-15.531179832000019,7.976582281384945,-13.890771377589228,0.5955112322502325,1.6404084544107906,1.7451571634207015,True,3.828257633024338e-15,0.820836887467652,-1.3322794881935478,stars__sm0.0200
heldout,locked_universal_candidate,4c,4,1.5202,6.864471675477358,-13.912761239999998,7.3873432728551585,-12.418657421287236,0.5228715973778009,1.4941038187127624,1.582953230021807,True,3.175315487452555e-15,0.509399866996273,-0.6023238866652757,stars__sm0.0200
heldout,locked_universal_candidate,5c,5,1.521,13.970143058665721,-3.314626776000029,14.053517569948745,-0.8038210349735634,0.08337451128302398,2.510805741026466,2.5121896382047164,True,8.005932084973442e-15,3.8017989714524427,2.2969900978128526,stars__sm0.0200
heldout,locked_universal_candidate,6c,6,3.0815,1.7125179231929197,-6.634811124000012,1.1065696312465305,-5.587468222731616,-0.6059482919463892,1.0473429012683964,1.2100002005578545,True,1.3322676295501878e-15,-1.7857550763800778,2.2992442994181057,stars__sm0.0200
heldout,locked_universal_candidate,7c,7,3.427,3.7040355081620837,-19.321482528000033,4.7972088445703305,-16.584775575322958,1.0931733364082468,2.736706952677075,2.9469633333764063,True,5.55555424028711e-15,-1.1520026171530449,-1.4390324962023688,stars__sm0.0200
training,locked_universal_candidate,1a,1,0.6786,-5.748113029341908,4.227443603999998,-5.5407222823515205,3.9398828675108555,0.20739074699038706,-0.28756073648914215,0.3545449183212313,True,9.650641979819565e-15,-1.3868030060311336,-0.9472812471821039,stars__sm0.0100
training,locked_universal_candidate,1b,1,0.6786,-4.783674198960802,-0.969769187999997,-4.745170007467093,-1.2636578576617183,0.03850419149370943,-0.29388866966172134,0.2964002748280113,True,2.482534153247273e-16,-1.3868030060311336,-0.9472812471821039,stars__sm0.0100
training,locked_universal_candidate,2a,2,0.916,-6.776271782658472,11.277998675999983,-6.785464060919985,10.91680695764731,-0.009192278261513032,-0.36119171835267316,0.3613086705106783,True,1.4217791915866692e-14,-1.4319645826792606,0.9658137761949117,stars__sm0.0100
training,locked_universal_candidate,2b,2,0.916,-0.7772390574582798,-4.156659036000021,-0.6469296921907836,-4.047501870232614,0.13030936526749626,0.10915716576740664,0.16998769812780823,True,1.2560739669470201e-15,-1.4319645826792606,0.9658137761949117,stars__sm0.0100
training,locked_universal_candidate,3a,3,1.5194,-2.0174375536347493,8.154932903999962,-2.1399591460159395,8.064745963121151,-0.1225215923811902,-0.09018694087881052,0.1521355478009679,True,4.311326371230795e-15,0.8091932946013001,-1.3464992515631717,stars__sm0.0100
training,locked_universal_candidate,3b,3,1.5194,2.98907637506174,5.134105511999998,2.196546156246123,4.502391933354222,-0.7925302188156174,-0.6317135786457762,1.0134920784995725,True,3.4844027277880975e-14,0.8091932946013001,-1.3464992515631717,stars__sm0.0100
training,locked_universal_candidate,3c,3,1.5194,1.5634781039797112,3.965703875999982,2.1965461562460797,4.502391933354322,0.6330680522663685,0.5366880573543402,0.8299453172993442,True,1.2560739669470201e-15,0.8091932946013001,-1.3464992515631717,stars__sm0.0100
training,locked_universal_candidate,4a,4,1.5202,-3.4189158540684597,10.495438775999993,-3.529217975878153,10.183350603392933,-0.11030212180969334,-0.31208817260706034,0.33100692675068705,True,1.3130704916239927e-13,0.4999944983431064,-0.6187312354585153,stars__sm0.0100
training,locked_universal_candidate,4b,4,1.5202,3.486595771864287,3.41780230799999,3.7997009720427437,3.3703368070789472,0.31310520017845667,-0.047465500921042736,0.31668255423448405,True,9.930136612989092e-16,0.4999944983431064,-0.6187312354585153,stars__sm0.0100
training,locked_universal_candidate,5a,5,1.521,5.239793645663579,14.528709863999984,5.068456404449773,14.408835960556171,-0.17133724121380656,-0.11987390344381232,0.20910811307458774,True,1.2918722276634804e-13,3.8106130499383792,2.3007432462287665,stars__sm0.0100
training,locked_universal_candidate,5b,5,1.521,13.2029839889991,1.9107456839999704,13.449309910940872,1.9858317138362018,0.24632592194177327,0.07508602983623147,0.2575157698026123,True,4.572178254219406e-15,3.8106130499383792,2.3007432462287665,stars__sm0.0100
training,locked_universal_candidate,6a,6,3.0815,-9.90574798751465,17.874595907999986,-10.124135772089318,18.151084318631902,-0.21838778457466823,0.27648841063191654,0.35233374187720795,True,1.798424230098713e-14,-1.8116733962870528,2.291313476858618,stars__sm0.0100
training,locked_universal_candidate,6b,6,3.0815,0.8049590237318596,-5.299632900000001,0.7890871943457309,-5.298010977915119,-0.015871829386128633,0.001621922084881433,0.015954485241204196,True,9.930136612989092e-16,-1.8116733962870528,2.291313476858618,stars__sm0.0100
training,locked_universal_candidate,7a,7,3.427,-10.01842785083087,10.257536087999991,-9.398222985723743,10.602364721977208,0.6202048651071266,0.3448286339772171,0.7096202234386663,True,3.3306690738754696e-15,-1.1686889353042602,-1.4677636359875221,stars__sm0.0100
training,locked_universal_candidate,7b,7,3.427,-7.485830922116288,-2.1700512000000174,-8.270255482944082,-2.0980584495867616,-0.7844245608277935,0.07199275041325581,0.7877213008050132,True,2.673771110915334e-15,-1.1686889353042602,-1.4677636359875221,stars__sm0.0100
heldout,locked_universal_candidate,1c,1,0.6786,0.456839445991538,-8.935221672000038,0.4289654709730427,-7.938232940231091,-0.027873975018495256,0.9969887317689468,0.9973783082449631,True,1.7342238036525468e-15,-1.3868030060311336,-0.9472812471821039,stars__sm0.0100
heldout,locked_universal_candidate,2c,2,0.916,0.24443970348725166,-5.292556488000027,-0.16932353267972097,-4.466029194416221,-0.41376323616697264,0.8265272935838066,0.9243091380281481,True,2.8435583831733384e-15,-1.4319645826792606,0.9658137761949117,stars__sm0.0100
heldout,locked_universal_candidate,3d,3,1.5194,7.381071049134713,-15.531179832000019,7.9912427924793015,-13.922031838143157,0.6101717433445888,1.6091479938568618,1.7209493956853403,True,3.722145839155691e-15,0.8091932946013001,-1.3464992515631717,stars__sm0.0100
heldout,locked_universal_candidate,4c,4,1.5202,6.864471675477358,-13.912761239999998,7.4084554529309115,-12.454602261524126,0.5439837774535539,1.458158978475872,1.5563245023588224,True,7.160723346098895e-15,0.4999944983431064,-0.6187312354585153,stars__sm0.0100
heldout,locked_universal_candidate,5c,5,1.521,13.970143058665721,-3.314626776000029,14.070028782860035,-0.7981084981747848,0.09988572419431385,2.516518277825244,2.5184998313532514,True,1.5190188108682065e-14,3.8106130499383792,2.3007432462287665,stars__sm0.0100
heldout,locked_universal_candidate,6c,6,3.0815,1.7125179231929197,-6.634811124000012,1.1184512522440138,-5.597013727930041,-0.594066670948906,1.037797396069971,1.1958004201462415,True,2.1868857395626282e-15,-1.8116733962870528,2.291313476858618,stars__sm0.0100
heldout,locked_universal_candidate,7c,7,3.427,3.7040355081620837,-19.321482528000033,4.821273706526293,-16.64657937639025,1.1172381983642095,2.674903151609783,2.8988494376866236,True,7.108895957933346e-15,-1.1686889353042602,-1.4677636359875221,stars__sm0.0100
training,locked_universal_candidate,1a,1,0.6786,-5.748113029341908,4.227443603999998,-5.543901871613605,3.9447504931194906,0.20421115772830234,-0.2826931108805071,0.34873713865895073,True,8.639789531958417e-15,-1.3950721159319042,-0.9543845372151145,stars__sm0.0050
training,locked_universal_candidate,1b,1,0.6786,-4.783674198960802,-0.969769187999997,-4.745720751271063,-1.260178191840667,0.037953447689739406,-0.2904090038406699,0.29287856477261703,True,3.1401849173675503e-16,-1.3950721159319042,-0.9543845372151145,stars__sm0.0050
training,locked_universal_candidate,2a,2,0.916,-6.776271782658472,11.277998675999983,-6.8003214583323,10.931539455472409,-0.024049675673828652,-0.3464592205275743,0.3472929287915184,True,6.6400247763745666e-15,-1.4428213189692602,0.9613274957612864,stars__sm0.0050
training,locked_universal_candidate,2b,2,0.916,-0.7772390574582798,-4.156659036000021,-0.6485067327494285,-4.04701735196889,0.12873232470885132,0.10964168403113117,0.16909556558977984,True,1.2212453270876722e-15,-1.4428213189692602,0.9613274957612864,stars__sm0.0050
training,locked_universal_candidate,3a,3,1.5194,-2.0174375536347493,8.154932903999962,-2.1426764299373473,8.072757390351184,-0.125238876302598,-0.08217551364877806,0.14979182614875203,True,4.965068306494546e-16,0.8033872149959802,-1.3536267088785858,stars__sm0.0050
training,locked_universal_candidate,3b,3,1.5194,2.98907637506174,5.134105511999998,2.1928662265165304,4.505362273355603,-0.7962101485452098,-0.628743238644395,1.0145287875597357,True,2.5003445110377325e-14,0.8033872149959802,-1.3536267088785858,stars__sm0.0050
training,locked_universal_candidate,3c,3,1.5194,1.5634781039797112,3.965703875999982,2.1928662265164975,4.505362273355677,0.6293881225367863,0.5396583973556948,0.8290721287239716,True,4.440892098500626e-16,0.8033872149959802,-1.3536267088785858,stars__sm0.0050
training,locked_universal_candidate,4a,4,1.5202,-3.4189158540684597,10.495438775999993,-3.5309924040248086,10.190139830571365,-0.11207654995634897,-0.30529894542862834,0.32522084670259155,True,2.0384387098007996e-14,0.4953081431474266,-0.6269562968981232,stars__sm0.0050
training,locked_universal_candidate,4b,4,1.5202,3.486595771864287,3.41780230799999,3.794349873385198,3.3760837299757305,0.30775410152091087,-0.04171857802425949,0.3105688760248028,True,1.4528658640935888e-15,0.4953081431474266,-0.6269562968981232,stars__sm0.0050
training,locked_universal_candidate,5a,5,1.521,5.239793645663579,14.528709863999984,5.067010145281525,14.422152416152688,-0.17278350038205392,-0.1065574478472957,0.20299908299301347,True,1.2560739669470201e-15,3.815070179818944,2.302636168215618,stars__sm0.0050
training,locked_universal_candidate,5b,5,1.521,13.2029839889991,1.9107456839999704,13.455274425308387,1.99061147232417,0.2522904363092877,0.07986578832419955,0.2646299461470236,True,3.26126005627308e-14,3.815070179818944,2.302636168215618,stars__sm0.0050
training,locked_universal_candidate,6a,6,3.0815,-9.90574798751465,17.874595907999986,-10.152701976437571,18.174294788229773,-0.24695398892292175,0.2996988802297871,0.38833708483214785,True,4.311326371230795e-15,-1.8246188383311288,2.287354839822598,stars__sm0.0050
training,locked_universal_candidate,6b,6,3.0815,0.8049590237318596,-5.299632900000001,0.7892363628463159,-5.295511623386436,-0.015722660885543638,0.0041212766135645396,0.01625382989474536,True,6.661338147750939e-16,-1.8246188383311288,2.287354839822598,stars__sm0.0050
training,locked_universal_candidate,7a,7,3.427,-10.01842785083087,10.257536087999991,-9.407150270355212,10.608113828370492,0.6112775804756581,0.3505777403705004,0.7046737063602279,True,8.005932084973442e-16,-1.1770016285944114,-1.482177347557376,stars__sm0.0050
training,locked_universal_candidate,7b,7,3.427,-7.485830922116288,-2.1700512000000174,-8.268852011783611,-2.0850594568267145,-0.7830210896673231,0.08499174317330294,0.7876202278201333,True,3.3820826609804605e-15,-1.1770016285944114,-1.482177347557376,stars__sm0.0050
heldout,locked_universal_candidate,1c,1,0.6786,0.456839445991538,-8.935221672000038,0.4357311736519601,-7.950175600934907,-0.02110827233957785,0.9850460710651312,0.9852722066931622,True,2.531698018113677e-15,-1.3950721159319042,-0.9543845372151145,stars__sm0.0050
heldout,locked_universal_candidate,2c,2,0.916,0.24443970348725166,-5.292556488000027,-0.165498333710311,-4.471270470483366,-0.40993803719756267,0.8212860175166616,0.9179106257745188,True,1.2214976244412755e-14,-1.4428213189692602,0.9613274957612864,stars__sm0.0050
heldout,locked_universal_candidate,3d,3,1.5194,7.381071049134713,-15.531179832000019,7.998570528655915,-13.937704401319536,0.6174994795212019,1.593475430680483,1.7089381367946899,True,4.965068306494546e-16,0.8033872149959802,-1.3536267088785858,stars__sm0.0050
heldout,locked_universal_candidate,4c,4,1.5202,6.864471675477358,-13.912761239999998,7.418991977303443,-12.472621473332133,0.5545203018260851,1.4401397666678655,1.5432094195783885,True,3.0591630858400564e-15,0.4953081431474266,-0.6269562968981232,stars__sm0.0050
heldout,locked_universal_candidate,5c,5,1.521,13.970143058665721,-3.314626776000029,14.078322455855405,-0.7952586995627426,0.10817939718968361,2.5193680764372868,2.521689569821717,True,9.441466109136565e-15,3.815070179818944,2.302636168215618,stars__sm0.0050
heldout,locked_universal_candidate,6c,6,3.0815,1.7125179231929197,-6.634811124000012,1.124344255490147,-5.601704764351469,-0.5881736677027727,1.033106359648543,1.1888048678085048,True,2.7465400791133423e-15,-1.8246188383311288,2.287354839822598,stars__sm0.0050
heldout,locked_universal_candidate,7c,7,3.427,3.7040355081620837,-19.321482528000033,4.833330625194942,-16.677657945294502,1.1292951170328585,2.6438245827055304,2.874911456979559,True,3.953391794989626e-15,-1.1770016285944114,-1.482177347557376,stars__sm0.0050
training,locked_universal_candidate,1a,1,0.6786,-5.748113029341908,4.227443603999998,-5.548659451888472,3.9520071708539932,0.1994535774534354,-0.2754364331460044,0.3400690492578925,True,8.080257784172656e-15,-1.4074642662036743,-0.9650562639662449,stars__sp0.0025
training,locked_universal_candidate,1b,1,0.6786,-4.783674198960802,-0.969769187999997,-4.74655057031457,-1.254915456507446,0.0371236286462322,-0.28514626850744906,0.28755270516478465,True,3.3306690738754696e-16,-1.4074642662036743,-0.9650562639662449,stars__sp0.0025
training,locked_universal_candidate,2a,2,0.916,-6.776271782658472,11.277998675999983,-6.822628958878717,10.953679216243547,-0.046357176220245044,-0.3243194597564365,0.32761578070023073,True,3.580361673049448e-15,-1.4590992177785052,0.9545992250034097,stars__sp0.0025
training,locked_universal_candidate,2b,2,0.916,-0.7772390574582798,-4.156659036000021,-0.6508944703286363,-4.046231952836108,0.12634458712964347,0.1104270831639127,0.16780076100259428,True,9.155133597044475e-16,-1.4590992177785052,0.9545992250034097,stars__sp0.0025
training,locked_universal_candidate,3a,3,1.5194,-2.0174375536347493,8.154932903999962,-2.1467156598489585,8.084704534554698,-0.1292781062142092,-0.0702283694452639,0.14712189715087565,True,4.0412728104402654e-15,0.7946978493711961,-1.364340018017758,stars__sp0.0025
training,locked_universal_candidate,3b,3,1.5194,2.98907637506174,5.134105511999998,2.1873095341833104,4.509890365644455,-0.8017668408784298,-0.6242151463555432,1.0161075809538325,True,3.697226037623727e-15,0.7946978493711961,-1.364340018017758,stars__sp0.0025
training,locked_universal_candidate,3c,3,1.5194,1.5634781039797112,3.965703875999982,2.1873095341833007,4.509890365644438,0.6238314302035894,0.5441864896444559,0.8278312562481628,True,9.722536868453447e-15,0.7946978493711961,-1.364340018017758,stars__sp0.0025
training,locked_universal_candidate,4a,4,1.5202,-3.4189158540684597,10.495438775999993,-3.533637648877618,10.200266245678167,-0.11472179480915834,-0.29517253032182644,0.31668266902504183,True,7.234329855457922e-14,0.4882990002256285,-0.6393205686279533,stars__sp0.0025
training,locked_universal_candidate,4b,4,1.5202,3.486595771864287,3.41780230799999,3.786307419405949,3.384757543264707,0.2997116475416619,-0.03304476473528295,0.3015278231748234,True,1.0429598422709816e-15,0.4882990002256285,-0.6393205686279533,stars__sp0.0025
training,locked_universal_candidate,5a,5,1.521,5.239793645663579,14.528709863999984,5.064934727051607,14.442110575795336,-0.17485891861197178,-0.08659928820464735,0.19512836322713248,True,3.76822190084106e-15,3.821818863003121,2.3054961074863956,stars__sp0.0025
training,locked_universal_candidate,5b,5,1.521,13.2029839889991,1.9107456839999704,13.464241654102592,1.9980132862745288,0.2612576651034928,0.08726760227455843,0.2754472762291893,True,1.468183375303104e-14,3.821818863003121,2.3054961074863956,stars__sp0.0025
training,locked_universal_candidate,6a,6,3.0815,-9.90574798751465,17.874595907999986,-10.19559094669536,18.209224353344347,-0.2898429591807101,0.33462844534436087,0.4427020865324837,True,5.924889052322839e-15,-1.8440193879531024,2.2814252640678574,stars__sp0.0025
training,locked_universal_candidate,6b,6,3.0815,0.8049590237318596,-5.299632900000001,0.7895399306164963,-5.291661891434329,-0.01541909311536327,0.007971008565671234,0.017357575005001336,True,5.7902148899581444e-15,-1.8440193879531024,2.2814252640678574,stars__sp0.0025
training,locked_universal_candidate,7a,7,3.427,-10.01842785083087,10.257536087999991,-9.42049507828042,10.616647094920562,0.5979327725504504,0.3591110069205712,0.697484276368561,True,6.362265728429862e-15,-1.1894326651948623,-1.5038580539733954,stars__sp0.0025
training,locked_universal_candidate,7b,7,3.427,-7.485830922116288,-2.1700512000000174,-8.26670647194827,-2.065482528345867,-0.7808755498319817,0.10456867165415051,0.787845943961707,True,2.710399819191012e-15,-1.1894326651948623,-1.5038580539733954,stars__sp0.0025
heldout,locked_universal_candidate,1c,1,0.6786,0.456839445991538,-8.935221672000038,0.44588287363355444,-7.968117208858555,-0.01095657235798353,0.9671044631414834,0.9671665260470983,True,1.0934428697813141e-15,-1.4074642662036743,-0.9650562639662449,stars__sp0.0025
heldout,locked_universal_candidate,2c,2,0.916,0.24443970348725166,-5.292556488000027,-0.15904213449058985,-4.479893975701873,-0.40348183797784154,0.8126625122981546,0.9073135910327396,True,4.965068306494546e-15,-1.4590992177785052,0.9545992250034097,stars__sp0.0025
heldout,locked_universal_candidate,3d,3,1.5194,7.381071049134713,-15.531179832000019,8.009559311166562,-13.961266334555704,0.6284882620318495,1.5699134974443147,1.6910428394838657,True,1.976695897494813e-15,0.7946978493711961,-1.364340018017758,stars__sp0.0025
heldout,locked_universal_candidate,4c,4,1.5202,6.864471675477358,-13.912761239999998,7.4347986675539,-12.499759681178453,0.5703269920765424,1.413001558821545,1.5237605727683048,True,1.8452761694870047e-15,0.4882990002256285,-0.6393205686279533,stars__sp0.0025
heldout,locked_universal_candidate,5c,5,1.521,13.970143058665721,-3.314626776000029,14.090810900383438,-0.7909923970961733,0.12066784171771694,2.523634378903856,2.5265176046111892,True,1.4300775841839746e-14,3.821818863003121,2.3054961074863956,stars__sp0.0025
heldout,locked_universal_candidate,6c,6,3.0815,1.7125179231929197,-6.634811124000012,1.133151012874804,-5.608661690674648,-0.5793669103181158,1.0261494333253642,1.178409383994173,True,1.7342238036525468e-15,-1.8440193879531024,2.2814252640678574,stars__sp0.0025
heldout,locked_universal_candidate,7c,7,3.427,3.7040355081620837,-19.321482528000033,4.85138804454113,-16.724379129936167,1.1473525363790462,2.597103398063865,2.8392541103202276,True,5.5688503603976495e-15,-1.1894326651948623,-1.5038580539733954,stars__sp0.0025
training,locked_universal_candidate,1a,1,0.6786,-5.748113029341908,4.227443603999998,-5.550242134444733,3.954414132999114,0.19787089489717502,-0.2730294710008838,0.3371913152535684,True,4.288393621505008e-15,-1.4115919053902883,-0.9686179929788534,stars__sp0.0050
training,locked_universal_candidate,1b,1,0.6786,-4.783674198960802,-0.969769187999997,-4.746828145280086,-1.2531496796834467,0.03684605368071647,-0.2833804916834497,0.2857658739923225,True,7.021666937153402e-16,-1.4115919053902883,-0.9686179929788534,stars__sp0.0050
training,locked_universal_candidate,2a,2,0.916,-6.776271782658472,11.277998675999983,-6.830070440333219,10.961070074092289,-0.05379865767474712,-0.31692860190769423,0.32146233725705775,True,3.4755478145461824e-15,-1.4645232277025901,0.9523567571813509,stars__sp0.0050
training,locked_universal_candidate,2b,2,0.916,-0.7772390574582798,-4.156659036000021,-0.6516962157336756,-4.045954476771245,0.12554284172460417,0.11070455922877631,0.16738131479447357,True,1.3506446028928519e-15,-1.4645232277025901,0.9523567571813509,stars__sp0.0050
training,locked_universal_candidate,3a,3,1.5194,-2.0174375536347493,8.154932903999962,-2.1480521510995128,8.088668201914386,-0.13061459746476345,-0.06626470208557578,0.14646222657522417,True,1.4895204919483639e-15,0.7918066806533803,-1.3679170475658693,stars__sp0.0050
training,locked_universal_candidate,3b,3,1.5194,2.98907637506174,5.134105511999998,2.185455651004027,4.5114194186291,-0.8036207240577133,-0.6226860933708975,1.0166337782173842,True,2.220446049250313e-15,0.7918066806533803,-1.3679170475658693,stars__sp0.0050
training,locked_universal_candidate,3c,3,1.5194,1.5634781039797112,3.965703875999982,2.1854556510040197,4.511419418629113,0.6219775470243085,0.5457155426291309,0.827442760841729,True,1.88411095042053e-15,0.7918066806533803,-1.3679170475658693,stars__sp0.0050
training,locked_universal_candidate,4a,4,1.5202,-3.4189158540684597,10.495438775999993,-3.534514960789204,10.203626433714016,-0.11559910672074425,-0.2918123422859775,0.3138751289686115,True,6.567464220727893e-14,0.4859680525254573,-0.6434490972570027,stars__sp0.0050
training,locked_universal_candidate,4b,4,1.5202,3.486595771864287,3.41780230799999,3.783621271969181,3.3876627100929397,0.29702550010489404,-0.03013959790705023,0.29855073785633335,True,8.08254562088053e-16,0.4859680525254573,-0.6434490972570027,stars__sp0.0050
training,locked_universal_candidate,5a,5,1.521,5.239793645663579,14.528709863999984,5.064268050187908,14.44875883563107,-0.17552559547567093,-0.07995102836891377,0.1928766486756127,True,4.440892098500626e-16,3.824085287519545,2.3064549238124545,stars__sp0.0050
training,locked_universal_candidate,5b,5,1.521,13.2029839889991,1.9107456839999704,13.467237315347523,2.0005100458241754,0.2642533263484239,0.089764361824205,0.279083251270859,True,1.8033521790747422e-14,3.824085287519545,2.3064549238124545,stars__sp0.0050
training,locked_universal_candidate,6a,6,3.0815,-9.90574798751465,17.874595907999986,-10.209897378344811,18.220897226976547,-0.3041493908301618,0.34630131897656113,0.46090286988395335,True,7.011126525501041e-15,-1.850481457015144,2.279450957178932,stars__sp0.0050
training,locked_universal_candidate,6b,6,3.0815,0.8049590237318596,-5.299632900000001,0.7896625927294205,-5.290351575622992,-0.015296431002439048,0.00928132437700846,0.017892003342377005,True,7.552781223416605e-15,-1.850481457015144,2.279450957178932,stars__sp0.0050
training,locked_universal_candidate,7a,7,3.427,-10.01842785083087,10.257536087999991,-9.424930977922957,10.61946740373297,0.5934968729079131,0.36193131573297954,0.6951494914474708,True,2.8435583831733384e-15,-1.193566224409805,-1.511100985608985,stars__sp0.0050
training,locked_universal_candidate,7b,7,3.427,-7.485830922116288,-2.1700512000000174,-8.265980454527943,-2.0589360012617104,-0.780149532411655,0.111115198738307,0.7880227663670494,True,8.881784197001252e-16,-1.193566224409805,-1.511100985608985,stars__sp0.0050
heldout,locked_universal_candidate,1c,1,0.6786,0.456839445991538,-8.935221672000038,0.44926764425755583,-7.974105145504853,-0.007571801733982142,0.9611165264951849,0.9611463518547361,True,1.6011864169946884e-15,-1.4115919053902883,-0.9686179929788534,stars__sp0.0050
heldout,locked_universal_candidate,2c,2,0.916,0.24443970348725166,-5.292556488000027,-0.15690987456273967,-4.482746253653901,-0.40134957804999133,0.8098102343461262,0.9038108759318146,True,2.7012892057857038e-15,-1.4645232277025901,0.9523567571813509,stars__sp0.0050
heldout,locked_universal_candidate,3d,3,1.5194,7.381071049134713,-15.531179832000019,8.01322154321924,-13.969134499187367,0.6321504940845273,1.5620453328126516,1.6851112334006617,True,1.1649345621857287e-12,0.7918066806533803,-1.3679170475658693,stars__sp0.0050
heldout,locked_universal_candidate,4c,4,1.5202,6.864471675477358,-13.912761239999998,7.440076696381907,-12.508852734244782,0.5756050209045496,1.4039085057552168,1.5173266730082788,True,1.1157603309187458e-15,0.4859680525254573,-0.6434490972570027,stars__sp0.0050
heldout,locked_universal_candidate,5c,5,1.521,13.970143058665721,-3.314626776000029,14.094986558269353,-0.7895725886088374,0.12484349960363161,2.525054187391192,2.528138554085807,True,1.2970142174948615e-14,3.824085287519545,2.3064549238124545,stars__sp0.0050
heldout,locked_universal_candidate,6c,6,3.0815,1.7125179231929197,-6.634811124000012,1.1360817979742444,-5.610962703828732,-0.5764361252186754,1.02384842017128,1.1749656139412534,True,3.3009303617866928e-15,-1.850481457015144,2.279450957178932,stars__sp0.0050
heldout,locked_universal_candidate,7c,7,3.427,3.7040355081620837,-19.321482528000033,4.857399798494778,-16.739980479211987,1.1533642903326942,2.581502048788046,2.8274373581233445,True,2.8435583831733384e-15,-1.193566224409805,-1.511100985608985,stars__sp0.0050
training,locked_universal_candidate,1a,1,0.6786,-5.748113029341908,4.227443603999998,-5.5534026886323415,3.959210170010826,0.19471034070956605,-0.26823343398917165,0.3314533027273353,True,3.614624287906422e-15,-1.4198425570585902,-0.9757481943518651,stars__sp0.0100
training,locked_universal_candidate,1b,1,0.6786,-4.783674198960802,-0.969769187999997,-4.7473847195943275,-1.2496008258917182,0.03628947936647453,-0.27983163789172116,0.2821748959029721,True,2.482534153247273e-16,-1.4198425570585902,-0.9757481943518651,stars__sp0.0100
training,locked_universal_candidate,2a,2,0.916,-6.776271782658472,11.277998675999983,-6.844961784517049,10.97586819597441,-0.06869000185857743,-0.3021304800255731,0.3098405127090623,True,2.5918417478740246e-15,-1.4753682602613178,0.9478722284561217,stars__sp0.0100
training,locked_universal_candidate,2b,2,0.916,-0.7772390574582798,-4.156659036000021,-0.6533083331651204,-4.045375944539373,0.12393072429315943,0.11128309146064819,0.16656155279315238,True,1.7235296186091125e-15,-1.4753682602613178,0.9478722284561217,stars__sp0.0100
training,locked_universal_candidate,3a,3,1.5194,-2.0174375536347493,8.154932903999962,-2.1507100572223115,8.096567391776423,-0.13327250358756215,-0.058365512223538474,0.14549258822913552,True,2.504777312823609e-15,0.7860323007543172,-1.3750800365062184,stars__sp0.0100
training,locked_universal_candidate,3b,3,1.5194,2.98907637506174,5.134105511999998,2.1817257459664643,4.514506433999073,-0.8073506290952759,-0.6195990780009248,1.017702341433945,True,4.324172596470543e-15,0.7860323007543172,-1.3750800365062184,stars__sp0.0100
training,locked_universal_candidate,3c,3,1.5194,1.5634781039797112,3.965703875999982,2.1817257459664563,4.514506433999085,0.6182476419867451,0.5488025579991027,0.8266888135740854,True,2.0014830212433605e-15,0.7860323007543172,-1.3750800365062184,stars__sp0.0100
training,locked_universal_candidate,4a,4,1.5202,-3.4189158540684597,10.495438775999993,-3.536262835551932,10.210323928428663,-0.11734698148347222,-0.28511484757133054,0.30831929937794267,True,5.219229170424792e-14,0.481314300759464,-0.6517167966199306,stars__sp0.0100
training,locked_universal_candidate,4b,4,1.5202,3.486595771864287,3.41780230799999,3.7782363818899216,3.3934924590453828,0.2916406100256346,-0.024309848954607194,0.29265203599551476,True,1.2947314098277875e-15,0.481314300759464,-0.6517167966199306,stars__sp0.0100
training,locked_universal_candidate,5a,5,1.521,5.239793645663579,14.528709863999984,5.062955909681785,14.462085334758617,-0.17683773598179453,-0.0666245292413663,0.18897198936297555,True,3.1401849173675502e-15,3.828643531417255,2.3083808435860456,stars__sp0.0100
training,locked_universal_candidate,5b,5,1.521,13.2029839889991,1.9107456839999704,13.473238499743347,2.0055452667918163,0.2702545107442482,0.09479958279184597,0.2863991296689308,True,2.531698018113677e-14,3.828643531417255,2.3083808435860456,stars__sp0.0100
training,locked_universal_candidate,6a,6,3.0815,-9.90574798751465,17.874595907999986,-10.238525267880119,18.24428761056499,-0.3327772803654696,0.36969170256500306,0.497405944147081,True,8.379058453350832e-15,-1.8633982968211251,2.2755056458355405,stars__sp0.0100
training,locked_universal_candidate,6b,6,3.0815,0.8049590237318596,-5.299632900000001,0.789940426073487,-5.287690013524957,-0.015018597658372546,0.011942886475043935,0.019188298855809513,True,7.381104677948019e-15,-1.8633982968211251,2.2755056458355405,stars__sp0.0100
training,locked_universal_candidate,7a,7,3.427,-10.01842785083087,10.257536087999991,-9.433790509026297,10.625084982826388,0.5846373418045729,0.3675488948263972,0.6905744069399206,True,6.125373197167204e-15,-1.2018181858681587,-1.5256108807768536,stars__sp0.0100
training,locked_universal_candidate,7b,7,3.427,-7.485830922116288,-2.1700512000000174,-8.264512041163787,-2.0458116702566147,-0.7786811190474987,0.12423952974340269,0.7885301173144414,True,9.155133597044475e-16,-1.2018181858681587,-1.5256108807768536,stars__sp0.0100
heldout,locked_universal_candidate,1c,1,0.6786,0.456839445991538,-8.935221672000038,0.45603853811702755,-7.986092173044802,-0.0008009078745104259,0.9491294989552364,0.94912983687188,True,9.930136612989092e-16,-1.4198425570585902,-0.9757481943518651,stars__sp0.0100
heldout,locked_universal_candidate,2c,2,0.916,0.24443970348725166,-5.292556488000027,-0.1526712939166985,-4.488420857339365,-0.39711099740395017,0.804135630660662,0.8968451687761833,True,2.085919684541963e-15,-1.4753682602613178,0.9478722284561217,stars__sp0.0100
heldout,locked_universal_candidate,3d,3,1.5194,7.381071049134713,-15.531179832000019,8.020545048232181,-13.984892152903788,0.6394739990974685,1.5462876790962312,1.6732999079801918,True,4.931440214964236e-15,0.7860323007543172,-1.3750800365062184,stars__sp0.0100
heldout,locked_universal_candidate,4c,4,1.5202,6.864471675477358,-13.912761239999998,7.450621817242503,-12.527061939965904,0.5861501417651453,1.3856993000340943,1.504571214268796,True,2.286089127109703e-15,0.481314300759464,-0.6517167966199306,stars__sp0.0100
heldout,locked_universal_candidate,5c,5,1.521,13.970143058665721,-3.314626776000029,14.103357225395301,-0.7867364871337748,0.13321416672958009,2.5278902888662547,2.5313978997308526,True,1.5190188108682065e-14,3.828643531417255,2.3083808435860456,stars__sp0.0100
heldout,locked_universal_candidate,6c,6,3.0815,1.7125179231929197,-6.634811124000012,1.1426185097137695,-5.616272598514797,-0.5698994134791502,1.0185385254852148,1.167135840158066,True,1.8358671568380902e-14,-1.8633982968211251,2.2755056458355405,stars__sp0.0100
heldout,locked_universal_candidate,7c,7,3.427,3.7040355081620837,-19.321482528000033,4.86941228523481,-16.771224591224026,1.165376777072726,2.5502579367760063,2.803911299707861,True,9.155133597044475e-16,-1.2018181858681587,-1.5256108807768536,stars__sp0.0100
training,locked_universal_candidate,1a,1,0.6786,-5.748113029341908,4.227443603999998,-5.559704346504939,3.96873073260065,0.1884086828369682,-0.25871287139934784,0.32004715526943334,True,4.668220486087868e-15,-1.4363253063342658,-0.9900356305923672,stars__sp0.0200
training,locked_universal_candidate,1b,1,0.6786,-4.783674198960802,-0.969769187999997,-4.748503431827651,-1.2424339078167905,0.035170767133150704,-0.2726647198167935,0.274923684489905,True,1.1157603309187458e-15,-1.4363253063342658,-0.9900356305923672,stars__sp0.0200
training,locked_universal_candidate,2a,2,0.916,-6.776271782658472,11.277998675999983,-6.874777570395934,11.005530057868182,-0.09850578773746221,-0.2724686181318017,0.2897283867425343,True,1.4936523181711914e-15,-1.4970461269626305,0.9389046715493422,stars__sp0.0200
training,locked_universal_candidate,2b,2,0.916,-0.7772390574582798,-4.156659036000021,-0.6565664946961318,-4.044124254492169,0.120672562762148,0.11253478150785234,0.1650028619527692,True,8.08254562088053e-16,-1.4970461269626305,0.9389046715493422,stars__sp0.0200
training,locked_universal_candidate,3a,3,1.5194,-2.0174375536347493,8.154932903999962,-2.155964646658688,8.112252839912948,-0.13852709302393862,-0.04268006408701375,0.14495290053025686,True,2.673771110915334e-15,0.7745154983347364,-1.3894419184809959,stars__sp0.0200
training,locked_universal_candidate,3b,3,1.5194,2.98907637506174,5.134105511999998,2.1741764399461947,4.520796699693342,-0.8148999351155455,-0.6133088123066557,1.019906664114085,True,3.614624287906422e-15,0.7745154983347364,-1.3894419184809959,stars__sp0.0200
training,locked_universal_candidate,3c,3,1.5194,1.5634781039797112,3.965703875999982,2.174176439946187,4.520796699693352,0.6106983359664759,0.5550928236933701,0.825276014717562,True,2.220446049250313e-15,0.7745154983347364,-1.3894419184809959,stars__sp0.0200
training,locked_universal_candidate,4a,4,1.5202,-3.4189158540684597,10.495438775999993,-3.539731154159998,10.223627595062364,-0.12081530009153818,-0.2718111809376289,0.29745193698968725,True,2.71105914834912e-14,0.47203934111969315,-0.668294692504577,stars__sp0.0200
training,locked_universal_candidate,4b,4,1.5202,3.486595771864287,3.41780230799999,3.7674157972925255,3.4052296033500657,0.2808200254282385,-0.012572704649924216,0.2811013333012327,True,1.4602703977091186e-15,0.47203934111969315,-0.668294692504577,stars__sp0.0200
training,locked_universal_candidate,5a,5,1.521,5.239793645663579,14.528709863999984,5.060445917217513,14.488792751911728,-0.17934772844606606,-0.03991711208825599,0.18373617917065285,True,4.440892098500626e-16,3.837862062913581,2.3122659817920805,stars__sp0.0200
training,locked_universal_candidate,5b,5,1.521,13.2029839889991,1.9107456839999704,13.485279596485997,2.0157836755920804,0.28229560748689764,0.10503799159211002,0.3012039005127602,True,5.0746787337662996e-14,3.837862062913581,2.3122659817920805,stars__sp0.0200
training,locked_universal_candidate,6a,6,3.0815,-9.90574798751465,17.874595907999986,-10.295840507693201,18.29124742198532,-0.3900925201785519,0.41665151398533595,0.5707632244683661,True,1.152067043636937e-14,-1.8892021825952625,2.2676281113819,stars__sp0.0200
training,locked_universal_candidate,6b,6,3.0815,0.8049590237318596,-5.299632900000001,0.7904893241464964,-5.282093026966079,-0.01446969958536315,0.017539873033921793,0.02273805955082261,True,2.589462819655575e-15,-1.8892021825952625,2.2676281113819,stars__sp0.0200
training,locked_universal_candidate,7a,7,3.427,-10.01842785083087,10.257536087999991,-9.4514823109119,10.636273067901163,0.5669455399189705,0.3787369799011717,0.6818129840203055,True,3.9283700765566935e-15,-1.2182615896493723,-1.5547267353255014,stars__sp0.0200
training,locked_universal_candidate,7b,7,3.427,-7.485830922116288,-2.1700512000000174,-8.261509133285625,-2.019438133273726,-0.7756782111693363,0.1506130667262915,0.7901651619449948,True,1.616509124176106e-15,-1.2182615896493723,-1.5547267353255014,stars__sp0.0200
heldout,locked_universal_candidate,1c,1,0.6786,0.456839445991538,-8.935221672000038,0.4695859467189811,-8.010111078810674,0.0127465007274431,0.9251105931893644,0.9251984019181898,True,7.021666937153402e-16,-1.4363253063342658,-0.9900356305923672,stars__sp0.0200
heldout,locked_universal_candidate,2c,2,0.916,0.24443970348725166,-5.292556488000027,-0.14428250932588732,-4.499664039941344,-0.388722212813139,0.7928924480586836,0.8830534485085463,True,1.0235750533041806e-15,-1.4970461269626305,0.9389046715493422,stars__sp0.0200
heldout,locked_universal_candidate,3d,3,1.5194,7.381071049134713,-15.531179832000019,8.035211016428388,-14.016537131208706,0.6541399672936752,1.5146427007913132,1.6498610874468718,True,4.311326371230795e-15,0.7745154983347364,-1.3894419184809959,stars__sp0.0200
heldout,locked_universal_candidate,4c,4,1.5202,6.864471675477358,-13.912761239999998,7.4716691261663755,-12.563572682818021,0.6071974506890179,1.3491885571819768,1.4795264468585976,True,2.0014830212433605e-15,0.47203934111969315,-0.668294692504577,stars__sp0.0200
heldout,locked_universal_candidate,5c,5,1.521,13.970143058665721,-3.314626776000029,14.120176367577013,-0.7810787166150294,0.15003330891129174,2.5335480593849997,2.537986556898277,True,1.539011003185516e-14,3.837862062913581,2.3122659817920805,stars__sp0.0200
heldout,locked_universal_candidate,6c,6,3.0815,1.7125179231929197,-6.634811124000012,1.1568456566403447,-5.628105949010558,-0.5556722665525751,1.0067051749894542,1.1498812882929366,True,5.562871039096898e-14,-1.8892021825952625,2.2676281113819,stars__sp0.0200
heldout,locked_universal_candidate,7c,7,3.427,3.7040355081620837,-19.321482528000033,4.893393413061811,-16.833878328193766,1.1893579048997274,2.487604199806267,2.757307904612984,True,1.25014267696102e-13,-1.2182615896493723,-1.5547267353255014,stars__sp0.0200
training,locked_universal_candidate,1a,1,0.6786,-5.748113029341908,4.227443603999998,-5.5784495179098235,3.9967210555613866,0.16966351143208414,-0.23072254843861106,0.2863888989983239,True,9.155133597044475e-16,-1.4856241910735761,-1.0331153835881974,stars__sp0.0500
training,locked_universal_candidate,1b,1,0.6786,-4.783674198960802,-0.969769187999997,-4.751901294926841,-1.2203793461167185,0.031772904033960714,-0.2506101581167215,0.25261624805629473,True,9.930136612989092e-16,-1.4856241910735761,-1.0331153835881974,stars__sp0.0500
training,locked_universal_candidate,2a,2,0.916,-6.776271782658472,11.277998675999983,-6.964735849570044,11.095543865772262,-0.18846406691157203,-0.18245481022772125,0.2623136715691412,True,1.7763568394002505e-15,-1.5619768940888852,0.9120112929331707,stars__sp0.0500
training,locked_universal_candidate,2b,2,0.916,-0.7772390574582798,-4.156659036000021,-0.6668397711391564,-4.039443201511832,0.11039928631912344,0.11721583448818951,0.16102035360330827,True,3.736951989880919e-14,-1.5619768940888852,0.9120112929331707,stars__sp0.0500
training,locked_universal_candidate,3a,3,1.5194,-2.0174375536347493,8.154932903999962,-2.1713068266616724,8.158538043503958,-0.1538692730269231,0.003605139503996213,0.15391150123586306,True,2.220446049250313e-16,0.7402232649946034,-1.4328184991527093,stars__sp0.0500
training,locked_universal_candidate,3b,3,1.5194,2.98907637506174,5.134105511999998,2.1507928308134043,4.540609898508281,-0.8382835442483358,-0.5934956134917169,1.0271106774790442,True,6.661338147750939e-16,0.7402232649946034,-1.4328184991527093,stars__sp0.0500
training,locked_universal_candidate,3c,3,1.5194,1.5634781039797112,3.965703875999982,2.150792830813409,4.540609898508282,0.587314726833698,0.5749060225083,0.8218610120160558,True,1.5700924586837751e-15,0.7402232649946034,-1.4328184991527093,stars__sp0.0500
training,locked_universal_candidate,4a,4,1.5202,-3.4189158540684597,10.495438775999993,-3.5500320262132976,10.263043964731782,-0.13111617214483795,-0.23239481126821104,0.26683103062106966,True,1.788975501337269e-14,0.4444741291643345,-0.7183668389712243,stars__sp0.0500
training,locked_universal_candidate,4b,4,1.5202,3.486595771864287,3.41780230799999,3.734538853332571,3.4410620621420906,0.24794308146828392,0.023259754142100686,0.2490317004132989,True,2.482534153247273e-16,0.4444741291643345,-0.7183668389712243,stars__sp0.0500
training,locked_universal_candidate,5a,5,1.521,5.239793645663579,14.528709863999984,5.0541070754503865,14.568696240481877,-0.18568657021319268,0.039986376481893515,0.18994318271970348,True,8.042797661766892e-15,3.8663435160293425,2.3241908574670918,stars__sp0.0500
training,locked_universal_candidate,5b,5,1.521,13.2029839889991,1.9107456839999704,13.52170163539711,2.0478558853226834,0.31871764639801015,0.137110201322713,0.3469584203218621,True,3.580361673049448e-15,3.8663435160293425,2.3241908574670918,stars__sp0.0500
training,locked_universal_candidate,6a,6,3.0815,-9.90574798751465,17.874595907999986,-10.468254141146213,18.433580646836287,-0.5625061536315634,0.5589847388363012,0.7930177243449631,True,1.790180836524724e-15,-1.9663628384050578,2.244097542065143,stars__sp0.0500
training,locked_universal_candidate,6b,6,3.0815,0.8049590237318596,-5.299632900000001,0.7905411249808136,-5.261783976685029,-0.014417898751045932,0.03784892331497147,0.04050205921305734,True,2.5867958227384766e-14,-1.9663628384050578,2.244097542065143,stars__sp0.0500
training,locked_universal_candidate,7a,7,3.427,-10.01842785083087,10.257536087999991,-9.503948707194864,10.66866612276259,0.5144791436360059,0.41113003476259813,0.6585717081080337,True,5.912393666071813e-15,-1.2671100319932795,-1.642841285707052,stars__sp0.0500
training,locked_universal_candidate,7b,7,3.427,-7.485830922116288,-2.1700512000000174,-8.251959838670482,-1.9393231644936346,-0.7661289165541936,0.23072803550638277,0.8001180807537954,True,1.1102230246251565e-15,-1.2671100319932795,-1.642841285707052,stars__sp0.0500
heldout,locked_universal_candidate,1c,1,0.6786,0.456839445991538,-8.935221672000038,0.5105445560756563,-8.083139942519242,0.053705110084118324,0.8520817294807959,0.8537725180422074,True,9.42055475210265e-16,-1.4856241910735761,-1.0331153835881974,stars__sp0.0500
heldout,locked_universal_candidate,2c,2,0.916,0.24443970348725166,-5.292556488000027,-0.11834598294775878,-4.534202876681597,-0.3627856864350104,0.7583536113184302,0.840662627979754,True,9.930136612989092e-16,-1.5619768940888852,0.9120112929331707,stars__sp0.0500
heldout,locked_universal_candidate,3d,3,1.5194,7.381071049134713,-15.531179832000019,8.079288833987055,-14.112360936157708,0.6982177848523428,1.4188188958423105,1.5813143692142007,True,1.790180836524724e-15,0.7402232649946034,-1.4328184991527093,stars__sp0.0500
heldout,locked_universal_candidate,4c,4,1.5202,6.864471675477358,-13.912761239999998,7.534496538762629,-12.673932663716561,0.6700248632852714,1.2388285762834368,1.40841384501747,True,5.578801654593729e-15,0.4444741291643345,-0.7183668389712243,stars__sp0.0500
heldout,locked_universal_candidate,5c,5,1.521,13.970143058665721,-3.314626776000029,14.171264436209375,-0.7642289042465372,0.20112137754365378,2.550397871753492,2.558315678869556,True,1.1656813068944672e-14,3.8663435160293425,2.3241908574670918,stars__sp0.0500
heldout,locked_universal_candidate,6c,6,3.0815,1.7125179231929197,-6.634811124000012,1.1976958407426332,-5.661217269392644,-0.5148220824502865,0.9735938546073681,1.1013295466424582,True,2.7465400791133423e-15,-1.9663628384050578,2.244097542065143,stars__sp0.0500
heldout,locked_universal_candidate,7c,7,3.427,3.7040355081620837,-19.321482528000033,4.965281715234543,-17.023763041818658,1.261246207072459,2.297719486181375,2.6211174777243897,True,7.656515266048676e-15,-1.2671100319932795,-1.642841285707052,stars__sp0.0500
training,locked_universal_candidate,1a,1,0.6786,-5.748113029341908,4.227443603999998,-5.538461590379884,3.9400404418644235,0.2096514389620232,-0.28740316213557415,0.3557447167061994,True,1.1024240709028996e-14,-1.4579681759401033,-0.9007791468880266,gas__sm0.0200
training,locked_universal_candidate,1b,1,0.6786,-4.783674198960802,-0.969769187999997,-4.747110086026622,-1.2644111544738008,0.036564112934179605,-0.2946419664738038,0.2969020423678718,True,5.978733960281817e-16,-1.4579681759401033,-0.9007791468880266,gas__sm0.0200
training,locked_universal_candidate,2a,2,0.916,-6.776271782658472,11.277998675999983,-6.774446794956836,10.916869617071972,0.0018249877016360827,-0.36112905892801095,0.36113367024183984,True,1.4656625984618587e-14,-1.5113190846736262,1.0139493287246972,gas__sm0.0200
training,locked_universal_candidate,2b,2,0.916,-0.7772390574582798,-4.156659036000021,-0.6498478455975616,-4.050550091546333,0.12739121186071822,0.10610894445368846,0.165793935210002,True,6.661338147750939e-16,-1.5113190846736262,1.0139493287246972,gas__sm0.0200
training,locked_universal_candidate,3a,3,1.5194,-2.0174375536347493,8.154932903999962,-2.137834685374384,8.062844672398152,-0.12039713173963484,-0.09208823160181012,0.15157741167693692,True,2.38374992562561e-15,0.7121021140703044,-1.2926387256211356,gas__sm0.0200
training,locked_universal_candidate,3b,3,1.5194,2.98907637506174,5.134105511999998,2.1970561301471383,4.5006074410241865,-0.7920202449146019,-0.6334980709758113,1.0142070174696387,True,4.0191453579229937e-14,0.7121021140703044,-1.2926387256211356,gas__sm0.0200
training,locked_universal_candidate,3c,3,1.5194,1.5634781039797112,3.965703875999982,2.1970561301470872,4.500607441024306,0.633578026167376,0.5349035650243246,0.8291820904468933,True,1.976695897494813e-15,0.7121021140703044,-1.2926387256211356,gas__sm0.0200
training,locked_universal_candidate,4a,4,1.5202,-3.4189158540684597,10.495438775999993,-3.5264925259680595,10.183482534141397,-0.10757667189959985,-0.3119562418585957,0.32998399532633826,True,1.4181807441651215e-13,0.4029034313633185,-0.5653376299741224,gas__sm0.0200
training,locked_universal_candidate,4b,4,1.5202,3.486595771864287,3.41780230799999,3.7992476723114343,3.3667599893581746,0.3126519004471473,-0.05104231864181541,0.31679098652825577,True,1.6504651808933464e-15,0.4029034313633185,-0.5653376299741224,gas__sm0.0200
training,locked_universal_candidate,5a,5,1.521,5.239793645663579,14.528709863999984,5.079670764380229,14.396535088253835,-0.16012288128335062,-0.1321747757461491,0.2076282939630984,True,4.189529226675416e-15,3.7065446302277256,2.338923583641783,gas__sm0.0200
training,locked_universal_candidate,5b,5,1.521,13.2029839889991,1.9107456839999704,13.428195734682228,1.974887017008809,0.2252117456831293,0.06414133300883873,0.23416754897678127,True,9.930136612989092e-16,3.7065446302277256,2.338923583641783,gas__sm0.0200
training,locked_universal_candidate,6a,6,3.0815,-9.90574798751465,17.874595907999986,-10.104626166435105,18.160824487376892,-0.1988781789204559,0.2862285793769068,0.3485388496320591,True,6.694561985512475e-15,-1.9075550767351672,2.3481955891810116,gas__sm0.0200
training,locked_universal_candidate,6b,6,3.0815,0.8049590237318596,-5.299632900000001,0.7854013379259206,-5.304136505874822,-0.019557685805938974,-0.004503605874821126,0.02006951768128846,True,3.315238236083758e-14,-1.9075550767351672,2.3481955891810116,gas__sm0.0200
training,locked_universal_candidate,7a,7,3.427,-10.01842785083087,10.257536087999991,-9.390446879964097,10.60655575743613,0.6279809708667727,0.3490196694361387,0.7184530808786932,True,6.280369834735101e-16,-1.267659699586829,-1.404748791373716,gas__sm0.0200
training,locked_universal_candidate,7b,7,3.427,-7.485830922116288,-2.1700512000000174,-8.281992735070709,-2.094683340591274,-0.7961618129544208,0.07536785940874324,0.7997211680571712,True,1.3506446028928519e-15,-1.267659699586829,-1.404748791373716,gas__sm0.0200
heldout,locked_universal_candidate,1c,1,0.6786,0.456839445991538,-8.935221672000038,0.41384655448330177,-7.92056107469004,-0.04299289150823621,1.014660597309998,1.0155710297432283,True,4.965068306494546e-16,-1.4579681759401033,-0.9007791468880266,gas__sm0.0200
heldout,locked_universal_candidate,2c,2,0.916,0.24443970348725166,-5.292556488000027,-0.18431332589715477,-4.457320960437732,-0.4287530293844064,0.8352355275622951,0.9388543799272447,True,1.1322097734007351e-15,-1.5113190846736262,1.0139493287246972,gas__sm0.0200
heldout,locked_universal_candidate,3d,3,1.5194,7.381071049134713,-15.531179832000019,7.948624215238479,-13.887260133989109,0.5675531661037665,1.6439196980109099,1.739134431222236,True,8.722849276405927e-15,0.7121021140703044,-1.2926387256211356,gas__sm0.0200
heldout,locked_universal_candidate,4c,4,1.5202,6.864471675477358,-13.912761239999998,7.367496651706854,-12.423499649157147,0.5030249762294963,1.489261590842851,1.571920549096062,True,4.951395542680039e-15,0.4029034313633185,-0.5653376299741224,gas__sm0.0200
heldout,locked_universal_candidate,5c,5,1.521,13.970143058665721,-3.314626776000029,14.039615243535195,-0.7988046544257531,0.06947218486947371,2.515822121574276,2.516781145009043,True,1.270126194981022e-14,3.7065446302277256,2.338923583641783,gas__sm0.0200
heldout,locked_universal_candidate,6c,6,3.0815,1.7125179231929197,-6.634811124000012,1.0892551984095622,-5.5774720214530715,-0.6232627247833575,1.0573391025469405,1.227364005451987,True,2.709035180444179e-14,-1.9075550767351672,2.3481955891810116,gas__sm0.0200
heldout,locked_universal_candidate,7c,7,3.427,3.7040355081620837,-19.321482528000033,4.78034604253134,-16.596924458564207,1.0763105343692563,2.724558069435826,2.929447224327844,True,4.572178254219406e-15,-1.267659699586829,-1.404748791373716,gas__sm0.0200
training,locked_universal_candidate,1a,1,0.6786,-5.748113029341908,4.227443603999998,-5.542774123362742,3.9448313786105933,0.2053389059791657,-0.28261222538940434,0.34933327389224195,True,8.739084413524635e-15,-1.43065557896777,-0.9311326478196749,gas__sm0.0100
training,locked_universal_candidate,1b,1,0.6786,-4.783674198960802,-0.969769187999997,-4.746689808988711,-1.260555690715788,0.036984389972091414,-0.290786502715791,0.29312904199906303,True,4.965068306494546e-16,-1.43065557896777,-0.9311326478196749,gas__sm0.0100
training,locked_universal_candidate,2a,2,0.916,-6.776271782658472,11.277998675999983,-6.7948329190010375,10.931571243465491,-0.01856113634256573,-0.34642743253449204,0.3469243170992304,True,9.163880649108517e-15,-1.482501560352998,0.9853962521027976,gas__sm0.0100
training,locked_universal_candidate,2b,2,0.916,-0.7772390574582798,-4.156659036000021,-0.6499540632480277,-4.048557610141107,0.12728499421025208,0.10810142585891391,0.16699517365431304,True,1.2412670766236366e-15,-1.482501560352998,0.9853962521027976,gas__sm0.0100
training,locked_universal_candidate,3a,3,1.5194,-2.0174375536347493,8.154932903999962,-2.141620626980822,8.071821100790764,-0.1241830733460727,-0.08311180320919753,0.14942893808884694,True,1.4217791915866692e-15,0.75483917820429,-1.3266947734902483,gas__sm0.0100
training,locked_universal_candidate,3b,3,1.5194,2.98907637506174,5.134105511999998,2.1931263442586926,4.5044665315585934,-0.7959500308030476,-0.6296389804414044,1.0148801393399438,True,3.080103644589609e-14,0.75483917820429,-1.3266947734902483,gas__sm0.0100
training,locked_universal_candidate,3c,3,1.5194,1.5634781039797112,3.965703875999982,2.193126344258652,4.50446653155868,0.629648240278941,0.5387626555586977,0.8286869767958387,True,7.021666937153402e-16,0.75483917820429,-1.3266947734902483,gas__sm0.0100
training,locked_universal_candidate,4a,4,1.5202,-3.4189158540684597,10.495438775999993,-3.5296359904497807,10.190210763730118,-0.11072013638132105,-0.3052280122698754,0.32468921767517556,True,2.1699748528381397e-14,0.44675997915940774,-0.6002591532143751,gas__sm0.0100
training,locked_universal_candidate,4b,4,1.5202,3.486595771864287,3.41780230799999,3.7941283845035416,3.374299385921685,0.3075326126392546,-0.04350292207830497,0.31059428852777843,True,1.3426356273935429e-15,0.44675997915940774,-0.6002591532143751,gas__sm0.0100
training,locked_universal_candidate,5a,5,1.521,5.239793645663579,14.528709863999984,5.072587285043225,14.416001590132636,-0.1672063606203542,-0.11270827386734794,0.20164603152569366,True,4.440892098500626e-15,3.7630189592332757,2.32171120778984,gas__sm0.0100
training,locked_universal_candidate,5b,5,1.521,13.2029839889991,1.9107456839999704,13.444748913724041,1.9850464595608408,0.24176492472494182,0.07430077556087045,0.25292466086999826,True,3.233018248352212e-15,3.7630189592332757,2.32171120778984,gas__sm0.0100
training,locked_universal_candidate,6a,6,3.0815,-9.90574798751465,17.874595907999986,-10.143010955762763,18.179154573103297,-0.237262968248114,0.3045586651033112,0.38606954890461953,True,9.336440972175736e-15,-1.8725652200615817,2.3157988174206863,gas__sm0.0100
training,locked_universal_candidate,6b,6,3.0815,0.8049590237318596,-5.299632900000001,0.7873782766499929,-5.298578574808499,-0.017580747081866632,0.001054325191502059,0.017612332882556984,True,3.820199830714189e-15,-1.8725652200615817,2.3157988174206863,gas__sm0.0100
training,locked_universal_candidate,7a,7,3.427,-10.01842785083087,10.257536087999991,-9.403274708700874,10.610209217190837,0.6151531421299961,0.3526731291908458,0.7090780805564858,True,2.220446049250313e-15,-1.2264848682081753,-1.4506650993827463,gas__sm0.0100
training,locked_universal_candidate,7b,7,3.427,-7.485830922116288,-2.1700512000000174,-8.27467052120027,-2.08335399489279,-0.7888395990839809,0.08669720510722723,0.7935895150872272,True,2.2644195468014703e-15,-1.2264848682081753,-1.4506650993827463,gas__sm0.0100
heldout,locked_universal_candidate,1c,1,0.6786,0.456839445991538,-8.935221672000038,0.4281493380730857,-7.941282345934259,-0.02869010791845228,0.993939326065779,0.9943533105453349,True,1.616509124176106e-15,-1.43065557896777,-0.9311326478196749,gas__sm0.0100
heldout,locked_universal_candidate,2c,2,0.916,0.24443970348725166,-5.292556488000027,-0.17297033328209557,-4.466922894721087,-0.41741003676934724,0.8256335932789405,0.9251497009384387,True,2.2452871135843694e-15,-1.482501560352998,0.9853962521027976,gas__sm0.0100
heldout,locked_universal_candidate,3d,3,1.5194,7.381071049134713,-15.531179832000019,7.977264857096279,-13.920261950819436,0.5961938079615665,1.6109178811805833,1.7177029651715263,True,3.0201331455116262e-15,0.75483917820429,-1.3266947734902483,gas__sm0.0100
heldout,locked_universal_candidate,4c,4,1.5202,6.864471675477358,-13.912761239999998,7.39851826410283,-12.457017706873115,0.5340465886254728,1.455743533126883,1.5506111675927159,True,3.12099075402874e-15,0.44675997915940774,-0.6002591532143751,gas__sm0.0100
heldout,locked_universal_candidate,5c,5,1.521,13.970143058665721,-3.314626776000029,14.063092892878984,-0.7954675660513016,0.09294983421326286,2.5191592099487274,2.520873419422278,True,1.1949218545369531e-14,3.7630189592332757,2.32171120778984,gas__sm0.0100
heldout,locked_universal_candidate,6c,6,3.0815,1.7125179231929197,-6.634811124000012,1.1102499986154157,-5.592325308816721,-0.602267924577504,1.0424858151832908,1.2039532083238387,True,3.4684476073050936e-15,-1.8725652200615817,2.3157988174206863,gas__sm0.0100
heldout,locked_universal_candidate,7c,7,3.427,3.7040355081620837,-19.321482528000033,4.812825915249114,-16.652662337903017,1.1087904070870302,2.6688201900970157,2.8899857047946957,True,2.8435583831733384e-15,-1.2264848682081753,-1.4506650993827463,gas__sm0.0100
training,locked_universal_candidate,1a,1,0.6786,-5.748113029341908,4.227443603999998,-5.544926090334243,3.9472163178439024,0.20318693900766416,-0.28022728615609527,0.34613908200276133,True,1.0695660671912268e-14,-1.4169963212258754,-0.9463133833524465,gas__sm0.0050
training,locked_universal_candidate,1b,1,0.6786,-4.783674198960802,-0.969769187999997,-4.746481152337653,-1.2586186715948724,0.03719304662314915,-0.2888494835948754,0.2912341787808188,True,1.1102230246251565e-16,-1.4169963212258754,-0.9463133833524465,gas__sm0.0050
training,locked_universal_candidate,2a,2,0.916,-6.776271782658472,11.277998675999983,-6.805015218425824,10.93892994387221,-0.028743435767352388,-0.3390687321277728,0.34028486626126536,True,7.411934057832477e-15,-1.4680891342697446,0.971119222248905,gas__sm0.0050
training,locked_universal_candidate,2b,2,0.916,-0.7772390574582798,-4.156659036000021,-0.650020471347257,-4.047537552190347,0.12721858611102277,0.10912148380967412,0.16760688196166854,True,1.2412670766236366e-15,-1.4680891342697446,0.971119222248905,gas__sm0.0050
training,locked_universal_candidate,3a,3,1.5194,-2.0174375536347493,8.154932903999962,-2.143501472937802,8.076284538259419,-0.1260639193030526,-0.07864836574054301,0.14858558874838698,True,8.671119018262734e-16,0.7762134922570859,-1.3437284704578023,gas__sm0.0050
training,locked_universal_candidate,3b,3,1.5194,2.98907637506174,5.134105511999998,2.1911465630385405,4.50641307121537,-0.7979298120231997,-0.627692440784628,1.0152289323761132,True,2.503423678371605e-14,0.7762134922570859,-1.3437284704578023,gas__sm0.0050
training,locked_universal_candidate,3c,3,1.5194,1.5634781039797112,3.965703875999982,2.191146563038511,4.506413071215442,0.6276684590588,0.5407091952154599,0.8284528521815824,True,2.1897020778056687e-15,0.7762134922570859,-1.3437284704578023,gas__sm0.0050
training,locked_universal_candidate,4a,4,1.5202,-3.4189158540684597,10.495438775999993,-3.5311997227229703,10.193559652066263,-0.11228386865451068,-0.3018791239337304,0.322084884195176,True,7.05455881929862e-14,0.4686943070218024,-0.6177255104147048,gas__sm0.0050
training,locked_universal_candidate,4b,4,1.5202,3.486595771864287,3.41780230799999,3.791558568278636,3.378075740074961,0.30496279641434887,-0.039726567925029155,0.3075394403909221,True,1.3334236103572998e-15,0.4686943070218024,-0.6177255104147048,gas__sm0.0050
training,locked_universal_candidate,5a,5,1.521,5.239793645663579,14.528709863999984,5.069086834416161,14.425731882859285,-0.1707068112474186,-0.10297798114069856,0.19936218298884037,True,1.831026719408895e-15,3.7912814510522246,2.313120479643708,gas__sm0.0050
training,locked_universal_candidate,5b,5,1.521,13.2029839889991,1.9107456839999704,13.453007075903592,1.990215931135281,0.25002308690449304,0.07947024713531059,0.26234912648034303,True,4.440892098500626e-15,3.7912814510522246,2.313120479643708,gas__sm0.0050
training,locked_universal_candidate,6a,6,3.0815,-9.90574798751465,17.874595907999986,-10.162163611452083,18.18835053974494,-0.2564156239374338,0.31375463174495266,0.4052048138172032,True,3.6955587428207345e-15,-1.8550626501040475,2.2995999457057086,gas__sm0.0050
training,locked_universal_candidate,6b,6,3.0815,0.8049590237318596,-5.299632900000001,0.7883947513012,-5.295776970284783,-0.01656427243065961,0.003855929715217421,0.017007154821598078,True,6.280369834735101e-16,-1.8550626501040475,2.2995999457057086,gas__sm0.0050
training,locked_universal_candidate,7a,7,3.427,-10.01842785083087,10.257536087999991,-9.409670044328411,10.612017958457317,0.6087578065024584,0.3544818704573256,0.704445500702935,True,2.4525628233156873e-15,-1.2058914562688032,-1.473638906856089,gas__sm0.0050
training,locked_universal_candidate,7b,7,3.427,-7.485830922116288,-2.1700512000000174,-8.271046100212128,-2.0776914300545615,-0.7852151780958403,0.09235976994545592,0.7906283596080144,True,2.286089127109703e-15,-1.2058914562688032,-1.473638906856089,gas__sm0.0050
heldout,locked_universal_candidate,1c,1,0.6786,0.456839445991538,-8.935221672000038,0.4353235619506096,-7.951703231590797,-0.021515884040928357,0.9835184404092407,0.9837537577519528,True,1.9389211565826713e-15,-1.4169963212258754,-0.9463133833524465,gas__sm0.0050
heldout,locked_universal_candidate,2c,2,0.916,0.24443970348725166,-5.292556488000027,-0.16731332409849495,-4.471719911642245,-0.4117530275857466,0.8208365763577827,0.918320881180862,True,1.2144134856851556e-14,-1.4680891342697446,0.971119222248905,gas__sm0.0050
heldout,locked_universal_candidate,3d,3,1.5194,7.381071049134713,-15.531179832000019,7.991581843425488,-13.936815925534697,0.610510794290775,1.594363906465322,1.7072550179117691,True,6.753223014464259e-16,0.7762134922570859,-1.3437284704578023,gas__sm0.0050
heldout,locked_universal_candidate,4c,4,1.5202,6.864471675477358,-13.912761239999998,7.414019921530485,-12.47382773992611,0.5495482460531278,1.4389335000738885,1.5403028573546698,True,4.2308820918471275e-15,0.4686943070218024,-0.6177255104147048,gas__sm0.0050
heldout,locked_universal_candidate,5c,5,1.521,13.970143058665721,-3.314626776000029,14.074858271509848,-0.7939050533039069,0.10471521284412688,2.5207217226961225,2.52289581217162,True,1.554312234475219e-14,3.7912814510522246,2.313120479643708,gas__sm0.0050
heldout,locked_universal_candidate,6c,6,3.0815,1.7125179231929197,-6.634811124000012,1.120337964603109,-5.599419831046152,-0.5921799585898107,1.03539129295386,1.192775013521031,True,1.1957467920563633e-15,-1.8550626501040475,2.2995999457057086,gas__sm0.0050
heldout,locked_universal_candidate,7c,7,3.427,3.7040355081620837,-19.321482528000033,4.829101349026512,-16.680699124825363,1.1250658408644285,2.6407834031746695,2.8704546902473087,True,1.1322097734007351e-15,-1.2058914562688032,-1.473638906856089,gas__sm0.0050
training,locked_universal_candidate,1a,1,0.6786,-5.748113029341908,4.227443603999998,-5.548148634008528,3.9507805795622777,0.19996439533337984,-0.27666302443771995,0.3413622540528912,True,4.4242074104630714e-15,-1.3965037280150496,-0.9690894768736753,gas__sp0.0025
training,locked_universal_candidate,1b,1,0.6786,-4.783674198960802,-0.969769187999997,-4.746170004712909,-1.2557015469386297,0.03750419424789264,-0.28593235893863267,0.28838148081039244,True,6.661338147750939e-16,-1.3965037280150496,-0.9690894768736753,gas__sp0.0025
training,locked_universal_candidate,2a,2,0.916,-6.776271782658472,11.277998675999983,-6.820275105771443,10.949977694768096,-0.04400332311297106,-0.3280209812318873,0.33095929745712643,True,4.976227170553342e-15,-1.4464658271880375,0.9497029991130287,gas__sp0.0025
training,locked_universal_candidate,2b,2,0.916,-0.7772390574582798,-4.156659036000021,-0.6501364589917914,-4.0459776249639345,0.12710259846648841,0.11068141103608653,0.16853915060267902,True,2.1556631856153973e-15,-1.4464658271880375,0.9497029991130287,gas__sp0.0025
training,locked_universal_candidate,3a,3,1.5194,-2.0174375536347493,8.154932903999962,-2.1463074835797014,8.082948816476115,-0.12886992994495206,-0.07198408752384644,0.1476115432500373,True,6.280369834735101e-16,0.8082821981327823,-1.3692861214133987,gas__sp0.0025
training,locked_universal_candidate,3b,3,1.5194,2.98907637506174,5.134105511999998,2.1881706434168207,4.509354582096642,-0.8009057316449195,-0.6247509299033558,1.0157577050639546,True,2.0471501066083613e-15,0.8082821981327823,-1.3692861214133987,gas__sp0.0025
training,locked_universal_candidate,3c,3,1.5194,1.5634781039797112,3.965703875999982,2.188170643416803,4.509354582096644,0.6246925394370917,0.543650706096662,0.8281285281088687,True,6.1854469444995704e-15,0.8082821981327823,-1.3692861214133987,gas__sp0.0025
training,locked_universal_candidate,4a,4,1.5202,-3.4189158540684597,10.495438775999993,-3.533535292834078,10.198564017522438,-0.11461943876561831,-0.2968747584775553,0.3182329932047463,True,7.372432630330412e-14,0.5016033515360371,-0.643932025289104,gas__sp0.0025
training,locked_universal_candidate,4b,4,1.5202,3.486595771864287,3.41780230799999,3.7877071228663586,3.383753583321295,0.30111135100207154,-0.03404872467869513,0.3030302977501397,True,1.5463617361248926e-15,0.5016033515360371,-0.643932025289104,gas__sp0.0025
training,locked_universal_candidate,5a,5,1.521,5.239793645663579,14.528709863999984,5.06388791814932,14.440323357284708,-0.17590572751425881,-0.08838650671527581,0.19686289528920925,True,4.440892098500626e-15,3.833706960781379,2.3002536874833766,gas__sp0.0025
training,locked_universal_candidate,5b,5,1.521,13.2029839889991,1.9107456839999704,13.465364726396968,1.998230773995398,0.26238073739786927,0.08748508999542759,0.2765814388728168,True,1.3440578383968888e-14,3.833706960781379,2.3002536874833766,gas__sp0.0025
training,locked_universal_candidate,6a,6,3.0815,-9.90574798751465,17.874595907999986,-10.190842523213396,18.20218161618034,-0.28509453569874665,0.3275857081803544,0.43427098739071696,True,1.1957467920563633e-15,-1.8287990926573674,2.275300877259679,gas__sp0.0025
training,locked_universal_candidate,6b,6,3.0815,0.8049590237318596,-5.299632900000001,0.7899506142632687,-5.291542858313478,-0.015008409468590833,0.00809004168652283,0.017049959802491153,True,6.694561985512475e-15,-1.8287990926573674,2.275300877259679,gas__sp0.0025
training,locked_universal_candidate,7a,7,3.427,-10.01842785083087,10.257536087999991,-9.419239798883266,10.61470862826261,0.5991880519476034,0.3571725402626189,0.6975661582347699,True,1.1957467920563633e-15,-1.1749938468536925,-1.5081191548987456,gas__sp0.0025
training,locked_universal_candidate,7b,7,3.427,-7.485830922116288,-2.1700512000000174,-8.26561927216445,-2.0691782217423396,-0.7797883500481619,0.10087297825767783,0.7862857169079245,True,9.155133597044475e-16,-1.1749938468536925,-1.5081191548987456,gas__sp0.0025
heldout,locked_universal_candidate,1c,1,0.6786,0.456839445991538,-8.935221672000038,0.4460863330102136,-7.967351191753212,-0.010753112981324364,0.9678704802468259,0.9679302123459163,True,1.616509124176106e-15,-1.3965037280150496,-0.9690894768736753,gas__sp0.0025
heldout,locked_universal_candidate,2c,2,0.916,0.24443970348725166,-5.292556488000027,-0.1581402950530685,-4.479667835238714,-0.40257999854032017,0.8128886527613135,0.9071155477737263,True,3.967397163063965e-15,-1.4464658271880375,0.9497029991130287,gas__sp0.0025
heldout,locked_universal_candidate,3d,3,1.5194,7.381071049134713,-15.531179832000019,8.013053437433053,-13.96171320043233,0.63198238829834,1.569466631567689,1.6919300360014011,True,2.3914935841127266e-15,0.8082821981327823,-1.3692861214133987,gas__sp0.0025
heldout,locked_universal_candidate,4c,4,1.5202,6.864471675477358,-13.912761239999998,7.437288835241901,-12.499160686385004,0.5728171597645435,1.4136005536149945,1.5252494955584601,True,1.0532500405730103e-15,0.5016033515360371,-0.643932025289104,gas__sp0.0025
heldout,locked_universal_candidate,5c,5,1.521,13.970143058665721,-3.314626776000029,14.09254021376612,-0.7916941099105463,0.1223971551003995,2.522932666089483,2.5258998992830377,True,1.432144669219779e-14,3.833706960781379,2.3002536874833766,gas__sp0.0025
heldout,locked_universal_candidate,6c,6,3.0815,1.7125179231929197,-6.634811124000012,1.1350919502778622,-5.609767588277211,-0.5774259729150575,1.0250435357228014,1.1764926707481025,True,2.710399819191012e-15,-1.8287990926573674,2.275300877259679,gas__sp0.0025
heldout,locked_universal_candidate,7c,7,3.427,3.7040355081620837,-19.321482528000033,4.853506726532801,-16.72285879095075,1.1494712183707176,2.5986237370492837,2.8415012596545943,True,7.095011382261188e-15,-1.1749938468536925,-1.5081191548987456,gas__sp0.0025
training,locked_universal_candidate,1a,1,0.6786,-5.748113029341908,4.227443603999998,-5.549221367714158,3.9519651634080106,0.19889166162774963,-0.275478440591987,0.3397738428661632,True,5.7742271515097e-15,-1.389671873866428,-0.9766828403302578,gas__sp0.0050
training,locked_universal_candidate,1b,1,0.6786,-4.783674198960802,-0.969769187999997,-4.746066776136899,-1.2547260821529422,0.03760742282390339,-0.28495689415294523,0.28742781663706224,True,3.3306690738754696e-16,-1.389671873866428,-0.9766828403302578,gas__sp0.0050
training,locked_universal_candidate,2a,2,0.916,-6.776271782658472,11.277998675999983,-6.825358098975075,10.95366283672075,-0.049086316316603096,-0.32433583927923415,0.3280292716976624,True,4.324172596470543e-15,-1.4392567976527244,0.9425640656771289,gas__sp0.0050
training,locked_universal_candidate,2b,2,0.916,-0.7772390574582798,-4.156659036000021,-0.6501794440682434,-4.045449679828908,0.12705961339003646,0.11120935617111272,0.16885397909086697,True,1.4602703977091186e-15,-1.4392567976527244,0.9425640656771289,gas__sp0.0050
training,locked_universal_candidate,3a,3,1.5194,-2.0174375536347493,8.154932903999962,-2.147238733670286,8.085162024613293,-0.12980118003553676,-0.06977087938666848,0.1473645885177537,True,1.7798229048217483e-15,0.8189736972903591,-1.3778072356800024,gas__sp0.0050
training,locked_universal_candidate,3b,3,1.5194,2.98907637506174,5.134105511999998,2.1871827290319366,4.510341063400327,-0.8018936460298036,-0.6237644485996707,1.0159308573322416,True,2.914203267236168e-15,0.8189736972903591,-1.3778072356800024,gas__sp0.0050
training,locked_universal_candidate,3c,3,1.5194,1.5634781039797112,3.965703875999982,2.1871827290319352,4.510341063400316,0.623704625052224,0.5446371874003337,0.8280320798199075,True,6.1704833383259285e-15,0.8189736972903591,-1.3778072356800024,gas__sp0.0050
training,locked_universal_candidate,4a,4,1.5202,-3.4189158540684597,10.495438775999993,-3.5343111370840488,10.20022709311596,-0.1153952830155891,-0.2952116828840339,0.31696373460298466,True,7.305782100964283e-14,0.5125750444619643,-0.6526693885788976,gas__sp0.0050
training,locked_universal_candidate,4b,4,1.5202,3.486595771864287,3.41780230799999,3.786423163204802,3.3856494145912785,0.29982739134051517,-0.032152893408711414,0.3015464693088121,True,1.336885555457667e-15,0.5125750444619643,-0.6526693885788976,gas__sp0.0050
training,locked_universal_candidate,5a,5,1.521,5.239793645663579,14.528709863999984,5.0621687746470245,14.44518607732597,-0.17762487101655466,-0.08352378667401439,0.1962824947467653,True,8.881784197001252e-16,3.847857289773653,2.2959698988970967,gas__sp0.0050
training,locked_universal_candidate,5b,5,1.521,13.2029839889991,1.9107456839999704,13.469476826701046,2.0009463619030776,0.26649283770194643,0.09020067790310726,0.2813442639198746,True,2.1431618279190542e-14,3.847857289773653,2.2959698988970967,gas__sp0.0050
training,locked_universal_candidate,6a,6,3.0815,-9.90574798751465,17.874595907999986,-10.200388832047285,18.2068017934994,-0.29464084453263517,0.3322058854994161,0.4440427655388112,True,9.780050345373876e-15,-1.8200419592654762,2.2672009572136647,gas__sp0.0050
training,locked_universal_candidate,6b,6,3.0815,0.8049590237318596,-5.299632900000001,0.7904769692698062,-5.290122510912307,-0.014482054462053418,0.009510389087693305,0.017325628474638293,True,5.4025784115714076e-15,-1.8200419592654762,2.2672009572136647,gas__sp0.0050
training,locked_universal_candidate,7a,7,3.427,-10.01842785083087,10.257536087999991,-9.42242351301791,10.615599541417627,0.5960043378129605,0.35806345341763546,0.6952917426269556,True,4.082240392577815e-15,-1.164692646709964,-1.5196177753336515,gas__sp0.0050
training,locked_universal_candidate,7b,7,3.427,-7.485830922116288,-2.1700512000000174,-8.263812639540628,-2.066335172843551,-0.77798171742434,0.10371602715646633,0.7848646806524335,True,1.1322097734007351e-15,-1.164692646709964,-1.5196177753336515,gas__sp0.0050
heldout,locked_universal_candidate,1c,1,0.6786,0.456839445991538,-8.935221672000038,0.44967432926223827,-7.972571640406473,-0.007165116729299703,0.9626500315935651,0.9626766966250073,True,1.2994827337208943e-15,-1.389671873866428,-0.9766828403302578,gas__sp0.0050
heldout,locked_universal_candidate,2c,2,0.916,0.24443970348725166,-5.292556488000027,-0.1551099569628512,-4.482293049462601,-0.3995496604501029,0.8102634385374259,0.9034194878329145,True,3.37661150723213e-15,-1.4392567976527244,0.9425640656771289,gas__sp0.0050
heldout,locked_universal_candidate,3d,3,1.5194,7.381071049134713,-15.531179832000019,8.020209649303727,-13.970029971780908,0.639138600169014,1.5611498602191105,1.6869164283651266,True,2.7577367830154345e-15,0.8189736972903591,-1.3778072356800024,gas__sp0.0050
heldout,locked_universal_candidate,4c,4,1.5202,6.864471675477358,-13.912761239999998,7.445059022113572,-12.507655670771213,0.5805873466362144,1.4051055692287857,1.5203300061999137,True,2.8108601893111292e-15,0.5125750444619643,-0.6526693885788976,gas__sp0.0050
heldout,locked_universal_candidate,5c,5,1.521,13.970143058665721,-3.314626776000029,14.098443352188278,-0.7909926052922442,0.12830029352255679,2.523634170707785,2.5268934272901076,True,1.0367366991496098e-14,3.847857289773653,2.2959698988970967,gas__sp0.0050
heldout,locked_universal_candidate,6c,6,3.0815,1.7125179231929197,-6.634811124000012,1.1399397597446452,-5.613168369056395,-0.5725781634482745,1.021642754943617,1.1711531377179425,True,3.793325183700577e-14,-1.8200419592654762,2.2672009572136647,gas__sp0.0050
heldout,locked_universal_candidate,7c,7,3.427,3.7040355081620837,-19.321482528000033,4.861639862811018,-16.736939980623887,1.1576043546489339,2.584542547376145,2.8319442122153022,True,3.1401849173675503e-16,-1.164692646709964,-1.5196177753336515,gas__sp0.0050
training,locked_universal_candidate,1a,1,0.6786,-5.748113029341908,4.227443603999998,-5.551364655338781,3.954329079726418,0.1967483740031266,-0.27311452427357974,0.33660283130428054,True,4.637756528637165e-15,-1.3760066789975474,-0.9918715679768227,gas__sp0.0100
training,locked_universal_candidate,1b,1,0.6786,-4.783674198960802,-0.969769187999997,-4.745861045947369,-1.252770521309286,0.03781315301343291,-0.2830013333092889,0.2855163553908121,True,8.95090418262362e-16,-1.3760066789975474,-0.9918715679768227,gas__sp0.0100
training,locked_universal_candidate,2a,2,0.916,-6.776271782658472,11.277998675999983,-6.835518602193859,10.961036915238974,-0.05924681953538702,-0.3169617607610089,0.3224514589977502,True,2.3603665272841412e-15,-1.4248368241589624,0.9282858928229614,gas__sp0.0100
training,locked_universal_candidate,2b,2,0.916,-0.7772390574582798,-4.156659036000021,-0.650271831512006,-4.0443818177659425,0.12696722594627385,0.11227721823407855,0.16948997079141603,True,7.021666937153402e-16,-1.4248368241589624,0.9282858928229614,gas__sp0.0100
training,locked_universal_candidate,3a,3,1.5194,-2.0174375536347493,8.154932903999962,-2.1490950771105504,8.089576137878884,-0.13165752347580106,-0.06535676612107721,0.1469871095218431,True,2.7487830685268716e-15,0.8403595932262496,-1.3948523138053053,gas__sp0.0100
training,locked_universal_candidate,3b,3,1.5194,2.98907637506174,5.134105511999998,2.1851994562264982,4.512322488645124,-0.8038769188352419,-0.6217830233548742,1.0162835375860273,True,2.0014830212433605e-15,0.8403595932262496,-1.3948523138053053,gas__sp0.0100
training,locked_universal_candidate,3c,3,1.5194,1.5634781039797112,3.965703875999982,2.1851994562264947,4.512322488645133,0.6217213522467835,0.5466186126451515,0.8278462100714596,True,1.2412670766236366e-15,0.8403595932262496,-1.3948523138053053,gas__sp0.0100
training,locked_universal_candidate,4a,4,1.5202,-3.4189158540684597,10.495438775999993,-3.5358587996867907,10.203545692364916,-0.11694294561833107,-0.2918930836350775,0.3144474913302478,True,6.258359785418194e-14,0.5345214434716928,-0.6701468984966414,gas__sp0.0100
training,locked_universal_candidate,4b,4,1.5202,3.486595771864287,3.41780230799999,3.783850161782974,3.389444363121307,0.2972543899186868,-0.02835794487868304,0.2986039942192219,True,7.108895957933346e-16,0.5345214434716928,-0.6701468984966414,gas__sp0.0100
training,locked_universal_candidate,5a,5,1.521,5.239793645663579,14.528709863999984,5.05875126909016,14.454909788878627,-0.18104237657341926,-0.07380007512135656,0.19550650424799074,True,8.449373463310848e-15,3.876170715986008,2.287410027904025,gas__sp0.0100
training,locked_universal_candidate,5b,5,1.521,13.2029839889991,1.9107456839999704,13.477690953193209,2.006423221290952,0.27470696419410956,0.09567753729098172,0.2908919169018125,True,2.664905307745879e-14,3.876170715986008,2.287410027904025,gas__sp0.0100
training,locked_universal_candidate,6a,6,3.0815,-9.90574798751465,17.874595907999986,-10.219461492166692,18.216056752887713,-0.31371350465204273,0.34146084488772743,0.4636935104058584,True,1.0715809139595271e-14,-1.8025237305749442,2.2510007293486147,gas__sp0.0100
training,locked_universal_candidate,6b,6,3.0815,0.8049590237318596,-5.299632900000001,0.7915405320999792,-5.287267650455859,-0.013418491631880358,0.012365249544141754,0.018247063159964706,True,3.614624287906422e-15,-1.8025237305749442,2.2510007293486147,gas__sp0.0100
training,locked_universal_candidate,7a,7,3.427,-10.01842785083087,10.257536087999991,-9.428781628941813,10.617372414157783,0.5896462218890566,0.35983632615779193,0.6907711984519732,True,4.0943002132167226e-15,-1.1440872520851975,-1.5426228146827201,gas__sp0.0100
training,locked_universal_candidate,7b,7,3.427,-7.485830922116288,-2.1700512000000174,-8.260202814256715,-2.0606411466873342,-0.7743718921404268,0.10941005331268316,0.7820629048248158,True,4.965068306494546e-16,-1.1440872520851975,-1.5426228146827201,gas__sp0.0100
heldout,locked_universal_candidate,1c,1,0.6786,0.456839445991538,-8.935221672000038,0.4568509651671899,-7.983019270563381,1.1519175651952818e-05,0.952202401436657,0.9522024015063331,True,1.4936523181711914e-15,-1.3760066789975474,-0.9918715679768227,gas__sp0.0100
heldout,locked_universal_candidate,2c,2,0.916,0.24443970348725166,-5.292556488000027,-0.14908648676685338,-4.487510812843,-0.39352619025410507,0.805045675157027,0.8960811355591319,True,1.9100999153570945e-15,-1.4248368241589624,0.9282858928229614,gas__sp0.0100
heldout,locked_universal_candidate,3d,3,1.5194,7.381071049134713,-15.531179832000019,8.034520668517718,-13.98669002833913,0.6534496193830055,1.5444898036608894,1.677034632523803,True,1.7377739072730912e-15,0.8403595932262496,-1.3948523138053053,gas__sp0.0100
heldout,locked_universal_candidate,4c,4,1.5202,6.864471675477358,-13.912761239999998,7.46059439573033,-12.52467166516409,0.5961227202529722,1.3880895748359077,1.5106802988620505,True,1.1102230246251565e-16,0.5345214434716928,-0.6701468984966414,gas__sp0.0100
heldout,locked_universal_candidate,5c,5,1.521,13.970143058665721,-3.314626776000029,14.110263540189374,-0.789642876124157,0.14012048152365253,2.5249838998758722,2.5288688071892516,True,1.5085966033246327e-14,3.876170715986008,2.287410027904025,gas__sp0.0100
heldout,locked_universal_candidate,6c,6,3.0815,1.7125179231929197,-6.634811124000012,1.1515646775197903,-5.622089411846716,-0.5609532456731294,1.0127217121532963,1.157701952187143,True,2.0813575816144176e-13,-1.8025237305749442,2.2510007293486147,gas__sp0.0100
heldout,locked_universal_candidate,7c,7,3.427,3.7040355081620837,-19.321482528000033,4.877903231338684,-16.765144354667967,1.1738677231766004,2.5563381733320654,2.81297534435525,True,9.930136612989092e-16,-1.1440872520851975,-1.5426228146827201,gas__sp0.0100
training,locked_universal_candidate,1a,1,0.6786,-5.748113029341908,4.227443603999998,-5.555642472058915,3.959035924036491,0.19247055728299234,-0.2684076799635067,0.3302841172145852,True,5.17892563931115e-15,-1.3486703339893493,-1.022257036806887,gas__sp0.0200
training,locked_universal_candidate,1b,1,0.6786,-4.783674198960802,-0.969769187999997,-4.745452474816587,-1.2488408914946496,0.038221724144214875,-0.2790717034946526,0.2816769708157977,True,6.280369834735101e-16,-1.3486703339893493,-1.022257036806887,gas__sp0.0200
training,locked_universal_candidate,2a,2,0.916,-6.776271782658472,11.277998675999983,-6.855817538124248,10.975800049236454,-0.07954575546577658,-0.3021986267635288,0.3124924594776388,True,3.6905523389740094e-15,-1.3959891086198355,0.8997282410768416,gas__sp0.0200
training,locked_universal_candidate,2b,2,0.916,-0.7772390574582798,-4.156659036000021,-0.6504819648853425,-4.042198125425892,0.12675709257293732,0.11446091057412922,0.17078835020868083,True,1.0934428697813141e-15,-1.3959891086198355,0.8997282410768416,gas__sp0.0200
training,locked_universal_candidate,3a,3,1.5194,-2.0174375536347493,8.154932903999962,-2.1527830149084717,8.098355261759348,-0.13534546127372238,-0.05657764224061346,0.14669500158118384,True,5.6534230881029115e-15,0.8831429837548138,-1.4289538852053703,gas__sp0.0200
training,locked_universal_candidate,3b,3,1.5194,2.98907637506174,5.134105511999998,2.1812030123645263,4.516319206052912,-0.8078733626972139,-0.6177863059470861,1.0170148917156772,True,9.992007221626409e-16,0.8831429837548138,-1.4289538852053703,gas__sp0.0200
training,locked_universal_candidate,3c,3,1.5194,1.5634781039797112,3.965703875999982,2.181203012364518,4.516319206052922,0.6177249083848066,0.5506153300529397,0.8275030538483381,True,2.7217452008024307e-15,0.8831429837548138,-1.4289538852053703,gas__sp0.0200
training,locked_universal_candidate,4a,4,1.5202,-3.4189158540684597,10.495438775999993,-3.538937988565264,10.210152763691152,-0.12002213449680443,-0.2852860123088412,0.30950512368658667,True,4.949814527988274e-14,0.5784262754347999,-0.7051130321830292,gas__sp0.0200
training,locked_universal_candidate,4b,4,1.5202,3.486595771864287,3.41780230799999,3.778683828627635,3.397047369155863,0.2920880567633479,-0.020754938844127047,0.29282452149745286,True,1.793620188084545e-15,0.5784262754347999,-0.7051130321830292,gas__sp0.0200
training,locked_universal_candidate,5a,5,1.521,5.239793645663579,14.528709863999984,5.051951910638199,14.47445516556727,-0.18784173502537982,-0.0542546984327128,0.195520049405092,True,4.463041323674983e-15,3.9328487781699346,2.270321076710707,gas__sp0.0200
training,locked_universal_candidate,5b,5,1.521,13.2029839889991,1.9107456839999704,13.4940777750441,2.017559901676715,0.2910937860450016,0.1068142176767446,0.310072361509226,True,5.850696268804487e-14,3.9328487781699346,2.270321076710707,gas__sp0.0200
training,locked_universal_candidate,6a,6,3.0815,-9.90574798751465,17.874595907999986,-10.257527140153316,18.23462451556994,-0.35177915263866666,0.36002860756995503,0.5033578950408337,True,1.178511022967008e-14,-1.7674712353173587,2.2185985243826805,gas__sp0.0200
training,locked_universal_candidate,6b,6,3.0815,0.8049590237318596,-5.299632900000001,0.7936492552102692,-5.281452667615182,-0.01130976852159038,0.01818023238481903,0.021411018508655285,True,9.155133597044475e-16,-1.7674712353173587,2.2185985243826805,gas__sp0.0200
training,locked_universal_candidate,7a,7,3.427,-10.01842785083087,10.257536087999991,-9.441468429345653,10.620898483969105,0.576959421485217,0.3633623959691139,0.6818463205480919,True,5.9580819677934555e-15,-1.1028644912311725,-1.588664048638277,gas__sp0.0200
training,locked_universal_candidate,7b,7,3.427,-7.485830922116288,-2.1700512000000174,-8.252996807044058,-2.0492215704563916,-0.7671658849277696,0.12082962954362575,0.7766230065950002,True,1.2560739669470201e-15,-1.1028644912311725,-1.588664048638277,gas__sp0.0200
heldout,locked_universal_candidate,1c,1,0.6786,0.456839445991538,-8.935221672000038,0.4712069699877871,-8.003941644178784,0.014367523996249132,0.9312800278212539,0.9313908502688536,True,1.831026719408895e-15,-1.3486703339893493,-1.022257036806887,gas__sp0.0200
heldout,locked_universal_candidate,2c,2,0.916,0.24443970348725166,-5.292556488000027,-0.1371729523398347,-4.497829762339925,-0.38161265582708637,0.7947267256601025,0.8816001290640957,True,7.771561172376096e-16,-1.3959891086198355,0.8997282410768416,gas__sp0.0200
heldout,locked_universal_candidate,3d,3,1.5194,7.381071049134713,-15.531179832000019,8.063186368655295,-14.020212111477715,0.682115319520582,1.510967720522304,1.657801182767413,True,2.434909185329438e-15,0.8831429837548138,-1.4289538852053703,gas__sp0.0200
heldout,locked_universal_candidate,4c,4,1.5202,6.864471675477358,-13.912761239999998,7.491645940555334,-12.558807826931574,0.6271742650779766,1.3539534130684245,1.4921586388637555,True,3.054626883036172e-15,0.5784262754347999,-0.7051130321830292,gas__sp0.0200
heldout,locked_universal_candidate,5c,5,1.521,13.970143058665721,-3.314626776000029,14.133960365142048,-0.787156825939699,0.16381730647632686,2.52746995006033,2.5327732741718365,True,1.2623387138745463e-14,3.9328487781699346,2.270321076710707,gas__sp0.0200
heldout,locked_universal_candidate,6c,6,3.0815,1.7125179231929197,-6.634811124000012,1.1736198376976559,-5.63887106305873,-0.5388980854952639,0.9959400609412823,1.1323902823400533,True,9.930136612989092e-16,-1.7674712353173587,2.2185985243826805,gas__sp0.0200
heldout,locked_universal_candidate,7c,7,3.427,3.7040355081620837,-19.321482528000033,4.910418711853026,-16.82172124920949,1.2063832036909425,2.499761278790544,2.7756381041281584,True,6.050053388380548e-14,-1.1028644912311725,-1.588664048638277,gas__sp0.0200
training,locked_universal_candidate,1a,1,0.6786,-5.748113029341908,4.227443603999998,-5.568405056524537,3.972988895030183,0.17970797281737028,-0.2544547089698148,0.31151589752537806,True,2.9205407954182373e-15,-1.2666134773811468,-1.113477763410308,gas__sp0.0500
training,locked_universal_candidate,1b,1,0.6786,-4.783674198960802,-0.969769187999997,-4.744249493691124,-1.2369042951095361,0.03942470526967767,-0.26713510710953914,0.2700286518798068,True,1.2947314098277875e-15,-1.2666134773811468,-1.113477763410308,gas__sp0.0500
training,locked_universal_candidate,2a,2,0.916,-6.776271782658472,11.277998675999983,-6.9165599174316394,11.020254642282373,-0.1402881347731677,-0.2577440337176107,0.2934497361988238,True,2.234280737922546e-15,-1.3093815153548773,0.8140431133278901,gas__sp0.0500
training,locked_universal_candidate,2b,2,0.916,-0.7772390574582798,-4.156659036000021,-0.6517165413674695,-4.0349854205016324,0.12552251609081033,0.12167361549838862,0.17481524748779054,True,8.08254562088053e-16,-1.3093815153548773,0.8140431133278901,gas__sp0.0500
training,locked_universal_candidate,3a,3,1.5194,-2.0174375536347493,8.154932903999962,-2.163646392913387,8.124301980318739,-0.14620883927863781,-0.030630923681222555,0.14938299156454,True,3.934640423845914e-15,1.0115860995100652,-1.5313502531297816,gas__sp0.0500
training,locked_universal_candidate,3b,3,1.5194,2.98907637506174,5.134105511999998,2.1689719842749438,4.528580642091192,-0.8201043907867964,-0.6055248699088063,1.0194270841339559,True,2.482534153247273e-15,1.0115860995100652,-1.5313502531297816,gas__sp0.0500
training,locked_universal_candidate,3c,3,1.5194,1.5634781039797112,3.965703875999982,2.1689719842749366,4.5285806420912005,0.6054938802952254,0.5628767660912186,0.8267122189010376,True,2.1065000811460206e-15,1.0115860995100652,-1.5313502531297816,gas__sp0.0500
training,locked_universal_candidate,4a,4,1.5202,-3.4189158540684597,10.495438775999993,-3.5480457773699046,10.229734507750598,-0.1291299233014449,-0.2657042682493955,0.295420539668087,True,1.3765422428113707e-14,0.7102366538567286,-0.8100999379176589,gas__sp0.0500
training,locked_universal_candidate,4b,4,1.5202,3.486595771864287,3.41780230799999,3.763022157292058,3.4199605525290635,0.27642638542777087,0.0021582445290735386,0.27643481072417386,True,1.355199909595506e-15,0.7102366538567286,-0.8100999379176589,gas__sp0.0500
training,locked_universal_candidate,5a,5,1.521,5.239793645663579,14.528709863999984,5.032209202040369,14.533043903962222,-0.20758444362320994,0.004334039962238023,0.20762968269674714,True,1.3322676295501878e-15,4.1032954062036575,2.2192998055817834,gas__sp0.0500
training,locked_universal_candidate,5b,5,1.521,13.2029839889991,1.9107456839999704,13.542874650278316,2.0525147170712588,0.33989066127921674,0.1417690330712884,0.3682718022911764,True,9.930136612989092e-16,4.1032954062036575,2.2192998055817834,gas__sp0.0500
training,locked_universal_candidate,6a,6,3.0815,-9.90574798751465,17.874595907999986,-10.37108973360196,18.290778684204682,-0.4653417460873097,0.4161827762046961,0.6243004435854859,True,1.8967600707189028e-14,-1.6621814926207625,2.121373743990957,gas__sp0.0500
training,locked_universal_candidate,6b,6,3.0815,0.8049590237318596,-5.299632900000001,0.7977064054721809,-5.26149016407885,-0.007252618259678711,0.03814273592115036,0.038826135207759724,True,2.220446049250313e-16,-1.6621814926207625,2.121373743990957,gas__sp0.0500
training,locked_universal_candidate,7a,7,3.427,-10.01842785083087,10.257536087999991,-9.479299617264545,10.631331772270014,0.5391282335663252,0.3737956842700232,0.6560354150556515,True,3.526596831064619e-15,-0.9791005689228028,-1.7270361812351571,gas__sp0.0500
training,locked_universal_candidate,7b,7,3.427,-7.485830922116288,-2.1700512000000174,-8.23148502293216,-2.0147142598494567,-0.7456541008158721,0.15533694015056065,0.7616623943971934,True,2.7844251801988247e-15,-0.9791005689228028,-1.7270361812351571,gas__sp0.0500
heldout,locked_universal_candidate,1c,1,0.6786,0.456839445991538,-8.935221672000038,0.5145250518515276,-8.067420505708395,0.057685605859989664,0.8678011662916436,0.8697163292364763,True,9.930136612989092e-16,-1.2666134773811468,-1.113477763410308,gas__sp0.0500
heldout,locked_universal_candidate,2c,2,0.916,0.24443970348725166,-5.292556488000027,-0.10092489424101192,-4.529592071417572,-0.34536459772826356,0.762964416582455,0.8374911380635685,True,2.1897020778056687e-15,-1.3093815153548773,0.8140431133278901,gas__sp0.0500
heldout,locked_universal_candidate,3d,3,1.5194,7.381071049134713,-15.531179832000019,8.149210875526666,-14.121749889127429,0.7681398263919537,1.40942994287259,1.6051577980856877,True,2.1065000811460206e-15,1.0115860995100652,-1.5313502531297816,gas__sp0.0500
heldout,locked_universal_candidate,4c,4,1.5202,6.864471675477358,-13.912761239999998,7.584721492693972,-12.662226771736053,0.7202498172166143,1.250534468263945,1.4431203191406994,True,7.199349044417092e-15,0.7102366538567286,-0.8100999379176589,gas__sp0.0500
heldout,locked_universal_candidate,5c,5,1.521,13.970143058665721,-3.314626776000029,14.205526586615084,-0.7814342868562797,0.23538352794936301,2.5331924891437496,2.544104870535842,True,9.780050345373876e-15,4.1032954062036575,2.2192998055817834,gas__sp0.0500
heldout,locked_universal_candidate,6c,6,3.0815,1.7125179231929197,-6.634811124000012,1.2385396146663066,-5.68947370382098,-0.47397830852661316,0.9453374201790323,1.05750568553767,True,2.5989654674417885e-15,-1.6621814926207625,2.121373743990957,gas__sp0.0500
heldout,locked_universal_candidate,7c,7,3.427,3.7040355081620837,-19.321482528000033,5.008159388681915,-16.99336417963407,1.3041238805198314,2.3281183483659618,2.668496606657081,True,2.0292799670745588e-14,-0.9791005689228028,-1.7270361812351571,gas__sp0.0500
training,locked_universal_candidate,1a,1,0.6786,-5.748113029341908,4.227443603999998,-5.535713244569695,3.9364278661729353,0.212399784772213,-0.29101573782706236,0.3602829835480881,True,1.2292931593253095e-14,-1.409900322297947,-0.9045086240992328,stars_gas_050__sm0.0200
training,locked_universal_candidate,1b,1,0.6786,-4.783674198960802,-0.969769187999997,-4.7470627203885725,-1.267122365028294,0.03661147857222957,-0.2973531770282969,0.2995985851970374,True,4.965068306494546e-16,-1.409900322297947,-0.9045086240992328,stars_gas_050__sm0.0200
training,locked_universal_candidate,2a,2,0.916,-6.776271782658472,11.277998675999983,-6.759440944649211,10.90535578037872,0.016830838009260773,-0.3726428956212633,0.3730227938948151,True,2.5918417478740245e-14,-1.4547540262018082,1.0076263480532244,stars_gas_050__sm0.0200
training,locked_universal_candidate,2b,2,0.916,-0.7772390574582798,-4.156659036000021,-0.6494718933441083,-4.052299046444671,0.12776716411417155,0.1043599895553502,0.16497107517916723,True,2.4525628233156873e-15,-1.4547540262018082,1.0076263480532244,stars_gas_050__sm0.0200
training,locked_universal_candidate,3a,3,1.5194,-2.0174375536347493,8.154932903999962,-2.1335767613769887,8.055654192271827,-0.1161392077422394,-0.09927871172813418,0.15278932612389193,True,3.227294399221455e-15,0.7718918739594886,-1.298807472393656,stars_gas_050__sm0.0200
training,locked_universal_candidate,3b,3,1.5194,2.98907637506174,5.134105511999998,2.2004197306685587,4.496782212011184,-0.7886566443931815,-0.6373232999888137,1.0139823920828923,True,5.587908106112821e-14,0.7718918739594886,-1.298807472393656,stars_gas_050__sm0.0200
training,locked_universal_candidate,3c,3,1.5194,1.5634781039797112,3.965703875999982,2.2004197306684863,4.4967822120113485,0.6369416266887751,0.5310783360113667,0.8293002078798395,True,1.159106867033638e-15,0.7718918739594886,-1.298807472393656,stars_gas_050__sm0.0200
training,locked_universal_candidate,4a,4,1.5202,-3.4189158540684597,10.495438775999993,-3.523509603673738,10.177754582869671,-0.10459374960527823,-0.31768419313032226,0.3344594131151873,True,1.5287739806396928e-13,0.46128000827466625,-0.570255913116504,stars_gas_050__sm0.0200
training,locked_universal_candidate,4b,4,1.5202,3.486595771864287,3.41780230799999,3.8033093364456945,3.360067163999819,0.3167135645814074,-0.05773514400017099,0.321932957061842,True,5.578801654593729e-16,0.46128000827466625,-0.570255913116504,stars_gas_050__sm0.0200
training,locked_universal_candidate,5a,5,1.521,5.239793645663579,14.528709863999984,5.077958598190518,14.389652893907815,-0.161835047473061,-0.13905697009216844,0.21337156212068686,True,2.220446049250313e-15,3.7590313871507095,2.3284403229008586,stars_gas_050__sm0.0200
training,locked_universal_candidate,5b,5,1.521,13.2029839889991,1.9107456839999704,13.429002401688962,1.9740893182442028,0.22601841268986256,0.0633436342442324,0.23472694535164068,True,2.589462819655575e-15,3.7590313871507095,2.3284403229008586,stars_gas_050__sm0.0200
training,locked_universal_candidate,6a,6,3.0815,-9.90574798751465,17.874595907999986,-10.073619764265443,18.141796345061906,-0.16787177675079334,0.26720043706191987,0.3155582465972791,True,1.2980691330757224e-12,-1.838179282291016,2.3401507889492534,stars_gas_050__sm0.0200
training,locked_universal_candidate,6b,6,3.0815,0.8049590237318596,-5.299632900000001,0.7842709652373352,-5.307345259533688,-0.020688058494524375,-0.0077123595336869855,0.02207886441485872,True,6.725459478071035e-14,-1.838179282291016,2.3401507889492534,stars_gas_050__sm0.0200
training,locked_universal_candidate,7a,7,3.427,-10.01842785083087,10.257536087999991,-9.38242844748385,10.601364476690277,0.6359994033470198,0.34382838869028554,0.7229890745558492,True,9.155133597044475e-16,-1.204922642755931,-1.4060070445729769,stars_gas_050__sm0.0200
training,locked_universal_candidate,7b,7,3.427,-7.485830922116288,-2.1700512000000174,-8.283086024881932,-2.1057429388338726,-0.7972551027656438,0.06430826116614474,0.7998445169781877,True,6.661338147750939e-16,-1.204922642755931,-1.4060070445729769,stars_gas_050__sm0.0200
heldout,locked_universal_candidate,1c,1,0.6786,0.456839445991538,-8.935221672000038,0.40770809791726154,-7.916056951405707,-0.04913134807427644,1.0191647205943308,1.0203482822388226,True,3.1401849173675503e-16,-1.409900322297947,-0.9045086240992328,stars_gas_050__sm0.0200
heldout,locked_universal_candidate,2c,2,0.916,0.24443970348725166,-5.292556488000027,-0.18693688911174516,-4.456241339477231,-0.43137659259899686,0.8363151485227966,0.9410147673076275,True,1.1102230246251565e-15,-1.4547540262018082,1.0076263480532244,stars_gas_050__sm0.0200
heldout,locked_universal_candidate,3d,3,1.5194,7.381071049134713,-15.531179832000019,7.949620554798527,-13.889200490048184,0.5685495056638139,1.641979341951835,1.7376261680197924,True,9.61545439811512e-15,0.7718918739594886,-1.298807472393656,stars_gas_050__sm0.0200
heldout,locked_universal_candidate,4c,4,1.5202,6.864471675477358,-13.912761239999998,7.364107390770075,-12.422016479001119,0.4996357152927171,1.4907447609988793,1.572245461256502,True,5.6928032075764654e-15,0.46128000827466625,-0.570255913116504,stars_gas_050__sm0.0200
heldout,locked_universal_candidate,5c,5,1.521,13.970143058665721,-3.314626776000029,14.04219603408399,-0.8097300478025121,0.07205297541826816,2.504896728197517,2.50593281039242,True,1.120830491896282e-14,3.7590313871507095,2.3284403229008586,stars_gas_050__sm0.0200
heldout,locked_universal_candidate,6c,6,3.0815,1.7125179231929197,-6.634811124000012,1.0885819531125247,-5.580378051794325,-0.623935970080395,1.0544330722056872,1.2252041456513634,True,1.9524779959017565e-14,-1.838179282291016,2.3401507889492534,stars_gas_050__sm0.0200
heldout,locked_universal_candidate,7c,7,3.427,3.7040355081620837,-19.321482528000033,4.769214796176854,-16.589124210958595,1.0651792880147704,2.732358317041438,2.9326419638819146,True,1.790180836524724e-15,-1.204922642755931,-1.4060070445729769,stars_gas_050__sm0.0200
training,locked_universal_candidate,1a,1,0.6786,-5.748113029341908,4.227443603999998,-5.541401949886706,3.9430355893102833,0.20671107945520184,-0.28440801468971433,0.3515926466655404,True,9.485749680535095e-15,-1.4066251785419428,-0.9329931193409813,stars_gas_050__sm0.0100
training,locked_universal_candidate,1b,1,0.6786,-4.783674198960802,-0.969769187999997,-4.746665514147689,-1.2619232106093303,0.037008684813113035,-0.2921540226093333,0.29448873608070514,True,1.1157603309187458e-15,-1.4066251785419428,-0.9329931193409813,stars_gas_050__sm0.0100
training,locked_universal_candidate,2a,2,0.916,-6.776271782658472,11.277998675999983,-6.787320249069858,10.925799644633242,-0.01104846641138657,-0.3521990313667409,0.35237228367979523,True,1.0441409976237532e-14,-1.4542220460382087,0.9822348406855227,stars_gas_050__sm0.0100
training,locked_universal_candidate,2b,2,0.916,-0.7772390574582798,-4.156659036000021,-0.6497599725198812,-4.049448875948428,0.12747908493839866,0.10721016005159267,0.1665681107385792,True,1.8209011484034673e-15,-1.4542220460382087,0.9822348406855227,stars_gas_050__sm0.0100
training,locked_universal_candidate,3a,3,1.5194,-2.0174375536347493,8.154932903999962,-2.139511264462738,8.068250620763123,-0.12207371082798879,-0.08668228323683813,0.1497191006600923,True,1.2560739669470201e-15,0.7847258404222139,-1.3297715391116247,stars_gas_050__sm0.0100
training,locked_universal_candidate,3b,3,1.5194,2.98907637506174,5.134105511999998,2.19483034858862,4.502527540865351,-0.7942460264731204,-0.6315779711346465,1.0147499614145827,True,3.4382515473424317e-14,0.7847258404222139,-1.3297715391116247,stars_gas_050__sm0.0100
training,locked_universal_candidate,3c,3,1.5194,1.5634781039797112,3.965703875999982,2.1948303485885803,4.502527540865447,0.6313522446088691,0.5368236648654654,0.8287251075792543,True,3.4684476073050936e-15,0.7847258404222139,-1.3297715391116247,stars_gas_050__sm0.0100
training,locked_universal_candidate,4a,4,1.5202,-3.4189158540684597,10.495438775999993,-3.5281543942924682,10.187363574559779,-0.10923854022400858,-0.3080752014402144,0.32686906921992637,True,6.552735778561576e-14,0.47594013606242763,-0.6027099487503292,stars_gas_050__sm0.0100
training,locked_universal_candidate,4b,4,1.5202,3.486595771864287,3.41780230799999,3.796175817761196,3.370936319115162,0.3095800458969089,-0.04686598888482818,0.3131073709315785,True,1.072098405376252e-15,0.47594013606242763,-0.6027099487503292,stars_gas_050__sm0.0100
training,locked_universal_candidate,5a,5,1.521,5.239793645663579,14.528709863999984,5.071701617586709,14.412565206271465,-0.1680920280768703,-0.11614465772851901,0.20431473618383522,True,2.3039842965709077e-13,3.789243435111446,2.31646483545775,stars_gas_050__sm0.0100
training,locked_universal_candidate,5b,5,1.521,13.2029839889991,1.9107456839999704,13.445138416589602,1.9846412929288864,0.24215442759050276,0.073895608928916,0.2531784505455773,True,2.9790409838967277e-15,3.789243435111446,2.31646483545775,stars_gas_050__sm0.0100
training,locked_universal_candidate,6a,6,3.0815,-9.90574798751465,17.874595907999986,-10.127490528556043,18.16959204509732,-0.2217425410413938,0.2949961370973355,0.3690426471423651,True,3.972054645195637e-15,-1.8378841848656329,2.3117730473504654,stars_gas_050__sm0.0100
training,locked_universal_candidate,6b,6,3.0815,0.8049590237318596,-5.299632900000001,0.7867649279671247,-5.3002027039090525,-0.018194095764734852,-0.0005698039090518137,0.018203016156426204,True,4.965068306494546e-15,-1.8378841848656329,2.3117730473504654,stars_gas_050__sm0.0100
training,locked_universal_candidate,7a,7,3.427,-10.01842785083087,10.257536087999991,-9.399273384720061,10.60763914741737,0.6191544661108086,0.3501030594173784,0.7112836319769835,True,3.0201331455116262e-15,-1.19512836727176,-1.4512764796549156,stars_gas_050__sm0.0100
training,locked_universal_candidate,7b,7,3.427,-7.485830922116288,-2.1700512000000174,-8.275230786631614,-2.0889120013694384,-0.7893998645153255,0.08113919863057895,0.7935588923647865,True,2.7465400791133423e-15,-1.19512836727176,-1.4512764796549156,stars_gas_050__sm0.0100
heldout,locked_universal_candidate,1c,1,0.6786,0.456839445991538,-8.935221672000038,0.4250707080789931,-7.939001011386325,-0.031768737912544864,0.9962206606137132,0.9967270726443519,True,2.7465400791133423e-15,-1.4066251785419428,-0.9329931193409813,stars_gas_050__sm0.0100
heldout,locked_universal_candidate,2c,2,0.916,0.24443970348725166,-5.292556488000027,-0.17428241171100828,-4.466387443874818,-0.41872211519825997,0.8261690441252094,0.9262200058446519,True,4.010656666373001e-15,-1.4542220460382087,0.9822348406855227,stars_gas_050__sm0.0100
heldout,locked_universal_candidate,3d,3,1.5194,7.381071049134713,-15.531179832000019,7.9777770970297865,-13.92123004134227,0.5967060478950739,1.6099497906577493,1.7169730446438258,True,5.420799638382024e-15,0.7847258404222139,-1.3297715391116247,stars_gas_050__sm0.0100
heldout,locked_universal_candidate,4c,4,1.5202,6.864471675477358,-13.912761239999998,7.396844990012774,-12.4562715167389,0.5323733145354161,1.4564897232610985,1.5507364895412168,True,5.064917260848195e-15,0.47594013606242763,-0.6027099487503292,stars_gas_050__sm0.0100
heldout,locked_universal_candidate,5c,5,1.521,13.970143058665721,-3.314626776000029,14.064386517015798,-0.8009511411645662,0.09424345835007664,2.513675634835463,2.5154417160028277,True,1.0367366991496098e-14,3.789243435111446,2.31646483545775,stars_gas_050__sm0.0100
heldout,locked_universal_candidate,6c,6,3.0815,1.7125179231929197,-6.634811124000012,1.1098097202775354,-5.593708905788391,-0.6027082029153843,1.0411022182116207,1.2029758961120747,True,4.577566798522238e-15,-1.8378841848656329,2.3117730473504654,stars_gas_050__sm0.0100
heldout,locked_universal_candidate,7c,7,3.427,3.7040355081620837,-19.321482528000033,4.807293523140404,-16.648738839604057,1.1032580149783207,2.6727436883959754,2.8914939169008167,True,1.1102230246251565e-15,-1.19512836727176,-1.4512764796549156,stars_gas_050__sm0.0100
training,locked_universal_candidate,1a,1,0.6786,-5.748113029341908,4.227443603999998,-5.544240514614982,3.946321049727542,0.20387251472692558,-0.2811225542724558,0.3472663139173599,True,8.464677011382491e-15,-1.4049820051408168,-0.9472425488416519,stars_gas_050__sm0.0050
training,locked_universal_candidate,1b,1,0.6786,-4.783674198960802,-0.969769187999997,-4.746468854431236,-1.259305412243795,0.03720534452956592,-0.289536224243798,0.2919168765435095,True,7.447602459741819e-16,-1.4049820051408168,-0.9472425488416519,stars_gas_050__sm0.0050
training,locked_universal_candidate,2a,2,0.916,-6.776271782658472,11.277998675999983,-6.80125647641755,10.936040481237452,-0.024984693759078525,-0.3419581947625314,0.34286971561729435,True,6.915539919559704e-15,-1.453950145374191,0.9695385431440584,stars_gas_050__sm0.0050
training,locked_universal_candidate,2b,2,0.916,-0.7772390574582798,-4.156659036000021,-0.6499219293792242,-4.0479874038604,0.1273171280790556,0.10867163213962083,0.1673892909782096,True,7.021666937153402e-16,-1.453950145374191,0.9695385431440584,stars_gas_050__sm0.0050
training,locked_universal_candidate,3a,3,1.5194,-2.0174375536347493,8.154932903999962,-2.142451733031016,8.074505495157775,-0.1250141793962669,-0.08042740884218702,0.1486509776059018,True,3.781283367737843e-15,0.7911547619611372,-1.3452649439883932,stars_gas_050__sm0.0050
training,locked_universal_candidate,3b,3,1.5194,2.98907637506174,5.134105511999998,2.192004254808013,4.505437014733072,-0.797072120253727,-0.6286684972669256,1.01515912267074,True,2.6018094939729558e-14,0.7911547619611372,-1.3452649439883932,stars_gas_050__sm0.0050
training,locked_universal_candidate,3c,3,1.5194,1.5634781039797112,3.965703875999982,2.192004254807982,4.505437014733146,0.6285261508282709,0.5397331387331641,0.8284666458716098,True,9.155133597044475e-16,0.7911547619611372,-1.3452649439883932,stars_gas_050__sm0.0050
training,locked_universal_candidate,4a,4,1.5202,-3.4189158540684597,10.495438775999993,-3.530461407603046,10.192140245685687,-0.11154555353458617,-0.3032985303143061,0.323160036211403,True,5.493943993841732e-14,0.48328235440887624,-0.6189488252948913,stars_gas_050__sm0.0050
training,locked_universal_candidate,4b,4,1.5202,3.486595771864287,3.41780230799999,3.7925864524901853,3.376390044218011,0.3059906806258983,-0.04141226378197915,0.30878029765749093,True,1.0235750533041806e-15,0.48328235440887624,-0.6189488252948913,stars_gas_050__sm0.0050
training,locked_universal_candidate,5a,5,1.521,5.239793645663579,14.528709863999984,5.068636590594988,14.42401487638656,-0.17115705506859147,-0.10469498761342422,0.20063842585887656,True,6.676124710113433e-15,3.8043889420019616,2.3104960944981063,stars_gas_050__sm0.0050
training,locked_universal_candidate,5b,5,1.521,13.2029839889991,1.9107456839999704,13.453198366550192,1.9900117172308638,0.2502143775510923,0.07926603323089343,0.26246969112154966,True,5.7902148899581444e-15,3.8043889420019616,2.3104960944981063,stars_gas_050__sm0.0050
training,locked_universal_candidate,6a,6,3.0815,-9.90574798751465,17.874595907999986,-10.154399836871843,18.183558579627153,-0.2486518493571932,0.3089626716271674,0.396592580172334,True,2.589462819655575e-15,-1.8377238761041874,2.2975862243124836,stars_gas_050__sm0.0050
training,locked_universal_candidate,6b,6,3.0815,0.8049590237318596,-5.299632900000001,0.7880764567195656,-5.2965944099569136,-0.01688256701229396,0.0030384900430870943,0.01715381854475952,True,1.3322676295501878e-15,-1.8377238761041874,2.2975862243124836,stars_gas_050__sm0.0050
training,locked_universal_candidate,7a,7,3.427,-10.01842785083087,10.257536087999991,-9.407671389757825,10.610739332500817,0.6107564610730449,0.3532032445008255,0.7055324136199411,True,3.0201331455116262e-15,-1.190216212118794,-1.4739401528948786,stars_gas_050__sm0.0050
training,locked_universal_candidate,7b,7,3.427,-7.485830922116288,-2.1700512000000174,-8.27132586929277,-2.0804751356087974,-0.785494947176482,0.08957606439122001,0.7905859746742313,True,2.094764613337708e-15,-1.190216212118794,-1.4739401528948786,stars_gas_050__sm0.0050
heldout,locked_universal_candidate,1c,1,0.6786,0.456839445991538,-8.935221672000038,0.4337851412457114,-7.950562268363834,-0.023054304745826593,0.9846594036362042,0.9849292574274148,True,8.671119018262734e-16,-1.4049820051408168,-0.9472425488416519,stars_gas_050__sm0.0050
heldout,locked_universal_candidate,2c,2,0.916,0.24443970348725166,-5.292556488000027,-0.16800350446604462,-4.471416969531678,-0.41244320795329625,0.8211395184683496,0.9189012507213379,True,7.021666937153402e-16,-1.453950145374191,0.9695385431440584,stars_gas_050__sm0.0050
heldout,locked_universal_candidate,3d,3,1.5194,7.381071049134713,-15.531179832000019,7.991841449085821,-13.93729945323556,0.6107703999511083,1.5938803787644584,1.7068963481321209,True,7.021666937153402e-16,0.7911547619611372,-1.3452649439883932,stars_gas_050__sm0.0050
heldout,locked_universal_candidate,4c,4,1.5202,6.864471675477358,-13.912761239999998,7.413188584184057,-12.473453525518826,0.548716908706699,1.4393077144811723,1.5403561091077775,True,2.4650951625709315e-15,0.48328235440887624,-0.6189488252948913,stars_gas_050__sm0.0050
heldout,locked_universal_candidate,5c,5,1.521,13.970143058665721,-3.314626776000029,14.075505865099894,-0.7966521042521174,0.10536280643417228,2.5179746717479117,2.5201781223841477,True,1.0367366991496098e-14,3.8043889420019616,2.3104960944981063,stars_gas_050__sm0.0050
heldout,locked_universal_candidate,6c,6,3.0815,1.7125179231929197,-6.634811124000012,1.1200958719494662,-5.6000981842599336,-0.5924220512434535,1.0347129397400785,1.1923064851224523,True,2.710399819191012e-15,-1.8377238761041874,2.2975862243124836,stars_gas_050__sm0.0050
heldout,locked_universal_candidate,7c,7,3.427,3.7040355081620837,-19.321482528000033,4.82634578577472,-16.678736315063684,1.1223102776126361,2.6427462129363484,2.871182318353253,True,3.0201331455116262e-15,-1.190216212118794,-1.4739401528948786,stars_gas_050__sm0.0050
training,locked_universal_candidate,1a,1,0.6786,-5.748113029341908,4.227443603999998,-5.548491031662285,3.951226242506266,0.19962199767962296,-0.2762173614937318,0.34080048818650815,True,7.357688469947062e-15,-1.4025102214023917,-0.968625698994867,stars_gas_050__sp0.0025
training,locked_universal_candidate,1b,1,0.6786,-4.783674198960802,-0.969769187999997,-4.746176264944799,-1.2553559398519547,0.03749793401600332,-0.2855867518519577,0.28803799730039126,True,2.220446049250313e-16,-1.4025102214023917,-0.968625698994867,stars_gas_050__sp0.0025
training,locked_universal_candidate,2a,2,0.916,-6.776271782658472,11.277998675999983,-6.822156263680684,10.95142516897763,-0.04588448102221232,-0.32657350702235277,0.3297812018407909,True,2.2232198742534223e-15,-1.4535347362605244,0.9504933143258488,stars_gas_050__sp0.0025
training,locked_universal_candidate,2b,2,0.916,-0.7772390574582798,-4.156659036000021,-0.6501868323443969,-4.0457495213624055,0.12705222511388292,0.11090951463761556,0.1686510846201122,True,1.0934428697813141e-15,-1.4535347362605244,0.9504933143258488,stars_gas_050__sp0.0025
training,locked_universal_candidate,3a,3,1.5194,-2.0174375536347493,8.154932903999962,-2.14682862186773,8.08383368573662,-0.12939106823298063,-0.07109921826334187,0.14763857008292303,True,2.0380985511143445e-15,0.8008131136028357,-1.3685193211261844,stars_gas_050__sp0.0025
training,locked_universal_candidate,3b,3,1.5194,2.98907637506174,5.134105511999998,2.1877443373461793,4.509847787967417,-0.8013320377155608,-0.6242577240325806,1.0157906972815367,True,3.6771686055379495e-15,0.8008131136028357,-1.3685193211261844,stars_gas_050__sp0.0025
training,locked_universal_candidate,3c,3,1.5194,1.5634781039797112,3.965703875999982,2.1877443373461722,4.509847787967399,0.624266233366461,0.5441439119674167,0.8281309842366439,True,9.2148511043888e-15,0.8008131136028357,-1.3685193211261844,stars_gas_050__sp0.0025
training,locked_universal_candidate,4a,4,1.5202,-3.4189158540684597,10.495438775999993,-3.5339025779103492,10.19927058473709,-0.11498672384188957,-0.29616819126290395,0.3177066952014562,True,7.420427056676691e-14,0.49431084995720054,-0.6433219277201164,stars_gas_050__sp0.0025
training,locked_universal_candidate,4b,4,1.5202,3.486595771864287,3.41780230799999,3.7871942892667234,3.3846008802794367,0.30059851740243637,-0.033201427720553234,0.3024265257334845,True,6.473657049138938e-16,0.49431084995720054,-0.6433219277201164,stars_gas_050__sp0.0025
training,locked_universal_candidate,5a,5,1.521,5.239793645663579,14.528709863999984,5.064118606388711,14.441180966890972,-0.17567503927486783,-0.0875288971090118,0.19627283880696872,True,9.930136612989092e-16,3.8271567888681663,2.301566787744112,stars_gas_050__sp0.0025
training,locked_universal_candidate,5b,5,1.521,13.2029839889991,1.9107456839999704,13.465271721455647,1.9983326327504463,0.2622877324565476,0.0875869487504759,0.2765254566737319,True,1.5619066391420388e-14,3.8271567888681663,2.301566787744112,stars_gas_050__sp0.0025
training,locked_universal_candidate,6a,6,3.0815,-9.90574798751465,17.874595907999986,-10.194727059568741,18.2045856180267,-0.2889790720540919,0.32998971002671595,0.4386366523772952,True,5.7902148899581444e-15,-1.8374671541907515,2.2763083611832253,stars_gas_050__sp0.0025
training,locked_universal_candidate,6b,6,3.0815,0.8049590237318596,-5.299632900000001,0.7901182652739291,-5.291129869512658,-0.014840758457930425,0.008503030487342578,0.01710408252655812,True,4.884981308350689e-15,-1.8374671541907515,2.2763083611832253,stars_gas_050__sp0.0025
training,locked_universal_candidate,7a,7,3.427,-10.01842785083087,10.257536087999991,-9.42023759931883,10.615343124507618,0.5981902515120403,0.35780703650762646,0.6970347569371329,True,6.311693569372732e-15,-1.182829214622672,-1.5079718694975335,stars_gas_050__sp0.0025
training,locked_universal_candidate,7b,7,3.427,-7.485830922116288,-2.1700512000000174,-8.265476825942375,-2.06778110470249,-0.7796459038260872,0.10227009529752751,0.7863249377610771,True,1.4043333874306805e-15,-1.182829214622672,-1.5079718694975335,stars_gas_050__sp0.0025
heldout,locked_universal_candidate,1c,1,0.6786,0.456839445991538,-8.935221672000038,0.446854883893057,-7.967921906247767,-0.009984562098480976,0.9672997657522711,0.9673512951894451,True,2.1065000811460206e-15,-1.4025102214023917,-0.968625698994867,stars_gas_050__sp0.0025
heldout,locked_universal_candidate,2c,2,0.916,0.24443970348725166,-5.292556488000027,-0.15779414587738538,-4.479819730363498,-0.402233849364637,0.8127367576365296,0.9068258414867943,True,5.3302268750589315e-15,-1.4535347362605244,0.9504933143258488,stars_gas_050__sp0.0025
heldout,locked_universal_candidate,3d,3,1.5194,7.381071049134713,-15.531179832000019,8.012921039829317,-13.961471821938279,0.6318499906946045,1.5697080100617402,1.6921045025626402,True,2.288783399261119e-15,0.8008131136028357,-1.3685193211261844,stars_gas_050__sp0.0025
heldout,locked_universal_candidate,4c,4,1.5202,6.864471675477358,-13.912761239999998,7.437701395479146,-12.499350283932872,0.5732297200017884,1.4134109560671266,1.5252287836989955,True,2.437438961788735e-15,0.49431084995720054,-0.6433219277201164,stars_gas_050__sp0.0025
heldout,locked_universal_candidate,5c,5,1.521,13.970143058665721,-3.314626776000029,14.092215845158607,-0.7903166086814613,0.12207278649288611,2.5243101673185677,2.527260094653899,True,1.3535617652607509e-14,3.8271567888681663,2.301566787744112,stars_gas_050__sp0.0025
heldout,locked_universal_candidate,6c,6,3.0815,1.7125179231929197,-6.634811124000012,1.1352278455030125,-5.609436889757883,-0.5772900776899073,1.025374234242129,1.1767141343788012,True,6.280369834735101e-16,-1.8374671541907515,2.2763083611832253,stars_gas_050__sp0.0025
heldout,locked_universal_candidate,7c,7,3.427,3.7040355081620837,-19.321482528000033,4.854876584997979,-16.72384099265096,1.1508410768358952,2.597641535349073,2.841157639115347,True,1.4043333874306805e-15,-1.182829214622672,-1.5079718694975335,stars_gas_050__sp0.0025
training,locked_universal_candidate,1a,1,0.6786,-5.748113029341908,4.227443603999998,-5.549905899194354,3.9528551745558116,0.1982071301475532,-0.27458842944418604,0.3386515495696924,True,5.203855855232738e-15,-1.4016844167136668,-0.9757558222957966,stars_gas_050__sp0.0050
training,locked_universal_candidate,1b,1,0.6786,-4.783674198960802,-0.969769187999997,-4.746079369940068,-1.2540333761565015,0.03759482902073419,-0.28426418815650445,0.286739428466639,True,6.753223014464259e-16,-1.4016844167136668,-0.9757558222957966,stars_gas_050__sp0.0050
training,locked_universal_candidate,2a,2,0.916,-6.776271782658472,11.277998675999983,-6.829121596201816,10.956559611254395,-0.05284981354334395,-0.32143906474558825,0.32575477761052823,True,3.789423922623494e-15,-1.4533942206153954,0.9441446775072165,stars_gas_050__sp0.0050
training,locked_universal_candidate,2b,2,0.916,-0.7772390574582798,-4.156659036000021,-0.6502809149402545,-4.044991346755976,0.12695814251802529,0.11166768924404469,0.16907998927351442,True,1.2412670766236366e-15,-1.4533942206153954,0.9441446775072165,stars_gas_050__sp0.0050
training,locked_universal_candidate,3a,3,1.5194,-2.0174375536347493,8.154932903999962,-2.1482785088805594,8.086928659058437,-0.13084095524581008,-0.06800424494152502,0.1474582412064616,True,9.42055475210265e-16,0.8040365640247662,-1.3762745951393243,stars_gas_050__sp0.0050
training,locked_universal_candidate,3b,3,1.5194,2.98907637506174,5.134105511999998,2.1863272772902973,4.511330759722768,-0.8027490977714429,-0.6227747522772296,1.0159992647865599,True,3.510833468576701e-15,0.8040365640247662,-1.3762745951393243,stars_gas_050__sp0.0050
training,locked_universal_candidate,3c,3,1.5194,1.5634781039797112,3.965703875999982,2.186327277290288,4.511330759722781,0.6228491733105768,0.5456268837227989,0.8280397266645614,True,2.198129442157285e-15,0.8040365640247662,-1.3762745951393243,stars_gas_050__sp0.0050
training,locked_universal_candidate,4a,4,1.5202,-3.4189158540684597,10.495438775999993,-3.535044453496501,10.2016381396469,-0.11612859942804121,-0.29380063635309384,0.31591876412552855,True,6.917010206674309e-14,0.4979910554035569,-0.6514502321121255,stars_gas_050__sp0.0050
training,locked_universal_candidate,4b,4,1.5202,3.486595771864287,3.41780230799999,3.7853954107948753,3.387346084072321,0.29879963893058825,-0.03045622392766889,0.3003478080509033,True,8.671119018262734e-16,0.4979910554035569,-0.6514502321121255,stars_gas_050__sp0.0050
training,locked_universal_candidate,5a,5,1.521,5.239793645663579,14.528709863999984,5.062633866674579,14.446900698339453,-0.17715977898900004,-0.08180916566053043,0.19513668767687806,True,1.831026719408895e-15,3.8347593354145952,2.298596709059538,stars_gas_050__sp0.0050
training,locked_universal_candidate,5b,5,1.521,13.2029839889991,1.9107456839999704,13.469292534308135,2.001150995786343,0.2663085453090357,0.09040531178637279,0.28123542042887484,True,1.954497105020304e-14,3.8347593354145952,2.298596709059538,stars_gas_050__sp0.0050
training,locked_universal_candidate,6a,6,3.0815,-9.90574798751465,17.874595907999986,-10.208159659126322,18.211615144769752,-0.30241167161167226,0.3370192367697662,0.45280766897198377,True,8.042797661766892e-15,-1.8373771891375634,2.269216338313366,stars_gas_050__sp0.0050
training,locked_universal_candidate,6b,6,3.0815,0.8049590237318596,-5.299632900000001,0.7908178427172845,-5.289293570964028,-0.014141181014575066,0.010339329035972789,0.01751784020366347,True,5.773159728050814e-15,-1.8373771891375634,2.269216338313366,stars_gas_050__sp0.0050
training,locked_universal_candidate,7a,7,3.427,-10.01842785083087,10.257536087999991,-9.424418084729428,10.616865317414653,0.5940097661014416,0.35932922941466217,0.6942370613382898,True,2.010699415441723e-15,-1.1803618796488051,-1.5193254319922398,stars_gas_050__sp0.0050
training,locked_universal_candidate,7b,7,3.427,-7.485830922116288,-2.1700512000000174,-8.263526034135829,-2.0635374308969396,-0.7776951120195408,0.10651376910307775,0.7849553301097012,True,1.9100999153570945e-15,-1.1803618796488051,-1.5193254319922398,stars_gas_050__sp0.0050
heldout,locked_universal_candidate,1c,1,0.6786,0.456839445991538,-8.935221672000038,0.4512109973182244,-7.9737132304008345,-0.00562844867331358,0.9615084415992037,0.9615249152783288,True,1.5100665727558131e-15,-1.4016844167136668,-0.9757558222957966,stars_gas_050__sp0.0050
heldout,locked_universal_candidate,2c,2,0.916,0.24443970348725166,-5.292556488000027,-0.15441831410668094,-4.482595622647114,-0.3988580175939326,0.8099608653529131,0.9028423570049213,True,2.504777312823609e-15,-1.4533942206153954,0.9441446775072165,stars_gas_050__sp0.0050
heldout,locked_universal_candidate,3d,3,1.5194,7.381071049134713,-15.531179832000019,8.019943134506246,-13.969547470147718,0.6388720853715331,1.5616323618523005,1.6872620350886123,True,1.2947314098277875e-15,0.8040365640247662,-1.3762745951393243,stars_gas_050__sp0.0050
heldout,locked_universal_candidate,4c,4,1.5202,6.864471675477358,-13.912761239999998,7.445881377759887,-12.508035375579675,0.5814097022825298,1.4047258644203229,1.5202933914477441,True,3.5055632627505204e-15,0.4979910554035569,-0.6514502321121255,stars_gas_050__sp0.0050
heldout,locked_universal_candidate,5c,5,1.521,13.970143058665721,-3.314626776000029,14.097794242003749,-0.7882349389154213,0.1276511833380276,2.526391837084608,2.5296147017076214,True,1.6165091241761062e-14,3.8347593354145952,2.298596709059538,stars_gas_050__sp0.0050
heldout,locked_universal_candidate,6c,6,3.0815,1.7125179231929197,-6.634811124000012,1.1402068963824936,-5.612497100836723,-0.5723110268104261,1.0223140231632888,1.1716082422743166,True,1.559379280465073e-14,-1.8373771891375634,2.269216338313366,stars_gas_050__sp0.0050
heldout,locked_universal_candidate,7c,7,3.427,3.7040355081620837,-19.321482528000033,4.864374325371999,-16.738904917491663,1.1603388172099156,2.5825776105083698,2.8312706131740972,True,7.021666937153402e-16,-1.1803618796488051,-1.5193254319922398,stars_gas_050__sp0.0050
training,locked_universal_candidate,1a,1,0.6786,-5.748113029341908,4.227443603999998,-5.552732651954428,3.9561038410723217,0.1953803773874796,-0.2713397629276759,0.33436321390625695,True,6.78327188658573e-15,-1.4000299865325008,-0.9900196862024978,stars_gas_050__sp0.0100
training,locked_universal_candidate,1b,1,0.6786,-4.783674198960802,-0.969769187999997,-4.745886524345981,-1.2513791401470187,0.03778767461482069,-0.28160995214702167,0.28413390065432775,True,4.002966042486721e-16,-1.4000299865325008,-0.9900196862024978,stars_gas_050__sp0.0100
training,locked_universal_candidate,2a,2,0.916,-6.776271782658472,11.277998675999983,-6.84305029254294,10.966837761079626,-0.0667785098844682,-0.31116091492035736,0.31824594947377394,True,2.234280737922546e-15,-1.4531100744633505,0.9314470348857365,stars_gas_050__sp0.0100
training,locked_universal_candidate,2b,2,0.916,-0.7772390574582798,-4.156659036000021,-0.6504776376565342,-4.043456625939045,0.1267614198017456,0.11320241006097564,0.16995070812964463,True,1.0235750533041806e-15,-1.4531100744633505,0.9314470348857365,stars_gas_050__sp0.0100
training,locked_universal_candidate,3a,3,1.5194,-2.0174375536347493,8.154932903999962,-2.151164581618265,8.093096982511005,-0.13372702798351588,-0.06183592148895656,0.14733159606714522,True,2.1065000811460206e-15,0.8104894765058173,-1.3917908799353087,stars_gas_050__sp0.0100
training,locked_universal_candidate,3b,3,1.5194,2.98907637506174,5.134105511999998,2.1834771442356073,4.514315047887246,-0.8055992308261328,-0.6197904641127518,1.0164301944121679,True,3.4755478145461824e-15,0.8104894765058173,-1.3917908799353087,stars_gas_050__sp0.0100
training,locked_universal_candidate,3c,3,1.5194,1.5634781039797112,3.965703875999982,2.1834771442356016,4.51431504788726,0.6199990402558904,0.5486111718872784,0.8278725915488192,True,1.3506446028928519e-15,0.8104894765058173,-1.3917908799353087,stars_gas_050__sp0.0100
training,locked_universal_candidate,4a,4,1.5202,-3.4189158540684597,10.495438775999993,-3.5373204015086515,10.206359441940467,-0.1184045474401918,-0.2890793340595259,0.3123883772402802,True,5.831979462209792e-14,0.5053575197640744,-0.6677127365147674,stars_gas_050__sp0.0100
training,locked_universal_candidate,4b,4,1.5202,3.486595771864287,3.41780230799999,3.7817862991298377,3.3928460032952166,0.2951905272655506,-0.02495630470477339,0.2962435898577913,True,1.2658490090568385e-15,0.5053575197640744,-0.6677127365147674,stars_gas_050__sp0.0100
training,locked_universal_candidate,5a,5,1.521,5.239793645663579,14.528709863999984,5.059690111018838,14.458350405148062,-0.18010353464474083,-0.07035945885192163,0.19335908729993687,True,5.197930934883577e-15,3.8499843864031558,2.29266610036391,stars_gas_050__sp0.0100
training,locked_universal_candidate,5b,5,1.521,13.2029839889991,1.9107456839999704,13.477329239411256,2.006836210882826,0.27434525041215707,0.0960905268828558,0.2906866109409479,True,2.892040412512553e-14,3.8499843864031558,2.29266610036391,stars_gas_050__sp0.0100
training,locked_universal_candidate,6a,6,3.0815,-9.90574798751465,17.874595907999986,-10.23501012839412,18.22570484454721,-0.3292621408794698,0.35110893654722375,0.4813429575052015,True,1.1030947132061738e-14,-1.8371905886578008,2.255033137641277,stars_gas_050__sp0.0100
training,locked_universal_candidate,6b,6,3.0815,0.8049590237318596,-5.299632900000001,0.792244310804504,-5.285597598794193,-0.012714712927355598,0.014035301205807649,0.018938152094721626,True,3.5817384705135446e-14,-1.8371905886578008,2.255033137641277,stars_gas_050__sp0.0100
training,locked_universal_candidate,7a,7,3.427,-10.01842785083087,10.257536087999991,-9.43276662205578,10.619891084431195,0.5856612287750895,0.36235499643120406,0.6886945755042693,True,7.150387920919873e-15,-1.1754197084403628,-1.5420470447899972,stars_gas_050__sp0.0100
training,locked_universal_candidate,7b,7,3.427,-7.485830922116288,-2.1700512000000174,-8.259622735976032,-2.05503163635484,-0.7737918138597442,0.1150195636451774,0.7822935965591691,True,1.616509124176106e-15,-1.1754197084403628,-1.5420470447899972,stars_gas_050__sp0.0100
heldout,locked_universal_candidate,1c,1,0.6786,0.456839445991538,-8.935221672000038,0.4599225840595552,-7.985303111585072,0.0030831380680172438,0.9499185604149663,0.9499235638519492,True,1.2008898127460164e-15,-1.4000299865325008,-0.9900196862024978,stars_gas_050__sp0.0100
heldout,locked_universal_candidate,2c,2,0.916,0.24443970348725166,-5.292556488000027,-0.1477051555679047,-4.488111680498663,-0.3921448590551564,0.8044448075013646,0.8949352148615541,True,8.08254562088053e-16,-1.4531100744633505,0.9314470348857365,stars_gas_050__sp0.0100
heldout,locked_universal_candidate,3d,3,1.5194,7.381071049134713,-15.531179832000019,8.033980790894065,-13.985726041729777,0.6529097417593519,1.5454537902702423,1.6777122961774231,True,3.510833468576701e-15,0.8104894765058173,-1.3917908799353087,stars_gas_050__sp0.0100
heldout,locked_universal_candidate,4c,4,1.5202,6.864471675477358,-13.912761239999998,7.462228084640075,-12.52543308047446,0.5977564091627174,1.3873281595255378,1.5106264087813448,True,1.0053497077208614e-15,0.5053575197640744,-0.6677127365147674,stars_gas_050__sp0.0100
heldout,locked_universal_candidate,5c,5,1.521,13.970143058665721,-3.314626776000029,14.108963852547063,-0.7841168492251733,0.13882079388134194,2.530509926774856,2.5343148388311847,True,1.3203721447146771e-14,3.8499843864031558,2.29266610036391,stars_gas_050__sp0.0100
heldout,locked_universal_candidate,6c,6,3.0815,1.7125179231929197,-6.634811124000012,1.1519508303223571,-5.620569558142878,-0.5605670928705626,1.0142415658571338,1.1588448643031062,True,2.3693407923312643e-13,-1.8371905886578008,2.255033137641277,stars_gas_050__sp0.0100
heldout,locked_universal_candidate,7c,7,3.427,3.7040355081620837,-19.321482528000033,4.8833512179334875,-16.769076359634212,1.1793157097714038,2.5524061683658203,2.8116832665905878,True,4.051933808678556e-15,-1.1754197084403628,-1.5420470447899972,stars_gas_050__sp0.0100
training,locked_universal_candidate,1a,1,0.6786,-5.748113029341908,4.227443603999998,-5.558374111961996,3.962564386626588,0.18973891737991178,-0.2648792173734096,0.32582488634978596,True,4.869818370658876e-15,-1.3967098170346774,-1.018561917431807,stars_gas_050__sp0.0200
training,locked_universal_candidate,1b,1,0.6786,-4.783674198960802,-0.969769187999997,-4.745504574214929,-1.2460342378067182,0.03816962474587271,-0.2762650498067212,0.27888940101400567,True,4.965068306494546e-16,-1.3967098170346774,-1.018561917431807,stars_gas_050__sp0.0200
training,locked_universal_candidate,2a,2,0.916,-6.776271782658472,11.277998675999983,-6.870899462796595,10.987430864566207,-0.09462768013812362,-0.2905678114337764,0.3055880411431993,True,7.108895957933346e-16,-1.452529106582395,0.9060501402419435,stars_gas_050__sp0.0200
training,locked_universal_candidate,2b,2,0.916,-0.7772390574582798,-4.156659036000021,-0.6509047756774904,-4.040313459845832,0.12633428178078943,0.11634557615418917,0.17174586994661076,True,4.956371820863329e-15,-1.452529106582395,0.9060501402419435,stars_gas_050__sp0.0200
training,locked_universal_candidate,3a,3,1.5194,-2.0174375536347493,8.154932903999962,-2.156881519280193,8.105347187981263,-0.1394439656454436,-0.04958571601869899,0.1479978472411498,True,1.5582722720639762e-15,0.8234194017532038,-1.4228464621078503,stars_gas_050__sp0.0200
training,locked_universal_candidate,3b,3,1.5194,2.98907637506174,5.134105511999998,2.177712351796777,4.520357217915218,-0.811364023264963,-0.6137482940847798,1.0173487832305521,True,2.7844251801988247e-15,0.8234194017532038,-1.4228464621078503,stars_gas_050__sp0.0200
training,locked_universal_candidate,3c,3,1.5194,1.5634781039797112,3.965703875999982,2.1777123517967794,4.52035721791523,0.6142342478170681,0.5546533419152477,0.827601378013082,True,3.196594111384947e-15,0.8234194017532038,-1.4228464621078503,stars_gas_050__sp0.0200
training,locked_universal_candidate,4a,4,1.5202,-3.4189158540684597,10.495438775999993,-3.541840941452249,10.215746953442256,-0.12292508738378949,-0.27969182255773717,0.30551283559611864,True,3.653966450429673e-14,0.5201146293886763,-0.7002612816648894,stars_gas_050__sp0.0200
training,locked_universal_candidate,4b,4,1.5202,3.486595771864287,3.41780230799999,3.7745225364526895,3.403883846693232,0.2879267645884025,-0.013918461306758001,0.2882629794675221,True,1.9860273225978185e-15,0.5201146293886763,-0.7002612816648894,stars_gas_050__sp0.0200
training,locked_universal_candidate,5a,5,1.521,5.239793645663579,14.528709863999984,5.053882963035502,14.481340139670007,-0.18591068262807742,-0.0473697243299771,0.1918506520664857,True,2.2644195468014703e-15,3.88051460538029,2.2808431389370676,stars_gas_050__sp0.0200
training,locked_universal_candidate,5b,5,1.521,13.2029839889991,1.9107456839999704,13.493381846943716,2.018401266460773,0.29039785794461714,0.10765558246080253,0.30971057510811073,True,6.180662532069479e-14,3.88051460538029,2.2808431389370676,stars_gas_050__sp0.0200
training,locked_universal_candidate,6a,6,3.0815,-9.90574798751465,17.874595907999986,-10.288652054255964,18.254006242386684,-0.3829040667413146,0.3794103343866979,0.5390433434951803,True,1.6221418424348217e-14,-1.8367903116807753,2.2266698678464945,stars_gas_050__sp0.0200
training,locked_universal_candidate,6b,6,3.0815,0.8049590237318596,-5.299632900000001,0.7945253775481564,-5.277579962621306,-0.010433646183703127,0.02205293737869507,0.024396578032899387,True,9.155133597044475e-16,-1.8367903116807753,2.2266698678464945,stars_gas_050__sp0.0200
training,locked_universal_candidate,7a,7,3.427,-10.01842785083087,10.257536087999991,-9.4494488738367,10.625939968295205,0.5689789769941704,0.3684038802952134,0.6778336781821207,True,4.930190325141863e-15,-1.1655053739617665,-1.5875482304149713,stars_gas_050__sp0.0200
training,locked_universal_candidate,7b,7,3.427,-7.485830922116288,-2.1700512000000174,-8.251809056590828,-2.0379464848540216,-0.7659781344745396,0.13210471514599575,0.7772864068391396,True,2.2315206618374916e-15,-1.1655053739617665,-1.5875482304149713,stars_gas_050__sp0.0200
heldout,locked_universal_candidate,1c,1,0.6786,0.456839445991538,-8.935221672000038,0.47734347634105184,-8.008512097110096,0.02050403034951387,0.9267095748899425,0.9269363793989703,True,1.1102230246251565e-15,-1.3967098170346774,-1.018561917431807,stars_gas_050__sp0.0200
heldout,locked_universal_candidate,2c,2,0.916,0.24443970348725166,-5.292556488000027,-0.13441340654512618,-4.4990185178776,-0.37885311003237787,0.7935379701224274,0.8793362206842316,True,1.2412670766236366e-15,-1.452529106582395,0.9060501402419435,stars_gas_050__sp0.0200
heldout,locked_universal_candidate,3d,3,1.5194,7.381071049134713,-15.531179832000019,8.062075744058333,-14.018281027610193,0.6810046949236206,1.5128988043898257,1.6591052368165733,True,6.0208490917174056e-15,0.8234194017532038,-1.4228464621078503,stars_gas_050__sp0.0200
heldout,locked_universal_candidate,4c,4,1.5202,6.864471675477358,-13.912761239999998,7.494869522518111,-12.56033839224161,0.6303978470407534,1.3524228477583886,1.492129017442033,True,2.589462819655575e-15,0.5201146293886763,-0.7002612816648894,stars_gas_050__sp0.0200
heldout,locked_universal_candidate,5c,5,1.521,13.970143058665721,-3.314626776000029,14.131355316349472,-0.7760617041882588,0.1612122576837507,2.5385650718117705,2.54367883504388,True,1.1460599492142567e-14,3.88051460538029,2.2808431389370676,stars_gas_050__sp0.0200
heldout,locked_universal_candidate,6c,6,3.0815,1.7125179231929197,-6.634811124000012,1.1746073058360447,-5.635988622930232,-0.5379106173568751,0.99882250106978,1.134457677001899,True,4.440892098500626e-15,-1.8367903116807753,2.2266698678464945,stars_gas_050__sp0.0200
heldout,locked_universal_candidate,7c,7,3.427,3.7040355081620837,-19.321482528000033,4.921231553398059,-16.829593758648187,1.217196045235975,2.4918887693518457,2.7732788989497528,True,9.729836489960987e-14,-1.1655053739617665,-1.5875482304149713,stars_gas_050__sp0.0200
training,locked_universal_candidate,1a,1,0.6786,-5.748113029341908,4.227443603999998,-5.575199765053997,3.9816517620175547,0.17291326428791098,-0.24579184198244297,0.300520592558685,True,3.1086244689504383e-15,-1.3866583182677168,-1.1043053229258257,stars_gas_050__sp0.0500
training,locked_universal_candidate,1b,1,0.6786,-4.783674198960802,-0.969769187999997,-4.744387895693324,-1.2297082037032174,0.039286303267478395,-0.2599390157032204,0.26289105254683615,True,4.440892098500626e-16,-1.3866583182677168,-1.1043053229258257,stars_gas_050__sp0.0500
training,locked_universal_candidate,2a,2,0.916,-6.776271782658472,11.277998675999983,-6.954511302360277,11.04976996925125,-0.17823951970180563,-0.22822870674873386,0.28958188646344907,True,2.0380985511143445e-15,-1.4506802864401394,0.8298437556107628,stars_gas_050__sp0.0500
training,locked_universal_candidate,2b,2,0.916,-0.7772390574582798,-4.156659036000021,-0.653328450227493,-4.029693557029143,0.12391060723078684,0.1269654789708783,0.17740933299746903,True,4.577566798522237e-16,-1.4506802864401394,0.8298437556107628,stars_gas_050__sp0.0500
training,locked_universal_candidate,3a,3,1.5194,-2.0174375536347493,8.154932903999962,-2.1735825887231575,8.141407129224971,-0.15614503508840816,-0.013525774774990396,0.15672976285959211,True,1.9917599093883288e-14,0.8624030261548267,-1.516198607137258,stars_gas_050__sp0.0500
training,locked_universal_candidate,3b,3,1.5194,2.98907637506174,5.134105511999998,2.159891906259729,4.539076950331977,-0.8291844688020111,-0.5950285616680207,1.0205909427891209,True,2.288783399261119e-15,0.8624030261548267,-1.516198607137258,stars_gas_050__sp0.0500
training,locked_universal_candidate,3c,3,1.5194,1.5634781039797112,3.965703875999982,2.159891906259723,4.539076950331984,0.5964138022800116,0.5733730743320025,0.8273246677810548,True,2.288783399261119e-15,0.8624030261548267,-1.516198607137258,stars_gas_050__sp0.0500
training,locked_universal_candidate,4a,4,1.5202,-3.4189158540684597,10.495438775999993,-3.555188910538585,10.243546252346333,-0.13627305647012555,-0.25189252365366066,0.2863916713040378,True,3.338154667451614e-14,0.5645787023535115,-0.798094237817917,stars_gas_050__sp0.0500
training,locked_universal_candidate,4b,4,1.5202,3.486595771864287,3.41780230799999,3.752364464094334,3.4373006099331826,0.26576869223004707,0.019498301933192685,0.2664829854755223,True,2.234280737922546e-15,0.5645787023535115,-0.798094237817917,stars_gas_050__sp0.0500
training,locked_universal_candidate,5a,5,1.521,5.239793645663579,14.528709863999984,5.037478293081348,14.550185475390746,-0.20231535258223143,0.021475611390762595,0.20345196920914693,True,5.4930801582266845e-15,3.9727520050542267,2.2456815263868024,stars_gas_050__sp0.0500
training,locked_universal_candidate,5b,5,1.521,13.2029839889991,1.9107456839999704,13.541351409831725,2.0546892897131084,0.3383674208326255,0.14394360571313802,0.36771221506311486,True,9.930136612989092e-16,3.9727520050542267,2.2456815263868024,stars_gas_050__sp0.0500
training,locked_universal_candidate,6a,6,3.0815,-9.90574798751465,17.874595907999986,-10.44910505646182,18.339877274739976,-0.5433570689471701,0.46528136673999043,0.7153486245253382,True,1.2372328574428146e-13,-1.8353646118037727,2.141599793571071,stars_gas_050__sp0.0500
training,locked_universal_candidate,6b,6,3.0815,0.8049590237318596,-5.299632900000001,0.8008640103712329,-5.251624263341333,-0.004095013360626676,0.04800863665866739,0.04818296720053315,True,2.2644195468014703e-15,-1.8353646118037727,2.141599793571071,stars_gas_050__sp0.0500
training,locked_universal_candidate,7a,7,3.427,-10.01842785083087,10.257536087999991,-9.499119467667624,10.643542928449664,0.5193083831632457,0.3860068404496726,0.6470567808914172,True,5.828406534472336e-15,-1.1355227599574151,-1.7245155609249354,stars_gas_050__sp0.0500
training,locked_universal_candidate,7b,7,3.427,-7.485830922116288,-2.1700512000000174,-8.228305613097405,-1.9861066468072548,-0.7424746909811164,0.1839445531927626,0.7649210844242623,True,1.3322676295501878e-15,-1.1355227599574151,-1.7245155609249354,stars_gas_050__sp0.0500
heldout,locked_universal_candidate,1c,1,0.6786,0.456839445991538,-8.935221672000038,0.5298572154657153,-8.078998154032318,0.07301776947417732,0.8562235179677202,0.859331314092535,True,2.808666774861361e-15,-1.3866583182677168,-1.1043053229258257,stars_gas_050__sp0.0500
heldout,locked_universal_candidate,2c,2,0.916,0.24443970348725166,-5.292556488000027,-0.09367593385752761,-4.532889337544587,-0.3381156373447793,0.7596671504554404,0.8315144999927272,True,1.2008898127460164e-15,-1.4506802864401394,0.8298437556107628,stars_gas_050__sp0.0500
heldout,locked_universal_candidate,3d,3,1.5194,7.381071049134713,-15.531179832000019,8.146234098331668,-14.116950875483141,0.7651630491969552,1.4142289565168777,1.6079546117061885,True,3.3984432745746066e-15,0.8624030261548267,-1.516198607137258,stars_gas_050__sp0.0500
heldout,locked_universal_candidate,4c,4,1.5202,6.864471675477358,-13.912761239999998,7.592433865419973,-12.66614461524994,0.7279621899426152,1.2466166247500574,1.443600346040854,True,9.29741355861517e-15,0.5645787023535115,-0.798094237817917,stars_gas_050__sp0.0500
heldout,locked_universal_candidate,5c,5,1.521,13.970143058665721,-3.314626776000029,14.198967233179014,-0.7533453512063062,0.22882417451329218,2.561281424793723,2.571482654002366,True,1.6011864169946884e-15,3.9727520050542267,2.2456815263868024,stars_gas_050__sp0.0500
heldout,locked_universal_candidate,6c,6,3.0815,1.7125179231929197,-6.634811124000012,1.2413835477894808,-5.68209548901072,-0.47113437540343894,0.9527156349892918,1.0628427357045058,True,4.440892098500626e-16,-1.8353646118037727,2.141599793571071,stars_gas_050__sp0.0500
heldout,locked_universal_candidate,7c,7,3.427,3.7040355081620837,-19.321482528000033,5.0346215696677135,-17.013196561717947,1.3305860615056297,2.308285966282085,2.6643279395014203,True,3.0107316119267736e-14,-1.1355227599574151,-1.7245155609249354,stars_gas_050__sp0.0500
training,locked_universal_candidate,1a,1,0.6786,-5.748113029341908,4.227443603999998,-5.534775749444691,3.9349593431458274,0.21333727989721663,-0.29248426085417023,0.3620218748105612,True,1.2616061730190734e-14,-1.39694799095673,-0.9028065887479099,members_all_050__sm0.0200
training,locked_universal_candidate,1b,1,0.6786,-4.783674198960802,-0.969769187999997,-4.746886979773651,-1.2681499973998727,0.03678721918715144,-0.29838080939987566,0.30063999553227855,True,3.3306690738754696e-16,-1.39694799095673,-0.9028065887479099,members_all_050__sm0.0200
training,locked_universal_candidate,2a,2,0.916,-6.776271782658472,11.277998675999983,-6.7548914794065835,10.900960710670851,0.021380303251888222,-0.3770379653291318,0.3776436742044997,True,2.5452937323868062e-14,-1.439564536224235,1.0087699245767903,members_all_050__sm0.0200
training,locked_universal_candidate,2b,2,0.916,-0.7772390574582798,-4.156659036000021,-0.649026454835628,-4.05252969705476,0.12821260262265177,0.10412933894526066,0.1651707925162648,True,1.831026719408895e-15,-1.439564536224235,1.0087699245767903,members_all_050__sm0.0200
training,locked_universal_candidate,3a,3,1.5194,-2.0174375536347493,8.154932903999962,-2.1324974625361466,8.053255038225222,-0.11505990890139728,-0.10167786577473947,0.1535485949948868,True,1.5700924586837751e-15,0.7876412733421996,-1.2969106913893678,members_all_050__sm0.0200
training,locked_universal_candidate,3b,3,1.5194,2.98907637506174,5.134105511999998,2.2015301352943486,4.495751122686624,-0.7875462397673916,-0.6383543893133741,1.0137679251817986,True,6.327492088520946e-14,0.7876412733421996,-1.2969106913893678,members_all_050__sm0.0200
training,locked_universal_candidate,3c,3,1.5194,1.5634781039797112,3.965703875999982,2.2015301352942633,4.495751122686812,0.6380520313145521,0.5300472466868302,0.829494109915746,True,1.1957467920563633e-15,0.7876412733421996,-1.2969106913893678,members_all_050__sm0.0200
training,locked_universal_candidate,4a,4,1.5202,-3.4189158540684597,10.495438775999993,-3.5228195271840987,10.175732274577168,-0.10390367311563908,-0.3197065014228251,0.3361669530738327,True,1.5049138622695593e-13,0.4766026426750724,-0.5679583369457659,members_all_050__sm0.0200
training,locked_universal_candidate,4b,4,1.5202,3.486595771864287,3.41780230799999,3.8048268531613814,3.358189929588753,0.3182310812970943,-0.05961237841123701,0.32376636138327025,True,1.6476622377199301e-15,0.4766026426750724,-0.5679583369457659,members_all_050__sm0.0200
training,locked_universal_candidate,5a,5,1.521,5.239793645663579,14.528709863999984,5.077343444748355,14.387446449104429,-0.16245020091522377,-0.14126341489555472,0.21527986474668317,True,1.4043333874306805e-15,3.7724274150051333,2.329092924336306,members_all_050__sm0.0200
training,locked_universal_candidate,5b,5,1.521,13.2029839889991,1.9107456839999704,13.429386716719026,1.9738922157686014,0.2264027277199272,0.06314653176863105,0.23504399501674197,True,2.2644195468014703e-15,3.7724274150051333,2.329092924336306,members_all_050__sm0.0200
training,locked_universal_candidate,6a,6,3.0815,-9.90574798751465,17.874595907999986,-10.064446765549853,18.134659979966568,-0.1586987780352036,0.2600640719665819,0.30466149030966533,True,6.795725829070878e-14,-1.8197149715580987,2.341329506397086,members_all_050__sm0.0200
training,locked_universal_candidate,6b,6,3.0815,0.8049590237318596,-5.299632900000001,0.7841674473506886,-5.308088076991789,-0.020791576381171017,-0.008455176991787994,0.022445036564383885,True,9.930136612989092e-16,-1.8197149715580987,2.341329506397086,members_all_050__sm0.0200
training,locked_universal_candidate,7a,7,3.427,-10.01842785083087,10.257536087999991,-9.379667229835729,10.599397171287594,0.6387606209951411,0.34186108328760234,0.7244888758294852,True,3.794299872214038e-15,-1.1881213024648454,-1.4021404537391966,members_all_050__sm0.0200
training,locked_universal_candidate,7b,7,3.427,-7.485830922116288,-2.1700512000000174,-8.283209132071878,-2.109872596309671,-0.79737820995559,0.06017860369034622,0.7996458428917771,True,2.589462819655575e-15,-1.1881213024648454,-1.4021404537391966,members_all_050__sm0.0200
heldout,locked_universal_candidate,1c,1,0.6786,0.456839445991538,-8.935221672000038,0.4063052562579818,-7.913964418957835,-0.05053418973355617,1.0212572530422035,1.0225067634120246,True,1.1102230246251565e-16,-1.39694799095673,-0.9028065887479099,members_all_050__sm0.0200
heldout,locked_universal_candidate,2c,2,0.916,0.24443970348725166,-5.292556488000027,-0.18727153203106037,-4.455610509818909,-0.43171123551831203,0.8369459781811184,0.9417288151406946,True,8.881784197001252e-16,-1.439564536224235,1.0087699245767903,members_all_050__sm0.0200
heldout,locked_universal_candidate,3d,3,1.5194,7.381071049134713,-15.531179832000019,7.951165379507455,-13.88816511192086,0.5700943303727426,1.6430147200791598,1.7391103806026649,True,9.128167018299422e-15,0.7876412733421996,-1.2969106913893678,members_all_050__sm0.0200
heldout,locked_universal_candidate,4c,4,1.5202,6.864471675477358,-13.912761239999998,7.364230184499468,-12.419890441605903,0.4997585090221106,1.4928707983940956,1.5743004122586728,True,7.598541898862822e-15,0.4766026426750724,-0.5679583369457659,members_all_050__sm0.0200
heldout,locked_universal_candidate,5c,5,1.521,13.970143058665721,-3.314626776000029,14.043054314636755,-0.8117111827003128,0.0729112559710341,2.5029155932997162,2.503977339839589,True,1.0480881692492569e-14,3.7724274150051333,2.329092924336306,members_all_050__sm0.0200
heldout,locked_universal_candidate,6c,6,3.0815,1.7125179231929197,-6.634811124000012,1.0888861504959415,-5.581113846791166,-0.6236317726969782,1.0536972772088458,1.2244159995338637,True,1.6383220776192e-14,-1.8197149715580987,2.341329506397086,members_all_050__sm0.0200
heldout,locked_universal_candidate,7c,7,3.427,3.7040355081620837,-19.321482528000033,4.767824477616245,-16.58451399456023,1.0637889694541616,2.7369685334398035,2.9364338447463747,True,7.755684626330685e-15,-1.1881213024648454,-1.4021404537391966,members_all_050__sm0.0200
training,locked_universal_candidate,1a,1,0.6786,-5.748113029341908,4.227443603999998,-5.540934324551607,3.9423064792818145,0.20717870479030065,-0.2851371247181831,0.3524573670830832,True,8.252325904466731e-15,-1.40015058753207,-0.932140107798915,members_all_050__sm0.0100
training,locked_universal_candidate,1b,1,0.6786,-4.783674198960802,-0.969769187999997,-4.746577367789049,-1.2624424190644834,0.037096831171752775,-0.2926732310644864,0.29501490651272483,True,6.753223014464259e-16,-1.40015058753207,-0.932140107798915,members_all_050__sm0.0100
training,locked_universal_candidate,2a,2,0.916,-6.776271782658472,11.277998675999983,-6.785040828282791,10.923596166513653,-0.00876904562431946,-0.3544025094863308,0.3545109799306224,True,1.5143458334808366e-14,-1.446628503210271,0.9828063435995279,members_all_050__sm0.0100
training,locked_universal_candidate,2b,2,0.916,-0.7772390574582798,-4.156659036000021,-0.6495355612771653,-4.049571605703151,0.12770349618111454,0.10708743029687007,0.16666103523159498,True,4.002966042486721e-16,-1.446628503210271,0.9828063435995279,members_all_050__sm0.0100
training,locked_universal_candidate,3a,3,1.5194,-2.0174375536347493,8.154932903999962,-2.1389782075849944,8.067060383650933,-0.12154065395024505,-0.0878725203490287,0.14997903318512118,True,2.494915946531976e-15,0.7925974646043418,-1.3288201778285589,members_all_050__sm0.0100
training,locked_universal_candidate,3b,3,1.5194,2.98907637506174,5.134105511999998,2.1953936971199624,4.50200138124441,-0.7936826779417778,-0.6321041307555877,1.0146367948103938,True,3.466901386928979e-14,0.7925974646043418,-1.3288201778285589,members_all_050__sm0.0100
training,locked_universal_candidate,3c,3,1.5194,1.5634781039797112,3.965703875999982,2.1953936971199237,4.5020013812445105,0.6319155931402125,0.5362975052445287,0.8288138096009573,True,1.6653345369377348e-15,0.7925974646043418,-1.3288201778285589,members_all_050__sm0.0100
training,locked_universal_candidate,4a,4,1.5202,-3.4189158540684597,10.495438775999993,-3.52781240033763,10.186359394916003,-0.10889654626917045,-0.3090793810839898,0.32770187915331794,True,9.430395400491286e-14,0.4835983970014256,-0.6015577463281527,members_all_050__sm0.0100
training,locked_universal_candidate,4b,4,1.5202,3.486595771864287,3.41780230799999,3.7969398843861333,3.3699906127819688,0.31034411252184624,-0.0478116952180212,0.31400545596628304,True,1.047382306668854e-15,0.4835983970014256,-0.6015577463281527,members_all_050__sm0.0100
training,locked_universal_candidate,5a,5,1.521,5.239793645663579,14.528709863999984,5.071384765055301,14.411464235429541,-0.1684088806082782,-0.1172456285704424,0.2052025547760345,True,1.9211362864635673e-13,3.7959351761484976,2.31678986082252,members_all_050__sm0.0100
training,locked_universal_candidate,5b,5,1.521,13.2029839889991,1.9107456839999704,13.445324660949295,1.9845407341261418,0.24234067195019549,0.07379505012617149,0.2533272798267025,True,4.0943002132167226e-15,3.7959351761484976,2.31678986082252,members_all_050__sm0.0100
training,locked_universal_candidate,6a,6,3.0815,-9.90574798751465,17.874595907999986,-10.122893589242832,18.166006272405287,-0.2171456017281823,0.29141036440530144,0.3634174085438464,True,4.965068306494546e-16,-1.828654751476783,2.3123607946579248,members_all_050__sm0.0100
training,locked_universal_candidate,6b,6,3.0815,0.8049590237318596,-5.299632900000001,0.7866945129898818,-5.300584668586437,-0.01826451074197777,-0.0009517685864359748,0.0182892923888801,True,7.656515266048676e-15,-1.828654751476783,2.3123607946579248,members_all_050__sm0.0100
training,locked_universal_candidate,7a,7,3.427,-10.01842785083087,10.257536087999991,-9.397897508167354,10.60666684388867,0.6205303426635158,0.3491307558886785,0.7120043475102524,True,5.3705425095741715e-15,-1.186733326139911,-1.4493354802162315,members_all_050__sm0.0100
training,locked_universal_candidate,7b,7,3.427,-7.485830922116288,-2.1700512000000174,-8.275298459065702,-2.090988421196473,-0.789467536949414,0.07906277880354429,0.7934166086546919,True,1.1102230246251565e-15,-1.186733326139911,-1.4493354802162315,members_all_050__sm0.0100
heldout,locked_universal_candidate,1c,1,0.6786,0.456839445991538,-8.935221672000038,0.4243649618001449,-7.937941715576727,-0.032474484191393094,0.997279956423311,0.9978085505783052,True,1.1801832636420706e-15,-1.40015058753207,-0.932140107798915,members_all_050__sm0.0100
heldout,locked_universal_candidate,2c,2,0.916,0.24443970348725166,-5.292556488000027,-0.17445011805843472,-4.466074518307957,-0.4188898215456864,0.82648196969207,0.9265749450641652,True,3.595820250601821e-15,-1.446628503210271,0.9828063435995279,members_all_050__sm0.0100
heldout,locked_universal_candidate,3d,3,1.5194,7.381071049134713,-15.531179832000019,7.97855220030269,-13.920710163855151,0.597481151167977,1.6104696681448676,1.7177299782025262,True,7.108895957933346e-16,0.7925974646043418,-1.3288201778285589,members_all_050__sm0.0100
heldout,locked_universal_candidate,4c,4,1.5202,6.864471675477358,-13.912761239999998,7.396912517916068,-12.455205570551728,0.5324408424387101,1.4575556694482703,1.5517608643852436,True,3.568292035180542e-15,0.4835983970014256,-0.6015577463281527,members_all_050__sm0.0100
heldout,locked_universal_candidate,5c,5,1.521,13.970143058665721,-3.314626776000029,14.064814541568504,-0.8019547068319581,0.0946714829027826,2.512672069168071,2.5144549343450895,True,1.1824787332143625e-14,3.7959351761484976,2.31678986082252,members_all_050__sm0.0100
heldout,locked_universal_candidate,6c,6,3.0815,1.7125179231929197,-6.634811124000012,1.1099235457530738,-5.594053616345603,-0.6025943774398459,1.0407575076544093,1.2026205442537283,True,4.440892098500626e-16,-1.828654751476783,2.3123607946579248,members_all_050__sm0.0100
heldout,locked_universal_candidate,7c,7,3.427,3.7040355081620837,-19.321482528000033,4.806606713043069,-16.64641970703136,1.1025712048809857,2.675062820968673,2.8933759448024694,True,2.886579864025407e-15,-1.186733326139911,-1.4493354802162315,members_all_050__sm0.0100
training,locked_universal_candidate,1a,1,0.6786,-5.748113029341908,4.227443603999998,-5.544006987934682,3.945957782977972,0.20410604140722555,-0.28148582102202546,0.3476974885951462,True,7.127078414416858e-15,-1.4017451045694211,-0.9468155429011237,members_all_050__sm0.0050
training,locked_universal_candidate,1b,1,0.6786,-4.783674198960802,-0.969769187999997,-4.746424714008835,-1.2595663655002378,0.03724948495196667,-0.2897971775002408,0.29218132763113536,True,3.3306690738754696e-16,-1.4017451045694211,-0.9468155429011237,members_all_050__sm0.0050
training,locked_universal_candidate,2a,2,0.916,-6.776271782658472,11.277998675999983,-6.8001156056700465,10.934937256893972,-0.023843823011574727,-0.34306141910601085,0.3438890303205924,True,6.218240129447692e-15,-1.4501536808533855,0.9698242258857573,members_all_050__sm0.0050
training,locked_universal_candidate,2b,2,0.916,-0.7772390574582798,-4.156659036000021,-0.6498093178992873,-4.048050627556501,0.1274297395589925,0.10860840844352015,0.1674339419254864,True,8.95090418262362e-16,-1.4501536808533855,0.9698242258857573,members_all_050__sm0.0050
training,locked_universal_candidate,3a,3,1.5194,-2.0174375536347493,8.154932903999962,-2.142186875040629,8.073912717640365,-0.12474932140587969,-0.08102018635959674,0.14875034046674063,True,4.324172596470543e-15,0.7950898015329234,-1.3447885167263236,members_all_050__sm0.0050
training,locked_universal_candidate,3b,3,1.5194,2.98907637506174,5.134105511999998,2.192288012782188,4.5051713022537845,-0.796788362279552,-0.6289342097462134,1.0151009479126814,True,2.6507373945200305e-14,0.7950898015329234,-1.3447885167263236,members_all_050__sm0.0050
training,locked_universal_candidate,3c,3,1.5194,1.5634781039797112,3.965703875999982,2.1922880127821602,4.5051713022538635,0.628809908802449,0.5394674262538817,0.828508904838766,True,2.9893669801409084e-15,0.7950898015329234,-1.3447885167263236,members_all_050__sm0.0050
training,locked_universal_candidate,4a,4,1.5202,-3.4189158540684597,10.495438775999993,-3.530291181410281,10.191639895574427,-0.11137532734182143,-0.3037988804255658,0.3235710482851102,True,4.550238603473019e-14,0.487110721367423,-0.6183718720412357,members_all_050__sm0.0050
training,locked_universal_candidate,4b,4,1.5202,3.486595771864287,3.41780230799999,3.7929698238556258,3.375915418266255,0.3063740519913387,-0.041886889733735,0.3092241440527528,True,6.684427777288335e-16,0.487110721367423,-0.6183718720412357,members_all_050__sm0.0050
training,locked_universal_candidate,5a,5,1.521,5.239793645663579,14.528709863999984,5.068475838996176,14.423464957480109,-0.17131780666740326,-0.10524490651987506,0.2010628787959304,True,7.160723346098895e-15,3.807733236380318,2.310658283823388,members_all_050__sm0.0050
training,locked_universal_candidate,5b,5,1.521,13.2029839889991,1.9107456839999704,13.453290010495092,1.9899609196325208,0.2503060214959927,0.0792152356325504,0.26254172611886445,True,5.17892563931115e-15,3.807733236380318,2.310658283823388,members_all_050__sm0.0050
training,locked_universal_candidate,6a,6,3.0815,-9.90574798751465,17.874595907999986,-10.152099017885334,18.1817617704384,-0.2463510303706844,0.3071658624384135,0.393750805982962,True,7.119291619286993e-15,-1.8331098535253,2.2978796956722896,members_all_050__sm0.0050
training,locked_universal_candidate,6b,6,3.0815,0.8049590237318596,-5.299632900000001,0.788036631764156,-5.2967881207227965,-0.01692239196770362,0.002844779277204168,0.017159840297759483,True,1.7763568394002505e-15,-1.8331098535253,2.2978796956722896,members_all_050__sm0.0050
training,locked_universal_candidate,7a,7,3.427,-10.01842785083087,10.257536087999991,-9.406984650206292,10.610256025963364,0.6114432006245778,0.3527199379633732,0.705885360541578,True,4.751962059186864e-15,-1.1860200982653641,-1.4729677242539088,members_all_050__sm0.0050
training,locked_universal_candidate,7b,7,3.427,-7.485830922116288,-2.1700512000000174,-8.271360349433136,-2.081515685970906,-0.785529427316848,0.08853551402911153,0.7905030160759251,True,3.396629320202206e-15,-1.1860200982653641,-1.4729677242539088,members_all_050__sm0.0050
heldout,locked_universal_candidate,1c,1,0.6786,0.456839445991538,-8.935221672000038,0.4334324971442244,-7.9500321928742785,-0.02340694884731359,0.9851894791257596,0.9854675007499873,True,5.551115123125783e-16,-1.4017451045694211,-0.9468155429011237,members_all_050__sm0.0050
heldout,locked_universal_candidate,2c,2,0.916,0.24443970348725166,-5.292556488000027,-0.1680876388624347,-4.471260974050777,-0.41252734234968635,0.8212955139492504,0.9190784130961072,True,8.95090418262362e-16,-1.4501536808533855,0.9698242258857573,members_all_050__sm0.0050
heldout,locked_universal_candidate,3d,3,1.5194,7.381071049134713,-15.531179832000019,7.992229661626137,-13.937038964227964,0.6111586124914243,1.5941408677720545,1.7072785232420287,True,2.445012586343469e-15,0.7950898015329234,-1.3447885167263236,members_all_050__sm0.0050
heldout,locked_universal_candidate,4c,4,1.5202,6.864471675477358,-13.912761239999998,7.413223866351873,-12.47291983073054,0.5487521908745157,1.4398414092694587,1.5408673696449806,True,2.2887833992611187e-16,0.487110721367423,-0.6183718720412357,members_all_050__sm0.0050
heldout,locked_universal_candidate,5c,5,1.521,13.970143058665721,-3.314626776000029,14.075719598246168,-0.7971571406692753,0.1055765395804471,2.517469635330754,2.519682474146721,True,9.441466109136565e-15,3.807733236380318,2.310658283823388,members_all_050__sm0.0050
heldout,locked_universal_candidate,6c,6,3.0815,1.7125179231929197,-6.634811124000012,1.1201445336918612,-5.600266063404403,-0.5923733895010586,1.034545060595609,1.1921366175869883,True,4.440892098500626e-16,-1.8331098535253,2.2978796956722896,members_all_050__sm0.0050
heldout,locked_universal_candidate,7c,7,3.427,3.7040355081620837,-19.321482528000033,4.826005475227845,-16.677575290530786,1.1219699670657612,2.6439072374692465,2.8721180489909894,True,3.675492212195508e-15,-1.1860200982653641,-1.4729677242539088,members_all_050__sm0.0050
training,locked_universal_candidate,1a,1,0.6786,-5.748113029341908,4.227443603999998,-5.548607577133879,3.9514069094140085,0.19950545220802862,-0.2760366945859891,0.34058579274345635,True,6.764165321960921e-15,-1.4041283747071258,-0.9688395781412016,members_all_050__sp0.0025
training,locked_universal_candidate,1b,1,0.6786,-4.783674198960802,-0.969769187999997,-4.7461983844742734,-1.2552244508731032,0.03747581448652859,-0.2854552628731062,0.28790474774373354,True,2.220446049250313e-16,-1.4041283747071258,-0.9688395781412016,members_all_050__sp0.0025
training,locked_universal_candidate,2a,2,0.916,-6.776271782658472,11.277998675999983,-6.822727561927682,10.951977894680313,-0.04645577926920996,-0.32602078131967005,0.32931396763544313,True,1.807312143953211e-15,-1.4554327343274536,0.9503505228112322,members_all_050__sp0.0025
training,locked_universal_candidate,2b,2,0.916,-0.7772390574582798,-4.156659036000021,-0.6502434317956648,-4.045716510451674,0.12699562566261502,0.11094252554834672,0.16863016608093762,True,5.551115123125783e-16,-1.4554327343274536,0.9503505228112322,members_all_050__sp0.0025
training,locked_universal_candidate,3a,3,1.5194,-2.0174375536347493,8.154932903999962,-2.146959784219066,8.084128314798823,-0.12952223058431667,-0.07080458920113841,0.147611984836865,True,5.126297777653475e-15,0.7988461754368676,-1.368758097131574,members_all_050__sp0.0025
training,locked_universal_candidate,3b,3,1.5194,2.98907637506174,5.134105511999998,2.1876026673887576,4.509982689867652,-0.8014737076729825,-0.624122822132346,1.0158195711825606,True,1.88411095042053e-15,0.7988461754368676,-1.368758097131574,members_all_050__sp0.0025
training,locked_universal_candidate,3c,3,1.5194,1.5634781039797112,3.965703875999982,2.1876026673887523,4.50998268986763,0.6241245634090411,0.5442788138676478,0.8281128533453033,True,8.761622386254713e-15,0.7988461754368676,-1.368758097131574,members_all_050__sp0.0025
training,locked_universal_candidate,4a,4,1.5202,-3.4189158540684597,10.495438775999993,-3.533987106944753,10.199519457424952,-0.11507125287629316,-0.2959193185750415,0.31750533278109944,True,7.425319412222093e-14,0.49239723874123714,-0.6436110423895217,members_all_050__sp0.0025
training,locked_universal_candidate,4b,4,1.5202,3.486595771864287,3.41780230799999,3.7870024754696607,3.3848397983638576,0.3004067036053737,-0.03296250963613234,0.3022097195865132,True,7.301351988545593e-16,0.49239723874123714,-0.6436110423895217,members_all_050__sp0.0025
training,locked_universal_candidate,5a,5,1.521,5.239793645663579,14.528709863999984,5.064200730180435,14.441455499142386,-0.17559291548314437,-0.08725436485759808,0.19607701587532775,True,4.905125646631375e-15,3.8254858287212206,2.301485938427571,members_all_050__sp0.0025
training,locked_universal_candidate,5b,5,1.521,13.2029839889991,1.9107456839999704,13.465227034580375,1.9983577115097946,0.2622430455812754,0.08761202750982422,0.276491016707822,True,1.3068603061549809e-14,3.8254858287212206,2.301485938427571,members_all_050__sp0.0025
training,locked_universal_candidate,6a,6,3.0815,-9.90574798751465,17.874595907999986,-10.195879219011646,18.205486970210472,-0.2901312314969964,0.3308910622104868,0.4400738875924678,True,7.160723346098895e-15,-1.8397736362684824,2.276161926791503,members_all_050__sp0.0025
training,locked_universal_candidate,6b,6,3.0815,0.8049590237318596,-5.299632900000001,0.7901416217775715,-5.291030917607824,-0.014817401954288045,0.008601982392177021,0.01713328636748545,True,4.463041323674983e-15,-1.8397736362684824,2.276161926791503,members_all_050__sp0.0025
training,locked_universal_candidate,7a,7,3.427,-10.01842785083087,10.257536087999991,-9.42058006035288,10.615582638970064,0.5978477904779904,0.358046550970073,0.6968639129995039,True,4.930190325141863e-15,-1.184926216904999,-1.5084595322438559,members_all_050__sp0.0025
training,locked_universal_candidate,7b,7,3.427,-7.485830922116288,-2.1700512000000174,-8.265458425880478,-2.067258662787398,-0.77962750376419,0.10279253721261927,0.7863748154234022,True,1.1102230246251565e-15,-1.184926216904999,-1.5084595322438559,members_all_050__sp0.0025
heldout,locked_universal_candidate,1c,1,0.6786,0.456839445991538,-8.935221672000038,0.44703103875667016,-7.9681872694834714,-0.00980840723486781,0.9670344025165667,0.9670841434451596,True,9.930136612989092e-16,-1.4041283747071258,-0.9688395781412016,members_all_050__sp0.0025
heldout,locked_universal_candidate,2c,2,0.916,0.24443970348725166,-5.292556488000027,-0.15774456498855033,-4.479905286607096,-0.402184268475802,0.8126512013929315,0.90672717006539,True,4.47545209131181e-15,-1.4554327343274536,0.9503505228112322,members_all_050__sp0.0025
heldout,locked_universal_candidate,3d,3,1.5194,7.381071049134713,-15.531179832000019,8.012726445081656,-13.961602481034488,0.6316553959469431,1.569577350965531,1.691910635906301,True,6.954641202201828e-15,0.7988461754368676,-1.368758097131574,members_all_050__sp0.0025
heldout,locked_universal_candidate,4c,4,1.5202,6.864471675477358,-13.912761239999998,7.437683155828327,-12.499618719410844,0.5732114803509694,1.4131425205891546,1.524973175076604,True,1.2325475812854657e-15,0.49239723874123714,-0.6436110423895217,members_all_050__sp0.0025
heldout,locked_universal_candidate,5c,5,1.521,13.970143058665721,-3.314626776000029,14.092109187820666,-0.7900616478656118,0.12196612915494498,2.5245651281344172,2.5275096088548086,True,1.270126194981022e-14,3.8254858287212206,2.301485938427571,members_all_050__sp0.0025
heldout,locked_universal_candidate,6c,6,3.0815,1.7125179231929197,-6.634811124000012,1.1352091591185647,-5.609355755628149,-0.577308764074355,1.0254553683718628,1.1767940013442166,True,4.189529226675416e-15,-1.8397736362684824,2.276161926791503,members_all_050__sp0.0025
heldout,locked_universal_candidate,7c,7,3.427,3.7040355081620837,-19.321482528000033,4.8550444382711255,-16.72442260115126,1.1510089301090418,2.5970599268487717,2.840693897771196,True,2.482534153247273e-15,-1.184926216904999,-1.5084595322438559,members_all_050__sp0.0025
training,locked_universal_candidate,1a,1,0.6786,-5.748113029341908,4.227443603999998,-5.550138843100017,3.9532158639179205,0.19797418624189067,-0.2742277400820772,0.3382227547765852,True,5.197930934883577e-15,-1.4049205249256067,-0.9761838319240064,members_all_050__sp0.0050
training,locked_universal_candidate,1b,1,0.6786,-4.783674198960802,-0.969769187999997,-4.746123641279844,-1.253769723006967,0.03755055768095783,-0.2840005350069701,0.2864722469392038,True,4.440892098500626e-16,-1.4049205249256067,-0.9761838319240064,members_all_050__sp0.0050
training,locked_universal_candidate,2a,2,0.916,-6.776271782658472,11.277998675999983,-6.830264763973088,10.957665804745325,-0.05399298131461627,-0.32033287125465826,0.32485133590227694,True,1.047382306668854e-15,-1.457190058456539,0.9438591268030768,members_all_050__sp0.0050
training,locked_universal_candidate,2b,2,0.916,-0.7772390574582798,-4.156659036000021,-0.6503943039653585,-4.044924389544855,0.12684475349292135,0.11173464645516606,0.16903911590854034,True,7.108895957933346e-16,-1.457190058456539,0.9438591268030768,members_all_050__sp0.0050
training,locked_universal_candidate,3a,3,1.5194,-2.0174375536347493,8.154932903999962,-2.1485399818398703,8.087516741887514,-0.13110242820512097,-0.06741616211244761,0.1474204381870123,True,4.082240392577815e-15,0.8001030766101003,-1.3767525233454803,members_all_050__sp0.0050
training,locked_universal_candidate,3b,3,1.5194,2.98907637506174,5.134105511999998,2.1860428952180087,4.5116018851822535,-0.8030334798437315,-0.6225036268177444,1.0160578404555414,True,3.1791949213824896e-15,0.8001030766101003,-1.3767525233454803,members_all_050__sp0.0050
training,locked_universal_candidate,3c,3,1.5194,1.5634781039797112,3.965703875999982,2.1860428952180033,4.511601885182267,0.6225647912382921,0.5458980091822849,0.8280045626195306,True,1.3506446028928519e-15,0.8001030766101003,-1.3767525233454803,members_all_050__sp0.0050
training,locked_universal_candidate,4a,4,1.5202,-3.4189158540684597,10.495438775999993,-3.5352131190420053,10.202135018033502,-0.11629726497354564,-0.2933037579664912,0.3155188556609464,True,6.843165171218495e-14,0.4941642142730291,-0.6520288862847904,members_all_050__sp0.0050
training,locked_universal_candidate,4b,4,1.5202,3.486595771864287,3.41780230799999,3.7850111135307465,3.387824806455042,0.29841534166645944,-0.029977501544947938,0.29991726649325656,True,5.117875266520903e-16,0.4941642142730291,-0.6520288862847904,members_all_050__sp0.0050
training,locked_universal_candidate,5a,5,1.521,5.239793645663579,14.528709863999984,5.062799281718748,14.447449476789789,-0.17699436394483126,-0.0812603872101949,0.1947569136071585,True,8.005932084973442e-15,3.831418209112011,2.2984351755014574,members_all_050__sp0.0050
training,locked_universal_candidate,5b,5,1.521,13.2029839889991,1.9107456839999704,13.469203898037362,2.001201440373367,0.26621990903826287,0.09045575637339676,0.2811677147707828,True,2.010699415441723e-14,3.831418209112011,2.2984351755014574,members_all_050__sp0.0050
training,locked_universal_candidate,6a,6,3.0815,-9.90574798751465,17.874595907999986,-10.210465138162451,18.213419817056554,-0.3047171506478019,0.33882390905656834,0.4556908856311358,True,6.311693569372732e-15,-1.8419897958437574,2.2689236701302726,members_all_050__sp0.0050
training,locked_universal_candidate,6b,6,3.0815,0.8049590237318596,-5.299632900000001,0.7908668445446638,-5.289094244335201,-0.014092179187195741,0.010538655664799279,0.017596953641617594,True,8.43769498715119e-15,-1.8419897958437574,2.2689236701302726,members_all_050__sp0.0050
training,locked_universal_candidate,7a,7,3.427,-10.01842785083087,10.257536087999991,-9.42510239584709,10.617342917839107,0.5933254549837805,0.3598068298391155,0.6938991643823939,True,1.1102230246251565e-15,-1.1845551813497905,-1.5203017240136107,members_all_050__sp0.0050
training,locked_universal_candidate,7b,7,3.427,-7.485830922116288,-2.1700512000000174,-8.263488456974068,-2.06249110291463,-0.7776575348577799,0.10756009708538761,0.7850607721737836,True,9.155133597044475e-16,-1.1845551813497905,-1.5203017240136107,members_all_050__sp0.0050
heldout,locked_universal_candidate,1c,1,0.6786,0.456839445991538,-8.935221672000038,0.4515631979961973,-7.974244176383531,-0.005276247995340655,0.9609774956165076,0.9609919801300546,True,6.280369834735101e-16,-1.4049205249256067,-0.9761838319240064,members_all_050__sp0.0050
heldout,locked_universal_candidate,2c,2,0.916,0.24443970348725166,-5.292556488000027,-0.15431936996570308,-4.482766172703319,-0.39875907345295475,0.8097903152967083,0.9026456411069635,True,3.6299369564111875e-15,-1.457190058456539,0.9438591268030768,members_all_050__sp0.0050
heldout,locked_universal_candidate,3d,3,1.5194,7.381071049134713,-15.531179832000019,8.019553623125942,-13.969809065737413,0.6384825739912294,1.5613707662626055,1.6868724513222515,True,1.1322097734007351e-15,0.8001030766101003,-1.3767525233454803,members_all_050__sp0.0050
heldout,locked_universal_candidate,4c,4,1.5202,6.864471675477358,-13.912761239999998,7.445844079554779,-12.508572601550076,0.5813724040774213,1.4041886384499218,1.519782749137062,True,5.578801654593729e-16,0.4941642142730291,-0.6520288862847904,members_all_050__sp0.0050
heldout,locked_universal_candidate,5c,5,1.521,13.970143058665721,-3.314626776000029,14.09758106680177,-0.787723387807966,0.127438008136048,2.5269033881920633,2.530114854937264,True,1.1460599492142567e-14,3.831418209112011,2.2984351755014574,members_all_050__sp0.0050
heldout,locked_universal_candidate,6c,6,3.0815,1.7125179231929197,-6.634811124000012,1.1401730592013544,-5.612336470446636,-0.5723448639915654,1.0224746535533757,1.1717649339763583,True,2.0141293913497846e-14,-1.8419897958437574,2.2689236701302726,members_all_050__sp0.0050
heldout,locked_universal_candidate,7c,7,3.427,3.7040355081620837,-19.321482528000033,4.864708507567761,-16.74006886775319,1.1606729994056777,2.5814136602468416,2.830345967696947,True,8.498827956506644e-15,-1.1845551813497905,-1.5203017240136107,members_all_050__sp0.0050
training,locked_universal_candidate,1a,1,0.6786,-5.748113029341908,4.227443603999998,-5.553197946243582,3.9568226414971295,0.1949150830983255,-0.27062096250286816,0.3335080133448159,True,4.971270767759186e-15,-1.406501408142028,-0.9908767124489944,members_all_050__sp0.0100
training,locked_universal_candidate,1b,1,0.6786,-4.783674198960802,-0.969769187999997,-4.745975194353564,-1.250849132192555,0.037699004607238074,-0.281079944192558,0.2835968088249021,True,2.482534153247273e-16,-1.406501408142028,-0.9908767124489944,members_all_050__sp0.0100
training,locked_universal_candidate,2a,2,0.916,-6.776271782658472,11.277998675999983,-6.845338901174797,10.969053115501008,-0.06906711851632519,-0.3089455604989748,0.31657167626332877,True,2.8543745438774784e-15,-1.4607011104215009,0.9308760600000517,members_all_050__sp0.0100
training,locked_universal_candidate,2b,2,0.916,-0.7772390574582798,-4.156659036000021,-0.6507051591540834,-4.043318961751903,0.12653389830419637,0.11334007424811787,0.16987289321909363,True,8.08254562088053e-16,-1.4607011104215009,0.9308760600000517,members_all_050__sp0.0100
training,locked_universal_candidate,3a,3,1.5194,-2.0174375536347493,8.154932903999962,-2.151684098767438,8.094268440474163,-0.13424654513268885,-0.06066446352579824,0.1473170459075798,True,2.0014830212433605e-15,0.8026240608150498,-1.3927482448817268,members_all_050__sp0.0100
training,locked_universal_candidate,3b,3,1.5194,2.98907637506174,5.134105511999998,2.182904186303308,4.514862600763546,-0.8061721887584321,-0.6192429112364515,1.0165507272360572,True,3.7105374255538066e-15,0.8026240608150498,-1.3927482448817268,members_all_050__sp0.0100
training,locked_universal_candidate,3c,3,1.5194,1.5634781039797112,3.965703875999982,2.1829041863032908,4.514862600763562,0.6194260823235795,0.5491587247635805,0.8278067265048648,True,3.547505691130594e-15,0.8026240608150498,-1.3927482448817268,members_all_050__sp0.0100
training,locked_universal_candidate,4a,4,1.5202,-3.4189158540684597,10.495438775999993,-3.53765615315226,10.20734973456668,-0.11874029908380024,-0.28808904143331304,0.31159999104697594,True,5.435536732634858e-14,0.497705362067301,-0.6688717425537515,members_all_050__sp0.0100
training,locked_universal_candidate,4b,4,1.5202,3.486595771864287,3.41780230799999,3.781015015055966,3.3938069934408746,0.2944192431916788,-0.02399531455911541,0.29539543984691397,True,2.065134201172189e-15,0.497705362067301,-0.6688717425537515,members_all_050__sp0.0100
training,locked_universal_candidate,5a,5,1.521,5.239793645663579,14.528709863999984,5.0600226494163625,14.459453382303215,-0.1797709962472167,-0.0692564816967689,0.19265012678099044,True,8.881784197001252e-16,3.843305317639813,2.2923436980807717,members_all_050__sp0.0100
training,locked_universal_candidate,5b,5,1.521,13.2029839889991,1.9107456839999704,13.477154915867144,2.0069382668591786,0.27417092686804523,0.09619258285920829,0.29055586405510503,True,3.065502492813422e-14,3.843305317639813,2.2923436980807717,members_all_050__sp0.0100
training,locked_universal_candidate,6a,6,3.0815,-9.90574798751465,17.874595907999986,-10.239625707464734,18.229322069203242,-0.33387771995008464,0.3547261612032564,0.48713959120673594,True,8.358438485664404e-15,-1.8464143582325143,2.2544486028062174,members_all_050__sp0.0100
training,locked_universal_candidate,6b,6,3.0815,0.8049590237318596,-5.299632900000001,0.7923514558814854,-5.285193183091202,-0.012607567850374202,0.014439716908798417,0.019169146864376308,True,4.593318838073591e-14,-1.8464143582325143,2.2544486028062174,members_all_050__sp0.0100
training,locked_universal_candidate,7a,7,3.427,-10.01842785083087,10.257536087999991,-9.434132785167964,10.62084056366752,0.5842950656629053,0.3633044756675279,0.6880340586032615,True,1.831026719408895e-15,-1.1838035011275374,-1.544003497516421,members_all_050__sp0.0100
training,locked_universal_candidate,7b,7,3.427,-7.485830922116288,-2.1700512000000174,-8.25954446224205,-2.0529332049332107,-0.7737135401257627,0.11711799506680665,0.7825274863814106,True,1.1957467920563633e-15,-1.1838035011275374,-1.544003497516421,members_all_050__sp0.0100
heldout,locked_universal_candidate,1c,1,0.6786,0.456839445991538,-8.935221672000038,0.4606265563652303,-7.9863658890607505,0.0037871103736923373,0.9488557829392876,0.9488633405408342,True,3.070725159912542e-15,-1.406501408142028,-0.9908767124489944,members_all_050__sp0.0100
heldout,locked_universal_candidate,2c,2,0.916,0.24443970348725166,-5.292556488000027,-0.14750786435497543,-4.488450768955352,-0.39194756784222706,0.8041057190446752,0.8945439638932182,True,1.6653345369377348e-15,-1.4607011104215009,0.9308760600000517,members_all_050__sp0.0100
heldout,locked_universal_candidate,3d,3,1.5194,7.381071049134713,-15.531179832000019,8.033200491711744,-13.986250345345397,0.6521294425770314,1.5449294866546222,1.676925737357127,True,5.165818938893381e-15,0.8026240608150498,-1.3927482448817268,members_all_050__sp0.0100
heldout,locked_universal_candidate,4c,4,1.5202,6.864471675477358,-13.912761239999998,7.462150274380742,-12.526508932525276,0.5976785989033848,1.386252307474722,1.5096076203987923,True,1.4812222630807097e-15,0.497705362067301,-0.6688717425537515,members_all_050__sp0.0100
heldout,locked_universal_candidate,5c,5,1.521,13.970143058665721,-3.314626776000029,14.108538060017201,-0.7830872264828229,0.13839500135147986,2.5315395495172064,2.535319638067133,True,1.162292691274871e-14,3.843305317639813,2.2923436980807717,members_all_050__sp0.0100
heldout,locked_universal_candidate,6c,6,3.0815,1.7125179231929197,-6.634811124000012,1.151830999076432,-5.620184424841181,-0.5606869241164878,1.014626699158831,1.1592399085267697,True,2.474724726735366e-13,-1.8464143582325143,2.2544486028062174,members_all_050__sp0.0100
heldout,locked_universal_candidate,7c,7,3.427,3.7040355081620837,-19.321482528000033,4.884013513969007,-16.771407196406507,1.1799780058069236,2.5500753315935256,2.809845599137062,True,7.755684626330685e-15,-1.1838035011275374,-1.544003497516421,members_all_050__sp0.0100
training,locked_universal_candidate,1a,1,0.6786,-5.748113029341908,4.227443603999998,-5.559302283743597,3.9639916703777387,0.18881074559831035,-0.26345193362225894,0.3241240796094869,True,8.005932084973442e-16,-1.4096494713735204,-1.020280010860212,members_all_050__sp0.0200
training,locked_universal_candidate,1b,1,0.6786,-4.783674198960802,-0.969769187999997,-4.7456824090960685,-1.2449634086054981,0.037991789864733505,-0.27519422060550114,0.2778043108949091,True,2.220446049250313e-16,-1.4096494713735204,-1.020280010860212,members_all_050__sp0.0200
training,locked_universal_candidate,2a,2,0.916,-6.776271782658472,11.277998675999983,-6.875485675435359,10.991873434879503,-0.09921389277688686,-0.2861252411204802,0.3028383234106881,True,2.8951074449790722e-15,-1.467708566673364,0.9049086738843009,members_all_050__sp0.0200
training,locked_universal_candidate,2b,2,0.916,-0.7772390574582798,-4.156659036000021,-0.6513626562493762,-4.040023065699839,0.12587640120890364,0.11663597030018202,0.1716065789798568,True,3.1401849173675503e-16,-1.467708566673364,0.9049086738843009,members_all_050__sp0.0200
training,locked_universal_candidate,3a,3,1.5194,-2.0174375536347493,8.154932903999962,-2.157906665534885,8.107671219100691,-0.14046911190013578,-0.047261684899270406,0.148206741606213,True,8.671119018262734e-16,0.8076948341429099,-1.424767255957245,members_all_050__sp0.0200
training,locked_universal_candidate,3b,3,1.5194,2.98907637506174,5.134105511999998,2.176549457481635,4.521473654649932,-0.8125269175801053,-0.612631857350066,1.0176039428148944,True,1.900395703982448e-15,0.8076948341429099,-1.424767255957245,members_all_050__sp0.0200
training,locked_universal_candidate,3c,3,1.5194,1.5634781039797112,3.965703875999982,2.176549457481623,4.521473654649944,0.6130713535019117,0.5557697786499625,0.8274880853192355,True,4.39205126597841e-15,0.8076948341429099,-1.424767255957245,members_all_050__sp0.0200
training,locked_universal_candidate,4a,4,1.5202,-3.4189158540684597,10.495438775999993,-3.542506053136391,10.217713711767333,-0.12359019906793156,-0.2777250642326603,0.30398313869141863,True,3.4488466675883937e-14,0.5048164068414449,-0.7025860713528111,members_all_050__sp0.0200
training,locked_universal_candidate,4b,4,1.5202,3.486595771864287,3.41780230799999,3.772969122715215,3.405820013185908,0.2863733508509281,-0.011982294814081751,0.28662391991353464,True,1.7342238036525468e-15,0.5048164068414449,-0.7025860713528111,members_all_050__sp0.0200
training,locked_universal_candidate,5a,5,1.521,5.239793645663579,14.528709863999984,5.054566732657694,14.483541458024979,-0.18522691300588523,-0.045168405975005044,0.190654646416007,True,1.9860273225978185e-15,3.8671692661275303,2.2802010300345783,members_all_050__sp0.0200
training,locked_universal_candidate,5b,5,1.521,13.2029839889991,1.9107456839999704,13.493044992734616,2.01861021861051,0.29006100373551646,0.10786453461053958,0.30946751641295667,True,6.292447932665446e-14,3.8671692661275303,2.2802010300345783,members_all_050__sp0.0200
training,locked_universal_candidate,6a,6,3.0815,-9.90574798751465,17.874595907999986,-10.297901537922819,18.261272277806015,-0.39215355040816924,0.38667636980602893,0.5507295362190967,True,7.959610006185134e-15,-1.8552319619791946,2.225503996539231,members_all_050__sp0.0200
training,locked_universal_candidate,6b,6,3.0815,0.8049590237318596,-5.299632900000001,0.7946183282847027,-5.276623468834589,-0.010340695447156878,0.023009431165411875,0.025226254277769384,True,3.3009303617866928e-15,-1.8552319619791946,2.225503996539231,members_all_050__sp0.0200
training,locked_universal_candidate,7a,7,3.427,-10.01842785083087,10.257536087999991,-9.452181102493892,10.627836044954417,0.5662467483369777,0.3702999569544261,0.6765777398959046,True,3.8778423131653425e-15,-1.182261723117377,-1.5914766306611183,members_all_050__sp0.0200
training,locked_universal_candidate,7b,7,3.427,-7.485830922116288,-2.1700512000000174,-8.251639942286499,-2.033726529441149,-0.7658090201702104,0.13632467055886854,0.7778482314545954,True,2.220446049250313e-16,-1.182261723117377,-1.5914766306611183,members_all_050__sp0.0200
heldout,locked_universal_candidate,1c,1,0.6786,0.456839445991538,-8.935221672000038,0.47874976017116033,-8.010641249851334,0.02191031417962236,0.9245804221487042,0.9248399963713322,True,9.930136612989092e-16,-1.4096494713735204,-1.020280010860212,members_all_050__sp0.0200
heldout,locked_universal_candidate,2c,2,0.916,0.24443970348725166,-5.292556488000027,-0.1340192931667423,-4.499690311882148,-0.37845899665399396,0.7928661761178795,0.87856017743814,True,4.965068306494546e-16,-1.467708566673364,0.9049086738843009,members_all_050__sp0.0200
heldout,locked_universal_candidate,3d,3,1.5194,7.381071049134713,-15.531179832000019,8.060510417236106,-14.019334750798118,0.6794393681013933,1.5118450812019013,1.6575021582128948,True,3.0867394805640034e-15,0.8076948341429099,-1.424767255957245,members_all_050__sp0.0200
heldout,locked_universal_candidate,4c,4,1.5202,6.864471675477358,-13.912761239999998,7.494701149611423,-12.562495594380735,0.6302294741340653,1.3502656456192632,1.4901028500767677,True,2.5989654674417885e-15,0.5048164068414449,-0.7025860713528111,members_all_050__sp0.0200
heldout,locked_universal_candidate,5c,5,1.521,13.970143058665721,-3.314626776000029,14.13050596275098,-0.7739763598965015,0.16036290408525922,2.540650416103528,2.5457063455657427,True,1.5713480306226774e-14,3.8671692661275303,2.2802010300345783,members_all_050__sp0.0200
heldout,locked_universal_candidate,6c,6,3.0815,1.7125179231929197,-6.634811124000012,1.1744461999406066,-5.635270969273414,-0.5380717232523131,0.9995401547265983,1.1351659351278058,True,4.39625888431457e-15,-1.8552319619791946,2.225503996539231,members_all_050__sp0.0200
heldout,locked_universal_candidate,7c,7,3.427,3.7040355081620837,-19.321482528000033,4.922532099433321,-16.83426720109677,1.2184965912712369,2.487215326903261,2.7696523293226027,True,8.658743180754972e-14,-1.182261723117377,-1.5914766306611183,members_all_050__sp0.0200
training,locked_universal_candidate,1a,1,0.6786,-5.748113029341908,4.227443603999998,-5.57750122387264,3.9851425067907007,0.17061180546926735,-0.24230109720929693,0.29634137388206916,True,2.1868857395626282e-15,-1.4189833518748447,-1.1086311144546628,members_all_050__sp0.0500
training,locked_universal_candidate,1b,1,0.6786,-4.783674198960802,-0.969769187999997,-4.744835902005223,-1.2269499104334847,0.03883829695557939,-0.25718072243348766,0.2600967844895826,True,6.280369834735101e-16,-1.4189833518748447,-1.1086311144546628,members_all_050__sp0.0500
training,locked_universal_candidate,2a,2,0.916,-6.776271782658472,11.277998675999983,-6.966081961997205,11.061042729218508,-0.18981017933873368,-0.216955946781475,0.28826686771886995,True,6.0116295811067406e-15,-1.4886082616829017,0.8269932392353951,members_all_050__sp0.0500
training,locked_universal_candidate,2b,2,0.916,-0.7772390574582798,-4.156659036000021,-0.6545827783949902,-4.028792215250933,0.12265627906328957,0.12786682074908828,0.1771848939445207,True,6.661338147750939e-16,-1.4886082616829017,0.8269932392353951,members_all_050__sp0.0500
training,locked_universal_candidate,3a,3,1.5194,-2.0174375536347493,8.154932903999962,-2.1760379067365556,8.14707442989458,-0.1586003531018063,-0.007858474105381319,0.1587949231533634,True,4.965068306494546e-16,0.8231391037085227,-1.5210466456257419,members_all_050__sp0.0500
training,locked_universal_candidate,3b,3,1.5194,2.98907637506174,5.134105511999998,2.156853192891987,4.5420305211805045,-0.832223182169753,-0.5920749908194933,1.0213462780539484,True,4.965068306494546e-16,0.8231391037085227,-1.5210466456257419,members_all_050__sp0.0500
training,locked_universal_candidate,3c,3,1.5194,1.5634781039797112,3.965703875999982,2.156853192891982,4.542030521180507,0.5933750889122706,0.5763266451805253,0.8271918750124932,True,4.965068306494546e-16,0.8231391037085227,-1.5210466456257419,members_all_050__sp0.0500
training,locked_universal_candidate,4a,4,1.5202,-3.4189158540684597,10.495438775999993,-3.5568282392281696,10.248408156961302,-0.13791238515970994,-0.24703061903869106,0.28292039997688234,True,2.6184322298853028e-14,0.5263787217916203,-0.8039567698679033,members_all_050__sp0.0500
training,locked_universal_candidate,4b,4,1.5202,3.486595771864287,3.41780230799999,3.7483978359136327,3.442247540393257,0.2618020640493457,0.024445232393266902,0.26294084910347904,True,3.1401849173675503e-16,0.5263787217916203,-0.8039567698679033,members_all_050__sp0.0500
training,locked_universal_candidate,5a,5,1.521,5.239793645663579,14.528709863999984,5.039326466254522,14.555653826247383,-0.20046717940905712,0.026943962247399256,0.2022697879610605,True,5.347542221830668e-15,3.939485895581928,2.244097200129812,members_all_050__sp0.0500
training,locked_universal_candidate,5b,5,1.521,13.2029839889991,1.9107456839999704,13.54060107622396,2.0552366585765243,0.33761708722486006,0.1444909745765539,0.36723689809206417,True,1.831026719408895e-15,3.939485895581928,2.244097200129812,members_all_050__sp0.0500
training,locked_universal_candidate,6a,6,3.0815,-9.90574798751465,17.874595907999986,-10.472364188852596,18.35828291532644,-0.566616201337947,0.48368700732645564,0.744987946664285,True,9.53499970250244e-15,-1.8814222413357529,2.138708904172256,members_all_050__sp0.0500
training,locked_universal_candidate,6b,6,3.0815,0.8049590237318596,-5.299632900000001,0.8014573226111634,-5.249098457776979,-0.0035017011206961435,0.050534442223021614,0.050655619249305346,True,4.965068306494546e-16,-1.8814222413357529,2.138708904172256,members_all_050__sp0.0500
training,locked_universal_candidate,7a,7,3.427,-10.01842785083087,10.257536087999991,-9.505874992031266,10.648102818092894,0.5125528587996033,0.3905667300929032,0.6444011202031765,True,2.589462819655575e-15,-1.1773295229821126,-1.7344531311975646,members_all_050__sp0.0500
training,locked_universal_candidate,7b,7,3.427,-7.485830922116288,-2.1700512000000174,-8.227786612864938,-1.9753836858776719,-0.7419556907486493,0.1946675141223455,0.767068242132914,True,4.965068306494546e-16,-1.1773295229821126,-1.7344531311975646,members_all_050__sp0.0500
heldout,locked_universal_candidate,1c,1,0.6786,0.456839445991538,-8.935221672000038,0.5333765867707243,-8.084400074409793,0.07653714077918633,0.8508215975902456,0.8542571772274851,True,1.1322097734007351e-15,-1.4189833518748447,-1.1086311144546628,members_all_050__sp0.0500
heldout,locked_universal_candidate,2c,2,0.916,0.24443970348725166,-5.292556488000027,-0.09254083812758294,-4.534695596724287,-0.3369805416148346,0.7578608912757403,0.829402806814811,True,1.1957467920563633e-15,-1.4886082616829017,0.8269932392353951,members_all_050__sp0.0500
heldout,locked_universal_candidate,3d,3,1.5194,7.381071049134713,-15.531179832000019,8.142284297512507,-14.119618999820952,0.7612132483777945,1.4115608321790667,1.6037299000916374,True,2.0471501066083613e-15,0.8231391037085227,-1.5210466456257419,members_all_050__sp0.0500
heldout,locked_universal_candidate,4c,4,1.5202,6.864471675477358,-13.912761239999998,7.591921066822865,-12.6715966491042,0.7274493913455071,1.2411645908957976,1.4386355197417033,True,6.032098246325168e-15,0.5263787217916203,-0.8039567698679033,members_all_050__sp0.0500
heldout,locked_universal_candidate,5c,5,1.521,13.970143058665721,-3.314626776000029,14.196860596002287,-0.7479361583268952,0.2267175373365653,2.566690617673134,2.5766842198040587,True,8.881784197001252e-16,3.939485895581928,2.244097200129812,members_all_050__sp0.0500
heldout,locked_universal_candidate,6c,6,3.0815,1.7125179231929197,-6.634811124000012,1.2411793570033407,-5.6802674535572955,-0.47133856618957903,0.9545436704427166,1.0645720561614895,True,8.005932084973442e-16,-1.8814222413357529,2.138708904172256,members_all_050__sp0.0500
heldout,locked_universal_candidate,7c,7,3.427,3.7040355081620837,-19.321482528000033,5.037714805005532,-17.025007263149266,1.333679296843448,2.2964752648507663,2.655654177203845,True,2.0379775921213233e-14,-1.1773295229821126,-1.7344531311975646,members_all_050__sp0.0500
