{
  "V_flat": -0.16705915394736856,
  "R_max": -0.010279430194685425,
  "R_d": 0.034406544636391,
  "gas_fraction": -0.03307358124145896,
  "bulge_fraction": -0.07660775358811847,
  "gbar_slope_med": -0.0810412630628334,
  "gbar_curv_med": -0.04078438865264405,
  "R_min_gbar": -0.018586789389891046,
  "R_min_gbar_frac": -0.050239106866890156,
  "shear_q_med": -0.0367163661759728,
  "shear_q_inner": -0.05352421180547389,
  "shear_q_outer": -0.07397174174118801,
  "sigma_eff": -0.06371796807972253,
  "sigma_v_ratio": 0.3006340222654144,
  "W_dispersion": -0.3025061963058995,
  "orbital_periods": -0.18090303446922554,
  "coherence_time": 0.43086920719242205
}