{
  "n_stars": 143995,
  "n_disk_stars": 143995,
  "n_bulge_stars": 0,
  "R_obs": [
    0.5,
    1.0,
    1.5,
    2.0,
    2.5,
    3.0,
    3.5,
    4.0,
    4.5,
    5.0,
    5.5,
    6.0,
    6.5,
    7.0,
    7.5,
    8.0,
    8.5,
    9.0,
    9.5,
    10.0,
    10.5,
    11.0,
    11.5,
    12.0,
    12.5,
    13.0,
    13.5,
    14.0,
    14.5,
    15.0
  ],
  "v_obs": [
    220.0,
    220.0,
    220.0,
    220.0,
    220.0,
    220.0,
    220.0,
    220.0,
    220.0,
    220.0,
    220.0,
    220.0,
    220.0,
    220.0,
    220.0,
    220.0,
    220.0,
    220.0,
    220.0,
    220.0,
    220.0,
    220.0,
    220.0,
    220.0,
    220.0,
    220.0,
    220.0,
    220.0,
    220.0,
    220.0
  ],
  "configurations": {
    "1. Disk only (universal \u03bb)": {
      "v_pred": [
        0.0,
        0.0,
        0.0,
        0.0,
        0.0,
        0.0,
        0.0,
        0.0,
        0.0,
        0.0,
        0.0,
        0.0,
        0.0,
        0.0,
        0.0,
        0.0,
        333.8797302246094,
        317.656005859375,
        289.9271240234375,
        251.91940307617188,
        230.604736328125,
        211.34010314941406,
        199.45738220214844,
        188.74798583984375,
        180.21759033203125,
        173.13038635253906,
        167.0943603515625,
        161.84144592285156,
        157.1143341064453,
        152.881103515625
      ],
      "v_solar": 133.55189208984328,
      "chi2": 27427.348644867827,
      "rms": 165.6120425719936,
      "time_sec": 0.1538093090057373
    },
    "2. Disk only (\u03bb=h(R))": {
      "v_pred": [
        0.0,
        0.0,
        0.0,
        0.0,
        0.0,
        0.0,
        0.0,
        0.0,
        0.0,
        0.0,
        0.0,
        0.0,
        0.0,
        0.0,
        0.0,
        0.0,
        347.022216796875,
        331.88946533203125,
        303.1510925292969,
        264.6021728515625,
        242.3953094482422,
        222.50465393066406,
        209.95751953125,
        198.7254638671875,
        189.7242889404297,
        182.2167510986328,
        175.80276489257812,
        170.20913696289062,
        165.17868041992188,
        160.66932678222656
      ],
      "v_solar": 138.8088867187495,
      "chi2": 27544.028619273482,
      "rms": 165.96393770718228,
      "time_sec": 0.010420560836791992
    },
    "3. Disk + Bulge (M_b=1e10)": {
      "v_pred": [
        86.41098022460938,
        121.99197387695312,
        141.39979553222656,
        153.61952209472656,
        162.0205841064453,
        168.15109252929688,
        172.8219757080078,
        176.49903869628906,
        179.46897888183594,
        181.91786193847656,
        183.97177124023438,
        185.71913146972656,
        187.2238006591797,
        188.53306579589844,
        189.68264770507812,
        190.70010375976562,
        384.953125,
        371.3905334472656,
        348.37652587890625,
        317.8509216308594,
        301.62811279296875,
        287.5435791015625,
        279.2820739746094,
        272.07427978515625,
        266.5461730957031,
        262.107666015625,
        258.4449768066406,
        255.34913635253906,
        252.6338653564453,
        250.26390075683594
      ],
      "v_solar": 268.4013122558591,
      "chi2": 5329.855712282976,
      "rms": 73.0058608077665,
      "time_sec": 0.008702754974365234
    },
    "4. Disk + Bulge (M_b=2e10)": {
      "v_pred": [
        122.20357513427734,
        172.522705078125,
        199.96949768066406,
        217.2508087158203,
        229.1317138671875,
        237.8015594482422,
        244.4071807861328,
        249.60733032226562,
        253.80746459960938,
        257.2707214355469,
        260.1753845214844,
        262.6465148925781,
        264.7744445800781,
        266.6260070800781,
        268.25177001953125,
        269.690673828125,
        430.0024719238281,
        418.27801513671875,
        398.3398742675781,
        372.28350830078125,
        358.8599853515625,
        347.4161376953125,
        340.9012756347656,
        335.2953796386719,
        331.08209228515625,
        327.7601318359375,
        325.06475830078125,
        322.82147216796875,
        320.8782043457031,
        319.204345703125
      ],
      "v_solar": 333.81539306640605,
      "chi2": 9881.950646634417,
      "rms": 99.40800091861026,
      "time_sec": 0.008168458938598633
    },
    "5. Disk (\u03bb=h(R)) + Bulge (M_b=1e10)": {
      "v_pred": [
        86.41098022460938,
        121.99197387695312,
        141.39979553222656,
        153.61952209472656,
        162.0205841064453,
        168.15109252929688,
        172.8219757080078,
        176.49903869628906,
        179.46897888183594,
        181.91786193847656,
        183.97177124023438,
        185.71913146972656,
        187.2238006591797,
        188.53306579589844,
        189.68264770507812,
        190.70010375976562,
        396.4059143066406,
        383.635498046875,
        359.45660400390625,
        327.99407958984375,
        310.7353515625,
        295.8462219238281,
        286.87518310546875,
        279.0885314941406,
        273.0636901855469,
        268.1962890625,
        264.1588439941406,
        260.7329406738281,
        257.72650146484375,
        255.09609985351562
      ],
      "v_solar": 272.9824279785153,
      "chi2": 5999.030102179991,
      "rms": 77.45340600761203,
      "time_sec": 0.00819849967956543
    },
    "6. Disk (\u03bb=h(R)) + Bulge (M_b=2e10)": {
      "v_pred": [
        122.20357513427734,
        172.522705078125,
        199.96949768066406,
        217.2508087158203,
        229.1317138671875,
        237.8015594482422,
        244.4071807861328,
        249.60733032226562,
        253.80746459960938,
        257.2707214355469,
        260.1753845214844,
        262.6465148925781,
        264.7744445800781,
        266.6260070800781,
        268.25177001953125,
        269.690673828125,
        440.2850036621094,
        429.1873474121094,
        408.0655517578125,
        380.980224609375,
        366.5479736328125,
        354.3185729980469,
        347.1492614746094,
        341.0117492675781,
        336.3514099121094,
        332.6492614746094,
        329.6258239746094,
        327.09661865234375,
        324.9029235839844,
        323.0068359375
      ],
      "v_solar": 337.9284057617185,
      "chi2": 10808.909872107846,
      "rms": 103.96590725861938,
      "time_sec": 0.008278608322143555
    }
  }
}