{
  "n_stars": 1800000,
  "n_disk_stars": 1781901,
  "n_bulge_stars": 6103,
  "R_obs": [
    0.5,
    1.0,
    1.5,
    2.0,
    2.5,
    3.0,
    3.5,
    4.0,
    4.5,
    5.0,
    5.5,
    6.0,
    6.5,
    7.0,
    7.5,
    8.0,
    8.5,
    9.0,
    9.5,
    10.0,
    10.5,
    11.0,
    11.5,
    12.0,
    12.5,
    13.0,
    13.5,
    14.0,
    14.5,
    15.0
  ],
  "v_obs": [
    220.0,
    220.0,
    220.0,
    220.0,
    220.0,
    220.0,
    220.0,
    220.0,
    220.0,
    220.0,
    220.0,
    220.0,
    220.0,
    220.0,
    220.0,
    220.0,
    220.0,
    220.0,
    220.0,
    220.0,
    220.0,
    220.0,
    220.0,
    220.0,
    220.0,
    220.0,
    220.0,
    220.0,
    220.0,
    220.0
  ],
  "configurations": {
    "1. Disk only (universal \u03bb)": {
      "v_pred": [
        0.0,
        0.0,
        0.0,
        0.0,
        0.0,
        0.0,
        0.0,
        0.0,
        0.0,
        0.0,
        0.0,
        0.0,
        0.0,
        0.0,
        0.0,
        0.0,
        772.2938842773438,
        711.6946411132812,
        679.3648071289062,
        636.17236328125,
        570.7365112304688,
        507.33026123046875,
        457.86474609375,
        418.0328063964844,
        382.7411193847656,
        354.1016845703125,
        329.4940185546875,
        309.0334167480469,
        291.11846923828125,
        275.7668762207031
      ],
      "v_solar": 308.9175537109364,
      "chi2": 69311.02100534178,
      "rms": 263.2698634582807,
      "time_sec": 0.24968194961547852
    },
    "2. Disk only (\u03bb=h(R))": {
      "v_pred": [
        0.0,
        0.0,
        0.0,
        0.0,
        0.0,
        0.0,
        0.0,
        0.0,
        0.0,
        0.0,
        0.0,
        0.0,
        0.0,
        0.0,
        0.0,
        0.0,
        809.74951171875,
        750.077392578125,
        714.4346313476562,
        667.5034790039062,
        598.9033813476562,
        532.8948364257812,
        481.0686340332031,
        439.1866149902344,
        402.2909851074219,
        372.2568359375,
        346.4857177734375,
        324.9925537109375,
        306.19622802734375,
        290.0560302734375
      ],
      "v_solar": 323.89980468749883,
      "chi2": 76711.7969865739,
      "rms": 276.96894588847664,
      "time_sec": 0.10974621772766113
    },
    "3. Disk + Bulge (M_b=1e10)": {
      "v_pred": [
        86.41098022460938,
        121.99197387695312,
        141.39979553222656,
        153.61952209472656,
        162.0205841064453,
        168.15109252929688,
        172.8219757080078,
        176.49903869628906,
        179.46897888183594,
        181.91786193847656,
        183.97177124023438,
        185.71913146972656,
        187.2238006591797,
        188.53306579589844,
        189.68264770507812,
        190.70010375976562,
        795.7078857421875,
        737.2481079101562,
        706.2896118164062,
        665.0421752929688,
        602.9437255859375,
        543.5077514648438,
        497.8507385253906,
        461.6817321777344,
        430.18511962890625,
        405.1102294921875,
        383.9786376953125,
        366.7590026855469,
        351.97857666015625,
        339.5684814453125
      ],
      "v_solar": 432.7032165527335,
      "chi2": 54554.58594839739,
      "rms": 233.56923159611026,
      "time_sec": 0.1061398983001709
    },
    "4. Disk + Bulge (M_b=2e10)": {
      "v_pred": [
        122.20357513427734,
        172.522705078125,
        199.96949768066406,
        217.2508087158203,
        229.1317138671875,
        237.8015594482422,
        244.4071807861328,
        249.60733032226562,
        253.80746459960938,
        257.2707214355469,
        260.1753845214844,
        262.6465148925781,
        264.7744445800781,
        266.6260070800781,
        268.25177001953125,
        269.690673828125,
        818.4523315429688,
        761.9451904296875,
        732.2249755859375,
        692.7098388671875,
        633.5156860351562,
        577.4230346679688,
        534.8556518554688,
        501.5462341308594,
        472.8929138183594,
        450.3782653808594,
        431.6397399902344,
        416.560546875,
        403.76708984375,
        393.1490173339844
      ],
      "v_solar": 489.1953369140617,
      "chi2": 63602.51692609826,
      "rms": 252.19539433958397,
      "time_sec": 0.12887334823608398
    },
    "5. Disk (\u03bb=h(R)) + Bulge (M_b=1e10)": {
      "v_pred": [
        86.41098022460938,
        121.99197387695312,
        141.39979553222656,
        153.61952209472656,
        162.0205841064453,
        168.15109252929688,
        172.8219757080078,
        176.49903869628906,
        179.46897888183594,
        181.91786193847656,
        183.97177124023438,
        185.71913146972656,
        187.2238006591797,
        188.53306579589844,
        189.68264770507812,
        190.70010375976562,
        832.1102905273438,
        774.3653564453125,
        740.0846557617188,
        695.0731811523438,
        629.6715087890625,
        567.4447631835938,
        519.2708740234375,
        480.9194030761719,
        447.6678771972656,
        421.07177734375,
        398.6547546386719,
        380.30340576171875,
        364.54779052734375,
        351.2718200683594
      ],
      "v_solar": 447.26417846679595,
      "chi2": 62332.9663323017,
      "rms": 249.66570916387718,
      "time_sec": 0.10724258422851562
    },
    "6. Disk (\u03bb=h(R)) + Bulge (M_b=2e10)": {
      "v_pred": [
        122.20357513427734,
        172.522705078125,
        199.96949768066406,
        217.2508087158203,
        229.1317138671875,
        237.8015594482422,
        244.4071807861328,
        249.60733032226562,
        253.80746459960938,
        257.2707214355469,
        260.1753845214844,
        262.6465148925781,
        264.7744445800781,
        266.6260070800781,
        268.25177001953125,
        269.690673828125,
        853.8856201171875,
        797.9143676757812,
        764.875,
        721.5902709960938,
        659.0046997070312,
        600.008544921875,
        554.8490600585938,
        519.3092041015625,
        488.8507080078125,
        464.787841796875,
        444.74591064453125,
        428.5338134765625,
        414.7698669433594,
        403.30047607421875
      ],
      "v_solar": 503.3686523437492,
      "chi2": 71663.0959339589,
      "rms": 267.6996375304959,
      "time_sec": 0.12819504737854004
    }
  }
}