{
  "n_stars": 100000,
  "M_disk_Msun": 50000000000.0,
  "A": 0.591,
  "R_obs": [
    0.5,
    1.0,
    1.5,
    2.0,
    2.5,
    3.0,
    3.5,
    4.0,
    4.5,
    5.0,
    5.5,
    6.0,
    6.5,
    7.0,
    7.5,
    8.0,
    8.5,
    9.0,
    9.5,
    10.0,
    10.5,
    11.0,
    11.5,
    12.0,
    12.5,
    13.0,
    13.5,
    14.0,
    14.5,
    15.0
  ],
  "v_obs": [
    220.0,
    220.0,
    220.0,
    220.0,
    220.0,
    220.0,
    220.0,
    220.0,
    220.0,
    220.0,
    220.0,
    220.0,
    220.0,
    220.0,
    220.0,
    220.0,
    220.0,
    220.0,
    220.0,
    220.0,
    220.0,
    220.0,
    220.0,
    220.0,
    220.0,
    220.0,
    220.0,
    220.0,
    220.0,
    220.0
  ],
  "hypotheses": {
    "universal": {
      "name": "Universal \u03bb = 4.993 kpc",
      "v_pred": [
        108.89757537841797,
        143.61651611328125,
        249.0764617919922,
        191.05653381347656,
        204.09197998046875,
        215.3411407470703,
        220.15975952148438,
        211.32354736328125,
        215.44493103027344,
        200.24598693847656,
        209.62693786621094,
        207.62728881835938,
        202.2777557373047,
        197.77630615234375,
        205.82037353515625,
        188.891845703125,
        185.79885864257812,
        177.42578125,
        180.03109741210938,
        172.7661590576172,
        169.8966827392578,
        164.8231201171875,
        160.5152130126953,
        158.18362426757812,
        153.0662078857422,
        151.8213653564453,
        148.30409240722656,
        148.14422607421875,
        142.17591857910156,
        139.36727905273438
      ],
      "lambda_median": 4.993000030517578,
      "lambda_std": 0.0,
      "chi2": 2485.8477853920176,
      "rms_km_s": 49.85827699983241
    },
    "mass_05": {
      "name": "\u03bb \u221d M^0.5 (Tully-Fisher)",
      "v_pred": [
        108.8955078125,
        143.61231994628906,
        249.07252502441406,
        191.0497589111328,
        204.08432006835938,
        215.33303833007812,
        220.15126037597656,
        211.31460571289062,
        215.43592834472656,
        200.23638916015625,
        209.61770629882812,
        207.6181640625,
        202.2686767578125,
        197.76722717285156,
        205.81175231933594,
        188.88302612304688,
        185.79022216796875,
        177.41720581054688,
        180.02281188964844,
        172.7579803466797,
        169.88870239257812,
        164.8152618408203,
        160.5075225830078,
        158.17611694335938,
        153.05885314941406,
        151.814208984375,
        148.2970428466797,
        148.13739013671875,
        142.16912841796875,
        139.3606414794922
      ],
      "lambda_median": 5.0,
      "lambda_std": 0.0,
      "chi2": 2486.397152920424,
      "rms_km_s": 49.86378598662986
    },
    "mass_03": {
      "name": "\u03bb \u221d M^0.3 (SPARC)",
      "v_pred": [
        108.8955078125,
        143.61231994628906,
        249.07252502441406,
        191.0497589111328,
        204.08432006835938,
        215.33303833007812,
        220.15126037597656,
        211.31460571289062,
        215.43592834472656,
        200.23638916015625,
        209.61770629882812,
        207.6181640625,
        202.2686767578125,
        197.76722717285156,
        205.81175231933594,
        188.88302612304688,
        185.79022216796875,
        177.41720581054688,
        180.02281188964844,
        172.7579803466797,
        169.88870239257812,
        164.8152618408203,
        160.5075225830078,
        158.17611694335938,
        153.05885314941406,
        151.814208984375,
        148.2970428466797,
        148.13739013671875,
        142.16912841796875,
        139.3606414794922
      ],
      "lambda_median": 5.0,
      "lambda_std": 0.0,
      "chi2": 2486.397152920424,
      "rms_km_s": 49.86378598662986
    },
    "local_disk": {
      "name": "\u03bb = h(R) (disk scale height)",
      "v_pred": [
        123.03038787841797,
        164.8359375,
        268.6215515136719,
        218.43678283691406,
        232.8640899658203,
        243.9656982421875,
        248.52182006835938,
        238.69378662109375,
        241.9334259033203,
        226.45770263671875,
        234.2004852294922,
        230.94265747070312,
        224.50987243652344,
        219.1348419189453,
        225.46188354492188,
        208.1575927734375,
        204.05299377441406,
        195.0613250732422,
        196.49078369140625,
        188.64576721191406,
        185.0297088623047,
        179.41732788085938,
        174.5812530517578,
        171.64036560058594,
        166.18617248535156,
        164.35003662109375,
        160.46922302246094,
        159.71438598632812,
        153.6759490966797,
        150.5685577392578
      ],
      "lambda_median": 0.12176239490509033,
      "lambda_std": 2.7882087230682373,
      "chi2": 1660.8310559781287,
      "rms_km_s": 40.75329503215818
    },
    "hybrid": {
      "name": "\u03bb ~ M^0.3 \u00d7 R^0.3",
      "v_pred": [
        108.18363952636719,
        141.70631408691406,
        247.00787353515625,
        187.18521118164062,
        199.44985961914062,
        210.18325805664062,
        214.529052734375,
        205.19483947753906,
        209.09408569335938,
        193.2916717529297,
        202.81436157226562,
        200.7546844482422,
        195.29904174804688,
        190.685302734375,
        199.02413940429688,
        181.8009796142578,
        178.77195739746094,
        170.3271942138672,
        173.13975524902344,
        165.8831787109375,
        163.10057067871094,
        158.08258056640625,
        153.85177612304688,
        151.63442993164062,
        146.57688903808594,
        145.47335815429688,
        142.01708984375,
        142.00732421875,
        136.05255126953125,
        133.32797241210938
      ],
      "lambda_median": 18.969165802001953,
      "lambda_std": 4.532773494720459,
      "chi2": 2971.815376318611,
      "rms_km_s": 54.51435935896716
    }
  }
}