{
  "n_stars": 143995,
  "M_disk_Msun": 50000000000.0,
  "A": 0.591,
  "R_obs": [
    0.5,
    1.0,
    1.5,
    2.0,
    2.5,
    3.0,
    3.5,
    4.0,
    4.5,
    5.0,
    5.5,
    6.0,
    6.5,
    7.0,
    7.5,
    8.0,
    8.5,
    9.0,
    9.5,
    10.0,
    10.5,
    11.0,
    11.5,
    12.0,
    12.5,
    13.0,
    13.5,
    14.0,
    14.5,
    15.0
  ],
  "v_obs": [
    220.0,
    220.0,
    220.0,
    220.0,
    220.0,
    220.0,
    220.0,
    220.0,
    220.0,
    220.0,
    220.0,
    220.0,
    220.0,
    220.0,
    220.0,
    220.0,
    220.0,
    220.0,
    220.0,
    220.0,
    220.0,
    220.0,
    220.0,
    220.0,
    220.0,
    220.0,
    220.0,
    220.0,
    220.0,
    220.0
  ],
  "hypotheses": {
    "universal": {
      "name": "Universal \u03bb = 4.993 kpc",
      "v_pred": [
        0.0,
        0.0,
        0.0,
        0.0,
        0.0,
        0.0,
        0.0,
        0.0,
        0.0,
        0.0,
        0.0,
        0.0,
        0.0,
        0.0,
        0.0,
        0.0,
        333.8797302246094,
        317.656005859375,
        289.9271240234375,
        251.91940307617188,
        230.604736328125,
        211.34010314941406,
        199.45738220214844,
        188.74798583984375,
        180.21759033203125,
        173.13038635253906,
        167.0943603515625,
        161.84144592285156,
        157.1143341064453,
        152.881103515625
      ],
      "lambda_median": 4.993000030517578,
      "lambda_std": 4.76837158203125e-07,
      "chi2": 27427.348644867827,
      "rms_km_s": 165.6120425719936
    },
    "mass_05": {
      "name": "\u03bb \u221d M^0.5 (Tully-Fisher)",
      "v_pred": [
        0.0,
        0.0,
        0.0,
        0.0,
        0.0,
        0.0,
        0.0,
        0.0,
        0.0,
        0.0,
        0.0,
        0.0,
        0.0,
        0.0,
        0.0,
        0.0,
        333.872314453125,
        317.6466064453125,
        289.91754150390625,
        251.9095458984375,
        230.5951385498047,
        211.3307342529297,
        199.4483184814453,
        188.73924255371094,
        180.2091064453125,
        173.1221923828125,
        167.08639526367188,
        161.83372497558594,
        157.1068115234375,
        152.87379455566406
      ],
      "lambda_median": 5.0,
      "lambda_std": 0.0,
      "chi2": 27427.365165493902,
      "rms_km_s": 165.61209244947636
    },
    "mass_03": {
      "name": "\u03bb \u221d M^0.3 (SPARC)",
      "v_pred": [
        0.0,
        0.0,
        0.0,
        0.0,
        0.0,
        0.0,
        0.0,
        0.0,
        0.0,
        0.0,
        0.0,
        0.0,
        0.0,
        0.0,
        0.0,
        0.0,
        333.872314453125,
        317.6466064453125,
        289.91754150390625,
        251.9095458984375,
        230.5951385498047,
        211.3307342529297,
        199.4483184814453,
        188.73924255371094,
        180.2091064453125,
        173.1221923828125,
        167.08639526367188,
        161.83372497558594,
        157.1068115234375,
        152.87379455566406
      ],
      "lambda_median": 5.0,
      "lambda_std": 0.0,
      "chi2": 27427.365165493902,
      "rms_km_s": 165.61209244947636
    },
    "local_disk": {
      "name": "\u03bb = h(R) (disk scale height)",
      "v_pred": [
        0.0,
        0.0,
        0.0,
        0.0,
        0.0,
        0.0,
        0.0,
        0.0,
        0.0,
        0.0,
        0.0,
        0.0,
        0.0,
        0.0,
        0.0,
        0.0,
        347.022216796875,
        331.88946533203125,
        303.1510925292969,
        264.6021728515625,
        242.3953094482422,
        222.50465393066406,
        209.95751953125,
        198.7254638671875,
        189.7242889404297,
        182.2167510986328,
        175.80276489257812,
        170.20913696289062,
        165.17868041992188,
        160.66932678222656
      ],
      "lambda_median": 0.9809846878051758,
      "lambda_std": 0.3799842894077301,
      "chi2": 27544.028619273482,
      "rms_km_s": 165.96393770718228
    },
    "hybrid": {
      "name": "\u03bb ~ M^0.3 \u00d7 R^0.3",
      "v_pred": [
        0.0,
        0.0,
        0.0,
        0.0,
        0.0,
        0.0,
        0.0,
        0.0,
        0.0,
        0.0,
        0.0,
        0.0,
        0.0,
        0.0,
        0.0,
        0.0,
        327.8102722167969,
        309.8052978515625,
        281.621337890625,
        243.09469604492188,
        221.75424194335938,
        202.4597930908203,
        190.69760131835938,
        180.10426330566406,
        171.7113037109375,
        164.76637268066406,
        158.8724365234375,
        153.75933837890625,
        149.16714477539062,
        145.0648956298828
      ],
      "lambda_median": 25.70014190673828,
      "lambda_std": 0.7002953886985779,
      "chi2": 27510.638549185358,
      "rms_km_s": 165.86331284881945
    }
  }
}