{
  "N_clusters": 32,
  "cluster_ids": [
    "A119",
    "A147",
    "A168",
    "A262",
    "A376",
    "A400",
    "A634",
    "A671",
    "A779",
    "A1016",
    "A1177",
    "A1185",
    "A1314",
    "A1367",
    "A1656",
    "A1750",
    "A1795",
    "A2029",
    "A2052",
    "A2063",
    "A2065",
    "A2142",
    "A2147",
    "A2152",
    "A2197",
    "A2199",
    "A2255",
    "A2589",
    "A2597",
    "A2634",
    "A2657",
    "A2670"
  ],
  "bins": [
    0.0,
    0.2,
    0.4,
    0.6000000000000001,
    0.8,
    1.0,
    1.2000000000000002,
    1.4000000000000001,
    1.6,
    1.8,
    2.0
  ]
}