{
  "method": "ANALYTICAL_DENSITY_VALIDATION",
  "density_model": {
    "M_disk": 50000000000.0,
    "M_bulge": 7000000000.0,
    "M_gas": 10000000000.0,
    "M_total_baryons": 67000000000.0
  },
  "validation_data": {
    "n_gaia_stars": 1800000,
    "n_radial_bins": 29,
    "R_range": [
      3.2241379310344827,
      15.775862068965518
    ]
  },
  "R_obs": [
    3.2241379310344827,
    3.6724137931034484,
    4.120689655172414,
    4.568965517241379,
    5.017241379310345,
    5.4655172413793105,
    5.913793103448276,
    6.362068965517242,
    6.810344827586206,
    7.258620689655173,
    7.706896551724138,
    8.155172413793103,
    8.60344827586207,
    9.051724137931036,
    9.5,
    9.948275862068966,
    10.39655172413793,
    10.844827586206897,
    11.293103448275861,
    11.741379310344827,
    12.189655172413794,
    12.637931034482758,
    13.086206896551724,
    13.53448275862069,
    13.982758620689655,
    14.431034482758621,
    14.879310344827587,
    15.327586206896552,
    15.775862068965518
  ],
  "v_obs": [
    133.24593328997497,
    122.8604944772897,
    106.9532853108131,
    92.9632744483224,
    80.58702868641673,
    67.2733675088876,
    59.63747708900515,
    54.67630593544391,
    52.06571754580759,
    53.29137690386939,
    53.67082805470195,
    49.17268924020587,
    42.40555153287235,
    38.57157343596013,
    36.81643731667853,
    35.266666109176484,
    34.24476958543619,
    34.910633343049405,
    35.27679662430017,
    36.18932160738367,
    38.476269606466246,
    37.18470590026857,
    38.45134051057362,
    43.55264989756582,
    46.689893115503466,
    47.85679796229736,
    47.41627404134505,
    58.25632647874415,
    62.62571113654061
  ],
  "v_err": [
    1.7006181673037155,
    1.3484424792503855,
    1.065889782156534,
    0.7907669582539292,
    0.5790728320856903,
    0.3733705210155064,
    0.23126985113350315,
    0.15266777361978912,
    0.10990441072633461,
    0.09426168365749552,
    0.08807395003255028,
    0.08236026862533041,
    0.09119673319938143,
    0.10526315842832819,
    0.12320139848138995,
    0.15802479056833732,
    0.21953234653490758,
    0.3034307249860343,
    0.42020541404196526,
    0.5778271758391448,
    0.8497195823650349,
    1.1066941628902733,
    1.3624102168612549,
    1.7108469219954283,
    2.3783269229574637,
    3.126224489207253,
    3.4649840934762612,
    4.795735044606937,
    7.102239077816555
  ],
  "hypotheses": {
    "universal": {
      "name": "Universal \u03bb = 4.993 kpc",
      "v_pred": [
        1655.0484619140625,
        1562.2421875,
        1482.780029296875,
        1412.8829345703125,
        1350.660888671875,
        1296.39599609375,
        1248.2625732421875,
        1206.0751953125,
        1167.210205078125,
        1132.1221923828125,
        1100.3974609375,
        1070.16162109375,
        1043.3035888671875,
        1018.2938842773438,
        995.215087890625,
        974.29736328125,
        953.3336791992188,
        934.7815551757812,
        916.927734375,
        900.1383666992188,
        884.3456420898438,
        869.5093383789062,
        855.261474609375,
        841.8029174804688,
        829.0748901367188,
        816.7911987304688,
        805.116455078125,
        793.966064453125,
        783.2550659179688
      ],
      "lambda_median": 4.993000030517578,
      "lambda_std": 9.5367431640625e-07,
      "chi2": 33532659.364110228,
      "rms": 1032.5984591873955
    },
    "h_R": {
      "name": "Position-dependent \u03bb = h(R)",
      "v_pred": [
        1879.7401123046875,
        1768.192626953125,
        1674.0731201171875,
        1594.2991943359375,
        1523.3167724609375,
        1460.991455078125,
        1401.549072265625,
        1353.26513671875,
        1307.1640625,
        1265.625,
        1226.873779296875,
        1192.80712890625,
        1161.715576171875,
        1132.72412109375,
        1105.3148193359375,
        1080.846435546875,
        1056.732177734375,
        1034.6021728515625,
        1013.8665161132812,
        994.3453369140625,
        975.988525390625,
        958.6787109375,
        942.1831665039062,
        926.5653686523438,
        911.7097778320312,
        897.5161743164062,
        883.9913940429688,
        871.079833984375,
        858.7171630859375
      ],
      "lambda_median": 0.07389713823795319,
      "lambda_std": 2.012395143508911,
      "chi2": 42133707.85940686,
      "rms": 1161.1834408884868
    }
  }
}