model,system_id,target_id,point_index,radius_m,predicted_speed_m_s,observed_speed_m_s,uncertainty_m_s,residual_m_s,azimuthal_coverage,mean_inward_acceleration_m_s2
newtonian_poisson,CVnIdwA,CVnIdwA-published-circular-speed,0,5.245651888535325e+18,2038.0072203135624,6370.0,1660.0,-4331.992779686438,1.0,7.917935689037753e-13
newtonian_poisson,CVnIdwA,CVnIdwA-published-circular-speed,1,1.0799871535219784e+19,4523.727620760122,8800.0,1860.0,-4276.272379239878,1.0,1.8948476859277357e-12
newtonian_poisson,CVnIdwA,CVnIdwA-published-circular-speed,2,1.604552342375511e+19,7280.430695924777,11080.0,1670.0,-3799.569304075223,1.0,3.303393084683748e-12
newtonian_poisson,CVnIdwA,CVnIdwA-published-circular-speed,3,2.1599743070439567e+19,10233.267040669922,15120.0,1610.0,-4886.732959330078,1.0,4.848194443061504e-12
newtonian_poisson,CVnIdwA,CVnIdwA-published-circular-speed,4,2.6845394958974894e+19,12390.572266834135,16550.0,2000.0,-4159.427733165865,1.0,5.718905657162352e-12
newtonian_poisson,CVnIdwA,CVnIdwA-published-circular-speed,5,3.2399614605659357e+19,13977.576963930669,18540.0,2770.0,-4562.423036069331,1.0,6.030092029195892e-12
newtonian_poisson,CVnIdwA,CVnIdwA-published-circular-speed,6,3.764526649419468e+19,14848.41229152273,19920.0,3500.0,-5071.587708477269,1.0,5.856655248091897e-12
newtonian_poisson,CVnIdwA,CVnIdwA-published-circular-speed,7,4.3199486140879135e+19,15162.756337153605,22150.0,3650.0,-6987.243662846395,1.0,5.322035058244168e-12
newtonian_poisson,CVnIdwA,CVnIdwA-published-circular-speed,8,4.8445138029414466e+19,15031.823803399657,22430.0,3940.0,-7398.176196600343,1.0,4.6641569422149e-12
newtonian_poisson,DDO47,DDO47-published-circular-speed,0,1.1725574809667195e+19,1247.8017773167094,18240.0,3220.0,-16992.19822268329,1.0,1.3278745824819238e-13
newtonian_poisson,DDO47,DDO47-published-circular-speed,1,2.345114961933439e+19,2461.374634080581,26920.0,2610.0,-24458.62536591942,1.0,2.5833979091159235e-13
newtonian_poisson,DDO47,DDO47-published-circular-speed,2,3.4868156670852444e+19,3603.3458960140215,25750.0,3790.0,-22146.65410398598,1.0,3.723770593578574e-13
newtonian_poisson,DDO47,DDO47-published-circular-speed,3,4.659373148051965e+19,4541.461700239385,29710.0,2610.0,-25168.538299760614,1.0,4.4265341537121256e-13
newtonian_poisson,DDO47,DDO47-published-circular-speed,4,5.831930629018684e+19,5453.323969243755,27450.0,2500.0,-21996.676030756244,1.0,5.099296306021473e-13
newtonian_poisson,DDO47,DDO47-published-circular-speed,5,7.004488109985404e+19,6393.599964287996,29060.0,2780.0,-22666.400035712002,1.0,5.83598970566725e-13
newtonian_poisson,DDO47,DDO47-published-circular-speed,6,8.177045590952123e+19,7436.582073413549,34970.0,2330.0,-27533.41792658645,1.0,6.763170428670239e-13
newtonian_poisson,DDO47,DDO47-published-circular-speed,7,9.349603071918842e+19,8495.528891175929,40170.0,2390.0,-31674.471108824073,1.0,7.719473285189685e-13
newtonian_poisson,DDO47,DDO47-published-circular-speed,8,1.0491303777070649e+20,9522.47852274521,47020.0,2370.0,-37497.52147725479,1.0,8.643119972784024e-13
newtonian_poisson,DDO47,DDO47-published-circular-speed,9,1.1663861258037368e+20,10607.729250598237,53880.0,3160.0,-43272.27074940177,1.0,9.647227223014088e-13
newtonian_poisson,DDO47,DDO47-published-circular-speed,10,1.2836418739004088e+20,11670.867908295999,58350.0,3280.0,-46679.132091704,1.0,1.0611149457053406e-12
newtonian_poisson,DDO47,DDO47-published-circular-speed,11,1.4008976219970807e+20,12665.551594005858,60760.0,3030.0,-48094.448405994146,1.0,1.1450957918804905e-12
newtonian_poisson,DDO47,DDO47-published-circular-speed,12,1.5181533700937525e+20,13451.899779006537,62930.0,3540.0,-49478.10022099347,1.0,1.1919323253437922e-12
newtonian_poisson,DDO47,DDO47-published-circular-speed,13,1.6323234406089333e+20,14133.56080206345,63990.0,5170.0,-49856.43919793655,1.0,1.2237620068183637e-12
newtonian_poisson,DDO50,DDO50-published-circular-speed,0,7.714193953728418e+18,2505.467552986277,5830.0,10060.0,-3324.532447013723,1.0,8.13742524069293e-13
newtonian_poisson,DDO50,DDO50-published-circular-speed,1,1.51198201493077e+19,4867.330091697842,13080.0,2750.0,-8212.669908302158,1.0,1.566877250364124e-12
newtonian_poisson,DDO50,DDO50-published-circular-speed,2,2.2834014103036117e+19,7281.7825861471465,29230.0,4570.0,-21948.217413852853,1.0,2.3221654060757306e-12
newtonian_poisson,DDO50,DDO50-published-circular-speed,3,3.0548208056764535e+19,9458.302970087885,34750.0,4790.0,-25291.697029912117,1.0,2.9284694836351808e-12
newtonian_poisson,DDO50,DDO50-published-circular-speed,4,3.826240201049295e+19,11139.541696019798,40010.0,5020.0,-28870.458303980202,1.0,3.243115504440463e-12
newtonian_poisson,DDO50,DDO50-published-circular-speed,5,4.566802820607223e+19,12613.14727265134,40290.0,7450.0,-27676.85272734866,1.0,3.4836512626231234e-12
newtonian_poisson,DDO50,DDO50-published-circular-speed,6,5.338222215980065e+19,14074.923040120035,43470.0,5640.0,-29395.076959879967,1.0,3.711038067922229e-12
newtonian_poisson,DDO50,DDO50-published-circular-speed,7,6.109641611352907e+19,15369.776515260834,42130.0,5560.0,-26760.223484739166,1.0,3.866512066601451e-12
newtonian_poisson,DDO50,DDO50-published-circular-speed,8,6.881061006725748e+19,16562.37764573287,42130.0,5650.0,-25567.62235426713,1.0,3.986483378242848e-12
newtonian_poisson,DDO50,DDO50-published-circular-speed,9,7.621623626283678e+19,17670.33680096726,40940.0,6560.0,-23269.66319903274,1.0,4.0967754112500994e-12
newtonian_poisson,DDO50,DDO50-published-circular-speed,10,8.39304302165652e+19,18859.305888495957,41570.0,5980.0,-22710.694111504043,1.0,4.23771709114461e-12
newtonian_poisson,DDO50,DDO50-published-circular-speed,11,9.164462417029361e+19,20152.244007784688,41690.0,4400.0,-21537.755992215312,1.0,4.431388553622706e-12
newtonian_poisson,DDO50,DDO50-published-circular-speed,12,9.905025036587288e+19,21388.378511343144,39960.0,3930.0,-18571.621488656856,1.0,4.618491459180612e-12
newtonian_poisson,DDO50,DDO50-published-circular-speed,13,1.067644443196013e+20,22630.100091473127,39330.0,4040.0,-16699.899908526873,1.0,4.796741400320946e-12
newtonian_poisson,DDO50,DDO50-published-circular-speed,14,1.1447863827332973e+20,23644.320086455304,38590.0,3980.0,-14945.679913544696,1.0,4.8834776582156245e-12
newtonian_poisson,DDO50,DDO50-published-circular-speed,15,1.2219283222705814e+20,24448.274377591682,40130.0,4270.0,-15681.725622408318,1.0,4.89159723322665e-12
newtonian_poisson,DDO50,DDO50-published-circular-speed,16,1.2959845842263743e+20,25085.353159420705,43820.0,3940.0,-18734.646840579295,1.0,4.855574293026781e-12
newtonian_poisson,DDO50,DDO50-published-circular-speed,17,1.3731265237636584e+20,25590.236776398222,45590.0,4050.0,-19999.763223601778,1.0,4.769117826645654e-12
newtonian_poisson,DDO50,DDO50-published-circular-speed,18,1.4502684633009426e+20,25871.716113619997,44660.0,4300.0,-18788.283886380003,1.0,4.6153226909468415e-12
newtonian_poisson,DDO50,DDO50-published-circular-speed,19,1.527410402838227e+20,26106.612957512367,45340.0,4280.0,-19233.387042487633,1.0,4.462161831861888e-12
newtonian_poisson,DDO50,DDO50-published-circular-speed,20,1.6014666647940196e+20,26342.669735750147,43220.0,4810.0,-16877.330264249853,1.0,4.3331295247164e-12
newtonian_poisson,DDO50,DDO50-published-circular-speed,21,1.678608604331304e+20,26561.51763859585,40390.0,5600.0,-13828.482361404149,1.0,4.2029703496396025e-12
newtonian_poisson,DDO50,DDO50-published-circular-speed,22,1.755750543868588e+20,26755.57170824326,39000.0,6580.0,-12244.42829175674,1.0,4.077234205820796e-12
newtonian_poisson,DDO50,DDO50-published-circular-speed,23,1.8298068058243806e+20,26895.027701225063,38290.0,7660.0,-11394.972298774937,1.0,3.953108671075124e-12
newtonian_poisson,DDO50,DDO50-published-circular-speed,24,1.906948745361665e+20,26986.42755598301,40040.0,9630.0,-13053.57244401699,1.0,3.8190185971474475e-12
newtonian_poisson,DDO50,DDO50-published-circular-speed,25,1.984090684898949e+20,27010.570641140937,37630.0,10130.0,-10619.429358859063,1.0,3.677104740790728e-12
newtonian_poisson,DDO52,DDO52-published-circular-speed,0,1.3885549116711152e+19,4617.369728192803,11760.0,3140.0,-7142.630271807197,1.0,1.5354166427003383e-12
newtonian_poisson,DDO52,DDO52-published-circular-speed,1,2.7771098233422303e+19,7776.731259161301,19910.0,4330.0,-12133.2687408387,1.0,2.177715428064427e-12
newtonian_poisson,DDO52,DDO52-published-circular-speed,2,4.165664735013346e+19,9314.277398253833,28530.0,3020.0,-19215.722601746165,1.0,2.082639121732975e-12
newtonian_poisson,DDO52,DDO52-published-circular-speed,3,5.554219646684461e+19,10180.326977469518,34820.0,2730.0,-24639.673022530482,1.0,1.8659517260909914e-12
newtonian_poisson,DDO52,DDO52-published-circular-speed,4,6.942774558355576e+19,11550.425086143992,37070.0,3470.0,-25519.574913856006,1.0,1.9215994779790703e-12
newtonian_poisson,DDO52,DDO52-published-circular-speed,5,8.331329470026691e+19,12590.197145313867,39600.0,3680.0,-27009.80285468613,1.0,1.9026142793673676e-12
newtonian_poisson,DDO52,DDO52-published-circular-speed,6,9.719884381697806e+19,12886.674259286998,43390.0,3260.0,-30503.325740713,1.0,1.7085221072965346e-12
newtonian_poisson,DDO52,DDO52-published-circular-speed,7,1.1108439293368921e+20,12685.572363527093,43820.0,4360.0,-31134.42763647291,1.0,1.4486620662035243e-12
newtonian_poisson,DDO52,DDO52-published-circular-speed,8,1.2466137429225123e+20,12062.501818451045,47430.0,4400.0,-35367.49818154896,1.0,1.1671935348556405e-12
newtonian_poisson,DDO52,DDO52-published-circular-speed,9,1.3854692340896239e+20,11144.536589059742,49060.0,4900.0,-37915.463410940254,1.0,8.964522107667169e-13
newtonian_poisson,DDO52,DDO52-published-circular-speed,10,1.5243247252567356e+20,10316.238813633741,50910.0,6340.0,-40593.76118636626,1.0,6.981765859764468e-13
newtonian_poisson,DDO52,DDO52-published-circular-speed,11,1.6631802164238467e+20,9740.333093377534,53200.0,4460.0,-43459.666906622464,1.0,5.704378144537028e-13
newtonian_poisson,DDO53,DDO53-published-circular-speed,0,6.47992292113187e+18,2149.75879085056,3140.0,4920.0,-990.2412091494398,1.0,7.131971961839349e-13
newtonian_poisson,DDO53,DDO53-published-circular-speed,1,9.565600502623238e+18,3161.8437856088008,5810.0,4920.0,-2648.1562143911992,1.0,1.0451258258016713e-12
newtonian_poisson,DDO53,DDO53-published-circular-speed,2,1.295984584226374e+19,4266.419227355018,7110.0,1820.0,-2843.580772644982,1.0,1.4045177114826798e-12
newtonian_poisson,DDO53,DDO53-published-circular-speed,3,1.604552342375511e+19,5185.795001316043,11200.0,4900.0,-6014.204998683957,1.0,1.6760107529967294e-12
newtonian_poisson,DDO53,DDO53-published-circular-speed,4,1.9439768763395613e+19,6055.5553658323815,13020.0,4110.0,-6964.4446341676185,1.0,1.8863264905552365e-12
newtonian_poisson,DDO53,DDO53-published-circular-speed,5,2.252544634488698e+19,6801.146485656042,14560.0,4019.9999999999995,-7758.853514343958,1.0,2.0534817739516638e-12
newtonian_poisson,DDO53,DDO53-published-circular-speed,6,2.591969168452748e+19,7590.704734176723,18100.0,5210.0,-10509.295265823277,1.0,2.2229739096722326e-12
newtonian_poisson,DDO53,DDO53-published-circular-speed,7,2.900536926601885e+19,8272.386467322889,19590.0,6440.0,-11317.613532677111,1.0,2.359300350122369e-12
newtonian_poisson,DDO53,DDO53-published-circular-speed,8,3.2399614605659357e+19,8903.304002204251,23230.0,6560.0,-14326.695997795749,1.0,2.4465976870545887e-12
newtonian_poisson,DDO87,DDO87-published-circular-speed,0,1.3268413600412879e+19,1895.887315743344,13170.0,3410.0,-11274.112684256655,1.0,2.7089815122168445e-13
newtonian_poisson,DDO87,DDO87-published-circular-speed,1,2.6536827200825758e+19,3583.4763446915886,21320.0,2610.0,-17736.52365530841,1.0,4.839049753681404e-13
newtonian_poisson,DDO87,DDO87-published-circular-speed,2,3.980524080123864e+19,5457.031832240175,26040.0,2940.0,-20582.968167759824,1.0,7.481225039381226e-13
newtonian_poisson,DDO87,DDO87-published-circular-speed,3,5.3073654401651515e+19,7326.758831821806,34190.0,3050.0,-26863.241168178196,1.0,1.011450889992011e-12
newtonian_poisson,DDO87,DDO87-published-circular-speed,4,6.634206800206439e+19,8799.808199693103,37830.0,2470.0,-29030.191800306897,1.0,1.167232597406767e-12
newtonian_poisson,DDO87,DDO87-published-circular-speed,5,7.961048160247728e+19,9461.871143963814,38870.0,2930.0,-29408.128856036186,1.0,1.124563044248551e-12
newtonian_poisson,DDO87,DDO87-published-circular-speed,6,9.287889520289014e+19,9769.54035367953,40540.0,4640.0,-30770.459646320473,1.0,1.0276168607914579e-12
newtonian_poisson,DDO87,DDO87-published-circular-speed,7,1.0614730880330303e+20,10068.596767044193,43930.0,3500.0,-33861.40323295581,1.0,9.550561573368707e-13
newtonian_poisson,DDO87,DDO87-published-circular-speed,8,1.194157224037159e+20,10618.087261070825,45240.0,2860.0,-34621.912738929175,1.0,9.441284180533185e-13
newtonian_poisson,DDO87,DDO87-published-circular-speed,9,1.3299270376227791e+20,11341.591146181678,48490.0,4090.0,-37148.40885381832,1.0,9.672086218885622e-13
newtonian_poisson,DDO87,DDO87-published-circular-speed,10,1.462611173626908e+20,12075.352319738726,50300.0,3370.0,-38224.647680261274,1.0,9.969439333916549e-13
newtonian_poisson,DDO87,DDO87-published-circular-speed,11,1.5952953096310368e+20,12669.411992156787,51960.0,9080.0,-39290.58800784321,1.0,1.0061710785329786e-12
newtonian_poisson,DDO101,DDO101-published-circular-speed,0,5.862787404833597e+18,2047.5303535171224,19420.0,4120.0,-17372.469646482878,1.0,7.150831608046249e-13
newtonian_poisson,DDO101,DDO101-published-circular-speed,1,1.1417007051518058e+19,3800.021079714571,29470.0,4900.0,-25669.97892028543,1.0,1.2647938414258106e-12
newtonian_poisson,DDO101,DDO101-published-circular-speed,2,1.7279794456351658e+19,5324.319715712215,37920.0,3670.0,-32595.680284287784,1.0,1.64055078934701e-12
newtonian_poisson,DDO101,DDO101-published-circular-speed,3,2.2834014103036117e+19,6610.210251561471,43590.0,3070.0,-36979.78974843853,1.0,1.91358730763149e-12
newtonian_poisson,DDO101,DDO101-published-circular-speed,4,2.8696801507869716e+19,7828.0266182476225,49900.0,3220.0,-42071.97338175238,1.0,2.1353599535888566e-12
newtonian_poisson,DDO101,DDO101-published-circular-speed,5,3.4559588912703316e+19,8944.53157058404,54750.0,2660.0,-45805.46842941596,1.0,2.3149767556339975e-12
newtonian_poisson,DDO101,DDO101-published-circular-speed,6,4.011380855938777e+19,9977.0520936226,56560.0,2420.0,-46582.9479063774,1.0,2.481478873577651e-12
newtonian_poisson,DDO101,DDO101-published-circular-speed,7,4.597659596422137e+19,11057.764796769512,58340.0,2480.0,-47282.23520323049,1.0,2.6594870658938715e-12
newtonian_poisson,DDO101,DDO101-published-circular-speed,8,5.183938336905496e+19,12083.206478262606,59740.0,2540.0,-47656.793521737396,1.0,2.8164663487004955e-12
newtonian_poisson,DDO101,DDO101-published-circular-speed,9,5.739360301573943e+19,12957.549416103742,59930.0,3570.0,-46972.45058389626,1.0,2.9253797992909876e-12
newtonian_poisson,DDO126,DDO126-published-circular-speed,0,1.481125239115856e+19,4438.494014212804,7750.0,2320.0,-3311.5059857871956,1.0,1.3300853023045344e-12
newtonian_poisson,DDO126,DDO126-published-circular-speed,1,2.1908310828588704e+19,6469.038422223072,11530.0,3910.0,-5060.961577776928,1.0,1.9101636103130904e-12
newtonian_poisson,DDO126,DDO126-published-circular-speed,2,2.9313937024167985e+19,8420.892199154061,16440.0,4200.0,-8019.107800845939,1.0,2.4190345149240966e-12
newtonian_poisson,DDO126,DDO126-published-circular-speed,3,3.6719563219747267e+19,9807.76119767358,21770.0,4200.0,-11962.23880232642,1.0,2.6196438975848363e-12
newtonian_poisson,DDO126,DDO126-published-circular-speed,4,4.412518941532655e+19,10955.695422874765,25050.0,3540.0,-14094.304577125235,1.0,2.7201529056124236e-12
newtonian_poisson,DDO126,DDO126-published-circular-speed,5,5.122224785275669e+19,11885.110656987088,29930.0,2490.0,-18044.88934301291,1.0,2.7577051232675635e-12
newtonian_poisson,DDO126,DDO126-published-circular-speed,6,5.862787404833597e+19,12799.690658114936,31210.0,1920.0,-18410.309341885062,1.0,2.794440078252928e-12
newtonian_poisson,DDO126,DDO126-published-circular-speed,7,6.603350024391526e+19,13742.184347672488,34070.0,1430.0,-20327.81565232751,1.0,2.859876122692986e-12
newtonian_poisson,DDO126,DDO126-published-circular-speed,8,7.343912643949453e+19,14627.152870606076,35000.0,1820.0,-20372.847129393922,1.0,2.9133462157444497e-12
newtonian_poisson,DDO126,DDO126-published-circular-speed,9,8.053618487692468e+19,15333.96043972782,36050.0,1820.0,-20716.03956027218,1.0,2.919561475707643e-12
newtonian_poisson,DDO126,DDO126-published-circular-speed,10,8.794181107250397e+19,15890.425969604617,37770.0,1850.0,-21879.574030395383,1.0,2.8712808437309257e-12
newtonian_poisson,DDO126,DDO126-published-circular-speed,11,9.534743726808325e+19,16162.290746993025,38790.0,2470.0,-22627.709253006975,1.0,2.739660862156989e-12
newtonian_poisson,DDO126,DDO126-published-circular-speed,12,1.0275306346366253e+20,16226.932108769766,39220.0,3060.0,-22993.067891230232,1.0,2.5625837010274737e-12
newtonian_poisson,DDO133,DDO133-published-circular-speed,0,5.862787404833597e+18,1409.3930902091577,10190.0,2000.0,-8780.606909790842,1.0,3.388130501016689e-13
newtonian_poisson,DDO133,DDO133-published-circular-speed,1,1.1417007051518058e+19,2714.89655675854,17140.0,3190.0,-14425.10344324146,1.0,6.455862977608777e-13
newtonian_poisson,DDO133,DDO133-published-circular-speed,2,1.7279794456351658e+19,4061.02617846005,20840.0,2690.0,-16778.97382153995,1.0,9.544056593842052e-13
newtonian_poisson,DDO133,DDO133-published-circular-speed,3,2.3142581861185253e+19,5313.760911033936,25070.0,2840.0,-19756.239088966064,1.0,1.2200909643098088e-12
newtonian_poisson,DDO133,DDO133-published-circular-speed,4,2.8696801507869716e+19,6497.378739497113,28970.0,2660.0,-22472.621260502885,1.0,1.4711022924590372e-12
newtonian_poisson,DDO133,DDO133-published-circular-speed,5,3.4559588912703316e+19,7752.438748205289,32659.999999999996,2400.0,-24907.56125179471,1.0,1.7390341851717827e-12
newtonian_poisson,DDO133,DDO133-published-circular-speed,6,4.042237631753691e+19,8897.308516738245,34940.0,2520.0,-26042.691483261755,1.0,1.9583732094364547e-12
newtonian_poisson,DDO133,DDO133-published-circular-speed,7,4.597659596422137e+19,9862.271376041994,37700.0,2940.0,-27837.728623958006,1.0,2.1155197477078915e-12
newtonian_poisson,DDO133,DDO133-published-circular-speed,8,5.183938336905496e+19,10829.936897521182,39980.0,2810.0,-29150.063102478816,1.0,2.2625179078481175e-12
newtonian_poisson,DDO133,DDO133-published-circular-speed,9,5.7702170773888565e+19,11713.629513586102,42040.0,2900.0,-30326.3704864139,1.0,2.377884827231584e-12
newtonian_poisson,DDO133,DDO133-published-circular-speed,10,6.325639042057302e+19,12483.670171169144,44840.0,3170.0,-32356.329828830858,1.0,2.463656555588941e-12
newtonian_poisson,DDO133,DDO133-published-circular-speed,11,6.911917782540663e+19,13257.905339455103,46020.0,3540.0,-32762.0946605449,1.0,2.5430287153291677e-12
newtonian_poisson,DDO133,DDO133-published-circular-speed,12,7.498196523024022e+19,13971.597343254607,46400.0,3430.0,-32428.40265674539,1.0,2.603366445819865e-12
newtonian_poisson,DDO133,DDO133-published-circular-speed,13,8.053618487692468e+19,14580.390873213022,46310.0,3590.0,-31729.609126786978,1.0,2.6396556819838197e-12
newtonian_poisson,DDO133,DDO133-published-circular-speed,14,8.639897228175827e+19,15184.58527654766,48920.0,5120.0,-33735.41472345234,1.0,2.668684868945245e-12
newtonian_poisson,DDO210,DDO210-published-circular-speed,0,4.0113808559387776e+18,1740.1099565099282,3600.0,1750.0,-1859.8900434900718,1.0,7.548479612106915e-13
newtonian_poisson,DDO210,DDO210-published-circular-speed,1,5.245651888535325e+18,2202.0086440669747,4480.0,2500.0,-2277.9913559330253,1.0,9.243545266782002e-13
newtonian_poisson,DDO210,DDO210-published-circular-speed,2,6.788490679281008e+18,2718.586714806262,6240.0,2700.0,-3521.413285193738,1.0,1.0887123625989687e-12
newtonian_poisson,DDO210,DDO210-published-circular-speed,3,8.022761711877555e+18,3091.3576359818044,8700.0,2860.0,-5608.642364018196,1.0,1.191172363924856e-12
newtonian_poisson,DDO210,DDO210-published-circular-speed,4,9.565600502623238e+18,3457.8122997841847,11670.0,4330.0,-8212.187700215814,1.0,1.2499440988843191e-12
newtonian_poisson,DDO210,DDO210-published-circular-speed,5,1.0799871535219784e+19,3694.6260096575893,14490.0,6440.0,-10795.37399034241,1.0,1.2639281223598899e-12
newtonian_poisson,DDO210,DDO210-published-circular-speed,6,1.2034142567816331e+19,3846.4148640379126,16800.0,8220.0,-12953.585135962086,1.0,1.2294110048071685e-12
newtonian_poisson,DDO210,DDO210-published-circular-speed,7,1.3576981358562015e+19,3960.851639722522,17800.0,9520.0,-13839.148360277479,1.0,1.1555105879260187e-12
newtonian_poisson,DDO216,DDO216-published-circular-speed,0,4.937084130386187e+18,2019.2651725529272,7580.0,2060.0,-5560.734827447073,1.0,8.258785407341761e-13
newtonian_poisson,DDO216,DDO216-published-circular-speed,1,7.40562619557928e+18,2777.4969790804253,9520.0,1570.0,-6742.503020919575,1.0,1.041706570796941e-12
newtonian_poisson,DDO216,DDO216-published-circular-speed,2,9.874168260772375e+18,3413.6797047238824,9750.0,1220.0,-6336.320295276118,1.0,1.180171212266966e-12
newtonian_poisson,DDO216,DDO216-published-circular-speed,3,1.234271032596547e+19,3985.0469884674885,9930.0,1510.0,-5944.9530115325115,1.0,1.286637949112817e-12
newtonian_poisson,DDO216,DDO216-published-circular-speed,4,1.481125239115856e+19,4435.572186726478,10930.0,2140.0,-6494.427813273522,1.0,1.3283347082388459e-12
newtonian_poisson,DDO216,DDO216-published-circular-speed,5,1.7279794456351658e+19,4817.798534093194,11110.0,2670.0,-6292.201465906806,1.0,1.343255718332843e-12
newtonian_poisson,DDO216,DDO216-published-circular-speed,6,1.974833652154475e+19,5081.1969591677425,11810.0,3040.0,-6728.8030408322575,1.0,1.307379105561036e-12
newtonian_poisson,DDO216,DDO216-published-circular-speed,7,2.2216878586737844e+19,5274.600041968108,13610.0,4160.0,-8335.399958031892,1.0,1.2522643761188705e-12
newtonian_poisson,DDO216,DDO216-published-circular-speed,8,2.468542065193094e+19,5407.384611190931,12740.0,5270.0,-7332.615388809069,1.0,1.1844970659253197e-12
newtonian_poisson,DDO216,DDO216-published-circular-speed,9,2.715396271712403e+19,5490.872714592178,13510.0,5230.0,-8019.127285407822,1.0,1.1103235090191703e-12
newtonian_poisson,DDO216,DDO216-published-circular-speed,10,2.962250478231712e+19,5565.568958892758,13400.0,5520.0,-7834.431041107242,1.0,1.0456765241095072e-12
newtonian_poisson,DDO216,DDO216-published-circular-speed,11,3.209104684751022e+19,5618.204950436728,13810.0,4980.0,-8191.795049563272,1.0,9.835835837670924e-13
newtonian_poisson,NGC1569,NGC1569-published-circular-speed,0,7.714193953728418e+18,4296.601900926427,3510.0,6120.0,786.6019009264273,1.0,2.3930935630834296e-12
newtonian_poisson,NGC1569,NGC1569-published-circular-speed,1,1.51198201493077e+19,8227.030086458457,5590.0,7210.0,2637.030086458457,1.0,4.476509864212356e-12
newtonian_poisson,NGC1569,NGC1569-published-circular-speed,2,2.2834014103036117e+19,12111.262033370394,10710.0,9330.0,1401.2620333703944,1.0,6.423866928480857e-12
newtonian_poisson,NGC1569,NGC1569-published-circular-speed,3,3.0548208056764535e+19,15772.720855562127,23060.0,6670.0,-7287.279144437873,1.0,8.143807411721338e-12
newtonian_poisson,NGC1569,NGC1569-published-circular-speed,4,3.826240201049295e+19,19201.801546730887,34800.0,7470.0,-15598.198453269113,1.0,9.636331313933796e-12
newtonian_poisson,NGC1569,NGC1569-published-circular-speed,5,4.566802820607223e+19,22125.076555375283,43020.0,6890.0,-20894.923444624717,1.0,1.0719074849746376e-11
newtonian_poisson,NGC1569,NGC1569-published-circular-speed,6,5.338222215980065e+19,23311.445723760386,50250.0,9720.0,-26938.554276239614,1.0,1.017985913184877e-11
newtonian_poisson,NGC1569,NGC1569-published-circular-speed,7,6.109641611352907e+19,23745.26857158939,54710.0,14120.0,-30964.73142841061,1.0,9.22865554812888e-12
newtonian_poisson,NGC1569,NGC1569-published-circular-speed,8,6.881061006725748e+19,23874.370829513216,56350.0,18530.0,-32475.629170486784,1.0,8.283396731230709e-12
newtonian_poisson,NGC1569,NGC1569-published-circular-speed,9,7.621623626283678e+19,23818.76312428757,55870.0,22350.0,-32051.23687571243,1.0,7.443735148695008e-12
newtonian_poisson,UGC8508,UGC8508-published-circular-speed,0,4.0113808559387776e+18,3248.49658277734,5560.0,4180.0,-2311.50341722266,1.0,2.6306976144369152e-12
newtonian_poisson,UGC8508,UGC8508-published-circular-speed,1,7.714193953728418e+18,6035.058278994989,12600.0,3090.0,-6564.941721005011,1.0,4.7214172536150135e-12
newtonian_poisson,UGC8508,UGC8508-published-circular-speed,2,1.1725574809667195e+19,8527.423955650618,15830.0,3230.0,-7302.576044349382,1.0,6.201568835623501e-12
newtonian_poisson,UGC8508,UGC8508-published-circular-speed,3,1.5428387907456836e+19,10340.624208807305,20700.0,2270.0,-10359.375791192695,1.0,6.930633950167347e-12
newtonian_poisson,UGC8508,UGC8508-published-circular-speed,4,1.9439768763395613e+19,11636.524277862163,23450.0,2360.0,-11813.475722137837,1.0,6.965550820966825e-12
newtonian_poisson,UGC8508,UGC8508-published-circular-speed,5,2.345114961933439e+19,12265.552649325464,26540.0,2810.0,-14274.447350674536,1.0,6.415198582390219e-12
newtonian_poisson,UGC8508,UGC8508-published-circular-speed,6,2.715396271712403e+19,12431.140117966757,28540.0,3420.0,-16108.859882033243,1.0,5.691001576542259e-12
newtonian_poisson,UGC8508,UGC8508-published-circular-speed,7,3.1165343573062808e+19,12303.322082726136,29930.0,4180.0,-17626.677917273864,1.0,4.85705328152172e-12
newtonian_poisson,UGC8508,UGC8508-published-circular-speed,8,3.4868156670852444e+19,12107.227413195022,30910.0,4740.0,-18802.77258680498,1.0,4.2039777731455664e-12
newtonian_poisson,UGC8508,UGC8508-published-circular-speed,9,3.8879537526791225e+19,11824.914068251697,34070.0,5350.0,-22245.085931748305,1.0,3.5964572013024437e-12
newtonian_poisson,UGC8508,UGC8508-published-circular-speed,10,4.289091838273e+19,11446.28171897731,36390.0,6390.0,-24943.718281022688,1.0,3.0546644868053985e-12
aqual_simple_mu,CVnIdwA,CVnIdwA-published-circular-speed,0,5.245651888535325e+18,4174.486166670045,6370.0,1660.0,-2195.5138333299547,1.0,3.322053221603559e-12
aqual_simple_mu,CVnIdwA,CVnIdwA-published-circular-speed,1,1.0799871535219784e+19,10279.806218258262,8800.0,1860.0,1479.8062182582617,1.0,9.784784526401377e-12
aqual_simple_mu,CVnIdwA,CVnIdwA-published-circular-speed,2,1.604552342375511e+19,16972.681733775476,11080.0,1670.0,5892.6817337754765,1.0,1.7953414022602116e-11
aqual_simple_mu,CVnIdwA,CVnIdwA-published-circular-speed,3,2.1599743070439567e+19,23008.79039390858,15120.0,1610.0,7888.790393908581,1.0,2.450975614220795e-11
aqual_simple_mu,CVnIdwA,CVnIdwA-published-circular-speed,4,2.6845394958974894e+19,26829.125067215304,16550.0,2000.0,10279.125067215304,1.0,2.681286503596916e-11
aqual_simple_mu,CVnIdwA,CVnIdwA-published-circular-speed,5,3.2399614605659357e+19,29881.485116290907,18540.0,2770.0,11341.485116290907,1.0,2.7559067094555763e-11
aqual_simple_mu,CVnIdwA,CVnIdwA-published-circular-speed,6,3.764526649419468e+19,31878.66298268945,19920.0,3500.0,11958.66298268945,1.0,2.6995403358895372e-11
aqual_simple_mu,CVnIdwA,CVnIdwA-published-circular-speed,7,4.3199486140879135e+19,33154.169372637494,22150.0,3650.0,11004.169372637494,1.0,2.544472272667558e-11
aqual_simple_mu,CVnIdwA,CVnIdwA-published-circular-speed,8,4.8445138029414466e+19,33754.08279805874,22430.0,3940.0,11324.082798058742,1.0,2.351811042103817e-11
aqual_simple_mu,DDO47,DDO47-published-circular-speed,0,1.1725574809667195e+19,5622.139283641933,18240.0,3220.0,-12617.860716358067,1.0,2.695684487775398e-12
aqual_simple_mu,DDO47,DDO47-published-circular-speed,1,2.345114961933439e+19,10821.138747746176,26920.0,2610.0,-16098.861252253824,1.0,4.993232557837275e-12
aqual_simple_mu,DDO47,DDO47-published-circular-speed,2,3.4868156670852444e+19,15395.33425246978,25750.0,3790.0,-10354.66574753022,1.0,6.797500624499597e-12
aqual_simple_mu,DDO47,DDO47-published-circular-speed,3,4.659373148051965e+19,17833.56496908551,29710.0,2610.0,-11876.43503091449,1.0,6.8257258948998615e-12
aqual_simple_mu,DDO47,DDO47-published-circular-speed,4,5.831930629018684e+19,20078.07910584382,27450.0,2500.0,-7371.920894156181,1.0,6.912449516710989e-12
aqual_simple_mu,DDO47,DDO47-published-circular-speed,5,7.004488109985404e+19,22554.28403171891,29060.0,2780.0,-6505.715968281089,1.0,7.262425464871131e-12
aqual_simple_mu,DDO47,DDO47-published-circular-speed,6,8.177045590952123e+19,25584.62992884956,34970.0,2330.0,-9385.370071150439,1.0,8.005009649456623e-12
aqual_simple_mu,DDO47,DDO47-published-circular-speed,7,9.349603071918842e+19,28422.436571111954,40170.0,2390.0,-11747.563428888046,1.0,8.640312261652926e-12
aqual_simple_mu,DDO47,DDO47-published-circular-speed,8,1.0491303777070649e+20,31101.61247722803,47020.0,2370.0,-15918.387522771969,1.0,9.220115242471379e-12
aqual_simple_mu,DDO47,DDO47-published-circular-speed,9,1.1663861258037368e+20,33891.03883796279,53880.0,3160.0,-19988.96116203721,1.0,9.847532374622681e-12
aqual_simple_mu,DDO47,DDO47-published-circular-speed,10,1.2836418739004088e+20,36655.1843617022,58350.0,3280.0,-21694.815638297798,1.0,1.0467113670168578e-11
aqual_simple_mu,DDO47,DDO47-published-circular-speed,11,1.4008976219970807e+20,39253.61541956687,60760.0,3030.0,-21506.38458043313,1.0,1.0998993069248488e-11
aqual_simple_mu,DDO47,DDO47-published-circular-speed,12,1.5181533700937525e+20,41331.78309765773,62930.0,3540.0,-21598.21690234227,1.0,1.125259362910303e-11
aqual_simple_mu,DDO47,DDO47-published-circular-speed,13,1.6323234406089333e+20,43181.972230526866,63990.0,5170.0,-20808.027769473134,1.0,1.1423488013027487e-11
aqual_simple_mu,DDO50,DDO50-published-circular-speed,0,7.714193953728418e+18,6927.8627633200485,5830.0,10060.0,1097.8627633200485,1.0,6.221684696454834e-12
aqual_simple_mu,DDO50,DDO50-published-circular-speed,1,1.51198201493077e+19,13257.746065113579,13080.0,2750.0,177.74606511357888,1.0,1.1624994807566052e-11
aqual_simple_mu,DDO50,DDO50-published-circular-speed,2,2.2834014103036117e+19,19504.34266466291,29230.0,4570.0,-9725.657335337091,1.0,1.6660206175926272e-11
aqual_simple_mu,DDO50,DDO50-published-circular-speed,3,3.0548208056764535e+19,24568.640167979884,34750.0,4790.0,-10181.359832020116,1.0,1.9759524964018653e-11
aqual_simple_mu,DDO50,DDO50-published-circular-speed,4,3.826240201049295e+19,27623.07726734682,40010.0,5020.0,-12386.92273265318,1.0,1.994214575207695e-11
aqual_simple_mu,DDO50,DDO50-published-circular-speed,5,4.566802820607223e+19,30229.488964723212,40290.0,7450.0,-10060.511035276788,1.0,2.001010420123233e-11
aqual_simple_mu,DDO50,DDO50-published-circular-speed,6,5.338222215980065e+19,32818.00255922193,43470.0,5640.0,-10651.997440778068,1.0,2.0175654897861212e-11
aqual_simple_mu,DDO50,DDO50-published-circular-speed,7,6.109641611352907e+19,35441.429788045985,42130.0,5560.0,-6688.570211954015,1.0,2.0559224670182352e-11
aqual_simple_mu,DDO50,DDO50-published-circular-speed,8,6.881061006725748e+19,37881.73754952251,42130.0,5650.0,-4248.262450477487,1.0,2.0854720491044447e-11
aqual_simple_mu,DDO50,DDO50-published-circular-speed,9,7.621623626283678e+19,40139.69252759553,40940.0,6560.0,-800.3074724044709,1.0,2.1139785893567288e-11
aqual_simple_mu,DDO50,DDO50-published-circular-speed,10,8.39304302165652e+19,42574.6101711801,41570.0,5980.0,1004.610171180102,1.0,2.1596427261851488e-11
aqual_simple_mu,DDO50,DDO50-published-circular-speed,11,9.164462417029361e+19,45275.343604457776,41690.0,4400.0,3585.3436044577757,1.0,2.2367452068903478e-11
aqual_simple_mu,DDO50,DDO50-published-circular-speed,12,9.905025036587288e+19,47889.830193394846,39960.0,3930.0,7929.830193394846,1.0,2.3154265915337663e-11
aqual_simple_mu,DDO50,DDO50-published-circular-speed,13,1.067644443196013e+20,50536.60858036321,39330.0,4040.0,11206.608580363209,1.0,2.3921342194781145e-11
aqual_simple_mu,DDO50,DDO50-published-circular-speed,14,1.1447863827332973e+20,52729.08541619418,38590.0,3980.0,14139.085416194182,1.0,2.4287120206565616e-11
aqual_simple_mu,DDO50,DDO50-published-circular-speed,15,1.2219283222705814e+20,54505.310434915846,40130.0,4270.0,14375.310434915846,1.0,2.4312627929649474e-11
aqual_simple_mu,DDO50,DDO50-published-circular-speed,16,1.2959845842263743e+20,55966.94319982458,43820.0,3940.0,12146.943199824578,1.0,2.416925918144456e-11
aqual_simple_mu,DDO50,DDO50-published-circular-speed,17,1.3731265237636584e+20,57242.89724047053,45590.0,4050.0,11652.897240470527,1.0,2.3863418467088472e-11
aqual_simple_mu,DDO50,DDO50-published-circular-speed,18,1.4502684633009426e+20,58201.28757255578,44660.0,4300.0,13541.287572555782,1.0,2.3356985005337074e-11
aqual_simple_mu,DDO50,DDO50-published-circular-speed,19,1.527410402838227e+20,59139.91611775743,45340.0,4280.0,13799.916117757428,1.0,2.2898427769748664e-11
aqual_simple_mu,DDO50,DDO50-published-circular-speed,20,1.6014666647940196e+20,60108.00208181177,43220.0,4810.0,16888.00208181177,1.0,2.2560394129288904e-11
aqual_simple_mu,DDO50,DDO50-published-circular-speed,21,1.678608604331304e+20,61118.786195999404,40390.0,5600.0,20728.786195999404,1.0,2.2253585597223697e-11
aqual_simple_mu,DDO50,DDO50-published-circular-speed,22,1.755750543868588e+20,62101.4774899727,39000.0,6580.0,23101.477489972698,1.0,2.1965498002580934e-11
aqual_simple_mu,DDO50,DDO50-published-circular-speed,23,1.8298068058243806e+20,62958.570302247266,38290.0,7660.0,24668.570302247266,1.0,2.166229550511052e-11
aqual_simple_mu,DDO50,DDO50-published-circular-speed,24,1.906948745361665e+20,63752.113003312115,40040.0,9630.0,23712.113003312115,1.0,2.1313272956459304e-11
aqual_simple_mu,DDO50,DDO50-published-circular-speed,25,1.984090684898949e+20,64418.88083769412,37630.0,10130.0,26788.880837694123,1.0,2.0915335372346586e-11
aqual_simple_mu,DDO52,DDO52-published-circular-speed,0,1.3885549116711152e+19,13360.538989050872,11760.0,3140.0,1600.5389890508723,1.0,1.2855379400381097e-11
aqual_simple_mu,DDO52,DDO52-published-circular-speed,1,2.7771098233422303e+19,20132.823190805415,19910.0,4330.0,222.82319080541492,1.0,1.4595410171586953e-11
aqual_simple_mu,DDO52,DDO52-published-circular-speed,2,4.165664735013346e+19,23856.071090787813,28530.0,3020.0,-4673.928909212187,1.0,1.3661976277284318e-11
aqual_simple_mu,DDO52,DDO52-published-circular-speed,3,5.554219646684461e+19,26722.937312888032,34820.0,2730.0,-8097.0626871119675,1.0,1.2857168496295029e-11
aqual_simple_mu,DDO52,DDO52-published-circular-speed,4,6.942774558355576e+19,30958.648112018567,37070.0,3470.0,-6111.351887981433,1.0,1.3804825216027187e-11
aqual_simple_mu,DDO52,DDO52-published-circular-speed,5,8.331329470026691e+19,34413.28641153292,39600.0,3680.0,-5186.713588467079,1.0,1.4214709499880122e-11
aqual_simple_mu,DDO52,DDO52-published-circular-speed,6,9.719884381697806e+19,36403.14924290885,43390.0,3260.0,-6986.850757091153,1.0,1.363379668689042e-11
aqual_simple_mu,DDO52,DDO52-published-circular-speed,7,1.1108439293368921e+20,37462.16248007712,43820.0,4360.0,-6357.837519922883,1.0,1.2633760518648668e-11
aqual_simple_mu,DDO52,DDO52-published-circular-speed,8,1.2466137429225123e+20,37576.0804522724,47430.0,4400.0,-9853.9195477276,1.0,1.1326377798832057e-11
aqual_simple_mu,DDO52,DDO52-published-circular-speed,9,1.3854692340896239e+20,36949.92492502524,49060.0,4900.0,-12110.07507497476,1.0,9.854401082115135e-12
aqual_simple_mu,DDO52,DDO52-published-circular-speed,10,1.5243247252567356e+20,36310.00560079632,50910.0,6340.0,-14599.994399203679,1.0,8.649184028080402e-12
aqual_simple_mu,DDO52,DDO52-published-circular-speed,11,1.6631802164238467e+20,35967.54858130512,53200.0,4460.0,-17232.45141869488,1.0,7.778258412249324e-12
aqual_simple_mu,DDO53,DDO53-published-circular-speed,0,6.47992292113187e+18,6760.068851350716,3140.0,4920.0,3620.0688513507157,1.0,7.052326305606713e-12
aqual_simple_mu,DDO53,DDO53-published-circular-speed,1,9.565600502623238e+18,9847.465631687957,5810.0,4920.0,4037.4656316879573,1.0,1.0137636350240852e-11
aqual_simple_mu,DDO53,DDO53-published-circular-speed,2,1.295984584226374e+19,13142.679562141358,7110.0,1820.0,6032.6795621413585,1.0,1.3328092646737596e-11
aqual_simple_mu,DDO53,DDO53-published-circular-speed,3,1.604552342375511e+19,15614.129256734743,11200.0,4900.0,4414.129256734743,1.0,1.5194333398004128e-11
aqual_simple_mu,DDO53,DDO53-published-circular-speed,4,1.9439768763395613e+19,17547.78339390961,13020.0,4110.0,4527.783393909609,1.0,1.5839936461558176e-11
aqual_simple_mu,DDO53,DDO53-published-circular-speed,5,2.252544634488698e+19,19090.231585499125,14560.0,4019.9999999999995,4530.231585499125,1.0,1.6178899916480964e-11
aqual_simple_mu,DDO53,DDO53-published-circular-speed,6,2.591969168452748e+19,20666.423555849655,18100.0,5210.0,2566.423555849655,1.0,1.6477860454055148e-11
aqual_simple_mu,DDO53,DDO53-published-circular-speed,7,2.900536926601885e+19,22028.883961500487,19590.0,6440.0,2438.883961500487,1.0,1.6730410295371483e-11
aqual_simple_mu,DDO53,DDO53-published-circular-speed,8,3.2399614605659357e+19,23455.698953433737,23230.0,6560.0,225.6989534337372,1.0,1.698075178023915e-11
aqual_simple_mu,DDO87,DDO87-published-circular-speed,0,1.3268413600412879e+19,7098.057397232593,13170.0,3410.0,-6071.942602767407,1.0,3.797169754554573e-12
aqual_simple_mu,DDO87,DDO87-published-circular-speed,1,2.6536827200825758e+19,12947.158659079894,21320.0,2610.0,-8372.841340920106,1.0,6.316840972539901e-12
aqual_simple_mu,DDO87,DDO87-published-circular-speed,2,3.980524080123864e+19,17992.959181628634,26040.0,2940.0,-8047.040818371366,1.0,8.1332652081753e-12
aqual_simple_mu,DDO87,DDO87-published-circular-speed,3,5.3073654401651515e+19,22840.828142769915,34190.0,3050.0,-11349.171857230085,1.0,9.829800418478741e-12
aqual_simple_mu,DDO87,DDO87-published-circular-speed,4,6.634206800206439e+19,26398.14628619981,37830.0,2470.0,-11431.853713800188,1.0,1.0504076046075626e-11
aqual_simple_mu,DDO87,DDO87-published-circular-speed,5,7.961048160247728e+19,28181.56456070225,38870.0,2930.0,-10688.435439297751,1.0,9.976080600224825e-12
aqual_simple_mu,DDO87,DDO87-published-circular-speed,6,9.287889520289014e+19,29309.68296575097,40540.0,4640.0,-11230.31703424903,1.0,9.249221943007146e-12
aqual_simple_mu,DDO87,DDO87-published-circular-speed,7,1.0614730880330303e+20,30736.455373485816,43930.0,3500.0,-13193.544626514184,1.0,8.9001756104521e-12
aqual_simple_mu,DDO87,DDO87-published-circular-speed,8,1.194157224037159e+20,32957.787830730755,45240.0,2860.0,-12282.212169269245,1.0,9.09608682032027e-12
aqual_simple_mu,DDO87,DDO87-published-circular-speed,9,1.3299270376227791e+20,35614.2739474882,48490.0,4090.0,-12875.726052511804,1.0,9.537188679718377e-12
aqual_simple_mu,DDO87,DDO87-published-circular-speed,10,1.462611173626908e+20,38281.74294871405,50300.0,3370.0,-12018.257051285953,1.0,1.0019695388743452e-11
aqual_simple_mu,DDO87,DDO87-published-circular-speed,11,1.5952953096310368e+20,40501.91379982211,51960.0,9080.0,-11458.086200177888,1.0,1.0282767156305482e-11
aqual_simple_mu,DDO101,DDO101-published-circular-speed,0,5.862787404833597e+18,9450.218810163078,19420.0,4120.0,-9969.781189836922,1.0,1.5232794470140747e-11
aqual_simple_mu,DDO101,DDO101-published-circular-speed,1,1.1417007051518058e+19,14082.489977852141,29470.0,4900.0,-15387.510022147859,1.0,1.7370272531270522e-11
aqual_simple_mu,DDO101,DDO101-published-circular-speed,2,1.7279794456351658e+19,14592.964977934615,37920.0,3670.0,-23327.035022065385,1.0,1.2323909719247206e-11
aqual_simple_mu,DDO101,DDO101-published-circular-speed,3,2.2834014103036117e+19,17465.177047512403,43590.0,3070.0,-26124.822952487597,1.0,1.3358685333403363e-11
aqual_simple_mu,DDO101,DDO101-published-circular-speed,4,2.8696801507869716e+19,20190.464438755498,49900.0,3220.0,-29709.535561244502,1.0,1.4205585041972588e-11
aqual_simple_mu,DDO101,DDO101-published-circular-speed,5,3.4559588912703316e+19,22655.737026427858,54750.0,2660.0,-32094.262973572142,1.0,1.485209854513007e-11
aqual_simple_mu,DDO101,DDO101-published-circular-speed,6,4.011380855938777e+19,25009.88971342637,56560.0,2420.0,-31550.11028657363,1.0,1.5592999167648637e-11
aqual_simple_mu,DDO101,DDO101-published-circular-speed,7,4.597659596422137e+19,27510.642842484307,58340.0,2480.0,-30829.357157515693,1.0,1.646132023770739e-11
aqual_simple_mu,DDO101,DDO101-published-circular-speed,8,5.183938336905496e+19,29890.77283966486,59740.0,2540.0,-29849.22716033514,1.0,1.7235125938743095e-11
aqual_simple_mu,DDO101,DDO101-published-circular-speed,9,5.739360301573943e+19,31974.11760042959,59930.0,3570.0,-27955.88239957041,1.0,1.781285966740469e-11
aqual_simple_mu,DDO126,DDO126-published-circular-speed,0,1.481125239115856e+19,12150.593859979812,7750.0,2320.0,4400.593859979812,1.0,9.967889767263001e-12
aqual_simple_mu,DDO126,DDO126-published-circular-speed,1,2.1908310828588704e+19,17635.462576619655,11530.0,3910.0,6105.462576619655,1.0,1.4195961647828557e-11
aqual_simple_mu,DDO126,DDO126-published-circular-speed,2,2.9313937024167985e+19,21909.791822056988,16440.0,4200.0,5469.791822056988,1.0,1.637579344221506e-11
aqual_simple_mu,DDO126,DDO126-published-circular-speed,3,3.6719563219747267e+19,24576.979646403714,21770.0,4200.0,2806.9796464037136,1.0,1.6449757992080493e-11
aqual_simple_mu,DDO126,DDO126-published-circular-speed,4,4.412518941532655e+19,27039.19392523253,25050.0,3540.0,1989.1939252325283,1.0,1.6569175516612814e-11
aqual_simple_mu,DDO126,DDO126-published-circular-speed,5,5.122224785275669e+19,29263.559562564096,29930.0,2490.0,-666.4404374359037,1.0,1.6718436893543106e-11
aqual_simple_mu,DDO126,DDO126-published-circular-speed,6,5.862787404833597e+19,31466.906013727526,31210.0,1920.0,256.90601372752644,1.0,1.6889000158191226e-11
aqual_simple_mu,DDO126,DDO126-published-circular-speed,7,6.603350024391526e+19,33789.28756023239,34070.0,1430.0,-280.7124397676089,1.0,1.7289950549505816e-11
aqual_simple_mu,DDO126,DDO126-published-circular-speed,8,7.343912643949453e+19,36054.30883292204,35000.0,1820.0,1054.308832922041,1.0,1.770055348480623e-11
aqual_simple_mu,DDO126,DDO126-published-circular-speed,9,8.053618487692468e+19,37985.9073254404,36050.0,1820.0,1935.9073254403993,1.0,1.7916532271078266e-11
aqual_simple_mu,DDO126,DDO126-published-circular-speed,10,8.794181107250397e+19,39700.3070132086,37770.0,1850.0,1930.3070132085995,1.0,1.7922241510850696e-11
aqual_simple_mu,DDO126,DDO126-published-circular-speed,11,9.534743726808325e+19,40916.64253013142,38790.0,2470.0,2126.642530131423,1.0,1.755864325153681e-11
aqual_simple_mu,DDO126,DDO126-published-circular-speed,12,1.0275306346366253e+20,41753.634563601416,39220.0,3060.0,2533.6345636014157,1.0,1.696655983290749e-11
aqual_simple_mu,DDO133,DDO133-published-circular-speed,0,5.862787404833597e+18,4579.259080614838,10190.0,2000.0,-5610.740919385162,1.0,3.576731046072893e-12
aqual_simple_mu,DDO133,DDO133-published-circular-speed,1,1.1417007051518058e+19,8641.083142607356,17140.0,3190.0,-8498.916857392644,1.0,6.5400956258080604e-12
aqual_simple_mu,DDO133,DDO133-published-circular-speed,2,1.7279794456351658e+19,12621.750466016922,20840.0,2690.0,-8218.249533983078,1.0,9.21935647028719e-12
aqual_simple_mu,DDO133,DDO133-published-circular-speed,3,2.3142581861185253e+19,15515.860309026504,25070.0,2840.0,-9554.139690973496,1.0,1.0402552427955174e-11
aqual_simple_mu,DDO133,DDO133-published-circular-speed,4,2.8696801507869716e+19,18310.62564633585,28970.0,2660.0,-10659.374353664149,1.0,1.168349760053595e-11
aqual_simple_mu,DDO133,DDO133-published-circular-speed,5,3.4559588912703316e+19,21471.119585159966,32659.999999999996,2400.0,-11188.88041484003,1.0,1.3339538771851058e-11
aqual_simple_mu,DDO133,DDO133-published-circular-speed,6,4.042237631753691e+19,24202.973982609605,34940.0,2520.0,-10737.026017390395,1.0,1.4491576274518525e-11
aqual_simple_mu,DDO133,DDO133-published-circular-speed,7,4.597659596422137e+19,25915.590965007945,37700.0,2940.0,-11784.409034992055,1.0,1.4607820369917102e-11
aqual_simple_mu,DDO133,DDO133-published-circular-speed,8,5.183938336905496e+19,27482.122385329192,39980.0,2810.0,-12497.877614670808,1.0,1.456936795380675e-11
aqual_simple_mu,DDO133,DDO133-published-circular-speed,9,5.7702170773888565e+19,29149.640316625115,42040.0,2900.0,-12890.359683374885,1.0,1.4725642366528158e-11
aqual_simple_mu,DDO133,DDO133-published-circular-speed,10,6.325639042057302e+19,30899.531926839005,44840.0,3170.0,-13940.468073160995,1.0,1.5093827942911163e-11
aqual_simple_mu,DDO133,DDO133-published-circular-speed,11,6.911917782540663e+19,32632.181727547657,46020.0,3540.0,-13387.818272452343,1.0,1.5406133547906255e-11
aqual_simple_mu,DDO133,DDO133-published-circular-speed,12,7.498196523024022e+19,34254.018721774686,46400.0,3430.0,-12145.981278225314,1.0,1.564826681974566e-11
aqual_simple_mu,DDO133,DDO133-published-circular-speed,13,8.053618487692468e+19,35683.695950744484,46310.0,3590.0,-10626.304049255516,1.0,1.5810609338536142e-11
aqual_simple_mu,DDO133,DDO133-published-circular-speed,14,8.639897228175827e+19,37134.58997634379,48920.0,5120.0,-11785.410023656208,1.0,1.5960580737166028e-11
aqual_simple_mu,DDO210,DDO210-published-circular-speed,0,4.0113808559387776e+18,5847.4929501302295,3600.0,1750.0,2247.4929501302295,1.0,8.524040730562982e-12
aqual_simple_mu,DDO210,DDO210-published-circular-speed,1,5.245651888535325e+18,7169.454398649898,4480.0,2500.0,2689.4543986498984,1.0,9.798796692296794e-12
aqual_simple_mu,DDO210,DDO210-published-circular-speed,2,6.788490679281008e+18,8490.868764892239,6240.0,2700.0,2250.8687648922387,1.0,1.0620159294416012e-11
aqual_simple_mu,DDO210,DDO210-published-circular-speed,3,8.022761711877555e+18,9427.050138041921,8700.0,2860.0,727.050138041921,1.0,1.1077142447542327e-11
aqual_simple_mu,DDO210,DDO210-published-circular-speed,4,9.565600502623238e+18,10421.202371555628,11670.0,4330.0,-1248.797628444372,1.0,1.1353334151800939e-11
aqual_simple_mu,DDO210,DDO210-published-circular-speed,5,1.0799871535219784e+19,11102.835653937074,14490.0,6440.0,-3387.1643460629257,1.0,1.1414298693861975e-11
aqual_simple_mu,DDO210,DDO210-published-circular-speed,6,1.2034142567816331e+19,11595.22238084998,16800.0,8220.0,-5204.77761915002,1.0,1.1172310889928315e-11
aqual_simple_mu,DDO210,DDO210-published-circular-speed,7,1.3576981358562015e+19,12047.837042315252,17800.0,9520.0,-5752.162957684748,1.0,1.0690916748342424e-11
aqual_simple_mu,DDO216,DDO216-published-circular-speed,0,4.937084130386187e+18,7249.913025028976,7580.0,2060.0,-330.08697497102366,1.0,1.0646210897437831e-11
aqual_simple_mu,DDO216,DDO216-published-circular-speed,1,7.40562619557928e+18,9177.62697191716,9520.0,1570.0,-342.3730280828404,1.0,1.1373627916291664e-11
aqual_simple_mu,DDO216,DDO216-published-circular-speed,2,9.874168260772375e+18,10565.549574924218,9750.0,1220.0,815.5495749242182,1.0,1.1305340852217698e-11
aqual_simple_mu,DDO216,DDO216-published-circular-speed,3,1.234271032596547e+19,12061.04765475417,9930.0,1510.0,2131.0476547541693,1.0,1.1785812571832534e-11
aqual_simple_mu,DDO216,DDO216-published-circular-speed,4,1.481125239115856e+19,13318.821759704224,10930.0,2140.0,2388.821759704224,1.0,1.1976773360007196e-11
aqual_simple_mu,DDO216,DDO216-published-circular-speed,5,1.7279794456351658e+19,14392.706925314358,11110.0,2670.0,3282.706925314358,1.0,1.1987990549381117e-11
aqual_simple_mu,DDO216,DDO216-published-circular-speed,6,1.974833652154475e+19,15216.893754546805,11810.0,3040.0,3406.893754546805,1.0,1.1725233428372478e-11
aqual_simple_mu,DDO216,DDO216-published-circular-speed,7,2.2216878586737844e+19,15876.578639402831,13610.0,4160.0,2266.578639402831,1.0,1.1345686942881818e-11
aqual_simple_mu,DDO216,DDO216-published-circular-speed,8,2.468542065193094e+19,16423.65387895759,12740.0,5270.0,3683.6538789575898,1.0,1.0926952006981475e-11
aqual_simple_mu,DDO216,DDO216-published-circular-speed,9,2.715396271712403e+19,16867.702364507848,13510.0,5230.0,3357.702364507848,1.0,1.0478005955211758e-11
aqual_simple_mu,DDO216,DDO216-published-circular-speed,10,2.962250478231712e+19,17322.586855009264,13400.0,5520.0,3922.5868550092637,1.0,1.0129866382145543e-11
aqual_simple_mu,DDO216,DDO216-published-circular-speed,11,3.209104684751022e+19,17736.194501217702,13810.0,4980.0,3926.194501217702,1.0,9.80250338606299e-12
aqual_simple_mu,NGC1569,NGC1569-published-circular-speed,0,7.714193953728418e+18,16099.983835843404,3510.0,6120.0,12589.983835843404,1.0,3.360162851351929e-11
aqual_simple_mu,NGC1569,NGC1569-published-circular-speed,1,1.51198201493077e+19,30460.157963397476,5590.0,7210.0,24870.157963397476,1.0,6.136456743485863e-11
aqual_simple_mu,NGC1569,NGC1569-published-circular-speed,2,2.2834014103036117e+19,44211.38196046442,10710.0,9330.0,33501.38196046442,1.0,8.560239500746302e-11
aqual_simple_mu,NGC1569,NGC1569-published-circular-speed,3,3.0548208056764535e+19,56652.26784783772,23060.0,6670.0,33592.26784783772,1.0,1.0506277312041703e-10
aqual_simple_mu,NGC1569,NGC1569-published-circular-speed,4,3.826240201049295e+19,67688.68576279713,34800.0,7470.0,32888.68576279713,1.0,1.1974570177372057e-10
aqual_simple_mu,NGC1569,NGC1569-published-circular-speed,5,4.566802820607223e+19,76156.92670570311,43020.0,6890.0,33136.92670570311,1.0,1.270008299698531e-10
aqual_simple_mu,NGC1569,NGC1569-published-circular-speed,6,5.338222215980065e+19,75642.09887969581,50250.0,9720.0,25392.09887969581,1.0,1.0718413155970884e-10
aqual_simple_mu,NGC1569,NGC1569-published-circular-speed,7,6.109641611352907e+19,71617.41524449931,54710.0,14120.0,16907.41524449931,1.0,8.395016422521835e-11
aqual_simple_mu,NGC1569,NGC1569-published-circular-speed,8,6.881061006725748e+19,66625.7369574126,56350.0,18530.0,10275.736957412606,1.0,6.451023789470169e-11
aqual_simple_mu,NGC1569,NGC1569-published-circular-speed,9,7.621623626283678e+19,61425.41081580722,55870.0,22350.0,5555.4108158072195,1.0,4.95049516861337e-11
aqual_simple_mu,UGC8508,UGC8508-published-circular-speed,0,4.0113808559387776e+18,7045.476195966515,5560.0,4180.0,1485.4761959665148,1.0,1.2374475675736832e-11
aqual_simple_mu,UGC8508,UGC8508-published-circular-speed,1,7.714193953728418e+18,12982.895673114628,12600.0,3090.0,382.89567311462815,1.0,2.185005731901677e-11
aqual_simple_mu,UGC8508,UGC8508-published-circular-speed,2,1.1725574809667195e+19,18153.85361610206,15830.0,3230.0,2323.85361610206,1.0,2.8106289581910546e-11
aqual_simple_mu,UGC8508,UGC8508-published-circular-speed,3,1.5428387907456836e+19,21850.656264901685,20700.0,2270.0,1150.656264901685,1.0,3.0946277865889405e-11
aqual_simple_mu,UGC8508,UGC8508-published-circular-speed,4,1.9439768763395613e+19,24384.24549504806,23450.0,2360.0,934.2454950480605,1.0,3.0586342646336716e-11
aqual_simple_mu,UGC8508,UGC8508-published-circular-speed,5,2.345114961933439e+19,26045.983371160117,26540.0,2810.0,-494.0166288398832,1.0,2.8927931499419774e-11
aqual_simple_mu,UGC8508,UGC8508-published-circular-speed,6,2.715396271712403e+19,26959.702142613958,28540.0,3420.0,-1580.2978573860419,1.0,2.6766831316303883e-11
aqual_simple_mu,UGC8508,UGC8508-published-circular-speed,7,3.1165343573062808e+19,27510.37448830842,29930.0,4180.0,-2419.625511691582,1.0,2.4284048167565036e-11
aqual_simple_mu,UGC8508,UGC8508-published-circular-speed,8,3.4868156670852444e+19,27931.58112560767,30910.0,4740.0,-2978.4188743923296,1.0,2.2374948912300192e-11
aqual_simple_mu,UGC8508,UGC8508-published-circular-speed,9,3.8879537526791225e+19,28250.559152889,34070.0,5350.0,-5819.440847111,1.0,2.052735560192627e-11
aqual_simple_mu,UGC8508,UGC8508-published-circular-speed,10,4.289091838273e+19,28282.953758623247,36390.0,6390.0,-8107.046241376753,1.0,1.8650229546833633e-11
qumond_simple_nu,CVnIdwA,CVnIdwA-published-circular-speed,0,5.245651888535325e+18,4005.052311965781,6370.0,1660.0,-2364.947688034219,1.0,3.05785522227271e-12
qumond_simple_nu,CVnIdwA,CVnIdwA-published-circular-speed,1,1.0799871535219784e+19,9099.97340345604,8800.0,1860.0,299.9734034560406,1.0,7.667638978255873e-12
qumond_simple_nu,CVnIdwA,CVnIdwA-published-circular-speed,2,1.604552342375511e+19,14491.603330620512,11080.0,1670.0,3411.6033306205118,1.0,1.3088171793831328e-11
qumond_simple_nu,CVnIdwA,CVnIdwA-published-circular-speed,3,2.1599743070439567e+19,19845.271305328122,15120.0,1610.0,4725.271305328122,1.0,1.823330916010127e-11
qumond_simple_nu,CVnIdwA,CVnIdwA-published-circular-speed,4,2.6845394958974894e+19,23747.73581781369,16550.0,2000.0,7197.735817813689,1.0,2.1007511989840586e-11
qumond_simple_nu,CVnIdwA,CVnIdwA-published-circular-speed,5,3.2399614605659357e+19,26843.489443916274,18540.0,2770.0,8303.489443916274,1.0,2.2240169653122334e-11
qumond_simple_nu,CVnIdwA,CVnIdwA-published-circular-speed,6,3.764526649419468e+19,28935.97237694256,19920.0,3500.0,9015.972376942558,1.0,2.2241587731310186e-11
qumond_simple_nu,CVnIdwA,CVnIdwA-published-circular-speed,7,4.3199486140879135e+19,30386.483325842255,22150.0,3650.0,8236.483325842255,1.0,2.137382759370246e-11
qumond_simple_nu,CVnIdwA,CVnIdwA-published-circular-speed,8,4.8445138029414466e+19,31190.375063852578,22430.0,3940.0,8760.375063852578,1.0,2.0081261736381415e-11
qumond_simple_nu,DDO47,DDO47-published-circular-speed,0,1.1725574809667195e+19,3783.873685002094,18240.0,3220.0,-14456.126314997906,1.0,1.2210659431593107e-12
qumond_simple_nu,DDO47,DDO47-published-circular-speed,1,2.345114961933439e+19,7510.4611139102135,26920.0,2610.0,-19409.538886089787,1.0,2.405298975068261e-12
qumond_simple_nu,DDO47,DDO47-published-circular-speed,2,3.4868156670852444e+19,11068.900175373134,25750.0,3790.0,-14681.099824626866,1.0,3.5138235797476145e-12
qumond_simple_nu,DDO47,DDO47-published-circular-speed,3,4.659373148051965e+19,14123.590204533364,29710.0,2610.0,-15586.409795466636,1.0,4.281172465205744e-12
qumond_simple_nu,DDO47,DDO47-published-circular-speed,4,5.831930629018684e+19,16993.883511519205,27450.0,2500.0,-10456.116488480795,1.0,4.9519120712119684e-12
qumond_simple_nu,DDO47,DDO47-published-circular-speed,5,7.004488109985404e+19,19822.431716285868,29060.0,2780.0,-9237.568283714132,1.0,5.60967187004954e-12
qumond_simple_nu,DDO47,DDO47-published-circular-speed,6,8.177045590952123e+19,22596.233116991658,34970.0,2330.0,-12373.766883008342,1.0,6.244183738469022e-12
qumond_simple_nu,DDO47,DDO47-published-circular-speed,7,9.349603071918842e+19,25310.415666048717,40170.0,2390.0,-14859.584333951283,1.0,6.851811101074784e-12
qumond_simple_nu,DDO47,DDO47-published-circular-speed,8,1.0491303777070649e+20,27895.27967514088,47020.0,2370.0,-19124.72032485912,1.0,7.417063166686797e-12
qumond_simple_nu,DDO47,DDO47-published-circular-speed,9,1.1663861258037368e+20,30477.409159438655,53880.0,3160.0,-23402.590840561345,1.0,7.963678995510728e-12
qumond_simple_nu,DDO47,DDO47-published-circular-speed,10,1.2836418739004088e+20,32970.35955205578,58350.0,3280.0,-25379.64044794422,1.0,8.468441479622328e-12
qumond_simple_nu,DDO47,DDO47-published-circular-speed,11,1.4008976219970807e+20,35331.19815794721,60760.0,3030.0,-25428.801842052788,1.0,8.910669442757706e-12
qumond_simple_nu,DDO47,DDO47-published-circular-speed,12,1.5181533700937525e+20,37356.73544120581,62930.0,3540.0,-25573.264558794188,1.0,9.192257582895348e-12
qumond_simple_nu,DDO47,DDO47-published-circular-speed,13,1.6323234406089333e+20,39188.63262318289,63990.0,5170.0,-24801.367376817107,1.0,9.408361655958871e-12
qumond_simple_nu,DDO50,DDO50-published-circular-speed,0,7.714193953728418e+18,4955.909660330167,5830.0,10060.0,-874.0903396698332,1.0,3.1838764631375458e-12
qumond_simple_nu,DDO50,DDO50-published-circular-speed,1,1.51198201493077e+19,9630.342250197653,13080.0,2750.0,-3449.657749802347,1.0,6.133901788520183e-12
qumond_simple_nu,DDO50,DDO50-published-circular-speed,2,2.2834014103036117e+19,14411.667830013448,29230.0,4570.0,-14818.332169986552,1.0,9.09591141992981e-12
qumond_simple_nu,DDO50,DDO50-published-circular-speed,3,3.0548208056764535e+19,18767.489173879017,34750.0,4790.0,-15982.510826120983,1.0,1.152992834267644e-11
qumond_simple_nu,DDO50,DDO50-published-circular-speed,4,3.826240201049295e+19,22235.265900948707,40010.0,5020.0,-17774.734099051293,1.0,1.292148489659138e-11
qumond_simple_nu,DDO50,DDO50-published-circular-speed,5,4.566802820607223e+19,25297.82730219339,40290.0,7450.0,-14992.17269780661,1.0,1.4013744217809399e-11
qumond_simple_nu,DDO50,DDO50-published-circular-speed,6,5.338222215980065e+19,28350.82357001117,43470.0,5640.0,-15119.176429988831,1.0,1.505687033207054e-11
qumond_simple_nu,DDO50,DDO50-published-circular-speed,7,6.109641611352907e+19,31041.55646467631,42130.0,5560.0,-11088.443535323691,1.0,1.5771436183084308e-11
qumond_simple_nu,DDO50,DDO50-published-circular-speed,8,6.881061006725748e+19,33528.14664970857,42130.0,5650.0,-8601.853350291429,1.0,1.6336675647339856e-11
qumond_simple_nu,DDO50,DDO50-published-circular-speed,9,7.621623626283678e+19,35822.893677156164,40940.0,6560.0,-5117.106322843836,1.0,1.683735348698353e-11
qumond_simple_nu,DDO50,DDO50-published-circular-speed,10,8.39304302165652e+19,38187.54606914923,41570.0,5980.0,-3382.4539308507665,1.0,1.7374969614960647e-11
qumond_simple_nu,DDO50,DDO50-published-circular-speed,11,9.164462417029361e+19,40561.95616703486,41690.0,4400.0,-1128.043832965137,1.0,1.7952741941951996e-11
qumond_simple_nu,DDO50,DDO50-published-circular-speed,12,9.905025036587288e+19,42778.00843202974,39960.0,3930.0,2818.008432029739,1.0,1.8475046742954097e-11
qumond_simple_nu,DDO50,DDO50-published-circular-speed,13,1.067644443196013e+20,45000.051326155924,39330.0,4040.0,5670.0513261559245,1.0,1.8967031882775314e-11
qumond_simple_nu,DDO50,DDO50-published-circular-speed,14,1.1447863827332973e+20,46988.53105312235,38590.0,3980.0,8398.531053122351,1.0,1.928676025354703e-11
qumond_simple_nu,DDO50,DDO50-published-circular-speed,15,1.2219283222705814e+20,48769.761832344855,40130.0,4270.0,8639.761832344855,1.0,1.9465050656686168e-11
qumond_simple_nu,DDO50,DDO50-published-circular-speed,16,1.2959845842263743e+20,50348.12053433593,43820.0,3940.0,6528.1205343359325,1.0,1.955990273490193e-11
qumond_simple_nu,DDO50,DDO50-published-circular-speed,17,1.3731265237636584e+20,51818.20873251251,45590.0,4050.0,6228.20873251251,1.0,1.955483860938366e-11
qumond_simple_nu,DDO50,DDO50-published-circular-speed,18,1.4502684633009426e+20,53018.82598209489,44660.0,4300.0,8358.825982094888,1.0,1.9382590049028427e-11
qumond_simple_nu,DDO50,DDO50-published-circular-speed,19,1.527410402838227e+20,54142.8344523667,45340.0,4280.0,8802.834452366696,1.0,1.9192265006766918e-11
qumond_simple_nu,DDO50,DDO50-published-circular-speed,20,1.6014666647940196e+20,55208.47011457972,43220.0,4810.0,11988.470114579723,1.0,1.9032398484450952e-11
qumond_simple_nu,DDO50,DDO50-published-circular-speed,21,1.678608604331304e+20,56229.114279521804,40390.0,5600.0,15839.114279521804,1.0,1.8835321613992523e-11
qumond_simple_nu,DDO50,DDO50-published-circular-speed,22,1.755750543868588e+20,57189.02381721119,39000.0,6580.0,18189.023817211193,1.0,1.862784241523972e-11
qumond_simple_nu,DDO50,DDO50-published-circular-speed,23,1.8298068058243806e+20,58048.35560919789,38290.0,7660.0,19758.35560919789,1.0,1.8415122176867133e-11
qumond_simple_nu,DDO50,DDO50-published-circular-speed,24,1.906948745361665e+20,58870.41776396122,40040.0,9630.0,18830.417763961217,1.0,1.8174196323488617e-11
qumond_simple_nu,DDO50,DDO50-published-circular-speed,25,1.984090684898949e+20,59593.67651688965,37630.0,10130.0,21963.676516889653,1.0,1.789941512164582e-11
qumond_simple_nu,DDO52,DDO52-published-circular-speed,0,1.3885549116711152e+19,10722.253066273968,11760.0,3140.0,-1037.7469337260318,1.0,8.279594119822022e-12
qumond_simple_nu,DDO52,DDO52-published-circular-speed,1,2.7771098233422303e+19,17940.022253096948,19910.0,4330.0,-1969.9777469030523,1.0,1.1589185121036244e-11
qumond_simple_nu,DDO52,DDO52-published-circular-speed,2,4.165664735013346e+19,21973.10071252861,28530.0,3020.0,-6556.899287471391,1.0,1.1590398787130869e-11
qumond_simple_nu,DDO52,DDO52-published-circular-speed,3,5.554219646684461e+19,25036.649104334763,34820.0,2730.0,-9783.350895665237,1.0,1.1285722176071472e-11
qumond_simple_nu,DDO52,DDO52-published-circular-speed,4,6.942774558355576e+19,28788.481061700815,37070.0,3470.0,-8281.518938299185,1.0,1.1937254117555641e-11
qumond_simple_nu,DDO52,DDO52-published-circular-speed,5,8.331329470026691e+19,32141.55976038789,39600.0,3680.0,-7458.440239612111,1.0,1.2399940100163584e-11
qumond_simple_nu,DDO52,DDO52-published-circular-speed,6,9.719884381697806e+19,34330.002601036365,43390.0,3260.0,-9059.997398963635,1.0,1.2125134747552446e-11
qumond_simple_nu,DDO52,DDO52-published-circular-speed,7,1.1108439293368921e+20,35594.67841304132,43820.0,4360.0,-8225.321586958678,1.0,1.1405572807011173e-11
qumond_simple_nu,DDO52,DDO52-published-circular-speed,8,1.2466137429225123e+20,36041.083453262494,47430.0,4400.0,-11388.916546737506,1.0,1.0419905153939674e-11
qumond_simple_nu,DDO52,DDO52-published-circular-speed,9,1.3854692340896239e+20,35946.30108041205,49060.0,4900.0,-13113.69891958795,1.0,9.326346118488016e-12
qumond_simple_nu,DDO52,DDO52-published-circular-speed,10,1.5243247252567356e+20,35818.52924982618,50910.0,6340.0,-15091.470750173823,1.0,8.416625515305267e-12
qumond_simple_nu,DDO52,DDO52-published-circular-speed,11,1.6631802164238467e+20,35836.28624030501,53200.0,4460.0,-17363.71375969499,1.0,7.721589030552759e-12
qumond_simple_nu,DDO53,DDO53-published-circular-speed,0,6.47992292113187e+18,4954.768398431547,3140.0,4920.0,1814.7683984315472,1.0,3.788583626826187e-12
qumond_simple_nu,DDO53,DDO53-published-circular-speed,1,9.565600502623238e+18,7283.039427151324,5810.0,4920.0,1473.0394271513242,1.0,5.545147247461824e-12
qumond_simple_nu,DDO53,DDO53-published-circular-speed,2,1.295984584226374e+19,9820.722006768112,7110.0,1820.0,2710.722006768112,1.0,7.441954318599582e-12
qumond_simple_nu,DDO53,DDO53-published-circular-speed,3,1.604552342375511e+19,11932.48453689726,11200.0,4900.0,732.4845368972601,1.0,8.873763944184893e-12
qumond_simple_nu,DDO53,DDO53-published-circular-speed,4,1.9439768763395613e+19,13929.774534390564,13020.0,4110.0,909.7745343905644,1.0,9.981529149890077e-12
qumond_simple_nu,DDO53,DDO53-published-circular-speed,5,2.252544634488698e+19,15637.0011439181,14560.0,4019.9999999999995,1077.0011439180998,1.0,1.0855092548716498e-11
qumond_simple_nu,DDO53,DDO53-published-circular-speed,6,2.591969168452748e+19,17444.102331711063,18100.0,5210.0,-655.897668288937,1.0,1.173998170436782e-11
qumond_simple_nu,DDO53,DDO53-published-circular-speed,7,2.900536926601885e+19,19006.76456793496,19590.0,6440.0,-583.2354320650411,1.0,1.2454835379880424e-11
qumond_simple_nu,DDO53,DDO53-published-circular-speed,8,3.2399614605659357e+19,20469.97227674644,23230.0,6560.0,-2760.027723253559,1.0,1.2932862631568961e-11
qumond_simple_nu,DDO87,DDO87-published-circular-speed,0,1.3268413600412879e+19,5518.38635456706,13170.0,3410.0,-7651.61364543294,1.0,2.295118985236059e-12
qumond_simple_nu,DDO87,DDO87-published-circular-speed,1,2.6536827200825758e+19,10679.405181405089,21320.0,2610.0,-10640.594818594911,1.0,4.297789414141904e-12
qumond_simple_nu,DDO87,DDO87-published-circular-speed,2,3.980524080123864e+19,15497.81153316458,26040.0,2940.0,-10542.18846683542,1.0,6.0339331576161505e-12
qumond_simple_nu,DDO87,DDO87-published-circular-speed,3,5.3073654401651515e+19,19820.68285486449,34190.0,3050.0,-14369.317145135508,1.0,7.402155989863295e-12
qumond_simple_nu,DDO87,DDO87-published-circular-speed,4,6.634206800206439e+19,23325.01785302953,37830.0,2470.0,-14504.98214697047,1.0,8.200776283115212e-12
qumond_simple_nu,DDO87,DDO87-published-circular-speed,5,7.961048160247728e+19,25562.86041347664,38870.0,2930.0,-13307.13958652336,1.0,8.208213533763586e-12
qumond_simple_nu,DDO87,DDO87-published-circular-speed,6,9.287889520289014e+19,27175.033670592962,40540.0,4640.0,-13364.966329407038,1.0,7.951025401246176e-12
qumond_simple_nu,DDO87,DDO87-published-circular-speed,7,1.0614730880330303e+20,28648.203652046803,43930.0,3500.0,-15281.796347953197,1.0,7.731892421408323e-12
qumond_simple_nu,DDO87,DDO87-published-circular-speed,8,1.194157224037159e+20,30488.46656603146,45240.0,2860.0,-14751.53343396854,1.0,7.784122348692445e-12
qumond_simple_nu,DDO87,DDO87-published-circular-speed,9,1.3299270376227791e+20,32654.349585203374,48490.0,4090.0,-15835.650414796626,1.0,8.017782304348633e-12
qumond_simple_nu,DDO87,DDO87-published-circular-speed,10,1.462611173626908e+20,34900.401124561926,50300.0,3370.0,-15399.598875438074,1.0,8.327831898308937e-12
qumond_simple_nu,DDO87,DDO87-published-circular-speed,11,1.5952953096310368e+20,36913.01192377754,51960.0,9080.0,-15046.988076222457,1.0,8.54118006276895e-12
qumond_simple_nu,DDO101,DDO101-published-circular-speed,0,5.862787404833597e+18,5035.754509248076,19420.0,4120.0,-14384.245490751924,1.0,4.325386838435443e-12
qumond_simple_nu,DDO101,DDO101-published-circular-speed,1,1.1417007051518058e+19,9313.862245312917,29470.0,4900.0,-20156.137754687083,1.0,7.598141048106906e-12
qumond_simple_nu,DDO101,DDO101-published-circular-speed,2,1.7279794456351658e+19,12777.638686799164,37920.0,3670.0,-25142.361313200836,1.0,9.448494935677493e-12
qumond_simple_nu,DDO101,DDO101-published-circular-speed,3,2.2834014103036117e+19,15505.334783110162,43590.0,3070.0,-28084.665216889836,1.0,1.0528827986681462e-11
qumond_simple_nu,DDO101,DDO101-published-circular-speed,4,2.8696801507869716e+19,18024.08945695436,49900.0,3220.0,-31875.91054304564,1.0,1.1320697209520113e-11
qumond_simple_nu,DDO101,DDO101-published-circular-speed,5,3.4559588912703316e+19,20430.85352281819,54750.0,2660.0,-34319.146477181814,1.0,1.207826217855903e-11
qumond_simple_nu,DDO101,DDO101-published-circular-speed,6,4.011380855938777e+19,22700.552058418383,56560.0,2420.0,-33859.44794158162,1.0,1.2846326047402068e-11
qumond_simple_nu,DDO101,DDO101-published-circular-speed,7,4.597659596422137e+19,25096.510709995568,58340.0,2480.0,-33243.489290004436,1.0,1.3699031792328752e-11
qumond_simple_nu,DDO101,DDO101-published-circular-speed,8,5.183938336905496e+19,27412.070625144996,59740.0,2540.0,-32327.929374855004,1.0,1.4495188158555362e-11
qumond_simple_nu,DDO101,DDO101-published-circular-speed,9,5.739360301573943e+19,29439.994740947695,59930.0,3570.0,-30490.005259052305,1.0,1.5101217641090478e-11
qumond_simple_nu,DDO126,DDO126-published-circular-speed,0,1.481125239115856e+19,10050.383098353483,7750.0,2320.0,2300.3830983534826,1.0,6.819828449076086e-12
qumond_simple_nu,DDO126,DDO126-published-circular-speed,1,2.1908310828588704e+19,14256.781382613759,11530.0,3910.0,2726.781382613759,1.0,9.277566718033261e-12
qumond_simple_nu,DDO126,DDO126-published-circular-speed,2,2.9313937024167985e+19,18226.81057509062,16440.0,4200.0,1786.8105750906216,1.0,1.133306056659459e-11
qumond_simple_nu,DDO126,DDO126-published-circular-speed,3,3.6719563219747267e+19,21264.73578687845,21770.0,4200.0,-505.2642131215507,1.0,1.231466140758908e-11
qumond_simple_nu,DDO126,DDO126-published-circular-speed,4,4.412518941532655e+19,23917.655596367484,25050.0,3540.0,-1132.3444036325163,1.0,1.296434659672532e-11
qumond_simple_nu,DDO126,DDO126-published-circular-speed,5,5.122224785275669e+19,26127.580942599652,29930.0,2490.0,-3802.419057400348,1.0,1.3327226245018404e-11
qumond_simple_nu,DDO126,DDO126-published-circular-speed,6,5.862787404833597e+19,28295.972489496038,31210.0,1920.0,-2914.027510503962,1.0,1.3656679047686562e-11
qumond_simple_nu,DDO126,DDO126-published-circular-speed,7,6.603350024391526e+19,30423.02084585704,34070.0,1430.0,-3646.9791541429586,1.0,1.4016524854333146e-11
qumond_simple_nu,DDO126,DDO126-published-circular-speed,8,7.343912643949453e+19,32448.63410379112,35000.0,1820.0,-2551.365896208881,1.0,1.4337232838263633e-11
qumond_simple_nu,DDO126,DDO126-published-circular-speed,9,8.053618487692468e+19,34221.33755612074,36050.0,1820.0,-1828.662443879257,1.0,1.4541289060558726e-11
qumond_simple_nu,DDO126,DDO126-published-circular-speed,10,8.794181107250397e+19,35853.87448539904,37770.0,1850.0,-1916.125514600957,1.0,1.461762385760867e-11
qumond_simple_nu,DDO126,DDO126-published-circular-speed,11,9.534743726808325e+19,37138.52797467306,38790.0,2470.0,-1651.4720253269406,1.0,1.4465729752626216e-11
qumond_simple_nu,DDO126,DDO126-published-circular-speed,12,1.0275306346366253e+20,38143.17361341274,39220.0,3060.0,-1076.8263865872577,1.0,1.415920503253371e-11
qumond_simple_nu,DDO133,DDO133-published-circular-speed,0,5.862787404833597e+18,3352.3807966664976,10190.0,2000.0,-6837.619203333503,1.0,1.9169136163103427e-12
qumond_simple_nu,DDO133,DDO133-published-circular-speed,1,1.1417007051518058e+19,6473.375454559,17140.0,3190.0,-10666.624545441,1.0,3.670365585884009e-12
qumond_simple_nu,DDO133,DDO133-published-circular-speed,2,1.7279794456351658e+19,9708.988444007853,20840.0,2690.0,-11131.011555992147,1.0,5.455183905340296e-12
qumond_simple_nu,DDO133,DDO133-published-circular-speed,3,2.3142581861185253e+19,12621.600220854181,25070.0,2840.0,-12448.399779145819,1.0,6.883622280807501e-12
qumond_simple_nu,DDO133,DDO133-published-circular-speed,4,2.8696801507869716e+19,15218.338631926474,28970.0,2660.0,-13751.661368073526,1.0,8.07051025015708e-12
qumond_simple_nu,DDO133,DDO133-published-circular-speed,5,3.4559588912703316e+19,17895.13345404643,32659.999999999996,2400.0,-14764.866545953566,1.0,9.266192434957478e-12
qumond_simple_nu,DDO133,DDO133-published-circular-speed,6,4.042237631753691e+19,20271.152869076443,34940.0,2520.0,-14668.847130923557,1.0,1.0165647744543705e-11
qumond_simple_nu,DDO133,DDO133-published-circular-speed,7,4.597659596422137e+19,22294.314390609947,37700.0,2940.0,-15405.685609390053,1.0,1.0810640581876651e-11
qumond_simple_nu,DDO133,DDO133-published-circular-speed,8,5.183938336905496e+19,24336.144034993926,39980.0,2810.0,-15643.855965006074,1.0,1.1424671128428339e-11
qumond_simple_nu,DDO133,DDO133-published-circular-speed,9,5.7702170773888565e+19,26202.885477457945,42040.0,2900.0,-15837.114522542055,1.0,1.189888002715269e-11
qumond_simple_nu,DDO133,DDO133-published-circular-speed,10,6.325639042057302e+19,27817.80700349602,44840.0,3170.0,-17022.19299650398,1.0,1.2233236536874502e-11
qumond_simple_nu,DDO133,DDO133-published-circular-speed,11,6.911917782540663e+19,29442.766145535243,46020.0,3540.0,-16577.233854464757,1.0,1.2541764899032584e-11
qumond_simple_nu,DDO133,DDO133-published-circular-speed,12,7.498196523024022e+19,30988.932298326647,46400.0,3430.0,-15411.067701673353,1.0,1.280726534762759e-11
qumond_simple_nu,DDO133,DDO133-published-circular-speed,13,8.053618487692468e+19,32372.361772408025,46310.0,3590.0,-13937.638227591975,1.0,1.3012409370088376e-11
qumond_simple_nu,DDO133,DDO133-published-circular-speed,14,8.639897228175827e+19,33773.44921473682,48920.0,5120.0,-15146.550785263178,1.0,1.320207685041221e-11
qumond_simple_nu,DDO210,DDO210-published-circular-speed,0,4.0113808559387776e+18,5041.758151539342,3600.0,1750.0,1441.7581515393422,1.0,6.336801757674181e-12
qumond_simple_nu,DDO210,DDO210-published-circular-speed,1,5.245651888535325e+18,6296.623550338106,4480.0,2500.0,1816.6235503381058,1.0,7.558158447632465e-12
qumond_simple_nu,DDO210,DDO210-published-circular-speed,2,6.788490679281008e+18,7622.8367379417095,6240.0,2700.0,1382.8367379417095,1.0,8.559728911562443e-12
qumond_simple_nu,DDO210,DDO210-published-circular-speed,3,8.022761711877555e+18,8554.890570362079,8700.0,2860.0,-145.1094296379215,1.0,9.12231414807188e-12
qumond_simple_nu,DDO210,DDO210-published-circular-speed,4,9.565600502623238e+18,9521.64452746381,11670.0,4330.0,-2148.35547253619,1.0,9.47789053938838e-12
qumond_simple_nu,DDO210,DDO210-published-circular-speed,5,1.0799871535219784e+19,10182.65037822608,14490.0,6440.0,-4307.349621773919,1.0,9.600703896065154e-12
qumond_simple_nu,DDO210,DDO210-published-circular-speed,6,1.2034142567816331e+19,10705.162352088339,16800.0,8220.0,-6094.837647911661,1.0,9.522946926942091e-12
qumond_simple_nu,DDO210,DDO210-published-circular-speed,7,1.3576981358562015e+19,11229.857052675045,17800.0,9520.0,-6570.1429473249555,1.0,9.288492492772498e-12
qumond_simple_nu,DDO216,DDO216-published-circular-speed,0,4.937084130386187e+18,5515.915373617019,7580.0,2060.0,-2064.084626382981,1.0,6.162609671090345e-12
qumond_simple_nu,DDO216,DDO216-published-circular-speed,1,7.40562619557928e+18,7715.180130467117,9520.0,1570.0,-1804.8198695328829,1.0,8.03767336799782e-12
qumond_simple_nu,DDO216,DDO216-published-circular-speed,2,9.874168260772375e+18,9518.429138017827,9750.0,1220.0,-231.57086198217257,1.0,9.175506317367523e-12
qumond_simple_nu,DDO216,DDO216-published-circular-speed,3,1.234271032596547e+19,11054.920105950207,9930.0,1510.0,1124.9201059502066,1.0,9.901492891058556e-12
qumond_simple_nu,DDO216,DDO216-published-circular-speed,4,1.481125239115856e+19,12254.704879383884,10930.0,2140.0,1324.704879383884,1.0,1.0139439104450236e-11
qumond_simple_nu,DDO216,DDO216-published-circular-speed,5,1.7279794456351658e+19,13312.62492409929,11110.0,2670.0,2202.6249240992893,1.0,1.0256255235987797e-11
qumond_simple_nu,DDO216,DDO216-published-circular-speed,6,1.974833652154475e+19,14166.085224098624,11810.0,3040.0,2356.085224098624,1.0,1.0161765795184454e-11
qumond_simple_nu,DDO216,DDO216-published-circular-speed,7,2.2216878586737844e+19,14895.5256245234,13610.0,4160.0,1285.5256245233995,1.0,9.986852237797276e-12
qumond_simple_nu,DDO216,DDO216-published-circular-speed,8,2.468542065193094e+19,15509.217711168501,12740.0,5270.0,2769.2177111685014,1.0,9.744044365458587e-12
qumond_simple_nu,DDO216,DDO216-published-circular-speed,9,2.715396271712403e+19,16021.58275437441,13510.0,5230.0,2511.582754374411,1.0,9.453173248757211e-12
qumond_simple_nu,DDO216,DDO216-published-circular-speed,10,2.962250478231712e+19,16473.25473333807,13400.0,5520.0,3073.2547333380717,1.0,9.160876958367001e-12
qumond_simple_nu,DDO216,DDO216-published-circular-speed,11,3.209104684751022e+19,16855.105371897218,13810.0,4980.0,3045.105371897218,1.0,8.852767516364145e-12
qumond_simple_nu,NGC1569,NGC1569-published-circular-speed,0,7.714193953728418e+18,6243.664058666231,3510.0,6120.0,2733.6640586662306,1.0,5.0534561499635454e-12
qumond_simple_nu,NGC1569,NGC1569-published-circular-speed,1,1.51198201493077e+19,12084.017602265743,5590.0,7210.0,6494.017602265743,1.0,9.657752537390758e-12
qumond_simple_nu,NGC1569,NGC1569-published-circular-speed,2,2.2834014103036117e+19,18004.580527992584,10710.0,9330.0,7294.580527992584,1.0,1.419658052790058e-11
qumond_simple_nu,NGC1569,NGC1569-published-circular-speed,3,3.0548208056764535e+19,23755.25742575201,23060.0,6670.0,695.25742575201,1.0,1.8472843130934017e-11
qumond_simple_nu,NGC1569,NGC1569-published-circular-speed,4,3.826240201049295e+19,29332.38903605723,34800.0,7470.0,-5467.6109639427705,1.0,2.248654034649106e-11
qumond_simple_nu,NGC1569,NGC1569-published-circular-speed,5,4.566802820607223e+19,34388.560767833755,43020.0,6890.0,-8631.439232166245,1.0,2.589498951754073e-11
qumond_simple_nu,NGC1569,NGC1569-published-circular-speed,6,5.338222215980065e+19,37900.082692389966,50250.0,9720.0,-12349.917307610034,1.0,2.690813926385566e-11
qumond_simple_nu,NGC1569,NGC1569-published-circular-speed,7,6.109641611352907e+19,40618.18847718538,54710.0,14120.0,-14091.81152281462,1.0,2.7003830013571266e-11
qumond_simple_nu,NGC1569,NGC1569-published-circular-speed,8,6.881061006725748e+19,42928.64841802829,56350.0,18530.0,-13421.351581971707,1.0,2.6781754342788268e-11
qumond_simple_nu,NGC1569,NGC1569-published-circular-speed,9,7.621623626283678e+19,44886.913411497255,55870.0,22350.0,-10983.086588502745,1.0,2.6435771357994628e-11
qumond_simple_nu,UGC8508,UGC8508-published-circular-speed,0,4.0113808559387776e+18,5911.977676011576,5560.0,4180.0,351.97767601157557,1.0,8.713079434956714e-12
qumond_simple_nu,UGC8508,UGC8508-published-circular-speed,1,7.714193953728418e+18,11016.092559783852,12600.0,3090.0,-1583.9074402161477,1.0,1.573129947388376e-11
qumond_simple_nu,UGC8508,UGC8508-published-circular-speed,2,1.1725574809667195e+19,15485.912530017129,15830.0,3230.0,-344.08746998287097,1.0,2.0452173200893005e-11
qumond_simple_nu,UGC8508,UGC8508-published-circular-speed,3,1.5428387907456836e+19,18784.05300744005,20700.0,2270.0,-1915.9469925599515,1.0,2.2869573250474396e-11
qumond_simple_nu,UGC8508,UGC8508-published-circular-speed,4,1.9439768763395613e+19,21438.154776025556,23450.0,2360.0,-2011.8452239744438,1.0,2.3641972586949045e-11
qumond_simple_nu,UGC8508,UGC8508-published-circular-speed,5,2.345114961933439e+19,23196.217910961535,26540.0,2810.0,-3343.7820890384646,1.0,2.294405750280163e-11
qumond_simple_nu,UGC8508,UGC8508-published-circular-speed,6,2.715396271712403e+19,24306.115158094708,28540.0,3420.0,-4233.884841905292,1.0,2.1756943553067295e-11
qumond_simple_nu,UGC8508,UGC8508-published-circular-speed,7,3.1165343573062808e+19,25083.13177211748,29930.0,4180.0,-4846.868227882522,1.0,2.0187921176688556e-11
qumond_simple_nu,UGC8508,UGC8508-published-circular-speed,8,3.4868156670852444e+19,25600.101425313198,30910.0,4740.0,-5309.898574686802,1.0,1.879552163232553e-11
qumond_simple_nu,UGC8508,UGC8508-published-circular-speed,9,3.8879537526791225e+19,25977.40445372194,34070.0,5350.0,-8092.5955462780585,1.0,1.735683048408798e-11
qumond_simple_nu,UGC8508,UGC8508-published-circular-speed,10,4.289091838273e+19,26160.87295096015,36390.0,6390.0,-10229.12704903985,1.0,1.5956554426026188e-11
refracted_gravity_published_fixture,CVnIdwA,CVnIdwA-published-circular-speed,0,5.245651888535325e+18,3420.1777878947137,6370.0,1660.0,-2949.8222121052863,1.0,2.229964235021808e-12
refracted_gravity_published_fixture,CVnIdwA,CVnIdwA-published-circular-speed,1,1.0799871535219784e+19,7160.6302011316675,8800.0,1860.0,-1639.3697988683325,1.0,4.7477069250449634e-12
refracted_gravity_published_fixture,CVnIdwA,CVnIdwA-published-circular-speed,2,1.604552342375511e+19,10913.863377168573,11080.0,1670.0,-166.1366228314273,1.0,7.423404688634688e-12
refracted_gravity_published_fixture,CVnIdwA,CVnIdwA-published-circular-speed,3,2.1599743070439567e+19,14960.97892444851,15120.0,1610.0,-159.02107555149087,1.0,1.0362664483917743e-11
refracted_gravity_published_fixture,CVnIdwA,CVnIdwA-published-circular-speed,4,2.6845394958974894e+19,18449.519046242844,16550.0,2000.0,1899.5190462428436,1.0,1.2679446644679769e-11
refracted_gravity_published_fixture,CVnIdwA,CVnIdwA-published-circular-speed,5,3.2399614605659357e+19,21772.29184683383,18540.0,2770.0,3232.2918468338285,1.0,1.463081268197881e-11
refracted_gravity_published_fixture,CVnIdwA,CVnIdwA-published-circular-speed,6,3.764526649419468e+19,24596.289423389215,19920.0,3500.0,4676.289423389215,1.0,1.6070478701284325e-11
refracted_gravity_published_fixture,CVnIdwA,CVnIdwA-published-circular-speed,7,4.3199486140879135e+19,27325.721447885197,22150.0,3650.0,5175.7214478851965,1.0,1.7284813301073616e-11
refracted_gravity_published_fixture,CVnIdwA,CVnIdwA-published-circular-speed,8,4.8445138029414466e+19,29721.53729418924,22430.0,3940.0,7291.537294189238,1.0,1.8234436210988306e-11
refracted_gravity_published_fixture,DDO47,DDO47-published-circular-speed,0,1.1725574809667195e+19,3067.662379025501,18240.0,3220.0,-15172.337620974498,1.0,8.025664092757168e-13
refracted_gravity_published_fixture,DDO47,DDO47-published-circular-speed,1,2.345114961933439e+19,6087.407591892058,26920.0,2610.0,-20832.592408107943,1.0,1.580158405508345e-12
refracted_gravity_published_fixture,DDO47,DDO47-published-circular-speed,2,3.4868156670852444e+19,8970.70343567331,25750.0,3790.0,-16779.29656432669,1.0,2.3079373220228655e-12
refracted_gravity_published_fixture,DDO47,DDO47-published-circular-speed,3,4.659373148051965e+19,11516.692722373493,29710.0,2610.0,-18193.307277626507,1.0,2.8466106286641485e-12
refracted_gravity_published_fixture,DDO47,DDO47-published-circular-speed,4,5.831930629018684e+19,13974.421889665633,27450.0,2500.0,-13475.578110334367,1.0,3.3485389242914527e-12
refracted_gravity_published_fixture,DDO47,DDO47-published-circular-speed,5,7.004488109985404e+19,16448.854960381203,29060.0,2780.0,-12611.145039618797,1.0,3.862735224319214e-12
refracted_gravity_published_fixture,DDO47,DDO47-published-circular-speed,6,8.177045590952123e+19,19031.102044198353,34970.0,2330.0,-15938.897955801647,1.0,4.429262879706149e-12
refracted_gravity_published_fixture,DDO47,DDO47-published-circular-speed,7,9.349603071918842e+19,21650.880570807574,40170.0,2390.0,-18519.119429192426,1.0,5.0136955107674744e-12
refracted_gravity_published_fixture,DDO47,DDO47-published-circular-speed,8,1.0491303777070649e+20,24243.652176408134,47020.0,2370.0,-22776.347823591866,1.0,5.602303425197072e-12
refracted_gravity_published_fixture,DDO47,DDO47-published-circular-speed,9,1.1663861258037368e+20,27156.251707929565,53880.0,3160.0,-26723.748292070435,1.0,6.322623276372179e-12
refracted_gravity_published_fixture,DDO47,DDO47-published-circular-speed,10,1.2836418739004088e+20,30131.656759619713,58350.0,3280.0,-28218.343240380287,1.0,7.07297539555006e-12
refracted_gravity_published_fixture,DDO47,DDO47-published-circular-speed,11,1.4008976219970807e+20,33081.0864118037,60760.0,3030.0,-27678.9135881963,1.0,7.811836218446403e-12
refracted_gravity_published_fixture,DDO47,DDO47-published-circular-speed,12,1.5181533700937525e+20,35881.42264565707,62930.0,3540.0,-27048.57735434293,1.0,8.480542983590416e-12
refracted_gravity_published_fixture,DDO47,DDO47-published-circular-speed,13,1.6323234406089333e+20,38530.04307620159,63990.0,5170.0,-25459.95692379841,1.0,9.094792015607753e-12
refracted_gravity_published_fixture,DDO50,DDO50-published-circular-speed,0,7.714193953728418e+18,4198.167772697847,5830.0,10060.0,-1631.8322273021531,1.0,2.2846991861282523e-12
refracted_gravity_published_fixture,DDO50,DDO50-published-circular-speed,1,1.51198201493077e+19,8182.176432372276,13080.0,2750.0,-4897.823567627724,1.0,4.427831185117219e-12
refracted_gravity_published_fixture,DDO50,DDO50-published-circular-speed,2,2.2834014103036117e+19,12283.6046986574,29230.0,4570.0,-16946.3953013426,1.0,6.607990330215987e-12
refracted_gravity_published_fixture,DDO50,DDO50-published-circular-speed,3,3.0548208056764535e+19,16147.112085360392,34750.0,4790.0,-18602.887914639607,1.0,8.535008934491536e-12
refracted_gravity_published_fixture,DDO50,DDO50-published-circular-speed,4,3.826240201049295e+19,19530.960420532294,40010.0,5020.0,-20479.039579467706,1.0,9.969536539911666e-12
refracted_gravity_published_fixture,DDO50,DDO50-published-circular-speed,5,4.566802820607223e+19,22653.682395939064,40290.0,7450.0,-17636.317604060936,1.0,1.123738742956814e-11
refracted_gravity_published_fixture,DDO50,DDO50-published-circular-speed,6,5.338222215980065e+19,25836.349700047118,43470.0,5640.0,-17633.650299952882,1.0,1.250448068319263e-11
refracted_gravity_published_fixture,DDO50,DDO50-published-circular-speed,7,6.109641611352907e+19,28710.293243516324,42130.0,5560.0,-13419.706756483676,1.0,1.3491477742279091e-11
refracted_gravity_published_fixture,DDO50,DDO50-published-circular-speed,8,6.881061006725748e+19,31391.881067865663,42130.0,5650.0,-10738.118932134337,1.0,1.4321195467033574e-11
refracted_gravity_published_fixture,DDO50,DDO50-published-circular-speed,9,7.621623626283678e+19,33920.02730368308,40940.0,6560.0,-7019.972696316923,1.0,1.5096104304006748e-11
refracted_gravity_published_fixture,DDO50,DDO50-published-circular-speed,10,8.39304302165652e+19,36615.31682443388,41570.0,5980.0,-4954.683175566119,1.0,1.5973722792726292e-11
refracted_gravity_published_fixture,DDO50,DDO50-published-circular-speed,11,9.164462417029361e+19,39504.617435664935,41690.0,4400.0,-2185.3825643350647,1.0,1.7028983564145727e-11
refracted_gravity_published_fixture,DDO50,DDO50-published-circular-speed,12,9.905025036587288e+19,42370.8304706412,39960.0,3930.0,2410.830470641202,1.0,1.8125015011475138e-11
refracted_gravity_published_fixture,DDO50,DDO50-published-circular-speed,13,1.067644443196013e+20,45383.94418027085,39330.0,4040.0,6053.944180270853,1.0,1.9292025566041294e-11
refracted_gravity_published_fixture,DDO50,DDO50-published-circular-speed,14,1.1447863827332973e+20,48378.915282208676,38590.0,3980.0,9788.915282208676,1.0,2.0445032184038467e-11
refracted_gravity_published_fixture,DDO50,DDO50-published-circular-speed,15,1.2219283222705814e+20,51192.93561723932,40130.0,4270.0,11062.935617239324,1.0,2.1447384509764105e-11
refracted_gravity_published_fixture,DDO50,DDO50-published-circular-speed,16,1.2959845842263743e+20,53679.0390039688,43820.0,3940.0,9859.039003968799,1.0,2.2233591845613285e-11
refracted_gravity_published_fixture,DDO50,DDO50-published-circular-speed,17,1.3731265237636584e+20,55989.17517761428,45590.0,4050.0,10399.175177614277,1.0,2.2829562191234292e-11
refracted_gravity_published_fixture,DDO50,DDO50-published-circular-speed,18,1.4502684633009426e+20,57918.98080033003,44660.0,4300.0,13258.980800330028,1.0,2.313094728208876e-11
refracted_gravity_published_fixture,DDO50,DDO50-published-circular-speed,19,1.527410402838227e+20,59721.04766072471,45340.0,4280.0,14381.047660724711,1.0,2.3350656294255337e-11
refracted_gravity_published_fixture,DDO50,DDO50-published-circular-speed,20,1.6014666647940196e+20,61452.18703131419,43220.0,4810.0,18232.18703131419,1.0,2.358070494971768e-11
refracted_gravity_published_fixture,DDO50,DDO50-published-circular-speed,21,1.678608604331304e+20,63134.106716689545,40390.0,5600.0,22744.106716689545,1.0,2.3745353268352792e-11
refracted_gravity_published_fixture,DDO50,DDO50-published-circular-speed,22,1.755750543868588e+20,64910.376983127295,39000.0,6580.0,25910.376983127295,1.0,2.3997469656526887e-11
refracted_gravity_published_fixture,DDO50,DDO50-published-circular-speed,23,1.8298068058243806e+20,66749.29431110801,38290.0,7660.0,28459.29431110801,1.0,2.4349391842072632e-11
refracted_gravity_published_fixture,DDO50,DDO50-published-circular-speed,24,1.906948745361665e+20,68729.73615941028,40040.0,9630.0,28689.736159410284,1.0,2.477138750599327e-11
refracted_gravity_published_fixture,DDO50,DDO50-published-circular-speed,25,1.984090684898949e+20,70669.15993704065,37630.0,10130.0,33039.15993704065,1.0,2.5170876534110567e-11
refracted_gravity_published_fixture,DDO52,DDO52-published-circular-speed,0,1.3885549116711152e+19,7166.960442749329,11760.0,3140.0,-4593.039557250671,1.0,3.699192704314148e-12
refracted_gravity_published_fixture,DDO52,DDO52-published-circular-speed,1,2.7771098233422303e+19,13308.214792289364,19910.0,4330.0,-6601.785207710636,1.0,6.377442457229171e-12
refracted_gravity_published_fixture,DDO52,DDO52-published-circular-speed,2,4.165664735013346e+19,17952.56387544528,28530.0,3020.0,-10577.436124554719,1.0,7.736929642776697e-12
refracted_gravity_published_fixture,DDO52,DDO52-published-circular-speed,3,5.554219646684461e+19,21105.326875859708,34820.0,2730.0,-13714.673124140292,1.0,8.019755264860372e-12
refracted_gravity_published_fixture,DDO52,DDO52-published-circular-speed,4,6.942774558355576e+19,24651.24406250174,37070.0,3470.0,-12418.75593749826,1.0,8.752751925347836e-12
refracted_gravity_published_fixture,DDO52,DDO52-published-circular-speed,5,8.331329470026691e+19,28643.692144733206,39600.0,3680.0,-10956.307855266794,1.0,9.847901257944398e-12
refracted_gravity_published_fixture,DDO52,DDO52-published-circular-speed,6,9.719884381697806e+19,32195.71129676869,43390.0,3260.0,-11194.288703231308,1.0,1.0664363743427768e-11
refracted_gravity_published_fixture,DDO52,DDO52-published-circular-speed,7,1.1108439293368921e+20,35268.02592088937,43820.0,4360.0,-8551.97407911063,1.0,1.1197195389086018e-11
refracted_gravity_published_fixture,DDO52,DDO52-published-circular-speed,8,1.2466137429225123e+20,37212.85843066155,47430.0,4400.0,-10217.141569338448,1.0,1.110846756216561e-11
refracted_gravity_published_fixture,DDO52,DDO52-published-circular-speed,9,1.3854692340896239e+20,36981.86269257155,49060.0,4900.0,-12078.13730742845,1.0,9.871443800849814e-12
refracted_gravity_published_fixture,DDO52,DDO52-published-circular-speed,10,1.5243247252567356e+20,35038.55670315528,50910.0,6340.0,-15871.443296844722,1.0,8.054061155725538e-12
refracted_gravity_published_fixture,DDO52,DDO52-published-circular-speed,11,1.6631802164238467e+20,33221.20641990339,53200.0,4460.0,-19978.793580096608,1.0,6.63577251037103e-12
refracted_gravity_published_fixture,DDO53,DDO53-published-circular-speed,0,6.47992292113187e+18,3623.106054679762,3140.0,4920.0,483.1060546797621,1.0,2.025779880907014e-12
refracted_gravity_published_fixture,DDO53,DDO53-published-circular-speed,1,9.565600502623238e+18,5329.782783762469,5810.0,4920.0,-480.2172162375309,1.0,2.9696603484852512e-12
refracted_gravity_published_fixture,DDO53,DDO53-published-circular-speed,2,1.295984584226374e+19,7193.156244525133,7110.0,1820.0,83.15624452513293,1.0,3.992446930920673e-12
refracted_gravity_published_fixture,DDO53,DDO53-published-circular-speed,3,1.604552342375511e+19,8818.704524463163,11200.0,4900.0,-2381.2954755368373,1.0,4.846806641075393e-12
refracted_gravity_published_fixture,DDO53,DDO53-published-circular-speed,4,1.9439768763395613e+19,10508.01919803865,13020.0,4110.0,-2511.98080196135,1.0,5.680029881541742e-12
refracted_gravity_published_fixture,DDO53,DDO53-published-circular-speed,5,2.252544634488698e+19,12018.762689798663,14560.0,4019.9999999999995,-2541.237310201337,1.0,6.412776660760156e-12
refracted_gravity_published_fixture,DDO53,DDO53-published-circular-speed,6,2.591969168452748e+19,13665.603848491153,18100.0,5210.0,-4434.396151508847,1.0,7.204897759465793e-12
refracted_gravity_published_fixture,DDO53,DDO53-published-circular-speed,7,2.900536926601885e+19,15144.27874665281,19590.0,6440.0,-4445.72125334719,1.0,7.907128388984633e-12
refracted_gravity_published_fixture,DDO53,DDO53-published-circular-speed,8,3.2399614605659357e+19,16705.224695927198,23230.0,6560.0,-6524.775304072802,1.0,8.613205296975067e-12
refracted_gravity_published_fixture,DDO87,DDO87-published-circular-speed,0,1.3268413600412879e+19,4125.25747782053,13170.0,3410.0,-9044.74252217947,1.0,1.2825760313791128e-12
refracted_gravity_published_fixture,DDO87,DDO87-published-circular-speed,1,2.6536827200825758e+19,8001.195946204037,21320.0,2610.0,-13318.804053795964,1.0,2.4124638595664446e-12
refracted_gravity_published_fixture,DDO87,DDO87-published-circular-speed,2,3.980524080123864e+19,12139.724496549683,26040.0,2940.0,-13900.275503450317,1.0,3.702349436548129e-12
refracted_gravity_published_fixture,DDO87,DDO87-published-circular-speed,3,5.3073654401651515e+19,16466.938733607418,34190.0,3050.0,-17723.061266392582,1.0,5.109127575883347e-12
refracted_gravity_published_fixture,DDO87,DDO87-published-circular-speed,4,6.634206800206439e+19,20473.501959588284,37830.0,2470.0,-17356.498040411716,1.0,6.318227560772179e-12
refracted_gravity_published_fixture,DDO87,DDO87-published-circular-speed,5,7.961048160247728e+19,23344.395600104854,38870.0,2930.0,-15525.604399895146,1.0,6.845339897017241e-12
refracted_gravity_published_fixture,DDO87,DDO87-published-circular-speed,6,9.287889520289014e+19,25389.544239708473,40540.0,4640.0,-15150.455760291527,1.0,6.9405321337204564e-12
refracted_gravity_published_fixture,DDO87,DDO87-published-circular-speed,7,1.0614730880330303e+20,26859.4701027707,43930.0,3500.0,-17070.5298972293,1.0,6.796508949072707e-12
refracted_gravity_published_fixture,DDO87,DDO87-published-circular-speed,8,1.194157224037159e+20,28642.48348394045,45240.0,2860.0,-16597.51651605955,1.0,6.8700489651961686e-12
refracted_gravity_published_fixture,DDO87,DDO87-published-circular-speed,9,1.3299270376227791e+20,30962.56673052445,48490.0,4090.0,-17527.43326947555,1.0,7.2085198016261405e-12
refracted_gravity_published_fixture,DDO87,DDO87-published-circular-speed,10,1.462611173626908e+20,33636.147556413074,50300.0,3370.0,-16663.852443586926,1.0,7.735414871959642e-12
refracted_gravity_published_fixture,DDO87,DDO87-published-circular-speed,11,1.5952953096310368e+20,36165.54750681587,51960.0,9080.0,-15794.45249318413,1.0,8.198775603309836e-12
refracted_gravity_published_fixture,DDO101,DDO101-published-circular-speed,0,5.862787404833597e+18,3094.663719140078,19420.0,4120.0,-16325.336280859923,1.0,1.6335136980519114e-12
refracted_gravity_published_fixture,DDO101,DDO101-published-circular-speed,1,1.1417007051518058e+19,5866.846952388053,29470.0,4900.0,-23603.153047611948,1.0,3.0147912677489645e-12
refracted_gravity_published_fixture,DDO101,DDO101-published-circular-speed,2,1.7279794456351658e+19,8508.12917851286,37920.0,3670.0,-29411.87082148714,1.0,4.189185369138094e-12
refracted_gravity_published_fixture,DDO101,DDO101-published-circular-speed,3,2.2834014103036117e+19,10853.140592093654,43590.0,3070.0,-32736.859407906348,1.0,5.158561266548792e-12
refracted_gravity_published_fixture,DDO101,DDO101-published-circular-speed,4,2.8696801507869716e+19,13187.760449829208,49900.0,3220.0,-36712.239550170794,1.0,6.060502095830611e-12
refracted_gravity_published_fixture,DDO101,DDO101-published-circular-speed,5,3.4559588912703316e+19,15391.7133140574,54750.0,2660.0,-39358.2866859426,1.0,6.854966919327302e-12
refracted_gravity_published_fixture,DDO101,DDO101-published-circular-speed,6,4.011380855938777e+19,17437.842405979496,56560.0,2420.0,-39122.15759402051,1.0,7.580390860309219e-12
refracted_gravity_published_fixture,DDO101,DDO101-published-circular-speed,7,4.597659596422137e+19,19565.72548594837,58340.0,2480.0,-38774.274514051634,1.0,8.326358351744771e-12
refracted_gravity_published_fixture,DDO101,DDO101-published-circular-speed,8,5.183938336905496e+19,21705.473730530444,59740.0,2540.0,-38034.526269469556,1.0,9.088217475749962e-12
refracted_gravity_published_fixture,DDO101,DDO101-published-circular-speed,9,5.739360301573943e+19,23816.194394947506,59930.0,3570.0,-36113.80560505249,1.0,9.88282814902523e-12
refracted_gravity_published_fixture,DDO126,DDO126-published-circular-speed,0,1.481125239115856e+19,7826.260878587591,7750.0,2320.0,76.26087858759092,1.0,4.135393667065821e-12
refracted_gravity_published_fixture,DDO126,DDO126-published-circular-speed,1,2.1908310828588704e+19,11423.764923244355,11530.0,3910.0,-106.23507675564542,1.0,5.9567534002325835e-12
refracted_gravity_published_fixture,DDO126,DDO126-published-circular-speed,2,2.9313937024167985e+19,15035.15403047482,16440.0,4200.0,-1404.8459695251804,1.0,7.711548828590668e-12
refracted_gravity_published_fixture,DDO126,DDO126-published-circular-speed,3,3.6719563219747267e+19,18126.708018074954,21770.0,4200.0,-3643.2919819250455,1.0,8.948296623415132e-12
refracted_gravity_published_fixture,DDO126,DDO126-published-circular-speed,4,4.412518941532655e+19,20979.792628055737,25050.0,3540.0,-4070.2073719442633,1.0,9.975066499393621e-12
refracted_gravity_published_fixture,DDO126,DDO126-published-circular-speed,5,5.122224785275669e+19,23397.317440519946,29930.0,2490.0,-6532.682559480054,1.0,1.0687435369609556e-11
refracted_gravity_published_fixture,DDO126,DDO126-published-circular-speed,6,5.862787404833597e+19,25761.788053113465,31210.0,1920.0,-5448.211946886535,1.0,1.132003734514362e-11
refracted_gravity_published_fixture,DDO126,DDO126-published-circular-speed,7,6.603350024391526e+19,28103.635357199135,34070.0,1430.0,-5966.364642800865,1.0,1.1960812578054907e-11
refracted_gravity_published_fixture,DDO126,DDO126-published-circular-speed,8,7.343912643949453e+19,30524.550990973145,35000.0,1820.0,-4475.4490090268555,1.0,1.2687354253432928e-11
refracted_gravity_published_fixture,DDO126,DDO126-published-circular-speed,9,8.053618487692468e+19,33074.18142302156,36050.0,1820.0,-2975.8185769784395,1.0,1.3582732761362407e-11
refracted_gravity_published_fixture,DDO126,DDO126-published-circular-speed,10,8.794181107250397e+19,35844.69350175861,37770.0,1850.0,-1925.3064982413925,1.0,1.4610138642422576e-11
refracted_gravity_published_fixture,DDO126,DDO126-published-circular-speed,11,9.534743726808325e+19,38569.34850769178,38790.0,2470.0,-220.65149230822135,1.0,1.5601831438061585e-11
refracted_gravity_published_fixture,DDO126,DDO126-published-circular-speed,12,1.0275306346366253e+20,40933.80820193752,39220.0,3060.0,1713.8082019375215,1.0,1.6306829182816103e-11
refracted_gravity_published_fixture,DDO133,DDO133-published-circular-speed,0,5.862787404833597e+18,2513.543911191606,10190.0,2000.0,-7676.456088808394,1.0,1.0776278512639872e-12
refracted_gravity_published_fixture,DDO133,DDO133-published-circular-speed,1,1.1417007051518058e+19,4861.121081552004,17140.0,3190.0,-12278.878918447996,1.0,2.0697629477567245e-12
refracted_gravity_published_fixture,DDO133,DDO133-published-circular-speed,2,1.7279794456351658e+19,7303.187547070413,20840.0,2690.0,-13536.812452929587,1.0,3.086642522421848e-12
refracted_gravity_published_fixture,DDO133,DDO133-published-circular-speed,3,2.3142581861185253e+19,9630.784182358071,25070.0,2840.0,-15439.215817641929,1.0,4.007850313483049e-12
refracted_gravity_published_fixture,DDO133,DDO133-published-circular-speed,4,2.8696801507869716e+19,11827.794148681201,28970.0,2660.0,-17142.2058513188,1.0,4.874993277045612e-12
refracted_gravity_published_fixture,DDO133,DDO133-published-circular-speed,5,3.4559588912703316e+19,14157.023639934356,32659.999999999996,2400.0,-18502.97636006564,1.0,5.7992969432570385e-12
refracted_gravity_published_fixture,DDO133,DDO133-published-circular-speed,6,4.042237631753691e+19,16394.96386229702,34940.0,2520.0,-18545.03613770298,1.0,6.6496545857302995e-12
refracted_gravity_published_fixture,DDO133,DDO133-published-circular-speed,7,4.597659596422137e+19,18415.370899193087,37700.0,2940.0,-19284.629100806913,1.0,7.376054669613923e-12
refracted_gravity_published_fixture,DDO133,DDO133-published-circular-speed,8,5.183938336905496e+19,20506.397641205316,39980.0,2810.0,-19473.602358794684,1.0,8.111831524412999e-12
refracted_gravity_published_fixture,DDO133,DDO133-published-circular-speed,9,5.7702170773888565e+19,22540.187665776746,42040.0,2900.0,-19499.812334223254,1.0,8.804869092348635e-12
refracted_gravity_published_fixture,DDO133,DDO133-published-circular-speed,10,6.325639042057302e+19,24427.72700110862,44840.0,3170.0,-20412.27299889138,1.0,9.433257928144764e-12
refracted_gravity_published_fixture,DDO133,DDO133-published-circular-speed,11,6.911917782540663e+19,26398.35329629474,46020.0,3540.0,-19621.64670370526,1.0,1.0082195400475968e-11
refracted_gravity_published_fixture,DDO133,DDO133-published-circular-speed,12,7.498196523024022e+19,28329.595671051928,46400.0,3430.0,-18070.404328948072,1.0,1.070345366943796e-11
refracted_gravity_published_fixture,DDO133,DDO133-published-circular-speed,13,8.053618487692468e+19,30096.651158121276,46310.0,3590.0,-16213.348841878724,1.0,1.12472227523305e-11
refracted_gravity_published_fixture,DDO133,DDO133-published-circular-speed,14,8.639897228175827e+19,31906.824092985502,48920.0,5120.0,-17013.175907014498,1.0,1.1783073303010385e-11
refracted_gravity_published_fixture,DDO210,DDO210-published-circular-speed,0,4.0113808559387776e+18,2333.441572295902,3600.0,1750.0,-1266.558427704098,1.0,1.3573753694460652e-12
refracted_gravity_published_fixture,DDO210,DDO210-published-circular-speed,1,5.245651888535325e+18,3006.249266315357,4480.0,2500.0,-1473.750733684643,1.0,1.7228620661949901e-12
refracted_gravity_published_fixture,DDO210,DDO210-published-circular-speed,2,6.788490679281008e+18,3843.706161547493,6240.0,2700.0,-2396.293838452507,1.0,2.1763419520350488e-12
refracted_gravity_published_fixture,DDO210,DDO210-published-circular-speed,3,8.022761711877555e+18,4506.819963292473,8700.0,2860.0,-4193.180036707527,1.0,2.531724973391752e-12
refracted_gravity_published_fixture,DDO210,DDO210-published-circular-speed,4,9.565600502623238e+18,5372.089921411839,11670.0,4330.0,-6297.910078588161,1.0,3.0169930383168693e-12
refracted_gravity_published_fixture,DDO210,DDO210-published-circular-speed,5,1.0799871535219784e+19,6071.46521656705,14490.0,6440.0,-8418.53478343295,1.0,3.4132526258085163e-12
refracted_gravity_published_fixture,DDO210,DDO210-published-circular-speed,6,1.2034142567816331e+19,6726.235938793381,16800.0,8220.0,-10073.764061206619,1.0,3.759490935840322e-12
refracted_gravity_published_fixture,DDO210,DDO210-published-circular-speed,7,1.3576981358562015e+19,7510.084284810141,17800.0,9520.0,-10289.915715189858,1.0,4.154190425354308e-12
refracted_gravity_published_fixture,DDO216,DDO216-published-circular-speed,0,4.937084130386187e+18,2814.9715892460117,7580.0,2060.0,-4765.028410753988,1.0,1.605009118538635e-12
refracted_gravity_published_fixture,DDO216,DDO216-published-circular-speed,1,7.40562619557928e+18,4018.948294061673,9520.0,1570.0,-5501.051705938327,1.0,2.181037087718927e-12
refracted_gravity_published_fixture,DDO216,DDO216-published-circular-speed,2,9.874168260772375e+18,5139.0976155878125,9750.0,1220.0,-4610.9023844121875,1.0,2.674688500849435e-12
refracted_gravity_published_fixture,DDO216,DDO216-published-circular-speed,3,1.234271032596547e+19,6237.378523256312,9930.0,1510.0,-3692.6214767436877,1.0,3.152054112501897e-12
refracted_gravity_published_fixture,DDO216,DDO216-published-circular-speed,4,1.481125239115856e+19,7286.755485650557,10930.0,2140.0,-3643.2445143494433,1.0,3.5848964088515654e-12
refracted_gravity_published_fixture,DDO216,DDO216-published-circular-speed,5,1.7279794456351658e+19,8300.392326006622,11110.0,2670.0,-2809.607673993378,1.0,3.987114137246282e-12
refracted_gravity_published_fixture,DDO216,DDO216-published-circular-speed,6,1.974833652154475e+19,9223.817953087238,11810.0,3040.0,-2586.1820469127615,1.0,4.308151096112648e-12
refracted_gravity_published_fixture,DDO216,DDO216-published-circular-speed,7,2.2216878586737844e+19,10100.624262307818,13610.0,4160.0,-3509.375737692182,1.0,4.592121710077795e-12
refracted_gravity_published_fixture,DDO216,DDO216-published-circular-speed,8,2.468542065193094e+19,10841.882540226228,12740.0,5270.0,-1898.1174597737718,1.0,4.7617749226755686e-12
refracted_gravity_published_fixture,DDO216,DDO216-published-circular-speed,9,2.715396271712403e+19,11515.352549498803,13510.0,5230.0,-1994.6474505011975,1.0,4.883388318701096e-12
refracted_gravity_published_fixture,DDO216,DDO216-published-circular-speed,10,2.962250478231712e+19,12187.121532647594,13400.0,5520.0,-1212.878467352406,1.0,5.013955853597627e-12
refracted_gravity_published_fixture,DDO216,DDO216-published-circular-speed,11,3.209104684751022e+19,12841.751151478444,13810.0,4980.0,-968.2488485215563,1.0,5.138834311642048e-12
refracted_gravity_published_fixture,NGC1569,NGC1569-published-circular-speed,0,7.714193953728418e+18,7747.864678981213,3510.0,6120.0,4237.864678981213,1.0,7.78168236939276e-12
refracted_gravity_published_fixture,NGC1569,NGC1569-published-circular-speed,1,1.51198201493077e+19,14984.882838302346,5590.0,7210.0,9394.882838302346,1.0,1.4851149779577877e-11
refracted_gravity_published_fixture,NGC1569,NGC1569-published-circular-speed,2,2.2834014103036117e+19,22309.750831884932,10710.0,9330.0,11599.750831884932,1.0,2.1797524514737448e-11
refracted_gravity_published_fixture,NGC1569,NGC1569-published-circular-speed,3,3.0548208056764535e+19,29411.82857034929,23060.0,6670.0,6351.828570349291,1.0,2.831772188549235e-11
refracted_gravity_published_fixture,NGC1569,NGC1569-published-circular-speed,4,3.826240201049295e+19,36286.029021470524,34800.0,7470.0,1486.0290214705237,1.0,3.441174189184255e-11
refracted_gravity_published_fixture,NGC1569,NGC1569-published-circular-speed,5,4.566802820607223e+19,42499.58748268626,43020.0,6890.0,-520.4125173137436,1.0,3.95509726859269e-11
refracted_gravity_published_fixture,NGC1569,NGC1569-published-circular-speed,6,5.338222215980065e+19,46778.62539970642,50250.0,9720.0,-3471.3746002935804,1.0,4.0991920263932126e-11
refracted_gravity_published_fixture,NGC1569,NGC1569-published-circular-speed,7,6.109641611352907e+19,50149.02163160505,54710.0,14120.0,-4560.97836839495,1.0,4.116320613526611e-11
refracted_gravity_published_fixture,NGC1569,NGC1569-published-circular-speed,8,6.881061006725748e+19,53122.30202395799,56350.0,18530.0,-3227.697976042007,1.0,4.1010811698462306e-11
refracted_gravity_published_fixture,NGC1569,NGC1569-published-circular-speed,9,7.621623626283678e+19,55734.962624444,55870.0,22350.0,-135.03737555599946,1.0,4.075753685914888e-11
refracted_gravity_published_fixture,UGC8508,UGC8508-published-circular-speed,0,4.0113808559387776e+18,4589.52966056182,5560.0,4180.0,-970.4703394381804,1.0,5.2510053923182435e-12
refracted_gravity_published_fixture,UGC8508,UGC8508-published-circular-speed,1,7.714193953728418e+18,8621.519166785916,12600.0,3090.0,-3978.4808332140838,1.0,9.635561821378824e-12
refracted_gravity_published_fixture,UGC8508,UGC8508-published-circular-speed,2,1.1725574809667195e+19,12490.410075078356,15830.0,3230.0,-3339.5899249216436,1.0,1.3305133980723536e-11
refracted_gravity_published_fixture,UGC8508,UGC8508-published-circular-speed,3,1.5428387907456836e+19,15663.237135134877,20700.0,2270.0,-5036.7628648651225,1.0,1.5901661211985224e-11
refracted_gravity_published_fixture,UGC8508,UGC8508-published-circular-speed,4,1.9439768763395613e+19,18623.065197723005,23450.0,2360.0,-4826.9348022769955,1.0,1.78406729822676e-11
refracted_gravity_published_fixture,UGC8508,UGC8508-published-circular-speed,5,2.345114961933439e+19,21123.665600520308,26540.0,2810.0,-5416.334399479692,1.0,1.902718014449603e-11
refracted_gravity_published_fixture,UGC8508,UGC8508-published-circular-speed,6,2.715396271712403e+19,23105.402120473183,28540.0,3420.0,-5434.5978795268165,1.0,1.966046770816623e-11
refracted_gravity_published_fixture,UGC8508,UGC8508-published-circular-speed,7,3.1165343573062808e+19,24920.414570267127,29930.0,4180.0,-5009.585429732873,1.0,1.9926847939220393e-11
refracted_gravity_published_fixture,UGC8508,UGC8508-published-circular-speed,8,3.4868156670852444e+19,26543.018764096563,30910.0,4740.0,-4366.981235903437,1.0,2.020559479991456e-11
refracted_gravity_published_fixture,UGC8508,UGC8508-published-circular-speed,9,3.8879537526791225e+19,28274.800934478502,34070.0,5350.0,-5795.199065521498,1.0,2.0562599730860715e-11
refracted_gravity_published_fixture,UGC8508,UGC8508-published-circular-speed,10,4.289091838273e+19,29901.98746878096,36390.0,6390.0,-6488.012531219039,1.0,2.0846577510990157e-11
