{
  "mu_p": {
    "mean": 2.7371568108668742,
    "std": 0.528465707830794,
    "ci_95": [
      1.8398816310040456,
      3.5568393966145884
    ]
  },
  "beta_morph": {
    "mean": 1.1831077982224323,
    "std": 0.22073553379001373,
    "ci_95": [
      0.7916676457309526,
      1.4550316653432132
    ],
    "prob_positive": 1.0
  },
  "sigma_p": {
    "mean": 0.7058640709559482,
    "std": 0.17704200338805504,
    "ci_95": [
      0.4297783094968849,
      1.034927488771538
    ]
  },
  "mu_A0": {
    "mean": 2.4092411064235706,
    "std": 0.13096485668021535,
    "ci_95": [
      2.180292848338166,
      2.6676577320509898
    ]
  },
  "sigma_A0": {
    "mean": 0.6998959966371306,
    "std": 0.3901654563371088,
    "ci_95": [
      0.012318205119038368,
      1.0965559819778856
    ]
  },
  "mu_ell0": {
    "mean": 12.199624055995328,
    "std": 0.9845385164816384,
    "ci_95": [
      10.736604974724376,
      14.144000603102935
    ]
  },
  "sigma_ell0": {
    "mean": 7.97237731323632,
    "std": 1.0746389047871732,
    "ci_95": [
      5.972411910331503,
      9.507303602969674
    ]
  },
  "result": "SIGNIFICANT POSITIVE CORRELATION",
  "interpretation": "p increases from Irregular to Early - supports interaction network",
  "n_galaxies": 116,
  "n_samples": 6000,
  "gpu": "RTX 5090 (CuPy)"
}