candidate_id,family,feature,fixed_slope,parameter_count,predicted_sign,mean_fold_improvement_fraction,median_fold_improvement_fraction,fold_wins,q_min,q_median,q_max,cv_equal_galaxy_RMSE_km_s,cv_pooled_RMSE_km_s,improvement_vs_constant_fraction,rank
inverse_hill0_m1__potential_depth,inverse_hill_zero_floor,potential_depth,1.0,2,inverse,0.13194290697851838,0.14686877203222465,4,0.9043644732460864,1.3617314812508794,1.7774994923185734,10.83171506191698,10.605696367982278,0.1413244356970741,1
inverse_hillfloor_m1__potential_depth,inverse_hill_free_floor,potential_depth,1.0,3,inverse,0.13178196096295805,0.1468687721179177,4,0.9043645159383857,1.3598927899201172,1.7872077370546169,10.833285773573698,10.611138031891107,0.1411999187844264,2
quadratic_log__potential_depth,quadratic_log_response_diagnostic,potential_depth,,3,nonmonotonic,0.13067573966188922,0.14707952052685203,4,0.9423788700211538,1.3500966849943472,1.8768534292650545,10.842054183087743,10.645744122995763,0.1405048101202423,3
inverse_hill0_m0.5__potential_depth,inverse_hill_zero_floor,potential_depth,0.5,2,inverse,0.13033615647945004,0.14510002513981224,4,0.9623661769409056,1.338269183564933,2.0784262337640396,10.847070505288942,10.673169953763612,0.14010714518239842,4
free_loglinear__potential_depth,unconstrained_log_linear,potential_depth,,2,learned,0.1271877049229166,0.1409378458486228,4,0.9932537177754219,1.3248745144996166,2.3245612121885304,10.883128384359125,10.735081928718703,0.13724868560502135,5
inverse_loglinear__potential_depth,inverse_log_linear,potential_depth,,2,inverse,0.1271877047279471,0.14093784476502402,4,0.9932537281110321,1.3248745167352225,2.324561201258169,10.883128389727217,10.735081924907975,0.1372486851794702,6
inverse_hillfloor_m2__potential_depth,inverse_hill_free_floor,potential_depth,2.0,3,inverse,0.12697623396535765,0.14139366916725343,4,0.8976343189150335,1.3728245642151529,1.632323235613164,10.896687623827685,10.672064544086213,0.13617378772083322,7
inverse_hill0_m2__potential_depth,inverse_hill_zero_floor,potential_depth,2.0,2,inverse,0.12585584377542577,0.1353697086536262,4,0.7913111007482799,1.3820158540147716,1.5483379359568399,10.919954587638665,10.622095572612059,0.13432931773932,8
inverse_hill0_m4__potential_depth,inverse_hill_zero_floor,potential_depth,4.0,2,inverse,0.09823174100114987,0.09710745366283974,4,0.5933273745714972,1.3597068003431372,1.4143311421168818,11.282154692127602,10.96963341841723,0.1056161936094121,9
quadratic_log__pair_surface_L3p0R80,quadratic_log_response_diagnostic,pair_surface_L3p0R80,,3,nonmonotonic,0.07882991378221449,0.09676413789901761,3,1.1191618225402957,1.264941009930288,2.2109540701090413,11.485489030563151,11.557537790664599,0.08949702625684997,10
inverse_hillfloor_m2__outward_radial_column,inverse_hill_free_floor,outward_radial_column,2.0,3,inverse,0.09474788527569336,0.059177072608640136,4,0.8551503401762489,1.2798483878416227,1.4284628191485127,11.514456981883468,11.11058322236135,0.0872006150417759,11
quadratic_log__mean_surface_R80,quadratic_log_response_diagnostic,mean_surface_R80,,3,nonmonotonic,0.07042697410967103,0.09218481745261109,3,1.115382733362712,1.2580485676969824,2.1982619577076745,11.560239799049523,11.607822640162375,0.08357121876051121,12
quadratic_log__acceleration_R80,quadratic_log_response_diagnostic,acceleration_R80,,3,nonmonotonic,0.0704269735429077,0.09218481614652291,3,1.1153827354795105,1.2580485655072735,2.19826199219279,11.560239811430298,11.607822658250127,0.08357121777903509,13
inverse_loglinear__pair_surface_L30p0kpc,inverse_log_linear,pair_surface_L30p0kpc,,2,inverse,0.07337056115113724,0.09122779444206025,3,1.078470859299371,1.2833735749736879,2.1746625292860777,11.591939196983478,11.69829407200974,0.08105827429572343,14
free_loglinear__pair_surface_L30p0kpc,unconstrained_log_linear,pair_surface_L30p0kpc,,2,learned,0.07337055362589448,0.09122779572871409,3,1.0784708581685478,1.2833736019955995,2.174662613209561,11.59193924853598,11.698293980930137,0.08105827020894008,15
inverse_loglinear__pair_count_L30p0kpc,inverse_log_linear,pair_count_L30p0kpc,,2,inverse,0.0742465027762517,0.08447001701698748,4,1.0797664338038244,1.2837120176607852,2.1459349537609316,11.594450443438374,11.663920718796565,0.08085919723780277,16
free_loglinear__pair_count_L30p0kpc,unconstrained_log_linear,pair_count_L30p0kpc,,2,learned,0.07424649991121582,0.08447001714317565,4,1.0797664340345454,1.2837120210597055,2.1459350393567953,11.594450466500003,11.663920740937897,0.08085919540961062,17
inverse_hill0_m0.5__pair_count_L30p0kpc,inverse_hill_zero_floor,pair_count_L30p0kpc,0.5,2,inverse,0.07386293639620647,0.0859598898621341,4,1.0640030368405162,1.2963894931240305,1.8811305842846913,11.600171324588484,11.665609704305467,0.08040567895175121,18
free_loglinear__pair_surface_L100p0kpc,unconstrained_log_linear,pair_surface_L100p0kpc,,2,learned,0.07456940903916495,0.0796423568717382,4,1.080726450246818,1.2840186108489269,2.123464087000596,11.600651679037755,11.64647496867141,0.08036759923626424,19
inverse_loglinear__pair_surface_L100p0kpc,inverse_log_linear,pair_surface_L100p0kpc,,2,inverse,0.074569407353475,0.0796423564397074,4,1.0807264492872763,1.2840186119663448,2.1234641139113086,11.600651693817557,11.646474970972383,0.08036759806460725,20
inverse_hill0_m0.5__pair_surface_L30p0kpc,inverse_hill_zero_floor,pair_surface_L30p0kpc,0.5,2,inverse,0.07270543433608301,0.09382709194804728,4,1.0618795279901014,1.295957417303848,1.9027920142915815,11.600745784747023,11.71351203333076,0.08036013908128903,21
inverse_loglinear__pair_count_L100p0kpc,inverse_log_linear,pair_count_L100p0kpc,,2,inverse,0.07451609694186112,0.07858668197655233,4,1.0807388957492199,1.284102309701276,2.11868373402904,11.602761387887648,11.644265714582147,0.08020035375142254,22
free_loglinear__pair_count_L100p0kpc,unconstrained_log_linear,pair_count_L100p0kpc,,2,learned,0.07451609629380401,0.07858668261300272,4,1.0807388960139934,1.2841023075140794,2.11868378032681,11.602761392096767,11.644265732818115,0.08020035341774812,23
inverse_loglinear__pair_surface_L300p0kpc,inverse_log_linear,pair_surface_L300p0kpc,,2,inverse,0.07447084671097304,0.0777843805387351,4,1.0788138769135676,1.2841613300546986,2.1150103410338494,11.604442787990578,11.642717104260548,0.0800670621005668,24
free_loglinear__pair_surface_L300p0kpc,unconstrained_log_linear,pair_surface_L300p0kpc,,2,learned,0.07447084563316364,0.07778437958443235,4,1.078813873754461,1.2841613291263152,2.115010380159907,11.604442797412316,11.642717125741845,0.08006706135366604,25
inverse_loglinear__pair_count_L300p0kpc,inverse_log_linear,pair_count_L300p0kpc,,2,inverse,0.07446131076544299,0.07765642070336798,4,1.0785000485910043,1.2841712218187817,2.114431151154588,11.60472380695015,11.642497958382062,0.08004478454689135,26
free_loglinear__pair_count_L300p0kpc,unconstrained_log_linear,pair_count_L300p0kpc,,2,learned,0.07446130917057048,0.07765641968432246,4,1.078500046560177,1.284171221212946,2.1144311800228546,11.604723823164285,11.642497979108095,0.08004478326152864,27
free_loglinear__baryonic_mass,unconstrained_log_linear,baryonic_mass,,2,learned,0.07445162079038792,0.07752842302330265,4,1.078186688118891,1.2841810393714903,2.1138512234221127,11.60500671068671,11.642281964832009,0.08002235757902454,28
inverse_loglinear__baryonic_mass,inverse_log_linear,baryonic_mass,,2,inverse,0.0744516193890096,0.0775284213115951,4,1.0781866853315554,1.2841810443697486,2.113851236609822,11.605006722772723,11.64228195482452,0.08002235662091561,29
inverse_hill0_m0.5__pair_surface_L100p0kpc,inverse_hill_zero_floor,pair_surface_L100p0kpc,0.5,2,inverse,0.07421804368374268,0.08016468609927163,4,1.0651341678894253,1.2963230521188778,1.8727007757181253,11.606117638905609,11.641646152633115,0.0799342896313534,30
inverse_hill0_m0.5__pair_count_L100p0kpc,inverse_hill_zero_floor,pair_count_L100p0kpc,0.5,2,inverse,0.07412543146381004,0.07887377930348044,4,1.0657680902447693,1.2963210582218343,1.870356917568528,11.608664742896039,11.638719718793645,0.07973236999592914,31
inverse_hillfloor_m1__pair_surface_L100p0kpc,inverse_hill_free_floor,pair_surface_L100p0kpc,1.0,3,inverse,0.07324239652177822,0.08218921595215456,4,1.0874713577816695,1.280588660725523,2.0236391912658425,11.609006509193625,11.673636964589525,0.07970527674552863,32
inverse_hillfloor_m1__pair_count_L100p0kpc,inverse_hill_free_floor,pair_count_L100p0kpc,1.0,3,inverse,0.07331133290964104,0.0812028926241708,4,1.08465755117428,1.280814359354308,2.0249007646738137,11.609684790289862,11.6702929802824,0.07965150655311337,33
quadratic_log__outward_radial_column,quadratic_log_response_diagnostic,outward_radial_column,,3,nonmonotonic,0.08673398604702712,0.054822111154857855,4,0.7539991169816272,1.2684694816581965,1.451361969645713,11.609988900815639,11.209443458545575,0.0796273984339615,34
inverse_hillfloor_m1__pair_surface_L300p0kpc,inverse_hill_free_floor,pair_surface_L300p0kpc,1.0,3,inverse,0.07334454183649758,0.08044295212255931,4,1.082538209297921,1.2809756659556344,2.025797191614796,11.610423796559415,11.668071988683154,0.07959292242106186,35
inverse_hillfloor_m1__pair_count_L300p0kpc,inverse_hill_free_floor,pair_count_L300p0kpc,1.0,3,inverse,0.07334682982938917,0.0803213077776343,4,1.082196099938083,1.2809991936021148,2.025958713986124,11.610561952380468,11.66776018698421,0.07958197022864111,36
inverse_hill0_m0.5__pair_surface_L300p0kpc,inverse_hill_zero_floor,pair_surface_L300p0kpc,0.5,2,inverse,0.07404975366827019,0.07789298279427942,4,1.0638325244442597,1.2963214076731002,1.8683480652421591,11.610696423248882,11.63665526992524,0.07957131015789909,37
inverse_hillfloor_m1__baryonic_mass,inverse_hill_free_floor,baryonic_mass,1.0,3,inverse,0.07334868180763437,0.08019942573249672,4,1.0818540650612747,1.2810225945967624,2.026122292881524,11.610704807736527,11.667455229003806,0.07957064548433457,38
inverse_hill0_m0.5__pair_count_L300p0kpc,inverse_hill_zero_floor,pair_count_L300p0kpc,0.5,2,inverse,0.07403460393530836,0.07773592148256941,4,1.0634655458261644,1.2963231304088294,1.8680007243663133,11.611041632887515,11.636364898552705,0.07954394393938602,39
inverse_hillfloor_m1__pair_count_L30p0kpc,inverse_hill_free_floor,pair_count_L30p0kpc,1.0,3,inverse,0.07218639011787861,0.08643331785433278,4,1.0895904779942325,1.2789940052706388,2.0257907409496574,11.611259391820738,11.699430357401566,0.07952668127379714,40
inverse_hill0_m0.5__baryonic_mass,inverse_hill_zero_floor,baryonic_mass,0.5,2,inverse,0.07401924708922578,0.0775788099410904,4,1.0630991659754316,1.2963247832013112,1.8676521174105583,11.611389445234478,11.636078772601044,0.07951637139324785,41
free_loglinear__pair_count_L10p0kpc,unconstrained_log_linear,pair_count_L10p0kpc,,2,learned,0.06950997046980681,0.09451069289348274,3,1.0802906006992041,1.2848540156894799,2.172156532319993,11.61949811328881,11.770544724004168,0.07887356320659433,42
inverse_loglinear__pair_count_L10p0kpc,inverse_log_linear,pair_count_L10p0kpc,,2,inverse,0.06950997105513698,0.09451069138850932,3,1.0802905993617793,1.2848540127548627,2.172156507281317,11.619498119246831,11.770544731928128,0.07887356273427693,43
inverse_hillfloor_m2__pair_surface_L100p0kpc,inverse_hill_free_floor,pair_surface_L100p0kpc,2.0,3,inverse,0.07098129469815015,0.08570946459011525,3,1.0994553537128848,1.2735468239607224,1.8323512665256618,11.623139021294078,11.721909974760429,0.07858493313110515,44
inverse_hillfloor_m2__pair_count_L100p0kpc,inverse_hill_free_floor,pair_count_L100p0kpc,2.0,3,inverse,0.07106950236339937,0.08489728169786981,3,1.097063686472725,1.2740232383446335,1.833503753048584,11.623512778974172,11.719206142276741,0.07855530378939579,45
inverse_hillfloor_m2__pair_surface_L300p0kpc,inverse_hill_free_floor,pair_surface_L300p0kpc,2.0,3,inverse,0.07111720930386364,0.08426733031006833,3,1.095261202203035,1.2743677711685648,1.8342358183813405,11.624011466566873,11.71744250840485,0.07851577072859928,46
inverse_hillfloor_m2__pair_count_L300p0kpc,inverse_hill_free_floor,pair_count_L300p0kpc,2.0,3,inverse,0.07112211708833288,0.08416742821332568,3,1.0949748886783468,1.2744177311667055,1.834349688666567,11.624108262081366,11.717198497210088,0.07850809734146214,47
quadratic_log__pair_surface_L100p0kpc,quadratic_log_response_diagnostic,pair_surface_L100p0kpc,,3,nonmonotonic,0.0724278812788047,0.07980194148710001,4,1.079446079989607,1.2851272184498899,2.1438674109967297,11.624115003948196,11.669350136134698,0.07850756288535132,48
inverse_hillfloor_m2__baryonic_mass,inverse_hill_free_floor,baryonic_mass,2.0,3,inverse,0.07112664446465225,0.08406724253979708,3,1.0946888274277087,1.2744673092715595,1.834464800182531,11.624209431375721,11.71696043565284,0.07850007722641805,49
quadratic_log__pair_count_L100p0kpc,quadratic_log_response_diagnostic,pair_count_L100p0kpc,,3,nonmonotonic,0.07246119626331954,0.07868003701128173,4,1.0762215108168023,1.2851949901636748,2.148472967652739,11.625096615446132,11.665762823778346,0.07842974641749767,50
quadratic_log__pair_surface_L300p0kpc,quadratic_log_response_diagnostic,pair_surface_L300p0kpc,,3,nonmonotonic,0.07246812364049968,0.07781601270518718,4,1.0738041278313362,1.2852332482171658,2.1520744466144124,11.626061405388466,11.663370328567597,0.07835326346503524,51
inverse_hillfloor_m2__pair_count_L30p0kpc,inverse_hill_free_floor,pair_count_L30p0kpc,2.0,3,inverse,0.06990773443205503,0.08925478724900687,3,1.0997736205943045,1.270007970705516,1.8321991478225663,11.62609942483885,11.74314207103567,0.07835024950345792,52
quadratic_log__pair_count_L300p0kpc,quadratic_log_response_diagnostic,pair_count_L300p0kpc,,3,nonmonotonic,0.07246564910724054,0.07767683634777006,4,1.0734130662896746,1.2852370041896257,2.1527189029364906,11.62624178622339,11.66303928453812,0.07833896391834916,53
quadratic_log__baryonic_mass,quadratic_log_response_diagnostic,baryonic_mass,,3,nonmonotonic,0.07246272677535204,0.07753737841305525,4,1.0730224005730737,1.2852404408728129,2.1533673889732174,11.626427079225353,11.662715930350942,0.07832427496354266,54
quadratic_log__pair_count_L30p0kpc,quadratic_log_response_diagnostic,pair_count_L30p0kpc,,3,nonmonotonic,0.07137353209083336,0.08449309051299447,4,1.0805008304065944,1.2840579331540392,2.140402057910899,11.62668485644974,11.698691431198057,0.07830383987986933,55
inverse_hillfloor_m1__pair_surface_L30p0kpc,inverse_hill_free_floor,pair_surface_L30p0kpc,1.0,3,inverse,0.06959930303482162,0.09161709729369472,3,1.0780772231214808,1.2771485275691647,2.038953466650203,11.627941455002183,11.754014998305195,0.0782042240327987,56
inverse_hill0_m0.5__pair_count_L10p0kpc,inverse_hill_zero_floor,pair_count_L10p0kpc,0.5,2,inverse,0.06780259104769557,0.08780923512560246,3,1.0577532508908574,1.2968905076627348,1.9167215701072808,11.640113685901259,11.807661009871683,0.0772392801456725,57
inverse_hillfloor_m1__outward_radial_column,inverse_hill_free_floor,outward_radial_column,1.0,3,inverse,0.08285622803208625,0.05557751501366104,4,0.8291204696864769,1.2614158171369807,1.4997684566427103,11.6415845463931,11.219979196909915,0.07712267885440671,58
inverse_hillfloor_m2__pair_surface_L30p0kpc,inverse_hill_free_floor,pair_surface_L30p0kpc,2.0,3,inverse,0.06743566915268356,0.09302516093860302,3,1.0901314335534593,1.2659269914856055,1.8461843784406475,11.64213044169175,11.786977123877476,0.0770794034404082,59
quadratic_log__pair_surface_L30p0kpc,quadratic_log_response_diagnostic,pair_surface_L30p0kpc,,3,nonmonotonic,0.06854800979101705,0.08997558062184996,4,1.0684283557547245,1.2820981790915082,2.1442981829379257,11.646198847309066,11.761797356455805,0.07675688383300605,60
inverse_hill0_m1__pair_count_L30p0kpc,inverse_hill_zero_floor,pair_count_L30p0kpc,1.0,2,inverse,0.07010885039141707,0.08280195389277911,4,1.0450003219551853,1.3143079615784998,1.63638984969408,11.656198087318682,11.700629312079515,0.07596420206388843,61
inverse_hill0_m1__pair_surface_L30p0kpc,inverse_hill_zero_floor,pair_surface_L30p0kpc,1.0,2,inverse,0.06870801515791924,0.0815022607715114,4,1.0416555867801356,1.313802535731861,1.6409923174537573,11.660939907704748,11.768249365652636,0.07558829803829759,62
quadratic_log__pair_surface_L1p0R80,quadratic_log_response_diagnostic,pair_surface_L1p0R80,,3,nonmonotonic,0.058659246914077506,0.08266988533503328,3,1.1367046255369444,1.2378044989357941,2.365633042334028,11.662618399073276,11.77274366716195,0.07545523697503931,63
inverse_hill0_m1__pair_surface_L100p0kpc,inverse_hill_zero_floor,pair_surface_L100p0kpc,1.0,2,inverse,0.07033636129712215,0.07518869380886878,4,1.047097021481282,1.3139671867778704,1.637478294454875,11.663451686394437,11.668875881205107,0.07538917878788853,64
inverse_hill0_m1__pair_count_L100p0kpc,inverse_hill_zero_floor,pair_count_L100p0kpc,1.0,2,inverse,0.07013915297604714,0.07344951683513884,4,1.0430712534584101,1.3138757040759264,1.6379960129852695,11.667140641285862,11.6653922882905,0.07509673983385634,65
inverse_hillfloor_m1__pair_count_L10p0kpc,inverse_hill_free_floor,pair_count_L10p0kpc,1.0,3,inverse,0.06446300821993187,0.08933138680847197,3,1.06529061593023,1.2745030064178025,2.1040328582100525,11.669607364981877,11.836432710796805,0.07490119228210224,66
inverse_hill0_m1__pair_surface_L300p0kpc,inverse_hill_zero_floor,pair_surface_L300p0kpc,1.0,2,inverse,0.06997985951168514,0.07212519715621779,4,1.0400705634678062,1.313806674100719,1.6382830449046621,11.670103503654074,11.663003476471523,0.07486186128494376,67
inverse_hill0_m1__pair_count_L300p0kpc,inverse_hill_zero_floor,pair_count_L300p0kpc,1.0,2,inverse,0.0699496162907457,0.07191149457639529,4,1.0395800930172425,1.313797354176437,1.638320346415985,11.670616807058996,11.662684535797315,0.07482116956730156,68
inverse_hill0_m1__baryonic_mass,inverse_hill_zero_floor,baryonic_mass,1.0,2,inverse,0.06991900617411065,0.07169762529500756,4,1.0390903550891954,1.313787898966051,1.6383565454750604,11.671134732988971,11.662372760273925,0.07478011140267615,69
inverse_hillfloor_m2__pair_count_L10p0kpc,inverse_hill_free_floor,pair_count_L10p0kpc,2.0,3,inverse,0.06317735142158251,0.09209056571622026,3,1.0845899086796453,1.2606987220408539,1.9428332308599474,11.673881334608241,11.846825246591004,0.07456237675198962,70
inverse_hillfloor_m2__local_face_on_surface_density,inverse_hill_free_floor,local_face_on_surface_density,2.0,3,inverse,0.07699237398050629,0.06225742588340083,4,0.8580788071253785,1.2439502562204359,1.3904530999778018,11.690087658248878,11.441094675121144,0.07327763338329396,71
quadratic_log__pair_count_L10p0kpc,quadratic_log_response_diagnostic,pair_count_L10p0kpc,,3,nonmonotonic,0.06129798899567157,0.08360373826193407,3,1.0505192703925679,1.2762599089207622,2.2620824941152717,11.711597939428259,11.875296537777096,0.07157242301499689,72
inverse_hill0_m1__pair_count_L10p0kpc,inverse_hill_zero_floor,pair_count_L10p0kpc,1.0,2,inverse,0.062210619614016305,0.07263700084573566,3,1.0263750550671158,1.3135497085120775,1.6519048928049371,11.721187871942664,11.900351374047267,0.07081218877080175,73
inverse_hill0_m0.5__outward_radial_column,inverse_hill_zero_floor,outward_radial_column,0.5,2,inverse,0.07436595953605749,0.051674203120684215,4,0.8429791615084422,1.2486090399754204,1.5963982823633731,11.737755059103431,11.304567447059508,0.0694988382346341,74
inverse_hillfloor_m2__pair_surface_L1p0R80,inverse_hill_free_floor,pair_surface_L1p0R80,2.0,3,inverse,0.0498931977149738,0.07489350112724519,3,1.104348533966942,1.240763729931901,2.0525111285067785,11.740208897344443,12.015652092545347,0.0693043121670387,75
free_loglinear__pair_surface_L10p0kpc,unconstrained_log_linear,pair_surface_L10p0kpc,,2,learned,0.055978237288316135,0.07463303170583957,3,1.048400240874008,1.2856292993856808,2.1698815922550634,11.744921711453191,12.03981870778019,0.06893070759092568,76
inverse_loglinear__pair_surface_L10p0kpc,inverse_log_linear,pair_surface_L10p0kpc,,2,inverse,0.05597823711731084,0.07463303053625275,3,1.0484002337628842,1.285629298147235,2.1698815889904983,11.744921717028285,12.039818724359296,0.06893070714896454,77
inverse_hillfloor_m2__pair_count_L3p0kpc,inverse_hill_free_floor,pair_count_L3p0kpc,2.0,3,inverse,0.05384407399252933,0.07912907417869808,3,1.0948255654025059,1.2547258135200705,2.1428981840512478,11.76076803221888,11.979448030239073,0.06767450316274204,78
inverse_hillfloor_m2__pair_surface_L10p0kpc,inverse_hill_free_floor,pair_surface_L10p0kpc,2.0,3,inverse,0.05133853086144796,0.07993862215101538,3,1.078466624253441,1.2535300143492485,2.1801299561292797,11.764111749958987,12.005721099569897,0.06740943260826904,79
inverse_hill0_m1__outward_radial_column,inverse_hill_zero_floor,outward_radial_column,1.0,2,inverse,0.07007127937323512,0.052108839620088776,3,0.6938908310272164,1.2707879647519915,1.4584411539244544,11.7664139165471,11.399808311506531,0.06722693018987391,80
quadratic_log__local_face_on_surface_density,quadratic_log_response_diagnostic,local_face_on_surface_density,,3,nonmonotonic,0.07059547888983131,0.05731696773427852,4,0.6975219376759209,1.2437970630779334,1.4107651410482198,11.776026173977947,11.566932078276244,0.06646492615575039,81
inverse_hillfloor_m2__pair_surface_L3p0R80,inverse_hill_free_floor,pair_surface_L3p0R80,2.0,3,inverse,0.051235091597265525,0.0748730594148605,3,1.1038030828516807,1.2417483321772536,1.9539747546926403,11.777711699360575,12.055534680303376,0.06633130747663984,82
inverse_loglinear__pair_count_L3p0kpc,inverse_log_linear,pair_count_L3p0kpc,,2,inverse,0.05557291029777933,0.07187159459784898,3,1.0581122049328093,1.2903147471768865,2.0126514626964926,11.778796313187364,12.026903696512889,0.06624532558139562,83
free_loglinear__pair_count_L3p0kpc,unconstrained_log_linear,pair_count_L3p0kpc,,2,learned,0.05557290982801241,0.07187159425773587,3,1.058112202789142,1.2903147450567607,2.012651486190017,11.778796315548053,12.026903713856235,0.06624532539425387,84
inverse_hillfloor_m1__local_face_on_surface_density,inverse_hill_free_floor,local_face_on_surface_density,1.0,3,inverse,0.06863471391559317,0.058287643874471384,4,0.7380084838041935,1.2351177148496175,1.4447503647929016,11.784167195200961,11.52123724391506,0.0658195531974779,85
inverse_hillfloor_m1__pair_count_L3p0kpc,inverse_hill_free_floor,pair_count_L3p0kpc,1.0,3,inverse,0.05221970104563922,0.07236322491746483,3,1.0693460317233432,1.2698015767748108,2.2790426068777014,11.797705093651963,12.02195346669989,0.06474634710541949,86
inverse_hill0_m0.5__pair_surface_L10p0kpc,inverse_hill_zero_floor,pair_surface_L10p0kpc,0.5,2,inverse,0.05101762127433415,0.0625127241128931,3,1.0202196505407854,1.2964937789712754,1.925606656467175,11.808337416517514,12.149829998779017,0.06390347819830378,87
inverse_hillfloor_m1__pair_surface_L10p0kpc,inverse_hill_free_floor,pair_surface_L10p0kpc,1.0,3,inverse,0.04777846132801447,0.06999980192175242,3,1.0385667198053157,1.2693708016201701,2.298342745331468,11.823340999442037,12.105761092898016,0.06271408113969978,88
inverse_hillfloor_m2__acceleration_R80,inverse_hill_free_floor,acceleration_R80,2.0,3,inverse,0.04834850545434005,0.06974496203857011,3,1.1044203520324125,1.2420206227099864,1.9704684563221355,11.831350508905365,12.097837193344283,0.062079133671187225,89
inverse_hillfloor_m2__mean_surface_R80,inverse_hill_free_floor,mean_surface_R80,2.0,3,inverse,0.04834850275282346,0.06974496094211552,3,1.1044203491099933,1.2420206234454145,1.9704684777457073,11.831350536345704,12.097837227209373,0.06207913149587618,90
inverse_hill0_m2__pair_count_L30p0kpc,inverse_hill_zero_floor,pair_count_L30p0kpc,2.0,2,inverse,0.057276591158058804,0.06372596018326054,4,1.0227417692904077,1.3286415105315525,1.4564209947793,11.839080867545363,11.829555104363932,0.06146631566134109,91
inverse_hillfloor_m2__pair_count_L1p0kpc,inverse_hill_free_floor,pair_count_L1p0kpc,2.0,3,inverse,0.04722308584616822,0.07115999584607108,3,1.1083678754001007,1.2543303331163127,2.2997165068446925,11.840298096859431,12.06584615567028,0.06136982077921316,92
inverse_hill0_m0.5__pair_count_L3p0kpc,inverse_hill_zero_floor,pair_count_L3p0kpc,0.5,2,inverse,0.050248469531731954,0.05982348734818943,3,1.0329659058408112,1.3013176897960066,1.799410879415757,11.849000747465592,12.122910387760728,0.06067992509995457,93
inverse_hill0_m2__pair_surface_L30p0kpc,inverse_hill_zero_floor,pair_surface_L30p0kpc,2.0,2,inverse,0.055896857450157045,0.05442125577618351,4,1.017324813655975,1.3275310854220193,1.4513571343646778,11.84941254659815,11.923048756698948,0.060647280052470554,94
inverse_hill0_m2__pair_surface_L100p0kpc,inverse_hill_zero_floor,pair_surface_L100p0kpc,2.0,2,inverse,0.05684188082885788,0.05785508951591012,4,1.0172967564207767,1.3286270434574927,1.4600914089785615,11.851859644931094,11.79252186621826,0.06045328828570662,95
inverse_hill0_m2__pair_count_L100p0kpc,inverse_hill_zero_floor,pair_count_L100p0kpc,2.0,2,inverse,0.0563399844856948,0.05518281759893223,4,1.0109485750856764,1.3285018428894526,1.46093095255337,11.858549116586163,11.79007630401142,0.05992298576062449,96
inverse_hill0_m0.5__local_face_on_surface_density,inverse_hill_zero_floor,local_face_on_surface_density,0.5,2,inverse,0.06209853024290293,0.053909273094855714,3,0.7435883997562428,1.2275933279241382,1.5235774095056127,11.85931115271965,11.551021879185416,0.059862575954494956,97
inverse_hill0_m2__pair_surface_L300p0kpc,inverse_hill_zero_floor,pair_surface_L300p0kpc,2.0,2,inverse,0.0559331562541662,0.0534384881273437,4,1.0062135017443663,1.3283862824038315,1.461472966214822,11.863999579415623,11.788778193821086,0.05949090467106066,98
inverse_hill0_m2__pair_count_L300p0kpc,inverse_hill_zero_floor,pair_count_L300p0kpc,2.0,2,inverse,0.05585906845622132,0.05345942515619079,4,1.005440821676254,1.328366262573431,1.4615495394912468,11.864957903582708,11.788686681323325,0.05941493428776923,99
inverse_hill0_m2__baryonic_mass,inverse_hill_zero_floor,baryonic_mass,2.0,2,inverse,0.0557842125777791,0.05348001601941288,4,1.0046692240981376,1.328345790066124,1.4616248463801524,11.8659260761822,11.788609679919407,0.05933818317786099,100
inverse_hillfloor_m1__pair_count_L1p0kpc,inverse_hill_free_floor,pair_count_L1p0kpc,1.0,3,inverse,0.047485002826704925,0.06903512830670505,3,1.0832120358867288,1.2719791397373599,2.2136146860498056,11.870956339998028,12.107304949704364,0.05893941302964745,101
inverse_hill0_m1__local_face_on_surface_density,inverse_hill_zero_floor,local_face_on_surface_density,1.0,2,inverse,0.05834334845788755,0.05658192190071892,3,0.5148044668912012,1.2492117115618497,1.3940582395385812,11.885236670336775,11.767249000400648,0.057807351242390004,102
inverse_hillfloor_m2__pair_count_L0p3kpc,inverse_hill_free_floor,pair_count_L0p3kpc,2.0,3,inverse,0.04304091817493444,0.06864310608188479,3,1.1153022511825035,1.2551896385542933,2.438871537332969,11.893304447859883,12.099341783472749,0.05716778461995542,103
inverse_hillfloor_m2__pair_count_L0p1kpc,inverse_hill_free_floor,pair_count_L0p1kpc,2.0,3,inverse,0.042226772407846974,0.06823170250275551,3,1.1202524694681375,1.2548636920959333,2.476263116105839,11.907354999528318,12.098713589355802,0.05605393835334893,104
quadratic_log__pair_count_L0p3kpc,quadratic_log_response_diagnostic,pair_count_L0p3kpc,,3,nonmonotonic,0.0399333931720276,0.057697488234031646,3,1.1344631184679237,1.2294653066986938,2.6923679369652547,11.911006895657229,12.119893320910348,0.05576443720313007,105
quadratic_log__pair_count_L0p1kpc,quadratic_log_response_diagnostic,pair_count_L0p1kpc,,3,nonmonotonic,0.03939836843405509,0.05314023048698385,3,1.1262260327095752,1.235669692013304,2.5615616494960594,11.911829984165351,12.15242419202222,0.05569918751874092,106
quadratic_log__pair_count_L3p0kpc,quadratic_log_response_diagnostic,pair_count_L3p0kpc,,3,nonmonotonic,0.04241443360281999,0.05648207788529569,3,1.0532157326239666,1.2520533171067196,2.7186180978065275,11.913269846547411,12.119324102970209,0.05558504357788141,107
inverse_hillfloor_m1__pair_count_L0p3kpc,inverse_hill_free_floor,pair_count_L0p3kpc,1.0,3,inverse,0.045299507367946384,0.06341088058514965,3,1.0870243470817962,1.2752288321915355,2.035194598432251,11.917157999625049,12.135434635945817,0.055276813346662124,108
inverse_hillfloor_m1__pair_surface_L1p0R80,inverse_hill_free_floor,pair_surface_L1p0R80,1.0,3,inverse,0.0358659637520177,0.05985870580262803,3,1.0659974671318744,1.2646478743739513,1.719537862835114,11.933951133096961,12.327105782012369,0.05394555109705701,109
inverse_hillfloor_m1__pair_count_L0p1kpc,inverse_hill_free_floor,pair_count_L0p1kpc,1.0,3,inverse,0.04410098014133826,0.05924684922239093,3,1.087179618084805,1.2750476785622809,1.9907108558356401,11.946091833490216,12.146069723942787,0.052983106765608246,110
inverse_hill0_m2__pair_count_L10p0kpc,inverse_hill_zero_floor,pair_count_L10p0kpc,2.0,2,inverse,0.04685767740102209,0.04041341308449564,4,0.9828209569605695,1.3243250746926423,1.4425980874069482,11.946278887050713,12.12094775209794,0.052968278243929356,111
quadratic_log__pair_count_L1p0kpc,quadratic_log_response_diagnostic,pair_count_L1p0kpc,,3,nonmonotonic,0.037844202357111695,0.05733272259929978,3,1.1046172527060294,1.2314559764107447,2.8109340829189127,11.957821926193851,12.138357669117104,0.05205321303095556,112
quadratic_log__pair_surface_L10p0kpc,quadratic_log_response_diagnostic,pair_surface_L10p0kpc,,3,nonmonotonic,0.03593772308535448,0.04869772202482231,3,1.0129272443216624,1.259616718668183,2.6755704680595,11.966279641514598,12.2482024500322,0.051382734400910235,113
inverse_hill0_m1__pair_surface_L10p0kpc,inverse_hill_zero_floor,pair_surface_L10p0kpc,1.0,2,inverse,0.03895937655136941,0.03642301424873112,2,0.9754277591836117,1.3089127733959125,1.647827326057038,11.979940163362265,12.376331250004462,0.050299807436974486,114
free_loglinear__outward_radial_column,unconstrained_log_linear,outward_radial_column,,2,learned,0.0520090338072437,0.040906264573661644,3,0.9644505401498575,1.227775723422571,1.8180383816215486,11.987357478291193,11.567795738043774,0.04971180571741285,115
inverse_loglinear__outward_radial_column,inverse_log_linear,outward_radial_column,,2,inverse,0.052009034419297356,0.04090626223416066,3,0.9644505245436437,1.2277757232477173,1.8180384333499697,11.987357488291407,11.567795753921361,0.04971180492465388,116
inverse_loglinear__enclosed_mean_volume_density,inverse_log_linear,enclosed_mean_volume_density,,2,inverse,0.03749897408620917,0.05188810214185746,3,0.7687128820314727,1.2202398295677446,1.489772502575867,11.987628687974965,11.940878674033657,0.04969030578624534,117
free_loglinear__enclosed_mean_volume_density,unconstrained_log_linear,enclosed_mean_volume_density,,2,learned,0.03749897365999025,0.0518881015599027,3,0.7687128750365559,1.2202398300049593,1.4897725023227866,11.987628689318965,11.940878670884217,0.049690305679700786,118
inverse_loglinear__pair_count_L1p0kpc,inverse_log_linear,pair_count_L1p0kpc,,2,inverse,0.0403684255297983,0.04685716367402726,3,1.0440797535054802,1.291569104269592,1.7824377499775002,11.990400333913488,12.257918644135158,0.04947058576714358,119
free_loglinear__pair_count_L1p0kpc,unconstrained_log_linear,pair_count_L1p0kpc,,2,learned,0.040368425574470124,0.04685716281201863,3,1.0440797480435382,1.2915691058735828,1.7824377255446155,11.990400338083159,12.257918641006146,0.049470585436596215,120
inverse_hillfloor_m2__pair_surface_L0p3R80,inverse_hill_free_floor,pair_surface_L0p3R80,2.0,3,inverse,0.025492730198608426,0.045205966821232846,3,1.0894408831156202,1.2393602023419446,2.23399322253662,12.000477501553679,12.307471178888543,0.04867172634732375,121
inverse_hill0_m1__pair_count_L3p0kpc,inverse_hill_zero_floor,pair_count_L3p0kpc,1.0,2,inverse,0.03974733201256281,0.03696790387578741,2,0.9975800388536521,1.3104305422301668,1.569308451549827,12.003045488430422,12.298250464120198,0.048468151237758494,122
quadratic_log__pair_surface_L0p1R80,quadratic_log_response_diagnostic,pair_surface_L0p1R80,,3,nonmonotonic,0.02784870755629945,0.0418147239847208,2,1.1174229233382034,1.220420676919134,2.559283642860705,12.015295912908856,12.161855772050357,0.04749700861705253,123
inverse_hillfloor_m1__pair_surface_L3p0R80,inverse_hill_free_floor,pair_surface_L3p0R80,1.0,3,inverse,0.031791219578818974,0.05261015956309495,3,1.0667288995058508,1.2611592081948446,1.69834218062998,12.022674946252353,12.398543277213989,0.04691204163961471,124
quadratic_log__enclosed_mean_volume_density,quadratic_log_response_diagnostic,enclosed_mean_volume_density,,3,nonmonotonic,0.03402808084907555,0.03516049878717831,3,0.9530465274071406,1.2050704431187378,1.6449704548199422,12.028675584487948,11.934784599239277,0.0464363458339484,125
inverse_hillfloor_m2__pair_surface_L3p0kpc,inverse_hill_free_floor,pair_surface_L3p0kpc,2.0,3,inverse,0.02589332942747849,0.040206678384906935,3,1.100086085919459,1.2569139760732981,2.504736053924626,12.030060389480337,12.299113121157125,0.046326566523701374,126
quadratic_log__pair_surface_L0p3R80,quadratic_log_response_diagnostic,pair_surface_L0p3R80,,3,nonmonotonic,0.022939477137887937,0.031696536742434056,3,1.133988991804022,1.2227532694410603,2.6908966813637774,12.031593871300151,12.198656839141957,0.0462050009766527,127
inverse_hillfloor_m1__enclosed_mean_volume_density,inverse_hill_free_floor,enclosed_mean_volume_density,1.0,3,inverse,0.03456399637887239,0.03563373649788554,3,0.9702260160533469,1.2076656115052855,1.6760125027610182,12.042631652987907,11.9530259196486,0.045329989645094604,128
inverse_hillfloor_m1__pair_surface_L3p0kpc,inverse_hill_free_floor,pair_surface_L3p0kpc,1.0,3,inverse,0.02880544834376267,0.04509167716587903,3,1.0698792707775355,1.2748423425941677,2.1646434974326514,12.056964792521367,12.392628629236166,0.044193741451085344,129
inverse_hillfloor_m1__mean_surface_R80,inverse_hill_free_floor,mean_surface_R80,1.0,3,inverse,0.028962420945284673,0.04868471255578921,3,1.0649855619601611,1.2605435659046182,1.6903614116443495,12.075076617931446,12.431499268862826,0.04275794095082708,130
inverse_hillfloor_m1__acceleration_R80,inverse_hill_free_floor,acceleration_R80,1.0,3,inverse,0.028962410693169516,0.04868470587806284,3,1.0649855299224935,1.2605435662543107,1.6903614377161322,12.075076741041137,12.431499513516966,0.042757931191404475,131
quadratic_log__pair_surface_L1p0kpc,quadratic_log_response_diagnostic,pair_surface_L1p0kpc,,3,nonmonotonic,0.02298513123420337,0.04980415564513102,3,1.1205498942562775,1.2277976752039232,2.2535206709044107,12.077665455930866,12.278809562767831,0.042552712885157495,132
free_loglinear__local_face_on_surface_density,unconstrained_log_linear,local_face_on_surface_density,,2,learned,0.042374448819299304,0.04047910613750133,3,0.9343543130094065,1.2098534140709951,1.7538853071115705,12.084036808036805,11.697342266630658,0.04204762903336978,133
inverse_loglinear__local_face_on_surface_density,inverse_log_linear,local_face_on_surface_density,,2,inverse,0.042374444678783735,0.04047910571897978,3,0.9343543010320794,1.209853412771866,1.7538853084896464,12.084036847386857,11.697342298076443,0.04204762591392586,134
inverse_hill0_m0.5__enclosed_mean_volume_density,inverse_hill_zero_floor,enclosed_mean_volume_density,0.5,2,inverse,0.0293030517801883,0.05689010621233226,3,0.5670119200450031,1.2319285310573411,1.4099232548009681,12.088204813272649,12.13605232805874,0.04171721374572168,135
inverse_hillfloor_m1__pair_surface_L0p3R80,inverse_hill_free_floor,pair_surface_L0p3R80,1.0,3,inverse,0.021410388907157102,0.04273573376498402,2,1.0375115729858053,1.257979049364962,1.756351339711912,12.105945125044563,12.49385691223267,0.040310864692540194,136
inverse_hill0_m0.5__pair_count_L1p0kpc,inverse_hill_zero_floor,pair_count_L1p0kpc,0.5,2,inverse,0.03187020372832855,0.030652633933219597,2,1.0183682272164012,1.2983140676578682,1.6328166257174441,12.108807533149681,12.39078736928552,0.04008394957513928,137
inverse_hillfloor_m2__pair_surface_L0p1R80,inverse_hill_free_floor,pair_surface_L0p1R80,2.0,3,inverse,0.019814160155918137,0.043911479059396186,3,1.1130698150124732,1.2387631014696052,1.9632904899893329,12.118484499093736,12.439076539599085,0.039316815825289675,138
inverse_hillfloor_m2__pair_surface_L1p0kpc,inverse_hill_free_floor,pair_surface_L1p0kpc,2.0,3,inverse,0.019794719116885906,0.038283040194591555,3,1.1160423580421492,1.2494137567098322,1.9948348534382974,12.143231079975378,12.421218443771476,0.03735505038171538,139
inverse_hill0_m4__pair_count_L30p0kpc,inverse_hill_zero_floor,pair_count_L30p0kpc,4.0,2,inverse,0.03473880143570918,0.0350277463540864,4,1.0192939306775939,1.3061306602281948,1.3307111325004923,12.148852584755021,12.076782715450646,0.03690941007809778,140
free_loglinear__pair_count_L0p3kpc,unconstrained_log_linear,pair_count_L0p3kpc,,2,learned,0.02990063025996545,0.027490330710598698,3,1.0228476123290602,1.2881935790928996,1.6517928086274531,12.150629961492008,12.395203614812901,0.03676850995619774,141
inverse_loglinear__pair_count_L0p3kpc,inverse_log_linear,pair_count_L0p3kpc,,2,inverse,0.029900629244625943,0.02749033102072146,3,1.0228476127724624,1.2881935794139068,1.6517928093331669,12.1506299691526,12.395203606426874,0.036768509348910405,142
inverse_hillfloor_m2__pair_surface_L0p3kpc,inverse_hill_free_floor,pair_surface_L0p3kpc,2.0,3,inverse,0.020191993694079147,0.04332714032843071,3,1.1264251500228366,1.2417587870955225,1.9085251649141575,12.160418890917343,12.413229367507816,0.035992500390752746,143
inverse_hillfloor_m2__pair_surface_L0p1kpc,inverse_hill_free_floor,pair_surface_L0p1kpc,2.0,3,inverse,0.020884999289061124,0.043618626014503226,3,1.1258659284436925,1.2443060189154984,1.8898982976736367,12.162717854908378,12.398124121123702,0.035810251855684316,144
inverse_hill0_m4__pair_surface_L100p0kpc,inverse_hill_zero_floor,pair_surface_L100p0kpc,4.0,2,inverse,0.03276518855595348,0.031008078084193536,4,1.0061705467557829,1.3036233598400448,1.3376640609386885,12.170830668881509,12.04603615760879,0.03516711500462777,145
inverse_hillfloor_m2__enclosed_mean_volume_density,inverse_hill_free_floor,enclosed_mean_volume_density,2.0,3,inverse,0.024925640533579096,0.021892880587072117,3,0.9724921227718828,1.207476411615544,1.7390859313184843,12.17717566407658,12.134008099374066,0.03466412057590773,146
quadratic_log__pair_surface_L3p0kpc,quadratic_log_response_diagnostic,pair_surface_L3p0kpc,,3,nonmonotonic,0.01427174852412838,0.020433844953713753,3,1.1045498514041976,1.2261996949965988,2.938369986007568,12.180198236441086,12.323626820012269,0.034424508564707024,147
quadratic_log__local_volume_density,quadratic_log_response_diagnostic,local_volume_density,,3,nonmonotonic,0.031604618944031104,0.038887033062518006,3,0.7306131520668105,1.2113313394351928,1.3497897559186656,12.18030471675241,12.08418920526798,0.034416067423032826,148
inverse_hill0_m4__pair_surface_L30p0kpc,inverse_hill_zero_floor,pair_surface_L30p0kpc,4.0,2,inverse,0.03232324847335366,0.031803315170025215,3,1.0133360407721714,1.302177628037724,1.3217439418965722,12.18225668040913,12.204865788930087,0.03426132706244789,149
inverse_hill0_m4__pair_count_L100p0kpc,inverse_hill_zero_floor,pair_count_L100p0kpc,4.0,2,inverse,0.03153368375938351,0.032962696203297226,4,0.9943867653194916,1.3025336279300965,1.3390820193384225,12.183961809634729,12.05015099045464,0.03412615430433619,150
inverse_loglinear__pair_surface_L1p0R80,inverse_log_linear,pair_surface_L1p0R80,,2,inverse,0.01595351073360568,0.033500275467133134,2,1.0166773745774909,1.2824184478103016,1.594928606764464,12.19267924002829,12.669166864632976,0.033435086969230476,151
free_loglinear__pair_surface_L1p0R80,unconstrained_log_linear,pair_surface_L1p0R80,,2,learned,0.015953510793126097,0.03350027296361102,2,1.0166773725364004,1.2824184478628526,1.594928608485933,12.192679254309981,12.669166868528048,0.033435085837060896,152
inverse_hill0_m0.5__local_volume_density,inverse_hill_zero_floor,local_volume_density,0.5,2,inverse,0.02996742952680942,0.037572635199957405,3,0.7741981537524694,1.2043567505862203,1.4277323951590861,12.194259328906956,12.003830071599273,0.03330982668479898,153
inverse_hill0_m4__pair_surface_L300p0kpc,inverse_hill_zero_floor,pair_surface_L300p0kpc,4.0,2,inverse,0.030500704309065374,0.03436804054997167,4,0.9855206455160623,1.301645487453885,1.3400747632656909,12.195148361020482,12.05484351922914,0.03323934937373585,154
inverse_hill0_m4__pair_count_L300p0kpc,inverse_hill_zero_floor,pair_count_L300p0kpc,4.0,2,inverse,0.030317170739415672,0.034576383174068304,4,0.984077860641655,1.3014912090620554,1.3402225776479262,12.197131958186889,12.055830910033107,0.03308210129192446,155
inverse_hill0_m4__baryonic_mass,inverse_hill_zero_floor,baryonic_mass,4.0,2,inverse,0.030131196979665986,0.03478284800733822,4,0.9826355950712334,1.301335684029846,1.3403689665965746,12.199145671045155,12.056856347289617,0.0329224658126831,156
inverse_hillfloor_m2__local_volume_density,inverse_hill_free_floor,local_volume_density,2.0,3,inverse,0.027731974344773563,0.03696759983894804,3,0.7215514102705256,1.214935979621678,1.3449753383545944,12.21224048569,12.162776187253018,0.03188438483563283,157
inverse_hill0_m1__local_volume_density,inverse_hill_zero_floor,local_volume_density,1.0,2,inverse,0.025635905323225905,0.0403946476594792,3,0.5389104797037417,1.2188044789061432,1.3528370139745558,12.225586503624307,12.210344589450179,0.030826389918352404,158
free_loglinear__pair_surface_L3p0R80,unconstrained_log_linear,pair_surface_L3p0R80,,2,learned,0.015003733809378,0.03599366896706885,3,1.0279656568744737,1.2722635662816375,1.5805852865311112,12.231136823223938,12.69344324291725,0.03038639276305133,159
inverse_loglinear__pair_surface_L3p0R80,inverse_log_linear,pair_surface_L3p0R80,,2,inverse,0.015003731961166639,0.035993669955645236,3,1.0279656510807524,1.27226356587872,1.5805852988659888,12.231136830432717,12.693443278631769,0.030386392191581124,160
inverse_hillfloor_m1__local_volume_density,inverse_hill_free_floor,local_volume_density,1.0,3,inverse,0.02444281529466022,0.03813895225732511,3,0.5389105639613986,1.20707772935736,1.3614282810880063,12.232313854117672,12.161592871374744,0.030293084578603913,161
inverse_loglinear__pair_count_L0p1kpc,inverse_log_linear,pair_count_L0p1kpc,,2,inverse,0.024804246386827322,0.016359367764074095,2,1.011147920152812,1.2830536350761972,1.5827314587919707,12.240231810762946,12.466222559536057,0.029665394886653762,162
free_loglinear__pair_count_L0p1kpc,unconstrained_log_linear,pair_count_L0p1kpc,,2,learned,0.02480424497922329,0.01635936820285988,2,1.0111478928503903,1.2830536415645333,1.582731487813534,12.240231819677923,12.466222606063287,0.029665394179926086,163
free_loglinear__local_volume_density,unconstrained_log_linear,local_volume_density,,2,learned,0.025439167585155742,0.031839881043938756,3,0.9432099036891677,1.1952514403059484,1.5303191542782388,12.252154347599866,11.968627171358062,0.028720245296967928,164
inverse_loglinear__local_volume_density,inverse_log_linear,local_volume_density,,2,inverse,0.02543916606293134,0.03183988069559429,3,0.9432098953043206,1.1952514394675091,1.530319155528703,12.252154361194647,11.968627185098123,0.028720244219252566,165
quadratic_log__pair_surface_L0p3kpc,quadratic_log_response_diagnostic,pair_surface_L0p3kpc,,3,nonmonotonic,0.010170253000498869,0.024338516343397232,2,1.1118395430204755,1.2322415886918647,1.9253988794223134,12.25455516207187,12.78217894852033,0.028529922646330363,166
inverse_loglinear__pair_surface_L3p0kpc,inverse_log_linear,pair_surface_L3p0kpc,,2,inverse,0.015442999841864063,0.013821401943475475,2,1.02444682921527,1.2886026033823041,1.7478171355960823,12.26574186958132,12.657334851871509,0.02764310533914882,167
free_loglinear__pair_surface_L3p0kpc,unconstrained_log_linear,pair_surface_L3p0kpc,,2,learned,0.015442999344673747,0.01382140043424468,2,1.0244468342777642,1.2886026069231535,1.7478171217206593,12.265741883212604,12.657334840216842,0.027643104258539553,168
inverse_loglinear__acceleration_R80,inverse_log_linear,acceleration_R80,,2,inverse,0.013085030123497543,0.033401213714932876,3,1.0218396455339014,1.270242863354047,1.5551596206156397,12.273016176740116,12.703799319593488,0.0270664404463975,169
inverse_loglinear__mean_surface_R80,inverse_log_linear,mean_surface_R80,,2,inverse,0.01308503091605065,0.03340121200683166,3,1.0218396463115025,1.2702428580787688,1.5551596134433459,12.273016182295452,12.703799317317888,0.027066440006002668,170
free_loglinear__acceleration_R80,unconstrained_log_linear,acceleration_R80,,2,learned,0.013085030284936017,0.03340121238378635,3,1.0218396525302154,1.27024285819425,1.5551596202283133,12.273016187407936,12.703799311951276,0.02706643960071453,171
free_loglinear__mean_surface_R80,unconstrained_log_linear,mean_surface_R80,,2,learned,0.01308502754029739,0.03340121096918036,3,1.0218396463626844,1.2702428601090856,1.5551596265662064,12.27301621546305,12.703799350582438,0.027066437376667807,172
inverse_hillfloor_m1__pair_surface_L1p0kpc,inverse_hill_free_floor,pair_surface_L1p0kpc,1.0,3,inverse,0.012978200351388386,0.020904166987041728,2,1.0789097846586497,1.2664339708243848,1.667149874858154,12.28975899212489,12.596970949064938,0.02573916712298019,173
inverse_hill0_m1__enclosed_mean_volume_density,inverse_hill_zero_floor,enclosed_mean_volume_density,1.0,2,inverse,0.011812539473395667,0.0484524914906716,3,0.31699315308029813,1.2413342352627663,1.3263386122617107,12.293853593105245,12.501148655589866,0.025414570899085387,174
inverse_hillfloor_m1__pair_surface_L0p1R80,inverse_hill_free_floor,pair_surface_L0p1R80,1.0,3,inverse,0.008567586762408458,0.026530573371421007,2,1.0719382157904924,1.2580491529084459,1.6211418491768486,12.304834604307985,12.658561741111585,0.02454406000240561,175
inverse_hill0_m1__pair_count_L1p0kpc,inverse_hill_zero_floor,pair_count_L1p0kpc,1.0,2,inverse,0.018397689579614684,0.018359977749762335,2,0.9878358195156921,1.2952093623764447,1.4818470704320579,12.30790784058087,12.590956011146885,0.02430043165031437,176
inverse_hill0_m0.5__pair_count_L0p3kpc,inverse_hill_zero_floor,pair_count_L0p3kpc,0.5,2,inverse,0.018278121702991673,0.00810183897973521,2,0.9904129553753096,1.289155026186486,1.5310292147617077,12.314346819509378,12.573055485624797,0.023789986736155844,177
inverse_hill0_m2__local_face_on_surface_density,inverse_hill_zero_floor,local_face_on_surface_density,2.0,2,inverse,0.018394351649254403,0.03586236125353165,3,0.23165523205133082,1.256962624857513,1.2891526753588265,12.319573889348682,12.52855363068519,0.023375614947546253,178
inverse_hill0_m0.5__pair_surface_L1p0R80,inverse_hill_zero_floor,pair_surface_L1p0R80,0.5,2,inverse,0.005100105572725638,0.020103878754849813,2,0.9925954418867763,1.2897747574738858,1.5564270879421034,12.333766788791122,12.84899973211559,0.02225048417479547,179
inverse_hill0_m0.5__pair_surface_L3p0R80,inverse_hill_zero_floor,pair_surface_L3p0R80,0.5,2,inverse,0.006719672825723694,0.027981169020177943,2,1.0097540217726184,1.276583253296875,1.5363132673384805,12.334370079107618,12.839109187932394,0.022202658816577014,180
inverse_hill0_m2__pair_count_L3p0kpc,inverse_hill_zero_floor,pair_count_L3p0kpc,2.0,2,inverse,0.016378177369223063,0.024957685666265494,2,0.9472860231748791,1.3012702062318515,1.4030630534401944,12.342397436864925,12.645440121851928,0.02156629643880814,181
inverse_hillfloor_m2__disk_surface_density,inverse_hill_free_floor,disk_surface_density,2.0,3,inverse,0.011295105055436544,0.02677695879103531,3,1.105053433486294,1.2280898758666203,1.507771318918914,12.354366923609776,12.637745730104557,0.020617424932652395,182
inverse_hill0_m4__pair_count_L10p0kpc,inverse_hill_zero_floor,pair_count_L10p0kpc,4.0,2,inverse,0.01725512225311332,0.025777728575787806,3,0.9399739377222154,1.293750256862665,1.3272477172380073,12.361786072489753,12.536413660169716,0.02002927782808528,183
inverse_hill0_m0.5__mean_surface_R80,inverse_hill_zero_floor,mean_surface_R80,0.5,2,inverse,0.00545378565128074,0.025215148247152153,3,1.0013563211551606,1.2735467390216622,1.5037197026865732,12.368525700910952,12.834156895029293,0.019494999165409532,184
inverse_hill0_m0.5__acceleration_R80,inverse_hill_zero_floor,acceleration_R80,0.5,2,inverse,0.005453786621179096,0.025215150879371095,3,1.001356336751178,1.2735467328995025,1.5037196782304445,12.368525744251386,12.834156878694944,0.019494995729631315,185
inverse_hillfloor_m1__pair_surface_L0p3kpc,inverse_hill_free_floor,pair_surface_L0p3kpc,1.0,3,inverse,0.008502934613344587,0.013157944899138019,2,1.0859607733570784,1.2626321501325177,1.5384121106988817,12.368818617750385,12.619739294433638,0.019471778416806473,186
inverse_hillfloor_m1__disk_surface_density,inverse_hill_free_floor,disk_surface_density,1.0,3,inverse,0.01041057406540738,0.024379112501691225,3,1.1047628679317794,1.2284034369029095,1.6201304848183153,12.369275488384755,12.638181477137197,0.019435560361998117,187
inverse_loglinear__disk_surface_density,inverse_log_linear,disk_surface_density,,2,inverse,0.010165548234833954,0.024525031298939237,3,1.1025849866731652,1.2293033199176886,1.7238567971908387,12.370801518050161,12.637651636985078,0.01931458557854082,188
free_loglinear__disk_surface_density,unconstrained_log_linear,disk_surface_density,,2,learned,0.010165546080757953,0.024525030732979514,3,1.1025849885039283,1.2293033203616317,1.723856837934079,12.370801538420196,12.637651633528122,0.019314583963722654,189
inverse_hillfloor_m1__pair_surface_L0p1kpc,inverse_hill_free_floor,pair_surface_L0p1kpc,1.0,3,inverse,0.008789237126822613,0.01125948002033833,2,1.0917043657234848,1.261952478887796,1.49458877547674,12.382253982201709,12.598726504586324,0.018406700625717032,190
inverse_hill0_m2__pair_surface_L10p0kpc,inverse_hill_zero_floor,pair_surface_L10p0kpc,2.0,2,inverse,0.01082242550355439,0.013798972834864864,2,0.8986689362663901,1.309151871499859,1.4408122396383196,12.387261621581873,12.849194777717923,0.018009724011579076,191
inverse_hill0_m0.5__disk_surface_density,inverse_hill_zero_floor,disk_surface_density,0.5,2,inverse,0.008933606360793184,0.022247411641433956,3,1.0828131218520767,1.2350943097861642,1.5667843192972282,12.387262858149011,12.716266218983673,0.018009625983706368,192
quadratic_log__disk_surface_density,quadratic_log_response_diagnostic,disk_surface_density,,3,nonmonotonic,0.007856214135590761,0.02146846645751016,3,1.097288189150717,1.229621617472095,1.7591075404811356,12.403174430376643,12.660983732998815,0.0167482487979691,193
free_loglinear__pair_surface_L0p3R80,unconstrained_log_linear,pair_surface_L0p3R80,,2,learned,0.00011542841039161034,0.0035090749172579927,2,0.955753750142577,1.2774584044411084,1.5647932018325206,12.413084727529466,12.841215857032907,0.0159626179028185,194
inverse_loglinear__pair_surface_L0p3R80,inverse_log_linear,pair_surface_L0p3R80,,2,inverse,0.00011542561483599001,0.0035090712973437355,2,0.9557537402813977,1.2774584033533003,1.5647932114838083,12.41308476390782,12.84121592000501,0.015962615018953463,195
direct_hill_m2__pair_proximity_L1p0kpc,direct_hill_wrong_sign_control,pair_proximity_L1p0kpc,2.0,2,direct_wrong_sign,0.029946251156724585,0.033515120580721314,2,1.0313865639073154,1.2527776983261592,1.297240913617147,12.419755821729487,12.452843752018888,0.015433772235814103,196
inverse_hill0_m2__outward_radial_column,inverse_hill_zero_floor,outward_radial_column,2.0,2,inverse,0.005819260507127333,0.028410207977841884,3,0.49738431127288496,1.2760345959002288,1.3386889458108386,12.419904056136602,12.249689742028743,0.015422021071529346,197
free_loglinear__R80,unconstrained_log_linear,R80,,2,learned,0.018349101196615758,0.02783087209157653,3,1.0158123532916687,1.2574722528151137,1.6534717234972427,12.421874822339387,12.487368126370567,0.015265790154115777,198
inverse_loglinear__R80,inverse_log_linear,R80,,2,inverse,0.01834910008566154,0.027830870423558807,3,1.0158123543322333,1.25747225170752,1.6534717125678364,12.421874833580254,12.487368126606777,0.015265789263004925,199
inverse_hill0_m0.5__pair_surface_L3p0kpc,inverse_hill_zero_floor,pair_surface_L3p0kpc,0.5,2,inverse,0.004673365761369147,0.0009877414820316788,2,0.9990336848576878,1.2926779906120984,1.63251503363584,12.423880435868874,12.833941776769164,0.015106796742697437,200
direct_hill_m2__pair_proximity_L3p0kpc,direct_hill_wrong_sign_control,pair_proximity_L3p0kpc,2.0,2,direct_wrong_sign,0.029461049983544707,0.030380048429056228,2,1.0462701995386277,1.2605264368017493,1.289740462630899,12.43877144044102,12.432008951201384,0.013926324243104027,201
inverse_hill0_m1__disk_surface_density,inverse_hill_zero_floor,disk_surface_density,1.0,2,inverse,0.0053449071287949845,0.017136460240196882,3,1.0635192469472527,1.2427002700271434,1.4383076818954281,12.441202420066809,12.831380208534277,0.013733610273981789,202
inverse_hill0_m0.5__pair_count_L0p1kpc,inverse_hill_zero_floor,pair_count_L0p1kpc,0.5,2,inverse,0.010030331311662616,0.0047305947487161215,2,0.9724682997061057,1.2782195365416023,1.4809116622323115,12.44489384626163,12.695230094640122,0.013440975409345635,203
inverse_hill0_m1__pair_surface_L3p0R80,inverse_hill_zero_floor,pair_surface_L3p0R80,1.0,2,inverse,-0.001895695164055411,0.017429961740947186,2,0.9922122938792222,1.2770500183157574,1.4557920288272328,12.458166727454055,12.987381269843825,0.012388778348891072,204
inverse_hill0_m1__acceleration_R80,inverse_hill_zero_floor,acceleration_R80,1.0,2,inverse,-0.0011959580154381755,0.015820530907748653,2,0.9837723447221923,1.2719664069718786,1.4215843129367913,12.47038677966071,12.939604911717332,0.011420043465783403,205
inverse_hill0_m1__mean_surface_R80,inverse_hill_zero_floor,mean_surface_R80,1.0,2,inverse,-0.0011959638127999328,0.0158205330533589,2,0.9837723192484729,1.2719664017068082,1.421584296757526,12.470386848000956,12.939605044248024,0.011420038048164938,206
inverse_hill0_m2__local_volume_density,inverse_hill_zero_floor,local_volume_density,2.0,2,inverse,-0.0012797299827569664,0.036316854812182775,3,0.19545678223752747,1.2360962871215815,1.2834352141281897,12.481296695566234,12.82070549332226,0.010555168592033204,207
direct_hill_m1__pair_proximity_L3p0kpc,direct_hill_wrong_sign_control,pair_proximity_L3p0kpc,1.0,2,direct_wrong_sign,0.027306914001229504,0.029241842855404487,2,1.0545764613381057,1.259565092353267,1.3353117348074899,12.484815452151638,12.441259306076232,0.010276221972837174,208
free_loglinear__pair_proximity_L3p0kpc,unconstrained_log_linear,pair_proximity_L3p0kpc,,2,learned,0.024611209023391256,0.031678929472301,3,1.0795903147569215,1.2584329240639842,1.4135468287401003,12.493221848291592,12.416859881036851,0.009609811629879839,209
direct_hill_m1__pair_proximity_L1p0kpc,direct_hill_wrong_sign_control,pair_proximity_L1p0kpc,1.0,2,direct_wrong_sign,0.025135619031073225,0.026740123126081594,2,1.0510673746088166,1.2541399791071448,1.3308391385390752,12.509084331044338,12.491390207884365,0.008352325973074781,210
quadratic_log__mean_volume_R80,quadratic_log_response_diagnostic,mean_volume_R80,,3,nonmonotonic,-0.0011488377782312986,0.0006794906844028725,2,1.145316452918174,1.2364720014123365,1.5878634460636791,12.51618383170597,12.654522058723321,0.007789518725833888,211
quadratic_log__R80,quadratic_log_response_diagnostic,R80,,3,nonmonotonic,0.008503064296424584,0.02763161616295351,3,0.971205853807072,1.2538154929055683,1.837652993147468,12.527927095762273,12.602497128831473,0.006858580842713513,212
inverse_hill0_m1__pair_surface_L1p0R80,inverse_hill_zero_floor,pair_surface_L1p0R80,1.0,2,inverse,-0.008547527344262201,0.0006720352512552541,2,0.9589037856542622,1.2954871519869067,1.4811988269345313,12.527991798693133,13.060090730876755,0.00685345156952355,213
inverse_hillfloor_m2__mean_volume_R80,inverse_hill_free_floor,mean_volume_R80,2.0,3,inverse,-0.0016163610865723987,-0.000681808770006398,2,1.1539518403433737,1.2267354691226822,1.556340610759222,12.529773043818404,12.768978767531044,0.006712244784230492,214
quadratic_log__pair_surface_L0p1kpc,quadratic_log_response_diagnostic,pair_surface_L0p1kpc,,3,nonmonotonic,-0.011547235457158689,-0.013252308112990496,2,1.112444294155953,1.2433526128282404,1.740343784482079,12.548332314258243,13.242050695483659,0.005240973436444585,215
free_loglinear__pair_proximity_L10p0kpc,unconstrained_log_linear,pair_proximity_L10p0kpc,,2,learned,0.015270952438707158,0.016805762785698175,2,1.061884193336046,1.2624439751049747,1.3576884613775781,12.549102348451969,12.51331909849514,0.00517992959047453,216
inverse_hill0_m2__disk_surface_density,inverse_hill_zero_floor,disk_surface_density,2.0,2,inverse,-0.0002838686085032127,0.006118396960119177,3,1.0563629461293735,1.250682017471087,1.3316736751844838,12.549373177229102,12.928156936110348,0.0051584598553767735,217
free_loglinear__pair_proximity_L1p0kpc,unconstrained_log_linear,pair_proximity_L1p0kpc,,2,learned,0.01986157615038689,0.02696134001147915,2,1.0893983317295666,1.245582484564595,1.3873911087350592,12.550969482163335,12.493591968026973,0.005031914056085829,218
inverse_hill0_m1__pair_count_L0p3kpc,inverse_hill_zero_floor,pair_count_L0p3kpc,1.0,2,inverse,0.0013973284151320153,0.005796930780304244,2,0.9520974328889469,1.2762625326018213,1.4299498713382355,12.55211440849335,12.83067304873318,0.004941150935297345,219
quadratic_log__pair_proximity_L3p0kpc,quadratic_log_response_diagnostic,pair_proximity_L3p0kpc,,3,nonmonotonic,0.019745165375399026,0.024275447941960737,2,1.0573272301960766,1.2578380795484132,1.3905150042889867,12.552526525712256,12.509902999666943,0.004908480671772075,220
inverse_hill0_m0.5__R80,inverse_hill_zero_floor,R80,0.5,2,inverse,0.005187830791815867,0.023420456377569343,3,0.9515126053255025,1.2628733537803298,1.4747521162341788,12.553938308605112,12.584171462847216,0.0047965627100028385,221
quadratic_log__pair_proximity_L1p0kpc,quadratic_log_response_diagnostic,pair_proximity_L1p0kpc,,3,nonmonotonic,0.020776461651404204,0.021912597135573864,2,1.0491705313907658,1.2525347217104859,1.3168819425248317,12.566767758658523,12.546657479073883,0.003779518299091289,222
inverse_loglinear__pair_surface_L1p0kpc,inverse_log_linear,pair_surface_L1p0kpc,,2,inverse,-0.004276313123446646,-0.004568887367061514,2,1.0297941435348166,1.270202415706689,1.4667232782813246,12.56798459692732,12.867083615661379,0.003683054416764975,223
free_loglinear__pair_surface_L1p0kpc,unconstrained_log_linear,pair_surface_L1p0kpc,,2,learned,-0.004276314034086182,-0.004568889514356356,2,1.029794142772114,1.2702024174894009,1.4667232773237087,12.567984597589083,12.867083620498734,0.0036830543643041613,224
quadratic_log__pair_proximity_L3p0R80,quadratic_log_response_diagnostic,pair_proximity_L3p0R80,,3,nonmonotonic,0.003505840818310152,0.01504186325546425,3,1.0915849359073355,1.2169103970198336,1.3839014600516202,12.573660389413298,12.704539817464248,0.0032331104985668935,225
direct_hill_m2__pair_proximity_L0p3kpc,direct_hill_wrong_sign_control,pair_proximity_L0p3kpc,2.0,2,direct_wrong_sign,0.012614919996150997,0.023538861097103014,2,1.0301549270487633,1.2472049454968843,1.3016125335538336,12.575477431768213,12.671356969886034,0.0030890659164716228,226
inverse_hill0_m2__mean_surface_R80,inverse_hill_zero_floor,mean_surface_R80,2.0,2,inverse,-0.007480591868143066,0.004870481023700635,2,0.9664266010234056,1.259340522162504,1.323153603957093,12.592927537542485,13.01135689374334,0.0017057227120745866,227
inverse_hill0_m2__acceleration_R80,inverse_hill_zero_floor,acceleration_R80,2.0,2,inverse,-0.007480586867401329,0.004870481256897319,2,0.9664266539306045,1.259340519697464,1.3231536096246157,12.592927538146,13.011356793843929,0.0017057226642313017,228
inverse_hill0_m0.5__pair_surface_L0p3R80,inverse_hill_zero_floor,pair_surface_L0p3R80,0.5,2,inverse,-0.012679950196237189,-0.017537596182739257,2,0.9184670620392342,1.285384695304013,1.5239557991335992,12.597806312872668,13.036649028041474,0.001318961692623244,229
free_loglinear__pair_proximity_L0p3kpc,unconstrained_log_linear,pair_proximity_L0p3kpc,,2,learned,0.006508029922535852,0.00989107887679097,2,1.1277397572566918,1.2276271659624864,1.356461971013044,12.609642697841224,12.634836629090891,0.0003806417235248105,230
inverse_hill0_m4__pair_proximity_L0p3kpc,inverse_hill_zero_floor,pair_proximity_L0p3kpc,4.0,2,inverse,8.936202369747015e-08,4.6044101864595177e-10,2,1.2102487412367655,1.2228969323972536,1.2295747297975568,12.614443627261437,12.673860894519498,5.187644014359449e-08,231
inverse_hill0_m4__pair_proximity_L3p0R80,inverse_hill_zero_floor,pair_proximity_L3p0R80,4.0,2,inverse,5.335023392505356e-08,2.7104147259926492e-08,3,1.210248828410485,1.2228964160000668,1.2295742716490152,12.614443708563204,12.67386296323123,4.543130749379287e-08,232
inverse_hill0_m4__pair_proximity_L300p0kpc,inverse_hill_zero_floor,pair_proximity_L300p0kpc,4.0,2,inverse,2.3174273861004124e-08,4.0012820279322625e-09,3,1.2102488263713767,1.2228963439619656,1.229574475252148,12.614444008430524,12.673863311546882,2.1659565030418548e-08,233
inverse_hillfloor_m2__pair_proximity_L1p0kpc,inverse_hill_free_floor,pair_proximity_L1p0kpc,2.0,3,inverse,1.1446852632435167e-09,7.769074827912448e-10,2,1.2102488383060768,1.2228963469362686,1.229574724962473,12.61444425500631,12.673863361098709,2.1124665350313876e-09,234
inverse_hillfloor_m2__pair_proximity_L0p1kpc,inverse_hill_free_floor,pair_proximity_L0p1kpc,2.0,3,inverse,9.214904117538225e-10,8.322028621776667e-10,2,1.2102488373688265,1.2228963480707098,1.2295747250167006,12.614444258078885,12.673863362679647,1.8688905978336834e-09,235
inverse_hillfloor_m1__pair_proximity_L0p1kpc,inverse_hill_free_floor,pair_proximity_L0p1kpc,1.0,3,inverse,9.722798122169252e-10,8.571872101015288e-10,2,1.210248835591685,1.222896347198263,1.2295747247789122,12.614444259023,12.673863362572135,1.7940466889854179e-09,236
inverse_hillfloor_m2__pair_proximity_L3p0kpc,inverse_hill_free_floor,pair_proximity_L3p0kpc,2.0,3,inverse,9.704630987705798e-10,7.754245023861017e-10,2,1.210248835145157,1.2228963458777065,1.2295747251826248,12.614444259262637,12.673863363875677,1.7750495517887543e-09,237
inverse_loglinear__pair_proximity_L0p3kpc,inverse_log_linear,pair_proximity_L0p3kpc,,2,inverse,1.1041505765252424e-09,1.04579322979248e-09,2,1.2102488321310758,1.2228963449968122,1.2295747224706317,12.614444259951973,12.673863365112892,1.7204029312267721e-09,238
inverse_hillfloor_m2__pair_proximity_L100p0kpc,inverse_hill_free_floor,pair_proximity_L100p0kpc,2.0,3,inverse,8.146130991981693e-10,6.67798760733973e-10,2,1.210248835002199,1.2228963467601133,1.2295747261404704,12.614444261208504,12.673863363831655,1.620792500212076e-09,239
inverse_loglinear__pair_proximity_L300p0kpc,inverse_log_linear,pair_proximity_L300p0kpc,,2,inverse,7.489573405905503e-10,4.667520814294335e-10,2,1.2102488341899642,1.2228963454271153,1.229574724489859,12.614444261768806,12.67386336891553,1.5763750305097801e-09,240
inverse_loglinear__pair_proximity_L30p0kpc,inverse_log_linear,pair_proximity_L30p0kpc,,2,inverse,8.588931788011678e-10,7.635428400654121e-10,2,1.2102488318863271,1.2228963452842168,1.2295747237003956,12.61444426270423,12.673863367130714,1.5022200150482945e-09,241
inverse_loglinear__pair_proximity_L1p0kpc,inverse_log_linear,pair_proximity_L1p0kpc,,2,inverse,8.408158613804062e-10,8.58251358870632e-10,2,1.2102488318162619,1.222896345407047,1.229574722917146,12.61444426273717,12.67386336829936,1.4996087704943761e-09,242
inverse_hillfloor_m2__pair_proximity_L300p0kpc,inverse_hill_free_floor,pair_proximity_L300p0kpc,2.0,3,inverse,9.794723643263836e-10,8.534262185833086e-10,2,1.2102488315179627,1.22289634729264,1.229574724988852,12.614444262818344,12.673863359932778,1.4931738068213463e-09,243
inverse_loglinear__pair_proximity_L100p0kpc,inverse_log_linear,pair_proximity_L100p0kpc,,2,inverse,7.990819395065074e-10,7.823168224341259e-10,2,1.210248832191449,1.2228963464418885,1.229574724753781,12.614444263493697,12.673863365076816,1.4396356329271498e-09,244
inverse_hillfloor_m2__pair_proximity_L30p0kpc,inverse_hill_free_floor,pair_proximity_L30p0kpc,2.0,3,inverse,7.05202868322985e-10,6.320145518046161e-10,2,1.2102488332638237,1.2228963467766323,1.2295747258347214,12.614444263685696,12.673863365252698,1.4244150303710512e-09,245
inverse_hillfloor_m2__pair_proximity_L0p3kpc,inverse_hill_free_floor,pair_proximity_L0p3kpc,2.0,3,inverse,6.724980849970308e-10,5.802533453724834e-10,2,1.2102488333287078,1.2228963467936365,1.2295747259526373,12.61444426394467,12.673863365668211,1.4038852302888927e-09,246
inverse_hillfloor_m1__pair_proximity_L1p0kpc,inverse_hill_free_floor,pair_proximity_L1p0kpc,1.0,3,inverse,6.724986956196943e-10,5.597955432534718e-10,2,1.2102488328802632,1.2228963455217943,1.229574725521821,12.614444263950986,12.673863368013615,1.4033844086824843e-09,247
inverse_loglinear__pair_proximity_L0p1kpc,inverse_log_linear,pair_proximity_L0p1kpc,,2,inverse,6.50313747296849e-10,3.6837682904078406e-10,2,1.2102488320553322,1.22289634389471,1.2295747241603212,12.614444264159987,12.673863372390775,1.3868161063967932e-09,248
inverse_hillfloor_m1__pair_proximity_L300p0kpc,inverse_hill_free_floor,pair_proximity_L300p0kpc,1.0,3,inverse,7.237018484484992e-10,7.009948177483238e-10,2,1.2102488318120286,1.2228963457194295,1.2295747249507558,12.61444426438649,12.673863367053746,1.3688601363526232e-09,249
inverse_hillfloor_m1__pair_proximity_L100p0kpc,inverse_hill_free_floor,pair_proximity_L100p0kpc,1.0,3,inverse,7.30558669115311e-10,8.01313848608487e-10,2,1.2102488308771133,1.2228963459917757,1.2295747253402898,12.61444426536408,12.673863365496171,1.2913625724308986e-09,250
inverse_hillfloor_m1__pair_proximity_L0p3kpc,inverse_hill_free_floor,pair_proximity_L0p3kpc,1.0,3,inverse,7.417000902343318e-10,7.147605285418024e-10,2,1.210248830418411,1.222896346169957,1.2295747249720796,12.614444265632175,12.673863365297766,1.2701095730704992e-09,251
inverse_hillfloor_m1__pair_proximity_L10p0kpc,inverse_hill_free_floor,pair_proximity_L10p0kpc,1.0,3,inverse,5.336033004343932e-10,8.325382050422547e-10,2,1.2102488320477598,1.222896347683532,1.2295747242396866,12.614444266063321,12.673863368417793,1.235930691123599e-09,252
inverse_hillfloor_m1__pair_proximity_L3p0kpc,inverse_hill_free_floor,pair_proximity_L3p0kpc,1.0,3,inverse,4.2841136194127216e-10,4.155172317332756e-10,2,1.210248831245231,1.222896346432716,1.2295747256624718,12.614444267824084,12.673863369832658,1.0963476793079963e-09,253
inverse_hillfloor_m1__pair_proximity_L30p0kpc,inverse_hill_free_floor,pair_proximity_L30p0kpc,1.0,3,inverse,4.237348805169461e-10,4.719642454631412e-10,2,1.210248831348461,1.2228963461881897,1.2295747265442352,12.614444267956472,12.67386336913217,1.0858527410562147e-09,254
inverse_loglinear__pair_proximity_L10p0kpc,inverse_log_linear,pair_proximity_L10p0kpc,,2,inverse,3.017863736687332e-10,3.648039648140866e-10,2,1.210248831337817,1.222896346761614,1.2295747255887854,12.614444268887508,12.673863371681898,1.012045558468344e-09,255
inverse_hill0_m4__pair_proximity_L3p0kpc,inverse_hill_zero_floor,pair_proximity_L3p0kpc,4.0,2,inverse,-6.22120077675703e-10,-1.261116433504128e-09,2,1.2102488202336366,1.2228963470078664,1.229574702987089,12.614444271711251,12.673863390010593,7.881956198829698e-10,256
inverse_loglinear__pair_proximity_L3p0kpc,inverse_log_linear,pair_proximity_L3p0kpc,,2,inverse,-1.3618361993650296e-10,4.3316245035285306e-10,2,1.210248830052638,1.2228963482197561,1.229574724505013,12.61444427389881,12.673863377902993,6.147786724142179e-10,257
inverse_hillfloor_m2__pair_proximity_L10p0kpc,inverse_hill_free_floor,pair_proximity_L10p0kpc,2.0,3,inverse,1.8653625866171808e-10,5.194151220244692e-10,2,1.2102488286394641,1.2228963471414667,1.2295747315221108,12.614444274111856,12.6738633635489,5.978896266967126e-10,258
constant,constant,none,,1,none,0.0,0.0,0,1.2102488147340795,1.2228963348395738,1.2295747164775068,12.6144442816539,12.673863399610559,0.0,259
inverse_hill0_m4__pair_proximity_L100p0kpc,inverse_hill_zero_floor,pair_proximity_L100p0kpc,4.0,2,inverse,-4.035291323312151e-09,-4.976831724512465e-09,1,1.2102488318126494,1.2228963222492086,1.2295747266151744,12.6144443020519,12.673863478100964,-1.617035172429837e-09,260
inverse_hill0_m4__pair_proximity_L0p1kpc,inverse_hill_zero_floor,pair_proximity_L0p1kpc,4.0,2,inverse,-1.675008395873867e-08,-7.416779745916813e-09,1,1.210248211650994,1.222896457703654,1.2295747333294305,12.614444367620672,12.673863548987516,-6.814947273170446e-09,261
inverse_hill0_m4__pair_proximity_L1p0kpc,inverse_hill_zero_floor,pair_proximity_L1p0kpc,4.0,2,inverse,-8.366021764238951e-10,-3.397262027249326e-09,1,1.2102487308270216,1.2228963821235208,1.2295747244459139,12.614444375519982,12.67386328646041,-7.441158578203044e-09,262
inverse_hill0_m4__pair_proximity_L0p3R80,inverse_hill_zero_floor,pair_proximity_L0p3R80,4.0,2,inverse,-1.319817660716538e-08,-1.0445647957713078e-08,2,1.2102487829798876,1.2228963673851345,1.229574734772953,12.614444422889937,12.673863562253135,-1.119637405011531e-08,263
inverse_hill0_m4__pair_proximity_L1p0R80,inverse_hill_zero_floor,pair_proximity_L1p0R80,4.0,2,inverse,-3.0912955334416736e-08,-5.847692663429882e-09,1,1.2102488238339015,1.2228961530209195,1.2295747279680849,12.61444449765026,12.67386422119209,-1.7122938844593705e-08,264
inverse_hill0_m4__pair_proximity_L0p1R80,inverse_hill_zero_floor,pair_proximity_L0p1R80,4.0,2,inverse,-4.744354500929582e-08,-5.86307643546391e-08,1,1.210247270964214,1.2228964270537204,1.229574775907327,12.614445014555036,12.673865235771277,-5.810015246687783e-08,265
inverse_hill0_m4__pair_proximity_L10p0kpc,inverse_hill_zero_floor,pair_proximity_L10p0kpc,4.0,2,inverse,-1.0725660687382899e-07,-8.37358560268342e-09,1,1.2102488249069332,1.2228968360629038,1.229574726718628,12.614445308192497,12.67386448798892,-8.13780276498477e-08,266
inverse_hill0_m4__pair_proximity_L30p0kpc,inverse_hill_zero_floor,pair_proximity_L30p0kpc,4.0,2,inverse,-2.3794445638825046e-07,-1.2398630122589793e-08,2,1.2102488173795378,1.222896376440429,1.229577115762094,12.614447002928852,12.673864179842912,-2.1572689923310406e-07,267
inverse_hill0_m2__pair_proximity_L300p0kpc,inverse_hill_zero_floor,pair_proximity_L300p0kpc,2.0,2,inverse,-4.432988574110119e-06,-4.491080177526641e-06,0,1.21023224991092,1.2228922391446648,1.2295791319183718,12.61448854423344,12.67391849202329,-3.5088806571437203e-06,268
inverse_hill0_m2__pair_proximity_L100p0kpc,inverse_hill_zero_floor,pair_proximity_L100p0kpc,2.0,2,inverse,-4.453870550036321e-06,-4.514200126926049e-06,0,1.2102321983564968,1.222892232521371,1.2295791460477519,12.614488709126626,12.673918620866955,-3.521952432583575e-06,269
inverse_hill0_m2__pair_proximity_L30p0kpc,inverse_hill_zero_floor,pair_proximity_L30p0kpc,2.0,2,inverse,-4.7760634671600855e-06,-4.827230490667134e-06,0,1.210227481276349,1.2228924416852203,1.2295793738778216,12.614491981643198,12.67392205151549,-3.7813785713769477e-06,270
inverse_hill0_m2__pair_proximity_L10p0kpc,inverse_hill_zero_floor,pair_proximity_L10p0kpc,2.0,2,inverse,-5.5977751861058245e-06,-5.704400903860929e-06,0,1.2102241915101148,1.2228938500651996,1.2295798223573216,12.614499690910948,12.673928112173405,-4.392524617813365e-06,271
inverse_hill0_m2__pair_proximity_L3p0kpc,inverse_hill_zero_floor,pair_proximity_L3p0kpc,2.0,2,inverse,-7.863033145538711e-06,-8.99599756054581e-06,0,1.21020480566145,1.2228962938039443,1.2295797520567768,12.614518063039396,12.67395025839731,-5.848960433540995e-06,272
inverse_hill0_m2__pair_proximity_L1p0kpc,inverse_hill_zero_floor,pair_proximity_L1p0kpc,2.0,2,inverse,-8.29354655362824e-06,-9.45488028281094e-06,1,1.2101867650922542,1.222899590601547,1.2295813001427232,12.614518185525636,12.673971628139979,-5.858670432568047e-06,273
direct_hill_m2__pair_surface_L0p1kpc,direct_hill_wrong_sign_control,pair_surface_L0p1kpc,2.0,2,direct_wrong_sign,-6.6922294552629324e-06,-6.757295787807038e-06,0,1.2102279772192317,1.222894536741558,1.2295805313193586,12.614537442447945,12.67393995009231,-7.385247575264486e-06,274
direct_hill_m2__pair_surface_L0p3kpc,direct_hill_wrong_sign_control,pair_surface_L0p3kpc,2.0,2,direct_wrong_sign,-7.038022998395732e-06,-7.079349667926671e-06,0,1.2102272512457233,1.2228946823485574,1.2295805865879756,12.614541465343278,12.673941941653405,-7.70415939110869e-06,275
direct_hill_m2__pair_surface_L1p0kpc,direct_hill_wrong_sign_control,pair_surface_L1p0kpc,2.0,2,direct_wrong_sign,-7.474030809528909e-06,-7.831199788754795e-06,0,1.2102259337159502,1.2228947768253267,1.2295806924291686,12.614547256072283,12.673946067818532,-8.163214810119612e-06,276
direct_hill_m2__mean_surface_R80,direct_hill_wrong_sign_control,mean_surface_R80,2.0,2,direct_wrong_sign,-8.496512552857993e-06,-8.732479294115691e-06,0,1.2102199321089637,1.222894364369354,1.2295808902390686,12.61455414319595,12.673968275166724,-8.709186040567474e-06,277
direct_hill_m2__acceleration_R80,direct_hill_wrong_sign_control,acceleration_R80,2.0,2,direct_wrong_sign,-8.497002252805252e-06,-8.732576721182106e-06,0,1.2102199295519591,1.2228943606923801,1.2295808888959112,12.614554148589033,12.673968289995248,-8.709613573021358e-06,278
direct_hill_m2__pair_surface_L0p1R80,direct_hill_wrong_sign_control,pair_surface_L0p1R80,2.0,2,direct_wrong_sign,-7.962869474742451e-06,-7.834173941123623e-06,0,1.210221687337382,1.2228948791137668,1.2295811430204262,12.614558819091727,12.673955160296211,-9.079863945604671e-06,279
direct_hill_m2__mean_volume_R80,direct_hill_wrong_sign_control,mean_volume_R80,2.0,2,direct_wrong_sign,-7.5317806114694186e-06,-6.810115148137008e-06,2,1.210163592232734,1.2228955904315832,1.2295843137621743,12.614563270357902,12.673988261875463,-9.43273451792237e-06,280
direct_hill_m2__pair_surface_L3p0R80,direct_hill_wrong_sign_control,pair_surface_L3p0R80,2.0,2,direct_wrong_sign,-9.269943697765015e-06,-9.324506159869017e-06,0,1.210215314522164,1.2228937497720493,1.2295810232659332,12.614565512246736,12.673980055634097,-9.610458465703076e-06,281
inverse_hill0_m2__pair_proximity_L0p3kpc,inverse_hill_zero_floor,pair_proximity_L0p3kpc,2.0,2,inverse,-1.6389980677711247e-05,-1.1838612251180436e-05,1,1.2099422297681295,1.2229183245339776,1.229586212480875,12.61456948333981,12.674058636516564,-9.925263698917774e-06,282
direct_hill_m2__pair_surface_L3p0kpc,direct_hill_wrong_sign_control,pair_surface_L3p0kpc,2.0,2,direct_wrong_sign,-1.0095833342549376e-05,-1.0065009645288114e-05,0,1.2102150513018557,1.222894922032038,1.229580847422043,12.614579040387174,12.67397595277747,-1.0682890998925387e-05,283
direct_hill_m2__pair_surface_L0p3R80,direct_hill_wrong_sign_control,pair_surface_L0p3R80,2.0,2,direct_wrong_sign,-9.905936777632185e-06,-1.0225739460079097e-05,0,1.2102177320572747,1.2228942037711839,1.229581384511037,12.614583260047448,12.67398374102888,-1.1017401198465393e-05,284
direct_hill_m2__pair_count_L0p3kpc,direct_hill_wrong_sign_control,pair_count_L0p3kpc,2.0,2,direct_wrong_sign,-1.1984144643095718e-05,-1.1801705760206005e-05,0,1.2102075991235444,1.2228948531390627,1.229581431287221,12.614590407597639,12.673986339338036,-1.158401753387217e-05,285
direct_hill_m2__pair_count_L0p1kpc,direct_hill_wrong_sign_control,pair_count_L0p1kpc,2.0,2,direct_wrong_sign,-1.200582613686274e-05,-1.1876461138426997e-05,0,1.2102074553852373,1.222894761118845,1.2295815123455756,12.614590512748926,12.673986841453123,-1.1592353318157222e-05,286
direct_hill_m2__disk_volume_density,direct_hill_wrong_sign_control,disk_volume_density,2.0,2,direct_wrong_sign,-1.1078303064626649e-05,-1.0879573104971563e-05,0,1.210127393519434,1.2229088614099612,1.229590876800187,12.61460421234269,12.67403752546325,-1.2678377677044494e-05,287
direct_hill_m2__pair_surface_L1p0R80,direct_hill_wrong_sign_control,pair_surface_L1p0R80,2.0,2,direct_wrong_sign,-1.179473952872545e-05,-1.3057874377997436e-05,0,1.2102012484597635,1.2228920641207595,1.2295824768949422,12.614605883203598,12.674018551215546,-1.2810833841747638e-05,288
direct_hill_m2__pair_count_L1p0kpc,direct_hill_wrong_sign_control,pair_count_L1p0kpc,2.0,2,direct_wrong_sign,-1.3635743043305393e-05,-1.3398190954028166e-05,0,1.2102068457980473,1.2228952522910008,1.229581832270649,12.614606908266737,12.674000254542035,-1.2892094903627083e-05,289
direct_hill_m2__disk_surface_density,direct_hill_wrong_sign_control,disk_surface_density,2.0,2,direct_wrong_sign,-1.5948874372617716e-05,-1.5164033118630904e-05,0,1.2099815873686899,1.222900364290655,1.2295831991859552,12.614647634847163,12.67406656095336,-1.6120662053920043e-05,290
direct_hill_m2__pair_count_L3p0kpc,direct_hill_wrong_sign_control,pair_count_L3p0kpc,2.0,2,direct_wrong_sign,-1.7996936441722067e-05,-1.781505677966866e-05,0,1.2101892942238852,1.2228960404175684,1.2295831495408573,12.614650805991621,12.674040062603394,-1.637205199922498e-05,291
inverse_hill0_m2__pair_proximity_L0p1kpc,inverse_hill_zero_floor,pair_proximity_L0p1kpc,2.0,2,inverse,-2.4836791392451874e-05,-2.445090149905127e-05,1,1.2094126156831593,1.2229892176018387,1.229594990504478,12.61465342905784,12.674148615349216,-1.657999347970396e-05,292
direct_hill_m2__pair_surface_L10p0kpc,direct_hill_wrong_sign_control,pair_surface_L10p0kpc,2.0,2,direct_wrong_sign,-1.880819571270509e-05,-1.7782894540463445e-05,0,1.2101483518379526,1.222896341921504,1.2295831383220326,12.614668925770058,12.674061539086287,-1.7808482969394746e-05,293
direct_hill_m2__R80,direct_hill_wrong_sign_control,R80,2.0,2,direct_wrong_sign,-2.9700672749266577e-05,-8.854869135266341e-06,0,1.2100614966586154,1.2228896269813194,1.2295813071388746,12.614675295407373,12.674075502099294,-1.831343088243287e-05,294
direct_hill_m2__baryonic_mass,direct_hill_wrong_sign_control,baryonic_mass,2.0,2,direct_wrong_sign,-2.087451753546299e-05,-2.029983575102534e-05,0,1.2101511955402238,1.2228967267418374,1.229583182736361,12.614677861223054,12.674069403663216,-1.8516833872217475e-05,295
direct_hill_m2__pair_count_L300p0kpc,direct_hill_wrong_sign_control,pair_count_L300p0kpc,2.0,2,direct_wrong_sign,-2.0893125006860025e-05,-2.0316727650238064e-05,0,1.210151240241712,1.2228967304196576,1.2295831943440807,12.614678043464298,12.674069541802375,-1.8531280901346037e-05,296
direct_hill_m2__pair_surface_L300p0kpc,direct_hill_wrong_sign_control,pair_surface_L300p0kpc,2.0,2,direct_wrong_sign,-2.0911728054406886e-05,-2.033423774150389e-05,0,1.2101512886930699,1.2228967349629474,1.2295832051977194,12.614678222181505,12.674069680987515,-1.8545448565276956e-05,297
direct_hill_m2__pair_count_L100p0kpc,direct_hill_wrong_sign_control,pair_count_L100p0kpc,2.0,2,direct_wrong_sign,-2.1042741336019244e-05,-2.045954571616715e-05,0,1.2101516144581788,1.2228967614346256,1.2295832719162454,12.61467947959029,12.674070646120796,-1.8645128642802433e-05,298
direct_hill_m2__pair_surface_L100p0kpc,direct_hill_wrong_sign_control,pair_surface_L100p0kpc,2.0,2,direct_wrong_sign,-2.1230280820794256e-05,-2.0653836611872478e-05,0,1.2101520322606523,1.2228968011452812,1.2295833645842777,12.614681249429044,12.674072001484259,-1.8785431197043678e-05,299
direct_hill_m2__pair_count_L10p0kpc,direct_hill_wrong_sign_control,pair_count_L10p0kpc,2.0,2,direct_wrong_sign,-2.132467395132842e-05,-2.0258760831892708e-05,0,1.2101546347563237,1.2228967183371557,1.2295839687039873,12.614686085864252,12.674073949191687,-1.9168835737159995e-05,300
direct_hill_m2__potential_depth,direct_hill_wrong_sign_control,potential_depth,2.0,2,direct_wrong_sign,-2.0965827076002697e-05,-1.8314191767010435e-05,0,1.2101733764882807,1.2228951071892034,1.2295815227554356,12.614691273988058,12.674086917910744,-1.958012011016308e-05,301
direct_hill_m2__pair_count_L30p0kpc,direct_hill_wrong_sign_control,pair_count_L30p0kpc,2.0,2,direct_wrong_sign,-2.2338392201670665e-05,-2.167317271684066e-05,0,1.2101556055632836,1.2228969760155177,1.2295839860254647,12.614691701050111,12.67407954099458,-1.9613975113408344e-05,302
direct_hill_m2__pair_surface_L30p0kpc,direct_hill_wrong_sign_control,pair_surface_L30p0kpc,2.0,2,direct_wrong_sign,-2.3075661573446204e-05,-2.171635937697758e-05,0,1.2101523261724976,1.2228969950103097,1.2295846611742884,12.61470109551518,12.674086141901771,-2.0358713831880593e-05,303
direct_hill_m2__enclosed_mean_volume_density,direct_hill_wrong_sign_control,enclosed_mean_volume_density,2.0,2,direct_wrong_sign,-2.008005868514573e-05,-2.2870322109902474e-05,0,1.2100980263500642,1.2229078007479832,1.2295937016336909,12.614740281361428,12.674245645268542,-2.3465140510214866e-05,304
inverse_hill0_m2__pair_proximity_L0p3R80,inverse_hill_zero_floor,pair_proximity_L0p3R80,2.0,2,inverse,-2.7116449039660262e-05,-1.3983852587884371e-05,1,1.2100321913409093,1.2229402846456554,1.2296199971169692,12.614760090367257,12.674351274084355,-2.5035483633306654e-05,305
inverse_hill0_m2__pair_proximity_L0p1R80,inverse_hill_zero_floor,pair_proximity_L0p1R80,2.0,2,inverse,-4.739712024356968e-05,-4.470942895717922e-05,1,1.2089376834893535,1.2229885921288004,1.229648471812049,12.615097312438872,12.675541184933946,-5.1768494147674815e-05,306
direct_hill_m2__local_volume_density,direct_hill_wrong_sign_control,local_volume_density,2.0,2,direct_wrong_sign,-3.662138140914095e-05,-5.2112928686232074e-05,1,1.2063870126889025,1.2229468011470783,1.2296332275681103,12.615120177606538,12.675383964062439,-5.358111206055227e-05,307
direct_hill_m2__outward_radial_column,direct_hill_wrong_sign_control,outward_radial_column,2.0,2,direct_wrong_sign,-3.1114035285217945e-05,-5.766627095549204e-05,1,1.2040172841641266,1.2229520355041048,1.229676823575118,12.615142237971709,12.6751452322221,-5.532992989820684e-05,308
direct_hill_m2__local_face_on_surface_density,direct_hill_wrong_sign_control,local_face_on_surface_density,2.0,2,direct_wrong_sign,-5.1353805882031756e-05,-0.00015330806273350372,1,1.1899043639949483,1.223028102729617,1.2297743363884772,12.61602453844845,12.677277413547277,-0.00012527359582903408,309
inverse_hill0_m4__disk_surface_density,inverse_hill_zero_floor,disk_surface_density,4.0,2,inverse,-0.0014275470750066688,-0.0003797930069656674,2,1.1099317456193172,1.237246529650953,1.2572526378069253,12.618236461906154,12.778294429745804,-0.00030062206210446085,310
inverse_loglinear__pair_surface_L0p1R80,inverse_log_linear,pair_surface_L0p1R80,,2,inverse,-0.012100083971225056,-0.010894600388576148,2,1.012278433614909,1.2700255624708796,1.4629825778059604,12.618668964100856,12.949358715112448,-0.00033490832831217787,311
free_loglinear__pair_surface_L0p1R80,unconstrained_log_linear,pair_surface_L0p1R80,,2,learned,-0.012100084236386116,-0.010894602293828604,2,1.0122784321855074,1.2700255599420367,1.4629825714611804,12.61866897008734,12.949358732659107,-0.00033490880288589153,312
inverse_hill0_m0.5__pair_proximity_L3p0R80,inverse_hill_zero_floor,pair_proximity_L3p0R80,0.5,2,inverse,-0.0029245377276747586,8.769340621228583e-05,2,1.1481919668809386,1.215302330733386,1.3347449302609735,12.620215978909977,12.716161527095272,-0.0004575466922842608,313
inverse_hill0_m4__mean_volume_R80,inverse_hill_zero_floor,mean_volume_R80,4.0,2,inverse,-0.0005964983785340661,-0.0005503038993177611,1,1.2098486642178565,1.224992411172852,1.2338152906589983,12.620674646579987,12.676809727480668,-0.0004939072056584504,314
direct_hill_m2__pair_proximity_L0p3R80,direct_hill_wrong_sign_control,pair_proximity_L0p3R80,2.0,2,direct_wrong_sign,-0.0005251230767610859,-0.0006368874033909622,1,1.159864885702026,1.2244737397453054,1.2328971699870286,12.6207279530653,12.67856910212448,-0.0004981330347257895,315
direct_hill_m2__pair_proximity_L0p1R80,direct_hill_wrong_sign_control,pair_proximity_L0p1R80,2.0,2,direct_wrong_sign,-0.0007696428840242575,-0.0004655136284777983,1,1.1835340113911301,1.2244864861496654,1.2330932126972054,12.623135063206293,12.680758950995779,-0.0006889547694963749,316
inverse_hill0_m0.5__disk_volume_density,inverse_hill_zero_floor,disk_volume_density,0.5,2,inverse,-0.0038485478511808557,-0.006019655465822282,1,1.1588674638212704,1.2199914050942058,1.284678783924051,12.624077814916118,12.765520513035717,-0.000763690658670324,317
inverse_hill0_m1__pair_proximity_L100p0kpc,inverse_hill_zero_floor,pair_proximity_L100p0kpc,1.0,2,inverse,-0.0013466678760106765,-0.0014968226117644257,0,1.2070046432050408,1.2215413542727327,1.231350274715059,12.627268803771958,12.69024405717373,-0.001016653752770491,318
inverse_hill0_m1__pair_proximity_L300p0kpc,inverse_hill_zero_floor,pair_proximity_L300p0kpc,1.0,2,inverse,-0.0013463281012360828,-0.0014945390545745285,0,1.207004556879263,1.2215381767854172,1.2313470272591316,12.627274658157063,12.690265503760465,-0.0010171178544760018,319
inverse_hill0_m4__mean_surface_R80,inverse_hill_zero_floor,mean_surface_R80,4.0,2,inverse,-0.003419522314264095,-0.0014822466035658843,1,1.0279082484971465,1.2380507368944325,1.2547080685253245,12.627424047632116,12.832462943695964,-0.0010289605858493367,320
inverse_hill0_m4__acceleration_R80,inverse_hill_zero_floor,acceleration_R80,4.0,2,inverse,-0.003419519051623021,-0.0014822458623915402,1,1.0279083543719298,1.2380507319863088,1.254708063318715,12.627424069679321,12.832462827565685,-0.0010289623336239284,321
direct_hill_m1__disk_volume_density,direct_hill_wrong_sign_control,disk_volume_density,1.0,2,direct_wrong_sign,-0.000818681901203322,-0.0007916607782695317,1,1.1730591052564676,1.223686632214139,1.232287811018042,12.627465384617565,12.682115063201332,-0.0010322375423705843,322
inverse_hill0_m1__pair_proximity_L30p0kpc,inverse_hill_zero_floor,pair_proximity_L30p0kpc,1.0,2,inverse,-0.0013799703351424775,-0.0015232831255025392,0,1.2064954691925676,1.221592809250048,1.2313761671046544,12.627632425159257,12.690625574014781,-0.001045479547960415,323
direct_hill_m1__mean_volume_R80,direct_hill_wrong_sign_control,mean_volume_R80,1.0,2,direct_wrong_sign,-0.0007983413637244474,-0.0007593645184564846,2,1.2028581168103913,1.2226759623896704,1.2315357770145179,12.627756267446259,12.685844336079423,-0.0010552970463961753,324
inverse_hill0_m1__pair_proximity_L10p0kpc,inverse_hill_zero_floor,pair_proximity_L10p0kpc,1.0,2,inverse,-0.001404075640610486,-0.001517177205977549,1,1.2063281911783137,1.2218514482683038,1.2313167043010922,12.627883074898907,12.690432536973711,-0.0010653496059711554,325
inverse_hill0_m1__pair_proximity_L1p0kpc,inverse_hill_zero_floor,pair_proximity_L1p0kpc,1.0,2,inverse,-0.0014943000539435758,-0.0016722801156633382,1,1.2007886366163047,1.2225218417418666,1.23137810535862,12.627971980197769,12.693590930211338,-0.0010723975025632715,326
inverse_hill0_m2__pair_surface_L3p0R80,inverse_hill_zero_floor,pair_surface_L3p0R80,2.0,2,inverse,-0.012568145594475721,0.003473371293976235,2,0.9681743879572576,1.2679287664329313,1.355280081328517,12.628090157582152,13.161660990173216,-0.001081765920366129,327
inverse_hill0_m1__pair_proximity_L3p0kpc,inverse_hill_zero_floor,pair_proximity_L3p0kpc,1.0,2,inverse,-0.001518702765329727,-0.0017179008327413703,1,1.2029943524480737,1.2221032431770085,1.231180956432604,12.628776002655247,12.6920650813536,-0.0011361357410084594,328
direct_hill_m1__pair_surface_L0p1kpc,direct_hill_wrong_sign_control,pair_surface_L0p1kpc,1.0,2,direct_wrong_sign,-0.0010852292504608951,-0.0009627997140586597,0,1.2068889903030253,1.2221381209853401,1.231592382529912,12.62978301797663,12.686837586323504,-0.001215966076685282,329
direct_hill_m1__pair_surface_L0p3kpc,direct_hill_wrong_sign_control,pair_surface_L0p3kpc,1.0,2,direct_wrong_sign,-0.0010933261072335054,-0.0010316163980997883,0,1.2068581989245322,1.2221740315976426,1.2314892553858425,12.630093003733986,12.686560309724355,-0.0012405399501302927,330
inverse_hill0_m1__pair_proximity_L0p3kpc,inverse_hill_zero_floor,pair_proximity_L0p3kpc,1.0,2,inverse,-0.0017940598581317746,-0.0015542376284530812,2,1.1942161627960328,1.2235382222672186,1.2320649658950882,12.630284561256817,12.696484093769422,-0.0012557255198275552,331
direct_hill_m1__pair_surface_L1p0kpc,direct_hill_wrong_sign_control,pair_surface_L1p0kpc,1.0,2,direct_wrong_sign,-0.0011443162811821117,-0.0011795579402460454,0,1.2067763154557904,1.2222480342042301,1.2312894326300865,12.63094510192898,12.686896851754218,-0.0013080893542871674,332
inverse_hill0_m1__pair_proximity_L0p1kpc,inverse_hill_zero_floor,pair_proximity_L0p1kpc,1.0,2,inverse,-0.0016106565712672716,-0.002213544875211637,1,1.1829440351201852,1.2247471419142202,1.2344132103455847,12.631002880337308,12.693670451574054,-0.0013126696914813607,333
direct_hill_m1__mean_surface_R80,direct_hill_wrong_sign_control,mean_surface_R80,1.0,2,direct_wrong_sign,-0.0012634341715451192,-0.0013043394090027638,0,1.2062983991224234,1.2224059917154604,1.230937807958963,12.631296508147576,12.689101357447159,-0.0013359468017299925,334
direct_hill_m1__acceleration_R80,direct_hill_wrong_sign_control,acceleration_R80,1.0,2,direct_wrong_sign,-0.0012634342786448927,-0.0013043395596917806,0,1.2062983992715388,1.2224059928304591,1.2309378088518015,12.631296509434454,12.68910135646974,-0.0013359469037461658,335
inverse_hill0_m2__pair_proximity_L1p0R80,inverse_hill_zero_floor,pair_proximity_L1p0R80,2.0,2,inverse,-0.0014606355431091844,2.875137412594597e-06,2,1.2080695137847683,1.222907991428891,1.2339069893497043,12.631315523421328,12.693349913596274,-0.0013374542223762997,336
direct_hill_m1__pair_surface_L0p1R80,direct_hill_wrong_sign_control,pair_surface_L0p1R80,1.0,2,direct_wrong_sign,-0.001131587498808373,-0.001166273989940625,0,1.206406736150372,1.2223040294513865,1.2314042435526489,12.631673794086364,12.687137233220673,-0.001365855843330488,337
inverse_hill0_m2__disk_volume_density,inverse_hill_zero_floor,disk_volume_density,2.0,2,inverse,-0.0016961340213566822,-0.0004903772637190329,2,1.1851506783862253,1.224579221184256,1.241871791622149,12.63181530815867,12.70591073467961,-0.001377074258438249,338
inverse_hill0_m1__pair_proximity_L0p1R80,inverse_hill_zero_floor,pair_proximity_L0p1R80,1.0,2,inverse,-0.0016288070185105363,-0.0005579775439832346,0,1.1768275601711087,1.2257171806762643,1.2362701876951845,12.632212015025916,12.725273319074454,-0.0014085228786380188,339
direct_hill_m1__pair_surface_L3p0R80,direct_hill_wrong_sign_control,pair_surface_L3p0R80,1.0,2,direct_wrong_sign,-0.001359590799271282,-0.001392527557044998,0,1.2058771181922918,1.2223022062358804,1.230986954766751,12.63281110943981,12.690637929470224,-0.0014560156100273947,340
inverse_hill0_m0.5__pair_proximity_L1p0R80,inverse_hill_zero_floor,pair_proximity_L1p0R80,0.5,2,inverse,-0.003255591264993085,0.0034355874963389876,2,1.1403343899986167,1.2179614269593964,1.2971769822860426,12.633140427983767,12.73776350178099,-0.0014821220746963348,341
direct_hill_m2__pair_proximity_L0p1kpc,direct_hill_wrong_sign_control,pair_proximity_L0p1kpc,2.0,2,direct_wrong_sign,0.0064709321409290865,0.018236059009557937,2,1.0300669457769431,1.2429144822734037,1.301056219356635,12.63436290470963,12.737121822366035,-0.001579032941205094,342
direct_hill_m1__R80,direct_hill_wrong_sign_control,R80,1.0,2,direct_wrong_sign,-0.0021652407403182083,-0.0015618132519615857,0,1.1451431637678875,1.2210717974679142,1.2312749297860806,12.63445533492805,12.694614360608353,-0.001586360272981091,343
inverse_hillfloor_m1__mean_volume_R80,inverse_hill_free_floor,mean_volume_R80,1.0,3,inverse,-0.009618232134814275,-0.006982941051798919,2,1.1219502861210056,1.2379243584095703,1.4298335765360641,12.635018781617001,12.919031801143396,-0.0016310270594339649,344
direct_hill_m1__pair_surface_L0p3R80,direct_hill_wrong_sign_control,pair_surface_L0p3R80,1.0,2,direct_wrong_sign,-0.001435641609497329,-0.0015283258308347314,0,1.206077310470154,1.222204411369267,1.2313943828420246,12.635268178221525,12.691494861167305,-0.0016507977761579529,345
direct_hill_m1__pair_surface_L3p0kpc,direct_hill_wrong_sign_control,pair_surface_L3p0kpc,1.0,2,direct_wrong_sign,-0.001502402491397381,-0.0015511198779962765,0,1.204653368921743,1.22228689108275,1.2311429104037128,12.635296941505484,12.691209412628845,-0.0016530779625314462,346
direct_hill_m1__disk_surface_density,direct_hill_wrong_sign_control,disk_surface_density,1.0,2,direct_wrong_sign,-0.0015800074204049275,-0.001504676355431167,0,1.1887593016223834,1.2230032092025116,1.2311892422709791,12.63560873446105,12.692069764099736,-0.0016777951001718527,347
direct_hill_m1__pair_count_L0p3kpc,direct_hill_wrong_sign_control,pair_count_L0p3kpc,1.0,2,direct_wrong_sign,-0.001763831144485084,-0.0017503753332575034,0,1.205069975594988,1.222210272209702,1.2313586754056165,12.636816353363825,12.693325164969743,-0.00177352812461673,348
direct_hill_m1__pair_count_L0p1kpc,direct_hill_wrong_sign_control,pair_count_L0p1kpc,1.0,2,direct_wrong_sign,-0.0017778200771911834,-0.0017251652565916098,0,1.2050184340387833,1.2221640499713173,1.2314913682035231,12.636866278943565,12.693607727894792,-0.0017774859350938588,349
direct_hill_m1__pair_surface_L1p0R80,direct_hill_wrong_sign_control,pair_surface_L1p0R80,1.0,2,direct_wrong_sign,-0.0016462384910821415,-0.001778273704461486,0,1.2047994020141608,1.2220000113195983,1.2313350897266966,12.637463301625745,12.694961623460255,-0.001824814431605315,350
direct_hill_m1__pair_count_L1p0kpc,direct_hill_wrong_sign_control,pair_count_L1p0kpc,1.0,2,direct_wrong_sign,-0.0019142655742723225,-0.0019349881220184217,0,1.203048734819496,1.2222848152400099,1.2312370777235127,12.638394345090214,12.69454872261177,-0.001898622158975849,351
inverse_hill0_m4__disk_volume_density,inverse_hill_zero_floor,disk_volume_density,4.0,2,inverse,-0.0025380413078750497,-5.157927090992942e-08,2,1.1786742692402645,1.2235316239576188,1.2363854030517738,12.639284343086967,12.697902130792789,-0.001969176039660514,352
direct_hill_m1__pair_proximity_L0p3R80,direct_hill_wrong_sign_control,pair_proximity_L0p3R80,1.0,2,direct_wrong_sign,-0.0005038324651428505,-0.0025629733898742124,1,1.132434768924318,1.2251123137531699,1.2358301789331336,12.639401615755803,12.690813444695559,-0.0019784727368608035,353
direct_hill_m1__pair_count_L3p0kpc,direct_hill_wrong_sign_control,pair_count_L3p0kpc,1.0,2,direct_wrong_sign,-0.0022869581499616043,-0.0022443437783806752,0,1.195170998777618,1.2223753405316335,1.2312193014761774,12.642316985104252,12.698337509982245,-0.0022095863145463746,354
inverse_hill0_m2__pair_count_L1p0kpc,inverse_hill_zero_floor,pair_count_L1p0kpc,2.0,2,inverse,-0.004997017448828939,0.01149976419745985,3,0.9555852235395702,1.2692157355943396,1.3520698740041743,12.642965504062174,12.90945243247801,-0.002260997137206733,355
inverse_hill0_m1__disk_volume_density,inverse_hill_zero_floor,disk_volume_density,1.0,2,inverse,-0.0032708072328741233,-0.0037935957069775705,1,1.1653191220122077,1.223280814016133,1.2610768250437583,12.6438738634669,12.75499619861471,-0.002333006603850274,356
direct_hill_m1__pair_surface_L10p0kpc,direct_hill_wrong_sign_control,pair_surface_L10p0kpc,1.0,2,direct_wrong_sign,-0.0023472661397754835,-0.002389161222054348,0,1.1935577960663215,1.2224498916809767,1.2311913490397444,12.644060525066635,12.700207105059965,-0.0023478040531526023,357
direct_hill_m1__pair_proximity_L0p3kpc,direct_hill_wrong_sign_control,pair_proximity_L0p3kpc,1.0,2,direct_wrong_sign,0.006174752586246612,0.01356330703207792,2,1.0694936911485737,1.2386147564470527,1.3256619546570156,12.644707178614366,12.710490719128613,-0.0023990669969091716,358
direct_hill_m1__baryonic_mass,direct_hill_wrong_sign_control,baryonic_mass,1.0,2,direct_wrong_sign,-0.002578569106494899,-0.0025063507722354883,0,1.1928819793339438,1.2224764736134837,1.2309401847012602,12.644715476227622,12.701542284489845,-0.002399724783575863,359
direct_hill_m1__pair_count_L300p0kpc,direct_hill_wrong_sign_control,pair_count_L300p0kpc,1.0,2,direct_wrong_sign,-0.002579427879281171,-0.002507271100341546,0,1.192847178502681,1.2224767237496938,1.2309413269269276,12.644724462523486,12.70154760336555,-0.002400437165006375,360
direct_hill_m1__pair_surface_L300p0kpc,direct_hill_wrong_sign_control,pair_surface_L300p0kpc,1.0,2,direct_wrong_sign,-0.0025802881260008625,-0.0025081933545606505,0,1.1928122873997948,1.2224769768479358,1.230942468857369,12.644733465287665,12.701552926930958,-0.002401150851949696,361
direct_hill_m1__pair_count_L100p0kpc,direct_hill_wrong_sign_control,pair_count_L100p0kpc,1.0,2,direct_wrong_sign,-0.0025865675852302927,-0.002514936998992634,0,1.1925581952069346,1.2224785838763848,1.2309502731253228,12.644798356875443,12.701592742353926,-0.0024062950807661743,362
direct_hill_m1__pair_surface_L100p0kpc,direct_hill_wrong_sign_control,pair_surface_L100p0kpc,1.0,2,direct_wrong_sign,-0.0025955958058669903,-0.0025254883566497854,0,1.1921798128919179,1.2224807218297107,1.230960507103823,12.644889386472293,12.701649286282976,-0.0024135113793852803,363
direct_hill_m1__pair_count_L10p0kpc,direct_hill_wrong_sign_control,pair_count_L10p0kpc,1.0,2,direct_wrong_sign,-0.0025476278784450357,-0.0024239131439148798,0,1.191023362469756,1.222475977691491,1.2311297914173611,12.645007024698618,12.701299682282505,-0.002422837055863436,364
direct_hill_m1__pair_count_L30p0kpc,direct_hill_wrong_sign_control,pair_count_L30p0kpc,1.0,2,direct_wrong_sign,-0.002642320320558278,-0.0025628948616193137,0,1.1898658766120949,1.2224911992451493,1.2310295089777512,12.645368921275011,12.701916665624053,-0.002451526118045999,365
direct_hill_m1__pair_surface_L30p0kpc,direct_hill_wrong_sign_control,pair_surface_L30p0kpc,1.0,2,direct_wrong_sign,-0.002659743430375061,-0.0025270123284582002,0,1.1888007659824247,1.2224990233630912,1.2311071395627677,12.645804139545817,12.70209065771064,-0.0024860276990184005,366
direct_hill_m1__pair_proximity_L0p1R80,direct_hill_wrong_sign_control,pair_proximity_L0p1R80,1.0,2,direct_wrong_sign,-0.0011788426328265544,-0.002041020551325601,2,1.1459801422191846,1.2237333223314015,1.2359058141648198,12.647235029257082,12.692909718513352,-0.0025994603385637305,367
direct_hill_m1__potential_depth,direct_hill_wrong_sign_control,potential_depth,1.0,2,direct_wrong_sign,-0.0028524751513083757,-0.0026611859394545245,0,1.196945628970372,1.2222277909256953,1.2308926296815943,12.649081722538678,12.707257172791067,-0.002745855474200587,368
direct_hill_m1__enclosed_mean_volume_density,direct_hill_wrong_sign_control,enclosed_mean_volume_density,1.0,2,direct_wrong_sign,-0.0025321771055917264,-0.002804880859613057,0,1.1998220996763105,1.2242372901917684,1.2329434442514298,12.649458923521564,12.719147095657846,-0.002775757780989929,369
inverse_hill0_m0.5__pair_proximity_L0p3R80,inverse_hill_zero_floor,pair_proximity_L0p3R80,0.5,2,inverse,-0.005267761745617633,0.0016192877544506934,2,1.1311408452071139,1.2228350246082962,1.2878361305634334,12.653980927363545,12.791175586104668,-0.003134236025533532,370
inverse_hill0_m1__pair_proximity_L0p3R80,inverse_hill_zero_floor,pair_proximity_L0p3R80,1.0,2,inverse,-0.003839752811541447,0.0005623263593305117,3,1.1622086143921448,1.2229398546434833,1.2413567749760455,12.657875444416424,12.73538015078207,-0.00344297075580946,371
direct_hill_m1__local_volume_density,direct_hill_wrong_sign_control,local_volume_density,1.0,2,direct_wrong_sign,-0.0031660890274831655,-0.0030275503363531575,0,1.1498473691685218,1.2257480258552027,1.2343013387655655,12.65895207023741,12.758341384491702,-0.003528319408270697,372
inverse_loglinear__pair_proximity_L0p1R80,inverse_log_linear,pair_proximity_L0p1R80,,2,inverse,-0.004709091109815544,-0.004277798492626661,1,1.197198022127581,1.2259018618127748,1.2558455444691956,12.659545667938795,12.714531535255295,-0.003575376392163987,373
free_loglinear__pair_proximity_L30p0kpc,unconstrained_log_linear,pair_proximity_L30p0kpc,,2,learned,0.0018344048623990805,0.011644336101881814,2,1.025686646655754,1.2548848510104451,1.3208168389665706,12.660139465632254,12.653850702107034,-0.003622449230269442,374
inverse_hill0_m1__pair_surface_L3p0kpc,inverse_hill_zero_floor,pair_surface_L3p0kpc,1.0,2,inverse,-0.010460994440969984,0.00042054503841976176,2,0.9632280483722704,1.2864485140704516,1.5098269074529316,12.662451360628587,13.068450436520795,-0.0038057228604597704,375
inverse_hillfloor_m1__pair_proximity_L3p0R80,inverse_hill_free_floor,pair_proximity_L3p0R80,1.0,3,inverse,-0.008469249761409808,-0.010737201149560449,2,1.1524459911368277,1.210940294334264,1.3787687682998657,12.663406222239654,12.757201902660928,-0.0038814187523870114,376
free_loglinear__pair_proximity_L0p1kpc,unconstrained_log_linear,pair_proximity_L0p1kpc,,2,learned,-0.0027931068735412012,0.00721662888590735,2,1.1539397719936897,1.2229442345020969,1.3211096871970283,12.66368721168573,12.750977925011993,-0.003903693966403665,377
inverse_hillfloor_m2__pair_proximity_L3p0R80,inverse_hill_free_floor,pair_proximity_L3p0R80,2.0,3,inverse,-0.010080664748734536,-0.01032941296069012,2,1.1565926518480814,1.2041068486522652,1.382772938941613,12.663741399453368,12.74963710320577,-0.0039079896584237606,378
inverse_hill0_m2__mean_volume_R80,inverse_hill_zero_floor,mean_volume_R80,2.0,2,inverse,-0.00641110101632919,-0.0017802354378654295,1,1.0677208637485927,1.2295021239936847,1.2498821200900376,12.66427418554944,12.840497684861564,-0.003950225850853473,379
direct_hill_m1__outward_radial_column,direct_hill_wrong_sign_control,outward_radial_column,1.0,2,direct_wrong_sign,-0.0039142255716672625,-0.0030264946421197925,0,1.132234344660036,1.22427933862773,1.2336805902847503,12.666776657577886,12.757040332755563,-0.0041486073231220555,380
inverse_loglinear__pair_surface_L0p3kpc,inverse_log_linear,pair_surface_L0p3kpc,,2,inverse,-0.010682115368311956,-0.011150528136626758,2,1.0255310345153934,1.258571073519104,1.3933417009968962,12.668953012892548,12.909697145211554,-0.0043211361532526915,381
free_loglinear__pair_surface_L0p3kpc,unconstrained_log_linear,pair_surface_L0p3kpc,,2,learned,-0.010682115205536913,-0.011150527519846132,2,1.0255310287292636,1.2585710725297463,1.3933417095634693,12.66895301490567,12.909697148157848,-0.004321136312841478,382
inverse_hill0_m2__pair_proximity_L3p0R80,inverse_hill_zero_floor,pair_proximity_L3p0R80,2.0,2,inverse,-0.005610671781098864,0.00011655825375017637,3,1.1548995130024777,1.2232120415411374,1.251670369508245,12.681140687858944,12.762465170020443,-0.005287304356486278,383
inverse_hill0_m4__enclosed_mean_volume_density,inverse_hill_zero_floor,enclosed_mean_volume_density,4.0,2,inverse,-0.009379536927334564,-6.902575852529846e-05,1,0.26301358499892047,1.2235029837162885,1.2300804095107065,12.682372256577544,12.836414011955767,-0.005384935983461014,384
direct_hill_m1__local_face_on_surface_density,direct_hill_wrong_sign_control,local_face_on_surface_density,1.0,2,direct_wrong_sign,-0.004908658316632619,-0.004472509482643994,1,1.0743210507568324,1.2257441297572782,1.2352945264648734,12.684860306944895,12.800955525689574,-0.0055821741900596855,385
inverse_loglinear__disk_volume_density,inverse_log_linear,disk_volume_density,,2,inverse,-0.008264532596964663,-0.006161511252725849,2,1.158820259925445,1.2151744605746708,1.3505232813685086,12.687234856274575,12.840912189375612,-0.005770414692507497,386
inverse_loglinear__pair_proximity_L0p3R80,inverse_log_linear,pair_proximity_L0p3R80,,2,inverse,-0.008023280996850235,-0.008460053352988828,2,1.1717534886510719,1.220438652084573,1.3300436034587062,12.689310019881802,12.724294190773353,-0.005934921630815104,387
inverse_hill0_m1__pair_proximity_L3p0R80,inverse_hill_zero_floor,pair_proximity_L3p0R80,1.0,2,inverse,-0.006510947399133382,0.0050449306568831065,3,1.1254514092996295,1.2198238016535212,1.2987489000592964,12.690524992073275,12.77339094204464,-0.0060312375813513786,388
free_loglinear__pair_surface_L0p1kpc,unconstrained_log_linear,pair_surface_L0p1kpc,,2,learned,-0.011128080217050973,-0.009407325294805258,2,1.0303130353864878,1.2514310753474283,1.3618658513066872,12.690603381838466,12.903833017065688,-0.0060374518674064515,389
inverse_loglinear__pair_surface_L0p1kpc,inverse_log_linear,pair_surface_L0p1kpc,,2,inverse,-0.01112808056797604,-0.009407327200127935,2,1.0303130434829555,1.251431073712139,1.3618658484421688,12.69060338508319,12.903833021780585,-0.006037452124629361,390
inverse_hill0_m0.5__mean_volume_R80,inverse_hill_zero_floor,mean_volume_R80,0.5,2,inverse,-0.013908243066951015,-0.005917153747303394,2,1.0633569534161964,1.2423781713120552,1.3148479930712098,12.696165664648134,12.99236839829195,-0.006478397396632696,391
inverse_loglinear__pair_proximity_L1p0R80,inverse_log_linear,pair_proximity_L1p0R80,,2,inverse,-0.010771611979760787,-0.003316544751499062,2,1.1978123050346698,1.220005281798654,1.4376688407450429,12.696693915533535,12.711147163920755,-0.006520274063856801,392
free_loglinear__pair_proximity_L1p0R80,unconstrained_log_linear,pair_proximity_L1p0R80,,2,learned,-0.010833420456519971,-0.003440161940518105,1,1.1978122927760853,1.2200052765589733,1.437668835020195,12.698043563572108,12.711786380282717,-0.006627266334656712,393
inverse_loglinear__mean_volume_R80,inverse_log_linear,mean_volume_R80,,2,inverse,-0.014275261069146061,-0.007296479319395532,2,1.0815386465696368,1.241404828299438,1.340604848463329,12.702271484178691,13.008346388897651,-0.006962431365488131,394
free_loglinear__mean_volume_R80,unconstrained_log_linear,mean_volume_R80,,2,learned,-0.014275263123086857,-0.007296478360272418,2,1.0815386381709537,1.2414048261469337,1.3406048458783997,12.702271501168909,13.008346421418668,-0.006962432712374067,395
inverse_hill0_m1__pair_count_L0p1kpc,inverse_hill_zero_floor,pair_count_L0p1kpc,1.0,2,inverse,-0.00915621922425608,0.003242735434663968,2,0.9303312452883199,1.259366159915344,1.387453608372526,12.70278229526752,12.997313532910345,-0.007002925506761848,396
quadratic_log__pair_proximity_L10p0kpc,quadratic_log_response_diagnostic,pair_proximity_L10p0kpc,,3,nonmonotonic,-0.000576041587909526,0.011429652541675828,2,1.0076943308291253,1.2623278304693524,1.3713087370679715,12.707807963649469,12.674085030041244,-0.007401331355623375,397
inverse_hill0_m1__mean_volume_R80,inverse_hill_zero_floor,mean_volume_R80,1.0,2,inverse,-0.012866445865762521,-0.0038148674296756835,2,1.0524562453657238,1.2358902082210206,1.2853084396698136,12.708263501668254,12.976882482682566,-0.007437443768395058,398
inverse_hill0_m1__pair_proximity_L1p0R80,inverse_hill_zero_floor,pair_proximity_L1p0R80,1.0,2,inverse,-0.007850778791224894,0.0014806480352950735,3,1.13709087526977,1.2226151121416784,1.2707116471738635,12.709649174157843,12.783424986431674,-0.007547291848789994,399
inverse_hill0_m4__local_face_on_surface_density,inverse_hill_zero_floor,local_face_on_surface_density,4.0,2,inverse,-0.00887491973948673,-0.0026213359544752235,2,0.1277850573696224,1.2322488786778365,1.2418544524745854,12.711330723460412,12.969359431581182,-0.00768059532732801,400
inverse_loglinear__pair_proximity_L3p0R80,inverse_log_linear,pair_proximity_L3p0R80,,2,inverse,-0.01367848549738096,-0.0003404930295562436,2,1.2028024087492668,1.2232311582612592,1.49365465346916,12.713669677438014,12.734728151778492,-0.007866014036656654,401
free_loglinear__disk_volume_density,unconstrained_log_linear,disk_volume_density,,2,learned,-0.009477450459572434,-0.00858734936865535,1,1.158820266459839,1.2151744632011752,1.350523272433328,12.71377445520008,12.86739021471507,-0.007874320210097707,402
free_loglinear__pair_proximity_L3p0R80,unconstrained_log_linear,pair_proximity_L3p0R80,,2,learned,-0.013716545320238027,-0.0004166078882203994,1,1.2028024015617627,1.2232311605556494,1.4936546360053995,12.714499576357085,12.735181070476015,-0.007931803610936816,403
inverse_hill0_m4__pair_surface_L3p0R80,inverse_hill_zero_floor,pair_surface_L3p0R80,4.0,2,inverse,-0.0138191006320737,-0.003879918960550288,2,0.9796577426975457,1.2472145309824458,1.2687612998544417,12.717638932437668,13.113270663342176,-0.00818067355799812,404
inverse_hill0_m0.5__pair_surface_L1p0kpc,inverse_hill_zero_floor,pair_surface_L1p0kpc,0.5,2,inverse,-0.01360061146185576,-0.005547856032617371,2,1.0064751035608002,1.2659663427064483,1.4295471369697736,12.718379111505635,13.00375486977142,-0.008239350662707645,405
inverse_hillfloor_m1__R80,inverse_hill_free_floor,R80,1.0,3,inverse,-0.009303470729230462,0.0278890102932296,3,0.8674106957734381,1.2611795379826236,1.6043671675557487,12.720492546270528,12.738116550099258,-0.008406891516486326,406
direct_hill_m1__pair_proximity_L0p1kpc,direct_hill_wrong_sign_control,pair_proximity_L0p1kpc,1.0,2,direct_wrong_sign,-0.0042743479190262,0.009367489475975543,2,1.0720559254624682,1.232398883972429,1.31995148802296,12.725688384325537,12.832468014823313,-0.008818787430329156,407
free_loglinear__pair_proximity_L0p3R80,unconstrained_log_linear,pair_proximity_L0p3R80,,2,learned,-0.009836363560160682,-0.012086219473892879,1,1.1699298818623607,1.2204386504785256,1.3300436019299058,12.729002152586364,12.738729869459323,-0.009081483763741627,408
inverse_hill0_m0.5__pair_surface_L0p1kpc,inverse_hill_zero_floor,pair_surface_L0p1kpc,0.5,2,inverse,-0.011940253346205049,-0.004070540489212238,2,0.9984623990648325,1.246379750513396,1.3236601750736874,12.735583933227241,12.953238775649673,-0.009603249169646055,409
inverse_hillfloor_m1__pair_proximity_L1p0R80,inverse_hill_free_floor,pair_proximity_L1p0R80,1.0,3,inverse,-0.015590199839465885,-0.014738944585628633,2,1.1491359194185586,1.2131087362346478,1.4191509792495864,12.735862275772401,12.787062785566809,-0.009625314552705877,410
inverse_hill0_m0.5__pair_proximity_L0p1R80,inverse_hill_zero_floor,pair_proximity_L0p1R80,0.5,2,inverse,-0.012651361226569041,-0.007467501916916586,2,1.087718008004187,1.2344265505314365,1.2884363356207258,12.739504736107149,12.985725020717863,-0.009914067687875283,411
free_loglinear__pair_proximity_L0p1R80,unconstrained_log_linear,pair_proximity_L0p1R80,,2,learned,-0.008984102108031689,-0.009418184347242842,0,1.1489075870241603,1.2259018600365312,1.2745521019476922,12.743884006978359,12.738567344922531,-0.010261230890108441,412
quadratic_log__disk_volume_density,quadratic_log_response_diagnostic,disk_volume_density,,3,nonmonotonic,-0.017395557113330296,-0.0042314988813612064,1,1.1848736825770612,1.2096158498856564,1.7838769754978576,12.748835104359495,12.791614662418812,-0.010653725182412366,413
free_loglinear__pair_proximity_L100p0kpc,unconstrained_log_linear,pair_proximity_L100p0kpc,,2,learned,-0.008616443537933782,0.007965249646859296,2,0.9942396580493774,1.2489641156994429,1.3081085551322458,12.751877738609801,12.75437989986792,-0.010894927583593894,414
inverse_hillfloor_m2__pair_proximity_L1p0R80,inverse_hill_free_floor,pair_proximity_L1p0R80,2.0,3,inverse,-0.019398698487150506,-0.016617041662747523,2,1.1491813680725866,1.207323289762781,1.4041978593309958,12.755764118643734,12.802165240050183,-0.011203017258189174,415
inverse_hillfloor_m1__disk_volume_density,inverse_hill_free_floor,disk_volume_density,1.0,3,inverse,-0.018237514559433426,-0.005190925794978707,2,1.173436720684333,1.2101588561085905,1.7855337056534761,12.75695363337697,12.849499826775771,-0.011297315089046744,416
direct_hill_m2__pair_proximity_L1p0R80,direct_hill_wrong_sign_control,pair_proximity_L1p0R80,2.0,2,direct_wrong_sign,-0.01888128098112568,-0.004374400555083979,0,0.6137824809941826,1.2283338502109675,1.2386681676655538,12.765125651430216,12.794751074708016,-0.011945145296290427,417
quadratic_log__pair_proximity_L0p3kpc,quadratic_log_response_diagnostic,pair_proximity_L0p3kpc,,3,nonmonotonic,-0.005370903797480869,0.0022898310839753466,2,1.0614806457061174,1.241756559657237,1.3219864252834512,12.765869758646286,12.86742242692239,-0.012004133801804873,418
free_loglinear__pair_proximity_L300p0kpc,unconstrained_log_linear,pair_proximity_L300p0kpc,,2,learned,-0.01091350930082327,0.007251698213658064,2,0.9861957998547362,1.2477902083136327,1.306380293278068,12.772833102410846,12.776092995656953,-0.012556147319727984,419
inverse_hill0_m0.5__pair_proximity_L1p0kpc,inverse_hill_zero_floor,pair_proximity_L1p0kpc,0.5,2,inverse,-0.01720919928664691,-0.01886453939752375,1,1.1297197736603952,1.2189523270990352,1.255844334065345,12.775290649565058,12.898830438440605,-0.01275096740845627,420
inverse_hillfloor_m1__pair_proximity_L0p3R80,inverse_hill_free_floor,pair_proximity_L0p3R80,1.0,3,inverse,-0.01876605878559104,-0.015031896040116732,2,1.1515141853837871,1.2157443780129364,1.4470304291383205,12.778446407903624,12.803891797939505,-0.013001137631424964,421
direct_hill_m1__pair_proximity_L10p0kpc,direct_hill_wrong_sign_control,pair_proximity_L10p0kpc,1.0,2,direct_wrong_sign,-0.009895175441729187,0.013619792764359873,2,0.9509425763790711,1.2506429171116096,1.2960059845507712,12.778991548290527,12.772523112761412,-0.01304435320039743,422
inverse_hill0_m0.5__pair_surface_L0p1R80,inverse_hill_zero_floor,pair_surface_L0p1R80,0.5,2,inverse,-0.022180959515003068,-0.028097209099341713,2,0.9826207769621659,1.2685606334595125,1.4268600685093336,12.780163420380587,13.081712879085153,-0.013137252424801904,423
inverse_hill0_m0.5__pair_surface_L0p3kpc,inverse_hill_zero_floor,pair_surface_L0p3kpc,0.5,2,inverse,-0.017986699946447582,-0.006527230756598612,2,0.9941800736430633,1.2492734480725165,1.3581244872729006,12.781777879824123,13.037540577512958,-0.013265237408324637,424
inverse_hill0_m4__pair_count_L3p0kpc,inverse_hill_zero_floor,pair_count_L3p0kpc,4.0,2,inverse,-0.015332575196899068,0.010507345172656168,3,0.9146637260455888,1.2569538332436216,1.3010281820568257,12.784618946128859,13.083577727642862,-0.013490460671537807,425
inverse_hill0_m0.5__pair_proximity_L0p3kpc,inverse_hill_zero_floor,pair_proximity_L0p3kpc,0.5,2,inverse,-0.01809986957828716,-0.01921213147499512,1,1.1245920382527717,1.2208683957393456,1.2599003813056657,12.791124365068242,12.911308676608073,-0.014006172564517971,426
inverse_hill0_m0.5__pair_proximity_L3p0kpc,inverse_hill_zero_floor,pair_proximity_L3p0kpc,0.5,2,inverse,-0.018884641174594624,-0.0220576622928349,1,1.1337790208432235,1.2132209828996663,1.2556566201015127,12.792409610368601,12.8997615997303,-0.014108059359660308,427
inverse_hillfloor_m1__pair_proximity_L0p1R80,inverse_hill_free_floor,pair_proximity_L0p1R80,1.0,3,inverse,-0.022348332613714494,-0.007556563622690304,1,1.1901309212194262,1.2253605504385747,1.4917840990415687,12.795336127093103,12.824123724719875,-0.014340056636683363,428
inverse_hill0_m0.5__pair_proximity_L0p1kpc,inverse_hill_zero_floor,pair_proximity_L0p1kpc,0.5,2,inverse,-0.01639485882062444,-0.02275350250509467,1,1.0946859042113377,1.226899872329379,1.2670843977315132,12.79575272096536,12.894005034606106,-0.014373081783329189,429
inverse_hill0_m0.5__pair_proximity_L10p0kpc,inverse_hill_zero_floor,pair_proximity_L10p0kpc,0.5,2,inverse,-0.019466722270414905,-0.022165497307039095,0,1.1704813567145702,1.2089269921674415,1.261918580717719,12.799900708174679,12.901919054845246,-0.01470191015790534,430
quadratic_log__pair_proximity_L1p0R80,quadratic_log_response_diagnostic,pair_proximity_L1p0R80,,3,nonmonotonic,-0.01949883556313342,-0.016691461014945674,2,1.1154220145770388,1.2211409711199597,1.421544788922663,12.800321750747704,12.88681442125999,-0.014735287971753053,431
inverse_hill0_m1__R80,inverse_hill_zero_floor,R80,1.0,2,inverse,-0.018637572676010572,0.015539426778056975,3,0.8674105458329143,1.2568668047768532,1.3676157351343439,12.804068882085106,12.78088804071162,-0.015032338817096313,432
inverse_hillfloor_m2__pair_proximity_L0p1R80,inverse_hill_free_floor,pair_proximity_L0p1R80,2.0,3,inverse,-0.023251985178911,-0.009951152812248232,2,1.1866360825020414,1.2184862255796256,1.4486008314356738,12.804255347975774,12.82184175309469,-0.015047120751718657,433
inverse_hill0_m2__pair_surface_L1p0R80,inverse_hill_zero_floor,pair_surface_L1p0R80,2.0,2,inverse,-0.026468232666247232,-0.027012774747099788,2,0.902149517033143,1.280932273238471,1.3799177152613067,12.805875368959487,13.300669802860282,-0.015175546621899016,434
inverse_hill0_m0.5__pair_proximity_L30p0kpc,inverse_hill_zero_floor,pair_proximity_L30p0kpc,0.5,2,inverse,-0.021755866238588162,-0.023724575966091788,0,1.1707599175667305,1.2056944840015014,1.2673556593590611,12.82123048855236,12.932543060520937,-0.01639281146924576,435
inverse_hillfloor_m2__pair_proximity_L0p3R80,inverse_hill_free_floor,pair_proximity_L0p3R80,2.0,3,inverse,-0.024327883398025302,-0.017491192655574472,2,1.1556899521115962,1.2110059576178336,1.4544408738061674,12.822385437295399,12.832515291042558,-0.01648436910882567,436
quadratic_log__pair_proximity_L0p1kpc,quadratic_log_response_diagnostic,pair_proximity_L0p1kpc,,3,nonmonotonic,-0.013400464615644009,0.0027512426321810723,2,1.0751802637614645,1.2351334055312235,1.338810634854169,12.825276040295844,12.964807847242277,-0.01671351935404486,437
inverse_hill0_m0.5__pair_proximity_L100p0kpc,inverse_hill_zero_floor,pair_proximity_L100p0kpc,0.5,2,inverse,-0.022295788985065734,-0.024356023353509504,0,1.173674422139005,1.204168129631923,1.2687715201874938,12.826036737517768,12.940630220547112,-0.016773823019029077,438
inverse_hill0_m0.5__pair_proximity_L300p0kpc,inverse_hill_zero_floor,pair_proximity_L300p0kpc,0.5,2,inverse,-0.02242845096442103,-0.024527758712926118,0,1.1734721113407938,1.2039469659971302,1.268878107990917,12.827408616059538,12.94271001278823,-0.016882577595222825,439
inverse_hill0_m4__pair_count_L1p0kpc,inverse_hill_zero_floor,pair_count_L1p0kpc,4.0,2,inverse,-0.018503642485136446,0.0018486407890959677,3,0.9691983624442804,1.2363269989880221,1.268333371208979,12.838014303307228,13.05914325723269,-0.017723334984996564,440
inverse_hill0_m4__pair_surface_L0p1R80,inverse_hill_zero_floor,pair_surface_L0p1R80,4.0,2,inverse,-0.0196778899386279,9.53918610768767e-10,2,0.9089966818075927,1.222896349180459,1.2469385876822443,12.847827332210114,12.908180279612882,-0.018501255017285168,441
inverse_hill0_m1__pair_surface_L1p0kpc,inverse_hill_zero_floor,pair_surface_L1p0kpc,1.0,2,inverse,-0.021466779870956826,-0.003044298058132,2,0.986438429102113,1.253301636229021,1.3716560005880787,12.85335526769392,13.112094533871613,-0.018939477689673856,442
inverse_hill0_m1__pair_surface_L0p3R80,inverse_hill_zero_floor,pair_surface_L0p3R80,1.0,2,inverse,-0.028797387387133916,-0.02434529681602543,2,0.8518909035339501,1.2835979873653258,1.472200885945438,12.857142621633143,13.26142361003225,-0.01923971714966588,443
quadratic_log__pair_proximity_L30p0kpc,quadratic_log_response_diagnostic,pair_proximity_L30p0kpc,,3,nonmonotonic,-0.012147606438483977,-0.0027888799595448543,2,0.9813302772205427,1.2612066541958349,1.3507253048799077,12.85935262183157,12.85875228706794,-0.019414913151097668,444
inverse_hill0_m1__pair_surface_L0p1kpc,inverse_hill_zero_floor,pair_surface_L0p1kpc,1.0,2,inverse,-0.021434138305301997,-0.0019095899907840552,2,0.9684724210025389,1.230414526365181,1.2871713458874054,12.86398905832058,13.111636765456277,-0.019782462952379953,445
inverse_hill0_m4__pair_surface_L1p0kpc,inverse_hill_zero_floor,pair_surface_L1p0kpc,4.0,2,inverse,-0.021632991426788623,1.148318762300704e-08,3,0.9862919847048638,1.2235501805418774,1.2492235312966944,12.871760279711047,13.089062849474326,-0.020398520324147684,446
inverse_hill0_m2__enclosed_mean_volume_density,inverse_hill_zero_floor,enclosed_mean_volume_density,2.0,2,inverse,-0.039445603127882034,0.009810215737928618,3,0.07492902315876203,1.2330082216529292,1.25749250851153,12.877922008439297,13.294255230099607,-0.020886986450016742,447
direct_hill_m1__pair_proximity_L1p0R80,direct_hill_wrong_sign_control,pair_proximity_L1p0R80,1.0,2,direct_wrong_sign,-0.025738793975432217,-0.01570232508470415,0,0.6148703925693937,1.2316231521006387,1.2465558005128337,12.879997844773147,12.887157034246398,-0.021051546718190428,448
inverse_hill0_m1__pair_surface_L0p1R80,inverse_hill_zero_floor,pair_surface_L0p1R80,1.0,2,inverse,-0.02761425593478023,-0.021953764651451935,2,0.9545615442614132,1.257717175967691,1.3709410289276376,12.901028803818447,13.131862084500616,-0.02271875920696287,449
inverse_hill0_m4__pair_surface_L1p0R80,inverse_hill_zero_floor,pair_surface_L1p0R80,4.0,2,inverse,-0.026273879281668577,-0.010870794387879856,2,0.8380902127657357,1.24246436057206,1.2885539604189717,12.904130559230254,13.08929721284738,-0.022964648391024634,450
inverse_hill0_m1__pair_surface_L0p3kpc,inverse_hill_zero_floor,pair_surface_L0p3kpc,1.0,2,inverse,-0.025544931251123726,-0.0038413384340696966,2,0.9625289696681432,1.2349731957667571,1.3165690221992445,12.906693007626629,13.170543830243027,-0.0231677844419802,451
inverse_hill0_m2__pair_count_L0p3kpc,inverse_hill_zero_floor,pair_count_L0p3kpc,2.0,2,inverse,-0.025145758418726294,0.002543189977763205,2,0.8894988638044893,1.2459812703423219,1.3280233125404268,12.9101031919213,13.265109759730743,-0.023438124079504297,452
inverse_hill0_m2__pair_surface_L0p1R80,inverse_hill_zero_floor,pair_surface_L0p1R80,2.0,2,inverse,-0.025788104513223026,-0.005837711069169582,2,0.9255567613975513,1.2352049759477723,1.296745602761334,12.911931930649835,13.049280080510611,-0.023583095882280913,453
inverse_hill0_m2__pair_surface_L1p0kpc,inverse_hill_zero_floor,pair_surface_L1p0kpc,2.0,2,inverse,-0.026412524961188927,-0.0005371022982543217,2,0.9733822825448274,1.2339055721405274,1.2975495242291053,12.933600018792516,13.169367721198432,-0.02530081627161218,454
inverse_hill0_m2__pair_surface_L0p1kpc,inverse_hill_zero_floor,pair_surface_L0p1kpc,2.0,2,inverse,-0.030095883938576956,-3.8084875775279414e-06,2,0.8988028219195283,1.2229819112396874,1.253217366571305,12.976706315185405,13.333635367617726,-0.028718033505318097,455
quadratic_log__pair_proximity_L100p0kpc,quadratic_log_response_diagnostic,pair_proximity_L100p0kpc,,3,nonmonotonic,-0.02484691199783509,-0.00810406764923477,2,0.9371399319107456,1.2589608524919114,1.3314457198926792,12.999323868137841,13.007729308064276,-0.030511021959461093,456
inverse_hill0_m2__pair_surface_L3p0kpc,inverse_hill_zero_floor,pair_surface_L3p0kpc,2.0,2,inverse,-0.033158288492473625,0.000715374525279644,2,0.9107816504057421,1.260817874751913,1.3764081629208988,13.015579010613303,13.399594956382296,-0.03179963540231423,457
inverse_hill0_m2__pair_surface_L0p3kpc,inverse_hill_zero_floor,pair_surface_L0p3kpc,2.0,2,inverse,-0.03380335238251078,-0.00023985856803077077,2,0.8943517572554197,1.2239276138625343,1.2713646573329633,13.022713391859245,13.38587905426264,-0.03236520778003027,458
quadratic_log__pair_proximity_L300p0kpc,quadratic_log_response_diagnostic,pair_proximity_L300p0kpc,,3,nonmonotonic,-0.027564397649960187,-0.007925796171454003,2,0.9244317543854339,1.2586918425681481,1.3286502718205222,13.028959572409821,13.034862276035124,-0.03286036875669418,459
direct_hill_m1__pair_proximity_L30p0kpc,direct_hill_wrong_sign_control,pair_proximity_L30p0kpc,1.0,2,direct_wrong_sign,-0.035998774945392026,0.012712979341808095,2,0.8270610045152437,1.254498711084719,1.2626639820366083,13.03162247568865,12.98476676533212,-0.033071468288260686,460
inverse_hill0_m2__pair_count_L0p1kpc,inverse_hill_zero_floor,pair_count_L0p1kpc,2.0,2,inverse,-0.03578704539727634,0.0012060536446588666,2,0.8532646581284251,1.232372671586725,1.3015929602913539,13.04632901714588,13.477983147611925,-0.03423731762168081,461
direct_hill_m2__pair_proximity_L10p0kpc,direct_hill_wrong_sign_control,pair_proximity_L10p0kpc,2.0,2,direct_wrong_sign,-0.040104135871088825,0.0077850973647150545,2,0.8590800579399904,1.2378339631082205,1.2696646959845128,13.07159501001509,13.07504320522409,-0.03624025903590988,462
quadratic_log__pair_proximity_L0p3R80,quadratic_log_response_diagnostic,pair_proximity_L0p3R80,,3,nonmonotonic,-0.052504516592720735,-0.02742834624047863,1,1.1082543907822975,1.2129842816209,1.7292111539804627,13.08739103302393,13.107410659916923,-0.037492476149573184,463
inverse_hill0_m4__pair_surface_L10p0kpc,inverse_hill_zero_floor,pair_surface_L10p0kpc,4.0,2,inverse,-0.03864328899179306,0.006447321958103269,2,0.7776318423236286,1.2688489833869487,1.33746210273089,13.092300874336077,13.715924316603225,-0.03788169989994383,464
inverse_hill0_m4__pair_surface_L3p0kpc,inverse_hill_zero_floor,pair_surface_L3p0kpc,4.0,2,inverse,-0.0399725881975547,0.0005637187129603483,3,0.8956372345778378,1.230973835577537,1.2773520152823565,13.106230579087216,13.460844560560957,-0.03898596612365668,465
inverse_hill0_m4__local_volume_density,inverse_hill_zero_floor,local_volume_density,4.0,2,inverse,-0.06267812257144753,0.0005717174226766986,3,0.019340797279362963,1.226949987355067,1.2454266306000543,13.10965132055045,13.687781599003456,-0.039257142672290746,466
quadratic_log__pair_proximity_L0p1R80,quadratic_log_response_diagnostic,pair_proximity_L0p1R80,,3,nonmonotonic,-0.05686931546952784,-0.01141741879024527,0,1.15597734509416,1.2191501253452253,1.8119702358261018,13.111767746473959,13.056021142098139,-0.0394249206477808,467
inverse_hillfloor_m2__disk_volume_density,inverse_hill_free_floor,disk_volume_density,2.0,3,inverse,-0.06965166010420842,-0.00506411325234285,2,1.189360493490171,1.2083861491769032,2.8041180749998222,13.176988678549542,13.000586099028036,-0.04459525797056241,468
inverse_hillfloor_m2__R80,inverse_hill_free_floor,R80,2.0,3,inverse,-0.05224115848708025,0.024667729262253135,3,0.7132610252019764,1.258250356559266,1.5313048762443082,13.21338032495604,13.15449713593236,-0.04748017668707094,469
inverse_hill0_m2__pair_surface_L0p3R80,inverse_hill_zero_floor,pair_surface_L0p3R80,2.0,2,inverse,-0.05316201837641907,-0.010081826958305729,2,0.7112091120046066,1.2550424830095908,1.3925405912957778,13.26690248704168,13.53544241802123,-0.05172310335832209,470
inverse_hill0_m4__pair_count_L0p3kpc,inverse_hill_zero_floor,pair_count_L0p3kpc,4.0,2,inverse,-0.057966824869288947,0.00026206400105155403,3,0.7559604026068155,1.225366463452629,1.2695741166572465,13.340233488943323,13.991216465195489,-0.057536359992091723,471
inverse_hill0_m2__R80,inverse_hill_zero_floor,R80,2.0,2,inverse,-0.07176170224292339,0.005008172033217795,3,0.7132609276975295,1.2355506210768186,1.2892741614475625,13.401782347611462,13.299857950996355,-0.0624155966270068,472
inverse_hill0_m4__pair_surface_L0p1kpc,inverse_hill_zero_floor,pair_surface_L0p1kpc,4.0,2,inverse,-0.07491638172441165,4.037054690542163e-09,2,0.6747819363696449,1.222896379925878,1.2368737056607308,13.570288327792856,14.458931958264477,-0.07577377368332483,473
inverse_hill0_m4__pair_surface_L0p3kpc,inverse_hill_zero_floor,pair_surface_L0p3kpc,4.0,2,inverse,-0.07633308372809686,5.321819096515412e-10,2,0.6764124238161447,1.2228963575257297,1.2455212161331148,13.590028224053786,14.468691884395206,-0.07733863820055453,474
direct_hill_m2__pair_proximity_L30p0kpc,direct_hill_wrong_sign_control,pair_proximity_L30p0kpc,2.0,2,direct_wrong_sign,-0.09021630986511764,0.004355262741657151,3,0.6956569556475114,1.2310474495117298,1.2509865171550012,13.621665230869244,13.566097844229157,-0.07984663665923186,475
inverse_hill0_m4__outward_radial_column,inverse_hill_zero_floor,outward_radial_column,4.0,2,inverse,-0.12206418060584445,-0.013320916695184537,2,0.1867380494038637,1.240940026319553,1.2760961569931977,13.73347054629554,13.726402951961997,-0.08870991378265636,476
inverse_hill0_m4__pair_count_L0p1kpc,inverse_hill_zero_floor,pair_count_L0p1kpc,4.0,2,inverse,-0.08975764348236925,2.98162711187544e-09,2,0.6254393696183379,1.223171129644247,1.2612003174155184,13.780080891825877,14.808457586741268,-0.0924049117143626,477
inverse_hill0_m4__pair_surface_L0p3R80,inverse_hill_zero_floor,pair_surface_L0p3R80,4.0,2,inverse,-0.09883200538928591,2.6032938860165444e-08,2,0.43195372875918636,1.2231783031340644,1.3130852973915144,13.911215939133863,14.003452073031665,-0.10280053790129706,478
direct_hill_m1__pair_proximity_L3p0R80,direct_hill_wrong_sign_control,pair_proximity_L3p0R80,1.0,2,direct_wrong_sign,-0.1583440034044714,-0.0981453640250406,0,0.03963155955367469,1.2346197192927866,1.2484426744198607,14.431415643621238,14.234590949489878,-0.14403895418602697,479
direct_hill_m2__pair_proximity_L3p0R80,direct_hill_wrong_sign_control,pair_proximity_L3p0R80,2.0,2,direct_wrong_sign,-0.1625447890632679,-0.10048487741278145,0,0.001351877432043126,1.2265974148197327,1.236270993067707,14.507314017889351,14.240441512657375,-0.1500557372145508,480
inverse_hill0_m4__R80,inverse_hill_zero_floor,R80,4.0,2,inverse,-0.16046847621518848,0.0003151656521544477,3,0.4889947413455264,1.224508676735482,1.2531694731032312,14.54126848912027,14.335367662652914,-0.15274745081467356,481
direct_hill_m1__pair_proximity_L100p0kpc,direct_hill_wrong_sign_control,pair_proximity_L100p0kpc,1.0,2,direct_wrong_sign,-0.27661178950062154,-0.004157256706817769,2,0.22828373868326654,1.2802900789849443,1.2919097156487178,16.465298646295306,16.08275014278235,-0.30527340552306237,482
direct_hill_m1__pair_proximity_L300p0kpc,direct_hill_wrong_sign_control,pair_proximity_L300p0kpc,1.0,2,direct_wrong_sign,-0.34740094038004304,-0.011655112817836377,1,0.13284282581156934,1.2822227464886995,1.2921448937642703,17.49835843519454,17.07840246521797,-0.38716839557043903,483
direct_hill_m2__pair_proximity_L100p0kpc,direct_hill_wrong_sign_control,pair_proximity_L100p0kpc,2.0,2,direct_wrong_sign,-0.363770370101618,0.006044896288107893,3,0.05607914532391088,1.2636547070698585,1.2678332234840226,18.0117715126888,17.444664946750475,-0.42786880741822464,484
direct_hill_m2__pair_proximity_L300p0kpc,direct_hill_wrong_sign_control,pair_proximity_L300p0kpc,2.0,2,direct_wrong_sign,-0.4136778840231178,0.0051188766478333925,3,0.01641454825142417,1.2583316886252425,1.2659892482370523,18.64867831929675,18.104868289199988,-0.4783590860533484,485
