galaxy,galaxy_fold,force_equivalent_mass_solar,force_equivalent_r80_kpc,gas_fraction,stellar_bulge_fraction,inclination_adjusted_deg,mean_surface_R80,mean_volume_R80,disk_surface_density,disk_volume_density,acceleration_R80,potential_depth,baryonic_mass,R80,pair_proximity_L0p1kpc,pair_surface_L0p1kpc,pair_count_L0p1kpc,pair_proximity_L0p3kpc,pair_surface_L0p3kpc,pair_count_L0p3kpc,pair_proximity_L1p0kpc,pair_surface_L1p0kpc,pair_count_L1p0kpc,pair_proximity_L3p0kpc,pair_surface_L3p0kpc,pair_count_L3p0kpc,pair_proximity_L10p0kpc,pair_surface_L10p0kpc,pair_count_L10p0kpc,pair_proximity_L30p0kpc,pair_surface_L30p0kpc,pair_count_L30p0kpc,pair_proximity_L100p0kpc,pair_surface_L100p0kpc,pair_count_L100p0kpc,pair_proximity_L300p0kpc,pair_surface_L300p0kpc,pair_count_L300p0kpc,pair_proximity_L0p1R80,pair_surface_L0p1R80,pair_proximity_L0p3R80,pair_surface_L0p3R80,pair_proximity_L1p0R80,pair_surface_L1p0R80,pair_proximity_L3p0R80,pair_surface_L3p0R80
CamB,0,25270585.88515102,0.8834191145732155,0.3363494990761904,0.0,40.0,10306989.995308042,8750368.164962733,22688508.342010073,24136711.002138376,4.51341640987908e-12,1.2542620602462075e-09,25270585.88515102,0.8834191145732155,0.008654166699294624,3480652.7604564237,5526572584598.608,0.07275032072491205,3251081.4148684964,46458537489441.44,0.4637325390261706,1865103.8258905588,296140763844684.1,0.8853275668489542,395637.0185001492,565372407228488.2,0.988455770090932,39755.08473896748,631230336771546.6,0.9987037714859635,4463.028118754751,637774736194928.0,0.9998831991992951,402.1468892794372,638527921694179.5,0.9999870207616237,44.68762729721646,638594222404576.2,0.006767101279633723,3487422.25932105,0.057715796803791,3304867.4457105873,0.40322900453154964,2078038.6577623514,0.8577189947709349,491138.94988276093
D631-7,1,478438412.5292077,3.437369032454009,0.8136229660418964,0.0,48.1018604947723,12889137.238356946,2812282.5444396185,28697422.22955013,20498158.73539295,5.6441350527424416e-12,4.3550936289863095e-09,478438412.5292077,3.437369032454009,0.0010922493346535538,8317024.124063341,250019493053786.38,0.009728213171206283,8230699.414089453,2226820239863671.8,0.09701694810537487,7387436.84464078,2.2207500992092644e+16,0.4801135933291432,4062072.4502694677,1.0989959288962024e+17,0.9085855569149226,691850.0891587933,2.079782455604923e+17,0.9888918286362847,83666.66366486765,2.263606173393527e+17,0.9989894656956403,7606.889033730716,2.286719999317001e+17,0.9998876116433425,845.96978237142,2.2887758851610883e+17,0.012725254703718599,8200877.713463813,0.10245515670175889,7336436.530590762,0.5465581515539144,3522331.5120605486,0.9135401956496559,654152.4974713263
DDO064,2,383148031.5129467,2.3487244501598172,0.7983802954905698,0.0,61.529917558594974,22108159.458649207,7059627.447084589,23690771.862588424,17167225.987382915,9.681131905465536e-12,9.367807565702623e-09,383148031.5129467,2.3487244501598172,0.001676710040116232,10224561.585895723,246145081554701.12,0.014875865300094895,10079209.169892255,2183812937169969.8,0.14256357719224816,8693513.130074022,2.092867728774575e+16,0.5933706571222312,4020409.4671207024,8.710824489331109e+16,0.9410899848665126,573875.7613373811,1.3815428161879573e+17,0.993079143184583,67286.52219209689,1.4578641556443286e+17,0.9993730271536684,6094.1670407767015,1.4671037292485933e+17,0.999930296049309,677.5072512339152,1.467921813440156e+17,0.009174836724093912,10141937.665166946,0.07657530984588516,9405217.559268333,0.4736050959926254,5235268.491316914,0.8882409618989112,1090965.156853616
DDO154,3,316664370.12515485,3.4368927435069634,0.9392323437340356,0.0,60.54728374635621,8533306.991754679,1862141.393823523,27510625.511375185,37176520.961317815,3.7367231194222565e-12,2.7059948092376267e-09,316664370.12515485,3.4368927435069634,0.000805605110151987,4060145.010913227,80783118483179.52,0.007171024361615789,4015670.045624131,719083957326044.8,0.07249982110569249,3653896.7199307415,7270015500876760.0,0.40427854281536485,2263901.435284532,4.053956586533978e+16,0.8807474562936096,443885.26655080024,8.83181166789054e+16,0.9851320168838466,55165.96976522309,9.87854166248862e+16,0.9986430017607808,5033.030885960355,1.0014024851259842e+17,0.9998490351249428,559.9010152564507,1.0026118510414187e+17,0.00937717020681746,4000913.6044354546,0.07665207890280218,3633865.115743408,0.4701535373607846,2005982.2337794888,0.8870059714802684,420505.2365644847
DDO161,4,841811406.0838845,4.60215540696504,0.8818932112671833,0.0,72.31854491507275,12651510.296373958,2061780.1623821931,26245822.705947153,10756484.715552112,5.540078549353613e-12,5.066687425825693e-09,841811406.0838845,4.60215540696504,0.00018662218783645887,2500335.079558238,132249149672245.73,0.0016760682218857404,2495077.960865778,1187739784356758.0,0.01819796812983679,2438135.498207067,1.289592539255063e+16,0.13908935979358314,2070552.926666955,9.856518013430362e+16,0.6296446288347602,843588.0917389046,4.461954268378052e+17,0.9375799701019101,139572.78644174105,6.644127112279168e+17,0.9940271244379681,13317.820984087193,7.044137863889449e+17,0.999332632630652,1487.6559287338457,7.081735159001884e+17,0.003931795172080015,2487157.355140186,0.03394586969218451,2385925.11072245,0.2713269949863783,1716348.1353771852,0.7626158112746569,536013.4326954944
DDO168,0,536314725.9078815,3.0461010407160156,0.855583756986299,0.0,54.07270690538475,18398450.093947064,4529999.952731951,14183224.99499724,6952561.27205747,8.056655396790283e-12,7.307009664977387e-09,536314725.9078815,3.0461010407160156,0.0009974980555320396,8514358.085778799,286913842218485.56,0.0089050733396438,8445684.321371485,2561397280871729.5,0.09064597231138484,7737280.920122363,2.607281693759103e+16,0.47129620678593637,4469832.905983738,1.3556057053146565e+17,0.9077797171040758,774854.8011262582,2.6110784384779632e+17,0.988826859236147,93781.59149372918,2.8441971580682227e+17,0.9989839579042699,8527.04132341271,2.8734123749651523e+17,0.9998870030970834,948.3054954309836,2.8760098353264045e+17,0.009178286223300167,8443312.051367497,0.07686390578189714,7856537.414189355,0.47887308697784464,4405261.296048123,0.8915635702170592,911299.3251233242
DDO170,1,1007645796.2379873,5.574447345329753,0.7941681407673765,0.0,64.45386086432678,10321775.040466856,1388717.2666247885,10604495.818849666,2719101.492012735,4.519890760341337e-12,7.3906252402270764e-09,1007645796.2379873,5.574447345329753,0.00023847152263616202,3824410.956529068,242132072593430.84,0.0021419456726018216,3816752.256218285,2174824647221685.8,0.023270161831679216,3731877.956977631,2.362735999503625e+16,0.17549676916018087,3127192.7118370845,1.7819065346027926e+17,0.6985306360456471,1120246.219939675,7.092531167077475e+17,0.9538848326596474,169973.59614652136,9.685270131801242e+17,0.9956624745368667,15967.61925503895,1.0109459439772863e+18,0.9995161324879622,1781.046784984998,1.0148587557732193e+18,0.007354913477280985,3795788.117729608,0.06235294530433293,3575517.0807881043,0.4210709554687647,2173099.8392115133,0.8656832231256771,496410.4158560841
ESO079-G014,2,44588012002.2166,13.997870598242486,0.1531654584397957,0.0,80.31375740454236,72434303.39626132,3880999.4110116223,142400569.16106033,14015804.051285462,3.1718879492040795e-11,1.7427519464693733e-07,44588012002.2166,13.997870598242486,6.295257734053217e-05,44673682.80261814,1.2515544074783998e+17,0.0005662874874564441,44651154.98832716,1.125830952070739e+18,0.006256197234781237,44396493.7774335,1.2437888254979019e+19,0.053617662547866665,42276946.13719961,1.0659678239617691e+20,0.38617057602831906,27404218.46094288,7.677421749586298e+20,0.84978158739407,6700435.769009947,1.6894429680677607e+21,0.9843354267955391,698524.0396143554,1.956948220211939e+21,0.998234865206642,78709.73784233915,1.9845815660411177e+21,0.012185149034559447,44131139.104896985,0.09991115307335088,40205526.524363354,0.5520326048051105,19993048.5905409,0.9172377488564021,3691082.07706491
ESO116-G012,3,8741570091.94661,11.079186526401863,0.4213662759638515,0.0,74.81824064838473,22668554.28217257,1534536.4635855537,138067131.63396373,45717593.25627939,9.926528009823165e-12,4.032689004360843e-08,8741570091.94661,11.079186526401863,0.0004221063317500734,58726138.17439764,3.2255275463510268e+16,0.003782651622224651,58474081.8771024,2.8905150404043635e+17,0.04008972550035269,55775395.48734749,3.0634582852835e+18,0.2610281405844038,40351008.73440609,1.994647780659918e+19,0.7746307009136881,10777158.775936754,5.919344193883608e+19,0.9673620714661363,1495395.6806217036,7.392101880757137e+19,0.9969537485156548,138702.59502167214,7.618226822001705e+19,0.9996604159113984,15453.240437437713,7.638909833809617e+19,0.04865368600761663,55145436.11457187,0.3001534456938715,37800248.203848116,0.8072303155643517,9149372.113292899,0.9732165163803637,1225633.968326398
ESO563-G021,4,349034227388.7358,19.71627085279749,0.1994320005892464,0.0,84.30391601038427,285804191.24465233,10871890.786744557,695108623.2781262,63771433.32826845,1.251532530217888e-10,3.6735284510969173e-07,349034227388.7358,19.71627085279749,3.937775511731123e-05,218745487.5470335,4.797190759992117e+18,0.0003542521929872722,218654382.7959921,4.315673511206307e+19,0.003917581767859255,217623714.5217577,4.7725897533519036e+20,0.03385918521372759,208988381.4819118,4.12489157810697e+21,0.26150986526207226,145270096.79625693,3.185841106342013e+22,0.6995284582530674,43176857.14172894,8.521997879985506e+22,0.9536723581364263,5297699.7880961485,1.161810319273564e+23,0.9944423545256563,613797.694296314,1.2114783232978322e+23,0.015004735589460822,214420815.99928507,0.1167336397842386,185349797.27543825,0.5359373384186409,76586568.78227559,0.8844404300779635,14043154.545694716
F568-3,0,8595891128.154417,13.817226935760239,0.4960837118761063,0.0,48.299047721086126,14331750.945372209,777928.397572327,27589572.571739588,2764486.2296332256,6.275853564288798e-12,2.7648998621594712e-08,8595891128.154417,13.817226935760239,6.622200655327507e-05,9059690.758593932,4893100641596463.0,0.0005956824625749284,9054893.41775256,4.401458656297681e+16,0.006579065980056307,9000679.134019397,4.8612287128782106e+17,0.05625081207337524,8550614.463026486,4.1563356197176745e+18,0.3984053340238353,5450497.9699256215,2.94379088914978e+19,0.8563235396058431,1301686.5308953407,6.32731848390704e+19,0.985124061156199,134772.71102839982,7.279017092026061e+19,0.9983249676076043,15175.410971295907,7.376557724195008e+19,0.012485787039773693,8947159.510549635,0.10216652795227008,8134584.630918573,0.55836741764158,4001191.382824877,0.9192160434281871,731887.5221890679
F568-V1,1,9116516167.47515,13.869997373981077,0.6441321411475665,0.0,60.7422550697588,15084338.725136913,815663.7480750629,35864895.94578961,6292087.008033264,6.60541069363604e-12,2.331559025177003e-08,9116516167.47515,13.869997373981077,0.0001141830109480028,16567253.939956205,9489849040194110.0,0.001026603775446634,16550433.964965,8.532192987552581e+16,0.011276681422353337,16361772.489008099,9.37214770253581e+17,0.0923481133263394,14887938.150546335,7.675131767306296e+18,0.520628571505956,7554000.968203307,4.3269891979406115e+19,0.9047251737814365,1458556.3197054034,7.519249361850348e+19,0.9905571755177618,143723.76531848303,8.232606570188752e+19,0.998941329110268,16104.472726219086,8.30228799762888e+19,0.02144624454243127,16175120.853007605,0.16269349244427322,13634020.824471781,0.673637549104443,5080688.484331233,0.9479553011738346,794404.3810664054
F571-8,2,3688392642.495161,7.441445937492403,0.2021621858513883,0.0,86.04392071419889,21201794.095557865,2136862.339018321,117461128.1978653,16497349.465992318,9.284235788851014e-12,2.1611766032694684e-08,3688392642.495161,7.441445937492403,9.988804986086192e-05,5863687.447814158,1358901031928446.2,0.0008981481088071769,5858180.231910215,1.2218622683921958e+16,0.009874023939907703,5796307.998454471,1.343285942604444e+17,0.08136617728164915,5307117.240724409,1.1069250268287483e+18,0.4731472509094853,2777497.0078906147,6.436808891660336e+18,0.8767829447661412,571882.5730787967,1.1927965858574727e+19,0.9870250282621009,57940.92763809771,1.3427725651996217e+19,0.9985355589812113,6512.958403098967,1.3584317677709314e+19,0.005496207449442801,5826472.932477876,0.047043509371633103,5541148.884610066,0.3399287931994494,3603550.140283098,0.8016908016908255,944293.5169861998
F574-1,3,7514571234.622855,11.59251165423477,0.5677818774188905,0.0,74.01993265982723,17799149.49337663,1151550.4593136143,28546929.400693726,3200328.408149521,7.794222507431091e-12,3.552635017463599e-08,7514571234.622855,11.59251165423477,7.260316454531486e-05,8683201.67497519,4099812187015907.0,0.0006530461781417339,8678121.376035154,3.687672151202966e+16,0.007208100106933544,8620751.907149915,4.0703262521280576e+17,0.06131139799772516,8147475.191917905,3.462179896541123e+18,0.41985519724624004,5021389.04661677,2.3708711117925798e+19,0.8665108200086711,1151478.4591620355,4.893080959075006e+19,0.9863126544774146,117961.13498692086,5.5695873125622e+19,0.9984603134114801,13268.219122872457,5.63818366156915e+19,0.009662565209728653,8599272.13287302,0.08068159424860594,7978131.985527185,0.4929050290373538,4386645.1489365045,0.8971334890220002,887122.9492565079
F583-1,4,10760309588.116772,17.92757499341419,0.8600960726316152,0.0,67.71043836003598,10656922.273588229,445832.2839607331,13142983.673005465,2784530.439196073,4.666651261941143e-12,2.4543746140919147e-08,10760309588.116772,17.92757499341419,8.460160423493827e-05,14488502.38714195,9795534346916256.0,0.0007608090099661834,14476982.055070175,8.808971007064426e+16,0.008377904568422903,14347634.591155253,9.700295011815154e+17,0.07003182076626746,13325938.563243471,8.108582714200544e+18,0.4461607417699441,7640754.60582497,5.165839241199952e+19,0.8760243360986056,1666934.5955916033,1.0142983162776266e+20,0.9873583829429327,169090.6977190104,1.143205621252159e+20,0.9985787015769483,19001.3600705745,1.1561969844250876e+20,0.02635888609271788,14045230.015423007,0.19247761565119847,11395661.05222451,0.7178592808115478,3825085.279491306,0.9576676851734321,566988.3380455794
F583-4,0,1121025757.6229265,5.334457196896905,0.4842475786829796,0.0,55.6078454641038,12539645.217507528,1763016.0981704856,38796183.231367454,10050824.67133872,5.491092988789568e-12,1.025288422907058e-08,1121025757.6229265,5.334457196896905,0.0003569172184937078,6368002.465459361,448537422068279.3,0.003202850931971343,6349359.824906628,4025018760255575.0,0.03444142270669591,6144928.105059579,4.3282492838035e+16,0.24194056628727356,4796251.040800291,3.0404640704703475e+17,0.7774962240774794,1387183.810494146,9.770785323479197e+17,0.969028083731231,192100.97861976878,1.2177763808170929e+18,0.9971295408069876,17790.465254209073,1.2530914467764127e+18,0.9996802224971831,1981.774855369424,1.2562968852662267e+18,0.01005528390265138,6304484.635028141,0.0835999637229084,5823966.029343173,0.5004747831133012,3137888.1102749123,0.8991926285512051,626419.8080127859
IC2574,1,1799263756.194509,8.933388064884491,0.7167308391082571,0.0,57.62281958395289,7176497.847076787,602500.7921087311,11214634.936078694,2017020.6719565995,3.1425783049370484e-12,9.923389322295617e-09,1799263756.194509,8.933388064884491,0.00016301931118059603,4668249.046098955,527750577541638.56,0.0014652327329020376,4662072.962840127,4743471282155718.0,0.016039057265663327,4592972.037393293,5.192404307119148e+16,0.12774198626105235,4064490.554941512,4.135455274430755e+17,0.6176861136102088,1768816.5836101559,1.9996661796473062e+18,0.9353969715873388,297624.3181602077,3.0282074461659054e+18,0.9938179355458135,28459.141410971664,3.217336557596565e+18,0.9993092598929597,3179.5991022091275,3.235113896825194e+18,0.012842270691899218,4608126.398599601,0.10467782586476287,4173445.510861942,0.563385706770262,2021568.1558553095,0.9203657050247953,366944.5833685418
IC4202,2,166089390347.2219,14.176724895325526,0.1508123039690658,0.3649073360027581,89.5,263051143.88782093,13916356.51905169,408359024.07604736,42715379.08745266,1.1518972561351277e-10,3.0891926211953023e-07,166089390347.2219,14.176724895325526,0.0001288364802986259,340565675.22892296,3.55404263751342e+18,0.0011566157160311289,339710211.9916392,3.190603748615902e+19,0.012500474798920714,330436894.1707246,3.448341674776414e+20,0.09294416089659943,272986785.18664575,2.5639283995399946e+21,0.45405483546913317,120024616.68781878,1.2525413930014442e+22,0.8527941604513154,25047462.265708257,2.3524911579711647e+22,0.9834134586848771,2599549.970706533,2.7128134472235127e+22,0.9981122049650148,293156.0621565876,2.75336094656261e+22,0.02440826748082132,321031134.05749744,0.1603287371738682,234303653.95375466,0.6025954081596807,79256705.70897618,0.9178654764340285,13413642.417283943
KK98-251,3,61090814.71357089,1.1365168825579473,0.725538068417201,0.0,55.99336922982173,15054774.732760891,9934811.548208544,5128400.421644563,1913582.2468823,6.592464662991573e-12,1.971326047420904e-09,61090814.71357089,1.1365168825579473,0.0016425982391657552,1597082.6861186002,6130320589765.705,0.014579840696111552,1575093.4225843213,54413243289649.8,0.14020030392138097,1363154.2555112178,523239821721202.75,0.5871605109885495,634322.8833124128,2191334487146757.8,0.9389614608225437,91294.33212919619,3504286464595479.5,0.9927984014876952,10725.427422211475,3705210645554782.5,0.9993472401783211,971.6558417351049,3729651485503928.0,0.9999274256658285,108.02443895343565,3731816788592135.5,0.0021206158274276153,1596269.6788325044,0.018747727625747827,1568015.6453155095,0.17365919518659995,1307200.0319034082,0.6465160356130782,540730.7376262505
NGC0024,4,6276535272.1616125,5.163064265650039,0.3155989054484191,0.0,67.52716996467156,74947135.63284421,10887013.76401639,172816051.8039945,64483601.41940094,3.281924519114685e-11,9.680566630109653e-08,6276535272.1616125,5.163064265650039,0.0006723846280584746,67167298.56186078,2.6488521837233292e+16,0.006014887415819805,66761348.26132308,2.369558583195134e+17,0.062558495052893,62492284.02099838,2.464485345386119e+18,0.36531502154180967,40547597.47306324,1.4391546923850906e+19,0.8559481094299216,8550421.859813845,3.3719985915860746e+19,0.9812983116150481,1089177.4658603722,3.865814397201663e+19,0.9982833054817996,99722.67364623045,3.932726602235831e+19,0.9998089205340595,11097.230409167063,3.938736746718713e+19,0.017581453389068954,65883978.58865396,0.13681116125639278,56964470.32649882,0.6213826796545341,23285425.985984273,0.9337244442839202,3887776.2538582804
NGC0055,0,3624478997.006444,7.370642203774981,0.3465473758175105,0.0,71.05385740033024,21236603.35531816,2160931.4461541963,16732282.400821678,1369253.878954311,9.299478714699335e-12,1.59790284846137e-08,3624478997.006444,7.370642203774981,7.033822309923019e-05,4057486.765806549,924022545426446.9,0.0006325940797418072,4054602.9575774893,8310292271104056.0,0.006972588822618142,4022163.999120617,9.159783952742646e+16,0.05870530959526245,3762708.655250199,7.7120272893069e+17,0.39278149306754073,2265774.7661992414,5.159910771539542e+18,0.8452425970685008,541757.0672402118,1.1103823520595085e+19,0.9835389567019359,56735.81339755173,1.2920601776017017e+19,0.99814093773538,6397.570460780864,1.311242578134847e+19,0.0038032091859177275,4038362.247931862,0.03297647319511715,3890601.562788802,0.2645756082062359,2809343.624483946,0.7501063435295026,884983.9384357816
NGC0100,1,2333861239.584604,7.404946077084186,0.6443307929934063,0.0,89.00409179504804,13548192.478413735,1372210.4459687588,84381269.02112062,25416044.88587971,5.932734414616588e-12,1.5453922351616706e-08,2333861239.584604,7.404946077084186,0.00015580705371442152,5787383.719249129,848666731837519.9,0.0013983914639130101,5771403.225585244,7616910051349568.0,0.01507265936717545,5598672.290361457,8.209939319362773e+16,0.11023386278157278,4549542.010547246,6.004337405425427e+17,0.515724646268976,1915636.2631073382,2.8091048488688625e+18,0.8958458133515974,369731.0481527706,4.879589983396585e+18,0.9894421885916668,36752.39006758532,5.389400855197157e+18,0.9988135954616799,4122.276312010247,5.440446048925492e+18,0.008388410889315318,5682390.265823281,0.06643360157064536,5000306.783963068,0.3823433721542106,2590030.7993955095,0.827306442466341,622694.8289536503
NGC0247,2,7757085774.338197,9.731307366693196,0.4071617325550956,0.0,73.12428453894812,26073920.725848343,2009538.8838829175,38471762.52150512,5143283.7595595075,1.141773318180203e-11,2.6433062995825106e-08,7757085774.338197,9.731307366693196,0.0001128674745344344,13934376.24855834,6791504534644406.0,0.001014888930778563,13921778.883006219,6.106828210673017e+16,0.011161763657753065,13780073.935929624,6.716298810525074e+17,0.09220655989145568,12648471.171980886,5.5482881335821e+18,0.5299687683046657,6542880.708551027,3.1889481961102553e+19,0.910227823828027,1248608.602595806,5.477057423838755e+19,0.9912002154420503,122371.45197581107,5.9642875732649e+19,0.9990145210963488,13704.021042919716,6.011308109965289e+19,0.010576276931504165,13788250.314332906,0.08774779776745886,12710717.349202748,0.5163877687134678,6732126.872616334,0.9056768616270364,1311919.2607388035
NGC0289,3,47412543777.77629,22.011884235313538,0.3756165198575851,0.0,49.03112443894517,31147912.34119908,1061287.3485142859,212765666.5872801,15783803.159293776,1.3639626967547228e-11,4.49603412486995e-08,47412543777.77629,22.011884235313538,2.077465438540879e-05,15676431.01964323,4.670036993880675e+16,0.00018692900263539197,15672835.22518671,4.2020692202207296e+17,0.0020715864933667344,15632068.847940642,4.656821423147746e+18,0.018229249468069867,15284092.846156774,4.0978428717619675e+19,0.16297016602492334,12297632.098004425,3.6634867185555427e+20,0.5942050653452534,4982040.211968807,1.335742865143705e+21,0.9350142716403742,705556.2253804426,2.101864684417478e+21,0.992195548445491,83189.43086794011,2.2304052960123368e+21,0.009928446195847285,15462518.58962814,0.08070366679759408,13965281.883471105,0.4548273241994285,7083460.812272967,0.8652614753939691,1497282.6993215526
NGC0300,4,3011849146.989771,6.729840752997619,0.4746974374224375,0.0,45.49263549547975,21167704.670510888,2359012.5064715305,71591944.12804456,20454841.179441303,9.269308077610349e-12,1.2319673592336612e-08,3011849146.989771,6.729840752997619,0.00034222530013062455,16404593.019068813,3104406217698731.0,0.0030704169741874567,16353405.146700641,2.785247479352651e+16,0.032951565993237536,15795355.552430626,2.989114081082594e+17,0.22975388641660138,12236964.621373715,2.0841515611496404e+18,0.7559642516303853,3623719.7776517197,6.857529593000794e+18,0.9645637090962138,513738.0771818143,8.749784351834594e+18,0.9966927392350579,47776.534189527236,9.041234343677942e+18,0.9996313236282288,5324.155048013034,9.067890934110941e+18,0.015236068302686943,16125629.70855046,0.12062483843656956,14185283.08862997,0.5887843918412811,6231607.060551299,0.9252748311394615,1088108.0202564972
NGC0801,0,126971901028.238,16.60360635938944,0.143455988417058,0.0,79.61242894508355,146606387.39083847,6622343.854890825,385635057.2679859,22112101.907568,6.419873066182443e-11,2.55073475711334e-07,126971901028.238,16.60360635938944,1.9247130202359654e-05,38894996.59255825,3.10299608790187e+17,0.0001731960696486131,38888686.65384153,2.7922434197163535e+18,0.0019208563254625238,38817059.711322226,3.0967783771738817e+19,0.017012405039372083,38198908.90980581,2.7427167441565794e+20,0.16018020959537196,32369546.217562597,2.582403498641086e+21,0.6242522447663298,14016686.399944173,1.0064109573781571e+22,0.9471584847541722,1914037.347376062,1.5269959946833744e+22,0.9938101154902343,223145.76914550248,1.6022071176644495e+22,0.005276652616256984,38679548.87929263,0.04547082732662139,37035076.25571434,0.34199327820302156,25069199.514647488,0.8182832043123862,6664752.469268795
NGC0891,1,77475130738.66841,8.49744758976669,0.0705285073097026,0.1757954172081556,89.5,341535188.4697375,30144509.70674786,1577710749.698449,309355048.9604802,1.495577782545803e-10,1.9022425968140466e-07,77475130738.66841,8.49744758976669,0.0022176729135279533,2734512679.657166,1.3311350765942618e+19,0.013600462239612603,1863346444.3518343,8.163535855359081e+19,0.05167807441207644,637219081.6691794,3.1019226109105943e+20,0.22514210058904802,308458437.0850437,1.3513920176597668e+21,0.7216124403689177,88978782.93729196,4.3314035411730416e+21,0.9548198157181725,13081615.001534011,5.731206530848526e+21,0.9956744269765214,1227721.3329202537,5.976432081266133e+21,0.9995165968609351,136939.88219068936,5.999494305962023e+21,0.04309341870867062,735895944.0235566,0.17972127538366703,341006331.44545746,0.6572548047887972,112237821.81309119,0.9389304711233593,17815433.078616448
NGC1003,2,9428799962.582546,25.01763914617727,0.7145339586198657,0.0,71.19292668146568,4795279.230996616,143756.9469378571,191835476.66542476,59576234.98926234,2.0998460249776955e-12,1.889495503772385e-08,9428799962.582546,25.01763914617727,7.244876376640535e-05,10871952.16587474,6440859465835786.0,0.0006495935710143138,10831179.725698328,5.775034221845089e+16,0.006926877947429628,10394750.964436514,6.158151647727546e+17,0.047562642792932035,7930490.006467223,4.228426851295357e+18,0.23267901908546887,3491674.7146386635,2.0685692683592155e+19,0.6741037854756148,1123985.7627992274,5.992935589122716e+19,0.955515749102458,143388.52697993143,8.494751790665502e+19,0.9948149985756958,16587.325558916684,8.84413103443849e+19,0.035767378650891794,8575728.399590658,0.16351197140114912,4356030.891551351,0.596003302452369,1429001.12892762,0.9241040155302569,246185.37738626762
NGC1090,3,35548100088.771454,9.28844298788343,0.2608079650370006,0.0,64.63700201220055,131153740.77610222,10590074.753152069,422864933.7643859,59895882.96945976,5.743203846179685e-11,8.249413521240239e-08,35548100088.771454,9.28844298788343,8.676953091421034e-05,49091214.38881568,1.096478292581428e+17,0.000780192346346388,49045108.77578769,9.859036493498957e+17,0.008577278983415511,48527292.58889827,1.0838828002917982e+19,0.07070015530120273,44444127.444350496,8.9341482837507e+19,0.4173036790480657,23609605.995962713,5.2733306342634095e+20,0.8337223752600423,5241015.856528617,1.0535478028755265e+21,0.9808474180203981,554929.7129238016,1.2394649260663182e+21,0.9978148384178497,62725.477271692056,1.2609061024226861e+21,0.007411853924642482,48604618.415144786,0.061793436812249,45024668.85187865,0.38603001908435597,25314640.527391706,0.8140165503202241,5931184.201564202
NGC2403,4,14220350426.247763,12.1389973206539,0.4780164836328727,0.0,72.02776014304044,30718131.47392971,1897899.636755686,382710456.3165594,137665631.76854652,1.3451426530769016e-11,3.0027525397178924e-08,14220350426.247763,12.1389973206539,0.0003205598773058091,72550363.62965098,6.482309467256971e+16,0.0028697951056719465,72167026.50547886,5.803252777276959e+17,0.030105012158636424,68134839.50458689,6.087786374513896e+18,0.18846871180326555,47394416.74173136,3.811183498920981e+19,0.6308903157676939,14278556.070105555,1.27577608934515e+20,0.9296752370315196,2337863.680223673,1.879974075712119e+20,0.9930670349935464,224754.81056123896,2.0081639338844416e+20,0.9992230718836927,25127.563208604777,2.0206125711091525e+20,0.04313330485043631,66248726.46503961,0.24299613641487375,41468818.144716956,0.706553367153562,10851999.612785425,0.950772316921286,1622552.7240533794
NGC2683,0,53823984719.49303,6.68326787456025,0.0462919445643709,0.0981405519700203,80.18893804654186,383573183.1405301,43044793.7677983,1163571276.797054,266874146.0543702,1.6796615694437587e-10,6.409038459095701e-08,53823984719.49303,6.68326787456025,0.006073934265256068,5203146638.1674795,1.7596317130050183e+19,0.011720074923861783,1115536684.682019,3.3953307056332837e+19,0.04562382150157237,390829770.45727307,1.32173184095634e+20,0.2589768676883704,246498591.74724987,7.502615099505845e+20,0.7787515251760507,66710606.39173285,2.2560597800493882e+21,0.9682843437499438,9216295.2342322,2.8051403983984714e+21,0.9970423179422865,854101.6675776308,2.888452863072458e+21,0.9996703097457209,95150.32202041065,2.8960662113849217e+21,0.025538136452202563,489787214.522427,0.14054915768490125,299504932.22732157,0.6178357027152629,118492603.57417983,0.9321592242030419,19863960.04563155
NGC2841,1,294878110322.3099,22.603287736533694,0.1219827959195423,0.3455303989733738,85.31932302179574,183717038.04429287,6095917.555856853,735664319.3868977,101052791.12457386,8.044943234260983e-11,1.888601726050516e-07,294878110322.3099,22.603287736533694,0.059899294581712725,281115229495.3312,5.208429348533817e+21,0.08802373109118508,45900765683.341545,7.653936287302233e+21,0.1045604475584593,4907158659.678887,9.091855047080567e+21,0.1931011617662404,1006943362.833758,1.6790744618991218e+22,0.5563096590428147,261083404.34452352,4.837284938437397e+22,0.8624122250786453,44971260.562423825,7.498941640299919e+22,0.9818780600002518,4608082.250398831,8.537734108722007e+22,0.9978887322654446,520358.04788045207,8.676951867291813e+22,0.15340124846422296,1409121150.007183,0.41533578620947775,423912557.9789051,0.8023332499904453,73701144.10634789,0.9627976795371003,9826796.551137464
NGC2903,2,60035491207.76603,7.336462248337073,0.0608482836646851,0.0,68.57203506255493,355046161.2687356,36296052.77556078,1535776523.3325872,329565777.5391818,1.554742142239746e-10,8.647724758279019e-08,60035491207.76603,7.336462248337073,0.0002869509461161221,274180056.1401491,1.0342458757465347e+18,0.0025764298918313625,273529404.3748494,9.286123728960813e+18,0.02787492376632028,266343368.66968328,1.0046847843602928e+20,0.2039558326085569,216531866.78617603,7.35109890958464e+20,0.7335942577702436,70094529.22247595,2.6440645895733704e+21,0.9603469897019188,10195625.385312798,3.4613404375494594e+21,0.9962814342861751,951941.4495097373,3.59085752613738e+21,0.999585284005892,106122.02886749165,3.602765460203995e+21,0.015205974968033104,269941152.03743184,0.12156838859676641,239791053.90504354,0.5996671308288574,106454756.41991124,0.9289923151152176,18324175.29610075
NGC2915,3,1707973966.4625154,8.977854539501221,0.6643868159280027,0.0,67.74455236592661,6745066.640340886,563475.3779979057,179567655.87135166,163243323.51941058,2.9536551868296115e-12,7.643149777212356e-09,1707973966.4625154,8.977854539501221,0.001043912100849238,28376923.556406084,3045274355987413.0,0.009145852575309615,27623777.38898262,2.668005312762837e+16,0.08058041137158989,21904374.628622077,2.350671671927083e+17,0.3565122345362407,10767956.865896106,1.0400086027796489e+18,0.8347600518475671,2269149.1132203103,2.43514121277654e+18,0.9777620937378388,295319.45977037866,2.8523032043541955e+18,0.9979484760889625,27127.482856239287,2.911190415704677e+18,0.9997715489440406,3019.671100147116,2.916508638388511e+18,0.06765449191789963,22816702.825231835,0.3155133583923274,11823103.490411144,0.8040982566662587,2711848.1632979224,0.9725868438048613,364453.5041657001
NGC2955,4,154611502671.20023,17.31072241930251,0.0717197009117846,0.1381925057964443,58.55142959996661,164233422.57058623,7115535.905687676,194218502.34546924,5176399.316243848,7.191758455360135e-11,5.10782904147477e-07,154611502671.20023,17.31072241930251,1.3097530998990602e-05,32229336.714335483,3.130927687632244e+17,0.00011766297303097898,32170605.93682761,2.812700043238756e+18,0.0012812928364193824,31529009.748332556,3.062894233897567e+19,0.010023542327196888,27405684.38759941,2.3960994024593713e+20,0.0704720565063083,17341189.253673296,1.6846145501544464e+21,0.3580557082458259,9789714.467248272,8.559220289289833e+21,0.8520261178071706,2096596.4228167643,2.0367443016808827e+22,0.9808431311523051,268175.42549972056,2.344677723446753e+22,0.003686540931605701,30272661.732208084,0.02498990397860065,22800985.889532745,0.1667659978498169,13694275.297637228,0.6148558477350925,5609993.347837413
NGC2976,0,1422607179.0879574,1.6385012841288593,0.1269021897866987,0.0,61.590507586983215,168671439.4132899,77206884.59955983,245556398.28800604,121562573.40990396,7.386098588166092e-11,3.062072262214128e-08,1422607179.0879574,1.6385012841288593,0.0016566494700296606,37509023.11608513,3352745728714732.5,0.01471466949551704,37018015.25964059,2.9779712723211412e+16,0.1423086477867185,32220807.455153875,2.8800583325424138e+17,0.5988346720987984,15065014.566931847,1.2119283079537564e+18,0.943122213472017,2135369.826049073,1.9087012853827648e+18,0.9933434648685464,249897.58384835566,2.0103396157336072e+18,0.9993972580111805,22627.84948237861,2.0225913500133555e+18,0.9999329927401801,2515.5532575944835,2.0236755759506294e+18,0.0044351958307110115,37404543.242292404,0.03854793526424846,36121865.152395025,0.30814263073400244,25987430.53525103,0.8002757862492272,7499092.710792189
NGC2998,1,103907476375.41264,18.868002174336866,0.2649595348313506,0.0,57.71099657068247,92906283.86831787,3693009.5861454066,358246087.456337,28890813.504543304,4.068353092251331e-11,2.1267438113867067e-07,103907476375.41264,18.868002174336866,2.9853828494278296e-05,49370435.97043445,3.2232473020204755e+17,0.00026860473728726865,49355787.67332995,2.9000618628764493e+18,0.00297446215107758,49189836.13924135,3.211456482126013e+19,0.0260040932095437,47782199.07994725,2.807600482303801e+20,0.2196666099483252,36327120.66854246,2.3716884686854297e+21,0.6845030402806257,12577658.5547364,7.390417541362233e+21,0.9562719273904949,1581424.0364717315,1.032464198201607e+22,0.994875872497869,182807.2089131061,1.0741439653170836e+22,0.010490036766677972,48729516.68170376,0.0855984134460349,44181280.5460831,0.47981029121837776,22288695.559437435,0.8781129852623196,4532345.237624283
NGC3109,2,662474606.4815897,5.381026346726408,0.8649027714096161,0.0,73.02414750496595,7282644.763653255,1015044.9413916704,6480672.96477911,2077138.7707625355,3.189059890283729e-12,5.317475020845734e-09,662474606.4815897,5.381026346726408,0.0004978208167092677,5248828.954176657,218479918270563.94,0.004462474755956977,5227844.129223557,1958457917470578.8,0.0474271115708924,5000530.071679352,2.0814459966363612e+16,0.3090169532519441,3620171.660875389,1.356190750258085e+17,0.8319759654495658,877203.0799148104,3.6513145861606304e+17,0.9780333750605765,114577.81427603064,4.292320543395641e+17,0.9979824355231671,10522.338414773287,4.379871504567816e+17,0.9997754209895868,1171.2492173060066,4.38774042657781e+17,0.014215246120833979,5176229.386296689,0.11479387842599774,4644461.320103005,0.5894904237655727,2146524.673930043,0.9280365280286742,375475.5756292761
NGC3198,3,41540480034.01731,29.999925316145575,0.4614225727754429,0.0,74.05189190596214,14692012.563259758,367301.2284638766,272365048.90396434,43370230.71719177,6.433611619624394e-12,4.533545875112193e-08,41540480034.01731,29.999925316145575,6.424136951729642e-05,42472363.89386511,1.1085564482354216e+17,0.0005775516766106333,42426771.20303338,9.96629804293813e+17,0.006340044198936421,41916395.36076762,1.0940453062626943e+19,0.051723643448433394,37996031.788050696,8.925491299738365e+19,0.30642755128005217,20259067.580382597,5.287749007234863e+20,0.7321853401910544,5378611.328565763,1.2634674295878834e+21,0.964316156858416,637545.354816835,1.6640350320289776e+21,0.9958504051145082,73154.86908148204,1.7184508928787926e+21,0.051723412439298004,37996051.268641606,0.27183999779026546,22188203.68183936,0.7321844657251312,5378631.68452863,0.9564534696332644,780679.2440014059
NGC3521,4,44245734629.30099,3.6956368846040086,0.0879947316027583,0.0,77.24429788139292,1031200112.2631928,209273829.74755248,1582182066.2423446,329621263.80048853,4.515610775480086e-10,1.441534663646165e-07,44245734629.30099,3.6956368846040086,0.00025419401837421606,179001581.70553476,4.97631825220485e+17,0.0022826670281100117,178604171.53100026,4.4687430759945334e+18,0.024738693030671707,174208079.72352752,4.8430569079320175e+19,0.18325028883899272,143381691.75731152,3.587463477322286e+20,0.6931426056804927,48810598.91096527,1.3569549047966665e+21,0.9487132215624269,7423077.34203174,1.8572816743543202e+21,0.9950526388055252,700708.8418746294,1.9479996579238175e+21,0.9994466874610564,78200.3443363276,1.956601821210526e+21,0.003459534677381639,178373627.38471764,0.030221512727024447,173135707.31595066,0.25230542895193253,130088693.32992293,0.7328518315565946,41984271.72074704
NGC3726,0,29257682787.925354,9.074916271937918,0.2085345815719773,0.0,52.07017684705399,113084947.48954669,9345949.656794833,449855883.2222267,66155276.944445096,4.9519739316908117e-11,5.244664049383627e-08,29257682787.925354,9.074916271937918,0.00011023998820666145,51333303.85480775,9.436675301834418e+16,0.0009911458955000358,51280840.65180989,8.484327823988796e+17,0.01088629197672107,50692071.26959853,9.318796590643524e+18,0.08905808925778615,46077713.73233749,7.623479329043797e+19,0.4993445871235259,23252004.863255743,4.274449597708267e+20,0.8898366341343924,4603920.6587408995,7.61710838744092e+20,0.9886576278812346,460368.9028454934,8.46302795452702e+20,0.9987230633874894,51672.87530663988,8.549189290526094e+20,0.008985299091200856,50805103.79531602,0.07468528159319279,46921006.37337898,0.4536729019920202,25651788.14959893,0.8699723993800266,5465599.061180292
NGC3741,1,303018160.5165492,5.1624938226550325,0.9523210884405248,0.0,71.3224201680825,3619092.59535471,525776.793108118,48219877.22152528,120549693.05381319,1.5847955529385021e-12,3.1673467191713554e-09,303018160.5165492,5.1624938226550325,0.0011389297376585461,5492698.005715916,104576534893041.05,0.009968488344721057,5341651.92701164,915306655664064.9,0.09627892496917481,4643228.126239371,8840331430104388.0,0.4815442238277937,2580372.813008527,4.421539332987998e+16,0.9104765626949991,439094.05776401004,8.359996308790314e+16,0.9891718457105643,53005.14494340165,9.082576441530886e+16,0.999015535834151,4817.936049888762,9.172961209760915e+16,0.9998905170047427,535.7950897126224,9.180995287359526e+16,0.02835051531157126,5130157.001929891,0.20122668779718197,4045877.865525196,0.7315110715095801,1323703.1511601554,0.9605732881069614,193133.53746019054
NGC3769,2,13991327217.715996,17.53693683078982,0.364107484188613,0.0,70.03399276610416,14481100.436775055,619311.4243596296,178911834.83008638,26466247.755929932,6.341253496336036e-12,3.9118086768911185e-08,13991327217.715996,17.53693683078982,8.865557384796966e-05,19741724.662552193,1.7354970208894962e+16,0.0007971717815347707,19723702.936042584,1.5605214561728886e+17,0.008766589467846368,19521344.00490562,1.7161233348846047e+18,0.07245864501529152,17927789.4995012,1.4184304167651369e+19,0.4365115083407431,9720189.758712683,8.545028692820191e+19,0.8599362378910357,2127662.7312931335,1.6833874219505625e+20,0.9850600198608412,219352.0705368068,1.9283262807564462e+20,0.9983117564162911,24700.32805627476,1.9542675141334185e+20,0.02634774970529113,19077220.48826656,0.18825345631838936,15145095.602870233,0.6879531599600596,4981159.402589199,0.9485308539142652,763098.3646062491
NGC3877,3,43636518046.7339,8.242826026715143,0.0689120468739596,0.0,76.05094268603347,204431562.90290383,18600862.33535115,662624422.9532119,130953443.27138576,8.952029361852676e-11,1.857465564056814e-07,43636518046.7339,8.242826026715143,0.00024850585283987586,172586508.30774072,4.731913529097938e+17,0.002232049479866811,172239013.3306654,4.250147435442211e+18,0.024245396796309975,168383493.9013307,4.616676823009521e+19,0.18238717949493244,140741449.1646693,3.4729176489142197e+20,0.7103979864577777,49336909.61017238,1.352701276347601e+21,0.9564081189969146,7380248.1640010895,1.8211404141602634e+21,0.995910173492586,691656.3834091771,1.896358081655473e+21,0.9995438697236813,77131.10818322675,1.9032771687353376e+21,0.016604245844972658,169721596.44559038,0.13171097872527207,149588229.06821385,0.6254513284346155,63930996.29579292,0.9371655865541517,10643679.197671214
NGC3893,4,43164632840.022156,8.169024064073009,0.1991385777391765,0.0,49.89924021521627,205891220.30552858,18902920.840724602,871511134.9118443,183090574.56131184,9.015947554038822e-11,1.2366850189286183e-07,43164632840.022156,8.169024064073009,0.00021233244784084215,145869518.45269117,3.9561474398729395e+17,0.001906891088789745,145556486.06282946,3.5528918805131366e+18,0.02068371875014876,142094348.95963907,3.853760544492406e+19,0.15437352538705573,117836136.67591266,2.876265184405263e+20,0.6204764601461273,42625893.20337345,1.1560627611416651e+21,0.923863905070138,7052022.237286777,1.7213298579658792e+21,0.9923083989406921,681702.4424761401,1.848854648431422e+21,0.9991357324079421,76265.85868698597,1.8615752373438927e+21,0.013923797621211986,143339384.17592755,0.109986373297193,125806825.63965818,0.5340891648877679,54982134.955351606,0.8920821414393226,10203993.372983957
NGC3917,0,18770095364.43206,9.359459877323781,0.2196079889754627,0.0,79.22440551963182,68204814.59424254,5465444.760291941,205317962.30870384,39033833.138536856,2.986679229945389e-11,8.228287570120109e-08,18770095364.43206,9.359459877323781,0.00019433606611940935,58055051.94382497,6.84677987502697e+16,0.0017460625279396122,57956732.593787275,6.15166603685905e+17,0.019034448517639316,56862625.6299034,6.706149900283156e+18,0.14712431795560635,48834704.469938174,5.183432182303023e+19,0.6443714665373838,19249653.297993902,2.2702268689636386e+20,0.9400372898604137,3120248.49997312,3.311906290228417e+20,0.9942483097720761,297017.11278549524,3.502900647347796e+20,0.9993571721305701,33171.478949955475,3.52090001137677e+20,0.016717043947681788,57009144.150772035,0.13145204167755248,49809234.05917839,0.6143796011208926,20951823.392467584,0.9321944827067246,3532230.658821554
NGC3953,1,99152585471.14616,10.18683803230256,0.0409756376118175,0.0,62.04038485710938,304141279.3200836,22392224.041133918,586747466.38327,59994628.46454704,1.3318303807704981e-10,3.0446717185185366e-07,99152585471.14616,10.18683803230256,6.909982479011027e-05,109043836.02555437,6.793366301782182e+17,0.0006215545327274861,108983538.19363153,6.110648804358765e+18,0.006862993342425037,108302318.12439777,6.747170176393628e+19,0.05854972292685436,102661240.95056736,5.75616097317374e+20,0.40856152086770736,64473557.81750934,4.0166644076133724e+21,0.8613880965417486,15103601.948979214,8.468508980417162e+21,0.9857224160931725,1555531.4913412193,9.690868920057049e+21,0.9983931883631308,175058.52897374122,9.81543826247977e+21,0.007119998165990355,108274267.54804778,0.06062404535045847,102434859.5024845,0.4175349977950987,63494814.19515481,0.8657491965392793,14628337.12254394
NGC3972,2,11458876576.27131,6.063959928183155,0.2060517632608766,0.0,77.04028755420757,99192656.9909364,12268302.169584408,208349913.92678353,47786677.50614302,4.3436324863631455e-11,6.126828845511163e-08,11458876576.27131,6.063959928183155,0.0003027627423446566,55215956.98373839,3.975451995556548e+16,0.002717992586918499,55076702.63490741,3.568883334156308e+17,0.02935853503155915,53542242.18126476,3.8549474672469883e+18,0.21255167480148368,43070924.63730804,2.7909278836777517e+19,0.7446200116260406,13579909.539982364,9.777296533337229e+19,0.9628224009543155,1951038.5467132458,1.264242160577039e+20,0.9965295182530105,181740.76039463806,1.3085015782622616e+20,0.9996131221315807,20255.903177429573,1.3125505306193561e+20,0.011008650928273753,54598866.773060605,0.09076241831677463,50016474.59868729,0.5205457807232127,25817159.537678417,0.9052773898302564,4988714.978393493
NGC3992,3,191878910152.88776,16.362648667810205,0.1828888984675756,0.0,55.81371554689618,228123569.9835801,10456294.757722877,638093192.5109967,64323910.53538274,9.989499016810849e-11,2.395935858704483e-07,191878910152.88776,16.362648667810205,5.3463634980925275e-05,163269798.8587039,1.968398244960613e+18,0.00048093733565597764,163189930.84262407,1.7706918128163455e+19,0.005314189217422206,162287245.32762784,1.956552473974984e+20,0.04561685860154168,154785487.59974656,1.679499428797295e+21,0.33548025782219204,102450561.46151975,1.2351549814219314e+22,0.8021305519325398,27217606.035531767,2.953245455937709e+22,0.9771457854622886,2984054.4120312454,3.597608074836031e+22,0.9973917134361927,338431.3769623545,3.672148552874328e+22,0.014084548976736678,160650879.7090875,0.11240730507522517,142459754.0332987,0.5624068464927227,64149128.80256361,0.9130869394247553,11572036.240386449
NGC4010,4,9611367899.184145,7.15805114424184,0.3081281307040127,0.0,89.00145587809428,59709816.208328374,6256222.713953451,170469507.17793563,30332652.522764344,2.6146844464602475e-11,6.036136474730774e-08,9611367899.184145,7.15805114424184,0.0001435419839456823,21957570.073642008,1.3260177789642036e+16,0.0012900901534139214,21927185.162326258,1.1917645506006491e+17,0.014112621394413126,21588030.531044275,1.30370128392985e+18,0.11202127349131874,19039841.513894856,1.0348345215007613e+19,0.5574842113606014,8527817.64569422,5.1499495508974486e+19,0.9120830557967422,1550233.8340426642,8.425676687986583e+19,0.9912324247690807,151628.49800354775,9.156845838406255e+19,0.9990163125276024,16979.910750430157,9.22875214256579e+19,0.007291364365105483,21768301.307420164,0.0613448881686381,20349399.988165777,0.40157820304494485,11989080.348542215,0.8438984794026444,2799390.1724233152
NGC4013,0,41069826977.81108,5.928954412280422,0.0771570775752762,0.2303325793088489,89.00219259853816,371891950.6044266,47043533.06809132,463975477.96533865,65718906.22738508,1.6285096166039253e-10,7.286517830324345e-08,41069826977.81108,5.928954412280422,0.013011271812462026,8504773549.945729,2.1946511455824343e+19,0.036690556117302126,2664739685.344365,6.188708696237508e+19,0.059057014625718024,386024166.7125119,9.961327891011571e+19,0.16187275770514514,117563974.7879489,2.730357479704073e+20,0.5887220695363931,38481617.76519676,9.930155813824502e+20,0.9098833322328158,6608246.047518449,1.53472813896527e+21,0.9904353948247422,647394.725915085,1.670597774919749e+21,0.9989185980722805,72548.86031712432,1.6849066541698056e+21,0.047501574670774066,883272663.0547994,0.09030553210547128,186577224.91707996,0.36740312415181875,68317132.2494901,0.7966045209392103,16458378.286243761
NGC4088,1,36016985193.97326,6.546930625966078,0.1848151325210802,0.0,68.5521034013563,267474267.4009216,30641183.175984774,1153824209.1865466,223609342.8656098,1.171266051735044e-10,9.626018676996703e-08,36016985193.97326,6.546930625966078,0.00018578339600230947,106496267.35431881,2.410025356422149e+17,0.001668975903427964,106300436.02985847,2.165034299657735e+18,0.018164780185180415,104125628.48239458,2.3563774687149773e+19,0.13882209552829272,88418588.03908797,1.8008324611026292e+20,0.5973285528457583,34240552.50956843,7.748684701916686e+20,0.9167538523639823,5838989.888241367,1.1892343865688727e+21,0.9915024413428515,568357.08329067,1.2861999920385955e+21,0.9990440781988642,63631.12906990573,1.295983178503597e+21,0.00788710970083433,105479944.45706819,0.06586398601150305,97871785.59184074,0.41052458885477877,54902381.826998256,0.8327219024860016,12373982.26756361
NGC4100,2,45020027925.73217,6.419759259631213,0.1443588970108449,0.0,73.32449879363084,347710978.06907225,40621964.625942215,841946953.8633564,195801617.17752475,1.5226214782651998e-10,9.75527522859951e-08,45020027925.73217,6.419759259631213,0.0002875399477713184,206026972.7145631,5.827868041590234e+17,0.0025808789704824847,205471230.21129727,5.230933019174559e+18,0.027824071019739015,199363920.22130165,5.639390823421741e+19,0.19908017827167365,158493480.7404707,4.034962855270096e+20,0.6982767906224829,50032649.16887529,1.415269434315062e+21,0.9476833974114675,7544781.283585473,1.9207674718339969e+21,0.9949103587138429,712869.1888446512,2.016487214641499e+21,0.9994303074584749,79567.53382571743,2.0256482599302102e+21,0.011691600449947853,203264891.38220865,0.0948582725843495,183240348.5458157,0.5089052303599747,88475967.69646665,0.8857030075639211,17109369.94659833
NGC4157,3,45823472496.89951,6.426252692371696,0.1909341007888347,0.030487515113026,81.81618948698126,353201489.6127764,41221708.807690375,1329040791.2376616,286431205.0081167,1.546664351025594e-10,1.2042226886377676e-07,45823472496.89951,6.426252692371696,0.0006272106934735277,457426775.70410216,1.317011138241533e+18,0.002657755578424334,215367743.33632287,5.580730264855011e+18,0.02310396609599132,168497967.7042489,4.851349156287875e+19,0.16378161319800094,132718285.7625604,3.439070970336345e+20,0.6154563266436627,44885427.81759564,1.2923294288909215e+21,0.9151715351264905,7415972.705913069,1.9216686158334148e+21,0.9911262237074514,722831.5421656903,2.0811575593474408e+21,0.9989990635076575,80952.58106100875,2.0976888746045848e+21,0.010064079685354266,177732396.8224404,0.07780907292824638,152679335.9091432,0.43387205880017893,76622128.73479265,0.8288626687324213,16264196.071150694
NGC4183,4,9269067305.599031,6.974287094688685,0.4856562063593039,0.0,81.93638353719113,60657781.30592509,6523008.783806675,100971739.57236283,18095293.83017255,2.6561957046397296e-11,2.9299622139316316e-08,9269067305.599031,6.974287094688685,0.00012267073085959852,18096605.546001982,1.0539330513405264e+16,0.0011027245475407684,18075099.652634546,9.474125074773742e+16,0.012089473905955115,17834608.060267787,1.0386745096830058e+18,0.09761201851583934,15999888.330257524,8.386395988758945e+18,0.5252159368806607,7748079.40704422,4.5124246924301705e+19,0.9034879682652014,1480935.1163687669,7.76237187608383e+19,0.9903564900048146,146099.1601171165,8.508708068433235e+19,0.9989179022013841,16373.572772418169,8.582263962466686e+19,0.00592484975149872,17969412.024843704,0.05045690893918414,17003356.376700047,0.3569156306118417,10824855.13315972,0.821760857361889,2769232.7984237205
NGC4217,0,39730344912.68963,6.662724218953259,0.0394707515731288,0.89999199350575,86.06669992668262,284884478.2816102,32068468.045458898,152695488.388122,25968620.474170405,1.247505120099451e-10,1.483473712573537e-07,39730344912.68963,6.662724218953259,0.0002986692826469332,188856973.5613096,4.714495543141966e+17,0.002681296506602839,188384340.8370762,4.232427358512292e+18,0.028968114406335163,183173521.1627197,4.572617748017216e+19,0.2099363820266489,147498521.13863564,3.313846434546115e+20,0.7374023650233062,46628022.04533427,1.1639898594842724e+21,0.9604393927501594,6747919.9511000095,1.5160538761969994e+21,0.9962753629078334,629972.8857449709,1.5726209660882762e+21,0.9995844381367551,70229.47854729152,1.5778443423526224e+21,0.013080538021818128,186322112.49942112,0.10610008566849191,167923708.61834705,0.56021228553289,79797892.34549291,0.9158349780038422,14494842.772259695
NGC4559,1,15385354698.258595,14.03998274149216,0.4674449814287114,0.0,67.1129130355552,24844170.00900402,1327147.4651950106,317773764.4128921,75660420.09830764,1.087922707400602e-11,4.2595253171831535e-08,15385354698.258595,14.03998274149216,0.00014994972768314483,36717518.81448256,3.5494470961836236e+16,0.0013464472657394241,36633168.53392551,3.187163732395615e+17,0.014582082438614266,35706492.74038923,3.451712181659903e+18,0.10844036598224388,29503674.625730924,2.5668825685238653e+19,0.48828516503608627,11956420.335707285,1.1558156109553859e+20,0.873741984178589,2377214.331079133,2.068227129501492e+20,0.9865782695450998,241579.00606880337,2.3353209292879167e+20,0.9984839773512878,27166.033718109833,2.3635028277505674e+20,0.027998098051729006,34779475.39629598,0.18214891839193606,25140770.530474775,0.631157085748218,7840286.970358129,0.9302070290594846,1283901.1985291322
NGC5005,2,104496888148.75304,7.12121472242733,0.0044410998849073,0.044123641698952,68.17280115532571,655911617.0130292,69080028.04781204,650124097.3300676,34398100.38783427,2.872227737685363e-10,6.744785601700965e-07,104496888148.75304,7.12121472242733,4.984342376867194e-05,82895576.42927147,5.4427023188053926e+17,0.00041977410011711483,77570505.05640548,4.583765109486465e+18,0.0032101215552522333,53388161.68922932,3.505324215588899e+19,0.019808992385690442,36605248.95623138,2.1630626598038857e+20,0.169476167666662,28185914.1036413,1.850611898216658e+21,0.6407253037443612,11840031.435956262,6.996463791475297e+21,0.9515128274451903,1582479.6602453901,1.0390139121149302e+22,0.9943637572027427,183749.5425146094,1.0858054117993853e+22,0.0018832384149269998,61761897.69779112,0.010914670198677201,39772549.8843238,0.09496914530680235,31145682.83226503,0.4766319784963646,17368247.318648323
NGC5033,3,106070624737.13971,20.66312261677009,0.1704253200276849,0.2503490180769429,66.1278208929179,79077576.03072953,2870242.9503521854,328223013.0418817,31804555.527314115,3.462795922699335e-11,9.464318306805139e-08,106070624737.13971,20.66312261677009,0.0012263288036251682,2070247111.525352,1.3797397693954212e+19,0.009187471297591942,1723331174.3904524,1.0336803222752254e+20,0.03822919782789897,645372482.0389175,4.301158420100142e+20,0.09664647892657462,181283711.9533534,1.0873673532974398e+21,0.40867639326653765,68991376.55477022,4.5980088776849207e+21,0.836860533271038,15697331.712818513,9.415498973670312e+21,0.9818111503985559,1657460.6191809406,1.1046335095744913e+22,0.9979335941712932,187186.44304855197,1.1227728346782718e+22,0.06697777714050933,264822013.2098942,0.23456923052664075,103050923.11911197,0.7182874491507762,28400215.186069638,0.9544487734889712,4193083.080722814
NGC5055,4,90571053370.6587,10.52336513359186,0.1642126728183273,0.0,48.33086423217389,260333625.735543,18553971.74031288,1233282715.265656,192700424.26025873,1.1399972824005852e-10,1.351307833670834e-07,90571053370.6587,10.52336513359186,0.00012107365671772696,174525628.1369235,9.931812153273907e+17,0.0010883194065954577,174310446.12647504,8.927610020294383e+18,0.011925303694878294,171901235.53668803,9.782464607012495e+19,0.09576274694169189,153378199.82390374,7.855528937428505e+20,0.49190457039962193,70907211.74183206,4.0351501086120545e+21,0.8602625420960809,13778376.69620852,7.056833172649357e+21,0.9835979495569035,1417839.8062332133,8.068567791026534e+21,0.9981224957195775,159864.0770929687,8.187714323814877e+21,0.013184731681295532,171621450.1470974,0.10469376113345814,151418369.04313356,0.513475648685553,66837488.67460996,0.8708063512739357,12594454.152260143
NGC5371,0,79117129482.61937,4.991934561530928,0.071845700215394,0.0,50.58392667780212,1010608349.3598853,151836177.4733409,552315338.3525991,37117966.28713704,4.4254397355950827e-10,2.396092893901092e-07,79117129482.61937,4.991934561530928,2.913493645562342e-05,36686368.893075876,1.8237072261618173e+17,0.0002621528947279432,36677759.77104826,1.6409513341578289e+18,0.002905055457794502,36580116.22638085,1.818425325502326e+19,0.0255476684870136,35743692.5672515,1.5991614638431958e+20,0.22533113367328234,28373431.003098924,1.4104647778625344e+21,0.7227423559471808,10111874.040262725,4.524020360235539e+21,0.9665477688879757,1217065.5685559132,6.050125261939123e+21,0.9961679733548603,139373.66457936363,6.235533529463323e+21,0.0007255162765626458,36660640.33453527,0.006491703568124883,36447610.15286871,0.06765954704735365,34188651.57998179,0.3944815165412156,22148128.57137235
NGC5585,1,3355703984.708502,8.26392682897404,0.5842723228163386,0.0,52.60263613084278,15640867.774425197,1419500.8104004776,108284588.7734987,35387120.51421526,6.849113980897948e-12,2.374908837596147e-08,3355703984.708502,8.26392682897404,0.00028756741290756493,15358310.573198717,3238224524331354.0,0.0025793586568995945,15306397.949071243,2.90455110172844e+16,0.027612632182295278,14747268.353925388,3.1093892666757555e+17,0.19224921230858857,11408428.762395604,2.1648701700465853e+18,0.6947162807699266,3710319.0143980915,7.823025825824586e+18,0.951112071271154,564407.7382608213,1.0710234527052767e+19,0.995359135544361,53159.829832578165,1.1208489622129275e+19,0.9994818407068262,5931.112664695406,1.1254914371125344e+19,0.019098450384287598,14935816.85785312,0.1422808868693881,12363314.101955833,0.6130013694065297,4793936.6822145535,0.9302489987088352,808327.8658942404
NGC5907,2,110324814183.62675,13.56891005273378,0.2487788182964383,0.0,87.29295235654257,190736322.44388896,10542647.956023222,471280735.3783429,44127409.679620124,8.352316710020317e-11,1.431423267697182e-07,110324814183.62675,13.56891005273378,4.262459962679886e-05,74843424.21199359,5.1880806895749005e+17,0.00038346701687850393,74813305.16709775,4.667393577359142e+18,0.004241338072576485,74472550.44543414,5.162372044536066e+19,0.03670793110571301,71616111.19046035,4.467929556904508e+20,0.2868861966906881,50373600.00441401,3.491853882941269e+21,0.7627078520428863,14880209.451313766,9.283347910869331e+21,0.9712108251480659,1705323.7900711284,1.1821155322451055e+22,0.9966941344928519,194452.14101867663,1.213132706899111e+22,0.007776239730264775,74160568.42963809,0.06523268723186537,69123571.47632463,0.418106393134884,39874037.90841332,0.8524064264934181,9032492.612049542
NGC5985,3,334259051339.5852,30.671859295524996,0.1286760421619463,0.0683070793001573,61.9974930221849,113097523.97107127,2765503.785115469,314864731.6939529,22458254.757057987,4.9525246540463907e-11,3.221903643875904e-07,334259051339.5852,30.671859295524996,0.002333101204620975,12411860500.831165,2.6067532907046502e+20,0.0036376426944972422,2150209800.231306,4.0643059313103785e+20,0.006798587436015227,361677919.03494793,7.596001466149454e+20,0.03214301881508542,189997313.83669665,3.591310994287424e+21,0.2435444086905185,129563141.98617056,2.7211000857113005e+22,0.7263281298749823,42933239.853473686,8.115199799018368e+22,0.9657555035111196,5137720.8000016045,1.079030061708239e+23,0.9960521939041207,588766.2337244863,1.1128802852746212e+23,0.03339367761435515,188837112.72358787,0.21528788217280714,135269591.1928902,0.7347507753651226,41549246.71481007,0.9598484560395308,6030915.764751477
NGC6015,4,19663715110.857285,4.494563992239439,0.3487252358028516,0.0,63.364330535571945,309842197.7440993,51702823.39050404,435976819.73979014,94777569.50865002,1.3567946222978961e-10,5.9188593177696535e-08,19663715110.857285,4.494563992239439,0.0001683091488815411,52673651.855783045,6.507870027904532e+16,0.0015116038900571701,52563127.35478204,5.844793177042701e+17,0.016405552050961027,51342445.90841854,6.343398513578142e+18,0.12328237849764231,42869083.65475914,4.76685730588695e+19,0.5363072101920596,16784149.563542224,2.0736945330372244e+20,0.8925162598646781,3103554.1878439137,3.451018471419417e+20,0.988740300861465,309433.9358819657,3.8230799764107985e+20,0.9987300752318983,34728.92368349215,3.861706607014598e+20,0.0033829653913058943,52409271.58672225,0.029220925787085905,50299310.366599575,0.2272388807397354,35204097.11065445,0.6587294971482653,11339010.839737996
NGC6195,0,157396932597.66153,14.321039569892804,0.0748288312861656,0.2743847240961125,58.82729486639298,244285282.2472971,12793342.326254336,204313700.3602816,7328324.977054578,1.0697218121767874e-10,2.6602267987383077e-07,157396932597.66153,14.321039569892804,3.707792402455689e-05,92882053.02310356,9.185608662351575e+17,0.00033295239296836766,92673598.55834419,8.248494125440652e+18,0.0036083649086126367,90391344.60346058,8.939289033422035e+19,0.02712698336272496,75504943.63003106,6.720383082803711e+20,0.15154026458335093,37961593.75277796,3.754227356768832e+21,0.5370387364350728,14947876.42970709,1.3304487236527e+22,0.9215743919088328,2308589.9166662847,2.28308945013011e+22,0.9905234427232309,275701.1928197279,2.4539024109642145e+22,0.007200084362061331,87943732.0295251,0.04777404892199251,64836094.583361775,0.24027016760238706,29347232.854177255,0.6945377400276671,9425852.658558806
NGC6503,1,10110593136.48059,10.662452255704931,0.2268004199452638,0.0,75.17067228507207,28308220.023808435,1991208.4489284928,269748169.35004187,62441705.868065245,1.2396129699173733e-11,2.748242600149145e-08,10110593136.48059,10.662452255704931,0.00026675321240742357,42924616.522432275,2.726860534562093e+16,0.002394789204415972,42817523.82615171,2.448051557161129e+17,0.025876226462380296,41638752.46041378,2.6451737951663534e+18,0.1882101173541633,33650941.67484359,1.923960864750528e+19,0.6950465389896423,11184347.465629205,7.105050243818858e+19,0.9501853078035639,1698879.4663478667,9.713183181512706e+19,0.9952416783453892,160149.40178065817,1.0173767845338446e+20,0.9994683922282978,17869.94931278606,1.0216975044885063e+20,0.029297127725810775,41467476.886393495,0.20793539278467707,32701560.27603148,0.7201424980748001,10192976.14199824,0.955848754747116,1503243.1588258147
NGC6674,2,181220686644.7167,10.324038245644125,0.2806569520446753,0.1102105692902177,48.00864605509288,541201123.4570408,39316092.4954958,425626774.73286533,35234004.53086633,2.369912101174014e-10,1.8890694816505113e-07,181220686644.7167,10.324038245644125,0.004114690267958204,11867658826.45018,1.351302849671939e+20,0.00622986716787466,1996476398.9967067,2.0459467684803615e+20,0.009573713990033154,276126667.95478135,3.144097405682862e+20,0.03499022051199027,112132646.75707531,1.1491116368271506e+21,0.23170449874630653,66828600.954193406,7.609392908036806e+21,0.6663634421460829,21354851.548989367,2.1884000001196464e+22,0.9490999551790362,2737410.04225166,3.1169332089079827e+22,0.9939289007356916,318522.9378295907,3.2641556677895756e+22,0.009793364791393781,265009001.37634712,0.03679200582233639,110621527.14048022,0.24185590041729507,65446342.510277145,0.678612623128331,20403661.890510123
NGC6946,3,25581185333.33088,4.837245524017191,0.1904229219266114,0.0913202879670453,40.852437093097016,347996221.60515946,53955740.90833394,778798289.4755387,159589813.4171186,1.5238705556943753e-10,7.764953014862842e-08,25581185333.33088,4.837245524017191,0.00231478162220876,942433730.487747,1.5147862488989286e+18,0.006733265912888244,304595899.4704573,4.406229303518792e+18,0.028081469766600788,114330112.42098807,1.8376430779992439e+19,0.1696289569068177,76735844.64615983,1.1100468781687221e+20,0.6305521472503146,25672124.173559736,4.12631460654619e+20,0.9253165630945691,4185897.8165590307,6.055244227818835e+20,0.9924327385008878,404056.2958639265,6.494450495091554e+20,0.9991494282760487,45198.9900218556,6.538404314371601e+20,0.010555794176664999,183668824.47605824,0.051622033665397485,99801514.81740369,0.32627581695187297,56771375.75019421,0.7653374306031057,14796363.00571565
NGC7331,4,120801186264.92361,13.565620025942293,0.0828655796852202,0.0499675795306555,75.31662514288463,208949833.6938986,11552171.959020974,977443121.0533984,97354892.53519905,9.149883803757015e-11,1.7608087584512847e-07,120801186264.92361,13.565620025942293,0.0014299836068745833,2749301629.7395425,2.086764581863226e+19,0.002577351453663238,550582578.3909291,3.76111005934759e+19,0.008668027931117758,166652423.16823304,1.2649189539166608e+20,0.05804857303433772,124005334.88645375,8.470985656997166e+20,0.3906061515096241,75098352.44047563,5.70008689966523e+21,0.8458151161113886,18068590.017428003,1.2342917909132217e+22,0.9835918103878744,1891064.0333900142,1.4353483096314704e+22,0.9981464783546169,213227.44357709063,1.4565878297684599e+22,0.014127236098974276,147594181.67175576,0.1000196268759365,116106024.45473735,0.5371787137997573,56121701.45618082,0.909252749809285,10554900.603242783
NGC7793,0,4396225479.023316,4.338357030035291,0.2588633137150718,0.0,54.62455600540919,74349748.95413472,12853324.733199157,356395316.76638824,147270792.05222654,3.255765040547635e-11,2.699505855868598e-08,4396225479.023316,4.338357030035291,0.0008354115168007881,58452157.87973843,1.6145830018388242e+16,0.007460827590240688,58002215.86712532,1.4419391119939808e+17,0.07627267095326541,53366539.9005115,1.4741065397037627e+18,0.41099084483355275,31951387.983593524,7.943137227995251e+18,0.874998644890597,6122199.407971354,1.6910922464685738e+19,0.983982861817479,764971.253796899,1.901723846081557e+19,0.9985321983811044,69865.40230051991,1.9298430556342587e+19,0.9998366484458319,7772.963577241351,1.932364139984786e+19,0.01545668381615948,57460028.06974471,0.1218602024374698,50334863.65958842,0.5844645154232618,21727394.997159757,0.921451817668677,3806095.073166513
NGC7814,1,68880993914.01363,6.05892838535669,0.0277178761547158,0.7717139429425691,89.5,597252386.5553248,73930447.9978803,281125250.3011475,55339616.20101328,2.615359793252311e-10,1.5859655436044608e-07,68880993914.01363,6.05892838535669,0.00461610670784534,5060522688.805751,2.190153983015733e+19,0.03918227108358215,4772727427.07163,1.8590386338223446e+20,0.2671073153174263,2928230899.0226145,1.267315050453337e+21,0.6151531079468775,749307793.7936628,2.9186500980243384e+21,0.9059740719462158,99319678.6105831,4.298476720240642e+21,0.9871427925233762,12024222.562960409,4.683589127556152e+21,0.9988097544171188,1094970.2300940999,4.738944093718102e+21,0.9998674142587839,121792.19068972381,4.743962257425111e+21,0.1337391165657413,3993800327.234488,0.4620455316898286,1533098869.4387453,0.8076443917247937,241183770.22282833,0.9666956224117019,32075625.97544301
UGC00128,2,21354292959.084335,15.256782231948563,0.6261235445301399,0.0,51.14985405011086,29201787.014958233,1435515.0337897616,26530973.389862403,2229493.5621733116,1.2787421426731215e-11,2.5753884755754956e-08,21354292959.084335,15.256782231948563,2.5345371238293126e-05,8613982.49643876,1.155763699197006e+16,0.00022805559248148533,8611990.565504411,1.0399467922992514e+17,0.0025273060753513363,8589406.756578978,1.1524662989500718e+18,0.02223508048047418,8396562.488886165,1.0139326280306887e+19,0.19802867639932858,6730284.343673434,9.030223050612862e+19,0.6785971350838683,2562564.706934362,3.094442483146837e+20,0.9581588863425488,325643.8344565279,4.369260361136954e+20,0.9951571433454074,37579.80164586732,4.5379745692478983e+20,0.005860394862168082,8556700.12942939,0.050089885054092884,8126189.749740889,0.3605880622583886,5264907.897102981,0.8290361235434105,1344963.1281900709
UGC00191,3,4376245809.190093,7.942618288293019,0.6673299284864899,0.0,48.04194091847332,22081290.55016271,2085076.6474617051,56768411.29463488,17964687.11855534,9.669366048262444e-12,1.957716332855398e-08,4376245809.190093,7.942618288293019,0.00026946361884784716,18768172.114303403,5160639874939653.0,0.0024183896442029895,18715679.721201774,4.631585549239638e+16,0.026050952178618,18144518.221803583,4.989155239877985e+17,0.18746744833045123,14507921.539913656,3.59028797001939e+18,0.7006072747589651,4879737.744720919,1.3417699406892691e+19,0.953298826151902,737748.5903325782,1.8257128572709267e+19,0.9955897554585251,69342.941231089,1.906706446335448e+19,0.999507833399936,7735.0928679280105,1.9142101640336e+19,0.01663911601219415,18370657.758156184,0.12866554685166556,15783896.243484449,0.5996189194566313,6620179.789948243,0.9281315536630306,1138574.5836226284
UGC00731,4,4029795617.5941763,9.337294326245265,0.9393884178685094,0.0,58.62115577882735,14712654.965074597,1181765.3849456368,4665354.74527377,1014207.5533203848,6.4426508983209715e-12,2.1812656063262523e-08,4029795617.5941763,9.337294326245265,0.0001343156438716676,8614493.55042738,2181185685025282.0,0.0012075135205085901,8605035.07065115,1.9609117221850228e+16,0.01325139046848758,8498936.865019983,2.151926787036197e+17,0.10763559947909579,7670374.638770687,1.7479217015646623e+18,0.5707611146954894,3660644.2850966994,9.26873398404994e+18,0.9225649076854457,657442.1942904304,1.498176468612108e+19,0.9924967302356883,63654.95808965181,1.6117405225655378e+19,0.999160644787962,7120.2617971462,1.6225622218171445e+19,0.011573321303532245,8513714.156940863,0.09517685084704533,7779467.595416367,0.5370083267266348,3950409.1122505125,0.9121920685125582,745598.1758834975
UGC01281,0,625630697.1534154,4.391215996247735,0.6594921611366393,0.0,89.5,10327580.225800868,1763904.3891189338,12093760.693647794,3709742.544063742,4.522432842827187e-12,6.064178813023038e-09,625630697.1534154,4.391215996247735,0.0006200008801226572,6173486.279700177,242676881408941.16,0.005552466779341134,6143015.917793205,2173311950574459.8,0.05841449434535732,5816460.765432203,2.2864237408835744e+16,0.3582917807873766,3963989.7005426157,1.4024033639877262e+17,0.861182185673848,857498.2033135061,3.370785652802945e+17,0.9824045777666417,108689.1142039306,3.845266786832807e+17,0.9983906424357332,9941.19706997623,3.907838445104151e+17,0.999820926312716,1106.1598581973997,3.913436773137605e+17,0.01182133624449935,6104289.922061728,0.09719953891431304,5576866.866935674,0.5446794706706821,2812610.4653491103,0.9150105722588591,524991.3940255181
UGC02259,1,3612936787.8228254,6.559797686150769,0.4415469927993327,0.0,43.29268137328967,26725731.43493176,3055627.5567029933,50393949.338630415,15553688.067478525,1.1703160173761003e-11,2.4864303911500526e-08,3612936787.8228254,6.559797686150769,0.0004713587889631158,27103919.837642018,6152793446011691.0,0.0042253220406697775,26995899.363497656,5.515444788100913e+16,0.04491717270120059,25828126.614652522,5.863178798835299e+17,0.2942220350600915,18798066.44926562,3.8405720894102374e+18,0.8178570010960267,4702814.738030822,1.0675742797090763e+19,0.9756372243742891,623341.9386967127,1.2735297315703378e+19,0.9977548090061648,57372.57264347108,1.3024005053738707e+19,0.9997500070292913,6387.477763503355,1.3050048996500849e+19,0.01986577689779022,26546370.905830655,0.15321108033661165,22748212.144066878,0.6610122549988905,8833018.001149489,0.9452423234265512,1403460.693157162
UGC02487,2,360915967135.36066,18.72267748220777,0.0840738491417825,0.2911057973798603,42.5949229635231,327733103.7008959,13128454.945039589,471712721.1977445,29893074.85410295,1.435138647633875e-10,2.432816093904625e-07,360915967135.36066,18.72267748220777,0.0009205144277228898,5287578492.457217,1.1990651803428086e+20,0.007558390726188074,4824063955.466062,9.845585105730061e+20,0.042937300381838135,2466385525.154729,5.593027146042836e+21,0.09352846110394195,596935636.6540782,1.2183048706602561e+22,0.3029966091051458,174045979.65455627,3.946843990687479e+22,0.7513985192773779,47957225.87451712,9.78774230899808e+22,0.9690524392802466,5566388.403793644,1.2622909569615145e+23,0.996435013102333,635964.2422317013,1.2979595894450396e+23,0.06922749463772536,1134407083.952943,0.1601429413698368,291578573.39404017,0.5596021954142884,91700082.17047998,0.9095839481569815,16561153.911444575
UGC02885,3,362506607317.43115,50.72462142370903,0.1918540175113819,0.1574254926115939,65.82682436353792,44846486.63736012,663087.5506603372,231666286.09297526,10160802.02162172,1.9638213368464093e-11,2.450703242433272e-07,362506607317.43115,50.72462142370903,0.00013226764847906923,763114474.010714,1.73814292911231e+19,0.0011297617396631968,724236505.4948406,1.484631655554043e+20,0.008134207137009127,469300790.6491359,1.0689246222869565e+21,0.0248259827204702,159147564.83352658,3.262408216978178e+21,0.12035974755234893,69441217.48713759,1.5816599641972414e+22,0.4918564355265333,31530576.18831037,6.463536589479138e+22,0.9005431353043271,5195658.26507054,1.183413102893066e+23,0.9874401069490965,633000.87738452,1.2976053173630542e+23,0.04527312883137291,101517038.3583824,0.2223895892569258,55407731.90499294,0.7155940135346123,16045938.682877442,0.9535174894039583,2375661.6303913216
UGC02916,4,72343668768.8031,16.692285940093385,0.2403514351882046,0.752386217632439,66.04793260842519,82645464.60943837,3713337.9262452303,101932981.34540036,8287234.255723607,3.6190332613122113e-11,1.1304703635477929e-07,72343668768.8031,16.692285940093385,0.0001856140752910762,213713308.22189128,9.714310144022753e+17,0.0016650493581917114,213012585.46731165,8.714212995547518e+18,0.017838944872259687,205394979.76433104,9.336201624769046e+19,0.12349798476459242,157993064.32139766,6.463398448009431e+20,0.46111296349765224,53091866.41074804,2.413283761924381e+21,0.8264306362608048,10572667.150870157,4.3252126761237527e+21,0.9788452155154624,1127027.9418030588,5.122890595230173e+21,0.9975689116643441,127620.68103867455,5.220883051431271e+21,0.0464899175282504,192109041.68883634,0.24274494060080504,111454268.87524475,0.6441276954270189,26617116.328186393,0.9238977082397636,4241997.519392811
UGC02953,0,109815494803.54543,7.394985922534422,0.0736327800507968,0.1975517798271925,65.46824016020905,639203356.5759988,64828050.04011387,1301943607.1492717,183372339.0351087,2.799062500432435e-10,1.3926588608254392e-07,109815494803.54543,7.394985922534422,0.00028199099280314474,492854800.4057022,3.4006542757270426e+18,0.0024994674493308317,485387659.0623574,3.0142184982983148e+19,0.02421202220666359,423169947.85765857,2.9198349926930868e+20,0.14194324432946764,275648715.1022594,1.7117564498825702e+21,0.5898988079747711,103100619.05662584,7.113850990928956e+21,0.9195632861374344,17857590.861502733,1.1089420941142922e+22,0.9919426958267874,1733685.5851523264,1.1962276299351202e+22,0.9990953886780298,194020.7591102087,1.2048533790364472e+22,0.014075035835318286,449840507.49314576,0.08973688584793198,318667325.7926409,0.45285957790421505,144734681.12698215,0.8647426339602542,30708133.011209164
UGC03205,1,85377702209.71358,9.049602586341358,0.1895772426569183,0.2744889180202018,70.91775980162723,331845226.2804899,27502193.310235538,624310477.6812884,97854306.84659691,1.4531455745239007e-10,1.0575120132833716e-07,85377702209.71358,9.049602586341358,0.00023694468720327204,321967154.47973144,1.7271732377553267e+18,0.0021186690212342974,319878610.6311635,1.5443724340600527e+19,0.0220191037855637,299201821.0541219,1.6050499897959917e+20,0.14159619824548653,213783251.23682514,1.0321445357738533e+21,0.5488554805463661,74580037.80456945,4.0008008138277944e+21,0.8865478106358374,13385180.935863148,6.462359087237853e+21,0.9875023924680751,1341846.2304331535,7.19825257371993e+21,0.9985817192497997,150766.79262021466,7.279013686938408e+21,0.018256714109876993,302920171.2465172,0.12187597948632169,224688677.72663766,0.5087902986019232,84419815.8844366,0.8670469466229834,15984743.899883991
UGC03546,2,51718049492.78107,8.633620392759477,0.0492293072147353,0.2844136411246448,59.23370202730759,220854557.5599831,19185568.81524475,544792668.1959049,71872383.66700591,9.671189986034523e-11,8.492233324188708e-08,51718049492.78107,8.633620392759477,0.035102403157538556,28893431198.705925,9.389038604274634e+19,0.06652883814622644,6084567293.903087,1.7794845180516123e+20,0.08673367263943547,713920751.1723933,2.3199146709341186e+20,0.18668717300964865,170739591.84272406,4.99342756233502e+20,0.6207548592582977,51095469.83648652,1.660368183685323e+21,0.9305334105494115,8510434.44238202,2.488950421714774e+21,0.9932203674367465,817537.8826028894,2.6566227760998006e+21,0.9992410138338579,91388.17632943907,2.672726540047662e+21,0.08285014534191924,914891609.6634934,0.16078754103257456,197281451.3105938,0.5561082421337985,61409519.88596001,0.9094192966133292,11158299.799447104
UGC03580,3,7107652650.492209,10.028385171086079,0.3794199851406075,0.3092094487822632,66.60808620007262,22496466.593436874,1682459.3049860266,176996481.73595792,36419029.163777344,9.85117105317225e-12,1.7144373063819566e-08,7107652650.492209,10.028385171086079,0.0004168780897399067,47158002.1058145,2.1060150074369772e+16,0.0036457910831713025,45824274.34596028,1.8418072151331085e+17,0.032064690440164946,36272156.69317146,1.6198673170360192e+18,0.15851793935102257,19924261.63722735,8.00812437587027e+18,0.5595405222231558,6329623.4018321885,2.8267274440024e+19,0.9008499819058026,1132286.4029689992,4.550979358321827e+19,0.9897427924179315,111961.49147147546,5.000054513863334e+19,0.9988447663515765,12554.569243859938,5.046036526766713e+19,0.032211675410027965,36232443.98901631,0.15911087923194672,19885736.551632546,0.5606950556720689,6306828.794515964,0.9013323009328845,1126488.4443067906
UGC04278,4,3383090301.9939713,6.23339518044176,0.6398901953229393,0.0,89.5,27714968.912080586,3334655.6864035246,27219548.05898309,6158268.791625135,1.2136345872462894e-11,2.5252948917495935e-08,3383090301.9939713,6.23339518044176,0.0002541415188931083,13683882.710236894,2908725924013279.5,0.002282515394023749,13655415.766497487,2.6124073419694604e+16,0.0247754021798344,13339957.162623022,2.8356191035692144e+17,0.18549021189895976,11097169.249013443,2.1229911206604178e+18,0.714252612735097,3845789.9444042244,8.174835422427046e+18,0.9572272855672759,572672.4385597273,1.0955753443314694e+19,0.9959913173872534,53627.71272833174,1.1399419416372283e+19,0.9995529648963217,5979.9427211015445,1.1440183540577356e+19,0.00977828643092029,13550245.222318755,0.0814846116307019,12546352.656432576,0.4939353680815039,6844701.68547798,0.8969774965653154,1381094.6351190885
UGC04325,0,5360612956.272675,5.759266333055183,0.4093847621148865,0.0,43.55164298095042,51443469.82412879,6699221.764871785,59847849.83644596,16088131.676463967,2.252702301943031e-11,4.417270329698076e-08,5360612956.272675,5.759266333055183,0.0004419416399148718,37705048.713699214,1.2699710654594242e+16,0.003963387286862827,37571504.476675704,1.1389257587257605e+17,0.042332514941855116,36116749.224252835,1.2164743995302267e+18,0.28434236436003335,26954646.725724563,8.170910880701824e+18,0.8148808825630036,6952303.3355306,2.3416556603500737e+19,0.9753588834461338,924605.596259262,2.8028079921457476e+19,0.9977311528068816,85123.23420577688,2.8670973285438456e+19,0.9997473936362056,9477.250381271555,2.8728912327225344e+19,0.014452276469818032,37173762.42325252,0.11653406691280778,33305093.081733514,0.5937999929032882,15273566.0082441,0.9292412160398131,2655744.02537116
UGC04483,1,38069004.07632704,0.895411370933725,0.8847508347230065,0.0,55.30186217635968,15113896.095113866,12659457.361497372,27232878.487719793,75646884.68811053,6.61835382434128e-12,2.2104549747778924e-09,38069004.07632704,0.895411370933725,0.009654555878914013,5849570.069014673,13991856141942.234,0.07943025601845555,5347306.770757137,115114224772904.19,0.4776311728259659,2893905.26879981,692206533672245.0,0.8891867491696925,598607.4529582106,1288653070502821.5,0.9888567565961683,59913.54712194723,1433099736208425.2,0.9987489210975866,6723.65561409071,1447435946425879.8,0.9998872688361115,605.8187153846021,1449085695828825.5,0.9999874730038603,67.31993642099599,1449230916625882.2,0.007759686392799823,5863954.69357227,0.06488682530986262,5448292.9759726,0.4240542467572619,3204555.912090516,0.8656100838879742,726818.9370425354
UGC04499,2,2092728125.591462,5.892777073594344,0.6522498021608475,0.0,50.17978834843822,19183282.160360187,2441541.813068181,41478752.02024576,11988078.618568143,8.400332253870849e-12,1.7925919030182916e-08,2092728125.591462,5.892777073594344,0.0003101591444414156,10330409.390285758,1358345387201866.2,0.0027837840924070907,10302105.24146015,1.2191613075594306e+16,0.02999963082912612,9991917.813045416,1.3138371344134075e+17,0.21462312066451922,7942677.67520937,9.399443194446433e+17,0.7441546384537507,2478541.1627157005,3.259033430495722e+18,0.9626804567576993,356264.5323847344,4.2160696572117427e+18,0.9965156961622197,33190.751553500646,4.364251460630027e+18,0.9996115764498752,3699.3183807814303,4.3778099024281544e+18,0.010647036421762176,10212255.192514773,0.08765731543788767,9341972.308137203,0.5069289568508741,4862280.607263687,0.8999405899312956,959100.7924562806
UGC05005,3,8621216324.980139,19.83793817455352,0.6817932998518724,0.0,37.14930492174448,6973095.370341847,263627.2722366265,29840653.298452154,4662602.077883149,3.0535086467028363e-12,1.707114035208631e-08,8621216324.980139,19.83793817455352,5.93629815429512e-05,8145249.273370789,4412175622221864.0,0.000533918094151511,8139932.506741566,3.968366038983393e+16,0.005888835775332217,8080125.70684637,4.376899033009232e+17,0.04986071905470633,7601594.557080886,3.705916438183869e+18,0.3493190591685412,4793038.925796645,2.5963268642862236e+19,0.8170579678898529,1245658.6104818373,6.072813652827389e+19,0.979851499015358,134446.32501471465,7.282782611289615e+19,0.9977157374000547,15210.83262079095,7.415559225707962e+19,0.022644692352911045,7895179.97044497,0.16602452442232551,6431693.570069584,0.6661199902075454,2322459.1099041956,0.9453406567318166,366219.4753806973
UGC05253,4,64419703057.87372,14.998765532929042,0.1312914170795333,0.4034395839620666,45.52065637651335,91150239.4156123,4557887.074881087,210355960.45856208,13033206.96769282,3.9914561528643075e-11,1.7471639846287916e-07,64419703057.87372,14.998765532929042,0.0002046645691023384,209836732.85864905,8.49337115064251e+17,0.0018242106885234081,207812342.03223628,7.570288547037721e+18,0.018298913833618775,187613533.2339079,7.59386285199352e+19,0.09505603767831364,108286931.64945993,3.944728741532587e+20,0.33126112757986675,33963256.58090527,1.3746999378819214e+21,0.7619893302430865,8680509.785279606,3.162178105848852e+21,0.9703954562899664,994918.7249256911,4.027042301125685e+21,0.9965908199396849,113530.67583828875,4.1357503920663586e+21,0.03648988101956136,166303069.5590112,0.14741858702173546,74651330.56301369,0.48479564309762996,22094619.46799735,0.8730793236049958,4421188.298634234
UGC05716,0,2283424975.748241,8.209478650160467,0.8438441213298826,0.0,55.598954027381296,10784641.643865405,985261.2544087626,32974293.644238885,14462409.493087234,4.722579394395995e-12,1.2562542002390593e-08,2283424975.748241,8.209478650160467,0.00020964507439225657,7618887.164809098,1093095627541254.8,0.0018814138985067024,7597115.290942738,9809747794050646.0,0.020270376324415765,7366627.165061875,1.0569034256143272e+17,0.1496244015785717,6041806.271511789,7.801460616861244e+17,0.6429942209730517,2336759.1303633098,3.3525909135592776e+18,0.9404860383051824,379766.5611058526,4.903722060798217e+18,0.9943154494757527,36135.25019723531,5.184390205061777e+18,0.9993649537766639,4035.4176067238873,5.210718470052394e+18,0.013808215374543848,7445832.727788407,0.10738862451570927,6434154.622386354,0.550749698311328,2969819.0658773286,0.9143173495421331,547810.275754485
UGC05721,1,3647149757.597978,9.289006126506244,0.7582591087885675,0.0,66.42047465071913,13454427.572808824,1086318.6590880149,262647564.32986602,345588900.4340342,5.891674894444295e-12,1.459322373654314e-08,3647149757.597978,9.289006126506244,0.001149308917644316,66713005.19502335,1.528776398639247e+16,0.009822097859020707,63348374.491761245,1.306506123938644e+17,0.07699720562729964,44693945.20617489,1.0241938343735853e+18,0.343669794075267,22165247.311796904,4.57139296529913e+18,0.8343375537699023,4843011.718132373,1.1098108968963664e+19,0.9779142787900139,630713.324615633,1.3007923686616388e+19,0.9979654961922958,57928.09601476945,1.3274638992292626e+19,0.9997734745625166,6448.115808106012,1.3298688180628423e+19,0.0688713105429048,46331202.97719686,0.3147987567376819,23530205.958541133,0.8135039872633487,5472615.238412959,0.9745061849247525,728412.3824624624
UGC05750,2,5910745542.168889,15.71073754802972,0.5208825505427228,0.0,60.365632508703285,7622531.772882441,363884.8152217262,17873905.05644863,2582934.2567122304,3.337895933169e-12,2.8132357737328222e-08,5910745542.168889,15.71073754802972,9.049399659510739e-05,8512990.797142018,3161580873782758.0,0.0008137988309056351,8506226.587017061,2.8431618844394476e+16,0.00896128931051123,8430103.24455421,3.130797837928396e+17,0.07481056164725615,7819568.722719858,2.613650073597242e+18,0.46433902354830187,4368150.3557710275,1.6222572005186957e+19,0.8828856711389408,922835.6301250687,3.084529976169318e+19,0.9881085302130875,92953.77749662043,3.452146162049594e+19,0.9986635531183781,10438.523802703156,3.4890221536018444e+19,0.02180474180246005,8310366.8594374815,0.16518170071464316,6995015.344422919,0.6775764077617968,2582423.8483599224,0.9487542797105546,401772.75787510537
UGC05764,3,637967018.5040326,3.418665644861349,0.813154469367731,0.0,70.39761867713584,17375411.520163514,3811884.51690518,5791583.39238198,2475035.637770077,7.60866824545358e-12,8.235229480970814e-09,637967018.5040326,3.418665644861349,0.0013504561608437516,13711938.267512657,549638245881278.2,0.012024039505772025,13565201.333835762,4893807125312805.0,0.11910414227455458,12093311.087220797,4.847561419252514e+16,0.5487755741267378,6191139.963027374,2.233527105071351e+17,0.9310644889164967,945361.9573344551,3.7894503155931885e+17,0.9918398462103927,111896.7315294163,4.036807184659965e+17,0.9992600842762793,10146.047673421028,4.0670076958117466e+17,0.9999177329604458,1128.0805721213542,4.0696843385614496e+17,0.015558323868510178,13516613.988967335,0.12451050627197768,12019007.139219519,0.6122824518514332,5319329.7837466765,0.9342391505082417,901821.649907149
UGC05829,4,1396099267.2361841,4.722158388017613,0.8350113708464699,0.0,36.06960820721774,19928991.721227273,3165235.5899047214,10804455.324071225,2714687.267354579,8.726877420845238e-12,1.2336781270918212e-08,1396099267.2361841,4.722158388017613,0.00029525899920116344,6560539.794339882,575487296945799.4,0.0026509909201584466,6544887.134191355,5167028280247013.0,0.02867748615947746,6372025.5660252115,5.589509223349432e+16,0.20957336988546024,5174042.814716596,4.0847802259545984e+17,0.7454869129541055,1656442.842327337,1.4530234458734697e+18,0.9633786340984739,237843.3052984236,1.8777147100432305e+18,0.9965894044352555,22143.82783964003,1.942445595477075e+18,0.9996198819496204,2467.907096438836,1.948352278483911e+18,0.00654226168570934,6519033.9486301895,0.05591959949313695,6191229.085294839,0.3959656348440601,3945597.9293488874,0.8544834856231351,946055.2394949378
UGC05918,0,372328119.7123155,3.8126955478610385,0.7342260253334149,0.0,47.31510020560173,8152892.385096068,1603765.4231931642,8258377.341909621,2487463.0547920545,3.5701400986730105e-12,4.711634839638265e-09,372328119.7123155,3.8126955478610385,0.0005181167057748849,3070248.757939237,71825601196222.0,0.004643719573271993,3057520.97358782,643750619154601.0,0.049273872458240664,2919864.270493149,6830749661480334.0,0.31783348281127166,2092681.3612890132,4.406069275273939e+16,0.8378188820056742,496473.54605346353,1.1614534760774574e+17,0.9789330932602456,64454.97875474508,1.357077607623875e+17,0.9980667761019841,5914.3301991867065,1.3836022932379077e+17,0.9997848261534437,658.278999583328,1.3859839955929154e+17,0.0074790002388387365,3048774.2047679997,0.0634966478228484,2876007.425077932,0.4292870571922225,1749965.5898013853,0.8710960112186119,394552.8909195432
UGC05986,1,9208114045.398098,8.448734044525061,0.5937947213253496,0.0,89.5,41061757.9186747,3645080.8223703797,138474905.13253266,41459552.434890024,1.7980885990283707e-11,3.7912763645256e-08,9208114045.398098,8.448734044525061,0.000175123096360348,25664585.149616927,1.4848576009923336e+16,0.0015713474940984389,25587069.51477042,1.3323355507666896e+17,0.0168882152042618,24749964.233328324,1.4319410308759457e+18,0.12104112085866227,19709756.022701234,1.026299968850432e+19,0.5329387515039171,7810307.293424354,4.518753793649422e+19,0.9005848877568535,1466469.2700711275,7.636002010682666e+19,0.9899403012061347,145077.42086208845,8.393640880754745e+19,0.9988697516310057,16265.116320338808,8.469353123238004e+19,0.012179085615090257,25004733.259882476,0.09205326573300965,20999271.739734862,0.4578818427472292,9400716.691121703,0.8671092450104965,1978057.2170925443
UGC06399,2,3254176337.1486297,6.669832659109163,0.4288771150540865,0.0,75.23027711126451,23284200.706443917,2618229.185402884,45208556.14652141,11026477.108907664,1.0196118712371101e-11,2.3190998065485188e-08,3254176337.1486297,6.669832659109163,0.00030859401594499975,15982647.262152161,3267906828093825.5,0.0027702017430520955,15941533.757951278,2.9335504655186896e+16,0.029906072630369932,15488900.793614062,3.166952497474031e+17,0.21578008727611775,12417382.79254709,2.2850385430091569e+18,0.7491070547630437,3879762.14678165,7.932791735241267e+18,0.9637956164634266,554630.3764392745,1.0206271389556294e+19,0.9966258034862935,51617.069179719154,1.0553932027145409e+19,0.9996239124972698,5752.482968541285,1.0585680993107487e+19,0.013538609618959387,15761785.182702124,0.109519932880738,14167133.880840942,0.572403226746376,6663975.808289372,0.9222649306291726,1193011.208293568
UGC06446,3,4356458141.179828,8.313032940065364,0.7905915196266651,0.0,52.54083728411197,20066178.44527588,1810366.1975671877,34826161.98307167,11686631.537943514,8.786951294189483e-12,1.812166900441573e-08,4356458141.179828,8.313032940065364,0.00022013539625321342,15263128.370148966,4177889706486552.5,0.0019766497616331632,15227930.713013489,3.751429725984261e+16,0.02140833928389764,14843511.595289975,4.0630303826417024e+17,0.15983938703786044,12313881.590292592,3.033548176089147e+18,0.6633471167231474,4599329.489414536,1.2589484189981628e+19,0.9453709451458355,728305.2126990088,1.79419375882337e+19,0.9948070064250707,68975.12758522501,1.8880171125697987e+19,0.9994201280600068,7699.442136230752,1.896772230429718e+19,0.014921479229446189,14970853.24427724,0.11716086633660967,13060949.170630695,0.578701933818812,5806168.135317257,0.9229574163236913,1028901.5674078872
UGC06614,4,112664115606.64542,43.73004163176749,0.2949898891643329,0.7185306291713213,31.408065075486043,18753224.71185546,321630.5772660001,119827599.03269769,11747803.82673507,8.212010702559013e-12,1.4761638791462032e-07,112664115606.64542,43.73004163176749,0.001028811662709979,1844767429.866751,1.3058915227400534e+19,0.008988704265435452,1790854597.5483396,1.1409544745760257e+20,0.0751642842551267,1347774607.4326167,9.540755142981288e+20,0.22608592486454956,450439803.1444553,2.869754527410415e+21,0.41625292213537807,74638523.3736093,5.28358281729161e+21,0.6870975385028687,13689312.15730012,8.721468499520641e+21,0.9411153603957474,1687518.743743868,1.1945768264562423e+22,0.9926920696385855,197777.91151702937,1.2600441902239077e+22,0.2775076107073622,260208129.14226344,0.47388491781738745,49371501.95215902,0.7907446701291181,7414506.244316685,0.9640244555185451,1004364.8467812993
UGC06667,0,5057273859.881074,10.250036558407341,0.5463781145815063,0.0,89.01559572676055,15322011.028463598,1121118.7595152594,5360515.304947678,520438.3791211337,6.709487060693422e-12,2.474060535303447e-08,5057273859.881074,10.250036558407341,0.00013094598704889185,10539713.297998365,3349077038834516.5,0.0011769599654934838,10525816.262184609,3.0101950314750396e+16,0.012884652110235298,10370729.355426928,3.295381058118872e+17,0.10293950405992706,9206110.127976123,2.632782700758845e+18,0.5342154059100225,4299847.093109608,1.3663103314933225e+19,0.9053010220297052,809630.9559567068,2.3153996044041155e+19,0.990526103782697,79726.46877796284,2.533371434518443e+19,0.9989367825392268,8933.715112507774,2.5548826023971422e+19,0.013525976844206228,10362258.318883553,0.10747774296834656,9148750.905974345,0.5458340739440198,4181637.8503407435,0.909387939759499,774091.7801192686
UGC06786,1,87583600340.04774,13.13402905939259,0.1283431074321781,0.3474458307017618,67.0841277350101,161613254.35105175,9228694.425387116,364103072.21125275,50569871.140451774,7.077021657865677e-11,1.1345558892667909e-07,87583600340.04774,13.13402905939259,0.0005155833188031457,718690300.0370075,3.9549814026426957e+18,0.0045330772600042386,702091212.3047326,3.477272364373067e+19,0.040634931916319575,566425063.532232,3.117059729545996e+20,0.18247597732188206,282622097.05706906,1.3997526111054054e+21,0.6134710284001955,85513953.10624585,4.7058669664005023e+21,0.9245424405205984,14319480.689629281,7.09206063280135e+21,0.9924830288886552,1383458.1139464001,7.61322521218306e+21,0.9991566507802214,154751.19085615716,7.664417811917828e+21,0.061829229885262786,499621152.7888311,0.2518819315412276,226152548.15892568,0.7211688380030414,58275221.42311898,0.954240859603871,8567665.041962588
UGC06787,2,135529961810.38878,23.961766203282586,0.0846257010589517,0.5408890237266238,72.33600729896555,75135951.47958748,2351744.9895647005,183360294.21777928,17072653.0929031,3.29019273846412e-11,2.1113398558129133e-07,135529961810.38878,23.961766203282586,0.0012314684926295779,2656309970.455139,2.2620069591207862e+19,0.010697405267495807,2563842765.330612,1.964939038589714e+20,0.08570033437130348,1848578782.358731,1.5741754978474934e+21,0.25225046962392794,604567673.5849725,4.633430097041419e+21,0.5736727893796006,123742731.4891291,1.053743436881596e+22,0.8988246418572643,21542093.598423436,1.6509944079600136e+22,0.9893473459596951,2134048.2806055574,1.8172698651590004e+22,0.9987977889736819,239381.45945253535,1.8346287890716747e+22,0.21473986721322064,806734212.1832802,0.45901312402635186,191602154.52965465,0.8541104742179972,32087201.574525442,0.979712974967896,4089537.03061723
UGC06818,3,825404502.794854,4.49969652309631,0.6567000094715825,0.0,74.18037751427138,12976289.095380222,2162860.7110681944,61797425.93451685,22229289.904502463,5.6822987282499714e-12,7.170391608665372e-09,825404502.794854,4.49969652309631,0.0004789256940571651,6291513.063083307,326288528070609.0,0.004292145327121998,6264968.247179764,2924206820452228.0,0.04551876454380256,5979672.949193748,3.101159713685602e+16,0.29532005594274385,4310596.758095403,2.0119936674724787e+17,0.8173014283328321,1073666.0564757457,5.5682140956274394e+17,0.9755200804499113,142390.3866881167,6.646146053615802e+17,0.9977434857152951,13107.077469171629,6.79755246765324e+17,0.9997487409767756,1459.2688830453055,6.811214123225142e+17,0.009599153467462035,6228069.523235442,0.0796975155612129,5745433.345032569,0.4813925741286551,3123344.605131341,0.8902616913042399,641794.059828109
UGC06917,4,8869471082.385191,9.877943527016066,0.4255274974726913,0.0,56.624012759956855,28934419.35542543,2196895.989252984,75891145.42525741,13748395.910372717,1.2670341504993088e-11,4.795314096932903e-08,8869471082.385191,9.877943527016066,0.00016138947577268322,22782063.8479572,1.2696109374362202e+16,0.0014505033353583172,22750663.979238596,1.1410749620083605e+17,0.015868184850215683,22399849.72241852,1.2483107059266836e+18,0.12588757822864977,19745049.333048407,9.903263235799175e+18,0.6075962645867204,8576951.394954534,4.779808964440919e+19,0.931689616417291,1461324.2782250696,7.329370900028439e+19,0.9934182755828683,140232.92704620806,7.814974936194189e+19,0.9992641140118736,15673.126376355249,7.860962695757917e+19,0.015489548202922363,22409054.1664716,0.12322940367600303,19808729.127113756,0.6018181701040481,8706629.654752642,0.9301164430209194,1495132.178430219
UGC06930,0,10494166614.304747,10.348803564184994,0.4491750361066249,0.0,31.23365598487501,31190173.854194004,2260418.824800426,54127757.11141534,6869004.709570475,1.3658133224596514e-11,3.781206342949127e-08,10494166614.304747,10.348803564184994,8.322543589562595e-05,13900299.738714593,9165411932108312.0,0.0007485094111274518,13890658.760420246,8.243149482144643e+16,0.008251692075437538,13781963.646787697,9.087384907559693e+17,0.06949806135079828,12897284.127404401,7.653650039896991e+18,0.449556642992192,7508488.264283397,4.950856400447817e+19,0.8783747654561044,1630066.8968659588,9.673324590658388e+19,0.9876376028413574,164955.08332257287,1.0876609262862118e+20,0.998610525223024,18531.97546246366,1.099745134995332e+20,0.008831986713160092,13773560.053069735,0.07405226232652111,12831682.979225412,0.4664027244608662,7273591.031002079,0.8854832216436342,1534354.2015575971
UGC06983,1,11152113622.910088,11.74455848267258,0.5501586718969599,0.0,49.26382898603804,25735577.799244948,1643457.5533776423,49836856.82704663,7762750.284586703,1.1269573290524998e-11,3.34466320771889e-08,11152113622.910088,11.74455848267258,9.916814875065956e-05,17601493.646499492,1.2333506786864494e+16,0.000891724162895375,17585930.098827478,1.1090341156548029e+17,0.009809503939604069,17411025.96382837,1.2200044564618952e+18,0.08125198842456706,16023921.390507683,1.0105280408130722e+19,0.48509625098177955,8610041.31585115,6.033124525505986e+19,0.8910245109454655,1757213.2076079429,1.1081639610556334e+20,0.9890257047375419,175543.55786082722,1.2300476912636512e+20,0.9987676569246389,19696.963400224915,1.2421637219580399e+20,0.013474926354203965,17339250.77638561,0.10842916191432345,15502706.289738879,0.5632959526090953,7248373.406185582,0.9183840433563915,1313063.5554101977
UGC07089,2,1765619686.0869055,5.718380663144686,0.4859533865709496,0.0,79.41824465034685,17187043.067443106,2254184.018154124,53220808.810663,11774515.223598007,7.526181965172058e-12,1.5212405968168156e-08,1765619686.0869055,5.718380663144686,0.00025589064414447506,7190708.7997338055,797716788877723.1,0.002298156848116822,7175537.697263785,7164303749151678.0,0.024937097200825452,7007501.383307783,7.773922790136382e+16,0.18630641103743478,5817047.155578126,5.807940046303741e+17,0.7144190583500278,2007568.2824396852,2.2271391712870316e+18,0.9571671531545626,298856.40728443844,2.9838852076303053e+18,0.9959839523757207,27987.856276207596,3.104893197323476e+18,0.999552125125412,3120.902718234718,3.116016664996791e+18,0.008298086854692101,7130978.807448834,0.06990210010653809,6674502.250198831,0.4520012944897669,3884282.8574678292,0.8798748104178008,840135.9033671712
UGC07125,3,1735359510.7418218,6.29382000304293,0.8017496351252082,0.0,89.5,13944757.006119242,1661720.187347737,21208051.883213215,3137285.781540416,6.106389463058156e-12,1.0801260269681444e-08,1735359510.7418218,6.29382000304293,4.314716951083905e-05,1191686.1800441565,129936520109536.39,0.0003881530557016268,1191159.9750485988,1168912304087120.5,0.004291308866214722,1185221.076641974,1.2923159204013748e+16,0.037030158539874056,1136377.5725704578,1.1151530898375491e+17,0.28940028852538796,799297.6787268977,8.715210484488037e+17,0.7767599305955588,238371.26256148634,2.3391912722515277e+18,0.9744207812381831,26912.629303705904,2.934441514285167e+18,0.9970872451580166,3059.850748609529,3.0027009500331284e+18,0.0017055192935565794,1189152.6058947323,0.015088577231884413,1168925.2392593971,0.14190186684269573,989393.5259180405,0.5837115810637759,452206.4533106683
UGC07151,4,2402180927.8668466,4.712190901024835,0.4615033595477385,0.0,89.5,34435793.05205679,5480857.064476234,97373457.28625657,38949382.914502636,1.5079385302508782e-11,2.737809824507862e-08,2402180927.8668466,4.712190901024835,0.000696306062145313,26621101.56980812,4018015477714415.0,0.006227750770757277,26455413.922911365,3.5937068982502256e+16,0.06465541086241573,24718990.01285509,3.730923162765111e+17,0.3746478803425817,15914999.033590356,2.1618955567777892e+18,0.8630812056164068,3299723.165832769,4.980386975242828e+18,0.9824671082580876,417350.9019766533,5.669300128113055e+18,0.9983938563794326,38170.49096982101,5.761205001472994e+18,0.9998212585243812,4247.2292512714575,5.769441787310612e+18,0.015209097943306216,26186867.464207765,0.1206350519012239,23078687.122748207,0.5904610165284986,10166496.68524123,0.9260078423091542,1771545.2456855373
UGC07323,0,2115479687.3241718,3.948813481566695,0.2858912916910976,0.0,47.19497009735758,43184286.198877744,8202011.768939834,74740413.14842726,16535489.634607797,1.8910338136318755e-11,2.1620767169505574e-08,2115479687.3241718,3.948813481566695,0.0003286005647792793,11063621.173793709,1470571092969216.8,0.0029496505111209336,11034611.402262162,1.320043615545801e+16,0.03182468604899657,10715023.288457172,1.4242356332500797e+17,0.22829574791653795,8540519.812601333,1.0216815292431231e+18,0.7667321776392696,2581503.27917321,3.431321480664563e+18,0.9673008852441711,361866.239321937,4.3289174533193313e+18,0.9969668179547344,33566.78100691221,4.4616800464677263e+18,0.9996620685948892,3739.725238273791,4.47374197850482e+18,0.005099455540257588,11010817.375446817,0.044096058271348146,10579204.447957158,0.3388639125180128,7316798.090324667,0.8218352620369522,1971687.1757851907
UGC07399,1,6313503469.701884,9.865152372290773,0.5945859716084385,0.0,57.2219305869072,20649662.395639714,1569894.3323197262,39978312.93595494,12188510.041449677,9.042458094688175e-12,3.08893540675198e-08,6313503469.701884,9.865152372290773,0.000384159117470832,38601279.48635065,1.5312707682053604e+16,0.0034459013483281887,38472542.2877839,1.3735475132163246e+17,0.03689335630499489,37071377.27966992,1.4705812118363425e+18,0.2529235840279138,28238223.612561274,1.0081616528106551e+19,0.7835220257541772,7873027.431698279,3.1231443423271473e+19,0.9698702419958192,1082833.4919381917,3.8659344083723805e+19,0.9972071924343122,100201.90017715414,3.974900384174117e+19,0.9996888684802929,11161.251695697678,3.984792425811406e+19,0.035943482093159604,37111038.52737336,0.2479028091957926,28439496.204576693,0.7789330587007604,8042352.345486856,0.9690680610730991,1111718.238864259
UGC07524,2,4476074532.708398,9.24808351845266,0.626067228073092,0.0,47.10508754111924,16658809.062656421,1350994.1570124105,18787460.525636364,2714950.9430110357,7.294869038066698e-12,2.1663496357434185e-08,4476074532.708398,9.24808351845266,0.00012442352095557406,8863799.58876544,2492855504927420.0,0.0011186939463159557,8854952.169418069,2.24133053058227e+16,0.012290394441083355,8755546.568364436,2.4624104192585494e+17,0.10068111198520963,7969350.633645596,2.01717056652141e+18,0.5539350777446594,3946174.70764952,1.1098224012011536e+19,0.9177745598127187,726458.7295044734,1.838783652914285e+19,0.9919990867644561,70668.9621848751,1.9874942979685577e+19,0.9991046191814668,7908.35030817075,2.0017304049884754e+19,0.010530412174637337,8771206.2884178,0.08738687545191512,8087562.626308844,0.5150924252402133,4290413.180848669,0.9051835473784792,837737.7712464498
UGC07577,3,41374597.632791884,1.3156909723771246,0.5583966206642812,0.0,58.60349517226355,7608098.401427587,4336940.75650701,9093457.408667173,5051920.782592875,3.3315755801266608e-12,1.563466845464276e-09,41374597.632791884,1.3156909723771246,0.002972029699588814,1957073.1557556444,5087690824065.359,0.02609303699519769,1909132.3445278043,44667556623284.055,0.2273554328004982,1497129.098039031,389200063990119.8,0.7203296410008718,527038.9248326925,1233101575441680.0,0.9657955199601395,63597.361975371816,1653304139425137.5,0.9960739230252097,7287.909584223999,1705136445630833.5,0.9996453176808885,658.2636158651977,1711250163747892.2,0.9999605777530964,73.16346819239554,1711789844013129.5,0.005132917992857982,1952587.258806086,0.044278164807541376,1871514.6382800152,0.33608258005526476,1278474.6700330593,0.8160101248574049,344904.74035979714
UGC07603,4,739559890.8484225,4.076282793726096,0.6704558233439073,0.0,78.446283611579,14167553.637385085,2606704.6291275546,95561556.25482374,90152411.56115447,6.2039517942604565e-12,7.352401859287736e-09,739559890.8484225,4.076282793726096,0.0017272832456120201,20330920.48279172,944735553982745.2,0.01518456015273904,19858808.514968723,8305177442278322.0,0.1367310689177766,16093877.461941415,7.47848984634357e+16,0.549470466284856,7186134.247433714,3.0053222983636883e+17,0.926237230940633,1090223.9420369538,5.0660437175843206e+17,0.9911386365482244,129623.98776791646,5.4210211976050995e+17,0.9991949943386373,11760.9859461726,5.465085352453728e+17,0.9999104810303878,1307.711950504596,5.468998698558458e+17,0.027441993773931236,19439295.935447916,0.18735126088532922,14746161.320136825,0.6857127217812923,4857435.882836887,0.9492597064526013,747149.3226097585
UGC08286,0,2821813540.748574,4.782978461793557,0.6244488420258806,0.0,89.5,39262829.13293903,6156649.477920077,74131099.81016293,35300523.7191252,1.7193137607347528e-11,1.7606135324364635e-08,2821813540.748574,4.782978461793557,0.0005244623514653615,23553896.513074704,4176100523601608.0,0.004688669512287275,23396751.224873036,3.733414829596397e+16,0.04853379726675858,21796798.855318412,3.864567506357433e+17,0.29019635304451985,14480977.72887358,2.310726668006667e+18,0.7977558244522751,3582765.8704864145,6.352235783737491e+18,0.9717268709160589,484897.7262689689,7.737503146016231e+18,0.9973767944485381,44792.747726019756,7.941744039180518e+18,0.9997077366224313,4988.603515355385,7.960304473129081e+18,0.011782720583273698,23131147.249111947,0.09294337966898217,20273444.638784043,0.4926060010107732,9670552.62377319,0.8886436272863529,1938370.1610121797
UGC08490,1,2210803919.0741715,6.5963206342644805,0.6770143825604472,0.0,53.15068665615767,16173232.792824013,1838892.5079853323,161972002.7834083,120874628.94284204,7.0822358730488655e-12,1.0135090769088504e-08,2210803919.0741715,6.5963206342644805,0.0007424255219168107,26123012.02701833,3628719048581960.5,0.00657089808413946,25689318.264262132,3.2116276098169076e+16,0.062432833245456384,21967639.926239427,3.051500851827046e+17,0.31240079432187107,12213495.520063085,1.5269069821591224e+18,0.8064566949109266,2837601.526148528,3.941681265380362e+18,0.9731042261595813,380440.9054897988,4.756196732844195e+18,0.9975069724064214,35098.31743112867,4.875468912382148e+18,0.9997222647658448,3908.4738656089075,4.886296494874279e+18,0.02974146966651576,24050785.62586366,0.18135578812464506,16295052.109255293,0.6537541698298457,5286659.18896875,0.9406339511459998,845171.7702621167
UGC08550,2,964179861.540781,5.283332227021696,0.7693739775033157,0.0,89.5,10994926.786686981,1560794.3501716447,90242277.78377415,100269197.53752683,4.814662962420871e-12,9.760600984418254e-09,964179861.540781,5.283332227021696,0.0011204572495663626,17193863.668397803,1041625020818537.2,0.009805378762917741,16718605.604181195,9115499821176270.0,0.08764228055164618,13449057.730454937,8.147601556375629e+16,0.4121676636510137,7027641.438429886,3.8316870313202157e+17,0.8761916280680425,1344551.0220246166,8.14545243185869e+17,0.9843181553008827,167830.6103762765,9.150642913008526e+17,0.9985656181710104,15323.387937760699,9.283093426532818e+17,0.9998403952073273,1704.7722111273015,9.294944299535839e+17,0.02869059154434124,15772547.674838625,0.17990247050382455,10988969.399631472,0.67135709225985,3690761.038560054,0.9462592364516029,578002.8347784276
UGC08699,3,41837688356.839485,8.163400333916416,0.1406678900594392,0.3879620923083007,79.58284984173503,199836869.70231172,18359708.717706554,309840724.3572673,50136039.5400109,8.750828393389986e-11,7.678255726457651e-08,41837688356.839485,8.163400333916416,0.0018172410379976819,1210041730.4282038,3.180884478542091e+18,0.014815870914965628,1096156310.2700627,2.5933584397491188e+19,0.08493048323263208,565524477.755321,1.4866165259366285e+20,0.24142274750289638,178617287.93190548,4.2258448617531664e+20,0.6728516478376124,44803003.85291714,1.1777542539576198e+21,0.9394081476569641,6950237.180678629,1.6443326633160842e+21,0.9940312425677705,661893.0894174188,1.739944500787662e+21,0.9993310965399834,73935.78776492368,1.7492213236671007e+21,0.06773468359921334,676794357.037165,0.19811306951160804,219946086.9906458,0.5928854265188079,59240183.863819264,0.9130730697109031,10136981.336694863
UGC08837,4,527615418.235704,3.44649633989237,0.5377022936295248,0.0,65.68958292990948,14138780.826982738,3076772.6335575357,19685420.983424805,5722506.099832792,6.19135222108852e-12,8.240161325983981e-09,527615418.235704,3.44649633989237,0.0006597112200630688,5539766.762737846,183649109519804.94,0.005905891614807004,5510367.613560134,1644070470525118.0,0.061887582257010486,5196861.305175547,1.7228143202941278e+16,0.37174885664919083,3468524.303632435,1.0348671420519835e+17,0.8673597273067902,728344.5305374919,2.4145389180739517e+17,0.9832715757391501,91742.08061494051,2.7372120377665715e+17,0.9984709162405971,8384.420072196543,2.7795236623606205e+17,0.9998298680529795,932.8701715717618,2.7833066856386006e+17,0.007779832075791033,5499867.029516978,0.06587672040159444,5174536.174214256,0.4383261281542525,3098698.528356462,0.8748459287893997,687180.8246961929
UGC09037,0,37378785800.34867,20.238309607926173,0.4457383191725154,0.0,65.83282954389696,29048709.67587693,1076499.6029300382,274127094.1528241,32024193.242152344,1.2720389075433245e-11,7.113374242670699e-08,37378785800.34867,20.238309607926173,3.965131912689082e-05,23588643.210184377,5.539977739586969e+16,0.0003566639675040193,23575561.67287316,4.9832148942177555e+17,0.0039381298397194574,23428007.37782342,5.502251155334953e+18,0.03361897829881088,22222213.86166991,4.69715498763216e+19,0.2458070277321634,14623105.620205276,3.434350967019145e+20,0.685579298076134,4531693.273236762,9.578733151118905e+20,0.9555505577478229,568458.7971430126,1.3350700394183705e+21,0.9947822172091145,65755.30933784808,1.3898834793967683e+21,0.015795944849774358,22942590.79986294,0.11765199937150717,18986882.069607593,0.521591012229669,7575772.941903214,0.8904789152471406,1437070.193416889
UGC09133,1,104159284212.26477,9.658897603080437,0.1864783777220112,0.3336067374736092,62.87786738940525,355380005.7407043,27594764.460545097,423436045.8629004,30375613.046119116,1.556204042482996e-10,1.240949961640712e-07,104159284212.26477,9.658897603080437,0.00016122102765789,267263593.5410522,1.749112158153966e+18,0.0014349327508129217,264306082.04519245,1.556780996276801e+19,0.014211147945403197,235584806.9825973,1.541789679282758e+20,0.07312315728947678,134688508.56604147,7.933245763017523e+20,0.2887210043874853,47862623.30936387,3.132379357860151e+21,0.6904401715943891,12717497.495080523,7.490693466960759e+21,0.9495577472155221,1574126.0273696478,1.0301900593564899e+22,0.9938785664099654,183066.52333894523,1.0782744096664543e+22,0.01336233570018394,237435346.8920293,0.07009410163978852,138389123.57298642,0.2781688474688972,49427823.30519088,0.6783775208576438,13393433.736486347
UGC11455,2,237373508464.31516,19.73914714072291,0.0926795157805164,0.0,89.5,193921341.73927733,7368150.471121698,785836805.7094946,66259427.125589766,8.491788256612787e-11,2.5683372167948883e-07,237373508464.31516,19.73914714072291,4.164803903244838e-05,157342823.14568135,2.3467080089498373e+18,0.0003746964229232603,157285764.69484344,2.1112713035871797e+19,0.004146192840306194,156639712.68657267,2.3362213854573946e+20,0.036016735840673886,151186920.71615455,2.0294055714769462e+21,0.2876032611453596,108654116.99037986,1.6205345846032985e+22,0.7678745626364772,32232957.23822062,4.3266800259285605e+22,0.9717464139022817,3671177.0277095893,5.475420080153312e+22,0.9967490697233712,418403.88658426673,5.6163005009929435e+22,0.015946606797668118,154619369.31962413,0.1260930583590523,135845194.78331345,0.5988099831457779,58061017.68925165,0.9246373875214858,9961495.711692592
UGC11557,3,4915176516.5033,5.439969128562216,0.3364183988996926,0.0,23.326560222951414,52868425.436698355,7288886.782341652,143823121.05757698,26149658.37410491,2.315100907627605e-11,4.958162033767163e-08,4915176516.5033,5.439969128562216,0.00014690788421699755,11492231.205842001,3549141726158392.5,0.0013203067563867681,11476027.676877528,3.1897238364004344e+16,0.014438983707278074,11295250.76382702,3.488308325448781e+17,0.11437847963303573,9941709.315341694,2.7632651358625736e+18,0.5648545433645568,4418713.83868499,1.3646298425373006e+19,0.9152936393839891,795567.779020258,2.211254259456028e+19,0.9916040949842787,77570.67352073765,2.3956123853365236e+19,0.999058611644271,8683.757939275358,2.4136217224577647e+19,0.004325663869222225,11434551.886709765,0.03738587116832468,10980734.123603242,0.2901473841620926,7669817.672613333,0.7676088677458827,2254570.6771650906
UGC11820,4,3076560825.7289615,9.141216724857435,0.835221963481536,0.0,46.43844198241973,11719460.565328566,961534.5187140289,19083111.563165974,4587286.43345336,5.13193528416769e-12,1.4496925103029604e-08,3076560825.7289615,9.141216724857435,0.00012509808117385375,6125425.832555979,1184081674828583.8,0.0011245725235852126,6118297.580687312,1.0644333667615798e+16,0.012332641306067814,6038676.127641803,1.167312434829019e+17,0.09988112571498944,5434086.615153193,9.453974794066436e+17,0.5418089204324639,2652966.637365124,5.128344159421253e+18,0.9123380378897832,496362.43932000233,8.635486186339235e+18,0.9913926913720559,48543.52956459911,9.383756388567142e+18,0.999035900715251,5435.308800609098,9.45610109629754e+18,0.010329594713518853,6052863.89504553,0.0850101119147422,5534848.079105496,0.49780755952971567,2917018.0315154777,0.8969456945470264,583984.4275825067
UGC11914,0,39135815451.372055,3.908660332915686,0.0142035918327679,0.4430140931762194,44.80094723834516,815396141.3728026,156459516.54576626,1220501563.6664598,250102779.43984833,3.5706082248060825e-10,4.129783766674345e-07,39135815451.372055,3.908660332915686,0.0007359362115634427,458389532.56429225,1.1271687704301265e+18,0.006551911541933624,453440215.4727204,1.0034986674998843e+19,0.0651637043591947,405882459.8114502,9.980551488720137e+19,0.339682927152558,235085438.34064585,5.202624647607086e+20,0.8240742084785129,51328768.076279156,1.2621619886601137e+21,0.9758840455977585,6753831.596780747,1.4946757646589546e+21,0.9977688098129613,621476.1159336775,1.5281947332652124e+21,0.9997514764386912,69190.11680700176,1.531231409362383e+21,0.01102919579930811,449658184.8600477,0.08607949490205202,389938266.63585037,0.45134084633961863,184010792.27463,0.8642660364397057,39151066.17958344
UGC12506,1,234407390233.692,38.45975900516989,0.4158186448755677,0.0,86.45368371530819,50443859.79090243,983700.7776905516,194140292.4731572,13153136.346419863,2.2089295193023425e-11,2.1879728785782744e-07,234407390233.692,38.45975900516989,1.5395005161781393e-05,57434291.78324327,8.459066482815395e+17,0.00013852924848742362,57423597.924777634,7.611742318077764e+18,0.0015359623580857604,57302293.38368611,8.439625427605848e+19,0.013572683067540217,56261930.51221412,7.457758358115436e+20,0.12589048200934486,46966081.53407854,6.917282233294812e+21,0.5131404462278992,21270865.88923997,2.8195438092084966e+22,0.9084851003529935,3389293.981137269,4.991837145733016e+22,0.9886263740874144,409808.6434691111,5.432187996812905e+22,0.02201922414935021,55536732.78471373,0.1584920025905368,44416379.75920212,0.6220622338704151,15689610.053287389,0.9291779806413553,2603962.432014799
UGC12632,2,3096416984.250542,8.724585671200535,0.7802514274488,0.0,47.15743438433408,12948514.430680282,1113105.675042777,17753296.732600983,3668036.5150002036,5.670136241676037e-12,1.8961585949047764e-08,3096416984.250542,8.724585671200535,0.000132681709027485,6538688.21698832,1272125443072873.2,0.0011927482610038776,6531092.807846216,1.1435829558764902e+16,0.013080241652797007,6446074.790368173,1.2541071659408405e+17,0.1057818232810081,5792260.846810872,1.0142147685370341e+18,0.5601248273678141,2760351.5477735223,5.370363778203917e+18,0.9183624411432878,502864.73101196345,8.805073705365697e+18,0.9920364530919722,48888.55528166029,9.511445260119802e+18,0.9991085720891907,5470.786269633473,9.579251309489703e+18,0.009990558355918274,6468144.452108061,0.08275687746074664,5953214.566880654,0.4931916656139902,3193049.699646998,0.89552785691993,644208.6321335501
UGC12732,3,5840973991.674698,11.884161603394379,0.8622256785949333,0.0,42.78987209348968,13164316.105197065,830789.5338681515,31576922.800159402,7973970.404080657,5.7646354911646676e-12,2.1196297598397634e-08,5840973991.674698,11.884161603394379,7.354656670696582e-05,6837035.075529044,2509186537377890.0,0.0006613345536314412,6830997.228150625,2.2562735868915284e+16,0.007275863505307466,6763787.382319412,2.4823046911294454e+17,0.06062573110799591,6262098.341592481,2.0683666842121592e+18,0.4016315135824902,3733646.407645601,1.3702453180216783e+19,0.853110718199717,881187.4291654733,2.910555889751368e+19,0.9846168847767416,91531.94334684184,3.359215178052302e+19,0.9982656965426905,10311.196002985886,3.405780797995891e+19,0.010230963604701448,6734181.947652813,0.08297339228757589,6068266.468856495,0.48436101440607765,3188140.751337758,0.8910961824609849,651703.9903361535
UGCA442,4,547168241.7046994,3.2613313320454904,0.8431619273187783,0.0,57.48345283948615,16374994.551741306,3765715.4896013727,7437106.752045985,3151316.4203584683,7.1705870632603554e-12,4.215344963781766e-09,547168241.7046994,3.2613313320454904,0.0009345573226923006,8138548.5550694065,279799999698056.38,0.008348250079415087,8077815.973098666,2499408343375323.0,0.08550418286522166,7446091.60950586,2.559936106535488e+16,0.45646894103923874,4416820.373220709,1.366636443412711e+17,0.9030154039216234,786386.7236757452,2.7035656733899354e+17,0.9882026827310806,95619.07392912415,2.9586104952152954e+17,0.9989266661797825,8699.105959853976,2.990717360068322e+17,0.9998806262714759,967.4903862790757,2.993573450613938e+17,0.009851003202308452,8065506.188349353,0.08215177843336757,7473527.357012517,0.4980668773094876,4077921.201172832,0.8991241977793539,817952.9911097606
UGCA444,0,109111460.42905097,1.649177193576591,0.9283732011890308,0.0,70.82349960357008,12769851.749548575,5807374.034436427,1588339.5020704241,956831.0253436291,5.591900105110473e-12,2.196799847518508e-09,109111460.42905097,1.649177193576591,0.0037966133724737176,6593057.653125676,45199862175195.42,0.03315490754291664,6397286.665454196,394719478742907.8,0.27549631532245883,4784166.603093415,3279869257331264.0,0.7730233631354897,1491559.596922402,9203083391439552.0,0.9741967789524053,169175.39130242323,1.1598115430826072e+16,0.9970648689769499,19238.508756637475,1.1870367149901144e+16,0.9997351222004849,1736.102850585445,1.1902157344433914e+16,0.9999705621184873,192.9457451994626,1.1904960329831744e+16,0.01025847715140566,6549961.619979083,0.08527750459093171,6049894.951098034,0.5078762235223402,3242752.0407504397,0.9024338339167802,640219.2373830015
