system_label,variant_id,stage,image_id,source_family,source_redshift,observed_x_arcsec,observed_y_arcsec,linearized_delta_x_arcsec,linearized_delta_y_arcsec,linearized_radial_residual_arcsec,source_plane_closure_arcsec
RXJ2129,eta_000,training,1a,1,0.6786,-5.748113029341908,4.227443603999998,-0.022831834337566,0.6762797758088441,0.676665078031428,0.1857999568422199
RXJ2129,eta_000,training,1b,1,0.6786,-4.783674198960802,-0.969769187999997,-0.25216746768550186,0.5704248379673479,0.6236769416364483,0.1558744791595276
RXJ2129,eta_000,training,2a,2,0.916,-6.776271782658472,11.277998675999983,0.11578275729694575,0.6192761453133805,0.6300068182499953,0.29863840430756183
RXJ2129,eta_000,training,2b,2,0.916,-0.7772390574582798,-4.156659036000021,-0.18537789923400055,0.014370545193711445,0.1859340692115777,0.03829083061156016
RXJ2129,eta_000,training,3a,3,1.5194,-2.0174375536347493,8.154932903999962,-0.258871588021039,-0.4492997727497187,0.5185410156173602,0.1608851763844562
RXJ2129,eta_000,training,3b,3,1.5194,2.98907637506174,5.134105511999998,0.9694854623843533,0.6607374733943053,1.173233169716103,0.361682381284478
RXJ2129,eta_000,training,3c,3,1.5194,1.5634781039797112,3.965703875999982,-0.4312746441122601,-0.48146431742956103,0.6463789195294581,0.16939986746918748
RXJ2129,eta_000,training,4a,4,1.5202,-3.4189158540684597,10.495438775999993,-0.36682897149233745,0.03198778602800996,0.36822101078170416,0.09501647620390823
RXJ2129,eta_000,training,4b,4,1.5202,3.486595771864287,3.41780230799999,0.1352965166484399,0.41628946403458067,0.43772373168860745,0.13222921938387824
RXJ2129,eta_000,training,5a,5,1.521,5.239793645663579,14.528709863999984,0.22370394914201686,-0.05855908462608065,0.23124148255444685,0.05590932474685094
RXJ2129,eta_000,training,5b,5,1.521,13.2029839889991,1.9107456839999704,-0.2934025584031955,-0.1719007427487275,0.34005135881967113,0.13444333617368018
RXJ2129,eta_000,training,6a,6,3.0815,-9.90574798751465,17.874595907999986,0.592193098176052,-0.19030997991586604,0.6220213452791862,0.2763755089390559
RXJ2129,eta_000,training,6b,6,3.0815,0.8049590237318596,-5.299632900000001,-0.14126204059184427,-0.12431635468645263,0.18817417504721456,0.02234655884419255
RXJ2129,eta_000,training,7a,7,3.427,-10.01842785083087,10.257536087999991,-0.7409312003943421,-0.6880762646825269,1.0111518133976023,0.2622257679784772
RXJ2129,eta_000,training,7b,7,3.427,-7.485830922116288,-2.1700512000000174,0.858409970442132,-0.7337812760775206,1.1292929816820862,0.6169614255734482
RXJ2129,eta_000,heldout,1c,1,0.6786,0.456839445991538,-8.935221672000038,1.2025407670556307,-0.2722483605215473,1.232973424789608,0.4658375680241284
RXJ2129,eta_000,heldout,2c,2,0.916,0.24443970348725166,-5.292556488000027,0.33457110720483013,0.2879890372904073,0.44144706520229754,0.10826320505851958
RXJ2129,eta_000,heldout,3d,3,1.5194,7.381071049134713,-15.531179832000019,-0.007539367248867006,-0.11102416787270918,0.11127986300468201,0.05429736447330797
RXJ2129,eta_000,heldout,4c,4,1.5202,6.864471675477358,-13.912761239999998,-0.18754949732424356,0.4801428063487547,0.5154725292729324,0.23802592297154182
RXJ2129,eta_000,heldout,5c,5,1.521,13.970143058665721,-3.314626776000029,-0.7201484042681277,3.489873342222772,3.5634014184381573,0.299840764324609
RXJ2129,eta_000,heldout,6c,6,3.0815,1.7125179231929197,-6.634811124000012,1.4993405677866996,-5.017476020535616,5.236705811372342,0.16091259835393168
RXJ2129,eta_000,heldout,7c,7,3.427,3.7040355081620837,-19.321482528000033,-0.907362387783365,-0.024675283177901863,0.9076978419958038,0.29160004146877483
RXJ2129,local_vector_s200,training,1a,1,0.6786,-5.748113029341908,4.227443603999998,-0.017568583341369643,0.6724533555394506,0.6726828156693833,0.18509959226627581
RXJ2129,local_vector_s200,training,1b,1,0.6786,-4.783674198960802,-0.969769187999997,-0.25477309876291027,0.5665210208983534,0.621172599985679,0.15564286809803896
RXJ2129,local_vector_s200,training,2a,2,0.916,-6.776271782658472,11.277998675999983,0.13695450498297126,0.6093476978457434,0.6245487597498198,0.29535018904964677
RXJ2129,local_vector_s200,training,2b,2,0.916,-0.7772390574582798,-4.156659036000021,-0.19384904918676968,0.009015639957153165,0.1940585881491764,0.04050973435166206
RXJ2129,local_vector_s200,training,3a,3,1.5194,-2.0174375536347493,8.154932903999962,-0.2492320934378608,-0.45791648817291475,0.5213483926704232,0.1618313312324416
RXJ2129,local_vector_s200,training,3b,3,1.5194,2.98907637506174,5.134105511999998,0.9726068884100433,0.6512717580139321,1.1705208508049842,0.361969622583566
RXJ2129,local_vector_s200,training,3c,3,1.5194,1.5634781039797112,3.965703875999982,-0.4304525298686494,-0.4892919239701671,0.651687016391111,0.17131939438933366
RXJ2129,local_vector_s200,training,4a,4,1.5202,-3.4189158540684597,10.495438775999993,-0.3572923767146273,0.026139938702398495,0.35824731520801706,0.09278975957376123
RXJ2129,local_vector_s200,training,4b,4,1.5202,3.486595771864287,3.41780230799999,0.13469712132399841,0.4045856232554064,0.4264186218235991,0.12906183332899362
RXJ2129,local_vector_s200,training,5a,5,1.521,5.239793645663579,14.528709863999984,0.231503668291463,-0.06656410656441074,0.24088322630503345,0.057118676703395745
RXJ2129,local_vector_s200,training,5b,5,1.521,13.2029839889991,1.9107456839999704,-0.30430667749741147,-0.18104313702732683,0.35408921394785386,0.1401041298608767
RXJ2129,local_vector_s200,training,6a,6,3.0815,-9.90574798751465,17.874595907999986,0.6442130657933436,-0.19272557087041522,0.6724236906937369,0.2942459859156
RXJ2129,local_vector_s200,training,6b,6,3.0815,0.8049590237318596,-5.299632900000001,-0.15597990814490917,-0.13384464663056436,0.20553374705034438,0.024403039217228854
RXJ2129,local_vector_s200,training,7a,7,3.427,-10.01842785083087,10.257536087999991,-0.7121306378121691,-0.6861058633621105,0.9888737538486062,0.2584490312690162
RXJ2129,local_vector_s200,training,7b,7,3.427,-7.485830922116288,-2.1700512000000174,0.8414001280910045,-0.7402508647352984,1.1206808280205902,0.6183229787132795
RXJ2129,local_vector_s200,heldout,1c,1,0.6786,0.456839445991538,-8.935221672000038,1.1894184160868397,-0.25674100216215134,1.2168122742303977,0.46053419542093893
RXJ2129,local_vector_s200,heldout,2c,2,0.916,0.24443970348725166,-5.292556488000027,0.318392506859269,0.3059210269488176,0.4415444067741645,0.10595117783585997
RXJ2129,local_vector_s200,heldout,3d,3,1.5194,7.381071049134713,-15.531179832000019,-0.032493359456553975,-0.09509828079452143,0.10049627564664508,0.04504753751399587
RXJ2129,local_vector_s200,heldout,4c,4,1.5202,6.864471675477358,-13.912761239999998,-0.21565343692409178,0.4970360436738378,0.5418036854508416,0.2503877567969469
RXJ2129,local_vector_s200,heldout,5c,5,1.521,13.970143058665721,-3.314626776000029,-0.7433294086885611,3.475958926585083,3.5545504735659343,0.30567422618135
RXJ2129,local_vector_s200,heldout,6c,6,3.0815,1.7125179231929197,-6.634811124000012,1.4799064601731187,-4.954228459318522,5.170541824411027,0.16227735854524977
RXJ2129,local_vector_s200,heldout,7c,7,3.427,3.7040355081620837,-19.321482528000033,-0.9327700680651223,0.008718867827568096,0.9328108160470736,0.304954338345084
RXJ2129,network_parent,training,1a,1,0.6786,-5.748113029341908,4.227443603999998,-0.018070122934646837,0.6720553863771694,0.6722982758429771,0.18492721583737803
RXJ2129,network_parent,training,1b,1,0.6786,-4.783674198960802,-0.969769187999997,-0.2542361393815934,0.5665391971586037,0.6209691429409131,0.15559491057111555
RXJ2129,network_parent,training,2a,2,0.916,-6.776271782658472,11.277998675999983,0.13451257700553665,0.6088867237823513,0.62356769942892,0.2949711193780381
RXJ2129,network_parent,training,2b,2,0.916,-0.7772390574582798,-4.156659036000021,-0.192529420497008,0.009679007098054589,0.19277256271398666,0.04018561004847706
RXJ2129,network_parent,training,3a,3,1.5194,-2.0174375536347493,8.154932903999962,-0.25093574781253586,-0.45728405130014205,0.521610441904404,0.16194877077239653
RXJ2129,network_parent,training,3b,3,1.5194,2.98907637506174,5.134105511999998,0.9725082727472805,0.6525282991190825,1.1711385578628781,0.36217830958164154
RXJ2129,network_parent,training,3c,3,1.5194,1.5634781039797112,3.965703875999982,-0.4302281416664736,-0.4881982554340175,0.6507179039265828,0.1710698828357229
RXJ2129,network_parent,training,4a,4,1.5202,-3.4189158540684597,10.495438775999993,-0.35902815480114014,0.026323277939897825,0.359991848381894,0.09326667287298171
RXJ2129,network_parent,training,4b,4,1.5202,3.486595771864287,3.41780230799999,0.13547382018176093,0.40633765142276407,0.42832632760362493,0.12963615552751045
RXJ2129,network_parent,training,5a,5,1.521,5.239793645663579,14.528709863999984,0.22955566656971124,-0.06617162380994898,0.23890267443440197,0.05665744742094677
RXJ2129,network_parent,training,5b,5,1.521,13.2029839889991,1.9107456839999704,-0.30167328069901084,-0.17946269686932187,0.35101798793696354,0.1389288665129406
RXJ2129,network_parent,training,6a,6,3.0815,-9.90574798751465,17.874595907999986,0.6373202545000496,-0.1938243101941187,0.6661418542759747,0.29247508264238387
RXJ2129,network_parent,training,6b,6,3.0815,0.8049590237318596,-5.299632900000001,-0.15395123650107284,-0.13289562455411766,0.2033770642079344,0.024179139827323913
RXJ2129,network_parent,training,7a,7,3.427,-10.01842785083087,10.257536087999991,-0.7160161502155804,-0.6867979843551784,0.9921545235919033,0.2590863848439611
RXJ2129,network_parent,training,7b,7,3.427,-7.485830922116288,-2.1700512000000174,0.8438230095189948,-0.7403010541931395,1.1225341519228569,0.6188328578849523
RXJ2129,network_parent,heldout,1c,1,0.6786,0.456839445991538,-8.935221672000038,1.191163260925073,-0.256104730506084,1.2183839900315696,0.46124598899106156
RXJ2129,network_parent,heldout,2c,2,0.916,0.24443970348725166,-5.292556488000027,0.3198509051316745,0.30702476335206436,0.44336080885092066,0.106387203732869
RXJ2129,network_parent,heldout,3d,3,1.5194,7.381071049134713,-15.531179832000019,-0.027284155061758682,-0.09281038816489322,0.09673775513599767,0.04403961012440456
RXJ2129,network_parent,heldout,4c,4,1.5202,6.864471675477358,-13.912761239999998,-0.21025372343650345,0.4993878625647784,0.5418439493949634,0.25028615958196176
RXJ2129,network_parent,heldout,5c,5,1.521,13.970143058665721,-3.314626776000029,-0.740283100187708,3.487244838986355,3.564953805515647,0.30493599633283386
RXJ2129,network_parent,heldout,6c,6,3.0815,1.7125179231929197,-6.634811124000012,1.4775739199536804,-4.947951947665492,5.163860296845183,0.1623699017284981
RXJ2129,network_parent,heldout,7c,7,3.427,3.7040355081620837,-19.321482528000033,-0.9251551844414538,0.010592628759060477,0.9252158229747953,0.3028014371726027
RXJ2129,network_hop_080,training,1a,1,0.6786,-5.748113029341908,4.227443603999998,-0.018087725812322476,0.6719894684069925,0.6722328550993131,0.18490308306508796
RXJ2129,network_hop_080,training,1b,1,0.6786,-4.783674198960802,-0.969769187999997,-0.25419798260758825,0.5665168405832645,0.6209331244395097,0.15558739319120057
RXJ2129,network_hop_080,training,2a,2,0.916,-6.776271782658472,11.277998675999983,0.13442493030239586,0.6087216218628917,0.6233875799293673,0.29488313508819436
RXJ2129,network_hop_080,training,2b,2,0.916,-0.7772390574582798,-4.156659036000021,-0.19244822426486133,0.009695560542664095,0.19269230113560537,0.040167366490740625
RXJ2129,network_hop_080,training,3a,3,1.5194,-2.0174375536347493,8.154932903999962,-0.2509846059869318,-0.4573465743830261,0.521688759263897,0.16197174545409404
RXJ2129,network_hop_080,training,3b,3,1.5194,2.98907637506174,5.134105511999998,0.9725466853468848,0.6525285262216909,1.1711705822433658,0.36219204867761196
RXJ2129,network_hop_080,training,3c,3,1.5194,1.5634781039797112,3.965703875999982,-0.43018677017189816,-0.48819324259921026,0.6506867905148074,0.17106261924682256
RXJ2129,network_hop_080,training,4a,4,1.5202,-3.4189158540684597,10.495438775999993,-0.3590895129154388,0.02624219868720136,0.3600471236904769,0.09328937663743214
RXJ2129,network_hop_080,training,4b,4,1.5202,3.486595771864287,3.41780230799999,0.1355594684659046,0.4063532290261346,0.42836820170354006,0.12964826555468004
RXJ2129,network_hop_080,training,5a,5,1.521,5.239793645663579,14.528709863999984,0.22953703986274496,-0.06630026593077372,0.23892044268216708,0.056639517842890286
RXJ2129,network_hop_080,training,5b,5,1.521,13.2029839889991,1.9107456839999704,-0.3016471861323908,-0.1794971071504347,0.35101315698555213,0.13892451853815016
RXJ2129,network_hop_080,training,6a,6,3.0815,-9.90574798751465,17.874595907999986,0.637035315840187,-0.19415288751787224,0.6659649670659369,0.2925173269053034
RXJ2129,network_hop_080,training,6b,6,3.0815,0.8049590237318596,-5.299632900000001,-0.1538256957884478,-0.1329121826421521,0.2032928748862116,0.02417346690668324
RXJ2129,network_hop_080,training,7a,7,3.427,-10.01842785083087,10.257536087999991,-0.7162160253090255,-0.6868893106370998,0.9923619903931069,0.2591310932609325
RXJ2129,network_hop_080,training,7b,7,3.427,-7.485830922116288,-2.1700512000000174,0.8439934598374809,-0.7404385399456018,1.122752952205077,0.6189514151681988
RXJ2129,network_hop_080,heldout,1c,1,0.6786,0.456839445991538,-8.935221672000038,1.1912853100094754,-0.25609027197310674,1.2185002737971098,0.4612971141506919
RXJ2129,network_hop_080,heldout,2c,2,0.916,0.24443970348725166,-5.292556488000027,0.31994896610896256,0.30704906486513994,0.443448383860795,0.10641258914502483
RXJ2129,network_hop_080,heldout,3d,3,1.5194,7.381071049134713,-15.531179832000019,-0.027036297336716884,-0.09276871598052447,0.09662813274794552,0.04402639320828646
RXJ2129,network_hop_080,heldout,4c,4,1.5202,6.864471675477358,-13.912761239999998,-0.20999883911471215,0.4994530274399017,0.541805167055843,0.25026460959090563
RXJ2129,network_hop_080,heldout,5c,5,1.521,13.970143058665721,-3.314626776000029,-0.7402676310438924,3.4871893758196864,3.5648963390821096,0.30493338153577626
RXJ2129,network_hop_080,heldout,6c,6,3.0815,1.7125179231929197,-6.634811124000012,1.4776233573794975,-4.94847666192767,5.164377218979678,0.1623799151104232
RXJ2129,network_hop_080,heldout,7c,7,3.427,3.7040355081620837,-19.321482528000033,-0.9248022356965382,0.010654326828409359,0.924863606068204,0.3026973397700587
RXJ2129,network_hop_090,training,1a,1,0.6786,-5.748113029341908,4.227443603999998,-0.018072256884595482,0.672011405348802,0.6722543680689436,0.1849120107552309
RXJ2129,network_hop_090,training,1b,1,0.6786,-4.783674198960802,-0.969769187999997,-0.2542182276101523,0.5665203600522043,0.6209446236202761,0.15559012181400678
RXJ2129,network_hop_090,training,2a,2,0.916,-6.776271782658472,11.277998675999983,0.13449357714766083,0.6087725256746148,0.6234520914314293,0.2949132701040181
RXJ2129,network_hop_090,training,2b,2,0.916,-0.7772390574582798,-4.156659036000021,-0.19249443052368526,0.009679827039573097,0.19273765805922294,0.040178307271093214
RXJ2129,network_hop_090,training,3a,3,1.5194,-2.0174375536347493,8.154932903999962,-0.25095049445207823,-0.4573336833128566,0.5216610475761505,0.16196324080791644
RXJ2129,network_hop_090,training,3b,3,1.5194,2.98907637506174,5.134105511999998,0.972535786355774,0.652513955462047,1.1711534134413688,0.36218555026720767
RXJ2129,network_hop_090,training,3c,3,1.5194,1.5634781039797112,3.965703875999982,-0.43020236963685593,-0.488207027240451,0.6507074460063635,0.17106785678345776
RXJ2129,network_hop_090,training,4a,4,1.5202,-3.4189158540684597,10.495438775999993,-0.35905028921338916,0.0262667203669574,0.36000979262105404,0.09327641886442145
RXJ2129,network_hop_090,training,4b,4,1.5202,3.486595771864287,3.41780230799999,0.13552434785657436,0.40632991112672695,0.4283349688482177,0.1296385028393575
RXJ2129,network_hop_090,training,5a,5,1.521,5.239793645663579,14.528709863999984,0.2295347343944274,-0.0662388356660365,0.2389011880336984,0.05664493573358244
RXJ2129,network_hop_090,training,5b,5,1.521,13.2029839889991,1.9107456839999704,-0.30164765291091733,-0.17947319678534585,0.3510013317225687,0.1389216485812203
RXJ2129,network_hop_090,training,6a,6,3.0815,-9.90574798751465,17.874595907999986,0.6372469804227459,-0.1940286419628997,0.6661312392913836,0.2925339201998335
RXJ2129,network_hop_090,training,6b,6,3.0815,0.8049590237318596,-5.299632900000001,-0.15390508865718117,-0.13292350378983836,0.20336035546374806,0.024179694946193913
RXJ2129,network_hop_090,training,7a,7,3.427,-10.01842785083087,10.257536087999991,-0.7160811887368695,-0.6868499562271065,0.9922374369232327,0.25910517297589836
RXJ2129,network_hop_090,training,7b,7,3.427,-7.485830922116288,-2.1700512000000174,0.8438965317272369,-0.7403967711136735,1.1226525441724224,0.6189072618216971
RXJ2129,network_hop_090,heldout,1c,1,0.6786,0.456839445991538,-8.935221672000038,1.1912198817527344,-0.2560820712860919,1.218434583355698,0.46127075639977416
RXJ2129,network_hop_090,heldout,2c,2,0.916,0.24443970348725166,-5.292556488000027,0.3198905713052535,0.30704965520715566,0.4434066625264382,0.10639885308054642
RXJ2129,network_hop_090,heldout,3d,3,1.5194,7.381071049134713,-15.531179832000019,-0.027128644225876603,-0.09277524294637499,0.096660276439151,0.044026879517015165
RXJ2129,network_hop_090,heldout,4c,4,1.5202,6.864471675477358,-13.912761239999998,-0.21010143867875722,0.49943823008126237,0.541831302345654,0.2502782817011221
RXJ2129,network_hop_090,heldout,5c,5,1.521,13.970143058665721,-3.314626776000029,-0.7402421502783346,3.4871771924747823,3.5648791301760845,0.30492738363793137
RXJ2129,network_hop_090,heldout,6c,6,3.0815,1.7125179231929197,-6.634811124000012,1.4775833473720905,-4.948282250805557,5.164179487785898,0.16237683942793876
RXJ2129,network_hop_090,heldout,7c,7,3.427,3.7040355081620837,-19.321482528000033,-0.9249425624225464,0.010667729114350445,0.9250040779506019,0.3027468714057556
RXJ2129,network_hop_110,training,1a,1,0.6786,-5.748113029341908,4.227443603999998,-0.018042017133126653,0.6720401823927767,0.672282322490149,0.18492377024601614
RXJ2129,network_hop_110,training,1b,1,0.6786,-4.783674198960802,-0.969769187999997,-0.25425788682564426,0.566519874008829,0.6209604179495031,0.1555939490191816
RXJ2129,network_hop_110,training,2a,2,0.916,-6.776271782658472,11.277998675999983,0.13459233262929832,0.6087896123739183,0.6234900866388986,0.2949267304393367
RXJ2129,network_hop_110,training,2b,2,0.916,-0.7772390574582798,-4.156659036000021,-0.19255623790257664,0.009648162580703107,0.19279780028925997,0.04019431842236339
RXJ2129,network_hop_110,training,3a,3,1.5194,-2.0174375536347493,8.154932903999962,-0.2508955731670261,-0.45737398219229675,0.5216699610110304,0.1619618210279389
RXJ2129,network_hop_110,training,3b,3,1.5194,2.98907637506174,5.134105511999998,0.972548645725789,0.652462576176079,1.1711354668070606,0.36217134678775964
RXJ2129,network_hop_110,training,3c,3,1.5194,1.5634781039797112,3.965703875999982,-0.4302036898495315,-0.4882508253389496,0.6507411798897603,0.17107364701183944
RXJ2129,network_hop_110,training,4a,4,1.5202,-3.4189158540684597,10.495438775999993,-0.35899879511322463,0.026241359226661456,0.35995658603060693,0.09326254143268294
RXJ2129,network_hop_110,training,4b,4,1.5202,3.486595771864287,3.41780230799999,0.13551433762946805,0.4062664698072868,0.4282716196443894,0.1296185989461337
RXJ2129,network_hop_110,training,5a,5,1.521,5.239793645663579,14.528709863999984,0.22956785904386928,-0.06636243148389039,0.23896730784448295,0.05663807772236628
RXJ2129,network_hop_110,training,5b,5,1.521,13.2029839889991,1.9107456839999704,-0.30169989094721095,-0.17954514413238376,0.35108301436993133,0.13894716941186566
RXJ2129,network_hop_110,training,6a,6,3.0815,-9.90574798751465,17.874595907999986,0.6374424140328571,-0.19397386273462525,0.6663022517088079,0.2925757135712509
RXJ2129,network_hop_110,training,6b,6,3.0815,0.8049590237318596,-5.299632900000001,-0.15397161952341037,-0.13295407921120392,0.20343069286015059,0.024187600206255627
RXJ2129,network_hop_110,training,7a,7,3.427,-10.01842785083087,10.257536087999991,-0.7158412776917015,-0.6867856236435371,0.9920197718244984,0.25905885706255966
RXJ2129,network_hop_110,training,7b,7,3.427,-7.485830922116288,-2.1700512000000174,0.8437609990311288,-0.7403534167587543,1.122522073365317,0.6188552420341331
RXJ2129,network_hop_110,heldout,1c,1,0.6786,0.456839445991538,-8.935221672000038,1.1910871182523541,-0.25611066957818013,1.2183107971033011,0.4612202871548384
RXJ2129,network_hop_110,heldout,2c,2,0.916,0.24443970348725166,-5.292556488000027,0.319800726549365,0.3070170117493653,0.4433192418619021,0.10637721877540815
RXJ2129,network_hop_110,heldout,3d,3,1.5194,7.381071049134713,-15.531179832000019,-0.027411129079739926,-0.09283895132061429,0.0968010375963892,0.04405079332274671
RXJ2129,network_hop_110,heldout,4c,4,1.5202,6.864471675477358,-13.912761239999998,-0.21037879247411842,0.4993789552449607,0.5418842840168153,0.25030921042696996
RXJ2129,network_hop_110,heldout,5c,5,1.521,13.970143058665721,-3.314626776000029,-0.7402966491235234,3.48792734708254,3.565624252109266,0.30495564271773984
RXJ2129,network_hop_110,heldout,6c,6,3.0815,1.7125179231929197,-6.634811124000012,1.477800439039178,-4.9485094681223645,5.164459322496507,0.16237366261598032
RXJ2129,network_hop_110,heldout,7c,7,3.427,3.7040355081620837,-19.321482528000033,-0.9253432730058517,0.010571335224655788,0.9254036557230657,0.30286682523880126
RXJ2129,network_hop_120,training,1a,1,0.6786,-5.748113029341908,4.227443603999998,-0.018101322353475335,0.6720959476320154,0.6723396616995916,0.18493638489734243
RXJ2129,network_hop_120,training,1b,1,0.6786,-4.783674198960802,-0.969769187999997,-0.2542325103691884,0.5665696423262895,0.620995433907818,0.1555982118719873
RXJ2129,network_hop_120,training,2a,2,0.916,-6.776271782658472,11.277998675999983,0.13435074707004746,0.6089503878566703,0.6235949792205427,0.2949878436885095
RXJ2129,network_hop_120,training,2b,2,0.916,-0.7772390574582798,-4.156659036000021,-0.19246953892401955,0.009713988204310848,0.19271451678702922,0.040170891344483005
RXJ2129,network_hop_120,training,3a,3,1.5194,-2.0174375536347493,8.154932903999962,-0.25100861541507374,-0.4572378325573784,0.5216049851509872,0.16194293787677577
RXJ2129,network_hop_120,training,3b,3,1.5194,2.98907637506174,5.134105511999998,0.9724926365016264,0.6525899230833272,1.1711599104135129,0.36216471370988446
RXJ2129,network_hop_120,training,3c,3,1.5194,1.5634781039797112,3.965703875999982,-0.43023017757904464,-0.4881476857402974,0.6506813112371558,0.1710517032789846
RXJ2129,network_hop_120,training,4a,4,1.5202,-3.4189158540684597,10.495438775999993,-0.359104251039207,0.026348275043283142,0.36006956926708805,0.09328436290812549
RXJ2129,network_hop_120,training,4b,4,1.5202,3.486595771864287,3.41780230799999,0.13549129596296378,0.40641780353794366,0.4284078924510262,0.12965717986662542
RXJ2129,network_hop_120,training,5a,5,1.521,5.239793645663579,14.528709863999984,0.22947266937512492,-0.06616673266096276,0.2388215704269041,0.05663279729754772
RXJ2129,network_hop_120,training,5b,5,1.521,13.2029839889991,1.9107456839999704,-0.3015669800493254,-0.17939539976832092,0.35089222407187354,0.1388719187073716
RXJ2129,network_hop_120,training,6a,6,3.0815,-9.90574798751465,17.874595907999986,0.6368826092943872,-0.19383384122170902,0.6657259316147973,0.2923365753728388
RXJ2129,network_hop_120,training,6b,6,3.0815,0.8049590237318596,-5.299632900000001,-0.1538298796945755,-0.13282774660941912,0.20324084765662545,0.02416389230433534
RXJ2129,network_hop_120,training,7a,7,3.427,-10.01842785083087,10.257536087999991,-0.716121903651495,-0.6867830638109224,0.9922205186484295,0.2590925095703311
RXJ2129,network_hop_120,training,7b,7,3.427,-7.485830922116288,-2.1700512000000174,0.8439093301230183,-0.740237283717355,1.1225569890539764,0.6188054492798137
RXJ2129,network_hop_120,heldout,1c,1,0.6786,0.456839445991538,-8.935221672000038,1.1912238586856692,-0.2562567337690978,1.2184751926502162,0.46127515256292523
RXJ2129,network_hop_120,heldout,2c,2,0.916,0.24443970348725166,-5.292556488000027,0.3199652504909949,0.3068512541332404,0.4433231932630049,0.1064020165590626
RXJ2129,network_hop_120,heldout,3d,3,1.5194,7.381071049134713,-15.531179832000019,-0.027108502303594635,-0.09294561997485136,0.09681817582279416,0.044110267809371974
RXJ2129,network_hop_120,heldout,4c,4,1.5202,6.864471675477358,-13.912761239999998,-0.21004453850435406,0.49925249818359907,0.5416380388211962,0.250190941549623
RXJ2129,network_hop_120,heldout,5c,5,1.521,13.970143058665721,-3.314626776000029,-0.7399633806245346,3.4882595984524434,3.5658800920475286,0.3048730553212185
RXJ2129,network_hop_120,heldout,6c,6,3.0815,1.7125179231929197,-6.634811124000012,1.4778900985463113,-4.948703519651482,5.16467091582728,0.16235798009339678
RXJ2129,network_hop_120,heldout,7c,7,3.427,3.7040355081620837,-19.321482528000033,-0.9250088882184887,0.010279938578201132,0.925066008682827,0.30271011587754865
RXJ2129,network_soft_100,training,1a,1,0.6786,-5.748113029341908,4.227443603999998,-0.018027857220789874,0.6720230075132486,0.6722647739270035,0.18492090556375254
RXJ2129,network_soft_100,training,1b,1,0.6786,-4.783674198960802,-0.969769187999997,-0.2542589846074286,0.5665062965650415,0.6209484803922458,0.15559295976696838
RXJ2129,network_soft_100,training,2a,2,0.916,-6.776271782658472,11.277998675999983,0.13468134613375288,0.6087790683074917,0.6234990128346134,0.29493105970171746
RXJ2129,network_soft_100,training,2b,2,0.916,-0.7772390574582798,-4.156659036000021,-0.19259436367127325,0.00963257427213523,0.1928350989966579,0.04020307097551274
RXJ2129,network_soft_100,training,3a,3,1.5194,-2.0174375536347493,8.154932903999962,-0.25086406836891056,-0.4573891520463426,0.5216681102082757,0.16196649715118927
RXJ2129,network_soft_100,training,3b,3,1.5194,2.98907637506174,5.134105511999998,0.9725533979974654,0.6524396009396025,1.1711266134925993,0.36218721147200855
RXJ2129,network_soft_100,training,3c,3,1.5194,1.5634781039797112,3.965703875999982,-0.4302035967862548,-0.4882696406730252,0.6507552356230379,0.17108549223811123
RXJ2129,network_soft_100,training,4a,4,1.5202,-3.4189158540684597,10.495438775999993,-0.35896452910573967,0.026235777093525158,0.35992200426732257,0.09325614864472302
RXJ2129,network_soft_100,training,4b,4,1.5202,3.486595771864287,3.41780230799999,0.1355013733070013,0.40623362772843646,0.4282363628482397,0.1296117769458315
RXJ2129,network_soft_100,training,5a,5,1.521,5.239793645663579,14.528709863999984,0.22966794943503055,-0.06643814377947732,0.2390844912296786,0.05665981128222353
RXJ2129,network_soft_100,training,5b,5,1.521,13.2029839889991,1.9107456839999704,-0.30182336330360426,-0.1796511265631894,0.3512433200949487,0.1390143010748152
RXJ2129,network_soft_100,training,6a,6,3.0815,-9.90574798751465,17.874595907999986,0.637643172076153,-0.19390813602454737,0.6664751909200017,0.2926181460960989
RXJ2129,network_soft_100,training,6b,6,3.0815,0.8049590237318596,-5.299632900000001,-0.1540273371896995,-0.13297659387868394,0.20348757977165544,0.024193632779223526
RXJ2129,network_soft_100,training,7a,7,3.427,-10.01842785083087,10.257536087999991,-0.7158476537463403,-0.686787361717871,0.9920255760763097,0.2590656060961192
RXJ2129,network_soft_100,training,7b,7,3.427,-7.485830922116288,-2.1700512000000174,0.8437241777348882,-0.7403495056805831,1.1224918167433993,0.618849034210846
RXJ2129,network_soft_100,heldout,1c,1,0.6786,0.456839445991538,-8.935221672000038,1.1910130907906968,-0.25597783240890515,1.2182105044365568,0.46118296128885733
RXJ2129,network_soft_100,heldout,2c,2,0.916,0.24443970348725166,-5.292556488000027,0.3196941081033107,0.3072061672372589,0.4433733775776101,0.10636610193250308
RXJ2129,network_soft_100,heldout,3d,3,1.5194,7.381071049134713,-15.531179832000019,-0.02773566025022303,-0.09266869191401118,0.09673031226337339,0.04395999622566355
RXJ2129,network_soft_100,heldout,4c,4,1.5202,6.864471675477358,-13.912761239999998,-0.21071198087022444,0.49954702568891757,0.5421685805696397,0.2504406578344579
RXJ2129,network_soft_100,heldout,5c,5,1.521,13.970143058665721,-3.314626776000029,-0.7407331922603705,3.4876798010678933,3.565472767655535,0.3050520128176639
RXJ2129,network_soft_100,heldout,6c,6,3.0815,1.7125179231929197,-6.634811124000012,1.4775568651833173,-4.947416963606107,5.16334280303253,0.16238583670126513
RXJ2129,network_soft_100,heldout,7c,7,3.427,3.7040355081620837,-19.321482528000033,-0.925678280805749,0.010834396129464244,0.9257416830277101,0.30300753874721525
RXJ2129,network_soft_300,training,1a,1,0.6786,-5.748113029341908,4.227443603999998,-0.018085732694174694,0.6720667374947042,0.6723100425948291,0.18492937379573943
RXJ2129,network_soft_300,training,1b,1,0.6786,-4.783674198960802,-0.969769187999997,-0.2542272638150882,0.5665511177205497,0.6209763849433492,0.15559556164109378
RXJ2129,network_soft_300,training,2a,2,0.916,-6.776271782658472,11.277998675999983,0.13445074777651025,0.6089264918310839,0.6235931975505938,0.2949860126356548
RXJ2129,network_soft_300,training,2b,2,0.916,-0.7772390574582798,-4.156659036000021,-0.19250537373427973,0.009696178667727299,0.19274940933069343,0.04017913343908805
RXJ2129,network_soft_300,training,3a,3,1.5194,-2.0174375536347493,8.154932903999962,-0.25096080158232414,-0.45724497648631696,0.5215882403321754,0.16194197939685598
RXJ2129,network_soft_300,training,3b,3,1.5194,2.98907637506174,5.134105511999998,0.9724912300092097,0.6525604029544383,1.171142293638516,0.36217482364052567
RXJ2129,network_soft_300,training,3c,3,1.5194,1.5634781039797112,3.965703875999982,-0.43023777397829277,-0.48817255030693174,0.6507049877102299,0.17106435018667437
RXJ2129,network_soft_300,training,4a,4,1.5202,-3.4189158540684597,10.495438775999993,-0.35905008148389395,0.02635629793501739,0.3600161322141416,0.0932700946045627
RXJ2129,network_soft_300,training,4b,4,1.5202,3.486595771864287,3.41780230799999,0.13546229595186465,0.40637488039589176,0.42835800102405686,0.1296446790453254
RXJ2129,network_soft_300,training,5a,5,1.521,5.239793645663579,14.528709863999984,0.22951600312608547,-0.0660688794565546,0.23883612064262394,0.056657564764167306
RXJ2129,network_soft_300,training,5b,5,1.521,13.2029839889991,1.9107456839999704,-0.3016201760245499,-0.1793926502432845,0.3509365377762621,0.13889808657609157
RXJ2129,network_soft_300,training,6a,6,3.0815,-9.90574798751465,17.874595907999986,0.6372038187522274,-0.19379383001546785,0.6660215876264715,0.2924233569584549
RXJ2129,network_soft_300,training,6b,6,3.0815,0.8049590237318596,-5.299632900000001,-0.15392368626664554,-0.13286590689524191,0.2033367905938515,0.024173824270274348
RXJ2129,network_soft_300,training,7a,7,3.427,-10.01842785083087,10.257536087999991,-0.7160781310466143,-0.6868025075915628,0.9922023857042831,0.2590944089925004
RXJ2129,network_soft_300,training,7b,7,3.427,-7.485830922116288,-2.1700512000000174,0.8438588653300884,-0.7402849084076188,1.1225504577578065,0.6188278503678663
RXJ2129,network_soft_300,heldout,1c,1,0.6786,0.456839445991538,-8.935221672000038,1.1912216470802313,-0.2561515662204875,1.2184509170868343,0.46127047743473165
RXJ2129,network_soft_300,heldout,2c,2,0.916,0.24443970348725166,-5.292556488000027,0.31991020036581197,0.30695609815543956,0.4433560448363209,0.10639512798679579
RXJ2129,network_soft_300,heldout,3d,3,1.5194,7.381071049134713,-15.531179832000019,-0.027108634915036664,-0.09286979986504137,0.09674542787093136,0.044072894352541025
RXJ2129,network_soft_300,heldout,4c,4,1.5202,6.864471675477358,-13.912761239999998,-0.2100767664951547,0.4993219862646026,0.5417145870181896,0.25022488484149613
RXJ2129,network_soft_300,heldout,5c,5,1.521,13.970143058665721,-3.314626776000029,-0.740112992929125,3.487019162114611,3.5646977262114374,0.3048918668290607
RXJ2129,network_soft_300,heldout,6c,6,3.0815,1.7125179231929197,-6.634811124000012,1.4775776107671728,-4.948166330107591,5.164066772055803,0.16236384350928293
RXJ2129,network_soft_300,heldout,7c,7,3.427,3.7040355081620837,-19.321482528000033,-0.9249444944042525,0.010497666298301483,0.9250040641675304,0.3027188322902327
RXJ2129,network_power_150,training,1a,1,0.6786,-5.748113029341908,4.227443603999998,-0.018077916560964254,0.6720601676296549,0.6723032648898747,0.18492802404479122
RXJ2129,network_power_150,training,1b,1,0.6786,-4.783674198960802,-0.969769187999997,-0.2542313205382257,0.5665447463893512,0.6209722328767884,0.15559515276835117
RXJ2129,network_power_150,training,2a,2,0.916,-6.776271782658472,11.277998675999983,0.13448111389213482,0.6089054999513989,0.6235792474615655,0.29497805114092024
RXJ2129,network_power_150,training,2b,2,0.916,-0.7772390574582798,-4.156659036000021,-0.1925168161331829,0.009687847392333663,0.1927604183465965,0.040182241020469245
RXJ2129,network_power_150,training,3a,3,1.5194,-2.0174375536347493,8.154932903999962,-0.25094906100662107,-0.4572639022451717,0.5215991828181739,0.1619453783697651
RXJ2129,network_power_150,training,3b,3,1.5194,2.98907637506174,5.134105511999998,0.9724995095322224,0.6525450545082089,1.1711406167508385,0.36217664811958117
RXJ2129,network_power_150,training,3c,3,1.5194,1.5634781039797112,3.965703875999982,-0.4302330388526922,-0.4881848212089009,0.6507110628990326,0.17106702920871353
RXJ2129,network_power_150,training,4a,4,1.5202,-3.4189158540684597,10.495438775999993,-0.3590397866216745,0.0263403008857861,0.36000469417507786,0.09326852880814196
RXJ2129,network_power_150,training,4b,4,1.5202,3.486595771864287,3.41780230799999,0.13546813790337728,0.4063572201536188,0.42834309467760195,0.12964069591671423
RXJ2129,network_power_150,training,5a,5,1.521,5.239793645663579,14.528709863999984,0.22953332898338785,-0.06611537749983816,0.23886563640704425,0.05665736136593859
RXJ2129,network_power_150,training,5b,5,1.521,13.2029839889991,1.9107456839999704,-0.30164347945952863,-0.17942394569828174,0.3509725644411412,0.13891176929280072
RXJ2129,network_power_150,training,6a,6,3.0815,-9.90574798751465,17.874595907999986,0.6372615199047392,-0.1938093175416198,0.6660812985794202,0.2924490970723313
RXJ2129,network_power_150,training,6b,6,3.0815,0.8049590237318596,-5.299632900000001,-0.15393757861063398,-0.13288060608718907,0.20335691181418897,0.024176492444617382
RXJ2129,network_power_150,training,7a,7,3.427,-10.01842785083087,10.257536087999991,-0.716046941574037,-0.6868006720559005,0.9921786057328433,0.2590904964080934
RXJ2129,network_power_150,training,7b,7,3.427,-7.485830922116288,-2.1700512000000174,0.8438410056021131,-0.7402938887147172,1.1225429543692051,0.6188310223513631
RXJ2129,network_power_150,heldout,1c,1,0.6786,0.456839445991538,-8.935221672000038,1.1911941020040908,-0.2561257915001683,1.2184185691792948,0.461259001232772
RXJ2129,network_power_150,heldout,2c,2,0.916,0.24443970348725166,-5.292556488000027,0.31988113592918177,0.3069928736775706,0.4433605368232005,0.10639150217239392
RXJ2129,network_power_150,heldout,3d,3,1.5194,7.381071049134713,-15.531179832000019,-0.02718627848875219,-0.09283581291262218,0.0967345951416316,0.044054417279419424
RXJ2129,network_power_150,heldout,4c,4,1.5202,6.864471675477358,-13.912761239999998,-0.21015572348036807,0.49935919436623805,0.5417795059889726,0.2502554065174625
RXJ2129,network_power_150,heldout,5c,5,1.521,13.970143058665721,-3.314626776000029,-0.7401895478439694,3.487131428772947,3.5648234413885795,0.3049118392865764
RXJ2129,network_power_150,heldout,6c,6,3.0815,1.7125179231929197,-6.634811124000012,1.477567833052598,-4.948046510138389,5.163949163940757,0.1623670258016416
RXJ2129,network_power_150,heldout,7c,7,3.427,3.7040355081620837,-19.321482528000033,-0.925036072333125,0.010551450795475379,0.9250962480906426,0.3027569463090911
RXJ2129,network_power_250,training,1a,1,0.6786,-5.748113029341908,4.227443603999998,-0.018062241286148757,0.6720507806630045,0.6722934599935008,0.18492647408104998
RXJ2129,network_power_250,training,1b,1,0.6786,-4.783674198960802,-0.969769187999997,-0.25424104366176975,0.5665337058253209,0.6209661408791926,0.1555946829815508
RXJ2129,network_power_250,training,2a,2,0.916,-6.776271782658472,11.277998675999983,0.13454484758925728,0.60886847261199,0.6235568401947604,0.29496449018838933
RXJ2129,network_power_250,training,2b,2,0.916,-0.7772390574582798,-4.156659036000021,-0.19254246657241764,0.00966997223383165,0.19278513894175983,0.0401890762563026
RXJ2129,network_power_250,training,3a,3,1.5194,-2.0174375536347493,8.154932903999962,-0.25092153594320826,-0.4573043760293611,0.521621423578156,0.16195206895979034
RXJ2129,network_power_250,training,3b,3,1.5194,2.98907637506174,5.134105511999998,0.9725170150661164,0.6525109702537198,1.1711361624057894,0.3621798910403403
RXJ2129,network_power_250,training,3c,3,1.5194,1.5634781039797112,3.965703875999982,-0.4302234078799024,-0.4882121951667563,0.6507252324885979,0.1710728718290751
RXJ2129,network_power_250,training,4a,4,1.5202,-3.4189158540684597,10.495438775999993,-0.35901561274544513,0.026306309483614704,0.3599780994916707,0.09326456435192759
RXJ2129,network_power_250,training,4b,4,1.5202,3.486595771864287,3.41780230799999,0.13547898505509742,0.4063172303092911,0.42830858856410153,0.12963132427341473
RXJ2129,network_power_250,training,5a,5,1.521,5.239793645663579,14.528709863999984,0.22957925959698358,-0.06622809308099106,0.23894099010057607,0.05665785596150616
RXJ2129,network_power_250,training,5b,5,1.521,13.2029839889991,1.9107456839999704,-0.30170471401250315,-0.17950243655251688,0.3510653203972968,0.13894671288758637
RXJ2129,network_power_250,training,6a,6,3.0815,-9.90574798751465,17.874595907999986,0.6373812962104131,-0.1938388865703321,0.6662044961614206,0.2925016570412085
RXJ2129,network_power_250,training,6b,6,3.0815,0.8049590237318596,-5.299632900000001,-0.15396546647669998,-0.13291085260288898,0.20339778663253616,0.024181831999127
RXJ2129,network_power_250,training,7a,7,3.427,-10.01842785083087,10.257536087999991,-0.7159849470554974,-0.6867952425518561,0.9921301071945787,0.2590822406473405
RXJ2129,network_power_250,training,7b,7,3.427,-7.485830922116288,-2.1700512000000174,0.843804483425238,-0.7403083211566562,1.1225250182612054,0.618834632234334
RXJ2129,network_power_250,heldout,1c,1,0.6786,0.456839445991538,-8.935221672000038,1.191132425132754,-0.2560844648819052,1.2183495833940632,0.4612329482991244
RXJ2129,network_power_250,heldout,2c,2,0.916,0.24443970348725166,-5.292556488000027,0.3198206409893095,0.30705518123301234,0.4433600418676122,0.1063827538415734
RXJ2129,network_power_250,heldout,3d,3,1.5194,7.381071049134713,-15.531179832000019,-0.027383180747651205,-0.09278870372409039,0.0967449333384212,0.04402662558109359
RXJ2129,network_power_250,heldout,4c,4,1.5202,6.864471675477358,-13.912761239999998,-0.21035306559177655,0.4994127386925526,0.5419054306539602,0.2503156755777744
RXJ2129,network_power_250,heldout,5c,5,1.521,13.970143058665721,-3.314626776000029,-0.7403784564403034,3.487337258889047,3.565064012889067,0.3049604512844181
RXJ2129,network_power_250,heldout,6c,6,3.0815,1.7125179231929197,-6.634811124000012,1.4775816267534834,-4.947866682281374,5.163780801830144,0.1623726495089689
RXJ2129,network_power_250,heldout,7c,7,3.427,3.7040355081620837,-19.321482528000033,-0.9252747298004351,0.010630010929642428,0.9253357891812207,0.30284539027605467
RXJ2129,network_target_050,training,1a,1,0.6786,-5.748113029341908,4.227443603999998,-0.01821276997510473,0.6722916100526192,0.6725382620619507,0.1849883447714159
RXJ2129,network_target_050,training,1b,1,0.6786,-4.783674198960802,-0.969769187999997,-0.2542111063686431,0.5667075995651936,0.6211125421420125,0.15561363712913207
RXJ2129,network_target_050,training,2a,2,0.916,-6.776271782658472,11.277998675999983,0.1340597150895775,0.6094478566634963,0.6240181865952532,0.2952028349595226
RXJ2129,network_target_050,training,2b,2,0.916,-0.7772390574582798,-4.156659036000021,-0.19241791685759094,0.009795978323390808,0.1926671116696545,0.04015005158465055
RXJ2129,network_target_050,training,3a,3,1.5194,-2.0174375536347493,8.154932903999962,-0.25107474840536986,-0.45698631957032126,0.5214163648767149,0.16188537579070847
RXJ2129,network_target_050,training,3b,3,1.5194,2.98907637506174,5.134105511999998,0.9723785098478818,0.6527470289162335,1.1711527014753274,0.3621483923335261
RXJ2129,network_target_050,training,3c,3,1.5194,1.5634781039797112,3.965703875999982,-0.4303067193797132,-0.4880231979990783,0.6506385436850316,0.17103261892917207
RXJ2129,network_target_050,training,4a,4,1.5202,-3.4189158540684597,10.495438775999993,-0.35915136841838696,0.026575637912363045,0.36013326695439973,0.09328134330243948
RXJ2129,network_target_050,training,4b,4,1.5202,3.486595771864287,3.41780230799999,0.1353582217516843,0.4065768493678982,0.4285167238716649,0.129686953235539
RXJ2129,network_target_050,training,5a,5,1.521,5.239793645663579,14.528709863999984,0.2294545884068735,-0.0659020029962248,0.23873098278162838,0.056657883997133264
RXJ2129,network_target_050,training,5b,5,1.521,13.2029839889991,1.9107456839999704,-0.30152323154374283,-0.179277201355401,0.3507942047503159,0.13883842900124224
RXJ2129,network_target_050,training,6a,6,3.0815,-9.90574798751465,17.874595907999986,0.6364162574812976,-0.1934245233464913,0.6651606565472123,0.29201149881437977
RXJ2129,network_target_050,training,6b,6,3.0815,0.8049590237318596,-5.299632900000001,-0.15372048617557157,-0.13264591214130378,0.20303922251095372,0.024131406306146633
RXJ2129,network_target_050,training,7a,7,3.427,-10.01842785083087,10.257536087999991,-0.7167167652371367,-0.6867797460886154,0.9926476420208371,0.259155274635423
RXJ2129,network_target_050,training,7b,7,3.427,-7.485830922116288,-2.1700512000000174,0.8441581014796988,-0.7399681616335005,1.12256660404854,0.6186627432671714
RXJ2129,network_target_050,heldout,1c,1,0.6786,0.456839445991538,-8.935221672000038,1.191394003032508,-0.25681871467844136,1.218759829774066,0.46132838358644146
RXJ2129,network_target_050,heldout,2c,2,0.916,0.24443970348725166,-5.292556488000027,0.32025337482383,0.30613525240768563,0.4430361349289355,0.10640449970911199
RXJ2129,network_target_050,heldout,3d,3,1.5194,7.381071049134713,-15.531179832000019,-0.027208598235591838,-0.09386520027086219,0.09772913403808978,0.04455354727521445
RXJ2129,network_target_050,heldout,4c,4,1.5202,6.864471675477358,-13.912761239999998,-0.2100824748915004,0.49827214154433325,0.5407492702683139,0.24979741233526534
RXJ2129,network_target_050,heldout,5c,5,1.521,13.970143058665721,-3.314626776000029,-0.7399054681160447,3.485887459699546,3.5635475980318514,0.3048165565903809
RXJ2129,network_target_050,heldout,6c,6,3.0815,1.7125179231929197,-6.634811124000012,1.4785876954805017,-4.951051190798781,5.167120036068097,0.16229692158721518
RXJ2129,network_target_050,heldout,7c,7,3.427,3.7040355081620837,-19.321482528000033,-0.9255834576851275,0.008822695909658139,0.9256255058626413,0.302628790465931
RXJ2129,network_target_150,training,1a,1,0.6786,-5.748113029341908,4.227443603999998,-0.01798740737757173,0.6719615555249737,0.6722022604303775,0.18490545525160157
RXJ2129,network_target_150,training,1b,1,0.6786,-4.783674198960802,-0.969769187999997,-0.2542698856369731,0.5664605759031219,0.620911232620522,0.15558846779754162
RXJ2129,network_target_150,training,2a,2,0.916,-6.776271782658472,11.277998675999983,0.13478872619121293,0.6086329813149168,0.6233795847254975,0.2948710307983291
RXJ2129,network_target_150,training,2b,2,0.916,-0.7772390574582798,-4.156659036000021,-0.19262136521206272,0.009606029547553822,0.1928607428685976,0.04021221628081135
RXJ2129,network_target_150,training,3a,3,1.5194,-2.0174375536347493,8.154932903999962,-0.2508532959446797,-0.4574431586234663,0.5217102830668788,0.16198073520431744
RXJ2129,network_target_150,training,3b,3,1.5194,2.98907637506174,5.134105511999998,0.9725779377574237,0.652406210490936,1.1711283911252544,0.3621933595026109
RXJ2129,network_target_150,training,3c,3,1.5194,1.5634781039797112,3.965703875999982,-0.43018722111776175,-0.48829560343808437,0.6507638907852717,0.17109084189173682
RXJ2129,network_target_150,training,4a,4,1.5202,-3.4189158540684597,10.495438775999993,-0.3589547306177822,0.026189514748128463,0.3599088625133133,0.09325654149856966
RXJ2129,network_target_150,training,4b,4,1.5202,3.486595771864287,3.41780230799999,0.1355317246701432,0.4062038472300318,0.42821771786854235,0.12960741506660156
RXJ2129,network_target_150,training,5a,5,1.521,5.239793645663579,14.528709863999984,0.2296195374567162,-0.0664014133498826,0.23902778013590442,0.056650629124637794
RXJ2129,network_target_150,training,5b,5,1.521,13.2029839889991,1.9107456839999704,-0.30176692647624176,-0.1796038986504179,0.351170668372726,0.13898829546096164
RXJ2129,network_target_150,training,6a,6,3.0815,-9.90574798751465,17.874595907999986,0.6378557949074298,-0.19396193788225144,0.6666942690949335,0.2927103844399342
RXJ2129,network_target_150,training,6b,6,3.0815,0.8049590237318596,-5.299632900000001,-0.15409819187956728,-0.1330297098060869,0.20357592301557575,0.024206216021038313
RXJ2129,network_target_150,training,7a,7,3.427,-10.01842785083087,10.257536087999991,-0.7156002997283202,-0.6867743076699089,0.9918380606967774,0.2590338067493775
RXJ2129,network_target_150,training,7b,7,3.427,-7.485830922116288,-2.1700512000000174,0.8436079649069742,-0.7404158714527571,1.1224482443095682,0.6188766828964605
RXJ2129,network_target_150,heldout,1c,1,0.6786,0.456839445991538,-8.935221672000038,1.1909404879485552,-0.2557434874426259,1.2180902992818141,0.46115965438789086
RXJ2129,network_target_150,heldout,2c,2,0.916,0.24443970348725166,-5.292556488000027,0.31957483466688896,0.30750623220429435,0.4434953864437045,0.10636480069915834
RXJ2129,network_target_150,heldout,3d,3,1.5194,7.381071049134713,-15.531179832000019,-0.027621271273686455,-0.09218036571346759,0.09622969629923607,0.043725812633964654
RXJ2129,network_target_150,heldout,4c,4,1.5202,6.864471675477358,-13.912761239999998,-0.21062604001003055,0.5000465881297729,0.5425955390809379,0.250624569676821
RXJ2129,network_target_150,heldout,5c,5,1.521,13.970143058665721,-3.314626776000029,-0.7406243356749895,3.488783259304534,3.5665295508375627,0.30503848862681726
RXJ2129,network_target_150,heldout,6c,6,3.0815,1.7125179231929197,-6.634811124000012,1.4771255610778635,-4.94599369111352,5.161855627167844,0.16240900514482384
RXJ2129,network_target_150,heldout,7c,7,3.427,3.7040355081620837,-19.321482528000033,-0.925471381686064,0.01154959198311622,0.9255434465193348,0.3030711956070606
RXJ2129,network_target_200,training,1a,1,0.6786,-5.748113029341908,4.227443603999998,-0.017970105702097353,0.6719504633164973,0.6721907094346068,0.18490307954601687
RXJ2129,network_target_200,training,1b,1,0.6786,-4.783674198960802,-0.969769187999997,-0.25428385081358273,0.5664474308286885,0.6209049594559591,0.1555880462718831
RXJ2129,network_target_200,training,2a,2,0.916,-6.776271782658472,11.277998675999983,0.13483703485702936,0.608565260022882,0.6233239139289891,0.29484104426877084
RXJ2129,network_target_200,training,2b,2,0.916,-0.7772390574582798,-4.156659036000021,-0.19263802065606447,0.00958929836952208,0.19287654508909588,0.040217652489982374
RXJ2129,network_target_200,training,3a,3,1.5194,-2.0174375536347493,8.154932903999962,-0.25084933499180606,-0.45749512008918775,0.5217539398713263,0.16199315270704626
RXJ2129,network_target_200,training,3b,3,1.5194,2.98907637506174,5.134105511999998,0.9726043028988788,0.6523792643203244,1.1711352759320939,0.3621979042216067
RXJ2129,network_target_200,training,3c,3,1.5194,1.5634781039797112,3.965703875999982,-0.4301666185390331,-0.4883154807188691,0.6507651868493015,0.17109245308690732
RXJ2129,network_target_200,training,4a,4,1.5202,-3.4189158540684597,10.495438775999993,-0.3589571700762373,0.02613657241892543,0.3599074469456703,0.09326093619053788
RXJ2129,network_target_200,training,4b,4,1.5202,3.486595771864287,3.41780230799999,0.13556856447830065,0.4061792643499586,0.42820606074947226,0.12960462403416656
RXJ2129,network_target_200,training,5a,5,1.521,5.239793645663579,14.528709863999984,0.22964740659558977,-0.0665745897669922,0.23910271298904875,0.05663952523656774
RXJ2129,network_target_200,training,5b,5,1.521,13.2029839889991,1.9107456839999704,-0.3018055910882249,-0.17969296174995436,0.3512494488459496,0.13901529127545512
RXJ2129,network_target_200,training,6a,6,3.0815,-9.90574798751465,17.874595907999986,0.6378952911638863,-0.19403230907462726,0.6667525323940592,0.2927544241921507
RXJ2129,network_target_200,training,6b,6,3.0815,0.8049590237318596,-5.299632900000001,-0.15410248787046843,-0.13306109308312622,0.20359968384146437,0.024210867550686993
RXJ2129,network_target_200,training,7a,7,3.427,-10.01842785083087,10.257536087999991,-0.7155112182102107,-0.6867620041990035,0.9917652715214884,0.25901865650960365
RXJ2129,network_target_200,training,7b,7,3.427,-7.485830922116288,-2.1700512000000174,0.8435759251422704,-0.7404267234826404,1.1224313227662865,0.6188793934914942
RXJ2129,network_target_200,heldout,1c,1,0.6786,0.456839445991538,-8.935221672000038,1.190849951244896,-0.25567770233340176,1.2179879695015294,0.4611235532781118
RXJ2129,network_target_200,heldout,2c,2,0.916,0.24443970348725166,-5.292556488000027,0.3194975114460333,0.30762558998507444,0.44352244975183985,0.10635822083902732
RXJ2129,network_target_200,heldout,3d,3,1.5194,7.381071049134713,-15.531179832000019,-0.02786424232317617,-0.09197111412276865,0.09609943721597966,0.043618983871145926
RXJ2129,network_target_200,heldout,4c,4,1.5202,6.864471675477358,-13.912761239999998,-0.21085791894355627,0.5002672364942133,0.5428889111878825,0.25075746447019764
RXJ2129,network_target_200,heldout,5c,5,1.521,13.970143058665721,-3.314626776000029,-0.7408201959715629,3.4898999996117044,3.5676626199865256,0.30509789831876744
RXJ2129,network_target_200,heldout,6c,6,3.0815,1.7125179231929197,-6.634811124000012,1.4771408332888112,-4.945476942589682,5.161364861260571,0.1624209335782985
RXJ2129,network_target_200,heldout,7c,7,3.427,3.7040355081620837,-19.321482528000033,-0.9258193563927196,0.011798808378165004,0.9258945364082101,0.30322592805468324
RXJ2129,network_link_125,training,1a,1,0.6786,-5.748113029341908,4.227443603999998,-0.018038656889879698,0.6720359308405447,0.6722779822983259,0.18492397455402942
RXJ2129,network_link_125,training,1b,1,0.6786,-4.783674198960802,-0.969769187999997,-0.2542550826140633,0.5665168042153124,0.6209564690808967,0.15559390616221339
RXJ2129,network_link_125,training,2a,2,0.916,-6.776271782658472,11.277998675999983,0.1346415476063597,0.6088140362640749,0.6235245601369604,0.2949449064532772
RXJ2129,network_link_125,training,2b,2,0.916,-0.7772390574582798,-4.156659036000021,-0.19258129453578915,0.009643246055705698,0.19282257958955756,0.04019937220093594
RXJ2129,network_link_125,training,3a,3,1.5194,-2.0174375536347493,8.154932903999962,-0.25087857351509174,-0.45736423886997185,0.5216532427255446,0.16196177809702864
RXJ2129,network_link_125,training,3b,3,1.5194,2.98907637506174,5.134105511999998,0.9725425666666995,0.6524593558871699,1.1711286244744221,0.36218477893862216
RXJ2129,network_link_125,training,3c,3,1.5194,1.5634781039797112,3.965703875999982,-0.43020983007230834,-0.4882538108118623,0.6507474791830932,0.17108202806807812
RXJ2129,network_link_125,training,4a,4,1.5202,-3.4189158540684597,10.495438775999993,-0.35897745033282674,0.02625681749292179,0.3599364253758067,0.09325806192650862
RXJ2129,network_link_125,training,4b,4,1.5202,3.486595771864287,3.41780230799999,0.13549322513584022,0.40625615846907354,0.4282551579978465,0.12961681276456985
RXJ2129,network_link_125,training,5a,5,1.521,5.239793645663579,14.528709863999984,0.22965099074259304,-0.06639202385051364,0.2390553876824819,0.05666001675876992
RXJ2129,network_link_125,training,5b,5,1.521,13.2029839889991,1.9107456839999704,-0.301800046898926,-0.17962012123728502,0.35120742626187573,0.1390004741212631
RXJ2129,network_link_125,training,6a,6,3.0815,-9.90574798751465,17.874595907999986,0.6375634982476897,-0.19388018572381793,0.6663908318052807,0.2925802342623136
RXJ2129,network_link_125,training,6b,6,3.0815,0.8049590237318596,-5.299632900000001,-0.154008083872474,-0.1329555385625389,0.2034592468592316,0.02418979449724246
RXJ2129,network_link_125,training,7a,7,3.427,-10.01842785083087,10.257536087999991,-0.715893727014481,-0.6867875444849652,0.9920589496790865,0.2590705758379519
RXJ2129,network_link_125,training,7b,7,3.427,-7.485830922116288,-2.1700512000000174,0.8437488458618075,-0.7403305717027084,1.1224978709515627,0.6188403475506574
RXJ2129,network_link_125,heldout,1c,1,0.6786,0.456839445991538,-8.935221672000038,1.1910424789897873,-0.2560202397698059,1.2182481479279692,0.4611948360980173
RXJ2129,network_link_125,heldout,2c,2,0.916,0.24443970348725166,-5.292556488000027,0.3197302669257191,0.30714954076684026,0.4433602192142101,0.10636969261403506
RXJ2129,network_link_125,heldout,3d,3,1.5194,7.381071049134713,-15.531179832000019,-0.02766978083955375,-0.09272450228963709,0.09676492182898641,0.043988565997191004
RXJ2129,network_link_125,heldout,4c,4,1.5202,6.864471675477358,-13.912761239999998,-0.21064181969492454,0.49948633893763633,0.5420853982443287,0.250402140377974
RXJ2129,network_link_125,heldout,5c,5,1.521,13.970143058665721,-3.314626776000029,-0.7406606340115356,3.4875590514759645,3.5653395788208306,0.30503249633960466
RXJ2129,network_link_125,heldout,6c,6,3.0815,1.7125179231929197,-6.634811124000012,1.4775938387492586,-4.947595175489758,5.163524142757473,0.16238095475651737
RXJ2129,network_link_125,heldout,7c,7,3.427,3.7040355081620837,-19.321482528000033,-0.9256124094876934,0.01074372614951981,0.9256747594318371,0.3029708614165817
RXJ2129,network_link_500,training,1a,1,0.6786,-5.748113029341908,4.227443603999998,-0.018085080234066145,0.6720647995674888,0.672308087817454,0.18492881241982373
RXJ2129,network_link_500,training,1b,1,0.6786,-4.783674198960802,-0.969769187999997,-0.254226982026066,0.5665499823516864,0.620975233719331,0.155595383107073
RXJ2129,network_link_500,training,2a,2,0.916,-6.776271782658472,11.277998675999983,0.13445252789233678,0.6089224108092551,0.6235895963230904,0.29498419201775306
RXJ2129,network_link_500,training,2b,2,0.916,-0.7772390574582798,-4.156659036000021,-0.1925052983258884,0.009695734417491882,0.192749311670454,0.04017916814149391
RXJ2129,network_link_500,training,3a,3,1.5194,-2.0174375536347493,8.154932903999962,-0.2509603576231628,-0.45724626083609826,0.5215891526354234,0.16194225592243092
RXJ2129,network_link_500,training,3b,3,1.5194,2.98907637506174,5.134105511999998,0.9724917976648052,0.652559522954389,1.1711422746719478,0.362174902280547
RXJ2129,network_link_500,training,3c,3,1.5194,1.5634781039797112,3.965703875999982,-0.43023740648466025,-0.4881732429377192,0.6507052643547432,0.17106445759092295
RXJ2129,network_link_500,training,4a,4,1.5202,-3.4189158540684597,10.495438775999993,-0.35904963930531525,0.026355183282395483,0.36001560962147966,0.09327002185754421
RXJ2129,network_link_500,training,4b,4,1.5202,3.486595771864287,3.41780230799999,0.13546296199673535,0.4063739796842408,0.42835735716494555,0.12964448201398587
RXJ2129,network_link_500,training,5a,5,1.521,5.239793645663579,14.528709863999984,0.22951390653743192,-0.06606591082207756,0.23883328467117756,0.056657318851245364
RXJ2129,network_link_500,training,5b,5,1.521,13.2029839889991,1.9107456839999704,-0.3016176342078194,-0.17938999705058448,0.3509329968910456,0.1388968204787655
RXJ2129,network_link_500,training,6a,6,3.0815,-9.90574798751465,17.874595907999986,0.6372094418595832,-0.1937983391878168,0.6660282794799014,0.2924268926860906
RXJ2129,network_link_500,training,6b,6,3.0815,0.8049590237318596,-5.299632900000001,-0.1539250731989591,-0.13286761436094616,0.20333895619205392,0.02417413076536538
RXJ2129,network_link_500,training,7a,7,3.427,-10.01842785083087,10.257536087999991,-0.7160739829975529,-0.6868033673167778,0.992199987141526,0.2590940982137389
RXJ2129,network_link_500,training,7b,7,3.427,-7.485830922116288,-2.1700512000000174,0.8438575106189669,-0.7402885069755766,1.1225518125183211,0.618829987533568
RXJ2129,network_link_500,heldout,1c,1,0.6786,0.456839445991538,-8.935221672000038,1.191223170736871,-0.25614792193408403,1.2184516405715715,0.4612712731288447
RXJ2129,network_link_500,heldout,2c,2,0.916,0.24443970348725166,-5.292556488000027,0.31990998648953406,0.30695948505137466,0.4433582354245142,0.10639536179508063
RXJ2129,network_link_500,heldout,3d,3,1.5194,7.381071049134713,-15.531179832000019,-0.027097615070167873,-0.09286547579596682,0.09673818965280613,0.04407108430197193
RXJ2129,network_link_500,heldout,4c,4,1.5202,6.864471675477358,-13.912761239999998,-0.21006684742926168,0.49932669576730654,0.5417150814725071,0.2502249227333547
RXJ2129,network_link_500,heldout,5c,5,1.521,13.970143058665721,-3.314626776000029,-0.7401053074457115,3.4870113127266977,3.5646884521923203,0.30489000396024196
RXJ2129,network_link_500,heldout,6c,6,3.0815,1.7125179231929197,-6.634811124000012,1.477569223907935,-4.948162321573308,5.164060531411076,0.16236417472549938
RXJ2129,network_link_500,heldout,7c,7,3.427,3.7040355081620837,-19.321482528000033,-0.9249273597575437,0.010506836987081224,0.9249870347478033,0.3027150892322859
RXJ2129,network_top_001,training,1a,1,0.6786,-5.748113029341908,4.227443603999998,-0.018201253112962536,0.6719537711451272,0.6722002351762755,0.1848727457192098
RXJ2129,network_top_001,training,1b,1,0.6786,-4.783674198960802,-0.969769187999997,-0.2541059996145593,0.5665507306765988,0.6209263961777615,0.15557814339146864
RXJ2129,network_top_001,training,2a,2,0.916,-6.776271782658472,11.277998675999983,0.133868526154712,0.6084643463605964,0.6230165672651592,0.2947010939964891
RXJ2129,network_top_001,training,2b,2,0.916,-0.7772390574582798,-4.156659036000021,-0.19212037360903128,0.00979695880493793,0.19237000378827104,0.04009136057929112
RXJ2129,network_top_001,training,3a,3,1.5194,-2.0174375536347493,8.154932903999962,-0.25115075154638306,-0.45746758561507406,0.5218747856438345,0.16200409927396203
RXJ2129,network_top_001,training,3b,3,1.5194,2.98907637506174,5.134105511999998,0.9726280765863843,0.6525632995453055,1.17125754438449,0.3621562428467209
RXJ2129,network_top_001,training,3c,3,1.5194,1.5634781039797112,3.965703875999982,-0.430093248436111,-0.48815445874105573,0.6505958637580624,0.17100940081699179
RXJ2129,network_top_001,training,4a,4,1.5202,-3.4189158540684597,10.495438775999993,-0.35930498239643616,0.0260505720530425,0.3602481126656933,0.09335390920701168
RXJ2129,network_top_001,training,4b,4,1.5202,3.486595771864287,3.41780230799999,0.1357828816205317,0.40643963662876514,0.42852090866619097,0.1296787547292566
RXJ2129,network_top_001,training,5a,5,1.521,5.239793645663579,14.528709863999984,0.22926610509207243,-0.06664811889459171,0.23875702857984482,0.056519516324463275
RXJ2129,network_top_001,training,5b,5,1.521,13.2029839889991,1.9107456839999704,-0.3013268761688048,-0.1794185980583429,0.35069776108619716,0.13877338656103994
RXJ2129,network_top_001,training,6a,6,3.0815,-9.90574798751465,17.874595907999986,0.635546246337434,-0.19520292106432524,0.6648482621062098,0.29245379407873556
RXJ2129,network_top_001,training,6b,6,3.0815,0.8049590237318596,-5.299632900000001,-0.153265912151587,-0.13286248897677533,0.202837079462217,0.024131431731391616
RXJ2129,network_top_001,training,7a,7,3.427,-10.01842785083087,10.257536087999991,-0.7167558582075636,-0.6870898420086211,0.9928904326592602,0.25923405986299747
RXJ2129,network_top_001,training,7b,7,3.427,-7.485830922116288,-2.1700512000000174,0.8445522570968507,-0.7407624609580284,1.123386638042299,0.6192393528819016
RXJ2129,network_top_001,heldout,1c,1,0.6786,0.456839445991538,-8.935221672000038,1.191868783665189,-0.25667193989151926,1.2191930455031363,0.4615529797767052
RXJ2129,network_top_001,heldout,2c,2,0.916,0.24443970348725166,-5.292556488000027,0.3205959756613521,0.3062378236124165,0.44335469346914985,0.10650213906516331
RXJ2129,network_top_001,heldout,3d,3,1.5194,7.381071049134713,-15.531179832000019,-0.0256167217618562,-0.09378801323327624,0.09722349438314566,0.044565591369520575
RXJ2129,network_top_001,heldout,4c,4,1.5202,6.864471675477358,-13.912761239999998,-0.20852500110842775,0.4984916824009861,0.5403486221970363,0.24960387489231603
RXJ2129,network_top_001,heldout,5c,5,1.521,13.970143058665721,-3.314626776000029,-0.7389853867858668,3.4860067195077433,3.5634733407640633,0.3046586763325504
RXJ2129,network_top_001,heldout,6c,6,3.0815,1.7125179231929197,-6.634811124000012,1.479075697774621,-4.954930554226045,5.170976862929315,0.1623469997447341
RXJ2129,network_top_001,heldout,7c,7,3.427,3.7040355081620837,-19.321482528000033,-0.922628660669204,0.009446136613651792,0.9226770155288214,0.30181254620143316
RXJ2129,network_top_003,training,1a,1,0.6786,-5.748113029341908,4.227443603999998,-0.018104866464574515,0.6719857235756025,0.6722295730471296,0.1848992111969426
RXJ2129,network_top_003,training,1b,1,0.6786,-4.783674198960802,-0.969769187999997,-0.2541993087943698,0.5665199086520084,0.6209364665492076,0.15558810720009417
RXJ2129,network_top_003,training,2a,2,0.916,-6.776271782658472,11.277998675999983,0.13425765545298818,0.6085355376024779,0.6231698151971661,0.294779349295571
RXJ2129,network_top_003,training,2b,2,0.916,-0.7772390574582798,-4.156659036000021,-0.1923489877350992,0.009720434865692375,0.1925944441999704,0.040147538268066434
RXJ2129,network_top_003,training,3a,3,1.5194,-2.0174375536347493,8.154932903999962,-0.251065405292449,-0.4574728649031094,0.5218383464803255,0.16201330946458598
RXJ2129,network_top_003,training,3b,3,1.5194,2.98907637506174,5.134105511999998,0.9726148834314562,0.6525170825607454,1.1712208393407162,0.3621920907046707
RXJ2129,network_top_003,training,3c,3,1.5194,1.5634781039797112,3.965703875999982,-0.43012193158710327,-0.4882004497106536,0.6506493334584345,0.1710477356403381
RXJ2129,network_top_003,training,4a,4,1.5202,-3.4189158540684597,10.495438775999993,-0.35919391250228366,0.026072878933000945,0.36013894790004747,0.09333318711356643
RXJ2129,network_top_003,training,4b,4,1.5202,3.486595771864287,3.41780230799999,0.13569643155904237,0.40634904883539325,0.42840759917079746,0.12965915510964426
RXJ2129,network_top_003,training,5a,5,1.521,5.239793645663579,14.528709863999984,0.2298151579027095,-0.06723166675147679,0.2394474969926162,0.0566112580460374
RXJ2129,network_top_003,training,5b,5,1.521,13.2029839889991,1.9107456839999704,-0.30201181117354475,-0.18006513605428606,0.3516171032679915,0.13912746397808315
RXJ2129,network_top_003,training,6a,6,3.0815,-9.90574798751465,17.874595907999986,0.6362998439651355,-0.19466594675570448,0.6654113932420683,0.2925035798238135
RXJ2129,network_top_003,training,6b,6,3.0815,0.8049590237318596,-5.299632900000001,-0.1535130142707382,-0.13294270396862834,0.20307636024160522,0.024158923400257607
RXJ2129,network_top_003,training,7a,7,3.427,-10.01842785083087,10.257536087999991,-0.7161727673402345,-0.6868553425029235,0.9923072579622594,0.2591415311147807
RXJ2129,network_top_003,training,7b,7,3.427,-7.485830922116288,-2.1700512000000174,0.844057461357159,-0.740480355725499,1.1228286402154397,0.6189876192352058
RXJ2129,network_top_003,heldout,1c,1,0.6786,0.456839445991538,-8.935221672000038,1.1911804830931543,-0.25601365400324516,1.2183816866393444,0.46124815054841245
RXJ2129,network_top_003,heldout,2c,2,0.916,0.24443970348725166,-5.292556488000027,0.31986350750070963,0.3073655913893234,0.44360598530764334,0.10642650347924561
RXJ2129,network_top_003,heldout,3d,3,1.5194,7.381071049134713,-15.531179832000019,-0.028346641357957947,-0.09230980126017578,0.0965641314617899,0.043774566330269174
RXJ2129,network_top_003,heldout,4c,4,1.5202,6.864471675477358,-13.912761239999998,-0.21116797465932008,0.4999768473045563,0.5427418920281748,0.250699624206326
RXJ2129,network_top_003,heldout,5c,5,1.521,13.970143058665721,-3.314626776000029,-0.7415338800353896,3.4932237421459216,3.5710621120238577,0.3053010806900241
RXJ2129,network_top_003,heldout,6c,6,3.0815,1.7125179231929197,-6.634811124000012,1.4782675390219437,-4.947402100139536,5.1635319750526465,0.16242448398364215
RXJ2129,network_top_003,heldout,7c,7,3.427,3.7040355081620837,-19.321482528000033,-0.9258408842013327,0.011049000858571105,0.9259068113361507,0.3030627780227795
RXJ2129,network_top_010,training,1a,1,0.6786,-5.748113029341908,4.227443603999998,-0.018249682044650533,0.6723228927712087,0.6725705338765422,0.18499622497509058
RXJ2129,network_top_010,training,1b,1,0.6786,-4.783674198960802,-0.969769187999997,-0.25419049526447474,0.5667374766084545,0.6211313671642397,0.15561610530654135
RXJ2129,network_top_010,training,2a,2,0.916,-6.776271782658472,11.277998675999983,0.13388839107056552,0.6095873704213418,0.624117667944652,0.2952648624195825
RXJ2129,network_top_010,training,2b,2,0.916,-0.7772390574582798,-4.156659036000021,-0.19235557472826637,0.009848572375987234,0.1926075323212639,0.040133543461883324
RXJ2129,network_top_010,training,3a,3,1.5194,-2.0174375536347493,8.154932903999962,-0.25110788045601806,-0.4568655124645944,0.5213264467746196,0.16186178076081773
RXJ2129,network_top_010,training,3b,3,1.5194,2.98907637506174,5.134105511999998,0.9723137992598611,0.6528240397077995,1.171141900476435,0.3621314963700555
RXJ2129,network_top_010,training,3c,3,1.5194,1.5634781039797112,3.965703875999982,-0.43035580582022376,-0.4879690982127952,0.6506304330522688,0.17102509118473985
RXJ2129,network_top_010,training,4a,4,1.5202,-3.4189158540684597,10.495438775999993,-0.3591695829737676,0.026694595809238976,0.3601602293132444,0.09328054857417323
RXJ2129,network_top_010,training,4b,4,1.5202,3.486595771864287,3.41780230799999,0.135270508999979,0.4066456651531582,0.4285543228028016,0.12969622641763023
RXJ2129,network_top_010,training,5a,5,1.521,5.239793645663579,14.528709863999984,0.22964465810025472,-0.06563178234392841,0.23883927618300907,0.05673755692307943
RXJ2129,network_top_010,training,5b,5,1.521,13.2029839889991,1.9107456839999704,-0.3017540126510607,-0.17930352387947537,0.35100603673813663,0.13891884455818293
RXJ2129,network_top_010,training,6a,6,3.0815,-9.90574798751465,17.874595907999986,0.636065900000226,-0.19315949058137744,0.6647483869440788,0.29179513973942645
RXJ2129,network_top_010,training,6b,6,3.0815,0.8049590237318596,-5.299632900000001,-0.15364775962872734,-0.1325255346689972,0.20290552328172526,0.02411287536088244
RXJ2129,network_top_010,training,7a,7,3.427,-10.01842785083087,10.257536087999991,-0.7167388061025969,-0.6867473000216027,0.992641108488026,0.2591647357081012
RXJ2129,network_top_010,training,7b,7,3.427,-7.485830922116288,-2.1700512000000174,0.8441562273211822,-0.7398944562882869,1.1225166112674105,0.6186128945443088
RXJ2129,network_top_010,heldout,1c,1,0.6786,0.456839445991538,-8.935221672000038,1.1915492482356445,-0.2568705806494684,1.2189225185277874,0.46139239888598294
RXJ2129,network_top_010,heldout,2c,2,0.916,0.24443970348725166,-5.292556488000027,0.32036869326257256,0.30605806163652916,0.44306617645164226,0.1064250782475796
RXJ2129,network_top_010,heldout,3d,3,1.5194,7.381071049134713,-15.531179832000019,-0.027040520201536373,-0.0939757650720362,0.09778872201662232,0.044611110498444136
RXJ2129,network_top_010,heldout,4c,4,1.5202,6.864471675477358,-13.912761239999998,-0.2099007987831579,0.4981372090329526,0.5405543676198975,0.24970663224856565
RXJ2129,network_top_010,heldout,5c,5,1.521,13.970143058665721,-3.314626776000029,-0.7400118018041203,3.4846538396241074,3.5623629586015535,0.3048375508409167
RXJ2129,network_top_010,heldout,6c,6,3.0815,1.7125179231929197,-6.634811124000012,1.4785114909386297,-4.950823247602538,5.166879818404848,0.1622821655570176
RXJ2129,network_top_010,heldout,7c,7,3.427,3.7040355081620837,-19.321482528000033,-0.9248769677971046,0.008741177582805076,0.924918274090798,0.3023803024621045
MACS0329,eta_000,training,1a,1,1.313,17.698366376210775,13.515734879999464,2.463268030972814,0.35529450928661965,2.4887594461381566,1.8186140203750312
MACS0329,eta_000,training,1b,1,1.313,-8.564668149889947,0.6447592799998958,-1.3137123881323496,0.598590085705649,1.4436586609851711,1.026798226185127
MACS0329,eta_000,training,2a,2,2.1446,8.995175931509527,20.741255279999926,-1.7620335860586809,7.102963895367817,7.318255151147545,9.05318867554169
MACS0329,eta_000,training,2b,2,2.1446,-7.617340513033815,17.610781680000187,-4.780546692317612,8.001233084893233,9.320587833190508,11.434458070215259
MACS0329,eta_000,training,2c,2,2.1446,11.486236798473985,-8.067474719999801,10.406786783083827,-9.928182206809707,14.382976502802926,16.0240100392803
MACS0329,eta_000,training,3a,3,2.7836,-4.93572771729396,31.20848928000033,-0.10090412479896342,2.327499715983914,2.3296859381269925,3.2261350744368142
MACS0329,eta_000,training,3b,3,2.7836,-20.884460097309216,19.790646480000085,0.6498248200053796,-0.7601112166628862,1.0000206789820683,1.286507534334611
MACS0329,eta_000,training,4a,4,2.9186,-6.235056604512764,5.289428879999392,-8.774772230448653,1.6330109174470668,8.925432894417733,7.2996939666663865
MACS0329,eta_000,training,4b,4,2.9186,25.814504352382425,0.7743664799994221,4.634759105777885,-10.176871161714173,11.182562256062813,12.145424616251356
MACS0329,eta_000,training,5a,5,3.8528,5.027652385136446,-2.6044459199995984,-1.5229239896842297,0.8212108206278537,1.7302267742327895,1.6168818175989614
MACS0329,eta_000,training,5b,5,3.8528,8.112312907892866,-4.480845120000154,1.523246734083096,-1.0965165773951706,1.8768668619263427,1.8497103865724627
MACS0329,eta_000,training,6a,6,4.5734,4.744324654139696,-0.8422099199997035,-2.8448310277541227,0.5447977893672393,2.8965269216377063,2.8582051733802696
MACS0329,eta_000,training,6b,6,4.5734,10.580530566481322,-2.545013519999806,2.5405184424567335,-1.6364757486836943,3.0219673778008667,2.8101953116920857
MACS0329,eta_000,training,7a,7,5.6587,16.047431947757982,-39.51393552000013,0.7832106834047525,0.7984777366523526,1.1184747071475525,0.8020548399630124
MACS0329,eta_000,training,7b,7,5.6587,14.367538806329412,-41.22195191999989,-0.8893607994126015,-0.907134012233749,1.270375829305297,0.9489531958480173
MACS0329,eta_000,training,8a,8,6.0204,28.739046575149953,17.49602447999994,2.9187069407306767,-2.1709948154414045,3.6375910565294287,3.9875033367034423
MACS0329,eta_000,training,8b,8,6.0204,-10.766393701910756,5.987684880000366,-1.6844622708852386,2.6591321279486366,3.147760603337633,2.80581631272441
MACS0329,eta_000,training,9a,9,6.17,23.870313491335345,29.116342080000024,3.7568180039950665,7.680106458325264,8.549720271818892,9.962329908679498
MACS0329,eta_000,training,9b,9,6.17,-20.98946690873011,0.6926860800005485,-1.3128174308418707,-0.047616621526375046,1.3136806877501992,0.9493656937042615
MACS0329,eta_000,training,9c,9,6.17,-22.582591831884223,-5.334559920000537,-2.190311415927399,-5.183281079676034,5.627065562943926,5.127831437937512
MACS0329,eta_000,heldout,2d,2,2.1446,-29.28367398958684,-14.328349919999717,-7.839216793078353,-8.00434475728361,11.203698269872108,10.654724139705317
MACS0329,eta_000,heldout,3c,3,2.7836,-37.91498926838438,-3.053938319999716,-7.435936823245191,-15.169332867129043,16.893839589420022,16.361724080214476
MACS0329,eta_000,heldout,9d,9,6.17,-4.984112150802212,-18.278010719999926,23.161424195544697,-13.861322494582952,26.99236618128901,24.890776119382796
MACS0329,local_vector_s200,training,1a,1,1.313,17.698366376210775,13.515734879999464,2.6452671162033146,0.37691809238074286,2.671985285219688,1.9778959771694327
MACS0329,local_vector_s200,training,1b,1,1.313,-8.564668149889947,0.6447592799998958,-1.363938274271273,0.6393400772288078,1.506347685752873,1.063291914007121
MACS0329,local_vector_s200,training,2a,2,2.1446,8.995175931509527,20.741255279999926,-1.5495294590534614,7.133010531818329,7.299375369955001,9.056163183573066
MACS0329,local_vector_s200,training,2b,2,2.1446,-7.617340513033815,17.610781680000187,-4.6079236648055355,8.054918548732426,9.279799207277524,11.385438877189031
MACS0329,local_vector_s200,training,2c,2,2.1446,11.486236798473985,-8.067474719999801,10.313826133603374,-9.900228065689525,14.296486465802236,16.041063301487085
MACS0329,local_vector_s200,training,3a,3,2.7836,-4.93572771729396,31.20848928000033,-0.08939996504895417,2.3545507420756064,2.3562473449872665,3.2661685441278006
MACS0329,local_vector_s200,training,3b,3,2.7836,-20.884460097309216,19.790646480000085,0.6732665926435104,-0.7639612316289096,1.0182949809371364,1.3069639584975008
MACS0329,local_vector_s200,training,4a,4,2.9186,-6.235056604512764,5.289428879999392,-8.675847528462212,1.78937805917773,8.858453825346189,7.191801686823501
MACS0329,local_vector_s200,training,4b,4,2.9186,25.814504352382425,0.7743664799994221,4.887281835622754,-10.204329612477201,11.314321304474573,12.327806278283143
MACS0329,local_vector_s200,training,5a,5,3.8528,5.027652385136446,-2.6044459199995984,-1.5214421596677852,0.8234336889865226,1.7299795621256706,1.6200782579959438
MACS0329,local_vector_s200,training,5b,5,3.8528,8.112312907892866,-4.480845120000154,1.5253305617300381,-1.096351893030589,1.8784623488107048,1.8645513029832668
MACS0329,local_vector_s200,training,6a,6,4.5734,4.744324654139696,-0.8422099199997035,-2.8428856393036988,0.5537825422470779,2.896320745749137,2.8454137931779866
MACS0329,local_vector_s200,training,6b,6,4.5734,10.580530566481322,-2.545013519999806,2.5495926851861017,-1.63646152137495,3.029592245054653,2.8434178481126087
MACS0329,local_vector_s200,training,7a,7,5.6587,16.047431947757982,-39.51393552000013,0.7842391513948532,0.7992701047536801,1.1197605757185232,0.798185234652925
MACS0329,local_vector_s200,training,7b,7,5.6587,14.367538806329412,-41.22195191999989,-0.8880297955205817,-0.9062484748618675,1.268811733836737,0.9426585502961826
MACS0329,local_vector_s200,training,8a,8,6.0204,28.739046575149953,17.49602447999994,3.1824298105954183,-2.1178852408301143,3.8227342822503925,4.112578092190751
MACS0329,local_vector_s200,training,8b,8,6.0204,-10.766393701910756,5.987684880000366,-1.6570660865333162,2.8394698694856184,3.2876218083677924,2.8769046830513005
MACS0329,local_vector_s200,training,9a,9,6.17,23.870313491335345,29.116342080000024,3.9176661150768353,7.711982039529345,8.650015882485096,10.02124301041469
MACS0329,local_vector_s200,training,9b,9,6.17,-20.98946690873011,0.6926860800005485,-1.3398070554276948,-0.01974648318734292,1.3399525623588688,0.9683406954043419
MACS0329,local_vector_s200,training,9c,9,6.17,-22.582591831884223,-5.334559920000537,-2.1949052779900553,-5.144385548276036,5.593059256673393,5.039855797637948
MACS0329,local_vector_s200,heldout,2d,2,2.1446,-29.28367398958684,-14.328349919999717,-7.580663199753177,-7.877111402369809,10.932307102960314,10.394484379872681
MACS0329,local_vector_s200,heldout,3c,3,2.7836,-37.91498926838438,-3.053938319999716,-7.23054933652539,-15.043606286848174,16.691043521051213,16.16249152593653
MACS0329,local_vector_s200,heldout,9d,9,6.17,-4.984112150802212,-18.278010719999926,22.636815671537484,-13.761760275684335,26.491724549990483,24.729939174021105
MACS0329,network_parent,training,1a,1,1.313,17.698366376210775,13.515734879999464,2.4888848792044556,0.28517269791070227,2.5051689383285605,1.8489712936702611
MACS0329,network_parent,training,1b,1,1.313,-8.564668149889947,0.6447592799998958,-1.3360520158013285,0.6417038068689236,1.4821669152551147,1.0668392366626651
MACS0329,network_parent,training,2a,2,2.1446,8.995175931509527,20.741255279999926,-1.695892067891051,7.014857029442434,7.216943192893631,8.94445469444033
MACS0329,network_parent,training,2b,2,2.1446,-7.617340513033815,17.610781680000187,-4.742352258122353,8.02096210555457,9.31803294901132,11.394614372549553
MACS0329,network_parent,training,2c,2,2.1446,11.486236798473985,-8.067474719999801,10.289406509946705,-9.998726954004555,14.347349128939145,16.028337169200388
MACS0329,network_parent,training,3a,3,2.7836,-4.93572771729396,31.20848928000033,-0.1624502035666385,2.2103585781560864,2.216320173771614,3.0948228273072056
MACS0329,network_parent,training,3b,3,2.7836,-20.884460097309216,19.790646480000085,0.7038196653070431,-0.8127226872672487,1.0751187318951412,1.3749168264105216
MACS0329,network_parent,training,4a,4,2.9186,-6.235056604512764,5.289428879999392,-8.85068829123403,1.6592553787010154,9.004877103011202,7.401282194542859
MACS0329,network_parent,training,4b,4,2.9186,25.814504352382425,0.7743664799994221,4.709758990805377,-10.132589365505686,11.173683233447733,12.1061619343456
MACS0329,network_parent,training,5a,5,3.8528,5.027652385136446,-2.6044459199995984,-1.5225229911104081,0.822782765113946,1.7306206219239197,1.6131383331743219
MACS0329,network_parent,training,5b,5,3.8528,8.112312907892866,-4.480845120000154,1.5235358016846787,-1.096988985476246,1.8773774722391818,1.8449142341650595
MACS0329,network_parent,training,6a,6,4.5734,4.744324654139696,-0.8422099199997035,-2.8456370369722777,0.549386922388909,2.8981849728201134,2.8534049029491455
MACS0329,network_parent,training,6b,6,4.5734,10.580530566481322,-2.545013519999806,2.54389768327849,-1.633696888044857,3.0233062936125275,2.803389264268081
MACS0329,network_parent,training,7a,7,5.6587,16.047431947757982,-39.51393552000013,0.7836835938690659,0.7984851178450735,1.1188111809950758,0.7974756285065456
MACS0329,network_parent,training,7b,7,5.6587,14.367538806329412,-41.22195191999989,-0.8883398652242402,-0.9068950263559057,1.2694905690771003,0.9438755471944081
MACS0329,network_parent,training,8a,8,6.0204,28.739046575149953,17.49602447999994,2.992607851090949,-2.2493257227915104,3.7436837416671214,4.106359472876267
MACS0329,network_parent,training,8b,8,6.0204,-10.766393701910756,5.987684880000366,-1.7480696636145003,2.7376129262836293,3.248118237226676,2.9035861625028665
MACS0329,network_parent,training,9a,9,6.17,23.870313491335345,29.116342080000024,3.83542903190978,7.583829102067547,8.498528090686236,9.868795912389764
MACS0329,network_parent,training,9b,9,6.17,-20.98946690873011,0.6926860800005485,-1.3193114628607223,-0.0084611967140419,1.3193385948593837,0.9685255390362632
MACS0329,network_parent,training,9c,9,6.17,-22.582591831884223,-5.334559920000537,-2.1936751302713677,-5.152894932494749,5.6004050534315075,5.1183058951276665
MACS0329,network_parent,heldout,2d,2,2.1446,-29.28367398958684,-14.328349919999717,-7.7224921009419445,-7.977240592906424,11.10284881128374,10.584637528452445
MACS0329,network_parent,heldout,3c,3,2.7836,-37.91498926838438,-3.053938319999716,-7.189074548857122,-15.020275321100291,16.652070849917727,16.28174296991465
MACS0329,network_parent,heldout,9d,9,6.17,-4.984112150802212,-18.278010719999926,23.143026204464647,-13.873888535180132,26.983039950812437,24.91556874146899
MACS0329,network_hop_080,training,1a,1,1.313,17.698366376210775,13.515734879999464,2.5208100400613564,0.29348251497473327,2.537836725376562,1.8756012981312138
MACS0329,network_hop_080,training,1b,1,1.313,-8.564668149889947,0.6447592799998958,-1.3413413234246205,0.650773811867205,1.4908732676316536,1.0726669791156747
MACS0329,network_hop_080,training,2a,2,2.1446,8.995175931509527,20.741255279999926,-1.6447516075127067,7.0366816625135655,7.226347394774923,8.968823990861738
MACS0329,network_hop_080,training,2b,2,2.1446,-7.617340513033815,17.610781680000187,-4.690893501180212,8.043343924649932,9.311276138619116,11.398709692486586
MACS0329,network_hop_080,training,2c,2,2.1446,11.486236798473985,-8.067474719999801,10.267660334640675,-10.003966775176332,14.33541767743045,16.043005324943937
MACS0329,network_hop_080,training,3a,3,2.7836,-4.93572771729396,31.20848928000033,-0.16175293090780973,2.220957912857763,2.2268403762602245,3.1094900541582047
MACS0329,network_hop_080,training,3b,3,2.7836,-20.884460097309216,19.790646480000085,0.7139463068452703,-0.8187060969598039,1.0862775898715562,1.3883367641543733
MACS0329,network_hop_080,training,4a,4,2.9186,-6.235056604512764,5.289428879999392,-8.827158676818645,1.6939101716458462,8.988217953261923,7.3806184916913145
MACS0329,network_hop_080,training,4b,4,2.9186,25.814504352382425,0.7743664799994221,4.75906159562864,-10.145379590249977,11.206131995530313,12.152877837130728
MACS0329,network_hop_080,training,5a,5,3.8528,5.027652385136446,-2.6044459199995984,-1.5225014172813998,0.8228898935207913,1.7306525770594543,1.6161431531253692
MACS0329,network_hop_080,training,5b,5,3.8528,8.112312907892866,-4.480845120000154,1.5236452811263828,-1.0966842294395653,1.8772882681677172,1.85034836257014
MACS0329,network_hop_080,training,6a,6,4.5734,4.744324654139696,-0.8422099199997035,-2.844959040340935,0.5507212623846278,2.8977725670004073,2.8529021891354756
MACS0329,network_hop_080,training,6b,6,4.5734,10.580530566481322,-2.545013519999806,2.544926246685452,-1.634031679816692,3.024352679783405,2.8139235131421154
MACS0329,network_hop_080,training,7a,7,5.6587,16.047431947757982,-39.51393552000013,0.7836566911750116,0.7985120440815693,1.1188115543587729,0.797790411406522
MACS0329,network_hop_080,training,7b,7,5.6587,14.367538806329412,-41.22195191999989,-0.8882590720110931,-0.906828130093857,1.2693862440327333,0.9441596780375773
MACS0329,network_hop_080,training,8a,8,6.0204,28.739046575149953,17.49602447999994,3.0336677713071327,-2.231713207113828,3.7661232037034944,4.118615334726686
MACS0329,network_hop_080,training,8b,8,6.0204,-10.766393701910756,5.987684880000366,-1.733860374217642,2.767001383675004,3.2653588554003568,2.909331011166876
MACS0329,network_hop_080,training,9a,9,6.17,23.870313491335345,29.116342080000024,3.8422958064013115,7.588307978141484,8.505624905614802,9.872694528987802
MACS0329,network_hop_080,training,9b,9,6.17,-20.98946690873011,0.6926860800005485,-1.3225898264873113,-0.009074399549277136,1.322620956228547,0.968097074558345
MACS0329,network_hop_080,training,9c,9,6.17,-22.582591831884223,-5.334559920000537,-2.1873017616140427,-5.145619080828825,5.5912149593223095,5.10667775494806
MACS0329,network_hop_080,heldout,2d,2,2.1446,-29.28367398958684,-14.328349919999717,-7.666312556217538,-7.934480789527691,11.033056403780535,10.532397109814491
MACS0329,network_hop_080,heldout,3c,3,2.7836,-37.91498926838438,-3.053938319999716,-7.140676864962515,-15.001794116612851,16.61454461630083,16.256043475587745
MACS0329,network_hop_080,heldout,9d,9,6.17,-4.984112150802212,-18.278010719999926,23.06408389630842,-13.854176367260091,26.905207094373043,24.91051037234915
MACS0329,network_hop_090,training,1a,1,1.313,17.698366376210775,13.515734879999464,2.5068901802834516,0.28771779391499214,2.5233469648339892,1.8642479741864326
MACS0329,network_hop_090,training,1b,1,1.313,-8.564668149889947,0.6447592799998958,-1.3386710402141413,0.6469626191838984,1.4868089267048745,1.0695233619805922
MACS0329,network_hop_090,training,2a,2,2.1446,8.995175931509527,20.741255279999926,-1.6679670512503075,7.022705869149898,7.218068426431621,8.951863103383275
MACS0329,network_hop_090,training,2b,2,2.1446,-7.617340513033815,17.610781680000187,-4.715226441287042,8.027680593624646,9.31004919997044,11.38946983390149
MACS0329,network_hop_090,training,2c,2,2.1446,11.486236798473985,-8.067474719999801,10.276539350515568,-10.000892039724933,14.339633977648399,16.040503124576293
MACS0329,network_hop_090,training,3a,3,2.7836,-4.93572771729396,31.20848928000033,-0.16334333538758491,2.214224926153906,2.220241669011915,3.100954275268254
MACS0329,network_hop_090,training,3b,3,2.7836,-20.884460097309216,19.790646480000085,0.709835048488462,-0.8171080276734581,1.0823730063850567,1.3838033742832232
MACS0329,network_hop_090,training,4a,4,2.9186,-6.235056604512764,5.289428879999392,-8.836860173560888,1.677953365180368,8.994755428736608,7.387200502659167
MACS0329,network_hop_090,training,4b,4,2.9186,25.814504352382425,0.7743664799994221,4.741652263549419,-10.141506213785231,11.19524070632998,12.13711586912247
MACS0329,network_hop_090,training,5a,5,3.8528,5.027652385136446,-2.6044459199995984,-1.5225440009129918,0.822910907409211,1.7307000306954385,1.6151914786667376
MACS0329,network_hop_090,training,5b,5,3.8528,8.112312907892866,-4.480845120000154,1.523532620216272,-1.096864336278434,1.8773020580243844,1.8484702496119525
MACS0329,network_hop_090,training,6a,6,4.5734,4.744324654139696,-0.8422099199997035,-2.845341933086503,0.5504323969362784,2.898093604385037,2.8531338688573458
MACS0329,network_hop_090,training,6b,6,4.5734,10.580530566481322,-2.545013519999806,2.5442434597082086,-1.6340880422435238,3.0238086103573534,2.810099048595655
MACS0329,network_hop_090,training,7a,7,5.6587,16.047431947757982,-39.51393552000013,0.783625982833085,0.798460322836265,1.1187531309966963,0.7975167320597587
MACS0329,network_hop_090,training,7b,7,5.6587,14.367538806329412,-41.22195191999989,-0.8883094503475342,-0.9068835432520174,1.2694610827426227,0.9439737123584124
MACS0329,network_hop_090,training,8a,8,6.0204,28.739046575149953,17.49602447999994,3.0149072261846555,-2.2424543985688308,3.7574282843670015,4.115495350310503
MACS0329,network_hop_090,training,8b,8,6.0204,-10.766393701910756,5.987684880000366,-1.7408495917776419,2.7530149092478196,3.2572455221756256,2.9053227413291047
MACS0329,network_hop_090,training,9a,9,6.17,23.870313491335345,29.116342080000024,3.838013356700259,7.584788257404994,8.500550537222766,9.868943694956112
MACS0329,network_hop_090,training,9b,9,6.17,-20.98946690873011,0.6926860800005485,-1.3199358978078473,-0.008565885229784041,1.3199636921944398,0.9675808342581599
MACS0329,network_hop_090,training,9c,9,6.17,-22.582591831884223,-5.334559920000537,-2.1894882465967815,-5.149037364806741,5.595216221573693,5.112472726646794
MACS0329,network_hop_090,heldout,2d,2,2.1446,-29.28367398958684,-14.328349919999717,-7.686330269796281,-7.956954847441197,11.06312810468199,10.557102507480245
MACS0329,network_hop_090,heldout,3c,3,2.7836,-37.91498926838438,-3.053938319999716,-7.160882418310289,-15.007744411670467,16.62860876125515,16.265890570310795
MACS0329,network_hop_090,heldout,9d,9,6.17,-4.984112150802212,-18.278010719999926,23.080939324869743,-13.863233411364268,26.924319875092202,24.912613832192203
MACS0329,network_hop_110,training,1a,1,1.313,17.698366376210775,13.515734879999464,2.481261521817483,0.27659681292116445,2.4966306367923465,1.8431140649561217
MACS0329,network_hop_110,training,1b,1,1.313,-8.564668149889947,0.6447592799998958,-1.3340126819417457,0.6408297808839791,1.4799502166117677,1.063890695297067
MACS0329,network_hop_110,training,2a,2,2.1446,8.995175931509527,20.741255279999926,-1.7039768981731118,7.001084054216432,7.205464260109216,8.922145938469518
MACS0329,network_hop_110,training,2b,2,2.1446,-7.617340513033815,17.610781680000187,-4.738603781927664,8.004814049645262,9.302226280385645,11.371037870453074
MACS0329,network_hop_110,training,2c,2,2.1446,11.486236798473985,-8.067474719999801,10.285566137724931,-10.00493257565272,14.348921444375906,16.04299962535793
MACS0329,network_hop_110,training,3a,3,2.7836,-4.93572771729396,31.20848928000033,-0.16808096579681406,2.200430173502967,2.206840311287948,3.08271067850375
MACS0329,network_hop_110,training,3b,3,2.7836,-20.884460097309216,19.790646480000085,0.7035140126303707,-0.8177655313975194,1.0787364971619124,1.3807943018811955
MACS0329,network_hop_110,training,4a,4,2.9186,-6.235056604512764,5.289428879999392,-8.849266805668247,1.6429832735856869,9.000495377210314,7.390435690385222
MACS0329,network_hop_110,training,4b,4,2.9186,25.814504352382425,0.7743664799994221,4.714709280511867,-10.143779786052573,11.185917572898234,12.124806720489723
MACS0329,network_hop_110,training,5a,5,3.8528,5.027652385136446,-2.6044459199995984,-1.522700754037269,0.8227512009746843,1.730762007050927,1.6149513928943184
MACS0329,network_hop_110,training,5b,5,3.8528,8.112312907892866,-4.480845120000154,1.5233619105648872,-1.0970090689483634,1.877248094396385,1.8470129513038414
MACS0329,network_hop_110,training,6a,6,4.5734,4.744324654139696,-0.8422099199997035,-2.8456758531466098,0.5490037536377659,2.8981504761985772,2.8552240132477777
MACS0329,network_hop_110,training,6b,6,4.5734,10.580530566481322,-2.545013519999806,2.543493583052626,-1.634164521397844,3.023219027795593,2.8065114964787283
MACS0329,network_hop_110,training,7a,7,5.6587,16.047431947757982,-39.51393552000013,0.7836562217302928,0.7985937060684293,1.118869510366918,0.7976934450571332
MACS0329,network_hop_110,training,7b,7,5.6587,14.367538806329412,-41.22195191999989,-0.8884588282654109,-0.9068286510272109,1.26952640454879,0.9437614217083993
MACS0329,network_hop_110,training,8a,8,6.0204,28.739046575149953,17.49602447999994,2.9819713122851224,-2.2629008947355795,3.743377267480068,4.11301116425544
MACS0329,network_hop_110,training,8b,8,6.0204,-10.766393701910756,5.987684880000366,-1.7515443323125683,2.7246322128698646,3.239062865006546,2.89133849213899
MACS0329,network_hop_110,training,9a,9,6.17,23.870313491335345,29.116342080000024,3.824602655819772,7.575397023179952,8.486119580450616,9.85633389210519
MACS0329,network_hop_110,training,9b,9,6.17,-20.98946690873011,0.6926860800005485,-1.314833503639239,-0.008907512135229351,1.3148636758480614,0.9652450203871533
MACS0329,network_hop_110,training,9c,9,6.17,-22.582591831884223,-5.334559920000537,-2.1929803148872415,-5.1537714970390684,5.600939502009933,5.120725980512294
MACS0329,network_hop_110,heldout,2d,2,2.1446,-29.28367398958684,-14.328349919999717,-7.734106756295222,-7.995624041117608,11.124136421523662,10.606187627835471
MACS0329,network_hop_110,heldout,3c,3,2.7836,-37.91498926838438,-3.053938319999716,-7.2032985540197725,-15.033766860864475,16.670382601643258,16.292365086209852
MACS0329,network_hop_110,heldout,9d,9,6.17,-4.984112150802212,-18.278010719999926,23.07347284943927,-13.879275100703826,26.926184777179785,24.92068728749454
MACS0329,network_hop_120,training,1a,1,1.313,17.698366376210775,13.515734879999464,2.472724747441866,0.2740580571677532,2.4878656505748062,1.8356705934778694
MACS0329,network_hop_120,training,1b,1,1.313,-8.564668149889947,0.6447592799998958,-1.3332361168428277,0.6396649926525019,1.4787460383985032,1.0633810338456289
MACS0329,network_hop_120,training,2a,2,2.1446,8.995175931509527,20.741255279999926,-1.7161489346498329,6.999974725977031,7.207275028068303,8.92023431898713
MACS0329,network_hop_120,training,2b,2,2.1446,-7.617340513033815,17.610781680000187,-4.736766730033316,8.004927217365125,9.301388004489624,11.375946569405645
MACS0329,network_hop_120,training,2c,2,2.1446,11.486236798473985,-8.067474719999801,10.285389975240202,-10.011881664838851,14.353641399084346,16.042191948776576
MACS0329,network_hop_120,training,3a,3,2.7836,-4.93572771729396,31.20848928000033,-0.16636067382966369,2.2004063899060142,2.206686238352947,3.0806954298797495
MACS0329,network_hop_120,training,3b,3,2.7836,-20.884460097309216,19.790646480000085,0.6997700469898681,-0.8150790990019483,1.0742588404542128,1.375732572211191
MACS0329,network_hop_120,training,4a,4,2.9186,-6.235056604512764,5.289428879999392,-8.853826274983671,1.6296829729762254,9.002561096710195,7.3926752938422275
MACS0329,network_hop_120,training,4b,4,2.9186,25.814504352382425,0.7743664799994221,4.703728205999776,-10.146450445916711,11.183716541801356,12.122387264254996
MACS0329,network_hop_120,training,5a,5,3.8528,5.027652385136446,-2.6044459199995984,-1.5227916295725283,0.8226557341542748,1.730796580778072,1.6152996181807395
MACS0329,network_hop_120,training,5b,5,3.8528,8.112312907892866,-4.480845120000154,1.5233627638098581,-1.0968871687537949,1.877177554505467,1.8467805790187979
MACS0329,network_hop_120,training,6a,6,4.5734,4.744324654139696,-0.8422099199997035,-2.8459134065567198,0.5483206170622819,2.898254408556094,2.8570017271629053
MACS0329,network_hop_120,training,6b,6,4.5734,10.580530566481322,-2.545013519999806,2.543588542364458,-1.6338223199802198,3.023113965121609,2.8055793309023462
MACS0329,network_hop_120,training,7a,7,5.6587,16.047431947757982,-39.51393552000013,0.7836347335773736,0.7986569069146023,1.118899571289256,0.7980960108298542
MACS0329,network_hop_120,training,7b,7,5.6587,14.367538806329412,-41.22195191999989,-0.8885585966861124,-0.9068056706727233,1.2695798139971353,0.9439901787761648
MACS0329,network_hop_120,training,8a,8,6.0204,28.739046575149953,17.49602447999994,2.9717196227314067,-2.267789367819737,3.738179521227296,4.111637328623039
MACS0329,network_hop_120,training,8b,8,6.0204,-10.766393701910756,5.987684880000366,-1.7555559879807066,2.7154945962926753,3.2335565140305857,2.8883393524049485
MACS0329,network_hop_120,training,9a,9,6.17,23.870313491335345,29.116342080000024,3.8198382670194513,7.569049760611756,8.478306355918205,9.845089617789748
MACS0329,network_hop_120,training,9b,9,6.17,-20.98946690873011,0.6926860800005485,-1.3138168744408278,-0.0070609267239760114,1.31383584828991,0.9661858142091844
MACS0329,network_hop_120,training,9c,9,6.17,-22.582591831884223,-5.334559920000537,-2.193073294433588,-5.151175757808752,5.5985875149536035,5.115934360732728
MACS0329,network_hop_120,heldout,2d,2,2.1446,-29.28367398958684,-14.328349919999717,-7.756253090423836,-7.995937520702828,11.139770142946961,10.611908097048703
MACS0329,network_hop_120,heldout,3c,3,2.7836,-37.91498926838438,-3.053938319999716,-7.2177823068439615,-15.041578987088222,16.683689036115595,16.292096830708505
MACS0329,network_hop_120,heldout,9d,9,6.17,-4.984112150802212,-18.278010719999926,23.063462478102682,-13.876532692036427,26.916193286421578,24.926163028249547
MACS0329,network_soft_100,training,1a,1,1.313,17.698366376210775,13.515734879999464,2.488756874448527,0.2832463796074292,2.5048232056725115,1.8480628460594726
MACS0329,network_soft_100,training,1b,1,1.313,-8.564668149889947,0.6447592799998958,-1.3387862271242987,0.643900430670561,1.4855828238625568,1.0703918315040828
MACS0329,network_soft_100,training,2a,2,2.1446,8.995175931509527,20.741255279999926,-1.6957580438414437,7.0145095491709695,7.216573948811422,8.947535868109185
MACS0329,network_soft_100,training,2b,2,2.1446,-7.617340513033815,17.610781680000187,-4.736949278747546,8.027519105449667,9.320930825716191,11.403301870532916
MACS0329,network_soft_100,training,2c,2,2.1446,11.486236798473985,-8.067474719999801,10.277826362651965,-10.006192583914338,14.344253370852245,16.01976545615467
MACS0329,network_soft_100,training,3a,3,2.7836,-4.93572771729396,31.20848928000033,-0.15290681478494042,2.2237229153666416,2.2289737769508173,3.109828961219787
MACS0329,network_soft_100,training,3b,3,2.7836,-20.884460097309216,19.790646480000085,0.6983481705291034,-0.801665201991405,1.0631826105449926,1.35940707602497
MACS0329,network_soft_100,training,4a,4,2.9186,-6.235056604512764,5.289428879999392,-8.85792995597502,1.6563683618580225,9.011463768729465,7.410036927988958
MACS0329,network_soft_100,training,4b,4,2.9186,25.814504352382425,0.7743664799994221,4.705560490126267,-10.127575228664508,11.167366723560946,12.091582519766082
MACS0329,network_soft_100,training,5a,5,3.8528,5.027652385136446,-2.6044459199995984,-1.5225650136701423,0.8227761368217772,1.7306544404287438,1.6126330410813547
MACS0329,network_soft_100,training,5b,5,3.8528,8.112312907892866,-4.480845120000154,1.5234876209123736,-1.0970022300448872,1.8773461118815302,1.8438956956696162
MACS0329,network_soft_100,training,6a,6,4.5734,4.744324654139696,-0.8422099199997035,-2.8457678815115335,0.5494374981690853,2.898323032347662,2.8531438110594247
MACS0329,network_soft_100,training,6b,6,4.5734,10.580530566481322,-2.545013519999806,2.543897771819965,-1.6336473225463832,3.0232795848107648,2.801388997020993
MACS0329,network_soft_100,training,7a,7,5.6587,16.047431947757982,-39.51393552000013,0.7835926430074811,0.7983851855446886,1.1186761527236901,0.7974114632582472
MACS0329,network_soft_100,training,7b,7,5.6587,14.367538806329412,-41.22195191999989,-0.8883864119362883,-0.9069745445154342,1.2695799467981572,0.9440220534335185
MACS0329,network_soft_100,training,8a,8,6.0204,28.739046575149953,17.49602447999994,2.990592707993331,-2.250979176908844,3.7430671914861615,4.105123568272006
MACS0329,network_soft_100,training,8b,8,6.0204,-10.766393701910756,5.987684880000366,-1.7528462797526205,2.7388551001730512,3.251737587842312,2.909539552830066
MACS0329,network_soft_100,training,9a,9,6.17,23.870313491335345,29.116342080000024,3.8412538279906467,7.580071673027359,8.497806631083376,9.865321695162578
MACS0329,network_soft_100,training,9b,9,6.17,-20.98946690873011,0.6926860800005485,-1.322758571549019,-0.005324965045821442,1.3227692897323935,0.9732382621501682
MACS0329,network_soft_100,training,9c,9,6.17,-22.582591831884223,-5.334559920000537,-2.1966149123011722,-5.149250947073298,5.598205282845489,5.1139896596837895
MACS0329,network_soft_100,heldout,2d,2,2.1446,-29.28367398958684,-14.328349919999717,-7.730911182565025,-7.968716864943184,11.102586914153786,10.578693830587325
MACS0329,network_soft_100,heldout,3c,3,2.7836,-37.91498926838438,-3.053938319999716,-7.189993514174871,-15.00164524853381,16.635665508080336,16.261770275070184
MACS0329,network_soft_100,heldout,9d,9,6.17,-4.984112150802212,-18.278010719999926,23.148939120493363,-13.87095919428445,26.98660577719644,24.917573248762956
MACS0329,network_soft_300,training,1a,1,1.313,17.698366376210775,13.515734879999464,2.4884689968270703,0.2863248891067808,2.5048872011113668,1.8488287865067856
MACS0329,network_soft_300,training,1b,1,1.313,-8.564668149889947,0.6447592799998958,-1.3351093527940114,0.6405215115619846,1.480805453356954,1.0654379077310425
MACS0329,network_soft_300,training,2a,2,2.1446,8.995175931509527,20.741255279999926,-1.697479552148924,7.01540292517306,7.217846980401458,8.944544186557778
MACS0329,network_soft_300,training,2b,2,2.1446,-7.617340513033815,17.610781680000187,-4.745571082875483,8.01855790189196,9.317602466762466,11.39289879058336
MACS0329,network_soft_300,training,2c,2,2.1446,11.486236798473985,-8.067474719999801,10.293744619498696,-9.995691572546127,14.348345838629902,16.02963616659697
MACS0329,network_soft_300,training,3a,3,2.7836,-4.93572771729396,31.20848928000033,-0.1642276537821689,2.2080994098621227,2.214198212920481,3.092400301697294
MACS0329,network_soft_300,training,3b,3,2.7836,-20.884460097309216,19.790646480000085,0.7046669012274115,-0.8148807899553511,1.0773050373611457,1.3777978093688616
MACS0329,network_soft_300,training,4a,4,2.9186,-6.235056604512764,5.289428879999392,-8.848582619501983,1.6597193478578196,9.002893017680824,7.398569034663485
MACS0329,network_soft_300,training,4b,4,2.9186,25.814504352382425,0.7743664799994221,4.709532815499578,-10.133737289438653,11.174628888317805,12.108952300923438
MACS0329,network_soft_300,training,5a,5,3.8528,5.027652385136446,-2.6044459199995984,-1.5225150057106966,0.8227822108511802,1.7306133332166949,1.6132003203603265
MACS0329,network_soft_300,training,5b,5,3.8528,8.112312907892866,-4.480845120000154,1.5235438634772656,-1.0969949160930952,1.8773874799500847,1.8450598323875058
MACS0329,network_soft_300,training,6a,6,4.5734,4.744324654139696,-0.8422099199997035,-2.8456233439811895,0.5493438757468244,2.8981633683474834,2.8534568383508723
MACS0329,network_soft_300,training,6b,6,4.5734,10.580530566481322,-2.545013519999806,2.543853327571761,-1.6337262148205178,3.023284819065134,2.80368792293291
MACS0329,network_soft_300,training,7a,7,5.6587,16.047431947757982,-39.51393552000013,0.7837080526492324,0.798500842466264,1.1188395359507928,0.7974362081182158
MACS0329,network_soft_300,training,7b,7,5.6587,14.367538806329412,-41.22195191999989,-0.8883274022751398,-0.9068838745320499,1.2694738813851827,0.9438057240615154
MACS0329,network_soft_300,training,8a,8,6.0204,28.739046575149953,17.49602447999994,2.992587179960578,-2.247923622342969,3.742824954703591,4.10535775092807
MACS0329,network_soft_300,training,8b,8,6.0204,-10.766393701910756,5.987684880000366,-1.7463943307246568,2.7367602380617475,3.2464980762389213,2.9015672821677194
MACS0329,network_soft_300,training,9a,9,6.17,23.870313491335345,29.116342080000024,3.83409243524342,7.586321901002602,8.500149692071462,9.871787658365362
MACS0329,network_soft_300,training,9b,9,6.17,-20.98946690873011,0.6926860800005485,-1.3185796324221473,-0.009703294957752134,1.318615334724863,0.9672514043371092
MACS0329,network_soft_300,training,9c,9,6.17,-22.582591831884223,-5.334559920000537,-2.1931835180353643,-5.15442133369221,5.601617019129686,5.119981942199329
MACS0329,network_soft_300,heldout,2d,2,2.1446,-29.28367398958684,-14.328349919999717,-7.721713926134967,-7.980554466894382,11.10468889956556,10.587685789926558
MACS0329,network_soft_300,heldout,3c,3,2.7836,-37.91498926838438,-3.053938319999716,-7.191029201618818,-15.026216543800537,16.65827375809749,16.288347431348964
MACS0329,network_soft_300,heldout,9d,9,6.17,-4.984112150802212,-18.278010719999926,23.141852835564467,-13.875279724226667,26.982748934985455,24.914086236602735
MACS0329,network_power_150,training,1a,1,1.313,17.698366376210775,13.515734879999464,2.488516860429734,0.28559886942456814,2.504851867647995,1.8488010950960359
MACS0329,network_power_150,training,1b,1,1.313,-8.564668149889947,0.6447592799998958,-1.3354998225226562,0.641116609807432,1.481414959870806,1.06609796279867
MACS0329,network_power_150,training,2a,2,2.1446,8.995175931509527,20.741255279999926,-1.6967873640705453,7.014871542220039,7.217167734833244,8.94408905250359
MACS0329,network_power_150,training,2b,2,2.1446,-7.617340513033815,17.610781680000187,-4.744141810930781,8.019511773568151,9.317695563207664,11.393375285583
MACS0329,network_power_150,training,2c,2,2.1446,11.486236798473985,-8.067474719999801,10.291727727530043,-9.997262590455291,14.347993550323597,16.029319492334437
MACS0329,network_power_150,training,3a,3,2.7836,-4.93572771729396,31.20848928000033,-0.1636446816644476,2.2087735035940668,2.214827300720367,3.0930917937681754
MACS0329,network_power_150,training,3b,3,2.7836,-20.884460097309216,19.790646480000085,0.7044398388923058,-0.8141142854697186,1.0765767768368812,1.3767922395967096
MACS0329,network_power_150,training,4a,4,2.9186,-6.235056604512764,5.289428879999392,-8.84970759289067,1.659377072178768,9.00393562545509,7.399990944780957
MACS0329,network_power_150,training,4b,4,2.9186,25.814504352382425,0.7743664799994221,4.709678110404904,-10.133234958074913,11.174234587620694,12.107761671996714
MACS0329,network_power_150,training,5a,5,3.8528,5.027652385136446,-2.6044459199995984,-1.5225195347273381,0.8227829383656247,1.7306176635212993,1.6131856914982443
MACS0329,network_power_150,training,5b,5,3.8528,8.112312907892866,-4.480845120000154,1.5235391124504323,-1.0969915158731693,1.8773816375643937,1.8450065023087192
MACS0329,network_power_150,training,6a,6,4.5734,4.744324654139696,-0.8422099199997035,-2.845630042154679,0.5493629664992574,2.8981735637766946,2.853453587552762
MACS0329,network_power_150,training,6b,6,4.5734,10.580530566481322,-2.545013519999806,2.5438735706498172,-1.6337086145016388,3.023292341231247,2.803572437940847
MACS0329,network_power_150,training,7a,7,5.6587,16.047431947757982,-39.51393552000013,0.7836987967418713,0.7984951704292849,1.1188290044566906,0.7974618341017662
MACS0329,network_power_150,training,7b,7,5.6587,14.367538806329412,-41.22195191999989,-0.888334155186583,-0.9068885486011735,1.2694819458562627,0.9438442484915834
MACS0329,network_power_150,training,8a,8,6.0204,28.739046575149953,17.49602447999994,2.9924828691586307,-2.248827224712824,3.7432843344872233,4.1060115393984224
MACS0329,network_power_150,training,8b,8,6.0204,-10.766393701910756,5.987684880000366,-1.747300706312867,2.7370955422345125,3.2472683544175225,2.902550949364911
MACS0329,network_power_150,training,9a,9,6.17,23.870313491335345,29.116342080000024,3.8345541863044397,7.5848478900927345,8.499042494513667,9.869978724010798
MACS0329,network_power_150,training,9b,9,6.17,-20.98946690873011,0.6926860800005485,-1.3188887680809525,-0.009118902536809345,1.3189202921153227,0.9678247299813575
MACS0329,network_power_150,training,9c,9,6.17,-22.582591831884223,-5.334559920000537,-2.1933561614648887,-5.153687734576291,5.601009597970538,5.119328145789794
MACS0329,network_power_150,heldout,2d,2,2.1446,-29.28367398958684,-14.328349919999717,-7.722002581763252,-7.979182323229631,11.103903566768695,10.586672150339655
MACS0329,network_power_150,heldout,3c,3,2.7836,-37.91498926838438,-3.053938319999716,-7.189746903773574,-15.023327703646048,16.655114404634407,16.285487072788996
MACS0329,network_power_150,heldout,9d,9,6.17,-4.984112150802212,-18.278010719999926,23.142249931510936,-13.874768263263702,26.982826505979457,24.915077964542853
MACS0329,network_power_250,training,1a,1,1.313,17.698366376210775,13.515734879999464,2.4892750277531968,0.28479563310980915,2.5055136631904635,1.8491222542084766
MACS0329,network_power_250,training,1b,1,1.313,-8.564668149889947,0.6447592799998958,-1.336663095341905,0.6422648419261594,1.482960672986117,1.0675980757533206
MACS0329,network_power_250,training,2a,2,2.1446,8.995175931509527,20.741255279999926,-1.6951098277181027,7.014879691895045,7.216781444646084,8.945057427883714
MACS0329,network_power_250,training,2b,2,2.1446,-7.617340513033815,17.610781680000187,-4.740609844709968,8.022441733797152,9.318420095269976,11.396130912616949
MACS0329,network_power_250,training,2c,2,2.1446,11.486236798473985,-8.067474719999801,10.286773597486464,-10.000169864380432,14.346466755351546,16.026908251562094
MACS0329,network_power_250,training,3a,3,2.7836,-4.93572771729396,31.20848928000033,-0.16100808875475253,2.21234786384552,2.218198971081335,3.0970514195822636
MACS0329,network_power_250,training,3b,3,2.7836,-20.884460097309216,19.790646480000085,0.703049844522891,-0.8110813180768724,1.0733741139122825,1.3726889300482954
MACS0329,network_power_250,training,4a,4,2.9186,-6.235056604512764,5.289428879999392,-8.851799751664267,1.6590509606080537,9.005931874795527,7.402649109725411
MACS0329,network_power_250,training,4b,4,2.9186,25.814504352382425,0.7743664799994221,4.709681839927169,-10.131802833938425,11.172937469579898,12.104055207995264
MACS0329,network_power_250,training,5a,5,3.8528,5.027652385136446,-2.6044459199995984,-1.5225270295262276,0.8227783908978548,1.7306220951341231,1.6130589602237133
MACS0329,network_power_250,training,5b,5,3.8528,8.112312907892866,-4.480845120000154,1.5235293230589295,-1.0969902776139686,1.8773729697105932,1.8447811447086593
MACS0329,network_power_250,training,6a,6,4.5734,4.744324654139696,-0.8422099199997035,-2.845634959288808,0.5494050657012278,2.89818637215497,2.8533042414587317
MACS0329,network_power_250,training,6b,6,4.5734,10.580530566481322,-2.545013519999806,2.5439140264486504,-1.633696860066111,3.023320030124508,2.8031349254283375
MACS0329,network_power_250,training,7a,7,5.6587,16.047431947757982,-39.51393552000013,0.7836664637441866,0.7984718532258042,1.1187897151793846,0.7974788100204537
MACS0329,network_power_250,training,7b,7,5.6587,14.367538806329412,-41.22195191999989,-0.888346967686712,-0.9069042667978973,1.2695021402638154,0.9439030091584015
MACS0329,network_power_250,training,8a,8,6.0204,28.739046575149953,17.49602447999994,2.9925838401431424,-2.249745432804113,3.743916739553491,4.106471743012987
MACS0329,network_power_250,training,8b,8,6.0204,-10.766393701910756,5.987684880000366,-1.7488513650740944,2.7380803068635973,3.2489328808019065,2.904633502299459
MACS0329,network_power_250,training,9a,9,6.17,23.870313491335345,29.116342080000024,3.8363885996036293,7.583000429175403,8.49822175493456,9.867940032470653
MACS0329,network_power_250,training,9b,9,6.17,-20.98946690873011,0.6926860800005485,-1.3198602122410827,-0.007831314383698244,1.319883445362526,0.9693266518648241
MACS0329,network_power_250,training,9c,9,6.17,-22.582591831884223,-5.334559920000537,-2.194129542140013,-5.152143684654442,5.599891873511148,5.117344061647818
MACS0329,network_power_250,heldout,2d,2,2.1446,-29.28367398958684,-14.328349919999717,-7.723336623169587,-7.975355344389038,11.102081852700753,10.582789744769741
MACS0329,network_power_250,heldout,3c,3,2.7836,-37.91498926838438,-3.053938319999716,-7.188862740442154,-15.017284458757848,16.649281666671612,16.278127379222084
MACS0329,network_power_250,heldout,9d,9,6.17,-4.984112150802212,-18.278010719999926,23.14360595640505,-13.873198433148023,26.98318238145471,24.915840674928425
MACS0329,network_target_050,training,1a,1,1.313,17.698366376210775,13.515734879999464,2.451189738582059,0.26000971258627437,2.4649414161738568,1.819218795427396
MACS0329,network_target_050,training,1b,1,1.313,-8.564668149889947,0.6447592799998958,-1.3284042321099432,0.6352158559442699,1.4724662941916937,1.057655466820212
MACS0329,network_target_050,training,2a,2,2.1446,8.995175931509527,20.741255279999926,-1.740057156010768,6.965639329060144,7.179688723665793,8.881066943939505
MACS0329,network_target_050,training,2b,2,2.1446,-7.617340513033815,17.610781680000187,-4.753776429633509,7.967305937881153,9.277734327449531,11.337338026275294
MACS0329,network_target_050,training,2c,2,2.1446,11.486236798473985,-8.067474719999801,10.283218255183815,-10.012919208016339,14.352809089164678,16.064187294050527
MACS0329,network_target_050,training,3a,3,2.7836,-4.93572771729396,31.20848928000033,-0.16578751643368905,2.1968118513033366,2.20305873971441,3.077037465682111
MACS0329,network_target_050,training,3b,3,2.7836,-20.884460097309216,19.790646480000085,0.6963745611252664,-0.8097095518867626,1.0679733553788078,1.368133627377623
MACS0329,network_target_050,training,4a,4,2.9186,-6.235056604512764,5.289428879999392,-8.874504419691991,1.596044937019373,9.016883504632732,7.400816105720583
MACS0329,network_target_050,training,4b,4,2.9186,25.814504352382425,0.7743664799994221,4.6908918595455935,-10.157041185565692,11.187937794036435,12.12436125409791
MACS0329,network_target_050,training,5a,5,3.8528,5.027652385136446,-2.6044459199995984,-1.5224649737862017,0.8220461347029564,1.730219478559264,1.6147719192225853
MACS0329,network_target_050,training,5b,5,3.8528,8.112312907892866,-4.480845120000154,1.5236144546486272,-1.0972204752578314,1.8775765704064522,1.8481883105442072
MACS0329,network_target_050,training,6a,6,4.5734,4.744324654139696,-0.8422099199997035,-2.8438999696864564,0.5459962526270246,2.895838211203344,2.855708872996954
MACS0329,network_target_050,training,6b,6,4.5734,10.580530566481322,-2.545013519999806,2.544437756081379,-1.6342480889145314,3.0240585825498227,2.8084970909099467
MACS0329,network_target_050,training,7a,7,5.6587,16.047431947757982,-39.51393552000013,0.7831973028469733,0.7984951345197432,1.1184777579542995,0.7983096863969328
MACS0329,network_target_050,training,7b,7,5.6587,14.367538806329412,-41.22195191999989,-0.8885944863045574,-0.9068080714882366,1.269606647590928,0.9444049844341516
MACS0329,network_target_050,training,8a,8,6.0204,28.739046575149953,17.49602447999994,2.9474069169520516,-2.280798528478372,3.726828338092044,4.109812514719474
MACS0329,network_target_050,training,8b,8,6.0204,-10.766393701910756,5.987684880000366,-1.7596392165733625,2.6944164823407526,3.218106640994427,2.8748980592430318
MACS0329,network_target_050,training,9a,9,6.17,23.870313491335345,29.116342080000024,3.806252244832705,7.5715597479142955,8.474436451324063,9.852973166531218
MACS0329,network_target_050,training,9b,9,6.17,-20.98946690873011,0.6926860800005485,-1.3066337762994815,-0.00959674500392451,1.3066690181072305,0.9597105648692652
MACS0329,network_target_050,training,9c,9,6.17,-22.582591831884223,-5.334559920000537,-2.192278876517006,-5.161122354595739,5.60742994887413,5.130610076567519
MACS0329,network_target_050,heldout,2d,2,2.1446,-29.28367398958684,-14.328349919999717,-7.772541470808569,-8.043464534718199,11.185245756652309,10.658484300585158
MACS0329,network_target_050,heldout,3c,3,2.7836,-37.91498926838438,-3.053938319999716,-7.246503837364804,-15.054789478695254,16.708037111305927,16.312986599911163
MACS0329,network_target_050,heldout,9d,9,6.17,-4.984112150802212,-18.278010719999926,22.929687419920075,-13.888508901936335,26.807857890820102,24.919598726588067
MACS0329,network_target_150,training,1a,1,1.313,17.698366376210775,13.515734879999464,2.5060593157039617,0.30353359108126904,2.5243743650142902,1.8618783387393953
MACS0329,network_target_150,training,1b,1,1.313,-8.564668149889947,0.6447592799998958,-1.3407228975442997,0.6440476716282586,1.487392110819929,1.0729949409720372
MACS0329,network_target_150,training,2a,2,2.1446,8.995175931509527,20.741255279999926,-1.6849348749336097,7.053464394366851,7.251921503668422,9.003340477109887
MACS0329,network_target_150,training,2b,2,2.1446,-7.617340513033815,17.610781680000187,-4.747004479005077,8.060514563097358,9.354461317766987,11.462800271653158
MACS0329,network_target_150,training,2c,2,2.1446,11.486236798473985,-8.067474719999801,10.290411096945629,-9.987319826524013,14.34012265852079,15.9807408814302
MACS0329,network_target_150,training,3a,3,2.7836,-4.93572771729396,31.20848928000033,-0.1464312125885017,2.236758719662775,2.2415467137687757,3.124696100906114
MACS0329,network_target_150,training,3b,3,2.7836,-20.884460097309216,19.790646480000085,0.7009868886014015,-0.7995413018694643,1.063319759708335,1.3569827497347093
MACS0329,network_target_150,training,4a,4,2.9186,-6.235056604512764,5.289428879999392,-8.845779455316801,1.6900024315136897,9.005771615504525,7.414097102443742
MACS0329,network_target_150,training,4b,4,2.9186,25.814504352382425,0.7743664799994221,4.702865722828642,-10.108864415316798,11.149263911766319,12.06848107751657
MACS0329,network_target_150,training,5a,5,3.8528,5.027652385136446,-2.6044459199995984,-1.5226237349696314,0.8234207651993544,1.7310126501139038,1.6112440789164761
MACS0329,network_target_150,training,5b,5,3.8528,8.112312907892866,-4.480845120000154,1.523559909156427,-1.0968224569128109,1.8772997359976895,1.8410213259593908
MACS0329,network_target_150,training,6a,6,4.5734,4.744324654139696,-0.8422099199997035,-2.8472637480108114,0.5514600345023057,2.900175687848903,2.8522001098721015
MACS0329,network_target_150,training,6b,6,4.5734,10.580530566481322,-2.545013519999806,2.5439474376772235,-1.6330574312133115,3.0230026694175334,2.7969482388171376
MACS0329,network_target_150,training,7a,7,5.6587,16.047431947757982,-39.51393552000013,0.7840613543592558,0.7985347538407243,1.119111236871088,0.7973173079184174
MACS0329,network_target_150,training,7b,7,5.6587,14.367538806329412,-41.22195191999989,-0.8881731809633246,-0.9069229746522695,1.2693939031422168,0.9438707529757556
MACS0329,network_target_150,training,8a,8,6.0204,28.739046575149953,17.49602447999994,3.0136236849831612,-2.2215865756496966,3.743978449163194,4.091169571712432
MACS0329,network_target_150,training,8b,8,6.0204,-10.766393701910756,5.987684880000366,-1.7441673669306557,2.762864191046241,3.2673442337824485,2.9298444074598047
MACS0329,network_target_150,training,9a,9,6.17,23.870313491335345,29.116342080000024,3.8606606530330754,7.593781816061891,8.518815818400466,9.883310972577421
MACS0329,network_target_150,training,9b,9,6.17,-20.98946690873011,0.6926860800005485,-1.3313171326520399,-0.005597316213151169,1.3313288991235934,0.979677808136062
MACS0329,network_target_150,training,9c,9,6.17,-22.582591831884223,-5.334559920000537,-2.1959952108229572,-5.144603400106995,5.593687434094777,5.1075770190032825
MACS0329,network_target_150,heldout,2d,2,2.1446,-29.28367398958684,-14.328349919999717,-7.709124678970802,-7.922217176098156,11.054054835271142,10.53127886430458
MACS0329,network_target_150,heldout,3c,3,2.7836,-37.91498926838438,-3.053938319999716,-7.1548168987145955,-14.979300277821032,16.60032655303085,16.246821126311623
MACS0329,network_target_150,heldout,9d,9,6.17,-4.984112150802212,-18.278010719999926,23.391929700139293,-13.873723574148736,27.196738424085876,24.913436164865796
MACS0329,network_target_200,training,1a,1,1.313,17.698366376210775,13.515734879999464,2.5047569059881516,0.3107442311994759,2.523959020134656,1.8609402084780158
MACS0329,network_target_200,training,1b,1,1.313,-8.564668149889947,0.6447592799998958,-1.3399505408702883,0.6437133200345727,1.4865511395066469,1.0743901348164973
MACS0329,network_target_200,training,2a,2,2.1446,8.995175931509527,20.741255279999926,-1.6950182430076577,7.072736213349131,7.273010682499303,9.035225729280812
MACS0329,network_target_200,training,2b,2,2.1446,-7.617340513033815,17.610781680000187,-4.759833837178745,8.076277356796895,9.374554608164699,11.506769059469729
MACS0329,network_target_200,training,2c,2,2.1446,11.486236798473985,-8.067474719999801,10.296032536360059,-9.982217110242424,14.340604744075527,15.953873661754285
MACS0329,network_target_200,training,3a,3,2.7836,-4.93572771729396,31.20848928000033,-0.13213959836404182,2.2561676595474536,2.2600339336929536,3.144995291444486
MACS0329,network_target_200,training,3b,3,2.7836,-20.884460097309216,19.790646480000085,0.6958605223572767,-0.7850076301594883,1.0490275716033197,1.3357245513747462
MACS0329,network_target_200,training,4a,4,2.9186,-6.235056604512764,5.289428879999392,-8.849091603608484,1.6968679466466159,9.010315368365907,7.427268683764543
MACS0329,network_target_200,training,4b,4,2.9186,25.814504352382425,0.7743664799994221,4.687684332099517,-10.097108686034648,11.1322050023797,12.043856660611116
MACS0329,network_target_200,training,5a,5,3.8528,5.027652385136446,-2.6044459199995984,-1.5227459607601157,0.8238513774174299,1.731325028145739,1.610681508427056
MACS0329,network_target_200,training,5b,5,3.8528,8.112312907892866,-4.480845120000154,1.5236167154691749,-1.096680292829074,1.8772627840387026,1.8390105914625006
MACS0329,network_target_200,training,6a,6,4.5734,4.744324654139696,-0.8422099199997035,-2.8485514964067056,0.5523436679255814,2.901608029210418,2.853260432819286
MACS0329,network_target_200,training,6b,6,4.5734,10.580530566481322,-2.545013519999806,2.544105826293724,-1.6324580778437927,3.022812238843015,2.793282724650208
MACS0329,network_target_200,training,7a,7,5.6587,16.047431947757982,-39.51393552000013,0.7842264735835726,0.7985889490955018,1.1192655947034127,0.7975542206251299
MACS0329,network_target_200,training,7b,7,5.6587,14.367538806329412,-41.22195191999989,-0.8881405919135787,-0.9069227131995101,1.2693709145564045,0.9441492661227773
MACS0329,network_target_200,training,8a,8,6.0204,28.739046575149953,17.49602447999994,3.017933380038393,-2.205817072245612,3.7381212985348884,4.078820733752607
MACS0329,network_target_200,training,8b,8,6.0204,-10.766393701910756,5.987684880000366,-1.744728980932164,2.7709929833958244,3.274520015350873,2.945212388022535
MACS0329,network_target_200,training,9a,9,6.17,23.870313491335345,29.116342080000024,3.87451223660983,7.596426012507753,8.52745760676321,9.887640249472058
MACS0329,network_target_200,training,9b,9,6.17,-20.98946690873011,0.6926860800005485,-1.3368317162958647,-0.0028464855075019044,1.3368347467710031,0.986767373452618
MACS0329,network_target_200,training,9c,9,6.17,-22.582591831884223,-5.334559920000537,-2.195819358456381,-5.138852419281719,5.5883295216128195,5.101915797347512
MACS0329,network_target_200,heldout,2d,2,2.1446,-29.28367398958684,-14.328349919999717,-7.711418180514489,-7.8917002904790206,11.03380731341254,10.505143987159814
MACS0329,network_target_200,heldout,3c,3,2.7836,-37.91498926838438,-3.053938319999716,-7.133054074852315,-14.940752263382933,16.55616316151026,16.215912693520856
MACS0329,network_target_200,heldout,9d,9,6.17,-4.984112150802212,-18.278010719999926,23.575021957401656,-13.880346162452984,27.357735101457017,24.920739848074717
MACS0329,network_link_125,training,1a,1,1.313,17.698366376210775,13.515734879999464,2.489818489543488,0.2843101062698372,2.505998473143945,1.8489810610863402
MACS0329,network_link_125,training,1b,1,1.313,-8.564668149889947,0.6447592799998958,-1.3385320789060524,0.6434430339687152,1.4851555690308755,1.0697345882290252
MACS0329,network_link_125,training,2a,2,2.1446,8.995175931509527,20.741255279999926,-1.6947719765262466,7.015572705897464,7.217375731119459,8.948442206591563
MACS0329,network_link_125,training,2b,2,2.1446,-7.617340513033815,17.610781680000187,-4.737068692055161,8.026935671252204,9.320489046378965,11.402499764446356
MACS0329,network_link_125,training,2c,2,2.1446,11.486236798473985,-8.067474719999801,10.279490693055328,-10.004039771129928,14.343944389565948,16.020516263482072
MACS0329,network_link_125,training,3a,3,2.7836,-4.93572771729396,31.20848928000033,-0.15450910427689868,2.2217264565916475,2.227092613975388,3.107705004192786
MACS0329,network_link_125,training,3b,3,2.7836,-20.884460097309216,19.790646480000085,0.6993063938247335,-0.8037931053823938,1.0654167206799532,1.3624633416512182
MACS0329,network_link_125,training,4a,4,2.9186,-6.235056604512764,5.289428879999392,-8.85573661837446,1.6577002505240748,9.009552773284915,7.407391400092982
MACS0329,network_link_125,training,4b,4,2.9186,25.814504352382425,0.7743664799994221,4.707122067673998,-10.12859964275637,11.168953795375286,12.094815172507626
MACS0329,network_link_125,training,5a,5,3.8528,5.027652385136446,-2.6044459199995984,-1.5225459427264905,0.8227667260747232,1.7306331885320518,1.6126721587778337
MACS0329,network_link_125,training,5b,5,3.8528,8.112312907892866,-4.480845120000154,1.5235042538186552,-1.0970030977965097,1.8773601167540224,1.8440973895255135
MACS0329,network_link_125,training,6a,6,4.5734,4.744324654139696,-0.8422099199997035,-2.8456866041071534,0.5494311981387957,2.8982420344552207,2.852998571096441
MACS0329,network_link_125,training,6b,6,4.5734,10.580530566481322,-2.545013519999806,2.5439237228684246,-1.6336859757134268,3.0233223074980735,2.8018310353127966
MACS0329,network_link_125,training,7a,7,5.6587,16.047431947757982,-39.51393552000013,0.7836084542905027,0.7984088936984112,1.1187041481876572,0.7974156654436265
MACS0329,network_link_125,training,7b,7,5.6587,14.367538806329412,-41.22195191999989,-0.8883720626447685,-0.9069526049838257,1.2695542325456868,0.9439675491604561
MACS0329,network_link_125,training,8a,8,6.0204,28.739046575149953,17.49602447999994,2.9918441457266374,-2.2497588755846696,3.7433335932816285,4.105009756215572
MACS0329,network_link_125,training,8b,8,6.0204,-10.766393701910756,5.987684880000366,-1.7512257818686705,2.739128144713695,3.251094389931523,2.9080876451792217
MACS0329,network_link_125,training,9a,9,6.17,23.870313491335345,29.116342080000024,3.840526236136272,7.58203094633076,8.49922555540023,9.867628582272186
MACS0329,network_link_125,training,9b,9,6.17,-20.98946690873011,0.6926860800005485,-1.3221511719420607,-0.006050944085415793,1.3221650182152338,0.9722537833764267
MACS0329,network_link_125,training,9c,9,6.17,-22.582591831884223,-5.334559920000537,-2.1961487285532737,-5.150098752745128,5.598802229133754,5.114455838066542
MACS0329,network_link_125,heldout,2d,2,2.1446,-29.28367398958684,-14.328349919999717,-7.728514799500753,-7.969713356189189,11.101633753007821,10.578093447113838
MACS0329,network_link_125,heldout,3c,3,2.7836,-37.91498926838438,-3.053938319999716,-7.1905490694147085,-15.00677902838039,16.640535229562126,16.265953228589115
MACS0329,network_link_125,heldout,9d,9,6.17,-4.984112150802212,-18.278010719999926,23.147049481389907,-13.87134339484293,26.985182364986258,24.915779762795218
MACS0329,network_link_500,training,1a,1,1.313,17.698366376210775,13.515734879999464,2.4884560967676554,0.28589003266147706,2.504824715686768,1.848861910681061
MACS0329,network_link_500,training,1b,1,1.313,-8.564668149889947,0.6447592799998958,-1.3350548627653978,0.6406666243224359,1.4808191010769143,1.0654484454982194
MACS0329,network_link_500,training,2a,2,2.1446,8.995175931509527,20.741255279999926,-1.6971357351015284,7.014719375371026,7.217101746446719,8.943554601616007
MACS0329,network_link_500,training,2b,2,2.1446,-7.617340513033815,17.610781680000187,-4.745374086235822,8.01809619257151,9.31710479557079,11.39190388420179
MACS0329,network_link_500,training,2c,2,2.1446,11.486236798473985,-8.067474719999801,10.293331702709645,-9.99593605255579,14.348219928227754,16.030361164078812
MACS0329,network_link_500,training,3a,3,2.7836,-4.93572771729396,31.20848928000033,-0.1651598333557547,2.2067236474877108,2.212895620433907,3.0908715088807805
MACS0329,network_link_500,training,3b,3,2.7836,-20.884460097309216,19.790646480000085,0.705301847779656,-0.8158964886354672,1.0784886539269118,1.379291795111123
MACS0329,network_link_500,training,4a,4,2.9186,-6.235056604512764,5.289428879999392,-8.8487063295993,1.6596724244808803,9.003005957127485,7.398573623409792
MACS0329,network_link_500,training,4b,4,2.9186,25.814504352382425,0.7743664799994221,4.710207344636289,-10.133973457834177,11.175127349321494,12.109631303053767
MACS0329,network_link_500,training,5a,5,3.8528,5.027652385136446,-2.6044459199995984,-1.5225139379194594,0.8227759374219782,1.7306094112651862,1.6132350257274561
MACS0329,network_link_500,training,5b,5,3.8528,8.112312907892866,-4.480845120000154,1.5235403419538147,-1.0969964792829185,1.8773855355573255,1.8451358385999377
MACS0329,network_link_500,training,6a,6,4.5734,4.744324654139696,-0.8422099199997035,-2.8455886590262827,0.5493395144215684,2.8981284855030016,2.8534261414330073
MACS0329,network_link_500,training,6b,6,4.5734,10.580530566481322,-2.545013519999806,2.5438544579829308,-1.6337392462435227,3.0232928121695366,2.803837054844911
MACS0329,network_link_500,training,7a,7,5.6587,16.047431947757982,-39.51393552000013,0.783713205535673,0.7985071418523572,1.1188476411559443,0.7974535133440462
MACS0329,network_link_500,training,7b,7,5.6587,14.367538806329412,-41.22195191999989,-0.888328777522496,-0.9068800657822366,1.2694721228478418,0.9438125962468831
MACS0329,network_link_500,training,8a,8,6.0204,28.739046575149953,17.49602447999994,2.9924697499735355,-2.2485880516357093,3.743130164777275,4.1059459639792575
MACS0329,network_link_500,training,8b,8,6.0204,-10.766393701910756,5.987684880000366,-1.7465301813269887,2.7366971124524624,3.24651794382716,2.9014610917185717
MACS0329,network_link_500,training,9a,9,6.17,23.870313491335345,29.116342080000024,3.8335134589183033,7.585726514903674,8.499357163846005,9.870998102213328
MACS0329,network_link_500,training,9b,9,6.17,-20.98946690873011,0.6926860800005485,-1.3184580036877123,-0.009768213557291305,1.3184941886425925,0.9671093004728053
MACS0329,network_link_500,training,9c,9,6.17,-22.582591831884223,-5.334559920000537,-2.193046565632327,-5.154474468363498,5.601612293263691,5.120381395785589
MACS0329,network_link_500,heldout,2d,2,2.1446,-29.28367398958684,-14.328349919999717,-7.721059231491195,-7.981157227696142,11.104666872509133,10.58854883375993
MACS0329,network_link_500,heldout,3c,3,2.7836,-37.91498926838438,-3.053938319999716,-7.190297685166211,-15.026967391622215,16.658635291949455,16.289743810304397
MACS0329,network_link_500,heldout,9d,9,6.17,-4.984112150802212,-18.278010719999926,23.139734590205027,-13.875758084967861,26.981178242205843,24.91444077827384
MACS0329,network_top_001,training,1a,1,1.313,17.698366376210775,13.515734879999464,2.503128898569305,0.34731677229870056,2.5271096579240027,1.854373801499644
MACS0329,network_top_001,training,1b,1,1.313,-8.564668149889947,0.6447592799998958,-1.334527391045111,0.6192780135442152,1.4712133140741146,1.0559067185135178
MACS0329,network_top_001,training,2a,2,2.1446,8.995175931509527,20.741255279999926,-1.709383459725999,7.089265266127594,7.292439497582957,9.047763342218948
MACS0329,network_top_001,training,2b,2,2.1446,-7.617340513033815,17.610781680000187,-4.825111649119453,8.03793126659683,9.374968878508513,11.512754538646972
MACS0329,network_top_001,training,2c,2,2.1446,11.486236798473985,-8.067474719999801,10.363614585074815,-9.893992507481142,14.32813997021485,15.946545723962522
MACS0329,network_top_001,training,3a,3,2.7836,-4.93572771729396,31.20848928000033,-0.12227590763481139,2.2568307761776234,2.2601408252342177,3.1423166621183265
MACS0329,network_top_001,training,3b,3,2.7836,-20.884460097309216,19.790646480000085,0.6768517610338214,-0.7693075309651358,1.0246767215147705,1.3127110612977402
MACS0329,network_top_001,training,4a,4,2.9186,-6.235056604512764,5.289428879999392,-8.804733791500517,1.6873450042954903,8.96495790858563,7.376295442858419
MACS0329,network_top_001,training,4b,4,2.9186,25.814504352382425,0.7743664799994221,4.644185845172274,-10.092170793731077,11.109472241935576,12.053318445290401
MACS0329,network_top_001,training,5a,5,3.8528,5.027652385136446,-2.6044459199995984,-1.5216931252064907,0.82174299439494,1.729396286609249,1.6048733419333776
MACS0329,network_top_001,training,5b,5,3.8528,8.112312907892866,-4.480845120000154,1.524023783950561,-1.0976584856988356,1.8781647013171254,1.8374436711799222
MACS0329,network_top_001,training,6a,6,4.5734,4.744324654139696,-0.8422099199997035,-2.843552648253097,0.5468446220039289,2.8956572145200163,2.8430719518090966
MACS0329,network_top_001,training,6b,6,4.5734,10.580530566481322,-2.545013519999806,2.542248449801013,-1.6356331443925605,3.0229659216655334,2.79214537662652
MACS0329,network_top_001,training,7a,7,5.6587,16.047431947757982,-39.51393552000013,0.7835398946080642,0.7978095558366769,1.11822844438278,0.7958257555506715
MACS0329,network_top_001,training,7b,7,5.6587,14.367538806329412,-41.22195191999989,-0.8883251590752553,-0.9074722187726827,1.269892678965547,0.9441156949060525
MACS0329,network_top_001,training,8a,8,6.0204,28.739046575149953,17.49602447999994,2.978258913379771,-2.1882354230344836,3.6957273197232716,4.031933606492245
MACS0329,network_top_001,training,8b,8,6.0204,-10.766393701910756,5.987684880000366,-1.726308973557321,2.7390323902566958,3.2376598195393904,2.9144365566909722
MACS0329,network_top_001,training,9a,9,6.17,23.870313491335345,29.116342080000024,3.8467251822954833,7.6360874732922355,8.550270552905143,9.931553058515645
MACS0329,network_top_001,training,9b,9,6.17,-20.98946690873011,0.6926860800005485,-1.3206415494274215,-0.0059838280659156315,1.3206551057230584,0.9750658751069685
MACS0329,network_top_001,training,9c,9,6.17,-22.582591831884223,-5.334559920000537,-2.1937766672944266,-5.159293252523423,5.606332395737803,5.1021605414211
MACS0329,network_top_001,heldout,2d,2,2.1446,-29.28367398958684,-14.328349919999717,-7.73071907889237,-7.937456402723303,11.080037527999787,10.511138818147908
MACS0329,network_top_001,heldout,3c,3,2.7836,-37.91498926838438,-3.053938319999716,-7.228572883519673,-15.03973268136058,16.686696049821887,16.2763452013109
MACS0329,network_top_001,heldout,9d,9,6.17,-4.984112150802212,-18.278010719999926,23.53054026459586,-13.821241141585329,27.289430771593935,24.846842909039232
MACS0329,network_top_003,training,1a,1,1.313,17.698366376210775,13.515734879999464,2.449038661273615,0.2625054131969277,2.4630670832055204,1.8128666705863905
MACS0329,network_top_003,training,1b,1,1.313,-8.564668149889947,0.6447592799998958,-1.3364817280823182,0.6342581127278609,1.4793467352378913,1.0636786080099363
MACS0329,network_top_003,training,2a,2,2.1446,8.995175931509527,20.741255279999926,-1.7673509782664043,6.966433115152929,7.187121804191061,8.90810824064255
MACS0329,network_top_003,training,2b,2,2.1446,-7.617340513033815,17.610781680000187,-4.782822971506732,7.972497692920738,9.29710250779236,11.387677909886978
MACS0329,network_top_003,training,2c,2,2.1446,11.486236798473985,-8.067474719999801,10.259277616895748,-9.999001977508314,14.325949105268847,15.996445665691512
MACS0329,network_top_003,training,3a,3,2.7836,-4.93572771729396,31.20848928000033,-0.11052675970210522,2.2742277233333916,2.2769119223607284,3.165552081704101
MACS0329,network_top_003,training,3b,3,2.7836,-20.884460097309216,19.790646480000085,0.6617805472946738,-0.7438909531243066,0.9956541783761205,1.273876811500069
MACS0329,network_top_003,training,4a,4,2.9186,-6.235056604512764,5.289428879999392,-8.906651437209085,1.575935639907354,9.044999334719096,7.433198495611527
MACS0329,network_top_003,training,4b,4,2.9186,25.814504352382425,0.7743664799994221,4.65837512892306,-10.127230223089644,11.147253062222514,12.046359283670762
MACS0329,network_top_003,training,5a,5,3.8528,5.027652385136446,-2.6044459199995984,-1.5223174643519881,0.8220452294486694,1.7300892524752538,1.6091546237204786
MACS0329,network_top_003,training,5b,5,3.8528,8.112312907892866,-4.480845120000154,1.5236090679047527,-1.0975753726553532,1.8777796171172823,1.8409971376657763
MACS0329,network_top_003,training,6a,6,4.5734,4.744324654139696,-0.8422099199997035,-2.8434618676636174,0.5466646846258675,2.8955340906772564,2.8484340514555675
MACS0329,network_top_003,training,6b,6,4.5734,10.580530566481322,-2.545013519999806,2.54475532095583,-1.634561543436021,3.0244951781765095,2.79672414576766
MACS0329,network_top_003,training,7a,7,5.6587,16.047431947757982,-39.51393552000013,0.7836149486994591,0.7984601243571755,1.1187452605547574,0.7978961836812372
MACS0329,network_top_003,training,7b,7,5.6587,14.367538806329412,-41.22195191999989,-0.8882901884526507,-0.9068804672317903,1.2694454067614707,0.9442679941621762
MACS0329,network_top_003,training,8a,8,6.0204,28.739046575149953,17.49602447999994,2.927506241024488,-2.27048093783602,3.704777521027958,4.079600778569917
MACS0329,network_top_003,training,8b,8,6.0204,-10.766393701910756,5.987684880000366,-1.771693553248926,2.6925367910442675,3.2231432511991716,2.8961882544468547
MACS0329,network_top_003,training,9a,9,6.17,23.870313491335345,29.116342080000024,3.83577201410013,7.583219619823638,8.498139016668999,9.88024551744141
MACS0329,network_top_003,training,9b,9,6.17,-20.98946690873011,0.6926860800005485,-1.31754525906915,-0.001642858493275167,1.3175462833159308,0.9760006322442839
MACS0329,network_top_003,training,9c,9,6.17,-22.582591831884223,-5.334559920000537,-2.2044777063514682,-5.158656298387734,5.609942670179087,5.128763453743797
MACS0329,network_top_003,heldout,2d,2,2.1446,-29.28367398958684,-14.328349919999717,-7.804353867206854,-8.033683314200355,11.200357444182206,10.641747783428366
MACS0329,network_top_003,heldout,3c,3,2.7836,-37.91498926838438,-3.053938319999716,-7.269361555785247,-14.971967182989689,16.643419683383843,16.234117016991174
MACS0329,network_top_003,heldout,9d,9,6.17,-4.984112150802212,-18.278010719999926,22.994219357049396,-13.910060617986417,26.874223900164296,24.892029867915603
MACS0329,network_top_010,training,1a,1,1.313,17.698366376210775,13.515734879999464,2.482574259809813,0.2828283461895135,2.498632992033551,1.840258400640382
MACS0329,network_top_010,training,1b,1,1.313,-8.564668149889947,0.6447592799998958,-1.3424343196108826,0.6428020002505688,1.4883965580433411,1.0735059694959606
MACS0329,network_top_010,training,2a,2,2.1446,8.995175931509527,20.741255279999926,-1.7156100732445125,7.020422865439149,7.227008726506345,8.97043612283445
MACS0329,network_top_010,training,2b,2,2.1446,-7.617340513033815,17.610781680000187,-4.748014054063793,8.045640485650583,9.342160792981838,11.44525888961418
MACS0329,network_top_010,training,2c,2,2.1446,11.486236798473985,-8.067474719999801,10.261150581732297,-10.01373346787982,14.337575430550364,15.975964661022171
MACS0329,network_top_010,training,3a,3,2.7836,-4.93572771729396,31.20848928000033,-0.1493490698098398,2.224981179405971,2.2299879805424623,3.1106886372911196
MACS0329,network_top_010,training,3b,3,2.7836,-20.884460097309216,19.790646480000085,0.6946564701172072,-0.796946701442072,1.0571999131739926,1.3524867760795896
MACS0329,network_top_010,training,4a,4,2.9186,-6.235056604512764,5.289428879999392,-8.884030630433111,1.651848762366433,9.036293741142176,7.4395844004201575
MACS0329,network_top_010,training,4b,4,2.9186,25.814504352382425,0.7743664799994221,4.677993398733591,-10.110275302263497,11.14007580432711,12.028689583651104
MACS0329,network_top_010,training,5a,5,3.8528,5.027652385136446,-2.6044459199995984,-1.522644906975387,0.8228589922444014,1.7307641184908926,1.6094379145161974
MACS0329,network_top_010,training,5b,5,3.8528,8.112312907892866,-4.480845120000154,1.5234170445616497,-1.0969529352566405,1.877260033620572,1.8382377769466924
MACS0329,network_top_010,training,6a,6,4.5734,4.744324654139696,-0.8422099199997035,-2.8463863015791797,0.5499088617133893,2.8990196160096118,2.8513240350200717
MACS0329,network_top_010,training,6b,6,4.5734,10.580530566481322,-2.545013519999806,2.544145063825579,-1.6329272099477266,3.023098638611669,2.7912841262851122
MACS0329,network_top_010,training,7a,7,5.6587,16.047431947757982,-39.51393552000013,0.7833026370078768,0.7983985091475896,1.118482543695961,0.7979882834431762
MACS0329,network_top_010,training,7b,7,5.6587,14.367538806329412,-41.22195191999989,-0.8886192728358502,-0.9069444459767811,1.2697214025696526,0.9444075060865432
MACS0329,network_top_010,training,8a,8,6.0204,28.739046575149953,17.49602447999994,2.969167167102798,-2.2538963295046406,3.727734208652187,4.089051764811214
MACS0329,network_top_010,training,8b,8,6.0204,-10.766393701910756,5.987684880000366,-1.7604719948309853,2.732536478738411,3.250541070686587,2.917997531065691
MACS0329,network_top_010,training,9a,9,6.17,23.870313491335345,29.116342080000024,3.8452449829908444,7.583628804751089,8.502783945712528,9.874246200750827
MACS0329,network_top_010,training,9b,9,6.17,-20.98946690873011,0.6926860800005485,-1.3284486257664665,-0.004622035314155287,1.3284566664032587,0.9799305414109767
MACS0329,network_top_010,training,9c,9,6.17,-22.582591831884223,-5.334559920000537,-2.205728774225648,-5.15291755436865,5.605158226809264,5.121433175904584
MACS0329,network_top_010,heldout,2d,2,2.1446,-29.28367398958684,-14.328349919999717,-7.769860890988362,-7.971987469524778,11.132085270944097,10.585193505119411
MACS0329,network_top_010,heldout,3c,3,2.7836,-37.91498926838438,-3.053938319999716,-7.220449912682148,-15.020784785873396,16.666099499435294,16.282707775137133
MACS0329,network_top_010,heldout,9d,9,6.17,-4.984112150802212,-18.278010719999926,23.169070572395714,-13.897064677154884,27.01729516124216,24.906414959803136
MACS0429,eta_000,training,1a,1,2.9286,-4.28374693523085,13.743877319999953,-2.0181384374295814,5.9114386271786685,6.246438136692841,6.86290963788267
MACS0429,eta_000,training,1b,1,2.9286,20.431679477299333,4.430583719999781,2.1048119503111167,-2.716813690669563,3.436758643836087,3.9267034760715456
MACS0429,eta_000,training,1c,1,2.9286,-18.525702602395945,-1.8598762800003499,-0.92144874669368,-2.7743182092232597,2.92333872803189,2.2907917097897004
MACS0429,eta_000,training,2a,2,3.8665,2.692478622393447,0.07027451999999101,0.16345748538112007,-0.0011568119165914215,0.16346157879125434,0.05472299760857918
MACS0429,eta_000,training,2b,2,3.8665,-27.291592662261202,-3.802810680000057,0.33994069422322626,0.17661471531487605,0.3830828020868644,0.251564748356066
MACS0429,eta_000,heldout,1d,1,2.9286,0.6416416085282667,-12.15726948000082,15.915731178691967,-6.447589461703879,17.172125926019252,12.341800295156117
MACS0429,eta_000,heldout,2c,2,3.8665,9.164983518005787,-5.89188708000048,0.8957849287296404,-7.139407444308713,7.195385277689432,7.856827042123536
MACS0429,local_vector_s200,training,1a,1,2.9286,-4.28374693523085,13.743877319999953,-2.018142295061773,5.911438039244653,6.2464388266392135,6.862911613782964
MACS0429,local_vector_s200,training,1b,1,2.9286,20.431679477299333,4.430583719999781,2.1048071492002305,-2.7168135118566994,3.4367555620863603,3.9266999023821425
MACS0429,local_vector_s200,training,1c,1,2.9286,-18.525702602395945,-1.8598762800003499,-0.9214515296132186,-2.7743177687875695,2.923339187237256,2.2907911501166103
MACS0429,local_vector_s200,training,2a,2,3.8665,2.692478622393447,0.07027451999999101,0.16345624815550783,-0.0011580690054720098,0.16346035049790023,0.054723021576784915
MACS0429,local_vector_s200,training,2b,2,3.8665,-27.291592662261202,-3.802810680000057,0.3399359914045702,0.1766148645376967,0.38307869769523467,0.25156188917323097
MACS0429,local_vector_s200,heldout,1d,1,2.9286,0.6416416085282667,-12.15726948000082,15.915714496585338,-6.447596442717191,17.172113085609354,12.341800818219884
MACS0429,local_vector_s200,heldout,2c,2,3.8665,9.164983518005787,-5.89188708000048,0.8957789750720214,-7.139409720908464,7.1953867953837864,7.856825746959513
MACS0429,network_parent,training,1a,1,2.9286,-4.28374693523085,13.743877319999953,-2.018142268989926,5.911438026166512,6.246438805838991,6.862911548711188
MACS0429,network_parent,training,1b,1,2.9286,20.431679477299333,4.430583719999781,2.1048072249361014,-2.7168134448080647,3.436755555466969,3.9266998795524177
MACS0429,network_parent,training,1c,1,2.9286,-18.525702602395945,-1.8598762800003499,-0.9214515745012489,-2.774317837262988,2.9233392663709794,2.290791201763449
MACS0429,network_parent,training,2a,2,3.8665,2.692478622393447,0.07027451999999101,0.16345624188522775,-0.0011580359981244385,0.1634603439939334,0.05472300781627972
MACS0429,network_parent,training,2b,2,3.8665,-27.291592662261202,-3.802810680000057,0.3399360327529355,0.17661481476374946,0.3830787114390963,0.2515619021868147
MACS0429,network_parent,heldout,1d,1,2.9286,0.6416416085282667,-12.15726948000082,15.915714726945206,-6.44759640350767,17.17211328439297,12.341800842093805
MACS0429,network_parent,heldout,2c,2,3.8665,9.164983518005787,-5.89188708000048,0.8957791043658956,-7.139409611481571,7.195386702904438,7.856825705107313
MACS0429,network_hop_080,training,1a,1,2.9286,-4.28374693523085,13.743877319999953,-2.018142273756498,5.911438031144662,6.246438812090177,6.862911564952303
MACS0429,network_hop_080,training,1b,1,2.9286,20.431679477299333,4.430583719999781,2.104807216328416,-2.7168134473718513,3.4367555522219932,3.92669987536837
MACS0429,network_hop_080,training,1c,1,2.9286,-18.525702602395945,-1.8598762800003499,-0.9214515776917636,-2.774317834318504,2.923339264582261,2.290791199978025
MACS0429,network_hop_080,training,2a,2,3.8665,2.692478622393447,0.07027451999999101,0.16345623682234997,-0.0011580419612573745,0.16346033897342863,0.0547230081850979
MACS0429,network_hop_080,training,2b,2,3.8665,-27.291592662261202,-3.802810680000057,0.3399360129593839,0.17661481688006492,0.3830786948504201,0.2515618907319748
MACS0429,network_hop_080,heldout,1d,1,2.9286,0.6416416085282667,-12.15726948000082,15.91571467505262,-6.4475964236675525,17.17211324386652,12.341800833844813
MACS0429,network_hop_080,heldout,2c,2,3.8665,9.164983518005787,-5.89188708000048,0.8957790877964623,-7.139409625714049,7.195386714963406,7.856825701541967
MACS0429,network_hop_090,training,1a,1,2.9286,-4.28374693523085,13.743877319999953,-2.0181422719141846,5.911438028417773,6.246438808914305,6.86291155710062
MACS0429,network_hop_090,training,1b,1,2.9286,20.431679477299333,4.430583719999781,2.1048072205516517,-2.7168134453640804,3.4367555532212957,3.9266998762716496
MACS0429,network_hop_090,training,1c,1,2.9286,-18.525702602395945,-1.8598762800003499,-0.9214515775612113,-2.7743178355092892,2.9233392656711934,2.2907912000658635
MACS0429,network_hop_090,training,2a,2,3.8665,2.692478622393447,0.07027451999999101,0.16345623913512963,-0.0011580392719238784,0.16346034126709758,0.0547230080135355
MACS0429,network_hop_090,training,2b,2,3.8665,-27.291592662261202,-3.802810680000057,0.33993602198661504,0.17661481603824897,0.3830787024728848,0.25156189595193673
MACS0429,network_hop_090,heldout,1d,1,2.9286,0.6416416085282667,-12.15726948000082,15.915714700336157,-6.447596412101317,17.172113262957424,12.341800836459106
MACS0429,network_hop_090,heldout,2c,2,3.8665,9.164983518005787,-5.89188708000048,0.8957790968631532,-7.1394096176597746,7.195386708100535,7.856825702180058
MACS0429,network_hop_110,training,1a,1,2.9286,-4.28374693523085,13.743877319999953,-2.0181422545219734,5.911438029050227,6.2464388038936445,6.862911545258728
MACS0429,network_hop_110,training,1b,1,2.9286,20.431679477299333,4.430583719999781,2.1048072062453707,-2.716813443716081,3.436755543156783,3.9266998719562767
MACS0429,network_hop_110,training,1c,1,2.9286,-18.525702602395945,-1.8598762800003499,-0.9214515403857276,-2.774317843176022,2.9233392612292,2.290791213274812
MACS0429,network_hop_110,training,2a,2,3.8665,2.692478622393447,0.07027451999999101,0.1634562625666691,-0.0011580240560435722,0.1634603645902524,0.054723010691312274
MACS0429,network_hop_110,training,2b,2,3.8665,-27.291592662261202,-3.802810680000057,0.33993609447642525,0.1766148207120999,0.3830787689536609,0.2515619416556702
MACS0429,network_hop_110,heldout,1d,1,2.9286,0.6416416085282667,-12.15726948000082,15.915714744871257,-6.447596401593564,17.172113300288775,12.34180086474456
MACS0429,network_hop_110,heldout,2c,2,3.8665,9.164983518005787,-5.89188708000048,0.8957790716956207,-7.139409624986525,7.195386712237092,7.8568257147595775
MACS0429,network_hop_120,training,1a,1,2.9286,-4.28374693523085,13.743877319999953,-2.0181422605197272,5.911438059431197,6.246438834583058,6.862911599579911
MACS0429,network_hop_120,training,1b,1,2.9286,20.431679477299333,4.430583719999781,2.104807035229511,-2.716813397679868,3.4367554020273934,3.9266997186998247
MACS0429,network_hop_120,training,1c,1,2.9286,-18.525702602395945,-1.8598762800003499,-0.9214514626933397,-2.774317915022465,2.923339304924129,2.2907913071604082
MACS0429,network_hop_120,training,2a,2,3.8665,2.692478622393447,0.07027451999999101,0.16345627895030423,-0.0011579475680399787,0.16346038043162017,0.05472299039645461
MACS0429,network_hop_120,training,2b,2,3.8665,-27.291592662261202,-3.802810680000057,0.33993624833453906,0.17661473373132805,0.3830788653825075,0.25156201827741154
MACS0429,network_hop_120,heldout,1d,1,2.9286,0.6416416085282667,-12.15726948000082,15.91571482793419,-6.447596462055687,17.172113399976055,12.341800946104158
MACS0429,network_hop_120,heldout,2c,2,3.8665,9.164983518005787,-5.89188708000048,0.895778943500314,-7.13940961652225,7.1953866878791795,7.8568256631724855
MACS0429,network_soft_100,training,1a,1,2.9286,-4.28374693523085,13.743877319999953,-2.01814227321265,5.911438026974668,6.2464388079681115,6.86291155091913
MACS0429,network_soft_100,training,1b,1,2.9286,20.431679477299333,4.430583719999781,2.1048072186766356,-2.716813446472891,3.436755552949494,3.926699877256706
MACS0429,network_soft_100,training,1c,1,2.9286,-18.525702602395945,-1.8598762800003499,-0.9214515757487034,-2.7743178384616485,2.9233392679017403,2.290791203387956
MACS0429,network_soft_100,training,2a,2,3.8665,2.692478622393447,0.07027451999999101,0.1634562386114907,-0.0011580356627865964,0.16346034071790277,0.05472300663669677
MACS0429,network_soft_100,training,2b,2,3.8665,-27.291592662261202,-3.802810680000057,0.3399360263356461,0.17661481072456997,0.3830787038823025,0.25156189736686707
MACS0429,network_soft_100,heldout,1d,1,2.9286,0.6416416085282667,-12.15726948000082,15.915714732354905,-6.447596402589915,17.17211328906228,12.341800841771539
MACS0429,network_soft_100,heldout,2c,2,3.8665,9.164983518005787,-5.89188708000048,0.8957791015669612,-7.139409612109443,7.195386703178976,7.856825704611229
MACS0429,network_soft_300,training,1a,1,2.9286,-4.28374693523085,13.743877319999953,-2.0181422669601803,5.911438025909851,6.24643880494031,6.862911547491428
MACS0429,network_soft_300,training,1b,1,2.9286,20.431679477299333,4.430583719999781,2.1048072274185414,-2.7168134445928924,3.436755556817218,3.926699881083569
MACS0429,network_soft_300,training,1c,1,2.9286,-18.525702602395945,-1.8598762800003499,-0.9214515733284832,-2.774317836780117,2.9233392655430612,2.290791201270046
MACS0429,network_soft_300,training,2a,2,3.8665,2.692478622393447,0.07027451999999101,0.1634562431305566,-0.001158035708441755,0.16346034523717873,0.05472300812673597
MACS0429,network_soft_300,training,2b,2,3.8665,-27.291592662261202,-3.802810680000057,0.3399360358371106,0.17661481579521135,0.3830787146514744,0.2515619043127824
MACS0429,network_soft_300,heldout,1d,1,2.9286,0.6416416085282667,-12.15726948000082,15.915714727796738,-6.44759640248482,17.17211328479815,12.341800842325958
MACS0429,network_soft_300,heldout,2c,2,3.8665,9.164983518005787,-5.89188708000048,0.8957791058560614,-7.139409610902188,7.195386702515079,7.856825705609488
MACS0429,network_power_150,training,1a,1,2.9286,-4.28374693523085,13.743877319999953,-2.0181422678305836,5.911438026065814,6.246438805369124,6.862911548019997
MACS0429,network_power_150,training,1b,1,2.9286,20.431679477299333,4.430583719999781,2.104807226381182,-2.716813444743122,3.436755556300656,3.9266998805041062
MACS0429,network_power_150,training,1c,1,2.9286,-18.525702602395945,-1.8598762800003499,-0.9214515738030777,-2.774317837013504,2.9233392659141457,2.290791201513956
MACS0429,network_power_150,training,2a,2,3.8665,2.692478622393447,0.07027451999999101,0.16345624260304462,-0.001158035793467855,0.16346034471028234,0.0547230079825004
MACS0429,network_power_150,training,2b,2,3.8665,-27.291592662261202,-3.802810680000057,0.33993603458438415,0.17661481531709214,0.38307871331939886,0.2515619034337412
MACS0429,network_power_150,heldout,1d,1,2.9286,0.6416416085282667,-12.15726948000082,15.915714727999909,-6.4475964027627475,17.17211328509081,12.341800842188835
MACS0429,network_power_150,heldout,2c,2,3.8665,9.164983518005787,-5.89188708000048,0.8957791052968032,-7.13940961112503,7.195386702666563,7.8568257053992925
MACS0429,network_power_250,training,1a,1,2.9286,-4.28374693523085,13.743877319999953,-2.0181422700283296,5.911438026306518,6.2464388063069824,6.862911549370834
MACS0429,network_power_250,training,1b,1,2.9286,20.431679477299333,4.430583719999781,2.104807223539634,-2.71681344488127,3.4367555546695865,3.9266998786238347
MACS0429,network_power_250,training,1c,1,2.9286,-18.525702602395945,-1.8598762800003499,-0.9214515751072309,-2.7743178375561186,2.923339266840175,2.2907912020721515
MACS0429,network_power_250,training,2a,2,3.8665,2.692478622393447,0.07027451999999101,0.16345624118532956,-0.0011580361447843753,0.16346034329509176,0.05472300763602554
MACS0429,network_power_250,training,2b,2,3.8665,-27.291592662261202,-3.802810680000057,0.33993603105302056,0.17661481415930935,0.3830787096519559,0.2515619010098133
MACS0429,network_power_250,heldout,1d,1,2.9286,0.6416416085282667,-12.15726948000082,15.915714726308948,-6.447596404202594,17.17211328406419,12.341800842049258
MACS0429,network_power_250,heldout,2c,2,3.8665,9.164983518005787,-5.89188708000048,0.8957791035066178,-7.139409611763006,7.19538670307671,7.856825704822017
MACS0429,network_target_050,training,1a,1,2.9286,-4.28374693523085,13.743877319999953,-2.0181422532486324,5.911438027223825,6.246438801753794,6.862911548223763
MACS0429,network_target_050,training,1b,1,2.9286,20.431679477299333,4.430583719999781,2.104807230664243,-2.7168134365319947,3.43675555243274,3.9266998785310245
MACS0429,network_target_050,training,1c,1,2.9286,-18.525702602395945,-1.8598762800003499,-0.9214515582870105,-2.7743178386465153,2.9233392625731676,2.2907912038527267
MACS0429,network_target_050,training,2a,2,3.8665,2.692478622393447,0.07027451999999101,0.16345625803075117,-0.0011580337893824515,0.16346036012340381,0.05472301238888533
MACS0429,network_target_050,training,2b,2,3.8665,-27.291592662261202,-3.802810680000057,0.3399360706714466,0.17661482858255945,0.3830787514582212,0.2515619287889101
MACS0429,network_target_050,heldout,1d,1,2.9286,0.6416416085282667,-12.15726948000082,15.915714710721643,-6.447596409474222,17.17211327159666,12.341800850575405
MACS0429,network_target_050,heldout,2c,2,3.8665,9.164983518005787,-5.89188708000048,0.8957790890589984,-7.139409620450248,7.195386709897733,7.856825710158643
MACS0429,network_target_150,training,1a,1,2.9286,-4.28374693523085,13.743877319999953,-2.0181422771101825,5.911438026531018,6.246438808807495,6.86291154563541
MACS0429,network_target_150,training,1b,1,2.9286,20.431679477299333,4.430583719999781,2.104807217157852,-2.7168134567971944,3.4367555601808664,3.926699886288504
MACS0429,network_target_150,training,1c,1,2.9286,-18.525702602395945,-1.8598762800003499,-0.9214515760808161,-2.7743178363603116,2.9233392660122055,2.290791202685956
MACS0429,network_target_150,training,2a,2,3.8665,2.692478622393447,0.07027451999999101,0.16345623128920297,-0.0011580345492252586,0.16346033338790977,0.05472300391629533
MACS0429,network_target_150,training,2b,2,3.8665,-27.291592662261202,-3.802810680000057,0.33993601187335654,0.17661480216301842,0.38307868710154697,0.25156188653443434
MACS0429,network_target_150,heldout,1d,1,2.9286,0.6416416085282667,-12.15726948000082,15.915714747214285,-6.447596395207759,17.1721133000627,12.341800841666315
MACS0429,network_target_150,heldout,2c,2,3.8665,9.164983518005787,-5.89188708000048,0.8957791068163826,-7.139409610567675,7.195386702302723,7.856825707121716
MACS0429,network_target_200,training,1a,1,2.9286,-4.28374693523085,13.743877319999953,-2.0181422786517618,5.911438027044855,6.246438809791839,6.862911541433923
MACS0429,network_target_200,training,1b,1,2.9286,20.431679477299333,4.430583719999781,2.104807213016893,-2.716813464543516,3.4367555637683753,3.9266998922371372
MACS0429,network_target_200,training,1c,1,2.9286,-18.525702602395945,-1.8598762800003499,-0.9214515726286873,-2.774317836797735,2.923339265339202,2.290791204817452
MACS0429,network_target_200,training,2a,2,3.8665,2.692478622393447,0.07027451999999101,0.16345622613261532,-0.0011580317405090873,0.1634603282115532,0.05472300132864692
MACS0429,network_target_200,training,2b,2,3.8665,-27.291592662261202,-3.802810680000057,0.3399360049393284,0.17661479347842055,0.3830786769444839,0.2515618803934328
MACS0429,network_target_200,heldout,1d,1,2.9286,0.6416416085282667,-12.15726948000082,15.915714774294498,-6.447596384224302,17.172113321037642,12.341800843140405
MACS0429,network_target_200,heldout,2c,2,3.8665,9.164983518005787,-5.89188708000048,0.8957791085652468,-7.139409609757006,7.195386701716082,7.856825710403999
MACS0429,network_link_125,training,1a,1,2.9286,-4.28374693523085,13.743877319999953,-2.0181422728696194,5.911438026705832,6.246438807602864,6.862911550532017
MACS0429,network_link_125,training,1b,1,2.9286,20.431679477299333,4.430583719999781,2.1048072192676157,-2.7168134457871256,3.4367555527693248,3.9266998768024357
MACS0429,network_link_125,training,1c,1,2.9286,-18.525702602395945,-1.8598762800003499,-0.9214515760684839,-2.7743178385232783,2.9233392680610244,2.2907912032789506
MACS0429,network_link_125,training,2a,2,3.8665,2.692478622393447,0.07027451999999101,0.1634562388801516,-0.0011580358509957998,0.1634603409878903,0.054723006783657095
MACS0429,network_link_125,training,2b,2,3.8665,-27.291592662261202,-3.802810680000057,0.3399360266552988,0.17661481124108622,0.3830787044040905,0.2515618976800323
MACS0429,network_link_125,heldout,1d,1,2.9286,0.6416416085282667,-12.15726948000082,15.915714729736038,-6.447596403726839,17.1721132870619,12.341800842142113
MACS0429,network_link_125,heldout,2c,2,3.8665,9.164983518005787,-5.89188708000048,0.8957791020747687,-7.139409611707569,7.1953867028434475,7.856825704428952
MACS0429,network_link_500,training,1a,1,2.9286,-4.28374693523085,13.743877319999953,-2.018142266573098,5.911438025951134,6.246438804854318,6.8629115476296
MACS0429,network_link_500,training,1b,1,2.9286,20.431679477299333,4.430583719999781,2.1048072278626075,-2.716813444335123,3.436755556885411,3.9266998811164404
MACS0429,network_link_500,training,1c,1,2.9286,-18.525702602395945,-1.8598762800003499,-0.9214515731516976,-2.7743178366852237,2.923339265397282,2.2907912011484677
MACS0429,network_link_500,training,2a,2,3.8665,2.692478622393447,0.07027451999999101,0.16345624354338137,-0.0011580357748458884,0.16346034565046358,0.05472300828385056
MACS0429,network_link_500,training,2b,2,3.8665,-27.291592662261202,-3.802810680000057,0.33993603661442373,0.17661481632283,0.3830787155844994,0.25156190491072417
MACS0429,network_link_500,heldout,1d,1,2.9286,0.6416416085282667,-12.15726948000082,15.915714726641331,-6.447596402897165,17.172113283882105,12.341800842270885
MACS0429,network_link_500,heldout,2c,2,3.8665,9.164983518005787,-5.89188708000048,0.8957791056881956,-7.139409611132573,7.1953867027227725,7.856825705576568
MACS0429,network_top_001,training,1a,1,2.9286,-4.28374693523085,13.743877319999953,-2.018142245299953,5.911438032632567,6.246438804304348,6.862911556730126
MACS0429,network_top_001,training,1b,1,2.9286,20.431679477299333,4.430583719999781,2.1048072262304625,-2.716813437520226,3.436755550498528,3.92669988040084
MACS0429,network_top_001,training,1c,1,2.9286,-18.525702602395945,-1.8598762800003499,-0.9214515505679074,-2.7743178369585886,2.9233392585381845,2.2907912014206446
MACS0429,network_top_001,training,2a,2,3.8665,2.692478622393447,0.07027451999999101,0.16345626418776346,-0.0011580314606005602,0.16346036626376334,0.05472301377634465
MACS0429,network_top_001,training,2b,2,3.8665,-27.291592662261202,-3.802810680000057,0.33993608563058614,0.1766148324891291,0.3830787665337356,0.2515619386574871
MACS0429,network_top_001,heldout,1d,1,2.9286,0.6416416085282667,-12.15726948000082,15.915714713244677,-6.447596393228476,17.172113267835325,12.341800841165766
MACS0429,network_top_001,heldout,2c,2,3.8665,9.164983518005787,-5.89188708000048,0.8957790576031367,-7.139409646597816,7.195386731925833,7.856825717498542
MACS0429,network_top_003,training,1a,1,2.9286,-4.28374693523085,13.743877319999953,-2.0181422442937675,5.911438024849581,6.246438796613683,6.862911518523985
MACS0429,network_top_003,training,1b,1,2.9286,20.431679477299333,4.430583719999781,2.1048072375068836,-2.716813446176859,3.4367555642478766,3.9266998985832653
MACS0429,network_top_003,training,1c,1,2.9286,-18.525702602395945,-1.8598762800003499,-0.9214515426298487,-2.774317847034176,2.9233392655980373,2.2907912128822807
MACS0429,network_top_003,training,2a,2,3.8665,2.692478622393447,0.07027451999999101,0.1634562522784823,-0.0011580128714257338,0.1634603542230875,0.05472300344583452
MACS0429,network_top_003,training,2b,2,3.8665,-27.291592662261202,-3.802810680000057,0.3399360914340732,0.1766147967421007,0.38307875520280177,0.2515619344424057
MACS0429,network_top_003,heldout,1d,1,2.9286,0.6416416085282667,-12.15726948000082,15.915714932135236,-6.447596313506397,17.172113440777572,12.341800856536675
MACS0429,network_top_003,heldout,2c,2,3.8665,9.164983518005787,-5.89188708000048,0.8957791439637076,-7.139409580865978,7.1953866774566935,7.856825724534468
MACS0429,network_top_010,training,1a,1,2.9286,-4.28374693523085,13.743877319999953,-2.0181422807222162,5.911438028558606,6.246438811893343,6.862911561063429
MACS0429,network_top_010,training,1b,1,2.9286,20.431679477299333,4.430583719999781,2.104807201522431,-2.716813447099368,3.43675554293881,3.926699864327967
MACS0429,network_top_010,training,1c,1,2.9286,-18.525702602395945,-1.8598762800003499,-0.9214515766881273,-2.7743178364224104,2.923339266262566,2.2907912026415365
MACS0429,network_top_010,training,2a,2,3.8665,2.692478622393447,0.07027451999999101,0.16345623338991627,-0.0011580401299781436,0.1634603355281073,0.05472300643890403
MACS0429,network_top_010,training,2b,2,3.8665,-27.291592662261202,-3.802810680000057,0.3399360089150589,0.1766148104100154,0.38307868827861546,0.251561886957382
MACS0429,network_top_010,heldout,1d,1,2.9286,0.6416416085282667,-12.15726948000082,15.915714682865223,-6.447596419435161,17.172113249518382,12.341800844688098
MACS0429,network_top_010,heldout,2c,2,3.8665,9.164983518005787,-5.89188708000048,0.8957790922417742,-7.139409615995295,7.195386705873673,7.856825703528431
MACS1115,eta_000,training,1a,1,2.552,1.912865378204873,29.75760684000015,0.009993815239361254,0.14318475424441007,0.14353309789407667,0.1409401717717282
MACS1115,eta_000,training,1b,1,2.552,-15.97013581341566,23.892699240000148,0.005844157491472911,-0.07589801910609874,0.07612268703228275,0.06962676405358253
MACS1115,eta_000,training,2a,2,2.9175,-6.520848960608248,31.039509239999674,0.04638420794422584,-0.13633845790512222,0.14401274197292394,0.14646486418381646
MACS1115,eta_000,training,2b,2,2.9175,-13.538807711216974,28.63292003999991,-0.028170763713045582,0.10106506021386824,0.10491776934442068,0.10766311234258535
MACS1115,eta_000,heldout,1c,1,2.552,-28.171760932153965,6.107068439999708,-6.4625796091006835,-13.93054847138239,15.356598448793868,12.536683249543085
MACS1115,eta_000,heldout,2c,2,2.9175,-31.152980884445302,7.703402040000196,-7.980747234101737,-14.877544710037677,16.882939999117234,14.894129267543473
MACS1115,local_vector_s200,training,1a,1,2.552,1.912865378204873,29.75760684000015,0.002877741423440497,0.12761510643781981,0.12764754908276252,0.12585420553661694
MACS1115,local_vector_s200,training,1b,1,2.552,-15.97013581341566,23.892699240000148,0.023888786539741507,-0.08201261343954762,0.08542097450583201,0.0848763331361992
MACS1115,local_vector_s200,training,2a,2,2.9175,-6.520848960608248,31.039509239999674,0.06022118461893002,-0.15384934886710974,0.16521565671491578,0.1672913811142521
MACS1115,local_vector_s200,training,2b,2,2.9175,-13.538807711216974,28.63292003999991,-0.003647447317846603,0.09084576381866555,0.09091895663574913,0.08656735676140885
MACS1115,local_vector_s200,heldout,1c,1,2.552,-28.171760932153965,6.107068439999708,-6.444697732610608,-13.934563228170202,15.352725530816652,12.524832802777604
MACS1115,local_vector_s200,heldout,2c,2,2.9175,-31.152980884445302,7.703402040000196,-7.961864469564018,-14.881587957340093,16.877587089502917,14.880682592000944
MACS1115,network_parent,training,1a,1,2.552,1.912865378204873,29.75760684000015,0.00011868213150597846,0.12526341854864928,0.1252634747719479,0.1236963362576334
MACS1115,network_parent,training,1b,1,2.552,-15.97013581341566,23.892699240000148,0.031729995736367964,-0.08702400041278846,0.09262812357634659,0.09363560255074783
MACS1115,network_parent,training,2a,2,2.9175,-6.520848960608248,31.039509239999674,0.06536896870725964,-0.15946164017099393,0.17234011940309846,0.17420979117212973
MACS1115,network_parent,training,2b,2,2.9175,-13.538807711216974,28.63292003999991,0.006579674662197467,0.0855842379186477,0.08583678639590404,0.0769059564746572
MACS1115,network_parent,heldout,1c,1,2.552,-28.171760932153965,6.107068439999708,-6.438131551041388,-13.951257845327367,15.365127182530024,12.528359439488542
MACS1115,network_parent,heldout,2c,2,2.9175,-31.152980884445302,7.703402040000196,-7.953882168421911,-14.898983968426688,16.889167085459704,14.881872103229503
MACS1115,network_hop_080,training,1a,1,2.552,1.912865378204873,29.75760684000015,0.0013409368341909891,0.12762882713647275,0.12763587124247217,0.1259764407664263
MACS1115,network_hop_080,training,1b,1,2.552,-15.97013581341566,23.892699240000148,0.028639239896745234,-0.085771977523762,0.09042697711523956,0.09081712273353007
MACS1115,network_hop_080,training,2a,2,2.9175,-6.520848960608248,31.039509239999674,0.0636275824986679,-0.1573324485203139,0.16971142746445217,0.1716553495423586
MACS1115,network_hop_080,training,2b,2,2.9175,-13.538807711216974,28.63292003999991,0.003548810476309843,0.08688725600659228,0.08695969935637929,0.07953587701951385
MACS1115,network_hop_080,heldout,1c,1,2.552,-28.171760932153965,6.107068439999708,-6.439474210138565,-13.94901963657206,15.363657667512403,12.526083829598253
MACS1115,network_hop_080,heldout,2c,2,2.9175,-31.152980884445302,7.703402040000196,-7.954693804084224,-14.896928081592685,16.88773578028981,14.879831182676686
MACS1115,network_hop_090,training,1a,1,2.552,1.912865378204873,29.75760684000015,0.000662579814991526,0.12620883113288855,0.1262105703494807,0.12460429534277757
MACS1115,network_hop_090,training,1b,1,2.552,-15.97013581341566,23.892699240000148,0.030323092910230248,-0.08638884279050425,0.09155611460915603,0.09229487304546789
MACS1115,network_hop_090,training,2a,2,2.9175,-6.520848960608248,31.039509239999674,0.0646254982969435,-0.15857383690013394,0.171237019301781,0.17313892220727525
MACS1115,network_hop_090,training,2b,2,2.9175,-13.538807711216974,28.63292003999991,0.005250310918149121,0.08618332212001129,0.08634309918215156,0.07808393919423726
MACS1115,network_hop_090,heldout,1c,1,2.552,-28.171760932153965,6.107068439999708,-6.438996383554611,-13.95035137009581,15.364666536458362,12.527560500648054
MACS1115,network_hop_090,heldout,2c,2,2.9175,-31.152980884445302,7.703402040000196,-7.954471679681341,-14.898135228379353,16.888696012005497,14.8811515247136
MACS1115,network_hop_110,training,1a,1,2.552,1.912865378204873,29.75760684000015,-5.271189366540851e-05,0.1246458526287688,0.12464586377452115,0.12309132919922297
MACS1115,network_hop_110,training,1b,1,2.552,-15.97013581341566,23.892699240000148,0.03207629503123484,-0.08699209531264573,0.09271738429127119,0.0938016958330476
MACS1115,network_hop_110,training,2a,2,2.9175,-6.520848960608248,31.039509239999674,0.06569906424740608,-0.1599155393642575,0.17288535731271804,0.17474147574147406
MACS1115,network_hop_110,training,2b,2,2.9175,-13.538807711216974,28.63292003999991,0.007053740490784603,0.0854557476720321,0.08574637056515777,0.07656361896959266
MACS1115,network_hop_110,heldout,1c,1,2.552,-28.171760932153965,6.107068439999708,-6.438291790025245,-13.951143345157378,15.365090361290932,12.529006627584431
MACS1115,network_hop_110,heldout,2c,2,2.9175,-31.152980884445302,7.703402040000196,-7.954057941059366,-14.89903935673031,16.88929872680119,14.882573150825555
MACS1115,network_hop_120,training,1a,1,2.552,1.912865378204873,29.75760684000015,8.064542014464727e-05,0.12492598460925722,0.12492601063940273,0.12336033457986544
MACS1115,network_hop_120,training,1b,1,2.552,-15.97013581341566,23.892699240000148,0.03173907626363375,-0.08687088699520101,0.09248740438244411,0.09350803029757786
MACS1115,network_hop_120,training,2a,2,2.9175,-6.520848960608248,31.039509239999674,0.06548321454175168,-0.15964646734067686,0.17255447232998306,0.1744180495485691
MACS1115,network_hop_120,training,2b,2,2.9175,-13.538807711216974,28.63292003999991,0.006674028916963059,0.0856260941294202,0.08588580009433916,0.07689956981536426
MACS1115,network_hop_120,heldout,1c,1,2.552,-28.171760932153965,6.107068439999708,-6.438549597882801,-13.950930544232438,15.365005173262858,12.52906959579037
MACS1115,network_hop_120,heldout,2c,2,2.9175,-31.152980884445302,7.703402040000196,-7.954337630686645,-14.898927803424252,16.889332042286508,14.882744889812471
MACS1115,network_soft_100,training,1a,1,2.552,1.912865378204873,29.75760684000015,0.00012828905576809424,0.12522707468042804,0.12522714039336413,0.12365914190147026
MACS1115,network_soft_100,training,1b,1,2.552,-15.97013581341566,23.892699240000148,0.03169622478481064,-0.08697641817026451,0.09257185308363425,0.09357484230173742
MACS1115,network_soft_100,training,2a,2,2.9175,-6.520848960608248,31.039509239999674,0.06541534175905309,-0.15953291457870603,0.17242365780666652,0.17429125737685783
MACS1115,network_soft_100,training,2b,2,2.9175,-13.538807711216974,28.63292003999991,0.006644725378712073,0.08556541264556453,0.08582302847467126,0.07685743738689804
MACS1115,network_soft_100,heldout,1c,1,2.552,-28.171760932153965,6.107068439999708,-6.437843297866688,-13.95067815475835,15.364480053211656,12.527829294719863
MACS1115,network_soft_100,heldout,2c,2,2.9175,-31.152980884445302,7.703402040000196,-7.9534924046390145,-14.898440250641125,16.888503880823016,14.881306817959633
MACS1115,network_soft_300,training,1a,1,2.552,1.912865378204873,29.75760684000015,0.00014060617542992229,0.1253276551088726,0.12532773398248725,0.12375950896100217
MACS1115,network_soft_300,training,1b,1,2.552,-15.97013581341566,23.892699240000148,0.03167933791674965,-0.0870170042070375,0.09260420871651133,0.09360166148446471
MACS1115,network_soft_300,training,2a,2,2.9175,-6.520848960608248,31.039509239999674,0.06531276922501371,-0.15938919556807393,0.17225177354000631,0.1741245942747974
MACS1115,network_soft_300,training,2b,2,2.9175,-13.538807711216974,28.63292003999991,0.0064878497144080045,0.08561993368156534,0.08586539021953135,0.07698255117076365
MACS1115,network_soft_300,heldout,1c,1,2.552,-28.171760932153965,6.107068439999708,-6.438278652786036,-13.951468608030165,15.365380188325037,12.528554904254172
MACS1115,network_soft_300,heldout,2c,2,2.9175,-31.152980884445302,7.703402040000196,-7.95406163454974,-14.899169756258514,16.88941549941929,14.882069938359313
MACS1115,network_power_150,training,1a,1,2.552,1.912865378204873,29.75760684000015,0.00013158497571593583,0.12530574507626238,0.12530581416567663,0.12373801349958469
MACS1115,network_power_150,training,1b,1,2.552,-15.97013581341566,23.892699240000148,0.03170148866994899,-0.08702316584385456,0.09261757812304271,0.09361922069703123
MACS1115,network_power_150,training,2a,2,2.9175,-6.520848960608248,31.039509239999674,0.06533576616454656,-0.15941795374845028,0.17228710432777997,0.17415858464116296
MACS1115,network_power_150,training,2b,2,2.9175,-13.538807711216974,28.63292003999991,0.00652703362852106,0.08560344630383193,0.0858519201129531,0.07694871515744706
MACS1115,network_power_150,heldout,1c,1,2.552,-28.171760932153965,6.107068439999708,-6.4382137746350985,-13.951393794448641,15.36528507433823,12.528470492463676
MACS1115,network_power_150,heldout,2c,2,2.9175,-31.152980884445302,7.703402040000196,-7.95398247836005,-14.899104183738054,16.889320375430724,14.881981710396126
MACS1115,network_power_250,training,1a,1,2.552,1.912865378204873,29.75760684000015,0.00011293845307254692,0.12523670803287165,0.12523675895680517,0.12366980646728695
MACS1115,network_power_250,training,1b,1,2.552,-15.97013581341566,23.892699240000148,0.03174114934493083,-0.08701889195714067,0.09262714569274887,0.09363712956859777
MACS1115,network_power_250,training,2a,2,2.9175,-6.520848960608248,31.039509239999674,0.06539255641079107,-0.15949365354730338,0.1723786876496214,0.17424703457152976
MACS1115,network_power_250,training,2b,2,2.9175,-13.538807711216974,28.63292003999991,0.006616254021745505,0.08557138158564014,0.08582677999176885,0.0768766410872991
MACS1115,network_power_250,heldout,1c,1,2.552,-28.171760932153965,6.107068439999708,-6.438056361196896,-13.951115821779755,15.364966722471651,12.52823919067819
MACS1115,network_power_250,heldout,2c,2,2.9175,-31.152980884445302,7.703402040000196,-7.953785483508921,-14.89885681589076,16.889009382971274,14.881750753173085
MACS1115,network_target_050,training,1a,1,2.552,1.912865378204873,29.75760684000015,-0.0006128409036357722,0.12318439725257423,0.12318592168122616,0.12167205520957597
MACS1115,network_target_050,training,1b,1,2.552,-15.97013581341566,23.892699240000148,0.03340273859818333,-0.08728875206090166,0.09346159201622949,0.0947967447183463
MACS1115,network_target_050,training,2a,2,2.9175,-6.520848960608248,31.039509239999674,0.0665165933624865,-0.1609732649863426,0.17417476634953083,0.175994353406369
MACS1115,network_target_050,training,2b,2,2.9175,-13.538807711216974,28.63292003999991,0.00840732964945061,0.08490147343050097,0.08531672393209079,0.07541053997941873
MACS1115,network_target_050,heldout,1c,1,2.552,-28.171760932153965,6.107068439999708,-6.435997349145909,-13.948646152308308,15.361861585124329,12.526639575716809
MACS1115,network_target_050,heldout,2c,2,2.9175,-31.152980884445302,7.703402040000196,-7.95159749544077,-14.896443546691465,16.885850084294415,14.879663507095385
MACS1115,network_target_150,training,1a,1,2.552,1.912865378204873,29.75760684000015,0.00130294921633857,0.12773264835780612,0.1277392936146091,0.1260868143646262
MACS1115,network_target_150,training,1b,1,2.552,-15.97013581341566,23.892699240000148,0.02876952465122745,-0.08593853772095972,0.09062625344939733,0.09103982771739405
MACS1115,network_target_150,training,2a,2,2.9175,-6.520848960608248,31.039509239999674,0.0634755774716294,-0.15712209621748935,0.1694594407377022,0.1714157621905608
MACS1115,network_target_150,training,2b,2,2.9175,-13.538807711216974,28.63292003999991,0.003295137006144866,0.08699741399970431,0.0870597953737844,0.07976165754853987
MACS1115,network_target_150,heldout,1c,1,2.552,-28.171760932153965,6.107068439999708,-6.441146074367931,-13.951692776760517,15.366785418182197,12.52965333627027
MACS1115,network_target_150,heldout,2c,2,2.9175,-31.152980884445302,7.703402040000196,-7.95692011849248,-14.899242398328115,16.89082596607426,14.883652897863255
MACS1115,network_target_200,training,1a,1,2.552,1.912865378204873,29.75760684000015,0.002362094437601095,0.12966903595395093,0.12969054851977135,0.12795602620515006
MACS1115,network_target_200,training,1b,1,2.552,-15.97013581341566,23.892699240000148,0.026039839360971217,-0.08476940310500536,0.08867877387923266,0.08850223546799633
MACS1115,network_target_200,training,2a,2,2.9175,-6.520848960608248,31.039509239999674,0.06178638293239851,-0.15507825574652762,0.16693358715745138,0.1689658505669277
MACS1115,network_target_200,training,2b,2,2.9175,-13.538807711216974,28.63292003999991,0.0002663338968381908,0.08835612588463605,0.08835652729191125,0.08244729627090144
MACS1115,network_target_200,heldout,1c,1,2.552,-28.171760932153965,6.107068439999708,-6.443799877023295,-13.951414129356714,15.367645007090045,12.53056369102592
MACS1115,network_target_200,heldout,2c,2,2.9175,-31.152980884445302,7.703402040000196,-7.9595402754077655,-14.898757982414853,16.891633160070953,14.884937051786162
MACS1115,network_link_125,training,1a,1,2.552,1.912865378204873,29.75760684000015,0.00011426767610039362,0.12519153043617723,0.12519158258466936,0.12362440924242134
MACS1115,network_link_125,training,1b,1,2.552,-15.97013581341566,23.892699240000148,0.0317282741686884,-0.08698423245229521,0.09259017268068133,0.09359932425259898
MACS1115,network_link_125,training,2a,2,2.9175,-6.520848960608248,31.039509239999674,0.06543187147161944,-0.15955336027259073,0.17244884626622953,0.17431544311500624
MACS1115,network_link_125,training,2b,2,2.9175,-13.538807711216974,28.63292003999991,0.006670879743276825,0.08555643068614961,0.08581610261660212,0.07683671336643363
MACS1115,network_link_125,heldout,1c,1,2.552,-28.171760932153965,6.107068439999708,-6.437865731072242,-13.950697580736948,15.364507091361379,12.527893815972602
MACS1115,network_link_125,heldout,2c,2,2.9175,-31.152980884445302,7.703402040000196,-7.95353114047801,-14.898468909061148,16.88854740458205,14.881390504662253
MACS1115,network_link_500,training,1a,1,2.552,1.912865378204873,29.75760684000015,0.00015180954163689008,0.12536720786531766,0.12536729977981778,0.12379815976077009
MACS1115,network_link_500,training,1b,1,2.552,-15.97013581341566,23.892699240000148,0.03165610741442299,-0.08701855728802448,0.09259772377938177,0.09359003907188036
MACS1115,network_link_500,training,2a,2,2.9175,-6.520848960608248,31.039509239999674,0.06529524477897636,-0.15936459342096845,0.17222236389905063,0.17409576242587288
MACS1115,network_link_500,training,2b,2,2.9175,-13.538807711216974,28.63292003999991,0.0064633213401854486,0.08562619227886736,0.0858697812208932,0.07699988647891551
MACS1115,network_link_500,heldout,1c,1,2.552,-28.171760932153965,6.107068439999708,-6.438294532350355,-13.951517456462598,15.365431195487913,12.528553548628645
MACS1115,network_link_500,heldout,2c,2,2.9175,-31.152980884445302,7.703402040000196,-7.954073739632413,-14.899214216129241,16.889460421032332,14.882061085151676
MACS1115,network_top_001,training,1a,1,2.552,1.912865378204873,29.75760684000015,0.0007995087514266266,0.12684803557557658,0.12685055515694976,0.12523792700684058
MACS1115,network_top_001,training,1b,1,2.552,-15.97013581341566,23.892699240000148,0.030121873327462818,-0.08654067042159116,0.09163304474791929,0.09232317927436173
MACS1115,network_top_001,training,2a,2,2.9175,-6.520848960608248,31.039509239999674,0.06444525805452751,-0.15834501604954618,0.17095711565607816,0.17287475386285636
MACS1115,network_top_001,training,2b,2,2.9175,-13.538807711216974,28.63292003999991,0.005025707863778346,0.08620273756803645,0.08634911524593525,0.07821192374384545
MACS1115,network_top_001,heldout,1c,1,2.552,-28.171760932153965,6.107068439999708,-6.438782877275557,-13.95140104228077,15.365530123729863,12.5269885554574
MACS1115,network_top_001,heldout,2c,2,2.9175,-31.152980884445302,7.703402040000196,-7.954106671559657,-14.898531563845234,16.88887372507245,14.879729305348132
MACS1115,network_top_003,training,1a,1,2.552,1.912865378204873,29.75760684000015,0.0016589120010481865,0.12910516919532938,0.1291158266905411,0.12743439607447232
MACS1115,network_top_003,training,1b,1,2.552,-15.97013581341566,23.892699240000148,0.028139078985613675,-0.08609550120605126,0.09057727691910251,0.09082979480898713
MACS1115,network_top_003,training,2a,2,2.9175,-6.520848960608248,31.039509239999674,0.06319810102263217,-0.1567052932963465,0.16896907681573217,0.17093544107533484
MACS1115,network_top_003,training,2b,2,2.9175,-13.538807711216974,28.63292003999991,0.0030810382912373085,0.08686569517347559,0.08692031865405954,0.07974147570911301
MACS1115,network_top_003,heldout,1c,1,2.552,-28.171760932153965,6.107068439999708,-6.43789533531437,-13.94888975225,15.362878039901496,12.524566973300697
MACS1115,network_top_003,heldout,2c,2,2.9175,-31.152980884445302,7.703402040000196,-7.952795968914713,-14.896157232652516,16.886161909181492,14.877429389852605
MACS1115,network_top_010,training,1a,1,2.552,1.912865378204873,29.75760684000015,-0.00182152217892439,0.12055223872228847,0.12056599936965622,0.11913342667863049
MACS1115,network_top_010,training,1b,1,2.552,-15.97013581341566,23.892699240000148,0.0363946637444759,-0.08831905055589641,0.09552395636785807,0.09737219426516225
MACS1115,network_top_010,training,2a,2,2.9175,-6.520848960608248,31.039509239999674,0.06836899074611012,-0.16327270731407184,0.17700931006392928,0.17875736271959536
MACS1115,network_top_010,training,2b,2,2.9175,-13.538807711216974,28.63292003999991,0.011558725338961105,0.08356933272098288,0.08436490682085698,0.07270312437189393
MACS1115,network_top_010,heldout,1c,1,2.552,-28.171760932153965,6.107068439999708,-6.433168406909754,-13.948437044650277,15.360486702583154,12.525513232570333
MACS1115,network_top_010,heldout,2c,2,2.9175,-31.152980884445302,7.703402040000196,-7.949174969305658,-14.896670958677682,16.8849100780474,14.878830994531564
MACS1931,eta_000,training,1a,1,1.1784,-4.6428294644049934,5.199180120004598,0.49993786318435096,3.4298920927413103,3.466135836186271,2.91090866172456
MACS1931,eta_000,training,1b,1,1.1784,22.14168556627329,1.5237241199983487,-3.3421863229704063,-0.07959668576498596,3.343134016134444,1.8922610510878155
MACS1931,eta_000,training,1c,1,1.1784,-16.029089685758773,-2.0458558799958837,2.5110021161639917,-0.6437247836308931,2.592202388788477,0.7122046699405677
MACS1931,eta_000,training,2a,2,1.8347,2.4294338472727843,25.33750812000619,-4.027552591050643,-2.4355569178715233,4.706709824693953,2.0128085825425757
MACS1931,eta_000,training,2b,2,1.8347,11.671413195382529,23.13427212000221,1.75960196610846,-2.3960110693644956,2.9727206602117784,0.6471198638975941
MACS1931,eta_000,training,3a,3,2.7069,-16.43218873261297,-25.874723879998385,-0.1942551007525732,-0.23857645226256463,0.307658524573242,0.23470224264729483
MACS1931,eta_000,training,3b,3,2.7069,-5.298348361977238,-28.968203880005206,0.17909649925422585,0.8815129948910146,0.8995224934412952,0.6502111783507947
MACS1931,eta_000,training,4a,4,4.0005,27.11667476272081,-22.84402787999369,2.5795588405239855,-1.6042222681695715,3.0377052025199176,1.8569589830649769
MACS1931,eta_000,training,4b,4,4.0005,-13.159745670698664,-28.635203880001825,-0.9412701486823858,-2.553743178980085,2.721689496799345,2.1094356539447467
MACS1931,eta_000,training,5a,5,4.7448,-12.572805125416988,15.405612120005685,3.3368177632079967,3.0971068573018954,4.552628215702095,2.6022201072506137
MACS1931,eta_000,training,5b,5,4.7448,-21.276138542562546,8.345472120007003,-1.861573691541329,-6.424507722595747,6.688778370280421,3.4028459424395874
MACS1931,eta_000,training,6a,6,5.0785,4.057606275782685,5.543052119999459,-1.3842928100912273,5.865800395553395,6.026929638260648,6.639554834781448
MACS1931,eta_000,training,6b,6,5.0785,16.27324600595884,-4.901159880004968,-1.2336377398592437,-2.1529599589072994,2.4813501683283525,1.1826823967313496
MACS1931,eta_000,training,7a,7,5.339,-13.803351896637993,10.107672119995925,1.4863579313103,3.438511013549404,3.746013599851125,2.845725812547592
MACS1931,eta_000,training,7b,7,5.339,-19.02464362590338,4.232760120004286,0.11946249310179602,-3.2940526400692574,3.2962181485462003,2.131504823763258
MACS1931,eta_000,heldout,1d,1,1.1784,-3.1028751978238702,-6.714119879998748,-13.700405870057018,-129.2358963274943,129.9600631754815,4.496198037944672
MACS1931,eta_000,heldout,2c,2,1.8347,-23.9983449662302,18.077748120002468,2.948072319964615,-3.296750666688025,4.422634436854293,1.9928753146105964
MACS1931,eta_000,heldout,4c,4,4.0005,-10.13650281819407,-29.464319879998868,8.88259264816493,-5.737392415692596,10.574408914207952,1.8421083078734317
MACS1931,eta_000,heldout,6c,6,5.0785,11.863947724317606,-10.868735880002589,-13.2002843376084,-0.9028582394737689,13.231124653418366,4.586285599126892
MACS1931,local_vector_s200,training,1a,1,1.1784,-4.6428294644049934,5.199180120004598,0.8351342099704637,3.280179649427227,3.3848231388330348,2.8961358065516647
MACS1931,local_vector_s200,training,1b,1,1.1784,22.14168556627329,1.5237241199983487,-3.6931353875257176,-0.0936142948608673,3.694321673433031,2.1167564393318057
MACS1931,local_vector_s200,training,1c,1,1.1784,-16.029089685758773,-2.0458558799958837,2.9046703673322742,-0.8411976067270214,3.0240243643895264,0.7994763942381032
MACS1931,local_vector_s200,training,2a,2,1.8347,2.4294338472727843,25.33750812000619,-4.14364860157984,-2.3925322201186483,4.784771066381382,2.0359278076755305
MACS1931,local_vector_s200,training,2b,2,1.8347,11.671413195382529,23.13427212000221,1.5480540226655806,-2.276995036632964,2.753393842867787,0.6568256509666771
MACS1931,local_vector_s200,training,3a,3,2.7069,-16.43218873261297,-25.874723879998385,-0.028293479486785632,0.1421280036705066,0.1449168396316753,0.08478523234724641
MACS1931,local_vector_s200,training,3b,3,2.7069,-5.298348361977238,-28.968203880005206,0.29478439380358074,1.1200972719236646,1.15823820408454,0.8255124802778607
MACS1931,local_vector_s200,training,4a,4,4.0005,27.11667476272081,-22.84402787999369,1.9624252100305575,-1.1376573053606878,2.2683423131009173,1.3644350912877603
MACS1931,local_vector_s200,training,4b,4,4.0005,-13.159745670698664,-28.635203880001825,-0.6997128539288832,-2.0115967236135304,2.129816765922832,1.628448354500922
MACS1931,local_vector_s200,training,5a,5,4.7448,-12.572805125416988,15.405612120005685,3.557136920170634,3.0205687944969415,4.666589644604476,2.7034199459964103
MACS1931,local_vector_s200,training,5b,5,4.7448,-21.276138542562546,8.345472120007003,-1.9921227457771242,-6.426405909891328,6.728093783006356,3.351794452054718
MACS1931,local_vector_s200,training,6a,6,5.0785,4.057606275782685,5.543052119999459,-1.342850774891784,5.816915489595398,5.969904020729507,6.452179721973085
MACS1931,local_vector_s200,training,6b,6,5.0785,16.27324600595884,-4.901159880004968,-1.2435878290442903,-2.1671457798754954,2.4986059152614004,1.1788441139504318
MACS1931,local_vector_s200,training,7a,7,5.339,-13.803351896637993,10.107672119995925,1.6599003619776143,3.477104621787224,3.8529891983429554,2.9176874158076083
MACS1931,local_vector_s200,training,7b,7,5.339,-19.02464362590338,4.232760120004286,0.09058900952613069,-3.248152760329444,3.2494157510362864,2.061638101468899
MACS1931,local_vector_s200,heldout,1d,1,1.1784,-3.1028751978238702,-6.714119879998748,-10.636150630608771,-131.46488599869562,131.8944424564092,4.580741446815288
MACS1931,local_vector_s200,heldout,2c,2,1.8347,-23.9983449662302,18.077748120002468,2.130646609800651,-5.607978952111072,5.999090172949211,2.3241606884460686
MACS1931,local_vector_s200,heldout,4c,4,4.0005,-10.13650281819407,-29.464319879998868,6.003723823831123,-3.9955934027192685,7.211758897293444,1.4010423721051828
MACS1931,local_vector_s200,heldout,6c,6,5.0785,11.863947724317606,-10.868735880002589,-13.114096717242829,-0.837841277255636,13.140833714611583,4.564850439139666
MACS1931,network_parent,training,1a,1,1.1784,-4.6428294644049934,5.199180120004598,0.8198957968102395,3.1865908955677122,3.290378496972975,2.812888151569197
MACS1931,network_parent,training,1b,1,1.1784,22.14168556627329,1.5237241199983487,-4.045778935839903,-0.10264677237897057,4.047080868671354,2.278719429947407
MACS1931,network_parent,training,1c,1,1.1784,-16.029089685758773,-2.0458558799958837,3.3572850358164694,-1.180437043398292,3.5587630470634166,0.9283544447342995
MACS1931,network_parent,training,2a,2,1.8347,2.4294338472727843,25.33750812000619,-3.997084369676246,-2.455182414509711,4.690906537848296,2.047633797319623
MACS1931,network_parent,training,2b,2,1.8347,11.671413195382529,23.13427212000221,1.4710441928656381,-2.293533334681414,2.7247506628421188,0.7048425423443636
MACS1931,network_parent,training,3a,3,2.7069,-16.43218873261297,-25.874723879998385,0.013258563256852133,0.19538141897732245,0.19583076464444488,0.13439732702981927
MACS1931,network_parent,training,3b,3,2.7069,-5.298348361977238,-28.968203880005206,0.3610059322368429,1.1880082776348917,1.2416476758079218,0.8692445296504319
MACS1931,network_parent,training,4a,4,4.0005,27.11667476272081,-22.84402787999369,1.3721437767181413,-0.8183249691280113,1.5976339690569568,0.9499817345435569
MACS1931,network_parent,training,4b,4,4.0005,-13.159745670698664,-28.635203880001825,-0.553934393662732,-1.5600890741627804,1.6555123774241558,1.2516646368735493
MACS1931,network_parent,training,5a,5,4.7448,-12.572805125416988,15.405612120005685,3.70031179906074,2.865822145189408,4.680303833954175,2.728428366453639
MACS1931,network_parent,training,5b,5,4.7448,-21.276138542562546,8.345472120007003,-2.2999331281478037,-6.4481238983830265,6.8460203186121245,3.365156347626445
MACS1931,network_parent,training,6a,6,5.0785,4.057606275782685,5.543052119999459,-1.551279502106311,5.7802159759204885,5.984761049694604,6.4353688293980005
MACS1931,network_parent,training,6b,6,5.0785,16.27324600595884,-4.901159880004968,-1.2872366344825024,-2.052818452312946,2.4230232667703295,1.143848473915384
MACS1931,network_parent,training,7a,7,5.339,-13.803351896637993,10.107672119995925,1.595745085991674,3.4453419809594092,3.7969440008022084,2.8732865284875384
MACS1931,network_parent,training,7b,7,5.339,-19.02464362590338,4.232760120004286,-0.004093919523283154,-3.384109705227152,3.3841121815314668,2.1146576443531226
MACS1931,network_parent,heldout,1d,1,1.1784,-3.1028751978238702,-6.714119879998748,-9.987074961874862,-136.77489463827033,137.13902970928464,4.574008983408252
MACS1931,network_parent,heldout,2c,2,1.8347,-23.9983449662302,18.077748120002468,1.3465134889459915,-6.005709395521523,6.154806570426807,2.1857675482819254
MACS1931,network_parent,heldout,4c,4,4.0005,-10.13650281819407,-29.464319879998868,4.9278164830976925,-3.122065719976943,5.833581202909964,1.0262951271499374
MACS1931,network_parent,heldout,6c,6,5.0785,11.863947724317606,-10.868735880002589,-13.194223396298167,-0.43065331829881903,13.201249687510032,4.580990179719777
MACS1931,network_hop_080,training,1a,1,1.1784,-4.6428294644049934,5.199180120004598,0.8301434120177703,3.194627132616013,3.300724254002887,2.8216966981778544
MACS1931,network_hop_080,training,1b,1,1.1784,22.14168556627329,1.5237241199983487,-4.063648914521854,-0.11595358788606215,4.06530290815313,2.2956646076963767
MACS1931,network_hop_080,training,1c,1,1.1784,-16.029089685758773,-2.0458558799958837,3.369713922751137,-1.2034616188667004,3.5781687759618204,0.9302873705451734
MACS1931,network_hop_080,training,2a,2,1.8347,2.4294338472727843,25.33750812000619,-3.9924140513155386,-2.4569008246796287,4.68782802793076,2.0482595243359762
MACS1931,network_hop_080,training,2b,2,1.8347,11.671413195382529,23.13427212000221,1.4538810186207287,-2.2796777964344623,2.7038307772236663,0.7024870780438083
MACS1931,network_hop_080,training,3a,3,2.7069,-16.43218873261297,-25.874723879998385,0.02187213835952343,0.2232795608829854,0.22434828446974342,0.15603855849588094
MACS1931,network_hop_080,training,3b,3,2.7069,-5.298348361977238,-28.968203880005206,0.3890368953364019,1.2371289148798978,1.296856837883388,0.9052553014292276
MACS1931,network_hop_080,training,4a,4,4.0005,27.11667476272081,-22.84402787999369,1.3336696111657749,-0.7920669808813545,1.5511430410989095,0.9261562805776986
MACS1931,network_hop_080,training,4b,4,4.0005,-13.159745670698664,-28.635203880001825,-0.5301272705738777,-1.4945556112706364,1.5857904647798382,1.198655394459876
MACS1931,network_hop_080,training,5a,5,4.7448,-12.572805125416988,15.405612120005685,3.7031615465347083,2.8714358973284613,4.685995043979436,2.7364572630897372
MACS1931,network_hop_080,training,5b,5,4.7448,-21.276138542562546,8.345472120007003,-2.288448763818157,-6.447544125801235,6.841624295353762,3.365653565473021
MACS1931,network_hop_080,training,6a,6,5.0785,4.057606275782685,5.543052119999459,-1.5697014823891362,5.787177055209969,5.99628059818446,6.434968472323791
MACS1931,network_hop_080,training,6b,6,5.0785,16.27324600595884,-4.901159880004968,-1.286603814017823,-2.046777524377615,2.4175706005290865,1.135861952751702
MACS1931,network_hop_080,training,7a,7,5.339,-13.803351896637993,10.107672119995925,1.6014672346152852,3.4475347013185096,3.8013409239821723,2.8785714508095657
MACS1931,network_hop_080,training,7b,7,5.339,-19.02464362590338,4.232760120004286,-0.007939962282191411,-3.3850031019722797,3.3850124140633513,2.1132139493940647
MACS1931,network_hop_080,heldout,1d,1,1.1784,-3.1028751978238702,-6.714119879998748,-9.511362533285713,-136.41834342068344,136.74951714314432,4.557385129962448
MACS1931,network_hop_080,heldout,2c,2,1.8347,-23.9983449662302,18.077748120002468,1.3872583521234252,-6.102690414513397,6.258379664971589,2.2171946395651223
MACS1931,network_hop_080,heldout,4c,4,4.0005,-10.13650281819407,-29.464319879998868,4.73750446110583,-2.9881191928468254,5.601143171679975,0.969579671370376
MACS1931,network_hop_080,heldout,6c,6,5.0785,11.863947724317606,-10.868735880002589,-13.220519463092344,-0.31059623945912496,13.224167455759536,4.564778634859475
MACS1931,network_hop_090,training,1a,1,1.1784,-4.6428294644049934,5.199180120004598,0.8302293019653888,3.1923803653307843,3.2985713711835083,2.8205554536239137
MACS1931,network_hop_090,training,1b,1,1.1784,22.14168556627329,1.5237241199983487,-4.056287499576483,-0.11030231837367825,4.057786943724256,2.2882092328704027
MACS1931,network_hop_090,training,1c,1,1.1784,-16.029089685758773,-2.0458558799958837,3.360476612881251,-1.1910756433809282,3.5653140470338847,0.9281010416211175
MACS1931,network_hop_090,training,2a,2,1.8347,2.4294338472727843,25.33750812000619,-3.992004349220333,-2.4572332319183023,4.687653344717132,2.0487499964164315
MACS1931,network_hop_090,training,2b,2,1.8347,11.671413195382529,23.13427212000221,1.4581209915764586,-2.28487901586871,2.7104960695845106,0.7042600551784117
MACS1931,network_hop_090,training,3a,3,2.7069,-16.43218873261297,-25.874723879998385,0.02068830799480111,0.21735459608456353,0.21833695639257114,0.1516873657063503
MACS1931,network_hop_090,training,3b,3,2.7069,-5.298348361977238,-28.968203880005206,0.3804180372081582,1.2203823601132135,1.2783000382964889,0.8930857373461708
MACS1931,network_hop_090,training,4a,4,4.0005,27.11667476272081,-22.84402787999369,1.3488886129091848,-0.8015255796327821,1.569058235006506,0.935354717678624
MACS1931,network_hop_090,training,4b,4,4.0005,-13.159745670698664,-28.635203880001825,-0.5415683913990463,-1.5262392805583844,1.6194760461587339,1.224147360329923
MACS1931,network_hop_090,training,5a,5,4.7448,-12.572805125416988,15.405612120005685,3.7064619954492577,2.864983453584825,4.684654812579527,2.7330927657502406
MACS1931,network_hop_090,training,5b,5,4.7448,-21.276138542562546,8.345472120007003,-2.29800857240187,-6.4476152633252495,6.844894884707669,3.364955643361069
MACS1931,network_hop_090,training,6a,6,5.0785,4.057606275782685,5.543052119999459,-1.55795173757527,5.784645144632163,5.990770657096653,6.434307385282798
MACS1931,network_hop_090,training,6b,6,5.0785,16.27324600595884,-4.901159880004968,-1.286238397817743,-2.0533344255794286,2.4229303496572814,1.1414583358246577
MACS1931,network_hop_090,training,7a,7,5.339,-13.803351896637993,10.107672119995925,1.6009454990310934,3.4463886599306535,3.800081747300513,2.876316759334232
MACS1931,network_hop_090,training,7b,7,5.339,-19.02464362590338,4.232760120004286,-0.007152584418918085,-3.3851186830347526,3.3851262395507216,2.1140046874179204
MACS1931,network_hop_090,heldout,1d,1,1.1784,-3.1028751978238702,-6.714119879998748,-9.574138819035815,-135.38377118773536,135.72188340551148,4.566949402761339
MACS1931,network_hop_090,heldout,2c,2,1.8347,-23.9983449662302,18.077748120002468,1.3792995139881696,-6.03494250265235,6.190557176830516,2.2010540194547152
MACS1931,network_hop_090,heldout,4c,4,4.0005,-10.13650281819407,-29.464319879998868,4.810694258908015,-3.046473957560464,5.694188513456913,0.997078858805229
MACS1931,network_hop_090,heldout,6c,6,5.0785,11.863947724317606,-10.868735880002589,-13.221704403616538,-0.3675139049499708,13.226811173028235,4.574704828024686
MACS1931,network_hop_110,training,1a,1,1.1784,-4.6428294644049934,5.199180120004598,0.8259746614603156,3.180976256090336,3.286463765688734,2.8124062742620506
MACS1931,network_hop_110,training,1b,1,1.1784,22.14168556627329,1.5237241199983487,-4.024182720079072,-0.09559601574573111,4.025318020083563,2.2664375320572594
MACS1931,network_hop_110,training,1c,1,1.1784,-16.029089685758773,-2.0458558799958837,3.351373409039064,-1.1803970048081847,3.553173344459042,0.9282451421475515
MACS1931,network_hop_110,training,2a,2,1.8347,2.4294338472727843,25.33750812000619,-4.001364758720281,-2.4538378682776463,4.693851320197733,2.0478927744927113
MACS1931,network_hop_110,training,2b,2,1.8347,11.671413195382529,23.13427212000221,1.4771545523930594,-2.2955770496461634,2.7297728041941007,0.7033135785885346
MACS1931,network_hop_110,training,3a,3,2.7069,-16.43218873261297,-25.874723879998385,0.013557847190896732,0.1992923488096486,0.19975298624681023,0.1371650680919454
MACS1931,network_hop_110,training,3b,3,2.7069,-5.298348361977238,-28.968203880005206,0.35663725789962863,1.1845725922695443,1.2370943214154506,0.8675615773921471
MACS1931,network_hop_110,training,4a,4,4.0005,27.11667476272081,-22.84402787999369,1.4153604130255169,-0.8467041182602014,1.649288623206547,0.979668009141343
MACS1931,network_hop_110,training,4b,4,4.0005,-13.159745670698664,-28.635203880001825,-0.5649055477942775,-1.5984962153180646,1.6953785501518324,1.2823380643455384
MACS1931,network_hop_110,training,5a,5,4.7448,-12.572805125416988,15.405612120005685,3.6896917600004295,2.8745978497113254,4.6773002983965055,2.726530387417568
MACS1931,network_hop_110,training,5b,5,4.7448,-21.276138542562546,8.345472120007003,-2.2827335367423656,-6.447425639648072,6.839603042469618,3.3673954412431724
MACS1931,network_hop_110,training,6a,6,5.0785,4.057606275782685,5.543052119999459,-1.528948843185902,5.778798841972052,5.9776417273919185,6.43141478560343
MACS1931,network_hop_110,training,6b,6,5.0785,16.27324600595884,-4.901159880004968,-1.2853656027053375,-2.0621770112722615,2.429966822497347,1.1484936695703978
MACS1931,network_hop_110,training,7a,7,5.339,-13.803351896637993,10.107672119995925,1.5994953023536191,3.447743768446692,3.8007002401023806,2.8776025873831697
MACS1931,network_hop_110,training,7b,7,5.339,-19.02464362590338,4.232760120004286,0.0019038768697082146,-3.375361295646732,3.375361832588785,2.1125753552675004
MACS1931,network_hop_110,heldout,1d,1,1.1784,-3.1028751978238702,-6.714119879998748,-10.054523819722675,-136.70435654782406,137.07360996339148,4.582813062590087
MACS1931,network_hop_110,heldout,2c,2,1.8347,-23.9983449662302,18.077748120002468,1.382117562147389,-5.961928594827156,6.120036072231432,2.187259287937942
MACS1931,network_hop_110,heldout,4c,4,4.0005,-10.13650281819407,-29.464319879998868,5.000753396541558,-3.187212003176553,5.930080512624987,1.0583860424290266
MACS1931,network_hop_110,heldout,6c,6,5.0785,11.863947724317606,-10.868735880002589,-13.17324829307695,-0.49891448135809957,13.18269267830983,4.584754836939286
MACS1931,network_hop_120,training,1a,1,1.1784,-4.6428294644049934,5.199180120004598,0.8225820898625666,3.172345040588598,3.277257138387182,2.8056936719663153
MACS1931,network_hop_120,training,1b,1,1.1784,22.14168556627329,1.5237241199983487,-4.015794242280026,-0.08980244582364955,4.016798211960033,2.2611443216725573
MACS1931,network_hop_120,training,1c,1,1.1784,-16.029089685758773,-2.0458558799958837,3.3577959092776406,-1.1782015587005314,3.5585042196526926,0.9307755281545202
MACS1931,network_hop_120,training,2a,2,1.8347,2.4294338472727843,25.33750812000619,-4.008164917430112,-2.4501340747598337,4.697716784738812,2.046168373793538
MACS1931,network_hop_120,training,2b,2,1.8347,11.671413195382529,23.13427212000221,1.4864505553850866,-2.298455283979452,2.737230707495752,0.7014578372787615
MACS1931,network_hop_120,training,3a,3,2.7069,-16.43218873261297,-25.874723879998385,0.01385324845632375,0.20425782750129506,0.20472706852866682,0.14067094550614695
MACS1931,network_hop_120,training,3b,3,2.7069,-5.298348361977238,-28.968203880005206,0.35381308874308537,1.184836696649403,1.2365361699089081,0.8689608761792251
MACS1931,network_hop_120,training,4a,4,4.0005,27.11667476272081,-22.84402787999369,1.4431528355881162,-0.8649317494329811,1.6824972624177486,0.998691966570467
MACS1931,network_hop_120,training,4b,4,4.0005,-13.159745670698664,-28.635203880001825,-0.5731239358056163,-1.628233234192755,1.7261559925809484,1.306569930420672
MACS1931,network_hop_120,training,5a,5,4.7448,-12.572805125416988,15.405612120005685,3.676512065097409,2.8869116218761297,4.67450528690794,2.7262184017815705
MACS1931,network_hop_120,training,5b,5,4.7448,-21.276138542562546,8.345472120007003,-2.2635418720036036,-6.446934899621965,6.832758696623001,3.3685639205495304
MACS1931,network_hop_120,training,6a,6,5.0785,4.057606275782685,5.543052119999459,-1.5215313401828208,5.7751703494150695,5.97223996369214,6.429915082469006
MACS1931,network_hop_120,training,6b,6,5.0785,16.27324600595884,-4.901159880004968,-1.2851757136882438,-2.0593634150417484,2.4274789989341823,1.1471275010379887
MACS1931,network_hop_120,training,7a,7,5.339,-13.803351896637993,10.107672119995925,1.5997860004523006,3.4501007663945114,3.8029607604495688,2.8810426050982363
MACS1931,network_hop_120,training,7b,7,5.339,-19.02464362590338,4.232760120004286,0.008301069268142286,-3.367288021188592,3.367298253109038,2.109659863773184
MACS1931,network_hop_120,heldout,1d,1,1.1784,-3.1028751978238702,-6.714119879998748,-10.613228495757786,-140.59211746891276,140.99214202747515,4.586185804719818
MACS1931,network_hop_120,heldout,2c,2,1.8347,-23.9983449662302,18.077748120002468,1.3652615082143165,-6.029983552240261,6.182607914634382,2.197779975072781
MACS1931,network_hop_120,heldout,4c,4,4.0005,-10.13650281819407,-29.464319879998868,5.053816760697867,-3.236803776625859,6.0014966915837,1.083507634412822
MACS1931,network_hop_120,heldout,6c,6,5.0785,11.863947724317606,-10.868735880002589,-13.137484234706138,-0.5349417377987052,13.14837079945616,4.581705449077873
MACS1931,network_soft_100,training,1a,1,1.1784,-4.6428294644049934,5.199180120004598,0.8290183010878547,3.1820769438099026,3.2882951540068848,2.8129188228385615
MACS1931,network_soft_100,training,1b,1,1.1784,22.14168556627329,1.5237241199983487,-4.053037545791756,-0.10260006873845048,4.054335965568566,2.2837650113912518
MACS1931,network_soft_100,training,1c,1,1.1784,-16.029089685758773,-2.0458558799958837,3.3725671737283673,-1.1975450374663748,3.5788718135846227,0.9323328654706121
MACS1931,network_soft_100,training,2a,2,1.8347,2.4294338472727843,25.33750812000619,-3.986587648678436,-2.4597709836382635,4.684373423686909,2.0479597528701814
MACS1931,network_soft_100,training,2b,2,1.8347,11.671413195382529,23.13427212000221,1.458204414944737,-2.2879634861532487,2.7131415425176124,0.7059182152810168
MACS1931,network_soft_100,training,3a,3,2.7069,-16.43218873261297,-25.874723879998385,0.020029145492180066,0.22595866041024976,0.22684462277854744,0.15718343463051548
MACS1931,network_soft_100,training,3b,3,2.7069,-5.298348361977238,-28.968203880005206,0.3773114801219314,1.2243514395071513,1.2811714953334843,0.8962789829514742
MACS1931,network_soft_100,training,4a,4,4.0005,27.11667476272081,-22.84402787999369,1.372861574960806,-0.8222814956557803,1.6002799011740951,0.9526143613608222
MACS1931,network_soft_100,training,4b,4,4.0005,-13.159745670698664,-28.635203880001825,-0.547474235008693,-1.5504334653100016,1.6442542286251032,1.2433478497237047
MACS1931,network_soft_100,training,5a,5,4.7448,-12.572805125416988,15.405612120005685,3.711009948882012,2.8604513662428377,4.685485765568154,2.733371277602469
MACS1931,network_soft_100,training,5b,5,4.7448,-21.276138542562546,8.345472120007003,-2.3093633997599667,-6.447017626990649,6.848152714044793,3.364237798998133
MACS1931,network_soft_100,training,6a,6,5.0785,4.057606275782685,5.543052119999459,-1.551326493676893,5.780018617430972,5.984582617679573,6.4321519921388575
MACS1931,network_soft_100,training,6b,6,5.0785,16.27324600595884,-4.901159880004968,-1.2879201113112342,-2.053297363370906,2.4237921271317506,1.144010047298289
MACS1931,network_soft_100,training,7a,7,5.339,-13.803351896637993,10.107672119995925,1.5995635730286892,3.445814250723256,3.7989787410102442,2.875283776325291
MACS1931,network_soft_100,training,7b,7,5.339,-19.02464362590338,4.232760120004286,-0.007567375276275898,-3.3859999331738035,3.3860083893312454,2.1142016159578927
MACS1931,network_soft_100,heldout,1d,1,1.1784,-3.1028751978238702,-6.714119879998748,-9.822580000425756,-136.12078781102883,136.47473008641526,4.576059517511589
MACS1931,network_soft_100,heldout,2c,2,1.8347,-23.9983449662302,18.077748120002468,1.2939943885856031,-6.080500573119095,6.216663791568004,2.1879087295976265
MACS1931,network_soft_100,heldout,4c,4,4.0005,-10.13650281819407,-29.464319879998868,4.864801005908044,-3.090336391950023,5.763372957088115,1.0171397397715982
MACS1931,network_soft_100,heldout,6c,6,5.0785,11.863947724317606,-10.868735880002589,-13.193758469194378,-0.4283656629308162,13.200710574988626,4.581754779233645
MACS1931,network_soft_300,training,1a,1,1.1784,-4.6428294644049934,5.199180120004598,0.8160349899956798,3.188291492286124,3.291066049881304,2.8127912843958787
MACS1931,network_soft_300,training,1b,1,1.1784,22.14168556627329,1.5237241199983487,-4.043142751187003,-0.10255479810611474,4.044443199389824,2.276796481996155
MACS1931,network_soft_300,training,1c,1,1.1784,-16.029089685758773,-2.0458558799958837,3.35205563398992,-1.1747952149285583,3.5519601307422644,0.9270974877585856
MACS1931,network_soft_300,training,2a,2,1.8347,2.4294338472727843,25.33750812000619,-4.0011178273929024,-2.453400600235351,4.693412231406536,2.0476989126480407
MACS1931,network_soft_300,training,2b,2,1.8347,11.671413195382529,23.13427212000221,1.4759357759256186,-2.2958205206802687,2.7293182807862073,0.7045994482564022
MACS1931,network_soft_300,training,3a,3,2.7069,-16.43218873261297,-25.874723879998385,0.009822246227573835,0.18049306460071404,0.18076012527632476,0.12326058459350878
MACS1931,network_soft_300,training,3b,3,2.7069,-5.298348361977238,-28.968203880005206,0.35396155460091017,1.1713777204710116,1.2236889090579177,0.8568597361408916
MACS1931,network_soft_300,training,4a,4,4.0005,27.11667476272081,-22.84402787999369,1.370281317362393,-0.8152825321923145,1.5944768722092921,0.9478067939851813
MACS1931,network_soft_300,training,4b,4,4.0005,-13.159745670698664,-28.635203880001825,-0.5570867552906738,-1.5639203152742753,1.6601784257867827,1.2551837658996532
MACS1931,network_soft_300,training,5a,5,4.7448,-12.572805125416988,15.405612120005685,3.696494595165941,2.867983607639783,4.678611147101405,2.7268120853409514
MACS1931,network_soft_300,training,5b,5,4.7448,-21.276138542562546,8.345472120007003,-2.296932193519277,-6.448536105038147,6.84540104008566,3.3656406302492523
MACS1931,network_soft_300,training,6a,6,5.0785,4.057606275782685,5.543052119999459,-1.5520272823118972,5.780320030667022,5.985055416783613,6.436960873656459
MACS1931,network_soft_300,training,6b,6,5.0785,16.27324600595884,-4.901159880004968,-1.2869636632750474,-2.052427524668863,2.4225470510618954,1.1437766287879427
MACS1931,network_soft_300,training,7a,7,5.339,-13.803351896637993,10.107672119995925,1.5941587064507108,3.4451393058127517,3.7960936260593696,2.8726092703344244
MACS1931,network_soft_300,training,7b,7,5.339,-19.02464362590338,4.232760120004286,-0.002972890365971703,-3.3836293070909256,3.383630613096197,2.1149676940779534
MACS1931,network_soft_300,heldout,1d,1,1.1784,-3.1028751978238702,-6.714119879998748,-10.049428100370722,-137.04250374025588,137.41047571616426,4.57310469520653
MACS1931,network_soft_300,heldout,2c,2,1.8347,-23.9983449662302,18.077748120002468,1.3715498284065615,-5.969513123386342,6.125049866089567,2.184405662028633
MACS1931,network_soft_300,heldout,4c,4,4.0005,-10.13650281819407,-29.464319879998868,4.956095622554529,-3.136210547781315,5.865040530117327,1.0299602259288503
MACS1931,network_soft_300,heldout,6c,6,5.0785,11.863947724317606,-10.868735880002589,-13.197947520021742,-0.4276869639983939,13.204875420859608,4.580891322692911
MACS1931,network_power_150,training,1a,1,1.1784,-4.6428294644049934,5.199180120004598,0.8175577718467331,3.1878611008290387,3.2910270598228033,2.813001812497199
MACS1931,network_power_150,training,1b,1,1.1784,22.14168556627329,1.5237241199983487,-4.0442578416796335,-0.102698269623092,4.045561570977604,2.2776083676096
MACS1931,network_power_150,training,1c,1,1.1784,-16.029089685758773,-2.0458558799958837,3.3538659667090154,-1.1769900955841828,3.554394830031163,0.9275044257849754
MACS1931,network_power_150,training,2a,2,1.8347,2.4294338472727843,25.33750812000619,-3.999296549566231,-2.4541990770282327,4.69227727239755,2.0477536024930347
MACS1931,network_power_150,training,2b,2,1.8347,11.671413195382529,23.13427212000221,1.473844830550103,-2.2948873855815783,2.727402921652889,0.7047529545293334
MACS1931,network_power_150,training,3a,3,2.7069,-16.43218873261297,-25.874723879998385,0.011367156683774679,0.18685773372125056,0.18720316477697502,0.12804644186986036
MACS1931,network_power_150,training,3b,3,2.7069,-5.298348361977238,-28.968203880005206,0.357093261266237,1.178535121895134,1.2314465602624158,0.8621742782552128
MACS1931,network_power_150,training,4a,4,4.0005,27.11667476272081,-22.84402787999369,1.3703329662998491,-0.8159836871709789,1.5948798751809772,0.9481455376073409
MACS1931,network_power_150,training,4b,4,4.0005,-13.159745670698664,-28.635203880001825,-0.5556725974550893,-1.5619247138504662,1.6578241303887895,1.2533782324064797
MACS1931,network_power_150,training,5a,5,4.7448,-12.572805125416988,15.405612120005685,3.6981376603805454,2.8669515918340425,4.679277036577835,2.727423367669807
MACS1931,network_power_150,training,5b,5,4.7448,-21.276138542562546,8.345472120007003,-2.298346327881013,-6.4483855366922045,6.845733844717113,3.365491399829433
MACS1931,network_power_150,training,6a,6,5.0785,4.057606275782685,5.543052119999459,-1.5518557656110368,5.780383623482612,5.985072359786988,6.43643201537614
MACS1931,network_power_150,training,6b,6,5.0785,16.27324600595884,-4.901159880004968,-1.2870438666287534,-2.0526398815342026,2.4227695717693494,1.1438108628844634
MACS1931,network_power_150,training,7a,7,5.339,-13.803351896637993,10.107672119995925,1.594746762946353,3.4451836917970975,3.796380896084131,2.872834642243301
MACS1931,network_power_150,training,7b,7,5.339,-19.02464362590338,4.232760120004286,-0.0035257209028694376,-3.383956559116485,3.383958395828082,2.114921964862271
MACS1931,network_power_150,heldout,1d,1,1.1784,-3.1028751978238702,-6.714119879998748,-10.018423240614883,-136.8955343317725,137.26163383921084,4.573309031895167
MACS1931,network_power_150,heldout,2c,2,1.8347,-23.9983449662302,18.077748120002468,1.3632036443719129,-5.980578865136597,6.133974872637433,2.184676165911286
MACS1931,network_power_150,heldout,4c,4,4.0005,-10.13650281819407,-29.464319879998868,4.9428227103792715,-3.1293821492434444,5.850173414715551,1.028090842551311
MACS1931,network_power_150,heldout,6c,6,5.0785,11.863947724317606,-10.868735880002589,-13.197350835646988,-0.4279223185324116,13.204286674782944,4.58090523381601
MACS1931,network_power_250,training,1a,1,1.1784,-4.6428294644049934,5.199180120004598,0.8221806888242005,3.1852786437308955,3.2896779665012152,2.812706011426634
MACS1931,network_power_250,training,1b,1,1.1784,22.14168556627329,1.5237241199983487,-4.047589286401669,-0.10263566025647293,4.0488903554121904,2.2799950843584162
MACS1931,network_power_250,training,1c,1,1.1784,-16.029089685758773,-2.0458558799958837,3.3610590187052036,-1.1841316564995656,3.563549565692049,0.9293006745618504
MACS1931,network_power_250,training,2a,2,1.8347,2.4294338472727843,25.33750812000619,-3.995033885426721,-2.4560795799486383,4.6896292655974845,2.0475170856163776
MACS1931,network_power_250,training,2b,2,1.8347,11.671413195382529,23.13427212000221,1.4681530236507923,-2.292148951490065,2.722025002947616,0.7049608394392701
MACS1931,network_power_250,training,3a,3,2.7069,-16.43218873261297,-25.874723879998385,0.015068597476776248,0.20365403757170517,0.20421074812353684,0.14055404406703034
MACS1931,network_power_250,training,3b,3,2.7069,-5.298348361977238,-28.968203880005206,0.3650132765576682,1.1974489905182846,1.2518461474784446,0.8762961288406607
MACS1931,network_power_250,training,4a,4,4.0005,27.11667476272081,-22.84402787999369,1.3734395961125916,-0.8202655847717035,1.5997412146127834,0.9514835672896406
MACS1931,network_power_250,training,4b,4,4.0005,-13.159745670698664,-28.635203880001825,-0.5522238916857474,-1.5580181903712775,1.65298878038429,1.2498146943581825
MACS1931,network_power_250,training,5a,5,4.7448,-12.572805125416988,15.405612120005685,3.70261073754096,2.8646407156547022,4.6813985841349055,2.729499430008647
MACS1931,network_power_250,training,5b,5,4.7448,-21.276138542562546,8.345472120007003,-2.301750092884682,-6.447886605392396,6.846407464217516,3.3647945852243204
MACS1931,network_power_250,training,6a,6,5.0785,4.057606275782685,5.543052119999459,-1.550986435598138,5.780043950970236,5.984518944623455,6.434300515227968
MACS1931,network_power_250,training,6b,6,5.0785,16.27324600595884,-4.901159880004968,-1.2874512578087292,-2.05290070751727,2.423206977572941,1.1438467195961546
MACS1931,network_power_250,training,7a,7,5.339,-13.803351896637993,10.107672119995925,1.596684948524212,3.4454715804910094,3.7974566800445504,2.8736929418432933
MACS1931,network_power_250,training,7b,7,5.339,-19.02464362590338,4.232760120004286,-0.004749367618970891,-3.3843925035546922,3.384395835981657,2.114417596191039
MACS1931,network_power_250,heldout,1d,1,1.1784,-3.1028751978238702,-6.714119879998748,-9.955325586563761,-136.66627148173194,137.02838489981903,4.574630761753465
MACS1931,network_power_250,heldout,2c,2,1.8347,-23.9983449662302,18.077748120002468,1.3303100734875168,-6.031203978652959,6.17617570376213,2.187034439756973
MACS1931,network_power_250,heldout,4c,4,4.0005,-10.13650281819407,-29.464319879998868,4.912547880909982,-3.114508224050133,5.816638905752107,1.0243042205392516
MACS1931,network_power_250,heldout,6c,6,5.0785,11.863947724317606,-10.868735880002589,-13.1919037192855,-0.4321697412558127,13.198980810053317,4.581074085559767
MACS1931,network_target_050,training,1a,1,1.1784,-4.6428294644049934,5.199180120004598,0.8069575617710122,3.204131147689435,3.304184758468121,2.8185359270749197
MACS1931,network_target_050,training,1b,1,1.1784,22.14168556627329,1.5237241199983487,-3.992887323989714,-0.10345777040614626,3.994227421208656,2.2557942706830207
MACS1931,network_target_050,training,1c,1,1.1784,-16.029089685758773,-2.0458558799958837,3.288321820796886,-1.1163106688667428,3.47263731284375,0.9083028590322348
MACS1931,network_target_050,training,2a,2,1.8347,2.4294338472727843,25.33750812000619,-4.018355572885704,-2.446892145831178,4.704727694933246,2.041354752069937
MACS1931,network_target_050,training,2b,2,1.8347,11.671413195382529,23.13427212000221,1.4785363594023666,-2.287228779234644,2.723506059224764,0.6954929719887581
MACS1931,network_target_050,training,3a,3,2.7069,-16.43218873261297,-25.874723879998385,0.0045275565253660235,0.2108765416384001,0.21092513975688693,0.14131824239002871
MACS1931,network_target_050,training,3b,3,2.7069,-5.298348361977238,-28.968203880005206,0.366749861922451,1.2311121080851424,1.2845787184497415,0.8999469498179142
MACS1931,network_target_050,training,4a,4,4.0005,27.11667476272081,-22.84402787999369,1.5150461862724853,-0.9215290361421276,1.7732965660012543,1.061732567454782
MACS1931,network_target_050,training,4b,4,4.0005,-13.159745670698664,-28.635203880001825,-0.565840747960153,-1.6139231563551857,1.7102408329447611,1.2928941677431094
MACS1931,network_target_050,training,5a,5,4.7448,-12.572805125416988,15.405612120005685,3.6784313266877775,2.8834346932186206,4.673869131160474,2.722934336024819
MACS1931,network_target_050,training,5b,5,4.7448,-21.276138542562546,8.345472120007003,-2.2636998801448405,-6.450506897864773,6.836181418509077,3.35587799041813
MACS1931,network_target_050,training,6a,6,5.0785,4.057606275782685,5.543052119999459,-1.5273702919088077,5.78705725230191,5.985222773633887,6.43471885503497
MACS1931,network_target_050,training,6b,6,5.0785,16.27324600595884,-4.901159880004968,-1.2834832302790493,-2.0655925343163473,2.431872060827003,1.1455384185374808
MACS1931,network_target_050,training,7a,7,5.339,-13.803351896637993,10.107672119995925,1.592072852443885,3.4453043222525443,3.795367945327682,2.867572976665891
MACS1931,network_target_050,training,7b,7,5.339,-19.02464362590338,4.232760120004286,0.008941374176340755,-3.3745216169211334,3.3745334627530634,2.107829893083563
MACS1931,network_target_050,heldout,1d,1,1.1784,-3.1028751978238702,-6.714119879998748,-9.98850846624935,-134.94595468802612,135.31511736699318,4.565865019095703
MACS1931,network_target_050,heldout,2c,2,1.8347,-23.9983449662302,18.077748120002468,1.3380584723459266,-6.1619818931115,6.30558651724411,2.215108542811303
MACS1931,network_target_050,heldout,4c,4,4.0005,-10.13650281819407,-29.464319879998868,5.013511079548587,-3.217760181975765,5.957287464397294,1.0617027065429228
MACS1931,network_target_050,heldout,6c,6,5.0785,11.863947724317606,-10.868735880002589,-13.15884829960941,-0.4838930447071155,13.167742443215138,4.57428675966461
MACS1931,network_target_150,training,1a,1,1.1784,-4.6428294644049934,5.199180120004598,0.8188505842022237,3.184630375923535,3.28821941337606,2.814002798144538
MACS1931,network_target_150,training,1b,1,1.1784,22.14168556627329,1.5237241199983487,-4.110278260893833,-0.10956351861743997,4.111738263385483,2.3082721586120445
MACS1931,network_target_150,training,1c,1,1.1784,-16.029089685758773,-2.0458558799958837,3.394195660476537,-1.1929591730858289,3.5977375905209343,0.9358787026408267
MACS1931,network_target_150,training,2a,2,1.8347,2.4294338472727843,25.33750812000619,-3.9859105610832732,-2.457938809346234,4.682835272721597,2.0526686424181344
MACS1931,network_target_150,training,2b,2,1.8347,11.671413195382529,23.13427212000221,1.4849704998514548,-2.3073803525960233,2.743928110752034,0.7113948758896059
MACS1931,network_target_150,training,3a,3,2.7069,-16.43218873261297,-25.874723879998385,0.02296799079723707,0.15408381351596334,0.15578623234703423,0.11055128937105915
MACS1931,network_target_150,training,3b,3,2.7069,-5.298348361977238,-28.968203880005206,0.34451627571103066,1.1007322038927259,1.1533875536506957,0.8053783631601993
MACS1931,network_target_150,training,4a,4,4.0005,27.11667476272081,-22.84402787999369,1.151810887503428,-0.6468689692825816,1.3210252775750146,0.7766258091237549
MACS1931,network_target_150,training,4b,4,4.0005,-13.159745670698664,-28.635203880001825,-0.5361156405556655,-1.4752977717666917,1.5696889804761252,1.1845211887765095
MACS1931,network_target_150,training,5a,5,4.7448,-12.572805125416988,15.405612120005685,3.703713952139503,2.864083613854589,4.681930369668389,2.732058660141346
MACS1931,network_target_150,training,5b,5,4.7448,-21.276138542562546,8.345472120007003,-2.310897389796276,-6.445064263076973,6.846831391334182,3.3748689431982677
MACS1931,network_target_150,training,6a,6,5.0785,4.057606275782685,5.543052119999459,-1.5872377072180273,5.776765942921947,5.990855389551448,6.448332375424861
MACS1931,network_target_150,training,6b,6,5.0785,16.27324600595884,-4.901159880004968,-1.2878789190517472,-2.0270084211347204,2.401540182776247,1.1314504351565091
MACS1931,network_target_150,training,7a,7,5.339,-13.803351896637993,10.107672119995925,1.5968090185695276,3.447198510677362,3.7990757578391614,2.8807368004068787
MACS1931,network_target_150,training,7b,7,5.339,-19.02464362590338,4.232760120004286,-0.009369057946126493,-3.3853516778761574,3.3853646424197366,2.1187608846419064
MACS1931,network_target_150,heldout,1d,1,1.1784,-3.1028751978238702,-6.714119879998748,-10.980310793257042,-147.02049026163115,147.42995551069973,4.565112320418991
MACS1931,network_target_150,heldout,2c,2,1.8347,-23.9983449662302,18.077748120002468,1.3649857455055057,-5.890784110846642,6.046860633918768,2.1680746430672144
MACS1931,network_target_150,heldout,4c,4,4.0005,-10.13650281819407,-29.464319879998868,4.788130016875282,-2.9701326357692373,5.634525439871898,0.9689481976401892
MACS1931,network_target_150,heldout,6c,6,5.0785,11.863947724317606,-10.868735880002589,-13.200003180703689,-0.33054544101721356,13.20414117840175,4.561549493520609
MACS1931,network_target_200,training,1a,1,1.1784,-4.6428294644049934,5.199180120004598,0.8094089051754109,3.2068847279690798,3.3074540713755307,2.82863272033442
MACS1931,network_target_200,training,1b,1,1.1784,22.14168556627329,1.5237241199983487,-4.1664887236206445,-0.12342901365764662,4.1683165673291285,2.3365170282317527
MACS1931,network_target_200,training,1c,1,1.1784,-16.029089685758773,-2.0458558799958837,3.37024925041398,-1.1337082377883303,3.555822602204041,0.9218342339323934
MACS1931,network_target_200,training,2a,2,1.8347,2.4294338472727843,25.33750812000619,-3.9894723068801907,-2.4534024404245294,4.683489385281554,2.0548308077371424
MACS1931,network_target_200,training,2b,2,1.8347,11.671413195382529,23.13427212000221,1.5121484675978114,-2.3232768512496365,2.7720404606734794,0.71380807200526
MACS1931,network_target_200,training,3a,3,2.7069,-16.43218873261297,-25.874723879998385,0.03653097088713448,0.12869556438226717,0.13377989432507018,0.09844357858840835
MACS1931,network_target_200,training,3b,3,2.7069,-5.298348361977238,-28.968203880005206,0.3344240604645949,1.0243079030752167,1.0775185068108921,0.7485290713470014
MACS1931,network_target_200,training,4a,4,4.0005,27.11667476272081,-22.84402787999369,0.9333691317548797,-0.4707931326004342,1.0453822792723186,0.6060472833927136
MACS1931,network_target_200,training,4b,4,4.0005,-13.159745670698664,-28.635203880001825,-0.513495666189636,-1.3846061208802283,1.4767572275680696,1.1097678084774771
MACS1931,network_target_200,training,5a,5,4.7448,-12.572805125416988,15.405612120005685,3.693528811519469,2.8732735485235334,4.67951450111755,2.7318140917901412
MACS1931,network_target_200,training,5b,5,4.7448,-21.276138542562546,8.345472120007003,-2.2989386325657586,-6.442905727089979,6.84077137788365,3.3806233169493742
MACS1931,network_target_200,training,6a,6,5.0785,4.057606275782685,5.543052119999459,-1.6207566809659233,5.781705086615703,6.004578746880881,6.471019229845805
MACS1931,network_target_200,training,6b,6,5.0785,16.27324600595884,-4.901159880004968,-1.2844121261171135,-2.0029387919427397,2.3793861212476055,1.1148438902153224
MACS1931,network_target_200,training,7a,7,5.339,-13.803351896637993,10.107672119995925,1.5988557637874656,3.450623473016508,3.803043794900199,2.8874879978022268
MACS1931,network_target_200,training,7b,7,5.339,-19.02464362590338,4.232760120004286,-0.006492320347453627,-3.378048035623676,3.3780542744610353,2.117730991223357
MACS1931,network_target_200,heldout,1d,1,1.1784,-3.1028751978238702,-6.714119879998748,-12.75873945271567,-163.1629807220491,163.6610635139771,4.5407724442692174
MACS1931,network_target_200,heldout,2c,2,1.8347,-23.9983449662302,18.077748120002468,1.395639322996164,-5.833637040776294,5.998260601491935,2.1680335206596766
MACS1931,network_target_200,heldout,4c,4,4.0005,-10.13650281819407,-29.464319879998868,4.595516125156177,-2.7929195902776236,5.377654534676523,0.9053908827611301
MACS1931,network_target_200,heldout,6c,6,5.0785,11.863947724317606,-10.868735880002589,-13.190046786696431,-0.21715418186385674,13.19183422325879,4.522713780569059
MACS1931,network_link_125,training,1a,1,1.1784,-4.6428294644049934,5.199180120004598,0.8280535190227355,3.1815280148075193,3.2875208196102745,2.812040282510599
MACS1931,network_link_125,training,1b,1,1.1784,22.14168556627329,1.5237241199983487,-4.052693764328485,-0.10239464954328042,4.053987100581608,2.2834761898297757
MACS1931,network_link_125,training,1c,1,1.1784,-16.029089685758773,-2.0458558799958837,3.3723131698931255,-1.1955014910287434,3.5779491235743652,0.9322676877982974
MACS1931,network_link_125,training,2a,2,1.8347,2.4294338472727843,25.33750812000619,-3.9889943239665016,-2.4586773945004032,4.685847868514753,2.0474001791116074
MACS1931,network_link_125,training,2b,2,1.8347,11.671413195382529,23.13427212000221,1.459894303143006,-2.2884264782186796,2.7144404805708584,0.705518068489229
MACS1931,network_link_125,training,3a,3,2.7069,-16.43218873261297,-25.874723879998385,0.019078847973725603,0.22271438601827936,0.22353008786179923,0.15469210430114924
MACS1931,network_link_125,training,3b,3,2.7069,-5.298348361977238,-28.968203880005206,0.37499799122578825,1.22022486299398,1.276546986872028,0.893293392151269
MACS1931,network_link_125,training,4a,4,4.0005,27.11667476272081,-22.84402787999369,1.3753977939252953,-0.8240587254971847,1.6033689140689404,0.9544213936800786
MACS1931,network_link_125,training,4b,4,4.0005,-13.159745670698664,-28.635203880001825,-0.5482988872497343,-1.5525750155783329,1.6465481616877649,1.245174728057628
MACS1931,network_link_125,training,5a,5,4.7448,-12.572805125416988,15.405612120005685,3.7093932488932717,2.861433269980687,4.684805079561726,2.7328029575119808
MACS1931,network_link_125,training,5b,5,4.7448,-21.276138542562546,8.345472120007003,-2.307306344330683,-6.447180233137254,6.847612395948266,3.363893323328422
MACS1931,network_link_125,training,6a,6,5.0785,4.057606275782685,5.543052119999459,-1.5510524041160683,5.779571303194733,5.9840795456800455,6.431783080702524
MACS1931,network_link_125,training,6b,6,5.0785,16.27324600595884,-4.901159880004968,-1.288061723308264,-2.0528755278017257,2.423510044480746,1.143857206341005
MACS1931,network_link_125,training,7a,7,5.339,-13.803351896637993,10.107672119995925,1.5992211614954495,3.445819511011804,3.7988393524660244,2.8749512117588614
MACS1931,network_link_125,training,7b,7,5.339,-19.02464362590338,4.232760120004286,-0.006744662732761012,-3.3853697371770544,3.3853764558568105,2.1138726974939184
MACS1931,network_link_125,heldout,1d,1,1.1784,-3.1028751978238702,-6.714119879998748,-9.867785114714334,-136.38269910210317,136.73921821278998,4.576289914798964
MACS1931,network_link_125,heldout,2c,2,1.8347,-23.9983449662302,18.077748120002468,1.2898569741602595,-6.094743605251064,6.229737605031097,2.1899451213753562
MACS1931,network_link_125,heldout,4c,4,4.0005,-10.13650281819407,-29.464319879998868,4.875435801134025,-3.096138773821282,5.775460982271365,1.019086806738455
MACS1931,network_link_125,heldout,6c,6,5.0785,11.863947724317606,-10.868735880002589,-13.18927959540641,-0.43246784082825124,13.19636785934503,4.5815964808652225
MACS1931,network_link_500,training,1a,1,1.1784,-4.6428294644049934,5.199180120004598,0.8154010555206083,3.189029070782515,3.2916235045399884,2.8130149274342595
MACS1931,network_link_500,training,1b,1,1.1784,22.14168556627329,1.5237241199983487,-4.043758567851191,-0.10300264649860276,4.045070197197527,2.2771018533915903
MACS1931,network_link_500,training,1c,1,1.1784,-16.029089685758773,-2.0458558799958837,3.3513012511873463,-1.1739114833713018,3.550955962413626,0.9268146528942715
MACS1931,network_link_500,training,2a,2,1.8347,2.4294338472727843,25.33750812000619,-4.0015783280798365,-2.453143190735302,4.6936702728258615,2.0478138500355914
MACS1931,network_link_500,training,2b,2,1.8347,11.671413195382529,23.13427212000221,1.476143068665126,-2.295982434448855,2.729566577034857,0.704698748039047
MACS1931,network_link_500,training,3a,3,2.7069,-16.43218873261297,-25.874723879998385,0.00996350266047338,0.18030651453798713,0.1805815897872832,0.12318302862291368
MACS1931,network_link_500,training,3b,3,2.7069,-5.298348361977238,-28.968203880005206,0.35435372703801427,1.1714442809667183,1.2238661149306174,0.8568959631643585
MACS1931,network_link_500,training,4a,4,4.0005,27.11667476272081,-22.84402787999369,1.3673993709365186,-0.8130603962670845,1.590863994065984,0.9455971331777986
MACS1931,network_link_500,training,4b,4,4.0005,-13.159745670698664,-28.635203880001825,-0.5568926846109085,-1.562631938798626,1.6588996468523036,1.2541642273107718
MACS1931,network_link_500,training,5a,5,4.7448,-12.572805125416988,15.405612120005685,3.69639614960316,2.867661329179934,4.678335814547209,2.726495573600162
MACS1931,network_link_500,training,5b,5,4.7448,-21.276138542562546,8.345472120007003,-2.297306261175122,-6.4487063774437186,6.84568696334544,3.365669317653164
MACS1931,network_link_500,training,6a,6,5.0785,4.057606275782685,5.543052119999459,-1.5528746401042592,5.7805284205915255,5.985476461330818,6.437245448080229
MACS1931,network_link_500,training,6b,6,5.0785,16.27324600595884,-4.901159880004968,-1.2869259814513268,-2.0522921568152026,2.4224123469507948,1.1436573418822706
MACS1931,network_link_500,training,7a,7,5.339,-13.803351896637993,10.107672119995925,1.5936934022886482,3.4449426816413076,3.7957197921201153,2.8722053549032616
MACS1931,network_link_500,training,7b,7,5.339,-19.02464362590338,4.232760120004286,-0.0031712628226166174,-3.3841118567300503,3.384113342630356,2.1152046371131266
MACS1931,network_link_500,heldout,1d,1,1.1784,-3.1028751978238702,-6.714119879998748,-10.045076833191775,-137.0221345359851,137.38984286104386,4.572444861134941
MACS1931,network_link_500,heldout,2c,2,1.8347,-23.9983449662302,18.077748120002468,1.3774226656832134,-5.961165882299966,6.118234375719434,2.184246286761922
MACS1931,network_link_500,heldout,4c,4,4.0005,-10.13650281819407,-29.464319879998868,4.95257840725126,-3.133692583594405,5.860721976723176,1.028900395295636
MACS1931,network_link_500,heldout,6c,6,5.0785,11.863947724317606,-10.868735880002589,-13.20086152083551,-0.4236418956082663,13.207657526904239,4.580722179130053
MACS1931,network_top_001,training,1a,1,1.1784,-4.6428294644049934,5.199180120004598,0.7760241871106369,3.154014314554116,3.248079407187114,2.7692424142820187
MACS1931,network_top_001,training,1b,1,1.1784,22.14168556627329,1.5237241199983487,-4.046988732156609,-0.0676304984063443,4.0475537899473615,2.2777805325211022
MACS1931,network_top_001,training,1c,1,1.1784,-16.029089685758773,-2.0458558799958837,3.4663522289832756,-1.3071681945979818,3.7046304086029784,0.9687226648378462
MACS1931,network_top_001,training,2a,2,1.8347,2.4294338472727843,25.33750812000619,-3.9554626296928332,-2.4709129450219827,4.663806963926975,2.0366122672067104
MACS1931,network_top_001,training,2b,2,1.8347,11.671413195382529,23.13427212000221,1.405355059468661,-2.266467208435865,2.6668139136597486,0.7098472462183787
MACS1931,network_top_001,training,3a,3,2.7069,-16.43218873261297,-25.874723879998385,0.028026718394388903,0.2103031380047277,0.21216245379094276,0.1494043580467052
MACS1931,network_top_001,training,3b,3,2.7069,-5.298348361977238,-28.968203880005206,0.42293631737625775,1.2640314995362987,1.3329106348048148,0.9233099148704748
MACS1931,network_top_001,training,4a,4,4.0005,27.11667476272081,-22.84402787999369,1.3554250376764247,-0.7889190790470025,1.568301739476338,0.9386213909667528
MACS1931,network_top_001,training,4b,4,4.0005,-13.159745670698664,-28.635203880001825,-0.5808388984047882,-1.5936455746213563,1.6961957562175187,1.2789067041264988
MACS1931,network_top_001,training,5a,5,4.7448,-12.572805125416988,15.405612120005685,3.7175994128675467,2.841814408898988,4.679364757013396,2.730287668865362
MACS1931,network_top_001,training,5b,5,4.7448,-21.276138542562546,8.345472120007003,-2.345568074590944,-6.450242337714531,6.863476947421423,3.36038357919023
MACS1931,network_top_001,training,6a,6,5.0785,4.057606275782685,5.543052119999459,-1.6123504947870368,5.7798640469182665,6.000541852107891,6.44723838667063
MACS1931,network_top_001,training,6b,6,5.0785,16.27324600595884,-4.901159880004968,-1.2972059651523369,-2.037712341313458,2.415577550394104,1.1460420042986486
MACS1931,network_top_001,training,7a,7,5.339,-13.803351896637993,10.107672119995925,1.5612808197405645,3.430786227949098,3.769335742538063,2.8492462040018243
MACS1931,network_top_001,training,7b,7,5.339,-19.02464362590338,4.232760120004286,-0.023238736949126433,-3.422325047161051,3.4224039456675595,2.1306833171884985
MACS1931,network_top_001,heldout,1d,1,1.1784,-3.1028751978238702,-6.714119879998748,-10.68941126858854,-142.48368268859292,142.8840905971433,4.566565080746264
MACS1931,network_top_001,heldout,2c,2,1.8347,-23.9983449662302,18.077748120002468,0.9680672463346358,-6.454522229565198,6.526715207926359,2.170361254975528
MACS1931,network_top_001,heldout,4c,4,4.0005,-10.13650281819407,-29.464319879998868,4.745224714565654,-3.121106173125006,5.679653276005826,1.0416861680768752
MACS1931,network_top_001,heldout,6c,6,5.0785,11.863947724317606,-10.868735880002589,-13.435037420015677,-0.2077997577113008,13.436644343604781,4.597161170484945
MACS1931,network_top_003,training,1a,1,1.1784,-4.6428294644049934,5.199180120004598,0.8227253824634251,3.1690106259024695,3.274065576929141,2.7975655818142293
MACS1931,network_top_003,training,1b,1,1.1784,22.14168556627329,1.5237241199983487,-4.119060102882597,-0.10911760970454254,4.120505161252297,2.3179763014789265
MACS1931,network_top_003,training,1c,1,1.1784,-16.029089685758773,-2.0458558799958837,3.4418211797842324,-1.229095338492921,3.6546967568755075,0.9504537402899241
MACS1931,network_top_003,training,2a,2,1.8347,2.4294338472727843,25.33750812000619,-3.968639909100113,-2.4622636912952234,4.670422380638922,2.0444813582786505
MACS1931,network_top_003,training,2b,2,1.8347,11.671413195382529,23.13427212000221,1.4108964815094827,-2.2663002041543683,2.6695965045088688,0.7110249719108402
MACS1931,network_top_003,training,3a,3,2.7069,-16.43218873261297,-25.874723879998385,0.01356480195426587,0.17415275856459247,0.17468024263698426,0.12048544869264807
MACS1931,network_top_003,training,3b,3,2.7069,-5.298348361977238,-28.968203880005206,0.3844924704828798,1.2043110358597906,1.2641991658562783,0.8798717571800168
MACS1931,network_top_003,training,4a,4,4.0005,27.11667476272081,-22.84402787999369,1.2357217496575608,-0.7217197368520154,1.4310442415028564,0.8507580406718279
MACS1931,network_top_003,training,4b,4,4.0005,-13.159745670698664,-28.635203880001825,-0.5373989429384958,-1.4751359342984007,1.5699756840568673,1.1875440742258787
MACS1931,network_top_003,training,5a,5,4.7448,-12.572805125416988,15.405612120005685,3.7403702903325877,2.840060520515458,4.696414980492378,2.7443728304739974
MACS1931,network_top_003,training,5b,5,4.7448,-21.276138542562546,8.345472120007003,-2.327695130189478,-6.447426023493791,6.85474047266071,3.350459518973616
MACS1931,network_top_003,training,6a,6,5.0785,4.057606275782685,5.543052119999459,-1.5996275586147515,5.777037638501719,5.994411747865282,6.42913604739105
MACS1931,network_top_003,training,6b,6,5.0785,16.27324600595884,-4.901159880004968,-1.2924630281124563,-2.03123465193458,2.4075661756756377,1.134114786568755
MACS1931,network_top_003,training,7a,7,5.339,-13.803351896637993,10.107672119995925,1.5969107382044088,3.4408134024751114,3.7933258199691866,2.866921177990548
MACS1931,network_top_003,training,7b,7,5.339,-19.02464362590338,4.232760120004286,-0.014019784690869444,-3.3991664466430396,3.399195358661612,2.114123914578088
MACS1931,network_top_003,heldout,1d,1,1.1784,-3.1028751978238702,-6.714119879998748,-9.916587720354963,-140.24493403653975,140.5950932107123,4.565887976485494
MACS1931,network_top_003,heldout,2c,2,1.8347,-23.9983449662302,18.077748120002468,1.0435634571157915,-6.571022034697791,6.653371721879918,2.2298749128388207
MACS1931,network_top_003,heldout,4c,4,4.0005,-10.13650281819407,-29.464319879998868,4.710868867538008,-2.967871247462805,5.567813325593384,0.9542173370160929
MACS1931,network_top_003,heldout,6c,6,5.0785,11.863947724317606,-10.868735880002589,-13.274234684580327,-0.24550587763377435,13.27650479596449,4.573636161931424
MACS1931,network_top_010,training,1a,1,1.1784,-4.6428294644049934,5.199180120004598,0.8337140351724692,3.1906271320718136,3.297753870190492,2.8175413570279004
MACS1931,network_top_010,training,1b,1,1.1784,22.14168556627329,1.5237241199983487,-4.103313155487041,-0.11780824719157487,4.1050039750406295,2.3140500523570036
MACS1931,network_top_010,training,1c,1,1.1784,-16.029089685758773,-2.0458558799958837,3.385786919472017,-1.1861262222169449,3.5875407285630154,0.9300465900547776
MACS1931,network_top_010,training,2a,2,1.8347,2.4294338472727843,25.33750812000619,-3.986276692536447,-2.460209955707989,4.684339323279647,2.047406009851091
MACS1931,network_top_010,training,2b,2,1.8347,11.671413195382529,23.13427212000221,1.445142582337956,-2.281451666050166,2.700640440304761,0.7074111764102945
MACS1931,network_top_010,training,3a,3,2.7069,-16.43218873261297,-25.874723879998385,0.06701814290173795,0.3909292691494441,0.3966322288414247,0.28356225870881796
MACS1931,network_top_010,training,3b,3,2.7069,-5.298348361977238,-28.968203880005206,0.48673493750183006,1.404920395732301,1.4868464001804342,1.0331775223598014
MACS1931,network_top_010,training,4a,4,4.0005,27.11667476272081,-22.84402787999369,1.270938788178195,-0.7448789939985755,1.4731361508686796,0.8769021943384314
MACS1931,network_top_010,training,4b,4,4.0005,-13.159745670698664,-28.635203880001825,-0.5301557564169264,-1.5147481924301216,1.6048449185302374,1.211075071631185
MACS1931,network_top_010,training,5a,5,4.7448,-12.572805125416988,15.405612120005685,3.7316850418429945,2.841532504076713,4.6903923314835,2.7375586861570254
MACS1931,network_top_010,training,5b,5,4.7448,-21.276138542562546,8.345472120007003,-2.3372708255038135,-6.44857321112316,6.859076568384883,3.3582623314991475
MACS1931,network_top_010,training,6a,6,5.0785,4.057606275782685,5.543052119999459,-1.579662102609562,5.783048023870914,5.994912576912039,6.43095711202346
MACS1931,network_top_010,training,6b,6,5.0785,16.27324600595884,-4.901159880004968,-1.288707077094595,-2.0454461749129735,2.417564060168791,1.1378361105966501
MACS1931,network_top_010,training,7a,7,5.339,-13.803351896637993,10.107672119995925,1.5973043436314849,3.4425445953741414,3.7950618515807775,2.86861974065876
MACS1931,network_top_010,training,7b,7,5.339,-19.02464362590338,4.232760120004286,-0.017535850354257445,-3.399563268356204,3.3996084953424215,2.115409018711324
MACS1931,network_top_010,heldout,1d,1,1.1784,-3.1028751978238702,-6.714119879998748,-10.083795400556943,-139.87804236202948,140.24104129930726,4.560015237713904
MACS1931,network_top_010,heldout,2c,2,1.8347,-23.9983449662302,18.077748120002468,1.1839307064493771,-6.28082964802824,6.391440603277501,2.2051688060488095
MACS1931,network_top_010,heldout,4c,4,4.0005,-10.13650281819407,-29.464319879998868,4.516781883582574,-2.933451606566164,5.385764282989496,0.98408271706288
MACS1931,network_top_010,heldout,6c,6,5.0785,11.863947724317606,-10.868735880002589,-13.272092441717502,-0.2984578210646958,13.27544782116406,4.571486339958607
