R_kpc,V_obs,eV_obs,V_gas,V_disk,V_bul,V_bar
0.16,1.99,1.5,1.86,3.75,0.0,4.185940754478018
0.41,4.84,1.5,4.24,9.47,0.0,10.375861410022784
0.57,6.79,1.5,5.61,11.76,0.0,13.029570215475259
0.73,8.87,1.5,6.77,13.72,0.0,15.299388876683931
0.9,10.9,1.5,7.77,14.8,0.0,16.715648357153245
1.06,12.9,1.5,8.44,15.24,0.0,17.420998823259247
1.22,14.7,1.5,8.64,15.11,0.0,17.405795012006777
1.47,16.8,1.5,8.08,15.9,0.0,17.835257217096704
1.79,20.1,1.5,6.91,14.91,0.0,16.433386747715762
