R_kpc,V_obs,eV_obs,V_gas,V_disk,V_bul,V_bar
0.93,40.5,7.35,9.26,50.64,0.0,51.479677543667655
1.94,53.9,5.9,16.49,55.16,0.0,57.572091329045875
2.87,73.0,4.7,21.98,56.07,0.0,60.22429161061174
3.72,78.4,3.9,25.0,55.82,0.0,61.16267162248556
4.47,79.3,5.3,28.23,53.8,0.0,60.75666959272866
5.16,81.1,5.1,30.82,51.88,0.0,60.34407013120677
