{
  "conservation": {
    "integral_0d": -0.5710641186953171,
    "integral_1d": -4.897344711663214,
    "integral_2d": -31.336775910557463,
    "balance_1d": -0.8839210262256516,
    "balance_2d": -0.9731151715736533,
    "cumulative_1d": [
      0.0,
      0.005153387180311635,
      0.01641358407785321,
      0.0425796367500835,
      0.08144380889340319,
      0.14585889684149,
      0.238562967711046,
      0.3228265831692655,
      0.20190854219401308,
      -0.37650720338725885,
      -1.4924055411245756,
      -3.3821477039790158,
      -4.897344711663214
    ],
    "cumulative_2d": [
      0.0,
      0.0010646508307511886,
      0.004624944320819501,
      0.017826348701801314,
      0.046732105330254285,
      0.11391337825610356,
      0.2501633605295686,
      0.4149644205253884,
      0.018372561413344812,
      -2.3438706644052045,
      -7.890717119181472,
      -19.373208969168033,
      -31.336775910557463
    ]
  },
  "radius_dependent": {
    "R_inner_mean": 7.043458208966125,
    "R_outer_mean": 8.982321066748115,
    "lambda_inner": {
      "wavelength": 4.440150629613694,
      "wavelength_err": 0.8772422337578712,
      "A": 0.05825509903749736,
      "r_damp": 99.99999999999945,
      "chi2": 53781.74614226435,
      "dof": 5,
      "chi2_reduced": 10756.34922845287
    },
    "lambda_outer": {
      "wavelength": 24.999999999999996,
      "wavelength_err": 3.076207891120241,
      "A": 0.6506766074937941,
      "r_damp": 99.99999999999999,
      "chi2": 15868.558288858978,
      "dof": 6,
      "chi2_reduced": 2644.75971480983
    },
    "lambda_ratio_observed": 5.630439614652233,
    "lambda_ratio_predicted": 1.6263172362719454,
    "data_inner": {
      "r": [
        0.17320508075688773,
        0.3872983346207417,
        0.7071067811865476,
        1.224744871391589,
        1.7320508075688772,
        2.449489742783178,
        3.4641016151377544,
        4.47213595499958
      ],
      "corr": [
        0.07221806509175951,
        0.05172823638627656,
        0.015612026897018893,
        -0.016425878521822566,
        -0.04384775750938739,
        -0.10452833574002104,
        -0.3423143455267334,
        -0.7760005294656248
      ],
      "err": [
        0.000317808808699522,
        0.00025954891203208203,
        0.00017325600592595734,
        0.0002593158623317415,
        0.00045045803467495463,
        0.0006740324936377219,
        0.001862194698881052,
        0.029428501445769494
      ]
    },
    "data_outer": {
      "r": [
        0.17320508075688773,
        0.3872983346207417,
        0.7071067811865476,
        1.224744871391589,
        1.7320508075688772,
        2.449489742783178,
        3.4641016151377544,
        4.47213595499958,
        5.916079783099616
      ],
      "corr": [
        0.6525973374826719,
        0.6546643722239868,
        0.6281548092180714,
        0.5934170796597622,
        0.5884992695272735,
        0.5628664230062181,
        0.43298039054546483,
        0.3710730479174507,
        0.22566577849669422
      ],
      "err": [
        0.0005503840812798873,
        0.0004590274872065622,
        0.00030131700945896275,
        0.00039589796954989266,
        0.000558492594504388,
        0.0006210488451872703,
        0.0011330431604665255,
        0.0021280279246595596,
        0.0027210536608186665
      ]
    }
  },
  "theory": {
    "R0_kpc": 8.122,
    "v_c_kms": 220.0,
    "dOmega_dR": 3.4083768455699683,
    "T_orbit_Gyr": 0.22697042814851717,
    "lambda_observed": 10.2,
    "t_coh_inferred": 0.18073076641394673,
    "n_orbits_inferred": 0.7962745098039217,
    "f_epicyclic": 0.7071067811865475,
    "predictions": {
      "t_coh_0.2": {
        "t_coh_Gyr": 0.2,
        "lambda_kpc": 9.21726908711128,
        "n_orbits": 0.8811720611864504
      },
      "t_coh_0.5": {
        "t_coh_Gyr": 0.5,
        "lambda_kpc": 3.6869076348445127,
        "n_orbits": 2.202930152966126
      },
      "t_coh_1.0": {
        "t_coh_Gyr": 1.0,
        "lambda_kpc": 1.8434538174222563,
        "n_orbits": 4.405860305932252
      },
      "t_coh_2.0": {
        "t_coh_Gyr": 2.0,
        "lambda_kpc": 0.9217269087111282,
        "n_orbits": 8.811720611864503
      },
      "t_coh_3.0": {
        "t_coh_Gyr": 3.0,
        "lambda_kpc": 0.6144846058074188,
        "n_orbits": 13.217580917796754
      }
    }
  }
}