{
  "random_walk_patches": {
    "approach": "random_walk_patches",
    "tests": {
      "ncoh_0.5_fixed": {
        "A": 0.26865519084534534,
        "ell0": 0.5000000000000001,
        "chi2": 5344926.247442699,
        "dof": 11
      },
      "ncoh_free": {
        "A": 0.3702951631307791,
        "ell0": 1.7493795156418386,
        "n_coh": 1.9999999999999998,
        "n_coh_err": 4.142642872771215,
        "chi2": 2665192.6473298604,
        "dof": 10,
        "deviation_sigma": 0.36208769282508224,
        "consistent_with_0.5": 1
      }
    }
  },
  "2d_thin_disk": {
    "approach": "2d_thin_disk",
    "tests": {
      "n_grid_search": {
        "n_values": [
          0.3,
          0.5,
          0.75,
          1.0,
          1.5
        ],
        "chi2_values": [
          7143905.941791837,
          5344926.247442699,
          3908003.252468886,
          3325104.9477920784,
          2890007.7197709098
        ],
        "best_n": 1.5
      }
    }
  },
  "levy_vs_gaussian": {
    "approach": "levy_vs_gaussian",
    "tests": {
      "exponential": {
        "A": 0.3423923975651584,
        "ell0": 2.373735368729585,
        "chi2": 1975988.6816365067,
        "dof": 10
      },
      "powerlaw": {
        "A": 0.3702951631307791,
        "ell0": 1.7493795156418386,
        "n_coh": 1.9999999999999998,
        "chi2": 2665192.6473298604,
        "dof": 10
      }
    },
    "comparison": {
      "delta_chi2": -689203.9656933537,
      "winner": "exponential",
      "supports_levy": 0
    }
  },
  "anomalous_diffusion": {
    "approach": "anomalous_diffusion",
    "tests": {
      "beta_inference": {
        "n_coh": 1.9999999999999998,
        "n_coh_err": 4.142642872771215,
        "beta": -2.9999999999999996,
        "beta_err": 8.28528574554243,
        "deviation_sigma": 0.36208769282508224,
        "consistent_with_0": 1
      }
    }
  },
  "effective_dimension": {
    "approach": "effective_dimension",
    "tests": {
      "dimension_inference": {
        "n_coh": 1.9999999999999998,
        "n_coh_err": 4.142642872771215,
        "d_eff": 6.0,
        "d_err": 8.28528574554243,
        "deviation_sigma": 0.3620876928250823,
        "consistent_with_3": 1
      }
    }
  },
  "data_summary": {
    "n_stars": 1661298,
    "n_bins": 13,
    "r_range": [
      0.14142135623730953,
      8.94427190999916
    ],
    "total_pairs": 1242510858,
    "r_centers": [
      0.14142135623730953,
      0.2449489742783178,
      0.3872983346207417,
      0.6123724356957945,
      0.8660254037844386,
      1.224744871391589,
      1.7320508075688772,
      2.449489742783178,
      3.4641016151377544,
      4.47213595499958,
      5.477225575051661,
      6.928203230275509,
      8.94427190999916
    ],
    "correlations": [
      0.25660630818207775,
      0.25222538880038775,
      0.24161726649161724,
      0.22043006761016262,
      0.19204241427313803,
      0.1504359695680092,
      0.09297849208752154,
      0.012273837253899795,
      -0.10293301495554492,
      -0.20353130400113484,
      -0.23904704174127586,
      -0.19555848035357412,
      -0.12587256012893852
    ],
    "correlation_errors": [
      0.00019461170121315283,
      0.00015606479979230964,
      9.482402366199834e-05,
      7.871566158755973e-05,
      8.0452054676317e-05,
      6.494826841690328e-05,
      8.184015025819804e-05,
      8.433602300486392e-05,
      0.00015038184377631636,
      0.0002886425070700227,
      0.0005429853279183324,
      0.0008661770084375792,
      0.004082866838272737
    ]
  }
}