{
  "flat": {
    "approach": "oscillatory_coherence",
    "models": {
      "damped_cosine_envelope": {
        "A": 0.2603877413901512,
        "ell0": 3.6170112124166613,
        "wavelength": 10.209426646375936,
        "r_damp": 49.99999999999975,
        "zero_crossing": 2.552356661593984,
        "chi2": 16272.698053717479,
        "dof": 9,
        "chi2_reduced": 1808.0775615241644
      },
      "simple_damped_cosine": {
        "A": 0.2509767727886414,
        "wavelength": 10.161799493519279,
        "r_damp": 10.748219142682355,
        "zero_crossing": 2.5404498733798198,
        "chi2": 20203.88312738323,
        "dof": 10,
        "chi2_reduced": 2020.3883127383228
      },
      "winding_phase": {
        "A": 0.2509765726231915,
        "dOmega_dR": 1.3539527290232383,
        "t_coh": 0.45667336047439316,
        "r_damp": 10.748324628986628,
        "effective_wavelength": 10.161801054525016,
        "chi2": 20203.88312454362,
        "dof": 9,
        "chi2_reduced": 2244.875902727069
      },
      "bessel_conservation": {
        "A": 0.23947099548350803,
        "r_char": 1.0623352886684574,
        "first_zero": 2.55491636924764,
        "chi2": 74397.13337607073,
        "dof": 11,
        "chi2_reduced": 6763.375761460976
      },
      "powerlaw_baseline": {
        "A": 0.36086900713915965,
        "ell0": 3.0744697913994994,
        "n_coh": 2.9999999999999907,
        "chi2": 344642.1902800703,
        "dof": 10,
        "chi2_reduced": 34464.21902800703
      }
    },
    "rotation_curve": "flat",
    "data": {
      "r_centers": [
        0.14142135623730953,
        0.2449489742783178,
        0.3872983346207417,
        0.6123724356957945,
        0.8660254037844386,
        1.224744871391589,
        1.7320508075688772,
        2.449489742783178,
        3.4641016151377544,
        4.47213595499958,
        5.477225575051661,
        6.928203230275509,
        8.94427190999916
      ],
      "correlations": [
        0.2608162753714186,
        0.2558524860104222,
        0.24422821355756708,
        0.22223503414010604,
        0.19318309440509732,
        0.15275115503435777,
        0.09803217111538294,
        0.018629573402551825,
        -0.0925505195572499,
        -0.19127403050460934,
        -0.23926033453912163,
        -0.16299141793623023,
        -0.03948811752130363
      ],
      "errors": [
        0.0004931405373469501,
        0.00039523912979108026,
        0.00023934224293978388,
        0.00019796803613749873,
        0.00020206396958529922,
        0.0001629263452264073,
        0.00020532500379045104,
        0.00021252629407005397,
        0.0003794695979938943,
        0.0007197615619741861,
        0.0013372273588659563,
        0.0021437056027493804,
        0.010335476897772491
      ]
    }
  },
  "eilers2019": {
    "approach": "oscillatory_coherence",
    "models": {
      "damped_cosine_envelope": {
        "A": 0.13776021017000808,
        "ell0": 9.999999999999998,
        "wavelength": 6.717278571480807,
        "r_damp": 49.99999999999999,
        "zero_crossing": 1.6793196428702017,
        "chi2": 360257.7942778961,
        "dof": 9,
        "chi2_reduced": 40028.64380865512
      },
      "simple_damped_cosine": {
        "A": 0.13265017873120472,
        "wavelength": 6.790915668096696,
        "r_damp": 49.99999999999997,
        "zero_crossing": 1.697728917024174,
        "chi2": 327800.57366832276,
        "dof": 10,
        "chi2_reduced": 32780.057366832276
      },
      "winding_phase": {
        "A": 0.13265006005084787,
        "dOmega_dR": 1.774484838549663,
        "t_coh": 0.5214075258672627,
        "r_damp": 49.99999999999964,
        "effective_wavelength": 6.790946045071674,
        "chi2": 327800.5736035182,
        "dof": 9,
        "chi2_reduced": 36422.28595594646
      },
      "bessel_conservation": {
        "A": 0.1266307761213981,
        "r_char": 0.7400549192137436,
        "first_zero": 1.779832080709053,
        "chi2": 685030.5548315686,
        "dof": 11,
        "chi2_reduced": 62275.50498468806
      },
      "powerlaw_baseline": {
        "A": 0.23143151815519916,
        "ell0": 1.334212409665311,
        "n_coh": 2.999999999999998,
        "chi2": 1111178.2284908039,
        "dof": 10,
        "chi2_reduced": 111117.82284908039
      }
    },
    "rotation_curve": "eilers2019",
    "data": {
      "r_centers": [
        0.14142135623730953,
        0.2449489742783178,
        0.3872983346207417,
        0.6123724356957945,
        0.8660254037844386,
        1.224744871391589,
        1.7320508075688772,
        2.449489742783178,
        3.4641016151377544,
        4.47213595499958,
        5.477225575051661,
        6.928203230275509,
        8.94427190999916
      ],
      "correlations": [
        0.12021504971625836,
        0.11802797265912977,
        0.11247107909659564,
        0.09997727130848148,
        0.07957903025632787,
        0.042411435631298636,
        -0.01851037373927761,
        -0.10357478502216134,
        -0.215193070007767,
        -0.3065743907722182,
        -0.3308091705593645,
        -0.2050428262245548,
        -0.1010145462248975
      ],
      "errors": [
        0.0004207619098601135,
        0.000337915052874991,
        0.00020540070480012457,
        0.00017145714218350032,
        0.0001765268607916375,
        0.00014445263446515591,
        0.00018427617543745727,
        0.00019410669519454103,
        0.0003556907218666041,
        0.0006924988914639498,
        0.0013148258059371676,
        0.00219994405210309,
        0.011286542629601878
      ]
    }
  }
}