cluster,family_id,image_id,model_model,source_redshift_model,east_arcsec_model,north_arcsec_model,convergence_model,shear_1_model,shear_2_model,shear_magnitude_model,shear_angle_deg_model,rotation_model,jacobian_determinant_model,minimum_eigenvalue_model,maximum_eigenvalue_model,model_halo,source_redshift_halo,east_arcsec_halo,north_arcsec_halo,convergence_halo,shear_1_halo,shear_2_halo,shear_magnitude_halo,shear_angle_deg_halo,rotation_halo,jacobian_determinant_halo,minimum_eigenvalue_halo,maximum_eigenvalue_halo,shear_angle_difference_deg,kappa_needed,shear_magnitude_needed,minimum_eigenvalue_gap,eigenvalue_decomposition_residual,determinant_sign_match,model
AS295,1,1.1,P0707_Weyl_axis_repaired,0.93,-64.84365071685365,33.67271039187706,0.4761953260479559,0.029114142646624597,0.10993924696154345,0.11372893793806063,37.58369733033239,-0.0025373166570918926,0.26144350310530634,0.4100757360139835,0.6375336118901047,glafic_v2_compact_halo,0.93,-64.84365071685365,33.67271039187706,0.42838019124520255,-0.09445328016706167,0.04158006920136348,0.10320040837665141,78.1200119810053,2.2493160556358305e-05,0.31609888197770586,0.4684194003781461,0.6748202171314488,40.536314650672914,-0.047815134802753345,-0.01052852956140922,-0.058343664364162606,-4.163336342344337e-17,True,P0707_Weyl_axis_repaired
AS295,1,1.2,P0707_Weyl_axis_repaired,0.93,-61.85215226109253,42.2039318039953,0.5251005158857671,-0.02705410436687483,0.18137070816649503,0.18337736595313409,49.2419764786353,0.004148630721656499,0.19191947280491953,0.29152211816109874,0.658276850067367,glafic_v2_compact_halo,0.93,-61.85215226109253,42.2039318039953,0.8605022702657497,-0.1672462708377065,0.7245151916905668,0.74356813951348,51.4992026133989,0.00018217714832235998,-0.5334339283100149,-0.6040704097792298,0.8830658692477305,2.2572261347636045,0.33540175437998254,0.560190773560346,0.8955925279403285,0.0,False,P0707_Weyl_axis_repaired
AS295,1,1.3,P0707_Weyl_axis_repaired,0.93,-55.78261639041808,47.15623164640192,0.5081736937640571,0.00120952456739154,0.24844110768187377,0.24844405192291386,44.86053011503382,0.00024074184858946523,0.18016872652645366,0.24338225431302907,0.7402703581588568,glafic_v2_compact_halo,0.93,-55.78261639041808,47.15623164640192,0.434958930548234,0.07194096311504694,0.14712923994935068,0.16377580841502248,31.971506057064293,-3.5606663173481934e-05,0.29244889601303575,0.4012652610367436,0.7288168778667885,12.889024057969523,-0.0732147632158231,-0.08466824350789137,-0.15788300672371453,-5.551115123125783e-17,True,P0707_Weyl_axis_repaired
AS295,2,2.1,P0707_Weyl_axis_repaired,0.93,-65.03352264635711,34.71263105688347,0.48384693463409034,0.023399154108016962,0.11697247286674983,0.11928989823758444,39.34393648960218,-0.0016727286510365147,0.25218670508623175,0.3968631671283252,0.6354429636034942,glafic_v2_compact_halo,0.93,-65.03352264635711,34.71263105688347,0.4471091603223778,-0.13592606350665282,0.04495929142658284,0.14316854621736935,80.84885178630371,3.408073312449744e-05,0.2851910491349275,0.40972229346025285,0.6960593858949915,41.50491529670153,-0.036737774311712545,0.02387864797978491,-0.01285912633192765,-1.3877787807814457e-17,True,P0707_Weyl_axis_repaired
AS295,2,2.2,P0707_Weyl_axis_repaired,0.93,-62.700022354409676,41.88359166178677,0.5203686790958386,-0.02258088166335881,0.17928954459369706,0.18070594073607515,48.589201717192466,0.0027519619114180216,0.19739914026932262,0.29892538016808623,0.6603372616402365,glafic_v2_compact_halo,0.93,-62.700022354409676,41.88359166178677,0.836490175665582,-0.2962534069667955,0.6679894721189239,0.7307366256053903,56.95864585763139,0.00014220308197643305,-0.5072405331255636,-0.5672268012709722,0.8942464499398083,8.369444140438922,0.3161214965697434,0.5500306848693152,0.8661521814390585,-1.1102230246251565e-16,False,P0707_Weyl_axis_repaired
AS295,2,2.3,P0707_Weyl_axis_repaired,0.93,-55.7829361706934,48.046231588959,0.5094944038245721,0.002528119257050321,0.2454969248331107,0.24550994173249252,44.70499540150653,-0.002702492688211322,0.1803279118566499,0.24499565444293536,0.7360155379079204,glafic_v2_compact_halo,0.93,-55.7829361706934,48.046231588959,0.41611401526053715,0.07648740949914856,0.14795014732267298,0.16655200360455313,31.33094847691444,-4.474831420964165e-05,0.3131832752728928,0.4173339811349097,0.750437988344016,13.374046924592088,-0.09338038856403497,-0.07895793812793939,-0.17233832669197435,0.0,True,P0707_Weyl_axis_repaired
AS295,3,3.1,P0707_Weyl_axis_repaired,0.93,-64.03162846201425,33.303047420949945,0.4622796683062971,0.03808888684926348,0.10847219677428965,0.11496512851493801,35.32590220368722,0.005254538631216388,0.2759537845185566,0.4227552031787649,0.6526854602086409,glafic_v2_compact_halo,0.93,-64.03162846201425,33.303047420949945,0.4352608252924153,-0.06315206657521166,0.0354553099203736,0.07242418459513168,75.34447282233121,5.0416840102762706e-05,0.313685075476992,0.49231499011245305,0.6371633593027164,40.01857061864399,-0.0270188430138818,-0.042540943919806326,-0.06955978693368814,-1.3877787807814457e-17,True,P0707_Weyl_axis_repaired
AS295,3,3.2,P0707_Weyl_axis_repaired,0.93,-61.4910242200855,41.50407520647098,0.5267783418576357,-0.029296932193734193,0.1777174177548746,0.18011604817290677,49.68054303265826,0.00020379770864220603,0.19149698845908986,0.29310560996945745,0.6533377063152711,glafic_v2_compact_halo,0.93,-61.4910242200855,41.50407520647098,0.9665414572080246,-0.2552416468254437,0.8053795508684347,0.8448576917038787,53.79224949053364,0.00044486468857574124,-0.7126648472408526,-0.8113991489119033,0.878316234495854,4.111706457875383,0.4397631153503889,0.6647416435309719,1.1045047588813608,0.0,False,P0707_Weyl_axis_repaired
AS295,3,3.3,P0707_Weyl_axis_repaired,0.93,-54.82629247174342,47.04657230479713,0.5272173870327292,0.029920801292349086,0.25828024582177367,0.26000757629679194,41.695976890725184,0.010564193460749216,0.15603106157590418,0.2127750366704788,0.7327901892640627,glafic_v2_compact_halo,0.93,-54.82629247174342,47.04657230479713,0.426146466769727,0.05849768857670856,0.1357167586807595,0.1477870703262944,33.34130856459954,2.277799779903944e-05,0.3074668599640761,0.4260664629039786,0.7216406035565675,8.354668326125648,-0.10107092026300224,-0.11222050597049754,-0.21329142623349978,0.0,True,P0707_Weyl_axis_repaired
AS295,4,4.1,P0707_Weyl_axis_repaired,0.93,-65.11583007633868,37.38259678938245,0.5037036218445192,0.007363064942278452,0.13970530301927742,0.13989920091641814,43.491529781679496,-0.002946728901176421,0.22674699176441268,0.35639717723906256,0.6361955790718989,glafic_v2_compact_halo,0.93,-65.11583007633868,37.38259678938245,0.5144486508729997,-0.25916280136990544,0.11096173635385398,0.28191818768671034,78.41079543007574,-2.538271148821991e-06,0.15628224809693364,0.20363316144028987,0.7674695368137107,34.91926564839624,0.010745029028480513,0.1420189867702922,0.1527640157987727,-2.7755575615628914e-17,True,P0707_Weyl_axis_repaired
AS295,4,4.2,P0707_Weyl_axis_repaired,0.93,-64.32320943867687,40.34292748201223,0.5183774504776686,-0.0069762643613913156,0.170207533023925,0.17035044045299835,46.1735288557535,-0.005094449528897371,0.20296696106186252,0.3112721090693331,0.6519729899753297,glafic_v2_compact_halo,0.93,-64.32320943867687,40.34292748201223,0.6632664815918945,-0.3775933550336008,0.36566873163623725,0.5256332971397316,67.95957677210875,0.0001576541519554553,-0.16290087578765183,-0.18889977873162614,0.8623668155478371,21.786047916355244,0.1448890311142259,0.35528285668673326,0.5001718878009592,5.551115123125783e-17,False,P0707_Weyl_axis_repaired
AS295,4,4.3,P0707_Weyl_axis_repaired,0.93,-55.70225115818356,49.46626064980832,0.4845192920873256,0.0275473504918633,0.22660055538048507,0.2282688507393548,41.53434253152664,0.00757868421759067,0.21367112846675607,0.28721185717331965,0.7437495586520292,glafic_v2_compact_halo,0.93,-55.70225115818356,49.46626064980832,0.3906671844727585,0.07788684274336877,0.14507224781012962,0.16465818338975416,30.884699547515314,-1.1751276285387746e-05,0.3441741628592339,0.44467463213748737,0.7739909989169956,10.649642984011326,-0.09385210761456708,-0.06361066734960064,-0.15746277496416772,0.0,True,P0707_Weyl_axis_repaired
AS295,5,5.1,P0707_Weyl_axis_repaired,1.52,32.12328115597563,-40.76707211189801,0.34388204198160155,0.058525846523582725,0.14946055792313118,0.16051085036842716,34.30782774797465,0.00414783223015025,0.40474424626044675,0.49560710764997123,0.8166288083868256,glafic_v2_compact_halo,1.52,32.12328115597563,-40.76707211189801,0.472530974018325,0.19944765537748266,0.25118857847368226,0.3207414366607538,25.774937926154312,9.309931852108377e-05,0.17534851284633574,0.20672758932092128,0.8482104626424287,8.532889821820337,0.12864893203672345,0.16023058629232662,0.28887951832904996,-1.1102230246251565e-16,True,P0707_Weyl_axis_repaired
AS295,5,5.2,P0707_Weyl_axis_repaired,1.52,34.53984284696097,-40.07759120823062,0.35614937696485294,0.06713851114593661,0.22079781690211853,0.230779669008417,36.543466791685624,0.019519356304220636,0.36166537442564367,0.41307095402673005,0.8746302920435641,glafic_v2_compact_halo,1.52,34.53984284696097,-40.07759120823062,0.5219488832322141,0.22929895039721648,0.3132807878912347,0.3882304221915356,26.899281003036773,-1.539663376792788e-05,0.07781000976496566,0.08982069457625035,0.8662815389593215,9.644185788648853,0.16579950626736117,0.15745075318311857,0.3232502594504797,-5.551115123125783e-17,True,P0707_Weyl_axis_repaired
AS295,5,5.3,P0707_Weyl_axis_repaired,1.52,53.88621705817686,-22.783102767501454,0.54916898498819,-0.047282841067464165,0.01728558226885557,0.05034340486880531,79.95934138463257,0.01312766327468129,0.20088648122584782,0.40048761014300477,0.5011744198806153,glafic_v2_compact_halo,1.52,53.88621705817686,-22.783102767501454,0.4254794000797748,-0.1793460551234194,0.06771625246911883,0.19170419488575108,79.65740534813789,0.00012704360728976738,0.2933234375359796,0.3828164050344741,0.7662247948059763,0.3019360364946797,-0.1236895849084152,0.14136079001694576,0.017671205108530652,8.326672684688674e-17,True,P0707_Weyl_axis_repaired
AS295,6,6.1,P0707_Weyl_axis_repaired,2.17,30.424285314210312,-14.686729173036284,0.3889903390173579,0.002499537857936218,0.14258358819873584,0.142605495381945,44.49784437282266,0.012692543170994552,0.35315757915314083,0.4684041656006971,0.7536151563645871,glafic_v2_compact_halo,2.17,30.424285314210312,-14.686729173036284,0.5612498671298696,0.12349484885000872,0.3699919526283457,0.3900577171422488,35.77108488262212,-9.639460529786703e-05,0.04035666568325452,0.048692415727881716,0.8288078500123792,8.726759490200546,0.17225952811251166,0.2474522217603038,0.41971174987281534,-1.1102230246251565e-16,True,P0707_Weyl_axis_repaired
AS295,6,6.2,P0707_Weyl_axis_repaired,2.17,28.449098293840493,-16.06635453993563,0.3937948099238522,0.010355319554722353,0.16393007081096367,0.16425681343301402,43.192739105936745,-0.0017053501336572463,0.3405073399351689,0.44194837664313374,0.7704620035091618,glafic_v2_compact_halo,2.17,28.449098293840493,-16.06635453993563,0.6066285471969071,0.11665767671145133,0.4568594975897067,0.4715184132922411,37.83789246676907,1.898740337735738e-05,-0.06758851383269524,-0.07814696048914815,0.8648898660953341,5.354846639167678,0.21283373727305488,0.3072615998592271,0.5200953371322818,-1.1102230246251565e-16,False,P0707_Weyl_axis_repaired
AS295,6,6.3,P0707_Weyl_axis_repaired,2.17,19.44834819604182,-23.26496560157937,0.36703362127847217,-0.07807344017408124,0.15909788574898776,0.17722189286432363,58.069189522639014,-0.0007900315891873344,0.36923946143134273,0.4557444858572042,0.8101882715858515,glafic_v2_compact_halo,2.17,19.44834819604182,-23.26496560157937,0.49247030862441443,-0.012291327099045457,0.36631968456717345,0.3665258354103421,45.96087800845142,-1.6067821073662003e-06,0.12324519960712971,0.1410038559652435,0.8740555267859277,12.108311514187596,0.12543668734594227,0.18930394254601848,0.31474062989196067,-8.326672684688674e-17,True,P0707_Weyl_axis_repaired
PLCKG287,1,1.1a,P0707_Weyl_axis_repaired,3.76825,-23.58821682660365,-3.3663659430264046,0.46801986595588674,0.09689297546568443,-0.014387641094415482,0.09795536182800531,-4.223067959346402,-0.0075065083848024905,0.27346395777486837,0.4340247722161079,0.6299354958721186,glafic_v2_compact_halo,3.76825,-23.58821682660365,-3.3663659430264046,1.0850479192037041,-0.01075771983929108,-0.027993275592783085,0.029989198297956918,-55.510798318069895,-9.285104038414538e-06,0.006333796632538743,-0.11503711750166094,-0.05505872090574711,51.28773035872349,0.6170280532478174,-0.06796616353004839,0.5490618897177688,-1.942890293094024e-16,True,P0707_Weyl_axis_repaired
PLCKG287,1,1.1b,P0707_Weyl_axis_repaired,3.76825,-28.784168725162935,-6.095517920541333,0.4677018275042013,0.06764213531366692,-0.051865552680593896,0.08523786731644502,-18.739845443543658,-0.002528444477387093,0.2760822434491864,0.44706030517935375,0.6175360398122437,glafic_v2_compact_halo,3.76825,-28.784168725162935,-6.095517920541333,0.9961843528555883,-0.021696631355772045,-0.04870238521792469,0.05331665910485578,-57.00634803726087,-2.5213967846937635e-05,-0.0028281063392285683,-0.049501011960444034,0.05713230624926752,38.26650259371721,0.528482525351387,-0.03192120821158924,0.4965613171397978,6.938893903907228e-17,False,P0707_Weyl_axis_repaired
PLCKG287,2,2.1a,P0707_Weyl_axis_repaired,1.7212,39.34178790884508,-53.364448458419176,0.2920995872419332,-0.07560488946675159,0.17557319852842257,0.19115974302342167,56.64877832592383,0.0030036980299352756,0.46458996923211576,0.5167406697346452,0.8990601557814885,glafic_v2_compact_halo,1.7212,39.34178790884508,-53.364448458419176,0.5914326710128472,-0.1808849927639189,0.23635902348911886,0.2976322707502209,63.71337165875804,-0.00010376350688678926,0.07834230449062884,0.1109350582369318,0.7061995997373738,7.064593332834214,0.29933308377091405,0.10647252772679924,0.4058056114977134,8.326672684688674e-17,True,P0707_Weyl_axis_repaired
PLCKG287,2,2.1b,P0707_Weyl_axis_repaired,1.7212,37.452033121705796,-55.423460741395914,0.2832981911105583,-0.10198189881701625,0.1746216290395064,0.20222022899486372,60.14281496020598,-0.0012041824207442708,0.47276991190596507,0.5144815798945779,0.9189220378843055,glafic_v2_compact_halo,1.7212,37.452033121705796,-55.423460741395914,0.5998496213889029,-0.11716571470594683,0.3392047699085632,0.35887000519864654,54.52778724807441,-4.238183575200338e-05,0.03133264666754776,0.041280373412450555,0.7590203838097438,5.615027712131568,0.31655143027834454,0.15664977620378281,0.4732012064821273,-2.7755575615628914e-17,True,P0707_Weyl_axis_repaired
PLCKG287,2,2.1c,P0707_Weyl_axis_repaired,1.7212,21.369751886960117,-64.55543703426116,0.2774530184674764,-0.08838554187881043,0.07213175416003192,0.1140832764756265,70.39099682847618,-0.0045261603837998265,0.5090796326781666,0.6084637050568971,0.8366302580081502,glafic_v2_compact_halo,1.7212,21.369751886960117,-64.55543703426116,0.6016988185051577,0.27765041344163244,0.18764929505441508,0.33511492061489645,17.026344905782135,-2.490716521919012e-07,0.046341821161520975,0.06318626087994583,0.7334161021097387,53.36465192269405,0.32424580003768133,0.22103164413926996,0.5452774441769512,-5.551115123125783e-17,True,P0707_Weyl_axis_repaired
PLCKG287,2,2.2a,P0707_Weyl_axis_repaired,1.7212,39.1194592349723,-53.64162589432384,0.2915970652907265,-0.07682071715332528,0.17532867956099318,0.1914198747793777,56.83037720740115,0.004137496150125042,0.4652102683185509,0.5169830599298959,0.8998228094886512,glafic_v2_compact_halo,1.7212,39.1194592349723,-53.64162589432384,0.5920012483126338,-0.17668818915835827,0.24979016418952282,0.3059637924884063,62.63677191167613,3.896730959018768e-05,0.07284914058301176,0.10203495919895993,0.7139625441757724,5.80639470427498,0.3004041830219073,0.11454391770902864,0.41494810073093596,2.7755575615628914e-17,True,P0707_Weyl_axis_repaired
PLCKG287,2,2.2b,P0707_Weyl_axis_repaired,1.7212,37.66800114142992,-55.2182817270032,0.28311910075677815,-0.10112177620271723,0.17448640189238196,0.20167081610322862,60.04699477436324,-0.002056252804061298,0.47325133380762235,0.5152100831399932,0.9185517153464505,glafic_v2_compact_halo,1.7212,37.66800114142992,-55.2182817270032,0.5985840414407742,-0.12757152052185194,0.32930649856290906,0.3531533135113141,55.588046439849265,3.572927957939953e-05,0.03641751021858301,0.04826264504791172,0.7545692720705399,4.458948334513977,0.315464940683996,0.1514824974080855,0.46694743809208145,-5.551115123125783e-17,True,P0707_Weyl_axis_repaired
PLCKG287,2,2.3a,P0707_Weyl_axis_repaired,1.7212,38.74785622785807,-54.07718846571855,0.29184163115748474,-0.07976553451901625,0.17606459089932747,0.193290663679475,57.18638033734584,0.004799017157763874,0.46415002526172044,0.5148677051630403,0.9014490325219903,glafic_v2_compact_halo,1.7212,38.74785622785807,-54.07718846571855,0.5929799963368945,-0.167615426218215,0.27171270766220834,0.3192533893499685,60.83490149903066,-0.00015963380267658422,0.06374258225342282,0.08776661431313702,0.726273393013074,3.648521161684813,0.30113836517940973,0.1259627256704935,0.4271010908499032,0.0,True,P0707_Weyl_axis_repaired
PLCKG287,2,2.3b,P0707_Weyl_axis_repaired,1.7212,37.91255607336069,-54.95910563593848,0.28296084577786784,-0.10010326132002811,0.1742687039059887,0.20097324221890583,59.93693987953051,-0.003085679994885293,0.4737644260206425,0.5160659120032263,0.918012396441038,glafic_v2_compact_halo,1.7212,37.91255607336069,-54.95910563593848,0.5972107668917639,-0.1389006714839658,0.3171016179067898,0.3461890128496286,56.82747972264359,1.6606976771527115e-05,0.04239233396591234,0.0566002202586075,0.7489782459578647,3.1094601568869216,0.31424992111389605,0.14521577063072277,0.45946569174461876,-5.551115123125783e-17,True,P0707_Weyl_axis_repaired
PLCKG287,2,2.4a,P0707_Weyl_axis_repaired,1.7212,39.948419859113045,-52.69851067616447,0.29319067317051717,-0.07256752264749311,0.17638531587063078,0.19072971713389766,56.18149465281747,5.502658861900045e-05,0.46320160252309556,0.5160796096955852,0.8975390439633805,glafic_v2_compact_halo,1.7212,39.948419859113045,-52.69851067616447,0.5898452552057889,-0.18603966104747682,0.20421705545879965,0.27625235061972325,66.16660105658232,-1.421297400883148e-05,0.09191155365629054,0.13390239417448785,0.6864070954139343,9.985106403764854,0.29665458203527173,0.08552263348582559,0.38217721552109735,2.7755575615628914e-17,True,P0707_Weyl_axis_repaired
PLCKG287,2,2.4b,P0707_Weyl_axis_repaired,1.7212,36.83270866094625,-56.07140123098304,0.28371292439814866,-0.10454728273341374,0.175152702132908,0.20398187025174455,60.416323981573434,0.0013825586890670039,0.4714604827513815,0.5123052053501068,0.9202689458535959,glafic_v2_compact_halo,1.7212,36.83270866094625,-56.07140123098304,0.602036070605493,-0.0787831549178275,0.36444526530419186,0.37286342928939703,51.09904622974774,-3.2225914226025054e-05,0.019348153236176502,0.02510050010510992,0.7708273586839041,9.317277751825687,0.31832314620734437,0.16888155903765248,0.4872047052449969,8.326672684688674e-17,True,P0707_Weyl_axis_repaired
PLCKG287,36,36.1a,P0707_Weyl_axis_repaired,5.39085,27.34590894368343,-25.049413550275393,0.42665907725535823,-0.02948593524267351,0.2244727479895181,0.2264010489531814,48.741662025520775,0.004262181591335734,0.27748054491849394,0.3469398737914604,0.7997419716978231,glafic_v2_compact_halo,5.39085,27.34590894368343,-25.049413550275393,0.8395364032732213,-0.09701752883731762,0.336690273357404,0.3503894134747555,53.03718596634097,-0.00010672787629784075,-0.09702416380984934,-0.18992581674797682,0.5108530102015342,4.295523940820199,0.4128773260178631,0.12398836452157411,0.5368656905394372,2.7755575615628914e-17,False,P0707_Weyl_axis_repaired
PLCKG287,36,36.1b,P0707_Weyl_axis_repaired,5.39085,34.28301271614315,-15.84476651418606,0.3278489076273974,0.01881557419814439,0.09288603748814905,0.09477257932891617,39.27437935011667,0.00016962481576010546,0.4428052779576054,0.5773785130436865,0.7669236717015188,glafic_v2_compact_halo,5.39085,34.28301271614315,-15.84476651418606,0.6886718504939984,-0.22425761543539147,-0.041858811217759806,0.22813074794365618,-84.71356052127561,1.1707390462634137e-05,0.04488157865456231,0.08319740156234547,0.5394588974496578,56.01206012860772,0.360822942866601,0.13335816861474,0.49418111148134103,2.7755575615628914e-17,True,P0707_Weyl_axis_repaired
PLCKG287,37,37.1b,P0707_Weyl_axis_repaired,5.1838999999999995,-32.050652022302074,11.281425115074619,0.6772444441724637,0.0030266185117810984,-0.000410864334698946,0.003054378679434434,-3.8653312302187985,-0.0043925779560471945,0.1041811143295245,0.3197011771481019,0.32580993450697077,glafic_v2_compact_halo,5.1838999999999995,-32.050652022302074,11.281425115074619,1.478983779140757,-0.4711557933827104,0.101235061893995,0.4819090364319519,83.93674659050525,-0.0009940830216492724,-0.0028098705137569275,-0.9608928155727088,0.002925257291194896,87.80207782072405,0.8017393349682933,0.47885465775251745,1.2805939927208108,0.0,False,P0707_Weyl_axis_repaired
PLCKG287,37,37.1c,P0707_Weyl_axis_repaired,5.1838999999999995,-28.2517203759092,9.481721400629931,0.5757732385741556,0.017701839670763997,0.08160590250002597,0.08350376309228932,38.88054476665919,0.00417402484363949,0.17301288914268242,0.34072299833355507,0.5077305245181337,glafic_v2_compact_halo,5.1838999999999995,-28.2517203759092,9.481721400629931,1.3768327444420017,-0.34118485296519285,0.29734912454462137,0.4525744201347807,69.4636133653675,-0.00018918398687617355,-0.06282065268606118,-0.8294071645767824,0.07574167569277906,30.5830685987083,0.801059505867846,0.3690706570424914,1.1701301629103376,1.1102230246251565e-16,False,P0707_Weyl_axis_repaired
PLCKG287,39,39.1b,P0707_Weyl_axis_repaired,2.9305000000000003,-13.476646279442818,32.20211883004811,0.6458056581826068,0.06863344127289173,-0.008960655811568463,0.06921591300801336,-3.7191793069783867,-0.02597195807816921,0.12133733176833766,0.28497842880937985,0.4234102548254065,glafic_v2_compact_halo,2.9305000000000003,-13.476646279442818,32.20211883004811,1.1490669387810395,0.5496801814285912,0.1757755596935806,0.5771008137587058,8.866563083210167,-8.601635462790469e-05,-0.310824389604597,-0.7261677525397454,0.4280338749776663,12.585742390188553,0.5032612805984327,0.5078849007506925,1.0111461813491252,0.0,False,P0707_Weyl_axis_repaired
PLCKG287,39,39.1c,P0707_Weyl_axis_repaired,2.9305000000000003,-2.8036907034775416,9.630343551775034,0.4285741843748849,-0.21210710263802612,-0.013288167833325204,0.2125229361595232,-88.2075984204364,0.029730475242728538,0.28224536552712176,0.3589028794655919,0.7839487517846382,glafic_v2_compact_halo,2.9305000000000003,-2.8036907034775416,9.630343551775034,1.3693885051181067,-0.2389591068766017,-0.033181625731959485,0.2412518912785535,-86.0472583350736,6.499821645356008e-05,0.0782453968926787,-0.6106403963966602,-0.12813661383955324,2.160340085362794,0.9408143207432218,0.028728955119030314,0.9695432758622522,8.326672684688674e-17,True,P0707_Weyl_axis_repaired
PLCKG287,39,39.1d,P0707_Weyl_axis_repaired,2.9305000000000003,17.75215349498159,-7.477253891415238,0.30868224749541673,0.007293081906423193,0.1108252480945926,0.11106495693476767,43.11748140324107,0.0013931525922217247,0.4655867511432117,0.5802527955698156,0.802382709439351,glafic_v2_compact_halo,2.9305000000000003,17.75215349498159,-7.477253891415238,0.771295438033264,-0.09962996697183146,0.27698354954169835,0.2943569551336042,54.89173609614682,-5.59761751284249e-05,-0.0343402372377979,-0.06565239316686816,0.5230615171003403,11.774254692905746,0.4626131905378472,0.18329199819883654,0.6459051887366838,2.7755575615628914e-17,False,P0707_Weyl_axis_repaired
PLCKG287,39,39.1e,P0707_Weyl_axis_repaired,2.9305000000000003,-62.10800410606636,-45.17383604785711,0.2751004839620199,0.12961229905210647,-0.3230899989211222,0.3481185077935723,-34.070543113530555,-0.0035742299366203767,0.4043055880033142,0.37678100824440786,1.0730180238315523,glafic_v2_compact_halo,2.9305000000000003,-62.10800410606636,-45.17383604785711,0.5968281928074184,-0.05658444024576603,-0.1538581934556138,0.16393334795383077,-55.09600606032931,4.387159182606126e-05,0.135673365468297,0.2392384592387508,0.5671051551464124,21.025462946798747,0.3217277088453985,-0.1841851598397415,0.13754254900565704,8.326672684688674e-17,True,P0707_Weyl_axis_repaired
PLCKG287,40,40.1a,P0707_Weyl_axis_repaired,4.3337,-45.548770384480655,30.07207051358415,0.5592469486141218,0.05426975740380202,0.10223108588700569,0.11574282478972016,31.019116937492658,0.001363113195074206,0.1808687088932413,0.325010226596158,0.5564958761755983,glafic_v2_compact_halo,4.3337,-45.548770384480655,30.07207051358415,0.7875297476293999,-0.0560843388345833,0.4048069032370427,0.40867356407146865,48.94394109505343,1.091894133997684e-05,-0.12187047370922702,-0.19620331170086855,0.6211438164420688,17.924824157560774,0.22828279901527804,0.2929307392817485,0.5212135382970265,0.0,False,P0707_Weyl_axis_repaired
PLCKG287,40,40.1b,P0707_Weyl_axis_repaired,4.3337,-61.073776102302396,1.8639293356919744,0.509555344779127,0.18567069806684766,-0.06956819666252279,0.19827592417514023,-10.270133421264713,0.0028552423496253088,0.20123077013609014,0.29216873104573277,0.6887205793960132,glafic_v2_compact_halo,4.3337,-61.073776102302396,1.8639293356919744,0.7282964213217361,-0.30975878774549337,-0.02348259330093444,0.3106476118911824,-87.8323700075278,-1.0499134579788905e-05,-0.022679103996887374,-0.038944033212918595,0.5823511905694463,77.5622365862631,0.2187410765426091,0.11237168771604217,0.3311127642586514,1.1102230246251565e-16,False,P0707_Weyl_axis_repaired
PLCKG287,40,40.1c,P0707_Weyl_axis_repaired,4.3337,-58.758306628230066,-19.271312032505417,0.40531992550460383,0.18542726518216424,-0.16917464947814875,0.2510046467677265,-21.187887732894133,0.0028359358152652003,0.2906491008348071,0.3436754277276697,0.8456847212631227,glafic_v2_compact_halo,4.3337,-58.758306628230066,-19.271312032505417,0.6648993202478906,-0.13234052437498534,-0.004757189153747898,0.13242599911078876,-88.97064956712553,1.2122029269256984e-06,0.09475582033130461,0.2026746806413207,0.4675266788628982,67.7827618342314,0.25957939474328673,-0.11857864765693774,0.141000747086349,0.0,True,P0707_Weyl_axis_repaired
PLCKG287,40,40.1d,P0707_Weyl_axis_repaired,4.3337,-54.17604162953262,-36.881842841669865,0.3351927684763547,0.15107461372452224,-0.24681655449861895,0.2893820147946021,-29.264751709703443,-0.0024801664988527428,0.35823285582541237,0.3754252167290431,0.9541892463182475,glafic_v2_compact_halo,4.3337,-54.17604162953262,-36.881842841669865,0.7063539245517827,0.040197332724734025,-0.16188098075977653,0.16679711475301398,-38.02735226925809,2.5404940395823417e-05,0.05840674078162102,0.12684896069520335,0.46044319020123126,8.762600559554647,0.371161156075428,-0.12258490004158815,0.24857625603383976,-8.326672684688674e-17,True,P0707_Weyl_axis_repaired
PLCKG287,40,40.1e,P0707_Weyl_axis_repaired,4.3337,-4.038929401249382,-20.8940673818301,0.34279254961683736,-0.01902829522745786,0.13150169135083822,0.13287125666371344,49.116775969130714,0.0061821512778503784,0.41430508098616503,0.5243361937194493,0.7900787070468761,glafic_v2_compact_halo,4.3337,-4.038929401249382,-20.8940673818301,1.0206253558035163,0.26652582693087457,0.3994617601589423,0.48021423786729484,28.144145983425908,3.56115237132304e-05,-0.2301803076802646,-0.5008395936708112,0.45958888206377846,20.972629985704806,0.677832806186679,0.3473429812035814,1.0251757873902605,1.1102230246251565e-16,False,P0707_Weyl_axis_repaired
PLCKG287,41,41.1a,P0707_Weyl_axis_repaired,4.5173,-17.933339158436866,35.80193779222323,0.6562403770887395,-0.03544102273126959,0.06475586091295726,0.07381996758883488,59.34599159068112,0.05900731603530884,0.1162031540749662,0.2699396553224256,0.4175795905000954,glafic_v2_compact_halo,4.5173,-17.933339158436866,35.80193779222323,1.1558576653186927,0.15395017552959356,0.3253766672672409,0.3599592090050336,32.339543139355705,0.00028668109322005364,-0.10527893812288663,-0.5158168743237264,0.20410154368634087,27.006448451325426,0.4996172882299532,0.28613924141619873,0.785756529646152,0.0,False,P0707_Weyl_axis_repaired
PLCKG287,41,41.1b,P0707_Weyl_axis_repaired,4.5173,-9.051353714267218,9.525847756419552,0.4298066855117346,-0.14602965067820328,0.0400384082658134,0.15141906423452112,82.33371884486961,0.003087771690940544,0.30220221720747126,0.4187742502537443,0.7216123787227865,glafic_v2_compact_halo,4.5173,-9.051353714267218,9.525847756419552,1.738845552503864,0.024808643370344274,0.1970727686646634,0.19862815745767984,41.41251148871564,-0.0003315449732865794,0.5064397154417766,-0.9374737099615438,-0.5402173950461842,40.92120735615397,1.3090388669921293,0.04720909322315872,1.3562479602152882,8.326672684688674e-17,True,P0707_Weyl_axis_repaired
PLCKG287,41,41.1c,P0707_Weyl_axis_repaired,4.5173,15.871529433917964,-16.55637211098035,0.33488799672584024,-0.02729866461611552,0.13821333236501698,0.14088343526925304,50.58637364159094,0.001809771729049947,0.42252910983981135,0.5242285680049067,0.8059954385434128,glafic_v2_compact_halo,4.5173,15.871529433917964,-16.55637211098035,0.8924485165523235,-0.004910328547169662,0.30969501909983155,0.30973394418708156,45.45418478225582,8.828409929773073e-05,-0.08436778679580816,-0.2021824607394051,0.41728542763475807,5.1321888593351135,0.5575605198264832,0.16885050891782852,0.7264110287443117,-2.7755575615628914e-17,False,P0707_Weyl_axis_repaired
PLCKG287,49,49.1a,P0707_Weyl_axis_repaired,4.5206,40.244960173708336,-41.19654137590296,0.36910501482018043,-0.025894148969596298,0.19101156193478408,0.19275871898211375,48.86006993493106,-0.0004568859698461658,0.3608727673262087,0.4381362661977058,0.8236537041619334,glafic_v2_compact_halo,4.5206,40.244960173708336,-41.19654137590296,0.7260843656939011,-0.12159869593812989,0.12193930701903666,0.17220754179227069,67.45993322514394,2.700709779146493e-05,0.04537433799655918,0.10170809251382822,0.44612317609836954,18.59986329021288,0.3569793508737207,-0.020551177189843062,0.33642817368387756,-5.551115123125783e-17,True,P0707_Weyl_axis_repaired
PLCKG287,49,49.1b,P0707_Weyl_axis_repaired,4.5206,40.505387853505354,-41.09936857806768,0.3688385135888419,-0.025209469085418768,0.19165615081673248,0.19330700317747102,48.746687902407736,-0.0010550883338789063,0.36099833766267997,0.43785448323368703,0.8244684895886292,glafic_v2_compact_halo,4.5206,40.505387853505354,-41.09936857806768,0.7299415351230234,-0.11131870660441301,0.12015100505146092,0.16379291332336565,66.40739908948187,2.412266567608512e-05,0.04610345657865663,0.10626555155361095,0.43385137820034225,17.660711187074128,0.3611030215341815,-0.029514089854105363,0.3315889316800761,-5.551115123125783e-17,True,P0707_Weyl_axis_repaired
PLCKG287,49,49.2a,P0707_Weyl_axis_repaired,4.5206,38.74581974804767,-42.71198820448047,0.3662437568553325,-0.03184776240213738,0.1863251499904406,0.1890273564566335,49.84979403227416,0.0040128762314628474,0.36593173741150875,0.444728886688034,0.822783599601301,glafic_v2_compact_halo,4.5206,38.74581974804767,-42.71198820448047,0.7124328670498827,-0.13962066968683517,0.13626714016183872,0.19509655274167848,67.84820970505328,-4.872158076985045e-06,0.044632191085201806,0.09247058020843879,0.48266368569179574,17.998415672779124,0.34618911019455023,0.0060691962850449865,0.3522583064795952,0.0,True,P0707_Weyl_axis_repaired
PLCKG287,49,49.2b,P0707_Weyl_axis_repaired,4.5206,43.36063405195983,-39.49047831706979,0.3798735512677389,-0.011699091116890159,0.20154507793060938,0.20188434107433076,46.66106067163092,-0.0016361029844147446,0.34380220207924456,0.41824210765793035,0.8220107898065918,glafic_v2_compact_halo,4.5206,43.36063405195983,-39.49047831706979,0.7717872865620414,-0.02121804184325171,0.3141331749259457,0.31484894296903204,46.932079432480556,4.0305904214221755e-05,-0.04704881268943508,-0.0866362295310735,0.5430616564069906,0.27101876084963283,0.3919137352943025,0.11296460189470128,0.5048783371890039,8.326672684688674e-17,False,P0707_Weyl_axis_repaired
PLCKG287,5,5.1a,P0707_Weyl_axis_repaired,1.40825,-4.4301309674458915,27.522328335938838,0.3286716766945854,-0.03885539100630386,0.044525793661087665,0.05909558114954547,65.55477292265083,-0.0005165267362605697,0.447189696760526,0.6122327421558691,0.7304239044549601,glafic_v2_compact_halo,1.40825,-4.4301309674458915,27.522328335938838,0.7306944558674746,0.21177326929778806,0.04789464692076528,0.21712165896735922,6.371814705092063,-1.916317331485118e-05,0.025383661675004554,0.052183885165166186,0.48642720309988463,59.18295821755877,0.4020227791728892,0.15802607781781375,0.560048856990703,0.0,True,P0707_Weyl_axis_repaired
PLCKG287,5,5.1b,P0707_Weyl_axis_repaired,1.40825,0.9538464099003676,27.61235254188827,0.3085889154747159,-0.050164549528775026,0.025567248531022102,0.056304229209465026,76.4967658621395,-0.001027976799439223,0.47488017831385776,0.635106855315819,0.7477153137347491,glafic_v2_compact_halo,1.40825,0.9538464099003676,27.61235254188827,0.6784093965660811,0.10043285040132188,-0.016526946346595572,0.10178358116748276,-4.67234194905224,0.00010227588720379543,0.09306062928207164,0.21980702226643611,0.42337418460140164,81.16910781119174,0.3698204810913652,0.045479351958017736,0.4152998330493829,-6.938893903907228e-17,True,P0707_Weyl_axis_repaired
PLCKG287,5,5.1d,P0707_Weyl_axis_repaired,1.40825,-52.71145122880808,-17.402040163462456,0.3486224144909613,0.1285815273774471,-0.11323663994275424,0.17133518555230312,-20.68454491840382,-0.0017977407505476162,0.394940244967149,0.48004239995673553,0.8227127710613418,glafic_v2_compact_halo,1.40825,-52.71145122880808,-17.402040163462456,0.5845856084209169,-0.05014420885769422,-0.011294650484733326,0.05140049427326887,-83.6531725716824,7.964209708388736e-06,0.1699271059829121,0.36401389730581424,0.466814885852352,62.96862765327858,0.23596319392995557,-0.11993469127903425,0.1160285026509213,-2.7755575615628914e-17,True,P0707_Weyl_axis_repaired
PLCKG287,5,5.2a,P0707_Weyl_axis_repaired,1.40825,-7.4889909995384345,27.453881183137685,0.3417542381655527,-0.02428126145921916,0.04991472359327509,0.05550729041706157,57.97041583084239,0.0007406466286108415,0.43020697224099635,0.6027384714173857,0.7137530522515089,glafic_v2_compact_halo,1.40825,-7.4889909995384345,27.453881183137685,0.7819545264712615,0.26878410261163,0.09077660586925829,0.2836992879615349,9.330698633611801,2.9610238205801664e-05,-0.0329414565867439,-0.06565381443279641,0.5017447614902734,48.63971719723059,0.4402002883057088,0.2281919975444733,0.6683922858501821,-2.7755575615628914e-17,False,P0707_Weyl_axis_repaired
PLCKG287,5,5.2b,P0707_Weyl_axis_repaired,1.40825,3.0947381272318104,28.350341332008725,0.30277025718188544,-0.06097561404471985,0.014266038789814695,0.06262224341943631,83.41588346941023,-0.0016670577860505853,0.4822105479809931,0.6346074993986782,0.7598519862375509,glafic_v2_compact_halo,1.40825,3.0947381272318104,28.350341332008725,0.6886846826322559,0.21566765111924457,-0.03869635831744711,0.219111715538728,-5.086054140005889,0.000490726388779894,0.04890752375384342,0.0922036018290161,0.5304270329064721,88.50193760941613,0.38591442545037047,0.15648947211929168,0.5424038975696621,-2.7755575615628914e-17,True,P0707_Weyl_axis_repaired
PLCKG287,5,5.2d,P0707_Weyl_axis_repaired,1.40825,-52.66427786245404,-13.974833701945919,0.3589869896790212,0.12416366131176026,-0.09874419939152612,0.15864120430649467,-19.247168348166046,0.0005098004956682889,0.38573090759349365,0.4823718060144841,0.7996542146274734,glafic_v2_compact_halo,1.40825,-52.66427786245404,-13.974833701945919,0.5756932243799298,-0.05592724759979073,-0.0330494869918041,0.06496249390617426,-74.70979127210875,-2.7223128568065746e-05,0.17581611496368962,0.359344281713896,0.4892692695262445,55.46262292394271,0.21670623470090855,-0.09367871040032041,0.12302752430058811,-2.7755575615628914e-17,True,P0707_Weyl_axis_repaired
PLCKG287,6,6.1a,P0707_Weyl_axis_repaired,4.3462,-52.29057242053078,17.402817317116646,0.5474910649336742,0.12306760940053452,0.0341435273721824,0.1277161577286817,7.752995573715669,0.0019481042462243803,0.18845671448003695,0.3247927773376441,0.5802250927950076,glafic_v2_compact_halo,4.3462,-52.29057242053078,17.402817317116646,0.7508914310536787,-0.21328314614005306,0.27574756873182116,0.34860639995403075,63.86048183450308,-2.968559297267248e-05,-0.05947134208519113,-0.0994978310077095,0.597714968900352,56.10748626078741,0.20340036612000456,0.22089024222534906,0.4242906083453536,-2.7755575615628914e-17,False,P0707_Weyl_axis_repaired
PLCKG287,6,6.1b,P0707_Weyl_axis_repaired,4.3462,-56.17020882783846,4.96067296073765,0.5155239527182739,0.1548203921818675,-0.03760961079529446,0.15932305752627518,-6.8270219996019135,0.0038032437891161175,0.20934766839352398,0.3251529897554509,0.6437991048080013,glafic_v2_compact_halo,4.3462,-56.17020882783846,4.96067296073765,0.7871585930700633,-0.34130275735043125,0.007920563825186688,0.34139465067032937,89.33529186840194,-1.9075765794740462e-05,-0.07124884263851645,-0.12855324374039265,0.5542360576002661,83.83768613199616,0.2716346403517894,0.1820715931440542,0.4537062334958436,0.0,False,P0707_Weyl_axis_repaired
PLCKG287,6,6.1c,P0707_Weyl_axis_repaired,4.3462,-8.688470277173813,-25.71454392639019,0.33865392199122957,-0.013137131287840886,0.08532436476011429,0.08632978304264989,49.37646131187292,-0.0030921446751930315,0.42993536481608396,0.5750162949661205,0.7476758610514204,glafic_v2_compact_halo,4.3462,-8.688470277173813,-25.71454392639019,0.9116115614882672,0.26679767721429215,0.27714139688025385,0.3846925453289679,23.04471179471015,-0.00023345229943627643,-0.14017578386916152,-0.296304106817235,0.47308098384070074,26.331749517162773,0.5729576394970376,0.29836276228631803,0.8713204017833556,-5.551115123125783e-17,False,P0707_Weyl_axis_repaired
PLCKG287,6,6.1e,P0707_Weyl_axis_repaired,4.3462,-50.770242381358415,-22.438180376673966,0.414075159610954,0.15681940340637746,-0.17068295626654906,0.23178653292333626,-23.711974658725826,-0.0018583245396774917,0.28958637511040297,0.35413830746570973,0.8177113733123823,glafic_v2_compact_halo,4.3462,-50.770242381358415,-22.438180376673966,0.8061942734145169,-0.13447637803761792,-0.02845816706640303,0.13745458712933384,-84.02561932317279,1.9783610083479175e-06,0.018666896138345317,0.05635113945614925,0.331260313714817,60.313644664446976,0.3921191138035629,-0.09433194579400242,0.2977871680095605,2.7755575615628914e-17,True,P0707_Weyl_axis_repaired
PLCKG287,6,6.1f,P0707_Weyl_axis_repaired,4.3462,-41.16931422283772,-21.95823861308876,0.4190058523468756,0.1293458221875654,-0.1084442962191623,0.16879131227597796,-19.98833296016263,0.0033679937482766764,0.30907503588922225,0.4122028353771464,0.7497854599291024,glafic_v2_compact_halo,4.3462,-41.16931422283772,-21.95823861308876,0.8449996655374927,0.1280763278256214,-0.3386843510127746,0.3620920261069558,-34.64273396524535,9.823915917417381e-05,-0.10708552203581884,-0.20709169164444854,0.5170923605694631,14.654401005082716,0.42599381319061713,0.19330071383097783,0.6192945270215949,-2.7755575615628914e-17,False,P0707_Weyl_axis_repaired
PLCKG287,7,7.1a,P0707_Weyl_axis_repaired,3.3423999999999996,-26.173015351805162,35.06346778236164,0.5565004783552476,-0.02488048481930072,0.017828466321545555,0.0306087036024386,72.1879845860351,0.006206439599387714,0.1957934528554031,0.41289081804231376,0.474108225247191,glafic_v2_compact_halo,3.3423999999999996,-26.173015351805162,35.06346778236164,0.9176303193582527,0.19010383738411463,0.19081652729381338,0.26935184439063437,22.55359922974321,-2.4202341242229863e-07,-0.0657656517875545,-0.18698216374888707,0.3517215250323817,49.634385356291894,0.36112984100300505,0.23874314078819575,0.5998729817912009,5.551115123125783e-17,False,P0707_Weyl_axis_repaired
PLCKG287,7,7.1b,P0707_Weyl_axis_repaired,3.3423999999999996,6.264023276474791,-18.338097034418702,0.3328537592636257,-0.0064772124630213535,0.1421957727324119,0.14234321924229076,46.30404923036104,0.006525557276726435,0.4248650973621893,0.5248030214940835,0.8094894599786651,glafic_v2_compact_halo,3.3423999999999996,6.264023276474791,-18.338097034418702,1.0354796760568876,0.21933399229767114,0.44335739552380793,0.49464449895140766,31.83893462584493,-1.469312674307055e-05,-0.24341437271389949,-0.5301241750082952,0.4591648228945201,14.465114604516105,0.7026259167932619,0.3523012797091169,1.0549271965023788,-5.551115123125783e-17,False,P0707_Weyl_axis_repaired
PLCKG287,8,8.1a,P0707_Weyl_axis_repaired,1.1691,20.04304316829747,10.295834141390026,0.26313740158790866,-0.05404731609692792,0.02319504255942073,0.058814304183715235,78.3864197208805,-0.0007754209377708321,0.5395079678396352,0.6780482942283761,0.7956769025958066,glafic_v2_compact_halo,1.1691,20.04304316829747,10.295834141390026,0.630572513632093,-0.34597111549032333,-0.1223305451935719,0.3669615443625874,-80.26355912644264,0.0001671940807579375,0.00181592059699558,0.002465942005319636,0.7363890307304943,21.350021152676863,0.36743511204418433,0.30814724017887213,0.6755823522230564,-5.551115123125783e-17,True,P0707_Weyl_axis_repaired
PLCKG287,8,8.1b,P0707_Weyl_axis_repaired,1.1691,0.78541274095876,-14.262847079348049,0.25288639131527524,-0.0011608960557303316,0.0935784023953612,0.09358560292331482,45.355375978288905,-0.0012557457292561303,0.5494220561047283,0.6535280057614099,0.8406992116080396,glafic_v2_compact_halo,1.1691,0.78541274095876,-14.262847079348049,0.8394236850992212,0.22851139333573411,0.38289284061205353,0.4458972799605376,29.58557151177259,-4.267965986182176e-06,-0.17303963135087638,-0.2853209650597587,0.6064735948613165,15.769804466516318,0.5865372937839459,0.35231167703722277,0.9388489708211686,-1.1102230246251565e-16,False,P0707_Weyl_axis_repaired
PLCKG287,8,8.1c,P0707_Weyl_axis_repaired,1.1691,-21.63695082971713,-23.37145183518563,0.26946950413323423,0.04915045648928862,-0.0038201450894503886,0.04929869046546678,-2.2221465839345145,-0.0011011193390086937,0.5312456569735315,0.681231805401299,0.7798291863322325,glafic_v2_compact_halo,1.1691,-21.63695082971713,-23.37145183518563,0.6011316163212479,0.11053723857605835,0.0062211865523464915,0.11071216859107917,1.6106431233431482,1.6848731954066665e-05,0.14683880350824044,0.28815621508767286,0.5095805522698313,3.8327897072776627,0.33166211218801367,0.06141347812561239,0.39307559031362616,9.71445146547012e-17,True,P0707_Weyl_axis_repaired
AS295,1,1.1,baryon_only_GR_axis_repaired,0.93,-64.84365071685365,33.67271039187706,0.03487511292754508,-0.014233344532166292,0.008631441612849677,0.016646016967652687,74.38318617295165,-0.0002962802743367021,0.9311890455477324,0.9484788701048023,0.9817709040401076,glafic_v2_compact_halo,0.93,-64.84365071685365,33.67271039187706,0.42838019124520255,-0.09445328016706167,0.04158006920136348,0.10320040837665141,78.1200119810053,2.2493160556358305e-05,0.31609888197770586,0.4684194003781461,0.6748202171314488,3.736825808053655,0.39350507831765746,0.08655439140899873,0.48005946972665614,-5.551115123125783e-17,True,baryon_only_GR_axis_repaired
AS295,1,1.2,baryon_only_GR_axis_repaired,0.93,-61.85215226109253,42.2039318039953,0.03939585497403275,-0.014459553196233266,0.0157478259650512,0.02137925866956664,66.27897565519153,0.00026696934336545297,0.9223033220124396,0.9392248863564006,0.9819834036955339,glafic_v2_compact_halo,0.93,-61.85215226109253,42.2039318039953,0.8605022702657497,-0.1672462708377065,0.7245151916905668,0.74356813951348,51.4992026133989,0.00018217714832235998,-0.5334339283100149,-0.6040704097792298,0.8830658692477305,14.77977304179263,0.8211064152917169,0.7221888808439133,1.5432952961356303,1.1102230246251565e-16,False,baryon_only_GR_axis_repaired
AS295,1,1.3,baryon_only_GR_axis_repaired,0.93,-55.78261639041808,47.15623164640192,0.038016754096336314,-0.00450882315976564,0.02308117854497027,0.023517446487891388,50.5266616218631,-3.999377971020124e-05,0.9248586967095402,0.9384657994157724,0.985500692391555,glafic_v2_compact_halo,0.93,-55.78261639041808,47.15623164640192,0.434958930548234,0.07194096311504694,0.14712923994935068,0.16377580841502248,31.971506057064293,-3.5606663173481934e-05,0.29244889601303575,0.4012652610367436,0.7288168778667885,18.555155564798802,0.39694217645189767,0.1402583619271311,0.5372005383790288,5.551115123125783e-17,True,baryon_only_GR_axis_repaired
AS295,2,2.1,baryon_only_GR_axis_repaired,0.93,-65.03352264635711,34.71263105688347,0.03537679140739236,-0.01439257368458513,0.009249153764123719,0.01710827351367216,73.63691542320079,-0.00019900697165731174,0.9302052811366536,0.9475149350789355,0.9817314821062798,glafic_v2_compact_halo,0.93,-65.03352264635711,34.71263105688347,0.4471091603223778,-0.13592606350665282,0.04495929142658284,0.14316854621736935,80.84885178630371,3.408073312449744e-05,0.2851910491349275,0.40972229346025285,0.6960593858949915,7.211936363102916,0.41173236891498544,0.12606027270369718,0.5377926416186827,5.551115123125783e-17,True,baryon_only_GR_axis_repaired
AS295,2,2.2,baryon_only_GR_axis_repaired,0.93,-62.700022354409676,41.88359166178677,0.0389301855326476,-0.014085685904374756,0.015467740061536617,0.020920266011883466,66.16126821665925,0.0002298635937592053,0.9232175835875749,0.9401495484554689,0.9819900804792359,glafic_v2_compact_halo,0.93,-62.700022354409676,41.88359166178677,0.836490175665582,-0.2962534069667955,0.6679894721189239,0.7307366256053903,56.95864585763139,0.00014220308197643305,-0.5072405331255636,-0.5672268012709722,0.8942464499398083,9.202622359027862,0.7975599901329344,0.7098163595935069,1.5073763497264412,-1.1102230246251565e-16,False,baryon_only_GR_axis_repaired
AS295,2,2.3,baryon_only_GR_axis_repaired,0.93,-55.7829361706934,48.046231588959,0.03827750883871239,-0.004248353898583801,0.022683814854462803,0.023078214124995885,50.30389636869382,-0.0004371701925132143,0.924377737156051,0.9386442770362917,0.9848007052862835,glafic_v2_compact_halo,0.93,-55.7829361706934,48.046231588959,0.41611401526053715,0.07648740949914856,0.14795014732267298,0.16655200360455313,31.33094847691444,-4.474831420964165e-05,0.3131832752728928,0.4173339811349097,0.750437988344016,18.97294789177938,0.37783650642182476,0.14347378947955725,0.521310295901382,0.0,True,baryon_only_GR_axis_repaired
AS295,3,3.1,baryon_only_GR_axis_repaired,0.93,-64.03162846201425,33.303047420949945,0.035908982613030105,-0.012153541618653563,0.008804757435321164,0.01500774224762631,72.03908254770138,0.0005734663326872891,0.9292465863425062,0.9490832751393435,0.9790987596345962,glafic_v2_compact_halo,0.93,-64.03162846201425,33.303047420949945,0.4352608252924153,-0.06315206657521166,0.0354553099203736,0.07242418459513168,75.34447282233121,5.0416840102762706e-05,0.313685075476992,0.49231499011245305,0.6371633593027164,3.305390274629829,0.39935184267938517,0.05741644234750537,0.4567682850268905,-5.551115123125783e-17,True,baryon_only_GR_axis_repaired
AS295,3,3.2,baryon_only_GR_axis_repaired,0.93,-61.4910242200855,41.50407520647098,0.03947436286870687,-0.014738623966237263,0.015453082478655844,0.0213547370508345,66.82220096736879,-0.00013126517033335006,0.9221534920225113,0.9391709000804587,0.9818803741821276,glafic_v2_compact_halo,0.93,-61.4910242200855,41.50407520647098,0.9665414572080246,-0.2552416468254437,0.8053795508684347,0.8448576917038787,53.79224949053364,0.00044486468857574124,-0.7126648472408526,-0.8113991489119033,0.878316234495854,13.029951476835146,0.9270670943393178,0.8235029546530442,1.750570048992362,-1.1102230246251565e-16,False,baryon_only_GR_axis_repaired
AS295,3,3.3,baryon_only_GR_axis_repaired,0.93,-54.82629247174342,47.04657230479713,0.04154657150630037,0.00024609393429742,0.02484249166017083,0.024843710554386902,44.716218429434925,0.0015079557289743306,0.9180180385676977,0.9336097179393127,0.9832971390480866,glafic_v2_compact_halo,0.93,-54.82629247174342,47.04657230479713,0.426146466769727,0.05849768857670856,0.1357167586807595,0.1477870703262944,33.34130856459954,2.277799779903944e-05,0.3074668599640761,0.4260664629039786,0.7216406035565675,11.374909864835388,0.38459989526342664,0.1229433597719075,0.507543255035334,-9.71445146547012e-17,True,baryon_only_GR_axis_repaired
AS295,4,4.1,baryon_only_GR_axis_repaired,0.93,-65.11583007633868,37.38259678938245,0.036444104483711826,-0.014669288291235816,0.011309552261229427,0.01852279653078519,71.18446284702709,-0.00031907435489308966,0.9280969716013191,0.9450330989855029,0.9820786920470733,glafic_v2_compact_halo,0.93,-65.11583007633868,37.38259678938245,0.5144486508729997,-0.25916280136990544,0.11096173635385398,0.28191818768671034,78.41079543007574,-2.538271148821991e-06,0.15628224809693364,0.20363316144028987,0.7674695368137107,7.226332583048644,0.4780045463892879,0.26339539115592514,0.741399937545213,0.0,True,baryon_only_GR_axis_repaired
AS295,4,4.2,baryon_only_GR_axis_repaired,0.93,-64.32320943867687,40.34292748201223,0.0368962066046965,-0.014518775549143825,0.014152340707740407,0.020275196446751947,67.86611805858722,-0.0006255141147715193,0.9271582245293769,0.9428285969485516,0.9833789898420554,glafic_v2_compact_halo,0.93,-64.32320943867687,40.34292748201223,0.6632664815918945,-0.3775933550336008,0.36566873163623725,0.5256332971397316,67.95957677210875,0.0001576541519554553,-0.16290087578765183,-0.18889977873162614,0.8623668155478371,0.09345871352153165,0.626370274987198,0.5053581006929797,1.1317283756801777,0.0,False,baryon_only_GR_axis_repaired
AS295,4,4.3,baryon_only_GR_axis_repaired,0.93,-55.70225115818356,49.46626064980832,0.03481297729033184,-0.0003761975908789239,0.020399388169534127,0.020402856719555523,45.52825337270133,0.0006968008913199597,0.9311701977763169,0.9447841659901126,0.9855898794292237,glafic_v2_compact_halo,0.93,-55.70225115818356,49.46626064980832,0.3906671844727585,0.07788684274336877,0.14507224781012962,0.16465818338975416,30.884699547515314,-1.1751276285387746e-05,0.3441741628592339,0.44467463213748737,0.7739909989169956,14.643553825186014,0.35585420718242666,0.14425532667019864,0.5001095338526252,-5.551115123125783e-17,True,baryon_only_GR_axis_repaired
AS295,5,5.1,baryon_only_GR_axis_repaired,1.52,32.12328115597563,-40.76707211189801,0.02856950810884351,0.01151467123797767,0.01837696177425796,0.021686409978861152,28.96474370132012,0.0005817373627814426,0.9432072386164823,0.9497440819122954,0.9931169018700177,glafic_v2_compact_halo,1.52,32.12328115597563,-40.76707211189801,0.472530974018325,0.19944765537748266,0.25118857847368226,0.3207414366607538,25.774937926154312,9.309931852108377e-05,0.17534851284633574,0.20672758932092128,0.8482104626424287,3.1898057751658055,0.4439614659094815,0.2990550266818926,0.7430164925913741,5.551115123125783e-17,True,baryon_only_GR_axis_repaired
AS295,5,5.2,baryon_only_GR_axis_repaired,1.52,34.53984284696097,-40.07759120823062,0.02802736542704043,0.010338082445193741,0.025715132000136975,0.027715410197723785,34.04936159505371,0.002263099650212652,0.9439677800162987,0.9442572243752357,0.9996880447706834,glafic_v2_compact_halo,1.52,34.53984284696097,-40.07759120823062,0.5219488832322141,0.22929895039721648,0.3132807878912347,0.3882304221915356,26.899281003036773,-1.539663376792788e-05,0.07781000976496566,0.08982069457625035,0.8662815389593215,7.150080592016937,0.4939215178051737,0.3605150119938118,0.8544365297989854,-5.551115123125783e-17,True,baryon_only_GR_axis_repaired
AS295,5,5.3,baryon_only_GR_axis_repaired,1.52,53.88621705817686,-22.783102767501454,0.04575781059009598,-0.019387053710084867,0.002343843680396862,0.019528222007030024,86.5532733524166,0.0012873352534747973,0.9101984618271061,0.934713967402874,0.973770411416934,glafic_v2_compact_halo,1.52,53.88621705817686,-22.783102767501454,0.4254794000797748,-0.1793460551234194,0.06771625246911883,0.19170419488575108,79.65740534813789,0.00012704360728976738,0.2933234375359796,0.3828164050344741,0.7662247948059763,6.895868004278712,0.3797215894896788,0.17217597287872105,0.5518975623683999,5.551115123125783e-17,True,baryon_only_GR_axis_repaired
AS295,6,6.1,baryon_only_GR_axis_repaired,2.17,30.424285314210312,-14.686729173036284,0.045040911533771544,-0.0050076511103613885,0.017550255233161893,0.018250699394604858,52.96257433330983,0.0015480495736908129,0.9116161690733404,0.9367083890716235,0.9732097878608333,glafic_v2_compact_halo,2.17,30.424285314210312,-14.686729173036284,0.5612498671298696,0.12349484885000872,0.3699919526283457,0.3900577171422488,35.77108488262212,-9.639460529786703e-05,0.04035666568325452,0.048692415727881716,0.8288078500123792,17.191489450687712,0.516208955596098,0.3718070177476439,0.8880159733437417,-2.220446049250313e-16,True,baryon_only_GR_axis_repaired
AS295,6,6.2,baryon_only_GR_axis_repaired,2.17,28.449098293840493,-16.06635453993563,0.044950936060061064,-0.003399972492490466,0.02012712639949399,0.020412276454401152,49.79408265876174,-0.00020421138258175375,0.9117020952047915,0.9346367874855378,0.9754613403943401,glafic_v2_compact_halo,2.17,28.449098293840493,-16.06635453993563,0.6066285471969071,0.11665767671145133,0.4568594975897067,0.4715184132922411,37.83789246676907,1.898740337735738e-05,-0.06758851383269524,-0.07814696048914815,0.8648898660953341,11.956190191992668,0.561677611136846,0.45110613683783995,1.012783747974686,0.0,False,baryon_only_GR_axis_repaired
AS295,6,6.3,baryon_only_GR_axis_repaired,2.17,19.44834819604182,-23.26496560157937,0.043459095932218084,-0.007314192453256041,0.019865598761059644,0.021169303847285156,55.10644579813936,-4.6224006355899405e-05,0.9145223638660896,0.9353716002204968,0.977710207915067,glafic_v2_compact_halo,2.17,19.44834819604182,-23.26496560157937,0.49247030862441443,-0.012291327099045457,0.36631968456717345,0.3665258354103421,45.96087800845142,-1.6067821073662003e-06,0.12324519960712971,0.1410038559652435,0.8740555267859277,9.145567789687943,0.44901121269219635,0.34535653156305696,0.7943677442552532,-5.551115123125783e-17,True,baryon_only_GR_axis_repaired
PLCKG287,1,1.1a,baryon_only_GR_axis_repaired,3.76825,-23.58821682660365,-3.3663659430264046,0.091807149564197,0.008018825726970047,-0.001394332105217333,0.008139147870579358,-4.932049435697243,-0.0011138029452489873,0.8247492484116506,0.9000537025652238,0.9163319983063823,glafic_v2_compact_halo,3.76825,-23.58821682660365,-3.3663659430264046,1.0850479192037041,-0.01075771983929108,-0.027993275592783085,0.029989198297956918,-55.510798318069895,-9.285104038414538e-06,0.006333796632538743,-0.11503711750166094,-0.05505872090574711,50.57874888237266,0.9932407696395071,0.02185005042737756,1.0150908200668847,-2.7755575615628914e-17,True,baryon_only_GR_axis_repaired
PLCKG287,1,1.1b,baryon_only_GR_axis_repaired,3.76825,-28.784168725162935,-6.095517920541333,0.08853407992037898,0.0006709422762013473,-0.007300611817454006,0.007331377527255252,-42.374570846038615,-0.0004017978123688204,0.830716535811625,0.9041345425523658,0.9187972976068762,glafic_v2_compact_halo,3.76825,-28.784168725162935,-6.095517920541333,0.9961843528555883,-0.021696631355772045,-0.04870238521792469,0.05331665910485578,-57.00634803726087,-2.5213967846937635e-05,-0.0028281063392285683,-0.049501011960444034,0.05713230624926752,14.631777191222254,0.9076502729352093,0.045985281577600526,0.9536355545128098,-1.3877787807814457e-17,False,baryon_only_GR_axis_repaired
PLCKG287,2,2.1a,baryon_only_GR_axis_repaired,1.7212,39.34178790884508,-53.364448458419176,0.030927705565297003,-0.0018115573672261576,0.022014188691477088,0.02208859986143778,47.35214776878255,0.0002821450811651971,0.9386132852029477,0.9469836945732653,0.9911608942961407,glafic_v2_compact_halo,1.7212,39.34178790884508,-53.364448458419176,0.5914326710128472,-0.1808849927639189,0.23635902348911886,0.2976322707502209,63.71337165875804,-0.00010376350688678926,0.07834230449062884,0.1109350582369318,0.7061995997373738,16.36122388997549,0.5605049654475502,0.2755436708887831,0.8360486363363334,5.551115123125783e-17,True,baryon_only_GR_axis_repaired
PLCKG287,2,2.1b,baryon_only_GR_axis_repaired,1.7212,37.452033121705796,-55.423460741395914,0.029210448475635253,-0.002047846949149168,0.022157427986035927,0.02225186041847979,47.640211796968025,-0.00020634175190714643,0.9419372506337123,0.9485376911058849,0.9930414119428446,glafic_v2_compact_halo,1.7212,37.452033121705796,-55.423460741395914,0.5998496213889029,-0.11716571470594683,0.3392047699085632,0.35887000519864654,54.52778724807441,-4.238183575200338e-05,0.03133264666754776,0.041280373412450555,0.7590203838097438,6.887575451106386,0.5706391729132676,0.3366181447801667,0.9072573176934344,1.1102230246251565e-16,True,baryon_only_GR_axis_repaired
PLCKG287,2,2.1c,baryon_only_GR_axis_repaired,1.7212,21.369751886960117,-64.55543703426116,0.024987847635581595,0.01733577699043476,0.007451230849375712,0.01886928734830162,11.629454401314426,-0.0003547000891002128,0.9502927730654163,0.9561428650161168,0.99388143971272,glafic_v2_compact_halo,1.7212,21.369751886960117,-64.55543703426116,0.6016988185051577,0.27765041344163244,0.18764929505441508,0.33511492061489645,17.026344905782135,-2.490716521919012e-07,0.046341821161520975,0.06318626087994583,0.7334161021097387,5.39689050446771,0.5767109708695761,0.31624563326659483,0.892956604136171,0.0,True,baryon_only_GR_axis_repaired
PLCKG287,2,2.2a,baryon_only_GR_axis_repaired,1.7212,39.1194592349723,-53.64162589432384,0.03087635093295038,-0.0019183570157066399,0.021985321275286296,0.022068856907807147,47.493392707710214,0.0003801358683386269,0.938713757239095,0.9470547921592424,0.9911925059748568,glafic_v2_compact_halo,1.7212,39.1194592349723,-53.64162589432384,0.5920012483126338,-0.17668818915835827,0.24979016418952282,0.3059637924884063,62.63677191167613,3.896730959018768e-05,0.07284914058301176,0.10203495919895993,0.7139625441757724,15.143379203965917,0.5611248973796834,0.2838949355805992,0.8450198329602825,-1.1102230246251565e-16,True,baryon_only_GR_axis_repaired
PLCKG287,2,2.2b,baryon_only_GR_axis_repaired,1.7212,37.66800114142992,-55.2182817270032,0.029172578077151456,-0.001986937159159652,0.022122630688081735,0.022211679536579515,47.56611603211468,-0.00026538993040947645,0.942012594881344,0.948615742386269,0.9930391014594281,glafic_v2_compact_halo,1.7212,37.66800114142992,-55.2182817270032,0.5985840414407742,-0.12757152052185194,0.32930649856290906,0.3531533135113141,55.588046439849265,3.572927957939953e-05,0.03641751021858301,0.04826264504791172,0.7545692720705399,8.021930407734587,0.5694114633636227,0.33094163397473464,0.9003530973383573,0.0,True,baryon_only_GR_axis_repaired
PLCKG287,2,2.3a,baryon_only_GR_axis_repaired,1.7212,38.74785622785807,-54.07718846571855,0.030568525755002796,-0.0018590588688915943,0.022052189475929573,0.022130412570946424,47.409397098755576,0.0004218896163310504,0.9393078060871167,0.9473010616740508,0.9915618868159436,glafic_v2_compact_halo,1.7212,38.74785622785807,-54.07718846571855,0.5929799963368945,-0.167615426218215,0.27171270766220834,0.3192533893499685,60.83490149903066,-0.00015963380267658422,0.06374258225342282,0.08776661431313702,0.726273393013074,13.425504400275077,0.5624114705818917,0.29712297677902205,0.8595344473609138,5.551115123125783e-17,True,baryon_only_GR_axis_repaired
PLCKG287,2,2.3b,baryon_only_GR_axis_repaired,1.7212,37.91255607336069,-54.95910563593848,0.02913120173382211,-0.0019164581346764464,0.022077089707694952,0.02216011511124385,47.48063469666069,-0.00033839179338635006,0.9420952672540747,0.9487086831549341,0.9930289133774217,glafic_v2_compact_halo,1.7212,37.91255607336069,-54.95910563593848,0.5972107668917639,-0.1389006714839658,0.3171016179067898,0.3461890128496286,56.82747972264359,1.6606976771527115e-05,0.04239233396591234,0.0566002202586075,0.7489782459578647,9.346845025982901,0.5680795651579418,0.3240288977383848,0.8921084628963265,-5.551115123125783e-17,True,baryon_only_GR_axis_repaired
PLCKG287,2,2.4a,baryon_only_GR_axis_repaired,1.7212,39.948419859113045,-52.69851067616447,0.031042051932449688,-0.0015459272377560396,0.02210422050683558,0.02215821417080462,47.00032187422921,2.603963065173076e-05,0.9383885193461007,0.9467997338967457,0.991116162238355,glafic_v2_compact_halo,1.7212,39.948419859113045,-52.69851067616447,0.5898452552057889,-0.18603966104747682,0.20421705545879965,0.27625235061972325,66.16660105658232,-1.421297400883148e-05,0.09191155365629054,0.13390239417448785,0.6864070954139343,19.16627918235312,0.5588032032733392,0.25409413644891865,0.8128973397222579,0.0,True,baryon_only_GR_axis_repaired
PLCKG287,2,2.4b,baryon_only_GR_axis_repaired,1.7212,36.83270866094625,-56.07140123098304,0.029315704475195936,-0.002225859681037612,0.022270834869742018,0.02238179030182764,47.853737914876184,-2.3391407433237532e-05,0.9417270575885281,0.9483025052229764,0.9930660858266317,glafic_v2_compact_halo,1.7212,36.83270866094625,-56.07140123098304,0.602036070605493,-0.0787831549178275,0.36444526530419186,0.37286342928939703,51.09904622974774,-3.2225914226025054e-05,0.019348153236176502,0.02510050010510992,0.7708273586839041,3.2453083148715596,0.5727203661302971,0.3504816389875694,0.9232020051178665,5.551115123125783e-17,True,baryon_only_GR_axis_repaired
PLCKG287,36,36.1a,baryon_only_GR_axis_repaired,5.39085,27.34590894368343,-25.049413550275393,0.07184552699365154,-0.007042733263584733,0.03856393220236232,0.039201746883658135,50.17479056495457,0.000776785675538072,0.8599345521989478,0.8889527261226903,0.9673562198900066,glafic_v2_compact_halo,5.39085,27.34590894368343,-25.049413550275393,0.8395364032732213,-0.09701752883731762,0.336690273357404,0.3503894134747555,53.03718596634097,-0.00010672787629784075,-0.09702416380984934,-0.18992581674797682,0.5108530102015342,2.8623954013864,0.7676908762795698,0.31118766659109737,1.078878542870667,-5.551115123125783e-17,False,baryon_only_GR_axis_repaired
PLCKG287,36,36.1b,baryon_only_GR_axis_repaired,5.39085,34.28301271614315,-15.84476651418606,0.05477387543722978,-0.008878524702449209,0.016496798674087154,0.018734261858567167,59.14449834042628,7.296397901979113e-05,0.8931014593123104,0.926491862704203,0.9639603864213374,glafic_v2_compact_halo,5.39085,34.28301271614315,-15.84476651418606,0.6886718504939984,-0.22425761543539147,-0.041858811217759806,0.22813074794365618,-84.71356052127561,1.1707390462634137e-05,0.04488157865456231,0.08319740156234547,0.5394588974496578,36.141941138298115,0.6338979750567686,0.209396486085089,0.8432944611418576,-2.7755575615628914e-17,True,baryon_only_GR_axis_repaired
PLCKG287,37,37.1b,baryon_only_GR_axis_repaired,5.1838999999999995,-32.050652022302074,11.281425115074619,0.12070009557418238,-0.009096413216597155,-0.001390460064881749,0.009202071103784971,-85.65457531615942,-0.0007688731335775412,0.7730842349765484,0.8700978333220326,0.8885019755296026,glafic_v2_compact_halo,5.1838999999999995,-32.050652022302074,11.281425115074619,1.478983779140757,-0.4711557933827104,0.101235061893995,0.4819090364319519,83.93674659050525,-0.0009940830216492724,-0.0028098705137569275,-0.9608928155727088,0.002925257291194896,10.40867809333532,1.3582836835665746,0.4727069653281669,1.8309906488947414,-1.1102230246251565e-16,False,baryon_only_GR_axis_repaired
PLCKG287,37,37.1c,baryon_only_GR_axis_repaired,5.1838999999999995,-28.2517203759092,9.481721400629931,0.10699452132109566,-0.004699261368895646,0.013445481968710205,0.014243034886712391,54.632384584916366,0.000515564931014012,0.797256186714953,0.8787624437921919,0.9072485135656168,glafic_v2_compact_halo,5.1838999999999995,-28.2517203759092,9.481721400629931,1.3768327444420017,-0.34118485296519285,0.29734912454462137,0.4525744201347807,69.4636133653675,-0.00018918398687617355,-0.06282065268606118,-0.8294071645767824,0.07574167569277906,14.83122878045113,1.269838223120906,0.4383313852480683,1.7081696083689744,5.551115123125783e-17,False,baryon_only_GR_axis_repaired
PLCKG287,39,39.1b,baryon_only_GR_axis_repaired,2.9305000000000003,-13.476646279442818,32.20211883004811,0.11288729840116996,0.020225730100292827,-0.0027093960035362574,0.020406395683556407,-3.814899773224525,-0.0046776419300120775,0.7865744046872064,0.8667063059152738,0.9075190972823864,glafic_v2_compact_halo,2.9305000000000003,-13.476646279442818,32.20211883004811,1.1490669387810395,0.5496801814285912,0.1757755596935806,0.5771008137587058,8.866563083210167,-8.601635462790469e-05,-0.310824389604597,-0.7261677525397454,0.4280338749776663,12.68146285643469,1.0361796403798695,0.5566944180751494,1.5928740584550192,2.220446049250313e-16,False,baryon_only_GR_axis_repaired
PLCKG287,39,39.1c,baryon_only_GR_axis_repaired,2.9305000000000003,-2.8036907034775416,9.630343551775034,0.08871797481014898,-0.03342868936668658,-0.003650488514611583,0.03362741945451265,-86.88393298023567,0.005110776760125502,0.8293302461340383,0.8776546057353383,0.9449094446443637,glafic_v2_compact_halo,2.9305000000000003,-2.8036907034775416,9.630343551775034,1.3693885051181067,-0.2389591068766017,-0.033181625731959485,0.2412518912785535,-86.0472583350736,6.499821645356008e-05,0.0782453968926787,-0.6106403963966602,-0.12813661383955324,0.8366746451620721,1.2806705303079577,0.20762447182404087,1.4882950021319985,-1.1102230246251565e-16,True,baryon_only_GR_axis_repaired
PLCKG287,39,39.1d,baryon_only_GR_axis_repaired,2.9305000000000003,17.75215349498159,-7.477253891415238,0.06433670502700628,-0.0023298445705532966,0.0201610893644677,0.020295262996201584,48.295971395351785,0.00020620640942548008,0.8750539463807178,0.9153680319767921,0.9559585579691953,glafic_v2_compact_halo,2.9305000000000003,17.75215349498159,-7.477253891415238,0.771295438033264,-0.09962996697183146,0.27698354954169835,0.2943569551336042,54.89173609614682,-5.59761751284249e-05,-0.0343402372377979,-0.06565239316686816,0.5230615171003403,6.595764700795037,0.7069587330062577,0.2740616921374026,0.9810204251436603,0.0,False,baryon_only_GR_axis_repaired
PLCKG287,39,39.1e,baryon_only_GR_axis_repaired,2.9305000000000003,-62.10800410606636,-45.17383604785711,0.018687433886865,0.005013124457442508,-0.03097142965473587,0.031374525839987774,-40.40284155244076,-9.103991227554786e-05,0.9619899998281275,0.9499380402731471,1.0126870919531228,glafic_v2_compact_halo,2.9305000000000003,-62.10800410606636,-45.17383604785711,0.5968281928074184,-0.05658444024576603,-0.1538581934556138,0.16393334795383077,-55.09600606032931,4.387159182606126e-05,0.135673365468297,0.2392384592387508,0.5671051551464124,14.693164507888541,0.5781407589205534,0.132558822113843,0.7106995810343963,-5.551115123125783e-17,True,baryon_only_GR_axis_repaired
PLCKG287,40,40.1a,baryon_only_GR_axis_repaired,4.3337,-45.548770384480655,30.07207051358415,0.08568159538579945,-0.005941475907245142,0.008147004013303594,0.010083392799507481,63.05132775934559,0.00020502905535568772,0.8358765122428213,0.9042350118146932,0.924401797413708,glafic_v2_compact_halo,4.3337,-45.548770384480655,30.07207051358415,0.7875297476293999,-0.0560843388345833,0.4048069032370427,0.40867356407146865,48.94394109505343,1.091894133997684e-05,-0.12187047370922702,-0.19620331170086855,0.6211438164420688,14.107386664292152,0.7018481522436004,0.39859017127196117,1.1004383235155617,1.1102230246251565e-16,False,baryon_only_GR_axis_repaired
PLCKG287,40,40.1b,baryon_only_GR_axis_repaired,4.3337,-61.073776102302396,1.8639293356919744,0.06682625813621745,-0.016619131636849693,-0.011434479078939463,0.02017282449657565,-72.7354098686882,0.0003419428054735052,0.870406406580766,0.9130009173672069,0.9533465663603582,glafic_v2_compact_halo,4.3337,-61.073776102302396,1.8639293356919744,0.7282964213217361,-0.30975878774549337,-0.02348259330093444,0.3106476118911824,-87.8323700075278,-1.0499134579788905e-05,-0.022679103996887374,-0.038944033212918595,0.5823511905694463,15.096960138839613,0.6614701631855187,0.29047478739460675,0.9519449505801255,1.1102230246251565e-16,False,baryon_only_GR_axis_repaired
PLCKG287,40,40.1c,baryon_only_GR_axis_repaired,4.3337,-58.758306628230066,-19.271312032505417,0.04972097305138057,-0.004977823401564052,-0.020470046186482627,0.021066597178801577,-51.833834045807734,0.0002848788503095889,0.9025865086976804,0.9292124297698179,0.971345624127421,glafic_v2_compact_halo,4.3337,-58.758306628230066,-19.271312032505417,0.6648993202478906,-0.13234052437498534,-0.004757189153747898,0.13242599911078876,-88.97064956712553,1.2122029269256984e-06,0.09475582033130461,0.2026746806413207,0.4675266788628982,37.1368155213178,0.61517834719651,0.11135940193198718,0.7265377491284972,5.551115123125783e-17,True,baryon_only_GR_axis_repaired
PLCKG287,40,40.1d,baryon_only_GR_axis_repaired,4.3337,-54.17604162953262,-36.881842841669865,0.03409219303740407,0.009042477761278533,-0.028341787602825796,0.02974934164963835,-36.15233057303246,-0.00029229123377216837,0.93209295365687,0.9361584653129575,0.9956571486122343,glafic_v2_compact_halo,4.3337,-54.17604162953262,-36.881842841669865,0.7063539245517827,0.040197332724734025,-0.16188098075977653,0.16679711475301398,-38.02735226925809,2.5404940395823417e-05,0.05840674078162102,0.12684896069520335,0.46044319020123126,1.8750216962256316,0.6722617315143786,0.13704777310337563,0.8093095046177542,-5.551115123125783e-17,True,baryon_only_GR_axis_repaired
PLCKG287,40,40.1e,baryon_only_GR_axis_repaired,4.3337,-4.038929401249382,-20.8940673818301,0.06977829448592177,0.0030801459017903987,0.023720865652282486,0.023920007651962637,41.300779883797205,0.0010546121608168146,0.8647413668502604,0.9063016978621157,0.9541417131660409,glafic_v2_compact_halo,4.3337,-4.038929401249382,-20.8940673818301,1.0206253558035163,0.26652582693087457,0.3994617601589423,0.48021423786729484,28.144145983425908,3.56115237132304e-05,-0.2301803076802646,-0.5008395936708112,0.45958888206377846,13.1566339003713,0.9508470613175946,0.4562942302153322,1.4071412915329269,1.1102230246251565e-16,False,baryon_only_GR_axis_repaired
PLCKG287,41,41.1a,baryon_only_GR_axis_repaired,4.5173,-17.933339158436866,35.80193779222323,0.11548305209785248,0.0031158930078323266,0.006772309303559876,0.007454727529517227,32.646582854876854,0.010167282594031324,0.782418031798938,0.8770622203726303,0.8919716754316648,glafic_v2_compact_halo,4.5173,-17.933339158436866,35.80193779222323,1.1558576653186927,0.15395017552959356,0.3253766672672409,0.3599592090050336,32.339543139355705,0.00028668109322005364,-0.10527893812288663,-0.5158168743237264,0.20410154368634087,0.30703971552115183,1.0403746132208402,0.3525044814755164,1.3928790946963567,1.1102230246251565e-16,False,baryon_only_GR_axis_repaired
PLCKG287,41,41.1b,baryon_only_GR_axis_repaired,4.5173,-9.051353714267218,9.525847756419552,0.08831955840182171,-0.022589831968206076,0.004990064078164158,0.02313441695517675,83.77173861492567,0.0005903870308687775,0.8306263749016396,0.8885460246430016,0.934814858553355,glafic_v2_compact_halo,4.5173,-9.051353714267218,9.525847756419552,1.738845552503864,0.024808643370344274,0.1970727686646634,0.19862815745767984,41.41251148871564,-0.0003315449732865794,0.5064397154417766,-0.9374737099615438,-0.5402173950461842,42.35922712621003,1.6505259941020423,0.17549374050250308,1.8260197346045453,-8.326672684688674e-17,True,baryon_only_GR_axis_repaired
PLCKG287,41,41.1c,baryon_only_GR_axis_repaired,4.5173,15.871529433917964,-16.55637211098035,0.06562044409470968,-0.004944009889779055,0.024428631948586466,0.024923910059814702,50.72065722543774,0.0003368140179482726,0.8724440666447805,0.9094556458454756,0.959303465965105,glafic_v2_compact_halo,4.5173,15.871529433917964,-16.55637211098035,0.8924485165523235,-0.004910328547169662,0.30969501909983155,0.30973394418708156,45.45418478225582,8.828409929773073e-05,-0.08436778679580816,-0.2021824607394051,0.41728542763475807,5.266472443181921,0.8268280724576138,0.28481003412726685,1.1116381065848806,-5.551115123125783e-17,False,baryon_only_GR_axis_repaired
PLCKG287,49,49.1a,baryon_only_GR_axis_repaired,4.5206,40.244960173708336,-41.19654137590296,0.046896818679552865,-0.0035003793426469088,0.026735843081682198,0.02696401232811547,48.72950038228675,-0.00010434905000078487,0.9076786271710506,0.9261391689923316,0.9800671936485627,glafic_v2_compact_halo,4.5206,40.244960173708336,-41.19654137590296,0.7260843656939011,-0.12159869593812989,0.12193930701903666,0.17220754179227069,67.45993322514394,2.700709779146493e-05,0.04537433799655918,0.10170809251382822,0.44612317609836954,18.73043284285719,0.6791875470143482,0.14524352946415522,0.8244310764785034,-2.7755575615628914e-17,True,baryon_only_GR_axis_repaired
PLCKG287,49,49.1b,baryon_only_GR_axis_repaired,4.5206,40.505387853505354,-41.09936857806768,0.04729571662964638,-0.0038650066844780895,0.026890029166226626,0.027166375268548044,49.0896608773854,-0.00022796108920530855,0.9069074915732457,0.9255379081018056,0.9798706586389017,glafic_v2_compact_halo,4.5206,40.505387853505354,-41.09936857806768,0.7299415351230234,-0.11131870660441301,0.12015100505146092,0.16379291332336565,66.40739908948187,2.412266567608512e-05,0.04610345657865663,0.10626555155361095,0.43385137820034225,17.31773821209646,0.682645818493377,0.13662653805481761,0.8192723565481946,0.0,True,baryon_only_GR_axis_repaired
PLCKG287,49,49.2a,baryon_only_GR_axis_repaired,4.5206,38.74581974804767,-42.71198820448047,0.045202679527233336,-0.002676470441254075,0.02579766494694713,0.025936133303517923,47.96158155356626,0.00039681436663219216,0.9109653976328788,0.9288611871692487,0.9807334537762846,glafic_v2_compact_halo,4.5206,38.74581974804767,-42.71198820448047,0.7124328670498827,-0.13962066968683517,0.13626714016183872,0.19509655274167848,67.84820970505328,-4.872158076985045e-06,0.044632191085201806,0.09247058020843879,0.48266368569179574,19.886628151487024,0.6672301875226494,0.16916041943816054,0.8363906069608099,-2.7755575615628914e-17,True,baryon_only_GR_axis_repaired
PLCKG287,49,49.2b,baryon_only_GR_axis_repaired,4.5206,43.36063405195983,-39.49047831706979,0.04725049037939044,-0.004287163666338856,0.02779103500389901,0.028119768827106602,49.38478152802892,-6.635514320230129e-05,0.906940911086427,0.9246297407935029,0.9808692784477162,glafic_v2_compact_halo,4.5206,43.36063405195983,-39.49047831706979,0.7717872865620414,-0.02121804184325171,0.3141331749259457,0.31484894296903204,46.932079432480556,4.0305904214221755e-05,-0.04704881268943508,-0.0866362295310735,0.5430616564069906,2.452702095548364,0.724536796182651,0.28672917414192545,1.0112659703245763,-1.1102230246251565e-16,False,baryon_only_GR_axis_repaired
PLCKG287,5,5.1a,baryon_only_GR_axis_repaired,1.40825,-4.4301309674458915,27.522328335938838,0.06528139820488243,0.0012558526844758111,0.007603924997126588,0.007706934625843901,40.31088781246267,-5.256567221778585e-05,0.8736394704636424,0.9270116671692736,0.9424255364209615,glafic_v2_compact_halo,1.40825,-4.4301309674458915,27.522328335938838,0.7306944558674746,0.21177326929778806,0.04789464692076528,0.21712165896735922,6.371814705092063,-1.916317331485118e-05,0.025383661675004554,0.052183885165166186,0.48642720309988463,33.93907310737061,0.6654130576625922,0.2094147243415153,0.8748277820041075,0.0,True,baryon_only_GR_axis_repaired
PLCKG287,5,5.1b,baryon_only_GR_axis_repaired,1.40825,0.9538464099003676,27.61235254188827,0.06185475279428476,-0.0005488487252371943,0.004318631755464986,0.004353368254869449,48.621405506875014,-0.00019197902713374848,0.8800975898954569,0.9337918789508459,0.9424986154605847,glafic_v2_compact_halo,1.40825,0.9538464099003676,27.61235254188827,0.6784093965660811,0.10043285040132188,-0.016526946346595572,0.10178358116748276,-4.67234194905224,0.00010227588720379543,0.09306062928207164,0.21980702226643611,0.42337418460140164,53.29374745592725,0.6165546437717964,0.0974302129126133,0.7139848566844098,1.3877787807814457e-16,True,baryon_only_GR_axis_repaired
PLCKG287,5,5.1d,baryon_only_GR_axis_repaired,1.40825,-52.71145122880808,-17.402040163462456,0.048542879924622584,-0.002791377661487404,-0.014861073892397103,0.015120955872045183,-50.31900107094509,-0.00023071225248583183,0.9050420612637903,0.9363361642033322,0.9665780759474226,glafic_v2_compact_halo,1.40825,-52.71145122880808,-17.402040163462456,0.5845856084209169,-0.05014420885769422,-0.011294650484733326,0.05140049427326887,-83.6531725716824,7.964209708388736e-06,0.1699271059829121,0.36401389730581424,0.466814885852352,33.33417150073731,0.5360427284962943,0.036279538401223686,0.572322266897518,-2.0816681711721685e-17,True,baryon_only_GR_axis_repaired
PLCKG287,5,5.2a,baryon_only_GR_axis_repaired,1.40825,-7.4889909995384345,27.453881183137685,0.06712667553992935,0.0032605522698347933,0.008290190484450122,0.008908336509853686,34.26508192471975,0.0002182256215510492,0.8701733286522334,0.923964987950217,0.9417816609699243,glafic_v2_compact_halo,1.40825,-7.4889909995384345,27.453881183137685,0.7819545264712615,0.26878410261163,0.09077660586925829,0.2836992879615349,9.330698633611801,2.9610238205801664e-05,-0.0329414565867439,-0.06565381443279641,0.5017447614902734,24.93438329110795,0.7148278509313322,0.2747909514516812,0.9896188023830134,0.0,False,baryon_only_GR_axis_repaired
PLCKG287,5,5.2b,baryon_only_GR_axis_repaired,1.40825,3.0947381272318104,28.350341332008725,0.059945496284773636,-0.0020822946281362498,0.0023576337206281106,0.0031455345617252134,65.72569308729669,-0.0002911397592113285,0.8836926603299609,0.9369089691535012,0.9432000382769515,glafic_v2_compact_halo,1.40825,3.0947381272318104,28.350341332008725,0.6886846826322559,0.21566765111924457,-0.03869635831744711,0.219111715538728,-5.086054140005889,0.000490726388779894,0.04890752375384342,0.0922036018290161,0.5304270329064721,70.81174722730258,0.6287391863474823,0.21596618097700276,0.8447053673244851,5.551115123125783e-17,True,baryon_only_GR_axis_repaired
PLCKG287,5,5.2d,baryon_only_GR_axis_repaired,1.40825,-52.66427786245404,-13.974833701945919,0.0507697287584532,-0.0046558654744399686,-0.013136417667442002,0.013937092682821783,-54.757781456837925,6.317700281255334e-05,0.9008438692801847,0.935293178558725,0.9631673639243685,glafic_v2_compact_halo,1.40825,-52.66427786245404,-13.974833701945919,0.5756932243799298,-0.05592724759979073,-0.0330494869918041,0.06496249390617426,-74.70979127210875,-2.7223128568065746e-05,0.17581611496368962,0.359344281713896,0.4892692695262445,19.952009815270827,0.5249234956214766,0.05102540122335247,0.575948896844829,-5.551115123125783e-17,True,baryon_only_GR_axis_repaired
PLCKG287,6,6.1a,baryon_only_GR_axis_repaired,4.3462,-52.29057242053078,17.402817317116646,0.08066255815911605,-0.011667373140877846,0.0003720670762930034,0.011673304155967967,89.08674167838845,0.00012177250766631786,0.8450450807691666,0.907664137684916,0.931010745996852,glafic_v2_compact_halo,4.3462,-52.29057242053078,17.402817317116646,0.7508914310536787,-0.21328314614005306,0.27574756873182116,0.34860639995403075,63.86048183450308,-2.968559297267248e-05,-0.05947134208519113,-0.0994978310077095,0.597714968900352,25.226259843885373,0.6702288728945627,0.3369330957980628,1.0071619686926256,1.6653345369377348e-16,False,baryon_only_GR_axis_repaired
PLCKG287,6,6.1b,baryon_only_GR_axis_repaired,4.3462,-56.17020882783846,4.96067296073765,0.07393443193993343,-0.013655156156530679,-0.007043227988506873,0.015364581027718403,-76.35782645435015,0.0004682948667678044,0.8573615852963387,0.9107009870323483,0.941430149087785,glafic_v2_compact_halo,4.3462,-56.17020882783846,4.96067296073765,0.7871585930700633,-0.34130275735043125,0.007920563825186688,0.34139465067032937,89.33529186840194,-1.9075765794740462e-05,-0.07124884263851645,-0.12855324374039265,0.5542360576002661,14.306881677247915,0.7132241611301299,0.32603006964261094,1.0392542307727408,0.0,False,baryon_only_GR_axis_repaired
PLCKG287,6,6.1c,baryon_only_GR_axis_repaired,4.3462,-8.688470277173813,-25.71454392639019,0.06735816954012064,0.004846307848105358,0.016012489542754915,0.016729809356817043,36.58057063796841,-0.0006378280006658077,0.8695413042269974,0.9159120211030624,0.9493716398166964,glafic_v2_compact_halo,4.3462,-8.688470277173813,-25.71454392639019,0.9116115614882672,0.26679767721429215,0.27714139688025385,0.3846925453289679,23.04471179471015,-0.00023345229943627643,-0.14017578386916152,-0.296304106817235,0.47308098384070074,13.535858843258259,0.8442533919481465,0.36796273597215085,1.2122161279202974,5.551115123125783e-17,False,baryon_only_GR_axis_repaired
PLCKG287,6,6.1e,baryon_only_GR_axis_repaired,4.3462,-50.770242381358415,-22.438180376673966,0.057773876269683555,0.002283114465173597,-0.022274887924489395,0.02239158868212902,-42.07388883871663,-0.00022545866064094255,0.8872887358277556,0.9198345350481876,0.9646177124124454,glafic_v2_compact_halo,4.3462,-50.770242381358415,-22.438180376673966,0.8061942734145169,-0.13447637803761792,-0.02845816706640303,0.13745458712933384,-84.02561932317279,1.9783610083479175e-06,0.018666896138345317,0.05635113945614925,0.331260313714817,41.95173048445617,0.7484203971448333,0.11506299844720481,0.8634833955920383,2.0816681711721685e-16,True,baryon_only_GR_axis_repaired
PLCKG287,6,6.1f,baryon_only_GR_axis_repaired,4.3462,-41.16931422283772,-21.95823861308876,0.06774890748183404,0.009117451167595103,-0.014699825964448188,0.017297768618482166,-29.09553392792331,0.00043538935627918107,0.8687930762660271,0.9149533238996838,0.9495488611366482,glafic_v2_compact_halo,4.3462,-41.16931422283772,-21.95823861308876,0.8449996655374927,0.1280763278256214,-0.3386843510127746,0.3620920261069558,-34.64273396524535,9.823915917417381e-05,-0.10708552203581884,-0.20709169164444854,0.5170923605694631,5.547200037322036,0.7772507580556587,0.34479425748847364,1.1220450155441324,5.551115123125783e-17,False,baryon_only_GR_axis_repaired
PLCKG287,7,7.1a,baryon_only_GR_axis_repaired,3.3423999999999996,-26.173015351805162,35.06346778236164,0.09422389771462836,0.0009630747152433727,-0.0027480791075840116,0.002911949808750288,-35.34339734125495,0.0008713681385996708,0.8204226273020243,0.9028641524766214,0.908688052094122,glafic_v2_compact_halo,3.3423999999999996,-26.173015351805162,35.06346778236164,0.9176303193582527,0.19010383738411463,0.19081652729381338,0.26935184439063437,22.55359922974321,-2.4202341242229863e-07,-0.0657656517875545,-0.18698216374888707,0.3517215250323817,57.896996570998155,0.8234064216436243,0.26643989458188405,1.0898463162255085,1.6653345369377348e-16,False,baryon_only_GR_axis_repaired
PLCKG287,7,7.1b,baryon_only_GR_axis_repaired,3.3423999999999996,6.264023276474791,-18.338097034418702,0.06715043327764536,0.0034017511060413508,0.025302767944851423,0.02553041277101595,41.1714807039706,0.0011292137954088677,0.869557787281622,0.9073191539513387,0.9583799794933706,glafic_v2_compact_halo,3.3423999999999996,6.264023276474791,-18.338097034418702,1.0354796760568876,0.21933399229767114,0.44335739552380793,0.49464449895140766,31.83893462584493,-1.469312674307055e-05,-0.24341437271389949,-0.5301241750082952,0.4591648228945201,9.332546078125672,0.9683292427792423,0.4691140861803917,1.4374433289596338,-1.6653345369377348e-16,False,baryon_only_GR_axis_repaired
PLCKG287,8,8.1a,baryon_only_GR_axis_repaired,1.1691,20.04304316829747,10.295834141390026,0.053350299891518294,-0.012359892894797664,0.004278907344745786,0.013079602457100492,80.45225454356273,-0.00016371382053348427,0.8959746055172576,0.9335700976513812,0.9597293025655822,glafic_v2_compact_halo,1.1691,20.04304316829747,10.295834141390026,0.630572513632093,-0.34597111549032333,-0.1223305451935719,0.3669615443625874,-80.26355912644264,0.0001671940807579375,0.00181592059699558,0.002465942005319636,0.7363890307304943,19.28418632999465,0.5772222137405747,0.3538819419054869,0.9311041556460615,-5.551115123125783e-17,True,baryon_only_GR_axis_repaired
PLCKG287,8,8.1b,baryon_only_GR_axis_repaired,1.1691,0.78541274095876,-14.262847079348049,0.05390571098063113,0.0019932255481393546,0.016445264196730466,0.016565616879127092,41.544626463608665,-0.00019064560067387493,0.8948200203982243,0.9295286721402418,0.9626599058984959,glafic_v2_compact_halo,1.1691,0.78541274095876,-14.262847079348049,0.8394236850992212,0.22851139333573411,0.38289284061205353,0.4458972799605376,29.58557151177259,-4.267965986182176e-06,-0.17303963135087638,-0.2853209650597587,0.6064735948613165,11.959054951836075,0.78551797411859,0.42933166308141046,1.2148496372000004,-1.1102230246251565e-16,False,baryon_only_GR_axis_repaired
PLCKG287,8,8.1c,baryon_only_GR_axis_repaired,1.1691,-21.63695082971713,-23.37145183518563,0.05041238757533728,0.01007359743633307,0.0007476201556166906,0.01010130195600451,2.1222355278929124,-0.00022017644322191998,0.9016146458468313,0.9394863104686583,0.9596889143806673,glafic_v2_compact_halo,1.1691,-21.63695082971713,-23.37145183518563,0.6011316163212479,0.11053723857605835,0.0062211865523464915,0.11071216859107917,1.6106431233431482,1.6848731954066665e-05,0.14683880350824044,0.28815621508767286,0.5095805522698313,0.5115924045497643,0.5507192287459106,0.10061086663507467,0.6513300953809854,1.249000902703301e-16,True,baryon_only_GR_axis_repaired
AS295,1,1.1,AQUAL_simple_mu_axis_repaired,0.93,-64.84365071685365,33.67271039187706,0.07768698305868815,-0.030121272556271617,0.021601931402415175,0.03706662246177621,72.17661106612294,-0.0007505121438988738,0.849287929987139,0.8852463944795357,0.959379639403088,glafic_v2_compact_halo,0.93,-64.84365071685365,33.67271039187706,0.42838019124520255,-0.09445328016706167,0.04158006920136348,0.10320040837665141,78.1200119810053,2.2493160556358305e-05,0.31609888197770586,0.4684194003781461,0.6748202171314488,5.943400914882364,0.3506932081865144,0.0661337859148752,0.41682699410138957,-2.7755575615628914e-17,True,AQUAL_simple_mu_axis_repaired
AS295,1,1.2,AQUAL_simple_mu_axis_repaired,0.93,-61.85215226109253,42.2039318039953,0.08733000026672677,-0.029470075847859434,0.036458566081187804,0.046879765476961655,64.47459770121094,0.0006123902151378147,0.8307691910237336,0.8657902342563115,0.9595497652102349,glafic_v2_compact_halo,0.93,-61.85215226109253,42.2039318039953,0.8605022702657497,-0.1672462708377065,0.7245151916905668,0.74356813951348,51.4992026133989,0.00018217714832235998,-0.5334339283100149,-0.6040704097792298,0.8830658692477305,12.975395087812041,0.7731722699990229,0.6966883740365184,1.4698606440355413,0.0,False,AQUAL_simple_mu_axis_repaired
AS295,1,1.3,AQUAL_simple_mu_axis_repaired,0.93,-55.78261639041808,47.15623164640192,0.08522988112178354,-0.008166739129045197,0.05181056311989174,0.052450262904986125,49.47882704333127,-4.1532167394109365e-05,0.834053342038585,0.8623198559732302,0.9672203817832026,glafic_v2_compact_halo,0.93,-55.78261639041808,47.15623164640192,0.434958930548234,0.07194096311504694,0.14712923994935068,0.16377580841502248,31.971506057064293,-3.5606663173481934e-05,0.29244889601303575,0.4012652610367436,0.7288168778667885,17.50732098626698,0.34972904942645044,0.11132554551003636,0.46105459493648665,-1.5265566588595902e-16,True,AQUAL_simple_mu_axis_repaired
AS295,2,2.1,AQUAL_simple_mu_axis_repaired,0.93,-65.03352264635711,34.71263105688347,0.07865071738690688,-0.03016439652796521,0.022945478645097772,0.03789968084494852,71.37022348780312,-0.0005770367809132537,0.847448447734959,0.8834496017681446,0.9592489634580417,glafic_v2_compact_halo,0.93,-65.03352264635711,34.71263105688347,0.4471091603223778,-0.13592606350665282,0.04495929142658284,0.14316854621736935,80.84885178630371,3.408073312449744e-05,0.2851910491349275,0.40972229346025285,0.6960593858949915,9.478628298500594,0.3684584429354709,0.10526886537242083,0.4737273083078917,-2.7755575615628914e-17,True,AQUAL_simple_mu_axis_repaired
AS295,2,2.2,AQUAL_simple_mu_axis_repaired,0.93,-62.700022354409676,41.88359166178677,0.08636644375652391,-0.02871189761590731,0.035861519712687695,0.04593932586368494,64.3409490959725,0.0005589351017132316,0.832616165841739,0.8676942303797911,0.9595728821071611,glafic_v2_compact_halo,0.93,-62.700022354409676,41.88359166178677,0.836490175665582,-0.2962534069667955,0.6679894721189239,0.7307366256053903,56.95864585763139,0.00014220308197643305,-0.5072405331255636,-0.5672268012709722,0.8942464499398083,7.3823032383411125,0.7501237319090581,0.6847972997417053,1.4349210316507635,0.0,False,AQUAL_simple_mu_axis_repaired
AS295,2,2.3,AQUAL_simple_mu_axis_repaired,0.93,-55.7829361706934,48.046231588959,0.08571713103184742,-0.007680078099969734,0.050990912873372096,0.051566043044638,49.282656922991855,-0.0008608324840952974,0.8332548487259203,0.8627168259235145,0.9658489120127906,glafic_v2_compact_halo,0.93,-55.7829361706934,48.046231588959,0.41611401526053715,0.07648740949914856,0.14795014732267298,0.16655200360455313,31.33094847691444,-4.474831420964165e-05,0.3131832752728928,0.4173339811349097,0.750437988344016,17.95170844607741,0.33039688422868974,0.11498596055991514,0.4453828447886048,-8.326672684688674e-17,True,AQUAL_simple_mu_axis_repaired
AS295,3,3.1,AQUAL_simple_mu_axis_repaired,0.93,-64.03162846201425,33.303047420949945,0.0799953837199876,-0.02645055891563608,0.022194624966775933,0.034528733605004525,70.00001859928231,0.001389868679302353,0.8452181922671131,0.8854758826750079,0.9545333498850169,glafic_v2_compact_halo,0.93,-64.03162846201425,33.303047420949945,0.4352608252924153,-0.06315206657521166,0.0354553099203736,0.07242418459513168,75.34447282233121,5.0416840102762706e-05,0.313685075476992,0.49231499011245305,0.6371633593027164,5.344454223048893,0.3552654415724277,0.03789545099012716,0.3931608925625548,-1.3877787807814457e-17,True,AQUAL_simple_mu_axis_repaired
AS295,3,3.2,AQUAL_simple_mu_axis_repaired,0.93,-61.4910242200855,41.50407520647098,0.08747231615349094,-0.03006108774270544,0.03586374537607462,0.04679612407747621,64.98491456764056,-0.00021395893585740566,0.830516942336026,0.8657315597690328,0.9593238079239853,glafic_v2_compact_halo,0.93,-61.4910242200855,41.50407520647098,0.9665414572080246,-0.2552416468254437,0.8053795508684347,0.8448576917038787,53.79224949053364,0.00044486468857574124,-0.7126648472408526,-0.8113991489119033,0.878316234495854,11.19266507710692,0.8790691410545337,0.7980615676264025,1.6771307086809362,0.0,False,AQUAL_simple_mu_axis_repaired
AS295,3,3.3,AQUAL_simple_mu_axis_repaired,0.93,-54.82629247174342,47.04657230479713,0.09236120922690905,0.0016082253018856463,0.05562164633596822,0.055644891317578764,44.17191539941626,0.0034168454626559708,0.8207234954192093,0.8519938994555122,0.9632836820906697,glafic_v2_compact_halo,0.93,-54.82629247174342,47.04657230479713,0.426146466769727,0.05849768857670856,0.1357167586807595,0.1477870703262944,33.34130856459954,2.277799779903944e-05,0.3074668599640761,0.4260664629039786,0.7216406035565675,10.83060683481672,0.33378525754281796,0.09214217900871563,0.4259274365515336,0.0,True,AQUAL_simple_mu_axis_repaired
AS295,4,4.1,AQUAL_simple_mu_axis_repaired,0.93,-65.11583007633868,37.38259678938245,0.08085099463725953,-0.030223130793682884,0.027128483334593056,0.04061271036273442,69.0443196842594,-0.0006956179349870695,0.8431859857006192,0.8785362950000061,0.9597617157254749,glafic_v2_compact_halo,0.93,-65.11583007633868,37.38259678938245,0.5144486508729997,-0.25916280136990544,0.11096173635385398,0.28191818768671034,78.41079543007574,-2.538271148821991e-06,0.15628224809693364,0.20363316144028987,0.7674695368137107,9.366475745816329,0.4335976562357402,0.24130547732397592,0.6749031335597162,8.326672684688674e-17,True,AQUAL_simple_mu_axis_repaired
AS295,4,4.2,AQUAL_simple_mu_axis_repaired,0.93,-64.32320943867687,40.34292748201223,0.08204519425694023,-0.02975051834384068,0.03292725921351103,0.04437677028627644,66.04926070511453,-0.0013389726276846758,0.8406735204934354,0.8735780354567833,0.9623315760293362,glafic_v2_compact_halo,0.93,-64.32320943867687,40.34292748201223,0.6632664815918945,-0.3775933550336008,0.36566873163623725,0.5256332971397316,67.95957677210875,0.0001576541519554553,-0.16290087578765183,-0.18889977873162614,0.8623668155478371,1.9103160669942099,0.5812212873349543,0.48125652685345516,1.0624778141884095,5.551115123125783e-17,False,AQUAL_simple_mu_axis_repaired
AS295,4,4.3,AQUAL_simple_mu_axis_repaired,0.93,-55.70225115818356,49.46626064980832,0.07814733523050421,0.0006110250098778636,0.0461169528308325,0.0461210005308203,44.62045296024562,0.001547816867741858,0.8476875845897125,0.8757316642386753,0.9679736653003161,glafic_v2_compact_halo,0.93,-55.70225115818356,49.46626064980832,0.3906671844727585,0.07788684274336877,0.14507224781012962,0.16465818338975416,30.884699547515314,-1.1751276285387746e-05,0.3441741628592339,0.44467463213748737,0.7739909989169956,13.735753412730313,0.3125198492422543,0.11853718285893386,0.43105703210118795,-1.942890293094024e-16,True,AQUAL_simple_mu_axis_repaired
AS295,5,5.1,AQUAL_simple_mu_axis_repaired,1.52,32.12328115597563,-40.76707211189801,0.07035989915472518,0.024097472873918502,0.04087590034150823,0.047450262671961584,29.739737665682892,0.0012932780064089933,0.8619808622399765,0.8821898381733132,0.9770903635172364,glafic_v2_compact_halo,1.52,32.12328115597563,-40.76707211189801,0.472530974018325,0.19944765537748266,0.25118857847368226,0.3207414366607538,25.774937926154312,9.309931852108377e-05,0.17534851284633574,0.20672758932092128,0.8482104626424287,3.9647997395285786,0.4021710748635998,0.2732911739887922,0.6754622488523919,-1.1102230246251565e-16,True,AQUAL_simple_mu_axis_repaired
AS295,5,5.2,AQUAL_simple_mu_axis_repaired,1.52,34.53984284696097,-40.07759120823062,0.07151607315196618,0.022850420175912767,0.05675346641282886,0.0611808601777374,34.03450157523267,0.005162946161707538,0.8583659607761258,0.8673030666702966,0.9896647870257712,glafic_v2_compact_halo,1.52,34.53984284696097,-40.07759120823062,0.5219488832322141,0.22929895039721648,0.3132807878912347,0.3882304221915356,26.899281003036773,-1.539663376792788e-05,0.07781000976496566,0.08982069457625035,0.8662815389593215,7.135220572195898,0.45043281008024794,0.3270495620137982,0.7774823720940462,1.1102230246251565e-16,True,AQUAL_simple_mu_axis_repaired
AS295,5,5.3,AQUAL_simple_mu_axis_repaired,1.52,53.88621705817686,-22.783102767501454,0.10237939057275902,-0.0435297565702264,0.007709253528798143,0.044207152102736215,84.97843995921662,0.0028591577498904286,0.8037766609545358,0.8534134573245048,0.9418277615299772,glafic_v2_compact_halo,1.52,53.88621705817686,-22.783102767501454,0.4254794000797748,-0.1793460551234194,0.06771625246911883,0.19170419488575108,79.65740534813789,0.00012704360728976738,0.2933234375359796,0.3828164050344741,0.7662247948059763,5.321034611078729,0.3231000095070158,0.14749704278301487,0.4705970522900307,2.7755575615628914e-17,True,AQUAL_simple_mu_axis_repaired
AS295,6,6.1,AQUAL_simple_mu_axis_repaired,2.17,30.424285314210312,-14.686729173036284,0.10738373939805834,-0.014416382802850958,0.040229003274394604,0.04273411748906942,54.85777200543438,0.0037771909059292064,0.7949518510645637,0.8498821431128722,0.9353503780910111,glafic_v2_compact_halo,2.17,30.424285314210312,-14.686729173036284,0.5612498671298696,0.12349484885000872,0.3699919526283457,0.3900577171422488,35.77108488262212,-9.639460529786703e-05,0.04035666568325452,0.048692415727881716,0.8288078500123792,19.086687122812258,0.45386612773181123,0.3473235996531794,0.8011897273849905,-1.1102230246251565e-16,True,AQUAL_simple_mu_axis_repaired
AS295,6,6.2,AQUAL_simple_mu_axis_repaired,2.17,28.449098293840493,-16.06635453993563,0.10736393833424751,-0.010485430835005527,0.04678314977628606,0.04794379378799825,51.31642000957764,-0.0007236736258242615,0.7945010549268757,0.8446922678777542,0.9405798554537508,glafic_v2_compact_halo,2.17,28.449098293840493,-16.06635453993563,0.6066285471969071,0.11665767671145133,0.4568594975897067,0.4715184132922411,37.83789246676907,1.898740337735738e-05,-0.06758851383269524,-0.07814696048914815,0.8648898660953341,13.478527542808573,0.49926460886265955,0.42357461950424286,0.9228392283669024,-5.551115123125783e-17,False,AQUAL_simple_mu_axis_repaired
AS295,6,6.3,AQUAL_simple_mu_axis_repaired,2.17,19.44834819604182,-23.26496560157937,0.10593876189136009,-0.017051447593935398,0.048986652731752844,0.05186949017399413,54.59608301964627,-0.0002893096783807003,0.796655137177534,0.8421917479346457,0.945930728282634,glafic_v2_compact_halo,2.17,19.44834819604182,-23.26496560157937,0.49247030862441443,-0.012291327099045457,0.36631968456717345,0.3665258354103421,45.96087800845142,-1.6067821073662003e-06,0.12324519960712971,0.1410038559652435,0.8740555267859277,8.635205011194852,0.38653154673305434,0.314656345236348,0.7011878919694021,-2.220446049250313e-16,True,AQUAL_simple_mu_axis_repaired
PLCKG287,1,1.1a,AQUAL_simple_mu_axis_repaired,3.76825,-23.58821682660365,-3.3663659430264046,0.2010242801615052,0.016138179242734807,-0.017882009776784558,0.02408748851432326,-23.967169403907928,-0.0028664625734281524,0.6377902103961981,0.7748882313241714,0.8230632083528181,glafic_v2_compact_halo,3.76825,-23.58821682660365,-3.3663659430264046,1.0850479192037041,-0.01075771983929108,-0.027993275592783085,0.029989198297956918,-55.510798318069895,-9.285104038414538e-06,0.006333796632538743,-0.11503711750166094,-0.05505872090574711,31.543628914161964,0.8840236390421989,0.005901709783633656,0.8899253488258323,-2.983724378680108e-16,True,AQUAL_simple_mu_axis_repaired
PLCKG287,1,1.1b,AQUAL_simple_mu_axis_repaired,3.76825,-28.784168725162935,-6.095517920541333,0.18808162905321524,-0.0021221805247773062,-0.030374886895695452,0.030448931083143713,-46.99827447981015,-0.000737624851415708,0.6582848477671962,0.781469439863641,0.8423673020299285,glafic_v2_compact_halo,3.76825,-28.784168725162935,-6.095517920541333,0.9961843528555883,-0.021696631355772045,-0.04870238521792469,0.05331665910485578,-57.00634803726087,-2.5213967846937635e-05,-0.0028281063392285683,-0.049501011960444034,0.05713230624926752,10.00807355745072,0.808102723802373,0.022867728021712067,0.830970451824085,-6.938893903907228e-17,False,AQUAL_simple_mu_axis_repaired
PLCKG287,2,2.1a,AQUAL_simple_mu_axis_repaired,1.7212,39.34178790884508,-53.364448458419176,0.0677964625133578,-0.0016660122296174862,0.04394809170853442,0.04397965849766215,46.08548266627495,0.0004885874127058543,0.8670694636586984,0.88822387898898,0.9761831959843044,glafic_v2_compact_halo,1.7212,39.34178790884508,-53.364448458419176,0.5914326710128472,-0.1808849927639189,0.23635902348911886,0.2976322707502209,63.71337165875804,-0.00010376350688678926,0.07834230449062884,0.1109350582369318,0.7061995997373738,17.627888992483093,0.5236362084994894,0.25365261225255875,0.7772888207520482,0.0,True,AQUAL_simple_mu_axis_repaired
PLCKG287,2,2.1b,AQUAL_simple_mu_axis_repaired,1.7212,37.452033121705796,-55.423460741395914,0.06427628633229787,-0.0022532325118174157,0.0429968307541273,0.043055830170272855,46.4999096978683,-0.00033462595498967573,0.8737251757829542,0.8926678834974293,0.9787795438379749,glafic_v2_compact_halo,1.7212,37.452033121705796,-55.423460741395914,0.5998496213889029,-0.11716571470594683,0.3392047699085632,0.35887000519864654,54.52778724807441,-4.238183575200338e-05,0.03133264666754776,0.041280373412450555,0.7590203838097438,8.027877550206112,0.535573335056605,0.31581417502837367,0.8513875100849788,1.6653345369377348e-16,True,AQUAL_simple_mu_axis_repaired
PLCKG287,2,2.1c,AQUAL_simple_mu_axis_repaired,1.7212,21.369751886960117,-64.55543703426116,0.056397866827960996,0.035075948620244546,0.012920527145032779,0.03737997048307508,10.110854239980497,-0.0009413874406227762,0.8889886097438203,0.9062221626889638,0.9809821036551141,glafic_v2_compact_halo,1.7212,21.369751886960117,-64.55543703426116,0.6016988185051577,0.27765041344163244,0.18764929505441508,0.33511492061489645,17.026344905782135,-2.490716521919012e-07,0.046341821161520975,0.06318626087994583,0.7334161021097387,6.915490665801641,0.5453009516771967,0.2977349501318214,0.843035901809018,-1.1102230246251565e-16,True,AQUAL_simple_mu_axis_repaired
PLCKG287,2,2.2a,AQUAL_simple_mu_axis_repaired,1.7212,39.1194592349723,-53.64162589432384,0.06763608628665896,-0.0018399900281851345,0.043822474768884234,0.043861085921045276,46.202143160063436,0.0006311614490606132,0.8673790711014598,0.8885028277922957,0.9762249996343864,glafic_v2_compact_halo,1.7212,39.1194592349723,-53.64162589432384,0.5920012483126338,-0.17668818915835827,0.24979016418952282,0.3059637924884063,62.63677191167613,3.896730959018768e-05,0.07284914058301176,0.10203495919895993,0.7139625441757724,16.434628751612696,0.5243651620259748,0.26210270656736107,0.7864678685933358,-5.551115123125783e-17,True,AQUAL_simple_mu_axis_repaired
PLCKG287,2,2.2b,AQUAL_simple_mu_axis_repaired,1.7212,37.66800114142992,-55.2182817270032,0.06425758756924882,-0.0021545684343537985,0.04298316593229767,0.04303713185961338,46.43479940609119,-0.000432460937482837,0.8737618547254827,0.8927052805711378,0.9787795442903645,glafic_v2_compact_halo,1.7212,37.66800114142992,-55.2182817270032,0.5985840414407742,-0.12757152052185194,0.32930649856290906,0.3531533135113141,55.588046439849265,3.572927957939953e-05,0.03641751021858301,0.04826264504791172,0.7545692720705399,9.153247033758076,0.5343264538715253,0.31011618165170074,0.8444426355232262,1.1102230246251565e-16,True,AQUAL_simple_mu_axis_repaired
PLCKG287,2,2.3a,AQUAL_simple_mu_axis_repaired,1.7212,38.74785622785807,-54.07718846571855,0.06700511296169243,-0.001734427794342075,0.04372956866944833,0.043763951098932816,46.13565414440395,0.0007507142942397849,0.868564739395786,0.8892309359393749,0.9767588381372404,glafic_v2_compact_halo,1.7212,38.74785622785807,-54.07718846571855,0.5929799963368945,-0.167615426218215,0.27171270766220834,0.3192533893499685,60.83490149903066,-0.00015963380267658422,0.06374258225342282,0.08776661431313702,0.726273393013074,14.699247354626703,0.525974883375202,0.27548943825103567,0.8014643216262378,1.1102230246251565e-16,True,AQUAL_simple_mu_axis_repaired
PLCKG287,2,2.3b,AQUAL_simple_mu_axis_repaired,1.7212,37.91255607336069,-54.95910563593848,0.06424164361551377,-0.002037614649275099,0.04296040002849111,0.043008694982141916,46.35775379959744,-0.000550538304278092,0.8737942567917527,0.8927496614023442,0.9787670513666281,glafic_v2_compact_halo,1.7212,37.91255607336069,-54.95910563593848,0.5972107668917639,-0.1389006714839658,0.3171016179067898,0.3461890128496286,56.82747972264359,1.6606976771527115e-05,0.04239233396591234,0.0566002202586075,0.7489782459578647,10.469725923046152,0.5329691232762501,0.30318031786748667,0.8361494411437367,-1.1102230246251565e-16,True,AQUAL_simple_mu_axis_repaired
PLCKG287,2,2.4a,AQUAL_simple_mu_axis_repaired,1.7212,39.948419859113045,-52.69851067616447,0.06817956054723151,-0.0012458018073813193,0.044293605877898656,0.04431112212311818,45.805538081281995,0.0001023326565707805,0.8663258663101132,0.8875093173296503,0.9761315615758867,glafic_v2_compact_halo,1.7212,39.948419859113045,-52.69851067616447,0.5898452552057889,-0.18603966104747682,0.20421705545879965,0.27625235061972325,66.16660105658232,-1.421297400883148e-05,0.09191155365629054,0.13390239417448785,0.6864070954139343,20.361062975300324,0.5216656946585574,0.2319412284966051,0.7536069231551625,5.551115123125783e-17,True,AQUAL_simple_mu_axis_repaired
PLCKG287,2,2.4b,AQUAL_simple_mu_axis_repaired,1.7212,36.83270866094625,-56.07140123098304,0.06431830279105455,-0.0025477736508516813,0.04305219889844114,0.043127519990916595,46.69337024574486,-3.7885780446167416e-05,0.8736402569465782,0.8925541772180289,0.978809217199862,glafic_v2_compact_halo,1.7212,36.83270866094625,-56.07140123098304,0.602036070605493,-0.0787831549178275,0.36444526530419186,0.37286342928939703,51.09904622974774,-3.2225914226025054e-05,0.019348153236176502,0.02510050010510992,0.7708273586839041,4.405675984002886,0.5377177678144385,0.32973590929848046,0.867453677112919,5.551115123125783e-17,True,AQUAL_simple_mu_axis_repaired
PLCKG287,36,36.1a,AQUAL_simple_mu_axis_repaired,5.39085,27.34590894368343,-25.049413550275393,0.15559350195359833,-0.01555157048547251,0.08518993437431899,0.08659778440159653,50.172762936032946,0.001359361298192141,0.7055250055428613,0.7578087136448052,0.9310042824479982,glafic_v2_compact_halo,5.39085,27.34590894368343,-25.049413550275393,0.8395364032732213,-0.09701752883731762,0.336690273357404,0.3503894134747555,53.03718596634097,-0.00010672787629784075,-0.09702416380984934,-0.18992581674797682,0.5108530102015342,2.8644230303080294,0.683942901319623,0.26379162907315895,0.947734530392782,5.551115123125783e-17,False,AQUAL_simple_mu_axis_repaired
PLCKG287,36,36.1b,AQUAL_simple_mu_axis_repaired,5.39085,34.28301271614315,-15.84476651418606,0.11637757158168749,-0.02029635256476925,0.036031091639604496,0.04135434066908808,59.69630390057987,-0.00011396757615966813,0.7790784275003092,0.8422680877492245,0.9249767690874006,glafic_v2_compact_halo,5.39085,34.28301271614315,-15.84476651418606,0.6886718504939984,-0.22425761543539147,-0.041858811217759806,0.22813074794365618,-84.71356052127561,1.1707390462634137e-05,0.04488157865456231,0.08319740156234547,0.5394588974496578,35.59013557814452,0.5722942789123109,0.1867764072745681,0.759070686186879,2.7755575615628914e-17,True,AQUAL_simple_mu_axis_repaired
PLCKG287,37,37.1b,AQUAL_simple_mu_axis_repaired,5.1838999999999995,-32.050652022302074,11.281425115074619,0.25670384850004413,-0.037824942131531314,-0.0007770868772294381,0.03783292364156456,-89.41153200201632,-0.00186051979036983,0.5510613002572673,0.7054632278583913,0.7811290751415204,glafic_v2_compact_halo,5.1838999999999995,-32.050652022302074,11.281425115074619,1.478983779140757,-0.4711557933827104,0.101235061893995,0.4819090364319519,83.93674659050525,-0.0009940830216492724,-0.0028098705137569275,-0.9608928155727088,0.002925257291194896,6.651721407478429,1.2222799306407128,0.44407611279038733,1.6663560434311,-1.6653345369377348e-16,False,AQUAL_simple_mu_axis_repaired
PLCKG287,37,37.1c,AQUAL_simple_mu_axis_repaired,5.1838999999999995,-28.2517203759092,9.481721400629931,0.235787544234072,-0.023850912662654045,0.02773735914258224,0.03658178682139709,65.34585590365246,0.0017895568985071275,0.5826856529346373,0.727630668944531,0.8007942425873251,glafic_v2_compact_halo,5.1838999999999995,-28.2517203759092,9.481721400629931,1.3768327444420017,-0.34118485296519285,0.29734912454462137,0.4525744201347807,69.4636133653675,-0.00018918398687617355,-0.06282065268606118,-0.8294071645767824,0.07574167569277906,4.117757461715026,1.1410452002079297,0.41599263331338365,1.5570378335213135,2.220446049250313e-16,False,AQUAL_simple_mu_axis_repaired
PLCKG287,39,39.1b,AQUAL_simple_mu_axis_repaired,2.9305000000000003,-13.476646279442818,32.20211883004811,0.24247414367380338,0.05759687362397181,-0.005120633146277198,0.057824049798284906,-2.5402535189532065,-0.009438811324696816,0.5705908934268862,0.6997018065279118,0.8153499061244815,glafic_v2_compact_halo,2.9305000000000003,-13.476646279442818,32.20211883004811,1.1490669387810395,0.5496801814285912,0.1757755596935806,0.5771008137587058,8.866563083210167,-8.601635462790469e-05,-0.310824389604597,-0.7261677525397454,0.4280338749776663,11.406816602163374,0.9065927951072361,0.5192767639604209,1.425869559067657,1.1102230246251565e-16,False,AQUAL_simple_mu_axis_repaired
PLCKG287,39,39.1c,AQUAL_simple_mu_axis_repaired,2.9305000000000003,-2.8036907034775416,9.630343551775034,0.22356237111637223,-0.08827015761773971,-0.01009974739493158,0.088846078266303,-86.73634151471421,0.012555762287924654,0.5951194130897589,0.6875915506173248,0.8652837071499307,glafic_v2_compact_halo,2.9305000000000003,-2.8036907034775416,9.630343551775034,1.3693885051181067,-0.2389591068766017,-0.033181625731959485,0.2412518912785535,-86.0472583350736,6.499821645356008e-05,0.0782453968926787,-0.6106403963966602,-0.12813661383955324,0.6890831796406116,1.1458261340017346,0.1524058130122505,1.298231947013985,-1.942890293094024e-16,True,AQUAL_simple_mu_axis_repaired
PLCKG287,39,39.1d,AQUAL_simple_mu_axis_repaired,2.9305000000000003,17.75215349498159,-7.477253891415238,0.14325884866125316,-0.007708668075045999,0.045899576639774065,0.046542396792620455,49.766824134385345,0.0008413846206423159,0.7318399136261197,0.8101987545461263,0.9032835481313672,glafic_v2_compact_halo,2.9305000000000003,17.75215349498159,-7.477253891415238,0.771295438033264,-0.09962996697183146,0.27698354954169835,0.2943569551336042,54.89173609614682,-5.59761751284249e-05,-0.0343402372377979,-0.06565239316686816,0.5230615171003403,5.124911961761478,0.6280365893720108,0.24781455834098376,0.8758511477129944,-1.1102230246251565e-16,False,AQUAL_simple_mu_axis_repaired
PLCKG287,39,39.1e,AQUAL_simple_mu_axis_repaired,2.9305000000000003,-62.10800410606636,-45.17383604785711,0.04950121697213561,0.007168162081194751,-0.058975948708983594,0.0594099745307717,-41.535021940132836,-0.000124957476010934,0.8999184070780751,0.8910888084970927,1.009908757558636,glafic_v2_compact_halo,2.9305000000000003,-62.10800410606636,-45.17383604785711,0.5968281928074184,-0.05658444024576603,-0.1538581934556138,0.16393334795383077,-55.09600606032931,4.387159182606126e-05,0.135673365468297,0.2392384592387508,0.5671051551464124,13.560984120196471,0.5473269758352828,0.10452337342305906,0.6518503492583418,0.0,True,AQUAL_simple_mu_axis_repaired
PLCKG287,40,40.1a,AQUAL_simple_mu_axis_repaired,4.3337,-45.548770384480655,30.07207051358415,0.16591940114206638,-0.016522851768663305,0.030341975767134155,0.03454909729678297,59.28534467016662,0.0005308982155560749,0.6944970871201018,0.7995315015611505,0.8686296961547166,glafic_v2_compact_halo,4.3337,-45.548770384480655,30.07207051358415,0.7875297476293999,-0.0560843388345833,0.4048069032370427,0.40867356407146865,48.94394109505343,1.091894133997684e-05,-0.12187047370922702,-0.19620331170086855,0.6211438164420688,10.34140357511319,0.6216103464873335,0.3741244667746857,0.9957348132620191,-1.1102230246251565e-16,False,AQUAL_simple_mu_axis_repaired
PLCKG287,40,40.1b,AQUAL_simple_mu_axis_repaired,4.3337,-61.073776102302396,1.8639293356919744,0.13128650012560383,-0.040919759573554426,-0.023623252232576886,0.04724917744894029,-75.00093568568828,0.0006694599489182051,0.7524311082710442,0.8214643224254559,0.9159626773233365,glafic_v2_compact_halo,4.3337,-61.073776102302396,1.8639293356919744,0.7282964213217361,-0.30975878774549337,-0.02348259330093444,0.3106476118911824,-87.8323700075278,-1.0499134579788905e-05,-0.022679103996887374,-0.038944033212918595,0.5823511905694463,12.831434321839525,0.5970099211961323,0.2633984344422421,0.8604083556383745,1.1102230246251565e-16,False,AQUAL_simple_mu_axis_repaired
PLCKG287,40,40.1c,AQUAL_simple_mu_axis_repaired,4.3337,-58.758306628230066,-19.271312032505417,0.10190965785004025,-0.015320094818482843,-0.04498815219677321,0.04752514222311529,-54.402783873336006,0.00044137283062295474,0.8043078183296801,0.8505651999268444,0.9456154843730751,glafic_v2_compact_halo,4.3337,-58.758306628230066,-19.271312032505417,0.6648993202478906,-0.13234052437498534,-0.004757189153747898,0.13242599911078876,-88.97064956712553,1.2122029269256984e-06,0.09475582033130461,0.2026746806413207,0.4675266788628982,34.56786569378953,0.5629896623978503,0.08490085688767346,0.6478905192855238,0.0,True,AQUAL_simple_mu_axis_repaired
PLCKG287,40,40.1d,AQUAL_simple_mu_axis_repaired,4.3337,-54.17604162953262,-36.881842841669865,0.07662572252424749,0.014103672137699697,-0.0568361164468012,0.05855986424610351,-38.031880754143344,-0.000419616493640973,0.8491909746813476,0.864814413229649,0.981934141721856,glafic_v2_compact_halo,4.3337,-54.17604162953262,-36.881842841669865,0.7063539245517827,0.040197332724734025,-0.16188098075977653,0.16679711475301398,-38.02735226925809,2.5404940395823417e-05,0.05840674078162102,0.12684896069520335,0.46044319020123126,0.004528484885252725,0.6297282020275352,0.10823725050691047,0.7379654525344457,0.0,True,AQUAL_simple_mu_axis_repaired
PLCKG287,40,40.1e,AQUAL_simple_mu_axis_repaired,4.3337,-4.038929401249382,-20.8940673818301,0.1500877940005021,0.01650360377769,0.04630125897855941,0.04915460833584794,35.190958879437105,0.002731158191787708,0.7199420416113509,0.80075759766365,0.8990668143353459,glafic_v2_compact_halo,4.3337,-4.038929401249382,-20.8940673818301,1.0206253558035163,0.26652582693087457,0.3994617601589423,0.48021423786729484,28.144145983425908,3.56115237132304e-05,-0.2301803076802646,-0.5008395936708112,0.45958888206377846,7.046812896011198,0.8705375618030142,0.4310596295314469,1.3015971913344613,1.6653345369377348e-16,False,AQUAL_simple_mu_axis_repaired
PLCKG287,41,41.1a,AQUAL_simple_mu_axis_repaired,4.5173,-17.933339158436866,35.80193779222323,0.23742851975910773,0.02172663933311947,0.022842341412021572,0.03152490155249989,23.21699723897719,0.020244361859689253,0.5809312772459968,0.7310465786883925,0.7940963817933921,glafic_v2_compact_halo,4.5173,-17.933339158436866,35.80193779222323,1.1558576653186927,0.15395017552959356,0.3253766672672409,0.3599592090050336,32.339543139355705,0.00028668109322005364,-0.10527893812288663,-0.5158168743237264,0.20410154368634087,9.122545900378514,0.918429145559585,0.3284343074525337,1.2468634530121188,5.551115123125783e-17,False,AQUAL_simple_mu_axis_repaired
PLCKG287,41,41.1b,AQUAL_simple_mu_axis_repaired,4.5173,-9.051353714267218,9.525847756419552,0.22803986193404757,-0.06292113395092169,0.014054663677454116,0.06447171991467406,83.70428273690945,0.000990223547181479,0.5917668326367216,0.7074884181512783,0.8364318579806265,glafic_v2_compact_halo,4.5173,-9.051353714267218,9.525847756419552,1.738845552503864,0.024808643370344274,0.1970727686646634,0.19862815745767984,41.41251148871564,-0.0003315449732865794,0.5064397154417766,-0.9374737099615438,-0.5402173950461842,42.29177124819382,1.5108056905698164,0.13415643754300577,1.6449621281128222,0.0,True,AQUAL_simple_mu_axis_repaired
PLCKG287,41,41.1c,AQUAL_simple_mu_axis_repaired,4.5173,15.871529433917964,-16.55637211098035,0.1463760998297139,-0.010082741121331118,0.05787579395405418,0.05874750372851527,49.941256111647654,0.0005589448346277059,0.7252228061669268,0.7948763964417709,0.9123714038988013,glafic_v2_compact_halo,4.5173,15.871529433917964,-16.55637211098035,0.8924485165523235,-0.004910328547169662,0.30969501909983155,0.30973394418708156,45.45418478225582,8.828409929773073e-05,-0.08436778679580816,-0.2021824607394051,0.41728542763475807,4.487071329391833,0.7460724167226096,0.2509864404585663,0.997058857181176,1.6653345369377348e-16,False,AQUAL_simple_mu_axis_repaired
PLCKG287,49,49.1a,AQUAL_simple_mu_axis_repaired,4.5206,40.244960173708336,-41.19654137590296,0.10120085939277956,-0.0062105299944548165,0.05766603337697962,0.057999500758600935,48.07348067814501,-0.00019829548307814804,0.8044759923891297,0.8407996398486195,0.9567986413658214,glafic_v2_compact_halo,4.5206,40.244960173708336,-41.19654137590296,0.7260843656939011,-0.12159869593812989,0.12193930701903666,0.17220754179227069,67.45993322514394,2.700709779146493e-05,0.04537433799655918,0.10170809251382822,0.44612317609836954,19.38645254699893,0.6248835063011215,0.11420804103366974,0.7390915473347913,2.7755575615628914e-17,True,AQUAL_simple_mu_axis_repaired
PLCKG287,49,49.1b,AQUAL_simple_mu_axis_repaired,4.5206,40.505387853505354,-41.09936857806768,0.10209665991691619,-0.007046611799776947,0.05800065541603505,0.05842714066721383,48.463513271723656,-0.0004628279447915773,0.8028168915755182,0.8394761994158699,0.9563304807502977,glafic_v2_compact_halo,4.5206,40.505387853505354,-41.09936857806768,0.7299415351230234,-0.11131870660441301,0.12015100505146092,0.16379291332336565,66.40739908948187,2.412266567608512e-05,0.04610345657865663,0.10626555155361095,0.43385137820034225,17.94388581775821,0.6278448752061072,0.10536577265615182,0.733210647862259,-5.551115123125783e-17,True,AQUAL_simple_mu_axis_repaired
PLCKG287,49,49.2a,AQUAL_simple_mu_axis_repaired,4.5206,38.74581974804767,-42.71198820448047,0.09750153808645212,-0.004083276279298609,0.055652203061939964,0.05580179970951191,47.098174156069184,0.0007048936008002826,0.8113901297804876,0.8466966622040358,0.9583002616230598,glafic_v2_compact_halo,4.5206,38.74581974804767,-42.71198820448047,0.7124328670498827,-0.13962066968683517,0.13626714016183872,0.19509655274167848,67.84820970505328,-4.872158076985045e-06,0.044632191085201806,0.09247058020843879,0.48266368569179574,20.750035548984098,0.6149313289634306,0.13929475303216657,0.754226081995597,-1.3877787807814457e-16,True,AQUAL_simple_mu_axis_repaired
PLCKG287,49,49.2b,AQUAL_simple_mu_axis_repaired,4.5206,43.36063405195983,-39.49047831706979,0.10199285082594844,-0.008122633389695544,0.05944191359685824,0.05999431860801286,48.890587397942994,-4.089995866429774e-05,0.8028175233752741,0.8380128305660386,0.9580014677820644,glafic_v2_compact_halo,4.5206,43.36063405195983,-39.49047831706979,0.7717872865620414,-0.02121804184325171,0.3141331749259457,0.31484894296903204,46.932079432480556,4.0305904214221755e-05,-0.04704881268943508,-0.0866362295310735,0.5430616564069906,1.9585079654624358,0.669794435736093,0.2548546243610192,0.9246490600971121,-5.551115123125783e-17,False,AQUAL_simple_mu_axis_repaired
PLCKG287,5,5.1a,AQUAL_simple_mu_axis_repaired,1.40825,-4.4301309674458915,27.522328335938838,0.14031684138146228,0.008030691080809782,0.007970343067628671,0.011314520221869516,22.391954793952962,-0.0003664721087009992,0.7389272491463013,0.8483686383966682,0.8709976788404072,glafic_v2_compact_halo,1.40825,-4.4301309674458915,27.522328335938838,0.7306944558674746,0.21177326929778806,0.04789464692076528,0.21712165896735922,6.371814705092063,-1.916317331485118e-05,0.025383661675004554,0.052183885165166186,0.48642720309988463,16.020140088860902,0.5903776144860123,0.2058071387454897,0.7961847532315021,2.7755575615628914e-17,True,AQUAL_simple_mu_axis_repaired
PLCKG287,5,5.1b,AQUAL_simple_mu_axis_repaired,1.40825,0.9538464099003676,27.61235254188827,0.13143041801932498,0.0032336338811022047,6.756885979064542e-05,0.003234339751452453,0.5985289811904289,-0.00039138781153247315,0.7544028109728758,0.8653352422292224,0.8718039217321275,glafic_v2_compact_halo,1.40825,0.9538464099003676,27.61235254188827,0.6784093965660811,0.10043285040132188,-0.016526946346595572,0.10178358116748276,-4.67234194905224,0.00010227588720379543,0.09306062928207164,0.21980702226643611,0.42337418460140164,5.270870930242667,0.5469789785467561,0.0985492414160303,0.6455282199627863,-1.3877787807814457e-16,True,AQUAL_simple_mu_axis_repaired
PLCKG287,5,5.1d,AQUAL_simple_mu_axis_repaired,1.40825,-52.71145122880808,-17.402040163462456,0.097575816779504,-0.010379898665668907,-0.03510979965146155,0.03661202436188587,-53.234921632532334,-0.00036649750225214994,0.8130291004537231,0.8658121588586102,0.9390362075823818,glafic_v2_compact_halo,1.40825,-52.71145122880808,-17.402040163462456,0.5845856084209169,-0.05014420885769422,-0.011294650484733326,0.05140049427326887,-83.6531725716824,7.964209708388736e-06,0.1699271059829121,0.36401389730581424,0.466814885852352,30.418250939150063,0.4870097916414129,0.014788469911383002,0.5017982615527959,4.85722573273506e-17,True,AQUAL_simple_mu_axis_repaired
PLCKG287,5,5.2a,AQUAL_simple_mu_axis_repaired,1.40825,-7.4889909995384345,27.453881183137685,0.14567543525680815,0.012901239504214956,0.010988411827911326,0.01694659774836525,20.21106668713835,-0.00017762503674023655,0.729583306299053,0.8373779669948266,0.8712711624915571,glafic_v2_compact_halo,1.40825,-7.4889909995384345,27.453881183137685,0.7819545264712615,0.26878410261163,0.09077660586925829,0.2836992879615349,9.330698633611801,2.9610238205801664e-05,-0.0329414565867439,-0.06565381443279641,0.5017447614902734,10.880368053526547,0.6362790912144534,0.2667526902131696,0.903031781427623,0.0,False,AQUAL_simple_mu_axis_repaired
PLCKG287,5,5.2b,AQUAL_simple_mu_axis_repaired,1.40825,3.0947381272318104,28.350341332008725,0.12623955215747185,0.00012044435593605574,-0.00440636262808991,0.004408008445216986,-44.21712805856664,-0.000671014458325514,0.7634383399359255,0.8693524393973112,0.8781684562877451,glafic_v2_compact_halo,1.40825,3.0947381272318104,28.350341332008725,0.6886846826322559,0.21566765111924457,-0.03869635831744711,0.219111715538728,-5.086054140005889,0.000490726388779894,0.04890752375384342,0.0922036018290161,0.5304270329064721,39.131073918560745,0.5624451304747841,0.214703707093511,0.7771488375682951,5.551115123125783e-17,True,AQUAL_simple_mu_axis_repaired
PLCKG287,5,5.2d,AQUAL_simple_mu_axis_repaired,1.40825,-52.66427786245404,-13.974833701945919,0.10136666933869742,-0.014848503899866916,-0.031780661590852244,0.0350783197889613,-57.52141896101932,0.0001979051051592684,0.80631141362264,0.8635550108723414,0.9337116504502638,glafic_v2_compact_halo,1.40825,-52.66427786245404,-13.974833701945919,0.5756932243799298,-0.05592724759979073,-0.0330494869918041,0.06496249390617426,-74.70979127210875,-2.7223128568065746e-05,0.17581611496368962,0.359344281713896,0.4892692695262445,17.188372311089434,0.47432655504123233,0.029884174117212954,0.5042107291584454,1.5959455978986625e-16,True,AQUAL_simple_mu_axis_repaired
PLCKG287,6,6.1a,AQUAL_simple_mu_axis_repaired,4.3462,-52.29057242053078,17.402817317116646,0.1560106575815059,-0.03380864131088401,0.006587397503643455,0.03444441947774735,84.48721192648205,0.00039045893464040304,0.7111317445410227,0.8095449229407468,0.8784337618962414,glafic_v2_compact_halo,4.3462,-52.29057242053078,17.402817317116646,0.7508914310536787,-0.21328314614005306,0.27574756873182116,0.34860639995403075,63.86048183450308,-2.968559297267248e-05,-0.05947134208519113,-0.0994978310077095,0.597714968900352,20.626730091978967,0.5948807734721728,0.3141619804762834,0.9090427539484562,0.0,False,AQUAL_simple_mu_axis_repaired
PLCKG287,6,6.1b,AQUAL_simple_mu_axis_repaired,4.3462,-56.17020882783846,4.96067296073765,0.14454139979555214,-0.03766455248469802,-0.01567049873811288,0.04079439967169231,-78.70501884966355,0.0010852443338482676,0.7301464113744438,0.8146642005327556,0.8962529998761402,glafic_v2_compact_halo,4.3462,-56.17020882783846,4.96067296073765,0.7871585930700633,-0.34130275735043125,0.007920563825186688,0.34139465067032937,89.33529186840194,-1.9075765794740462e-05,-0.07124884263851645,-0.12855324374039265,0.5542360576002661,11.959689281934537,0.6426171932745112,0.3006002509986371,0.9432174442731482,0.0,False,AQUAL_simple_mu_axis_repaired
PLCKG287,6,6.1c,AQUAL_simple_mu_axis_repaired,4.3462,-8.688470277173813,-25.71454392639019,0.14176337635971503,0.019221074083874967,0.027258938366714336,0.03335415131311455,27.405608920219404,-0.0013744639008161919,0.7354594918986727,0.8248824723271703,0.8915907749533996,glafic_v2_compact_halo,4.3462,-8.688470277173813,-25.71454392639019,0.9116115614882672,0.26679767721429215,0.27714139688025385,0.3846925453289679,23.04471179471015,-0.00023345229943627643,-0.14017578386916152,-0.296304106817235,0.47308098384070074,4.3608971255092515,0.7698481851285521,0.3513383940158534,1.1211865791444053,-1.6653345369377348e-16,False,AQUAL_simple_mu_axis_repaired
PLCKG287,6,6.1e,AQUAL_simple_mu_axis_repaired,4.3462,-50.770242381358415,-22.438180376673966,0.11776184229385,-0.00011037150987602828,-0.05182922483593089,0.051829342355114515,-45.0610062388083,-0.0005689043576673214,0.775658209835946,0.8304088153510355,0.9340675000612645,glafic_v2_compact_halo,4.3462,-50.770242381358415,-22.438180376673966,0.8061942734145169,-0.13447637803761792,-0.02845816706640303,0.13745458712933384,-84.02561932317279,1.9783610083479175e-06,0.018666896138345317,0.05635113945614925,0.331260313714817,38.9646130843645,0.6884324311206669,0.08562524477421932,0.7740576758948863,8.326672684688674e-17,True,AQUAL_simple_mu_axis_repaired
PLCKG287,6,6.1f,AQUAL_simple_mu_axis_repaired,4.3462,-41.16931422283772,-21.95823861308876,0.1369666628561741,0.014990393121216972,-0.04051851522769434,0.04320256893039495,-34.84866957524284,0.0007978238455552678,0.7429607155823117,0.8198307682134309,0.9062359060742209,glafic_v2_compact_halo,4.3462,-41.16931422283772,-21.95823861308876,0.8449996655374927,0.1280763278256214,-0.3386843510127746,0.3620920261069558,-34.64273396524535,9.823915917417381e-05,-0.10708552203581884,-0.20709169164444854,0.5170923605694631,0.20593560999748942,0.7080330026813186,0.3188894571765608,1.0269224598578794,0.0,False,AQUAL_simple_mu_axis_repaired
PLCKG287,7,7.1a,AQUAL_simple_mu_axis_repaired,3.3423999999999996,-26.173015351805162,35.06346778236164,0.18745367806498514,0.009434937528340903,0.00980282628719742,0.013605640351731493,23.047774276655733,0.0019685285538528774,0.6600502869454075,0.7989406815832834,0.8261519622867464,glafic_v2_compact_halo,3.3423999999999996,-26.173015351805162,35.06346778236164,0.9176303193582527,0.19010383738411463,0.19081652729381338,0.26935184439063437,22.55359922974321,-2.4202341242229863e-07,-0.0657656517875545,-0.18698216374888707,0.3517215250323817,0.49417504691252223,0.7301766412932675,0.25574620403890286,0.9859228453321704,5.551115123125783e-17,False,AQUAL_simple_mu_axis_repaired
PLCKG287,7,7.1b,AQUAL_simple_mu_axis_repaired,3.3423999999999996,6.264023276474791,-18.338097034418702,0.14932678559438695,0.013208579104621865,0.05737402877237785,0.05887483112108853,38.51766524635553,0.0028850409681313582,0.7201869954290293,0.7917983832845247,0.9095480455267015,glafic_v2_compact_halo,3.3423999999999996,6.264023276474791,-18.338097034418702,1.0354796760568876,0.21933399229767114,0.44335739552380793,0.49464449895140766,31.83893462584493,-1.469312674307055e-05,-0.24341437271389949,-0.5301241750082952,0.4591648228945201,6.6787306205105965,0.8861528904625007,0.4357696678303191,1.3219225582928198,0.0,False,AQUAL_simple_mu_axis_repaired
PLCKG287,8,8.1a,AQUAL_simple_mu_axis_repaired,1.1691,20.04304316829747,10.295834141390026,0.11554011689007182,-0.031665020819932055,0.004311955317964911,0.03195726055516737,86.12274816807158,-0.00036902337520738904,0.7812481545068884,0.8525026225547608,0.9164171436650955,glafic_v2_compact_halo,1.1691,20.04304316829747,10.295834141390026,0.630572513632093,-0.34597111549032333,-0.1223305451935719,0.3669615443625874,-80.26355912644264,0.0001671940807579375,0.00181592059699558,0.002465942005319636,0.7363890307304943,13.613692705485775,0.5150323967420212,0.33500428380742,0.8500366805494411,0.0,True,AQUAL_simple_mu_axis_repaired
PLCKG287,8,8.1b,AQUAL_simple_mu_axis_repaired,1.1691,0.78541274095876,-14.262847079348049,0.12174551681648338,0.008688455110516413,0.037729488686456814,0.03871696745290018,38.51592161035867,-0.0004047562063527743,0.7698320974907835,0.8395375157306163,0.9169714506364168,glafic_v2_compact_halo,1.1691,0.78541274095876,-14.262847079348049,0.8394236850992212,0.22851139333573411,0.38289284061205353,0.4458972799605376,29.58557151177259,-4.267965986182176e-06,-0.17303963135087638,-0.2853209650597587,0.6064735948613165,8.930350098586077,0.7176781682827378,0.4071803125076374,1.124858480790375,-2.220446049250313e-16,False,AQUAL_simple_mu_axis_repaired
PLCKG287,8,8.1c,AQUAL_simple_mu_axis_repaired,1.1691,-21.63695082971713,-23.37145183518563,0.10522011960694044,0.02548763063843218,-0.006974515424740257,0.02642466993116634,-7.651975032553854,-0.0006324173413063683,0.7999331711269404,0.8683552104618932,0.9212045503242259,glafic_v2_compact_halo,1.1691,-21.63695082971713,-23.37145183518563,0.6011316163212479,0.11053723857605835,0.0062211865523464915,0.11071216859107917,1.6106431233431482,1.6848731954066665e-05,0.14683880350824044,0.28815621508767286,0.5095805522698313,9.262618155897,0.49591149671430745,0.08428749865991284,0.5801989953742204,8.326672684688674e-17,True,AQUAL_simple_mu_axis_repaired
AS295,1,1.1,QUMOND_simple_nu_axis_repaired,0.93,-64.84365071685365,33.67271039187706,0.07894307119519128,-0.03073017234386244,0.021246271035280095,0.03735970456505337,72.67036864453637,-0.0007491388097191631,0.8469506797831147,0.8836972242397554,0.958416633369862,glafic_v2_compact_halo,0.93,-64.84365071685365,33.67271039187706,0.42838019124520255,-0.09445328016706167,0.04158006920136348,0.10320040837665141,78.1200119810053,2.2493160556358305e-05,0.31609888197770586,0.4684194003781461,0.6748202171314488,5.449643336468938,0.34943712005001126,0.06584070381159804,0.4152778238616093,-2.7755575615628914e-17,True,QUMOND_simple_nu_axis_repaired
AS295,1,1.2,QUMOND_simple_nu_axis_repaired,0.93,-61.85215226109253,42.2039318039953,0.08863135515779685,-0.030224321315119873,0.03655523845744746,0.04743200457118015,64.79218082963874,0.0005572722443059064,0.8283433222962276,0.863936640271023,0.9588006494133833,glafic_v2_compact_halo,0.93,-61.85215226109253,42.2039318039953,0.8605022702657497,-0.1672462708377065,0.7245151916905668,0.74356813951348,51.4992026133989,0.00018217714832235998,-0.5334339283100149,-0.6040704097792298,0.8830658692477305,13.292978216239838,0.7718709151079528,0.6961361349422999,1.468007050050253,2.220446049250313e-16,False,QUMOND_simple_nu_axis_repaired
AS295,1,1.3,QUMOND_simple_nu_axis_repaired,0.93,-55.78261639041808,47.15623164640192,0.08646937120180187,-0.008499334450839946,0.05218193552454231,0.05286958559696422,49.62551694851491,-8.78650199709341e-05,0.8317430243914983,0.8606610432012339,0.9664002143951623,glafic_v2_compact_halo,0.93,-55.78261639041808,47.15623164640192,0.434958930548234,0.07194096311504694,0.14712923994935068,0.16377580841502248,31.971506057064293,-3.5606663173481934e-05,0.29244889601303575,0.4012652610367436,0.7288168778667885,17.65401089145061,0.3484895593464321,0.11090622281805826,0.45939578216449034,-2.7755575615628914e-17,True,QUMOND_simple_nu_axis_repaired
AS295,2,2.1,QUMOND_simple_nu_axis_repaired,0.93,-65.03352264635711,34.71263105688347,0.0799628111384445,-0.030840095595530137,0.02261333694830725,0.03824231300901026,71.8747322031143,-0.0005580113128011988,0.8450062657606197,0.8817948758525452,0.9582795018705658,glafic_v2_compact_halo,0.93,-65.03352264635711,34.71263105688347,0.4471091603223778,-0.13592606350665282,0.04495929142658284,0.14316854621736935,80.84885178630371,3.408073312449744e-05,0.2851910491349275,0.40972229346025285,0.6960593858949915,8.974119583189399,0.3671463491839333,0.10492623320835909,0.4720725823922924,0.0,True,QUMOND_simple_nu_axis_repaired
AS295,2,2.2,QUMOND_simple_nu_axis_repaired,0.93,-62.700022354409676,41.88359166178677,0.08764664253282284,-0.02946010943727373,0.035933042776448154,0.04646591881401031,64.67349942417228,0.0005186936765655403,0.8302298363135306,0.8658874386531668,0.9588192762811875,glafic_v2_compact_halo,0.93,-62.700022354409676,41.88359166178677,0.836490175665582,-0.2962534069667955,0.6679894721189239,0.7307366256053903,56.95864585763139,0.00014220308197643305,-0.5072405331255636,-0.5672268012709722,0.8942464499398083,7.714853566540884,0.7488435331327592,0.68427070679138,1.433114239924139,-2.220446049250313e-16,False,QUMOND_simple_nu_axis_repaired
AS295,2,2.3,QUMOND_simple_nu_axis_repaired,0.93,-55.7829361706934,48.046231588959,0.08697018233980636,-0.007999109203682409,0.051366441469657964,0.05198554661930789,49.425684872085185,-0.0009029993987885732,0.8309217662872125,0.8610442710408858,0.9650153642795015,glafic_v2_compact_halo,0.93,-55.7829361706934,48.046231588959,0.41611401526053715,0.07648740949914856,0.14795014732267298,0.16655200360455313,31.33094847691444,-4.474831420964165e-05,0.3131832752728928,0.4173339811349097,0.750437988344016,18.094736395170745,0.3291438329207308,0.11456645698524524,0.44371028990597605,1.3877787807814457e-17,True,QUMOND_simple_nu_axis_repaired
AS295,3,3.1,QUMOND_simple_nu_axis_repaired,0.93,-64.03162846201425,33.303047420949945,0.08112077128540252,-0.02694151991297078,0.02184368464329678,0.03468417584456636,70.48275100996744,0.0013916120834234214,0.8431379814933075,0.8841950528700312,0.9535634045591639,glafic_v2_compact_halo,0.93,-64.03162846201425,33.303047420949945,0.4352608252924153,-0.06315206657521166,0.0354553099203736,0.07242418459513168,75.34447282233121,5.0416840102762706e-05,0.313685075476992,0.49231499011245305,0.6371633593027164,4.8617218123637675,0.35414005400701276,0.037740008750565324,0.39188006275757814,5.551115123125783e-17,True,QUMOND_simple_nu_axis_repaired
AS295,3,3.2,QUMOND_simple_nu_axis_repaired,0.93,-61.4910242200855,41.50407520647098,0.088762942174613,-0.030837642845638058,0.03595772012587872,0.04737001005832863,65.30833384845972,-0.0002888224982289245,0.828109141119777,0.8638670477670584,0.9586070678837156,glafic_v2_compact_halo,0.93,-61.4910242200855,41.50407520647098,0.9665414572080246,-0.2552416468254437,0.8053795508684347,0.8448576917038787,53.79224949053364,0.00044486468857574124,-0.7126648472408526,-0.8113991489119033,0.878316234495854,11.516084357926083,0.8777785150334116,0.7974876816455501,1.6752661966789617,0.0,False,QUMOND_simple_nu_axis_repaired
AS295,3,3.3,QUMOND_simple_nu_axis_repaired,0.93,-54.82629247174342,47.04657230479713,0.09372489394578931,0.0013110238369806737,0.05565607671420558,0.055671515685480205,44.325300592712175,0.0030155274762577733,0.8182443436008122,0.8506035903687305,0.9619466217396909,glafic_v2_compact_halo,0.93,-54.82629247174342,47.04657230479713,0.426146466769727,0.05849768857670856,0.1357167586807595,0.1477870703262944,33.34130856459954,2.277799779903944e-05,0.3074668599640761,0.4260664629039786,0.7216406035565675,10.983992028112636,0.3324215728239377,0.0921155546408142,0.42453712746475186,-2.7755575615628914e-17,True,QUMOND_simple_nu_axis_repaired
AS295,4,4.1,QUMOND_simple_nu_axis_repaired,0.93,-65.11583007633868,37.38259678938245,0.08222254166083598,-0.030977899427697686,0.02696268015249803,0.04106843525091337,69.48209881446876,-0.0007252820600323062,0.8406293726956041,0.8767090230882506,0.9588458935900774,glafic_v2_compact_halo,0.93,-65.11583007633868,37.38259678938245,0.5144486508729997,-0.25916280136990544,0.11096173635385398,0.28191818768671034,78.41079543007574,-2.538271148821991e-06,0.15628224809693364,0.20363316144028987,0.7674695368137107,8.92869661560697,0.43222610921216376,0.24084975243579698,0.6730758616479607,0.0,True,QUMOND_simple_nu_axis_repaired
AS295,4,4.2,QUMOND_simple_nu_axis_repaired,0.93,-64.32320943867687,40.34292748201223,0.08334557124705011,-0.03042613653965187,0.03292753924928338,0.04483271825065525,66.36947828004651,-0.0013772492733155062,0.8382472659422151,0.8718217105022946,0.9614871470036052,glafic_v2_compact_halo,0.93,-64.32320943867687,40.34292748201223,0.6632664815918945,-0.3775933550336008,0.36566873163623725,0.5256332971397316,67.95957677210875,0.0001576541519554553,-0.16290087578765183,-0.18889977873162614,0.8623668155478371,1.5900984920622367,0.5799209103448444,0.48080057888907635,1.0607214892339207,0.0,False,QUMOND_simple_nu_axis_repaired
AS295,4,4.3,QUMOND_simple_nu_axis_repaired,0.93,-55.70225115818356,49.46626064980832,0.07908425729941015,0.0006255242760655477,0.04638178260902848,0.04638600045931017,44.61366590149887,0.001602189027627432,0.8459367111248481,0.8745297422412797,0.9673017431599,glafic_v2_compact_halo,0.93,-55.70225115818356,49.46626064980832,0.3906671844727585,0.07788684274336877,0.14507224781012962,0.16465818338975416,30.884699547515314,-1.1751276285387746e-05,0.3441741628592339,0.44467463213748737,0.7739909989169956,13.728966353983557,0.31158292717334835,0.11827218293044399,0.4298551101037923,-4.163336342344337e-17,True,QUMOND_simple_nu_axis_repaired
AS295,5,5.1,QUMOND_simple_nu_axis_repaired,1.52,32.12328115597563,-40.76707211189801,0.07080889020415393,0.02404437989712571,0.04087788676261361,0.04742503379876881,29.76797513605919,0.0012063796094530232,0.8611484400445838,0.8817660759970772,0.9766161435946149,glafic_v2_compact_halo,1.52,32.12328115597563,-40.76707211189801,0.472530974018325,0.19944765537748266,0.25118857847368226,0.3207414366607538,25.774937926154312,9.309931852108377e-05,0.17534851284633574,0.20672758932092128,0.8482104626424287,3.9930372099048745,0.40172208381417107,0.27331640286198494,0.675038486676156,-5.551115123125783e-17,True,QUMOND_simple_nu_axis_repaired
AS295,5,5.2,QUMOND_simple_nu_axis_repaired,1.52,34.53984284696097,-40.07759120823062,0.07180303482997497,0.022746647922222696,0.056716363886477605,0.06110774029696155,34.07313397261479,0.004895093365331338,0.857839412165699,0.8670892248730635,0.9893047054669866,glafic_v2_compact_halo,1.52,34.53984284696097,-40.07759120823062,0.5219488832322141,0.22929895039721648,0.3132807878912347,0.3882304221915356,26.899281003036773,-1.539663376792788e-05,0.07781000976496566,0.08982069457625035,0.8662815389593215,7.173852969578022,0.45014584840223915,0.32712268189457405,0.7772685302968132,0.0,True,QUMOND_simple_nu_axis_repaired
AS295,5,5.3,QUMOND_simple_nu_axis_repaired,1.52,53.88621705817686,-22.783102767501454,0.10455444438952544,-0.043216064863016435,0.00775747541033045,0.04390679545339565,84.91176560724645,0.0029170407757073136,0.7999034455024523,0.8515387601570789,0.9393523510638702,glafic_v2_compact_halo,1.52,53.88621705817686,-22.783102767501454,0.4254794000797748,-0.1793460551234194,0.06771625246911883,0.19170419488575108,79.65740534813789,0.00012704360728976738,0.2933234375359796,0.3828164050344741,0.7662247948059763,5.254360259108574,0.32092495569024937,0.14779739943235543,0.46872235512260474,-5.551115123125783e-17,True,QUMOND_simple_nu_axis_repaired
AS295,6,6.1,QUMOND_simple_nu_axis_repaired,2.17,30.424285314210312,-14.686729173036284,0.1072516811123072,-0.01412782667146173,0.0407733495564222,0.04315161086806679,54.555513379789254,0.003573190658279213,0.7951502670477729,0.8495967080196261,0.9358999297557595,glafic_v2_compact_halo,2.17,30.424285314210312,-14.686729173036284,0.5612498671298696,0.12349484885000872,0.3699919526283457,0.3900577171422488,35.77108488262212,-9.639460529786703e-05,0.04035666568325452,0.048692415727881716,0.8288078500123792,18.784428497167138,0.45399818601756237,0.346906106274182,0.8009042922917443,-5.551115123125783e-17,True,QUMOND_simple_nu_axis_repaired
AS295,6,6.2,QUMOND_simple_nu_axis_repaired,2.17,28.449098293840493,-16.06635453993563,0.10700340540731235,-0.010096351500676892,0.04702937207494706,0.04810091632587711,51.05822724404092,-0.000694010687651847,0.7951297014535824,0.8448956782668106,0.9410975109185648,glafic_v2_compact_halo,2.17,28.449098293840493,-16.06635453993563,0.6066285471969071,0.11665767671145133,0.4568594975897067,0.4715184132922411,37.83789246676907,1.898740337735738e-05,-0.06758851383269524,-0.07814696048914815,0.8648898660953341,13.220334777271855,0.4996251417895947,0.423417496966364,0.9230426387559587,0.0,False,QUMOND_simple_nu_axis_repaired
AS295,6,6.3,QUMOND_simple_nu_axis_repaired,2.17,19.44834819604182,-23.26496560157937,0.1051495362885948,-0.01734520938474482,0.04893637351964242,0.051919408142375806,54.758285961940175,-0.00029422455612437837,0.7980618140307517,0.8429310555690294,0.946769871853781,glafic_v2_compact_halo,2.17,19.44834819604182,-23.26496560157937,0.49247030862441443,-0.012291327099045457,0.36631968456717345,0.3665258354103421,45.96087800845142,-1.6067821073662003e-06,0.12324519960712971,0.1410038559652435,0.8740555267859277,8.797407953488756,0.38732077233581963,0.3146064272679663,0.7019271996037859,0.0,True,QUMOND_simple_nu_axis_repaired
PLCKG287,1,1.1a,QUMOND_simple_nu_axis_repaired,3.76825,-23.58821682660365,-3.3663659430264046,0.20080092243902392,0.019573866873913437,-0.016721567102900847,0.0257438744320761,-20.25330473859452,-0.003097343558028376,0.6380660120406572,0.7734552031289,0.8249429519930522,glafic_v2_compact_halo,3.76825,-23.58821682660365,-3.3663659430264046,1.0850479192037041,-0.01075771983929108,-0.027993275592783085,0.029989198297956918,-55.510798318069895,-9.285104038414538e-06,0.006333796632538743,-0.11503711750166094,-0.05505872090574711,35.25749357947538,0.8842469967646802,0.004245323865880817,0.8884923206305609,-9.367506770274758e-17,True,QUMOND_simple_nu_axis_repaired
PLCKG287,1,1.1b,QUMOND_simple_nu_axis_repaired,3.76825,-28.784168725162935,-6.095517920541333,0.18776058130552298,0.00018958024267656803,-0.0299989576558371,0.029999556681809827,-44.81896032334658,-0.0008778982019411186,0.6588336705852897,0.7822398620126672,0.8422389753762869,glafic_v2_compact_halo,3.76825,-28.784168725162935,-6.095517920541333,0.9961843528555883,-0.021696631355772045,-0.04870238521792469,0.05331665910485578,-57.00634803726087,-2.5213967846937635e-05,-0.0028281063392285683,-0.049501011960444034,0.05713230624926752,12.18738771391429,0.8084237715500653,0.02331710242304595,0.8317408739731111,-9.71445146547012e-17,False,QUMOND_simple_nu_axis_repaired
PLCKG287,2,2.1a,QUMOND_simple_nu_axis_repaired,1.7212,39.34178790884508,-53.364448458419176,0.06816214587099712,-0.0021049683576856992,0.04364417269007159,0.04369490475544774,46.38062437499221,0.00047584421032365043,0.8664127681138697,0.8881429493735552,0.9755327588844506,glafic_v2_compact_halo,1.7212,39.34178790884508,-53.364448458419176,0.5914326710128472,-0.1808849927639189,0.23635902348911886,0.2976322707502209,63.71337165875804,-0.00010376350688678926,0.07834230449062884,0.1109350582369318,0.7061995997373738,17.332747283765833,0.5232705251418501,0.2539373659947732,0.7772078911366234,5.551115123125783e-17,True,QUMOND_simple_nu_axis_repaired
PLCKG287,2,2.1b,QUMOND_simple_nu_axis_repaired,1.7212,37.452033121705796,-55.423460741395914,0.06472184232593126,-0.002836090921687351,0.04277652687068034,0.0428704404320053,46.896584209986436,-0.00032168543531163607,0.8729074610408853,0.8924077172420635,0.978148598106074,glafic_v2_compact_halo,1.7212,37.452033121705796,-55.423460741395914,0.5998496213889029,-0.11716571470594683,0.3392047699085632,0.35887000519864654,54.52778724807441,-4.238183575200338e-05,0.03133264666754776,0.041280373412450555,0.7590203838097438,7.6312030380879765,0.5351277790629716,0.31599956476664126,0.851127343829613,1.1102230246251565e-16,True,QUMOND_simple_nu_axis_repaired
PLCKG287,2,2.1c,QUMOND_simple_nu_axis_repaired,1.7212,21.369751886960117,-64.55543703426116,0.05668793257044191,0.03469174758058413,0.012294794879685877,0.03680596869162005,9.75719231620313,-0.0009439497840157962,0.8884838682680933,0.9065060987379381,0.9801180361211781,glafic_v2_compact_halo,1.7212,21.369751886960117,-64.55543703426116,0.6016988185051577,0.27765041344163244,0.18764929505441508,0.33511492061489645,17.026344905782135,-2.490716521919012e-07,0.046341821161520975,0.06318626087994583,0.7334161021097387,7.269152589579007,0.5450108859347158,0.2983089519232764,0.8433198378579922,5.551115123125783e-17,True,QUMOND_simple_nu_axis_repaired
PLCKG287,2,2.2a,QUMOND_simple_nu_axis_repaired,1.7212,39.1194592349723,-53.64162589432384,0.0680099647891721,-0.0022765436669347494,0.04352641687603853,0.04358591076407779,46.49699434732225,0.0006177788319350341,0.8667060757658313,0.8884041244467501,0.9755759459749057,glafic_v2_compact_halo,1.7212,39.1194592349723,-53.64162589432384,0.5920012483126338,-0.17668818915835827,0.24979016418952282,0.3059637924884063,62.63677191167613,3.896730959018768e-05,0.07284914058301176,0.10203495919895993,0.7139625441757724,16.13977756435388,0.5239912835234617,0.2623778817243285,0.7863691652477902,0.0,True,QUMOND_simple_nu_axis_repaired
PLCKG287,2,2.2b,QUMOND_simple_nu_axis_repaired,1.7212,37.66800114142992,-55.2182817270032,0.06470022906441741,-0.002737954318110525,0.042759916678791754,0.04284748380273074,46.831848306648865,-0.00041884282500070924,0.8729499300732401,0.8924522871328519,0.9781472547383133,glafic_v2_compact_halo,1.7212,37.66800114142992,-55.2182817270032,0.5985840414407742,-0.12757152052185194,0.32930649856290906,0.3531533135113141,55.588046439849265,3.572927957939953e-05,0.03641751021858301,0.04826264504791172,0.7545692720705399,8.756198133200396,0.5338838123763567,0.3103058297085834,0.8441896420849402,5.551115123125783e-17,True,QUMOND_simple_nu_axis_repaired
PLCKG287,2,2.3a,QUMOND_simple_nu_axis_repaired,1.7212,38.74785622785807,-54.07718846571855,0.06741227526014715,-0.002187611879089779,0.043447694483589316,0.043502733266690866,46.44121765278545,0.0007344963214972466,0.867827916018629,0.889084991473162,0.9760904580065437,glafic_v2_compact_halo,1.7212,38.74785622785807,-54.07718846571855,0.5929799963368945,-0.167615426218215,0.27171270766220834,0.3192533893499685,60.83490149903066,-0.00015963380267658422,0.06374258225342282,0.08776661431313702,0.726273393013074,14.393683846245207,0.5255677210767473,0.27575065608327765,0.801318377160025,0.0,True,QUMOND_simple_nu_axis_repaired
PLCKG287,2,2.3b,QUMOND_simple_nu_axis_repaired,1.7212,37.91255607336069,-54.95910563593848,0.06468075971834875,-0.002621822938908558,0.04273366721956329,0.04281401954448291,46.75542307500652,-0.000536301225739777,0.8729893285904947,0.8925052207371683,0.9781332598261342,glafic_v2_compact_halo,1.7212,37.91255607336069,-54.95910563593848,0.5972107668917639,-0.1389006714839658,0.3171016179067898,0.3461890128496286,56.82747972264359,1.6606976771527115e-05,0.04239233396591234,0.0566002202586075,0.7489782459578647,10.072056647637073,0.5325300071734151,0.3033749933051457,0.8359050004785609,0.0,True,QUMOND_simple_nu_axis_repaired
PLCKG287,2,2.4a,QUMOND_simple_nu_axis_repaired,1.7212,39.948419859113045,-52.69851067616447,0.06852461039701296,-0.0016895859700660765,0.04396941451365599,0.044001864885751675,46.10029370260318,9.251114474473354e-05,0.8657102458809244,0.8874735247172354,0.9754772544887387,glafic_v2_compact_halo,1.7212,39.948419859113045,-52.69851067616447,0.5898452552057889,-0.18603966104747682,0.20421705545879965,0.27625235061972325,66.16660105658232,-1.421297400883148e-05,0.09191155365629054,0.13390239417448785,0.6864070954139343,20.06630735397914,0.5213206448087759,0.23225048573397158,0.7535711305427475,-2.7755575615628914e-17,True,QUMOND_simple_nu_axis_repaired
PLCKG287,2,2.4b,QUMOND_simple_nu_axis_repaired,1.7212,36.83270866094625,-56.07140123098304,0.06477271613096658,-0.0031286199071667298,0.0428406704795492,0.04295475887094279,47.088425038456265,-2.6559248977875427e-05,0.8728049618887824,0.8922725249980906,0.9781820427399762,glafic_v2_compact_halo,1.7212,36.83270866094625,-56.07140123098304,0.602036070605493,-0.0787831549178275,0.36444526530419186,0.37286342928939703,51.09904622974774,-3.2225914226025054e-05,0.019348153236176502,0.02510050010510992,0.7708273586839041,4.010621191291476,0.5372633544745264,0.32990867041845423,0.8671720248929807,5.551115123125783e-17,True,QUMOND_simple_nu_axis_repaired
PLCKG287,36,36.1a,QUMOND_simple_nu_axis_repaired,5.39085,27.34590894368343,-25.049413550275393,0.15481951878321043,-0.014838209484768772,0.08363868551354292,0.08494470068902013,50.0300420060293,0.0013630940407849401,0.7071163016800608,0.7602357805277694,0.9301251819058097,glafic_v2_compact_halo,5.39085,27.34590894368343,-25.049413550275393,0.8395364032732213,-0.09701752883731762,0.336690273357404,0.3503894134747555,53.03718596634097,-0.00010672787629784075,-0.09702416380984934,-0.18992581674797682,0.5108530102015342,3.007143960311673,0.6847168844900109,0.26544471278573534,0.9501615972757462,0.0,False,QUMOND_simple_nu_axis_repaired
PLCKG287,36,36.1b,QUMOND_simple_nu_axis_repaired,5.39085,34.28301271614315,-15.84476651418606,0.11606243243802905,-0.02022806900373042,0.035688693212865275,0.0410226473897248,59.77211074288009,-6.648128931807662e-05,0.7796627701682741,0.8429149201722461,0.9249602149516958,glafic_v2_compact_halo,5.39085,34.28301271614315,-15.84476651418606,0.6886718504939984,-0.22425761543539147,-0.041858811217759806,0.22813074794365618,-84.71356052127561,1.1707390462634137e-05,0.04488157865456231,0.08319740156234547,0.5394588974496578,35.5143287358443,0.5726094180559693,0.18710810055393137,0.7597175186099007,-2.7755575615628914e-17,True,QUMOND_simple_nu_axis_repaired
PLCKG287,37,37.1b,QUMOND_simple_nu_axis_repaired,5.1838999999999995,-32.050652022302074,11.281425115074619,0.26093401189183263,-0.03821681637897756,-0.002514380356943846,0.038299440762547335,-88.1178958963203,-0.001754714160551174,0.5447547666373632,0.70076654734562,0.7773654288707147,glafic_v2_compact_halo,5.1838999999999995,-32.050652022302074,11.281425115074619,1.478983779140757,-0.4711557933827104,0.101235061893995,0.4819090364319519,83.93674659050525,-0.0009940830216492724,-0.0028098705137569275,-0.9608928155727088,0.002925257291194896,7.945357513174467,1.2180497672489243,0.44360959566940456,1.661659362918329,5.551115123125783e-17,False,QUMOND_simple_nu_axis_repaired
PLCKG287,37,37.1c,QUMOND_simple_nu_axis_repaired,5.1838999999999995,-28.2517203759092,9.481721400629931,0.23943897667428238,-0.023005657550906333,0.025833047793477615,0.03459200250996858,65.84335380149558,0.0020716611788818007,0.5772607553446533,0.725969020815749,0.7951530258356863,glafic_v2_compact_halo,5.1838999999999995,-28.2517203759092,9.481721400629931,1.3768327444420017,-0.34118485296519285,0.29734912454462137,0.4525744201347807,69.4636133653675,-0.00018918398687617355,-0.06282065268606118,-0.8294071645767824,0.07574167569277906,3.6202595638719113,1.1373937677677193,0.41798241762481214,1.5553761853925314,0.0,False,QUMOND_simple_nu_axis_repaired
PLCKG287,39,39.1b,QUMOND_simple_nu_axis_repaired,2.9305000000000003,-13.476646279442818,32.20211883004811,0.24681026249949634,0.05672148685725853,-0.008397704143625617,0.05733976374368854,-4.210776619883476,-0.009043972306965742,0.5640887256049848,0.6958499737568151,0.8105295012441922,glafic_v2_compact_halo,2.9305000000000003,-13.476646279442818,32.20211883004811,1.1490669387810395,0.5496801814285912,0.1757755596935806,0.5771008137587058,8.866563083210167,-8.601635462790469e-05,-0.310824389604597,-0.7261677525397454,0.4280338749776663,13.077339703093642,0.9022566762815432,0.5197610500150173,1.4220177262965605,1.1102230246251565e-16,False,QUMOND_simple_nu_axis_repaired
PLCKG287,39,39.1c,QUMOND_simple_nu_axis_repaired,2.9305000000000003,-2.8036907034775416,9.630343551775034,0.2176906209897902,-0.08753681567000293,-0.007963794090010134,0.0878983282773464,-87.40086994065942,0.012195292578681682,0.6044305735344676,0.6944110507328635,0.8702077072875561,glafic_v2_compact_halo,2.9305000000000003,-2.8036907034775416,9.630343551775034,1.3693885051181067,-0.2389591068766017,-0.033181625731959485,0.2412518912785535,-86.0472583350736,6.499821645356008e-05,0.0782453968926787,-0.6106403963966602,-0.12813661383955324,1.3536116055858258,1.1516978841283165,0.15335356300120712,1.3050514471295238,1.6653345369377348e-16,True,QUMOND_simple_nu_axis_repaired
PLCKG287,39,39.1d,QUMOND_simple_nu_axis_repaired,2.9305000000000003,17.75215349498159,-7.477253891415238,0.14127703082544207,-0.007435961649499001,0.04638510478286728,0.04697735062102158,49.5537764398297,0.0007531866990012626,0.7351988336068019,0.8117456185535362,0.9057003197955795,glafic_v2_compact_halo,2.9305000000000003,17.75215349498159,-7.477253891415238,0.771295438033264,-0.09962996697183146,0.27698354954169835,0.2943569551336042,54.89173609614682,-5.59761751284249e-05,-0.0343402372377979,-0.06565239316686816,0.5230615171003403,5.337959656317122,0.6300184072078219,0.24737960451258262,0.8773980117204043,-1.6653345369377348e-16,False,QUMOND_simple_nu_axis_repaired
PLCKG287,39,39.1e,QUMOND_simple_nu_axis_repaired,2.9305000000000003,-62.10800410606636,-45.17383604785711,0.0491150934047937,0.0075994459975969875,-0.059081050995013484,0.0595677947060807,-41.33521737597512,-0.00012572756338258273,0.9006337992318486,0.8913171118891257,1.010452701301287,glafic_v2_compact_halo,2.9305000000000003,-62.10800410606636,-45.17383604785711,0.5968281928074184,-0.05658444024576603,-0.1538581934556138,0.16393334795383077,-55.09600606032931,4.387159182606126e-05,0.135673365468297,0.2392384592387508,0.5671051551464124,13.760788684354191,0.5477130994026247,0.10436555324775007,0.6520786526503748,2.7755575615628914e-17,True,QUMOND_simple_nu_axis_repaired
PLCKG287,40,40.1a,QUMOND_simple_nu_axis_repaired,4.3337,-45.548770384480655,30.07207051358415,0.16769308151249795,-0.017013414924882397,0.030139243077043076,0.0346096844923975,59.722228599366595,0.0005230802988087646,0.691537249914497,0.7976972339951045,0.8669166029798996,glafic_v2_compact_halo,4.3337,-45.548770384480655,30.07207051358415,0.7875297476293999,-0.0560843388345833,0.4048069032370427,0.40867356407146865,48.94394109505343,1.091894133997684e-05,-0.12187047370922702,-0.19620331170086855,0.6211438164420688,10.778287504313157,0.6198366661169019,0.37406387957907117,0.9939005456959731,0.0,False,QUMOND_simple_nu_axis_repaired
PLCKG287,40,40.1b,QUMOND_simple_nu_axis_repaired,4.3337,-61.073776102302396,1.8639293356919744,0.13216258992477714,-0.040567581695782895,-0.024860401668658216,0.047579073717034924,-74.24971474706525,0.0006762313450425772,0.7508784593591314,0.8202583363581879,0.9154164837922578,glafic_v2_compact_halo,4.3337,-61.073776102302396,1.8639293356919744,0.7282964213217361,-0.30975878774549337,-0.02348259330093444,0.3106476118911824,-87.8323700075278,-1.0499134579788905e-05,-0.022679103996887374,-0.038944033212918595,0.5823511905694463,13.582655260462541,0.596133831396959,0.2630685381741475,0.8592023695711065,5.551115123125783e-17,False,QUMOND_simple_nu_axis_repaired
PLCKG287,40,40.1c,QUMOND_simple_nu_axis_repaired,4.3337,-58.758306628230066,-19.271312032505417,0.10158010733339795,-0.01421280211385545,-0.0456145899948468,0.04777755293362765,-53.65311398578962,0.0004180379171603299,0.8048757837304433,0.8506423397329744,0.9461974456002297,glafic_v2_compact_halo,4.3337,-58.758306628230066,-19.271312032505417,0.6648993202478906,-0.13234052437498534,-0.004757189153747898,0.13242599911078876,-88.97064956712553,1.2122029269256984e-06,0.09475582033130461,0.2026746806413207,0.4675266788628982,35.3175355813359,0.5633192129144926,0.08464844617716111,0.6479676590916538,5.551115123125783e-17,True,QUMOND_simple_nu_axis_repaired
PLCKG287,40,40.1d,QUMOND_simple_nu_axis_repaired,4.3337,-54.17604162953262,-36.881842841669865,0.07605606909674067,0.015029481799622157,-0.057088643108726966,0.059033875827026405,-37.625330192245194,-0.0004595653144590095,0.8501876001580844,0.864910055076233,0.9829778067302857,glafic_v2_compact_halo,4.3337,-54.17604162953262,-36.881842841669865,0.7063539245517827,0.040197332724734025,-0.16188098075977653,0.16679711475301398,-38.02735226925809,2.5404940395823417e-05,0.05840674078162102,0.12684896069520335,0.46044319020123126,0.4020220770128948,0.630297855455042,0.10776323892598758,0.7380610943810296,2.7755575615628914e-17,True,QUMOND_simple_nu_axis_repaired
PLCKG287,40,40.1e,QUMOND_simple_nu_axis_repaired,4.3337,-4.038929401249382,-20.8940673818301,0.14914487263735698,0.015245146121783959,0.04862894064292522,0.050962617165209334,36.29691033136061,0.0025577791144204554,0.7213638016449699,0.7998925101974337,0.9018177445278523,glafic_v2_compact_halo,4.3337,-4.038929401249382,-20.8940673818301,1.0206253558035163,0.26652582693087457,0.3994617601589423,0.48021423786729484,28.144145983425908,3.56115237132304e-05,-0.2301803076802646,-0.5008395936708112,0.45958888206377846,8.152764347934701,0.8714804831661593,0.4292516207020855,1.300732103868245,5.551115123125783e-17,False,QUMOND_simple_nu_axis_repaired
PLCKG287,41,41.1a,QUMOND_simple_nu_axis_repaired,4.5173,-17.933339158436866,35.80193779222323,0.23960386722134874,0.023030962345993444,0.021287971461803057,0.031362444986657356,21.37390588739763,0.020005101042330775,0.577618879856901,0.7290336877919938,0.7917585777653087,glafic_v2_compact_halo,4.5173,-17.933339158436866,35.80193779222323,1.1558576653186927,0.15395017552959356,0.3253766672672409,0.3599592090050336,32.339543139355705,0.00028668109322005364,-0.10527893812288663,-0.5158168743237264,0.20410154368634087,10.965637251958073,0.916253798097344,0.32859676401837623,1.2448505621157202,0.0,False,QUMOND_simple_nu_axis_repaired
PLCKG287,41,41.1b,QUMOND_simple_nu_axis_repaired,4.5173,-9.051353714267218,9.525847756419552,0.22048161280057066,-0.06265231140960559,0.015157532177761945,0.06445977743279978,83.19985189523936,0.0010805355547816031,0.6034950206323986,0.7150586097666296,0.8439781646322291,glafic_v2_compact_halo,4.5173,-9.051353714267218,9.525847756419552,1.738845552503864,0.024808643370344274,0.1970727686646634,0.19862815745767984,41.41251148871564,-0.0003315449732865794,0.5064397154417766,-0.9374737099615438,-0.5402173950461842,41.787340406523725,1.5183639397032933,0.13416838002488007,1.6525323197281734,0.0,True,QUMOND_simple_nu_axis_repaired
PLCKG287,41,41.1c,QUMOND_simple_nu_axis_repaired,4.5173,15.871529433917964,-16.55637211098035,0.14429669931730804,-0.010188394404614387,0.05753088919882576,0.05842607801788123,50.02131733156854,0.0005616797457641542,0.7288148476908388,0.7972772226648107,0.9141293787005732,glafic_v2_compact_halo,4.5173,15.871529433917964,-16.55637211098035,0.8924485165523235,-0.004910328547169662,0.30969501909983155,0.30973394418708156,45.45418478225582,8.828409929773073e-05,-0.08436778679580816,-0.2021824607394051,0.41728542763475807,4.567132549312719,0.7481518172350154,0.2513078661692003,0.9994596834042158,0.0,False,QUMOND_simple_nu_axis_repaired
PLCKG287,49,49.1a,QUMOND_simple_nu_axis_repaired,4.5206,40.244960173708336,-41.19654137590296,0.10114207280245058,-0.006477433569140878,0.05694971494809575,0.05731690133208523,48.244454512294496,-0.00019628018714801243,0.8046603846334749,0.8415410258654642,0.9561748285296346,glafic_v2_compact_halo,4.5206,40.244960173708336,-41.19654137590296,0.7260843656939011,-0.12159869593812989,0.12193930701903666,0.17220754179227069,67.45993322514394,2.700709779146493e-05,0.04537433799655918,0.10170809251382822,0.44612317609836954,19.21547871284944,0.6249422928914505,0.11489064046018546,0.739832933351636,2.7755575615628914e-17,True,QUMOND_simple_nu_axis_repaired
PLCKG287,49,49.1b,QUMOND_simple_nu_axis_repaired,4.5206,40.505387853505354,-41.09936857806768,0.10202479629746097,-0.007299178110442561,0.05728512405445141,0.057748276502609594,48.630703561635976,-0.00046103890862791985,0.80302481558247,0.8402269271999294,0.9557234802051486,glafic_v2_compact_halo,4.5206,40.505387853505354,-41.09936857806768,0.7299415351230234,-0.11131870660441301,0.12015100505146092,0.16379291332336565,66.40739908948187,2.412266567608512e-05,0.04610345657865663,0.10626555155361095,0.43385137820034225,17.77669552784589,0.6279167388255624,0.10604463682075606,0.7339613756463185,-1.3877787807814457e-17,True,QUMOND_simple_nu_axis_repaired
PLCKG287,49,49.2a,QUMOND_simple_nu_axis_repaired,4.5206,38.74581974804767,-42.71198820448047,0.09749262921800916,-0.004405206860558231,0.054945088712288204,0.05512139893984486,47.29193396400102,0.0007135733993690607,0.8114816948817327,0.8473859718421459,0.9576287697218357,glafic_v2_compact_halo,4.5206,38.74581974804767,-42.71198820448047,0.7124328670498827,-0.13962066968683517,0.13626714016183872,0.19509655274167848,67.84820970505328,-4.872158076985045e-06,0.044632191085201806,0.09247058020843879,0.48266368569179574,20.556275741052268,0.6149402378318736,0.13997515380183362,0.7549153916337071,-5.551115123125783e-17,True,QUMOND_simple_nu_axis_repaired
PLCKG287,49,49.2b,QUMOND_simple_nu_axis_repaired,4.5206,43.36063405195983,-39.49047831706979,0.10203926977094735,-0.008280502311230897,0.058758400333469574,0.059338995005599623,49.01077971175772,-4.2738664940422666e-05,0.8028123585318123,0.8386217352234531,0.9572997252346522,glafic_v2_compact_halo,4.5206,43.36063405195983,-39.49047831706979,0.7717872865620414,-0.02121804184325171,0.3141331749259457,0.31484894296903204,46.932079432480556,4.0305904214221755e-05,-0.04704881268943508,-0.0866362295310735,0.5430616564069906,2.078700279277163,0.6697480167910941,0.2555099479634324,0.9252579647545266,1.1102230246251565e-16,False,QUMOND_simple_nu_axis_repaired
PLCKG287,5,5.1a,QUMOND_simple_nu_axis_repaired,1.40825,-4.4301309674458915,27.522328335938838,0.13974932887985592,0.0064408698865037195,0.007716481232930561,0.01005131272586024,25.074292291542836,-0.00032834535322601166,0.7399302960858163,0.8501993583942838,0.8703019838460043,glafic_v2_compact_halo,1.40825,-4.4301309674458915,27.522328335938838,0.7306944558674746,0.21177326929778806,0.04789464692076528,0.21712165896735922,6.371814705092063,-1.916317331485118e-05,0.025383661675004554,0.052183885165166186,0.48642720309988463,18.702477586450772,0.5909451269876187,0.20707034624149898,0.7980154732291177,2.7755575615628914e-17,True,QUMOND_simple_nu_axis_repaired
PLCKG287,5,5.1b,QUMOND_simple_nu_axis_repaired,1.40825,0.9538464099003676,27.61235254188827,0.13067650779702134,0.001439912224642681,0.0001335997479992579,0.0014460968526834224,2.6504562493409516,-0.00039264461535598594,0.755721397069669,0.8678773953502952,0.870769589055662,glafic_v2_compact_halo,1.40825,0.9538464099003676,27.61235254188827,0.6784093965660811,0.10043285040132188,-0.016526946346595572,0.10178358116748276,-4.67234194905224,0.00010227588720379543,0.09306062928207164,0.21980702226643611,0.42337418460140164,7.322798198393191,0.5477328887690598,0.10033748431479934,0.6480703730838591,-6.938893903907228e-17,True,QUMOND_simple_nu_axis_repaired
PLCKG287,5,5.1d,QUMOND_simple_nu_axis_repaired,1.40825,-52.71145122880808,-17.402040163462456,0.09744174619778412,-0.009423446102813093,-0.03552428505301797,0.03675290689157388,-52.428279411125565,-0.0003576574055530468,0.8132607532603442,0.865805346910642,0.9393111606937897,glafic_v2_compact_halo,1.40825,-52.71145122880808,-17.402040163462456,0.5845856084209169,-0.05014420885769422,-0.011294650484733326,0.05140049427326887,-83.6531725716824,7.964209708388736e-06,0.1699271059829121,0.36401389730581424,0.466814885852352,31.22489316055684,0.4871438622231328,0.014647587381694992,0.5017914496048278,3.469446951953614e-17,True,QUMOND_simple_nu_axis_repaired
PLCKG287,5,5.2a,QUMOND_simple_nu_axis_repaired,1.40825,-7.4889909995384345,27.453881183137685,0.14524236035766602,0.011635698899903346,0.010525495037272403,0.01568998198433822,21.066032538291985,-6.542729101832734e-05,0.7303644512729957,0.8390676576579957,0.8704476216266722,glafic_v2_compact_halo,1.40825,-7.4889909995384345,27.453881183137685,0.7819545264712615,0.26878410261163,0.09077660586925829,0.2836992879615349,9.330698633611801,2.9610238205801664e-05,-0.0329414565867439,-0.06565381443279641,0.5017447614902734,11.735333904680182,0.6367121661135955,0.26800930597719663,0.9047214720907921,0.0,False,QUMOND_simple_nu_axis_repaired
PLCKG287,5,5.2b,QUMOND_simple_nu_axis_repaired,1.40825,3.0947381272318104,28.350341332008725,0.1254929316871619,-0.0016159648538544014,-0.004159424023907066,0.0044623032863699355,-55.615745451453286,-0.0006325394237408077,0.7647431004846179,0.870044765026468,0.8789693715992081,glafic_v2_compact_halo,1.40825,3.0947381272318104,28.350341332008725,0.6886846826322559,0.21566765111924457,-0.03869635831744711,0.219111715538728,-5.086054140005889,0.000490726388779894,0.04890752375384342,0.0922036018290161,0.5304270329064721,50.5296913114474,0.563191750945094,0.21464941225235806,0.7778411631974519,-1.6653345369377348e-16,True,QUMOND_simple_nu_axis_repaired
PLCKG287,5,5.2d,QUMOND_simple_nu_axis_repaired,1.40825,-52.66427786245404,-13.974833701945919,0.10130816987270941,-0.013917907276722596,-0.03226454737895179,0.03513842854386167,-56.666921246704064,0.00019104144752257746,0.8064123328738415,0.8635534015834289,0.9338302586711522,glafic_v2_compact_halo,1.40825,-52.66427786245404,-13.974833701945919,0.5756932243799298,-0.05592724759979073,-0.0330494869918041,0.06496249390617426,-74.70979127210875,-2.7223128568065746e-05,0.17581611496368962,0.359344281713896,0.4892692695262445,18.04287002540469,0.47438505450722035,0.029824065362312586,0.5042091198695329,-6.245004513516506e-17,True,QUMOND_simple_nu_axis_repaired
PLCKG287,6,6.1a,QUMOND_simple_nu_axis_repaired,4.3462,-52.29057242053078,17.402817317116646,0.15780211056792748,-0.03416648846432668,0.005735131016398887,0.03464448963050587,85.2356282773833,0.00040565841267770075,0.708097208860827,0.8075533998015666,0.8768423790625784,glafic_v2_compact_halo,4.3462,-52.29057242053078,17.402817317116646,0.7508914310536787,-0.21328314614005306,0.27574756873182116,0.34860639995403075,63.86048183450308,-2.968559297267248e-05,-0.05947134208519113,-0.0994978310077095,0.597714968900352,21.37514644288023,0.5930893204857512,0.3139619103235249,0.9070512308092761,-5.551115123125783e-17,False,QUMOND_simple_nu_axis_repaired
PLCKG287,6,6.1b,QUMOND_simple_nu_axis_repaired,4.3462,-56.17020882783846,4.96067296073765,0.14551205501860587,-0.037389655659450516,-0.0167844310353521,0.04098418567585271,-77.91220724005154,0.0010919664244740668,0.7284711370336854,0.8135037593055414,0.8954721306572468,glafic_v2_compact_halo,4.3462,-56.17020882783846,4.96067296073765,0.7871585930700633,-0.34130275735043125,0.007920563825186688,0.34139465067032937,89.33529186840194,-1.9075765794740462e-05,-0.07124884263851645,-0.12855324374039265,0.5542360576002661,12.752500891546514,0.6416465380514574,0.30041046499447666,0.9420570030459341,0.0,False,QUMOND_simple_nu_axis_repaired
PLCKG287,6,6.1c,QUMOND_simple_nu_axis_repaired,4.3462,-8.688470277173813,-25.71454392639019,0.14051306754491644,0.019279352517925785,0.029057480351968312,0.03487163027326764,28.218058623743755,-0.0012075793415999847,0.7375032147110001,0.8246153021818159,0.8943585627283512,glafic_v2_compact_halo,4.3462,-8.688470277173813,-25.71454392639019,0.9116115614882672,0.26679767721429215,0.27714139688025385,0.3846925453289679,23.04471179471015,-0.00023345229943627643,-0.14017578386916152,-0.296304106817235,0.47308098384070074,5.173346829033606,0.7710984939433507,0.3498209150557003,1.1209194089990508,-1.6653345369377348e-16,False,QUMOND_simple_nu_axis_repaired
PLCKG287,6,6.1e,QUMOND_simple_nu_axis_repaired,4.3462,-50.770242381358415,-22.438180376673966,0.11742368952700666,0.001192369543456806,-0.052210746355085824,0.05222436002559793,-44.345863890669534,-0.0005989777222437098,0.7762139188023499,0.8303519504473955,0.9348006704985913,glafic_v2_compact_halo,4.3462,-50.770242381358415,-22.438180376673966,0.8061942734145169,-0.13447637803761792,-0.02845816706640303,0.13745458712933384,-84.02561932317279,1.9783610083479175e-06,0.018666896138345317,0.05635113945614925,0.331260313714817,39.67975543250326,0.6887705838875102,0.0852302271037359,0.7740008109912463,1.6653345369377348e-16,True,QUMOND_simple_nu_axis_repaired
PLCKG287,6,6.1f,QUMOND_simple_nu_axis_repaired,4.3462,-41.16931422283772,-21.95823861308876,0.13662350227488984,0.016622424984202855,-0.04032525485435645,0.043616868198258454,-33.799056138346394,0.000830853401434517,0.7435172359500275,0.8197596295268517,0.9069933659233687,glafic_v2_compact_halo,4.3462,-41.16931422283772,-21.95823861308876,0.8449996655374927,0.1280763278256214,-0.3386843510127746,0.3620920261069558,-34.64273396524535,9.823915917417381e-05,-0.10708552203581884,-0.20709169164444854,0.5170923605694631,0.8436778268989539,0.7083761632626029,0.31847515790869735,1.0268513211713002,-5.551115123125783e-17,False,QUMOND_simple_nu_axis_repaired
PLCKG287,7,7.1a,QUMOND_simple_nu_axis_repaired,3.3423999999999996,-26.173015351805162,35.06346778236164,0.19030060514042457,0.009866408647662972,0.00866840624242915,0.013133441528649805,20.650908596693437,0.002132442252267275,0.6554451700595354,0.7965659533309256,0.8228328363882252,glafic_v2_compact_halo,3.3423999999999996,-26.173015351805162,35.06346778236164,0.9176303193582527,0.19010383738411463,0.19081652729381338,0.26935184439063437,22.55359922974321,-2.4202341242229863e-07,-0.0657656517875545,-0.18698216374888707,0.3517215250323817,1.9026906330497733,0.7273297142178281,0.25621840286198455,0.9835481170798127,5.551115123125783e-17,False,QUMOND_simple_nu_axis_repaired
PLCKG287,7,7.1b,QUMOND_simple_nu_axis_repaired,3.3423999999999996,6.264023276474791,-18.338097034418702,0.14800315732974356,0.011371285335436132,0.05803612986914758,0.0591396525215398,39.4571067782569,0.002633617312881864,0.7224080573598681,0.7928571901487168,0.9111364951917962,glafic_v2_compact_halo,3.3423999999999996,6.264023276474791,-18.338097034418702,1.0354796760568876,0.21933399229767114,0.44335739552380793,0.49464449895140766,31.83893462584493,-1.469312674307055e-05,-0.24341437271389949,-0.5301241750082952,0.4591648228945201,7.618172152411965,0.8874765187271441,0.43550484642986786,1.3229813651570121,2.220446049250313e-16,False,QUMOND_simple_nu_axis_repaired
PLCKG287,8,8.1a,QUMOND_simple_nu_axis_repaired,1.1691,20.04304316829747,10.295834141390026,0.11439354227314924,-0.031674570272444136,0.005394355126531192,0.032130631322386666,85.16747026217686,-0.0003643446951695495,0.7832665532453821,0.853475826404464,0.9177370890492375,glafic_v2_compact_halo,1.1691,20.04304316829747,10.295834141390026,0.630572513632093,-0.34597111549032333,-0.1223305451935719,0.3669615443625874,-80.26355912644264,0.0001671940807579375,0.00181592059699558,0.002465942005319636,0.7363890307304943,14.568970611380484,0.5161789713589438,0.33483091304020074,0.8510098843991443,-2.220446049250313e-16,True,QUMOND_simple_nu_axis_repaired
PLCKG287,8,8.1b,QUMOND_simple_nu_axis_repaired,1.1691,0.78541274095876,-14.262847079348049,0.11978196981330735,0.007913328654400587,0.038422257714600117,0.03922869687205663,39.18113456874709,-0.00042639268574978795,0.7732450718181842,0.840989333314636,0.9194467270587493,glafic_v2_compact_halo,1.1691,0.78541274095876,-14.262847079348049,0.8394236850992212,0.22851139333573411,0.38289284061205353,0.4458972799605376,29.58557151177259,-4.267965986182176e-06,-0.17303963135087638,-0.2853209650597587,0.6064735948613165,9.595563056974504,0.7196417152859138,0.406668583088481,1.1263102983743947,-1.1102230246251565e-16,False,QUMOND_simple_nu_axis_repaired
PLCKG287,8,8.1c,QUMOND_simple_nu_axis_repaired,1.1691,-21.63695082971713,-23.37145183518563,0.10429902453835593,0.02600758079592813,-0.005860905104682068,0.026659791212663653,-6.349836091116852,-0.0006265971857599695,0.8015698855994711,0.8690411842489805,0.9223607666743077,glafic_v2_compact_halo,1.1691,-21.63695082971713,-23.37145183518563,0.6011316163212479,0.11053723857605835,0.0062211865523464915,0.11071216859107917,1.6106431233431482,1.6848731954066665e-05,0.14683880350824044,0.28815621508767286,0.5095805522698313,7.9604792144599985,0.49683259178289196,0.08405237737841552,0.5808849691613076,1.249000902703301e-16,True,QUMOND_simple_nu_axis_repaired
