density_log_slope_n,maximum_alpha_fractional_weyl_correction
0.0,0.0
0.0003,7.499249999999998e-05
0.0006,0.00014997
0.0009,0.00022493249999999996
0.0012,0.00029988
0.0014999999999999998,0.00037481249999999993
0.0018,0.00044972999999999996
0.0021,0.0005246324999999999
0.0024,0.0005995199999999999
0.0026999999999999997,0.0006743925
0.0029999999999999996,0.0007492499999999998
0.0032999999999999995,0.0008240925
0.0036,0.0008989199999999999
0.0039,0.0009737325
0.0042,0.0010485299999999998
0.0045,0.0011233124999999997
0.0048,0.00119808
0.0050999999999999995,0.0012728324999999997
0.005399999999999999,0.00134757
0.005699999999999999,0.0014222924999999999
0.005999999999999999,0.0014969999999999998
0.006299999999999999,0.0015716924999999995
0.006599999999999999,0.0016463699999999996
0.006899999999999999,0.0017210324999999997
0.0072,0.0017956799999999998
0.0075,0.0018703124999999998
0.0078,0.0019449299999999999
0.0081,0.0020195325
0.0084,0.0020941199999999997
0.0087,0.0021686924999999996
0.009,0.0022432499999999996
0.0093,0.0023177924999999997
0.0096,0.00239232
0.009899999999999999,0.0024668324999999997
0.010199999999999999,0.002541329999999999
0.010499999999999999,0.0026158124999999996
0.010799999999999999,0.0026902799999999993
0.011099999999999999,0.0027647324999999995
0.011399999999999999,0.00283917
0.011699999999999999,0.0029135924999999997
0.011999999999999999,0.0029879999999999993
0.012299999999999998,0.0030623924999999995
0.012599999999999998,0.0031367699999999992
0.012899999999999998,0.003211132499999999
0.013199999999999998,0.0032854799999999995
0.013499999999999998,0.003359812499999999
0.013799999999999998,0.0034341299999999996
0.014099999999999998,0.0035084324999999994
0.0144,0.0035827199999999993
0.0147,0.0036569925
0.015,0.0037312499999999993
0.0153,0.0038054925
0.0156,0.0038797199999999997
0.015899999999999997,0.0039539325
0.0162,0.0040281299999999996
0.016499999999999997,0.004102312499999999
0.0168,0.00417648
0.017099999999999997,0.004250632499999999
0.0174,0.0043247699999999995
0.017699999999999997,0.0043988924999999995
0.018,0.0044729999999999995
0.018299999999999997,0.004547092499999999
0.0186,0.004621169999999999
0.018899999999999997,0.004695232499999999
0.0192,0.004769279999999999
0.0195,0.0048433125
0.019799999999999998,0.004917329999999999
0.0201,0.0049913325
0.020399999999999998,0.005065319999999999
0.0207,0.0051392925
0.020999999999999998,0.00521325
0.0213,0.005287192499999999
0.021599999999999998,0.00536112
0.0219,0.005435032499999999
0.022199999999999998,0.0055089299999999996
0.0225,0.0055828125
0.022799999999999997,0.005656679999999999
0.0231,0.0057305325
0.023399999999999997,0.005804369999999999
0.0237,0.0058781925
0.023999999999999997,0.005951999999999999
0.0243,0.006025792499999999
0.024599999999999997,0.0060995699999999995
0.0249,0.006173332499999998
0.025199999999999997,0.006247079999999999
0.0255,0.006320812499999999
0.025799999999999997,0.006394529999999999
0.026099999999999998,0.0064682325
0.026399999999999996,0.006541919999999999
0.026699999999999998,0.006615592499999999
0.026999999999999996,0.006689249999999998
0.027299999999999998,0.006762892499999999
0.027599999999999996,0.006836519999999999
0.027899999999999998,0.0069101325
0.028199999999999996,0.006983729999999999
0.028499999999999998,0.0070573124999999985
0.0288,0.007130879999999999
0.029099999999999997,0.007204432499999998
0.0294,0.00727797
0.029699999999999997,0.007351492499999999
0.03,0.007424999999999999
0.030299999999999997,0.007498492499999999
0.0306,0.007571969999999999
0.030899999999999997,0.007645432499999999
0.0312,0.007718879999999999
0.0315,0.0077923125
0.031799999999999995,0.007865729999999998
0.0321,0.0079391325
0.0324,0.008012519999999999
0.0327,0.008085892499999999
0.032999999999999995,0.008159249999999998
0.033299999999999996,0.008232592499999998
0.0336,0.00830592
0.0339,0.0083792325
0.034199999999999994,0.008452529999999998
0.034499999999999996,0.008525812499999999
0.0348,0.008599079999999999
0.0351,0.0086723325
0.035399999999999994,0.008745569999999998
0.035699999999999996,0.008818792499999999
0.036,0.008891999999999999
0.0363,0.0089651925
0.036599999999999994,0.009038369999999999
0.036899999999999995,0.009111532499999998
0.0372,0.009184679999999999
0.0375,0.009257812499999999
0.03779999999999999,0.009330929999999998
0.038099999999999995,0.009404032499999998
0.0384,0.009477119999999999
0.0387,0.009550192499999999
0.039,0.00962325
0.039299999999999995,0.009696292499999998
0.039599999999999996,0.009769319999999998
0.0399,0.0098423325
0.0402,0.009915329999999998
0.040499999999999994,0.009988312499999997
0.040799999999999996,0.010061279999999999
0.0411,0.010134232499999998
0.0414,0.01020717
0.041699999999999994,0.010280092499999997
0.041999999999999996,0.010353
0.0423,0.010425892499999999
0.0426,0.01049877
0.042899999999999994,0.010571632499999997
0.043199999999999995,0.010644479999999998
0.0435,0.0107173125
0.0438,0.010790129999999998
0.04409999999999999,0.010862932499999998
0.044399999999999995,0.010935719999999998
0.0447,0.011008492499999998
0.045,0.011081249999999999
0.04529999999999999,0.011153992499999998
0.045599999999999995,0.011226719999999999
0.045899999999999996,0.011299432499999998
0.0462,0.01137213
0.04649999999999999,0.011444812499999997
0.046799999999999994,0.011517479999999998
0.047099999999999996,0.0115901325
0.0474,0.011662769999999998
0.04769999999999999,0.011735392499999999
0.047999999999999994,0.011807999999999997
0.048299999999999996,0.011880592499999999
0.0486,0.011953169999999999
0.0489,0.012025732499999999
0.049199999999999994,0.01209828
0.049499999999999995,0.012170812499999998
0.0498,0.012243329999999998
0.0501,0.0123158325
0.05039999999999999,0.012388319999999998
0.050699999999999995,0.0124607925
0.051,0.012533249999999998
0.0513,0.012605692499999998
0.05159999999999999,0.012678119999999998
0.051899999999999995,0.012750532499999998
0.052199999999999996,0.01282293
0.0525,0.012895312499999997
0.05279999999999999,0.012967679999999999
0.053099999999999994,0.013040032499999996
0.053399999999999996,0.013112369999999998
0.0537,0.0131846925
0.05399999999999999,0.013256999999999998
0.054299999999999994,0.0133292925
0.054599999999999996,0.013401569999999996
0.0549,0.013473832499999998
0.05519999999999999,0.013546079999999997
0.055499999999999994,0.013618312499999997
0.055799999999999995,0.01369053
0.0561,0.0137627325
0.05639999999999999,0.013834919999999999
0.05669999999999999,0.013907092499999997
0.056999999999999995,0.013979249999999997
0.0573,0.014051392499999999
0.0576,0.014123519999999999
0.05789999999999999,0.014195632499999998
0.058199999999999995,0.01426773
0.058499999999999996,0.014339812499999997
0.0588,0.014411879999999998
0.05909999999999999,0.014483932499999998
0.059399999999999994,0.014555969999999998
0.059699999999999996,0.014627992499999999
0.06,0.014699999999999998
0.06029999999999999,0.0147719925
0.060599999999999994,0.014843969999999996
0.060899999999999996,0.014915932499999998
0.0612,0.014987879999999999
0.06149999999999999,0.015059812499999997
0.061799999999999994,0.015131729999999998
0.062099999999999995,0.015203632499999996
0.0624,0.01527552
0.06269999999999999,0.015347392499999996
0.063,0.015419249999999997
0.0633,0.015491092499999998
0.06359999999999999,0.015562919999999997
0.0639,0.0156347325
0.0642,0.015706529999999996
0.06449999999999999,0.0157783125
0.0648,0.01585008
0.06509999999999999,0.015921832499999997
0.0654,0.015993570000000002
0.0657,0.016065292499999998
0.06599999999999999,0.016137
0.0663,0.0162086925
0.06659999999999999,0.016280369999999995
0.06689999999999999,0.016352032499999995
0.0672,0.016423679999999996
0.06749999999999999,0.016495312499999998
0.0678,0.016566929999999997
0.0681,0.0166385325
0.06839999999999999,0.016710119999999995
0.0687,0.016781692499999997
0.06899999999999999,0.016853249999999997
0.0693,0.016924792499999997
0.0696,0.01699632
0.06989999999999999,0.017067832499999994
0.0702,0.017139329999999998
0.0705,0.0172108125
0.07079999999999999,0.017282279999999997
0.0711,0.0173537325
0.07139999999999999,0.017425169999999997
0.0717,0.017496592499999998
0.072,0.017567999999999997
0.07229999999999999,0.0176393925
0.0726,0.01771077
0.07289999999999999,0.017782132499999995
0.07319999999999999,0.017853479999999998
0.0735,0.017924812499999998
0.07379999999999999,0.01799613
0.0741,0.0180674325
0.0744,0.018138719999999997
0.07469999999999999,0.018209992499999998
0.075,0.01828125
0.07529999999999999,0.018352492499999998
0.07559999999999999,0.018423719999999994
0.0759,0.0184949325
0.07619999999999999,0.018566129999999997
0.0765,0.0186373125
0.0768,0.01870848
0.07709999999999999,0.018779632499999994
0.0774,0.01885077
0.07769999999999999,0.018921892499999995
0.078,0.018993
0.0783,0.019064092499999997
0.07859999999999999,0.019135169999999996
0.0789,0.019206232499999996
0.07919999999999999,0.019277279999999997
0.07949999999999999,0.0193483125
0.0798,0.01941933
0.08009999999999999,0.0194903325
0.0804,0.019561319999999997
0.0807,0.019632292499999995
0.08099999999999999,0.01970325
0.0813,0.0197741925
0.08159999999999999,0.019845119999999997
0.08189999999999999,0.019916032499999996
0.0822,0.01998693
0.08249999999999999,0.020057812499999998
0.0828,0.02012868
0.0831,0.020199532499999995
0.08339999999999999,0.020270369999999996
0.0837,0.0203411925
0.08399999999999999,0.020411999999999996
0.08429999999999999,0.020482792499999996
0.0846,0.020553569999999997
0.08489999999999999,0.020624332499999995
0.0852,0.020695079999999998
0.08549999999999999,0.020765812499999998
0.08579999999999999,0.020836529999999995
0.0861,0.020907232499999998
0.08639999999999999,0.020977919999999997
0.0867,0.021048592499999998
0.087,0.021119249999999996
0.08729999999999999,0.021189892499999995
0.0876,0.021260519999999998
0.08789999999999999,0.0213311325
0.08819999999999999,0.021401729999999997
0.0885,0.0214723125
0.08879999999999999,0.021542879999999997
0.0891,0.021613432499999998
0.0894,0.021683969999999997
0.08969999999999999,0.021754492499999997
0.09,0.021825
0.09029999999999999,0.021895492499999995
0.09059999999999999,0.021965969999999998
0.0909,0.022036432499999998
0.09119999999999999,0.022106879999999995
0.0915,0.0221773125
0.09179999999999999,0.022247729999999997
0.09209999999999999,0.022318132499999997
0.0924,0.02238852
0.09269999999999999,0.0224588925
0.09299999999999999,0.022529249999999994
0.0933,0.022599592499999994
0.09359999999999999,0.022669919999999996
0.0939,0.022740232499999995
0.09419999999999999,0.02281053
0.09449999999999999,0.022880812499999993
0.0948,0.022951079999999995
0.09509999999999999,0.023021332499999995
0.09539999999999998,0.023091569999999995
0.0957,0.0231617925
0.09599999999999999,0.023231999999999996
0.0963,0.0233021925
0.09659999999999999,0.023372369999999993
0.09689999999999999,0.0234425325
0.0972,0.023512679999999998
0.09749999999999999,0.023582812499999994
0.0978,0.02365293
0.09809999999999999,0.023723032499999994
0.09839999999999999,0.023793119999999997
0.0987,0.023863192499999998
0.09899999999999999,0.023933249999999993
0.09929999999999999,0.024003292499999995
0.0996,0.024073319999999995
0.09989999999999999,0.0241433325
0.1002,0.024213329999999998
0.10049999999999999,0.024283312499999998
0.10079999999999999,0.024353279999999995
0.1011,0.024423232499999992
0.10139999999999999,0.024493169999999998
0.10169999999999998,0.024563092499999994
0.102,0.024633
0.10229999999999999,0.024702892499999993
0.1026,0.024772769999999996
0.10289999999999999,0.0248426325
0.10319999999999999,0.024912479999999994
0.1035,0.0249823125
0.10379999999999999,0.025052129999999992
0.10409999999999998,0.025121932499999996
0.10439999999999999,0.025191719999999997
0.10469999999999999,0.025261492499999996
0.105,0.025331249999999996
0.10529999999999999,0.025400992499999994
0.10559999999999999,0.02547072
0.1059,0.025540432499999998
0.10619999999999999,0.02561013
0.1065,0.025679812499999996
0.10679999999999999,0.025749479999999998
0.10709999999999999,0.025819132499999998
0.1074,0.02588877
0.10769999999999999,0.025958392499999997
0.10799999999999998,0.026027999999999992
0.1083,0.026097592499999996
0.10859999999999999,0.026167169999999997
0.1089,0.0262367325
0.10919999999999999,0.026306279999999998
0.10949999999999999,0.02637581249999999
0.1098,0.026445329999999996
0.11009999999999999,0.0265148325
0.11039999999999998,0.026584319999999995
0.11069999999999999,0.026653792499999995
0.11099999999999999,0.026723249999999997
0.1113,0.026792692499999996
0.11159999999999999,0.026862119999999996
0.11189999999999999,0.026931532499999997
0.1122,0.027000929999999996
0.11249999999999999,0.027070312499999995
0.11279999999999998,0.027139679999999996
0.11309999999999999,0.027209032499999997
0.11339999999999999,0.027278369999999996
0.1137,0.027347692499999996
0.11399999999999999,0.027416999999999997
0.11429999999999998,0.027486292499999995
0.1146,0.02755557
0.11489999999999999,0.027624832499999995
0.1152,0.027694079999999996
0.11549999999999999,0.027763312499999995
0.11579999999999999,0.027832529999999994
0.1161,0.027901732500000002
0.11639999999999999,0.027970919999999996
0.11669999999999998,0.028040092499999995
0.11699999999999999,0.028109249999999995
0.11729999999999999,0.028178392499999996
0.1176,0.028247519999999998
0.11789999999999999,0.028316632499999994
0.11819999999999999,0.028385729999999994
0.1185,0.028454812499999996
0.11879999999999999,0.028523879999999998
0.11909999999999998,0.028592932499999994
0.11939999999999999,0.028661969999999995
0.11969999999999999,0.028730992499999993
0.12,0.028799999999999996
0.12029999999999999,0.0288689925
0.12059999999999998,0.028937969999999993
0.1209,0.0290069325
0.12119999999999999,0.029075879999999995
0.12149999999999998,0.029144812499999995
0.12179999999999999,0.02921373
0.12209999999999999,0.029282632499999996
0.1224,0.02935152
0.12269999999999999,0.029420392499999993
0.12299999999999998,0.029489249999999998
0.12329999999999999,0.029558092499999997
0.12359999999999999,0.029626919999999994
0.12389999999999998,0.029695732499999992
0.12419999999999999,0.029764529999999994
0.12449999999999999,0.029833312499999997
0.1248,0.029902079999999998
0.1251,0.0299708325
0.12539999999999998,0.030039569999999995
0.12569999999999998,0.030108292499999995
0.126,0.030177
0.1263,0.030245692499999997
0.1266,0.030314369999999997
0.12689999999999999,0.030383032499999994
0.12719999999999998,0.03045167999999999
0.1275,0.030520312499999997
0.1278,0.030588929999999997
0.1281,0.030657532499999997
0.1284,0.030726119999999992
0.12869999999999998,0.030794692499999998
0.12899999999999998,0.03086324999999999
0.1293,0.030931792499999996
0.1296,0.031000319999999998
0.1299,0.031068832499999994
0.13019999999999998,0.031137329999999998
0.13049999999999998,0.031205812499999992
0.1308,0.03127428
0.1311,0.0313427325
0.1314,0.031411169999999995
0.13169999999999998,0.031479592499999993
0.13199999999999998,0.03154799999999999
0.1323,0.0316163925
0.1326,0.031684769999999994
0.1329,0.031753132499999996
0.13319999999999999,0.03182148
0.13349999999999998,0.03188981249999999
0.13379999999999997,0.031958129999999994
0.1341,0.03202643249999999
0.1344,0.03209471999999999
0.1347,0.032162992499999994
0.13499999999999998,0.032231249999999996
0.13529999999999998,0.03229949249999999
0.1356,0.032367719999999996
0.1359,0.03243593249999999
0.1362,0.03250413
0.13649999999999998,0.0325723125
0.13679999999999998,0.03264047999999999
0.1371,0.032708632499999994
0.1374,0.03277677
0.1377,0.03284489249999999
0.13799999999999998,0.032913
0.13829999999999998,0.03298109249999999
0.1386,0.03304917
0.1389,0.033117232499999996
0.1392,0.03318528
0.13949999999999999,0.03325331249999999
0.13979999999999998,0.03332132999999999
0.14009999999999997,0.033389332499999994
0.1404,0.03345731999999999
0.1407,0.0335252925
0.141,0.03359325
0.14129999999999998,0.03366119249999999
0.14159999999999998,0.033729119999999994
0.1419,0.0337970325
0.1422,0.03386493
0.1425,0.03393281249999999
0.14279999999999998,0.03400067999999999
0.14309999999999998,0.03406853249999999
0.1434,0.03413636999999999
0.1437,0.0342041925
0.144,0.034272
0.14429999999999998,0.034339792499999994
0.14459999999999998,0.03440756999999999
0.1449,0.0344753325
0.1452,0.03454308
0.1455,0.03461081249999999
0.14579999999999999,0.03467852999999999
0.14609999999999998,0.034746232499999995
0.14639999999999997,0.03481391999999999
0.1467,0.034881592499999996
0.147,0.03494925
0.1473,0.035016892499999994
0.14759999999999998,0.035084519999999994
0.14789999999999998,0.035152132499999995
0.1482,0.03521973
0.1485,0.0352873125
0.1488,0.03535487999999999
0.14909999999999998,0.035422432499999996
0.14939999999999998,0.035489969999999996
0.1497,0.035557492499999996
0.15,0.035625
0.1503,0.03569249249999999
0.15059999999999998,0.035759969999999995
0.15089999999999998,0.03582743249999999
0.15119999999999997,0.03589487999999999
0.1515,0.035962312499999996
0.1518,0.036029729999999996
0.15209999999999999,0.0360971325
0.15239999999999998,0.03616451999999999
0.15269999999999997,0.036231892499999994
0.153,0.03629925
0.1533,0.036366592499999996
0.1536,0.036433919999999995
0.15389999999999998,0.036501232499999994
0.15419999999999998,0.036568529999999995
0.1545,0.036635812499999997
0.1548,0.03670308
0.1551,0.036770332499999996
0.15539999999999998,0.03683756999999999
0.15569999999999998,0.03690479249999999
0.156,0.036972
0.1563,0.0370391925
0.1566,0.03710637
0.15689999999999998,0.037173532499999995
0.15719999999999998,0.03724067999999999
0.15749999999999997,0.037307812499999995
0.1578,0.037374929999999994
0.1581,0.03744203249999999
0.15839999999999999,0.03750912
0.15869999999999998,0.037576192499999994
0.15899999999999997,0.037643249999999996
0.1593,0.0377102925
0.1596,0.037777319999999996
0.1599,0.037844332499999994
0.16019999999999998,0.03791132999999999
0.16049999999999998,0.03797831249999999
0.1608,0.038045279999999994
0.1611,0.0381122325
0.1614,0.03817917
0.16169999999999998,0.03824609249999999
0.16199999999999998,0.03831299999999999
0.16229999999999997,0.03837989249999999
0.1626,0.03844677
0.1629,0.03851363249999999
0.16319999999999998,0.03858047999999999
0.16349999999999998,0.038647312499999996
0.16379999999999997,0.03871412999999999
0.1641,0.0387809325
0.1644,0.038847719999999995
0.16469999999999999,0.038914492499999995
0.16499999999999998,0.038981249999999995
0.16529999999999997,0.039047992499999996
0.1656,0.03911472
0.1659,0.039181432499999995
0.1662,0.03924812999999999
0.16649999999999998,0.0393148125
0.16679999999999998,0.039381479999999996
0.1671,0.0394481325
0.1674,0.03951477
0.1677,0.03958139249999999
0.16799999999999998,0.039647999999999996
0.16829999999999998,0.03971459249999999
0.16859999999999997,0.03978116999999999
0.1689,0.0398477325
0.1692,0.039914279999999996
0.16949999999999998,0.03998081249999999
0.16979999999999998,0.04004732999999999
0.17009999999999997,0.04011383249999999
0.1704,0.04018032
0.1707,0.040246792499999996
0.17099999999999999,0.04031325
0.17129999999999998,0.040379692499999995
0.17159999999999997,0.040446119999999995
0.1719,0.0405125325
0.1722,0.04057892999999999
0.1725,0.040645312499999996
0.17279999999999998,0.04071167999999999
0.17309999999999998,0.04077803249999999
0.1734,0.04084437
0.1737,0.04091069249999999
0.174,0.040977
0.17429999999999998,0.041043292499999995
0.17459999999999998,0.04110956999999999
0.17489999999999997,0.041175832499999995
0.1752,0.04124208
0.1755,0.0413083125
0.17579999999999998,0.04137452999999999
0.17609999999999998,0.041440732499999994
0.17639999999999997,0.04150691999999999
0.1767,0.0415730925
0.177,0.041639249999999996
0.17729999999999999,0.0417053925
0.17759999999999998,0.04177151999999999
0.17789999999999997,0.04183763249999999
0.1782,0.04190373
0.1785,0.041969812499999995
0.1788,0.04203588
0.17909999999999998,0.042101932499999994
0.17939999999999998,0.04216797
0.17969999999999997,0.04223399249999999
0.18,0.0423
0.1803,0.0423659925
0.18059999999999998,0.04243196999999999
0.18089999999999998,0.042497932499999995
0.18119999999999997,0.04256387999999999
0.1815,0.0426298125
0.1818,0.042695729999999994
0.18209999999999998,0.042761632499999994
0.18239999999999998,0.042827519999999994
0.18269999999999997,0.04289339249999999
0.183,0.042959250000000004
0.1833,0.043025092499999994
0.18359999999999999,0.04309091999999999
0.18389999999999998,0.043156732499999996
0.18419999999999997,0.04322252999999999
0.1845,0.0432883125
0.1848,0.043354079999999996
0.1851,0.0434198325
0.18539999999999998,0.043485569999999994
0.18569999999999998,0.0435512925
0.18599999999999997,0.04361699999999999
0.1863,0.043682692499999995
0.1866,0.043748369999999995
0.18689999999999998,0.043814032499999996
0.18719999999999998,0.04387968
0.18749999999999997,0.04394531249999999
0.1878,0.04401092999999999
0.1881,0.044076532499999994
0.18839999999999998,0.04414211999999999
0.18869999999999998,0.04420769249999999
0.18899999999999997,0.044273249999999986
0.1893,0.044338792499999995
0.1896,0.04440432
0.18989999999999999,0.044469832499999994
0.19019999999999998,0.04453532999999999
0.19049999999999997,0.04460081249999999
0.19079999999999997,0.044666279999999996
0.1911,0.044731732499999996
0.1914,0.04479717
0.19169999999999998,0.04486259249999999
0.19199999999999998,0.04492799999999999
0.19229999999999997,0.04499339249999999
0.1926,0.04505876999999999
0.1929,0.0451241325
0.19319999999999998,0.04518947999999999
0.19349999999999998,0.0452548125
0.19379999999999997,0.04532012999999999
0.1941,0.045385432499999996
0.1944,0.04545072
0.19469999999999998,0.04551599249999999
0.19499999999999998,0.04558125
0.19529999999999997,0.0456464925
0.1956,0.04571172
0.1959,0.0457769325
0.19619999999999999,0.04584212999999999
0.19649999999999998,0.04590731249999999
0.19679999999999997,0.045972479999999996
0.19709999999999997,0.04603763249999999
0.1974,0.04610277
0.1977,0.04616789249999999
0.19799999999999998,0.046232999999999996
0.19829999999999998,0.04629809249999999
0.19859999999999997,0.04636316999999999
0.1989,0.0464282325
0.1992,0.04649327999999999
0.19949999999999998,0.04655831249999999
0.19979999999999998,0.04662333
0.20009999999999997,0.046688332499999985
0.2004,0.046753319999999994
0.2007,0.04681829249999999
0.20099999999999998,0.046883249999999994
0.20129999999999998,0.0469481925
0.20159999999999997,0.047013119999999985
0.2019,0.0470780325
0.2022,0.04714292999999999
0.20249999999999999,0.047207812499999995
0.20279999999999998,0.04727268
0.20309999999999997,0.04733753249999999
0.20339999999999997,0.04740236999999999
0.2037,0.04746719249999999
0.204,0.04753199999999999
0.20429999999999998,0.0475967925
0.20459999999999998,0.047661569999999986
0.20489999999999997,0.04772633249999999
0.2052,0.04779107999999999
0.2055,0.0478558125
0.20579999999999998,0.047920529999999996
0.20609999999999998,0.04798523249999999
0.20639999999999997,0.04804991999999999
0.2067,0.04811459249999999
0.207,0.04817925
0.20729999999999998,0.048243892499999996
0.20759999999999998,0.048308519999999994
0.20789999999999997,0.04837313249999999
0.20819999999999997,0.04843772999999999
0.2085,0.0485023125
0.20879999999999999,0.04856687999999999
0.20909999999999998,0.048631432499999995
0.20939999999999998,0.04869596999999999
0.20969999999999997,0.048760492499999995
0.21,0.04882499999999999
0.2103,0.04888949249999999
0.21059999999999998,0.04895396999999999
0.21089999999999998,0.049018432499999987
0.21119999999999997,0.049082879999999995
0.2115,0.0491473125
0.2118,0.049211729999999995
0.21209999999999998,0.04927613249999999
0.21239999999999998,0.04934051999999999
0.21269999999999997,0.0494048925
0.213,0.04946924999999999
0.2133,0.0495335925
0.21359999999999998,0.04959791999999999
0.21389999999999998,0.04966223249999999
0.21419999999999997,0.04972653
0.21449999999999997,0.04979081249999998
0.2148,0.04985508
0.21509999999999999,0.04991933249999999
0.21539999999999998,0.04998357
0.21569999999999998,0.05004779249999999
0.21599999999999997,0.05011199999999998
0.2163,0.0501761925
0.2166,0.050240369999999986
0.21689999999999998,0.05030453249999999
0.21719999999999998,0.05036867999999999
0.21749999999999997,0.05043281249999999
0.2178,0.050496929999999995
0.2181,0.050561032499999985
0.21839999999999998,0.050625119999999996
0.21869999999999998,0.050689192499999994
0.21899999999999997,0.05075324999999999
0.21929999999999997,0.050817292499999986
0.2196,0.050881319999999994
0.21989999999999998,0.050945332499999996
0.22019999999999998,0.05100932999999999
0.22049999999999997,0.05107331249999999
0.22079999999999997,0.051137279999999986
0.2211,0.05120123249999999
0.22139999999999999,0.05126516999999999
0.22169999999999998,0.0513290925
0.22199999999999998,0.05139299999999999
0.22229999999999997,0.05145689249999999
0.2226,0.051520769999999994
0.2229,0.05158463249999999
0.22319999999999998,0.05164848
0.22349999999999998,0.05171231249999999
0.22379999999999997,0.05177613
0.2241,0.05183993249999999
0.2244,0.051903719999999993
0.22469999999999998,0.0519674925
0.22499999999999998,0.05203124999999999
0.22529999999999997,0.05209499249999999
0.22559999999999997,0.05215871999999999
0.2259,0.05222243249999999
0.22619999999999998,0.05228613
0.22649999999999998,0.05234981249999999
0.22679999999999997,0.05241347999999999
0.22709999999999997,0.05247713249999999
0.2274,0.05254077
0.22769999999999999,0.0526043925
0.22799999999999998,0.05266799999999999
0.22829999999999998,0.052731592499999994
0.22859999999999997,0.05279516999999999
0.2289,0.0528587325
0.2292,0.052922279999999995
0.22949999999999998,0.05298581249999999
0.22979999999999998,0.05304932999999999
0.23009999999999997,0.05311283249999999
0.2304,0.05317632
0.2307,0.053239792499999994
0.23099999999999998,0.05330324999999999
0.23129999999999998,0.05336669249999999
0.23159999999999997,0.05343012
0.23189999999999997,0.05349353249999999
0.2322,0.053556929999999996
0.23249999999999998,0.05362031249999999
0.23279999999999998,0.05368367999999999
0.23309999999999997,0.0537470325
0.23339999999999997,0.05381036999999998
0.2337,0.0538736925
0.23399999999999999,0.05393699999999999
0.23429999999999998,0.05400029249999999
0.23459999999999998,0.05406357
0.23489999999999997,0.054126832499999986
0.2352,0.05419008
0.2355,0.05425331249999999
0.23579999999999998,0.054316529999999995
0.23609999999999998,0.05437973249999999
0.23639999999999997,0.054442919999999985
0.23669999999999997,0.05450609249999999
0.237,0.054569249999999986
0.23729999999999998,0.054632392499999995
0.23759999999999998,0.05469552
0.23789999999999997,0.054758632499999994
0.23819999999999997,0.05482172999999999
0.2385,0.05488481249999999
0.23879999999999998,0.05494788
0.23909999999999998,0.05501093249999999
0.23939999999999997,0.05507396999999999
0.23969999999999997,0.05513699249999999
0.24,0.055199999999999985
0.24029999999999999,0.0552629925
0.24059999999999998,0.055325969999999995
0.24089999999999998,0.05538893249999999
0.24119999999999997,0.05545187999999999
0.2415,0.055514812499999996
0.2418,0.05557772999999999
0.24209999999999998,0.0556406325
0.24239999999999998,0.05570351999999999
0.24269999999999997,0.05576639249999999
0.24299999999999997,0.05582925
0.2433,0.05589209249999999
0.24359999999999998,0.05595492
0.24389999999999998,0.056017732499999986
0.24419999999999997,0.05608052999999999
0.24449999999999997,0.056143312499999994
0.2448,0.05620607999999999
0.24509999999999998,0.0562688325
0.24539999999999998,0.05633156999999999
0.24569999999999997,0.05639429249999999
0.24599999999999997,0.05645699999999999
0.2463,0.05651969249999999
0.24659999999999999,0.05658237
0.24689999999999998,0.056645032499999984
0.24719999999999998,0.056707679999999996
0.24749999999999997,0.05677031249999999
0.24779999999999996,0.05683292999999999
0.2481,0.0568955325
0.24839999999999998,0.05695811999999999
0.24869999999999998,0.05702069249999999
0.24899999999999997,0.05708324999999999
0.24929999999999997,0.05714579249999999
0.2496,0.05720831999999999
0.24989999999999998,0.057270832499999993
0.2502,0.057333329999999995
0.2505,0.05739581249999999
0.25079999999999997,0.05745827999999999
0.2511,0.0575207325
0.25139999999999996,0.057583169999999996
0.2517,0.05764559249999999
0.252,0.057707999999999995
0.25229999999999997,0.05777039249999999
0.2526,0.05783276999999999
0.25289999999999996,0.057895132499999995
0.2532,0.05795747999999999
0.2535,0.0580198125
0.25379999999999997,0.05808212999999999
0.2541,0.058144432499999996
0.25439999999999996,0.05820671999999999
0.2547,0.05826899249999999
0.255,0.058331249999999994
0.25529999999999997,0.058393492499999984
0.2556,0.05845572
0.25589999999999996,0.05851793249999999
0.2562,0.05858013
0.25649999999999995,0.05864231249999999
0.2568,0.05870447999999998
0.2571,0.0587666325
0.25739999999999996,0.05882876999999999
0.2577,0.0588908925
0.25799999999999995,0.058952999999999985
0.2583,0.059015092499999984
0.2586,0.05907717
0.25889999999999996,0.059139232499999986
0.2592,0.059201279999999995
0.25949999999999995,0.059263312499999984
0.2598,0.059325329999999996
0.2601,0.0593873325
0.26039999999999996,0.05944932
0.2607,0.05951129249999999
0.26099999999999995,0.05957324999999998
0.2613,0.05963519249999999
0.2616,0.05969712
0.26189999999999997,0.059759032499999996
0.2622,0.059820929999999994
0.26249999999999996,0.05988281249999998
0.2628,0.05994467999999999
0.2631,0.0600065325
0.26339999999999997,0.060068369999999996
0.2637,0.06013019249999999
0.26399999999999996,0.06019199999999999
0.2643,0.060253792499999986
0.2646,0.06031557
0.26489999999999997,0.06037733249999999
0.2652,0.06043907999999999
0.26549999999999996,0.060500812499999994
0.2658,0.06056252999999999
0.2661,0.06062423250000001
0.26639999999999997,0.06068591999999999
0.2667,0.06074759249999999
0.26699999999999996,0.06080924999999999
0.2673,0.06087089249999999
0.26759999999999995,0.06093251999999998
0.26789999999999997,0.06099413249999999
0.2682,0.06105572999999999
0.26849999999999996,0.061117312499999986
0.2688,0.061178879999999984
0.26909999999999995,0.06124043249999998
0.2694,0.06130196999999999
0.2697,0.0613634925
0.26999999999999996,0.06142499999999999
0.2703,0.061486492499999996
0.27059999999999995,0.06154796999999999
0.2709,0.06160943249999999
0.2712,0.06167088
0.27149999999999996,0.06173231249999999
0.2718,0.06179372999999999
0.27209999999999995,0.061855132499999986
0.2724,0.06191651999999999
0.2727,0.0619778925
0.27299999999999996,0.06203924999999998
0.2733,0.062100592499999996
0.27359999999999995,0.06216191999999998
0.2739,0.062223232499999996
0.2742,0.06228453
0.27449999999999997,0.06234581249999999
0.2748,0.06240707999999999
0.27509999999999996,0.06246833249999998
0.2754,0.06252956999999999
0.2757,0.06259079249999999
0.27599999999999997,0.062652
0.2763,0.06271319249999999
0.27659999999999996,0.06277436999999998
0.2769,0.0628355325
0.2772,0.06289668
0.27749999999999997,0.06295781249999999
0.2778,0.06301892999999999
0.27809999999999996,0.0630800325
0.2784,0.06314112
0.2787,0.06320219249999999
0.27899999999999997,0.06326325
0.2793,0.06332429249999999
0.27959999999999996,0.06338532
0.2799,0.0634463325
0.28019999999999995,0.06350732999999999
0.28049999999999997,0.06356831249999999
0.2808,0.06362927999999998
0.28109999999999996,0.06369023249999999
0.2814,0.06375117
0.28169999999999995,0.06381209249999999
0.282,0.06387299999999999
0.2823,0.06393389249999999
0.28259999999999996,0.06399476999999999
0.2829,0.06405563249999999
0.28319999999999995,0.06411647999999999
0.2835,0.06417731249999999
0.2838,0.06423812999999999
0.28409999999999996,0.06429893249999999
0.2844,0.06435972000000001
0.28469999999999995,0.0644204925
0.285,0.06448124999999999
0.2853,0.06454199249999999
0.28559999999999997,0.06460271999999999
0.2859,0.0646634325
0.28619999999999995,0.06472412999999999
0.2865,0.06478481249999998
0.2868,0.06484548
0.28709999999999997,0.06490613249999998
0.2874,0.06496677000000001
0.28769999999999996,0.06502739249999999
0.288,0.065088
0.2883,0.06514859249999999
0.28859999999999997,0.06520917
0.2889,0.0652697325
0.28919999999999996,0.06533027999999999
0.2895,0.06539081249999999
0.2898,0.06545132999999999
0.29009999999999997,0.06551183249999999
0.2904,0.06557232
0.29069999999999996,0.06563279249999998
0.291,0.06569325
0.29129999999999995,0.06575369249999999
0.29159999999999997,0.06581411999999999
0.2919,0.0658745325
0.29219999999999996,0.06593493
0.2925,0.0659953125
0.29279999999999995,0.06605567999999999
0.29309999999999997,0.06611603249999999
0.2934,0.06617637
0.29369999999999996,0.0662366925
0.294,0.066297
0.29429999999999995,0.06635729249999998
0.2946,0.06641757
0.2949,0.0664778325
0.29519999999999996,0.06653808
0.2955,0.06659831249999999
0.29579999999999995,0.06665853
0.2961,0.06671873249999999
0.2964,0.06677891999999999
0.29669999999999996,0.06683909249999999
0.297,0.06689925
0.29729999999999995,0.06695939249999999
0.2976,0.06701951999999999
0.2979,0.0670796325
0.29819999999999997,0.06713973
0.2985,0.0671998125
0.29879999999999995,0.06725988
0.2991,0.06731993249999998
0.2994,0.06737997
0.29969999999999997,0.06743999249999999
0.3,0.0675
0.30029999999999996,0.06755999249999999
0.3006,0.06761996999999999
0.3009,0.0676799325
0.30119999999999997,0.06773987999999999
0.3015,0.0677998125
0.30179999999999996,0.06785972999999998
0.3021,0.0679196325
0.30239999999999995,0.06797951999999999
0.30269999999999997,0.0680393925
0.303,0.06809925
0.30329999999999996,0.06815909249999999
0.3036,0.06821891999999999
0.30389999999999995,0.06827873249999998
0.30419999999999997,0.06833853
0.3045,0.06839831249999999
0.30479999999999996,0.06845807999999998
0.3051,0.06851783249999999
0.30539999999999995,0.06857756999999998
0.30569999999999997,0.0686372925
0.306,0.068697
0.30629999999999996,0.0687566925
0.3066,0.06881636999999999
0.30689999999999995,0.06887603249999999
0.3072,0.06893568
0.3075,0.06899531249999999
0.30779999999999996,0.06905492999999999
0.3081,0.06911453249999999
0.30839999999999995,0.06917411999999999
0.3087,0.0692336925
0.309,0.06929324999999999
0.30929999999999996,0.0693527925
0.3096,0.06941231999999999
0.30989999999999995,0.06947183249999998
0.3102,0.06953132999999999
0.3105,0.06959081249999999
0.31079999999999997,0.06965028
0.3111,0.06970973249999998
0.31139999999999995,0.06976916999999999
0.3117,0.0698285925
0.312,0.069888
0.31229999999999997,0.06994739249999998
0.3126,0.07000677
0.31289999999999996,0.07006613249999999
0.3132,0.07012547999999999
0.31349999999999995,0.07018481249999999
0.31379999999999997,0.07024412999999999
0.3141,0.0703034325
0.31439999999999996,0.07036271999999999
0.3147,0.07042199249999999
0.31499999999999995,0.07048125
0.31529999999999997,0.07054049249999998
0.3156,0.07059971999999999
0.31589999999999996,0.07065893249999998
0.3162,0.07071813
0.31649999999999995,0.0707773125
0.31679999999999997,0.07083648
0.3171,0.0708956325
0.31739999999999996,0.07095476999999999
0.3177,0.0710138925
0.31799999999999995,0.07107299999999998
0.31829999999999997,0.0711320925
0.3186,0.07119117
0.31889999999999996,0.07125023249999998
0.3192,0.07130928
0.31949999999999995,0.07136831249999999
0.3198,0.07142733
0.3201,0.07148633249999999
0.32039999999999996,0.07154532
0.3207,0.0716042925
0.32099999999999995,0.07166325
0.3213,0.07172219249999999
0.3216,0.07178111999999999
0.32189999999999996,0.07184003249999998
0.3222,0.07189893
0.32249999999999995,0.0719578125
0.3228,0.07201667999999999
0.3231,0.07207553249999998
0.32339999999999997,0.07213436999999999
0.3237,0.07219319249999999
0.32399999999999995,0.072252
0.3243,0.07231079249999998
0.32459999999999994,0.07236957
0.32489999999999997,0.07242833249999998
0.3252,0.07248708
0.32549999999999996,0.07254581249999999
0.3258,0.07260452999999999
0.32609999999999995,0.0726632325
0.32639999999999997,0.07272191999999998
0.3267,0.0727805925
0.32699999999999996,0.07283925
0.3273,0.07289789249999999
0.32759999999999995,0.07295651999999998
0.32789999999999997,0.07301513249999998
0.3282,0.07307373
0.32849999999999996,0.07313231249999999
0.3288,0.07319087999999999
0.32909999999999995,0.07324943249999999
0.32939999999999997,0.07330796999999999
0.3297,0.0733664925
0.32999999999999996,0.07342499999999999
0.3303,0.0734834925
0.33059999999999995,0.07354196999999998
0.33089999999999997,0.0736004325
0.3312,0.07365888
0.33149999999999996,0.07371731249999999
0.3318,0.07377573
0.33209999999999995,0.07383413249999998
0.3324,0.07389251999999999
0.3327,0.0739508925
0.33299999999999996,0.07400924999999998
0.3333,0.0740675925
0.33359999999999995,0.07412591999999998
0.3339,0.07418423249999999
0.3342,0.07424253
0.33449999999999996,0.0743008125
0.3348,0.07435908
0.33509999999999995,0.07441733249999999
0.3354,0.07447556999999999
0.33569999999999994,0.07453379249999997
0.33599999999999997,0.07459199999999999
0.3363,0.07465019249999999
0.33659999999999995,0.07470837
0.3369,0.07476653249999998
0.33719999999999994,0.07482467999999998
0.33749999999999997,0.07488281249999999
0.3378,0.07494092999999999
0.33809999999999996,0.07499903249999999
0.3384,0.07505711999999999
0.33869999999999995,0.07511519249999998
0.33899999999999997,0.07517325
0.3393,0.07523129249999999
0.33959999999999996,0.07528931999999999
0.3399,0.07534733249999999
0.34019999999999995,0.07540532999999999
0.34049999999999997,0.07546331249999999
0.3408,0.07552128
0.34109999999999996,0.07557923249999998
0.3414,0.07563716999999999
0.34169999999999995,0.07569509249999999
0.34199999999999997,0.07575299999999999
0.3423,0.0758108925
0.34259999999999996,0.07586876999999999
0.3429,0.07592663249999998
0.34319999999999995,0.07598447999999998
0.34349999999999997,0.07604231249999999
0.3438,0.07610013
0.34409999999999996,0.07615793249999998
0.3444,0.07621572
0.34469999999999995,0.07627349249999998
0.345,0.07633125
0.3453,0.0763889925
0.34559999999999996,0.07644671999999998
0.3459,0.0765044325
0.34619999999999995,0.07656212999999998
0.3465,0.0766198125
0.3468,0.07667747999999999
0.34709999999999996,0.07673513249999998
0.3474,0.07679277
0.34769999999999995,0.07685039249999998
0.348,0.076908
0.34829999999999994,0.07696559249999999
0.34859999999999997,0.07702317
0.3489,0.07708073249999998
0.34919999999999995,0.07713827999999999
0.3495,0.0771958125
0.34979999999999994,0.07725332999999998
0.35009999999999997,0.0773108325
0.3504,0.07736831999999999
0.35069999999999996,0.07742579249999999
0.351,0.07748324999999999
0.35129999999999995,0.07754069249999998
0.35159999999999997,0.07759811999999999
0.3519,0.07765553249999999
0.35219999999999996,0.07771292999999999
0.3525,0.0777703125
0.35279999999999995,0.07782768
0.35309999999999997,0.07788503249999999
0.3534,0.07794236999999998
0.35369999999999996,0.07799969249999998
0.354,0.07805699999999999
0.35429999999999995,0.07811429249999999
0.35459999999999997,0.07817157
0.3549,0.0782288325
0.35519999999999996,0.07828607999999998
0.3555,0.0783433125
0.35579999999999995,0.07840053
0.35609999999999997,0.07845773249999999
0.3564,0.07851492
0.35669999999999996,0.07857209249999998
0.357,0.07862924999999998
0.35729999999999995,0.0786863925
0.3576,0.07874351999999998
0.3579,0.0788006325
0.35819999999999996,0.07885772999999999
0.3585,0.0789148125
0.35879999999999995,0.07897188
0.3591,0.0790289325
0.35939999999999994,0.07908596999999999
0.35969999999999996,0.07914299249999998
0.36,0.0792
0.36029999999999995,0.07925699249999998
0.3606,0.07931397
0.36089999999999994,0.07937093249999999
0.36119999999999997,0.07942787999999998
0.3615,0.0794848125
0.36179999999999995,0.07954172999999999
0.3621,0.0795986325
0.36239999999999994,0.07965551999999998
0.36269999999999997,0.07971239249999999
0.363,0.07976925
0.36329999999999996,0.0798260925
0.3636,0.07988292
0.36389999999999995,0.07993973249999999
0.36419999999999997,0.07999653
0.3645,0.0800533125
0.36479999999999996,0.08011008
0.3651,0.0801668325
0.36539999999999995,0.08022356999999998
0.36569999999999997,0.08028029249999999
0.366,0.08033699999999999
0.36629999999999996,0.0803936925
0.3666,0.08045037
0.36689999999999995,0.08050703249999999
0.36719999999999997,0.08056367999999998
0.3675,0.0806203125
0.36779999999999996,0.08067693
0.3681,0.0807335325
0.36839999999999995,0.08079011999999999
0.36869999999999997,0.08084669249999998
0.369,0.08090325000000001
0.36929999999999996,0.08095979249999999
0.3696,0.08101631999999999
0.36989999999999995,0.08107283249999998
0.3702,0.08112932999999999
0.37049999999999994,0.08118581249999998
0.37079999999999996,0.08124227999999999
0.3711,0.08129873249999998
0.37139999999999995,0.08135516999999999
0.3717,0.08141159249999999
0.37199999999999994,0.08146799999999998
0.37229999999999996,0.08152439249999999
0.3726,0.08158077
0.37289999999999995,0.08163713249999999
0.3732,0.08169348
0.37349999999999994,0.08174981249999998
0.37379999999999997,0.08180612999999999
0.3741,0.0818624325
0.37439999999999996,0.08191871999999999
0.3747,0.0819749925
0.37499999999999994,0.08203124999999999
0.37529999999999997,0.08208749249999998
0.3756,0.08214371999999999
0.37589999999999996,0.08219993249999998
0.3762,0.08225613
0.37649999999999995,0.08231231249999998
0.37679999999999997,0.08236848
0.3771,0.08242463249999998
0.37739999999999996,0.08248076999999998
0.3777,0.08253689249999999
0.37799999999999995,0.08259299999999997
0.37829999999999997,0.0826490925
0.3786,0.08270516999999998
0.37889999999999996,0.08276123249999999
0.3792,0.08281728
0.37949999999999995,0.08287331249999998
0.37979999999999997,0.08292933
0.3801,0.08298533249999998
0.38039999999999996,0.08304131999999999
0.3807,0.08309729249999999
0.38099999999999995,0.08315324999999998
0.3813,0.0832091925
0.38159999999999994,0.08326512
0.38189999999999996,0.08332103249999999
0.3822,0.08337692999999999
0.38249999999999995,0.0834328125
0.3828,0.08348868
0.38309999999999994,0.08354453249999999
0.38339999999999996,0.08360036999999998
0.3837,0.08365619249999999
0.38399999999999995,0.08371199999999998
0.3843,0.0837677925
0.38459999999999994,0.08382356999999999
0.38489999999999996,0.08387933249999997
0.3852,0.08393507999999998
0.38549999999999995,0.08399081249999998
0.3858,0.08404653
0.38609999999999994,0.08410223249999998
0.38639999999999997,0.08415791999999998
0.3867,0.0842135925
0.38699999999999996,0.08426924999999999
0.3873,0.0843248925
0.38759999999999994,0.08438051999999999
0.38789999999999997,0.08443613249999998
0.3882,0.08449173
0.38849999999999996,0.08454731249999999
0.3888,0.08460288
0.38909999999999995,0.08465843249999999
0.38939999999999997,0.08471396999999997
0.3897,0.08476949249999999
0.38999999999999996,0.08482499999999998
0.3903,0.0848804925
0.39059999999999995,0.08493596999999999
0.39089999999999997,0.08499143249999999
0.3912,0.08504687999999999
0.39149999999999996,0.0851023125
0.3918,0.08515773
0.39209999999999995,0.08521313249999998
0.39239999999999997,0.08526851999999999
0.39269999999999994,0.08532389249999997
0.39299999999999996,0.08537924999999999
0.3933,0.0854345925
0.39359999999999995,0.08548991999999998
0.3939,0.08554523249999998
0.39419999999999994,0.08560052999999997
0.39449999999999996,0.08565581249999998
0.3948,0.08571108
0.39509999999999995,0.0857663325
0.3954,0.08582156999999999
0.39569999999999994,0.08587679249999998
0.39599999999999996,0.085932
0.3963,0.08598719249999999
0.39659999999999995,0.08604236999999999
0.3969,0.08609753249999998
0.39719999999999994,0.08615267999999998
0.39749999999999996,0.08620781249999998
0.3978,0.08626292999999999
0.39809999999999995,0.08631803249999999
0.3984,0.08637311999999998
0.39869999999999994,0.08642819249999999
0.39899999999999997,0.08648324999999998
0.3993,0.08653829249999999
0.39959999999999996,0.08659331999999999
0.3999,0.08664833249999998
0.40019999999999994,0.08670332999999998
0.40049999999999997,0.08675831249999999
0.4008,0.08681328
0.40109999999999996,0.08686823249999999
0.4014,0.08692317
0.40169999999999995,0.08697809249999998
0.40199999999999997,0.08703299999999999
0.4023,0.0870878925
0.40259999999999996,0.08714277
0.4029,0.0871976325
0.40319999999999995,0.08725247999999998
0.40349999999999997,0.08730731249999998
0.4038,0.08736213
0.40409999999999996,0.08741693249999999
0.4044,0.08747171999999999
0.40469999999999995,0.08752649249999997
0.40499999999999997,0.08758125
0.40529999999999994,0.08763599249999998
0.40559999999999996,0.08769072
0.4059,0.08774543249999998
0.40619999999999995,0.08780012999999998
0.4065,0.08785481249999999
0.40679999999999994,0.08790947999999998
0.40709999999999996,0.0879641325
0.4074,0.08801876999999998
0.40769999999999995,0.08807339249999997
0.408,0.088128
0.40829999999999994,0.08818259249999998
0.40859999999999996,0.08823717
0.4089,0.08829173249999998
0.40919999999999995,0.08834627999999999
0.4095,0.0884008125
0.40979999999999994,0.08845532999999998
0.41009999999999996,0.0885098325
0.4104,0.08856431999999999
0.41069999999999995,0.08861879249999999
0.411,0.08867324999999998
0.41129999999999994,0.08872769249999998
0.41159999999999997,0.08878211999999999
0.4119,0.08883653249999998
0.41219999999999996,0.08889092999999998
0.4125,0.08894531249999998
0.41279999999999994,0.08899967999999998
0.41309999999999997,0.08905403249999999
0.4134,0.08910836999999998
0.41369999999999996,0.08916269249999997
0.414,0.08921699999999999
0.41429999999999995,0.08927129249999999
0.41459999999999997,0.08932556999999999
0.4149,0.08937983249999999
0.41519999999999996,0.08943407999999999
0.4155,0.0894883125
0.41579999999999995,0.08954252999999998
0.41609999999999997,0.08959673249999998
0.41639999999999994,0.08965092
0.41669999999999996,0.08970509249999997
0.417,0.08975925
0.41729999999999995,0.08981339249999998
0.41759999999999997,0.08986751999999999
0.41789999999999994,0.08992163249999999
0.41819999999999996,0.08997572999999998
0.4185,0.0900298125
0.41879999999999995,0.09008387999999998
0.4191,0.0901379325
0.41939999999999994,0.09019196999999998
0.41969999999999996,0.09024599249999998
0.42,0.09029999999999999
0.42029999999999995,0.09035399249999998
0.4206,0.09040797
0.42089999999999994,0.09046193249999998
0.42119999999999996,0.09051587999999999
0.4215,0.09056981249999999
0.42179999999999995,0.09062372999999997
0.4221,0.0906776325
0.42239999999999994,0.09073151999999998
0.42269999999999996,0.09078539249999999
0.423,0.09083925
0.42329999999999995,0.0908930925
0.4236,0.09094692
0.42389999999999994,0.0910007325
0.42419999999999997,0.09105452999999998
0.4245,0.09110831249999998
0.42479999999999996,0.09116207999999999
0.4251,0.0912158325
0.42539999999999994,0.09126957
0.42569999999999997,0.09132329249999999
0.426,0.09137699999999999
0.42629999999999996,0.0914306925
0.4266,0.09148437
0.42689999999999995,0.09153803249999999
0.42719999999999997,0.09159167999999998
0.42749999999999994,0.09164531249999998
0.42779999999999996,0.09169892999999998
0.4281,0.0917525325
0.42839999999999995,0.09180611999999999
0.42869999999999997,0.09185969249999998
0.42899999999999994,0.09191324999999997
0.42929999999999996,0.09196679249999999
0.4296,0.09202032
0.42989999999999995,0.0920738325
0.43019999999999997,0.09212732999999998
0.43049999999999994,0.09218081249999997
0.43079999999999996,0.09223427999999999
0.4311,0.0922877325
0.43139999999999995,0.09234116999999999
0.4317,0.09239459249999997
0.43199999999999994,0.09244799999999997
0.43229999999999996,0.09250139249999999
0.4326,0.09255477
0.43289999999999995,0.09260813249999998
0.4332,0.09266147999999999
0.43349999999999994,0.09271481249999998
0.43379999999999996,0.09276812999999999
0.4341,0.0928214325
0.43439999999999995,0.09287471999999998
0.4347,0.09292799249999999
0.43499999999999994,0.09298124999999997
0.43529999999999996,0.0930344925
0.4356,0.09308772
0.43589999999999995,0.09314093249999998
0.4362,0.09319412999999999
0.43649999999999994,0.09324731249999997
0.43679999999999997,0.09330047999999999
0.4371,0.09335363249999999
0.43739999999999996,0.09340677
0.4377,0.09345989249999999
0.43799999999999994,0.09351299999999999
0.43829999999999997,0.09356609249999999
0.43859999999999993,0.09361916999999997
0.43889999999999996,0.0936722325
0.4392,0.09372527999999998
0.43949999999999995,0.09377831249999999
0.43979999999999997,0.09383132999999999
0.44009999999999994,0.09388433249999997
0.44039999999999996,0.09393731999999999
0.4407,0.09399029249999998
0.44099999999999995,0.09404324999999998
0.44129999999999997,0.09409619249999998
0.44159999999999994,0.09414911999999999
0.44189999999999996,0.09420203249999999
0.4422,0.09425492999999997
0.44249999999999995,0.09430781249999998
0.44279999999999997,0.09436067999999999
0.44309999999999994,0.0944135325
0.44339999999999996,0.09446637
0.4437,0.09451919249999999
0.44399999999999995,0.09457199999999998
0.4443,0.09462479249999999
0.44459999999999994,0.09467756999999999
0.44489999999999996,0.09473033249999999
0.4452,0.09478307999999999
0.44549999999999995,0.09483581249999998
0.4458,0.09488852999999998
0.44609999999999994,0.09494123249999999
0.44639999999999996,0.09499391999999998
0.4467,0.09504659249999999
0.44699999999999995,0.09509924999999998
0.4473,0.0951518925
0.44759999999999994,0.09520451999999999
0.44789999999999996,0.09525713250000001
0.4482,0.09530972999999998
0.44849999999999995,0.09536231249999998
0.4488,0.09541488
0.44909999999999994,0.09546743249999998
0.44939999999999997,0.09551997
0.44969999999999993,0.09557249249999998
0.44999999999999996,0.09562499999999997
0.4503,0.09567749249999999
0.45059999999999995,0.09572996999999998
0.45089999999999997,0.0957824325
0.45119999999999993,0.09583487999999998
0.45149999999999996,0.09588731249999999
0.4518,0.09593972999999999
0.45209999999999995,0.0959921325
0.45239999999999997,0.09604452
0.45269999999999994,0.09609689249999999
0.45299999999999996,0.09614924999999999
0.4533,0.09620159249999999
0.45359999999999995,0.09625391999999999
0.45389999999999997,0.09630623249999999
0.45419999999999994,0.09635852999999998
0.45449999999999996,0.09641081249999998
0.4548,0.09646307999999999
0.45509999999999995,0.0965153325
0.45539999999999997,0.09656756999999999
0.45569999999999994,0.0966197925
0.45599999999999996,0.09667199999999998
0.4563,0.09672419249999999
0.45659999999999995,0.09677636999999999
0.4569,0.0968285325
0.45719999999999994,0.09688068
0.45749999999999996,0.09693281249999998
0.4578,0.09698493
0.45809999999999995,0.09703703249999998
0.4584,0.09708911999999999
0.45869999999999994,0.09714119249999999
0.45899999999999996,0.09719324999999998
0.4593,0.0972452925
0.45959999999999995,0.09729731999999998
0.4599,0.09734933249999998
0.46019999999999994,0.09740133
0.46049999999999996,0.09745331249999997
0.4608,0.09750528
0.46109999999999995,0.09755723249999998
0.4614,0.09760917000000001
0.46169999999999994,0.09766109249999999
0.46199999999999997,0.097713
0.46229999999999993,0.09776489249999998
0.46259999999999996,0.09781676999999998
0.4629,0.0978686325
0.46319999999999995,0.09792047999999999
0.46349999999999997,0.09797231249999999
0.46379999999999993,0.09802412999999997
0.46409999999999996,0.09807593249999998
0.4644,0.09812772
0.46469999999999995,0.09817949249999998
0.46499999999999997,0.09823124999999999
0.46529999999999994,0.09828299249999997
0.46559999999999996,0.09833471999999999
0.4659,0.0983864325
0.46619999999999995,0.09843813
0.46649999999999997,0.09848981249999998
0.46679999999999994,0.09854147999999997
0.46709999999999996,0.09859313249999999
0.4674,0.09864476999999999
0.46769999999999995,0.0986963925
0.46799999999999997,0.09874799999999999
0.46829999999999994,0.09879959249999996
0.46859999999999996,0.09885116999999999
0.4689,0.09890273249999999
0.46919999999999995,0.09895427999999999
0.4695,0.09900581249999998
0.46979999999999994,0.09905732999999999
0.47009999999999996,0.0991088325
0.4704,0.09916032
0.47069999999999995,0.09921179249999999
0.471,0.09926324999999998
0.47129999999999994,0.09931469249999998
0.47159999999999996,0.09936611999999999
0.4719,0.0994175325
0.47219999999999995,0.09946893
0.4725,0.09952031249999997
0.47279999999999994,0.09957167999999998
0.47309999999999997,0.09962303249999999
0.47339999999999993,0.09967436999999998
0.47369999999999995,0.09972569249999999
0.474,0.09977699999999998
0.47429999999999994,0.09982829249999998
0.47459999999999997,0.09987956999999999
0.47489999999999993,0.09993083249999998
0.47519999999999996,0.09998207999999999
0.4755,0.10003331249999999
0.47579999999999995,0.10008452999999998
0.47609999999999997,0.10013573249999999
0.47639999999999993,0.10018691999999998
0.47669999999999996,0.10023809249999999
0.477,0.10028924999999998
0.47729999999999995,0.10034039249999997
0.47759999999999997,0.10039152
0.47789999999999994,0.10044263249999998
0.47819999999999996,0.10049372999999999
0.4785,0.10054481249999998
0.47879999999999995,0.10059587999999997
0.47909999999999997,0.1006469325
0.47939999999999994,0.10069796999999998
0.47969999999999996,0.1007489925
0.48,0.10079999999999999
0.48029999999999995,0.10085099249999999
0.48059999999999997,0.10090197
0.48089999999999994,0.10095293249999998
0.48119999999999996,0.10100388
0.4815,0.10105481249999998
0.48179999999999995,0.10110572999999999
0.4821,0.1011566325
0.48239999999999994,0.10120751999999998
0.48269999999999996,0.1012583925
0.483,0.10130924999999998
0.48329999999999995,0.10136009249999998
0.4836,0.10141091999999999
0.48389999999999994,0.10146173249999998
0.48419999999999996,0.10151252999999999
0.48449999999999993,0.1015633125
0.48479999999999995,0.10161407999999998
0.4851,0.10166483249999998
0.48539999999999994,0.10171556999999999
0.48569999999999997,0.1017662925
0.48599999999999993,0.10181699999999999
0.48629999999999995,0.10186769249999998
0.4866,0.10191836999999998
0.48689999999999994,0.10196903249999999
0.48719999999999997,0.10201967999999999
0.48749999999999993,0.1020703125
0.48779999999999996,0.10212092999999998
0.4881,0.10217153249999998
0.48839999999999995,0.10222211999999999
0.48869999999999997,0.10227269249999998
0.48899999999999993,0.10232324999999999
0.48929999999999996,0.10237379249999998
0.4896,0.10242432
0.48989999999999995,0.10247483249999999
0.49019999999999997,0.10252533
0.49049999999999994,0.10257581249999999
0.49079999999999996,0.10262627999999997
0.4911,0.10267673249999999
0.49139999999999995,0.10272716999999998
0.49169999999999997,0.1027775925
0.49199999999999994,0.10282799999999999
0.49229999999999996,0.10287839249999997
0.4926,0.10292876999999999
0.49289999999999995,0.10297913249999997
0.49319999999999997,0.10302948
0.49349999999999994,0.10307981249999998
0.49379999999999996,0.10313012999999999
0.4941,0.10318043249999999
0.49439999999999995,0.10323072
0.4947,0.1032809925
0.49499999999999994,0.10333124999999999
0.49529999999999996,0.10338149249999999
0.49559999999999993,0.10343171999999998
0.49589999999999995,0.1034819325
0.4962,0.10353213
0.49649999999999994,0.10358231249999998
0.49679999999999996,0.10363247999999999
0.49709999999999993,0.10368263249999997
0.49739999999999995,0.10373276999999999
0.4977,0.10378289249999999
0.49799999999999994,0.103833
0.49829999999999997,0.10388309249999998
0.49859999999999993,0.10393316999999999
0.49889999999999995,0.1039832325
0.4992,0.10403327999999999
0.49949999999999994,0.1040833125
0.49979999999999997,0.10413332999999998
0.5001,0.1041833325
0.5004,0.10423331999999999
0.5006999999999999,0.10428329249999997
0.501,0.10433324999999999
0.5013,0.10438319249999997
0.5015999999999999,0.10443311999999998
0.5018999999999999,0.10448303249999996
0.5022,0.10453292999999998
0.5025,0.1045828125
0.5027999999999999,0.10463267999999999
0.5031,0.1046825325
0.5034,0.10473236999999998
0.5036999999999999,0.10478219249999998
0.504,0.104832
0.5043,0.10488179249999999
0.5045999999999999,0.10493156999999997
0.5048999999999999,0.10498133249999997
0.5052,0.10503108
0.5055,0.10508081249999998
0.5057999999999999,0.10513052999999999
0.5061,0.1051802325
0.5064,0.10522991999999998
0.5066999999999999,0.10527959249999998
0.507,0.10532924999999999
0.5073,0.10537889249999999
0.5075999999999999,0.10542851999999997
0.5078999999999999,0.10547813249999997
0.5082,0.10552773
0.5085,0.1055773125
0.5087999999999999,0.10562687999999999
0.5091,0.10567643249999999
0.5094,0.10572596999999999
0.5096999999999999,0.10577549249999998
0.51,0.105825
0.5103,0.10587449249999999
0.5105999999999999,0.10592396999999996
0.5108999999999999,0.10597343249999998
0.5112,0.10602288
0.5115,0.1060723125
0.5117999999999999,0.10612172999999998
0.5121,0.10617113249999999
0.5124,0.10622051999999998
0.5126999999999999,0.10626989249999999
0.5129999999999999,0.10631924999999998
0.5133,0.10636859249999998
0.5136,0.10641791999999999
0.5138999999999999,0.10646723249999997
0.5142,0.10651653000000001
0.5145,0.1065658125
0.5147999999999999,0.10661507999999997
0.5151,0.1066643325
0.5154,0.10671356999999998
0.5156999999999999,0.1067627925
0.5159999999999999,0.10681199999999998
0.5163,0.10686119249999998
0.5166,0.10691036999999998
0.5168999999999999,0.10695953249999998
0.5172,0.10700868000000001
0.5175,0.10705781249999999
0.5177999999999999,0.10710692999999999
0.5181,0.1071560325
0.5184,0.10720512
0.5186999999999999,0.10725419249999998
0.5189999999999999,0.10730324999999998
0.5193,0.10735229249999999
0.5196,0.10740131999999998
0.5198999999999999,0.10745033249999998
0.5202,0.10749933
0.5205,0.10754831249999998
0.5207999999999999,0.10759727999999999
0.5211,0.1076462325
0.5214,0.10769516999999999
0.5216999999999999,0.10774409249999999
0.5219999999999999,0.10779299999999999
0.5223,0.10784189249999998
0.5226,0.10789077
0.5228999999999999,0.10793963249999998
0.5232,0.10798848
0.5235,0.1080373125
0.5237999999999999,0.10808612999999999
0.5240999999999999,0.10813493249999999
0.5244,0.10818372
0.5246999999999999,0.10823249249999997
0.5249999999999999,0.10828124999999998
0.5253,0.10832999249999999
0.5256,0.10837871999999998
0.5258999999999999,0.10842743249999998
0.5262,0.10847612999999999
0.5265,0.1085248125
0.5267999999999999,0.10857348
0.5270999999999999,0.10862213249999998
0.5274,0.10867076999999999
0.5277,0.10871939249999998
0.5279999999999999,0.10876799999999998
0.5283,0.1088165925
0.5286,0.10886516999999998
0.5288999999999999,0.10891373249999997
0.5292,0.10896228000000001
0.5295,0.10901081249999998
0.5297999999999999,0.10905933
0.5300999999999999,0.10910783249999997
0.5304,0.10915631999999999
0.5307,0.10920479249999998
0.5309999999999999,0.10925325
0.5313,0.10930169249999999
0.5316,0.10935011999999998
0.5318999999999999,0.10939853249999998
0.5322,0.10944693
0.5325,0.10949531250000001
0.5327999999999999,0.10954367999999999
0.5330999999999999,0.10959203249999998
0.5334,0.10964037
0.5337,0.10968869249999998
0.5339999999999999,0.10973699999999999
0.5343,0.10978529249999999
0.5346,0.10983356999999998
0.5348999999999999,0.10988183249999997
0.5351999999999999,0.10993007999999999
0.5355,0.1099783125
0.5357999999999999,0.11002652999999998
0.5360999999999999,0.1100747325
0.5364,0.11012292
0.5367,0.1101710925
0.5369999999999999,0.11021924999999998
0.5373,0.11026739249999998
0.5376,0.11031551999999999
0.5378999999999999,0.11036363249999998
0.5381999999999999,0.11041172999999997
0.5385,0.11045981249999999
0.5388,0.11050787999999998
0.5390999999999999,0.11055593249999998
0.5394,0.11060396999999998
0.5397,0.11065199249999999
0.5399999999999999,0.11069999999999998
0.5403,0.11074799249999998
0.5406,0.11079596999999998
0.5408999999999999,0.11084393249999999
0.5411999999999999,0.11089187999999997
0.5415,0.1109398125
0.5418,0.11098772999999999
0.5420999999999999,0.11103563249999998
0.5424,0.11108352
0.5427,0.11113139249999998
0.5429999999999999,0.11117924999999998
0.5433,0.1112270925
0.5436,0.11127491999999999
0.5438999999999999,0.11132273249999998
0.5441999999999999,0.11137052999999997
0.5445,0.11141831249999999
0.5448,0.11146608
0.5450999999999999,0.11151383249999999
0.5454,0.11156157
0.5457,0.11160929249999998
0.5459999999999999,0.11165699999999999
0.5462999999999999,0.11170469249999997
0.5466,0.11175236999999999
0.5468999999999999,0.11180003249999998
0.5471999999999999,0.11184767999999996
0.5475,0.1118953125
0.5478,0.11194292999999998
0.5480999999999999,0.11199053249999999
0.5484,0.11203811999999999
0.5487,0.11208569249999997
0.5489999999999999,0.11213324999999999
0.5492999999999999,0.11218079249999999
0.5496,0.11222831999999999
0.5498999999999999,0.11227583249999998
0.5501999999999999,0.11232332999999999
0.5505,0.1123708125
0.5508,0.11241828000000001
0.5510999999999999,0.11246573249999998
0.5514,0.11251317
0.5517,0.1125605925
0.5519999999999999,0.11260799999999999
0.5522999999999999,0.11265539249999998
0.5526,0.11270276999999998
0.5529,0.11275013249999997
0.5531999999999999,0.11279747999999998
0.5535,0.11284481249999999
0.5538,0.11289213
0.5540999999999999,0.11293943249999998
0.5544,0.11298671999999998
0.5547,0.11303399249999999
0.5549999999999999,0.11308125
0.5552999999999999,0.11312849249999998
0.5556,0.11317571999999998
0.5559,0.11322293249999998
0.5561999999999999,0.11327012999999997
0.5565,0.1133173125
0.5568,0.11336447999999999
0.5570999999999999,0.11341163249999998
0.5574,0.11345877
0.5577,0.11350589249999998
0.5579999999999999,0.11355299999999999
0.5582999999999999,0.11360009249999997
0.5586,0.11364716999999998
0.5589,0.11369423249999998
0.5591999999999999,0.11374127999999999
0.5595,0.1137883125
0.5598,0.11383532999999998
0.5600999999999999,0.11388233249999999
0.5603999999999999,0.11392931999999997
0.5607,0.1139762925
0.5609999999999999,0.11402324999999998
0.5612999999999999,0.11407019249999997
0.5616,0.11411711999999999
0.5619,0.11416403249999997
0.5621999999999999,0.11421092999999999
0.5625,0.1142578125
0.5628,0.11430467999999998
0.5630999999999999,0.11435153249999999
0.5633999999999999,0.11439837
0.5637,0.1144451925
0.564,0.11449199999999998
0.5642999999999999,0.11453879249999999
0.5646,0.11458556999999998
0.5649,0.11463233249999999
0.5651999999999999,0.11467907999999997
0.5655,0.1147258125
0.5658,0.11477253
0.5660999999999999,0.11481923249999998
0.5663999999999999,0.11486592
0.5667,0.1149125925
0.567,0.11495924999999997
0.5672999999999999,0.11500589249999998
0.5676,0.11505251999999998
0.5679,0.11509913249999999
0.5681999999999999,0.11514572999999997
0.5685,0.11519231249999999
0.5688,0.11523888
0.5690999999999999,0.1152854325
0.5693999999999999,0.11533196999999999
0.5697,0.11537849249999999
0.57,0.11542499999999999
0.5702999999999999,0.11547149249999998
0.5706,0.11551797
0.5709,0.11556443249999998
0.5711999999999999,0.11561087999999997
0.5714999999999999,0.11565731249999997
0.5718,0.11570372999999999
0.5720999999999999,0.11575013249999999
0.5723999999999999,0.11579651999999999
0.5727,0.11584289249999997
0.573,0.11588924999999999
0.5732999999999999,0.11593559249999999
0.5736,0.11598191999999999
0.5739,0.11602823249999998
0.5741999999999999,0.11607452999999998
0.5744999999999999,0.11612081249999996
0.5748,0.11616708
0.5751,0.11621333249999999
0.5753999999999999,0.11625956999999998
0.5757,0.1163057925
0.576,0.11635199999999998
0.5762999999999999,0.11639819249999998
0.5766,0.11644436999999999
0.5769,0.11649053249999998
0.5771999999999999,0.11653667999999998
0.5774999999999999,0.11658281249999998
0.5778,0.11662893
0.5781,0.11667503249999998
0.5783999999999999,0.11672112
0.5787,0.11676719249999999
0.579,0.11681325
0.5792999999999999,0.11685929249999999
0.5796,0.11690531999999998
0.5799,0.11695133249999999
0.5801999999999999,0.11699732999999997
0.5804999999999999,0.11704331249999998
0.5808,0.11708928
0.5811,0.11713523249999998
0.5813999999999999,0.11718116999999999
0.5817,0.11722709249999999
0.582,0.11727299999999999
0.5822999999999999,0.11731889249999998
0.5825999999999999,0.11736476999999998
0.5829,0.11741063249999999
0.5831999999999999,0.11745647999999999
0.5834999999999999,0.11750231249999997
0.5838,0.11754812999999999
0.5841,0.1175939325
0.5843999999999999,0.11763971999999998
0.5847,0.1176854925
0.585,0.11773125
0.5852999999999999,0.11777699249999997
0.5855999999999999,0.11782271999999998
0.5859,0.11786843249999998
0.5861999999999999,0.11791412999999999
0.5864999999999999,0.11795981249999997
0.5868,0.11800547999999998
0.5871,0.11805113249999999
0.5873999999999999,0.11809677
0.5877,0.1181423925
0.588,0.11818799999999999
0.5882999999999999,0.11823359249999998
0.5885999999999999,0.11827916999999998
0.5889,0.1183247325
0.5892,0.11837027999999998
0.5894999999999999,0.11841581249999997
0.5898,0.11846133
0.5901,0.11850683249999999
0.5903999999999999,0.11855231999999999
0.5907,0.1185977925
0.591,0.11864324999999998
0.5912999999999999,0.11868869249999998
0.5915999999999999,0.11873411999999998
0.5919,0.11877953249999999
0.5922,0.11882492999999998
0.5924999999999999,0.11887031249999998
0.5928,0.11891568
0.5931,0.11896103250000001
0.5933999999999999,0.11900636999999999
0.5936999999999999,0.11905169249999997
0.594,0.119097
0.5942999999999999,0.11914229249999998
0.5945999999999999,0.11918756999999999
0.5949,0.11923283249999998
0.5952,0.11927807999999997
0.5954999999999999,0.11932331249999997
0.5958,0.11936853
0.5961,0.1194137325
0.5963999999999999,0.11945891999999998
0.5966999999999999,0.11950409249999999
0.597,0.11954925
0.5972999999999999,0.1195943925
0.5975999999999999,0.11963951999999999
0.5979,0.11968463249999998
0.5982,0.11972972999999999
0.5984999999999999,0.11977481249999997
0.5988,0.11981988000000002
0.5991,0.1198649325
0.5993999999999999,0.11990996999999998
0.5996999999999999,0.11995499249999998
0.6,0.11999999999999998
0.6003,0.12004499249999999
0.6005999999999999,0.12008996999999998
0.6009,0.12013493249999997
0.6012,0.12017987999999999
0.6014999999999999,0.12022481249999999
0.6018,0.12026973
0.6021,0.12031463249999999
0.6023999999999999,0.12035952
0.6026999999999999,0.12040439249999998
0.603,0.12044925000000001
0.6033,0.12049409249999998
0.6035999999999999,0.12053891999999997
0.6039,0.1205837325
0.6042,0.12062852999999998
0.6044999999999999,0.12067331249999998
0.6047999999999999,0.12071807999999996
0.6051,0.12076283249999999
0.6053999999999999,0.12080756999999999
0.6056999999999999,0.1208522925
0.606,0.120897
0.6063,0.12094169249999998
0.6065999999999999,0.12098636999999998
0.6069,0.12103103249999998
0.6072,0.12107567999999999
0.6074999999999999,0.12112031249999998
0.6077999999999999,0.12116492999999996
0.6081,0.12120953250000001
0.6083999999999999,0.12125411999999998
0.6086999999999999,0.12129869249999999
0.609,0.12134324999999999
0.6093,0.12138779249999998
0.6095999999999999,0.12143231999999998
0.6099,0.12147683249999998
0.6102,0.12152132999999998
0.6104999999999999,0.12156581249999997
0.6107999999999999,0.12161027999999997
0.6111,0.1216547325
0.6113999999999999,0.12169917000000001
0.6116999999999999,0.12174359249999998
0.612,0.121788
0.6123,0.1218323925
0.6125999999999999,0.12187676999999998
0.6129,0.1219211325
0.6132,0.12196547999999999
0.6134999999999999,0.12200981249999997
0.6137999999999999,0.12205412999999997
0.6141,0.12209843249999999
0.6144,0.12214272
0.6146999999999999,0.12218699249999998
0.615,0.12223124999999999
0.6153,0.12227549249999999
0.6155999999999999,0.12231971999999999
0.6158999999999999,0.12236393249999998
0.6162,0.12240812999999998
0.6164999999999999,0.12245231249999998
0.6167999999999999,0.12249647999999996
0.6171,0.12254063250000001
0.6174,0.12258477
0.6176999999999999,0.12262889249999998
0.618,0.122673
0.6183,0.12271709249999999
0.6185999999999999,0.12276116999999999
0.6188999999999999,0.12280523249999997
0.6192,0.12284927999999998
0.6194999999999999,0.12289331249999998
0.6197999999999999,0.12293732999999998
0.6201,0.1229813325
0.6204,0.12302532
0.6206999999999999,0.1230692925
0.621,0.12311325
0.6213,0.1231571925
0.6215999999999999,0.12320111999999998
0.6218999999999999,0.12324503249999996
0.6222,0.12328892999999999
0.6224999999999999,0.12333281249999997
0.6227999999999999,0.12337667999999997
0.6231,0.1234205325
0.6234,0.12346436999999998
0.6236999999999999,0.12350819249999999
0.624,0.123552
0.6243,0.1235957925
0.6245999999999999,0.12363956999999998
0.6248999999999999,0.12368333249999998
0.6252,0.12372707999999999
0.6255,0.1237708125
0.6257999999999999,0.12381452999999998
0.6261,0.1238582325
0.6264,0.12390192
0.6266999999999999,0.12394559249999998
0.6269999999999999,0.12398925
0.6273,0.12403289249999999
0.6275999999999999,0.12407651999999997
0.6278999999999999,0.12412013249999998
0.6282,0.12416372999999999
0.6285,0.12420731249999999
0.6287999999999999,0.12425087999999997
0.6291,0.12429443249999998
0.6294,0.12433796999999999
0.6296999999999999,0.1243814925
0.6299999999999999,0.12442499999999998
0.6303,0.12446849249999999
0.6305999999999999,0.12451196999999999
0.6308999999999999,0.12455543249999998
0.6312,0.12459888
0.6315,0.12464231249999998
0.6317999999999999,0.12468572999999997
0.6321,0.1247291325
0.6324,0.12477251999999998
0.6326999999999999,0.1248158925
0.6329999999999999,0.12485924999999998
0.6333,0.12490259249999998
0.6335999999999999,0.12494591999999999
0.6338999999999999,0.12498923249999999
0.6342,0.12503253
0.6345,0.12507581249999997
0.6347999999999999,0.12511908
0.6351,0.1251623325
0.6354,0.12520557000000002
0.6356999999999999,0.12524879249999998
0.6359999999999999,0.125292
0.6363,0.1253351925
0.6365999999999999,0.12537837
0.6368999999999999,0.1254215325
0.6372,0.12546468
0.6375,0.12550781249999998
0.6377999999999999,0.12555092999999998
0.6380999999999999,0.12559403249999998
0.6384,0.12563712
0.6386999999999999,0.12568019249999998
0.6389999999999999,0.12572324999999998
0.6393,0.1257662925
0.6396,0.12580932
0.6398999999999999,0.12585233249999997
0.6402,0.12589532999999997
0.6405,0.12593831249999998
0.6407999999999999,0.12598127999999997
0.6410999999999999,0.12602423249999997
0.6414,0.12606717
0.6416999999999999,0.1261100925
0.6419999999999999,0.126153
0.6423,0.1261958925
0.6426,0.12623877
0.6428999999999999,0.12628163249999996
0.6432,0.12632448
0.6435,0.1263673125
0.6437999999999999,0.12641012999999998
0.6440999999999999,0.12645293249999998
0.6444,0.12649571999999998
0.6446999999999999,0.1265384925
0.6449999999999999,0.12658124999999998
0.6453,0.1266239925
0.6456,0.12666671999999998
0.6458999999999999,0.12670943249999997
0.6462,0.12675213
0.6465,0.12679481249999996
0.6467999999999999,0.12683747999999997
0.6470999999999999,0.12688013249999996
0.6474,0.12692277
0.6476999999999999,0.1269653925
0.6479999999999999,0.127008
0.6483,0.1270505925
0.6486,0.12709316999999998
0.6488999999999999,0.1271357325
0.6491999999999999,0.12717827999999998
0.6495,0.1272208125
0.6497999999999999,0.12726332999999998
0.6500999999999999,0.12730583249999997
0.6504,0.12734832000000001
0.6507,0.1273907925
0.6509999999999999,0.12743325
0.6513,0.1274756925
0.6516,0.12751811999999998
0.6518999999999999,0.1275605325
0.6521999999999999,0.12760293
0.6525,0.1276453125
0.6527999999999999,0.12768767999999997
0.6530999999999999,0.12773003249999998
0.6534,0.12777237
0.6537,0.1278146925
0.6539999999999999,0.127857
0.6543,0.12789929249999998
0.6546,0.12794157
0.6548999999999999,0.12798383249999998
0.6551999999999999,0.12802608
0.6555,0.12806831249999998
0.6557999999999999,0.12811052999999997
0.6560999999999999,0.12815273249999998
0.6564,0.12819492
0.6567,0.1282370925
0.6569999999999999,0.12827924999999998
0.6573,0.1283213925
0.6576,0.12836351999999998
0.6578999999999999,0.1284056325
0.6581999999999999,0.12844772999999998
0.6585,0.12848981249999997
0.6587999999999999,0.12853188
0.6590999999999999,0.12857393249999996
0.6594,0.12861597000000002
0.6597,0.12865799249999998
0.6599999999999999,0.12869999999999998
0.6602999999999999,0.12874199249999999
0.6606,0.12878396999999997
0.6608999999999999,0.1288259325
0.6611999999999999,0.12886787999999996
0.6615,0.12890981249999997
0.6617999999999999,0.12895173
0.6620999999999999,0.12899363249999998
0.6624,0.12903552000000001
0.6627,0.1290773925
0.6629999999999999,0.12911925
0.6632999999999999,0.1291610925
0.6636,0.12920292
0.6638999999999999,0.1292447325
0.6641999999999999,0.12928652999999996
0.6645,0.1293283125
0.6648,0.12937007999999997
0.6650999999999999,0.1294118325
0.6654,0.12945357
0.6657,0.12949529249999997
0.6659999999999999,0.12953699999999999
0.6662999999999999,0.1295786925
0.6666,0.12962036999999998
0.6668999999999999,0.12966203249999997
0.6671999999999999,0.12970368
0.6675,0.1297453125
0.6678,0.12978693
0.6680999999999999,0.12982853249999998
0.6684,0.12987012
0.6687,0.1299116925
0.6689999999999999,0.12995325
0.6692999999999999,0.12999479249999998
0.6696,0.13003631999999998
0.6698999999999999,0.13007783249999996
0.6701999999999999,0.13011932999999998
0.6705,0.13016081249999997
0.6708,0.13020227999999998
0.6710999999999999,0.13024373249999996
0.6713999999999999,0.13028516999999998
0.6717,0.1303265925
0.6719999999999999,0.130368
0.6722999999999999,0.1304093925
0.6726,0.13045077
0.6728999999999999,0.1304921325
0.6731999999999999,0.13053347999999998
0.6735,0.1305748125
0.6738,0.13061612999999997
0.6740999999999999,0.13065743249999998
0.6743999999999999,0.13069871999999996
0.6747,0.13073999249999999
0.6749999999999999,0.13078125
0.6752999999999999,0.13082249249999997
0.6756,0.13086372
0.6759,0.1309049325
0.6761999999999999,0.13094613
0.6765,0.13098731249999998
0.6768,0.13102847999999997
0.6770999999999999,0.13106963249999998
0.6773999999999999,0.13111076999999996
0.6777,0.1311518925
0.6779999999999999,0.131193
0.6782999999999999,0.13123409249999998
0.6786,0.13127517
0.6789,0.1313162325
0.6791999999999999,0.13135728
0.6795,0.13139831249999998
0.6798,0.13143932999999997
0.6800999999999999,0.1314803325
0.6803999999999999,0.13152132
0.6807,0.1315622925
0.6809999999999999,0.13160324999999998
0.6812999999999999,0.1316441925
0.6816,0.13168512
0.6819,0.1317260325
0.6821999999999999,0.13176692999999998
0.6825,0.13180781249999998
0.6828,0.13184868
0.6830999999999999,0.13188953249999996
0.6833999999999999,0.13193037
0.6837,0.1319711925
0.6839999999999999,0.132012
0.6842999999999999,0.1320527925
0.6846,0.13209357
0.6849,0.1321343325
0.6851999999999999,0.13217507999999997
0.6854999999999999,0.13221581249999997
0.6858,0.13225652999999998
0.6860999999999999,0.1322972325
0.6863999999999999,0.13233791999999997
0.6867,0.1323785925
0.6869999999999999,0.13241925
0.6872999999999999,0.13245989249999998
0.6876,0.13250052
0.6879,0.1325411325
0.6881999999999999,0.13258172999999998
0.6884999999999999,0.13262231249999998
0.6888,0.13266287999999998
0.6890999999999999,0.1327034325
0.6893999999999999,0.13274396999999996
0.6897,0.1327844925
0.69,0.132825
0.6902999999999999,0.1328654925
0.6906,0.13290597
0.6909,0.1329464325
0.6911999999999999,0.13298688
0.6914999999999999,0.13302731249999997
0.6918,0.13306773
0.6920999999999999,0.13310813249999998
0.6923999999999999,0.13314851999999996
0.6927,0.13318889250000002
0.693,0.13322925
0.6932999999999999,0.1332695925
0.6936,0.13330992
0.6939,0.13335023249999997
0.6941999999999999,0.13339052999999998
0.6944999999999999,0.1334308125
0.6948,0.13347108
0.6950999999999999,0.13351133249999997
0.6953999999999999,0.13355156999999998
0.6957,0.1335917925
0.696,0.133632
0.6962999999999999,0.13367219249999998
0.6965999999999999,0.13371236999999997
0.6969,0.1337525325
0.6971999999999999,0.13379267999999997
0.6974999999999999,0.13383281249999998
0.6978,0.13387292999999997
0.6980999999999999,0.13391303249999997
0.6983999999999999,0.13395311999999998
0.6987,0.1339931925
0.699,0.13403325
0.6992999999999999,0.1340732925
0.6995999999999999,0.13411331999999998
0.6999,0.1341533325
0.7001999999999999,0.13419333
0.7004999999999999,0.13423331249999998
0.7008,0.13427327999999997
0.7011,0.1343132325
0.7013999999999999,0.13435316999999997
0.7017,0.1343930925
0.702,0.134433
0.7022999999999999,0.13447289249999997
0.7025999999999999,0.13451276999999998
0.7029,0.1345526325
0.7031999999999999,0.13459248
0.7034999999999999,0.13463231249999996
0.7038,0.13467212999999997
0.7041,0.1347119325
0.7043999999999999,0.13475172
0.7047,0.1347914925
0.705,0.13483124999999999
0.7052999999999999,0.1348709925
0.7055999999999999,0.13491071999999998
0.7059,0.1349504325
0.7061999999999999,0.13499012999999999
0.7064999999999999,0.13502981249999996
0.7068,0.13506948
0.7071,0.13510913249999998
0.7073999999999999,0.13514876999999997
0.7076999999999999,0.13518839249999998
0.708,0.135228
0.7082999999999999,0.13526759249999998
0.7085999999999999,0.13530717
0.7089,0.1353467325
0.7091999999999999,0.13538627999999997
0.7094999999999999,0.1354258125
0.7098,0.13546533
0.7101,0.1355048325
0.7103999999999999,0.13554431999999997
0.7106999999999999,0.13558379249999997
0.711,0.13562325
0.7112999999999999,0.1356626925
0.7115999999999999,0.13570211999999998
0.7119,0.13574153249999998
0.7121999999999999,0.13578092999999997
0.7124999999999999,0.13582031249999998
0.7128,0.13585967999999998
0.7131,0.1358990325
0.7133999999999999,0.13593836999999998
0.7136999999999999,0.13597769249999997
0.714,0.136017
0.7142999999999999,0.1360562925
0.7145999999999999,0.13609557
0.7149,0.1361348325
0.7152,0.13617408
0.7154999999999999,0.1362133125
0.7158,0.13625253
0.7161,0.13629173249999998
0.7163999999999999,0.13633091999999997
0.7166999999999999,0.13637009249999998
0.717,0.13640924999999998
0.7172999999999999,0.1364483925
0.7175999999999999,0.13648751999999997
0.7179,0.13652663249999997
0.7182,0.13656573
0.7184999999999999,0.1366048125
0.7187999999999999,0.13664387999999997
0.7191,0.13668293249999997
0.7193999999999999,0.13672197
0.7196999999999999,0.13676099249999996
0.72,0.1368
0.7202999999999999,0.13683899249999998
0.7205999999999999,0.13687797
0.7209,0.1369169325
0.7212,0.13695587999999997
0.7214999999999999,0.13699481249999998
0.7217999999999999,0.13703372999999996
0.7221,0.13707263249999996
0.7223999999999999,0.13711152
0.7226999999999999,0.1371503925
0.723,0.13718925
0.7232999999999999,0.13722809249999998
0.7235999999999999,0.13726692
0.7239,0.1373057325
0.7242,0.13734453
0.7244999999999999,0.1373833125
0.7247999999999999,0.13742207999999997
0.7251,0.1374608325
0.7253999999999999,0.13749957
0.7256999999999999,0.1375382925
0.726,0.137577
0.7263,0.13761569249999997
0.7265999999999999,0.13765437
0.7269,0.13769303249999998
0.7272,0.13773168
0.7274999999999999,0.1377703125
0.7277999999999999,0.13780893
0.7281,0.13784753249999998
0.7283999999999999,0.13788612
0.7286999999999999,0.13792469249999997
0.729,0.13796324999999998
0.7293,0.1380017925
0.7295999999999999,0.13804032
0.7298999999999999,0.1380788325
0.7302,0.13811732999999998
0.7304999999999999,0.13815581249999997
0.7307999999999999,0.13819427999999997
0.7311,0.13823273249999998
0.7313999999999999,0.13827117
0.7316999999999999,0.13830959249999997
0.732,0.13834799999999997
0.7323,0.13838639249999998
0.7325999999999999,0.13842477
0.7328999999999999,0.13846313249999997
0.7332,0.13850147999999998
0.7334999999999999,0.1385398125
0.7337999999999999,0.13857812999999997
0.7341,0.1386164325
0.7343999999999999,0.13865471999999998
0.7346999999999999,0.13869299249999997
0.735,0.13873125
0.7353,0.13876949249999998
0.7355999999999999,0.13880772
0.7358999999999999,0.1388459325
0.7362,0.13888412999999997
0.7364999999999999,0.13892231249999998
0.7367999999999999,0.13896048
0.7371,0.1389986325
0.7373999999999999,0.13903676999999998
0.7376999999999999,0.1390748925
0.738,0.139113
0.7383,0.13915109250000002
0.7385999999999999,0.13918917
0.7388999999999999,0.13922723249999996
0.7392,0.13926528
0.7394999999999999,0.13930331249999997
0.7397999999999999,0.13934132999999999
0.7401,0.13937933249999998
0.7404,0.13941731999999996
0.7406999999999999,0.13945529249999997
0.7409999999999999,0.13949324999999999
0.7413,0.1395311925
0.7415999999999999,0.13956912
0.7418999999999999,0.1396070325
0.7422,0.13964493
0.7424999999999999,0.1396828125
0.7427999999999999,0.13972067999999999
0.7431,0.13975853249999998
0.7434,0.13979637
0.7436999999999999,0.13983419249999998
0.7439999999999999,0.13987199999999997
0.7443,0.1399097925
0.7445999999999999,0.13994756999999997
0.7448999999999999,0.13998533249999998
0.7452,0.14002308
0.7454999999999999,0.1400608125
0.7457999999999999,0.14009852999999997
0.7461,0.14013623249999999
0.7464,0.14017391999999998
0.7466999999999999,0.14021159249999998
0.7469999999999999,0.14024924999999996
0.7473,0.14028689249999998
0.7475999999999999,0.14032452
0.7478999999999999,0.1403621325
0.7482,0.14039973
0.7484999999999999,0.1404373125
0.7487999999999999,0.14047487999999997
0.7491,0.1405124325
0.7494,0.14054996999999997
0.7496999999999999,0.1405874925
0.7499999999999999,0.14062499999999997
0.7503,0.14066249249999999
0.7505999999999999,0.14069996999999998
0.7508999999999999,0.1407374325
0.7512,0.14077488
0.7515,0.14081231249999995
0.7517999999999999,0.14084972999999998
0.7520999999999999,0.14088713249999996
0.7524,0.14092452
0.7526999999999999,0.1409618925
0.7529999999999999,0.14099924999999996
0.7533,0.1410365925
0.7535999999999999,0.14107392
0.7538999999999999,0.1411112325
0.7542,0.14114852999999997
0.7545,0.14118581249999995
0.7547999999999999,0.14122307999999997
0.7550999999999999,0.14126033249999997
0.7554,0.14129756999999998
0.7556999999999999,0.14133479249999997
0.7559999999999999,0.14137199999999997
0.7563,0.1414091925
0.7565999999999999,0.14144637000000002
0.7568999999999999,0.14148353249999998
0.7572,0.14152067999999998
0.7575,0.1415578125
0.7577999999999999,0.14159492999999995
0.7580999999999999,0.14163203249999998
0.7584,0.14166911999999998
0.7586999999999999,0.14170619249999997
0.7589999999999999,0.14174325
0.7593,0.1417802925
0.7595999999999999,0.14181732
0.7598999999999999,0.14185433249999999
0.7602,0.14189132999999995
0.7605,0.1419283125
0.7607999999999999,0.14196527999999997
0.7610999999999999,0.14200223249999996
0.7614,0.14203916999999996
0.7616999999999999,0.1420760925
0.7619999999999999,0.14211299999999996
0.7623,0.1421498925
0.7626,0.14218677
0.7628999999999999,0.14222363249999997
0.7631999999999999,0.14226048
0.7635,0.14229731249999997
0.7637999999999999,0.14233412999999998
0.7640999999999999,0.14237093249999996
0.7644,0.14240771999999996
0.7646999999999999,0.1424444925
0.7649999999999999,0.14248125
0.7653,0.1425179925
0.7656,0.14255472
0.7658999999999999,0.1425914325
0.7661999999999999,0.14262813
0.7665,0.1426648125
0.7667999999999999,0.14270147999999996
0.7670999999999999,0.14273813249999995
0.7674,0.14277477
0.7676999999999999,0.14281139249999997
0.7679999999999999,0.14284799999999997
0.7683,0.1428845925
0.7686,0.14292117
0.7688999999999999,0.1429577325
0.7691999999999999,0.14299428
0.7695,0.1430308125
0.7697999999999999,0.14306732999999996
0.7700999999999999,0.14310383249999997
0.7704,0.14314032
0.7706999999999999,0.14317679249999998
0.7709999999999999,0.14321325
0.7713,0.1432496925
0.7716,0.14328612
0.7718999999999999,0.1433225325
0.7721999999999999,0.14335893
0.7725,0.14339531249999998
0.7727999999999999,0.14343167999999995
0.7730999999999999,0.14346803249999995
0.7734,0.14350437
0.7736999999999999,0.14354069249999998
0.7739999999999999,0.14357699999999998
0.7742999999999999,0.1436132925
0.7746,0.14364957
0.7748999999999999,0.1436858325
0.7751999999999999,0.14372207999999997
0.7755,0.14375831249999996
0.7757999999999999,0.14379452999999998
0.7760999999999999,0.14383073249999995
0.7764,0.14386692
0.7767,0.1439030925
0.7769999999999999,0.14393924999999996
0.7772999999999999,0.14397539249999997
0.7776,0.14401151999999998
0.7778999999999999,0.1440476325
0.7781999999999999,0.14408373
0.7785,0.14411981249999997
0.7787999999999999,0.14415587999999996
0.7790999999999999,0.14419193249999998
0.7794,0.14422796999999998
0.7797,0.14426399249999997
0.7799999999999999,0.14429999999999998
0.7802999999999999,0.14433599249999998
0.7806,0.14437197000000002
0.7808999999999999,0.1444079325
0.7811999999999999,0.14444387999999997
0.7815,0.14447981249999997
0.7817999999999999,0.14451572999999995
0.7820999999999999,0.14455163249999997
0.7824,0.14458752
0.7827,0.14462339249999998
0.7829999999999999,0.14465925
0.7832999999999999,0.14469509249999998
0.7836,0.14473092
0.7838999999999999,0.1447667325
0.7841999999999999,0.14480252999999998
0.7845,0.14483831249999998
0.7847999999999999,0.14487408
0.7850999999999999,0.14490983249999997
0.7853999999999999,0.14494556999999994
0.7857,0.1449812925
0.7859999999999999,0.14501699999999998
0.7862999999999999,0.1450526925
0.7866,0.14508837
0.7868999999999999,0.14512403249999997
0.7871999999999999,0.14515967999999999
0.7875,0.14519531249999998
0.7878,0.14523092999999998
0.7880999999999999,0.14526653249999996
0.7883999999999999,0.14530211999999998
0.7887,0.14533769249999998
0.7889999999999999,0.14537324999999998
0.7892999999999999,0.14540879249999997
0.7896,0.14544432
0.7898999999999999,0.1454798325
0.7901999999999999,0.14551532999999997
0.7905,0.1455508125
0.7908,0.14558627999999998
0.7910999999999999,0.14562173249999996
0.7913999999999999,0.14565716999999997
0.7917,0.14569259249999997
0.7919999999999999,0.145728
0.7922999999999999,0.14576339249999998
0.7926,0.14579877
0.7928999999999999,0.1458341325
0.7931999999999999,0.14586948
0.7935,0.14590481249999998
0.7938,0.14594012999999997
0.7940999999999999,0.14597543249999997
0.7943999999999999,0.14601071999999995
0.7947,0.1460459925
0.7949999999999999,0.14608124999999997
0.7952999999999999,0.14611649249999997
0.7956,0.14615172
0.7958999999999999,0.14618693249999998
0.7961999999999999,0.14622213
0.7964999999999999,0.1462573125
0.7968,0.14629247999999995
0.7970999999999999,0.14632763249999997
0.7973999999999999,0.14636276999999998
0.7977,0.1463978925
0.7979999999999999,0.14643299999999998
0.7982999999999999,0.14646809249999998
0.7986,0.14650317
0.7988999999999999,0.1465382325
0.7991999999999999,0.14657328
0.7994999999999999,0.14660831249999998
0.7998,0.14664333
0.8000999999999999,0.14667833249999995
0.8003999999999999,0.14671331999999998
0.8007,0.1467482925
0.8009999999999999,0.14678324999999998
0.8012999999999999,0.14681819249999997
0.8016,0.14685312
0.8019,0.1468880325
0.8021999999999999,0.14692292999999998
0.8024999999999999,0.1469578125
0.8028,0.14699268
0.8030999999999999,0.14702753249999997
0.8033999999999999,0.14706236999999997
0.8037,0.14709719249999997
0.8039999999999999,0.14713199999999999
0.8042999999999999,0.14716679249999998
0.8046,0.14720157
0.8049,0.14723633249999998
0.8051999999999999,0.14727107999999997
0.8054999999999999,0.1473058125
0.8058,0.14734052999999997
0.8060999999999999,0.14737523249999998
0.8063999999999999,0.14740991999999997
0.8067,0.14744459249999997
0.8069999999999999,0.14747924999999998
0.8072999999999999,0.1475138925
0.8076,0.14754852000000002
0.8079,0.1475831325
0.8081999999999999,0.14761773
0.8084999999999999,0.14765231249999997
0.8088,0.14768688
0.8090999999999999,0.14772143249999997
0.8093999999999999,0.14775596999999996
0.8097,0.14779049249999998
0.8099999999999999,0.14782499999999998
0.8102999999999999,0.1478594925
0.8105999999999999,0.14789396999999996
0.8109,0.14792843249999998
0.8111999999999999,0.14796288
0.8114999999999999,0.1479973125
0.8118,0.14803172999999997
0.8120999999999999,0.14806613249999998
0.8123999999999999,0.14810051999999999
0.8127,0.14813489249999998
0.813,0.14816925
0.8132999999999999,0.14820359249999998
0.8135999999999999,0.14823791999999997
0.8139,0.1482722325
0.8141999999999999,0.14830653
0.8144999999999999,0.1483408125
0.8148,0.14837507999999996
0.8150999999999999,0.14840933249999996
0.8153999999999999,0.14844356999999997
0.8157,0.14847779249999998
0.816,0.148512
0.8162999999999999,0.14854619249999998
0.8165999999999999,0.14858037
0.8169,0.1486145325
0.8171999999999999,0.14864868
0.8174999999999999,0.14868281249999998
0.8178,0.14871692999999997
0.8180999999999999,0.1487510325
0.8183999999999999,0.14878511999999997
0.8187,0.1488191925
0.819,0.14885325
0.8192999999999999,0.14888729249999996
0.8195999999999999,0.14892131999999997
0.8199,0.14895533249999998
0.8201999999999999,0.14898933
0.8204999999999999,0.14902331249999998
0.8208,0.14905727999999996
0.8210999999999999,0.14909123249999998
0.8213999999999999,0.14912516999999997
0.8216999999999999,0.14915909249999998
0.822,0.14919299999999996
0.8222999999999999,0.14922689249999999
0.8225999999999999,0.14926076999999996
0.8229,0.14929463250000002
0.8231999999999999,0.14932847999999999
0.8234999999999999,0.14936231249999998
0.8238,0.14939613
0.8240999999999999,0.14942993249999997
0.8243999999999999,0.14946371999999997
0.8246999999999999,0.14949749249999997
0.825,0.14953124999999998
0.8252999999999999,0.1495649925
0.8255999999999999,0.14959872
0.8259,0.1496324325
0.8261999999999999,0.14966612999999998
0.8264999999999999,0.1496998125
0.8268,0.14973347999999997
0.8271,0.14976713249999998
0.8273999999999999,0.14980076999999997
0.8276999999999999,0.14983439249999994
0.828,0.149868
0.8282999999999999,0.14990159249999999
0.8285999999999999,0.14993516999999998
0.8289,0.1499687325
0.8291999999999999,0.15000228
0.8294999999999999,0.15003581249999998
0.8298,0.15006932999999997
0.8301,0.15010283249999998
0.8303999999999999,0.15013631999999996
0.8306999999999999,0.15016979249999998
0.831,0.15020324999999998
0.8312999999999999,0.1502366925
0.8315999999999999,0.15027011999999998
0.8319,0.15030353249999998
0.8321999999999999,0.15033693
0.8324999999999999,0.1503703125
0.8327999999999999,0.15040367999999998
0.8331,0.15043703249999998
0.8333999999999999,0.15047036999999996
0.8336999999999999,0.15050369249999998
0.834,0.15053699999999998
0.8342999999999999,0.15057029249999998
0.8345999999999999,0.15060356999999996
0.8349,0.15063683249999998
0.8351999999999999,0.15067007999999998
0.8354999999999999,0.1507033125
0.8357999999999999,0.15073652999999998
0.8361,0.15076973249999998
0.8363999999999999,0.15080291999999998
0.8366999999999999,0.15083609249999996
0.837,0.15086925
0.8372999999999999,0.15090239249999998
0.8375999999999999,0.15093551999999996
0.8379,0.1509686325
0.8382,0.15100172999999997
0.8384999999999999,0.1510348125
0.8387999999999999,0.15106788
0.8391,0.15110093249999995
0.8393999999999999,0.15113396999999998
0.8396999999999999,0.15116699249999999
0.84,0.1512
0.8402999999999999,0.15123299249999997
0.8405999999999999,0.15126597
0.8409,0.1512989325
0.8412,0.15133188
0.8414999999999999,0.1513648125
0.8417999999999999,0.15139772999999998
0.8421,0.1514306325
0.8423999999999999,0.15146351999999996
0.8426999999999999,0.15149639249999997
0.843,0.15152924999999998
0.8432999999999999,0.15156209249999997
0.8435999999999999,0.15159491999999997
0.8438999999999999,0.1516277325
0.8442,0.15166053000000002
0.8444999999999999,0.15169331249999998
0.8447999999999999,0.15172607999999999
0.8451,0.15175883249999997
0.8453999999999999,0.15179157
0.8456999999999999,0.15182429249999996
0.846,0.151857
0.8462999999999999,0.15188969249999998
0.8465999999999999,0.15192236999999997
0.8468999999999999,0.15195503249999998
0.8472,0.15198768
0.8474999999999999,0.15202031249999998
0.8477999999999999,0.15205292999999998
0.8481,0.15208553249999998
0.8483999999999999,0.15211811999999997
0.8486999999999999,0.15215069249999996
0.849,0.15218324999999996
0.8492999999999999,0.15221579249999997
0.8495999999999999,0.15224832
0.8498999999999999,0.15228083249999996
0.8502,0.15231333
0.8504999999999999,0.1523458125
0.8507999999999999,0.15237827999999998
0.8511,0.15241073249999998
0.8513999999999999,0.15244316999999996
0.8516999999999999,0.15247559249999995
0.852,0.152508
0.8523,0.15254039249999998
0.8525999999999999,0.15257277
0.8528999999999999,0.15260513249999996
0.8532,0.15263748
0.8534999999999999,0.1526698125
0.8537999999999999,0.15270213
0.8541,0.1527344325
0.8543999999999999,0.15276671999999997
0.8546999999999999,0.15279899249999998
0.8549999999999999,0.15283124999999995
0.8553,0.1528634925
0.8555999999999999,0.15289571999999998
0.8558999999999999,0.15292793249999997
0.8562,0.15296013
0.8564999999999999,0.15299231249999998
0.8567999999999999,0.15302448
0.8571,0.15305663249999998
0.8573999999999999,0.15308876999999996
0.8576999999999999,0.15312089249999997
0.8579999999999999,0.15315299999999998
0.8583,0.15318509249999998
0.8585999999999999,0.15321716999999999
0.8588999999999999,0.1532492325
0.8592,0.15328128
0.8594999999999999,0.15331331250000002
0.8597999999999999,0.15334533
0.8601,0.15337733249999996
0.8603999999999999,0.15340932
0.8606999999999999,0.15344129249999997
0.8609999999999999,0.15347324999999998
0.8613,0.1535051925
0.8615999999999999,0.15353711999999997
0.8618999999999999,0.15356903249999998
0.8622,0.15360093
0.8624999999999999,0.1536328125
0.8627999999999999,0.15366467999999997
0.8631,0.15369653249999995
0.8634,0.15372836999999998
0.8636999999999999,0.15376019249999998
0.8639999999999999,0.15379199999999996
0.8643,0.15382379249999997
0.8645999999999999,0.15385557
0.8648999999999999,0.15388733249999997
0.8652,0.15391908
0.8654999999999999,0.1539508125
0.8657999999999999,0.15398252999999998
0.8660999999999999,0.1540142325
0.8664,0.15404591999999998
0.8666999999999999,0.15407759249999997
0.8669999999999999,0.15410924999999995
0.8673,0.15414089249999996
0.8675999999999999,0.15417251999999998
0.8678999999999999,0.1542041325
0.8682,0.15423573000000002
0.8684999999999999,0.15426731249999998
0.8687999999999999,0.15429888
0.8690999999999999,0.15433043249999998
0.8694,0.15436197
0.8696999999999999,0.15439349249999998
0.8699999999999999,0.15442499999999995
0.8703,0.1544564925
0.8705999999999999,0.15448796999999997
0.8708999999999999,0.1545194325
0.8712,0.15455088
0.8714999999999999,0.15458231249999999
0.8717999999999999,0.15461372999999998
0.8720999999999999,0.1546451325
0.8724,0.15467651999999998
0.8726999999999999,0.15470789249999997
0.8729999999999999,0.15473924999999997
0.8733,0.1547705925
0.8735999999999999,0.15480192
0.8738999999999999,0.15483323249999997
0.8742,0.15486453
0.8744999999999999,0.1548958125
0.8747999999999999,0.15492708
0.8750999999999999,0.1549583325
0.8754,0.15498956999999997
0.8756999999999999,0.15502079249999995
0.8759999999999999,0.15505199999999997
0.8763,0.15508319249999997
0.8765999999999999,0.15511437
0.8768999999999999,0.15514553249999996
0.8771999999999999,0.15517667999999998
0.8775,0.1552078125
0.8777999999999999,0.15523893
0.8780999999999999,0.1552700325
0.8784,0.15530111999999996
0.8786999999999999,0.1553321925
0.8789999999999999,0.15536324999999995
0.8793,0.1553942925
0.8795999999999999,0.15542531999999998
0.8798999999999999,0.15545633249999996
0.8801999999999999,0.15548732999999998
0.8805,0.15551831249999998
0.8807999999999999,0.15554928
0.8810999999999999,0.15558023249999997
0.8814,0.15561116999999997
0.8816999999999999,0.15564209249999997
0.8819999999999999,0.15567299999999998
0.8823,0.1557038925
0.8825999999999999,0.15573476999999997
0.8828999999999999,0.1557656325
0.8831999999999999,0.15579647999999996
0.8835,0.1558273125
0.8837999999999999,0.15585812999999998
0.8840999999999999,0.15588893249999997
0.8844,0.15591971999999998
0.8846999999999999,0.15595049249999995
0.8849999999999999,0.15598125
0.8853,0.15601199249999997
0.8855999999999999,0.15604271999999997
0.8858999999999999,0.15607343249999997
0.8861999999999999,0.15610413
0.8865,0.1561348125
0.8867999999999999,0.15616548
0.8870999999999999,0.1561961325
0.8874,0.15622677
0.8876999999999999,0.15625739249999998
0.8879999999999999,0.15628799999999998
0.8882999999999999,0.15631859249999996
0.8886,0.15634916999999998
0.8888999999999999,0.15637973249999998
0.8891999999999999,0.15641027999999998
0.8895,0.1564408125
0.8897999999999999,0.15647132999999996
0.8900999999999999,0.1565018325
0.8904,0.15653231999999997
0.8906999999999999,0.1565627925
0.8909999999999999,0.15659324999999996
0.8912999999999999,0.15662369249999997
0.8916,0.15665411999999998
0.8918999999999999,0.1566845325
0.8921999999999999,0.15671492999999997
0.8925,0.15674531249999998
0.8927999999999999,0.15677568
0.8930999999999999,0.15680603249999997
0.8934,0.15683637
0.8936999999999999,0.1568666925
0.8939999999999999,0.15689699999999995
0.8942999999999999,0.15692729249999995
0.8946,0.15695757
0.8948999999999999,0.15698783249999998
0.8951999999999999,0.15701807999999998
0.8955,0.15704831249999998
0.8957999999999999,0.15707853
0.8960999999999999,0.15710873250000001
0.8964,0.15713892
0.8966999999999999,0.15716909249999997
0.8969999999999999,0.15719924999999998
0.8972999999999999,0.15722939249999995
0.8976,0.15725952
0.8978999999999999,0.15728963249999997
0.8981999999999999,0.15731972999999996
0.8985,0.1573498125
0.8987999999999999,0.15737987999999997
0.8990999999999999,0.1574099325
0.8993999999999999,0.15743996999999998
0.8996999999999999,0.15746999249999996
0.8999999999999999,0.15749999999999997
0.9002999999999999,0.1575299925
0.9006,0.15755997
0.9008999999999999,0.15758993249999997
0.9011999999999999,0.15761988
0.9015,0.1576498125
0.9017999999999999,0.15767973000000002
0.9020999999999999,0.1577096325
0.9023999999999999,0.15773951999999997
0.9027,0.1577693925
0.9029999999999999,0.15779924999999997
0.9032999999999999,0.1578290925
0.9036,0.15785891999999999
0.9038999999999999,0.15788873249999996
0.9041999999999999,0.15791852999999997
0.9045,0.1579483125
0.9047999999999999,0.15797808
0.9050999999999999,0.15800783249999997
0.9053999999999999,0.15803757
0.9057,0.15806729249999998
0.9059999999999999,0.158097
0.9062999999999999,0.15812669249999997
0.9066,0.15815637
0.9068999999999999,0.1581860325
0.9071999999999999,0.15821567999999997
0.9075,0.1582453125
0.9077999999999999,0.15827492999999998
0.9080999999999999,0.15830453249999998
0.9083999999999999,0.15833412
0.9087,0.15836369249999996
0.9089999999999999,0.15839324999999999
0.9092999999999999,0.15842279249999996
0.9096,0.15845231999999998
0.9098999999999999,0.15848183249999998
0.9101999999999999,0.15851133
0.9104999999999999,0.1585408125
0.9107999999999999,0.15857027999999998
0.9110999999999999,0.1585997325
0.9113999999999999,0.15862916999999999
0.9117,0.1586585925
0.9119999999999999,0.15868799999999997
0.9122999999999999,0.15871739249999994
0.9126,0.15874677
0.9128999999999999,0.15877613249999997
0.9131999999999999,0.15880548
0.9134999999999999,0.15883481249999998
0.9138,0.15886412999999996
0.9140999999999999,0.1588934325
0.9143999999999999,0.15892272000000002
0.9147,0.15895199249999997
0.9149999999999999,0.15898124999999996
0.9152999999999999,0.1590104925
0.9156,0.15903972
0.9158999999999999,0.1590689325
0.9161999999999999,0.15909812999999998
0.9164999999999999,0.15912731249999995
0.9168,0.15915648000000002
0.9170999999999999,0.15918563249999998
0.9173999999999999,0.15921477
0.9177,0.15924389249999998
0.9179999999999999,0.15927299999999997
0.9182999999999999,0.15930209249999996
0.9186,0.15933116999999997
0.9188999999999999,0.1593602325
0.9191999999999999,0.15938927999999997
0.9194999999999999,0.1594183125
0.9198,0.15944733
0.9200999999999999,0.1594763325
0.9203999999999999,0.15950531999999998
0.9207,0.15953429249999998
0.9209999999999999,0.15956325
0.9212999999999999,0.15959219249999995
0.9216,0.15962112
0.9218999999999999,0.15965003249999998
0.9221999999999999,0.15967892999999997
0.9224999999999999,0.1597078125
0.9228,0.15973668
0.9230999999999999,0.1597655325
0.9233999999999999,0.15979437
0.9237,0.15982319249999996
0.9239999999999999,0.15985199999999997
0.9242999999999999,0.15988079249999998
0.9245999999999999,0.15990956999999997
0.9248999999999999,0.15993833249999997
0.9251999999999999,0.15996707999999998
0.9254999999999999,0.15999581249999997
0.9258,0.16002453000000003
0.9260999999999999,0.1600532325
0.9263999999999999,0.16008191999999996
0.9267,0.16011059249999998
0.9269999999999999,0.16013924999999996
0.9272999999999999,0.1601678925
0.9275999999999999,0.16019651999999995
0.9279,0.16022513249999998
0.9281999999999999,0.16025372999999998
0.9284999999999999,0.1602823125
0.9288,0.16031088000000002
0.9290999999999999,0.1603394325
0.9293999999999999,0.16036797
0.9297,0.1603964925
0.9299999999999999,0.16042499999999998
0.9302999999999999,0.16045349249999996
0.9305999999999999,0.16048196999999995
0.9309,0.1605104325
0.9311999999999999,0.16053887999999997
0.9314999999999999,0.16056731249999998
0.9318,0.16059573
0.9320999999999999,0.1606241325
0.9323999999999999,0.16065252
0.9327,0.16068089249999998
0.9329999999999999,0.16070924999999997
0.9332999999999999,0.16073759249999997
0.9335999999999999,0.16076591999999998
0.9339,0.1607942325
0.9341999999999999,0.16082253
0.9344999999999999,0.16085081249999997
0.9348,0.16087907999999998
0.9350999999999999,0.1609073325
0.9353999999999999,0.16093556999999997
0.9356999999999999,0.1609637925
0.9359999999999999,0.16099199999999997
0.9362999999999999,0.16102019249999996
0.9365999999999999,0.16104836999999997
0.9369,0.16107653249999998
0.9371999999999999,0.16110468
0.9374999999999999,0.16113281249999997
0.9378,0.16116092999999998
0.9380999999999999,0.1611890325
0.9383999999999999,0.16121712000000002
0.9386999999999999,0.1612451925
0.939,0.16127324999999998
0.9392999999999999,0.16130129249999997
0.9395999999999999,0.16132931999999997
0.9399,0.1613573325
0.9401999999999999,0.16138533
0.9404999999999999,0.16141331249999996
0.9408,0.16144128
0.9410999999999999,0.16146923249999998
0.9413999999999999,0.16149717
0.9416999999999999,0.16152509249999997
0.942,0.16155299999999995
0.9422999999999999,0.16158089249999996
0.9425999999999999,0.16160876999999998
0.9429,0.1616366325
0.9431999999999999,0.16166447999999997
0.9434999999999999,0.1616923125
0.9438,0.16172013
0.9440999999999999,0.16174793250000002
0.9443999999999999,0.16177571999999998
0.9446999999999999,0.16180349249999998
0.945,0.16183124999999998
0.9452999999999999,0.16185899249999997
0.9455999999999999,0.16188671999999998
0.9459,0.16191443249999998
0.9461999999999999,0.16194212999999996
0.9464999999999999,0.16196981249999998
0.9467999999999999,0.16199748
0.9470999999999999,0.1620251325
0.9473999999999999,0.16205276999999998
0.9476999999999999,0.1620803925
0.948,0.16210799999999997
0.9482999999999999,0.16213559249999998
0.9485999999999999,0.16216316999999997
0.9489,0.1621907325
0.9491999999999999,0.16221828
0.9494999999999999,0.16224581249999998
0.9497999999999999,0.16227333
0.9501,0.1623008325
0.9503999999999999,0.16232831999999997
0.9506999999999999,0.16235579249999998
0.951,0.16238324999999998
0.9512999999999999,0.16241069249999998
0.9515999999999999,0.16243811999999996
0.9519,0.16246553249999998
0.9521999999999999,0.16249292999999998
0.9524999999999999,0.16252031249999999
0.9527999999999999,0.16254767999999997
0.9531,0.1625750325
0.9533999999999999,0.16260237
0.9536999999999999,0.16262969249999998
0.954,0.162657
0.9542999999999999,0.16268429249999997
0.9545999999999999,0.16271156999999994
0.9549,0.16273883249999999
0.9551999999999999,0.16276607999999998
0.9554999999999999,0.16279331249999998
0.9557999999999999,0.16282052999999996
0.9561,0.16284773249999998
0.9563999999999999,0.16287491999999998
0.9566999999999999,0.1629020925
0.957,0.16292925
0.9572999999999999,0.16295639249999996
0.9575999999999999,0.16298352
0.9578999999999999,0.16301063249999995
0.9581999999999999,0.16303773
0.9584999999999999,0.1630648125
0.9587999999999999,0.16309187999999997
0.9591,0.1631189325
0.9593999999999999,0.16314596999999997
0.9596999999999999,0.1631729925
0.96,0.16319999999999998
0.9602999999999999,0.16322699249999995
0.9605999999999999,0.16325396999999997
0.9608999999999999,0.16328093249999998
0.9611999999999999,0.16330788
0.9614999999999999,0.16333481249999998
0.9617999999999999,0.16336172999999998
0.9621,0.1633886325
0.9623999999999999,0.16341552
0.9626999999999999,0.16344239249999998
0.963,0.16346924999999998
0.9632999999999999,0.1634960925
0.9635999999999999,0.16352291999999996
0.9638999999999999,0.1635497325
0.9642,0.16357653
0.9644999999999999,0.16360331249999996
0.9647999999999999,0.16363007999999998
0.9651,0.1636568325
0.9653999999999999,0.16368357
0.9656999999999999,0.1637102925
0.966,0.16373699999999997
0.9662999999999999,0.16376369249999997
0.9665999999999999,0.16379037
0.9668999999999999,0.16381703249999996
0.9672,0.16384367999999996
0.9674999999999999,0.1638703125
0.9677999999999999,0.16389692999999997
0.9681,0.16392353250000002
0.9683999999999999,0.16395012
0.9686999999999999,0.16397669249999997
0.9689999999999999,0.16400325
0.9692999999999999,0.16402979249999997
0.9695999999999999,0.16405631999999998
0.9698999999999999,0.16408283249999997
0.9702,0.16410932999999997
0.9704999999999999,0.16413581249999998
0.9707999999999999,0.16416228
0.9711,0.16418873250000002
0.9713999999999999,0.16421517
0.9716999999999999,0.1642415925
0.9719999999999999,0.16426799999999997
0.9722999999999999,0.1642943925
0.9725999999999999,0.16432076999999998
0.9728999999999999,0.16434713249999996
0.9732,0.16437348
0.9734999999999999,0.16439981249999996
0.9737999999999999,0.16442613
0.9741,0.1644524325
0.9743999999999999,0.16447871999999997
0.9746999999999999,0.1645049925
0.9749999999999999,0.16453125000000002
0.9753,0.16455749249999999
0.9755999999999999,0.16458371999999996
0.9758999999999999,0.16460993249999997
0.9762,0.16463613
0.9764999999999999,0.1646623125
0.9767999999999999,0.16468847999999997
0.9771,0.16471463249999999
0.9773999999999999,0.16474077
0.9776999999999999,0.16476689249999998
0.9779999999999999,0.164793
0.9783,0.1648190925
0.9785999999999999,0.16484516999999996
0.9788999999999999,0.16487123249999996
0.9792,0.16489727999999998
0.9794999999999999,0.1649233125
0.9797999999999999,0.16494932999999998
0.9800999999999999,0.1649753325
0.9803999999999999,0.16500132
0.9806999999999999,0.1650272925
0.9809999999999999,0.16505324999999998
0.9813,0.16507919249999997
0.9815999999999999,0.16510512
0.9818999999999999,0.16513103249999997
0.9822,0.16515693
0.9824999999999999,0.1651828125
0.9827999999999999,0.16520867999999997
0.9830999999999999,0.16523453249999998
0.9833999999999999,0.16526037
0.9836999999999999,0.1652861925
0.9839999999999999,0.165312
0.9843,0.16533779249999997
0.9845999999999999,0.16536357
0.9848999999999999,0.16538933249999999
0.9852,0.16541508
0.9854999999999999,0.16544081249999998
0.9857999999999999,0.16546653
0.9860999999999999,0.16549223249999997
0.9863999999999999,0.16551792
0.9866999999999999,0.1655435925
0.9869999999999999,0.16556924999999997
0.9873,0.16559489249999998
0.9875999999999999,0.16562051999999997
0.9878999999999999,0.1656461325
0.9882,0.16567173
0.9884999999999999,0.16569731249999997
0.9887999999999999,0.16572288
0.9890999999999999,0.1657484325
0.9894,0.16577397
0.9896999999999999,0.16579949249999998
0.9899999999999999,0.165825
0.9903,0.16585049249999997
0.9905999999999999,0.16587596999999998
0.9908999999999999,0.16590143249999997
0.9911999999999999,0.16592687999999994
0.9914999999999999,0.1659523125
0.9917999999999999,0.16597772999999996
0.9920999999999999,0.16600313249999998
0.9924,0.16602851999999999
0.9926999999999999,0.16605389249999997
0.9929999999999999,0.16607924999999998
0.9933,0.16610459249999998
0.9935999999999999,0.16612992
0.9938999999999999,0.16615523249999997
0.9941999999999999,0.16618052999999997
0.9944999999999999,0.1662058125
0.9947999999999999,0.16623108
0.9950999999999999,0.1662563325
0.9954,0.16628157
0.9956999999999999,0.1663067925
0.9959999999999999,0.16633199999999998
0.9963,0.1663571925
0.9965999999999999,0.16638236999999997
0.9968999999999999,0.16640753249999996
0.9971999999999999,0.16643267999999997
0.9974999999999999,0.16645781249999997
0.9977999999999999,0.16648293
0.9980999999999999,0.16650803249999996
0.9984,0.16653311999999998
0.9986999999999999,0.16655819249999998
0.9989999999999999,0.16658325000000002
0.9993,0.16660829249999998
0.9995999999999999,0.16663331999999997
0.9998999999999999,0.16665833249999998
1.0002,0.16668333
1.0005,0.16670831249999998
1.0008,0.16673327999999998
1.0010999999999999,0.1667582325
1.0013999999999998,0.16678316999999998
1.0016999999999998,0.16680809249999998
1.002,0.16683299999999998
1.0023,0.16685789249999997
1.0026,0.16688276999999999
1.0029,0.16690763249999999
1.0031999999999999,0.16693247999999997
1.0034999999999998,0.16695731249999995
1.0037999999999998,0.16698212999999998
1.0041,0.1670069325
1.0044,0.16703172
1.0047,0.1670564925
1.005,0.16708125
1.0052999999999999,0.1671059925
1.0055999999999998,0.16713071999999998
1.0059,0.16715543249999998
1.0062,0.16718012999999998
1.0065,0.1672048125
1.0068,0.16722947999999999
1.0070999999999999,0.16725413249999999
1.0073999999999999,0.16727876999999997
1.0076999999999998,0.16730339249999998
1.008,0.16732799999999998
1.0083,0.16735259249999998
1.0086,0.16737716999999996
1.0089,0.16740173249999998
1.0091999999999999,0.16742627999999998
1.0094999999999998,0.16745081249999996
1.0097999999999998,0.16747532999999998
1.0101,0.1674998325
1.0104,0.16752432
1.0107,0.1675487925
1.011,0.16757324999999998
1.0112999999999999,0.16759769249999998
1.0115999999999998,0.16762211999999999
1.0119,0.1676465325
1.0122,0.16767093
1.0125,0.1676953125
1.0128,0.16771967999999998
1.0131,0.16774403249999997
1.0133999999999999,0.16776836999999997
1.0136999999999998,0.16779269249999998
1.014,0.167817
1.0143,0.1678412925
1.0146,0.16786556999999996
1.0149,0.16788983249999997
1.0151999999999999,0.16791407999999997
1.0154999999999998,0.16793831249999996
1.0157999999999998,0.16796252999999997
1.0161,0.1679867325
1.0164,0.16801092
1.0167,0.16803509249999998
1.017,0.16805925
1.0172999999999999,0.16808339249999998
1.0175999999999998,0.16810751999999998
1.0178999999999998,0.1681316325
1.0182,0.16815573
1.0185,0.1681798125
1.0188,0.16820387999999997
1.0191,0.16822793249999998
1.0193999999999999,0.16825196999999997
1.0196999999999998,0.16827599249999997
1.02,0.16829999999999998
1.0203,0.1683239925
1.0206,0.16834796999999999
1.0209,0.1683719325
1.0211999999999999,0.16839587999999997
1.0214999999999999,0.16841981249999996
1.0217999999999998,0.16844372999999996
1.0221,0.1684676325
1.0224,0.16849152
1.0227,0.1685153925
1.023,0.16853925
1.0232999999999999,0.16856309249999998
1.0235999999999998,0.16858692
1.0238999999999998,0.16861073249999997
1.0242,0.16863452999999998
1.0245,0.1686583125
1.0248,0.16868207999999998
1.0251,0.16870583249999999
1.0253999999999999,0.16872956999999997
1.0256999999999998,0.16875329249999999
1.0259999999999998,0.16877699999999998
1.0263,0.1688006925
1.0266,0.16882436999999997
1.0269,0.16884803249999997
1.0272,0.16887167999999997
1.0274999999999999,0.16889531249999998
1.0277999999999998,0.16891892999999997
1.0281,0.1689425325
1.0284,0.16896612
1.0287,0.16898969249999998
1.029,0.16901325
1.0292999999999999,0.16903679249999998
1.0295999999999998,0.16906032
1.0298999999999998,0.16908383249999998
1.0302,0.16910733
1.0305,0.16913081249999998
1.0308,0.16915428
1.0311,0.16917773249999998
1.0313999999999999,0.16920116999999998
1.0316999999999998,0.16922459249999997
1.0319999999999998,0.16924799999999998
1.0323,0.16927139249999998
1.0326,0.16929476999999998
1.0329,0.16931813249999997
1.0332,0.16934147999999996
1.0334999999999999,0.16936481249999996
1.0337999999999998,0.16938812999999997
1.0341,0.16941143250000001
1.0344,0.16943472
1.0347,0.1694579925
1.035,0.16948125
1.0352999999999999,0.1695044925
1.0355999999999999,0.16952772
1.0358999999999998,0.16955093249999997
1.0362,0.16957413
1.0365,0.16959731249999999
1.0368,0.16962048
1.0371,0.16964363249999997
1.0373999999999999,0.16966677
1.0376999999999998,0.16968989249999997
1.0379999999999998,0.16971299999999997
1.0383,0.1697360925
1.0386,0.16975917
1.0389,0.16978223249999996
1.0392,0.16980527999999998
1.0394999999999999,0.16982831249999997
1.0397999999999998,0.16985132999999997
1.0400999999999998,0.16987433249999997
1.0404,0.16989732
1.0407,0.1699202925
1.041,0.16994325
1.0413,0.1699661925
1.0415999999999999,0.16998912
1.0418999999999998,0.1700120325
1.0422,0.17003493
1.0425,0.1700578125
1.0428,0.17008067999999998
1.0431,0.1701035325
1.0433999999999999,0.17012636999999997
1.0436999999999999,0.1701491925
1.0439999999999998,0.170172
1.0443,0.17019479249999997
1.0446,0.17021756999999998
1.0449,0.17024033249999998
1.0452,0.17026307999999998
1.0454999999999999,0.17028581249999997
1.0457999999999998,0.17030852999999996
1.0460999999999998,0.17033123249999996
1.0464,0.17035392
1.0467,0.1703765925
1.047,0.17039925
1.0473,0.1704218925
1.0475999999999999,0.17044452
1.0478999999999998,0.17046713249999998
1.0481999999999998,0.17048972999999998
1.0485,0.17051231249999999
1.0488,0.17053488
1.0491,0.1705574325
1.0493999999999999,0.17057996999999997
1.0496999999999999,0.17060249249999998
1.0499999999999998,0.17062499999999997
1.0503,0.17064749249999997
1.0506,0.17066996999999998
1.0509,0.1706924325
1.0512,0.17071487999999999
1.0514999999999999,0.17073731249999996
1.0517999999999998,0.17075972999999997
1.0520999999999998,0.17078213249999996
1.0524,0.17080452
1.0527,0.1708268925
1.053,0.17084925
1.0533,0.1708715925
1.0535999999999999,0.17089391999999998
1.0538999999999998,0.1709162325
1.0541999999999998,0.17093852999999998
1.0545,0.1709608125
1.0548,0.17098307999999998
1.0551,0.1710053325
1.0554,0.17102757
1.0556999999999999,0.1710497925
1.0559999999999998,0.17107199999999997
1.0563,0.1710941925
1.0566,0.17111637
1.0569,0.17113853249999997
1.0572,0.17116067999999998
1.0574999999999999,0.17118281249999998
1.0577999999999999,0.17120492999999998
1.0580999999999998,0.17122703249999996
1.0584,0.17124912
1.0587,0.1712711925
1.059,0.17129325
1.0593,0.1713152925
1.0595999999999999,0.17133732
1.0598999999999998,0.1713593325
1.0601999999999998,0.17138133
1.0605,0.1714033125
1.0608,0.17142527999999999
1.0611,0.1714472325
1.0614,0.17146916999999998
1.0616999999999999,0.17149109249999997
1.0619999999999998,0.17151299999999997
1.0622999999999998,0.17153489249999998
1.0626,0.17155676999999997
1.0629,0.17157863249999997
1.0632,0.17160047999999997
1.0635,0.17162231249999998
1.0637999999999999,0.17164412999999998
1.0640999999999998,0.17166593249999998
1.0644,0.17168772
1.0647,0.1717094925
1.065,0.17173125
1.0653,0.1717529925
1.0655999999999999,0.17177472
1.0658999999999998,0.17179643249999998
1.0661999999999998,0.17181812999999999
1.0665,0.1718398125
1.0668,0.17186147999999998
1.0671,0.17188313249999998
1.0674,0.17190476999999998
1.0676999999999999,0.17192639249999997
1.0679999999999998,0.171948
1.0682999999999998,0.1719695925
1.0686,0.17199116999999997
1.0689,0.1720127325
1.0692,0.17203427999999998
1.0695,0.1720558125
1.0697999999999999,0.17207732999999997
1.0700999999999998,0.17209883249999997
1.0703999999999998,0.17212031999999997
1.0707,0.1721417925
1.071,0.17216325
1.0713,0.1721846925
1.0715999999999999,0.17220612
1.0718999999999999,0.1722275325
1.0721999999999998,0.17224893
1.0725,0.1722703125
1.0728,0.17229168
1.0731,0.1723130325
1.0734,0.17233437
1.0736999999999999,0.1723556925
1.0739999999999998,0.17237699999999997
1.0742999999999998,0.17239829249999997
1.0746,0.17241957
1.0749,0.17244083249999997
1.0752,0.17246208
1.0755,0.17248331249999999
1.0757999999999999,0.17250452999999996
1.0760999999999998,0.17252573249999997
1.0763999999999998,0.17254691999999996
1.0767,0.1725680925
1.077,0.17258925
1.0773,0.1726103925
1.0776,0.17263151999999998
1.0778999999999999,0.1726526325
1.0781999999999998,0.17267373
1.0785,0.1726948125
1.0788,0.17271588
1.0791,0.1727369325
1.0794,0.17275796999999998
1.0796999999999999,0.17277899249999998
1.0799999999999998,0.17279999999999998
1.0802999999999998,0.17282099249999996
1.0806,0.17284196999999998
1.0809,0.17286293249999998
1.0812,0.17288388
1.0815,0.17290481249999998
1.0817999999999999,0.17292572999999997
1.0820999999999998,0.17294663249999997
1.0823999999999998,0.17296751999999996
1.0827,0.1729883925
1.083,0.17300925
1.0833,0.17303009249999998
1.0836,0.17305092
1.0838999999999999,0.1730717325
1.0841999999999998,0.17309253
1.0844999999999998,0.17311331249999998
1.0848,0.17313408
1.0851,0.1731548325
1.0854,0.17317556999999997
1.0856999999999999,0.1731962925
1.0859999999999999,0.17321699999999998
1.0862999999999998,0.17323769249999998
1.0866,0.17325837
1.0869,0.17327903249999999
1.0872,0.17329967999999998
1.0875,0.1733203125
1.0877999999999999,0.17334092999999998
1.0880999999999998,0.17336153249999997
1.0883999999999998,0.17338211999999997
1.0887,0.1734026925
1.089,0.17342325
1.0893,0.1734437925
1.0896,0.17346432
1.0898999999999999,0.1734848325
1.0901999999999998,0.17350532999999999
1.0904999999999998,0.1735258125
1.0908,0.17354628
1.0911,0.1735667325
1.0914,0.17358716999999999
1.0917,0.1736075925
1.0919999999999999,0.17362799999999998
1.0922999999999998,0.17364839249999997
1.0925999999999998,0.17366876999999997
1.0929,0.17368913249999998
1.0932,0.17370947999999997
1.0935,0.17372981249999997
1.0937999999999999,0.17375012999999997
1.0940999999999999,0.17377043249999996
1.0943999999999998,0.17379071999999998
1.0947,0.1738109925
1.095,0.17383125
1.0953,0.17385149249999998
1.0956,0.17387172
1.0958999999999999,0.17389193249999998
1.0961999999999998,0.17391213
1.0964999999999998,0.1739323125
1.0968,0.17395248
1.0971,0.1739726325
1.0974,0.17399277
1.0977,0.1740128925
1.0979999999999999,0.174033
1.0982999999999998,0.17405309249999998
1.0985999999999998,0.17407316999999997
1.0989,0.17409323249999997
1.0992,0.17411327999999998
1.0995,0.17413331249999997
1.0997999999999999,0.17415332999999997
1.1000999999999999,0.17417333249999997
1.1003999999999998,0.17419331999999996
1.1007,0.1742132925
1.101,0.17423325
1.1013,0.1742531925
1.1016,0.17427312
1.1018999999999999,0.1742930325
1.1021999999999998,0.17431292999999998
1.1024999999999998,0.1743328125
1.1028,0.17435267999999998
1.1031,0.17437253249999998
1.1034,0.17439237
1.1037,0.17441219249999998
1.1039999999999999,0.17443199999999998
1.1042999999999998,0.17445179249999998
1.1045999999999998,0.17447156999999996
1.1049,0.17449133249999998
1.1052,0.17451107999999999
1.1055,0.17453081249999997
1.1058,0.17455052999999998
1.1060999999999999,0.17457023249999998
1.1063999999999998,0.17458991999999998
1.1066999999999998,0.17460959249999997
1.107,0.17462924999999999
1.1073,0.17464889249999999
1.1076,0.17466852
1.1078999999999999,0.17468813249999998
1.1081999999999999,0.17470772999999998
1.1084999999999998,0.17472731249999998
1.1088,0.17474688
1.1091,0.17476643249999999
1.1094,0.17478596999999998
1.1097,0.1748054925
1.1099999999999999,0.17482499999999998
1.1102999999999998,0.17484449249999998
1.1105999999999998,0.17486396999999998
1.1109,0.1748834325
1.1112,0.17490287999999998
1.1115,0.17492231249999998
1.1118,0.17494173
1.1120999999999999,0.17496113249999998
1.1123999999999998,0.17498051999999997
1.1126999999999998,0.17499989249999998
1.113,0.17501925
1.1133,0.1750385925
1.1136,0.17505792
1.1139,0.17507723249999999
1.1141999999999999,0.17509653
1.1144999999999998,0.1751158125
1.1148,0.17513508
1.1151,0.17515433249999998
1.1154,0.17517357
1.1157,0.17519279249999997
1.1159999999999999,0.17521199999999998
1.1162999999999998,0.1752311925
1.1165999999999998,0.17525037
1.1169,0.1752695325
1.1172,0.17528867999999997
1.1175,0.17530781249999997
1.1178,0.17532692999999996
1.1180999999999999,0.17534603249999997
1.1183999999999998,0.17536511999999999
1.1186999999999998,0.17538419249999998
1.119,0.17540325
1.1193,0.1754222925
1.1196,0.17544131999999998
1.1199,0.17546033249999998
1.1201999999999999,0.17547933
1.1204999999999998,0.17549831249999998
1.1207999999999998,0.17551728
1.1211,0.1755362325
1.1214,0.17555516999999998
1.1217,0.17557409249999997
1.1219999999999999,0.17559299999999997
1.1222999999999999,0.17561189249999998
1.1225999999999998,0.17563077
1.1229,0.17564963249999999
1.1232,0.17566848
1.1235,0.17568731249999997
1.1238,0.17570613
1.1240999999999999,0.1757249325
1.1243999999999998,0.17574371999999996
1.1246999999999998,0.17576249249999998
1.125,0.17578125
1.1253,0.1757999925
1.1256,0.17581871999999998
1.1259,0.1758374325
1.1261999999999999,0.17585613
1.1264999999999998,0.17587481249999998
1.1267999999999998,0.17589348
1.1271,0.17591213249999998
1.1274,0.17593077
1.1277,0.1759493925
1.128,0.17596799999999999
1.1282999999999999,0.17598659249999998
1.1285999999999998,0.17600517
1.1288999999999998,0.17602373249999997
1.1292,0.17604227999999997
1.1295,0.17606081249999997
1.1298,0.17607932999999998
1.1300999999999999,0.17609783249999997
1.1303999999999998,0.17611631999999997
1.1306999999999998,0.17613479249999997
1.131,0.17615325
1.1313,0.1761716925
1.1316,0.17619012
1.1319,0.1762085325
1.1321999999999999,0.17622693
1.1324999999999998,0.1762453125
1.1327999999999998,0.17626367999999998
1.1331,0.1762820325
1.1334,0.17630036999999998
1.1337,0.17631869249999998
1.134,0.176337
1.1342999999999999,0.17635529249999998
1.1345999999999998,0.17637356999999998
1.1348999999999998,0.17639183249999998
1.1352,0.17641007999999997
1.1355,0.1764283125
1.1358,0.17644653
1.1360999999999999,0.17646473249999997
1.1363999999999999,0.17648292
1.1366999999999998,0.17650109249999998
1.137,0.17651925
1.1373,0.1765373925
1.1376,0.17655552
1.1379,0.1765736325
1.1381999999999999,0.17659173
1.1384999999999998,0.1766098125
1.1387999999999998,0.17662788
1.1391,0.1766459325
1.1394,0.17666396999999998
1.1397,0.1766819925
1.14,0.1767
1.1402999999999999,0.17671799249999998
1.1405999999999998,0.17673597
1.1408999999999998,0.1767539325
1.1412,0.17677188
1.1415,0.17678981249999998
1.1418,0.17680772999999997
1.1421,0.17682563249999997
1.1423999999999999,0.17684351999999998
1.1426999999999998,0.17686139249999996
1.1429999999999998,0.17687924999999996
1.1433,0.1768970925
1.1436,0.17691492
1.1439,0.1769327325
1.1441999999999999,0.17695053
1.1444999999999999,0.1769683125
1.1447999999999998,0.17698608
1.1451,0.17700383249999999
1.1454,0.17702157
1.1457,0.1770392925
1.146,0.177057
1.1462999999999999,0.1770746925
1.1465999999999998,0.17709236999999997
1.1468999999999998,0.1771100325
1.1472,0.17712767999999998
1.1475,0.17714531249999999
1.1478,0.17716292999999997
1.1481,0.1771805325
1.1483999999999999,0.17719812
1.1486999999999998,0.17721569249999997
1.1489999999999998,0.17723324999999998
1.1493,0.1772507925
1.1496,0.17726832
1.1499,0.1772858325
1.1502,0.17730332999999998
1.1504999999999999,0.17732081249999998
1.1507999999999998,0.17733828
1.1510999999999998,0.17735573249999997
1.1514,0.17737317
1.1517,0.1773905925
1.152,0.17740799999999998
1.1522999999999999,0.17742539249999997
1.1525999999999998,0.17744276999999997
1.1528999999999998,0.17746013249999998
1.1532,0.17747748
1.1535,0.1774948125
1.1538,0.17751213
1.1541,0.17752943249999997
1.1543999999999999,0.17754671999999996
1.1546999999999998,0.17756399249999996
1.1549999999999998,0.17758124999999997
1.1553,0.1775984925
1.1556,0.17761572
1.1559,0.1776329325
1.1562,0.17765013
1.1564999999999999,0.17766731249999998
1.1567999999999998,0.17768447999999998
1.1570999999999998,0.17770163249999998
1.1574,0.17771877
1.1577,0.1777358925
1.158,0.177753
1.1582999999999999,0.17777009249999998
1.1585999999999999,0.17778717
1.1588999999999998,0.1778042325
1.1592,0.17782127999999997
1.1595,0.17783831249999998
1.1598,0.17785532999999998
1.1601,0.17787233249999998
1.1603999999999999,0.17788932
1.1606999999999998,0.17790629249999998
1.1609999999999998,0.17792324999999998
1.1613,0.1779401925
1.1616,0.17795712
1.1619,0.1779740325
1.1622,0.17799093
1.1624999999999999,0.1780078125
1.1627999999999998,0.17802468
1.1630999999999998,0.1780415325
1.1634,0.17805837
1.1637,0.17807519249999998
1.164,0.178092
1.1643,0.17810879249999997
1.1645999999999999,0.17812556999999998
1.1648999999999998,0.17814233249999997
1.1651999999999998,0.17815907999999997
1.1655,0.17817581249999997
1.1658,0.17819253
1.1661,0.17820923249999998
1.1663999999999999,0.17822591999999998
1.1666999999999998,0.17824259249999996
1.1669999999999998,0.17825924999999998
1.1673,0.1782758925
1.1676,0.17829252
1.1679,0.1783091325
1.1682,0.17832573
1.1684999999999999,0.1783423125
1.1687999999999998,0.17835888
1.1690999999999998,0.1783754325
1.1694,0.17839196999999998
1.1697,0.1784084925
1.17,0.178425
1.1703,0.1784414925
1.1705999999999999,0.17845797
1.1708999999999998,0.17847443249999997
1.1711999999999998,0.17849088
1.1715,0.1785073125
1.1718,0.17852373
1.1721,0.17854013249999998
1.1723999999999999,0.17855651999999997
1.1726999999999999,0.17857289249999997
1.1729999999999998,0.17858924999999998
1.1732999999999998,0.17860559249999997
1.1736,0.17862192
1.1739,0.1786382325
1.1742,0.17865453
1.1744999999999999,0.1786708125
1.1747999999999998,0.17868708
1.1750999999999998,0.17870333249999998
1.1754,0.17871957
1.1757,0.1787357925
1.176,0.178752
1.1763,0.17876819249999998
1.1765999999999999,0.17878437
1.1768999999999998,0.17880053249999997
1.1771999999999998,0.17881667999999998
1.1775,0.1788328125
1.1778,0.17884893
1.1781,0.1788650325
1.1784,0.17888111999999998
1.1786999999999999,0.17889719249999997
1.1789999999999998,0.17891324999999997
1.1792999999999998,0.17892929249999998
1.1796,0.17894532
1.1799,0.1789613325
1.1802,0.17897733
1.1804999999999999,0.1789933125
1.1807999999999998,0.17900928
1.1810999999999998,0.1790252325
1.1814,0.17904117
1.1817,0.1790570925
1.182,0.17907299999999998
1.1823,0.17908889249999999
1.1825999999999999,0.17910477
1.1828999999999998,0.1791206325
1.1831999999999998,0.17913648
1.1835,0.1791523125
1.1838,0.17916812999999998
1.1841,0.17918393249999998
1.1844,0.17919971999999998
1.1846999999999999,0.1792154925
1.1849999999999998,0.17923124999999998
1.1852999999999998,0.17924699249999998
1.1856,0.17926272
1.1859,0.1792784325
1.1862,0.17929413
1.1864999999999999,0.1793098125
1.1867999999999999,0.17932547999999998
1.1870999999999998,0.1793411325
1.1873999999999998,0.17935677
1.1877,0.17937239249999998
1.188,0.179388
1.1883,0.1794035925
1.1885999999999999,0.17941917
1.1888999999999998,0.17943473249999997
1.1891999999999998,0.17945028
1.1895,0.1794658125
1.1898,0.17948133
1.1901,0.17949683249999998
1.1904,0.17951231999999998
1.1906999999999999,0.17952779249999998
1.1909999999999998,0.17954325
1.1912999999999998,0.17955869249999998
1.1916,0.17957412
1.1919,0.1795895325
1.1922,0.17960493
1.1925,0.1796203125
1.1927999999999999,0.17963568
1.1930999999999998,0.1796510325
1.1933999999999998,0.17966637
1.1937,0.1796816925
1.194,0.179697
1.1943,0.17971229249999998
1.1945999999999999,0.17972756999999998
1.1948999999999999,0.17974283249999998
1.1951999999999998,0.17975808
1.1954999999999998,0.17977331249999998
1.1958,0.17978852999999997
1.1961,0.17980373249999998
1.1964,0.17981891999999997
1.1966999999999999,0.1798340925
1.1969999999999998,0.17984925
1.1972999999999998,0.17986439249999997
1.1976,0.17987952
1.1979,0.17989463249999998
1.1982,0.17990973
1.1985,0.1799248125
1.1987999999999999,0.17993988
1.1990999999999998,0.1799549325
1.1993999999999998,0.17996996999999998
1.1997,0.1799849925
1.2,0.18
1.2003,0.1800149925
1.2006,0.18002996999999998
1.2008999999999999,0.18004493249999998
1.2011999999999998,0.18005987999999998
1.2014999999999998,0.1800748125
1.2018,0.18008972999999998
1.2021,0.18010463249999997
1.2024,0.18011951999999998
1.2026999999999999,0.1801343925
1.2029999999999998,0.18014924999999998
1.2032999999999998,0.18016409249999998
1.2036,0.18017892
1.2039,0.1801937325
1.2042,0.18020853
1.2045,0.18022331249999998
1.2047999999999999,0.18023808
1.2050999999999998,0.1802528325
1.2053999999999998,0.18026757
1.2057,0.1802822925
1.206,0.18029699999999999
1.2063,0.18031169249999998
1.2066,0.18032636999999999
1.2068999999999999,0.1803410325
1.2071999999999998,0.18035568
1.2074999999999998,0.1803703125
1.2078,0.18038492999999997
1.2081,0.1803995325
1.2084,0.18041411999999998
1.2086999999999999,0.1804286925
1.2089999999999999,0.18044324999999997
1.2092999999999998,0.18045779249999996
1.2095999999999998,0.18047231999999996
1.2099,0.1804868325
1.2102,0.18050133
1.2105,0.18051581249999998
1.2107999999999999,0.18053028
1.2110999999999998,0.1805447325
1.2113999999999998,0.18055917
1.2117,0.1805735925
1.212,0.180588
1.2123,0.1806023925
1.2126,0.18061676999999998
1.2128999999999999,0.18063113249999999
1.2131999999999998,0.18064548
1.2134999999999998,0.1806598125
1.2138,0.18067413
1.2141,0.18068843249999997
1.2144,0.18070271999999998
1.2147,0.18071699249999998
1.2149999999999999,0.18073124999999998
1.2152999999999998,0.18074549249999997
1.2155999999999998,0.18075971999999998
1.2159,0.1807739325
1.2162,0.18078813
1.2165,0.1808023125
1.2167999999999999,0.18081648
1.2170999999999998,0.1808306325
1.2173999999999998,0.18084477
1.2176999999999998,0.18085889249999998
1.218,0.18087299999999998
1.2183,0.18088709249999999
1.2186,0.18090117
1.2188999999999999,0.1809152325
1.2191999999999998,0.18092928
1.2194999999999998,0.18094331249999998
1.2198,0.18095732999999997
1.2201,0.18097133249999997
1.2204,0.18098531999999998
1.2207,0.1809992925
1.2209999999999999,0.18101325
1.2212999999999998,0.1810271925
1.2215999999999998,0.18104111999999997
1.2219,0.1810550325
1.2222,0.18106893
1.2225,0.1810828125
1.2227999999999999,0.18109667999999998
1.2230999999999999,0.1811105325
1.2233999999999998,0.18112436999999998
1.2236999999999998,0.1811381925
1.224,0.18115199999999998
1.2243,0.18116579249999998
1.2246,0.18117956999999998
1.2248999999999999,0.1811933325
1.2251999999999998,0.18120708
1.2254999999999998,0.1812208125
1.2258,0.18123452999999998
1.2261,0.1812482325
1.2264,0.18126192
1.2267,0.18127559249999997
1.2269999999999999,0.18128924999999999
1.2272999999999998,0.18130289249999998
1.2275999999999998,0.18131651999999998
1.2279,0.1813301325
1.2282,0.18134373
1.2285,0.1813573125
1.2288,0.18137087999999998
1.2290999999999999,0.1813844325
1.2293999999999998,0.18139797
1.2296999999999998,0.1814114925
1.23,0.181425
1.2303,0.1814384925
1.2306,0.18145197
1.2308999999999999,0.1814654325
1.2311999999999999,0.18147887999999998
1.2314999999999998,0.18149231249999997
1.2317999999999998,0.18150572999999998
1.2321,0.18151913249999999
1.2324,0.18153251999999998
1.2327,0.18154589249999997
1.2329999999999999,0.18155924999999998
1.2332999999999998,0.18157259249999996
1.2335999999999998,0.18158591999999998
1.2339,0.1815992325
1.2342,0.18161253
1.2345,0.18162581249999998
1.2348,0.18163908
1.2350999999999999,0.18165233249999999
1.2353999999999998,0.18166557
1.2356999999999998,0.1816787925
1.236,0.181692
1.2363,0.1817051925
1.2366,0.18171837
1.2368999999999999,0.1817315325
1.2371999999999999,0.18174468
1.2374999999999998,0.18175781249999998
1.2377999999999998,0.18177092999999997
1.2381,0.18178403249999997
1.2384,0.18179711999999998
1.2387,0.18181019249999997
1.2389999999999999,0.18182325
1.2392999999999998,0.18183629249999997
1.2395999999999998,0.18184931999999998
1.2399,0.1818623325
1.2402,0.18187533
1.2405,0.1818883125
1.2408,0.18190128
1.2410999999999999,0.1819142325
1.2413999999999998,0.18192717
1.2416999999999998,0.18194009249999998
1.242,0.181953
1.2423,0.1819658925
1.2426,0.18197876999999998
1.2429,0.1819916325
1.2431999999999999,0.18200448
1.2434999999999998,0.18201731249999997
1.2437999999999998,0.18203012999999998
1.2441,0.18204293249999998
1.2444,0.18205571999999998
1.2447,0.18206849249999998
1.2449999999999999,0.18208124999999997
1.2452999999999999,0.18209399249999997
1.2455999999999998,0.18210671999999997
1.2458999999999998,0.18211943249999998
1.2462,0.18213213
1.2465,0.1821448125
1.2468,0.18215747999999998
1.2470999999999999,0.1821701325
1.2473999999999998,0.18218277
1.2476999999999998,0.1821953925
1.248,0.18220799999999998
1.2483,0.1822205925
1.2486,0.18223317
1.2489,0.18224573249999998
1.2491999999999999,0.18225828
1.2494999999999998,0.1822708125
1.2497999999999998,0.18228333
1.2501,0.18229583249999998
1.2504,0.18230831999999997
1.2507,0.18232079249999997
1.251,0.18233324999999997
1.2512999999999999,0.1823456925
1.2515999999999998,0.18235811999999998
1.2518999999999998,0.1823705325
1.2522,0.18238293
1.2525,0.1823953125
1.2528,0.18240768
1.2530999999999999,0.1824200325
1.2533999999999998,0.18243236999999998
1.2536999999999998,0.1824446925
1.2539999999999998,0.18245699999999998
1.2543,0.1824692925
1.2546,0.18248156999999998
1.2549,0.18249383249999998
1.2551999999999999,0.18250608
1.2554999999999998,0.18251831249999997
1.2557999999999998,0.18253053
1.2561,0.18254273249999997
1.2564,0.18255491999999998
1.2567,0.18256709249999997
1.257,0.18257924999999997
1.2572999999999999,0.18259139249999998
1.2575999999999998,0.18260351999999996
1.2578999999999998,0.18261563249999999
1.2582,0.18262773
1.2585,0.1826398125
1.2588,0.18265188
1.2590999999999999,0.1826639325
1.2593999999999999,0.18267597
1.2596999999999998,0.18268799249999998
1.2599999999999998,0.1827
1.2603,0.1827119925
1.2606,0.18272396999999999
1.2609,0.18273593249999998
1.2611999999999999,0.18274787999999997
1.2614999999999998,0.18275981249999998
1.2617999999999998,0.18277173
1.2621,0.1827836325
1.2624,0.18279552
1.2627,0.18280739249999997
1.263,0.18281925
1.2632999999999999,0.1828310925
1.2635999999999998,0.18284291999999996
1.2638999999999998,0.18285473249999998
1.2642,0.18286653
1.2645,0.1828783125
1.2648,0.18289008
1.2651,0.1829018325
1.2653999999999999,0.18291357
1.2656999999999998,0.1829252925
1.2659999999999998,0.182937
1.2663,0.18294869249999998
1.2666,0.18296036999999998
1.2669,0.1829720325
1.2671999999999999,0.18298367999999998
1.2674999999999998,0.18299531249999998
1.2677999999999998,0.18300692999999998
1.2680999999999998,0.1830185325
1.2684,0.18303012
1.2687,0.1830416925
1.269,0.18305324999999997
1.2692999999999999,0.1830647925
1.2695999999999998,0.18307632
1.2698999999999998,0.18308783249999996
1.2702,0.18309933
1.2705,0.1831108125
1.2708,0.18312228
1.2711,0.1831337325
1.2713999999999999,0.18314517
1.2716999999999998,0.1831565925
1.2719999999999998,0.183168
1.2723,0.18317939249999998
1.2726,0.18319077
1.2729,0.18320213249999998
1.2731999999999999,0.18321347999999998
1.2734999999999999,0.18322481249999997
1.2737999999999998,0.18323613
1.2740999999999998,0.18324743249999997
1.2744,0.18325871999999999
1.2747,0.18326999249999998
1.275,0.18328124999999998
1.2752999999999999,0.1832924925
1.2755999999999998,0.18330371999999998
1.2758999999999998,0.18331493249999997
1.2761999999999998,0.18332612999999998
1.2765,0.1833373125
1.2768,0.18334848
1.2771,0.1833596325
1.2773999999999999,0.18337077
1.2776999999999998,0.1833818925
1.2779999999999998,0.183393
1.2783,0.1834040925
1.2786,0.18341517
1.2789,0.18342623249999998
1.2792,0.18343727999999998
1.2794999999999999,0.1834483125
1.2797999999999998,0.18345932999999998
1.2800999999999998,0.18347033249999997
1.2804,0.18348131999999998
1.2807,0.1834922925
1.281,0.18350324999999998
1.2812999999999999,0.18351419249999998
1.2815999999999999,0.18352511999999999
1.2818999999999998,0.18353603249999997
1.2821999999999998,0.18354692999999997
1.2825,0.1835578125
1.2828,0.18356867999999998
1.2831,0.1835795325
1.2833999999999999,0.18359037
1.2836999999999998,0.18360119249999998
1.2839999999999998,0.183612
1.2843,0.1836227925
1.2846,0.18363357
1.2849,0.18364433249999998
1.2852,0.18365508
1.2854999999999999,0.1836658125
1.2857999999999998,0.18367652999999998
1.2860999999999998,0.1836872325
1.2864,0.18369792
1.2867,0.1837085925
1.287,0.18371924999999997
1.2872999999999999,0.1837298925
1.2875999999999999,0.18374052
1.2878999999999998,0.18375113249999997
1.2881999999999998,0.18376172999999998
1.2885,0.1837723125
1.2888,0.18378288
1.2891,0.1837934325
1.2893999999999999,0.18380396999999998
1.2896999999999998,0.18381449249999998
1.2899999999999998,0.183825
1.2902999999999998,0.1838354925
1.2906,0.18384597
1.2909,0.1838564325
1.2912,0.18386687999999998
1.2914999999999999,0.1838773125
1.2917999999999998,0.18388773
1.2920999999999998,0.18389813249999998
1.2924,0.18390852
1.2927,0.1839188925
1.293,0.18392925
1.2933,0.18393959249999997
1.2935999999999999,0.18394992
1.2938999999999998,0.1839602325
1.2941999999999998,0.18397052999999997
1.2945,0.1839808125
1.2948,0.18399108
1.2951,0.1840013325
1.2953999999999999,0.18401156999999999
1.2956999999999999,0.1840217925
1.2959999999999998,0.184032
1.2962999999999998,0.18404219249999998
1.2966,0.18405237
1.2969,0.1840625325
1.2972,0.18407268
1.2974999999999999,0.1840828125
1.2977999999999998,0.18409293
1.2980999999999998,0.18410303249999999
1.2983999999999998,0.18411312
1.2987,0.18412319249999998
1.299,0.18413324999999997
1.2993,0.18414329249999997
1.2995999999999999,0.18415331999999998
1.2998999999999998,0.18416333249999997
1.3001999999999998,0.18417332999999997
1.3005,0.1841833125
1.3008,0.18419328
1.3011,0.1842032325
1.3014,0.18421317
1.3016999999999999,0.1842230925
1.3019999999999998,0.184233
1.3022999999999998,0.1842428925
1.3026,0.18425276999999998
1.3029,0.1842626325
1.3032,0.18427248
1.3034999999999999,0.1842823125
1.3037999999999998,0.18429213
1.3040999999999998,0.1843019325
1.3043999999999998,0.18431171999999998
1.3047,0.1843214925
1.305,0.18433124999999997
1.3053,0.1843409925
1.3055999999999999,0.18435071999999997
1.3058999999999998,0.18436043249999998
1.3061999999999998,0.18437012999999997
1.3065,0.1843798125
1.3068,0.18438948
1.3071,0.1843991325
1.3074,0.18440877
1.3076999999999999,0.1844183925
1.3079999999999998,0.18442799999999998
1.3082999999999998,0.1844375925
1.3086,0.18444717
1.3089,0.1844567325
1.3092,0.18446627999999998
1.3094999999999999,0.18447581249999997
1.3097999999999999,0.18448532999999998
1.3100999999999998,0.18449483249999998
1.3103999999999998,0.18450431999999997
1.3107,0.1845137925
1.311,0.18452324999999997
1.3113,0.18453269249999998
1.3115999999999999,0.18454211999999998
1.3118999999999998,0.18455153249999998
1.3121999999999998,0.18456092999999998
1.3124999999999998,0.18457031249999997
1.3128,0.18457968
1.3131,0.1845890325
1.3134,0.18459836999999998
1.3136999999999999,0.1846076925
1.3139999999999998,0.184617
1.3142999999999998,0.18462629249999998
1.3146,0.18463557
1.3149,0.1846448325
1.3152,0.18465408
1.3155,0.18466331249999998
1.3157999999999999,0.18467253
1.3160999999999998,0.18468173249999997
1.3163999999999998,0.18469091999999998
1.3167,0.1847000925
1.317,0.18470925
1.3173,0.1847183925
1.3175999999999999,0.18472751999999998
1.3178999999999998,0.18473663249999997
1.3181999999999998,0.18474572999999997
1.3184999999999998,0.18475481249999998
1.3188,0.18476388
1.3191,0.1847729325
1.3194,0.18478197
1.3196999999999999,0.1847909925
1.3199999999999998,0.1848
1.3202999999999998,0.1848089925
1.3205999999999998,0.18481797
1.3209,0.18482693249999999
1.3212,0.18483587999999998
1.3215,0.18484481249999998
1.3217999999999999,0.18485373
1.3220999999999998,0.18486263249999998
1.3223999999999998,0.18487151999999998
1.3227,0.1848803925
1.323,0.18488924999999998
1.3233,0.18489809249999997
1.3235999999999999,0.18490691999999997
1.3238999999999999,0.18491573249999999
1.3241999999999998,0.18492452999999998
1.3244999999999998,0.18493331249999997
1.3248,0.18494208
1.3251,0.1849508325
1.3254,0.18495957
1.3256999999999999,0.1849682925
1.3259999999999998,0.184977
1.3262999999999998,0.1849856925
1.3265999999999998,0.18499437
1.3269,0.1850030325
1.3272,0.18501167999999998
1.3275,0.18502031249999998
1.3277999999999999,0.18502892999999998
1.3280999999999998,0.1850375325
1.3283999999999998,0.18504611999999998
1.3287,0.18505469249999998
1.329,0.18506324999999998
1.3293,0.18507179249999997
1.3296,0.18508032
1.3298999999999999,0.18508883249999997
1.3301999999999998,0.18509732999999998
1.3304999999999998,0.18510581249999997
1.3308,0.18511428
1.3311,0.1851227325
1.3314,0.18513116999999998
1.3316999999999999,0.1851395925
1.3319999999999999,0.185148
1.3322999999999998,0.1851563925
1.3325999999999998,0.18516477
1.3329,0.1851731325
1.3332,0.18518147999999998
1.3335,0.1851898125
1.3337999999999999,0.18519813
1.3340999999999998,0.1852064325
1.3343999999999998,0.18521472
1.3346999999999998,0.1852229925
1.335,0.18523125
1.3353,0.1852394925
1.3356,0.18524771999999998
1.3358999999999999,0.18525593249999997
1.3361999999999998,0.18526412999999997
1.3364999999999998,0.18527231249999998
1.3368,0.18528048
1.3371,0.1852886325
1.3374,0.18529677
1.3377,0.18530489249999998
1.3379999999999999,0.185313
1.3382999999999998,0.1853210925
1.3385999999999998,0.18532917
1.3389,0.1853372325
1.3392,0.18534528
1.3395,0.18535331249999998
1.3397999999999999,0.18536133
1.3400999999999998,0.18536933249999998
1.3403999999999998,0.18537731999999998
1.3406999999999998,0.1853852925
1.341,0.18539324999999998
1.3413,0.18540119249999998
1.3416,0.18540911999999998
1.3418999999999999,0.18541703249999997
1.3421999999999998,0.18542493
1.3424999999999998,0.1854328125
1.3427999999999998,0.18544067999999997
1.3431,0.18544853249999999
1.3434,0.18545637
1.3437,0.18546419249999999
1.3439999999999999,0.185472
1.3442999999999998,0.1854797925
1.3445999999999998,0.18548757
1.3449,0.1854953325
1.3452,0.18550308
1.3455,0.18551081249999998
1.3457999999999999,0.18551853
1.3460999999999999,0.1855262325
1.3463999999999998,0.18553392
1.3466999999999998,0.1855415925
1.347,0.18554924999999997
1.3473,0.1855568925
1.3476,0.18556451999999998
1.3478999999999999,0.1855721325
1.3481999999999998,0.18557972999999997
1.3484999999999998,0.1855873125
1.3487999999999998,0.18559488
1.3491,0.1856024325
1.3494,0.18560996999999999
1.3497,0.1856174925
1.3499999999999999,0.18562499999999998
1.3502999999999998,0.1856324925
1.3505999999999998,0.18563997
1.3509,0.1856474325
1.3512,0.18565488
1.3515,0.18566231249999998
1.3518,0.18566972999999998
1.3520999999999999,0.18567713249999998
1.3523999999999998,0.18568452
1.3526999999999998,0.18569189249999998
1.353,0.18569924999999998
1.3533,0.1857065925
1.3536,0.18571391999999998
1.3538999999999999,0.18572123249999997
1.3541999999999998,0.18572852999999998
1.3544999999999998,0.18573581249999999
1.3547999999999998,0.18574307999999998
1.3551,0.1857503325
1.3554,0.18575757
1.3557,0.1857647925
1.3559999999999999,0.185772
1.3562999999999998,0.1857791925
1.3565999999999998,0.18578637
1.3568999999999998,0.1857935325
1.3572,0.18580068
1.3575,0.1858078125
1.3578,0.18581493
1.3580999999999999,0.18582203249999998
1.3583999999999998,0.18582912
1.3586999999999998,0.1858361925
1.359,0.18584325
1.3593,0.1858502925
1.3596,0.18585732
1.3598999999999999,0.18586433249999998
1.3601999999999999,0.18587132999999997
1.3604999999999998,0.18587831249999998
1.3607999999999998,0.18588527999999999
1.3611,0.1858922325
1.3614,0.18589917
1.3617,0.1859060925
1.3619999999999999,0.185913
1.3622999999999998,0.1859198925
1.3625999999999998,0.18592677
1.3628999999999998,0.1859336325
1.3632,0.18594048
1.3635,0.1859473125
1.3638,0.18595413
1.3640999999999999,0.18596093249999998
1.3643999999999998,0.18596771999999998
1.3646999999999998,0.18597449249999998
1.365,0.18598125
1.3653,0.18598799249999998
1.3656,0.18599471999999997
1.3659,0.18600143249999998
1.3661999999999999,0.18600813
1.3664999999999998,0.1860148125
1.3667999999999998,0.18602148
1.3671,0.1860281325
1.3674,0.18603477
1.3677,0.18604139249999999
1.3679999999999999,0.186048
1.3682999999999998,0.1860545925
1.3685999999999998,0.18606117
1.3688999999999998,0.1860677325
1.3692,0.18607427999999998
1.3695,0.1860808125
1.3698,0.18608733
1.3700999999999999,0.1860938325
1.3703999999999998,0.18610031999999999
1.3706999999999998,0.18610679249999998
1.3709999999999998,0.18611324999999998
1.3713,0.1861196925
1.3716,0.18612611999999998
1.3719,0.18613253249999998
1.3721999999999999,0.18613892999999998
1.3724999999999998,0.1861453125
1.3727999999999998,0.18615167999999999
1.3731,0.1861580325
1.3734,0.18616437
1.3737,0.18617069249999998
1.3739999999999999,0.186177
1.3742999999999999,0.18618329249999999
1.3745999999999998,0.18618957
1.3748999999999998,0.1861958325
1.3752,0.18620208
1.3755,0.1862083125
1.3758,0.18621453
1.3760999999999999,0.18622073249999999
1.3763999999999998,0.18622692
1.3766999999999998,0.18623309249999997
1.3769999999999998,0.18623925
1.3773,0.1862453925
1.3776,0.18625151999999998
1.3779,0.1862576325
1.3781999999999999,0.18626373
1.3784999999999998,0.1862698125
1.3787999999999998,0.18627587999999998
1.3790999999999998,0.18628193249999997
1.3794,0.18628797
1.3797,0.1862939925
1.38,0.1863
1.3802999999999999,0.1863059925
1.3805999999999998,0.18631197
1.3808999999999998,0.1863179325
1.3812,0.18632388
1.3815,0.1863298125
1.3818,0.18633572999999998
1.3820999999999999,0.1863416325
1.3823999999999999,0.18634752
1.3826999999999998,0.1863533925
1.3829999999999998,0.18635924999999998
1.3833,0.1863650925
1.3836,0.18637092
1.3839,0.18637673249999998
1.3841999999999999,0.18638253
1.3844999999999998,0.1863883125
1.3847999999999998,0.18639408
1.3850999999999998,0.18639983249999997
1.3854,0.18640557
1.3857,0.1864112925
1.386,0.186417
1.3862999999999999,0.1864226925
1.3865999999999998,0.18642837
1.3868999999999998,0.18643403249999999
1.3872,0.18643968
1.3875,0.1864453125
1.3878,0.18645093
1.3881,0.1864565325
1.3883999999999999,0.18646211999999998
1.3886999999999998,0.18646769249999998
1.3889999999999998,0.18647324999999998
1.3893,0.1864787925
1.3896,0.18648431999999998
1.3899,0.18648983249999998
1.3901999999999999,0.18649533
1.3904999999999998,0.18650081249999997
1.3907999999999998,0.18650627999999997
1.3910999999999998,0.18651173249999997
1.3914,0.18651717
1.3917,0.1865225925
1.392,0.186528
1.3922999999999999,0.1865333925
1.3925999999999998,0.18653877
1.3928999999999998,0.1865441325
1.3931999999999998,0.18654948
1.3935,0.1865548125
1.3938,0.18656013
1.3941,0.1865654325
1.3943999999999999,0.18657072
1.3946999999999998,0.18657599249999998
1.3949999999999998,0.18658124999999998
1.3953,0.18658649249999998
1.3956,0.18659172
1.3959,0.18659693249999998
1.3961999999999999,0.18660212999999998
1.3964999999999999,0.18660731249999998
1.3967999999999998,0.18661247999999997
1.3970999999999998,0.1866176325
1.3974,0.18662277
1.3977,0.1866278925
1.398,0.186633
1.3982999999999999,0.1866380925
1.3985999999999998,0.18664317
1.3988999999999998,0.18664823249999998
1.3991999999999998,0.18665328
1.3995,0.18665831249999998
1.3998,0.18666333
1.4001,0.18666833249999998
1.4003999999999999,0.18667332
1.4006999999999998,0.18667829249999998
1.4009999999999998,0.18668325
1.4012999999999998,0.1866881925
1.4016,0.18669312
1.4019,0.18669803249999997
1.4022,0.18670293
1.4024999999999999,0.1867078125
1.4027999999999998,0.18671268
1.4030999999999998,0.18671753249999998
1.4034,0.18672237
1.4037,0.1867271925
1.404,0.186732
1.4042999999999999,0.1867367925
1.4045999999999998,0.18674157
1.4048999999999998,0.1867463325
1.4051999999999998,0.18675107999999999
1.4055,0.18675581249999998
1.4058,0.18676052999999998
1.4061,0.1867652325
1.4063999999999999,0.18676991999999998
1.4066999999999998,0.1867745925
1.4069999999999998,0.18677924999999998
1.4072999999999998,0.1867838925
1.4076,0.18678851999999999
1.4079,0.1867931325
1.4082,0.18679773
1.4084999999999999,0.18680231249999998
1.4087999999999998,0.18680687999999998
1.4090999999999998,0.18681143249999999
1.4094,0.18681597
1.4097,0.1868204925
1.41,0.186825
1.4102999999999999,0.1868294925
1.4105999999999999,0.18683397
1.4108999999999998,0.18683843249999998
1.4111999999999998,0.18684288
1.4115,0.1868473125
1.4118,0.18685173
1.4121,0.1868561325
1.4123999999999999,0.18686052
1.4126999999999998,0.1868648925
1.4129999999999998,0.18686925
1.4132999999999998,0.1868735925
1.4136,0.18687791999999998
1.4139,0.1868822325
1.4142,0.18688653
1.4144999999999999,0.18689081249999998
1.4147999999999998,0.18689508
1.4150999999999998,0.1868993325
1.4153999999999998,0.18690357
1.4157,0.1869077925
1.416,0.186912
1.4163,0.1869161925
1.4165999999999999,0.18692037
1.4168999999999998,0.1869245325
1.4171999999999998,0.18692867999999999
1.4175,0.1869328125
1.4178,0.18693693
1.4181,0.1869410325
1.4183999999999999,0.18694512
1.4186999999999999,0.1869491925
1.4189999999999998,0.18695325
1.4192999999999998,0.18695729249999998
1.4196,0.18696132
1.4199,0.1869653325
1.4202,0.18696933
1.4204999999999999,0.1869733125
1.4207999999999998,0.18697728
1.4210999999999998,0.18698123249999998
1.4213999999999998,0.18698516999999998
1.4217,0.1869890925
1.422,0.186993
1.4223,0.1869968925
1.4225999999999999,0.18700077
1.4228999999999998,0.1870046325
1.4231999999999998,0.18700848
1.4234999999999998,0.1870123125
1.4238,0.18701613
1.4241,0.18701993249999999
1.4243999999999999,0.18702372
1.4246999999999999,0.1870274925
1.4249999999999998,0.18703124999999998
1.4252999999999998,0.1870349925
1.4256,0.18703872
1.4259,0.1870424325
1.4262,0.18704612999999998
1.4264999999999999,0.1870498125
1.4267999999999998,0.18705348
1.4270999999999998,0.18705713249999997
1.4273999999999998,0.18706077
1.4277,0.1870643925
1.428,0.187068
1.4283,0.1870715925
1.4285999999999999,0.18707516999999999
1.4288999999999998,0.1870787325
1.4291999999999998,0.18708228
1.4294999999999998,0.1870858125
1.4298,0.18708933
1.4301,0.1870928325
1.4304,0.18709631999999998
1.4306999999999999,0.1870997925
1.4309999999999998,0.18710325
1.4312999999999998,0.18710669249999998
1.4316,0.18711012
1.4319,0.18711353249999998
1.4322,0.18711693
1.4324999999999999,0.1871203125
1.4327999999999999,0.18712368
1.4330999999999998,0.18712703249999998
1.4333999999999998,0.18713037
1.4337,0.1871336925
1.434,0.187137
1.4343,0.1871402925
1.4345999999999999,0.18714357
1.4348999999999998,0.1871468325
1.4351999999999998,0.18715008
1.4354999999999998,0.1871533125
1.4358,0.18715653
1.4361,0.18715973249999998
1.4364,0.18716291999999998
1.4366999999999999,0.1871660925
1.4369999999999998,0.18716924999999998
1.4372999999999998,0.18717239249999998
1.4375999999999998,0.18717551999999998
1.4379,0.1871786325
1.4382,0.18718173
1.4385,0.1871848125
1.4387999999999999,0.18718787999999997
1.4390999999999998,0.1871909325
1.4393999999999998,0.18719397
1.4397,0.1871969925
1.44,0.1872
1.4403,0.1872029925
1.4405999999999999,0.18720597
1.4408999999999998,0.1872089325
1.4411999999999998,0.18721188
1.4414999999999998,0.1872148125
1.4418,0.18721773
1.4421,0.18722063249999998
1.4424,0.18722352
1.4426999999999999,0.1872263925
1.4429999999999998,0.18722924999999999
1.4432999999999998,0.1872320925
1.4435999999999998,0.18723492
1.4439,0.18723773249999998
1.4442,0.18724053
1.4445,0.18724331249999998
1.4447999999999999,0.18724607999999998
1.4450999999999998,0.1872488325
1.4453999999999998,0.18725156999999998
1.4456999999999998,0.18725429249999997
1.446,0.187257
1.4463,0.1872596925
1.4465999999999999,0.18726237
1.4468999999999999,0.1872650325
1.4471999999999998,0.18726768
1.4474999999999998,0.1872703125
1.4478,0.18727293
1.4481,0.18727553249999998
1.4484,0.18727812
1.4486999999999999,0.18728069249999998
1.4489999999999998,0.18728324999999998
1.4492999999999998,0.1872857925
1.4495999999999998,0.18728831999999998
1.4499,0.18729083249999998
1.4502,0.18729332999999998
1.4505,0.1872958125
1.4507999999999999,0.18729827999999998
1.4510999999999998,0.18730073249999998
1.4513999999999998,0.18730317
1.4516999999999998,0.18730559249999998
1.452,0.187308
1.4523,0.1873103925
1.4526,0.18731277
1.4528999999999999,0.1873151325
1.4531999999999998,0.18731748
1.4534999999999998,0.1873198125
1.4538,0.18732213
1.4541,0.1873244325
1.4544,0.18732672
1.4546999999999999,0.18732899249999999
1.4549999999999998,0.18733125
1.4552999999999998,0.1873334925
1.4555999999999998,0.18733571999999998
1.4559,0.1873379325
1.4562,0.18734013
1.4565,0.1873423125
1.4567999999999999,0.18734447999999998
1.4570999999999998,0.18734663249999997
1.4573999999999998,0.18734877
1.4576999999999998,0.18735089249999998
1.458,0.187353
1.4583,0.1873550925
1.4586,0.18735717
1.4588999999999999,0.1873592325
1.4591999999999998,0.18736128
1.4594999999999998,0.1873633125
1.4597999999999998,0.18736533
1.4601,0.18736733249999998
1.4604,0.18736932
1.4606999999999999,0.18737129249999998
1.4609999999999999,0.18737325
1.4612999999999998,0.18737519249999998
1.4615999999999998,0.18737711999999998
1.4619,0.1873790325
1.4622,0.18738092999999997
1.4625,0.1873828125
1.4627999999999999,0.18738468
1.4630999999999998,0.18738653249999998
1.4633999999999998,0.18738836999999997
1.4636999999999998,0.1873901925
1.464,0.187392
1.4643,0.1873937925
1.4646,0.18739557
1.4648999999999999,0.18739733249999999
1.4651999999999998,0.18739908
1.4654999999999998,0.18740081249999999
1.4657999999999998,0.18740253
1.4661,0.1874042325
1.4664,0.18740592
1.4667,0.1874075925
1.4669999999999999,0.18740925
1.4672999999999998,0.18741089249999998
1.4675999999999998,0.18741252
1.4678999999999998,0.1874141325
1.4682,0.18741572999999997
1.4685,0.1874173125
1.4687999999999999,0.18741887999999998
1.4690999999999999,0.18742043249999998
1.4693999999999998,0.18742197
1.4696999999999998,0.18742349249999998
1.47,0.187425
1.4703,0.18742649249999999
1.4706,0.18742797
1.4708999999999999,0.1874294325
1.4711999999999998,0.18743088
1.4714999999999998,0.1874323125
1.4717999999999998,0.18743373
1.4721,0.1874351325
1.4724,0.18743652
1.4727,0.18743789249999998
1.4729999999999999,0.18743925
1.4732999999999998,0.1874405925
1.4735999999999998,0.18744191999999998
1.4738999999999998,0.1874432325
1.4742,0.18744453
1.4745,0.18744581249999998
1.4747999999999999,0.18744708
1.4750999999999999,0.18744833249999998
1.4753999999999998,0.18744956999999998
1.4756999999999998,0.1874507925
1.476,0.187452
1.4763,0.1874531925
1.4766,0.18745437
1.4768999999999999,0.1874555325
1.4771999999999998,0.18745668
1.4774999999999998,0.1874578125
1.4777999999999998,0.18745893
1.4781,0.18746003249999998
1.4784,0.18746111999999998
1.4787,0.18746219249999999
1.4789999999999999,0.18746325
1.4792999999999998,0.1874642925
1.4795999999999998,0.18746532
1.4798999999999998,0.1874663325
1.4802,0.18746733
1.4805,0.18746831249999998
1.4808,0.18746928
1.4810999999999999,0.18747023249999997
1.4813999999999998,0.18747117
1.4816999999999998,0.1874720925
1.4819999999999998,0.18747299999999997
1.4823,0.1874738925
1.4826,0.18747477
1.4828999999999999,0.1874756325
1.4831999999999999,0.18747648
1.4834999999999998,0.1874773125
1.4837999999999998,0.18747813
1.4841,0.1874789325
1.4844,0.18747972
1.4847,0.18748049249999998
1.4849999999999999,0.18748125
1.4852999999999998,0.1874819925
1.4855999999999998,0.18748272
1.4858999999999998,0.1874834325
1.4862,0.18748413
1.4865,0.1874848125
1.4868,0.18748547999999998
1.4870999999999999,0.18748613249999999
1.4873999999999998,0.18748677
1.4876999999999998,0.1874873925
1.4879999999999998,0.187488
1.4883,0.1874885925
1.4886,0.18748917
1.4889,0.1874897325
1.4891999999999999,0.18749028
1.4894999999999998,0.1874908125
1.4897999999999998,0.18749133
1.4901,0.18749183249999998
1.4904,0.18749232
1.4907,0.1874927925
1.4909999999999999,0.18749325
1.4912999999999998,0.1874936925
1.4915999999999998,0.18749412
1.4918999999999998,0.1874945325
1.4922,0.18749492999999998
1.4925,0.18749531249999998
1.4928,0.18749568
1.4930999999999999,0.1874960325
1.4933999999999998,0.18749637
1.4936999999999998,0.18749669249999998
1.4939999999999998,0.187497
1.4943,0.1874972925
1.4946,0.18749757
1.4949,0.1874978325
1.4951999999999999,0.18749808
1.4954999999999998,0.1874983125
1.4957999999999998,0.18749853
1.4960999999999998,0.1874987325
1.4964,0.18749891999999999
1.4967,0.1874990925
1.4969999999999999,0.18749925
1.4972999999999999,0.1874993925
1.4975999999999998,0.18749952
1.4978999999999998,0.18749963249999999
1.4982,0.18749972999999998
1.4985,0.18749981249999997
1.4988,0.18749987999999998
1.4990999999999999,0.1874999325
1.4993999999999998,0.18749997
1.4996999999999998,0.1874999925
1.4999999999999998,0.18749999999999997
1.5003,0.1874999925
1.5006,0.18749997
1.5009,0.1874999325
1.5011999999999999,0.18749988
1.5014999999999998,0.1874998125
1.5017999999999998,0.18749973
1.5020999999999998,0.1874996325
1.5024,0.18749951999999998
1.5027,0.18749939249999997
1.503,0.18749924999999998
1.5032999999999999,0.18749909249999996
1.5035999999999998,0.18749891999999999
1.5038999999999998,0.18749873249999996
1.5041999999999998,0.18749852999999997
1.5045,0.1874983125
1.5048,0.18749807999999998
1.5050999999999999,0.1874978325
1.5053999999999998,0.18749756999999997
1.5056999999999998,0.1874972925
1.5059999999999998,0.187497
1.5063,0.1874966925
1.5066,0.18749637
1.5069,0.1874960325
1.5071999999999999,0.18749568
1.5074999999999998,0.1874953125
1.5077999999999998,0.18749493
1.5080999999999998,0.1874945325
1.5084,0.18749411999999996
1.5087,0.18749369249999998
1.509,0.18749324999999997
1.5092999999999999,0.18749279249999998
1.5095999999999998,0.18749231999999996
1.5098999999999998,0.18749183249999998
1.5101999999999998,0.18749132999999998
1.5105,0.1874908125
1.5108,0.18749027999999998
1.5110999999999999,0.18748973249999998
1.5113999999999999,0.18748916999999998
1.5116999999999998,0.1874885925
1.5119999999999998,0.187488
1.5123,0.1874873925
1.5126,0.18748677
1.5129,0.1874861325
1.5131999999999999,0.18748548
1.5134999999999998,0.1874848125
1.5137999999999998,0.18748413
1.5140999999999998,0.1874834325
1.5144,0.18748271999999996
1.5147,0.18748199249999997
1.515,0.18748124999999996
1.5152999999999999,0.18748049249999998
1.5155999999999998,0.18747971999999996
1.5158999999999998,0.18747893249999997
1.5161999999999998,0.18747812999999997
1.5165,0.1874773125
1.5168,0.18747647999999997
1.5171,0.1874756325
1.5173999999999999,0.18747476999999999
1.5176999999999998,0.1874738925
1.5179999999999998,0.187473
1.5182999999999998,0.1874720925
1.5186,0.18747117
1.5189,0.1874702325
1.5191999999999999,0.18746928
1.5194999999999999,0.1874683125
1.5197999999999998,0.18746733
1.5200999999999998,0.1874663325
1.5204,0.18746531999999996
1.5207,0.18746429249999996
1.521,0.18746324999999997
1.5212999999999999,0.18746219249999999
1.5215999999999998,0.18746111999999998
1.5218999999999998,0.18746003249999998
1.5221999999999998,0.18745892999999997
1.5225,0.1874578125
1.5228,0.18745668
1.5231,0.1874555325
1.5233999999999999,0.18745436999999998
1.5236999999999998,0.18745319249999998
1.5239999999999998,0.18745199999999998
1.5242999999999998,0.1874507925
1.5246,0.18744957
1.5249,0.1874483325
1.5252,0.18744708
1.5254999999999999,0.1874458125
1.5257999999999998,0.18744453
1.5260999999999998,0.1874432325
1.5263999999999998,0.18744192
1.5267,0.18744059249999998
1.527,0.18743924999999997
1.5272999999999999,0.18743789249999998
1.5275999999999998,0.18743651999999997
1.5278999999999998,0.18743513249999996
1.5281999999999998,0.18743372999999997
1.5285,0.18743231249999998
1.5288,0.18743088
1.5291,0.1874294325
1.5293999999999999,0.18742797
1.5296999999999998,0.18742649249999999
1.5299999999999998,0.18742499999999998
1.5302999999999998,0.18742349249999998
1.5306,0.18742197
1.5309,0.1874204325
1.5312,0.18741888
1.5314999999999999,0.1874173125
1.5317999999999998,0.18741573
1.5320999999999998,0.1874141325
1.5323999999999998,0.18741252
1.5327,0.18741089249999998
1.533,0.18740924999999997
1.5332999999999999,0.18740759249999997
1.5335999999999999,0.18740591999999998
1.5338999999999998,0.18740423249999996
1.5341999999999998,0.18740252999999998
1.5345,0.18740081249999999
1.5348,0.18739908
1.5351,0.18739733249999999
1.5353999999999999,0.18739556999999998
1.5356999999999998,0.1873937925
1.5359999999999998,0.18739199999999998
1.5362999999999998,0.1873901925
1.5366,0.18738837
1.5369,0.1873865325
1.5372,0.18738468
1.5374999999999999,0.1873828125
1.5377999999999998,0.18738093
1.5380999999999998,0.18737903250000001
1.5383999999999998,0.18737712
1.5387,0.18737519249999998
1.539,0.18737324999999996
1.5393,0.18737129249999998
1.5395999999999999,0.18736931999999998
1.5398999999999998,0.18736733249999998
1.5401999999999998,0.18736532999999997
1.5404999999999998,0.18736331249999996
1.5408,0.18736128
1.5411,0.1873592325
1.5413999999999999,0.18735717
1.5416999999999998,0.1873550925
1.5419999999999998,0.187353
1.5422999999999998,0.18735089249999998
1.5426,0.18734877
1.5429,0.1873466325
1.5432,0.18734448
1.5434999999999999,0.1873423125
1.5437999999999998,0.18734013
1.5440999999999998,0.1873379325
1.5443999999999998,0.18733572
1.5447,0.18733349249999998
1.545,0.18733124999999998
1.5453,0.18732899249999999
1.5455999999999999,0.18732671999999997
1.5458999999999998,0.18732443249999997
1.5461999999999998,0.18732212999999998
1.5464999999999998,0.1873198125
1.5468,0.18731747999999998
1.5471,0.18731513249999998
1.5473999999999999,0.18731277
1.5476999999999999,0.18731039249999998
1.5479999999999998,0.18730799999999997
1.5482999999999998,0.18730559249999998
1.5485999999999998,0.18730317
1.5489,0.1873007325
1.5492,0.18729828
1.5494999999999999,0.1872958125
1.5497999999999998,0.18729333
1.5500999999999998,0.1872908325
1.5503999999999998,0.18728832
1.5507,0.18728579249999996
1.551,0.18728324999999998
1.5513,0.18728069249999998
1.5515999999999999,0.18727811999999996
1.5518999999999998,0.18727553249999998
1.5521999999999998,0.18727292999999998
1.5524999999999998,0.18727031249999998
1.5528,0.18726768
1.5531,0.18726503249999998
1.5534,0.18726236999999998
1.5536999999999999,0.1872596925
1.5539999999999998,0.18725699999999998
1.5542999999999998,0.18725429249999997
1.5545999999999998,0.18725156999999998
1.5549,0.1872488325
1.5552,0.18724608
1.5554999999999999,0.1872433125
1.5557999999999998,0.18724053
1.5560999999999998,0.1872377325
1.5563999999999998,0.18723492
1.5567,0.18723209249999997
1.557,0.18722924999999999
1.5573,0.18722639249999998
1.5575999999999999,0.18722351999999998
1.5578999999999998,0.18722063249999998
1.5581999999999998,0.18721772999999997
1.5584999999999998,0.18721481249999997
1.5588,0.18721188
1.5591,0.18720893249999998
1.5594,0.18720597
1.5596999999999999,0.1872029925
1.5599999999999998,0.18719999999999998
1.5602999999999998,0.1871969925
1.5605999999999998,0.18719397
1.5609,0.1871909325
1.5612,0.18718788
1.5614999999999999,0.1871848125
1.5617999999999999,0.18718173
1.5620999999999998,0.1871786325
1.5623999999999998,0.18717552
1.5626999999999998,0.1871723925
1.563,0.18716924999999998
1.5633,0.18716609249999996
1.5635999999999999,0.18716291999999998
1.5638999999999998,0.18715973249999998
1.5641999999999998,0.18715653
1.5644999999999998,0.18715331249999997
1.5648,0.18715008
1.5651,0.1871468325
1.5654,0.18714356999999998
1.5656999999999999,0.1871402925
1.5659999999999998,0.187137
1.5662999999999998,0.18713369249999998
1.5665999999999998,0.18713037
1.5669,0.1871270325
1.5672,0.18712368000000001
1.5675,0.1871203125
1.5677999999999999,0.18711693000000001
1.5680999999999998,0.1871135325
1.5683999999999998,0.18711012
1.5686999999999998,0.1871066925
1.569,0.18710324999999997
1.5693,0.18709979249999997
1.5695999999999999,0.18709631999999998
1.5698999999999999,0.18709283249999997
1.5701999999999998,0.18708932999999997
1.5704999999999998,0.18708581249999998
1.5707999999999998,0.18708228
1.5711,0.18707873249999998
1.5714,0.18707516999999999
1.5716999999999999,0.1870715925
1.5719999999999998,0.18706799999999998
1.5722999999999998,0.18706439249999998
1.5725999999999998,0.18706077
1.5729,0.1870571325
1.5732,0.18705348
1.5735,0.1870498125
1.5737999999999999,0.18704613
1.5740999999999998,0.1870424325
1.5743999999999998,0.18703872
1.5746999999999998,0.1870349925
1.575,0.18703124999999998
1.5753,0.18702749249999998
1.5756,0.18702371999999998
1.5758999999999999,0.18701993249999999
1.5761999999999998,0.18701612999999997
1.5764999999999998,0.18701231249999997
1.5767999999999998,0.18700847999999998
1.5771,0.1870046325
1.5774,0.18700076999999998
1.5776999999999999,0.18699689249999998
1.5779999999999998,0.186993
1.5782999999999998,0.18698909249999998
1.5785999999999998,0.18698516999999998
1.5789,0.1869812325
1.5792,0.18697728
1.5795,0.1869733125
1.5797999999999999,0.18696933
1.5800999999999998,0.1869653325
1.5803999999999998,0.18696132000000001
1.5806999999999998,0.1869572925
1.581,0.18695325
1.5813,0.18694919249999997
1.5816,0.18694511999999996
1.5818999999999999,0.18694103249999997
1.5821999999999998,0.18693692999999997
1.5824999999999998,0.1869328125
1.5827999999999998,0.18692867999999999
1.5831,0.1869245325
1.5834,0.18692036999999997
1.5836999999999999,0.1869161925
1.5839999999999999,0.186912
1.5842999999999998,0.1869077925
1.5845999999999998,0.18690357
1.5848999999999998,0.1868993325
1.5852,0.18689508
1.5855,0.1868908125
1.5857999999999999,0.18688653
1.5860999999999998,0.1868822325
1.5863999999999998,0.18687792
1.5866999999999998,0.1868735925
1.587,0.18686925
1.5873,0.18686489249999996
1.5876,0.18686051999999997
1.5878999999999999,0.18685613249999997
1.5881999999999998,0.18685172999999997
1.5884999999999998,0.18684731249999997
1.5887999999999998,0.18684288
1.5891,0.18683843249999998
1.5894,0.18683397
1.5897,0.1868294925
1.5899999999999999,0.186825
1.5902999999999998,0.1868204925
1.5905999999999998,0.18681597
1.5908999999999998,0.18681143249999999
1.5912,0.18680688
1.5915,0.1868023125
1.5917999999999999,0.18679773
1.5920999999999998,0.18679313250000001
1.5923999999999998,0.18678852
1.5926999999999998,0.1867838925
1.5929999999999997,0.18677925
1.5933,0.18677459249999998
1.5936,0.18676991999999998
1.5938999999999999,0.1867652325
1.5941999999999998,0.18676052999999998
1.5944999999999998,0.18675581249999998
1.5947999999999998,0.18675107999999999
1.5951,0.1867463325
1.5954,0.18674157
1.5957,0.1867367925
1.5959999999999999,0.18673199999999998
1.5962999999999998,0.1867271925
1.5965999999999998,0.18672237
1.5968999999999998,0.18671753249999998
1.5972,0.18671268
1.5975,0.18670781250000001
1.5977999999999999,0.18670293
1.5980999999999999,0.1866980325
1.5983999999999998,0.18669312
1.5986999999999998,0.18668819250000002
1.5989999999999998,0.18668325
1.5993,0.18667829249999998
1.5996,0.18667331999999998
1.5998999999999999,0.18666833249999998
1.6001999999999998,0.18666333
1.6004999999999998,0.18665831249999998
1.6007999999999998,0.18665327999999998
1.6011,0.18664823249999998
1.6014,0.18664317
1.6017,0.1866380925
1.6019999999999999,0.186633
1.6022999999999998,0.1866278925
1.6025999999999998,0.18662277
1.6028999999999998,0.1866176325
1.6032,0.18661248
1.6035,0.1866073125
1.6038,0.18660213
1.6040999999999999,0.1865969325
1.6043999999999998,0.18659172000000002
1.6046999999999998,0.1865864925
1.6049999999999998,0.18658125
1.6053,0.18657599249999998
1.6056,0.18657071999999997
1.6058999999999999,0.1865654325
1.6061999999999999,0.18656013
1.6064999999999998,0.18655481249999997
1.6067999999999998,0.18654948
1.6070999999999998,0.1865441325
1.6074,0.18653877
1.6077,0.18653339249999998
1.6079999999999999,0.186528
1.6082999999999998,0.1865225925
1.6085999999999998,0.18651716999999998
1.6088999999999998,0.1865117325
1.6092,0.18650628
1.6095,0.1865008125
1.6098,0.18649533000000001
1.6100999999999999,0.1864898325
1.6103999999999998,0.18648432
1.6106999999999998,0.1864787925
1.6109999999999998,0.18647325
1.6113,0.18646769249999998
1.6116,0.18646211999999998
1.6118999999999999,0.18645653249999997
1.6121999999999999,0.18645093
1.6124999999999998,0.1864453125
1.6127999999999998,0.18643967999999997
1.6130999999999998,0.18643403249999999
1.6134,0.18642836999999998
1.6137,0.1864226925
1.6139999999999999,0.186417
1.6142999999999998,0.1864112925
1.6145999999999998,0.18640557
1.6148999999999998,0.1863998325
1.6152,0.18639408
1.6155,0.18638831250000001
1.6158,0.18638253
1.6160999999999999,0.1863767325
1.6163999999999998,0.18637092
1.6166999999999998,0.1863650925
1.6169999999999998,0.18635925
1.6173,0.18635339249999996
1.6176,0.18634752
1.6179,0.18634163249999997
1.6181999999999999,0.18633572999999998
1.6184999999999998,0.18632981249999997
1.6187999999999998,0.18632387999999997
1.6190999999999998,0.18631793249999998
1.6194,0.18631197
1.6197,0.1863059925
1.6199999999999999,0.1863
1.6202999999999999,0.18629399249999998
1.6205999999999998,0.18628797
1.6208999999999998,0.1862819325
1.6211999999999998,0.18627588
1.6215,0.1862698125
1.6218,0.18626373
1.6220999999999999,0.1862576325
1.6223999999999998,0.18625152
1.6226999999999998,0.1862453925
1.6229999999999998,0.18623925
1.6233,0.18623309249999997
1.6236,0.18622691999999996
1.6239,0.18622073249999999
1.6241999999999999,0.18621453
1.6244999999999998,0.18620831249999997
1.6247999999999998,0.18620208
1.6250999999999998,0.1861958325
1.6254,0.18618957
1.6257,0.18618329249999999
1.626,0.18617699999999998
1.6262999999999999,0.18617069249999998
1.6265999999999998,0.18616437
1.6268999999999998,0.1861580325
1.6271999999999998,0.18615167999999999
1.6275,0.1861453125
1.6278,0.18613893
1.6280999999999999,0.1861325325
1.6283999999999998,0.18612612
1.6286999999999998,0.18611969250000002
1.6289999999999998,0.18611325
1.6292999999999997,0.1861067925
1.6296,0.18610031999999999
1.6299,0.18609383249999997
1.6301999999999999,0.18608732999999997
1.6304999999999998,0.18608081249999997
1.6307999999999998,0.18607427999999998
1.6310999999999998,0.18606773249999997
1.6314,0.18606117
1.6317,0.18605459249999998
1.632,0.186048
1.6322999999999999,0.18604139249999999
1.6325999999999998,0.18603477
1.6328999999999998,0.1860281325
1.6331999999999998,0.18602148
1.6335,0.1860148125
1.6338,0.18600813
1.6340999999999999,0.1860014325
1.6343999999999999,0.18599472
1.6346999999999998,0.1859879925
1.6349999999999998,0.18598125000000001
1.6352999999999998,0.1859744925
1.6356,0.18596771999999998
1.6359,0.18596093249999998
1.6361999999999999,0.18595412999999997
1.6364999999999998,0.1859473125
1.6367999999999998,0.18594048
1.6370999999999998,0.18593363249999997
1.6374,0.18592677
1.6377,0.1859198925
1.638,0.185913
1.6382999999999999,0.18590609249999998
1.6385999999999998,0.18589917
1.6388999999999998,0.1858922325
1.6391999999999998,0.18588527999999999
1.6395,0.1858783125
1.6398,0.18587133
1.6401,0.1858643325
1.6403999999999999,0.18585732
1.6406999999999998,0.18585029250000001
1.6409999999999998,0.18584325000000002
1.6412999999999998,0.1858361925
1.6416,0.18582912
1.6419,0.18582203249999998
1.6421999999999999,0.18581493
1.6424999999999998,0.18580781249999997
1.6427999999999998,0.18580067999999997
1.6430999999999998,0.18579353249999997
1.6433999999999997,0.18578636999999998
1.6437,0.1857791925
1.644,0.185772
1.6442999999999999,0.1857647925
1.6445999999999998,0.18575756999999998
1.6448999999999998,0.1857503325
1.6451999999999998,0.18574308
1.6455,0.1857358125
1.6458,0.18572853
1.6461,0.1857212325
1.6463999999999999,0.18571392
1.6466999999999998,0.18570659250000002
1.6469999999999998,0.18569925
1.6472999999999998,0.1856918925
1.6476,0.18568451999999996
1.6479,0.18567713249999998
1.6481999999999999,0.18566972999999998
1.6484999999999999,0.18566231249999998
1.6487999999999998,0.18565487999999997
1.6490999999999998,0.1856474325
1.6493999999999998,0.18563997
1.6497,0.1856324925
1.65,0.18562499999999998
1.6502999999999999,0.18561749249999998
1.6505999999999998,0.18560996999999999
1.6508999999999998,0.1856024325
1.6511999999999998,0.18559488
1.6514999999999997,0.1855873125
1.6518,0.18557973
1.6521,0.18557213250000001
1.6523999999999999,0.18556452
1.6526999999999998,0.18555689250000001
1.6529999999999998,0.18554925
1.6532999999999998,0.18554159250000002
1.6536,0.18553391999999996
1.6539,0.18552623249999997
1.6542,0.18551853
1.6544999999999999,0.18551081249999998
1.6547999999999998,0.18550308
1.6550999999999998,0.18549533249999997
1.6553999999999998,0.18548757
1.6557,0.1854797925
1.656,0.185472
1.6562999999999999,0.18546419249999999
1.6565999999999999,0.18545636999999998
1.6568999999999998,0.18544853249999999
1.6571999999999998,0.18544068
1.6574999999999998,0.1854328125
1.6578,0.18542493
1.6581,0.1854170325
1.6583999999999999,0.18540912
1.6586999999999998,0.1854011925
1.6589999999999998,0.18539325
1.6592999999999998,0.1853852925
1.6596,0.18537731999999998
1.6599,0.18536933249999998
1.6602,0.18536133
1.6604999999999999,0.18535331249999998
1.6607999999999998,0.18534527999999997
1.6610999999999998,0.18533723249999998
1.6613999999999998,0.18532917
1.6617,0.18532109249999998
1.662,0.18531299999999998
1.6622999999999999,0.18530489249999998
1.6625999999999999,0.18529677
1.6628999999999998,0.1852886325
1.6631999999999998,0.18528048
1.6634999999999998,0.18527231249999998
1.6638,0.18526413
1.6641,0.1852559325
1.6643999999999999,0.18524772
1.6646999999999998,0.1852394925
1.6649999999999998,0.18523125000000001
1.6652999999999998,0.18522299250000002
1.6655999999999997,0.18521472
1.6659,0.1852064325
1.6662,0.18519813
1.6664999999999999,0.18518981249999997
1.6667999999999998,0.18518147999999998
1.6670999999999998,0.18517313249999998
1.6673999999999998,0.18516476999999998
1.6677,0.1851563925
1.668,0.18514799999999998
1.6683,0.18513959249999998
1.6685999999999999,0.18513116999999998
1.6688999999999998,0.1851227325
1.6691999999999998,0.18511428
1.6694999999999998,0.1851058125
1.6698,0.18509733
1.6701,0.1850888325
1.6703999999999999,0.18508032
1.6706999999999999,0.1850717925
1.6709999999999998,0.18506325
1.6712999999999998,0.1850546925
1.6715999999999998,0.18504612
1.6719,0.1850375325
1.6722,0.18502892999999998
1.6724999999999999,0.18502031249999998
1.6727999999999998,0.18501167999999998
1.6730999999999998,0.18500303249999997
1.6733999999999998,0.18499437
1.6736999999999997,0.1849856925
1.674,0.184977
1.6743,0.1849682925
1.6745999999999999,0.18495957
1.6748999999999998,0.1849508325
1.6751999999999998,0.18494207999999998
1.6754999999999998,0.1849333125
1.6758,0.18492453
1.6761,0.1849157325
1.6764,0.18490692
1.6766999999999999,0.1848980925
1.6769999999999998,0.18488925
1.6772999999999998,0.18488039250000002
1.6775999999999998,0.18487152
1.6779,0.18486263249999998
1.6782,0.18485372999999997
1.6784999999999999,0.18484481249999998
1.6787999999999998,0.18483587999999998
1.6790999999999998,0.18482693249999999
1.6793999999999998,0.18481796999999997
1.6796999999999997,0.1848089925
1.68,0.1848
1.6803,0.1847909925
1.6805999999999999,0.18478197
1.6808999999999998,0.1847729325
1.6811999999999998,0.18476388
1.6814999999999998,0.1847548125
1.6818,0.18474573
1.6821,0.1847366325
1.6824,0.18472752
1.6826999999999999,0.1847183925
1.6829999999999998,0.18470925
1.6832999999999998,0.1847000925
1.6835999999999998,0.18469092
1.6839,0.18468173249999997
1.6842,0.18467252999999997
1.6844999999999999,0.18466331249999998
1.6847999999999999,0.18465407999999997
1.6850999999999998,0.1846448325
1.6853999999999998,0.18463556999999997
1.6856999999999998,0.18462629249999998
1.686,0.184617
1.6863,0.1846076925
1.6865999999999999,0.18459836999999998
1.6868999999999998,0.1845890325
1.6871999999999998,0.18457968
1.6874999999999998,0.1845703125
1.6877999999999997,0.18456092999999998
1.6881,0.1845515325
1.6884,0.18454212
1.6886999999999999,0.1845326925
1.6889999999999998,0.18452325
1.6892999999999998,0.1845137925
1.6895999999999998,0.18450432
1.6899,0.18449483249999998
1.6902,0.18448532999999998
1.6905,0.18447581249999997
1.6907999999999999,0.18446627999999998
1.6910999999999998,0.18445673249999997
1.6913999999999998,0.18444717
1.6916999999999998,0.1844375925
1.692,0.18442799999999998
1.6923,0.1844183925
1.6925999999999999,0.18440877
1.6928999999999998,0.18439913249999998
1.6931999999999998,0.18438948
1.6934999999999998,0.1843798125
1.6937999999999998,0.18437013
1.6941,0.1843604325
1.6944,0.18435072
1.6946999999999999,0.1843409925
1.6949999999999998,0.18433125
1.6952999999999998,0.18432149250000002
1.6955999999999998,0.18431172
1.6958999999999997,0.18430193250000002
1.6962,0.18429212999999997
1.6965,0.1842823125
1.6967999999999999,0.18427248
1.6970999999999998,0.18426263249999997
1.6973999999999998,0.18425276999999998
1.6976999999999998,0.18424289249999998
1.698,0.18423299999999998
1.6983,0.1842230925
1.6985999999999999,0.18421316999999998
1.6988999999999999,0.18420323249999998
1.6991999999999998,0.18419328
1.6994999999999998,0.1841833125
1.6997999999999998,0.18417333
1.7001,0.1841633325
1.7004,0.18415332
1.7006999999999999,0.1841432925
1.7009999999999998,0.18413325
1.7012999999999998,0.1841231925
1.7015999999999998,0.18411312000000002
1.7018999999999997,0.1841030325
1.7022,0.18409293
1.7025,0.18408281249999997
1.7027999999999999,0.18407268
1.7030999999999998,0.1840625325
1.7033999999999998,0.18405237
1.7036999999999998,0.18404219249999998
1.704,0.184032
1.7043,0.1840217925
1.7046,0.18401156999999999
1.7048999999999999,0.1840013325
1.7051999999999998,0.18399108
1.7054999999999998,0.1839808125
1.7057999999999998,0.18397053
1.7061,0.18396023250000001
1.7064,0.18394992
1.7066999999999999,0.1839395925
1.7069999999999999,0.18392925000000002
1.7072999999999998,0.18391889250000001
1.7075999999999998,0.18390852000000002
1.7078999999999998,0.1838981325
1.7082,0.18388772999999997
1.7085,0.18387731249999997
1.7087999999999999,0.18386687999999998
1.7090999999999998,0.18385643249999997
1.7093999999999998,0.18384596999999997
1.7096999999999998,0.18383549249999998
1.7099999999999997,0.183825
1.7103,0.18381449249999998
1.7106,0.18380396999999998
1.7108999999999999,0.1837934325
1.7111999999999998,0.18378287999999998
1.7114999999999998,0.1837723125
1.7117999999999998,0.18376172999999998
1.7121,0.1837511325
1.7124,0.18374052
1.7127,0.1837298925
1.7129999999999999,0.18371925
1.7132999999999998,0.18370859250000002
1.7135999999999998,0.18369792000000001
1.7138999999999998,0.18368723250000002
1.7142,0.18367652999999998
1.7145,0.18366581249999997
1.7147999999999999,0.18365507999999997
1.7150999999999998,0.18364433249999998
1.7153999999999998,0.18363357
1.7156999999999998,0.1836227925
1.7159999999999997,0.183612
1.7163,0.18360119249999998
1.7166,0.18359037
1.7168999999999999,0.1835795325
1.7171999999999998,0.18356867999999998
1.7174999999999998,0.1835578125
1.7177999999999998,0.18354693
1.7180999999999997,0.1835360325
1.7184,0.18352512
1.7187,0.1835141925
1.7189999999999999,0.18350325
1.7192999999999998,0.18349229250000001
1.7195999999999998,0.18348132
1.7198999999999998,0.1834703325
1.7202,0.18345932999999998
1.7205,0.1834483125
1.7207999999999999,0.18343727999999998
1.7210999999999999,0.18342623249999998
1.7213999999999998,0.18341517
1.7216999999999998,0.18340409249999998
1.7219999999999998,0.18339299999999997
1.7223,0.18338189249999998
1.7226,0.18337077
1.7228999999999999,0.18335963249999998
1.7231999999999998,0.18334847999999998
1.7234999999999998,0.1833373125
1.7237999999999998,0.18332613
1.7240999999999997,0.1833149325
1.7244,0.18330372
1.7247,0.18329249250000001
1.7249999999999999,0.18328125
1.7252999999999998,0.1832699925
1.7255999999999998,0.18325872
1.7258999999999998,0.1832474325
1.7262,0.18323612999999997
1.7265,0.18322481249999997
1.7268,0.18321347999999998
1.7270999999999999,0.18320213249999998
1.7273999999999998,0.18319076999999998
1.7276999999999998,0.18317939249999998
1.7279999999999998,0.183168
1.7283,0.1831565925
1.7286,0.18314517
1.7288999999999999,0.18313373249999998
1.7291999999999998,0.18312228
1.7294999999999998,0.1831108125
1.7297999999999998,0.18309933
1.7300999999999997,0.1830878325
1.7304,0.18307632000000001
1.7307,0.1830647925
1.7309999999999999,0.18305325
1.7312999999999998,0.18304169250000002
1.7315999999999998,0.18303012000000002
1.7318999999999998,0.1830185325
1.7321999999999997,0.18300693
1.7325,0.18299531249999998
1.7328,0.18298367999999998
1.7330999999999999,0.1829720325
1.7333999999999998,0.18296036999999998
1.7336999999999998,0.18294869249999998
1.7339999999999998,0.182937
1.7343,0.1829252925
1.7346,0.18291357
1.7348999999999999,0.1829018325
1.7351999999999999,0.18289007999999998
1.7354999999999998,0.1828783125
1.7357999999999998,0.18286653
1.7360999999999998,0.1828547325
1.7364,0.18284292
1.7367,0.18283109250000001
1.7369999999999999,0.18281925000000002
1.7372999999999998,0.1828073925
1.7375999999999998,0.18279552000000002
1.7378999999999998,0.18278363250000002
1.7381999999999997,0.18277173000000002
1.7385,0.18275981249999998
1.7388,0.18274787999999997
1.7390999999999999,0.18273593249999998
1.7393999999999998,0.18272396999999999
1.7396999999999998,0.18271199249999998
1.7399999999999998,0.18269999999999997
1.7403,0.18268799249999998
1.7406,0.18267597
1.7409,0.1826639325
1.7411999999999999,0.18265188
1.7414999999999998,0.1826398125
1.7417999999999998,0.18262773
1.7420999999999998,0.18261563249999999
1.7424,0.18260352
1.7427,0.1825913925
1.7429999999999999,0.18257925
1.7432999999999998,0.1825670925
1.7435999999999998,0.18255492
1.7438999999999998,0.1825427325
1.7441999999999998,0.18253053
1.7445,0.18251831249999997
1.7448,0.18250608
1.7450999999999999,0.18249383249999998
1.7453999999999998,0.18248156999999998
1.7456999999999998,0.1824692925
1.7459999999999998,0.18245699999999998
1.7462999999999997,0.18244469249999998
1.7466,0.18243236999999998
1.7469,0.1824200325
1.7471999999999999,0.18240768
1.7474999999999998,0.1823953125
1.7477999999999998,0.18238293
1.7480999999999998,0.1823705325
1.7484,0.18235812
1.7487,0.1823456925
1.7489999999999999,0.18233325
1.7492999999999999,0.1823207925
1.7495999999999998,0.18230832
1.7498999999999998,0.1822958325
1.7501999999999998,0.18228333000000002
1.7505,0.1822708125
1.7508,0.18225827999999997
1.7510999999999999,0.18224573249999998
1.7513999999999998,0.18223316999999997
1.7516999999999998,0.18222059249999997
1.7519999999999998,0.18220799999999998
1.7522999999999997,0.1821953925
1.7526,0.18218277
1.7529,0.1821701325
1.7531999999999999,0.18215747999999998
1.7534999999999998,0.1821448125
1.7537999999999998,0.18213213
1.7540999999999998,0.1821194325
1.7543999999999997,0.18210672
1.7547,0.1820939925
1.755,0.18208125
1.7552999999999999,0.1820684925
1.7555999999999998,0.18205572
1.7558999999999998,0.1820429325
1.7561999999999998,0.18203013
1.7565,0.18201731249999997
1.7568,0.18200447999999997
1.7570999999999999,0.18199163249999997
1.7573999999999999,0.18197876999999998
1.7576999999999998,0.18196589249999998
1.7579999999999998,0.18195299999999998
1.7582999999999998,0.18194009249999998
1.7586,0.18192717
1.7589,0.1819142325
1.7591999999999999,0.18190128
1.7594999999999998,0.18188831249999998
1.7597999999999998,0.18187533
1.7600999999999998,0.1818623325
1.7603999999999997,0.18184932
1.7607,0.1818362925
1.761,0.18182325
1.7612999999999999,0.1818101925
1.7615999999999998,0.18179712
1.7618999999999998,0.1817840325
1.7621999999999998,0.18177093
1.7625,0.18175781249999998
1.7628,0.18174468
1.7631,0.1817315325
1.7633999999999999,0.18171837
1.7636999999999998,0.18170519249999997
1.7639999999999998,0.181692
1.7642999999999998,0.1816787925
1.7646,0.18166557
1.7649,0.18165233249999999
1.7651999999999999,0.18163907999999998
1.7654999999999998,0.18162581249999998
1.7657999999999998,0.18161253
1.7660999999999998,0.18159923249999999
1.7663999999999997,0.18158592
1.7667,0.1815725925
1.767,0.18155925
1.7672999999999999,0.1815458925
1.7675999999999998,0.18153252
1.7678999999999998,0.1815191325
1.7681999999999998,0.18150573
1.7684999999999997,0.1814923125
1.7688,0.18147887999999998
1.7691,0.1814654325
1.7693999999999999,0.18145197
1.7696999999999998,0.1814384925
1.7699999999999998,0.18142499999999998
1.7702999999999998,0.1814114925
1.7706,0.18139797
1.7709,0.1813844325
1.7711999999999999,0.18137087999999998
1.7714999999999999,0.1813573125
1.7717999999999998,0.18134373
1.7720999999999998,0.1813301325
1.7723999999999998,0.18131652
1.7727,0.1813028925
1.773,0.18128925
1.7732999999999999,0.1812755925
1.7735999999999998,0.18126192000000002
1.7738999999999998,0.1812482325
1.7741999999999998,0.18123453
1.7744999999999997,0.18122081250000002
1.7748,0.18120708
1.7751,0.18119333249999997
1.7753999999999999,0.18117956999999998
1.7756999999999998,0.18116579249999998
1.7759999999999998,0.18115199999999998
1.7762999999999998,0.1811381925
1.7765999999999997,0.18112436999999998
1.7769,0.1811105325
1.7772,0.18109667999999998
1.7774999999999999,0.1810828125
1.7777999999999998,0.18106893
1.7780999999999998,0.1810550325
1.7783999999999998,0.18104112
1.7787,0.1810271925
1.779,0.18101325000000001
1.7792999999999999,0.1809992925
1.7795999999999998,0.18098532
1.7798999999999998,0.1809713325
1.7801999999999998,0.18095733
1.7804999999999997,0.1809433125
1.7808,0.18092927999999997
1.7811,0.1809152325
1.7813999999999999,0.18090116999999997
1.7816999999999998,0.18088709249999999
1.7819999999999998,0.18087299999999998
1.7822999999999998,0.18085889249999998
1.7825999999999997,0.18084477
1.7829,0.1808306325
1.7832,0.18081648
1.7834999999999999,0.1808023125
1.7837999999999998,0.18078813
1.7840999999999998,0.1807739325
1.7843999999999998,0.18075972
1.7847,0.1807454925
1.785,0.18073125
1.7852999999999999,0.1807169925
1.7855999999999999,0.18070272
1.7858999999999998,0.1806884325
1.7861999999999998,0.18067413000000002
1.7864999999999998,0.18065981250000002
1.7868,0.18064547999999997
1.7871,0.18063113249999999
1.7873999999999999,0.18061676999999998
1.7876999999999998,0.1806023925
1.7879999999999998,0.180588
1.7882999999999998,0.1805735925
1.7885999999999997,0.18055917
1.7889,0.1805447325
1.7892,0.18053028
1.7894999999999999,0.18051581249999998
1.7897999999999998,0.18050133
1.7900999999999998,0.1804868325
1.7903999999999998,0.18047232
1.7906999999999997,0.1804577925
1.791,0.18044325
1.7913,0.18042869250000002
1.7915999999999999,0.18041412
1.7918999999999998,0.18039953250000001
1.7921999999999998,0.18038493
1.7924999999999998,0.18037031250000002
1.7928,0.18035568
1.7931,0.18034103249999997
1.7933999999999999,0.18032636999999999
1.7936999999999999,0.18031169249999998
1.7939999999999998,0.18029699999999999
1.7942999999999998,0.1802822925
1.7945999999999998,0.18026757
1.7949,0.1802528325
1.7952,0.18023808
1.7954999999999999,0.18022331249999998
1.7957999999999998,0.18020853
1.7960999999999998,0.1801937325
1.7963999999999998,0.18017892
1.7966999999999997,0.1801640925
1.797,0.18014925
1.7973,0.18013439250000002
1.7975999999999999,0.18011952
1.7978999999999998,0.1801046325
1.7981999999999998,0.18008973
1.7984999999999998,0.18007481250000001
1.7987999999999997,0.18005988
1.7991,0.18004493249999998
1.7993999999999999,0.18002996999999998
1.7996999999999999,0.1800149925
1.7999999999999998,0.18
1.8002999999999998,0.1799849925
1.8005999999999998,0.17996996999999998
1.8009,0.1799549325
1.8012,0.17993988
1.8014999999999999,0.1799248125
1.8017999999999998,0.17990973
1.8020999999999998,0.17989463249999998
1.8023999999999998,0.17987952
1.8026999999999997,0.1798643925
1.803,0.17984925000000002
1.8033,0.17983409250000001
1.8035999999999999,0.17981892
1.8038999999999998,0.1798037325
1.8041999999999998,0.17978853
1.8044999999999998,0.1797733125
1.8047999999999997,0.17975808000000001
1.8051,0.17974283249999998
1.8054,0.17972756999999998
1.8056999999999999,0.17971229249999998
1.8059999999999998,0.179697
1.8062999999999998,0.1796816925
1.8065999999999998,0.17966637
1.8069,0.1796510325
1.8072,0.17963568
1.8074999999999999,0.1796203125
1.8077999999999999,0.17960493
1.8080999999999998,0.1795895325
1.8083999999999998,0.17957412
1.8086999999999998,0.1795586925
1.809,0.17954325000000002
1.8093,0.1795277925
1.8095999999999999,0.17951232
1.8098999999999998,0.1794968325
1.8101999999999998,0.17948133000000002
1.8104999999999998,0.17946581250000002
1.8107999999999997,0.17945028000000002
1.8111,0.17943473249999997
1.8114,0.17941917
1.8116999999999999,0.1794035925
1.8119999999999998,0.179388
1.8122999999999998,0.17937239249999998
1.8125999999999998,0.17935677
1.8128999999999997,0.1793411325
1.8132,0.17932547999999998
1.8135,0.1793098125
1.8137999999999999,0.17929413
1.8140999999999998,0.1792784325
1.8143999999999998,0.17926272
1.8146999999999998,0.1792469925
1.815,0.17923125
1.8153,0.17921549250000002
1.8155999999999999,0.17919972
1.8158999999999998,0.1791839325
1.8161999999999998,0.17916813
1.8164999999999998,0.17915231250000002
1.8167999999999997,0.17913648000000001
1.8171,0.1791206325
1.8174,0.17910477
1.8176999999999999,0.17908889249999999
1.8179999999999998,0.17907299999999998
1.8182999999999998,0.1790570925
1.8185999999999998,0.17904117
1.8188999999999997,0.1790252325
1.8192,0.17900928
1.8195,0.1789933125
1.8197999999999999,0.17897733
1.8200999999999998,0.1789613325
1.8203999999999998,0.17894532
1.8206999999999998,0.1789292925
1.8209999999999997,0.17891325
1.8213,0.1788971925
1.8215999999999999,0.17888112
1.8218999999999999,0.17886503250000002
1.8221999999999998,0.17884893000000002
1.8224999999999998,0.17883281250000002
1.8227999999999998,0.17881668
1.8231,0.17880053249999997
1.8234,0.17878436999999997
1.8236999999999999,0.17876819249999998
1.8239999999999998,0.178752
1.8242999999999998,0.1787357925
1.8245999999999998,0.17871957
1.8248999999999997,0.17870333249999998
1.8252,0.17868708
1.8255,0.1786708125
1.8257999999999999,0.17865453
1.8260999999999998,0.1786382325
1.8263999999999998,0.17862192
1.8266999999999998,0.1786055925
1.8269999999999997,0.17858925
1.8273,0.1785728925
1.8276,0.17855652
1.8278999999999999,0.1785401325
1.8281999999999998,0.17852373000000002
1.8284999999999998,0.17850731250000001
1.8287999999999998,0.17849088000000002
1.8291,0.17847443249999997
1.8294,0.17845797
1.8296999999999999,0.1784414925
1.8299999999999998,0.178425
1.8302999999999998,0.1784084925
1.8305999999999998,0.17839196999999998
1.8308999999999997,0.1783754325
1.8312,0.17835888
1.8315,0.1783423125
1.8317999999999999,0.17832573
1.8320999999999998,0.1783091325
1.8323999999999998,0.17829252
1.8326999999999998,0.1782758925
1.8329999999999997,0.17825925
1.8333,0.1782425925
1.8336,0.17822592
1.8338999999999999,0.1782092325
1.8341999999999998,0.17819253000000002
1.8344999999999998,0.1781758125
1.8347999999999998,0.17815908000000003
1.8350999999999997,0.17814233250000003
1.8354,0.17812556999999998
1.8356999999999999,0.17810879249999997
1.8359999999999999,0.178092
1.8362999999999998,0.17807519249999998
1.8365999999999998,0.17805837
1.8368999999999998,0.1780415325
1.8372,0.17802468
1.8375,0.1780078125
1.8377999999999999,0.17799093
1.8380999999999998,0.1779740325
1.8383999999999998,0.17795712
1.8386999999999998,0.1779401925
1.8389999999999997,0.17792325
1.8393,0.1779062925
1.8396,0.17788932000000002
1.8398999999999999,0.1778723325
1.8401999999999998,0.17785533
1.8404999999999998,0.1778383125
1.8407999999999998,0.17782128000000003
1.8410999999999997,0.17780423250000002
1.8414,0.17778717
1.8417,0.17777009249999998
1.8419999999999999,0.177753
1.8422999999999998,0.1777358925
1.8425999999999998,0.17771877
1.8428999999999998,0.17770163249999998
1.8432,0.17768448
1.8435,0.1776673125
1.8437999999999999,0.17765013
1.8440999999999999,0.1776329325
1.8443999999999998,0.17761572
1.8446999999999998,0.1775984925
1.8449999999999998,0.17758125
1.8453,0.1775639925
1.8456,0.17754672000000002
1.8458999999999999,0.1775294325
1.8461999999999998,0.17751213000000002
1.8464999999999998,0.17749481250000002
1.8467999999999998,0.17747748000000002
1.8470999999999997,0.1774601325
1.8474,0.17744276999999997
1.8477,0.17742539249999997
1.8479999999999999,0.17740799999999998
1.8482999999999998,0.1773905925
1.8485999999999998,0.17737317
1.8488999999999998,0.1773557325
1.8491999999999997,0.17733828
1.8495,0.17732081249999998
1.8497999999999999,0.17730333
1.8500999999999999,0.1772858325
1.8503999999999998,0.17726832
1.8506999999999998,0.1772507925
1.8509999999999998,0.17723325
1.8513,0.1772156925
1.8516,0.17719812000000001
1.8518999999999999,0.17718053250000002
1.8521999999999998,0.17716293
1.8524999999999998,0.1771453125
1.8527999999999998,0.17712768
1.8530999999999997,0.17711003250000001
1.8534,0.17709236999999997
1.8537,0.1770746925
1.8539999999999999,0.177057
1.8542999999999998,0.1770392925
1.8545999999999998,0.17702157
1.8548999999999998,0.17700383249999999
1.8551999999999997,0.17698608
1.8555,0.1769683125
1.8558,0.17695053
1.8560999999999999,0.1769327325
1.8563999999999998,0.17691492
1.8566999999999998,0.1768970925
1.8569999999999998,0.17687925000000002
1.8572999999999997,0.1768613925
1.8576,0.17684352
1.8578999999999999,0.1768256325
1.8581999999999999,0.17680773
1.8584999999999998,0.1767898125
1.8587999999999998,0.17677188000000002
1.8590999999999998,0.17675393250000002
1.8594,0.17673597
1.8597,0.17671799249999998
1.8599999999999999,0.1767
1.8602999999999998,0.1766819925
1.8605999999999998,0.17666397
1.8608999999999998,0.1766459325
1.8611999999999997,0.17662788
1.8615,0.1766098125
1.8618,0.17659173
1.8620999999999999,0.1765736325
1.8623999999999998,0.17655552
1.8626999999999998,0.1765373925
1.8629999999999998,0.17651925000000002
1.8632999999999997,0.1765010925
1.8636,0.17648292000000002
1.8639,0.1764647325
1.8641999999999999,0.17644653000000002
1.8644999999999998,0.17642831250000002
1.8647999999999998,0.17641008000000002
1.8650999999999998,0.1763918325
1.8654,0.17637356999999998
1.8657,0.17635529249999998
1.8659999999999999,0.176337
1.8662999999999998,0.17631869249999998
1.8665999999999998,0.17630036999999998
1.8668999999999998,0.1762820325
1.8671999999999997,0.17626368
1.8675,0.1762453125
1.8678,0.17622693
1.8680999999999999,0.1762085325
1.8683999999999998,0.17619012
1.8686999999999998,0.1761716925
1.8689999999999998,0.17615325
1.8692999999999997,0.1761347925
1.8696,0.17611632
1.8699,0.1760978325
1.8701999999999999,0.17607933
1.8704999999999998,0.1760608125
1.8707999999999998,0.17604228000000002
1.8710999999999998,0.1760237325
1.8713999999999997,0.17600517000000002
1.8717,0.17598659249999998
1.8719999999999999,0.17596799999999999
1.8722999999999999,0.1759493925
1.8725999999999998,0.17593077
1.8728999999999998,0.17591213249999998
1.8731999999999998,0.17589348
1.8735,0.1758748125
1.8738,0.17585613
1.8740999999999999,0.1758374325
1.8743999999999998,0.17581872
1.8746999999999998,0.1757999925
1.8749999999999998,0.17578125
1.8752999999999997,0.1757624925
1.8756,0.17574372
1.8759,0.17572493250000001
1.8761999999999999,0.17570613000000002
1.8764999999999998,0.1756873125
1.8767999999999998,0.17566848000000002
1.8770999999999998,0.1756496325
1.8773999999999997,0.17563077000000002
1.8777,0.17561189249999998
1.878,0.175593
1.8782999999999999,0.1755740925
1.8785999999999998,0.17555516999999998
1.8788999999999998,0.1755362325
1.8791999999999998,0.17551728
1.8794999999999997,0.1754983125
1.8798,0.17547933
1.8800999999999999,0.1754603325
1.8803999999999998,0.17544132
1.8806999999999998,0.1754222925
1.8809999999999998,0.17540325
1.8812999999999998,0.1753841925
1.8816,0.17536512
1.8819,0.1753460325
1.8821999999999999,0.17532693000000002
1.8824999999999998,0.17530781250000002
1.8827999999999998,0.17528868
1.8830999999999998,0.17526953250000002
1.8833999999999997,0.17525037000000002
1.8837,0.1752311925
1.884,0.17521199999999998
1.8842999999999999,0.1751927925
1.8845999999999998,0.17517357
1.8848999999999998,0.17515433249999998
1.8851999999999998,0.17513508
1.8854999999999997,0.1751158125
1.8858,0.17509653
1.8860999999999999,0.17507723249999999
1.8863999999999999,0.17505792
1.8866999999999998,0.1750385925
1.8869999999999998,0.17501925000000002
1.8872999999999998,0.1749998925
1.8876,0.17498052
1.8879,0.1749611325
1.8881999999999999,0.17494173000000002
1.8884999999999998,0.1749223125
1.8887999999999998,0.17490288
1.8890999999999998,0.17488343250000002
1.8893999999999997,0.17486397
1.8897,0.17484449249999998
1.89,0.17482499999999998
1.8902999999999999,0.1748054925
1.8905999999999998,0.17478596999999998
1.8908999999999998,0.17476643249999999
1.8911999999999998,0.17474688
1.8914999999999997,0.1747273125
1.8918,0.17470773
1.8921,0.1746881325
1.8923999999999999,0.17466852
1.8926999999999998,0.1746488925
1.8929999999999998,0.17462925
1.8932999999999998,0.1746095925
1.8935999999999997,0.17458992
1.8939,0.1745702325
1.8941999999999999,0.17455053
1.8944999999999999,0.17453081250000002
1.8947999999999998,0.17451108
1.8950999999999998,0.1744913325
1.8953999999999998,0.17447157000000002
1.8957,0.17445179249999998
1.896,0.17443199999999998
1.8962999999999999,0.17441219249999998
1.8965999999999998,0.17439237
1.8968999999999998,0.17437253249999998
1.8971999999999998,0.17435267999999998
1.8974999999999997,0.1743328125
1.8978,0.17431293
1.8981,0.1742930325
1.8983999999999999,0.17427312
1.8986999999999998,0.17425319250000001
1.8989999999999998,0.17423325
1.8992999999999998,0.1742132925
1.8995999999999997,0.17419332
1.8999,0.1741733325
1.9002,0.17415333
1.9004999999999999,0.1741333125
1.9007999999999998,0.17411328
1.9010999999999998,0.1740932325
1.9013999999999998,0.17407317000000003
1.9016999999999997,0.1740530925
1.902,0.174033
1.9022999999999999,0.1740128925
1.9025999999999998,0.17399277
1.9028999999999998,0.1739726325
1.9031999999999998,0.17395248
1.9034999999999997,0.1739323125
1.9038,0.17391213
1.9041,0.17389193249999998
1.9043999999999999,0.17387172
1.9046999999999998,0.1738514925
1.9049999999999998,0.17383125
1.9052999999999998,0.1738109925
1.9055999999999997,0.17379072
1.9059,0.17377043250000002
1.9062,0.17375013
1.9064999999999999,0.1737298125
1.9067999999999998,0.17370948
1.9070999999999998,0.1736891325
1.9073999999999998,0.17366877000000003
1.9076999999999997,0.17364839250000003
1.908,0.17362799999999998
1.9082999999999999,0.1736075925
1.9085999999999999,0.17358716999999999
1.9088999999999998,0.1735667325
1.9091999999999998,0.17354628
1.9094999999999998,0.1735258125
1.9098,0.17350532999999999
1.9101,0.1734848325
1.9103999999999999,0.17346432
1.9106999999999998,0.1734437925
1.9109999999999998,0.17342325
1.9112999999999998,0.1734026925
1.9115999999999997,0.17338212
1.9119,0.1733615325
1.9122,0.17334093
1.9124999999999999,0.17332031250000002
1.9127999999999998,0.17329968
1.9130999999999998,0.1732790325
1.9133999999999998,0.17325837000000002
1.9136999999999997,0.1732376925
1.914,0.17321699999999998
1.9143,0.1731962925
1.9145999999999999,0.17317557
1.9148999999999998,0.1731548325
1.9151999999999998,0.17313408
1.9154999999999998,0.1731133125
1.9157999999999997,0.17309253
1.9161,0.1730717325
1.9163999999999999,0.17305092
1.9166999999999998,0.1730300925
1.9169999999999998,0.17300925
1.9172999999999998,0.1729883925
1.9175999999999997,0.17296752
1.9179,0.1729466325
1.9182,0.17292573
1.9184999999999999,0.1729048125
1.9187999999999998,0.17288388000000002
1.9190999999999998,0.1728629325
1.9193999999999998,0.17284197
1.9196999999999997,0.17282099250000002
1.92,0.17279999999999998
1.9203,0.17277899249999998
1.9205999999999999,0.17275796999999998
1.9208999999999998,0.1727369325
1.9211999999999998,0.17271588
1.9214999999999998,0.1726948125
1.9217999999999997,0.17267373
1.9221,0.1726526325
1.9223999999999999,0.17263152
1.9226999999999999,0.1726103925
1.9229999999999998,0.17258925
1.9232999999999998,0.1725680925
1.9235999999999998,0.17254692000000002
1.9238999999999997,0.1725257325
1.9242,0.17250453000000002
1.9244999999999999,0.1724833125
1.9247999999999998,0.17246208000000002
1.9250999999999998,0.1724408325
1.9253999999999998,0.17241957000000002
1.9256999999999997,0.17239829250000002
1.926,0.17237699999999997
1.9263,0.1723556925
1.9265999999999999,0.17233437
1.9268999999999998,0.1723130325
1.9271999999999998,0.17229168
1.9274999999999998,0.1722703125
1.9277999999999997,0.17224893
1.9281,0.1722275325
1.9284,0.17220612
1.9286999999999999,0.17218469250000001
1.9289999999999998,0.17216325
1.9292999999999998,0.1721417925
1.9295999999999998,0.17212032000000002
1.9298999999999997,0.17209883250000002
1.9302,0.17207733
1.9304999999999999,0.17205581250000002
1.9307999999999998,0.17203428
1.9310999999999998,0.17201273250000002
1.9313999999999998,0.17199117000000003
1.9316999999999998,0.17196959250000002
1.932,0.171948
1.9323,0.1719263925
1.9325999999999999,0.17190476999999998
1.9328999999999998,0.17188313249999998
1.9331999999999998,0.17186147999999998
1.9334999999999998,0.1718398125
1.9337999999999997,0.17181812999999999
1.9341,0.17179643249999998
1.9344,0.17177472
1.9346999999999999,0.1717529925
1.9349999999999998,0.17173125
1.9352999999999998,0.1717094925
1.9355999999999998,0.17168772000000002
1.9358999999999997,0.1716659325
1.9362,0.17164413
1.9364999999999999,0.1716223125
1.9367999999999999,0.17160048
1.9370999999999998,0.17157863250000002
1.9373999999999998,0.17155677000000003
1.9376999999999998,0.1715348925
1.9379999999999997,0.17151300000000003
1.9383,0.1714910925
1.9385999999999999,0.17146916999999998
1.9388999999999998,0.1714472325
1.9391999999999998,0.17142527999999999
1.9394999999999998,0.1714033125
1.9397999999999997,0.17138133
1.9401,0.1713593325
1.9404,0.17133732
1.9406999999999999,0.1713152925
1.9409999999999998,0.17129325
1.9412999999999998,0.1712711925
1.9415999999999998,0.17124912
1.9418999999999997,0.17122703250000001
1.9422,0.17120493
1.9425,0.1711828125
1.9427999999999999,0.17116068
1.9430999999999998,0.17113853250000002
1.9433999999999998,0.17111637000000002
1.9436999999999998,0.17109419250000002
1.9439999999999997,0.17107200000000003
1.9443,0.1710497925
1.9445999999999999,0.17102757
1.9448999999999999,0.1710053325
1.9451999999999998,0.17098307999999998
1.9454999999999998,0.1709608125
1.9457999999999998,0.17093853
1.9460999999999997,0.17091623250000001
1.9464,0.17089392
1.9466999999999999,0.1708715925
1.9469999999999998,0.17084925
1.9472999999999998,0.1708268925
1.9475999999999998,0.17080452000000002
1.9478999999999997,0.17078213250000002
1.9482,0.17075973
1.9485,0.17073731250000002
1.9487999999999999,0.17071488
1.9490999999999998,0.17069243250000002
1.9493999999999998,0.17066997
1.9496999999999998,0.17064749250000003
1.9499999999999997,0.17062500000000003
1.9503,0.17060249249999998
1.9506,0.17057997
1.9508999999999999,0.1705574325
1.9511999999999998,0.17053488
1.9514999999999998,0.17051231249999999
1.9517999999999998,0.17048973
1.9520999999999997,0.1704671325
1.9524,0.17044452
1.9526999999999999,0.1704218925
1.9529999999999998,0.17039925
1.9532999999999998,0.1703765925
1.9535999999999998,0.17035392000000002
1.9538999999999997,0.1703312325
1.9542,0.17030853
1.9545,0.1702858125
1.9547999999999999,0.17026308
1.9550999999999998,0.1702403325
1.9553999999999998,0.17021757
1.9556999999999998,0.17019479250000003
1.9559999999999997,0.17017200000000002
1.9563,0.1701491925
1.9566,0.17012637
1.9568999999999999,0.1701035325
1.9571999999999998,0.17008067999999998
1.9574999999999998,0.1700578125
1.9577999999999998,0.17003493
1.9580999999999997,0.1700120325
1.9584,0.16998912
1.9586999999999999,0.1699661925
1.9589999999999999,0.16994325
1.9592999999999998,0.16992029250000001
1.9595999999999998,0.16989732000000002
1.9598999999999998,0.1698743325
1.9601999999999997,0.16985133000000002
1.9605,0.1698283125
1.9607999999999999,0.16980528
1.9610999999999998,0.16978223250000002
1.9613999999999998,0.16975917000000001
1.9616999999999998,0.16973609250000002
1.9619999999999997,0.16971300000000003
1.9623,0.1696898925
1.9626,0.16966677
1.9628999999999999,0.1696436325
1.9631999999999998,0.16962048
1.9634999999999998,0.16959731249999999
1.9637999999999998,0.16957413
1.9640999999999997,0.1695509325
1.9644,0.16952772
1.9647,0.1695044925
1.9649999999999999,0.16948125
1.9652999999999998,0.16945799250000002
1.9655999999999998,0.16943472
1.9658999999999998,0.16941143250000001
1.9661999999999997,0.16938813000000003
1.9665,0.16936481250000002
1.9667999999999999,0.16934148000000002
1.9670999999999998,0.16931813250000002
1.9673999999999998,0.16929477
1.9676999999999998,0.1692713925
1.9679999999999997,0.169248
1.9683,0.1692245925
1.9686,0.16920116999999998
1.9688999999999999,0.16917773249999998
1.9691999999999998,0.16915428
1.9694999999999998,0.1691308125
1.9697999999999998,0.16910733
1.9700999999999997,0.1690838325
1.9704,0.16906032
1.9707,0.1690367925
1.9709999999999999,0.16901325
1.9712999999999998,0.1689896925
1.9715999999999998,0.16896612
1.9718999999999998,0.16894253250000002
1.9721999999999997,0.16891893000000002
1.9725,0.1688953125
1.9727999999999999,0.16887168
1.9730999999999999,0.16884803250000002
1.9733999999999998,0.16882437
1.9736999999999998,0.16880069250000002
1.9739999999999998,0.168777
1.9742999999999997,0.1687532925
1.9746,0.16872957
1.9748999999999999,0.16870583249999999
1.9751999999999998,0.16868207999999998
1.9754999999999998,0.1686583125
1.9757999999999998,0.16863453
1.9760999999999997,0.1686107325
1.9764,0.16858692
1.9767,0.1685630925
1.9769999999999999,0.16853925
1.9772999999999998,0.1685153925
1.9775999999999998,0.16849152
1.9778999999999998,0.16846763250000002
1.9781999999999997,0.16844373
1.9785,0.16841981250000002
1.9788,0.16839588
1.9790999999999999,0.16837193250000002
1.9793999999999998,0.16834797
1.9796999999999998,0.16832399250000002
1.9799999999999998,0.16830000000000003
1.9802999999999997,0.16827599250000003
1.9806,0.16825197
1.9808999999999999,0.16822793249999998
1.9811999999999999,0.16820388
1.9814999999999998,0.1681798125
1.9817999999999998,0.16815573
1.9820999999999998,0.1681316325
1.9823999999999997,0.16810752
1.9827,0.1680833925
1.9829999999999999,0.16805925
1.9832999999999998,0.1680350925
1.9835999999999998,0.16801092
1.9838999999999998,0.1679867325
1.9841999999999997,0.16796253
1.9845,0.1679383125
1.9848,0.16791408000000002
1.9850999999999999,0.1678898325
1.9853999999999998,0.16786557000000002
1.9856999999999998,0.16784129250000002
1.9859999999999998,0.16781700000000002
1.9862999999999997,0.16779269250000003
1.9866,0.16776837
1.9868999999999999,0.1677440325
1.9871999999999999,0.16771967999999998
1.9874999999999998,0.1676953125
1.9877999999999998,0.16767093
1.9880999999999998,0.1676465325
1.9883999999999997,0.16762212
1.9887,0.1675976925
1.9889999999999999,0.16757325
1.9892999999999998,0.16754879250000002
1.9895999999999998,0.16752432
1.9898999999999998,0.1674998325
1.9901999999999997,0.16747533
1.9905,0.16745081250000002
1.9908,0.16742628
1.9910999999999999,0.1674017325
1.9913999999999998,0.16737717000000002
1.9916999999999998,0.1673525925
1.9919999999999998,0.16732800000000003
1.9922999999999997,0.1673033925
1.9926,0.16727877
1.9929,0.16725413249999999
1.9931999999999999,0.16722947999999999
1.9934999999999998,0.1672048125
1.9937999999999998,0.16718013
1.9940999999999998,0.1671554325
1.9943999999999997,0.16713072
1.9947,0.1671059925
1.9949999999999999,0.16708125
1.9952999999999999,0.16705649250000001
1.9955999999999998,0.16703172
1.9958999999999998,0.1670069325
1.9961999999999998,0.16698213
1.9964999999999997,0.1669573125
1.9968,0.16693248
1.9970999999999999,0.1669076325
1.9973999999999998,0.16688277
1.9976999999999998,0.16685789250000002
1.9979999999999998,0.166833
1.9982999999999997,0.16680809250000003
1.9986,0.16678316999999998
1.9989,0.1667582325
1.9991999999999999,0.16673327999999998
1.9994999999999998,0.16670831249999998
1.9997999999999998,0.16668333
2.0000999999999998,0.1666583325
2.0004,0.16663332
2.0006999999999997,0.1666082925
2.001,0.16658325
2.0012999999999996,0.1665581925
2.0016,0.16653312
2.0019,0.16650803249999999
2.0021999999999998,0.16648293
2.0025,0.1664578125
2.0027999999999997,0.16643268000000003
2.0031,0.1664075325
2.0033999999999996,0.16638237000000003
2.0037,0.16635719250000003
2.004,0.16633199999999998
2.0042999999999997,0.16630679250000002
2.0046,0.16628157
2.0048999999999997,0.16625633250000002
2.0052,0.16623108
2.0054999999999996,0.16620581250000002
2.0058,0.16618053
2.0061,0.1661552325
2.0063999999999997,0.16612992000000001
2.0067,0.1661045925
2.0069999999999997,0.16607925
2.0073,0.1660538925
2.0075999999999996,0.16602852
2.0079,0.1660031325
2.0082,0.16597773
2.0084999999999997,0.1659523125
2.0088,0.16592688
2.0090999999999997,0.16590143250000003
2.0094,0.16587597
2.0097,0.16585049249999997
2.01,0.16582500000000003
2.0103,0.16579949249999998
2.0105999999999997,0.16577397000000002
2.0109,0.1657484325
2.0111999999999997,0.16572288000000002
2.0115,0.1656973125
2.0118,0.16567173
2.0120999999999998,0.1656461325
2.0124,0.16562052
2.0126999999999997,0.1655948925
2.013,0.16556925
2.0132999999999996,0.1655435925
2.0136,0.16551792
2.0139,0.1654922325
2.0141999999999998,0.16546653
2.0145,0.1654408125
2.0147999999999997,0.16541508000000002
2.0151,0.1653893325
2.0153999999999996,0.16536357000000002
2.0157,0.16533779250000002
2.016,0.165312
2.0162999999999998,0.1652861925
2.0166,0.16526037
2.0168999999999997,0.16523453250000003
2.0172,0.16520868
2.0174999999999996,0.16518281250000003
2.0178,0.16515693
2.0181,0.1651310325
2.0183999999999997,0.16510512
2.0187,0.1650791925
2.0189999999999997,0.16505325
2.0193,0.1650272925
2.0195999999999996,0.16500132
2.0199,0.16497533250000002
2.0202,0.16494933
2.0204999999999997,0.1649233125
2.0208,0.16489728
2.0210999999999997,0.16487123250000002
2.0214,0.16484517
2.0216999999999996,0.16481909250000001
2.022,0.16479300000000002
2.0223,0.16476689249999998
2.0225999999999997,0.16474077000000004
2.0229,0.16471463249999999
2.0231999999999997,0.16468848000000003
2.0235,0.1646623125
2.0238,0.16463613
2.0241,0.1646099325
2.0244,0.16458372
2.0246999999999997,0.1645574925
2.025,0.16453125
2.0252999999999997,0.1645049925
2.0256,0.16447872
2.0259,0.1644524325
2.0262,0.16442613
2.0265,0.1643998125
2.0267999999999997,0.16437348000000002
2.0271,0.16434713250000002
2.0273999999999996,0.16432077000000003
2.0277,0.16429439250000002
2.028,0.16426799999999997
2.0282999999999998,0.16424159250000003
2.0286,0.16421517
2.0288999999999997,0.16418873250000002
2.0292,0.16416228
2.0294999999999996,0.16413581250000003
2.0298,0.16410933
2.0301,0.1640828325
2.0303999999999998,0.16405632
2.0307,0.1640297925
2.0309999999999997,0.16400325000000002
2.0313,0.1639766925
2.0315999999999996,0.16395012
2.0319,0.1639235325
2.0322,0.16389693
2.0324999999999998,0.1638703125
2.0328,0.16384368
2.0330999999999997,0.16381703250000001
2.0334,0.16379037000000002
2.0336999999999996,0.16376369250000003
2.034,0.16373700000000002
2.0343,0.1637102925
2.0345999999999997,0.16368357000000003
2.0349,0.1636568325
2.0351999999999997,0.16363008000000004
2.0355,0.1636033125
2.0357999999999996,0.16357653000000003
2.0361,0.1635497325
2.0364,0.16352292
2.0366999999999997,0.1634960925
2.037,0.16346925
2.0372999999999997,0.1634423925
2.0376,0.16341552
2.0378999999999996,0.16338863250000002
2.0382,0.16336173
2.0385,0.1633348125
2.0387999999999997,0.16330788000000002
2.0391,0.1632809325
2.0393999999999997,0.16325397000000003
2.0397,0.1632269925
2.04,0.16319999999999998
2.0403,0.16317299250000003
2.0406,0.16314596999999997
2.0408999999999997,0.16311893250000004
2.0412,0.16309188
2.0414999999999996,0.16306481250000004
2.0418,0.16303773
2.0421,0.1630106325
2.0423999999999998,0.16298352
2.0427,0.1629563925
2.0429999999999997,0.16292925
2.0433,0.1629020925
2.0435999999999996,0.16287492
2.0439,0.1628477325
2.0442,0.16282053
2.0444999999999998,0.1627933125
2.0448,0.16276608
2.0450999999999997,0.1627388325
2.0454,0.16271157
2.0456999999999996,0.16268429250000002
2.046,0.16265700000000002
2.0463,0.16262969249999998
2.0465999999999998,0.16260237000000002
2.0469,0.1625750325
2.0471999999999997,0.16254768000000003
2.0475,0.16252031249999999
2.0477999999999996,0.16249293000000004
2.0481,0.1624655325
2.0484,0.16243812
2.0486999999999997,0.1624106925
2.049,0.16238325
2.0492999999999997,0.1623557925
2.0496,0.16232832
2.0498999999999996,0.16230083250000002
2.0502,0.16227333000000002
2.0505,0.1622458125
2.0507999999999997,0.16221828000000002
2.0511,0.16219073250000002
2.0513999999999997,0.16216317000000002
2.0517,0.1621355925
2.0519999999999996,0.16210800000000003
2.0523,0.16208039250000003
2.0526,0.16205276999999998
2.0528999999999997,0.16202513250000003
2.0532,0.16199748
2.0534999999999997,0.16196981250000003
2.0538,0.16194213
2.0541,0.16191443249999998
2.0544,0.16188672
2.0547,0.1618589925
2.0549999999999997,0.16183125
2.0553,0.1618034925
2.0555999999999996,0.16177572
2.0559,0.1617479325
2.0562,0.16172013
2.0564999999999998,0.16169231250000002
2.0568,0.16166448
2.0570999999999997,0.16163663250000002
2.0574,0.16160877
2.0576999999999996,0.16158089250000002
2.058,0.161553
2.0583,0.16152509249999997
2.0585999999999998,0.16149717000000002
2.0589,0.16146923249999998
2.0591999999999997,0.16144128000000002
2.0595,0.1614133125
2.0597999999999996,0.16138533000000002
2.0601,0.1613573325
2.0604,0.16132932
2.0606999999999998,0.1613012925
2.061,0.16127325
2.0612999999999997,0.16124519250000002
2.0616,0.16121712
2.0618999999999996,0.16118903250000002
2.0622,0.16116093
2.0625,0.1611328125
2.0627999999999997,0.16110468000000003
2.0631,0.1610765325
2.0633999999999997,0.16104837000000002
2.0637,0.16102019250000002
2.0639999999999996,0.16099200000000002
2.0643,0.1609637925
2.0646,0.16093556999999997
2.0648999999999997,0.16090733250000003
2.0652,0.16087907999999998
2.0654999999999997,0.16085081250000002
2.0658,0.16082253
2.0660999999999996,0.16079423250000005
2.0664,0.16076592
2.0667,0.1607375925
2.0669999999999997,0.16070925
2.0673,0.1606808925
2.0675999999999997,0.16065252000000002
2.0679,0.16062413250000002
2.0682,0.16059573
2.0685,0.1605673125
2.0688,0.16053888
2.0690999999999997,0.16051043250000002
2.0694,0.16048197
2.0696999999999997,0.16045349250000002
2.07,0.160425
2.0703,0.1603964925
2.0705999999999998,0.16036797000000003
2.0709,0.1603394325
2.0711999999999997,0.16031088000000002
2.0715,0.1602823125
2.0717999999999996,0.16025373000000004
2.0721,0.1602251325
2.0724,0.16019651999999998
2.0726999999999998,0.1601678925
2.073,0.16013924999999998
2.0732999999999997,0.1601105925
2.0736,0.16008192
2.0738999999999996,0.16005323250000003
2.0742,0.16002453
2.0745,0.1599958125
2.0747999999999998,0.15996708
2.0751,0.1599383325
2.0753999999999997,0.15990957000000003
2.0757,0.1598807925
2.0759999999999996,0.15985200000000002
2.0763,0.15982319250000002
2.0766,0.15979437
2.0768999999999997,0.15976553250000003
2.0772,0.15973668
2.0774999999999997,0.15970781250000002
2.0778,0.15967893
2.0780999999999996,0.15965003250000004
2.0784,0.15962112
2.0787,0.15959219249999998
2.0789999999999997,0.15956325000000002
2.0793,0.1595342925
2.0795999999999997,0.15950532
2.0799,0.1594763325
2.0801999999999996,0.15944733000000003
2.0805,0.15941831250000002
2.0808,0.15938928
2.0810999999999997,0.1593602325
2.0814,0.15933117
2.0816999999999997,0.15930209250000002
2.082,0.15927300000000003
2.0822999999999996,0.15924389250000004
2.0826,0.15921477000000003
2.0829,0.15918563249999998
2.0831999999999997,0.15915648000000002
2.0835,0.15912731249999998
2.0837999999999997,0.15909813000000003
2.0841,0.1590689325
2.0844,0.15903972
2.0846999999999998,0.15901049250000002
2.085,0.15898125
2.0852999999999997,0.1589519925
2.0856,0.15892272
2.0858999999999996,0.15889343250000001
2.0862,0.15886413000000002
2.0865,0.1588348125
2.0867999999999998,0.15880548000000003
2.0871,0.1587761325
2.0873999999999997,0.15874677
2.0877,0.1587173925
2.0879999999999996,0.15868800000000002
2.0883,0.15865859250000003
2.0886,0.15862916999999999
2.0888999999999998,0.15859973250000003
2.0892,0.15857027999999998
2.0894999999999997,0.15854081250000002
2.0898,0.15851133
2.0900999999999996,0.15848183250000003
2.0904,0.15845232
2.0907,0.1584227925
2.0909999999999997,0.15839325
2.0913,0.1583636925
2.0915999999999997,0.15833412000000002
2.0919,0.1583045325
2.0921999999999996,0.15827493
2.0925,0.1582453125
2.0928,0.15821568
2.0930999999999997,0.15818603250000002
2.0934,0.15815637000000002
2.0936999999999997,0.15812669250000003
2.094,0.15809700000000002
2.0942999999999996,0.15806729250000004
2.0946,0.15803757000000002
2.0949,0.15800783249999997
2.0951999999999997,0.15797808000000002
2.0955,0.1579483125
2.0957999999999997,0.15791853000000003
2.0961,0.1578887325
2.0963999999999996,0.15785892000000004
2.0967,0.15782909250000002
2.097,0.15779925
2.0972999999999997,0.15776939250000002
2.0976,0.15773952
2.0978999999999997,0.15770963250000003
2.0982,0.15767973000000002
2.0985,0.1576498125
2.0987999999999998,0.15761988000000002
2.0991,0.1575899325
2.0993999999999997,0.15755997000000002
2.0997,0.15752999250000002
2.0999999999999996,0.15750000000000003
2.1003,0.15746999250000002
2.1006,0.15743996999999998
2.1008999999999998,0.15740993250000002
2.1012,0.15737988
2.1014999999999997,0.15734981250000002
2.1018,0.15731973
2.1020999999999996,0.15728963250000003
2.1024,0.15725952
2.1027,0.15722939249999998
2.1029999999999998,0.15719925
2.1033,0.1571690925
2.1035999999999997,0.15713892000000002
2.1039,0.15710873250000001
2.1041999999999996,0.15707853000000002
2.1045,0.1570483125
2.1048,0.15701808
2.1050999999999997,0.1569878325
2.1054,0.15695757000000002
2.1056999999999997,0.15692729250000004
2.106,0.156897
2.1062999999999996,0.15686669250000004
2.1066,0.15683637000000003
2.1069,0.1568060325
2.1071999999999997,0.15677568000000003
2.1075,0.15674531249999998
2.1077999999999997,0.15671493000000003
2.1081,0.1566845325
2.1083999999999996,0.15665412000000004
2.1087,0.1566236925
2.109,0.15659325
2.1092999999999997,0.15656279250000002
2.1096,0.15653232
2.1098999999999997,0.15650183250000002
2.1102,0.15647133000000002
2.1104999999999996,0.15644081250000003
2.1108,0.15641028
2.1111,0.1563797325
2.1113999999999997,0.15634917
2.1117,0.15631859250000002
2.1119999999999997,0.15628800000000004
2.1123,0.1562573925
2.1126,0.15622677
2.1129,0.15619613250000003
2.1132,0.15616548
2.1134999999999997,0.15613481250000003
2.1138,0.15610412999999998
2.1140999999999996,0.15607343250000003
2.1144,0.15604272
2.1147,0.1560119925
2.1149999999999998,0.15598125000000002
2.1153,0.1559504925
2.1155999999999997,0.15591972
2.1159,0.1558889325
2.1161999999999996,0.15585813
2.1165,0.1558273125
2.1168,0.15579648
2.1170999999999998,0.15576563250000003
2.1174,0.15573477
2.1176999999999997,0.15570389250000002
2.118,0.155673
2.1182999999999996,0.15564209250000002
2.1186,0.15561117000000002
2.1189,0.15558023249999997
2.1191999999999998,0.15554928
2.1195,0.15551831249999998
2.1197999999999997,0.15548733000000003
2.1201,0.1554563325
2.1203999999999996,0.15542532000000003
2.1207,0.1553942925
2.121,0.15536324999999998
2.1212999999999997,0.15533219250000002
2.1216,0.15530112
2.1218999999999997,0.15527003250000002
2.1222,0.15523893
2.1224999999999996,0.15520781250000001
2.1228,0.15517668
2.1231,0.1551455325
2.1233999999999997,0.15511437000000003
2.1237,0.1550831925
2.1239999999999997,0.15505200000000002
2.1243,0.1550207925
2.1245999999999996,0.15498957000000002
2.1249,0.15495833250000002
2.1252,0.15492708
2.1254999999999997,0.15489581250000004
2.1258,0.15486453
2.1260999999999997,0.15483323250000003
2.1264,0.15480192
2.1267,0.1547705925
2.127,0.15473925
2.1273,0.1547078925
2.1275999999999997,0.15467652
2.1279,0.1546451325
2.1281999999999996,0.15461373000000003
2.1285,0.1545823125
2.1288,0.15455088
2.1290999999999998,0.15451943250000003
2.1294,0.15448797
2.1296999999999997,0.15445649250000001
2.13,0.154425
2.1302999999999996,0.15439349250000003
2.1306,0.15436197000000002
2.1309,0.15433043249999998
2.1311999999999998,0.15429888000000003
2.1315,0.15426731249999998
2.1317999999999997,0.15423573000000004
2.1321,0.1542041325
2.1323999999999996,0.15417252000000004
2.1327,0.15414089250000002
2.133,0.15410925
2.1332999999999998,0.1540775925
2.1336,0.15404592
2.1338999999999997,0.15401423250000001
2.1342,0.15398253
2.1344999999999996,0.15395081250000003
2.1348,0.15391908
2.1351,0.1538873325
2.1353999999999997,0.15385557000000002
2.1357,0.1538237925
2.1359999999999997,0.15379200000000004
2.1363,0.1537601925
2.1365999999999996,0.15372837000000003
2.1369,0.1536965325
2.1372,0.15366468
2.1374999999999997,0.15363281250000002
2.1378,0.15360093
2.1380999999999997,0.15356903250000004
2.1384,0.15353712
2.1386999999999996,0.15350519250000005
2.139,0.15347325
2.1393,0.1534412925
2.1395999999999997,0.15340932000000002
2.1399,0.1533773325
2.1401999999999997,0.15334533000000003
2.1405,0.15331331250000002
2.1407999999999996,0.15328128000000002
2.1411,0.15324923250000003
2.1414,0.15321717
2.1416999999999997,0.15318509250000004
2.142,0.153153
2.1422999999999996,0.15312089250000002
2.1426,0.15308877
2.1429,0.15305663249999998
2.1431999999999998,0.15302448000000002
2.1435,0.15299231249999998
2.1437999999999997,0.15296013000000003
2.1441,0.1529279325
2.1443999999999996,0.15289572000000004
2.1447,0.1528634925
2.145,0.15283125
2.1452999999999998,0.1527989925
2.1456,0.15276672
2.1458999999999997,0.15273443250000002
2.1462,0.15270213
2.1464999999999996,0.15266981250000003
2.1468,0.15263748000000002
2.1471,0.1526051325
2.1473999999999998,0.15257277000000002
2.1477,0.1525403925
2.1479999999999997,0.15250800000000003
2.1483,0.1524755925
2.1485999999999996,0.15244317000000004
2.1489,0.1524107325
2.1492,0.15237827999999998
2.1494999999999997,0.15234581250000004
2.1498,0.15231333
2.1500999999999997,0.15228083250000005
2.1504,0.15224832
2.1506999999999996,0.15221579250000003
2.151,0.15218325
2.1513,0.1521506925
2.1515999999999997,0.15211812000000002
2.1519,0.1520855325
2.1521999999999997,0.15205293000000003
2.1525,0.1520203125
2.1527999999999996,0.15198768000000001
2.1531,0.1519550325
2.1534,0.15192237
2.1536999999999997,0.15188969250000003
2.154,0.15185700000000002
2.1542999999999997,0.15182429250000004
2.1546,0.15179157000000001
2.1548999999999996,0.15175883250000002
2.1552,0.15172608
2.1555,0.15169331249999998
2.1557999999999997,0.15166053000000004
2.1561,0.1516277325
2.1563999999999997,0.15159492000000005
2.1567,0.1515620925
2.157,0.15152924999999998
2.1572999999999998,0.15149639250000002
2.1576,0.15146352
2.1578999999999997,0.15143063250000002
2.1582,0.15139773
2.1584999999999996,0.15136481250000003
2.1588,0.15133188
2.1591,0.1512989325
2.1593999999999998,0.15126597000000003
2.1597,0.1512329925
2.1599999999999997,0.15120000000000003
2.1603,0.1511669925
2.1605999999999996,0.15113397000000003
2.1609,0.1511009325
2.1612,0.15106788
2.1614999999999998,0.15103481250000003
2.1618,0.15100173
2.1620999999999997,0.15096863250000003
2.1624,0.15093552
2.1626999999999996,0.15090239250000004
2.163,0.15086925
2.1633,0.1508360925
2.1635999999999997,0.15080292
2.1639,0.1507697325
2.1641999999999997,0.15073653
2.1645,0.15070331250000002
2.1647999999999996,0.15067008000000004
2.1651,0.1506368325
2.1654,0.15060357
2.1656999999999997,0.1505702925
2.166,0.150537
2.1662999999999997,0.15050369250000004
2.1666,0.15047037000000002
2.1668999999999996,0.15043703250000004
2.1672,0.15040368
2.1675,0.1503703125
2.1677999999999997,0.15033693000000004
2.1681,0.1503035325
2.1683999999999997,0.15027012000000003
2.1687,0.1502366925
2.1689999999999996,0.15020325000000004
2.1693,0.1501697925
2.1696,0.15013632
2.1698999999999997,0.1501028325
2.1702,0.15006933
2.1704999999999997,0.15003581250000003
2.1708,0.15000228000000002
2.1711,0.1499687325
2.1713999999999998,0.14993517
2.1717,0.1499015925
2.1719999999999997,0.14986800000000003
2.1723,0.14983439250000002
2.1725999999999996,0.14980077000000003
2.1729,0.1497671325
2.1732,0.14973347999999997
2.1734999999999998,0.14969981250000003
2.1738,0.14966612999999998
2.1740999999999997,0.14963243250000002
2.1744,0.14959872
2.1746999999999996,0.14956499250000005
2.175,0.14953125
2.1753,0.1494974925
2.1755999999999998,0.14946372000000002
2.1759,0.1494299325
2.1761999999999997,0.14939613000000002
2.1765,0.1493623125
2.1767999999999996,0.14932848
2.1771,0.14929463250000002
2.1774,0.14926077
2.1776999999999997,0.1492268925
2.178,0.14919300000000002
2.1782999999999997,0.14915909250000003
2.1786,0.14912517
2.1788999999999996,0.14909123250000003
2.1792,0.14905728000000001
2.1795,0.14902331249999998
2.1797999999999997,0.14898933000000003
2.1801,0.14895533249999998
2.1803999999999997,0.14892132000000002
2.1807,0.1488872925
2.1809999999999996,0.14885325000000005
2.1813,0.1488191925
2.1816,0.14878512
2.1818999999999997,0.14875103250000002
2.1822,0.14871693
2.1824999999999997,0.1486828125
2.1828,0.14864868
2.1830999999999996,0.14861453250000004
2.1834,0.14858037000000002
2.1837,0.1485461925
2.1839999999999997,0.14851200000000003
2.1843,0.1484777925
2.1845999999999997,0.14844357000000002
2.1849,0.14840933250000002
2.1851999999999996,0.14837508000000005
2.1854999999999998,0.14834081250000003
2.1858,0.14830653
2.1860999999999997,0.14827223250000005
2.1864,0.14823792
2.1866999999999996,0.14820359250000004
2.187,0.14816925
2.1873,0.14813489249999998
2.1875999999999998,0.14810052
2.1879,0.1480661325
2.1881999999999997,0.14803173000000003
2.1885,0.1479973125
2.1887999999999996,0.14796288000000002
2.1891,0.1479284325
2.1894,0.14789396999999999
2.1896999999999998,0.14785949250000002
2.19,0.147825
2.1902999999999997,0.14779049250000004
2.1906,0.14775597000000001
2.1908999999999996,0.14772143250000003
2.1912,0.14768688000000002
2.1915,0.1476523125
2.1917999999999997,0.14761773000000003
2.1921,0.1475831325
2.1923999999999997,0.14754852000000004
2.1927,0.1475138925
2.1929999999999996,0.14747925000000003
2.1933,0.1474445925
2.1936,0.14740992
2.1938999999999997,0.1473752325
2.1942,0.14734053
2.1944999999999997,0.14730581250000002
2.1948,0.14727108
2.1950999999999996,0.14723633250000004
2.1954,0.14720157
2.1957,0.1471667925
2.1959999999999997,0.147132
2.1963,0.1470971925
2.1965999999999997,0.14706237000000003
2.1969,0.14702753250000003
2.1971999999999996,0.14699268000000004
2.1975,0.14695781250000003
2.1978,0.14692292999999998
2.1980999999999997,0.14688803250000004
2.1984,0.14685312
2.1986999999999997,0.14681819250000003
2.199,0.14678325
2.1992999999999996,0.14674829250000004
2.1995999999999998,0.14671332
2.1999,0.1466783325
2.2001999999999997,0.14664333000000002
2.2005,0.1466083125
2.2007999999999996,0.14657328000000003
2.2011,0.1465382325
2.2014,0.14650317
2.2016999999999998,0.1464680925
2.202,0.146433
2.2022999999999997,0.14639789250000002
2.2026,0.14636277
2.2028999999999996,0.14632763250000003
2.2032,0.14629248000000003
2.2035,0.1462573125
2.2037999999999998,0.14622213000000003
2.2041,0.14618693249999998
2.2043999999999997,0.14615172000000004
2.2047,0.1461164925
2.2049999999999996,0.14608125000000005
2.2053,0.1460459925
2.2056,0.14601071999999998
2.2058999999999997,0.1459754325
2.2062,0.14594013
2.2064999999999997,0.14590481250000004
2.2068,0.14586948
2.2070999999999996,0.14583413250000002
2.2074,0.14579877000000002
2.2077,0.1457633925
2.2079999999999997,0.14572800000000002
2.2083,0.1456925925
2.2085999999999997,0.14565717000000003
2.2089,0.14562173250000002
2.2091999999999996,0.14558628000000004
2.2095,0.14555081250000002
2.2098,0.14551533
2.2100999999999997,0.14547983250000004
2.2104,0.14544432
2.2106999999999997,0.14540879250000005
2.211,0.14537325
2.2112999999999996,0.14533769250000006
2.2116,0.14530212
2.2119,0.1452665325
2.2121999999999997,0.14523093
2.2125,0.1451953125
2.2127999999999997,0.14515968
2.2131,0.1451240325
2.2133999999999996,0.14508837000000002
2.2137,0.14505269250000002
2.214,0.145017
2.2142999999999997,0.14498129250000003
2.2146,0.14494557000000002
2.2148999999999996,0.14490983250000003
2.2152,0.14487408000000002
2.2155,0.14483831249999998
2.2157999999999998,0.14480253000000004
2.2161,0.1447667325
2.2163999999999997,0.14473092000000004
2.2167,0.1446950925
2.2169999999999996,0.14465925000000004
2.2173,0.1446233925
2.2176,0.14458752
2.2178999999999998,0.14455163250000003
2.2182,0.14451573
2.2184999999999997,0.14447981250000003
2.2188,0.14444388
2.2190999999999996,0.14440793250000003
2.2194,0.14437197000000002
2.2197,0.1443359925
2.2199999999999998,0.1443
2.2203,0.1442639925
2.2205999999999997,0.14422797000000004
2.2209,0.1441919325
2.2211999999999996,0.14415588000000004
2.2215,0.14411981250000003
2.2218,0.14408373
2.2220999999999997,0.14404763250000002
2.2224,0.14401152
2.2226999999999997,0.14397539250000005
2.223,0.14393925
2.2232999999999996,0.14390309250000005
2.2236,0.14386692
2.2239,0.1438307325
2.2241999999999997,0.14379453000000003
2.2245,0.1437583125
2.2247999999999997,0.14372208000000003
2.2251,0.1436858325
2.2253999999999996,0.14364957000000003
2.2257,0.14361329250000002
2.226,0.143577
2.2262999999999997,0.14354069250000004
2.2266,0.14350437000000002
2.2268999999999997,0.14346803250000004
2.2272,0.14343168
2.2274999999999996,0.14339531250000004
2.2278,0.14335893000000002
2.2281,0.1433225325
2.2283999999999997,0.14328612000000004
2.2287,0.1432496925
2.2289999999999996,0.14321325000000004
2.2293,0.1431767925
2.2296,0.14314032
2.2298999999999998,0.1431038325
2.2302,0.14306733
2.2304999999999997,0.14303081250000002
2.2308,0.14299428
2.2310999999999996,0.14295773250000002
2.2314,0.14292117000000001
2.2317,0.1428845925
2.2319999999999998,0.14284800000000003
2.2323,0.1428113925
2.2325999999999997,0.14277477000000002
2.2329,0.1427381325
2.2331999999999996,0.14270148000000005
2.2335,0.14266481250000002
2.2338,0.14262813
2.2340999999999998,0.14259143250000003
2.2344,0.14255472
2.2346999999999997,0.14251799250000005
2.235,0.14248125
2.2352999999999996,0.14244449250000005
2.2356,0.14240772000000002
2.2359,0.1423709325
2.2361999999999997,0.14233413000000003
2.2365,0.1422973125
2.2367999999999997,0.14226048000000002
2.2371,0.1422236325
2.2373999999999996,0.14218677000000005
2.2377,0.1421498925
2.238,0.142113
2.2382999999999997,0.14207609250000003
2.2386,0.14203917000000002
2.2388999999999997,0.14200223250000005
2.2392,0.14196528000000003
2.2394999999999996,0.14192831250000004
2.2398,0.14189133000000004
2.2401,0.14185433249999999
2.2403999999999997,0.14181732000000002
2.2407,0.1417802925
2.2409999999999997,0.14174325000000004
2.2413,0.1417061925
2.2415999999999996,0.14166912000000004
2.2419,0.1416320325
2.2422,0.14159493
2.2424999999999997,0.14155781250000002
2.2428,0.14152068
2.2430999999999996,0.14148353250000004
2.2434,0.14144637000000002
2.2436999999999996,0.14140919250000003
2.2439999999999998,0.14137200000000003
2.2443,0.1413347925
2.2445999999999997,0.14129757000000004
2.2449,0.1412603325
2.2451999999999996,0.14122308000000003
2.2455,0.1411858125
2.2458,0.14114853
2.2460999999999998,0.14111123250000002
2.2464,0.14107392
2.2466999999999997,0.14103659250000003
2.247,0.14099925
2.2472999999999996,0.14096189250000005
2.2476,0.14092452
2.2479,0.14088713249999998
2.2481999999999998,0.14084973
2.2485,0.1408123125
2.2487999999999997,0.14077488000000002
2.2491,0.1407374325
2.2493999999999996,0.14069997000000004
2.2497,0.1406624925
2.25,0.140625
2.2502999999999997,0.14058749250000002
2.2506,0.14054997
2.2508999999999997,0.14051243250000003
2.2512,0.14047488000000002
2.2514999999999996,0.14043731250000005
2.2518,0.14039973000000003
2.2521,0.1403621325
2.2523999999999997,0.14032452000000004
2.2527,0.14028689249999998
2.2529999999999997,0.14024925000000005
2.2533,0.1402115925
2.2535999999999996,0.14017392000000006
2.2539,0.1401362325
2.2542,0.14009853
2.2544999999999997,0.14006081250000002
2.2548,0.14002308
2.2550999999999997,0.13998533250000003
2.2554,0.13994757000000002
2.2556999999999996,0.13990979250000005
2.256,0.13987200000000002
2.2563,0.1398341925
2.2565999999999997,0.13979637000000003
2.2569,0.1397585325
2.2571999999999997,0.13972068000000004
2.2575,0.13968281250000003
2.2577999999999996,0.13964493000000006
2.2580999999999998,0.13960703250000003
2.2584,0.13956912
2.2586999999999997,0.13953119250000004
2.259,0.13949325
2.2592999999999996,0.13945529250000005
2.2596,0.13941732
2.2599,0.13937933249999998
2.2601999999999998,0.13934133
2.2605,0.1393033125
2.2607999999999997,0.13926528000000002
2.2611,0.13922723250000002
2.2613999999999996,0.13918917000000003
2.2617,0.13915109250000002
2.262,0.139113
2.2622999999999998,0.13907489250000002
2.2626,0.13903677
2.2628999999999997,0.13899863250000002
2.2632,0.13896048000000003
2.2634999999999996,0.13892231250000003
2.2638,0.13888413000000002
2.2641,0.1388459325
2.2643999999999997,0.13880772000000002
2.2647,0.1387694925
2.2649999999999997,0.13873125000000003
2.2653,0.1386929925
2.2655999999999996,0.13865472000000004
2.2659,0.13861643250000003
2.2662,0.13857813
2.2664999999999997,0.13853981250000003
2.2668,0.13850148
2.2670999999999997,0.13846313250000003
2.2674,0.13842477
2.2676999999999996,0.13838639250000004
2.268,0.13834800000000003
2.2683,0.1383095925
2.2685999999999997,0.13827117000000003
2.2689,0.1382327325
2.2691999999999997,0.13819428000000003
2.2695,0.13815581250000003
2.2697999999999996,0.13811733000000004
2.2701,0.13807883250000003
2.2704,0.13804032
2.2706999999999997,0.13800179250000003
2.271,0.13796325
2.2712999999999997,0.13792469250000006
2.2716,0.13788612
2.2718999999999996,0.13784753250000006
2.2721999999999998,0.13780893000000002
2.2725,0.1377703125
2.2727999999999997,0.13773168000000002
2.2731,0.1376930325
2.2733999999999996,0.13765437000000003
2.2737,0.13761569250000003
2.274,0.137577
2.2742999999999998,0.13753829250000002
2.2746,0.13749957000000002
2.2748999999999997,0.13746083250000002
2.2752,0.13742208
2.2754999999999996,0.13738331250000005
2.2758,0.13734453000000002
2.2761,0.13730573249999997
2.2763999999999998,0.13726692000000004
2.2767,0.13722809249999998
2.2769999999999997,0.13718925000000004
2.2773,0.1371503925
2.2775999999999996,0.13711152000000004
2.2779,0.1370726325
2.2782,0.13703373
2.2784999999999997,0.1369948125
2.2788,0.13695588
2.2790999999999997,0.13691693250000003
2.2794,0.13687797000000002
2.2796999999999996,0.13683899250000003
2.28,0.1368
2.2803,0.1367609925
2.2805999999999997,0.13672197000000003
2.2809,0.13668293250000002
2.2811999999999997,0.13664388000000002
2.2815,0.1366048125
2.2817999999999996,0.13656573000000005
2.2821,0.13652663250000002
2.2824,0.13648752
2.2826999999999997,0.13644839250000004
2.283,0.13640925
2.2832999999999997,0.13637009250000004
2.2836,0.13633092
2.2838999999999996,0.13629173250000004
2.2842,0.13625253
2.2845,0.1362133125
2.2847999999999997,0.13617408000000003
2.2851,0.1361348325
2.2853999999999997,0.13609557000000003
2.2857,0.1360562925
2.2859999999999996,0.13601700000000005
2.2862999999999998,0.13597769250000002
2.2866,0.13593837
2.2868999999999997,0.13589903250000004
2.2872,0.13585968
2.2874999999999996,0.13582031250000004
2.2878,0.13578093000000002
2.2880999999999996,0.13574153250000004
2.2883999999999998,0.13570212000000004
2.2887,0.1356626925
2.2889999999999997,0.13562325000000003
2.2893,0.1355837925
2.2895999999999996,0.13554432000000005
2.2899,0.1355048325
2.2902,0.13546533
2.2904999999999998,0.13542581250000002
2.2908,0.13538628
2.2910999999999997,0.13534673250000004
2.2914,0.13530717
2.2916999999999996,0.13526759250000003
2.292,0.13522800000000001
2.2923,0.1351883925
2.2925999999999997,0.13514877000000003
2.2929,0.1351091325
2.2931999999999997,0.13506948000000005
2.2935,0.1350298125
2.2937999999999996,0.13499013000000004
2.2941,0.13495043250000002
2.2944,0.13491071999999998
2.2946999999999997,0.13487099250000004
2.295,0.13483124999999999
2.2952999999999997,0.13479149250000005
2.2956,0.13475172
2.2958999999999996,0.13471193250000005
2.2962,0.13467213
2.2965,0.1346323125
2.2967999999999997,0.13459248000000001
2.2971,0.1345526325
2.2973999999999997,0.13451277000000003
2.2977,0.13447289250000002
2.2979999999999996,0.13443300000000005
2.2983,0.13439309250000003
2.2986,0.13435317
2.2988999999999997,0.13431323250000002
2.2992,0.13427328000000002
2.2994999999999997,0.13423331250000003
2.2998,0.13419333000000003
2.3000999999999996,0.13415333250000006
2.3004,0.13411332000000004
2.3007,0.1340732925
2.3009999999999997,0.13403325000000005
2.3013,0.1339931925
2.3015999999999996,0.13395312000000004
2.3019,0.1339130325
2.3021999999999996,0.13387293000000006
2.3024999999999998,0.1338328125
2.3028,0.13379268
2.3030999999999997,0.13375253250000002
2.3034,0.13371237
2.3036999999999996,0.13367219250000004
2.304,0.13363200000000003
2.3043,0.1335917925
2.3045999999999998,0.13355157000000004
2.3049,0.1335113325
2.3051999999999997,0.13347108000000005
2.3055,0.13343081250000002
2.3057999999999996,0.13339053000000003
2.3061,0.13335023250000003
2.3064,0.13330992
2.3066999999999998,0.13326959250000003
2.307,0.13322925
2.3072999999999997,0.13318889250000004
2.3076,0.13314852
2.3078999999999996,0.13310813250000006
2.3082,0.13306773000000002
2.3085,0.1330273125
2.3087999999999997,0.13298688000000003
2.3091,0.1329464325
2.3093999999999997,0.13290597000000004
2.3097,0.13286549250000002
2.3099999999999996,0.13282500000000003
2.3103,0.13278449250000002
2.3106,0.13274397
2.3108999999999997,0.13270343250000002
2.3112,0.13266288
2.3114999999999997,0.13262231250000003
2.3118,0.13258173
2.3120999999999996,0.13254113250000005
2.3124,0.13250052000000004
2.3127,0.13245989249999998
2.3129999999999997,0.13241925000000004
2.3133,0.1323785925
2.3135999999999997,0.13233792000000005
2.3139,0.1322972325
2.3141999999999996,0.13225653000000007
2.3145,0.13221581250000003
2.3148,0.13217508
2.3150999999999997,0.13213433250000003
2.3154,0.13209357
2.3156999999999996,0.13205279250000004
2.316,0.13201200000000002
2.3162999999999996,0.13197119250000006
2.3165999999999998,0.13193037000000002
2.3169,0.13188953250000002
2.3171999999999997,0.13184868000000002
2.3175,0.1318078125
2.3177999999999996,0.13176693000000003
2.3181,0.13172603250000003
2.3184,0.13168512
2.3186999999999998,0.13164419250000003
2.319,0.13160325
2.3192999999999997,0.13156229250000004
2.3196,0.13152132
2.3198999999999996,0.13148033250000005
2.3202,0.13143933000000002
2.3205,0.1313983125
2.3207999999999998,0.13135728000000002
2.3211,0.1313162325
2.3213999999999997,0.13127517000000002
2.3217,0.1312340925
2.3219999999999996,0.13119300000000003
2.3223,0.13115189250000003
2.3226,0.13111077
2.3228999999999997,0.13106963250000003
2.3232,0.13102848
2.3234999999999997,0.13098731250000004
2.3238,0.13094613000000002
2.3240999999999996,0.13090493250000004
2.3244,0.13086372000000002
2.3247,0.1308224925
2.3249999999999997,0.13078125000000004
2.3253,0.13073999249999999
2.3255999999999997,0.13069872000000005
2.3259,0.1306574325
2.3261999999999996,0.13061613000000005
2.3265,0.13057481250000003
2.3268,0.13053348
2.3270999999999997,0.13049213250000002
2.3274,0.13045077
2.3276999999999997,0.13040939250000003
2.328,0.130368
2.3282999999999996,0.13032659250000003
2.3286,0.13028517000000003
2.3289,0.13024373250000001
2.3291999999999997,0.13020228000000003
2.3295,0.1301608125
2.3297999999999996,0.13011933000000003
2.3301,0.13007783250000002
2.3303999999999996,0.13003632000000004
2.3306999999999998,0.12999479250000004
2.331,0.12995325
2.3312999999999997,0.12991169250000004
2.3316,0.12987012
2.3318999999999996,0.12982853250000004
2.3322,0.12978693000000002
2.3324999999999996,0.12974531250000007
2.3327999999999998,0.12970368000000002
2.3331,0.1296620325
2.3333999999999997,0.12962037000000004
2.3337,0.1295786925
2.3339999999999996,0.12953700000000004
2.3343,0.12949529250000003
2.3346,0.12945357
2.3348999999999998,0.12941183250000002
2.3352,0.12937008
2.3354999999999997,0.12932831250000004
2.3358,0.12928653
2.3360999999999996,0.12924473250000004
2.3364,0.12920292000000003
2.3367,0.1291610925
2.3369999999999997,0.12911925000000005
2.3373,0.1290773925
2.3375999999999997,0.12903552000000004
2.3379,0.1289936325
2.3381999999999996,0.12895173000000004
2.3385,0.12890981250000003
2.3388,0.12886788
2.3390999999999997,0.12882593250000002
2.3394,0.12878397
2.3396999999999997,0.12874199250000004
2.34,0.1287
2.3402999999999996,0.12865799250000004
2.3406,0.12861597000000002
2.3409,0.12857393250000002
2.3411999999999997,0.12853188000000004
2.3415,0.12848981250000002
2.3417999999999997,0.12844773000000004
2.3421,0.12840563250000003
2.3423999999999996,0.12836352000000006
2.3427,0.12832139250000002
2.343,0.12827924999999998
2.3432999999999997,0.12823709250000004
2.3436,0.12819492
2.3438999999999997,0.12815273250000006
2.3442,0.12811053
2.3444999999999996,0.12806831250000006
2.3447999999999998,0.12802608000000001
2.3451,0.1279838325
2.3453999999999997,0.12794157000000003
2.3457,0.1278992925
2.3459999999999996,0.12785700000000003
2.3463,0.12781469250000002
2.3465999999999996,0.12777237000000005
2.3468999999999998,0.12773003250000003
2.3472,0.12768768
2.3474999999999997,0.12764531250000002
2.3478,0.12760293
2.3480999999999996,0.12756053250000005
2.3484,0.12751812
2.3487,0.1274756925
2.3489999999999998,0.12743325000000003
2.3493,0.1273907925
2.3495999999999997,0.12734832000000004
2.3499,0.1273058325
2.3501999999999996,0.12726333000000006
2.3505,0.1272208125
2.3508,0.12717828
2.3510999999999997,0.12713573250000001
2.3514,0.12709317
2.3516999999999997,0.12705059250000003
2.352,0.127008
2.3522999999999996,0.12696539250000005
2.3526,0.12692277000000002
2.3529,0.1268801325
2.3531999999999997,0.12683748000000003
2.3535,0.12679481250000002
2.3537999999999997,0.12675213000000005
2.3541,0.12670943250000002
2.3543999999999996,0.12666672000000004
2.3547,0.12662399250000003
2.355,0.12658124999999998
2.3552999999999997,0.12653849250000004
2.3556,0.12649572
2.3558999999999997,0.12645293250000006
2.3562,0.12641013
2.3564999999999996,0.12636731250000005
2.3568,0.12632448000000002
2.3571,0.1262816325
2.3573999999999997,0.12623877000000003
2.3577,0.12619589250000002
2.3579999999999997,0.12615300000000004
2.3583,0.12611009250000002
2.3585999999999996,0.12606717000000003
2.3588999999999998,0.12602423250000003
2.3592,0.12598128
2.3594999999999997,0.12593831250000004
2.3598,0.12589533000000003
2.3600999999999996,0.12585233250000005
2.3604,0.12580932000000003
2.3606999999999996,0.12576629250000004
2.3609999999999998,0.12572325000000004
2.3613,0.12568019249999998
2.3615999999999997,0.12563712000000005
2.3619,0.1255940325
2.3621999999999996,0.12555093000000006
2.3625,0.1255078125
2.3628,0.12546468
2.3630999999999998,0.12542153250000002
2.3634,0.12537837
2.3636999999999997,0.12533519250000003
2.364,0.12529200000000001
2.3642999999999996,0.12524879250000004
2.3646,0.12520557000000002
2.3649,0.1251623325
2.3651999999999997,0.12511908000000002
2.3655,0.12507581250000002
2.3657999999999997,0.12503253000000003
2.3661,0.12498923250000002
2.3663999999999996,0.12494592000000004
2.3667,0.12490259250000003
2.367,0.12485924999999999
2.3672999999999997,0.12481589250000004
2.3676,0.12477252
2.3678999999999997,0.12472913250000005
2.3682,0.12468573000000001
2.3684999999999996,0.12464231250000006
2.3688,0.12459888000000002
2.3691,0.1245554325
2.3693999999999997,0.12451197000000003
2.3697,0.1244684925
2.3699999999999997,0.12442500000000004
2.3703,0.12438149250000001
2.3705999999999996,0.12433797000000005
2.3709,0.12429443250000002
2.3712,0.12425088000000001
2.3714999999999997,0.12420731250000004
2.3718,0.12416373000000001
2.3720999999999997,0.12412013250000005
2.3724,0.12407652000000002
2.3726999999999996,0.12403289250000006
2.3729999999999998,0.12398925000000004
2.3733,0.1239455925
2.3735999999999997,0.12390192000000004
2.3739,0.1238582325
2.3741999999999996,0.12381453000000005
2.3745,0.12377081250000001
2.3747999999999996,0.12372708000000006
2.3750999999999998,0.12368333250000002
2.3754,0.12363957
2.3756999999999997,0.12359579250000004
2.376,0.12355200000000001
2.3762999999999996,0.12350819250000004
2.3766,0.12346437000000002
2.3769,0.1234205325
2.3771999999999998,0.12337668000000003
2.3775,0.12333281250000001
2.3777999999999997,0.12328893000000003
2.3781,0.12324503250000002
2.3783999999999996,0.12320112000000005
2.3787,0.12315719250000003
2.379,0.12311325
2.3792999999999997,0.12306929250000004
2.3796,0.12302532
2.3798999999999997,0.12298133250000004
2.3802,0.12293733000000001
2.3804999999999996,0.12289331250000006
2.3808,0.12284928000000002
2.3811,0.1228052325
2.3813999999999997,0.12276117000000003
2.3817,0.1227170925
2.3819999999999997,0.12267300000000003
2.3823,0.12262889250000002
2.3825999999999996,0.12258477000000005
2.3829,0.12254063250000002
2.3832,0.12249648
2.3834999999999997,0.12245231250000004
2.3838,0.12240813000000002
2.3840999999999997,0.12236393250000005
2.3844,0.12231972000000002
2.3846999999999996,0.12227549250000005
2.385,0.12223125000000003
2.3853,0.1221869925
2.3855999999999997,0.12214272000000004
2.3859,0.1220984325
2.3861999999999997,0.12205413000000005
2.3865,0.12200981250000001
2.3867999999999996,0.12196548000000006
2.3870999999999998,0.12192113250000002
2.3874,0.12187677
2.3876999999999997,0.12183239250000003
2.388,0.12178800000000001
2.3882999999999996,0.12174359250000004
2.3886,0.12169917000000002
2.3888999999999996,0.12165473250000006
2.3891999999999998,0.12161028000000003
2.3895,0.12156581250000001
2.3897999999999997,0.12152133000000004
2.3901,0.12147683250000002
2.3903999999999996,0.12143232000000005
2.3907,0.12138779250000002
2.3909999999999996,0.12134325000000006
2.3912999999999998,0.12129869250000004
2.3916,0.12125411999999999
2.3918999999999997,0.12120953250000005
2.3922,0.12116493
2.3924999999999996,0.12112031250000005
2.3928,0.12107568000000002
2.3931,0.1210310325
2.3933999999999997,0.12098637000000002
2.3937,0.1209416925
2.3939999999999997,0.12089700000000003
2.3943,0.12085229250000001
2.3945999999999996,0.12080757000000004
2.3949,0.12076283250000003
2.3952,0.12071808
2.3954999999999997,0.12067331250000003
2.3958,0.12062853000000001
2.3960999999999997,0.12058373250000004
2.3964,0.12053892000000002
2.3966999999999996,0.12049409250000005
2.397,0.12044925000000004
2.3973,0.12040439249999998
2.3975999999999997,0.12035952000000004
2.3979,0.1203146325
2.3981999999999997,0.12026973000000005
2.3985,0.12022481250000001
2.3987999999999996,0.12017988000000006
2.3991,0.12013493250000003
2.3994,0.12008997
2.3996999999999997,0.12004499250000003
2.4,0.12000000000000001
2.4002999999999997,0.11995499250000004
2.4006,0.11990997000000002
2.4008999999999996,0.11986493250000005
2.4012,0.11981988000000003
2.4015,0.11977481250000001
2.4017999999999997,0.11972973000000003
2.4021,0.11968463250000001
2.4023999999999996,0.11963952000000004
2.4027,0.11959439250000002
2.4029999999999996,0.11954925000000005
2.4032999999999998,0.11950409250000003
2.4036,0.11945892
2.4038999999999997,0.11941373250000005
2.4042,0.11936853
2.4044999999999996,0.11932331250000006
2.4048,0.11927808000000001
2.4050999999999996,0.11923283250000007
2.4053999999999998,0.11918757000000002
2.4057,0.1191422925
2.4059999999999997,0.11909700000000004
2.4063,0.11905169250000001
2.4065999999999996,0.11900637000000004
2.4069,0.11896103250000002
2.4072,0.11891568
2.4074999999999998,0.11887031250000003
2.4078,0.11882493000000001
2.4080999999999997,0.11877953250000005
2.4084,0.11873412000000001
2.4086999999999996,0.11868869250000005
2.409,0.11864325000000003
2.4093,0.1185977925
2.4095999999999997,0.11855232000000004
2.4099,0.1185068325
2.4101999999999997,0.11846133000000005
2.4105,0.11841581250000001
2.4107999999999996,0.11837028000000006
2.4111,0.11832473250000002
2.4114,0.11827917
2.4116999999999997,0.11823359250000003
2.412,0.118188
2.4122999999999997,0.11814239250000004
2.4126,0.11809677000000002
2.4128999999999996,0.11805113250000004
2.4132,0.11800548000000002
2.4135,0.1179598125
2.4137999999999997,0.11791413000000003
2.4141,0.11786843250000001
2.4143999999999997,0.11782272000000005
2.4147,0.11777699250000002
2.4149999999999996,0.11773125000000005
2.4153,0.11768549250000003
2.4156,0.11763971999999999
2.4158999999999997,0.11759393250000004
2.4162,0.11754813
2.4164999999999996,0.11750231250000005
2.4168,0.11745648000000002
2.4170999999999996,0.11741063250000007
2.4173999999999998,0.11736477000000002
2.4177,0.1173188925
2.4179999999999997,0.11727300000000003
2.4183,0.1172270925
2.4185999999999996,0.11718117000000004
2.4189,0.11713523250000002
2.4191999999999996,0.11708928000000006
2.4194999999999998,0.11704331250000004
2.4198,0.11699733000000001
2.4200999999999997,0.11695133250000005
2.4204,0.11690532000000002
2.4206999999999996,0.11685929250000004
2.421,0.11681325000000002
2.4213,0.11676719249999999
2.4215999999999998,0.11672112000000004
2.4219,0.1166750325
2.4221999999999997,0.11662893000000005
2.4225,0.11658281250000001
2.4227999999999996,0.11653668000000006
2.4231,0.11649053250000002
2.4234,0.11644436999999999
2.4236999999999997,0.11639819250000003
2.424,0.11635200000000001
2.4242999999999997,0.11630579250000003
2.4246,0.11625957000000002
2.4248999999999996,0.11621333250000004
2.4252,0.11616708000000002
2.4255,0.1161208125
2.4257999999999997,0.11607453000000004
2.4261,0.11602823250000001
2.4263999999999997,0.11598192000000004
2.4267,0.11593559250000002
2.4269999999999996,0.11588925000000005
2.4273,0.11584289250000003
2.4276,0.11579651999999999
2.4278999999999997,0.11575013250000005
2.4282,0.11570373
2.4284999999999997,0.11565731250000005
2.4288,0.11561088000000001
2.4290999999999996,0.11556443250000006
2.4294,0.11551797000000003
2.4297,0.1154714925
2.4299999999999997,0.11542500000000003
2.4303,0.11537849250000001
2.4305999999999996,0.11533197000000005
2.4309,0.11528543250000002
2.4311999999999996,0.11523888000000006
2.4314999999999998,0.11519231250000003
2.4318,0.11514573
2.4320999999999997,0.11509913250000003
2.4324,0.11505252000000002
2.4326999999999996,0.11500589250000005
2.433,0.11495925000000003
2.4332999999999996,0.11491259250000006
2.4335999999999998,0.11486592000000004
2.4339,0.11481923249999999
2.4341999999999997,0.11477253000000005
2.4345,0.11472581250000001
2.4347999999999996,0.11467908000000006
2.4351,0.11463233250000002
2.4353999999999996,0.11458557000000007
2.4356999999999998,0.11453879250000003
2.436,0.11449200000000001
2.4362999999999997,0.11444519250000004
2.4366,0.11439837000000001
2.4368999999999996,0.11435153250000005
2.4372,0.11430468000000002
2.4375,0.1142578125
2.4377999999999997,0.11421093000000003
2.4381,0.11416403250000001
2.4383999999999997,0.11411712000000004
2.4387,0.11407019250000001
2.4389999999999996,0.11402325000000006
2.4393,0.11397629250000003
2.4396,0.11392931999999999
2.4398999999999997,0.11388233250000004
2.4402,0.11383533
2.4404999999999997,0.11378831250000006
2.4408,0.11374128000000001
2.4410999999999996,0.11369423250000006
2.4414,0.11364717000000002
2.4417,0.1136000925
2.4419999999999997,0.11355300000000003
2.4423,0.11350589250000001
2.4425999999999997,0.11345877000000004
2.4429,0.11341163250000001
2.4431999999999996,0.11336448000000006
2.4435,0.11331731250000003
2.4438,0.11327013000000001
2.4440999999999997,0.11322293250000004
2.4444,0.11317572000000002
2.4446999999999997,0.11312849250000005
2.445,0.11308125000000002
2.4452999999999996,0.11303399250000006
2.4455999999999998,0.11298672000000004
2.4459,0.11293943249999999
2.4461999999999997,0.11289213000000005
2.4465,0.1128448125
2.4467999999999996,0.11279748000000006
2.4471,0.11275013250000002
2.4473999999999996,0.11270277000000006
2.4476999999999998,0.11265539250000002
2.448,0.112608
2.4482999999999997,0.11256059250000004
2.4486,0.11251317000000001
2.4488999999999996,0.11246573250000005
2.4492,0.11241828000000002
2.4494999999999996,0.11237081250000006
2.4497999999999998,0.11232333000000003
2.4501,0.1122758325
2.4503999999999997,0.11222832000000005
2.4507,0.11218079250000002
2.4509999999999996,0.11213325000000006
2.4513,0.11208569250000003
2.4516,0.11203811999999999
2.4518999999999997,0.11199053250000005
2.4522,0.11194293
2.4524999999999997,0.11189531250000005
2.4528,0.11184768
2.4530999999999996,0.11180003250000006
2.4534,0.11175237000000002
2.4537,0.1117046925
2.4539999999999997,0.11165700000000003
2.4543,0.11160929250000001
2.4545999999999997,0.11156157000000004
2.4549,0.11151383250000002
2.4551999999999996,0.11146608000000005
2.4555,0.11141831250000003
2.4558,0.11137053000000001
2.4560999999999997,0.11132273250000004
2.4564,0.11127492000000001
2.4566999999999997,0.11122709250000005
2.457,0.11117925000000002
2.4572999999999996,0.11113139250000006
2.4576,0.11108352000000003
2.4579,0.1110356325
2.4581999999999997,0.11098773000000005
2.4585,0.1109398125
2.4587999999999997,0.11089188000000005
2.4591,0.11084393250000002
2.4593999999999996,0.11079597000000006
2.4596999999999998,0.11074799250000003
2.46,0.1107
2.4602999999999997,0.11065199250000003
2.4606,0.11060397000000001
2.4608999999999996,0.11055593250000005
2.4612,0.11050788000000002
2.4614999999999996,0.11045981250000006
2.4617999999999998,0.11041173000000003
2.4621,0.1103636325
2.4623999999999997,0.11031552000000004
2.4627,0.11026739250000002
2.4629999999999996,0.11021925000000006
2.4633,0.11017109250000003
2.4635999999999996,0.11012292000000007
2.4638999999999998,0.11007473250000004
2.4642,0.11002653
2.4644999999999997,0.10997831250000005
2.4648,0.10993008000000001
2.4650999999999996,0.10988183250000005
2.4654,0.10983357000000002
2.4657,0.10978529249999999
2.4659999999999997,0.10973700000000003
2.4663,0.1096886925
2.4665999999999997,0.10964037000000004
2.4669,0.10959203250000002
2.4671999999999996,0.10954368000000005
2.4675,0.10949531250000002
2.4678,0.10944693
2.4680999999999997,0.10939853250000003
2.4684,0.10935012000000001
2.4686999999999997,0.10930169250000005
2.469,0.10925325000000002
2.4692999999999996,0.10920479250000006
2.4696,0.10915632000000003
2.4699,0.10910783249999999
2.4701999999999997,0.10905933000000004
2.4705,0.1090108125
2.4707999999999997,0.10896228000000005
2.4711,0.10891373250000001
2.4713999999999996,0.10886517000000007
2.4717,0.10881659250000003
2.472,0.108768
2.4722999999999997,0.10871939250000004
2.4726,0.10867077000000001
2.4728999999999997,0.10862213250000005
2.4732,0.10857348000000001
2.4734999999999996,0.10852481250000005
2.4737999999999998,0.10847613000000003
2.4741,0.1084274325
2.4743999999999997,0.10837872000000004
2.4747,0.10832999250000001
2.4749999999999996,0.10828125000000005
2.4753,0.10823249250000003
2.4755999999999996,0.10818372000000007
2.4758999999999998,0.10813493250000004
2.4762,0.10808613
2.4764999999999997,0.10803731250000005
2.4768,0.10798848000000001
2.4770999999999996,0.10793963250000006
2.4774,0.10789077000000002
2.4776999999999996,0.10784189250000006
2.4779999999999998,0.10779300000000003
2.4783,0.1077440925
2.4785999999999997,0.10769517000000003
2.4789,0.10764623250000001
2.4791999999999996,0.10759728000000005
2.4795,0.10754831250000002
2.4798,0.10749933
2.4800999999999997,0.10745033250000004
2.4804,0.10740132000000001
2.4806999999999997,0.10735229250000004
2.481,0.10730325000000002
2.4812999999999996,0.10725419250000005
2.4816,0.10720512000000003
2.4819,0.1071560325
2.4821999999999997,0.10710693000000004
2.4825,0.1070578125
2.4827999999999997,0.10700868000000005
2.4831,0.10695953250000001
2.4833999999999996,0.10691037000000006
2.4837,0.10686119250000002
2.484,0.106812
2.4842999999999997,0.10676279250000004
2.4846,0.10671357000000001
2.4848999999999997,0.10666433250000004
2.4852,0.10661508000000001
2.4854999999999996,0.10656581250000005
2.4858,0.10651653000000003
2.4861,0.10646723250000001
2.4863999999999997,0.10641792000000004
2.4867,0.10636859250000001
2.4869999999999997,0.10631925000000005
2.4873,0.10626989250000003
2.4875999999999996,0.10622052000000007
2.4879,0.10617113250000004
2.4882,0.10612173
2.4884999999999997,0.10607231250000004
2.4888,0.10602288
2.4890999999999996,0.10597343250000006
2.4894,0.10592397000000002
2.4896999999999996,0.10587449250000007
2.4899999999999998,0.10582500000000003
2.4903,0.1057754925
2.4905999999999997,0.10572597000000004
2.4909,0.10567643250000001
2.4911999999999996,0.10562688000000005
2.4915,0.10557731250000002
2.4917999999999996,0.10552773000000006
2.4920999999999998,0.10547813250000003
2.4924,0.10542852000000001
2.4926999999999997,0.10537889250000004
2.493,0.10532925000000001
2.4932999999999996,0.10527959250000006
2.4936,0.10522992000000003
2.4938999999999996,0.10518023250000007
2.4941999999999998,0.10513053000000004
2.4945,0.1050808125
2.4947999999999997,0.10503108000000005
2.4951,0.10498133250000001
2.4953999999999996,0.10493157000000006
2.4957,0.10488179250000003
2.496,0.104832
2.4962999999999997,0.10478219250000004
2.4966,0.10473237
2.4968999999999997,0.10468253250000005
2.4972,0.10463268000000002
2.4974999999999996,0.10458281250000005
2.4978,0.10453293000000002
2.4981,0.1044830325
2.4983999999999997,0.10443312000000005
2.4987,0.10438319250000001
2.4989999999999997,0.10433325000000006
2.4993,0.10428329250000003
2.4995999999999996,0.10423332000000006
2.4999,0.10418333250000003
2.5002,0.10413333
2.5004999999999997,0.10408331250000005
2.5008,0.10403328
2.5010999999999997,0.10398323250000006
2.5014,0.10393317000000002
2.5016999999999996,0.10388309250000007
2.502,0.10383300000000002
2.5023,0.1037828925
2.5025999999999997,0.10373277000000004
2.5029,0.10368263250000001
2.5031999999999996,0.10363248000000005
2.5035,0.10358231250000002
2.5037999999999996,0.10353213000000006
2.5040999999999998,0.10348193250000004
2.5044,0.10343172
2.5046999999999997,0.10338149250000005
2.505,0.10333125000000001
2.5052999999999996,0.10328099250000006
2.5056,0.10323072000000003
2.5058999999999996,0.10318043250000007
2.5061999999999998,0.10313013000000004
2.5065,0.10307981249999999
2.5067999999999997,0.10302948000000005
2.5071,0.10297913250000001
2.5073999999999996,0.10292877000000006
2.5077,0.10287839250000003
2.5079999999999996,0.10282800000000007
2.5082999999999998,0.10277759250000003
2.5086,0.10272717
2.5088999999999997,0.10267673250000005
2.5092,0.10262628000000001
2.5094999999999996,0.10257581250000006
2.5098,0.10252533000000003
2.5101,0.1024748325
2.5103999999999997,0.10242432000000004
2.5107,0.1023737925
2.5109999999999997,0.10232325000000005
2.5113,0.10227269250000003
2.5115999999999996,0.10222212000000006
2.5119,0.10217153250000004
2.5122,0.10212093
2.5124999999999997,0.10207031250000005
2.5128,0.10201968
2.5130999999999997,0.10196903250000006
2.5134,0.10191837000000002
2.5136999999999996,0.10186769250000006
2.514,0.10181700000000003
2.5143,0.1017662925
2.5145999999999997,0.10171557000000003
2.5149,0.10166483250000001
2.5151999999999997,0.10161408000000005
2.5155,0.10156331250000002
2.5157999999999996,0.10151253000000006
2.5161,0.10146173250000003
2.5164,0.10141092
2.5166999999999997,0.10136009250000004
2.517,0.10130925000000002
2.5172999999999996,0.10125839250000006
2.5176,0.10120752000000002
2.5178999999999996,0.10115663250000007
2.5181999999999998,0.10110573000000003
2.5185,0.1010548125
2.5187999999999997,0.10100388000000005
2.5191,0.10095293250000001
2.5193999999999996,0.10090197000000006
2.5197,0.10085099250000001
2.5199999999999996,0.10080000000000007
2.5202999999999998,0.10074899250000004
2.5206,0.10069797
2.5208999999999997,0.10064693250000004
2.5212,0.10059588000000001
2.5214999999999996,0.10054481250000005
2.5218,0.10049373000000003
2.5220999999999996,0.10044263250000006
2.5223999999999998,0.10039152000000004
2.5227,0.10034039250000001
2.5229999999999997,0.10028925000000005
2.5233,0.10023809250000001
2.5235999999999996,0.10018692000000005
2.5239,0.10013573250000003
2.5242,0.10008452999999999
2.5244999999999997,0.10003331250000004
2.5248,0.09998208
2.5250999999999997,0.09993083250000005
2.5254,0.09987957000000001
2.5256999999999996,0.09982829250000007
2.526,0.09977700000000002
2.5263,0.09972569249999999
2.5265999999999997,0.09967437000000004
2.5269,0.09962303250000001
2.5271999999999997,0.09957168000000005
2.5275,0.09952031250000001
2.5277999999999996,0.09946893000000005
2.5281,0.09941753250000003
2.5284,0.09936612
2.5286999999999997,0.09931469250000004
2.529,0.09926325000000001
2.5292999999999997,0.09921179250000005
2.5296,0.09916032000000002
2.5298999999999996,0.09910883250000006
2.5302,0.09905733000000004
2.5305,0.0990058125
2.5307999999999997,0.09895428000000005
2.5311,0.0989027325
2.5313999999999997,0.09885117000000006
2.5317,0.09879959250000002
2.5319999999999996,0.09874800000000007
2.5322999999999998,0.09869639250000004
2.5326,0.09864477
2.5328999999999997,0.09859313250000004
2.5332,0.09854148000000001
2.5334999999999996,0.09848981250000005
2.5338,0.09843813000000003
2.5340999999999996,0.09838643250000007
2.5343999999999998,0.09833472000000004
2.5347,0.09828299250000001
2.5349999999999997,0.09823125000000005
2.5353,0.09817949250000002
2.5355999999999996,0.09812772000000006
2.5359,0.09807593250000003
2.5361999999999996,0.09802413000000007
2.5364999999999998,0.09797231250000005
2.5368,0.09792048
2.5370999999999997,0.09786863250000005
2.5374,0.09781677000000001
2.5376999999999996,0.09776489250000006
2.538,0.09771300000000002
2.5382999999999996,0.09766109250000007
2.5385999999999997,0.09760917000000004
2.5389,0.09755723250000001
2.5391999999999997,0.09750528000000004
2.5395,0.09745331250000001
2.5397999999999996,0.09740133000000006
2.5401,0.09734933250000002
2.5404,0.09729732
2.5406999999999997,0.09724529250000004
2.541,0.09719325000000001
2.5412999999999997,0.09714119250000006
2.5416,0.09708912000000003
2.5418999999999996,0.09703703250000006
2.5422,0.09698493000000004
2.5425,0.09693281249999999
2.5427999999999997,0.09688068000000005
2.5431,0.09682853250000001
2.5433999999999997,0.09677637000000006
2.5437,0.09672419250000001
2.5439999999999996,0.09667200000000008
2.5443,0.09661979250000002
2.5446,0.09656757
2.5448999999999997,0.09651533250000004
2.5452,0.09646308
2.5454999999999997,0.09641081250000005
2.5458,0.09635853000000003
2.5460999999999996,0.09630623250000006
2.5463999999999998,0.09625392000000003
2.5467,0.0962015925
2.5469999999999997,0.09614925000000005
2.5473,0.09609689250000002
2.5475999999999996,0.09604452000000006
2.5479,0.09599213250000004
2.5481999999999996,0.09593973000000007
2.5484999999999998,0.09588731250000004
2.5488,0.09583488
2.5490999999999997,0.09578243250000006
2.5494,0.09572997000000001
2.5496999999999996,0.09567749250000006
2.55,0.09562500000000003
2.5502999999999996,0.09557249250000008
2.5505999999999998,0.09551997000000004
2.5509,0.0954674325
2.5511999999999997,0.09541488000000005
2.5515,0.09536231250000002
2.5517999999999996,0.09530973000000005
2.5521,0.09525713250000002
2.5523999999999996,0.09520452000000007
2.5526999999999997,0.09515189250000004
2.553,0.09509925000000001
2.5532999999999997,0.09504659250000005
2.5536,0.09499392000000002
2.5538999999999996,0.09494123250000007
2.5542,0.09488853000000004
2.5545,0.09483581249999999
2.5547999999999997,0.09478308000000005
2.5551,0.0947303325
2.5553999999999997,0.09467757000000006
2.5557,0.09462479250000001
2.5559999999999996,0.09457200000000007
2.5563,0.09451919250000003
2.5566,0.09446637
2.5568999999999997,0.09441353250000004
2.5572,0.09436068000000002
2.5574999999999997,0.09430781250000005
2.5578,0.09425493000000003
2.5580999999999996,0.09420203250000006
2.5584,0.09414912000000003
2.5587,0.09409619250000001
2.5589999999999997,0.09404325000000005
2.5593,0.09399029250000002
2.5595999999999997,0.09393732000000006
2.5599,0.09388433250000003
2.5601999999999996,0.09383133000000007
2.5604999999999998,0.09377831250000004
2.5608,0.09372528
2.5610999999999997,0.09367223250000005
2.5614,0.09361917000000002
2.5616999999999996,0.09356609250000006
2.562,0.09351300000000003
2.5622999999999996,0.09345989250000007
2.5625999999999998,0.09340677000000003
2.5629,0.0933536325
2.5631999999999997,0.09330048000000005
2.5635,0.09324731250000001
2.5637999999999996,0.09319413000000006
2.5641,0.09314093250000002
2.5643999999999996,0.09308772000000007
2.5646999999999998,0.09303449250000004
2.565,0.09298125000000002
2.5652999999999997,0.09292799250000006
2.5656,0.09287472000000002
2.5658999999999996,0.09282143250000006
2.5662,0.09276813000000003
2.5664999999999996,0.09271481250000008
2.5667999999999997,0.09266148000000005
2.5671,0.09260813250000001
2.5673999999999997,0.09255477000000005
2.5677,0.09250139250000002
2.5679999999999996,0.09244800000000007
2.5683,0.09239459250000003
2.5686,0.09234117
2.5688999999999997,0.09228773250000004
2.5692,0.09223428000000002
2.5694999999999997,0.09218081250000006
2.5698,0.09212733000000002
2.5700999999999996,0.09207383250000006
2.5704,0.09202032000000003
2.5707,0.0919667925
2.5709999999999997,0.09191325000000004
2.5713,0.09185969250000002
2.5715999999999997,0.09180612000000006
2.5719,0.09175253250000003
2.5721999999999996,0.09169893000000007
2.5725,0.09164531250000003
2.5728,0.09159168
2.5730999999999997,0.09153803250000005
2.5734,0.09148437000000001
2.5736999999999997,0.09143069250000006
2.574,0.09137700000000001
2.5742999999999996,0.09132329250000007
2.5745999999999998,0.09126957000000004
2.5749,0.0912158325
2.5751999999999997,0.09116208000000005
2.5755,0.09110831250000001
2.5757999999999996,0.09105453000000005
2.5761,0.09100073250000003
2.5763999999999996,0.09094692000000007
2.5766999999999998,0.09089309250000004
2.577,0.09083925000000001
2.5772999999999997,0.09078539250000005
2.5776,0.09073152000000002
2.5778999999999996,0.09067763250000006
2.5782,0.09062373000000003
2.5784999999999996,0.09056981250000007
2.5787999999999998,0.09051588000000005
2.5791,0.0904619325
2.5793999999999997,0.09040797000000006
2.5797,0.09035399250000001
2.5799999999999996,0.09030000000000006
2.5803,0.09024599250000002
2.5805999999999996,0.09019197000000008
2.5808999999999997,0.09013793250000003
2.5812,0.09008388
2.5814999999999997,0.09002981250000006
2.5818,0.08997573000000002
2.5820999999999996,0.08992163250000006
2.5824,0.08986752000000003
2.5827,0.0898133925
2.5829999999999997,0.08975925000000004
2.5833,0.08970509250000001
2.5835999999999997,0.08965092000000005
2.5839,0.08959673250000003
2.5841999999999996,0.08954253000000006
2.5845,0.08948831250000004
2.5848,0.08943408
2.5850999999999997,0.08937983250000005
2.5854,0.08932557
2.5856999999999997,0.08927129250000006
2.586,0.08921700000000002
2.5862999999999996,0.08916269250000007
2.5866,0.08910837000000003
2.5869,0.0890540325
2.5871999999999997,0.08899968000000004
2.5875,0.08894531250000001
2.5877999999999997,0.08889093000000005
2.5881,0.08883653250000002
2.5883999999999996,0.08878212000000006
2.5887,0.08872769250000004
2.589,0.08867325000000001
2.5892999999999997,0.08861879250000004
2.5896,0.08856432000000002
2.5898999999999996,0.08850983250000007
2.5902,0.08845533000000003
2.5904999999999996,0.08840081250000008
2.5907999999999998,0.08834628000000004
2.5911,0.0882917325
2.5913999999999997,0.08823717000000006
2.5917,0.08818259250000002
2.5919999999999996,0.08812800000000007
2.5923,0.08807339250000003
2.5925999999999996,0.08801877000000008
2.5928999999999998,0.08796413250000004
2.5932,0.08790948000000001
2.5934999999999997,0.08785481250000005
2.5938,0.08780013000000002
2.5940999999999996,0.08774543250000005
2.5944,0.08769072000000003
2.5946999999999996,0.08763599250000008
2.5949999999999998,0.08758125000000004
2.5953,0.08752649250000001
2.5955999999999997,0.08747172000000006
2.5959,0.08741693250000002
2.5961999999999996,0.08736213000000007
2.5965,0.08730731250000004
2.5967999999999996,0.08725248000000008
2.5970999999999997,0.08719763250000005
2.5974,0.08714277000000001
2.5976999999999997,0.08708789250000006
2.598,0.08703300000000001
2.5982999999999996,0.08697809250000008
2.5986,0.08692317000000004
2.5989,0.0868682325
2.5991999999999997,0.08681328000000005
2.5995,0.0867583125
2.5997999999999997,0.08670333000000005
2.6001,0.08664833250000002
2.6003999999999996,0.08659332000000007
2.6007,0.08653829250000003
2.601,0.08648325
2.6012999999999997,0.08642819250000004
2.6016,0.08637312000000001
2.6018999999999997,0.08631803250000006
2.6022,0.08626293000000003
2.6024999999999996,0.08620781250000008
2.6028,0.08615268000000004
2.6031,0.0860975325
2.6033999999999997,0.08604237000000005
2.6037,0.0859871925
2.6039999999999996,0.08593200000000006
2.6043,0.08587679250000002
2.6045999999999996,0.08582157000000008
2.6048999999999998,0.08576633250000003
2.6052,0.08571108000000001
2.6054999999999997,0.08565581250000005
2.6058,0.08560053000000002
2.6060999999999996,0.08554523250000005
2.6064,0.08548992000000002
2.6066999999999996,0.08543459250000007
2.6069999999999998,0.08537925000000005
2.6073,0.08532389250000001
2.6075999999999997,0.08526852000000006
2.6079,0.08521313250000002
2.6081999999999996,0.08515773000000007
2.6085,0.08510231250000003
2.6087999999999996,0.08504688000000007
2.6090999999999998,0.08499143250000005
2.6094,0.08493597
2.6096999999999997,0.08488049250000006
2.61,0.08482500000000001
2.6102999999999996,0.08476949250000007
2.6106,0.08471397000000003
2.6108999999999996,0.08465843250000009
2.6111999999999997,0.08460288000000005
2.6115,0.08454731250000001
2.6117999999999997,0.08449173000000006
2.6121,0.08443613250000002
2.6123999999999996,0.08438052000000007
2.6127,0.08432489250000004
2.613,0.08426925
2.6132999999999997,0.08421359250000005
2.6136,0.08415792000000001
2.6138999999999997,0.08410223250000005
2.6142,0.08404653000000002
2.6144999999999996,0.08399081250000007
2.6148,0.08393508000000004
2.6151,0.0838793325
2.6153999999999997,0.08382357000000006
2.6157,0.08376779250000001
2.6159999999999997,0.08371200000000006
2.6163,0.08365619250000002
2.6165999999999996,0.08360037000000008
2.6169,0.08354453250000003
2.6172,0.08348868
2.6174999999999997,0.08343281250000005
2.6178,0.08337693000000002
2.6180999999999996,0.08332103250000006
2.6184,0.08326512000000003
2.6186999999999996,0.08320919250000007
2.6189999999999998,0.08315325000000004
2.6193,0.0830972925
2.6195999999999997,0.08304132000000006
2.6199,0.08298533250000002
2.6201999999999996,0.08292933000000006
2.6205,0.08287331250000003
2.6207999999999996,0.08281728000000008
2.6210999999999998,0.08276123250000005
2.6214,0.08270517000000001
2.6216999999999997,0.08264909250000006
2.622,0.08259300000000001
2.6222999999999996,0.08253689250000007
2.6226,0.08248077000000002
2.6228999999999996,0.08242463250000008
2.6231999999999998,0.08236848000000004
2.6235,0.08231231250000001
2.6237999999999997,0.08225613000000005
2.6241,0.08219993250000002
2.6243999999999996,0.08214372000000006
2.6247,0.08208749250000003
2.6249999999999996,0.08203125000000007
2.6252999999999997,0.08197499250000004
2.6256,0.08191872000000001
2.6258999999999997,0.08186243250000005
2.6262,0.08180613000000002
2.6264999999999996,0.08174981250000007
2.6268,0.08169348000000004
2.6271,0.0816371325
2.6273999999999997,0.08158077000000005
2.6277,0.0815243925
2.6279999999999997,0.08146800000000007
2.6283,0.08141159250000002
2.6285999999999996,0.08135517000000007
2.6289,0.08129873250000003
2.6292,0.08124228
2.6294999999999997,0.08118581250000005
2.6298,0.08112933000000001
2.6300999999999997,0.08107283250000005
2.6304,0.08101632000000003
2.6306999999999996,0.08095979250000007
2.631,0.08090325000000004
2.6313,0.08084669250000001
2.6315999999999997,0.08079012000000005
2.6319,0.08073353250000002
2.6321999999999997,0.08067693000000006
2.6325,0.08062031250000003
2.6327999999999996,0.08056368000000007
2.6330999999999998,0.08050703250000005
2.6334,0.08045037
2.6336999999999997,0.08039369250000006
2.634,0.08033700000000002
2.6342999999999996,0.08028029250000007
2.6346,0.08022357000000002
2.6348999999999996,0.08016683250000008
2.6351999999999998,0.08011008000000004
2.6355,0.0800533125
2.6357999999999997,0.07999653000000005
2.6361,0.07993973250000001
2.6363999999999996,0.07988292000000007
2.6367,0.07982609250000003
2.6369999999999996,0.07976925000000007
2.6372999999999998,0.07971239250000005
2.6376,0.07965552000000001
2.6378999999999997,0.07959863250000006
2.6382,0.07954173000000002
2.6384999999999996,0.07948481250000007
2.6388,0.07942788000000003
2.6390999999999996,0.07937093250000007
2.6393999999999997,0.07931397000000005
2.6397,0.07925699250000001
2.6399999999999997,0.07920000000000006
2.6403,0.07914299250000002
2.6405999999999996,0.07908597000000007
2.6409,0.07902893250000004
2.6411999999999995,0.07897188000000009
2.6414999999999997,0.07891481250000004
2.6418,0.07885773000000001
2.6420999999999997,0.07880063250000005
2.6424,0.07874352000000003
2.6426999999999996,0.07868639250000006
2.643,0.07862925000000004
2.6433,0.07857209250000001
2.6435999999999997,0.07851492000000004
2.6439,0.07845773250000002
2.6441999999999997,0.07840053000000007
2.6445,0.07834331250000003
2.6447999999999996,0.07828608000000008
2.6451,0.07822883250000004
2.6454,0.07817157
2.6456999999999997,0.07811429250000006
2.646,0.07805700000000002
2.6462999999999997,0.07799969250000006
2.6466,0.07794237000000002
2.6468999999999996,0.07788503250000008
2.6471999999999998,0.07782768000000004
2.6475,0.07777031250000001
2.6477999999999997,0.07771293000000006
2.6481,0.07765553250000001
2.6483999999999996,0.07759812000000006
2.6487,0.07754069250000004
2.6489999999999996,0.07748325000000007
2.6492999999999998,0.07742579250000003
2.6496,0.07736832
2.6498999999999997,0.07731083250000005
2.6502,0.07725333000000002
2.6504999999999996,0.07719581250000007
2.6508,0.07713828000000003
2.6510999999999996,0.07708073250000008
2.6513999999999998,0.07702317000000004
2.6517,0.0769655925
2.6519999999999997,0.07690800000000006
2.6523,0.07685039250000002
2.6525999999999996,0.07679277000000007
2.6529,0.07673513250000003
2.6531999999999996,0.07667748000000009
2.6534999999999997,0.07661981250000004
2.6538,0.07656213
2.6540999999999997,0.07650443250000005
2.6544,0.07644672000000002
2.6546999999999996,0.07638899250000007
2.655,0.07633125000000003
2.6552999999999995,0.07627349250000008
2.6555999999999997,0.07621572000000004
2.6559,0.07615793250000001
2.6561999999999997,0.07610013000000006
2.6565,0.07604231250000003
2.6567999999999996,0.07598448000000008
2.6571,0.07592663250000004
2.6574,0.07586877
2.6576999999999997,0.07581089250000005
2.658,0.07575300000000001
2.6582999999999997,0.07569509250000006
2.6586,0.07563717000000002
2.6588999999999996,0.07557923250000008
2.6592,0.07552128000000004
2.6595,0.0754633125
2.6597999999999997,0.07540533000000005
2.6601,0.07534733250000002
2.6603999999999997,0.07528932000000006
2.6607,0.07523129250000003
2.6609999999999996,0.07517325000000008
2.6612999999999998,0.07511519250000004
2.6616,0.07505712
2.6618999999999997,0.07499903250000005
2.6622,0.07494093000000002
2.6624999999999996,0.07488281250000006
2.6628,0.07482468000000003
2.6630999999999996,0.07476653250000008
2.6633999999999998,0.07470837000000005
2.6637,0.0746501925
2.6639999999999997,0.07459200000000006
2.6643,0.07453379250000002
2.6645999999999996,0.07447557000000007
2.6649,0.07441733250000003
2.6651999999999996,0.07435908000000008
2.6654999999999998,0.07430081250000004
2.6658,0.07424253
2.6660999999999997,0.07418423250000006
2.6664,0.07412592000000003
2.6666999999999996,0.07406759250000007
2.667,0.07400925000000003
2.6672999999999996,0.07395089250000007
2.6675999999999997,0.07389252000000004
2.6679,0.07383413250000001
2.6681999999999997,0.07377573000000005
2.6685,0.07371731250000002
2.6687999999999996,0.07365888000000007
2.6691,0.07360043250000003
2.6693999999999996,0.07354197000000008
2.6696999999999997,0.07348349250000005
2.67,0.073425
2.6702999999999997,0.07336649250000006
2.6706,0.07330797000000001
2.6708999999999996,0.07324943250000007
2.6712,0.07319088000000003
2.6715,0.0731323125
2.6717999999999997,0.07307373000000005
2.6721,0.07301513250000001
2.6723999999999997,0.07295652000000007
2.6727,0.07289789250000002
2.6729999999999996,0.07283925000000008
2.6733,0.07278059250000003
2.6736,0.07272192000000001
2.6738999999999997,0.07266323250000005
2.6742,0.07260453000000001
2.6744999999999997,0.07254581250000007
2.6748,0.07248708000000004
2.6750999999999996,0.07242833250000008
2.6754,0.07236957000000005
2.6757,0.0723107925
2.6759999999999997,0.07225200000000005
2.6763,0.07219319250000002
2.6765999999999996,0.07213437000000007
2.6769,0.07207553250000003
2.6771999999999996,0.07201668000000008
2.6774999999999998,0.07195781250000004
2.6778,0.07189893
2.6780999999999997,0.07184003250000005
2.6784,0.07178112000000002
2.6786999999999996,0.07172219250000006
2.679,0.07166325000000003
2.6792999999999996,0.07160429250000008
2.6795999999999998,0.07154532000000005
2.6799,0.07148633250000001
2.6801999999999997,0.07142733000000005
2.6805,0.07136831250000002
2.6807999999999996,0.07130928000000007
2.6811,0.07125023250000004
2.6813999999999996,0.07119117000000008
2.6816999999999998,0.07113209250000005
2.682,0.07107300000000001
2.6822999999999997,0.07101389250000006
2.6826,0.07095477000000001
2.6828999999999996,0.07089563250000007
2.6832,0.07083648000000003
2.6834999999999996,0.07077731250000009
2.6837999999999997,0.07071813000000005
2.6841,0.07065893250000001
2.6843999999999997,0.07059972000000006
2.6847,0.07054049250000002
2.6849999999999996,0.07048125000000006
2.6853,0.07042199250000003
2.6855999999999995,0.07036272000000009
2.6858999999999997,0.07030343250000005
2.6862,0.07024413000000002
2.6864999999999997,0.07018481250000007
2.6868,0.07012548000000003
2.6870999999999996,0.07006613250000007
2.6874,0.07000677000000004
2.6877,0.0699473925
2.6879999999999997,0.06988800000000006
2.6883,0.06982859250000001
2.6885999999999997,0.06976917000000007
2.6889,0.06970973250000002
2.6891999999999996,0.06965028000000008
2.6895,0.06959081250000004
2.6898,0.06953133
2.6900999999999997,0.06947183250000005
2.6904,0.06941232000000001
2.6906999999999996,0.06935279250000007
2.691,0.06929325000000003
2.6912999999999996,0.06923369250000008
2.6915999999999998,0.06917412000000005
2.6919,0.0691145325
2.6921999999999997,0.06905493000000006
2.6925,0.06899531250000002
2.6927999999999996,0.06893568000000007
2.6931,0.06887603250000003
2.6933999999999996,0.06881637000000008
2.6936999999999998,0.06875669250000005
2.694,0.06869700000000001
2.6942999999999997,0.06863729250000006
2.6946,0.06857757000000002
2.6948999999999996,0.06851783250000007
2.6952,0.06845808000000003
2.6954999999999996,0.06839831250000009
2.6957999999999998,0.06833853000000005
2.6961,0.06827873250000001
2.6963999999999997,0.06821892000000006
2.6967,0.06815909250000002
2.6969999999999996,0.06809925000000007
2.6973,0.06803939250000003
2.6975999999999996,0.06797952000000008
2.6978999999999997,0.06791963250000005
2.6982,0.06785973000000001
2.6984999999999997,0.06779981250000006
2.6988,0.06773988000000003
2.6990999999999996,0.06767993250000008
2.6994,0.06761997000000004
2.6996999999999995,0.06755999250000008
2.6999999999999997,0.06750000000000006
2.7003,0.0674399925
2.7005999999999997,0.06737997000000007
2.7009,0.06731993250000003
2.7011999999999996,0.06725988000000008
2.7015,0.06719981250000004
2.7018,0.06713973
2.7020999999999997,0.06707963250000006
2.7024,0.06701952000000001
2.7026999999999997,0.06695939250000006
2.703,0.06689925000000002
2.7032999999999996,0.06683909250000007
2.7036,0.06677892000000005
2.7039,0.0667187325
2.7041999999999997,0.06665853000000005
2.7045,0.06659831250000002
2.7047999999999996,0.06653808000000007
2.7051,0.06647783250000003
2.7053999999999996,0.06641757000000008
2.7056999999999998,0.06635729250000004
2.706,0.06629700000000001
2.7062999999999997,0.06623669250000006
2.7066,0.06617637000000001
2.7068999999999996,0.06611603250000007
2.7072,0.06605568000000003
2.7074999999999996,0.06599531250000008
2.7077999999999998,0.06593493000000004
2.7081,0.06587453250000001
2.7083999999999997,0.06581412000000006
2.7087,0.06575369250000002
2.7089999999999996,0.06569325000000006
2.7093,0.06563279250000004
2.7095999999999996,0.06557232000000009
2.7098999999999998,0.06551183250000005
2.7102,0.06545133000000002
2.7104999999999997,0.06539081250000006
2.7108,0.06533028000000002
2.7110999999999996,0.06526973250000008
2.7114,0.06520917000000004
2.7116999999999996,0.06514859250000009
2.7119999999999997,0.06508800000000005
2.7123,0.0650273925
2.7125999999999997,0.06496677000000006
2.7129,0.06490613250000002
2.7131999999999996,0.06484548000000008
2.7135,0.06478481250000004
2.7137999999999995,0.06472413000000009
2.7140999999999997,0.06466343250000005
2.7144,0.06460272000000002
2.7146999999999997,0.06454199250000006
2.715,0.06448125000000003
2.7152999999999996,0.06442049250000008
2.7156,0.06435972000000004
2.7159,0.0642989325
2.7161999999999997,0.06423813000000006
2.7165,0.06417731250000001
2.7167999999999997,0.06411648000000007
2.7171,0.06405563250000003
2.7173999999999996,0.06399477000000008
2.7177,0.06393389250000005
2.718,0.063873
2.7182999999999997,0.06381209250000006
2.7186,0.06375117000000001
2.7188999999999997,0.06369023250000007
2.7192,0.06362928000000002
2.7194999999999996,0.06356831250000008
2.7197999999999998,0.06350733000000004
2.7201,0.06344633250000001
2.7203999999999997,0.06338532000000005
2.7207,0.06332429250000002
2.7209999999999996,0.06326325000000006
2.7213,0.06320219250000003
2.7215999999999996,0.06314112000000008
2.7218999999999998,0.06308003250000005
2.7222,0.06301893000000001
2.7224999999999997,0.06295781250000006
2.7228,0.06289668000000002
2.7230999999999996,0.06283553250000007
2.7234,0.06277437000000004
2.7236999999999996,0.06271319250000008
2.7239999999999998,0.06265200000000005
2.7243,0.0625907925
2.7245999999999997,0.06252957000000006
2.7249,0.06246833250000002
2.7251999999999996,0.06240708000000008
2.7255,0.062345812500000035
2.7257999999999996,0.06228453000000009
2.7260999999999997,0.062223232500000045
2.7264,0.06216192000000001
2.7266999999999997,0.06210059250000006
2.727,0.062039250000000025
2.7272999999999996,0.061977892500000076
2.7276,0.06191652000000004
2.7278999999999995,0.06185513250000009
2.7281999999999997,0.061793730000000054
2.7285,0.06173231250000002
2.7287999999999997,0.06167088000000007
2.7291,0.061609432500000026
2.7293999999999996,0.06154797000000008
2.7297,0.061486492500000045
2.73,0.061425
2.7302999999999997,0.061363492500000054
2.7306,0.06130197000000001
2.7308999999999997,0.06124043250000007
2.7312,0.061178880000000026
2.7314999999999996,0.06111731250000008
2.7318,0.06105573000000004
2.7321,0.060994132500000006
2.7323999999999997,0.06093252000000005
2.7327,0.060870892500000016
2.7329999999999997,0.060809250000000065
2.7333,0.06074759250000003
2.7335999999999996,0.06068592000000008
2.7338999999999998,0.06062423250000004
2.7342,0.06056253000000001
2.7344999999999997,0.060500812500000056
2.7348,0.06043908000000002
2.7350999999999996,0.06037733250000007
2.7354,0.060315570000000034
2.7356999999999996,0.06025379250000008
2.7359999999999998,0.06019200000000005
2.7363,0.060130192500000006
2.7365999999999997,0.060068370000000065
2.7369,0.060006532500000015
2.7371999999999996,0.059944680000000077
2.7375,0.059882812500000035
2.7377999999999996,0.05982093000000009
2.7380999999999998,0.059759032500000045
2.7384,0.059697120000000006
2.7386999999999997,0.05963519250000006
2.739,0.05957325000000002
2.7392999999999996,0.05951129250000007
2.7396,0.059449320000000035
2.7398999999999996,0.059387332500000084
2.7401999999999997,0.05932533000000005
2.7405,0.05926331250000001
2.7407999999999997,0.059201280000000064
2.7411,0.05913923250000003
2.7413999999999996,0.059077170000000075
2.7417,0.05901509250000004
2.7419999999999995,0.05895300000000009
2.7422999999999997,0.058890892500000055
2.7426,0.05882877000000001
2.7428999999999997,0.05876663250000007
2.7432,0.058704480000000024
2.7434999999999996,0.058642312500000085
2.7438,0.058580130000000036
2.7440999999999995,0.0585179325000001
2.7443999999999997,0.05845572000000005
2.7447,0.05839349250000001
2.7449999999999997,0.058331250000000064
2.7453,0.058268992500000026
2.7455999999999996,0.05820672000000008
2.7459,0.058144432500000044
2.7462,0.05808213
2.7464999999999997,0.05801981250000006
2.7468,0.05795748000000002
2.7470999999999997,0.05789513250000007
2.7474,0.05783277000000003
2.7476999999999996,0.05777039250000009
2.7479999999999998,0.057708000000000044
2.7483,0.0576455925
2.7485999999999997,0.05758317000000006
2.7489,0.05752073250000002
2.7491999999999996,0.05745828000000008
2.7495,0.05739581250000003
2.7497999999999996,0.057333330000000085
2.7500999999999998,0.05727083250000004
2.7504,0.05720832000000001
2.7506999999999997,0.057145792500000056
2.751,0.05708325000000002
2.7512999999999996,0.057020692500000074
2.7516,0.056958120000000036
2.7518999999999996,0.05689553250000009
2.7521999999999998,0.056832930000000045
2.7525,0.05677031250000001
2.7527999999999997,0.05670768000000006
2.7531,0.056645032500000025
2.7533999999999996,0.056582370000000076
2.7537,0.05651969250000004
2.7539999999999996,0.05645700000000009
2.7542999999999997,0.056394292500000054
2.7546,0.05633157000000001
2.7548999999999997,0.05626883250000007
2.7552,0.05620608000000002
2.7554999999999996,0.05614331250000008
2.7558,0.05608053000000004
2.7560999999999996,0.0560177325000001
2.7563999999999997,0.05595492000000005
2.7567,0.05589209250000001
2.7569999999999997,0.055829250000000066
2.7573,0.055766392500000025
2.7575999999999996,0.055703520000000076
2.7579,0.055640632500000044
2.7581999999999995,0.05557773000000009
2.7584999999999997,0.05551481250000005
2.7588,0.055451880000000016
2.7590999999999997,0.05538893250000007
2.7594,0.05532597000000003
2.7596999999999996,0.05526299250000008
2.76,0.05520000000000005
2.7603,0.0551369925
2.7605999999999997,0.055073970000000055
2.7609,0.05501093250000001
2.7611999999999997,0.054947880000000074
2.7615,0.054884812500000026
2.7617999999999996,0.05482173000000009
2.7620999999999998,0.05475863250000004
2.7624,0.054695520000000004
2.7626999999999997,0.05463239250000006
2.763,0.05456925000000002
2.7632999999999996,0.05450609250000007
2.7636,0.054442920000000034
2.7638999999999996,0.05437973250000008
2.7641999999999998,0.05431653000000004
2.7645,0.05425331250000001
2.7647999999999997,0.054190080000000064
2.7651,0.05412683250000002
2.7653999999999996,0.054063570000000075
2.7657,0.05400029250000004
2.7659999999999996,0.05393700000000009
2.7662999999999998,0.05387369250000005
2.7666,0.05381037
2.7668999999999997,0.05374703250000006
2.7672,0.05368368000000002
2.7674999999999996,0.05362031250000008
2.7678,0.05355693000000004
2.7680999999999996,0.05349353250000009
2.7683999999999997,0.053430120000000046
2.7687,0.053366692500000014
2.7689999999999997,0.053303250000000066
2.7693,0.05323979250000002
2.7695999999999996,0.053176320000000075
2.7699,0.05311283250000004
2.7701999999999996,0.05304933000000009
2.7704999999999997,0.052985812500000055
2.7708,0.052922280000000016
2.7710999999999997,0.05285873250000007
2.7714,0.05279517000000003
2.7716999999999996,0.052731592500000084
2.772,0.05266800000000004
2.7722999999999995,0.0526043925000001
2.7725999999999997,0.052540770000000056
2.7729,0.05247713250000001
2.7731999999999997,0.05241348000000007
2.7735,0.05234981250000003
2.7737999999999996,0.05228613000000008
2.7741,0.05222243250000004
2.7744,0.052158720000000006
2.7746999999999997,0.052094992500000055
2.775,0.052031250000000015
2.7752999999999997,0.051967492500000066
2.7756,0.05190372000000003
2.7758999999999996,0.05183993250000008
2.7762,0.051776130000000045
2.7765,0.05171231250000001
2.7767999999999997,0.05164848000000006
2.7771,0.05158463250000002
2.7773999999999996,0.05152077000000007
2.7777,0.05145689250000003
2.7779999999999996,0.051393000000000084
2.7782999999999998,0.05132909250000005
2.7786,0.051265170000000006
2.7788999999999997,0.05120123250000006
2.7792,0.05113728000000002
2.7794999999999996,0.05107331250000008
2.7798,0.05100933000000003
2.7800999999999996,0.05094533250000009
2.7803999999999998,0.05088132000000005
2.7807,0.05081729250000001
2.7809999999999997,0.05075325000000006
2.7813,0.05068919250000002
2.7815999999999996,0.05062512000000007
2.7819,0.05056103250000004
2.7821999999999996,0.05049693000000009
2.7824999999999998,0.05043281250000005
2.7828,0.05036868000000001
2.7830999999999997,0.05030453250000007
2.7834,0.05024037000000003
2.7836999999999996,0.05017619250000008
2.784,0.05011200000000004
2.7842999999999996,0.05004779250000009
2.7845999999999997,0.049983570000000054
2.7849,0.04991933250000001
2.7851999999999997,0.04985508000000007
2.7855,0.049790812500000024
2.7857999999999996,0.04972653000000008
2.7861,0.04966223250000004
2.7863999999999995,0.0495979200000001
2.7866999999999997,0.04953359250000006
2.787,0.04946925000000001
2.7872999999999997,0.04940489250000007
2.7876,0.04934052000000003
2.7878999999999996,0.04927613250000008
2.7882,0.049211730000000044
2.7884999999999995,0.049147312500000095
2.7887999999999997,0.04908288000000006
2.7891,0.04901843250000002
2.7893999999999997,0.04895397000000007
2.7897,0.048889492500000034
2.7899999999999996,0.048825000000000084
2.7903,0.048760492500000044
2.7906,0.048695970000000005
2.7908999999999997,0.048631432500000064
2.7912,0.048566880000000014
2.7914999999999996,0.048502312500000075
2.7918,0.04843773000000003
2.7920999999999996,0.04837313250000009
2.7923999999999998,0.04830852000000004
2.7927,0.0482438925
2.7929999999999997,0.04817925000000006
2.7933,0.04811459250000002
2.7935999999999996,0.04804992000000007
2.7939,0.04798523250000004
2.7941999999999996,0.047920530000000086
2.7944999999999998,0.04785581250000005
2.7948,0.047791080000000014
2.7950999999999997,0.047726332500000065
2.7954,0.04766157000000003
2.7956999999999996,0.047596792500000075
2.796,0.04753200000000004
2.7962999999999996,0.047467192500000095
2.7965999999999998,0.047402370000000055
2.7969,0.04733753250000001
2.7971999999999997,0.04727268000000007
2.7975,0.04720781250000002
2.7977999999999996,0.04714293000000008
2.7981,0.04707803250000004
2.7983999999999996,0.047013120000000096
2.7986999999999997,0.046948192500000055
2.799,0.046883250000000015
2.7992999999999997,0.04681829250000007
2.7996,0.04675332000000003
2.7998999999999996,0.04668833250000008
2.8002,0.04662333000000004
2.8004999999999995,0.046558312500000094
2.8007999999999997,0.04649328000000005
2.8011,0.04642823250000001
2.8013999999999997,0.04636317000000007
2.8017,0.04629809250000003
2.8019999999999996,0.046233000000000087
2.8023,0.04616789250000004
2.8025999999999995,0.0461027700000001
2.8028999999999997,0.04603763250000006
2.8032,0.04597248000000002
2.8034999999999997,0.045907312500000075
2.8038,0.04584213000000003
2.8040999999999996,0.04577693250000009
2.8044,0.045711720000000046
2.8047,0.045646492500000004
2.8049999999999997,0.04558125000000006
2.8053,0.04551599250000002
2.8055999999999996,0.04545072000000007
2.8059,0.04538543250000003
2.8061999999999996,0.04532013000000009
2.8064999999999998,0.04525481250000005
2.8068,0.04518948000000001
2.8070999999999997,0.04512413250000006
2.8074,0.045058770000000026
2.8076999999999996,0.044993392500000076
2.808,0.04492800000000004
2.8082999999999996,0.04486259250000009
2.8085999999999998,0.04479717000000005
2.8089,0.04473173250000001
2.8091999999999997,0.044666280000000065
2.8095,0.044600812500000024
2.8097999999999996,0.04453533000000008
2.8101,0.044469832500000035
2.8103999999999996,0.044404320000000094
2.8106999999999998,0.04433879250000005
2.811,0.044273250000000014
2.8112999999999997,0.04420769250000006
2.8116,0.04414212000000003
2.8118999999999996,0.04407653250000008
2.8122,0.04401093000000004
2.8124999999999996,0.04394531250000009
2.8127999999999997,0.04387968000000005
2.8131,0.043814032500000016
2.8133999999999997,0.04374837000000007
2.8137,0.04368269250000003
2.8139999999999996,0.043617000000000086
2.8143,0.04355129250000005
2.8145999999999995,0.0434855700000001
2.8148999999999997,0.04341983250000006
2.8152,0.04335408000000001
2.8154999999999997,0.04328831250000007
2.8158,0.04322253000000003
2.8160999999999996,0.043156732500000086
2.8164,0.04309092000000004
2.8166999999999995,0.043025092500000105
2.8169999999999997,0.04295925000000006
2.8173,0.042893392500000016
2.8175999999999997,0.04282752000000007
2.8179,0.04276163250000003
2.8181999999999996,0.042695730000000084
2.8185,0.042629812500000044
2.8188,0.042563880000000005
2.8190999999999997,0.04249793250000006
2.8194,0.04243197000000002
2.8196999999999997,0.042365992500000074
2.82,0.04230000000000003
2.8202999999999996,0.04223399250000009
2.8205999999999998,0.04216797000000005
2.8209,0.0421019325
2.8211999999999997,0.04203588000000007
2.8215,0.04196981250000002
2.8217999999999996,0.041903730000000076
2.8221,0.041837632500000034
2.8223999999999996,0.0417715200000001
2.8226999999999998,0.04170539250000005
2.823,0.04163925000000001
2.8232999999999997,0.04157309250000006
2.8236,0.041506920000000024
2.8238999999999996,0.04144073250000008
2.8242,0.041374530000000034
2.8244999999999996,0.04130831250000009
2.8247999999999998,0.04124208000000005
2.8251,0.04117583250000001
2.8253999999999997,0.04110957000000007
2.8257,0.04104329250000003
2.8259999999999996,0.04097700000000008
2.8263,0.04091069250000004
2.8265999999999996,0.040844370000000095
2.8268999999999997,0.040778032500000054
2.8272,0.040711680000000014
2.8274999999999997,0.04064531250000007
2.8278,0.04057893000000003
2.8280999999999996,0.04051253250000009
2.8284,0.040446120000000044
2.8286999999999995,0.0403796925000001
2.8289999999999997,0.04031325000000006
2.8293,0.04024679250000002
2.8295999999999997,0.04018032000000007
2.8299,0.04011383250000003
2.8301999999999996,0.04004733000000008
2.8305,0.039980812500000046
2.8307999999999995,0.0399142800000001
2.8310999999999997,0.03984773250000006
2.8314,0.03978117000000002
2.8316999999999997,0.039714592500000076
2.832,0.03964800000000003
2.8322999999999996,0.03958139250000009
2.8326,0.039514770000000046
2.8329,0.039448132500000004
2.8331999999999997,0.039381480000000066
2.8335,0.03931481250000002
2.8337999999999997,0.039248130000000075
2.8341,0.03918143250000003
2.8343999999999996,0.03911472000000009
2.8346999999999998,0.039047992500000045
2.835,0.03898125000000001
2.8352999999999997,0.038914492500000064
2.8356,0.03884772000000002
2.8358999999999996,0.03878093250000007
2.8362,0.038714130000000034
2.8364999999999996,0.03864731250000009
2.8367999999999998,0.03858048000000005
2.8371,0.03851363250000001
2.8373999999999997,0.03844677000000007
2.8377,0.038379892500000026
2.8379999999999996,0.03831300000000008
2.8383,0.03824609250000004
2.8385999999999996,0.038179170000000096
2.8388999999999998,0.03811223250000005
2.8392,0.03804528000000001
2.8394999999999997,0.03797831250000007
2.8398,0.03791133000000002
2.8400999999999996,0.037844332500000084
2.8404,0.03777732000000004
2.8406999999999996,0.037710292500000096
2.8409999999999997,0.03764325000000005
2.8413,0.037576192500000015
2.8415999999999997,0.03750912000000007
2.8419,0.03744203250000003
2.8421999999999996,0.037374930000000084
2.8425,0.037307812500000044
2.8427999999999995,0.037240680000000095
2.8430999999999997,0.03717353250000006
2.8434,0.037106370000000014
2.8436999999999997,0.037039192500000075
2.844,0.03697200000000003
2.8442999999999996,0.03690479250000009
2.8446,0.03683757000000005
2.8448999999999995,0.0367703325000001
2.8451999999999997,0.03670308000000006
2.8455,0.03663581250000002
2.8457999999999997,0.03656853000000008
2.8461,0.03650123250000003
2.8463999999999996,0.03643392000000009
2.8467,0.036366592500000045
2.8469999999999995,0.0362992500000001
2.8472999999999997,0.03623189250000006
2.8476,0.03616452000000002
2.8478999999999997,0.03609713250000007
2.8482,0.03602973000000003
2.8484999999999996,0.03596231250000009
2.8487999999999998,0.035894880000000046
2.8491,0.035827432500000006
2.8493999999999997,0.035759970000000064
2.8497,0.03569249250000002
2.8499999999999996,0.03562500000000008
2.8503,0.03555749250000004
2.8505999999999996,0.03548997000000009
2.8508999999999998,0.03542243250000005
2.8512,0.035354880000000005
2.8514999999999997,0.03528731250000007
2.8518,0.03521973000000002
2.8520999999999996,0.035152132500000086
2.8524,0.035084520000000036
2.8526999999999996,0.0350168925000001
2.8529999999999998,0.03494925000000005
2.8533,0.03488159250000001
2.8535999999999997,0.03481392000000007
2.8539,0.03474623250000002
2.8541999999999996,0.03467853000000008
2.8545,0.03461081250000004
2.8547999999999996,0.034543080000000094
2.8550999999999997,0.03447533250000005
2.8554,0.03440757000000001
2.8556999999999997,0.03433979250000007
2.856,0.03427200000000003
2.8562999999999996,0.034204192500000084
2.8566,0.03413637000000004
2.8568999999999996,0.0340685325000001
2.8571999999999997,0.03400068000000006
2.8575,0.03393281250000001
2.8577999999999997,0.03386493000000007
2.8581,0.033797032500000025
2.8583999999999996,0.03372912000000009
2.8587,0.03366119250000004
2.8589999999999995,0.0335932500000001
2.8592999999999997,0.03352529250000006
2.8596,0.03345732000000002
2.8598999999999997,0.03338933250000008
2.8602,0.03332133000000003
2.8604999999999996,0.03325331250000009
2.8608,0.033185280000000046
2.8610999999999995,0.0331172325000001
2.8613999999999997,0.033049170000000065
2.8617,0.03298109250000002
2.8619999999999997,0.032913000000000074
2.8623,0.032844892500000035
2.8625999999999996,0.032776770000000094
2.8629,0.03270863250000005
2.8632,0.032640480000000006
2.8634999999999997,0.03257231250000007
2.8638,0.03250413000000002
2.8640999999999996,0.032435932500000084
2.8644,0.03236772000000004
2.8646999999999996,0.032299492500000096
2.8649999999999998,0.03223125000000005
2.8653,0.03216299250000001
2.8655999999999997,0.03209472000000006
2.8659,0.03202643250000002
2.8661999999999996,0.03195813000000008
2.8665,0.03188981250000004
2.8667999999999996,0.031821480000000096
2.8670999999999998,0.03175313250000005
2.8674,0.031684770000000015
2.8676999999999997,0.03161639250000007
2.868,0.03154800000000003
2.8682999999999996,0.031479592500000084
2.8686,0.031411170000000044
2.8688999999999996,0.0313427325000001
2.8691999999999998,0.03127428000000006
2.8695,0.031205812500000013
2.8697999999999997,0.03113733000000007
2.8701,0.031068832500000025
2.8703999999999996,0.031000320000000088
2.8707,0.03093179250000004
2.8709999999999996,0.030863250000000102
2.8712999999999997,0.030794692500000057
2.8716,0.030726120000000013
2.8718999999999997,0.03065753250000007
2.8722,0.03058893000000003
2.8724999999999996,0.030520312500000087
2.8728,0.030451680000000043
2.8730999999999995,0.0303830325000001
2.8733999999999997,0.03031437000000006
2.8737,0.030245692500000018
2.8739999999999997,0.030177000000000075
2.8743,0.030108292500000033
2.8745999999999996,0.030039570000000092
2.8749,0.029970832500000048
2.8751999999999995,0.029902080000000105
2.8754999999999997,0.029833312500000063
2.8758,0.029764530000000018
2.8760999999999997,0.02969573250000008
2.8764,0.029626920000000032
2.8766999999999996,0.029558092500000094
2.877,0.029489250000000047
2.8773,0.029420392500000007
2.8775999999999997,0.029351520000000065
2.8779,0.02928263250000002
2.8781999999999996,0.02921373000000008
2.8785,0.029144812500000037
2.8787999999999996,0.029075880000000096
2.8790999999999998,0.02900693250000005
2.8794,0.02893797000000001
2.8796999999999997,0.028868992500000065
2.88,0.028800000000000023
2.8802999999999996,0.028730992500000083
2.8806,0.02866197000000004
2.8808999999999996,0.0285929325000001
2.8811999999999998,0.028523880000000053
2.8815,0.02845481250000001
2.8817999999999997,0.02838573000000007
2.8821,0.028316632500000025
2.8823999999999996,0.028247520000000085
2.8827,0.02817839250000004
2.8829999999999996,0.0281092500000001
2.8832999999999998,0.028040092500000054
2.8836,0.027970920000000014
2.8838999999999997,0.02790173250000007
2.8842,0.02783253000000003
2.8844999999999996,0.027763312500000085
2.8848,0.027694080000000044
2.8850999999999996,0.027624832500000102
2.8853999999999997,0.027555570000000057
2.8857,0.027486292500000016
2.8859999999999997,0.027417000000000073
2.8863,0.02734769250000003
2.8865999999999996,0.02727837000000009
2.8869,0.027209032500000046
2.8871999999999995,0.027139680000000103
2.8874999999999997,0.02707031250000006
2.8878,0.027000930000000017
2.8880999999999997,0.026931532500000077
2.8884,0.02686212000000003
2.8886999999999996,0.026792692500000093
2.889,0.026723250000000046
2.8892999999999995,0.026653792500000106
2.8895999999999997,0.02658432000000006
2.8899,0.02651483250000002
2.8901999999999997,0.026445330000000076
2.8905,0.026375812500000033
2.8907999999999996,0.02630628000000009
2.8911,0.02623673250000005
2.8913999999999995,0.026167170000000108
2.8916999999999997,0.026097592500000065
2.892,0.026028000000000023
2.8922999999999996,0.02595839250000008
2.8926,0.025888770000000037
2.8928999999999996,0.025819132500000095
2.8931999999999998,0.025749480000000054
2.8935,0.025679812500000006
2.8937999999999997,0.025610130000000068
2.8941,0.025540432500000022
2.8943999999999996,0.025470720000000082
2.8947,0.02540099250000004
2.8949999999999996,0.0253312500000001
2.8952999999999998,0.025261492500000052
2.8956,0.02519172000000001
2.8958999999999997,0.02512193250000007
2.8962,0.025052130000000027
2.8964999999999996,0.024982312500000083
2.8968,0.024912480000000042
2.8970999999999996,0.0248426325000001
2.8973999999999998,0.024772770000000055
2.8977,0.024702892500000014
2.8979999999999997,0.02463300000000007
2.8983,0.02456309250000003
2.8985999999999996,0.02449317000000009
2.8989,0.024423232500000044
2.8991999999999996,0.024353280000000102
2.8994999999999997,0.02428331250000006
2.8998,0.024213330000000012
2.9000999999999997,0.024143332500000076
2.9004,0.02407332000000003
2.9006999999999996,0.02400329250000009
2.901,0.023933250000000045
2.9012999999999995,0.023863192500000106
2.9015999999999997,0.02379312000000006
2.9019,0.023723032500000015
2.9021999999999997,0.023652930000000075
2.9025,0.023582812500000033
2.9027999999999996,0.02351268000000009
2.9031,0.023442532500000047
2.9033999999999995,0.023372370000000108
2.9036999999999997,0.023302192500000065
2.904,0.02323200000000002
2.9042999999999997,0.02316179250000008
2.9046,0.023091570000000037
2.9048999999999996,0.023021332500000095
2.9052,0.02295108000000005
2.9054999999999995,0.02288081250000011
2.9057999999999997,0.022810530000000065
2.9061,0.02274023250000002
2.9063999999999997,0.022669920000000083
2.9067,0.022599592500000036
2.9069999999999996,0.022529250000000098
2.9072999999999998,0.022458892500000053
2.9076,0.02238852000000001
2.9078999999999997,0.022318132500000067
2.9082,0.022247730000000025
2.9084999999999996,0.022177312500000084
2.9088,0.02210688000000004
2.9090999999999996,0.0220364325000001
2.9093999999999998,0.021965970000000053
2.9097,0.021895492500000013
2.9099999999999997,0.02182500000000007
2.9103,0.021754492500000028
2.9105999999999996,0.021683970000000087
2.9109,0.021613432500000043
2.9111999999999996,0.0215428800000001
2.9114999999999998,0.02147231250000006
2.9118,0.02140173000000001
2.9120999999999997,0.021331132500000072
2.9124,0.021260520000000026
2.9126999999999996,0.02118989250000009
2.913,0.021119250000000044
2.9132999999999996,0.021048592500000105
2.9135999999999997,0.02097792000000006
2.9139,0.020907232500000015
2.9141999999999997,0.020836530000000075
2.9145,0.02076581250000003
2.9147999999999996,0.020695080000000088
2.9151,0.020624332500000047
2.9153999999999995,0.020553570000000104
2.9156999999999997,0.020482792500000062
2.916,0.020412000000000017
2.9162999999999997,0.020341192500000077
2.9166,0.020270370000000034
2.9168999999999996,0.020199532500000093
2.9172,0.020128680000000048
2.9174999999999995,0.02005781250000011
2.9177999999999997,0.019986930000000066
2.9181,0.019916032500000017
2.9183999999999997,0.01984512000000008
2.9187,0.019774192500000034
2.9189999999999996,0.019703250000000096
2.9193,0.01963229250000005
2.9195999999999995,0.01956132000000011
2.9198999999999997,0.019490332500000065
2.9202,0.019419330000000023
2.9204999999999997,0.019348312500000082
2.9208,0.019277280000000035
2.9210999999999996,0.019206232500000097
2.9213999999999998,0.019135170000000052
2.9217,0.019064092500000008
2.9219999999999997,0.01899300000000007
2.9223,0.018921892500000023
2.9225999999999996,0.018850770000000083
2.9229,0.01877963250000004
2.9231999999999996,0.0187084800000001
2.9234999999999998,0.018637312500000055
2.9238,0.01856613000000001
2.9240999999999997,0.01849493250000007
2.9244,0.018423720000000025
2.9246999999999996,0.018352492500000088
2.925,0.01828125000000004
2.9252999999999996,0.0182099925000001
2.9255999999999998,0.018138720000000056
2.9259,0.01806743250000001
2.9261999999999997,0.017996130000000072
2.9265,0.01792481250000003
2.9267999999999996,0.017853480000000088
2.9271,0.017782132500000044
2.9273999999999996,0.017710770000000105
2.9276999999999997,0.01763939250000006
2.928,0.017568000000000014
2.9282999999999997,0.017496592500000074
2.9286,0.01742517000000003
2.9288999999999996,0.01735373250000009
2.9292,0.017282280000000046
2.9294999999999995,0.017210812500000106
2.9297999999999997,0.017139330000000064
2.9301,0.017067832500000015
2.9303999999999997,0.01699632000000008
2.9307,0.016924792500000032
2.9309999999999996,0.016853250000000094
2.9313,0.01678169250000005
2.9315999999999995,0.01671012000000011
2.9318999999999997,0.016638532500000063
2.9322,0.016566930000000018
2.9324999999999997,0.016495312500000078
2.9328,0.016423680000000034
2.9330999999999996,0.016352032500000096
2.9334,0.01628037000000005
2.9336999999999995,0.01620869250000011
2.9339999999999997,0.016137000000000068
2.9343,0.016065292500000022
2.9345999999999997,0.015993570000000082
2.9349,0.015921832500000038
2.9351999999999996,0.0158500800000001
2.9354999999999998,0.015778312500000054
2.9357999999999995,0.015706530000000114
2.9360999999999997,0.01563473250000007
2.9364,0.015562920000000023
2.9366999999999996,0.015491092500000084
2.937,0.015419250000000039
2.9372999999999996,0.015347392500000102
2.9375999999999998,0.015275520000000055
2.9379,0.01520363250000001
2.9381999999999997,0.01513173000000007
2.9385,0.015059812500000026
2.9387999999999996,0.014987880000000087
2.9391,0.014915932500000041
2.9393999999999996,0.014843970000000102
2.9396999999999998,0.014771992500000058
2.94,0.014700000000000013
2.9402999999999997,0.014627992500000074
2.9406,0.01455597000000003
2.9408999999999996,0.01448393250000009
2.9412,0.014411880000000045
2.9414999999999996,0.014339812500000106
2.9417999999999997,0.01426773000000006
2.9421,0.014195632500000013
2.9423999999999997,0.014123520000000077
2.9427,0.01405139250000003
2.9429999999999996,0.013979250000000092
2.9433,0.013907092500000046
2.9435999999999996,0.013834920000000108
2.9438999999999997,0.013762732500000062
2.9442,0.013690530000000017
2.9444999999999997,0.013618312500000078
2.9448,0.013546080000000033
2.9450999999999996,0.013473832500000093
2.9454,0.013401570000000048
2.9456999999999995,0.01332929250000011
2.9459999999999997,0.013257000000000064
2.9463,0.01318469250000002
2.9465999999999997,0.01311237000000008
2.9469,0.013040032500000036
2.9471999999999996,0.012967680000000096
2.9475,0.01289531250000005
2.9477999999999995,0.012822930000000113
2.9480999999999997,0.012750532500000068
2.9484,0.01267812000000002
2.9486999999999997,0.012605692500000083
2.949,0.012533250000000037
2.9492999999999996,0.012460792500000099
2.9495999999999998,0.012388320000000053
2.9498999999999995,0.012315832500000115
2.9501999999999997,0.01224333000000007
2.9505,0.012170812500000024
2.9507999999999996,0.012098280000000084
2.9511,0.01202573250000004
2.9513999999999996,0.011953170000000101
2.9516999999999998,0.011880592500000056
2.952,0.01180800000000001
2.9522999999999997,0.011735392500000072
2.9526,0.011662770000000027
2.9528999999999996,0.011590132500000088
2.9532,0.011517480000000042
2.9534999999999996,0.011444812500000104
2.9537999999999998,0.011372130000000058
2.9541,0.011299432500000012
2.9543999999999997,0.011226720000000074
2.9547,0.011153992500000027
2.9549999999999996,0.011081250000000091
2.9553,0.011008492500000043
2.9555999999999996,0.010935720000000107
2.9558999999999997,0.01086293250000006
2.9562,0.010790130000000014
2.9564999999999997,0.010717312500000076
2.9568,0.01064448000000003
2.9570999999999996,0.010571632500000093
2.9574,0.010498770000000046
2.9576999999999996,0.010425892500000108
2.9579999999999997,0.010353000000000062
2.9583,0.010280092500000016
2.9585999999999997,0.01020717000000008
2.9589,0.010134232500000033
2.9591999999999996,0.010061280000000094
2.9595,0.00998831250000005
2.9597999999999995,0.009915330000000111
2.9600999999999997,0.009842332500000066
2.9604,0.009769320000000019
2.9606999999999997,0.009696292500000082
2.961,0.009623250000000035
2.9612999999999996,0.009550192500000098
2.9616,0.00947712000000005
2.9618999999999995,0.009404032500000114
2.9621999999999997,0.009330930000000067
2.9625,0.009257812500000021
2.9627999999999997,0.009184680000000084
2.9631,0.009111532500000038
2.9633999999999996,0.0090383700000001
2.9637,0.008965192500000054
2.9639999999999995,0.008892000000000115
2.9642999999999997,0.00881879250000007
2.9646,0.008745570000000024
2.9648999999999996,0.008672332500000086
2.9652,0.00859908000000004
2.9654999999999996,0.008525812500000103
2.9657999999999998,0.008452530000000057
2.9661,0.008379232500000009
2.9663999999999997,0.008305920000000072
2.9667,0.008232592500000026
2.9669999999999996,0.008159250000000088
2.9673,0.008085892500000042
2.9675999999999996,0.008012520000000104
2.9678999999999998,0.007939132500000059
2.9682,0.007865730000000012
2.9684999999999997,0.007792312500000074
2.9688,0.007718880000000029
2.9690999999999996,0.0076454325000000906
2.9694,0.007571970000000044
2.9696999999999996,0.007498492500000106
2.9699999999999998,0.007425000000000061
2.9703,0.007351492500000015
2.9705999999999997,0.007277970000000077
2.9709,0.007204432500000031
2.9711999999999996,0.007130880000000093
2.9715,0.007057312500000047
2.9717999999999996,0.00698373000000011
2.9720999999999997,0.006910132500000063
2.9724,0.006836520000000016
2.9726999999999997,0.00676289250000008
2.973,0.006689250000000033
2.9732999999999996,0.006615592500000096
2.9736,0.006541920000000049
2.9738999999999995,0.0064682325000001125
2.9741999999999997,0.006394530000000065
2.9745,0.006320812500000019
2.9747999999999997,0.006247080000000082
2.9751,0.006173332500000035
2.9753999999999996,0.0060995700000000975
2.9757,0.006025792500000051
2.9759999999999995,0.005952000000000114
2.9762999999999997,0.005878192500000067
2.9766,0.005804370000000021
2.9768999999999997,0.005730532500000084
2.9772,0.005656680000000038
2.9774999999999996,0.005582812500000101
2.9778,0.005508930000000054
2.9780999999999995,0.005435032500000117
2.9783999999999997,0.005361120000000071
2.9787,0.005287192500000024
2.9789999999999996,0.005213250000000087
2.9793,0.00513929250000004
2.9795999999999996,0.005065320000000103
2.9798999999999998,0.004991332500000056
2.9802,0.00491733000000001
2.9804999999999997,0.004843312500000072
2.9808,0.004769280000000026
2.9810999999999996,0.004695232500000089
2.9814,0.0046211700000000425
2.9816999999999996,0.0045470925000001055
2.9819999999999998,0.0044730000000000585
2.9823,0.0043988925000000125
2.9825999999999997,0.004324770000000075
2.9829,0.004250632500000028
2.9831999999999996,0.004176480000000092
2.9835,0.004102312500000045
2.9837999999999996,0.004028130000000108
2.9840999999999998,0.003953932500000061
2.9844,0.003879720000000014
2.9846999999999997,0.0038054925000000775
2.985,0.0037312500000000305
2.9852999999999996,0.003656992500000094
2.9856,0.003582720000000047
2.9858999999999996,0.0035084325000001105
2.9861999999999997,0.0034341300000000634
2.9865,0.0033598125000000164
2.9867999999999997,0.0032854800000000797
2.9871,0.003211132500000033
2.9873999999999996,0.003136770000000096
2.9877,0.0030623925000000493
2.9879999999999995,0.0029880000000001125
2.9882999999999997,0.0029135925000000657
2.9886,0.002839170000000019
2.9888999999999997,0.0027647325000000823
2.9892,0.0026902800000000353
2.9894999999999996,0.0026158125000000985
2.9898,0.0025413300000000517
2.9900999999999995,0.002466832500000115
2.9903999999999997,0.0023923200000000684
2.9907,0.0023177925000000214
2.9909999999999997,0.0022432500000000846
2.9913,0.0021686925000000377
2.9915999999999996,0.002094120000000101
2.9919,0.002019532500000054
2.9921999999999995,0.0019449300000001176
2.9924999999999997,0.0018703125000000705
2.9928,0.0017956800000000237
2.9930999999999996,0.001721032500000087
2.9934,0.00164637000000004
2.9936999999999996,0.0015716925000001036
2.9939999999999998,0.0014970000000000567
2.9942999999999995,0.00142229250000012
2.9945999999999997,0.001347570000000073
2.9949,0.001272832500000026
2.9951999999999996,0.0011980800000000896
2.9955,0.0011233125000000425
2.9957999999999996,0.001048530000000106
2.9960999999999998,0.000973732500000059
2.9964,0.0008989200000000118
2.9966999999999997,0.0008240925000000755
2.997,0.0007492500000000283
2.9972999999999996,0.000674392500000092
2.9976,0.0005995200000000449
2.9978999999999996,0.0005246325000001085
2.9981999999999998,0.00044973000000006133
2.9985,0.0003748125000000142
2.9987999999999997,0.0002998800000000779
2.9991,0.0002249325000000307
2.9993999999999996,0.00014997000000009446
2.9997,7.499250000004724e-05
3.0,0.0
