{
  "galaxy": "D564-8",
  "alpha": 2.8271,
  "gamma": 0.8579,
  "alpha_eff": 2.8271,
  "gamma_eff": 0.8579,
  "alpha_scaling": "constant",
  "gamma_scaling": "constant",
  "shell_mode": "gravity_adaptive",
  "shell_parameters": {
    "R_coh": 9.209999999999999,
    "R_stop": 12.28,
    "r_factor": 4.0,
    "n_shell_min": 8,
    "n_shell_max": 40,
    "g_floor": 1e-05,
    "coh_radius_factor": 3.0,
    "spillover_mode": "hybrid",
    "spill_weights": [
      0.08436924420328319,
      0.11475092578866973,
      0.13527442469791315,
      0.13813077675359695,
      0.14176474386308224,
      0.13380700333939452,
      0.12380778482301942,
      0.10091763675641595,
      0.027177459774624893,
      0.0,
      0.0,
      0.0,
      0.0,
      0.0,
      0.0,
      0.0,
      0.0,
      0.0,
      0.0,
      0.0,
      0.0,
      0.0,
      0.0,
      0.0,
      0.0,
      0.0,
      0.0,
      0.0,
      0.0,
      0.0,
      0.0,
      0.0,
      0.0,
      0.0,
      0.0,
      0.0,
      0.0,
      0.0,
      0.0,
      0.0
    ]
  },
  "budget_factor": 1.0,
  "spillover_mode": "hybrid",
  "spillover_params": {
    "alpha": 0.4,
    "beta": 1.0,
    "gamma": 0.8,
    "delta": 1.8,
    "gcut": 1e-05
  },
  "shell_profile": {
    "centers": [
      0.66,
      0.96,
      1.2599999999999998,
      1.56,
      1.8599999999999999,
      2.1599999999999997,
      2.46,
      2.7600000000000002,
      3.06,
      3.36,
      3.6599999999999997,
      3.9599999999999995,
      4.26,
      4.5600000000000005,
      4.859999999999999,
      5.16,
      5.459999999999999,
      5.76,
      6.06,
      6.359999999999999,
      6.66,
      6.959999999999999,
      7.26,
      7.559999999999999,
      7.859999999999999,
      8.16,
      8.46,
      8.76,
      9.059999999999999,
      9.332022848357653,
      9.579301894806143,
      9.833133317712136,
      10.093690741318602,
      10.36115239054704,
      10.635701212905836,
      10.9175250036289,
      11.206816534130244,
      11.50377368386232,
      11.808599575668332,
      12.121502714721107
    ],
    "mass": [
      6.625774138057877,
      5.858708091791959,
      4.875825718198504,
      3.383340056279206,
      2.6521990460049314,
      1.8353087617882227,
      1.2876566639755194,
      0.6957038451417802,
      0.024881413816430612,
      0.0,
      0.0,
      0.0,
      0.0,
      0.0,
      0.0,
      0.0,
      0.0,
      0.0,
      0.0,
      0.0,
      0.0,
      0.0,
      0.0,
      0.0,
      0.0,
      0.0,
      0.0,
      0.0,
      0.0,
      0.0,
      0.0,
      0.0,
      0.0,
      0.0,
      0.0,
      0.0,
      0.0,
      0.0,
      0.0,
      0.0
    ]
  },
  "scaling_params": {
    "mass_ref": 60000000000.0,
    "sigma_ref": 30.0,
    "alpha_beta": 0.0,
    "gamma_beta": 0.0,
    "alpha_min": 0.01,
    "alpha_max": 100.0,
    "gamma_min": -5.0,
    "gamma_max": 5.0
  },
  "force_match": false,
  "rms_velocity": 7.135889908017579,
  "n_points": 6,
  "data": [
    {
      "R": 0.51,
      "V_obs": 8.54,
      "V_GR": 7.245032781154272,
      "V_required": 4.521183473383931,
      "capacity": 6.995625973901243,
      "provided": 8.026230959397406,
      "V_model": 10.812533626009651
    },
    {
      "R": 1.02,
      "V_obs": 15.1,
      "V_GR": 10.168800322555262,
      "V_required": 11.16268336915457,
      "capacity": 5.561536604806567,
      "provided": 10.916506860786768,
      "V_model": 14.918935017004552
    },
    {
      "R": 1.53,
      "V_obs": 19.8,
      "V_GR": 11.082585438425458,
      "V_required": 16.4078121637225,
      "capacity": 3.2726748537270773,
      "provided": 13.14068328209805,
      "V_model": 17.190150002847886
    },
    {
      "R": 2.04,
      "V_obs": 21.9,
      "V_GR": 11.118547567016117,
      "V_required": 18.86764161202984,
      "capacity": 1.7915226582390127,
      "provided": 12.729353248669348,
      "V_model": 16.90143585999157
    },
    {
      "R": 2.56,
      "V_obs": 24.0,
      "V_GR": 10.791264986089443,
      "V_required": 21.437084689854636,
      "capacity": 0.8953484508479281,
      "provided": 11.778105694139441,
      "V_model": 15.97420338365328
    },
    {
      "R": 3.07,
      "V_obs": 25.0,
      "V_GR": 10.39635032114636,
      "V_required": 22.735784569704208,
      "capacity": 0.0,
      "provided": 2.5854512636772378,
      "V_model": 10.713013499331092
    }
  ]
}