{
  "galaxy": "DDO064",
  "alpha": 2.8271,
  "gamma": 0.8579,
  "alpha_eff": 2.8271,
  "gamma_eff": 0.8579,
  "alpha_scaling": "constant",
  "gamma_scaling": "constant",
  "shell_mode": "gravity_adaptive",
  "shell_parameters": {
    "R_coh": 8.94,
    "R_stop": 11.92,
    "r_factor": 4.0,
    "n_shell_min": 8,
    "n_shell_max": 40,
    "g_floor": 1e-05,
    "coh_radius_factor": 3.0,
    "spillover_mode": "hybrid",
    "spill_weights": [
      0.020723653585185825,
      0.058495519836652035,
      0.08856613335022671,
      0.11912988151106343,
      0.1424687279631034,
      0.15505810629563957,
      0.14640977278707137,
      0.14453467330647782,
      0.12461353136457992,
      0.0,
      0.0,
      0.0,
      0.0,
      0.0,
      0.0,
      0.0,
      0.0,
      0.0,
      0.0,
      0.0,
      0.0,
      0.0,
      0.0,
      0.0,
      0.0,
      0.0,
      0.0,
      0.0,
      0.0,
      0.0,
      0.0,
      0.0,
      0.0,
      0.0,
      0.0,
      0.0,
      0.0,
      0.0,
      0.0,
      0.0
    ]
  },
  "budget_factor": 1.0,
  "spillover_mode": "hybrid",
  "spillover_params": {
    "alpha": 0.4,
    "beta": 1.0,
    "gamma": 0.8,
    "delta": 1.8,
    "gcut": 1e-05
  },
  "shell_profile": {
    "centers": [
      0.25241379310344825,
      0.5572413793103448,
      0.8620689655172413,
      1.1668965517241379,
      1.4717241379310346,
      1.776551724137931,
      2.0813793103448273,
      2.386206896551724,
      2.691034482758621,
      2.9958620689655175,
      3.3006896551724134,
      3.60551724137931,
      3.910344827586207,
      4.215172413793103,
      4.52,
      4.8248275862068954,
      5.129655172413793,
      5.434482758620689,
      5.739310344827586,
      6.0441379310344825,
      6.348965517241378,
      6.653793103448275,
      6.958620689655172,
      7.263448275862068,
      7.568275862068965,
      7.873103448275861,
      8.177931034482757,
      8.482758620689655,
      8.78758620689655,
      9.058445631304822,
      9.298475454893259,
      9.54486556572709,
      9.797784498087763,
      10.057405252061947,
      10.323905411876023,
      10.597467267366163,
      10.878277938667143,
      11.16652950420512,
      11.462419132081966,
      11.76614921494101
    ],
    "mass": [
      13.321348114780745,
      25.18932124207822,
      24.56952099589321,
      24.987088943277506,
      22.724756372277977,
      18.348273402961492,
      11.301814181476567,
      8.274856868558311,
      4.541324424136132,
      0.0,
      0.0,
      0.0,
      0.0,
      0.0,
      0.0,
      0.0,
      0.0,
      0.0,
      0.0,
      0.0,
      0.0,
      0.0,
      0.0,
      0.0,
      0.0,
      0.0,
      0.0,
      0.0,
      0.0,
      0.0,
      0.0,
      0.0,
      0.0,
      0.0,
      0.0,
      0.0,
      0.0,
      0.0,
      0.0,
      0.0
    ]
  },
  "scaling_params": {
    "mass_ref": 60000000000.0,
    "sigma_ref": 30.0,
    "alpha_beta": 0.0,
    "gamma_beta": 0.0,
    "alpha_min": 0.01,
    "alpha_max": 100.0,
    "gamma_min": -5.0,
    "gamma_max": 5.0
  },
  "force_match": false,
  "rms_velocity": 9.495226512008148,
  "n_points": 14,
  "data": [
    {
      "R": 0.1,
      "V_obs": 6.29,
      "V_GR": 2.262410219213129,
      "V_required": 5.8690373997786045,
      "capacity": 8.981663486428069,
      "provided": 2.4659127191537817,
      "V_model": 3.3465243968159557
    },
    {
      "R": 0.3,
      "V_obs": 13.9,
      "V_GR": 6.768943787622999,
      "V_required": 12.140485986977623,
      "capacity": 22.025480201843283,
      "provided": 5.100901011999973,
      "V_model": 8.475717735638813
    },
    {
      "R": 0.49,
      "V_obs": 15.6,
      "V_GR": 9.691155761827378,
      "V_required": 12.224626783669102,
      "capacity": 30.70061384159449,
      "provided": 10.880387096530637,
      "V_model": 14.570563591376635
    },
    {
      "R": 0.69,
      "V_obs": 18.4,
      "V_GR": 14.140951170271396,
      "V_required": 11.77257406007709,
      "capacity": 34.27221167466102,
      "provided": 10.478042819869962,
      "V_model": 17.599882992083455
    },
    {
      "R": 0.89,
      "V_obs": 22.5,
      "V_GR": 15.274897708331798,
      "V_required": 16.52051754637245,
      "capacity": 28.318543073773814,
      "provided": 32.338092855825,
      "V_model": 35.76415453428139
    },
    {
      "R": 1.09,
      "V_obs": 26.5,
      "V_GR": 17.146107429967888,
      "V_required": 20.205469556533448,
      "capacity": 28.275902888810318,
      "provided": 17.749673048506185,
      "V_model": 24.678733624901962
    },
    {
      "R": 1.29,
      "V_obs": 35.3,
      "V_GR": 19.671799612643476,
      "V_required": 29.310583412822062,
      "capacity": 28.51910496459058,
      "provided": 25.748140669680012,
      "V_model": 32.4028771553643
    },
    {
      "R": 1.48,
      "V_obs": 40.5,
      "V_GR": 22.844255295369116,
      "V_required": 33.44233843498388,
      "capacity": 24.634542537189212,
      "provided": 52.019511066419575,
      "V_model": 56.81451866899295
    },
    {
      "R": 1.68,
      "V_obs": 44.2,
      "V_GR": 25.09904380648793,
      "V_required": 36.38238584809963,
      "capacity": 23.00338818403725,
      "provided": 27.751080341554896,
      "V_model": 37.417702496591566
    },
    {
      "R": 1.88,
      "V_obs": 46.3,
      "V_GR": 26.6757792763398,
      "V_required": 37.8430019950849,
      "capacity": 14.833762192650354,
      "provided": 28.8651819898743,
      "V_model": 39.30389206310952
    },
    {
      "R": 2.08,
      "V_obs": 46.4,
      "V_GR": 27.395977806970134,
      "V_required": 37.448903855787286,
      "capacity": 11.458876439485968,
      "provided": 53.45850211915609,
      "V_model": 60.0695517614691
    },
    {
      "R": 2.27,
      "V_obs": 46.3,
      "V_GR": 27.55252801468497,
      "V_required": 37.209517599667954,
      "capacity": 9.297247696262088,
      "provided": 26.395832224249155,
      "V_model": 38.156018644647794
    },
    {
      "R": 2.37,
      "V_obs": 46.4,
      "V_GR": 27.75392224533318,
      "V_required": 37.18440264411949,
      "capacity": 8.259510353484552,
      "provided": 26.378016079463052,
      "V_model": 38.2894232430891
    },
    {
      "R": 2.98,
      "V_obs": 46.9,
      "V_GR": 28.065868951450625,
      "V_required": 37.57548402881857,
      "capacity": 0.0,
      "provided": 0.0,
      "V_model": 28.065868951450625
    }
  ]
}