{
  "galaxy": "DDO168",
  "alpha": 2.8271,
  "gamma": 0.8579,
  "alpha_eff": 2.8271,
  "gamma_eff": 0.8579,
  "alpha_scaling": "constant",
  "gamma_scaling": "constant",
  "shell_mode": "gravity_adaptive",
  "shell_parameters": {
    "R_coh": 12.36,
    "R_stop": 16.48,
    "r_factor": 4.0,
    "n_shell_min": 8,
    "n_shell_max": 40,
    "g_floor": 1e-05,
    "coh_radius_factor": 3.0,
    "spillover_mode": "hybrid",
    "spill_weights": [
      0.04316437486621666,
      0.0744324086053492,
      0.09736213616006127,
      0.11630964226696433,
      0.13050972618842133,
      0.14053874522161638,
      0.14781621703738013,
      0.1439310504045322,
      0.10593569924945846,
      0.0,
      0.0,
      0.0,
      0.0,
      0.0,
      0.0,
      0.0,
      0.0,
      0.0,
      0.0,
      0.0,
      0.0,
      0.0,
      0.0,
      0.0,
      0.0,
      0.0,
      0.0,
      0.0,
      0.0,
      0.0,
      0.0,
      0.0,
      0.0,
      0.0,
      0.0,
      0.0,
      0.0,
      0.0,
      0.0,
      0.0
    ]
  },
  "budget_factor": 1.0,
  "spillover_mode": "hybrid",
  "spillover_params": {
    "alpha": 0.4,
    "beta": 1.0,
    "gamma": 0.8,
    "delta": 1.8,
    "gcut": 1e-05
  },
  "shell_profile": {
    "centers": [
      0.6160344827586206,
      1.028103448275862,
      1.4401724137931033,
      1.8522413793103447,
      2.264310344827586,
      2.676379310344828,
      3.088448275862069,
      3.5005172413793106,
      3.9125862068965516,
      4.324655172413793,
      4.736724137931034,
      5.148793103448276,
      5.560862068965517,
      5.972931034482759,
      6.385,
      6.797068965517242,
      7.2091379310344825,
      7.621206896551724,
      8.033275862068965,
      8.445344827586208,
      8.857413793103447,
      9.26948275862069,
      9.681551724137933,
      10.093620689655172,
      10.505689655172414,
      10.917758620689654,
      11.329827586206896,
      11.741896551724139,
      12.153965517241378,
      12.523757047307338,
      12.855610360456454,
      13.196257090871015,
      13.545930245678386,
      13.904869006206454,
      14.273318891586989,
      14.651531926694162,
      15.0397668145331,
      15.438289113196342,
      15.847371417509297,
      16.26729354548891
    ],
    "mass": [
      27.90456917391665,
      31.186957981366433,
      27.383086760984384,
      23.907942539493767,
      20.413665633554857,
      17.231577975003013,
      14.661005307819496,
      10.858547660834732,
      4.202244570714364,
      0.0,
      0.0,
      0.0,
      0.0,
      0.0,
      0.0,
      0.0,
      0.0,
      0.0,
      0.0,
      0.0,
      0.0,
      0.0,
      0.0,
      0.0,
      0.0,
      0.0,
      0.0,
      0.0,
      0.0,
      0.0,
      0.0,
      0.0,
      0.0,
      0.0,
      0.0,
      0.0,
      0.0,
      0.0,
      0.0,
      0.0
    ]
  },
  "scaling_params": {
    "mass_ref": 60000000000.0,
    "sigma_ref": 30.0,
    "alpha_beta": 0.0,
    "gamma_beta": 0.0,
    "alpha_min": 0.01,
    "alpha_max": 100.0,
    "gamma_min": -5.0,
    "gamma_max": 5.0
  },
  "force_match": false,
  "rms_velocity": 10.407096082022507,
  "n_points": 10,
  "data": [
    {
      "R": 0.41,
      "V_obs": 15.0,
      "V_GR": 13.301372109673498,
      "V_required": 6.933505606834107,
      "capacity": 14.443493280154659,
      "provided": 6.4122500043946165,
      "V_model": 14.766294393613409
    },
    {
      "R": 0.82,
      "V_obs": 23.4,
      "V_GR": 22.071746645881923,
      "V_required": 7.77161501877184,
      "capacity": 18.632845148386608,
      "provided": 7.187350997330105,
      "V_model": 23.212496943647015
    },
    {
      "R": 1.24,
      "V_obs": 29.2,
      "V_GR": 25.138022993067693,
      "V_required": 14.856641612423717,
      "capacity": 15.916175565293006,
      "provided": 11.312093045966348,
      "V_model": 27.565987177690555
    },
    {
      "R": 1.64,
      "V_obs": 36.2,
      "V_GR": 25.762765767673315,
      "V_required": 25.430688154275344,
      "capacity": 13.477055521289273,
      "provided": 19.363347257670412,
      "V_model": 32.22823788265707
    },
    {
      "R": 2.06,
      "V_obs": 44.0,
      "V_GR": 27.735754902291735,
      "V_required": 34.15739890565439,
      "capacity": 11.24606897957552,
      "provided": 18.03282531359621,
      "V_model": 33.08254658865723
    },
    {
      "R": 2.47,
      "V_obs": 52.1,
      "V_GR": 28.32203735609428,
      "V_required": 43.729534641932794,
      "capacity": 9.109770041878594,
      "provided": 23.086273677363916,
      "V_model": 36.53920951944836
    },
    {
      "R": 2.89,
      "V_obs": 52.9,
      "V_GR": 28.554554803043242,
      "V_required": 44.531420368095155,
      "capacity": 7.4796559165455285,
      "provided": 46.57177544035426,
      "V_model": 54.628681730999
    },
    {
      "R": 3.3,
      "V_obs": 54.8,
      "V_GR": 28.506204587773517,
      "V_required": 46.8020971752335,
      "capacity": 6.152817333708348,
      "provided": 45.347693863922125,
      "V_model": 53.56320601659314
    },
    {
      "R": 3.71,
      "V_obs": 55.0,
      "V_GR": 28.488123841348344,
      "V_required": 47.04707004692216,
      "capacity": 3.509340693742203,
      "provided": 33.37667338161591,
      "V_model": 43.88138017454634
    },
    {
      "R": 4.12,
      "V_obs": 52.0,
      "V_GR": 28.01935937882949,
      "V_required": 43.80542774588555,
      "capacity": 0.0,
      "provided": 0.0,
      "V_model": 28.01935937882949
    }
  ]
}