{
  "galaxy": "DDO161",
  "alpha": 2.8271,
  "gamma": 0.8579,
  "alpha_eff": 2.8271,
  "gamma_eff": 0.8579,
  "alpha_scaling": "constant",
  "gamma_scaling": "constant",
  "shell_mode": "gravity_adaptive",
  "shell_parameters": {
    "R_coh": 40.11,
    "R_stop": 53.48,
    "r_factor": 4.0,
    "n_shell_min": 8,
    "n_shell_max": 40,
    "g_floor": 1e-05,
    "coh_radius_factor": 3.0,
    "spillover_mode": "hybrid",
    "spill_weights": [
      0.09718728765441235,
      0.16599019793129594,
      0.18890368201152918,
      0.15988123509482827,
      0.14212177026127412,
      0.10760516487855841,
      0.07667021055686717,
      0.061640451611234534,
      0.0,
      0.0,
      0.0,
      0.0,
      0.0,
      0.0,
      0.0,
      0.0,
      0.0,
      0.0,
      0.0,
      0.0,
      0.0,
      0.0,
      0.0,
      0.0,
      0.0,
      0.0,
      0.0,
      0.0,
      0.0,
      0.0,
      0.0,
      0.0,
      0.0,
      0.0,
      0.0,
      0.0,
      0.0,
      0.0,
      0.0,
      0.0
    ]
  },
  "budget_factor": 1.0,
  "spillover_mode": "hybrid",
  "spillover_params": {
    "alpha": 0.4,
    "beta": 1.0,
    "gamma": 0.8,
    "delta": 1.8,
    "gcut": 1e-05
  },
  "shell_profile": {
    "centers": [
      1.281206896551724,
      2.6436206896551724,
      4.00603448275862,
      5.368448275862068,
      6.730862068965516,
      8.093275862068964,
      9.455689655172414,
      10.81810344827586,
      12.18051724137931,
      13.542931034482756,
      14.905344827586205,
      16.267758620689655,
      17.630172413793105,
      18.99258620689655,
      20.354999999999997,
      21.717413793103447,
      23.079827586206896,
      24.442241379310346,
      25.804655172413792,
      27.167068965517238,
      28.529482758620688,
      29.891896551724138,
      31.254310344827584,
      32.61672413793103,
      33.97913793103449,
      35.34155172413793,
      36.70396551724137,
      38.06637931034483,
      39.42879310344827,
      40.64141546662599,
      41.71832779594726,
      42.823776044889655,
      43.958516355514554,
      45.12332490606316,
      46.31899844187329,
      47.546354820364286,
      48.80623357046298,
      50.09949646685316,
      51.42702811944156,
      52.78973657844338
    ],
    "mass": [
      231.14448581037678,
      152.73147862085344,
      81.1800831958648,
      28.910842774216615,
      14.109903565683108,
      5.243081642073908,
      1.8329580914610906,
      0.9260619285095609,
      0.0,
      0.0,
      0.0,
      0.0,
      0.0,
      0.0,
      0.0,
      0.0,
      0.0,
      0.0,
      0.0,
      0.0,
      0.0,
      0.0,
      0.0,
      0.0,
      0.0,
      0.0,
      0.0,
      0.0,
      0.0,
      0.0,
      0.0,
      0.0,
      0.0,
      0.0,
      0.0,
      0.0,
      0.0,
      0.0,
      0.0,
      0.0
    ]
  },
  "scaling_params": {
    "mass_ref": 60000000000.0,
    "sigma_ref": 30.0,
    "alpha_beta": 0.0,
    "gamma_beta": 0.0,
    "alpha_min": 0.01,
    "alpha_max": 100.0,
    "gamma_min": -5.0,
    "gamma_max": 5.0
  },
  "force_match": false,
  "rms_velocity": 23.03899875622039,
  "n_points": 31,
  "data": [
    {
      "R": 0.6,
      "V_obs": 16.0,
      "V_GR": 14.318536936433135,
      "V_required": 7.139992997195446,
      "capacity": 13.665473683811419,
      "provided": 26.45104024578076,
      "V_model": 30.077866115865223
    },
    {
      "R": 0.73,
      "V_obs": 16.6,
      "V_GR": 16.375066412079065,
      "V_required": 2.723453689710943,
      "capacity": 14.765239608989718,
      "provided": 10.089391289649795,
      "V_model": 19.2337884098703
    },
    {
      "R": 0.85,
      "V_obs": 18.6,
      "V_GR": 17.879119105817267,
      "V_required": 5.128069812317301,
      "capacity": 16.494532459281732,
      "provided": 18.997607006345547,
      "V_model": 26.087774377427245
    },
    {
      "R": 0.98,
      "V_obs": 20.0,
      "V_GR": 19.968217246414362,
      "V_required": 1.1270758625753725,
      "capacity": 17.645435688445787,
      "provided": 4.175400313801341,
      "V_model": 20.40008989638262
    },
    {
      "R": 1.07,
      "V_obs": 21.4,
      "V_GR": 21.26249750146958,
      "V_required": 2.422023947032704,
      "capacity": 17.929550875157762,
      "provided": 8.972705284777065,
      "V_model": 23.07819837265176
    },
    {
      "R": 1.54,
      "V_obs": 28.9,
      "V_GR": 27.1146086086449,
      "V_required": 10.000399992000311,
      "capacity": 17.391274351395847,
      "provided": 37.047793011310844,
      "V_model": 45.910140132752076
    },
    {
      "R": 2.02,
      "V_obs": 32.9,
      "V_GR": 31.18002565746218,
      "V_required": 10.498380827537163,
      "capacity": 14.99521255680864,
      "provided": 54.3996009466528,
      "V_model": 62.70175901165028
    },
    {
      "R": 2.49,
      "V_obs": 35.2,
      "V_GR": 33.63529247680181,
      "V_required": 10.378203120001066,
      "capacity": 11.479257077864665,
      "provided": 53.776874505304896,
      "V_model": 63.429371205769584
    },
    {
      "R": 2.96,
      "V_obs": 37.6,
      "V_GR": 34.90671138907245,
      "V_required": 13.974315725644674,
      "capacity": 9.026983864219462,
      "provided": 72.41089949638845,
      "V_model": 80.385426949641
    },
    {
      "R": 3.43,
      "V_obs": 40.6,
      "V_GR": 35.32418010371932,
      "V_required": 20.01405256313674,
      "capacity": 7.268938973946102,
      "provided": 57.80973288089846,
      "V_model": 67.74778901012809
    },
    {
      "R": 3.9,
      "V_obs": 42.7,
      "V_GR": 35.80341464162322,
      "V_required": 23.268121969768,
      "capacity": 5.6731638243624065,
      "provided": 67.20897286889286,
      "V_model": 76.15070934726462
    },
    {
      "R": 4.37,
      "V_obs": 45.5,
      "V_GR": 35.96655251758222,
      "V_required": 27.868568316294972,
      "capacity": 4.257746817488345,
      "provided": 80.49716493227714,
      "V_model": 88.16681043416638
    },
    {
      "R": 4.86,
      "V_obs": 48.9,
      "V_GR": 35.986336295877635,
      "V_required": 33.10881453631344,
      "capacity": 2.9136167330088147,
      "provided": 52.71999317620562,
      "V_model": 63.83113723332185
    },
    {
      "R": 5.34,
      "V_obs": 51.5,
      "V_GR": 35.891951744088814,
      "V_required": 36.932611605463265,
      "capacity": 1.8490839361505644,
      "provided": 58.808720852385974,
      "V_model": 68.89628326908395
    },
    {
      "R": 5.81,
      "V_obs": 53.0,
      "V_GR": 35.67475437897225,
      "V_required": 39.19581482760628,
      "capacity": 1.4241275372790818,
      "provided": 62.41247592784726,
      "V_model": 71.88883954720728
    },
    {
      "R": 6.28,
      "V_obs": 55.0,
      "V_GR": 35.70686208559918,
      "V_required": 41.83324037174266,
      "capacity": 1.1872508961751507,
      "provided": 48.04217288037187,
      "V_model": 59.858419416716465
    },
    {
      "R": 6.75,
      "V_obs": 57.6,
      "V_GR": 35.760271251767655,
      "V_required": 45.154877920331046,
      "capacity": 0.8388574986787612,
      "provided": 51.856811286030954,
      "V_model": 62.99147463550149
    },
    {
      "R": 7.22,
      "V_obs": 59.7,
      "V_GR": 35.96768549684563,
      "V_required": 47.648878265915144,
      "capacity": 0.5900704145542983,
      "provided": 54.72097372483624,
      "V_model": 65.4832754632373
    },
    {
      "R": 7.69,
      "V_obs": 60.5,
      "V_GR": 36.35770069737634,
      "V_required": 48.356670687713816,
      "capacity": 0.42636542366026925,
      "provided": 38.029407010632404,
      "V_model": 52.61290903932548
    },
    {
      "R": 8.16,
      "V_obs": 61.8,
      "V_GR": 36.796836820574676,
      "V_required": 49.651110763003075,
      "capacity": 0.28417059775599296,
      "provided": 39.04740075945673,
      "V_model": 53.6535805521833
    },
    {
      "R": 8.64,
      "V_obs": 62.9,
      "V_GR": 37.021216889778216,
      "V_required": 50.85115042946423,
      "capacity": 0.21211452197740346,