{
  "galaxy": "ESO079-G014",
  "alpha": 2.8271,
  "gamma": 0.8579,
  "alpha_eff": 2.8271,
  "gamma_eff": 0.8579,
  "alpha_scaling": "constant",
  "gamma_scaling": "constant",
  "shell_mode": "gravity_adaptive",
  "shell_parameters": {
    "R_coh": 50.010000000000005,
    "R_stop": 66.68,
    "r_factor": 4.0,
    "n_shell_min": 8,
    "n_shell_max": 40,
    "g_floor": 1e-05,
    "coh_radius_factor": 3.0,
    "spillover_mode": "hybrid",
    "spill_weights": [
      0.0013974361062849044,
      0.0036845059918541203,
      0.005975073522736417,
      0.00868487606674841,
      0.01146292868289276,
      0.013291818648119185,
      0.014082608511332423,
      0.013672701719856364,
      0.013619827977178882,
      0.013279380548677935,
      0.014940800189345477,
      0.016608044442299505,
      0.01825248089500594,
      0.019864127893347173,
      0.021433985225897675,
      0.02295395367629333,
      0.02441677288622284,
      0.025815972686902642,
      0.027145834204402707,
      0.028401357847506217,
      0.02957823590283263,
      0.03067282796135408,
      0.031682137814961236,
      0.03260379080688063,
      0.033436010904923937,
      0.03417759699920596,
      0.03482789811299704,
      0.03538678736338213,
      0.03585463462355255,
      0.032675994703058084,
      0.033240874155203645,
      0.03376805266761287,
      0.034253107831641,
      0.034691518147782985,
      0.03507869620965154,
      0.035410027210780355,
      0.03568091294240373,
      0.0358868213599511,
      0.036023341684752935,
      0.03608624487416664
    ]
  },
  "budget_factor": 1.0,
  "spillover_mode": "hybrid",
  "spillover_params": {
    "alpha": 0.4,
    "beta": 1.0,
    "gamma": 0.8,
    "delta": 1.8,
    "gcut": 1e-05
  },
  "shell_profile": {
    "centers": [
      1.2651724137931037,
      2.975517241379311,
      4.685862068965518,
      6.396206896551726,
      8.106551724137933,
      9.81689655172414,
      11.527241379310347,
      13.237586206896555,
      14.94793103448276,
      16.65827586206897,
      18.368620689655174,
      20.078965517241386,
      21.78931034482759,
      23.499655172413796,
      25.210000000000004,
      26.920344827586213,
      28.630689655172418,
      30.341034482758626,
      32.05137931034483,
      33.76172413793104,
      35.472068965517245,
      37.18241379310345,
      38.89275862068966,
      40.60310344827587,
      42.31344827586207,
      44.023793103448284,
      45.73413793103448,
      47.444482758620694,
      49.154827586206906,
      50.67258009189645,
      52.01529725941968,
      53.39359361767471,
      54.808411940645314,
      56.2607199838499,
      57.75151114629978,
      59.281805149997986,
      60.852648737443396,
      62.46511638761724,
      64.12031105094175,
      65.81936490371365
    ],
    "mass": [
      3523.1048372205373,
      4736.090394336366,
      5169.9746494317915,
      6158.368978958114,
      6962.7529614963805,
      6406.507141465835,
      5101.516926133255,
      3466.6590534700854,
      2629.7147863110954,
      1961.3415433851392,
      2155.5729816188586,
      2356.283375822421,
      2556.993770025977,
      2757.704164229544,
      2958.4145584331,
      3159.1249526366682,
      3359.83534684023,
      3560.545741043785,
      3761.2561352473454,
      3961.9665294509073,
      4162.676923654485,
      4363.387317858031,
      4564.097712061592,
      4764.808106265173,
      4965.518500468714,
      5166.2288946722765,
      5366.939288875837,
      5567.649683079422,
      5768.360077282962,
      4607.272535412219,
      4854.673612347041,
      5115.359619226491,
      5390.043929516042,
      5679.478223371903,
      5984.454544631505,
      6305.807468260328,
      6644.416384186304,
      7001.207903771183,
      7377.158395504554,
      7773.296656859566
    ]
  },
  "scaling_params": {
    "mass_ref": 60000000000.0,
    "sigma_ref": 30.0,
    "alpha_beta": 0.0,
    "gamma_beta": 0.0,
    "alpha_min": 0.01,
    "alpha_max": 100.0,
    "gamma_min": -5.0,
    "gamma_max": 5.0
  },
  "force_match": false,
  "rms_velocity": 28.530166389676836,
  "n_points": 15,
  "data": [
    {
      "R": 0.41,
      "V_obs": 33.2,
      "V_GR": 29.034231520741166,
      "V_required": 16.10134776967445,
      "capacity": 122.82462568094036,
      "provided": 0.68797338143017,
      "V_model": 29.04238122767409
    },
    {
      "R": 0.98,
      "V_obs": 50.4,
      "V_GR": 47.803850263341765,
      "V_required": 15.967213282223016,
      "capacity": 162.03810123654165,
      "provided": 0.6822421247541189,
      "V_model": 47.80871839232662
    },
    {
      "R": 1.78,
      "V_obs": 53.9,
      "V_GR": 62.455829191517424,
      "V_required": 0.0,
      "capacity": 202.55618271688866,
      "provided": 0.0,
      "V_model": 62.455829191517424
    },
    {
      "R": 2.69,
      "V_obs": 67.6,
      "V_GR": 75.96270729772604,
      "V_required": 0.0,
      "capacity": 205.62285887059193,
      "provided": 1.8063678260357452,
      "V_model": 75.98418167436522
    },
    {
      "R": 3.36,
      "V_obs": 81.7,
      "V_GR": 82.7209556279423,
      "V_required": 0.0,
      "capacity": 232.79026894905394,
      "provided": 1.8063678260357452,
      "V_model": 82.74067599870656
    },
    {
      "R": 4.39,
      "V_obs": 102.0,
      "V_GR": 87.36533065238179,
      "V_required": 52.64312870641333,
      "capacity": 216.39676919846426,
      "provided": 5.858685312783421,
      "V_model": 87.56155088618648
    },
    {
      "R": 5.65,
      "V_obs": 116.0,
      "V_GR": 92.71797506416974,
      "V_required": 69.70923253056226,
      "capacity": 234.36931629774338,
      "provided": 2.357147605225888,
      "V_model": 92.74793283320562
    },
    {
      "R": 6.34,
      "V_obs": 132.0,
      "V_GR": 96.73140389759676,
      "V_required": 89.81667718191316,
      "capacity": 249.88162564318438,
      "provided": 3.0370606280290615,
      "V_model": 96.77906921053912
    },
    {
      "R": 6.89,
      "V_obs": 137.0,
      "V_GR": 101.22834484471234,
      "V_required": 92.31371620728959,
      "capacity": 261.0040800562938,
      "provided": 3.12149549189363,
      "V_model": 101.27646090827776
    },
    {
      "R": 8.34,
      "V_obs": 154.0,
      "V_GR": 115.10685904845114,
      "V_required": 102.30547883666839,
      "capacity": 272.90524687163213,
      "provided": 11.239642769314623,
      "V_model": 115.65430631663399
    },
    {
      "R": 10.04,
      "V_obs": 163.0,
      "V_GR": 130.9806523880531,
      "V_required": 97.02097041361728,
      "capacity": 233.83759915527426,
      "provided": 13.032907862571905,
      "V_model": 131.6274590932845
    },
    {
      "R": 11.65,
      "V_obs": 170.0,
      "V_GR": 136.90796397580382,
      "V_required": 100.77802042112161,
      "capacity": 179.57081832472576,
      "provided": 13.808293962755593,
      "V_model": 137.6025420628626
    },
    {
      "R": 13.36,
      "V_obs": 175.0,
      "V_GR": 137.8288072211321,
      "V_required": 107.83422415912307,
      "capacity": 115.6583967892173,
      "provided": 13.406371728712333,
      "V_model": 138.47927968807613
    },
    {
      "R": 15.06,
      "V_obs": 177.0,
      "V_GR": 134.42007476563907,
      "V_required": 115.15313065653056,
      "capacity": 86.18360795351556,
      "provided": 13.35452791148101,
      "V_model": 135.0818267411961
    },
    {
      "R": 16.67,
      "V_obs": 178.0,
      "V_GR": 130.66190339957552,
      "V_required": 120.87790120613442,
      "capacity": 63.31331355628487,
      "provided": 13.020712044355092,
      "V_model": 131.30907029654128
    }
  ]
}