{
  "galaxy": "ESO444-G084",
  "alpha": 2.8271,
  "gamma": 0.8579,
  "alpha_eff": 2.8271,
  "gamma_eff": 0.8579,
  "alpha_scaling": "constant",
  "gamma_scaling": "constant",
  "shell_mode": "gravity_adaptive",
  "shell_parameters": {
    "R_coh": 13.32,
    "R_stop": 17.76,
    "r_factor": 4.0,
    "n_shell_min": 8,
    "n_shell_max": 40,
    "g_floor": 1e-05,
    "coh_radius_factor": 3.0,
    "spillover_mode": "hybrid",
    "spill_weights": [
      0.08502326709603542,
      0.14035949532897388,
      0.15565726624709225,
      0.1452261374809116,
      0.1287728476520061,
      0.125112677478995,
      0.10135921366772616,
      0.06628698323502034,
      0.05220211181323929,
      0.0,
      0.0,
      0.0,
      0.0,
      0.0,
      0.0,
      0.0,
      0.0,
      0.0,
      0.0,
      0.0,
      0.0,
      0.0,
      0.0,
      0.0,
      0.0,
      0.0,
      0.0,
      0.0,
      0.0,
      0.0,
      0.0,
      0.0,
      0.0,
      0.0,
      0.0,
      0.0,
      0.0,
      0.0,
      0.0,
      0.0
    ]
  },
  "budget_factor": 1.0,
  "spillover_mode": "hybrid",
  "spillover_params": {
    "alpha": 0.4,
    "beta": 1.0,
    "gamma": 0.8,
    "delta": 1.8,
    "gcut": 1e-05
  },
  "shell_profile": {
    "centers": [
      0.4851724137931035,
      0.9355172413793104,
      1.3858620689655172,
      1.8362068965517242,
      2.286551724137931,
      2.736896551724138,
      3.187241379310345,
      3.637586206896552,
      4.087931034482759,
      4.538275862068965,
      4.988620689655172,
      5.438965517241379,
      5.889310344827586,
      6.339655172413793,
      6.79,
      7.240344827586207,
      7.690689655172414,
      8.14103448275862,
      8.591379310344827,
      9.041724137931034,
      9.492068965517241,
      9.942413793103448,
      10.392758620689655,
      10.843103448275862,
      11.293448275862069,
      11.743793103448276,
      12.194137931034483,
      12.64448275862069,
      13.094827586206897,
      13.496476041272956,
      13.854104369035593,
      14.221209097928954,
      14.598041332721365,
      14.984858831931225,
      15.38192618413743,
      15.789514988961667,
      16.207904042846348,
      16.63737952975528,
      17.078235216927492,
      17.530772655818147
    ],
    "mass": [
      30.3184631032403,
      21.611612733930144,
      11.267729496206687,
      5.167381109507141,
      2.4926007787800226,
      1.6976862680057758,
      0.8003406055480587,
      0.2359764605925111,
      0.11635587265041043,
      0.0,
      0.0,
      0.0,
      0.0,
      0.0,
      0.0,
      0.0,
      0.0,
      0.0,
      0.0,
      0.0,
      0.0,
      0.0,
      0.0,
      0.0,
      0.0,
      0.0,
      0.0,
      0.0,
      0.0,
      0.0,
      0.0,
      0.0,
      0.0,
      0.0,
      0.0,
      0.0,
      0.0,
      0.0,
      0.0,
      0.0
    ]
  },
  "scaling_params": {
    "mass_ref": 60000000000.0,
    "sigma_ref": 30.0,
    "alpha_beta": 0.0,
    "gamma_beta": 0.0,
    "alpha_min": 0.01,
    "alpha_max": 100.0,
    "gamma_min": -5.0,
    "gamma_max": 5.0
  },
  "force_match": false,
  "rms_velocity": 21.332622640454993,
  "n_points": 7,
  "data": [
    {
      "R": 0.26,
      "V_obs": 18.3,
      "V_GR": 9.493376638478008,
      "V_required": 15.644992809202567,
      "capacity": 19.11618979910262,
      "provided": 26.235860234503114,
      "V_model": 27.900619388185305
    },
    {
      "R": 0.77,
      "V_obs": 35.3,
      "V_GR": 18.765569535721532,
      "V_required": 29.89888626688291,
      "capacity": 16.14080527447226,
      "provided": 43.311110332621666,
      "V_model": 47.201683002246085
    },
    {
      "R": 1.29,
      "V_obs": 47.8,
      "V_GR": 21.954819516452417,
      "V_required": 42.45969736114472,
      "capacity": 7.871419055659335,
      "provided": 48.031585014615096,
      "V_model": 52.811431139632994
    },
    {
      "R": 1.81,
      "V_obs": 52.8,
      "V_GR": 23.4251253998778,
      "V_required": 47.31916630711069,
      "capacity": 3.2653974142598017,
      "provided": 44.81282330685214,
      "V_model": 50.56605217664466
    },
    {
      "R": 2.32,
      "V_obs": 58.0,
      "V_GR": 23.545838273461406,
      "V_required": 53.005598760885626,
      "capacity": 1.3179885258305424,
      "provided": 39.73578701911033,
      "V_model": 46.188085801731354
    },
    {
      "R": 3.39,
      "V_obs": 63.1,
      "V_GR": 20.045273757172787,
      "V_required": 59.831404797146455,
      "capacity": 0.15556246800249093,
      "provided": 31.2766875949607,
      "V_model": 37.14894597310627
    },
    {
      "R": 4.44,
      "V_obs": 62.7,
      "V_GR": 16.779851012449424,
      "V_required": 60.412967151100936,
      "capacity": 0.0,
      "provided": 0.0,
      "V_model": 16.779851012449424
    }
  ]
}