{
  "galaxy": "ESO563-G021",
  "alpha": 2.8271,
  "gamma": 0.8579,
  "alpha_eff": 2.8271,
  "gamma_eff": 0.8579,
  "alpha_scaling": "constant",
  "gamma_scaling": "constant",
  "shell_mode": "gravity_adaptive",
  "shell_parameters": {
    "R_coh": 127.22999999999999,
    "R_stop": 169.64,
    "r_factor": 4.0,
    "n_shell_min": 8,
    "n_shell_max": 40,
    "g_floor": 1e-05,
    "coh_radius_factor": 3.0,
    "spillover_mode": "hybrid",
    "spill_weights": [
      0.004567073738074142,
      0.014981335438971987,
      0.023363264559872962,
      0.028116264472146792,
      0.030498675212999593,
      0.028061419683819096,
      0.0214268996348776,
      0.015081270622597964,
      0.012691755930625938,
      0.012294359213985114,
      0.013870673649699768,
      0.015432284140132159,
      0.016967393950591807,
      0.018465303030201885,
      0.019916353565186815,
      0.02131189123938819,
      0.022644234909283807,
      0.023906650080019434,
      0.025093323248901445,
      0.0261993352754934,
      0.02722063267023589,
      0.02815399619688583,
      0.028997006535751,
      0.029748007002483586,
      0.03040606349151096,
      0.030970921933991608,
      0.03144296364105238,
      0.031823158953531605,
      0.03211301964645561,
      0.029105912310037535,
      0.02950781567151224,
      0.029868437718894972,
      0.03018399317356466,
      0.03045071026184896,
      0.030664869257949874,
      0.03082284495469283,
      0.03092115288416052,
      0.030956499001260043,
      0.030925832421944785,
      0.030826400675365212
    ]
  },
  "budget_factor": 1.0,
  "spillover_mode": "hybrid",
  "spillover_params": {
    "alpha": 0.4,
    "beta": 1.0,
    "gamma": 0.8,
    "delta": 1.8,
    "gcut": 1e-05
  },
  "shell_profile": {
    "centers": [
      2.6358620689655172,
      7.007586206896551,
      11.379310344827584,
      15.75103448275862,
      20.122758620689652,
      24.494482758620684,
      28.866206896551724,
      33.237931034482756,
      37.609655172413795,
      41.98137931034482,
      46.35310344827586,
      50.7248275862069,
      55.096551724137925,
      59.468275862068964,
      63.839999999999996,
      68.21172413793103,
      72.58344827586207,
      76.9551724137931,
      81.32689655172413,
      85.69862068965517,
      90.0703448275862,
      94.44206896551724,
      98.81379310344826,
      103.1855172413793,
      107.55724137931034,
      111.92896551724138,
      116.3006896551724,
      120.67241379310344,
      125.04413793103447,
      128.91566416900588,
      132.3316590745044,
      135.83817068539793,
      139.4375975046651,
      143.1324015905863,
      146.9251102408262,
      150.8183177211406,
      154.81468703989043,
      158.91695176957685,
      163.12791791664296,
      167.45046584082152
    ],
    "mass": [
      46188.41976628054,
      78721.10495155826,
      72043.59486787955,
      51645.12087064389,
      35042.883626747986,
      17856.069171073963,
      6216.034931781583,
      1878.3215645071623,
      930.4102062807412,
      680.3640111230144,
      751.213607274163,
      822.063203425309,
      892.9127995764562,
      963.7623957276052,
      1034.611991878749,
      1105.4615880298998,
      1176.3111841810473,
      1247.1607803321906,
      1318.010376483342,
      1388.859972634485,
      1459.709568785637,
      1530.5591649367843,
      1601.4087610879265,
      1672.2583572390793,
      1743.1079533902264,
      1813.957549541368,
      1884.807145692521,
      1955.6567418436684,
      2026.5063379948092,
      1611.1598156874177,
      1697.675790258383,
      1788.837495056173,
      1884.8943962567853,
      1986.1093558577413,
      2092.7593510062766,
      2205.136231953712,
      2323.5475207108384,
      2448.3172525890277,
      2579.7868629307604,
      2718.3161214553875
    ]
  },
  "scaling_params": {
    "mass_ref": 60000000000.0,
    "sigma_ref": 30.0,
    "alpha_beta": 0.0,
    "gamma_beta": 0.0,
    "alpha_min": 0.01,
    "alpha_max": 100.0,
    "gamma_min": -5.0,
    "gamma_max": 5.0
  },
  "force_match": false,
  "rms_velocity": 61.35434794470769,
  "n_points": 30,
  "data": [
    {
      "R": 0.45,
      "V_obs": 18.9,
      "V_GR": 65.19,
      "V_required": 0.0,
      "capacity": 253.955412333117,
      "provided": 3.900296350159784,
      "V_model": 65.30657249939756
    },
    {
      "R": 1.34,
      "V_obs": 58.3,
      "V_GR": 120.17,
      "V_required": 0.0,
      "capacity": 308.1743351308846,
      "provided": 3.900296350159784,
      "V_model": 120.23327830355068
    },
    {
      "R": 2.23,
      "V_obs": 74.1,
      "V_GR": 137.48,
      "V_required": 0.0,
      "capacity": 330.4676255799935,
      "provided": 3.900296350159784,
      "V_model": 137.53531441640385
    },
    {
      "R": 3.12,
      "V_obs": 119.0,
      "V_GR": 146.18,
      "V_required": 0.0,
      "capacity": 366.13878232869007,
      "provided": 3.900296350159784,
      "V_model": 146.23202355031222
    },
    {
      "R": 4.01,
      "V_obs": 141.0,
      "V_GR": 157.86,
      "V_required": 0.0,
      "capacity": 433.12447052559156,
      "provided": 3.900296350159784,
      "V_model": 157.90817556928164
    },
    {
      "R": 4.9,
      "V_obs": 195.0,
      "V_GR": 175.79,
      "V_required": 84.39713206027798,
      "capacity": 491.73658992855303,
      "provided": 9.082956614526156,
      "V_model": 176.02449886553111
    },
    {
      "R": 5.79,
      "V_obs": 227.0,
      "V_GR": 199.19,
      "V_required": 108.8684706423306,
      "capacity": 523.1510869574487,
      "provided": 11.716601872535788,
      "V_model": 199.53429494560456
    },
    {
      "R": 6.69,
      "V_obs": 246.0,
      "V_GR": 217.87,
      "V_required": 114.23074498575241,
      "capacity": 522.2951606392734,
      "provided": 12.293698558495457,
      "V_model": 218.2165711495054
    },
    {
      "R": 7.58,
      "V_obs": 268.0,
      "V_GR": 228.65,
      "V_required": 139.79691520201723,
      "capacity": 513.0811537532155,
      "provided": 15.045171377596358,
      "V_model": 229.14445156228692
    },
    {
      "R": 8.47,
      "V_obs": 283.0,
      "V_GR": 241.76,
      "V_required": 147.1091513128942,
      "capacity": 517.5682194409192,
      "provided": 15.832126120357414,
      "V_model": 242.2778442563226
    },
    {
      "R": 10.23,
      "V_obs": 291.0,
      "V_GR": 260.94,
      "V_required": 128.8072839555279,
      "capacity": 496.32024598061236,
      "provided": 31.4156164548854,
      "V_model": 262.8243226134911
    },
    {
      "R": 12.06,
      "V_obs": 310.0,
      "V_GR": 275.0400029086679,
      "V_required": 143.0139741423892,
      "capacity": 402.37026510719386,
      "provided": 34.88057523903235,
      "V_model": 277.24295794303924
    },
    {
      "R": 13.44,
      "V_obs": 310.0,
      "V_GR": 277.98028779033956,
      "V_required": 137.2113683336771,
      "capacity": 363.71734142462236,
      "provided": 33.465341310271555,
      "V_model": 279.9874451989106
    },
    {
      "R": 15.18,
      "V_obs": 310.0,
      "V_GR": 282.2671334038024,
      "V_required": 128.16109159959592,
      "capacity": 321.24366210000505,
      "provided": 58.580243386267576,
      "V_model": 288.2817710421426
    },
    {
      "R": 16.83,
      "V_obs": 314.0,
      "V_GR": 283.7363587910439,
      "V_required": 134.4978761914105,
      "capacity": 256.85365335466474,
      "provided": 61.47667926272371,
      "V_model": 290.32000171047775
    },
    {
      "R": 18.56,
      "V_obs": 317.0,
      "V_GR": 277.4176075882712,
      "V_required": 153.38993122105492,
      "capacity": 203.09566793711835,
      "provided": 41.96608075334537,
      "V_model": 280.5738422123423
    },
    {
      "R": 20.3,
      "V_obs": 319.0,
      "V_GR": 274.1903712751416,
      "V_required": 163.03570253168476,
      "capacity": 194.1017142990359,
      "provided": 44.605075467847406,
      "V_model": 277.79483878843456
    },
    {
      "R": 21.94,