{
  "galaxy": "F561-1",
  "alpha": 2.8271,
  "gamma": 0.8579,
  "alpha_eff": 2.8271,
  "gamma_eff": 0.8579,
  "alpha_scaling": "constant",
  "gamma_scaling": "constant",
  "shell_mode": "gravity_adaptive",
  "shell_parameters": {
    "R_coh": 28.98,
    "R_stop": 38.64,
    "r_factor": 4.0,
    "n_shell_min": 8,
    "n_shell_max": 40,
    "g_floor": 1e-05,
    "coh_radius_factor": 3.0,
    "spillover_mode": "hybrid",
    "spill_weights": [
      0.00454042877094019,
      0.006267084815991815,
      0.008112344398594066,
      0.009992390668044191,
      0.011935009971208027,
      0.013596616558178605,
      0.014861527939900332,
      0.015019394410077191,
      0.013465786149692514,
      0.01488192855820101,
      0.01640339825714156,
      0.017896218783948526,
      0.019353528969321014,
      0.020769198904957244,
      0.02213771457988413,
      0.02345410121297555,
      0.02471387430165471,
      0.025913009683545537,
      0.027047925974862094,
      0.02811547449650399,
      0.02911293319957172,
      0.030038002180902367,
      0.030888799184614336,
      0.03166385407184693,
      0.03236210165849399,
      0.032982872612525416,
      0.03352588230251755,
      0.03399121762328191,
      0.034379321912278334,
      0.031902609874192384,
      0.03243182650452357,
      0.032924444384640525,
      0.033376246465835376,
      0.0337829213767632,
      0.034140095290718514,
      0.03444336890662664,
      0.03468835970301437,
      0.034870749537240855,
      0.03498633755530858,
      0.03503109824948116
    ]
  },
  "budget_factor": 1.0,
  "spillover_mode": "hybrid",
  "spillover_params": {
    "alpha": 0.4,
    "beta": 1.0,
    "gamma": 0.8,
    "delta": 1.8,
    "gcut": 1e-05
  },
  "shell_profile": {
    "centers": [
      2.081896551724138,
      3.025689655172414,
      3.96948275862069,
      4.913275862068966,
      5.857068965517241,
      6.800862068965518,
      7.744655172413793,
      8.688448275862068,
      9.632241379310345,
      10.57603448275862,
      11.519827586206898,
      12.463620689655173,
      13.407413793103448,
      14.351206896551725,
      15.295000000000002,
      16.238793103448277,
      17.182586206896552,
      18.12637931034483,
      19.070172413793102,
      20.01396551724138,
      20.957758620689656,
      21.90155172413793,
      22.84534482758621,
      23.78913793103448,
      24.73293103448276,
      25.676724137931036,
      26.62051724137931,
      27.56431034482759,
      28.50810344827586,
      29.36395463033711,
      30.142037883982844,
      30.94073871306164,
      31.76060344011,
      32.60219286406659,
      33.46608264386657,
      34.35286369220039,
      35.26314257970624,
      36.19754194987297,
      37.15670094493684,
      38.14127564306381
    ],
    "mass": [
      454.37697809428136,
      406.45673738208023,
      402.74873254113606,
      409.30052529646576,
      424.39853964046176,
      419.0241435139757,
      393.17733691700715,
      316.51502783707053,
      195.90863796743662,
      210.09916822375806,
      228.8481753618366,
      247.5971824999143,
      266.34618963799295,
      285.0951967760706,
      303.8442039141493,
      322.59321105222756,
      341.342218190305,
      360.09122532838325,
      378.84023246646126,
      397.58923960453944,
      416.33824674261916,
      435.08725388069576,
      453.836261018774,
      472.58526815685207,
      491.3342752949302,
      510.08328243301025,
      528.8322895710864,
      547.5812967091647,
      566.3303038472428,
      474.6233767308953,
      500.1096777124776,
      526.9645407362362,
      555.2614547743292,
      585.0778550058595,
      616.4953347200757,
      649.5998685983651,
      684.4820479860037,
      721.2373287975315,
      759.9662927341482,
      800.7749225279186
    ]
  },
  "scaling_params": {
    "mass_ref": 60000000000.0,
    "sigma_ref": 30.0,
    "alpha_beta": 0.0,
    "gamma_beta": 0.0,
    "alpha_min": 0.01,
    "alpha_max": 100.0,
    "gamma_min": -5.0,
    "gamma_max": 5.0
  },
  "force_match": false,
  "rms_velocity": 4.423937715895805,
  "n_points": 6,
  "data": [
    {
      "R": 1.61,
      "V_obs": 23.4,
      "V_GR": 29.080512375128468,
      "V_required": 0.0,
      "capacity": 42.15516504519204,
      "provided": 0.15912499228672566,
      "V_model": 29.080947728077405
    },
    {
      "R": 3.23,
      "V_obs": 40.6,
      "V_GR": 39.03820308364615,
      "V_required": 11.15251989462472,
      "capacity": 33.88230416018309,
      "provided": 0.2196378080827049,
      "V_model": 39.03882094488433
    },
    {
      "R": 4.84,
      "V_obs": 45.5,
      "V_GR": 42.138036261790845,
      "V_required": 17.16496140397641,
      "capacity": 34.188981374797635,
      "provided": 0.35019580048366905,
      "V_model": 42.13949141955413
    },
    {
      "R": 6.45,
      "V_obs": 49.2,
      "V_GR": 48.7377030644654,
      "V_required": 6.728766603174793,
      "capacity": 33.39214164129421,
      "provided": 0.47651039452331867,
      "V_model": 48.740032439013504
    },
    {
      "R": 8.06,
      "V_obs": 50.4,
      "V_GR": 55.03300191703157,
      "V_required": 0.0,
      "capacity": 28.236245429314312,
      "provided": 0.5208407923809163,
      "V_model": 55.03546652051755
    },
    {
      "R": 9.66,
      "V_obs": 50.4,
      "V_GR": 57.449640555881636,
      "V_required": 0.0,
      "capacity": 13.436631675309856,
      "provided": 0.47192527959442454,
      "V_model": 57.451578859675564
    }
  ]
}