{
  "galaxy": "F565-V2",
  "alpha": 2.8271,
  "gamma": 0.8579,
  "alpha_eff": 2.8271,
  "gamma_eff": 0.8579,
  "alpha_scaling": "constant",
  "gamma_scaling": "constant",
  "shell_mode": "gravity_adaptive",
  "shell_parameters": {
    "R_coh": 26.400000000000002,
    "R_stop": 35.2,
    "r_factor": 4.0,
    "n_shell_min": 8,
    "n_shell_max": 40,
    "g_floor": 1e-05,
    "coh_radius_factor": 3.0,
    "spillover_mode": "hybrid",
    "spill_weights": [
      0.011055498993112815,
      0.015274765086532787,
      0.020568015513812165,
      0.023492356899997926,
      0.02278494303642857,
      0.027321457304083425,
      0.02753618247456418,
      0.0231979469546573,
      0.01932483801386206,
      0.019165601468906383,
      0.020533240560822737,
      0.021766489772510562,
      0.022871277029327442,
      0.023854822506997286,
      0.02472487550569165,
      0.025489200460374662,
      0.0261552535828642,
      0.026729998897947232,
      0.027219821950598116,
      0.027630508943880975,
      0.02796726739752151,
      0.028234771205517324,
      0.028437218227973002,
      0.028578392472269263,
      0.02866172575485682,
      0.028690355734269986,
      0.028667178581153887,
      0.028594895473136865,
      0.02847605270254355,
      0.025958509373112105,
      0.026086725989349895,
      0.026184824805922473,
      0.02625088331068591,
      0.02628296716435356,
      0.026279147466925192,
      0.026237520678528102,
      0.026156231257935727,
      0.02603349703151652,
      0.02586763724415845,
      0.025657103171297355
    ]
  },
  "budget_factor": 1.0,
  "spillover_mode": "hybrid",
  "spillover_params": {
    "alpha": 0.4,
    "beta": 1.0,
    "gamma": 0.8,
    "delta": 1.8,
    "gcut": 1e-05
  },
  "shell_profile": {
    "centers": [
      1.6934482758620688,
      2.560344827586207,
      3.427241379310345,
      4.2941379310344825,
      5.1610344827586205,
      6.027931034482759,
      6.894827586206896,
      7.761724137931035,
      8.628620689655172,
      9.49551724137931,
      10.362413793103448,
      11.229310344827585,
      12.096206896551724,
      12.963103448275863,
      13.83,
      14.696896551724137,
      15.563793103448276,
      16.430689655172415,
      17.297586206896554,
      18.164482758620693,
      19.03137931034483,
      19.898275862068967,
      20.765172413793106,
      21.63206896551724,
      22.49896551724138,
      23.36586206896552,
      24.23275862068966,
      25.099655172413794,
      25.966551724137933,
      26.749772334054512,
      27.4585852359264,
      28.18618019409342,
      28.933054893681984,
      29.699720207431255,
      30.486700545137246,
      31.294534212356456,
      32.12377377861438,
      32.974986455370825,
      33.84875448400044,
      34.74567553405399
    ],
    "mass": [
      94.00019817428974,
      78.42323333994948,
      83.5687942259439,
      70.60722465511603,
      44.91991863143688,
      52.01330063150255,
      41.529155406078836,
      22.46483730527343,
      12.362895149178483,
      10.861381422589815,
      11.852975020163678,
      12.84456861773749,
      13.836162215311356,
      14.827755812885169,
      15.81934941045904,
      16.810943008032844,
      17.802536605606686,
      18.7941302031806,
      19.785723800754404,
      20.77731739832816,
      21.768910995902086,
      22.76050459347593,
      23.752098191049768,
      24.743691788623504,
      25.735285386197443,
      26.726878983771286,
      27.71847258134502,
      28.71006617891897,
      29.70165977649281,
      24.690773981859895,
      26.01661785728,
      27.413656827000565,
      28.885713921429826,
      30.436817459860908,
      32.07121207406311,
      33.79337032381817,
      35.60800493618595,
      37.52008170199578,
      39.53483306484871,
      41.65777243982769
    ]
  },
  "scaling_params": {
    "mass_ref": 60000000000.0,
    "sigma_ref": 30.0,
    "alpha_beta": 0.0,
    "gamma_beta": 0.0,
    "alpha_min": 0.01,
    "alpha_max": 100.0,
    "gamma_min": -5.0,
    "gamma_max": 5.0
  },
  "force_match": false,
  "rms_velocity": 36.6725492288806,
  "n_points": 7,
  "data": [
    {
      "R": 1.26,
      "V_obs": 21.7,
      "V_GR": 12.745587471748802,
      "V_required": 17.56245996436718,
      "capacity": 10.820946549140995,
      "provided": 4.238206823988193,
      "V_model": 13.43176820388515
    },
    {
      "R": 2.51,
      "V_obs": 40.3,
      "V_GR": 20.2820832263355,
      "V_required": 34.82423150623715,
      "capacity": 8.78076970291928,
      "provided": 5.85569350283412,
      "V_model": 21.110472434295108
    },
    {
      "R": 3.78,
      "V_obs": 57.7,
      "V_GR": 24.17198791990431,
      "V_required": 52.392795306225075,
      "capacity": 8.692347866301883,
      "provided": 7.88489997247872,
      "V_model": 25.425511746590175
    },
    {
      "R": 5.03,
      "V_obs": 68.5,
      "V_GR": 25.94479716629136,
      "V_required": 63.396510156316964,
      "capacity": 4.362098653706003,
      "provided": 8.734775438117433,
      "V_model": 27.375697287089142
    },
    {
      "R": 6.29,
      "V_obs": 73.5,
      "V_GR": 29.644866334662396,
      "V_required": 67.25646362989954,
      "capacity": 5.112484676489196,
      "provided": 10.47388153710692,
      "V_model": 31.440742587498615
    },
    {
      "R": 7.54,
      "V_obs": 78.5,
      "V_GR": 32.127072695781045,
      "V_required": 71.62472478132115,
      "capacity": 2.212525915911153,
      "provided": 8.893103526760136,
      "V_model": 33.33520796901789
    },
    {
      "R": 8.8,
      "V_obs": 83.1,
      "V_GR": 32.922553060174415,
      "V_required": 76.30016710335568,
      "capacity": 0.8584243592093818,
      "provided": 7.408318737475269,
      "V_model": 33.745780277184686
    }
  ]
}