{
  "galaxy": "F568-V1",
  "alpha": 2.8271,
  "gamma": 0.8579,
  "alpha_eff": 2.8271,
  "gamma_eff": 0.8579,
  "alpha_scaling": "constant",
  "gamma_scaling": "constant",
  "shell_mode": "gravity_adaptive",
  "shell_parameters": {
    "R_coh": 52.89,
    "R_stop": 70.52,
    "r_factor": 4.0,
    "n_shell_min": 8,
    "n_shell_max": 40,
    "g_floor": 1e-05,
    "coh_radius_factor": 3.0,
    "spillover_mode": "hybrid",
    "spill_weights": [
      0.029997331108132134,
      0.07288106946639514,
      0.10421614087268476,
      0.12896227566232502,
      0.13426675457856607,
      0.1347734746254093,
      0.12766313271545168,
      0.12806569297061457,
      0.11173344179638141,
      0.02744068620403987,
      0.0,
      0.0,
      0.0,
      0.0,
      0.0,
      0.0,
      0.0,
      0.0,
      0.0,
      0.0,
      0.0,
      0.0,
      0.0,
      0.0,
      0.0,
      0.0,
      0.0,
      0.0,
      0.0,
      0.0,
      0.0,
      0.0,
      0.0,
      0.0,
      0.0,
      0.0,
      0.0,
      0.0,
      0.0,
      0.0
    ]
  },
  "budget_factor": 1.0,
  "spillover_mode": "hybrid",
  "spillover_params": {
    "alpha": 0.4,
    "beta": 1.0,
    "gamma": 0.8,
    "delta": 1.8,
    "gcut": 1e-05
  },
  "shell_profile": {
    "centers": [
      1.2951724137931035,
      3.10551724137931,
      4.915862068965517,
      6.726206896551724,
      8.536551724137931,
      10.34689655172414,
      12.157241379310346,
      13.967586206896552,
      15.777931034482759,
      17.588275862068965,
      19.39862068965517,
      21.20896551724138,
      23.019310344827588,
      24.829655172413794,
      26.64,
      28.450344827586207,
      30.260689655172413,
      32.07103448275862,
      33.881379310344826,
      35.69172413793103,
      37.50206896551724,
      39.312413793103445,
      41.12275862068965,
      42.93310344827586,
      44.74344827586207,
      46.55379310344828,
      48.364137931034485,
      50.17448275862069,
      51.9848275862069,
      53.59073707379329,
      55.0107792851571,
      56.468449638848526,
      57.96474520177425,
      59.50068946102421,
      61.077333023951105,
      62.69575433680049,
      64.35706042238313,
      66.06238763729405,
      67.81290244919632,
      69.60980223470133
    ],
    "mass": [
      836.9799372616482,
      885.8111054685758,
      708.99190866848,
      573.315250071482,
      366.89635959932207,
      242.72497050833067,
      151.61966119670532,
      116.57433854809047,
      66.5918984726254,
      1.6723409703100942,
      0.0,
      0.0,
      0.0,
      0.0,
      0.0,
      0.0,
      0.0,
      0.0,
      0.0,
      0.0,
      0.0,
      0.0,
      0.0,
      0.0,
      0.0,
      0.0,
      0.0,
      0.0,
      0.0,
      0.0,
      0.0,
      0.0,
      0.0,
      0.0,
      0.0,
      0.0,
      0.0,
      0.0,
      0.0,
      0.0
    ]
  },
  "scaling_params": {
    "mass_ref": 60000000000.0,
    "sigma_ref": 30.0,
    "alpha_beta": 0.0,
    "gamma_beta": 0.0,
    "alpha_min": 0.01,
    "alpha_max": 100.0,
    "gamma_min": -5.0,
    "gamma_max": 5.0
  },
  "force_match": false,
  "rms_velocity": 36.67065629287113,
  "n_points": 15,
  "data": [
    {
      "R": 0.39,
      "V_obs": 17.4,
      "V_GR": 12.30018699044856,
      "V_required": 12.307128015910125,
      "capacity": 29.238367004286662,
      "provided": 4.330761443362377,
      "V_model": 13.040325712163567
    },
    {
      "R": 1.18,
      "V_obs": 46.3,
      "V_GR": 29.12108686158537,
      "V_required": 35.99517050938917,
      "capacity": 46.00710160350041,
      "provided": 12.66635858404932,
      "V_model": 31.75648500353463
    },
    {
      "R": 1.95,
      "V_obs": 69.1,
      "V_GR": 34.879296151155344,
      "V_required": 59.6510242996715,
      "capacity": 39.79218462354562,
      "provided": 20.990628825841902,
      "V_model": 40.70837504131386
    },
    {
      "R": 2.74,
      "V_obs": 85.2,
      "V_GR": 37.08001213592034,
      "V_required": 76.70797025081553,
      "capacity": 42.22132037972002,
      "provided": 44.18783912754314,
      "V_model": 57.6844210056895
    },
    {
      "R": 3.53,
      "V_obs": 93.2,
      "V_GR": 41.37856449902534,
      "V_required": 83.51080409144676,
      "capacity": 43.77092453345548,
      "provided": 48.106630439297646,
      "V_model": 63.45418419791684
    },
    {
      "R": 4.3,
      "V_obs": 100.0,
      "V_GR": 44.97301968958722,
      "V_required": 89.31644585405311,
      "capacity": 38.275005757819194,
      "provided": 63.09280264806479,
      "V_model": 77.48079920849842
    },
    {
      "R": 5.09,
      "V_obs": 108.0,
      "V_GR": 46.422288827674144,
      "V_required": 97.51395336053196,
      "capacity": 30.28758946097638,
      "provided": 68.88349123141296,
      "V_model": 83.06602352483323
    },
    {
      "R": 5.87,
      "V_obs": 112.0,
      "V_GR": 46.55347570267981,
      "V_required": 101.86645129776535,
      "capacity": 27.725686160639025,
      "provided": 54.28405073934397,
      "V_model": 71.51212669660768
    },
    {
      "R": 6.4,
      "V_obs": 113.0,
      "V_GR": 47.139547091587545,
      "V_required": 102.69792159532733,
      "capacity": 25.716707685711686,
      "provided": 54.72713651730217,
      "V_model": 72.23016247651273
    },
    {
      "R": 7.44,
      "V_obs": 113.0,
      "V_GR": 48.83667883875806,
      "V_required": 101.90180960120385,
      "capacity": 22.37492532042249,
      "provided": 54.30289297752405,
      "V_model": 73.03304310877667
    },
    {
      "R": 8.21,
      "V_obs": 112.0,
      "V_GR": 50.11723256525644,
      "V_required": 100.1611850968228,
      "capacity": 16.864576901531382,
      "provided": 85.4909953625726,
      "V_model": 99.09816995325096
    },
    {
      "R": 9.0,
      "V_obs": 111.0,
      "V_GR": 50.10559350012731,
      "V_required": 99.04761228823237,
      "capacity": 12.652520879889604,
      "provided": 84.5405229043737,
      "V_model": 98.27344764963186
    },
    {
      "R": 9.72,
      "V_obs": 111.0,
      "V_GR": 50.89229902450861,
      "V_required": 98.64569884186538,
      "capacity": 10.948593784710178,
      "provided": 170.67321381676044,
      "V_model": 178.0993318756183
    },
    {
      "R": 11.79,
      "V_obs": 113.0,
      "V_GR": 53.23425400998872,
      "V_required": 99.67504301478881,
      "capacity": 6.072929247087309,
      "provided": 161.66888333940642,
      "V_model": 170.20785422597456
    },
    {
      "R": 17.63,
      "V_obs": 118.0,
      "V_GR": 48.939710869599544,
      "V_required": 107.37273722877703,
      "capacity": 0.0,
      "provided": 34.75008800357626,
      "V_model": 60.02219519691274
    }
  ]
}