{
  "galaxy": "F568-3",
  "alpha": 2.8271,
  "gamma": 0.8579,
  "alpha_eff": 2.8271,
  "gamma_eff": 0.8579,
  "alpha_scaling": "constant",
  "gamma_scaling": "constant",
  "shell_mode": "gravity_adaptive",
  "shell_parameters": {
    "R_coh": 53.94,
    "R_stop": 71.92,
    "r_factor": 4.0,
    "n_shell_min": 8,
    "n_shell_max": 40,
    "g_floor": 1e-05,
    "coh_radius_factor": 3.0,
    "spillover_mode": "hybrid",
    "spill_weights": [
      0.002150603968075539,
      0.0053236582521646635,
      0.007877079451915316,
      0.010117637652940372,
      0.011583038908630354,
      0.012946383953861598,
      0.013529064621595957,
      0.014114428973265177,
      0.014716055926734029,
      0.014646805823030554,
      0.0163256713076122,
      0.01796225708193553,
      0.019548473253364923,
      0.021077716585967313,
      0.022544527210278054,
      0.023944333044528074,
      0.02527326633648724,
      0.026528036884047517,
      0.027705847939960594,
      0.028804342925736828,
      0.02982157337909064,
      0.03075598072833531,
      0.031606386368946617,
      0.032371986060220195,
      0.03305234587328243,
      0.03364739784568174,
      0.03415743418287784,
      0.03458309934305905,
      0.034925379692922025,
      0.03176349250315654,
      0.03224237519534291,
      0.0326845730127071,
      0.03308613923293812,
      0.033443045023724194,
      0.03375120966269827,
      0.03400653559688617,
      0.03420494849009506,
      0.034342442323297175,
      0.034415129510711476,
      0.034419295871895274
    ]
  },
  "budget_factor": 1.0,
  "spillover_mode": "hybrid",
  "spillover_params": {
    "alpha": 0.4,
    "beta": 1.0,
    "gamma": 0.8,
    "delta": 1.8,
    "gcut": 1e-05
  },
  "shell_profile": {
    "centers": [
      1.5589655172413794,
      3.396896551724138,
      5.234827586206896,
      7.072758620689655,
      8.910689655172414,
      10.748620689655173,
      12.58655172413793,
      14.424482758620691,
      16.26241379310345,
      18.100344827586206,
      19.938275862068966,
      21.776206896551724,
      23.614137931034485,
      25.452068965517242,
      27.29,
      29.12793103448276,
      30.965862068965517,
      32.80379310344827,
      34.641724137931035,
      36.4796551724138,
      38.31758620689655,
      40.155517241379314,
      41.993448275862065,
      43.83137931034483,
      45.669310344827586,
      47.507241379310344,
      49.34517241379311,
      51.18310344827586,
      53.02103448275862,
      54.65464847344319,
      56.10288210704053,
      57.58949089656815,
      59.115491703227505,
      60.68192833291067,
      62.28987225017815,
      63.94042331115557,
      65.63471051585074,
      67.37389278040538,
      69.15915972980997,
      70.99173251162394
    ],
    "mass": [
      902.1999861096692,
      1265.9992132882903,
      1172.875156170824,
      1065.4286420582298,
      869.8172356667359,
      749.5674875628607,
      591.6249810447479,
      493.48326167758984,
      430.3357367586189,
      346.97965923218686,
      382.21239596243623,
      417.44513269268623,
      452.6778694229371,
      487.91060615318617,
      523.1433428834372,
      558.3760796136862,
      593.6088163439362,
      628.841553074186,
      664.0742898044388,
      699.3070265346862,
      734.5397632649361,
      769.7724999951863,
      805.0052367254359,
      840.2379734556862,
      875.4707101859397,
      910.703446916186,
      945.9361836464361,
      981.1689203766861,
      1016.4016571069361,
      814.7746863940321,
      858.5264144118204,
      904.6275204067352,
      953.2041611531462,
      1004.3892677852224,
      1058.3229095661152,
      1115.1526771908918,
      1175.034086671945,
      1238.131004912277,
      1304.6160981311664,
      1374.671304369451
    ]
  },
  "scaling_params": {
    "mass_ref": 60000000000.0,
    "sigma_ref": 30.0,
    "alpha_beta": 0.0,
    "gamma_beta": 0.0,
    "alpha_min": 0.01,
    "alpha_max": 100.0,
    "gamma_min": -5.0,
    "gamma_max": 5.0
  },
  "force_match": false,
  "rms_velocity": 33.043523532632435,
  "n_points": 18,
  "data": [
    {
      "R": 0.64,
      "V_obs": 12.4,
      "V_GR": 13.611245350811954,
      "V_required": 0.0,
      "capacity": 33.47586372017065,
      "provided": 0.0,
      "V_model": 13.611245350811954
    },
    {
      "R": 1.18,
      "V_obs": 21.9,
      "V_GR": 21.226667190117247,
      "V_required": 5.388747535374052,
      "capacity": 46.9905013736829,
      "provided": 0.2690028865760695,
      "V_model": 21.228371641578782
    },
    {
      "R": 1.8,
      "V_obs": 32.3,
      "V_GR": 27.76613765002255,
      "V_required": 16.502472542016243,
      "capacity": 55.66801356214351,
      "provided": 0.8237930465852777,
      "V_model": 27.77835551258573
    },
    {
      "R": 2.03,
      "V_obs": 37.9,
      "V_GR": 29.79981879139536,
      "V_required": 23.417531893861057,
      "capacity": 58.767119319048305,
      "provided": 1.1689884587436947,
      "V_model": 29.822738539857067
    },
    {
      "R": 2.78,
      "V_obs": 53.1,
      "V_GR": 36.42926845271532,
      "V_required": 38.63312568250206,
      "capacity": 65.65958507797481,
      "provided": 1.058725892765979,
      "V_model": 36.444649820186406
    },
    {
      "R": 3.0,
      "V_obs": 62.4,
      "V_GR": 38.11444345651658,
      "V_required": 49.40697521605628,
      "capacity": 66.13795354552119,
      "provided": 1.3539790793623936,
      "V_model": 38.13848527861786
    },
    {
      "R": 3.64,
      "V_obs": 68.0,
      "V_GR": 42.50319517401015,
      "V_required": 53.07992464199624,
      "capacity": 66.33918835489462,
      "provided": 1.4546348402247318,
      "V_model": 42.528079694695776
    },
    {
      "R": 4.19,
      "V_obs": 78.0,
      "V_GR": 45.735798888835426,
      "V_required": 63.184149119854425,
      "capacity": 62.46486077744695,
      "provided": 1.7315372107174585,
      "V_model": 45.768564770070064
    },
    {
      "R": 4.6,
      "V_obs": 82.3,
      "V_GR": 46.93404414707942,
      "V_required": 67.60536591129436,
      "capacity": 56.311367543024886,
      "provided": 2.683609751301112,
      "V_model": 47.01070368859924
    },
    {
      "R": 5.14,
      "V_obs": 85.7,
      "V_GR": 48.025644191410905,
      "V_required": 70.97906381462072,
      "capacity": 57.453231390026126,
      "provided": 2.81752942571261,
      "V_model": 48.108221460211524
    },
    {
      "R": 5.39,
      "V_obs": 85.5,
      "V_GR": 48.93230630166536,
      "V_required": 70.11333254096542,
      "capacity": 58.353143613772104,
      "provided": 2.783164033902793,
      "V_model": 49.011392573968045
    },
    {
      "R": 6.31,
      "V_obs": 89.5,
      "V_GR": 52.515719551387654,
      "V_required": 72.47309293800011,
      "capacity": 52.065883679133805,
      "provided": 10.64069222696027,
      "V_model": 53.582880951558515
    },
    {
      "R": 9.1,
      "V_obs": 95.2,
      "V_GR": 57.83659913929933,
      "V_required": 75.6172453875437,
      "capacity": 37.489859732830524,
      "provided": 12.181850774604701,
      "V_model": 59.105580855742694
    },
    {
      "R": 10.17,
      "V_obs": 97.5,
      "V_GR": 59.992083644427616,
      "V_required": 76.85831054609514,
      "capacity": 34.74088809659588,
      "provided": 13.61567708100943,
      "V_model": 61.51777598689931
    },
    {
      "R": 11.99,
      "V_obs": 101.0,
      "V_GR": 61.64088253748481,
      "V_required": 80.00875952044251,
      "capacity": 26.05421569938063,
      "provided": 14.228480767466728,
      "V_model": 63.26174250643252
    },
    {
      "R": 14.02,
      "V_obs": 107.0,
      "V_GR": 61.95728367189769,
      "V_required": 87.23700476288718,
      "capacity": 20.357558736534525,
      "provided": 14.844106877078998,
      "V_model": 63.71069383532206
    },
    {
      "R": 15.94,
      "V_obs": 117.0,
      "V_GR": 62.64542281763289,
      "V_required": 98.81574267291624,
      "capacity": 17.26695145863828,