{
  "galaxy": "F571-8",
  "alpha": 2.8271,
  "gamma": 0.8579,
  "alpha_eff": 2.8271,
  "gamma_eff": 0.8579,
  "alpha_scaling": "constant",
  "gamma_scaling": "constant",
  "shell_mode": "gravity_adaptive",
  "shell_parameters": {
    "R_coh": 46.650000000000006,
    "R_stop": 62.2,
    "r_factor": 4.0,
    "n_shell_min": 8,
    "n_shell_max": 40,
    "g_floor": 1e-05,
    "coh_radius_factor": 3.0,
    "spillover_mode": "hybrid",
    "spill_weights": [
      0.05012736767569884,
      0.0926094027695028,
      0.08999147558844332,
      0.09306418452156635,
      0.1187102991999417,
      0.12687055535719555,
      0.13165236513340897,
      0.13216277555529612,
      0.1183037730135329,
      0.04650780118541345,
      0.0,
      0.0,
      0.0,
      0.0,
      0.0,
      0.0,
      0.0,
      0.0,
      0.0,
      0.0,
      0.0,
      0.0,
      0.0,
      0.0,
      0.0,
      0.0,
      0.0,
      0.0,
      0.0,
      0.0,
      0.0,
      0.0,
      0.0,
      0.0,
      0.0,
      0.0,
      0.0,
      0.0,
      0.0,
      0.0
    ]
  },
  "budget_factor": 1.0,
  "spillover_mode": "hybrid",
  "spillover_params": {
    "alpha": 0.4,
    "beta": 1.0,
    "gamma": 0.8,
    "delta": 1.8,
    "gcut": 1e-05
  },
  "shell_profile": {
    "centers": [
      1.0205172413793104,
      2.6215517241379316,
      4.222586206896552,
      5.823620689655173,
      7.424655172413795,
      9.025689655172416,
      10.626724137931037,
      12.227758620689658,
      13.828793103448279,
      15.429827586206898,
      17.03086206896552,
      18.63189655172414,
      20.23293103448276,
      21.83396551724138,
      23.435000000000002,
      25.036034482758623,
      26.637068965517244,
      28.238103448275865,
      29.839137931034486,
      31.440172413793107,
      33.04120689655173,
      34.64224137931035,
      36.24327586206897,
      37.84431034482759,
      39.44534482758621,
      41.04637931034483,
      42.64741379310345,
      44.248448275862074,
      45.849482758620695,
      47.26806361301678,
      48.52056822939269,
      49.80626159297191,
      51.126023135994885,
      52.4807555938132,
      53.87138562237322,
      55.298864432061706,
      56.76416843834701,
      58.268299929660955,
      59.81228775297805,
      61.39718801756131
    ],
    "mass": [
      5885.452863262048,
      2606.9281072274234,
      749.2647828831434,
      373.22776321726303,
      384.4855737933077,
      288.2716181031468,
      218.65537032376562,
      162.54433936841806,
      95.23819725265624,
      7.4192442245913846,
      0.0,
      0.0,
      0.0,
      0.0,
      0.0,
      0.0,
      0.0,
      0.0,
      0.0,
      0.0,
      0.0,
      0.0,
      0.0,
      0.0,
      0.0,
      0.0,
      0.0,
      0.0,
      0.0,
      0.0,
      0.0,
      0.0,
      0.0,
      0.0,
      0.0,
      0.0,
      0.0,
      0.0,
      0.0,
      0.0
    ]
  },
  "scaling_params": {
    "mass_ref": 60000000000.0,
    "sigma_ref": 30.0,
    "alpha_beta": 0.0,
    "gamma_beta": 0.0,
    "alpha_min": 0.01,
    "alpha_max": 100.0,
    "gamma_min": -5.0,
    "gamma_max": 5.0
  },
  "force_match": false,
  "rms_velocity": 38.43645423129474,
  "n_points": 13,
  "data": [
    {
      "R": 0.22,
      "V_obs": 12.4,
      "V_GR": 38.3010508994205,
      "V_required": 0.0,
      "capacity": 409.5261218050348,
      "provided": 11.226876434773992,
      "V_model": 39.91257013124667
    },
    {
      "R": 0.78,
      "V_obs": 37.5,
      "V_GR": 85.73158694436958,
      "V_required": 0.0,
      "capacity": 463.2893592651109,
      "provided": 11.226876434773992,
      "V_model": 86.46356316091585
    },
    {
      "R": 1.33,
      "V_obs": 56.5,
      "V_GR": 104.07309931005226,
      "V_required": 0.0,
      "capacity": 418.30367832683135,
      "provided": 11.226876434773992,
      "V_model": 104.67689694713768
    },
    {
      "R": 2.33,
      "V_obs": 69.1,
      "V_GR": 114.57450894505287,
      "V_required": 0.0,
      "capacity": 203.1487039390736,
      "provided": 62.22435187408408,
      "V_model": 130.38093444269307
    },
    {
      "R": 3.44,
      "V_obs": 85.5,
      "V_GR": 107.55394228014146,
      "V_required": 0.0,
      "capacity": 83.96033579228279,
      "provided": 0.0,
      "V_model": 107.55394228014146
    },
    {
      "R": 3.78,
      "V_obs": 87.1,
      "V_GR": 103.95592383313227,
      "V_required": 0.0,
      "capacity": 63.2305780338775,
      "provided": 0.0,
      "V_model": 103.95592383313227
    },
    {
      "R": 4.77,
      "V_obs": 105.0,
      "V_GR": 92.41437821031963,
      "V_required": 49.845588571106276,
      "capacity": 26.154769933277816,
      "provided": 60.46536393956067,
      "V_model": 110.43766357698591
    },
    {
      "R": 5.44,
      "V_obs": 112.0,
      "V_GR": 86.89113015722607,
      "V_required": 70.66775431552921,
      "capacity": 22.77160534267428,
      "provided": 28.92865137254016,
      "V_model": 91.58021276582608
    },
    {
      "R": 6.11,
      "V_obs": 116.0,
      "V_GR": 81.96657184486857,
      "V_required": 82.08216066844244,
      "capacity": 23.29382827521972,
      "provided": 33.601268823118644,
      "V_model": 88.5864784632705
    },
    {
      "R": 7.22,
      "V_obs": 124.0,
      "V_GR": 76.94565484808093,
      "V_required": 97.23870731349733,
      "capacity": 23.36635508016358,
      "provided": 79.76157072170946,
      "V_model": 110.82663021130915
    },
    {
      "R": 9.33,
      "V_obs": 135.0,
      "V_GR": 69.3732001568329,
      "V_required": 115.81173990576258,
      "capacity": 14.856235948017849,
      "provided": 85.24445513006067,
      "V_model": 109.90567788072156
    },
    {
      "R": 11.1,
      "V_obs": 140.0,
      "V_GR": 65.31475790355499,
      "V_required": 123.83045828874252,
      "capacity": 10.72083743293047,
      "provided": 88.45735798022379,
      "V_model": 109.9578181888012
    },
    {
      "R": 15.55,
      "V_obs": 144.0,
      "V_GR": 56.566096736472815,
      "V_required": 132.42460760749867,
      "capacity": 0.0,
      "provided": 31.24863889959246,
      "V_model": 64.62353080014373
    }
  ]
}