{
  "galaxy": "F579-V1",
  "alpha": 2.8271,
  "gamma": 0.8579,
  "alpha_eff": 2.8271,
  "gamma_eff": 0.8579,
  "alpha_scaling": "constant",
  "gamma_scaling": "constant",
  "shell_mode": "gravity_adaptive",
  "shell_parameters": {
    "R_coh": 45.480000000000004,
    "R_stop": 60.64,
    "r_factor": 4.0,
    "n_shell_min": 8,
    "n_shell_max": 40,
    "g_floor": 1e-05,
    "coh_radius_factor": 3.0,
    "spillover_mode": "hybrid",
    "spill_weights": [
      0.0024504199001131634,
      0.005898931114280521,
      0.009700183638493938,
      0.012809499160370814,
      0.014977594994500713,
      0.016495821416403263,
      0.016810344509529965,
      0.015681338698216172,
      0.015476202780901066,
      0.014014319971758928,
      0.01570626162433508,
      0.017365124352152768,
      0.01897959527285176,
      0.020540045244965093,
      0.022038345475290877,
      0.023467700757354878,
      0.02482249839093973,
      0.026098172668971954,
      0.027291084785030086,
      0.02839841764825334,
      0.029418084671869075,
      0.030348651258441512,
      0.031189267486536807,
      0.0319396104116441,
      0.03259983440898667,
      0.03317052807975597,
      0.03365267638782497,
      0.03404762686751803,
      0.03435705892612494,
      0.03120279839935714,
      0.03164864547324645,
      0.03205652300792216,
      0.03242272441424939,
      0.032743490804774955,
      0.03301503969484617,
      0.033233598008454074,
      0.03339543952078158,
      0.03349692679291158,
      0.03353455755987416,
      0.03350501542016625
    ]
  },
  "budget_factor": 1.0,
  "spillover_mode": "hybrid",
  "spillover_params": {
    "alpha": 0.4,
    "beta": 1.0,
    "gamma": 0.8,
    "delta": 1.8,
    "gcut": 1e-05
  },
  "shell_profile": {
    "centers": [
      1.196896551724138,
      2.7506896551724136,
      4.30448275862069,
      5.8582758620689654,
      7.412068965517242,
      8.965862068965517,
      10.519655172413792,
      12.07344827586207,
      13.627241379310345,
      15.181034482758623,
      16.734827586206897,
      18.288620689655176,
      19.84241379310345,
      21.396206896551725,
      22.950000000000003,
      24.50379310344828,
      26.057586206896552,
      27.61137931034483,
      29.16517241379311,
      30.718965517241383,
      32.27275862068966,
      33.82655172413793,
      35.380344827586214,
      36.934137931034485,
      38.487931034482756,
      40.04172413793104,
      41.59551724137931,
      43.14931034482759,
      44.70310344827587,
      46.08256233912118,
      47.30365365643686,
      48.557101334370046,
      49.84376274866125,
      51.16451799371113,
      52.52027048457737,
      53.91194757492318,
      55.340501191340245,
      56.80690848447975,
      58.312172497437125,
      59.857322851847556
    ],
    "mass": [
      1420.020969353073,
      1617.577443578211,
      1863.8322798734055,
      1767.1826164279962,
      1490.4577297115266,
      1216.9129629629256,
      887.5650347561619,
      551.4309682333832,
      413.2345994019141,
      259.365658976592,
      285.91197719007346,
      312.45829540355464,
      339.0046136170369,
      365.5509318305176,
      392.09725004399996,
      418.64356825748064,
      445.189886470962,
      471.7362046844446,
      498.2825228979251,
      524.8288411114077,
      551.3751593248867,
      577.9214775383707,
      604.4677957518523,
      631.0141139653309,
      657.5604321788153,
      684.106750392297,
      710.6530686057783,
      737.1993868192566,
      763.7457050327415,
      610.6417812548852,
      643.4319913287798,
      677.9829683690089,
      714.3892619469888,
      752.7504987520438,
      793.1716552221966,
      835.7633448146582,
      880.6421207022595,
      927.9307947238893,
      977.7587734621122,
      1030.262412367289
    ]
  },
  "scaling_params": {
    "mass_ref": 60000000000.0,
    "sigma_ref": 30.0,
    "alpha_beta": 0.0,
    "gamma_beta": 0.0,
    "alpha_min": 0.01,
    "alpha_max": 100.0,
    "gamma_min": -5.0,
    "gamma_max": 5.0
  },
  "force_match": false,
  "rms_velocity": 37.913260895723575,
  "n_points": 14,
  "data": [
    {
      "R": 0.42,
      "V_obs": 35.7,
      "V_GR": 15.483607460795433,
      "V_required": 32.167497571306356,
      "capacity": 48.16857468819268,
      "provided": 0.826069203085911,
      "V_model": 15.505627698622426
    },
    {
      "R": 1.47,
      "V_obs": 83.3,
      "V_GR": 40.92651951974417,
      "V_required": 72.55280835363989,
      "capacity": 89.13372799372071,
      "provided": 1.8631738588144755,
      "V_model": 40.96890792818586
    },
    {
      "R": 2.11,
      "V_obs": 94.2,
      "V_GR": 48.84802964296513,
      "V_required": 80.54508054499667,
      "capacity": 89.61298471048038,
      "provided": 3.2166454093398453,
      "V_model": 48.95382321830877
    },
    {
      "R": 2.84,
      "V_obs": 97.6,
      "V_GR": 53.605969816803054,
      "V_required": 81.56077488597076,
      "capacity": 85.57867326067408,
      "provided": 3.2572081416269096,
      "V_model": 53.704835954296335
    },
    {
      "R": 3.9,
      "V_obs": 101.0,
      "V_GR": 57.91132963419162,
      "V_required": 82.7482803446694,
      "capacity": 91.35350620883771,
      "provided": 5.306088789377205,
      "V_model": 58.15390509880445
    },
    {
      "R": 4.74,
      "V_obs": 105.0,
      "V_GR": 63.96273055459718,
      "V_required": 83.26925663172453,
      "capacity": 94.39809704045456,
      "provided": 5.339495482842742,
      "V_model": 64.18520944899454
    },
    {
      "R": 5.69,
      "V_obs": 106.0,
      "V_GR": 69.23770071283418,
      "V_required": 80.26294786512642,
      "capacity": 85.4907129953535,
      "provided": 6.99615793480855,
      "V_model": 69.59026818348083
    },
    {
      "R": 6.32,
      "V_obs": 108.0,
      "V_GR": 71.41734313176316,
      "V_required": 81.0158200600352,
      "capacity": 79.41684622812012,
      "provided": 7.061782396909778,
      "V_model": 71.76563014856976
    },
    {
      "R": 7.37,
      "V_obs": 110.0,
      "V_GR": 74.55555780758401,
      "V_required": 80.87934717837427,
      "capacity": 68.31604879549295,
      "provided": 16.437343420633702,
      "V_model": 76.34603760987109
    },
    {
      "R": 8.21,
      "V_obs": 112.0,
      "V_GR": 75.48106650014955,
      "V_required": 82.74423605303274,
      "capacity": 59.26220373483248,
      "provided": 9.068855029793845,
      "V_model": 76.02391420830301
    },
    {
      "R": 9.16,
      "V_obs": 113.0,
      "V_GR": 77.29093737301936,
      "V_required": 82.43246326539077,
      "capacity": 51.55601516869714,
      "provided": 9.03468440537056,
      "V_model": 77.81718654837533
    },
    {
      "R": 10.85,
      "V_obs": 114.0,
      "V_GR": 77.96495238246479,
      "V_required": 83.17130635020709,
      "capacity": 33.406240339821366,
      "provided": 18.448716621310897,
      "V_model": 80.11796892691075
    },
    {
      "R": 12.21,
      "V_obs": 114.0,
      "V_GR": 75.47465799856266,
      "V_required": 85.43755614482428,
      "capacity": 21.08300563865191,
      "provided": 17.209675490123292,
      "V_model": 77.41186556643206
    },
    {
      "R": 15.16,
      "V_obs": 114.0,
      "V_GR": 71.64346795067922,
      "V_required": 88.67476247501314,
      "capacity": 9.798504781132479,
      "provided": 15.380185554959066,
      "V_model": 73.27575729874766
    }
  ]
}