{
  "galaxy": "KK98-251",
  "alpha": 2.8271,
  "gamma": 0.8579,
  "alpha_eff": 2.8271,
  "gamma_eff": 0.8579,
  "alpha_scaling": "constant",
  "gamma_scaling": "constant",
  "shell_mode": "gravity_adaptive",
  "shell_parameters": {
    "R_coh": 9.39,
    "R_stop": 12.52,
    "r_factor": 4.0,
    "n_shell_min": 8,
    "n_shell_max": 40,
    "g_floor": 1e-05,
    "coh_radius_factor": 3.0,
    "spillover_mode": "hybrid",
    "spill_weights": [
      0.02539871438614416,
      0.05659186723327399,
      0.08588510099652831,
      0.10665472546138002,
      0.12650547251334138,
      0.14141881988276475,
      0.15387704524261062,
      0.16259031446663152,
      0.14107793981732528,
      0.0,
      0.0,
      0.0,
      0.0,
      0.0,
      0.0,
      0.0,
      0.0,
      0.0,
      0.0,
      0.0,
      0.0,
      0.0,
      0.0,
      0.0,
      0.0,
      0.0,
      0.0,
      0.0,
      0.0,
      0.0,
      0.0,
      0.0,
      0.0,
      0.0,
      0.0,
      0.0,
      0.0,
      0.0,
      0.0,
      0.0
    ]
  },
  "budget_factor": 1.0,
  "spillover_mode": "hybrid",
  "spillover_params": {
    "alpha": 0.4,
    "beta": 1.0,
    "gamma": 0.8,
    "delta": 1.8,
    "gcut": 1e-05
  },
  "shell_profile": {
    "centers": [
      0.40758620689655173,
      0.7227586206896552,
      1.0379310344827588,
      1.3531034482758622,
      1.6682758620689655,
      1.983448275862069,
      2.2986206896551726,
      2.613793103448276,
      2.9289655172413793,
      3.2441379310344827,
      3.559310344827586,
      3.8744827586206902,
      4.189655172413794,
      4.504827586206897,
      4.82,
      5.135172413793104,
      5.450344827586207,
      5.76551724137931,
      6.080689655172414,
      6.395862068965517,
      6.71103448275862,
      7.026206896551725,
      7.341379310344828,
      7.656551724137931,
      7.9717241379310355,
      8.286896551724139,
      8.602068965517242,
      8.917241379310346,
      9.232413793103449,
      9.514407659726206,
      9.766519521414732,
      10.025311819035501,
      10.29096157013916,
      10.563650482870436,
      10.843565080259044,
      11.130896827804058,
      11.42584226443898,
      11.728603136967124,
      12.039386538059246,
      12.358405047907837
    ],
    "mass": [
      5.360506534152233,
      9.728682700850843,
      11.602926268403124,
      10.833166051052064,
      10.43274454946333,
      9.556734479103943,
      8.776274018078645,
      7.903253569101895,
      4.595563412281692,
      0.0,
      0.0,
      0.0,
      0.0,
      0.0,
      0.0,
      0.0,
      0.0,
      0.0,
      0.0,
      0.0,
      0.0,
      0.0,
      0.0,
      0.0,
      0.0,
      0.0,
      0.0,
      0.0,
      0.0,
      0.0,
      0.0,
      0.0,
      0.0,
      0.0,
      0.0,
      0.0,
      0.0,
      0.0,
      0.0,
      0.0
    ]
  },
  "scaling_params": {
    "mass_ref": 60000000000.0,
    "sigma_ref": 30.0,
    "alpha_beta": 0.0,
    "gamma_beta": 0.0,
    "alpha_min": 0.01,
    "alpha_max": 100.0,
    "gamma_min": -5.0,
    "gamma_max": 5.0
  },
  "force_match": false,
  "rms_velocity": 4.944728104069875,
  "n_points": 15,
  "data": [
    {
      "R": 0.25,
      "V_obs": 4.25,
      "V_GR": 3.433846240005513,
      "V_required": 2.5042364105651047,
      "capacity": 5.889866608613609,
      "provided": 2.1183430708347126,
      "V_model": 4.034684295673385
    },
    {
      "R": 0.41,
      "V_obs": 6.84,
      "V_GR": 5.14463798532025,
      "V_required": 4.507582500631575,
      "capacity": 6.840400708329077,
      "provided": 3.812981121168975,
      "V_model": 6.403602504090257
    },
    {
      "R": 0.57,
      "V_obs": 9.56,
      "V_GR": 6.788225099390856,
      "V_required": 6.731537714371064,
      "capacity": 9.524678670435119,
      "provided": 5.9071388045740445,
      "V_model": 8.998571489770166
    },
    {
      "R": 0.74,
      "V_obs": 12.3,
      "V_GR": 9.051143574156804,
      "V_required": 8.328673363747676,
      "capacity": 11.59437012150632,
      "provided": 7.30867622008307,
      "V_model": 11.63356987729939
    },
    {
      "R": 0.9,
      "V_obs": 15.1,
      "V_GR": 10.940100547984008,
      "V_required": 10.407891236941325,
      "capacity": 11.515740542286583,
      "provided": 9.437781332700695,
      "V_model": 14.44844339310895
    },
    {
      "R": 1.07,
      "V_obs": 17.5,
      "V_GR": 13.004526135157713,
      "V_required": 11.7103501228614,
      "capacity": 13.121343091451783,
      "provided": 10.618839231972045,
      "V_model": 16.789206253854548
    },
    {
      "R": 1.24,
      "V_obs": 19.7,
      "V_GR": 14.983167221919402,
      "V_required": 12.790414379526569,
      "capacity": 11.743799276831085,
      "provided": 11.801202690883198,
      "V_model": 19.072589885783966
    },
    {
      "R": 1.4,
      "V_obs": 21.8,
      "V_GR": 16.537185371156724,
      "V_required": 14.20427752474585,
      "capacity": 11.254364054199389,
      "provided": 13.105717545430075,
      "V_model": 21.100671372745314
    },
    {
      "R": 1.57,
      "V_obs": 24.4,
      "V_GR": 17.883402920026153,
      "V_required": 16.599515053157425,
      "capacity": 10.910590840742895,
      "provided": 13.549483446219117,
      "V_model": 22.43667982700127
    },
    {
      "R": 1.72,
      "V_obs": 27.3,
      "V_GR": 19.01036822368257,
      "V_required": 19.59326159678373,
      "capacity": 10.360862240874345,
      "provided": 15.993152379024753,
      "V_model": 24.84300752764659
    },
    {
      "R": 1.89,
      "V_obs": 30.3,
      "V_GR": 20.057180759019946,
      "V_required": 22.711219694239233,
      "capacity": 9.677967871313049,
      "provided": 15.690293061061608,
      "V_model": 25.465187930623994
    },
    {
      "R": 2.06,
      "V_obs": 32.6,
      "V_GR": 20.81237372334064,
      "V_required": 25.091932966593067,
      "capacity": 8.99912622955597,
      "provided": 17.33503471036482,
      "V_model": 27.086127970043137
    },
    {
      "R": 2.46,
      "V_obs": 33.3,
      "V_GR": 21.81966544198146,
      "V_required": 25.15536125759278,
      "capacity": 7.609627179897361,
      "provided": 37.9694755773748,
      "V_model": 43.79245226772373
    },
    {
      "R": 2.79,
      "V_obs": 34.6,
      "V_GR": 22.22540213359479,
      "V_required": 26.51775820087362,
      "capacity": 6.590958958616886,
      "provided": 32.945722554092434,
      "V_model": 39.741529092515236
    },
    {
      "R": 3.13,
      "V_obs": 34.2,
      "V_GR": 21.403518402356188,
      "V_required": 26.674508430334757,
      "capacity": 0.0,
      "provided": 0.0,
      "V_model": 21.403518402356188
    }
  ]
}