{
  "galaxy": "NGC0300",
  "alpha": 2.8271,
  "gamma": 0.8579,
  "alpha_eff": 2.8271,
  "gamma_eff": 0.8579,
  "alpha_scaling": "constant",
  "gamma_scaling": "constant",
  "shell_mode": "gravity_adaptive",
  "shell_parameters": {
    "R_coh": 35.400000000000006,
    "R_stop": 47.2,
    "r_factor": 4.0,
    "n_shell_min": 8,
    "n_shell_max": 40,
    "g_floor": 1e-05,
    "coh_radius_factor": 3.0,
    "spillover_mode": "hybrid",
    "spill_weights": [
      0.05738115068298809,
      0.09879100335244483,
      0.12450112179709279,
      0.1357812789463377,
      0.1366346319440391,
      0.130274396517831,
      0.11884568887792823,
      0.1061172591801045,
      0.09167346870123386,
      0.0,
      0.0,
      0.0,
      0.0,
      0.0,
      0.0,
      0.0,
      0.0,
      0.0,
      0.0,
      0.0,
      0.0,
      0.0,
      0.0,
      0.0,
      0.0,
      0.0,
      0.0,
      0.0,
      0.0,
      0.0,
      0.0,
      0.0,
      0.0,
      0.0,
      0.0,
      0.0,
      0.0,
      0.0,
      0.0,
      0.0
    ]
  },
  "budget_factor": 1.0,
  "spillover_mode": "hybrid",
  "spillover_params": {
    "alpha": 0.4,
    "beta": 1.0,
    "gamma": 0.8,
    "delta": 1.8,
    "gcut": 1e-05
  },
  "shell_profile": {
    "centers": [
      1.5046551724137933,
      2.69396551724138,
      3.8832758620689667,
      5.072586206896553,
      6.26189655172414,
      7.451206896551726,
      8.640517241379314,
      9.8298275862069,
      11.019137931034486,
      12.208448275862072,
      13.39775862068966,
      14.587068965517245,
      15.776379310344831,
      16.96568965517242,
      18.15500000000001,
      19.34431034482759,
      20.53362068965518,
      21.722931034482762,
      22.912241379310352,
      24.10155172413794,
      25.290862068965524,
      26.480172413793113,
      27.669482758620696,
      28.858793103448285,
      30.04810344827587,
      31.237413793103457,
      32.426724137931046,
      33.61603448275863,
      34.80534482758621,
      35.86901290248218,
      36.81946656635586,
      37.795105260261636,
      38.79659633470994,
      39.824624823601006,
      40.879893912797684,
      41.96312542111434,
      43.075060294051106,
      44.21645911061088,
      45.388102603546045,
      46.59079219339058
    ],
    "mass": [
      708.5871324169754,
      654.9428938797762,
      480.66583182268386,
      316.7907640455453,
      198.2115291163694,
      119.74339848256139,
      69.6427383126691,
      40.5751617907462,
      22.750047365046775,
      0.0,
      0.0,
      0.0,
      0.0,
      0.0,
      0.0,
      0.0,
      0.0,
      0.0,
      0.0,
      0.0,
      0.0,
      0.0,
      0.0,
      0.0,
      0.0,
      0.0,
      0.0,
      0.0,
      0.0,
      0.0,
      0.0,
      0.0,
      0.0,
      0.0,
      0.0,
      0.0,
      0.0,
      0.0,
      0.0,
      0.0
    ]
  },
  "scaling_params": {
    "mass_ref": 60000000000.0,
    "sigma_ref": 30.0,
    "alpha_beta": 0.0,
    "gamma_beta": 0.0,
    "alpha_min": 0.01,
    "alpha_max": 100.0,
    "gamma_min": -5.0,
    "gamma_max": 5.0
  },
  "force_match": false,
  "rms_velocity": 19.07653996525759,
  "n_points": 25,
  "data": [
    {
      "R": 0.91,
      "V_obs": 33.1,
      "V_GR": 31.52,
      "V_required": 10.10443466998526,
      "capacity": 49.773941528759835,
      "provided": 12.980951009757401,
      "V_model": 34.088348289668154
    },
    {
      "R": 1.36,
      "V_obs": 46.7,
      "V_GR": 37.5,
      "V_required": 27.83235527223667,
      "capacity": 52.166674365145575,
      "provided": 35.75563127230298,
      "V_model": 51.81423711375948
    },
    {
      "R": 1.82,
      "V_obs": 53.9,
      "V_GR": 42.04,
      "V_required": 33.7320085378858,
      "capacity": 53.521515870012784,
      "provided": 43.33478958419083,
      "V_model": 60.37603488393466
    },
    {
      "R": 2.27,
      "V_obs": 58.8,
      "V_GR": 46.24851565185633,
      "V_required": 36.31135910428029,
      "capacity": 50.284518864510375,
      "provided": 44.39752913434179,
      "V_model": 64.10979483070217
    },
    {
      "R": 2.72,
      "V_obs": 65.6,
      "V_GR": 48.932779401951,
      "V_required": 43.69145339766119,
      "capacity": 44.7340560165268,
      "provided": 53.42109529895678,
      "V_model": 72.44467076976899
    },
    {
      "R": 3.17,
      "V_obs": 70.8,
      "V_GR": 50.480419966557335,
      "V_required": 49.64239317357694,
      "capacity": 39.357524491593765,
      "provided": 60.69724878357776,
      "V_model": 78.94573332293224
    },
    {
      "R": 3.63,
      "V_obs": 82.1,
      "V_GR": 51.177405170641464,
      "V_required": 64.19722112365923,
      "capacity": 33.89074440942019,
      "provided": 98.1208898413989,
      "V_model": 110.66542288930151
    },
    {
      "R": 4.08,
      "V_obs": 84.1,
      "V_GR": 51.47697155039329,
      "V_required": 66.50512311093033,
      "capacity": 28.881601486710878,
      "provided": 101.64835400097007,
      "V_model": 113.93974930245602
    },
    {
      "R": 4.54,
      "V_obs": 83.4,
      "V_GR": 51.799151537452815,
      "V_required": 65.3636588633164,
      "capacity": 24.24560356816011,
      "provided": 74.44709818786966,
      "V_model": 90.69466648372607
    },
    {
      "R": 4.99,
      "V_obs": 81.5,
      "V_GR": 51.50248537692138,
      "V_required": 63.16442036463249,
      "capacity": 20.256593210020636,
      "provided": 71.94223650635887,
      "V_model": 88.47706704868146
    },
    {
      "R": 5.45,
      "V_obs": 80.8,
      "V_GR": 50.89250828953118,
      "V_required": 62.75820743137904,
      "capacity": 16.723012271909415,
      "provided": 71.47957308370162,
      "V_model": 87.74609260946177
    },
    {
      "R": 5.9,
      "V_obs": 82.8,
      "V_GR": 50.53640272120681,
      "V_required": 65.58896248607688,
      "capacity": 13.78347727111401,
      "provided": 68.78747172116422,
      "V_model": 85.35598552995548
    },
    {
      "R": 6.36,
      "V_obs": 88.2,
      "V_GR": 51.20557098597769,
      "V_required": 71.81385312041125,
      "capacity": 11.244226068105688,
      "provided": 75.31592517196415,
      "V_model": 91.07414059165698
    },
    {
      "R": 6.81,
      "V_obs": 88.5,
      "V_GR": 51.959603539673004,
      "V_required": 71.64111668588087,
      "capacity": 9.18362995751697,
      "provided": 75.13476507802311,
      "V_model": 91.35115392445637
    },
    {
      "R": 7.26,
      "V_obs": 88.4,
      "V_GR": 52.38436885178631,
      "V_required": 71.20700737989205,
      "capacity": 7.459109709399494,
      "provided": 104.51868494676455,
      "V_model": 116.91140920800257
    },
    {
      "R": 7.71,
      "V_obs": 88.2,
      "V_GR": 52.05041594454361,
      "V_required": 71.20389174757234,
      "capacity": 6.03948193932286,
      "provided": 104.51411177616218,
      "V_model": 116.75806336335029
    },
    {
      "R": 8.17,
      "V_obs": 89.5,
      "V_GR": 50.88195849218071,
      "V_required": 73.62931685137382,
      "capacity": 4.835715924414542,
      "provided": 61.38920619451938,
      "V_model": 79.73461191473385
    },
    {
      "R": 8.62,
      "V_obs": 89.7,
      "V_GR": 49.48285056461481,
      "V_required": 74.81669265611787,
      "capacity": 3.8906854096489054,
      "provided": 62.3791930805169,
      "V_model": 79.62233499073238
    },
    {
      "R": 9.07,
      "V_obs": 93.7,
      "V_GR": 48.335640059897834,
      "V_required": 80.2705170034428,
      "capacity": 3.112287625048928,
      "provided": 66.92637566653016,
      "V_model": 82.55588325405719
    },
    {
      "R": 9.53,
      "V_obs": 97.0,
      "V_GR": 47.357530552173,
      "V_required": 84.65379081884048,
      "capacity": 2.4956354234389435,
      "provided": 85.21927842184303,
      "V_model": 97.49390296187552
    },
    {
      "R": 9.96,
      "V_obs": 96.2,
      "V_GR": 46.003069462808675,
      "V_required": 84.48761802773232,
      "capacity": 2.0201165972643835,
      "provided": 85.05199559593999,