{
  "galaxy": "NGC0055",
  "alpha": 2.8271,
  "gamma": 0.8579,
  "alpha_eff": 2.8271,
  "gamma_eff": 0.8579,
  "alpha_scaling": "constant",
  "gamma_scaling": "constant",
  "shell_mode": "gravity_adaptive",
  "shell_parameters": {
    "R_coh": 40.5,
    "R_stop": 54.0,
    "r_factor": 4.0,
    "n_shell_min": 8,
    "n_shell_max": 40,
    "g_floor": 1e-05,
    "coh_radius_factor": 3.0,
    "spillover_mode": "hybrid",
    "spill_weights": [
      0.03637292852034466,
      0.059601961181542096,
      0.07794273149310085,
      0.09664527071096102,
      0.11929033943754759,
      0.1353365670845021,
      0.1487520636739265,
      0.15924131184973997,
      0.16681682604833514,
      0.0,
      0.0,
      0.0,
      0.0,
      0.0,
      0.0,
      0.0,
      0.0,
      0.0,
      0.0,
      0.0,
      0.0,
      0.0,
      0.0,
      0.0,
      0.0,
      0.0,
      0.0,
      0.0,
      0.0,
      0.0,
      0.0,
      0.0,
      0.0,
      0.0,
      0.0,
      0.0,
      0.0,
      0.0,
      0.0,
      0.0
    ]
  },
  "budget_factor": 1.0,
  "spillover_mode": "hybrid",
  "spillover_params": {
    "alpha": 0.4,
    "beta": 1.0,
    "gamma": 0.8,
    "delta": 1.8,
    "gcut": 1e-05
  },
  "shell_profile": {
    "centers": [
      1.9070689655172413,
      3.261206896551724,
      4.615344827586206,
      5.969482758620689,
      7.323620689655172,
      8.677758620689655,
      10.031896551724138,
      11.386034482758621,
      12.740172413793104,
      14.094310344827587,
      15.44844827586207,
      16.80258620689655,
      18.156724137931036,
      19.510862068965515,
      20.865000000000002,
      22.21913793103448,
      23.573275862068968,
      24.927413793103447,
      26.281551724137934,
      27.635689655172413,
      28.9898275862069,
      30.34396551724138,
      31.698103448275862,
      33.052241379310345,
      34.406379310344825,
      35.760517241379304,
      37.11465517241379,
      38.46879310344828,
      39.82293103448276,
      41.03658255792453,
      42.12396598693255,
      43.24016279775695,
      44.385936484625766,
      45.56207077276385,
      46.76937015447192,
      48.00866043941049,
      49.28078931946526,
      50.58662694858026,
      51.92706653795523,
      53.30302496701465
    ],
    "mass": [
      601.9545175544815,
      554.371871973361,
      469.61002294053236,
      438.2061214674692,
      462.4867503377333,
      433.1402138443265,
      400.32989912873853,
      364.3175986309298,
      326.9413452506524,
      0.0,
      0.0,
      0.0,
      0.0,
      0.0,
      0.0,
      0.0,
      0.0,
      0.0,
      0.0,
      0.0,
      0.0,
      0.0,
      0.0,
      0.0,
      0.0,
      0.0,
      0.0,
      0.0,
      0.0,
      0.0,
      0.0,
      0.0,
      0.0,
      0.0,
      0.0,
      0.0,
      0.0,
      0.0,
      0.0,
      0.0
    ]
  },
  "scaling_params": {
    "mass_ref": 60000000000.0,
    "sigma_ref": 30.0,
    "alpha_beta": 0.0,
    "gamma_beta": 0.0,
    "alpha_min": 0.01,
    "alpha_max": 100.0,
    "gamma_min": -5.0,
    "gamma_max": 5.0
  },
  "force_match": false,
  "rms_velocity": 10.287053536345036,
  "n_points": 21,
  "data": [
    {
      "R": 1.23,
      "V_obs": 28.7,
      "V_GR": 30.701343618806,
      "V_required": 0.0,
      "capacity": 36.58546932693284,
      "provided": 0.0,
      "V_model": 30.701343618806
    },
    {
      "R": 1.84,
      "V_obs": 37.6,
      "V_GR": 37.58376511207998,
      "V_required": 1.1048076755706744,
      "capacity": 33.8418833229981,
      "provided": 4.619094494459293,
      "V_model": 37.866547689864
    },
    {
      "R": 2.46,
      "V_obs": 43.1,
      "V_GR": 42.437329086548324,
      "V_required": 7.528817968313469,
      "capacity": 33.632144441994036,
      "provided": 31.477262872254823,
      "V_model": 52.83696601744873
    },
    {
      "R": 3.07,
      "V_obs": 50.1,
      "V_GR": 46.09437709742914,
      "V_required": 19.6295287768199,
      "capacity": 29.787226533510808,
      "provided": 22.82606302654989,
      "V_model": 51.43657019370583
    },
    {
      "R": 3.68,
      "V_obs": 58.1,
      "V_GR": 48.98893038228126,
      "V_required": 31.23611211402597,
      "capacity": 26.16537413604903,
      "provided": 36.322698925972134,
      "V_model": 60.985684855274165
    },
    {
      "R": 4.3,
      "V_obs": 64.6,
      "V_GR": 51.38481098534858,
      "V_required": 39.15049424975372,
      "capacity": 23.858971772838956,
      "provided": 36.61770504618415,
      "V_model": 63.09718791554296
    },
    {
      "R": 4.91,
      "V_obs": 68.5,
      "V_GR": 52.87407871537811,
      "V_required": 43.549762341487,
      "capacity": 22.29807692045728,
      "provided": 40.73236833432877,
      "V_model": 66.7442434231105
    },
    {
      "R": 5.52,
      "V_obs": 72.3,
      "V_GR": 53.96659892933776,
      "V_required": 48.11336820468922,
      "capacity": 21.03145171566185,
      "provided": 47.00815038175723,
      "V_model": 71.56926716345433
    },
    {
      "R": 6.14,
      "V_obs": 74.2,
      "V_GR": 54.776244851212645,
      "V_required": 50.05200295692472,
      "capacity": 20.46566634091303,
      "provided": 48.90225252776963,
      "V_model": 73.42933543407396
    },
    {
      "R": 6.75,
      "V_obs": 78.9,
      "V_GR": 55.463545685431974,
      "V_required": 56.11599682799907,
      "capacity": 20.68970706372345,
      "provided": 37.266264432654545,
      "V_model": 66.82050108136374
    },
    {
      "R": 7.37,
      "V_obs": 82.4,
      "V_GR": 56.32594872702989,
      "V_required": 60.14272607722401,
      "capacity": 20.970787833115338,
      "provided": 39.94038884427772,
      "V_model": 69.0495992821979
    },
    {
      "R": 7.98,
      "V_obs": 84.3,
      "V_GR": 57.11357106677887,
      "V_required": 62.004274046230066,
      "capacity": 20.20901485805413,
      "provided": 41.176630607561115,
      "V_model": 70.40933821725311
    },
    {
      "R": 8.59,
      "V_obs": 85.4,
      "V_GR": 57.96047791383367,
      "V_required": 62.719558353036895,
      "capacity": 19.02848430467826,
      "provided": 67.40991543684652,
      "V_model": 88.90170807809488
    },
    {
      "R": 9.21,
      "V_obs": 85.3,
      "V_GR": 58.32593334015324,
      "V_required": 62.24287509426279,
      "capacity": 18.07571907802113,
      "provided": 66.89758437126007,
      "V_model": 88.75359877047161
    },
    {
      "R": 9.82,
      "V_obs": 86.8,
      "V_GR": 58.27827382481399,
      "V_required": 64.32637717142167,
      "capacity": 17.159043383050154,
      "provided": 74.79634810887654,
      "V_model": 94.82009750271426
    },
    {
      "R": 10.43,
      "V_obs": 85.4,
      "V_GR": 58.0565190138024,
      "V_required": 62.63066820655837,
      "capacity": 16.233004310133428,
      "provided": 72.82464002263902,
      "V_model": 93.13424501453241
    },
    {
      "R": 11.05,
      "V_obs": 85.4,
      "V_GR": 57.43401866489929,
      "V_required": 63.202005506154634,
      "capacity": 15.300764650512662,
      "provided": 78.08917388671851,
      "V_model": 96.93598701364814
    },
    {
      "R": 11.66,
      "V_obs": 86.2,
      "V_GR": 56.95801436145751,
      "V_required": 64.70104017710999,
      "capacity": 14.367107235772348,
      "provided": 79.94130465606654,
      "V_model": 98.15715761020203
    },
    {
      "R": 12.28,
      "V_obs": 86.1,
      "V_GR": 57.033781217801085,
      "V_required": 64.50083565350141,
      "capacity": 13.475064739453009,
      "provided": 81.93868630594571,
      "V_model": 99.83386456280341
    },
    {
      "R": 12.89,
      "V_obs": 87.4,
      "V_GR": 57.50637616821286,
      "V_required": 65.8162343195051,
      "capacity": 12.58903028168654,
      "provided": 83.60970401554472,
      "V_model": 101.47692301980285
    },
    {
      "R": 13.5,
      "V_obs": 86.5,
      "V_GR": 58.597202151638605,
      "V_required": 63.62875057707797,
      "capacity": 0.0,
      "provided": 0.0,