{
  "galaxy": "NGC0100",
  "alpha": 2.8271,
  "gamma": 0.8579,
  "alpha_eff": 2.8271,
  "gamma_eff": 0.8579,
  "alpha_scaling": "constant",
  "gamma_scaling": "constant",
  "shell_mode": "gravity_adaptive",
  "shell_parameters": {
    "R_coh": 28.86,
    "R_stop": 38.48,
    "r_factor": 4.0,
    "n_shell_min": 8,
    "n_shell_max": 40,
    "g_floor": 1e-05,
    "coh_radius_factor": 3.0,
    "spillover_mode": "hybrid",
    "spill_weights": [
      0.003218146404487034,
      0.008614776501247607,
      0.013123428276852226,
      0.015405518568687592,
      0.016444583701381722,
      0.0159911618747336,
      0.016361318970507722,
      0.01563688081917652,
      0.01479369128659931,
      0.014770346983716773,
      0.01650380999898129,
      0.018189920455909368,
      0.019813594896236526,
      0.021364899229189546,
      0.022835864921964575,
      0.024220266860952067,
      0.025513411618806856,
      0.026711939126927584,
      0.027813640340470076,
      0.02881729259502562,
      0.029722513366332512,
      0.03052963225528247,
      0.031239580318869645,
      0.0318537953765272,
      0.032374141626543305,
      0.03280284177708174,
      0.033142419893002345,
      0.03339565324651842,
      0.03356553160479097,
      0.030358889454516546,
      0.030700761058593665,
      0.031003190195142492,
      0.031263068721906026,
      0.03147728745424108,
      0.03164276160947374,
      0.03175645953870334,
      0.03181543483096241,
      0.03181686181195197,
      0.03175807438209558,
      0.031636608045610914
    ]
  },
  "budget_factor": 1.0,
  "spillover_mode": "hybrid",
  "spillover_params": {
    "alpha": 0.4,
    "beta": 1.0,
    "gamma": 0.8,
    "delta": 1.8,
    "gcut": 1e-05
  },
  "shell_profile": {
    "centers": [
      0.7236206896551725,
      1.7108620689655174,
      2.6981034482758623,
      3.685344827586207,
      4.672586206896552,
      5.659827586206896,
      6.647068965517242,
      7.634310344827586,
      8.62155172413793,
      9.608793103448276,
      10.596034482758622,
      11.583275862068966,
      12.57051724137931,
      13.557758620689656,
      14.545000000000002,
      15.532241379310346,
      16.51948275862069,
      17.506724137931037,
      18.493965517241378,
      19.481206896551726,
      20.46844827586207,
      21.455689655172414,
      22.44293103448276,
      23.430172413793102,
      24.41741379310345,
      25.404655172413793,
      26.391896551724138,
      27.379137931034485,
      28.366379310344826,
      29.242364756091405,
      30.01722613291045,
      30.812619712179398,
      31.62908955422962,
      32.46719413585098,
      33.32750673229776,
      34.210615809416936,
      35.11712542616708,
      36.0476556478031,
      37.00284297000956,
      37.983340754272646
    ],
    "mass": [
      506.1812870124484,
      699.9907462027818,
      653.965071910427,
      458.9824613836663,
      307.8416371188821,
      184.50070730098747,
      136.42251202662857,
      90.47794631843729,
      61.37593047291285,
      49.49567858722396,
      54.553758121788334,
      59.636577312529056,
      64.71939650327,
      69.80221569401073,
      74.88503488475169,
      79.96785407549224,
      85.05067326623353,
      90.13349245697408,
      95.21631164771487,
      100.29913083845574,
      105.38195002919694,
      110.4647692199374,
      115.54758841067823,
      120.63040760141905,
      125.7132267921599,
      130.7960459829012,
      135.87886517364157,
      140.9616843643824,
      146.0445035551232,
      116.62141362038025,
      122.88374412103697,
      129.4823489137123,
      136.43528523755413,
      143.7615799683844,
      151.48128168619306,
      159.61551553856214,
      168.1865410501274,
      177.217813036304,
      186.73404578794538,
      196.7612807025845
    ]
  },
  "scaling_params": {
    "mass_ref": 60000000000.0,
    "sigma_ref": 30.0,
    "alpha_beta": 0.0,
    "gamma_beta": 0.0,
    "alpha_min": 0.01,
    "alpha_max": 100.0,
    "gamma_min": -5.0,
    "gamma_max": 5.0
  },
  "force_match": false,
  "rms_velocity": 26.17457424289557,
  "n_points": 21,
  "data": [
    {
      "R": 0.23,
      "V_obs": 6.81,
      "V_GR": 9.708166665236027,
      "V_required": 0.0,
      "capacity": 29.807214367995606,
      "provided": 1.0298618241353232,
      "V_model": 9.762638750707277
    },
    {
      "R": 0.69,
      "V_obs": 20.0,
      "V_GR": 23.848224252551802,
      "V_required": 0.0,
      "capacity": 61.28326874118437,
      "provided": 1.0298618241353232,
      "V_model": 23.870450673935995
    },
    {
      "R": 1.15,
      "V_obs": 33.0,
      "V_GR": 34.888313229504234,
      "V_required": 0.0,
      "capacity": 77.17097165651913,
      "provided": 1.0298618241353232,
      "V_model": 34.903510072438436
    },
    {
      "R": 1.59,
      "V_obs": 42.7,
      "V_GR": 41.9519844584258,
      "V_required": 7.957449340083831,
      "capacity": 76.60193718708415,
      "provided": 2.6223813802938376,
      "V_model": 42.03386591908614
    },
    {
      "R": 2.05,
      "V_obs": 49.9,
      "V_GR": 46.864233696925,
      "V_required": 17.13924152347469,
      "capacity": 74.18146044748718,
      "provided": 5.648245552392737,
      "V_model": 47.20337994063693
    },
    {
      "R": 2.51,
      "V_obs": 55.5,
      "V_GR": 50.432261499956546,
      "V_required": 23.169743200993853,
      "capacity": 69.59195373360858,
      "provided": 5.399166715867367,
      "V_model": 50.72044953690502
    },
    {
      "R": 2.97,
      "V_obs": 61.9,
      "V_GR": 53.637107490989855,
      "V_required": 30.897745872474253,
      "capacity": 61.5194097333551,
      "provided": 7.199996981530447,
      "V_model": 54.11819709242028
    },
    {
      "R": 3.42,
      "V_obs": 67.9,
      "V_GR": 56.00903944900323,
      "V_required": 38.38486029673679,
      "capacity": 53.24314708932067,
      "provided": 6.684448579453918,
      "V_model": 56.40650984426677
    },
    {
      "R": 3.88,
      "V_obs": 73.1,
      "V_GR": 56.365657097207695,
      "V_required": 46.545920336802865,
      "capacity": 37.3092234698626,
      "provided": 8.10563875104601,
      "V_model": 56.94548866734273
    },
    {
      "R": 4.34,
      "V_obs": 76.1,
      "V_GR": 55.843868956224725,
      "V_required": 51.697894541267345,
      "capacity": 33.16695496985837,
      "provided": 7.67234651620646,
      "V_model": 56.36845395311765
    },
    {
      "R": 4.79,
      "V_obs": 77.8,
      "V_GR": 55.34125766550666,
      "V_required": 54.68258589349995,
      "capacity": 26.84277222660923,
      "provided": 8.115296591861359,
      "V_model": 55.93311039781246
    },
    {
      "R": 5.24,
      "V_obs": 79.0,
      "V_GR": 54.778101463997444,
      "V_required": 56.924156559408075,
      "capacity": 21.863027030555582,
      "provided": 7.640148207087306,
      "V_model": 55.3083381112311
    },
    {
      "R": 5.7,
      "V_obs": 78.5,
      "V_GR": 53.48360496451226,
      "V_required": 57.460891047737846,
      "capacity": 15.940306203847406,
      "provided": 7.7121867103616575,
      "V_model": 54.03678213823876
    },
    {
      "R": 6.16,
      "V_obs": 79.8,
      "V_GR": 52.07020261147444,
      "V_required": 60.47093516723551,
      "capacity": 14.077519619254026,
      "provided": 15.707704699264099,
      "V_model": 54.387847787159984
    },
    {
      "R": 7.16,
      "V_obs": 83.4,
      "V_GR": 49.460630808755354,
      "V_required": 67.15062173948951,
      "capacity": 8.894640667772826,
      "provided": 4.8470422090041465,
      "V_model": 49.697563503414
    },
    {
      "R": 7.52,
      "V_obs": 84.6,
      "V_GR": 48.679001633147735,
      "V_required": 69.19186946455486,
      "capacity": 7.818040163947347,
      "provided": 4.994382823672008,
      "V_model": 48.9345385161584
    },
    {
      "R": 7.98,
      "V_obs": 86.1,
      "V_GR": 47.76544462265583,
      "V_required": 71.63569152315065,
      "capacity": 6.533275199814697,