{
  "galaxy": "NGC0289",
  "alpha": 2.8271,
  "gamma": 0.8579,
  "alpha_eff": 2.8271,
  "gamma_eff": 0.8579,
  "alpha_scaling": "constant",
  "gamma_scaling": "constant",
  "shell_mode": "gravity_adaptive",
  "shell_parameters": {
    "R_coh": 213.36,
    "R_stop": 284.48,
    "r_factor": 4.0,
    "n_shell_min": 8,
    "n_shell_max": 40,
    "g_floor": 1e-05,
    "coh_radius_factor": 3.0,
    "spillover_mode": "hybrid",
    "spill_weights": [
      0.1384011191795945,
      0.140073670391209,
      0.17159892352795655,
      0.14624221675919574,
      0.13591867756829099,
      0.1109653783095292,
      0.09081184580597652,
      0.06598816845824752,
      0.0,
      0.0,
      0.0,
      0.0,
      0.0,
      0.0,
      0.0,
      0.0,
      0.0,
      0.0,
      0.0,
      0.0,
      0.0,
      0.0,
      0.0,
      0.0,
      0.0,
      0.0,
      0.0,
      0.0,
      0.0,
      0.0,
      0.0,
      0.0,
      0.0,
      0.0,
      0.0,
      0.0,
      0.0,
      0.0,
      0.0,
      0.0
    ]
  },
  "budget_factor": 1.0,
  "spillover_mode": "hybrid",
  "spillover_params": {
    "alpha": 0.4,
    "beta": 1.0,
    "gamma": 0.8,
    "delta": 1.8,
    "gcut": 1e-05
  },
  "shell_profile": {
    "centers": [
      5.152758620689656,
      12.458275862068966,
      19.76379310344828,
      27.06931034482759,
      34.374827586206905,
      41.68034482758621,
      48.98586206896552,
      56.29137931034484,
      63.59689655172414,
      70.90241379310345,
      78.20793103448277,
      85.51344827586207,
      92.8189655172414,
      100.1244827586207,
      107.43,
      114.73551724137933,
      122.04103448275863,
      129.34655172413795,
      136.65206896551726,
      143.95758620689656,
      151.2631034482759,
      158.56862068965518,
      165.8741379310345,
      173.1796551724138,
      180.48517241379312,
      187.79068965517246,
      195.09620689655173,
      202.40172413793107,
      209.70724137931035,
      216.1867964088587,
      221.91529340671423,
      227.7955835686277,
      233.83168909530255,
      240.02773876733076,
      246.38797076933645,
      252.91673558895351,
      259.61849899261983,
      266.4978450802241,
      273.55947942069434,
      280.80823227067265
    ],
    "mass": [
      43999.4147685204,
      5083.782586962921,
      2749.8940989564967,
      878.0914740690357,
      425.8534183799887,
      169.62500741839872,
      74.298212248961,
      25.83882310556325,
      0.0,
      0.0,
      0.0,
      0.0,
      0.0,
      0.0,
      0.0,
      0.0,
      0.0,
      0.0,
      0.0,
      0.0,
      0.0,
      0.0,
      0.0,
      0.0,
      0.0,
      0.0,
      0.0,
      0.0,
      0.0,
      0.0,
      0.0,
      0.0,
      0.0,
      0.0,
      0.0,
      0.0,
      0.0,
      0.0,
      0.0,
      0.0
    ]
  },
  "scaling_params": {
    "mass_ref": 60000000000.0,
    "sigma_ref": 30.0,
    "alpha_beta": 0.0,
    "gamma_beta": 0.0,
    "alpha_min": 0.01,
    "alpha_max": 100.0,
    "gamma_min": -5.0,
    "gamma_max": 5.0
  },
  "force_match": false,
  "rms_velocity": 48.40970419574246,
  "n_points": 28,
  "data": [
    {
      "R": 1.5,
      "V_obs": 164.0,
      "V_GR": 179.09160253903588,
      "V_required": 0.0,
      "capacity": 362.02888447525686,
      "provided": 51.63202238530075,
      "V_model": 186.38580373943773
    },
    {
      "R": 2.52,
      "V_obs": 194.0,
      "V_GR": 226.56021208499962,
      "V_required": 0.0,
      "capacity": 277.77018161597283,
      "provided": 51.63202238530075,
      "V_model": 232.36909311609452
    },
    {
      "R": 3.46,
      "V_obs": 175.0,
      "V_GR": 215.95866502643509,
      "V_required": 0.0,
      "capacity": 207.98769016086246,
      "provided": 51.63202238530075,
      "V_model": 222.0450646503907
    },
    {
      "R": 4.32,
      "V_obs": 185.0,
      "V_GR": 220.8040361949935,
      "V_required": 0.0,
      "capacity": 193.19124007190385,
      "provided": 51.63202238530075,
      "V_model": 226.76042012572697
    },
    {
      "R": 5.43,
      "V_obs": 175.0,
      "V_GR": 221.74119058037007,
      "V_required": 0.0,
      "capacity": 116.03623818484597,
      "provided": 51.63202238530075,
      "V_model": 227.6730579923681
    },
    {
      "R": 6.38,
      "V_obs": 167.0,
      "V_GR": 211.6230906588409,
      "V_required": 0.0,
      "capacity": 61.56195926173853,
      "provided": 51.63202238530075,
      "V_model": 217.83066413064117
    },
    {
      "R": 7.57,
      "V_obs": 176.0,
      "V_GR": 198.1970749027341,
      "V_required": 0.0,
      "capacity": 42.14033260181404,
      "provided": 51.63202238530075,
      "V_model": 204.8119777639877
    },
    {
      "R": 10.6,
      "V_obs": 185.0,
      "V_GR": 172.25934691621237,
      "V_required": 67.46641683089445,
      "capacity": 20.393645209884642,
      "provided": 150.15495706484515,
      "V_model": 228.51650647413962
    },
    {
      "R": 13.57,
      "V_obs": 183.0,
      "V_GR": 155.24711269456833,
      "V_required": 96.88825522218883,
      "capacity": 9.285768585032597,
      "provided": 215.63694184976393,
      "V_model": 265.7084053813851
    },
    {
      "R": 16.64,
      "V_obs": 172.0,
      "V_GR": 141.59267283302478,
      "V_required": 97.64996159753473,
      "capacity": 6.802482221476596,
      "provided": 159.59375920880316,
      "V_model": 213.35100885254195
    },
    {
      "R": 19.71,
      "V_obs": 161.0,
      "V_GR": 133.93203537615636,
      "V_required": 89.34881028866586,
      "capacity": 7.188892001509709,
      "provided": 146.02681129126393,
      "V_model": 198.14545090890783
    },
    {
      "R": 22.68,
      "V_obs": 156.0,
      "V_GR": 129.36017045443313,
      "V_required": 87.18914095229982,
      "capacity": 3.884644564799,
      "provided": 142.49716578603378,
      "V_model": 192.45647808544246
    },
    {
      "R": 25.75,
      "V_obs": 159.0,
      "V_GR": 124.3006580835355,
      "V_required": 99.14810336057873,
      "capacity": 2.2321774721184835,
      "provided": 168.77028403299553,
      "V_model": 209.60453805339708
    },
    {
      "R": 28.72,
      "V_obs": 173.0,
      "V_GR": 119.3810843475632,
      "V_required": 125.20845298940483,
      "capacity": 2.056943505574904,
      "provided": 213.13031170655444,
      "V_model": 244.28748037534191
    },
    {
      "R": 31.79,
      "V_obs": 177.0,
      "V_GR": 117.49064728734795,
      "V_required": 132.38182579191147,
      "capacity": 1.3969110492108106,
      "provided": 114.9340844013566,
      "V_model": 164.35904586355497
    },
    {
      "R": 34.77,
      "V_obs": 179.0,
      "V_GR": 116.4486861239748,
      "V_required": 135.94375123557538,
      "capacity": 0.9387305230438666,
      "provided": 118.02655300212143,
      "V_model": 165.80278560254223
    },
    {
      "R": 37.84,
      "V_obs": 181.0,
      "V_GR": 114.11060774529247,
      "V_required": 140.49828895755277,
      "capacity": 0.6428639106072247,
      "provided": 121.98080895693616,
      "V_model": 167.03457292964399
    },
    {
      "R": 40.81,
      "V_obs": 182.0,
      "V_GR": 112.0091469479167,
      "V_required": 143.45016904834932,
      "capacity": 0.4265038423056321,
      "provided": 143.78850727295762,
      "V_model": 182.26679298156694
    },
    {
      "R": 43.88,
      "V_obs": 182.0,
      "V_GR": 109.13897287403799,
      "V_required": 145.64575036711508,
      "capacity": 0.27078065135813506,
      "provided": 145.98926703863845,
      "V_model": 182.27501608964099
    },
    {
      "R": 46.85,
      "V_obs": 180.0,
      "V_GR": 106.22992280897131,
      "V_required": 145.31071364493397,
      "capacity": 0.18982648868998434,
      "provided": 119.25881413203916,
      "V_model": 159.71055459230072
    },
    {
      "R": 49.92,
      "V_obs": 177.0,
      "V_GR": 103.42093598493489,
      "V_required": 143.64229878416734,
      "capacity": 0.14935914891199895,
      "provided": 117.88951951649216,