{
  "galaxy": "NGC0891",
  "alpha": 2.8271,
  "gamma": 0.8579,
  "alpha_eff": 2.8271,
  "gamma_eff": 0.8579,
  "alpha_scaling": "constant",
  "gamma_scaling": "constant",
  "shell_mode": "gravity_adaptive",
  "shell_parameters": {
    "R_coh": 51.33,
    "R_stop": 68.44,
    "r_factor": 4.0,
    "n_shell_min": 8,
    "n_shell_max": 40,
    "g_floor": 1e-05,
    "coh_radius_factor": 3.0,
    "spillover_mode": "hybrid",
    "spill_weights": [
      0.06635392602928145,
      0.10053711610459805,
      0.11399966731530511,
      0.12884084020127567,
      0.13070855780065982,
      0.13186732574482934,
      0.11757764965749241,
      0.11364903996749195,
      0.09646587717906624,
      0.0,
      0.0,
      0.0,
      0.0,
      0.0,
      0.0,
      0.0,
      0.0,
      0.0,
      0.0,
      0.0,
      0.0,
      0.0,
      0.0,
      0.0,
      0.0,
      0.0,
      0.0,
      0.0,
      0.0,
      0.0,
      0.0,
      0.0,
      0.0,
      0.0,
      0.0,
      0.0,
      0.0,
      0.0,
      0.0,
      0.0
    ]
  },
  "budget_factor": 1.0,
  "spillover_mode": "hybrid",
  "spillover_params": {
    "alpha": 0.4,
    "beta": 1.0,
    "gamma": 0.8,
    "delta": 1.8,
    "gcut": 1e-05
  },
  "shell_profile": {
    "centers": [
      1.7891379310344826,
      3.527413793103448,
      5.265689655172413,
      7.003965517241379,
      8.742241379310343,
      10.48051724137931,
      12.218793103448274,
      13.95706896551724,
      15.695344827586204,
      17.43362068965517,
      19.17189655172414,
      20.910172413793102,
      22.64844827586207,
      24.386724137931033,
      26.125,
      27.863275862068964,
      29.60155172413793,
      31.339827586206894,
      33.078103448275854,
      34.81637931034483,
      36.55465517241379,
      38.292931034482756,
      40.03120689655172,
      41.76948275862068,
      43.50775862068966,
      45.24603448275862,
      46.984310344827584,
      48.72258620689655,
      50.46086206896551,
      52.010068708599164,
      53.38822652121599,
      54.80290262737937,
      56.2550646853294,
      57.74570599422145,
      59.27584617355663,
      60.84653186061579,
      62.458837426374096,
      64.11386571038577,
      65.81274877514176,
      67.55664868041633
    ],
    "mass": [
      55285.40589893971,
      28879.60445980997,
      14717.031240234473,
      9965.996376302595,
      6062.885343310408,
      4038.3459184222893,
      2125.5498358524046,
      1445.740402195608,
      741.4638494940559,
      0.0,
      0.0,
      0.0,
      0.0,
      0.0,
      0.0,
      0.0,
      0.0,
      0.0,
      0.0,
      0.0,
      0.0,
      0.0,
      0.0,
      0.0,
      0.0,
      0.0,
      0.0,
      0.0,
      0.0,
      0.0,
      0.0,
      0.0,
      0.0,
      0.0,
      0.0,
      0.0,
      0.0,
      0.0,
      0.0,
      0.0
    ]
  },
  "scaling_params": {
    "mass_ref": 60000000000.0,
    "sigma_ref": 30.0,
    "alpha_beta": 0.0,
    "gamma_beta": 0.0,
    "alpha_min": 0.01,
    "alpha_max": 100.0,
    "gamma_min": -5.0,
    "gamma_max": 5.0
  },
  "force_match": false,
  "rms_velocity": 69.9229370618946,
  "n_points": 18,
  "data": [
    {
      "R": 0.92,
      "V_obs": 234.0,
      "V_GR": 282.470193294797,
      "V_required": 0.0,
      "capacity": 1711.962435344755,
      "provided": 4.357558854382299,
      "V_model": 282.50380248621326
    },
    {
      "R": 2.32,
      "V_obs": 192.0,
      "V_GR": 337.04054489037367,
      "V_required": 0.0,
      "capacity": 1788.65426101412,
      "provided": 4.357558854382299,
      "V_model": 337.0687129046085
    },
    {
      "R": 3.24,
      "V_obs": 212.0,
      "V_GR": 361.794746506911,
      "V_required": 0.0,
      "capacity": 1083.378381106229,
      "provided": 6.602418676512436,
      "V_model": 361.8549855016232
    },
    {
      "R": 4.17,
      "V_obs": 223.0,
      "V_GR": 341.5190753091253,
      "V_required": 0.0,
      "capacity": 589.7057823178702,
      "provided": 6.602418676512436,
      "V_model": 341.5828899877451
    },
    {
      "R": 5.1,
      "V_obs": 222.0,
      "V_GR": 320.16260962204814,
      "V_required": 0.0,
      "capacity": 476.2120485353163,
      "provided": 7.486523999909636,
      "V_model": 320.25012824603397
    },
    {
      "R": 6.03,
      "V_obs": 224.0,
      "V_GR": 303.9158865541583,
      "V_required": 0.0,
      "capacity": 369.5092724581427,
      "provided": 7.486523999909636,
      "V_model": 304.00808236229716
    },
    {
      "R": 6.96,
      "V_obs": 224.0,
      "V_GR": 292.53925206713717,
      "V_required": 0.0,
      "capacity": 298.8450439573756,
      "provided": 16.922330828694857,
      "V_model": 293.0282909220129
    },
    {
      "R": 7.89,
      "V_obs": 226.0,
      "V_GR": 279.5277132951221,
      "V_required": 0.0,
      "capacity": 257.13367625512006,
      "provided": 8.583821146264338,
      "V_model": 279.65947952013187
    },
    {
      "R": 8.8,
      "V_obs": 226.0,
      "V_GR": 272.4550724431461,
      "V_required": 0.0,
      "capacity": 167.1013177745205,
      "provided": 8.583821146264338,
      "V_model": 272.5902575028518
    },
    {
      "R": 9.73,
      "V_obs": 227.0,
      "V_GR": 259.2850338912757,
      "V_required": 0.0,
      "capacity": 104.7319048285718,
      "provided": 8.65991912293963,
      "V_model": 259.42961087589026
    },
    {
      "R": 10.64,
      "V_obs": 227.0,
      "V_GR": 249.55605502571962,
      "V_required": 0.0,
      "capacity": 112.47960729847006,
      "provided": 8.65991912293963,
      "V_model": 249.70626503797587
    },
    {
      "R": 11.58,
      "V_obs": 224.0,
      "V_GR": 242.12093837584558,
      "V_required": 0.0,
      "capacity": 59.403847359827324,
      "provided": 7.721495305588541,
      "V_model": 242.24403045225745
    },
    {
      "R": 12.52,
      "V_obs": 220.0,
      "V_GR": 232.08317323752706,
      "V_required": 0.0,
      "capacity": 54.79113926636702,
      "provided": 7.721495305588541,
      "V_model": 232.2115862521813
    },
    {
      "R": 13.46,
      "V_obs": 218.0,
      "V_GR": 226.8497178750725,
      "V_required": 0.0,
      "capacity": 47.61737159571661,
      "provided": 7.463497791884242,
      "V_model": 226.972461543883
    },
    {
      "R": 14.4,
      "V_obs": 217.0,
      "V_GR": 220.0504189952839,
      "V_required": 0.0,
      "capacity": 26.99216706423162,
      "provided": 7.463497791884242,
      "V_model": 220.1769531519806
    },
    {
      "R": 15.33,
      "V_obs": 216.0,
      "V_GR": 212.87548966473335,
      "V_required": 36.60636420077809,
      "capacity": 20.482086403040835,
      "provided": 6.166441702429065,
      "V_model": 212.9647837161568
    },
    {
      "R": 16.27,
      "V_obs": 210.0,
      "V_GR": 206.4204493261266,
      "V_required": 38.60826465926697,
      "capacity": 14.685386589629017,
      "provided": 6.503667284397004,
      "V_model": 206.5228790912671
    },
    {
      "R": 17.11,
      "V_obs": 208.0,
      "V_GR": 200.283838838784,
      "V_required": 56.12828075043811,
      "capacity": 0.0,
      "provided": 0.0,
      "V_model": 200.283838838784
    }
  ]
}