{
  "galaxy": "NGC0801",
  "alpha": 2.8271,
  "gamma": 0.8579,
  "alpha_eff": 2.8271,
  "gamma_eff": 0.8579,
  "alpha_scaling": "constant",
  "gamma_scaling": "constant",
  "shell_mode": "gravity_adaptive",
  "shell_parameters": {
    "R_coh": 179.46,
    "R_stop": 239.28,
    "r_factor": 4.0,
    "n_shell_min": 8,
    "n_shell_max": 40,
    "g_floor": 1e-05,
    "coh_radius_factor": 3.0,
    "spillover_mode": "hybrid",
    "spill_weights": [
      0.04146690935586607,
      0.0811390995967921,
      0.10365601088307635,
      0.13076080894334366,
      0.14773435448734992,
      0.14036069484140354,
      0.12354794423477017,
      0.1041756560242951,
      0.09706729038431738,
      0.030091231248785637,
      0.0,
      0.0,
      0.0,
      0.0,
      0.0,
      0.0,
      0.0,
      0.0,
      0.0,
      0.0,
      0.0,
      0.0,
      0.0,
      0.0,
      0.0,
      0.0,
      0.0,
      0.0,
      0.0,
      0.0,
      0.0,
      0.0,
      0.0,
      0.0,
      0.0,
      0.0,
      0.0,
      0.0,
      0.0,
      0.0
    ]
  },
  "budget_factor": 1.0,
  "spillover_mode": "hybrid",
  "spillover_params": {
    "alpha": 0.4,
    "beta": 1.0,
    "gamma": 0.8,
    "delta": 1.8,
    "gcut": 1e-05
  },
  "shell_profile": {
    "centers": [
      4.24396551724138,
      10.39189655172414,
      16.5398275862069,
      22.68775862068966,
      28.83568965517242,
      34.98362068965518,
      41.131551724137935,
      47.2794827586207,
      53.427413793103455,
      59.57534482758622,
      65.72327586206899,
      71.87120689655174,
      78.01913793103449,
      84.16706896551725,
      90.31500000000003,
      96.46293103448278,
      102.61086206896553,
      108.75879310344828,
      114.90672413793106,
      121.05465517241382,
      127.20258620689657,
      133.35051724137932,
      139.49844827586207,
      145.64637931034486,
      151.79431034482758,
      157.94224137931036,
      164.0901724137931,
      170.23810344827587,
      176.38603448275865,
      181.83765693444784,
      186.6559737287634,
      191.6019658193942,
      196.67901633409735,
      201.8905980464248,
      207.24027575114894,
      212.73170870263226,
      218.3686531178083,
      224.15496474548672,
      230.0946015037394,
      236.19162618717155
    ],
    "mass": [
      124163.92950393223,
      71515.47307979332,
      41874.19563300165,
      34615.82847549602,
      26404.13886266997,
      14740.413075997083,
      7387.177444323227,
      3534.169465249562,
      2274.6868004846137,
      97.07375482876978,
      0.0,
      0.0,
      0.0,
      0.0,
      0.0,
      0.0,
      0.0,
      0.0,
      0.0,
      0.0,
      0.0,
      0.0,
      0.0,
      0.0,
      0.0,
      0.0,
      0.0,
      0.0,
      0.0,
      0.0,
      0.0,
      0.0,
      0.0,
      0.0,
      0.0,
      0.0,
      0.0,
      0.0,
      0.0,
      0.0
    ]
  },
  "scaling_params": {
    "mass_ref": 60000000000.0,
    "sigma_ref": 30.0,
    "alpha_beta": 0.0,
    "gamma_beta": 0.0,
    "alpha_min": 0.01,
    "alpha_max": 100.0,
    "gamma_min": -5.0,
    "gamma_max": 5.0
  },
  "force_match": false,
  "rms_velocity": 37.84077804495241,
  "n_points": 13,
  "data": [
    {
      "R": 1.17,
      "V_obs": 123.0,
      "V_GR": 183.67812063498474,
      "V_required": 0.0,
      "capacity": 969.7334063825111,
      "provided": 3.3245128428752695,
      "V_model": 183.7082044592523
    },
    {
      "R": 1.56,
      "V_obs": 142.0,
      "V_GR": 210.68792205534706,
      "V_required": 0.0,
      "capacity": 984.0901613027656,
      "provided": 3.3245128428752695,
      "V_model": 210.7141497043861
    },
    {
      "R": 1.96,
      "V_obs": 205.0,
      "V_GR": 232.4094131054076,
      "V_required": 0.0,
      "capacity": 971.5868226351265,
      "provided": 3.3245128428752695,
      "V_model": 232.43318972479477
    },
    {
      "R": 2.73,
      "V_obs": 228.0,
      "V_GR": 264.70710455142677,
      "V_required": 0.0,
      "capacity": 906.7430362835207,
      "provided": 3.3245128428752695,
      "V_model": 264.72798036029815
    },
    {
      "R": 3.52,
      "V_obs": 238.0,
      "V_GR": 281.64283001702705,
      "V_required": 0.0,
      "capacity": 708.5561557052941,
      "provided": 3.3245128428752695,
      "V_model": 281.6624506135712
    },
    {
      "R": 10.59,
      "V_obs": 229.0,
      "V_GR": 270.16796423706495,
      "V_required": 0.0,
      "capacity": 351.05678904905636,
      "provided": 32.52569131134333,
      "V_model": 272.118815033582
    },
    {
      "R": 17.65,
      "V_obs": 225.0,
      "V_GR": 246.46340823740957,
      "V_required": 0.0,
      "capacity": 162.78377468697266,
      "provided": 41.551895809815974,
      "V_model": 249.94153645480736
    },
    {
      "R": 24.61,
      "V_obs": 220.0,
      "V_GR": 231.55375229090976,
      "V_required": 0.0,
      "capacity": 161.98450272645698,
      "provided": 52.41721597168041,
      "V_model": 237.41252016315775
    },
    {
      "R": 31.67,
      "V_obs": 222.0,
      "V_GR": 227.31047072231408,
      "V_required": 0.0,
      "capacity": 83.78884409730544,
      "provided": 59.221288306311074,
      "V_model": 234.89829945884927
    },
    {
      "R": 38.74,
      "V_obs": 219.0,
      "V_GR": 211.61590890100868,
      "V_required": 56.38889163656253,
      "capacity": 38.10031225594771,
      "provided": 49.525842858750046,
      "V_model": 217.33407926708045
    },
    {
      "R": 45.8,
      "V_obs": 214.0,
      "V_GR": 192.45075240175083,
      "V_required": 93.58796877804323,
      "capacity": 15.48272977493696,
      "provided": 41.76020250213461,
      "V_model": 196.92944577441764
    },
    {
      "R": 52.86,
      "V_obs": 216.0,
      "V_GR": 179.65069329117546,
      "V_required": 119.9234272358825,
      "capacity": 9.65318609314094,
      "provided": 38.91071923595334,
      "V_model": 183.81625518832436
    },
    {
      "R": 59.82,
      "V_obs": 216.0,
      "V_GR": 171.7692527782548,
      "V_required": 130.9630627314435,
      "capacity": 0.0,
      "provided": 12.062471775505692,
      "V_model": 172.19227458087332
    }
  ]
}