{
  "galaxy": "NGC2841",
  "alpha": 2.8271,
  "gamma": 0.8579,
  "alpha_eff": 2.8271,
  "gamma_eff": 0.8579,
  "alpha_scaling": "constant",
  "gamma_scaling": "constant",
  "shell_mode": "gravity_adaptive",
  "shell_parameters": {
    "R_coh": 190.92000000000002,
    "R_stop": 254.56,
    "r_factor": 4.0,
    "n_shell_min": 8,
    "n_shell_max": 40,
    "g_floor": 1e-05,
    "coh_radius_factor": 3.0,
    "spillover_mode": "hybrid",
    "spill_weights": [
      0.19512167380718565,
      0.236605500850861,
      0.21078082692882047,
      0.15880217575270208,
      0.09946285292509581,
      0.05980884456809536,
      0.039418125167239686,
      0.0,
      0.0,
      0.0,
      0.0,
      0.0,
      0.0,
      0.0,
      0.0,
      0.0,
      0.0,
      0.0,
      0.0,
      0.0,
      0.0,
      0.0,
      0.0,
      0.0,
      0.0,
      0.0,
      0.0,
      0.0,
      0.0,
      0.0,
      0.0,
      0.0,
      0.0,
      0.0,
      0.0,
      0.0,
      0.0,
      0.0,
      0.0,
      0.0
    ]
  },
  "budget_factor": 1.0,
  "spillover_mode": "hybrid",
  "spillover_params": {
    "alpha": 0.4,
    "beta": 1.0,
    "gamma": 0.8,
    "delta": 1.8,
    "gcut": 1e-05
  },
  "shell_profile": {
    "centers": [
      6.672413793103448,
      13.137241379310346,
      19.60206896551724,
      26.06689655172414,
      32.531724137931036,
      38.99655172413793,
      45.461379310344824,
      51.926206896551726,
      58.39103448275862,
      64.85586206896552,
      71.32068965517242,
      77.78551724137931,
      84.2503448275862,
      90.71517241379311,
      97.18,
      103.6448275862069,
      110.1096551724138,
      116.57448275862069,
      123.03931034482758,
      129.5041379310345,
      135.96896551724137,
      142.4337931034483,
      148.89862068965516,
      155.36344827586208,
      161.82827586206895,
      168.29310344827587,
      174.75793103448277,
      181.22275862068966,
      187.68758620689658,
      193.44948992491237,
      198.5754959561768,
      203.8373304036483,
      209.23859243567287,
      214.78297659101418,
      220.4742753059698,
      226.31638150845052,
      232.3132912807976,
      238.46910659315895,
      244.788038109294,
      251.27440806672678
    ],
    "mass": [
      85679.21834261848,
      25845.07014967424,
      7266.193771963197,
      1804.7046799619764,
      333.32239202868476,
      61.89759711277614,
      15.597540703755744,
      0.0,
      0.0,
      0.0,
      0.0,
      0.0,
      0.0,
      0.0,
      0.0,
      0.0,
      0.0,
      0.0,
      0.0,
      0.0,
      0.0,
      0.0,
      0.0,
      0.0,
      0.0,
      0.0,
      0.0,
      0.0,
      0.0,
      0.0,
      0.0,
      0.0,
      0.0,
      0.0,
      0.0,
      0.0,
      0.0,
      0.0,
      0.0,
      0.0
    ]
  },
  "scaling_params": {
    "mass_ref": 60000000000.0,
    "sigma_ref": 30.0,
    "alpha_beta": 0.0,
    "gamma_beta": 0.0,
    "alpha_min": 0.01,
    "alpha_max": 100.0,
    "gamma_min": -5.0,
    "gamma_max": 5.0
  },
  "force_match": false,
  "rms_velocity": 111.62763850853206,
  "n_points": 50,
  "data": [
    {
      "R": 3.44,
      "V_obs": 285.0,
      "V_GR": 289.9312589218348,
      "V_required": 0.0,
      "capacity": 634.3579392070791,
      "provided": 0.0,
      "V_model": 289.9312589218348
    },
    {
      "R": 3.77,
      "V_obs": 297.0,
      "V_GR": 286.07929722368937,
      "V_required": 79.797466751771,
      "capacity": 649.442383964417,
      "provided": 59.536836791829444,
      "V_model": 292.20882812669595
    },
    {
      "R": 4.13,
      "V_obs": 303.0,
      "V_GR": 284.22515177232293,
      "V_required": 105.00030047576054,
      "capacity": 658.5640455742268,
      "provided": 78.34065424614079,
      "V_model": 294.82400683749177
    },
    {
      "R": 4.47,
      "V_obs": 306.0,
      "V_GR": 282.78312361242496,
      "V_required": 116.91751365813415,
      "capacity": 646.0269973771204,
      "provided": 87.23207906366696,
      "V_model": 295.9319695770801
    },
    {
      "R": 4.8,
      "V_obs": 307.0,
      "V_GR": 281.6261658653187,
      "V_required": 122.21171261380805,
      "capacity": 645.8502890068795,
      "provided": 91.18207737812392,
      "V_model": 296.0193718914189
    },
    {
      "R": 5.13,
      "V_obs": 304.0,
      "V_GR": 281.0518416591501,
      "V_required": 115.87002330197404,
      "capacity": 643.4870302576313,
      "provided": 86.45054720665051,
      "V_model": 294.04733430577005
    },
    {
      "R": 5.48,
      "V_obs": 308.0,
      "V_GR": 281.0117926351134,
      "V_required": 126.08081693897776,
      "capacity": 632.7656705143179,
      "provided": 94.06881353799179,
      "V_model": 296.3386057881177
    },
    {
      "R": 5.83,
      "V_obs": 313.0,
      "V_GR": 280.55263213878425,
      "V_required": 138.7775940128665,
      "capacity": 612.7508399581866,
      "provided": 103.54187045572381,
      "V_model": 299.0496586479742
    },
    {
      "R": 6.16,
      "V_obs": 314.0,
      "V_GR": 280.233626461922,
      "V_required": 141.65138403842013,
      "capacity": 620.6791980769736,
      "provided": 105.68600327960917,
      "V_model": 299.50027827903193
    },
    {
      "R": 6.51,
      "V_obs": 315.0,
      "V_GR": 282.3840592172299,
      "V_required": 139.58597028354964,
      "capacity": 628.9254651091866,
      "provided": 104.1449994528355,
      "V_model": 300.9766399756484
    },
    {
      "R": 6.86,
      "V_obs": 317.0,
      "V_GR": 284.37957257862246,
      "V_required": 140.06162465143694,
      "capacity": 600.9384153423274,
      "provided": 104.49988485989134,
      "V_model": 302.97189182452314
    },
    {
      "R": 7.18,
      "V_obs": 320.0,
      "V_GR": 285.497386678057,
      "V_required": 144.53803028960922,
      "capacity": 574.6176713872885,
      "provided": 107.83972812487787,
      "V_model": 305.1854596176685
    },
    {
      "R": 7.51,
      "V_obs": 316.0,
      "V_GR": 286.64103840866886,
      "V_required": 133.01471760673715,
      "capacity": 560.5659018082177,
      "provided": 99.2421922076597,
      "V_model": 303.33495943293786
    },
    {
      "R": 7.85,
      "V_obs": 318.0,
      "V_GR": 288.61413842707015,
      "V_required": 133.5135914429688,
      "capacity": 540.7676198066209,
      "provided": 99.61440164458118,
      "V_model": 305.32138790954025
    },
    {
      "R": 8.21,
      "V_obs": 321.0,
      "V_GR": 289.92085747665686,
      "V_required": 137.79294756989566,
      "capacity": 499.6145311716645,
      "provided": 102.80722640047865,
      "V_model": 307.6092154018785
    },
    {
      "R": 8.57,
      "V_obs": 323.0,
      "V_GR": 289.8394476257502,
      "V_required": 142.55558424698765,
      "capacity": 451.85779227355044,
      "provided": 106.36062645294979,
      "V_model": 308.7385435274707
    },
    {
      "R": 8.9,
      "V_obs": 321.0,
      "V_GR": 289.1324277904504,
      "V_required": 139.4397332183334,
      "capacity": 418.3195660253952,
      "provided": 104.03589207588357,
      "V_model": 307.2800475787924
    },
    {
      "R": 9.24,
      "V_obs": 323.0,
      "V_GR": 287.4796989354205,
      "V_required": 147.25631633312025,
      "capacity": 387.4834972843013,
      "provided": 109.86783953133968,
      "V_model": 307.7588657752758
    },
    {
      "R": 9.6,
      "V_obs": 323.0,
      "V_GR": 285.42702149586324,
      "V_required": 151.19661173452278,
      "capacity": 362.2407941350026,
      "provided": 112.80769130576574,
      "V_model": 306.910670745963
    },
    {
      "R": 9.93,
      "V_obs": 322.0,
      "V_GR": 284.0806626646734,
      "V_required": 151.59873713194324,
      "capacity": 346.151955565993,
      "provided": 285.3229572359504,
      "V_model": 402.63011912407643
    },
    {
      "R": 10.27,
      "V_obs": 321.0,
      "V_GR": 283.18853454898203,
      "V_required": 151.1464650595574,
      "capacity": 334.60714960855034,
      "provided": 284.47173902919155,