{
  "galaxy": "NGC2998",
  "alpha": 2.8271,
  "gamma": 0.8579,
  "alpha_eff": 2.8271,
  "gamma_eff": 0.8579,
  "alpha_scaling": "constant",
  "gamma_scaling": "constant",
  "shell_mode": "gravity_adaptive",
  "shell_parameters": {
    "R_coh": 126.84,
    "R_stop": 169.12,
    "r_factor": 4.0,
    "n_shell_min": 8,
    "n_shell_max": 40,
    "g_floor": 1e-05,
    "coh_radius_factor": 3.0,
    "spillover_mode": "hybrid",
    "spill_weights": [
      0.006291796052955042,
      0.016958242669433805,
      0.021284932890150387,
      0.021995006249831115,
      0.022095200729962322,
      0.023682301319047208,
      0.02287912650427804,
      0.02082059601966273,
      0.017151840258101184,
      0.013848015906773732,
      0.014531973063309774,
      0.016142324718921734,
      0.017716384296333175,
      0.01924258823392592,
      0.02071064301042915,
      0.022111482642377688,
      0.02343723136315557,
      0.024681166942889885,
      0.02583768197071084,
      0.02690224163322862,
      0.02787133733031053,
      0.02874243601267702,
      0.029513925490525814,
      0.03018505620177836,
      0.030755880077629968,
      0.031227187225872345,
      0.03160044118605423,
      0.03187771350765692,
      0.03206161837281625,
      0.028961473561432433,
      0.029284570429580648,
      0.029562681248618883,
      0.029792360194614065,
      0.029970242693864762,
      0.03009308548024088,
      0.030157809471238622,
      0.030161545114326893,
      0.030101679754624425,
      0.02997590646894413,
      0.029782273701714847
    ]
  },
  "budget_factor": 1.0,
  "spillover_mode": "hybrid",
  "spillover_params": {
    "alpha": 0.4,
    "beta": 1.0,
    "gamma": 0.8,
    "delta": 1.8,
    "gcut": 1e-05
  },
  "shell_profile": {
    "centers": [
      2.5112068965517245,
      6.873620689655173,
      11.236034482758622,
      15.598448275862069,
      19.96086206896552,
      24.323275862068968,
      28.685689655172414,
      33.04810344827587,
      37.41051724137931,
      41.77293103448277,
      46.13534482758621,
      50.49775862068966,
      54.86017241379311,
      59.22258620689655,
      63.58500000000001,
      67.94741379310346,
      72.3098275862069,
      76.67224137931035,
      81.0346551724138,
      85.39706896551725,
      89.75948275862069,
      94.12189655172415,
      98.4843103448276,
      102.84672413793103,
      107.20913793103449,
      111.57155172413795,
      115.93396551724139,
      120.29637931034483,
      124.65879310344829,
      128.52049707770738,
      131.9260208835192,
      135.42178393253073,
      139.01017737555398,
      142.69365572388568,
      146.47473852822765,
      150.3560121020945,
      154.34013129088828,
      158.4298212878499,
      162.62787949812943,
      166.93717745225032
    ],
    "mass": [
      55373.06603865185,
      53709.17737372766,
      28120.9419132646,
      13693.574966206865,
      7652.959388733441,
      5709.916013620651,
      3581.8324803579826,
      2060.6526608821205,
      970.0637000642022,
      451.294673482681,
      417.30581555389523,
      456.7649472135341,
      496.22407887317445,
      535.683210532814,
      575.1423421924545,
      614.6014738520923,
      654.0606055117316,
      693.5197371713734,
      732.9788688310108,
      772.4380004906528,
      811.8971321502898,
      851.3562638099321,
      890.8153954695689,
      930.2745271292083,
      969.733658788851,
      1009.1927904484875,
      1048.6519221081303,
      1088.1110537677664,
      1127.570185427406,
      895.64099157336,
      943.7350741697555,
      994.411710269792,
      1047.8095776949224,
      1104.0748009809074,
      1163.3613512511351,
      1225.8314675621941,
      1291.6561008749684,
      1361.015381866006,
      1434.0991138593886,
      1511.107292228058
    ]
  },
  "scaling_params": {
    "mass_ref": 60000000000.0,
    "sigma_ref": 30.0,
    "alpha_beta": 0.0,
    "gamma_beta": 0.0,
    "alpha_min": 0.01,
    "alpha_max": 100.0,
    "gamma_min": -5.0,
    "gamma_max": 5.0
  },
  "force_match": false,
  "rms_velocity": 34.46027541502741,
  "n_points": 13,
  "data": [
    {
      "R": 0.33,
      "V_obs": 90.0,
      "V_GR": 44.56,
      "V_required": 78.1946698950766,
      "capacity": 258.9783288877694,
      "provided": 1.4687126062027855,
      "V_model": 44.58419806074367
    },
    {
      "R": 0.99,
      "V_obs": 125.0,
      "V_GR": 93.2323361286201,
      "V_required": 83.26302600794664,
      "capacity": 382.15413046948925,
      "provided": 1.563910380241421,
      "V_model": 93.24545198387656
    },
    {
      "R": 1.98,
      "V_obs": 148.0,
      "V_GR": 132.156772433349,
      "V_required": 66.622725101875,
      "capacity": 516.8129794932086,
      "provided": 1.2513594129625905,
      "V_model": 132.16269670516112
    },
    {
      "R": 2.64,
      "V_obs": 180.0,
      "V_GR": 154.6925030504064,
      "V_required": 92.0338497510563,
      "capacity": 583.6936014283692,
      "provided": 1.7286507572463112,
      "V_model": 154.70216137287974
    },
    {
      "R": 3.63,
      "V_obs": 201.0,
      "V_GR": 196.78832409469825,
      "V_required": 40.931106752688784,
      "capacity": 687.017027692405,
      "provided": 0.7687996196437821,
      "V_model": 196.78982583674176
    },
    {
      "R": 7.59,
      "V_obs": 206.0,
      "V_GR": 222.21899558768598,
      "V_required": 0.0,
      "capacity": 354.1368181624918,
      "provided": 18.27795778804412,
      "V_model": 222.96942781668864
    },
    {
      "R": 12.5,
      "V_obs": 214.0,
      "V_GR": 215.5871510549736,
      "V_required": 0.0,
      "capacity": 157.0674433717158,
      "provided": 22.941357337028247,
      "V_model": 216.8043486105969
    },
    {
      "R": 17.48,
      "V_obs": 212.0,
      "V_GR": 203.8936585575922,
      "V_required": 58.06355138983495,
      "capacity": 64.39157056213995,
      "provided": 23.706689638709026,
      "V_model": 205.26721884808123
    },
    {
      "R": 22.46,
      "V_obs": 213.0,
      "V_GR": 183.43258516414144,
      "V_required": 108.2658150110181,
      "capacity": 47.74191076894935,
      "provided": 25.525292465209116,
      "V_model": 185.20003740667676
    },
    {
      "R": 27.44,
      "V_obs": 214.0,
      "V_GR": 172.84412920316385,
      "V_required": 126.17807654263875,
      "capacity": 27.85813862861314,
      "provided": 24.659613417743216,
      "V_model": 174.59435710787602
    },
    {
      "R": 32.32,
      "V_obs": 213.0,
      "V_GR": 164.13762152535293,
      "V_required": 135.74918489626373,
      "capacity": 14.96303859161494,
      "provided": 22.440885095673696,
      "V_model": 165.6645771547956
    },
    {
      "R": 37.3,
      "V_obs": 213.0,
      "V_GR": 154.5049643215389,
      "V_required": 146.61928931760647,
      "capacity": 6.358950292424877,
      "provided": 18.486621422744168,
      "V_model": 155.60700232196453
    },
    {
      "R": 42.28,
      "V_obs": 203.0,
      "V_GR": 145.16660945272506,
      "V_required": 141.90016032408138,
      "capacity": 2.374773893961038,
      "provided": 14.925688653364732,
      "V_model": 145.93190426283482
    }
  ]
}