{
  "galaxy": "NGC2915",
  "alpha": 2.8271,
  "gamma": 0.8579,
  "alpha_eff": 2.8271,
  "gamma_eff": 0.8579,
  "alpha_scaling": "constant",
  "gamma_scaling": "constant",
  "shell_mode": "gravity_adaptive",
  "shell_parameters": {
    "R_coh": 30.119999999999997,
    "R_stop": 40.16,
    "r_factor": 4.0,
    "n_shell_min": 8,
    "n_shell_max": 40,
    "g_floor": 1e-05,
    "coh_radius_factor": 3.0,
    "spillover_mode": "hybrid",
    "spill_weights": [
      0.21630928379846598,
      0.25861120316330277,
      0.23240546874283607,
      0.1578540519683585,
      0.09761232570618932,
      0.03720766662084751,
      0.0,
      0.0,
      0.0,
      0.0,
      0.0,
      0.0,
      0.0,
      0.0,
      0.0,
      0.0,
      0.0,
      0.0,
      0.0,
      0.0,
      0.0,
      0.0,
      0.0,
      0.0,
      0.0,
      0.0,
      0.0,
      0.0,
      0.0,
      0.0,
      0.0,
      0.0,
      0.0,
      0.0,
      0.0,
      0.0,
      0.0,
      0.0,
      0.0,
      0.0
    ]
  },
  "budget_factor": 1.0,
  "spillover_mode": "hybrid",
  "spillover_params": {
    "alpha": 0.4,
    "beta": 1.0,
    "gamma": 0.8,
    "delta": 1.8,
    "gcut": 1e-05
  },
  "shell_profile": {
    "centers": [
      0.853448275862069,
      1.8803448275862067,
      2.907241379310344,
      3.934137931034482,
      4.9610344827586195,
      5.987931034482758,
      7.014827586206895,
      8.041724137931034,
      9.06862068965517,
      10.095517241379309,
      11.122413793103446,
      12.149310344827583,
      13.176206896551722,
      14.20310344827586,
      15.229999999999997,
      16.256896551724136,
      17.283793103448275,
      18.31068965517241,
      19.337586206896546,
      20.364482758620685,
      21.391379310344824,
      22.41827586206896,
      23.4451724137931,
      24.472068965517238,
      25.498965517241373,
      26.525862068965512,
      27.55275862068965,
      28.579655172413787,
      29.60655172413793,
      30.519058435671276,
      31.327749519170567,
      32.157869221442944,
      33.00998535597353,
      33.88468078211474,
      34.78255380377023,
      35.70421857864306,
      36.65030553832824,
      37.62146181953672,
      38.61835170674596,
      39.641657086579784
    ],
    "mass": [
      333.76637234035644,
      75.15297578397245,
      20.58895583046081,
      4.00502363067754,
      0.7512167263995416,
      0.04780422362775,
      0.0,
      0.0,
      0.0,
      0.0,
      0.0,
      0.0,
      0.0,
      0.0,
      0.0,
      0.0,
      0.0,
      0.0,
      0.0,
      0.0,
      0.0,
      0.0,
      0.0,
      0.0,
      0.0,
      0.0,
      0.0,
      0.0,
      0.0,
      0.0,
      0.0,
      0.0,
      0.0,
      0.0,
      0.0,
      0.0,
      0.0,
      0.0,
      0.0,
      0.0
    ]
  },
  "scaling_params": {
    "mass_ref": 60000000000.0,
    "sigma_ref": 30.0,
    "alpha_beta": 0.0,
    "gamma_beta": 0.0,
    "alpha_min": 0.01,
    "alpha_max": 100.0,
    "gamma_min": -5.0,
    "gamma_max": 5.0
  },
  "force_match": false,
  "rms_velocity": 88.68225951277502,
  "n_points": 30,
  "data": [
    {
      "R": 0.34,
      "V_obs": 13.5,
      "V_GR": 44.965484540923164,
      "V_required": 0.0,
      "capacity": 143.62416954141057,
      "provided": 0.0,
      "V_model": 44.965484540923164
    },
    {
      "R": 0.67,
      "V_obs": 31.3,
      "V_GR": 49.47501288529393,
      "V_required": 0.0,
      "capacity": 70.91351128169474,
      "provided": 0.0,
      "V_model": 49.47501288529393
    },
    {
      "R": 1.0,
      "V_obs": 35.3,
      "V_GR": 47.95249732808501,
      "V_required": 0.0,
      "capacity": 39.807741669281526,
      "provided": 0.0,
      "V_model": 47.95249732808501
    },
    {
      "R": 1.34,
      "V_obs": 50.5,
      "V_GR": 45.47021882507275,
      "V_required": 21.970644050641752,
      "capacity": 23.75856332667218,
      "provided": 423.5631195946199,
      "V_model": 425.99678059901606
    },
    {
      "R": 1.68,
      "V_obs": 61.0,
      "V_GR": 42.56496799012071,
      "V_required": 43.694662145392535,
      "capacity": 14.901746625461762,
      "provided": 137.51397717982462,
      "V_model": 143.95093059724667
    },
    {
      "R": 2.01,
      "V_obs": 66.5,
      "V_GR": 39.99392078803977,
      "V_required": 53.12942969767321,
      "capacity": 9.07656808506229,
      "provided": 167.2066752390104,
      "V_model": 171.92319780786968
    },
    {
      "R": 2.34,
      "V_obs": 74.4,
      "V_GR": 37.800624333468356,
      "V_required": 64.0817665174736,
      "capacity": 6.588719385603355,
      "provided": 201.67540257445214,
      "V_model": 205.18736609150022
    },
    {
      "R": 2.67,
      "V_obs": 83.0,
      "V_GR": 35.88522258534841,
      "V_required": 74.84150452790217,
      "capacity": 4.049396259354778,
      "provided": 147.1870569362631,
      "V_model": 151.49844530409794
    },
    {
      "R": 3.01,
      "V_obs": 86.4,
      "V_GR": 33.97888314821427,
      "V_required": 79.43799783478937,
      "capacity": 2.4631261985552597,
      "provided": 156.22675123871707,
      "V_model": 159.87921160239685
    },
    {
      "R": 3.35,
      "V_obs": 83.6,
      "V_GR": 32.27201419186599,
      "V_required": 77.11988783705536,
      "capacity": 1.3161670780606538,
      "provided": 151.6678398382415,
      "V_model": 155.0632662534827
    },
    {
      "R": 3.68,
      "V_obs": 79.8,
      "V_GR": 31.10021221792546,
      "V_required": 73.49024969341171,
      "capacity": 0.7942334045910465,
      "provided": 99.38380998171677,
      "V_model": 104.1362803564732
    },
    {
      "R": 4.02,
      "V_obs": 82.8,
      "V_GR": 30.28989600510375,
      "V_required": 77.06076952639391,
      "capacity": 0.4627555954490296,
      "provided": 104.2123670501365,
      "V_model": 108.52509039937436
    },
    {
      "R": 4.35,
      "V_obs": 83.5,
      "V_GR": 29.762677970908463,
      "V_required": 78.01559459492698,
      "capacity": 0.2658144086487897,
      "provided": 105.50361525752118,
      "V_model": 109.62130190983436
    },
    {
      "R": 4.68,
      "V_obs": 80.4,
      "V_GR": 29.32402598552934,
      "V_required": 74.8616156651725,
      "capacity": 0.16119736542113114,
      "provided": 63.042586684262744,
      "V_model": 69.52888777941715
    },
    {
      "R": 5.02,
      "V_obs": 80.3,
      "V_GR": 28.766988024469992,
      "V_required": 74.97033013132595,
      "capacity": 0.08528623702626108,
      "provided": 63.13413748897643,
      "V_model": 69.37909567353108
    },
    {
      "R": 5.35,
      "V_obs": 82.1,
      "V_GR": 28.10301763156405,
      "V_required": 77.14032927075175,
      "capacity": 0.044867487185477936,
      "provided": 64.96154072675706,
      "V_model": 70.77980908136243
    },
    {
      "R": 5.69,
      "V_obs": 82.4,
      "V_GR": 27.34188910810663,
      "V_required": 77.73146788785093,
      "capacity": 0.04710759770626504,
      "provided": 24.773922300344125,
      "V_model": 36.89615327027315
    },
    {
      "R": 6.03,
      "V_obs": 80.9,
      "V_GR": 26.664980780041823,
      "V_required": 76.37924325364844,
      "capacity": 0.0,
      "provided": 24.342952592314468,
      "V_model": 36.10540874871339
    },
    {
      "R": 6.36,
      "V_obs": 79.0,
      "V_GR": 26.310549215096213,
      "V_required": 74.48996576720921,
      "capacity": 0.0,
      "provided": 23.740817898031274,
      "V_model": 35.43827640373445
    },
    {
      "R": 6.69,
      "V_obs": 81.4,
      "V_GR": 26.226662006439174,
      "V_required": 77.05921229807635,
      "capacity": 0.0,
      "provided": 0.0,
      "V_model": 26.226662006439174
    },
    {
      "R": 7.02,
      "V_obs": 79.7,
      "V_GR": 26.366928148724494,
      "V_required": 75.21220047306156,
      "capacity": 0.0,
      "provided": 0.0,
      "V_model": 26.366928148724494
    },
    {
      "R": 7.36,
      "V_obs": 77.5,
      "V_GR": 26.48918647297421,
      "V_required": 72.83249961383997,
      "capacity": 0.0,