{
  "galaxy": "NGC2683",
  "alpha": 2.8271,
  "gamma": 0.8579,
  "alpha_eff": 2.8271,
  "gamma_eff": 0.8579,
  "alpha_scaling": "constant",
  "gamma_scaling": "constant",
  "shell_mode": "gravity_adaptive",
  "shell_parameters": {
    "R_coh": 103.85999999999999,
    "R_stop": 138.48,
    "r_factor": 4.0,
    "n_shell_min": 8,
    "n_shell_max": 40,
    "g_floor": 1e-05,
    "coh_radius_factor": 3.0,
    "spillover_mode": "hybrid",
    "spill_weights": [
      0.20419688290240115,
      0.2291528032961234,
      0.20250762637250372,
      0.13419083374945284,
      0.10539824739276003,
      0.07135867233746801,
      0.05319493394929091,
      0.0,
      0.0,
      0.0,
      0.0,
      0.0,
      0.0,
      0.0,
      0.0,
      0.0,
      0.0,
      0.0,
      0.0,
      0.0,
      0.0,
      0.0,
      0.0,
      0.0,
      0.0,
      0.0,
      0.0,
      0.0,
      0.0,
      0.0,
      0.0,
      0.0,
      0.0,
      0.0,
      0.0,
      0.0,
      0.0,
      0.0,
      0.0,
      0.0
    ]
  },
  "budget_factor": 1.0,
  "spillover_mode": "hybrid",
  "spillover_params": {
    "alpha": 0.4,
    "beta": 1.0,
    "gamma": 0.8,
    "delta": 1.8,
    "gcut": 1e-05
  },
  "shell_profile": {
    "centers": [
      4.630862068965517,
      8.112586206896552,
      11.594310344827585,
      15.076034482758619,
      18.557758620689654,
      22.039482758620686,
      25.52120689655172,
      29.002931034482756,
      32.48465517241379,
      35.96637931034482,
      39.44810344827586,
      42.92982758620689,
      46.41155172413792,
      49.89327586206896,
      53.37499999999999,
      56.856724137931025,
      60.33844827586206,
      63.820172413793095,
      67.30189655172413,
      70.78362068965515,
      74.2653448275862,
      77.74706896551723,
      81.22879310344825,
      84.7105172413793,
      88.19224137931033,
      91.67396551724136,
      95.15568965517241,
      98.63741379310343,
      102.11913793103446,
      105.23603615965533,
      108.02457055315588,
      110.88699526358113,
      113.8252682294625,
      116.84139927059884,
      119.93745146280128,
      123.11554254906594,
      126.37784638813973,
      129.72659444147018,
      133.1640772995562,
      136.69264624874418
    ],
    "mass": [
      39436.18148585341,
      13120.360014267006,
      4019.840796918319,
      763.9109586473012,
      256.0597612680118,
      65.10485536006621,
      22.546776763849387,
      0.0,
      0.0,
      0.0,
      0.0,
      0.0,
      0.0,
      0.0,
      0.0,
      0.0,
      0.0,
      0.0,
      0.0,
      0.0,
      0.0,
      0.0,
      0.0,
      0.0,
      0.0,
      0.0,
      0.0,
      0.0,
      0.0,
      0.0,
      0.0,
      0.0,
      0.0,
      0.0,
      0.0,
      0.0,
      0.0,
      0.0,
      0.0,
      0.0
    ]
  },
  "scaling_params": {
    "mass_ref": 60000000000.0,
    "sigma_ref": 30.0,
    "alpha_beta": 0.0,
    "gamma_beta": 0.0,
    "alpha_min": 0.01,
    "alpha_max": 100.0,
    "gamma_min": -5.0,
    "gamma_max": 5.0
  },
  "force_match": false,
  "rms_velocity": 41.5134579145024,
  "n_points": 11,
  "data": [
    {
      "R": 2.89,
      "V_obs": 189.0,
      "V_GR": 222.856756011569,
      "V_required": 0.0,
      "capacity": 587.9745691369584,
      "provided": 76.42185123833227,
      "V_model": 235.5959105050293
    },
    {
      "R": 5.77,
      "V_obs": 212.0,
      "V_GR": 238.81344350768867,
      "V_required": 0.0,
      "capacity": 210.3984052523692,
      "provided": 76.42185123833227,
      "V_model": 250.7432155546662
    },
    {
      "R": 8.66,
      "V_obs": 206.0,
      "V_GR": 205.3138022637543,
      "V_required": 16.800077380774106,
      "capacity": 111.50320214090988,
      "provided": 171.5234943396605,
      "V_model": 267.53329981609306
    },
    {
      "R": 11.54,
      "V_obs": 200.0,
      "V_GR": 191.9199512817779,
      "V_required": 56.2737265515622,
      "capacity": 40.63028769018368,
      "provided": 151.57927464215243,
      "V_model": 244.55989900439744
    },
    {
      "R": 14.43,
      "V_obs": 172.0,
      "V_GR": 166.49890329969145,
      "V_required": 43.152232850688,
      "capacity": 8.257325505262715,
      "provided": 100.44337394954302,
      "V_model": 194.44988087002713
    },
    {
      "R": 17.31,
      "V_obs": 190.0,
      "V_GR": 150.1313458275786,
      "V_required": 116.44989909828173,
      "capacity": 3.2372665854191727,
      "provided": 42.71785557557891,
      "V_model": 156.09047435694472
    },
    {
      "R": 20.2,
      "V_obs": 169.0,
      "V_GR": 137.24746300023182,
      "V_required": 98.6110232174882,
      "capacity": 0.9942418746919768,
      "provided": 36.173938153518556,
      "V_model": 141.93456204016903
    },
    {
      "R": 23.08,
      "V_obs": 150.0,
      "V_GR": 127.01034170491788,
      "V_required": 79.80208706543958,
      "capacity": 0.3085252507052486,
      "provided": 53.412782452172785,
      "V_model": 137.78444117273597
    },
    {
      "R": 28.85,
      "V_obs": 160.0,
      "V_GR": 112.4125299955481,
      "V_required": 113.8570292076866,
      "capacity": 0.0,
      "provided": 0.0,
      "V_model": 112.4125299955481
    },
    {
      "R": 31.74,
      "V_obs": 155.0,
      "V_GR": 106.83666692666895,
      "V_required": 112.29838200081068,
      "capacity": 0.0,
      "provided": 0.0,
      "V_model": 106.83666692666895
    },
    {
      "R": 34.62,
      "V_obs": 151.0,
      "V_GR": 102.08162910142059,
      "V_required": 111.26698072653899,
      "capacity": 0.0,
      "provided": 0.0,
      "V_model": 102.08162910142059
    }
  ]
}