{
  "galaxy": "NGC3521",
  "alpha": 2.8271,
  "gamma": 0.8579,
  "alpha_eff": 2.8271,
  "gamma_eff": 0.8579,
  "alpha_scaling": "constant",
  "gamma_scaling": "constant",
  "shell_mode": "gravity_adaptive",
  "shell_parameters": {
    "R_coh": 53.22,
    "R_stop": 70.96,
    "r_factor": 4.0,
    "n_shell_min": 8,
    "n_shell_max": 40,
    "g_floor": 1e-05,
    "coh_radius_factor": 3.0,
    "spillover_mode": "hybrid",
    "spill_weights": [
      0.05622209465134746,
      0.11294503073330892,
      0.11782382190292726,
      0.12304796120389905,
      0.1296755537148541,
      0.1299897479154457,
      0.12624197263756518,
      0.11661026826911484,
      0.08744354897153757,
      0.0,
      0.0,
      0.0,
      0.0,
      0.0,
      0.0,
      0.0,
      0.0,
      0.0,
      0.0,
      0.0,
      0.0,
      0.0,
      0.0,
      0.0,
      0.0,
      0.0,
      0.0,
      0.0,
      0.0,
      0.0,
      0.0,
      0.0,
      0.0,
      0.0,
      0.0,
      0.0,
      0.0,
      0.0,
      0.0,
      0.0
    ]
  },
  "budget_factor": 1.0,
  "spillover_mode": "hybrid",
  "spillover_params": {
    "alpha": 0.4,
    "beta": 1.0,
    "gamma": 0.8,
    "delta": 1.8,
    "gcut": 1e-05
  },
  "shell_profile": {
    "centers": [
      1.4187931034482757,
      3.2363793103448275,
      5.053965517241379,
      6.871551724137931,
      8.689137931034484,
      10.506724137931034,
      12.324310344827587,
      14.141896551724138,
      15.959482758620691,
      17.777068965517245,
      19.594655172413795,
      21.41224137931035,
      23.2298275862069,
      25.047413793103452,
      26.865000000000002,
      28.682586206896556,
      30.500172413793106,
      32.31775862068965,
      34.13534482758621,
      35.95293103448276,
      37.77051724137931,
      39.58810344827586,
      41.40568965517242,
      43.22327586206897,
      45.04086206896552,
      46.85844827586207,
      48.676034482758624,
      50.493620689655174,
      52.311206896551724,
      53.92510922796898,
      55.354011600606185,
      56.820776891274704,
      58.326408387945285,
      59.87193596361711,
      61.45841678076533,
      63.08693601445496,
      64.75860759461582,
      66.47457496798619,
      68.23601188024634,
      70.04412317887702
    ],
    "mass": [
      32258.16251233331,
      23669.002668946247,
      8744.517317019145,
      4600.017864847917,
      2979.77469420166,
      1912.3922650361683,
      1228.110021065939,
      737.899559557571,
      275.4804166586796,
      0.0,
      0.0,
      0.0,
      0.0,
      0.0,
      0.0,
      0.0,
      0.0,
      0.0,
      0.0,
      0.0,
      0.0,
      0.0,
      0.0,
      0.0,
      0.0,
      0.0,
      0.0,
      0.0,
      0.0,
      0.0,
      0.0,
      0.0,
      0.0,
      0.0,
      0.0,
      0.0,
      0.0,
      0.0,
      0.0,
      0.0
    ]
  },
  "scaling_params": {
    "mass_ref": 60000000000.0,
    "sigma_ref": 30.0,
    "alpha_beta": 0.0,
    "gamma_beta": 0.0,
    "alpha_min": 0.01,
    "alpha_max": 100.0,
    "gamma_min": -5.0,
    "gamma_max": 5.0
  },
  "force_match": false,
  "rms_velocity": 52.374646113300805,
  "n_points": 41,
  "data": [
    {
      "R": 0.51,
      "V_obs": 143.0,
      "V_GR": 195.69574139464558,
      "V_required": 0.0,
      "capacity": 2781.9068476064426,
      "provided": 2.281699918837237,
      "V_model": 195.70904259772877
    },
    {
      "R": 0.69,
      "V_obs": 160.0,
      "V_GR": 213.4176450062178,
      "V_required": 0.0,
      "capacity": 2812.737883546288,
      "provided": 2.281699918837237,
      "V_model": 213.4298417619233
    },
    {
      "R": 0.86,
      "V_obs": 178.0,
      "V_GR": 228.71405050848975,
      "V_required": 0.0,
      "capacity": 2861.490577767124,
      "provided": 2.281699918837237,
      "V_model": 228.7254315866944
    },
    {
      "R": 1.03,
      "V_obs": 188.0,
      "V_GR": 242.42266436948506,
      "V_required": 0.0,
      "capacity": 2552.210009267467,
      "provided": 2.281699918837237,
      "V_model": 242.43340189528263
    },
    {
      "R": 1.2,
      "V_obs": 187.0,
      "V_GR": 245.13602693198732,
      "V_required": 0.0,
      "capacity": 2227.7879725803,
      "provided": 2.281699918837237,
      "V_model": 245.1466456113965
    },
    {
      "R": 1.38,
      "V_obs": 195.0,
      "V_GR": 248.24868358160535,
      "V_required": 0.0,
      "capacity": 2374.578117977576,
      "provided": 2.281699918837237,
      "V_model": 248.25916912476694
    },
    {
      "R": 1.55,
      "V_obs": 199.0,
      "V_GR": 251.93221092190655,
      "V_required": 0.0,
      "capacity": 2381.9082949178237,
      "provided": 2.281699918837237,
      "V_model": 251.9425431611732
    },
    {
      "R": 1.71,
      "V_obs": 203.0,
      "V_GR": 258.53466962865934,
      "V_required": 0.0,
      "capacity": 2341.335798279544,
      "provided": 2.281699918837237,
      "V_model": 258.5447380135973
    },
    {
      "R": 1.89,
      "V_obs": 206.0,
      "V_GR": 263.10820758767676,
      "V_required": 0.0,
      "capacity": 2300.6706839496514,
      "provided": 2.281699918837237,
      "V_model": 263.11810096327395
    },
    {
      "R": 2.06,
      "V_obs": 211.0,
      "V_GR": 270.433106331307,
      "V_required": 0.0,
      "capacity": 2268.751825238702,
      "provided": 2.281699918837237,
      "V_model": 270.442731746519
    },
    {
      "R": 2.23,
      "V_obs": 219.0,
      "V_GR": 275.2798803036648,
      "V_required": 0.0,
      "capacity": 2068.82047182522,
      "provided": 2.281699918837237,
      "V_model": 275.28933625282264
    },
    {
      "R": 2.41,
      "V_obs": 216.0,
      "V_GR": 277.0156466700031,
      "V_required": 0.0,
      "capacity": 1742.2720545919894,
      "provided": 4.583725829771868,
      "V_model": 277.0535670993653
    },
    {
      "R": 2.58,
      "V_obs": 214.0,
      "V_GR": 274.7545495528691,
      "V_required": 0.0,
      "capacity": 1656.1685375692266,
      "provided": 4.583725829771868,
      "V_model": 274.79278200579165
    },
    {
      "R": 2.75,
      "V_obs": 213.0,
      "V_GR": 274.28712911837476,
      "V_required": 0.0,
      "capacity": 1620.5304168882303,
      "provided": 4.583725829771868,
      "V_model": 274.3254267152108
    },
    {
      "R": 2.92,
      "V_obs": 210.0,
      "V_GR": 273.9827156957168,
      "V_required": 0.0,
      "capacity": 1612.3853674015209,
      "provided": 4.583725829771868,
      "V_model": 274.0210558378361
    },
    {
      "R": 3.09,
      "V_obs": 214.0,
      "V_GR": 275.4598253829404,
      "V_required": 0.0,
      "capacity": 1587.0364054099837,
      "provided": 4.583725829771868,
      "V_model": 275.4979599606547
    },
    {
      "R": 3.26,
      "V_obs": 213.0,
      "V_GR": 276.5026614700119,
      "V_required": 0.0,
      "capacity": 1542.0576349171995,
      "provided": 4.583725829771868,
      "V_model": 276.54065224209353
    },
    {
      "R": 3.43,
      "V_obs": 212.0,
      "V_GR": 278.5494842931862,
      "V_required": 0.0,
      "capacity": 1463.3130436412741,
      "provided": 4.583725829771868,
      "V_model": 278.58719594138296
    },
    {
      "R": 3.61,
      "V_obs": 215.0,
      "V_GR": 278.9803234997049,
      "V_required": 0.0,
      "capacity": 1388.2657548614573,
      "provided": 4.583725829771868,
      "V_model": 279.0179769163316
    },
    {
      "R": 3.78,
      "V_obs": 217.0,
      "V_GR": 280.9802373833434,
      "V_required": 0.0,
      "capacity": 1330.1296381796801,
      "provided": 4.583725829771868,
      "V_model": 281.01762283259484
    },
    {
      "R": 3.95,
      "V_obs": 219.0,
      "V_GR": 281.95594992835316,
      "V_required": 0.0,
      "capacity": 1233.5826681527765,
      "provided": 4.583725829771868,
      "V_model": 281.99320602185173
    },
    {
      "R": 4.12,
      "V_obs": 220.0,
      "V_GR": 283.04650995905246,
      "V_required": 0.0,
      "capacity": 1097.2918914329882,
      "provided": 4.583725829771868,