{
  "galaxy": "NGC3953",
  "alpha": 2.8271,
  "gamma": 0.8579,
  "alpha_eff": 2.8271,
  "gamma_eff": 0.8579,
  "alpha_scaling": "constant",
  "gamma_scaling": "constant",
  "shell_mode": "gravity_adaptive",
  "shell_parameters": {
    "R_coh": 47.04,
    "R_stop": 62.72,
    "r_factor": 4.0,
    "n_shell_min": 8,
    "n_shell_max": 40,
    "g_floor": 1e-05,
    "coh_radius_factor": 3.0,
    "spillover_mode": "hybrid",
    "spill_weights": [
      0.008186968543270988,
      0.011071356987608909,
      0.013812957254329706,
      0.015561115998610327,
      0.01664513693976735,
      0.016332724738395463,
      0.015545134063730608,
      0.01410572063936381,
      0.01279153107940518,
      0.014245500835388962,
      0.015689190254517402,
      0.01711419371215704,
      0.018512825758218266,
      0.019878075503598092,
      0.02120357108393856,
      0.022483550734633265,
      0.023712838221446132,
      0.024886821122898986,
      0.026001430937744163,
      0.02705312430059871,
      0.028038864795264285,
      0.02895610499731063,
      0.029802768479018932,
      0.030577231585376927,
      0.03127830484845775,
      0.031905213954601434,
      0.03245758021763389,
      0.03293540054384996,
      0.033339026901822034,
      0.031228810270829216,
      0.0317700233561892,
      0.0322749605577904,
      0.0327393903362182,
      0.03315898948864642,
      0.033529374955388706,
      0.03384614066842525,
      0.03410489959993659,
      0.034301331083091836,
      0.034431233371714436,
      0.03449058127881193
    ]
  },
  "budget_factor": 1.0,
  "spillover_mode": "hybrid",
  "spillover_params": {
    "alpha": 0.4,
    "beta": 1.0,
    "gamma": 0.8,
    "delta": 1.8,
    "gcut": 1e-05
  },
  "shell_profile": {
    "centers": [
      4.250689655172414,
      5.752068965517241,
      7.25344827586207,
      8.754827586206897,
      10.256206896551724,
      11.757586206896551,
      13.25896551724138,
      14.760344827586207,
      16.261724137931033,
      17.763103448275864,
      19.264482758620687,
      20.765862068965518,
      22.26724137931035,
      23.768620689655172,
      25.270000000000003,
      26.771379310344827,
      28.272758620689658,
      29.77413793103448,
      31.275517241379312,
      32.776896551724136,
      34.278275862068966,
      35.7796551724138,
      37.28103448275862,
      38.78241379310345,
      40.283793103448275,
      41.785172413793106,
      43.28655172413794,
      44.78793103448276,
      46.289310344827584,
      47.66323070431531,
      48.92620642037795,
      50.22264834583919,
      51.55344326510608,
      52.91950146051387,
      54.32175733497182,
      55.76117005110787,
      57.23872418734926,
      58.755430411388005,
      60.31232617149168,
      61.91047640613256
    ],
    "mass": [
      17370.83599763985,
      17583.17497714041,
      17428.35834567917,
      14985.188545893721,
      12235.998372959637,
      8528.30361825817,
      5757.228606584193,
      3573.38157720107,
      2279.584493300445,
      2490.0493225765144,
      2700.514151852583,
      2910.978981128659,
      3121.4438104047217,
      3331.90863968079,
      3542.3734689568596,
      3752.8382982329276,
      3963.303127508997,
      4173.7679567850655,
      4384.232786061145,
      4594.6976153371925,
      4805.162444613285,
      5015.62727388933,
      5226.092103165423,
      5436.556932441494,
      5647.021761717536,
      5857.486590993632,
      6067.951420269674,
      6278.416249545771,
      6488.88107882181,
      5547.036084630774,
      5844.900534928886,
      6158.759694725521,
      6489.4724470853635,
      6837.943795330549,
      7205.127339603695,
      7592.027886417367,
      7999.704198331288,
      8429.271891281018,
      8881.906487487528,
      9358.846632302017
    ]
  },
  "scaling_params": {
    "mass_ref": 60000000000.0,
    "sigma_ref": 30.0,
    "alpha_beta": 0.0,
    "gamma_beta": 0.0,
    "alpha_min": 0.01,
    "alpha_max": 100.0,
    "gamma_min": -5.0,
    "gamma_max": 5.0
  },
  "force_match": false,
  "rms_velocity": 18.26639069797791,
  "n_points": 8,
  "data": [
    {
      "R": 3.5,
      "V_obs": 181.0,
      "V_GR": 204.12,
      "V_required": 0.0,
      "capacity": 589.823704007514,
      "provided": 0.0,
      "V_model": 204.12
    },
    {
      "R": 5.24,
      "V_obs": 203.0,
      "V_GR": 218.93,
      "V_required": 0.0,
      "capacity": 577.2312698183249,
      "provided": 0.0,
      "V_model": 218.93
    },
    {
      "R": 6.98,
      "V_obs": 216.0,
      "V_GR": 229.11,
      "V_required": 0.0,
      "capacity": 564.3798485837772,
      "provided": 0.0,
      "V_model": 229.11
    },
    {
      "R": 8.72,
      "V_obs": 223.0,
      "V_GR": 244.44795356067107,
      "V_required": 0.0,
      "capacity": 459.80750004210284,
      "provided": 0.0,
      "V_model": 244.44795356067107
    },
    {
      "R": 10.47,
      "V_obs": 224.0,
      "V_GR": 248.20218371319783,
      "V_required": 0.0,
      "capacity": 344.0116063543642,
      "provided": 0.0,
      "V_model": 248.20218371319783
    },
    {
      "R": 12.19,
      "V_obs": 223.0,
      "V_GR": 244.55126251974247,
      "V_required": 0.0,
      "capacity": 204.08268079635744,
      "provided": 0.0,
      "V_model": 244.55126251974247
    },
    {
      "R": 13.94,
      "V_obs": 224.0,
      "V_GR": 236.27130591758282,
      "V_required": 0.0,
      "capacity": 125.9340009475607,
      "provided": 0.0,
      "V_model": 236.27130591758282
    },
    {
      "R": 15.68,
      "V_obs": 215.0,
      "V_GR": 221.95086753603826,
      "V_required": 0.0,
      "capacity": 57.29227046884893,
      "provided": 0.0,
      "V_model": 221.95086753603826
    }
  ]
}