{
  "galaxy": "NGC3917",
  "alpha": 2.8271,
  "gamma": 0.8579,
  "alpha_eff": 2.8271,
  "gamma_eff": 0.8579,
  "alpha_scaling": "constant",
  "gamma_scaling": "constant",
  "shell_mode": "gravity_adaptive",
  "shell_parameters": {
    "R_coh": 44.58,
    "R_stop": 59.44,
    "r_factor": 4.0,
    "n_shell_min": 8,
    "n_shell_max": 40,
    "g_floor": 1e-05,
    "coh_radius_factor": 3.0,
    "spillover_mode": "hybrid",
    "spill_weights": [
      0.0052595967450666265,
      0.011861052337867205,
      0.01866420749941981,
      0.023483591781693708,
      0.025693979365055953,
      0.026574744712602034,
      0.025712818500398967,
      0.02313550567648341,
      0.01786479885180671,
      0.013101248189001612,
      0.01466270916964625,
      0.016199147934807936,
      0.017699274479910817,
      0.019153006925449644,
      0.020551418411667757,
      0.021886692063883367,
      0.02315207877921882,
      0.02434185479917977,
      0.025451277431959234,
      0.026476538188220818,
      0.02741471317410122,
      0.028263710952885875,
      0.029022218309807054,
      0.029689644477082045,
      0.03026606442900841,
      0.030752161861205208,
      0.031149172439593902,
      0.0314588278550416,
      0.031683301157387045,
      0.028853945277689884,
      0.02921487454368267,
      0.029534689255504766,
      0.029809995443431443,
      0.03003743711509215,
      0.03021372996608639,
      0.0303356979939978,
      0.03040031285479968,
      0.030404735727117892,
      0.030346361368100913,
      0.03022286395504358
    ]
  },
  "budget_factor": 1.0,
  "spillover_mode": "hybrid",
  "spillover_params": {
    "alpha": 0.4,
    "beta": 1.0,
    "gamma": 0.8,
    "delta": 1.8,
    "gcut": 1e-05
  },
  "shell_profile": {
    "centers": [
      1.6236206896551726,
      3.1308620689655173,
      4.638103448275862,
      6.145344827586207,
      7.652586206896553,
      9.159827586206896,
      10.667068965517242,
      12.174310344827585,
      13.681551724137933,
      15.188793103448276,
      16.696034482758623,
      18.203275862068967,
      19.710517241379314,
      21.217758620689658,
      22.725,
      24.23224137931035,
      25.739482758620692,
      27.24672413793104,
      28.753965517241383,
      30.261206896551727,
      31.76844827586207,
      33.275689655172414,
      34.78293103448276,
      36.2901724137931,
      37.797413793103445,
      39.304655172413796,
      40.81189655172414,
      42.31913793103448,
      43.82637931034483,
      45.170638282278404,
      46.36756552339389,
      47.5962088277532,
      48.857408604558444,
      50.15202753209414,
      51.480951147811304,
      52.84508845404737,
      54.245372539796556,
      55.68276121895572,
      57.15823768548255,
      58.672811185913886
    ],
    "mass": [
      2406.6961686814197,
      3599.5075431273603,
      4249.002388150668,
      3807.1630418515633,
      2821.818810619886,
      2014.793654554809,
      1309.9013096308502,
      750.1934637866834,
      306.0541966202585,
      113.63524027478753,
      124.91169490311145,
      136.18814953143516,
      147.4646041597594,
      158.74105878808294,
      170.01751341640718,
      181.29396804473066,
      192.57042267305454,
      203.8468773013789,
      215.1233319297023,
      226.39978655802668,
      237.67624118634947,
      248.9526958146739,
      260.2291504429977,
      271.5056050713216,
      282.7820596996468,
      294.05851432796936,
      305.33496895629327,
      316.6114235846171,
      327.88787821294096,
      264.8590244458459,
      279.08141033254407,
      294.06750914438743,
      309.85833069763436,
      326.49708695149553,
      344.02931025867736,
      362.50297796575836,
      381.9686437043266,
      402.4795757322137,
      424.0919027033463,
      446.864767265131
    ]
  },
  "scaling_params": {
    "mass_ref": 60000000000.0,
    "sigma_ref": 30.0,
    "alpha_beta": 0.0,
    "gamma_beta": 0.0,
    "alpha_min": 0.01,
    "alpha_max": 100.0,
    "gamma_min": -5.0,
    "gamma_max": 5.0
  },
  "force_match": false,
  "rms_velocity": 25.00155869938335,
  "n_points": 17,
  "data": [
    {
      "R": 0.87,
      "V_obs": 24.3,
      "V_GR": 35.64,
      "V_required": 0.0,
      "capacity": 80.76765349304775,
      "provided": 0.0,
      "V_model": 35.64
    },
    {
      "R": 1.74,
      "V_obs": 49.6,
      "V_GR": 47.54,
      "V_required": 14.145967623319393,
      "capacity": 117.46883937914099,
      "provided": 6.085566065953963,
      "V_model": 47.92792207412179
    },
    {
      "R": 2.61,
      "V_obs": 73.6,
      "V_GR": 60.47,
      "V_required": 41.95639522170606,
      "capacity": 145.811051599947,
      "provided": 5.206143670688424,
      "V_model": 60.69369680551555
    },
    {
      "R": 3.5,
      "V_obs": 101.0,
      "V_GR": 74.08847953629498,
      "V_required": 68.6432604120754,
      "capacity": 158.91837741231953,
      "provided": 8.517573395935136,
      "V_model": 74.57648326754985
    },
    {
      "R": 4.37,
      "V_obs": 107.0,
      "V_GR": 86.0731694548307,
      "V_required": 63.56421556190243,
      "capacity": 173.59014808434068,
      "provided": 10.991181641108245,
      "V_model": 86.77209559453912
    },
    {
      "R": 5.24,
      "V_obs": 115.0,
      "V_GR": 97.28408400144393,
      "V_required": 61.325418873416595,
      "capacity": 165.3108835167043,
      "provided": 10.604060981423618,
      "V_model": 97.86030405275548
    },
    {
      "R": 6.11,
      "V_obs": 123.0,
      "V_GR": 105.04850308309966,
      "V_required": 63.98290396660659,
      "capacity": 148.1192733865177,
      "provided": 27.171465072381753,
      "V_model": 108.50565199186474
    },
    {
      "R": 6.98,
      "V_obs": 130.0,
      "V_GR": 109.04986198982556,
      "V_required": 70.76812559337714,
      "capacity": 117.65089494503711,
      "provided": 14.477117733335369,
      "V_model": 110.00663315393692
    },
    {
      "R": 7.85,
      "V_obs": 134.0,
      "V_GR": 111.3441242275496,
      "V_required": 74.55525467731971,
      "capacity": 100.09347979347137,
      "provided": 15.251855133257491,
      "V_model": 112.38386487839733
    },
    {
      "R": 8.72,
      "V_obs": 136.0,
      "V_GR": 110.78013043863056,
      "V_required": 78.89082773047826,
      "capacity": 79.2671470312494,
      "provided": 15.260812305850136,
      "V_model": 111.8263372029791
    },
    {
      "R": 9.6,
      "V_obs": 137.0,
      "V_GR": 111.17184625614527,
      "V_required": 80.0613552221045,
      "capacity": 63.60720193339237,
      "provided": 15.487241674921698,
      "V_model": 112.24541885839899
    },
    {
      "R": 10.47,
      "V_obs": 136.0,
      "V_GR": 110.08461927081366,
      "V_required": 79.8584785730357,
      "capacity": 47.85045599407662,
      "provided": 14.501206034683694,
      "V_model": 111.0356176029131
    },
    {
      "R": 11.35,
      "V_obs": 137.0,
      "V_GR": 108.24236231716306,
      "V_required": 83.9797058818379,
      "capacity": 34.50074866333882,
      "provided": 15.249564473118616,
      "V_model": 109.31129043525102
    },
    {
      "R": 12.19,
      "V_obs": 137.0,
      "V_GR": 105.81480661986771,
      "V_required": 87.01854227691935,
      "capacity": 24.683264364532473,
      "provided": 26.76871537643125,
      "V_model": 109.14823600454744
    },
    {
      "R": 13.12,
      "V_obs": 137.0,
      "V_GR": 101.70230479197608,
      "V_required": 91.79129152593943,
      "capacity": 14.25920316542745,
      "provided": 10.062679165863793,
      "V_model": 102.19890563012457
    },
    {
      "R": 13.94,
      "V_obs": 138.0,
      "V_GR": 98.39248802627161,
      "V_required": 96.76217391108985,
      "capacity": 7.636635294732227,
      "provided": 10.60761533335281,
      "V_model": 98.96263538861717
    },
    {
      "R": 14.86,
      "V_obs": 137.0,
      "V_GR": 93.92352474220715,
      "V_required": 99.73651036606405,
      "capacity": 3.4552508106673803,