{
  "galaxy": "NGC3726",
  "alpha": 2.8271,
  "gamma": 0.8579,
  "alpha_eff": 2.8271,
  "gamma_eff": 0.8579,
  "alpha_scaling": "constant",
  "gamma_scaling": "constant",
  "shell_mode": "gravity_adaptive",
  "shell_parameters": {
    "R_coh": 97.56,
    "R_stop": 130.08,
    "r_factor": 4.0,
    "n_shell_min": 8,
    "n_shell_max": 40,
    "g_floor": 1e-05,
    "coh_radius_factor": 3.0,
    "spillover_mode": "hybrid",
    "spill_weights": [
      0.1030306583477378,
      0.14111218448927035,
      0.14998384190629366,
      0.1404598616926882,
      0.12951834821686792,
      0.11667490162828888,
      0.09839727816749973,
      0.07057595595408814,
      0.05024696959726537,
      0.0,
      0.0,
      0.0,
      0.0,
      0.0,
      0.0,
      0.0,
      0.0,
      0.0,
      0.0,
      0.0,
      0.0,
      0.0,
      0.0,
      0.0,
      0.0,
      0.0,
      0.0,
      0.0,
      0.0,
      0.0,
      0.0,
      0.0,
      0.0,
      0.0,
      0.0,
      0.0,
      0.0,
      0.0,
      0.0,
      0.0
    ]
  },
  "budget_factor": 1.0,
  "spillover_mode": "hybrid",
  "spillover_params": {
    "alpha": 0.4,
    "beta": 1.0,
    "gamma": 0.8,
    "delta": 1.8,
    "gcut": 1e-05
  },
  "shell_profile": {
    "centers": [
      5.121724137931034,
      8.365172413793104,
      11.608620689655172,
      14.852068965517242,
      18.095517241379312,
      21.33896551724138,
      24.58241379310345,
      27.82586206896552,
      31.06931034482759,
      34.31275862068966,
      37.55620689655173,
      40.79965517241379,
      44.043103448275865,
      47.28655172413794,
      50.53,
      53.773448275862066,
      57.016896551724145,
      60.26034482758621,
      63.503793103448274,
      66.74724137931034,
      69.99068965517242,
      73.2341379310345,
      76.47758620689655,
      79.72103448275863,
      82.9644827586207,
      86.20793103448275,
      89.45137931034483,
      92.6948275862069,
      95.93827586206896,
      98.85256776175599,
      101.4719536218553,
      104.16074771726343,
      106.92078922074299,
      109.75396603928007,
      112.66221610543906,
      115.64752870293549,
      118.71194582733409,
      121.8575635828022,
      125.08653361587436,
      128.40106458720862
    ],
    "mass": [
      22108.74382412379,
      14435.666090546789,
      7558.052973321942,
      3553.3475505239394,
      1825.6485663205797,
      965.1052819240731,
      461.03565469510664,
      154.28706905189603,
      52.70249570289482,
      0.0,
      0.0,
      0.0,
      0.0,
      0.0,
      0.0,
      0.0,
      0.0,
      0.0,
      0.0,
      0.0,
      0.0,
      0.0,
      0.0,
      0.0,
      0.0,
      0.0,
      0.0,
      0.0,
      0.0,
      0.0,
      0.0,
      0.0,
      0.0,
      0.0,
      0.0,
      0.0,
      0.0,
      0.0,
      0.0,
      0.0
    ]
  },
  "scaling_params": {
    "mass_ref": 60000000000.0,
    "sigma_ref": 30.0,
    "alpha_beta": 0.0,
    "gamma_beta": 0.0,
    "alpha_min": 0.01,
    "alpha_max": 100.0,
    "gamma_min": -5.0,
    "gamma_max": 5.0
  },
  "force_match": false,
  "rms_velocity": 35.29459106417699,
  "n_points": 12,
  "data": [
    {
      "R": 3.5,
      "V_obs": 102.0,
      "V_GR": 138.23,
      "V_required": 0.0,
      "capacity": 356.15940661730104,
      "provided": 23.70888985538466,
      "V_model": 140.2485092903834
    },
    {
      "R": 5.24,
      "V_obs": 125.0,
      "V_GR": 163.99,
      "V_required": 0.0,
      "capacity": 273.8310974303505,
      "provided": 23.70888985538466,
      "V_model": 165.694995573719
    },
    {
      "R": 6.98,
      "V_obs": 145.0,
      "V_GR": 178.16548515355043,
      "V_required": 0.0,
      "capacity": 272.4298609806151,
      "provided": 32.472016513930086,
      "V_model": 181.10044714599948
    },
    {
      "R": 8.72,
      "V_obs": 164.0,
      "V_GR": 184.26608695036643,
      "V_required": 0.0,
      "capacity": 139.58334344365426,
      "provided": 32.472016513930086,
      "V_model": 187.1053784809003
    },
    {
      "R": 10.47,
      "V_obs": 162.0,
      "V_GR": 176.4495451963535,
      "V_required": 0.0,
      "capacity": 103.09280357633351,
      "provided": 34.51351709160285,
      "V_model": 179.79328369556066
    },
    {
      "R": 12.19,
      "V_obs": 160.0,
      "V_GR": 170.53689395553093,
      "V_required": 0.0,
      "capacity": 74.59258823020195,
      "provided": 34.51351709160285,
      "V_model": 173.9942960617743
    },
    {
      "R": 13.94,
      "V_obs": 156.0,
      "V_GR": 166.03960551627435,
      "V_required": 0.0,
      "capacity": 48.63726887547549,
      "provided": 32.3219073174798,
      "V_model": 169.15630728010044
    },
    {
      "R": 16.03,
      "V_obs": 146.0,
      "V_GR": 157.25697758764156,
      "V_required": 0.0,
      "capacity": 23.284789451393898,
      "provided": 32.3219073174798,
      "V_model": 160.544270195606
    },
    {
      "R": 22.3,
      "V_obs": 158.0,
      "V_GR": 133.22339509260377,
      "V_required": 84.94425819324104,
      "capacity": 6.351811663960512,
      "provided": 53.69726712328007,
      "V_model": 143.63798068933195
    },
    {
      "R": 27.52,
      "V_obs": 168.0,
      "V_GR": 117.52012125589388,
      "V_required": 120.05424232404283,
      "capacity": 1.5225580279181208,
      "provided": 32.481158385040914,
      "V_model": 121.92622585003653
    },
    {
      "R": 30.08,
      "V_obs": 169.0,
      "V_GR": 111.57756046804393,
      "V_required": 126.93087882780927,
      "capacity": 0.781116459397313,
      "provided": 11.50053284494103,
      "V_model": 112.1686866095773
    },
    {
      "R": 32.52,
      "V_obs": 167.0,
      "V_GR": 106.9018287963307,
      "V_required": 128.3004247849554,
      "capacity": 0.0,
      "provided": 11.624620130936915,
      "V_model": 107.53200822633502
    }
  ]
}