{
  "galaxy": "NGC3949",
  "alpha": 2.8271,
  "gamma": 0.8579,
  "alpha_eff": 2.8271,
  "gamma_eff": 0.8579,
  "alpha_scaling": "constant",
  "gamma_scaling": "constant",
  "shell_mode": "gravity_adaptive",
  "shell_parameters": {
    "R_coh": 21.21,
    "R_stop": 28.28,
    "r_factor": 4.0,
    "n_shell_min": 8,
    "n_shell_max": 40,
    "g_floor": 1e-05,
    "coh_radius_factor": 3.0,
    "spillover_mode": "hybrid",
    "spill_weights": [
      0.00992781510377264,
      0.012921144392842442,
      0.013593926872004222,
      0.013799502636660022,
      0.013559172143933502,
      0.013247304117641683,
      0.012316690792644615,
      0.01244721874013701,
      0.013094695445026004,
      0.014543453094286127,
      0.015981097104718782,
      0.017399522188265938,
      0.01879130595470506,
      0.020149666615349008,
      0.021468430069719057,
      0.022742003251141178,
      0.02396535165665563,
      0.02513397964458159,
      0.02624391250677293,
      0.02729167960364328,
      0.02827429804289617,
      0.02918925652036743,
      0.03003449904334871,
      0.03080840833529299,
      0.03150978878325979,
      0.03213784884032184,
      0.032692182837184246,
      0.033172752192219684,
      0.03357986603812028,
      0.03156151187072657,
      0.0321120541535832,
      0.032626060725592064,
      0.03309923598145969,
      0.03352718931559786,
      0.03390546734358158,
      0.03422959126127507,
      0.034495099503737796,
      0.03469759577876869,
      0.03483280244249875,
      0.03489661905566693
    ]
  },
  "budget_factor": 1.0,
  "spillover_mode": "hybrid",
  "spillover_params": {
    "alpha": 0.4,
    "beta": 1.0,
    "gamma": 0.8,
    "delta": 1.8,
    "gcut": 1e-05
  },
  "shell_profile": {
    "centers": [
      2.0756896551724138,
      2.747068965517242,
      3.4184482758620693,
      4.089827586206897,
      4.761206896551725,
      5.432586206896552,
      6.10396551724138,
      6.775344827586208,
      7.446724137931035,
      8.118103448275864,
      8.78948275862069,
      9.460862068965518,
      10.132241379310347,
      10.803620689655173,
      11.475000000000001,
      12.14637931034483,
      12.817758620689656,
      13.489137931034485,
      14.160517241379313,
      14.831896551724139,
      15.503275862068968,
      16.174655172413797,
      16.846034482758622,
      17.51741379310345,
      18.188793103448276,
      18.8601724137931,
      19.531551724137934,
      20.20293103448276,
      20.874310344827585,
      21.491010272927888,
      22.060477002045424,
      22.645033405936424,
      23.245079329355875,
      23.86102521210671,
      24.49329236978641,
      25.14231328197275,
      25.808531888045877,
      26.49240389084906,
      27.19439706839581,
      27.91499159383656
    ],
    "mass": [
      5863.327571362436,
      5705.555640500448,
      3820.332943032659,
      2589.8463208818193,
      1738.3207711181399,
      1213.2343375893395,
      779.7727619027983,
      638.2593984302972,
      593.710721877043,
      647.2382982468695,
      700.7658746166964,
      754.2934509865255,
      807.8210273563508,
      861.3486037261778,
      914.8761800960071,
      968.4037564658321,
      1021.9313328356591,
      1075.4589092054891,
      1128.9864855753135,
      1182.5140619451404,
      1236.041638314971,
      1289.5692146847948,
      1343.096791054618,
      1396.6243674244524,
      1450.1519437942718,
      1503.6795201641069,
      1557.2070965339342,
      1610.7346729037529,
      1664.2622492735882,
      1434.3353325998132,
      1511.3561954299107,
      1592.512920478752,
      1678.0275950570108,
      1768.1342321080397,
      1863.0794105898108,
      1963.1229502442147,
      2068.5386225997954,
      2179.614900154288,
      2296.6557457862177,
      2419.9814445567727
    ]
  },
  "scaling_params": {
    "mass_ref": 60000000000.0,
    "sigma_ref": 30.0,
    "alpha_beta": 0.0,
    "gamma_beta": 0.0,
    "alpha_min": 0.01,
    "alpha_max": 100.0,
    "gamma_min": -5.0,
    "gamma_max": 5.0
  },
  "force_match": false,
  "rms_velocity": 32.0278324829996,
  "n_points": 7,
  "data": [
    {
      "R": 1.74,
      "V_obs": 123.0,
      "V_GR": 160.46363077034,
      "V_required": 0.0,
      "capacity": 958.1559066067598,
      "provided": 0.4755661675575672,
      "V_model": 160.46433548667358
    },
    {
      "R": 2.61,
      "V_obs": 145.0,
      "V_GR": 185.50582201106252,
      "V_required": 0.0,
      "capacity": 964.1647014919698,
      "provided": 0.618953823689458,
      "V_model": 185.50685460067473
    },
    {
      "R": 3.5,
      "V_obs": 152.0,
      "V_GR": 201.16262202506704,
      "V_required": 0.0,
      "capacity": 539.6346486789489,
      "provided": 0.6511817189383595,
      "V_model": 201.163675989556
    },
    {
      "R": 4.37,
      "V_obs": 157.0,
      "V_GR": 191.07392182084925,
      "V_required": 0.0,
      "capacity": 294.5335356640467,
      "provided": 0.6610292913919322,
      "V_model": 191.07506524851453
    },
    {
      "R": 5.24,
      "V_obs": 161.0,
      "V_GR": 182.61865895904504,
      "V_required": 0.0,
      "capacity": 184.73873026205337,
      "provided": 0.6345776572029833,
      "V_model": 182.61976149585516
    },
    {
      "R": 6.11,
      "V_obs": 165.0,
      "V_GR": 171.51649162689867,
      "V_required": 0.0,
      "capacity": 104.34092468429611,
      "provided": 0.5899990457138671,
      "V_model": 171.5175063918373
    },
    {
      "R": 7.07,
      "V_obs": 169.0,
      "V_GR": 162.0689979607451,
      "V_required": 47.902399731119964,
      "capacity": 72.24302499188865,
      "provided": 0.5962516476307305,
      "V_model": 162.07009476157933
    }
  ]
}