{
  "galaxy": "NGC3769",
  "alpha": 2.8271,
  "gamma": 0.8579,
  "alpha_eff": 2.8271,
  "gamma_eff": 0.8579,
  "alpha_scaling": "constant",
  "gamma_scaling": "constant",
  "shell_mode": "gravity_adaptive",
  "shell_parameters": {
    "R_coh": 111.47999999999999,
    "R_stop": 148.64,
    "r_factor": 4.0,
    "n_shell_min": 8,
    "n_shell_max": 40,
    "g_floor": 1e-05,
    "coh_radius_factor": 3.0,
    "spillover_mode": "hybrid",
    "spill_weights": [
      0.12919632758605915,
      0.13470574937384724,
      0.12993809555330832,
      0.11324639287550198,
      0.12573635106850425,
      0.1372992292487428,
      0.13329549010054004,
      0.09658236419349618,
      0.0,
      0.0,
      0.0,
      0.0,
      0.0,
      0.0,
      0.0,
      0.0,
      0.0,
      0.0,
      0.0,
      0.0,
      0.0,
      0.0,
      0.0,
      0.0,
      0.0,
      0.0,
      0.0,
      0.0,
      0.0,
      0.0,
      0.0,
      0.0,
      0.0,
      0.0,
      0.0,
      0.0,
      0.0,
      0.0,
      0.0,
      0.0
    ]
  },
  "budget_factor": 1.0,
  "spillover_mode": "hybrid",
  "spillover_params": {
    "alpha": 0.4,
    "beta": 1.0,
    "gamma": 0.8,
    "delta": 1.8,
    "gcut": 1e-05
  },
  "shell_profile": {
    "centers": [
      3.6320689655172416,
      7.416206896551724,
      11.200344827586207,
      14.98448275862069,
      18.768620689655172,
      22.55275862068965,
      26.336896551724138,
      30.12103448275862,
      33.9051724137931,
      37.68931034482759,
      41.47344827586207,
      45.257586206896555,
      49.041724137931034,
      52.82586206896552,
      56.61,
      60.394137931034486,
      64.17827586206896,
      67.96241379310344,
      71.74655172413793,
      75.53068965517241,
      79.31482758620689,
      83.09896551724137,
      86.88310344827586,
      90.66724137931034,
      94.45137931034482,
      98.2355172413793,
      102.01965517241379,
      105.80379310344827,
      109.58793103448275,
      112.95699317425743,
      115.95011674625283,
      119.02255181960356,
      122.17639998286617,
      125.41381851228923,
      128.73702184742044,
      132.1482831058143,
      135.64993563787618,
      139.24437462290678,
      142.93405870743817,
      146.7215116869825
    ],
    "mass": [
      8695.452981960101,
      1662.3529628093622,
      564.4493846738006,
      204.35016618898516,
      161.89276174669402,
      138.1302537044201,
      95.43983949564299,
      33.82151912036274,
      0.0,
      0.0,
      0.0,
      0.0,
      0.0,
      0.0,
      0.0,
      0.0,
      0.0,
      0.0,
      0.0,
      0.0,
      0.0,
      0.0,
      0.0,
      0.0,
      0.0,
      0.0,
      0.0,
      0.0,
      0.0,
      0.0,
      0.0,
      0.0,
      0.0,
      0.0,
      0.0,
      0.0,
      0.0,
      0.0,
      0.0,
      0.0
    ]
  },
  "scaling_params": {
    "mass_ref": 60000000000.0,
    "sigma_ref": 30.0,
    "alpha_beta": 0.0,
    "gamma_beta": 0.0,
    "alpha_min": 0.01,
    "alpha_max": 100.0,
    "gamma_min": -5.0,
    "gamma_max": 5.0
  },
  "force_match": false,
  "rms_velocity": 30.745328174137946,
  "n_points": 12,
  "data": [
    {
      "R": 1.74,
      "V_obs": 87.5,
      "V_GR": 126.78499674646051,
      "V_required": 0.0,
      "capacity": 257.52507717275745,
      "provided": 32.162114531785654,
      "V_model": 130.80075309858006
    },
    {
      "R": 3.5,
      "V_obs": 106.0,
      "V_GR": 137.9797380052593,
      "V_required": 0.0,
      "capacity": 136.99981175221887,
      "provided": 32.162114531785654,
      "V_model": 141.67854358072606
    },
    {
      "R": 5.24,
      "V_obs": 116.0,
      "V_GR": 127.15870477478134,
      "V_required": 0.0,
      "capacity": 62.37833390354407,
      "provided": 32.162114531785654,
      "V_model": 131.16301998336152
    },
    {
      "R": 6.98,
      "V_obs": 125.0,
      "V_GR": 115.2906943339314,
      "V_required": 48.30171632561309,
      "capacity": 26.17372965640073,
      "provided": 41.36591962582839,
      "V_model": 122.48707485482089
    },
    {
      "R": 8.72,
      "V_obs": 126.0,
      "V_GR": 105.31830800008136,
      "V_required": 69.16685622463983,
      "capacity": 11.183224622311991,
      "provided": 59.23496788544734,
      "V_model": 120.8334697854447
    },
    {
      "R": 10.47,
      "V_obs": 123.0,
      "V_GR": 97.0566401643906,
      "V_required": 75.55798170941307,
      "capacity": 8.458109296473893,
      "provided": 48.31236042925914,
      "V_model": 108.41621451723282
    },
    {
      "R": 12.31,
      "V_obs": 118.0,
      "V_GR": 90.09078532236246,
      "V_required": 76.20794184335384,
      "capacity": 5.330860427248913,
      "provided": 48.727949987703944,
      "V_model": 102.42442438209831
    },
    {
      "R": 14.52,
      "V_obs": 115.0,
      "V_GR": 83.48831055902377,
      "V_required": 79.08667397229446,
      "capacity": 2.6259443271347163,
      "provided": 84.57462048711909,
      "V_model": 118.84092069039278
    },
    {
      "R": 17.07,
      "V_obs": 122.0,
      "V_GR": 78.40565285743114,
      "V_required": 93.46953300407573,
      "capacity": 2.014681980000478,
      "provided": 93.9023654797074,
      "V_model": 122.33192814095813
    },
    {
      "R": 31.82,
      "V_obs": 121.0,
      "V_GR": 60.845069644137965,
      "V_required": 104.58908881905417,
      "capacity": 0.0,
      "provided": 72.12959803844394,
      "V_model": 94.36525532836487
    },
    {
      "R": 34.61,
      "V_obs": 118.0,
      "V_GR": 58.41294120312724,
      "V_required": 102.52769528278688,
      "capacity": 0.0,
      "provided": 0.0,
      "V_model": 58.41294120312724
    },
    {
      "R": 37.16,
      "V_obs": 113.0,
      "V_GR": 56.41123469664531,
      "V_required": 97.91206565076645,
      "capacity": 0.0,
      "provided": 0.0,
      "V_model": 56.41123469664531
    }
  ]
}