{
  "galaxy": "NGC3198",
  "alpha": 2.8271,
  "gamma": 0.8579,
  "alpha_eff": 2.8271,
  "gamma_eff": 0.8579,
  "alpha_scaling": "constant",
  "gamma_scaling": "constant",
  "shell_mode": "gravity_adaptive",
  "shell_parameters": {
    "R_coh": 132.24,
    "R_stop": 176.32,
    "r_factor": 4.0,
    "n_shell_min": 8,
    "n_shell_max": 40,
    "g_floor": 1e-05,
    "coh_radius_factor": 3.0,
    "spillover_mode": "hybrid",
    "spill_weights": [
      0.0711072837220269,
      0.17416896956983396,
      0.21530572143038423,
      0.16453881507207965,
      0.15970178632144275,
      0.10228069430400767,
      0.06815279050246367,
      0.04474393907776113,
      0.0,
      0.0,
      0.0,
      0.0,
      0.0,
      0.0,
      0.0,
      0.0,
      0.0,
      0.0,
      0.0,
      0.0,
      0.0,
      0.0,
      0.0,
      0.0,
      0.0,
      0.0,
      0.0,
      0.0,
      0.0,
      0.0,
      0.0,
      0.0,
      0.0,
      0.0,
      0.0,
      0.0,
      0.0,
      0.0,
      0.0,
      0.0
    ]
  },
  "budget_factor": 1.0,
  "spillover_mode": "hybrid",
  "spillover_params": {
    "alpha": 0.4,
    "beta": 1.0,
    "gamma": 0.8,
    "delta": 1.8,
    "gcut": 1e-05
  },
  "shell_profile": {
    "centers": [
      2.59448275862069,
      7.143448275862069,
      11.692413793103448,
      16.24137931034483,
      20.790344827586207,
      25.339310344827588,
      29.888275862068966,
      34.43724137931035,
      38.98620689655172,
      43.535172413793106,
      48.08413793103448,
      52.63310344827586,
      57.182068965517246,
      61.731034482758616,
      66.28,
      70.82896551724137,
      75.37793103448276,
      79.92689655172413,
      84.47586206896551,
      89.0248275862069,
      93.57379310344827,
      98.12275862068965,
      102.67172413793102,
      107.22068965517241,
      111.76965517241379,
      116.31862068965518,
      120.86758620689655,
      125.41655172413793,
      129.9655172413793,
      133.992041418764,
      137.54254968177685,
      141.18713897223165,
      144.92830224017075,
      148.76859849358755,
      152.71065454882392,
      156.75716682734924,
      160.9109032001503,
      165.17470488099394,
      169.55148836985683,
      174.04424744785229
    ],
    "mass": [
      15176.011884409276,
      11480.374465940324,
      5815.837054041639,
      1347.7955168865244,
      702.6696979688351,
      147.81753253206813,
      37.58281644274117,
      9.842850024013986,
      0.0,
      0.0,
      0.0,
      0.0,
      0.0,
      0.0,
      0.0,
      0.0,
      0.0,
      0.0,
      0.0,
      0.0,
      0.0,
      0.0,
      0.0,
      0.0,
      0.0,
      0.0,
      0.0,
      0.0,
      0.0,
      0.0,
      0.0,
      0.0,
      0.0,
      0.0,
      0.0,
      0.0,
      0.0,
      0.0,
      0.0,
      0.0
    ]
  },
  "scaling_params": {
    "mass_ref": 60000000000.0,
    "sigma_ref": 30.0,
    "alpha_beta": 0.0,
    "gamma_beta": 0.0,
    "alpha_min": 0.01,
    "alpha_max": 100.0,
    "gamma_min": -5.0,
    "gamma_max": 5.0
  },
  "force_match": false,
  "rms_velocity": 38.20607429569718,
  "n_points": 43,
  "data": [
    {
      "R": 0.32,
      "V_obs": 24.4,
      "V_GR": 63.28,
      "V_required": 0.0,
      "capacity": 233.7977436589815,
      "provided": 0.0,
      "V_model": 63.28
    },
    {
      "R": 0.64,
      "V_obs": 43.3,
      "V_GR": 73.66,
      "V_required": 0.0,
      "capacity": 230.65346651651043,
      "provided": 0.0,
      "V_model": 73.66
    },
    {
      "R": 0.96,
      "V_obs": 45.5,
      "V_GR": 78.98,
      "V_required": 0.0,
      "capacity": 227.27658779064447,
      "provided": 0.0,
      "V_model": 78.98
    },
    {
      "R": 1.28,
      "V_obs": 58.5,
      "V_GR": 82.70074062546236,
      "V_required": 0.0,
      "capacity": 233.10747593860847,
      "provided": 0.0,
      "V_model": 82.70074062546236
    },
    {
      "R": 1.61,
      "V_obs": 68.8,
      "V_GR": 84.22013357861645,
      "V_required": 0.0,
      "capacity": 231.465818874916,
      "provided": 0.0,
      "V_model": 84.22013357861645
    },
    {
      "R": 1.93,
      "V_obs": 76.9,
      "V_GR": 83.17001502945638,
      "V_required": 0.0,
      "capacity": 249.30873193855177,
      "provided": 0.0,
      "V_model": 83.17001502945638
    },
    {
      "R": 2.24,
      "V_obs": 82.0,
      "V_GR": 87.04126894755154,
      "V_required": 0.0,
      "capacity": 260.27117124215675,
      "provided": 0.0,
      "V_model": 87.04126894755154
    },
    {
      "R": 2.57,
      "V_obs": 86.9,
      "V_GR": 88.91507521224958,
      "V_required": 0.0,
      "capacity": 263.80972549229705,
      "provided": 0.0,
      "V_model": 88.91507521224958
    },
    {
      "R": 2.89,
      "V_obs": 97.6,
      "V_GR": 88.99149004258778,
      "V_required": 40.07835700225244,
      "capacity": 284.8642094650156,
      "provided": 40.34239165789652,
      "V_model": 97.70871949155367
    },
    {
      "R": 3.21,
      "V_obs": 100.0,
      "V_GR": 93.81692651115789,
      "V_required": 34.61768767552217,
      "capacity": 324.73149226442865,
      "provided": 34.845747654230564,
      "V_model": 100.0791778022897
    },
    {
      "R": 3.54,
      "V_obs": 107.0,
      "V_GR": 101.22075133094003,
      "V_required": 34.689472466441494,
      "capacity": 352.93865270408475,
      "provided": 34.918005360557814,
      "V_model": 107.0743087690037
    },
    {
      "R": 3.85,
      "V_obs": 113.0,
      "V_GR": 108.53059706829222,
      "V_required": 31.46600546621701,
      "capacity": 356.68658311422564,
      "provided": 31.673302285228345,
      "V_model": 113.0578992271281
    },
    {
      "R": 4.17,
      "V_obs": 117.0,
      "V_GR": 115.52000043282548,
      "V_required": 18.550727748527844,
      "capacity": 350.53858977562476,
      "provided": 18.672939220738506,
      "V_model": 117.01943923614313
    },
    {
      "R": 4.5,
      "V_obs": 119.0,
      "V_GR": 120.54909788131971,
      "V_required": 0.0,
      "capacity": 341.35934223827746,
      "provided": 0.0,
      "V_model": 120.54909788131971
    },
    {
      "R": 4.82,
      "V_obs": 127.0,
      "V_GR": 125.50543135657517,
      "V_required": 19.42644331832251,
      "capacity": 332.9156772145987,
      "provided": 19.55442397061458,
      "V_model": 127.01963941384241
    },
    {
      "R": 5.15,
      "V_obs": 132.0,
      "V_GR": 129.5399567701024,
      "V_required": 25.365322785251536,
      "capacity": 322.1873607032164,
      "provided": 48.38386666823362,
      "V_model": 138.2808698040673
    },
    {
      "R": 5.46,
      "V_obs": 134.0,
      "V_GR": 133.342371735319,
      "V_required": 13.259407980750899,
      "capacity": 309.0613722555843,
      "provided": 25.29206638810776,
      "V_model": 135.71984645651662
    },
    {
      "R": 5.78,
      "V_obs": 137.0,
      "V_GR": 136.70281123663844,
      "V_required": 9.018946723426051,
      "capacity": 292.616080747181,
      "provided": 17.20346787811718,
      "V_model": 137.7810506094122
    },
    {
      "R": 6.1,
      "V_obs": 140.0,
      "V_GR": 139.73059686410846,
      "V_required": 8.681031044755011,
      "capacity": 272.85061669934095,
      "provided": 16.558900202777693,
      "V_model": 140.70833975257312
    },
    {
      "R": 6.43,
      "V_obs": 142.0,
      "V_GR": 142.2462463476629,
      "V_required": 0.0,
      "capacity": 244.0230740864186,
      "provided": 0.0,
      "V_model": 142.2462463476629
    },
    {
      "R": 6.74,
      "V_obs": 144.0,
      "V_GR": 142.80586577588468,
      "V_required": 18.506342156136856,
      "capacity": 206.19531363834994,
      "provided": 35.30049268365174,
      "V_model": 147.10418105447766
    },
    {
      "R": 7.06,
      "V_obs": 146.0,
      "V_GR": 141.5263950646663,
      "V_required": 35.86473895067406,
      "capacity": 176.14837104343812,
      "provided": 68.4113016093523,
      "V_model": 157.1935962050801
    },
    {
      "R": 8.04,
      "V_obs": 147.0,