{
  "galaxy": "NGC3109",
  "alpha": 2.8271,
  "gamma": 0.8579,
  "alpha_eff": 2.8271,
  "gamma_eff": 0.8579,
  "alpha_scaling": "constant",
  "gamma_scaling": "constant",
  "shell_mode": "gravity_adaptive",
  "shell_parameters": {
    "R_coh": 19.35,
    "R_stop": 25.8,
    "r_factor": 4.0,
    "n_shell_min": 8,
    "n_shell_max": 40,
    "g_floor": 1e-05,
    "coh_radius_factor": 3.0,
    "spillover_mode": "hybrid",
    "spill_weights": [
      0.028256113480397624,
      0.07195658236390609,
      0.10577203459841673,
      0.12324332579476646,
      0.1571104828963368,
      0.1282449463469438,
      0.15219907959072965,
      0.14656561049145445,
      0.08665182443704826,
      0.0,
      0.0,
      0.0,
      0.0,
      0.0,
      0.0,
      0.0,
      0.0,
      0.0,
      0.0,
      0.0,
      0.0,
      0.0,
      0.0,
      0.0,
      0.0,
      0.0,
      0.0,
      0.0,
      0.0,
      0.0,
      0.0,
      0.0,
      0.0,
      0.0,
      0.0,
      0.0,
      0.0,
      0.0,
      0.0,
      0.0
    ]
  },
  "budget_factor": 1.0,
  "spillover_mode": "hybrid",
  "spillover_params": {
    "alpha": 0.4,
    "beta": 1.0,
    "gamma": 0.8,
    "delta": 1.8,
    "gcut": 1e-05
  },
  "shell_profile": {
    "centers": [
      0.5891379310344828,
      1.2474137931034481,
      1.9056896551724138,
      2.563965517241379,
      3.2222413793103444,
      3.88051724137931,
      4.538793103448276,
      5.197068965517241,
      5.855344827586206,
      6.513620689655172,
      7.171896551724137,
      7.830172413793104,
      8.48844827586207,
      9.146724137931034,
      9.805,
      10.463275862068965,
      11.12155172413793,
      11.779827586206896,
      12.43810344827586,
      13.096379310344826,
      13.754655172413791,
      14.412931034482758,
      15.071206896551724,
      15.729482758620689,
      16.387758620689656,
      17.04603448275862,
      17.70431034482759,
      18.36258620689655,
      19.02086206896552,
      19.6063672221195,
      20.125894860423326,
      20.659188892261653,
      21.20661409821009,
      21.768544924764953,
      22.34536574046992,
      22.937471098829455,
      23.54526600818896,
      24.16916620876612,
      24.809598457023057,
      25.467000817573666
    ],
    "mass": [
      21.127396868538803,
      35.47792127489632,
      34.40928774966079,
      26.122678572005455,
      29.31984992121747,
      12.460636905203431,
      14.518017937808345,
      10.717499453886237,
      2.503394712865156,
      0.0,
      0.0,
      0.0,
      0.0,
      0.0,
      0.0,
      0.0,
      0.0,
      0.0,
      0.0,
      0.0,
      0.0,
      0.0,
      0.0,
      0.0,
      0.0,
      0.0,
      0.0,
      0.0,
      0.0,
      0.0,
      0.0,
      0.0,
      0.0,
      0.0,
      0.0,
      0.0,
      0.0,
      0.0,
      0.0,
      0.0
    ]
  },
  "scaling_params": {
    "mass_ref": 60000000000.0,
    "sigma_ref": 30.0,
    "alpha_beta": 0.0,
    "gamma_beta": 0.0,
    "alpha_min": 0.01,
    "alpha_max": 100.0,
    "gamma_min": -5.0,
    "gamma_max": 5.0
  },
  "force_match": false,
  "rms_velocity": 19.00069937911218,
  "n_points": 25,
  "data": [
    {
      "R": 0.26,
      "V_obs": 6.1,
      "V_GR": 2.9543865691544156,
      "V_required": 5.336815529882965,
      "capacity": 3.6901421656227473,
      "provided": 5.687525211961997,
      "V_model": 6.409082854566897
    },
    {
      "R": 0.52,
      "V_obs": 11.2,
      "V_GR": 5.183367631183419,
      "V_required": 9.928378518167001,
      "capacity": 5.556593624944424,
      "provided": 10.580823492922013,
      "V_model": 11.78223772414945
    },
    {
      "R": 0.77,
      "V_obs": 14.9,
      "V_GR": 8.337919404743607,
      "V_required": 12.348647699242214,
      "capacity": 7.455762993476806,
      "provided": 13.16014104849841,
      "V_model": 15.579159554236963
    },
    {
      "R": 1.03,
      "V_obs": 19.1,
      "V_GR": 10.796281767349349,
      "V_required": 15.755960776798098,
      "capacity": 9.011957024794283,
      "provided": 19.203691640327747,
      "V_model": 22.030466917811655
    },
    {
      "R": 1.29,
      "V_obs": 24.3,
      "V_GR": 13.437458837146258,
      "V_required": 20.246597244969337,
      "capacity": 9.179815685320982,
      "provided": 24.67697246561144,
      "V_model": 28.098367747407412
    },
    {
      "R": 1.55,
      "V_obs": 29.8,
      "V_GR": 15.445452405157967,
      "V_required": 25.484858249556737,
      "capacity": 8.312905589958996,
      "provided": 31.061473575298283,
      "V_model": 34.68972673096393
    },
    {
      "R": 1.81,
      "V_obs": 34.3,
      "V_GR": 17.185648082047997,
      "V_required": 29.68406137980448,
      "capacity": 8.630715579054758,
      "provided": 51.86709532539601,
      "V_model": 54.64011417899597
    },
    {
      "R": 2.06,
      "V_obs": 38.2,
      "V_GR": 18.606947627163354,
      "V_required": 33.361976859892465,
      "capacity": 7.780955014326304,
      "provided": 58.29353375522147,
      "V_model": 61.19113152795219
    },
    {
      "R": 2.32,
      "V_obs": 42.5,
      "V_GR": 19.41014425500233,
      "V_required": 37.80868022028804,
      "capacity": 6.696207952146134,
      "provided": 41.193414675266276,
      "V_model": 45.5373595260907
    },
    {
      "R": 2.58,
      "V_obs": 42.3,
      "V_GR": 19.925523832511907,
      "V_required": 37.313047315918865,
      "capacity": 5.981050113876385,
      "provided": 40.65341138402655,
      "V_model": 45.27390371018275
    },
    {
      "R": 2.84,
      "V_obs": 47.3,
      "V_GR": 20.371283710164168,
      "V_required": 42.688415290333744,
      "capacity": 6.124035843676499,
      "provided": 46.50999671607418,
      "V_model": 50.775673255302394
    },
    {
      "R": 3.1,
      "V_obs": 49.3,
      "V_GR": 21.007124981777014,
      "V_required": 44.60034416907565,
      "capacity": 6.9178523745811455,
      "provided": 80.85353511372683,
      "V_model": 83.53797603716922
    },
    {
      "R": 3.35,
      "V_obs": 50.6,
      "V_GR": 21.805249367984764,
      "V_required": 45.66060774891197,
      "capacity": 5.9930589061086526,
      "provided": 82.77562921813829,
      "V_model": 85.59949586568084
    },
    {
      "R": 3.61,
      "V_obs": 53.0,
      "V_GR": 22.375873167320194,
      "V_required": 48.04498204807658,
      "capacity": 3.938153823935298,
      "provided": 43.10650159993868,
      "V_model": 48.56799543099876
    },
    {
      "R": 3.87,
      "V_obs": 54.7,
      "V_GR": 22.048351412293847,
      "V_required": 50.05956651829898,
      "capacity": 2.6587865493259084,
      "provided": 44.91400958489234,
      "V_model": 50.03396903096736
    },
    {
      "R": 4.13,
      "V_obs": 55.2,
      "V_GR": 21.682296926294505,
      "V_required": 50.763352923147224,
      "capacity": 2.4731569112813045,
      "provided": 45.54545471179962,
      "V_model": 50.443140712138366
    },
    {
      "R": 4.38,
      "V_obs": 57.5,
      "V_GR": 21.84745522938541,
      "V_required": 53.18776833069799,
      "capacity": 3.036106432812545,
      "provided": 78.0845242202142,
      "V_model": 81.08331654968993
    },
    {
      "R": 4.64,
      "V_obs": 59.1,
      "V_GR": 22.167769396130048,
      "V_required": 54.785034452850354,
      "capacity": 2.9353383166691756,
      "provided": 80.42945744670095,
      "V_model": 83.42845812533442
    },
    {
      "R": 4.9,
      "V_obs": 61.2,
      "V_GR": 22.542309109760694,
      "V_required": 56.89713788935258,
      "capacity": 2.607433781001443,
      "provided": 49.5482374706318,
      "V_model": 54.435131454292645
    },
    {
      "R": 5.16,
      "V_obs": 62.7,
      "V_GR": 22.8807386244413,
      "V_required": 58.3760378922722,
      "capacity": 2.156912884236825,
      "provided": 50.83612103135642,
      "V_model": 55.74799908081651
    },
    {
      "R": 5.42,
      "V_obs": 64.4,
      "V_GR": 23.360104879901545,
      "V_required": 60.01387756177733,
      "capacity": 1.8830247432337022,