{
  "galaxy": "NGC4559",
  "alpha": 2.8271,
  "gamma": 0.8579,
  "alpha_eff": 2.8271,
  "gamma_eff": 0.8579,
  "alpha_scaling": "constant",
  "gamma_scaling": "constant",
  "shell_mode": "gravity_adaptive",
  "shell_parameters": {
    "R_coh": 62.91,
    "R_stop": 83.88,
    "r_factor": 4.0,
    "n_shell_min": 8,
    "n_shell_max": 40,
    "g_floor": 1e-05,
    "coh_radius_factor": 3.0,
    "spillover_mode": "hybrid",
    "spill_weights": [
      0.05788994090748005,
      0.12909367821601636,
      0.15480238347705497,
      0.17992596132425148,
      0.1337504088066121,
      0.11583269441101368,
      0.0884855576963727,
      0.08052370431491784,
      0.05969567084628076,
      0.0,
      0.0,
      0.0,
      0.0,
      0.0,
      0.0,
      0.0,
      0.0,
      0.0,
      0.0,
      0.0,
      0.0,
      0.0,
      0.0,
      0.0,
      0.0,
      0.0,
      0.0,
      0.0,
      0.0,
      0.0,
      0.0,
      0.0,
      0.0,
      0.0,
      0.0,
      0.0,
      0.0,
      0.0,
      0.0,
      0.0
    ]
  },
  "budget_factor": 1.0,
  "spillover_mode": "hybrid",
  "spillover_params": {
    "alpha": 0.4,
    "beta": 1.0,
    "gamma": 0.8,
    "delta": 1.8,
    "gcut": 1e-05
  },
  "shell_profile": {
    "centers": [
      1.7431034482758618,
      3.8893103448275856,
      6.03551724137931,
      8.181724137931033,
      10.327931034482758,
      12.47413793103448,
      14.620344827586205,
      16.76655172413793,
      18.912758620689655,
      21.05896551724138,
      23.2051724137931,
      25.351379310344825,
      27.49758620689655,
      29.643793103448274,
      31.789999999999996,
      33.936206896551724,
      36.08241379310344,
      38.22862068965517,
      40.37482758620689,
      42.52103448275862,
      44.66724137931034,
      46.81344827586206,
      48.95965517241379,
      51.10586206896551,
      53.25206896551724,
      55.39827586206896,
      57.54448275862069,
      59.690689655172406,
      61.83689655172413,
      63.743491573309434,
      65.43256049970188,
      67.16638621251579,
      68.94615467278535,
      70.77308326702652,
      72.64842163994638,
      74.57345254921759,
      76.54949274290269,
      78.57789386012797,
      80.66004335562376,
      82.79736544876273
    ],
    "mass": [
      6104.580290780111,
      6163.33425022693,
      3290.9598705255803,
      2291.1354184600955,
      627.6874012931681,
      282.96262707103836,
      101.06289093797794,
      59.35981397781077,
      21.881524828954092,
      0.0,
      0.0,
      0.0,
      0.0,
      0.0,
      0.0,
      0.0,
      0.0,
      0.0,
      0.0,
      0.0,
      0.0,
      0.0,
      0.0,
      0.0,
      0.0,
      0.0,
      0.0,
      0.0,
      0.0,
      0.0,
      0.0,
      0.0,
      0.0,
      0.0,
      0.0,
      0.0,
      0.0,
      0.0,
      0.0,
      0.0
    ]
  },
  "scaling_params": {
    "mass_ref": 60000000000.0,
    "sigma_ref": 30.0,
    "alpha_beta": 0.0,
    "gamma_beta": 0.0,
    "alpha_min": 0.01,
    "alpha_max": 100.0,
    "gamma_min": -5.0,
    "gamma_max": 5.0
  },
  "force_match": false,
  "rms_velocity": 25.25581416016005,
  "n_points": 32,
  "data": [
    {
      "R": 0.67,
      "V_obs": 43.8,
      "V_GR": 59.06929151428854,
      "V_required": 0.0,
      "capacity": 139.96783658584948,
      "provided": 21.647109940335564,
      "V_model": 62.91087798440723
    },
    {
      "R": 1.32,
      "V_obs": 64.2,
      "V_GR": 76.4345183801141,
      "V_required": 0.0,
      "capacity": 148.69278574930067,
      "provided": 21.647109940335564,
      "V_model": 79.44075131045133
    },
    {
      "R": 1.97,
      "V_obs": 73.3,
      "V_GR": 88.74315353873784,
      "V_required": 0.0,
      "capacity": 156.24554638827314,
      "provided": 21.647109940335564,
      "V_model": 91.34519510499156
    },
    {
      "R": 2.62,
      "V_obs": 84.2,
      "V_GR": 96.72060483681851,
      "V_required": 0.0,
      "capacity": 157.0052808448916,
      "provided": 21.647109940335564,
      "V_model": 99.11343384611884
    },
    {
      "R": 3.28,
      "V_obs": 96.2,
      "V_GR": 106.51526181726261,
      "V_required": 0.0,
      "capacity": 160.87406331562815,
      "provided": 64.36362981519476,
      "V_model": 124.45150799804487
    },
    {
      "R": 3.93,
      "V_obs": 102.0,
      "V_GR": 115.09558201772994,
      "V_required": 0.0,
      "capacity": 139.655043043564,
      "provided": 64.36362981519476,
      "V_model": 131.86989741024078
    },
    {
      "R": 4.58,
      "V_obs": 104.0,
      "V_GR": 117.59904123758832,
      "V_required": 0.0,
      "capacity": 103.44359873756194,
      "provided": 64.36362981519476,
      "V_model": 134.0604764387604
    },
    {
      "R": 5.22,
      "V_obs": 106.0,
      "V_GR": 116.8959956542567,
      "V_required": 0.0,
      "capacity": 89.81972331922738,
      "provided": 77.18149674188166,
      "V_model": 140.0773259286352
    },
    {
      "R": 5.9,
      "V_obs": 106.0,
      "V_GR": 116.25294490893552,
      "V_required": 0.0,
      "capacity": 73.38727758321156,
      "provided": 77.18149674188166,
      "V_model": 139.54114317762014
    },
    {
      "R": 6.54,
      "V_obs": 108.0,
      "V_GR": 114.05102717643538,
      "V_required": 0.0,
      "capacity": 58.543455937410094,
      "provided": 77.18149674188166,
      "V_model": 137.71209184133792
    },
    {
      "R": 7.19,
      "V_obs": 111.0,
      "V_GR": 111.89523761090102,
      "V_required": 0.0,
      "capacity": 57.01628949079438,
      "provided": 0.0,
      "V_model": 111.89523761090102
    },
    {
      "R": 7.87,
      "V_obs": 114.0,
      "V_GR": 112.26677380240336,
      "V_required": 19.803320428655358,
      "capacity": 51.85314042776315,
      "provided": 63.134731113478104,
      "V_model": 128.80148591057164
    },
    {
      "R": 8.51,
      "V_obs": 116.0,
      "V_GR": 112.59934857715652,
      "V_required": 27.88165525932779,
      "capacity": 40.74646162543701,
      "provided": 88.88917462796803,
      "V_model": 143.45695753793677
    },
    {
      "R": 9.16,
      "V_obs": 117.0,
      "V_GR": 111.08508180669446,
      "V_required": 36.73015927000588,
      "capacity": 26.804364863317097,
      "provided": 117.09898537578238,
      "V_model": 161.4065295334662
    },
    {
      "R": 9.84,
      "V_obs": 118.0,
      "V_GR": 107.84435682964593,
      "V_required": 47.89148880542347,
      "capacity": 14.688413331634873,
      "provided": 55.83484697162668,
      "V_model": 121.4410780434074
    },
    {
      "R": 10.48,
      "V_obs": 120.0,
      "V_GR": 104.6489445718398,
      "V_required": 58.72476819877624,
      "capacity": 11.438847459451344,
      "provided": 68.46495123892667,
      "V_model": 125.05539231935825
    },
    {
      "R": 11.13,
      "V_obs": 121.0,
      "V_GR": 102.07226508704507,
      "V_required": 64.97886348652153,
      "capacity": 8.482329397925026,
      "provided": 75.75636067403458,
      "V_model": 127.11323095010374
    },
    {
      "R": 11.78,
      "V_obs": 122.0,
      "V_GR": 99.37440767119068,
      "V_required": 70.77236113059955,
      "capacity": 6.759725288516321,
      "provided": 55.329259394383854,
      "V_model": 113.739174628318
    },
    {
      "R": 12.43,
      "V_obs": 122.0,
      "V_GR": 96.86478049322159,
      "V_required": 74.17017122806175,
      "capacity": 5.382221063460366,
      "provided": 57.985639840818585,
      "V_model": 112.89428740086511
    },
    {
      "R": 13.08,
      "V_obs": 122.0,
      "V_GR": 94.89740354719933,
      "V_required": 76.67126449981114,
      "capacity": 4.256770201960923,
      "provided": 59.94097432721229,
      "V_model": 112.24276191940183
    },
    {
      "R": 13.73,
      "V_obs": 123.0,
      "V_GR": 93.40537939540742,
      "V_required": 80.02771457438978,
      "capacity": 2.786815261635132,
      "provided": 31.78071833398761,
      "V_model": 98.66396990707528
    },
    {
      "R": 14.38,
      "V_obs": 124.0,