{
  "galaxy": "NGC4085",
  "alpha": 2.8271,
  "gamma": 0.8579,
  "alpha_eff": 2.8271,
  "gamma_eff": 0.8579,
  "alpha_scaling": "constant",
  "gamma_scaling": "constant",
  "shell_mode": "gravity_adaptive",
  "shell_parameters": {
    "R_coh": 18.6,
    "R_stop": 24.8,
    "r_factor": 4.0,
    "n_shell_min": 8,
    "n_shell_max": 40,
    "g_floor": 1e-05,
    "coh_radius_factor": 3.0,
    "spillover_mode": "hybrid",
    "spill_weights": [
      0.006516734053498802,
      0.00956328280413482,
      0.012552999437627776,
      0.014951770621456383,
      0.01717432054011263,
      0.018107155096001002,
      0.017841147065148725,
      0.016044765639396563,
      0.013500864314052652,
      0.013539771296665008,
      0.015051045865963134,
      0.016547415609103684,
      0.01801990301456437,
      0.019460316344914408,
      0.020861207006185115,
      0.0222158362967845,
      0.023518147933333393,
      0.02476274402549572,
      0.025944862980091275,
      0.027060358337668695,
      0.028105677888717845,
      0.029077842646424393,
      0.029974425408595247,
      0.03079352874868741,
      0.03153376235124424,
      0.03219421966114772,
      0.032774453855875796,
      0.03327445317988838,
      0.03369461570324158,
      0.03119587681595483,
      0.03173441036416561,
      0.03223649204637717,
      0.03269790147214735,
      0.03311433007521717,
      0.03348141302338341,
      0.03379476610963755,
      0.03405002777500668,
      0.0342429063285428,
      0.03436923232534526,
      0.03442501593820096
    ]
  },
  "budget_factor": 1.0,
  "spillover_mode": "hybrid",
  "spillover_params": {
    "alpha": 0.4,
    "beta": 1.0,
    "gamma": 0.8,
    "delta": 1.8,
    "gcut": 1e-05
  },
  "shell_profile": {
    "centers": [
      1.1756896551724139,
      1.7870689655172414,
      2.3984482758620693,
      3.009827586206897,
      3.6212068965517243,
      4.232586206896552,
      4.843965517241379,
      5.455344827586208,
      6.066724137931034,
      6.678103448275863,
      7.289482758620689,
      7.900862068965518,
      8.512241379310346,
      9.123620689655173,
      9.735,
      10.346379310344826,
      10.957758620689656,
      11.569137931034483,
      12.18051724137931,
      12.791896551724138,
      13.403275862068966,
      14.014655172413793,
      14.62603448275862,
      15.23741379310345,
      15.848793103448276,
      16.460172413793103,
      17.071551724137933,
      17.682931034482763,
      18.294310344827586,
      18.84643050808386,
      19.345821416220872,
      19.858445136747637,
      20.38465231145776,
      20.924802873417477,
      21.47926629316488,
      22.048421831432957,
      22.632658798569224,
      23.23237682082944,
      23.847986113727575,
      24.479907762628944
    ],
    "mass": [
      3331.2921986318115,
      3087.8114342294393,
      2967.7293148638496,
      2655.9526018033594,
      2420.192331124958,
      1919.98989826371,
      1360.142004618807,
      800.893799954769,
      413.5018523287151,
      340.67622276302546,
      371.86507686463614,
      403.05393096624687,
      434.2427850678582,
      465.43163916946764,
      496.6204932710782,
      527.8093473726905,
      558.9982014743014,
      590.1870555759103,
      621.3759096775227,
      652.5647637791316,
      683.7536178807443,
      714.942471982353,
      746.1313260839659,
      777.3201801855768,
      808.5090342871874,
      839.6978883887957,
      870.8867424904116,
      902.0755965920173,
      933.2644506936279,
      775.0532094116838,
      816.67197565928,
      860.5255842156777,
      906.7340415249938,
      955.4237981310079,
      1006.7280947121212,
      1060.7873266976367,
      1117.7494284632078,
      1177.770278156737,
      1241.014124262707,
      1307.6540350720106
    ]
  },
  "scaling_params": {
    "mass_ref": 60000000000.0,
    "sigma_ref": 30.0,
    "alpha_beta": 0.0,
    "gamma_beta": 0.0,
    "alpha_min": 0.01,
    "alpha_max": 100.0,
    "gamma_min": -5.0,
    "gamma_max": 5.0
  },
  "force_match": false,
  "rms_velocity": 33.53583468853068,
  "n_points": 7,
  "data": [
    {
      "R": 0.87,
      "V_obs": 42.2,
      "V_GR": 94.8,
      "V_required": 0.0,
      "capacity": 744.4561076476311,
      "provided": 0.0,
      "V_model": 94.8
    },
    {
      "R": 1.74,
      "V_obs": 79.9,
      "V_GR": 129.83322109537298,
      "V_required": 0.0,
      "capacity": 693.6491330605224,
      "provided": 0.0,
      "V_model": 129.83322109537298
    },
    {
      "R": 2.71,
      "V_obs": 112.0,
      "V_GR": 143.20810032955538,
      "V_required": 0.0,
      "capacity": 560.261409120695,
      "provided": 0.0,
      "V_model": 143.20810032955538
    },
    {
      "R": 3.58,
      "V_obs": 127.0,
      "V_GR": 149.9307173330402,
      "V_required": 0.0,
      "capacity": 484.2414367967458,
      "provided": 0.0,
      "V_model": 149.9307173330402
    },
    {
      "R": 4.45,
      "V_obs": 130.0,
      "V_GR": 157.0288030903885,
      "V_required": 0.0,
      "capacity": 316.00211160629794,
      "provided": 0.0,
      "V_model": 157.0288030903885
    },
    {
      "R": 5.32,
      "V_obs": 133.0,
      "V_GR": 151.7917840332605,
      "V_required": 0.0,
      "capacity": 156.43421115499402,
      "provided": 0.0,
      "V_model": 151.7917840332605
    },
    {
      "R": 6.2,
      "V_obs": 136.0,
      "V_GR": 141.38778447942383,
      "V_required": 0.0,
      "capacity": 53.8146952287855,
      "provided": 0.0,
      "V_model": 141.38778447942383
    }
  ]
}