{
  "galaxy": "NGC4088",
  "alpha": 2.8271,
  "gamma": 0.8579,
  "alpha_eff": 2.8271,
  "gamma_eff": 0.8579,
  "alpha_scaling": "constant",
  "gamma_scaling": "constant",
  "shell_mode": "gravity_adaptive",
  "shell_parameters": {
    "R_coh": 64.44,
    "R_stop": 85.92,
    "r_factor": 4.0,
    "n_shell_min": 8,
    "n_shell_max": 40,
    "g_floor": 1e-05,
    "coh_radius_factor": 3.0,
    "spillover_mode": "hybrid",
    "spill_weights": [
      0.07164915380119814,
      0.13746624186812023,
      0.15590681825226824,
      0.15743951479884852,
      0.14883066389904515,
      0.10468956921861138,
      0.08990616245518544,
      0.07594160454822418,
      0.05817027115849886,
      0.0,
      0.0,
      0.0,
      0.0,
      0.0,
      0.0,
      0.0,
      0.0,
      0.0,
      0.0,
      0.0,
      0.0,
      0.0,
      0.0,
      0.0,
      0.0,
      0.0,
      0.0,
      0.0,
      0.0,
      0.0,
      0.0,
      0.0,
      0.0,
      0.0,
      0.0,
      0.0,
      0.0,
      0.0,
      0.0,
      0.0
    ]
  },
  "budget_factor": 1.0,
  "spillover_mode": "hybrid",
  "spillover_params": {
    "alpha": 0.4,
    "beta": 1.0,
    "gamma": 0.8,
    "delta": 1.8,
    "gcut": 1e-05
  },
  "shell_profile": {
    "centers": [
      2.8210344827586207,
      4.9831034482758625,
      7.145172413793103,
      9.307241379310344,
      11.469310344827587,
      13.631379310344828,
      15.793448275862069,
      17.95551724137931,
      20.11758620689655,
      22.27965517241379,
      24.441724137931033,
      26.603793103448275,
      28.765862068965518,
      30.927931034482757,
      33.09,
      35.25206896551724,
      37.41413793103449,
      39.576206896551724,
      41.73827586206897,
      43.90034482758621,
      46.062413793103445,
      48.224482758620695,
      50.38655172413793,
      52.54862068965518,
      54.710689655172416,
      56.87275862068965,
      59.0348275862069,
      61.19689655172414,
      63.35896551724138,
      65.29376246994214,
      67.02391032587488,
      68.79990347376437,
      70.6229567177601,
      72.49431705177537,
      74.41526451244866,
      76.38711305470648,
      78.41121145052695,
      80.4889442115188,
      82.62173253594653,
      84.81103528084998
    ],
    "mass": [
      27049.177292882014,
      33593.62369286066,
      18967.414631730695,
      10227.845531985427,
      5393.2437077386485,
      1492.8259840625367,
      728.0271416684755,
      358.44430834595084,
      143.856854160848,
      0.0,
      0.0,
      0.0,
      0.0,
      0.0,
      0.0,
      0.0,
      0.0,
      0.0,
      0.0,
      0.0,
      0.0,
      0.0,
      0.0,
      0.0,
      0.0,
      0.0,
      0.0,
      0.0,
      0.0,
      0.0,
      0.0,
      0.0,
      0.0,
      0.0,
      0.0,
      0.0,
      0.0,
      0.0,
      0.0,
      0.0
    ]
  },
  "scaling_params": {
    "mass_ref": 60000000000.0,
    "sigma_ref": 30.0,
    "alpha_beta": 0.0,
    "gamma_beta": 0.0,
    "alpha_min": 0.01,
    "alpha_max": 100.0,
    "gamma_min": -5.0,
    "gamma_max": 5.0
  },
  "force_match": false,
  "rms_velocity": 50.90801672635464,
  "n_points": 12,
  "data": [
    {
      "R": 1.74,
      "V_obs": 84.9,
      "V_GR": 137.12,
      "V_required": 0.0,
      "capacity": 478.66155623404796,
      "provided": 2.5939243047488145,
      "V_model": 137.14453267738662
    },
    {
      "R": 3.5,
      "V_obs": 136.0,
      "V_GR": 180.27,
      "V_required": 0.0,
      "capacity": 718.9030621960266,
      "provided": 2.5939243047488145,
      "V_model": 180.28866116120219
    },
    {
      "R": 5.24,
      "V_obs": 162.0,
      "V_GR": 241.53337243536348,
      "V_required": 0.0,
      "capacity": 727.5376845848152,
      "provided": 9.953419041167612,
      "V_model": 241.73837211044727
    },
    {
      "R": 6.98,
      "V_obs": 179.0,
      "V_GR": 266.0199325238618,
      "V_required": 0.0,
      "capacity": 406.2874036828427,
      "provided": 11.288632556993353,
      "V_model": 266.25934298162537
    },
    {
      "R": 8.72,
      "V_obs": 182.0,
      "V_GR": 247.18580076533524,
      "V_required": 0.0,
      "capacity": 226.33322260260286,
      "provided": 11.39960941053751,
      "V_model": 247.44852231264753
    },
    {
      "R": 10.47,
      "V_obs": 179.0,
      "V_GR": 235.3753226232521,
      "V_required": 0.0,
      "capacity": 143.7022817554574,
      "provided": 5.388137275854044,
      "V_model": 235.43698631120697
    },
    {
      "R": 12.19,
      "V_obs": 174.0,
      "V_GR": 225.54851761871547,
      "V_required": 0.0,
      "capacity": 68.18785891357396,
      "provided": 5.388137275854044,
      "V_model": 225.61286714924628
    },
    {
      "R": 13.94,
      "V_obs": 171.0,
      "V_GR": 206.5361714083032,
      "V_required": 0.0,
      "capacity": 17.554409074237523,
      "provided": 7.5801821415314,
      "V_model": 206.67522653017414
    },
    {
      "R": 15.68,
      "V_obs": 168.0,
      "V_GR": 192.1140338444852,
      "V_required": 0.0,
      "capacity": 13.225425865212294,
      "provided": 6.509770669065489,
      "V_model": 192.22429376684892
    },
    {
      "R": 17.42,
      "V_obs": 165.0,
      "V_GR": 181.09665319933444,
      "V_required": 0.0,
      "capacity": 6.995444236859491,
      "provided": 5.498648995236779,
      "V_model": 181.18011187978894
    },
    {
      "R": 19.28,
      "V_obs": 171.0,
      "V_GR": 170.92076205072337,
      "V_required": 5.205103265066109,
      "capacity": 3.709920861532133,
      "provided": 4.21189287428363,
      "V_model": 170.9726496887278
    },
    {
      "R": 21.48,
      "V_obs": 174.0,
      "V_GR": 160.49922741247073,
      "V_required": 67.20117558495538,
      "capacity": 0.0,
      "provided": 0.0,
      "V_model": 160.49922741247073
    }
  ]
}