{
  "galaxy": "NGC4157",
  "alpha": 2.8271,
  "gamma": 0.8579,
  "alpha_eff": 2.8271,
  "gamma_eff": 0.8579,
  "alpha_scaling": "constant",
  "gamma_scaling": "constant",
  "shell_mode": "gravity_adaptive",
  "shell_parameters": {
    "R_coh": 88.83,
    "R_stop": 118.44,
    "r_factor": 4.0,
    "n_shell_min": 8,
    "n_shell_max": 40,
    "g_floor": 1e-05,
    "coh_radius_factor": 3.0,
    "spillover_mode": "hybrid",
    "spill_weights": [
      0.10771431011977808,
      0.17907712084776778,
      0.19595787208321983,
      0.13726109273983314,
      0.12511828216236748,
      0.10023966638931166,
      0.0764614991389175,
      0.045173200776186626,
      0.032996955742617955,
      0.0,
      0.0,
      0.0,
      0.0,
      0.0,
      0.0,
      0.0,
      0.0,
      0.0,
      0.0,
      0.0,
      0.0,
      0.0,
      0.0,
      0.0,
      0.0,
      0.0,
      0.0,
      0.0,
      0.0,
      0.0,
      0.0,
      0.0,
      0.0,
      0.0,
      0.0,
      0.0,
      0.0,
      0.0,
      0.0,
      0.0
    ]
  },
  "budget_factor": 1.0,
  "spillover_mode": "hybrid",
  "spillover_params": {
    "alpha": 0.4,
    "beta": 1.0,
    "gamma": 0.8,
    "delta": 1.8,
    "gcut": 1e-05
  },
  "shell_profile": {
    "centers": [
      3.2415517241379312,
      6.244655172413793,
      9.247758620689655,
      12.250862068965517,
      15.25396551724138,
      18.25706896551724,
      21.2601724137931,
      24.263275862068966,
      27.266379310344824,
      30.26948275862069,
      33.27258620689655,
      36.275689655172414,
      39.27879310344828,
      42.281896551724145,
      45.285,
      48.28810344827586,
      51.29120689655173,
      54.29431034482759,
      57.297413793103445,
      60.30051724137931,
      63.303620689655176,
      66.30672413793103,
      69.3098275862069,
      72.31293103448274,
      75.31603448275862,
      78.31913793103448,
      81.32224137931034,
      84.3253448275862,
      87.32844827586206,
      90.00690441038114,
      92.39189873133871,
      94.84009040308024,
      97.35315402294586,
      99.93280856159542,
      102.58081853880844,
      105.29899523044035,
      108.0891979073605,
      110.95333510721937,
      113.89336593991516,
      116.91130142765213
    ],
    "mass": [
      44445.11994846813,
      31058.72965642994,
      14795.319846862276,
      3067.990584563743,
      1441.441203448886,
      543.782811986649,
      195.15948952234254,
      39.04986782117126,
      13.859440672366295,
      0.0,
      0.0,
      0.0,
      0.0,
      0.0,
      0.0,
      0.0,
      0.0,
      0.0,
      0.0,
      0.0,
      0.0,
      0.0,
      0.0,
      0.0,
      0.0,
      0.0,
      0.0,
      0.0,
      0.0,
      0.0,
      0.0,
      0.0,
      0.0,
      0.0,
      0.0,
      0.0,
      0.0,
      0.0,
      0.0,
      0.0
    ]
  },
  "scaling_params": {
    "mass_ref": 60000000000.0,
    "sigma_ref": 30.0,
    "alpha_beta": 0.0,
    "gamma_beta": 0.0,
    "alpha_min": 0.01,
    "alpha_max": 100.0,
    "gamma_min": -5.0,
    "gamma_max": 5.0
  },
  "force_match": false,
  "rms_velocity": 44.86443423518208,
  "n_points": 17,
  "data": [
    {
      "R": 1.74,
      "V_obs": 96.4,
      "V_GR": 148.01974530446944,
      "V_required": 0.0,
      "capacity": 505.87415835460604,
      "provided": 41.4593471524391,
      "V_model": 153.71637019623662
    },
    {
      "R": 3.5,
      "V_obs": 157.0,
      "V_GR": 223.45501605468607,
      "V_required": 0.0,
      "capacity": 539.0236307128964,
      "provided": 41.4593471524391,
      "V_model": 227.26861126496652
    },
    {
      "R": 5.24,
      "V_obs": 192.0,
      "V_GR": 242.04169165662347,
      "V_required": 0.0,
      "capacity": 407.7915888048318,
      "provided": 68.92696534036149,
      "V_model": 251.66467183741025
    },
    {
      "R": 6.98,
      "V_obs": 201.0,
      "V_GR": 249.95191117492982,
      "V_required": 0.0,
      "capacity": 292.04104190751264,
      "provided": 68.92696534036149,
      "V_model": 259.28147726174234
    },
    {
      "R": 8.72,
      "V_obs": 201.0,
      "V_GR": 254.82678999665637,
      "V_required": 0.0,
      "capacity": 193.3370923404984,
      "provided": 75.42438360248771,
      "V_model": 265.7546435000059
    },
    {
      "R": 10.47,
      "V_obs": 194.0,
      "V_GR": 236.26904007931296,
      "V_required": 0.0,
      "capacity": 60.565703604410956,
      "provided": 75.42438360248771,
      "V_model": 248.01592074263138
    },
    {
      "R": 12.19,
      "V_obs": 190.0,
      "V_GR": 216.51426142404569,
      "V_required": 0.0,
      "capacity": 31.645792846635267,
      "provided": 105.66386746748454,
      "V_model": 240.92172647601987
    },
    {
      "R": 13.94,
      "V_obs": 186.0,
      "V_GR": 200.76317814778687,
      "V_required": 0.0,
      "capacity": 19.640432309212564,
      "provided": 48.158153633608485,
      "V_model": 206.45837706762651
    },
    {
      "R": 15.68,
      "V_obs": 184.0,
      "V_GR": 187.18058499748312,
      "V_required": 0.0,
      "capacity": 12.087230720128396,
      "provided": 48.158153633608485,
      "V_model": 193.27643198641226
    },
    {
      "R": 17.42,
      "V_obs": 182.0,
      "V_GR": 178.4644572456936,
      "V_required": 35.69926469830991,
      "capacity": 7.598392866175548,
      "provided": 27.5548276141506,
      "V_model": 180.57915445821968
    },
    {
      "R": 19.16,
      "V_obs": 181.0,
      "V_GR": 169.2039024372665,
      "V_required": 64.27316236190656,
      "capacity": 2.221407111832643,
      "provided": 49.60987079329096,
      "V_model": 176.32668510502606
    },
    {
      "R": 20.9,
      "V_obs": 183.0,
      "V_GR": 160.23210695737606,
      "V_required": 88.40063291628628,
      "capacity": 1.9410108635553658,
      "provided": 27.55652272232266,
      "V_model": 162.58440898359808
    },
    {
      "R": 22.65,
      "V_obs": 185.0,
      "V_GR": 155.37222821341015,
      "V_required": 100.42146533485754,
      "capacity": 1.0679653118130963,
      "provided": 31.30369432908346,
      "V_model": 158.49432349030263
    },
    {
      "R": 24.39,
      "V_obs": 186.0,
      "V_GR": 148.94688281397498,
      "V_required": 111.40388727508572,
      "capacity": 0.28155826613382945,
      "provided": 34.77442153942491,
      "V_model": 152.9523922447819
    },
    {
      "R": 26.13,
      "V_obs": 186.0,
      "V_GR": 142.9520678409375,
      "V_required": 118.998765959988,
      "capacity": 0.16879788435499868,
      "provided": 12.537571038843573,
      "V_model": 143.50081667904905
    },
    {
      "R": 27.87,
      "V_obs": 184.0,
      "V_GR": 137.6566522184816,
      "V_required": 122.09277660861024,
      "capacity": 0.08814236737793797,
      "provided": 12.863552388222296,
      "V_model": 138.25637374112102
    },
    {
      "R": 29.61,
      "V_obs": 185.0,
      "V_GR": 133.0775987910813,
      "V_required": 128.51207219557233,
      "capacity": 0.0,
      "provided": 0.0,
      "V_model": 133.0775987910813
    }
  ]
}