{
  "galaxy": "NGC4068",
  "alpha": 2.8271,
  "gamma": 0.8579,
  "alpha_eff": 2.8271,
  "gamma_eff": 0.8579,
  "alpha_scaling": "constant",
  "gamma_scaling": "constant",
  "shell_mode": "gravity_adaptive",
  "shell_parameters": {
    "R_coh": 6.99,
    "R_stop": 9.32,
    "r_factor": 4.0,
    "n_shell_min": 8,
    "n_shell_max": 40,
    "g_floor": 1e-05,
    "coh_radius_factor": 3.0,
    "spillover_mode": "hybrid",
    "spill_weights": [
      0.003183839105362991,
      0.006444114899127679,
      0.009545417171214095,
      0.011799484829697398,
      0.013914227601023395,
      0.015292447991112179,
      0.015898911965951473,
      0.015254987216771326,
      0.014800169990520905,
      0.014497583226033369,
      0.016107784790987748,
      0.017683462538013478,
      0.01921589086053945,
      0.02069766959810218,
      0.02212251932105992,
      0.023485112674289096,
      0.02478093804700632,
      0.026006191367616453,
      0.027157691574229523,
      0.028232815362937144,
      0.029229447117445632,
      0.030145940386847953,
      0.030981087818297316,
      0.03173409700269623,
      0.03240457021088199,
      0.03299248646076467,
      0.03349818475211357,
      0.0339223476341706,
      0.03426598453651295,
      0.031417005927543755,
      0.031898838775261874,
      0.03234389836892567,
      0.032748259628893744,
      0.03310791992329498,
      0.03341882899016806,
      0.033676923619080215,
      0.033878167240943606,
      0.03401859449229847,
      0.03409436071901963,
      0.03410179626324298
    ]
  },
  "budget_factor": 1.0,
  "spillover_mode": "hybrid",
  "spillover_params": {
    "alpha": 0.4,
    "beta": 1.0,
    "gamma": 0.8,
    "delta": 1.8,
    "gcut": 1e-05
  },
  "shell_profile": {
    "centers": [
      0.3268965517241379,
      0.5606896551724138,
      0.7944827586206896,
      1.0282758620689654,
      1.2620689655172415,
      1.495862068965517,
      1.7296551724137932,
      1.9634482758620688,
      2.197241379310345,
      2.431034482758621,
      2.664827586206896,
      2.8986206896551723,
      3.1324137931034484,
      3.3662068965517244,
      3.5999999999999996,
      3.8337931034482757,
      4.067586206896552,
      4.301379310344828,
      4.535172413793104,
      4.768965517241379,
      5.002758620689655,
      5.2365517241379305,
      5.4703448275862065,
      5.704137931034483,
      5.937931034482759,
      6.171724137931035,
      6.405517241379311,
      6.639310344827586,
      6.873103448275862,
      7.08261017481216,
      7.270284499966877,
      7.462931801390644,
      7.660683852531706,
      7.863675918558504,
      8.072046848882932,
      8.28593917213529,
      8.505499193655854,
      8.730877095569776,
      8.962227039513753,
      9.19970727208475
    ],
    "mass": [
      19.798511286957872,
      30.36674042385032,
      34.58880060551838,
      31.61683349062331,
      29.461716134919197,
      25.243406764050732,
      20.12648560553027,
      13.828735129236993,
      10.175141797027,
      7.927854261418389,
      8.690277692516496,
      9.452701123614624,
      10.215124554712734,
      10.977547985810824,
      11.739971416908931,
      12.502394848007064,
      13.264818279105176,
      14.027241710203286,
      14.789665141301343,
      15.552088572399505,
      16.31451200349762,
      17.07693543459566,
      17.839358865693836,
      18.60178229679195,
      19.36420572789006,
      20.126629158988166,
      20.8890525900862,
      21.65147602118439,
      22.413899452282497,
      18.29847434398763,
      19.281064851532438,
      20.31641845218349,
      21.407368415724093,
      22.556900152708522,
      23.768159384107825,
      25.044460749653773,
      26.389296878424584,
      27.80634794651227,
      29.2994917479082,
      30.872814306181397
    ]
  },
  "scaling_params": {
    "mass_ref": 60000000000.0,
    "sigma_ref": 30.0,
    "alpha_beta": 0.0,
    "gamma_beta": 0.0,
    "alpha_min": 0.01,
    "alpha_max": 100.0,
    "gamma_min": -5.0,
    "gamma_max": 5.0
  },
  "force_match": false,
  "rms_velocity": 6.02444042566926,
  "n_points": 6,
  "data": [
    {
      "R": 0.21,
      "V_obs": 4.68,
      "V_GR": 6.901594018775662,
      "V_required": 0.0,
      "capacity": 26.182896741718366,
      "provided": 0.20593496991429508,
      "V_model": 6.904665756706374
    },
    {
      "R": 0.64,
      "V_obs": 13.1,
      "V_GR": 17.174693592608865,
      "V_required": 0.0,
      "capacity": 55.11243234151089,
      "provided": 0.4168139670251395,
      "V_model": 17.17975069327571
    },
    {
      "R": 1.06,
      "V_obs": 22.5,
      "V_GR": 22.809009184968993,
      "V_required": 0.0,
      "capacity": 46.72806608786475,
      "provided": 0.7632064539049244,
      "V_model": 22.821774341432832
    },
    {
      "R": 1.48,
      "V_obs": 30.4,
      "V_GR": 26.494142748917163,
      "V_required": 14.90705873068192,
      "capacity": 36.15630649753486,
      "provided": 0.9891359810427862,
      "V_model": 26.512600588946256
    },
    {
      "R": 1.91,
      "V_obs": 36.0,
      "V_GR": 29.509661129874058,
      "V_required": 20.619890882349505,
      "capacity": 19.25088854672549,
      "provided": 0.9867129680758763,
      "V_model": 29.526152856093002
    },
    {
      "R": 2.33,
      "V_obs": 41.9,
      "V_GR": 30.09371529073803,
      "V_required": 29.15438731992151,
      "capacity": 9.452368300220655,
      "provided": 0.9377230653565912,
      "V_model": 30.108321516605695
    }
  ]
}