{
  "galaxy": "NGC5055",
  "alpha": 2.8271,
  "gamma": 0.8579,
  "alpha_eff": 2.8271,
  "gamma_eff": 0.8579,
  "alpha_scaling": "constant",
  "gamma_scaling": "constant",
  "shell_mode": "data",
  "shell_parameters": {
    "R_coh": null,
    "R_stop": 65.508,
    "r_factor": 4.0,
    "n_shell_min": 8,
    "n_shell_max": 40,
    "g_floor": 1e-05,
    "coh_radius_factor": 3.0,
    "spillover_mode": "capped",
    "spill_weights": null
  },
  "disable_capacity": true,
  "budget_factor": 1.0,
  "spillover_mode": "capped",
  "spillover_params": {
    "alpha": 0.5,
    "beta": 1.0,
    "gamma": 1.0,
    "delta": 2.0,
    "gcut": 1e-05
  },
  "lambda_settings": {
    "mode": "short_boost",
    "spectrum": "orbital",
    "max_multiplier": 1.5,
    "A": 1.877552038,
    "A_effective": 1.877552038,
    "lambda0": 38.28474627,
    "alpha": 2.410261716,
    "sigma_gate": {
      "enabled": false,
      "beta": 0.0,
      "sigma_value": 26.925,
      "sigma_ref": 30.0
    },
    "multiplier_stats": {
      "min": 1.0095143436227847,
      "median": 1.1971852774149019,
      "max": 1.5
    }
  },
  "shell_profile": {
    "centers": [
      0.8254999999999999,
      1.435,
      2.1550000000000002,
      2.8725,
      3.5875,
      4.305,
      5.0275,
      5.7475000000000005,
      6.4625,
      7.1825,
      7.905,
      9.16,
      11.475,
      14.32,
      17.1875,
      20.0725,
      22.96,
      25.85,
      28.7375,
      31.6225,
      34.51,
      37.4,
      40.2875,
      43.1375,
      45.955,
      48.81,
      51.7,
      59.326499999999996
    ],
    "mass": [
      9793.570665294563,
      13528.062086930438,
      14634.761593489915,
      11575.568368404032,
      9977.112361507598,
      10078.416706095702,
      9587.207571805278,
      8968.939468836821,
      7611.848029933435,
      6718.326837374995,
      5763.862062335549,
      11818.64378674721,
      10858.510281772033,
      6421.354935781483,
      2951.563884292442,
      1302.0307616467696,
      742.1122442411566,
      276.94292205897904,
      78.33693030229807,
      51.56507232412731,
      25.065863004308728,
      6.791243671118129,
      7.302910939617493,
      0.08610019064206799,
      0.0,
      0.0,
      0.0,
      0.0
    ]
  },
  "scaling_params": {
    "mass_ref": 60000000000.0,
    "sigma_ref": 30.0,
    "alpha_beta": 0.0,
    "gamma_beta": 0.0,
    "alpha_min": 0.01,
    "alpha_max": 100.0,
    "gamma_min": -5.0,
    "gamma_max": 5.0
  },
  "force_match": false,
  "rms_velocity": 95.44640796569513,
  "n_points": 28,
  "data": [
    {
      "R": 0.72,
      "V_obs": 125.0,
      "V_GR": 201.4920107597321,
      "V_required": 0.0,
      "raw_enhancement": 142.4763671631193,
      "lambda_value": 4.523893421169302,
      "lambda_multiplier": 1.5,
      "capacity": null,
      "provided": 142.4763671631193,
      "V_model": 246.77630680436073
    },
    {
      "R": 1.43,
      "V_obs": 162.0,
      "V_GR": 240.15881266362055,
      "V_required": 0.0,
      "raw_enhancement": 169.81792499615574,
      "lambda_value": 8.984954989266807,
      "lambda_multiplier": 1.5,
      "capacity": null,
      "provided": 169.81792499615574,
      "V_model": 294.13327412926265
    },
    {
      "R": 2.16,
      "V_obs": 178.0,
      "V_GR": 263.30176793937403,
      "V_required": 0.0,
      "raw_enhancement": 186.18246560833802,
      "lambda_value": 13.571680263507908,
      "lambda_multiplier": 1.5,
      "capacity": null,
      "provided": 186.18246560833802,
      "V_model": 322.47748991208664
    },
    {
      "R": 2.87,
      "V_obs": 193.0,
      "V_GR": 280.7907818999762,
      "V_required": 0.0,
      "raw_enhancement": 198.54906597614598,
      "lambda_value": 18.032741831605414,
      "lambda_multiplier": 1.5,
      "capacity": null,
      "provided": 198.54906597614598,
      "V_model": 343.89707006603004
    },
    {
      "R": 3.59,
      "V_obs": 192.0,
      "V_GR": 273.3865089941345,
      "V_required": 0.0,
      "raw_enhancement": 193.31345439466955,
      "lambda_value": 22.556635252774715,
      "lambda_multiplier": 1.5,
      "capacity": null,
      "provided": 193.31345439466955,
      "V_model": 334.82872479821674
    },
    {
      "R": 4.3,
      "V_obs": 190.0,
      "V_GR": 272.22796421381844,
      "V_required": 0.0,
      "raw_enhancement": 192.4942395241997,
      "lambda_value": 27.01769682087222,
      "lambda_multiplier": 1.5,
      "capacity": null,
      "provided": 192.4942395241997,
      "V_model": 333.40980302024707
    },
    {
      "R": 5.03,
      "V_obs": 195.0,
      "V_GR": 273.85946998415085,
      "V_required": 0.0,
      "raw_enhancement": 193.64788831794678,
      "lambda_value": 31.60442209511332,
      "lambda_multiplier": 1.5,
      "capacity": null,
      "provided": 193.64788831794678,
      "V_model": 335.40798134510754
    },
    {
      "R": 5.75,
      "V_obs": 201.0,
      "V_GR": 276.5761674475948,
      "V_required": 0.0,
      "raw_enhancement": 195.5688835167803,
      "lambda_value": 36.12831551628262,
      "lambda_multiplier": 1.5,
      "capacity": null,
      "provided": 195.5688835167803,
      "V_model": 338.73524263058306
    },
    {
      "R": 6.46,
      "V_obs": 204.0,
      "V_GR": 280.372021607007,
      "V_required": 0.0,
      "raw_enhancement": 198.2529577332958,
      "lambda_value": 40.589377084380125,
      "lambda_multiplier": 1.5,
      "capacity": null,
      "provided": 198.2529577332958,
      "V_model": 343.3841955448736
    },
    {
      "R": 7.18,
      "V_obs": 204.0,
      "V_GR": 276.53767284042874,
      "V_required": 0.0,
      "raw_enhancement": 195.5416637190141,
      "lambda_value": 45.11327050554943,
      "lambda_multiplier": 1.5,
      "capacity": null,
      "provided": 195.5416637190141,
      "V_model": 338.6880965578802
    },
    {
      "R": 7.91,
      "V_obs": 206.0,
      "V_GR": 272.65341534629636,
      "V_required": 0.0,
      "raw_enhancement": 192.79507890503837,
      "lambda_value": 49.69999577979053,
      "lambda_multiplier": 1.5,
      "capacity": null,
      "provided": 192.79507890503837,
      "V_model": 333.9308721127772
    },
    {
      "R": 8.62,
      "V_obs": 206.0,
      "V_GR": 268.6051901955731,
      "V_required": 0.0,
      "raw_enhancement": 189.93255144919206,
      "lambda_value": 54.161057347888026,
      "lambda_multiplier": 1.5,
      "capacity": null,
      "provided": 189.93255144919206,
      "V_model": 328.97282912119044
    },
    {
      "R": 11.49,
      "V_obs": 206.0,
      "V_GR": 247.79661276942429,
      "V_required": 0.0,
      "raw_enhancement": 158.09167090341595,
      "lambda_value": 72.19379917949345,
      "lambda_multiplier": 1.4070307762645105,
      "capacity": null,
      "provided": 158.09167090341595,
      "V_model": 293.93219917020656
    },
    {
      "R": 14.3,
      "V_obs": 206.0,
      "V_GR": 229.62955776641647,
      "V_required": 0.0,
      "raw_enhancement": 112.54719855916568,
      "lambda_value": 89.8495498926681,
      "lambda_multiplier": 1.240222564968008,
      "capacity": null,
      "provided": 112.54719855916568,
      "V_model": 255.7276005899955
    },
    {
      "R": 17.19,
      "V_obs": 203.0,
      "V_GR": 213.808554552899,
      "V_required": 0.0,
      "raw_enhancement": 83.94484090785538,
      "lambda_value": 108.0079554304171,
      "lambda_multiplier": 1.154147989861796,
      "capacity": null,
      "provided": 83.94484090785538,
      "V_model": 229.6972666686418
    },
    {
      "R": 20.07,
      "V_obs": 200.0,
      "V_GR": 195.55449803060014,
      "V_required": 41.933737014485146,
      "raw_enhancement": 63.703865711341706,
      "lambda_value": 126.1035291150943,
      "lambda_multiplier": 1.106119685655219,
      "capacity": null,
      "provided": 63.703865711341706,
      "V_model": 205.66901615597973
    },
    {
      "R": 22.96,
      "V_obs": 194.0,
      "V_GR": 180.45204930950496,
      "V_required": 71.22540206976716,