{
  "galaxy": "NGC5907",
  "alpha": 2.8271,
  "gamma": 0.8579,
  "alpha_eff": 2.8271,
  "gamma_eff": 0.8579,
  "alpha_scaling": "constant",
  "gamma_scaling": "constant",
  "shell_mode": "gravity_adaptive",
  "shell_parameters": {
    "R_coh": 150.99,
    "R_stop": 201.32,
    "r_factor": 4.0,
    "n_shell_min": 8,
    "n_shell_max": 40,
    "g_floor": 1e-05,
    "coh_radius_factor": 3.0,
    "spillover_mode": "hybrid",
    "spill_weights": [
      0.10227880031117367,
      0.1399584172991337,
      0.15392882874326616,
      0.1404674339619372,
      0.12568360476200074,
      0.1128098087902116,
      0.09261656947691742,
      0.07416073420920219,
      0.05809580244615745,
      0.0,
      0.0,
      0.0,
      0.0,
      0.0,
      0.0,
      0.0,
      0.0,
      0.0,
      0.0,
      0.0,
      0.0,
      0.0,
      0.0,
      0.0,
      0.0,
      0.0,
      0.0,
      0.0,
      0.0,
      0.0,
      0.0,
      0.0,
      0.0,
      0.0,
      0.0,
      0.0,
      0.0,
      0.0,
      0.0,
      0.0
    ]
  },
  "budget_factor": 1.0,
  "spillover_mode": "hybrid",
  "spillover_params": {
    "alpha": 0.4,
    "beta": 1.0,
    "gamma": 0.8,
    "delta": 1.8,
    "gcut": 1e-05
  },
  "shell_profile": {
    "centers": [
      7.546551724137931,
      12.579655172413794,
      17.612758620689654,
      22.64586206896552,
      27.67896551724138,
      32.71206896551725,
      37.74517241379311,
      42.778275862068966,
      47.81137931034483,
      52.84448275862069,
      57.87758620689655,
      62.91068965517242,
      67.94379310344829,
      72.97689655172414,
      78.01,
      83.04310344827587,
      88.07620689655172,
      93.10931034482759,
      98.14241379310346,
      103.17551724137931,
      108.20862068965518,
      113.24172413793104,
      118.2748275862069,
      123.30793103448276,
      128.34103448275863,
      133.37413793103448,
      138.40724137931034,
      143.44034482758622,
      148.4734482758621,
      152.99045926965496,
      157.0443857868382,
      161.2057328600821,
      165.47734690897894,
      169.8621497772745,
      174.3631407314498,
      178.9833985122615,
      183.72608344064344,
      188.59443957941068,
      193.59179695224344,
      198.72157382147014
    ],
    "mass": [
      58318.92780799448,
      36090.28116699681,
      20114.850375051275,
      8747.825225409635,
      4132.450513301435,
      2151.064046078403,
      956.0636429031142,
      419.5490802928251,
      181.33868826395815,
      0.0,
      0.0,
      0.0,
      0.0,
      0.0,
      0.0,
      0.0,
      0.0,
      0.0,
      0.0,
      0.0,
      0.0,
      0.0,
      0.0,
      0.0,
      0.0,
      0.0,
      0.0,
      0.0,
      0.0,
      0.0,
      0.0,
      0.0,
      0.0,
      0.0,
      0.0,
      0.0,
      0.0,
      0.0,
      0.0,
      0.0
    ]
  },
  "scaling_params": {
    "mass_ref": 60000000000.0,
    "sigma_ref": 30.0,
    "alpha_beta": 0.0,
    "gamma_beta": 0.0,
    "alpha_min": 0.01,
    "alpha_max": 100.0,
    "gamma_min": -5.0,
    "gamma_max": 5.0
  },
  "force_match": false,
  "rms_velocity": 42.900286583971344,
  "n_points": 19,
  "data": [
    {
      "R": 5.03,
      "V_obs": 214.0,
      "V_GR": 178.85,
      "V_required": 117.51032933321224,
      "capacity": 254.96698419857904,
      "provided": 133.39247846501988,
      "V_model": 223.1162831597927
    },
    {
      "R": 7.55,
      "V_obs": 220.0,
      "V_GR": 207.41,
      "V_required": 73.35592614097378,
      "capacity": 235.12439698012474,
      "provided": 83.27037166490042,
      "V_model": 223.50137113049362
    },
    {
      "R": 10.07,
      "V_obs": 235.0,
      "V_GR": 227.06,
      "V_required": 60.57026002915951,
      "capacity": 206.33139927850678,
      "provided": 204.68613469541714,
      "V_model": 305.700273693941
    },
    {
      "R": 12.58,
      "V_obs": 235.0,
      "V_GR": 233.42476518141774,
      "V_required": 27.163928287344344,
      "capacity": 134.74773180338266,
      "provided": 91.79553598751768,
      "V_model": 250.8257192299778
    },
    {
      "R": 15.1,
      "V_obs": 230.0,
      "V_GR": 225.95672019216423,
      "V_required": 42.93670457778524,
      "capacity": 95.07340404799102,
      "provided": 121.72175839226647,
      "V_model": 256.6566302788714
    },
    {
      "R": 17.61,
      "V_obs": 231.0,
      "V_GR": 219.46474090386363,
      "V_required": 72.08486318222438,
      "capacity": 71.14794872132381,
      "provided": 204.35420897545964,
      "V_model": 299.8756662785192
    },
    {
      "R": 20.13,
      "V_obs": 232.0,
      "V_GR": 213.16109518390076,
      "V_required": 91.577003117595,
      "capacity": 47.00216360962408,
      "provided": 92.37446767049467,
      "V_model": 232.3159374158546
    },
    {
      "R": 22.65,
      "V_obs": 225.0,
      "V_GR": 205.51178384705827,
      "V_required": 91.59643388254807,
      "capacity": 29.550506881660795,
      "provided": 92.39406764109718,
      "V_model": 225.32589073443745
    },
    {
      "R": 25.16,
      "V_obs": 224.0,
      "V_GR": 194.09483274935477,
      "V_required": 111.81769046085685,
      "capacity": 19.43315036248371,
      "provided": 112.7914135735813,
      "V_model": 224.48765461808065
    },
    {
      "R": 27.68,
      "V_obs": 229.0,
      "V_GR": 186.069371203323,
      "V_required": 133.48853546278795,
      "capacity": 13.429064370239361,
      "provided": 266.2425442954926,
      "V_model": 324.81826194494874
    },
    {
      "R": 30.2,
      "V_obs": 218.0,
      "V_GR": 181.25520378736718,
      "V_required": 121.12205042848308,
      "capacity": 9.59620329367135,
      "provided": 117.48790829914151,
      "V_model": 216.00198493649887
    },
    {
      "R": 32.71,
      "V_obs": 214.0,
      "V_GR": 173.52426141609132,
      "V_required": 125.2410903018654,
      "capacity": 6.738925870902918,
      "provided": 121.48336063182963,
      "V_model": 211.8227471505437
    },
    {
      "R": 35.23,
      "V_obs": 213.0,
      "V_GR": 168.5508306120145,
      "V_required": 130.2290962112538,
      "capacity": 4.455137778300898,
      "provided": 61.500673751263854,
      "V_model": 179.42049875044768
    },
    {
      "R": 37.75,
      "V_obs": 211.0,
      "V_GR": 161.72561516346136,
      "V_required": 135.5205718701039,
      "capacity": 2.8856592924443696,
      "provided": 63.99957244307227,
      "V_model": 173.9284906876848
    },
    {
      "R": 40.26,
      "V_obs": 217.0,
      "V_GR": 157.09772913699294,
      "V_required": 149.69737305644344,
      "capacity": 1.8896405278513448,
      "provided": 70.69456495982334,
      "V_model": 172.27134995366666
    },
    {
      "R": 42.78,
      "V_obs": 216.0,
      "V_GR": 151.50150527305001,
      "V_required": 153.9587409015805,
      "capacity": 1.2229389811019067,
      "provided": 77.87361730228827,
      "V_model": 170.34378876772482
    },
    {
      "R": 45.29,
      "V_obs": 215.0,
      "V_GR": 147.28132060787615,
      "V_required": 156.63081625274125,
      "capacity": 0.8205498546252424,
      "provided": 79.2251753371269,
      "V_model": 167.23760285055064
    },
    {
      "R": 47.81,
      "V_obs": 217.0,
      "V_GR": 143.35281824924127,
      "V_required": 162.90785585722992,
      "capacity": 0.5104599532886321,
      "provided": 123.06755750237471,
      "V_model": 188.93293574599508
    },
    {
      "R": 50.33,
      "V_obs": 214.0,
      "V_GR": 141.04020455175183,
      "V_required": 160.9461422339784,
      "capacity": 0.0,
      "provided": 0.0,
      "V_model": 141.04020455175183
    }
  ]
}