{
  "galaxy": "NGC5055",
  "alpha": 2.8271,
  "gamma": 0.8579,
  "alpha_eff": 2.8271,
  "gamma_eff": 0.8579,
  "alpha_scaling": "constant",
  "gamma_scaling": "constant",
  "shell_mode": "data",
  "shell_parameters": {
    "R_coh": null,
    "R_stop": 65.508,
    "r_factor": 4.0,
    "n_shell_min": 8,
    "n_shell_max": 40,
    "g_floor": 1e-05,
    "coh_radius_factor": 3.0,
    "spillover_mode": "capped",
    "spill_weights": null
  },
  "disable_capacity": true,
  "pure_lambda": true,
  "budget_factor": 1.0,
  "spillover_mode": "capped",
  "spillover_params": {
    "alpha": 0.5,
    "beta": 1.0,
    "gamma": 1.0,
    "delta": 2.0,
    "gcut": 1e-05
  },
  "lambda_settings": {
    "mode": "short_boost",
    "spectrum": "orbital",
    "max_multiplier": 1.5,
    "A": 1.877552038,
    "A_effective": 1.877552038,
    "lambda0": 38.28474627,
    "alpha": 2.410261716,
    "sigma_gate": {
      "enabled": true,
      "beta": 0.4,
      "sigma_value": 26.925,
      "sigma_ref": 30.0,
      "gate": 1.0
    },
    "accel_gate": {
      "enabled": true,
      "g_dag": 1e-10,
      "q": 2.0,
      "min": 0.002985631314391513,
      "median": 0.4928296087791467,
      "max": 0.9934352947445305
    },
    "multiplier_stats": {
      "min": 1.0014928156571958,
      "median": 1.024273327082346,
      "max": 1.1017719183287529
    }
  },
  "shell_profile": {
    "centers": [
      0.8254999999999999,
      1.435,
      2.1550000000000002,
      2.8725,
      3.5875,
      4.305,
      5.0275,
      5.7475000000000005,
      6.4625,
      7.1825,
      7.905,
      9.16,
      11.475,
      14.32,
      17.1875,
      20.0725,
      22.96,
      25.85,
      28.7375,
      31.6225,
      34.51,
      37.4,
      40.2875,
      43.1375,
      45.955,
      48.81,
      51.7,
      59.326499999999996
    ],
    "mass": [
      9793.570665294563,
      13528.062086930438,
      14634.761593489915,
      11575.568368404032,
      9977.112361507598,
      10078.416706095702,
      9587.207571805278,
      8968.939468836821,
      7611.848029933435,
      6718.326837374995,
      5763.862062335549,
      11818.64378674721,
      10858.510281772033,
      6421.354935781483,
      2951.563884292442,
      1302.0307616467696,
      742.1122442411566,
      276.94292205897904,
      78.33693030229807,
      51.56507232412731,
      25.065863004308728,
      6.791243671118129,
      7.302910939617493,
      0.08610019064206799,
      0.0,
      0.0,
      0.0,
      0.0
    ]
  },
  "scaling_params": {
    "mass_ref": 60000000000.0,
    "sigma_ref": 30.0,
    "alpha_beta": 0.0,
    "gamma_beta": 0.0,
    "alpha_min": 0.01,
    "alpha_max": 100.0,
    "gamma_min": -5.0,
    "gamma_max": 5.0
  },
  "force_match": false,
  "rms_velocity": 60.10761145631234,
  "n_points": 28,
  "data": [
    {
      "R": 0.72,
      "V_obs": 125.0,
      "V_GR": 201.4920107597321,
      "V_required": 0.0,
      "raw_enhancement": 7.785041313190935,
      "lambda_value": 4.523893421169302,
      "lambda_multiplier": 1.0014928156571958,
      "capacity": null,
      "provided": 7.785041313190935,
      "V_model": 201.64234988773586
    },
    {
      "R": 1.43,
      "V_obs": 162.0,
      "V_GR": 240.15881266362055,
      "V_required": 0.0,
      "raw_enhancement": 12.954056823290628,
      "lambda_value": 8.984954989266807,
      "lambda_multiplier": 1.0029094743982285,
      "capacity": null,
      "provided": 12.954056823290628,
      "V_model": 240.50792687182067
    },
    {
      "R": 2.16,
      "V_obs": 178.0,
      "V_GR": 263.30176793937403,
      "V_required": 0.0,
      "raw_enhancement": 17.81712962092118,
      "lambda_value": 13.571680263507908,
      "lambda_multiplier": 1.0045789713761335,
      "capacity": null,
      "provided": 17.81712962092118,
      "V_model": 263.90390506381044
    },
    {
      "R": 2.87,
      "V_obs": 193.0,
      "V_GR": 280.7907818999762,
      "V_required": 0.0,
      "raw_enhancement": 22.162162333234296,
      "lambda_value": 18.032741831605414,
      "lambda_multiplier": 1.0062295771817977,
      "capacity": null,
      "provided": 22.162162333234296,
      "V_model": 281.6640279469223
    },
    {
      "R": 3.59,
      "V_obs": 192.0,
      "V_GR": 273.3865089941345,
      "V_required": 0.0,
      "raw_enhancement": 28.342252518270314,
      "lambda_value": 22.556635252774715,
      "lambda_multiplier": 1.0107476760471017,
      "capacity": null,
      "provided": 28.342252518270314,
      "V_model": 274.85171743652865
    },
    {
      "R": 4.3,
      "V_obs": 190.0,
      "V_GR": 272.22796421381844,
      "V_required": 0.0,
      "raw_enhancement": 33.924985545449,
      "lambda_value": 27.01769682087222,
      "lambda_multiplier": 1.0155300863951038,
      "capacity": null,
      "provided": 33.924985545449,
      "V_model": 274.33368211770664
    },
    {
      "R": 5.03,
      "V_obs": 195.0,
      "V_GR": 273.85946998415085,
      "V_required": 0.0,
      "raw_enhancement": 39.24365635621883,
      "lambda_value": 31.60442209511332,
      "lambda_multiplier": 1.0205344654359987,
      "capacity": null,
      "provided": 39.24365635621883,
      "V_model": 276.65696062851015
    },
    {
      "R": 5.75,
      "V_obs": 201.0,
      "V_GR": 276.5761674475948,
      "V_required": 0.0,
      "raw_enhancement": 44.18854033566343,
      "lambda_value": 36.12831551628262,
      "lambda_multiplier": 1.0255264136906743,
      "capacity": null,
      "provided": 44.18854033566343,
      "V_model": 280.0839222393827
    },
    {
      "R": 6.46,
      "V_obs": 204.0,
      "V_GR": 280.372021607007,
      "V_required": 0.0,
      "raw_enhancement": 48.73049960247818,
      "lambda_value": 40.589377084380125,
      "lambda_multiplier": 1.030208724026848,
      "capacity": null,
      "provided": 48.73049960247818,
      "V_model": 284.5753539776541
    },
    {
      "R": 7.18,
      "V_obs": 204.0,
      "V_GR": 276.53767284042874,
      "V_required": 0.0,
      "raw_enhancement": 54.41322515230187,
      "lambda_value": 45.11327050554943,
      "lambda_multiplier": 1.038716877850992,
      "capacity": null,
      "provided": 54.41322515230187,
      "V_model": 281.8401738068494
    },
    {
      "R": 7.91,
      "V_obs": 206.0,
      "V_GR": 272.65341534629636,
      "V_required": 0.0,
      "raw_enhancement": 60.14102429220802,
      "lambda_value": 49.69999577979053,
      "lambda_multiplier": 1.0486541350956,
      "capacity": null,
      "provided": 60.14102429220802,
      "V_model": 279.2074993672554
    },
    {
      "R": 8.62,
      "V_obs": 206.0,
      "V_GR": 268.6051901955731,
      "V_required": 0.0,
      "raw_enhancement": 65.6985910939888,
      "lambda_value": 54.161057347888026,
      "lambda_multiplier": 1.059825083309417,
      "capacity": null,
      "provided": 65.6985910939888,
      "V_model": 276.523151059247
    },
    {
      "R": 11.49,
      "V_obs": 206.0,
      "V_GR": 247.79661276942429,
      "V_required": 0.0,
      "raw_enhancement": 79.05135999431533,
      "lambda_value": 72.19379917949345,
      "lambda_multiplier": 1.1017719183287529,
      "capacity": null,
      "provided": 79.05135999431533,
      "V_model": 260.1005167564087
    },
    {
      "R": 14.3,
      "V_obs": 206.0,
      "V_GR": 229.62955776641647,
      "V_required": 0.0,
      "raw_enhancement": 72.22831288438037,
      "lambda_value": 89.8495498926681,
      "lambda_multiplier": 1.0989371424083303,
      "capacity": null,
      "provided": 72.22831288438037,
      "V_model": 240.721131149976
    },
    {
      "R": 17.19,
      "V_obs": 203.0,
      "V_GR": 213.808554552899,
      "V_required": 0.0,
      "raw_enhancement": 63.58804026879924,
      "lambda_value": 108.0079554304171,
      "lambda_multiplier": 1.0884505883770568,
      "capacity": null,
      "provided": 63.58804026879924,
      "V_model": 223.0639748261167
    },
    {
      "R": 20.07,
      "V_obs": 200.0,
      "V_GR": 195.55449803060014,