{
  "galaxy": "NGC5005",
  "alpha": 2.8271,
  "gamma": 0.8579,
  "alpha_eff": 2.8271,
  "gamma_eff": 0.8579,
  "alpha_scaling": "constant",
  "gamma_scaling": "constant",
  "shell_mode": "gravity_adaptive",
  "shell_parameters": {
    "R_coh": 34.410000000000004,
    "R_stop": 45.88,
    "r_factor": 4.0,
    "n_shell_min": 8,
    "n_shell_max": 40,
    "g_floor": 1e-05,
    "coh_radius_factor": 3.0,
    "spillover_mode": "hybrid",
    "spill_weights": [
      0.003472517594719104,
      0.0070253603106221205,
      0.009575368715195718,
      0.011756897474345466,
      0.014062232635959473,
      0.015112904275258646,
      0.0161475262508042,
      0.016107691142729877,
      0.014437199473133768,
      0.012900135022517469,
      0.014519839128727462,
      0.01613153943144,
      0.01772444996924091,
      0.019288707752813824,
      0.020815314170504706,
      0.02229609272632503,
      0.02372365683681277,
      0.025091383645554046,
      0.026393391205718535,
      0.02762451727512776,
      0.028780298558176442,
      0.02985694962705466,
      0.03085134102912292,
      0.03176097628009604,
      0.032583967580583614,
      0.03331901019373742,
      0.03396535549555886,
      0.03452278276429359,
      0.034991569816299674,
      0.031983409336188005,
      0.032545733910507295,
      0.033071021056716034,
      0.03355489077828457,
      0.033992866318607276,
      0.034380407067661,
      0.034712946688380444,
      0.03498593662454236,
      0.03519489506336072,
      0.035335461316969255,
      0.03540345545630905
    ]
  },
  "budget_factor": 1.0,
  "spillover_mode": "hybrid",
  "spillover_params": {
    "alpha": 0.4,
    "beta": 1.0,
    "gamma": 0.8,
    "delta": 1.8,
    "gcut": 1e-05
  },
  "shell_profile": {
    "centers": [
      1.0748275862068966,
      2.24448275862069,
      3.414137931034483,
      4.583793103448276,
      5.75344827586207,
      6.923103448275862,
      8.092758620689654,
      9.262413793103448,
      10.432068965517242,
      11.601724137931036,
      12.771379310344827,
      13.94103448275862,
      15.110689655172415,
      16.280344827586205,
      17.449999999999996,
      18.619655172413793,
      19.789310344827584,
      20.95896551724138,
      22.128620689655172,
      23.298275862068962,
      24.46793103448276,
      25.63758620689655,
      26.80724137931034,
      27.97689655172414,
      29.14655172413793,
      30.316206896551726,
      31.485862068965517,
      32.655517241379314,
      33.825172413793105,
      34.865896439955144,
      35.78976962000863,
      36.73812350298314,
      37.711606776196874,
      38.71088531582234,
      39.73664264235504,
      40.78958038815098,
      41.87041877735308,
      42.97989711853448,
      44.118774310396034,
      45.287829360863554
    ],
    "mass": [
      30916.966593502362,
      28800.31977457656,
      22165.493054631886,
      18024.704141687784,
      16306.010304671217,
      12590.709408613608,
      10336.243726122719,
      7559.41781444489,
      4418.915762601589,
      2654.2349864213575,
      2921.82794448173,
      3189.420902542108,
      3457.013860602481,
      3724.6068186628368,
      3992.199776723226,
      4259.792734783601,
      4527.385692843973,
      4794.978650904348,
      5062.571608964705,
      5330.164567025093,
      5597.757525085467,
      5865.350483145822,
      6132.943441206212,
      6400.536399266587,
      6668.1293573269595,
      6935.722315387333,
      7203.315273447707,
      7470.908231508057,
      7738.501189568477,
      6218.075936351971,
      6551.973849117526,
      6903.801394343428,
      7274.521356485198,
      7665.148219547292,
      8076.7509432423885,
      8510.455888225437,
      8967.449898406203,
      9448.983548775861,
      9956.374567635543,
      10491.011442590767
    ]
  },
  "scaling_params": {
    "mass_ref": 60000000000.0,
    "sigma_ref": 30.0,
    "alpha_beta": 0.0,
    "gamma_beta": 0.0,
    "alpha_min": 0.01,
    "alpha_max": 100.0,
    "gamma_min": -5.0,
    "gamma_max": 5.0
  },
  "force_match": false,
  "rms_velocity": 57.02955192190641,
  "n_points": 18,
  "data": [
    {
      "R": 0.49,
      "V_obs": 211.0,
      "V_GR": 253.26089986415195,
      "V_required": 0.0,
      "capacity": 5737.697345162749,
      "provided": 0.0,
      "V_model": 253.26089986415195
    },
    {
      "R": 0.98,
      "V_obs": 233.0,
      "V_GR": 311.76855325705964,
      "V_required": 0.0,
      "capacity": 3167.309163843266,
      "provided": 0.0,
      "V_model": 311.76855325705964
    },
    {
      "R": 1.47,
      "V_obs": 227.0,
      "V_GR": 310.74284770530113,
      "V_required": 0.0,
      "capacity": 2501.011443108725,
      "provided": 0.0,
      "V_model": 310.74284770530113
    },
    {
      "R": 1.97,
      "V_obs": 234.0,
      "V_GR": 307.98007938826174,
      "V_required": 0.0,
      "capacity": 2644.375417852098,
      "provided": 0.0,
      "V_model": 307.98007938826174
    },
    {
      "R": 2.46,
      "V_obs": 245.0,
      "V_GR": 315.6951170037319,
      "V_required": 0.0,
      "capacity": 2550.9258873356584,
      "provided": 0.0,
      "V_model": 315.6951170037319
    },
    {
      "R": 2.95,
      "V_obs": 244.0,
      "V_GR": 322.10372133832914,
      "V_required": 0.0,
      "capacity": 2198.5377494174963,
      "provided": 0.0,
      "V_model": 322.10372133832914
    },
    {
      "R": 3.44,
      "V_obs": 261.0,
      "V_GR": 326.41823846102716,
      "V_required": 0.0,
      "capacity": 1868.8393503976872,
      "provided": 0.0,
      "V_model": 326.41823846102716
    },
    {
      "R": 3.93,
      "V_obs": 259.0,
      "V_GR": 323.32238075951375,
      "V_required": 0.0,
      "capacity": 1548.6040402302403,
      "provided": 0.0,
      "V_model": 323.32238075951375
    },
    {
      "R": 4.42,
      "V_obs": 258.0,
      "V_GR": 318.52763459392344,
      "V_required": 0.0,
      "capacity": 1487.4078228393753,
      "provided": 0.0,
      "V_model": 318.52763459392344
    },
    {
      "R": 4.92,
      "V_obs": 258.0,
      "V_GR": 316.54207761370367,
      "V_required": 0.0,
      "capacity": 1397.2745847808123,
      "provided": 0.0,
      "V_model": 316.54207761370367
    },
    {
      "R": 5.74,
      "V_obs": 261.0,
      "V_GR": 314.6649637312677,
      "V_required": 0.0,
      "capacity": 1271.457909979813,
      "provided": 0.0,
      "V_model": 314.6649637312677
    },
    {
      "R": 6.56,
      "V_obs": 263.0,
      "V_GR": 312.9960092397346,
      "V_required": 0.0,
      "capacity": 1017.5918422677223,
      "provided": 0.0,
      "V_model": 312.9960092397346
    },
    {
      "R": 7.37,
      "V_obs": 264.0,
      "V_GR": 307.59458008879153,
      "V_required": 0.0,
      "capacity": 833.9943142603936,
      "provided": 0.0,
      "V_model": 307.59458008879153
    },
    {
      "R": 8.19,
      "V_obs": 265.0,
      "V_GR": 303.57078268502715,
      "V_required": 0.0,
      "capacity": 731.3580016957826,
      "provided": 0.0,
      "V_model": 303.57078268502715
    },
    {
      "R": 9.01,
      "V_obs": 265.0,
      "V_GR": 300.3589103056542,
      "V_required": 0.0,
      "capacity": 577.7772969268783,
      "provided": 0.0,
      "V_model": 300.3589103056542
    },
    {
      "R": 9.83,
      "V_obs": 264.0,
      "V_GR": 294.2116539160201,
      "V_required": 0.0,
      "capacity": 398.17785977174003,
      "provided": 0.0,
      "V_model": 294.2116539160201
    },
    {
      "R": 10.65,
      "V_obs": 264.0,
      "V_GR": 284.93698355952324,
      "V_required": 0.0,
      "capacity": 256.8350363837608,
      "provided": 0.0,
      "V_model": 284.93698355952324
    },
    {
      "R": 11.47,
      "V_obs": 265.0,
      "V_GR": 274.56662306260023,
      "V_required": 0.0,
      "capacity": 170.23852713981043,
      "provided": 0.0,
      "V_model": 274.56662306260023
    }
  ]
}