{
  "galaxy": "NGC6195",
  "alpha": 2.8271,
  "gamma": 0.8579,
  "alpha_eff": 2.8271,
  "gamma_eff": 0.8579,
  "alpha_scaling": "constant",
  "gamma_scaling": "constant",
  "shell_mode": "gravity_adaptive",
  "shell_parameters": {
    "R_coh": 109.28999999999999,
    "R_stop": 145.72,
    "r_factor": 4.0,
    "n_shell_min": 8,
    "n_shell_max": 40,
    "g_floor": 1e-05,
    "coh_radius_factor": 3.0,
    "spillover_mode": "hybrid",
    "spill_weights": [
      0.0038642809879148605,
      0.007229321344364823,
      0.009713725945263617,
      0.01275309389783702,
      0.014538166660461748,
      0.01449624068433587,
      0.013090782017251288,
      0.011869071605070756,
      0.012352876191915343,
      0.013227018238836976,
      0.014883457528566396,
      0.016527404844796433,
      0.0181475821061831,
      0.01973378525949051,
      0.02127681437606349,
      0.022768418664570876,
      0.02420125043799311,
      0.02556882441798489,
      0.026865480173924566,
      0.02808634635780988,
      0.029227305926532995,
      0.030284961868488943,
      0.03125660315046324,
      0.03214017072218085,
      0.03293422349050183,
      0.03363790422224383,
      0.03425090536585541,
      0.03477343480476246,
      0.03520618157320438,
      0.03211762043172867,
      0.03265424645363434,
      0.03315274885440858,
      0.03360887483484588,
      0.034018292063279124,
      0.03437662121069609,
      0.034679473415494606,
      0.03492249281900266,
      0.035101404227950855,
      0.03521206585564227,
      0.03525052696844747
    ]
  },
  "budget_factor": 1.0,
  "spillover_mode": "hybrid",
  "spillover_params": {
    "alpha": 0.4,
    "beta": 1.0,
    "gamma": 0.8,
    "delta": 1.8,
    "gcut": 1e-05
  },
  "shell_profile": {
    "centers": [
      3.1913793103448276,
      6.914137931034483,
      10.636896551724139,
      14.359655172413792,
      18.082413793103445,
      21.805172413793102,
      25.52793103448276,
      29.250689655172412,
      32.97344827586207,
      36.696206896551715,
      40.418965517241375,
      44.141724137931035,
      47.86448275862068,
      51.58724137931034,
      55.31,
      59.03275862068965,
      62.75551724137931,
      66.47827586206895,
      70.20103448275862,
      73.92379310344828,
      77.64655172413792,
      81.36931034482758,
      85.09206896551723,
      88.81482758620689,
      92.53758620689655,
      96.26034482758621,
      99.98310344827586,
      103.70586206896552,
      107.42862068965516,
      110.7379779692734,
      113.67230228918173,
      116.68438005350271,
      119.77627156554945,
      122.95009172235467,
      126.20801146128983,
      129.55225924501661,
      132.98512258578666,
      136.50894961013176,
      140.12615066501547,
      143.83919996654396
    ],
    "mass": [
      92205.37776618802,
      64446.74716485536,
      46559.132485916416,
      44188.44716799706,
      35199.2583036127,
      22444.893595392678,
      12075.710086231235,
      6950.608409245342,
      5904.174694602103,
      5579.294406188549,
      6145.302942344808,
      6711.311478501044,
      7277.320014657289,
      7843.3285508135505,
      8409.337086969783,
      8975.345623126026,
      9541.354159282293,
      10107.362695438502,
      10673.371231594789,
      11239.379767750992,
      11805.388303907283,
      12371.396840063531,
      12937.405376219729,
      13503.413912376025,
      14069.422448532274,
      14635.430984688468,
      15201.439520844768,
      15767.448057001015,
      16333.4565931572,
      13097.299659706558,
      13800.597764136784,
      14541.66153298259,
      15322.518904894163,
      16145.306714664184,
      17012.27654072731,
      17925.800866657573,
      18888.379573526836,
      19902.64678088806,
      20971.378055107238,
      22097.498004765544
    ]
  },
  "scaling_params": {
    "mass_ref": 60000000000.0,
    "sigma_ref": 30.0,
    "alpha_beta": 0.0,
    "gamma_beta": 0.0,
    "alpha_min": 0.01,
    "alpha_max": 100.0,
    "gamma_min": -5.0,
    "gamma_max": 5.0
  },
  "force_match": false,
  "rms_velocity": 43.848234734986285,
  "n_points": 23,
  "data": [
    {
      "R": 1.33,
      "V_obs": 175.0,
      "V_GR": 242.6980683895115,
      "V_required": 0.0,
      "capacity": 1494.122197128905,
      "provided": 0.1991126923950222,
      "V_model": 242.69815006683564
    },
    {
      "R": 2.34,
      "V_obs": 237.0,
      "V_GR": 272.06602213433416,
      "V_required": 0.0,
      "capacity": 1185.8520410277697,
      "provided": 0.1991126923950222,
      "V_model": 272.066094995066
    },
    {
      "R": 3.33,
      "V_obs": 247.0,
      "V_GR": 281.45533961891715,
      "V_required": 0.0,
      "capacity": 1057.5007527678556,
      "provided": 0.1991126923950222,
      "V_model": 281.45541004902407
    },
    {
      "R": 4.34,
      "V_obs": 242.0,
      "V_GR": 288.06456654715447,
      "V_required": 0.0,
      "capacity": 907.037368656788,
      "provided": 0.1991126923950222,
      "V_model": 288.0646353613443
    },
    {
      "R": 5.35,
      "V_obs": 240.0,
      "V_GR": 291.0182971910873,
      "V_required": 0.0,
      "capacity": 836.616660656864,
      "provided": 0.3725012858969136,
      "V_model": 291.01853559044656
    },
    {
      "R": 6.34,
      "V_obs": 233.0,
      "V_GR": 295.60277891115976,
      "V_required": 0.0,
      "capacity": 740.3375985200956,
      "provided": 0.3725012858969136,
      "V_model": 295.60301361320387
    },
    {
      "R": 7.34,
      "V_obs": 233.0,
      "V_GR": 298.2041062762215,
      "V_required": 0.0,
      "capacity": 628.9616535758217,
      "provided": 0.3725012858969136,
      "V_model": 298.2043389308882
    },
    {
      "R": 8.32,
      "V_obs": 247.0,
      "V_GR": 297.5689145391366,
      "V_required": 0.0,
      "capacity": 526.6049877712951,
      "provided": 0.3725012858969136,
      "V_model": 297.5691476904284
    },
    {
      "R": 9.34,
      "V_obs": 248.0,
      "V_GR": 294.47520370992186,
      "V_required": 0.0,
      "capacity": 499.7011705964994,
      "provided": 0.50051384260037,
      "V_model": 294.47562906649273
    },
    {
      "R": 10.38,
      "V_obs": 242.0,
      "V_GR": 293.90426944840385,
      "V_required": 0.0,
      "capacity": 471.7661079864762,
      "provided": 0.50051384260037,
      "V_model": 293.90469563126516
    },
    {
      "R": 11.36,
      "V_obs": 252.0,
      "V_GR": 292.1696599580456,
      "V_required": 0.0,
      "capacity": 427.4392252204375,
      "provided": 0.50051384260037,
      "V_model": 292.1700886711483
    },
    {
      "R": 12.34,
      "V_obs": 245.0,
      "V_GR": 289.3921813041949,
      "V_required": 0.0,
      "capacity": 411.26817179889827,
      "provided": 0.50051384260037,
      "V_model": 289.3926141319205
    },
    {
      "R": 13.32,
      "V_obs": 247.0,
      "V_GR": 288.9820719352673,
      "V_required": 0.0,
      "capacity": 421.3182142277769,
      "provided": 0.8761622564219197,
      "V_model": 288.9834001466167
    },
    {
      "R": 14.3,
      "V_obs": 238.0,
      "V_GR": 290.72461780867474,
      "V_required": 0.0,
      "capacity": 417.62166054969646,
      "provided": 0.8761622564219197,
      "V_model": 290.7259380590242
    },
    {
      "R": 15.47,
      "V_obs": 249.0,
      "V_GR": 294.05908215867095,
      "V_required": 0.0,
      "capacity": 388.6500330322611,
      "provided": 0.8761622564219197,
      "V_model": 294.060387438192
    },
    {
      "R": 16.35,
      "V_obs": 250.0,
      "V_GR": 294.39528885496793,
      "V_required": 0.0,
      "capacity": 350.06690906694024,
      "provided": 0.998800213305767,
      "V_model": 294.39698317385336
    },
    {
      "R": 17.92,
      "V_obs": 253.0,
      "V_GR": 294.08368094812744,
      "V_required": 0.0,
      "capacity": 321.9412913800079,
      "provided": 0.998800213305767,
      "V_model": 294.0853770622846
    },
    {
      "R": 19.1,
      "V_obs": 258.0,
      "V_GR": 294.5357365414255,