{
  "galaxy": "NGC6946",
  "alpha": 2.8271,
  "gamma": 0.8579,
  "alpha_eff": 2.8271,
  "gamma_eff": 0.8579,
  "alpha_scaling": "constant",
  "gamma_scaling": "constant",
  "shell_mode": "gravity_adaptive",
  "shell_parameters": {
    "R_coh": 61.199999999999996,
    "R_stop": 81.6,
    "r_factor": 4.0,
    "n_shell_min": 8,
    "n_shell_max": 40,
    "g_floor": 1e-05,
    "coh_radius_factor": 3.0,
    "spillover_mode": "hybrid",
    "spill_weights": [
      0.033697831015772894,
      0.0950460860186753,
      0.1446603463524363,
      0.1375024581780554,
      0.14670342903762404,
      0.13581649154209896,
      0.11980158088061572,
      0.10203986674333144,
      0.08473191023138996,
      0.0,
      0.0,
      0.0,
      0.0,
      0.0,
      0.0,
      0.0,
      0.0,
      0.0,
      0.0,
      0.0,
      0.0,
      0.0,
      0.0,
      0.0,
      0.0,
      0.0,
      0.0,
      0.0,
      0.0,
      0.0,
      0.0,
      0.0,
      0.0,
      0.0,
      0.0,
      0.0,
      0.0,
      0.0,
      0.0,
      0.0
    ]
  },
  "budget_factor": 1.0,
  "spillover_mode": "hybrid",
  "spillover_params": {
    "alpha": 0.4,
    "beta": 1.0,
    "gamma": 0.8,
    "delta": 1.8,
    "gcut": 1e-05
  },
  "shell_profile": {
    "centers": [
      1.2418965517241378,
      3.345689655172414,
      5.4494827586206895,
      7.553275862068965,
      9.65706896551724,
      11.760862068965515,
      13.864655172413793,
      15.96844827586207,
      18.072241379310345,
      20.17603448275862,
      22.279827586206896,
      24.383620689655174,
      26.48741379310345,
      28.591206896551725,
      30.695,
      32.798793103448276,
      34.902586206896544,
      37.006379310344826,
      39.110172413793094,
      41.21396551724138,
      43.317758620689645,
      45.42155172413793,
      47.525344827586196,
      49.62913793103448,
      51.73293103448276,
      53.83672413793103,
      55.94051724137931,
      58.04431034482758,
      60.14810344827586,
      62.010835865308174,
      63.65399304692029,
      65.34069044994384,
      67.07208179899004,
      68.84935138995428,
      70.67371490009089,
      72.5464202195536,
      74.4687483049697,
      76.44201405563234,
      78.4675672129101,
      80.54679328348878
    ],
    "mass": [
      15993.665241796803,
      18076.87318388639,
      15448.877727683834,
      6121.541686154705,
      3979.461468067374,
      2057.8196480206484,
      1027.1042022719132,
      499.8920049406231,
      239.4961147625636,
      0.0,
      0.0,
      0.0,
      0.0,
      0.0,
      0.0,
      0.0,
      0.0,
      0.0,
      0.0,
      0.0,
      0.0,
      0.0,
      0.0,
      0.0,
      0.0,
      0.0,
      0.0,
      0.0,
      0.0,
      0.0,
      0.0,
      0.0,
      0.0,
      0.0,
      0.0,
      0.0,
      0.0,
      0.0,
      0.0,
      0.0
    ]
  },
  "scaling_params": {
    "mass_ref": 60000000000.0,
    "sigma_ref": 30.0,
    "alpha_beta": 0.0,
    "gamma_beta": 0.0,
    "alpha_min": 0.01,
    "alpha_max": 100.0,
    "gamma_min": -5.0,
    "gamma_max": 5.0
  },
  "force_match": false,
  "rms_velocity": 28.42540549535471,
  "n_points": 58,
  "data": [
    {
      "R": 0.19,
      "V_obs": 153.0,
      "V_GR": 234.4451545671183,
      "V_required": 0.0,
      "capacity": 633.1498721974618,
      "provided": 9.699854651198217,
      "V_model": 234.64572802472742
    },
    {
      "R": 0.56,
      "V_obs": 130.0,
      "V_GR": 179.77566826464587,
      "V_required": 0.0,
      "capacity": 439.980924158948,
      "provided": 9.699854651198217,
      "V_model": 180.0371574988185
    },
    {
      "R": 0.94,
      "V_obs": 128.0,
      "V_GR": 165.06045468251926,
      "V_required": 0.0,
      "capacity": 415.86546108853304,
      "provided": 9.699854651198217,
      "V_model": 165.34521728872102
    },
    {
      "R": 1.22,
      "V_obs": 134.0,
      "V_GR": 162.81320001768898,
      "V_required": 0.0,
      "capacity": 461.326777298455,
      "provided": 9.699854651198217,
      "V_model": 163.10188619465555
    },
    {
      "R": 1.59,
      "V_obs": 129.0,
      "V_GR": 165.84210834405116,
      "V_required": 0.0,
      "capacity": 471.5353505468018,
      "provided": 9.699854651198217,
      "V_model": 166.12553109096257
    },
    {
      "R": 1.96,
      "V_obs": 131.0,
      "V_GR": 167.97997588998516,
      "V_required": 0.0,
      "capacity": 477.56031391712503,
      "provided": 9.699854651198217,
      "V_model": 168.25979757581538
    },
    {
      "R": 2.34,
      "V_obs": 138.0,
      "V_GR": 174.5087751375271,
      "V_required": 0.0,
      "capacity": 524.5310125228323,
      "provided": 27.358829685949384,
      "V_model": 176.64036390866266
    },
    {
      "R": 2.71,
      "V_obs": 139.0,
      "V_GR": 185.22256935913614,
      "V_required": 0.0,
      "capacity": 491.2862210806537,
      "provided": 27.358829685949384,
      "V_model": 187.23222415435004
    },
    {
      "R": 2.99,
      "V_obs": 143.0,
      "V_GR": 187.15261820236447,
      "V_required": 0.0,
      "capacity": 475.6150006728918,
      "provided": 27.358829685949384,
      "V_model": 189.141767100196
    },
    {
      "R": 3.37,
      "V_obs": 146.0,
      "V_GR": 191.46368062899032,
      "V_required": 0.0,
      "capacity": 451.67215118505726,
      "provided": 27.358829685949384,
      "V_model": 193.40849661218294
    },
    {
      "R": 3.74,
      "V_obs": 154.0,
      "V_GR": 193.64015234449698,
      "V_required": 0.0,
      "capacity": 425.73795166287437,
      "provided": 27.358829685949384,
      "V_model": 195.5633251961747
    },
    {
      "R": 4.12,
      "V_obs": 161.0,
      "V_GR": 195.86246935030712,
      "V_required": 0.0,
      "capacity": 423.12419234682676,
      "provided": 27.358829685949384,
      "V_model": 197.76403227529718
    },
    {
      "R": 4.4,
      "V_obs": 167.0,
      "V_GR": 198.77892166927558,
      "V_required": 0.0,
      "capacity": 420.28612991424325,
      "provided": 41.64019733952128,
      "V_model": 203.09349013317555
    },
    {
      "R": 4.77,
      "V_obs": 173.0,
      "V_GR": 203.03241785488345,
      "V_required": 0.0,
      "capacity": 401.79856243373,
      "provided": 41.64019733952128,
      "V_model": 207.2584587766547
    },
    {
      "R": 5.15,
      "V_obs": 176.0,
      "V_GR": 207.18292062812512,
      "V_required": 0.0,
      "capacity": 387.2284286965012,
      "provided": 41.64019733952128,
      "V_model": 211.32597718802643
    },
    {
      "R": 5.52,
      "V_obs": 178.0,
      "V_GR": 213.15722483650418,
      "V_required": 0.0,
      "capacity": 352.89093873698613,
      "provided": 41.64019733952128,
      "V_model": 217.18634518420873
    },
    {
      "R": 5.89,
      "V_obs": 180.0,
      "V_GR": 213.37989642888104,
      "V_required": 0.0,
      "capacity": 253.8930195990282,
      "provided": 41.64019733952128,
      "V_model": 217.40489008868747
    },
    {
      "R": 6.17,
      "V_obs": 179.0,
      "V_GR": 210.07027157596573,
      "V_required": 0.0,
      "capacity": 235.08127206266667,
      "provided": 41.64019733952128,
      "V_model": 214.1574771855381
    },
    {
      "R": 6.55,
      "V_obs": 180.0,
      "V_GR": 209.30756508067262,
      "V_required": 0.0,
      "capacity": 242.72353183196114,
      "provided": 39.57981324926553,
      "V_model": 213.01694396654634
    },
    {
      "R": 6.92,
      "V_obs": 181.0,
      "V_GR": 209.91288812266865,
      "V_required": 0.0,
      "capacity": 201.86263229719484,
      "provided": 39.57981324926553,
      "V_model": 213.6117558020783
    },
    {
      "R": 7.3,
      "V_obs": 179.0,
      "V_GR": 207.1637029018356,
      "V_required": 0.0,
      "capacity": 155.41219925967303,
      "provided": 39.57981324926553,
      "V_model": 210.91079018591427
    },
    {
      "R": 7.58,
      "V_obs": 179.0,
      "V_GR": 203.8668634182613,
      "V_required": 0.0,
      "capacity": 132.95933330832716,
      "provided": 39.57981324926553,