{
  "galaxy": "NGC6674",
  "alpha": 2.8271,
  "gamma": 0.8579,
  "alpha_eff": 2.8271,
  "gamma_eff": 0.8579,
  "alpha_scaling": "constant",
  "gamma_scaling": "constant",
  "shell_mode": "gravity_adaptive",
  "shell_parameters": {
    "R_coh": 217.23,
    "R_stop": 289.64,
    "r_factor": 4.0,
    "n_shell_min": 8,
    "n_shell_max": 40,
    "g_floor": 1e-05,
    "coh_radius_factor": 3.0,
    "spillover_mode": "hybrid",
    "spill_weights": [
      0.09334015365214006,
      0.1575916392881579,
      0.17247119490925503,
      0.15892268446671082,
      0.13487774873565556,
      0.1039983772866897,
      0.07901078721528312,
      0.057614118449067914,
      0.042173295997039985,
      0.0,
      0.0,
      0.0,
      0.0,
      0.0,
      0.0,
      0.0,
      0.0,
      0.0,
      0.0,
      0.0,
      0.0,
      0.0,
      0.0,
      0.0,
      0.0,
      0.0,
      0.0,
      0.0,
      0.0,
      0.0,
      0.0,
      0.0,
      0.0,
      0.0,
      0.0,
      0.0,
      0.0,
      0.0,
      0.0,
      0.0
    ]
  },
  "budget_factor": 1.0,
  "spillover_mode": "hybrid",
  "spillover_params": {
    "alpha": 0.4,
    "beta": 1.0,
    "gamma": 0.8,
    "delta": 1.8,
    "gcut": 1e-05
  },
  "shell_profile": {
    "centers": [
      6.202241379310345,
      13.606724137931035,
      21.011206896551727,
      28.415689655172415,
      35.8201724137931,
      43.22465517241379,
      50.629137931034485,
      58.03362068965517,
      65.43810344827585,
      72.84258620689656,
      80.24706896551723,
      87.65155172413793,
      95.05603448275863,
      102.4605172413793,
      109.86500000000001,
      117.26948275862068,
      124.67396551724137,
      132.07844827586206,
      139.48293103448276,
      146.88741379310346,
      154.29189655172414,
      161.6963793103448,
      169.1008620689655,
      176.5053448275862,
      183.90982758620692,
      191.3143103448276,
      198.71879310344826,
      206.12327586206897,
      213.52775862068967,
      220.1080698532826,
      225.94047237879892,
      231.92742134708004,
      238.07301191494457,
      244.38144775228375,
      250.85704391743042,
      257.50422980871934,
      264.3275521942576,
      271.33167832197734,
      278.52139911209895,
      285.9016324341874
    ],
    "mass": [
      111154.31271734866,
      58401.3157929685,
      25132.82985341972,
      9862.45192449776,
      3779.7179434909312,
      1278.7453384500168,
      451.74300580854344,
      152.88422440364997,
      54.72411787069277,
      0.0,
      0.0,
      0.0,
      0.0,
      0.0,
      0.0,
      0.0,
      0.0,
      0.0,
      0.0,
      0.0,
      0.0,
      0.0,
      0.0,
      0.0,
      0.0,
      0.0,
      0.0,
      0.0,
      0.0,
      0.0,
      0.0,
      0.0,
      0.0,
      0.0,
      0.0,
      0.0,
      0.0,
      0.0,
      0.0,
      0.0
    ]
  },
  "scaling_params": {
    "mass_ref": 60000000000.0,
    "sigma_ref": 30.0,
    "alpha_beta": 0.0,
    "gamma_beta": 0.0,
    "alpha_min": 0.01,
    "alpha_max": 100.0,
    "gamma_min": -5.0,
    "gamma_max": 5.0
  },
  "force_match": false,
  "rms_velocity": 87.68386779435305,
  "n_points": 15,
  "data": [
    {
      "R": 2.5,
      "V_obs": 206.0,
      "V_GR": 210.99533857410213,
      "V_required": 0.0,
      "capacity": 200.20038487776304,
      "provided": 0.0,
      "V_model": 210.99533857410213
    },
    {
      "R": 7.49,
      "V_obs": 285.0,
      "V_GR": 239.78249185459725,
      "V_required": 154.04335948037487,
      "capacity": 212.2258488277572,
      "provided": 229.6655661664979,
      "V_model": 332.0269803533713
    },
    {
      "R": 12.54,
      "V_obs": 291.0,
      "V_GR": 246.38476271880126,
      "V_required": 154.8403975065939,
      "capacity": 124.5706618140374,
      "provided": 387.7578045897236,
      "V_model": 459.4143732190388
    },
    {
      "R": 17.45,
      "V_obs": 274.0,
      "V_GR": 230.94749749672545,
      "V_required": 147.44237314964784,
      "capacity": 62.39028883517146,
      "provided": 205.24511730268546,
      "V_model": 308.96974734849545
    },
    {
      "R": 22.47,
      "V_obs": 266.0,
      "V_GR": 214.4230449368724,
      "V_required": 157.4126989794661,
      "capacity": 37.68878238175886,
      "provided": 219.12417154450827,
      "V_model": 306.5821990185782
    },
    {
      "R": 27.48,
      "V_obs": 255.0,
      "V_GR": 200.287256209675,
      "V_required": 157.82906893218373,
      "capacity": 18.853004945678883,
      "provided": 391.0328714560672,
      "V_model": 439.3423398207566
    },
    {
      "R": 32.5,
      "V_obs": 250.0,
      "V_GR": 185.50228246574216,
      "V_required": 167.5974438945893,
      "capacity": 9.389971374317797,
      "provided": 165.05792946191983,
      "V_model": 248.30468557450962
    },
    {
      "R": 37.51,
      "V_obs": 242.0,
      "V_GR": 172.84380492224764,
      "V_required": 169.3783312587534,
      "capacity": 4.6004545969600485,
      "provided": 166.81183199231108,
      "V_model": 240.21067460175666
    },
    {
      "R": 42.42,
      "V_obs": 237.0,
      "V_GR": 162.976333251181,
      "V_required": 172.06892456222303,
      "capacity": 2.2462697364082165,
      "provided": 255.8903672792168,
      "V_model": 303.38286910485317
    },
    {
      "R": 47.44,
      "V_obs": 235.0,
      "V_GR": 154.0754172475285,
      "V_required": 177.44228864619618,
      "capacity": 1.0495549361940153,
      "provided": 94.98615741340781,
      "V_model": 181.00166932977356
    },
    {
      "R": 52.45,
      "V_obs": 236.0,
      "V_GR": 145.60572825270302,
      "V_required": 185.72822052666095,
      "capacity": 0.49048600086910504,
      "provided": 99.42167746851658,
      "V_model": 176.31136676531588
    },
    {
      "R": 57.47,
      "V_obs": 242.0,
      "V_GR": 139.81780072651694,
      "V_required": 197.5221066108804,
      "capacity": 0.24199761186304092,
      "provided": 141.76084584242034,
      "V_model": 199.11091083604248
    },
    {
      "R": 62.48,
      "V_obs": 246.0,
      "V_GR": 134.42381373848906,
      "V_required": 206.02484874402893,
      "capacity": 0.1283488466461307,
      "provided": 52.02508603339411,
      "V_model": 144.140109881955
    },
    {
      "R": 67.4,
      "V_obs": 242.0,
      "V_GR": 128.74928854172362,
      "V_required": 204.90881069392793,
      "capacity": 0.04504336286755671,
      "provided": 51.7432657775997,
      "V_model": 138.75786411346684
    },
    {
      "R": 72.41,
      "V_obs": 242.0,
      "V_GR": 123.21465253775624,
      "V_required": 208.28381934274205,
      "capacity": 0.0,
      "provided": 0.0,
      "V_model": 123.21465253775624
    }
  ]
}