{
  "galaxy": "NGC6015",
  "alpha": 2.8271,
  "gamma": 0.8579,
  "alpha_eff": 2.8271,
  "gamma_eff": 0.8579,
  "alpha_scaling": "constant",
  "gamma_scaling": "constant",
  "shell_mode": "gravity_adaptive",
  "shell_parameters": {
    "R_coh": 87.69,
    "R_stop": 116.92,
    "r_factor": 4.0,
    "n_shell_min": 8,
    "n_shell_max": 40,
    "g_floor": 1e-05,
    "coh_radius_factor": 3.0,
    "spillover_mode": "hybrid",
    "spill_weights": [
      0.06468512305402477,
      0.15704167379471848,
      0.18198725179914013,
      0.17582013998229531,
      0.14458480128392603,
      0.10574213843385302,
      0.0789585806325199,
      0.055968087471025836,
      0.03521220354849655,
      0.0,
      0.0,
      0.0,
      0.0,
      0.0,
      0.0,
      0.0,
      0.0,
      0.0,
      0.0,
      0.0,
      0.0,
      0.0,
      0.0,
      0.0,
      0.0,
      0.0,
      0.0,
      0.0,
      0.0,
      0.0,
      0.0,
      0.0,
      0.0,
      0.0,
      0.0,
      0.0,
      0.0,
      0.0,
      0.0,
      0.0
    ]
  },
  "budget_factor": 1.0,
  "spillover_mode": "hybrid",
  "spillover_params": {
    "alpha": 0.4,
    "beta": 1.0,
    "gamma": 0.8,
    "delta": 1.8,
    "gcut": 1e-05
  },
  "shell_profile": {
    "centers": [
      1.8460344827586204,
      4.858103448275862,
      7.870172413793103,
      10.882241379310344,
      13.894310344827584,
      16.906379310344825,
      19.91844827586207,
      22.930517241379306,
      25.94258620689655,
      28.954655172413787,
      31.96672413793103,
      34.978793103448275,
      37.99086206896551,
      41.002931034482756,
      44.015,
      47.02706896551724,
      50.03913793103448,
      53.05120689655172,
      56.06327586206896,
      59.07534482758621,
      62.087413793103444,
      65.09948275862068,
      68.11155172413793,
      71.12362068965517,
      74.13568965517241,
      77.14775862068964,
      80.15982758620689,
      83.17189655172413,
      86.18396551724138,
      88.85180060504695,
      91.20618709615097,
      93.62295989469892,
      96.1037721070823,
      98.65032064354722,
      101.26434737890474,
      103.94764034399768,
      106.70203494873849,
      109.52941523755561,
      112.431715178106,
      115.41091998413614
    ],
    "mass": [
      12786.841298531088,
      10559.517905289458,
      4647.625147815842,
      1941.5288043990706,
      666.0879408939502,
      193.48740161011645,
      64.56988215381331,
      20.16415037299191,
      4.909734958965777,
      0.0,
      0.0,
      0.0,
      0.0,
      0.0,
      0.0,
      0.0,
      0.0,
      0.0,
      0.0,
      0.0,
      0.0,
      0.0,
      0.0,
      0.0,
      0.0,
      0.0,
      0.0,
      0.0,
      0.0,
      0.0,
      0.0,
      0.0,
      0.0,
      0.0,
      0.0,
      0.0,
      0.0,
      0.0,
      0.0,
      0.0
    ]
  },
  "scaling_params": {
    "mass_ref": 60000000000.0,
    "sigma_ref": 30.0,
    "alpha_beta": 0.0,
    "gamma_beta": 0.0,
    "alpha_min": 0.01,
    "alpha_max": 100.0,
    "gamma_min": -5.0,
    "gamma_max": 5.0
  },
  "force_match": false,
  "rms_velocity": 88.27385982776752,
  "n_points": 44,
  "data": [
    {
      "R": 0.34,
      "V_obs": 35.5,
      "V_GR": 42.03134306681146,
      "V_required": 0.0,
      "capacity": 136.8988608544569,
      "provided": 0.0,
      "V_model": 42.03134306681146
    },
    {
      "R": 0.67,
      "V_obs": 62.4,
      "V_GR": 62.37163217360918,
      "V_required": 1.8813558940297066,
      "capacity": 192.6601904407568,
      "provided": 0.9675820994403165,
      "V_model": 62.37913685776004
    },
    {
      "R": 1.0,
      "V_obs": 90.7,
      "V_GR": 80.55656646108994,
      "V_required": 41.678886741370604,
      "capacity": 209.0490799448186,
      "provided": 21.435468357436555,
      "V_model": 83.35970071744899
    },
    {
      "R": 1.32,
      "V_obs": 104.0,
      "V_GR": 86.95633674436843,
      "V_required": 57.04906221840988,
      "capacity": 200.03419448418492,
      "provided": 29.3403558399348,
      "V_model": 91.77287715231552
    },
    {
      "R": 1.65,
      "V_obs": 105.0,
      "V_GR": 92.40087553697745,
      "V_required": 49.87061459416759,
      "capacity": 215.4849949583033,
      "provided": 25.648477314968687,
      "V_model": 95.89455765879762
    },
    {
      "R": 1.98,
      "V_obs": 108.0,
      "V_GR": 98.25408948232129,
      "V_required": 44.834516836919306,
      "capacity": 236.77626473691237,
      "provided": 23.058410195606303,
      "V_model": 100.92351748105513
    },
    {
      "R": 2.31,
      "V_obs": 116.0,
      "V_GR": 105.29042739014787,
      "V_required": 48.68188472111572,
      "capacity": 245.83698441196591,
      "provided": 25.03711305906954,
      "V_model": 108.22629592817371
    },
    {
      "R": 2.63,
      "V_obs": 130.0,
      "V_GR": 112.61435476883042,
      "V_required": 64.9461861851795,
      "capacity": 265.39529354492515,
      "provided": 33.40184989938187,
      "V_model": 117.46351125647843
    },
    {
      "R": 2.96,
      "V_obs": 141.0,
      "V_GR": 121.26337493241725,
      "V_required": 71.94577054976894,
      "capacity": 272.8677573391741,
      "provided": 37.001738977355615,
      "V_model": 126.78302247283884
    },
    {
      "R": 3.28,
      "V_obs": 146.0,
      "V_GR": 129.622290135609,
      "V_required": 67.18676878671872,
      "capacity": 273.6670151040751,
      "provided": 34.55418244020869,
      "V_model": 134.14890839701687
    },
    {
      "R": 3.61,
      "V_obs": 150.0,
      "V_GR": 137.51253215616384,
      "V_required": 59.91914134898801,
      "capacity": 263.12080867655595,
      "provided": 135.75314556065166,
      "V_model": 193.23201864497372
    },
    {
      "R": 3.94,
      "V_obs": 152.0,
      "V_GR": 143.79205332701804,
      "V_required": 49.27317119893951,
      "capacity": 243.46999698980105,
      "provided": 111.63357537194607,
      "V_model": 182.03903358984294
    },
    {
      "R": 4.27,
      "V_obs": 155.0,
      "V_GR": 148.26468898561112,
      "V_required": 45.19493334434741,
      "capacity": 214.88871334382472,
      "provided": 102.39389662086278,
      "V_model": 180.18581538290945
    },
    {
      "R": 4.6,
      "V_obs": 152.0,
      "V_GR": 150.04488828347334,
      "V_required": 24.30085389446232,
      "capacity": 184.80529213183527,
      "provided": 55.056152036110376,
      "V_model": 159.82693257715763
    },
    {
      "R": 4.94,
      "V_obs": 150.0,
      "V_GR": 150.04030191918437,
      "V_required": 0.0,
      "capacity": 157.11935732253176,
      "provided": 0.0,
      "V_model": 150.04030191918437
    },
    {
      "R": 5.3,
      "V_obs": 147.0,
      "V_GR": 148.24142909456856,
      "V_required": 0.0,
      "capacity": 136.18503946160027,
      "provided": 0.0,
      "V_model": 148.24142909456856
    },
    {
      "R": 5.63,
      "V_obs": 145.0,
      "V_GR": 146.54273813464795,
      "V_required": 0.0,
      "capacity": 130.26320693034532,
      "provided": 0.0,
      "V_model": 146.54273813464795
    },
    {
      "R": 5.96,
      "V_obs": 152.0,
      "V_GR": 146.58814174413973,
      "V_required": 40.19846638865714,
      "capacity": 124.91161353491397,
      "provided": 91.0738728245561,
      "V_model": 172.57616756453777
    },
    {
      "R": 6.27,
      "V_obs": 149.0,
      "V_GR": 146.33499000580824,
      "V_required": 28.054780341325145,
      "capacity": 112.16044473786495,
      "provided": 63.56106902744099,
      "V_model": 159.54290581505376
    },
    {
      "R": 8.24,
      "V_obs": 149.0,
      "V_GR": 139.60269803983016,
      "V_required": 52.077698681873414,
      "capacity": 53.28338804434327,
      "provided": 648.3420404554853,
      "V_model": 663.2015641733531
    },
    {
      "R": 10.3,
      "V_obs": 146.0,
      "V_GR": 129.0996982955421,
      "V_required": 68.18554025598098,
      "capacity": 30.269962057181942,
      "provided": 181.91090930898545,