{
  "galaxy": "NGC7331",
  "alpha": 2.8271,
  "gamma": 0.8579,
  "alpha_eff": 2.8271,
  "gamma_eff": 0.8579,
  "alpha_scaling": "constant",
  "gamma_scaling": "constant",
  "shell_mode": "data",
  "shell_parameters": {
    "R_coh": null,
    "R_stop": 43.572,
    "r_factor": 4.0,
    "n_shell_min": 8,
    "n_shell_max": 40,
    "g_floor": 1e-05,
    "coh_radius_factor": 3.0,
    "spillover_mode": "capped",
    "spill_weights": null
  },
  "disable_capacity": true,
  "budget_factor": 1.0,
  "spillover_mode": "capped",
  "spillover_params": {
    "alpha": 0.5,
    "beta": 1.0,
    "gamma": 1.0,
    "delta": 2.0,
    "gcut": 1e-05
  },
  "lambda_settings": {
    "mode": "short_boost",
    "spectrum": "orbital",
    "max_multiplier": 3.0,
    "A": 4.9843,
    "A_effective": 4.564308392596338,
    "lambda0": 29.98,
    "alpha": 1.498,
    "sigma_gate": {
      "enabled": true,
      "beta": 0.5,
      "sigma_value": 35.775,
      "sigma_ref": 30.0
    },
    "multiplier_stats": {
      "min": 1.2183111896031367,
      "median": 1.6465649108724865,
      "max": 3.0
    }
  },
  "shell_profile": {
    "centers": [
      2.5380000000000003,
      3.2075,
      3.74,
      4.272499999999999,
      4.81,
      5.3475,
      5.88,
      6.545,
      7.48,
      8.55,
      9.6125,
      10.67,
      11.7425,
      12.8275,
      13.912500000000001,
      14.997499999999999,
      16.057499999999997,
      17.0925,
      18.1525,
      19.2375,
      20.3225,
      21.4075,
      22.4675,
      23.505,
      24.5675,
      25.6525,
      26.7375,
      27.8225,
      28.8825,
      29.9175,
      30.977500000000003,
      32.0625,
      33.1475,
      34.2325,
      35.295,
      39.6935
    ],
    "mass": [
      26019.403192076403,
      18296.839049960945,
      15064.501205065568,
      12619.58549368205,
      11733.71442771796,
      10050.783901354154,
      8136.459143793578,
      10437.144896573845,
      9904.241674038654,
      7226.027119597298,
      6937.644470377338,
      5656.681223893587,
      5510.623799261484,
      4819.421087980435,
      4116.421999301128,
      3618.1801071242285,
      3212.892830764139,
      3028.6504151028394,
      2947.8754847686996,
      2621.4743929410997,
      1961.6419601017183,
      1370.5243732018296,
      1111.5495383721209,
      991.2713325068902,
      894.7968041567719,
      767.3767658244907,
      643.7951710071029,
      536.5356253757495,
      430.84887720626404,
      362.05339295120314,
      319.05850990074845,
      266.54517397501525,
      221.57988519392856,
      183.9408048073267,
      4.178948277121942,
      0.0
    ]
  },
  "scaling_params": {
    "mass_ref": 60000000000.0,
    "sigma_ref": 30.0,
    "alpha_beta": 0.0,
    "gamma_beta": 0.0,
    "alpha_min": 0.01,
    "alpha_max": 100.0,
    "gamma_min": -5.0,
    "gamma_max": 5.0
  },
  "force_match": false,
  "rms_velocity": 223.5614852146484,
  "n_points": 36,
  "data": [
    {
      "R": 2.67,
      "V_obs": 221.0,
      "V_GR": 346.30922020645073,
      "V_required": 0.0,
      "raw_enhancement": 489.7551959908133,
      "lambda_value": 16.776104770169496,
      "lambda_multiplier": 3.0,
      "capacity": null,
      "provided": 489.7551959908133,
      "V_model": 599.8251645271312
    },
    {
      "R": 3.21,
      "V_obs": 237.0,
      "V_GR": 366.1894397712747,
      "V_required": 0.0,
      "raw_enhancement": 517.8700721223422,
      "lambda_value": 20.16902483604647,
      "lambda_multiplier": 3.0,
      "capacity": null,
      "provided": 517.8700721223422,
      "V_model": 634.258714879031
    },
    {
      "R": 3.74,
      "V_obs": 249.0,
      "V_GR": 383.58118449684156,
      "V_required": 0.0,
      "raw_enhancement": 542.4657133865697,
      "lambda_value": 23.499113048851655,
      "lambda_multiplier": 3.0,
      "capacity": null,
      "provided": 542.4657133865697,
      "V_model": 664.3821003759809
    },
    {
      "R": 4.27,
      "V_obs": 250.0,
      "V_GR": 384.6465190275352,
      "V_required": 0.0,
      "raw_enhancement": 543.9723239283409,
      "lambda_value": 26.82920126165683,
      "lambda_multiplier": 3.0,
      "capacity": null,
      "provided": 543.9723239283409,
      "V_model": 666.2273139101998
    },
    {
      "R": 4.81,
      "V_obs": 253.0,
      "V_GR": 381.81582588991773,
      "V_required": 0.0,
      "raw_enhancement": 539.9691193022061,
      "lambda_value": 30.222121327533806,
      "lambda_multiplier": 3.0,
      "capacity": null,
      "provided": 539.9691193022061,
      "V_model": 661.32440957521
    },
    {
      "R": 5.35,
      "V_obs": 257.0,
      "V_GR": 383.73184504286326,
      "V_required": 0.0,
      "raw_enhancement": 542.6787795740681,
      "lambda_value": 33.615041393410785,
      "lambda_multiplier": 3.0,
      "capacity": null,
      "provided": 542.6787795740681,
      "V_model": 664.6430520963866
    },
    {
      "R": 5.88,
      "V_obs": 257.0,
      "V_GR": 376.5703367234334,
      "V_required": 0.0,
      "raw_enhancement": 532.5508773816827,
      "lambda_value": 36.945129606215964,
      "lambda_multiplier": 3.0,
      "capacity": null,
      "provided": 532.5508773816827,
      "V_model": 652.2389558283069
    },
    {
      "R": 6.41,
      "V_obs": 257.0,
      "V_GR": 370.806201269612,
      "V_required": 0.0,
      "raw_enhancement": 524.3991588475327,
      "lambda_value": 40.27521781902115,
      "lambda_multiplier": 3.0,
      "capacity": null,
      "provided": 524.3991588475327,
      "V_model": 642.2551803605791
    },
    {
      "R": 7.48,
      "V_obs": 257.0,
      "V_GR": 355.2913137131275,
      "V_required": 0.0,
      "raw_enhancement": 502.4577944464589,
      "lambda_value": 46.99822609770331,
      "lambda_multiplier": 3.0,
      "capacity": null,
      "provided": 502.4577944464589,
      "V_model": 615.3826068390298
    },
    {
      "R": 8.55,
      "V_obs": 255.0,
      "V_GR": 333.54086915998766,
      "V_required": 0.0,
      "raw_enhancement": 460.36690429995605,
      "lambda_value": 53.72123437638547,
      "lambda_multiplier": 2.9050662237310725,
      "capacity": null,
      "provided": 460.36690429995605,
      "V_model": 568.4955566886384
    },
    {
      "R": 9.62,
      "V_obs": 248.0,
      "V_GR": 320.31839878470925,
      "V_required": 0.0,
      "raw_enhancement": 404.74492729460826,
      "lambda_value": 60.44424265506761,
      "lambda_multiplier": 2.5966107870306114,
      "capacity": null,
      "provided": 404.74492729460826,
      "V_model": 516.1611500013515
    },
    {
      "R": 10.66,
      "V_obs": 247.0,
      "V_GR": 308.94123891122075,
      "V_required": 0.0,
      "raw_enhancement": 361.4792695517272,
      "lambda_value": 66.97875537453439,
      "lambda_multiplier": 2.3690364916873126,
      "capacity": null,
      "provided": 361.4792695517272,
      "V_model": 475.5123041685149
    },
    {
      "R": 11.74,
      "V_obs": 246.0,
      "V_GR": 297.84615172937856,
      "V_required": 0.0,
      "raw_enhancement": 324.1964441982236,
      "lambda_value": 73.76459550628834,
      "lambda_multiplier": 2.1847657965053484,
      "capacity": null,
      "provided": 324.1964441982236,
      "V_model": 440.2450051173459
    },
    {
      "R": 12.83,
      "V_obs": 244.0,
      "V_GR": 289.9124090134812,
      "V_required": 0.0,
      "raw_enhancement": 295.2586961488488,
      "lambda_value": 80.61326749111409,
      "lambda_multiplier": 2.03722215760685,
      "capacity": null,
      "provided": 295.2586961488488,
      "V_model": 413.79572563224747
    },
    {
      "R": 13.91,
      "V_obs": 242.0,
      "V_GR": 282.00300459392275,
      "V_required": 0.0,
      "raw_enhancement": 270.3331927733739,
      "lambda_value": 87.39910762286804,
      "lambda_multiplier": 1.9189487181800242,
      "capacity": null,
      "provided": 270.3331927733739,
      "V_model": 390.64783336791487
    },
    {
      "R": 15.0,
      "V_obs": 238.0,
      "V_GR": 273.80858879881765,