{
  "galaxy": "NGC7814",
  "alpha": 2.8271,
  "gamma": 0.8579,
  "alpha_eff": 2.8271,
  "gamma_eff": 0.8579,
  "alpha_scaling": "constant",
  "gamma_scaling": "constant",
  "shell_mode": "gravity_adaptive",
  "shell_parameters": {
    "R_coh": 58.59,
    "R_stop": 78.12,
    "r_factor": 4.0,
    "n_shell_min": 8,
    "n_shell_max": 40,
    "g_floor": 1e-05,
    "coh_radius_factor": 3.0,
    "spillover_mode": "hybrid",
    "spill_weights": [
      0.07364107127594736,
      0.11028928284429375,
      0.12633337349246898,
      0.13281767873453929,
      0.13503913186044486,
      0.1274554540144063,
      0.11313113316547482,
      0.09821561485970298,
      0.0830772597527217,
      0.0,
      0.0,
      0.0,
      0.0,
      0.0,
      0.0,
      0.0,
      0.0,
      0.0,
      0.0,
      0.0,
      0.0,
      0.0,
      0.0,
      0.0,
      0.0,
      0.0,
      0.0,
      0.0,
      0.0,
      0.0,
      0.0,
      0.0,
      0.0,
      0.0,
      0.0,
      0.0,
      0.0,
      0.0,
      0.0,
      0.0
    ]
  },
  "budget_factor": 1.0,
  "spillover_mode": "hybrid",
  "spillover_params": {
    "alpha": 0.4,
    "beta": 1.0,
    "gamma": 0.8,
    "delta": 1.8,
    "gcut": 1e-05
  },
  "shell_profile": {
    "centers": [
      1.629310344827586,
      3.627931034482758,
      5.626551724137931,
      7.625172413793104,
      9.623793103448277,
      11.622413793103448,
      13.62103448275862,
      15.619655172413793,
      17.618275862068963,
      19.61689655172414,
      21.615517241379308,
      23.61413793103448,
      25.612758620689654,
      27.611379310344823,
      29.61,
      31.608620689655172,
      33.607241379310345,
      35.60586206896552,
      37.60448275862069,
      39.60310344827586,
      41.601724137931036,
      43.60034482758621,
      45.59896551724138,
      47.59758620689655,
      49.59620689655172,
      51.5948275862069,
      53.59344827586207,
      55.59206896551724,
      57.59068965517241,
      59.36625610046416,
      60.93933746109577,
      62.55410218075508,
      64.21165478109197,
      65.91312905126506,
      67.6596888234694,
      69.45252876901384,
      71.29287521549307,
      73.18198698561275,
      75.12115625824188,
      77.11170945228119
    ],
    "mass": [
      31345.82024209429,
      11730.67129614775,
      5574.789478705344,
      3009.21644263843,
      1792.74087692917,
      994.3153356137815,
      511.94580313437854,
      264.3833323952821,
      133.8525766428425,
      0.0,
      0.0,
      0.0,
      0.0,
      0.0,
      0.0,
      0.0,
      0.0,
      0.0,
      0.0,
      0.0,
      0.0,
      0.0,
      0.0,
      0.0,
      0.0,
      0.0,
      0.0,
      0.0,
      0.0,
      0.0,
      0.0,
      0.0,
      0.0,
      0.0,
      0.0,
      0.0,
      0.0,
      0.0,
      0.0,
      0.0
    ]
  },
  "scaling_params": {
    "mass_ref": 60000000000.0,
    "sigma_ref": 30.0,
    "alpha_beta": 0.0,
    "gamma_beta": 0.0,
    "alpha_min": 0.01,
    "alpha_max": 100.0,
    "gamma_min": -5.0,
    "gamma_max": 5.0
  },
  "force_match": false,
  "rms_velocity": 52.02817558322579,
  "n_points": 18,
  "data": [
    {
      "R": 0.63,
      "V_obs": 265.0,
      "V_GR": 347.4947778024873,
      "V_required": 0.0,
      "capacity": 1965.9080709408988,
      "provided": 63.36894670452299,
      "V_model": 353.22548606582836
    },
    {
      "R": 1.72,
      "V_obs": 250.0,
      "V_GR": 309.9417782423015,
      "V_required": 0.0,
      "capacity": 667.515378181245,
      "provided": 63.36894670452299,
      "V_model": 316.35348789991343
    },
    {
      "R": 2.79,
      "V_obs": 233.0,
      "V_GR": 275.9532815532368,
      "V_required": 0.0,
      "capacity": 400.00632011935005,
      "provided": 94.9051333114274,
      "V_model": 291.81706243614303
    },
    {
      "R": 3.91,
      "V_obs": 230.0,
      "V_GR": 254.82306822577897,
      "V_required": 0.0,
      "capacity": 272.80530140007977,
      "provided": 94.9051333114274,
      "V_model": 271.9223794189434
    },
    {
      "R": 5.03,
      "V_obs": 228.0,
      "V_GR": 237.71180050641155,
      "V_required": 0.0,
      "capacity": 168.7223434930345,
      "provided": 0.0,
      "V_model": 237.71180050641155
    },
    {
      "R": 6.14,
      "V_obs": 228.0,
      "V_GR": 221.59800044224227,
      "V_required": 53.6500344827475,
      "capacity": 110.60406770090762,
      "provided": 217.42249734114492,
      "V_model": 310.44841141494055
    },
    {
      "R": 7.26,
      "V_obs": 227.0,
      "V_GR": 207.60573522906344,
      "V_required": 91.80881602547767,
      "capacity": 77.2111413590112,
      "provided": 103.54291830678147,
      "V_model": 231.99413189019418
    },
    {
      "R": 8.37,
      "V_obs": 226.0,
      "V_GR": 196.93669160418025,
      "V_required": 110.86901956813725,
      "capacity": 60.331453683071494,
      "provided": 125.03921009841672,
      "V_model": 233.27851285970596
    },
    {
      "R": 9.5,
      "V_obs": 223.0,
      "V_GR": 187.23392774815147,
      "V_required": 121.12991496736052,
      "capacity": 42.435170772305405,
      "provided": 232.40529779431827,
      "V_model": 298.4439078668984
    },
    {
      "R": 10.65,
      "V_obs": 219.0,
      "V_GR": 178.55461993462953,
      "V_required": 126.80397351818279,
      "capacity": 30.350357197060923,
      "provided": 107.51859764699809,
      "V_model": 208.42744814437722
    },
    {
      "R": 11.74,
      "V_obs": 216.0,
      "V_GR": 171.0549820964008,
      "V_required": 131.894628776156,
      "capacity": 20.908280031100627,
      "provided": 111.83502480030897,
      "V_model": 204.36946854186837
    },
    {
      "R": 12.82,
      "V_obs": 214.0,
      "V_GR": 163.9687976415025,
      "V_required": 137.51448432801544,
      "capacity": 14.184395007416018,
      "provided": 94.48901036633364,
      "V_model": 189.24571244815326
    },
    {
      "R": 14.01,
      "V_obs": 214.0,
      "V_GR": 156.60661831480814,
      "V_required": 145.84363921679957,
      "capacity": 9.203355782928588,
      "provided": 100.21214278016612,
      "V_model": 185.92500224712222
    },
    {
      "R": 15.09,
      "V_obs": 214.0,
      "V_GR": 151.01837835177545,
      "V_required": 151.6227205929243,
      "capacity": 6.374651173251913,
      "provided": 83.22167397097502,
      "V_model": 172.43084880186393
    },
    {
      "R": 16.18,
      "V_obs": 214.0,
      "V_GR": 146.13197665124494,
      "V_required": 156.33760072356236,
      "capacity": 4.384502460710187,
      "provided": 85.80954612832568,
      "V_model": 169.46336715275442
    },
    {
      "R": 17.36,
      "V_obs": 214.0,
      "V_GR": 140.95927922630705,
      "V_required": 161.0170227025702,
      "capacity": 2.8666744042313725,
      "provided": 70.68400781753769,
      "V_model": 157.68876739054602
    },
    {
      "R": 18.44,
      "V_obs": 214.0,
      "V_GR": 136.65711470684576,
      "V_required": 164.68403990672562,
      "capacity": 1.9449030203225393,
      "provided": 72.29377222862334,
      "V_model": 154.60128234605324
    },
    {
      "R": 19.53,
      "V_obs": 214.0,
      "V_GR": 132.75440557661352,
      "V_required": 167.84596450317179,
      "capacity": 0.0,
      "provided": 0.0,
      "V_model": 132.75440557661352
    }
  ]
}