{
  "galaxy": "NGC7331",
  "alpha": 2.8271,
  "gamma": 0.8579,
  "alpha_eff": 2.8271,
  "gamma_eff": 0.8579,
  "alpha_scaling": "constant",
  "gamma_scaling": "constant",
  "shell_mode": "data",
  "shell_parameters": {
    "R_coh": null,
    "R_stop": 43.572,
    "r_factor": 4.0,
    "n_shell_min": 8,
    "n_shell_max": 40,
    "g_floor": 1e-05,
    "coh_radius_factor": 3.0,
    "spillover_mode": "capped",
    "spill_weights": null
  },
  "disable_capacity": true,
  "pure_lambda": true,
  "budget_factor": 1.0,
  "spillover_mode": "capped",
  "spillover_params": {
    "alpha": 0.5,
    "beta": 1.0,
    "gamma": 1.0,
    "delta": 2.0,
    "gcut": 1e-05
  },
  "lambda_settings": {
    "mode": "short_boost",
    "spectrum": "orbital",
    "max_multiplier": 1.5,
    "A": 1.877552038,
    "A_effective": 1.749881451086248,
    "lambda0": 38.28474627,
    "alpha": 2.410261716,
    "sigma_gate": {
      "enabled": true,
      "beta": 0.4,
      "sigma_value": 35.775,
      "sigma_ref": 30.0,
      "gate": 0.9320015720843887
    },
    "accel_gate": {
      "enabled": true,
      "g_dag": 1e-10,
      "q": 2.0,
      "min": 0.004697023125361544,
      "median": 0.3952302467469839,
      "max": 0.9162314467036836
    },
    "multiplier_stats": {
      "min": 1.0023485115626807,
      "median": 1.0340768014640314,
      "max": 1.0552474623782113
    }
  },
  "shell_profile": {
    "centers": [
      2.5380000000000003,
      3.2075,
      3.74,
      4.272499999999999,
      4.81,
      5.3475,
      5.88,
      6.545,
      7.48,
      8.55,
      9.6125,
      10.67,
      11.7425,
      12.8275,
      13.912500000000001,
      14.997499999999999,
      16.057499999999997,
      17.0925,
      18.1525,
      19.2375,
      20.3225,
      21.4075,
      22.4675,
      23.505,
      24.5675,
      25.6525,
      26.7375,
      27.8225,
      28.8825,
      29.9175,
      30.977500000000003,
      32.0625,
      33.1475,
      34.2325,
      35.295,
      39.6935
    ],
    "mass": [
      26019.403192076403,
      18296.839049960945,
      15064.501205065568,
      12619.58549368205,
      11733.71442771796,
      10050.783901354154,
      8136.459143793578,
      10437.144896573845,
      9904.241674038654,
      7226.027119597298,
      6937.644470377338,
      5656.681223893587,
      5510.623799261484,
      4819.421087980435,
      4116.421999301128,
      3618.1801071242285,
      3212.892830764139,
      3028.6504151028394,
      2947.8754847686996,
      2621.4743929410997,
      1961.6419601017183,
      1370.5243732018296,
      1111.5495383721209,
      991.2713325068902,
      894.7968041567719,
      767.3767658244907,
      643.7951710071029,
      536.5356253757495,
      430.84887720626404,
      362.05339295120314,
      319.05850990074845,
      266.54517397501525,
      221.57988519392856,
      183.9408048073267,
      4.178948277121942,
      0.0
    ]
  },
  "scaling_params": {
    "mass_ref": 60000000000.0,
    "sigma_ref": 30.0,
    "alpha_beta": 0.0,
    "gamma_beta": 0.0,
    "alpha_min": 0.01,
    "alpha_max": 100.0,
    "gamma_min": -5.0,
    "gamma_max": 5.0
  },
  "force_match": false,
  "rms_velocity": 72.20591430838861,
  "n_points": 36,
  "data": [
    {
      "R": 2.67,
      "V_obs": 221.0,
      "V_GR": 346.30922020645073,
      "V_required": 0.0,
      "raw_enhancement": 16.782644910715725,
      "lambda_value": 16.776104770169496,
      "lambda_multiplier": 1.0023485115626807,
      "capacity": null,
      "provided": 16.782644910715725,
      "V_model": 346.7156373315158
    },
    {
      "R": 3.21,
      "V_obs": 237.0,
      "V_GR": 366.1894397712747,
      "V_required": 0.0,
      "raw_enhancement": 19.074501297296873,
      "lambda_value": 20.16902483604647,
      "lambda_multiplier": 1.0027132808679504,
      "capacity": null,
      "provided": 19.074501297296873,
      "V_model": 366.685890647214
    },
    {
      "R": 3.74,
      "V_obs": 249.0,
      "V_GR": 383.58118449684156,
      "V_required": 0.0,
      "raw_enhancement": 21.208895877031857,
      "lambda_value": 23.499113048851655,
      "lambda_multiplier": 1.003057183648889,
      "capacity": null,
      "provided": 21.208895877031857,
      "V_model": 384.1670761066372
    },
    {
      "R": 4.27,
      "V_obs": 250.0,
      "V_GR": 384.6465190275352,
      "V_required": 0.0,
      "raw_enhancement": 24.12605351061358,
      "lambda_value": 26.82920126165683,
      "lambda_multiplier": 1.0039341322984185,
      "capacity": null,
      "provided": 24.12605351061358,
      "V_model": 385.4024014689023
    },
    {
      "R": 4.81,
      "V_obs": 253.0,
      "V_GR": 381.81582588991773,
      "V_required": 0.0,
      "raw_enhancement": 27.34560394947171,
      "lambda_value": 30.222121327533806,
      "lambda_multiplier": 1.0051294073301889,
      "capacity": null,
      "provided": 27.34560394947171,
      "V_model": 382.7938178123588
    },
    {
      "R": 5.35,
      "V_obs": 257.0,
      "V_GR": 383.73184504286326,
      "V_required": 0.0,
      "raw_enhancement": 30.230769039284368,
      "lambda_value": 33.615041393410785,
      "lambda_multiplier": 1.0062064420828263,
      "capacity": null,
      "provided": 30.230769039284368,
      "V_model": 384.9208078250727
    },
    {
      "R": 5.88,
      "V_obs": 257.0,
      "V_GR": 376.5703367234334,
      "V_required": 0.0,
      "raw_enhancement": 33.794082945039,
      "lambda_value": 36.945129606215964,
      "lambda_multiplier": 1.0080535826126609,
      "capacity": null,
      "provided": 33.794082945039,
      "V_model": 378.08366606096087
    },
    {
      "R": 6.41,
      "V_obs": 257.0,
      "V_GR": 370.806201269612,
      "V_required": 0.0,
      "raw_enhancement": 37.33352194198584,
      "lambda_value": 40.27521781902115,
      "lambda_multiplier": 1.0101368716327928,
      "capacity": null,
      "provided": 37.33352194198584,
      "V_model": 372.6808698613235
    },
    {
      "R": 7.48,
      "V_obs": 257.0,
      "V_GR": 355.2913137131275,
      "V_required": 0.0,
      "raw_enhancement": 45.18679564479795,
      "lambda_value": 46.99822609770331,
      "lambda_multiplier": 1.0161753583361925,
      "capacity": null,
      "provided": 45.18679564479795,
      "V_model": 358.15326900734095
    },
    {
      "R": 8.55,
      "V_obs": 255.0,
      "V_GR": 333.54086915998766,
      "V_required": 0.0,
      "raw_enhancement": 54.42162677464962,
      "lambda_value": 53.72123437638547,
      "lambda_multiplier": 1.0266222603904331,
      "capacity": null,
      "provided": 54.42162677464962,
      "V_model": 337.9515125884175
    },
    {
      "R": 9.62,
      "V_obs": 248.0,
      "V_GR": 320.31839878470925,
      "V_required": 0.0,
      "raw_enhancement": 62.946888271481626,
      "lambda_value": 60.44424265506761,
      "lambda_multiplier": 1.0386175539790705,
      "capacity": null,
      "provided": 62.946888271481626,
      "V_model": 326.4447692076906
    },
    {
      "R": 10.66,
      "V_obs": 247.0,
      "V_GR": 308.94123891122075,
      "V_required": 0.0,
      "raw_enhancement": 67.8618342559678,
      "lambda_value": 66.97875537453439,
      "lambda_multiplier": 1.0482502336380333,
      "capacity": null,
      "provided": 67.8618342559678,
      "V_model": 316.3066829021866
    },
    {
      "R": 11.74,
      "V_obs": 246.0,
      "V_GR": 297.84615172937856,
      "V_required": 0.0,
      "raw_enhancement": 67.57620479056865,
      "lambda_value": 73.76459550628834,
      "lambda_multiplier": 1.051475859655014,
      "capacity": null,
      "provided": 67.57620479056865,
      "V_model": 305.4159025884161
    },
    {
      "R": 12.83,
      "V_obs": 244.0,
      "V_GR": 289.9124090134812,
      "V_required": 0.0,
      "raw_enhancement": 66.61731462286372,
      "lambda_value": 80.61326749111409,
      "lambda_multiplier": 1.0528008160558056,
      "capacity": null,
      "provided": 66.61731462286372,