{
  "galaxy": "UGC07577",
  "alpha": 2.8271,
  "gamma": 0.8579,
  "alpha_eff": 2.8271,
  "gamma_eff": 0.8579,
  "alpha_scaling": "constant",
  "gamma_scaling": "constant",
  "shell_mode": "gravity_adaptive",
  "shell_parameters": {
    "R_coh": 5.07,
    "R_stop": 6.76,
    "r_factor": 4.0,
    "n_shell_min": 8,
    "n_shell_max": 40,
    "g_floor": 1e-05,
    "coh_radius_factor": 3.0,
    "spillover_mode": "hybrid",
    "spill_weights": [
      0.03580177607805009,
      0.06739008257036025,
      0.09856773881799805,
      0.1224067409026383,
      0.13928785660616858,
      0.15387784900872614,
      0.15658404572552417,
      0.137047396533605,
      0.0890365137569294,
      0.0,
      0.0,
      0.0,
      0.0,
      0.0,
      0.0,
      0.0,
      0.0,
      0.0,
      0.0,
      0.0,
      0.0,
      0.0,
      0.0,
      0.0,
      0.0,
      0.0,
      0.0,
      0.0,
      0.0,
      0.0,
      0.0,
      0.0,
      0.0,
      0.0,
      0.0,
      0.0,
      0.0,
      0.0,
      0.0,
      0.0
    ]
  },
  "budget_factor": 1.0,
  "spillover_mode": "hybrid",
  "spillover_params": {
    "alpha": 0.4,
    "beta": 1.0,
    "gamma": 0.8,
    "delta": 1.8,
    "gcut": 1e-05
  },
  "shell_profile": {
    "centers": [
      0.2741379310344828,
      0.4424137931034483,
      0.6106896551724139,
      0.7789655172413794,
      0.9472413793103449,
      1.1155172413793104,
      1.283793103448276,
      1.4520689655172414,
      1.620344827586207,
      1.7886206896551724,
      1.956896551724138,
      2.125172413793104,
      2.293448275862069,
      2.461724137931035,
      2.63,
      2.798275862068966,
      2.966551724137931,
      3.134827586206897,
      3.303103448275862,
      3.471379310344828,
      3.639655172413793,
      3.807931034482759,
      3.9762068965517243,
      4.14448275862069,
      4.312758620689656,
      4.481034482758622,
      4.649310344827587,
      4.817586206896552,
      4.985862068965518,
      5.137172186880923,
      5.273296482808593,
      5.4130277872747605,
      5.5564616784457455,
      5.703696267108958,
      5.854832263782041,
      6.009973047600274,
      6.169224737029354,
      6.332696262451897,
      6.500499440677357,
      6.672749051426278
    ],
    "mass": [
      4.050885734962717,
      6.038144109529304,
      7.15124679423627,
      6.916264290219806,
      6.1060385953086955,
      5.456745485449135,
      4.24034995888462,
      2.388551988963327,
      0.6695937323020004,
      0.0,
      0.0,
      0.0,
      0.0,
      0.0,
      0.0,
      0.0,
      0.0,
      0.0,
      0.0,
      0.0,
      0.0,
      0.0,
      0.0,
      0.0,
      0.0,
      0.0,
      0.0,
      0.0,
      0.0,
      0.0,
      0.0,
      0.0,
      0.0,
      0.0,
      0.0,
      0.0,
      0.0,
      0.0,
      0.0,
      0.0
    ]
  },
  "scaling_params": {
    "mass_ref": 60000000000.0,
    "sigma_ref": 30.0,
    "alpha_beta": 0.0,
    "gamma_beta": 0.0,
    "alpha_min": 0.01,
    "alpha_max": 100.0,
    "gamma_min": -5.0,
    "gamma_max": 5.0
  },
  "force_match": false,
  "rms_velocity": 1.8301420637346204,
  "n_points": 9,
  "data": [
    {
      "R": 0.19,
      "V_obs": 3.74,
      "V_GR": 3.8782728114458376,
      "V_required": 0.0,
      "capacity": 11.27665668276954,
      "provided": 0.4615341162017543,
      "V_model": 3.9056387109432094
    },
    {
      "R": 0.38,
      "V_obs": 5.4,
      "V_GR": 6.440496875241847,
      "V_required": 0.0,
      "capacity": 19.091380984981104,
      "provided": 0.8687508164977175,
      "V_model": 6.4988251231407554
    },
    {
      "R": 0.57,
      "V_obs": 7.31,
      "V_GR": 8.77564812421282,
      "V_required": 0.0,
      "capacity": 23.3794678191625,
      "provided": 1.2706736705518151,
      "V_model": 8.867164799248608
    },
    {
      "R": 0.75,
      "V_obs": 8.85,
      "V_GR": 11.462399399776645,
      "V_required": 0.0,
      "capacity": 21.972773016221833,
      "provided": 1.5779911827970194,
      "V_model": 11.570508034351176
    },
    {
      "R": 0.94,
      "V_obs": 10.7,
      "V_GR": 13.049704977508112,
      "V_required": 0.0,
      "capacity": 18.436952010331225,
      "provided": 1.7956119734455918,
      "V_model": 13.172661931408593
    },
    {
      "R": 1.13,
      "V_obs": 12.4,
      "V_GR": 14.089375429734279,
      "V_required": 0.0,
      "capacity": 15.533366111848332,
      "provided": 1.9836970347627918,
      "V_model": 14.22833630210246
    },
    {
      "R": 1.32,
      "V_obs": 14.1,
      "V_GR": 15.310248201776483,
      "V_required": 0.0,
      "capacity": 10.845527196954588,
      "provided": 2.0185836310934477,
      "V_model": 15.442745218247902
    },
    {
      "R": 1.51,
      "V_obs": 15.9,
      "V_GR": 15.56226847217333,
      "V_required": 3.2597239146897086,
      "capacity": 4.29965196337476,
      "provided": 1.7667293627834375,
      "V_model": 15.662232683794516
    },
    {
      "R": 1.69,
      "V_obs": 17.8,
      "V_GR": 14.969011323397414,
      "V_required": 9.631650948824921,
      "capacity": 0.0,
      "provided": 1.1478030753810542,
      "V_model": 15.012952804157289
    }
  ]
}