{
  "galaxy": "UGC08837",
  "alpha": 2.8271,
  "gamma": 0.8579,
  "alpha_eff": 2.8271,
  "gamma_eff": 0.8579,
  "alpha_scaling": "constant",
  "gamma_scaling": "constant",
  "shell_mode": "gravity_adaptive",
  "shell_parameters": {
    "R_coh": 12.600000000000001,
    "R_stop": 16.8,
    "r_factor": 4.0,
    "n_shell_min": 8,
    "n_shell_max": 40,
    "g_floor": 1e-05,
    "coh_radius_factor": 3.0,
    "spillover_mode": "hybrid",
    "spill_weights": [
      0.004845445224905851,
      0.008048237373759499,
      0.01120031300680753,
      0.013876287838831635,
      0.016265383004665245,
      0.018014306181458245,
      0.018419226807577183,
      0.016617383598801473,
      0.01513725361989098,
      0.015297732224578735,
      0.01686222726196299,
      0.018376855267932094,
      0.019834406247609696,
      0.021229155242960714,
      0.022556590803602096,
      0.023813188492677866,
      0.02499622665774981,
      0.026103640131932514,
      0.02713390663436827,
      0.02808596036245228,
      0.028959127457600573,
      0.029753078513480472,
      0.030467793937045556,
      0.031103538662455285,
      0.03166084338621093,
      0.032140490098284784,
      0.03254350020970039,
      0.032871124017247295,
      0.033124830604618107,
      0.03044569433096391,
      0.0308619772054632,
      0.031242158905941453,
      0.031582706513523774,
      0.031880027000999775,
      0.03213049458863419,
      0.03233048241024781,
      0.03247639862283814,
      0.03256472701685248,
      0.032592072090828914,
      0.0325552084425382
    ]
  },
  "budget_factor": 1.0,
  "spillover_mode": "hybrid",
  "spillover_params": {
    "alpha": 0.4,
    "beta": 1.0,
    "gamma": 0.8,
    "delta": 1.8,
    "gcut": 1e-05
  },
  "shell_profile": {
    "centers": [
      0.7282758620689656,
      1.1448275862068966,
      1.5613793103448277,
      1.9779310344827592,
      2.3944827586206903,
      2.8110344827586213,
      3.2275862068965524,
      3.6441379310344835,
      4.060689655172414,
      4.477241379310346,
      4.893793103448277,
      5.310344827586208,
      5.726896551724139,
      6.14344827586207,
      6.560000000000001,
      6.9765517241379325,
      7.3931034482758635,
      7.809655172413795,
      8.226206896551727,
      8.642758620689657,
      9.059310344827587,
      9.475862068965519,
      9.89241379310345,
      10.308965517241381,
      10.725517241379311,
      11.142068965517243,
      11.558620689655175,
      11.975172413793105,
      12.391724137931035,
      12.766936795798745,
      13.105233862601239,
      13.452495092635498,
      13.808958017439132,
      14.174866462637645,
      14.550470714724597,
      14.936027692261039,
      15.331801121611411,
      15.738061717336075,
      16.155087367363844,
      16.583163323071222
    ],
    "mass": [
      53.77548857245249,
      62.79402676358359,
      67.63728969375252,
      65.87902472988259,
      62.86429226981314,
      56.49009599286927,
      44.22022432047517,
      26.61433776797336,
      17.0717788916321,
      14.647696292855425,
      16.010482577649668,
      17.37326886244405,
      18.736055147238282,
      20.098841432032675,
      21.461627716826897,
      22.8244140016213,
      24.18720028641551,
      25.54998657120992,
      26.91277285600412,
      28.27555914079855,
      29.63834542559273,
      31.00113171038717,
      32.36391799518135,
      33.72670427997579,
      35.08949056476996,
      36.45227684956442,
      37.815063134358574,
      39.17784941915304,
      40.54063570394718,
      33.477934763627296,
      35.27563113396697,
      37.16986010892388,
      39.16580529119483,
      41.26892863230104,
      43.48498537934704,
      45.82003982439183,
      48.28048189952902,
      50.873044663088145,
      53.60482272480803,
      56.48329166040644
    ]
  },
  "scaling_params": {
    "mass_ref": 60000000000.0,
    "sigma_ref": 30.0,
    "alpha_beta": 0.0,
    "gamma_beta": 0.0,
    "alpha_min": 0.01,
    "alpha_max": 100.0,
    "gamma_min": -5.0,
    "gamma_max": 5.0
  },
  "force_match": false,
  "rms_velocity": 7.912506869677188,
  "n_points": 8,
  "data": [
    {
      "R": 0.52,
      "V_obs": 7.31,
      "V_GR": 11.776459569836767,
      "V_required": 0.0,
      "capacity": 24.871610309916555,
      "provided": 0.5910509159234727,
      "V_model": 11.79128242326567
    },
    {
      "R": 1.05,
      "V_obs": 14.6,
      "V_GR": 17.217026456389036,
      "V_required": 0.0,
      "capacity": 30.776176558987576,
      "provided": 0.9817298205909458,
      "V_model": 17.244993286187082
    },
    {
      "R": 1.57,
      "V_obs": 21.0,
      "V_GR": 20.769133347349857,
      "V_required": 3.1053341205094367,
      "capacity": 32.29752707904987,
      "provided": 1.366222287949154,
      "V_model": 20.814020835487046
    },
    {
      "R": 2.09,
      "V_obs": 28.1,
      "V_GR": 26.94721506946497,
      "V_required": 7.966027868392137,
      "capacity": 28.994138385279552,
      "provided": 1.69263963497153,
      "V_model": 27.00032275610565
    },
    {
      "R": 2.63,
      "V_obs": 35.3,
      "V_GR": 30.75746576036459,
      "V_required": 17.322479614651005,
      "capacity": 25.959120194550035,
      "provided": 2.1973981077215985,
      "V_model": 30.835859943316297
    },
    {
      "R": 3.15,
      "V_obs": 43.0,
      "V_GR": 32.674199301589624,
      "V_required": 27.95347384494457,
      "capacity": 19.359291028094862,
      "provided": 2.2467906187985456,
      "V_model": 32.75135673654942
    },
    {
      "R": 3.68,
      "V_obs": 46.6,
      "V_GR": 33.590095266313256,
      "V_required": 32.29962074080746,
      "capacity": 9.804709328078046,
      "provided": 2.0270004799226977,
      "V_model": 33.65119954690482
    },
    {
      "R": 4.2,
      "V_obs": 48.0,
      "V_GR": 34.53778510559124,
      "V_required": 33.333787663570426,
      "capacity": 5.185141350564211,
      "provided": 1.8464531536988549,
      "V_model": 34.58710726916613
    }
  ]
}