{
  "galaxy": "UGC04278",
  "alpha": 2.8271,
  "gamma": 0.8579,
  "alpha_eff": 2.8271,
  "gamma_eff": 0.8579,
  "alpha_scaling": "constant",
  "gamma_scaling": "constant",
  "shell_mode": "gravity_adaptive",
  "shell_parameters": {
    "R_coh": 20.07,
    "R_stop": 26.76,
    "r_factor": 4.0,
    "n_shell_min": 8,
    "n_shell_max": 40,
    "g_floor": 1e-05,
    "coh_radius_factor": 3.0,
    "spillover_mode": "hybrid",
    "spill_weights": [
      0.0025151000854023832,
      0.007327774508765037,
      0.010208247374927162,
      0.013726129843438541,
      0.01720631874698603,
      0.01935841574981591,
      0.021703263965517337,
      0.021907132640786208,
      0.021128097458221577,
      0.014978613333505138,
      0.0163870061554406,
      0.01804267373845757,
      0.019632327119905257,
      0.02114675189851735,
      0.022578760307257605,
      0.023922923511852413,
      0.025175322458419445,
      0.026333320885350224,
      0.027395362828298932,
      0.028360795470285863,
      0.02922971687037067,
      0.03000284709125672,
      0.030681420569243237,
      0.031267097198068805,
      0.031761889473085836,
      0.032168103099107434,
      0.03248828864426226,
      0.032725202073401745,
      0.03288177227959848,
      0.029718264348279618,
      0.0300478192587873,
      0.030339298737126486,
      0.03058969238014838,
      0.03079598199101868,
      0.030955165969527187,
      0.03106428702481218,
      0.031120463305350104,
      0.031120922978030954,
      0.031063042210405838,
      0.030944386416967454
    ]
  },
  "budget_factor": 1.0,
  "spillover_mode": "hybrid",
  "spillover_params": {
    "alpha": 0.4,
    "beta": 1.0,
    "gamma": 0.8,
    "delta": 1.8,
    "gcut": 1e-05
  },
  "shell_profile": {
    "centers": [
      0.4836206896551724,
      1.1708620689655171,
      1.858103448275862,
      2.5453448275862067,
      3.232586206896552,
      3.919827586206896,
      4.607068965517241,
      5.2943103448275854,
      5.981551724137931,
      6.668793103448275,
      7.35603448275862,
      8.043275862068965,
      8.73051724137931,
      9.417758620689655,
      10.105,
      10.792241379310344,
      11.47948275862069,
      12.166724137931034,
      12.85396551724138,
      13.541206896551724,
      14.228448275862068,
      14.915689655172415,
      15.602931034482758,
      16.290172413793105,
      16.977413793103448,
      17.664655172413795,
      18.35189655172414,
      19.03913793103448,
      19.726379310344825,
      20.335906467593716,
      20.874765366857687,
      21.427902897555118,
      21.995697413492334,
      22.578537294058542,
      23.176821209882753,
      23.790958395530083,
      24.421368929423892,
      25.068484021185323,
      25.732746306586698,
      26.41461015032059
    ],
    "mass": [
      137.9841886522193,
      222.9385762916711,
      164.9235258620222,
      162.00958789417055,
      161.99545497550267,
      139.48346320026064,
      129.26996248559826,
      98.0668532676441,
      69.70149651969878,
      23.936495400086038,
      25.0934293143542,
      27.437796107909048,
      29.78216290146382,
      32.12652969501855,
      34.47089648857344,
      36.815263282128235,
      39.15963007568305,
      41.50399686923785,
      43.84836366279255,
      46.192730456347476,
      48.537097249902274,
      50.881464043457086,
      53.22583083701189,
      55.57019763056671,
      57.914564424121366,
      60.258931217676476,
      62.60329801123096,
      64.94766480478576,
      67.2920315983409,
      53.682087024887466,
      56.56470489478468,
      59.60211342660316,
      62.80262456111866,
      66.17499657326519,
      69.72845803936113,
      73.47273309132522,
      77.41806802700127,
      81.57525934939032,
      85.95568331154124,
      90.57132704793753
    ]
  },
  "scaling_params": {
    "mass_ref": 60000000000.0,
    "sigma_ref": 30.0,
    "alpha_beta": 0.0,
    "gamma_beta": 0.0,
    "alpha_min": 0.01,
    "alpha_max": 100.0,
    "gamma_min": -5.0,
    "gamma_max": 5.0
  },
  "force_match": false,
  "rms_velocity": 26.795073269821046,
  "n_points": 25,
  "data": [
    {
      "R": 0.14,
      "V_obs": 5.23,
      "V_GR": 4.427561405559499,
      "V_required": 2.7838103383671813,
      "capacity": 14.31715827573529,
      "provided": 0.2667610120630257,
      "V_model": 4.435590314440333
    },
    {
      "R": 0.42,
      "V_obs": 15.4,
      "V_GR": 11.342332211674986,
      "V_required": 10.416885331038259,
      "capacity": 30.961668570804648,
      "provided": 0.9982069666003697,
      "V_model": 11.386172190344281
    },
    {
      "R": 0.69,
      "V_obs": 24.4,
      "V_GR": 17.989469141695093,
      "V_required": 16.484507878611357,
      "capacity": 44.91566275361203,
      "provided": 1.5796420986203235,
      "V_model": 18.058689574820583
    },
    {
      "R": 0.97,
      "V_obs": 32.1,
      "V_GR": 24.06953676330311,
      "V_required": 21.238347393335484,
      "capacity": 49.792067216053,
      "provided": 4.2983510000047325,
      "V_model": 24.450325587182714
    },
    {
      "R": 1.25,
      "V_obs": 34.6,
      "V_GR": 28.4357873110628,
      "V_required": 19.71207751608135,
      "capacity": 47.92436987031784,
      "provided": 3.989454854194864,
      "V_model": 28.71427780797663
    },
    {
      "R": 1.52,
      "V_obs": 37.9,
      "V_GR": 30.751463379813327,
      "V_required": 22.153047194460626,
      "capacity": 36.72571182297118,
      "provided": 3.392040091870062,
      "V_model": 30.937977244559054
    },
    {
      "R": 1.8,
      "V_obs": 40.5,
      "V_GR": 32.047341543410425,
      "V_required": 24.76323686435197,
      "capacity": 34.14787111110827,
      "provided": 3.791708269793252,
      "V_model": 32.2708715655964
    },
    {
      "R": 2.07,
      "V_obs": 43.0,
      "V_GR": 32.20996740141163,
      "V_required": 28.487155000104874,
      "capacity": 31.91740725333786,
      "provided": 4.361908816220762,
      "V_model": 32.503972811350685
    },
    {
      "R": 2.35,
      "V_obs": 45.1,
      "V_GR": 32.03655724324947,
      "V_required": 31.7438025447488,
      "capacity": 31.436114638705906,
      "provided": 7.647682657597894,
      "V_model": 32.93672798004264
    },
    {
      "R": 2.63,
      "V_obs": 45.6,
      "V_GR": 31.787168794971343,
      "V_required": 32.694585178588824,
      "capacity": 31.450909294123342,
      "provided": 7.8767441838505645,
      "V_model": 32.748544989630055
    },
    {
      "R": 2.91,
      "V_obs": 49.2,
      "V_GR": 32.33041911265612,
      "V_required": 37.08616992896409,
      "capacity": 31.378865185866786,
      "provided": 6.208136893467466,
      "V_model": 32.92107172751264
    },
    {
      "R": 3.19,
      "V_obs": 50.3,
      "V_GR": 33.2174532437392,
      "V_required": 37.771560730263715,
      "capacity": 30.388947899518914,
      "provided": 6.322869688149192,
      "V_model": 33.8138711343927
    },
    {
      "R": 3.46,
      "V_obs": 53.7,
      "V_GR": 34.20640437111156,
      "V_required": 41.395795680237875,
      "capacity": 28.705516537052624,
      "provided": 6.929558023629115,
      "V_model": 34.90124459675962
    },
    {
      "R": 3.74,
      "V_obs": 58.0,
      "V_GR": 34.94243981178189,
      "V_required": 46.292827738214484,
      "capacity": 26.33054080214967,
      "provided": 10.115871778302553,
      "V_model": 36.37725885543134
    },
    {
      "R": 4.01,
      "V_obs": 64.4,
      "V_GR": 35.24025113417894,
      "V_required": 53.90254817724298,
      "capacity": 24.201251523842473,
      "provided": 11.778741816513564,
      "V_model": 37.15661527615352
    },
    {
      "R": 4.29,
      "V_obs": 67.5,
      "V_GR": 35.66106139755237,
      "V_required": 57.31089512474919,
      "capacity": 23.580155377537196,
      "provided": 7.559927367879819,
      "V_model": 36.45358421071402
    },
    {
      "R": 4.57,
      "V_obs": 71.3,
      "V_GR": 35.604461799049844,
      "V_required": 61.77388040264267,