{
  "galaxy": "UGC02259",
  "alpha": 2.8271,
  "gamma": 0.8579,
  "alpha_eff": 2.8271,
  "gamma_eff": 0.8579,
  "alpha_scaling": "constant",
  "gamma_scaling": "constant",
  "shell_mode": "gravity_adaptive",
  "shell_parameters": {
    "R_coh": 24.42,
    "R_stop": 32.56,
    "r_factor": 4.0,
    "n_shell_min": 8,
    "n_shell_max": 40,
    "g_floor": 1e-05,
    "coh_radius_factor": 3.0,
    "spillover_mode": "hybrid",
    "spill_weights": [
      0.059208199014873536,
      0.091608549483178,
      0.11674982290021141,
      0.12802412431878263,
      0.13283682468164182,
      0.13468096580477049,
      0.13194875172288945,
      0.12446757996599458,
      0.08047518210765821,
      0.0,
      0.0,
      0.0,
      0.0,
      0.0,
      0.0,
      0.0,
      0.0,
      0.0,
      0.0,
      0.0,
      0.0,
      0.0,
      0.0,
      0.0,
      0.0,
      0.0,
      0.0,
      0.0,
      0.0,
      0.0,
      0.0,
      0.0,
      0.0,
      0.0,
      0.0,
      0.0,
      0.0,
      0.0,
      0.0,
      0.0
    ]
  },
  "budget_factor": 1.0,
  "spillover_mode": "hybrid",
  "spillover_params": {
    "alpha": 0.4,
    "beta": 1.0,
    "gamma": 0.8,
    "delta": 1.8,
    "gcut": 1e-05
  },
  "shell_profile": {
    "centers": [
      1.423448275862069,
      2.2303448275862072,
      3.0372413793103448,
      3.8441379310344828,
      4.651034482758621,
      5.457931034482759,
      6.264827586206897,
      7.071724137931034,
      7.878620689655173,
      8.685517241379312,
      9.492413793103449,
      10.299310344827585,
      11.106206896551726,
      11.913103448275862,
      12.719999999999999,
      13.526896551724139,
      14.333793103448276,
      15.140689655172416,
      15.947586206896553,
      16.75448275862069,
      17.56137931034483,
      18.368275862068966,
      19.175172413793106,
      19.982068965517243,
      20.78896551724138,
      21.595862068965516,
      22.402758620689657,
      23.209655172413793,
      24.016551724137933,
      24.743539409000427,
      25.399191343231927,
      26.072216679536417,
      26.76307577665584,
      27.47224119187392,
      28.200198004251963,
      28.94744414642973,
      29.71449074521831,
      30.50186247121802,
      31.31009789770041,
      32.13974986899994
    ],
    "mass": [
      325.19488374056147,
      320.776717906747,
      278.74776524671876,
      201.2392879353727,
      142.5806677488073,
      103.57264077489891,
      73.44639730206653,
      49.72230204735524,
      13.644941725111515,
      0.0,
      0.0,
      0.0,
      0.0,
      0.0,
      0.0,
      0.0,
      0.0,
      0.0,
      0.0,
      0.0,
      0.0,
      0.0,
      0.0,
      0.0,
      0.0,
      0.0,
      0.0,
      0.0,
      0.0,
      0.0,
      0.0,
      0.0,
      0.0,
      0.0,
      0.0,
      0.0,
      0.0,
      0.0,
      0.0,
      0.0
    ]
  },
  "scaling_params": {
    "mass_ref": 60000000000.0,
    "sigma_ref": 30.0,
    "alpha_beta": 0.0,
    "gamma_beta": 0.0,
    "alpha_min": 0.01,
    "alpha_max": 100.0,
    "gamma_min": -5.0,
    "gamma_max": 5.0
  },
  "force_match": false,
  "rms_velocity": 12.335650644330542,
  "n_points": 8,
  "data": [
    {
      "R": 1.02,
      "V_obs": 56.1,
      "V_GR": 24.911421075482625,
      "V_required": 50.265605536987216,
      "capacity": 46.837037851521124,
      "provided": 32.402326431716716,
      "V_model": 40.8716241197671
    },
    {
      "R": 2.04,
      "V_obs": 71.1,
      "V_GR": 36.93242477823518,
      "V_required": 60.75529606544601,
      "capacity": 47.79481270228545,
      "provided": 50.13376818883379,
      "V_model": 62.268761934149
    },
    {
      "R": 3.05,
      "V_obs": 80.7,
      "V_GR": 42.866110157092635,
      "V_required": 68.37387366531166,
      "capacity": 38.98510041758614,
      "provided": 63.89260162274919,
      "V_model": 76.94002821758862
    },
    {
      "R": 4.07,
      "V_obs": 82.8,
      "V_GR": 46.31791230182984,
      "V_required": 68.63301683592233,
      "capacity": 22.437144956805927,
      "provided": 70.0625848502806,
      "V_model": 83.98877779741034
    },
    {
      "R": 5.09,
      "V_obs": 83.7,
      "V_GR": 45.007470491019596,
      "V_required": 70.5692397578435,
      "capacity": 14.593356990326416,
      "provided": 73.70561325550177,
      "V_model": 86.36081186145483
    },
    {
      "R": 6.11,
      "V_obs": 86.0,
      "V_GR": 45.20890288427712,
      "V_required": 73.15842466866,
      "capacity": 9.369714200209614,
      "provided": 72.21037958794497,
      "V_model": 85.19497532269787
    },
    {
      "R": 7.13,
      "V_obs": 88.3,
      "V_GR": 44.881070620028666,
      "V_required": 76.04327386429387,
      "capacity": 5.543531604823332,
      "provided": 68.11622753819671,
      "V_model": 81.57285672351674
    },
    {
      "R": 8.14,
      "V_obs": 90.0,
      "V_GR": 42.25848198882681,
      "V_required": 79.46207082627535,
      "capacity": 0.0,
      "provided": 44.04091263862199,
      "V_model": 61.03590161571085
    }
  ]
}