{
  "galaxy": "UGC05005",
  "alpha": 2.8271,
  "gamma": 0.8579,
  "alpha_eff": 2.8271,
  "gamma_eff": 0.8579,
  "alpha_scaling": "constant",
  "gamma_scaling": "constant",
  "shell_mode": "gravity_adaptive",
  "shell_parameters": {
    "R_coh": 85.83,
    "R_stop": 114.44,
    "r_factor": 4.0,
    "n_shell_min": 8,
    "n_shell_max": 40,
    "g_floor": 1e-05,
    "coh_radius_factor": 3.0,
    "spillover_mode": "hybrid",
    "spill_weights": [
      0.04667590569883361,
      0.1093568179903449,
      0.13747833816237878,
      0.1549396671094693,
      0.17166218833290128,
      0.14497305566253527,
      0.09874085439995411,
      0.07378961350498373,
      0.06238355913859894,
      0.0,
      0.0,
      0.0,
      0.0,
      0.0,
      0.0,
      0.0,
      0.0,
      0.0,
      0.0,
      0.0,
      0.0,
      0.0,
      0.0,
      0.0,
      0.0,
      0.0,
      0.0,
      0.0,
      0.0,
      0.0,
      0.0,
      0.0,
      0.0,
      0.0,
      0.0,
      0.0,
      0.0,
      0.0,
      0.0,
      0.0
    ]
  },
  "budget_factor": 1.0,
  "spillover_mode": "hybrid",
  "spillover_params": {
    "alpha": 0.4,
    "beta": 1.0,
    "gamma": 0.8,
    "delta": 1.8,
    "gcut": 1e-05
  },
  "shell_profile": {
    "centers": [
      2.2463793103448277,
      5.179137931034482,
      8.111896551724138,
      11.044655172413792,
      13.977413793103446,
      16.910172413793102,
      19.84293103448276,
      22.775689655172414,
      25.708448275862068,
      28.641206896551722,
      31.573965517241376,
      34.50672413793103,
      37.43948275862069,
      40.372241379310346,
      43.305,
      46.237758620689654,
      49.17051724137931,
      52.10327586206896,
      55.036034482758616,
      57.96879310344827,
      60.90155172413793,
      63.834310344827585,
      66.76706896551724,
      69.6998275862069,
      72.63258620689655,
      75.56534482758622,
      78.49810344827586,
      81.43086206896552,
      84.36362068965516,
      86.96715755423858,
      89.2716049545289,
      91.63711538102417,
      94.06530687593653,
      96.55784035620547,
      99.11642074958829,
      101.74279816085439,
      104.43876906888158,
      107.20617755547268,
      110.04691656673327,
      112.96292920787326
    ],
    "mass": [
      1196.678692295038,
      1293.1544851081924,
      787.4687751392387,
      525.661424328044,
      408.61181934418636,
      183.868564630832,
      53.17093027076806,
      20.786049693714148,
      11.66855503417423,
      0.0,
      0.0,
      0.0,
      0.0,
      0.0,
      0.0,
      0.0,
      0.0,
      0.0,
      0.0,
      0.0,
      0.0,
      0.0,
      0.0,
      0.0,
      0.0,
      0.0,
      0.0,
      0.0,
      0.0,
      0.0,
      0.0,
      0.0,
      0.0,
      0.0,
      0.0,
      0.0,
      0.0,
      0.0,
      0.0,
      0.0
    ]
  },
  "scaling_params": {
    "mass_ref": 60000000000.0,
    "sigma_ref": 30.0,
    "alpha_beta": 0.0,
    "gamma_beta": 0.0,
    "alpha_min": 0.01,
    "alpha_max": 100.0,
    "gamma_min": -5.0,
    "gamma_max": 5.0
  },
  "force_match": false,
  "rms_velocity": 22.12862022256614,
  "n_points": 11,
  "data": [
    {
      "R": 0.78,
      "V_obs": 14.5,
      "V_GR": 16.07969216123244,
      "V_required": 0.0,
      "capacity": 20.927810187658615,
      "provided": 0.0,
      "V_model": 16.07969216123244
    },
    {
      "R": 2.34,
      "V_obs": 32.6,
      "V_GR": 30.635681810594654,
      "V_required": 11.145178329663452,
      "capacity": 27.43374441725528,
      "provided": 26.965156225336102,
      "V_model": 40.812555056707524
    },
    {
      "R": 3.91,
      "V_obs": 48.6,
      "V_GR": 41.59642412515768,
      "V_required": 25.13359305789763,
      "capacity": 33.249682756710484,
      "provided": 26.684605918665728,
      "V_model": 49.41994226053375
    },
    {
      "R": 5.47,
      "V_obs": 58.1,
      "V_GR": 46.84282762600909,
      "V_required": 34.3709106658523,
      "capacity": 24.36810843867441,
      "provided": 36.49196531793663,
      "V_model": 59.37940748075456
    },
    {
      "R": 7.04,
      "V_obs": 65.9,
      "V_GR": 47.52295550573428,
      "V_required": 45.654996440696394,
      "capacity": 19.14294284665231,
      "provided": 36.49963846430876,
      "V_model": 59.92207362921654
    },
    {
      "R": 8.6,
      "V_obs": 72.5,
      "V_GR": 48.72040434971778,
      "V_required": 53.689591169983785,
      "capacity": 12.966806434599679,
      "provided": 42.92302748389089,
      "V_model": 64.9312258345925
    },
    {
      "R": 10.17,
      "V_obs": 78.6,
      "V_GR": 49.13347127977016,
      "V_required": 61.35032192254577,
      "capacity": 10.058536217496258,
      "provided": 89.51025730632611,
      "V_model": 102.10868799002711
    },
    {
      "R": 17.97,
      "V_obs": 97.1,
      "V_GR": 48.90602928065209,
      "V_required": 83.88450572066333,
      "capacity": 1.2706518262521334,
      "provided": 83.75244220493612,
      "V_model": 96.9859333887712
    },
    {
      "R": 21.07,
      "V_obs": 99.4,
      "V_GR": 47.90366687425922,
      "V_required": 87.09534258500852,
      "capacity": 0.560662510562284,
      "provided": 57.043618647649794,
      "V_model": 74.48983641020095
    },
    {
      "R": 22.72,
      "V_obs": 100.0,
      "V_GR": 47.447193805324254,
      "V_required": 88.02706288409264,
      "capacity": 0.32904882828363524,
      "provided": 42.62902725032241,
      "V_model": 63.78456054805685
    },
    {
      "R": 28.61,
      "V_obs": 99.1,
      "V_GR": 46.78923807885741,
      "V_required": 87.35889880258335,
      "capacity": 0.0,
      "provided": 0.0,
      "V_model": 46.78923807885741
    }
  ]
}