{
  "galaxy": "UGC02487",
  "alpha": 2.8271,
  "gamma": 0.8579,
  "alpha_eff": 2.8271,
  "gamma_eff": 0.8579,
  "alpha_scaling": "constant",
  "gamma_scaling": "constant",
  "shell_mode": "gravity_adaptive",
  "shell_parameters": {
    "R_coh": 241.14,
    "R_stop": 321.52,
    "r_factor": 4.0,
    "n_shell_min": 8,
    "n_shell_max": 40,
    "g_floor": 1e-05,
    "coh_radius_factor": 3.0,
    "spillover_mode": "hybrid",
    "spill_weights": [
      0.122928019559532,
      0.15389939209157738,
      0.15753685698883574,
      0.14296049642234424,
      0.12701716109109232,
      0.11088366483344364,
      0.08109729352458071,
      0.06235912208823721,
      0.04131799340035665,
      0.0,
      0.0,
      0.0,
      0.0,
      0.0,
      0.0,
      0.0,
      0.0,
      0.0,
      0.0,
      0.0,
      0.0,
      0.0,
      0.0,
      0.0,
      0.0,
      0.0,
      0.0,
      0.0,
      0.0,
      0.0,
      0.0,
      0.0,
      0.0,
      0.0,
      0.0,
      0.0,
      0.0,
      0.0,
      0.0,
      0.0
    ]
  },
  "budget_factor": 1.0,
  "spillover_mode": "hybrid",
  "spillover_params": {
    "alpha": 0.4,
    "beta": 1.0,
    "gamma": 0.8,
    "delta": 1.8,
    "gcut": 1e-05
  },
  "shell_profile": {
    "centers": [
      13.916379310344826,
      21.88913793103448,
      29.861896551724133,
      37.83465517241379,
      45.80741379310345,
      53.780172413793096,
      61.75293103448275,
      69.7256896551724,
      77.69844827586206,
      85.67120689655172,
      93.64396551724137,
      101.61672413793102,
      109.58948275862068,
      117.56224137931034,
      125.53499999999998,
      133.50775862068963,
      141.4805172413793,
      149.45327586206895,
      157.4260344827586,
      165.39879310344827,
      173.37155172413793,
      181.34431034482756,
      189.31706896551722,
      197.28982758620688,
      205.26258620689654,
      213.23534482758618,
      221.20810344827584,
      229.1808620689655,
      237.15362068965516,
      244.3348522967388,
      250.80921377997316,
      257.45513227286693,
      264.2771536766088,
      271.2799443492414,
      278.468294297515,
      285.8471204533195,
      293.4214700369345,
      301.19652400939844,
      309.17760061635846,
      317.37015902582493
    ],
    "mass": [
      122957.07475001542,
      70562.65853523716,
      35157.8096714636,
      15688.674961979788,
      7481.325034527643,
      3707.387296864376,
      1254.6424794990864,
      504.52863167609274,
      145.2503083775587,
      0.0,
      0.0,
      0.0,
      0.0,
      0.0,
      0.0,
      0.0,
      0.0,
      0.0,
      0.0,
      0.0,
      0.0,
      0.0,
      0.0,
      0.0,
      0.0,
      0.0,
      0.0,
      0.0,
      0.0,
      0.0,
      0.0,
      0.0,
      0.0,
      0.0,
      0.0,
      0.0,
      0.0,
      0.0,
      0.0,
      0.0
    ]
  },
  "scaling_params": {
    "mass_ref": 60000000000.0,
    "sigma_ref": 30.0,
    "alpha_beta": 0.0,
    "gamma_beta": 0.0,
    "alpha_min": 0.01,
    "alpha_max": 100.0,
    "gamma_min": -5.0,
    "gamma_max": 5.0
  },
  "force_match": false,
  "rms_velocity": 111.84146304847626,
  "n_points": 17,
  "data": [
    {
      "R": 9.93,
      "V_obs": 377.0,
      "V_GR": 330.0082477757185,
      "V_required": 182.27330139107045,
      "capacity": 284.59378903911414,
      "provided": 127.26036070770525,
      "V_model": 353.6956926617219
    },
    {
      "R": 10.05,
      "V_obs": 377.0,
      "V_GR": 330.60639875840275,
      "V_required": 181.18611729379265,
      "capacity": 281.9351566564024,
      "provided": 126.50130581969172,
      "V_model": 353.98187986687566
    },
    {
      "R": 10.35,
      "V_obs": 378.0,
      "V_GR": 332.2614177120179,
      "V_required": 180.23970234107682,
      "capacity": 273.72374890229173,
      "provided": 125.84053374093634,
      "V_model": 355.29352602067456
    },
    {
      "R": 15.07,
      "V_obs": 367.0,
      "V_GR": 322.7986708460864,
      "V_required": 174.6139115305535,
      "capacity": 177.50613409796685,
      "provided": 121.91269481801463,
      "V_model": 345.0531655524847
    },
    {
      "R": 20.09,
      "V_obs": 364.0,
      "V_GR": 309.82655567268597,
      "V_required": 191.0589055762647,
      "capacity": 123.25446621718062,
      "provided": 284.8927161989384,
      "V_model": 420.8994587109953
    },
    {
      "R": 25.12,
      "V_obs": 375.0,
      "V_GR": 296.174322992389,
      "V_required": 230.0125440057564,
      "capacity": 88.26122856302719,
      "provided": 342.97746144824805,
      "V_model": 453.15865727301787
    },
    {
      "R": 30.14,
      "V_obs": 383.0,
      "V_GR": 283.84565119092457,
      "V_required": 257.1393519086489,
      "capacity": 51.15558568091525,
      "provided": 642.7101045642987,
      "V_model": 702.5984857719606
    },
    {
      "R": 35.17,
      "V_obs": 378.0,
      "V_GR": 264.0318734547024,
      "V_required": 270.50170017949984,
      "capacity": 27.990996745117812,
      "provided": 293.0385885468501,
      "V_model": 394.44194069283515
    },
    {
      "R": 40.19,
      "V_obs": 364.0,
      "V_GR": 246.4421209939567,
      "V_required": 267.88482786451345,
      "capacity": 17.75603312990463,
      "provided": 290.20369113555074,
      "V_model": 380.7254934315512
    },
    {
      "R": 45.21,
      "V_obs": 349.0,
      "V_GR": 232.41340451875834,
      "V_required": 260.35554420829993,
      "capacity": 11.105418499054114,
      "provided": 518.1975472070108,
      "V_model": 567.9301792750251
    },
    {
      "R": 50.24,
      "V_obs": 338.0,
      "V_GR": 219.60726285803938,
      "V_required": 256.93705474298565,
      "capacity": 5.6475782130165015,
      "provided": 225.66379303492795,
      "V_model": 314.8833075710918
    },
    {
      "R": 55.26,
      "V_obs": 332.0,
      "V_GR": 208.7867768801463,
      "V_required": 258.13190775260625,
      "capacity": 4.7315853844593745,
      "provided": 226.7132137288014,
      "V_model": 308.2057745715372
    },
    {
      "R": 60.28,
      "V_obs": 330.0,
      "V_GR": 200.49830049155028,
      "V_required": 262.10767157792236,
      "capacity": 1.86794986340782,
      "provided": 163.80450292330457,
      "V_model": 258.90439099781776
    },
    {
      "R": 65.31,
      "V_obs": 329.0,
      "V_GR": 191.80659373441782,
      "V_required": 267.3036299790932,
      "capacity": 1.0528092514861305,
      "provided": 167.05172334226484,
      "V_model": 254.35417761778672
    },
    {
      "R": 70.33,
      "V_obs": 330.0,
      "V_GR": 184.4081218384917,
      "V_required": 273.66703235866754,
      "capacity": 0.5765783867037947,
      "provided": 254.40927693961225,
      "V_model": 314.213996494326
    },
    {
      "R": 75.35,
      "V_obs": 332.0,
      "V_GR": 177.4456051864909,
      "V_required": 280.6012423350973,
      "capacity": 0.32526614671138593,
      "provided": 83.5201572741289,
      "V_model": 196.11873819473556
    },
    {
      "R": 80.38,
      "V_obs": 333.0,
      "V_GR": 171.0187501416146,
      "V_required": 285.72991985439677,
      "capacity": 0.0,
      "provided": 85.04669346996172,
      "V_model": 190.99830619713262
    }
  ]
}