{
  "galaxy": "UGC06787",
  "alpha": 2.8271,
  "gamma": 0.8579,
  "alpha_eff": 2.8271,
  "gamma_eff": 0.8579,
  "alpha_scaling": "constant",
  "gamma_scaling": "constant",
  "shell_mode": "gravity_adaptive",
  "shell_parameters": {
    "R_coh": 111.57,
    "R_stop": 148.76,
    "r_factor": 4.0,
    "n_shell_min": 8,
    "n_shell_max": 40,
    "g_floor": 1e-05,
    "coh_radius_factor": 3.0,
    "spillover_mode": "hybrid",
    "spill_weights": [
      0.04632084345965313,
      0.08949871322637966,
      0.10585063957039668,
      0.12625358454760496,
      0.13121675178656356,
      0.12991311582761303,
      0.12018760072211127,
      0.1065202034717673,
      0.0935619920880673,
      0.0506765552998432,
      0.0,
      0.0,
      0.0,
      0.0,
      0.0,
      0.0,
      0.0,
      0.0,
      0.0,
      0.0,
      0.0,
      0.0,
      0.0,
      0.0,
      0.0,
      0.0,
      0.0,
      0.0,
      0.0,
      0.0,
      0.0,
      0.0,
      0.0,
      0.0,
      0.0,
      0.0,
      0.0,
      0.0,
      0.0,
      0.0
    ]
  },
  "budget_factor": 1.0,
  "spillover_mode": "hybrid",
  "spillover_params": {
    "alpha": 0.4,
    "beta": 1.0,
    "gamma": 0.8,
    "delta": 1.8,
    "gcut": 1e-05
  },
  "shell_profile": {
    "centers": [
      2.0415517241379306,
      5.884655172413792,
      9.727758620689652,
      13.570862068965514,
      17.413965517241376,
      21.257068965517238,
      25.1001724137931,
      28.943275862068962,
      32.78637931034482,
      36.62948275862068,
      40.47258620689654,
      44.315689655172406,
      48.15879310344826,
      52.00189655172413,
      55.844999999999985,
      59.688103448275854,
      63.531206896551716,
      67.37431034482758,
      71.21741379310345,
      75.0605172413793,
      78.90362068965516,
      82.74672413793103,
      86.5898275862069,
      90.43293103448275,
      94.2760344827586,
      98.11913793103447,
      101.96224137931034,
      105.8053448275862,
      109.64844827586205,
      113.04818557994172,
      116.04372555955713,
      119.11864107026526,
      122.27503539727647,
      125.51506755845094,
      128.84095378109706,
      132.25496901790189,
      135.7594485030305,
      139.35678934945918,
      143.04945218863364,
      146.83996285357586
    ],
    "mass": [
      44079.545527833805,
      16355.401641631412,
      7187.169137656614,
      4958.041984211834,
      3003.7701529602173,
      1835.7833200189982,
      1034.3624097946931,
      558.3516646008657,
      309.6362278929165,
      53.34252135000653,
      0.0,
      0.0,
      0.0,
      0.0,
      0.0,
      0.0,
      0.0,
      0.0,
      0.0,
      0.0,
      0.0,
      0.0,
      0.0,
      0.0,
      0.0,
      0.0,
      0.0,
      0.0,
      0.0,
      0.0,
      0.0,
      0.0,
      0.0,
      0.0,
      0.0,
      0.0,
      0.0,
      0.0,
      0.0,
      0.0
    ]
  },
  "scaling_params": {
    "mass_ref": 60000000000.0,
    "sigma_ref": 30.0,
    "alpha_beta": 0.0,
    "gamma_beta": 0.0,
    "alpha_min": 0.01,
    "alpha_max": 100.0,
    "gamma_min": -5.0,
    "gamma_max": 5.0
  },
  "force_match": false,
  "rms_velocity": 41.72511070642335,
  "n_points": 71,
  "data": [
    {
      "R": 0.12,
      "V_obs": 134.0,
      "V_GR": 179.22611109991757,
      "V_required": 0.0,
      "capacity": 4825.182210183072,
      "provided": 12.210290021853915,
      "V_model": 179.6415600088626
    },
    {
      "R": 0.24,
      "V_obs": 208.0,
      "V_GR": 278.78241067183563,
      "V_required": 0.0,
      "capacity": 4820.0816138074315,
      "provided": 12.210290021853915,
      "V_model": 279.04967959561935
    },
    {
      "R": 0.35,
      "V_obs": 252.0,
      "V_GR": 310.1887641420946,
      "V_required": 0.0,
      "capacity": 4070.032562942293,
      "provided": 12.210290021853915,
      "V_model": 310.4289944293506
    },
    {
      "R": 0.47,
      "V_obs": 272.0,
      "V_GR": 322.3949010142685,
      "V_required": 0.0,
      "capacity": 3456.1401597286995,
      "provided": 12.210290021853915,
      "V_model": 322.6260426289511
    },
    {
      "R": 0.59,
      "V_obs": 276.0,
      "V_GR": 325.34612061618316,
      "V_required": 0.0,
      "capacity": 3005.156639539088,
      "provided": 12.210290021853915,
      "V_model": 325.57516702355815
    },
    {
      "R": 0.71,
      "V_obs": 271.0,
      "V_GR": 325.57438397392383,
      "V_required": 0.0,
      "capacity": 2664.377256758047,
      "provided": 12.210290021853915,
      "V_model": 325.8032699074977
    },
    {
      "R": 0.83,
      "V_obs": 266.0,
      "V_GR": 323.4782394535991,
      "V_required": 0.0,
      "capacity": 2439.655201719313,
      "provided": 12.210290021853915,
      "V_model": 323.70860751981525
    },
    {
      "R": 0.94,
      "V_obs": 262.0,
      "V_GR": 320.7560320555172,
      "V_required": 0.0,
      "capacity": 2305.1868143533143,
      "provided": 12.210290021853915,
      "V_model": 320.9883538111901
    },
    {
      "R": 1.06,
      "V_obs": 260.0,
      "V_GR": 319.55599165091553,
      "V_required": 0.0,
      "capacity": 2162.562221527546,
      "provided": 12.210290021853915,
      "V_model": 319.78918521803985
    },
    {
      "R": 1.18,
      "V_obs": 260.0,
      "V_GR": 318.8563982422181,
      "V_required": 0.0,
      "capacity": 1987.8498115348314,
      "provided": 12.210290021853915,
      "V_model": 319.09010307813963
    },
    {
      "R": 1.3,
      "V_obs": 259.0,
      "V_GR": 317.7763746725046,
      "V_required": 0.0,
      "capacity": 1818.6556147011786,
      "provided": 12.210290021853915,
      "V_model": 318.01087321413684
    },
    {
      "R": 1.42,
      "V_obs": 257.0,
      "V_GR": 316.6290225168881,
      "V_required": 0.0,
      "capacity": 1628.6563118002423,
      "provided": 12.210290021853915,
      "V_model": 316.86437016871713
    },
    {
      "R": 1.53,
      "V_obs": 254.0,
      "V_GR": 314.98116419875015,
      "V_required": 0.0,
      "capacity": 1498.323270998693,
      "provided": 12.210290021853915,
      "V_model": 315.2177421758138
    },
    {
      "R": 1.66,
      "V_obs": 244.0,
      "V_GR": 313.0672844613439,
      "V_required": 0.0,
      "capacity": 1339.0987624249171,
      "provided": 12.210290021853915,
      "V_model": 313.3053076192898
    },
    {
      "R": 1.89,
      "V_obs": 228.0,
      "V_GR": 308.7584442569952,
      "V_required": 0.0,
      "capacity": 1087.5922849716771,
      "provided": 12.210290021853915,
      "V_model": 308.99978654105536
    },
    {
      "R": 2.01,
      "V_obs": 220.0,
      "V_GR": 306.06291673445185,
      "V_required": 0.0,
      "capacity": 977.4193773191316,
      "provided": 12.210290021853915,
      "V_model": 306.3063828626785
    },
    {
      "R": 2.13,
      "V_obs": 215.0,
      "V_GR": 303.18767207787323,
      "V_required": 0.0,
      "capacity": 885.4525124845654,
      "provided": 12.210290021853915,
      "V_model": 303.4334452271499
    },
    {
      "R": 2.24,
      "V_obs": 213.0,
      "V_GR": 300.4149458665464,
      "V_required": 0.0,
      "capacity": 813.1859914246575,
      "provided": 12.210290021853915,
      "V_model": 300.6629855542877
    },
    {
      "R": 3.1,
      "V_obs": 228.0,
      "V_GR": 278.93967143452363,
      "V_required": 0.0,
      "capacity": 461.7716769051265,
      "provided": 12.210290021853915,
      "V_model": 279.206789821483
    },
    {
      "R": 3.79,
      "V_obs": 236.0,
      "V_GR": 262.6272272632828,
      "V_required": 0.0,
      "capacity": 373.4681319015147,
      "provided": 12.210290021853915,
      "V_model": 262.9109196713172
    },
    {
      "R": 3.9,
      "V_obs": 236.0,
      "V_GR": 260.18901840777215,
      "V_required": 0.0,
      "capacity": 366.84989563344686,
      "provided": 12.210290021853915,
      "V_model": 260.4753663639189
    },
    {
      "R": 4.14,
      "V_obs": 237.0,
      "V_GR": 255.50033953010708,
      "V_required": 0.0,
      "capacity": 355.8154267120938,