{
  "galaxy": "UGC09133",
  "alpha": 2.8271,
  "gamma": 0.8579,
  "alpha_eff": 2.8271,
  "gamma_eff": 0.8579,
  "alpha_scaling": "constant",
  "gamma_scaling": "constant",
  "shell_mode": "gravity_adaptive",
  "shell_parameters": {
    "R_coh": 324.93,
    "R_stop": 433.24,
    "r_factor": 4.0,
    "n_shell_min": 8,
    "n_shell_max": 40,
    "g_floor": 1e-05,
    "coh_radius_factor": 3.0,
    "spillover_mode": "hybrid",
    "spill_weights": [
      0.11039485154656248,
      0.20355640535563282,
      0.221807076895658,
      0.18031705183231586,
      0.13242590999469575,
      0.08980820334317072,
      0.06169050103196432,
      0.0,
      0.0,
      0.0,
      0.0,
      0.0,
      0.0,
      0.0,
      0.0,
      0.0,
      0.0,
      0.0,
      0.0,
      0.0,
      0.0,
      0.0,
      0.0,
      0.0,
      0.0,
      0.0,
      0.0,
      0.0,
      0.0,
      0.0,
      0.0,
      0.0,
      0.0,
      0.0,
      0.0,
      0.0,
      0.0,
      0.0,
      0.0,
      0.0
    ]
  },
  "budget_factor": 1.0,
  "spillover_mode": "hybrid",
  "spillover_params": {
    "alpha": 0.4,
    "beta": 1.0,
    "gamma": 0.8,
    "delta": 1.8,
    "gcut": 1e-05
  },
  "shell_profile": {
    "centers": [
      5.916724137931035,
      17.110172413793105,
      28.303620689655176,
      39.497068965517244,
      50.69051724137931,
      61.88396551724138,
      73.07741379310345,
      84.27086206896551,
      95.46431034482758,
      106.65775862068965,
      117.85120689655172,
      129.0446551724138,
      140.23810344827587,
      151.43155172413793,
      162.625,
      173.81844827586207,
      185.01189655172413,
      196.2053448275862,
      207.39879310344827,
      218.59224137931034,
      229.7856896551724,
      240.97913793103447,
      252.17258620689654,
      263.36603448275866,
      274.5594827586207,
      285.7529310344828,
      296.9463793103448,
      308.13982758620693,
      319.33327586206894,
      329.23498198880037,
      337.9590189662713,
      346.91422463889285,
      356.1067244925789,
      365.5428063257816,
      375.2289245504336,
      385.17170460685566,
      395.37794749565063,
      405.8546344296836,
      416.6089316093283,
      427.6481951242487
    ],
    "mass": [
      153426.82446815417,
      50407.789808700414,
      18129.37599327674,
      4839.760372327502,
      1246.5229663051964,
      300.6472718597606,
      82.02659183616716,
      0.0,
      0.0,
      0.0,
      0.0,
      0.0,
      0.0,
      0.0,
      0.0,
      0.0,
      0.0,
      0.0,
      0.0,
      0.0,
      0.0,
      0.0,
      0.0,
      0.0,
      0.0,
      0.0,
      0.0,
      0.0,
      0.0,
      0.0,
      0.0,
      0.0,
      0.0,
      0.0,
      0.0,
      0.0,
      0.0,
      0.0,
      0.0,
      0.0
    ]
  },
  "scaling_params": {
    "mass_ref": 60000000000.0,
    "sigma_ref": 30.0,
    "alpha_beta": 0.0,
    "gamma_beta": 0.0,
    "alpha_min": 0.01,
    "alpha_max": 100.0,
    "gamma_min": -5.0,
    "gamma_max": 5.0
  },
  "force_match": false,
  "rms_velocity": 75.9202111277849,
  "n_points": 68,
  "data": [
    {
      "R": 0.32,
      "V_obs": 284.0,
      "V_GR": 191.7879456587405,
      "V_required": 209.45974291018308,
      "capacity": 3105.6449788421137,
      "provided": 602.9641315330279,
      "V_model": 632.7308748712825
    },
    {
      "R": 0.63,
      "V_obs": 282.0,
      "V_GR": 296.4674786549108,
      "V_required": 0.0,
      "capacity": 3000.035754430139,
      "provided": 0.0,
      "V_model": 296.4674786549108
    },
    {
      "R": 0.95,
      "V_obs": 281.0,
      "V_GR": 328.6161646967477,
      "V_required": 0.0,
      "capacity": 2441.97654567984,
      "provided": 0.0,
      "V_model": 328.6161646967477
    },
    {
      "R": 1.26,
      "V_obs": 280.0,
      "V_GR": 338.99159724099354,
      "V_required": 0.0,
      "capacity": 2096.994679764498,
      "provided": 0.0,
      "V_model": 338.99159724099354
    },
    {
      "R": 1.58,
      "V_obs": 280.0,
      "V_GR": 343.38502588202647,
      "V_required": 0.0,
      "capacity": 1810.5109590678876,
      "provided": 0.0,
      "V_model": 343.38502588202647
    },
    {
      "R": 1.89,
      "V_obs": 279.0,
      "V_GR": 343.33066291841743,
      "V_required": 0.0,
      "capacity": 1609.1092360003895,
      "provided": 0.0,
      "V_model": 343.33066291841743
    },
    {
      "R": 2.21,
      "V_obs": 279.0,
      "V_GR": 342.17507244099477,
      "V_required": 0.0,
      "capacity": 1461.3679254674191,
      "provided": 0.0,
      "V_model": 342.17507244099477
    },
    {
      "R": 2.52,
      "V_obs": 279.0,
      "V_GR": 340.32101859861666,
      "V_required": 0.0,
      "capacity": 1359.2878394941936,
      "provided": 0.0,
      "V_model": 340.32101859861666
    },
    {
      "R": 2.84,
      "V_obs": 279.0,
      "V_GR": 338.24940472970536,
      "V_required": 0.0,
      "capacity": 1318.7771215532455,
      "provided": 0.0,
      "V_model": 338.24940472970536
    },
    {
      "R": 3.15,
      "V_obs": 279.0,
      "V_GR": 337.63186164815664,
      "V_required": 0.0,
      "capacity": 1303.715618178642,
      "provided": 0.0,
      "V_model": 337.63186164815664
    },
    {
      "R": 3.47,
      "V_obs": 279.0,
      "V_GR": 339.3641740078054,
      "V_required": 0.0,
      "capacity": 1230.3862658580986,
      "provided": 0.0,
      "V_model": 339.3641740078054
    },
    {
      "R": 3.79,
      "V_obs": 279.0,
      "V_GR": 341.21861965607917,
      "V_required": 0.0,
      "capacity": 1104.7659486418756,
      "provided": 0.0,
      "V_model": 341.21861965607917
    },
    {
      "R": 4.1,
      "V_obs": 280.0,
      "V_GR": 342.17368762077547,
      "V_required": 0.0,
      "capacity": 995.2204535190687,
      "provided": 0.0,
      "V_model": 342.17368762077547
    },
    {
      "R": 4.42,
      "V_obs": 280.0,
      "V_GR": 342.02478199686055,
      "V_required": 0.0,
      "capacity": 873.282800638015,
      "provided": 0.0,
      "V_model": 342.02478199686055
    },
    {
      "R": 4.73,
      "V_obs": 280.0,
      "V_GR": 340.63022605165264,
      "V_required": 0.0,
      "capacity": 791.4984612309285,
      "provided": 0.0,
      "V_model": 340.63022605165264
    },
    {
      "R": 5.05,
      "V_obs": 281.0,
      "V_GR": 338.11305594430985,
      "V_required": 0.0,
      "capacity": 727.0343052578764,
      "provided": 0.0,
      "V_model": 338.11305594430985
    },
    {
      "R": 5.36,
      "V_obs": 282.0,
      "V_GR": 335.15713374475564,
      "V_required": 0.0,
      "capacity": 691.4121412426309,
      "provided": 0.0,
      "V_model": 335.15713374475564
    },
    {
      "R": 5.68,
      "V_obs": 282.0,
      "V_GR": 332.15544267706946,
      "V_required": 0.0,
      "capacity": 667.852758531746,
      "provided": 0.0,
      "V_model": 332.15544267706946
    },
    {
      "R": 5.99,
      "V_obs": 283.0,
      "V_GR": 329.5769872123962,
      "V_required": 0.0,
      "capacity": 655.2747611282931,
      "provided": 0.0,
      "V_model": 329.5769872123962
    },
    {
      "R": 6.31,
      "V_obs": 284.0,
      "V_GR": 327.43454689449004,
      "V_required": 0.0,
      "capacity": 647.9266095841501,
      "provided": 0.0,
      "V_model": 327.43454689449004
    },
    {
      "R": 6.62,
      "V_obs": 284.0,
      "V_GR": 326.22537638877816,
      "V_required": 0.0,
      "capacity": 644.3150864759864,
      "provided": 0.0,
      "V_model": 326.22537638877816
    },
    {
      "R": 6.94,
      "V_obs": 285.0,
      "V_GR": 325.49923210354893,
      "V_required": 0.0,
      "capacity": 628.092330638242,
      "provided": 0.0,
      "V_model": 325.49923210354893
    },
    {
      "R": 7.57,
      "V_obs": 286.0,
      "V_GR": 323.93643666620767,
      "V_required": 0.0,
      "capacity": 568.3338169235786,
      "provided": 0.0,
      "V_model": 323.93643666620767
    },
    {
      "R": 7.89,
      "V_obs": 287.0,
      "V_GR": 322.19458887448747,
      "V_required": 0.0,