{
  "galaxy": "UGC05829",
  "alpha": 2.8271,
  "gamma": 0.8579,
  "alpha_eff": 2.8271,
  "gamma_eff": 0.8579,
  "alpha_scaling": "constant",
  "gamma_scaling": "constant",
  "shell_mode": "gravity_adaptive",
  "shell_parameters": {
    "R_coh": 20.73,
    "R_stop": 27.64,
    "r_factor": 4.0,
    "n_shell_min": 8,
    "n_shell_max": 40,
    "g_floor": 1e-05,
    "coh_radius_factor": 3.0,
    "spillover_mode": "hybrid",
    "spill_weights": [
      0.0037199861329715246,
      0.006924294337742886,
      0.009497383005060282,
      0.01154886190168888,
      0.013043311104405604,
      0.01394461503021339,
      0.014296665463381455,
      0.014465026627187011,
      0.01488182126446732,
      0.01598827577071887,
      0.01754073578435702,
      0.01903395655115459,
      0.020465593877458776,
      0.02183385411693669,
      0.023137193244281765,
      0.02437415781938759,
      0.025543318778636814,
      0.02664326216669001,
      0.02767261191179965,
      0.02863006814990133,
      0.029514450657503338,
      0.030324741126828068,
      0.0310601207896205,
      0.031720001677293705,
      0.03230405090964995,
      0.0328122080609157,
      0.03324469601946823,
      0.03360202594394889,
      0.03388499699425286,
      0.03099983710616744,
      0.031443632727797856,
      0.031852334472115974,
      0.03222216559067949,
      0.03254926817072303,
      0.03282973236334292,
      0.033059630278991795,
      0.033235054690043606,
      0.033352162600040154,
      0.033407223640852295,
      0.033396673141322726
    ]
  },
  "budget_factor": 1.0,
  "spillover_mode": "hybrid",
  "spillover_params": {
    "alpha": 0.4,
    "beta": 1.0,
    "gamma": 0.8,
    "delta": 1.8,
    "gcut": 1e-05
  },
  "shell_profile": {
    "centers": [
      0.9765517241379311,
      1.6696551724137931,
      2.3627586206896556,
      3.055862068965517,
      3.7489655172413796,
      4.442068965517242,
      5.135172413793104,
      5.828275862068965,
      6.5213793103448285,
      7.21448275862069,
      7.907586206896552,
      8.600689655172415,
      9.293793103448277,
      9.98689655172414,
      10.680000000000001,
      11.373103448275863,
      12.066206896551726,
      12.759310344827588,
      13.45241379310345,
      14.145517241379313,
      14.838620689655174,
      15.531724137931036,
      16.2248275862069,
      16.91793103448276,
      17.61103448275862,
      18.304137931034482,
      18.997241379310346,
      19.69034482758621,
      20.38344827586207,
      21.004650775945077,
      21.56122999775585,
      22.13255740240745,
      22.71902378583438,
      23.32103029924432,
      23.938988723511187,
      24.573321750838993,
      25.22446327388925,
      25.89285868256959,
      26.578965168686707,
      27.28325203867194
    ],
    "mass": [
      63.225049989283164,
      80.50438472816377,
      77.47381975221201,
      69.63944512505024,
      59.84821860229571,
      49.31461831094751,
      39.25143097764835,
      31.890213548944367,
      28.158111875350965,
      28.5906823259771,
      31.337421235986408,
      34.084160145995725,
      36.83089905600491,
      39.57763796601419,
      42.324376876023564,
      45.07111578603273,
      47.817854696042,
      50.5645936060514,
      53.31133251606054,
      56.05807142606982,
      58.80481033607924,
      61.551549246088356,
      64.29828815609747,
      67.04502706610705,
      69.79176597611598,
      72.53850488612561,
      75.2852437961349,
      78.03198270614378,
      80.77872161615345,
      65.97016222073998,
      69.51262450260637,
      73.2453097367294,
      77.17843250513835,
      81.32275589194813,
      85.68962093679616,
      90.29097766986501,
      95.13941781342784,
      100.24820923939275,
      105.63133227715298,
      111.30351797109007
    ]
  },
  "scaling_params": {
    "mass_ref": 60000000000.0,
    "sigma_ref": 30.0,
    "alpha_beta": 0.0,
    "gamma_beta": 0.0,
    "alpha_min": 0.01,
    "alpha_max": 100.0,
    "gamma_min": -5.0,
    "gamma_max": 5.0
  },
  "force_match": false,
  "rms_velocity": 20.46118281366998,
  "n_points": 11,
  "data": [
    {
      "R": 0.63,
      "V_obs": 14.8,
      "V_GR": 7.808200817089684,
      "V_required": 12.5726687699947,
      "capacity": 10.07277350746734,
      "provided": 0.5429685060439945,
      "V_model": 7.8270565858792445
    },
    {
      "R": 1.26,
      "V_obs": 27.2,
      "V_GR": 13.5836261727125,
      "V_required": 23.565336831880845,
      "capacity": 14.83929656469875,
      "provided": 1.0177024439366706,
      "V_model": 13.621696600071324
    },
    {
      "R": 1.88,
      "V_obs": 34.1,
      "V_GR": 17.1740298124814,
      "V_required": 29.459509500329435,
      "capacity": 15.17328256580992,
      "provided": 2.9049960499177088,
      "V_model": 17.417987887527005
    },
    {
      "R": 2.52,
      "V_obs": 38.8,
      "V_GR": 19.2803137941269,
      "V_required": 33.670602905205,
      "capacity": 13.36815077101623,
      "provided": 3.984501346782605,
      "V_model": 19.68773097597873
    },
    {
      "R": 3.14,
      "V_obs": 42.8,
      "V_GR": 23.222801295278742,
      "V_required": 35.95193318863396,
      "capacity": 11.78555823260537,
      "provided": 4.845172167592665,
      "V_model": 23.72286225002402
    },
    {
      "R": 3.77,
      "V_obs": 47.9,
      "V_GR": 27.36384658632627,
      "V_required": 39.31449986964097,
      "capacity": 9.901157575098454,
      "provided": 5.472148552324153,
      "V_model": 27.905635806745263
    },
    {
      "R": 4.4,
      "V_obs": 51.9,
      "V_GR": 29.814845295590583,
      "V_required": 42.48158424541156,
      "capacity": 8.022760368341705,
      "provided": 5.850278686101861,
      "V_model": 30.383396135143578
    },
    {
      "R": 5.03,
      "V_obs": 57.6,
      "V_GR": 33.74741471579712,
      "V_required": 46.6783890039063,
      "capacity": 6.280893891006684,
      "provided": 5.997976786130696,
      "V_model": 34.27628517688232
    },
    {
      "R": 5.65,
      "V_obs": 60.7,
      "V_GR": 37.52006929631128,
      "V_required": 47.715138059110764,
      "capacity": 4.976496845403114,
      "provided": 6.06861048423171,
      "V_model": 38.00767860853024
    },
    {
      "R": 6.29,
      "V_obs": 65.6,
      "V_GR": 39.398706831569996,
      "V_required": 52.450947560554134,
      "capacity": 4.160155693651686,
      "provided": 6.24347115823952,
      "V_model": 39.89033757821271
    },
    {
      "R": 6.91,
      "V_obs": 68.6,
      "V_GR": 40.076498100507735,
      "V_required": 55.676155578487986,
      "capacity": 3.8714405355508084,
      "provided": 6.707669502979751,
      "V_model": 40.633957845147265
    }
  ]
}