{
  "galaxy": "UGC06628",
  "alpha": 2.8271,
  "gamma": 0.8579,
  "alpha_eff": 2.8271,
  "gamma_eff": 0.8579,
  "alpha_scaling": "constant",
  "gamma_scaling": "constant",
  "shell_mode": "gravity_adaptive",
  "shell_parameters": {
    "R_coh": 23.07,
    "R_stop": 30.76,
    "r_factor": 4.0,
    "n_shell_min": 8,
    "n_shell_max": 40,
    "g_floor": 1e-05,
    "coh_radius_factor": 3.0,
    "spillover_mode": "hybrid",
    "spill_weights": [
      0.0037926647980295234,
      0.005574225103908334,
      0.0076373606210217194,
      0.009471226715275841,
      0.01097367610659793,
      0.012076849260081022,
      0.012891241154276707,
      0.013337272048226066,
      0.013387471160457767,
      0.014557360983258926,
      0.01611533642477323,
      0.017650017312777263,
      0.01915363670031522,
      0.020619167254359083,
      0.022040226326783287,
      0.023411014544208318,
      0.024726277394935943,
      0.025981281871297376,
      0.027171802362372426,
      0.028294111680157368,
      0.02934497438592271,
      0.03032164053023429,
      0.031221838601413903,
      0.032043766957698824,
      0.03278608335137853,
      0.03344789238032643,
      0.03402873085473502,
      0.03452855116714985,
      0.0349477028182023,
      0.03234401747766399,
      0.03289430760685648,
      0.03340749874710831,
      0.033879246588673695,
      0.034305108425251106,
      0.03468057585935085,
      0.03500111275761356,
      0.035262198620517285,
      0.03545937744183615,
      0.03558831202363582,
      0.03564484358131761
    ]
  },
  "budget_factor": 1.0,
  "spillover_mode": "hybrid",
  "spillover_params": {
    "alpha": 0.4,
    "beta": 1.0,
    "gamma": 0.8,
    "delta": 1.8,
    "gcut": 1e-05
  },
  "shell_profile": {
    "centers": [
      1.478793103448276,
      2.2363793103448275,
      2.993965517241379,
      3.751551724137931,
      4.509137931034482,
      5.266724137931034,
      6.024310344827586,
      6.781896551724138,
      7.539482758620689,
      8.29706896551724,
      9.054655172413792,
      9.812241379310343,
      10.569827586206895,
      11.327413793103446,
      12.084999999999999,
      12.84258620689655,
      13.600172413793102,
      14.357758620689653,
      15.115344827586206,
      15.872931034482757,
      16.63051724137931,
      17.388103448275864,
      18.14568965517241,
      18.903275862068966,
      19.660862068965514,
      20.41844827586207,
      21.17603448275862,
      21.93362068965517,
      22.691206896551726,
      23.375653323736273,
      23.99505914366751,
      24.630877919611187,
      25.28354456050165,
      25.953505499448458,
      26.641218999102897,
      27.347155465116046,
      28.0717977679028,
      28.81564157293201,
      29.579195679768567,
      30.362982370099452
    ],
    "mass": [
      368.3994610948033,
      348.7223976499718,
      377.339686701446,
      377.05757720968006,
      354.25886841553324,
      315.73545602950793,
      275.8592959853256,
      232.9581017889193,
      189.03254071299418,
      192.73316325024086,
      210.3311833097043,
      227.9292033691677,
      245.5272234286311,
      263.1252434880952,
      280.723263547558,
      298.32128360702137,
      315.9193036664848,
      333.5173237259483,
      351.1153437854125,
      368.71336384487597,
      386.3113839043385,
      403.909403963802,
      421.50742402326534,
      439.10544408272887,
      456.7034641421922,
      474.3014842016557,
      491.8995042611214,
      509.4975243205825,
      527.095544380046,
      438.14974830475035,
      461.67749031613454,
      486.46862377370314,
      512.5909902045127,
      540.1160740863494,
      569.1191984667107,
      599.6797310861216,
      631.8813015698289,
      665.812030282273,
      701.5647694705748,
      739.2373573569006
    ]
  },
  "scaling_params": {
    "mass_ref": 60000000000.0,
    "sigma_ref": 30.0,
    "alpha_beta": 0.0,
    "gamma_beta": 0.0,
    "alpha_min": 0.01,
    "alpha_max": 100.0,
    "gamma_min": -5.0,
    "gamma_max": 5.0
  },
  "force_match": false,
  "rms_velocity": 8.072959298025069,
  "n_points": 7,
  "data": [
    {
      "R": 1.1,
      "V_obs": 26.9,
      "V_GR": 29.22644863817703,
      "V_required": 0.0,
      "capacity": 53.73982718776341,
      "provided": 0.027516247060308117,
      "V_model": 29.226461591233587
    },
    {
      "R": 2.2,
      "V_obs": 38.0,
      "V_GR": 37.30098122033789,
      "V_required": 7.255122328396691,
      "capacity": 51.202208671914384,
      "provided": 0.04044168501487471,
      "V_model": 37.30100314374785
    },
    {
      "R": 3.3,
      "V_obs": 40.5,
      "V_GR": 43.05049128639533,
      "V_required": 0.0,
      "capacity": 51.90890826240707,
      "provided": 0.05540998557159228,
      "V_model": 43.05052694528258
    },
    {
      "R": 4.39,
      "V_obs": 41.4,
      "V_GR": 47.89187926987205,
      "V_required": 0.0,
      "capacity": 46.67871960614584,
      "provided": 0.0796153625455719,
      "V_model": 47.89194544603459
    },
    {
      "R": 5.5,
      "V_obs": 42.3,
      "V_GR": 50.34685491666784,
      "V_required": 0.0,
      "capacity": 36.912018342561495,
      "provided": 0.08761901872349485,
      "V_model": 50.3469311586361
    },
    {
      "R": 6.59,
      "V_obs": 42.3,
      "V_GR": 54.16728994513201,
      "V_required": 0.0,
      "capacity": 28.46490828839507,
      "provided": 0.09676354023698598,
      "V_model": 54.1673763734475
    },
    {
      "R": 7.69,
      "V_obs": 42.3,
      "V_GR": 56.30239515331475,
      "V_required": 0.0,
      "capacity": 19.969718601934478,
      "provided": 0.09712774093700388,
      "V_model": 56.30247893119857
    }
  ]
}