{
  "galaxy": "UGC05716",
  "alpha": 2.8271,
  "gamma": 0.8579,
  "alpha_eff": 2.8271,
  "gamma_eff": 0.8579,
  "alpha_scaling": "constant",
  "gamma_scaling": "constant",
  "shell_mode": "gravity_adaptive",
  "shell_parameters": {
    "R_coh": 37.11,
    "R_stop": 49.48,
    "r_factor": 4.0,
    "n_shell_min": 8,
    "n_shell_max": 40,
    "g_floor": 1e-05,
    "coh_radius_factor": 3.0,
    "spillover_mode": "hybrid",
    "spill_weights": [
      0.12721484446075915,
      0.16589671077617735,
      0.17881568163826259,
      0.17100432873608806,
      0.1271588431280215,
      0.10053149153658071,
      0.07332618427395862,
      0.05605191545015197,
      0.0,
      0.0,
      0.0,
      0.0,
      0.0,
      0.0,
      0.0,
      0.0,
      0.0,
      0.0,
      0.0,
      0.0,
      0.0,
      0.0,
      0.0,
      0.0,
      0.0,
      0.0,
      0.0,
      0.0,
      0.0,
      0.0,
      0.0,
      0.0,
      0.0,
      0.0,
      0.0,
      0.0,
      0.0,
      0.0,
      0.0,
      0.0
    ]
  },
  "budget_factor": 1.0,
  "spillover_mode": "hybrid",
  "spillover_params": {
    "alpha": 0.4,
    "beta": 1.0,
    "gamma": 0.8,
    "delta": 1.8,
    "gcut": 1e-05
  },
  "shell_profile": {
    "centers": [
      1.6520689655172416,
      2.8962068965517243,
      4.1403448275862065,
      5.38448275862069,
      6.628620689655172,
      7.8727586206896545,
      9.116896551724135,
      10.361034482758619,
      11.605172413793102,
      12.849310344827586,
      14.093448275862066,
      15.33758620689655,
      16.581724137931033,
      17.825862068965517,
      19.07,
      20.31413793103448,
      21.558275862068967,
      22.802413793103447,
      24.04655172413793,
      25.290689655172415,
      26.534827586206895,
      27.778965517241378,
      29.02310344827586,
      30.26724137931034,
      31.511379310344825,
      32.75551724137931,
      33.999655172413796,
      35.24379310344827,
      36.487931034482756,
      37.60166861048344,
      38.59803401913746,
      39.620801022833604,
      40.67066920850525,
      41.74835670067326,
      42.85460065265316,
      43.990157750778344,
      45.15580473198409,
      46.35233891510649,
      47.58057874625971,
      48.84136435866453
    ],
    "mass": [
      238.78648643952,
      121.32726209326444,
      65.35128625279671,
      33.89954986296368,
      11.05867025957212,
      4.696764244360696,
      1.7672474952073414,
      0.793865240886651,
      0.0,
      0.0,
      0.0,
      0.0,
      0.0,
      0.0,
      0.0,
      0.0,
      0.0,
      0.0,
      0.0,
      0.0,
      0.0,
      0.0,
      0.0,
      0.0,
      0.0,
      0.0,
      0.0,
      0.0,
      0.0,
      0.0,
      0.0,
      0.0,
      0.0,
      0.0,
      0.0,
      0.0,
      0.0,
      0.0,
      0.0,
      0.0
    ]
  },
  "scaling_params": {
    "mass_ref": 60000000000.0,
    "sigma_ref": 30.0,
    "alpha_beta": 0.0,
    "gamma_beta": 0.0,
    "alpha_min": 0.01,
    "alpha_max": 100.0,
    "gamma_min": -5.0,
    "gamma_max": 5.0
  },
  "force_match": false,
  "rms_velocity": 36.51675538411855,
  "n_points": 12,
  "data": [
    {
      "R": 1.03,
      "V_obs": 39.15,
      "V_GR": 21.96538413049041,
      "V_required": 32.407474446491506,
      "capacity": 20.031781829380122,
      "provided": 38.70887066167062,
      "V_model": 44.506794626235944
    },
    {
      "R": 2.07,
      "V_obs": 49.15,
      "V_GR": 28.578148995342577,
      "V_required": 39.987646842493746,
      "capacity": 12.210758569585453,
      "provided": 47.76295210064505,
      "V_model": 55.65977176892224
    },
    {
      "R": 3.09,
      "V_obs": 55.05,
      "V_GR": 29.116155309381078,
      "V_required": 46.7199315067991,
      "capacity": 6.99454298732129,
      "provided": 112.7650710252902,
      "V_model": 116.46334935651964
    },
    {
      "R": 4.13,
      "V_obs": 59.35,
      "V_GR": 29.290742564844614,
      "V_required": 51.618551897549395,
      "capacity": 4.312472202618386,
      "provided": 121.54649086189067,
      "V_model": 125.02598546238167
    },
    {
      "R": 5.16,
      "V_obs": 63.85,
      "V_GR": 30.144611458766555,
      "V_required": 56.286098639006774,
      "capacity": 2.4260232004384092,
      "provided": 116.2368752541061,
      "V_model": 120.08209179073548
    },
    {
      "R": 6.2,
      "V_obs": 68.2,
      "V_GR": 30.808662742806607,
      "V_required": 60.84460781367566,
      "capacity": 0.8298780429584257,
      "provided": 42.09026256724534,
      "V_model": 52.160942312995594
    },
    {
      "R": 7.23,
      "V_obs": 71.7,
      "V_GR": 32.12236603987944,
      "V_required": 64.10182212698794,
      "capacity": 0.401732624993984,
      "provided": 44.34349437547616,
      "V_model": 54.755747583499264
    },
    {
      "R": 8.26,
      "V_obs": 73.5,
      "V_GR": 33.21544821314323,
      "V_required": 65.56663785798385,
      "capacity": 0.18548845023479832,
      "provided": 68.33433122550365,
      "V_model": 75.9792525893539
    },
    {
      "R": 9.28,
      "V_obs": 73.15,
      "V_GR": 33.68776780969615,
      "V_required": 64.93116971070212,
      "capacity": 0.08093140913096537,
      "provided": 49.84205135219493,
      "V_model": 60.15892105909843
    },
    {
      "R": 10.34,
      "V_obs": 72.5,
      "V_GR": 33.57484921782971,
      "V_required": 64.25713579050968,
      "capacity": 0.04373471757984267,
      "provided": 38.10020221177041,
      "V_model": 50.782830844467455
    },
    {
      "R": 11.4,
      "V_obs": 73.0,
      "V_GR": 32.748522104058374,
      "V_required": 65.24212059704988,
      "capacity": 0.0,
      "provided": 0.0,
      "V_model": 32.748522104058374
    },
    {
      "R": 12.37,
      "V_obs": 74.7,
      "V_GR": 31.427200002545565,
      "V_required": 67.76740440654342,
      "capacity": 0.0,
      "provided": 0.0,
      "V_model": 31.427200002545565
    }
  ]
}