{
  "galaxy": "UGC09037",
  "alpha": 2.8271,
  "gamma": 0.8579,
  "alpha_eff": 2.8271,
  "gamma_eff": 0.8579,
  "alpha_scaling": "constant",
  "gamma_scaling": "constant",
  "shell_mode": "gravity_adaptive",
  "shell_parameters": {
    "R_coh": 83.88,
    "R_stop": 111.84,
    "r_factor": 4.0,
    "n_shell_min": 8,
    "n_shell_max": 40,
    "g_floor": 1e-05,
    "coh_radius_factor": 3.0,
    "spillover_mode": "hybrid",
    "spill_weights": [
      0.006689403295737667,
      0.01074197874930276,
      0.013081890984732903,
      0.01389433303824445,
      0.01421162500061034,
      0.013358837975925566,
      0.013331854576734742,
      0.012895382568822033,
      0.013220379631276752,
      0.014414568984535867,
      0.016052502997915663,
      0.01765823012404764,
      0.019221138494363833,
      0.0207320168698958,
      0.022182944816788557,
      0.023567189999908762,
      0.0248791107836948,
      0.02611406371393693,
      0.02726831605852521,
      0.02833896375628117,
      0.02932385506876424,
      0.030221520075688985,
      0.031031105973999086,
      0.0317523179744625,
      0.03238536545759287,
      0.03293091295936811,
      0.03339003550550515,
      0.03376417779571519,
      0.03405511674943024,
      0.031174047368829904,
      0.0316111546800535,
      0.03200915758309203,
      0.032364385393914376,
      0.03267313319936548,
      0.03293169101478867,
      0.033136376942004414,
      0.03328357443063421,
      0.03336977367364149,
      0.033391617079024334,
      0.03334594865284378
    ]
  },
  "budget_factor": 1.0,
  "spillover_mode": "hybrid",
  "spillover_params": {
    "alpha": 0.4,
    "beta": 1.0,
    "gamma": 0.8,
    "delta": 1.8,
    "gcut": 1e-05
  },
  "shell_profile": {
    "centers": [
      3.8343103448275864,
      6.642931034482759,
      9.45155172413793,
      12.260172413793102,
      15.068793103448275,
      17.877413793103447,
      20.68603448275862,
      23.49465517241379,
      26.30327586206896,
      29.111896551724133,
      31.920517241379308,
      34.72913793103448,
      37.53775862068965,
      40.34637931034482,
      43.154999999999994,
      45.963620689655166,
      48.77224137931034,
      51.58086206896551,
      54.38948275862068,
      57.19810344827585,
      60.00672413793102,
      62.815344827586195,
      65.62396551724137,
      68.43258620689656,
      71.24120689655172,
      74.0498275862069,
      76.85844827586206,
      79.66706896551725,
      82.4756896551724,
      84.99132209774591,
      87.2434139996025,
      89.55518161668772,
      91.92820623038048,
      94.36411102270202,
      96.86456218659515,
      99.43127006562345,
      102.06599032387022,
      104.77052514683727,
      107.54672447416499,
      110.39648726501697
    ],
    "mass": [
      15008.697131465444,
      12571.44961498643,
      8673.654654663698,
      5383.026576267419,
      3495.8763225935377,
      2017.8307503357025,
      1446.4499932121232,
      1009.0758244120807,
      847.5688113705124,
      857.9459522128408,
      940.7177753302261,
      1023.489598447609,
      1106.261421564993,
      1189.033244682377,
      1271.805067799761,
      1354.576890917145,
      1437.3487140345292,
      1520.1205371519134,
      1602.8923602692971,
      1685.6641833866813,
      1768.4360065040653,
      1851.2078296214495,
      1933.9796527388435,
      2016.751475856218,
      2099.5232989736014,
      2182.2951220909863,
      2265.06694520837,
      2347.838768325754,
      2430.6105914431378,
      1982.16986947844,
      2088.6083222957195,
      2200.762301523028,
      2318.93871919519,
      2443.460967893363,
      2574.6698057163417,
      2712.9242887732826,
      2858.602753749365,
      3012.1038532329876,
      3173.8476466382704,
      3344.276749707482
    ]
  },
  "scaling_params": {
    "mass_ref": 60000000000.0,
    "sigma_ref": 30.0,
    "alpha_beta": 0.0,
    "gamma_beta": 0.0,
    "alpha_min": 0.01,
    "alpha_max": 100.0,
    "gamma_min": -5.0,
    "gamma_max": 5.0
  },
  "force_match": false,
  "rms_velocity": 31.095648865331626,
  "n_points": 22,
  "data": [
    {
      "R": 2.43,
      "V_obs": 62.2,
      "V_GR": 136.96361925708595,
      "V_required": 0.0,
      "capacity": 236.24270101547452,
      "provided": 1.830748141549474,
      "V_model": 136.97585421802557
    },
    {
      "R": 3.65,
      "V_obs": 88.2,
      "V_GR": 148.78781569738834,
      "V_required": 0.0,
      "capacity": 195.5701124717487,
      "provided": 1.830748141549474,
      "V_model": 148.7990784203914
    },
    {
      "R": 4.86,
      "V_obs": 107.0,
      "V_GR": 151.64457392204972,
      "V_required": 0.0,
      "capacity": 156.35310998644223,
      "provided": 1.830748141549474,
      "V_model": 151.6556244877116
    },
    {
      "R": 6.08,
      "V_obs": 120.0,
      "V_GR": 153.2628624292265,
      "V_required": 0.0,
      "capacity": 156.13305148533607,
      "provided": 4.409778442655849,
      "V_model": 153.32628980678206
    },
    {
      "R": 7.29,
      "V_obs": 124.0,
      "V_GR": 161.02637082167627,
      "V_required": 0.0,
      "capacity": 135.78540234637197,
      "provided": 4.409778442655849,
      "V_model": 161.08674137219768
    },
    {
      "R": 8.51,
      "V_obs": 128.0,
      "V_GR": 159.9485617315767,
      "V_required": 0.0,
      "capacity": 106.00671907973417,
      "provided": 5.370355145916992,
      "V_model": 160.03869255399857
    },
    {
      "R": 9.73,
      "V_obs": 133.0,
      "V_GR": 158.26481131319116,
      "V_required": 0.0,
      "capacity": 93.38177779581584,
      "provided": 5.370355145916992,
      "V_model": 158.35590047230093
    },
    {
      "R": 10.96,
      "V_obs": 138.0,
      "V_GR": 157.682581473034,
      "V_required": 0.0,
      "capacity": 83.42342821656837,
      "provided": 3.8025849636010682,
      "V_model": 157.72842531517713
    },
    {
      "R": 12.19,
      "V_obs": 143.0,
      "V_GR": 157.8513278373039,
      "V_required": 0.0,
      "capacity": 57.974920204405834,
      "provided": 3.8025849636010682,
      "V_model": 157.89712268564426
    },
    {
      "R": 13.41,
      "V_obs": 146.0,
      "V_GR": 155.19507273106322,
      "V_required": 0.0,
      "capacity": 46.2731642837973,
      "provided": 3.8025849636010682,
      "V_model": 155.24165115201978
    },
    {
      "R": 14.55,
      "V_obs": 148.0,
      "V_GR": 152.52458064194113,
      "V_required": 0.0,
      "capacity": 39.607797242597414,
      "provided": 0.0,
      "V_model": 152.52458064194113
    },
    {
      "R": 15.78,
      "V_obs": 154.0,
      "V_GR": 150.64229718110383,
      "V_required": 31.982781304945902,
      "capacity": 30.098121650782637,
      "provided": 11.668263180443954,
      "V_model": 151.0935143070281
    },
    {
      "R": 17.0,
      "V_obs": 158.0,
      "V_GR": 146.79683988424273,
      "V_required": 58.43533006666432,
      "capacity": 22.983757253663793,
      "provided": 4.93828629312555,
      "V_model": 146.87987905602614
    },
    {
      "R": 18.23,
      "V_obs": 159.0,
      "V_GR": 142.09142549781112,
      "V_required": 71.35143166047891,
      "capacity": 18.569025947949445,
      "provided": 6.0298075934858995,
      "V_model": 142.21930874397634
    },
    {
      "R": 19.46,
      "V_obs": 160.0,
      "V_GR": 137.7705472878728,
      "V_required": 81.35893497336359,
      "capacity": 15.56144287905576,
      "provided": 3.6911319514673107,
      "V_model": 137.81998459977834
    },
    {
      "R": 20.69,
      "V_obs": 158.0,
      "V_GR": 136.10294118791114,
      "V_required": 80.24954454699417,
      "capacity": 13.75178865199082,
      "provided": 3.6408005840426423,
      "V_model": 136.15162881468868
    },
    {
      "R": 21.92,
      "V_obs": 155.0,
      "V_GR": 132.96408876083797,
      "V_required": 79.65896748012746,
      "capacity": 12.242266040192018,
      "provided": 3.6140069948439972,
      "V_model": 133.0131946333099
    },
    {
      "R": 23.14,