{
  "galaxy": "UGC06399",
  "alpha": 2.8271,
  "gamma": 0.8579,
  "alpha_eff": 2.8271,
  "gamma_eff": 0.8579,
  "alpha_scaling": "constant",
  "gamma_scaling": "constant",
  "shell_mode": "gravity_adaptive",
  "shell_parameters": {
    "R_coh": 23.549999999999997,
    "R_stop": 31.4,
    "r_factor": 4.0,
    "n_shell_min": 8,
    "n_shell_max": 40,
    "g_floor": 1e-05,
    "coh_radius_factor": 3.0,
    "spillover_mode": "hybrid",
    "spill_weights": [
      0.04278974224909666,
      0.07148532209471509,
      0.09859350573811758,
      0.12120621464353916,
      0.1313676205807421,
      0.13896389717387408,
      0.14241633109365262,
      0.14530350827017885,
      0.10787385815608391,
      0.0,
      0.0,
      0.0,
      0.0,
      0.0,
      0.0,
      0.0,
      0.0,
      0.0,
      0.0,
      0.0,
      0.0,
      0.0,
      0.0,
      0.0,
      0.0,
      0.0,
      0.0,
      0.0,
      0.0,
      0.0,
      0.0,
      0.0,
      0.0,
      0.0,
      0.0,
      0.0,
      0.0,
      0.0,
      0.0,
      0.0
    ]
  },
  "budget_factor": 1.0,
  "spillover_mode": "hybrid",
  "spillover_params": {
    "alpha": 0.4,
    "beta": 1.0,
    "gamma": 0.8,
    "delta": 1.8,
    "gcut": 1e-05
  },
  "shell_profile": {
    "centers": [
      1.2610344827586206,
      2.043103448275862,
      2.825172413793103,
      3.6072413793103446,
      4.389310344827585,
      5.171379310344827,
      5.953448275862069,
      6.735517241379309,
      7.517586206896551,
      8.299655172413791,
      9.081724137931033,
      9.863793103448273,
      10.645862068965515,
      11.427931034482757,
      12.209999999999997,
      12.992068965517237,
      13.774137931034481,
      14.556206896551721,
      15.338275862068961,
      16.120344827586205,
      16.90241379310345,
      17.68448275862069,
      18.46655172413793,
      19.24862068965517,
      20.030689655172413,
      20.812758620689653,
      21.594827586206893,
      22.376896551724137,
      23.158965517241377,
      23.862012820719077,
      24.494306147957072,
      25.143353923140154,
      25.809600104023133,
      26.493500412310834,
      27.195522645378112,
      27.91614699624979,
      28.655866382059415,
      29.415186781211467,
      30.194627579477654,
      30.994721925264066
    ],
    "mass": [
      311.69108833178655,
      342.11608602136386,
      347.3821928038536,
      324.4754531368861,
      250.9742086439939,
      199.06496959594324,
      155.35490879244708,
      125.83196011909851,
      47.989037345326736,
      0.0,
      0.0,
      0.0,
      0.0,
      0.0,
      0.0,
      0.0,
      0.0,
      0.0,
      0.0,
      0.0,
      0.0,
      0.0,
      0.0,
      0.0,
      0.0,
      0.0,
      0.0,
      0.0,
      0.0,
      0.0,
      0.0,
      0.0,
      0.0,
      0.0,
      0.0,
      0.0,
      0.0,
      0.0,
      0.0,
      0.0
    ]
  },
  "scaling_params": {
    "mass_ref": 60000000000.0,
    "sigma_ref": 30.0,
    "alpha_beta": 0.0,
    "gamma_beta": 0.0,
    "alpha_min": 0.01,
    "alpha_max": 100.0,
    "gamma_min": -5.0,
    "gamma_max": 5.0
  },
  "force_match": false,
  "rms_velocity": 5.939264798381055,
  "n_points": 9,
  "data": [
    {
      "R": 0.87,
      "V_obs": 24.8,
      "V_GR": 20.560179960301905,
      "V_required": 13.867912604281873,
      "capacity": 46.719251706922215,
      "provided": 20.785794679373385,
      "V_model": 29.236454307132853
    },
    {
      "R": 1.74,
      "V_obs": 46.2,
      "V_GR": 33.1130578473206,
      "V_required": 32.21747041590944,
      "capacity": 52.95625816048883,
      "provided": 34.72512685399479,
      "V_model": 47.98238254845241
    },
    {
      "R": 2.61,
      "V_obs": 60.5,
      "V_GR": 38.202121668828816,
      "V_required": 46.91319537187805,
      "capacity": 52.76030095166383,
      "provided": 47.8933561941565,
      "V_model": 61.26316729928636
    },
    {
      "R": 3.5,
      "V_obs": 69.6,
      "V_GR": 44.73170799332393,
      "V_required": 53.32198702224064,
      "capacity": 48.09286956407864,
      "provided": 58.877837514850924,
      "V_model": 73.94271735894743
    },
    {
      "R": 4.37,
      "V_obs": 77.5,
      "V_GR": 47.27057858753159,
      "V_required": 61.41451294278902,
      "capacity": 35.05507034086541,
      "provided": 63.813901308713234,
      "V_model": 79.4148701455728
    },
    {
      "R": 5.24,
      "V_obs": 82.9,
      "V_GR": 48.824199942241755,
      "V_required": 66.99707083149234,
      "capacity": 25.79956232549059,
      "provided": 67.50391291648131,
      "V_model": 83.31014799552268
    },
    {
      "R": 6.11,
      "V_obs": 84.1,
      "V_GR": 49.48188052206585,
      "V_required": 68.00259921503,
      "capacity": 18.620708026977958,
      "provided": 69.18098734667693,
      "V_model": 85.05566124756818
    },
    {
      "R": 6.98,
      "V_obs": 85.6,
      "V_GR": 49.47648431325735,
      "V_required": 69.85297058822908,
      "capacity": 14.394908688817035,
      "provided": 70.58347936555592,
      "V_model": 86.1971580700191
    },
    {
      "R": 7.85,
      "V_obs": 87.6,
      "V_GR": 48.1531307393403,
      "V_required": 73.17811148150791,
      "capacity": 0.0,
      "provided": 52.40143429355536,
      "V_model": 71.16624421747856
    }
  ]
}