{
  "galaxy": "UGC04499",
  "alpha": 2.8271,
  "gamma": 0.8579,
  "alpha_eff": 2.8271,
  "gamma_eff": 0.8579,
  "alpha_scaling": "constant",
  "gamma_scaling": "constant",
  "shell_mode": "gravity_adaptive",
  "shell_parameters": {
    "R_coh": 24.54,
    "R_stop": 32.72,
    "r_factor": 4.0,
    "n_shell_min": 8,
    "n_shell_max": 40,
    "g_floor": 1e-05,
    "coh_radius_factor": 3.0,
    "spillover_mode": "hybrid",
    "spill_weights": [
      0.05480537709843849,
      0.08005183961298495,
      0.10362605783620576,
      0.12254417953080612,
      0.1267142904101462,
      0.1309476541073636,
      0.14003201756240605,
      0.13994682812431747,
      0.1013317557173314,
      0.0,
      0.0,
      0.0,
      0.0,
      0.0,
      0.0,
      0.0,
      0.0,
      0.0,
      0.0,
      0.0,
      0.0,
      0.0,
      0.0,
      0.0,
      0.0,
      0.0,
      0.0,
      0.0,
      0.0,
      0.0,
      0.0,
      0.0,
      0.0,
      0.0,
      0.0,
      0.0,
      0.0,
      0.0,
      0.0,
      0.0
    ]
  },
  "budget_factor": 1.0,
  "spillover_mode": "hybrid",
  "spillover_params": {
    "alpha": 0.4,
    "beta": 1.0,
    "gamma": 0.8,
    "delta": 1.8,
    "gcut": 1e-05
  },
  "shell_profile": {
    "centers": [
      1.3174137931034484,
      2.132241379310345,
      2.9470689655172415,
      3.761896551724138,
      4.576724137931034,
      5.391551724137932,
      6.206379310344827,
      7.021206896551725,
      7.83603448275862,
      8.650862068965516,
      9.465689655172415,
      10.280517241379311,
      11.095344827586207,
      11.910172413793102,
      12.725000000000001,
      13.539827586206897,
      14.354655172413793,
      15.169482758620688,
      15.984310344827588,
      16.799137931034483,
      17.61396551724138,
      18.428793103448278,
      19.243620689655174,
      20.05844827586207,
      20.873275862068965,
      21.68810344827586,
      22.502931034482756,
      23.317758620689656,
      24.13258620689655,
      24.865129283246127,
      25.52400309430432,
      26.20033568041866,
      26.894589662536212,
      27.607239920089512,
      28.338773915820767,
      29.089692029213168,
      29.860507898757465,
      30.65174877328788,
      31.46395587262768,
      32.297684757791096
    ],
    "mass": [
      303.25905305438147,
      240.03224174124608,
      209.73500554429017,
      179.34658773587768,
      124.6004357704766,
      94.30298747240023,
      82.8001184799537,
      64.50541806631014,
      23.458798148636642,
      0.0,
      0.0,
      0.0,
      0.0,
      0.0,
      0.0,
      0.0,
      0.0,
      0.0,
      0.0,
      0.0,
      0.0,
      0.0,
      0.0,
      0.0,
      0.0,
      0.0,
      0.0,
      0.0,
      0.0,
      0.0,
      0.0,
      0.0,
      0.0,
      0.0,
      0.0,
      0.0,
      0.0,
      0.0,
      0.0,
      0.0
    ]
  },
  "scaling_params": {
    "mass_ref": 60000000000.0,
    "sigma_ref": 30.0,
    "alpha_beta": 0.0,
    "gamma_beta": 0.0,
    "alpha_min": 0.01,
    "alpha_max": 100.0,
    "gamma_min": -5.0,
    "gamma_max": 5.0
  },
  "force_match": false,
  "rms_velocity": 6.135262376127691,
  "n_points": 9,
  "data": [
    {
      "R": 0.91,
      "V_obs": 26.0,
      "V_GR": 30.315791264619833,
      "V_required": 0.0,
      "capacity": 47.19818466370572,
      "provided": 21.261634784339343,
      "V_model": 37.028425752422
    },
    {
      "R": 1.82,
      "V_obs": 45.1,
      "V_GR": 35.91329837260844,
      "V_required": 27.28085409220174,
      "capacity": 35.87823316321579,
      "provided": 31.05594866373594,
      "V_model": 47.47880524407287
    },
    {
      "R": 2.73,
      "V_obs": 57.0,
      "V_GR": 39.64972887675274,
      "V_required": 40.949957264934966,
      "capacity": 29.906496213130293,
      "provided": 40.20151876515431,
      "V_model": 56.46470677356834
    },
    {
      "R": 3.63,
      "V_obs": 62.0,
      "V_GR": 44.306118087686265,
      "V_required": 43.37012681558586,
      "capacity": 24.893161997858307,
      "provided": 47.540765670687236,
      "V_model": 64.98581768782473
    },
    {
      "R": 4.55,
      "V_obs": 66.9,
      "V_GR": 45.06948080464207,
      "V_required": 49.44038733667042,
      "capacity": 16.10289867023994,
      "provided": 49.15855172053918,
      "V_model": 66.69198832889094
    },
    {
      "R": 5.45,
      "V_obs": 70.6,
      "V_GR": 45.371247503237115,
      "V_required": 54.09075614187695,
      "capacity": 11.291502030605917,
      "provided": 50.80087657267638,
      "V_model": 68.11225411445652
    },
    {
      "R": 6.37,
      "V_obs": 72.8,
      "V_GR": 44.670807022036215,
      "V_required": 57.4835541698667,
      "capacity": 9.50796103780766,
      "provided": 54.32513693279377,
      "V_model": 70.33279109182853
    },
    {
      "R": 7.28,
      "V_obs": 73.3,
      "V_GR": 45.86032381045734,
      "V_required": 57.1814716494775,
      "capacity": 6.495865827556071,
      "provided": 54.292087863231316,
      "V_model": 71.0689813107577
    },
    {
      "R": 8.18,
      "V_obs": 74.3,
      "V_GR": 46.248969718254266,
      "V_required": 58.150862418368305,
      "capacity": 0.0,
      "provided": 39.31144891582501,
      "V_model": 60.6989062163522
    }
  ]
}