{
  "galaxy": "UGC05986",
  "alpha": 2.8271,
  "gamma": 0.8579,
  "alpha_eff": 2.8271,
  "gamma_eff": 0.8579,
  "alpha_scaling": "constant",
  "gamma_scaling": "constant",
  "shell_mode": "gravity_adaptive",
  "shell_parameters": {
    "R_coh": 28.23,
    "R_stop": 37.64,
    "r_factor": 4.0,
    "n_shell_min": 8,
    "n_shell_max": 40,
    "g_floor": 1e-05,
    "coh_radius_factor": 3.0,
    "spillover_mode": "hybrid",
    "spill_weights": [
      0.062498514742171773,
      0.12874544713098257,
      0.17218646043416239,
      0.19926405848472334,
      0.19805946859284007,
      0.16766819723985146,
      0.07157785337526845,
      0.0,
      0.0,
      0.0,
      0.0,
      0.0,
      0.0,
      0.0,
      0.0,
      0.0,
      0.0,
      0.0,
      0.0,
      0.0,
      0.0,
      0.0,
      0.0,
      0.0,
      0.0,
      0.0,
      0.0,
      0.0,
      0.0,
      0.0,
      0.0,
      0.0,
      0.0,
      0.0,
      0.0,
      0.0,
      0.0,
      0.0,
      0.0,
      0.0
    ]
  },
  "budget_factor": 1.0,
  "spillover_mode": "hybrid",
  "spillover_params": {
    "alpha": 0.4,
    "beta": 1.0,
    "gamma": 0.8,
    "delta": 1.8,
    "gcut": 1e-05
  },
  "shell_profile": {
    "centers": [
      1.1058620689655172,
      2.057586206896552,
      3.009310344827586,
      3.961034482758621,
      4.912758620689655,
      5.86448275862069,
      6.816206896551725,
      7.767931034482759,
      8.719655172413795,
      9.671379310344829,
      10.623103448275863,
      11.574827586206897,
      12.526551724137931,
      13.478275862068966,
      14.430000000000001,
      15.381724137931036,
      16.333448275862068,
      17.285172413793106,
      18.236896551724136,
      19.188620689655174,
      20.140344827586205,
      21.092068965517242,
      22.043793103448273,
      22.99551724137931,
      23.94724137931034,
      24.89896551724138,
      25.850689655172413,
      26.802413793103447,
      27.754137931034485,
      28.60401791630147,
      29.36196443978039,
      30.139994957547625,
      30.93864165335767,
      31.758450812719108,
      32.59998319656154,
      33.46381442480389,
      34.35053537008652,
      35.2607525619363,
      36.19508860164137,
      37.15418258811909
    ],
    "mass": [
      918.1157299534622,
      1198.5577878059562,
      975.2583821103993,
      722.8905542389316,
      427.34187776473254,
      187.15979846432822,
      15.920186309195355,
      0.0,
      0.0,
      0.0,
      0.0,
      0.0,
      0.0,
      0.0,
      0.0,
      0.0,
      0.0,
      0.0,
      0.0,
      0.0,
      0.0,
      0.0,
      0.0,
      0.0,
      0.0,
      0.0,
      0.0,
      0.0,
      0.0,
      0.0,
      0.0,
      0.0,
      0.0,
      0.0,
      0.0,
      0.0,
      0.0,
      0.0,
      0.0,
      0.0
    ]
  },
  "scaling_params": {
    "mass_ref": 60000000000.0,
    "sigma_ref": 30.0,
    "alpha_beta": 0.0,
    "gamma_beta": 0.0,
    "alpha_min": 0.01,
    "alpha_max": 100.0,
    "gamma_min": -5.0,
    "gamma_max": 5.0
  },
  "force_match": false,
  "rms_velocity": 49.76840230540788,
  "n_points": 15,
  "data": [
    {
      "R": 0.63,
      "V_obs": 29.5,
      "V_GR": 32.52584971987665,
      "V_required": 0.0,
      "capacity": 125.43328907377527,
      "provided": 0.0,
      "V_model": 32.52584971987665
    },
    {
      "R": 1.26,
      "V_obs": 50.8,
      "V_GR": 44.27149421467497,
      "V_required": 24.91334582106547,
      "capacity": 145.02467772172542,
      "provided": 67.82011037620951,
      "V_model": 80.99094129247567
    },
    {
      "R": 1.88,
      "V_obs": 68.2,
      "V_GR": 53.76221070603403,
      "V_required": 41.9626584000585,
      "capacity": 175.5200196341469,
      "provided": 62.23807035713658,
      "V_model": 82.24325322954998
    },
    {
      "R": 2.51,
      "V_obs": 84.3,
      "V_GR": 66.168567311073,
      "V_required": 52.23227641985366,
      "capacity": 166.8056637940393,
      "provided": 77.46973663441032,
      "V_model": 101.8814968196134
    },
    {
      "R": 3.13,
      "V_obs": 95.3,
      "V_GR": 70.93660973009635,
      "V_required": 63.640296982336594,
      "capacity": 124.35688805692091,
      "provided": 186.8477163034728,
      "V_model": 199.8601303107327
    },
    {
      "R": 3.77,
      "V_obs": 106.0,
      "V_GR": 72.34067458905814,
      "V_required": 77.47791169101035,
      "capacity": 99.85020962586904,
      "provided": 104.12552241009644,
      "V_model": 126.78839701319477
    },
    {
      "R": 4.39,
      "V_obs": 112.0,
      "V_GR": 74.73848272476502,
      "V_required": 83.41558127831995,
      "capacity": 82.21809718448453,
      "provided": 112.10538317535362,
      "V_model": 134.73476810716994
    },
    {
      "R": 5.02,
      "V_obs": 115.0,
      "V_GR": 75.43128064669192,
      "V_required": 86.80507992047471,
      "capacity": 47.46094516786741,
      "provided": 214.92374781117957,
      "V_model": 227.7764155333109
    },
    {
      "R": 5.65,
      "V_obs": 116.0,
      "V_GR": 72.3922930980916,
      "V_required": 90.63860049669786,
      "capacity": 27.370079900302496,
      "provided": 89.70022882187487,
      "V_model": 115.26827469298182
    },
    {
      "R": 6.28,
      "V_obs": 116.0,
      "V_GR": 69.05063649235971,
      "V_required": 93.20949307876317,
      "capacity": 12.999341171594528,
      "provided": 92.2445052297627,
      "V_model": 115.22603501415692
    },
    {
      "R": 6.9,
      "V_obs": 116.0,
      "V_GR": 66.21693212464619,
      "V_required": 95.24346644258596,
      "capacity": 0.0,
      "provided": 77.67253248223606,
      "V_model": 102.0671563344645
    },
    {
      "R": 7.54,
      "V_obs": 114.0,
      "V_GR": 61.961233041313825,
      "V_required": 95.69119917735382,
      "capacity": 0.0,
      "provided": 0.0,
      "V_model": 61.961233041313825
    },
    {
      "R": 8.16,
      "V_obs": 112.0,
      "V_GR": 58.585056968479606,
      "V_required": 95.4557022916913,
      "capacity": 0.0,
      "provided": 0.0,
      "V_model": 58.585056968479606
    },
    {
      "R": 8.79,
      "V_obs": 109.0,
      "V_GR": 56.43963589535283,
      "V_required": 93.25002680964762,
      "capacity": 0.0,
      "provided": 0.0,
      "V_model": 56.43963589535283
    },
    {
      "R": 9.41,
      "V_obs": 107.0,
      "V_GR": 55.94092062167014,
      "V_required": 91.21191479187354,
      "capacity": 0.0,
      "provided": 0.0,
      "V_model": 55.94092062167014
    }
  ]
}