{
  "galaxy": "UGC07261",
  "alpha": 2.8271,
  "gamma": 0.8579,
  "alpha_eff": 2.8271,
  "gamma_eff": 0.8579,
  "alpha_scaling": "constant",
  "gamma_scaling": "constant",
  "shell_mode": "gravity_adaptive",
  "shell_parameters": {
    "R_coh": 20.009999999999998,
    "R_stop": 26.68,
    "r_factor": 4.0,
    "n_shell_min": 8,
    "n_shell_max": 40,
    "g_floor": 1e-05,
    "coh_radius_factor": 3.0,
    "spillover_mode": "hybrid",
    "spill_weights": [
      0.09810895329980923,
      0.13929474381896523,
      0.16968068683851287,
      0.1803507950512528,
      0.16901578244479365,
      0.14222389630312657,
      0.10132514224353954,
      0.0,
      0.0,
      0.0,
      0.0,
      0.0,
      0.0,
      0.0,
      0.0,
      0.0,
      0.0,
      0.0,
      0.0,
      0.0,
      0.0,
      0.0,
      0.0,
      0.0,
      0.0,
      0.0,
      0.0,
      0.0,
      0.0,
      0.0,
      0.0,
      0.0,
      0.0,
      0.0,
      0.0,
      0.0,
      0.0,
      0.0,
      0.0,
      0.0
    ]
  },
  "budget_factor": 1.0,
  "spillover_mode": "hybrid",
  "spillover_params": {
    "alpha": 0.4,
    "beta": 1.0,
    "gamma": 0.8,
    "delta": 1.8,
    "gcut": 1e-05
  },
  "shell_profile": {
    "centers": [
      1.2786206896551722,
      1.935862068965517,
      2.593103448275862,
      3.2503448275862064,
      3.9075862068965512,
      4.564827586206896,
      5.222068965517241,
      5.879310344827585,
      6.536551724137931,
      7.193793103448275,
      7.85103448275862,
      8.508275862068963,
      9.165517241379309,
      9.822758620689655,
      10.479999999999999,
      11.137241379310343,
      11.794482758620688,
      12.451724137931032,
      13.108965517241376,
      13.766206896551722,
      14.423448275862068,
      15.080689655172412,
      15.737931034482758,
      16.3951724137931,
      17.052413793103447,
      17.70965517241379,
      18.366896551724135,
      19.02413793103448,
      19.681379310344823,
      20.27511153047086,
      20.812359491321484,
      21.36384339711399,
      21.929940470552136,
      22.51103792995073,
      23.10753325409835,
      23.719834454138365,
      24.348360352654318,
      24.99354087015039,
      25.655817319123063,
      26.33564270592501
    ],
    "mass": [
      420.1747461225475,
      363.5181400857498,
      293.09723248172605,
      199.61383996245291,
      110.86820423062615,
      50.87505249825278,
      16.3304513396737,
      0.0,
      0.0,
      0.0,
      0.0,
      0.0,
      0.0,
      0.0,
      0.0,
      0.0,
      0.0,
      0.0,
      0.0,
      0.0,
      0.0,
      0.0,
      0.0,
      0.0,
      0.0,
      0.0,
      0.0,
      0.0,
      0.0,
      0.0,
      0.0,
      0.0,
      0.0,
      0.0,
      0.0,
      0.0,
      0.0,
      0.0,
      0.0,
      0.0
    ]
  },
  "scaling_params": {
    "mass_ref": 60000000000.0,
    "sigma_ref": 30.0,
    "alpha_beta": 0.0,
    "gamma_beta": 0.0,
    "alpha_min": 0.01,
    "alpha_max": 100.0,
    "gamma_min": -5.0,
    "gamma_max": 5.0
  },
  "force_match": false,
  "rms_velocity": 16.848073511004493,
  "n_points": 7,
  "data": [
    {
      "R": 0.95,
      "V_obs": 46.8,
      "V_GR": 28.0072704846438,
      "V_required": 37.494436920695314,
      "capacity": 106.39211319102449,
      "provided": 33.29897683160565,
      "V_model": 43.51125208531477
    },
    {
      "R": 1.9,
      "V_obs": 63.0,
      "V_GR": 51.25967225802366,
      "V_required": 36.625755964894424,
      "capacity": 91.64970668100483,
      "provided": 47.27776916565255,
      "V_model": 69.73335971599768
    },
    {
      "R": 2.86,
      "V_obs": 66.8,
      "V_GR": 51.47776704558969,
      "V_required": 42.570876194882345,
      "capacity": 55.454044949836444,
      "provided": 57.591005405391066,
      "V_model": 77.24431631909097
    },
    {
      "R": 3.81,
      "V_obs": 69.6,
      "V_GR": 51.01135559853316,
      "V_required": 47.34977930254796,
      "capacity": 26.117836488071962,
      "provided": 57.365331445400585,
      "V_model": 76.7654847691374
    },
    {
      "R": 4.76,
      "V_obs": 73.4,
      "V_GR": 47.750963341067795,
      "V_required": 55.74410731189441,
      "capacity": 6.038388013722681,
      "provided": 48.27194734639682,
      "V_model": 67.89945066503343
    },
    {
      "R": 5.72,
      "V_obs": 74.7,
      "V_GR": 45.78508163146594,
      "V_required": 59.023862123720775,
      "capacity": 0.0,
      "provided": 0.0,
      "V_model": 45.78508163146594
    },
    {
      "R": 6.67,
      "V_obs": 76.1,
      "V_GR": 46.03186722261003,
      "V_required": 60.599316827832304,
      "capacity": 0.0,
      "provided": 0.0,
      "V_model": 46.03186722261003
    }
  ]
}