{
  "galaxy": "UGC05721",
  "alpha": 2.8271,
  "gamma": 0.8579,
  "alpha_eff": 2.8271,
  "gamma_eff": 0.8579,
  "alpha_scaling": "constant",
  "gamma_scaling": "constant",
  "shell_mode": "gravity_adaptive",
  "shell_parameters": {
    "R_coh": 20.22,
    "R_stop": 26.96,
    "r_factor": 4.0,
    "n_shell_min": 8,
    "n_shell_max": 40,
    "g_floor": 1e-05,
    "coh_radius_factor": 3.0,
    "spillover_mode": "hybrid",
    "spill_weights": [
      0.14101900951588636,
      0.26331134524003136,
      0.2195649995341392,
      0.19185841672927248,
      0.11359631200150834,
      0.0706499169791623,
      0.0,
      0.0,
      0.0,
      0.0,
      0.0,
      0.0,
      0.0,
      0.0,
      0.0,
      0.0,
      0.0,
      0.0,
      0.0,
      0.0,
      0.0,
      0.0,
      0.0,
      0.0,
      0.0,
      0.0,
      0.0,
      0.0,
      0.0,
      0.0,
      0.0,
      0.0,
      0.0,
      0.0,
      0.0,
      0.0,
      0.0,
      0.0,
      0.0,
      0.0
    ]
  },
  "budget_factor": 1.0,
  "spillover_mode": "hybrid",
  "spillover_params": {
    "alpha": 0.4,
    "beta": 1.0,
    "gamma": 0.8,
    "delta": 1.8,
    "gcut": 1e-05
  },
  "shell_profile": {
    "centers": [
      0.43706896551724134,
      1.1312068965517241,
      1.8253448275862068,
      2.5194827586206894,
      3.2136206896551722,
      3.9077586206896546,
      4.6018965517241375,
      5.29603448275862,
      5.990172413793103,
      6.684310344827586,
      7.378448275862069,
      8.07258620689655,
      8.766724137931034,
      9.460862068965517,
      10.155,
      10.849137931034482,
      11.543275862068965,
      12.237413793103448,
      12.93155172413793,
      13.625689655172414,
      14.319827586206896,
      15.01396551724138,
      15.708103448275864,
      16.402241379310347,
      17.096379310344826,
      17.79051724137931,
      18.48465517241379,
      19.178793103448275,
      19.872931034482757,
      20.487893810400838,
      21.030780055698173,
      21.58805164865791,
      22.160089770842788,
      22.74728570432803,
      23.35004109934376,
      23.968768249009386,
      24.60389037134784,
      25.25584189877266,
      25.925068775245794,
      26.612028761309535
    ],
    "mass": [
      363.1239870090343,
      163.05859074469296,
      32.17844264587929,
      10.67017859600182,
      1.6476009470781234,
      0.3276766821177059,
      0.0,
      0.0,
      0.0,
      0.0,
      0.0,
      0.0,
      0.0,
      0.0,
      0.0,
      0.0,
      0.0,
      0.0,
      0.0,
      0.0,
      0.0,
      0.0,
      0.0,
      0.0,
      0.0,
      0.0,
      0.0,
      0.0,
      0.0,
      0.0,
      0.0,
      0.0,
      0.0,
      0.0,
      0.0,
      0.0,
      0.0,
      0.0,
      0.0,
      0.0
    ]
  },
  "scaling_params": {
    "mass_ref": 60000000000.0,
    "sigma_ref": 30.0,
    "alpha_beta": 0.0,
    "gamma_beta": 0.0,
    "alpha_min": 0.01,
    "alpha_max": 100.0,
    "gamma_min": -5.0,
    "gamma_max": 5.0
  },
  "force_match": false,
  "rms_velocity": 37.66206496264674,
  "n_points": 23,
  "data": [
    {
      "R": 0.09,
      "V_obs": 16.5,
      "V_GR": 16.6754250320644,
      "V_required": 0.0,
      "capacity": 163.6452958014439,
      "provided": 0.0,
      "V_model": 16.6754250320644
    },
    {
      "R": 0.27,
      "V_obs": 38.5,
      "V_GR": 32.42834099981064,
      "V_required": 20.75217338015467,
      "capacity": 197.22250117673119,
      "provided": 49.65865493858527,
      "V_model": 59.30918403004276
    },
    {
      "R": 0.45,
      "V_obs": 47.4,
      "V_GR": 40.713056873686114,
      "V_required": 24.273586467598882,
      "capacity": 179.3147498848761,
      "provided": 58.08517654681535,
      "V_model": 70.93264928419569
    },
    {
      "R": 0.63,
      "V_obs": 55.5,
      "V_GR": 44.23539306935115,
      "V_required": 33.51835318150342,
      "capacity": 139.76132704099595,
      "provided": 80.2073259633447,
      "V_model": 91.59686205427688
    },
    {
      "R": 0.81,
      "V_obs": 56.4,
      "V_GR": 45.20808887798731,
      "V_required": 33.72222857404297,
      "capacity": 102.66889404737317,
      "provided": 64.34908331719012,
      "V_model": 78.64207413187088
    },
    {
      "R": 0.99,
      "V_obs": 59.8,
      "V_GR": 45.253977725720425,
      "V_required": 39.0911434982401,
      "capacity": 87.55586995543993,
      "provided": 74.59409879775053,
      "V_model": 87.2479345053427
    },
    {
      "R": 1.17,
      "V_obs": 67.8,
      "V_GR": 46.08581235044035,
      "V_required": 49.728642651896294,
      "capacity": 66.56990066357658,
      "provided": 94.89267775501591,
      "V_model": 105.49181196432873
    },
    {
      "R": 1.35,
      "V_obs": 76.4,
      "V_GR": 45.50434924268228,
      "V_required": 61.37030389365855,
      "capacity": 38.526252756846525,
      "provided": 117.1074085386537,
      "V_model": 125.63753792015801
    },
    {
      "R": 1.53,
      "V_obs": 81.2,
      "V_GR": 44.93766794127172,
      "V_required": 67.63169375374241,
      "capacity": 25.804607513385374,
      "provided": 70.95250325728972,
      "V_model": 83.9860209706098
    },
    {
      "R": 1.71,
      "V_obs": 82.2,
      "V_GR": 44.28921764944601,
      "V_required": 69.2481422133475,
      "capacity": 16.458978307392886,
      "provided": 72.64832156716348,
      "V_model": 85.08415496745555
    },
    {
      "R": 1.89,
      "V_obs": 82.6,
      "V_GR": 43.049629498986405,
      "V_required": 70.49460546736891,
      "capacity": 11.153588964936326,
      "provided": 73.9559878872333,
      "V_model": 85.57311928623731
    },
    {
      "R": 2.07,
      "V_obs": 82.3,
      "V_GR": 40.63814095157405,
      "V_required": 71.56697213100468,
      "capacity": 8.484565826424895,
      "provided": 75.08100923405436,
      "V_model": 85.37339426076579
    },
    {
      "R": 2.25,
      "V_obs": 82.1,
      "V_GR": 38.23119276193198,
      "V_required": 72.65525376736358,
      "capacity": 5.869905906398063,
      "provided": 127.50655432837257,
      "V_model": 133.11478316360743
    },
    {
      "R": 2.67,
      "V_obs": 81.4,
      "V_GR": 35.906680436932625,
      "V_required": 73.05251741042194,
      "capacity": 3.0012392286013525,
      "provided": 128.2037333437883,
      "V_model": 133.13709829827738
    },
    {
      "R": 3.15,
      "V_obs": 79.3,
      "V_GR": 34.611698889248416,
      "V_required": 71.3478822390686,
      "capacity": 0.6664971669165843,
      "provided": 151.40198754684252,
      "V_model": 155.30786050015067
    },
    {
      "R": 3.61,
      "V_obs": 78.5,
      "V_GR": 33.04658681316423,
      "V_required": 71.20514798804929,
      "capacity": 0.2287687053994858,
      "provided": 47.0259076086328,
      "V_model": 57.476194084296054
    },
    {
      "R": 4.04,
      "V_obs": 78.2,
      "V_GR": 31.955026208720277,
      "V_required": 71.37307825784174,
      "capacity": 0.062484390012530804,
      "provided": 47.136813541351,
      "V_model": 56.9473694812332
    },
    {
      "R": 4.49,
      "V_obs": 78.1,
      "V_GR": 31.598824345218922,
      "V_required": 71.42215552613908,
      "capacity": 0.0,
      "provided": 0.0,
      "V_model": 31.598824345218922
    },
    {
      "R": 4.93,
      "V_obs": 78.2,
      "V_GR": 31.957855059437264,
      "V_required": 71.37181166258847,
      "capacity": 0.0,
      "provided": 0.0,
      "V_model": 31.957855059437264
    },
    {
      "R": 5.38,
      "V_obs": 78.3,
      "V_GR": 32.23958126278938,
      "V_required": 71.35474336019996,
      "capacity": 0.0,
      "provided": 0.0,
      "V_model": 32.23958126278938
    },
    {
      "R": 5.86,
      "V_obs": 78.6,
      "V_GR": 31.806477327739394,
      "V_required": 71.87703388426654,
      "capacity": 0.0,
      "provided": 0.0,
      "V_model": 31.806477327739394
    },
    {
      "R": 6.28,
      "V_obs": 78.9,
      "V_GR": 31.22251911681695,
      "V_required": 72.45939759617106,
      "capacity": 0.0,
      "provided": 0.0,