{
  "galaxy": "UGC01281",
  "alpha": 2.8271,
  "gamma": 0.8579,
  "alpha_eff": 2.8271,
  "gamma_eff": 0.8579,
  "alpha_scaling": "constant",
  "gamma_scaling": "constant",
  "shell_mode": "gravity_adaptive",
  "shell_parameters": {
    "R_coh": 14.97,
    "R_stop": 19.96,
    "r_factor": 4.0,
    "n_shell_min": 8,
    "n_shell_max": 40,
    "g_floor": 1e-05,
    "coh_radius_factor": 3.0,
    "spillover_mode": "hybrid",
    "spill_weights": [
      0.001545921980448084,
      0.005183245510773777,
      0.008596214384209008,
      0.010526344778891899,
      0.01221052284323074,
      0.012970567991883022,
      0.013897376381587362,
      0.014411239718220347,
      0.01529737050471125,
      0.015536300876622354,
      0.017086979762948346,
      0.018703252569663424,
      0.020252691792180356,
      0.021732085336864607,
      0.02313904682306186,
      0.024471683406597892,
      0.02572839711614658,
      0.02690777917337927,
      0.028008565665755412,
      0.02902963121380903,
      0.029970004149678615,
      0.03082889204451114,
      0.031605710338713656,
      0.032300109602331144,
      0.03291199885428355,
      0.03344156363472418,
      0.033889278341694945,
      0.03425591285206208,
      0.03454253374879441,
      0.031273690503844334,
      0.03171279995417532,
      0.0321162490174378,
      0.03248028716144181,
      0.03280108552184205,
      0.03307476599104129,
      0.03329743495813994,
      0.03346522183890538,
      0.033574322454522416,
      0.03362104721948604,
      0.0336018739813853
    ]
  },
  "budget_factor": 1.0,
  "spillover_mode": "hybrid",
  "spillover_params": {
    "alpha": 0.4,
    "beta": 1.0,
    "gamma": 0.8,
    "delta": 1.8,
    "gcut": 1e-05
  },
  "shell_profile": {
    "centers": [
      0.33672413793103445,
      0.8501724137931035,
      1.3636206896551726,
      1.8770689655172415,
      2.3905172413793103,
      2.9039655172413794,
      3.4174137931034485,
      3.930862068965517,
      4.444310344827587,
      4.957758620689655,
      5.471206896551724,
      5.9846551724137935,
      6.498103448275862,
      7.011551724137931,
      7.525,
      8.03844827586207,
      8.551896551724138,
      9.065344827586207,
      9.578793103448277,
      10.092241379310344,
      10.605689655172414,
      11.119137931034484,
      11.632586206896551,
      12.14603448275862,
      12.65948275862069,
      13.172931034482758,
      13.68637931034483,
      14.199827586206897,
      14.713275862068965,
      15.168336812151363,
      15.570265946280994,
      15.982845360059793,
      16.40635726357649,
      16.84109134489568,
      17.287344968208508,
      17.745423377233948,
      18.21563990400975,
      18.698316183215955,
      19.193782372177516,
      19.70237737669652
    ],
    "mass": [
      24.48709602107337,
      51.24569568937369,
      57.49038907376995,
      44.734792015307214,
      37.206090124435086,
      28.19493639710228,
      23.802350279777933,
      19.74431927187308,
      18.224532871644396,
      15.674965990894574,
      16.944585104373715,
      18.53475856546548,
      20.12493202655728,
      21.715105487649005,
      23.305278948740813,
      24.895452409832536,
      26.48562587092434,
      28.075799332016015,
      29.66597279310788,
      31.25614625419964,
      32.846319715291294,
      34.43649317638318,
      36.02666663747493,
      37.61684009856657,
      39.20701355965848,
      40.797187020750236,
      42.387360481842,
      43.97753394293362,
      45.56770740402553,
      36.29295993067945,
      38.24181737355729,
      40.2953244603303,
      42.45910066204211,
      44.73906720379501,
      47.1414632683222,
      49.6728630696636,
      52.340193843655655,
      55.15075480447821,
      58.11223711912863,
      61.23274495448369
    ]
  },
  "scaling_params": {
    "mass_ref": 60000000000.0,
    "sigma_ref": 30.0,
    "alpha_beta": 0.0,
    "gamma_beta": 0.0,
    "alpha_min": 0.01,
    "alpha_max": 100.0,
    "gamma_min": -5.0,
    "gamma_max": 5.0
  },
  "force_match": false,
  "rms_velocity": 17.96460880484568,
  "n_points": 25,
  "data": [
    {
      "R": 0.08,
      "V_obs": 1.41,
      "V_GR": 6.0392466417592185,
      "V_required": 0.0,
      "capacity": 4.6997987360283,
      "provided": 0.0,
      "V_model": 6.0392466417592185
    },
    {
      "R": 0.23,
      "V_obs": 4.46,
      "V_GR": 6.842879510849215,
      "V_required": 0.0,
      "capacity": 10.01539673713576,
      "provided": 0.0,
      "V_model": 6.842879510849215
    },
    {
      "R": 0.38,
      "V_obs": 7.71,
      "V_GR": 5.399675916200897,
      "V_required": 5.503417120298988,
      "capacity": 16.05605475476299,
      "provided": 0.4832509451096354,
      "V_model": 5.4212573703846
    },
    {
      "R": 0.54,
      "V_obs": 11.0,
      "V_GR": 8.514505270419416,
      "V_required": 6.964423881413306,
      "capacity": 19.87462007302427,
      "provided": 0.6115408571201035,
      "V_model": 8.536438497402017
    },
    {
      "R": 0.69,
      "V_obs": 14.2,
      "V_GR": 10.793020893151278,
      "V_required": 9.2277136930011,
      "capacity": 24.15406594985247,
      "provided": 0.985649583694077,
      "V_model": 10.83793361770759
    },
    {
      "R": 0.84,
      "V_obs": 17.2,
      "V_GR": 12.857285872220466,
      "V_required": 11.424981400422496,
      "capacity": 26.027539063065603,
      "provided": 1.2203486731041626,
      "V_model": 12.915070688306242
    },
    {
      "R": 1.0,
      "V_obs": 20.2,
      "V_GR": 14.832754295814382,
      "V_required": 13.712381266578024,
      "capacity": 28.016072683466575,
      "provided": 1.4646751445169137,
      "V_model": 14.90489427265305
    },
    {
      "R": 1.15,
      "V_obs": 23.2,
      "V_GR": 16.483039768198097,
      "V_required": 16.326340680017676,
      "capacity": 28.063284171078134,
      "provided": 1.1747783997696135,
      "V_model": 16.524851112447738
    },
    {
      "R": 1.3,
      "V_obs": 26.4,
      "V_GR": 16.832266632869143,
      "V_required": 20.338013668989408,
      "capacity": 27.75121294774509,
      "provided": 1.4634423978295936,
      "V_model": 16.895764666086144
    },
    {
      "R": 1.46,
      "V_obs": 29.3,
      "V_GR": 18.011343647823725,
      "V_required": 23.110203374267392,
      "capacity": 26.412218937192915,
      "provided": 1.6629181192819982,
      "V_model": 18.087946170625244
    },
    {
      "R": 1.61,
      "V_obs": 31.6,
      "V_GR": 19.54800501329995,
      "V_required": 24.828119139395156,
      "capacity": 23.835337127802745,
      "provided": 1.7865324902577235,
      "V_model": 19.62947269640085
    },
    {
      "R": 1.76,
      "V_obs": 34.6,
      "V_GR": 20.62334841872192,
      "V_required": 27.781963573512943,
      "capacity": 21.42642587400372,
      "provided": 2.2761422714883985,
      "V_model": 20.7485740146174
    },
    {
      "R": 1.92,
      "V_obs": 37.4,
      "V_GR": 21.837456353705665,
      "V_required": 30.362567414499058,
      "capacity": 19.63368610146391,
      "provided": 2.487567985617326,
      "V_model": 21.978682728568337
    },
    {
      "R": 2.07,
      "V_obs": 39.9,
      "V_GR": 22.656195620624395,
      "V_required": 32.84367214548337,
      "capacity": 18.164878216792165,
      "provided": 2.690841859447013,
      "V_model": 22.8154296455831
    },
    {
      "R": 2.22,
      "V_obs": 42.2,
      "V_GR": 23.547590110242705,
      "V_required": 35.01929468164658,
      "capacity": 16.821185379862957,
      "provided": 2.7095143475938763,
      "V_model": 23.702963274658657
    },
    {
      "R": 2.38,
      "V_obs": 44.4,
      "V_GR": 24.25746070799662,
      "V_required": 37.187842099266796,
      "capacity": 16.14039289017001,
      "provided": 2.8772992900061825,
      "V_model": 24.4275101310852
    },
    {
      "R": 2.53,
      "V_obs": 46.7,
      "V_GR": 24.82544662236714,
      "V_required": 39.55486316497632,
      "capacity": 14.690684148850911,