{
  "galaxy": "UGC08699",
  "alpha": 2.8271,
  "gamma": 0.8579,
  "alpha_eff": 2.8271,
  "gamma_eff": 0.8579,
  "alpha_scaling": "constant",
  "gamma_scaling": "constant",
  "shell_mode": "gravity_adaptive",
  "shell_parameters": {
    "R_coh": 77.1,
    "R_stop": 102.8,
    "r_factor": 4.0,
    "n_shell_min": 8,
    "n_shell_max": 40,
    "g_floor": 1e-05,
    "coh_radius_factor": 3.0,
    "spillover_mode": "hybrid",
    "spill_weights": [
      0.00755137133806599,
      0.01669306726536906,
      0.026400080805232855,
      0.02801773293846793,
      0.021967243889826134,
      0.020895331655723944,
      0.01961362548812959,
      0.019321376185626137,
      0.018182938980492478,
      0.014519066164589443,
      0.015227494773006424,
      0.016870497637043697,
      0.018463888590322504,
      0.019995383362103655,
      0.02145428095225259,
      0.02283140915516492,
      0.024119069646543263,
      0.0253109788338951,
      0.026402202698365088,
      0.02738908514987391,
      0.028269170242589094,
      0.029041119109072033,
      0.02970462276621203,
      0.030260312088415037,
      0.030709666277959298,
      0.031054921121209826,
      0.03129897822661657,
      0.03144531631448223,
      0.03149790548351101,
      0.028351587981647997,
      0.02857667563258942,
      0.028753984637436208,
      0.02888060635439629,
      0.028953783107861192,
      0.02897094665715755,
      0.028929758072802222,
      0.028828148556364834,
      0.02866436066316368,
      0.028436989311052825,
      0.02814502188536602
    ]
  },
  "budget_factor": 1.0,
  "spillover_mode": "hybrid",
  "spillover_params": {
    "alpha": 0.4,
    "beta": 1.0,
    "gamma": 0.8,
    "delta": 1.8,
    "gcut": 1e-05
  },
  "shell_profile": {
    "centers": [
      1.5455172413793106,
      4.196551724137931,
      6.847586206896551,
      9.498620689655173,
      12.149655172413794,
      14.800689655172416,
      17.451724137931034,
      20.102758620689656,
      22.753793103448274,
      25.4048275862069,
      28.055862068965517,
      30.70689655172414,
      33.35793103448276,
      36.00896551724138,
      38.66,
      41.31103448275862,
      43.96206896551724,
      46.613103448275865,
      49.26413793103448,
      51.9151724137931,
      54.566206896551726,
      57.217241379310344,
      59.86827586206897,
      62.51931034482759,
      65.1703448275862,
      67.82137931034484,
      70.47241379310344,
      73.12344827586207,
      75.77448275862068,
      78.12149420286374,
      80.19155006401235,
      82.31645806684102,
      84.49767167813944,
      86.73668287852084,
      89.03502318295767,
      91.39426468835924,
      93.81602114890796,
      96.30194907988984,
      98.85374889077406,
      101.47316604831678
    ],
    "mass": [
      14701.57419410854,
      8874.303250772711,
      8327.250372299064,
      4349.665248666684,
      1312.993787553859,
      729.7001659536237,
      427.797635951674,
      301.47609577641936,
      198.96968941669414,
      90.54780841716895,
      84.11847060365815,
      92.06693305542855,
      100.01539550719846,
      107.96385795896863,
      115.91232041073908,
      123.86078286250896,
      131.80924531427908,
      139.75770776604966,
      147.70617021781945,
      155.65463266959,
      163.6030951213598,
      171.5515575731299,
      179.50002002490058,
      187.44848247667025,
      195.39694492844092,
      203.34540738021062,
      211.2938698319807,
      219.2423322837509,
      227.190794735521,
      180.5048255675779,
      190.19756414427695,
      200.41078288443273,
      211.17243050433794,
      222.51195650896747,
      234.4603917812688,
      247.05043349887768,
      260.3165346107759,
      274.2949981185553,
      289.0240764204781,
      304.5440759900496
    ]
  },
  "scaling_params": {
    "mass_ref": 60000000000.0,
    "sigma_ref": 30.0,
    "alpha_beta": 0.0,
    "gamma_beta": 0.0,
    "alpha_min": 0.01,
    "alpha_max": 100.0,
    "gamma_min": -5.0,
    "gamma_max": 5.0
  },
  "force_match": false,
  "rms_velocity": 36.584937078892445,
  "n_points": 41,
  "data": [
    {
      "R": 0.22,
      "V_obs": 152.0,
      "V_GR": 160.21952877224425,
      "V_required": 0.0,
      "capacity": 2627.5713561253874,
      "provided": 1.4907117946123134,
      "V_model": 160.22646354973512
    },
    {
      "R": 0.43,
      "V_obs": 167.0,
      "V_GR": 236.56579000354216,
      "V_required": 0.0,
      "capacity": 2239.6953943919466,
      "provided": 1.4907117946123134,
      "V_model": 236.5704867933754
    },
    {
      "R": 0.65,
      "V_obs": 179.0,
      "V_GR": 259.01599680328627,
      "V_required": 0.0,
      "capacity": 1342.042996528311,
      "provided": 1.4907117946123134,
      "V_model": 259.02028650600823
    },
    {
      "R": 0.87,
      "V_obs": 188.0,
      "V_GR": 257.077623685921,
      "V_required": 0.0,
      "capacity": 886.3866910132683,
      "provided": 1.4907117946123134,
      "V_model": 257.0819457325905
    },
    {
      "R": 1.08,
      "V_obs": 195.0,
      "V_GR": 249.4929988997687,
      "V_required": 0.0,
      "capacity": 665.0983281732257,
      "provided": 1.4907117946123134,
      "V_model": 249.49745233499797
    },
    {
      "R": 1.31,
      "V_obs": 199.0,
      "V_GR": 241.26316005557084,
      "V_required": 0.0,
      "capacity": 510.85711661656296,
      "provided": 1.4907117946123134,
      "V_model": 241.26776540112976
    },
    {
      "R": 1.52,
      "V_obs": 202.0,
      "V_GR": 233.36927411293885,
      "V_required": 0.0,
      "capacity": 434.8137749722745,
      "provided": 1.4907117946123134,
      "V_model": 233.37403523454486
    },
    {
      "R": 1.73,
      "V_obs": 202.0,
      "V_GR": 226.42712050458974,
      "V_required": 0.0,
      "capacity": 414.08308662239625,
      "provided": 1.4907117946123134,
      "V_model": 226.432027596925
    },
    {
      "R": 1.96,
      "V_obs": 202.0,
      "V_GR": 220.82090344892623,
      "V_required": 0.0,
      "capacity": 402.8801448626213,
      "provided": 1.4907117946123134,
      "V_model": 220.8259351200728
    },
    {
      "R": 2.17,
      "V_obs": 200.0,
      "V_GR": 217.12354846952923,
      "V_required": 0.0,
      "capacity": 379.97992331744666,
      "provided": 1.4907117946123134,
      "V_model": 217.1286658220296
    },
    {
      "R": 2.39,
      "V_obs": 196.0,
      "V_GR": 213.47418719835895,
      "V_required": 0.0,
      "capacity": 336.09657023390434,
      "provided": 1.4907117946123134,
      "V_model": 213.47939203036577
    },
    {
      "R": 2.6,
      "V_obs": 193.0,
      "V_GR": 209.89792400116778,
      "V_required": 0.0,
      "capacity": 288.3158371683434,
      "provided": 1.4907117946123134,
      "V_model": 209.90321751143932
    },
    {
      "R": 2.83,
      "V_obs": 189.0,
      "V_GR": 205.00949270704518,
      "V_required": 0.0,
      "capacity": 242.6942172895858,
      "provided": 1.4907117946123134,
      "V_model": 205.01491243725323
    },
    {
      "R": 3.04,
      "V_obs": 184.0,
      "V_GR": 200.10953900301706,
      "V_required": 0.0,
      "capacity": 210.48625666791594,
      "provided": 42.83979225851492,
      "V_model": 204.64377684345234
    },
    {
      "R": 5.87,
      "V_obs": 170.0,
      "V_GR": 162.91190901834034,
      "V_required": 48.5768453072037,
      "capacity": 203.0186267659959,
      "provided": 4.030562482073574,
      "V_model": 162.96176095612708
    },
    {
      "R": 6.08,
      "V_obs": 172.0,
      "V_GR": 162.5382693398696,
      "V_required": 56.26109668323223,
      "capacity": 203.48050726676735,
      "provided": 4.668147222358261,
      "V_model": 162.60529080718624
    },
    {
      "R": 6.3,
      "V_obs": 174.0,
      "V_GR": 162.264591947843,
      "V_required": 62.81880450947792,
      "capacity": 202.79020673840594,
      "provided": 5.212259359853252,
      "V_model": 162.34828440003415
    },
    {
      "R": 6.52,
      "V_obs": 176.0,