{
  "galaxy": "UGC07151",
  "alpha": 2.8271,
  "gamma": 0.8579,
  "alpha_eff": 2.8271,
  "gamma_eff": 0.8579,
  "alpha_scaling": "constant",
  "gamma_scaling": "constant",
  "shell_mode": "gravity_adaptive",
  "shell_parameters": {
    "R_coh": 16.5,
    "R_stop": 22.0,
    "r_factor": 4.0,
    "n_shell_min": 8,
    "n_shell_max": 40,
    "g_floor": 1e-05,
    "coh_radius_factor": 3.0,
    "spillover_mode": "hybrid",
    "spill_weights": [
      0.003537231833568855,
      0.006092978205075053,
      0.007714982626416314,
      0.008984754677488495,
      0.01029429041260604,
      0.01119367748852466,
      0.013075101183614383,
      0.014366705820568364,
      0.014062519832724933,
      0.014116526040627657,
      0.01573406109602032,
      0.01732956718440442,
      0.018893876798197273,
      0.020418842712994035,
      0.021897206159053408,
      0.023322496663912888,
      0.02468895686558136,
      0.025991486537993717,
      0.027225600938123453,
      0.02838739942156726,
      0.029473541061196592,
      0.030481224713591965,
      0.031408171592239076,
      0.03225260891934028,
      0.03301325364383221,
      0.03368929554194318,
      0.03428037927108456,
      0.034786585141069214,
      0.03520840851062899,
      0.03234730392913995,
      0.03289022194094934,
      0.033395821261527375,
      0.03385980552866764,
      0.03427778341072052,
      0.03464530098487289,
      0.03495787930976443,
      0.035211057355444095,
      0.03540044036517437,
      0.03552175361478685,
      0.035570901404963544
    ]
  },
  "budget_factor": 1.0,
  "spillover_mode": "hybrid",
  "spillover_params": {
    "alpha": 0.4,
    "beta": 1.0,
    "gamma": 0.8,
    "delta": 1.8,
    "gcut": 1e-05
  },
  "shell_profile": {
    "centers": [
      0.7758620689655172,
      1.3275862068965516,
      1.879310344827586,
      2.4310344827586206,
      2.9827586206896552,
      3.5344827586206895,
      4.086206896551724,
      4.637931034482758,
      5.189655172413794,
      5.741379310344827,
      6.293103448275862,
      6.844827586206897,
      7.396551724137931,
      7.948275862068965,
      8.5,
      9.051724137931036,
      9.603448275862068,
      10.155172413793103,
      10.706896551724139,
      11.258620689655173,
      11.810344827586206,
      12.362068965517242,
      12.913793103448276,
      13.46551724137931,
      14.017241379310345,
      14.568965517241379,
      15.120689655172413,
      15.672413793103448,
      16.224137931034484,
      16.71860770878407,
      17.161615772454,
      17.61636262130839,
      18.08315930855124,
      18.562325129644535,
      19.05418784071078,
      19.559083882722785,
      20.07735861163399,
      20.609366534606764,
      21.15547155250027,
      21.716047208783742
    ],
    "mass": [
      352.1751513483403,
      362.9049326508183,
      279.84613319831993,
      220.3585142483904,
      190.929419760709,
      159.02488283399842,
      169.0325069607879,
      162.01414742164013,
      121.05842423161737,
      99.51489689849241,
      109.07788999384286,
      118.64088308919365,
      128.2038761845443,
      137.76686927989468,
      147.3298623752458,
      156.89285547059592,
      166.4558485659465,
      176.01884166129767,
      185.58183475664774,
      195.14482785199897,
      204.70782094734892,
      214.27081404269956,
      223.83380713805087,
      233.3968002334007,
      242.95979332875137,
      252.52278642410275,
      262.08577951945256,
      271.6487726148032,
      281.21176571015474,
      229.63889492057265,
      241.97003215476167,
      254.9633261439795,
      268.6543333466321,
      283.08051952995584,
      298.2813622959742,
      314.29845911288953,
      331.17564114756567,
      348.9590932105245,
      367.6974801418215,
      387.44207998351646
    ]
  },
  "scaling_params": {
    "mass_ref": 60000000000.0,
    "sigma_ref": 30.0,
    "alpha_beta": 0.0,
    "gamma_beta": 0.0,
    "alpha_min": 0.01,
    "alpha_max": 100.0,
    "gamma_min": -5.0,
    "gamma_max": 5.0
  },
  "force_match": false,
  "rms_velocity": 15.357026728949076,
  "n_points": 11,
  "data": [
    {
      "R": 0.5,
      "V_obs": 24.2,
      "V_GR": 24.795245511992817,
      "V_required": 0.0,
      "capacity": 101.7626944949557,
      "provided": 0.0,
      "V_model": 24.795245511992817
    },
    {
      "R": 1.0,
      "V_obs": 42.0,
      "V_GR": 39.49948100924872,
      "V_required": 14.275538518738967,
      "capacity": 111.03896152565382,
      "provided": 1.4896535628251868,
      "V_model": 39.52756086248224
    },
    {
      "R": 1.5,
      "V_obs": 59.4,
      "V_GR": 46.233981009642676,
      "V_required": 37.293149504969406,
      "capacity": 103.82108555088963,
      "provided": 2.565968847523543,
      "V_model": 46.30513142327167
    },
    {
      "R": 2.0,
      "V_obs": 63.9,
      "V_GR": 50.15153038542294,
      "V_required": 39.59840905895084,
      "capacity": 69.39003719545974,
      "provided": 3.249052337341452,
      "V_model": 50.25666464351553
    },
    {
      "R": 2.49,
      "V_obs": 66.0,
      "V_GR": 51.37007007976532,
      "V_required": 41.43809720534957,
      "capacity": 58.64448603281958,
      "provided": 3.7837983050512047,
      "V_model": 51.509234411057875
    },
    {
      "R": 3.0,
      "V_obs": 67.2,
      "V_GR": 51.875895172999186,
      "V_required": 42.71687605619119,
      "capacity": 49.88950124251092,
      "provided": 4.33529016796836,
      "V_model": 52.05673098495989
    },
    {
      "R": 3.49,
      "V_obs": 68.7,
      "V_GR": 50.924910407383145,
      "V_required": 46.11229228741508,
      "capacity": 40.199643718051995,
      "provided": 4.7140539089497775,
      "V_model": 51.14263196450184
    },
    {
      "R": 4.0,
      "V_obs": 71.3,
      "V_GR": 52.252387505261424,
      "V_required": 48.51162747218443,
      "capacity": 41.386970574360824,
      "provided": 5.506388039830423,
      "V_model": 52.54171970201573
    },
    {
      "R": 4.49,
      "V_obs": 72.5,
      "V_GR": 53.29975609700293,
      "V_required": 49.14657668647939,
      "capacity": 40.851575900917865,
      "provided": 6.0503284824501495,
      "V_model": 53.64205882277029
    },
    {
      "R": 5.01,
      "V_obs": 74.0,
      "V_GR": 54.62676724830053,
      "V_required": 49.919097547932495,
      "capacity": 30.9420673721399,
      "provided": 5.922224993090991,
      "V_model": 54.94685112787439
    },
    {
      "R": 5.5,
      "V_obs": 76.2,
      "V_GR": 55.583771012769546,
      "V_required": 52.123741231803386,
      "capacity": 21.276052798562706,
      "provided": 5.944968919359403,
      "V_model": 55.90078939918603
    }
  ]
}