{
  "galaxy": "UGC00128",
  "alpha": 2.8271,
  "gamma": 0.8579,
  "alpha_eff": 2.8271,
  "gamma_eff": 0.8579,
  "alpha_scaling": "constant",
  "gamma_scaling": "constant",
  "shell_mode": "gravity_adaptive",
  "shell_parameters": {
    "R_coh": 161.25,
    "R_stop": 215.0,
    "r_factor": 4.0,
    "n_shell_min": 8,
    "n_shell_max": 40,
    "g_floor": 1e-05,
    "coh_radius_factor": 3.0,
    "spillover_mode": "hybrid",
    "spill_weights": [
      0.05295365917355218,
      0.11783453657717974,
      0.16096014064851255,
      0.155501670504217,
      0.14198973863074113,
      0.12153567088759507,
      0.09987514122398808,
      0.0794912364824157,
      0.05555079778701323,
      0.0143074080847853,
      0.0,
      0.0,
      0.0,
      0.0,
      0.0,
      0.0,
      0.0,
      0.0,
      0.0,
      0.0,
      0.0,
      0.0,
      0.0,
      0.0,
      0.0,
      0.0,
      0.0,
      0.0,
      0.0,
      0.0,
      0.0,
      0.0,
      0.0,
      0.0,
      0.0,
      0.0,
      0.0,
      0.0,
      0.0,
      0.0
    ]
  },
  "budget_factor": 1.0,
  "spillover_mode": "hybrid",
  "spillover_params": {
    "alpha": 0.4,
    "beta": 1.0,
    "gamma": 0.8,
    "delta": 1.8,
    "gcut": 1e-05
  },
  "shell_profile": {
    "centers": [
      4.008620689655173,
      9.525862068965518,
      15.043103448275863,
      20.560344827586206,
      26.077586206896555,
      31.594827586206897,
      37.11206896551724,
      42.62931034482759,
      48.146551724137936,
      53.663793103448285,
      59.18103448275862,
      64.69827586206897,
      70.21551724137932,
      75.73275862068965,
      81.25,
      86.76724137931035,
      92.2844827586207,
      97.80172413793105,
      103.3189655172414,
      108.83620689655173,
      114.35344827586208,
      119.87068965517241,
      125.38793103448276,
      130.9051724137931,
      136.42241379310346,
      141.9396551724138,
      147.45689655172416,
      152.97413793103448,
      158.49137931034483,
      163.3863935176625,
      167.71579050352778,
      172.15990743551384,
      176.7217841517508,
      181.40454103970802,
      186.21138117058268,
      191.14559249024546,
      196.2105500682413,
      201.40971840638431,
      206.74665380852542,
      212.22500681311385
    ],
    "mass": [
      3730.8487276516194,
      3315.7656015217135,
      2451.290809671379,
      1120.9670603799732,
      548.7932492682072,
      261.6812067899493,
      123.99147743339103,
      58.229207405927404,
      20.86937050419295,
      0.6440593410122313,
      0.0,
      0.0,
      0.0,
      0.0,
      0.0,
      0.0,
      0.0,
      0.0,
      0.0,
      0.0,
      0.0,
      0.0,
      0.0,
      0.0,
      0.0,
      0.0,
      0.0,
      0.0,
      0.0,
      0.0,
      0.0,
      0.0,
      0.0,
      0.0,
      0.0,
      0.0,
      0.0,
      0.0,
      0.0,
      0.0
    ]
  },
  "scaling_params": {
    "mass_ref": 60000000000.0,
    "sigma_ref": 30.0,
    "alpha_beta": 0.0,
    "gamma_beta": 0.0,
    "alpha_min": 0.01,
    "alpha_max": 100.0,
    "gamma_min": -5.0,
    "gamma_max": 5.0
  },
  "force_match": false,
  "rms_velocity": 43.36288046079722,
  "n_points": 22,
  "data": [
    {
      "R": 1.25,
      "V_obs": 34.1,
      "V_GR": 29.44968760445516,
      "V_required": 17.190866761161296,
      "capacity": 16.829070012871835,
      "provided": 12.973190714837534,
      "V_model": 32.180549674042965
    },
    {
      "R": 3.75,
      "V_obs": 78.4,
      "V_GR": 49.3351335257137,
      "V_required": 60.93114638672082,
      "capacity": 14.946240387687443,
      "provided": 45.98205509535427,
      "V_model": 67.44112091885926
    },
    {
      "R": 6.25,
      "V_obs": 96.9,
      "V_GR": 51.03472641251249,
      "V_required": 82.37151631480387,
      "capacity": 13.09929050092857,
      "provided": 62.16215886429878,
      "V_model": 80.42808772232696
    },
    {
      "R": 8.76,
      "V_obs": 108.0,
      "V_GR": 52.7543912864133,
      "V_required": 94.23892083422858,
      "capacity": 11.741263417215581,
      "provided": 131.73736379787533,
      "V_model": 141.90757139918136
    },
    {
      "R": 11.25,
      "V_obs": 113.0,
      "V_GR": 55.271455562523414,
      "V_required": 98.55996245940842,
      "capacity": 11.657399598982867,
      "provided": 137.77778348353164,
      "V_model": 148.4508383999057
    },
    {
      "R": 13.74,
      "V_obs": 114.0,
      "V_GR": 59.62481111081192,
      "V_required": 97.16420071199063,
      "capacity": 9.702584957262225,
      "provided": 178.01744993538517,
      "V_model": 187.73739792992063
    },
    {
      "R": 16.22,
      "V_obs": 121.0,
      "V_GR": 62.2172403759601,
      "V_required": 103.77868278215907,
      "capacity": 6.4747197266009735,
      "provided": 190.13604116699506,
      "V_model": 200.05673982812286
    },
    {
      "R": 18.71,
      "V_obs": 126.0,
      "V_GR": 63.01001348992079,
      "V_required": 109.11341897310339,
      "capacity": 4.439042346620914,
      "provided": 176.1855824031721,
      "V_model": 187.1139258493203
    },
    {
      "R": 21.3,
      "V_obs": 128.0,
      "V_GR": 63.46991728370221,
      "V_required": 111.15560984493764,
      "capacity": 3.131968514728798,
      "provided": 179.48311071379402,
      "V_model": 190.3749390846916
    },
    {
      "R": 23.79,
      "V_obs": 129.0,
      "V_GR": 64.13509569650614,
      "V_required": 111.92716158287942,
      "capacity": 2.0318435435560716,
      "provided": 107.43084290496687,
      "V_model": 125.11872964217496
    },
    {
      "R": 26.28,
      "V_obs": 129.0,
      "V_GR": 63.592943790958444,
      "V_required": 112.23607931498677,
      "capacity": 1.624268060569188,
      "provided": 107.72735084708965,
      "V_model": 125.09694089198165
    },
    {
      "R": 28.77,
      "V_obs": 131.0,
      "V_GR": 64.19489387794016,
      "V_required": 114.19288769446196,
      "capacity": 1.1246766928876115,
      "provided": 109.60555065701567,
      "V_model": 127.02110507639125
    },
    {
      "R": 31.25,
      "V_obs": 131.0,
      "V_GR": 62.95217549854811,
      "V_required": 114.882651431798,
      "capacity": 0.7897784030040913,
      "provided": 138.1024343043551,
      "V_model": 151.7737090565712
    },
    {
      "R": 33.74,
      "V_obs": 131.0,
      "V_GR": 60.178152181668054,
      "V_required": 116.35974389796499,
      "capacity": 0.5700003081359002,
      "provided": 139.8780728601155,
      "V_model": 152.2737182413951
    },
    {
      "R": 36.23,
      "V_obs": 127.0,
      "V_GR": 58.51388638605369,
      "V_required": 112.71701335645831,
      "capacity": 0.3894376129981778,
      "provided": 114.52315349231934,
      "V_model": 128.60570588362452
    },
    {
      "R": 38.82,
      "V_obs": 126.0,
      "V_GR": 57.493729223281385,
      "V_required": 112.11811227451166,
      "capacity": 0.26098924851562383,
      "provided": 113.91465581754875,
      "V_model": 127.60124493918778
    },
    {
      "R": 41.31,
      "V_obs": 130.0,
      "V_GR": 56.034765101675944,
      "V_required": 117.30347437309776,
      "capacity": 0.1951304393185034,
      "provided": 89.7201473402868,
      "V_model": 105.78090441456233
    },
    {
      "R": 43.8,
      "V_obs": 132.0,
      "V_GR": 54.09100202436631,
      "V_required": 120.40831989526305,
      "capacity": 0.12210781887484198,
      "provided": 92.09490392108069,
      "V_model": 106.80499907884969
    },
    {
      "R": 46.28,
      "V_obs": 134.0,
      "V_GR": 52.27443447805055,
      "V_required": 123.38307623008919,
      "capacity": 0.08461379806903897,
      "provided": 64.73505205635567,
      "V_model": 83.20603021860302
    },
    {
      "R": 48.77,
      "V_obs": 129.0,
      "V_GR": 50.31016795837597,
      "V_required": 118.78504535504459,
      "capacity": 0.0438513937412082,
      "provided": 62.32261611175605,
      "V_model": 80.095077745223
    },
    {
      "R": 51.26,
      "V_obs": 132.0,
      "V_GR": 48.65757906020397,