{
  "galaxy": "UGC06917",
  "alpha": 2.8271,
  "gamma": 0.8579,
  "alpha_eff": 2.8271,
  "gamma_eff": 0.8579,
  "alpha_scaling": "constant",
  "gamma_scaling": "constant",
  "shell_mode": "gravity_adaptive",
  "shell_parameters": {
    "R_coh": 31.410000000000004,
    "R_stop": 41.88,
    "r_factor": 4.0,
    "n_shell_min": 8,
    "n_shell_max": 40,
    "g_floor": 1e-05,
    "coh_radius_factor": 3.0,
    "spillover_mode": "hybrid",
    "spill_weights": [
      0.0057899964041694466,
      0.008100531098396977,
      0.010159624480777476,
      0.011264139595992494,
      0.012839292828374592,
      0.013183952805325286,
      0.01362525890180843,
      0.013840810760744043,
      0.013363265927242091,
      0.014826422943209289,
      0.016355706392683914,
      0.01785538667068655,
      0.01931798811300074,
      0.020736953293085083,
      0.022106513291401217,
      0.023421587139839373,
      0.024677705183318174,
      0.025870951481932664,
      0.026997920889184145,
      0.028055687045440026,
      0.029041778158795738,
      0.029954158055195124,
      0.0307912105315446,
      0.0315517255223925,
      0.03223488598817089,
      0.0328402547548194,
      0.033367760789041405,
      0.033817684590429,
      0.03419064253128842,
      0.031717387996725965,
      0.032233217433970306,
      0.032712347934401434,
      0.033150653893461675,
      0.03354392094966657,
      0.03388787720748096,
      0.034178229462479344,
      0.03441070458515894,
      0.03458109613416099,
      0.03468531616441834,
      0.03471945206978641
    ]
  },
  "budget_factor": 1.0,
  "spillover_mode": "hybrid",
  "spillover_params": {
    "alpha": 0.4,
    "beta": 1.0,
    "gamma": 0.8,
    "delta": 1.8,
    "gcut": 1e-05
  },
  "shell_profile": {
    "centers": [
      2.251551724137931,
      3.2746551724137936,
      4.297758620689656,
      5.320862068965518,
      6.343965517241381,
      7.367068965517243,
      8.390172413793104,
      9.413275862068968,
      10.43637931034483,
      11.459482758620691,
      12.482586206896555,
      13.505689655172416,
      14.52879310344828,
      15.551896551724141,
      16.575000000000003,
      17.598103448275864,
      18.621206896551726,
      19.644310344827588,
      20.66741379310345,
      21.690517241379315,
      22.713620689655176,
      23.736724137931038,
      24.7598275862069,
      25.78293103448276,
      26.806034482758626,
      27.829137931034488,
      28.85224137931035,
      29.87534482758621,
      30.898448275862073,
      31.826149583812587,
      32.66947584319881,
      33.53514848092707,
      34.42375962918756,
      35.335917110432426,
      36.27224485313489,
      37.23338331856502,
      38.219989938874164,
      39.2327395667878,
      40.272324937214165,
      41.339457141084694
    ],
    "mass": [
      1006.8224032044858,
      927.400406795589,
      845.5806265914192,
      659.1106868592534,
      607.252351283341,
      462.52501981761384,
      377.46664174322666,
      307.60739414882545,
      228.45451845519565,
      246.77959055761733,
      268.81209022464316,
      290.8445898916694,
      312.8770895586962,
      334.90958922572185,
      356.9420888927481,
      378.97458855977436,
      401.00708822680053,
      423.0395878938268,
      445.0720875608546,
      467.1045872278792,
      489.1370868949055,
      511.16958656193174,
      533.202086228958,
      555.2345858959842,
      577.2670855630124,
      599.2995852300368,
      621.3320848970629,
      643.3645845640891,
      665.3970842311154,
      557.5556682728314,
      587.4952630594644,
      619.0425526234937,
      652.2838668740387,
      687.3101714591335,
      724.217316695343,
      763.1062998644912,
      804.0835415950709,
      847.2611770848777,
      892.7573629616132,
      940.6966006213289
    ]
  },
  "scaling_params": {
    "mass_ref": 60000000000.0,
    "sigma_ref": 30.0,
    "alpha_beta": 0.0,
    "gamma_beta": 0.0,
    "alpha_min": 0.01,
    "alpha_max": 100.0,
    "gamma_min": -5.0,
    "gamma_max": 5.0
  },
  "force_match": false,
  "rms_velocity": 30.159912027771778,
  "n_points": 11,
  "data": [
    {
      "R": 1.74,
      "V_obs": 59.2,
      "V_GR": 56.25,
      "V_required": 18.454741938049427,
      "capacity": 80.64335540776385,
      "provided": 1.33833412106429,
      "V_model": 56.26591897605161
    },
    {
      "R": 2.61,
      "V_obs": 71.2,
      "V_GR": 59.09,
      "V_required": 39.721680478046245,
      "capacity": 80.40687516999229,
      "provided": 2.8806081660874976,
      "V_model": 59.16017244233261
    },
    {
      "R": 3.5,
      "V_obs": 84.5,
      "V_GR": 62.05093391722642,
      "V_required": 57.35792534602345,
      "capacity": 67.2590896073493,
      "provided": 5.902537897053755,
      "V_model": 62.33103844495258
    },
    {
      "R": 4.37,
      "V_obs": 93.5,
      "V_GR": 65.39440725322005,
      "V_required": 66.82680225777679,
      "capacity": 62.10818244380698,
      "provided": 7.402918128354717,
      "V_model": 65.81209384919403
    },
    {
      "R": 5.24,
      "V_obs": 97.5,
      "V_GR": 66.8194320538569,
      "V_required": 71.0029119121181,
      "capacity": 47.16444866840581,
      "provided": 8.2077347812672,
      "V_model": 67.3216414701812
    },
    {
      "R": 6.11,
      "V_obs": 100.0,
      "V_GR": 67.61448143704128,
      "V_required": 73.67687493372667,
      "capacity": 44.47947913418067,
      "provided": 9.355486889723636,
      "V_model": 68.25864952475833
    },
    {
      "R": 6.98,
      "V_obs": 101.0,
      "V_GR": 68.84792662092302,
      "V_required": 73.89832880383696,
      "capacity": 33.02991541258769,
      "provided": 4.713249129063999,
      "V_model": 69.00906981949998
    },
    {
      "R": 7.85,
      "V_obs": 103.0,
      "V_GR": 68.72155193241782,
      "V_required": 76.7225410163141,
      "capacity": 27.298167913425704,
      "provided": 4.893377908242273,
      "V_model": 68.89555027251669
    },
    {
      "R": 8.72,
      "V_obs": 105.0,
      "V_GR": 68.44422912123417,
      "V_required": 79.62655022038817,
      "capacity": 22.05388616436323,
      "provided": 9.928189404890798,
      "V_model": 69.16054832676926
    },
    {
      "R": 9.6,
      "V_obs": 110.0,
      "V_GR": 68.9585382675706,
      "V_required": 85.70134187980956,
      "capacity": 18.136192683672302,
      "provided": 10.085253552993336,
      "V_model": 69.69212537459426
    },
    {
      "R": 10.47,
      "V_obs": 111.0,
      "V_GR": 70.57971167410646,
      "V_required": 85.67090696379955,
      "capacity": 13.452361801158276,
      "provided": 9.737285445341074,
      "V_model": 71.24823105063066
    }
  ]
}