{
  "galaxy": "UGC06446",
  "alpha": 2.8271,
  "gamma": 0.8579,
  "alpha_eff": 2.8271,
  "gamma_eff": 0.8579,
  "alpha_scaling": "constant",
  "gamma_scaling": "constant",
  "shell_mode": "gravity_adaptive",
  "shell_parameters": {
    "R_coh": 30.660000000000004,
    "R_stop": 40.88,
    "r_factor": 4.0,
    "n_shell_min": 8,
    "n_shell_max": 40,
    "g_floor": 1e-05,
    "coh_radius_factor": 3.0,
    "spillover_mode": "hybrid",
    "spill_weights": [
      0.05565204463414584,
      0.09576934643683521,
      0.12750819775288105,
      0.14529730593542697,
      0.13152729997452478,
      0.13080359174735115,
      0.11935658051933701,
      0.10455757157388146,
      0.08952806142561648,
      0.0,
      0.0,
      0.0,
      0.0,
      0.0,
      0.0,
      0.0,
      0.0,
      0.0,
      0.0,
      0.0,
      0.0,
      0.0,
      0.0,
      0.0,
      0.0,
      0.0,
      0.0,
      0.0,
      0.0,
      0.0,
      0.0,
      0.0,
      0.0,
      0.0,
      0.0,
      0.0,
      0.0,
      0.0,
      0.0,
      0.0
    ]
  },
  "budget_factor": 1.0,
  "spillover_mode": "hybrid",
  "spillover_params": {
    "alpha": 0.4,
    "beta": 1.0,
    "gamma": 0.8,
    "delta": 1.8,
    "gcut": 1e-05
  },
  "shell_profile": {
    "centers": [
      1.0986206896551725,
      2.1358620689655172,
      3.173103448275863,
      4.210344827586208,
      5.247586206896552,
      6.284827586206898,
      7.322068965517243,
      8.359310344827588,
      9.396551724137932,
      10.433793103448277,
      11.471034482758622,
      12.508275862068967,
      13.545517241379313,
      14.582758620689658,
      15.620000000000001,
      16.657241379310346,
      17.69448275862069,
      18.731724137931035,
      19.76896551724138,
      20.806206896551725,
      21.84344827586207,
      22.880689655172414,
      23.91793103448276,
      24.955172413793107,
      25.992413793103452,
      27.029655172413797,
      28.06689655172414,
      29.104137931034487,
      30.14137931034483,
      31.066212869776948,
      31.889402398996353,
      32.73440472541305,
      33.60179784243522,
      34.49217505908494,
      35.40614540582986,
      36.34433405116853,
      37.30738272925444,
      38.295950178851115,
      39.310712593918694,
      40.35236408613997
    ],
    "mass": [
      272.4231125462495,
      207.30962932010152,
      164.13596847166957,
      118.00517779019114,
      56.64646929779351,
      38.43308581094347,
      22.79827824256412,
      12.992575244787085,
      7.345957282518867,
      0.0,
      0.0,
      0.0,
      0.0,
      0.0,
      0.0,
      0.0,
      0.0,
      0.0,
      0.0,
      0.0,
      0.0,
      0.0,
      0.0,
      0.0,
      0.0,
      0.0,
      0.0,
      0.0,
      0.0,
      0.0,
      0.0,
      0.0,
      0.0,
      0.0,
      0.0,
      0.0,
      0.0,
      0.0,
      0.0,
      0.0
    ]
  },
  "scaling_params": {
    "mass_ref": 60000000000.0,
    "sigma_ref": 30.0,
    "alpha_beta": 0.0,
    "gamma_beta": 0.0,
    "alpha_min": 0.01,
    "alpha_max": 100.0,
    "gamma_min": -5.0,
    "gamma_max": 5.0
  },
  "force_match": false,
  "rms_velocity": 22.396892825237632,
  "n_points": 17,
  "data": [
    {
      "R": 0.58,
      "V_obs": 31.3,
      "V_GR": 21.35,
      "V_required": 22.888151956853136,
      "capacity": 33.64540914590953,
      "provided": 19.798119089090036,
      "V_model": 29.116799608916352
    },
    {
      "R": 1.16,
      "V_obs": 54.8,
      "V_GR": 29.4885079310568,
      "V_required": 46.18947823909683,
      "capacity": 27.44729604138408,
      "provided": 39.95363158041094,
      "V_model": 49.65747452763995
    },
    {
      "R": 1.74,
      "V_obs": 61.1,
      "V_GR": 31.413888648175988,
      "V_required": 52.40589279842487,
      "capacity": 23.185728313342064,
      "provided": 50.209449872384,
      "V_model": 59.22686262573294
    },
    {
      "R": 2.33,
      "V_obs": 63.9,
      "V_GR": 32.670760627815206,
      "V_required": 54.91658583706747,
      "capacity": 18.173979470885808,
      "provided": 52.61491440198473,
      "V_model": 61.93309145786427
    },
    {
      "R": 2.91,
      "V_obs": 67.2,
      "V_GR": 34.72825074777018,
      "V_required": 57.530762205971165,
      "capacity": 16.33416931623687,
      "provided": 66.78222993172169,
      "V_model": 75.27228995223504
    },
    {
      "R": 3.49,
      "V_obs": 70.4,
      "V_GR": 36.15733673820571,
      "V_required": 60.4053557228165,
      "capacity": 13.339558056942419,
      "provided": 70.11908412661147,
      "V_model": 78.89257860378767
    },
    {
      "R": 4.07,
      "V_obs": 73.7,
      "V_GR": 35.609248798591636,
      "V_required": 64.52651702982271,
      "capacity": 11.573801201459208,
      "provided": 75.4359136967503,
      "V_model": 83.41819750668051
    },
    {
      "R": 4.65,
      "V_obs": 78.0,
      "V_GR": 36.53607805991223,
      "V_required": 68.91382299655127,
      "capacity": 6.190463433114457,
      "provided": 80.56497457747956,
      "V_model": 88.4624221275335
    },
    {
      "R": 5.23,
      "V_obs": 80.8,
      "V_GR": 37.871374413929054,
      "V_required": 71.37505866897763,
      "capacity": 4.815871702181645,
      "provided": 141.2164905346265,
      "V_model": 146.2064916442367
    },
    {
      "R": 5.81,
      "V_obs": 80.5,
      "V_GR": 38.62137361617269,
      "V_required": 70.63030157092635,
      "capacity": 3.824230916260793,
      "provided": 70.13567237242047,
      "V_model": 80.06636646639777
    },
    {
      "R": 6.4,
      "V_obs": 81.3,
      "V_GR": 39.96379611598478,
      "V_required": 70.79961158085544,
      "capacity": 2.940427251281485,
      "provided": 70.3037966918931,
      "V_model": 80.86858988071351
    },
    {
      "R": 6.98,
      "V_obs": 82.1,
      "V_GR": 41.10837505910444,
      "V_required": 71.06695082807478,
      "capacity": 2.1304908673932337,
      "provided": 64.07539099160685,
      "V_model": 76.1285375580491
    },
    {
      "R": 7.62,
      "V_obs": 82.8,
      "V_GR": 42.492103972385266,
      "V_required": 71.06518908720359,
      "capacity": 1.4648054806668538,
      "provided": 64.07380257063434,
      "V_model": 76.88323013414971
    },
    {
      "R": 8.28,
      "V_obs": 84.9,
      "V_GR": 42.225225872693684,
      "V_required": 73.65487288699914,
      "capacity": 1.0233806903896399,
      "provided": 112.25998951811837,
      "V_model": 119.93862991800451
    },
    {
      "R": 8.9,
      "V_obs": 84.3,
      "V_GR": 39.69073569486965,
      "V_required": 74.37160412415481,
      "capacity": 0.6889689281454109,
      "provided": 48.425567369719765,
      "V_model": 62.6130184153365
    },
    {
      "R": 9.52,
      "V_obs": 83.2,
      "V_GR": 39.44768307518199,
      "V_required": 73.25380740958111,
      "capacity": 0.4957778148360182,
      "provided": 47.697736623768975,
      "V_model": 61.89663786531892
    },
    {
      "R": 10.22,
      "V_obs": 80.1,
      "V_GR": 39.51848681313595,
      "V_required": 69.67280100584445,
      "capacity": 0.0,
      "provided": 0.0,
      "V_model": 39.51848681313595
    }
  ]
}