{
  "galaxy": "UGC00731",
  "alpha": 2.8271,
  "gamma": 0.8579,
  "alpha_eff": 2.8271,
  "gamma_eff": 0.8579,
  "alpha_scaling": "constant",
  "gamma_scaling": "constant",
  "shell_mode": "gravity_adaptive",
  "shell_parameters": {
    "R_coh": 32.730000000000004,
    "R_stop": 43.64,
    "r_factor": 4.0,
    "n_shell_min": 8,
    "n_shell_max": 40,
    "g_floor": 1e-05,
    "coh_radius_factor": 3.0,
    "spillover_mode": "hybrid",
    "spill_weights": [
      0.051987745423823346,
      0.08376419646919848,
      0.11658303544027739,
      0.13260525275760202,
      0.13959972211398183,
      0.14769319779964077,
      0.12589322800934133,
      0.10588625163171857,
      0.09598737035441626,
      0.0,
      0.0,
      0.0,
      0.0,
      0.0,
      0.0,
      0.0,
      0.0,
      0.0,
      0.0,
      0.0,
      0.0,
      0.0,
      0.0,
      0.0,
      0.0,
      0.0,
      0.0,
      0.0,
      0.0,
      0.0,
      0.0,
      0.0,
      0.0,
      0.0,
      0.0,
      0.0,
      0.0,
      0.0,
      0.0,
      0.0
    ]
  },
  "budget_factor": 1.0,
  "spillover_mode": "hybrid",
  "spillover_params": {
    "alpha": 0.4,
    "beta": 1.0,
    "gamma": 0.8,
    "delta": 1.8,
    "gcut": 1e-05
  },
  "shell_profile": {
    "centers": [
      1.4586206896551726,
      2.5558620689655176,
      3.6531034482758624,
      4.750344827586208,
      5.847586206896553,
      6.944827586206898,
      8.042068965517242,
      9.139310344827589,
      10.236551724137932,
      11.33379310344828,
      12.431034482758623,
      13.528275862068968,
      14.625517241379313,
      15.722758620689657,
      16.820000000000004,
      17.917241379310347,
      19.014482758620694,
      20.111724137931038,
      21.20896551724138,
      22.30620689655173,
      23.403448275862075,
      24.50068965517242,
      25.597931034482762,
      26.69517241379311,
      27.792413793103453,
      28.889655172413796,
      29.986896551724143,
      31.08413793103449,
      32.18137931034483,
      33.16363820051531,
      34.042405104995126,
      34.944457490631734,
      35.870412373871645,
      36.82090312080398,
      37.796579880391754,
      38.79811002918284,
      39.82617862780488,
      40.88148888955633,
      41.964762661414184,
      43.07674091778739
    ],
    "mass": [
      58.112354476465725,
      52.28257565509938,
      54.13874987021587,
      43.73313181556815,
      33.99688148988647,
      29.51403157463536,
      16.370824003082163,
      9.382910634663169,
      6.789564780508758,
      0.0,
      0.0,
      0.0,
      0.0,
      0.0,
      0.0,
      0.0,
      0.0,
      0.0,
      0.0,
      0.0,
      0.0,
      0.0,
      0.0,
      0.0,
      0.0,
      0.0,
      0.0,
      0.0,
      0.0,
      0.0,
      0.0,
      0.0,
      0.0,
      0.0,
      0.0,
      0.0,
      0.0,
      0.0,
      0.0,
      0.0
    ]
  },
  "scaling_params": {
    "mass_ref": 60000000000.0,
    "sigma_ref": 30.0,
    "alpha_beta": 0.0,
    "gamma_beta": 0.0,
    "alpha_min": 0.01,
    "alpha_max": 100.0,
    "gamma_min": -5.0,
    "gamma_max": 5.0
  },
  "force_match": false,
  "rms_velocity": 20.886875680230414,
  "n_points": 12,
  "data": [
    {
      "R": 0.91,
      "V_obs": 29.6,
      "V_GR": 7.8608142071925355,
      "V_required": 28.537126694886435,
      "capacity": 5.261730628908863,
      "provided": 13.92373515488459,
      "V_model": 15.989459048490946
    },
    {
      "R": 1.81,
      "V_obs": 44.6,
      "V_GR": 12.710342245588826,
      "V_required": 42.75052280382078,
      "capacity": 4.3133740915262715,
      "provided": 20.85868572605514,
      "V_model": 24.426165688014493
    },
    {
      "R": 2.73,
      "V_obs": 50.4,
      "V_GR": 14.559330341743058,
      "V_required": 48.25127873953187,
      "capacity": 4.251083581622317,
      "provided": 56.04246755833092,
      "V_model": 57.902782921260126
    },
    {
      "R": 3.64,
      "V_obs": 56.8,
      "V_GR": 19.560051124677564,
      "V_required": 53.32583238919013,
      "capacity": 4.266165956944009,
      "provided": 77.99992427451991,
      "V_model": 80.41507188848891
    },
    {
      "R": 4.55,
      "V_obs": 60.7,
      "V_GR": 21.655161047657902,
      "V_required": 56.70576690249415,
      "capacity": 3.4202993804777484,
      "provided": 88.71959487446263,
      "V_model": 91.32421647454072
    },
    {
      "R": 5.45,
      "V_obs": 64.7,
      "V_GR": 23.56630221311778,
      "V_required": 60.25545120567931,
      "capacity": 2.667296371254716,
      "provided": 45.960600779364,
      "V_model": 51.650241277268734
    },
    {
      "R": 6.36,
      "V_obs": 68.0,
      "V_GR": 27.495550549134308,
      "V_required": 62.19320461272277,
      "capacity": 2.1134053018798746,
      "provided": 47.43864648258135,
      "V_model": 54.8309263107904
    },
    {
      "R": 7.28,
      "V_obs": 71.5,
      "V_GR": 33.43879333947324,
      "V_required": 63.19886945191346,
      "capacity": 2.0005579704273684,
      "provided": 98.81419025270715,
      "V_model": 104.318728401463
    },
    {
      "R": 8.19,
      "V_obs": 73.4,
      "V_GR": 36.71330685187593,
      "V_required": 63.55858006595176,
      "capacity": 0.9038803094873099,
      "provided": 84.22891215964147,
      "V_model": 91.88240606120738
    },
    {
      "R": 9.09,
      "V_obs": 74.0,
      "V_GR": 37.45944473694185,
      "V_required": 63.818414270490926,
      "capacity": 0.6088800352339072,
      "provided": 70.84323699238172,
      "V_model": 80.13722123681829
    },
    {
      "R": 10.0,
      "V_obs": 73.8,
      "V_GR": 38.33339144923131,
      "V_required": 63.063389537829316,
      "capacity": 0.5634938297480826,
      "provided": 64.2203867027478,
      "V_model": 74.79108882915442
    },
    {
      "R": 10.91,
      "V_obs": 73.9,
      "V_GR": 37.98251439807533,
      "V_required": 63.391944283165834,
      "capacity": 0.0,
      "provided": 0.0,
      "V_model": 37.98251439807533
    }
  ]
}