{
  "galaxy": "UGC06786",
  "alpha": 2.8271,
  "gamma": 0.8579,
  "alpha_eff": 2.8271,
  "gamma_eff": 0.8579,
  "alpha_scaling": "constant",
  "gamma_scaling": "constant",
  "shell_mode": "gravity_adaptive",
  "shell_parameters": {
    "R_coh": 102.14999999999999,
    "R_stop": 136.2,
    "r_factor": 4.0,
    "n_shell_min": 8,
    "n_shell_max": 40,
    "g_floor": 1e-05,
    "coh_radius_factor": 3.0,
    "spillover_mode": "hybrid",
    "spill_weights": [
      0.04958937915267734,
      0.12083276231501897,
      0.1288080841580264,
      0.144013043414822,
      0.13981983597869732,
      0.11997574911235695,
      0.11588416281481884,
      0.08293329448353355,
      0.06500871771322239,
      0.03313497085682629,
      0.0,
      0.0,
      0.0,
      0.0,
      0.0,
      0.0,
      0.0,
      0.0,
      0.0,
      0.0,
      0.0,
      0.0,
      0.0,
      0.0,
      0.0,
      0.0,
      0.0,
      0.0,
      0.0,
      0.0,
      0.0,
      0.0,
      0.0,
      0.0,
      0.0,
      0.0,
      0.0,
      0.0,
      0.0,
      0.0
    ]
  },
  "budget_factor": 1.0,
  "spillover_mode": "hybrid",
  "spillover_params": {
    "alpha": 0.4,
    "beta": 1.0,
    "gamma": 0.8,
    "delta": 1.8,
    "gcut": 1e-05
  },
  "shell_profile": {
    "centers": [
      1.9184482758620691,
      5.435344827586207,
      8.952241379310346,
      12.469137931034483,
      15.986034482758622,
      19.50293103448276,
      23.019827586206898,
      26.536724137931035,
      30.053620689655173,
      33.57051724137931,
      37.08741379310345,
      40.60431034482758,
      44.121206896551726,
      47.63810344827586,
      51.155,
      54.67189655172413,
      58.188793103448276,
      61.70568965517241,
      65.22258620689655,
      68.73948275862068,
      72.25637931034483,
      75.77327586206897,
      79.2901724137931,
      82.80706896551723,
      86.32396551724138,
      89.84086206896552,
      93.35775862068965,
      96.87465517241378,
      100.39155172413793,
      103.5033804516541,
      106.24600310037434,
      109.06129950100922,
      111.95119535566724,
      114.91766739352664,
      117.96274472294586,
      121.088510219402,
      124.29710195020681,
      127.59071463697461,
      130.9716011568426,
      134.44207408347026
    ],
    "mass": [
      32840.977778355584,
      22716.86979331885,
      7767.0055490828045,
      4573.969890716333,
      2341.17149876723,
      1001.4444281732918,
      628.6590838575928,
      198.82439862548924,
      82.9304848805107,
      12.265139507892192,
      0.0,
      0.0,
      0.0,
      0.0,
      0.0,
      0.0,
      0.0,
      0.0,
      0.0,
      0.0,
      0.0,
      0.0,
      0.0,
      0.0,
      0.0,
      0.0,
      0.0,
      0.0,
      0.0,
      0.0,
      0.0,
      0.0,
      0.0,
      0.0,
      0.0,
      0.0,
      0.0,
      0.0,
      0.0,
      0.0
    ]
  },
  "scaling_params": {
    "mass_ref": 60000000000.0,
    "sigma_ref": 30.0,
    "alpha_beta": 0.0,
    "gamma_beta": 0.0,
    "alpha_min": 0.01,
    "alpha_max": 100.0,
    "gamma_min": -5.0,
    "gamma_max": 5.0
  },
  "force_match": false,
  "rms_velocity": 64.46425759394758,
  "n_points": 45,
  "data": [
    {
      "R": 0.16,
      "V_obs": 160.0,
      "V_GR": 119.76841570297238,
      "V_required": 106.092066621402,
      "capacity": 2109.8490563822666,
      "provided": 213.4735721477083,
      "V_model": 244.7763048285165
    },
    {
      "R": 0.32,
      "V_obs": 177.0,
      "V_GR": 184.82535026343112,
      "V_required": 0.0,
      "capacity": 2031.0718798531784,
      "provided": 0.0,
      "V_model": 184.82535026343112
    },
    {
      "R": 0.49,
      "V_obs": 180.0,
      "V_GR": 203.028204198333,
      "V_required": 0.0,
      "capacity": 1684.9724101547552,
      "provided": 0.0,
      "V_model": 203.028204198333
    },
    {
      "R": 0.65,
      "V_obs": 180.0,
      "V_GR": 209.84132386162642,
      "V_required": 0.0,
      "capacity": 1471.8512120944781,
      "provided": 0.0,
      "V_model": 209.84132386162642
    },
    {
      "R": 1.3,
      "V_obs": 182.0,
      "V_GR": 210.60557020173994,
      "V_required": 0.0,
      "capacity": 920.2366524589718,
      "provided": 0.0,
      "V_model": 210.60557020173994
    },
    {
      "R": 1.46,
      "V_obs": 183.0,
      "V_GR": 209.1519036489986,
      "V_required": 0.0,
      "capacity": 855.402143907251,
      "provided": 0.0,
      "V_model": 209.1519036489986
    },
    {
      "R": 1.62,
      "V_obs": 184.0,
      "V_GR": 207.74576722523136,
      "V_required": 0.0,
      "capacity": 792.4226827497163,
      "provided": 0.0,
      "V_model": 207.74576722523136
    },
    {
      "R": 3.72,
      "V_obs": 206.0,
      "V_GR": 194.3772684755087,
      "V_required": 68.21640198661909,
      "capacity": 581.0928345284535,
      "provided": 23.62644340693887,
      "V_model": 195.80789393704555
    },
    {
      "R": 3.89,
      "V_obs": 207.0,
      "V_GR": 194.830996763862,
      "V_required": 69.92769622974859,
      "capacity": 586.4979798780508,
      "provided": 24.219142456001148,
      "V_model": 196.33054821220279
    },
    {
      "R": 4.05,
      "V_obs": 209.0,
      "V_GR": 195.33497920239478,
      "V_required": 74.33199782058868,
      "capacity": 594.9741392819408,
      "provided": 25.74455246375098,
      "V_model": 197.0242017660745
    },
    {
      "R": 4.22,
      "V_obs": 210.0,
      "V_GR": 196.46688804986962,
      "V_required": 74.16712142182679,
      "capacity": 605.6776627221439,
      "provided": 25.68744826606474,
      "V_model": 198.13904990794154
    },
    {
      "R": 4.26,
      "V_obs": 210.0,
      "V_GR": 196.80898810775895,
      "V_required": 73.25450293326682,
      "capacity": 607.9835112366001,
      "provided": 25.371366965319538,
      "V_model": 198.43760747824217
    },
    {
      "R": 4.38,
      "V_obs": 211.0,
      "V_GR": 197.92224584416982,
      "V_required": 73.1285484609123,
      "capacity": 615.1542753228832,
      "provided": 25.327743201440605,
      "V_model": 199.53623724947337
    },
    {
      "R": 4.54,
      "V_obs": 213.0,
      "V_GR": 199.82620774062644,
      "V_required": 73.74609616786506,
      "capacity": 625.0388603410115,
      "provided": 25.541628066729544,
      "V_model": 201.45194976544443
    },
    {
      "R": 4.71,
      "V_obs": 214.0,
      "V_GR": 202.45839696095592,
      "V_required": 69.32962930811037,
      "capacity": 625.375483571231,
      "provided": 24.012004672914625,
      "V_model": 203.87736232454077
    },
    {
      "R": 4.86,
      "V_obs": 215.0,
      "V_GR": 204.75574985821524,
      "V_required": 65.57501734654736,
      "capacity": 609.2801369912028,
      "provided": 22.711611740401345,
      "V_model": 206.0114909606907
    },
    {
      "R": 5.02,
      "V_obs": 215.0,
      "V_GR": 206.8365780030215,
      "V_required": 58.6824505282457,
      "capacity": 579.4702618527016,
      "provided": 20.32440228463011,
      "V_model": 207.83274844987127
    },
    {
      "R": 5.18,
      "V_obs": 216.0,
      "V_GR": 208.2440380899295,
      "V_required": 57.36218789411713,
      "capacity": 547.1822384084913,
      "provided": 19.867135271138935,
      "V_model": 209.1895849794672
    },
    {
      "R": 5.35,
      "V_obs": 217.0,
      "V_GR": 209.28538792758565,
      "V_required": 57.346546539438506,
      "capacity": 513.8874715103989,
      "provided": 19.861717958434653,
      "V_model": 210.22573924298715
    },
    {
      "R": 5.51,
      "V_obs": 217.0,
      "V_GR": 209.74189233436414,
      "V_required": 55.6537384189059,
      "capacity": 478.9021795695116,
      "provided": 19.275421494625036,
      "V_model": 210.62574219167857
    },
    {
      "R": 5.68,
      "V_obs": 218.0,
      "V_GR": 209.6285183366042,
      "V_required": 59.832134342675744,
      "capacity": 445.6279978258864,
      "provided": 20.72259009264193,
      "V_model": 210.6502823168003
    },
    {
      "R": 5.84,