{
  "galaxy": "UGC07603",
  "alpha": 2.8271,
  "gamma": 0.8579,
  "alpha_eff": 2.8271,
  "gamma_eff": 0.8579,
  "alpha_scaling": "constant",
  "gamma_scaling": "constant",
  "shell_mode": "gravity_adaptive",
  "shell_parameters": {
    "R_coh": 12.330000000000002,
    "R_stop": 16.44,
    "r_factor": 4.0,
    "n_shell_min": 8,
    "n_shell_max": 40,
    "g_floor": 1e-05,
    "coh_radius_factor": 3.0,
    "spillover_mode": "hybrid",
    "spill_weights": [
      0.07251066143829439,
      0.11257504183990028,
      0.1395069516331497,
      0.1409475804958282,
      0.13672334702207647,
      0.12489396321533873,
      0.10860141832556902,
      0.09226737429224606,
      0.07197366173759723,
      0.0,
      0.0,
      0.0,
      0.0,
      0.0,
      0.0,
      0.0,
      0.0,
      0.0,
      0.0,
      0.0,
      0.0,
      0.0,
      0.0,
      0.0,
      0.0,
      0.0,
      0.0,
      0.0,
      0.0,
      0.0,
      0.0,
      0.0,
      0.0,
      0.0,
      0.0,
      0.0,
      0.0,
      0.0,
      0.0,
      0.0
    ]
  },
  "budget_factor": 1.0,
  "spillover_mode": "hybrid",
  "spillover_params": {
    "alpha": 0.4,
    "beta": 1.0,
    "gamma": 0.8,
    "delta": 1.8,
    "gcut": 1e-05
  },
  "shell_profile": {
    "centers": [
      0.5467241379310346,
      0.9601724137931036,
      1.3736206896551728,
      1.7870689655172418,
      2.200517241379311,
      2.61396551724138,
      3.027413793103449,
      3.440862068965518,
      3.854310344827587,
      4.267758620689657,
      4.681206896551725,
      5.094655172413795,
      5.508103448275863,
      5.921551724137933,
      6.335000000000001,
      6.748448275862071,
      7.161896551724139,
      7.575344827586209,
      7.988793103448277,
      8.402241379310347,
      8.815689655172417,
      9.229137931034485,
      9.642586206896553,
      10.056034482758623,
      10.469482758620693,
      10.88293103448276,
      11.296379310344829,
      11.709827586206899,
      12.123275862068969,
      12.493359578745913,
      12.824407422688354,
      13.164227340650452,
      13.513051774208293,
      13.871119324152554,
      14.238674913694783,
      14.6159699559983,
      15.003262526148308,
      15.400817537678872,
      15.808906923777476,
      16.227809823291125
    ],
    "mass": [
      116.728245127251,
      87.37897571515097,
      62.59083930831611,
      34.39633158439768,
      19.742394638485695,
      10.751447957520684,
      5.557176639671988,
      2.861975978541519,
      1.2434884871144711,
      0.0,
      0.0,
      0.0,
      0.0,
      0.0,
      0.0,
      0.0,
      0.0,
      0.0,
      0.0,
      0.0,
      0.0,
      0.0,
      0.0,
      0.0,
      0.0,
      0.0,
      0.0,
      0.0,
      0.0,
      0.0,
      0.0,
      0.0,
      0.0,
      0.0,
      0.0,
      0.0,
      0.0,
      0.0,
      0.0,
      0.0
    ]
  },
  "scaling_params": {
    "mass_ref": 60000000000.0,
    "sigma_ref": 30.0,
    "alpha_beta": 0.0,
    "gamma_beta": 0.0,
    "alpha_min": 0.01,
    "alpha_max": 100.0,
    "gamma_min": -5.0,
    "gamma_max": 5.0
  },
  "force_match": false,
  "rms_velocity": 18.334301639487368,
  "n_points": 12,
  "data": [
    {
      "R": 0.34,
      "V_obs": 19.6,
      "V_GR": 20.19101285225682,
      "V_required": 0.0,
      "capacity": 64.59283097565243,
      "provided": 0.0,
      "V_model": 20.19101285225682
    },
    {
      "R": 0.68,
      "V_obs": 32.5,
      "V_GR": 28.671743930218128,
      "V_required": 15.302976834590057,
      "capacity": 72.53047615518076,
      "provided": 36.3112848113436,
      "V_model": 46.26638417523583
    },
    {
      "R": 1.02,
      "V_obs": 41.9,
      "V_GR": 32.123955235929465,
      "V_required": 26.900957232039154,
      "capacity": 43.73676099460271,
      "provided": 56.374391376586146,
      "V_model": 64.88467078656184
    },
    {
      "R": 1.37,
      "V_obs": 50.6,
      "V_GR": 33.17132044402212,
      "V_required": 38.21025385940272,
      "capacity": 34.85916887473746,
      "provided": 69.86112874207413,
      "V_model": 77.33636795917336
    },
    {
      "R": 1.71,
      "V_obs": 57.0,
      "V_GR": 34.92588867874374,
      "V_required": 45.04644603073588,
      "capacity": 19.701524667869442,
      "provided": 70.58255485931728,
      "V_model": 78.75096666370854
    },
    {
      "R": 2.05,
      "V_obs": 60.5,
      "V_GR": 34.618772364137925,
      "V_required": 49.61643477719858,
      "capacity": 12.017593364828556,
      "provided": 33.84035732042396,
      "V_model": 48.41104402482941
    },
    {
      "R": 2.39,
      "V_obs": 60.5,
      "V_GR": 32.90446322309483,
      "V_required": 50.76954106548531,
      "capacity": 7.1437363139780405,
      "provided": 34.62682110000176,
      "V_model": 47.76735746816572
    },
    {
      "R": 2.74,
      "V_obs": 60.0,
      "V_GR": 30.627131762540223,
      "V_required": 51.594367909685644,
      "capacity": 4.072575152875869,
      "provided": 62.54335817070034,
      "V_model": 69.63973615162904
    },
    {
      "R": 3.08,
      "V_obs": 61.5,
      "V_GR": 29.085716425764726,
      "V_required": 54.18737029972944,
      "capacity": 2.335110773999412,
      "provided": 54.38451330486671,
      "V_model": 61.67377228131278
    },
    {
      "R": 3.42,
      "V_obs": 61.5,
      "V_GR": 28.339728297921276,
      "V_required": 54.581222045681606,
      "capacity": 1.340077334777855,
      "provided": 46.20488684373249,
      "V_model": 54.20361397768716
    },
    {
      "R": 3.76,
      "V_obs": 63.0,
      "V_GR": 27.770518540351382,
      "V_required": 56.54907868391845,
      "capacity": 0.7368919752928643,
      "provided": 36.042370575990574,
      "V_model": 45.50004589818599
    },
    {
      "R": 4.11,
      "V_obs": 64.0,
      "V_GR": 27.027572957999762,
      "V_required": 58.0130183665701,
      "capacity": 0.0,
      "provided": 0.0,
      "V_model": 27.027572957999762
    }
  ]
}