{
  "galaxy": "UGC06923",
  "alpha": 2.8271,
  "gamma": 0.8579,
  "alpha_eff": 2.8271,
  "gamma_eff": 0.8579,
  "alpha_scaling": "constant",
  "gamma_scaling": "constant",
  "shell_mode": "gravity_adaptive",
  "shell_parameters": {
    "R_coh": 15.48,
    "R_stop": 20.64,
    "r_factor": 4.0,
    "n_shell_min": 8,
    "n_shell_max": 40,
    "g_floor": 1e-05,
    "coh_radius_factor": 3.0,
    "spillover_mode": "hybrid",
    "spill_weights": [
      0.006158510899095799,
      0.0083502068367447,
      0.009811931930547392,
      0.011364631278506928,
      0.0125135197882467,
      0.013136469661024205,
      0.01339710460485618,
      0.013194183863252662,
      0.01309976173373969,
      0.014632733149037168,
      0.016150312206191838,
      0.017643737509322785,
      0.019105187940528706,
      0.020527670201446187,
      0.021904930075026353,
      0.023231382796587548,
      0.024502058696405166,
      0.02571256081536788,
      0.02685903165838925,
      0.02793812668649813,
      0.028946992562832934,
      0.02988324855148523,
      0.030744969811996047,
      0.031530671630824736,
      0.03223929388307939,
      0.032870185225362024,
      0.033423086687955156,
      0.03389811446696752,
      0.0342957418198667,
      0.03190369655901312,
      0.03244012223719186,
      0.032939669732361065,
      0.03339809968402512,
      0.033811079647213485,
      0.034174216023808074,
      0.03448309111189346,
      0.03473330543415014,
      0.034920525419033274,
      0.03504053640117894,
      0.035089300778946536
    ]
  },
  "budget_factor": 1.0,
  "spillover_mode": "hybrid",
  "spillover_params": {
    "alpha": 0.4,
    "beta": 1.0,
    "gamma": 0.8,
    "delta": 1.8,
    "gcut": 1e-05
  },
  "shell_profile": {
    "centers": [
      1.1808620689655174,
      1.6825862068965518,
      2.1843103448275865,
      2.686034482758621,
      3.1877586206896558,
      3.68948275862069,
      4.191206896551725,
      4.6929310344827595,
      5.1946551724137935,
      5.6963793103448275,
      6.198103448275862,
      6.699827586206897,
      7.201551724137932,
      7.703275862068966,
      8.205,
      8.706724137931035,
      9.20844827586207,
      9.710172413793105,
      10.211896551724138,
      10.713620689655173,
      11.215344827586208,
      11.717068965517242,
      12.218793103448277,
      12.720517241379312,
      13.222241379310347,
      13.72396551724138,
      14.225689655172415,
      14.72741379310345,
      15.229137931034483,
      15.6850937776956,
      16.10071588833867,
      16.52735111380933,
      16.965291278568078,
      17.41483593981197,
      17.87629259237594,
      18.349976879063565,
      18.836212806551167,
      19.335332967012896,
      19.84767876561844,
      20.373600654058933
    ],
    "mass": [
      437.5986425048552,
      391.9694507107204,
      311.6970726128033,
      274.89045035546206,
      234.36055901761378,
      189.55028725309808,
      149.99714521179226,
      113.21314135503492,
      90.06670548070223,
      98.7657699351759,
      107.46483438964998,
      116.16389884412385,
      124.86296329859753,
      133.5620277530716,
      142.26109220754523,
      150.96015666201936,
      159.65922111649326,
      168.35828557096713,
      177.05735002544034,
      185.7564144799149,
      194.45547893438874,
      203.15454338886263,
      211.85360784333653,
      220.55267229781037,
      229.25173675228348,
      237.95080120675817,
      246.649865661232,
      255.3489301157059,
      264.04799457017884,
      222.337213112627,
      234.27626502326845,
      246.8564195119665,
      260.1121024710585,
      274.07958839261005,
      288.7970996344634,
      304.3049110165883,
      320.6454600341292,
      337.86346298858865,
      356.00603735505877,
      375.12283072032665
    ]
  },
  "scaling_params": {
    "mass_ref": 60000000000.0,
    "sigma_ref": 30.0,
    "alpha_beta": 0.0,
    "gamma_beta": 0.0,
    "alpha_min": 0.01,
    "alpha_max": 100.0,
    "gamma_min": -5.0,
    "gamma_max": 5.0
  },
  "force_match": false,
  "rms_velocity": 15.068814165025696,
  "n_points": 6,
  "data": [
    {
      "R": 0.93,
      "V_obs": 40.5,
      "V_GR": 51.479677543667655,
      "V_required": 0.0,
      "capacity": 132.63785372845518,
      "provided": 1.2036717384292814,
      "V_model": 51.49374744232443
    },
    {
      "R": 1.94,
      "V_obs": 53.9,
      "V_GR": 57.572091329045875,
      "V_required": 0.0,
      "capacity": 90.98386343241587,
      "provided": 1.9177274113334388,
      "V_model": 57.604022241716585
    },
    {
      "R": 2.87,
      "V_obs": 73.0,
      "V_GR": 60.22429161061174,
      "V_required": 41.25572323932766,
      "capacity": 67.38102430762629,
      "provided": 2.221200175129451,
      "V_model": 60.2652389874793
    },
    {
      "R": 3.72,
      "V_obs": 78.4,
      "V_GR": 61.16267162248556,
      "V_required": 49.047809329265675,
      "capacity": 46.993595947376875,
      "provided": 2.567503335267306,
      "V_model": 61.21653758076007
    },
    {
      "R": 4.47,
      "V_obs": 79.3,
      "V_GR": 60.75666959272866,
      "V_required": 50.96191813501529,
      "capacity": 29.327776949542102,
      "provided": 2.578783489718049,
      "V_model": 60.81137249139212
    },
    {
      "R": 5.16,
      "V_obs": 81.1,
      "V_GR": 60.34407013120677,
      "V_required": 54.18305270100604,
      "capacity": 20.443861626349086,
      "provided": 2.560328825816462,
      "V_model": 60.39836159778101
    }
  ]
}