{
  "galaxy": "UGC12506",
  "alpha": 2.8271,
  "gamma": 0.8579,
  "alpha_eff": 2.8271,
  "gamma_eff": 0.8579,
  "alpha_scaling": "constant",
  "gamma_scaling": "constant",
  "shell_mode": "gravity_adaptive",
  "shell_parameters": {
    "R_coh": 149.97,
    "R_stop": 199.96,
    "r_factor": 4.0,
    "n_shell_min": 8,
    "n_shell_max": 40,
    "g_floor": 1e-05,
    "coh_radius_factor": 3.0,
    "spillover_mode": "hybrid",
    "spill_weights": [
      0.029330896001816906,
      0.08284477065266094,
      0.11405544370089915,
      0.12708227234354416,
      0.13364952430349783,
      0.13528056659384485,
      0.14040178808542014,
      0.1428201971810082,
      0.09453454113730769,
      0.0,
      0.0,
      0.0,
      0.0,
      0.0,
      0.0,
      0.0,
      0.0,
      0.0,
      0.0,
      0.0,
      0.0,
      0.0,
      0.0,
      0.0,
      0.0,
      0.0,
      0.0,
      0.0,
      0.0,
      0.0,
      0.0,
      0.0,
      0.0,
      0.0,
      0.0,
      0.0,
      0.0,
      0.0,
      0.0,
      0.0
    ]
  },
  "budget_factor": 1.0,
  "spillover_mode": "hybrid",
  "spillover_params": {
    "alpha": 0.4,
    "beta": 1.0,
    "gamma": 0.8,
    "delta": 1.8,
    "gcut": 1e-05
  },
  "shell_profile": {
    "centers": [
      3.3915517241379316,
      8.534655172413794,
      13.677758620689657,
      18.820862068965518,
      23.963965517241384,
      29.107068965517243,
      34.25017241379311,
      39.39327586206897,
      44.536379310344834,
      49.67948275862069,
      54.82258620689656,
      59.96568965517242,
      65.10879310344828,
      70.25189655172414,
      75.395,
      80.53810344827586,
      85.68120689655173,
      90.8243103448276,
      95.96741379310345,
      101.11051724137931,
      106.25362068965518,
      111.39672413793105,
      116.5398275862069,
      121.68293103448276,
      126.82603448275863,
      131.96913793103448,
      137.11224137931038,
      142.2553448275862,
      147.39844827586205,
      151.95694533856647,
      155.9834859027228,
      160.11672135258297,
      164.35947887899573,
      168.71466058744187,
      173.1852454831149,
      177.77429150860218,
      182.48493763556056,
      187.32040601181674,
      192.28400416536155,
      197.37912726674531
    ],
    "mass": [
      28706.287528514666,
      38702.510177391865,
      26889.446883511806,
      16204.622850251037,
      10316.902765634779,
      6751.045196461491,
      5115.957545720942,
      3922.1422414887047,
      1078.1535161422382,
      0.0,
      0.0,
      0.0,
      0.0,
      0.0,
      0.0,
      0.0,
      0.0,
      0.0,
      0.0,
      0.0,
      0.0,
      0.0,
      0.0,
      0.0,
      0.0,
      0.0,
      0.0,
      0.0,
      0.0,
      0.0,
      0.0,
      0.0,
      0.0,
      0.0,
      0.0,
      0.0,
      0.0,
      0.0,
      0.0,
      0.0
    ]
  },
  "scaling_params": {
    "mass_ref": 60000000000.0,
    "sigma_ref": 30.0,
    "alpha_beta": 0.0,
    "gamma_beta": 0.0,
    "alpha_min": 0.01,
    "alpha_max": 100.0,
    "gamma_min": -5.0,
    "gamma_max": 5.0
  },
  "force_match": false,
  "rms_velocity": 43.065103279835114,
  "n_points": 31,
  "data": [
    {
      "R": 0.82,
      "V_obs": 107.0,
      "V_GR": 33.69309127996421,
      "V_required": 101.55676048397763,
      "capacity": 69.14207326153497,
      "provided": 28.94162085813203,
      "V_model": 44.41668400382747
    },
    {
      "R": 2.46,
      "V_obs": 159.0,
      "V_GR": 82.91915641153135,
      "V_required": 135.6665526207547,
      "capacity": 131.44775578000502,
      "provided": 38.66222111032343,
      "V_model": 91.48963788967328
    },
    {
      "R": 4.1,
      "V_obs": 194.0,
      "V_GR": 112.13798330628208,
      "V_required": 158.30689403813088,
      "capacity": 151.80115515939002,
      "provided": 45.114260091064075,
      "V_model": 120.87275856686723
    },
    {
      "R": 5.74,
      "V_obs": 198.0,
      "V_GR": 128.90390994845734,
      "V_required": 150.29232182649918,
      "capacity": 157.00508627979366,
      "provided": 42.83026925496646,
      "V_model": 135.8331696032045
    },
    {
      "R": 7.38,
      "V_obs": 211.0,
      "V_GR": 141.22226594981402,
      "V_required": 156.7713991772734,
      "capacity": 174.64253849548913,
      "provided": 146.85984449451618,
      "V_model": 203.7438154274958
    },
    {
      "R": 9.02,
      "V_obs": 222.0,
      "V_GR": 157.50236347433014,
      "V_required": 156.45128794612077,
      "capacity": 172.873818707865,
      "provided": 146.55997164860977,
      "V_model": 215.14371891747456
    },
    {
      "R": 10.65,
      "V_obs": 230.0,
      "V_GR": 169.21796240352265,
      "V_required": 155.7731722730201,
      "capacity": 155.69185537460683,
      "provided": 145.92472846762465,
      "V_model": 223.44741031918446
    },
    {
      "R": 12.29,
      "V_obs": 239.0,
      "V_GR": 175.92891888487236,
      "V_required": 161.7714916170337,
      "capacity": 130.16166646522956,
      "provided": 205.41008001032336,
      "V_model": 270.45200215536846
    },
    {
      "R": 13.93,
      "V_obs": 237.0,
      "V_GR": 177.92775640691926,
      "V_required": 156.55897770488923,
      "capacity": 109.1713851029233,
      "provided": 198.79146699608953,
      "V_model": 266.7889312742516
    },
    {
      "R": 15.57,
      "V_obs": 240.0,
      "V_GR": 180.6274710557616,
      "V_required": 158.03074605911348,
      "capacity": 95.87703669566889,
      "provided": 200.6602514918989,
      "V_model": 269.9829991477095
    },
    {
      "R": 17.21,
      "V_obs": 245.0,
      "V_GR": 182.46059574604047,
      "V_required": 163.50269416740508,
      "capacity": 79.02064227209652,
      "provided": 217.72292494520585,
      "V_model": 284.0689019352448
    },
    {
      "R": 18.85,
      "V_obs": 249.0,
      "V_GR": 181.5118676560847,
      "V_required": 170.45363563151125,
      "capacity": 64.23800044075925,
      "provided": 226.97891497273778,
      "V_model": 290.6303252281175
    },
    {
      "R": 20.49,
      "V_obs": 248.0,
      "V_GR": 178.51256202295679,
      "V_required": 172.15477106371466,
      "capacity": 54.000895849028794,
      "provided": 229.24417539497912,
      "V_model": 290.55055799726824
    },
    {
      "R": 22.13,
      "V_obs": 250.0,
      "V_GR": 175.417465778069,
      "V_required": 178.12555319212345,
      "capacity": 47.578740894116855,
      "provided": 231.9857002218546,
      "V_model": 290.84128387734813
    },
    {
      "R": 23.77,
      "V_obs": 255.0,
      "V_GR": 171.61761040173005,
      "V_required": 188.6064574716359,
      "capacity": 39.95422185362919,
      "provided": 245.63573456374624,
      "V_model": 299.6489918132067
    },
    {
      "R": 25.41,
      "V_obs": 244.0,
      "V_GR": 167.436175899953,
      "V_required": 177.48556842740763,
      "capacity": 34.1148112539312,
      "provided": 231.1522021014935,
      "V_model": 285.42286792821926
    },
    {
      "R": 27.05,
      "V_obs": 244.0,
      "V_GR": 164.22317010702233,
      "V_required": 180.46260111169852,
      "capacity": 29.25846040938572,
      "provided": 230.1029170450925,
      "V_model": 282.69524586144126
    },
    {
      "R": 28.68,
      "V_obs": 249.0,
      "V_GR": 162.0728740412781,
      "V_required": 189.03275774320173,
      "capacity": 25.295573636903235,
      "provided": 241.03048889817492,
      "V_model": 290.45363326784747
    },
    {
      "R": 30.32,
      "V_obs": 251.0,
      "V_GR": 160.28451266419972,
      "V_required": 193.15764287234404,
      "capacity": 22.968792165367905,
      "provided": 246.29001688261354,
      "V_model": 293.85353054887406
    },
    {
      "R": 31.96,
      "V_obs": 249.0,
      "V_GR": 158.29657766357425,
      "V_required": 192.2061224311026,
      "capacity": 21.181468292628736,
      "provided": 253.017536080841,
      "V_model": 298.45549092690464
    },
    {
      "R": 33.6,
      "V_obs": 244.0,
      "V_GR": 154.95305514897083,