{
  "galaxy": "UGC11455",
  "alpha": 2.8271,
  "gamma": 0.8579,
  "alpha_eff": 2.8271,
  "gamma_eff": 0.8579,
  "alpha_scaling": "constant",
  "gamma_scaling": "constant",
  "shell_mode": "gravity_adaptive",
  "shell_parameters": {
    "R_coh": 125.78999999999999,
    "R_stop": 167.72,
    "r_factor": 4.0,
    "n_shell_min": 8,
    "n_shell_max": 40,
    "g_floor": 1e-05,
    "coh_radius_factor": 3.0,
    "spillover_mode": "hybrid",
    "spill_weights": [
      0.029219390392311834,
      0.09356093671713393,
      0.1334645486273506,
      0.1493012448353018,
      0.1597041640465043,
      0.15248609473695884,
      0.12290025891489315,
      0.08874501222198938,
      0.05163631165126742,
      0.01898203785628862,
      0.0,
      0.0,
      0.0,
      0.0,
      0.0,
      0.0,
      0.0,
      0.0,
      0.0,
      0.0,
      0.0,
      0.0,
      0.0,
      0.0,
      0.0,
      0.0,
      0.0,
      0.0,
      0.0,
      0.0,
      0.0,
      0.0,
      0.0,
      0.0,
      0.0,
      0.0,
      0.0,
      0.0,
      0.0,
      0.0
    ]
  },
  "budget_factor": 1.0,
  "spillover_mode": "hybrid",
  "spillover_params": {
    "alpha": 0.4,
    "beta": 1.0,
    "gamma": 0.8,
    "delta": 1.8,
    "gcut": 1e-05
  },
  "shell_profile": {
    "centers": [
      2.778103448275862,
      7.094310344827585,
      11.41051724137931,
      15.726724137931033,
      20.042931034482756,
      24.359137931034482,
      28.67534482758621,
      32.99155172413793,
      37.307758620689654,
      41.62396551724137,
      45.94017241379309,
      50.256379310344826,
      54.572586206896545,
      58.888793103448265,
      63.205,
      67.52120689655172,
      71.83741379310345,
      76.15362068965517,
      80.46982758620689,
      84.78603448275862,
      89.10224137931034,
      93.41844827586206,
      97.7346551724138,
      102.05086206896551,
      106.36706896551723,
      110.68327586206897,
      114.99948275862067,
      119.3156896551724,
      123.63189655172414,
      127.45658567805744,
      130.83391806163564,
      134.30074267481103,
      137.8594308741006,
      141.51241685199915,
      145.2621993020005,
      149.1113431277393,
      153.06248119742054,
      157.11831614473846,
      161.28162221751566,
      165.55524717532768
    ],
    "mass": [
      65175.61220064159,
      115622.55470443642,
      86715.95437053824,
      52337.33259530167,
      34494.5610992723,
      19349.5743577081,
      7726.810434456843,
      2492.1770553221663,
      491.01736122758666,
      31.862681341652017,
      0.0,
      0.0,
      0.0,
      0.0,
      0.0,
      0.0,
      0.0,
      0.0,
      0.0,
      0.0,
      0.0,
      0.0,
      0.0,
      0.0,
      0.0,
      0.0,
      0.0,
      0.0,
      0.0,
      0.0,
      0.0,
      0.0,
      0.0,
      0.0,
      0.0,
      0.0,
      0.0,
      0.0,
      0.0,
      0.0
    ]
  },
  "scaling_params": {
    "mass_ref": 60000000000.0,
    "sigma_ref": 30.0,
    "alpha_beta": 0.0,
    "gamma_beta": 0.0,
    "alpha_min": 0.01,
    "alpha_max": 100.0,
    "gamma_min": -5.0,
    "gamma_max": 5.0
  },
  "force_match": false,
  "rms_velocity": 40.5382082482452,
  "n_points": 36,
  "data": [
    {
      "R": 0.62,
      "V_obs": 35.1,
      "V_GR": 71.20472175354666,
      "V_required": 0.0,
      "capacity": 447.5022197707609,
      "provided": 3.149364582288664,
      "V_model": 71.27433547408334
    },
    {
      "R": 1.23,
      "V_obs": 64.6,
      "V_GR": 112.64443883299343,
      "V_required": 0.0,
      "capacity": 598.9692806465373,
      "provided": 3.149364582288664,
      "V_model": 112.68845591839553
    },
    {
      "R": 1.83,
      "V_obs": 80.1,
      "V_GR": 139.72563186473698,
      "V_required": 0.0,
      "capacity": 681.6428590751925,
      "provided": 3.149364582288664,
      "V_model": 139.7611201202687
    },
    {
      "R": 2.47,
      "V_obs": 113.0,
      "V_GR": 159.1161164055986,
      "V_required": 0.0,
      "capacity": 723.7104682411102,
      "provided": 3.149364582288664,
      "V_model": 159.14728083530733
    },
    {
      "R": 3.08,
      "V_obs": 136.0,
      "V_GR": 171.24374966695865,
      "V_required": 0.0,
      "capacity": 760.5451093184752,
      "provided": 3.149364582288664,
      "V_model": 171.27270739166872
    },
    {
      "R": 3.68,
      "V_obs": 150.0,
      "V_GR": 180.90008955221666,
      "V_required": 0.0,
      "capacity": 810.0174307587155,
      "provided": 3.149364582288664,
      "V_model": 180.92750177148906
    },
    {
      "R": 4.32,
      "V_obs": 171.0,
      "V_GR": 190.21,
      "V_required": 0.0,
      "capacity": 851.4560837909085,
      "provided": 3.149364582288664,
      "V_model": 190.23607070498534
    },
    {
      "R": 4.91,
      "V_obs": 192.0,
      "V_GR": 198.61010069983854,
      "V_required": 0.0,
      "capacity": 933.0800743891479,
      "provided": 3.149364582288664,
      "V_model": 198.63506890091736
    },
    {
      "R": 5.53,
      "V_obs": 197.0,
      "V_GR": 213.09009385703504,
      "V_required": 0.0,
      "capacity": 1013.4425440714973,
      "provided": 11.52493000324186,
      "V_model": 213.40152790357342
    },
    {
      "R": 6.17,
      "V_obs": 195.0,
      "V_GR": 230.24,
      "V_required": 0.0,
      "capacity": 1111.97443025577,
      "provided": 11.52493000324186,
      "V_model": 230.52826640475052
    },
    {
      "R": 6.78,
      "V_obs": 196.0,
      "V_GR": 253.17066437484416,
      "V_required": 0.0,
      "capacity": 1185.9524888445708,
      "provided": 11.52493000324186,
      "V_model": 253.43284970891128
    },
    {
      "R": 7.38,
      "V_obs": 216.0,
      "V_GR": 275.54207900064915,
      "V_required": 0.0,
      "capacity": 1127.4144305632155,
      "provided": 11.52493000324186,
      "V_model": 275.78299677750186
    },
    {
      "R": 8.0,
      "V_obs": 225.0,
      "V_GR": 287.96,
      "V_required": 0.0,
      "capacity": 1005.2737067321892,
      "provided": 11.52493000324186,
      "V_model": 288.1905369917264
    },
    {
      "R": 8.62,
      "V_obs": 240.0,
      "V_GR": 290.86,
      "V_required": 0.0,
      "capacity": 928.2093446543755,
      "provided": 11.52493000324186,
      "V_model": 291.0882402495498
    },
    {
      "R": 9.23,
      "V_obs": 247.0,
      "V_GR": 295.7360703397541,
      "V_required": 0.0,
      "capacity": 938.5719030324398,
      "provided": 11.52493000324186,
      "V_model": 295.9605502623274
    },
    {
      "R": 9.85,
      "V_obs": 254.0,
      "V_GR": 302.52658329475776,
      "V_required": 0.0,
      "capacity": 912.741777186807,
      "provided": 19.180346420401587,
      "V_model": 303.13399560063635
    },
    {
      "R": 10.43,
      "V_obs": 257.0,
      "V_GR": 308.54194803948457,
      "V_required": 0.0,
      "capacity": 876.8259394398109,
      "provided": 19.180346420401587,
      "V_model": 309.13754121556735
    },
    {
      "R": 11.05,
      "V_obs": 273.0,
      "V_GR": 313.37088329964547,
      "V_required": 0.0,
      "capacity": 829.126524072454,
      "provided": 19.180346420401587,
      "V_model": 313.95731587081485
    },
    {
      "R": 11.67,
      "V_obs": 272.0,
      "V_GR": 316.9943232930205,
      "V_required": 0.0,
      "capacity": 790.711149483073,
      "provided": 19.180346420401587,
      "V_model": 317.5740648869278
    },
    {
      "R": 12.19,
      "V_obs": 270.0,
      "V_GR": 320.3239016995141,
      "V_required": 0.0,
      "capacity": 759.3858546192483,
      "provided": 19.180346420401587,
      "V_model": 320.8976280510758
    },
    {
      "R": 12.91,
      "V_obs": 279.0,
      "V_GR": 323.97946169471913,
      "V_required": 0.0,
      "capacity": 706.1004965570255,
      "provided": 19.180346420401587,
      "V_model": 324.54672589444897
    },
    {
      "R": 14.56,
      "V_obs": 287.0,
      "V_GR": 327.4628754530809,
      "V_required": 0.0,
      "capacity": 544.4171216231277,
      "provided": 42.91251311887987,