{
  "galaxy": "UGC12632",
  "alpha": 2.8271,
  "gamma": 0.8579,
  "alpha_eff": 2.8271,
  "gamma_eff": 0.8579,
  "alpha_scaling": "constant",
  "gamma_scaling": "constant",
  "shell_mode": "gravity_adaptive",
  "shell_parameters": {
    "R_coh": 31.98,
    "R_stop": 42.64,
    "r_factor": 4.0,
    "n_shell_min": 8,
    "n_shell_max": 40,
    "g_floor": 1e-05,
    "coh_radius_factor": 3.0,
    "spillover_mode": "hybrid",
    "spill_weights": [
      0.03737510239977797,
      0.070464739409231,
      0.09692895668994181,
      0.12217340251295161,
      0.14048055076362237,
      0.13785002944558467,
      0.1291552582487726,
      0.13636418416853724,
      0.1292077763615807,
      0.0,
      0.0,
      0.0,
      0.0,
      0.0,
      0.0,
      0.0,
      0.0,
      0.0,
      0.0,
      0.0,
      0.0,
      0.0,
      0.0,
      0.0,
      0.0,
      0.0,
      0.0,
      0.0,
      0.0,
      0.0,
      0.0,
      0.0,
      0.0,
      0.0,
      0.0,
      0.0,
      0.0,
      0.0,
      0.0,
      0.0
    ]
  },
  "budget_factor": 1.0,
  "spillover_mode": "hybrid",
  "spillover_params": {
    "alpha": 0.4,
    "beta": 1.0,
    "gamma": 0.8,
    "delta": 1.8,
    "gcut": 1e-05
  },
  "shell_profile": {
    "centers": [
      1.2491379310344826,
      2.327413793103448,
      3.405689655172414,
      4.483965517241379,
      5.562241379310344,
      6.64051724137931,
      7.7187931034482755,
      8.79706896551724,
      9.875344827586206,
      10.953620689655171,
      12.031896551724136,
      13.110172413793103,
      14.188448275862068,
      15.266724137931034,
      16.345,
      17.423275862068962,
      18.501551724137933,
      19.579827586206896,
      20.65810344827586,
      21.736379310344827,
      22.814655172413794,
      23.892931034482757,
      24.97120689655172,
      26.04948275862069,
      27.127758620689654,
      28.206034482758618,
      29.284310344827585,
      30.36258620689655,
      31.440862068965515,
      32.40370148647966,
      33.262331660792654,
      34.14371373511771,
      35.048450587119305,
      35.97716106945649,
      36.930480433086714,
      37.90906076178636,
      38.913571418185164,
      39.94469950161967,
      41.00315031811871,
      42.089647862842675
    ],
    "mass": [
      207.5410693462284,
      220.76955749906236,
      196.7993214539872,
      184.55025620504074,
      160.70535030858662,
      104.84630261396268,
      65.87783090522547,
      59.00012004401958,
      42.2394720962115,
      0.0,
      0.0,
      0.0,
      0.0,
      0.0,
      0.0,
      0.0,
      0.0,
      0.0,
      0.0,
      0.0,
      0.0,
      0.0,
      0.0,
      0.0,
      0.0,
      0.0,
      0.0,
      0.0,
      0.0,
      0.0,
      0.0,
      0.0,
      0.0,
      0.0,
      0.0,
      0.0,
      0.0,
      0.0,
      0.0,
      0.0
    ]
  },
  "scaling_params": {
    "mass_ref": 60000000000.0,
    "sigma_ref": 30.0,
    "alpha_beta": 0.0,
    "gamma_beta": 0.0,
    "alpha_min": 0.01,
    "alpha_max": 100.0,
    "gamma_min": -5.0,
    "gamma_max": 5.0
  },
  "force_match": false,
  "rms_velocity": 20.917717424684238,
  "n_points": 15,
  "data": [
    {
      "R": 0.71,
      "V_obs": 24.1,
      "V_GR": 14.239764745247726,
      "V_required": 19.44322761271904,
      "capacity": 16.727020061341523,
      "provided": 11.900314489558463,
      "V_model": 18.55770419395662
    },
    {
      "R": 1.42,
      "V_obs": 33.6,
      "V_GR": 20.132148419878092,
      "V_required": 26.90086615705896,
      "capacity": 19.703057857724094,
      "provided": 16.46479554151314,
      "V_model": 26.00755452217357
    },
    {
      "R": 2.14,
      "V_obs": 44.8,
      "V_GR": 25.08332115171354,
      "V_required": 37.11963092488932,
      "capacity": 19.631509627304375,
      "provided": 23.802859779902054,
      "V_model": 34.57960574821059
    },
    {
      "R": 2.85,
      "V_obs": 54.4,
      "V_GR": 28.597209654090378,
      "V_required": 46.27698780171414,
      "capacity": 17.195689780718336,
      "provided": 29.674989331368838,
      "V_model": 41.211714254770506
    },
    {
      "R": 3.55,
      "V_obs": 57.4,
      "V_GR": 29.707763295138864,
      "V_required": 49.11424233356349,
      "capacity": 15.803219225029789,
      "provided": 73.56235421908856,
      "V_model": 79.33455210848963
    },
    {
      "R": 4.26,
      "V_obs": 61.4,
      "V_GR": 30.88499473854577,
      "V_required": 53.06672309460986,
      "capacity": 15.468558846387884,
      "provided": 45.56972619002533,
      "V_model": 55.049821480490564
    },
    {
      "R": 4.97,
      "V_obs": 63.8,
      "V_GR": 32.48820093510873,
      "V_required": 54.90862227373766,
      "capacity": 11.981131154407661,
      "provided": 47.15141121536302,
      "V_model": 57.26027226271511
    },
    {
      "R": 5.69,
      "V_obs": 65.5,
      "V_GR": 33.3600434651995,
      "V_required": 56.36805389580165,
      "capacity": 12.138313268748501,
      "provided": 106.61499297081153,
      "V_model": 111.71235037437083
    },
    {
      "R": 6.4,
      "V_obs": 67.6,
      "V_GR": 35.92563430198554,
      "V_required": 57.26350321103311,
      "capacity": 7.975977216947456,
      "provided": 51.79021547957392,
      "V_model": 63.03076724442356
    },
    {
      "R": 7.11,
      "V_obs": 69.2,
      "V_GR": 37.10456171416124,
      "V_required": 58.41139871634645,
      "capacity": 6.821804262955423,
      "provided": 52.82839428866846,
      "V_model": 64.5568566700627
    },
    {
      "R": 7.82,
      "V_obs": 70.3,
      "V_GR": 39.001666631055656,
      "V_required": 58.48897331976344,
      "capacity": 4.217942737462726,
      "provided": 98.0198815813724,
      "V_model": 105.49420451013539
    },
    {
      "R": 8.52,
      "V_obs": 71.4,
      "V_GR": 39.62375171535376,
      "V_required": 59.39628187016424,
      "capacity": 4.331850533602875,
      "provided": 50.93625798009911,
      "V_model": 64.53327883360035
    },
    {
      "R": 9.25,
      "V_obs": 73.2,
      "V_GR": 40.03209962017981,
      "V_required": 61.28352959809022,
      "capacity": 3.3797619034916973,
      "provided": 52.55469829513641,
      "V_model": 66.06485686726957
    },
    {
      "R": 9.95,
      "V_obs": 73.0,
      "V_GR": 40.798123731367845,
      "V_required": 60.53522197861341,
      "capacity": 2.6742567704322027,
      "provided": 98.05973918584105,
      "V_model": 106.20828286529809
    },
    {
      "R": 10.66,
      "V_obs": 73.1,
      "V_GR": 41.24416322341866,
      "V_required": 60.35336776021698,
      "capacity": 0.0,
      "provided": 0.0,
      "V_model": 41.24416322341866
    }
  ]
}