{
  "galaxy": "UGC12732",
  "alpha": 2.8271,
  "gamma": 0.8579,
  "alpha_eff": 2.8271,
  "gamma_eff": 0.8579,
  "alpha_scaling": "constant",
  "gamma_scaling": "constant",
  "shell_mode": "gravity_adaptive",
  "shell_parameters": {
    "R_coh": 46.2,
    "R_stop": 61.6,
    "r_factor": 4.0,
    "n_shell_min": 8,
    "n_shell_max": 40,
    "g_floor": 1e-05,
    "coh_radius_factor": 3.0,
    "spillover_mode": "hybrid",
    "spill_weights": [
      0.0635299699872412,
      0.11130689451862165,
      0.13629440671109883,
      0.15540260920105609,
      0.13450494722387146,
      0.12433987556085421,
      0.10870663755243563,
      0.09016504154608643,
      0.07574961769873445,
      0.0,
      0.0,
      0.0,
      0.0,
      0.0,
      0.0,
      0.0,
      0.0,
      0.0,
      0.0,
      0.0,
      0.0,
      0.0,
      0.0,
      0.0,
      0.0,
      0.0,
      0.0,
      0.0,
      0.0,
      0.0,
      0.0,
      0.0,
      0.0,
      0.0,
      0.0,
      0.0,
      0.0,
      0.0,
      0.0,
      0.0
    ]
  },
  "budget_factor": 1.0,
  "spillover_mode": "hybrid",
  "spillover_params": {
    "alpha": 0.4,
    "beta": 1.0,
    "gamma": 0.8,
    "delta": 1.8,
    "gcut": 1e-05
  },
  "shell_profile": {
    "centers": [
      1.74,
      3.3,
      4.859999999999999,
      6.42,
      7.98,
      9.540000000000001,
      11.1,
      12.66,
      14.22,
      15.780000000000001,
      17.340000000000003,
      18.9,
      20.46,
      22.020000000000003,
      23.580000000000002,
      25.14,
      26.700000000000003,
      28.26,
      29.82,
      31.380000000000003,
      32.94,
      34.5,
      36.06,
      37.620000000000005,
      39.18,
      40.74,
      42.300000000000004,
      43.86,
      45.42,
      46.812101584595396,
      48.0525241628712,
      49.325815339663485,
      50.632846063943475,
      51.9745103630047,
      53.35172595399018,
      54.765434871623796,
      56.21660411257517,
      57.70622629689893,
      59.23532034700075,
      60.80493218459448
    ],
    "mass": [
      484.2043294596504,
      411.6007880583125,
      272.5111118600789,
      200.34497440390047,
      87.70206396882439,
      50.6116796846769,
      27.562574650710815,
      14.008426987484102,
      7.7217160593649234,
      0.0,
      0.0,
      0.0,
      0.0,
      0.0,
      0.0,
      0.0,
      0.0,
      0.0,
      0.0,
      0.0,
      0.0,
      0.0,
      0.0,
      0.0,
      0.0,
      0.0,
      0.0,
      0.0,
      0.0,
      0.0,
      0.0,
      0.0,
      0.0,
      0.0,
      0.0,
      0.0,
      0.0,
      0.0,
      0.0,
      0.0
    ]
  },
  "scaling_params": {
    "mass_ref": 60000000000.0,
    "sigma_ref": 30.0,
    "alpha_beta": 0.0,
    "gamma_beta": 0.0,
    "alpha_min": 0.01,
    "alpha_max": 100.0,
    "gamma_min": -5.0,
    "gamma_max": 5.0
  },
  "force_match": false,
  "rms_velocity": 28.83907503657465,
  "n_points": 16,
  "data": [
    {
      "R": 0.96,
      "V_obs": 34.2,
      "V_GR": 20.75905826380378,
      "V_required": 27.179063633613286,
      "capacity": 21.170329207256117,
      "provided": 27.397049638133424,
      "V_model": 34.37349020501623
    },
    {
      "R": 1.92,
      "V_obs": 49.5,
      "V_GR": 31.172423710709438,
      "V_required": 38.451657961653616,
      "capacity": 21.178771068672503,
      "provided": 38.76005428461853,
      "V_model": 49.739941778681
    },
    {
      "R": 2.88,
      "V_obs": 59.9,
      "V_GR": 33.27861174989125,
      "V_required": 49.80505998390123,
      "capacity": 18.974656026597962,
      "provided": 55.414306175231175,
      "V_model": 64.63908514886533
    },
    {
      "R": 3.84,
      "V_obs": 65.3,
      "V_GR": 36.16340691914964,
      "V_required": 54.371849334007386,
      "capacity": 13.926659004700548,
      "provided": 60.495425711406156,
      "V_model": 70.48041239950474
    },
    {
      "R": 4.8,
      "V_obs": 69.8,
      "V_GR": 36.51257865448564,
      "V_required": 59.48841567902107,
      "capacity": 10.857124584272562,
      "provided": 141.93054444519416,
      "V_model": 146.55186060405111
    },
    {
      "R": 5.76,
      "V_obs": 73.8,
      "V_GR": 37.67614762684741,
      "V_required": 63.45823744794682,
      "capacity": 9.525322599203685,
      "provided": 79.78318187342802,
      "V_model": 88.2317868449262
    },
    {
      "R": 6.72,
      "V_obs": 76.2,
      "V_GR": 39.342780786314535,
      "V_required": 65.25783937581753,
      "capacity": 6.516365369957145,
      "provided": 82.04574026907922,
      "V_model": 90.99097700487235
    },
    {
      "R": 7.68,
      "V_obs": 79.3,
      "V_GR": 38.24822087365633,
      "V_required": 69.4662767103578,
      "capacity": 3.410057542729029,
      "provided": 69.6325206375489,
      "V_model": 79.44566904708319
    },
    {
      "R": 8.64,
      "V_obs": 80.3,
      "V_GR": 38.86800869609865,
      "V_required": 70.26640662507226,
      "capacity": 2.597373573726097,
      "provided": 70.43456539131309,
      "V_model": 80.44718827816892
    },
    {
      "R": 9.6,
      "V_obs": 81.9,
      "V_GR": 39.12994249931886,
      "V_required": 71.94760315674179,
      "capacity": 1.705029196983907,
      "provided": 129.48166150359444,
      "V_model": 135.26512139399208
    },
    {
      "R": 10.6,
      "V_obs": 84.0,
      "V_GR": 39.59186911475638,
      "V_required": 74.08430265582582,
      "capacity": 1.13158653793101,
      "provided": 56.231083928899196,
      "V_model": 68.77100333584573
    },
    {
      "R": 11.5,
      "V_obs": 85.6,
      "V_GR": 41.15230856221799,
      "V_required": 75.05896015799846,
      "capacity": 0.7514213784530589,
      "provided": 56.97086342120561,
      "V_model": 70.27938374059396
    },
    {
      "R": 12.5,
      "V_obs": 87.9,
      "V_GR": 43.502873468312416,
      "V_required": 76.38003665880241,
      "capacity": 0.47887034184436034,
      "provided": 46.29296893863387,
      "V_model": 63.52589214763788
    },
    {
      "R": 13.4,
      "V_obs": 90.8,
      "V_GR": 45.56847704279791,
      "V_required": 78.53759545593435,
      "capacity": 0.335187567940721,
      "provided": 47.60063788916186,
      "V_model": 65.89618219180161
    },
    {
      "R": 14.4,
      "V_obs": 95.5,
      "V_GR": 47.69880606472241,
      "V_required": 82.73496177553962,
      "capacity": 0.21995175392826305,
      "provided": 78.88206670348416,
      "V_model": 92.18219213824828
    },
    {
      "R": 15.4,
      "V_obs": 98.0,
      "V_GR": 49.010538662618266,
      "V_required": 84.86440419869805,
      "capacity": 0.0,
      "provided": 0.0,
      "V_model": 49.010538662618266
    }
  ]
}