{
  "galaxy": "UGC10310",
  "alpha": 2.8271,
  "gamma": 0.8579,
  "alpha_eff": 2.8271,
  "gamma_eff": 0.8579,
  "alpha_scaling": "constant",
  "gamma_scaling": "constant",
  "shell_mode": "gravity_adaptive",
  "shell_parameters": {
    "R_coh": 23.22,
    "R_stop": 30.96,
    "r_factor": 4.0,
    "n_shell_min": 8,
    "n_shell_max": 40,
    "g_floor": 1e-05,
    "coh_radius_factor": 3.0,
    "spillover_mode": "hybrid",
    "spill_weights": [
      0.057631951512645,
      0.08638548046257062,
      0.11041406030969506,
      0.12531710388948286,
      0.13024458207178266,
      0.1414279545611456,
      0.14401156602507448,
      0.1313934475895996,
      0.07317385357800413,
      0.0,
      0.0,
      0.0,
      0.0,
      0.0,
      0.0,
      0.0,
      0.0,
      0.0,
      0.0,
      0.0,
      0.0,
      0.0,
      0.0,
      0.0,
      0.0,
      0.0,
      0.0,
      0.0,
      0.0,
      0.0,
      0.0,
      0.0,
      0.0,
      0.0,
      0.0,
      0.0,
      0.0,
      0.0,
      0.0,
      0.0
    ]
  },
  "budget_factor": 1.0,
  "spillover_mode": "hybrid",
  "spillover_params": {
    "alpha": 0.4,
    "beta": 1.0,
    "gamma": 0.8,
    "delta": 1.8,
    "gcut": 1e-05
  },
  "shell_profile": {
    "centers": [
      1.4813793103448276,
      2.2441379310344827,
      3.0068965517241377,
      3.7696551724137928,
      4.532413793103448,
      5.295172413793103,
      6.057931034482758,
      6.820689655172413,
      7.583448275862068,
      8.346206896551724,
      9.108965517241376,
      9.871724137931032,
      10.634482758620688,
      11.397241379310344,
      12.159999999999997,
      12.922758620689653,
      13.685517241379308,
      14.448275862068964,
      15.211034482758617,
      15.973793103448273,
      16.736551724137932,
      17.499310344827585,
      18.262068965517237,
      19.024827586206897,
      19.78758620689655,
      20.55034482758621,
      21.31310344827586,
      22.075862068965513,
      22.838620689655173,
      23.527640666543398,
      24.151073832507997,
      24.79102667071399,
      25.44793691785211,
      26.122253909717948,
      26.8144388885639,
      27.52496531859534,
      28.25431920982674,
      29.002999450519336,
      29.771518148427653,
      30.560400981088392
    ],
    "mass": [
      295.37461459052906,
      292.5423507866738,
      266.46691981582364,
      214.37888737669823,
      154.6861703883409,
      134.43784227160887,
      105.4275455057716,
      65.83878186412441,
      12.465678859107156,
      0.0,
      0.0,
      0.0,
      0.0,
      0.0,
      0.0,
      0.0,
      0.0,
      0.0,
      0.0,
      0.0,
      0.0,
      0.0,
      0.0,
      0.0,
      0.0,
      0.0,
      0.0,
      0.0,
      0.0,
      0.0,
      0.0,
      0.0,
      0.0,
      0.0,
      0.0,
      0.0,
      0.0,
      0.0,
      0.0,
      0.0
    ]
  },
  "scaling_params": {
    "mass_ref": 60000000000.0,
    "sigma_ref": 30.0,
    "alpha_beta": 0.0,
    "gamma_beta": 0.0,
    "alpha_min": 0.01,
    "alpha_max": 100.0,
    "gamma_min": -5.0,
    "gamma_max": 5.0
  },
  "force_match": false,
  "rms_velocity": 10.212924844668084,
  "n_points": 7,
  "data": [
    {
      "R": 1.1,
      "V_obs": 33.2,
      "V_GR": 21.557850078335733,
      "V_required": 25.248744523243136,
      "capacity": 46.970558414492466,
      "provided": 19.230377963511856,
      "V_model": 28.888550268567
    },
    {
      "R": 2.21,
      "V_obs": 54.6,
      "V_GR": 36.13131190532666,
      "V_required": 40.9351719185348,
      "capacity": 47.85169840904137,
      "provided": 28.82472996754784,
      "V_model": 46.22052312233225
    },
    {
      "R": 3.31,
      "V_obs": 65.7,
      "V_GR": 41.32542316782734,
      "V_required": 51.07542853466822,
      "capacity": 36.45188647476939,
      "provided": 36.84248158377139,
      "V_model": 55.363878560398334
    },
    {
      "R": 4.42,
      "V_obs": 69.2,
      "V_GR": 43.047938394306414,
      "V_required": 54.180393132571496,
      "capacity": 22.60692296186682,
      "provided": 43.45944350661935,
      "V_model": 61.1706484345641
    },
    {
      "R": 5.52,
      "V_obs": 70.9,
      "V_GR": 47.37480870673781,
      "V_required": 52.74881515257002,
      "capacity": 17.266269546155176,
      "provided": 47.19106241301719,
      "V_model": 66.86829496606957
    },
    {
      "R": 6.64,
      "V_obs": 72.4,
      "V_GR": 48.8990838359984,
      "V_required": 53.39138132695202,
      "capacity": 9.987733468428653,
      "provided": 43.842791936734855,
      "V_model": 65.67580075497993
    },
    {
      "R": 7.74,
      "V_obs": 73.2,
      "V_GR": 47.02672112746114,
      "V_required": 56.095699478658794,
      "capacity": 0.0,
      "provided": 24.41633198978087,
      "V_model": 52.987449153881684
    }
  ]
}