{
  "galaxy": "UGCA281",
  "alpha": 2.8271,
  "gamma": 0.8579,
  "alpha_eff": 2.8271,
  "gamma_eff": 0.8579,
  "alpha_scaling": "constant",
  "gamma_scaling": "constant",
  "shell_mode": "gravity_adaptive",
  "shell_parameters": {
    "R_coh": 3.24,
    "R_stop": 4.32,
    "r_factor": 4.0,
    "n_shell_min": 8,
    "n_shell_max": 40,
    "g_floor": 1e-05,
    "coh_radius_factor": 3.0,
    "spillover_mode": "hybrid",
    "spill_weights": [
      0.002652675471648694,
      0.005709799406065893,
      0.008010530296769213,
      0.009612589949092849,
      0.01029661369673627,
      0.011160372902662826,
      0.01165985291484673,
      0.01217029673755741,
      0.013070824239044536,
      0.014072800515641708,
      0.015702271985852598,
      0.017311087184866503,
      0.018889981963888365,
      0.02043068117137498,
      0.021925769500301374,
      0.02336859695012595,
      0.024753210599289588,
      0.026074305796335007,
      0.02732719116202815,
      0.028507762959423803,
      0.029612485409541308,
      0.03063837439143757,
      0.0315829826673839,
      0.032444385329597744,
      0.033221164594420816,
      0.033912393394884076,
      0.03451761746418728,
      0.035036835779122914,
      0.03547047935913331,
      0.03256064813284481,
      0.033112254068443946,
      0.03362637851363006,
      0.03409866743692439,
      0.03452466936870126,
      0.034899868181218395,
      0.03521972113092406,
      0.03547970232812952,
      0.035675351709683334,
      0.03580232948024784,
      0.03585647585599101
    ]
  },
  "budget_factor": 1.0,
  "spillover_mode": "hybrid",
  "spillover_params": {
    "alpha": 0.4,
    "beta": 1.0,
    "gamma": 0.8,
    "delta": 1.8,
    "gcut": 1e-05
  },
  "shell_profile": {
    "centers": [
      0.1443103448275862,
      0.25293103448275867,
      0.361551724137931,
      0.4701724137931035,
      0.5787931034482758,
      0.6874137931034483,
      0.7960344827586208,
      0.9046551724137931,
      1.0132758620689657,
      1.121896551724138,
      1.2305172413793106,
      1.3391379310344829,
      1.4477586206896556,
      1.5563793103448278,
      1.665,
      1.7736206896551727,
      1.882241379310345,
      1.9908620689655177,
      2.09948275862069,
      2.208103448275862,
      2.3167241379310344,
      2.425344827586207,
      2.5339655172413793,
      2.642586206896552,
      2.7512068965517242,
      2.8598275862068965,
      2.968448275862069,
      3.0770689655172414,
      3.185689655172414,
      3.2829266046339627,
      3.369917278954604,
      3.4592130238205563,
      3.550874918770062,
      3.6449656618211095,
      3.7415496123577547,
      3.840692835152839,
      3.9424631455572205,
      4.04693015588642,
      4.154165323036418,
      4.264241997361172
    ],
    "mass": [
      8.334708116285816,
      14.088222920874168,
      13.677300675644656,
      11.43776433891762,
      8.300324483349767,
      6.814862422496721,
      5.460053350027857,
      4.592804661461152,
      4.317979909864541,
      4.218876732086176,
      4.627343358982488,
      5.035809985878798,
      5.444276612775109,
      5.8527432396714065,
      6.261209866567728,
      6.669676493464039,
      7.07814312036035,
      7.48660974725666,
      7.895076374152954,
      8.303543001049263,
      8.712009627945609,
      9.120476254841883,
      9.528942881738192,
      9.937409508634543,
      10.345876135530812,
      10.754342762427164,
      11.16280938932343,
      11.57127601621974,
      11.979742643116099,
      9.757738491007009,
      10.281709016424998,
      10.833815683404929,
      11.41556934498823,
      12.028561983923264,
      12.674471069163312,
      13.355064146301551,
      14.072203674500484,
      14.8278521231562,
      15.624077342242568,
      16.46305822103246
    ]
  },
  "scaling_params": {
    "mass_ref": 60000000000.0,
    "sigma_ref": 30.0,
    "alpha_beta": 0.0,
    "gamma_beta": 0.0,
    "alpha_min": 0.01,
    "alpha_max": 100.0,
    "gamma_min": -5.0,
    "gamma_max": 5.0
  },
  "force_match": false,
  "rms_velocity": 6.697532577998136,
  "n_points": 7,
  "data": [
    {
      "R": 0.09,
      "V_obs": 7.0,
      "V_GR": 4.161249812255928,
      "V_required": 5.628854235099715,
      "capacity": 49.016663038001894,
      "provided": 0.2815029505957777,
      "V_model": 4.170760591450212
    },
    {
      "R": 0.25,
      "V_obs": 14.9,
      "V_GR": 12.137825175870676,
      "V_required": 8.641944225693662,
      "capacity": 112.38509393153123,
      "provided": 0.6059261290332592,
      "V_model": 12.152939828446664
    },
    {
      "R": 0.41,
      "V_obs": 21.1,
      "V_GR": 17.18056169046868,
      "V_required": 12.249012205071887,
      "capacity": 90.391415118796,
      "provided": 0.8500805841039731,
      "V_model": 17.20157949141504
    },
    {
      "R": 0.58,
      "V_obs": 26.0,
      "V_GR": 19.20213009017489,
      "V_required": 17.529352526548152,
      "capacity": 57.0860614759867,
      "provided": 1.0926806417728372,
      "V_model": 19.23319398812649
    },
    {
      "R": 0.74,
      "V_obs": 27.5,
      "V_GR": 19.92919466511379,
      "V_required": 18.949332442067714,
      "capacity": 37.80086589241217,
      "provided": 1.1843431039440835,
      "V_model": 19.964354950457576
    },
    {
      "R": 0.9,
      "V_obs": 28.8,
      "V_GR": 19.783541139037773,
      "V_required": 20.92967988288402,
      "capacity": 28.576720344582938,
      "provided": 1.2915166132701723,
      "V_model": 19.82565295677176
    },
    {
      "R": 1.08,
      "V_obs": 29.5,
      "V_GR": 19.4359383617051,
      "V_required": 22.192212598116484,
      "capacity": 23.761135513596322,
      "provided": 1.4934110525916482,
      "V_model": 19.49322899296068
    }
  ]
}