{
  "target_ell0_kpc": 4.993,
  "optimized_params": {
    "alpha_M": -0.6301074742606138,
    "alpha_v": 1.2602164253041819,
    "alpha_R": 0.6301064837764215,
    "scale": 13.148333130255985
  },
  "diagnostics": {
    "alpha_M": -0.6301074742606138,
    "alpha_v": 1.2602164253041819,
    "alpha_R": 0.6301064837764215,
    "scale": 13.148333130255985,
    "median_ell0": 4.99299998127232,
    "scatter_dex": 2.40886346151264e-07,
    "n_valid": 165.0,
    "objective": 1.2207211927578153e-07
  }
}