{
  "test_type": "20_iteration_quick_test",
  "hyperparameters": {
    "L_0": 4.917545339016516,
    "beta_bulge": 0.6198977179446266,
    "alpha_shear": 0.13400293237626745,
    "gamma_bar": 1.3630773522627555,
    "A_0": 0.5868206651787176,
    "p": 0.7615672454306268,
    "n_coh": 0.5,
    "g_dagger": 1.2e-10
  },
  "train_metrics": {
    "rar_scatter": 0.08433162615578481,
    "rar_bias": -0.07334489654187787,
    "median_ape": 17.575201368545645,
    "n_rar_points": 1747,
    "n_galaxies": 86
  },
  "test_metrics": {
    "rar_scatter": 0.08772437291346573,
    "rar_bias": -0.07659924049309387,
    "median_ape": 19.01536762306359,
    "n_rar_points": 413,
    "n_galaxies": 20
  },
  "baseline_rar_scatter": 0.221,
  "improvement_dex": 0.1332756270865343,
  "improvement_percent": 60.305713613816415
}