{
  "mu_p": {
    "mean": 0.8024886218266044,
    "std": 0.021198305330918894,
    "ci_95": [
      0.7604644169252541,
      0.8330422699020442
    ]
  },
  "beta_morph": {
    "mean": 0.23369346037605093,
    "std": 0.023521145035564517,
    "ci_95": [
      0.19816394194540968,
      0.28347333558481813
    ],
    "prob_positive": 1.0
  },
  "sigma_p": {
    "mean": 0.3656850672745869,
    "std": 0.02826670947814758,
    "ci_95": [
      0.3194326186271395,
      0.43474104557697957
    ]
  },
  "A0_fixed": 0.591,
  "ell0_fixed": 4.993,
  "result": "SIGNIFICANT POSITIVE CORRELATION",
  "interpretation": "p increases from Irregular to Early - supports interaction network",
  "n_galaxies": 116,
  "n_samples": 12000,
  "gpu": "RTX 5090 (CuPy)"
}