{
  "mu_p": {
    "mean": 2.55737139924465,
    "std": 0.14441460430010408,
    "ci_95": [
      2.3130500827534237,
      2.7996848982267384
    ]
  },
  "beta_morph": {
    "mean": 0.109222178086595,
    "std": 0.12685288813739454,
    "ci_95": [
      -0.1301825600628736,
      0.30878276112520275
    ],
    "prob_positive": 0.8361666666666666
  },
  "sigma_p": {
    "mean": 1.7825649284103247,
    "std": 0.1604964613355624,
    "ci_95": [
      1.5029154045770603,
      2.048853532395356
    ]
  },
  "A0_fixed": 0.591,
  "ell0_fixed": 4.993,
  "result": "NULL",
  "interpretation": "No significant correlation detected",
  "n_galaxies": 116,
  "n_samples": 12000,
  "gpu": "RTX 5090 (CuPy)"
}