{
  "eta": {
    "lo": 0.01,
    "hi": 1.0305084805586533,
    "gamma": 4.0,
    "loss": 32.578821638478175
  },
  "ring_amp": {
    "lo": 0.3717716295037635,
    "hi": 3.0,
    "gamma": 4.0,
    "loss": 600.3984491289248
  },
  "M_max": {
    "lo": 1.2,
    "hi": 3.06971044661947,
    "gamma": 4.0,
    "loss": 118.40215312773103
  },
  "lambda_ring": {
    "lo": 10.0,
    "hi": 25.0,
    "gamma": 2.9823217915087827,
    "loss": 1818.015207635612
  },
  "Sigma_ref": 20.0,
  "gamma_Sigma": 1.5,
  "eta_min_fraction": 0.5,
  "Mmax_min_fraction": 0.7,
  "S0": 1.2,
  "n_shear": 4.0,
  "ring_min_fraction": 0.4,
  "kappa_min": 0.3,
  "kappa_max": 0.95,
  "a0": 2.0,
  "a1": 28.0
}