{
  "A": 5.694915875549634,
  "lambda_peak_kpc": 94.45219389745395,
  "sigma_ln_lambda": 0.5900885206138617,
  "ell0_kpc": 5.0,
  "p": 0.757,
  "n_coh": 0.5,
  "rms_best": 39.57075032402997,
  "success": true,
  "message": "Optimization terminated successfully.",
  "nfev": 460
}
