{
  "optimization": "200_iterations_power_law_coherence",
  "hyperparameters": {
    "L_0": 4.99252530102346,
    "beta_bulge": 1.7593508881387816,
    "alpha_shear": 0.14926536929209802,
    "gamma_bar": 1.9318735447815403,
    "A_0": 0.5906338241691412,
    "p": 0.7565908679370758,
    "n_coh": 0.5000192190299887,
    "g_dagger": 1.2e-10
  },
  "train_metrics": {
    "rar_scatter": 0.08377575722259466,
    "rar_bias": -0.07433574523072364,
    "median_ape": 17.536739051867045,
    "n_rar_points": 1747,
    "n_galaxies": 86
  },
  "test_metrics": {
    "rar_scatter": 0.08706931701884964,
    "rar_bias": -0.0777681097534401,
    "median_ape": 19.053396741867857,
    "n_rar_points": 413,
    "n_galaxies": 20
  },
  "baseline_comparison": {
    "initial_rar": 0.256,
    "p_exponent_rar": 0.221,
    "quick_test_rar": 0.088,
    "final_rar": 0.08706931701884964
  },
  "optimization_info": {
    "n_iter": 200,
    "success": true,
    "message": "Optimization terminated successfully.",
    "final_loss": 0.13451053825993556
  }
}