{
  "hyperparameters": {
    "L_0": 4.99900227062777,
    "beta_bulge": 0.700726041032821,
    "alpha_shear": 0.055823353344810075,
    "gamma_bar": 3.1078396362572254,
    "A_0": 0.508475542696819,
    "p": 0.9298015351529917,
    "g_dagger": 1.2e-10
  },
  "train_metrics": {
    "rar_scatter": 0.19228362406478575,
    "rar_bias": -0.18118623287194086,
    "median_ape": 22.503643188994253,
    "n_rar_points": 1747,
    "n_galaxies": 86
  },
  "test_metrics": {
    "rar_scatter": 0.22130768130160997,
    "rar_bias": -0.22406557738183483,
    "median_ape": 23.2533400797196,
    "n_rar_points": 413,
    "n_galaxies": 20
  },
  "optimization_info": {
    "n_iter": 60,
    "success": false,
    "message": "Maximum number of iterations has been exceeded."
  }
}