model,scenario,galaxy,galaxy_index,split,radius_catalog_kpc,velocity_observed_catalog_kms,velocity_error_catalog_kms,velocity_predicted_km_s,velocity_RAR_same_nuisance_km_s,velocity_observed_adjusted_km_s,velocity_error_total_km_s,velocity_predicted_catalog_km_s,g_bar_m_s2,radius_adjusted_kpc,local_density_g_cm3,coherence,disk_mass_to_light,bulge_mass_to_light,distance_scale,inclination_adjusted_deg,galaxy_fold,force_equivalent_mass_solar,force_equivalent_r50_kpc,force_equivalent_r80_kpc,force_equivalent_concentration_r50_over_r80,mass_radius_kpc,fold,hubble_type,baryonic_mass_solar,gas_fraction,stellar_bulge_fraction,effective_radius_kpc,disk_scale_kpc,potential_m2_s2,potential_depth,potential_length_kpc,potential_path_ratio,enclosed_mass_log_slope,cv_fold,prediction_km_s,fixed_RAR_km_s,selected_candidate_id
fixed_RAR,invariant,CamB,0,outer_holdout,1.22,14.7,1.5,25.23609112783972,25.23609112783972,20.726479895802115,2.91084189004862,17.898386095671714,3.437039981975838e-12,0.9349297924510656,,,0.2397537672014864,0.700000010415308,0.7663358954516932,40.0,0,25270585.88515102,0.6561512759096291,0.8834191145732155,0.7427406370153302,0.17132561687991205,-1,10,47450642.98842532,0.3363494990761904,0.0,1.21,0.47,112727452.21393892,1.2542620602462075e-09,1.0629052743132472,1.1368824513835138,1.01510387657828,0,25.23609112791528,25.23609112783972,local__potential_shape__A3__ct1e-06__p4
fixed_RAR,invariant,CamB,0,outer_holdout,1.47,16.8,1.5,26.150512903695667,26.150512903695667,23.68740559520242,2.91084189004862,18.54692845176205,2.775574238382997e-12,1.126513766313989,,,0.2397537672014864,0.700000010415308,0.7663358954516932,40.0,0,25270585.88515102,0.6561512759096291,0.8834191145732155,0.7427406370153302,0.17132561687991205,-1,10,47450642.98842532,0.3363494990761904,0.0,1.21,0.47,94494233.60823515,1.0513901432094656e-09,1.103321075021555,0.9794119770339588,0.3817740495867099,0,26.15051290373432,26.150512903695663,local__potential_shape__A3__ct1e-06__p4
fixed_RAR,invariant,CamB,0,outer_holdout,1.79,20.1,1.5,25.819920477423697,25.819920477423697,28.340288837117185,2.91084189004862,18.31245985455552,1.8294525783799685e-12,1.3717412528585309,,,0.2397537672014864,0.700000010415308,0.7663358954516932,40.0,0,25270585.88515102,0.6561512759096291,0.8834191145732155,0.7427406370153302,0.17132561687991205,-1,10,47450642.98842532,0.3363494990761904,0.0,1.21,0.47,77436176.54204616,8.615936617008556e-10,1.3717412528585309,1.0,-0.6146662655260116,0,25.819920477440913,25.8199204774237,local__potential_shape__A3__ct1e-06__p4
fixed_RAR,invariant,D631-7,1,outer_holdout,5.39,56.6,2.73,54.14607373351214,54.14607373351214,65.18003921384317,3.7260901839882656,47.01850152716541,2.394297551392789e-12,5.22747483918241,,,0.2544626254449179,0.6999999730327127,0.9698469089392228,48.1018604947723,1,478438412.5292077,2.1439186932070253,3.437369032454009,0.6237092011259662,0.7454657058603607,0,10,474052498.6362527,0.8136229660418964,0.0,1.22,0.7,391416295.29351664,4.3550936289863095e-09,5.297979036065805,1.013487237921249,0.2032021055953237,0,54.14607374984479,54.14607373351214,local__potential_shape__A3__ct1e-06__p4
fixed_RAR,invariant,D631-7,1,outer_holdout,5.84,58.4,3.27,54.19572108617209,54.19572108617209,67.25290265173925,4.26386103096478,47.06161350123672,2.0671335286608e-12,5.66390594820506,,,0.2544626254449179,0.6999999730327127,0.9698469089392228,48.1018604947723,1,478438412.5292077,2.1439186932070253,3.437369032454009,0.6237092011259662,0.7454657058603607,0,10,474052498.6362527,0.8136229660418964,0.0,1.22,0.7,361458915.10952044,4.0217728215768805e-09,5.666825823442882,1.0005155232563048,0.1185968878045287,0,54.1957210980608,54.195721086172085,local__potential_shape__A3__ct1e-06__p4
fixed_RAR,invariant,D631-7,1,outer_holdout,6.29,58.5,3.95,54.14919982824587,54.14919982824587,67.36806173162236,4.969047468426918,47.02121611531331,1.791645342833721e-12,6.10033705722771,,,0.2544626254449179,0.6999999730327127,0.9698469089392228,48.1018604947723,1,478438412.5292077,2.1439186932070253,3.437369032454009,0.6237092011259662,0.7454657058603607,0,10,474052498.6362527,0.8136229660418964,0.0,1.22,0.7,335543243.0837157,3.7334220822550915e-09,6.069402056875847,0.9949289686681803,0.03660598197620857,0,54.14919983706692,54.14919982824587,local__potential_shape__A3__ct1e-06__p4
fixed_RAR,invariant,D631-7,1,outer_holdout,6.74,57.7,4.07,54.04356842855413,54.04356842855413,66.44678909255745,5.095854240850844,46.92948960985759,1.560667617670845e-12,6.5367681662503605,,,0.2544626254449179,0.6999999730327127,0.9698469089392228,48.1018604947723,1,478438412.5292077,2.1439186932070253,3.437369032454009,0.6237092011259662,0.7454657058603607,0,10,474052498.6362527,0.8136229660418964,0.0,1.22,0.7,313024350.2032281,3.4828656079976928e-09,6.500056897088476,0.9943838808065083,-0.045260860788516766,0,54.043568435222056,54.04356842855414,local__potential_shape__A3__ct1e-06__p4
fixed_RAR,invariant,D631-7,1,outer_holdout,7.19,57.3,3.94,53.86649728632207,53.86649728632207,65.98615277302498,4.958507700059416,46.77572740334136,1.363472744408327e-12,6.973199275273012,,,0.2544626254449179,0.6999999730327127,0.9698469089392228,48.1018604947723,1,478438412.5292077,2.1439186932070253,3.437369032454009,0.6237092011259662,0.7454657058603607,0,10,474052498.6362527,0.8136229660418964,0.0,1.22,0.7,293379039.54553986,3.2642820479530167e-09,6.973199275273012,1.0,-0.134722127530722,0,53.86649729145032,53.866497286322065,local__potential_shape__A3__ct1e-06__p4
fixed_RAR,invariant,DDO064,2,outer_holdout,1.88,46.3,4.62,44.87174778250872,44.87174778250872,45.61315024689053,4.971500661772728,45.547433384559575,8.801989241397347e-12,1.7588568343069582,,,0.4735956069551327,0.6999999994836695,0.9355621459079564,61.529917558594974,2,383148031.5129467,1.743387792170922,2.3487244501598172,0.7422700402562312,0.6671107638808029,-1,10,351499155.9599616,0.7983802954905698,0.0,1.2,0.69,841936556.3085173,9.367807565702623e-09,3.099902169702708,1.76245280982415,2.117142124312295,0,44.87174820016105,44.87174778250872,local__potential_shape__A3__ct1e-06__p4
fixed_RAR,invariant,DDO064,2,outer_holdout,2.08,46.4,4.62,47.04603263834584,47.04603263834584,45.71166677010197,4.971500661772728,47.754458952413685,8.701835375255659e-12,1.9459692634885493,,,0.4735956069551327,0.6999999994836695,0.9355621459079564,61.529917558594974,2,383148031.5129467,1.743387792170922,2.3487244501598172,0.7422700402562312,0.6671107638808029,-1,10,351499155.9599616,0.7983802954905698,0.0,1.2,0.69,791411182.4416444,8.805636965051561e-09,2.9474115044565576,1.5146238739520057,1.5757516744399709,0,47.046032980212054,47.04603263834583,local__potential_shape__A3__ct1e-06__p4
fixed_RAR,invariant,DDO064,2,outer_holdout,2.27,46.3,4.62,48.31604862902175,48.31604862902175,45.61315024689053,4.971500661772728,49.04359903701688,8.19021651126507e-12,2.123726071211061,,,0.4735956069551327,0.6999999994836695,0.9355621459079564,61.529917558594974,2,383148031.5129467,1.743387792170922,2.3487244501598172,0.7422700402562312,0.6671107638808029,-1,10,351499155.9599616,0.7983802954905698,0.0,1.2,0.69,745119318.49665,8.290570514919316e-09,2.9483558245713035,1.3882938409707402,1.483468316036351,0,48.31604890490107,48.31604862902175,local__potential_shape__A3__ct1e-06__p4
fixed_RAR,invariant,DDO064,2,outer_holdout,2.37,46.4,6.73,49.11258148240099,49.11258148240099,45.71166677010197,6.925247165775287,49.852126203236296,8.039996845498306e-12,2.217282285801857,,,0.4735956069551327,0.6999999994836695,0.9355621459079564,61.529917558594974,2,383148031.5129467,1.743387792170922,2.3487244501598172,0.7422700402562312,0.6671107638808029,-1,10,351499155.9599616,0.7983802954905698,0.0,1.2,0.69,721694505.2834485,8.029934317572174e-09,2.9090217956216606,1.3119762937941135,1.5299147438546683,0,49.11258172919284,49.112581482400984,local__potential_shape__A3__ct1e-06__p4
fixed_RAR,invariant,DDO064,2,outer_holdout,2.98,46.9,8.65,52.70195588850584,52.70195588850584,46.20424938615909,8.753228968364825,53.49554995500805,6.870673821759296e-12,2.7879751948057105,,,0.4735956069551327,0.6999999994836695,0.9355621459079564,61.529917558594974,2,383148031.5129467,1.743387792170922,2.3487244501598172,0.7422700402562312,0.6671107638808029,-1,10,351499155.9599616,0.7983802954905698,0.0,1.2,0.69,591069816.1104966,6.57653864026946e-09,2.7879751948057105,1.0,1.0976518457065367,0,52.701956007659206,52.701955888505836,local__potential_shape__A3__ct1e-06__p4
fixed_RAR,invariant,DDO154,3,outer_holdout,4.44,47.4,0.3,48.31370521260696,48.31370521260696,48.92593932301485,2.023830027506538,46.806860711620864,2.353842587103574e-12,4.200037694335836,,,0.3186741139938436,0.6999999770314959,0.9459544356612242,60.54728374635621,3,316664370.12515485,2.6131703855663355,3.4368927435069634,0.7603293383254923,0.6064768797419114,2,10,389413761.6108014,0.9392323437340356,0.0,0.65,0.37,322532163.598276,3.5886542990671666e-09,4.4406349077708365,1.057284536698199,0.4585281486308759,1,48.31370522261297,48.31370521260696,local__potential_shape__A3__ct1e-06__p4
fixed_RAR,invariant,DDO154,3,outer_holdout,4.94,48.2,0.6,48.6640824311166,48.6640824311166,49.75169357319232,2.0936933684158383,47.14631009955615,1.979584955929283e-12,4.673014912166448,,,0.3186741139938436,0.6999999770314959,0.9459544356612242,60.54728374635621,3,316664370.12515485,2.6131703855663355,3.4368927435069634,0.7603293383254923,0.6064768797419114,2,10,389413761.6108014,0.9392323437340356,0.0,0.65,0.37,291037250.73493284,3.2382261334391405e-09,4.764571946324141,1.019592711745755,0.26212336405762926,1,48.66408243779851,48.6640824311166,local__potential_shape__A3__ct1e-06__p4
fixed_RAR,invariant,DDO154,3,outer_holdout,5.43,47.4,0.7,48.720746771343606,48.720746771343606,48.92593932301485,2.126512821802624,47.20120714934048,1.663422873695107e-12,5.136532585640447,,,0.3186741139938436,0.6999999770314959,0.9459544356612242,60.54728374635621,3,316664370.12515485,2.6131703855663355,3.4368927435069634,0.7603293383254923,0.6064768797419114,2,10,389413761.6108014,0.9392323437340356,0.0,0.65,0.37,265086042.05394787,2.9494799955035695e-09,5.164563795499882,1.0054572241861754,0.11077518858735402,1,48.72074677594787,48.72074677134361,local__potential_shape__A3__ct1e-06__p4
fixed_RAR,invariant,DDO154,3,outer_holdout,5.92,45.5,1.3,48.67716426160395,48.67716426160395,46.96477297884337,2.4084358377279824,47.15898392398713,1.4074270545983432e-12,5.600050259114447,,,0.3186741139938436,0.6999999770314959,0.9459544356612242,60.54728374635621,3,316664370.12515485,2.6131703855663355,3.4368927435069634,0.7603293383254923,0.6064768797419114,2,10,389413761.6108014,0.9392323437340356,0.0,0.65,0.37,243202684.84372637,2.7059948092376267e-09,5.600050259114447,1.0,0.02072037575885588,1,48.67716426486304,48.67716426160395,local__potential_shape__A3__ct1e-06__p4
fixed_RAR,invariant,DDO161,4,outer_holdout,9.11,63.0,2.09,61.71377184424816,61.71377184424816,62.13594734822234,2.872125278507673,62.57195379027026,4.264381827284191e-12,4.972824400433956,,,0.3293348858426955,0.7,0.5458643688731016,72.31854491507275,4,841811406.0838845,3.385533616555559,4.60215540696504,0.7356408719774632,0.9888309511845206,3,10,2078188125.9371011,0.8818932112671833,0.0,2.04,1.22,679549961.1928579,7.561013024124676e-09,5.164339239713607,1.0385122867525622,1.2937296795848852,3,61.713772084825905,61.71377184424817,local__potential_shape__A3__ct1e-06__p4
fixed_RAR,invariant,DDO161,4,outer_holdout,9.58,64.5,2.38,62.48760077006309,62.48760077006309,63.61537466603716,3.083843321488722,63.35654345868119,4.0703745573400146e-12,5.229380653804314,,,0.3293348858426955,0.7,0.5458643688731016,72.31854491507275,4,841811406.0838845,3.385533616555559,4.60215540696504,0.7356408719774632,0.9888309511845206,3,10,2078188125.9371011,0.8818932112671833,0.0,2.04,1.22,646571313.6311496,7.194076083543604e-09,5.147916715885737,0.9844218764493051,0.992539409606934,3,62.48760096970299,62.48760077006309,local__potential_shape__A3__ct1e-06__p4
fixed_RAR,invariant,DDO161,4,outer_holdout,10.05,65.6,1.08,63.103344258659696,63.103344258659696,64.70028803243468,2.2659710434646763,63.9808493787984,3.8641810373705175e-12,5.485936907174672,,,0.3293348858426955,0.7,0.5458643688731016,72.31854491507275,4,841811406.0838845,3.385533616555559,4.60215540696504,0.7356408719774632,0.9888309511845206,3,10,2078188125.9371011,0.8818932112671833,0.0,2.04,1.22,615177949.0746186,6.844777795208244e-09,5.159323379011557,0.9404634917080508,0.5462699910943911,3,63.1033444238723,63.103344258659696,local__potential_shape__A3__ct1e-06__p4
fixed_RAR,invariant,DDO161,4,outer_holdout,10.52,67.5,3.22,63.13273265973862,63.13273265973862,66.57422930166679,3.7531243801210814,64.01064645033247,3.558151013323732e-12,5.742493160545029,,,0.3293348858426955,0.7,0.5458643688731016,72.31854491507275,4,841811406.0838845,3.385533616555559,4.60215540696504,0.7356408719774632,0.9888309511845206,3,10,2078188125.9371011,0.8818932112671833,0.0,2.04,1.22,585824389.1267409,6.518175393994451e-09,5.335713803107785,0.9291632839491903,0.07515890432932792,3,63.13273279566763,63.13273265973862,local__potential_shape__A3__ct1e-06__p4
fixed_RAR,invariant,DDO161,4,outer_holdout,10.99,66.8,2.37,62.99069486847751,62.99069486847751,65.88382988668654,3.0763425740743755,63.866633504021344,3.2547362499538118e-12,5.999049413915387,,,0.3293348858426955,0.7,0.5458643688731016,72.31854491507275,4,841811406.0838845,3.385533616555559,4.60215540696504,0.7356408719774632,0.9888309511845206,3,10,2078188125.9371011,0.8818932112671833,0.0,2.04,1.22,558883867.275229,6.218421662512466e-09,5.5648726138587685,0.9276257336621528,-0.18202909493709285,3,62.990694980821644,62.9906948684775,local__potential_shape__A3__ct1e-06__p4
fixed_RAR,invariant,DDO161,4,outer_holdout,11.46,66.8,0.95,62.66166775187183,62.66166775187183,65.88382988668654,2.208600002293943,63.53303098839557,2.9535416952044936e-12,6.255605667285745,,,0.3293348858426955,0.7,0.5458643688731016,72.31854491507275,4,841811406.0838845,3.385533616555559,4.60215540696504,0.7356408719774632,0.9888309511845206,3,10,2078188125.9371011,0.8818932112671833,0.0,2.04,1.22,534337565.7232074,5.945307224534808e-09,5.8630291875666,0.9372440494815459,-0.3483034643938936,3,62.66166784525155,62.66166775187183,local__potential_shape__A3__ct1e-06__p4
fixed_RAR,invariant,DDO161,4,outer_holdout,11.94,66.6,0.96,62.30624970313116,62.30624970313116,65.68657291097789,2.2128022155832605,63.172670552508485,2.6790616780711506e-12,6.517620564344833,,,0.3293348858426955,0.7,0.5458643688731016,72.31854491507275,4,841811406.0838845,3.385533616555559,4.60215540696504,0.7356408719774632,0.9888309511845206,3,10,2078188125.9371011,0.8818932112671833,0.0,2.04,1.22,511593570.6725162,5.69224615085446e-09,6.1885915580789055,0.949517005014697,-0.43955884205684015,3,62.30624978115363,62.306249703131165,local__potential_shape__A3__ct1e-06__p4
fixed_RAR,invariant,DDO161,4,outer_holdout,12.41,66.8,0.99,61.90100413149313,61.90100413149313,65.88382988668654,2.225623503694257,62.76178970007507,2.432725545990652e-12,6.774176817715191,,,0.3293348858426955,0.7,0.5458643688731016,72.31854491507275,4,841811406.0838845,3.385533616555559,4.60215540696504,0.7356408719774632,0.9888309511845206,3,10,2078188125.9371011,0.8818932112671833,0.0,2.04,1.22,491381787.08766615,5.467359729468189e-09,6.545990859628143,0.9663153229938849,-0.3913153921537287,3,61.90100419746544,61.90100413149314,local__potential_shape__A3__ct1e-06__p4
fixed_RAR,invariant,DDO161,4,outer_holdout,12.9,66.3,0.74,61.63823651468064,61.63823651468064,65.39068744741493,2.129009677064833,62.49536807836207,2.2267952209168538e-12,7.041650358463011,,,0.3293348858426955,0.7,0.5458643688731016,72.31854491507275,4,841811406.0838845,3.385533616555559,4.60215540696504,0.7356408719774632,0.9888309511845206,3,10,2078188125.9371011,0.8818932112671833,0.0,2.04,1.22,472171419.52668184,5.253615564032792e-09,6.871774032457174,0.975875495465112,-0.49751020449218686,3,61.63823657068693,61.63823651468065,local__potential_shape__A3__ct1e-06__p4
fixed_RAR,invariant,DDO161,4,outer_holdout,13.37,66.1,1.31,61.160339572927214,61.160339572927214,65.1934304717063,2.381039639813993,62.01082557735637,2.022082260531064e-12,7.298206611833368,,,0.3293348858426955,0.7,0.5458643688731016,72.31854491507275,4,841811406.0838845,3.385533616555559,4.60215540696504,0.7356408719774632,0.9888309511845206,3,10,2078188125.9371011,0.8818932112671833,0.0,2.04,1.22,455371156.3001557,5.066687425825693e-09,7.298206611833368,1.0,-0.8920507262664614,3,61.160339621002265,61.16033957292721,local__potential_shape__A3__ct1e-06__p4
fixed_RAR,invariant,DDO168,5,outer_holdout,3.3,54.8,2.2,54.34599071817061,54.34599071817061,60.29814168416827,3.1400518433390125,49.39058166924716,6.301207870959289e-12,3.1108013728821486,,,0.4214193131594256,0.6999999938802294,0.9426670826915602,54.07270690538475,0,536314725.9078815,2.0057102622123457,3.0461010407160156,0.6584516519323614,0.7892680263406487,1,10,642006110.4652272,0.855583756986299,0.0,1.29,1.02,727530758.3415527,8.094871390494602e-09,3.74176929622243,1.2028313118415823,0.960140258135425,1,54.345990942921624,54.345990718170604,local__potential_shape__A3__ct1e-06__p4
fixed_RAR,invariant,DDO168,5,outer_holdout,3.71,55.0,2.5,55.77490049455843,55.77490049455843,60.518207894694434,3.4010369975417256,50.6891997287588,5.601054489922771e-12,3.497294876785688,,,0.4214193131594256,0.6999999938802294,0.9426670826915602,54.07270690538475,0,536314725.9078815,2.0057102622123457,3.0461010407160156,0.6584516519323614,0.7892680263406487,1,10,642006110.4652272,0.855583756986299,0.0,1.29,1.02,656721277.7478405,7.307009664977387e-09,3.7998000549571294,1.086496903701031,0.9088568436327478,1,55.77490064769955,55.77490049455842,local__potential_shape__A3__ct1e-06__p4
fixed_RAR,invariant,DDO168,5,outer_holdout,4.12,52.0,2.7,56.82887695022088,56.82887695022088,57.217214736802006,3.5813698805131264,51.64707186473321,4.955861367588315e-12,3.883788380689228,,,0.4214193131594256,0.6999999938802294,0.9426670826915602,54.07270690538475,0,536314725.9078815,2.0057102622123457,3.0461010407160156,0.6584516519323614,0.7892680263406487,1,10,642006110.4652272,0.855583756986299,0.0,1.29,1.02,593916310.7601237,6.6082101645840995e-09,3.883788380689228,1.0,0.7560470159521628,1,56.828877054596425,56.828876950220874,local__potential_shape__A3__ct1e-06__p4
fixed_RAR,invariant,DDO170,6,outer_holdout,9.34,59.0,1.2,64.72780391782211,64.72780391782211,59.73940744211516,2.3401536860657064,63.92665402401068,3.1728057750236482e-12,6.4222643073335695,,,0.5036153034146245,0.6999999980488879,0.6876085982155856,64.45386086432678,1,1007645796.2379873,4.140517656390216,5.574447345329753,0.7427673812111837,1.0818538562964346,2,10,1230910621.843163,0.7941681407673765,0.0,3.03,1.95,664236270.8757122,7.3906252402270764e-09,6.784667271149684,1.056429157454994,0.7538404165730981,0,64.72780415145375,64.72780391782211,local__potential_shape__A3__ct1e-06__p4
fixed_RAR,invariant,DDO170,6,outer_holdout,10.83,60.0,1.3,65.60434297587837,65.60434297587837,60.75193977164253,2.394290020860348,64.79234397039036,2.53267189099822e-12,7.446801118674792,,,0.5036153034146245,0.6999999980488879,0.6876085982155856,64.45386086432678,1,1007645796.2379873,4.140517656390216,5.574447345329753,0.7427673812111837,1.0818538562964346,2,10,1230910621.843163,0.7941681407673765,0.0,3.03,1.95,574678937.8641068,6.394165524273323e-09,7.353528921489464,0.9874748639450805,0.16781814269819506,0,65.60434310855186,65.60434297587838,local__potential_shape__A3__ct1e-06__p4
fixed_RAR,invariant,DDO170,6,outer_holdout,12.33,62.2,1.0,65.08889694609101,65.08889694609101,62.97951089660277,2.24170063084662,64.28327772652243,1.9278420295474904e-12,8.478214015998171,,,0.5036153034146245,0.6999999980488879,0.6876085982155856,64.45386086432678,1,1007645796.2379873,4.140517656390216,5.574447345329753,0.7427673812111837,1.0818538562964346,2,10,1230910621.843163,0.7941681407673765,0.0,3.03,1.95,504343426.5572032,5.611577418291462e-09,8.478214015998171,1.0,-0.3750884206218643,0,65.08889702417515,65.08889694609101,local__potential_shape__A3__ct1e-06__p4
fixed_RAR,invariant,ESO079-G014,7,outer_holdout,10.04,163.0,3.28,159.2157994165989,159.2157994165989,162.3192711509364,3.8299775572346815,159.88351303508122,2.7947562317247643e-11,11.253085601217297,,,0.4871264008807197,0.6999999986482232,1.120825259085388,80.31375740454236,2,44588012002.2166,10.618420391088307,13.997870598242486,0.7585739785608185,7.196539333870197,3,4,27265938694.92792,0.1531654584397957,0.0,7.23,5.08,15663073371.430183,1.7427519464693733e-07,18.162787585896872,1.614027319220972,2.040082783388357,0,159.39801316104734,159.2157994165989,local__potential_shape__A3__ct1e-06__p4
fixed_RAR,invariant,ESO079-G014,7,outer_holdout,11.65,170.0,2.41,169.22881711944746,169.22881711944746,169.29003739668212,3.124050117581965,169.93852297932034,2.674838885530252e-11,13.057614268344771,,,0.4871264008807197,0.6999999986482232,1.120825259085388,80.31375740454236,2,44588012002.2166,10.618420391088307,13.997870598242486,0.7585739785608185,7.196539333870197,3,4,27265938694.92792,0.1531654584397957,0.0,7.23,5.08,14141356312.196903,1.5734380893440077e-07,17.133373867538968,1.3121366212413665,1.4587953654698822,0,169.35756592722544,169.22881711944746,local__potential_shape__A3__ct1e-06__p4
fixed_RAR,invariant,ESO079-G014,7,outer_holdout,13.36,175.0,2.18,175.53670031739324,175.53670031739324,174.26915614364336,2.951743291710919,176.27285995591433,2.40776394667734e-11,14.974225461380785,,,0.4871264008807197,0.6999999986482232,1.120825259085388,80.31375740454236,2,44588012002.2166,10.618420391088307,13.997870598242486,0.7585739785608185,7.196539333870197,3,4,27265938694.92792,0.1531654584397957,0.0,7.23,5.08,12641605121.667593,1.4065682647231157e-07,17.015227809258448,1.1363010296019318,0.9589341459723641,0,175.62201764399123,175.53670031739327,local__potential_shape__A3__ct1e-06__p4
fixed_RAR,invariant,ESO079-G014,7,outer_holdout,15.06,177.0,2.23,177.99271050782824,177.99271050782824,176.26080364242787,2.988553258584852,178.7391700754851,2.065564537425897e-11,16.879628401825943,,,0.4871264008807197,0.6999999986482232,1.120825259085388,80.31375740454236,2,44588012002.2166,10.618420391088307,13.997870598242486,0.7585739785608185,7.196539333870197,3,4,27265938694.92792,0.1531654584397957,0.0,7.23,5.08,11331143021.518055,1.2607596918043633e-07,17.77806162165735,1.0532258885352133,0.620762758808894,0,178.04856462176306,177.99271050782826,local__potential_shape__A3__ct1e-06__p4
fixed_RAR,invariant,ESO079-G014,7,outer_holdout,16.67,178.0,2.03,179.18687919655738,179.18687919655738,177.2566273918201,2.84368634885123,179.93834682685093,1.780252621054928e-11,18.684157068953414,,,0.4871264008807197,0.6999999986482232,1.120825259085388,80.31375740454236,2,44588012002.2166,10.618420391088307,13.997870598242486,0.7585739785608185,7.196539333870197,3,4,27265938694.92792,0.1531654584397957,0.0,7.23,5.08,10263741101.575964,1.1419952111988325e-07,18.684157068953414,1.0,0.4521814296672346,0,179.22473610460156,179.18687919655736,local__potential_shape__A3__ct1e-06__p4
fixed_RAR,invariant,ESO116-G012,8,outer_holdout,6.81,108.0,2.1,104.90227761049609,104.90227761049609,107.57048202535977,2.893957921302925,105.32114171676444,8.65180045842718e-12,9.70672674668764,,,0.3222541002077354,0.7000000078323732,1.4253636926119886,74.81824064838473,3,8741570091.94661,6.71524030165408,11.079186526401863,0.6061131190138883,3.1864666016222736,3,7,3418379880.319537,0.4213662759638515,0.0,2.75,1.51,3624400126.9043283,4.032689004360843e-08,13.576227196144064,1.398641122845749,0.9486365587922023,3,104.90249204113216,104.90227761049607,local__potential_shape__A3__ct1e-06__p4
fixed_RAR,invariant,ESO116-G012,8,outer_holdout,7.56,109.0,2.1,108.157592123345,108.157592123345,108.56650500707606,2.893957921302925,108.58945436878732,8.010463203452406e-12,10.775749516146632,,,0.3222541002077354,0.7000000078323732,1.4253636926119886,74.81824064838473,3,8741570091.94661,6.71524030165408,11.079186526401863,0.6061131190138883,3.1864666016222736,3,7,3418379880.319537,0.4213662759638515,0.0,2.75,1.51,3349904331.450071,3.7272712421621806e-08,13.552650206675237,1.2576990757225408,1.4644598734854526,3,108.15775346422693,108.15759212334503,local__potential_shape__A3__ct1e-06__p4
fixed_RAR,invariant,ESO116-G012,8,outer_holdout,8.32,110.0,2.1,112.39922390705824,112.39922390705824,109.56252798879235,2.893957921302925,112.84802255604367,7.74584750383137e-12,11.859025922531746,,,0.3222541002077354,0.7000000078323732,1.4253636926119886,74.81824064838473,3,8741570091.94661,6.71524030165408,11.079186526401863,0.6061131190138883,3.1864666016222736,3,7,3418379880.319537,0.4213662759638515,0.0,2.75,1.51,3086661174.8645973,3.4343737292316224e-08,12.914258386942514,1.0889813776699706,1.4496500427005685,3,112.39934476557859,112.39922390705824,local__potential_shape__A3__ct1e-06__p4
fixed_RAR,invariant,ESO116-G012,8,outer_holdout,9.09,111.0,2.33,115.36541440885416,115.36541440885416,110.55855097050863,3.0636259885996178,115.82605675429556,7.25806473105826e-12,12.956555965842975,,,0.3222541002077354,0.7000000078323732,1.4253636926119886,74.81824064838473,3,8741570091.94661,6.71524030165408,11.079186526401863,0.6061131190138883,3.1864666016222736,3,7,3418379880.319537,0.4213662759638515,0.0,2.75,1.51,2832809485.0786166,3.151925632361945e-08,12.648702719472405,0.9762395773088037,0.4452034458849994,3,115.36550241306823,115.36541440885415,local__potential_shape__A3__ct1e-06__p4
fixed_RAR,invariant,ESO116-G012,8,outer_holdout,9.86,112.0,4.74,114.0402608786163,114.0402608786163,111.55457395222494,5.127304091891998,114.49561202102802,6.016130862750525e-12,14.054086009154206,,,0.3222541002077354,0.7000000078323732,1.4253636926119886,74.81824064838473,3,8741570091.94661,6.71524030165408,11.079186526401863,0.6061131190138883,3.1864666016222736,3,7,3418379880.319537,0.4213662759638515,0.0,2.75,1.51,2608978058.5434246,2.9028795830810022e-08,14.054086009154206,1.0,-1.061264923412864,3,114.04032346767822,114.04026087861631,local__potential_shape__A3__ct1e-06__p4
fixed_RAR,invariant,ESO563-G021,9,outer_holdout,28.8,312.0,8.37,318.222628149121,318.222628149121,311.21104871958363,8.585047675921418,319.02935448794693,5.2701584084718856e-11,30.17328340604892,,,0.7562905721646423,0.7000000033951715,1.0476834515989208,84.30391601038427,4,349034227388.7358,12.562791248145146,19.71627085279749,0.6371788733244474,20.134862001488525,2,4,162041898514.36777,0.1994320005892464,0.0,10.59,5.45,47067880392.02021,5.23700797565063e-07,28.9434586496106,0.959241268512668,-0.2671374590903497,1,331.2440708620703,318.222628149121,local__potential_shape__A3__ct1e-06__p4
fixed_RAR,invariant,ESO563-G021,9,outer_holdout,30.53,311.0,11.5,313.74899783319745,313.74899783319745,310.21357740958496,11.643968702176569,314.54438306964164,4.605938021495457e-11,31.98577577731505,,,0.7562905721646423,0.7000000033951715,1.0476834515989208,84.30391601038427,4,349034227388.7358,12.562791248145146,19.71627085279749,0.6371788733244474,20.134862001488525,2,4,162041898514.36777,0.1994320005892464,0.0,10.59,5.45,44312119084.517044,4.930388178324251e-07,31.178404296866606,0.9747584211785462,-0.198948293296894,1,324.02926090143814,313.74899783319745,local__potential_shape__A3__ct1e-06__p4
fixed_RAR,invariant,ESO563-G021,9,outer_holdout,32.18,310.0,14.5,310.99982759239776,310.99982759239776,309.2161060995863,14.60095990852529,311.7882434060323,4.1240960520426876e-11,33.71445347245327,,,0.7562905721646423,0.7000000033951715,1.0476834515989208,84.30391601038427,4,349034227388.7358,12.562791248145146,19.71627085279749,0.6371788733244474,20.134862001488525,2,4,162041898514.36777,0.1994320005892464,0.0,10.59,5.45,41987250231.94249,4.6717116324108114e-07,32.99423904178963,0.9786378138606905,-0.035667747765273816,1,319.3283305401773,310.99982759239776,local__potential_shape__A3__ct1e-06__p4
fixed_RAR,invariant,ESO563-G021,9,outer_holdout,33.91,313.0,15.9,309.0420061036811,309.0420061036811,312.20852002958225,15.985401474398865,309.82545864311084,3.719415627835493e-11,35.5269458437194,,,0.7562905721646423,0.7000000033951715,1.0476834515989208,84.30391601038427,4,349034227388.7358,12.562791248145146,19.71627085279749,0.6371788733244474,20.134862001488525,2,4,162041898514.36777,0.1994320005892464,0.0,10.59,5.45,39796838456.43672,4.427995453931112e-07,34.67554658042846,0.9760351124175946,-0.05496378626344267,1,315.7970885849495,309.04200610368105,local__potential_shape__A3__ct1e-06__p4
fixed_RAR,invariant,ESO563-G021,9,outer_holdout,35.65,320.0,8.83,306.49957661996655,306.49957661996655,319.19081919957296,9.031892393001124,307.2765838451801,3.342724472776781e-11,37.349915049501526,,,0.7562905721646423,0.7000000033951715,1.0476834515989208,84.30391601038427,4,349034227388.7358,12.562791248145146,19.71627085279749,0.6371788733244474,20.134862001488525,2,4,162041898514.36777,0.1994320005892464,0.0,10.59,5.45,37813346364.67236,4.2073021952227595e-07,36.66012881445159,0.9815317857045798,-0.08857037023688008,1,312.00826634584104,306.49957661996655,local__potential_shape__A3__ct1e-06__p4
fixed_RAR,invariant,ESO563-G021,9,outer_holdout,37.3,321.0,7.88,304.66637298650323,304.66637298650323,320.1882905095716,8.110534018898834,305.43873285629724,3.0469659909253385e-11,39.07859274463974,,,0.7562905721646423,0.7000000033951715,1.0476834515989208,84.30391601038427,4,349034227388.7358,12.562791248145146,19.71627085279749,0.6371788733244474,20.134862001488525,2,4,162041898514.36777,0.1994320005892464,0.0,10.59,5.45,36110982962.81739,4.0178887217730034e-07,38.40795271621543,0.9828386852923127,-0.11241906643067523,1,309.2507042879952,304.66637298650323,local__potential_shape__A3__ct1e-06__p4
fixed_RAR,invariant,ESO563-G021,9,outer_holdout,39.03,320.0,8.0,302.3649197585738,302.3649197585738,319.19081919957296,8.22658719721058,303.13144521317446,2.7605450681642406e-11,40.89108511590588,,,0.7562905721646423,0.7000000033951715,1.0476834515989208,84.30391601038427,4,349034227388.7358,12.562791248145146,19.71627085279749,0.6371788733244474,20.134862001488525,2,4,162041898514.36777,0.1994320005892464,0.0,10.59,5.45,34488902755.005554,3.837407958358473e-07,40.48871472995376,0.9901599484383553,-0.17534698283645866,1,306.1714522163274,302.3649197585738,local__potential_shape__A3__ct1e-06__p4
fixed_RAR,invariant,ESO563-G021,9,outer_holdout,40.76,315.0,9.82,300.2646595205347,300.2646595205347,314.2034626495796,9.997265692364794,301.02586060438813,2.5122228112974483e-11,42.70357748717201,,,0.7562905721646423,0.7000000033951715,1.0476834515989208,84.30391601038427,4,349034227388.7358,12.562791248145146,19.71627085279749,0.6371788733244474,20.134862001488525,2,4,162041898514.36777,0.1994320005892464,0.0,10.59,5.45,33016027196.603947,3.6735284510969173e-07,42.59083098733053,0.9973597879504275,-0.11831850862699866,1,303.453174965512,300.2646595205347,local__potential_shape__A3__ct1e-06__p4
fixed_RAR,invariant,ESO563-G021,9,outer_holdout,42.41,312.0,9.07,298.7879569289065,298.7879569289065,311.21104871958363,9.26549411332485,299.54541442330435,2.314295775261034e-11,44.43225518231023,,,0.7562905721646423,0.7000000033951715,1.0476834515989208,84.30391601038427,4,349034227388.7358,12.562791248145146,19.71627085279749,0.6371788733244474,20.134862001488525,2,4,162041898514.36777,0.1994320005892464,0.0,10.59,5.45,31729831398.47544,3.5304198684085564e-07,44.43225518231023,1.0,-0.01758625435286376,1,301.50372526752744,298.7879569289065,local__potential_shape__A3__ct1e-06__p4
fixed_RAR,invariant,F568-3,10,outer_holdout,9.1,95.2,15.5,88.06965793442546,88.06965793442546,81.95976054008713,13.493333245241502,102.29692449206846,5.949019817877687e-12,8.43405807511345,,,0.3639240838130803,0.6999999788914679,0.9268195686937856,48.299047721086126,0,8595891128.154417,10.088631356884811,13.817226935760239,0.7301487775940422,3.159803689813552,4,7,8565792220.691267,0.4960837118761063,0.0,7.47,4.99,3560896494.3416777,3.962031684030401e-08,19.398287388517183,2.299994524078049,2.0543794846036576,2,88.06991382598977,88.06965793442546,local__potential_shape__A3__ct1e-06__p4
fixed_RAR,invariant,F568-3,10,outer_holdout,10.17,97.5,6.2,93.2627218556338,93.2627218556338,83.93988080523629,5.7001058525910135,108.32890508890328,5.985847576891772e-12,9.4257550136158,,,0.3639240838130803,0.6999999788914679,0.9268195686937856,48.299047721086126,0,8595891128.154417,10.088631356884811,13.817226935760239,0.7301487775940422,3.159803689813552,4,7,8565792220.691267,0.4960837118761063,0.0,7.47,4.99,3378279762.68781,3.758843167319397e-08,18.290240351480353,1.9404536108841703,1.9100400007909286,2,93.26294138019352,93.2627218556338,local__potential_shape__A3__ct1e-06__p4
fixed_RAR,invariant,F568-3,10,outer_holdout,11.99,101.0,10.2,99.86618974140283,99.86618974140283,86.95310729568067,9.006277652600682,115.99913421820553,5.692333162422193e-12,11.11256662863849,,,0.3639240838130803,0.6999999788914679,0.9268195686937856,48.299047721086126,0,8595891128.154417,10.088631356884811,13.817226935760239,0.7301487775940422,3.159803689813552,4,7,8565792220.691267,0.4960837118761063,0.0,7.47,4.99,3074631099.065298,3.4209884647192023e-08,17.50459873696576,1.5752075395304443,1.5409796783874583,2,99.8663510225329,99.86618974140283,local__potential_shape__A3__ct1e-06__p4
fixed_RAR,invariant,F568-3,10,outer_holdout,14.02,107.0,10.7,105.2095256843925,105.2095256843925,92.11863842215676,9.426475239850816,122.20566262215094,5.178394239786195e-12,12.994010353086876,,,0.3639240838130803,0.6999999788914679,0.9268195686937856,48.299047721086126,0,8595891128.154417,10.088631356884811,13.817226935760239,0.7301487775940422,3.159803689813552,4,7,8565792220.691267,0.4960837118761063,0.0,7.47,4.99,2759703331.019017,3.070584065949667e-08,17.27097047085067,1.3291485847360245,1.4376846003628998,2,105.20963596470818,105.20952568439252,local__potential_shape__A3__ct1e-06__p4
fixed_RAR,invariant,F568-3,10,outer_holdout,15.94,117.0,11.7,110.11644307443072,110.11644307443072,100.72785696628354,10.269421195481309,127.9052709720699,4.839523998136523e-12,14.773503924978945,,,0.3639240838130803,0.6999999788914679,0.9268195686937856,48.299047721086126,0,8595891128.154417,10.088631356884811,13.817226935760239,0.7301487775940422,3.159803689813552,4,7,8565792220.691267,0.4960837118761063,0.0,7.47,4.99,2484968069.804538,2.7648998621594712e-08,16.640547827955835,1.1263778662433699,1.2527960324052856,2,110.1165189547208,110.11644307443073,local__potential_shape__A3__ct1e-06__p4
fixed_RAR,invariant,F568-3,10,outer_holdout,17.98,120.0,12.0,113.33343289984587,113.33343289984587,103.31062252952158,10.52287257712327,131.6419513791549,4.314512041321881e-12,16.664215845114267,,,0.3639240838130803,0.6999999788914679,0.9268195686937856,48.299047721086126,0,8595891128.154417,10.088631356884811,13.817226935760239,0.7301487775940422,3.159803689813552,4,7,8565792220.691267,0.4960837118761063,0.0,7.47,4.99,2218539230.891573,2.4684577996086602e-08,16.66421584511427,1.0000000000000002,0.8401425634702946,2,113.33348251566888,113.33343289984589,local__potential_shape__A3__ct1e-06__p4
fixed_RAR,invariant,F568-V1,11,outer_holdout,8.21,112.0,13.1,92.5586175682627,92.5586175682627,82.51918940737539,9.856835472673447,125.62611487212308,6.7100410030522106e-12,8.713507710508415,,,0.6164925620092592,0.6999999978686228,1.061328588368869,60.7422550697588,1,9116516167.47515,10.098977605552514,13.869997373981077,0.7281167640663961,3.2540865663769183,1,7,5143401156.939018,0.6441321411475665,0.0,4.4,2.85,3715134808.770361,4.1336449532250915e-08,17.9431570392494,2.0592346544446283,1.517388830365121,1,92.55893481970233,92.5586175682627,local__potential_shape__A3__ct1e-06__p4
fixed_RAR,invariant,F568-V1,11,outer_holdout,9.0,111.0,26.4,95.23886873441631,95.23886873441631,81.78241093052382,19.55350417427491,129.26391273180948,6.303125229558214e-12,9.551957295319822,,,0.6164925620092592,0.6999999978686228,1.061328588368869,60.7422550697588,1,9116516167.47515,10.098977605552514,13.869997373981077,0.7281167640663961,3.2540865663769183,1,7,5143401156.939018,0.6441321411475665,0.0,4.4,2.85,3546932916.08096,3.9464951078959045e-08,18.236710071345602,1.909211851300995,1.5669798815641798,1,95.2391399501623,95.23886873441633,local__potential_shape__A3__ct1e-06__p4
fixed_RAR,invariant,F568-V1,11,outer_holdout,9.72,111.0,19.4,98.50007582790298,98.50007582790298,81.78241093052382,14.43274791280118,133.69021886852315,6.194759373765382e-12,10.316113878945409,,,0.6164925620092592,0.6999999978686228,1.061328588368869,60.7422550697588,1,9116516167.47515,10.098977605552514,13.869997373981077,0.7281167640663961,3.2540865663769183,1,7,5143401156.939018,0.6441321411475665,0.0,4.4,2.85,3399606631.7344522,3.7825725093595916e-08,17.78499228079944,1.7240011587209771,1.8009105883692627,1,98.50031255080152,98.50007582790299,local__potential_shape__A3__ct1e-06__p4
fixed_RAR,invariant,F568-V1,11,outer_holdout,11.79,113.0,12.5,107.71189597262487,107.71189597262487,83.25596788422695,9.424390928195583,146.19305443463014,6.037421897825055e-12,12.513064056868965,,,0.6164925620092592,0.6999999978686228,1.061328588368869,60.7422550697588,1,9116516167.47515,10.098977605552514,13.869997373981077,0.7281167640663961,3.2540865663769183,1,7,5143401156.939018,0.6441321411475665,0.0,4.4,2.85,2985186308.0519114,3.3214677129844535e-08,16.023942215720655,1.2805770147819564,1.4998253213333328,1,107.71204987277399,107.71189597262487,local__potential_shape__A3__ct1e-06__p4
fixed_RAR,invariant,F568-V1,11,outer_holdout,17.63,118.0,14.6,114.57477316747024,114.57477316747024,86.93986026848478,10.941312188469318,155.5077635506892,3.629402215857033e-12,18.71122301294316,,,0.6164925620092592,0.6999999978686228,1.061328588368869,60.7422550697588,1,9116516167.47515,10.098977605552514,13.869997373981077,0.7281167640663961,3.2540865663769183,1,7,5143401156.939018,0.6441321411475665,0.0,4.4,2.85,2095500748.4083974,2.331559025177003e-08,18.71122301294316,1.0,-0.029507291358527254,1,114.57481291686578,114.57477316747027,local__potential_shape__A3__ct1e-06__p4
fixed_RAR,invariant,F571-8,12,outer_holdout,7.22,124.0,4.0,88.11590834287068,88.11590834287068,123.82318476308936,4.467035123416165,88.2417348206749,6.997739306378709e-12,7.71446386380545,,,0.249418978053611,0.6999999918952359,1.0684852996960457,86.04392071419889,2,3688392642.495161,2.2976326582013744,7.441445937492403,0.308761587129883,2.0698230654630576,-1,5,11723557449.770838,0.2021621858513883,0.0,1.4,3.56,1942368664.3532796,2.1611766032694684e-08,8.99545962531625,1.166051171426306,0.31138430005336204,2,88.11590982909485,88.11590834287068,local__potential_shape__A3__ct1e-06__p4
fixed_RAR,invariant,F571-8,12,outer_holdout,9.33,135.0,4.0,88.67811046031348,88.67811046031348,134.8074995404602,4.467035123416165,88.80473974334984,4.501198257234153e-12,9.968967846164109,,,0.249418978053611,0.6999999918952359,1.0684852996960457,86.04392071419889,2,3688392642.495161,2.2976326582013744,7.441445937492403,0.308761587129883,2.0698230654630576,-1,5,11723557449.770838,0.2021621858513883,0.0,1.4,3.56,1552450068.2479649,1.727333655456542e-08,11.177352654903897,1.1212146359971213,0.35384824963136907,2,88.67811107067958,88.67811046031349,local__potential_shape__A3__ct1e-06__p4
fixed_RAR,invariant,F571-8,12,outer_holdout,11.1,140.0,4.0,89.70329943832543,89.70329943832543,139.80036989381057,4.467035123416165,89.83139265586139,3.4116841257772535e-12,11.860186826626109,,,0.249418978053611,0.6999999918952359,1.0684852996960457,86.04392071419889,2,3688392642.495161,2.2976326582013744,7.441445937492403,0.308761587129883,2.0698230654630576,-1,5,11723557449.770838,0.2021621858513883,0.0,1.4,3.56,1323948862.4266825,1.4730917759911727e-08,12.576269946029438,1.0603770522227967,0.33644919281876184,2,89.70329976491078,89.70329943832544,local__potential_shape__A3__ct1e-06__p4
fixed_RAR,invariant,F571-8,12,outer_holdout,15.55,144.0,5.0,90.28545158610294,90.28545158610294,143.79466617649086,5.3785457481892935,90.41437609682625,1.8623006760023485e-12,16.61494641027351,,,0.249418978053611,0.6999999918952359,1.0684852996960457,86.04392071419889,2,3688392642.495161,2.2976326582013744,7.441445937492403,0.308761587129883,2.0698230654630576,-1,5,11723557449.770838,0.2021621858513883,0.0,1.4,3.56,954771157.430477,1.0623261818333984e-08,16.61494641027351,1.0,0.07194290110305701,2,90.28545167500634,90.28545158610295,local__potential_shape__A3__ct1e-06__p4
fixed_RAR,invariant,F574-1,13,outer_holdout,8.92,96.3,4.4,94.30219361356774,94.30219361356774,90.7856205656043,4.6050273682794565,100.03017205157686,6.355013170378741e-12,9.322462406606183,,,0.5744862099324975,0.6999999784547926,1.045119103879617,74.01993265982723,3,7514571234.622855,8.928798560760773,11.59251165423477,0.7702212278992244,2.9543827004869354,1,7,8254789711.335129,0.5677818774188905,0.0,5.87,4.46,3192949120.107174,3.552635017463599e-08,16.282646633879825,1.746603625061705,1.5582731739806945,0,94.30238419951064,94.30219361356772,local__potential_shape__A3__ct1e-06__p4
fixed_RAR,invariant,F574-1,13,outer_holdout,9.87,97.8,4.4,98.7757563120278,98.7757563120278,92.19972680494394,4.6050273682794565,104.7754619463614,6.258352109184763e-12,10.31532555529182,,,0.5744862099324975,0.6999999784547926,1.045119103879617,74.01993265982723,3,7514571234.622855,8.928798560760773,11.59251165423477,0.7702212278992244,2.9543827004869354,1,7,8254789711.335129,0.5677818774188905,0.0,5.87,4.46,2999762839.313285,3.3376862913094884e-08,15.533752517094612,1.5058906705203998,1.9192012299993735,0,98.77591183672858,98.77575631202782,local__potential_shape__A3__ct1e-06__p4
fixed_RAR,invariant,F574-1,13,outer_holdout,10.79,98.8,4.62,103.22928674464772,103.22928674464772,93.14246429783702,4.792694488648281,109.49950280205373,6.24799459823401e-12,11.276835130861066,,,0.5744862099324975,0.6999999784547926,1.045119103879617,74.01993265982723,3,7514571234.622855,8.928798560760773,11.59251165423477,0.7702212278992244,2.9543827004869354,1,7,8254789711.335129,0.5677818774188905,0.0,5.87,4.46,2814239229.258908,3.131263436183216e-08,14.597208858506367,1.2944419856381961,1.9279304537891448,0,103.22941265124963,103.22928674464771,local__potential_shape__A3__ct1e-06__p4
fixed_RAR,invariant,F574-1,13,outer_holdout,11.8,99.5,4.4,107.61618619106132,107.61618619106132,93.80238054286218,4.6050273682794565,114.1528654607839,6.178075059503996e-12,12.332405425779482,,,0.5744862099324975,0.6999999784547926,1.045119103879617,74.01993265982723,3,7514571234.622855,8.928798560760773,11.59251165423477,0.7702212278992244,2.9543827004869354,1,7,8254789711.335129,0.5677818774188905,0.0,5.87,4.46,2611890505.3353,2.9061201171672355e-08,13.700967654909961,1.1109728541902828,1.7480876259021443,0,107.61628357765275,107.61618619106132,local__potential_shape__A3__ct1e-06__p4
fixed_RAR,invariant,F574-1,13,outer_holdout,12.6,99.7,5.14,110.51030726291523,110.51030726291523,93.9909280414408,5.242187011485321,117.22277738607757,6.040071593325745e-12,13.168500708883174,,,0.5744862099324975,0.6999999784547926,1.045119103879617,74.01993265982723,3,7514571234.622855,8.928798560760773,11.59251165423477,0.7702212278992244,2.9543827004869354,1,7,8254789711.335129,0.5677818774188905,0.0,5.87,4.46,2454307435.174093,2.7307853053192668e-08,13.168500708883174,1.0,1.5631375354741976,0,110.5103852316438,110.51030726291525,local__potential_shape__A3__ct1e-06__p4
fixed_RAR,invariant,F583-1,14,outer_holdout,5.86,72.3,15.5,68.64942882320706,68.64942882320706,69.62200943883167,15.059279630266854,71.2900093508298,2.915350844525012e-12,7.5610250012224975,,,0.497883740610323,0.7,1.2902773039628834,67.71043836003598,4,10760309588.116772,13.812352670273459,17.92757499341419,0.7704529293754183,3.53530617756716,4,9,3287516464.6997185,0.8600960726316152,0.0,3.74,2.36,3696928200.9669027,4.1133873700320275e-08,41.09600863565484,5.435243056200749,2.3450945690644858,2,68.64967825908792,68.64942882320707,local__potential_shape__A3__ct1e-06__p4
fixed_RAR,invariant,F583-1,14,outer_holdout,6.08,73.4,6.0,70.12738788443104,70.12738788443104,70.68126546072261,6.11412397628542,72.82481768210003,2.9466520065786358e-12,7.844886008094331,,,0.497883740610323,0.7,1.2902773039628834,67.71043836003598,4,10760309588.116772,13.812352670273459,17.92757499341419,0.7704529293754183,3.53530617756716,4,9,3287516464.6997185,0.8600960726316152,0.0,3.74,2.36,3671254857.5425773,4.084821923031868e-08,40.377101476636476,5.146932847077127,2.364802850166484,2,70.12763568584974,70.12738788443104,local__potential_shape__A3__ct1e-06__p4
fixed_RAR,invariant,F583-1,14,outer_holdout,6.43,72.4,5.81,72.63971342376445,72.63971342376445,69.71830544082177,5.941528547331152,75.43377910044852,3.0266771751457762e-12,8.29648306448134,,,0.497883740610323,0.7,1.2902773039628834,67.71043836003598,4,10760309588.116772,13.812352670273459,17.92757499341419,0.7704529293754183,3.53530617756716,4,9,3287516464.6997185,0.8600960726316152,0.0,3.74,2.36,3629633485.890026,4.038511901529628e-08,38.86387727749528,4.6843797516899865,2.5906911472678757,2,72.63995865923789,72.63971342376443,local__potential_shape__A3__ct1e-06__p4
fixed_RAR,invariant,F583-1,14,outer_holdout,6.97,77.1,12.1,76.87504968158086,76.87504968158086,74.24421753435576,11.822217292427766,79.83202634881557,3.2158918071630858e-12,8.993232808621297,,,0.497883740610323,0.7,1.2902773039628834,67.71043836003598,4,10760309588.116772,13.812352670273459,17.92757499341419,0.7704529293754183,3.53530617756716,4,9,3287516464.6997185,0.8600960726316152,0.0,3.74,2.36,3562520804.6688347,3.963838973006961e-08,35.90090815950122,3.991991414376049,2.71442075970765,2,76.87529054633808,76.87504968158086,local__potential_shape__A3__ct1e-06__p4
fixed_RAR,invariant,F583-1,14,outer_holdout,7.96,80.3,13.5,84.1009739223356,84.1009739223356,77.3256895980385,13.152907168636824,87.33589368642188,3.507053245886766e-12,10.270607339544553,,,0.497883740610323,0.7,1.2902773039628834,67.71043836003598,4,10760309588.116772,13.812352670273459,17.92757499341419,0.7704529293754183,3.53530617756716,4,9,3287516464.6997185,0.8600960726316152,0.0,3.74,2.36,3429982037.846213,3.816369706672493e-08,31.69559733504282,3.0860489830047726,2.578596147889442,2,84.10120034863456,84.10097392233558,local__potential_shape__A3__ct1e-06__p4
fixed_RAR,invariant,F583-1,14,outer_holdout,10.29,84.7,6.0,98.5667360649643,98.5667360649643,81.56271368560225,6.11412397628542,102.3580772077254,3.922026316101738e-12,13.276953457778069,,,0.497883740610323,0.7,1.2902773039628834,67.71043836003598,4,10760309588.116772,13.812352670273459,17.92757499341419,0.7704529293754183,3.53530617756716,4,9,3287516464.6997185,0.8600960726316152,0.0,3.74,2.36,3084934227.9471445,3.432452241647117e-08,25.490881879564135,1.9199345663617395,2.178204598106845,2,98.5669097142465,98.56673606496429,local__potential_shape__A3__ct1e-06__p4
fixed_RAR,invariant,F583-1,14,outer_holdout,15.49,86.9,5.6,117.86128976073653,117.86128976073653,83.68122572938414,5.751510855220988,122.39479035990674,3.5672230297520407e-12,19.986395438385063,,,0.497883740610323,0.7,1.2902773039628834,67.71043836003598,4,10760309588.116772,13.812352670273459,17.92757499341419,0.7704529293754183,3.53530617756716,4,9,3287516464.6997185,0.8600960726316152,0.0,3.74,2.36,2312753186.6318917,2.5732849627441592e-08,21.011084998949684,1.051269352881743,1.130966237838038,2,117.86135535230193,117.86128976073653,local__potential_shape__A3__ct1e-06__p4
fixed_RAR,invariant,F583-1,14,outer_holdout,16.26,85.8,8.6,119.26642550685288,119.26642550685288,82.62196970749318,8.519537329845694,123.85397424820673,3.4074391709686333e-12,20.97990896243649,,,0.497883740610323,0.7,1.2902773039628834,67.71043836003598,4,10760309588.116772,13.812352670273459,17.92757499341419,0.7704529293754183,3.53530617756716,4,9,3287516464.6997185,0.8600960726316152,0.0,3.74,2.36,2205881894.9752865,2.4543746140919147e-08,20.979908962436486,0.9999999999999998,0.9798093239587615,2,119.26648043651609,119.26642550685288,local__potential_shape__A3__ct1e-06__p4
fixed_RAR,invariant,F583-4,15,outer_holdout,5.83,61.8,3.98,63.71716419958757,63.71716419958757,61.347743100909405,4.4282508870879775,64.18688852265439,4.539705302730645e-12,5.122792286684304,,,0.4550232155408579,0.6999999969762799,0.8786950749029682,55.6078454641038,0,1121025757.6229265,3.6627293858455374,5.334457196896905,0.6866170728628539,1.1410966870284287,3,5,1760525065.1302116,0.4842475786829796,0.0,3.31,1.93,921483279.7866228,1.025288422907058e-08,6.578233011965496,1.2841108215658723,1.1719456182947852,1,63.717164943072,63.71716419958757,local__potential_shape__A3__ct1e-06__p4
fixed_RAR,invariant,F583-4,15,outer_holdout,6.09,64.4,4.9,64.49400656621732,64.49400656621732,63.92871611162729,5.259265346053099,64.96945778814064,4.381465710605573e-12,5.351253006159076,,,0.4550232155408579,0.6999999969762799,0.8786950749029682,55.6078454641038,0,1121025757.6229265,3.6627293858455374,5.334457196896905,0.6866170728628539,1.1410966870284287,3,5,1760525065.1302116,0.4842475786829796,0.0,3.31,1.93,890045462.9189007,9.903091342069837e-09,6.583278504062126,1.2302312180876216,1.3991044630638498,1,64.4940072212059,64.49400656621732,local__potential_shape__A3__ct1e-06__p4
fixed_RAR,invariant,F583-4,15,outer_holdout,6.74,67.2,4.9,67.64680761410024,67.64680761410024,66.70822550778499,5.259265346053099,68.14550135405752,4.333940774705481e-12,5.922404804846005,,,0.4550232155408579,0.6999999969762799,0.8786950749029682,55.6078454641038,0,1121025757.6229265,3.6627293858455374,5.334457196896905,0.6866170728628539,1.1410966870284287,3,5,1760525065.1302116,0.4842475786829796,0.0,3.31,1.93,813253561.8270255,9.048666211526449e-09,6.0812443852904075,1.0268201154224432,1.0231258648383346,1,67.64680809296932,67.64680761410024,local__potential_shape__A3__ct1e-06__p4
fixed_RAR,invariant,F583-4,15,outer_holdout,7.29,69.9,4.9,67.91741887950862,67.91741887950862,69.38846671122278,5.259265346053099,68.41810757161191,3.807980309061999e-12,6.405687096042638,,,0.4550232155408579,0.6999999969762799,0.8786950749029682,55.6078454641038,0,1121025757.6229265,3.6627293858455374,5.334457196896905,0.6866170728628539,1.1410966870284287,3,5,1760525065.1302116,0.4842475786829796,0.0,3.31,1.93,752681011.2368085,8.374705693431292e-09,6.405687096042638,1.0,-0.32175716112737973,1,67.9174192322778,67.91741887950862,local__potential_shape__A3__ct1e-06__p4
fixed_RAR,invariant,IC2574,16,outer_holdout,7.39,55.9,1.1,62.20354490506643,62.20354490506643,63.93441725871422,2.3627989155177227,54.38664039311747,2.387508580749942e-12,6.909511828161504,,,0.2212237256833326,0.6999999900299306,0.9349813028635324,57.62281958395289,1,1799263756.194509,7.1266375582584995,8.933388064884491,0.7977530480593363,1.4456463520228855,2,9,1922451113.885838,0.7167308391082571,0.0,3.18,2.78,1013667213.0053244,1.1278568813700893e-08,13.759413209164547,1.9913726977185997,2.505998320863455,1,62.20354623131013,62.20354490506643,local__potential_shape__A3__ct1e-06__p4
fixed_RAR,invariant,IC2574,16,outer_holdout,7.68,58.8,3.6,64.10810794294684,64.10810794294684,67.25122960308401,4.577462806256952,56.0518635762224,2.4869654429754506e-12,7.180656405991929,,,0.2212237256833326,0.6999999900299306,0.9349813028635324,57.62281958395289,1,1799263756.194509,7.1266375582584995,8.933388064884491,0.7977530480593363,1.4456463520228855,2,9,1922451113.885838,0.7167308391082571,0.0,3.18,2.78,993275871.1136076,1.1051684536712622e-08,12.943436270503762,1.802542210445142,2.7864355112220665,1,64.10810920308774,64.10810794294686,local__potential_shape__A3__ct1e-06__p4
fixed_RAR,invariant,IC2574,16,outer_holdout,7.96,57.3,4.6,65.59969711177924,65.59969711177924,65.5356370111686,5.628472776508353,57.356009889159445,2.5347665868576407e-12,7.442451170793718,,,0.2212237256833326,0.6999999900299306,0.9349813028635324,57.62281958395289,1,1799263756.194509,7.1266375582584995,8.933388064884491,0.7977530480593363,1.4456463520228855,2,9,1922451113.885838,0.7167308391082571,0.0,3.18,2.78,972992198.3210514,1.0825998240016513e-08,12.440013141481822,1.6714940892457515,2.3772822263099442,1,65.59969829909402,65.59969711177924,local__potential_shape__A3__ct1e-06__p4
fixed_RAR,invariant,IC2574,16,outer_holdout,8.25,54.0,9.0,66.92683833653456,66.92683833653456,61.761333308954704,10.486051968765988,58.516373862817325,2.5550762746432177e-12,7.713595748624143,,,0.2212237256833326,0.6999999900299306,0.9349813028635324,57.62281958395289,1,1799263756.194509,7.1266375582584995,8.933388064884491,0.7977530480593363,1.4456463520228855,2,9,1922451113.885838,0.7167308391082571,0.0,3.18,2.78,951699344.217524,1.05890832868982e-08,12.071058524265034,1.5649068109925417,1.426187867231647,1,66.92683944526506,66.92683833653456,local__potential_shape__A3__ct1e-06__p4
fixed_RAR,invariant,IC2574,16,outer_holdout,8.52,63.8,12.0,67.26072586714176,67.26072586714176,72.96987157613538,13.869697482347693,58.80830290137283,2.451036577961474e-12,7.966040700397296,,,0.2212237256833326,0.6999999900299306,0.9349813028635324,57.62281958395289,1,1799263756.194509,7.1266375582584995,8.933388064884491,0.7977530480593363,1.4456463520228855,2,9,1922451113.885838,0.7167308391082571,0.0,3.18,2.78,932206424.7399933,1.0372195307404968e-08,12.325704569031666,1.5472811441218142,1.0598775710639075,1,67.26072689287994,67.26072586714177,local__potential_shape__A3__ct1e-06__p4
fixed_RAR,invariant,IC2574,16,outer_holdout,8.81,60.5,6.2,68.04448933145433,68.04448933145433,69.19556787392148,7.367762671674264,59.49357351982209,2.4042723653421558e-12,8.237185278227722,,,0.2212237256833326,0.6999999900299306,0.9349813028635324,57.62281958395289,1,1799263756.194509,7.1266375582584995,8.933388064884491,0.7977530480593363,1.4456463520228855,2,9,1922451113.885838,0.7167308391082571,0.0,3.18,2.78,911896815.0161922,1.0146220423428825e-08,12.291686893777477,1.4922193053331567,1.5790129309275471,1,68.04449028162664,68.04448933145434,local__potential_shape__A3__ct1e-06__p4
fixed_RAR,invariant,IC2574,16,outer_holdout,9.1,61.0,5.7,68.99305463018436,68.99305463018436,69.76743207122661,6.819138118143804,60.32293589571489,2.383228220189395e-12,8.508329856058145,,,0.2212237256833326,0.6999999900299306,0.9349813028635324,57.62281958395289,1,1799263756.194509,7.1266375582584995,8.933388064884491,0.7977530480593363,1.4456463520228855,2,9,1922451113.885838,0.7167308391082571,0.0,3.18,2.78,891869754.4034824,9.923389322295617e-09,12.127890247636216,1.4254137360460764,2.1760677850766115,1,68.99305551171564,68.99305463018436,local__potential_shape__A3__ct1e-06__p4
fixed_RAR,invariant,IC2574,16,outer_holdout,9.38,66.0,1.3,70.38474327149844,70.38474327149844,75.48607404427797,2.492130362296055,61.5397358351693,2.426578317468367e-12,8.770124620859935,,,0.2212237256833326,0.6999999900299306,0.9349813028635324,57.62281958395289,1,1799263756.194509,7.1266375582584995,8.933388064884491,0.7977530480593363,1.4456463520228855,2,9,1922451113.885838,0.7167308391082571,0.0,3.18,2.78,872442245.0919774,9.707229129051333e-09,11.651768000961226,1.3285749638320121,3.222475600630105,1,70.38474409497623,70.38474327149844,local__potential_shape__A3__ct1e-06__p4
fixed_RAR,invariant,IC2574,16,outer_holdout,9.67,65.2,3.4,72.551715388802,72.551715388802,74.57109132858976,4.372848641992181,63.43439205557552,2.567432316291773e-12,9.041269198690358,,,0.2212237256833326,0.6999999900299306,0.9349813028635324,57.62281958395289,1,1799263756.194509,7.1266375582584995,8.933388064884491,0.7977530480593363,1.4456463520228855,2,9,1922451113.885838,0.7167308391082571,0.0,3.18,2.78,851553232.713071,9.474807521108384e-09,10.748856212972493,1.1888658524324751,3.1950833584419343,1,72.55171615921128,72.551715388802,local__potential_shape__A3__ct1e-06__p4
fixed_RAR,invariant,IC2574,16,outer_holdout,9.96,67.1,4.7,73.95668587469075,73.95668587469075,76.74417527834926,5.73552546953536,64.66280475609913,2.6100009784154232e-12,9.312413776520785,,,0.2212237256833326,0.6999999900299306,0.9349813028635324,57.62281958395289,1,1799263756.194509,7.1266375582584995,8.933388064884491,0.7977530480593363,1.4456463520228855,2,9,1922451113.885838,0.7167308391082571,0.0,3.18,2.78,829893964.2428535,9.233815658333706e-09,10.304605990553942,1.1065451168562497,3.2271893278712014,1,73.95668658311673,73.95668587469075,local__potential_shape__A3__ct1e-06__p4
fixed_RAR,invariant,IC2574,16,outer_holdout,10.23,67.5,9.3,75.94518653881617,75.94518653881617,77.20166663619338,10.82306958624782,66.40141741404841,2.7412475431599693e-12,9.564858728293936,,,0.2212237256833326,0.6999999900299306,0.9349813028635324,57.62281958395289,1,1799263756.194509,7.1266375582584995,8.933388064884491,0.7977530480593363,1.4456463520228855,2,9,1922451113.885838,0.7167308391082571,0.0,3.18,2.78,809053722.8193446,9.001936700453325e-09,9.564858728293936,1.0,4.441378796076606,1,75.9451871959235,75.94518653881617,local__potential_shape__A3__ct1e-06__p4
fixed_RAR,invariant,IC4202,17,outer_holdout,17.1,246.0,6.35,263.6908497813247,263.6908497813247,246.0093672828913,6.657745180606112,263.68080924175894,7.1417615241681e-11,16.96457648100622,,,0.7816127805614749,0.4137158101871992,0.9920804959652758,89.5,2,166089390347.2219,9.393779136570316,14.176724895325526,0.6626198368050237,13.889467447101804,-1,4,108701873577.65315,0.1508123039690658,0.3649073360027581,8.55,4.78,41340194165.12197,4.599716935509043e-07,18.75929973558476,1.1057923996268306,0.41262456084984933,4,271.7577515311741,263.6908497813247,local__potential_shape__A3__ct1e-06__p4
fixed_RAR,invariant,IC4202,17,outer_holdout,17.88,241.0,16.2,263.18456988058495,263.18456988058495,241.0091768909626,16.323602144246045,263.1745486186065,6.640469804441215e-11,17.73839926785913,,,0.7816127805614749,0.4137158101871992,0.9920804959652758,89.5,2,166089390347.2219,9.393779136570316,14.176724895325526,0.6626198368050237,13.889467447101804,-1,4,108701873577.65315,0.1508123039690658,0.3649073360027581,8.55,4.78,39695926579.12781,4.416767493336688e-07,19.372987231551285,1.092149688312289,0.3398501652839059,4,270.088505944228,263.1845698805849,local__potential_shape__A3__ct1e-06__p4
fixed_RAR,invariant,IC4202,17,outer_holdout,18.65,247.0,14.6,262.5495406230088,262.5495406230088,247.00940536127703,14.73690041652184,262.53954354099864,6.184509072049721e-11,18.502301249752392,,,0.7816127805614749,0.4137158101871992,0.9920804959652758,89.5,2,166089390347.2219,9.393779136570316,14.176724895325526,0.6626198368050237,13.889467447101804,-1,4,108701873577.65315,0.1508123039690658,0.3649073360027581,8.55,4.78,38185417916.69454,4.248700738544103e-07,20.009755034959802,1.0814738537038782,0.3027673591450366,4,268.4886771484658,262.5495406230088,local__potential_shape__A3__ct1e-06__p4
fixed_RAR,invariant,IC4202,17,outer_holdout,19.62,234.0,20.9,261.75167494608365,261.75167494608365,234.00891034226245,20.996267922483412,261.7417082443537,5.671061509537895e-11,19.464619330838712,,,0.7816127805614749,0.4137158101871992,0.9920804959652758,89.5,2,166089390347.2219,9.393779136570316,14.176724895325526,0.6626198368050237,13.889467447101804,-1,4,108701873577.65315,0.1508123039690658,0.3649073360027581,8.55,4.78,36426964468.02801,4.053046405721453e-07,20.816517653135165,1.0694541362108518,0.33531470151024223,4,266.6910402402335,261.75167494608365,local__potential_shape__A3__ct1e-06__p4
fixed_RAR,invariant,IC4202,17,outer_holdout,20.78,249.0,10.0,261.3913725339819,261.3913725339819,249.0094815180485,10.198412416751136,261.3814195514637,5.1689154001998934e-11,20.615432706158437,,,0.7816127805614749,0.4137158101871992,0.9920804959652758,89.5,2,166089390347.2219,9.393779136570316,14.176724895325526,0.6626198368050237,13.889467447101804,-1,4,108701873577.65315,0.1508123039690658,0.3649073360027581,8.55,4.78,34504536198.05429,3.8391474134869217e-07,21.63347194620623,1.0493823852527566,0.41657451032961035,4,265.3897691443483,261.3913725339819,local__potential_shape__A3__ct1e-06__p4
fixed_RAR,invariant,IC4202,17,outer_holdout,22.13,236.0,16.1,261.4176336777466,261.4176336777466,236.00898649903397,16.22435641166018,261.40767969528457,4.688483610791991e-11,21.954741375711556,,,0.7816127805614749,0.4137158101871992,0.9920804959652758,89.5,2,166089390347.2219,9.393779136570316,14.176724895325526,0.6626198368050237,13.889467447101804,-1,4,108701873577.65315,0.1508123039690658,0.3649073360027581,8.55,4.78,32470319920.344894,3.6128103279450674e-07,22.444173650787477,1.022292782533862,0.38288813976259917,4,264.5731017228019,261.4176336777466,local__potential_shape__A3__ct1e-06__p4
fixed_RAR,invariant,IC4202,17,outer_holdout,23.0,245.0,22.1,261.1244424586452,261.1244424586452,245.0093292045056,22.19115130940557,261.1144996400064,4.398065686947663e-11,22.817851407201346,,,0.7816127805614749,0.4137158101871992,0.9920804959652758,89.5,2,166089390347.2219,9.393779136570316,14.176724895325526,0.6626198368050237,13.889467447101804,-1,4,108701873577.65315,0.1508123039690658,0.3649073360027581,8.55,4.78,31260979633.690735,3.478253074171702e-07,23.035111927788865,1.009521515269354,0.3281600231673565,4,263.8410470986283,261.12444245864526,local__potential_shape__A3__ct1e-06__p4
fixed_RAR,invariant,IC4202,17,outer_holdout,23.58,243.0,4.2,260.9066208418889,260.9066208418889,243.0092530477341,4.652025734131977,260.8966863172298,4.217786618296072e-11,23.393258094861203,,,0.7816127805614749,0.4137158101871992,0.9920804959652758,89.5,2,166089390347.2219,9.393779136570316,14.176724895325526,0.6626198368050237,13.889467447101804,-1,4,108701873577.65315,0.1508123039690658,0.3649073360027581,8.55,4.78,30496277004.306763,3.39316843182686e-07,23.432124918790336,1.001661454072431,0.23998163493399716,4,263.3694853603248,260.9066208418889,local__potential_shape__A3__ct1e-06__p4
fixed_RAR,invariant,IC4202,17,outer_holdout,25.03,238.0,7.76,259.12847963761163,259.12847963761163,238.0090626558054,8.013874597553622,259.1186128191211,3.754368627269628e-11,24.831774814010856,,,0.7816127805614749,0.4137158101871992,0.9920804959652758,89.5,2,166089390347.2219,9.393779136570316,14.176724895325526,0.6626198368050237,13.889467447101804,-1,4,108701873577.65315,0.1508123039690658,0.3649073360027581,8.55,4.78,28729954593.515194,3.196638558889259e-07,24.79976024651943,0.9987107418728136,-0.006351072521738388,4,261.0624880133927,259.12847963761163,local__potential_shape__A3__ct1e-06__p4
fixed_RAR,invariant,IC4202,17,outer_holdout,25.9,247.0,6.14,257.91922008519845,257.91922008519845,247.00940536127703,6.457745050285348,257.90939931160625,3.5017825462989006e-11,25.69488484550064,,,0.7816127805614749,0.4137158101871992,0.9920804959652758,89.5,2,166089390347.2219,9.393779136570316,14.176724895325526,0.6626198368050237,13.889467447101804,-1,4,108701873577.65315,0.1508123039690658,0.3649073360027581,8.55,4.78,27764278664.14842,3.0891926211953023e-07,25.69488484550064,1.0,-0.0704617432811574,4,259.60116074931824,257.91922008519845,local__potential_shape__A3__ct1e-06__p4
fixed_RAR,invariant,KK98-251,18,outer_holdout,1.89,30.3,2.0,28.35480517236754,28.35480517236754,31.330542537489205,2.876928486142164,27.422142329476173,5.696513577017854e-12,0.8954773516738201,,,0.4570011846941957,0.700000014886374,0.4737975405681588,55.99336922982173,3,61090814.71357089,0.8664214621193346,1.1365168825579473,0.762348078956195,0.2663806088635008,2,10,210809062.4847134,0.725538068417201,0.0,1.28,1.34,267981940.73975965,2.9817012138545102e-09,1.5245646512601974,1.702516147851748,2.074953887720085,2,28.354805175175578,28.35480517236754,local__potential_shape__A3__ct1e-06__p4
fixed_RAR,invariant,KK98-251,18,outer_holdout,2.06,32.6,2.0,29.56564857709696,29.56564857709696,33.70876853868476,2.876928486142164,28.59315796444007,5.6708354448289885e-12,0.9760229335704071,,,0.4570011846941957,0.700000014886374,0.4737975405681588,55.99336922982173,3,61090814.71357089,0.8664214621193346,1.1365168825579473,0.762348078956195,0.2663806088635008,2,10,210809062.4847134,0.725538068417201,0.0,1.28,1.34,253856349.07265538,2.8245328102525695e-09,1.4507428518646253,1.4863819301434205,1.805825770856032,2,29.56564857945468,29.565648577096955,local__potential_shape__A3__ct1e-06__p4
fixed_RAR,invariant,KK98-251,18,outer_holdout,2.46,33.3,2.0,31.54955761347218,31.54955761347218,34.43257645209209,2.876928486142164,30.511811103952112,5.202108038317116e-12,1.165541949797671,,,0.4570011846941957,0.700000014886374,0.4737975405681588,55.99336922982173,3,61090814.71357089,0.8664214621193346,1.1365168825579473,0.762348078956195,0.2663806088635008,2,10,210809062.4847134,0.725538068417201,0.0,1.28,1.34,222124359.82084116,2.4714668140553303e-09,1.3837775372718784,1.187239581991958,1.3083718064279992,2,31.54955761494698,31.54955761347219,local__potential_shape__A3__ct1e-06__p4
fixed_RAR,invariant,KK98-251,18,outer_holdout,2.79,34.6,2.0,32.64087528342002,32.64087528342002,35.77679114842002,2.876928486142164,31.567232514540606,4.681669528674718e-12,1.3218951381851631,,,0.4570011846941957,0.700000014886374,0.4737975405681588,55.99336922982173,3,61090814.71357089,0.8664214621193346,1.1365168825579473,0.762348078956195,0.2663806088635008,2,10,210809062.4847134,0.725538068417201,0.0,1.28,1.34,198330317.53250545,2.2067223891967416e-09,1.3728965310163954,1.0385820261819347,0.7370299651133223,2,32.64087528438979,32.640875283420016,local__potential_shape__A3__ct1e-06__p4
fixed_RAR,invariant,KK98-251,18,outer_holdout,3.13,34.2,2.0,32.82674552382126,32.82674552382126,35.36318662647297,2.876928486142164,31.74698900223687,3.871793455613686e-12,1.4829863019783371,,,0.4570011846941957,0.700000014886374,0.4737975405681588,55.99336922982173,3,61090814.71357089,0.8664214621193346,1.1365168825579473,0.762348078956195,0.2663806088635008,2,10,210809062.4847134,0.725538068417201,0.0,1.28,1.34,177173949.40983185,1.971326047420904e-09,1.4829863019783371,1.0,-0.04052820746130692,2,32.82674552444239,32.82674552382126,local__potential_shape__A3__ct1e-06__p4
fixed_RAR,invariant,NGC0024,19,outer_holdout,2.34,104.0,8.52,100.64082228489036,100.64082228489036,101.15629922286824,8.524960631769192,103.47003200036424,7.271420316166616e-11,2.441597499901847,,,1.032448132307683,0.7000000098943354,1.0434177350007894,67.52716996467156,4,6276535272.1616125,2.459793066426461,5.163064265650039,0.47642115996725226,2.7000675886641115,3,5,2848805824.3501863,0.3155989054484191,0.0,2.01,1.34,8700459391.917873,9.680566630109653e-08,3.877683778407106,1.5881748644332208,1.2608726056930664,0,100.64377430041364,100.64082228489035,local__potential_shape__A3__ct1e-06__p4
fixed_RAR,invariant,NGC0024,19,outer_holdout,2.44,107.0,9.2,101.64698953684058,101.64698953684058,104.07426939275868,9.16922088404116,104.50448457530746,7.036503636522444e-11,2.545939273401926,,,1.032448132307683,0.7000000098943354,1.0434177350007894,67.52716996467156,4,6276535272.1616125,2.459793066426461,5.163064265650039,0.47642115996725226,2.7000675886641115,3,5,2848805824.3501863,0.3155989054484191,0.0,2.01,1.34,8470173876.706773,9.424339438701686e-08,3.901080066973464,1.5322753797504276,1.1431346945622636,0,101.64966774343209,101.64698953684056,local__potential_shape__A3__ct1e-06__p4
fixed_RAR,invariant,NGC0024,19,outer_holdout,2.54,107.0,9.55,102.43251166701953,102.43251166701953,104.07426939275868,9.50174392404398,105.31208926395486,6.779578623405618e-11,2.650281046902005,,,1.032448132307683,0.7000000098943354,1.0434177350007894,67.52716996467156,4,6276535272.1616125,2.459793066426461,5.163064265650039,0.47642115996725226,2.7000675886641115,3,5,2848805824.3501863,0.3155989054484191,0.0,2.01,1.34,8247812407.661074,9.176928937703824e-08,3.9426255109264,1.4876254409075054,1.0726427903213107,0,102.43493814976249,102.43251166701951,local__potential_shape__A3__ct1e-06__p4
fixed_RAR,invariant,NGC0024,19,outer_holdout,2.65,106.0,11.2,103.26987024635604,103.26987024635604,103.10161266946189,11.075825231395433,106.17298762540176,6.517829337551979e-11,2.765056997752092,,,1.032448132307683,0.7000000098943354,1.0434177350007894,67.52716996467156,4,6276535272.1616125,2.459793066426461,5.163064265650039,0.47642115996725226,2.7000675886641115,3,5,2848805824.3501863,0.3155989054484191,0.0,2.01,1.34,8012404022.199957,8.91500178442502e-08,3.983908087958474,1.4408050507448025,1.0450139969127576,0,103.27204902550567,103.26987024635606,local__potential_shape__A3__ct1e-06__p4
fixed_RAR,invariant,NGC0024,19,outer_holdout,2.76,107.0,11.2,104.01312466623683,104.01312466623683,104.07426939275868,11.075825231395433,106.93713637601292,6.263106230198579e-11,2.8798329486021785,,,1.032448132307683,0.7000000098943354,1.0434177350007894,67.52716996467156,4,6276535272.1616125,2.459793066426461,5.163064265650039,0.47642115996725226,2.7000675886641115,3,5,2848805824.3501863,0.3155989054484191,0.0,2.01,1.34,7786138748.374292,8.663247714819907e-08,4.028856652439636,1.398989706814478,1.0005183497952586,0,104.0150815651008,104.01312466623682,local__potential_shape__A3__ct1e-06__p4
fixed_RAR,invariant,NGC0024,19,outer_holdout,7.07,104.0,3.11,109.2652011427687,109.2652011427687,101.15629922286824,3.626347691356164,112.33685896131516,1.6075898719772116e-11,7.376963386455581,,,1.032448132307683,0.7000000098943354,1.0434177350007894,67.52716996467156,4,6276535272.1616125,2.459793066426461,5.163064265650039,0.47642115996725226,2.7000675886641115,3,5,2848805824.3501863,0.3155989054484191,0.0,2.01,1.34,3510005767.993247,3.9054081145062104e-08,7.075905488725315,0.9591894547988375,0.07728079992881476,0,109.26528604756854,109.26520114276872,local__potential_shape__A3__ct1e-06__p4
fixed_RAR,invariant,NGC0024,19,outer_holdout,8.49,106.0,2.55,107.61009371311518,107.61009371311518,103.10161266946189,3.1861830317305384,110.63522323515316,1.111641622004022e-11,8.858616570156702,,,1.032448132307683,0.7000000098943354,1.0434177350007894,67.52716996467156,4,6276535272.1616125,2.459793066426461,5.163064265650039,0.47642115996725226,2.7000675886641115,3,5,2848805824.3501863,0.3155989054484191,0.0,2.01,1.34,2898801906.3759465,3.225352103617533e-08,8.45090449694499,0.9539756495855989,-0.10083543634701186,0,107.61013261286833,107.61009371311516,local__potential_shape__A3__ct1e-06__p4
fixed_RAR,invariant,NGC0024,19,outer_holdout,9.91,109.0,4.95,105.7005214705454,105.7005214705454,106.0195828393523,5.213526842400294,108.6719691941002,7.943618164552078e-12,10.340269753857823,,,1.032448132307683,0.7000000098943354,1.0434177350007894,67.52716996467156,4,6276535272.1616125,2.459793066426461,5.163064265650039,0.47642115996725226,2.7000675886641115,3,5,2848805824.3501863,0.3155989054484191,0.0,2.01,1.34,2469016924.350186,2.747151819275567e-08,10.072914820387638,0.9741442979888955,-0.1970984926200572,0,105.70054157967809,105.7005214705454,local__potential_shape__A3__ct1e-06__p4
fixed_RAR,invariant,NGC0024,19,outer_holdout,11.27,110.0,2.83,104.10730854464896,104.10730854464896,106.9922395626491,3.4024856729747053,107.03396794686032,5.972925272432126e-12,11.759317873458896,,,1.032448132307683,0.7000000098943354,1.0434177350007894,67.52716996467156,4,6276535272.1616125,2.459793066426461,5.163064265650039,0.47642115996725226,2.7000675886641115,3,5,2848805824.3501863,0.3155989054484191,0.0,2.01,1.34,2167303621.746723,2.411450496221702e-08,11.759317873458896,1.0,-0.23730433637945225,0,104.10732030391742,104.10730854464896,local__potential_shape__A3__ct1e-06__p4
fixed_RAR,invariant,NGC0055,20,outer_holdout,9.82,86.8,4.0,89.5613978951477,89.5613978951477,89.41970682190514,4.580432815066112,86.93753998525123,6.556539416558871e-12,8.264067977789702,,,0.2173699172254423,0.6999999931436108,0.8415547838889718,71.05385740033024,0,3624478997.006444,5.219506095736039,7.370642203774981,0.7081480760336993,2.0518114190815284,3,9,6006249492.121613,0.3465473758175105,0.0,3.67,6.11,1850272989.627107,2.058706345623097e-08,9.14556598174002,1.1066663544297324,0.6388380898670221,1,89.5614159158796,89.5613978951477,local__potential_shape__A3__ct1e-06__p4
fixed_RAR,invariant,NGC0055,20,outer_holdout,10.43,85.4,5.7,90.0724142605282,90.0724142605282,87.97745348606796,6.203285679206811,87.43358523178027,6.003715941322148e-12,8.777416395961975,,,0.2173699172254423,0.6999999931436108,0.8415547838889718,71.05385740033024,0,3624478997.006444,5.219506095736039,7.370642203774981,0.7081480760336993,2.0518114190815284,3,9,6006249492.121613,0.3465473758175105,0.0,3.67,6.11,1750902263.2210708,1.948141501317332e-08,9.451292912499973,1.0767739031781622,0.2932928662477252,1,90.07242879327711,90.07241426052819,local__potential_shape__A3__ct1e-06__p4
fixed_RAR,invariant,NGC0055,20,outer_holdout,11.05,85.4,7.0,89.88398919383556,89.88398919383556,87.97745348606796,7.483472931623178,87.25068040721521,5.366980837393541e-12,9.29918036197314,,,0.2173699172254423,0.6999999931436108,0.8415547838889718,71.05385740033024,0,3624478997.006444,5.219506095736039,7.370642203774981,0.7081480760336993,2.0518114190815284,3,9,6006249492.121613,0.3465473758175105,0.0,3.67,6.11,1659513485.0653021,1.846457772179644e-08,10.02074927393469,1.0775948937298003,0.018472953660648272,1,89.88400089728415,89.88398919383557,local__potential_shape__A3__ct1e-06__p4
fixed_RAR,invariant,NGC0055,20,outer_holdout,11.66,86.2,4.1,89.61948692073459,89.61948692073459,88.8015982494035,4.673328122439566,86.99392719116082,4.815267646784887e-12,9.81252878014541,,,0.2173699172254423,0.6999999931436108,0.8415547838889718,71.05385740033024,0,3624478997.006444,5.219506095736039,7.370642203774981,0.7081480760336993,2.0518114190815284,3,9,6006249492.121613,0.3465473758175105,0.0,3.67,6.11,1578986769.3441951,1.7568597174187406e-08,10.626922521770954,1.0829952971219183,0.2465544309903862,1,89.61949648440942,89.61948692073459,local__potential_shape__A3__ct1e-06__p4
fixed_RAR,invariant,NGC0055,20,outer_holdout,12.28,86.1,6.2,90.0383455399607,90.0383455399607,88.69858015398654,6.692931074494646,87.40051461401201,4.455773593902233e-12,10.334292746156573,,,0.2173699172254423,0.6999999931436108,0.8415547838889718,71.05385740033024,0,3624478997.006444,5.219506095736039,7.370642203774981,0.7081480760336993,2.0518114190815284,3,9,6006249492.121613,0.3465473758175105,0.0,3.67,6.11,1504417504.346376,1.67389022053904e-08,10.941949782716653,1.0588000602930543,0.575961380512581,1,90.03835345784977,90.0383455399607,local__potential_shape__A3__ct1e-06__p4
fixed_RAR,invariant,NGC0055,20,outer_holdout,12.89,87.4,2.5,90.60811741266032,90.60811741266032,90.03781539440679,3.260821213986406,87.95359402243399,4.1724518223308815e-12,10.847641164328849,,,0.2173699172254423,0.6999999931436108,0.8415547838889718,71.05385740033024,0,3624478997.006444,5.219506095736039,7.370642203774981,0.7081480760336993,2.0518114190815284,3,9,6006249492.121613,0.3465473758175105,0.0,3.67,6.11,1436123460.1729686,1.59790284846137e-08,11.15449468320944,1.0282875801505715,0.6307115527708902,1,90.60812402937822,90.60811741266033,local__potential_shape__A3__ct1e-06__p4
fixed_RAR,invariant,NGC0055,20,outer_holdout,13.5,86.5,5.5,91.12722415705862,91.12722415705862,89.11065253565431,6.008618988551818,88.457492626167,3.914026915279814e-12,11.36098958250112,,,0.2173699172254423,0.6999999931436108,0.8415547838889718,71.05385740033024,0,3624478997.006444,5.219506095736039,7.370642203774981,0.7081480760336993,2.0518114190815284,3,9,6006249492.121613,0.3465473758175105,0.0,3.67,6.11,1372115008.1080317,1.5266838406834128e-08,11.36098958250112,1.0,0.6037161370618378,1,91.12722970227645,91.12722415705862,local__potential_shape__A3__ct1e-06__p4
fixed_RAR,invariant,NGC0100,21,outer_holdout,7.16,83.4,5.12,76.96154996466554,76.96154996466554,83.3998962498157,5.496756750871012,76.96164570549199,5.165573026934815e-12,6.962623988421285,,,0.3948548220507168,0.6999999942360687,0.9724335179359336,89.00409179504804,1,2333861239.584604,3.8469933275058557,7.404946077084186,0.5195167240192342,1.6464637162798246,0,6,4107672687.353753,0.6443307929934063,0.0,2.81,1.66,1388929274.5312173,1.5453922351616706e-08,8.713870085531862,1.2515209926635227,0.5814324139389555,0,76.96155199920952,76.96154996466554,local__potential_shape__A3__ct1e-06__p4
fixed_RAR,invariant,NGC0100,21,outer_holdout,7.52,84.6,4.0,77.41917502986406,77.41917502986406,84.59989475700728,4.4721315043053655,77.41927133998001,4.827318776853851e-12,7.312700054878221,,,0.3948548220507168,0.6999999942360687,0.9724335179359336,89.00409179504804,1,2333861239.584604,3.8469933275058557,7.404946077084186,0.5195167240192342,1.6464637162798246,0,6,4107672687.353753,0.6443307929934063,0.0,2.81,1.66,1334992127.8351526,1.485379065866922e-08,8.962355790969989,1.2255877752009399,0.6336327195798503,0,77.41917677663562,77.41917502986406,local__potential_shape__A3__ct1e-06__p4
fixed_RAR,invariant,NGC0100,21,outer_holdout,7.98,86.1,5.53,78.02195928677334,78.02195928677334,86.09989289099677,5.880546225848379,78.02205634675806,4.455710541473394e-12,7.760019473128751,,,0.3948548220507168,0.6999999942360687,0.9724335179359336,89.00409179504804,1,2333861239.584604,3.8469933275058557,7.404946077084186,0.5195167240192342,1.6464637162798246,0,6,4107672687.353753,0.6443307929934063,0.0,2.81,1.66,1270985674.5733018,1.4141622820573303e-08,9.24428104787881,1.1912703415100607,0.7377659682642843,0,78.02196073305285,78.02195928677332,local__potential_shape__A3__ct1e-06__p4
fixed_RAR,invariant,NGC0100,21,outer_holdout,8.44,87.5,10.2,78.80367598443272,78.80367598443272,87.49989114938697,10.39421671638528,78.8037740168797,4.170543394522567e-12,8.20733889137928,,,0.3948548220507168,0.6999999942360687,0.9724335179359336,89.00409179504804,1,2333861239.584604,3.8469933275058557,7.404946077084186,0.5195167240192342,1.6464637162798246,0,6,4107672687.353753,0.6443307929934063,0.0,2.81,1.66,1211492367.2088547,1.347967050283463e-08,9.414071504751343,1.147030923097324,0.8932928297009539,0,78.80367719030681,78.80367598443272,local__potential_shape__A3__ct1e-06__p4
fixed_RAR,invariant,NGC0100,21,outer_holdout,8.9,89.0,7.77,79.71895966915545,79.71895966915545,88.99988928337646,8.02326303890582,79.71905884022317,3.947194898674162e-12,8.65465830962981,,,0.3948548220507168,0.6999999942360687,0.9724335179359336,89.00409179504804,1,2333861239.584604,3.8469933275058557,7.404946077084186,0.5195167240192342,1.6464637162798246,0,6,4107672687.353753,0.6443307929934063,0.0,2.81,1.66,1155496237.2342772,1.2856629531284637e-08,9.487011335360112,1.0961739904629355,1.038709259449547,0,79.7189606786606,79.71895966915545,local__potential_shape__A3__ct1e-06__p4
fixed_RAR,invariant,NGC0100,21,outer_holdout,9.35,90.4,5.16,80.73965616665531,80.73965616665531,90.39988754176666,5.534034130286452,80.7397566074782,3.777520433474582e-12,9.09225339270098,,,0.3948548220507168,0.6999999942360687,0.9724335179359336,89.00409179504804,1,2333861239.584604,3.8469933275058557,7.404946077084186,0.5195167240192342,1.6464637162798246,0,6,4107672687.353753,0.6443307929934063,0.0,2.81,1.66,1103361501.6164606,1.2276552366209595e-08,9.465868328658827,1.0410915666140337,1.3154844790660718,0,80.73965701667889,80.73965616665532,local__potential_shape__A3__ct1e-06__p4
fixed_RAR,invariant,NGC0100,21,outer_holdout,9.62,91.2,13.7,81.54004279908965,81.54004279908965,91.19988654656105,13.845198916048137,81.54014423560035,3.71719711487365e-12,9.354810442543682,,,0.3948548220507168,0.6999999942360687,0.9724335179359336,89.00409179504804,1,2333861239.584604,3.8469933275058557,7.404946077084186,0.5195167240192342,1.6464637162798246,0,6,4107672687.353753,0.6443307929934063,0.0,2.81,1.66,1073003474.8270453,1.1938773764120393e-08,9.354810442543682,1.0,1.5535650977785735,0,81.54004356688985,81.54004279908965,local__potential_shape__A3__ct1e-06__p4
fixed_RAR,invariant,NGC0247,22,outer_holdout,10.76,103.0,9.4,108.34131128015012,108.34131128015012,103.465520301624,9.65196929184253,107.85385343179206,9.002762380232372e-12,10.12368225205786,,,0.5794146819564513,0.6999999110991992,0.9408626628306562,73.12428453894812,2,7757085774.338197,7.562585235152621,9.731307366693196,0.777139694614586,3.001676917810202,4,7,5703335589.588522,0.4071617325550956,0.0,5.87,3.74,3198078983.3799434,3.5583427601215935e-08,11.512319994252138,1.1371672586732962,1.5096510960356682,4,108.3415339387896,108.34131128015011,local__potential_shape__A3__ct1e-06__p4
fixed_RAR,invariant,NGC0247,22,outer_holdout,11.3,104.0,9.4,110.08373055805257,110.08373055805257,104.4700399162029,9.65196929184253,109.58843307823622,8.734971929695446e-12,10.631748089986417,,,0.5794146819564513,0.6999999110991992,0.9408626628306562,73.12428453894812,2,7757085774.338197,7.562585235152621,9.731307366693196,0.777139694614586,3.001676917810202,4,7,5703335589.588522,0.4071617325550956,0.0,5.87,3.74,3059067020.0589266,3.40367109134034e-08,11.34950532574283,1.0675107451457055,1.1955212617758662,4,110.0839199528366,110.08373055805257,local__potential_shape__A3__ct1e-06__p4
fixed_RAR,invariant,NGC0247,22,outer_holdout,11.84,105.0,8.9,111.23455863581472,111.23455863581472,105.47455953078176,9.161201632842548,110.73408325874026,8.343003803583829e-12,11.13981392791497,,,0.5794146819564513,0.6999999110991992,0.9408626628306562,73.12428453894812,2,7757085774.338197,7.562585235152621,9.731307366693196,0.777139694614586,3.001676917810202,4,7,5703335589.588522,0.4071617325550956,0.0,5.87,3.74,2925246382.0209484,3.254775550926253e-08,11.362907310797675,1.020026670492553,0.8625017471460978,4,111.23471865741311,111.2345586358147,local__potential_shape__A3__ct1e-06__p4
fixed_RAR,invariant,NGC0247,22,outer_holdout,12.38,105.0,8.4,111.92583692082955,111.92583692082955,105.47455953078176,8.671750073229713,111.42225128949065,7.87845149100225e-12,11.647879765843523,,,0.5794146819564513,0.6999999110991992,0.9408626628306562,73.12428453894812,2,7757085774.338197,7.562585235152621,9.731307366693196,0.777139694614586,3.001676917810202,4,7,5703335589.588522,0.4071617325550956,0.0,5.87,3.74,2798154118.0401163,3.113366336283999e-08,11.510129782196922,0.9881738147700887,0.48746978238648353,4,111.92597172585099,111.92583692082958,local__potential_shape__A3__ct1e-06__p4
fixed_RAR,invariant,NGC0247,22,outer_holdout,12.91,105.0,9.0,112.00219663681598,112.00219663681598,105.47455953078176,9.259256565295557,111.49826744176698,7.328315933114306e-12,12.146536977143771,,,0.5794146819564513,0.6999999110991992,0.9408626628306562,73.12428453894812,2,7757085774.338197,7.562585235152621,9.731307366693196,0.777139694614586,3.001676917810202,4,7,5703335589.588522,0.4071617325550956,0.0,5.87,3.74,2681241827.109322,2.9832838692264935e-08,11.85717573122584,0.9761774696390894,0.13143838877260805,4,112.00231036282094,112.00219663681598,local__potential_shape__A3__ct1e-06__p4
fixed_RAR,invariant,NGC0247,22,outer_holdout,13.48,106.0,8.4,111.70197291610047,111.70197291610047,106.47907914536064,8.671750073229713,111.19939451150432,6.717394533646538e-12,12.682828694957246,,,0.5794146819564513,0.6999999110991992,0.9408626628306562,73.12428453894812,2,7757085774.338197,7.562585235152621,9.731307366693196,0.777139694614586,3.001676917810202,4,7,5703335589.588522,0.4071617325550956,0.0,5.87,3.74,2565135695.2281013,2.8540983750806843e-08,12.375391372459658,0.9757595620116019,-0.15657054243763469,4,111.70206793097783,111.70197291610047,local__potential_shape__A3__ct1e-06__p4
fixed_RAR,invariant,NGC0247,22,outer_holdout,14.01,108.0,7.7,111.12489425316603,111.12489425316603,108.4881183745184,7.989189383699015,110.62491228680793,6.151221740905288e-12,13.181485906257494,,,0.5794146819564513,0.6999999110991992,0.9408626628306562,73.12428453894812,2,7757085774.338197,7.562585235152621,9.731307366693196,0.777139694614586,3.001676917810202,4,7,5703335589.588522,0.4071617325550956,0.0,5.87,3.74,2466223197.432183,2.7440433788636522e-08,12.99332945231984,0.9857257023012608,-0.3398778871161312,4,111.12497501949339,111.12489425316605,local__potential_shape__A3__ct1e-06__p4
fixed_RAR,invariant,NGC0247,22,outer_holdout,14.54,107.0,9.2,110.45659103381772,110.45659103381772,107.48359875993953,9.455517399385242,109.95961595048054,5.627917348267717e-12,13.68014311755774,,,0.5794146819564513,0.6999999110991992,0.9408626628306562,73.12428453894812,2,7757085774.338197,7.562585235152621,9.731307366693196,0.777139694614586,3.001676917810202,4,7,5703335589.588522,0.4071617325550956,0.0,5.87,3.74,2375685225.7374353,2.6433062995825106e-08,13.68014311755774,1.0,-0.4490372381101224,4,110.45666015907162,110.4565910338177,local__potential_shape__A3__ct1e-06__p4
fixed_RAR,invariant,NGC0289,23,outer_holdout,46.85,180.0,5.5,173.81879040712192,173.81879040712192,171.4832727012856,5.608489521501295,182.4515113365188,6.60450184399569e-12,31.001650727832345,,,0.7434796071524883,0.7000000101369965,0.661721466976144,49.03112443894517,3,47412543777.77629,6.6817322359346525,22.011884235313538,0.3035511255876582,7.420980273039227,-1,4,97263480354.5163,0.3756165198575851,0.0,2.69,6.74,6229047315.501421,6.930749844753297e-08,30.56546581389553,0.9859302681084261,0.2019924187934521,4,173.8190855024341,173.81879040712195,local__potential_shape__A3__ct1e-06__p4
fixed_RAR,invariant,NGC0289,23,outer_holdout,49.92,177.0,8.5,173.79338212142218,173.79338212142218,168.62521815626417,8.34114550667985,182.42484114674508,5.887481807136704e-12,33.033135631449106,,,0.7434796071524883,0.7000000101369965,0.661721466976144,49.03112443894517,3,47412543777.77629,6.6817322359346525,22.011884235313538,0.3035511255876582,7.420980273039227,-1,4,97263480354.5163,0.3756165198575851,0.0,2.69,6.74,5838184843.27544,6.495856693121805e-08,32.13643650686142,0.9728545562676169,0.21757809081623236,4,173.79360980202873,173.79338212142218,local__potential_shape__A3__ct1e-06__p4
fixed_RAR,invariant,NGC0289,23,outer_holdout,52.99,175.0,11.0,173.9528573974037,173.9528573974037,166.7198484595832,10.668674652981002,182.5922367721288,5.3017385422940985e-12,35.06462053506587,,,0.7434796071524883,0.7000000101369965,0.661721466976144,49.03112443894517,3,47412543777.77629,6.6817322359346525,22.011884235313538,0.3035511255876582,7.420980273039227,-1,4,97263480354.5163,0.3756165198575851,0.0,2.69,6.74,5487989424.689547,6.106211741002489e-08,33.546283594225926,0.95669889142757,0.2477715924169388,4,173.95303533504438,173.95285739740368,local__potential_shape__A3__ct1e-06__p4
fixed_RAR,invariant,NGC0289,23,outer_holdout,55.96,172.0,11.6,174.13736273895702,174.13736273895702,163.8617939145618,11.230662893607446,182.78590558283224,4.819455126109795e-12,37.02993329198502,,,0.7434796071524883,0.7000000101369965,0.661721466976144,49.03112443894517,3,47412543777.77629,6.6817322359346525,22.011884235313538,0.3035511255876582,7.420980273039227,-1,4,97263480354.5163,0.3756165198575851,0.0,2.69,6.74,5181463854.237541,5.7651560478571985e-08,34.84207303196094,0.9409164406867125,0.1102552520410427,4,174.1375042812861,174.13736273895702,local__potential_shape__A3__ct1e-06__p4
fixed_RAR,invariant,NGC0289,23,outer_holdout,59.03,168.0,12.6,173.6288127614812,173.6288127614812,160.0510545211999,12.169302067090086,182.2520984394084,4.3247944631868426e-12,39.06141819560178,,,0.7434796071524883,0.7000000101369965,0.661721466976144,49.03112443894517,3,47412543777.77629,6.6817322359346525,22.011884235313538,0.3035511255876582,7.420980273039227,-1,4,97263480354.5163,0.3756165198575851,0.0,2.69,6.74,4895277613.841718,5.446730911439011e-08,36.682701205940475,0.9391031585758157,-0.24097419715656088,4,173.6289252003826,173.62881276148119,local__potential_shape__A3__ct1e-06__p4
fixed_RAR,invariant,NGC0289,23,outer_holdout,62.0,158.0,5.38,172.23947169950503,172.23947169950503,150.52420603779512,5.501834344952746,180.79375566803304,3.8371713524760095e-12,41.02673095252093,,,0.7434796071524883,0.7000000101369965,0.661721466976144,49.03112443894517,3,47412543777.77629,6.6817322359346525,22.011884235313538,0.3035511255876582,7.420980273039227,-1,4,97263480354.5163,0.3756165198575851,0.0,2.69,6.74,4648209336.695865,5.171830379023607e-08,39.257617571979594,0.9568790069433346,-0.439560366595515,4,172.23956236909157,172.23947169950503,local__potential_shape__A3__ct1e-06__p4
fixed_RAR,invariant,NGC0289,23,outer_holdout,65.07,158.0,6.5,170.89628000938768,170.89628000938768,150.52420603779512,6.507415443621223,179.38385427991176,3.409998339380079e-12,43.058215856137686,,,0.7434796071524883,0.7000000101369965,0.661721466976144,49.03112443894517,3,47412543777.77629,6.6817322359346525,22.011884235313538,0.3035511255876582,7.420980273039227,-1,4,97263480354.5163,0.3756165198575851,0.0,2.69,6.74,4421435758.783756,4.9195107448482196e-08,42.02024755026729,0.9758938384874477,-0.36197298864590266,4,170.8963536593801,170.89628000938768,local__potential_shape__A3__ct1e-06__p4
fixed_RAR,invariant,NGC0289,23,outer_holdout,68.05,166.0,15.5,169.99836327521717,169.99836327521717,158.14568482451892,14.901440298402967,178.44134245584462,3.077963608413443e-12,45.0301458277266,,,0.7434796071524883,0.7000000101369965,0.661721466976144,49.03112443894517,3,47412543777.77629,6.6817322359346525,22.011884235313538,0.3035511255876582,7.420980273039227,-1,4,97263480354.5163,0.3756165198575851,0.0,2.69,6.74,4224295763.0449953,4.700162917539077e-08,44.47749214429604,0.9877270287876734,-0.2869220094285083,4,169.99842432010084,169.99836327521714,local__potential_shape__A3__ct1e-06__p4
fixed_RAR,invariant,NGC0289,23,outer_holdout,71.12,165.0,8.75,169.1379302448827,169.1379302448827,157.19299997617847,8.572559108922258,177.5381759660728,2.7826173434909786e-12,47.06163073134336,,,0.7434796071524883,0.7000000101369965,0.661721466976144,49.03112443894517,3,47412543777.77629,6.6817322359346525,22.011884235313538,0.3035511255876582,7.420980273039227,-1,4,97263480354.5163,0.3756165198575851,0.0,2.69,6.74,4040833953.504323,4.49603412486995e-08,47.06163073134336,1.0,-0.2852826867292606,4,169.13798109742245,169.1379302448827,local__potential_shape__A3__ct1e-06__p4
fixed_RAR,invariant,NGC0300,24,outer_holdout,8.62,89.7,9.5,87.31678607397215,87.31678607397215,84.16201941477877,9.135104343281425,93.0623547925462,5.70874303756845e-12,8.481685420232031,,,0.4599447486140889,0.6999999925009774,0.9839542250849226,45.49263549547975,4,3011849146.989771,5.045880084319388,6.729840752997619,0.7497770407229684,1.8703860583744674,4,7,2622470445.089364,0.4746974374224375,0.0,1.77,1.75,1422668731.6331387,1.582932443997342e-08,8.076305643598479,0.9522052803719214,0.02555824450473665,4,87.31679279417953,87.31678607397215,local__potential_shape__A3__ct1e-06__p4
fixed_RAR,invariant,NGC0300,24,outer_holdout,9.07,93.7,7.3,87.24800238241414,87.24800238241414,87.91506375880458,7.135334028147628,92.98904503624928,5.190586279398325e-12,8.924464821520248,,,0.4599447486140889,0.6999999925009774,0.9839542250849226,45.49263549547975,4,3011849146.989771,5.045880084319388,6.729840752997619,0.7497770407229684,1.8703860583744674,4,7,2622470445.089364,0.4746974374224375,0.0,1.77,1.75,1348297494.342117,1.50018328265671e-08,8.41819085642897,0.9432712240771614,0.22139229739559596,4,87.24800779953091,87.24800238241414,local__potential_shape__A3__ct1e-06__p4
fixed_RAR,invariant,NGC0300,24,outer_holdout,9.53,97.0,5.7,87.40336352297355,87.40336352297355,91.01132534262588,5.709820250283725,93.1546291608352,4.774283105531585e-12,9.37708376505931,,,0.4599447486140889,0.6999999925009774,0.9839542250849226,45.49263549547975,4,3011849146.989771,5.045880084319388,6.729840752997619,0.7497770407229684,1.8703860583744674,4,7,2622470445.089364,0.4746974374224375,0.0,1.77,1.75,1278775478.922206,1.4228296083027852e-08,8.680317015844311,0.9256947291212992,-0.10197106019973035,4,87.40336791409196,87.40336352297355,local__potential_shape__A3__ct1e-06__p4
fixed_RAR,invariant,NGC0300,24,outer_holdout,9.96,96.2,1.5,86.72947207784637,86.72947207784637,90.26071647382072,2.445557441035993,92.43639470011009,4.281295591893278e-12,9.80018408184583,,,0.4599447486140889,0.6999999925009774,0.9839542250849226,45.49263549547975,4,3011849146.989771,5.045880084319388,6.729840752997619,0.7497770407229684,1.8703860583744674,4,7,2622470445.089364,0.4746974374224375,0.0,1.77,1.75,1219744979.7765145,1.3571493201194586e-08,9.233009457110153,0.9421261253871416,-0.45751575887493345,4,86.72947568456836,86.72947207784637,local__potential_shape__A3__ct1e-06__p4
fixed_RAR,invariant,NGC0300,24,outer_holdout,10.45,94.8,2.1,86.04312663040932,86.04312663040932,88.94715095341168,2.807538485384799,91.7048867460092,3.8070854758715716e-12,10.28232165213744,,,0.4599447486140889,0.6999999925009774,0.9839542250849226,45.49263549547975,4,3011849146.989771,5.045880084319388,6.729840752997619,0.7497770407229684,1.8703860583744674,4,7,2622470445.089364,0.4746974374224375,0.0,1.77,1.75,1159675928.3000433,1.2903134866270752e-08,9.871734571553208,0.9600686406752427,-0.48232787061988347,4,86.04312955410768,86.04312663040932,local__potential_shape__A3__ct1e-06__p4
fixed_RAR,invariant,NGC0300,24,outer_holdout,10.93,92.5,13.9,85.3412614700834,85.3412614700834,86.78915045559684,13.194290665130936,90.95683785983692,3.4000534527243414e-12,10.754619680178203,,,0.4599447486140889,0.6999999925009774,0.9839542250849226,45.49263549547975,4,3011849146.989771,5.045880084319388,6.729840752997619,0.7497770407229684,1.8703860583744674,4,7,2622470445.089364,0.4746974374224375,0.0,1.77,1.75,1107237044.1459744,1.2319673592336612e-08,10.55368961419911,0.9813168599211902,-0.6194095834728159,4,85.34126387994057,85.3412614700834,local__potential_shape__A3__ct1e-06__p4
fixed_RAR,invariant,NGC0300,24,outer_holdout,11.32,92.8,10.6,84.65993904085687,84.65993904085687,87.07062878139877,10.14466919762068,90.23068344568932,3.093101178491431e-12,11.138361827961324,,,0.4599447486140889,0.6999999925009774,0.9839542250849226,45.49263549547975,4,3011849146.989771,5.045880084319388,6.729840752997619,0.7497770407229684,1.8703860583744674,4,7,2622470445.089364,0.4746974374224375,0.0,1.77,1.75,1068833445.316644,1.189237592843546e-08,11.198642053917675,1.005411947186437,-0.3181371179668986,4,84.65994111666834,84.65993904085687,local__potential_shape__A3__ct1e-06__p4
fixed_RAR,invariant,NGC0300,24,outer_holdout,11.8,93.5,12.1,84.65071839537836,84.65071839537836,87.72741154160329,11.527778678041392,90.22085606862336,2.8623051169074184e-12,11.610659856002089,,,0.4599447486140889,0.6999999925009774,0.9839542250849226,45.49263549547975,4,3011849146.989771,5.045880084319388,6.729840752997619,0.7497770407229684,1.8703860583744674,4,7,2622470445.089364,0.4746974374224375,0.0,1.77,1.75,1025470979.3027653,1.1409903426025809e-08,11.610659856002089,1.0,0.5834971839130958,4,84.65072015408728,84.65071839537836,local__potential_shape__A3__ct1e-06__p4
fixed_RAR,invariant,NGC0801,25,outer_holdout,38.74,219.0,4.1,237.5998610889557,237.5998610889557,219.2665434689497,4.566283344607662,237.31103138336232,3.1041057011198636e-11,23.49699775726742,,,0.8126465284462505,0.6999998664745064,0.6065306597126334,79.61242894508355,0,126971901028.238,8.384672055570748,16.60360635938944,0.5049910166551959,12.144187383478435,-1,5,215099629792.3163,0.143455988417058,0.0,7.76,8.72,22924860725.39613,2.55073475711334e-07,23.93424097170957,1.018608471557049,0.07227830325535933,0,238.00384111432376,237.5998610889557,local__potential_shape__A3__ct1e-06__p4
fixed_RAR,invariant,NGC0801,25,outer_holdout,45.8,214.0,4.7,231.88998899096077,231.88998899096077,214.26045800162208,5.1131012029480125,231.60810028554084,2.17502296061618e-11,27.779104214838608,,,0.8126465284462505,0.6999998664745064,0.6065306597126334,79.61242894508355,0,126971901028.238,8.384672055570748,16.60360635938944,0.5049910166551959,12.144187383478435,-1,5,215099629792.3163,0.143455988417058,0.0,7.76,8.72,19490527800.26152,2.168613684947559e-07,29.040842317146293,1.0454204027800764,-0.022933159371405054,0,232.09648614827637,231.88998899096072,local__potential_shape__A3__ct1e-06__p4
fixed_RAR,invariant,NGC0801,25,outer_holdout,52.86,216.0,2.6,229.449876955425,229.449876955425,216.26289218855317,3.282752673801888,229.1709544842344,1.6479141647028584e-11,32.0612106724098,,,0.8126465284462505,0.6999998664745064,0.6065306597126334,79.61242894508355,0,126971901028.238,8.384672055570748,16.60360635938944,0.5049910166551959,12.144187383478435,-1,5,215099629792.3163,0.143455988417058,0.0,7.76,8.72,16989255060.888437,1.8903095595806742e-07,33.41097923892347,1.0420997379139898,0.2198206233788369,0,229.56796603703484,229.449876955425,local__potential_shape__A3__ct1e-06__p4
fixed_RAR,invariant,NGC0801,25,outer_holdout,59.82,216.0,8.8,230.0266539447977,230.0266539447977,216.26289218855317,9.034855734824458,229.74703033545293,1.3443731496971727e-11,36.28266406400973,,,0.8126465284462505,0.6999998664745064,0.6065306597126334,79.61242894508355,0,126971901028.238,8.384672055570748,16.60360635938944,0.5049910166551959,12.144187383478435,-1,5,215099629792.3163,0.143455988417058,0.0,7.76,8.72,15051145113.772966,1.6746657454510638e-07,36.28266406400973,1.0,0.48844477807085696,0,230.0996226239374,230.0266539447977,local__potential_shape__A3__ct1e-06__p4
fixed_RAR,invariant,NGC0891,26,outer_holdout,12.52,220.0,2.43,215.26264769529317,215.26264769529317,220.00837724486212,3.14727655389255,215.2544511532705,5.146594357601859e-11,14.020441228370466,,,0.3302243762777634,0.4693216604354818,1.1198435485918905,89.5,1,77475130738.66841,3.2792596720116123,8.49744758976669,0.38591113830001855,9.486277124964147,0,3,84142713724.83156,0.0705285073097026,0.1757954172081556,3.68,2.55,23367237108.036835,2.599955767807538e-07,14.714207650619732,1.0494824956610798,0.3884869231163748,2,215.3390485332277,215.26264769529317,local__potential_shape__A3__ct1e-06__p4
fixed_RAR,invariant,NGC0891,26,outer_holdout,13.46,218.0,2.3,215.89983665421116,215.89983665421116,218.00830108809063,3.0480162199357475,215.8916158499854,4.640818316702129e-11,15.073094164046845,,,0.3302243762777634,0.4693216604354818,1.1198435485918905,89.5,1,77475130738.66841,3.2792596720116123,8.49744758976669,0.38591113830001855,9.486277124964147,0,3,84142713724.83156,0.0705285073097026,0.1757954172081556,3.68,2.55,21780095730.18382,2.42336247350422e-07,15.209490729353591,1.0090490090370487,0.4395890773615747,2,215.9577388445807,215.8998366542111,local__potential_shape__A3__ct1e-06__p4
fixed_RAR,invariant,NGC0891,26,outer_holdout,14.4,217.0,2.77,215.38732822169672,215.38732822169672,217.00826300970493,3.4166481168562366,215.3791269322217,4.142398651278209e-11,16.12574709972322,,,0.3302243762777634,0.4693216604354818,1.1198435485918905,89.5,1,77475130738.66841,3.2792596720116123,8.49744758976669,0.38591113830001855,9.486277124964147,0,3,84142713724.83156,0.0705285073097026,0.1757954172081556,3.68,2.55,20356079321.379364,2.2649192797964653e-07,15.925449439458681,0.9875790151596774,0.17312303161577347,2,215.4314413505887,215.38732822169675,local__potential_shape__A3__ct1e-06__p4
fixed_RAR,invariant,NGC0891,26,outer_holdout,15.33,216.0,4.43,213.8227208350824,213.8227208350824,216.0082249313192,4.860698982397478,213.8145791210624,3.6641550853198414e-11,17.167201599913678,,,0.3302243762777634,0.4693216604354818,1.1198435485918905,89.5,1,77475130738.66841,3.2792596720116123,8.49744758976669,0.38591113830001855,9.486277124964147,0,3,84142713724.83156,0.0705285073097026,0.1757954172081556,3.68,2.55,19104097022.176437,2.1256174622578378e-07,16.896708935997697,0.9842436367778578,-0.0159841136680825,2,213.8567144000751,213.82272083508238,local__potential_shape__A3__ct1e-06__p4
fixed_RAR,invariant,NGC0891,26,outer_holdout,16.27,210.0,4.47,212.0040934505185,212.0040934505185,210.0079964610048,4.897185080207477,211.99602098425677,3.239659555420052e-11,18.219854535590056,,,0.3302243762777634,0.4693216604354818,1.1198435485918905,89.5,1,77475130738.66841,3.2792596720116123,8.49744758976669,0.38591113830001855,9.486277124964147,0,3,84142713724.83156,0.0705285073097026,0.1757954172081556,3.68,2.55,17984964511.610588,2.001097177196586e-07,17.99118071314202,0.9874491960404319,-0.17101258703416988,2,212.03057946619631,212.0040934505185,local__potential_shape__A3__ct1e-06__p4
fixed_RAR,invariant,NGC0891,26,outer_holdout,17.11,208.0,4.35,209.9342962346649,209.9342962346649,208.0079203042333,4.787895268690111,209.92630257993892,2.8916744738975878e-11,19.16052311640724,,,0.3302243762777634,0.4693216604354818,1.1198435485918905,89.5,1,77475130738.66841,3.2792596720116123,8.49744758976669,0.38591113830001855,9.486277124964147,0,3,84142713724.83156,0.0705285073097026,0.1757954172081556,3.68,2.55,17096503851.003965,1.9022425968140466e-07,19.160523116407244,1.0000000000000002,-0.34357364647758004,2,209.95571918094348,209.93429623466494,local__potential_shape__A3__ct1e-06__p4
fixed_RAR,invariant,NGC1003,27,outer_holdout,21.93,106.0,4.0,97.80960999295282,97.80960999295282,103.07684185519544,4.3737518204170645,100.583394607859,1.9668529585804757e-12,18.942277029417525,,,0.402328932404315,0.6999999951730345,0.8637609224540594,71.19292668146568,2,9428799962.582546,11.635564406984615,25.01763914617727,0.4650944215398736,3.30935120999847,0,6,10944756236.78577,0.7145339586198657,0.0,2.76,1.61,1909606021.9509158,2.1247232473640137e-08,31.464536380000858,1.6610746601971955,-0.5557416349021196,3,97.80961615324922,97.80960999295282,local__potential_shape__A3__ct1e-06__p4
fixed_RAR,invariant,NGC1003,27,outer_holdout,22.8,108.0,3.4,97.29227458773954,97.29227458773954,105.02168792793496,3.864092629948155,100.05138807791852,1.7916302339518098e-12,19.69374903195256,,,0.402328932404315,0.6999999951730345,0.8637609224540594,71.19292668146568,2,9428799962.582546,11.635564406984615,25.01763914617727,0.4650944215398736,3.30935120999847,0,6,10944756236.78577,0.7145339586198657,0.0,2.76,1.61,1866074920.4502387,2.07628836483921e-08,33.75438101090528,1.7139642104781436,-0.7313977274372974,3,97.29228017552407,97.29227458773956,local__potential_shape__A3__ct1e-06__p4
fixed_RAR,invariant,NGC1003,27,outer_holdout,23.67,109.0,3.2,96.1787289882607,96.1787289882607,105.99411096430472,3.699055445843576,98.90626341732234,1.5981345688875666e-12,20.445221034487588,,,0.402328932404315,0.6999999951730345,0.8637609224540594,71.19292668146568,2,9428799962.582546,11.635564406984615,25.01763914617727,0.4650944215398736,3.30935120999847,0,6,10944756236.78577,0.7145339586198657,0.0,2.76,1.61,1826830702.48282,2.032623283517981e-08,37.0454104503132,1.811934944984157,0.2531528822157725,3,96.17873406187256,96.1787289882607,local__potential_shape__A3__ct1e-06__p4
fixed_RAR,invariant,NGC1003,27,outer_holdout,24.44,110.0,3.3,97.2105018724994,97.2105018724994,106.9665340006745,3.781224068539936,99.96729636867084,1.5661675248722109e-12,21.11031694477721,,,0.402328932404315,0.6999999951730345,0.8637609224540594,71.19292668146568,2,9428799962.582546,11.635564406984615,25.01763914617727,0.4650944215398736,3.30935120999847,0,6,10944756236.78577,0.7145339586198657,0.0,2.76,1.61,1794363521.5756745,1.9964986728617426e-08,37.12971981673149,1.7588423666901671,0.7437870307728645,3,97.21050664559259,97.21050187249939,local__potential_shape__A3__ct1e-06__p4
fixed_RAR,invariant,NGC1003,27,outer_holdout,25.31,110.0,2.7,97.17137938930092,97.17137938930092,106.9665340006745,3.3005259936137983,99.92706441021733,1.4634589214657364e-12,21.86178894731224,,,0.402328932404315,0.6999999951730345,0.8637609224540594,71.19292668146568,2,9428799962.582546,11.635564406984615,25.01763914617727,0.4650944215398736,3.30935120999847,0,6,10944756236.78577,0.7145339586198657,0.0,2.76,1.61,1759258429.7360263,1.9574389904585903e-08,38.958170948581795,1.7820211805389072,-0.15015408818931064,3,97.17138379791355,97.17137938930091,local__potential_shape__A3__ct1e-06__p4
fixed_RAR,invariant,NGC1003,27,outer_holdout,26.08,110.0,2.4,96.8405941082634,96.8405941082634,106.9665340006745,3.0735474284898507,99.58689838301952,1.3647164834979989e-12,22.526884857601868,,,0.402328932404315,0.6999999951730345,0.8637609224540594,71.19292668146568,2,9428799962.582546,11.635564406984615,25.01763914617727,0.4650944215398736,3.30935120999847,0,6,10944756236.78577,0.7145339586198657,0.0,2.76,1.61,1730254366.3207247,1.9251676176737724e-08,41.088186327685044,1.8239621939479806,1.1583024290163166,3,96.84059821921414,96.84059410826339,local__potential_shape__A3__ct1e-06__p4
fixed_RAR,invariant,NGC1003,27,outer_holdout,26.95,113.0,2.5,99.11559319550756,99.11559319550756,109.8838031097838,3.1480217614227586,101.92641421322564,1.4005080974754033e-12,23.278356860136903,,,0.402328932404315,0.6999999951730345,0.8637609224540594,71.19292668146568,2,9428799962.582546,11.635564406984615,25.01763914617727,0.4650944215398736,3.30935120999847,0,6,10944756236.78577,0.7145339586198657,0.0,2.76,1.61,1698193869.215363,1.889495503772385e-08,39.29624920223781,1.6881023621358258,4.985190565995481,3,99.11559709974374,99.11559319550759,local__potential_shape__A3__ct1e-06__p4
fixed_RAR,invariant,NGC1003,27,outer_holdout,27.73,114.0,2.2,104.31169257868144,104.31169257868144,110.85622614615356,2.928606453323318,107.26986987895302,1.610413807611436e-12,23.952090379651068,,,0.402328932404315,0.6999999951730345,0.8637609224540594,71.19292668146568,2,9428799962.582546,11.635564406984615,25.01763914617727,0.4650944215398736,3.30935120999847,0,6,10944756236.78577,0.7145339586198657,0.0,2.76,1.61,1666936870.4582644,1.8547174023532312e-08,33.54525688403558,1.400514792334558,4.599780437265508,3,104.31169639333082,104.31169257868144,local__potential_shape__A3__ct1e-06__p4
fixed_RAR,invariant,NGC1003,27,outer_holdout,28.6,112.0,1.7,106.03479619432004,106.03479619432004,108.91138007341402,2.5947645294332418,109.04183902323749,1.6161406808996698e-12,24.703562382186103,,,0.402328932404315,0.6999999951730345,0.8637609224540594,71.19292668146568,2,9428799962.582546,11.635564406984615,25.01763914617727,0.4650944215398736,3.30935120999847,0,6,10944756236.78577,0.7145339586198657,0.0,2.76,1.61,1629527890.1275225,1.8130942982913225e-08,32.67624099999429,1.3227339642138956,3.525143136079123,3,106.03479973543992,106.03479619432005,local__potential_shape__A3__ct1e-06__p4
fixed_RAR,invariant,NGC1003,27,outer_holdout,29.47,113.0,1.8,110.13248348078687,110.13248348078687,109.8838031097838,2.6577744937798657,113.25573270243726,1.7625052498165265e-12,25.45503438472113,,,0.402328932404315,0.6999999951730345,0.8637609224540594,71.19292668146568,2,9428799962.582546,11.635564406984615,25.01763914617727,0.4650944215398736,3.30935120999847,0,6,10944756236.78577,0.7145339586198657,0.0,2.76,1.61,1590371906.1276884,1.7695273904990725e-08,29.242717639730703,1.1487989840344923,5.189526067467341,3,110.13248681777952,110.13248348078689,local__potential_shape__A3__ct1e-06__p4
fixed_RAR,invariant,NGC1003,27,outer_holdout,30.24,115.0,1.6,114.22156263181456,114.22156263181456,111.82864918252334,2.533920440316991,117.46077412791908,1.926266126472172e-12,26.12013029501076,,,0.402328932404315,0.6999999951730345,0.8637609224540594,71.19292668146568,2,9428799962.582546,11.635564406984615,25.01763914617727,0.4650944215398736,3.30935120999847,0,6,10944756236.78577,0.7145339586198657,0.0,2.76,1.61,1552537760.5997121,1.727431226356629e-08,26.12013029501076,1.0,5.699792018909648,3,114.22156577494081,114.22156263181459,local__potential_shape__A3__ct1e-06__p4
fixed_RAR,invariant,NGC1090,28,outer_holdout,21.35,165.0,3.12,165.57819691798062,165.57819691798062,164.12021860018598,3.692000669729802,166.46579394353697,1.922248091230751e-11,15.245634554724006,,,0.6400522937940097,0.6999999667998192,0.7140812437809838,64.63700201220055,3,35548100088.771454,5.7091049465966925,9.28844298788343,0.614646066519878,6.425735515050008,2,4,44789237929.68811,0.2608079650370006,0.0,6.36,3.53,9847199100.796963,1.0956486631472882e-07,16.601706642593363,1.08894822206329,0.08097932211796888,2,165.59698136023925,165.57819691798062,local__potential_shape__A3__ct1e-06__p4
fixed_RAR,invariant,NGC1090,28,outer_holdout,22.57,165.0,2.39,165.07612682368145,165.07612682368145,164.12021860018598,3.106661949018521,165.96103245670776,1.7319052535183556e-11,16.116813672136804,,,0.6400522937940097,0.6999999667998192,0.7140812437809838,64.63700201220055,3,35548100088.771454,5.7091049465966925,9.28844298788343,0.614646066519878,6.425735515050008,2,4,44789237929.68811,0.2608079650370006,0.0,6.36,3.53,9356729799.104694,1.04107659354524e-07,17.508519064922424,1.0863511498672742,0.14810845507395243,2,165.0913933778065,165.07612682368148,local__potential_shape__A3__ct1e-06__p4
fixed_RAR,invariant,NGC1090,28,outer_holdout,23.89,165.0,2.23,164.73843489337722,164.73843489337722,164.12021860018598,2.986638627476286,165.6215302980131,1.5610997299346707e-11,17.059400913927703,,,0.6400522937940097,0.6999999667998192,0.7140812437809838,64.63700201220055,3,35548100088.771454,5.7091049465966925,9.28844298788343,0.614646066519878,6.425735515050008,2,4,44789237929.68811,0.2608079650370006,0.0,6.36,3.53,8878506210.287985,9.878670432549326e-08,18.431416325149574,1.0804257674782545,0.2409335668676249,2,164.7507866407965,164.73843489337722,local__potential_shape__A3__ct1e-06__p4
fixed_RAR,invariant,NGC1090,28,outer_holdout,25.11,163.0,2.23,164.77489700239926,164.77489700239926,162.13088261715342,2.986638627476286,165.658187865496,1.4343814056945356e-11,17.930580031340504,,,0.6400522937940097,0.6999999667998192,0.7140812437809838,64.63700201220055,3,35548100088.771454,5.7091049465966925,9.28844298788343,0.614646066519878,6.425735515050008,2,4,44789237929.68811,0.2608079650370006,0.0,6.36,3.53,8476268541.045689,9.431120667320009e-08,19.15091441546447,1.068058834794578,0.33956678211450253,2,164.78516045520422,164.77489700239923,local__potential_shape__A3__ct1e-06__p4
fixed_RAR,invariant,NGC1090,28,outer_holdout,26.33,162.0,2.23,165.0042861235218,165.0042861235218,161.13621462563717,2.986638627476286,165.88880664792293,1.3280792433088204e-11,18.801759148753305,,,0.6400522937940097,0.6999999667998192,0.7140812437809838,64.63700201220055,3,35548100088.771454,5.7091049465966925,9.28844298788343,0.614646066519878,6.425735515050008,2,4,44789237929.68811,0.2608079650370006,0.0,6.36,3.53,8105265559.97772,9.018324179638674e-08,19.778470971942212,1.0519478956974975,0.3927028327585731,2,165.01287933855448,165.0042861235218,local__potential_shape__A3__ct1e-06__p4
fixed_RAR,invariant,NGC1090,28,outer_holdout,27.65,162.0,2.23,165.33436778450232,165.33436778450232,161.13621462563717,2.986638627476286,166.22065774175107,1.2286331223623986e-11,19.7443463905442,,,0.6400522937940097,0.6999999667998192,0.7140812437809838,64.63700201220055,3,35548100088.771454,5.7091049465966925,9.28844298788343,0.614646066519878,6.425735515050008,2,4,44789237929.68811,0.2608079650370006,0.0,6.36,3.53,7733758530.032158,8.604966861945431e-08,20.399421127032902,1.0331778385331825,0.4433566810322418,2,165.3415049190011,165.33436778450235,local__potential_shape__A3__ct1e-06__p4
fixed_RAR,invariant,NGC1090,28,outer_holdout,28.87,162.0,2.23,165.77425036756296,165.77425036756296,161.13621462563717,2.986638627476286,166.66289835551615,1.1502782330974063e-11,20.615525507957003,,,0.6400522937940097,0.6999999667998192,0.7140812437809838,64.63700201220055,3,35548100088.771454,5.7091049465966925,9.28844298788343,0.614646066519878,6.425735515050008,2,4,44789237929.68811,0.2608079650370006,0.0,6.36,3.53,7414203123.75619,8.249413521240239e-08,20.888681746591036,1.0132500254979482,0.3976202601712657,2,165.78029511912993,165.77425036756293,local__potential_shape__A3__ct1e-06__p4
fixed_RAR,invariant,NGC1090,28,outer_holdout,30.09,160.0,2.23,165.91603642636647,165.91603642636647,159.1468786426046,2.986638627476286,166.80544447141898,1.0732164244963848e-11,21.486704625369804,,,0.6400522937940097,0.6999999667998192,0.7140812437809838,64.63700201220055,3,35548100088.771454,5.7091049465966925,9.28844298788343,0.614646066519878,6.425735515050008,2,4,44789237929.68811,0.2608079650370006,0.0,6.36,3.53,7115536805.409219,7.917102425390152e-08,21.486704625369804,1.0,0.25162429766351124,2,165.92116890034708,165.9160364263665,local__potential_shape__A3__ct1e-06__p4
fixed_RAR,invariant,NGC2403,29,outer_holdout,10.43,127.0,1.24,123.53800508490792,123.53800508490792,118.96246835680488,2.3128200117717155,131.88467642354402,1.1239721800034694e-11,11.601621624832932,,,0.3685902683622923,0.7,1.1123318911632725,72.02776014304044,4,14220350426.247763,7.0919510206430365,12.1389973206539,0.5842287326792992,4.064150650817267,0,6,8900676327.445814,0.4780164836328727,0.0,2.16,1.39,5046093876.652722,5.614536634709473e-08,14.549538519714691,1.2540952454932532,1.0781160497222118,0,123.53885326459077,123.53800508490792,local__potential_shape__A3__ct1e-06__p4
fixed_RAR,invariant,NGC2403,29,outer_holdout,10.93,128.0,0.21,124.84660000115451,124.84660000115451,119.89918070607106,2.0096503835528976,133.28168471245124,1.0744806304900112e-11,12.157787570414568,,,0.3685902683622923,0.7,1.1123318911632725,72.02776014304044,4,14220350426.247763,7.0919510206430365,12.1389973206539,0.5842287326792992,4.064150650817267,0,6,8900676327.445814,0.4780164836328727,0.0,2.16,1.39,4857515280.811422,5.4047146494761375e-08,14.65092480358075,1.2050650431854164,0.973021814247204,0,124.84733603912649,124.84660000115453,local__potential_shape__A3__ct1e-06__p4
fixed_RAR,invariant,NGC2403,29,outer_holdout,11.43,130.0,1.13,125.90874076081408,125.90874076081408,121.77260540460342,2.262827965017317,134.4155875167557,1.023380313771132e-11,12.713953515996204,,,0.3685902683622923,0.7,1.1123318911632725,72.02776014304044,4,14220350426.247763,7.0919510206430365,12.1389973206539,0.5842287326792992,4.064150650817267,0,6,8900676327.445814,0.4780164836328727,0.0,2.16,1.39,4677571497.534691,5.204500188926782e-08,14.812652373823004,1.1650705152560372,0.82854291181593,0,125.90937903181873,125.90874076081407,local__potential_shape__A3__ct1e-06__p4
fixed_RAR,invariant,NGC2403,29,outer_holdout,11.92,130.0,2.23,126.67766123496908,126.67766123496908,121.77260540460342,2.891949476158613,135.23645901989897,9.71128019466358e-12,13.258996142666208,,,0.3685902683622923,0.7,1.1123318911632725,72.02776014304044,4,14220350426.247763,7.0919510206430365,12.1389973206539,0.5842287326792992,4.064150650817267,0,6,8900676327.445814,0.4780164836328727,0.0,2.16,1.39,4509919832.495346,5.0179625544232724e-08,15.050183392130656,1.1350922219292738,0.8028635538655635,0,126.67821617161431,126.67766123496907,local__potential_shape__A3__ct1e-06__p4
fixed_RAR,invariant,NGC2403,29,outer_holdout,12.42,132.0,2.68,127.59119402330494,127.59119402330494,123.6460301031358,3.209681201222826,136.2117133645775,9.264261533994832e-12,13.815162088247844,,,0.3685902683622923,0.7,1.1123318911632725,72.02776014304044,4,14220350426.247763,7.0919510206430365,12.1389973206539,0.5842287326792992,4.064150650817267,0,6,8900676327.445814,0.4780164836328727,0.0,2.16,1.39,4347151958.704631,4.8368588705263047e-08,15.20699732422443,1.1007469349317718,0.8045331617905731,0,127.59167653581132,127.59119402330494,local__potential_shape__A3__ct1e-06__p4
fixed_RAR,invariant,NGC2403,29,outer_holdout,12.92,133.0,2.68,128.34265018340832,128.34265018340832,124.58274245240196,3.209681201222826,137.01394060188474,8.82101853036161e-12,14.37132803382948,,,0.3685902683622923,0.7,1.1123318911632725,72.02776014304044,4,14220350426.247763,7.0919510206430365,12.1389973206539,0.5842287326792992,4.064150650817267,0,6,8900676327.445814,0.4780164836328727,0.0,2.16,1.39,4192022893.9754925,4.6642545079598836e-08,15.401193103621658,1.0716610926539232,0.5907058020075056,0,128.34306987919086,128.34265018340832,local__potential_shape__A3__ct1e-06__p4
fixed_RAR,invariant,NGC2403,29,outer_holdout,13.42,133.0,3.37,128.62262467906646,128.62262467906646,124.58274245240196,3.736962008632613,137.3128311800622,8.310523322735549e-12,14.927493979411116,,,0.3685902683622923,0.7,1.1123318911632725,72.02776014304044,4,14220350426.247763,7.0919510206430365,12.1389973206539,0.5842287326792992,4.064150650817267,0,6,8900676327.445814,0.4780164836328727,0.0,2.16,1.39,4045092757.524888,4.500772683402153e-08,15.774280780374399,1.0567266549985699,0.32677311349959837,0,128.62298934961774,128.62262467906646,local__potential_shape__A3__ct1e-06__p4
fixed_RAR,invariant,NGC2403,29,outer_holdout,13.91,133.0,3.81,128.63404290069457,128.63404290069457,124.58274245240196,4.0910710076689485,137.32502085775465,7.799216602296213e-12,15.47253660608112,,,0.3685902683622923,0.7,1.1123318911632725,72.02776014304044,4,14220350426.247763,7.0919510206430365,12.1389973206539,0.5842287326792992,4.064150650817267,0,6,8900676327.445814,0.4780164836328727,0.0,2.16,1.39,3909695071.8364034,4.35012244083133e-08,16.24580962800768,1.049977133136828,0.29303010802152585,0,128.63436117176073,128.63404290069457,local__potential_shape__A3__ct1e-06__p4
fixed_RAR,invariant,NGC2403,29,outer_holdout,14.41,133.0,2.56,128.81339269150575,128.81339269150575,124.58274245240196,3.122551106642585,137.516488164609,7.359246942349779e-12,16.028702551662757,,,0.3685902683622923,0.7,1.1123318911632725,72.02776014304044,4,14220350426.247763,7.0919510206430365,12.1389973206539,0.5842287326792992,4.064150650817267,0,6,8900676327.445814,0.4780164836328727,0.0,2.16,1.39,3779682928.7652636,4.2054644225555756e-08,16.64452661007974,1.0384200815026727,0.3590705778683514,0,128.81367108075008,128.81339269150575,local__potential_shape__A3__ct1e-06__p4
fixed_RAR,invariant,NGC2403,29,outer_holdout,14.91,134.0,0.56,129.00073699358876,129.00073699358876,125.51945480166816,2.0676465016834893,137.7164901206308,6.959414484082719e-12,16.584868497244393,,,0.3685902683622923,0.7,1.1123318911632725,72.02776014304044,4,14220350426.247763,7.0919510206430365,12.1389973206539,0.5842287326792992,4.064150650817267,0,6,8900676327.445814,0.4780164836328727,0.0,2.16,1.39,3656869604.573738,4.068816170509743e-08,17.028885556114716,1.0267724196272099,0.30734716607616974,0,129.0009812805421,129.00073699358876,local__potential_shape__A3__ct1e-06__p4
fixed_RAR,invariant,NGC2403,29,outer_holdout,15.4,134.0,0.79,129.05947894037865,129.05947894037865,125.51945480166816,2.1325112142189577,137.779200884331,6.577659499793782e-12,17.129911123914397,,,0.3685902683622923,0.7,1.1123318911632725,72.02776014304044,4,14220350426.247763,7.0919510206430365,12.1389973206539,0.5842287326792992,4.064150650817267,0,6,8900676327.445814,0.4780164836328727,0.0,2.16,1.39,3543082084.4012303,3.9422104798116e-08,17.45658473243996,1.0190703621380444,0.2085858094806099,0,129.05969431034316,129.05947894037865,local__potential_shape__A3__ct1e-06__p4
fixed_RAR,invariant,NGC2403,29,outer_holdout,15.9,133.0,0.67,129.01682256030287,129.01682256030287,124.58274245240196,2.096157994604104,137.73366248600712,6.202586358876456e-12,17.686077069496033,,,0.3685902683622923,0.7,1.1123318911632725,72.02776014304044,4,14220350426.247763,7.0919510206430365,12.1389973206539,0.5842287326792992,4.064150650817267,0,6,8900676327.445814,0.4780164836328727,0.0,2.16,1.39,3433466695.845717,3.820246911590969e-08,17.939464467060404,1.0143269418406753,0.11556719048599007,0,129.01701242675637,129.01682256030287,local__potential_shape__A3__ct1e-06__p4
fixed_RAR,invariant,NGC2403,29,outer_holdout,16.4,134.0,2.35,128.87914482426098,128.87914482426098,125.51945480166816,2.974156571961409,137.58668274761703,5.842819325351238e-12,18.242243015077666,,,0.3685902683622923,0.7,1.1123318911632725,72.02776014304044,4,14220350426.247763,7.0919510206430365,12.1389973206539,0.5842287326792992,4.064150650817267,0,6,8900676327.445814,0.4780164836328727,0.0,2.16,1.39,3330154824.362077,3.7052969519936935e-08,18.471043146258992,1.0125423244823686,-0.0628673628020806,0,128.87931267027375,128.87914482426098,local__potential_shape__A3__ct1e-06__p4
fixed_RAR,invariant,NGC2403,29,outer_holdout,16.89,134.0,4.13,128.48284540656377,128.48284540656377,125.51945480166816,4.355024247692516,137.16360791785988,5.478101657532663e-12,18.787285641747676,,,0.3685902683622923,0.7,1.1123318911632725,72.02776014304044,4,14220350426.247763,7.0919510206430365,12.1389973206539,0.5842287326792992,4.064150650817267,0,6,8900676327.445814,0.4780164836328727,0.0,2.16,1.39,3235003730.0485454,3.599427081572179e-08,19.137894374779744,1.0186620217373483,-0.14468466136008828,0,128.4829944164533,128.4828454065638,local__potential_shape__A3__ct1e-06__p4
fixed_RAR,invariant,NGC2403,29,outer_holdout,17.39,136.0,3.91,128.1892348219149,128.1892348219149,127.39287950020052,4.173037019880861,136.85015994754235,5.152495666349779e-12,19.34345158732931,,,0.3685902683622923,0.7,1.1123318911632725,72.02776014304044,4,14220350426.247763,7.0919510206430365,12.1389973206539,0.5842287326792992,4.064150650817267,0,6,8900676327.445814,0.4780164836328727,0.0,2.16,1.39,3143827412.3017864,3.497979746520485e-08,19.773817247269964,1.0222486487480116,-0.17555727531248522,0,128.18936742610597,128.1892348219149,local__potential_shape__A3__ct1e-06__p4
fixed_RAR,invariant,NGC2403,29,outer_holdout,17.89,136.0,6.38,127.76294092699844,127.76294092699844,127.39287950020052,6.302004658877147,136.39506410595297,4.834330721231862e-12,19.899617532910945,,,0.3685902683622923,0.7,1.1123318911632725,72.02776014304044,4,14220350426.247763,7.0919510206430365,12.1389973206539,0.5842287326792992,4.064150650817267,0,6,8900676327.445814,0.4780164836328727,0.0,2.16,1.39,3058174908.9214954,3.4026784838332716e-08,20.50101757582226,1.030221688528269,-0.2678916880613542,0,127.76305926525986,127.76294092699844,local__potential_shape__A3__ct1e-06__p4
fixed_RAR,invariant,NGC2403,29,outer_holdout,18.38,135.0,8.39,127.32796806458866,127.32796806458866,126.45616715093432,8.109509361339386,135.9307029146539,4.544706423355864e-12,20.44466015958095,,,0.3685902683622923,0.7,1.1123318911632725,72.02776014304044,4,14220350426.247763,7.0919510206430365,12.1389973206539,0.5842287326792992,4.064150650817267,0,6,8900676327.445814,0.4780164836328727,0.0,2.16,1.39,2979341417.827266,3.314964395548375e-08,21.24535022429186,1.0391637747197127,-0.3072773772705659,0,127.32807430163403,127.32796806458867,local__potential_shape__A3__ct1e-06__p4
fixed_RAR,invariant,NGC2403,29,outer_holdout,18.88,133.0,7.83,126.8640446178736,126.8640446178736,124.58274245240196,7.602254249637995,135.43543513359123,4.269417429279097e-12,21.000826105162584,,,0.3685902683622923,0.7,1.1123318911632725,72.02776014304044,4,14220350426.247763,7.0919510206430365,12.1389973206539,0.5842287326792992,4.064150650817267,0,6,8900676327.445814,0.4780164836328727,0.0,2.16,1.39,2903744842.5308914,3.230851861807402e-08,22.04140565635432,1.0495494580061273,-0.09803609490995768,0,126.86414012669964,126.86404461787363,local__potential_shape__A3__ct1e-06__p4
fixed_RAR,invariant,NGC2403,29,outer_holdout,19.38,134.0,6.26,126.8282528730326,126.8282528730326,125.51945480166816,6.195512638852665,135.3972251699145,4.065325332003078e-12,21.55699205074422,,,0.3685902683622923,0.7,1.1123318911632725,72.02776014304044,4,14220350426.247763,7.0919510206430365,12.1389973206539,0.5842287326792992,4.064150650817267,0,6,8900676327.445814,0.4780164836328727,0.0,2.16,1.39,2832248474.2874594,3.151301423673717e-08,22.578001631934956,1.0473632675090905,0.3864200080060982,0,126.8283392927067,126.82825287303261,local__potential_shape__A3__ct1e-06__p4
fixed_RAR,invariant,NGC2403,29,outer_holdout,19.87,136.0,5.6,127.23619958901013,127.23619958901013,127.39287950020052,5.613929603441528,135.83273423125777,3.929119862716323e-12,22.102034677414224,,,0.3685902683622923,0.7,1.1123318911632725,72.02776014304044,4,14220350426.247763,7.0919510206430365,12.1389973206539,0.5842287326792992,4.064150650817267,0,6,8900676327.445814,0.4780164836328727,0.0,2.16,1.39,2765033424.3826575,3.0765145946294926e-08,22.80628580815507,1.0318636334174478,0.6351195731651842,0,127.23627834498137,127.23619958901013,local__potential_shape__A3__ct1e-06__p4
fixed_RAR,invariant,NGC2403,29,outer_holdout,20.37,135.0,5.24,127.64496073214012,127.64496073214012,126.45616715093432,5.300200247329551,136.26911274537704,3.7980707171118855e-12,22.65820062299586,,,0.3685902683622923,0.7,1.1123318911632725,72.02776014304044,4,14220350426.247763,7.0919510206430365,12.1389973206539,0.5842287326792992,4.064150650817267,0,6,8900676327.445814,0.4780164836328727,0.0,2.16,1.39,2698739395.536587,3.0027525397178924e-08,23.027530006900953,1.0163000315007478,0.6551813433650295,0,127.64503243207788,127.6449607321401,local__potential_shape__A3__ct1e-06__p4
fixed_RAR,invariant,NGC2403,29,outer_holdout,20.87,134.0,3.12,128.08008017479457,128.08008017479457,125.51945480166816,3.541363415122281,136.73363042040856,3.6779613945715576e-12,23.214366568577496,,,0.3685902683622923,0.7,1.1123318911632725,72.02776014304044,4,14220350426.247763,7.0919510206430365,12.1389973206539,0.5842287326792992,4.064150650817267,0,6,8900676327.445814,0.4780164836328727,0.0,2.16,1.39,2634599163.13213,2.931386906537781e-08,23.214366568577496,1.0,0.6944865598416072,0,128.08014551961094,128.08008017479455,local__potential_shape__A3__ct1e-06__p4
fixed_RAR,invariant,NGC2683,30,outer_holdout,23.08,150.0,10.0,179.60647614411758,179.60647614411758,149.91364731630046,10.192394038187084,179.70993237710576,1.260592441206944e-11,22.95802099740459,,,0.5325995159090193,0.7203626168782348,0.9947149478944796,80.18893804654186,0,53823984719.49303,3.9091826844608395,6.68326787456025,0.5849208437897693,7.906833106212474,-1,3,40395365059.67497,0.0462919445643709,0.0981405519700203,3.34,2.18,8685210834.650932,9.663600322011855e-08,22.328272387898483,0.9725695603476755,-0.15206315154388506,3,179.60983940969106,179.60647614411758,local__potential_shape__A3__ct1e-06__p4
fixed_RAR,invariant,NGC2683,30,outer_holdout,28.85,160.0,10.0,175.75746994158544,175.75746994158544,159.90789047072047,10.192394038187084,175.85870908479484,7.890395062687253e-12,28.69752624675574,,,0.5325995159090193,0.7203626168782348,0.9947149478944796,80.18893804654186,0,53823984719.49303,3.9091826844608395,6.68326787456025,0.5849208437897693,7.906833106212474,-1,3,40395365059.67497,0.0462919445643709,0.0981405519700203,3.34,2.18,6918155890.094196,7.697486538900978e-08,28.414567523731957,0.9901399611732816,-0.07693031589644761,3,175.75879494784738,175.75746994158544,local__potential_shape__A3__ct1e-06__p4
fixed_RAR,invariant,NGC2683,30,outer_holdout,31.74,155.0,10.0,174.46466949036116,174.46466949036116,154.91076889351046,10.192394038187084,174.5651639596169,6.4772359874178176e-12,31.572252446170783,,,0.5325995159090193,0.7203626168782348,0.9947149478944796,80.18893804654186,0,53823984719.49303,3.9091826844608395,6.68326787456025,0.5849208437897693,7.906833106212474,-1,3,40395365059.67497,0.0462919445643709,0.0981405519700203,3.34,2.18,6283973499.402853,6.991863466350038e-08,31.440835584563278,0.9958375835923786,-0.05827591710010438,3,174.46556484074597,174.46466949036116,local__potential_shape__A3__ct1e-06__p4
fixed_RAR,invariant,NGC2683,30,outer_holdout,34.62,151.0,12.0,173.4464841979894,173.4464841979894,150.91307163174247,12.1587108926369,173.54639217606126,5.420733175035977e-12,34.43703149610688,,,0.5325995159090193,0.7203626168782348,0.9947149478944796,80.18893804654186,0,53823984719.49303,3.9091826844608395,6.68326787456025,0.5849208437897693,7.906833106212474,-1,3,40395365059.67497,0.0462919445643709,0.0981405519700203,3.34,2.18,5760156505.835695,6.409038459095701e-08,34.43703149610688,1.0,-0.0420104199247362,3,173.44711262402186,173.4464841979894,local__potential_shape__A3__ct1e-06__p4
fixed_RAR,invariant,NGC2841,31,outer_holdout,34.88,285.0,4.24,276.6584161009434,276.6584161009434,277.45961982856136,4.586818124106023,284.17702236270554,2.051086478371035e-11,40.95134221883006,,,0.7181057234167585,0.8747488519937954,1.1740637104022378,85.31932302179574,1,294878110322.3099,8.57003835137555,22.603287736533694,0.37915007990292476,18.506995363149223,-1,3,106578553983.75249,0.1219827959195423,0.3455303989733738,5.51,3.64,29559124954.793438,3.288896203784683e-07,46.70432035789753,1.140483262021682,0.3781669083501811,4,277.09589475310275,276.6584161009434,local__potential_shape__A3__ct1e-06__p4
fixed_RAR,invariant,NGC2841,31,outer_holdout,36.96,283.0,2.83,277.3238480515578,277.3238480515578,275.5125347771328,3.4045140155288074,284.8605384218794,1.8757128666713695e-11,43.39339473646671,,,0.7181057234167585,0.8747488519937954,1.1740637104022378,85.31932302179574,1,294878110322.3099,8.57003835137555,22.603287736533694,0.37915007990292476,18.506995363149223,-1,3,106578553983.75249,0.1219827959195423,0.3455303989733738,5.51,3.64,28081249258.64397,3.1244603561685845e-07,48.51762369185832,1.118087763967573,0.46820238882423837,4,277.6818581101937,277.3238480515578,local__potential_shape__A3__ct1e-06__p4
fixed_RAR,invariant,NGC2841,31,outer_holdout,38.9,275.0,2.83,278.0418150422473,278.0418150422473,267.7241945714189,3.4045140155288074,285.5980172394204,1.7352232575689207e-11,45.67107833464705,,,0.7181057234167585,0.8747488519937954,1.1740637104022378,85.31932302179574,1,294878110322.3099,8.57003835137555,22.603287736533694,0.37915007990292476,18.506995363149223,-1,3,106578553983.75249,0.1219827959195423,0.3455303989733738,5.51,3.64,26813392075.136604,2.983392219538839e-07,50.07787057822038,1.096489778745387,0.4201111895616805,4,278.34069628360356,278.0418150422474,local__potential_shape__A3__ct1e-06__p4
fixed_RAR,invariant,NGC2841,31,outer_holdout,40.99,272.0,2.83,278.3129151074434,278.3129151074434,264.8035669942761,3.4045140155288074,285.87648485437865,1.5925634444578227e-11,48.12487148938773,,,0.7181057234167585,0.8747488519937954,1.1740637104022378,85.31932302179574,1,294878110322.3099,8.57003835137555,22.603287736533694,0.37915007990292476,18.506995363149223,-1,3,106578553983.75249,0.1219827959195423,0.3455303989733738,5.51,3.64,25554799274.31988,2.843354884501099e-07,52.00261535722892,1.0805767111231932,0.298593540880006,4,278.560111929211,278.3129151074434,local__potential_shape__A3__ct1e-06__p4
fixed_RAR,invariant,NGC2841,31,outer_holdout,43.08,271.0,2.83,278.12073228414715,278.12073228414715,263.8300244685619,3.4045140155288074,285.67907917540714,1.459068176694754e-11,50.5786646441284,,,0.7181057234167585,0.8747488519937954,1.1740637104022378,85.31932302179574,1,294878110322.3099,8.57003835137555,22.603287736533694,0.37915007990292476,18.506995363149223,-1,3,106578553983.75249,0.1219827959195423,0.3455303989733738,5.51,3.64,24400666469.894737,2.714940291547403e-07,54.19703877265623,1.0715395345841316,0.12495901458999015,4,278.3263063593106,278.12073228414715,local__potential_shape__A3__ct1e-06__p4
fixed_RAR,invariant,NGC2841,31,outer_holdout,45.16,274.0,4.24,277.13085556920186,277.13085556920186,266.7506520457046,4.586818124106023,284.6623010801523,1.3287781667001036e-11,53.020717161765056,,,0.7181057234167585,0.8747488519937954,1.1740637104022378,85.31932302179574,1,294878110322.3099,8.57003835137555,22.603287736533694,0.37915007990292476,18.506995363149223,-1,3,106578553983.75249,0.1219827959195423,0.3455303989733738,5.51,3.64,23351442315.928146,2.598198360175029e-07,56.95222312694311,1.074150373205687,-0.13105376657279066,4,277.30283329625996,277.13085556920186,local__potential_shape__A3__ct1e-06__p4
fixed_RAR,invariant,NGC2841,31,outer_holdout,47.1,277.0,4.24,275.35830168723794,275.35830168723794,269.6712796228473,4.586818124106023,282.8415753951973,1.2081583518710905e-11,55.2984007599454,,,0.7181057234167585,0.8747488519937954,1.1740637104022378,85.31932302179574,1,294878110322.3099,8.57003835137555,22.603287736533694,0.37915007990292476,18.506995363149223,-1,3,106578553983.75249,0.1219827959195423,0.3455303989733738,5.51,3.64,22460907050.437096,2.499112948868395e-07,60.24942200536821,1.0895328106669047,-0.28086852369290227,4,275.50466863336914,275.358301687238,local__potential_shape__A3__ct1e-06__p4
fixed_RAR,invariant,NGC2841,31,outer_holdout,49.19,281.0,4.24,273.45970129420243,273.45970129420243,273.56544972570435,4.586818124106023,280.8913776967017,1.0933470626479074e-11,57.75219391468608,,,0.7181057234167585,0.8747488519937954,1.1740637104022378,85.31932302179574,1,294878110322.3099,8.57003835137555,22.603287736533694,0.37915007990292476,18.506995363149223,-1,3,106578553983.75249,0.1219827959195423,0.3455303989733738,5.51,3.64,21590639139.816143,2.402282584914988e-07,63.99660140918657,1.1081241606808043,-0.21221509586860066,4,273.583882138032,273.4597012942025,local__potential_shape__A3__ct1e-06__p4
fixed_RAR,invariant,NGC2841,31,outer_holdout,51.27,286.0,4.24,272.2520993628437,272.2520993628437,278.4331623542756,4.586818124106023,279.6509573766209,1.0010866052287004e-11,60.194246432322736,,,0.7181057234167585,0.8747488519937954,1.1740637104022378,85.31932302179574,1,294878110322.3099,8.57003835137555,22.603287736533694,0.37915007990292476,18.506995363149223,-1,3,106578553983.75249,0.1219827959195423,0.3455303989733738,5.51,3.64,20802271320.115242,2.3145648350368805e-07,67.34239546860258,1.1187513667824815,0.04334195986314171,4,272.3586918195727,272.25209936284375,local__potential_shape__A3__ct1e-06__p4
fixed_RAR,invariant,NGC2841,31,outer_holdout,53.36,282.0,4.24,272.16290614650364,272.16290614650364,274.5389922514186,4.586818124106023,279.5593402012185,9.319605022079972e-12,62.64803958706341,,,0.7181057234167585,0.8747488519937954,1.1740637104022378,85.31932302179574,1,294878110322.3099,8.57003835137555,22.603287736533694,0.37915007990292476,18.506995363149223,-1,3,106578553983.75249,0.1219827959195423,0.3455303989733738,5.51,3.64,20070943238.2157,2.2331936119049692e-07,69.79426382547041,1.1140693992263833,0.4379537618201539,4,272.25528857715017,272.1629061465037,local__potential_shape__A3__ct1e-06__p4
fixed_RAR,invariant,NGC2841,31,outer_holdout,55.3,283.0,4.24,273.29278603290675,273.29278603290675,275.5125347771328,4.586818124106023,280.7199262635214,8.878541608724559e-12,64.92572318524374,,,0.7181057234167585,0.8747488519937954,1.1740637104022378,85.31932302179574,1,294878110322.3099,8.57003835137555,22.603287736533694,0.37915007990292476,18.506995363149223,-1,3,106578553983.75249,0.1219827959195423,0.3455303989733738,5.51,3.64,19431659901.522602,2.1620637478643973e-07,70.92800117814329,1.09244838098721,0.7275789729859525,4,273.37431217585424,273.29278603290675,local__potential_shape__A3__ct1e-06__p4
fixed_RAR,invariant,NGC2841,31,outer_holdout,57.38,288.0,5.66,274.9716976511626,274.9716976511626,280.3802474057041,5.861984538339242,282.4444648161892,8.498661144685863e-12,67.36777570288041,,,0.7181057234167585,0.8747488519937954,1.1740637104022378,85.31932302179574,1,294878110322.3099,8.57003835137555,22.603287736533694,0.37915007990292476,18.506995363149223,-1,3,106578553983.75249,0.1219827959195423,0.3455303989733738,5.51,3.64,18777132568.61246,2.089237760499288e-07,71.60250456810023,1.0628598587534894,0.8311081734200343,4,275.04324009719136,274.97169765116263,local__potential_shape__A3__ct1e-06__p4
fixed_RAR,invariant,NGC2841,31,outer_holdout,59.47,287.0,5.66,276.70051299484896,276.70051299484896,279.40670487998983,5.861984538339242,284.2202633026683,8.154950062423101e-12,69.82156885762107,,,0.7181057234167585,0.8747488519937954,1.1740637104022378,85.31932302179574,1,294878110322.3099,8.57003835137555,22.603287736533694,0.37915007990292476,18.506995363149223,-1,3,106578553983.75249,0.1219827959195423,0.3455303989733738,5.51,3.64,18146826057.442703,2.0191067030008888e-07,72.11553425335794,1.032854681343736,0.7289427455061741,4,276.76333098130783,276.70051299484896,local__potential_shape__A3__ct1e-06__p4
fixed_RAR,invariant,NGC2841,31,outer_holdout,61.56,289.0,7.07,277.7663929508029,277.7663929508029,281.3537899314184,7.167631471724711,285.315110140686,7.774248704601282e-12,72.27536201236175,,,0.7181057234167585,0.8747488519937954,1.1740637104022378,85.31932302179574,1,294878110322.3099,8.57003835137555,22.603287736533694,0.37915007990292476,18.506995363149223,-1,3,106578553983.75249,0.1219827959195423,0.3455303989733738,5.51,3.64,17543975091.895004,1.9520304869400262e-07,73.13394939203596,1.0118793923097522,0.4861230357532804,4,277.82149406360963,277.7663929508029,local__potential_shape__A3__ct1e-06__p4
fixed_RAR,invariant,NGC2841,31,outer_holdout,63.64,294.0,7.07,278.14546570743795,278.14546570743795,286.22150255998963,7.167631471724711,285.70448476647016,7.362230449741597e-12,74.71741452999841,,,0.7181057234167585,0.8747488519937954,1.1740637104022378,85.31932302179574,1,294878110322.3099,8.57003835137555,22.603287736533694,0.37915007990292476,18.506995363149223,-1,3,106578553983.75249,0.1219827959195423,0.3455303989733738,5.51,3.64,16973905818.591938,1.888601726050516e-07,74.71741452999841,1.0,0.23647343846005242,4,278.1938217850783,278.14546570743795,local__potential_shape__A3__ct1e-06__p4
fixed_RAR,invariant,NGC2903,32,outer_holdout,15.36,188.0,5.0,190.2629904737509,190.2629904737509,184.4995981396712,5.298840334008285,193.87273777142175,1.4150827156228706e-11,24.09572500435061,,,0.227412625597218,0.7000001610752403,1.5687320966374094,68.57203506255493,2,60035491207.76603,4.339028671055234,7.336462248337073,0.5914333808558403,8.350619262466594,1,4,55780702356.43944,0.0608482836646851,0.0,4.54,2.33,10624648567.170954,1.1821515823812758e-07,24.33224620297658,1.009815898819532,0.0016859743003578842,1,190.27509782872005,190.2629904737509,local__potential_shape__A3__ct1e-06__p4
fixed_RAR,invariant,NGC2903,32,outer_holdout,16.32,187.0,5.0,189.38751641136,189.38751641136,183.51821729850272,5.298840334008285,192.980653856936,1.2541861185272688e-11,25.601707817122524,,,0.227412625597218,0.7000001610752403,1.5687320966374094,68.57203506255493,2,60035491207.76603,4.339028671055234,7.336462248337073,0.5914333808558403,8.350619262466594,1,4,55780702356.43944,0.0608482836646851,0.0,4.54,2.33,10005576410.612753,1.1132705154117042e-07,25.854109156098023,1.0098587696093733,-0.06287872533130212,1,189.39699573857962,189.38751641136,local__potential_shape__A3__ct1e-06__p4
fixed_RAR,invariant,NGC2903,32,outer_holdout,17.28,188.0,3.0,188.1806464196932,188.1806464196932,184.4995981396712,3.559209912145207,191.75088663401988,1.1103776601086175e-11,27.107690629894435,,,0.227412625597218,0.7000001610752403,1.5687320966374094,68.57203506255493,2,60035491207.76603,4.339028671055234,7.336462248337073,0.5914333808558403,8.350619262466594,1,4,55780702356.43944,0.0608482836646851,0.0,4.54,2.33,9457168924.840082,1.0522519534331856e-07,27.601957684739904,1.0182334622891258,-0.08001762539356605,1,188.18816425685776,188.18064641969318,local__potential_shape__A3__ct1e-06__p4
fixed_RAR,invariant,NGC2903,32,outer_holdout,18.24,186.0,3.0,187.37350233445727,187.37350233445727,182.53683645733423,3.559209912145207,190.9284290809716,9.9484412328285e-12,28.613673442666347,,,0.227412625597218,0.7000001610752403,1.5687320966374094,68.57203506255493,2,60035491207.76603,4.339028671055234,7.336462248337073,0.5914333808558403,8.350619262466594,1,4,55780702356.43944,0.0608482836646851,0.0,4.54,2.33,8968756293.601456,9.979087192806903e-08,29.216395783154812,1.021064137105505,-0.01724247719266714,1,187.37955744773572,187.37350233445724,local__potential_shape__A3__ct1e-06__p4
fixed_RAR,invariant,NGC2903,32,outer_holdout,19.2,185.0,3.0,186.7231873704047,186.7231873704047,181.5554556161658,3.559209912145207,190.26577607535728,8.977014120352942e-12,30.119656255438255,,,0.227412625597218,0.7000001610752403,1.5687320966374094,68.57203506255493,2,60035491207.76603,4.339028671055234,7.336462248337073,0.5914333808558403,8.350619262466594,1,4,55780702356.43944,0.0608482836646851,0.0,4.54,2.33,8529604829.122573,9.490465291238446e-08,30.792606881048638,1.0223425732320195,-0.02629573721253564,1,186.72812374618522,186.7231873704047,local__potential_shape__A3__ct1e-06__p4
fixed_RAR,invariant,NGC2903,32,outer_holdout,20.16,185.0,3.0,186.0198347473815,186.0198347473815,181.5554556161658,3.559209912145207,189.54907915860704,8.123249040794275e-12,31.625639068210173,,,0.227412625597218,0.7000001610752403,1.5687320966374094,68.57203506255493,2,60035491207.76603,4.339028671055234,7.336462248337073,0.5914333808558403,8.350619262466594,1,4,55780702356.43944,0.0608482836646851,0.0,4.54,2.33,8132773765.815708,9.048931186406245e-08,32.44579189143623,1.0259331620606038,-0.007627011409795159,1,186.02389932521987,186.0198347473815,local__potential_shape__A3__ct1e-06__p4
fixed_RAR,invariant,NGC2903,32,outer_holdout,21.12,181.0,3.0,185.5691133916255,185.5691133916255,177.62993225149194,3.559209912145207,189.08980653288572,7.412291533427343e-12,33.13162188098209,,,0.227412625597218,0.7000001610752403,1.5687320966374094,68.57203506255493,2,60035491207.76603,4.339028671055234,7.336462248337073,0.5914333808558403,8.350619262466594,1,4,55780702356.43944,0.0608482836646851,0.0,4.54,2.33,7772187410.793862,8.647724758279019e-08,33.98131857198338,1.0256460940564165,0.06769467857577638,1,185.57249548654528,185.56911339162548,local__potential_shape__A3__ct1e-06__p4
fixed_RAR,invariant,NGC2903,32,outer_holdout,22.08,178.0,3.0,185.3240428132007,185.3240428132007,174.68578972798656,3.559209912145207,188.8400863751812,6.812758992708835e-12,34.637604693754,,,0.227412625597218,0.7000001610752403,1.5687320966374094,68.57203506255493,2,60035491207.76603,4.339028671055234,7.336462248337073,0.5914333808558403,8.350619262466594,1,4,55780702356.43944,0.0608482836646851,0.0,4.54,2.33,7441968942.49374,8.280307161014947e-08,35.400898295878775,1.02203655849974,0.07160906540150336,1,185.32688200494752,185.3240428132007,local__potential_shape__A3__ct1e-06__p4
fixed_RAR,invariant,NGC2903,32,outer_holdout,23.04,177.0,3.0,184.97403596715037,184.97403596715037,173.7044088868181,3.559209912145207,188.4834390560491,6.268032429960041e-12,36.14358750652591,,,0.227412625597218,0.7000001610752403,1.5687320966374094,68.57203506255493,2,60035491207.76603,4.339028671055234,7.336462248337073,0.5914333808558403,8.350619262466594,1,4,55780702356.43944,0.0608482836646851,0.0,4.54,2.33,7138303759.820655,7.942434078492207e-08,36.907382412405774,1.0211322383463444,0.17550958061076471,1,184.9764348335482,184.97403596715034,local__potential_shape__A3__ct1e-06__p4
fixed_RAR,invariant,NGC2903,32,outer_holdout,24.0,182.0,4.0,185.2011417946985,185.2011417946985,178.61131309266042,4.405647930395749,188.71485362827343,5.848665335739433e-12,37.64957031929782,,,0.227412625597218,0.7000001610752403,1.5687320966374094,68.57203506255493,2,60035491207.76603,4.339028671055234,7.336462248337073,0.5914333808558403,8.350619262466594,1,4,55780702356.43944,0.0608482836646851,0.0,4.54,2.33,6856952391.302989,7.629388462540264e-08,37.99476978559465,1.0091687491615247,0.26979731194512624,1,185.20318676201742,185.20114179469854,local__potential_shape__A3__ct1e-06__p4
fixed_RAR,invariant,NGC2903,32,outer_holdout,24.96,180.0,8.0,185.29731620331543,185.29731620331543,176.64855141032348,8.10178589857825,188.81285269711853,5.457979310926975e-12,39.15555313206974,,,0.227412625597218,0.7000001610752403,1.5687320966374094,68.57203506255493,2,60035491207.76603,4.339028671055234,7.336462248337073,0.5914333808558403,8.350619262466594,1,4,55780702356.43944,0.0608482836646851,0.0,4.54,2.33,6594407696.902413,7.337268093598883e-08,39.15555313206974,1.0,0.2047769506843906,1,185.2990664245703,185.2973162033154,local__potential_shape__A3__ct1e-06__p4
fixed_RAR,invariant,NGC2915,33,outer_holdout,7.36,77.5,6.33,69.31835987670517,69.31835987670517,69.42204170249383,6.0125966001708,77.38425374273699,2.65220319083009e-12,8.110905978580037,,,0.741129898666187,0.70000003618297,1.1020252688288092,67.74455236592661,3,1707973966.4625154,4.643558399841961,8.977854539501221,0.5172236172251395,1.4084948783907205,4,11,1016937699.247206,0.6643868159280027,0.0,0.53,0.55,869256578.597316,9.671783809012802e-09,10.621617253426802,1.309547574768745,1.009282629139875,3,69.31836015340447,69.31835987670517,local__potential_shape__A3__ct1e-06__p4
fixed_RAR,invariant,NGC2915,33,outer_holdout,7.7,79.9,6.41,69.7383953945384,69.7383953945384,71.57188557457107,6.080224073459653,77.85316465105598,2.493392529106328e-12,8.485594569981831,,,0.741129898666187,0.70000003618297,1.1020252688288092,67.74455236592661,3,1707973966.4625154,4.643558399841961,8.977854539501221,0.5172236172251395,1.4084948783907205,4,11,1016937699.247206,0.6643868159280027,0.0,0.53,0.55,839527064.4420663,9.340998353099948e-09,10.911727261599777,1.2859119265726526,0.8229967157745932,3,69.7383956367409,69.7383953945384,local__potential_shape__A3__ct1e-06__p4
fixed_RAR,invariant,NGC2915,33,outer_holdout,8.03,81.5,7.86,70.4222555930399,70.4222555930399,73.00511482262255,7.319289663271625,78.61659891608369,2.390903993684752e-12,8.849262908695337,,,0.741129898666187,0.70000003618297,1.1020252688288092,67.74455236592661,3,1707973966.4625154,4.643558399841961,8.977854539501221,0.5172236172251395,1.4084948783907205,4,11,1016937699.247206,0.6643868159280027,0.0,0.53,0.55,812130218.4912741,9.036167331271536e-09,11.008115756092034,1.2439584934554713,1.0899717595979155,3,70.42225580722067,70.4222555930399,local__potential_shape__A3__ct1e-06__p4
fixed_RAR,invariant,NGC2915,33,outer_holdout,8.37,82.2,7.82,71.24692148762419,71.24692148762419,73.63215261864507,7.284829125373816,79.53722304730952,2.310880531973378e-12,9.223951500097131,,,0.741129898666187,0.70000003618297,1.1020252688288092,67.74455236592661,3,1707973966.4625154,4.643558399841961,8.977854539501221,0.5172236172251395,1.4084948783907205,4,11,1016937699.247206,0.6643868159280027,0.0,0.53,0.55,784955771.8010671,8.733810834940686e-09,11.008221209126624,1.1934387565904596,1.127177901130949,3,71.24692167673426,71.24692148762418,local__potential_shape__A3__ct1e-06__p4
fixed_RAR,invariant,NGC2915,33,outer_holdout,8.7,82.0,7.09,71.95076330564035,71.95076330564035,73.45299896263863,6.658465606516014,80.32296399584017,2.2300093073313164e-12,9.58761983881064,,,0.741129898666187,0.70000003618297,1.1020252688288092,67.74455236592661,3,1707973966.4625154,4.643558399841961,8.977854539501221,0.5172236172251395,1.4084948783907205,4,11,1016937699.247206,0.6643868159280027,0.0,0.53,0.55,759483291.650525,8.450391270267433e-09,11.037253136873897,1.1511984540933868,1.1982741468326594,3,71.95076347300979,71.95076330564035,local__potential_shape__A3__ct1e-06__p4
fixed_RAR,invariant,NGC2915,33,outer_holdout,9.03,84.7,5.74,72.80484326721309,72.80484326721309,75.87157331872552,5.516990210011834,81.27642481892498,2.173722559139612e-12,9.951288177524146,,,0.741129898666187,0.70000003618297,1.1020252688288092,67.74455236592661,3,1707973966.4625154,4.643558399841961,8.977854539501221,0.5172236172251395,1.4084948783907205,4,11,1016937699.247206,0.6643868159280027,0.0,0.53,0.55,734778066.6513214,8.175508570465623e-09,10.954726171145344,1.1008349849507473,1.153896906512955,3,72.80484341558541,72.80484326721309,local__potential_shape__A3__ct1e-06__p4
fixed_RAR,invariant,NGC2915,33,outer_holdout,9.37,86.1,5.54,73.433276282158,73.433276282158,77.12564891077056,5.350417249766207,81.97798238571261,2.094507932830624e-12,10.325976768925942,,,0.741129898666187,0.70000003618297,1.1020252688288092,67.74455236592661,3,1707973966.4625154,4.643558399841961,8.977854539501221,0.5172236172251395,1.4084948783907205,4,11,1016937699.247206,0.6643868159280027,0.0,0.53,0.55,710109758.9762131,7.90103663129105e-09,10.987349171852195,1.0640493793203687,1.0988462146174243,3,73.43327641270373,73.433276282158,local__potential_shape__A3__ct1e-06__p4
fixed_RAR,invariant,NGC2915,33,outer_holdout,9.7,85.3,5.23,74.16375187850757,74.16375187850757,76.40903428674481,5.093916877727915,82.79345622267782,2.036989713653264e-12,10.689645107639448,,,0.741129898666187,0.70000003618297,1.1020252688288092,67.74455236592661,3,1707973966.4625154,4.643558399841961,8.977854539501221,0.5172236172251395,1.4084948783907205,4,11,1016937699.247206,0.6643868159280027,0.0,0.53,0.55,686932044.4130759,7.643149777212356e-09,10.928848230642151,1.0223770874144134,0.923829587031264,3,74.16375199396307,74.16375187850757,local__potential_shape__A3__ct1e-06__p4
fixed_RAR,invariant,NGC2915,33,outer_holdout,10.04,86.5,6.45,74.52781710272608,74.52781710272608,77.48395622278343,6.11407227311879,83.19988412633771,1.9446491546781984e-12,11.064333699041244,,,0.741129898666187,0.70000003618297,1.1020252688288092,67.74455236592661,3,1707973966.4625154,4.643558399841961,8.977854539501221,0.5172236172251395,1.4084948783907205,4,11,1016937699.247206,0.6643868159280027,0.0,0.53,0.55,663922015.4547162,7.387128677109213e-09,11.064333699041244,1.0,0.38300029649053613,3,74.52781720396663,74.52781710272608,local__potential_shape__A3__ct1e-06__p4
fixed_RAR,invariant,NGC2955,34,outer_holdout,14.17,275.0,10.1,244.7697162256524,244.7697162256524,267.24062170503817,10.016716120603292,251.8766478411669,8.481719778452113e-11,13.01630995757048,,,0.2998942132268377,0.7923873452310778,0.918582212954868,58.55142959996661,4,154611502671.20023,6.929479358418319,17.31072241930251,0.4002998367469359,13.400948843059869,-1,3,536842311255.00256,0.0717197009117846,0.1381925057964443,7.22,18.76,45906878031.27765,5.10782904147477e-07,17.540553502460078,1.3475826528130757,0.5827612769476502,4,247.40868022927555,244.76971622565233,local__potential_shape__A3__ct1e-06__p4
fixed_RAR,invariant,NGC2955,34,outer_holdout,16.88,275.0,10.0,245.4976661805065,245.4976661805065,267.24062170503817,9.921513473542218,252.62573395056023,6.594447496533184e-11,15.505667754678171,,,0.2998942132268377,0.7923873452310778,0.918582212954868,58.55142959996661,4,154611502671.20023,6.929479358418319,17.31072241930251,0.4002998367469359,13.400948843059869,-1,3,536842311255.00256,0.0717197009117846,0.1381925057964443,7.22,18.76,40168074131.5681,4.469300993405515e-07,19.74022278756296,1.2730972377250371,0.6726875652122999,4,247.094533705607,245.49766618050646,local__potential_shape__A3__ct1e-06__p4
fixed_RAR,invariant,NGC2955,34,outer_holdout,19.49,276.0,11.7,248.8448162171784,248.8448162171784,268.21240578396555,11.54443712301362,256.0700690752582,5.5206349087818316e-11,17.903167330490376,,,0.2998942132268377,0.7923873452310778,0.918582212954868,58.55142959996661,4,154611502671.20023,6.929479358418319,17.31072241930251,0.4002998367469359,13.400948843059869,-1,3,536842311255.00256,0.0717197009117846,0.1381925057964443,7.22,18.76,35708024419.920334,3.973053537238834e-07,20.961687907122684,1.1708368424520854,0.6615871993197402,4,249.87166546978628,248.84481621717842,local__potential_shape__A3__ct1e-06__p4
fixed_RAR,invariant,NGC2955,34,outer_holdout,22.19,267.0,15.7,250.10504243949524,250.10504243949524,259.46634907361886,15.387538962908916,257.36688618684104,4.585427880742711e-11,20.383339305468525,,,0.2998942132268377,0.7923873452310778,0.918582212954868,58.55142959996661,4,154611502671.20023,6.929479358418319,17.31072241930251,0.4002998367469359,13.400948843059869,-1,3,536842311255.00256,0.0717197009117846,0.1381925057964443,7.22,18.76,31859726217.05919,3.5448726161263845e-07,22.517056985070155,1.104679495720762,0.46668478446315476,4,250.76544997913314,250.10504243949524,local__potential_shape__A3__ct1e-06__p4
fixed_RAR,invariant,NGC2955,34,outer_holdout,24.8,257.0,15.1,249.7329054634945,249.7329054634945,249.74850828434475,14.809608473687293,256.9839441485114,3.8289402037236506e-11,22.78083888128073,,,0.2998942132268377,0.7923873452310778,0.918582212954868,58.55142959996661,4,154611502671.20023,6.929479358418319,17.31072241930251,0.4002998367469359,13.400948843059869,-1,3,536842311255.00256,0.0717197009117846,0.1381925057964443,7.22,18.76,28760873407.897552,3.200078740944824e-07,24.34293510146776,1.0685706188577024,0.27043866551201745,4,250.17332775845608,249.73290546349455,local__potential_shape__A3__ct1e-06__p4
fixed_RAR,invariant,NGC2955,34,outer_holdout,27.51,254.0,13.6,247.9291634441633,247.9291634441633,246.8331560475625,13.36673558497606,255.1278301634767,3.166905736094305e-11,25.270196678388423,,,0.2998942132268377,0.7923873452310778,0.918582212954868,58.55142959996661,4,154611502671.20023,6.929479358418319,17.31072241930251,0.4002998367469359,13.400948843059869,-1,3,536842311255.00256,0.0717197009117846,0.1381925057964443,7.22,18.76,26086424217.03502,2.9025061367322485e-07,26.69493517747999,1.0563801903572057,0.13605541264303156,4,248.22616110098028,247.92916344416324,local__potential_shape__A3__ct1e-06__p4
fixed_RAR,invariant,NGC2955,34,outer_holdout,30.12,248.0,11.6,246.1318532458388,246.1318532458388,241.0024515739981,11.448740527997073,253.2783347484991,2.6675419242940943e-11,27.667696254200628,,,0.2998942132268377,0.7923873452310778,0.918582212954868,58.55142959996661,4,154611502671.20023,6.929479358418319,17.31072241930251,0.4002998367469359,13.400948843059869,-1,3,536842311255.00256,0.0717197009117846,0.1381925057964443,7.22,18.76,23936356102.262436,2.663278795890167e-07,29.080122945586012,1.0510496673958152,0.18740682570322065,4,246.3413292854331,246.1318532458388,local__potential_shape__A3__ct1e-06__p4
fixed_RAR,invariant,NGC2955,34,outer_holdout,35.43,227.0,11.2,246.04146059599736,246.04146059599736,220.5949859165224,11.066212418771142,253.18531753222487,2.0345762785327224e-11,32.545367804990974,,,0.2998942132268377,0.7923873452310778,0.918582212954868,58.55142959996661,4,154611502671.20023,6.929479358418319,17.31072241930251,0.4002998367469359,13.400948843059869,-1,3,536842311255.00256,0.0717197009117846,0.1381925057964443,7.22,18.76,20432132952.660908,2.2733813875073143e-07,32.545367804990974,1.0,0.4761314140423565,4,246.15291697772466,246.04146059599736,local__potential_shape__A3__ct1e-06__p4
fixed_RAR,invariant,NGC2976,35,outer_holdout,1.35,69.8,3.3,65.30539173834339,65.30539173834339,69.40717857216731,3.842885780116756,65.67499842392787,4.955861636675594e-11,1.322200005998591,,,0.3536613620209953,0.6999999701877913,0.979407411850808,61.590507586983215,0,1422607179.0879574,1.3803535294902498,1.6385012841288593,0.842448854243127,1.2854557958891955,1,5,1802648168.5186613,0.1269021897866987,0.0,1.31,1.01,4191911907.5154257,4.664131018868869e-08,2.74121076999319,2.073219450579938,3.2417158558722576,1,65.3057940808961,65.30539173834339,local__potential_shape__A3__ct1e-06__p4
fixed_RAR,invariant,NGC2976,35,outer_holdout,1.42,71.7,3.9,68.19909749674545,68.19909749674545,71.29648572527789,4.363402758060438,68.58508158955391,5.241479798800575e-11,1.390758524828147,,,0.3536613620209953,0.6999999701877913,0.979407411850808,61.590507586983215,0,1422607179.0879574,1.3803535294902498,1.6385012841288593,0.842448854243127,1.2854557958891955,1,5,1802648168.5186613,0.1269021897866987,0.0,1.31,1.01,4084052550.578881,4.5441212993275155e-08,2.5251481320117266,1.815662522955776,3.059563457669242,1,68.19947606360155,68.19909749674545,local__potential_shape__A3__ct1e-06__p4
fixed_RAR,invariant,NGC2976,35,outer_holdout,1.49,74.1,4.4,70.97327354426778,70.97327354426778,73.68297897131228,4.810686459498005,71.37495854609553,5.5033212623963057e-11,1.459317043657704,,,0.3536613620209953,0.6999999701877913,0.979407411850808,61.590507586983215,0,1422607179.0879574,1.3803535294902498,1.6385012841288593,0.842448854243127,1.2854557958891955,1,5,1802648168.5186613,0.1269021897866987,0.0,1.31,1.01,3970399984.433482,4.4176657652352e-08,2.3380772131699086,1.6021722101659532,2.9862140077415233,1,70.97362545367747,70.9732735442678,local__potential_shape__A3__ct1e-06__p4
fixed_RAR,invariant,NGC2976,35,outer_holdout,1.56,76.7,4.8,73.67257204977692,73.67257204977692,76.26834665451622,5.17507488385157,74.08953417876778,5.7514526731269246e-11,1.5278755624872606,,,0.3536613620209953,0.6999999701877913,0.979407411850808,61.590507586983215,0,1422607179.0879574,1.3803535294902498,1.6385012841288593,0.842448854243127,1.2854557958891955,1,5,1802648168.5186613,0.1269021897866987,0.0,1.31,1.01,3851352111.9101095,4.285207143199005e-08,2.1701269001054437,1.4203557890360186,2.7369841021715047,1,73.67289546320671,73.67257204977692,local__potential_shape__A3__ct1e-06__p4
fixed_RAR,invariant,NGC2976,35,outer_holdout,1.63,79.9,4.4,75.8750266492412,75.8750266492412,79.45033764922877,4.810686459498005,76.30445393498238,5.885062827673892e-11,1.596434081316817,,,0.3536613620209953,0.6999999701877913,0.979407411850808,61.590507586983215,0,1422607179.0879574,1.3803535294902498,1.6385012841288593,0.842448854243127,1.2854557958891955,1,5,1802648168.5186613,0.1269021897866987,0.0,1.31,1.01,3728262239.555394,4.148251189823898e-08,2.053074946753672,1.2860380336281692,2.3562670523600673,1,75.87531914816607,75.87502664924122,local__potential_shape__A3__ct1e-06__p4
fixed_RAR,invariant,NGC2976,35,outer_holdout,1.74,83.6,3.35,78.57460112314035,78.57460112314035,83.12951473686513,3.885426508589424,79.01930709793348,5.92668692648695e-11,1.704168896620406,,,0.3536613620209953,0.6999999701877913,0.979407411850808,61.590507586983215,0,1422607179.0879574,1.3803535294902498,1.6385012841288593,0.842448854243127,1.2854557958891955,1,5,1802648168.5186613,0.1269021897866987,0.0,1.31,1.01,3531923627.3819113,3.929795021983583e-08,1.9312956944569457,1.1332771641865793,1.5180555305477412,1,78.57484508808254,78.57460112314035,local__potential_shape__A3__ct1e-06__p4
fixed_RAR,invariant,NGC2976,35,outer_holdout,1.93,83.9,3.95,78.8916577232759,78.8916577232759,83.42782639261945,4.407649966400976,79.33815813243346,5.1166934099346075e-11,1.8902563048720595,,,0.3536613620209953,0.6999999701877913,0.979407411850808,61.590507586983215,0,1422607179.0879574,1.3803535294902498,1.6385012841288593,0.842448854243127,1.2854557958891955,1,5,1802648168.5186613,0.1269021897866987,0.0,1.31,1.01,3215835741.528757,3.578099818071201e-08,2.036825940981004,1.0775395567951114,0.49868040318125395,1,78.89182607093004,78.8916577232759,local__potential_shape__A3__ct1e-06__p4
fixed_RAR,invariant,NGC2976,35,outer_holdout,2.1,88.7,4.44,78.8699898110396,78.8699898110396,88.20081288468826,4.846889251958561,79.31636758705751,4.481883749743278e-11,2.056755564886697,,,0.3536613620209953,0.6999999701877913,0.979407411850808,61.590507586983215,0,1422607179.0879574,1.3803535294902498,1.6385012841288593,0.842448854243127,1.2854557958891955,1,5,1802648168.5186613,0.1269021897866987,0.0,1.31,1.01,2969855246.20973,3.304409606166389e-08,2.14745538081292,1.044098490591039,0.5063112240616761,1,78.8701122314381,78.86998981103962,local__potential_shape__A3__ct1e-06__p4
fixed_RAR,invariant,NGC2976,35,outer_holdout,2.27,85.3,5.36,79.16878318693097,79.16878318693097,84.81994745280618,5.692726959317692,79.61685203356951,4.0115947344357466e-11,2.223254824901334,,,0.3536613620209953,0.6999999701877913,0.979407411850808,61.590507586983215,0,1422607179.0879574,1.3803535294902498,1.6385012841288593,0.842448854243127,1.2854557958891955,1,5,1802648168.5186613,0.1269021897866987,0.0,1.31,1.01,2752053303.33131,3.062072262214128e-08,2.223254824901334,1.0,0.6455118775529627,1,79.16887379824662,79.16878318693097,local__potential_shape__A3__ct1e-06__p4
fixed_RAR,invariant,NGC2998,36,outer_holdout,27.44,214.0,2.0,217.72695536392908,217.72695536392908,214.6793716039051,2.832920292295645,217.0379394152897,2.4127977968016484e-11,23.008342660954785,,,0.6431282446679377,0.7000000000521583,0.8384964526587021,57.71099657068247,1,103907476375.41264,8.657979103408449,18.868002174336866,0.45887100411640386,10.985960857956528,1,5,117715446699.63524,0.2649595348313506,0.0,7.06,6.2,19114220143.302803,2.1267438113867067e-07,25.673501880849244,1.115834471833438,0.4890323585535725,1,217.85691882943829,217.72695536392908,local__potential_shape__A3__ct1e-06__p4
fixed_RAR,invariant,NGC2998,36,outer_holdout,32.32,213.0,2.0,219.43188246789765,219.43188246789765,213.676196970242,2.832920292295645,218.73747112866943,1.8835740924220417e-11,27.10020534992925,,,0.6431282446679377,0.7000000000521583,0.8384964526587021,57.71099657068247,1,103907476375.41264,8.657979103408449,18.868002174336866,0.45887100411640386,10.985960857956528,1,5,117715446699.63524,0.2649595348313506,0.0,7.06,6.2,16424753503.045208,1.8275002905830116e-07,28.25957375451678,1.0427807977695105,0.36924612851947813,1,219.50337162975342,219.43188246789765,local__potential_shape__A3__ct1e-06__p4
fixed_RAR,invariant,NGC2998,36,outer_holdout,37.3,213.0,3.0,219.14088231589716,219.14088231589716,213.676196970242,3.613479501896475,218.447391872042,1.4691275104512457e-11,31.275917684169585,,,0.6431282446679377,0.7000000000521583,0.8384964526587021,57.71099657068247,1,103907476375.41264,8.657979103408449,18.868002174336866,0.45887100411640386,10.985960857956528,1,5,117715446699.63524,0.2649595348313506,0.0,7.06,6.2,14282203919.083122,1.5891094991137046e-07,31.50541415861789,1.007337801460082,0.15717719515754425,1,219.1817224266851,219.14088231589713,local__potential_shape__A3__ct1e-06__p4
fixed_RAR,invariant,NGC2998,36,outer_holdout,42.28,203.0,3.0,217.50146950708265,217.50146950708265,203.6444506336109,3.613479501896475,216.81316712811267,1.152351374580265e-11,35.45163001840992,,,0.6431282446679377,0.7000000000521583,0.8384964526587021,57.71099657068247,1,103907476375.41264,8.657979103408449,18.868002174336866,0.45887100411640386,10.985960857956528,1,5,117715446699.63524,0.2649595348313506,0.0,7.06,6.2,12605836724.48422,1.4025884938100132e-07,35.45163001840992,1.0,-0.0330557289786384,1,217.52607636782403,217.50146950708265,local__potential_shape__A3__ct1e-06__p4
fixed_RAR,invariant,NGC3109,37,outer_holdout,4.64,59.1,2.4,52.24906653928975,52.24906653928975,58.06588698146624,3.091955729586061,53.17958603573285,2.6033800534818078e-12,4.65431367676155,,,0.3910665967174953,0.700000014533345,1.0030848441296445,73.02414750496595,2,662474606.4815897,4.062860175766206,5.381026346726408,0.7550344328341526,0.8772013001314508,1,9,733504413.4105853,0.8649027714096161,0.0,1.64,1.56,579803000.1372737,6.451178406027937e-09,7.217592192463632,1.5507317928527755,1.6828728330402782,4,52.249066651274944,52.24906653928975,local__potential_shape__A3__ct1e-06__p4
fixed_RAR,invariant,NGC3109,37,outer_holdout,4.9,61.2,1.9,53.50970328517725,53.50970328517725,60.12914184882799,2.7358311358926555,54.46267384434124,2.570362523314567e-12,4.915115736235259,,,0.3910665967174953,0.700000014533345,1.0030848441296445,73.02414750496595,2,662474606.4815897,4.062860175766206,5.381026346726408,0.7550344328341526,0.8772013001314508,1,9,733504413.4105853,0.8649027714096161,0.0,1.64,1.56,558986615.5763053,6.2195648915419855e-09,7.047847260472165,1.4339127781903414,1.757903594233312,4,53.509703384260085,53.50970328517725,local__potential_shape__A3__ct1e-06__p4
fixed_RAR,invariant,NGC3109,37,outer_holdout,5.16,62.7,1.9,54.721512379439886,54.721512379439886,61.60289532551495,2.7358311358926555,55.69606441484576,2.5373963489362817e-12,5.1759177957089655,,,0.3910665967174953,0.700000014533345,1.0030848441296445,73.02414750496595,2,662474606.4815897,4.062860175766206,5.381026346726408,0.7550344328341526,0.8772013001314508,1,9,733504413.4105853,0.8649027714096161,0.0,1.64,1.56,538435671.8599912,5.9909048047628695e-09,6.876935780227768,1.3286408423891531,1.9434904370669983,4,54.721512466667434,54.72151237943988,local__potential_shape__A3__ct1e-06__p4
fixed_RAR,invariant,NGC3109,37,outer_holdout,5.42,64.4,2.9,56.177161429392015,56.177161429392015,63.273149265760175,3.4811296823808635,57.17763756087606,2.553307063013656e-12,5.436719855182673,,,0.3910665967174953,0.700000014533345,1.0030848441296445,73.02414750496595,2,662474606.4815897,4.062860175766206,5.381026346726408,0.7550344328341526,0.8772013001314508,1,9,733504413.4105853,0.8649027714096161,0.0,1.64,1.56,517951468.9996611,5.762987310155269e-09,6.574087456955463,1.2092010683038172,2.1204479135021757,4,56.177161506070995,56.17716142939202,local__potential_shape__A3__ct1e-06__p4
fixed_RAR,invariant,NGC3109,37,outer_holdout,5.67,66.6,3.2,57.53751831510287,57.53751831510287,65.43465436490104,3.7262290103702127,58.5622214555675,2.5665005409010063e-12,5.687491066215085,,,0.3910665967174953,0.700000014533345,1.0030848441296445,73.02414750496595,2,662474606.4815897,4.062860175766206,5.381026346726408,0.7550344328341526,0.8772013001314508,1,9,733504413.4105853,0.8649027714096161,0.0,1.64,1.56,498142616.54160917,5.542584102177176e-09,6.290161444154325,1.1059641889407497,1.5969281923287326,4,57.53751838229621,57.53751831510288,local__potential_shape__A3__ct1e-06__p4
fixed_RAR,invariant,NGC3109,37,outer_holdout,5.93,66.3,3.4,58.1976314782692,58.1976314782692,65.13990366956365,3.893455136458973,59.23409077456338,2.4630692006325555e-12,5.948293125688791,,,0.3910665967174953,0.700000014533345,1.0030848441296445,73.02414750496595,2,662474606.4815897,4.062860175766206,5.381026346726408,0.7550344328341526,0.8772013001314508,1,9,733504413.4105853,0.8649027714096161,0.0,1.64,1.56,477910821.278877,5.317475020845734e-09,6.288103847850375,1.057127433867381,0.8929477648284774,4,58.197631535846725,58.197631478269194,local__potential_shape__A3__ct1e-06__p4
fixed_RAR,invariant,NGC3109,37,outer_holdout,6.19,66.2,3.2,58.58764848103401,58.58764848103401,65.04165343778452,3.7262290103702127,59.63105370859654,2.3305816283926155e-12,6.2090951851625,,,0.3910665967174953,0.700000014533345,1.0030848441296445,73.02414750496595,2,662474606.4815897,4.062860175766206,5.381026346726408,0.7550344328341526,0.8772013001314508,1,9,733504413.4105853,0.8649027714096161,0.0,1.64,1.56,458631067.5815254,5.102958830525151e-09,6.37747267551865,1.0271178787464093,0.6870764806641319,4,58.58764853019495,58.58764848103401,local__potential_shape__A3__ct1e-06__p4
fixed_RAR,invariant,NGC3109,37,outer_holdout,6.45,67.3,3.0,58.934534421435245,58.934534421435245,66.12240598735495,3.5619934362920453,59.9841174460756,2.2058958973693352e-12,6.469897244636207,,,0.3910665967174953,0.700000014533345,1.0030848441296445,73.02414750496595,2,662474606.4815897,4.062860175766206,5.381026346726408,0.7550344328341526,0.8772013001314508,1,9,733504413.4105853,0.8649027714096161,0.0,1.64,1.56,440385429.3573664,4.899948726596706e-09,6.469897244636207,1.0,0.6402257744907729,4,58.934534463475174,58.934534421435245,local__potential_shape__A3__ct1e-06__p4
fixed_RAR,invariant,NGC3198,38,outer_holdout,20.05,154.0,2.0,155.3621504416103,155.3621504416103,153.16615335196468,2.8207801335962013,156.20795224274062,9.739129437526254e-12,19.91108264177713,,,0.4776690828764771,0.6999999858567767,0.9930714534552186,74.05189190596214,3,41540480034.01731,10.711393137874357,29.999925316145575,0.3570473267848311,6.9462499103800655,0,5,31328701396.31223,0.4614225727754429,0.0,5.84,3.14,7907639324.690955,8.798435337869189e-08,26.31335163604061,1.3215429873627431,0.4698689284792863,0,155.3632808591969,155.36215044161028,local__potential_shape__A3__ct1e-06__p4
fixed_RAR,invariant,NGC3198,38,outer_holdout,22.12,153.0,2.0,156.07976470406945,156.07976470406945,152.1715679405883,2.8207801335962013,156.92947324460818,8.320038466110179e-12,21.96674055042944,,,0.4776690828764771,0.6999999858567767,0.9930714534552186,74.05189190596214,3,41540480034.01731,10.711393137874357,29.999925316145575,0.3570473267848311,6.9462499103800655,0,5,31328701396.31223,0.4614225727754429,0.0,5.84,3.14,7336801247.08963,8.163292318828535e-08,28.577937024195,1.3009639258308767,0.3489741948418441,0,156.0806062678557,156.07976470406945,local__potential_shape__A3__ct1e-06__p4
fixed_RAR,invariant,NGC3198,38,outer_holdout,24.03,150.0,2.0,156.41098183588167,156.41098183588167,149.18781170645912,2.8207801335962013,157.2624935443468,7.232351320546911e-12,23.863507026528904,,,0.4776690828764771,0.6999999858567767,0.9930714534552186,74.05189190596214,3,41540480034.01731,10.711393137874357,29.999925316145575,0.3570473267848311,6.9462499103800655,0,5,31328701396.31223,0.4614225727754429,0.0,5.84,3.14,6882857443.321661,7.658211720120911e-08,30.841728873353546,1.2924223098921295,0.4388741141131618,0,156.4116350572345,156.41098183588167,local__potential_shape__A3__ct1e-06__p4
fixed_RAR,invariant,NGC3198,38,outer_holdout,26.1,149.0,2.0,157.72608037065214,157.72608037065214,148.19322629508272,2.8207801335962013,158.58475156233894,6.4258217913448514e-12,25.919164935181207,,,0.4776690828764771,0.6999999858567767,0.9930714534552186,74.05189190596214,3,41540480034.01731,10.711393137874357,29.999925316145575,0.3570473267848311,6.9462499103800655,0,5,31328701396.31223,0.4614225727754429,0.0,5.84,3.14,6450537892.726475,7.177191347918102e-08,32.532445323462554,1.2551502104647227,0.6226719979830477,0,157.72658854049362,157.72608037065214,local__potential_shape__A3__ct1e-06__p4
fixed_RAR,invariant,NGC3198,38,outer_holdout,28.16,148.0,2.0,159.31481200471163,159.31481200471163,147.19864088370633,2.8207801335962013,160.18213235627286,5.809155418367381e-12,27.96489212929896,,,0.4776690828764771,0.6999999858567767,0.9930714534552186,74.05189190596214,3,41540480034.01731,10.711393137874357,29.999925316145575,0.3570473267848311,6.9462499103800655,0,5,31328701396.31223,0.4614225727754429,0.0,5.84,3.14,6064947757.786157,6.748164462663034e-08,33.83479295948902,1.2099025021462584,0.4649572851569701,0,159.31521313803054,159.31481200471165,local__potential_shape__A3__ct1e-06__p4
fixed_RAR,invariant,NGC3198,38,outer_holdout,30.08,146.0,2.0,159.59977992113517,159.59977992113517,145.20947006095355,2.8207801335962013,160.46865165684167,5.187924667231542e-12,29.871589319932976,,,0.4776690828764771,0.6999999858567767,0.9930714534552186,74.05189190596214,3,41540480034.01731,10.711393137874357,29.999925316145575,0.3570473267848311,6.9462499103800655,0,5,31328701396.31223,0.4614225727754429,0.0,5.84,3.14,5741988977.658585,6.388824357851084e-08,35.868907419860285,1.2007699702782593,0.21496094626797912,0,159.6001027764262,159.59977992113517,local__potential_shape__A3__ct1e-06__p4
fixed_RAR,invariant,NGC3198,38,outer_holdout,32.14,147.0,2.0,159.50347209039134,159.50347209039134,146.20405547232994,2.8207801335962013,160.37181951991082,4.587867260834445e-12,31.91731651405073,,,0.4776690828764771,0.6999999858567767,0.9930714534552186,74.05189190596214,3,41540480034.01731,10.711393137874357,29.999925316145575,0.3570473267848311,6.9462499103800655,0,5,31328701396.31223,0.4614225727754429,0.0,5.84,3.14,5434039659.972833,6.046184532266358e-08,38.38498846380364,1.2026383373083915,0.31295172513296166,0,159.50373090517328,159.50347209039134,local__potential_shape__A3__ct1e-06__p4
fixed_RAR,invariant,NGC3198,38,outer_holdout,34.06,148.0,2.0,160.24120064310284,160.24120064310284,147.19864088370633,2.8207801335962013,161.11356431555444,4.1958531261725095e-12,33.82401370468475,,,0.4776690828764771,0.6999999858567767,0.9930714534552186,74.05189190596214,3,41540480034.01731,10.711393137874357,29.999925316145575,0.3570473267848311,6.9462499103800655,0,5,31328701396.31223,0.4614225727754429,0.0,5.84,3.14,5175929774.764846,5.758998554021699e-08,39.97767679961136,1.1819317822140754,0.62489088999655,0,160.2414146641582,160.24120064310287,local__potential_shape__A3__ct1e-06__p4
fixed_RAR,invariant,NGC3198,38,outer_holdout,36.12,148.0,2.0,161.8572217546821,161.8572217546821,147.19864088370633,2.8207801335962013,162.73838315272485,3.908326449161658e-12,35.8697408988025,,,0.4776690828764771,0.6999999858567767,0.9930714534552186,74.05189190596214,3,41540480034.01731,10.711393137874357,29.999925316145575,0.3570473267848311,6.9462499103800655,0,5,31328701396.31223,0.4614225727754429,0.0,5.84,3.14,4920339608.214948,5.474616140883201e-08,40.79939305672941,1.13743205371443,0.7869734397057755,0,161.8573982942819,161.8572217546821,local__potential_shape__A3__ct1e-06__p4
fixed_RAR,invariant,NGC3198,38,outer_holdout,38.19,149.0,2.0,163.39384438542467,163.39384438542467,148.19322629508272,2.8207801335962013,164.2833712584885,3.652055455342161e-12,37.9253988074548,,,0.4776690828764771,0.6999999858567767,0.9930714534552186,74.05189190596214,3,41540480034.01731,10.711393137874357,29.999925316145575,0.3570473267848311,6.9462499103800655,0,5,31328701396.31223,0.4614225727754429,0.0,5.84,3.14,4680725746.851464,5.208009764605897e-08,41.53605892751712,1.0952042755936053,0.7939248822561922,0,163.39399034041944,163.3938443854247,local__potential_shape__A3__ct1e-06__p4
fixed_RAR,invariant,NGC3198,38,outer_holdout,40.1,150.0,2.0,164.80245681930003,164.80245681930003,149.18781170645912,2.8207801335962013,165.69965227142433,3.4449071569220175e-12,39.82216528355427,,,0.4776690828764771,0.6999999858567767,0.9930714534552186,74.05189190596214,3,41540480034.01731,10.711393137874357,29.999925316145575,0.3570473267848311,6.9462499103800655,0,5,31328701396.31223,0.4614225727754429,0.0,5.84,3.14,4473148178.504031,4.9770485715486514e-08,42.080919209631425,1.0567210223249708,0.97669488540771,0,164.80257960502297,164.8024568193,local__potential_shape__A3__ct1e-06__p4
fixed_RAR,invariant,NGC3198,38,outer_holdout,42.17,150.0,3.0,167.071075470392,167.071075470392,149.18781170645912,3.5920469463391984,167.98062143218496,3.3015194220344213e-12,41.87782319220657,,,0.4776690828764771,0.6999999858567767,0.9930714534552186,74.05189190596214,3,41540480034.01731,10.711393137874357,29.999925316145575,0.3570473267848311,6.9462499103800655,0,5,31328701396.31223,0.4614225727754429,0.0,5.84,3.14,4259252336.711474,4.739057351188527e-08,41.808921883689436,0.9983547065423889,0.5206109755087027,0,167.07117779175175,167.071075470392,local__potential_shape__A3__ct1e-06__p4
fixed_RAR,invariant,NGC3198,38,outer_holdout,44.08,149.0,3.0,166.70366212350237,166.70366212350237,148.19322629508272,3.5920469463391984,167.61120786278505,3.016524045584189e-12,43.77458966830604,,,0.4776690828764771,0.6999999858567767,0.9930714534552186,74.05189190596214,3,41540480034.01731,10.711393137874357,29.999925316145575,0.3570473267848311,6.9462499103800655,0,5,31328701396.31223,0.4614225727754429,0.0,5.84,3.14,4074547833.298021,4.533545875112193e-08,43.77458966830604,1.0,-0.5966163639122897,0,166.70374762914074,166.70366212350237,local__potential_shape__A3__ct1e-06__p4
fixed_RAR,invariant,NGC3521,39,outer_holdout,5.32,213.0,23.1,216.1690305100466,216.1690305100466,210.94833163256865,22.964750880389435,218.27147502090568,2.7274978161866256e-10,4.322808265985852,,,0.6519617605915381,0.6999999960952196,0.8125579447341827,77.24429788139292,4,44245734629.30099,2.3982814203600644,3.6956368846040086,0.6489494220471941,7.168864204656855,3,4,62785804324.52637,0.0879947316027583,0.0,2.45,2.4,40997706052.06169,4.5616099936896215e-07,4.871296904428331,1.1268824811774047,0.16138865047560103,4,216.26903230383547,216.1690305100466,local__potential_shape__A3__ct1e-06__p4
fixed_RAR,invariant,NGC3521,39,outer_holdout,5.49,215.0,21.2,214.72093776132908,214.72093776132908,212.92906714085564,21.090838436623155,216.80929822581217,2.5754498952145887e-10,4.460943116590664,,,0.6519617605915381,0.6999999960952196,0.8125579447341827,77.24429788139292,4,44245734629.30099,2.3982814203600644,3.6956368846040086,0.6489494220471941,7.168864204656855,3,4,62785804324.52637,0.0879947316027583,0.0,2.45,2.4,39868022499.46817,4.4359157468780183e-07,5.01673365369871,1.1245903663377839,0.18552990155694715,4,214.81015928659517,214.72093776132908,local__potential_shape__A3__ct1e-06__p4
fixed_RAR,invariant,NGC3521,39,outer_holdout,5.67,216.0,18.3,213.3312364962286,213.3312364962286,213.9194348949992,18.23374853172287,215.40608082572396,2.429751669031144e-10,4.6072035466428165,,,0.6519617605915381,0.6999999960952196,0.8125579447341827,77.24429788139292,4,44245734629.30099,2.3982814203600644,3.6956368846040086,0.6489494220471941,7.168864204656855,3,4,62785804324.52637,0.0879947316027583,0.0,2.45,2.4,38739063255.97322,4.3103020903223276e-07,5.166978810739692,1.1215000072017163,0.2144976300126018,4,213.41058115512,213.33123649622857,local__potential_shape__A3__ct1e-06__p4
fixed_RAR,invariant,NGC3521,39,outer_holdout,5.84,208.0,31.7,212.1883462115886,212.1883462115886,205.99649286185104,31.458298408810613,214.252074872018,2.3061359781719894e-10,4.745338397247627,,,0.6519617605915381,0.6999999960952196,0.8125579447341827,77.24429788139292,4,44245734629.30099,2.3982814203600644,3.6956368846040086,0.6489494220471941,7.168864204656855,3,4,62785804324.52637,0.0879947316027583,0.0,2.45,2.4,37730110760.7059,4.1980409852808653e-07,5.302157491973291,1.117340229107502,0.23379537175082987,4,212.2595991114433,212.1883462115886,local__potential_shape__A3__ct1e-06__p4
fixed_RAR,invariant,NGC3521,39,outer_holdout,6.01,212.0,25.3,211.1171433293005,211.1171433293005,209.9579638784251,25.1359976756884,213.17045354720565,2.192255254025032e-10,4.883473247852439,,,0.6519617605915381,0.6999999960952196,0.8125579447341827,77.24429788139292,4,44245734629.30099,2.3982814203600644,3.6956368846040086,0.6489494220471941,7.168864204656855,3,4,62785804324.52637,0.0879947316027583,0.0,2.45,2.4,36771735395.869225,4.091407344940272e-07,5.435912551198774,1.1131242612190566,0.26997839411933455,4,211.18129337151743,211.11714332930052,local__potential_shape__A3__ct1e-06__p4
fixed_RAR,invariant,NGC3521,39,outer_holdout,6.19,213.0,23.8,210.2150152199176,210.2150152199176,210.94833163256865,23.65545128946119,212.2595514044324,2.0853495742788858e-10,5.029733677904591,,,0.6519617605915381,0.6999999960952196,0.8125579447341827,77.24429788139292,4,44245734629.30099,2.3982814203600644,3.6956368846040086,0.6489494220471941,7.168864204656855,3,4,62785804324.52637,0.0879947316027583,0.0,2.45,2.4,35806786709.89748,3.9840423239867386e-07,5.564625433657318,1.1063459399654665,0.2937741990710947,4,210.27260490785997,210.21501521991755,local__potential_shape__A3__ct1e-06__p4
fixed_RAR,invariant,NGC3521,39,outer_holdout,6.35,216.0,19.6,209.41281039356844,209.41281039356844,213.9194348949992,19.513969234625307,211.4495443913881,1.9959639509286706e-10,5.1597429490620605,,,0.6519617605915381,0.6999999960952196,0.8125579447341827,77.24429788139292,4,44245734629.30099,2.3982814203600644,3.6956368846040086,0.6489494220471941,7.168864204656855,3,4,62785804324.52637,0.0879947316027583,0.0,2.45,2.4,34988350345.24287,3.892978997285812e-07,5.680940335517056,1.1010122774720277,0.2544236979388188,4,209.46522661401468,209.41281039356838,local__potential_shape__A3__ct1e-06__p4
fixed_RAR,invariant,NGC3521,39,outer_holdout,6.64,210.0,25.0,207.78646725112333,207.78646725112333,207.97722837013808,24.839840584825485,209.8073835520021,1.8421200036420175e-10,5.395384753034973,,,0.6519617605915381,0.6999999960952196,0.8125579447341827,77.24429788139292,4,44245734629.30099,2.3982814203600644,3.6956368846040086,0.6489494220471941,7.168864204656855,3,4,62785804324.52637,0.0879947316027583,0.0,2.45,2.4,33594150674.080605,3.737853363058949e-07,5.910105071102144,1.0954001135466076,0.20021917575451198,4,207.83081940853435,207.7864672511233,local__potential_shape__A3__ct1e-06__p4
fixed_RAR,invariant,NGC3521,39,outer_holdout,8.82,210.0,10.7,198.56454687673687,198.56454687673687,207.97722837013808,10.784017375001202,200.49577144043687,1.0978472749875791e-10,7.166761072555492,,,0.6519617605915381,0.6999999960952196,0.8125579447341827,77.24429788139292,4,44245734629.30099,2.3982814203600644,3.6956368846040086,0.6489494220471941,7.168864204656855,3,4,62785804324.52637,0.0879947316027583,0.0,2.45,2.4,25829513430.543266,2.8739209566331654e-07,7.624717398244374,1.063900040904473,0.19269110881933216,4,198.57954658097486,198.56454687673687,local__potential_shape__A3__ct1e-06__p4
fixed_RAR,invariant,NGC3521,39,outer_holdout,11.07,210.0,10.7,193.44026659535447,193.44026659535447,207.97722837013808,10.784017375001202,195.32165277598784,7.301920307684373e-11,8.995016448207403,,,0.6519617605915381,0.6999999960952196,0.8125579447341827,77.24429788139292,4,44245734629.30099,2.3982814203600644,3.6956368846040086,0.6489494220471941,7.168864204656855,3,4,62785804324.52637,0.0879947316027583,0.0,2.45,2.4,20782516752.981777,2.312366843014044e-07,9.223813330955513,1.0254359604638308,0.18750588758214803,4,193.44641521638243,193.44026659535447,local__potential_shape__A3__ct1e-06__p4
fixed_RAR,invariant,NGC3521,39,outer_holdout,13.32,206.0,6.25,189.8535647858782,189.8535647858782,204.01575735356403,6.504890853617104,191.70006696155664,5.2075150515115166e-11,10.823271823859317,,,0.6519617605915381,0.6999999960952196,0.8125579447341827,77.24429788139292,4,44245734629.30099,2.3982814203600644,3.6956368846040086,0.6489494220471941,7.168864204656855,3,4,62785804324.52637,0.0879947316027583,0.0,2.45,2.4,17305350647.49041,1.9254799367957727e-07,10.769593831261444,0.9950405022186043,0.11752703706275724,4,189.85647031749465,189.85356478587826,local__potential_shape__A3__ct1e-06__p4
fixed_RAR,invariant,NGC3521,39,outer_holdout,15.49,206.0,6.25,186.596598654352,186.596598654352,204.01575735356403,6.504890853617104,188.4114238106668,3.89287479960923e-11,12.58652256393249,,,0.6519617605915381,0.6999999960952196,0.8125579447341827,77.24429788139292,4,44245734629.30099,2.3982814203600644,3.6956368846040086,0.6489494220471941,7.168864204656855,3,4,62785804324.52637,0.0879947316027583,0.0,2.45,2.4,14855961828.21748,1.6529486760896597e-07,12.367439462090095,0.9825938339418552,-0.03876314507647294,4,186.59815056256872,186.596598654352,local__potential_shape__A3__ct1e-06__p4
fixed_RAR,invariant,NGC3521,39,outer_holdout,17.74,206.0,10.7,182.4952882187345,182.4952882187345,204.01575735356403,10.784017375001202,184.2702243234476,2.9127820810983404e-11,14.4147779395844,,,0.6519617605915381,0.6999999960952196,0.8125579447341827,77.24429788139292,4,44245734629.30099,2.3982814203600644,3.6956368846040086,0.6489494220471941,7.168864204656855,3,4,62785804324.52637,0.0879947316027583,0.0,2.45,2.4,12955867442.806273,1.441534663646165e-07,14.4147779395844,1.0,-0.2382399896436027,4,182.49616646073136,182.49528821873443,local__potential_shape__A3__ct1e-06__p4
fixed_RAR,invariant,NGC3726,40,outer_holdout,22.3,158.0,4.9,159.50730922613718,159.50730922613718,159.97734809372272,5.349273233859462,157.53577089529568,1.3734766512456796e-11,17.231163162938927,,,0.4621837160705045,0.6999999884824435,0.7726978996833599,52.07017684705399,0,29257682787.925354,5.491543071432769,9.074916271937918,0.6051342962153929,5.829544371161,0,5,41283752244.3658,0.2085345815719773,0.0,7.52,3.4,6937103042.001225,7.718568088532391e-08,16.368403384847706,0.9499302647225314,-0.0963789536828017,4,159.5116114536351,159.50730922613718,local__potential_shape__A3__ct1e-06__p4
fixed_RAR,invariant,NGC3726,40,outer_holdout,27.52,168.0,10.6,155.35879811257917,155.35879811257917,170.1024967072495,10.917414422084043,153.43853610704204,8.670058719125609e-12,21.264646199286062,,,0.4621837160705045,0.6999999884824435,0.7726978996833599,52.07017684705399,0,29257682787.925354,5.491543071432769,9.074916271937918,0.6051342962153929,5.829544371161,0,5,41283752244.3658,0.2085345815719773,0.0,7.52,3.4,5577913044.086134,6.206265261164646e-08,20.849668563050972,0.9804850909652556,-0.1724691263149225,4,155.36054971441655,155.35879811257917,local__potential_shape__A3__ct1e-06__p4
fixed_RAR,invariant,NGC3726,40,outer_holdout,30.08,169.0,10.6,153.87393885187254,153.87393885187254,171.11501156860217,10.917414422084043,151.97202996734654,7.1506209582314906e-12,23.242752822475463,,,0.4621837160705045,0.6999999884824435,0.7726978996833599,52.07017684705399,0,29257682787.925354,5.491543071432769,9.074916271937918,0.6051342962153929,5.829544371161,0,5,41283752244.3658,0.2085345815719773,0.0,7.52,3.4,5097256710.744522,5.671462964929575e-08,23.10160764729962,0.9939273468915714,-0.1208968260247616,4,153.87514868749528,153.87393885187254,local__potential_shape__A3__ct1e-06__p4
fixed_RAR,invariant,NGC3726,40,outer_holdout,32.52,167.0,15.2,152.92981889261387,152.92981889261387,169.08998184589683,15.51963443590231,151.0395794964494,6.079225683764695e-12,25.128135697702863,,,0.4621837160705045,0.6999999884824435,0.7726978996833599,52.07017684705399,0,29257682787.925354,5.491543071432769,9.074916271937918,0.6051342962153929,5.829544371161,0,5,41283752244.3658,0.2085345815719773,0.0,7.52,3.4,4713668975.118343,5.244664049383627e-08,25.128135697702863,1.0,-0.0414805886114209,4,152.93069820953986,152.92981889261384,local__potential_shape__A3__ct1e-06__p4
fixed_RAR,invariant,NGC3741,41,outer_holdout,4.21,44.7,2.22,42.350237517807365,42.350237517807365,44.339363324655096,2.9747599533073004,42.69469552787529,1.4137055740416688e-12,4.228974815487651,,,0.3825562144601713,0.6999999731915483,1.004507082063575,71.3224201680825,1,303018160.5165492,3.8258730592039747,5.1624938226550325,0.7410900992102992,0.5932653413035253,0,10,254178976.96289164,0.9523210884405248,0.0,0.32,0.2,284666926.6710324,3.1673467191713554e-09,6.5257058986319585,1.5430940554985233,1.6468294704580444,3,42.35023752294705,42.350237517807365,local__potential_shape__A3__ct1e-06__p4
fixed_RAR,invariant,NGC3741,41,outer_holdout,4.67,46.7,2.24,44.004903633948025,44.004903633948025,46.32322745551215,2.989475416597566,44.36281996281412,1.3429026346107974e-12,4.691048073236896,,,0.3825562144601713,0.6999999731915483,1.004507082063575,71.3224201680825,1,303018160.5165492,3.8258730592039747,5.1624938226550325,0.7410900992102992,0.5932653413035253,0,10,254178976.96289164,0.9523210884405248,0.0,0.32,0.2,265027984.58980316,2.94883401909622e-09,6.395826335024964,1.3634109553287406,1.4496846179708882,3,44.00490363796039,44.004903633948025,local__potential_shape__A3__ct1e-06__p4
fixed_RAR,invariant,NGC3741,41,outer_holdout,5.14,48.5,2.27,45.472217336082295,45.472217336082295,48.10870517328349,3.0116588269980604,45.84206814247688,1.2676945555951329e-12,5.163166401806776,,,0.3825562144601713,0.6999999731915483,1.004507082063575,71.3224201680825,1,303018160.5165492,3.8258730592039747,5.1624938226550325,0.7410900992102992,0.5932653413035253,0,10,254178976.96289164,0.9523210884405248,0.0,0.32,0.2,246026344.7284273,2.737412262527515e-09,6.2895046692006815,1.218148744344122,1.1677047130017968,3,45.472217339161254,45.472217336082295,local__potential_shape__A3__ct1e-06__p4
fixed_RAR,invariant,NGC3741,41,outer_holdout,5.61,50.0,2.32,46.38151003484548,46.38151003484548,49.59660327142628,3.0489179468758976,46.75875662393085,1.1570934947933325e-12,5.635284730376656,,,0.3825562144601713,0.6999999731915483,1.004507082063575,71.3224201680825,1,303018160.5165492,3.8258730592039747,5.1624938226550325,0.7410900992102992,0.5932653413035253,0,10,254178976.96289164,0.9523210884405248,0.0,0.32,0.2,228388127.9198401,2.5411606333199105e-09,6.396678559235931,1.1351118648459817,0.8656049866156081,3,46.3815100371777,46.38151003484547,local__potential_shape__A3__ct1e-06__p4
fixed_RAR,invariant,NGC3741,41,outer_holdout,6.07,50.2,2.4,47.04988558776345,47.04988558776345,49.79498968451198,3.1092494787600646,47.43256844654717,1.051321451943632e-12,6.097357988125901,,,0.3825562144601713,0.6999999731915483,1.004507082063575,71.3224201680825,1,303018160.5165492,3.8258730592039747,5.1624938226550325,0.7410900992102992,0.5932653413035253,0,10,254178976.96289164,0.9523210884405248,0.0,0.32,0.2,212666183.64803144,2.366230411566913e-09,6.555598787198198,1.0751539929203244,0.671841700295829,3,47.04988558954207,47.04988558776345,local__potential_shape__A3__ct1e-06__p4
fixed_RAR,invariant,NGC3741,41,outer_holdout,6.54,50.1,2.57,47.49209721202745,47.49209721202745,49.69579647796913,3.2401781002279595,47.87837682362889,9.446975830515049e-13,6.5694763166957815,,,0.3825562144601713,0.6999999731915483,1.004507082063575,71.3224201680825,1,303018160.5165492,3.8258730592039747,5.1624938226550325,0.7410900992102992,0.5932653413035253,0,10,254178976.96289164,0.9523210884405248,0.0,0.32,0.2,198150620.8930437,2.2047229944370436e-09,6.797544948791376,1.034716409817321,0.5415264171788863,3,47.49209721338057,47.49209721202745,local__potential_shape__A3__ct1e-06__p4
fixed_RAR,invariant,NGC3741,41,outer_holdout,7.0,51.6,3.24,47.86152642004365,47.86152642004365,51.18369457611192,3.78535274516548,48.25081080463605,8.542345151590111e-13,7.031549574445026,,,0.3825562144601713,0.6999999731915483,1.004507082063575,71.3224201680825,1,303018160.5165492,3.8258730592039747,5.1624938226550325,0.7410900992102992,0.5932653413035253,0,10,254178976.96289164,0.9523210884405248,0.0,0.32,0.2,185344073.2945573,2.0622309354039515e-09,7.031549574445026,1.0,0.49673528545008594,3,47.86152642108749,47.86152642004365,local__potential_shape__A3__ct1e-06__p4
fixed_RAR,invariant,NGC3769,42,outer_holdout,17.07,122.0,15.2,121.1272563165832,121.1272563165832,121.97368267462564,15.327763463813596,121.15339101503854,5.8743111459259655e-12,16.065907110561966,,,0.3804232710760966,0.6999999951511809,0.9411779209468052,70.03399276610416,2,13991327217.715996,4.741347450070103,17.53693683078982,0.27036349026163226,4.031290597260687,0,3,20196151739.058304,0.364107484188613,0.0,2.18,3.38,3515758306.5835114,3.9118086768911185e-08,19.395970733640524,1.207275169721934,0.4480014004392281,4,121.12727150321209,121.1272563165832,local__potential_shape__A3__ct1e-06__p4
fixed_RAR,invariant,NGC3769,42,outer_holdout,31.82,121.0,10.2,125.96830432958674,125.96830432958674,120.9738983904074,10.392069991173864,125.99548354381726,2.1523113056454048e-12,29.948281444527343,,,0.3804232710760966,0.6999999951511809,0.9411779209468052,70.03399276610416,2,13991327217.715996,4.741347450070103,17.53693683078982,0.27036349026163226,4.031290597260687,0,3,20196151739.058304,0.364107484188613,0.0,2.18,3.38,2007843053.7026286,2.2340266862490983e-08,30.23250478602578,1.0094904725008977,0.1061195347060675,4,125.96830600964648,125.96830432958674,local__potential_shape__A3__ct1e-06__p4
fixed_RAR,invariant,NGC3769,42,outer_holdout,34.61,118.0,10.4,125.82683003010378,125.82683003010378,117.97454553775266,10.588358767775668,125.8539787195105,1.829735267339296e-12,32.57416784396893,,,0.3804232710760966,0.6999999951511809,0.9411779209468052,70.03399276610416,2,13991327217.715996,4.741347450070103,17.53693683078982,0.27036349026163226,4.031290597260687,0,3,20196151739.058304,0.364107484188613,0.0,2.18,3.38,1847054053.4866402,2.0551247961459736e-08,32.714538708805335,1.004309269403559,0.06515567118253784,4,125.82683123191457,125.82683003010378,local__potential_shape__A3__ct1e-06__p4
fixed_RAR,invariant,NGC3769,42,outer_holdout,37.16,113.0,10.5,125.71365945221154,125.71365945221154,112.97562411666144,10.686554159335868,125.74078372367124,1.5943166643196585e-12,34.97417154238328,,,0.3804232710760966,0.6999999951511809,0.9411779209468052,70.03399276610416,2,13991327217.715996,4.741347450070103,17.53693683078982,0.27036349026163226,4.031290597260687,0,3,20196151739.058304,0.364107484188613,0.0,2.18,3.38,1720570872.9506269,1.9143932782327383e-08,34.97417154238328,1.0,0.06016219681532675,4,125.71366035631301,125.71365945221156,local__potential_shape__A3__ct1e-06__p4
fixed_RAR,invariant,NGC3877,43,outer_holdout,8.72,171.0,4.9,186.30045874764943,186.30045874764943,170.96216835935306,5.291443786202569,186.3416845467566,6.933191266321227e-11,8.637133340497652,,,0.4426420953468795,0.7000000036316881,0.9904969427176205,76.05094268603347,3,43636518046.7339,6.164923892077308,8.242826026715143,0.7479138674159423,7.119339329944163,2,5,28621846099.09365,0.0689120468739596,0.0,4.39,2.53,21438409107.17213,2.385344709479548e-07,10.020948444138872,1.1602169434102412,1.2192321795424732,0,186.95081389198307,186.30045874764946,local__potential_shape__A3__ct1e-06__p4
fixed_RAR,invariant,NGC3877,43,outer_holdout,9.6,171.0,4.9,190.11438784667305,190.11438784667305,170.96216835935306,5.291443786202569,190.1564576172653,6.375523175082874e-11,9.508770650089156,,,0.4426420953468795,0.7000000036316881,0.9904969427176205,76.05094268603347,3,43636518046.7339,6.164923892077308,8.242826026715143,0.7479138674159423,7.119339329944163,2,5,28621846099.09365,0.0689120468739596,0.0,4.39,2.53,19650907921.655563,2.1864583800534558e-07,9.988867370159271,1.050489883260105,0.6871341809667229,0,190.58357492475074,190.11438784667305,local__potential_shape__A3__ct1e-06__p4
fixed_RAR,invariant,NGC3877,43,outer_holdout,10.47,170.0,5.7,189.1211461609133,189.1211461609133,169.96238959701765,6.0395054074661685,189.16299614040847,5.496317320183803e-11,10.370502990253486,,,0.4426420953468795,0.7000000036316881,0.9904969427176205,76.05094268603347,3,43636518046.7339,6.164923892077308,8.242826026715143,0.7479138674159423,7.119339329944163,2,5,28621846099.09365,0.0689120468739596,0.0,4.39,2.53,18077108716.335167,2.011349602651768e-07,10.658758606567154,1.027795721826085,0.3226431133077199,0,189.45571797140698,189.12114616091327,local__potential_shape__A3__ct1e-06__p4
fixed_RAR,invariant,NGC3877,43,outer_holdout,11.35,169.0,7.0,188.6366226582398,188.6366226582398,168.96261083468227,7.278620824526313,188.67836541916608,4.8124101129013066e-11,11.242140299844992,,,0.4426420953468795,0.7000000036316881,0.9904969427176205,76.05094268603347,3,43636518046.7339,6.164923892077308,8.242826026715143,0.7479138674159423,7.119339329944163,2,5,28621846099.09365,0.0689120468739596,0.0,4.39,2.53,16694067950.213655,1.857465564056814e-07,11.24214029984499,0.9999999999999999,0.38431736399957117,0,188.87951068283562,188.63662265823976,local__potential_shape__A3__ct1e-06__p4
fixed_RAR,invariant,NGC3893,44,outer_holdout,15.33,179.0,12.6,177.4704110542422,177.4704110542422,176.61229409196406,12.59177529666184,179.86971825510517,2.0959205006546383e-11,16.635214239712006,,,0.4422896199817722,0.7000000008632653,1.085141176758774,49.89924021521627,4,43164632840.022156,4.254112184494971,8.169024064073009,0.520761372610513,7.080740434556182,2,5,38730165132.05058,0.1991385777391765,0.0,2.43,2.38,11114770652.28335,1.2366850189286183e-07,17.186013746987683,1.0331104546859875,0.07742624610568782,2,177.48738619978477,177.47041105424222,local__potential_shape__A3__ct1e-06__p4
fixed_RAR,invariant,NGC3893,44,outer_holdout,17.3,176.0,11.7,176.35236233459744,176.35236233459744,173.65231150941716,11.715902341749002,178.7365541011296,1.6728778569228522e-11,18.77294235792679,,,0.4422896199817722,0.7000000008632653,1.085141176758774,49.89924021521627,4,43164632840.022156,4.254112184494971,8.169024064073009,0.520761372610513,7.080740434556182,2,5,38730165132.05058,0.1991385777391765,0.0,2.43,2.38,9879802157.391205,1.0992762424219985e-07,19.139627010412248,1.0195326148397097,0.17709789859782177,2,176.36289421119076,176.35236233459742,local__potential_shape__A3__ct1e-06__p4
fixed_RAR,invariant,NGC3893,44,outer_holdout,19.05,167.0,13.5,175.96826311957668,175.96826311957668,164.77236376177652,13.46923576161111,178.34726206547484,1.407914065304364e-11,20.671939417254645,,,0.4422896199817722,0.7000000008632653,1.085141176758774,49.89924021521627,4,43164632840.022156,4.254112184494971,8.169024064073009,0.520761372610513,7.080740434556182,2,5,38730165132.05058,0.1991385777391765,0.0,2.43,2.38,8980653004.500801,9.992324068855913e-08,20.671939417254645,1.0,0.2439250486866058,2,175.97543811675044,175.96826311957668,local__potential_shape__A3__ct1e-06__p4
fixed_RAR,invariant,NGC3917,45,outer_holdout,10.47,136.0,3.5,142.1030834308677,142.1030834308677,135.8975820110618,4.028840608380714,142.21017814007104,2.1026689917249213e-11,10.64509648886754,,,0.5264773180886043,0.699999973673562,1.0167236379052091,79.22440551963182,0,18770095364.43206,6.5229147287304095,9.359459877323781,0.6969328160201007,4.669258180389505,0,6,11434192406.72781,0.2196079889754627,0.0,5.56,2.63,7395216065.781233,8.228287570120109e-08,11.398019926707232,1.0707296019934704,0.8140465620564896,2,142.11015549819373,142.1030834308677,local__potential_shape__A3__ct1e-06__p4
fixed_RAR,invariant,NGC3917,45,outer_holdout,11.35,137.0,3.5,143.57423742286394,143.57423742286394,136.89682893761372,4.028840608380714,143.68244085402574,1.900681402839996e-11,11.539813290224124,,,0.5264773180886043,0.699999973673562,1.0167236379052091,79.22440551963182,0,18770095364.43206,6.5229147287304095,9.359459877323781,0.6969328160201007,4.669258180389505,0,6,11434192406.72781,0.2196079889754627,0.0,5.56,2.63,6843436193.288497,7.614349664061808e-08,11.668481761701306,1.0111499612897707,0.5972806488393871,2,143.57947729891555,143.57423742286394,local__potential_shape__A3__ct1e-06__p4
fixed_RAR,invariant,NGC3917,45,outer_holdout,12.19,137.0,3.5,144.04930178069048,144.04930178069048,136.89682893761372,4.028840608380714,144.15786323982763,1.7031926340781308e-11,12.3938611460645,,,0.5264773180886043,0.699999973673562,1.0167236379052091,79.22440551963182,0,18770095364.43206,6.5229147287304095,9.359459877323781,0.6969328160201007,4.669258180389505,0,6,11434192406.72781,0.2196079889754627,0.0,5.56,2.63,6369354030.878992,7.086862119482851e-08,12.119398720617484,0.9778549701168656,0.17062047267290836,2,144.05324677101618,144.04930178069048,local__potential_shape__A3__ct1e-06__p4
fixed_RAR,invariant,NGC3917,45,outer_holdout,13.12,137.0,5.0,142.74803536758512,142.74803536758512,136.89682893761372,5.381668933108641,142.85561613900782,1.4562090802648242e-11,13.339414129316344,,,0.5264773180886043,0.699999973673562,1.0167236379052091,79.22440551963182,0,18770095364.43206,6.5229147287304095,9.359459877323781,0.6969328160201007,4.669258180389505,0,6,11434192406.72781,0.2196079889754627,0.0,5.56,2.63,5909830824.072884,6.575573597672096e-08,13.152271606006114,0.9859707089459842,-0.004717371330457354,2,142.75093289756433,142.74803536758515,local__potential_shape__A3__ct1e-06__p4
fixed_RAR,invariant,NGC3917,45,outer_holdout,13.94,138.0,5.0,142.3068358535061,142.3068358535061,137.89607586416565,5.381668933108641,142.41408411888796,1.2977206080182663e-11,14.173127512398615,,,0.5264773180886043,0.699999973673562,1.0167236379052091,79.22440551963182,0,18770095364.43206,6.5229147287304095,9.359459877323781,0.6969328160201007,4.669258180389505,0,6,11434192406.72781,0.2196079889754627,0.0,5.56,2.63,5556194204.572303,6.182099793162163e-08,13.875405071825194,0.9789938783579718,-0.1159911201224304,2,142.3090926675386,142.30683585350607,local__potential_shape__A3__ct1e-06__p4
fixed_RAR,invariant,NGC3917,45,outer_holdout,14.86,137.0,7.5,140.7362603152428,140.7362603152428,136.89682893761372,7.756630140568137,140.84232493051312,1.1172469438635e-11,15.108513259271406,,,0.5264773180886043,0.699999973673562,1.0167236379052091,79.22440551963182,0,18770095364.43206,6.5229147287304095,9.359459877323781,0.6969328160201007,4.669258180389505,0,6,11434192406.72781,0.2196079889754627,0.0,5.56,2.63,5208605325.337113,5.795355007197515e-08,15.108513259271406,1.0,-0.5699825391304785,2,140.73798398626496,140.73626031524282,local__potential_shape__A3__ct1e-06__p4
fixed_RAR,invariant,NGC3953,46,outer_holdout,12.19,223.0,6.1,238.86243848024043,238.86243848024043,222.91651190852792,6.417331486289362,238.951898740238,8.804778312946143e-11,12.083371833883444,,,0.5474632291809942,0.7000000046793774,0.9912528165613984,62.04038485710938,1,99152585471.14616,7.252091807320374,10.18683803230256,0.7119080311598086,10.731654204175813,0,4,91921937510.34424,0.0409756376118175,0.0,6.17,4.89,35054951437.89353,3.900389368232911e-07,12.902694034370315,1.067805759166442,0.6840371067048068,3,242.58935939488012,238.8624384802404,local__potential_shape__A3__ct1e-06__p4
fixed_RAR,invariant,NGC3953,46,outer_holdout,13.94,224.0,6.1,239.05157502011613,239.05157502011613,223.91613752246752,6.417331486289362,239.14110611671796,7.238026529396119e-11,13.818064262865892,,,0.5474632291809942,0.7000000046793774,0.9912528165613984,62.04038485710938,1,99152585471.14616,7.252091807320374,10.18683803230256,0.7119080311598086,10.731654204175813,0,4,91921937510.34424,0.0409756376118175,0.0,6.17,4.89,30784381406.63519,3.4252243697668613e-07,13.783506498048595,0.9974990878490726,0.2399362638543039,3,241.29730502521016,239.0515750201161,local__potential_shape__A3__ct1e-06__p4
fixed_RAR,invariant,NGC3953,46,outer_holdout,15.68,215.0,9.7,234.36456392479485,234.36456392479485,214.91950699701124,9.900482878085748,234.452339612577,5.70559368873432e-11,15.542844163682725,,,0.5474632291809942,0.7000000046793774,0.9912528165613984,62.04038485710938,1,99152585471.14616,7.252091807320374,10.18683803230256,0.7119080311598086,10.731654204175813,0,4,91921937510.34424,0.0409756376118175,0.0,6.17,4.89,27364144745.72061,3.0446717185185366e-07,15.542844163682725,1.0,-0.2850688477777794,3,235.74857423849807,234.36456392479485,local__potential_shape__A3__ct1e-06__p4
fixed_RAR,invariant,NGC3972,47,outer_holdout,6.98,130.0,3.9,128.83419390585112,128.83419390585112,129.9789319939657,4.382359009262336,128.85507636374638,2.9259587130608386e-11,7.164154017838007,,,0.5223623330704122,0.6999999933190127,1.0263830971114625,77.04028755420757,2,11458876576.27131,4.867452475185619,6.063959928183155,0.8026854617827223,3.6482590594342863,4,4,7835992152.883314,0.2060517632608766,0.0,3.73,2.18,6844576225.840198,7.61561812134436e-08,7.581023197187188,1.0581881933737354,0.548594136450788,0,128.83989781945982,128.83419390585112,local__potential_shape__A3__ct1e-06__p4
fixed_RAR,invariant,NGC3972,47,outer_holdout,7.85,134.0,6.1,128.9554559846018,128.9554559846018,133.97828374762616,6.418562171868021,128.97635809760706,2.4198119700621062e-11,8.057107312324979,,,0.5223623330704122,0.6999999933190127,1.0263830971114625,77.04028755420757,2,11458876576.27131,4.867452475185619,6.063959928183155,0.8026854617827223,3.6482590594342863,4,4,7835992152.883314,0.2060517632608766,0.0,3.73,2.18,6111668045.162798,6.800147793031496e-08,8.185167884847752,1.0158941128073198,0.2642903944249042,0,128.95908545377586,128.9554559846018,local__potential_shape__A3__ct1e-06__p4
fixed_RAR,invariant,NGC3972,47,outer_holdout,8.72,134.0,4.9,128.2521506456273,128.2521506456273,133.97828374762616,5.291712240219768,128.2729387613801,1.9938874177091628e-11,8.95006060681195,,,0.5223623330704122,0.6999999933190127,1.0263830971114625,77.04028755420757,2,11458876576.27131,4.867452475185619,6.063959928183155,0.8026854617827223,3.6482590594342863,4,4,7835992152.883314,0.2060517632608766,0.0,3.73,2.18,5506519154.137275,6.126828845511163e-08,8.95006060681195,1.0,0.051730180582922,0,128.25452936322267,128.25215064562727,local__potential_shape__A3__ct1e-06__p4
fixed_RAR,invariant,NGC3992,48,outer_holdout,36.7,244.0,5.3,255.28664570042588,255.28664570042588,244.53756585384676,5.67572979259254,254.72545019170133,2.0480969008154185e-11,34.8991020332486,,,0.6999341144466265,0.6999999957907985,0.9509292107152204,55.81371554689618,3,191878910152.88776,11.072724746540615,16.362648667810205,0.6767073577961548,14.928915858380325,4,4,120710825998.62656,0.1828888984675756,0.0,9.99,4.96,21533597609.31898,2.395935858704483e-07,34.07340596615598,0.9763404781502408,-0.12942796610491314,4,255.99572128845088,255.28664570042594,local__potential_shape__A3__ct1e-06__p4
fixed_RAR,invariant,NGC3992,48,outer_holdout,41.44,241.0,6.2,251.33229477691324,251.33229477691324,241.5309564376109,6.527600162968787,250.7797921004052,1.5815242650960937e-11,39.40650649203874,,,0.6999341144466265,0.6999999957907985,0.9509292107152204,55.81371554689618,3,191878910152.88776,11.072724746540615,16.362648667810205,0.6767073577961548,14.928915858380325,4,4,120710825998.62656,0.1828888984675756,0.0,9.99,4.96,19030008058.88499,2.1173739533419197e-07,38.995327075456935,0.9895656973128315,-0.11600682339741297,4,251.7588677421549,251.33229477691324,local__potential_shape__A3__ct1e-06__p4
fixed_RAR,invariant,NGC3992,48,outer_holdout,46.02,237.0,8.6,248.40817258279395,248.40817258279395,237.52214388262985,8.847951586200757,247.86209799122472,1.2683027553589038e-11,43.76176227711445,,,0.6999341144466265,0.6999999957907985,0.9509292107152204,55.81371554689618,3,191878910152.88776,11.072724746540615,16.362648667810205,0.6767073577961548,14.928915858380325,4,4,120710825998.62656,0.1828888984675756,0.0,9.99,4.96,17126486785.510674,1.9055786481900006e-07,43.76176227711445,1.0,-0.0948220226656531,4,248.68502885946344,248.40817258279395,local__potential_shape__A3__ct1e-06__p4
fixed_RAR,invariant,NGC4010,49,outer_holdout,7.85,129.0,5.1,118.28069928028536,118.28069928028536,128.99994282618889,5.478136265586442,118.2807517032416,2.029085101631481e-11,7.533550417736325,,,0.3868900900239054,0.7000000032448948,0.9596879513039904,89.00145587809428,4,9611367899.184145,5.080983103812557,7.15805114424184,0.7098277172690863,3.3412367490119674,0,7,12224005615.437138,0.3081281307040127,0.0,6.63,2.81,5425008916.2264805,6.036136474730774e-08,8.664622556551043,1.1501379928581645,1.235164395868253,2,118.2824639184317,118.28069928028535,local__potential_shape__A3__ct1e-06__p4
fixed_RAR,invariant,NGC4010,49,outer_holdout,8.72,127.0,5.1,121.07777979108504,121.07777979108504,126.99994371260456,5.478136265586442,121.07783345372984,1.839092934124833e-11,8.368478935370797,,,0.3868900900239054,0.7000000032448948,0.9596879513039904,89.00145587809428,4,9611367899.184145,5.080983103812557,7.15805114424184,0.7098277172690863,3.3412367490119674,0,7,12224005615.437138,0.3081281307040127,0.0,6.63,2.81,4927555111.695367,5.482644471235144e-08,8.683149316310795,1.0376018609080784,0.6798994616436289,2,121.07900930441079,121.07777979108504,local__potential_shape__A3__ct1e-06__p4
fixed_RAR,invariant,NGC4010,49,outer_holdout,9.6,124.0,5.1,121.17436376165072,121.17436376165072,123.99994504222808,5.478136265586442,121.1744174671023,1.5659883847833498e-11,9.21300433251831,,,0.3868900900239054,0.7000000032448948,0.9596879513039904,89.00145587809428,4,9611367899.184145,5.080983103812557,7.15805114424184,0.7098277172690863,3.3412367490119674,0,7,12224005615.437138,0.3081281307040127,0.0,6.63,2.81,4485407127.401613,4.990688491726705e-08,9.282453602119366,1.0075381783286401,0.2030683618888247,2,121.17520857929308,121.17436376165072,local__potential_shape__A3__ct1e-06__p4
fixed_RAR,invariant,NGC4010,49,outer_holdout,10.47,122.0,3.9,120.59350862727328,120.59350862727328,121.99994592864375,4.382919862103408,120.59356207528522,1.3269125350255784e-11,10.04793285015278,,,0.3868900900239054,0.7000000032448948,0.9596879513039904,89.00145587809428,4,9611367899.184145,5.080983103812557,7.15805114424184,0.7098277172690863,3.3412367490119674,0,7,12224005615.437138,0.3081281307040127,0.0,6.63,2.81,4114050004.3891973,4.57749796799103e-08,10.04793285015278,1.0,-0.02233222243989985,2,120.59410367003451,120.59350862727325,local__potential_shape__A3__ct1e-06__p4
fixed_RAR,invariant,NGC4013,50,outer_holdout,23.69,172.0,5.0,166.24234446793992,166.24234446793992,171.99988523491467,5.385161709555964,166.2424553913677,1.2120771691239768e-11,20.118267245469795,,,0.4799482080757168,0.8308502274758546,0.8492303607205485,89.00219259853816,0,41069826977.81108,3.929882814061696,5.928954412280422,0.6628289814342098,6.906787357387278,1,3,51143849974.74903,0.0771570775752762,0.2303325793088489,4.11,3.53,7587765967.674424,8.442528229254687e-08,20.28771387465582,1.008422526011736,0.2872009228631214,1,166.2457955294483,166.2423444679399,local__potential_shape__A3__ct1e-06__p4
fixed_RAR,invariant,NGC4013,50,outer_holdout,24.39,173.0,5.0,166.44698741540984,166.44698741540984,172.9998845676758,5.385161709555964,166.44709847538346,1.1571094916641209e-11,20.71272849797418,,,0.4799482080757168,0.8308502274758546,0.8492303607205485,89.00219259853816,0,41069826977.81108,3.929882814061696,5.928954412280422,0.6628289814342098,6.906787357387278,1,3,51143849974.74903,0.0771570775752762,0.2303325793088489,4.11,3.53,7370537606.433256,8.200829080943266e-08,20.64306429000698,0.9966366474617763,0.36521279301712184,1,166.4500637307763,166.4469874154098,local__potential_shape__A3__ct1e-06__p4
fixed_RAR,invariant,NGC4013,50,outer_holdout,25.2,176.0,5.0,166.5488192305947,166.5488192305947,175.99988256595918,5.385161709555964,166.5489303585145,1.095281408679606e-11,21.40060509015782,,,0.4799482080757168,0.8308502274758546,0.8492303607205485,89.00219259853816,0,41069826977.81108,3.929882814061696,5.928954412280422,0.6628289814342098,6.906787357387278,1,3,51143849974.74903,0.0771570775752762,0.2303325793088489,4.11,3.53,7131591036.6422825,7.934965166671518e-08,21.101346511669064,0.9860163496673098,0.14878296250799394,1,166.55151727101398,166.54881923059466,local__potential_shape__A3__ct1e-06__p4
fixed_RAR,invariant,NGC4013,50,outer_holdout,25.9,178.0,5.0,166.23365057058666,166.23365057058666,177.99988123148145,5.385161709555964,166.23376148821353,1.0370442053613549e-11,21.99506634266221,,,0.4799482080757168,0.8308502274758546,0.8492303607205485,89.00219259853816,0,41069826977.81108,3.929882814061696,5.928954412280422,0.6628289814342098,6.906787357387278,1,3,51143849974.74903,0.0771570775752762,0.2303325793088489,4.11,3.53,6936096137.328242,7.717447755991555e-08,21.675408430266398,0.9854668357250738,-0.012638308290433997,1,166.23606015814312,166.23365057058666,local__potential_shape__A3__ct1e-06__p4
fixed_RAR,invariant,NGC4013,50,outer_holdout,26.59,180.0,6.0,165.8945197321986,165.8945197321986,179.99987989700372,6.324551522346664,165.89463042354407,9.83134349510723e-12,22.581035291559385,,,0.4799482080757168,0.8308502274758546,0.8492303607205485,89.00219259853816,0,41069826977.81108,3.929882814061696,5.928954412280422,0.6628289814342098,6.906787357387278,1,3,51143849974.74903,0.0771570775752762,0.2303325793088489,4.11,3.53,6753525475.39599,7.514310498758889e-08,22.262151151865048,0.985878232083826,-0.046776871503425355,1,165.89668105402941,165.89451973219863,local__potential_shape__A3__ct1e-06__p4
fixed_RAR,invariant,NGC4013,50,outer_holdout,27.41,180.0,8.0,165.46292533204925,165.46292533204925,179.99987989700372,8.246206072701153,165.46303573541795,9.233472848837727e-12,23.277404187350232,,,0.4799482080757168,0.8308502274758546,0.8492303607205485,89.00219259853816,0,41069826977.81108,3.929882814061696,5.928954412280422,0.6628289814342098,6.906787357387278,1,3,51143849974.74903,0.0771570775752762,0.2303325793088489,4.11,3.53,6548795634.962166,7.286517830324345e-08,22.98506922805382,0.9874412560376781,-0.09989436877094704,1,165.46483129130502,165.46292533204925,local__potential_shape__A3__ct1e-06__p4
fixed_RAR,invariant,NGC4013,50,outer_holdout,28.1,180.0,5.0,165.0460297158658,165.0460297158658,179.99987989700372,5.385161709555964,165.04613984106535,8.757689626783788e-12,23.86337313624741,,,0.4799482080757168,0.8308502274758546,0.8492303607205485,89.00219259853816,0,41069826977.81108,3.929882814061696,5.928954412280422,0.6628289814342098,6.906787357387278,1,3,51143849974.74903,0.0771570775752762,0.2303325793088489,4.11,3.53,6386201264.359835,7.10560719475966e-08,23.632110382703022,0.9903088824775945,-0.09710585664652172,1,165.04774898576895,165.04602971586579,local__potential_shape__A3__ct1e-06__p4
fixed_RAR,invariant,NGC4013,50,outer_holdout,28.8,180.0,5.0,164.71130859428348,164.71130859428348,179.99987989700372,5.385161709555964,164.71141849614395,8.32348488171311e-12,24.457834388751795,,,0.4799482080757168,0.8308502274758546,0.8492303607205485,89.00219259853816,0,41069826977.81108,3.929882814061696,5.928954412280422,0.6628289814342098,6.906787357387278,1,3,51143849974.74903,0.0771570775752762,0.2303325793088489,4.11,3.53,6229590006.256365,6.931353669652205e-08,24.25513659352025,0.991712357193621,-0.057939391626177894,1,164.71286216530342,164.71130859428345,local__potential_shape__A3__ct1e-06__p4
fixed_RAR,invariant,NGC4013,50,outer_holdout,29.61,178.0,5.0,164.3661053636936,164.3661053636936,177.99988123148145,5.385161709555964,164.3662150352209,7.86381755546369e-12,25.14571098093544,,,0.4799482080757168,0.8308502274758546,0.8492303607205485,89.00219259853816,0,41069826977.81108,3.929882814061696,5.928954412280422,0.6628289814342098,6.906787357387278,1,3,51143849974.74903,0.0771570775752762,0.2303325793088489,4.11,3.53,6057865703.767594,6.740284614862307e-08,24.965235488411228,0.992822812102587,0.018447857236196796,1,164.36749167875246,164.3661053636936,local__potential_shape__A3__ct1e-06__p4
fixed_RAR,invariant,NGC4013,50,outer_holdout,30.31,174.0,5.0,164.2136273908287,164.2136273908287,173.9998839004369,5.385161709555964,164.2137369606167,7.517869991460889e-12,25.74017223343982,,,0.4799482080757168,0.8308502274758546,0.8492303607205485,89.00219259853816,0,41069826977.81108,3.929882814061696,5.928954412280422,0.6628289814342098,6.906787357387278,1,3,51143849974.74903,0.0771570775752762,0.2303325793088489,4.11,3.53,5916827489.8446665,6.583358438235258e-08,25.506070216808222,0.9909051884148828,-0.1678742491144476,1,164.21488787357458,164.2136273908287,local__potential_shape__A3__ct1e-06__p4
fixed_RAR,invariant,NGC4013,50,outer_holdout,31.01,170.0,10.0,163.56868761033468,163.56868761033468,169.9998865693924,10.19803248437025,163.5687967497935,7.1162245542964936e-12,26.33463348594421,,,0.4799482080757168,0.8308502274758546,0.8492303607205485,89.00219259853816,0,41069826977.81108,3.929882814061696,5.928954412280422,0.6628289814342098,6.906787357387278,1,3,51143849974.74903,0.0771570775752762,0.2303325793088489,4.11,3.53,5782657463.020424,6.43407415036855e-08,26.33463348594421,1.0,-0.6416409368184759,1,163.5698330783904,163.56868761033462,local__potential_shape__A3__ct1e-06__p4
fixed_RAR,invariant,NGC4088,51,outer_holdout,15.68,168.0,6.1,173.59561034241196,173.59561034241196,168.51080563921917,6.437128143155656,173.0693911698774,3.1468349370587854e-11,12.437565405531425,,,0.3608229810725707,0.6999999810867291,0.793212079434402,68.5521034013563,1,36016985193.97326,4.38526424739382,6.546930625966078,0.6698198740645311,6.467974922948899,2,4,59197425290.65962,0.1848151325210802,0.0,6.1,2.58,11893980101.58566,1.3233837626729908e-07,12.249058229380568,0.9848437238314324,-0.05068582215881179,2,173.63359415480937,173.59561034241196,local__potential_shape__A3__ct1e-06__p4
fixed_RAR,invariant,NGC4088,51,outer_holdout,17.42,165.0,5.6,171.47918001424136,171.47918001424136,165.5016841099474,5.962465151743372,170.95937636231716,2.5452854570196637e-11,13.817754423747283,,,0.3608229810725707,0.6999999810867291,0.793212079434402,68.5521034013563,1,36016985193.97326,4.38526424739382,6.546930625966078,0.6698198740645311,6.467974922948899,2,4,59197425290.65962,0.1848151325210802,0.0,6.1,2.58,10688664374.80347,1.1892743015763397e-07,13.609319159920569,0.9849154025006772,-0.035387969941155006,2,171.50365480446905,171.47918001424134,local__potential_shape__A3__ct1e-06__p4
fixed_RAR,invariant,NGC4088,51,outer_holdout,19.28,171.0,8.6,169.44485077965086,169.44485077965086,171.51992716849094,8.854966738575289,168.9312137758601,2.0665122743385423e-11,15.293128891495272,,,0.3608229810725707,0.6999999810867291,0.793212079434402,68.5521034013563,1,36016985193.97326,4.38526424739382,6.546930625966078,0.6698198740645311,6.467974922948899,2,4,59197425290.65962,0.1848151325210802,0.0,6.1,2.58,9644519602.438042,1.0730975276262909e-07,15.124884459844731,0.9889986913178961,-0.08018150469700913,2,169.46088339323055,169.44485077965084,local__potential_shape__A3__ct1e-06__p4
fixed_RAR,invariant,NGC4088,51,outer_holdout,21.48,174.0,7.6,167.19663972477426,167.19663972477426,174.52904869776273,7.881102312557952,166.6898177075989,1.6455609180748078e-11,17.038195466250954,,,0.3608229810725707,0.6999999810867291,0.793212079434402,68.5521034013563,1,36016985193.97326,4.38526424739382,6.546930625966078,0.6698198740645311,6.467974922948899,2,4,59197425290.65962,0.1848151325210802,0.0,6.1,2.58,8651434136.568117,9.626018676996703e-08,17.038195466250954,1.0,-0.13587761563007916,2,167.20688352399753,167.1966397247743,local__potential_shape__A3__ct1e-06__p4
fixed_RAR,invariant,NGC4100,52,outer_holdout,16.61,174.0,6.6,181.55542789063668,181.55542789063668,173.70201755877017,6.885559601596653,181.86688270493136,2.2775774316972788e-11,16.56409976613045,,,0.5882626678916018,0.6999999994618086,0.9972365903751024,73.32449879363084,2,45020027925.73217,5.1872312777397696,6.419759259631213,0.8080102489758709,7.231319141736877,3,4,28579187604.14233,0.1443588970108449,0.0,4.93,2.15,11194068617.593796,1.2455081074833787e-07,15.928110823210364,0.9616043762172618,0.11434642512369919,2,181.5838151450554,181.5554278906367,local__potential_shape__A3__ct1e-06__p4
fixed_RAR,invariant,NGC4100,52,outer_holdout,17.42,178.0,8.7,180.92753552164527,180.92753552164527,177.6951673877074,8.912405806513089,181.23791319876236,2.079330825802216e-11,17.371861404334286,,,0.5882626678916018,0.6999999994618086,0.9972365903751024,73.32449879363084,2,45020027925.73217,5.1872312777397696,6.419759259631213,0.8080102489758709,7.231319141736877,3,4,28579187604.14233,0.1443588970108449,0.0,4.93,2.15,10651661621.498127,1.1851571900224068e-07,16.60134306324375,0.9556456085415066,0.015698206240585932,2,180.95072875779888,180.9275355216453,local__potential_shape__A3__ct1e-06__p4
fixed_RAR,invariant,NGC4100,52,outer_holdout,18.35,177.0,6.2,179.86623047275037,179.86623047275037,176.69687993047307,6.504494788153079,180.1747875016458,1.867811279249472e-11,18.29929143338313,,,0.5882626678916018,0.6999999994618086,0.9972365903751024,73.32449879363084,2,45020027925.73217,5.1872312777397696,6.419759259631213,0.8080102489758709,7.231319141736877,3,4,28579187604.14233,0.1443588970108449,0.0,4.93,2.15,10087678229.28889,1.1224055747269151e-07,17.50280611711189,0.9564745269416158,-0.14869792772037727,2,179.88477961997043,179.86623047275035,local__potential_shape__A3__ct1e-06__p4
fixed_RAR,invariant,NGC4100,52,outer_holdout,19.16,169.0,5.9,178.66521698393947,178.66521698393947,168.7105802725986,6.220198940831039,178.97171369749503,1.6970075026703247e-11,19.10705307158696,,,0.5882626678916018,0.6999999994618086,0.9972365903751024,73.32449879363084,2,45020027925.73217,5.1872312777397696,6.419759259631213,0.8080102489758709,7.231319141736877,3,4,28579187604.14233,0.1443588970108449,0.0,4.93,2.15,9643907502.190962,1.0730294222888685e-07,18.416993238532097,0.9638845493091233,-0.22310883696866313,2,178.680608330767,178.66521698393947,local__potential_shape__A3__ct1e-06__p4
fixed_RAR,invariant,NGC4100,52,outer_holdout,20.09,158.0,6.3,177.3800531607033,177.3800531607033,157.72941824302117,6.599558679048149,177.68434520065284,1.5270598664089404e-11,20.034483100635807,,,0.5882626678916018,0.6999999994618086,0.9972365903751024,73.32449879363084,2,45020027925.73217,5.1872312777397696,6.419759259631213,0.8080102489758709,7.231319141736877,3,4,28579187604.14233,0.1443588970108449,0.0,4.93,2.15,9183203383.767492,1.0217691759700679e-07,19.488911988011935,0.9727683958760804,-0.2239589303082994,2,177.3926169204681,177.38005316070334,local__potential_shape__A3__ct1e-06__p4
fixed_RAR,invariant,NGC4100,52,outer_holdout,21.02,158.0,7.6,176.2084029486408,176.2084029486408,157.72941824302117,7.8461669914929155,176.51068504538205,1.38099959777411e-11,20.96191312968465,,,0.5882626678916018,0.6999999994618086,0.9972365903751024,73.32449879363084,2,45020027925.73217,5.1872312777397696,6.419759259631213,0.8080102489758709,7.231319141736877,3,4,28579187604.14233,0.1443588970108449,0.0,4.93,2.15,8767604131.706802,9.75527522859951e-08,20.574857468372635,0.981535289316513,-0.21077869317718978,2,176.21877343157735,176.2084029486408,local__potential_shape__A3__ct1e-06__p4
fixed_RAR,invariant,NGC4100,52,outer_holdout,21.95,158.0,8.9,175.17261638231054,175.17261638231054,157.72941824302117,9.107081381121144,175.47312160729194,1.2555190309896948e-11,21.889343158733496,,,0.5882626678916018,0.6999999994618086,0.9972365903751024,73.32449879363084,2,45020027925.73217,5.1872312777397696,6.419759259631213,0.8080102489758709,7.231319141736877,3,4,28579187604.14233,0.1443588970108449,0.0,4.93,2.15,8390765798.16836,9.33598603566481e-08,21.658469007711386,0.9894526688467582,-0.2534769906881138,2,175.18126466041062,175.17261638231054,local__potential_shape__A3__ct1e-06__p4
fixed_RAR,invariant,NGC4100,52,outer_holdout,22.76,159.0,9.0,174.15550812006853,174.15550812006853,158.72770570025548,9.204499205767748,174.45426851555837,1.1552038210186886e-11,22.69710479693733,,,0.5882626678916018,0.6999999994618086,0.9972365903751024,73.32449879363084,2,45020027925.73217,5.1872312777397696,6.419759259631213,0.8080102489758709,7.231319141736877,3,4,28579187604.14233,0.1443588970108449,0.0,4.93,2.15,8090579408.750485,9.001983632652479e-08,22.69710479693733,1.0,-0.3424432753649853,2,174.1629403420795,174.15550812006853,local__potential_shape__A3__ct1e-06__p4
fixed_RAR,invariant,NGC4157,53,outer_holdout,20.9,183.0,6.5,179.45794282755628,179.45794282755628,183.08348864003747,6.80356961890866,179.37610748728673,2.0080677652576918e-11,17.449793666085135,,,0.4518533181559134,0.6517891926562003,0.8349183572289539,81.81618948698126,3,45823472496.89951,4.365260688716073,6.426252692371696,0.6792855646491881,7.295560229772869,-1,3,57300293424.79703,0.1909341007888347,0.030487515113026,4.44,2.32,10823013777.65568,1.2042226886377676e-07,17.467039462931886,1.0009883094996286,0.1651409684848204,2,179.4759454014347,179.45794282755628,local__potential_shape__A3__ct1e-06__p4
fixed_RAR,invariant,NGC4157,53,outer_holdout,22.65,185.0,6.5,180.44151854705703,180.44151854705703,185.0844010841909,6.80356961890866,180.3592346824568,1.7859697877579984e-11,18.910900791235804,,,0.4518533181559134,0.6517891926562003,0.8349183572289539,81.81618948698126,3,45823472496.89951,4.365260688716073,6.426252692371696,0.6792855646491881,7.295560229772869,-1,3,57300293424.79703,0.1909341007888347,0.030487515113026,4.44,2.32,9969390304.63847,1.1092442681276394e-07,18.090224061526886,0.9566029805365349,0.19432296814824213,2,180.45455086349355,180.44151854705703,local__potential_shape__A3__ct1e-06__p4
fixed_RAR,invariant,NGC4157,53,outer_holdout,24.39,186.0,9.1,178.79293343567574,178.79293343567574,186.0848573062676,9.321243304211103,178.71140134902095,1.5259369695956465e-11,20.363658732814187,,,0.4518533181559134,0.6517891926562003,0.8349183572289539,81.81618948698126,3,45823472496.89951,4.365260688716073,6.426252692371696,0.6792855646491881,7.295560229772869,-1,3,57300293424.79703,0.1909341007888347,0.030487515113026,4.44,2.32,9229315349.38152,1.0268998240825869e-07,19.601185786823436,0.962557173246962,-0.1927403731284585,2,178.80241894496632,178.79293343567574,local__potential_shape__A3__ct1e-06__p4
fixed_RAR,invariant,NGC4157,53,outer_holdout,26.13,186.0,11.4,176.89457907406012,176.89457907406012,186.0848573062676,11.579231766048562,176.81391266363394,1.3063322201108506e-11,21.816416674392563,,,0.4518533181559134,0.6517891926562003,0.8349183572289539,81.81618948698126,3,45823472496.89951,4.365260688716073,6.426252692371696,0.6792855646491881,7.295560229772869,-1,3,57300293424.79703,0.1909341007888347,0.030487515113026,4.44,2.32,8596337809.425068,9.564715745512642e-08,21.32599434429345,0.9775204912237142,-0.24500514330861733,2,176.90164250293745,176.89457907406015,local__potential_shape__A3__ct1e-06__p4
fixed_RAR,invariant,NGC4157,53,outer_holdout,27.87,184.0,13.6,175.2691315406167,175.2691315406167,184.08394486211415,13.752410849299403,175.18920635707576,1.130986527619399e-11,23.269174615970947,,,0.4518533181559134,0.6517891926562003,0.8349183572289539,81.81618948698126,3,45823472496.89951,4.365260688716073,6.426252692371696,0.6792855646491881,7.295560229772869,-1,3,57300293424.79703,0.1909341007888347,0.030487515113026,4.44,2.32,8051409992.063432,8.958401778980041e-08,23.07086964866604,0.9914777824921732,-0.18930879151957924,2,175.2745173469863,175.2691315406167,local__potential_shape__A3__ct1e-06__p4
fixed_RAR,invariant,NGC4157,53,outer_holdout,29.61,185.0,13.6,174.08230910746124,174.08230910746124,185.0844010841909,13.752410849299403,174.0029251316045,9.931698334946708e-12,24.721932557549327,,,0.4518533181559134,0.6517891926562003,0.8349183572289539,81.81618948698126,3,45823472496.89951,4.365260688716073,6.426252692371696,0.6792855646491881,7.295560229772869,-1,3,57300293424.79703,0.1909341007888347,0.030487515113026,4.44,2.32,7576288123.60665,8.429757405409304e-08,24.721932557549323,0.9999999999999999,-0.10200868897368309,2,174.08650327313265,174.08230910746124,local__potential_shape__A3__ct1e-06__p4
fixed_RAR,invariant,NGC4183,54,outer_holdout,14.98,109.0,5.2,116.48978053990476,116.48978053990476,109.01707874748348,5.572115776755491,116.4715311099154,8.64798901959438e-12,11.972547698049048,,,0.6913541936371694,0.6999999887458379,0.7992354938617522,81.93638353719113,4,9269067305.599031,5.40390273409906,6.974287094688685,0.7748322747158543,3.2811997260733294,4,6,9601401030.073893,0.4856562063593039,0.0,4.47,2.79,3308773560.22854,3.6815070872570155e-08,12.399420030661297,1.0356542603444219,0.36594096444645174,2,116.49005366464156,116.48978053990476,local__potential_shape__A3__ct1e-06__p4
fixed_RAR,invariant,NGC4183,54,outer_holdout,16.03,111.0,5.3,116.34375181949044,116.34375181949044,111.01739211899694,5.665580578849314,116.32552526653714,7.632166701010156e-12,12.811744966603888,,,0.6913541936371694,0.6999999887458379,0.7992354938617522,81.93638353719113,4,9269067305.599031,5.40390273409906,6.974287094688685,0.7748322747158543,3.2811997260733294,4,6,9601401030.073893,0.4856562063593039,0.0,4.47,2.79,3098409147.858686,3.447445112042011e-08,13.15650010013065,1.0269093034887464,-0.06791232557861804,2,116.3439615702071,116.34375181949045,local__potential_shape__A3__ct1e-06__p4
fixed_RAR,invariant,NGC4183,54,outer_holdout,16.95,110.0,4.9,115.50920215934836,115.50920215934836,110.01723543324022,5.293158285890748,115.49110634795474,6.7308280563698525e-12,13.5470416209567,,,0.6913541936371694,0.6999999887458379,0.7992354938617522,81.93638353719113,4,9269067305.599031,5.40390273409906,6.974287094688685,0.7748322747158543,3.2811997260733294,4,6,9601401030.073893,0.4856562063593039,0.0,4.47,2.79,2935778166.1360703,3.266493741112288e-08,14.135272806757818,1.0434213758442397,0.20499987212849646,2,115.50937000691434,115.50920215934835,local__potential_shape__A3__ct1e-06__p4
fixed_RAR,invariant,NGC4183,54,outer_holdout,17.88,109.0,4.9,116.26847582690078,116.26847582690078,109.01707874748348,5.293158285890748,116.25026106677556,6.260011518995568e-12,14.290330630248128,,,0.6913541936371694,0.6999999887458379,0.7992354938617522,81.93638353719113,4,9269067305.599031,5.40390273409906,6.974287094688685,0.7748322747158543,3.2811997260733294,4,6,9601401030.073893,0.4856562063593039,0.0,4.47,2.79,2786915756.5045977,3.1008619726915533e-08,14.427735216940054,1.0096152139686037,0.38599422616448464,2,116.26861302971335,116.26847582690078,local__potential_shape__A3__ct1e-06__p4
fixed_RAR,invariant,NGC4183,54,outer_holdout,18.93,110.0,5.3,116.11919210920593,116.11919210920593,110.01723543324022,5.665580578849314,116.10100073604856,5.620646846759968e-12,15.12952789880297,,,0.6913541936371694,0.6999999887458379,0.7992354938617522,81.93638353719113,4,9269067305.599031,5.40390273409906,6.974287094688685,0.7748322747158543,3.2811997260733294,4,6,9601401030.073893,0.4856562063593039,0.0,4.47,2.79,2633318713.2742453,2.9299622139316316e-08,15.183314271745965,1.0035550595697869,-0.0047266773292449216,2,116.11930133457267,116.11919210920593,local__potential_shape__A3__ct1e-06__p4
fixed_RAR,invariant,NGC4183,54,outer_holdout,19.97,112.0,10.2,115.60977839029644,115.60977839029644,112.01754880475367,10.395797503149364,115.59166682250876,5.019715181134942e-12,15.96073281241919,,,0.6913541936371694,0.6999999887458379,0.7992354938617522,81.93638353719113,4,9269067305.599031,5.40390273409906,6.974287094688685,0.7748322747158543,3.2811997260733294,4,6,9601401030.073893,0.4856562063593039,0.0,4.47,2.79,2497078965.810547,2.7783750512794165e-08,16.12139634320107,1.010066175072918,0.046516085390521766,2,115.60986631877914,115.60977839029643,local__potential_shape__A3__ct1e-06__p4
fixed_RAR,invariant,NGC4183,54,outer_holdout,21.02,113.0,11.5,115.6492308240822,115.6492308240822,113.0177054905104,11.674392773478576,115.63111307562852,4.577534548507298e-12,16.79993008097403,,,0.6913541936371694,0.6999999887458379,0.7992354938617522,81.93638353719113,4,9269067305.599031,5.40390273409906,6.974287094688685,0.7748322747158543,3.2811997260733294,4,6,9601401030.073893,0.4856562063593039,0.0,4.47,2.79,2372955807.532039,2.6402694122632828e-08,16.799930080974026,0.9999999999999998,0.35446520230448186,2,115.6493025551561,115.64923082408221,local__potential_shape__A3__ct1e-06__p4
fixed_RAR,invariant,NGC4217,55,outer_holdout,12.19,186.0,6.85,178.28016175181313,178.28016175181313,185.98498608096992,7.135469510678545,178.294553687257,3.5574493245872046e-11,12.156690902323762,,,1.057405253993951,0.1978977404267907,0.9972675063432128,86.06669992668262,0,39730344912.68963,4.423626915861883,6.662724218953259,0.6639366677189068,6.793222141116712,-1,3,86328733662.11134,0.0394707515731288,0.89999199350575,5.28,2.94,13332796816.953997,1.483473712573537e-07,12.1459641030215,0.9991176217781262,-0.009107838519241795,0,178.337277095497,178.2801617518131,local__potential_shape__A3__ct1e-06__p4
fixed_RAR,invariant,NGC4217,55,outer_holdout,13.12,183.0,6.4,176.72156502095578,176.72156502095578,182.98522824095429,6.704728755506146,176.73583113632347,3.0712612553215736e-11,13.08414968322295,,,1.057405253993951,0.1978977404267907,0.9972675063432128,86.06669992668262,0,39730344912.68963,4.423626915861883,6.662724218953259,0.6639366677189068,6.793222141116712,-1,3,86328733662.11134,0.0394707515731288,0.89999199350575,5.28,2.94,12386837040.93499,1.3782214927923353e-07,13.070527580299029,0.9989588851202621,-0.0652867727502553,0,176.76375092082577,176.72156502095578,local__potential_shape__A3__ct1e-06__p4
fixed_RAR,invariant,NGC4217,55,outer_holdout,13.94,179.0,6.85,175.12906319274322,175.12906319274322,178.98555112093342,7.135469510678545,175.1432007509945,2.7008254438448608e-11,13.901909038424384,,,1.057405253993951,0.1978977404267907,0.9972675063432128,86.06669992668262,0,39730344912.68963,4.423626915861883,6.662724218953259,0.6639366677189068,6.793222141116712,-1,3,86328733662.11134,0.0394707515731288,0.89999199350575,5.28,2.94,11660062609.839546,1.2973569316426673e-07,13.991163148181299,1.0064202772087072,-0.10463802895594654,0,175.1618910555581,175.12906319274322,local__potential_shape__A3__ct1e-06__p4
fixed_RAR,invariant,NGC4217,55,outer_holdout,14.86,177.0,7.25,173.64956273510464,173.64956273510464,176.985712560923,7.520240332132385,173.66358085844593,2.363376015393017e-11,14.81939514426014,,,1.057405253993951,0.1978977404267907,0.9972675063432128,86.06669992668262,0,39730344912.68963,4.423626915861883,6.662724218953259,0.6639366677189068,6.793222141116712,-1,3,86328733662.11134,0.0394707515731288,0.89999199350575,5.28,2.94,10944778883.919903,1.217770883868794e-07,15.008027712702852,1.0127287629897481,-0.02635245975500311,0,173.67483354361536,173.6495627351046,local__potential_shape__A3__ct1e-06__p4
fixed_RAR,invariant,NGC4217,55,outer_holdout,15.79,177.0,8.55,172.70098490803116,172.70098490803116,176.985712560923,8.780130910725516,172.71492645599403,2.0973133898317663e-11,15.746853925159328,,,1.057405253993951,0.1978977404267907,0.9972675063432128,86.06669992668262,0,39730344912.68963,4.423626915861883,6.662724218953259,0.6639366677189068,6.793222141116712,-1,3,86328733662.11134,0.0394707515731288,0.89999199350575,5.28,2.94,10307632864.840136,1.1468788284844497e-07,15.927406592416563,1.011465951746003,0.12126962953016118,0,172.72075802622493,172.7009849080312,local__potential_shape__A3__ct1e-06__p4
fixed_RAR,invariant,NGC4217,55,outer_holdout,16.72,178.0,12.0,172.3652109784495,172.3652109784495,177.98563184092822,12.164569601090092,172.37912542055454,1.8925562129782476e-11,16.674312706058515,,,1.057405253993951,0.1978977404267907,0.9972675063432128,86.06669992668262,0,39730344912.68963,4.423626915861883,6.662724218953259,0.6639366677189068,6.793222141116712,-1,3,86328733662.11134,0.0394707515731288,0.89999199350575,5.28,2.94,9737495611.558191,1.0834425038022086e-07,16.674312706058515,1.0,0.2886213489628062,0,172.38092920880305,172.3652109784495,local__potential_shape__A3__ct1e-06__p4
fixed_RAR,invariant,NGC4559,56,outer_holdout,15.03,124.0,4.76,123.58615174253922,123.58615174253922,123.89659937455625,5.159440715494391,123.6892932771001,9.493977001915927e-12,12.782819667663931,,,0.3968438619454364,0.7000000180683811,0.8504870038365889,67.1129130355552,1,15385354698.258595,7.027817995933837,14.03998274149216,0.5005574526216922,4.227351936159769,2,6,16533774683.767078,0.4674449814287114,0.0,3.82,2.1,4972910042.652652,5.5331086377070754e-08,16.975082066499958,1.3279606931670158,0.7684256971033392,0,123.58662093085408,123.58615174253922,local__potential_shape__A3__ct1e-06__p4
fixed_RAR,invariant,NGC4559,56,outer_holdout,15.68,123.0,5.23,124.62619344553605,124.62619344553605,122.89743325056789,5.595292768524223,124.73020296971988,9.074725238089276e-12,13.335636220157712,,,0.3968438619454364,0.7000000180683811,0.8504870038365889,67.1129130355552,1,15385354698.258595,7.027817995933837,14.03998274149216,0.5005574526216922,4.227351936159769,2,6,16533774683.767078,0.4674449814287114,0.0,3.82,2.1,4814588460.129992,5.35695212003874e-08,17.193929468295835,1.2893220229197655,1.0655789286835216,0,124.6266091470176,124.62619344553603,local__potential_shape__A3__ct1e-06__p4
fixed_RAR,invariant,NGC4559,56,outer_holdout,16.33,123.0,5.66,126.0099746508439,126.0099746508439,122.89743325056789,5.998516053092774,126.11513903999442,8.781928634759538e-12,13.888452772651496,,,0.3968438619454364,0.7000000180683811,0.8504870038365889,67.1129130355552,1,15385354698.258595,7.027817995933837,14.03998274149216,0.5005574526216922,4.227351936159769,2,6,16533774683.767078,0.4674449814287114,0.0,3.82,2.1,4662318396.102669,5.187528824763451e-08,17.205269511164413,1.2388183041558265,1.1792733154727557,0,126.0103442651036,126.0099746508439,local__potential_shape__A3__ct1e-06__p4
fixed_RAR,invariant,NGC4559,56,outer_holdout,16.98,123.0,5.62,127.31974125714116,127.31974125714116,122.89743325056789,5.9608511988794906,127.42599874075074,8.500826186933632e-12,14.44126932514528,,,0.3968438619454364,0.7000000180683811,0.8504870038365889,67.1129130355552,1,15385354698.258595,7.027817995933837,14.03998274149216,0.5005574526216922,4.227351936159769,2,6,16533774683.767078,0.4674449814287114,0.0,3.82,2.1,4514941196.746748,5.0235495756390603e-08,17.212359836231354,1.1918869074937217,1.1430674061099353,0,127.32006968551916,127.31974125714115,local__potential_shape__A3__ct1e-06__p4
fixed_RAR,invariant,NGC4559,56,outer_holdout,17.72,121.0,5.67,128.6933011718371,128.6933011718371,120.89910100259117,6.007936913923992,128.800704990011,8.186735731743215e-12,15.070629707984354,,,0.3968438619454364,0.7000000180683811,0.8504870038365889,67.1129130355552,1,15385354698.258595,7.027817995933837,14.03998274149216,0.5005574526216922,4.227351936159769,2,6,16533774683.767078,0.4674449814287114,0.0,3.82,2.1,4352945519.09733,4.843305075821992e-08,17.231453595933367,1.1433798009650664,1.2239260688197646,0,128.69358800268364,128.6933011718371,local__potential_shape__A3__ct1e-06__p4
fixed_RAR,invariant,NGC4559,56,outer_holdout,18.28,122.0,6.32,129.91511735427758,129.91511735427758,121.89826712657953,6.623882075905419,130.02354086595463,8.010757838667808e-12,15.546902430132846,,,0.3968438619454364,0.7000000180683811,0.8504870038365889,67.1129130355552,1,15385354698.258595,7.027817995933837,14.03998274149216,0.5005574526216922,4.227351936159769,2,6,16533774683.767078,0.4674449814287114,0.0,3.82,2.1,4233935776.110963,4.7108888786172835e-08,17.128530973468813,1.1017327117375144,1.1929416131607695,0,129.9153765179005,129.91511735427758,local__potential_shape__A3__ct1e-06__p4
fixed_RAR,invariant,NGC4559,56,outer_holdout,19.02,122.0,6.35,131.13036231036818,131.13036231036818,121.89826712657953,6.652464213151338,131.23980003138723,7.715714306344687e-12,16.17626281297192,,,0.3968438619454364,0.7000000180683811,0.8504870038365889,67.1129130355552,1,15385354698.258595,7.027817995933837,14.03998274149216,0.5005574526216922,4.227351936159769,2,6,16533774683.767078,0.4674449814287114,0.0,3.82,2.1,4081268342.3372517,4.5410234498714017e-08,17.142275353087225,1.0597179058775337,0.9516547959742638,0,131.1305881611004,131.13036231036818,local__potential_shape__A3__ct1e-06__p4
fixed_RAR,invariant,NGC4559,56,outer_holdout,19.67,121.0,5.86,131.93487198915722,131.93487198915722,120.89910100259117,6.187273546614424,132.04498113138058,7.426899153344799e-12,16.729079365465704,,,0.3968438619454364,0.7000000180683811,0.8504870038365889,67.1129130355552,1,15385354698.258595,7.027817995933837,14.03998274149216,0.5005574526216922,4.227351936159769,2,6,16533774683.767078,0.4674449814287114,0.0,3.82,2.1,3952145416.9203377,4.397354819668465e-08,17.24546240843951,1.030867391545753,0.7405513272024109,0,131.93507180465588,131.9348719891572,local__potential_shape__A3__ct1e-06__p4
fixed_RAR,invariant,NGC4559,56,outer_holdout,20.32,120.0,5.94,132.42660744345696,132.42660744345696,119.8999348786028,6.262968963609376,132.53712697429293,7.101158999374564e-12,17.28189591795949,,,0.3968438619454364,0.7000000180683811,0.8504870038365889,67.1129130355552,1,15385354698.258595,7.027817995933837,14.03998274149216,0.5005574526216922,4.227351936159769,2,6,16533774683.767078,0.4674449814287114,0.0,3.82,2.1,3828270437.778945,4.2595253171831535e-08,17.47120371511021,1.0109541104777742,0.48380266279446005,0,132.4267840162691,132.42660744345696,local__potential_shape__A3__ct1e-06__p4
fixed_RAR,invariant,NGC4559,56,outer_holdout,20.97,119.0,6.13,132.59500024138907,132.59500024138907,118.90076875461445,6.44315583996411,132.7056603081293,6.741954736456953e-12,17.83471247045327,,,0.3968438619454364,0.7000000180683811,0.8504870038365889,67.1129130355552,1,15385354698.258595,7.027817995933837,14.03998274149216,0.5005574526216922,4.227351936159769,2,6,16533774683.767078,0.4674449814287114,0.0,3.82,2.1,3710244156.5570393,4.1282033687658e-08,17.83471247045327,1.0,0.21910706891640075,0,132.59515622373635,132.5950002413891,local__potential_shape__A3__ct1e-06__p4
fixed_RAR,invariant,NGC5005,57,outer_holdout,7.37,264.0,22.3,259.5750941592863,259.5750941592863,263.6798997952158,22.36257592661104,259.8902112420135,2.2619761655795434e-10,7.207738225441744,,,0.5212109718943103,0.563279203779568,0.9779834769934524,68.17280115532571,2,104496888148.75304,4.013599537341523,7.12121472242733,0.5636116440501674,11.017075548550228,-1,4,383328464596.2246,0.0044410998849073,0.044123641698952,3.97,9.45,60619109889.98265,6.744785601700965e-07,8.68502324937957,1.2049581960015323,0.7225393571148402,2,261.448718524158,259.5750941592863,local__potential_shape__A3__ct1e-06__p4
fixed_RAR,invariant,NGC5005,57,outer_holdout,8.19,265.0,22.2,260.2610897485739,260.2610897485739,264.6786872944401,22.2630992179468,260.5770396112316,1.9827597324800607e-10,8.009684676576375,,,0.5212109718943103,0.563279203779568,0.9779834769934524,68.17280115532571,2,104496888148.75304,4.013599537341523,7.12121472242733,0.5636116440501674,11.017075548550228,-1,4,383328464596.2246,0.0044410998849073,0.044123641698952,3.97,9.45,55380861733.452545,6.161951891202367e-07,9.051885954576186,1.130117641340818,0.7655843713561694,2,261.64288190653843,260.2610897485739,local__potential_shape__A3__ct1e-06__p4
fixed_RAR,invariant,NGC5005,57,outer_holdout,9.01,265.0,22.2,261.3240304524934,261.3240304524934,264.6786872944401,22.2630992179468,261.641270696167,1.7646392805882174e-10,8.811631127711006,,,0.5212109718943103,0.563279203779568,0.9779834769934524,68.17280115532571,2,104496888148.75304,4.013599537341523,7.12121472242733,0.5636116440501674,11.017075548550228,-1,4,383328464596.2246,0.0044410998849073,0.044123641698952,3.97,9.45,50753832396.702705,5.647125446112723e-07,9.32099668756874,1.0578060466303305,0.6458151004152342,2,262.34117896703555,261.3240304524934,local__potential_shape__A3__ct1e-06__p4
fixed_RAR,invariant,NGC5005,57,outer_holdout,9.83,264.0,22.0,260.3243622410664,260.3243622410664,263.6798997952158,22.06415669826654,260.64038891480374,1.5518228394011094e-10,9.613577578845636,,,0.5212109718943103,0.563279203779568,0.9779834769934524,68.17280115532571,2,104496888148.75304,4.013599537341523,7.12121472242733,0.5636116440501674,11.017075548550228,-1,4,383328464596.2246,0.0044410998849073,0.044123641698952,3.97,9.45,46659918496.443855,5.191616093052552e-07,9.744314471411897,1.013599192547626,0.3516512498857196,2,261.0681529710692,260.32436224106635,local__potential_shape__A3__ct1e-06__p4
fixed_RAR,invariant,NGC5005,57,outer_holdout,10.65,264.0,21.9,257.10648091100643,257.10648091100643,263.6798997952158,21.96469098595463,257.41860116459753,1.3426154817349906e-10,10.415524029980268,,,0.5212109718943103,0.563279203779568,0.9779834769934524,68.17280115532571,2,104496888148.75304,4.013599537341523,7.12121472242733,0.5636116440501674,11.017075548550228,-1,4,383328464596.2246,0.0044410998849073,0.044123641698952,3.97,9.45,43088404329.19479,4.794231549213956e-07,10.400595722671845,0.9985667252780126,0.08217038331508775,2,257.650950205617,257.10648091100643,local__potential_shape__A3__ct1e-06__p4
fixed_RAR,invariant,NGC5005,57,outer_holdout,11.47,265.0,22.0,252.95695349450563,252.95695349450563,264.6786872944401,22.06415669826654,253.26403633501812,1.1557867768137704e-10,11.2174704811149,,,0.5212109718943103,0.563279203779568,0.9779834769934524,68.17280115532571,2,104496888148.75304,4.013599537341523,7.12121472242733,0.5636116440501674,11.017075548550228,-1,4,383328464596.2246,0.0044410998849073,0.044123641698952,3.97,9.45,40005822345.26149,4.45124804749263e-07,11.2174704811149,1.0,-0.12229659153967987,2,253.36032601551304,252.95695349450563,local__potential_shape__A3__ct1e-06__p4
fixed_RAR,invariant,NGC5033,58,outer_holdout,30.87,207.0,3.0,217.9440593144388,217.9440593144388,206.79511373520208,3.603080989957958,218.1599916130376,1.1776038889940422e-11,35.15599922305395,,,0.5422524691093724,0.3975624484364543,1.1388402728556513,66.1278208929179,3,106070624737.13971,5.323157250868498,20.66312261677009,0.25761630270481234,11.099724822273116,1,5,88294509275.7084,0.1704253200276849,0.2503490180769429,2.94,5.16,12355944868.27152,1.3747842750277726e-07,34.003700739148385,0.9672232759878452,-0.12147778693986311,0,217.94773269745096,217.9440593144388,local__potential_shape__A3__ct1e-06__p4
fixed_RAR,invariant,NGC5033,58,outer_holdout,33.12,199.0,3.0,216.5433113919296,216.5433113919296,198.80303204495272,3.603080989957958,216.75785587239,1.0180358806777709e-11,37.71838983697916,,,0.5422524691093724,0.3975624484364543,1.1388402728556513,66.1278208929179,3,106070624737.13971,5.323157250868498,20.66312261677009,0.25761630270481234,11.099724822273116,1,5,88294509275.7084,0.1704253200276849,0.2503490180769429,2.94,5.16,11490199948.00711,1.2784571616217395e-07,36.57749469329608,0.9697522840022045,-0.14709447105769868,0,216.54604107659375,216.5433113919296,local__potential_shape__A3__ct1e-06__p4
fixed_RAR,invariant,NGC5033,58,outer_holdout,35.36,191.0,3.0,214.72199823762,214.72199823762,190.81095035470332,3.603080989957958,214.9347382167918,8.804233774354676e-12,40.26939204817583,,,0.5422524691093724,0.3975624484364543,1.1388402728556513,66.1278208929179,3,106070624737.13971,5.323157250868498,20.66312261677009,0.25761630270481234,11.099724822273116,1,5,88294509275.7084,0.1704253200276849,0.2503490180769429,2.94,5.16,10744908072.886852,1.1955322569588535e-07,39.55128457745616,0.9821674121660299,-0.17445510711411316,0,214.72406824862045,214.72199823762,local__potential_shape__A3__ct1e-06__p4
fixed_RAR,invariant,NGC5033,58,outer_holdout,37.73,193.0,3.0,213.3446196745523,213.3446196745523,192.8089707772657,3.603080989957958,213.55599498923127,7.667867271380308e-12,42.96844349484372,,,0.5422524691093724,0.3975624484364543,1.1388402728556513,66.1278208929179,3,106070624737.13971,5.323157250868498,20.66312261677009,0.25761630270481234,11.099724822273116,1,5,88294509275.7084,0.1704253200276849,0.2503490180769429,2.94,5.16,10060577563.570662,1.1193902190038674e-07,42.52044310881678,0.98957373482517,-0.10793393281119279,0,213.34620048449818,213.3446196745523,local__potential_shape__A3__ct1e-06__p4
fixed_RAR,invariant,NGC5033,58,outer_holdout,39.98,192.0,3.0,212.31617198328453,212.31617198328453,191.8099605659845,3.603080989957958,212.52652834349115,6.7943386970394006e-12,45.530834108768936,,,0.5422524691093724,0.3975624484364543,1.1388402728556513,66.1278208929179,3,106070624737.13971,5.323157250868498,20.66312261677009,0.25761630270481234,11.099724822273116,1,5,88294509275.7084,0.1704253200276849,0.2503490180769429,2.94,5.16,9489864342.127003,1.0558898092208844e-07,45.26497307678069,0.9941608574234962,-0.07459444104813429,0,212.31741748388325,212.3161719832845,local__potential_shape__A3__ct1e-06__p4
fixed_RAR,invariant,NGC5033,58,outer_holdout,42.22,194.0,4.0,211.4750295619025,211.4750295619025,193.8079809885469,4.468595130005038,211.6845525439612,6.071981860406777e-12,48.0818363199656,,,0.5422524691093724,0.3975624484364543,1.1388402728556513,66.1278208929179,3,106070624737.13971,5.323157250868498,20.66312261677009,0.25761630270481234,11.099724822273116,1,5,88294509275.7084,0.1704253200276849,0.2503490180769429,2.94,5.16,8984264331.625584,9.996342212183731e-08,47.95142417450397,0.9972877045586656,-0.05651248742037751,0,211.47602616192745,211.4750295619025,local__potential_shape__A3__ct1e-06__p4
fixed_RAR,invariant,NGC5033,58,outer_holdout,44.59,196.0,5.0,210.70469063555495,210.70469063555495,195.8060014111092,5.380570142289864,210.91345038940003,5.428500844827088e-12,50.78088776663349,,,0.5422524691093724,0.3975624484364543,1.1388402728556513,66.1278208929179,3,106070624737.13971,5.323157250868498,20.66312261677009,0.25761630270481234,11.099724822273116,1,5,88294509275.7084,0.1704253200276849,0.2503490180769429,2.94,5.16,8506105091.454787,9.464318306805139e-08,50.78088776663349,1.0,-0.045688829832442934,0,210.70548851562327,210.70469063555498,local__potential_shape__A3__ct1e-06__p4
fixed_RAR,invariant,NGC5055,59,outer_holdout,31.62,182.0,2.47,205.21484460100376,205.21484460100376,199.58016892126068,3.3669643583677424,187.1383410448852,1.1761166486193276e-11,31.191917078155704,,,0.4611872332224906,0.6999996405846975,0.986461640675386,48.33086423217389,4,90571053370.6587,5.591201779523351,10.52336513359186,0.5313131026572057,10.256740271534252,2,4,94939444882.23453,0.1642126728183273,0.0,4.18,3.2,12144949135.792923,1.351307833670834e-07,33.465302677959336,1.0728838049327762,0.20021106202523242,4,205.23965258637517,205.21484460100373,local__potential_shape__A3__ct1e-06__p4
fixed_RAR,invariant,NGC5055,59,outer_holdout,34.51,180.0,3.85,205.2919678048367,205.2919678048367,197.38698025179627,4.671652799389612,187.2086707934442,1.0105773384098509e-11,34.04279121970757,,,0.4611872332224906,0.6999996405846975,0.986461640675386,48.33086423217389,4,90571053370.6587,5.591201779523351,10.52336513359186,0.5313131026572057,10.256740271534252,2,4,94939444882.23453,0.1642126728183273,0.0,4.18,3.2,11186045806.417051,1.2446154493528275e-07,35.87207450867078,1.0537348208951864,0.07208215229269399,4,205.30982964490937,205.2919678048367,local__potential_shape__A3__ct1e-06__p4
fixed_RAR,invariant,NGC5055,59,outer_holdout,37.4,181.0,8.43,203.7082699876988,203.7082699876988,198.48357458652848,9.45816589379248,185.76447418675224,8.531419895510058e-12,36.89366536125943,,,0.4611872332224906,0.6999996405846975,0.986461640675386,48.33086423217389,4,90571053370.6587,5.591201779523351,10.52336513359186,0.5313131026572057,10.256740271534252,2,4,94939444882.23453,0.1642126728183273,0.0,4.18,3.2,10369181168.466543,1.1537270008324425e-07,39.38878638120747,1.0676300659074136,0.0875692293919883,4,203.72135778552928,203.7082699876988,local__potential_shape__A3__ct1e-06__p4
fixed_RAR,invariant,NGC5055,59,outer_holdout,40.29,180.0,4.55,203.9068013579811,203.9068013579811,197.38698025179627,5.375421136213361,185.9455177723283,7.498696376740673e-12,39.7445395028113,,,0.4611872332224906,0.6999996405846975,0.986461640675386,48.33086423217389,4,90571053370.6587,5.591201779523351,10.52336513359186,0.5313131026572057,10.256740271534252,2,4,94939444882.23453,0.1642126728183273,0.0,4.18,3.2,9665645991.328684,1.0754481554046293e-07,41.7728946126688,1.0510348122089583,0.28039399142562615,4,203.91669275390555,203.9068013579811,local__potential_shape__A3__ct1e-06__p4
fixed_RAR,invariant,NGC5055,59,outer_holdout,43.17,179.0,0.44,204.23955561010055,204.23955561010055,196.29038591706407,2.057378843220073,186.2489611164896,6.66514105145594e-12,42.58554902795641,,,0.4611872332224906,0.6999996405846975,0.986461640675386,48.33086423217389,4,90571053370.6587,5.591201779523351,10.52336513359186,0.5313131026572057,10.256740271534252,2,4,94939444882.23453,0.1642126728183273,0.0,4.18,3.2,9045951520.854485,1.0064978466737058e-07,43.98396390380841,1.0328377796640351,0.3859926536756575,4,204.24715668814486,204.23955561010058,local__potential_shape__A3__ct1e-06__p4
fixed_RAR,invariant,NGC5055,59,outer_holdout,45.92,179.0,1.96,205.18606608006132,205.18606608006132,196.29038591706407,2.9359151058721547,187.11209750155209,6.063824993963891e-12,45.29831853981372,,,0.4611872332224906,0.6999996405846975,0.986461640675386,48.33086423217389,4,90571053370.6587,5.591201779523351,10.52336513359186,0.5313131026572057,10.256740271534252,2,4,94939444882.23453,0.1642126728183273,0.0,4.18,3.2,8513853189.981656,9.472939229065368e-08,45.50183938178922,1.0044929005873942,0.3241215936178605,4,205.19205822266866,205.18606608006135,local__potential_shape__A3__ct1e-06__p4
fixed_RAR,invariant,NGC5055,59,outer_holdout,48.81,179.0,2.99,205.15273936805067,205.15273936805067,196.29038591706407,3.840656365586009,187.08170639797336,5.426630883333458e-12,48.14919268136559,,,0.4611872332224906,0.6999996405846975,0.986461640675386,48.33086423217389,4,90571053370.6587,5.591201779523351,10.52336513359186,0.5313131026572057,10.256740271534252,2,4,94939444882.23453,0.1642126728183273,0.0,4.18,3.2,8009255952.216036,8.91149908418095e-08,47.83120756106486,0.9933958369270063,0.1185535898866874,4,205.15743165556398,205.15273936805067,local__potential_shape__A3__ct1e-06__p4
fixed_RAR,invariant,NGC5055,59,outer_holdout,51.7,174.0,3.39,204.75769819152575,204.75769819152575,190.8074142434031,4.221311425487523,186.7214627198758,4.853538423025335e-12,51.000066822917454,,,0.4611872332224906,0.6999996405846975,0.986461640675386,48.33086423217389,4,90571053370.6587,5.591201779523351,10.52336513359186,0.5313131026572057,10.256740271534252,2,4,94939444882.23453,0.1642126728183273,0.0,4.18,3.2,7557799327.1864395,8.409185845035992e-08,50.46454235764586,0.9894995340470623,-0.07347508878535791,4,204.7614115507955,204.75769819152578,local__potential_shape__A3__ct1e-06__p4
fixed_RAR,invariant,NGC5055,59,outer_holdout,54.59,172.0,4.84,203.62729205626903,203.62729205626903,188.61422557393868,5.671836761409598,185.6906292571689,4.306284333747213e-12,53.85094096446932,,,0.4611872332224906,0.6999996405846975,0.986461640675386,48.33086423217389,4,90571053370.6587,5.591201779523351,10.52336513359186,0.5313131026572057,10.256740271534252,2,4,94939444882.23453,0.1642126728183273,0.0,4.18,3.2,7155608041.194293,7.961687688132553e-08,53.85094096446932,1.0,-0.3253529403511948,4,203.6302594317553,203.62729205626908,local__potential_shape__A3__ct1e-06__p4
fixed_RAR,invariant,NGC5371,60,outer_holdout,31.76,213.0,3.0,234.41423880762105,234.41423880762105,220.1904819870637,3.690244282973867,226.75926958984857,1.2514128404586806e-10,9.105124248781994,,,2.1651946272817053,0.6999999954917465,0.2866852723168134,50.58392667780212,0,79117129482.61937,3.396553718427102,4.991934561530928,0.6804083019440555,9.586275580949726,0,4,206962976982.91492,0.071845700215394,0.0,9.8,7.44,31966637702.363827,3.5567681231380823e-07,8.278388559687524,0.9092010535490427,-0.18076649396215316,3,234.46386118331563,234.41423880762102,local__potential_shape__A3__ct1e-06__p4
fixed_RAR,invariant,NGC5371,60,outer_holdout,34.68,207.0,3.0,229.26243911781611,229.26243911781611,213.9879331986957,3.690244282973867,221.77570570449905,1.0370548954724024e-10,9.942245243947088,,,2.1651946272817053,0.6999999954917465,0.2866852723168134,50.58392667780212,0,79117129482.61937,3.396553718427102,4.991934561530928,0.6804083019440555,9.586275580949726,0,4,206962976982.91492,0.071845700215394,0.0,9.8,7.44,29023702688.43837,3.2293224423174507e-07,9.069858788221195,0.9122545829115402,-0.37901738579734,3,229.29558748634594,229.26243911781614,local__potential_shape__A3__ct1e-06__p4
fixed_RAR,invariant,NGC5371,60,outer_holdout,37.48,208.0,4.0,222.3673743011119,222.3673743011119,215.0216913300904,4.593309698637078,215.10580429593455,8.479130298910662e-11,10.744964006434165,,,2.1651946272817053,0.6999999954917465,0.2866852723168134,50.58392667780212,0,79117129482.61937,3.396553718427102,4.991934561530928,0.6804083019440555,9.586275580949726,0,4,206962976982.91492,0.071845700215394,0.0,9.8,7.44,26700118898.25138,2.9707888788777676e-07,10.204960803854119,0.9497436006061363,-0.46654771650514704,3,222.39047252834055,222.3673743011119,local__potential_shape__A3__ct1e-06__p4
fixed_RAR,invariant,NGC5371,60,outer_holdout,40.4,209.0,4.0,217.57406214839725,217.57406214839725,216.05544946148504,4.593309698637078,210.469021273732,7.111807926844551e-11,11.58208500159926,,,2.1651946272817053,0.6999999954917465,0.2866852723168134,50.58392667780212,0,79117129482.61937,3.396553718427102,4.991934561530928,0.6804083019440555,9.586275580949726,0,4,206962976982.91492,0.071845700215394,0.0,9.8,7.44,24693861952.7453,2.747562688590237e-07,11.252744339562419,0.9715646481621084,-0.30011094892665824,3,217.5906322696492,217.57406214839727,local__potential_shape__A3__ct1e-06__p4
fixed_RAR,invariant,NGC5371,60,outer_holdout,43.32,207.0,4.0,213.83631895815847,213.83631895815847,213.9879331986957,4.593309698637078,206.85333683389487,6.074454685860121e-11,12.419205996764356,,,2.1651946272817053,0.6999999954917465,0.2866852723168134,50.58392667780212,0,79117129482.61937,3.396553718427102,4.991934561530928,0.6804083019440555,9.586275580949726,0,4,206962976982.91492,0.071845700215394,0.0,9.8,7.44,22995876139.433712,2.558636287554299e-07,12.268518408537968,0.9878665682600283,-0.2252071879148616,3,213.84858370357472,213.83631895815847,local__potential_shape__A3__ct1e-06__p4
fixed_RAR,invariant,NGC5371,60,outer_holdout,46.24,213.0,6.0,210.85549736396152,210.85549736396152,220.1904819870637,6.517024740791248,203.96985615918865,5.2646718140413004e-11,13.256326991929452,,,2.1651946272817053,0.6999999954917465,0.2866852723168134,50.58392667780212,0,79117129482.61937,3.396553718427102,4.991934561530928,0.6804083019440555,9.586275580949726,0,4,206962976982.91492,0.071845700215394,0.0,9.8,7.44,21535008971.280945,2.396092893901092e-07,13.256326991929454,1.0000000000000002,-0.16147537711276527,3,210.86480787262965,210.85549736396155,local__potential_shape__A3__ct1e-06__p4
fixed_RAR,invariant,NGC5585,61,outer_holdout,6.16,88.0,3.0,78.40057241121886,78.40057241121886,86.08406404695458,3.551389895414363,80.14550019878315,7.187243169821841e-12,6.016674943670133,,,0.2674456734800948,0.7000000045361849,0.9767329454009956,52.60263613084278,1,3355703984.708502,5.564999651180472,8.26392682897404,0.673408630830213,1.9742696559492032,3,7,3831073135.914434,0.5842723228163386,0.0,2.27,1.53,2134461616.817373,2.374908837596147e-08,9.624439911732031,1.599627701652299,1.131351267374157,2,78.40059768969833,78.40057241121886,local__potential_shape__A3__ct1e-06__p4
fixed_RAR,invariant,NGC5585,61,outer_holdout,6.85,89.9,2.4,80.04932848447281,80.04932848447281,87.94269724796837,3.0841395754927814,81.83095192614593,6.400914888999062e-12,6.690620675996819,,,0.2674456734800948,0.7000000045361849,0.9767329454009956,52.60263613084278,1,3355703984.708502,5.564999651180472,8.26392682897404,0.673408630830213,1.9742696559492032,3,7,3831073135.914434,0.5842723228163386,0.0,2.27,1.53,1993475805.994772,2.2180409672816152e-08,10.092955801020675,1.5085230937138654,0.9965700524865042,2,80.0493481216896,80.04932848447281,local__potential_shape__A3__ct1e-06__p4
fixed_RAR,invariant,NGC5585,61,outer_holdout,7.53,90.6,2.8,81.91622756590719,81.91622756590719,88.62745684834186,3.391508715138273,83.73940177670846,5.864309709568408e-12,7.3547990788694975,,,0.2674456734800948,0.7000000045361849,0.9767329454009956,52.60263613084278,1,3355703984.708502,5.564999651180472,8.26392682897404,0.673408630830213,1.9742696559492032,3,7,3831073135.914434,0.5842723228163386,0.0,2.27,1.53,1867958504.7967563,2.0783841350679444e-08,10.322853900450486,1.4035534879679143,1.291530812224721,2,81.91624305825519,81.91622756590719,local__potential_shape__A3__ct1e-06__p4
fixed_RAR,invariant,NGC5585,61,outer_holdout,8.21,91.6,2.6,84.49795318884715,84.49795318884715,89.60568484887544,3.235559757159294,86.37858775536758,5.6110622023959866e-12,8.018977481742175,,,0.2674456734800948,0.7000000045361849,0.9767329454009956,52.60263613084278,1,3355703984.708502,5.564999651180472,8.26392682897404,0.673408630830213,1.9742696559492032,3,7,3831073135.914434,0.5842723228163386,0.0,2.27,1.53,1750424528.8067918,1.9476099500945056e-08,10.10992100260471,1.2607493942492358,1.3412623921304316,2,84.49796551132881,84.49795318884715,local__potential_shape__A3__ct1e-06__p4
fixed_RAR,invariant,NGC5585,61,outer_holdout,8.9,92.3,1.4,86.43103931966428,86.43103931966428,90.29044444924894,2.423960156688784,88.35469775197647,5.261532494660569e-12,8.69292321406886,,,0.2674456734800948,0.7000000045361849,0.9767329454009956,52.60263613084278,1,3355703984.708502,5.564999651180472,8.26392682897404,0.673408630830213,1.9742696559492032,3,7,3831073135.914434,0.5842723228163386,0.0,2.27,1.53,1637460242.7025743,1.821920230828591e-08,10.085744499771236,1.1602247312443985,1.0134853184613348,2,86.4310489719739,86.43103931966428,local__potential_shape__A3__ct1e-06__p4
fixed_RAR,invariant,NGC5585,61,outer_holdout,9.57,90.9,1.0,87.58111254792047,87.58111254792047,88.92092524850194,2.226416407823998,89.53036766495063,4.837742743532608e-12,9.347334287487527,,,0.2674456734800948,0.7000000045361849,0.9767329454009956,52.60263613084278,1,3355703984.708502,5.564999651180472,8.26392682897404,0.673408630830213,1.9742696559492032,3,7,3831073135.914434,0.5842723228163386,0.0,2.27,1.53,1535604452.8718362,1.7085903805640347e-08,10.286936225161119,1.1005208446360324,0.8927199735672389,2,87.58112011287595,87.58111254792047,local__potential_shape__A3__ct1e-06__p4
fixed_RAR,invariant,NGC5585,61,outer_holdout,10.31,89.6,2.7,88.966908793658,88.966908793658,87.64922884780829,3.3130076748014794,90.94700698112402,4.471721873763158e-12,10.070116667084266,,,0.2674456734800948,0.7000000045361849,0.9767329454009956,52.60263613084278,1,3355703984.708502,5.564999651180472,8.26392682897404,0.673408630830213,1.9742696559492032,3,7,3831073135.914434,0.5842723228163386,0.0,2.27,1.53,1431895364.2917352,1.5931984573421157e-08,10.377337795704396,1.0305081995349994,0.7036293746176625,2,88.96691460333672,88.966908793658,local__potential_shape__A3__ct1e-06__p4
fixed_RAR,invariant,NGC5585,61,outer_holdout,10.96,89.4,2.7,89.47159547079752,89.47159547079752,87.45358324770159,3.3130076748014794,91.46292625236164,4.081515078550187e-12,10.704993081594914,,,0.2674456734800948,0.7000000045361849,0.9767329454009956,52.60263613084278,1,3355703984.708502,5.564999651180472,8.26392682897404,0.673408630830213,1.9742696559492032,3,7,3831073135.914434,0.5842723228163386,0.0,2.27,1.53,1348212475.3332465,1.5000886862517245e-08,10.704993081594914,1.0,0.3095112744522339,2,89.47160006274633,89.47159547079754,local__potential_shape__A3__ct1e-06__p4
fixed_RAR,invariant,NGC5907,62,outer_holdout,37.75,211.0,2.0,222.9928737168293,222.9928737168293,211.10704453164587,2.829144674620954,222.8798023232132,1.762916376917178e-11,29.10383256467053,,,0.7481799603176572,0.7000000282868261,0.7709624520442524,87.29295235654257,2,110324814183.62675,7.929101541749124,13.56891005273378,0.5843580295641814,11.320125745709529,4,5,112402053323.8474,0.2487788182964383,0.0,7.88,5.34,16208826127.08819,1.803475129886803e-07,29.796778058599855,1.0238094241502234,-0.009151553121114375,4,223.14147177865902,222.99287371682934,local__potential_shape__A3__ct1e-06__p4
fixed_RAR,invariant,NGC5907,62,outer_holdout,40.26,217.0,2.0,222.47100271671945,222.47100271671945,217.11008845197705,2.829144674620954,222.3581959444801,1.5673428007321047e-11,31.0389483193016,,,0.7481799603176572,0.7000000282868261,0.7709624520442524,87.29295235654257,2,110324814183.62675,7.929101541749124,13.56891005273378,0.5843580295641814,11.320125745709529,4,5,112402053323.8474,0.2487788182964383,0.0,7.88,5.34,15216323635.575571,1.6930443346053158e-07,31.462642682010692,1.013650409748117,-0.019875055581906054,4,222.58617899764434,222.47100271671943,local__potential_shape__A3__ct1e-06__p4
fixed_RAR,invariant,NGC5907,62,outer_holdout,42.78,216.0,3.0,220.5725989001413,220.5725989001413,216.10958113192183,3.60681772167048,220.46075473787965,1.3712013796718771e-11,32.98177369845312,,,0.7481799603176572,0.7000000282868261,0.7709624520442524,87.29295235654257,2,110324814183.62675,7.929101541749124,13.56891005273378,0.5843580295641814,11.320125745709529,4,5,112402053323.8474,0.2487788182964383,0.0,7.88,5.34,14337409169.197838,1.5952519115771637e-07,33.885889694003104,1.0274125947202284,-0.06841465904790311,4,220.6626282822484,220.57259890014132,local__potential_shape__A3__ct1e-06__p4
fixed_RAR,invariant,NGC5907,62,outer_holdout,45.29,215.0,3.0,219.80416172882795,219.80416172882795,215.10907381186664,3.60681772167048,219.6927072124793,1.2274187935831587e-11,34.91688945308419,,,0.7481799603176572,0.7000000282868261,0.7709624520442524,87.29295235654257,2,110324814183.62675,7.929101541749124,13.56891005273378,0.5843580295641814,11.320125745709529,4,5,112402053323.8474,0.2487788182964383,0.0,7.88,5.34,13562772644.981571,1.5090619743681229e-07,35.810069818945564,1.0255801813922025,0.04803001001653229,4,219.87601614597853,219.80416172882792,local__potential_shape__A3__ct1e-06__p4
fixed_RAR,invariant,NGC5907,62,outer_holdout,47.81,217.0,5.0,219.06116045790247,219.06116045790247,217.11008845197705,5.3875200637306815,218.9500826898676,1.1037893393299963e-11,36.85971483223571,,,0.7481799603176572,0.7000000282868261,0.7709624520442524,87.29295235654257,2,110324814183.62675,7.929101541749124,13.56891005273378,0.5843580295641814,11.320125745709529,4,5,112402053323.8474,0.2487788182964383,0.0,7.88,5.34,12864990748.072205,1.431423267697182e-07,37.77223976502012,1.0247567008300986,0.26977433066701906,4,219.11914113908816,219.06116045790247,local__potential_shape__A3__ct1e-06__p4
fixed_RAR,invariant,NGC5907,62,outer_holdout,50.33,214.0,5.0,219.8350401721195,219.8350401721195,214.10856649181144,5.3875200637306815,219.72356999846053,1.0213237541470707e-11,38.802540211387225,,,0.7481799603176572,0.7000000282868261,0.7709624520442524,87.29295235654257,2,110324814183.62675,7.929101541749124,13.56891005273378,0.5843580295641814,11.320125745709529,4,5,112402053323.8474,0.2487788182964383,0.0,7.88,5.34,12228526690.545244,1.3606070907688335e-07,38.802540211387225,1.0,0.7068726064703696,4,219.88254278579788,219.8350401721195,local__potential_shape__A3__ct1e-06__p4
fixed_RAR,invariant,NGC5985,63,outer_holdout,20.98,288.0,3.04,292.7161741581638,292.7161741581638,282.48688972836663,3.5904271847483336,298.4289226258055,4.0952514145656795e-11,29.999642445231103,,,0.4515488709364939,2.618992205884536,1.429916227132083,61.9974930221849,3,334259051339.5852,16.624123877844674,30.671859295524996,0.5419992220774866,19.704083393626444,-1,3,119753294716.71498,0.1286760421619463,0.0683070793001573,10.71,7.01,45824941359.63689,5.098712357245376e-07,36.263590647966055,1.208800762014772,0.5430431760239571,2,302.4148627403247,292.71617415816377,local__potential_shape__A3__ct1e-06__p4
fixed_RAR,invariant,NGC5985,63,outer_holdout,21.69,290.0,6.4,293.0040091876513,293.0040091876513,284.4486042403692,6.5883864477122325,298.7223751416802,3.8968000172481185e-11,31.014882966494884,,,0.4515488709364939,2.618992205884536,1.429916227132083,61.9974930221849,3,334259051339.5852,16.624123877844674,30.671859295524996,0.5419992220774866,19.704083393626444,-1,3,119753294716.71498,0.1286760421619463,0.0683070793001573,10.71,7.01,44573534157.80211,4.95947452791864e-07,37.0696432243288,1.1952211222068716,0.5028133571863691,2,301.7663985573445,293.00400918765126,local__potential_shape__A3__ct1e-06__p4
fixed_RAR,invariant,NGC5985,63,outer_holdout,22.52,294.0,4.19,293.3197301636795,293.3197301636795,288.3720332643743,4.570600560435047,299.044257835718,3.6830209955168706e-11,32.20171343501451,,,0.4515488709364939,2.618992205884536,1.429916227132083,61.9974930221849,3,334259051339.5852,16.624123877844674,30.671859295524996,0.5419992220774866,19.704083393626444,-1,3,119753294716.71498,0.1286760421619463,0.0683070793001573,10.71,7.01,43186215221.45711,4.805114478689788e-07,38.00059572007512,1.1800799294970186,0.4962897325094673,2,301.11495963334147,293.3197301636795,local__potential_shape__A3__ct1e-06__p4
fixed_RAR,invariant,NGC5985,63,outer_holdout,23.23,297.0,4.12,293.59464273304144,293.59464273304144,291.3146050323781,4.508962961764673,299.3245356923377,3.514951909478358e-11,33.21695395627829,,,0.4515488709364939,2.618992205884536,1.429916227132083,61.9974930221849,3,334259051339.5852,16.624123877844674,30.671859295524996,0.5419992220774866,19.704083393626444,-1,3,119753294716.71498,0.1286760421619463,0.0683070793001573,10.71,7.01,42059100075.66354,4.6797060056751793e-07,38.77841403471912,1.1674283585954657,0.5350036842654617,2,300.6585757872414,293.59464273304144,local__potential_shape__A3__ct1e-06__p4
fixed_RAR,invariant,NGC5985,63,outer_holdout,24.06,293.0,5.15,294.1983398520317,294.1983398520317,287.391176008373,5.432935870480971,299.9400147697433,3.3440159445117246e-11,34.40378442479792,,,0.4515488709364939,2.618992205884536,1.429916227132083,61.9974930221849,3,334259051339.5852,16.624123877844674,30.671859295524996,0.5419992220774866,19.704083393626444,-1,3,119753294716.71498,0.1286760421619463,0.0683070793001573,10.71,7.01,40803605820.94255,4.540013430386148e-07,39.543914524746825,1.149405950126927,0.5911982091461141,2,300.5097683316396,294.1983398520317,local__potential_shape__A3__ct1e-06__p4
fixed_RAR,invariant,NGC5985,63,outer_holdout,24.77,291.0,6.21,294.7691332697212,294.7691332697212,285.42946149637044,6.411067479005321,300.52194798601624,3.2106471929389645e-11,35.4190249460617,,,0.4515488709364939,2.618992205884536,1.429916227132083,61.9974930221849,3,334259051339.5852,16.624123877844674,30.671859295524996,0.5419992220774866,19.704083393626444,-1,3,119753294716.71498,0.1286760421619463,0.0683070793001573,10.71,7.01,39777157501.19181,4.425805652335468e-07,40.15046826270194,1.1335847986737517,0.617191636832672,2,300.5083767959796,294.7691332697212,local__potential_shape__A3__ct1e-06__p4
fixed_RAR,invariant,NGC5985,63,outer_holdout,25.95,297.0,4.0,295.8953224598295,295.8953224598295,291.3146050323781,4.403781932203904,301.6701162676065,3.0142745514677774e-11,37.10632609407755,,,0.4515488709364939,2.618992205884536,1.429916227132083,61.9974930221849,3,334259051339.5852,16.624123877844674,30.671859295524996,0.5419992220774866,19.704083393626444,-1,3,119753294716.71498,0.1286760421619463,0.0683070793001573,10.71,7.01,38157599061.770355,4.2456054734950285e-07,41.024914838660486,1.1056043310417727,0.5853065955128898,2,300.80871761498344,295.8953224598296,local__potential_shape__A3__ct1e-06__p4
fixed_RAR,invariant,NGC5985,63,outer_holdout,28.92,292.0,4.0,296.7461691373875,296.7461691373875,286.4103187523717,4.403781932203904,302.53756835847105,2.547954847255891e-11,41.35317728865984,,,0.4515488709364939,2.618992205884536,1.429916227132083,61.9974930221849,3,334259051339.5852,16.624123877844674,30.671859295524996,0.5419992220774866,19.704083393626444,-1,3,119753294716.71498,0.1286760421619463,0.0683070793001573,10.71,7.01,34527178820.73673,3.8416667450266036e-07,43.915600060846806,1.061964350509281,0.3198125992487917,2,300.09293973305773,296.7461691373875,local__potential_shape__A3__ct1e-06__p4
fixed_RAR,invariant,NGC5985,63,outer_holdout,31.76,288.0,4.0,295.6448625854832,295.6448625854832,282.48688972836663,4.403781932203904,301.4147683331197,2.154241638209367e-11,45.41413937371496,,,0.4515488709364939,2.618992205884536,1.429916227132083,61.9974930221849,3,334259051339.5852,16.624123877844674,30.671859295524996,0.5419992220774866,19.704083393626444,-1,3,119753294716.71498,0.1286760421619463,0.0683070793001573,10.71,7.01,31591805510.252068,3.515062417181698e-07,47.52580546111835,1.0464979875546336,0.3744950487435972,2,298.0007670902773,295.6448625854832,local__potential_shape__A3__ct1e-06__p4
fixed_RAR,invariant,NGC5985,63,outer_holdout,34.72,285.0,4.0,297.31173243913867,297.31173243913867,279.54431796036283,4.403781932203904,303.11416938608323,1.8902232356557573e-11,49.64669140602592,,,0.4515488709364939,2.618992205884536,1.429916227132083,61.9974930221849,3,334259051339.5852,16.624123877844674,30.671859295524996,0.5419992220774866,19.704083393626444,-1,3,119753294716.71498,0.1286760421619463,0.0683070793001573,10.71,7.01,28957025853.244923,3.221903643875904e-07,49.64669140602592,1.0,0.6910109534544517,2,298.9934108735106,297.31173243913867,local__potential_shape__A3__ct1e-06__p4
fixed_RAR,invariant,NGC6015,64,outer_holdout,18.59,162.0,4.8,146.532287000234,146.532287000234,156.95266849016176,5.06228011509901,151.2445167220963,2.1954529035666435e-11,11.0303248689899,,,1.2758193313239283,0.7000001148823793,0.5933472226460408,63.364330535571945,4,19663715110.857285,2.5411909548499527,4.494563992239439,0.5653920957044359,4.779114498484155,2,6,22250239453.23704,0.3487252358028516,0.0,3.92,2.3,7275116568.760893,8.094658858028416e-08,10.739035697842365,0.973591968087318,-0.05626413969400801,3,146.53451914889132,146.532287000234,local__potential_shape__A3__ct1e-06__p4
fixed_RAR,invariant,NGC6015,64,outer_holdout,19.32,164.0,5.7,145.92913905492526,145.92913905492526,158.8903557554724,5.873414502450784,150.62197256225528,2.030182776513625e-11,11.463468341521509,,,1.2758193313239283,0.7000001148823793,0.5933472226460408,63.364330535571945,4,19663715110.857285,2.5411909548499527,4.494563992239439,0.5653920957044359,4.779114498484155,2,6,22250239453.23704,0.3487252358028516,0.0,3.92,2.3,6992944715.203932,7.78070032935151e-08,11.162832562386402,0.9737744485195478,-0.0076251364456538795,3,145.93103670255908,145.92913905492523,local__potential_shape__A3__ct1e-06__p4
fixed_RAR,invariant,NGC6015,64,outer_holdout,20.18,165.0,7.0,145.37078513869173,145.37078513869173,159.8591993881277,7.070660594477791,150.0456629314604,1.862438165511157e-11,11.973746952997104,,,1.2758193313239283,0.7000001148823793,0.5933472226460408,63.364330535571945,4,19663715110.857285,2.5411909548499527,4.494563992239439,0.5653920957044359,4.779114498484155,2,6,22250239453.23704,0.3487252358028516,0.0,3.92,2.3,6686773001.915053,7.440038355398607e-08,11.635476473321988,0.9717489870962703,-0.002502323803469153,3,145.37236558484489,145.37078513869176,local__potential_shape__A3__ct1e-06__p4
fixed_RAR,invariant,NGC6015,64,outer_holdout,21.04,166.0,6.3,144.78166107426887,144.78166107426887,160.82804302078304,6.4230316367167175,149.43759363671958,1.7115899727530325e-11,12.484025564472695,,,1.2758193313239283,0.7000001148823793,0.5933472226460408,63.364330535571945,4,19663715110.857285,2.5411909548499527,4.494563992239439,0.5653920957044359,4.779114498484155,2,6,22250239453.23704,0.3487252358028516,0.0,3.92,2.3,6405647507.523894,7.127244058306183e-08,12.128658211565568,0.9715342338036828,-0.03846676807006588,3,144.78298664962182,144.78166107426884,local__potential_shape__A3__ct1e-06__p4
fixed_RAR,invariant,NGC6015,64,outer_holdout,21.89,163.0,7.0,144.19697345384196,144.19697345384196,157.92151212281706,7.070660594477791,148.83410345448613,1.577974962220466e-11,12.988370703721833,,,1.2758193313239283,0.7000001148823793,0.5933472226460408,63.364330535571945,4,19663715110.857285,2.5411909548499527,4.494563992239439,0.5653920957044359,4.779114498484155,2,6,22250239453.23704,0.3487252358028516,0.0,3.92,2.3,6149888256.1700535,6.8426735129511e-08,12.630384492886817,0.9724379432185105,-0.009186786686541382,3,144.19809512550376,144.19697345384196,local__potential_shape__A3__ct1e-06__p4
fixed_RAR,invariant,NGC6015,64,outer_holdout,22.63,159.0,8.5,143.83303865687273,143.83303865687273,154.0461375921958,8.474552459143823,148.45846513195124,1.4777890826359852e-11,13.427447648479902,,,1.2758193313239283,0.7000001148823793,0.5933472226460408,63.364330535571945,4,19663715110.857285,2.5411909548499527,4.494563992239439,0.5653920957044359,4.779114498484155,2,6,22250239453.23704,0.3487252358028516,0.0,3.92,2.3,5942994971.788845,6.612473688487232e-08,13.032939035853921,0.9706192403088131,0.03524641521619287,3,143.83401437021766,143.83303865687273,local__potential_shape__A3__ct1e-06__p4
fixed_RAR,invariant,NGC6015,64,outer_holdout,23.48,155.0,9.1,143.4711134116821,143.4711134116821,150.17076306157452,9.04047939544628,148.0849009849705,1.3749792702905752e-11,13.931792787729036,,,1.2758193313239283,0.7000001148823793,0.5933472226460408,63.364330535571945,4,19663715110.857285,2.5411909548499527,4.494563992239439,0.5653920957044359,4.779114498484155,2,6,22250239453.23704,0.3487252358028516,0.0,3.92,2.3,5721159724.805699,6.365648688496766e-08,13.484578530289586,0.967899733777741,0.02171052075470925,3,143.47194929234297,143.4711134116821,local__potential_shape__A3__ct1e-06__p4
fixed_RAR,invariant,NGC6015,64,outer_holdout,24.34,154.0,8.0,143.06582243533296,143.06582243533296,149.2019194289192,8.00463059799466,147.6665765384978,1.2795131880427444e-11,14.442071399204632,,,1.2758193313239283,0.7000001148823793,0.5933472226460408,63.364330535571945,4,19663715110.857285,2.5411909548499527,4.494563992239439,0.5653920957044359,4.779114498484155,2,6,22250239453.23704,0.3487252358028516,0.0,3.92,2.3,5512312654.128702,6.133274983601371e-08,13.961707353535784,0.9667385631610087,0.04690088280585769,3,143.06654075200106,143.065822435333,local__potential_shape__A3__ct1e-06__p4
fixed_RAR,invariant,NGC6015,64,outer_holdout,25.19,149.0,5.4,142.8228994820908,142.8228994820908,144.3577012656426,5.601005876545016,147.4158415952579,1.198399972969405e-11,14.946416538453768,,,1.2758193313239283,0.7000001148823793,0.5933472226460408,63.364330535571945,4,19663715110.857285,2.5411909548499527,4.494563992239439,0.5653920957044359,4.779114498484155,2,6,22250239453.23704,0.3487252358028516,0.0,3.92,2.3,5319605464.060143,5.9188593177696535e-08,14.385570431234749,0.9624762159025818,0.4821458718483882,3,142.8235214402618,142.82289948209078,local__potential_shape__A3__ct1e-06__p4
fixed_RAR,invariant,NGC6015,64,outer_holdout,25.93,153.0,3.1,143.48052671170962,143.48052671170962,148.23307579626388,3.6083934418793935,148.0946170007549,1.157852548351164e-11,15.385493483211835,,,1.2758193313239283,0.7000001148823793,0.5933472226460408,63.364330535571945,4,19663715110.857285,2.5411909548499527,4.494563992239439,0.5653920957044359,4.779114498484155,2,6,22250239453.23704,0.3487252358028516,0.0,3.92,2.3,5160016052.551252,5.741292150108722e-08,14.442662133552453,0.9387194599452939,-0.08149593717939752,3,143.48107986249252,143.4805267117096,local__potential_shape__A3__ct1e-06__p4
fixed_RAR,invariant,NGC6015,64,outer_holdout,26.78,156.0,3.0,141.7343256865995,141.7343256865995,151.13960669422983,3.5281612577702286,146.29226111353677,1.0484917117583489e-11,15.889838622460973,,,1.2758193313239283,0.7000001148823793,0.5933472226460408,63.364330535571945,4,19663715110.857285,2.5411909548499527,4.494563992239439,0.5653920957044359,4.779114498484155,2,6,22250239453.23704,0.3487252358028516,0.0,3.92,2.3,4988521701.980806,5.5504789513336365e-08,15.419003922893358,0.9703688180380845,-0.7601341995266466,3,141.73480300652744,141.7343256865995,local__potential_shape__A3__ct1e-06__p4
fixed_RAR,invariant,NGC6015,64,outer_holdout,27.64,151.0,9.4,140.85366125423707,140.85366125423707,146.29538853095323,9.324152482326086,145.38327600729338,9.703402174726004e-12,16.400117233936566,,,1.2758193313239283,0.7000001148823793,0.5933472226460408,63.364330535571945,4,19663715110.857285,2.5411909548499527,4.494563992239439,0.5653920957044359,4.779114498484155,2,6,22250239453.23704,0.3487252358028516,0.0,3.92,2.3,4829695411.631876,5.373760870474111e-08,16.1304010516116,0.9835540088843483,-0.4257150861049013,3,140.85407802261562,140.8536612542371,local__potential_shape__A3__ct1e-06__p4
fixed_RAR,invariant,NGC6015,64,outer_holdout,28.37,158.0,7.7,140.1886737270945,140.1886737270945,153.07729395954047,7.723537525200758,144.69690360959282,9.11369391572502e-12,16.833260706468177,,,1.2758193313239283,0.7000001148823793,0.5933472226460408,63.364330535571945,4,19663715110.857285,2.5411909548499527,4.494563992239439,0.5653920957044359,4.779114498484155,2,6,22250239453.23704,0.3487252358028516,0.0,3.92,2.3,4704004598.016671,5.2339109796597285e-08,16.727180899064393,0.9936982020742409,-0.3164748323474669,3,140.18904700471612,140.18867372709448,local__potential_shape__A3__ct1e-06__p4
fixed_RAR,invariant,NGC6015,64,outer_holdout,29.23,152.0,3.4,139.66474473333108,139.66474473333108,147.26423216360857,3.853684769314285,144.15612594836435,8.530386264428822e-12,17.343539317943772,,,1.2758193313239283,0.7000001148823793,0.5933472226460408,63.364330535571945,4,19663715110.857285,2.5411909548499527,4.494563992239439,0.5653920957044359,4.779114498484155,2,6,22250239453.23704,0.3487252358028516,0.0,3.92,2.3,4565170175.465249,5.079436851625717e-08,17.343539317943772,1.0,-0.11326988207201794,3,139.66507461880136,139.66474473333108,local__potential_shape__A3__ct1e-06__p4
fixed_RAR,invariant,NGC6195,65,outer_holdout,17.92,253.0,6.96,258.824832609496,258.824832609496,261.0833144206013,7.455632333101495,250.8114422996441,7.84197841898913e-11,15.34897678461269,,,0.2954514466410035,0.8734639683653986,0.8565277223556188,58.82729486639298,0,157396932597.66153,7.046806475266399,14.321039569892804,0.49205970285012945,13.5211235432187,2,3,371598881367.8136,0.0748288312861656,0.2743847240961125,9.52,13.94,42803969105.44946,4.76258386244957e-07,17.689186219520167,1.1524668039926629,0.7413488698736046,2,262.61773035558116,258.824832609496,local__potential_shape__A3__ct1e-06__p4
fixed_RAR,invariant,NGC6195,65,outer_holdout,19.1,258.0,15.4,260.1106146351837,260.1106146351837,266.24306371745115,16.017382703990236,252.05741565194705,7.238159722641581e-11,16.35967949699232,,,0.2954514466410035,0.8734639683653986,0.8565277223556188,58.82729486639298,0,157396932597.66153,7.046806475266399,14.321039569892804,0.49205970285012945,13.5211235432187,2,3,371598881367.8136,0.0748288312861656,0.2743847240961125,9.52,13.94,40454703443.89279,4.501192805447983e-07,18.112996964059043,1.1071730939098816,0.6717883682676984,2,263.1866389288682,260.1106146351837,local__potential_shape__A3__ct1e-06__p4
fixed_RAR,invariant,NGC6195,65,outer_holdout,22.52,254.0,6.51,260.1163610280092,260.1163610280092,262.11526427997126,7.009382126932636,252.0629841325988,5.640956794522448e-11,19.289004307448536,,,0.2954514466410035,0.8734639683653986,0.8565277223556188,58.82729486639298,0,157396932597.66153,7.046806475266399,14.321039569892804,0.49205970285012945,13.5211235432187,2,3,371598881367.8136,0.0748288312861656,0.2743847240961125,9.52,13.94,34683754958.64438,3.859088189888564e-07,19.926122259841517,1.0330301109501518,0.29379994164486334,2,261.8135031145586,260.11636102800924,local__potential_shape__A3__ct1e-06__p4
fixed_RAR,invariant,NGC6195,65,outer_holdout,26.05,256.0,7.73,256.22691664686323,256.22691664686323,264.1791639987112,8.223873106793638,248.29395955661735,4.292263296406398e-11,22.31254716736387,,,0.2954514466410035,0.8734639683653986,0.8565277223556188,58.82729486639298,0,157396932597.66153,7.046806475266399,14.321039569892804,0.49205970285012945,13.5211235432187,2,3,371598881367.8136,0.0748288312861656,0.2743847240961125,9.52,13.94,30093917311.781006,3.3483998783826097e-07,22.7217524246297,1.0183396926490027,0.02069931371090661,2,257.1847520602509,256.22691664686323,local__potential_shape__A3__ct1e-06__p4
fixed_RAR,invariant,NGC6195,65,outer_holdout,29.48,255.0,8.5,251.57329538578568,251.57329538578568,263.14721413934126,8.996694226788485,243.78441752914063,3.3240389243080935e-11,25.250437255043643,,,0.2954514466410035,0.8734639683653986,0.8565277223556188,58.82729486639298,0,157396932597.66153,7.046806475266399,14.321039569892804,0.49205970285012945,13.5211235432187,2,3,371598881367.8136,0.0748288312861656,0.2743847240961125,9.52,13.94,26669391480.532894,2.967369992573082e-07,26.00138372031414,1.0297399390626591,-0.03901796647585343,2,252.15653506547073,251.5732953857857,local__potential_shape__A3__ct1e-06__p4
fixed_RAR,invariant,NGC6195,65,outer_holdout,33.0,244.0,5.75,248.2375394021236,248.2375394021236,251.7957656862716,6.261703796602622,240.55193878671548,2.6486003388238956e-11,28.26541483773542,,,0.2954514466410035,0.8734639683653986,0.8565277223556188,58.82729486639298,0,157396932597.66153,7.046806475266399,14.321039569892804,0.49205970285012945,13.5211235432187,2,3,371598881367.8136,0.0748288312861656,0.2743847240961125,9.52,13.94,23908926119.8052,2.6602267987383077e-07,29.25452793543268,1.0349937583925624,0.18809685761561923,2,248.61044555818992,248.23753940212362,local__potential_shape__A3__ct1e-06__p4
fixed_RAR,invariant,NGC6195,65,outer_holdout,36.43,246.0,4.24,248.383952192418,248.383952192418,253.85966540501155,4.810895446909232,240.69381853888075,2.2532304816926107e-11,31.203304925415196,,,0.2954514466410035,0.8734639683653986,0.8565277223556188,58.82729486639298,0,157396932597.66153,7.046806475266399,14.321039569892804,0.49205970285012945,13.5211235432187,2,3,371598881367.8136,0.0748288312861656,0.2743847240961125,9.52,13.94,21694855313.50366,2.413878198064499e-07,31.203304925415196,1.0,0.5421192662618068,2,248.63737431798234,248.38395219241804,local__potential_shape__A3__ct1e-06__p4
fixed_RAR,invariant,NGC6503,66,outer_holdout,16.65,115.0,2.0,116.95594479679632,116.95594479679632,114.35393788560368,2.8204933598889967,117.61670739390271,4.424186399450098e-12,17.50487517077868,,,0.4303956074815079,0.7,1.0513438541008215,75.17067228507207,1,10110593136.48059,2.3569465630461632,10.662452255704931,0.22105107779358,3.426912107000313,0,6,10227141557.14436,0.2268004199452638,0.0,1.62,2.16,2469997269.309181,2.748242600149145e-08,18.09308033756506,1.0336023628302295,0.33994665859881934,4,116.9559470091268,116.95594479679632,local__potential_shape__A3__ct1e-06__p4
fixed_RAR,invariant,NGC6503,66,outer_holdout,17.49,115.0,2.0,117.10457322798112,117.10457322798112,114.35393788560368,2.8204933598889967,117.7661755268091,4.061361246161016e-12,18.38800400822337,,,0.4303956074815079,0.7,1.0513438541008215,75.17067228507207,1,10110593136.48059,2.3569465630461632,10.662452255704931,0.22105107779358,3.426912107000313,0,6,10227141557.14436,0.2268004199452638,0.0,1.62,2.16,2354490562.3177557,2.6197240561405665e-08,18.78775068030254,1.02173953583545,0.16211014079146935,4,117.10457505693826,117.10457322798113,local__potential_shape__A3__ct1e-06__p4
fixed_RAR,invariant,NGC6503,66,outer_holdout,18.23,115.0,2.0,116.995886159848,116.995886159848,114.35393788560368,2.8204933598889967,117.65687441251067,3.7505042235780695e-12,19.165998460257978,,,0.4303956074815079,0.7,1.0513438541008215,75.17067228507207,1,10110593136.48059,2.3569465630461632,10.662452255704931,0.22105107779358,3.426912107000313,0,6,10227141557.14436,0.2268004199452638,0.0,1.62,2.16,2260798456.3291507,2.5154775291605638e-08,19.53537012121909,1.0192722368066045,-0.005043290812295709,4,116.9958877131642,116.995886159848,local__potential_shape__A3__ct1e-06__p4
fixed_RAR,invariant,NGC6503,66,outer_holdout,18.97,114.0,2.0,116.69304586972594,116.69304586972594,113.35955581703324,2.8204933598889967,117.3523231744162,3.4518814403120648e-12,19.943992912292583,,,0.4303956074815079,0.7,1.0513438541008215,75.17067228507207,1,10110593136.48059,2.3569465630461632,10.662452255704931,0.22105107779358,3.426912107000313,0,6,10227141557.14436,0.2268004199452638,0.0,1.62,2.16,2174420107.020537,2.4193686539605155e-08,20.414419704827676,1.0235873926853005,0.01946143334998851,4,116.6930471954731,116.69304586972595,local__potential_shape__A3__ct1e-06__p4
fixed_RAR,invariant,NGC6503,66,outer_holdout,19.71,115.0,2.0,116.6572010933374,116.6572010933374,114.35393788560368,2.8204933598889967,117.31627588683786,3.2122821732763775e-12,20.721987364327195,,,0.4303956074815079,0.7,1.0513438541008215,75.17067228507207,1,10110593136.48059,2.3569465630461632,10.662452255704931,0.22105107779358,3.426912107000313,0,6,10227141557.14436,0.2268004199452638,0.0,1.62,2.16,2094481635.4009967,2.3304251090321934e-08,21.130624085884474,1.0197199580509708,0.15366608781982904,4,116.65720223426928,116.6572010933374,local__potential_shape__A3__ct1e-06__p4
fixed_RAR,invariant,NGC6503,66,outer_holdout,20.45,114.0,2.0,116.704438600809,116.704438600809,113.35955581703324,2.8204933598889967,117.36378027068048,3.0045336901251066e-12,21.4999818163618,,,0.4303956074815079,0.7,1.0513438541008215,75.17067228507207,1,10110593136.48059,2.3569465630461632,10.662452255704931,0.22105107779358,3.426912107000313,0,6,10227141557.14436,0.2268004199452638,0.0,1.62,2.16,2019903051.0112572,2.2474452429305502e-08,21.787274331179805,1.0133624538509782,0.19756426473020383,4,116.7044395881142,116.70443860080901,local__potential_shape__A3__ct1e-06__p4
fixed_RAR,invariant,NGC6503,66,outer_holdout,21.29,116.0,2.0,116.7922611131292,116.7922611131292,115.34831995417416,2.8204933598889967,117.4520989512923,2.795681196303375e-12,22.38311065380649,,,0.4303956074815079,0.7,1.0513438541008215,75.17067228507207,1,10110593136.48059,2.3569465630461632,10.662452255704931,0.22105107779358,3.426912107000313,0,6,10227141557.14436,0.2268004199452638,0.0,1.62,2.16,1940926904.2649944,2.1595724288264223e-08,22.49940272869648,1.0051955278552944,0.14547395466956914,4,116.79226195547952,116.79226111312919,local__potential_shape__A3__ct1e-06__p4
fixed_RAR,invariant,NGC6503,66,outer_holdout,22.03,115.0,3.0,116.7431120124327,116.7431120124327,114.35393788560368,3.591540238484086,117.40267217435218,2.6191059530982056e-12,23.1611051058411,,,0.4303956074815079,0.7,1.0513438541008215,75.17067228507207,1,10110593136.48059,2.3569465630461632,10.662452255704931,0.22105107779358,3.426912107000313,0,6,10227141557.14436,0.2268004199452638,0.0,1.62,2.16,1875967243.132731,2.0872950582263853e-08,23.212485092590057,1.0022183737137829,0.0917448947354842,4,116.74311274724134,116.7431120124327,local__potential_shape__A3__ct1e-06__p4
fixed_RAR,invariant,NGC6503,66,outer_holdout,22.76,118.0,4.0,116.70275697696364,116.70275697696364,117.33708409131508,4.452047975113441,117.36208914621383,2.461235109993597e-12,23.9285861193347,,,0.4303956074815079,0.7,1.0513438541008215,75.17067228507207,1,10110593136.48059,2.3569465630461632,10.662452255704931,0.22105107779358,3.426912107000313,0,6,10227141557.14436,0.2268004199452638,0.0,1.62,2.16,1815840474.7493548,2.020395006014299e-08,23.909695500475138,0.9992105417860733,0.033368890945212115,4,116.70275762177677,116.70275697696364,local__potential_shape__A3__ct1e-06__p4
fixed_RAR,invariant,NGC6503,66,outer_holdout,23.5,115.0,10.0,116.54937502049368,116.54937502049368,114.35393788560368,10.142956661124412,117.20784063216884,2.3068182681157997e-12,24.706580571369305,,,0.4303956074815079,0.7,1.0513438541008215,75.17067228507207,1,10110593136.48059,2.3569465630461632,10.662452255704931,0.22105107779358,3.426912107000313,0,6,10227141557.14436,0.2268004199452638,0.0,1.62,2.16,1758638472.8619149,1.9567491954078596e-08,24.706580571369305,1.0,-0.08353016981573091,4,116.54937558706973,116.54937502049366,local__potential_shape__A3__ct1e-06__p4
fixed_RAR,invariant,NGC6674,67,outer_holdout,52.45,236.0,2.0,254.45424304143705,254.45424304143705,256.8840795029839,2.9562236277352354,233.76770360376344,2.13466722412364e-11,33.82528381263389,,,1.7657329059958946,1.0064670509783726,0.6449053157794831,48.00864605509288,2,181220686644.7167,6.129970684085968,10.324038245644125,0.5937570685261941,14.508367057403646,-1,3,152426119104.9717,0.2806569520446753,0.1102105692902177,7.75,6.04,21916800857.089256,2.4385729702156356e-07,33.27334279828595,0.9836825902953167,-0.060477250321866904,3,254.53273870966035,254.45424304143705,local__potential_shape__A3__ct1e-06__p4
fixed_RAR,invariant,NGC6674,67,outer_holdout,57.47,242.0,2.0,252.3700248459271,252.3700248459271,263.4150306767886,2.9562236277352354,231.8529275106244,1.7802490459461913e-11,37.06270849784689,,,1.7657329059958946,1.0064670509783726,0.6449053157794831,48.00864605509288,2,181220686644.7167,6.129970684085968,10.324038245644125,0.5937570685261941,14.508367057403646,-1,3,152426119104.9717,0.2806569520446753,0.1102105692902177,7.75,6.04,19969416884.31704,2.221897281569343e-07,36.35248270928233,0.9808371860193158,0.0009019714686928637,3,252.42374327378587,252.37002484592708,local__potential_shape__A3__ct1e-06__p4
fixed_RAR,invariant,NGC6674,67,outer_holdout,62.48,246.0,2.0,250.48212399285688,250.48212399285688,267.7689981259917,2.9562236277352354,230.11850861558577,1.5048408521228325e-11,40.2936841299021,,,1.7657329059958946,1.0064670509783726,0.6449053157794831,48.00864605509288,2,181220686644.7167,6.129970684085968,10.324038245644125,0.5937570685261941,14.508367057403646,-1,3,152426119104.9717,0.2806569520446753,0.1102105692902177,7.75,6.04,18337595464.632523,2.0403326621611955e-07,39.49128541809362,0.9800862410788341,-0.06998587852206128,3,250.52006324830927,250.48212399285688,local__potential_shape__A3__ct1e-06__p4
fixed_RAR,invariant,NGC6674,67,outer_holdout,67.4,242.0,4.0,248.28689842532776,248.28689842532776,263.4150306767886,4.791349762720344,228.10174979215367,1.2810936198780682e-11,43.466618283537166,,,1.7657329059958946,1.0064670509783726,0.6449053157794831,48.00864605509288,2,181220686644.7167,6.129970684085968,10.324038245644125,0.5937570685261941,14.508367057403646,-1,3,152426119104.9717,0.2806569520446753,0.1102105692902177,7.75,6.04,16978109796.270725,1.8890694816505113e-07,42.9494814023846,0.9881026658715608,-0.1490381122199551,3,248.31454629390987,248.28689842532776,local__potential_shape__A3__ct1e-06__p4
fixed_RAR,invariant,NGC6674,67,outer_holdout,72.41,242.0,5.0,246.0863016838124,246.0863016838124,263.4150306767886,5.798306938872369,226.0800564587153,1.0962668810208266e-11,46.69759391559237,,,1.7657329059958946,1.0064670509783726,0.6449053157794831,48.00864605509288,2,181220686644.7167,6.129970684085968,10.324038245644125,0.5937570685261941,14.508367057403646,-1,3,152426119104.9717,0.2806569520446753,0.1102105692902177,7.75,6.04,15796517152.453375,1.7575995695129194e-07,46.69759391559237,1.0,-0.19698024708714001,3,246.10684297966188,246.0863016838124,local__potential_shape__A3__ct1e-06__p4
fixed_RAR,invariant,NGC6946,68,outer_holdout,14.31,171.0,9.0,161.50993474662252,161.50993474662252,160.9478653162776,8.703839912590723,171.59717395070822,3.4597355217554725e-11,10.151825722464109,,,0.5681265151296967,0.6674458030611863,0.7094217835404688,40.852437093097016,3,25581185333.33088,3.291401587626977,4.837245524017191,0.6804288869119804,5.450984923346096,2,6,39601850048.84192,0.1904229219266114,0.0913202879670453,4.2,2.44,10043746903.467413,1.1175175555131374e-07,9.408108437335837,0.9267405385533203,0.16527790811210252,4,161.52256256312438,161.50993474662252,local__potential_shape__A3__ct1e-06__p4
fixed_RAR,invariant,NGC6946,68,outer_holdout,14.69,167.0,8.0,160.85151415187835,160.85151415187835,157.18300296969804,7.790812149883426,170.89763114235845,3.273341428440576e-11,10.421406000209489,,,0.5681265151296967,0.6674458030611863,0.7094217835404688,40.852437093097016,3,25581185333.33088,3.291401587626977,4.837245524017191,0.6804288869119804,5.450984923346096,2,6,39601850048.84192,0.1904229219266114,0.0913202879670453,4.2,2.44,9763810914.309706,1.0863704761103626e-07,9.666683689706089,0.9275796077335219,-0.2207284050416547,4,160.8627461657112,160.85151415187838,local__potential_shape__A3__ct1e-06__p4
fixed_RAR,invariant,NGC6946,68,outer_holdout,15.06,165.0,7.0,159.98387025875408,159.98387025875408,155.30057179640824,6.88537960076434,169.9757978180537,3.089560870918247e-11,10.68389206011946,,,0.5681265151296967,0.6674458030611863,0.7094217835404688,40.852437093097016,3,25581185333.33088,3.291401587626977,4.837245524017191,0.6804288869119804,5.450984923346096,2,6,39601850048.84192,0.1904229219266114,0.0913202879670453,4.2,2.44,9506232646.201664,1.0577110286655019e-07,9.971514777533399,0.9333223062740212,-0.21867675366684125,4,159.99390884743977,159.98387025875405,local__potential_shape__A3__ct1e-06__p4
fixed_RAR,invariant,NGC6946,68,outer_holdout,15.44,163.0,8.0,159.3873041996879,159.3873041996879,153.41814062311843,7.790812149883426,169.3419727225804,2.9309965474090276e-11,10.953472337864838,,,0.5681265151296967,0.6674458030611863,0.7094217835404688,40.852437093097016,3,25581185333.33088,3.291401587626977,4.837245524017191,0.6804288869119804,5.450984923346096,2,6,39601850048.84192,0.1904229219266114,0.0913202879670453,4.2,2.44,9255911575.222443,1.0298590532998587e-07,10.234186923360848,0.9343326579629451,0.002066040810859704,4,159.39629296624878,159.38730419968786,local__potential_shape__A3__ct1e-06__p4
fixed_RAR,invariant,NGC6946,68,outer_holdout,15.72,162.0,8.0,159.14056847502692,159.14056847502692,152.47692503647357,7.790812149883426,169.0798269101205,2.8318868637436038e-11,11.15211043725617,,,0.5681265151296967,0.6674458030611863,0.7094217835404688,40.852437093097016,3,25581185333.33088,3.291401587626977,4.837245524017191,0.6804288869119804,5.450984923346096,2,6,39601850048.84192,0.1904229219266114,0.0913202879670453,4.2,2.44,9079324978.199017,1.0102111445922154e-07,10.390276789725,0.9316870423927932,-1.11257711840517,4,159.14887786743472,159.1405684750269,local__potential_shape__A3__ct1e-06__p4
fixed_RAR,invariant,NGC6946,68,outer_holdout,16.09,161.0,9.0,155.77054401877768,155.77054401877768,151.53570944982863,8.703839912590723,165.49932473392704,2.5406958659756304e-11,11.414596497166142,,,0.5681265151296967,0.6674458030611863,0.7094217835404688,40.852437093097016,3,25581185333.33088,3.291401587626977,4.837245524017191,0.6804288869119804,5.450984923346096,2,6,39601850048.84192,0.1904229219266114,0.0913202879670453,4.2,2.44,8862008448.768785,9.86031419727023e-08,11.30391631216451,0.990303627024476,-1.361645765341109,4,155.77792634646374,155.77054401877768,local__potential_shape__A3__ct1e-06__p4
fixed_RAR,invariant,NGC6946,68,outer_holdout,16.47,159.0,10.0,155.32874383394335,155.32874383394335,149.65327827653883,9.622301078969103,165.02993154590175,2.421706368367648e-11,11.68417677491152,,,0.5681265151296967,0.6674458030611863,0.7094217835404688,40.852437093097016,3,25581185333.33088,3.291401587626977,4.837245524017191,0.6804288869119804,5.450984923346096,2,6,39601850048.84192,0.1904229219266114,0.0913202879670453,4.2,2.44,8655671570.635075,9.630733458248828e-08,11.583204937126377,0.9913582411726299,-0.04023945853691657,4,155.33544327957858,155.32874383394332,local__potential_shape__A3__ct1e-06__p4
fixed_RAR,invariant,NGC6946,68,outer_holdout,16.84,158.0,10.0,154.94687793930612,154.94687793930612,148.71206268989394,9.622301078969103,164.6242158947209,2.3151037841226863e-11,11.946662834821495,,,0.5681265151296967,0.6674458030611863,0.7094217835404688,40.852437093097016,3,25581185333.33088,3.291401587626977,4.837245524017191,0.6804288869119804,5.450984923346096,2,6,39601850048.84192,0.1904229219266114,0.0913202879670453,4.2,2.44,8463891603.461722,9.417349467023437e-08,11.848110138611052,0.9917506087203543,-0.033555328933971396,4,154.95298807937732,154.94687793930612,local__potential_shape__A3__ct1e-06__p4
fixed_RAR,invariant,NGC6946,68,outer_holdout,17.21,157.0,10.0,154.56693244145197,154.56693244145197,147.77084710324905,9.622301078969103,164.22054058032398,2.2146722266964465e-11,12.209148894731468,,,0.5681265151296967,0.6674458030611863,0.7094217835404688,40.852437093097016,3,25581185333.33088,3.291401587626977,4.837245524017191,0.6804288869119804,5.450984923346096,2,6,39601850048.84192,0.1904229219266114,0.0913202879670453,4.2,2.44,8280492393.812401,9.21329032612693e-08,12.117029297964367,0.9924548715425321,-0.05399210805035182,4,154.57251627916386,154.56693244145197,local__potential_shape__A3__ct1e-06__p4
fixed_RAR,invariant,NGC6946,68,outer_holdout,17.5,157.0,10.0,154.26196516450435,154.26196516450435,147.77084710324905,9.622301078969103,163.89652631486254,2.1395807388503018e-11,12.414881211958203,,,0.5681265151296967,0.6674458030611863,0.7094217835404688,40.852437093097016,3,25581185333.33088,3.291401587626977,4.837245524017191,0.6804288869119804,5.450984923346096,2,6,39601850048.84192,0.1904229219266114,0.0913202879670453,4.2,2.44,8142303607.413769,9.059534565194509e-08,12.332981139778765,0.9934030724272617,-0.05402495771181748,4,154.26717521731229,154.26196516450437,local__potential_shape__A3__ct1e-06__p4
fixed_RAR,invariant,NGC6946,68,outer_holdout,17.87,157.0,9.0,153.90897373886605,153.90897373886605,147.77084710324905,8.703839912590723,163.52148851199678,2.0501297030511038e-11,12.677367271868178,,,0.5681265151296967,0.6674458030611863,0.7094217835404688,40.852437093097016,3,25581185333.33088,3.291401587626977,4.837245524017191,0.6804288869119804,5.450984923346096,2,6,39601850048.84192,0.1904229219266114,0.0913202879670453,4.2,2.44,7972669778.884946,8.870791476373325e-08,12.602940712744388,0.9941291785961786,-0.027403318328879323,4,153.9137520684273,153.90897373886605,local__potential_shape__A3__ct1e-06__p4
fixed_RAR,invariant,NGC6946,68,outer_holdout,18.24,160.0,11.0,153.59559524546142,153.59559524546142,150.59449386318374,10.544775978926216,163.18853770045985,1.9672390052206905e-11,12.93985333177815,,,0.5681265151296967,0.6674458030611863,0.7094217835404688,40.852437093097016,3,25581185333.33088,3.291401587626977,4.837245524017191,0.6804288869119804,5.450984923346096,2,6,39601850048.84192,0.1904229219266114,0.0913202879670453,4.2,2.44,7810011477.000205,8.689809707663682e-08,12.866013421762982,0.9942936053352454,-0.015466631205299564,4,153.59998646513415,153.59559524546142,local__potential_shape__A3__ct1e-06__p4
fixed_RAR,invariant,NGC6946,68,outer_holdout,18.62,159.0,12.0,153.28375546803804,153.28375546803804,149.65327827653883,11.470296264623473,162.85722170670863,1.887099322521292e-11,13.20943360952353,,,0.5681265151296967,0.6674458030611863,0.7094217835404688,40.852437093097016,3,25581185333.33088,3.291401587626977,4.837245524017191,0.6804288869119804,5.450984923346096,2,6,39601850048.84192,0.1904229219266114,0.0913202879670453,4.2,2.44,7649736815.265459,8.511480096300542e-08,13.137150940995411,0.994527950958018,-0.028892540619835927,4,153.28778898870007,153.28375546803804,local__potential_shape__A3__ct1e-06__p4
fixed_RAR,invariant,NGC6946,68,outer_holdout,18.9,160.0,14.0,153.04819313062546,153.04819313062546,150.59449386318374,13.327933410191047,162.60694712482217,1.8305755282247684e-11,13.40807170891486,,,0.5681265151296967,0.6674458030611863,0.7094217835404688,40.852437093097016,3,25581185333.33088,3.291401587626977,4.837245524017191,0.6804288869119804,5.450984923346096,2,6,39601850048.84192,0.1904229219266114,0.0913202879670453,4.2,2.44,7535815599.899086,8.38472564963745e-08,13.341113080927226,0.9950060956234956,0.004610446474771379,4,153.05198587084644,153.0481931306255,local__potential_shape__A3__ct1e-06__p4
fixed_RAR,invariant,NGC6946,68,outer_holdout,19.27,158.0,16.0,152.83170794920628,152.83170794920628,148.71206268989394,15.191675872631198,162.37694117879775,1.7629777310596124e-11,13.670557768824834,,,0.5681265151296967,0.6674458030611863,0.7094217835404688,40.852437093097016,3,25581185333.33088,3.291401587626977,4.837245524017191,0.6804288869119804,5.450984923346096,2,6,39601850048.84192,0.1904229219266114,0.0913202879670453,4.2,2.44,7390312164.870752,8.222831244497181e-08,13.585180450377475,0.9937546572794522,0.09587454710413112,4,152.83521119373955,152.83170794920628,local__potential_shape__A3__ct1e-06__p4
fixed_RAR,invariant,NGC6946,68,outer_holdout,19.65,155.0,18.0,152.68295522256787,152.68295522256787,145.88841592995925,17.059522762845074,162.21889797514802,1.699851490902651e-11,13.940138046570212,,,0.5681265151296967,0.6674458030611863,0.7094217835404688,40.852437093097016,3,25581185333.33088,3.291401587626977,4.837245524017191,0.6804288869119804,5.450984923346096,2,6,39601850048.84192,0.1904229219266114,0.0913202879670453,4.2,2.44,7246311049.919135,8.062608395874481e-08,13.815144970681839,0.991033584067044,-0.07647147178317937,4,152.68619016219083,152.68295522256787,local__potential_shape__A3__ct1e-06__p4
fixed_RAR,invariant,NGC6946,68,outer_holdout,20.02,157.0,19.0,152.20382433897043,152.20382433897043,147.77084710324905,17.99458606848547,161.70984256808092,1.6291805150181792e-11,14.202624106480185,,,0.5681265151296967,0.6674458030611863,0.7094217835404688,40.852437093097016,3,25581185333.33088,3.291401587626977,4.837245524017191,0.6804288869119804,5.450984923346096,2,6,39601850048.84192,0.1904229219266114,0.0913202879670453,4.2,2.44,7111523169.482868,7.91263665315172e-08,14.146300420126657,0.9960342760653766,-0.24495410903432457,4,152.20681581464467,152.2038243389704,local__potential_shape__A3__ct1e-06__p4
fixed_RAR,invariant,NGC6946,68,outer_holdout,20.4,154.0,21.0,151.78056510111966,151.78056510111966,144.94720034331434,19.86645590485619,161.26014831752187,1.5627697839863783e-11,14.472204384225565,,,0.5681265151296967,0.6674458030611863,0.7094217835404688,40.852437093097016,3,25581185333.33088,3.291401587626977,4.837245524017191,0.6804288869119804,5.450984923346096,2,6,39601850048.84192,0.1904229219266114,0.0913202879670453,4.2,2.44,6978791734.756044,7.764953014862842e-08,14.472204384225565,1.0,-0.18169125484018878,4,151.7833317118483,151.78056510111966,local__potential_shape__A3__ct1e-06__p4
fixed_RAR,invariant,NGC7331,69,outer_holdout,25.65,236.0,3.0,234.37831051267625,234.37831051267625,235.65465962217488,3.601899464318169,234.72178046330757,2.6848106929399097e-11,24.989989632632795,,,0.3716311024434381,0.5769443915046624,0.9742686016620972,75.31662514288463,4,120801186264.92361,4.746286380056197,13.565620025942293,0.3498761111530183,11.845414116714592,-1,3,177626344447.3951,0.0828655796852202,0.0499675795306555,3.99,5.02,19921439543.072716,2.216559082426863e-07,24.046756390266303,0.9622555568756705,0.008541189990978637,0,234.43464675787646,234.37831051267625,local__potential_shape__A3__ct1e-06__p4
fixed_RAR,invariant,NGC7331,69,outer_holdout,26.74,238.0,3.0,233.4779418845405,233.4779418845405,237.65173300880343,3.601899464318169,233.82009238898428,2.4752992891451522e-11,26.05194240844448,,,0.3716311024434381,0.5769443915046624,0.9742686016620972,75.31662514288463,4,120801186264.92361,4.746286380056197,13.565620025942293,0.3498761111530183,11.845414116714592,-1,3,177626344447.3951,0.0828655796852202,0.0499675795306555,3.99,5.02,19076698638.93527,2.1225689809929314e-07,24.976119102504047,0.9587046797097282,-0.015503516441640386,0,233.52515047972605,233.4779418845405,local__potential_shape__A3__ct1e-06__p4
fixed_RAR,invariant,NGC7331,69,outer_holdout,27.82,239.0,3.0,232.3176664146052,232.3176664146052,238.65026970211773,3.601899464318169,232.65811659209675,2.2800043556808623e-11,27.104152498239547,,,0.3716311024434381,0.5769443915046624,0.9742686016620972,75.31662514288463,4,120801186264.92361,4.746286380056197,13.565620025942293,0.3498761111530183,11.845414116714592,-1,3,177626344447.3951,0.0828655796852202,0.0499675795306555,3.99,5.02,18305370531.189423,2.0367471547610168e-07,26.01910191762263,0.9599673673365219,-0.14378924770551293,0,232.35750457259275,232.31766641460518,local__potential_shape__A3__ct1e-06__p4
fixed_RAR,invariant,NGC7331,69,outer_holdout,28.91,239.0,3.0,230.8756041157652,230.8756041157652,238.65026970211773,3.601899464318169,231.21394102148892,2.094351591789996e-11,28.166105274051237,,,0.3716311024434381,0.5769443915046624,0.9742686016620972,75.31662514288463,4,120801186264.92361,4.746286380056197,13.565620025942293,0.3498761111530183,11.845414116714592,-1,3,177626344447.3951,0.0828655796852202,0.0499675795306555,3.99,5.02,17589291784.457787,1.9570726489920406e-07,27.217499083974484,0.9663210024656593,-0.25327671004720287,0,230.90936314442376,230.87560411576524,local__potential_shape__A3__ct1e-06__p4
fixed_RAR,invariant,NGC7331,69,outer_holdout,29.89,241.0,4.0,229.47834547181333,229.47834547181333,240.6473430887464,4.466901436826305,229.8146347633341,1.9403624429678588e-11,29.12088850368009,,,0.3716311024434381,0.5769443915046624,0.9742686016620972,75.31662514288463,4,120801186264.92361,4.746286380056197,13.565620025942293,0.3498761111530183,11.845414116714592,-1,3,177626344447.3951,0.0828655796852202,0.0499675795306555,3.99,5.02,16995362208.315754,1.8909890713734073e-07,28.385530786233367,0.9747481016125661,-0.2889151565235579,0,229.5075982852725,229.47834547181336,local__potential_shape__A3__ct1e-06__p4
fixed_RAR,invariant,NGC7331,69,outer_holdout,30.98,236.0,4.0,228.02850541580648,228.02850541580648,235.65465962217488,4.466901436826305,228.3626700376368,1.787764147985454e-11,30.18284127949177,,,0.3716311024434381,0.5769443915046624,0.9742686016620972,75.31662514288463,4,120801186264.92361,4.746286380056197,13.565620025942293,0.3498761111530183,11.845414116714592,-1,3,177626344447.3951,0.0828655796852202,0.0499675795306555,3.99,5.02,16385028272.815472,1.8230802626188258e-07,29.70205009611414,0.9840707116031414,-0.2059090891013966,0,228.05362204771797,228.02850541580645,local__potential_shape__A3__ct1e-06__p4
fixed_RAR,invariant,NGC7331,69,outer_holdout,32.06,236.0,5.0,227.04129824017204,227.04129824017204,235.65465962217488,5.378372262811158,227.3740161581707,1.6620101157218794e-11,31.23505136928684,,,0.3716311024434381,0.5769443915046624,0.9742686016620972,75.31662514288463,4,120801186264.92361,4.746286380056197,13.565620025942293,0.3498761111530183,11.845414116714592,-1,3,177626344447.3951,0.0828655796852202,0.0499675795306555,3.99,5.02,15825359904.232384,1.7608087584512847e-07,30.858114605014745,0.9879322508608795,-0.028608698581820136,0,227.0630637089213,227.04129824017204,local__potential_shape__A3__ct1e-06__p4
fixed_RAR,invariant,NGC7331,69,outer_holdout,33.15,239.0,5.0,226.54233835860128,226.54233835860128,238.65026970211773,5.378372262811158,226.87432507529755,1.5580929745821373e-11,32.297004145098526,,,0.3716311024434381,0.5769443915046624,0.9742686016620972,75.31662514288463,4,120801186264.92361,4.746286380056197,13.565620025942293,0.3498761111530183,11.845414116714592,-1,3,177626344447.3951,0.0828655796852202,0.0499675795306555,3.99,5.02,15298049213.585285,1.702137531500668e-07,31.81941120913147,0.9852124694345826,0.0537163557914937,0,226.56130532548943,226.54233835860123,local__potential_shape__A3__ct1e-06__p4
fixed_RAR,invariant,NGC7331,69,outer_holdout,34.23,237.0,5.0,226.01991352035935,226.01991352035935,236.6531963154892,5.378372262811158,226.35113464900695,1.46316217642568e-11,33.34921423489359,,,0.3716311024434381,0.5769443915046624,0.9742686016620972,75.31662514288463,4,120801186264.92361,4.746286380056197,13.565620025942293,0.3498761111530183,11.845414116714592,-1,3,177626344447.3951,0.0828655796852202,0.0499675795306555,3.99,5.02,14807825297.252663,1.6475927647020365e-07,32.79806867498282,0.9834735068709926,-0.03943583418822527,0,226.036527085487,226.0199135203594,local__potential_shape__A3__ct1e-06__p4
fixed_RAR,invariant,NGC7331,69,outer_holdout,35.32,241.0,7.0,225.2083770705256,225.2083770705256,240.6473430887464,7.27026140292478,225.53840893219817,1.3692452435553886e-11,34.41116701070528,,,0.3716311024434381,0.5769443915046624,0.9742686016620972,75.31662514288463,4,120801186264.92361,4.746286380056197,13.565620025942293,0.3498761111530183,11.845414116714592,-1,3,177626344447.3951,0.0828655796852202,0.0499675795306555,3.99,5.02,14344007957.719553,1.595986125819021e-07,33.94991812883538,0.9865959535250168,-0.31753377278346306,0,225.22295372125748,225.20837707052564,local__potential_shape__A3__ct1e-06__p4
fixed_RAR,invariant,NGC7331,69,outer_holdout,36.31,238.0,9.0,223.83315376310435,223.83315376310435,237.65173300880343,9.20668875109285,224.161170302282,1.2779907584073001e-11,35.37569292635075,,,0.3716311024434381,0.5769443915046624,0.9742686016620972,75.31662514288463,4,120801186264.92361,4.746286380056197,13.565620025942293,0.3498761111530183,11.845414116714592,-1,3,177626344447.3951,0.0828655796852202,0.0499675795306555,3.99,5.02,13950289295.968077,1.5521790167123075e-07,35.37569292635075,1.0,-0.6724113218192542,0,223.84611598806654,223.83315376310435,local__potential_shape__A3__ct1e-06__p4
fixed_RAR,invariant,NGC7793,70,outer_holdout,3.33,103.0,9.4,93.26117043229084,93.26117043229084,92.3861287280613,8.665319065700665,103.97557173113012,3.7110392796064245e-11,3.2399461197279207,,,0.3426510949019009,0.6999999704676815,0.9729567927110871,54.62455600540919,0,4396225479.023316,2.7117763426307766,4.338357030035291,0.6250698879452798,2.25971999386844,1,7,4423685935.120312,0.2588633137150718,0.0,2.19,1.21,5242114157.69684,5.832638611400856e-08,4.5778375584773485,1.4129363234169399,1.1139825434572685,0,93.26207884177275,93.26117043229085,local__potential_shape__A3__ct1e-06__p4
fixed_RAR,invariant,NGC7793,70,outer_holdout,3.51,107.0,9.1,94.34212530484446,94.34212530484446,95.97393955245202,8.40372806789813,105.18071316746789,3.5393705183108545e-11,3.415078342415916,,,0.3426510949019009,0.6999999704676815,0.9729567927110871,54.62455600540919,0,4396225479.023316,2.7117763426307766,4.338357030035291,0.6250698879452798,2.25971999386844,1,7,4423685935.120312,0.2588633137150718,0.0,2.19,1.21,5046284821.780336,5.6147490898164154e-08,4.6205660736723235,1.3529897736997782,1.1350013654241593,0,94.3429144349301,94.34212530484446,local__potential_shape__A3__ct1e-06__p4
fixed_RAR,invariant,NGC7793,70,outer_holdout,3.68,114.0,7.4,95.42134009266913,95.42134009266913,102.2526084951358,6.932224955669234,106.38391460773104,3.402503413530119e-11,3.580480997176801,,,0.3426510949019009,0.6999999704676815,0.9729567927110871,54.62455600540919,0,4396225479.023316,2.7117763426307766,4.338357030035291,0.6250698879452798,2.25971999386844,1,7,4423685935.120312,0.2588633137150718,0.0,2.19,1.21,4869185882.771066,5.417699945400714e-08,4.637748988756353,1.2952865808848604,0.9071070583585197,0,95.42203196769324,95.42134009266914,local__potential_shape__A3__ct1e-06__p4
fixed_RAR,invariant,NGC7793,70,outer_holdout,3.85,112.0,8.1,95.78708403139647,95.78708403139647,100.45870308294045,7.5355709763223935,106.79167739861282,3.202670684214887e-11,3.745883651937686,,,0.3426510949019009,0.6999999704676815,0.9729567927110871,54.62455600540919,0,4396225479.023316,2.7117763426307766,4.338357030035291,0.6250698879452798,2.25971999386844,1,7,4423685935.120312,0.2588633137150718,0.0,2.19,1.21,4700718504.998749,5.230254708079139e-08,4.75665239376378,1.2698345265751216,0.6621387555634328,0,95.78768731476929,95.78708403139647,local__potential_shape__A3__ct1e-06__p4
fixed_RAR,invariant,NGC7793,70,outer_holdout,4.03,114.0,7.6,96.17467382255695,96.17467382255695,102.2526084951358,7.104175906249168,107.22379582417256,3.0130850327013515e-11,3.921015874625682,,,0.3426510949019009,0.6999999704676815,0.9729567927110871,54.62455600540919,0,4396225479.023316,2.7117763426307766,4.338357030035291,0.6250698879452798,2.25971999386844,1,7,4423685935.120312,0.2588633137150718,0.0,2.19,1.21,4532859396.751829,5.043486261879094e-08,4.875400692487738,1.2434024366078769,0.5807460918520064,0,96.17519755293215,96.17467382255695,local__potential_shape__A3__ct1e-06__p4
fixed_RAR,invariant,NGC7793,70,outer_holdout,4.2,116.0,7.2,96.3400462685818,96.3400462685818,104.04651390733116,6.760660640620377,107.40816724632292,2.8325916988568308e-11,4.086418529386567,,,0.3426510949019009,0.6999999704676815,0.9729567927110871,54.62455600540919,0,4396225479.023316,2.7117763426307766,4.338357030035291,0.6250698879452798,2.25971999386844,1,7,4423685935.120312,0.2588633137150718,0.0,2.19,1.21,4383762919.380648,4.877594057974652e-08,5.015480376044494,1.2273535713429222,0.5320812103533399,0,96.34050520617551,96.3400462685818,local__potential_shape__A3__ct1e-06__p4
fixed_RAR,invariant,NGC7793,70,outer_holdout,4.38,114.0,7.8,96.58530481727644,96.58530481727644,102.2526084951358,7.276486082610007,107.68160256462602,2.666450209483717e-11,4.261550752074562,,,0.3426510949019009,0.6999999704676815,0.9729567927110871,54.62455600540919,0,4396225479.023316,2.7117763426307766,4.338357030035291,0.6250698879452798,2.25971999386844,1,7,4423685935.120312,0.2588633137150718,0.0,2.19,1.21,4235254988.5812616,4.712356700446308e-08,5.147490323911822,1.2078913577190125,0.6060251967441559,0,96.58570567319816,96.58530481727645,local__potential_shape__A3__ct1e-06__p4
fixed_RAR,invariant,NGC7793,70,outer_holdout,4.73,114.0,11.4,97.35521526461572,97.35521526461572,102.2526084951358,10.419019120847947,108.5399649310086,2.411185059697042e-11,4.602085629523443,,,0.3426510949019009,0.6999999704676815,0.9729567927110871,54.62455600540919,0,4396225479.023316,2.7117763426307766,4.338357030035291,0.6250698879452798,2.25971999386844,1,7,4423685935.120312,0.2588633137150718,0.0,2.19,1.21,3968877558.0264287,4.415971837408054e-08,5.334412694979406,1.1591293870670105,0.7280529859717149,0,97.35552685906995,97.35521526461572,local__potential_shape__A3__ct1e-06__p4
fixed_RAR,invariant,NGC7793,70,outer_holdout,5.25,109.0,9.9,98.71559606510807,98.71559606510807,97.76784496464738,9.102275134559129,110.0566344178658,2.1227050012628693e-11,5.108023161733208,,,0.3426510949019009,0.6999999704676815,0.9729567927110871,54.62455600540919,0,4396225479.023316,2.7117763426307766,4.338357030035291,0.6250698879452798,2.25971999386844,1,7,4423685935.120312,0.2588633137150718,0.0,2.19,1.21,3615840441.5297256,4.02316506994899e-08,5.520381216359968,1.0807275224818758,0.6068221363943849,0,98.71581372741512,98.71559606510807,local__potential_shape__A3__ct1e-06__p4
fixed_RAR,invariant,NGC7793,70,outer_holdout,5.78,107.0,12.6,99.08546177982966,99.08546177982966,95.97393955245202,11.47720589523002,110.4689925190312,1.8284979281987017e-11,5.623690261870085,,,0.3426510949019009,0.6999999704676815,0.9729567927110871,54.62455600540919,0,4396225479.023316,2.7117763426307766,4.338357030035291,0.6250698879452798,2.25971999386844,1,7,4423685935.120312,0.2588633137150718,0.0,2.19,1.21,3302442940.2458534,3.6744633225784257e-08,5.853158770523629,1.0408039024142908,0.4144366964093251,0,99.08561380382578,99.08546177982966,local__potential_shape__A3__ct1e-06__p4
fixed_RAR,invariant,NGC7793,70,outer_holdout,6.3,105.0,12.5,99.29508061165863,99.29508061165863,94.18003414025664,11.388893691991909,110.70269361654051,1.590837286948776e-11,6.129627794079849,,,0.3426510949019009,0.6999999704676815,0.9729567927110871,54.62455600540919,0,4396225479.023316,2.7117763426307766,4.338357030035291,0.6250698879452798,2.25971999386844,1,7,4423685935.120312,0.2588633137150718,0.0,2.19,1.21,3036232993.7928705,3.3782648107354834e-08,6.185271796768258,1.0090778762687926,0.3471441277597478,0,99.2951894618887,99.29508061165866,local__potential_shape__A3__ct1e-06__p4
fixed_RAR,invariant,NGC7793,70,outer_holdout,6.82,101.0,5.2,99.36177011902038,99.36177011902038,90.59222331586592,5.074872727924301,110.77704481355276,1.3916648055956036e-11,6.635565326289616,,,0.3426510949019009,0.6999999704676815,0.9729567927110871,54.62455600540919,0,4396225479.023316,2.7117763426307766,4.338357030035291,0.6250698879452798,2.25971999386844,1,7,4423685935.120312,0.2588633137150718,0.0,2.19,1.21,2803976707.040995,3.119844840262204e-08,6.529639611295473,0.984036670609741,0.12030742594970434,0,99.36184934696377,99.36177011902039,local__potential_shape__A3__ct1e-06__p4
fixed_RAR,invariant,NGC7793,70,outer_holdout,7.35,94.5,4.6,98.6552139178236,98.6552139178236,84.76203072623099,4.585164245870721,109.98931520819735,1.1926554408670671e-11,7.151232426426491,,,0.3426510949019009,0.6999999704676815,0.9729567927110871,54.62455600540919,0,4396225479.023316,2.7117763426307766,4.338357030035291,0.6250698879452798,2.25971999386844,1,7,4423685935.120312,0.2588633137150718,0.0,2.19,1.21,2598974878.35653,2.8917495440853398e-08,7.062143575549934,0.9875421681796637,-0.12874847652994958,0,98.65527197955451,98.6552139178236,local__potential_shape__A3__ct1e-06__p4
fixed_RAR,invariant,NGC7793,70,outer_holdout,7.87,90.8,6.1,97.80661931854443,97.80661931854443,81.44330571366956,5.8254908703967,109.04322898368385,1.0268496223565482e-11,7.657169958636257,,,0.3426510949019009,0.6999999704676815,0.9729567927110871,54.62455600540919,0,4396225479.023316,2.7117763426307766,4.338357030035291,0.6250698879452798,2.25971999386844,1,7,4423685935.120312,0.2588633137150718,0.0,2.19,1.21,2426194867.9922676,2.699505855868598e-08,7.657169958636257,1.0,-0.2507634216219685,0,97.80666303376564,97.80661931854445,local__potential_shape__A3__ct1e-06__p4
fixed_RAR,invariant,NGC7814,71,outer_holdout,14.01,214.0,3.07,209.6596958273657,209.6596958273657,214.0081487745477,3.66409849534933,209.6517126285818,4.3504573916718734e-11,14.81204725596439,,,1.1500352079536094,0.5471591999004892,1.057248198141641,89.5,1,68880993914.01363,2.88479703368961,6.05892838535669,0.4761233093069116,8.944670592273555,1,2,51342317573.55903,0.0277178761547158,0.7717139429425691,2.08,2.54,19885759833.092754,2.212589179295945e-07,14.813467371343542,1.0000958756986533,-0.013534197785702418,2,209.67501815205134,209.65969582736568,local__potential_shape__A3__ct1e-06__p4
fixed_RAR,invariant,NGC7814,71,outer_holdout,15.09,214.0,3.61,207.71522017204023,207.71522017204023,214.0081487745477,4.127116729819693,207.70731101293111,3.755029440251323e-11,15.953875309957365,,,1.1500352079536094,0.5471591999004892,1.057248198141641,89.5,1,68880993914.01363,2.88479703368961,6.05892838535669,0.4761233093069116,8.944670592273555,1,2,51342317573.55903,0.0277178761547158,0.7717139429425691,2.08,2.54,18461721018.984352,2.0541434926619205e-07,15.933393886206064,0.9987162101148855,0.04216080671324107,2,207.72650432959205,207.7152201720403,local__potential_shape__A3__ct1e-06__p4
fixed_RAR,invariant,NGC7814,71,outer_holdout,16.18,214.0,4.46,206.22996817746724,206.22996817746724,214.0081487745477,4.888058398677081,206.222115572203,3.28094542803978e-11,17.10627584593175,,,1.1500352079536094,0.5471591999004892,1.057248198141641,89.5,1,68880993914.01363,2.88479703368961,6.05892838535669,0.4761233093069116,8.944670592273555,1,2,51342317573.55903,0.0277178761547158,0.7717139429425691,2.08,2.54,17213621751.149193,1.9152737206301935e-07,17.002888371960136,0.9939561670288274,0.01162100629642282,2,206.23843936499392,206.22996817746727,local__potential_shape__A3__ct1e-06__p4
fixed_RAR,invariant,NGC7814,71,outer_holdout,17.36,214.0,5.07,204.3725469112316,204.3725469112316,214.0081487745477,5.450399768775336,204.3647650308777,2.8416428439778573e-11,18.35382871973889,,,1.1500352079536094,0.5471591999004892,1.057248198141641,89.5,1,68880993914.01363,2.88479703368961,6.05892838535669,0.4761233093069116,8.944670592273555,1,2,51342317573.55903,0.0277178761547158,0.7717139429425691,2.08,2.54,16038179048.419903,1.7844880817222375e-07,18.290897679372392,0.9965712309225804,-0.043614627383135485,2,204.37887528784833,204.3725469112316,local__potential_shape__A3__ct1e-06__p4
fixed_RAR,invariant,NGC7814,71,outer_holdout,18.44,214.0,4.78,202.8683523950309,202.8683523950309,214.0081487745477,5.181712081301575,202.86062778979507,2.511712428782668e-11,19.495656773731863,,,1.1500352079536094,0.5471591999004892,1.057248198141641,89.5,1,68880993914.01363,2.88479703368961,6.05892838535669,0.4761233093069116,8.944670592273555,1,2,51342317573.55903,0.0277178761547158,0.7717139429425691,2.08,2.54,15096881319.426235,1.6797545846294426e-07,19.47900554002055,0.9991459003456735,-0.029743315722157604,2,202.8732853686266,202.86835239503094,local__potential_shape__A3__ct1e-06__p4
fixed_RAR,invariant,NGC7814,71,outer_holdout,19.53,214.0,4.87,201.61934737194863,201.61934737194863,214.0081487745477,5.264855766013159,201.6116703249969,2.237203094497828e-11,20.64805730970625,,,1.1500352079536094,0.5471591999004892,1.057248198141641,89.5,1,68880993914.01363,2.88479703368961,6.05892838535669,0.4761233093069116,8.944670592273555,1,2,51342317573.55903,0.0277178761547158,0.7717139429425691,2.08,2.54,14253947456.126612,1.5859655436044608e-07,20.64805730970625,1.0,-0.0008765562736243737,2,201.62324401269154,201.6193473719487,local__potential_shape__A3__ct1e-06__p4
fixed_RAR,invariant,UGC00128,72,outer_holdout,38.82,126.0,1.4,142.00816750363452,142.00816750363452,135.68817344428564,2.5045952930180584,131.8687447200764,4.1184638331577566e-12,26.835547270510084,,,2.079617930921174,0.6999999645261835,0.6912814855875858,51.14985405011086,2,21354292959.084335,9.414465025246004,15.256782231948563,0.6170675363990962,4.980319984861186,4,8,15784792133.023275,0.6261235445301399,0.0,9.63,5.95,3242988614.053603,3.6083114632079884e-08,25.518763213881616,0.9509313507432919,0.1576378743479836,4,142.0083634100131,142.00816750363452,local__potential_shape__A3__ct1e-06__p4
fixed_RAR,invariant,UGC00128,72,outer_holdout,41.31,130.0,1.62,141.76031300862616,141.76031300862616,139.99573450600897,2.653958811725504,131.63858710516917,3.649854058092182e-12,28.556838169623173,,,2.079617930921174,0.6999999645261835,0.6912814855875858,51.14985405011086,2,21354292959.084335,9.414465025246004,15.256782231948563,0.6170675363990962,4.980319984861186,4,8,15784792133.023275,0.6261235445301399,0.0,9.63,5.95,3037066756.4144745,3.3791924967631465e-08,26.966730417688993,0.9443177937806284,-0.07098896745560523,4,141.7604634356324,141.76031300862613,local__potential_shape__A3__ct1e-06__p4
fixed_RAR,invariant,UGC00128,72,outer_holdout,43.8,132.0,2.01,140.99202530279936,140.99202530279936,142.14951503687067,2.947078935171973,130.9251553559097,3.2104788661708785e-12,30.27812906873626,,,2.079617930921174,0.6999999645261835,0.6912814855875858,51.14985405011086,2,21354292959.084335,9.414465025246004,15.256782231948563,0.6170675363990962,4.980319984861186,4,8,15784792133.023275,0.6261235445301399,0.0,9.63,5.95,2855241801.1724753,3.1768849501211894e-08,28.8218950546522,0.951904755713995,-0.20714088688782795,4,140.9921421773873,140.99202530279936,local__potential_shape__A3__ct1e-06__p4
fixed_RAR,invariant,UGC00128,72,outer_holdout,46.28,134.0,2.1,140.23026446128554,140.23026446128554,144.3032955677323,3.018980715252829,130.21778445103016,2.84069595647048e-12,31.992507152993472,,,2.079617930921174,0.6999999645261835,0.6912814855875858,51.14985405011086,2,21354292959.084335,9.414465025246004,15.256782231948563,0.6170675363990962,4.980319984861186,4,8,15784792133.023275,0.6261235445301399,0.0,9.63,5.95,2695476857.2896013,2.9991224763545064e-08,30.751075469316955,0.9611961739122293,-0.2943237556814893,4,140.23035679031747,140.23026446128554,local__potential_shape__A3__ct1e-06__p4
fixed_RAR,invariant,UGC00128,72,outer_holdout,48.77,129.0,2.66,139.25045402401406,139.25045402401406,138.91884424057815,3.4936401174602483,129.30793275237124,2.509793099416003e-12,33.71379805210656,,,2.079617930921174,0.6999999645261835,0.6912814855875858,51.14985405011086,2,21354292959.084335,9.414465025246004,15.256782231948563,0.6170675363990962,4.980319984861186,4,8,15784792133.023275,0.6261235445301399,0.0,9.63,5.95,2553643357.9658666,2.841311425381672e-08,32.97401092165173,0.9780568439868019,-0.31363411698418986,4,139.25052788103557,139.25045402401406,local__potential_shape__A3__ct1e-06__p4
fixed_RAR,invariant,UGC00128,72,outer_holdout,51.26,132.0,4.67,138.5207000795741,138.5207000795741,142.14951503687067,5.412173398822984,128.63028344318374,2.241938897788765e-12,35.43508895121965,,,2.079617930921174,0.6999999645261835,0.6912814855875858,51.14985405011086,2,21354292959.084335,9.414465025246004,15.256782231948563,0.6170675363990962,4.980319984861186,4,8,15784792133.023275,0.6261235445301399,0.0,9.63,5.95,2427645616.4470434,2.701120031218124e-08,35.09223040668813,0.9903243210422443,-0.23749142993733585,4,138.52076008770555,138.5207000795741,local__potential_shape__A3__ct1e-06__p4
fixed_RAR,invariant,UGC00128,72,outer_holdout,53.75,125.0,5.95,137.9408096110085,137.9408096110085,134.6112831788548,6.712378030281883,128.09179731587753,2.018832160671444e-12,37.15637985033274,,,2.079617930921174,0.6999999645261835,0.6912814855875858,51.14985405011086,2,21354292959.084335,9.414465025246004,15.256782231948563,0.6170675363990962,4.980319984861186,4,8,15784792133.023275,0.6261235445301399,0.0,9.63,5.95,2314643729.682595,2.5753884755754956e-08,37.15637985033274,1.0,-0.1823000261993002,4,137.94085899471813,137.94080961100846,local__potential_shape__A3__ct1e-06__p4
fixed_RAR,invariant,UGC00191,73,outer_holdout,4.97,76.65,1.09,79.35055733443883,79.35055733443883,72.88491797699959,2.252608858709887,83.44964072819721,9.314003765782109e-12,5.327181260851039,,,0.4945249602600097,0.7000000026165166,1.071867456911678,48.04194091847332,3,4376245809.190093,5.802732685519163,7.942618288293019,0.7305818402568924,2.2545792346618714,2,9,2676622048.1840143,0.6673299284864899,0.0,2.5,1.58,2985876664.602587,3.32223583823926e-08,10.389267063675844,1.9502371995534682,1.5656556686424778,1,79.35067141877784,79.35055733443882,local__potential_shape__A3__ct1e-06__p4
fixed_RAR,invariant,UGC00191,73,outer_holdout,7.45,81.0,0.63,92.11324006640083,92.11324006640083,77.02124404614437,2.087789701842352,96.87161688674348,7.709963401637887e-12,7.985412553992001,,,0.4945249602600097,0.7000000026165166,1.071867456911678,48.04194091847332,3,4376245809.190093,5.802732685519163,7.942618288293019,0.7305818402568924,2.2545792346618714,2,9,2676622048.1840143,0.6673299284864899,0.0,2.5,1.58,2294174894.551303,2.5526138250193115e-08,9.643255223553483,1.2076088941369356,1.0712421866363115,1,92.11328622124502,92.11324006640085,local__potential_shape__A3__ct1e-06__p4
fixed_RAR,invariant,UGC00191,73,outer_holdout,9.98,83.85,1.04,96.22328063491656,96.22328063491656,79.7312507811013,2.2311325285078647,101.1939735322726,5.330512891041847e-12,10.697237219978549,,,0.4945249602600097,0.7000000026165166,1.071867456911678,48.04194091847332,3,4376245809.190093,5.802732685519163,7.942618288293019,0.7305818402568924,2.2545792346618714,2,9,2676622048.1840143,0.6673299284864899,0.0,2.5,1.58,1759507692.6514404,1.957716332855398e-08,10.697237219978547,0.9999999999999999,0.40409954381391344,1,96.22329731638084,96.22328063491656,local__potential_shape__A3__ct1e-06__p4
fixed_RAR,invariant,UGC00731,74,outer_holdout,8.19,73.4,2.68,86.48317866499843,86.48317866499843,72.10414767581017,3.3062112677528246,88.03745025253932,5.474830701418014e-12,8.51491056586965,,,1.1641636638022084,0.7000000024888491,1.039671619764304,58.62115577882735,4,4029795617.5941763,7.460039423665864,9.337294326245265,0.7989508698143087,2.163496310329372,4,10,2558377295.574026,0.9393884178685094,0.0,1.4,2.3,1960423759.8862238,2.1812656063262523e-08,11.604561065109072,1.3628517851524689,1.9049877529886317,2,86.4832044986435,86.48317866499843,local__potential_shape__A3__ct1e-06__p4
fixed_RAR,invariant,UGC00731,74,outer_holdout,9.09,74.0,2.83,89.40695411550762,89.40695411550762,72.69355487751977,3.4247054467733338,91.0137716568539,5.1119539739316455e-12,9.450615023657525,,,1.1641636638022084,0.7000000024888491,1.039671619764304,58.62115577882735,4,4029795617.5941763,7.460039423665864,9.337294326245265,0.7989508698143087,2.163496310329372,4,10,2558377295.574026,0.9393884178685094,0.0,1.4,2.3,1807739450.6286097,2.01138140107226e-08,11.46036251927152,1.21265785248717,1.4028119621389692,2,89.40697342491316,89.40695411550762,local__potential_shape__A3__ct1e-06__p4
fixed_RAR,invariant,UGC00731,74,outer_holdout,10.0,73.8,3.22,92.45385546240766,92.45385546240766,72.49708581028324,3.742396353200199,94.11543177033296,4.854437533886764e-12,10.39671619764304,,,1.1641636638022084,0.7000000024888491,1.039671619764304,58.62115577882735,4,4029795617.5941763,7.460039423665864,9.337294326245265,0.7989508698143087,2.163496310329372,4,10,2558377295.574026,0.9393884178685094,0.0,1.4,2.3,1662354005.7500925,1.8496182776787976e-08,11.097727380264288,1.0674262112473716,1.1044883535926147,2,92.45386974060492,92.45385546240765,local__potential_shape__A3__ct1e-06__p4
fixed_RAR,invariant,UGC00731,74,outer_holdout,10.91,73.9,3.42,93.80455542729466,93.80455542729466,72.59532034390152,3.909866186698539,95.4904064509638,4.36567784194352e-12,11.342817371628556,,,1.1641636638022084,0.7000000024888491,1.039671619764304,58.62115577882735,4,4029795617.5941763,7.460039423665864,9.337294326245265,0.7989508698143087,2.163496310329372,4,10,2558377295.574026,0.9393884178685094,0.0,1.4,2.3,1527999349.5953534,1.7001285619771625e-08,11.342817371628556,1.0,0.45862935069658306,2,93.80456576849437,93.80455542729464,local__potential_shape__A3__ct1e-06__p4
fixed_RAR,invariant,UGC01281,75,outer_holdout,2.68,48.5,7.72,46.58112081076606,46.58112081076606,48.50184680170825,7.975145071291463,46.57934714441812,4.813163890268169e-12,2.651550984524357,,,0.3979661712101107,0.6999999843243457,0.9893846957180435,89.5,0,625630697.1534154,3.07712912790065,4.391215996247735,0.7007464744458111,0.8524593401835429,0,8,592910762.3145578,0.6594921611366393,0.0,2.01,1.63,834593272.9219348,9.286102518985637e-09,5.619448362154771,2.1193061702197684,1.8121018524630017,0,46.581121191355216,46.581120810766066,local__potential_shape__A3__ct1e-06__p4
fixed_RAR,invariant,UGC01281,75,outer_holdout,2.76,49.3,9.73,47.15648108452245,47.15648108452245,49.30187726441683,9.933786293235944,47.15468551021828,4.770675147805639e-12,2.7307017601818,,,0.3979661712101107,0.6999999843243457,0.9893846957180435,89.5,0,625630697.1534154,3.07712912790065,4.391215996247735,0.7007464744458111,0.8524593401835429,0,8,592910762.3145578,0.6594921611366393,0.0,2.01,1.63,822890118.0663664,9.155887359925114e-09,5.589995481760177,2.0470911775396576,1.6937499207902817,0,47.15648144865184,47.15648108452245,local__potential_shape__A3__ct1e-06__p4
fixed_RAR,invariant,UGC01281,75,outer_holdout,3.07,53.0,4.0,49.26724935117047,49.26724935117047,53.00201815444406,4.472272188892688,49.26537340527847,4.609130540002534e-12,3.037411015854393,,,0.3979661712101107,0.6999999843243457,0.9893846957180435,89.5,0,625630697.1534154,3.07712912790065,4.391215996247735,0.7007464744458111,0.8524593401835429,0,8,592910762.3145578,0.6594921611366393,0.0,2.01,1.63,778522549.188988,8.662231579941334e-09,5.4739602879108675,1.8021796389551508,1.7538924887214762,0,49.26724965595298,49.26724935117046,local__potential_shape__A3__ct1e-06__p4
fixed_RAR,invariant,UGC01281,75,outer_holdout,3.46,54.1,4.0,52.03164410265652,52.03164410265652,54.10206004066837,4.472272188892688,52.02966289708296,4.5223047007205326e-12,3.4232710471844308,,,0.3979661712101107,0.6999999843243457,0.9893846957180435,89.5,0,625630697.1534154,3.07712912790065,4.391215996247735,0.7007464744458111,0.8524593401835429,0,8,592910762.3145578,0.6594921611366393,0.0,2.01,1.63,724173242.9809334,8.057513993952662e-09,5.189578772629905,1.5159707487662204,1.4120026711643732,0,52.03164434363841,52.031644102656514,local__potential_shape__A3__ct1e-06__p4
fixed_RAR,invariant,UGC01281,75,outer_holdout,3.83,55.0,4.0,53.31617082842138,53.31617082842138,55.00209431121554,4.472272188892688,53.31414071200612,4.105218216295659e-12,3.789343384600107,,,0.3979661712101107,0.6999999843243457,0.9893846957180435,89.5,0,625630697.1534154,3.07712912790065,4.391215996247735,0.7007464744458111,0.8524593401835429,0,8,592910762.3145578,0.6594921611366393,0.0,2.01,1.63,675523656.7134643,7.516214345077813e-09,5.3327812575628775,1.407310110568312,0.8445445442902724,0,53.316171015389756,53.316170828421384,local__potential_shape__A3__ct1e-06__p4
fixed_RAR,invariant,UGC01281,75,outer_holdout,4.23,55.7,4.0,54.0206095768545,54.0206095768545,55.70212096608555,4.472272188892688,54.01855263757022,3.5885895966370087e-12,4.185097262887324,,,0.3979661712101107,0.6999999843243457,0.9893846957180435,89.5,0,625630697.1534154,3.07712912790065,4.391215996247735,0.7007464744458111,0.8524593401835429,0,8,592910762.3145578,0.6594921611366393,0.0,2.01,1.63,628669344.4132286,6.994889813005704e-09,5.677379751622352,1.3565705633578258,1.4275376728848528,0,54.020609718955,54.020609576854504,local__potential_shape__A3__ct1e-06__p4
fixed_RAR,invariant,UGC01281,75,outer_holdout,4.62,56.4,4.0,56.62005619931169,56.62005619931169,56.40214762095557,4.472272188892688,56.61790028106517,3.6272079607600073e-12,4.5709572942173615,,,0.3979661712101107,0.6999999843243457,0.9893846957180435,89.5,0,625630697.1534154,3.07712912790065,4.391215996247735,0.7007464744458111,0.8524593401835429,0,8,592910762.3145578,0.6594921611366393,0.0,2.01,1.63,585709302.32783,6.5168948806618574e-09,5.233101043981002,1.1448588790364127,1.9612684872570867,0,56.62005631152535,56.62005619931168,local__potential_shape__A3__ct1e-06__p4
fixed_RAR,invariant,UGC01281,75,outer_holdout,4.99,56.9,4.0,58.62462418858558,58.62462418858558,56.90216666014843,4.472272188892688,58.62239194253237,3.5776440201385097e-12,4.937029631633037,,,0.3979661712101107,0.6999999843243457,0.9893846957180435,89.5,0,625630697.1534154,3.07712912790065,4.391215996247735,0.7007464744458111,0.8524593401835429,0,8,592910762.3145578,0.6594921611366393,0.0,2.01,1.63,545021211.2990543,6.064178813023038e-09,4.937029631633037,1.0,1.6815536433753095,0,58.62462427569811,58.62462418858558,local__potential_shape__A3__ct1e-06__p4
fixed_RAR,invariant,UGC02259,76,outer_holdout,6.11,86.0,1.5,89.17935605804979,89.17935605804979,82.27940463113738,2.461611043419802,93.21196057962122,9.010145116629679e-12,6.856109182742542,,,0.7601155823722708,0.6999999830808126,1.1221127958662098,43.29268137328967,1,3612936787.8228254,4.202364291102627,6.559797686150769,0.6406240698512361,2.0485418014377634,4,8,1487995639.6817589,0.4415469927993327,0.0,2.4,1.62,2234692190.614721,2.4864303911500526e-08,8.0377664020757,1.1723509920623052,1.0721870871954025,4,89.1793867433331,89.1793560580498,local__potential_shape__A3__ct1e-06__p4
fixed_RAR,invariant,UGC02259,76,outer_holdout,7.13,88.3,2.3,92.28646600056412,92.28646600056412,84.47990033638874,2.9735805603396104,96.45957103881396,7.735435179139357e-12,8.000664234526075,,,0.7601155823722708,0.6999999830808126,1.1221127958662098,43.29268137328967,1,3612936787.8228254,4.202364291102627,6.559797686150769,0.6406240698512361,2.0485418014377634,4,8,1487995639.6817589,0.4415469927993327,0.0,2.4,1.62,1940138582.6594207,2.1586953027477922e-08,8.128257546893629,1.0159478399077089,0.5359408809355841,4,92.2864840417088,92.28646600056413,local__potential_shape__A3__ct1e-06__p4
fixed_RAR,invariant,UGC02259,76,outer_holdout,8.14,90.0,3.0,92.0203576018918,92.0203576018918,86.10635368374842,3.498301833224988,96.18142947485372,6.035997724115713e-12,9.133998158350948,,,0.7601155823722708,0.6999999830808126,1.1221127958662098,43.29268137328967,1,3612936787.8228254,4.202364291102627,6.559797686150769,0.6406240698512361,2.0485418014377634,4,8,1487995639.6817589,0.4415469927993327,0.0,2.4,1.62,1701220205.75292,1.8928627572905346e-08,9.133998158350948,1.0,-0.28099755430343976,4,92.02036823649193,92.02035760189177,local__potential_shape__A3__ct1e-06__p4
fixed_RAR,invariant,UGC02487,77,outer_holdout,55.26,332.0,2.19,302.6027824337294,302.6027824337294,288.32979741464,2.759955591867094,348.43476001727,1.924546041576797e-11,50.88351815217078,,,0.6871116287120359,0.9673038783821064,0.9208019933436624,42.5949229635231,2,360915967135.36066,9.709602740122527,18.72267748220777,0.5186011856129872,20.47470705431001,0,0,284164341752.8139,0.0840738491417825,0.2911057973798603,9.63,7.89,29956273670.043373,3.3330849578131294e-07,50.443932855596564,0.9913609492319378,0.051013402593696355,4,303.51871251132604,302.6027824337294,local__potential_shape__A3__ct1e-06__p4
fixed_RAR,invariant,UGC02487,77,outer_holdout,60.28,330.0,1.61,301.0890904284994,301.0890904284994,286.5928709241903,2.440294133331284,346.69180542068466,1.632817516169113e-11,55.505944158755966,,,0.6871116287120359,0.9673038783821064,0.9208019933436624,42.5949229635231,2,360915967135.36066,9.709602740122527,18.72267748220777,0.5186011856129872,20.47470705431001,0,0,284164341752.8139,0.0840738491417825,0.2911057973798603,9.63,7.89,27427993613.66017,3.051775863167728e-07,54.43846160023429,0.9807681397965504,0.024284334122398832,4,301.7321913642017,301.0890904284994,local__potential_shape__A3__ct1e-06__p4
fixed_RAR,invariant,UGC02487,77,outer_holdout,65.31,329.0,2.2,298.7065505185748,298.7065505185748,285.7244076789655,2.765947486161495,343.9484079044112,1.384958985136243e-11,60.137578185274585,,,0.6871116287120359,0.9673038783821064,0.9208019933436624,42.5949229635231,2,360915967135.36066,9.709602740122527,18.72267748220777,0.5186011856129872,20.47470705431001,0,0,284164341752.8139,0.0840738491417825,0.2911057973798603,9.63,7.89,25278753135.005333,2.8126406092629265e-07,59.151830849953356,0.9836084630431193,-0.04010611754745241,4,299.16812811136714,298.7065505185748,local__potential_shape__A3__ct1e-06__p4
fixed_RAR,invariant,UGC02487,77,outer_holdout,70.33,330.0,3.53,296.82843307558505,296.82843307558505,286.5928709241903,3.660377681751642,341.7858322821077,1.1919146765679079e-11,64.76000419185976,,,0.6871116287120359,0.9673038783821064,0.9208019933436624,42.5949229635231,2,360915967135.36066,9.709602740122527,18.72267748220777,0.5186011856129872,20.47470705431001,0,0,284164341752.8139,0.0840738491417825,0.2911057973798603,9.63,7.89,23446156042.670704,2.6087366835119447e-07,63.749376036682264,0.9843942543273564,-0.0678359273207434,4,297.1684956866751,296.828433075585,local__potential_shape__A3__ct1e-06__p4
fixed_RAR,invariant,UGC02487,77,outer_holdout,75.35,332.0,13.4,294.7397523942996,294.7397523942996,288.32979741464,11.808016471681498,339.38080168032934,1.0308408797890927e-11,69.38243019844495,,,0.6871116287120359,0.9673038783821064,0.9208019933436624,42.5949229635231,2,360915967135.36066,9.709602740122527,18.72267748220777,0.5186011856129872,20.47470705431001,0,0,284164341752.8139,0.0840738491417825,0.2911057973798603,9.63,7.89,21865060633.110577,2.432816093904625e-07,68.73983856434543,0.9907384098213107,-0.12795269039929735,4,294.9954676934617,294.73975239429956,local__potential_shape__A3__ct1e-06__p4
fixed_RAR,invariant,UGC02487,77,outer_holdout,80.38,333.0,15.3,292.6588418395621,292.6588418395621,289.1982606598648,13.437162204143066,336.98471806230725,8.971989362451933e-12,74.01406422496358,,,0.6871116287120359,0.9673038783821064,0.9208019933436624,42.5949229635231,2,360915967135.36066,9.709602740122527,18.72267748220777,0.5186011856129872,20.47470705431001,0,0,284164341752.8139,0.0840738491417825,0.2911057973798603,9.63,7.89,20490546797.219875,2.2798808042495986e-07,74.01406422496358,1.0,-0.1694590614772551,4,292.8548530544899,292.6588418395621,local__potential_shape__A3__ct1e-06__p4
fixed_RAR,invariant,UGC02885,78,outer_holdout,54.58,298.0,10.0,290.2963857100347,290.2963857100347,293.58448202967,10.052786677647909,294.6624506292799,1.462866100276739e-11,55.02076516889104,,,0.4469522530486986,0.9930960205673066,1.0080755802288577,65.82682436353792,3,362506607317.43115,21.571121468269286,50.72462142370903,0.42525938810036734,20.51977583765116,4,5,277814093712.361,0.1918540175113819,0.1574254926115939,12.2,11.4,27874736002.14572,3.1014826575267254e-07,61.752656047873224,1.1223518222314441,0.9320680068558431,4,290.88794738023427,290.2963857100347,local__potential_shape__A3__ct1e-06__p4
fixed_RAR,invariant,UGC02885,78,outer_holdout,58.46,298.0,10.0,292.8791248837544,292.8791248837544,293.58448202967,10.052786677647909,297.2840342649255,1.3399308097538507e-11,58.93209842017901,,,0.4469522530486986,0.9930960205673066,1.0080755802288577,65.82682436353792,3,362506607317.43115,21.571121468269286,50.72462142370903,0.42525938810036734,20.51977583765116,4,5,277814093712.361,0.1918540175113819,0.1574254926115939,12.2,11.4,26185306384.713463,2.9135082616732607e-07,63.33222432203337,1.0746643343748252,0.435632399893052,4,293.34493976203373,292.8791248837544,local__potential_shape__A3__ct1e-06__p4
fixed_RAR,invariant,UGC02885,78,outer_holdout,62.34,298.0,10.0,292.3461566925064,292.3461566925064,293.58448202967,10.052786677647909,296.74305021871874,1.1911066413445408e-11,62.84343167146698,,,0.4469522530486986,0.9930960205673066,1.0080755802288577,65.82682436353792,3,362506607317.43115,21.571121468269286,50.72462142370903,0.42525938810036734,20.51977583765116,4,5,277814093712.361,0.1918540175113819,0.1574254926115939,12.2,11.4,24660660811.568874,2.743868563431138e-07,67.09706423257781,1.0676861916667437,0.1911890757448873,4,292.7125495722437,292.3461566925063,local__potential_shape__A3__ct1e-06__p4
fixed_RAR,invariant,UGC02885,78,outer_holdout,66.21,298.0,10.0,292.1393781579016,292.1393781579016,293.58448202967,10.052786677647909,296.5331617297693,1.0695724872151368e-11,66.74468416695265,,,0.4469522530486986,0.9930960205673066,1.0080755802288577,65.82682436353792,3,362506607317.43115,21.571121468269286,50.72462142370903,0.42525938810036734,20.51977583765116,4,5,277814093712.361,0.1918540175113819,0.1574254926115939,12.2,11.4,23302003129.65805,2.5926975088375623e-07,70.60451727006135,1.0578298204760974,0.48082517942123104,4,292.4316221410266,292.13937815790166,local__potential_shape__A3__ct1e-06__p4
fixed_RAR,invariant,UGC02885,78,outer_holdout,70.19,298.0,10.0,294.5569701739024,294.5569701739024,293.58448202967,10.052786677647909,298.9871143903034,9.937469012582346e-12,70.7568249762635,,,0.4469522530486986,0.9930960205673066,1.0080755802288577,65.82682436353792,3,362506607317.43115,21.571121468269286,50.72462142370903,0.42525938810036734,20.51977583765116,4,5,277814093712.361,0.1918540175113819,0.1574254926115939,12.2,11.4,22025822306.840137,2.450703242433272e-07,71.82998877743442,1.015166929854907,0.5046075647006774,4,294.79243072832537,294.5569701739024,local__potential_shape__A3__ct1e-06__p4
fixed_RAR,invariant,UGC02885,78,outer_holdout,74.07,298.0,10.0,294.7859342621191,294.7859342621191,293.58448202967,10.052786677647909,299.21952210414736,9.062658018810556e-12,74.66815822755146,,,0.4469522530486986,0.9930960205673066,1.0080755802288577,65.82682436353792,3,362506607317.43115,21.571121468269286,50.72462142370903,0.42525938810036734,20.51977583765116,4,5,277814093712.361,0.1918540175113819,0.1574254926115939,12.2,11.4,20880532812.42593,2.3232726004175132e-07,74.66815822755146,1.0,0.07004727200842353,4,294.9764044309343,294.7859342621191,local__potential_shape__A3__ct1e-06__p4
fixed_RAR,invariant,UGC02916,79,outer_holdout,10.4,217.0,4.2,179.35823967169912,179.35823967169912,181.8955013297821,4.048991141858897,213.9730654371392,6.47010937438037e-11,8.381288181521413,,,0.5934249937655843,0.4090272651077093,0.8058930943770588,66.04793260842519,4,72343668768.8031,9.75072107594669,16.692285940093385,0.5841453418028459,9.166740000079628,3,2,128782630217.13396,0.2403514351882046,0.752386217632439,2.8,6.15,28685670571.20348,3.1917112968985183e-07,14.368215699581265,1.7143206853642725,0.6640491859700433,2,180.6217283385573,179.35823967169915,local__potential_shape__A3__ct1e-06__p4
fixed_RAR,invariant,UGC02916,79,outer_holdout,10.71,216.0,3.16,179.7337308326277,179.7337308326277,181.057273213055,3.319057989386302,214.42102364020536,6.227818612172382e-11,8.631115040778301,,,0.5934249937655843,0.4090272651077093,0.8058930943770588,66.04793260842519,4,72343668768.8031,9.75072107594669,16.692285940093385,0.5841453418028459,9.166740000079628,3,2,128782630217.13396,0.2403514351882046,0.752386217632439,2.8,6.15,28196343491.645687,3.1372663166486655e-07,14.672573450868429,1.6999626793927365,0.6782044093649802,2,180.91673861744124,179.7337308326277,local__potential_shape__A3__ct1e-06__p4
fixed_RAR,invariant,UGC02916,79,outer_holdout,11.12,215.0,6.72,180.11523293488565,180.11523293488565,180.2190450963279,5.977414401155457,214.87615285222407,5.919754174855116e-11,8.961531209472893,,,0.5934249937655843,0.4090272651077093,0.8058930943770588,66.04793260842519,4,72343668768.8031,9.75072107594669,16.692285940093385,0.5841453418028459,9.166740000079628,3,2,128782630217.13396,0.2403514351882046,0.752386217632439,2.8,6.15,27577316982.551506,3.068390328644434e-07,15.097248145052012,1.6846728301401535,0.6610540657844268,2,181.20120624179222,180.11523293488565,local__potential_shape__A3__ct1e-06__p4
fixed_RAR,invariant,UGC02916,79,outer_holdout,12.67,212.0,1.82,181.95894279470488,181.95894279470488,177.7043607461466,2.515428314775738,217.07568520269933,4.9966492837216195e-11,10.210665505757335,,,0.5934249937655843,0.4090272651077093,0.8058930943770588,66.04793260842519,4,72343668768.8031,9.75072107594669,16.692285940093385,0.5841453418028459,9.166740000079628,3,2,128782630217.13396,0.2403514351882046,0.752386217632439,2.8,6.15,25482382567.533478,2.8352974392145873e-07,16.527631414837078,1.6186634853054278,0.7433414106676537,2,182.76132290920117,181.95894279470488,local__potential_shape__A3__ct1e-06__p4
fixed_RAR,invariant,UGC02916,79,outer_holdout,12.98,211.0,16.6,182.3923993067033,182.3923993067033,176.86613262941947,14.057585997607877,217.592795644772,4.8480711755266894e-11,10.460492365014224,,,0.5934249937655843,0.4090272651077093,0.8058930943770588,66.04793260842519,4,72343668768.8031,9.75072107594669,16.692285940093385,0.5841453418028459,9.166740000079628,3,2,128782630217.13396,0.2403514351882046,0.752386217632439,2.8,6.15,25102977015.792118,2.79308287837338e-07,16.78053086902935,1.6041817424534328,0.7570291821784778,2,183.15022950267766,182.3923993067033,local__potential_shape__A3__ct1e-06__p4
fixed_RAR,invariant,UGC02916,79,outer_holdout,15.86,209.0,8.38,186.8592731114086,186.8592731114086,175.18967639596525,7.303527617236194,222.92174335669836,3.81586016746096e-11,12.781464476820153,,,0.5934249937655843,0.4090272651077093,0.8058930943770588,66.04793260842519,4,72343668768.8031,9.75072107594669,16.692285940093385,0.5841453418028459,9.166740000079628,3,2,128782630217.13396,0.2403514351882046,0.752386217632439,2.8,6.15,22027571891.575127,2.4508979099886176e-07,18.707839294452832,1.4636694667016026,0.8866864433461501,2,187.32110216546698,186.85927311140864,local__potential_shape__A3__ct1e-06__p4
fixed_RAR,invariant,UGC02916,79,outer_holdout,19.05,215.0,13.2,193.00860579000943,193.00860579000943,180.2190450963279,11.243914785210126,230.2578521746788,3.1543436120618477e-11,15.35226344788297,,,0.5934249937655843,0.4090272651077093,0.8058930943770588,66.04793260842519,4,72343668768.8031,9.75072107594669,16.692285940093385,0.5841453418028459,9.166740000079628,3,2,128782630217.13396,0.2403514351882046,0.752386217632439,2.8,6.15,19279280970.21785,2.145109305218635e-07,19.807573989322194,1.290205451239413,0.9693747933499139,2,193.2890888556145,193.00860579000943,local__potential_shape__A3__ct1e-06__p4
fixed_RAR,invariant,UGC02916,79,outer_holdout,22.14,215.0,13.9,198.48256760467257,198.48256760467257,180.2190450963279,11.821778294468322,236.7882485016791,2.704376458392868e-11,17.84247310950808,,,0.5934249937655843,0.4090272651077093,0.8058930943770588,66.04793260842519,4,72343668768.8031,9.75072107594669,16.692285940093385,0.5841453418028459,9.166740000079628,3,2,128782630217.13396,0.2403514351882046,0.752386217632439,2.8,6.15,17037124281.41267,1.895635728670627e-07,20.416373375659283,1.1442569228129926,0.8041524727973979,2,198.65866590632456,198.48256760467257,local__potential_shape__A3__ct1e-06__p4
fixed_RAR,invariant,UGC02916,79,outer_holdout,25.34,210.0,10.6,200.95277073199384,200.95277073199384,176.02790451269237,9.10752982814174,239.7351827288037,2.2537271373367336e-11,20.42133101151467,,,0.5934249937655843,0.4090272651077093,0.8058930943770588,66.04793260842519,4,72343668768.8031,9.75072107594669,16.692285940093385,0.5841453418028459,9.166740000079628,3,2,128782630217.13396,0.2403514351882046,0.752386217632439,2.8,6.15,15073886387.900497,1.6771960534443366e-07,21.67571131750823,1.0614250023804164,0.46654017733476394,2,201.06209938307336,200.95277073199384,local__potential_shape__A3__ct1e-06__p4
fixed_RAR,invariant,UGC02916,79,outer_holdout,28.53,196.0,12.8,200.83549096881865,200.83549096881865,164.29271087851288,10.914133286252255,239.59526883086244,1.84353193243988e-11,22.992129982577488,,,0.5934249937655843,0.4090272651077093,0.8058930943770588,66.04793260842519,4,72343668768.8031,9.75072107594669,16.692285940093385,0.5841453418028459,9.166740000079628,3,2,128782630217.13396,0.2403514351882046,0.752386217632439,2.8,6.15,13457433954.071579,1.4973414643335612e-07,23.657075030807924,1.0289205501506082,0.15594320378750126,2,200.9049289119211,200.83549096881865,local__potential_shape__A3__ct1e-06__p4
fixed_RAR,invariant,UGC02916,79,outer_holdout,31.72,185.0,11.5,199.12345700497843,199.12345700497843,155.0722015945147,9.84491433089212,237.55282485925613,1.494878754247878e-11,25.562928953640306,,,0.5934249937655843,0.4090272651077093,0.8058930943770588,66.04793260842519,4,72343668768.8031,9.75072107594669,16.692285940093385,0.5841453418028459,9.166740000079628,3,2,128782630217.13396,0.2403514351882046,0.752386217632439,2.8,6.15,12140578556.598587,1.3508215411522776e-07,26.319817200086426,1.0296088233010692,0.11063779560225839,2,199.16906976167644,199.12345700497843,local__potential_shape__A3__ct1e-06__p4
fixed_RAR,invariant,UGC02916,79,outer_holdout,34.91,182.0,10.8,198.65664643290935,198.65664643290935,152.55751724433338,9.271156371152795,236.99592326796648,1.256919882374318e-11,28.13372792470312,,,0.5934249937655843,0.4090272651077093,0.8058930943770588,66.04793260842519,4,72343668768.8031,9.75072107594669,16.692285940093385,0.5841453418028459,9.166740000079628,3,2,128782630217.13396,0.2403514351882046,0.752386217632439,2.8,6.15,11053356814.129017,1.2298518078821297e-07,28.499421756620936,1.0129984136086252,0.17375838287517809,2,198.68791781049285,198.65664643290938,local__potential_shape__A3__ct1e-06__p4
fixed_RAR,invariant,UGC02916,79,outer_holdout,38.0,181.0,10.3,198.1813982484644,198.1813982484644,151.7192891276063,8.862371702599079,236.42895566695043,1.0751993941835828e-11,30.623937586328235,,,0.5934249937655843,0.4090272651077093,0.8058930943770588,66.04793260842519,4,72343668768.8031,9.75072107594669,16.692285940093385,0.5841453418028459,9.166740000079628,3,2,128782630217.13396,0.2403514351882046,0.752386217632439,2.8,6.15,10160160936.470718,1.1304703635477929e-07,30.623937586328235,1.0,0.14382594460448672,2,198.2036708317336,198.1813982484644,local__potential_shape__A3__ct1e-06__p4
fixed_RAR,invariant,UGC02953,80,outer_holdout,18.03,294.0,1.15,248.4849123648187,248.4849123648187,247.5643917644561,2.2221001471484074,295.09318248306124,8.897245337380194e-11,12.983371921515928,,,0.6836663053125958,0.6750964047345022,0.7200982762904008,65.46824016020905,0,109815494803.54543,4.254451950187743,7.394985922534422,0.5753157605376009,11.293965588023385,2,2,138684699843.67355,0.0736327800507968,0.1975517798271925,5.03,3.55,34136506163.883423,3.798198549671958e-07,12.434059980915185,0.9576911187693523,0.056161907707974024,4,248.73327993350097,248.48491236481874,local__potential_shape__A3__ct1e-06__p4
fixed_RAR,invariant,UGC02953,80,outer_holdout,19.23,294.0,0.59,245.90651471781592,245.90651471781592,247.5643917644561,2.0607821458551983,292.03115525525186,7.848307335727459e-11,13.847489853064408,,,0.6836663053125958,0.6750964047345022,0.7200982762904008,65.46824016020905,0,109815494803.54543,4.254451950187743,7.394985922534422,0.5753157605376009,11.293965588023385,2,2,138684699843.67355,0.0736327800507968,0.1975517798271925,5.03,3.55,31908422103.172424,3.5502907641677315e-07,13.175854243127077,0.951497663687495,0.013182320739133502,4,246.09507947527356,245.90651471781595,local__potential_shape__A3__ct1e-06__p4
fixed_RAR,invariant,UGC02953,80,outer_holdout,20.43,294.0,0.5,243.2579367568944,243.2579367568944,247.5643917644561,2.0438357256242004,288.8857840047216,6.943158821620697e-11,14.711607784612887,,,0.6836663053125958,0.6750964047345022,0.7200982762904008,65.46824016020905,0,109815494803.54543,4.254451950187743,7.394985922534422,0.5753157605376009,11.293965588023385,2,2,138684699843.67355,0.0736327800507968,0.1975517798271925,5.03,3.55,29940112621.760796,3.33128679868538e-07,13.974805906223718,0.9499169710628228,-0.03237172398257826,4,243.40305320997325,243.2579367568944,local__potential_shape__A3__ct1e-06__p4
fixed_RAR,invariant,UGC02953,80,outer_holdout,21.64,292.0,1.21,240.815470604574,240.815470604574,245.8802802558544,2.2445782814719357,285.98518491749337,6.174195640530829e-11,15.582926698924274,,,0.6836663053125958,0.6750964047345022,0.7200982762904008,65.46824016020905,0,109815494803.54543,4.254451950187743,7.394985922534422,0.5753157605376009,11.293965588023385,2,2,138684699843.67355,0.0736327800507968,0.1975517798271925,5.03,3.55,28179753336.50392,3.135420412943823e-07,14.79129692539853,0.9491989028235376,-0.05835289190588355,4,240.92851144256508,240.815470604574,local__potential_shape__A3__ct1e-06__p4
fixed_RAR,invariant,UGC02953,80,outer_holdout,22.84,290.0,1.21,238.50017645288057,238.50017645288057,244.1961687472526,2.2445782814719357,283.2356114600734,5.519896585957415e-11,16.447044630472753,,,0.6836663053125958,0.6750964047345022,0.7200982762904008,65.46824016020905,0,109815494803.54543,4.254451950187743,7.394985922534422,0.5753157605376009,11.293965588023385,2,2,138684699843.67355,0.0736327800507968,0.1975517798271925,5.03,3.55,26623115810.158604,2.9622211298494947e-07,15.630662820302785,0.9503630087646633,-0.10851259663400015,4,238.5895467179221,238.50017645288057,local__potential_shape__A3__ct1e-06__p4
fixed_RAR,invariant,UGC02953,80,outer_holdout,24.04,287.0,0.81,236.1646802954532,236.1646802954532,241.67000148435,2.113105033789785,280.4620467103539,4.947051602426336e-11,17.311162562021234,,,0.6836663053125958,0.6750964047345022,0.7200982762904008,65.46824016020905,0,109815494803.54543,4.254451950187743,7.394985922534422,0.5753157605376009,11.293965588023385,2,2,138684699843.67355,0.0736327800507968,0.1975517798271925,5.03,3.55,25229713774.14141,2.807184244501519e-07,16.5278109971088,0.9547487603963111,-0.17412161234108225,4,236.23616139390364,236.16468029545317,local__potential_shape__A3__ct1e-06__p4
fixed_RAR,invariant,UGC02953,80,outer_holdout,25.24,283.0,1.08,233.8034242995525,233.8034242995525,238.30177846714653,2.197053737805439,277.65789035391265,4.4428475104582765e-11,18.17528049356972,,,0.6836663053125958,0.6750964047345022,0.7200982762904008,65.46824016020905,0,109815494803.54543,4.254451950187743,7.394985922534422,0.5753157605376009,11.293965588023385,2,2,138684699843.67355,0.0736327800507968,0.1975517798271925,5.03,3.55,23979607075.141174,2.6680911156299574e-07,17.49162306273147,0.9623853160846612,-0.2072783876384392,4,233.86124075004437,233.80342429955252,local__potential_shape__A3__ct1e-06__p4
fixed_RAR,invariant,UGC02953,80,outer_holdout,26.44,279.0,1.87,231.646677995514,231.646677995514,234.93355544994304,2.5454870943023544,275.0966035352873,4.00984101569864e-11,19.0393984251182,,,0.6836663053125958,0.6750964047345022,0.7200982762904008,65.46824016020905,0,109815494803.54543,4.254451950187743,7.394985922534422,0.5753157605376009,11.293965588023385,2,2,138684699843.67355,0.0736327800507968,0.1975517798271925,5.03,3.55,22854132353.447075,2.54286516441197e-07,18.470856704618555,0.9701386720417814,-0.18263566050586633,4,231.69398330726565,231.64667799551404,local__potential_shape__A3__ct1e-06__p4
fixed_RAR,invariant,UGC02953,80,outer_holdout,27.65,276.0,1.55,229.81271987077804,229.81271987077804,232.40738818704045,2.388202585371744,272.9186502164377,3.640659379189256e-11,19.91071733942958,,,0.6836663053125958,0.6750964047345022,0.7200982762904008,65.46824016020905,0,109815494803.54543,4.254451950187743,7.394985922534422,0.5753157605376009,11.293965588023385,2,2,138684699843.67355,0.0736327800507968,0.1975517798271925,5.03,3.55,21826840884.351715,2.4285635733447347e-07,19.429440253692963,0.9758282397599238,-0.15284163443141097,4,229.85179261002688,229.81271987077807,local__potential_shape__A3__ct1e-06__p4
fixed_RAR,invariant,UGC02953,80,outer_holdout,28.85,273.0,1.9,228.17347395346576,228.17347395346576,229.8812209241378,2.561190932944646,270.97193123857943,3.3232064224787405e-11,20.774835270978063,,,0.6836663053125958,0.6750964047345022,0.7200982762904008,65.46824016020905,0,109815494803.54543,4.254451950187743,7.394985922534422,0.5753157605376009,11.293965588023385,2,2,138684699843.67355,0.0736327800507968,0.1975517798271925,5.03,3.55,20899365075.73503,2.3253679723001618e-07,20.380987783918574,0.9810420885690639,-0.1414648541473298,4,228.20610114995037,228.17347395346576,local__potential_shape__A3__ct1e-06__p4
fixed_RAR,invariant,UGC02953,80,outer_holdout,30.05,271.0,1.12,226.69380489427056,226.69380489427056,228.1971094155361,2.2112083170564816,269.2147209212843,3.046201461512692e-11,21.638953202526544,,,0.6836663053125958,0.6750964047345022,0.7200982762904008,65.46824016020905,0,109815494803.54543,4.254451950187743,7.394985922534422,0.5753157605376009,11.293965588023385,2,2,138684699843.67355,0.0736327800507968,0.1975517798271925,5.03,3.55,20050985428.556747,2.2309730061013952e-07,21.331753375743272,0.9858033878114121,-0.10436689975972513,4,226.72128149173568,226.69380489427058,local__potential_shape__A3__ct1e-06__p4
fixed_RAR,invariant,UGC02953,80,outer_holdout,31.25,270.0,1.41,225.4889519664733,225.4889519664733,227.3550536612352,2.3258714491070958,267.7838739475022,2.8085643631038223e-11,22.503071134075025,,,0.6836663053125958,0.6750964047345022,0.7200982762904008,65.46824016020905,0,109815494803.54543,4.254451950187743,7.394985922534422,0.5753157605376009,11.293965588023385,2,2,138684699843.67355,0.0736327800507968,0.1975517798271925,5.03,3.55,19271066718.907963,2.1441953465005966e-07,22.236725185503193,0.98816401783628,-0.049826409228671764,4,225.5122806413484,225.4889519664733,local__potential_shape__A3__ct1e-06__p4
fixed_RAR,invariant,UGC02953,80,outer_holdout,32.34,268.0,1.76,224.5774465931267,224.5774465931267,225.67094215263344,2.489252444097365,266.7013976759595,2.619879270468261e-11,23.287978255231565,,,0.6836663053125958,0.6750964047345022,0.7200982762904008,65.46824016020905,0,109815494803.54543,4.254451950187743,7.394985922534422,0.5753157605376009,11.293965588023385,2,2,138684699843.67355,0.0736327800507968,0.1975517798271925,5.03,3.55,18614085627.48558,2.0710963416808686e-07,23.025543151351904,0.9887308764632368,-0.01913582812039749,4,224.5976766148244,224.57744659312667,local__potential_shape__A3__ct1e-06__p4
fixed_RAR,invariant,UGC02953,80,outer_holdout,33.55,267.0,1.81,223.6822981750718,223.6822981750718,224.82888639833257,2.51454659221258,265.63834643085744,2.4334902065070034e-11,24.159297169542945,,,0.6836663053125958,0.6750964047345022,0.7200982762904008,65.46824016020905,0,109815494803.54543,4.254451950187743,7.394985922534422,0.5753157605376009,11.293965588023385,2,2,138684699843.67355,0.0736327800507968,0.1975517798271925,5.03,3.55,17935220377.30224,1.9955623958139337e-07,23.885072804057888,0.9886493235477576,-0.0284731806302716,4,223.69966957103924,223.6822981750718,local__potential_shape__A3__ct1e-06__p4
fixed_RAR,invariant,UGC02953,80,outer_holdout,34.75,266.0,2.18,222.76770563738515,222.76770563738515,223.9868306440317,2.714724061919054,264.55220393611734,2.2645866688549354e-11,25.023415101091427,,,0.6836663053125958,0.6750964047345022,0.7200982762904008,65.46824016020905,0,109815494803.54543,4.254451950187743,7.394985922534422,0.5753157605376009,11.293965588023385,2,2,138684699843.67355,0.0736327800507968,0.1975517798271925,5.03,3.55,17309277094.191437,1.9259168129099715e-07,24.770766115334183,0.9899034969952513,-0.06514753636338355,4,222.782717601322,222.76770563738515,local__potential_shape__A3__ct1e-06__p4
fixed_RAR,invariant,UGC02953,80,outer_holdout,35.95,265.0,3.01,221.8324172389297,221.8324172389297,223.14477488973083,3.228642968733348,263.4414836617431,2.1099909510743518e-11,25.88753303263991,,,0.6836663053125958,0.6750964047345022,0.7200982762904008,65.46824016020905,0,109815494803.54543,4.254451950187743,7.394985922534422,0.5753157605376009,11.293965588023385,2,2,138684699843.67355,0.0736327800507968,0.1975517798271925,5.03,3.55,16726420214.464127,1.8610652389199889e-07,25.690459094138923,0.9923873032531717,-0.0843788656493416,4,221.84545445491102,221.8324172389297,local__potential_shape__A3__ct1e-06__p4
fixed_RAR,invariant,UGC02953,80,outer_holdout,37.15,264.0,2.04,220.94842086709912,220.94842086709912,222.30271913543,2.636439896711168,262.3916762501608,1.9703126560701088e-11,26.75165096418839,,,0.6836663053125958,0.6750964047345022,0.7200982762904008,65.46824016020905,0,109815494803.54543,4.254451950187743,7.394985922534422,0.5753157605376009,11.293965588023385,2,2,138684699843.67355,0.0736327800507968,0.1975517798271925,5.03,3.55,16182750764.028988,1.800573854469859e-07,26.617462645197058,0.9949839238269457,-0.07275130116295259,4,220.95980012997254,220.94842086709914,local__potential_shape__A3__ct1e-06__p4
fixed_RAR,invariant,UGC02953,80,outer_holdout,38.35,264.0,1.58,220.17123211247028,220.17123211247028,222.30271913543,2.402101605878061,261.4687103412417,1.8454147951945968e-11,27.61576889573687,,,0.6836663053125958,0.6750964047345022,0.7200982762904008,65.46824016020905,0,109815494803.54543,4.254451950187743,7.394985922534422,0.5753157605376009,11.293965588023385,2,2,138684699843.67355,0.0736327800507968,0.1975517798271925,5.03,3.55,15674309962.586277,1.744002185847341e-07,27.52604955555513,0.9967511554532312,-0.04027868535104062,4,220.18121334443936,220.17123211247025,local__potential_shape__A3__ct1e-06__p4
fixed_RAR,invariant,UGC02953,80,outer_holdout,39.56,264.0,3.23,219.51202551477868,219.51202551477868,222.30271913543,3.3760228221301807,260.68585648112065,1.7331191448922572e-11,28.48708781004826,,,0.6836663053125958,0.6750964047345022,0.7200982762904008,65.46824016020905,0,109815494803.54543,4.254451950187743,7.394985922534422,0.5753157605376009,11.293965588023385,2,2,138684699843.67355,0.0736327800507968,0.1975517798271925,5.03,3.55,15193482086.464481,1.6905028695154353e-07,28.4104657348408,0.9973102875338338,0.01460456445715863,4,219.520811806739,219.51202551477868,local__potential_shape__A3__ct1e-06__p4
fixed_RAR,invariant,UGC02953,80,outer_holdout,40.76,264.0,2.94,219.03083356658576,219.03083356658576,222.30271913543,3.1825795837607123,260.11440744614265,1.6349598021131125e-11,29.351205741596736,,,0.6836663053125958,0.6750964047345022,0.7200982762904008,65.46824016020905,0,109815494803.54543,4.254451950187743,7.394985922534422,0.5753157605376009,11.293965588023385,2,2,138684699843.67355,0.0736327800507968,0.1975517798271925,5.03,3.55,14744643928.982235,1.640562889407273e-07,29.226490225336647,0.9957509235784702,0.044244069199976366,4,219.0386103767069,219.03083356658578,local__potential_shape__A3__ct1e-06__p4
fixed_RAR,invariant,UGC02953,80,outer_holdout,41.96,264.0,1.62,218.562056564496,218.562056564496,222.30271913543,2.420919563990285,259.5577020264653,1.5445614815445673e-11,30.215323673145217,,,0.6836663053125958,0.6750964047345022,0.7200982762904008,65.46824016020905,0,109815494803.54543,4.254451950187743,7.394985922534422,0.5753157605376009,11.293965588023385,2,2,138684699843.67355,0.0736327800507968,0.1975517798271925,5.03,3.55,14320924365.990364,1.593417729855881e-07,30.04798167347124,0.9944616843597572,0.012738106986489584,4,218.56896299289235,218.56205656449595,local__potential_shape__A3__ct1e-06__p4
fixed_RAR,invariant,UGC02953,80,outer_holdout,43.16,264.0,2.15,218.02553465426436,218.02553465426436,222.30271913543,2.6977064540116227,258.92054479846547,1.4593114230997827e-11,31.07944160469369,,,0.6836663053125958,0.6750964047345022,0.7200982762904008,65.46824016020905,0,109815494803.54543,4.254451950187743,7.394985922534422,0.5753157605376009,11.293965588023385,2,2,138684699843.67355,0.0736327800507968,0.1975517798271925,5.03,3.55,13920610581.686058,1.5488768144013588e-07,30.914324218555464,0.9946872473373752,-0.023994843218360984,4,218.03168593816252,218.02553465426433,local__potential_shape__A3__ct1e-06__p4
fixed_RAR,invariant,UGC02953,80,outer_holdout,44.36,262.0,4.45,217.4821412224119,217.4821412224119,220.61860762682824,4.247483835529844,258.275227158776,1.3801313372189471e-11,31.94355953624218,,,0.6836663053125958,0.6750964047345022,0.7200982762904008,65.46824016020905,0,109815494803.54543,4.254451950187743,7.394985922534422,0.5753157605376009,11.293965588023385,2,2,138684699843.67355,0.0736327800507968,0.1975517798271925,5.03,3.55,13542203976.057888,1.5067734013050343e-07,31.79936068075611,0.9954858238224057,0.004099175563624158,4,217.4876370486258,217.4821412224119,local__potential_shape__A3__ct1e-06__p4
fixed_RAR,invariant,UGC02953,80,outer_holdout,45.57,260.0,7.43,217.09066223321489,217.09066223321489,218.9344961182265,6.568368906864485,257.8103185263042,1.3092803018904316e-11,32.814878450553564,,,0.6836663053125958,0.6750964047345022,0.7200982762904008,65.46824016020905,0,109815494803.54543,4.254451950187743,7.394985922534422,0.5753157605376009,11.293965588023385,2,2,138684699843.67355,0.0736327800507968,0.1975517798271925,5.03,3.55,13180791498.222836,1.4665608399328695e-07,32.62558525034593,0.9942314825120298,0.05479128003457845,4,217.09558583136803,217.09066223321489,local__potential_shape__A3__ct1e-06__p4
fixed_RAR,invariant,UGC02953,80,outer_holdout,46.77,258.0,7.22,216.7655447278676,216.7655447278676,217.25038460962477,6.400160426721284,257.4242187892182,1.2451375882098156e-11,33.67899638210205,,,0.6836663053125958,0.6750964047345022,0.7200982762904008,65.46824016020905,0,109815494803.54543,4.254451950187743,7.394985922534422,0.5753157605376009,11.293965588023385,2,2,138684699843.67355,0.0736327800507968,0.1975517798271925,5.03,3.55,12840346500.017353,1.4286812252992192e-07,33.42018536792707,0.9923153584733149,0.04023121946033825,4,216.7699725805952,216.7655447278676,local__potential_shape__A3__ct1e-06__p4
fixed_RAR,invariant,UGC02953,80,outer_holdout,47.97,257.0,5.37,216.37394574033,216.37394574033,216.40832885532387,4.944393953234256,256.9591676503388,1.1840319104287931e-11,34.54311431365053,,,0.6836663053125958,0.6750964047345022,0.7200982762904008,65.46824016020905,0,109815494803.54543,4.254451950187743,7.394985922534422,0.5753157605376009,11.293965588023385,2,2,138684699843.67355,0.0736327800507968,0.1975517798271925,5.03,3.55,12516593633.805803,1.3926588608254392e-07,34.25880423116223,0.9917694137272405,0.0004437200159372878,4,216.3779365729262,216.37394574033004,local__potential_shape__A3__ct1e-06__p4
fixed_RAR,invariant,UGC02953,80,outer_holdout,49.17,258.0,5.43,215.9619485341807,215.9619485341807,217.25038460962477,4.99064134953325,256.469892202668,1.1265965847080414e-11,35.40723224519901,,,0.6836663053125958,0.6750964047345022,0.7200982762904008,65.46824016020905,0,109815494803.54543,4.254451950187743,7.394985922534422,0.5753157605376009,11.293965588023385,2,2,138684699843.67355,0.0736327800507968,0.1975517798271925,5.03,3.55,12208636861.649342,1.3583940488452412e-07,35.11949000256705,0.9918733483419625,0.0029358342455907405,4,215.9655541192416,215.9619485341807,local__potential_shape__A3__ct1e-06__p4
fixed_RAR,invariant,UGC02953,80,outer_holdout,50.37,260.0,6.47,215.6147159324616,215.6147159324616,218.9344961182265,5.803602464658105,256.05752924457937,1.0740223111538151e-11,36.27135017674749,,,0.6836663053125958,0.6750964047345022,0.7200982762904008,65.46824016020905,0,109815494803.54543,4.254451950187743,7.394985922534422,0.5753157605376009,11.293965588023385,2,2,138684699843.67355,0.0736327800507968,0.1975517798271925,5.03,3.55,11915335516.78518,1.32575987306487e-07,35.95360372736994,0.9912397402404598,0.029725333161877643,4,215.61798216682527,215.61471593246165,local__potential_shape__A3__ct1e-06__p4
fixed_RAR,invariant,UGC02953,80,outer_holdout,51.58,263.0,5.75,215.3154017808676,215.3154017808676,221.4606633811291,5.238628312728853,255.7020727916482,1.0252271895392764e-11,37.14266909105887,,,0.6836663053125958,0.6750964047345022,0.7200982762904008,65.46824016020905,0,109815494803.54543,4.254451950187743,7.394985922534422,0.5753157605376009,11.293965588023385,2,2,138684699843.67355,0.0736327800507968,0.1975517798271925,5.03,3.55,11633209217.803728,1.294369088827279e-07,36.77298445408358,0.9900469016895642,-0.005697637292541913,4,215.3183654495623,215.31540178086755,local__potential_shape__A3__ct1e-06__p4
fixed_RAR,invariant,UGC02953,80,outer_holdout,52.78,265.0,5.54,214.9032571281797,214.9032571281797,223.14477488973083,5.075639983251173,255.21262224091825,9.779857067453463e-12,38.00678702260736,,,0.6836663053125958,0.6750964047345022,0.7200982762904008,65.46824016020905,0,109815494803.54543,4.254451950187743,7.394985922534422,0.5753157605376009,11.293965588023385,2,2,138684699843.67355,0.0736327800507968,0.1975517798271925,5.03,3.55,11366215600.376696,1.2646620424876644e-07,37.66455466884616,0.9909954936849138,-0.06775808125485128,4,214.90595284353083,214.90325712817975,local__potential_shape__A3__ct1e-06__p4
fixed_RAR,invariant,UGC02953,80,outer_holdout,53.98,266.0,4.43,214.46390537981875,214.46390537981875,223.9868306440317,4.232633961403719,254.69086136449536,9.332243267221316e-12,38.87090495415583,,,0.6836663053125958,0.6750964047345022,0.7200982762904008,65.46824016020905,0,109815494803.54543,4.254451950187743,7.394985922534422,0.5753157605376009,11.293965588023385,2,2,138684699843.67355,0.0736327800507968,0.1975517798271925,5.03,3.55,11111483051.237846,1.2363192239798623e-07,38.58650392660163,0.9926834472238394,-0.06800263702166376,4,214.46636246187705,214.46390537981873,local__potential_shape__A3__ct1e-06__p4
fixed_RAR,invariant,UGC02953,80,outer_holdout,55.18,266.0,4.71,214.08416781950476,214.08416781950476,223.9868306440317,4.441825211767405,254.23989649860084,8.920472012293099e-12,39.73502288570432,,,0.6836663053125958,0.6750964047345022,0.7200982762904008,65.46824016020905,0,109815494803.54543,4.254451950187743,7.394985922534422,0.5753157605376009,11.293965588023385,2,2,138684699843.67355,0.0736327800507968,0.1975517798271925,5.03,3.55,10868200228.06853,1.2092503592962398e-07,39.48382794556292,0.9936782485097858,-0.03665478864763827,4,214.08641274131872,214.08416781950467,local__potential_shape__A3__ct1e-06__p4
fixed_RAR,invariant,UGC02953,80,outer_holdout,57.59,262.0,5.28,213.48605146580684,213.48605146580684,220.61860762682824,4.875182004192494,253.52959156850213,8.187395200794247e-12,41.47045973156418,,,0.6836663053125958,0.6750964047345022,0.7200982762904008,65.46824016020905,0,109815494803.54543,4.254451950187743,7.394985922534422,0.5753157605376009,11.293965588023385,2,2,138684699843.67355,0.0736327800507968,0.1975517798271925,5.03,3.55,10410557515.229641,1.158330740286968e-07,41.20763485760735,0.9936623592875969,-0.05833686075038713,4,213.4879362717361,213.4860514658068,local__potential_shape__A3__ct1e-06__p4
fixed_RAR,invariant,UGC02953,80,outer_holdout,59.99,263.0,4.7,212.6891930826136,212.6891930826136,221.4606633811291,4.434308160708748,252.58326660234252,7.512099719407724e-12,43.198695594661146,,,0.6836663053125958,0.6750964047345022,0.7200982762904008,65.46824016020905,0,109815494803.54543,4.254451950187743,7.394985922534422,0.5753157605376009,11.293965588023385,2,2,138684699843.67355,0.0736327800507968,0.1975517798271925,5.03,3.55,9992328656.566269,1.1117965039834637e-07,43.107696879820665,0.9978934846622608,-0.08103808831879178,4,212.6907868522955,212.68919308261357,local__potential_shape__A3__ct1e-06__p4
fixed_RAR,invariant,UGC02953,80,outer_holdout,62.39,272.0,5.04,212.0716964121041,212.0716964121041,229.0391651698369,4.691610063054054,251.84994619290936,6.930350371044344e-12,44.92693145775811,,,0.6836663053125958,0.6750964047345022,0.7200982762904008,65.46824016020905,0,109815494803.54543,4.254451950187743,7.394985922534422,0.5753157605376009,11.293965588023385,2,2,138684699843.67355,0.0736327800507968,0.1975517798271925,5.03,3.55,9607546466.132242,1.0689837114079783e-07,44.92693145775811,1.0,-0.028600183550679503,4,212.07305458751392,212.0716964121041,local__potential_shape__A3__ct1e-06__p4
fixed_RAR,invariant,UGC03205,81,outer_holdout,15.5,221.0,13.6,217.87895955507275,217.87895955507275,215.2600491305552,13.396901699808254,223.6887441778263,5.282886227930605e-11,14.122534195737662,,,0.5862231662918187,1.2333500608998849,0.911131238434688,70.91775980162723,1,85377702209.71358,5.241112419140374,9.049602586341358,0.5791538765526377,9.958338394064342,-1,2,67890058002.85761,0.1895772426569183,0.2744889180202018,5.35,3.19,24787996089.6492,2.758036523860506e-07,15.206162103102985,1.076730414835347,0.2902024332902329,0,218.31773284457063,217.8789595550727,local__potential_shape__A3__ct1e-06__p4
fixed_RAR,invariant,UGC03205,81,outer_holdout,15.71,221.0,8.15,217.7531966426777,217.7531966426777,215.2600491305552,8.186389515736044,223.5596277730333,5.164900383619717e-11,14.313871755808949,,,0.5862231662918187,1.2333500608998849,0.911131238434688,70.91775980162723,1,85377702209.71358,5.241112419140374,9.049602586341358,0.5791538765526377,9.958338394064342,-1,2,67890058002.85761,0.1895772426569183,0.2744889180202018,5.35,3.19,24479595207.576515,2.72372229798799e-07,15.360018445718131,1.0730862136922967,0.30566805359376303,0,218.1704347235191,217.75319664267775,local__potential_shape__A3__ct1e-06__p4
fixed_RAR,invariant,UGC03205,81,outer_holdout,16.02,221.0,4.11,217.5235363161011,217.5235363161011,215.2600491305552,4.475045313511602,223.32384350940225,4.994440121688128e-11,14.5963224397237,,,0.5862231662918187,1.2333500608998849,0.911131238434688,70.91775980162723,1,85377702209.71358,5.241112419140374,9.049602586341358,0.5791538765526377,9.958338394064342,-1,2,67890058002.85761,0.1895772426569183,0.2744889180202018,5.35,3.19,24036941400.756424,2.6744704196909176e-07,15.597027890050962,1.0685587383027286,0.2728353548247924,0,217.91117043384938,217.5235363161011,local__potential_shape__A3__ct1e-06__p4
fixed_RAR,invariant,UGC03205,81,outer_holdout,16.32,221.0,5.37,217.28847653610995,217.28847653610995,215.2600491305552,5.599858261396261,223.0825158148864,4.8361067645874445e-11,14.869661811254106,,,0.5862231662918187,1.2333500608998849,0.911131238434688,70.91775980162723,1,85377702209.71358,5.241112419140374,9.049602586341358,0.5791538765526377,9.958338394064342,-1,2,67890058002.85761,0.1895772426569183,0.2744889180202018,5.35,3.19,23622425465.67485,2.628349301850555e-07,15.829896018048917,1.0645767347625927,0.3190463625905977,0,217.6498098665742,217.28847653610995,local__potential_shape__A3__ct1e-06__p4
fixed_RAR,invariant,UGC03205,81,outer_holdout,16.53,221.0,5.06,217.21399883389736,217.21399883389736,215.2600491305552,5.318917750365168,223.00605215033065,4.735589446283514e-11,15.060999371325392,,,0.5862231662918187,1.2333500608998849,0.911131238434688,70.91775980162723,1,85377702209.71358,5.241112419140374,9.049602586341358,0.5791538765526377,9.958338394064342,-1,2,67890058002.85761,0.1895772426569183,0.2744889180202018,5.35,3.19,23339882823.0073,2.596912193130396e-07,15.972543593326504,1.0605234884835464,0.34603025688988964,0,217.5583247279727,217.21399883389734,local__potential_shape__A3__ct1e-06__p4
fixed_RAR,invariant,UGC03205,81,outer_holdout,16.84,221.0,11.4,217.07574243499403,217.07574243499403,215.2600491305552,11.282591126001291,222.86410911779373,4.590885956133064e-11,15.343450055240144,,,0.5862231662918187,1.2333500608998849,0.911131238434688,70.91775980162723,1,85377702209.71358,5.241112419140374,9.049602586341358,0.5791538765526377,9.958338394064342,-1,2,67890058002.85761,0.1895772426569183,0.2744889180202018,5.35,3.19,22933509669.25235,2.551697081899983e-07,16.18912860841079,1.0551165839577148,0.4209915466053644,0,217.39661842342724,217.07574243499408,local__potential_shape__A3__ct1e-06__p4
fixed_RAR,invariant,UGC03205,81,outer_holdout,16.94,221.0,2.56,217.0823939068972,217.0823939068972,215.2600491305552,3.1964969069367752,222.87093795248245,4.5489495553045405e-11,15.434563179083614,,,0.5862231662918187,1.2333500608998849,0.911131238434688,70.91775980162723,1,85377702209.71358,5.241112419140374,9.049602586341358,0.5791538765526377,9.958338394064342,-1,2,67890058002.85761,0.1895772426569183,0.2744889180202018,5.35,3.19,22805029869.162582,2.537401776222819e-07,16.246842836267597,1.0526273175184353,0.4434358661396942,0,217.39618372918676,217.0823939068972,local__potential_shape__A3__ct1e-06__p4
fixed_RAR,invariant,UGC03205,81,outer_holdout,19.4,218.0,1.7,215.93000875917969,215.93000875917969,212.33796701566075,2.596502982240985,221.6878242317794,3.608366608847157e-11,17.675946025632943,,,0.5862231662918187,1.2333500608998849,0.911131238434688,70.91775980162723,1,85377702209.71358,5.241112419140374,9.049602586341358,0.5791538765526377,9.958338394064342,-1,2,67890058002.85761,0.1895772426569183,0.2744889180202018,5.35,3.19,20004038724.894596,2.2257494808552726e-07,17.96621059676464,1.016421444753835,0.2931114818462106,0,216.11516359774836,215.93000875917969,local__potential_shape__A3__ct1e-06__p4
fixed_RAR,invariant,UGC03205,81,outer_holdout,21.77,216.0,1.13,215.2314800166521,215.2314800166521,210.38991227239785,2.2828562086968223,220.9706690851457,2.964357801078091e-11,19.83532706072316,,,0.5862231662918187,1.2333500608998849,0.911131238434688,70.91775980162723,1,85377702209.71358,5.241112419140374,9.049602586341358,0.5791538765526377,9.958338394064342,-1,2,67890058002.85761,0.1895772426569183,0.2744889180202018,5.35,3.19,17825427187.488968,1.9833462559339295e-07,19.487618948597685,0.9824702607090363,0.20782945981761713,0,215.34796731655425,215.2314800166521,local__potential_shape__A3__ct1e-06__p4
fixed_RAR,invariant,UGC03205,81,outer_holdout,24.23,215.0,1.77,213.62168585152023,213.62168585152023,209.41588490076637,2.640506407638747,219.3179494470564,2.425871845774401e-11,22.076709907272487,,,0.5862231662918187,1.2333500608998849,0.911131238434688,70.91775980162723,1,85377702209.71358,5.241112419140374,9.049602586341358,0.5791538765526377,9.958338394064342,-1,2,67890058002.85761,0.1895772426569183,0.2744889180202018,5.35,3.19,15970972071.501295,1.7770102970586692e-07,21.335997452533668,0.9664482407999203,0.09576221167947097,0,213.69623868013488,213.62168585152023,local__potential_shape__A3__ct1e-06__p4
fixed_RAR,invariant,UGC03205,81,outer_holdout,26.69,212.0,2.47,211.98515551210323,211.98515551210323,206.49380278587196,3.1285943668972536,217.63778070942035,2.012315093721593e-11,24.318092753821823,,,0.5862231662918187,1.2333500608998849,0.911131238434688,70.91775980162723,1,85377702209.71358,5.241112419140374,9.049602586341358,0.5791538765526377,9.958338394064342,-1,2,67890058002.85761,0.1895772426569183,0.2744889180202018,5.35,3.19,14442960783.644096,1.6069961125501816e-07,23.25999955569915,0.956489466142184,0.002722149622172765,0,212.03465402452977,211.98515551210323,local__potential_shape__A3__ct1e-06__p4
fixed_RAR,invariant,UGC03205,81,outer_holdout,29.06,208.0,1.44,210.05369313410995,210.05369313410995,202.59769329934605,2.442802718063252,215.65481551332104,1.6896991814104932e-11,26.47747378891203,,,0.5862231662918187,1.2333500608998849,0.911131238434688,70.91775980162723,1,85377702209.71358,5.241112419140374,9.049602586341358,0.5791538765526377,9.958338394064342,-1,2,67890058002.85761,0.1895772426569183,0.2744889180202018,5.35,3.19,13214257490.645535,1.4702844337673702e-07,25.344447385789078,0.957207911443673,-0.08248808572642474,0,210.08806989446532,210.05369313410995,local__potential_shape__A3__ct1e-06__p4
fixed_RAR,invariant,UGC03205,81,outer_holdout,31.52,209.0,2.88,208.07280348189155,208.07280348189155,203.5717206709775,3.4451618942378954,213.62110505516367,1.4234901359030678e-11,28.718856635461364,,,0.5862231662918187,1.2333500608998849,0.911131238434688,70.91775980162723,1,85377702209.71358,5.241112419140374,9.049602586341358,0.5791538765526377,9.958338394064342,-1,2,67890058002.85761,0.1895772426569183,0.2744889180202018,5.35,3.19,12141562667.297089,1.3509310382346627e-07,27.642007374153447,0.9625037558083616,-0.11962858365083662,0,208.0970777255922,208.07280348189153,local__potential_shape__A3__ct1e-06__p4
fixed_RAR,invariant,UGC03205,81,outer_holdout,36.34,220.0,4.09,204.694856027683,204.694856027683,214.2860217589237,4.457627053645183,210.15308397835292,1.0502602072411054e-11,33.110509204716564,,,0.5862231662918187,1.2333500608998849,0.911131238434688,70.91775980162723,1,85377702209.71358,5.241112419140374,9.049602586341358,0.5791538765526377,9.958338394064342,-1,2,67890058002.85761,0.1895772426569183,0.2744889180202018,5.35,3.19,10484223656.722464,1.1665272039330922e-07,32.351082768204705,0.9770638853115651,-0.2048734727583792,0,204.70813484945475,204.694856027683,local__potential_shape__A3__ct1e-06__p4
fixed_RAR,invariant,UGC03205,81,outer_holdout,40.04,220.0,6.32,201.97453267219527,201.97453267219527,214.2860217589237,6.472598088760101,207.3602226741257,8.443085060782879e-12,36.481694786924905,,,0.5862231662918187,1.2333500608998849,0.911131238434688,70.91775980162723,1,85377702209.71358,5.241112419140374,9.049602586341358,0.5791538765526377,9.958338394064342,-1,2,67890058002.85761,0.1895772426569183,0.2744889180202018,5.35,3.19,9504443985.148285,1.0575120132833716e-07,36.481694786924905,1.0,-0.2975093002689846,0,201.98338263917853,201.97453267219532,local__potential_shape__A3__ct1e-06__p4
fixed_RAR,invariant,UGC03546,82,outer_holdout,13.88,203.0,0.75,191.69494594417077,191.69494594417077,193.52429243283555,2.1239615006876025,201.08108154004572,4.234168853393648e-11,12.597223709932033,,,0.5121346731744583,0.4645562621584827,0.9075809589288208,59.23370202730759,2,51718049492.78107,3.123262433875325,8.633620392759477,0.36175582105678705,7.750607022104818,0,1,72268943060.30563,0.0492293072147353,0.2844136411246448,2.58,3.79,16590970259.017595,1.8459943988679845e-07,12.698518804727717,1.0080410650098894,0.49657073904882054,1,191.71891160705738,191.69494594417077,local__potential_shape__A3__ct1e-06__p4
fixed_RAR,invariant,UGC03546,82,outer_holdout,15.35,202.0,0.89,192.24065285102927,192.24065285102927,192.57097079523533,2.1725280253267347,201.65350839509148,3.641135346234608e-11,13.931367719557398,,,0.5121346731744583,0.4645562621584827,0.9075809589288208,59.23370202730759,2,51718049492.78107,3.123262433875325,8.633620392759477,0.36175582105678705,7.750607022104818,0,1,72268943060.30563,0.0492293072147353,0.2844136411246448,2.58,3.79,14975057020.584995,1.6661998033360027e-07,13.328495108194014,0.9567255259139382,0.35255782210685993,1,192.25661125168136,192.24065285102927,local__potential_shape__A3__ct1e-06__p4
fixed_RAR,invariant,UGC03546,82,outer_holdout,16.72,198.0,1.58,191.41014067120668,191.41014067120668,188.75768424483468,2.5037539020580115,200.7823310850776,3.128872917007991e-11,15.174753633289882,,,0.5121346731744583,0.4645562621584827,0.9075809589288208,59.23370202730759,2,51718049492.78107,3.123262433875325,8.633620392759477,0.36175582105678705,7.750607022104818,0,1,72268943060.30563,0.0492293072147353,0.2844136411246448,2.58,3.79,13680218069.658487,1.522129540203124e-07,14.16950083023093,0.9337549177171707,0.11157919336437772,1,191.4212098198814,191.4101406712067,local__potential_shape__A3__ct1e-06__p4
fixed_RAR,invariant,UGC03546,82,outer_holdout,18.08,195.0,1.5,189.7589382957956,189.7589382957956,185.89771933203411,2.4586276305314168,199.05027937211352,2.6772262657096648e-11,16.409063737433076,,,0.5121346731744583,0.4645562621584827,0.9075809589288208,59.23370202730759,2,51718049492.78107,3.123262433875325,8.633620392759477,0.36175582105678705,7.750607022104818,0,1,72268943060.30563,0.0492293072147353,0.2844136411246448,2.58,3.79,12577892474.115398,1.3994792766360884e-07,15.225524251371525,0.9278728204728945,-0.06750373565927248,1,189.7667812745225,189.75893829579562,local__potential_shape__A3__ct1e-06__p4
fixed_RAR,invariant,UGC03546,82,outer_holdout,19.45,194.0,2.16,187.74126670523853,187.74126670523853,184.944397694434,2.870574959549069,196.9338146754386,2.2903835539711058e-11,17.65244965116556,,,0.5121346731744583,0.4645562621584827,0.9075809589288208,59.23370202730759,2,51718049492.78107,3.123262433875325,8.633620392759477,0.36175582105678705,7.750607022104818,0,1,72268943060.30563,0.0492293072147353,0.2844136411246448,2.58,3.79,11627766222.557009,1.2937634739306428e-07,16.452713298271824,0.9320357017523333,-0.17924914372531475,1,187.74693483147047,187.74126670523853,local__potential_shape__A3__ct1e-06__p4
fixed_RAR,invariant,UGC03546,82,outer_holdout,20.92,192.0,6.21,185.51330105663587,185.51330105663587,183.0377544192336,6.248832536647826,194.5967590997242,1.948083160087322e-11,18.98659366079093,,,0.5121346731744583,0.4645562621584827,0.9075809589288208,59.23370202730759,2,51718049492.78107,3.123262433875325,8.633620392759477,0.36175582105678705,7.750607022104818,0,1,72268943060.30563,0.0492293072147353,0.2844136411246448,2.58,3.79,10758088331.064857,1.1969987584589092e-07,17.896869379932063,0.9426055931712887,-0.2537738407513075,1,185.5174054061948,185.51330105663587,local__potential_shape__A3__ct1e-06__p4
fixed_RAR,invariant,UGC03546,82,outer_holdout,22.92,190.0,3.14,182.5529793321801,182.5529793321801,181.13111114403327,3.60008650146751,191.491488425382,1.579964529876036e-11,20.80175557864857,,,0.5121346731744583,0.4645562621584827,0.9075809589288208,59.23370202730759,2,51718049492.78107,3.123262433875325,8.633620392759477,0.36175582105678705,7.750607022104818,0,1,72268943060.30563,0.0492293072147353,0.2844136411246448,2.58,3.79,9775220734.747705,1.0876399898453529e-07,20.050660826799103,0.9638927229478453,-0.25128271162486726,1,182.5557326350612,182.55297933218012,local__potential_shape__A3__ct1e-06__p4
fixed_RAR,invariant,UGC03546,82,outer_holdout,25.02,191.0,14.6,180.2844401203975,180.2844401203975,182.08443278163344,14.06145541428082,189.11187264587105,1.3016466526577167e-11,22.70767559239909,,,0.5121346731744583,0.4645562621584827,0.9075809589288208,59.23370202730759,2,51718049492.78107,3.123262433875325,8.633620392759477,0.36175582105678705,7.750607022104818,0,1,72268943060.30563,0.0492293072147353,0.2844136411246448,2.58,3.79,8931711018.999794,9.937868765944843e-08,22.23775863486062,0.9793058098075098,-0.18689235353167533,1,180.28633540779765,180.28444012039748,local__potential_shape__A3__ct1e-06__p4
fixed_RAR,invariant,UGC03546,82,outer_holdout,29.23,193.0,18.6,177.12882316638857,177.12882316638857,183.99107605683375,17.84421780819161,185.80174432238863,9.32392104763885e-12,26.52859142948943,,,0.5121346731744583,0.4645562621584827,0.9075809589288208,59.23370202730759,2,51718049492.78107,3.123262433875325,8.633620392759477,0.36175582105678705,7.750607022104818,0,1,72268943060.30563,0.0492293072147353,0.2844136411246448,2.58,3.79,7632438679.155981,8.492233324188708e-08,26.52859142948943,1.0,-0.10364004617383671,1,177.12981614877637,177.12882316638857,local__potential_shape__A3__ct1e-06__p4
fixed_RAR,invariant,UGC03580,83,outer_holdout,8.58,110.0,7.12,96.83650024883003,96.83650024883003,106.78751212442177,7.195598276866916,99.749631913517,1.4383965042271171e-11,6.182789588327248,,,0.4986805004778157,0.1950347798008518,0.7206048471243879,66.60808620007262,3,7107652650.492209,5.257282028903352,10.028385171086079,0.5242401382887835,2.8732786554290906,4,1,15318381286.231195,0.3794199851406075,0.3092094487822632,1.84,2.43,4166978426.784354,4.636388780135831e-08,9.388410876554751,1.5184749120816812,0.7020275082750231,4,96.83671446793713,96.83650024883002,local__potential_shape__A3__ct1e-06__p4
fixed_RAR,invariant,UGC03580,83,outer_holdout,8.7,110.0,5.26,97.0047946670313,97.0047946670313,106.78751212442177,5.484082822580634,99.92298913135885,1.4128483529389274e-11,6.2692621699821744,,,0.4986805004778157,0.1950347798008518,0.7206048471243879,66.60808620007262,3,7107652650.492209,5.257282028903352,10.028385171086079,0.5242401382887835,2.8732786554290906,4,1,15318381286.231195,0.3794199851406075,0.3092094487822632,1.84,2.43,4128940848.599662,4.594066266636489e-08,9.470928682224285,1.5106927139802824,0.7242071365394622,4,97.00500152966345,97.00479466703129,local__potential_shape__A3__ct1e-06__p4
fixed_RAR,invariant,UGC03580,83,outer_holdout,8.82,110.0,5.16,97.18278283785406,97.18278283785406,106.78751212442177,5.393805495858351,100.10633171890494,1.3886429178295329e-11,6.355734751637101,,,0.4986805004778157,0.1950347798008518,0.7206048471243879,66.60808620007262,3,7107652650.492209,5.257282028903352,10.028385171086079,0.5242401382887835,2.8732786554290906,4,1,15318381286.231195,0.3794199851406075,0.3092094487822632,1.84,2.43,4091566909.520666,4.5524821512253e-08,9.548794100700709,1.5023902780463179,0.7329456708951056,4,97.18298267777442,97.18278283785408,local__potential_shape__A3__ct1e-06__p4
fixed_RAR,invariant,UGC03580,83,outer_holdout,9.03,111.0,0.82,97.4804931892229,97.4804931892229,107.75830768918922,2.1526029278090144,100.41299808839968,1.3475488060798518e-11,6.507061769533222,,,0.4986805004778157,0.1950347798008518,0.7206048471243879,66.60808620007262,3,7107652650.492209,5.257282028903352,10.028385171086079,0.5242401382887835,2.8732786554290906,4,1,15318381286.231195,0.3794199851406075,0.3092094487822632,1.84,2.43,4027692733.596637,4.4814125458030496e-08,9.686375095576365,1.4885943054865465,0.4368922242647386,4,97.48068141429462,97.48049318922288,local__potential_shape__A3__ct1e-06__p4
fixed_RAR,invariant,UGC03580,83,outer_holdout,9.05,111.0,7.81,97.48904470987392,97.48904470987392,107.75830768918922,7.841263304544253,100.42180686437824,1.3428167322893783e-11,6.521473866475711,,,0.4986805004778157,0.1950347798008518,0.7206048471243879,66.60808620007262,3,7107652650.492209,5.257282028903352,10.028385171086079,0.5242401382887835,2.8732786554290906,4,1,15318381286.231195,0.3794199851406075,0.3092094487822632,1.84,2.43,4021710569.994235,4.474756491135516e-08,9.706072325414011,1.4883249590723728,0.4153140006959033,4,97.489231835603,97.4890447098739,local__potential_shape__A3__ct1e-06__p4
fixed_RAR,invariant,UGC03580,83,outer_holdout,10.53,112.0,1.43,99.72111738920236,99.72111738920236,108.72910325395668,2.434584932596781,102.7210269683175,1.1166109014050444e-11,7.587969040219804,,,0.4986805004778157,0.1950347798008518,0.7206048471243879,66.60808620007262,3,7107652650.492209,5.257282028903352,10.028385171086079,0.5242401382887835,2.8732786554290906,4,1,15318381286.231195,0.3794199851406075,0.3092094487822632,1.84,2.43,3619110910.73578,4.026803957694428e-08,10.503873525644646,1.3842799660843603,0.8007183080811728,4,99.72124291410407,99.72111738920235,local__potential_shape__A3__ct1e-06__p4
fixed_RAR,invariant,UGC03580,83,outer_holdout,12.07,112.0,1.21,101.96710152877752,101.96710152877752,108.72910325395668,2.3194465508462456,105.03457703085115,9.501796438517076e-12,8.697700504791362,,,0.4986805004778157,0.1950347798008518,0.7206048471243879,66.60808620007262,3,7107652650.492209,5.257282028903352,10.028385171086079,0.5242401382887835,2.8732786554290906,4,1,15318381286.231195,0.3794199851406075,0.3092094487822632,1.84,2.43,3266661831.0692487,3.634651469447415e-08,11.141608932847065,1.280983281352285,0.755384580952466,4,101.9671867234516,101.9671015287775,local__potential_shape__A3__ct1e-06__p4
fixed_RAR,invariant,UGC03580,83,outer_holdout,13.58,114.0,1.35,103.5838022211262,103.5838022211262,110.67069438349162,2.3911512378084367,106.69991291723412,8.153495064090516e-12,9.785813823949187,,,0.4986805004778157,0.1950347798008518,0.7206048471243879,66.60808620007262,3,7107652650.492209,5.257282028903352,10.028385171086079,0.5242401382887835,2.8732786554290906,4,1,15318381286.231195,0.3794199851406075,0.3092094487822632,1.84,2.43,2971289094.331662,3.3060049773596294e-08,11.810017770503253,1.2068508539984846,0.6584642234358853,4,103.58386146008814,103.58380222112619,local__potential_shape__A3__ct1e-06__p4
fixed_RAR,invariant,UGC03580,83,outer_holdout,15.09,118.0,1.36,104.82952619632444,104.82952619632444,114.5538766425615,2.39648585959674,107.98311199684323,7.049263677574858e-12,10.873927143107013,,,0.4986805004778157,0.1950347798008518,0.7206048471243879,66.60808620007262,3,7107652650.492209,5.257282028903352,10.028385171086079,0.5242401382887835,2.8732786554290906,4,1,15318381286.231195,0.3794199851406075,0.3092094487822632,1.84,2.43,2716842642.488695,3.022895118453908e-08,12.490222768182395,1.1486395488772383,0.5954798571966649,4,104.82956810246955,104.82952619632445,local__potential_shape__A3__ct1e-06__p4
fixed_RAR,invariant,UGC03580,83,outer_holdout,16.6,122.0,1.44,105.86665538099582,105.86665538099582,118.4370589016314,2.4401335901231507,109.0514411305057,6.152620888698643e-12,11.96204046226484,,,0.4986805004778157,0.1950347798008518,0.7206048471243879,66.60808620007262,3,7107652650.492209,5.257282028903352,10.028385171086079,0.5242401382887835,2.8732786554290906,4,1,15318381286.231195,0.3794199851406075,0.3092094487822632,1.84,2.43,2495791894.822595,2.7769429916725273e-08,13.146122327090035,1.098986612573371,0.5743048651318645,4,105.86668552000364,105.86665538099582,local__potential_shape__A3__ct1e-06__p4
fixed_RAR,invariant,UGC03580,83,outer_holdout,18.11,125.0,1.64,106.84892472773988,106.84892472773988,121.3494455959338,2.5563249909289247,110.06326007817395,5.434774943779691e-12,13.050153781422663,,,0.4986805004778157,0.1950347798008518,0.7206048471243879,66.60808620007262,3,7107652650.492209,5.257282028903352,10.028385171086079,0.5242401382887835,2.8732786554290906,4,1,15318381286.231195,0.3794199851406075,0.3092094487822632,1.84,2.43,2301688491.016741,2.560973828547745e-08,13.725065839160315,1.051716789628825,0.5459305753267358,4,106.8489467312875,106.84892472773988,local__potential_shape__A3__ct1e-06__p4
fixed_RAR,invariant,UGC03580,83,outer_holdout,19.62,128.0,1.97,107.64648605810204,107.64648605810204,124.2618322902362,2.767224427198817,110.88481443967665,4.826998884295204e-12,14.13826710058049,,,0.4986805004778157,0.1950347798008518,0.7206048471243879,66.60808620007262,3,7107652650.492209,5.257282028903352,10.028385171086079,0.5242401382887835,2.8732786554290906,4,1,15318381286.231195,0.3794199851406075,0.3092094487822632,1.84,2.43,2129753276.9653416,2.369670102995865e-08,14.29886452651071,1.0113590601159053,0.4460280516468629,4,107.64650230810585,107.64648605810203,local__potential_shape__A3__ct1e-06__p4
fixed_RAR,invariant,UGC03580,83,outer_holdout,21.02,131.0,1.81,108.07488770259194,108.07488770259194,127.17421898453864,2.66224358051726,111.3261036874211,4.317943524973538e-12,15.147113886554632,,,0.4986805004778157,0.1950347798008518,0.7206048471243879,66.60808620007262,3,7107652650.492209,5.257282028903352,10.028385171086079,0.5242401382887835,2.8732786554290906,4,1,15318381286.231195,0.3794199851406075,0.3092094487822632,1.84,2.43,1987651472.6413472,2.2115605224494523e-08,14.918073128826176,0.9848789175651631,0.23023002949284432,4,108.07490007978603,108.07488770259192,local__potential_shape__A3__ct1e-06__p4
fixed_RAR,invariant,UGC03580,83,outer_holdout,24.04,127.0,1.93,107.18927559167402,107.18927559167402,123.29103672546874,2.7405309270337668,110.41384971443344,3.2714394194147797e-12,17.323340524870282,,,0.4986805004778157,0.1950347798008518,0.7206048471243879,66.60808620007262,3,7107652650.492209,5.257282028903352,10.028385171086079,0.5242401382887835,2.8732786554290906,4,1,15318381286.231195,0.3794199851406075,0.3092094487822632,1.84,2.43,1735240590.68266,1.9307155404895756e-08,17.1897780992489,0.9922900305844804,-0.06848305688021128,4,107.1892827222835,107.18927559167402,local__potential_shape__A3__ct1e-06__p4
fixed_RAR,invariant,UGC03580,83,outer_holdout,27.06,124.0,1.92,106.47503200232556,106.47503200232556,120.37865003116632,2.7339030097881176,109.6781195408829,2.560869795072036e-12,19.499567163185937,,,0.4986805004778157,0.1950347798008518,0.7206048471243879,66.60808620007262,3,7107652650.492209,5.257282028903352,10.028385171086079,0.5242401382887835,2.8732786554290906,4,1,15318381286.231195,0.3794199851406075,0.3092094487822632,1.84,2.43,1540859407.7303836,1.7144373063819566e-08,19.49956716318594,1.0000000000000002,-0.07024027147497236,4,106.47503640621481,106.47503200232556,local__potential_shape__A3__ct1e-06__p4
fixed_RAR,invariant,UGC04278,84,outer_holdout,4.85,75.6,4.0,62.53197719896913,62.53197719896913,75.60287872596172,4.472272188892688,62.52959617288608,4.626901238054388e-12,4.882883466798135,,,0.5639568950201793,0.699999983654247,1.006780096247038,89.5,4,3383090301.9939713,5.707881011330864,6.23339518044176,0.9156937505326507,1.9823094159286259,3,7,2319585470.833656,0.6398901953229393,0.0,2.46,2.21,2600296854.770858,2.893220441216843e-08,18.21302802843543,3.7299739287815328,3.473086407490314,3,62.53204023687792,62.53197719896913,local__potential_shape__A3__ct1e-06__p4
fixed_RAR,invariant,UGC04278,84,outer_holdout,5.13,80.0,4.0,65.70982982675957,65.70982982675957,80.00304627085896,4.472272188892688,65.70732779778594,5.004429662145414e-12,5.164781893747305,,,0.5639568950201793,0.699999983654247,1.006780096247038,89.5,4,3383090301.9939713,5.707881011330864,6.23339518044176,0.9156937505326507,1.9823094159286259,3,7,2319585470.833656,0.6398901953229393,0.0,2.46,2.21,2558414005.8932366,2.8466194870654725e-08,16.567832268360245,3.207847419155867,4.442273973447072,3,65.70989190245378,65.70982982675959,local__potential_shape__A3__ct1e-06__p4
fixed_RAR,invariant,UGC04278,84,outer_holdout,5.4,82.8,4.0,70.73492704080414,70.73492704080414,82.80315289033902,4.472272188892688,70.73223367152636,5.957027247731729e-12,5.436612519734006,,,0.5639568950201793,0.699999983654247,1.006780096247038,89.5,4,3383090301.9939713,5.707881011330864,6.23339518044176,0.9156937505326507,1.9823094159286259,3,7,2319585470.833656,0.6398901953229393,0.0,2.46,2.21,2512524484.935893,2.79556050900001e-08,13.66879313520442,2.5142113927724212,5.686252957966417,3,70.7349891968104,70.73492704080415,local__potential_shape__A3__ct1e-06__p4
fixed_RAR,invariant,UGC04278,84,outer_holdout,5.68,84.8,15.7,76.71183642465756,76.71183642465756,84.80322904711049,15.827468914517004,76.70891547298471,7.281424760220778e-12,5.7185109466831765,,,0.5639568950201793,0.699999983654247,1.006780096247038,89.5,4,3383090301.9939713,5.707881011330864,6.23339518044176,0.9156937505326507,1.9823094159286259,3,7,2319585470.833656,0.6398901953229393,0.0,2.46,2.21,2455091397.379098,2.73165758091061e-08,10.926995219103194,1.9108112795414018,5.452081640782126,3,76.71189787737035,76.71183642465758,local__potential_shape__A3__ct1e-06__p4
fixed_RAR,invariant,UGC04278,84,outer_holdout,5.86,86.3,16.8,80.0806761246361,80.0806761246361,86.3032861646891,16.91926401757531,80.07762689787018,8.028759620990663e-12,5.899731364007644,,,0.5639568950201793,0.699999983654247,1.006780096247038,89.5,4,3383090301.9939713,5.707881011330864,6.23339518044176,0.9156937505326507,1.9823094159286259,3,7,2319585470.833656,0.6398901953229393,0.0,2.46,2.21,2412308213.753593,2.6840548692515394e-08,9.737193374740178,1.6504469057936522,5.144177632157238,3,80.08073591992427,80.0806761246361,local__potential_shape__A3__ct1e-06__p4
fixed_RAR,invariant,UGC04278,84,outer_holdout,6.36,90.2,8.07,89.79900302053939,89.79900302053939,90.20343467039348,8.314436829789212,89.79558374966389,1.0414049269994199e-11,6.403121412131163,,,0.5639568950201793,0.699999983654247,1.006780096247038,89.5,4,3383090301.9939713,5.707881011330864,6.23339518044176,0.9156937505326507,1.9823094159286259,3,7,2319585470.833656,0.6398901953229393,0.0,2.46,2.21,2269621861.7975783,2.5252948917495935e-08,7.062904480178103,1.1030408492328343,4.3152868453526025,3,89.79905556097542,89.79900302053939,local__potential_shape__A3__ct1e-06__p4
fixed_RAR,invariant,UGC04278,84,outer_holdout,6.51,91.3,4.0,92.1116956474814,92.1116956474814,91.30347655661778,4.472272188892688,92.10818831635716,1.092888108133388e-11,6.554138426568218,,,0.5639568950201793,0.699999983654247,1.006780096247038,89.5,4,3383090301.9939713,5.707881011330864,6.23339518044176,0.9156937505326507,1.9823094159286259,3,7,2319585470.833656,0.6398901953229393,0.0,2.46,2.21,2219898907.1022863,2.4699706434207252e-08,6.582743786172858,1.004364472909007,2.269010195509736,3,92.11174497119029,92.11169564748141,local__potential_shape__A3__ct1e-06__p4
fixed_RAR,invariant,UGC04278,84,outer_holdout,6.69,92.8,8.75,92.04986941359378,92.04986941359378,92.8035336741964,8.975986344899864,92.04636443662308,1.0394477322155182e-11,6.735358843892685,,,0.5639568950201793,0.699999983654247,1.006780096247038,89.5,4,3383090301.9939713,5.707881011330864,6.23339518044176,0.9156937505326507,1.9823094159286259,3,7,2319585470.833656,0.6398901953229393,0.0,2.46,2.21,2160299375.7536397,2.403657221524884e-08,6.735358843892685,1.0,-1.9452966978501536,3,92.04991362019493,92.04986941359378,local__potential_shape__A3__ct1e-06__p4
fixed_RAR,invariant,UGC04325,85,outer_holdout,4.19,91.6,3.05,99.4785805364477,99.4785805364477,87.21959382261277,3.5261967047286134,104.47466650293144,1.839186273102693e-11,5.648898247556548,,,0.6837140492074423,0.6999999892492684,1.348185739273639,43.55164298095042,0,5360612956.272675,4.1228776564205,5.759266333055183,0.7158685530407466,2.495294874956178,1,9,2202671138.372617,0.4093847621148865,0.0,2.79,1.86,3970044584.6966352,4.417270329698076e-08,6.995505814944292,1.2383841075505697,1.061093709431617,3,99.47901270094714,99.47858053644768,local__potential_shape__A3__ct1e-06__p4
fixed_RAR,invariant,UGC04325,85,outer_holdout,4.89,92.7,3.05,102.46449762613648,102.46449762613648,88.26699069166162,3.5261967047286134,107.6105445026818,1.563942982303653e-11,6.592628265048094,,,0.6837140492074423,0.6999999892492684,1.348185739273639,43.55164298095042,0,5360612956.272675,4.1228776564205,5.759266333055183,0.7158685530407466,2.495294874956178,1,9,2202671138.372617,0.4093847621148865,0.0,2.79,1.86,3476653988.201251,3.8682992548511584e-08,7.2042704683073735,1.0927766861210728,0.8201582916159964,3,102.46475941932168,102.46449762613648,local__potential_shape__A3__ct1e-06__p4
fixed_RAR,invariant,UGC04325,85,outer_holdout,5.59,91.5,3.05,104.18007565728404,104.18007565728404,87.1243759254265,3.5261967047286134,109.41228354738226,1.3155335293027767e-11,7.536358282539641,,,0.6837140492074423,0.6999999892492684,1.348185739273639,43.55164298095042,0,5360612956.272675,4.1228776564205,5.759266333055183,0.7158685530407466,2.495294874956178,1,9,2202671138.372617,0.4093847621148865,0.0,2.79,1.86,3059243201.7236843,3.403867119879509e-08,7.536358282539641,1.0,0.5941211648435001,3,104.1802352379734,104.18007565728404,local__potential_shape__A3__ct1e-06__p4
fixed_RAR,invariant,UGC04483,86,outer_holdout,0.89,22.9,1.76,26.607251450466908,26.607251450466908,23.62099997350308,2.701059924889329,25.79510007616878,5.752728246856895e-12,0.7842319637412192,,,0.4125703992957296,0.7000000049591195,0.8811595098215945,55.30186217635968,1,38069004.07632704,0.6346402337464963,0.895411370933725,0.7087694598793184,0.2102811805043721,3,10,48103938.79235444,0.8847508347230065,0.0,0.26,0.18,198665785.5946192,2.2104549747778924e-09,1.1191767381468187,1.4270991108392574,1.3588818472298385,3,26.607251451179575,26.607251450466908,local__potential_shape__A3__ct1e-06__p4
fixed_RAR,invariant,UGC04483,86,outer_holdout,1.05,24.3,2.23,28.076876364608715,28.076876364608715,25.065078574503275,3.048109291176464,27.21986662168333,5.180276537566745e-12,0.9252174853126744,,,0.4125703992957296,0.7000000049591195,0.8811595098215945,55.30186217635968,1,38069004.07632704,0.6346402337464963,0.895411370933725,0.7087694598793184,0.2102811805043721,3,10,48103938.79235444,0.8847508347230065,0.0,0.26,0.18,174940566.28142413,1.946476308790783e-09,1.0944276043510424,1.1828868581976526,1.3118321995204383,3,28.07687636506089,28.07687636460872,local__potential_shape__A3__ct1e-06__p4
fixed_RAR,invariant,UGC04483,86,outer_holdout,1.21,24.2,1.23,29.29055742769329,29.29055742769329,24.961930103003255,2.368473383673809,28.396501665746413,4.667692664386474e-12,1.0662030068841293,,,0.4125703992957296,0.7000000049591195,0.8811595098215945,55.30186217635968,1,38069004.07632704,0.6346402337464963,0.895411370933725,0.7087694598793184,0.2102811805043721,3,10,48103938.79235444,0.8847508347230065,0.0,0.26,0.18,153565161.63225397,1.7086428569801037e-09,1.0662030068841293,1.0,1.2188958063467226,3,29.290557427973372,29.29055742769329,local__potential_shape__A3__ct1e-06__p4
fixed_RAR,invariant,UGC04499,87,outer_holdout,6.37,72.8,2.66,73.29790197936343,73.29790197936343,72.60917712362053,3.322432178776894,73.49053488118615,6.890750642702136e-12,5.384087264486676,,,0.4547976447334854,0.6999999987698428,0.8452256302176886,50.17978834843822,2,2092728125.591462,4.070571654699686,5.892777073594344,0.6907730606236577,1.5590895273454732,4,8,2243005663.09596,0.6522498021608475,0.0,2.69,1.73,1611101256.1993766,1.7925919030182916e-08,7.5771477666492535,1.4073226146663627,1.358794715704562,3,73.29791006865977,73.29790197936342,local__potential_shape__A3__ct1e-06__p4
fixed_RAR,invariant,UGC04499,87,outer_holdout,7.28,73.3,2.66,77.48105831720275,77.48105831720275,73.10786652694209,3.322432178776894,77.6846848971851,6.617591315073837e-12,6.153242587984773,,,0.4547976447334854,0.6999999987698428,0.8452256302176886,50.17978834843822,2,2092728125.591462,4.070571654699686,5.892777073594344,0.6907730606236577,1.5590895273454732,4,8,2243005663.09596,0.6522498021608475,0.0,2.69,1.73,1450894066.4804544,1.6143373643973402e-08,7.105345763974712,1.1547319421225286,1.4872522326610351,3,77.48106394147382,77.48105831720275,local__potential_shape__A3__ct1e-06__p4
fixed_RAR,invariant,UGC04499,87,outer_holdout,8.18,74.3,2.67,80.30171252105932,80.30171252105932,74.10524533358523,3.330401857068637,80.51275201177518,6.101989156150625e-12,6.913945655180693,,,0.4547976447334854,0.6999999987698428,0.8452256302176886,50.17978834843822,2,2092728125.591462,4.070571654699686,5.892777073594344,0.6907730606236577,1.5590895273454732,4,8,2243005663.09596,0.6522498021608475,0.0,2.69,1.73,1301811004.2711556,1.4484600868735187e-08,6.913945655180693,1.0,1.1209195546151705,3,80.30171629890712,80.30171252105933,local__potential_shape__A3__ct1e-06__p4
fixed_RAR,invariant,UGC05005,88,outer_holdout,17.97,97.1,10.0,99.36000980342352,99.36000980342352,105.4875854421287,11.046372531520335,91.459643440273,3.154897163609597e-12,15.179445663950272,,,0.4406590658668154,0.6999999865362705,0.844710387532013,37.14930492174448,3,8621216324.980139,13.111216149911915,19.83793817455352,0.6609162723740064,3.16445497001282,4,10,6033632188.661501,0.6817932998518724,0.0,5.02,3.2,2230569006.3596225,2.481842729957498e-08,22.912892131216505,1.5094683059232148,1.1190373146217212,2,99.36004643088933,99.36000980342354,local__potential_shape__A3__ct1e-06__p4
fixed_RAR,invariant,UGC05005,88,outer_holdout,21.07,99.4,10.0,103.24329698101144,103.24329698101144,107.98626151336347,11.046372531520335,95.03416060609293,2.706534379815883e-12,17.798047865299512,,,0.4406590658668154,0.6999999865362705,0.844710387532013,37.14930492174448,3,8621216324.980139,13.111216149911915,19.83793817455352,0.6609162723740064,3.16445497001282,4,10,6033632188.661501,0.6817932998518724,0.0,5.02,3.2,1994704902.2012882,2.219408521244691e-08,23.88441241986675,1.3419680967615384,1.0212193568874,2,103.24332132037205,103.24329698101143,local__potential_shape__A3__ct1e-06__p4
fixed_RAR,invariant,UGC05005,88,outer_holdout,22.72,100.0,10.0,105.09464212512134,105.09464212512134,108.6380900536856,11.046372531520335,96.73830060265864,2.5125954695212106e-12,19.191820004727333,,,0.4406590658668154,0.6999999865362705,0.844710387532013,37.14930492174448,3,8621216324.980139,13.111216149911915,19.83793817455352,0.6609162723740064,3.16445497001282,4,10,6033632188.661501,0.6817932998518724,0.0,5.02,3.2,1882578588.2771165,2.0946511717718755e-08,24.281750777822083,1.2652135530575526,1.043200835276437,2,105.09466178250655,105.09464212512135,local__potential_shape__A3__ct1e-06__p4
fixed_RAR,invariant,UGC05005,88,outer_holdout,28.61,99.1,10.0,111.8090375509438,111.8090375509438,107.6603472432024,11.046372531520335,102.91881742001468,2.0574424729620717e-12,24.16716418729089,,,0.4406590658668154,0.6999999865362705,0.844710387532013,37.14930492174448,3,8621216324.980139,13.111216149911915,19.83793817455352,0.6609162723740064,3.16445497001282,4,10,6033632188.661501,0.6817932998518724,0.0,5.02,3.2,1534277579.8380632,1.707114035208631e-08,24.167164187290894,1.0000000000000002,1.2228009986475854,2,111.80904677719867,111.80903755094381,local__potential_shape__A3__ct1e-06__p4
fixed_RAR,invariant,UGC05253,89,outer_holdout,6.97,246.0,5.81,204.10798357672223,204.10798357672223,207.4924363410927,5.292940693008706,241.98744226673168,1.94837615218164e-10,4.991619418994647,,,0.4489468345445268,0.6963382649465439,0.7161577358672377,45.52065637651335,4,64419703057.87372,4.230377211734798,14.998765532929042,0.28204835940979384,8.650157360614864,4,2,166093721014.45148,0.1312914170795333,0.4034395839620666,4.28,8.07,41807767790.06599,4.6517415175093584e-07,6.953983081769616,1.3931316669110574,0.5644123460947412,3,204.65149780564218,204.1079835767222,local__potential_shape__A3__ct1e-06__p4
fixed_RAR,invariant,UGC05253,89,outer_holdout,7.1,246.0,6.32,203.9683086484573,203.9683086484573,207.4924363410927,5.693536896276985,241.82184571314605,1.8975833680966418e-10,5.084719924657388,,,0.4489468345445268,0.6963382649465439,0.7161577358672377,45.52065637651335,4,64419703057.87372,4.230377211734798,14.998765532929042,0.28204835940979384,8.650157360614864,4,2,166093721014.45148,0.1312914170795333,0.4034395839620666,4.28,8.07,41255392324.95784,4.590281458287836e-07,7.045783772795811,1.3856778499497318,0.5872417783061792,3,204.48454052763068,203.96830864845728,local__potential_shape__A3__ct1e-06__p4
fixed_RAR,invariant,UGC05253,89,outer_holdout,7.23,246.0,8.92,203.8834810224235,203.8834810224235,207.4924363410927,7.784998673377609,241.72127531948595,1.8501091139660928e-10,5.177820430320129,,,0.4489468345445268,0.6963382649465439,0.7161577358672377,45.52065637651335,4,64419703057.87372,4.230377211734798,14.998765532929042,0.28204835940979384,8.650157360614864,4,2,166093721014.45148,0.1312914170795333,0.4034395839620666,4.28,8.07,40717126672.559586,4.530391327456571e-07,7.132293973907326,1.3774703217095454,0.6025628727771064,3,204.37418833693687,203.88348102242347,local__potential_shape__A3__ct1e-06__p4
fixed_RAR,invariant,UGC05253,89,outer_holdout,8.32,246.0,2.13,203.33845055222733,203.33845055222733,207.4924363410927,2.6884387207195126,241.07509515970483,1.5187379566030138e-10,5.958432362415418,,,0.4489468345445268,0.6963382649465439,0.7161577358672377,45.52065637651335,4,64419703057.87372,4.230377211734798,14.998765532929042,0.28204835940979384,8.650157360614864,4,2,166093721014.45148,0.1312914170795333,0.4034395839620666,4.28,8.07,36682273518.34856,4.0814533686364684e-07,7.82749596736862,1.3136837831277361,0.5397428928098122,3,203.66547653336295,203.3384505522273,local__potential_shape__A3__ct1e-06__p4
fixed_RAR,invariant,UGC05253,89,outer_holdout,10.0,245.0,2.18,201.5003339064588,201.5003339064588,206.6489711527143,2.7168026574426265,238.89585092876945,1.1458129217703048e-10,7.161577358672377,,,0.4489468345445268,0.6963382649465439,0.7161577358672377,45.52065637651335,4,64419703057.87372,4.230377211734798,14.998765532929042,0.28204835940979384,8.650157360614864,4,2,166093721014.45148,0.1312914170795333,0.4034395839620666,4.28,8.07,31789804823.67804,3.5370928118998964e-07,8.991323027574218,1.2554947851936686,0.4712989106105283,3,201.6853702051219,201.50033390645882,local__potential_shape__A3__ct1e-06__p4
fixed_RAR,invariant,UGC05253,89,outer_holdout,11.61,245.0,0.94,200.5724434257357,200.5724434257357,206.6489711527143,2.151423403659058,237.79575753605104,9.12382508091252e-11,8.31459131341863,,,0.4489468345445268,0.6963382649465439,0.7161577358672377,45.52065637651335,4,64419703057.87372,4.230377211734798,14.998765532929042,0.28204835940979384,8.650157360614864,4,2,166093721014.45148,0.1312914170795333,0.4034395839620666,4.28,8.07,28154516672.610203,3.1326124553942277e-07,10.000473894199823,1.202761929869049,0.3115929600328968,3,200.68645584277846,200.57244342573568,local__potential_shape__A3__ct1e-06__p4
fixed_RAR,invariant,UGC05253,89,outer_holdout,13.35,246.0,2.02,197.15986986254327,197.15986986254327,207.4924363410927,2.627343401871007,233.74986019468813,7.056101707096766e-11,9.560705773827625,,,0.4489468345445268,0.6963382649465439,0.7161577358672377,45.52065637651335,4,64419703057.87372,4.230377211734798,14.998765532929042,0.28204835940979384,8.650157360614864,4,2,166093721014.45148,0.1312914170795333,0.4034395839620666,4.28,8.07,25070081251.18981,2.789422730940511e-07,11.514374859680464,1.204343605176199,0.12865983176737927,3,197.23058566577507,197.1598698625433,local__potential_shape__A3__ct1e-06__p4
fixed_RAR,invariant,UGC05253,89,outer_holdout,14.98,245.0,1.33,194.3234167381889,194.3234167381889,206.6489711527143,2.2931320852961483,230.3870028255447,5.6709964697743587e-11,10.728042883291222,,,0.4489468345445268,0.6963382649465439,0.7161577358672377,45.52065637651335,4,64419703057.87372,4.230377211734798,14.998765532929042,0.28204835940979384,8.650157360614864,4,2,166093721014.45148,0.1312914170795333,0.4034395839620666,4.28,8.07,22791775496.05848,2.5359270283250955e-07,13.02471521380277,1.2140812033934525,0.12915144848227555,3,194.37112200359562,194.3234167381889,local__potential_shape__A3__ct1e-06__p4
fixed_RAR,invariant,UGC05253,89,outer_holdout,16.61,245.0,1.36,192.3894871581108,192.3894871581108,206.6489711527143,2.30561650020162,228.0941641800089,4.685835034653056e-11,11.89537999275482,,,0.4489468345445268,0.6963382649465439,0.7161577358672377,45.52065637651335,4,64419703057.87372,4.230377211734798,14.998765532929042,0.28204835940979384,8.650157360614864,4,2,166093721014.45148,0.1312914170795333,0.4034395839620666,4.28,8.07,20935187142.960903,2.3293537148108442e-07,14.479024637403407,1.217197319145939,0.21790660871954515,3,192.42314980700354,192.3894871581108,local__potential_shape__A3__ct1e-06__p4
fixed_RAR,invariant,UGC05253,89,outer_holdout,18.34,245.0,1.59,191.518236777174,191.518236777174,206.6489711527143,2.408023067173612,227.06122246179552,3.9518598788484646e-11,13.13433287580514,,,0.4489468345445268,0.6963382649465439,0.7161577358672377,45.52065637651335,4,64419703057.87372,4.230377211734798,14.998765532929042,0.28204835940979384,8.650157360614864,4,2,166093721014.45148,0.1312914170795333,0.4034395839620666,4.28,8.07,19290384068.854137,2.1463446915506386e-07,15.819355719157372,1.204427805259781,0.35641165109728945,3,191.54241362980244,191.518236777174,local__potential_shape__A3__ct1e-06__p4
fixed_RAR,invariant,UGC05253,89,outer_holdout,19.97,245.0,2.03,191.6155748089957,191.6155748089957,206.6489711527143,2.632820998297713,227.1766250097168,3.4548807235994334e-11,14.301669985268736,,,0.4489468345445268,0.6963382649465439,0.7161577358672377,45.52065637651335,4,64419703057.87372,4.230377211734798,14.998765532929042,0.28204835940979384,8.650157360614864,4,2,166093721014.45148,0.1312914170795333,0.4034395839620666,4.28,8.07,17959694217.322495,1.998285477760972e-07,16.846719097038413,1.1779546804248158,0.38308801683507454,3,191.63375876039,191.61557480899572,local__potential_shape__A3__ct1e-06__p4
fixed_RAR,invariant,UGC05253,89,outer_holdout,21.6,245.0,2.36,191.44802461161927,191.44802461161927,206.6489711527143,2.8217725201201507,226.9779799444728,3.034781540063804e-11,15.469007094732335,,,0.4489468345445268,0.6963382649465439,0.7161577358672377,45.52065637651335,4,64419703057.87372,4.230377211734798,14.998765532929042,0.28204835940979384,8.650157360614864,4,2,166093721014.45148,0.1312914170795333,0.4034395839620666,4.28,8.07,16793520909.275549,1.8685311981043053e-07,17.93344728150906,1.1593146975552129,0.37549870556529186,3,191.4619192528433,191.44802461161925,local__potential_shape__A3__ct1e-06__p4
fixed_RAR,invariant,UGC05253,89,outer_holdout,23.33,244.0,4.61,191.6137547987888,191.6137547987888,205.80550596433585,4.372580061649334,227.17446723221516,2.68340170935864e-11,16.707959977782654,,,0.4489468345445268,0.6963382649465439,0.7161577358672377,45.52065637651335,4,64419703057.87372,4.230377211734798,14.998765532929042,0.28204835940979384,8.650157360614864,4,2,166093721014.45148,0.1312914170795333,0.4034395839620666,4.28,8.07,15702726792.875801,1.7471639846287916e-07,18.964388224347534,1.1350510923874224,0.3894082124072611,3,191.6243885055617,191.61375479878885,local__potential_shape__A3__ct1e-06__p4
fixed_RAR,invariant,UGC05253,89,outer_holdout,26.7,243.0,10.6,191.78987644635535,191.78987644635535,204.96204077595743,9.16169584505743,227.38327448353172,2.152434020385413e-11,19.12141154765525,,,0.4489468345445268,0.6963382649465439,0.7161577358672377,45.52065637651335,4,64419703057.87372,4.230377211734798,14.998765532929042,0.28204835940979384,8.650157360614864,4,2,166093721014.45148,0.1312914170795333,0.4034395839620666,4.28,8.07,13913769373.718044,1.5481156273584502e-07,20.949053581849952,1.095580916170324,0.2826271525244124,3,191.79643974722413,191.7898764463554,local__potential_shape__A3__ct1e-06__p4
fixed_RAR,invariant,UGC05253,89,outer_holdout,29.95,239.0,17.0,191.1081665842178,191.1081665842178,201.5881800224437,14.477716962208069,226.5750492342501,1.7527643736697816e-11,21.44892418922377,,,0.4489468345445268,0.6963382649465439,0.7161577358672377,45.52065637651335,4,64419703057.87372,4.230377211734798,14.998765532929042,0.28204835940979384,8.650157360614864,4,2,166093721014.45148,0.1312914170795333,0.4034395839620666,4.28,8.07,12519075533.610462,1.3929350094211164e-07,23.147184711068345,1.079176955770015,0.15256926566513584,3,191.11245378869793,191.10816658421777,local__potential_shape__A3__ct1e-06__p4
fixed_RAR,invariant,UGC05253,89,outer_holdout,33.32,231.0,18.3,189.9542791514967,189.9542791514967,194.84045851541632,15.564445793360395,225.20701715821448,1.4309585382412815e-11,23.862375759096363,,,0.4489468345445268,0.6963382649465439,0.7161577358672377,45.52065637651335,4,64419703057.87372,4.230377211734798,14.998765532929042,0.28204835940979384,8.650157360614864,4,2,166093721014.45148,0.1312914170795333,0.4034395839620666,4.28,8.07,11339770283.653362,1.261719604174207e-07,25.681871067688412,1.0762495456010266,0.10892125603760405,3,189.95714812826358,189.9542791514967,local__potential_shape__A3__ct1e-06__p4
fixed_RAR,invariant,UGC05253,89,outer_holdout,36.68,219.0,12.1,189.16058591854477,189.16058591854477,184.71887625487523,10.400047223438724,224.2660260611452,1.1943965113295058e-11,26.26866575161028,,,0.4489468345445268,0.6963382649465439,0.7161577358672377,45.52065637651335,4,64419703057.87372,4.230377211734798,14.998765532929042,0.28204835940979384,8.650157360614864,4,2,166093721014.45148,0.1312914170795333,0.4034395839620666,4.28,8.07,10369151075.169167,1.1537236525015412e-07,28.134819329070712,1.0710410492526077,0.07870381185364295,3,189.16258347229945,189.1605859185447,local__potential_shape__A3__ct1e-06__p4
fixed_RAR,invariant,UGC05253,89,outer_holdout,39.94,210.0,7.5,188.2030906017114,188.2030906017114,177.1276895594694,6.634616471609473,223.1308336074126,1.011059972579376e-11,28.603339970537476,,,0.4489468345445268,0.6963382649465439,0.7161577358672377,45.52065637651335,4,64419703057.87372,4.230377211734798,14.998765532929042,0.28204835940979384,8.650157360614864,4,2,166093721014.45148,0.1312914170795333,0.4034395839620666,4.28,8.07,9577509590.715937,1.0656416582964155e-07,30.699063920869655,1.073268504744231,0.0780721588125175,3,188.20453721920296,188.20309060171138,local__potential_shape__A3__ct1e-06__p4
fixed_RAR,invariant,UGC05253,89,outer_holdout,43.3,210.0,3.56,187.67114491618565,187.67114491618565,177.1276895594694,3.607828143058598,222.50016657710103,8.680144510765638e-12,31.009629963051392,,,0.4489468345445268,0.6963382649465439,0.7161577358672377,45.52065637651335,4,64419703057.87372,4.230377211734798,14.998765532929042,0.28204835940979384,8.650157360614864,4,2,166093721014.45148,0.1312914170795333,0.4034395839620666,4.28,8.07,8881964005.444586,9.88251774852414e-08,33.16129698386344,1.0693870589031795,0.2598826722549461,3,187.67221191793533,187.67114491618563,local__potential_shape__A3__ct1e-06__p4
fixed_RAR,invariant,UGC05253,89,outer_holdout,46.67,212.0,2.64,188.3671397176954,188.3671397176954,178.81461993622625,2.9930598204703465,223.3253278417264,7.697847026266136e-12,33.42308153292399,,,0.4489468345445268,0.6963382649465439,0.7161577358672377,45.52065637651335,4,64419703057.87372,4.230377211734798,14.998765532929042,0.28204835940979384,8.650157360614864,4,2,166093721014.45148,0.1312914170795333,0.4034395839620666,4.28,8.07,8273307188.480107,9.205295707011196e-08,34.830469480818905,1.042108264209826,0.45459393360727063,3,188.36794595684017,188.36713971769538,local__potential_shape__A3__ct1e-06__p4
fixed_RAR,invariant,UGC05253,89,outer_holdout,49.92,213.0,6.5,189.4124784997384,189.4124784997384,179.65808512460467,5.83592892256787,224.5646662239691,6.961183212969036e-12,35.75059417449251,,,0.4489468345445268,0.6963382649465439,0.7161577358672377,45.52065637651335,4,64419703057.87372,4.230377211734798,14.998765532929042,0.28204835940979384,8.650157360614864,4,2,166093721014.45148,0.1312914170795333,0.4034395839620666,4.28,8.07,7747644939.576716,8.620417576303568e-08,36.06916596501932,1.0089109509333445,0.3202791314423621,3,189.41310200048525,189.41247849973837,local__potential_shape__A3__ct1e-06__p4
fixed_RAR,invariant,UGC05253,89,outer_holdout,53.29,218.0,6.53,189.2004994901301,189.2004994901301,183.8754110664968,5.859706968253468,224.3133470082753,6.164820654433957e-12,38.1640457443651,,,0.4489468345445268,0.6963382649465439,0.7161577358672377,45.52065637651335,4,64419703057.87372,4.230377211734798,14.998765532929042,0.28204835940979384,8.650157360614864,4,2,166093721014.45148,0.1312914170795333,0.4034395839620666,4.28,8.07,7259812423.139816,8.077630699545273e-08,38.1640457443651,1.0,-0.03973565346518626,3,189.20097964251124,189.20049949013008,local__potential_shape__A3__ct1e-06__p4
fixed_RAR,invariant,UGC05716,90,outer_holdout,9.28,73.15,1.0,77.84871665405556,77.84871665405556,71.72386952950532,2.2274173712491003,79.39663128327929,3.6686320183707054e-12,8.588056999551661,,,0.7152119416647617,0.7000000052479288,0.9254371766758256,55.598954027381296,0,2283424975.748241,6.1470715227395925,8.209478650160467,0.7487773322389283,1.6285759694966087,3,9,1724275803.1032033,0.8438441213298826,0.0,1.84,1.14,1129064968.2747335,1.2562542002390593e-08,9.97388221903748,1.161366560510505,1.1873197615581148,3,77.84871902655529,77.84871665405556,local__potential_shape__A3__ct1e-06__p4
fixed_RAR,invariant,UGC05716,90,outer_holdout,10.34,72.5,0.74,79.85267064644928,79.85267064644928,71.08654191236002,2.1275469791777706,81.4404311438445,3.300013938725633e-12,9.569020406828036,,,0.7152119416647617,0.7000000052479288,0.9254371766758256,55.598954027381296,0,2283424975.748241,6.1470715227395925,8.209478650160467,0.7487773322389283,1.6285759694966087,3,9,1724275803.1032033,0.8438441213298826,0.0,1.84,1.14,1023795666.389618,1.1391263055958602e-08,10.054187206068708,1.0507018251204143,0.7638993731717392,3,79.8526722916602,79.85267064644927,local__potential_shape__A3__ct1e-06__p4
fixed_RAR,invariant,UGC05716,90,outer_holdout,11.4,73.0,1.07,80.67047207200774,80.67047207200774,71.57679392554871,2.258471449467605,82.27449342564864,2.859523723198177e-12,10.549983814104412,,,0.7152119416647617,0.7000000052479288,0.9254371766758256,55.598954027381296,0,2283424975.748241,6.1470715227395925,8.209478650160467,0.7487773322389283,1.6285759694966087,3,9,1724275803.1032033,0.8438441213298826,0.0,1.84,1.14,930840504.9345937,1.0356997399924542e-08,10.54947929158656,0.9999521778870241,0.24200467604589448,3,80.67047320778894,80.67047207200773,local__potential_shape__A3__ct1e-06__p4
fixed_RAR,invariant,UGC05716,90,outer_holdout,12.37,74.7,2.09,80.4316591321324,80.4316591321324,73.24365077039026,2.863466353812584,82.03093201901406,2.4285238802793535e-12,11.447657875479962,,,0.7152119416647617,0.7000000052479288,0.9254371766758256,55.598954027381296,0,2283424975.748241,6.1470715227395925,8.209478650160467,0.7487773322389283,1.6285759694966087,3,9,1724275803.1032033,0.8438441213298826,0.0,1.84,1.14,857846463.4855646,9.544829156826117e-09,11.447657875479962,1.0,-0.24322441639219505,3,80.43165994898611,80.43165913213241,local__potential_shape__A3__ct1e-06__p4
fixed_RAR,invariant,UGC05721,91,outer_holdout,4.04,78.2,4.57,78.65966756583282,78.65966756583282,74.6261135379626,4.7978707140476375,82.42672319414028,5.303217642245673e-12,7.16875118565771,,,0.3908090351763091,0.699999996798807,1.774443362786562,66.42047465071913,1,3647149757.597978,6.487107741139694,9.289006126506244,0.6983640287014868,2.0582183555887292,4,7,985758022.99847,0.7582591087885675,0.0,0.6,0.38,1974068999.4509993,2.1964479828928648e-08,12.063472331197588,1.6827857486995208,0.9717225229596806,3,78.65968755320871,78.65966756583282,local__potential_shape__A3__ct1e-06__p4
fixed_RAR,invariant,UGC05721,91,outer_holdout,4.49,78.1,4.57,81.09130471163293,81.09130471163293,74.53068372525419,4.7978707140476375,84.9748128076351,4.888911277218467e-12,7.967250698911664,,,0.3908090351763091,0.699999996798807,1.774443362786562,66.42047465071913,1,3647149757.597978,6.487107741139694,9.289006126506244,0.6983640287014868,2.0582183555887292,4,7,985758022.99847,0.7582591087885675,0.0,0.6,0.38,1848665442.4057677,2.0569177081171648e-08,12.254500724481845,1.5381090902732388,1.540402669635057,3,81.09132055917726,81.09130471163293,local__potential_shape__A3__ct1e-06__p4
fixed_RAR,invariant,UGC05721,91,outer_holdout,4.93,78.2,4.57,84.5704842682056,84.5704842682056,74.6261135379626,4.7978707140476375,88.62061222589878,4.8052619799658536e-12,8.748005778537749,,,0.3908090351763091,0.699999996798807,1.774443362786562,66.42047465071913,1,3647149757.597978,6.487107741139694,9.289006126506244,0.6983640287014868,2.0582183555887292,4,7,985758022.99847,0.7582591087885675,0.0,0.6,0.38,1731910040.7916381,1.927009803966641e-08,11.68039997564955,1.3352071627920161,1.7364789273481733,3,84.57049699955863,84.5704842682056,local__potential_shape__A3__ct1e-06__p4
fixed_RAR,invariant,UGC05721,91,outer_holdout,5.38,78.3,4.57,87.63565624425807,87.63565624425807,74.72154335067098,4.7978707140476375,91.83257700824495,4.665767898583434e-12,9.546505291791703,,,0.3908090351763091,0.699999996798807,1.774443362786562,66.42047465071913,1,3647149757.597978,6.487107741139694,9.289006126506244,0.6983640287014868,2.0582183555887292,4,7,985758022.99847,0.7582591087885675,0.0,0.6,0.38,1615264569.0022871,1.7972242132418187e-08,11.21940927191255,1.1752373176348885,1.2884783401533468,3,87.63566622608319,87.63565624425807,local__potential_shape__A3__ct1e-06__p4
fixed_RAR,invariant,UGC05721,91,outer_holdout,5.86,78.6,4.57,89.18794074676781,89.18794074676781,75.00783278879615,4.7978707140476375,93.45920128681615,4.255239873506296e-12,10.398238105929254,,,0.3908090351763091,0.699999996798807,1.774443362786562,66.42047465071913,1,3647149757.597978,6.487107741139694,9.289006126506244,0.6983640287014868,2.0582183555887292,4,7,985758022.99847,0.7582591087885675,0.0,0.6,0.38,1498194424.1220016,1.6669661099785637e-08,11.410208603010794,1.0973213429787203,0.7539664476696544,3,89.18794826530419,89.18794074676781,local__potential_shape__A3__ct1e-06__p4
fixed_RAR,invariant,UGC05721,91,outer_holdout,6.28,78.9,4.57,89.95430622316186,89.95430622316186,75.29412222692135,4.7978707140476375,94.26226843600556,3.8669352652319116e-12,11.143504318299607,,,0.3908090351763091,0.699999996798807,1.774443362786562,66.42047465071913,1,3647149757.597978,6.487107741139694,9.289006126506244,0.6983640287014868,2.0582183555887292,4,7,985758022.99847,0.7582591087885675,0.0,0.6,0.38,1404926259.9769983,1.5631912819146077e-08,11.774326732249877,1.0566089800776894,0.7109699548005892,3,89.95431208711585,89.95430622316185,local__potential_shape__A3__ct1e-06__p4
fixed_RAR,invariant,UGC05721,91,outer_holdout,6.74,79.5,4.57,91.08120020895524,91.08120020895524,75.86670110317169,4.7978707140476375,95.44313000725988,3.5540216008390256e-12,11.959748265181428,,,0.3908090351763091,0.699999996798807,1.774443362786562,66.42047465071913,1,3647149757.597978,6.487107741139694,9.289006126506244,0.6983640287014868,2.0582183555887292,4,7,985758022.99847,0.7582591087885675,0.0,0.6,0.38,1311573540.7683198,1.459322373654314e-08,11.959748265181428,1.0,0.9016335001226707,3,91.08120471871928,91.08120020895524,local__potential_shape__A3__ct1e-06__p4
fixed_RAR,invariant,UGC05750,92,outer_holdout,7.86,68.1,12.2,69.29148468224474,69.29148468224474,70.41875357142474,12.77295333930258,67.00984989850332,4.092881507042265e-12,6.410883231455709,,,0.4342092971202623,0.6999999951786569,0.8156339989129401,60.365632508703285,2,5910745542.168889,11.320988557333273,15.71073754802972,0.720589248131959,2.620208073302734,2,8,2806141227.954446,0.5208825505427228,0.0,8.8,3.46,2528410220.650052,2.8132357737328222e-08,20.020172741877357,3.1228415834570438,2.1905109521830184,2,69.29153478296953,69.29148468224474,local__potential_shape__A3__ct1e-06__p4
fixed_RAR,invariant,UGC05750,92,outer_holdout,9.43,73.4,12.2,76.49069911981881,76.49069911981881,75.89921456890714,12.77295333930258,73.9720081068494,4.211597147136361e-12,7.691428609749025,,,0.4342092971202623,0.6999999951786569,0.8156339989129401,60.365632508703285,2,5910745542.168889,11.320988557333273,15.71073754802972,0.720589248131959,2.620208073302734,2,8,2806141227.954446,0.5208825505427228,0.0,8.8,3.46,2364280728.4543457,2.6306170850412177e-08,18.192889185560087,2.365345907586046,1.572682099898941,2,76.49074140409428,76.49069911981881,local__potential_shape__A3__ct1e-06__p4
fixed_RAR,invariant,UGC05750,92,outer_holdout,11.43,77.6,11.0,79.74014721092054,79.74014721092054,80.24222139710074,11.549034536412435,77.11445814722931,3.4450540636358705e-12,9.322696607574905,,,0.4342092971202623,0.6999999951786569,0.8156339989129401,60.365632508703285,2,5910745542.168889,11.320988557333273,15.71073754802972,0.720589248131959,2.620208073302734,2,8,2806141227.954446,0.5208825505427228,0.0,8.8,3.46,2172842200.291504,2.4176129959500095e-08,20.44003336918231,2.19250225868922,1.0654015839955093,2,79.74017865681633,79.74014721092054,local__potential_shape__A3__ct1e-06__p4
fixed_RAR,invariant,UGC05750,92,outer_holdout,22.85,78.9,11.0,101.9810172795422,101.9810172795422,81.58648541535115,11.549034536412435,98.6229793132124,2.3718638547876363e-12,18.63723687516068,,,0.4342092971202623,0.6999999951786569,0.8156339989129401,60.365632508703285,2,5910745542.168889,11.320988557333273,15.71073754802972,0.720589248131959,2.620208073302734,2,8,2806141227.954446,0.5208825505427228,0.0,8.8,3.46,1364023419.9622982,1.5176807346794994e-08,18.63723687516068,1.0,1.8569072920008125,2,101.98102352524097,101.98101727954221,local__potential_shape__A3__ct1e-06__p4
fixed_RAR,invariant,UGC05764,93,outer_holdout,2.9,54.55,0.71,57.72735039208344,57.72735039208344,50.14809324296051,2.1038122382337767,62.79455030586219,5.833499449940385e-12,3.6631918828816032,,,0.7189296715430117,0.6999999970703281,1.2631696147867597,70.39761867713584,3,637967018.5040326,2.617444232732748,3.418665644861349,0.7656332922370078,0.8608228020906034,1,10,266603712.0457141,0.813154469367731,0.0,1.2,1.17,740145514.4108633,8.235229480970814e-09,4.111851342168867,1.1224777389860157,0.9986400016196626,0,57.72735072652506,57.72735039208345,local__potential_shape__A3__ct1e-06__p4
fixed_RAR,invariant,UGC05764,93,outer_holdout,3.26,50.0,2.65,58.58306052006267,58.58306052006267,45.96525503479424,3.1519626138633083,63.72537308421019,4.976315186001145e-12,4.117932944204837,,,0.7189296715430117,0.6999999970703281,1.2631696147867597,70.39761867713584,3,637967018.5040326,2.617444232732748,3.418665644861349,0.7656332922370078,0.8608228020906034,1,10,266603712.0457141,0.813154469367731,0.0,1.2,1.17,664581108.9894822,7.394462081693232e-09,4.328023072629763,1.0510183461633549,0.5669585913151991,0,58.583060740677276,58.58306052006267,local__potential_shape__A3__ct1e-06__p4
fixed_RAR,invariant,UGC05764,93,outer_holdout,3.62,49.9,2.77,59.13459246022006,59.13459246022006,45.87332452472465,3.2379832584877333,64.32531747670828,4.25273468400634e-12,4.572674005528071,,,0.7189296715430117,0.6999999970703281,1.2631696147867597,70.39761867713584,3,637967018.5040326,2.617444232732748,3.418665644861349,0.7656332922370078,0.8608228020906034,1,10,266603712.0457141,0.813154469367731,0.0,1.2,1.17,600052259.1989757,6.676481798328407e-09,4.572674005528071,1.0,0.4329035923469746,0,59.13459260822225,59.13459246022006,local__potential_shape__A3__ct1e-06__p4
fixed_RAR,invariant,UGC05829,94,outer_holdout,5.03,57.6,5.06,60.26835863070392,60.26835863070392,54.70665588125281,5.205379949878708,63.455851965503975,5.969805467152568e-12,3.942067486444053,,,0.5328994902601409,0.7000000101377493,0.7837112299093543,36.06960820721774,4,1396099267.2361841,3.9936896334851877,4.722158388017613,0.8457339431093839,1.273423318738735,3,10,1629426912.6188536,0.8350113708464699,0.0,2.91,1.99,1414943522.9842834,1.5743369901611673e-08,7.681187754360912,1.9485175687059932,3.3041289590447604,3,60.2683637460098,60.26835863070392,local__potential_shape__A3__ct1e-06__p4
fixed_RAR,invariant,UGC05829,94,outer_holdout,5.65,60.7,5.06,66.50857321057202,66.50857321057202,57.65093770819524,5.205379949878708,70.02610112459354,6.904416758840402e-12,4.427968448987852,,,0.5328994902601409,0.7000000101377493,0.7837112299093543,36.06960820721774,4,1396099267.2361841,3.9936896334851877,4.722158388017613,0.8457339431093839,1.273423318738735,3,10,1629426912.6188536,0.8350113708464699,0.0,2.91,1.99,1318463838.1054559,1.4669888633727045e-08,6.188575298474763,1.3976105226967803,2.663914188491276,3,66.50857746632445,66.50857321057202,local__potential_shape__A3__ct1e-06__p4
fixed_RAR,invariant,UGC05829,94,outer_holdout,6.29,65.6,5.06,70.43031783273803,70.43031783273803,62.3048025314268,5.205379949878708,74.15526030272147,6.995131561302262e-12,4.929543636129838,,,0.5328994902601409,0.7000000101377493,0.7837112299093543,36.06960820721774,4,1396099267.2361841,3.9936896334851877,4.722158388017613,0.8457339431093839,1.273423318738735,3,10,1629426912.6188536,0.8350113708464699,0.0,2.91,1.99,1210891206.0289242,1.3472981682629163e-08,5.609946157379041,1.1380254586372591,1.7573452969677987,3,70.43032103905159,70.43031783273803,local__potential_shape__A3__ct1e-06__p4
fixed_RAR,invariant,UGC05829,94,outer_holdout,6.91,68.6,5.06,72.74161736579724,72.74161736579724,65.15410752524205,5.205379949878708,76.58880062719656,6.63527012985988e-12,5.415444598673638,,,0.5328994902601409,0.7000000101377493,0.7837112299093543,36.06960820721774,4,1396099267.2361841,3.9936896334851877,4.722158388017613,0.8457339431093839,1.273423318738735,3,10,1629426912.6188536,0.8350113708464699,0.0,2.91,1.99,1108774605.618112,1.2336781270918212e-08,5.415444598673639,1.0000000000000002,1.1190329380442563,3,72.74161969379139,72.74161736579723,local__potential_shape__A3__ct1e-06__p4
fixed_RAR,invariant,UGC05918,95,outer_holdout,3.34,41.2,3.93,44.36297326996704,44.36297326996704,40.31705890460335,4.334744071504085,45.3345196396246,2.867021038815267e-12,3.186049472241125,,,0.5204452892904312,0.7000000000250939,0.9539070276171034,47.31510020560173,0,372328119.7123155,2.8891967020271947,3.8126955478610385,0.7577832181350184,0.6576238681338323,1,10,537995094.6585208,0.7342260253334149,0.0,2.63,1.66,470513419.9782709,5.235167831128028e-09,5.318517465436253,1.6693141496309256,1.59200603904182,0,44.36297331139894,44.362973269967036,local__potential_shape__A3__ct1e-06__p4
fixed_RAR,invariant,UGC05918,95,outer_holdout,3.9,42.6,3.93,47.828700581856914,47.828700581856914,41.68705605184715,4.334744071504085,48.87614616520331,2.842781097796342e-12,3.720237407706704,,,0.5204452892904312,0.7000000000250939,0.9539070276171034,47.31510020560173,0,372328119.7123155,2.8891967020271947,3.8126955478610385,0.7577832181350184,0.6576238681338323,1,10,537995094.6585208,0.7342260253334149,0.0,2.63,1.66,423460621.24417055,4.711634839638265e-09,4.827464247202012,1.297622629459512,2.008723309362665,0,47.82870061116361,47.828700581856914,local__potential_shape__A3__ct1e-06__p4
fixed_RAR,invariant,UGC05918,95,outer_holdout,4.46,44.5,3.93,51.26502918981716,51.26502918981716,43.54633789453517,4.334744071504085,52.38773015705538,2.867177412263497e-12,4.254425343172281,,,0.5204452892904312,0.7000000000250939,0.9539070276171034,47.31510020560173,0,372328119.7123155,2.8891967020271947,3.8126955478610385,0.7577832181350184,0.6576238681338323,1,10,537995094.6585208,0.7342260253334149,0.0,2.63,1.66,376396883.4852784,4.187980135083024e-09,4.254425343172281,1.0,2.1186537802328758,0,51.26502920942507,51.26502918981715,local__potential_shape__A3__ct1e-06__p4
fixed_RAR,invariant,UGC05986,96,outer_holdout,6.9,116.0,2.28,114.42186053672998,114.42186053672998,116.00441709274548,3.032951681266669,114.41750370288892,9.006594032891792e-12,11.28921806942587,,,0.3393714736999181,0.700000000285409,1.6361185607863578,89.5,1,9208114045.398098,6.19576639507016,8.448734044525061,0.7333366587725806,3.2703933688290747,0,9,5973630065.425391,0.5937947213253496,0.0,3.12,1.67,3407429266.639878,3.7912763645256e-08,12.26071271475703,1.0860550871952965,0.17062522916359057,1,114.42214110831021,114.42186053672998,local__potential_shape__A3__ct1e-06__p4
fixed_RAR,invariant,UGC05986,96,outer_holdout,7.54,114.0,3.05,113.50355588300408,113.50355588300408,114.004340935974,3.647356366171932,113.49923401539036,7.475504713087391e-12,12.336333948329138,,,0.3393714736999181,0.700000000285409,1.6361185607863578,89.5,1,9208114045.398098,6.19576639507016,8.448734044525061,0.7333366587725806,3.2703933688290747,0,9,5973630065.425391,0.5937947213253496,0.0,3.12,1.67,3142288853.87016,3.496267869395294e-08,13.622444276232025,1.1042538515323737,-0.22686342339983412,1,113.50375717270693,113.50355588300408,local__potential_shape__A3__ct1e-06__p4
fixed_RAR,invariant,UGC05986,96,outer_holdout,8.16,112.0,3.69,112.15032769309074,112.15032769309074,112.00426477920254,4.19727732916934,112.14605735226,6.2137961459177436e-12,13.35072745601668,,,0.3393714736999181,0.700000000285409,1.6361185607863578,89.5,1,9208114045.398098,6.19576639507016,8.448734044525061,0.7333366587725806,3.2703933688290747,0,9,5973630065.425391,0.5937947213253496,0.0,3.12,1.67,2928912909.631765,3.25885511307795e-08,15.275622301122254,1.1441790233114297,0.015294517784866457,1,112.15047781853482,112.15032769309076,local__potential_shape__A3__ct1e-06__p4
fixed_RAR,invariant,UGC05986,96,outer_holdout,8.79,109.0,5.1,112.51282672229648,112.51282672229648,109.00415054404532,5.478319165158195,112.50854257861349,5.495835239937057e-12,14.381482149312085,,,0.3393714736999181,0.700000000285409,1.6361185607863578,89.5,1,9208114045.398098,6.19576639507016,8.448734044525061,0.7333366587725806,3.2703933688290747,0,9,5973630065.425391,0.5937947213253496,0.0,3.12,1.67,2743071048.7075763,3.052078156103543e-08,16.1753172284469,1.124732281451298,1.0966111906964215,1,112.51294259426014,112.51282672229648,local__potential_shape__A3__ct1e-06__p4
fixed_RAR,invariant,UGC05986,96,outer_holdout,9.41,107.0,6.39,115.93671933881608,115.93671933881608,107.00407438727386,6.695909923237734,115.93230482379364,5.414675608398965e-12,15.395875656999626,,,0.3393714736999181,0.700000000285409,1.6361185607863578,89.5,1,9208114045.398098,6.19576639507016,8.448734044525061,0.7333366587725806,3.2703933688290747,0,9,5973630065.425391,0.5937947213253496,0.0,3.12,1.67,2572334150.0430303,2.8621077362340148e-08,15.395875656999626,1.0,2.466828143040175,1,115.9368116722063,115.93671933881608,local__potential_shape__A3__ct1e-06__p4
fixed_RAR,invariant,UGC06399,97,outer_holdout,6.11,84.1,4.9,85.15978247449036,85.15978247449036,84.01020707735785,5.287604068596382,85.25080410181373,8.297875586885373e-12,6.549280315531727,,,0.5351759210958241,0.700000024876153,1.0718953053243416,75.23027711126451,2,3254176337.1486297,4.8290202017953,6.669832659109163,0.7240091991213876,1.94417426528009,1,9,2090155824.4415789,0.4288771150540865,0.0,3.45,2.05,2084302961.143033,2.3190998065485188e-08,8.140355683418148,1.2429389629442427,1.199470653445644,2,85.15981113082513,85.15978247449036,local__potential_shape__A3__ct1e-06__p4
fixed_RAR,invariant,UGC06399,97,outer_holdout,6.98,85.6,4.9,87.86650381109523,87.86650381109523,85.50860553890406,5.287604068596382,87.96041847282532,7.317409873508739e-12,7.481829231163905,,,0.5351759210958241,0.700000024876153,1.0718953053243416,75.23027711126451,2,3254176337.1486297,4.8290202017953,6.669832659109163,0.7240091991213876,1.94417426528009,1,9,2090155824.4415789,0.4288771150540865,0.0,3.45,2.05,1860242787.3474724,2.0697992416155048e-08,8.238757159687683,1.101168832532419,0.9558419964774885,2,87.86652257160576,87.86650381109523,local__potential_shape__A3__ct1e-06__p4
fixed_RAR,invariant,UGC06399,97,outer_holdout,7.85,87.6,4.9,89.79187306561684,89.79187306561684,87.50647015429902,5.287604068596382,89.88784562648257,6.406304468041976e-12,8.414378146796082,,,0.5351759210958241,0.700000024876153,1.0718953053243416,75.23027711126451,2,3254176337.1486297,4.8290202017953,6.669832659109163,0.7240091991213876,1.94417426528009,1,9,2090155824.4415789,0.4288771150540865,0.0,3.45,2.05,1663336608.3642364,1.8507115705325032e-08,8.414378146796082,1.0,0.780091598747731,2,89.7918853202538,89.79187306561685,local__potential_shape__A3__ct1e-06__p4
fixed_RAR,invariant,UGC06446,98,outer_holdout,6.98,82.1,4.6,89.09004989809658,89.09004989809658,80.3788434283746,4.927686776869964,90.997740010423,7.04397326954851e-12,7.857050808786404,,,0.7543538984954946,0.6999999940489606,1.125651978336161,52.54083728411197,3,4356458141.179828,6.473474917252411,8.313032940065364,0.7787139740602919,2.2494762980177145,3,7,2319870570.9189606,0.7905915196266651,0.0,2.06,1.49,2286946470.052666,2.544571118095724e-08,10.521744578808752,1.339146816645562,1.886712574880164,3,89.09009788685105,89.0900498980966,local__potential_shape__A3__ct1e-06__p4
fixed_RAR,invariant,UGC06446,98,outer_holdout,7.62,82.8,4.6,92.93726452230314,92.93726452230314,81.06416852459704,4.927686776869964,94.92733525184768,7.004030834022203e-12,8.577468074921546,,,0.7543538984954946,0.6999999940489606,1.125651978336161,52.54083728411197,3,4356458141.179828,6.473474917252411,8.313032940065364,0.7787139740602919,2.2494762980177145,3,7,2319870570.9189606,0.7905915196266651,0.0,2.06,1.49,2130811542.8755796,2.370847582620211e-08,9.859308277622985,1.1494427249982115,1.418499670722099,3,92.93730224966183,92.93726452230314,local__potential_shape__A3__ct1e-06__p4
fixed_RAR,invariant,UGC06446,98,outer_holdout,8.28,84.9,5.5,94.5093533162002,94.5093533162002,83.12014381326436,5.744124282246308,96.53308726909287,6.4079793668458276e-12,9.320398380623413,,,0.7543538984954946,0.6999999940489606,1.125651978336161,52.54083728411197,3,4356458141.179828,6.473474917252411,8.313032940065364,0.7787139740602919,2.2494762980177145,3,7,2319870570.9189606,0.7905915196266651,0.0,2.06,1.49,1977275986.258096,2.2000162369435442e-08,9.999899654694206,1.0729047457331264,0.018245581698181468,3,94.50938176280047,94.5093533162002,local__potential_shape__A3__ct1e-06__p4
fixed_RAR,invariant,UGC06446,98,outer_holdout,8.9,84.3,5.5,92.7055885399783,92.7055885399783,82.53272230221654,5.744124282246308,94.69069837903898,5.2449219106786865e-12,10.018302607191831,,,0.7543538984954946,0.6999999940489606,1.125651978336161,52.54083728411197,3,4356458141.179828,6.473474917252411,8.313032940065364,0.7787139740602919,2.2494762980177145,3,7,2319870570.9189606,0.7905915196266651,0.0,2.06,1.49,1852371257.9422505,2.0610409839815567e-08,11.44559730599393,1.1424687149874557,0.08838125510794725,3,92.70561003334753,92.70558853997828,local__potential_shape__A3__ct1e-06__p4
fixed_RAR,invariant,UGC06446,98,outer_holdout,9.52,83.2,7.0,93.93515660323064,93.93515660323064,81.45578286529557,7.139121006904806,95.94659525049586,4.867931067441478e-12,10.716206833760252,,,0.7543538984954946,0.6999999940489606,1.125651978336161,52.54083728411197,3,4356458141.179828,6.473474917252411,8.313032940065364,0.7787139740602919,2.2494762980177145,3,7,2319870570.9189606,0.7905915196266651,0.0,2.06,1.49,1743576747.0391848,1.9399907653269348e-08,11.607698081746303,1.0831909333046377,1.0254358618461197,3,93.93517369861678,93.93515660323065,local__potential_shape__A3__ct1e-06__p4
fixed_RAR,invariant,UGC06446,98,outer_holdout,10.22,80.1,10.8,95.76147246045024,95.76147246045024,78.4207717248819,10.761075515574932,97.81201810907856,4.588112091538596e-12,11.504163218595563,,,0.7543538984954946,0.6999999940489606,1.125651978336161,52.54083728411197,3,4356458141.179828,6.473474917252411,8.313032940065364,0.7787139740602919,2.2494762980177145,3,7,2319870570.9189606,0.7905915196266651,0.0,2.06,1.49,1628694386.5073106,1.812166900441573e-08,11.504163218595563,1.0,1.3058133052034009,3,95.76148572937446,95.76147246045022,local__potential_shape__A3__ct1e-06__p4
fixed_RAR,invariant,UGC06614,99,outer_holdout,34.96,201.0,7.2,198.7674221276919,198.7674221276919,226.70904933334472,8.363573437938173,176.2269832860608,9.43061451631116e-12,33.1914451445991,,,0.4668917918434981,0.6076292345941495,0.949412046470226,31.408065075486043,4,112664115606.64542,13.1968849516095,43.73004163176749,0.3017807543549806,11.439510854379678,-1,1,98684873852.68596,0.2949898891643329,0.7185306291713213,3.68,5.1,13267099310.4688,1.4761638791462032e-07,45.5916638327265,1.3735968299694585,0.31431500506641896,3,198.77424765522474,198.7674221276919,local__potential_shape__A3__ct1e-06__p4
fixed_RAR,invariant,UGC06614,99,outer_holdout,36.84,202.0,17.1,199.04024472621347,199.04024472621347,227.83695505142103,19.390606293421424,176.46886750931563,8.638052645170306e-12,34.97633979196313,,,0.4668917918434981,0.6076292345941495,0.949412046470226,31.408065075486043,4,112664115606.64542,13.1968849516095,43.73004163176749,0.3017807543549806,11.439510854379678,-1,1,98684873852.68596,0.2949898891643329,0.7185306291713213,3.68,5.1,12770033276.09247,1.420857824045086e-07,47.90994112523138,1.36978144111695,0.40208730644737045,3,199.04611186502896,199.04024472621344,local__potential_shape__A3__ct1e-06__p4
fixed_RAR,invariant,UGC06614,99,outer_holdout,47.38,205.0,16.0,207.09990711578783,207.09990711578783,231.2206722056501,18.156978137083907,183.61455554015583,6.34966792197592e-12,44.9831427617593,,,0.4668917918434981,0.6076292345941495,0.949412046470226,31.408065075486043,4,112664115606.64542,13.1968849516095,43.73004163176749,0.3017807543549806,11.439510854379678,-1,1,98684873852.68596,0.2949898891643329,0.7185306291713213,3.68,5.1,10488948887.35774,1.1670529567462129e-07,53.53408830175732,1.1900922215525431,0.718898495460806,3,207.10268634925006,207.09990711578783,local__potential_shape__A3__ct1e-06__p4
fixed_RAR,invariant,UGC06614,99,outer_holdout,64.59,204.0,16.0,215.4809581891779,215.4809581891779,230.09276648757373,18.156978137083907,191.04518643338693,4.175957889815448e-12,61.32252408151189,,,0.4668917918434981,0.6076292345941495,0.949412046470226,31.408065075486043,4,112664115606.64542,13.1968849516095,43.73004163176749,0.3017807543549806,11.439510854379678,-1,1,98684873852.68596,0.2949898891643329,0.7185306291713213,3.68,5.1,7901811736.938512,8.791951272029776e-08,61.322524081511894,1.0000000000000002,0.5762699110129574,3,215.48188970330378,215.48095818917787,local__potential_shape__A3__ct1e-06__p4
fixed_RAR,invariant,UGC06667,100,outer_holdout,6.11,84.0,3.0,90.20101972392584,90.20101972392584,83.99960401184825,3.605539508256159,90.2014449465862,5.281310558185655e-12,9.448266691964513,,,0.9730008731329168,0.6999999990782602,1.5463611607143228,89.01559572676055,0,5057273859.881074,8.00564423309869,10.250036558407341,0.7810356760661753,2.42366663799227,4,6,1969277266.5759685,0.5463781145815063,0.0,3.5,5.15,2223574718.612356,2.474060535303447e-08,13.644558139914801,1.4441334675194042,1.9409026856852734,1,90.20106328914395,90.20101972392582,local__potential_shape__A3__ct1e-06__p4
fixed_RAR,invariant,UGC06667,100,outer_holdout,6.98,85.0,3.0,96.8944974301778,96.8944974301778,84.99959929770358,3.605539508256159,96.8949542070091,5.37847263749234e-12,10.793600901785974,,,0.9730008731329168,0.6999999990782602,1.5463611607143228,89.01559572676055,0,5057273859.881074,8.00564423309869,10.250036558407341,0.7810356760661753,2.42366663799227,4,6,1969277266.5759685,0.5463781145815063,0.0,3.5,5.15,2002278048.9668164,2.227834783417858e-08,12.064654168857377,1.117759891127815,1.5342126310414415,1,96.89452819952525,96.8944974301778,local__potential_shape__A3__ct1e-06__p4
fixed_RAR,invariant,UGC06667,100,outer_holdout,7.85,85.7,3.4,99.49921250168602,99.49921250168602,85.69959599780232,3.9446027695108,99.49968155757888,4.783720926632543e-12,12.138935111607434,,,0.9730008731329168,0.6999999990782602,1.5463611607143228,89.01559572676055,0,5057273859.881074,8.00564423309869,10.250036558407341,0.7810356760661753,2.42366663799227,4,6,1969277266.5759685,0.5463781145815063,0.0,3.5,5.15,1791830690.5246565,1.993680518250853e-08,12.138935111607434,1.0,0.47053531355754785,1,99.49923276587455,99.49921250168602,local__potential_shape__A3__ct1e-06__p4
fixed_RAR,invariant,UGC06786,101,outer_holdout,11.99,228.0,5.71,213.54574126986145,213.54574126986145,222.48402130237253,5.919933133007586,218.8401159081764,3.770901643886676e-11,16.817553257063626,,,0.4639119076445219,0.5104538951730384,1.4026316311145643,67.0841277350101,1,87583600340.04774,6.700375386261513,13.13402905939259,0.5101538420512208,10.08616447106808,-1,0,52125120965.57443,0.1283431074321781,0.3474458307017618,3.42,3.6,21557330331.862904,2.398576480211363e-07,18.526749375304483,1.1016316756733306,0.42504097148867004,3,213.83526771149945,213.5457412698614,local__potential_shape__A3__ct1e-06__p4
fixed_RAR,invariant,UGC06786,101,outer_holdout,12.1,228.0,9.96,213.56003016502092,213.56003016502092,222.48402130237253,9.92268691877176,218.85475906356933,3.7171436129178936e-11,16.971842736486227,,,0.4639119076445219,0.5104538951730384,1.4026316311145643,67.0841277350101,1,87583600340.04774,6.700375386261513,13.13402905939259,0.5101538420512208,10.08616447106808,-1,0,52125120965.57443,0.1283431074321781,0.3474458307017618,3.42,3.6,21379087071.85498,2.3787442428874634e-07,18.639285920757835,1.0982476216732153,0.41194773418237673,3,213.8401542081162,213.56003016502092,local__potential_shape__A3__ct1e-06__p4
fixed_RAR,invariant,UGC06786,101,outer_holdout,12.33,228.0,8.24,213.53269538312375,213.53269538312375,222.48402130237253,8.285653986367883,218.82674657873528,3.6054243067444974e-11,17.29444801164258,,,0.4639119076445219,0.5104538951730384,1.4026316311145643,67.0841277350101,1,87583600340.04774,6.700375386261513,13.13402905939259,0.5101538420512208,10.08616447106808,-1,0,52125120965.57443,0.1283431074321781,0.3474458307017618,3.42,3.6,21014668143.68283,2.3381971688016892e-07,18.889288888188506,1.0922169285467962,0.3902003804305423,3,213.79423608875845,213.53269538312378,local__potential_shape__A3__ct1e-06__p4
fixed_RAR,invariant,UGC06786,101,outer_holdout,12.78,229.0,1.74,213.57075397925084,213.57075397925084,223.45982841334788,2.623524206136109,218.86574875006505,3.405775906386349e-11,17.92563224564413,,,0.4639119076445219,0.5104538951730384,1.4026316311145643,67.0841277350101,1,87583600340.04774,6.700375386261513,13.13402905939259,0.5101538420512208,10.08616447106808,-1,0,52125120965.57443,0.1283431074321781,0.3474458307017618,3.42,3.6,20332207308.150455,2.2622631601107396e-07,19.347190820566162,1.0793031205505996,0.3998578281949108,3,213.80008224197306,213.57075397925084,local__potential_shape__A3__ct1e-06__p4
fixed_RAR,invariant,UGC06786,101,outer_holdout,14.93,228.0,1.64,213.36080065357143,213.36080065357143,222.48402130237253,2.5614518974900857,218.65059011541484,2.636058016950001e-11,20.941290252540444,,,0.4639119076445219,0.5104538951730384,1.4026316311145643,67.0841277350101,1,87583600340.04774,6.700375386261513,13.13402905939259,0.5101538420512208,10.08616447106808,-1,0,52125120965.57443,0.1283431074321781,0.3474458307017618,3.42,3.6,17545674223.752598,1.9522195408556856e-07,21.570715544973442,1.0300566624521448,0.28322543292080127,3,213.48802841200057,213.36080065357143,local__potential_shape__A3__ct1e-06__p4
fixed_RAR,invariant,UGC06786,101,outer_holdout,17.08,226.0,1.34,212.3569673538517,212.3569673538517,220.53240708042196,2.3895123883787552,217.62186908189375,2.075632340848277e-11,23.95694825943676,,,0.4639119076445219,0.5104538951730384,1.4026316311145643,67.0841277350101,1,87583600340.04774,6.700375386261513,13.13402905939259,0.5101538420512208,10.08616447106808,-1,0,52125120965.57443,0.1283431074321781,0.3474458307017618,3.42,3.6,15369691817.60564,1.7101088462385758e-07,23.99739970677198,1.0016885058521294,0.17735672910902167,3,212.43158239867924,212.35696735385167,local__potential_shape__A3__ct1e-06__p4
fixed_RAR,invariant,UGC06786,101,outer_holdout,19.23,226.0,1.39,211.06435908365947,211.06435908365947,220.53240708042196,2.4165563697955275,216.29721356785447,1.6642230975875464e-11,26.972606266333077,,,0.4639119076445219,0.5104538951730384,1.4026316311145643,67.0841277350101,1,87583600340.04774,6.700375386261513,13.13402905939259,0.5101538420512208,10.08616447106808,-1,0,52125120965.57443,0.1283431074321781,0.3474458307017618,3.42,3.6,13640477598.067112,1.51770781640875e-07,26.562410629936757,0.9847921393896473,0.06270524711459302,3,211.11038498573296,211.06435908365944,local__potential_shape__A3__ct1e-06__p4
fixed_RAR,invariant,UGC06786,101,outer_holdout,21.27,227.0,1.11,209.2964078493912,209.2964078493912,221.50821419139723,2.274468075379019,214.4854300561508,1.3602597296761674e-11,29.83397479380678,,,0.4639119076445219,0.5104538951730384,1.4026316311145643,67.0841277350101,1,87583600340.04774,6.700375386261513,13.13402905939259,0.5101538420512208,10.08616447106808,-1,0,52125120965.57443,0.1283431074321781,0.3474458307017618,3.42,3.6,12312040038.786018,1.369899203928966e-07,29.33307771891956,0.9832105149129776,0.043752446258508826,3,209.32670796692233,209.29640784939116,local__potential_shape__A3__ct1e-06__p4
fixed_RAR,invariant,UGC06786,101,outer_holdout,23.42,227.0,1.37,208.263472325219,208.263472325219,221.50821419139723,2.405656516424388,213.42688527557445,1.1312857038540982e-11,32.8496328007031,,,0.4639119076445219,0.5104538951730384,1.4026316311145643,67.0841277350101,1,87583600340.04774,6.700375386261513,13.13402905939259,0.5101538420512208,10.08616447106808,-1,0,52125120965.57443,0.1283431074321781,0.3474458307017618,3.42,3.6,11157784035.635761,1.24147090326843e-07,31.963557300857474,0.9730263194958253,-0.0002973287315626294,3,208.28381215748593,208.263472325219,local__potential_shape__A3__ct1e-06__p4
fixed_RAR,invariant,UGC06786,101,outer_holdout,25.57,224.0,2.79,206.5830744294444,206.5830744294444,218.58079285847128,3.378167590090888,211.7048257856666,9.42490284715215e-12,35.86529080759941,,,0.4639119076445219,0.5104538951730384,1.4026316311145643,67.0841277350101,1,87583600340.04774,6.700375386261513,13.13402905939259,0.5101538420512208,10.08616447106808,-1,0,52125120965.57443,0.1283431074321781,0.3474458307017618,3.42,3.6,10196879810.448837,1.1345558892667909e-07,35.06225734373611,0.9776097322569834,-0.11992847421510078,3,206.5971486388147,206.58307442944442,local__potential_shape__A3__ct1e-06__p4
fixed_RAR,invariant,UGC06786,101,outer_holdout,27.72,218.0,9.41,204.78015466076587,204.78015466076587,212.72595019261936,9.397630452659987,209.85720677531063,7.918137100142252e-12,38.88094881449573,,,0.4639119076445219,0.5104538951730384,1.4026316311145643,67.0841277350101,1,87583600340.04774,6.700375386261513,13.13402905939259,0.5101538420512208,10.08616447106808,-1,0,52125120965.57443,0.1283431074321781,0.3474458307017618,3.42,3.6,9392941530.152458,1.0451056920032493e-07,38.443954673799574,0.9887607130478967,-0.12161148098698504,3,204.79020032593291,204.7801546607659,local__potential_shape__A3__ct1e-06__p4
fixed_RAR,invariant,UGC06786,101,outer_holdout,29.87,215.0,8.18,203.50063646370464,203.50063646370464,209.79852885969345,8.22884894847681,208.54596587260565,6.774489428972766e-12,41.89660682139204,,,0.4639119076445219,0.5104538951730384,1.4026316311145643,67.0841277350101,1,87583600340.04774,6.700375386261513,13.13402905939259,0.5101538420512208,10.08616447106808,-1,0,52125120965.57443,0.1283431074321781,0.3474458307017618,3.42,3.6,8711386338.85211,9.692724498228527e-08,41.673517576927324,0.9946752431428215,-0.0758867266785046,3,203.50802256866075,203.50063646370467,local__potential_shape__A3__ct1e-06__p4
fixed_RAR,invariant,UGC06786,101,outer_holdout,32.02,219.0,5.06,202.47063107406217,202.47063107406217,213.7017573035947,5.327263422688248,207.4904238724936,5.868949941664351e-12,44.91226482828836,,,0.4639119076445219,0.5104538951730384,1.4026316311145643,67.0841277350101,1,87583600340.04774,6.700375386261513,13.13402905939259,0.5101538420512208,10.08616447106808,-1,0,52125120965.57443,0.1283431074321781,0.3474458307017618,3.42,3.6,8124623309.176071,9.039862580369291e-08,44.86341034874785,0.9989122240945253,-0.03991171478958222,3,202.47619122814078,202.47063107406217,local__potential_shape__A3__ct1e-06__p4
fixed_RAR,invariant,UGC06786,101,outer_holdout,34.05,211.0,7.05,201.76582951103276,201.76582951103276,205.89530041579212,7.164265247388976,206.768148378595,5.18419673332787e-12,47.75960703945091,,,0.4639119076445219,0.5104538951730384,1.4026316311145643,67.0841277350101,1,87583600340.04774,6.700375386261513,13.13402905939259,0.5101538420512208,10.08616447106808,-1,0,52125120965.57443,0.1283431074321781,0.3474458307017618,3.42,3.6,7639989542.188003,8.50063479236454e-08,47.75960703945091,1.0,0.0034000473781361507,3,201.770162006839,201.76582951103273,local__potential_shape__A3__ct1e-06__p4
fixed_RAR,invariant,UGC06787,102,outer_holdout,11.38,247.0,1.99,229.7000474360421,229.7000474360421,236.81079794289644,2.7640760138121223,239.5832969169905,4.260823204740805e-11,18.01555388321669,,,0.5269534223268544,0.2986003122450651,1.583089093428531,72.33600729896555,2,135529961810.38878,8.739232394077408,23.961766203282586,0.3647157025044422,12.546780686539051,1,2,79052816299.14885,0.0846257010589517,0.5408890237266238,2.88,5.37,28838811333.56034,3.208750504680564e-07,21.934780677594713,1.2175468386808346,0.30517787096374605,4,230.01296302006028,229.7000474360421,local__potential_shape__A3__ct1e-06__p4
fixed_RAR,invariant,UGC06787,102,outer_holdout,12.4,238.0,3.15,228.91587995084495,228.91587995084495,228.1820644146128,3.622256573188948,238.76538924332775,3.677891153552149e-11,19.630304758513788,,,0.5269534223268544,0.2986003122450651,1.583089093428531,72.33600729896555,2,135529961810.38878,8.739232394077408,23.961766203282586,0.3647157025044422,12.546780686539051,1,2,79052816299.14885,0.0846257010589517,0.5408890237266238,2.88,5.37,26866675154.53208,2.989320761666448e-07,23.673610985726118,1.20597266710588,0.32950645736372053,4,229.15143159226014,228.915879950845,local__potential_shape__A3__ct1e-06__p4
fixed_RAR,invariant,UGC06787,102,outer_holdout,13.41,229.0,1.67,228.78475037911352,228.78475037911352,219.5533308863291,2.5619429053602945,238.6286175906032,3.236964943675069e-11,21.229224742876603,,,0.5269534223268544,0.2986003122450651,1.583089093428531,72.33600729896555,2,135529961810.38878,8.739232394077408,23.961766203282586,0.3647157025044422,12.546780686539051,1,2,79052816299.14885,0.0846257010589517,0.5408890237266238,2.88,5.37,25164599268.521088,2.7999392786686835e-07,25.194252503704703,1.1867721411804524,0.33847835191738795,4,228.9662960704253,228.78475037911355,local__potential_shape__A3__ct1e-06__p4
fixed_RAR,invariant,UGC06787,102,outer_holdout,14.43,223.0,3.52,228.44851823766516,228.44851823766516,213.8008418674733,3.922911107492409,238.27791846852276,2.8597321543218027e-11,22.843975618173705,,,0.5269534223268544,0.2986003122450651,1.583089093428531,72.33600729896555,2,135529961810.38878,8.739232394077408,23.961766203282586,0.3647157025044422,12.546780686539051,1,2,79052816299.14885,0.0846257010589517,0.5408890237266238,2.88,5.37,23648816952.132004,2.631285750739144e-07,26.79992113335028,1.1731723751284953,0.2867250621183075,4,228.59011282005068,228.44851823766513,local__potential_shape__A3__ct1e-06__p4
fixed_RAR,invariant,UGC06787,102,outer_holdout,15.44,220.0,1.13,228.010936228478,228.010936228478,210.92459735804545,2.274582158115986,237.82150872197357,2.5430958026893907e-11,24.44289560253652,,,0.5269534223268544,0.2986003122450651,1.583089093428531,72.33600729896555,2,135529961810.38878,8.739232394077408,23.961766203282586,0.3647157025044422,12.546780686539051,1,2,79052816299.14885,0.0846257010589517,0.5408890237266238,2.88,5.37,22318414048.732758,2.483258464235037e-07,28.441340647052073,1.1635831167278161,0.27045627837958364,4,228.12316026431284,228.010936228478,local__potential_shape__A3__ct1e-06__p4
fixed_RAR,invariant,UGC06787,102,outer_holdout,16.57,220.0,1.12,227.68584865037843,227.68584865037843,210.92459735804545,2.270031285648844,237.4824336777268,2.2514837036428632e-11,26.23178627811076,,,0.5269534223268544,0.2986003122450651,1.583089093428531,72.33600729896555,2,135529961810.38878,8.739232394077408,23.961766203282586,0.3647157025044422,12.546780686539051,1,2,79052816299.14885,0.0846257010589517,0.5408890237266238,2.88,5.37,20997704862.70571,2.3363097492486847e-07,30.22403712486121,1.1521913454320036,0.2895790382510768,4,227.77372654500712,227.68584865037843,local__potential_shape__A3__ct1e-06__p4
fixed_RAR,invariant,UGC06787,102,outer_holdout,17.58,224.0,1.93,227.5767290698153,227.5767290698153,214.7595900372826,2.7246872899544656,237.36861903484217,2.0361811764381225e-11,27.830706262473573,,,0.5269534223268544,0.2986003122450651,1.583089093428531,72.33600729896555,2,135529961810.38878,8.739232394077408,23.961766203282586,0.3647157025044422,12.546780686539051,1,2,79052816299.14885,0.0846257010589517,0.5408890237266238,2.88,5.37,19941404391.81677,2.2187804714342802e-07,31.7386738976165,1.1404192764023513,0.27478318012674663,4,227.64822205299077,227.57672906981526,local__potential_shape__A3__ct1e-06__p4
fixed_RAR,invariant,UGC06787,102,outer_holdout,18.6,228.0,2.04,227.32439578425263,227.32439578425263,218.5945827165198,2.7973799559290686,237.1054286648279,1.8447669656380557e-11,29.44545713777068,,,0.5269534223268544,0.2986003122450651,1.583089093428531,72.33600729896555,2,135529961810.38878,8.739232394077408,23.961766203282586,0.3647157025044422,12.546780686539051,1,2,79052816299.14885,0.0846257010589517,0.5408890237266238,2.88,5.37,18975776294.853016,2.1113398558129133e-07,33.33553991531882,1.1321114751028334,0.21140887794217633,4,227.38297698007116,227.32439578425272,local__potential_shape__A3__ct1e-06__p4
fixed_RAR,invariant,UGC06787,102,outer_holdout,19.61,234.0,2.55,226.87011391178535,226.87011391178535,224.3470717353756,3.1586524564068745,236.63160051394064,1.6751175299003238e-11,31.044377122133493,,,0.5269534223268544,0.2986003122450651,1.583089093428531,72.33600729896555,2,135529961810.38878,8.739232394077408,23.961766203282586,0.3647157025044422,12.546780686539051,1,2,79052816299.14885,0.0846257010589517,0.5408890237266238,2.88,5.37,18108506015.76017,2.014843023348284e-07,35.03376342921221,1.1285059220671054,0.2442554456125663,4,226.91861799530037,226.87011391178538,local__potential_shape__A3__ct1e-06__p4
fixed_RAR,invariant,UGC06787,102,outer_holdout,20.62,239.0,2.91,226.9243826368712,226.9243826368712,229.1408125844221,3.432762886300693,236.68820424659404,1.5387654199049325e-11,32.64329710649631,,,0.5269534223268544,0.2986003122450651,1.583089093428531,72.33600729896555,2,135529961810.38878,8.739232394077408,23.961766203282586,0.3647157025044422,12.546780686539051,1,2,79052816299.14885,0.0846257010589517,0.5408890237266238,2.88,5.37,17316438411.330685,1.9267136169016118e-07,36.46998707174384,1.1172274342497706,0.3997650946049589,4,226.96496250592912,226.92438263687123,local__potential_shape__A3__ct1e-06__p4
fixed_RAR,invariant,UGC06787,102,outer_holdout,21.64,243.0,3.08,227.57195845354207,227.57195845354207,232.97580526365925,3.566494134447455,237.3636431543937,1.430337498412194e-11,34.25804798179341,,,0.5269534223268544,0.2986003122450651,1.583089093428531,72.33600729896555,2,135529961810.38878,8.739232394077408,23.961766203282586,0.3647157025044422,12.546780686539051,1,2,79052816299.14885,0.0846257010589517,0.5408890237266238,2.88,5.37,16577291985.726086,1.844472485713533e-07,37.55990778543595,1.096382018187298,0.5517571807682771,4,227.6061461782004,227.57195845354212,local__potential_shape__A3__ct1e-06__p4
fixed_RAR,invariant,UGC06787,102,outer_holdout,22.77,245.0,3.6,228.7322335038085,228.7322335038085,234.89330160327785,3.989085956499345,238.5738410841558,1.3333448348884199e-11,36.04693865736765,,,0.5269534223268544,0.2986003122450651,1.583089093428531,72.33600729896555,2,135529961810.38878,8.739232394077408,23.961766203282586,0.3647157025044422,12.546780686539051,1,2,79052816299.14885,0.0846257010589517,0.5408890237266238,2.88,5.37,15815064296.687115,1.7596632176200498e-07,38.43951803977529,1.0663739965590286,0.6539113618041483,4,228.76070433120162,228.73223350380846,local__potential_shape__A3__ct1e-06__p4
fixed_RAR,invariant,UGC06787,102,outer_holdout,23.78,247.0,2.67,229.92110665879235,229.92110665879235,236.81079794289644,3.248518277743711,239.81386760250655,1.2592388032513876e-11,37.64585864173047,,,0.5269534223268544,0.2986003122450651,1.583089093428531,72.33600729896555,2,135529961810.38878,8.739232394077408,23.961766203282586,0.3647157025044422,12.546780686539051,1,2,79052816299.14885,0.0846257010589517,0.5408890237266238,2.88,5.37,15175812557.375198,1.6885368692622723e-07,39.05649898132384,1.0374713285999984,0.6101565089951464,4,229.94537515848904,229.92110665879235,local__potential_shape__A3__ct1e-06__p4
fixed_RAR,invariant,UGC06787,102,outer_holdout,24.79,249.0,3.37,230.68855996744804,230.68855996744804,238.72829428251504,3.799900047290108,240.61434194271664,1.1850850216886615e-11,39.244778626093286,,,0.5269534223268544,0.2986003122450651,1.583089093428531,72.33600729896555,2,135529961810.38878,8.739232394077408,23.961766203282586,0.3647157025044422,12.546780686539051,1,2,79052816299.14885,0.0846257010589517,0.5408890237266238,2.88,5.37,14573140063.199034,1.6214805108195637e-07,39.85227189159,1.0154795946560087,0.42885475284913355,4,230.70926858470673,230.68855996744801,local__potential_shape__A3__ct1e-06__p4
fixed_RAR,invariant,UGC06787,102,outer_holdout,25.81,250.0,2.08,230.8609230293505,230.8609230293505,239.68704245232436,2.8243261952166017,240.7941212292176,1.1074773055441824e-11,40.859529501390384,,,0.5269534223268544,0.2986003122450651,1.583089093428531,72.33600729896555,2,135529961810.38878,8.739232394077408,23.961766203282586,0.3647157025044422,12.546780686539051,1,2,79052816299.14885,0.0846257010589517,0.5408890237266238,2.88,5.37,14002342093.825247,1.5579706715576603e-07,40.974654770994356,1.0028175867663884,0.2742507943069086,4,230.8785879968342,230.86092302935046,local__potential_shape__A3__ct1e-06__p4
fixed_RAR,invariant,UGC06787,102,outer_holdout,26.82,251.0,1.68,230.81509033513345,230.81509033513345,240.64579062213363,2.56794559621212,240.7463165025331,1.0347490416847154e-11,42.458449485753206,,,0.5269534223268544,0.2986003122450651,1.583089093428531,72.33600729896555,2,135529961810.38878,8.739232394077408,23.961766203282586,0.3647157025044422,12.546780686539051,1,2,79052816299.14885,0.0846257010589517,0.5408890237266238,2.88,5.37,13474199325.917492,1.4992068635259725e-07,42.20047988271904,0.9939241869131201,0.22339682622248347,4,230.83023551971186,230.81509033513345,local__potential_shape__A3__ct1e-06__p4
fixed_RAR,invariant,UGC06787,102,outer_holdout,27.84,251.0,2.78,230.75344980278047,230.75344980278047,240.64579062213363,3.332256027629932,240.68202377760912,9.681091961670456e-12,44.073200361050304,,,0.5269534223268544,0.2986003122450651,1.583089093428531,72.33600729896555,2,135529961810.38878,8.739232394077408,23.961766203282586,0.3647157025044422,12.546780686539051,1,2,79052816299.14885,0.0846257010589517,0.5408890237266238,2.88,5.37,12975514645.569813,1.44372070977178e-07,43.43598769615333,0.9855419470409027,0.1623825325651751,4,230.76647180523483,230.7534498027805,local__potential_shape__A3__ct1e-06__p4
fixed_RAR,invariant,UGC06787,102,outer_holdout,29.41,248.0,3.4,230.21529056908977,230.21529056908977,237.7695461127057,3.824386159108746,240.1207092941637,8.714552623677237e-12,46.5586502377331,,,0.5269534223268544,0.2986003122450651,1.583089093428531,72.33600729896555,2,135529961810.38878,8.739232394077408,23.961766203282586,0.3647157025044422,12.546780686539051,1,2,79052816299.14885,0.0846257010589517,0.5408890237266238,2.88,5.37,12271094719.801514,1.3653434227826416e-07,45.63390841050677,0.9801381306694996,-0.00839822453758643,4,230.22568351797588,230.2152905690898,local__potential_shape__A3__ct1e-06__p4
fixed_RAR,invariant,UGC06787,102,outer_holdout,30.99,246.0,2.91,229.1392678827808,229.1392678827808,235.85204977308717,3.432762886300693,238.99838883484745,7.80952341073584e-12,49.05993100535018,,,0.5269534223268544,0.2986003122450651,1.583089093428531,72.33600729896555,2,135529961810.38878,8.739232394077408,23.961766203282586,0.3647157025044422,12.546780686539051,1,2,79052816299.14885,0.0846257010589517,0.5408890237266238,2.88,5.37,11634361211.816544,1.2944972654475722e-07,48.28002283639645,0.9841029501474701,-0.09194756365764079,4,229.14762722159432,229.13926788278076,local__potential_shape__A3__ct1e-06__p4
fixed_RAR,invariant,UGC06787,102,outer_holdout,32.57,249.0,3.46,228.17969035724784,228.17969035724784,238.72829428251504,3.87353474395722,237.9975237946317,7.039093167274122e-12,51.56121177296726,,,0.5269534223268544,0.2986003122450651,1.583089093428531,72.33600729896555,2,135529961810.38878,8.739232394077408,23.961766203282586,0.3647157025044422,12.546780686539051,1,2,79052816299.14885,0.0846257010589517,0.5408890237266238,2.88,5.37,11062103175.257723,1.2308249718021417e-07,50.92962121135665,0.9877506648914378,-0.019673336667210606,4,228.1864941920716,228.17969035724786,local__potential_shape__A3__ct1e-06__p4
fixed_RAR,invariant,UGC06787,102,outer_holdout,34.03,252.0,3.23,227.72530510517876,227.72530510517876,241.60453879194293,3.68644834065517,237.523587816053,6.4597065187895584e-12,53.87252184937292,,,0.5269534223268544,0.2986003122450651,1.583089093428531,72.33600729896555,2,135529961810.38878,8.739232394077408,23.961766203282586,0.3647157025044422,12.546780686539051,1,2,79052816299.14885,0.0846257010589517,0.5408890237266238,2.88,5.37,10581185542.39487,1.177315668685939e-07,53.084899234690084,0.9853798822174127,-0.029739063718182024,4,227.73098959972145,227.72530510517876,local__potential_shape__A3__ct1e-06__p4
fixed_RAR,invariant,UGC06787,102,outer_holdout,37.19,255.0,4.16,225.6877758546182,225.6877758546182,244.4807833013708,4.461756809592691,235.39839027751083,5.325965730056626e-12,58.875083384607066,,,0.5269534223268544,0.2986003122450651,1.583089093428531,72.33600729896555,2,135529961810.38878,8.739232394077408,23.961766203282586,0.3647157025044422,12.546780686539051,1,2,79052816299.14885,0.0846257010589517,0.5408890237266238,2.88,5.37,9675656638.573645,1.0765619901264532e-07,58.875083384607066,1.0,-0.3170051226964006,4,225.69171497993173,225.6877758546182,local__potential_shape__A3__ct1e-06__p4
fixed_RAR,invariant,UGC06818,103,outer_holdout,5.24,71.2,5.25,58.31051712501117,58.31051712501117,71.48129523500712,5.637438844662129,58.08105191227069,4.854853528129461e-12,4.135418877166682,,,0.3141426362917982,0.7,0.7892020757951682,74.18037751427138,3,825404502.794854,3.305758201249942,4.49969652309631,0.7346624787431663,0.9791473787899178,3,9,2185274827.6259923,0.6567000094715825,0.0,2.12,1.39,826659788.6493232,9.197830601779419e-09,5.518234292648969,1.3343833978021837,1.452500435945126,1,58.31051762179573,58.310517125011174,local__potential_shape__A3__ct1e-06__p4
fixed_RAR,invariant,UGC06818,103,outer_holdout,6.11,68.1,6.0,60.91372069985288,60.91372069985288,68.36904783011214,6.347047956828162,60.674011286039246,4.301240062519354e-12,4.822024683108478,,,0.3141426362917982,0.7,0.7892020757951682,74.18037751427138,3,825404502.794854,3.305758201249942,4.49969652309631,0.7346624787431663,0.9791473787899178,3,9,2185274827.6259923,0.6567000094715825,0.0,2.12,1.39,729935577.2173501,8.12162860906415e-09,5.499716516378379,1.1405409299632687,1.1262200940518028,1,60.91372101532952,60.91372069985288,local__potential_shape__A3__ct1e-06__p4
fixed_RAR,invariant,UGC06818,103,outer_holdout,6.98,74.4,6.0,62.90756503510089,62.90756503510089,74.69393771747936,6.347047956828162,62.66000938810125,3.79131696576039e-12,5.508630489050274,,,0.3141426362917982,0.7,0.7892020757951682,74.18037751427138,3,825404502.794854,3.305758201249942,4.49969652309631,0.7346624787431663,0.9791473787899178,3,9,2185274827.6259923,0.6567000094715825,0.0,2.12,1.39,644442659.1859024,7.170391608665372e-09,5.508630489050274,1.0,0.9779281528501542,1,62.90756523305018,62.90756503510088,local__potential_shape__A3__ct1e-06__p4
fixed_RAR,invariant,UGC06917,104,outer_holdout,7.85,103.0,3.5,105.56306895695046,105.56306895695046,102.25490207523691,4.009165625675895,106.33227240847371,1.1480835483302606e-11,8.368735588140513,,,0.5098508024721015,0.6999999990186327,1.0660809666421036,56.624012759956855,4,8869471082.385191,6.847600654579513,9.877943527016066,0.6932212799001534,3.209693108829083,0,9,6322952138.181556,0.4255274974726913,0.0,4.52,2.76,4309813378.288113,4.795314096932903e-08,12.165625017482215,1.4536992941588862,1.1327328025870997,0,105.56366969108109,105.56306895695046,local__potential_shape__A3__ct1e-06__p4
fixed_RAR,invariant,UGC06917,104,outer_holdout,8.72,105.0,4.0,108.21580329646616,108.21580329646616,104.24043415436772,4.446273782509365,109.00433635284168,1.0419241752600455e-11,9.296226029119143,,,0.5098508024721015,0.6999999990186327,1.0660809666421036,56.624012759956855,4,8869471082.385191,6.847600654579513,9.877943527016066,0.6932212799001534,3.209693108829083,0,9,6322952138.181556,0.4255274974726913,0.0,4.52,2.76,3996941819.4880276,4.4471975394964056e-08,12.432004724794863,1.3373173894280674,1.3143483761479615,0,108.21625884992974,108.21580329646615,local__potential_shape__A3__ct1e-06__p4
fixed_RAR,invariant,UGC06917,104,outer_holdout,9.6,110.0,4.9,112.09865468314528,112.09865468314528,109.20426435219476,5.259646534477231,112.91548080373252,9.96040034789238e-12,10.234377279764194,,,0.5098508024721015,0.6999999990186327,1.0660809666421036,56.624012759956855,4,8869471082.385191,6.847600654579513,9.877943527016066,0.6932212799001534,3.209693108829083,0,9,6322952138.181556,0.4255274974726913,0.0,4.52,2.76,3702119832.667943,4.1191638393351995e-08,12.045452855005204,1.176960016787923,1.7548976450942178,0,112.09900201157905,112.09865468314526,local__potential_shape__A3__ct1e-06__p4
fixed_RAR,invariant,UGC06917,104,outer_holdout,10.47,111.0,6.0,116.94221094362211,116.94221094362211,110.19703039176018,6.283393886691952,117.794330469659,9.922806509946252e-12,11.161867720742826,,,0.5098508024721015,0.6999999990186327,1.0660809666421036,56.624012759956855,4,8869471082.385191,6.847600654579513,9.877943527016066,0.6932212799001534,3.209693108829083,0,9,6322952138.181556,0.4255274974726913,0.0,4.52,2.76,3417605575.4026756,3.802599035040946e-08,11.161867720742826,1.0,2.1579224036686355,0,116.94247409014369,116.94221094362209,local__potential_shape__A3__ct1e-06__p4
fixed_RAR,invariant,UGC06930,105,outer_holdout,13.94,108.0,7.4,121.4708861292291,121.4708861292291,110.3723031266974,7.82253875189619,118.86003399691212,8.783218534130324e-12,12.904833485650164,,,0.5519380465533263,0.6999999920785298,0.9257412830452056,31.23365598487501,0,10494166614.304747,7.486116044217514,10.348803564184994,0.7233798571774391,3.4913117202213266,0,7,9584704522.577324,0.4491750361066249,0.0,4.38,3.94,3398378782.598031,3.781206342949127e-08,12.539134183596119,0.9716618348884011,0.265835473497134,4,121.47117457571522,121.4708861292291,local__potential_shape__A3__ct1e-06__p4
fixed_RAR,invariant,UGC06930,105,outer_holdout,15.68,108.0,7.4,119.7971337235382,119.7971337235382,110.3723031266974,7.82253875189619,117.22225663163312,6.777415520206105e-12,14.515623318148824,,,0.5519380465533263,0.6999999920785298,0.9257412830452056,31.23365598487501,0,10494166614.304747,7.486116044217514,10.348803564184994,0.7233798571774391,3.4913117202213266,0,7,9584704522.577324,0.4491750361066249,0.0,4.38,3.94,3014794430.1795144,3.354411191729373e-08,14.41594265856799,0.99313287088015,-0.14969883558285346,4,119.79730991452871,119.79713372353822,local__potential_shape__A3__ct1e-06__p4
fixed_RAR,invariant,UGC06930,105,outer_holdout,16.61,108.0,7.4,119.18025743595156,119.18025743595156,110.3723031266974,7.82253875189619,116.61863926412308,5.997041754888092e-12,15.376562711380863,,,0.5519380465533263,0.6999999920785298,0.9257412830452056,31.23365598487501,0,10494166614.304747,7.486116044217514,10.348803564184994,0.7233798571774391,3.4913117202213266,0,7,9584704522.577324,0.4491750361066249,0.0,4.38,3.94,2845423288.378779,3.16596038131092e-08,15.376562711380863,1.0,-0.09646040389452537,4,119.180396526775,119.18025743595156,local__potential_shape__A3__ct1e-06__p4
fixed_RAR,invariant,UGC06983,106,outer_holdout,11.35,110.0,5.2,117.99602874273693,117.99602874273693,109.5626068502242,5.552061702742654,118.46708959238768,8.774284400548486e-12,12.1840681362579,,,0.6548717346682434,0.6999999922436412,1.0734861794059825,49.26382898603804,1,11152113622.910088,8.011077126126718,11.74455848267258,0.6821096883246756,3.5990944307803603,3,6,7172676177.935579,0.5501586718969599,0.0,3.95,3.21,3867135167.39728,4.302768160771503e-08,14.283252044120724,1.1722892456269165,1.047951932533124,1,117.99645003864327,117.99602874273691,local__potential_shape__A3__ct1e-06__p4
fixed_RAR,invariant,UGC06983,106,outer_holdout,12.19,108.0,5.7,119.49325317579216,119.49325317579216,107.5705594529474,6.019313385762572,119.97029120807414,8.083664944594453e-12,13.085796526958925,,,0.6548717346682434,0.6999999922436412,1.0734861794059825,49.26382898603804,1,11152113622.910088,8.011077126126718,11.74455848267258,0.6821096883246756,3.5990944307803603,3,6,7172676177.935579,0.5501586718969599,0.0,3.95,3.21,3632849307.1536436,4.0420899852388504e-08,14.56426370586849,1.1129825896240764,0.8731977135263946,1,119.49358544940904,119.49325317579216,local__potential_shape__A3__ct1e-06__p4
fixed_RAR,invariant,UGC06983,106,outer_holdout,13.12,109.0,8.6,121.17572859999298,121.17572859999298,108.5665831515858,8.796192067145867,121.65948336936592,7.45303435326334e-12,14.084138673806487,,,0.6548717346682434,0.6999999922436412,1.0734861794059825,49.26382898603804,1,11152113622.910088,8.011077126126718,11.74455848267258,0.6821096883246756,3.5990944307803603,3,6,7172676177.935579,0.5501586718969599,0.0,3.95,3.21,3393790951.5550647,3.776101692482006e-08,14.75711355561858,1.0477824663189155,0.6230175140000256,1,121.1759852370403,121.17572859999296,local__potential_shape__A3__ct1e-06__p4
fixed_RAR,invariant,UGC06983,106,outer_holdout,13.94,108.0,9.8,121.5650666630155,121.5650666630155,107.5705594529474,9.963822083932698,122.05037573824706,6.7634554851395094e-12,14.964397340919394,,,0.6548717346682434,0.6999999922436412,1.0734861794059825,49.26382898603804,1,11152113622.910088,8.011077126126718,11.74455848267258,0.6821096883246756,3.5990944307803603,3,6,7172676177.935579,0.5501586718969599,0.0,3.95,3.21,3200963310.9286027,3.561552007330286e-08,15.337745072945806,1.0249490656737315,0.3295559665154997,1,121.5652704118901,121.56506666301547,local__potential_shape__A3__ct1e-06__p4
fixed_RAR,invariant,UGC06983,106,outer_holdout,14.86,108.0,9.8,121.6880777018503,121.6880777018503,107.5705594529474,9.963822083932698,122.1738778587317,6.050411905675868e-12,15.9520046259729,,,0.6548717346682434,0.6999999922436412,1.0734861794059825,49.26382898603804,1,11152113622.910088,8.011077126126718,11.74455848267258,0.6821096883246756,3.5990944307803603,3,6,7172676177.935579,0.5501586718969599,0.0,3.95,3.21,3006033379.0678487,3.34466320771889e-08,16.101202480318268,1.0093529219583126,0.21399451569129724,1,121.68823633249978,121.68807770185033,local__potential_shape__A3__ct1e-06__p4
fixed_RAR,invariant,UGC06983,106,outer_holdout,15.68,109.0,12.3,121.66463366754267,121.66463366754267,108.5665831515858,12.41326881913221,122.15034023172576,5.486339737666645e-12,16.832263293085806,,,0.6548717346682434,0.6999999922436412,1.0734861794059825,49.26382898603804,1,11152113622.910088,8.011077126126718,11.74455848267258,0.6821096883246756,3.5990944307803603,3,6,7172676177.935579,0.5501586718969599,0.0,3.95,3.21,2849546566.793734,3.170548147270444e-08,16.832263293085806,1.0,0.1420057454279231,1,121.66476173282844,121.66463366754267,local__potential_shape__A3__ct1e-06__p4
fixed_RAR,invariant,UGC07089,107,outer_holdout,6.98,70.3,6.1,71.40295135698602,71.40295135698602,70.42972170181174,6.43019835369562,71.27143710219988,6.2747739379806095e-12,5.382486485906611,,,0.3367633364582684,0.7000000025003748,0.7711298690410617,79.41824465034685,2,1765619686.0869055,4.088609748892301,5.718380663144686,0.7149943296436423,1.4320666466259335,2,8,3322582051.3224554,0.4859533865709496,0.0,3.9,2.26,1367222864.4938002,1.5212405968168156e-08,7.061397887956868,1.3119211551104277,1.3526199363168132,0,71.40295571335187,71.40295135698602,local__potential_shape__A3__ct1e-06__p4
fixed_RAR,invariant,UGC07089,107,outer_holdout,7.85,73.7,6.1,74.03171238075667,74.03171238075667,73.83599558212697,6.43019835369562,73.89535631564642,5.783551187462272e-12,6.053369471972334,,,0.3367633364582684,0.7000000025003748,0.7711298690410617,79.41824465034685,2,1765619686.0869055,4.088609748892301,5.718380663144686,0.7149943296436423,1.4320666466259335,2,8,3322582051.3224554,0.4859533865709496,0.0,3.9,2.26,1242580010.684371,1.3825567185390712e-08,6.962724861557623,1.1502230111338305,1.1996129476170836,0,74.03171546228516,74.03171238075669,local__potential_shape__A3__ct1e-06__p4
fixed_RAR,invariant,UGC07089,107,outer_holdout,8.72,77.6,6.1,76.02638027197595,76.02638027197595,77.7431920919003,6.43019835369562,75.88635030745014,5.263975535174527e-12,6.724252458038059,,,0.3367633364582684,0.7000000025003748,0.7711298690410617,79.41824465034685,2,1765619686.0869055,4.088609748892301,5.718380663144686,0.7149943296436423,1.4320666466259335,2,8,3322582051.3224554,0.4859533865709496,0.0,3.9,2.26,1128409527.752832,1.2555249243056255e-08,6.9470805916878735,1.033137978539674,0.8143575676236878,0,76.02638242417403,76.02638027197595,local__potential_shape__A3__ct1e-06__p4
fixed_RAR,invariant,UGC07089,107,outer_holdout,9.16,79.1,7.3,76.53991859304591,76.53991859304591,79.24595998027466,7.582008252877473,76.39894276272162,4.932438826632812e-12,7.063549600416126,,,0.3367633364582684,0.7000000025003748,0.7711298690410617,79.41824465034685,2,1765619686.0869055,4.088609748892301,5.718380663144686,0.7149943296436423,1.4320666466259335,2,8,3322582051.3224554,0.4859533865709496,0.0,3.9,2.26,1075066309.4033973,1.1961725894190468e-08,7.063549600416126,1.0,0.5426591922262105,0,76.53992037821746,76.53991859304593,local__potential_shape__A3__ct1e-06__p4
fixed_RAR,invariant,UGC07125,108,outer_holdout,14.42,65.4,2.65,73.65832599823347,73.65832599823347,65.4024903264272,3.320095604212331,73.65552131488118,4.592104486678552e-12,6.8031548244293845,,,0.5564868197776249,0.6999999823413402,0.4717860488508588,89.5,3,1735359510.7418218,5.237771124438164,6.29382000304293,0.8322085985785758,1.4197418323987256,2,9,7678918368.373857,0.8017496351252082,0.0,3.92,3.38,970768860.4260433,1.0801260269681444e-08,6.8509931053022495,1.0070317789477734,0.7352401056305666,1,73.65832736779032,73.65832599823345,local__potential_shape__A3__ct1e-06__p4
fixed_RAR,invariant,UGC07125,108,outer_holdout,15.84,65.5,3.05,73.92149284742008,73.92149284742008,65.50249413426577,3.647356366171932,73.91867814348056,3.916697157450546e-12,7.473091013797604,,,0.5564868197776249,0.6999999823413402,0.4717860488508588,89.5,3,1735359510.7418218,5.237771124438164,6.29382000304293,0.8322085985785758,1.4197418323987256,2,9,7678918368.373857,0.8017496351252082,0.0,3.92,3.38,883115798.8663625,9.825988431104942e-09,7.30713475179721,0.9777928220472641,0.7582388738442205,1,73.92149378873779,73.92149284742008,local__potential_shape__A3__ct1e-06__p4
fixed_RAR,invariant,UGC07125,108,outer_holdout,17.26,65.1,3.22,75.68773280669572,75.68773280669572,65.10247890291147,3.790671396850848,75.68485084975062,3.647776596306978e-12,8.143027203165824,,,0.5564868197776249,0.6999999823413402,0.4717860488508588,89.5,3,1735359510.7418218,5.237771124438164,6.29382000304293,0.8322085985785758,1.4197418323987256,2,9,7678918368.373857,0.8017496351252082,0.0,3.92,3.38,805001840.1092441,8.956853425208165e-09,7.151845028096937,0.8782784153436773,-0.32881072274437884,1,75.68773347213414,75.68773280669572,local__potential_shape__A3__ct1e-06__p4
fixed_RAR,invariant,UGC07125,108,outer_holdout,18.68,64.9,3.48,72.7495918698664,72.7495918698664,64.90247128723433,4.013891167747937,72.7468217883252,2.7203632377014986e-12,8.812963392534042,,,0.5564868197776249,0.6999999823413402,0.4717860488508588,89.5,3,1735359510.7418218,5.237771124438164,6.29382000304293,0.8322085985785758,1.4197418323987256,2,9,7678918368.373857,0.8017496351252082,0.0,3.92,3.38,739774587.7464286,8.231102365231063e-09,8.812963392534042,1.0,-3.09203250970927,1,72.74959232603258,72.7495918698664,local__potential_shape__A3__ct1e-06__p4
fixed_RAR,invariant,UGC07151,109,outer_holdout,4.0,71.3,2.91,75.94285590086791,75.94285590086791,71.30271498890305,3.531111002989704,75.93996422961712,1.3486998761131272e-11,3.947376920693607,,,0.4928625273510832,0.6999999911164985,0.9868442301734016,89.5,4,2402180927.8668466,3.492294014699297,4.712190901024835,0.741118958898667,1.670388556414866,3,6,1775241681.4535725,0.4615033595477385,0.0,2.17,1.25,2460620758.172979,2.737809824507862e-08,5.912604378110735,1.4978565505398485,1.5684891891737607,3,75.94290734992765,75.94285590086791,local__potential_shape__A3__ct1e-06__p4
fixed_RAR,invariant,UGC07151,109,outer_holdout,4.49,72.5,3.21,78.64044089185325,78.64044089185325,72.50276068296593,3.7821798928566994,78.63744650483186,1.2460114511057734e-11,4.430930593478574,,,0.4928625273510832,0.6999999911164985,0.9868442301734016,89.5,4,2402180927.8668466,3.492294014699297,4.712190901024835,0.741118958898667,1.670388556414866,3,6,1775241681.4535725,0.4615033595477385,0.0,2.17,1.25,2267292107.584542,2.5227026905938672e-08,5.897051185893875,1.3308832222678304,1.3882161597249478,3,78.64047929685037,78.64044089185325,local__potential_shape__A3__ct1e-06__p4
fixed_RAR,invariant,UGC07151,109,outer_holdout,5.01,74.0,3.41,81.6624836193145,81.6624836193145,74.00281780054453,3.953351182909848,81.65937416216612,1.1741531345923764e-11,4.944089593168743,,,0.4928625273510832,0.6999999911164985,0.9868442301734016,89.5,4,2402180927.8668466,3.492294014699297,4.712190901024835,0.741118958898667,1.670388556414866,3,6,1775241681.4535725,0.4615033595477385,0.0,2.17,1.25,2075842635.4541075,2.309686424696504e-08,5.72953188381239,1.1588648983483012,1.5623738163611165,3,81.66251164216249,81.6624836193145,local__potential_shape__A3__ct1e-06__p4
fixed_RAR,invariant,UGC07151,109,outer_holdout,5.5,76.2,3.17,84.76811633533657,84.76811633533657,76.20290157299316,3.748288316865634,84.76488862521055,1.1365634000291675e-11,5.4276432659537095,,,0.4928625273510832,0.6999999911164985,0.9868442301734016,89.5,4,2402180927.8668466,3.492294014699297,4.712190901024835,0.741118958898667,1.670388556414866,3,6,1775241681.4535725,0.4615033595477385,0.0,2.17,1.25,1903511511.7498236,2.117942190247149e-08,5.4276432659537095,1.0,1.7402251769465238,3,84.76813690213052,84.76811633533657,local__potential_shape__A3__ct1e-06__p4
fixed_RAR,invariant,UGC07323,110,outer_holdout,4.65,79.5,3.87,76.88331865247909,76.88331865247909,79.24898424225387,4.345396674196064,77.12684132566055,1.543068239190909e-11,3.7409974386248326,,,0.4292666645271537,0.7000000047058713,0.8045155781988886,47.19497009735758,0,2115479687.3241718,3.184578530038118,3.948813481566695,0.806464662082402,1.567541612459413,0,8,3358829135.087998,0.2858912916910976,0.0,3.26,2.26,2366178484.144139,2.632728623015842e-08,4.969490027585532,1.3283863753224823,1.9951293910547179,1,76.88336780738697,76.88331865247908,local__potential_shape__A3__ct1e-06__p4
fixed_RAR,invariant,UGC07323,110,outer_holdout,5.23,82.8,3.87,80.43388041152028,80.43388041152028,82.53856472023422,4.345396674196064,80.68864924714649,1.4726464422437547e-11,4.207616473980188,,,0.4292666645271537,0.7000000047058713,0.8045155781988886,47.19497009735758,0,2115479687.3241718,3.184578530038118,3.948813481566695,0.806464662082402,1.567541612459413,0,8,3358829135.087998,0.2858912916910976,0.0,3.26,2.26,2149210524.975236,2.391319211084723e-08,4.72965999047497,1.124071079130688,1.3662809804754374,1,80.43391541407381,80.43388041152028,local__potential_shape__A3__ct1e-06__p4
fixed_RAR,invariant,UGC07323,110,outer_holdout,5.82,85.6,3.87,82.6438934460333,82.6438934460333,85.32972391367208,4.345396674196064,82.9056623473612,1.3449449791390284e-11,4.682280665117532,,,0.4292666645271537,0.7000000047058713,0.8045155781988886,47.19497009735758,0,2115479687.3241718,3.184578530038118,3.948813481566695,0.806464662082402,1.567541612459413,0,8,3358829135.087998,0.2858912916910976,0.0,3.26,2.26,1943177646.18561,2.1620767169505574e-08,4.682280665117532,1.0,0.9364818410556381,1,82.64391747890917,82.6438934460333,local__potential_shape__A3__ct1e-06__p4
fixed_RAR,invariant,UGC07399,111,outer_holdout,4.91,100.0,3.9,99.3866547627533,99.3866547627533,97.42834039937512,4.2939213058971255,102.01000484597265,7.334174353729757e-12,9.56007845842567,,,0.5348499004637186,0.6999999920201364,1.947062822489953,57.2219305869072,1,6313503469.701884,6.304774474032618,9.865152372290773,0.6390954985897086,2.708007485541854,1,8,1666453712.857725,0.5945859716084385,0.0,1.27,1.64,2776196693.60186,3.08893540675198e-08,12.267285060483232,1.2831782828802618,1.407915121495023,3,99.38673572227565,99.38665476275328,local__potential_shape__A3__ct1e-06__p4
fixed_RAR,invariant,UGC07399,111,outer_holdout,5.52,103.0,4.82,103.7591062961258,103.7591062961258,100.35119061135636,5.104199065691654,106.49786896789968,6.938216181546713e-12,10.74778678014454,,,0.5348499004637186,0.6999999920201364,1.947062822489953,57.2219305869072,1,6313503469.701884,6.304774474032618,9.865152372290773,0.6390954985897086,2.708007485541854,1,8,1666453712.857725,0.5945859716084385,0.0,1.27,1.64,2514872016.7981133,2.7981724904580975e-08,11.746744313501086,1.0929454178605422,1.1913611974111404,3,103.75916321140842,103.7591062961258,local__potential_shape__A3__ct1e-06__p4
fixed_RAR,invariant,UGC07399,111,outer_holdout,6.13,106.0,4.97,105.86665666465532,105.86665666465532,103.27404082333764,5.23896837577668,108.66104896243756,6.177319855729386e-12,11.935495101863411,,,0.5348499004637186,0.6999999920201364,1.947062822489953,57.2219305869072,1,6313503469.701884,6.304774474032618,9.865152372290773,0.6390954985897086,2.708007485541854,1,8,1666453712.857725,0.5945859716084385,0.0,1.27,1.64,2275050668.240436,2.5313352535425434e-08,11.935495101863411,1.0,0.5921981049528995,3,105.86669555687584,105.86665666465532,local__potential_shape__A3__ct1e-06__p4
fixed_RAR,invariant,UGC07524,112,outer_holdout,7.58,77.1,2.98,80.066772328419,80.066772328419,75.70413015236086,3.5442569649679947,81.54308271024487,5.233490172830777e-12,7.4818421772702575,,,0.445397854592779,0.6999999953317795,0.9870504191649416,47.10508754111924,2,4476074532.708398,7.664527411773314,9.24808351845266,0.828769268408997,2.28014939859262,4,9,3779258670.482216,0.626067228073092,0.0,3.61,3.46,2362070790.7766666,2.628158197760273e-08,14.626854825658263,1.9549804017644832,2.537149913806502,1,80.0668243474389,80.066772328419,local__potential_shape__A3__ct1e-06__p4
fixed_RAR,invariant,UGC07524,112,outer_holdout,7.94,77.0,2.79,82.53285457914222,82.53285457914222,75.60594061908932,3.391871811127189,84.05463579391544,5.370882090490262e-12,7.837180328169637,,,0.445397854592779,0.6999999953317795,0.9870504191649416,47.10508754111924,2,4476074532.708398,7.664527411773314,9.24808351845266,0.828769268408997,2.28014939859262,4,9,3779258670.482216,0.626067228073092,0.0,3.61,3.46,2303931923.8655744,2.5634699842327525e-08,13.901878196830252,1.773836713551418,2.661070245128826,1,82.53290311287297,82.53285457914222,local__potential_shape__A3__ct1e-06__p4
fixed_RAR,invariant,UGC07524,112,outer_holdout,8.27,77.0,2.82,84.94377876539113,84.94377876539113,75.60594061908932,3.415707176751715,86.51001378169084,5.53769235121145e-12,8.162906966494067,,,0.445397854592779,0.6999999953317795,0.9870504191649416,47.10508754111924,2,4476074532.708398,7.664527411773314,9.24808351845266,0.828769268408997,2.28014939859262,4,9,3779258670.482216,0.626067228073092,0.0,3.61,3.46,2249110155.0053697,2.502472540037487e-08,13.162287010086184,1.6124509398567026,2.736041013874569,1,84.94382412953841,84.94377876539112,local__potential_shape__A3__ct1e-06__p4
fixed_RAR,invariant,UGC07524,112,outer_holdout,8.63,78.2,2.93,87.51130471634463,87.51130471634463,76.78421501834787,3.5038351036259496,89.1248810342451,5.710286263726433e-12,8.518245117393446,,,0.445397854592779,0.6999999953317795,0.9870504191649416,47.10508754111924,2,4476074532.708398,7.664527411773314,9.24808351845266,0.828769268408997,2.28014939859262,4,9,3779258670.482216,0.626067228073092,0.0,3.61,3.46,2187443540.476721,2.433859177925549e-08,12.414476955100394,1.4573984176331358,2.5121724486641597,1,87.51134653305527,87.51130471634463,local__potential_shape__A3__ct1e-06__p4
fixed_RAR,invariant,UGC07524,112,outer_holdout,8.97,79.6,3.14,89.52720562054807,89.52720562054807,78.15886848414948,3.67502683180529,91.17795210713476,5.782103027722787e-12,8.853842259909527,,,0.445397854592779,0.6999999953317795,0.9870504191649416,47.10508754111924,2,4476074532.708398,7.664527411773314,9.24808351845266,0.828769268408997,2.28014939859262,4,9,3779258670.482216,0.626067228073092,0.0,3.61,3.46,2127937513.1720824,2.367649793309515e-08,11.926760538260089,1.347071721874336,2.2841101979877294,1,89.52724393202006,89.52720562054807,local__potential_shape__A3__ct1e-06__p4
fixed_RAR,invariant,UGC07524,112,outer_holdout,9.3,80.3,3.39,91.38465716455322,91.38465716455322,78.8461952170503,3.883264808764076,93.0696522528808,5.834002353861681e-12,9.179568898233958,,,0.445397854592779,0.6999999953317795,0.9870504191649416,47.10508754111924,2,4476074532.708398,7.664527411773314,9.24808351845266,0.828769268408997,2.28014939859262,4,9,3779258670.482216,0.626067228073092,0.0,3.61,3.46,2069560326.195521,2.3026964129477916e-08,11.496375621018796,1.2523873123530413,2.130789260753886,1,91.3846921529464,91.3846571645532,local__potential_shape__A3__ct1e-06__p4
fixed_RAR,invariant,UGC07524,112,outer_holdout,9.66,81.2,3.66,93.14469585774388,93.14469585774388,79.72990101649421,4.112778262186869,94.86214340193558,5.8358364730937395e-12,9.534907049133336,,,0.445397854592779,0.6999999953317795,0.9870504191649416,47.10508754111924,2,4476074532.708398,7.664527411773314,9.24808351845266,0.828769268408997,2.28014939859262,4,9,3779258670.482216,0.626067228073092,0.0,3.61,3.46,2005582766.0032275,2.2315117770136622e-08,11.137479813385102,1.1680742933301516,1.9553872465878612,1,93.144727310511,93.14469585774387,local__potential_shape__A3__ct1e-06__p4
fixed_RAR,invariant,UGC07524,112,outer_holdout,9.99,82.3,3.9,94.64193754737344,94.64193754737344,80.80998588248119,4.320213135882464,96.38699196750407,5.817948466602989e-12,9.860633687457767,,,0.445397854592779,0.6999999953317795,0.9870504191649416,47.10508754111924,2,4476074532.708398,7.664527411773314,9.24808351845266,0.828769268408997,2.28014939859262,4,9,3779258670.482216,0.626067228073092,0.0,3.61,3.46,1947017954.0790157,2.1663496357434185e-08,10.845499058605176,1.0998785070375454,1.8663872720442214,1,94.64196593321947,94.64193754737343,local__potential_shape__A3__ct1e-06__p4
fixed_RAR,invariant,UGC07524,112,outer_holdout,10.35,83.8,4.1,96.16431639661786,96.16431639661786,82.28282888155435,4.495200891006407,97.93744118395394,5.7813790019693276e-12,10.215971838357143,,,0.445397854592779,0.6999999953317795,0.9870504191649416,47.10508754111924,2,4476074532.708398,7.664527411773314,9.24808351845266,0.828769268408997,2.28014939859262,4,9,3779258670.482216,0.626067228073092,0.0,3.61,3.46,1883428414.6469119,2.0955967311298642e-08,10.557646881928342,1.0334451826000868,1.4101199947147052,1,96.16434165170294,96.16431639661783,local__potential_shape__A3__ct1e-06__p4
fixed_RAR,invariant,UGC07524,112,outer_holdout,10.69,79.0,2.78,96.89190683331007,96.89190683331007,77.56973128452022,3.383946362719967,98.67844728964552,5.603685694364042e-12,10.551568980873226,,,0.445397854592779,0.6999999953317795,0.9870504191649416,47.10508754111924,2,4476074532.708398,7.664527411773314,9.24808351845266,0.828769268408997,2.28014939859262,4,9,3779258670.482216,0.626067228073092,0.0,3.61,3.46,1824489447.454849,2.030018285979873e-08,10.551568980873226,1.0,0.6582237576685657,1,96.89192924070443,96.89190683331007,local__potential_shape__A3__ct1e-06__p4
fixed_RAR,invariant,UGC07577,113,outer_holdout,1.32,14.1,3.17,27.13766164812822,27.13766164812822,14.718191664369456,3.86644176334928,25.997828942866988,2.718507912496557e-12,1.2267744142565025,,,0.2748962483977079,0.6999999632603625,0.929374556254926,58.60349517226355,3,41374597.632791884,1.073358687879168,1.3156909723771246,0.8158136754103262,0.21922069002477387,1,10,104800061.16509676,0.5583966206642812,0.0,0.77,0.9,140517392.4144334,1.563466845464276e-09,1.6751316155825213,1.3654764854203043,2.140074850416397,3,27.137661648346253,27.13766164812822,local__potential_shape__A3__ct1e-06__p4
fixed_RAR,invariant,UGC07577,113,outer_holdout,1.51,15.9,3.17,28.692252322611665,28.692252322611665,16.59710974918258,3.86644176334928,27.48712389227854,2.6040527676625747e-12,1.4033555799449384,,,0.2748962483977079,0.6999999632603625,0.929374556254926,58.60349517226355,3,41374597.632791884,1.073358687879168,1.3156909723771246,0.8158136754103262,0.21922069002477387,1,10,104800061.16509676,0.5583966206642812,0.0,0.77,0.9,126026027.63687724,1.4022286671438633e-09,1.56841115267852,1.1176149331590342,1.3327894985905004,3,28.692252322760822,28.692252322611665,local__potential_shape__A3__ct1e-06__p4
fixed_RAR,invariant,UGC07577,113,outer_holdout,1.69,17.8,3.17,29.49065874519956,29.49065874519956,18.580412172040877,3.86644176334928,28.251995747137048,2.337703142420717e-12,1.570643000070825,,,0.2748962483977079,0.6999999632603625,0.929374556254926,58.60349517226355,3,41374597.632791884,1.073358687879168,1.3156909723771246,0.8158136754103262,0.21922069002477387,1,10,104800061.16509676,0.5583966206642812,0.0,0.77,0.9,113296733.56176582,1.2605961694819062e-09,1.570643000070825,1.0,0.7510112676776544,3,29.490658745299694,29.490658745199557,local__potential_shape__A3__ct1e-06__p4
fixed_RAR,invariant,UGC07603,114,outer_holdout,3.08,61.5,2.89,57.81638314538934,57.81638314538934,61.40020768786581,3.510700371812134,57.91035075186137,5.1588543296970846e-12,3.932222531355186,,,0.4112858156340431,0.7000000017883445,1.276695627063372,78.446283611579,4,739559890.8484225,2.0607929643258793,4.076282793726096,0.5055569175665866,0.9268326480922624,2,7,511801058.4031991,0.6704558233439073,0.0,0.85,0.53,784966335.4751073,8.733928371665816e-09,4.931138738061901,1.254033488374945,0.603259763666415,0,57.81638328669093,57.81638314538934,local__potential_shape__A3__ct1e-06__p4
fixed_RAR,invariant,UGC07603,114,outer_holdout,3.42,61.5,2.89,59.07419763619026,59.07419763619026,61.40020768786581,3.510700371812134,59.170209538944015,4.610470794867054e-12,4.366299044556732,,,0.4112858156340431,0.7000000017883445,1.276695627063372,78.446283611579,4,739559890.8484225,2.0607929643258793,4.076282793726096,0.5055569175665866,0.9268326480922624,2,7,511801058.4031991,0.6704558233439073,0.0,0.85,0.53,719673011.2962503,8.007442163590493e-09,5.05870548573381,1.1585797111263532,0.9649461509626462,0,59.074197738197434,59.07419763619026,local__potential_shape__A3__ct1e-06__p4
fixed_RAR,invariant,UGC07603,114,outer_holdout,3.76,63.0,2.89,60.35727533905022,60.35727533905022,62.89777372903327,3.510700371812134,60.45537259778953,4.193387486938185e-12,4.800375557758279,,,0.4112858156340431,0.7000000017883445,1.276695627063372,78.446283611579,4,739559890.8484225,2.0607929643258793,4.076282793726096,0.5055569175665866,0.9268326480922624,2,7,511801058.4031991,0.6704558233439073,0.0,0.85,0.53,660800924.7189059,7.352401859287736e-09,5.106873519189961,1.0638487463624227,0.8585531656232206,0,60.35727541313077,60.35727533905022,local__potential_shape__A3__ct1e-06__p4
fixed_RAR,invariant,UGC07603,114,outer_holdout,4.11,64.0,2.89,61.18740614917087,61.18740614917087,63.896151089811575,3.510700371812134,61.28685259997378,3.7439109280459986e-12,5.247219027230459,,,0.4112858156340431,0.7000000017883445,1.276695627063372,78.446283611579,4,739559890.8484225,2.0607929643258793,4.076282793726096,0.5055569175665866,0.9268326480922624,2,7,511801058.4031991,0.6704558233439073,0.0,0.85,0.53,606185083.9977192,6.7447186768892965e-09,5.247219027230459,1.0,0.593740699604723,0,61.18740620235413,61.18740614917086,local__potential_shape__A3__ct1e-06__p4
fixed_RAR,invariant,UGC08286,115,outer_holdout,5.67,82.1,2.02,83.7127439916898,83.7127439916898,82.103126235469,2.842659099506438,83.70955646690878,9.868718820822399e-12,5.737551142913607,,,1.0392085247159215,0.700000008310341,1.0119137818189785,89.5,0,2821813540.748574,3.261250405433126,4.782978461793557,0.6818450953697579,1.8104177766080323,2,6,1367381829.4383378,0.6244488420258806,0.0,2.25,1.05,2041222323.194919,2.2711661323207242e-08,6.703150784075476,1.1682947336085137,0.04467612490606143,1,83.71276717123129,83.7127439916898,local__potential_shape__A3__ct1e-06__p4
fixed_RAR,invariant,UGC08286,115,outer_holdout,6.15,82.9,2.0,82.91918457333948,82.91918457333948,82.9031566981776,2.8284809762283625,82.91602726486951,8.264533920322038e-12,6.223269758186717,,,1.0392085247159215,0.700000008310341,1.0119137818189785,89.5,0,2821813540.748574,3.261250405433126,4.782978461793557,0.6818450953697579,1.8104177766080323,2,6,1367381829.4383378,0.6244488420258806,0.0,2.25,1.05,1905852271.5220575,2.1205466367389334e-08,7.473436045923458,1.2008857620372548,0.10446931770093215,1,82.91920202207774,82.91918457333949,local__potential_shape__A3__ct1e-06__p4
fixed_RAR,invariant,UGC08286,115,outer_holdout,6.62,83.2,2.0,83.1723772033132,83.1723772033132,83.20316812169332,2.8284809762283625,83.1692102540437,7.326992183667888e-12,6.698869235641636,,,1.0392085247159215,0.700000008310341,1.0119137818189785,89.5,0,2821813540.748574,3.261250405433126,4.782978461793557,0.6818450953697579,1.8104177766080323,2,6,1367381829.4383378,0.6244488420258806,0.0,2.25,1.05,1791668232.5595033,1.9934997593868188e-08,7.924672438680762,1.1829865847383891,1.1228433719169288,1,83.17239087309513,83.17237720331322,local__potential_shape__A3__ct1e-06__p4
fixed_RAR,invariant,UGC08286,115,outer_holdout,7.1,83.5,2.02,85.87106690175374,85.87106690175374,83.50317954520904,2.842659099506438,85.86779719464977,7.247015392397969e-12,7.184587850914745,,,1.0392085247159215,0.700000008310341,1.0119137818189785,89.5,0,2821813540.748574,3.261250405433126,4.782978461793557,0.6818450953697579,1.8104177766080323,2,6,1367381829.4383378,0.6244488420258806,0.0,2.25,1.05,1682460817.771154,1.8719901232010913e-08,7.523765134063295,1.0472090104800327,0.9387007507530143,1,85.87107787610394,85.87106690175374,local__potential_shape__A3__ct1e-06__p4
fixed_RAR,invariant,UGC08286,115,outer_holdout,7.57,83.8,2.0,85.7254776016204,85.7254776016204,83.80319096872476,2.8284809762283625,85.72221343811087,6.420349495380425e-12,7.660187328369666,,,1.0392085247159215,0.700000008310341,1.0119137818189785,89.5,0,2821813540.748574,3.261250405433126,4.782978461793557,0.6818450953697579,1.8104177766080323,2,6,1367381829.4383378,0.6244488420258806,0.0,2.25,1.05,1582360530.0313935,1.7606135324364635e-08,7.987230660651276,1.0426939078983615,0.42205148567688866,1,85.72548617365308,85.72547760162041,local__potential_shape__A3__ct1e-06__p4
fixed_RAR,invariant,UGC08286,115,outer_holdout,8.04,84.3,2.0,86.47047166273683,86.47047166273683,84.30321000791763,2.8284809762283625,86.46717913213624,5.942097006609717e-12,8.135786805824585,,,1.0392085247159215,0.700000008310341,1.0119137818189785,89.5,0,2821813540.748574,3.261250405433126,4.782978461793557,0.6818450953697579,1.8104177766080323,2,6,1367381829.4383378,0.6244488420258806,0.0,2.25,1.05,1491728689.5397825,1.6597720100332298e-08,8.135786805824585,1.0,1.0077103831797558,1,86.47047849208649,86.47047166273681,local__potential_shape__A3__ct1e-06__p4
fixed_RAR,invariant,UGC08490,116,outer_holdout,7.44,79.8,3.69,78.67745705072898,78.67745705072898,76.39235437338873,4.059316508698783,82.18703460768417,4.401905517593862e-12,7.943523027929565,,,0.7155272533689793,0.7,1.067677826334619,53.15068665615767,1,2210803919.0741715,2.6901701981742128,6.5963206342644805,0.40782890149398854,1.602469460757438,1,9,1414445578.5095537,0.6770143825604472,0.0,1.14,0.67,1177477327.9556053,1.3101202149516692e-08,8.668846078083611,1.091309995275874,1.1570824571049343,1,78.67745749461949,78.67745705072898,local__potential_shape__A3__ct1e-06__p4
fixed_RAR,invariant,UGC08490,116,outer_holdout,7.78,79.5,3.69,79.222581934309,79.222581934309,76.10516507123313,4.059316508698783,82.7564759616849,4.1597688939499226e-12,8.306533488883336,,,0.7155272533689793,0.7,1.067677826334619,53.15068665615767,1,2210803919.0741715,2.6901701981742128,6.5963206342644805,0.40782890149398854,1.602469460757438,1,9,1414445578.5095537,0.6770143825604472,0.0,1.14,0.67,1129549133.1111746,1.2567929062714646e-08,8.800054835547792,1.0594136347400438,-0.05132685589171615,1,79.22258231282552,79.222581934309,local__potential_shape__A3__ct1e-06__p4
fixed_RAR,invariant,UGC08490,116,outer_holdout,8.12,79.5,3.69,78.33924015716266,78.33924015716266,76.10516507123313,4.059316508698783,81.83373082057123,3.689783305727621e-12,8.669543949837104,,,0.7155272533689793,0.7,1.067677826334619,53.15068665615767,1,2210803919.0741715,2.6901701981742128,6.5963206342644805,0.40782890149398854,1.602469460757438,1,9,1414445578.5095537,0.6770143825604472,0.0,1.14,0.67,1085657754.3866544,1.2079571612733566e-08,9.535457435615253,1.0998799349525668,0.0108090735523092,1,78.33924047658587,78.33924015716265,local__potential_shape__A3__ct1e-06__p4
fixed_RAR,invariant,UGC08490,116,outer_holdout,8.46,78.8,3.69,78.89511008681136,78.89511008681136,75.43505669953673,4.059316508698783,82.41439652658092,3.511285736394462e-12,9.032554410790878,,,0.7155272533689793,0.7,1.067677826334619,53.15068665615767,1,2210803919.0741715,2.6901701981742128,6.5963206342644805,0.40782890149398854,1.602469460757438,1,9,1414445578.5095537,0.6770143825604472,0.0,1.14,0.67,1045342065.6085902,1.1630999078946033e-08,9.648098078420613,1.0681472415925186,0.8565279689432828,1,78.89511036331392,78.89511008681137,local__potential_shape__A3__ct1e-06__p4
fixed_RAR,invariant,UGC08490,116,outer_holdout,8.8,77.9,3.69,79.54315302662377,79.54315302662377,74.57348879306996,4.059316508698783,83.09134681854685,3.3649084292410798e-12,9.395564871744648,,,0.7155272533689793,0.7,1.067677826334619,53.15068665615767,1,2210803919.0741715,2.6901701981742128,6.5963206342644805,0.40782890149398854,1.602469460757438,1,9,1414445578.5095537,0.6770143825604472,0.0,1.14,0.67,1006841998.5905247,1.1202628061688845e-08,9.697002950867434,1.0320830182365408,0.31779466593513916,1,79.5431532665421,79.54315302662378,local__potential_shape__A3__ct1e-06__p4
fixed_RAR,invariant,UGC08490,116,outer_holdout,9.13,77.2,3.69,79.23390084830586,79.23390084830586,73.90338042137356,4.059316508698783,82.76829978023792,3.098079283874431e-12,9.747898554435071,,,0.7155272533689793,0.7,1.067677826334619,53.15068665615767,1,2210803919.0741715,2.6901701981742128,6.5963206342644805,0.40782890149398854,1.602469460757438,1,9,1414445578.5095537,0.6770143825604472,0.0,1.14,0.67,971738448.6426613,1.0812048393517134e-08,10.164974975009628,1.0427862906292553,-0.26006273534960656,1,79.23390105566536,79.23390084830586,local__potential_shape__A3__ct1e-06__p4
fixed_RAR,invariant,UGC08490,116,outer_holdout,9.47,77.6,3.69,78.9085140339565,78.9085140339565,74.28629949091435,4.059316508698783,82.42839838567998,2.8507200987787517e-12,10.110909015388842,,,0.7155272533689793,0.7,1.067677826334619,53.15068665615767,1,2210803919.0741715,2.6901701981742128,6.5963206342644805,0.40782890149398854,1.602469460757438,1,9,1414445578.5095537,0.6770143825604472,0.0,1.14,0.67,938448860.489675,1.0441651772272914e-08,10.668552246081607,1.0551526306728731,0.17988927411556688,1,78.90851421358765,78.9085140339565,local__potential_shape__A3__ct1e-06__p4
fixed_RAR,invariant,UGC08490,116,outer_holdout,9.77,76.6,3.69,79.19343178712742,79.19343178712742,73.32900181706236,4.059316508698783,82.72602550935665,2.7262561260735232e-12,10.431212363289228,,,0.7155272533689793,0.7,1.067677826334619,53.15068665615767,1,2210803919.0741715,2.6901701981742128,6.5963206342644805,0.40782890149398854,1.602469460757438,1,9,1414445578.5095537,0.6770143825604472,0.0,1.14,0.67,910896531.5686009,1.0135090769088504e-08,10.828089797218912,1.0380471051789169,0.7613383117910644,1,79.1934319471498,79.19343178712742,local__potential_shape__A3__ct1e-06__p4
fixed_RAR,invariant,UGC08490,116,outer_holdout,10.15,77.6,3.69,79.89468377539792,79.89468377539792,74.28629949091435,4.059316508698783,83.4585583540765,2.6239057919561466e-12,10.836929937296382,,,0.7155272533689793,0.7,1.067677826334619,53.15068665615767,1,2210803919.0741715,2.6901701981742128,6.5963206342644805,0.40782890149398854,1.602469460757438,1,9,1414445578.5095537,0.6770143825604472,0.0,1.14,0.67,877414988.4909368,9.762558361267257e-09,10.836929937296382,1.0,1.2329968032390752,1,79.89468391437828,79.89468377539792,local__potential_shape__A3__ct1e-06__p4
fixed_RAR,invariant,UGC08550,117,outer_holdout,3.89,55.1,2.05,54.33650928523988,54.33650928523988,55.10209811905411,2.864056573276022,54.334440317462665,3.381872133337703e-12,4.372399229072544,,,0.5222584280672427,0.7000000031483677,1.1240100845944845,89.5,2,964179861.540781,4.431352150596709,5.283332227021696,0.8387419076037808,1.058263157749206,0,7,497859313.1561293,0.7693739775033157,0.0,1.01,0.45,877239068.2329586,9.760600984418254e-09,8.40640358988096,1.9226065941064794,1.972491973917613,4,54.336509962755386,54.33650928523987,local__potential_shape__A3__ct1e-06__p4
fixed_RAR,invariant,UGC08550,117,outer_holdout,4.39,57.8,2.24,58.92922511465199,58.92922511465199,57.8022009306956,3.002995526385593,58.92698127032887,3.650280635103e-12,4.934404271369785,,,0.5222584280672427,0.7000000031483677,1.1240100845944845,89.5,2,964179861.540781,4.431352150596709,5.283332227021696,0.8387419076037808,1.058263157749206,0,7,497859313.1561293,0.7693739775033157,0.0,1.01,0.45,816247181.6576035,9.081974724249407e-09,7.246776962694135,1.4686224646693649,2.668986181065975,4,58.92922566542564,58.92922511465199,local__potential_shape__A3__ct1e-06__p4
fixed_RAR,invariant,UGC08550,117,outer_holdout,4.88,57.3,2.0,63.39646171132696,63.39646171132696,57.30218189150273,2.8284809762283625,63.39404776832261,3.931630600252645e-12,5.485169212821083,,,0.5222584280672427,0.7000000031483677,1.1240100845944845,89.5,2,964179861.540781,4.431352150596709,5.283332227021696,0.8387419076037808,1.058263157749206,0,7,497859313.1561293,0.7693739775033157,0.0,1.01,0.45,751807960.0272139,8.364991688658361e-09,6.197030988463278,1.1297793646872885,1.990565556285162,4,63.396462137757545,63.396461711326964,local__potential_shape__A3__ct1e-06__p4
fixed_RAR,invariant,UGC08550,117,outer_holdout,5.36,57.5,2.0,65.36647414177789,65.36647414177789,57.50218950717988,2.8284809762283625,65.36398518673664,3.702530161262143e-12,6.024694053426436,,,0.5222584280672427,0.7000000031483677,1.1240100845944845,89.5,2,964179861.540781,4.431352150596709,5.283332227021696,0.8387419076037808,1.058263157749206,0,7,497859313.1561293,0.7693739775033157,0.0,1.01,0.45,688310108.5545553,7.658482808654983e-09,6.024694053426436,1.0,0.7295658847908726,4,65.3664744506988,65.3664741417779,local__potential_shape__A3__ct1e-06__p4
fixed_RAR,invariant,UGC08699,118,outer_holdout,8.91,188.0,4.14,185.8245647177022,185.8245647177022,182.7982865209192,4.494914995308203,191.11239405917567,6.558241182699522e-11,8.91632539633311,,,0.630854789110517,0.666103125143809,1.0007099210250403,79.58284984173503,3,41837688356.839485,4.419627409120372,8.163400333916416,0.5413954024474558,6.971054676265717,3,2,35342394045.28833,0.1406678900594392,0.3879620923083007,1.91,3.09,19578251288.382305,2.17837423934504e-07,9.674665742135739,1.0850507705914927,0.9724378866694678,4,186.02512237280152,185.82456471770223,local__potential_shape__A3__ct1e-06__p4
fixed_RAR,invariant,UGC08699,118,outer_holdout,9.53,187.0,5.93,186.5271232442809,186.5271232442809,181.82595520963773,6.102940878637394,191.83494461208625,5.990114891582408e-11,9.536765547368637,,,0.630854789110517,0.666103125143809,1.0007099210250403,79.58284984173503,3,41837688356.839485,4.419627409120372,8.163400333916416,0.5413954024474558,6.971054676265717,3,2,35342394045.28833,0.1406678900594392,0.3879620923083007,1.91,3.09,18378504262.949665,2.044884379835261e-07,9.943160868254752,1.0426135379828276,0.46261900208287443,4,186.68354369741897,186.52712324428092,local__potential_shape__A3__ct1e-06__p4
fixed_RAR,invariant,UGC08699,118,outer_holdout,9.78,187.0,7.63,186.39593913142923,186.39593913142923,181.82595520963773,7.683742431140482,191.7000275202168,5.745417453921088e-11,9.786943027624895,,,0.630854789110517,0.666103125143809,1.0007099210250403,79.58284984173503,3,41837688356.839485,4.419627409120372,8.163400333916416,0.5413954024474558,6.971054676265717,3,2,35342394045.28833,0.1406678900594392,0.3879620923083007,1.91,3.09,17925638466.120434,1.99449626441258e-07,10.111195288590123,1.0331311074407998,0.308116806563703,4,186.53743218990124,186.3959391314292,local__potential_shape__A3__ct1e-06__p4
fixed_RAR,invariant,UGC08699,118,outer_holdout,9.99,186.0,7.89,186.106170146249,186.106170146249,180.85362389835623,7.928107563321739,191.40201286017435,5.534730205430267e-11,9.997092111040155,,,0.630854789110517,0.666103125143809,1.0007099210250403,79.58284984173503,3,41837688356.839485,4.419627409120372,8.163400333916416,0.5413954024474558,6.971054676265717,3,2,35342394045.28833,0.1406678900594392,0.3879620923083007,1.91,3.09,17559973292.583828,1.953810526829344e-07,10.281982257051652,1.0284973012999332,0.16660647763364977,4,186.23628403269214,186.10617014624904,local__potential_shape__A3__ct1e-06__p4
fixed_RAR,invariant,UGC08699,118,outer_holdout,10.21,186.0,9.86,185.6195926307782,185.6195926307782,180.85362389835623,9.79357694518342,190.90158928044872,5.309159099097649e-11,10.217248293665664,,,0.630854789110517,0.666103125143809,1.0007099210250403,79.58284984173503,3,41837688356.839485,4.419627409120372,8.163400333916416,0.5413954024474558,6.971054676265717,3,2,35342394045.28833,0.1406678900594392,0.3879620923083007,1.91,3.09,17191724733.639175,1.9128373488542008e-07,10.49405083303599,1.0270916915606263,0.07535181014402781,4,185.7388355961603,185.61959263077821,local__potential_shape__A3__ct1e-06__p4
fixed_RAR,invariant,UGC08699,118,outer_holdout,11.46,182.0,2.51,182.6184257043476,182.6184257043476,176.96429865323032,3.1553592616178645,187.81502105868157,4.213449330867176e-11,11.468135694946966,,,0.630854789110517,0.666103125143809,1.0007099210250403,79.58284984173503,3,41837688356.839485,4.419627409120372,8.163400333916416,0.5413954024474558,6.971054676265717,3,2,35342394045.28833,0.1406678900594392,0.3879620923083007,1.91,3.09,15366143353.499874,1.7097140263599573e-07,11.818886434408961,1.0305848089691283,0.01838159251596494,4,182.69334536144697,182.61842570434757,local__potential_shape__A3__ct1e-06__p4
fixed_RAR,invariant,UGC08699,118,outer_holdout,13.39,177.0,3.62,179.4961344429123,179.4961344429123,172.10264209682288,4.048366217075208,184.60388178422969,3.1080669284197224e-11,13.399505842525294,,,0.630854789110517,0.666103125143809,1.0007099210250403,79.58284984173503,3,41837688356.839485,4.419627409120372,8.163400333916416,0.5413954024474558,6.971054676265717,3,2,35342394045.28833,0.1406678900594392,0.3879620923083007,1.91,3.09,13209682671.971909,1.4697754165420056e-07,13.773727210316213,1.0279279976581879,0.08250665575735638,4,179.53637138933917,179.4961344429123,local__potential_shape__A3__ct1e-06__p4
fixed_RAR,invariant,UGC08699,118,outer_holdout,15.21,175.0,6.71,177.7708344326732,177.7708344326732,170.15797947425992,6.824005632290921,182.82948658557535,2.443755384830725e-11,15.220797898790869,,,0.630854789110517,0.666103125143809,1.0007099210250403,79.58284984173503,3,41837688356.839485,4.419627409120372,8.163400333916416,0.5413954024474558,6.971054676265717,3,2,35342394045.28833,0.1406678900594392,0.3879620923083007,1.91,3.09,11661074905.674637,1.2974695647444327e-07,15.464301493329494,1.0159980834222868,0.08961310413747015,4,177.7950399237517,177.77083443267324,local__potential_shape__A3__ct1e-06__p4
fixed_RAR,invariant,UGC08699,118,outer_holdout,17.13,177.0,6.13,176.11400989986328,176.11400989986328,172.10264209682288,6.286991342100468,181.12551540457292,1.9421949300750683e-11,17.142160947158942,,,0.630854789110517,0.666103125143809,1.0007099210250403,79.58284984173503,3,41837688356.839485,4.419627409120372,8.163400333916416,0.5413954024474558,6.971054676265717,3,2,35342394045.28833,0.1406678900594392,0.3879620923083007,1.91,3.09,10369552803.893936,1.1537683508503545e-07,17.30281108619737,1.0093716387060905,0.07597570377544116,4,176.12900641134428,176.11400989986328,local__potential_shape__A3__ct1e-06__p4
fixed_RAR,invariant,UGC08699,118,outer_holdout,19.06,180.0,3.95,174.89771369977075,174.89771369977075,175.01963603066733,4.330247471133937,179.8746082436285,1.582822073821151e-11,19.07353109473727,,,0.630854789110517,0.666103125143809,1.0007099210250403,79.58284984173503,3,41837688356.839485,4.419627409120372,8.163400333916416,0.5413954024474558,6.971054676265717,3,2,35342394045.28833,0.1406678900594392,0.3879620923083007,1.91,3.09,9324723062.73733,1.0375153638439158e-07,19.092082351726138,1.0009726178596257,0.0923213792466413,4,174.90745276247938,174.89771369977075,local__potential_shape__A3__ct1e-06__p4
fixed_RAR,invariant,UGC08699,118,outer_holdout,20.99,181.0,4.46,174.01311861303063,174.01311861303063,175.99196734194882,4.775571082433478,178.96484109278538,1.3178170508865756e-11,21.0049012423156,,,0.630854789110517,0.666103125143809,1.0007099210250403,79.58284984173503,3,41837688356.839485,4.419627409120372,8.163400333916416,0.5413954024474558,6.971054676265717,3,2,35342394045.28833,0.1406678900594392,0.3879620923083007,1.91,3.09,8464071042.247541,9.417549119598536e-08,20.814866615701824,0.9909528436043803,0.06539692035704547,4,174.01969683452452,174.01311861303066,local__potential_shape__A3__ct1e-06__p4
fixed_RAR,invariant,UGC08699,118,outer_holdout,22.92,182.0,7.09,173.0130801589209,173.0130801589209,176.96429865323032,7.178083187013178,177.9363455146766,1.1084920603366214e-11,22.93627138989393,,,0.630854789110517,0.666103125143809,1.0007099210250403,79.58284984173503,3,41837688356.839485,4.419627409120372,8.163400333916416,0.5413954024474558,6.971054676265717,3,2,35342394045.28833,0.1406678900594392,0.3879620923083007,1.91,3.09,7743792168.289307,8.61613079011467e-08,22.639694210468637,0.9870695121110239,-0.033317329406543195,4,173.01766279824844,173.0130801589209,local__potential_shape__A3__ct1e-06__p4
fixed_RAR,invariant,UGC08699,118,outer_holdout,25.7,183.0,7.49,170.99814059942344,170.99814059942344,177.93662996451178,7.552391368236725,175.8640687751341,8.695851291371765e-12,25.71824497034354,,,0.630854789110517,0.666103125143809,1.0007099210250403,79.58284984173503,3,41837688356.839485,4.419627409120372,8.163400333916416,0.5413954024474558,6.971054676265717,3,2,35342394045.28833,0.1406678900594392,0.3879620923083007,1.91,3.09,6900872097.81944,7.678255726457651e-08,25.71824497034354,1.0,-0.2073762267056054,4,171.0009971390277,170.99814059942344,local__potential_shape__A3__ct1e-06__p4
fixed_RAR,invariant,UGC08837,119,outer_holdout,3.15,43.0,3.38,47.76305315864674,47.76305315864674,46.46703797410122,4.164245567207411,44.19931580245158,4.638245621699666e-12,2.8449452402992463,,,0.2036615870629351,0.7000000048254948,0.903157219142618,65.68958292990948,4,527615418.235704,2.8028522239204086,3.44649633989237,0.8132468302600717,0.7828406842651305,3,10,791516058.3139285,0.5377022936295248,0.0,2.25,1.72,740588766.5354946,8.240161325983981e-09,5.174552907148279,1.8188585262906476,1.8982932227164326,2,47.763053453952395,47.76305315864674,local__potential_shape__A3__ct1e-06__p4
fixed_RAR,invariant,UGC08837,119,outer_holdout,3.68,46.6,3.15,52.27265734736801,52.27265734736801,50.35730161844458,3.948048192427026,48.37244558582821,4.854113919224989e-12,3.3236185664448343,,,0.2036615870629351,0.7000000048254948,0.903157219142618,65.68958292990948,4,527615418.235704,2.8028522239204086,3.44649633989237,0.8132468302600717,0.7828406842651305,3,10,791516058.3139285,0.5377022936295248,0.0,2.25,1.72,670456973.9399589,7.459839896358348e-09,4.476209482852579,1.3467879641918818,2.3452738523548646,2,52.27265756445282,52.27265734736801,local__potential_shape__A3__ct1e-06__p4
fixed_RAR,invariant,UGC08837,119,outer_holdout,4.2,48.0,3.0,56.64015556899868,56.64015556899868,51.870181924578105,3.8091767139169312,52.41407233283093,5.1109628665301785e-12,3.7932603203989954,,,0.2036615870629351,0.7000000048254948,0.903157219142618,65.68958292990948,4,527615418.235704,2.8028522239204086,3.44649633989237,0.8132468302600717,0.7828406842651305,3,10,791516058.3139285,0.5377022936295248,0.0,2.25,1.72,598226874.1283393,6.6561716503167766e-09,3.793260320398995,0.9999999999999999,2.4349417257833466,2,56.640155718092394,56.640155568998686,local__potential_shape__A3__ct1e-06__p4
fixed_RAR,invariant,UGC09037,120,outer_holdout,20.69,158.0,7.82,158.41653425577965,158.41653425577965,156.95278108001492,8.021499494501892,159.47351961640567,1.0882016866425566e-11,19.433625174613745,,,0.1972711715888626,0.6999999713869234,0.9392762288358504,65.83282954389696,0,37378785800.34867,12.289514325964642,20.238309607926173,0.6072401580985574,6.589117371321599,4,6,56925193344.6169,0.4457383191725154,0.0,5.69,4.28,7930711811.418917,8.824106941520352e-08,23.61849545399621,1.2153417204345993,1.0228638785384874,1,158.4239974192253,158.41653425577968,local__potential_shape__A3__ct1e-06__p4
fixed_RAR,invariant,UGC09037,120,outer_holdout,21.92,155.0,8.07,158.68598073212996,158.68598073212996,153.97266498355896,8.262231505319797,159.74476389108753,9.892203740407639e-12,20.58893493608184,,,0.1972711715888626,0.6999999713869234,0.9392762288358504,65.83282954389696,0,37378785800.34867,12.289514325964642,20.238309607926173,0.6072401580985574,6.589117371321599,4,6,56925193344.6169,0.4457383191725154,0.0,5.69,4.28,7560870458.276335,8.412602939215311e-08,24.77012507462159,1.2030794769870425,0.1252208377215993,1,158.69215671207508,158.68598073212996,local__potential_shape__A3__ct1e-06__p4
fixed_RAR,invariant,UGC09037,120,outer_holdout,23.14,156.0,7.93,157.91061784593353,157.91061784593353,154.96603701571095,8.127365153624677,158.9642276356861,8.836168314742276e-12,21.734851935261577,,,0.1972711715888626,0.6999999713869234,0.9392762288358504,65.83282954389696,0,37378785800.34867,12.289514325964642,20.238309607926173,0.6072401580985574,6.589117371321599,4,6,56925193344.6169,0.4457383191725154,0.0,5.69,4.28,7230279057.254926,8.044770398337997e-08,26.517985840719607,1.2200674713453237,0.49499480909128124,1,157.9157572959199,157.91061784593353,local__potential_shape__A3__ct1e-06__p4
fixed_RAR,invariant,UGC09037,120,outer_holdout,24.28,154.0,9.09,159.59488425127452,159.59488425127452,152.97929295140696,9.248590004355355,160.659731788035,8.425080073486133e-12,22.805626836134447,,,0.1972711715888626,0.6999999713869234,0.9392762288358504,65.83282954389696,0,37378785800.34867,12.289514325964642,20.238309607926173,0.6072401580985574,6.589117371321599,4,6,56925193344.6169,0.4457383191725154,0.0,5.69,4.28,6945225876.2935915,7.727605960563106e-08,26.71540683777978,1.1714392693407782,0.33919114173897924,1,159.59930660311267,159.59488425127452,local__potential_shape__A3__ct1e-06__p4
fixed_RAR,invariant,UGC09037,120,outer_holdout,25.51,150.0,13.4,158.34010052445802,158.34010052445802,149.00580482279898,13.460596281355642,159.39657590463634,7.501536762885324e-12,23.96093659760254,,,0.1972711715888626,0.6999999713869234,0.9392762288358504,65.83282954389696,0,37378785800.34867,12.289514325964642,20.238309607926173,0.6072401580985574,6.589117371321599,4,6,56925193344.6169,0.4457383191725154,0.0,5.69,4.28,6661794836.8314,7.412246398618163e-08,28.77997858325052,1.201120768631814,1.1329036808818955,1,158.34381457713167,158.34010052445802,local__potential_shape__A3__ct1e-06__p4
fixed_RAR,invariant,UGC09037,120,outer_holdout,26.73,141.0,20.1,163.21929026093974,163.21929026093974,140.06545653343105,20.06669423601461,164.30832052654972,7.691112080941505e-12,25.10685359678228,,,0.1972711715888626,0.6999999713869234,0.9392762288358504,65.83282954389696,0,37378785800.34867,12.289514325964642,20.238309607926173,0.6072401580985574,6.589117371321599,4,6,56925193344.6169,0.4457383191725154,0.0,5.69,4.28,6393181938.893379,7.113374242670699e-08,26.938746182826577,1.0729638454688355,2.058342174434756,1,163.2225376523044,163.21929026093974,local__potential_shape__A3__ct1e-06__p4
fixed_RAR,invariant,UGC09037,120,outer_holdout,27.96,152.0,16.0,166.09292582305676,166.09292582305676,150.99254888710297,16.019292323040236,167.20112953375693,7.553960968520407e-12,26.262163358250373,,,0.1972711715888626,0.6999999713869234,0.9392762288358504,65.83282954389696,0,37378785800.34867,12.289514325964642,20.238309607926173,0.6072401580985574,6.589117371321599,4,6,56925193344.6169,0.4457383191725154,0.0,5.69,4.28,6121470771.036159,6.81105479652397e-08,26.262163358250373,1.0,1.1417478576595386,1,166.09570343524453,166.09292582305676,local__potential_shape__A3__ct1e-06__p4
fixed_RAR,invariant,UGC09133,121,outer_holdout,44.27,235.0,0.63,221.4566003719045,221.4566003719045,210.86695717180848,2.0783568933301115,246.80159369395628,2.4318575920398505e-11,23.690509809088987,,,1.0837617335365433,0.9212771819912852,0.53513688297016,62.87786738940525,1,104159284212.26477,3.934356917508978,9.658897603080437,0.4073298091755548,10.999264410212882,0,2,238414986997.99225,0.1864783777220112,0.3336067374736092,5.92,6.97,18470070173.534138,2.0550724613897024e-07,24.613867641305802,1.0389758531858426,0.024370357485963723,0,221.49050923392866,221.45660037190453,local__potential_shape__A3__ct1e-06__p4
fixed_RAR,invariant,UGC09133,121,outer_holdout,47.11,236.0,1.4,220.32548932241235,220.32548932241235,211.7642633725396,2.3618023835677158,245.5410306346901,2.155915770737377e-11,25.21029855672424,,,1.0837617335365433,0.9212771819912852,0.53513688297016,62.87786738940525,1,104159284212.26477,3.934356917508978,9.658897603080437,0.4073298091755548,10.999264410212882,0,2,238414986997.99225,0.1864783777220112,0.3336067374736092,5.92,6.97,17396302810.307274,1.9355997297014108e-07,26.150176470606777,1.0372815066734642,0.04641705917788386,0,220.35204851191398,220.32548932241232,local__potential_shape__A3__ct1e-06__p4
fixed_RAR,invariant,UGC09133,121,outer_holdout,49.84,239.0,2.07,219.2525752223192,219.2525752223192,214.45618197473289,2.729473081884711,244.3453249778931,1.929613363740675e-11,26.671222247232777,,,1.0837617335365433,0.9212771819912852,0.53513688297016,62.87786738940525,1,104159284212.26477,3.934356917508978,9.658897603080437,0.4073298091755548,10.999264410212882,0,2,238414986997.99225,0.1864783777220112,0.3336067374736092,5.92,6.97,16476858201.652216,1.833297720165586e-07,27.672829085050992,1.037553840935135,-0.035836773995583826,0,219.27385115111508,219.25257522231922,local__potential_shape__A3__ct1e-06__p4
fixed_RAR,invariant,UGC09133,121,outer_holdout,52.58,242.0,2.63,217.84155098850889,217.84155098850889,217.14810057692617,3.093412397429145,242.77281357358024,1.724516842011339e-11,28.137497306571014,,,1.0837617335365433,0.9212771819912852,0.53513688297016,62.87786738940525,1,104159284212.26477,3.934356917508978,9.658897603080437,0.4073298091755548,10.999264410212882,0,2,238414986997.99225,0.1864783777220112,0.3336067374736092,5.92,6.97,15651493838.177269,1.7414635496370802e-07,29.41289748175013,1.0453274206047198,-0.07055912506473305,0,217.85876591138268,217.84155098850889,local__potential_shape__A3__ct1e-06__p4
fixed_RAR,invariant,UGC09133,121,outer_holdout,55.42,245.0,1.64,216.7111953392765,216.7111953392765,219.84001917911948,2.4830533785451423,241.513092367696,1.5488823297864086e-11,29.65728605420627,,,1.0837617335365433,0.9212771819912852,0.53513688297016,62.87786738940525,1,104159284212.26477,3.934356917508978,9.658897603080437,0.4073298091755548,10.999264410212882,0,2,238414986997.99225,0.1864783777220112,0.3336067374736092,5.92,6.97,14885048854.544817,1.6561850442370141e-07,31.144495048134875,1.0501464965880678,0.038068602352723246,0,216.72520731334146,216.71119533927651,local__potential_shape__A3__ct1e-06__p4
fixed_RAR,invariant,UGC09133,121,outer_holdout,58.15,247.0,1.31,216.1877578746556,216.1877578746556,221.63463158058167,2.319856107802277,240.9297491742639,1.4144039474788636e-11,31.118209744714807,,,1.0837617335365433,0.9212771819912852,0.53513688297016,62.87786738940525,1,104159284212.26477,3.934356917508978,9.658897603080437,0.4073298091755548,10.999264410212882,0,2,238414986997.99225,0.1864783777220112,0.3336067374736092,5.92,6.97,14217834725.367155,1.5819474604140848e-07,32.57687763162959,1.0468750580088408,0.18993424926020452,0,216.19939481854044,216.18775787465557,local__potential_shape__A3__ct1e-06__p4
fixed_RAR,invariant,UGC09133,121,outer_holdout,60.89,246.0,2.14,216.16239150820675,216.16239150820675,220.73732537985055,2.7725986890424035,240.90147970902652,1.3058315686358289e-11,32.58448480405305,,,1.0837617335365433,0.9212771819912852,0.53513688297016,62.87786738940525,1,104159284212.26477,3.934356917508978,9.658897603080437,0.4073298091755548,10.999264410212882,0,2,238414986997.99225,0.1864783777220112,0.3336067374736092,5.92,6.97,13602971319.223099,1.5135346800829345e-07,33.75950527241247,1.036060734899613,0.17626540480273434,0,216.1721421952062,216.16239150820675,local__potential_shape__A3__ct1e-06__p4
fixed_RAR,invariant,UGC09133,121,outer_holdout,63.62,243.0,4.0,215.6880868979808,215.6880868979808,218.0454067776573,4.108836171706983,240.37289246663423,1.2009714431741252e-11,34.04540849456158,,,1.0837617335365433,0.9212771819912852,0.53513688297016,62.87786738940525,1,104159284212.26477,3.934356917508978,9.658897603080437,0.4073298091755548,10.999264410212882,0,2,238414986997.99225,0.1864783777220112,0.3336067374736092,5.92,6.97,13038447946.922443,1.4507229838995445e-07,35.1837941801571,1.0334372749787206,0.05740873744389319,0,215.6962996129284,215.6880868979808,local__potential_shape__A3__ct1e-06__p4
fixed_RAR,invariant,UGC09133,121,outer_holdout,66.46,239.0,4.67,215.0610750493128,215.0610750493128,214.45618197473289,4.643233724409695,239.674121135112,1.1016567250451882e-11,35.56519724219683,,,1.0837617335365433,0.9212771819912852,0.53513688297016,62.87786738940525,1,104159284212.26477,3.934356917508978,9.658897603080437,0.4073298091755548,10.999264410212882,0,2,238414986997.99225,0.1864783777220112,0.3336067374736092,5.92,6.97,12499034650.013409,1.3907051603953537e-07,36.76881528604061,1.033842580308137,0.011913413130628214,0,215.06799106366438,215.06107504931276,local__potential_shape__A3__ct1e-06__p4
fixed_RAR,invariant,UGC09133,121,outer_holdout,69.19,234.0,5.12,214.4538293641891,214.4538293641891,209.96965097107736,5.0106631127450525,238.9973781407708,1.0164846197272942e-11,37.026120932705375,,,1.0837617335365433,0.9212771819912852,0.53513688297016,62.87786738940525,1,104159284212.26477,3.934356917508978,9.658897603080437,0.4073298091755548,10.999264410212882,0,2,238414986997.99225,0.1864783777220112,0.3336067374736092,5.92,6.97,12021998205.941046,1.3376276977716804e-07,38.32880699562729,1.0351828933225151,0.02573053942921888,0,214.4597320958517,214.4538293641891,local__potential_shape__A3__ct1e-06__p4
fixed_RAR,invariant,UGC09133,121,outer_holdout,71.93,230.0,2.1,214.0047981088791,214.0047981088791,206.38042616815295,2.7478625552979943,238.4969567072132,9.423255048997992e-12,38.49239599204362,,,1.0837617335365433,0.9212771819912852,0.53513688297016,62.87786738940525,1,104159284212.26477,3.934356917508978,9.658897603080437,0.4073298091755548,10.999264410212882,0,2,238414986997.99225,0.1864783777220112,0.3336067374736092,5.92,6.97,11579191447.890686,1.2883588013551152e-07,39.82233701381741,1.0345507466474337,0.08359023090940809,0,214.00986765706995,214.0047981088791,local__potential_shape__A3__ct1e-06__p4
fixed_RAR,invariant,UGC09133,121,outer_holdout,74.77,228.0,1.32,213.73673644165197,213.73673644165197,204.5858137666908,2.3244156313571644,238.1982162471465,8.760824848136766e-12,40.01218473967887,,,1.0837617335365433,0.9212771819912852,0.53513688297016,62.87786738940525,1,104159284212.26477,3.934356917508978,9.658897603080437,0.4073298091755548,10.999264410212882,0,2,238414986997.99225,0.1864783777220112,0.3336067374736092,5.92,6.97,11153102045.77845,1.240949961640712e-07,41.25723633283865,1.0311168110729305,0.1625184246313438,0,213.74109469085926,213.73673644165197,local__potential_shape__A3__ct1e-06__p4
fixed_RAR,invariant,UGC09133,121,outer_holdout,77.5,228.0,1.6,213.69050017927023,213.69050017927023,204.5858137666908,2.4619515733962825,238.1466883937292,8.214374497905243e-12,41.4731084301874,,,1.0837617335365433,0.9212771819912852,0.53513688297016,62.87786738940525,1,104159284212.26477,3.934356917508978,9.658897603080437,0.4073298091755548,10.999264410212882,0,2,238414986997.99225,0.1864783777220112,0.3336067374736092,5.92,6.97,10770691996.333393,1.198401105345661e-07,42.49311443446208,1.024594394847246,0.20226517140781652,0,213.69429004491798,213.6905001792703,local__potential_shape__A3__ct1e-06__p4
fixed_RAR,invariant,UGC09133,121,outer_holdout,80.23,227.0,3.16,213.65110275657213,213.65110275657213,203.68850756595967,3.469868858831336,238.1027820631299,7.718258110403276e-12,42.934032120695946,,,1.0837617335365433,0.9212771819912852,0.53513688297016,62.87786738940525,1,104159284212.26477,3.934356917508978,9.658897603080437,0.4073298091755548,10.999264410212882,0,2,238414986997.99225,0.1864783777220112,0.3336067374736092,5.92,6.97,10411755888.325726,1.158464077276221e-07,43.71738074444029,1.0182454007939947,0.18267860325454421,0,213.65441160643653,213.65110275657213,local__potential_shape__A3__ct1e-06__p4
fixed_RAR,invariant,UGC09133,121,outer_holdout,83.07,226.0,3.48,213.54933546236748,213.54933546236748,202.79120136522857,3.708205833523629,237.9893678304836,7.240912268492672e-12,44.45382086833119,,,1.0837617335365433,0.9212771819912852,0.53513688297016,62.87786738940525,1,104159284212.26477,3.934356917508978,9.658897603080437,0.4073298091755548,10.999264410212882,0,2,238414986997.99225,0.1864783777220112,0.3336067374736092,5.92,6.97,10061178871.320494,1.1194571235140229e-07,45.03032063438912,1.0129685087760054,0.1359620850957981,0,213.55221936213988,213.54933546236745,local__potential_shape__A3__ct1e-06__p4
fixed_RAR,invariant,UGC09133,121,outer_holdout,85.81,224.0,3.71,213.35816976023327,213.35816976023327,200.9965889637664,3.883591247725626,237.7763238305888,6.809946721506909e-12,45.92009592766944,,,1.0837617335365433,0.9212771819912852,0.53513688297016,62.87786738940525,1,104159284212.26477,3.934356917508978,9.658897603080437,0.4073298091755548,10.999264410212882,0,2,238414986997.99225,0.1864783777220112,0.3336067374736092,5.92,6.97,9743469108.189949,1.0841071449384247e-07,46.368105632074155,1.0097562885127764,0.0679443118110612,0,213.36070406448903,213.3581697602333,local__potential_shape__A3__ct1e-06__p4
fixed_RAR,invariant,UGC09133,121,outer_holdout,88.54,222.0,1.49,213.03428981330669,213.03428981330669,199.20197656230417,2.405729037841597,237.415376868824,6.402126028820089e-12,47.38101961817797,,,1.0837617335365433,0.9212771819912852,0.53513688297016,62.87786738940525,1,104159284212.26477,3.934356917508978,9.658897603080437,0.4073298091755548,10.999264410212882,0,2,238414986997.99225,0.1864783777220112,0.3336067374736092,5.92,6.97,9445815565.28536,1.0509887218186898e-07,47.81505911955589,1.0091606196927725,0.019879227145111145,0,213.03652497880708,213.0342898133067,local__potential_shape__A3__ct1e-06__p4
fixed_RAR,invariant,UGC09133,121,outer_holdout,91.38,222.0,1.18,212.6881076033428,212.6881076033428,199.20197656230417,2.2629853249729344,237.0295752219816,6.012544946168698e-12,48.90080836581322,,,1.0837617335365433,0.9212771819912852,0.53513688297016,62.87786738940525,1,104159284212.26477,3.934356917508978,9.658897603080437,0.4073298091755548,10.999264410212882,0,2,238414986997.99225,0.1864783777220112,0.3336067374736092,5.92,6.97,9154861361.904957,1.0186157007486656e-07,49.34497016658739,1.0090829132608916,0.019994370620452173,0,212.69007666412256,212.6881076033428,local__potential_shape__A3__ct1e-06__p4
fixed_RAR,invariant,UGC09133,121,outer_holdout,94.12,224.0,1.22,212.4030660055,212.4030660055,200.9965889637664,2.2799995151662693,236.71191153303076,5.672253022171457e-12,50.36708342515146,,,1.0837617335365433,0.9212771819912852,0.53513688297016,62.87786738940525,1,104159284212.26477,3.934356917508978,9.658897603080437,0.4073298091755548,10.999264410212882,0,2,238414986997.99225,0.1864783777220112,0.3336067374736092,5.92,6.97,8890637468.758911,9.892168277967003e-08,50.79567795387571,1.0085094172538531,0.05626639049222604,0,212.40481507313964,212.40306600550005,local__potential_shape__A3__ct1e-06__p4
fixed_RAR,invariant,UGC09133,121,outer_holdout,99.69,227.0,2.8,212.15456024326252,212.15456024326252,203.68850756595967,3.211299113459313,236.4349650881772,5.088579114429956e-12,53.34779586329525,,,1.0837617335365433,0.9212771819912852,0.53513688297016,62.87786738940525,1,104159284212.26477,3.934356917508978,9.658897603080437,0.4073298091755548,10.999264410212882,0,2,238414986997.99225,0.1864783777220112,0.3336067374736092,5.92,6.97,8396515561.124214,9.342383509739937e-08,53.475151161203875,1.0023872644754617,0.07802430154890772,0,212.1559501057864,212.15456024326252,local__potential_shape__A3__ct1e-06__p4
fixed_RAR,invariant,UGC09133,121,outer_holdout,108.31,229.0,4.12,211.45897197663692,211.45897197663692,205.48311996742189,4.203222697918907,235.6597689889428,4.321570968206726e-12,57.96067579449804,,,1.0837617335365433,0.9212771819912852,0.53513688297016,62.87786738940525,1,104159284212.26477,3.934356917508978,9.658897603080437,0.4073298091755548,10.999264410212882,0,2,238414986997.99225,0.1864783777220112,0.3336067374736092,5.92,6.97,7729041426.146927,8.599718376043117e-08,57.96067579449803,0.9999999999999999,-0.018105978953599333,0,211.45996660644985,211.45897197663695,local__potential_shape__A3__ct1e-06__p4
fixed_RAR,invariant,UGC11455,122,outer_holdout,20.24,289.0,6.63,283.1685577992016,283.1685577992016,289.011004653478,6.925333759417224,283.1577756081976,6.133464436789071e-11,21.64020177041229,,,0.4025633116539823,0.6999999798904661,1.0691799293681965,89.5,2,237373508464.31516,11.92721955797729,19.73914714072291,0.6042418891224942,16.60469004641109,1,6,191364292860.58545,0.0926795157805164,0.0,10.06,5.93,44017363984.73105,4.897592250494353e-07,23.257746588048963,1.0747472151506587,0.9105179081366828,4,293.6736030183118,283.16855779920155,local__potential_shape__A3__ct1e-06__p4
fixed_RAR,invariant,UGC11455,122,outer_holdout,22.62,288.0,10.0,287.950687495142,287.950687495142,288.01096657509225,10.198412416751136,287.9397232152924,5.446163902702217e-11,24.1848500023086,,,0.4025633116539823,0.6999999798904661,1.0691799293681965,89.5,2,237373508464.31516,11.92721955797729,19.73914714072291,0.6042418891224942,16.60469004641109,1,6,191364292860.58545,0.0926795157805164,0.0,10.06,5.93,39481562757.68947,4.392916301542764e-07,23.49378997509287,0.9714259122074455,0.6436208920617901,4,295.04374114603695,287.950687495142,local__potential_shape__A3__ct1e-06__p4
fixed_RAR,invariant,UGC11455,122,outer_holdout,24.89,269.0,8.23,287.4851776830055,287.4851776830055,269.01024308576325,8.469832254371795,287.47423112834315,4.671877040686268e-11,26.611888441974408,,,0.4025633116539823,0.6999999798904661,1.0691799293681965,89.5,2,237373508464.31516,11.92721955797729,19.73914714072291,0.6042418891224942,16.60469004641109,1,6,191364292860.58545,0.0926795157805164,0.0,10.06,5.93,35704857786.59801,3.9727012017644747e-07,24.767681734698634,0.9306998933466539,0.1308722561753939,4,292.2974846806891,287.4851776830055,local__potential_shape__A3__ct1e-06__p4
fixed_RAR,invariant,UGC11455,122,outer_holdout,27.06,267.0,7.11,283.50758687152296,283.50758687152296,267.0101669289918,7.38619996737334,283.49679177133066,3.9193089867434597e-11,28.93200888870339,,,0.4025633116539823,0.6999999798904661,1.0691799293681965,89.5,2,237373508464.31516,11.92721955797729,19.73914714072291,0.6042418891224942,16.60469004641109,1,6,191364292860.58545,0.0926795157805164,0.0,10.06,5.93,32641212851.918797,3.631824730934554e-07,26.99020846548217,0.9328840098628822,-0.20985180728871455,4,286.85505129456146,283.50758687152296,local__potential_shape__A3__ct1e-06__p4
fixed_RAR,invariant,UGC11455,122,outer_holdout,29.13,272.0,5.36,278.9481813241713,278.9481813241713,272.01035732092043,5.721170159612333,278.9375598321715,3.3067454602445e-11,31.14521134249556,,,0.4025633116539823,0.6999999798904661,1.0691799293681965,89.5,2,237373508464.31516,11.92721955797729,19.73914714072291,0.6042418891224942,16.60469004641109,1,6,191364292860.58545,0.0926795157805164,0.0,10.06,5.93,30182283261.791096,3.3582319163058054e-07,29.58017775451139,0.9497504264532382,-0.2386498190602424,4,281.37085336161846,278.9481813241713,local__potential_shape__A3__ct1e-06__p4
fixed_RAR,invariant,UGC11455,122,outer_holdout,31.3,274.0,5.78,275.58092946134457,275.58092946134457,274.01043347769195,6.116448669311717,275.57043618397785,2.828673659331364e-11,33.46533178922454,,,0.4025633116539823,0.6999999798904661,1.0691799293681965,89.5,2,237373508464.31516,11.92721955797729,19.73914714072291,0.6042418891224942,16.60469004641109,1,6,191364292860.58545,0.0926795157805164,0.0,10.06,5.93,27992565803.801723,3.114592991068459e-07,32.07076476146522,0.9583280083238751,-0.02433582561377534,4,277.3595627273744,275.58092946134457,local__potential_shape__A3__ct1e-06__p4
fixed_RAR,invariant,UGC11455,122,outer_holdout,33.46,259.0,5.81,274.2282998103543,274.2282998103543,259.00986230190586,6.144808443274588,274.21785803698003,2.4941716997464736e-11,35.77476043665985,,,0.4025633116539823,0.6999999798904661,1.0691799293681965,89.5,2,237373508464.31516,11.92721955797729,19.73914714072291,0.6042418891224942,16.60469004641109,1,6,191364292860.58545,0.0926795157805164,0.0,10.06,5.93,26099819737.84678,2.9039965894304554e-07,33.91256314601069,0.9479466174498575,-0.16823941464247127,4,275.57000425990447,274.2282998103543,local__potential_shape__A3__ct1e-06__p4
fixed_RAR,invariant,UGC11455,122,outer_holdout,35.53,272.0,6.69,270.4851844049412,270.4851844049412,272.01035732092043,6.982800909733463,270.474885157932,2.1566579097264755e-11,37.98796289045202,,,0.4025633116539823,0.6999999798904661,1.0691799293681965,89.5,2,237373508464.31516,11.92721955797729,19.73914714072291,0.6042418891224942,16.60469004641109,1,6,191364292860.58545,0.0926795157805164,0.0,10.06,5.93,24515684819.70185,2.727737808883411e-07,36.839372286127585,0.9697643538392231,-0.477525288463994,4,271.5175352406755,270.4851844049412,local__potential_shape__A3__ct1e-06__p4
fixed_RAR,invariant,UGC11455,122,outer_holdout,37.7,274.0,6.39,266.4501559093946,266.4501559093946,274.01043347769195,6.695909923237734,266.4400103039065,1.8560423439714053e-11,40.308083337181,,,0.4025633116539823,0.6999999798904661,1.0691799293681965,89.5,2,237373508464.31516,11.92721955797729,19.73914714072291,0.6042418891224942,16.60469004641109,1,6,191364292860.58545,0.0926795157805164,0.0,10.06,5.93,23083063743.369106,2.5683372167948883e-07,40.30463807003921,0.9999145266443712,-0.20524144199396233,4,267.25070075059216,266.4501559093946,local__potential_shape__A3__ct1e-06__p4
fixed_RAR,invariant,UGC11455,122,outer_holdout,39.87,272.0,5.59,265.5691629720664,265.5691629720664,272.01035732092043,5.9372114498069966,265.55905091208984,1.66913201152146e-11,42.62820378390998,,,0.4025633116539823,0.6999999798904661,1.0691799293681965,89.5,2,237373508464.31516,11.92721955797729,19.73914714072291,0.6042418891224942,16.60469004641109,1,6,191364292860.58545,0.0926795157805164,0.0,10.06,5.93,21823009479.672047,2.428137272081575e-07,42.37145813925331,0.9939770944617288,-0.01574153533374556,4,266.2073398673893,265.56916297206635,local__potential_shape__A3__ct1e-06__p4
fixed_RAR,invariant,UGC11455,122,outer_holdout,41.93,266.0,8.82,263.9513808920713,263.9513808920713,266.01012885060607,9.044242617866097,263.9413304322792,1.4998334395463216e-11,44.83071443840847,,,0.4025633116539823,0.6999999798904661,1.0691799293681965,89.5,2,237373508464.31516,11.92721955797729,19.73914714072291,0.6042418891224942,16.60469004641109,1,6,191364292860.58545,0.0926795157805164,0.0,10.06,5.93,20747665492.82819,2.3084891173577011e-07,44.83071443840847,1.0,-0.23019718070918316,4,264.4700330516668,263.9513808920713,local__potential_shape__A3__ct1e-06__p4
fixed_RAR,invariant,UGC11557,123,outer_holdout,5.94,85.0,7.9,91.68284455936728,91.68284455936728,107.33103330513758,10.173988978840669,72.60753528190612,2.1343921748359127e-11,4.391690049399582,,,0.4075573962681257,0.699999995493414,0.7393417591581787,23.326560222951414,3,4915176516.5033,3.9388550592756992,5.439969128562216,0.7240583477937381,2.389374410954023,4,8,10298634115.528946,0.3364183988996926,0.0,4.18,2.75,4456173804.86451,4.958162033767163e-08,6.766083546984343,1.540655982293054,1.5602281830126117,1,91.68348885009695,91.6828445593673,local__potential_shape__A3__ct1e-06__p4
fixed_RAR,invariant,UGC11557,123,outer_holdout,7.04,78.1,6.7,96.66431935597434,96.66431935597434,98.61827883683816,8.69339794352615,76.5525765684073,1.9166890065276843e-11,5.204965984473578,,,0.4075573962681257,0.699999995493414,0.7393417591581787,23.326560222951414,3,4915176516.5033,3.9388550592756992,5.439969128562216,0.7240583477937381,2.389374410954023,4,8,10298634115.528946,0.3364183988996926,0.0,4.18,2.75,3949125359.6406403,4.393994552766925e-08,6.677266699686714,1.2828646180599474,1.294955652933794,1,96.66473835863985,96.66431935597434,local__potential_shape__A3__ct1e-06__p4
fixed_RAR,invariant,UGC11557,123,outer_holdout,8.8,81.6,6.7,102.53854459413766,102.53854459413766,103.03779197293208,8.69339794352615,81.20462481455031,1.603553183093336e-11,6.506207480591973,,,0.4075573962681257,0.699999995493414,0.7393417591581787,23.326560222951414,3,4915176516.5033,3.9388550592756992,5.439969128562216,0.7240583477937381,2.389374410954023,4,8,10298634115.528946,0.3364183988996926,0.0,4.18,2.75,3246600719.321579,3.612330472336873e-08,6.56137662486255,1.0084794627953606,0.567743812885027,1,102.53874761981592,102.53854459413765,local__potential_shape__A3__ct1e-06__p4
fixed_RAR,invariant,UGC11557,123,outer_holdout,10.56,84.5,6.7,101.34186248106234,101.34186248106234,106.6996742856956,8.69339794352615,80.25692146651468,1.123909528631116e-11,7.807448976710368,,,0.4075573962681257,0.699999995493414,0.7393417591581787,23.326560222951414,3,4915176516.5033,3.9388550592756992,5.439969128562216,0.7240583477937381,2.389374410954023,4,8,10298634115.528946,0.3364183988996926,0.0,4.18,2.75,2707640822.0105906,3.012656712383149e-08,7.807448976710368,1.0,-0.4664451517865018,1,101.34195955485481,101.34186248106235,local__potential_shape__A3__ct1e-06__p4
fixed_RAR,invariant,UGC11820,124,outer_holdout,10.52,76.95,0.54,81.12076690668042,81.12076690668042,75.08871711802081,2.068251445373426,83.13157093438956,4.8276909201271825e-12,8.028352177905594,,,0.6390134334923097,0.6999999834961516,0.7631513477096573,46.43844198241973,4,3076560825.7289615,6.583887095087418,9.141216724857435,0.7202418773404696,1.89037254723845,2,9,3148157154.583888,0.835221963481536,0.0,2.74,2.08,1561907072.157516,1.7378559913866032e-08,10.484921622429411,1.305986756695155,1.2874568838315668,3,81.12077544118966,81.1207669066804,local__potential_shape__A3__ct1e-06__p4
fixed_RAR,invariant,UGC11820,124,outer_holdout,13.14,81.25,0.73,84.09408692059864,84.09408692059864,79.2847078081766,2.1230713571768565,86.17859296183205,3.664225590758489e-12,10.027808708904898,,,0.6390134334923097,0.6999999834961516,0.7631513477096573,46.43844198241973,4,3076560825.7289615,6.583887095087418,9.141216724857435,0.7202418773404696,1.89037254723845,2,9,3148157154.583888,0.835221963481536,0.0,2.74,2.08,1302918651.210763,1.4496925103029604e-08,11.523503878484135,1.1491547368919224,0.7912274405775008,3,84.09409120470691,84.09408692059867,local__potential_shape__A3__ct1e-06__p4
fixed_RAR,invariant,UGC11820,124,outer_holdout,15.82,84.45,1.31,86.95970169772747,86.95970169772747,82.40730553108325,2.3736228129341246,89.11523997836687,2.9419937111271667e-12,12.07305432076678,,,0.6390134334923097,0.6999999834961516,0.7631513477096573,46.43844198241973,4,3076560825.7289615,6.583887095087418,9.141216724857435,0.7202418773404696,1.89037254723845,2,9,3148157154.583888,0.835221963481536,0.0,2.74,2.08,1095997188.1294723,1.2194613328068655e-08,12.07305432076678,1.0,0.8433304066538767,3,86.95970391582985,86.95970169772747,local__potential_shape__A3__ct1e-06__p4
fixed_RAR,invariant,UGC11914,125,outer_holdout,5.24,286.0,10.3,210.09597383330188,210.09597383330188,209.042415341556,7.789580782977159,287.4414190926134,3.0667027815876373e-10,3.7215227768948,,,0.4228551625846414,0.7512763547850615,0.710214270399771,44.80094723834516,0,39135815451.372055,2.027865638779605,3.908660332915686,0.5188134721511879,6.742203279051244,2,2,83150798326.61163,0.0142035918327679,0.4430140931762194,3.12,2.44,43146965936.516304,4.800747406780843e-07,4.559613486150536,1.2252010156861195,0.5573681548621607,2,210.24355100345244,210.09597383330188,local__potential_shape__A3__ct1e-06__p4
fixed_RAR,invariant,UGC11914,125,outer_holdout,5.33,286.0,17.8,209.82232927410968,209.82232927410968,209.042415341556,13.163158530068303,287.067034096147,2.9919944620315805e-10,3.78544206123078,,,0.4228551625846414,0.7512763547850615,0.710214270399771,44.80094723834516,0,39135815451.372055,2.027865638779605,3.908660332915686,0.5188134721511879,6.742203279051244,2,2,83150798326.61163,0.0142035918327679,0.4430140931762194,3.12,2.44,42549525667.759796,4.7342732119287813e-07,4.608752566544754,1.2174938863141092,0.5557105511502414,2,209.9621040398624,209.82232927410965,local__potential_shape__A3__ct1e-06__p4
fixed_RAR,invariant,UGC11914,125,outer_holdout,5.42,285.0,11.4,209.5707477184905,209.5707477184905,208.31149780539667,8.569124120275331,286.7228344523115,2.92069283590669e-10,3.849361345566759,,,0.4228551625846414,0.7512763547850615,0.710214270399771,44.80094723834516,0,39135815451.372055,2.027865638779605,3.908660332915686,0.5188134721511879,6.742203279051244,2,2,83150798326.61163,0.0142035918327679,0.4430140931762194,3.12,2.44,41966481178.47067,4.6694007635598517e-07,4.6565698858169675,1.2096993417310267,0.5517892978564305,2,209.70320118689392,209.5707477184905,local__potential_shape__A3__ct1e-06__p4
fixed_RAR,invariant,UGC11914,125,outer_holdout,5.51,285.0,12.0,209.30858793680883,209.30858793680883,208.31149780539667,8.996144953911276,286.36416227834883,2.8514980478797665e-10,3.9132806299027374,,,0.4228551625846414,0.7512763547850615,0.710214270399771,44.80094723834516,0,39135815451.372055,2.027865638779605,3.908660332915686,0.5188134721511879,6.742203279051244,2,2,83150798326.61163,0.0142035918327679,0.4430140931762194,3.12,2.44,41397290154.06998,4.606069721039387e-07,4.704877166939794,1.2022846332532844,0.5563418601450394,2,209.43414844763913,209.3085879368088,local__potential_shape__A3__ct1e-06__p4
fixed_RAR,invariant,UGC11914,125,outer_holdout,5.61,284.0,4.03,209.067384911663,209.067384911663,207.58058026923737,3.560413689132546,286.0341619524389,2.7790760310180093e-10,3.984302056942716,,,0.4228551625846414,0.7512763547850615,0.710214270399771,44.80094723834516,0,39135815451.372055,2.027865638779605,3.908660332915686,0.5188134721511879,6.742203279051244,2,2,83150798326.61163,0.0142035918327679,0.4430140931762194,3.12,2.44,40780379993.33972,4.53742920854773e-07,4.755544987722946,1.1935703969623301,0.5861386086530729,2,209.18578956152163,209.06738491166303,local__potential_shape__A3__ct1e-06__p4
fixed_RAR,invariant,UGC11914,125,outer_holdout,5.71,284.0,4.73,208.8847554277141,208.8847554277141,207.58058026923737,3.994059093760282,285.7842986300886,2.7112878262394653e-10,4.055323483982693,,,0.4228551625846414,0.7512763547850615,0.710214270399771,44.80094723834516,0,39135815451.372055,2.027865638779605,3.908660332915686,0.5188134721511879,6.742203279051244,2,2,83150798326.61163,0.0142035918327679,0.4430140931762194,3.12,2.44,40178827944.32692,4.470497516442404e-07,4.802541147271864,1.1842559949262879,0.5998857138188214,2,208.99649330289546,208.8847554277141,local__potential_shape__A3__ct1e-06__p4
fixed_RAR,invariant,UGC11914,125,outer_holdout,5.8,283.0,6.44,208.7227188764556,208.7227188764556,206.8496627330781,5.114379190660883,285.56260939259954,2.6524769682056265e-10,4.119242768318672,,,0.4228551625846414,0.7512763547850615,0.710214270399771,44.80094723834516,0,39135815451.372055,2.027865638779605,3.908660332915686,0.5188134721511879,6.742203279051244,2,2,83150798326.61163,0.0142035918327679,0.4430140931762194,3.12,2.44,39649905054.26913,4.411646908115319e-07,4.844399882395114,1.1760413636345173,0.587641136648017,2,208.82881773160895,208.72271887645556,local__potential_shape__A3__ct1e-06__p4
fixed_RAR,invariant,UGC11914,125,outer_holdout,5.89,283.0,4.96,208.54308458405868,208.54308458405868,206.8496627330781,4.1404311035777965,285.3168439217903,2.5950173819257994e-10,4.183162052654652,,,0.4228551625846414,0.7512763547850615,0.710214270399771,44.80094723834516,0,39135815451.372055,2.027865638779605,3.908660332915686,0.5188134721511879,6.742203279051244,2,2,83150798326.61163,0.0142035918327679,0.4430140931762194,3.12,2.44,39132447334.89981,4.354071972069155e-07,4.887043368245226,1.168265371202602,0.5880285317184644,2,208.64385517027173,208.54308458405868,local__potential_shape__A3__ct1e-06__p4
fixed_RAR,invariant,UGC11914,125,outer_holdout,5.98,283.0,5.37,208.3964137799724,208.3964137799724,206.8496627330781,4.405205815709955,285.116177229817,2.540435519907565e-10,4.247081336990632,,,0.4228551625846414,0.7512763547850615,0.710214270399771,44.80094723834516,0,39135815451.372055,2.027865638779605,3.908660332915686,0.5188134721511879,6.742203279051244,2,2,83150798326.61163,0.0142035918327679,0.4430140931762194,3.12,2.44,38626036273.51466,4.297726142485519e-07,4.927440881990496,1.1601946115498574,0.5901427264011545,2,208.49217099786472,208.39641377997242,local__potential_shape__A3__ct1e-06__p4
fixed_RAR,invariant,UGC11914,125,outer_holdout,6.08,283.0,11.0,208.21887783744032,208.21887783744032,206.8496627330781,8.285112781639404,284.8732826025176,2.4813633158668086e-10,4.318102764030608,,,0.4228551625846414,0.7512763547850615,0.710214270399771,44.80094723834516,0,39135815451.372055,2.027865638779605,3.908660332915686,0.5188134721511879,6.742203279051244,2,2,83150798326.61163,0.0142035918327679,0.4430140931762194,3.12,2.44,38075817883.28137,4.236506090212039e-07,4.972884109140956,1.1516363507058274,0.5993969342462151,2,208.30938500645763,208.2188778374403,local__potential_shape__A3__ct1e-06__p4
fixed_RAR,invariant,UGC11914,125,outer_holdout,6.15,283.0,1.14,208.12792664166395,208.12792664166395,206.8496627330781,2.166633075046821,284.7488483246724,2.4422448709348384e-10,4.367817762958592,,,0.4228551625846414,0.7512763547850615,0.710214270399771,44.80094723834516,0,39135815451.372055,2.027865638779605,3.908660332915686,0.5188134721511879,6.742203279051244,2,2,83150798326.61163,0.0142035918327679,0.4430140931762194,3.12,2.44,37698179832.477684,4.1944881903725687e-07,5.002425510431243,1.1452917181789177,0.6352809361742402,2,208.21496515120637,208.12792664166392,local__potential_shape__A3__ct1e-06__p4
fixed_RAR,invariant,UGC11914,125,outer_holdout,6.17,283.0,17.3,208.11047135254813,208.11047135254813,206.8496627330781,12.80206321980314,284.7249669861461,2.4314998663502305e-10,4.382022048366587,,,0.4228551625846414,0.7512763547850615,0.710214270399771,44.80094723834516,0,39135815451.372055,2.027865638779605,3.908660332915686,0.5188134721511879,6.742203279051244,2,2,83150798326.61163,0.0142035918327679,0.4430140931762194,3.12,2.44,37591372394.638016,4.1826042602026436e-07,5.010296023630787,1.1433753569310294,0.6338223302307142,2,208.19654979220434,208.1104713525481,local__potential_shape__A3__ct1e-06__p4
fixed_RAR,invariant,UGC11914,125,outer_holdout,6.26,283.0,7.94,207.98363318283063,207.98363318283063,206.8496627330781,6.138439614209185,284.5514341819067,2.382620830246796e-10,4.445941332702566,,,0.4228551625846414,0.7512763547850615,0.710214270399771,44.80094723834516,0,39135815451.372055,2.027865638779605,3.908660332915686,0.5188134721511879,6.742203279051244,2,2,83150798326.61163,0.0142035918327679,0.4430140931762194,3.12,2.44,37116645473.61809,4.129783766674345e-07,5.048510212684194,1.135532350719379,0.595298784001443,2,208.06551656857488,207.98363318283063,local__potential_shape__A3__ct1e-06__p4
fixed_RAR,invariant,UGC11914,125,outer_holdout,6.35,283.0,18.3,207.8573704792948,207.8573704792948,206.8496627330781,13.52448825330985,284.3786886979232,2.335242470848185e-10,4.509860617038545,,,0.4228551625846414,0.7512763547850615,0.710214270399771,44.80094723834516,0,39135815451.372055,2.027865638779605,3.908660332915686,0.5188134721511879,6.742203279051244,2,2,83150798326.61163,0.0142035918327679,0.4430140931762194,3.12,2.44,36651409990.92354,4.0780193380845225e-07,5.086372482099361,1.127833632570088,0.588491427409565,2,207.93528680005508,207.85737047929476,local__potential_shape__A3__ct1e-06__p4
fixed_RAR,invariant,UGC11914,125,outer_holdout,6.73,284.0,10.5,207.28287912698235,207.28287912698235,207.58058026923737,7.930952592490646,283.59270214828973,2.1490525773306864e-10,4.77974203979046,,,0.4228551625846414,0.7512763547850615,0.710214270399771,44.80094723834516,0,39135815451.372055,2.027865638779605,3.908660332915686,0.5188134721511879,6.742203279051244,2,2,83150798326.61163,0.0142035918327679,0.4430140931762194,3.12,2.44,34786047656.60428,3.8704697875004594e-07,5.24574894054818,1.0974962449601462,0.545374451409316,2,207.3462527432752,207.28287912698235,local__potential_shape__A3__ct1e-06__p4
fixed_RAR,invariant,UGC11914,125,outer_holdout,6.83,284.0,9.37,207.1119647502962,207.1119647502962,207.58058026923737,7.134749813148513,283.35886677257247,2.1032386187691927e-10,4.850763466830436,,,0.4228551625846414,0.7512763547850615,0.710214270399771,44.80094723834516,0,39135815451.372055,2.027865638779605,3.908660332915686,0.5188134721511879,6.742203279051244,2,2,83150798326.61163,0.0142035918327679,0.4430140931762194,3.12,2.44,34320134865.560303,3.8186299981933416e-07,5.288224611829025,1.0901839778397673,0.5322320055643104,2,207.17203093739016,207.1119647502962,local__potential_shape__A3__ct1e-06__p4
fixed_RAR,invariant,UGC11914,125,outer_holdout,6.92,285.0,12.9,206.95110527435597,206.95110527435597,208.31149780539667,9.638617763804602,283.1387879429065,2.0630485373766902e-10,4.914682751166415,,,0.4228551625846414,0.7512763547850615,0.710214270399771,44.80094723834516,0,39135815451.372055,2.027865638779605,3.908660332915686,0.5188134721511879,6.742203279051244,2,2,83150798326.61163,0.0142035918327679,0.4430140931762194,3.12,2.44,33909288886.736664,3.772917218056589e-07,5.326705559902053,1.0838350773786674,0.5180995607205148,2,207.00835847744577,206.95110527435597,local__potential_shape__A3__ct1e-06__p4
fixed_RAR,invariant,UGC11914,125,outer_holdout,7.37,288.0,1.24,206.0009071971373,206.0009071971373,210.50425041387453,2.1957796127382987,281.83878071882,1.874542532673004e-10,5.234279172846312,,,0.4228551625846414,0.7512763547850615,0.710214270399771,44.80094723834516,0,39135815451.372055,2.027865638779605,3.908660332915686,0.5188134721511879,6.742203279051244,2,2,83150798326.61163,0.0142035918327679,0.4430140931762194,3.12,2.44,31970178683.41874,3.5571621104150057e-07,5.527124146354733,1.0559475266484835,0.43067105009996,2,206.0461274510063,206.00090719713734,local__potential_shape__A3__ct1e-06__p4
fixed_RAR,invariant,UGC11914,125,outer_holdout,8.6,297.0,2.13,202.1593178672485,202.1593178672485,217.0825082393081,2.5345207581318747,276.58293564760305,1.4446083869172978e-10,6.10784272543803,,,0.4228551625846414,0.7512763547850615,0.710214270399771,44.80094723834516,0,39135815451.372055,2.027865638779605,3.908660332915686,0.5188134721511879,6.742203279051244,2,2,83150798326.61163,0.0142035918327679,0.4430140931762194,3.12,2.44,27536739290.898117,3.063875451555167e-07,6.177486937010317,1.0114024238512613,0.19337158429340207,2,202.18391795681103,202.15931786724852,local__potential_shape__A3__ct1e-06__p4
fixed_RAR,invariant,UGC11914,125,outer_holdout,9.83,305.0,5.07,197.3088691185756,197.3088691185756,222.9298485285824,4.211009048443558,269.9468262252456,1.1191778506712392e-10,6.981406278029749,,,0.4228551625846414,0.7512763547850615,0.710214270399771,44.80094723834516,0,39135815451.372055,2.027865638779605,3.908660332915686,0.5188134721511879,6.742203279051244,2,2,83150798326.61163,0.0142035918327679,0.4430140931762194,3.12,2.44,24109742056.046192,2.682570585009808e-07,6.981406278029749,1.0,-0.01219505119297537,2,197.32302991592897,197.3088691185756,local__potential_shape__A3__ct1e-06__p4
fixed_RAR,invariant,UGC12506,126,outer_holdout,35.24,239.0,16.2,256.12381511338464,256.12381511338464,238.8752248305758,16.314596117089245,256.25759998976525,1.9525817462387925e-11,36.14113699713482,,,0.911424618078326,0.7000000012611148,1.0255714244362888,86.45368371530819,1,234407390233.692,16.35671655867131,38.45975900516989,0.42529430713470107,16.50062135868364,1,6,113726213537.51756,0.4158186448755677,0.0,12.36,7.38,26752451535.476128,2.9766116700519224e-07,44.40213120144177,1.2285759356425854,0.15105693499572226,0,256.5673646561496,256.12381511338464,local__potential_shape__A3__ct1e-06__p4
fixed_RAR,invariant,UGC12506,126,outer_holdout,36.88,238.0,18.4,256.0324859326336,256.0324859326336,237.8757469024144,18.49882663830944,256.16622310371525,1.806087612852493e-11,37.82307413321033,,,0.911424618078326,0.7000000012611148,1.0255714244362888,86.45368371530819,1,234407390233.692,16.35671655867131,38.45975900516989,0.42529430713470107,16.50062135868364,1,6,113726213537.51756,0.4158186448755677,0.0,12.36,7.38,25777874892.945793,2.86817539445793e-07,46.25490063962336,1.2229281119963094,0.4948926334797079,0,256.41516939383985,256.03248593263356,local__potential_shape__A3__ct1e-06__p4
fixed_RAR,invariant,UGC12506,126,outer_holdout,38.52,241.0,24.9,257.3210012320814,257.3210012320814,240.8741806868986,24.967234317561367,257.45541145209444,1.7064125764595662e-11,39.505011269285845,,,0.911424618078326,0.7000000012611148,1.0255714244362888,86.45368371530819,1,234407390233.692,16.35671655867131,38.45975900516989,0.42529430713470107,16.50062135868364,1,6,113726213537.51756,0.4158186448755677,0.0,12.36,7.38,24866828145.15349,2.766807772958073e-07,47.2265047496239,1.1954560505679774,0.6994866251143321,0,257.6543874791561,257.32100123208136,local__potential_shape__A3__ct1e-06__p4
fixed_RAR,invariant,UGC12506,126,outer_holdout,40.16,237.0,23.0,258.60455575611303,258.60455575611303,236.87626897425295,23.07483027409909,258.7396364338234,1.6166260256881072e-11,41.18694840536136,,,0.911424618078326,0.7000000012611148,1.0255714244362888,86.45368371530819,1,234407390233.692,16.35671655867131,38.45975900516989,0.42529430713470107,16.50062135868364,1,6,113726213537.51756,0.4158186448755677,0.0,12.36,7.38,24004885404.123444,2.6709037090458636e-07,48.12154092970006,1.1683686894228855,0.5887907946899986,0,258.89575853359725,258.60455575611303,local__potential_shape__A3__ct1e-06__p4
fixed_RAR,invariant,UGC12506,126,outer_holdout,41.8,228.0,14.0,259.17474830670466,259.17474830670466,227.88096762080036,14.134900114993233,259.3101268213806,1.521119487359717e-11,42.86888554143687,,,0.911424618078326,0.7000000012611148,1.0255714244362888,86.45368371530819,1,234407390233.692,16.35671655867131,38.45975900516989,0.42529430713470107,16.50062135868364,1,6,113726213537.51756,0.4158186448755677,0.0,12.36,7.38,23191070487.40616,2.580354587775588e-07,49.409097418168194,1.1525631421047693,0.6014921826320005,0,259.42916843302953,259.17474830670466,local__potential_shape__A3__ct1e-06__p4
fixed_RAR,invariant,UGC12506,126,outer_holdout,43.44,233.0,16.9,260.4438425218217,260.4438425218217,232.87835726160736,17.009169878919284,260.5798839409316,1.4479867299445298e-11,44.55082267751239,,,0.911424618078326,0.7000000012611148,1.0255714244362888,86.45368371530819,1,234407390233.692,16.35671655867131,38.45975900516989,0.42529430713470107,16.50062135868364,1,6,113726213537.51756,0.4158186448755677,0.0,12.36,7.38,22420877488.047874,2.494659059384778e-07,50.180788201849396,1.1263717522141021,1.038469922227364,0,260.66733824576704,260.4438425218217,local__potential_shape__A3__ct1e-06__p4
fixed_RAR,invariant,UGC12506,126,outer_holdout,45.08,233.0,13.7,263.45048177179217,263.45048177179217,232.87835726160736,13.838138452473576,263.588093692498,1.413286399759526e-11,46.2327598135879,,,0.911424618078326,0.7000000012611148,1.0255714244362888,86.45368371530819,1,234407390233.692,16.35671655867131,38.45975900516989,0.42529430713470107,16.50062135868364,1,6,113726213537.51756,0.4158186448755677,0.0,12.36,7.38,21678481184.56255,2.4120563305160836e-07,49.710499486511544,1.0752224112717046,0.4744407636255801,0,263.64817585849335,263.45048177179217,local__potential_shape__A3__ct1e-06__p4
fixed_RAR,invariant,UGC12506,126,outer_holdout,46.71,230.0,11.6,261.73688799244024,261.73688799244024,229.8799234771232,11.765183241341248,261.8736048267917,1.2996266650842392e-11,47.90444123541905,,,0.911424618078326,0.7000000012611148,1.0255714244362888,86.45368371530819,1,234407390233.692,16.35671655867131,38.45975900516989,0.42529430713470107,16.50062135868364,1,6,113726213537.51756,0.4158186448755677,0.0,12.36,7.38,20979367377.866856,2.3342694288953012e-07,52.31463860387068,1.0920623903487026,0.40979537361886287,0,261.9092389879756,261.73688799244024,local__potential_shape__A3__ct1e-06__p4
fixed_RAR,invariant,UGC12506,126,outer_holdout,48.35,226.0,11.6,264.0684419341285,264.0684419341285,225.88201176447757,11.765183241341248,264.206376642951,1.2624111740328134e-11,49.58637837149456,,,0.911424618078326,0.7000000012611148,1.0255714244362888,86.45368371530819,1,234407390233.692,16.35671655867131,38.45975900516989,0.42529430713470107,16.50062135868364,1,6,113726213537.51756,0.4158186448755677,0.0,12.36,7.38,20314631657.277294,2.2603076052178193e-07,52.15039196562426,1.0517080230163303,1.3504028118506994,0,264.221375997352,264.06844193412854,local__potential_shape__A3__ct1e-06__p4
fixed_RAR,invariant,UGC12506,126,outer_holdout,49.99,225.0,11.6,267.3153276708657,267.3153276708657,224.88253383631613,11.765183241341248,267.4549583727247,1.243036114638584e-11,51.26831550757008,,,0.911424618078326,0.7000000012611148,1.0255714244362888,86.45368371530819,1,234407390233.692,16.35671655867131,38.45975900516989,0.42529430713470107,16.50062135868364,1,6,113726213537.51756,0.4158186448755677,0.0,12.36,7.38,19664519555.57926,2.1879728785782744e-07,51.26831550757008,1.0,1.7222496679851247,0,267.45130371085304,267.3153276708657,local__potential_shape__A3__ct1e-06__p4
fixed_RAR,invariant,UGC12632,127,outer_holdout,7.82,70.3,2.79,77.98173746773197,77.98173746773197,68.96872717430945,3.389996471611143,79.48698444334379,4.885829214099765e-12,7.370484066047811,,,0.5874572304496534,0.7000000086421913,0.9425171439958836,47.15743438433408,2,3096416984.250542,6.7848103201151995,8.724585671200535,0.7776656194129142,1.8964629790622725,1,9,2972785333.548405,0.7802514274488,0.0,3.94,2.42,1704182356.8769953,1.8961585949047764e-08,11.30387216905834,1.533667540389879,2.111151916101562,3,77.98175040051252,77.98173746773197,local__potential_shape__A3__ct1e-06__p4
fixed_RAR,invariant,UGC12632,127,outer_holdout,8.52,71.4,2.93,80.89832970767092,80.89832970767092,70.0478964473072,3.5018329078681614,82.45987437285497,4.777527928590318e-12,8.03024606684493,,,0.5874572304496534,0.7000000086421913,0.9425171439958836,47.15743438433408,2,3096416984.250542,6.7848103201151995,8.724585671200535,0.7776656194129142,1.8964629790622725,1,9,2972785333.548405,0.7802514274488,0.0,3.94,2.42,1605838293.1580105,1.7867360668953074e-08,10.89301320777153,1.356498059598238,1.5507762122553004,3,80.89834028513494,80.89832970767092,local__potential_shape__A3__ct1e-06__p4
fixed_RAR,invariant,UGC12632,127,outer_holdout,9.25,73.2,3.0,83.10728588456126,83.10728588456126,71.81380980312166,3.558421146552652,84.71146905348343,4.536669562635323e-12,8.718283581961924,,,0.5874572304496534,0.7000000086421913,0.9425171439958836,47.15743438433408,2,3096416984.250542,6.7848103201151995,8.724585671200535,0.7776656194129142,1.8964629790622725,1,9,2972785333.548405,0.7802514274488,0.0,3.94,2.42,1507022268.246488,1.6767884112385064e-08,10.76544475685297,1.2348124095351303,1.5660178557520226,3,83.1072943131052,83.10728588456125,local__potential_shape__A3__ct1e-06__p4
fixed_RAR,invariant,UGC12632,127,outer_holdout,9.95,73.0,2.81,85.74753758819881,85.74753758819881,71.61759720803116,3.4058588268538097,87.40268436758682,4.451209700252252e-12,9.378045582759045,,,0.5874572304496534,0.7000000086421913,0.9425171439958836,47.15743438433408,2,3096416984.250542,6.7848103201151995,8.724585671200535,0.7776656194129142,1.8964629790622725,1,9,2972785333.548405,0.7802514274488,0.0,3.94,2.42,1415547401.6665072,1.575008895810793e-08,10.306134762169544,1.098964029468649,1.5727352931673977,3,85.7475443576602,85.74753758819881,local__potential_shape__A3__ct1e-06__p4
fixed_RAR,invariant,UGC12632,127,outer_holdout,10.66,73.1,2.79,87.78283548881272,87.78283548881272,71.7157035055764,3.389996471611143,89.47726872306633,4.275403003249406e-12,10.04723275499612,,,0.5874572304496534,0.7000000086421913,0.9425171439958836,47.15743438433408,2,3096416984.250542,6.7848103201151995,8.724585671200535,0.7776656194129142,1.8964629790622725,1,9,2972785333.548405,0.7802514274488,0.0,3.94,2.42,1325482708.2785096,1.4747984096641857e-08,10.047232754996122,1.0000000000000002,1.257963958080154,3,87.78284081652387,87.78283548881272,local__potential_shape__A3__ct1e-06__p4
fixed_RAR,invariant,UGC12732,128,outer_holdout,11.5,85.6,3.67,85.76130188376237,85.76130188376237,79.30061229381582,3.944548587905896,92.57390616418422,4.072495532727438e-12,9.847411047359708,,,0.6580273909245685,0.699999981560786,0.8562966128138877,42.78987209348968,3,5840973991.674698,9.951321811530496,11.884161603394379,0.8373600211468161,2.6046974507439935,3,9,5645621698.407865,0.8622256785949333,0.0,3.12,1.98,2366463531.8372035,2.6330457813475085e-08,18.831662162848726,1.912346511411025,2.522406726956774,1,85.7613584473947,85.76130188376237,local__potential_shape__A3__ct1e-06__p4
fixed_RAR,invariant,UGC12732,128,outer_holdout,12.5,87.9,3.43,90.86766152334404,90.86766152334404,81.43135304470105,3.7546016270679887,98.0858987264696,4.320945315683317e-12,10.703707660173595,,,0.6580273909245685,0.699999981560786,0.8562966128138877,42.78987209348968,3,5840973991.674698,9.951321811530496,11.884161603394379,0.8373600211468161,2.6046974507439935,3,9,5645621698.407865,0.8622256785949333,0.0,3.12,1.98,2255562249.2031546,2.5096514630083156e-08,16.91708385370797,1.5804882187368714,2.6723375101017837,1,90.867710985762,90.86766152334403,local__potential_shape__A3__ct1e-06__p4
fixed_RAR,invariant,UGC12732,128,outer_holdout,13.4,90.8,3.36,95.23418866856272,95.23418866856272,84.1179392088607,3.6998803915328313,102.79928886078348,4.517793691107541e-12,11.474374611706097,,,0.6580273909245685,0.699999981560786,0.8562966128138877,42.78987209348968,3,5840973991.674698,9.951321811530496,11.884161603394379,0.8373600211468161,2.6046974507439935,3,9,5645621698.407865,0.8622256785949333,0.0,3.12,1.98,2150458586.25821,2.3927078665411827e-08,15.426028999223558,1.3443895219776079,2.5790528222282205,1,95.23423150013257,95.23418866856272,local__potential_shape__A3__ct1e-06__p4
fixed_RAR,invariant,UGC12732,128,outer_holdout,14.4,95.5,3.18,99.7306985267956,99.7306985267956,88.47206161284358,3.560730575028224,107.65298712024509,4.688452425696384e-12,12.330671224519984,,,0.6580273909245685,0.699999981560786,0.8562966128138877,42.78987209348968,3,5840973991.674698,9.951321811530496,11.884161603394379,0.8373600211468161,2.6046974507439935,3,9,5645621698.407865,0.8622256785949333,0.0,3.12,1.98,2028819214.1184192,2.2573658123115174e-08,14.023721889777256,1.1373040148771933,2.2375704807731154,1,99.73073406120325,99.73069852679558,local__potential_shape__A3__ct1e-06__p4
fixed_RAR,invariant,UGC12732,128,outer_holdout,15.4,98.0,3.18,103.09490013231368,103.09490013231368,90.78808416815362,3.560730575028224,111.28443017096671,4.681725237524108e-12,13.18696783733387,,,0.6580273909245685,0.699999981560786,0.8562966128138877,42.78987209348968,3,5840973991.674698,9.951321811530496,11.884161603394379,0.8373600211468161,2.6046974507439935,3,9,5645621698.407865,0.8622256785949333,0.0,3.12,1.98,1905028223.6606643,2.1196297598397634e-08,13.186967837333869,0.9999999999999999,1.719656590394834,1,103.09492868780943,103.0949001323137,local__potential_shape__A3__ct1e-06__p4
fixed_RAR,invariant,UGCA442,129,outer_holdout,4.65,56.4,3.12,56.72454703969635,56.72454703969635,60.115993566732286,3.880642546061819,53.21819142001708,3.672701571266783e-12,4.556935616677007,,,0.4623926104932698,0.6999999936042567,0.9799861541240876,57.48345283948615,4,547168241.7046994,2.3286811671430137,3.2613313320454904,0.7140277788587879,0.7972143179207121,3,9,414855069.550304,0.8431619273187783,0.0,1.71,1.18,454551429.06192863,5.0575667302500725e-09,4.010946244083583,0.8801849711031097,-0.04322980279212629,2,56.72454708187971,56.72454703969635,local__potential_shape__A3__ct1e-06__p4
fixed_RAR,invariant,UGCA442,129,outer_holdout,5.48,57.8,2.83,55.34584993674692,55.34584993674692,61.60823454179302,3.619257125196348,51.92471672230571,2.4710473271666697e-12,5.370324124600001,,,0.4623926104932698,0.6999999936042567,0.9799861541240876,57.48345283948615,4,547168241.7046994,2.3286811671430137,3.2613313320454904,0.7140277788587879,0.7972143179207121,3,9,414855069.550304,0.8431619273187783,0.0,1.71,1.18,378856311.6361025,4.215344963781766e-09,4.968701630791339,0.9252144778433508,-0.501846994766538,2,55.345849956608845,55.345849936746916,local__potential_shape__A3__ct1e-06__p4
fixed_RAR,invariant,UGCA442,129,outer_holdout,6.33,56.5,0.65,53.87889432744122,53.87889432744122,60.22258220780805,2.1166029617454223,50.54843910538503,1.7033964626128277e-12,6.203312355605474,,,0.4623926104932698,0.6999999936042567,0.9799861541240876,57.48345283948615,4,547168241.7046994,2.3286811671430137,3.2613313320454904,0.7140277788587879,0.7972143179207121,3,9,414855069.550304,0.8431619273187783,0.0,1.71,1.18,326054302.97082907,3.627843384770165e-09,6.203312355605474,1.0,-0.6580760816797238,2,53.87889433804881,53.87889432744123,local__potential_shape__A3__ct1e-06__p4
fixed_RAR,invariant,UGCA444,130,outer_holdout,1.9,32.9,4.36,36.14623966154818,36.14623966154818,34.07165203680327,4.938387249880176,34.90324694500816,4.400484765618661e-12,1.6769316935559522,,,0.47999406674386,0.7,0.8825956281873433,70.82349960357008,0,109111460.42905097,1.1364610197252332,1.649177193576591,0.6891078921971847,0.3559998648752258,1,10,95985105.86676864,0.9283732011890308,0.0,0.41,0.83,250630578.32621872,2.7886412702341807e-09,1.8457929769173542,1.1006965781673133,1.0132263796905363,1,36.14623966387327,36.14623966154818,local__potential_shape__A3__ct1e-06__p4
fixed_RAR,invariant,UGCA444,130,outer_holdout,1.97,34.2,4.9,36.4482733152951,36.4482733152951,35.417948317892765,5.454407770376805,35.19489430033863,4.245793202384223e-12,1.738713387529066,,,0.47999406674386,0.7,0.8825956281873433,70.82349960357008,0,109111460.42905097,1.1364610197252332,1.649177193576591,0.6891078921971847,0.3559998648752258,1,10,95985105.86676864,0.9283732011890308,0.0,0.41,0.83,242390784.3443613,2.6969611978763417e-09,1.8501490685280308,1.0640908857079252,1.0082185123536647,1,36.448273317346164,36.4482733152951,local__potential_shape__A3__ct1e-06__p4
fixed_RAR,invariant,UGCA444,130,outer_holdout,2.04,32.6,3.98,36.74081752733125,36.74081752733125,33.76096827962878,4.581345093354447,35.47737853578437,4.100913260966736e-12,1.8004950815021803,,,0.47999406674386,0.7,0.8825956281873433,70.82349960357008,0,109111460.42905097,1.1364610197252332,1.649177193576591,0.6891078921971847,0.3559998648752258,1,10,95985105.86676864,0.9283732011890308,0.0,0.41,0.83,234436373.70370764,2.6084564434243736e-09,1.852652070998236,1.0289681377260638,1.190807976958581,1,36.740817529140465,36.74081752733125,local__potential_shape__A3__ct1e-06__p4
fixed_RAR,invariant,UGCA444,130,outer_holdout,2.11,33.7,4.73,37.15013702115653,37.15013702115653,34.90014205593527,5.2910098605677405,35.87262239811031,4.014629823295895e-12,1.8622767754752945,,,0.47999406674386,0.7,0.8825956281873433,70.82349960357008,0,109111460.42905097,1.1364610197252332,1.649177193576591,0.6891078921971847,0.3559998648752258,1,10,95985105.86676864,0.9283732011890308,0.0,0.41,0.83,226701457.37190348,2.522393892522854e-09,1.830030215175756,0.9826843352587542,1.0446556151418918,1,37.150137022756155,37.15013702115654,local__potential_shape__A3__ct1e-06__p4
fixed_RAR,invariant,UGCA444,130,outer_holdout,2.19,33.8,4.67,37.34800473855947,37.34800473855947,35.00370330832676,5.233536005761318,36.063685863290246,3.823057506013539e-12,1.9328844257302815,,,0.47999406674386,0.7,0.8825956281873433,70.82349960357008,0,109111460.42905097,1.1364610197252332,1.649177193576591,0.6891078921971847,0.3559998648752258,1,10,95985105.86676864,0.9283732011890308,0.0,0.41,0.83,218166371.74721032,2.4274282575354814e-09,1.8493811774984994,0.9567986336274437,0.8596217043359502,1,37.34800473993876,37.34800473855947,local__potential_shape__A3__ct1e-06__p4
fixed_RAR,invariant,UGCA444,130,outer_holdout,2.26,34.9,3.74,37.61953050767211,37.61953050767211,36.14287708463326,4.359083307157366,36.32587443560122,3.70538138822707e-12,1.994666119703396,,,0.47999406674386,0.7,0.8825956281873433,70.82349960357008,0,109111460.42905097,1.1364610197252332,1.649177193576591,0.6891078921971847,0.3559998648752258,1,10,95985105.86676864,0.9283732011890308,0.0,0.41,0.83,210991497.1028291,2.347597010782997e-09,1.8453616575941163,0.9251481435241498,1.0130816186137963,1,37.61953050888749,37.61953050767211,local__potential_shape__A3__ct1e-06__p4
fixed_RAR,invariant,UGCA444,130,outer_holdout,2.33,36.1,5.47,37.88919190549726,37.88919190549726,37.385612113331256,6.007492386235876,36.58626274840931,3.5962139921552497e-12,2.05644781367651,,,0.47999406674386,0.7,0.8825956281873433,70.82349960357008,0,109111460.42905097,1.1364610197252332,1.649177193576591,0.6891078921971847,0.3559998648752258,1,10,95985105.86676864,0.9283732011890308,0.0,0.41,0.83,204032722.85494354,2.2701702052132536e-09,1.8386698456755735,0.8940999297173537,0.1812018910138704,1,37.889191906567675,37.889191905497256,local__potential_shape__A3__ct1e-06__p4
fixed_RAR,invariant,UGCA444,130,outer_holdout,2.4,37.2,5.39,37.65173562237847,37.65173562237847,38.52478588963775,5.92943358103552,36.35697208454101,3.3266342534187786e-12,2.118229507649624,,,0.47999406674386,0.7,0.8825956281873433,70.82349960357008,0,109111460.42905097,1.1364610197252332,1.649177193576591,0.6891078921971847,0.3559998648752258,1,10,95985105.86676864,0.9283732011890308,0.0,0.41,0.83,197438523.96055102,2.196799847518508e-09,1.923429600751092,0.9080364492161754,-0.7584547712775702,1,37.651735623311204,37.651735622378474,local__potential_shape__A3__ct1e-06__p4
fixed_RAR,invariant,UGCA444,130,outer_holdout,2.48,37.6,7.1,37.30539322515944,37.30539322515944,38.93903089920374,7.619999162555849,36.022539669693685,3.025067799657717e-12,2.188837157904611,,,0.47999406674386,0.7,0.8825956281873433,70.82349960357008,0,109111460.42905097,1.1364610197252332,1.649177193576591,0.6891078921971847,0.3559998648752258,1,10,95985105.86676864,0.9283732011890308,0.0,0.41,0.83,190526216.87258565,2.119890058829663e-09,2.041122575192283,0.9325145855739508,-1.170954770950857,1,37.30539322596081,37.305393225159435,local__potential_shape__A3__ct1e-06__p4
fixed_RAR,invariant,UGCA444,130,outer_holdout,2.55,35.6,4.73,36.877044056643925,36.877044056643925,36.86780585137376,5.2910098605677405,35.60892052293385,2.7517112676799804e-12,2.250618851877725,,,0.47999406674386,0.7,0.8825956281873433,70.82349960357008,0,109111460.42905097,1.1364610197252332,1.649177193576591,0.6891078921971847,0.3559998648752258,1,10,95985105.86676864,0.9283732011890308,0.0,0.41,0.83,185025158.5207025,2.058682529993893e-09,2.1791010881225525,0.968223067315239,-1.3043920494026224,1,36.87704405734849,36.87704405664392,local__potential_shape__A3__ct1e-06__p4
fixed_RAR,invariant,UGCA444,130,outer_holdout,2.62,38.3,7.78,36.51908969310179,36.51908969310179,39.66395966594423,8.301584393411352,35.263275452720784,2.522686133820235e-12,2.3124005458508394,,,0.47999406674386,0.7,0.8825956281873433,70.82349960357008,0,109111460.42905097,1.1364610197252332,1.649177193576591,0.6891078921971847,0.3559998648752258,1,10,95985105.86676864,0.9283732011890308,0.0,0.41,0.83,180001791.91025403,2.0027900385869592e-09,2.3124005458508394,1.0,-1.1133081973148364,1,36.51908969372677,36.51908969310179,local__potential_shape__A3__ct1e-06__p4
