{
  "Early (T<2)": {
    "x_c": 1.6699077234889381,
    "w": 2.9999999999999996,
    "K_inf": 0.5000000000000001,
    "r2": -0.9699397842154855,
    "n_galaxies": 5,
    "n_points": 77
  },
  "Mid (2\u2264T<6)": {
    "x_c": 0.3963077553303177,
    "w": 2.999999999999999,
    "K_inf": 0.5000000000000001,
    "r2": -0.20722660576412455,
    "n_galaxies": 27,
    "n_points": 541
  },
  "Late (6\u2264T<9)": {
    "x_c": 1.0780710733893144e-14,
    "w": 2.9999999999999973,
    "K_inf": 0.7669874415040429,
    "r2": -0.01836385811610719,
    "n_galaxies": 8,
    "n_points": 101
  }
}