{
  "coherence_functions": {
    "baseline": 1.9702545855891052,
    "exponential": 1.9978060458337195,
    "burr_xii": 2.1647535834625073,
    "stretched_exp": 2.013070473636299,
    "gaussian": 2.04734406912088
  },
  "gate_functions": {
    "baseline": 1.9702545855891052,
    "smoothstep": 1.9712243476468851,
    "tanh": 1.9709222501949817,
    "logistic": 1.9709916099176408
  },
  "rar_shapes": {
    "baseline": 1.9702545855891052,
    "logarithmic": 2.5327436000745087,
    "tanh": 2.7084890133358956,
    "exponential": 2.7069337863134946
  },
  "baseline_scatter": 1.9702545855891052,
  "hyperparams": {
    "L_0": 4.993,
    "beta_bulge": 1.759,
    "alpha_shear": 0.149,
    "gamma_bar": 0.0,
    "A_0": 1.1000000000000003,
    "p": 0.75,
    "n_coh": 0.5,
    "g_dagger": 1.2e-10
  }
}