production_index,cluster,bin_id,obsid,ccd_id,cell_name,cell_directory,cell_report_sha256,source_band_events,background_all_energy_events,background_band_events,blanksky_scale,effective_background_scale,source_pha_name,source_pha_sha256,background_pha_name,background_pha_sha256,arf_name,arf_sha256,rmf_name,rmf_sha256,four_product_bytes,all_cell_gates_passed
3813,ABELL2146,0,10464,7,ABELL2146_bin0_obs10464_ccd7,/home/henry/sigma-v19dr-ccd7-background/v100/completed/ABELL2146_bin0_obs10464_ccd7,d1e404496998ff24112750eed99ed612c281f0cd4bdf3460267f847a11d9cb8a,162,188,20,0.086949646,0.08694964600000035,ABELL2146_bin0_obs10464_ccd7.pi,1dd50265b3886012e375d729a6434e9adecba93ab19ec6d6beaea30d7faf79c3,ABELL2146_bin0_obs10464_ccd7_bkg.pi,5285d62e3ed7c97d28b94f6d6592216cd3265c6b590d0c9fe79fd406d385c5ab,ABELL2146_bin0_obs10464_ccd7.arf,783fcadfb69781d2e4da590a2f45f596520e73b420021ab27fe0fe83975a1a73,ABELL2146_bin0_obs10464_ccd7.rmf,7791cb19c3647e116d27aae067ae46ded449ef483a0a0a3ab2a0367b500305ae,7122240,True
3814,ABELL2146,1,10464,7,ABELL2146_bin1_obs10464_ccd7,/home/henry/sigma-v19dr-ccd7-background/v100/completed/ABELL2146_bin1_obs10464_ccd7,8549cbba950d319f5b5a7852436114f9eb1e85e208ea32f1acbd29dd4acc247c,264,213,29,0.086949646,0.08694964600000035,ABELL2146_bin1_obs10464_ccd7.pi,96329974e1051009ae6af90bdf2e23bc81d057f2089604d6d17d97387713832a,ABELL2146_bin1_obs10464_ccd7_bkg.pi,9f93d362396d1c342bcc6eed4e11c47514ed4c471ffe979a4eebe386d02d6ef3,ABELL2146_bin1_obs10464_ccd7.arf,ea9081dd0485ff93071613ca65ab623605376dc50e6290f0f60ede53b63bf5d1,ABELL2146_bin1_obs10464_ccd7.rmf,c8da71262d16c11545513017d8f88b686499947bd69e05ae57be86bd3e89d021,7122240,True
3815,ABELL2146,2,10464,7,ABELL2146_bin2_obs10464_ccd7,/home/henry/sigma-v19dr-ccd7-background/v100/completed/ABELL2146_bin2_obs10464_ccd7,c645a1e628e528a0244c6261c8a249630c229ead7c5770fce97b12beabf4ea62,204,205,24,0.086949646,0.08694964600000035,ABELL2146_bin2_obs10464_ccd7.pi,b6f9da513e12ab37239bbbe4540b1e7ad12035d4f48fc46a5906da0e5b952612,ABELL2146_bin2_obs10464_ccd7_bkg.pi,4fd361bbc659b07b375b0d58300c3b7553cdb177681b29831de4c298cc7e622c,ABELL2146_bin2_obs10464_ccd7.arf,8fd2ef59732d3f126c7f0a5c0fdc5d6d33e067cde63363212cc7946ea47af9ed,ABELL2146_bin2_obs10464_ccd7.rmf,77b3c61a023e6b66a0d92e6141db0ee0d164eb3d516eb19fae1c3304444bf06b,7122240,True
3816,ABELL2146,3,10464,7,ABELL2146_bin3_obs10464_ccd7,/home/henry/sigma-v19dr-ccd7-background/v100/completed/ABELL2146_bin3_obs10464_ccd7,a16bb53d81057d21f636ad29d65ac992ac106951502289417640578ebe8135b6,208,231,37,0.086949646,0.08694964600000035,ABELL2146_bin3_obs10464_ccd7.pi,65e1ce7192e24a733a15346ff72ee334976a577e4499fa81f5f7a915b99e1a30,ABELL2146_bin3_obs10464_ccd7_bkg.pi,dda2677a145c1c5efeeee4c37d548b3a924fa6d5729019ddf491af864eb294cc,ABELL2146_bin3_obs10464_ccd7.arf,12178f55b39a17881c1b7e7d69d283705a1f9f43258a43154f74058503fc3785,ABELL2146_bin3_obs10464_ccd7.rmf,9d20459711a0e2be39067b5b5101c8b7161c00ef42a4e197f739605c0a148c60,7122240,True
3817,ABELL2146,4,10464,7,ABELL2146_bin4_obs10464_ccd7,/home/henry/sigma-v19dr-ccd7-background/v100/completed/ABELL2146_bin4_obs10464_ccd7,d0e308031482aa8d8e859a30d08a8b9b74813b8f637493089de7b402e8654d7f,292,237,27,0.086949646,0.08694964600000035,ABELL2146_bin4_obs10464_ccd7.pi,8cf88206af40649621ec3b87af29b2274079a5a1a2759f5bd6ce3f1fc2c6f71b,ABELL2146_bin4_obs10464_ccd7_bkg.pi,4b49f16f888b71dccfee608b8cc16d9afc05f968da4fc3bc0f123ccd1b34d1d7,ABELL2146_bin4_obs10464_ccd7.arf,38b51dc662d78edc9776525ec463868a0826d2f4d4990287ce96ca855862191b,ABELL2146_bin4_obs10464_ccd7.rmf,75f232a115f79355a6a4825c92de3f72e5dcbfb4134a32dec07a9fbc05115e22,7122240,True
3818,ABELL2146,6,10464,7,ABELL2146_bin6_obs10464_ccd7,/home/henry/sigma-v19dr-ccd7-background/v100/completed/ABELL2146_bin6_obs10464_ccd7,ff93b005c45b497d77c1d9018102a7dd54d1b01e763cb1a75e81999c7d7b9af2,195,265,32,0.086949646,0.08694964600000035,ABELL2146_bin6_obs10464_ccd7.pi,f6c49cd780f1dcd6bcb42cef2559fa6b0d25ed20058bbf9841785da65da09a8b,ABELL2146_bin6_obs10464_ccd7_bkg.pi,6fe900c54ba8d84aec61e43c11a45409aacd0f06d4a3346d8999c722fd8e3428,ABELL2146_bin6_obs10464_ccd7.arf,398e8e7003986248079b6b86bfca5e1e0090281efc6c757756412ab65bd140fb,ABELL2146_bin6_obs10464_ccd7.rmf,416014fb29bee80df6cc9dee7f4e8bc6c9def0d5a01d46f23b014a54bfc63ef8,7122240,True
3819,ABELL2146,7,10464,7,ABELL2146_bin7_obs10464_ccd7,/home/henry/sigma-v19dr-ccd7-background/v100/completed/ABELL2146_bin7_obs10464_ccd7,25fedc6f9a2c1bf348990a3d08f9713497626cd9a6621457b136bd3c8d522554,137,313,39,0.086949646,0.08694964600000035,ABELL2146_bin7_obs10464_ccd7.pi,40cb0af356ee0b57d77035d055f274c8609ff0d20dc20e58169f82b415e76a67,ABELL2146_bin7_obs10464_ccd7_bkg.pi,968c82fbc2ce7b98aafc52aadec9a2bf2aa645e340ea66fa07dd2f93528ce043,ABELL2146_bin7_obs10464_ccd7.arf,f4bc26e4696b6d261c76635fdd8b7590125a5697ca5248acaddebed0c3e9c86e,ABELL2146_bin7_obs10464_ccd7.rmf,6c29712445d352fe5e4d6d0bff5cf420ebbcdd7eeb06b403ba75d8abc28899f0,7122240,True
3820,ABELL2146,9,10464,7,ABELL2146_bin9_obs10464_ccd7,/home/henry/sigma-v19dr-ccd7-background/v100/completed/ABELL2146_bin9_obs10464_ccd7,4794e024a0324035b4b72d7651ed4aca21f83664ed7532961a2199c5a14a27cc,231,228,28,0.086949646,0.08694964600000035,ABELL2146_bin9_obs10464_ccd7.pi,32883f24dc407e03619256668caef6e0c261367a94c0d278ce4599ca681223d4,ABELL2146_bin9_obs10464_ccd7_bkg.pi,9cefd4f048fd13343c44a3e73df890e7fd6281e8a6e513f0dab238c1d9691a83,ABELL2146_bin9_obs10464_ccd7.arf,c4ecb234a5f362efe486752e1fc1c889c5aad39fcdaa26d956d6781a31efe72b,ABELL2146_bin9_obs10464_ccd7.rmf,ec2893a027d9d88140115d7bd7b8b1da653311a885cee0fe4817a362541c9ca0,7122240,True
3821,ABELL2146,10,10464,7,ABELL2146_bin10_obs10464_ccd7,/home/henry/sigma-v19dr-ccd7-background/v100/completed/ABELL2146_bin10_obs10464_ccd7,5c99af77f9a8cfeb8144823b0228cda3d1667e54453b92333dc0c1af7da93887,200,241,26,0.086949646,0.08694964600000035,ABELL2146_bin10_obs10464_ccd7.pi,c6df65cf1177d8470052f81dd3ea3c71a968625b108f0191423e2d442ec71929,ABELL2146_bin10_obs10464_ccd7_bkg.pi,cd29abd936109cbd130b40aee5ad43ae15a9b3d6d9ea700ef766674e63776ac8,ABELL2146_bin10_obs10464_ccd7.arf,a0a719df57191cd2d57b5818dd7b34d6569523ce4b8ba859a6473826ae2483f6,ABELL2146_bin10_obs10464_ccd7.rmf,698167fe733657afe8be5ff669672e02b4e8f7419b7d087397dfed17b7b78cf4,7122240,True
3822,ABELL2146,11,10464,7,ABELL2146_bin11_obs10464_ccd7,/home/henry/sigma-v19dr-ccd7-background/v100/completed/ABELL2146_bin11_obs10464_ccd7,1ddad9619e52f4d99606308112aab1bacbbef714853924b2dcc592a92af035bd,212,251,38,0.086949646,0.08694964600000035,ABELL2146_bin11_obs10464_ccd7.pi,e09e4abad7521d78037f009414aa4fcbe100787e591cf3c51e60937946cc9a2f,ABELL2146_bin11_obs10464_ccd7_bkg.pi,c5dd29839fe20237334e96659bfb78a2ba5efba790f22338f711267ef06d0795,ABELL2146_bin11_obs10464_ccd7.arf,baf9403388c9e207ccb0e57bb31d8284b21c0340ee427e60b018c6ff7a4e8242,ABELL2146_bin11_obs10464_ccd7.rmf,29097840762bbddc51a06fe54dda1d8297030ab6506011bf87a780d4688a401c,7122240,True
3823,ABELL2146,12,10464,7,ABELL2146_bin12_obs10464_ccd7,/home/henry/sigma-v19dr-ccd7-background/v100/completed/ABELL2146_bin12_obs10464_ccd7,942275245757196e385bc667db5d30d9c8ea10af4bbb4fe1883996e89a4cd19c,215,256,33,0.086949646,0.08694964600000035,ABELL2146_bin12_obs10464_ccd7.pi,9206721138262345a958c7b2576098bbccb24503643b0a47be826831cd773020,ABELL2146_bin12_obs10464_ccd7_bkg.pi,55b3d6301ac3127318f9edc233fa94dc1bae9780aceb1a38e7b736d73c270afd,ABELL2146_bin12_obs10464_ccd7.arf,b7d6babaab5281986e2e23927d642de92dd979d6ad2e4ed0b2806a37c2b5ac68,ABELL2146_bin12_obs10464_ccd7.rmf,9c5a29782518769326fd69484cbb35612ea23a031769b3b532569d99a72e2b0c,7122240,True
3824,ABELL2146,16,10464,7,ABELL2146_bin16_obs10464_ccd7,/home/henry/sigma-v19dr-ccd7-background/v100/completed/ABELL2146_bin16_obs10464_ccd7,d647d91f36b781725463b672a16e26f97cbd1b38143a2e3324d30a438f829bd1,212,281,35,0.086949646,0.08694964600000035,ABELL2146_bin16_obs10464_ccd7.pi,a8d809beee8e36a71f278f33d1de05c22a849599ceaead2483935010464ef4f1,ABELL2146_bin16_obs10464_ccd7_bkg.pi,9f00487411e20eb7d524f4cb5da351baa2fed58a8d85d16f7d3f22dd969a8cd5,ABELL2146_bin16_obs10464_ccd7.arf,6ce656ce7cf89d6b9681e6d6afb9e140cabd44149e85e538e1062a47d22cad6c,ABELL2146_bin16_obs10464_ccd7.rmf,fc159ed1b631dc1b6de1eed6fe025e738e2486b4600beb1b5cae3b7dfbfcbad5,7122240,True
3825,ABELL2146,17,10464,7,ABELL2146_bin17_obs10464_ccd7,/home/henry/sigma-v19dr-ccd7-background/v100/completed/ABELL2146_bin17_obs10464_ccd7,c43c0e70df02cdbd4fc020f19a57dabc1a4d6314ce000c738f013aca5247ba0e,204,255,33,0.086949646,0.08694964600000035,ABELL2146_bin17_obs10464_ccd7.pi,ef314b3a698f4ce81a099dac3c8440915da5337e920d9b660118bf5d357808c8,ABELL2146_bin17_obs10464_ccd7_bkg.pi,f1e6f997bafdd63945d165897c874adcdbfa52b0da3ccbc28d273f7503246070,ABELL2146_bin17_obs10464_ccd7.arf,3ed74c3dc3af05078867171f9aa2c9aa83b3a67cfa8ca4683e1112cb6ab0a89b,ABELL2146_bin17_obs10464_ccd7.rmf,47151ea279308d05fa48c1804e4a35b57e8231b44f735b6a4807975ad8faeaa1,7122240,True
3826,ABELL2146,18,10464,7,ABELL2146_bin18_obs10464_ccd7,/home/henry/sigma-v19dr-ccd7-background/v100/completed/ABELL2146_bin18_obs10464_ccd7,9d967c900f30eecb0bb9cd63679c60b6871fd86df50013e252ddf67c9ac7bbe5,352,318,34,0.086949646,0.08694964600000035,ABELL2146_bin18_obs10464_ccd7.pi,aab31c730fa85155b7046915020f7c390f62ab6fc3b17c34646519cdfd2eb05a,ABELL2146_bin18_obs10464_ccd7_bkg.pi,3141fb14aa6c7a3dc39d5ee3b9fe6544f41c6c79d566ced68c6757ccbc2249be,ABELL2146_bin18_obs10464_ccd7.arf,7732620e3c0adac55dca3f3263dcf6b396be2ee0aecd47789cb21281334a107d,ABELL2146_bin18_obs10464_ccd7.rmf,0ed8a32e39c9d7a9e960f0e33b25549240117a1706a74b35ad6a11b8a3cb0756,7122240,True
3827,ABELL2146,19,10464,7,ABELL2146_bin19_obs10464_ccd7,/home/henry/sigma-v19dr-ccd7-background/v100/completed/ABELL2146_bin19_obs10464_ccd7,af28ce7b419edc18fc15c4ab1a4cd3b68dd0e313f764f65487314d32b013071f,217,291,49,0.086949646,0.08694964600000035,ABELL2146_bin19_obs10464_ccd7.pi,2cf3ca9f151c39ebe482f3c0111f5c7d4f1f91e0183c895ab1729d6385cef0ad,ABELL2146_bin19_obs10464_ccd7_bkg.pi,a82846879b1ef4994aa12f311111da6a5e1337fe664b7595b4444410b147c00c,ABELL2146_bin19_obs10464_ccd7.arf,0d2773e53b82b7d69f8f81839f2b7f9c6d2dd698e71fcf06c4d8ab1468ccd318,ABELL2146_bin19_obs10464_ccd7.rmf,db9010e30f51cff647eca364ce8045b299c09c723d1be25eff6ff2c5cfa999de,7122240,True
3828,ABELL2146,20,10464,7,ABELL2146_bin20_obs10464_ccd7,/home/henry/sigma-v19dr-ccd7-background/v100/completed/ABELL2146_bin20_obs10464_ccd7,90f4407cd39760001b49a15fe2553e67947e8b7a352556868279251d4b678513,218,263,37,0.086949646,0.08694964600000035,ABELL2146_bin20_obs10464_ccd7.pi,c7327c7779a7fd15aea3c64bbe518295c883986e726bc2f494bc3b563586a313,ABELL2146_bin20_obs10464_ccd7_bkg.pi,e1f3191a47f432a4c18a898eef116b63a0277ca9ae2bad70c03cb23c35111810,ABELL2146_bin20_obs10464_ccd7.arf,b5c16e19c8993a7afd6f4772ace34b9ae3ebeee666ecdeeb1146637a1eee9383,ABELL2146_bin20_obs10464_ccd7.rmf,2504c499059737883251c1e198d5408ea2c9a9ebb8b0205530be65b6015be2f9,7122240,True
3829,ABELL2146,21,10464,7,ABELL2146_bin21_obs10464_ccd7,/home/henry/sigma-v19dr-ccd7-background/v100/completed/ABELL2146_bin21_obs10464_ccd7,3e75e622976ad7404588bb92fa7b0f3a1f719efe30bf006507f0b880a34f1300,309,302,42,0.086949646,0.08694964600000035,ABELL2146_bin21_obs10464_ccd7.pi,c30af9cbf38f71b786d1a4333cb899caac8f7dc1cb89843544926ed462a24909,ABELL2146_bin21_obs10464_ccd7_bkg.pi,9a2fb0ebdc34dab8bd1ad2afd2b10b721170319c93bc3eab8daba203016fa348,ABELL2146_bin21_obs10464_ccd7.arf,72197486e361862349c1ca5ecc8dd6c47b31594978ed129b00c3d157f8479575,ABELL2146_bin21_obs10464_ccd7.rmf,3a4adc88c56579b2a86a55a0e5f9811b3109ac4869958b5369c13741c9eb5d74,7122240,True
3830,ABELL2146,22,10464,7,ABELL2146_bin22_obs10464_ccd7,/home/henry/sigma-v19dr-ccd7-background/v100/completed/ABELL2146_bin22_obs10464_ccd7,0edd7cee1fc08f1f21f36a608a99f5a987aec570f1a3261f52b0d5f0ccad00e0,211,256,41,0.086949646,0.08694964600000035,ABELL2146_bin22_obs10464_ccd7.pi,883e8c7a391b3de661f0fd5c256dceace797b31ce1a9b0dd24e54fd3a78efe12,ABELL2146_bin22_obs10464_ccd7_bkg.pi,203febde8cf8d23a3fffa81dcdcd855e56c87931abdf1a9e468502509dee7621,ABELL2146_bin22_obs10464_ccd7.arf,afc3eb4165771924c1bc617aa29bdba36ae86f7963240308d669b143180d71dc,ABELL2146_bin22_obs10464_ccd7.rmf,dc0139f3f21ef7357285fe76501917fc61d27d0c6d3a697eae9f8a68e62f91b6,7122240,True
3831,ABELL2146,23,10464,7,ABELL2146_bin23_obs10464_ccd7,/home/henry/sigma-v19dr-ccd7-background/v100/completed/ABELL2146_bin23_obs10464_ccd7,6dfd9d4452fb1c668780a4e02b0da628287a53951cbddb2ae0b83cee53063d5a,197,316,39,0.086949646,0.08694964600000035,ABELL2146_bin23_obs10464_ccd7.pi,1ce197839f8e5e8e80191c08516a26f368df247b04f2fe89d0783cabe7b56d62,ABELL2146_bin23_obs10464_ccd7_bkg.pi,ae3fc746b08ab38094309a45fb684d34eb9eb18f19540938e1fd01890fc3ee04,ABELL2146_bin23_obs10464_ccd7.arf,9a09b2152adc676bde1211f542e1b78322a69a5be5ab41c6677280662912c9ac,ABELL2146_bin23_obs10464_ccd7.rmf,45100ed277557748e74ceb4891e8b7c4ee158d0284d5033297bac702c4ac2154,7122240,True
3832,ABELL2146,24,10464,7,ABELL2146_bin24_obs10464_ccd7,/home/henry/sigma-v19dr-ccd7-background/v100/completed/ABELL2146_bin24_obs10464_ccd7,c2c9c22510b60165cb1ff60a47e21cad6f00252fc06aff8a272178a444336cde,226,301,46,0.086949646,0.08694964600000035,ABELL2146_bin24_obs10464_ccd7.pi,1fc9fce033adc169690e5118e598d0c90010ca32f1b9d9ea106882689cfcf0e0,ABELL2146_bin24_obs10464_ccd7_bkg.pi,6e439a31e4860ed1d5d0253270ca4f8113fad2082770ab5259f584f9570a7c19,ABELL2146_bin24_obs10464_ccd7.arf,7f4776e4c5e9eae209ab18deed98a487deffd6f3ade7fda26452a520eda89283,ABELL2146_bin24_obs10464_ccd7.rmf,c32500d3eb22a8ff4f80cd3fdd46558e129f0ab2889f9a23718aea965fdb9543,7122240,True
3833,ABELL2146,25,10464,7,ABELL2146_bin25_obs10464_ccd7,/home/henry/sigma-v19dr-ccd7-background/v100/completed/ABELL2146_bin25_obs10464_ccd7,43856d1da52f290e99748bbe2fe48110f6ab2de7e80a39733f83927fa8d9b261,217,299,42,0.086949646,0.08694964600000035,ABELL2146_bin25_obs10464_ccd7.pi,a57d1b2e9c29fa2c30da758524df5120ef97a8bde552184ba71543c3a829fe23,ABELL2146_bin25_obs10464_ccd7_bkg.pi,966d4e7035547701fc3187f3ed0ee54c3ee2b140ae0310c7cc914a41cda23ae4,ABELL2146_bin25_obs10464_ccd7.arf,1b7a62849cd384adc2ab328bbc1aebc2947765f9c1d182455397755bcf601776,ABELL2146_bin25_obs10464_ccd7.rmf,78dd3daee859cb354eb7f10e158aa754a1ecfaadc979a92f33fa9adc7cccd9fb,7122240,True
3834,ABELL2146,26,10464,7,ABELL2146_bin26_obs10464_ccd7,/home/henry/sigma-v19dr-ccd7-background/v100/completed/ABELL2146_bin26_obs10464_ccd7,932e19e4049da77392b96761774f0391827ad5368a9960b0d6797571baaf23a3,198,320,38,0.086949646,0.08694964600000035,ABELL2146_bin26_obs10464_ccd7.pi,eb02cb0e5f2cc9392ea78819dcfa6a50f8d832aadf5d68d93d92f78b8ff1bbae,ABELL2146_bin26_obs10464_ccd7_bkg.pi,a17c18935336c05cc5a9618e883725de6fcd85782386a329fd2406e8e0000261,ABELL2146_bin26_obs10464_ccd7.arf,3a8241cb5e67763a5d87f2c3d30bc635964e6c9e59cb57a5b9e4d09d569f2b1d,ABELL2146_bin26_obs10464_ccd7.rmf,5302470c8461a1f9676ad51471c7637c06307f750e6ceb03e0a403c5e654f50a,7122240,True
3835,ABELL2146,27,10464,7,ABELL2146_bin27_obs10464_ccd7,/home/henry/sigma-v19dr-ccd7-background/v100/completed/ABELL2146_bin27_obs10464_ccd7,4490c49e02ae107c008116efdac21a8d3c07e7ea3c13915f15032e4389e09f6f,201,351,37,0.086949646,0.08694964600000035,ABELL2146_bin27_obs10464_ccd7.pi,c896cd1368c6d9beebef7c9264e2bfe96bfc1bf5c0a57d0f701d22e4f590758b,ABELL2146_bin27_obs10464_ccd7_bkg.pi,383bbe7470d129a75d74b4e5fb653b31229b936a2699693fe06986725c2bcfb0,ABELL2146_bin27_obs10464_ccd7.arf,baa348eb09ea5c425453b116b397e5626578704a790a0584a852227f4c2f5dfb,ABELL2146_bin27_obs10464_ccd7.rmf,4f251202971bfe8ccdf9e8401fcb7b55166babdddc30bebea61b91edd546ea09,7122240,True
3836,ABELL2146,28,10464,7,ABELL2146_bin28_obs10464_ccd7,/home/henry/sigma-v19dr-ccd7-background/v100/completed/ABELL2146_bin28_obs10464_ccd7,17d2b2d607309eb3b6c11f62b688eb548c9aa48d8e68787d176e3c55a2b45bd9,242,331,37,0.086949646,0.08694964600000035,ABELL2146_bin28_obs10464_ccd7.pi,a69bea0b441932f8f17af9e909ef99a91bb68414db169aa1c1aded8dfaaf1b8d,ABELL2146_bin28_obs10464_ccd7_bkg.pi,ca119504cec696e52bfefac05c71da38af7717b6356efb5bf111e531437ef6f1,ABELL2146_bin28_obs10464_ccd7.arf,578b691328ce8cc6ff54f18a1eebf2d3d43eb5ceedceeab8854f060075b7ca10,ABELL2146_bin28_obs10464_ccd7.rmf,33923b37f985a23ffb10928073c3661b26365ebd603b5e9202150e2207da780c,7122240,True
3837,ABELL2146,29,10464,7,ABELL2146_bin29_obs10464_ccd7,/home/henry/sigma-v19dr-ccd7-background/v100/completed/ABELL2146_bin29_obs10464_ccd7,df0e9a779b0db90370076dc911f5df299e98fe45d3bf5cc9aaf73343e1d50227,233,341,30,0.086949646,0.08694964600000035,ABELL2146_bin29_obs10464_ccd7.pi,b2f6a7b6c08dc562be3460dcf31de163ab9967ce46bf40ebc74bc3f9049bb705,ABELL2146_bin29_obs10464_ccd7_bkg.pi,48ed7cceb4273f7b339bd04f1af4c9624ea50594e36638fa083f6a927a00c0eb,ABELL2146_bin29_obs10464_ccd7.arf,c54f5b918da704c066cfc7bf1e5073b79c73d5c291e196528838b519ee4c8e39,ABELL2146_bin29_obs10464_ccd7.rmf,e449e2bbb4021887a453d776e7de1e1112fef26648925a21974ee9dc27a312c4,7122240,True
3838,ABELL2146,30,10464,7,ABELL2146_bin30_obs10464_ccd7,/home/henry/sigma-v19dr-ccd7-background/v100/completed/ABELL2146_bin30_obs10464_ccd7,a868072d55c93a4cf9b5e3a681864458874a19481de777f782683364288a25bb,413,390,50,0.086949646,0.08694964600000035,ABELL2146_bin30_obs10464_ccd7.pi,1d5398ed00ca435a7a5bdd52efb14da953f851439698926ba6f07117591d1777,ABELL2146_bin30_obs10464_ccd7_bkg.pi,591b4b8f2ce75c26cf90b8d3e6497cc3beb1281a635c0699d603b67d490d0e09,ABELL2146_bin30_obs10464_ccd7.arf,fa491c578a09593860c267e5aa0a754e8eee969ad22974b15ecca1df286f0ff4,ABELL2146_bin30_obs10464_ccd7.rmf,ae4b8f4357130db6c669db53dbb397306dbb519274b8d2880a15f6fbc6197688,7122240,True
3839,ABELL2146,31,10464,7,ABELL2146_bin31_obs10464_ccd7,/home/henry/sigma-v19dr-ccd7-background/v100/completed/ABELL2146_bin31_obs10464_ccd7,3c3da65484c208aaa833a3e52c37e038989637f7477f09db5d520e8a7789caca,374,466,61,0.086949646,0.08694964600000035,ABELL2146_bin31_obs10464_ccd7.pi,34756210fc2bba8613519727234fa4471593e05d62396005f067a2f5ef9d0b93,ABELL2146_bin31_obs10464_ccd7_bkg.pi,a5735a79ff0089a4e34e5e7917b06cf0b3e5494893086cf6617ab14bfa89b7b4,ABELL2146_bin31_obs10464_ccd7.arf,3cc72e13d89ad174248f888d553e22ea79a1d852a1b1bff8c67f7e279728d6a3,ABELL2146_bin31_obs10464_ccd7.rmf,fc899901c1a615a2db09a1655737782f7fd9d72bfd1e6b2c479e22398cde2666,7122240,True
3840,ABELL2146,32,10464,7,ABELL2146_bin32_obs10464_ccd7,/home/henry/sigma-v19dr-ccd7-background/v100/completed/ABELL2146_bin32_obs10464_ccd7,cde1d40f5740c6f04af554e32376778d2457c45411d557ca9412cad2063a858a,532,525,56,0.086949646,0.08694964600000035,ABELL2146_bin32_obs10464_ccd7.pi,f45bf7daae8b35407299b8fb3cc945d727b95d25616c0ff22b7d37125fdcbc06,ABELL2146_bin32_obs10464_ccd7_bkg.pi,8f58d1ccba206cedd259d731bc5ef95b7aba4fdf6a19cadfccc01dafca6981c2,ABELL2146_bin32_obs10464_ccd7.arf,09927028b3f6fc02037ac95a4c0c7a8e7174497149b82b995abe23c2464465ef,ABELL2146_bin32_obs10464_ccd7.rmf,bffa366b860961c7c0e7223d3602295204e8b97d9c9a89d4687d37585d1638ce,7122240,True
3841,ABELL2146,33,10464,7,ABELL2146_bin33_obs10464_ccd7,/home/henry/sigma-v19dr-ccd7-background/v100/completed/ABELL2146_bin33_obs10464_ccd7,a3aed2df14f5993288046fdb5721b5c1b4ef8f6d1f98d0c76fbe1fa7bb8980ea,192,398,57,0.086949646,0.08694964600000035,ABELL2146_bin33_obs10464_ccd7.pi,df3169ba57ce1c253f6cde77edc8599449a3a98e561d163436a41e0bd3df861c,ABELL2146_bin33_obs10464_ccd7_bkg.pi,bcbd4eeb5c705e2641b092186f180ad6b5a8fb45cb98500a75bcf3d8547c12bf,ABELL2146_bin33_obs10464_ccd7.arf,094532094568cc32ba92661b6e23bf12ae0d7e09e9f28da4c7fd38a0ee3e809b,ABELL2146_bin33_obs10464_ccd7.rmf,8c8302203ad568f0f3879e1cb447b53c896f6d4cc79eee59b0247f75da9cf2b9,7122240,True
3842,ABELL2146,34,10464,7,ABELL2146_bin34_obs10464_ccd7,/home/henry/sigma-v19dr-ccd7-background/v100/completed/ABELL2146_bin34_obs10464_ccd7,a0510004b82584350be2a4583630bb394348009ec7397b51f6cdb316057fc43e,234,375,57,0.086949646,0.08694964600000035,ABELL2146_bin34_obs10464_ccd7.pi,0512970de8308876b56e97801c35e40b20d37a3b5f4ee432c8d2aff1b5b82448,ABELL2146_bin34_obs10464_ccd7_bkg.pi,6403c2447a2e684c7e5d46377a0a6d720bfafc79730a2b5be27ac007badf2462,ABELL2146_bin34_obs10464_ccd7.arf,7bcb9f36052894a4707492ccb6a9f76b7a1ef5468cf53efbfcca0c7fe5c2443d,ABELL2146_bin34_obs10464_ccd7.rmf,3f5328391314ab8fde7b21aa5ea110afdd72ac0643b89e9e4c024ccd691e852a,7122240,True
3843,ABELL2146,35,10464,7,ABELL2146_bin35_obs10464_ccd7,/home/henry/sigma-v19dr-ccd7-background/v100/completed/ABELL2146_bin35_obs10464_ccd7,f4b832bff7e89b52d99b7cb38036a9d82e4f4c39e22e3dab630ca3cd904eac1d,175,486,63,0.086949646,0.08694964600000035,ABELL2146_bin35_obs10464_ccd7.pi,32aa4e148a6ea501d43f551885b3cb384771ee2a495e16142aaf2defaf1fde36,ABELL2146_bin35_obs10464_ccd7_bkg.pi,ca6b43f06e9aabb234e381cf87c857afbe7e13a3ab42bc98e9450dca230b2a1a,ABELL2146_bin35_obs10464_ccd7.arf,7308d31b8d5c494fb3ae8a439feddacaf11167a0454d54fbe95b0e32469e1e29,ABELL2146_bin35_obs10464_ccd7.rmf,a62e8ecbe581cfd1707e26edd678d3892922a6d0824c5bfe2903bf5c725af490,7122240,True
3844,ABELL2146,36,10464,7,ABELL2146_bin36_obs10464_ccd7,/home/henry/sigma-v19dr-ccd7-background/v100/completed/ABELL2146_bin36_obs10464_ccd7,34a6de6b54939cc7b9f30f4ea2bfe17ffff75029d56df5c5e2de11f165caad7d,210,343,38,0.086949646,0.08694964600000035,ABELL2146_bin36_obs10464_ccd7.pi,a720c9b1189733afbd893effa823980e88ad73273f83f02847252322bf8c5ebe,ABELL2146_bin36_obs10464_ccd7_bkg.pi,2542893a504d94f7a8f163c2e66379587229cb4af7794ff39db51dc45e161155,ABELL2146_bin36_obs10464_ccd7.arf,b4c4d99779719aa86e72c676682333e7557e0d57e80316fa1184426e58ddd739,ABELL2146_bin36_obs10464_ccd7.rmf,8979ea16a4fb15682170065b396eb7a6ff549315ae8e2e86954dadc2ba85fa95,7122240,True
3845,ABELL2146,37,10464,7,ABELL2146_bin37_obs10464_ccd7,/home/henry/sigma-v19dr-ccd7-background/v100/completed/ABELL2146_bin37_obs10464_ccd7,553e1357bb411d05ec9dae14dab5e6f262515897720aa61254fb0a4a8ea604af,227,330,47,0.086949646,0.08694964600000035,ABELL2146_bin37_obs10464_ccd7.pi,4adfd9b2f698db798aa0ed85fe27c230f18c28d943e39482df485264fbec17f5,ABELL2146_bin37_obs10464_ccd7_bkg.pi,a2c0860de7152ddb5aee4ec113bd6cf962e9997143c76895b05a88c66878e186,ABELL2146_bin37_obs10464_ccd7.arf,a733a8ab3dc28be08d7084068dc4e0d5600aabdc2fcf94c26871635d836be02f,ABELL2146_bin37_obs10464_ccd7.rmf,6ef034ef1191bcce8734e28ac09ecf37cbfb94b17cb3b9f0f608952304be7b04,7122240,True
3846,ABELL2146,39,10464,7,ABELL2146_bin39_obs10464_ccd7,/home/henry/sigma-v19dr-ccd7-background/v100/completed/ABELL2146_bin39_obs10464_ccd7,9dabcdbacf62f894ac2009aa34ffca953d12e875cc4387495ac29597946a6031,207,378,48,0.086949646,0.08694964600000035,ABELL2146_bin39_obs10464_ccd7.pi,7a8128afd924fab2466bcdc6620dcf1a12de2270d67ed7a02889438e3eeac324,ABELL2146_bin39_obs10464_ccd7_bkg.pi,dce464d04f0a75e14d3dff0e2b7a889efa3618decc0a79da5d59edaf92ad0863,ABELL2146_bin39_obs10464_ccd7.arf,85346e3af0c5f7f23d5f9a0539d1594b7c26ee7b984840748f167f6d93777d84,ABELL2146_bin39_obs10464_ccd7.rmf,88d9499e7e6ce33c18008d1ea2175f14602e49dc0e69fe844a4208ec15d07ed3,7122240,True
3847,ABELL2146,40,10464,7,ABELL2146_bin40_obs10464_ccd7,/home/henry/sigma-v19dr-ccd7-background/v100/completed/ABELL2146_bin40_obs10464_ccd7,e8ca10feea2d04d15683a04be87126eb648b13bf803a5d0ab1f8d3a386f48ee1,229,457,54,0.086949646,0.08694964600000035,ABELL2146_bin40_obs10464_ccd7.pi,8a7bdb112281fbdd2c7986766d5b0415377ffd20d1fde18e71f7b3438cf6396a,ABELL2146_bin40_obs10464_ccd7_bkg.pi,45e2ab1816098f5d25068bdc376288c05d032df4138ee78420e81ef2cfc67fb2,ABELL2146_bin40_obs10464_ccd7.arf,40c02f0a106f26e9a5ef05129f99c4ab8277b1a9ef2dbc1f8ce9c21e6823c0e8,ABELL2146_bin40_obs10464_ccd7.rmf,07f6b090a96f6ba7c11bc9abf7529eba1c1d69d7f814bac44a53b413222a965e,7122240,True
3848,ABELL2146,42,10464,7,ABELL2146_bin42_obs10464_ccd7,/home/henry/sigma-v19dr-ccd7-background/v100/completed/ABELL2146_bin42_obs10464_ccd7,c0934d4a2ca2421714f47d239b0d7ca4127eac904a30e46e7b3d1ca85af1dbfa,344,6867,975,0.086949646,0.08694964600000035,ABELL2146_bin42_obs10464_ccd7.pi,7392ee783bb5bc30abbf35c15d63ea5ebac1a25e531c624995737dda503f07b4,ABELL2146_bin42_obs10464_ccd7_bkg.pi,b63171876f5b3c973106572a914df727df696a11f8b60b74b6dd65323c06a65b,ABELL2146_bin42_obs10464_ccd7.arf,60daf609a69b773dab4df79ce5d786788371ddb7ac59b650ffbd7f6cdcf77a40,ABELL2146_bin42_obs10464_ccd7.rmf,7b4f2acd45e1383e90b2c969d652678ab25ff2b98acf6a2077810de6357736bf,7119360,True
3849,ABELL2146,43,10464,7,ABELL2146_bin43_obs10464_ccd7,/home/henry/sigma-v19dr-ccd7-background/v100/completed/ABELL2146_bin43_obs10464_ccd7,02e6e25e78f92bc8093ff0afb8e127994e02657be1b0d4e8e9b3020a834c20bb,221,403,59,0.086949646,0.08694964600000035,ABELL2146_bin43_obs10464_ccd7.pi,dd2b4d936c34bc6495172fb74ba081f62bafdc6f4978e4f5d4aec5d577e0d318,ABELL2146_bin43_obs10464_ccd7_bkg.pi,a22c27fc2867f889ceac09b3eb432a333eb657c1739b821dde7114202c8361bc,ABELL2146_bin43_obs10464_ccd7.arf,63b22bd548b478eec6d29e8f21f57a515a25dc2510a18fd62ffc4e526c36a2e8,ABELL2146_bin43_obs10464_ccd7.rmf,5d52a5a156eae988ba0a2d15363be3512f641f327faef91344a379b4ca18bdf8,7122240,True
3850,ABELL2146,44,10464,7,ABELL2146_bin44_obs10464_ccd7,/home/henry/sigma-v19dr-ccd7-background/v100/completed/ABELL2146_bin44_obs10464_ccd7,6a487f039a8323e555e02ea94e09917a389938fe7bd25a81921af64fb7fa0025,170,372,54,0.086949646,0.08694964600000035,ABELL2146_bin44_obs10464_ccd7.pi,27e3c9e88b61ca47466dac8bc656c49f8f1c67c2034b124a010f18752b881b8a,ABELL2146_bin44_obs10464_ccd7_bkg.pi,d2f60e05f2e0c0d0caefd7909bc3397f1fbaf686945caa78de3fefdea885f63c,ABELL2146_bin44_obs10464_ccd7.arf,5c2cdc8cfb5879f0cff71508cda930cda57eb938890e3a3ece3763927ed0f1f5,ABELL2146_bin44_obs10464_ccd7.rmf,1bc408e634865f98814fd6f1a1bc21ae95a71b74f3b85084d33a210a18ea3fc6,7122240,True
3851,ABELL2146,45,10464,7,ABELL2146_bin45_obs10464_ccd7,/home/henry/sigma-v19dr-ccd7-background/v100/completed/ABELL2146_bin45_obs10464_ccd7,7835123c81388e1a2cf138ce8f54291d70dbbd7d523df2f26bf8c654477987d1,208,427,46,0.086949646,0.08694964600000035,ABELL2146_bin45_obs10464_ccd7.pi,89f4f7ae9bb5140bca7a5d7c9b8c00b904d721d461f0d68fcffe58e3a435fb82,ABELL2146_bin45_obs10464_ccd7_bkg.pi,2aab05eefce67241727d401129bab52e32da125773aea84396a2cbb0dfbe22ea,ABELL2146_bin45_obs10464_ccd7.arf,f942e70b5b9eb69cba6f30ab3df2a98a78510b2ce7c866ea7e234d28cc1416d0,ABELL2146_bin45_obs10464_ccd7.rmf,b710cde7048aa50ff4279053e48c604521ae842526c91128604f54b8d2f14272,7122240,True
3852,ABELL2146,47,10464,7,ABELL2146_bin47_obs10464_ccd7,/home/henry/sigma-v19dr-ccd7-background/v100/completed/ABELL2146_bin47_obs10464_ccd7,fb43d72483527bc5c93e23d3f9a090ad28487987a1bab9059213794ac3c76bdf,186,437,53,0.086949646,0.08694964600000035,ABELL2146_bin47_obs10464_ccd7.pi,73341d9223bc72d1b260bdfd8d816225007d66c1de9f4aafd5a1b15a265458c1,ABELL2146_bin47_obs10464_ccd7_bkg.pi,10fd0e22bf23ad8336964e35d8169ef23fbd4a86427c4099d2f00700601016f0,ABELL2146_bin47_obs10464_ccd7.arf,2cf4715a5c57b70fd1d23226421934476d1cb65e6c9a648d53586b82b4e87c79,ABELL2146_bin47_obs10464_ccd7.rmf,6fde7083fb2d913457b4ff1530f5dc6a8abb4efec33b0155fcd55812919308e6,7122240,True
3853,ABELL2146,49,10464,7,ABELL2146_bin49_obs10464_ccd7,/home/henry/sigma-v19dr-ccd7-background/v100/completed/ABELL2146_bin49_obs10464_ccd7,69a545f8ca8d9ce5abe06012ff1e7f50030b63b882bcf6bc09285b64d0845753,333,5192,776,0.086949646,0.08694964600000035,ABELL2146_bin49_obs10464_ccd7.pi,faf2337558546d646e45375f89573e62c2e6105259b647e26c26ba98f9e561a0,ABELL2146_bin49_obs10464_ccd7_bkg.pi,77ca8be845ba3a2c1b1724cef71bb12edd2854db0234b9fa8499add302c44dca,ABELL2146_bin49_obs10464_ccd7.arf,0624d4b57f107a5c1e04191401f91b573cc7908fa8500c2c66271d96f70e005f,ABELL2146_bin49_obs10464_ccd7.rmf,5197c251a6c85f278ef0f99b093d22a9fd14fa1d59e72166cf2022edf4fb612e,7119360,True
3854,ABELL2146,50,10464,7,ABELL2146_bin50_obs10464_ccd7,/home/henry/sigma-v19dr-ccd7-background/v100/completed/ABELL2146_bin50_obs10464_ccd7,b41da4868a1d55a9fcf6383b8261dbbbd7519b333e69308e8aeec84fbf421f4f,263,537,63,0.086949646,0.08694964600000035,ABELL2146_bin50_obs10464_ccd7.pi,31a0234fd99f8ff81059abd099e89974868a9b319ec9e718f38e2ea4761fa4fc,ABELL2146_bin50_obs10464_ccd7_bkg.pi,211e80b7e4ebf9d3247c8df18b6af6667bd0b87e9d1a81e9a8c6018475174fbb,ABELL2146_bin50_obs10464_ccd7.arf,5cd324e4b47cc583f43168c81741e046ed3b6d4b2dcabce8bac9669e895047d2,ABELL2146_bin50_obs10464_ccd7.rmf,f4da583e9bc99b7a925bf6d384046bb1e7fffe5f0ff2bb7799fbab511c74e85e,7122240,True
3855,ABELL2146,51,10464,7,ABELL2146_bin51_obs10464_ccd7,/home/henry/sigma-v19dr-ccd7-background/v100/completed/ABELL2146_bin51_obs10464_ccd7,11e29e75ba040c387d3d91103b9e3f5f6a574fd70ae5c6ec683c16c0247837c4,164,518,72,0.086949646,0.08694964600000035,ABELL2146_bin51_obs10464_ccd7.pi,bc0b1b3f8912da868eccb8b55edcc772cf239ecdb88af5c66cbe0508f6c8c404,ABELL2146_bin51_obs10464_ccd7_bkg.pi,122fb7957fa74939cedf7f938bd01edff05dd65a6c5bf652a25de8b9878d461f,ABELL2146_bin51_obs10464_ccd7.arf,ea1d7087081b550e4a59cc58f62d9b17b32a4426af3f9c047b418394ad157018,ABELL2146_bin51_obs10464_ccd7.rmf,f9446fa3c7076a5e1e5c42d6e7793f2f6ff5968aedad8e036b178d3d53587c92,7119360,True
3856,ABELL2146,52,10464,7,ABELL2146_bin52_obs10464_ccd7,/home/henry/sigma-v19dr-ccd7-background/v100/completed/ABELL2146_bin52_obs10464_ccd7,32804330afa1675192b9a3f80868235afeb0244fc5e9d7390a8a8d26025c77b8,227,492,66,0.086949646,0.08694964600000035,ABELL2146_bin52_obs10464_ccd7.pi,ff6157c400dce082e04d9d75f4dc892dbfd528122824b13302bf171eae0ae66c,ABELL2146_bin52_obs10464_ccd7_bkg.pi,c8cc892bb2d102cc6bf40a424d3cc0a7c60c857da380455bd5eb85dc591dd77a,ABELL2146_bin52_obs10464_ccd7.arf,1345cf487f08823a599cbcf552fde989dac35264deec40e16035c877f63ce385,ABELL2146_bin52_obs10464_ccd7.rmf,96680fcde48e51081c9723da42f66b8d1ecd475fcfa7e01c12b36dfc392e80f0,7122240,True
3857,ABELL2146,53,10464,7,ABELL2146_bin53_obs10464_ccd7,/home/henry/sigma-v19dr-ccd7-background/v100/completed/ABELL2146_bin53_obs10464_ccd7,c181401d0d073c6433825b60991f44fc3111d46064187763503ee331b3b11155,211,496,74,0.086949646,0.08694964600000035,ABELL2146_bin53_obs10464_ccd7.pi,61e4d532acf31d30c55f0fbf32039f66d1d20712228679440b8148c84eeae8cc,ABELL2146_bin53_obs10464_ccd7_bkg.pi,e9c8040e3025b65c0a42084e022ccdcedde06ea5e665fd8d5d21fa834e76a8a3,ABELL2146_bin53_obs10464_ccd7.arf,2531c91adc02c9306255aa418abeaa89322b0d197aaf8f2a507e95954764bf60,ABELL2146_bin53_obs10464_ccd7.rmf,1bdc482b4816757dbadcd2b380c6cfea2052a75eba4b2b91b56c1ba291591b20,7122240,True
3858,ABELL2146,54,10464,7,ABELL2146_bin54_obs10464_ccd7,/home/henry/sigma-v19dr-ccd7-background/v100/completed/ABELL2146_bin54_obs10464_ccd7,fd5ecbddc383616f1e507b97fd3cc5b4597171d833c68c98ee4e4417a53bda4e,273,702,87,0.086949646,0.08694964600000035,ABELL2146_bin54_obs10464_ccd7.pi,1a30e07834a18cbe8df184f50fc9aa9ac4ba8ee5d56732062eb3fab366c2d87b,ABELL2146_bin54_obs10464_ccd7_bkg.pi,19282397d9a047672dddcedba8b67c3968e3ec59b89d8b2b3841bb629aa73f41,ABELL2146_bin54_obs10464_ccd7.arf,b487fae1b4fd0694e60cb6897e986a946b49cb37530aef125ae292229cd43f6c,ABELL2146_bin54_obs10464_ccd7.rmf,b58e32608e02e11bfddc2bce0f2330842fa73f9bc7dfce28011891528b9599b5,7122240,True
3859,ABELL2146,55,10464,7,ABELL2146_bin55_obs10464_ccd7,/home/henry/sigma-v19dr-ccd7-background/v100/completed/ABELL2146_bin55_obs10464_ccd7,1e11c769c9c3a4f089164205382023ad271d8581853eb8e157070825787c8aa2,195,582,84,0.086949646,0.08694964600000035,ABELL2146_bin55_obs10464_ccd7.pi,4d55eae7df79e94c12985fec203cd2be8860a30b286d7db73ebde90af78d2051,ABELL2146_bin55_obs10464_ccd7_bkg.pi,013f162067087d6cb8a68010b3e4e5244b790a55f940288b0f93a6555a48f6c4,ABELL2146_bin55_obs10464_ccd7.arf,50adf90cfbfd360050108fc8e02c65eacf5485d8085cf57147b6e3fa164d0511,ABELL2146_bin55_obs10464_ccd7.rmf,99e8561013d64a30f4b2a266f041a7d7c97f334e32215d505c0d5de3768d581f,7122240,True
3860,ABELL2146,56,10464,7,ABELL2146_bin56_obs10464_ccd7,/home/henry/sigma-v19dr-ccd7-background/v100/completed/ABELL2146_bin56_obs10464_ccd7,2e8917d2439df7b5c3c4f403f7b439b9bce72838bd531cf1486339895dbfab44,202,506,75,0.086949646,0.08694964600000035,ABELL2146_bin56_obs10464_ccd7.pi,9e17e4b2081a9d2e03434874d67e2645f9406a40437f8e45e2c91ddc63a49330,ABELL2146_bin56_obs10464_ccd7_bkg.pi,06ffc19847bab3c0998aac112452412d325d3fabf8608d03e4ee4ab2d02fa28f,ABELL2146_bin56_obs10464_ccd7.arf,8cccc6ce26a44a798c3c445040cc45029dd141e42e6db45fdf43cc33d27664d7,ABELL2146_bin56_obs10464_ccd7.rmf,d82615c6038d0faa9d8ec3cc304fa17c0109b8c20d73480c846c7bdd49caf6f7,7122240,True
3861,ABELL2146,57,10464,7,ABELL2146_bin57_obs10464_ccd7,/home/henry/sigma-v19dr-ccd7-background/v100/completed/ABELL2146_bin57_obs10464_ccd7,067a7b2913aab209646f89a62b7b0d1d61176ac277d5808b621739687df1b86c,233,587,61,0.086949646,0.08694964600000035,ABELL2146_bin57_obs10464_ccd7.pi,276378c94d6a986648276c7f0af44f5c5b8ccb99185cc874e239249d5aceaebd,ABELL2146_bin57_obs10464_ccd7_bkg.pi,db159be53350fc4278434c69f578b77edbddff82819828ec6a510338cd808229,ABELL2146_bin57_obs10464_ccd7.arf,fb08b04ab1f7731b125f6c89b92066f137e53925abb6d6e797c316f4ea577c0d,ABELL2146_bin57_obs10464_ccd7.rmf,780853542334a512fe65931a57f303074d483df492b31b9aba11c29bb00bf7a9,7122240,True
3862,ABELL2146,59,10464,7,ABELL2146_bin59_obs10464_ccd7,/home/henry/sigma-v19dr-ccd7-background/v100/completed/ABELL2146_bin59_obs10464_ccd7,2420d9dfbcde43ea21f475c54239cbdc8b94afd902bc42c13c995294136e2ce3,182,585,79,0.086949646,0.08694964600000035,ABELL2146_bin59_obs10464_ccd7.pi,78fc7b91b63ea0bd8705d4e8586216e5c1eb3d65658e0c12094f1f585afd0a0e,ABELL2146_bin59_obs10464_ccd7_bkg.pi,b9ad9c2f6bf918b7db7fb047e0cf40cfb88d8e719e50624d788df89ca510a413,ABELL2146_bin59_obs10464_ccd7.arf,db78c3e60940ff10d21a83dffea5cffca77467fac5582a9423c384722b6fb0b3,ABELL2146_bin59_obs10464_ccd7.rmf,4195d2b1271049f97ecf1825586aebf7fb31ceb0bf30a1854427b5730a4b6a38,7119360,True
3863,ABELL2146,60,10464,7,ABELL2146_bin60_obs10464_ccd7,/home/henry/sigma-v19dr-ccd7-background/v100/completed/ABELL2146_bin60_obs10464_ccd7,0af19dd5d09a8ae86a42b4c9b23292aec6ddfdac5f0872be3c64f0ed50021c3c,214,611,76,0.086949646,0.08694964600000035,ABELL2146_bin60_obs10464_ccd7.pi,1fb4d6cf70d4aa26541e71219f2d81d90760095bbd723efbdf36c1b9f8b32015,ABELL2146_bin60_obs10464_ccd7_bkg.pi,bc193b54b458f45ef97a81ab45cc2d054181b80f05d070685f47c737721723f0,ABELL2146_bin60_obs10464_ccd7.arf,a3083f8f149d735266f1d658d231b03137a43a550aa09d69c3b7490de4105cae,ABELL2146_bin60_obs10464_ccd7.rmf,a8a36a79b25833add2d167e3a053a7f34d548dcda09bb2173fcf66e0070b91dd,7122240,True
3864,ABELL2146,61,10464,7,ABELL2146_bin61_obs10464_ccd7,/home/henry/sigma-v19dr-ccd7-background/v100/completed/ABELL2146_bin61_obs10464_ccd7,dfa227cc0ffb2aaacdc4a3aede31c4a5fe235c2a8ef265b84c6eb234c9f6b6e1,168,542,92,0.086949646,0.08694964600000035,ABELL2146_bin61_obs10464_ccd7.pi,907a4c228425e9e58870594d825f4c1d3f8eb4a2755e9fa6accabf31b2cdb241,ABELL2146_bin61_obs10464_ccd7_bkg.pi,0bd4a00ce9fbbd8eead8e3f7cc2e0939d4d3ff17cb9dabc72055421b10ac9cca,ABELL2146_bin61_obs10464_ccd7.arf,16370270cd1046db3bb25993b3dbcb2d6be1f6e065975a28f05773afefb65a72,ABELL2146_bin61_obs10464_ccd7.rmf,9238f43e6c1b3d3cd4595474b3d7d9af53a4a390f6c5a26e4129ab3493de279e,7122240,True
3865,ABELL2146,62,10464,7,ABELL2146_bin62_obs10464_ccd7,/home/henry/sigma-v19dr-ccd7-background/v100/completed/ABELL2146_bin62_obs10464_ccd7,0bbada3486f95f94ddafc35cc6818669b5061728988a7d321cad9fd6f7e10526,345,9498,1219,0.086949646,0.08694964600000035,ABELL2146_bin62_obs10464_ccd7.pi,89e3e2e3119170c476e67dd5dde762fb5d9b17a998b2368a895a966c50500a19,ABELL2146_bin62_obs10464_ccd7_bkg.pi,0c9634f9b07bc6f8d073b1b69a9616069a952dbc850c2aa89c03867268c06d27,ABELL2146_bin62_obs10464_ccd7.arf,bdd2f2141cf9320dace56ab1b91d4c2887d1b154118bf6ef3a1dbc31f21e9389,ABELL2146_bin62_obs10464_ccd7.rmf,73528520e237cdd3efd5b9cf773c03310cbfe624bd7591641cc35331560740d6,7122240,True
3866,ABELL2146,63,10464,7,ABELL2146_bin63_obs10464_ccd7,/home/henry/sigma-v19dr-ccd7-background/v100/completed/ABELL2146_bin63_obs10464_ccd7,20c8ac0064a93d17acd78b39b741f38fe6a3e9b85e34329866b69573ecdf27f6,187,648,81,0.086949646,0.08694964600000035,ABELL2146_bin63_obs10464_ccd7.pi,14bffec24b24bc1c8678f87de1fe4edeba70aedae737d158fdcd63b58cfd9bc2,ABELL2146_bin63_obs10464_ccd7_bkg.pi,2ea5d0401d2914e0e97762aad8ea8a072ebd7250e1614f69f207ab504de12757,ABELL2146_bin63_obs10464_ccd7.arf,c3bf341970416cda1ab8370695a73ffd580b8cdc3654d1e35db99172208cb399,ABELL2146_bin63_obs10464_ccd7.rmf,98d01f5d800644c1eff5d4775bde0b4b089e8a698cb27268a87aa2007d2c3ecd,7122240,True
3867,ABELL2146,64,10464,7,ABELL2146_bin64_obs10464_ccd7,/home/henry/sigma-v19dr-ccd7-background/v100/completed/ABELL2146_bin64_obs10464_ccd7,4d4d9f55736ad92f7979069aea2d75eef0430a058a895aabb158ab226add22fb,198,601,81,0.086949646,0.08694964600000035,ABELL2146_bin64_obs10464_ccd7.pi,4c1ac083894cafe6c5a41dee3e47de17c91cc7ce5214ec06850981859aef564c,ABELL2146_bin64_obs10464_ccd7_bkg.pi,9eed237c10277756f60cbbb5a2a94e088298c586235ef8500e70718002308550,ABELL2146_bin64_obs10464_ccd7.arf,d657ece43402eb110df55bc8249b4d3e26f4d2d83bcb0280ea08f672137bb0ca,ABELL2146_bin64_obs10464_ccd7.rmf,9fd60a218747103a1cee5621ba4523a78f4452fc3f3c8f159b75ee935d42bd82,7119360,True
3868,ABELL2146,65,10464,7,ABELL2146_bin65_obs10464_ccd7,/home/henry/sigma-v19dr-ccd7-background/v100/completed/ABELL2146_bin65_obs10464_ccd7,fe67face4556665341a61bbf41e7d6e42469dca3b35375d199ccece28aed2cdf,270,914,116,0.086949646,0.08694964600000035,ABELL2146_bin65_obs10464_ccd7.pi,00f8f72a1e30cd226813e634c60d2afc5dc8b8bba5e134c4d7113ed07faaf328,ABELL2146_bin65_obs10464_ccd7_bkg.pi,d5cd5fd75d3b3ab4a27bb976659e088e948c3065f0fbfa5f7ebc244400fad8f3,ABELL2146_bin65_obs10464_ccd7.arf,7f867ad205dd0177d30c94b0d46a5ee16fab8646f5ff175418407e1350234ea8,ABELL2146_bin65_obs10464_ccd7.rmf,a6b9f32a13e57ee80e3f71ce9531aa1552b36ac988ca1f0d7e793993fa934b5c,7122240,True
3869,ABELL2146,66,10464,7,ABELL2146_bin66_obs10464_ccd7,/home/henry/sigma-v19dr-ccd7-background/v100/completed/ABELL2146_bin66_obs10464_ccd7,9370c407d27074ae11df0feec77b4a679f38a18dc528aeb309599230d85029c6,236,652,82,0.086949646,0.08694964600000035,ABELL2146_bin66_obs10464_ccd7.pi,da977b6c2d61852991982c3fc11f288a4ccca8c48b1401752b147a2424e64238,ABELL2146_bin66_obs10464_ccd7_bkg.pi,aaaf5f0ab95e157be385ed5ec8b5a5b4e7ae0636cd2e4c32814d42842efc7131,ABELL2146_bin66_obs10464_ccd7.arf,513c599fbd7ba2320838c38174b1e69e2f65a4de2f4d1466f89173ec762f5e45,ABELL2146_bin66_obs10464_ccd7.rmf,40f20d9dcabaf2148f41085d64913472b7f191fab6a9a15b038c08511768c843,7122240,True
3870,ABELL2146,67,10464,7,ABELL2146_bin67_obs10464_ccd7,/home/henry/sigma-v19dr-ccd7-background/v100/completed/ABELL2146_bin67_obs10464_ccd7,ca1b76145d5866c6ab2d00ac1439ffff2e0ce5a8ca5307a1102dc8c5434ec855,306,6376,784,0.086949646,0.08694964600000035,ABELL2146_bin67_obs10464_ccd7.pi,c7c18aeb7fabdfbe302007e57292a4ae75a85600f8c0ae70fada89db8f56cade,ABELL2146_bin67_obs10464_ccd7_bkg.pi,ec162b75aae5efe9da5800db2c2438fad3a72916ba65e1ab13c4d0b6bd6238e1,ABELL2146_bin67_obs10464_ccd7.arf,56e9081abbe0360ffc5e59fdd25322c7b8addcf5c0e17eec9b15c34564dfb5ba,ABELL2146_bin67_obs10464_ccd7.rmf,fb3bb55312fc961ece0192db2ea23f41535bff5b3ea29f813214ae978f74622e,7122240,True
3871,ABELL2146,68,10464,7,ABELL2146_bin68_obs10464_ccd7,/home/henry/sigma-v19dr-ccd7-background/v100/completed/ABELL2146_bin68_obs10464_ccd7,1f9ba5957b5f8724fcc4f6bdd4355f2219c40ea03ca75b73960cfabcfe4932dd,289,4905,700,0.086949646,0.08694964600000035,ABELL2146_bin68_obs10464_ccd7.pi,53336c773373f8d0bd559643a754b1550693355b63f5503d40d64b00a15e0958,ABELL2146_bin68_obs10464_ccd7_bkg.pi,1b1ffed5780c2335475a666e84b85ed4d5cf9ae10b300b7438aed0c978478152,ABELL2146_bin68_obs10464_ccd7.arf,5049f6d7faeae03e7b4841e8a6a7c7f1f8455caa730cb2597fc56d5bb48c9926,ABELL2146_bin68_obs10464_ccd7.rmf,57fa59f5fad14b4b43e0bd350a07c61fd18cf98792ef51f02e05a4e684656741,7119360,True
3872,ABELL2146,69,10464,7,ABELL2146_bin69_obs10464_ccd7,/home/henry/sigma-v19dr-ccd7-background/v100/completed/ABELL2146_bin69_obs10464_ccd7,ff46b2598c7e3e461c87dcaaded82e58ded0d53f5dae4a5b7942a14059be2fc8,319,5121,641,0.086949646,0.08694964600000035,ABELL2146_bin69_obs10464_ccd7.pi,02da7360e9ba42f3cc85cbcf78b21cab0968c0e8b8d5a33ed7dbf14ba08505a3,ABELL2146_bin69_obs10464_ccd7_bkg.pi,21ef8c2e252b595a79dcf9fc0ba4d5db1bfc4b0e97f68bc61b9abe9e0ed41a67,ABELL2146_bin69_obs10464_ccd7.arf,752df4cf7528e586ca37083f452a9e3d2a86a8986193ee9ba916928a5e04fd91,ABELL2146_bin69_obs10464_ccd7.rmf,35079fda249cbfa5e5d057b07ff130c5bb6ebda63335273023edf388752efc1f,7122240,True
3873,ABELL2146,70,10464,7,ABELL2146_bin70_obs10464_ccd7,/home/henry/sigma-v19dr-ccd7-background/v100/completed/ABELL2146_bin70_obs10464_ccd7,65257d4564b243de0c14fbeea04baeea79b1e52f556f0b3707a28a608b90ff7f,204,628,87,0.086949646,0.08694964600000035,ABELL2146_bin70_obs10464_ccd7.pi,0ca0d036eb4e5b0bbddb268b4899f5892c013e1a727cb936e78da28f5df61378,ABELL2146_bin70_obs10464_ccd7_bkg.pi,cb2c26ce386feec3afbf7ad1522796e1d7f90c8c9cc887a84d1bfeb49330ae0c,ABELL2146_bin70_obs10464_ccd7.arf,2b8083e0d136c0e58fd4a22d048e6a5e1187767be61a1a202d9f6aa96b09e57e,ABELL2146_bin70_obs10464_ccd7.rmf,e4984a32332ab29d95087a932ff4a83f769b540ff9a9f93a37064fbe1b164637,7119360,True
3874,ABELL2146,71,10464,7,ABELL2146_bin71_obs10464_ccd7,/home/henry/sigma-v19dr-ccd7-background/v100/completed/ABELL2146_bin71_obs10464_ccd7,a5cad488b2ed7976b67bc6da901112540fc3ef0890c94ead266324c56a61601c,195,613,96,0.086949646,0.08694964600000035,ABELL2146_bin71_obs10464_ccd7.pi,d99a3232dd05e8f7f764fd0b506f56d8e78b1bc182fb9ab82b30e104be363d0b,ABELL2146_bin71_obs10464_ccd7_bkg.pi,5e2fd8708377f25f64c7c4d055e5592ef6511f16af562c3f40fccf1dafb4cba1,ABELL2146_bin71_obs10464_ccd7.arf,5e5098e672c575dceb45af9718709b25431c43ad28abef4ea0c96f76c56b7605,ABELL2146_bin71_obs10464_ccd7.rmf,8945f9aaae6974e284cbe2df90b60de728ef04dbf3f7ac394e2d3925fcf952e1,7119360,True
3875,ABELL2146,72,10464,7,ABELL2146_bin72_obs10464_ccd7,/home/henry/sigma-v19dr-ccd7-background/v100/completed/ABELL2146_bin72_obs10464_ccd7,56f01e99a6460fb28a40d972b8e3f2af49c9894fb7fa493dfe6040dbdab72150,197,662,106,0.086949646,0.08694964600000035,ABELL2146_bin72_obs10464_ccd7.pi,2ca9da178ecefcd2f99612b2ed98a6be22028464f735ac1cc1ab2c2255601188,ABELL2146_bin72_obs10464_ccd7_bkg.pi,3ba891a7383fa2f04cdf5fc57ff0d9835f84ac9043503b3709073a6761fe0acd,ABELL2146_bin72_obs10464_ccd7.arf,71b5fa4092e7a7f1b80c18e10e402a806dda9938caf8fe57200d5d2f4999945e,ABELL2146_bin72_obs10464_ccd7.rmf,edcdcb1602eb2feb82950f801d100436e9bbd7c4a32d94be1d73c950d40f55b7,7122240,True
3876,ABELL2146,73,10464,7,ABELL2146_bin73_obs10464_ccd7,/home/henry/sigma-v19dr-ccd7-background/v100/completed/ABELL2146_bin73_obs10464_ccd7,aa5b9136118089ed9c04f99477c429f47beb36c897dfc4abb182c8351bfd0170,203,735,96,0.086949646,0.08694964600000035,ABELL2146_bin73_obs10464_ccd7.pi,e369c34341154dd2a55be19801a59f2af1f73cca74ac74b4b2703590aba6cd0a,ABELL2146_bin73_obs10464_ccd7_bkg.pi,a1649de0b435e1a526476672babea528c2a887842684abd9c0ce3959cfe70b23,ABELL2146_bin73_obs10464_ccd7.arf,47ede02c9570b36413002fc08c9e4de5059e4551444f902d2ec1e0d5b65dbfb5,ABELL2146_bin73_obs10464_ccd7.rmf,46a6a6a443e65ef877b34916743ca46cd7b62d055e3e75732f942e4db729bbe0,7122240,True
3877,ABELL2146,74,10464,7,ABELL2146_bin74_obs10464_ccd7,/home/henry/sigma-v19dr-ccd7-background/v100/completed/ABELL2146_bin74_obs10464_ccd7,2ad50bfc34eda3e366f428364808859d466282466a36831707e9c3f9d0a974f4,212,748,87,0.086949646,0.08694964600000035,ABELL2146_bin74_obs10464_ccd7.pi,f62ce49cd84c7dd5a703c5d564aa5a6bc661f396b4f23aa3d2d7a6e864fbe93a,ABELL2146_bin74_obs10464_ccd7_bkg.pi,b9d63a4d7066063d163b8e8a5b42184ae9420426bcabedd44adc113ccdaa8b3e,ABELL2146_bin74_obs10464_ccd7.arf,c99f9f74db2034841eb70aeafe8ba986d22cbe9807563ace6651907635b7e93d,ABELL2146_bin74_obs10464_ccd7.rmf,61f576fbe349469397fbfbfa9c4308e75bbc479dcbcc995bcd13869d8b76c511,7119360,True
3878,ABELL2146,75,10464,7,ABELL2146_bin75_obs10464_ccd7,/home/henry/sigma-v19dr-ccd7-background/v100/completed/ABELL2146_bin75_obs10464_ccd7,8904cd4556d3e7e738336d1173b09cd8480a4980dbcbd5aaa4c4296ec18c780a,229,924,126,0.086949646,0.08694964600000035,ABELL2146_bin75_obs10464_ccd7.pi,f26c6572f3a312b2015c0e1d3287b66f972b1d14f4441514a9013812138ee2a8,ABELL2146_bin75_obs10464_ccd7_bkg.pi,92d4b608c8bb712a2eac616ad8f070a778cf76a7f4727f1a242d797d0d47bcdc,ABELL2146_bin75_obs10464_ccd7.arf,a54db4dfe6718eeef855f99ebfddcef22811652bf412d46044398c5448f327a6,ABELL2146_bin75_obs10464_ccd7.rmf,58992e272884fffdd36b39654e543c3507936630ea955d36138cf167b67228c2,7122240,True
3879,ABELL2146,76,10464,7,ABELL2146_bin76_obs10464_ccd7,/home/henry/sigma-v19dr-ccd7-background/v100/completed/ABELL2146_bin76_obs10464_ccd7,004f7cc9c6514fd03e295b3657f3067030ee002db81574e19345e1c8569e2a3c,226,879,122,0.086949646,0.08694964600000035,ABELL2146_bin76_obs10464_ccd7.pi,749e0e6092881e49686a9f33061bd834967b2d37d590a99484b0d3e03a244252,ABELL2146_bin76_obs10464_ccd7_bkg.pi,9e02f7cd37c0a71d0bc3783548c157cce8a6a606a86804730a64f1a4565939ff,ABELL2146_bin76_obs10464_ccd7.arf,a2daae4511a58dd4304ecc77482c866987d512ac214ec9aa87a3a6264b9a09b6,ABELL2146_bin76_obs10464_ccd7.rmf,4f880cf7626a2a76497057fc25ecff6673f574039a7550af672d881a31b03dbd,7122240,True
3880,ABELL2146,77,10464,7,ABELL2146_bin77_obs10464_ccd7,/home/henry/sigma-v19dr-ccd7-background/v100/completed/ABELL2146_bin77_obs10464_ccd7,cf31ae80395f2d1fb2c8b8aa8d33c59bfdf6c188f06e2bdb626699c9d23f4ea5,188,676,85,0.086949646,0.08694964600000035,ABELL2146_bin77_obs10464_ccd7.pi,19b346178548e7b0d50245f89c95e725ec572079756c3479a0d30a7cf07d8ae3,ABELL2146_bin77_obs10464_ccd7_bkg.pi,eacd2ceac3a8be41fe53792411d65ca534fd84ea0825c180e41b471911b38fe0,ABELL2146_bin77_obs10464_ccd7.arf,0b2ca71efbf64d9f171787c126a0bf42538da9ef51bbe5ad2dc897dabdf30b7a,ABELL2146_bin77_obs10464_ccd7.rmf,04aeca7d3aa5f0ebbbb6a61a117121d67ed49b4e5081f83e45b9cb51cc4ff0e3,7119360,True
3881,ABELL2146,78,10464,7,ABELL2146_bin78_obs10464_ccd7,/home/henry/sigma-v19dr-ccd7-background/v100/completed/ABELL2146_bin78_obs10464_ccd7,736d1d744d5e7b8c58604488c115d451b05cf0e76cfc56a11e1a17b54f67e7d5,213,692,94,0.086949646,0.08694964600000035,ABELL2146_bin78_obs10464_ccd7.pi,7f87401bcfd7ecc53eb110eeff8343070ebb8c2dbe318d1caf51114707ba2526,ABELL2146_bin78_obs10464_ccd7_bkg.pi,edc96664aabf390306b9a394396508972366bb93eac71900f51d4d3509f1bd40,ABELL2146_bin78_obs10464_ccd7.arf,855ea06c48fe67d1b4807c30832778d199102bb7b46a5f6bb994cb020cabd37e,ABELL2146_bin78_obs10464_ccd7.rmf,66eb26cb27e3d879b8802474f4ed47fdaad463003bfdf3246860463a1d7dee20,7122240,True
3882,ABELL2146,79,10464,7,ABELL2146_bin79_obs10464_ccd7,/home/henry/sigma-v19dr-ccd7-background/v100/completed/ABELL2146_bin79_obs10464_ccd7,5e9b1c6c8a549818047dec57aefecc1b681c98e38e27928e113bcb210d8b3b54,339,3675,470,0.086949646,0.08694964600000035,ABELL2146_bin79_obs10464_ccd7.pi,a7a5bff4399a340959994305f67275aed09b1f1b0217ab2e7919a7aea880b99f,ABELL2146_bin79_obs10464_ccd7_bkg.pi,9c78c327cf43862ec932e7aef4a1ecce26808e2ddc94380064d38a46fde396ff,ABELL2146_bin79_obs10464_ccd7.arf,e7abc9a4fcaf62e57531af22fb1d76a7afb5fe64be8627d290ab02b61d2ed193,ABELL2146_bin79_obs10464_ccd7.rmf,10cce79f98c2e7a11320be6dedbce99aa580c4c4caa92ae7193cb7023d1e88af,7122240,True
3883,ABELL2146,80,10464,7,ABELL2146_bin80_obs10464_ccd7,/home/henry/sigma-v19dr-ccd7-background/v100/completed/ABELL2146_bin80_obs10464_ccd7,3266c7a3749e315219190cd097c88749a813606a5c7f7c1f254b9f174adb86ff,199,791,100,0.086949646,0.08694964600000035,ABELL2146_bin80_obs10464_ccd7.pi,095d48bcc04ef91049f3dd872a1a30f9aff8e6e9d440b26c04c47e69fa610a05,ABELL2146_bin80_obs10464_ccd7_bkg.pi,036a5e04dd8149f4121a7967c25068d29853a616d85908935ac204fc8326b6cb,ABELL2146_bin80_obs10464_ccd7.arf,804f410cd447f950f7e9a9c5008fe0084a1471de6edc538e796213951a83b581,ABELL2146_bin80_obs10464_ccd7.rmf,b9beb56854333e4bcd54eeb635ac61d8e972f6ce8ffa1866fe8f7248df4164bd,7122240,True
3884,ABELL2146,81,10464,7,ABELL2146_bin81_obs10464_ccd7,/home/henry/sigma-v19dr-ccd7-background/v100/completed/ABELL2146_bin81_obs10464_ccd7,f354a1639c6a8e58506c6e47c80363baafb57b7648f3a41f81e8482d1bf2f33a,217,674,90,0.086949646,0.08694964600000035,ABELL2146_bin81_obs10464_ccd7.pi,e2e7b2838a3c397d56a1f566d90016d7fd78232a525e658e355bb4b796222a83,ABELL2146_bin81_obs10464_ccd7_bkg.pi,2a1ecb93d317549bcf90b0cc3f82998bc90cc7aeb5cdc5de8d1bc2e709f9a3ab,ABELL2146_bin81_obs10464_ccd7.arf,9a252678506d3e87bb7239141a6e914e7863f9b5e763c7a608b8ff6076f426ab,ABELL2146_bin81_obs10464_ccd7.rmf,c8b66f3bd36f8729f75212933ec58ef532fadea5aed952574fb456e7c130ea18,7119360,True
3885,ABELL2146,82,10464,7,ABELL2146_bin82_obs10464_ccd7,/home/henry/sigma-v19dr-ccd7-background/v100/completed/ABELL2146_bin82_obs10464_ccd7,1596c1423af7e64eda4e0867b2be8baab9a5b1f84ecd364f892787c252d3b5e9,214,703,104,0.086949646,0.08694964600000035,ABELL2146_bin82_obs10464_ccd7.pi,1e5d17958608eacfaaae910ca70e1dcd637836a769239a01838db63077aefe0d,ABELL2146_bin82_obs10464_ccd7_bkg.pi,4441a3e52195d5700cb8e47200b0f9171d6f621f0884f56582ee3472a1e848ef,ABELL2146_bin82_obs10464_ccd7.arf,0519ac03ec483ee38ffc5550673845f94a1a5f9be8edb7d646088f4c1600f5ed,ABELL2146_bin82_obs10464_ccd7.rmf,c723f72ca99ad6a11d33c86e3221e69122cc85b62b39db4cbb576160f16d8570,7119360,True
3886,ABELL2146,83,10464,7,ABELL2146_bin83_obs10464_ccd7,/home/henry/sigma-v19dr-ccd7-background/v100/completed/ABELL2146_bin83_obs10464_ccd7,bac4b24f7b86434e3b395c24d6092f1d0a3840f20f218d42b81d9aeb18499e1b,183,804,106,0.086949646,0.08694964600000035,ABELL2146_bin83_obs10464_ccd7.pi,9104d5965a1eab55b21d609e9fb724cba97df307c3122eb55717f2aac9526c3c,ABELL2146_bin83_obs10464_ccd7_bkg.pi,77efc346152f80cb09fb46a161d63f3291720c8f55b69e7acc11e55f4a785f91,ABELL2146_bin83_obs10464_ccd7.arf,2cc479c57d74884069aad04c5b6cd585667a1bfcc729378f8a33f1fcd2867fdd,ABELL2146_bin83_obs10464_ccd7.rmf,587e60c21da5a15489efdabe02d225250ec15a05aca3d2f33f47a7664b55ca70,7119360,True
3887,ABELL2146,84,10464,7,ABELL2146_bin84_obs10464_ccd7,/home/henry/sigma-v19dr-ccd7-background/v100/completed/ABELL2146_bin84_obs10464_ccd7,e930e32765f1ca7c8bb0a2284bbce0d6d318989fcd20161c48d7839116780704,269,3215,467,0.086949646,0.08694964600000035,ABELL2146_bin84_obs10464_ccd7.pi,0fecc334a706b036ad710e81e759f8497f678c8e2ff57f032dc1f831c5f27bd2,ABELL2146_bin84_obs10464_ccd7_bkg.pi,7a389fa0c2c0d43cd163b0abe548f778c95f252ddc338ca26d2971a4143436ff,ABELL2146_bin84_obs10464_ccd7.arf,fe4087eaa7beaf5cb0e8faaf3c2370dee1d71c1ce88e0e6f295cf6deb0cb308d,ABELL2146_bin84_obs10464_ccd7.rmf,685b0d426836b330b7cf391c781fd7aedd98bd76c403fbf519b6027fb611ff23,7119360,True
3888,ABELL2146,85,10464,7,ABELL2146_bin85_obs10464_ccd7,/home/henry/sigma-v19dr-ccd7-background/v100/completed/ABELL2146_bin85_obs10464_ccd7,05990167523e1389b3bf4481a5773cf24df2c7398e04aa997244c5e029798788,258,945,139,0.086949646,0.08694964600000035,ABELL2146_bin85_obs10464_ccd7.pi,b6b36862700dec15cce027bd04a713dd589841e65f7fae4f6da6a2cd70fa8009,ABELL2146_bin85_obs10464_ccd7_bkg.pi,2081192f571dee276b1c32e932e60ee0007846cb1218b7430e72cda5a868c1ee,ABELL2146_bin85_obs10464_ccd7.arf,e0ee14c6e54d492b48b645948ed2dc3c66b52f8e6730e8892fb34d6d38d4b41d,ABELL2146_bin85_obs10464_ccd7.rmf,821707bdccb6caa58c9ed87370acf127ba111b577d50f9b5262e7294cdc88e3c,7122240,True
3889,ABELL2146,86,10464,7,ABELL2146_bin86_obs10464_ccd7,/home/henry/sigma-v19dr-ccd7-background/v100/completed/ABELL2146_bin86_obs10464_ccd7,a826e31fa12e39bb411356976f144a4f861dbb81d34b43f7a38b94c6ab893d34,215,844,102,0.086949646,0.08694964600000035,ABELL2146_bin86_obs10464_ccd7.pi,99f0dcd85960dd04c6802272f78033b5c607de14726855625b2d1c3d6f3398e7,ABELL2146_bin86_obs10464_ccd7_bkg.pi,a9e54fa1795d66a48ad6548a08ff5ccba25795b532176bed854ba80c29118223,ABELL2146_bin86_obs10464_ccd7.arf,e1c08c72634516a520499d6c4819cdc0a79ce7b3cbd9dd45936971196f8fbd5f,ABELL2146_bin86_obs10464_ccd7.rmf,5b68a6323c8a184e67faebfcf51e920ed9cdced9b26ed91d2f1be4e9275726e0,7122240,True
3890,ABELL2146,87,10464,7,ABELL2146_bin87_obs10464_ccd7,/home/henry/sigma-v19dr-ccd7-background/v100/completed/ABELL2146_bin87_obs10464_ccd7,9b095e5851c9bb715ad1ba0ed63f6d3d68076b4737bf99d74907315e970f82d6,267,4383,637,0.086949646,0.08694964600000035,ABELL2146_bin87_obs10464_ccd7.pi,f868c4f23102b905c18e2e7756981229b0e9ff5989c3ef92fa2ecdbe08c9ddaa,ABELL2146_bin87_obs10464_ccd7_bkg.pi,c69f86c9942940921a2dd73e438f544755185478b512da6a660285208ad0b8b0,ABELL2146_bin87_obs10464_ccd7.arf,249258cbff50c3535e0cea700994b50729f612ed5b4d66dbae451ba12c3e7157,ABELL2146_bin87_obs10464_ccd7.rmf,a24a6de071dc5fb5e3d2dbed987ac7905a8defe3c3fde91177c2d9872def6f33,7122240,True
3891,ABELL2146,88,10464,7,ABELL2146_bin88_obs10464_ccd7,/home/henry/sigma-v19dr-ccd7-background/v100/completed/ABELL2146_bin88_obs10464_ccd7,90dc2fa30fa53a4bcc80f8f131f481c1c1bec39c8d5340f7bf2e8c4df38d9c91,251,1048,125,0.086949646,0.08694964600000035,ABELL2146_bin88_obs10464_ccd7.pi,d014ba41d9c3571f6519df3148cd646bc9e126f42b9f1e7769c68bbafe8ddc9c,ABELL2146_bin88_obs10464_ccd7_bkg.pi,109108044368de6a7740518fd094b304bc3a2bde9bfa6d5ce6a36b1562169d00,ABELL2146_bin88_obs10464_ccd7.arf,21c235c0a4d4872afc9839e8cc34311355976604b471239a2c1a5b2c59b7467d,ABELL2146_bin88_obs10464_ccd7.rmf,7097dc5c3caa5e3f32dc8748507eabcd1f794d0010c0b3cc1fc9bfb71e683b1b,7122240,True
3892,ABELL2146,89,10464,7,ABELL2146_bin89_obs10464_ccd7,/home/henry/sigma-v19dr-ccd7-background/v100/completed/ABELL2146_bin89_obs10464_ccd7,fc128ad0184d8a81edd44550b65a5689197b538edfe96f228350c73ea24f2adb,309,8069,1003,0.086949646,0.08694964600000035,ABELL2146_bin89_obs10464_ccd7.pi,19ca43e27c3274dc06de3156163e5ecf3394c65a88f05644a60519fe12145415,ABELL2146_bin89_obs10464_ccd7_bkg.pi,0e3b72844376cab4479c20e3ffb95b960334cddbdb3079cafa9203fcdc93113c,ABELL2146_bin89_obs10464_ccd7.arf,2e86758ed1a66fbbaf6a8eebf2dd66b9ce739befb76a821ca293feca70af115d,ABELL2146_bin89_obs10464_ccd7.rmf,8b5430b6b1e39e769cfb236a16f192246112f5611ec00eacf47a8d5f7f73b28e,7122240,True
3893,ABELL2146,90,10464,7,ABELL2146_bin90_obs10464_ccd7,/home/henry/sigma-v19dr-ccd7-background/v100/completed/ABELL2146_bin90_obs10464_ccd7,ffa3a420658dbc8f5e03ac5d7ad7ad6917f0fd02d0611bc968d8db76ee31e9a1,230,781,107,0.086949646,0.08694964600000035,ABELL2146_bin90_obs10464_ccd7.pi,ed1e3ffbc7646f70d04249b35eb91c140facf9c6de16e1f79a053b8728caa5f2,ABELL2146_bin90_obs10464_ccd7_bkg.pi,c54d83d9ee0719819b06a15874ff75a1df19bc180c09d97b4c7b870dc276d2aa,ABELL2146_bin90_obs10464_ccd7.arf,89042f53541c1ab9b090071d887a16d9158cde2eef3d41d37a6f4781f7607831,ABELL2146_bin90_obs10464_ccd7.rmf,2507304f01a59fb9b2022b26fc89c79c68da4c755c862bc075db8147408f016e,7119360,True
3894,ABELL2146,91,10464,7,ABELL2146_bin91_obs10464_ccd7,/home/henry/sigma-v19dr-ccd7-background/v100/completed/ABELL2146_bin91_obs10464_ccd7,ff0a79530e255882c9d6ad9e3189465ebe82dc940f0f046e50875af00aed7374,232,798,99,0.086949646,0.08694964600000035,ABELL2146_bin91_obs10464_ccd7.pi,3ac7d262cf11d0fa42172f873a12c1c8d18f07865e151b08a407846899203ec2,ABELL2146_bin91_obs10464_ccd7_bkg.pi,420ca767a6908b05cb5873234f403e2d902437ac01bd518f48585ca3404cf49a,ABELL2146_bin91_obs10464_ccd7.arf,33f07bb380d3cef2e25a9eb280a5ecc7f8621b24a50b4f27eb06a2e7308390c0,ABELL2146_bin91_obs10464_ccd7.rmf,5c96ed7638738ddbc9d080e8502fd866b0cfd9ad7375b28fef176a2871a7b1de,7119360,True
3895,ABELL2146,92,10464,7,ABELL2146_bin92_obs10464_ccd7,/home/henry/sigma-v19dr-ccd7-background/v100/completed/ABELL2146_bin92_obs10464_ccd7,e412785fab5550312538c372dd457c3a9452984e4b96984fa3ccc8a50945cac4,221,994,124,0.086949646,0.08694964600000035,ABELL2146_bin92_obs10464_ccd7.pi,1abaf4f3214dca4e5b3c2179345955eaf5152fe8b5cafb007f16843d32b1476e,ABELL2146_bin92_obs10464_ccd7_bkg.pi,739fb1763bb3097e36aea0f1c9f8fbda676f4dc42a2ea50cec985c4246d6737e,ABELL2146_bin92_obs10464_ccd7.arf,e5e22ba76ebb000da6ec9931fa80ff5966fde67cf5149cf642a0d5f64511fec3,ABELL2146_bin92_obs10464_ccd7.rmf,98ecc1d32982334a59893d94a6cfe8042e2725dbef3a9394510ef43c87aff873,7122240,True
3896,ABELL2146,93,10464,7,ABELL2146_bin93_obs10464_ccd7,/home/henry/sigma-v19dr-ccd7-background/v100/completed/ABELL2146_bin93_obs10464_ccd7,043469cb51edf274f535985fc897bbbcfd21aa3b252e1d711e185d4e9d66cd9e,216,914,141,0.086949646,0.08694964600000035,ABELL2146_bin93_obs10464_ccd7.pi,7a3dd17456efb949f86012c2d5fc12c08d1e2afea38a6ce632a41197aa2c3b51,ABELL2146_bin93_obs10464_ccd7_bkg.pi,c6a33b77598e1ec0d994d672326a7e21b7a9d625efdc83ecfcca87de9aca44f0,ABELL2146_bin93_obs10464_ccd7.arf,d746f053182224ed642a1d8f9c9a7f22fa74399913898c630b9241ee152d892a,ABELL2146_bin93_obs10464_ccd7.rmf,ae9a4075b928d47b7b2f38e3957f76a68352a904ada450967394240013c70adb,7119360,True
3897,ABELL2146,94,10464,7,ABELL2146_bin94_obs10464_ccd7,/home/henry/sigma-v19dr-ccd7-background/v100/completed/ABELL2146_bin94_obs10464_ccd7,06e6e95c521681f81ba96353ed524e40ff91e9ca03e63097df1a7dfc9675f187,258,3412,443,0.086949646,0.08694964600000035,ABELL2146_bin94_obs10464_ccd7.pi,6f800b1ae24f22b80ee6556f4a3f3ca57b3904bb0438b3334c7e8f776b8e27e1,ABELL2146_bin94_obs10464_ccd7_bkg.pi,85f64325c8f4263787e8d589a3e23a4a6ee8749e3a2a721d63be814ac5a57a97,ABELL2146_bin94_obs10464_ccd7.arf,6025d6e71493f84340cf833802e3a0256899b8d7de3e1c975b432ff17e1bc91a,ABELL2146_bin94_obs10464_ccd7.rmf,d3690cd8d6a1095f40a90167bd0e948ea103722b55093e6069b4b030d30695ee,7122240,True
3898,ABELL2146,95,10464,7,ABELL2146_bin95_obs10464_ccd7,/home/henry/sigma-v19dr-ccd7-background/v100/completed/ABELL2146_bin95_obs10464_ccd7,c8748730be6a02a1becc1fa409e2b5780bb9b3e96f87989a436d909dc2d12d14,302,5036,721,0.086949646,0.08694964600000035,ABELL2146_bin95_obs10464_ccd7.pi,85b22d594026e0b878f049f549dd2fe40617a445c0c1323549b85d36ab4222b1,ABELL2146_bin95_obs10464_ccd7_bkg.pi,331549c33e1e1e59dde525cc60fdd2a2c4501130df23be66cbc88b6ddfe4e162,ABELL2146_bin95_obs10464_ccd7.arf,064ca64bb8b9c65e573721219055c11f02e63b5a245660d449ad04e2d9ae742c,ABELL2146_bin95_obs10464_ccd7.rmf,496e71c7c7d1124b8c3e8d0dce0623d7205922fc9e87f389c577ff3d82624c25,7119360,True
3899,ABELL2146,96,10464,7,ABELL2146_bin96_obs10464_ccd7,/home/henry/sigma-v19dr-ccd7-background/v100/completed/ABELL2146_bin96_obs10464_ccd7,3bfacd05cdc4cad8d309aa6ae1476f88f1883dfdb8986f23f4152bf89cd7fe42,213,990,127,0.086949646,0.08694964600000035,ABELL2146_bin96_obs10464_ccd7.pi,424f0265ffa009fc3ce63e002bcc7690809dffd08830397ca535fc3613bb9a16,ABELL2146_bin96_obs10464_ccd7_bkg.pi,63dbf02ecdafebdc67d7bf748a6cabc11dfe429317365edca7d45f5b1f08856f,ABELL2146_bin96_obs10464_ccd7.arf,300dd3de365677aeaf66267417b5d327f5d3ed5ecb0967432374c3a7c052812a,ABELL2146_bin96_obs10464_ccd7.rmf,17e5c01d2dfd2d0b4c5eac783651f910159f3f65b6df518701a3e2faa39e6b95,7122240,True
3900,ABELL2146,97,10464,7,ABELL2146_bin97_obs10464_ccd7,/home/henry/sigma-v19dr-ccd7-background/v100/completed/ABELL2146_bin97_obs10464_ccd7,469e8384a42077c5fb2d78703b2b338cf95d04446ae0a6edcd1ce91c4efd4981,238,1094,144,0.086949646,0.08694964600000035,ABELL2146_bin97_obs10464_ccd7.pi,aa4cb23989acb32263b56db0ab322ca356697a189aa41f7a42ac53e50052ff87,ABELL2146_bin97_obs10464_ccd7_bkg.pi,b6a4a79d4ca098c524c2fe9a4607d4d192a5435a350a3769e7cbee2af4c5214e,ABELL2146_bin97_obs10464_ccd7.arf,b468a8341dc5ae3bbc4b7e03cdc03c8685a6bee6d997d386ac792a50684ed6da,ABELL2146_bin97_obs10464_ccd7.rmf,a1aa5b920f91d89474bcc2100539bdc81816c215e715976b348f1667b4912519,7122240,True
3901,ABELL2146,98,10464,7,ABELL2146_bin98_obs10464_ccd7,/home/henry/sigma-v19dr-ccd7-background/v100/completed/ABELL2146_bin98_obs10464_ccd7,4445ea17861d510531c502c98c0a66a9afc5aa8e5a04a60f82adace887d8841e,219,847,129,0.086949646,0.08694964600000035,ABELL2146_bin98_obs10464_ccd7.pi,2ad929608e3ac5ea83c50d048ceaf16a20b87aeede1ef92ae34c0ca91d62e0fd,ABELL2146_bin98_obs10464_ccd7_bkg.pi,1cbe5e86b1e4b21f9f9ef6d5817caf9a71ec0e0d99f66219753daf0e382fb9f1,ABELL2146_bin98_obs10464_ccd7.arf,e19e3e73791470c59d5509a8652984a03c7da0a6795e9ca0134cb446c6bb70af,ABELL2146_bin98_obs10464_ccd7.rmf,cbf63411608fbba2f976e92069439dd27a41cbac6ab0bf98610a4e74e1f5a0f6,7119360,True
3902,ABELL2146,99,10464,7,ABELL2146_bin99_obs10464_ccd7,/home/henry/sigma-v19dr-ccd7-background/v100/completed/ABELL2146_bin99_obs10464_ccd7,c3b805d153d6d27d23e74d24754017c63e6612ed94f10f93e23cf715d4fa395c,216,1049,136,0.086949646,0.08694964600000035,ABELL2146_bin99_obs10464_ccd7.pi,9233a3e31ae21022f4c4d090658b4234bc712dc1507ba8f1a79af616f1a1adea,ABELL2146_bin99_obs10464_ccd7_bkg.pi,8f8fcb4c7347c4cb2c81d4ed39947406c40e7169a34c46ccafac4d62fc0b1d36,ABELL2146_bin99_obs10464_ccd7.arf,e6d6cea30c9b27522841094801d7abc9bba96358211cf8b228b2613295eb599d,ABELL2146_bin99_obs10464_ccd7.rmf,caf3c0f06c0bb169378ba84610fd9102c9d899683f009d90e1a2bbbd0b4806f7,7122240,True
3903,ABELL2146,100,10464,7,ABELL2146_bin100_obs10464_ccd7,/home/henry/sigma-v19dr-ccd7-background/v100/completed/ABELL2146_bin100_obs10464_ccd7,69ba8b892a3dce86852afe74d32cbb0dfe1b8e9afd52618e82d95b2f4f0bff4e,275,3059,458,0.086949646,0.08694964600000035,ABELL2146_bin100_obs10464_ccd7.pi,966cb3f0074f6da886d06e7930ae7e13e5b4569ae31f8bc6de046e9f8c832451,ABELL2146_bin100_obs10464_ccd7_bkg.pi,181e61f84ce7e27120de801abf41e4198bf29c57779b62b78e5b94c4b9e717f4,ABELL2146_bin100_obs10464_ccd7.arf,805eaa573d26a74d0ef2a4f0bc655e2d66e9718560da32379d6b78996edc096f,ABELL2146_bin100_obs10464_ccd7.rmf,c8189858c2eee93d6a5aade7219b9fa4cd8f7cf20af975487ae9371f25b19a3b,7119360,True
3904,ABELL2146,101,10464,7,ABELL2146_bin101_obs10464_ccd7,/home/henry/sigma-v19dr-ccd7-background/v100/completed/ABELL2146_bin101_obs10464_ccd7,e2fb9fd75573381207f699e1d893db9317fac252c9c1e439bd1c9a1f6274c754,228,2251,275,0.086949646,0.08694964600000037,ABELL2146_bin101_obs10464_ccd7.pi,8c82b60a788383767e29964fb37704927393341fac85bb72a9b653e21095133f,ABELL2146_bin101_obs10464_ccd7_bkg.pi,1cfa4b0bccbf0d19356a4a09f5c3c2d07de16cc7d2be50827e6b93433dd32e4d,ABELL2146_bin101_obs10464_ccd7.arf,879d077dcfbd77598bd4a01d91e1ff803e513f29f858795d5c7bc430e1717e35,ABELL2146_bin101_obs10464_ccd7.rmf,d29330e6dc077e427ecbadc7de3f6e4dd183161a9603611909d1ddaead4e04c3,7122240,True
3905,ABELL2146,102,10464,7,ABELL2146_bin102_obs10464_ccd7,/home/henry/sigma-v19dr-ccd7-background/v100/completed/ABELL2146_bin102_obs10464_ccd7,1291817c70622a58d5a7473b02ed3e1245ba5b7ad8a1e5d0e77baae55f7c8248,226,2113,294,0.086949646,0.08694964600000035,ABELL2146_bin102_obs10464_ccd7.pi,b5d6a6a5144a94beb8a7af0d3f3f088f8fcda03d0d14caa0e6b12ee7c8909e8d,ABELL2146_bin102_obs10464_ccd7_bkg.pi,0abbc254f53079e201a4b59049f68aea9cf6a9b715db4f61a5db5f0bd25af136,ABELL2146_bin102_obs10464_ccd7.arf,53308e8296bf59f3a675fbc7fb9c4ebf578f64ce92c115b441b3ea595443cc7c,ABELL2146_bin102_obs10464_ccd7.rmf,ad97525467140cabbf0852454e2836b30984396b27847b3a82aad757b03db8dd,7122240,True
3906,ABELL2146,103,10464,7,ABELL2146_bin103_obs10464_ccd7,/home/henry/sigma-v19dr-ccd7-background/v100/completed/ABELL2146_bin103_obs10464_ccd7,88116a291268d70ce74ac903a2f13c079715e78b4e4b345d086f8772cafa1bf0,234,866,118,0.086949646,0.08694964600000035,ABELL2146_bin103_obs10464_ccd7.pi,39546497b2ab631c789f69feaba6feaaedf0e391c4532c8f29cd53f09cc3f0e5,ABELL2146_bin103_obs10464_ccd7_bkg.pi,76096a4f4432eb738107993b30304c3f4296ff7a88d275a0fb3bc89139104611,ABELL2146_bin103_obs10464_ccd7.arf,be428df836a48e61b3bac869132085943daba76333924657300002d4e4cf5139,ABELL2146_bin103_obs10464_ccd7.rmf,d56a86a204a15d35b60125879c3f2a60edd907ff76a7fd4054f9286e611ebc21,7119360,True
3907,ABELL2146,104,10464,7,ABELL2146_bin104_obs10464_ccd7,/home/henry/sigma-v19dr-ccd7-background/v100/completed/ABELL2146_bin104_obs10464_ccd7,2d33ebfa1f46ca055f2f68398389833b03b7d37607c65cc32818f8e44f44644c,258,2048,285,0.086949646,0.08694964600000035,ABELL2146_bin104_obs10464_ccd7.pi,875fcd77875c9e88abd6bbcb225cdf2c4b6bb755644f50dd32df524f515e717e,ABELL2146_bin104_obs10464_ccd7_bkg.pi,402e907d000011925060c992c32f6bd03be96d31bfdc702fe9029bf64c75e7c0,ABELL2146_bin104_obs10464_ccd7.arf,a7686ee90a3aebba660aa1cfd85895868fe887afff37ce6270db91525977b1fb,ABELL2146_bin104_obs10464_ccd7.rmf,47291c43fa5faa2fea0f3b921b7b6e94bbc92027cb1a168ad3a05429afca6a62,7119360,True
3908,ABELL2146,105,10464,7,ABELL2146_bin105_obs10464_ccd7,/home/henry/sigma-v19dr-ccd7-background/v100/completed/ABELL2146_bin105_obs10464_ccd7,4a3f8609651cf02ef4a9c27c8e3d134f3436a72e342d4c2e3bb0f5fd011c66ae,225,1018,130,0.086949646,0.08694964600000035,ABELL2146_bin105_obs10464_ccd7.pi,de1e85f30a96ea8b97336d232ece5ee451868af04407db5ebfa5b195bdcbeac1,ABELL2146_bin105_obs10464_ccd7_bkg.pi,5e4b99450ea9909ee0b81fb481f9db459bb1a8eccf899aec8e45ba2d3ef88ac2,ABELL2146_bin105_obs10464_ccd7.arf,c32a8c68a7a0ca6a2ea44586619f1440da3f8976f196d88295c95de71e062180,ABELL2146_bin105_obs10464_ccd7.rmf,cf3dcf08f5d16a8b8498e0cde5523eb0b62fe10426bc39f603e4ca7950694e17,7119360,True
3909,ABELL2146,106,10464,7,ABELL2146_bin106_obs10464_ccd7,/home/henry/sigma-v19dr-ccd7-background/v100/completed/ABELL2146_bin106_obs10464_ccd7,a5067ad76306165fb0a2c53b12e4618e36f9f2b0428115d02e2e5e743dfa3d58,263,1313,150,0.086949646,0.08694964600000035,ABELL2146_bin106_obs10464_ccd7.pi,8bdeb95d63f02607d16162286f488a817d90d167b6e6a2f46d652cfef0ee7122,ABELL2146_bin106_obs10464_ccd7_bkg.pi,0957c8426a457aab3d27a957755b2227cca7402d353ddc0dae7c94384246f251,ABELL2146_bin106_obs10464_ccd7.arf,43af459b41440652762d2eb77ea85ca073673507be27e4c41dc45a97aaedb12f,ABELL2146_bin106_obs10464_ccd7.rmf,b7b8523798665909a1448ad644683fa77d9804b79258d64765a42f1e244e2aa3,7122240,True
3910,ABELL2146,107,10464,7,ABELL2146_bin107_obs10464_ccd7,/home/henry/sigma-v19dr-ccd7-background/v100/completed/ABELL2146_bin107_obs10464_ccd7,54704dea87598bd274640390c619d045a5ae381b03c389fde153a93dd54426e9,327,1416,191,0.086949646,0.08694964600000035,ABELL2146_bin107_obs10464_ccd7.pi,562409c8b4efcb1e5816d1f6b05f7cce5db179e8fc215569bab26e7bc1097fc3,ABELL2146_bin107_obs10464_ccd7_bkg.pi,856555469bbedae14a7c466e2d23266a6c0a31832f8623cbe9aa5d237078fa3a,ABELL2146_bin107_obs10464_ccd7.arf,a8ee223c7d228a98c3805af3adee6743de9be6da258316f5dd91b7e185572d32,ABELL2146_bin107_obs10464_ccd7.rmf,59c916d2427d70cf7d3fb309d86099a0b87b64b0569347393a8e6dc555997cd7,7119360,True
3911,ABELL2146,108,10464,7,ABELL2146_bin108_obs10464_ccd7,/home/henry/sigma-v19dr-ccd7-background/v100/completed/ABELL2146_bin108_obs10464_ccd7,835193dfdcf094cb4a9d9b72770769e4f49b2c60204d7115db29384b7f40f1dc,238,963,145,0.086949646,0.08694964600000035,ABELL2146_bin108_obs10464_ccd7.pi,282a01355dc8caf84fbc59ef34cc6f5fd59fbdfcbdd24d326d071a50aa392de6,ABELL2146_bin108_obs10464_ccd7_bkg.pi,659712ac28d55b0df91c45b3492c394fbd0692d5e16d114bc6f8233cea43b45c,ABELL2146_bin108_obs10464_ccd7.arf,d27e2919ba2f3da0ff83189458827a80ac07c4c039667b33085a86f0e61b756d,ABELL2146_bin108_obs10464_ccd7.rmf,d47c2d2dcd4831ae845a50ef50afa2181169fa377ebb54da76013cb502550961,7119360,True
3912,ABELL2146,109,10464,7,ABELL2146_bin109_obs10464_ccd7,/home/henry/sigma-v19dr-ccd7-background/v100/completed/ABELL2146_bin109_obs10464_ccd7,f85918aacb1a60e0da2b7a5e1c2b97c2c1edbb904b111d43511f441f6ef3e6a0,243,937,148,0.086949646,0.08694964600000035,ABELL2146_bin109_obs10464_ccd7.pi,4dac87f7abbd21bd418e2bf935c5fbb7570e921c0de793007d906875893800ce,ABELL2146_bin109_obs10464_ccd7_bkg.pi,4fbeed4ec50aa68345b743a80c00ade3dada847764ea6d22a39b6985465a436d,ABELL2146_bin109_obs10464_ccd7.arf,7534e41eb0b9d90cc5f6008ce9b0f68a8ce966816bb65bc3b7b57c3007d15535,ABELL2146_bin109_obs10464_ccd7.rmf,7593fd50d2d6f049488db1ad5845ddecac11988ea07a05dcd0251e686e40fb74,7119360,True
3913,ABELL2146,110,10464,7,ABELL2146_bin110_obs10464_ccd7,/home/henry/sigma-v19dr-ccd7-background/v100/completed/ABELL2146_bin110_obs10464_ccd7,7830f589faf086495fe315bc7ac9fc1e652bbe864e5c9da469b1713adbe02ce1,253,2579,335,0.086949646,0.08694964600000035,ABELL2146_bin110_obs10464_ccd7.pi,2ef9b3f468c8e416f6e6b3ccb245f559d7ad76f240eee8ac8d500ea3e2b74f7b,ABELL2146_bin110_obs10464_ccd7_bkg.pi,625d3d2290eaf04a24597b574a2a06401e03695e53b4a8e42360bf6809a3e853,ABELL2146_bin110_obs10464_ccd7.arf,25c6499f2de0a924001088a2d238e741443c4f17a52e4bd235d6fa3a1b0cd5de,ABELL2146_bin110_obs10464_ccd7.rmf,52797837a18c674d98b2381bdfadd32926f1dbdf92a10127c989cc596acc2acf,7122240,True
3914,ABELL2146,111,10464,7,ABELL2146_bin111_obs10464_ccd7,/home/henry/sigma-v19dr-ccd7-background/v100/completed/ABELL2146_bin111_obs10464_ccd7,28fa07dc26b314dd5530a6f4cd960e8dfe5a059eb323729d2f5ca2ecdda56c37,212,1233,175,0.086949646,0.08694964600000035,ABELL2146_bin111_obs10464_ccd7.pi,ad5c772b36b4452ae6031cd45c1ff622ae28caf5448af85c546d6d816cb26fe6,ABELL2146_bin111_obs10464_ccd7_bkg.pi,0a2d037ea2b56b59b2d1f38b7514a55124963dae294db219d53fc98c381dce64,ABELL2146_bin111_obs10464_ccd7.arf,e7fce195aaeb41ae95b6f8c6b0495081655a42c1fad1ffa48434c712ffacf518,ABELL2146_bin111_obs10464_ccd7.rmf,e6ae5cd81e761a6e3f8dcc4935f2416aaf1f4adb55e2ab8a132a89bfc1d7e42b,7122240,True
3915,ABELL2146,112,10464,7,ABELL2146_bin112_obs10464_ccd7,/home/henry/sigma-v19dr-ccd7-background/v100/completed/ABELL2146_bin112_obs10464_ccd7,6df4bc040f12f7638eacafa52169ef42905cafda1c9b0f47f27b905bab9f5b5d,242,2231,295,0.086949646,0.08694964600000035,ABELL2146_bin112_obs10464_ccd7.pi,dbe1f0c60222a956d4157a5ba3f4ae7ea72c988a57ee13866e22718a930427d1,ABELL2146_bin112_obs10464_ccd7_bkg.pi,118d4774a54d71de376be094520bb4b29d85e481ae21a44bb721312466114a5e,ABELL2146_bin112_obs10464_ccd7.arf,08c663222448d03cbf422011d2e1e1f8d0936802c0fd2ecb903a81fdcdd49986,ABELL2146_bin112_obs10464_ccd7.rmf,055df5e93b6800cc957f40d2a54541b877fa0686afafe6affb9ab732c3dd3001,7119360,True
3916,ABELL2146,113,10464,7,ABELL2146_bin113_obs10464_ccd7,/home/henry/sigma-v19dr-ccd7-background/v100/completed/ABELL2146_bin113_obs10464_ccd7,c87fe26fc78a2ee109f78fee3b9fee9bd1591ff0b50d45473483d22c75bfc7ad,218,1167,188,0.086949646,0.08694964600000035,ABELL2146_bin113_obs10464_ccd7.pi,c21c1a7cead3b6dd067e3ae1bde26e890e83cffadc6613a966c0d25f7e37fefe,ABELL2146_bin113_obs10464_ccd7_bkg.pi,ad26704c6fa3ba5d5d035cbd391771369c3b4f5964752338329164f032abaed1,ABELL2146_bin113_obs10464_ccd7.arf,2d39f426f85f0bd4635ad41978d718a5bb021b92019cdefc81e30d79513e8b00,ABELL2146_bin113_obs10464_ccd7.rmf,7a09f6ddc0aea8203939e81a656cbb2237375a1796394eb91fa8c633cc43a12a,7122240,True
3917,ABELL2146,114,10464,7,ABELL2146_bin114_obs10464_ccd7,/home/henry/sigma-v19dr-ccd7-background/v100/completed/ABELL2146_bin114_obs10464_ccd7,effcf5075bbfa902675e3e3f7dcc58944972e52be652b1f1c19bfaac8585a4dd,246,2849,325,0.086949646,0.08694964600000037,ABELL2146_bin114_obs10464_ccd7.pi,b01452bdea6adabdfbeb744195f7daf724fb0cdb645b87fd889bfde6f5ffb052,ABELL2146_bin114_obs10464_ccd7_bkg.pi,8da59f7e9bde50edec94ae628ba5c22e5182f314d4c5c1fdf3cdc23a0129b0f4,ABELL2146_bin114_obs10464_ccd7.arf,ee8881852ce0996b06f952668350d533f3b0f00df3debde67f35405ec3af30b4,ABELL2146_bin114_obs10464_ccd7.rmf,5ec33a391969e7e53cfced74f144f8e7cadae74f9304cab1180b7ce58601d6d7,7122240,True
3918,ABELL2146,115,10464,7,ABELL2146_bin115_obs10464_ccd7,/home/henry/sigma-v19dr-ccd7-background/v100/completed/ABELL2146_bin115_obs10464_ccd7,d9d4bd1e5b10e9809c453f75da3a71cc30c6861f925a59d94c5981c9f791889d,250,1061,163,0.086949646,0.08694964600000037,ABELL2146_bin115_obs10464_ccd7.pi,44c58c9838d936ea18113c546863b9ff8e42a1840b735963450aa5f7b6948374,ABELL2146_bin115_obs10464_ccd7_bkg.pi,bf8c4fa51af2f4119a57b261a417feaf9fc9a2674ca8ae30b61d3498bac73c7a,ABELL2146_bin115_obs10464_ccd7.arf,9e27c3fabf3ddd07af2290b949e8af6d362f61b46de4aeeaca797c41e738b14d,ABELL2146_bin115_obs10464_ccd7.rmf,78d806fe038a6aa6d5aba72ba39725d87b09de9d44b54de0f36d757a9f336d7d,7119360,True
3919,ABELL2146,116,10464,7,ABELL2146_bin116_obs10464_ccd7,/home/henry/sigma-v19dr-ccd7-background/v100/completed/ABELL2146_bin116_obs10464_ccd7,177516a450923f6216a31e337f642c0520fba0c89a0225a50453399fa9265fde,233,1356,181,0.086949646,0.08694964600000035,ABELL2146_bin116_obs10464_ccd7.pi,58c2d3284fd8ea8514e25529b965bed7ec195e4633f9f3732a35c33984168c67,ABELL2146_bin116_obs10464_ccd7_bkg.pi,451c658023ff93083d8cc15f77be761e976401aa9d6d91a03f791baf50b85ad3,ABELL2146_bin116_obs10464_ccd7.arf,b38021bb785ae282b51688e0f62e99450a7d8d88a402fc33aa12d88d5c474ca2,ABELL2146_bin116_obs10464_ccd7.rmf,60c1edfa8223c1eb9359ae08c3c455f39849967b322b930b2e85527a5d534f77,7122240,True
3920,ABELL2146,117,10464,7,ABELL2146_bin117_obs10464_ccd7,/home/henry/sigma-v19dr-ccd7-background/v100/completed/ABELL2146_bin117_obs10464_ccd7,33fff7d5f5cfa50f0f5d62d29096df682d7a2331e8157e348594fd119ae027af,246,2153,288,0.086949646,0.08694964600000035,ABELL2146_bin117_obs10464_ccd7.pi,b7f3bdb6e91c03c78108cd1022e0345d4af874530943173ced74b411cf491d08,ABELL2146_bin117_obs10464_ccd7_bkg.pi,174fe1bb8e67af2e947e0831a32016c6d49b2ab3da4d1a0b21b35d4578f80ddf,ABELL2146_bin117_obs10464_ccd7.arf,c29af1b360575011dc408f213391b52c1096eaf13a4133668eeb2b44c8ee2b6f,ABELL2146_bin117_obs10464_ccd7.rmf,c86941e6863a82be59fa874dce67b0c658e414144835a6eea8dbae7699c7fd65,7122240,True
3921,ABELL2146,118,10464,7,ABELL2146_bin118_obs10464_ccd7,/home/henry/sigma-v19dr-ccd7-background/v100/completed/ABELL2146_bin118_obs10464_ccd7,a12b8a42ff64e08f16a5e09970a0d45d49194b16809f6917e71e8dd0497404b4,276,2512,353,0.086949646,0.08694964600000035,ABELL2146_bin118_obs10464_ccd7.pi,2f0e59f8702639f43260c59244c82edb76a81d530ae0a777e190de6aeef15cb7,ABELL2146_bin118_obs10464_ccd7_bkg.pi,1aee6ee12dd43ab7d9aeffb86b2a1468fed0bdd5219009be4103c03fab2b186e,ABELL2146_bin118_obs10464_ccd7.arf,7c96249f3ee6c207b1b4caaa98f79b0cf5545d5f55d464f479952387fae3b377,ABELL2146_bin118_obs10464_ccd7.rmf,7794315ba8440694d683c6a83aba64ed17bd4be0654ab4026251cad343c69200,7119360,True
3922,ABELL2146,119,10464,7,ABELL2146_bin119_obs10464_ccd7,/home/henry/sigma-v19dr-ccd7-background/v100/completed/ABELL2146_bin119_obs10464_ccd7,229b36469009d9c43f70687975f14ae01ee720f587f1b5201ed551a877e48d90,259,1786,213,0.086949646,0.08694964600000035,ABELL2146_bin119_obs10464_ccd7.pi,619e6e6d2b189927ff3908e136f08adf3019ba89a5b3e41f143d542694371b14,ABELL2146_bin119_obs10464_ccd7_bkg.pi,c72b56109e30c6a3abdb17ba2fedfdddf828d5aa7ab1f185fbb540eac44680ee,ABELL2146_bin119_obs10464_ccd7.arf,12dadf4d673b3aff46535620a59e5ca5a6c43bcea888b9edf7d508a1de698027,ABELL2146_bin119_obs10464_ccd7.rmf,53747b643540c4cdd1d801d92bde6a8be4e1de3b79f59903010473e0b3c87334,7122240,True
3923,ABELL2146,120,10464,7,ABELL2146_bin120_obs10464_ccd7,/home/henry/sigma-v19dr-ccd7-background/v100/completed/ABELL2146_bin120_obs10464_ccd7,7ce7e20209154e0728c5a0860a65547cc42d9a626dcdea847280486843e5c98d,280,1344,186,0.086949646,0.08694964600000035,ABELL2146_bin120_obs10464_ccd7.pi,6cdbe5b3994877d28de6555065840d8ac529e214b304a3cd2e7b61cce28c75a9,ABELL2146_bin120_obs10464_ccd7_bkg.pi,e3c4a809d897178d9ea17110185520dfe65f68406ba86b3cff60efff047ff0b8,ABELL2146_bin120_obs10464_ccd7.arf,e4c10a97224817ad1d1d110808077d43ee586ff91d95005ff8a95cbce5675f77,ABELL2146_bin120_obs10464_ccd7.rmf,3ae112002ef1a4cc28f813beb2641082752da4924ec0be910e78825c0e80e27e,7122240,True
3924,ABELL2146,121,10464,7,ABELL2146_bin121_obs10464_ccd7,/home/henry/sigma-v19dr-ccd7-background/v100/completed/ABELL2146_bin121_obs10464_ccd7,b4ff0f0f12faef776406f6157c0b17d1f0b1ff676f4f02379cb22657d425c2c7,272,1310,175,0.086949646,0.08694964600000035,ABELL2146_bin121_obs10464_ccd7.pi,8b24aa9b25b1e42dc7f6bf46cbe8b3392dc2a34895820cb5e6511eee09e44bec,ABELL2146_bin121_obs10464_ccd7_bkg.pi,5d9b62544ced1838a83fbcb1bd0f16d785e43af03e5bc6d5dc23cbe2e50180e0,ABELL2146_bin121_obs10464_ccd7.arf,7c2d8c1a8f94fdab7a62d3c2e74fa181c343a48e5d8958f7e35f5dad0061669a,ABELL2146_bin121_obs10464_ccd7.rmf,548e604d14f022103533394eb1ed62ffc5d49ce20b45f71c22abc8d996695ea7,7119360,True
3925,ABELL2146,122,10464,7,ABELL2146_bin122_obs10464_ccd7,/home/henry/sigma-v19dr-ccd7-background/v100/completed/ABELL2146_bin122_obs10464_ccd7,c745476ef2276a31d9cc9977aeb81c22bc1779f3cb2667090c7ac9f29284a6d2,228,1583,195,0.086949646,0.08694964600000035,ABELL2146_bin122_obs10464_ccd7.pi,5a6d57bc378ce1cecd10c913edb7d61fed75ec4a6cf6b588b5c3c4b20628636f,ABELL2146_bin122_obs10464_ccd7_bkg.pi,b84061ac9e1e938ec44192f595c8ed0c23f9c7116be608833858a87b095e1b15,ABELL2146_bin122_obs10464_ccd7.arf,d45704a4ebdf9875370df697871698d44c3d448b62f80164f4675a2d324164e6,ABELL2146_bin122_obs10464_ccd7.rmf,c229fb9d775ab6c3dc514c7a06a7de5f9f43f87a09ae805b48f544f208dfb1bb,7122240,True
3926,ABELL2146,123,10464,7,ABELL2146_bin123_obs10464_ccd7,/home/henry/sigma-v19dr-ccd7-background/v100/completed/ABELL2146_bin123_obs10464_ccd7,ce6409a808762b9a1547444e6fde947eea2069fe9273fa285c160b52b76b3dd0,235,1460,192,0.086949646,0.08694964600000035,ABELL2146_bin123_obs10464_ccd7.pi,49e8bc1dcd9529d9e1166ef4a9d886f9e45711e564b4aa00fb92e0055922c41b,ABELL2146_bin123_obs10464_ccd7_bkg.pi,5b68b4ef22dfbbbe6f1e90d5dffb296f22bef18928ff2937d5f7d4e685310416,ABELL2146_bin123_obs10464_ccd7.arf,0713177fd478a3655d00d07f6534bc3aa0c23d6a74f1c998fed1ccfffec5584a,ABELL2146_bin123_obs10464_ccd7.rmf,70823c267dbdd4a86e624b8cb5284fcdcfd5907e16187354d903b06a72bef015,7119360,True
3927,ABELL2146,124,10464,7,ABELL2146_bin124_obs10464_ccd7,/home/henry/sigma-v19dr-ccd7-background/v100/completed/ABELL2146_bin124_obs10464_ccd7,c7b2751b63c76ff10fa2f5314da7415f270283ecaff3b273fd990431fbc2fb97,216,1770,223,0.086949646,0.08694964600000035,ABELL2146_bin124_obs10464_ccd7.pi,8798adc06e3385a2309035b47e95b59c4b7567b9b0f2b0e769077801a58397d5,ABELL2146_bin124_obs10464_ccd7_bkg.pi,440a6e595d96a62470411aa7cd1a2de44f6d0e219d9a52c84dbaa7ac048ce860,ABELL2146_bin124_obs10464_ccd7.arf,5f90d8efbcf47b347e2a231ae69af3128d84dccde55ffcd95a0df025956ba808,ABELL2146_bin124_obs10464_ccd7.rmf,403d8f49c8dded1c8ef77f3891c8da24f06dae2d1b423bec28837194bf088ad4,7122240,True
3928,ABELL2146,125,10464,7,ABELL2146_bin125_obs10464_ccd7,/home/henry/sigma-v19dr-ccd7-background/v100/completed/ABELL2146_bin125_obs10464_ccd7,f47324e73477a00e0d69b4066a489439b9524612297c1ae7016a4334dbfadd1f,243,2438,289,0.086949646,0.08694964600000035,ABELL2146_bin125_obs10464_ccd7.pi,5e1fa19df1dcacba4bfdd6bd95f6952ac1400546e0cc58327f0d33a4e672dfb4,ABELL2146_bin125_obs10464_ccd7_bkg.pi,7af911b71ee8814f02fc580567efe71dfdc50b5c99b2b348736093882cb5e9f6,ABELL2146_bin125_obs10464_ccd7.arf,2558d112adea0531023e86c00a0d7e329c0480d297633ab066e2ef824967b748,ABELL2146_bin125_obs10464_ccd7.rmf,bd83ddd0a61c6e5a8f6ed8663ae1fcaff7fda21648d28ed92ae979ecdd9167c2,7122240,True
3929,ABELL2146,126,10464,7,ABELL2146_bin126_obs10464_ccd7,/home/henry/sigma-v19dr-ccd7-background/v100/completed/ABELL2146_bin126_obs10464_ccd7,0e2a7120b9b91a0080ffd2e2fc1de75f3e7230c98d770b8082b7b31716038645,207,1783,255,0.086949646,0.08694964600000035,ABELL2146_bin126_obs10464_ccd7.pi,67283a37ccbd8ceeeaab663b72597f1d61e8103e1ecd1449113a8f05b38db152,ABELL2146_bin126_obs10464_ccd7_bkg.pi,e416813e711afd68153ec0e402d97d1bc4c81be493f73aa83575cc3060a7c187,ABELL2146_bin126_obs10464_ccd7.arf,69dfc5bea324fa9de071197e286c27e77dbe0c131bef6c32ee585d1d37625026,ABELL2146_bin126_obs10464_ccd7.rmf,50f49c51580acf3089fe5d0cecf03aa9fefeb9ff4872fc061407ba193eafe24d,7119360,True
3930,ABELL2146,127,10464,7,ABELL2146_bin127_obs10464_ccd7,/home/henry/sigma-v19dr-ccd7-background/v100/completed/ABELL2146_bin127_obs10464_ccd7,ac5828f92262f5eff0011d845de15490af05e7523329a6d66b0d1426e8936fdd,226,1497,222,0.086949646,0.08694964600000035,ABELL2146_bin127_obs10464_ccd7.pi,282a6c5d66c17dac5431088a0fca56001f1e8e5da2e94d672a47d1c7523b8b54,ABELL2146_bin127_obs10464_ccd7_bkg.pi,246f73e64c6e9f406ab7b7617a7635763d5f2e604faefc193103e577214e1023,ABELL2146_bin127_obs10464_ccd7.arf,f04c1b626a4c3cd6a1142f1a46cca52cbf173d0c68ca4c1c012d24e7dba986c5,ABELL2146_bin127_obs10464_ccd7.rmf,bdec28d290b28c9d6ca95742a10c71d45de2cc030b26b25c73e1fd07fda1585d,7119360,True
3931,ABELL2146,128,10464,7,ABELL2146_bin128_obs10464_ccd7,/home/henry/sigma-v19dr-ccd7-background/v100/completed/ABELL2146_bin128_obs10464_ccd7,4883ac26c859be29dd8eafe22cbf0670a872cbb156dd36519f313d15bb7137a9,237,1598,233,0.086949646,0.08694964600000035,ABELL2146_bin128_obs10464_ccd7.pi,3fbe06d5663182f7aeff5581a349e574ba30c41261b8dada96e2709b5e3b7ccd,ABELL2146_bin128_obs10464_ccd7_bkg.pi,6e5b139402f7131f3a44b4ca9b6c2bc93537f31ff3bdd1e1f2b7dfcb5cd2b8ca,ABELL2146_bin128_obs10464_ccd7.arf,549ee21c6d1fc96ab9f8f0616339f6a32dcada3672a5d3d228a6847d7b438e89,ABELL2146_bin128_obs10464_ccd7.rmf,c8dfffdcce703531f3cd236b064dfe4c50f5093fa1ed5d12779471352a6e7459,7119360,True
3932,ABELL2146,129,10464,7,ABELL2146_bin129_obs10464_ccd7,/home/henry/sigma-v19dr-ccd7-background/v100/completed/ABELL2146_bin129_obs10464_ccd7,925bb2dad8feb4a54a4e7598e659a1c242a5b8989ba562c1cc89865c343f6515,212,1284,169,0.086949646,0.08694964600000035,ABELL2146_bin129_obs10464_ccd7.pi,a739ff6480bf504f57411cfc4d851f9c5de6d2baa9742df0c66e5eacdbe2b7d7,ABELL2146_bin129_obs10464_ccd7_bkg.pi,d10392397be918a91af17de8a2106c48b5212d2ac8017abb0cee077033428678,ABELL2146_bin129_obs10464_ccd7.arf,7ff94e212b83711a9ed599386c56fb9c7c200e0d085994861457a830f7fd2f19,ABELL2146_bin129_obs10464_ccd7.rmf,bdabdc5a7626336cfe487d2464500d2770ad94f110d4d6b0e0a702bd90d62870,7119360,True
3933,ABELL2146,130,10464,7,ABELL2146_bin130_obs10464_ccd7,/home/henry/sigma-v19dr-ccd7-background/v100/completed/ABELL2146_bin130_obs10464_ccd7,ddbf6ae8d7b304394ed7a031bbdb4a748419bcf5293e92c33eac6ee26b96d818,228,1481,150,0.086949646,0.08694964600000035,ABELL2146_bin130_obs10464_ccd7.pi,ddcf5b6cea845de83f6d012ef2c21d187087b067ef0e2dd5cf61fecc38c85397,ABELL2146_bin130_obs10464_ccd7_bkg.pi,b28985cf4caa0979a27683ab9070d7476bde0e9789aa5201fc377da7211e7712,ABELL2146_bin130_obs10464_ccd7.arf,68d92c425329b56cf18293c6bec010339d3578291711a01c7b47e940d1e78fe2,ABELL2146_bin130_obs10464_ccd7.rmf,91f873c98bdd2618ecfcaa53a68541563b57afbf0fc9401a15343f5d0337035f,7122240,True
3934,ABELL2146,131,10464,7,ABELL2146_bin131_obs10464_ccd7,/home/henry/sigma-v19dr-ccd7-background/v100/completed/ABELL2146_bin131_obs10464_ccd7,a64913901d16e952dfba29bbd5d83c2276e43b930ffc2eacfae0eb42542dbc4e,225,1558,232,0.086949646,0.08694964600000035,ABELL2146_bin131_obs10464_ccd7.pi,bd4c5d6aeea7557e722972c0242ae1671ac39f43cb8866b8a09f14679f9091ee,ABELL2146_bin131_obs10464_ccd7_bkg.pi,7d11a1906dc50ef202b3cb4ca9109c07c523ce620a69724adcad435b37b8ad01,ABELL2146_bin131_obs10464_ccd7.arf,95341c81d927e7128d0de1ddd6c3297864e2fc09aa61a64c9628df44b4fe48a4,ABELL2146_bin131_obs10464_ccd7.rmf,76b8ba3cad451c1df0a0ae922c5a7f45dc27b5aa691d022246577be005ede974,7122240,True
3935,ABELL2146,132,10464,7,ABELL2146_bin132_obs10464_ccd7,/home/henry/sigma-v19dr-ccd7-background/v100/completed/ABELL2146_bin132_obs10464_ccd7,fe7deef7054d095f9a57348b7b1cc3352cee09f7c6f513e1917ba3a5b35fc1f4,204,1099,154,0.086949646,0.08694964600000035,ABELL2146_bin132_obs10464_ccd7.pi,fbb1e4decbd643fc7fb0fc33f0def5c79c810d6e57c91cf26e21bcf306dad8a9,ABELL2146_bin132_obs10464_ccd7_bkg.pi,b748e9c55339c8458a62a93dcb14dbc09413230b85439d1871c2da1df5055538,ABELL2146_bin132_obs10464_ccd7.arf,44d51b9194637bd87e1e36e43a53349b60af17fb3f3bbfbc4eeda53cce57bc5d,ABELL2146_bin132_obs10464_ccd7.rmf,93f62c5971d2be5d3a98f185db906daa08d2c5dce7bb3dc7ed7ca7654f2298b0,7119360,True
3936,ABELL2146,133,10464,7,ABELL2146_bin133_obs10464_ccd7,/home/henry/sigma-v19dr-ccd7-background/v100/completed/ABELL2146_bin133_obs10464_ccd7,200bfc93bd58febc83303f88ae08a133e6e4cb32de9b3477dbc49c497bc1f05b,216,1373,169,0.086949646,0.08694964600000035,ABELL2146_bin133_obs10464_ccd7.pi,45929b6a5e58beb26442bd33911f4b9422e27ed6bf7a78e8b4efddb089d4db5a,ABELL2146_bin133_obs10464_ccd7_bkg.pi,67886c8d7d1f332af8afbfa6a30a55a8dbadde377bc0707e3297b9fd03050ba2,ABELL2146_bin133_obs10464_ccd7.arf,0af4fff31050eae1529bb6d86a087584673b4bcfa92225dc52e35f027ca5a72f,ABELL2146_bin133_obs10464_ccd7.rmf,537cd532cc326e51cf183ef170ee60804b4ca52945615f478fd7ced73902aa61,7119360,True
3937,ABELL2146,134,10464,7,ABELL2146_bin134_obs10464_ccd7,/home/henry/sigma-v19dr-ccd7-background/v100/completed/ABELL2146_bin134_obs10464_ccd7,c53d274fcf279b84991afda2afc5bf4ed32b2ba74816dc4d1a2c58f5f548d3f5,239,1482,170,0.086949646,0.08694964600000035,ABELL2146_bin134_obs10464_ccd7.pi,2b77d51ba8658558dc196d85eb0b3187ea0bf4ec114e5b9e2f0657caf76ea0b0,ABELL2146_bin134_obs10464_ccd7_bkg.pi,d8481bfd978f56a17df96d2e6343dd16394175995c14e50084d29621b78b92fc,ABELL2146_bin134_obs10464_ccd7.arf,ccad5dffe25ea0cfb664615211bdbd8020caf203c0c074779235c5c5a327ed79,ABELL2146_bin134_obs10464_ccd7.rmf,663c3d8ccd5382bf69ecbdcb1266a9762b244b3fb015982270df62e2f9446581,7122240,True
3938,ABELL2146,135,10464,7,ABELL2146_bin135_obs10464_ccd7,/home/henry/sigma-v19dr-ccd7-background/v100/completed/ABELL2146_bin135_obs10464_ccd7,a73fa0830a9923f7afa5dd3cc1659242f63d95be880dd777eb2c154f96ee7fa5,224,1348,176,0.086949646,0.08694964600000035,ABELL2146_bin135_obs10464_ccd7.pi,738c803f92b038aaf91cde1e177117836fd3e6911977b428445527d9b80d654f,ABELL2146_bin135_obs10464_ccd7_bkg.pi,9c6699e69b13e56775d2413163e2845d0323e4e3258a911406579a07a67a52f0,ABELL2146_bin135_obs10464_ccd7.arf,f920a540531e3c910a7c88d156f35e9f1421a5231560449dac16af945f8d8c6d,ABELL2146_bin135_obs10464_ccd7.rmf,7a36dabfe1739437d49b24c702886ab8b50d5d56f3e74702e7813b02f62a47e9,7119360,True
3939,ABELL2146,136,10464,7,ABELL2146_bin136_obs10464_ccd7,/home/henry/sigma-v19dr-ccd7-background/v100/completed/ABELL2146_bin136_obs10464_ccd7,acf29159079c96c0915a22e1667afb35659f12ab5f996ad2c8ae68fc733af119,214,1411,189,0.086949646,0.08694964600000035,ABELL2146_bin136_obs10464_ccd7.pi,31d95e98a28816fa15beeee4f5fc3549a0121ab4692b536ae218da0d3afb456d,ABELL2146_bin136_obs10464_ccd7_bkg.pi,7ceb75f8fd23892fa0d9c5e5f96bc7c046fbcea4e19842e82b7a43efc22faf5e,ABELL2146_bin136_obs10464_ccd7.arf,56ae7d29e62b828c892132ae5c57b1e6034aa46185bf8c20ce2127c3a42b3852,ABELL2146_bin136_obs10464_ccd7.rmf,b3b701b53634d4b398f58c8334ddc38c3f17f71a19b8271e2a95757a79359c3d,7119360,True
3940,ABELL2146,137,10464,7,ABELL2146_bin137_obs10464_ccd7,/home/henry/sigma-v19dr-ccd7-background/v100/completed/ABELL2146_bin137_obs10464_ccd7,76d952e44218d09124950ddcc937a4a664b0b5db85b2a6983bb7a13a5f81946e,238,2045,240,0.086949646,0.08694964600000035,ABELL2146_bin137_obs10464_ccd7.pi,ca9785518b0494e6525e868b99b55f9963ea93162abf365b81134b4e2c8b968f,ABELL2146_bin137_obs10464_ccd7_bkg.pi,29be2a6ba2f1f5a01f302c45f2c551eadce6287754c4890545e0ae6acc832fd1,ABELL2146_bin137_obs10464_ccd7.arf,0edab40c21d1b9f9ec398653819dc2bbe615d13f15178ee94ecc123715174154,ABELL2146_bin137_obs10464_ccd7.rmf,fc27267101a8233077c7efdf1d5cc4544ea445c951e82fccbec7526b0097601d,7122240,True
3941,ABELL2146,0,10888,7,ABELL2146_bin0_obs10888_ccd7,/home/henry/sigma-v19dr-ccd7-background/v100/completed/ABELL2146_bin0_obs10888_ccd7,aedbde1ab6899e3ff0d44528a84f5524f9e233b09238f6b9ac62c05fe5df97ea,36,189,26,0.015882602,0.015882601999999926,ABELL2146_bin0_obs10888_ccd7.pi,d7d9816b82dec7d41d5cb6107a85f1c455f833b2fd41661afde78ffd530addb7,ABELL2146_bin0_obs10888_ccd7_bkg.pi,b716e0cdd71ad6261bff727bb96ca99e407ff2a91f29849273b9cd5a316af768,ABELL2146_bin0_obs10888_ccd7.arf,7e7d24b390430d26af9c81140e8858e54ff657fc34ab3b79ab703a593763d445,ABELL2146_bin0_obs10888_ccd7.rmf,f5e28b1bae497522506cdf3a3d8174413d82f20349d957c235d724c7d084555a,7119360,True
3942,ABELL2146,1,10888,7,ABELL2146_bin1_obs10888_ccd7,/home/henry/sigma-v19dr-ccd7-background/v100/completed/ABELL2146_bin1_obs10888_ccd7,73264c2f05e7648575085e36f630a75d19580a4ac8b7db1e6dfd3bce58583550,49,228,22,0.015882602,0.015882601999999926,ABELL2146_bin1_obs10888_ccd7.pi,8b1f17e289e3eacba88cbda1bf70fde8e32a7aabff60afa9d1d8ea685474aa3a,ABELL2146_bin1_obs10888_ccd7_bkg.pi,6c175d2f7f013fb6b18d5bef9597cd0de51559540f61a855099272c517806da8,ABELL2146_bin1_obs10888_ccd7.arf,6f8470e211530703f181ef1933f6d397feb9fe1fab1a67453d3788ec3562d880,ABELL2146_bin1_obs10888_ccd7.rmf,c08c02c55ee21023f0b5ba062587e3ec5134bd2b03494af38dad651ba404aa15,7119360,True
3943,ABELL2146,2,10888,7,ABELL2146_bin2_obs10888_ccd7,/home/henry/sigma-v19dr-ccd7-background/v100/completed/ABELL2146_bin2_obs10888_ccd7,34bcb568cfb3784bfa2be28cf154d7094b38362c9ef267fe328b8ee4562d99ae,47,191,24,0.015882602,0.015882601999999926,ABELL2146_bin2_obs10888_ccd7.pi,a2b505931c2c62b6282409d12dd2eed6a07935f9ebf07e64962f7f3b6b9e7a6f,ABELL2146_bin2_obs10888_ccd7_bkg.pi,dd27ac3fff035877eb9483bfa749063d4967edba96fb7373c8fc583e0142d7ee,ABELL2146_bin2_obs10888_ccd7.arf,9fe4e5d86443086d1e646b16c9c9d52d6782fb0e6e8b55b33ee70017f3ea1cad,ABELL2146_bin2_obs10888_ccd7.rmf,59acfede3273453a200b7929684f54f749b66b0c3ec14be1ffd599b98fb9ade3,7119360,True
3944,ABELL2146,3,10888,7,ABELL2146_bin3_obs10888_ccd7,/home/henry/sigma-v19dr-ccd7-background/v100/completed/ABELL2146_bin3_obs10888_ccd7,336f0295835f185cbcd4c981d9d1c1911e8bdea5917789216c37d0c57c067671,34,212,38,0.015882602,0.015882601999999926,ABELL2146_bin3_obs10888_ccd7.pi,a003e6ca4aa4b577ebba8c6356499c4fd429c7c44949367ae2b56f9aa2b281a1,ABELL2146_bin3_obs10888_ccd7_bkg.pi,05617f0e4815a480e36ee64d8a437a0efb817ca1c4534a9b1f08e43843b5f253,ABELL2146_bin3_obs10888_ccd7.arf,b4caefaa3a2d194f197762a13717740790dc0b44f8555f4ed52df454d982576a,ABELL2146_bin3_obs10888_ccd7.rmf,152ee1a966c4d55d3f8bf794196b46e9ff44fa98e807797b5e35845c16281021,7119360,True
3945,ABELL2146,4,10888,7,ABELL2146_bin4_obs10888_ccd7,/home/henry/sigma-v19dr-ccd7-background/v100/completed/ABELL2146_bin4_obs10888_ccd7,6ef562b3930b96f199777225ead9ab6a0a34247c3d7233d89f446c4694873e1a,46,242,38,0.015882602,0.015882601999999926,ABELL2146_bin4_obs10888_ccd7.pi,c429b45a5e234bd1d6254509e6f0ecf7b5f3357216a0b4183146b48d8986edb0,ABELL2146_bin4_obs10888_ccd7_bkg.pi,aa85b585bfd20650c3030d701ce49492fb6b65f1bd701475e25e34c2b22ed84e,ABELL2146_bin4_obs10888_ccd7.arf,b0672fbe8e82cfae0cf96eccf515a313225d7bc6ccc1f23ce5e8cf7853ce6881,ABELL2146_bin4_obs10888_ccd7.rmf,1df9843582747f8c1b91c3912e1985a2dc75b9ab62884c8c6b4731e9aac0d717,7119360,True
3946,ABELL2146,6,10888,7,ABELL2146_bin6_obs10888_ccd7,/home/henry/sigma-v19dr-ccd7-background/v100/completed/ABELL2146_bin6_obs10888_ccd7,d04e192a435743155840beb5e54c9a08da721cf6c8df7de4bb3ffd76e6329435,43,268,41,0.015882602,0.015882601999999926,ABELL2146_bin6_obs10888_ccd7.pi,59e313721375c9435e4a05047f9ff263ac51546e8502c4d36047b2bca080ccdb,ABELL2146_bin6_obs10888_ccd7_bkg.pi,d46c31856a6b3ce2ca814365b5a3d216a5cd866cdcc58a6da286194417e429a8,ABELL2146_bin6_obs10888_ccd7.arf,d3d298c49e22ba1c3004331c8c705deb280b670551e3aea13eb054119e6c0eb5,ABELL2146_bin6_obs10888_ccd7.rmf,3d684e167044df2186aed84a56435b72e543bc977346d76171ada789329f15c1,7119360,True
3947,ABELL2146,7,10888,7,ABELL2146_bin7_obs10888_ccd7,/home/henry/sigma-v19dr-ccd7-background/v100/completed/ABELL2146_bin7_obs10888_ccd7,00f24163f3605e27695e912cb7dbafbdd14c09d9ccb2a3bcd13f3c83881386f7,57,278,40,0.015882602,0.015882601999999926,ABELL2146_bin7_obs10888_ccd7.pi,e81d64972ef106747f9dfa14cac4ba8c70e435ffcf59f99a796fc5fb5d07ce33,ABELL2146_bin7_obs10888_ccd7_bkg.pi,0c9067197e7f5a6c19dbd094b3b61caf5e804047f30afcc7d1df70caac97c4a9,ABELL2146_bin7_obs10888_ccd7.arf,a71e9a740a5403b18546c373dd7ac331f939db4b23054ca71892ccce1cf6b7a6,ABELL2146_bin7_obs10888_ccd7.rmf,ff0824378f9d54b3f17dbb6c1fe7d9eafd489bf7128cd7a0d7462467d038331f,7119360,True
3948,ABELL2146,9,10888,7,ABELL2146_bin9_obs10888_ccd7,/home/henry/sigma-v19dr-ccd7-background/v100/completed/ABELL2146_bin9_obs10888_ccd7,b9936014288a2b341e1b8e842f0d131b3121c26ff757b7706627499d63e15c4e,48,265,38,0.015882602,0.015882601999999926,ABELL2146_bin9_obs10888_ccd7.pi,640837408a6985356b2b6093c27c2f034f060cb345376f7d5cdf77d90e9589e3,ABELL2146_bin9_obs10888_ccd7_bkg.pi,a0816c8584d231e78b85ea2aba79743ae532d866e9d1f975c57842f83e9a3466,ABELL2146_bin9_obs10888_ccd7.arf,f366bc6f3e8e25ab878e8c9554c91c936e849c30a57a557748da4701728c826f,ABELL2146_bin9_obs10888_ccd7.rmf,719b0da8efd24f58a4729c040937328afcac7f7d5bb77fa933e95d624d5ca11f,7119360,True
3949,ABELL2146,10,10888,7,ABELL2146_bin10_obs10888_ccd7,/home/henry/sigma-v19dr-ccd7-background/v100/completed/ABELL2146_bin10_obs10888_ccd7,23b078db257dfb8e08072eb50e85e8265c8988ae8fc5ec9290ed8e711bec68e2,44,230,25,0.015882602,0.015882601999999926,ABELL2146_bin10_obs10888_ccd7.pi,5ad7c22a4af16ca02dc0a468e8e4d143593acb73c492c61b809342ba6fbd868f,ABELL2146_bin10_obs10888_ccd7_bkg.pi,54a9a08306f06cc1d86172b887d7a932db982acac8a38418297193f3a452fa84,ABELL2146_bin10_obs10888_ccd7.arf,4cc92d29516c10345366bda1d0b4437512113bfcebba2ac2e50207927ff10b00,ABELL2146_bin10_obs10888_ccd7.rmf,ffffea4b53542e04cdd545cfa4425bba285268c3f556133f7dc58291b6966c5b,7119360,True
3950,ABELL2146,11,10888,7,ABELL2146_bin11_obs10888_ccd7,/home/henry/sigma-v19dr-ccd7-background/v100/completed/ABELL2146_bin11_obs10888_ccd7,f71f3a32367dc76853dd893576453db77c0f5a8c792923922d4a00c3bc0284dc,43,231,28,0.015882602,0.015882601999999926,ABELL2146_bin11_obs10888_ccd7.pi,820a4aa31f401aa23ffafbc6506ae995fbecffd62d29c3951debc593727d3d61,ABELL2146_bin11_obs10888_ccd7_bkg.pi,f3fa4b7a175ab88406b085135cfc99e181b3f6e9edf72095b5848bcebd8e4c31,ABELL2146_bin11_obs10888_ccd7.arf,6cf99168c1c51c8288d2e6bd8904cdef25f5c6a44ed230b418a4589ec615bc88,ABELL2146_bin11_obs10888_ccd7.rmf,244a49bcf57dcca9cc84dc800f3f1f306fd4a60464b6d0d67d19f66a6912870f,7119360,True
3951,ABELL2146,12,10888,7,ABELL2146_bin12_obs10888_ccd7,/home/henry/sigma-v19dr-ccd7-background/v100/completed/ABELL2146_bin12_obs10888_ccd7,90dddc833ea2ab324570113b657b958436af88852bf982e64b4c95a27aebecfa,35,249,36,0.015882602,0.015882601999999926,ABELL2146_bin12_obs10888_ccd7.pi,5b38670a5d7f3f835c3fe42f36aad542f5be7076de2920fba33906093fa58988,ABELL2146_bin12_obs10888_ccd7_bkg.pi,7a7592511df82e5f4e4ae4b61acb65f3edf02998205f1959ec3dfd5d672bee76,ABELL2146_bin12_obs10888_ccd7.arf,f5f21883f0c8210175417e0a04439b6d765a9b9727f7b39dfaafde88efe5f5c2,ABELL2146_bin12_obs10888_ccd7.rmf,56817b3e186783fb05bdbefae5297af6178786fff56360764ff75242cf06e8df,7119360,True
3952,ABELL2146,16,10888,7,ABELL2146_bin16_obs10888_ccd7,/home/henry/sigma-v19dr-ccd7-background/v100/completed/ABELL2146_bin16_obs10888_ccd7,27dd3ecb08299385f1be9f70d514a7456c81345434174092ac787d3486243795,43,234,30,0.015882602,0.015882601999999926,ABELL2146_bin16_obs10888_ccd7.pi,a680971ade9571f443acd9b5a99f005c4156495169c6af79f219755704ee0bfc,ABELL2146_bin16_obs10888_ccd7_bkg.pi,18c0a2b962d63d7f04e7c71ed4682d29963edf309671eb7e0e2a8af9a1fa9d0b,ABELL2146_bin16_obs10888_ccd7.arf,0b84a8c57c4f156079f458b04892199df89dbb75c84cc5f77544935ae2070d44,ABELL2146_bin16_obs10888_ccd7.rmf,71f734c5858da9f19e36a5fab813836b1987af7ee3ab8f9058bea5252d274c29,7119360,True
3953,ABELL2146,17,10888,7,ABELL2146_bin17_obs10888_ccd7,/home/henry/sigma-v19dr-ccd7-background/v100/completed/ABELL2146_bin17_obs10888_ccd7,e660ef0b89be8b03422bb02a01f9e903dd21d346137fcffa5c544aef1796856f,47,288,24,0.015882602,0.015882601999999926,ABELL2146_bin17_obs10888_ccd7.pi,4bb3dcfc9639ed318074d4f0ca040b326f0bd5b6a87ef8cba150f04f10da2d8a,ABELL2146_bin17_obs10888_ccd7_bkg.pi,61d508ef16a68e8c74733cb8b12cfa81eceecf52c8e89ffa56cf99521a20162a,ABELL2146_bin17_obs10888_ccd7.arf,e02af9415e54d9536e4016304206e1673cbb8c1acc7b2886610f599aa5d7830a,ABELL2146_bin17_obs10888_ccd7.rmf,b64467d0a39031187b23d5e84d9bf5c956ccdb6ce7cb85b628ed8e5955f6aa26,7119360,True
3954,ABELL2146,18,10888,7,ABELL2146_bin18_obs10888_ccd7,/home/henry/sigma-v19dr-ccd7-background/v100/completed/ABELL2146_bin18_obs10888_ccd7,b06e88a67d10cc6eeb37fb7b10f161ec413e01384dd741661e7a2c64d813c622,58,339,45,0.015882602,0.015882601999999926,ABELL2146_bin18_obs10888_ccd7.pi,cbc85aab96b562f9cfed265206f80b023e2dbd1fb59e798ecb72f47bcb81a8c2,ABELL2146_bin18_obs10888_ccd7_bkg.pi,da0ae0bbe37d3ce97797abb29d8f768b7a26fc3a2ee204ae215d32234f062545,ABELL2146_bin18_obs10888_ccd7.arf,2879e0c6e86a0b3ed0c571d825288af79a3c2c7055da6077f01507c85d60bdd5,ABELL2146_bin18_obs10888_ccd7.rmf,27f7c83cc6ace6278ea3ff37b24ce8925c9d583d8aa6b23f6b94d5e7d552b510,7119360,True
3955,ABELL2146,19,10888,7,ABELL2146_bin19_obs10888_ccd7,/home/henry/sigma-v19dr-ccd7-background/v100/completed/ABELL2146_bin19_obs10888_ccd7,ab5f01f0a69fe8ed1b47f428c269a75aad2f68e3c313795fe540422139583df2,39,269,38,0.015882602,0.015882601999999926,ABELL2146_bin19_obs10888_ccd7.pi,1eff3799a7670ca707f6a3c4ea86fe57406910db9b27cf5c8755d38a59ac0fd3,ABELL2146_bin19_obs10888_ccd7_bkg.pi,efbca112488102bff07ae1f7600aaa4d8f937ab7222e58c05fcd83672dbeae73,ABELL2146_bin19_obs10888_ccd7.arf,1c93a17c5e3243f745021302fc45c9b0795d17609cb98760e07c2971627cd61c,ABELL2146_bin19_obs10888_ccd7.rmf,e382e5b887deefe0a49c63ebf7e5c19822ee2fdab751585fe8774f3c25345bc8,7119360,True
3956,ABELL2146,20,10888,7,ABELL2146_bin20_obs10888_ccd7,/home/henry/sigma-v19dr-ccd7-background/v100/completed/ABELL2146_bin20_obs10888_ccd7,1c8649785835efdd0d51241eeae2234f3606ba38a10b2ccf0b7a0df706d3c51c,48,281,25,0.015882602,0.015882601999999926,ABELL2146_bin20_obs10888_ccd7.pi,013c5793953c79ce29b1476865f4bf5aba21308c29908a0e0af0589ead8a2689,ABELL2146_bin20_obs10888_ccd7_bkg.pi,355c337a4871e5c4dc74f7d74eb211f6721e0a2616b1a1616bb225680ecc8a36,ABELL2146_bin20_obs10888_ccd7.arf,e7a8e263b9f466bc8f486bc5d3c86a1acfa247b05f046413922cfe35b134a91d,ABELL2146_bin20_obs10888_ccd7.rmf,b76eec3cf178ec32bfb633268d11e984b45ad9908e4534eea9b69eedad441783,7119360,True
3957,ABELL2146,21,10888,7,ABELL2146_bin21_obs10888_ccd7,/home/henry/sigma-v19dr-ccd7-background/v100/completed/ABELL2146_bin21_obs10888_ccd7,ecac32fbe52bd133d79394383d15adba3af8616495e0fafa76727f0dbb10275a,48,332,30,0.015882602,0.015882601999999926,ABELL2146_bin21_obs10888_ccd7.pi,64f57120daa558e55c9506ed4744fb0c22111fd88e26b17e6e96a892d4d1d03e,ABELL2146_bin21_obs10888_ccd7_bkg.pi,02dc4d65d9001109f0efc67167d3256c4e56ec0b7a11eff76ab8f97b6569495c,ABELL2146_bin21_obs10888_ccd7.arf,62ebb805e3817386bbdd77e5cd02cd4c361591101d20b4c55f76b4975bda21a2,ABELL2146_bin21_obs10888_ccd7.rmf,c83ee4af36853a027fd26443839451742a83c4b3edd6d95d949c094bf44c4a4a,7119360,True
3958,ABELL2146,22,10888,7,ABELL2146_bin22_obs10888_ccd7,/home/henry/sigma-v19dr-ccd7-background/v100/completed/ABELL2146_bin22_obs10888_ccd7,be712251c5332b373c931d3b7bf09ae7ee43aad7e69a97baae023f56a1d1ec44,43,286,39,0.015882602,0.015882601999999926,ABELL2146_bin22_obs10888_ccd7.pi,fd634417c5e91cddd5fc8661e188f601fbd1d25ef281a971daa23f638a612989,ABELL2146_bin22_obs10888_ccd7_bkg.pi,52426fc6fae12d293a5d3f60eb9709f850ed6169818ee073dcd0bc82118414bf,ABELL2146_bin22_obs10888_ccd7.arf,b202fc7627ee7d85cf04fe52cf3a525e1ca11cf190ca343979e7b9d94e4ad25a,ABELL2146_bin22_obs10888_ccd7.rmf,180ef2007e2e69f106e53c35e178af8f1d765f26d10f52263e8ba71a07df239f,7119360,True
3959,ABELL2146,23,10888,7,ABELL2146_bin23_obs10888_ccd7,/home/henry/sigma-v19dr-ccd7-background/v100/completed/ABELL2146_bin23_obs10888_ccd7,07c9f5a335e67c4a42bf9d98a7d1b4511e1efcb0e225ec0237a0fcbe04a72ccd,35,329,43,0.015882602,0.015882601999999926,ABELL2146_bin23_obs10888_ccd7.pi,afe5123fa16fb1d7b1da3333f0b701c7f8d08b6286212b24a8b2e076b8bf3a72,ABELL2146_bin23_obs10888_ccd7_bkg.pi,8e6988c7fdfb18cee6655eddc27b2fb87bf5b9572746aa8a7a0aee11b76152dc,ABELL2146_bin23_obs10888_ccd7.arf,cbb55b25f6c1940730f8f9dd3c735aab41621b06e5cca567397da6de2c452e69,ABELL2146_bin23_obs10888_ccd7.rmf,87067a469a00f41582dc831f4901fd750178b65c9a9de078ad54b9e5e834e260,7119360,True
3960,ABELL2146,24,10888,7,ABELL2146_bin24_obs10888_ccd7,/home/henry/sigma-v19dr-ccd7-background/v100/completed/ABELL2146_bin24_obs10888_ccd7,ac10448dd35b31d7d92e065fe5a498b22a62a67a2a157273486b9de94564d78a,29,334,48,0.015882602,0.015882601999999926,ABELL2146_bin24_obs10888_ccd7.pi,e5912478e521dab55af69d7b5db05d2fd9515b6431b0d9d37408139580db13ec,ABELL2146_bin24_obs10888_ccd7_bkg.pi,3dce6b470cce49f2e8f7a0cb863b6043e057e3eab16e10d5fe66f4d543b6bb5a,ABELL2146_bin24_obs10888_ccd7.arf,b25fca7df762e22526d0540d5a9e8ba72c6bb72e2fef471c2509c2afa4488798,ABELL2146_bin24_obs10888_ccd7.rmf,f1f4fece6f654d467027992c0afa7a8f55b5f0bea33d56060f3835d3085d1625,7119360,True
3961,ABELL2146,25,10888,7,ABELL2146_bin25_obs10888_ccd7,/home/henry/sigma-v19dr-ccd7-background/v100/completed/ABELL2146_bin25_obs10888_ccd7,f22890f7c8b3e6cf9548859a1cc1e424f6e1a01ed466a725b3160415be1e61a8,55,285,42,0.015882602,0.015882601999999926,ABELL2146_bin25_obs10888_ccd7.pi,25e3e50405b6618a55e8678409168164bfa8d85dd8f4c8f4c5ec5ff65ca4e7cc,ABELL2146_bin25_obs10888_ccd7_bkg.pi,880516e6adc89302b6de6d0d09fe1197bf4ea2bb3511c7f8fb807ab8a5a830f9,ABELL2146_bin25_obs10888_ccd7.arf,0b9e0b0d926e274582b6d4b1804b57ed9e79aa6be379728917a7301befd1c7cc,ABELL2146_bin25_obs10888_ccd7.rmf,2de9abcc86fb32917608bb480e42dcd9d22c358b8f2e687ab74646422045c850,7119360,True
3962,ABELL2146,26,10888,7,ABELL2146_bin26_obs10888_ccd7,/home/henry/sigma-v19dr-ccd7-background/v100/completed/ABELL2146_bin26_obs10888_ccd7,34a7f45b6396cf57f2803de6185525e3a88465fcddd6c68e1a9dcd729b8e61ec,52,333,43,0.015882602,0.015882601999999926,ABELL2146_bin26_obs10888_ccd7.pi,ff804dbea9363a4d6a3933e842032161993d76c6c939e960530c64eb04f3b004,ABELL2146_bin26_obs10888_ccd7_bkg.pi,8be8470cc1c60b0c1e84c730cf30afa21f8864c0c15442bea2c4292983bb37f9,ABELL2146_bin26_obs10888_ccd7.arf,1dffd2b266528f2aedc0674503b999b373e09537378fa706d303b9f979ead77f,ABELL2146_bin26_obs10888_ccd7.rmf,cbdd9770639699fa3497c695048705e253bb7e7ee1ace553dfa99cf96eff7473,7119360,True
3963,ABELL2146,27,10888,7,ABELL2146_bin27_obs10888_ccd7,/home/henry/sigma-v19dr-ccd7-background/v100/completed/ABELL2146_bin27_obs10888_ccd7,0bc2e4a17f9bd3906724bd48c195d07c255e4fbf816a9389babd08434b4096ba,35,307,50,0.015882602,0.015882601999999926,ABELL2146_bin27_obs10888_ccd7.pi,d389743c1b0f9bad0040f6cc3f4b7710819d075520c162d4547a305e335c9f03,ABELL2146_bin27_obs10888_ccd7_bkg.pi,303b2943799889f7bf4a5f19d668c76a92f46a02d780662407a1b0be50764628,ABELL2146_bin27_obs10888_ccd7.arf,dadae357e3973e2e28bd164c43b9593a96b066f47a9bc49af263813d3e9b1bc8,ABELL2146_bin27_obs10888_ccd7.rmf,51435a4ac5981738ee6fcee19dcc785ed19fc81eb52d2fa62133f553d01f9b40,7119360,True
3964,ABELL2146,28,10888,7,ABELL2146_bin28_obs10888_ccd7,/home/henry/sigma-v19dr-ccd7-background/v100/completed/ABELL2146_bin28_obs10888_ccd7,894e37da877b4660b2b4b1b8e5c7416494d572332329aef18efe790f69b6aaa8,39,309,37,0.015882602,0.015882601999999926,ABELL2146_bin28_obs10888_ccd7.pi,7170c8bed5ba834f538f82727bcbeaf2f14390362ab9872ac8db3a4e91db6213,ABELL2146_bin28_obs10888_ccd7_bkg.pi,3f43da90e0f1dc33d7b7782b02472b94056e129b5411b97389cc8ff873584fe4,ABELL2146_bin28_obs10888_ccd7.arf,97c48285307522215c70ebdd9acb3b8ead7d785e326c431413e15bab7d436765,ABELL2146_bin28_obs10888_ccd7.rmf,b5f98e0bf9cae4d7a0e61d0c9e3f737e087e764b5b71b6e9cd50bbb3fc722821,7119360,True
3965,ABELL2146,29,10888,7,ABELL2146_bin29_obs10888_ccd7,/home/henry/sigma-v19dr-ccd7-background/v100/completed/ABELL2146_bin29_obs10888_ccd7,674917d3f5174543117c4e3158dd574a748363d56a42b429f159840e124bddb3,50,308,35,0.015882602,0.015882601999999926,ABELL2146_bin29_obs10888_ccd7.pi,a9ad10bce3d3c1fe16edad4126c24d9e0d9dc71932d4923da2e972a4243cd665,ABELL2146_bin29_obs10888_ccd7_bkg.pi,4325919419724a4c66be1ce5e5007b535b0e7ed3b3653eca2a80e77c89aa9e91,ABELL2146_bin29_obs10888_ccd7.arf,84ef1e636ec672b0852c9ba3661f53bfb3fddd6dcd3e9efd2ca172f0a58fa196,ABELL2146_bin29_obs10888_ccd7.rmf,461a2e6f83d6d54c4e6717a7c0f66dc0889552fa08ee0aca3dad593afdae06a9,7119360,True
3966,ABELL2146,30,10888,7,ABELL2146_bin30_obs10888_ccd7,/home/henry/sigma-v19dr-ccd7-background/v100/completed/ABELL2146_bin30_obs10888_ccd7,8d1e26a6e31e1fa2fce0e0ccda12c2bf6ed8c9f853e11af90933e3c17bd5c66f,56,406,46,0.015882602,0.015882601999999926,ABELL2146_bin30_obs10888_ccd7.pi,2d14e529cd9b92ff67b9b7dbc68352f5470e444eec1fd461af2db4c0d7a814f9,ABELL2146_bin30_obs10888_ccd7_bkg.pi,ce25250fce38e969709db57823ef403d5ec69a7dd8503e70e638e58c32bf7816,ABELL2146_bin30_obs10888_ccd7.arf,ae221520fe10487fca5db1033fe7a41646b09bed67918c00733405476d12b2e8,ABELL2146_bin30_obs10888_ccd7.rmf,819f54f0285fe40060dc9dd6182ee937a3d5c2341399f300cbbe847be0ad1463,7119360,True
3967,ABELL2146,31,10888,7,ABELL2146_bin31_obs10888_ccd7,/home/henry/sigma-v19dr-ccd7-background/v100/completed/ABELL2146_bin31_obs10888_ccd7,cf1b8d0dd002a044b068ff9f54c2d8d208735e36d3941589b3e83e568fccfb0c,68,500,78,0.015882602,0.015882601999999926,ABELL2146_bin31_obs10888_ccd7.pi,2bec7f74ea94a0dbb3bdc2aaaa72060e70db2ed155d0129981b01f0b84a418b5,ABELL2146_bin31_obs10888_ccd7_bkg.pi,10b37964cf264a7217499a53ad81d15859843cc466f7877e89e1442212bdf060,ABELL2146_bin31_obs10888_ccd7.arf,17b39d0bed1baad848b65b63983cbabb3e1583504d7371a19a100e307341893c,ABELL2146_bin31_obs10888_ccd7.rmf,3e8456b409d12cf6d14276a3b11660a381279f291eea7e0ef9109f36b19c3b8f,7119360,True
3968,ABELL2146,32,10888,7,ABELL2146_bin32_obs10888_ccd7,/home/henry/sigma-v19dr-ccd7-background/v100/completed/ABELL2146_bin32_obs10888_ccd7,99cef0565f326e930cc799bfd47d9e6415c04f57961437d5a0f35063e4a967e1,152,499,64,0.015882602,0.015882601999999926,ABELL2146_bin32_obs10888_ccd7.pi,a4d54a0f47f134104543cf8ba7f4cbbe473aa3d1efaa2d09e7e687700df0fb3f,ABELL2146_bin32_obs10888_ccd7_bkg.pi,a9bb9110a99b324cebf9938d5608eb8366b1bd15641ba5af0c6105f051db8fff,ABELL2146_bin32_obs10888_ccd7.arf,2aa1b01f28e0606b8e494050ad404cc360f5f327a22988b02d4058d786b8cd81,ABELL2146_bin32_obs10888_ccd7.rmf,d5104a2d886d42a642e215fda085ac4646fe2fbcdfd0f669959ee9879cb293f9,7119360,True
3969,ABELL2146,33,10888,7,ABELL2146_bin33_obs10888_ccd7,/home/henry/sigma-v19dr-ccd7-background/v100/completed/ABELL2146_bin33_obs10888_ccd7,f286029a9c86f07a0db8e96b4b4957eabbee58bcbed764180fe75c7cf3049b88,45,356,47,0.015882602,0.015882601999999926,ABELL2146_bin33_obs10888_ccd7.pi,51931aae0aa525796412f723471e71b6be45f2e8d4ca71b7d3070d3f6655a2a0,ABELL2146_bin33_obs10888_ccd7_bkg.pi,c79a34f548909947d0ff785c2250fbe11e69701294746fae977acc2196e478ad,ABELL2146_bin33_obs10888_ccd7.arf,a4e730eaf2e681aa2d5e91a6e7975080a3e0947aa22fefc5ac24b117503e4098,ABELL2146_bin33_obs10888_ccd7.rmf,0b1d49b919ae0eee2dde76432f76a428bd41d9c69c7809c2e84f1e8ffe0ff604,7119360,True
3970,ABELL2146,34,10888,7,ABELL2146_bin34_obs10888_ccd7,/home/henry/sigma-v19dr-ccd7-background/v100/completed/ABELL2146_bin34_obs10888_ccd7,102812de905738c68e1deb879cbd4bdee2c2a190e2d65920dc47466592e19674,31,398,50,0.015882602,0.015882601999999926,ABELL2146_bin34_obs10888_ccd7.pi,ba921bd3d044a4447be6bd596f31ce757e0932cb21e9228b37796bc3913f0a11,ABELL2146_bin34_obs10888_ccd7_bkg.pi,3403118755546f7191efecfac605a0acef91905abb0aec76b43b3611bb4c2055,ABELL2146_bin34_obs10888_ccd7.arf,f43cebd6bec649ad8cbb09a08ae167a14ccf48a076afe70510e5bfa8f4f4614f,ABELL2146_bin34_obs10888_ccd7.rmf,b8bdd836580485550e38c1e1ae806c176b78b0137b7501cb015dd573f931fbf6,7119360,True
3971,ABELL2146,35,10888,7,ABELL2146_bin35_obs10888_ccd7,/home/henry/sigma-v19dr-ccd7-background/v100/completed/ABELL2146_bin35_obs10888_ccd7,7931ae9907d3b988ce4c10f8d338ae62bbbe3b78e3f3eda0806321708bdff85f,40,482,83,0.015882602,0.015882601999999926,ABELL2146_bin35_obs10888_ccd7.pi,41e64e6ff4129ca5041eaa010c9501a416830a7ca7ec16445a1a78b72bfdf54a,ABELL2146_bin35_obs10888_ccd7_bkg.pi,b7aeaf0da452faa875692a649ccbd9f5f98d36b739dc8029cfe7d4cac67ad74d,ABELL2146_bin35_obs10888_ccd7.arf,fc91a0680eec84556968b51714e42c0888065adf08e37d61093e8a912c1e2924,ABELL2146_bin35_obs10888_ccd7.rmf,4e3c07cafb967cb6b8a14de6493ecb21a40f0bd3d5cda2415bc5e51bf9c5118f,7119360,True
3972,ABELL2146,36,10888,7,ABELL2146_bin36_obs10888_ccd7,/home/henry/sigma-v19dr-ccd7-background/v100/completed/ABELL2146_bin36_obs10888_ccd7,18dd52c9388e17a8d643503b1c0a426d126b59ec50ed7499203b33fe6be4f693,38,396,48,0.015882602,0.015882601999999926,ABELL2146_bin36_obs10888_ccd7.pi,1380893e9844a66e46fe2effa8c9d6b2c1be4d97de7786eb5aed78921f1329aa,ABELL2146_bin36_obs10888_ccd7_bkg.pi,e697b7baa86e3e26cb39b36555198f0df872f09003011ea2970e6747d232f0a8,ABELL2146_bin36_obs10888_ccd7.arf,b05c94c257ed6885e55c277454906a62a5406fd6468fb834a8029a9958224288,ABELL2146_bin36_obs10888_ccd7.rmf,ec14925627c515da15936021756fe886d961410d0c799564b029cef9939ac237,7119360,True
3973,ABELL2146,37,10888,7,ABELL2146_bin37_obs10888_ccd7,/home/henry/sigma-v19dr-ccd7-background/v100/completed/ABELL2146_bin37_obs10888_ccd7,bba29ced92a69a36550193d8515b7990232c6e06cefc908f47845cbcaa0835f7,30,317,29,0.015882602,0.015882601999999926,ABELL2146_bin37_obs10888_ccd7.pi,3c91dd12b2ccb7e20174636aa613a4bcf84a3935f0d7b58bf4a44f14771f5e6b,ABELL2146_bin37_obs10888_ccd7_bkg.pi,df10e9e7288ce9990f359bea183fc64abaa4215120961fb87828423e93f61f09,ABELL2146_bin37_obs10888_ccd7.arf,2056163b74336e49aae01ffac8e1f97402324b093f56d4878599ad1fb6487245,ABELL2146_bin37_obs10888_ccd7.rmf,9b8df1e094de6f59e8c8a84c2f61c3809a527ceed34931d4f09f5786424856db,7119360,True
3974,ABELL2146,39,10888,7,ABELL2146_bin39_obs10888_ccd7,/home/henry/sigma-v19dr-ccd7-background/v100/completed/ABELL2146_bin39_obs10888_ccd7,294e2d0addde642b45fe6235a2f88429b97e8e3b5d0f36454902e13275be09f9,45,402,53,0.015882602,0.015882601999999926,ABELL2146_bin39_obs10888_ccd7.pi,3c0df45f758cc9274b4c5a8a4e0e3a38a8c98e3254e301f5a7e2eb99e878b7d9,ABELL2146_bin39_obs10888_ccd7_bkg.pi,dc4e81a404fc751c353d42902e0c763ecb357864ac918c1614d6bca7682f7a20,ABELL2146_bin39_obs10888_ccd7.arf,c2e76ac8e4bf04b1db69a0fbf394ccc887c57876aa66924f23d4f6f03e9fa376,ABELL2146_bin39_obs10888_ccd7.rmf,9b797becb3e063eb1a5f299ceaf471094dfc197d18a442719ba2940a47a61d05,7119360,True
3975,ABELL2146,40,10888,7,ABELL2146_bin40_obs10888_ccd7,/home/henry/sigma-v19dr-ccd7-background/v100/completed/ABELL2146_bin40_obs10888_ccd7,d17df251678672d3237255bbcafb5b1fa993b6ee8292ddbbf01c46499eaad2d4,46,440,43,0.015882602,0.015882601999999926,ABELL2146_bin40_obs10888_ccd7.pi,be99ac18de289e6f652ceeea4f7ef9f404ed4a7234194d582c983566fbda696a,ABELL2146_bin40_obs10888_ccd7_bkg.pi,731b9630aa48d9d168afcadf78e2e104d5806a988f713fadcdb11a73f5b1025c,ABELL2146_bin40_obs10888_ccd7.arf,74f4b6346ab11da938bf9ae743716b079b93c164349c6a52c4411d4bebab1a86,ABELL2146_bin40_obs10888_ccd7.rmf,a1fba82a39fcbfc5a8abd5738e0b6e938bd67cceb784b071d58f77fa7ebab419,7119360,True
3976,ABELL2146,42,10888,7,ABELL2146_bin42_obs10888_ccd7,/home/henry/sigma-v19dr-ccd7-background/v100/completed/ABELL2146_bin42_obs10888_ccd7,5f32dad37fcc5fc425b1b09f5c5170859a28ec016e3115c9442fd560b0246f75,56,6729,948,0.015882602,0.015882601999999926,ABELL2146_bin42_obs10888_ccd7.pi,52060023979922686d33d4cfa16d9fa2c03a5ed2439bf21940b7f29b3dcc0ec9,ABELL2146_bin42_obs10888_ccd7_bkg.pi,e3609ee2c49a37036b4f5565bdf85c6bd396f0e6cdcb41c8b1a8f7daa9efddb7,ABELL2146_bin42_obs10888_ccd7.arf,b37750bdb93647b9a61f6bcb6bbcb5d7250cfda7b648408891a073ca5628b636,ABELL2146_bin42_obs10888_ccd7.rmf,df3118308d5ca9b2d69915ee8414be40d37d770386a0b97d479b5d9bbf03737e,7116480,True
3977,ABELL2146,43,10888,7,ABELL2146_bin43_obs10888_ccd7,/home/henry/sigma-v19dr-ccd7-background/v100/completed/ABELL2146_bin43_obs10888_ccd7,4dc4b4e42fb04dffe15170ba92e3412ddfe8307e9f92dc790f68dc7d69326f17,40,381,54,0.015882602,0.015882601999999926,ABELL2146_bin43_obs10888_ccd7.pi,f73e2c047e8a993ae804bd9ee88cddf5139573c955e3f1e41bb060f2e5859dd5,ABELL2146_bin43_obs10888_ccd7_bkg.pi,55bdc8061812f7fe34dd8c8f7feda4a9b607ca1a93b2d2a58c68f4d16580f0ce,ABELL2146_bin43_obs10888_ccd7.arf,a64f4d4ad0ef2ae9f0436fb1f72c8719f09850ca1d0a2f79dfb2cfe87f46c327,ABELL2146_bin43_obs10888_ccd7.rmf,4d6a81e0bb265b7acce819b41bdddc5b5f50756a3d68d23072bb0f31eb692201,7119360,True
3978,ABELL2146,44,10888,7,ABELL2146_bin44_obs10888_ccd7,/home/henry/sigma-v19dr-ccd7-background/v100/completed/ABELL2146_bin44_obs10888_ccd7,8da5f221ac0afc1bc649b0a1f28cbbf58206758739a65041f3287ae4683374b7,22,408,63,0.015882602,0.015882601999999926,ABELL2146_bin44_obs10888_ccd7.pi,88c9621836c25299eb3508a34b3aa49260e60b2698835fcba1dcdf496a60f6de,ABELL2146_bin44_obs10888_ccd7_bkg.pi,00b41e204eedeeb698f35c6614c7128933d1ccbe05059b82ccf23613cf2bd0c0,ABELL2146_bin44_obs10888_ccd7.arf,3aaf5d05f5128712a03cd22bf039c0a37f89ab2b311928b4b753be203b05da8c,ABELL2146_bin44_obs10888_ccd7.rmf,9f232df24d652b39295152f8d8a40ffaa5fa5d72dd08521f0b42a2bf292de7e1,7119360,True
3979,ABELL2146,45,10888,7,ABELL2146_bin45_obs10888_ccd7,/home/henry/sigma-v19dr-ccd7-background/v100/completed/ABELL2146_bin45_obs10888_ccd7,1a78ff5efcbda272bf8e92a1a14a170ef4a3a670d4bdfb6db74fbb32b08d274d,32,419,50,0.015882602,0.015882601999999926,ABELL2146_bin45_obs10888_ccd7.pi,6c57286cfe48e2f83f4899eeba8fd37712737f0c91523171db1711bc748ac426,ABELL2146_bin45_obs10888_ccd7_bkg.pi,b3354ad59d78664dcd5ec318cc7dc4d76ebd9805c0502d384d38ebf7f449dab9,ABELL2146_bin45_obs10888_ccd7.arf,d6d3adbf486d09b655fbfbda1fcb162cd5338e52bb491ed7b0d9819bde60c0b2,ABELL2146_bin45_obs10888_ccd7.rmf,3f7d06a7af3ea1adeb6699a193103f0069e40fa2bdc4c6e96a1366022411968a,7119360,True
3980,ABELL2146,47,10888,7,ABELL2146_bin47_obs10888_ccd7,/home/henry/sigma-v19dr-ccd7-background/v100/completed/ABELL2146_bin47_obs10888_ccd7,077d3fea0ff836d4433b2138f620913536d5775999e5d8fdb8d471876229ccbe,36,406,46,0.015882602,0.015882601999999926,ABELL2146_bin47_obs10888_ccd7.pi,1016ff89bc332bc66942e5898d33176207e10ec6027dcc10fb5771733d276a51,ABELL2146_bin47_obs10888_ccd7_bkg.pi,d8d2e2cee25b29eef8cc652678742e31adf231751b39fae9aa47220ef7e9bf20,ABELL2146_bin47_obs10888_ccd7.arf,326fd619035201005b1322fa9e2bb3cd978dfd212881c2349d6fea34f352229c,ABELL2146_bin47_obs10888_ccd7.rmf,b1614c315fc5a984f6ab0f889d111c3ed773eacd76420f4061a51c41c9a28a48,7119360,True
3981,ABELL2146,49,10888,7,ABELL2146_bin49_obs10888_ccd7,/home/henry/sigma-v19dr-ccd7-background/v100/completed/ABELL2146_bin49_obs10888_ccd7,e2b6c01c6a82d5d5f6641aa4e657fb4e90a4bbab5c33a553c0a786bcdef2be7c,64,5305,797,0.015882602,0.015882601999999926,ABELL2146_bin49_obs10888_ccd7.pi,4edb0d2da18f7f0fa19124991a82e0a387c3e8ff15220dc0f131a8f70a76794d,ABELL2146_bin49_obs10888_ccd7_bkg.pi,60fce839e5aef176707a66720841d2c1fd6b59a2d913e87e2f5130d64bc2756d,ABELL2146_bin49_obs10888_ccd7.arf,19ddf5f4b79713e20eac8419e2f8055b7934ce715a83cb07c46d2087947e94ab,ABELL2146_bin49_obs10888_ccd7.rmf,2367ba8853e73ffbdca817299136bbba19190214645e5f07a2b91e82166597c8,7116480,True
3982,ABELL2146,50,10888,7,ABELL2146_bin50_obs10888_ccd7,/home/henry/sigma-v19dr-ccd7-background/v100/completed/ABELL2146_bin50_obs10888_ccd7,4a11c5cf09cb3e702d893ea23bb033d47c7243815e40a331b9d6d376ca3913e6,39,539,62,0.015882602,0.01588260199999993,ABELL2146_bin50_obs10888_ccd7.pi,144c287d8eeedc3f8b52cad7b530c814f5de1b6b02b07458a17892c4c7d0ed7d,ABELL2146_bin50_obs10888_ccd7_bkg.pi,1eb0d6bae454fa8da0c2f6a3746613d37e075fe58c50d204c12a4ca6c913a8ca,ABELL2146_bin50_obs10888_ccd7.arf,4b4b01ffa706aa37476962d64db4acdebcc7ebf9a982495d9c7f50dd2d1829f8,ABELL2146_bin50_obs10888_ccd7.rmf,f66ed00fc4d70627123bcad2d28a440d07ac3ef53535723c767870f6edf31186,7119360,True
3983,ABELL2146,51,10888,7,ABELL2146_bin51_obs10888_ccd7,/home/henry/sigma-v19dr-ccd7-background/v100/completed/ABELL2146_bin51_obs10888_ccd7,1dba941bbfc80cb07c98dc917b27e2ad0f526fcfcdec52915399d7929edc96ce,30,517,76,0.015882602,0.015882601999999926,ABELL2146_bin51_obs10888_ccd7.pi,7a345599300795aecf1547852066d12f8e601476c279735f93aa7c3c4ca930b0,ABELL2146_bin51_obs10888_ccd7_bkg.pi,d826637ba6d1f7160817488242a165fc953de351e83958d6d1f61a5f325f2206,ABELL2146_bin51_obs10888_ccd7.arf,51d3f3a188685661150f424c7d4890202cfdd26d45c04ce90f0019475114c62f,ABELL2146_bin51_obs10888_ccd7.rmf,4b7f70b2b32a091e31ca14593b8b0821c02ab7ce91abb8009d1fe9d0d69b2bbc,7116480,True
3984,ABELL2146,52,10888,7,ABELL2146_bin52_obs10888_ccd7,/home/henry/sigma-v19dr-ccd7-background/v100/completed/ABELL2146_bin52_obs10888_ccd7,fa5643cb8565f5d85ff2ee8f1bbbab768d70d3f8059dbb9143132336f1d65746,37,453,57,0.015882602,0.015882601999999926,ABELL2146_bin52_obs10888_ccd7.pi,e9823fb545bf9b55c93a1f25839418c392588bde0c502fa9077c09a7f3fb1159,ABELL2146_bin52_obs10888_ccd7_bkg.pi,3b0848fce78dc7e2a4313ce5ce1987cefbc4ace755800e3d56a4cdfcae6627f5,ABELL2146_bin52_obs10888_ccd7.arf,cdb352220f21201d8704b81f8c94525de78074b9a4060003c5876ee387716669,ABELL2146_bin52_obs10888_ccd7.rmf,59cf898e7b1ac80600da21f6c904a240458b4e60ccc359c1fd37da7cf6965df2,7119360,True
3985,ABELL2146,53,10888,7,ABELL2146_bin53_obs10888_ccd7,/home/henry/sigma-v19dr-ccd7-background/v100/completed/ABELL2146_bin53_obs10888_ccd7,c97d6b350ee3e4e8ec44f7cc05207076b42ca648107684b95e46ab62b4e1bd3e,42,535,79,0.015882602,0.01588260199999993,ABELL2146_bin53_obs10888_ccd7.pi,f2cc137d20b458eb30be4126c16bbfb1b71b25cd85a2b58c5c5cab3f16256759,ABELL2146_bin53_obs10888_ccd7_bkg.pi,f55dc8d752a96f7205e7b14d9c9ffeabe9eb4b921004c164285b18e82c1c88d6,ABELL2146_bin53_obs10888_ccd7.arf,6dac474a1623222617d7f111cfc6b265aeac95cdfac0a17a644652c15051459a,ABELL2146_bin53_obs10888_ccd7.rmf,38e3a818fbe5b27e9f4901955662ad9613cf24413153b922f60dd4835108308b,7119360,True
3986,ABELL2146,54,10888,7,ABELL2146_bin54_obs10888_ccd7,/home/henry/sigma-v19dr-ccd7-background/v100/completed/ABELL2146_bin54_obs10888_ccd7,b86325864596bb15c675e3e4cddb2a3614a6cba1f82eb1773916e52d2540b995,46,718,92,0.015882602,0.015882601999999926,ABELL2146_bin54_obs10888_ccd7.pi,a1177834806316687c955498230487e19a0affecca38a9c513752409399fd656,ABELL2146_bin54_obs10888_ccd7_bkg.pi,22aea17f62ed1857146062a4262e80df313c9d7ac53ebd4bc92810d8d8b850e2,ABELL2146_bin54_obs10888_ccd7.arf,b9e9f7c7c4a05cb18b0e75b6859586b0d89f3a87925cc4624493233006f66a20,ABELL2146_bin54_obs10888_ccd7.rmf,42d8d850b6e39e33b534a802ff6a15fc72090ade120b4a826a76ca03c40b590a,7119360,True
3987,ABELL2146,55,10888,7,ABELL2146_bin55_obs10888_ccd7,/home/henry/sigma-v19dr-ccd7-background/v100/completed/ABELL2146_bin55_obs10888_ccd7,a4f6343d932987971bc4688b95626f0ab51538051c74a30b13def50852f6eeb4,36,539,77,0.015882602,0.015882601999999926,ABELL2146_bin55_obs10888_ccd7.pi,7c62f1f292060d276acd67a119272a4b0f9d533795a170f93ef745dda06d4b93,ABELL2146_bin55_obs10888_ccd7_bkg.pi,3e919faa676e258835488244b9d35e21e3f72179c8048f6a391fc64e9999b88d,ABELL2146_bin55_obs10888_ccd7.arf,33cc70517b2f950f5c3e4783b63cc0fd53bb2b439c7f3060293b877d666a6f28,ABELL2146_bin55_obs10888_ccd7.rmf,70bdafa5445709b2303b8777a5dddab14a88d127462b1f154cd03746c50158a9,7119360,True
3988,ABELL2146,56,10888,7,ABELL2146_bin56_obs10888_ccd7,/home/henry/sigma-v19dr-ccd7-background/v100/completed/ABELL2146_bin56_obs10888_ccd7,2607acf36fcfe0214ed549df9fbb5d2fac4679172102c836ac89fa59cfb8ecc7,39,524,72,0.015882602,0.015882601999999926,ABELL2146_bin56_obs10888_ccd7.pi,efc5ed091cfcb8771db4b3e2274b02d78853967665f52a450b86ff6ec38581e7,ABELL2146_bin56_obs10888_ccd7_bkg.pi,5916bc25cc0937891c48db8172583bad386568be7811027bfaf480dfaea7cb68,ABELL2146_bin56_obs10888_ccd7.arf,88f5ae4ea26944f9a2c581e769526e409f000ade9ae588c6a3e6c3325481c3c9,ABELL2146_bin56_obs10888_ccd7.rmf,1a066cd4fcfe69aa83ca84ca7c99c2a7f1eda90635ee829af450013016aa16b3,7119360,True
3989,ABELL2146,57,10888,7,ABELL2146_bin57_obs10888_ccd7,/home/henry/sigma-v19dr-ccd7-background/v100/completed/ABELL2146_bin57_obs10888_ccd7,7b1179ce2196bd5d96058ec87ee6d8b80cfbfab9df45664fffd65987fe4230d9,48,560,56,0.015882602,0.015882601999999926,ABELL2146_bin57_obs10888_ccd7.pi,af686bf49db8b6f29bbec05a252153977920dc9611ac3d0e975cb0fc74a6df58,ABELL2146_bin57_obs10888_ccd7_bkg.pi,7af5b57d8a51b73a5d324d573cc6e1bf43d018640d270ab27ebf383f6161c43c,ABELL2146_bin57_obs10888_ccd7.arf,52c009c256c86d74c1277875e5f3ea33b7e9cb9e0aaa90d89006b8a17b914471,ABELL2146_bin57_obs10888_ccd7.rmf,60b47a0e11e69784689de73c2a4c41e1830395f6411857f7e6485045eae34dda,7119360,True
3990,ABELL2146,59,10888,7,ABELL2146_bin59_obs10888_ccd7,/home/henry/sigma-v19dr-ccd7-background/v100/completed/ABELL2146_bin59_obs10888_ccd7,92c83d1da2fb6666c897d533a54934a40773886deb4c973df70c70073ed2e16c,40,583,70,0.015882602,0.015882601999999926,ABELL2146_bin59_obs10888_ccd7.pi,d933587208be182d7f9ec162e29fb6b9d9046d97e4c93272b8b24d3d8d57c215,ABELL2146_bin59_obs10888_ccd7_bkg.pi,76b4f0b82ceb727d151ed79be73f3467e4e79cba09f2240ce4bb4c8606cb31af,ABELL2146_bin59_obs10888_ccd7.arf,9be5c6cdcf63714b0b7146de2967b437f0bd2ec07e59a27abf7d3c512f0550db,ABELL2146_bin59_obs10888_ccd7.rmf,1f7220bc6674285d16edd68291606af1aab0440e12fce11267d54a91e41bc62c,7116480,True
3991,ABELL2146,60,10888,7,ABELL2146_bin60_obs10888_ccd7,/home/henry/sigma-v19dr-ccd7-background/v100/completed/ABELL2146_bin60_obs10888_ccd7,033fd861318a2dff6f5e4b7d1acb809dfe5259a2cc491c97507a8b6a727cb09e,29,570,76,0.015882602,0.015882601999999926,ABELL2146_bin60_obs10888_ccd7.pi,74979172d7b5b88b3b3102e94b9b86e1e190cdbe79cfb9dcc594a1d6eec32489,ABELL2146_bin60_obs10888_ccd7_bkg.pi,593c07fde7c2d824e382ae3f21c0a9555e7bf96214f4e6734a004af08325508b,ABELL2146_bin60_obs10888_ccd7.arf,3559fd963e7763f204a445a9bbe1882cb03ce845ade0649f34071873d4bebd5b,ABELL2146_bin60_obs10888_ccd7.rmf,83cbff01abb6ba46af26a7ff9bb926fba9c421f8a1de63795bc9624610bc4b7c,7119360,True
3992,ABELL2146,61,10888,7,ABELL2146_bin61_obs10888_ccd7,/home/henry/sigma-v19dr-ccd7-background/v100/completed/ABELL2146_bin61_obs10888_ccd7,e442c76bc996ea43823a906bf170a7c086eac641ea0041651642673dd4e20b4c,37,558,86,0.015882602,0.015882601999999926,ABELL2146_bin61_obs10888_ccd7.pi,6127ce5e8871704f3d3c24d60f9ac73852a656aa76d07ded4e4a98877d73f5e7,ABELL2146_bin61_obs10888_ccd7_bkg.pi,95d85b23bc797e66c19e9f4c4518d2708acf1d0743da495a5226cfbe0d6941e5,ABELL2146_bin61_obs10888_ccd7.arf,edc400dc0d714b7ade8e1770ab3cc977b7840d792af7b16caaea55db7253f017,ABELL2146_bin61_obs10888_ccd7.rmf,bece6b4e77e9f55b7bdaae27b4902dfb7b890af2d4d5a6e2c3c8f765f38936cd,7119360,True
3993,ABELL2146,62,10888,7,ABELL2146_bin62_obs10888_ccd7,/home/henry/sigma-v19dr-ccd7-background/v100/completed/ABELL2146_bin62_obs10888_ccd7,57ec1e905d1f2373c879c3e5b829b9c26b601012ccf777cd2742becedc44394f,84,9509,1204,0.015882602,0.015882601999999926,ABELL2146_bin62_obs10888_ccd7.pi,c4de7d9c577ddcd44374286a04c343f02bb79f512c49524117c4a355d87e778a,ABELL2146_bin62_obs10888_ccd7_bkg.pi,73cd92edf5c9df76d8a88fed011c80785fef75df5adb34c2103b4233a3c3c38c,ABELL2146_bin62_obs10888_ccd7.arf,f0bfa57de817cf86f0969c9049b7e3a95a900908570eb7ea1f86ae278493a93a,ABELL2146_bin62_obs10888_ccd7.rmf,143b2e0690c6af92b169bbf675208fba26041851bb7c0e2b9466bbf46b36e72d,7119360,True
3994,ABELL2146,63,10888,7,ABELL2146_bin63_obs10888_ccd7,/home/henry/sigma-v19dr-ccd7-background/v100/completed/ABELL2146_bin63_obs10888_ccd7,1bcd748eed41bf9e10971247013b31e0d0d4f031f7935f04de364bd4dbef542c,81,603,79,0.015882602,0.015882601999999926,ABELL2146_bin63_obs10888_ccd7.pi,0951fd01e23159f6dd9acaead3891b78a1c0f384e4697cc197a64ac06dbbd613,ABELL2146_bin63_obs10888_ccd7_bkg.pi,e2adf320515491b0960118e8c5401d42023359639784629e7214577752d90c2d,ABELL2146_bin63_obs10888_ccd7.arf,f69682eacd7390256de5b2d2dcf365a867a3bc81b1f442325a4ff52ac86f192d,ABELL2146_bin63_obs10888_ccd7.rmf,b39c61e4ef1fa06a4a4e692bd151b40dd54f540baf787be7a57e9aec265049f0,7119360,True
3995,ABELL2146,64,10888,7,ABELL2146_bin64_obs10888_ccd7,/home/henry/sigma-v19dr-ccd7-background/v100/completed/ABELL2146_bin64_obs10888_ccd7,9a2582de46054ccaaf9ac95b69f971f37dafaa4e425634cd0925cf2014e54178,28,611,87,0.015882602,0.015882601999999926,ABELL2146_bin64_obs10888_ccd7.pi,f08e1545e1ab37c7bf2e75d542952d0c09c5275b5e41ebfa07224e93d99bc424,ABELL2146_bin64_obs10888_ccd7_bkg.pi,5c9a798264aa8576d5fef6a4d5977496163bfcbe813c1ec19b9f2b492d7265a8,ABELL2146_bin64_obs10888_ccd7.arf,f9b9c11e9e4f219531c350e5fc969cf9b9a783508abdd29db259eda30dc43063,ABELL2146_bin64_obs10888_ccd7.rmf,4ef3558cb358a7cd35c8f61c16973c8d29513ca6380ea81e4a5a8dc7db2d37df,7116480,True
3996,ABELL2146,65,10888,7,ABELL2146_bin65_obs10888_ccd7,/home/henry/sigma-v19dr-ccd7-background/v100/completed/ABELL2146_bin65_obs10888_ccd7,699d1c8dd61474722158892021b83f637777e06c937babb1d33f6b11bb40ee98,103,877,102,0.015882602,0.015882601999999926,ABELL2146_bin65_obs10888_ccd7.pi,abebec2ec5dfb7ae1a784596038113d3e164c6bba9369a11058d2063d142c051,ABELL2146_bin65_obs10888_ccd7_bkg.pi,a0b25e0f4acfa022740d65738579147e9e37ec937cda52ad122d26b452b2fcbe,ABELL2146_bin65_obs10888_ccd7.arf,2669f0669884e62a975fe2249cecbf0c52a15f72e6db377c173844b85d66a76e,ABELL2146_bin65_obs10888_ccd7.rmf,596cb1d638ba9c7cae24363046106c0a1b080ef3ff9b966b330a18bb8981935e,7119360,True
3997,ABELL2146,66,10888,7,ABELL2146_bin66_obs10888_ccd7,/home/henry/sigma-v19dr-ccd7-background/v100/completed/ABELL2146_bin66_obs10888_ccd7,2f310b83030a325de6e6ba72148d9cc14755ae47bfeb387eba28c59f45020d35,41,657,80,0.015882602,0.015882601999999926,ABELL2146_bin66_obs10888_ccd7.pi,dc5580dfe294fa2ba2f16389a14df6f7816c390769a358322594544923b3fea3,ABELL2146_bin66_obs10888_ccd7_bkg.pi,a7e1c975263bfa133ebcc4d106897355ff643664ea51eb1b6c354b6a908c08d0,ABELL2146_bin66_obs10888_ccd7.arf,5d67c60d82463fbf1ffd0b854c0ce9b89c82fd814d1c91e214e82d0edf3a9986,ABELL2146_bin66_obs10888_ccd7.rmf,172adb00dc955ff0580cab847406bb6ead60ef705edde8ce0a568d0562b24bc5,7119360,True
3998,ABELL2146,67,10888,7,ABELL2146_bin67_obs10888_ccd7,/home/henry/sigma-v19dr-ccd7-background/v100/completed/ABELL2146_bin67_obs10888_ccd7,e927be55e709569f1f9223e99456dcef0f93fc021d66e89c536b519b6f14e5a4,51,6431,787,0.015882602,0.015882601999999926,ABELL2146_bin67_obs10888_ccd7.pi,3be87a4817b6f33d125c9bd61e9d4e6472a229226df773ad349749d07cc94a00,ABELL2146_bin67_obs10888_ccd7_bkg.pi,a57a71da1fb57a3e43776c6eaea9f4c5475e657fbf7ae17ece0068f767f504d6,ABELL2146_bin67_obs10888_ccd7.arf,898d3fdf36b5db7d3877dbe2804a36db6c72efbc9a9520a17d5a17a4aa3969c1,ABELL2146_bin67_obs10888_ccd7.rmf,dbd098c2c63c0d63631797f6bc54c9fb28b6853ddb9441d6e89e973453cbca9b,7119360,True
3999,ABELL2146,68,10888,7,ABELL2146_bin68_obs10888_ccd7,/home/henry/sigma-v19dr-ccd7-background/v100/completed/ABELL2146_bin68_obs10888_ccd7,85c178b9e3cd657ad1c60e51a7e54108944ee2c8120d9709569b31b648372563,60,5139,680,0.015882602,0.015882601999999926,ABELL2146_bin68_obs10888_ccd7.pi,eec3d2283a0605244d9e79c29d244c7044a7dd6646b4fcca2121692870646d77,ABELL2146_bin68_obs10888_ccd7_bkg.pi,08984eb39473c5a2cb7dcb7619e8d42b1a8c8cad0097600b9e8c0ff3b0f9104d,ABELL2146_bin68_obs10888_ccd7.arf,e1ec274c9d904be208f0153945b68db77697dc61ee321ebf5bd66e369a1a26a5,ABELL2146_bin68_obs10888_ccd7.rmf,2802751d6b2cd2cbef26832cffaae1dccc6557fdc1ea1cc5419edd28fb2a7a30,7116480,True
4000,ABELL2146,69,10888,7,ABELL2146_bin69_obs10888_ccd7,/home/henry/sigma-v19dr-ccd7-background/v100/completed/ABELL2146_bin69_obs10888_ccd7,8cb00d5330671ac44a63411d77cc493f89d2d44520f255ab5994e331962208c8,47,5181,641,0.015882602,0.015882601999999926,ABELL2146_bin69_obs10888_ccd7.pi,faafdc7fa4e517de47ef4f62a903cd8c9fa9fb4494cd42881c91f861fd77b5bc,ABELL2146_bin69_obs10888_ccd7_bkg.pi,9eb3df28adfd4e909c142b9bea1b7de24a2cb832437450d0c5d9d631cdb9ce6e,ABELL2146_bin69_obs10888_ccd7.arf,6770269ced7725d63702a12bfa2c83bada1c8f3752cdd5dda30fd8813f5c537f,ABELL2146_bin69_obs10888_ccd7.rmf,4ca62ae3c0b7015a66cbb9cf02615a5d144af2ce48895ec4547e89367d7db827,7119360,True
4001,ABELL2146,70,10888,7,ABELL2146_bin70_obs10888_ccd7,/home/henry/sigma-v19dr-ccd7-background/v100/completed/ABELL2146_bin70_obs10888_ccd7,7fcd99e9bfbcd49a62872d77e7dfadb0869b79f08cb8f2333459e90be041cf03,43,638,89,0.015882602,0.015882601999999926,ABELL2146_bin70_obs10888_ccd7.pi,fa4513192f853a0e651f5169103e020e49c27cdcc2f35dc80264b57aa65b97de,ABELL2146_bin70_obs10888_ccd7_bkg.pi,ee9661680258006aab5348b350c70c0cfb505b93477a72cf915c980d8894490f,ABELL2146_bin70_obs10888_ccd7.arf,c0c34a2b55ecf0b48083812aab8be74228518943bcae253eb09dd1ffb20feda6,ABELL2146_bin70_obs10888_ccd7.rmf,accfe70d91fcc245959717a705fdebaea34b37d91d1c05371045c508b30099c1,7116480,True
4002,ABELL2146,71,10888,7,ABELL2146_bin71_obs10888_ccd7,/home/henry/sigma-v19dr-ccd7-background/v100/completed/ABELL2146_bin71_obs10888_ccd7,21db18d20519808087cec2b44e9ca7835186539f6db07414cf0f7ebdc97f7ee4,38,667,104,0.015882602,0.015882601999999926,ABELL2146_bin71_obs10888_ccd7.pi,ec13af870b7ba2581969cfa3bc7df112f2d570001050b7bb12602f5b103feb94,ABELL2146_bin71_obs10888_ccd7_bkg.pi,75de3262505c52ed977ae2132bb8a4c2705c891919251403f8130a98c2606de8,ABELL2146_bin71_obs10888_ccd7.arf,d3c90f93c3d76a1f46ec4447c5a4f04b082617363cc3e05227817ed595ca25ea,ABELL2146_bin71_obs10888_ccd7.rmf,ed8e76d6f9bb009cdfd6ac52b8d4383e9b9bcfd7ad740c24e984f8579509c406,7116480,True
4003,ABELL2146,72,10888,7,ABELL2146_bin72_obs10888_ccd7,/home/henry/sigma-v19dr-ccd7-background/v100/completed/ABELL2146_bin72_obs10888_ccd7,2a0adc72f5b2f3d983e48067553f0728a197c78727c2927c0d649141d5519fee,31,612,87,0.015882602,0.015882601999999926,ABELL2146_bin72_obs10888_ccd7.pi,136755c8f02b613eff4f0f382aa0146bbf56e9fc82baef7e85ce4d72b71eef9a,ABELL2146_bin72_obs10888_ccd7_bkg.pi,3bcb85d2681bc682d694f5c685eccf19a3097f833f8d25fa0d69d532a19c653b,ABELL2146_bin72_obs10888_ccd7.arf,720667c10b90cc5eaf7b1e2cb871f412f3c3ae9d1b39be151ec839d2d105eeb7,ABELL2146_bin72_obs10888_ccd7.rmf,902cae3e93d39296e60ab9a3c0fda59b068c2e250635c18add16f2dfc8082471,7119360,True
4004,ABELL2146,73,10888,7,ABELL2146_bin73_obs10888_ccd7,/home/henry/sigma-v19dr-ccd7-background/v100/completed/ABELL2146_bin73_obs10888_ccd7,8d0806db867e9674d9406eeaa2bef893cef8a308ff95ad31f112721af476b035,45,794,95,0.015882602,0.015882601999999926,ABELL2146_bin73_obs10888_ccd7.pi,0b79b2707d8ff065ae8fa8518106f05f78094c0b8933276a3c0cd8ceb3773e0a,ABELL2146_bin73_obs10888_ccd7_bkg.pi,3032d82e130762eb26174bc3ac1339e645ff85b3b5348634f7bd895e1ff268df,ABELL2146_bin73_obs10888_ccd7.arf,9f8a807d25a47bbd20d25d5cb2bee2c2497ba8e17de5fbe0c01aea177b3701ad,ABELL2146_bin73_obs10888_ccd7.rmf,f6ce539d9a7faf4962e644a6974d915116fc157f7661e3ed9c7e78a7cef098ae,7119360,True
4005,ABELL2146,74,10888,7,ABELL2146_bin74_obs10888_ccd7,/home/henry/sigma-v19dr-ccd7-background/v100/completed/ABELL2146_bin74_obs10888_ccd7,aaa2c1733704a6b361097a608180b8e7188395b7318e256e2e24f1ab4edc22f1,49,698,76,0.015882602,0.015882601999999926,ABELL2146_bin74_obs10888_ccd7.pi,22c0b172e074de8ff07cd5e9eb274dbeea0f339f0b2b4e8e6513b72c5c115bef,ABELL2146_bin74_obs10888_ccd7_bkg.pi,58d8edda84bcf3d3eed2d3be3e2c2bccbc606566f24ec6a70dfb49bb17e0351e,ABELL2146_bin74_obs10888_ccd7.arf,fd576bbff18e007b03e895ed55e8621b78c94365ca033e6ae37f1910be0b7e85,ABELL2146_bin74_obs10888_ccd7.rmf,5327cd0a79d856340297001a93a6633b469aedace25a5e890cc21a93873fb065,7116480,True
4006,ABELL2146,75,10888,7,ABELL2146_bin75_obs10888_ccd7,/home/henry/sigma-v19dr-ccd7-background/v100/completed/ABELL2146_bin75_obs10888_ccd7,8c848ef59351cd30a8e28a7c1551feb4c20f9dc6f5f7dac5b91bcb61e31d6f3c,38,966,116,0.015882602,0.015882601999999926,ABELL2146_bin75_obs10888_ccd7.pi,f0dd1340d16c7ed6070183f4e49ecfeb67bf74932eff23f0c44cf5655242ddae,ABELL2146_bin75_obs10888_ccd7_bkg.pi,13a0f304030df4146284284886aa7044c2c922de4ca064da14dd512fea581457,ABELL2146_bin75_obs10888_ccd7.arf,2adc6ab82d9ea23f416014254124ddfd99bd7baee8cea14312864ee2a02dc9e0,ABELL2146_bin75_obs10888_ccd7.rmf,79ec69460fc0e67bc2e64c02844b01725b72ef2184b85d8ebcbd8e72dd4748f5,7119360,True
4007,ABELL2146,76,10888,7,ABELL2146_bin76_obs10888_ccd7,/home/henry/sigma-v19dr-ccd7-background/v100/completed/ABELL2146_bin76_obs10888_ccd7,063bffdc7b3c089b30a1f62fce01956b6e928324705f777e9652a6c26c62d7dc,41,867,123,0.015882602,0.015882601999999926,ABELL2146_bin76_obs10888_ccd7.pi,a5f813499fb54189eda2052dff8ee3aa81799d99e44c625b58b1c383424789b8,ABELL2146_bin76_obs10888_ccd7_bkg.pi,78aafad2af8778ae8009fdb3bc9b2c3a9a0a50cd7dd353ddf723491ab2ef1382,ABELL2146_bin76_obs10888_ccd7.arf,2638130c6a77b28b94da6e13c5532a7e1be374b5dbd14002a21c3785f3480e66,ABELL2146_bin76_obs10888_ccd7.rmf,9fb0e0af95e5b00e04188c2aa9fada32a676bc3b2afae77bbf41f89ad0b87156,7119360,True
4008,ABELL2146,77,10888,7,ABELL2146_bin77_obs10888_ccd7,/home/henry/sigma-v19dr-ccd7-background/v100/completed/ABELL2146_bin77_obs10888_ccd7,650210b007712868bde7daf9c65d669a3f7547de2fa0b14abc7820a92503d631,54,664,101,0.015882602,0.01588260199999993,ABELL2146_bin77_obs10888_ccd7.pi,858047b903f0b663228338263224d461cb73442c32f5445f9dd9ff2516c66792,ABELL2146_bin77_obs10888_ccd7_bkg.pi,f1d56780f5003c564b26069786162ec14b428a5994911af65e46e12551a7f1fa,ABELL2146_bin77_obs10888_ccd7.arf,afae58e90504bd2814de5f4fb9d6de7abaf4ebf65417de3ac9efc1e89f26a29c,ABELL2146_bin77_obs10888_ccd7.rmf,67d0815e6b7b22c4d0b1a5ed8f56e68de796b260bcc5d56b087f34da328568c2,7116480,True
4009,ABELL2146,78,10888,7,ABELL2146_bin78_obs10888_ccd7,/home/henry/sigma-v19dr-ccd7-background/v100/completed/ABELL2146_bin78_obs10888_ccd7,e68f07a6e30292f16cd96fcca2296fecc5a01ec03a9c1256ca92a65295c1e53a,28,729,99,0.015882602,0.015882601999999926,ABELL2146_bin78_obs10888_ccd7.pi,17bf866604efe519c6172c4ab36d76aed7aa426642fad0c9ec50b7c3f9c241c1,ABELL2146_bin78_obs10888_ccd7_bkg.pi,cd67746704b26b0753eb4dd02c506f59778d7f1618fce6b4a556d7f3e1783cee,ABELL2146_bin78_obs10888_ccd7.arf,e6aaaaabab99c20e579903627f39fe3b45cc4008317f9e41e1d5dcdf533e2cbf,ABELL2146_bin78_obs10888_ccd7.rmf,80e71c30963538203a7099756925c1978ecf788536293fe157c487f720357c05,7119360,True
4010,ABELL2146,79,10888,7,ABELL2146_bin79_obs10888_ccd7,/home/henry/sigma-v19dr-ccd7-background/v100/completed/ABELL2146_bin79_obs10888_ccd7,7df3b96410fbeaa94336e053d3068e3e273e531593856f7714fa3d22cc5f12ad,48,3630,453,0.015882602,0.015882601999999926,ABELL2146_bin79_obs10888_ccd7.pi,dbfd066dbca2bfee36f096541e187fe0e50a5a92b3205869d5f1a2bd3f1045d4,ABELL2146_bin79_obs10888_ccd7_bkg.pi,2988139138e32ac7c181d8a11ccd85aa6eb98ee93570925643b56d1a3a7ac530,ABELL2146_bin79_obs10888_ccd7.arf,fdb431ce6824dd52163d7dccec541752a6de014b64284192088b30d69266037b,ABELL2146_bin79_obs10888_ccd7.rmf,5b4e068f735a8c5bdb363bf04096e235133f6fad2da5bfabc004a32bd0767ce4,7119360,True
4011,ABELL2146,80,10888,7,ABELL2146_bin80_obs10888_ccd7,/home/henry/sigma-v19dr-ccd7-background/v100/completed/ABELL2146_bin80_obs10888_ccd7,532bf46a5f2e891aab62a35f49a3a820d5a2a5b1b4e31aee97a69582f43dc277,38,815,118,0.015882602,0.015882601999999926,ABELL2146_bin80_obs10888_ccd7.pi,55e885346c0a7dc14aee9018e88189602571c633d9db89b8397e75d6327b451c,ABELL2146_bin80_obs10888_ccd7_bkg.pi,f334fe0bc75b203656208dbec81f886876d17cfb7822b4cfc1d2f68149f02cf2,ABELL2146_bin80_obs10888_ccd7.arf,296ff2c4ee413311a0b91b03d2d77a28a6176229a6a0bb8b5cd6ce569e87036d,ABELL2146_bin80_obs10888_ccd7.rmf,6f4b875966eb4d8531a052cce6b56ecfc7875c00f412668fe7fae2fbd3c8e0a0,7119360,True
4012,ABELL2146,81,10888,7,ABELL2146_bin81_obs10888_ccd7,/home/henry/sigma-v19dr-ccd7-background/v100/completed/ABELL2146_bin81_obs10888_ccd7,0d3dd8851459a7cb58453de5346f67a72364681ed23c43c376b58950414692c4,41,684,98,0.015882602,0.01588260199999993,ABELL2146_bin81_obs10888_ccd7.pi,a43641220ee3f648e6bb6aba1754d6e82e056c07179e1ab048fa602e6900e914,ABELL2146_bin81_obs10888_ccd7_bkg.pi,fb713c649702d7d7276e4160a1315d1ffea8c649929fc548cb4ad05873268575,ABELL2146_bin81_obs10888_ccd7.arf,e385d78e5bb6f69287d6864ef31e910de3af1d234862493e3dba8b70e50a2ffa,ABELL2146_bin81_obs10888_ccd7.rmf,013ddde58df17a0b47a1745dc44067e92146aa12f1bd4afa5acf083fb5d06298,7116480,True
4013,ABELL2146,82,10888,7,ABELL2146_bin82_obs10888_ccd7,/home/henry/sigma-v19dr-ccd7-background/v100/completed/ABELL2146_bin82_obs10888_ccd7,9c7ec3e75d3777aa401840f79b75548a8228ccfae2100e4f9454e6b489ec4a03,45,668,89,0.015882602,0.015882601999999926,ABELL2146_bin82_obs10888_ccd7.pi,9cf7e8c412dc2c74ab604fa2fae2c9e69b87861c9cef4c6948f2b851aabf72f6,ABELL2146_bin82_obs10888_ccd7_bkg.pi,7bc2f297ebad3fc37d22dcba12524c9c56331c454261bdc70cadb996233630b8,ABELL2146_bin82_obs10888_ccd7.arf,75bca8c080a020350aa910e63379228b52ad300e87b073c27b47a01cb4136d87,ABELL2146_bin82_obs10888_ccd7.rmf,438a8835755f9ab9b7a614380811b2f609b0863e9793da8322d473cedb36ba60,7116480,True
4014,ABELL2146,83,10888,7,ABELL2146_bin83_obs10888_ccd7,/home/henry/sigma-v19dr-ccd7-background/v100/completed/ABELL2146_bin83_obs10888_ccd7,a9d3c3a8adf04c729cdaadf462ba682ebc0b9f21fc9547c9aef53e37cb4cf0ec,49,793,116,0.015882602,0.01588260199999993,ABELL2146_bin83_obs10888_ccd7.pi,5fb9f97a71e1cff62ab411f57c6725323227cc0108545763b840c5aee844f540,ABELL2146_bin83_obs10888_ccd7_bkg.pi,656304758b4d420ce1fd2e359142675df2e2031256d66095658ebdd91f6a0601,ABELL2146_bin83_obs10888_ccd7.arf,0c4efaef14886316051532addfffbacca828069e4507c314ddda87c385244b45,ABELL2146_bin83_obs10888_ccd7.rmf,4bc742f818c75f4c0134b7dd03ff85ef3efead73990a715f660e16fcabf5cd0c,7116480,True
4015,ABELL2146,84,10888,7,ABELL2146_bin84_obs10888_ccd7,/home/henry/sigma-v19dr-ccd7-background/v100/completed/ABELL2146_bin84_obs10888_ccd7,06adbd2a0caf0c5d5e5b8f42e04e4793f3765f0e754767b8ddb5b8e581ab8577,53,3242,459,0.015882602,0.015882601999999926,ABELL2146_bin84_obs10888_ccd7.pi,2f12147602b50b74daba809d3a96dcd4c6a857c2466547083559d54c3345b2b4,ABELL2146_bin84_obs10888_ccd7_bkg.pi,9a5c54b57d31be22a28452173950a515a75818b005efb6cc9b00a0e6162ddca7,ABELL2146_bin84_obs10888_ccd7.arf,e524284635bd6af452180a3821b5223304cfb8ade9539d80150374a3e440c2a2,ABELL2146_bin84_obs10888_ccd7.rmf,7e460eb5fedfc77b98e624d8f6dcfddf8ea22056fe356bf632456aba38c4b3e6,7116480,True
4016,ABELL2146,85,10888,7,ABELL2146_bin85_obs10888_ccd7,/home/henry/sigma-v19dr-ccd7-background/v100/completed/ABELL2146_bin85_obs10888_ccd7,4e3535ccfc4a3172589a9b6c731aa90b1f89a676977c9c2faf13fa491660d121,44,922,127,0.015882602,0.015882601999999926,ABELL2146_bin85_obs10888_ccd7.pi,4f19446bed47fb888182268b044a32192a31c1f426daec662a7dabcaff48ef30,ABELL2146_bin85_obs10888_ccd7_bkg.pi,bd4e1a4a59a4dc3b9ec4c79686678c4fe21d29871f73384a97bc9854fee5e182,ABELL2146_bin85_obs10888_ccd7.arf,40cfed640b57463b9fedda572d38591197396cce0dec25ec2c1f53de5c2d23f6,ABELL2146_bin85_obs10888_ccd7.rmf,9598e1a25891939668441da126f8d50567e1ca9fa7fb1e515f7a66ca7ece8ead,7119360,True
4017,ABELL2146,86,10888,7,ABELL2146_bin86_obs10888_ccd7,/home/henry/sigma-v19dr-ccd7-background/v100/completed/ABELL2146_bin86_obs10888_ccd7,345b8d9500f32f629d33c36e6b6618846702ca7277c883744852c06f983cc8d0,41,820,111,0.015882602,0.015882601999999926,ABELL2146_bin86_obs10888_ccd7.pi,7ac8709fb216b7d483f20c226f8c43cf4c91237eeb4648b910fa8dea83e8b67a,ABELL2146_bin86_obs10888_ccd7_bkg.pi,706c7629e884f9bb5dd95442e98da0b9819798ee02a19d9c6cf1dd1ea4879f9c,ABELL2146_bin86_obs10888_ccd7.arf,d12902cd5812908219b12fd789f8ec77a2eefb456fae8fed3863f41da6f2a700,ABELL2146_bin86_obs10888_ccd7.rmf,9d2e3e8b78a7bc8b88af45e0ee12ec2c9101ef81f6aea7e6ac308beb6ee62810,7119360,True
4018,ABELL2146,87,10888,7,ABELL2146_bin87_obs10888_ccd7,/home/henry/sigma-v19dr-ccd7-background/v100/completed/ABELL2146_bin87_obs10888_ccd7,e183bd9c80227ff64b1f5c4b1dbb17720a663f772b7be323b89809995911e521,57,4347,637,0.015882602,0.015882601999999926,ABELL2146_bin87_obs10888_ccd7.pi,142c82356a4fbb0054ffc6637a60f3490a97f3698cf3e1bdcfc6f948df42b8e5,ABELL2146_bin87_obs10888_ccd7_bkg.pi,8b68552b979f9eae47da5537d1e36f0d8833866733c41a88760aa56b1dae08ea,ABELL2146_bin87_obs10888_ccd7.arf,2b0bf2e24dd6b1d1bc552c3297dec3931fb04ff1d9bdde224e696aba1a11e8be,ABELL2146_bin87_obs10888_ccd7.rmf,82a50e61b83c8b2597fc68c5e9533684f8ba4da36f025dc933c9da849f2e626a,7119360,True
4019,ABELL2146,88,10888,7,ABELL2146_bin88_obs10888_ccd7,/home/henry/sigma-v19dr-ccd7-background/v100/completed/ABELL2146_bin88_obs10888_ccd7,8d023b963e00409d1d288bbe940740a70e88972f26a744b0622e2d9dc9ebfbf1,39,1062,128,0.015882602,0.015882601999999926,ABELL2146_bin88_obs10888_ccd7.pi,988a8c22be05138999c07c87cfb95b7148b2aa789d3a688fe85045b7876cb635,ABELL2146_bin88_obs10888_ccd7_bkg.pi,c65d05cd3703360bca39df3ffeb34ca3d28e013ba75af11b60a06690ac767da4,ABELL2146_bin88_obs10888_ccd7.arf,f9be3e552b7d4924da56ae2a65a926270580f8a2208e852a4fa760980fbb9bb1,ABELL2146_bin88_obs10888_ccd7.rmf,13b587c9b63f42886b9690d262ba3a50b3d3ac5ed658f390a60d64270d906dc0,7119360,True
4020,ABELL2146,89,10888,7,ABELL2146_bin89_obs10888_ccd7,/home/henry/sigma-v19dr-ccd7-background/v100/completed/ABELL2146_bin89_obs10888_ccd7,97f1f60e9b3af46119bc724ab3a942a1182fc0cdd7084efc51418da410cb8c68,62,7968,982,0.015882602,0.015882601999999926,ABELL2146_bin89_obs10888_ccd7.pi,d281e2de865eb2ef8881d11495fc7a1177fb1a50af53cfbea4178c07099df7db,ABELL2146_bin89_obs10888_ccd7_bkg.pi,d2ea9fa10bec4c710fbd5d65ef9fd69677aa669a0bffddffda27ab0cb56d2db1,ABELL2146_bin89_obs10888_ccd7.arf,83ef475f40456c3efb7f05a379889a94b24bd0612513f9430ed13b5319bac7a8,ABELL2146_bin89_obs10888_ccd7.rmf,d1234b088bb439149cf6e578bdb444fe2ff28b7c70f8c2922f7f0075063ee48c,7119360,True
4021,ABELL2146,90,10888,7,ABELL2146_bin90_obs10888_ccd7,/home/henry/sigma-v19dr-ccd7-background/v100/completed/ABELL2146_bin90_obs10888_ccd7,a5c21f8526ff65e087db27f0740812301e0ef4b83e5ebe03df639ac170e2a4bb,36,827,126,0.015882602,0.015882601999999926,ABELL2146_bin90_obs10888_ccd7.pi,20d5441b936e7dc644e7ad2e573c2f152128924d61bdf226df71012b4e40eed7,ABELL2146_bin90_obs10888_ccd7_bkg.pi,7d02660602e6be0f9e82561f6dd1913e6d9056d81f0ce185e522ce4000297f3d,ABELL2146_bin90_obs10888_ccd7.arf,75d2693355909eb331e3c0f63204838f747588b57cd46e92cedfc0c0aaed5375,ABELL2146_bin90_obs10888_ccd7.rmf,4c01d57a8c0f9747f5796e3663639b28e05646169d6b89ba9995031bc13ecde7,7116480,True
4022,ABELL2146,91,10888,7,ABELL2146_bin91_obs10888_ccd7,/home/henry/sigma-v19dr-ccd7-background/v100/completed/ABELL2146_bin91_obs10888_ccd7,19b9a90f6593b9a10ff3c3f96149256a66638eaa0df06297b94c02ac086d15ab,47,755,100,0.015882602,0.015882601999999926,ABELL2146_bin91_obs10888_ccd7.pi,ec6bd94f7b611944a6267d0eef3f9e00f1c07818ecaa0202631617721ef8ae77,ABELL2146_bin91_obs10888_ccd7_bkg.pi,ac2b661f42fc7a8dac7f4aad40c53ed378fb44b98bedcc67f8fce62e40347b38,ABELL2146_bin91_obs10888_ccd7.arf,46849e84512de45663b78a4833b8bafd5c363be66f196a6a82784834add262ae,ABELL2146_bin91_obs10888_ccd7.rmf,330924f7b399521ce5077fcbb76d2ce61c9947e7833a6d0be6d253dcd0692d1d,7116480,True
4023,ABELL2146,92,10888,7,ABELL2146_bin92_obs10888_ccd7,/home/henry/sigma-v19dr-ccd7-background/v100/completed/ABELL2146_bin92_obs10888_ccd7,46004643bb66d47a3061270314948936ddd9591a01976b50d716c64cff3b9b48,33,946,94,0.015882602,0.015882601999999926,ABELL2146_bin92_obs10888_ccd7.pi,1e6cbb0eafb0a80464de718e26fc4a05d8c2fdddbc5949ab80d11768749cca01,ABELL2146_bin92_obs10888_ccd7_bkg.pi,70ff1fc80c88617335b79036bba9b0d0178c8a6dd640dae3e75eb2770236c689,ABELL2146_bin92_obs10888_ccd7.arf,5ad2b8eea885ae1a0756ce5fecdd9fd193db2e4ef98bc66ffbd7385643939e34,ABELL2146_bin92_obs10888_ccd7.rmf,80253a4c11cfda3aa8b3bcd3392782c6c049f2f8622d43e41a905ff44b5066cd,7119360,True
4024,ABELL2146,93,10888,7,ABELL2146_bin93_obs10888_ccd7,/home/henry/sigma-v19dr-ccd7-background/v100/completed/ABELL2146_bin93_obs10888_ccd7,be637a159f3fa8a89a3585135318bd5d611a3b19bd74e10cfee60460d704635b,43,933,143,0.015882602,0.015882601999999926,ABELL2146_bin93_obs10888_ccd7.pi,be48e121d4b5f469cf6656c781fc210b076313a04862b7b11f838ddd7cb04d5c,ABELL2146_bin93_obs10888_ccd7_bkg.pi,ec2de98b7986a4f1086ea77f76b00a95a930242d197cc2412ed8ba4bd3fe3784,ABELL2146_bin93_obs10888_ccd7.arf,1e1c2ae7b53a2972d3712e6eb70ade4a0464c26a126f267e094c06edf89f85ae,ABELL2146_bin93_obs10888_ccd7.rmf,b4e699a513c17931b7ce580dcbcb5789e661aa927756615538d45dd02956e9f9,7116480,True
4025,ABELL2146,94,10888,7,ABELL2146_bin94_obs10888_ccd7,/home/henry/sigma-v19dr-ccd7-background/v100/completed/ABELL2146_bin94_obs10888_ccd7,ac2e972ad8bf0ca1f82c73c6e2fc019d25fb7763370e81d610350d6e778b0fe6,46,3332,431,0.015882602,0.015882601999999926,ABELL2146_bin94_obs10888_ccd7.pi,dcb12bfca37e75fd0f0c86150a29682dbb4892ebb872fbdc124ce8710c9514d3,ABELL2146_bin94_obs10888_ccd7_bkg.pi,f6e674d35b0d5e2ce88e427296af21a4533b0a625cdef6bd12eb5d02d62a8e75,ABELL2146_bin94_obs10888_ccd7.arf,c38ce57cde38236c00fcd84235b19decb97fbbf457832d89ea5f8df90d96df48,ABELL2146_bin94_obs10888_ccd7.rmf,e2a076ef38112b7d7eda51165381c06f9d8e52d474c1881cab158c5c3fb91635,7119360,True
4026,ABELL2146,95,10888,7,ABELL2146_bin95_obs10888_ccd7,/home/henry/sigma-v19dr-ccd7-background/v100/completed/ABELL2146_bin95_obs10888_ccd7,9b46ce2c6004db3ac68db4c6f85a8cd5850b26ebb5cf3586259cc77192f245b9,41,5098,761,0.015882602,0.015882601999999926,ABELL2146_bin95_obs10888_ccd7.pi,ba30b7418d00c16def9201f52a8580c8b1c1f565a0c1ffc49d093f5c55e32484,ABELL2146_bin95_obs10888_ccd7_bkg.pi,ec596cdab78d7b02a675fc56768aae1a74a05466513e5f60ee88ed742aaa3d4e,ABELL2146_bin95_obs10888_ccd7.arf,d001709bfafefb71cf5812ebcd973b2a178e76f96efeab4b7d6db2617689de5b,ABELL2146_bin95_obs10888_ccd7.rmf,96c165d5db5cb6e75775dccc4f32ad77c155eb173766a2f1fb15bf10cb533e9d,7116480,True
4027,ABELL2146,96,10888,7,ABELL2146_bin96_obs10888_ccd7,/home/henry/sigma-v19dr-ccd7-background/v100/completed/ABELL2146_bin96_obs10888_ccd7,7315211d296471bdc444ce3dd9c07bf7d21bf33ed42118fc8c4b0c49a3e2b484,36,1019,160,0.015882602,0.015882601999999926,ABELL2146_bin96_obs10888_ccd7.pi,eb1bd64f73db33b5d880112747f951234e91ff535ff7ba1460294c4e3e9e1d3c,ABELL2146_bin96_obs10888_ccd7_bkg.pi,7ab64c469e120cd264a6e008bf6604f8c344d4c0e219770419b4fde32ef5e5ee,ABELL2146_bin96_obs10888_ccd7.arf,ce125426a3bf5081298891c186a383bd0bf7a0c6b635cc2a4edca23b60b619fb,ABELL2146_bin96_obs10888_ccd7.rmf,c03464c7525fdb6a31370f33a016ee5bb9e9cde8f6b673cef97528fca1183362,7119360,True
4028,ABELL2146,97,10888,7,ABELL2146_bin97_obs10888_ccd7,/home/henry/sigma-v19dr-ccd7-background/v100/completed/ABELL2146_bin97_obs10888_ccd7,6dbef8789c18de7de09a212e42de69f1274695e49861f87735992dc1c16adbd0,30,1110,120,0.015882602,0.015882601999999926,ABELL2146_bin97_obs10888_ccd7.pi,514644c862e4f613522bf0d97ba35545dc9ec8e1bcf6f53a877e312ec92d65e5,ABELL2146_bin97_obs10888_ccd7_bkg.pi,140c3994e08984840256a1e3bd43338cc1bf480192250b59ee2c5b3361b375b2,ABELL2146_bin97_obs10888_ccd7.arf,0a192e46b32aa1d6cb87c0c3cfe16b3f0d537d21cc6aa46f8b4d37c7b0108582,ABELL2146_bin97_obs10888_ccd7.rmf,786e83a07a2495a0e2d46ec2beed56bfbae61513103e1bc1b6ae3034c4955596,7119360,True
4029,ABELL2146,98,10888,7,ABELL2146_bin98_obs10888_ccd7,/home/henry/sigma-v19dr-ccd7-background/v100/completed/ABELL2146_bin98_obs10888_ccd7,649dd50a1095b3d97f65879858be1e2137d0238d9f9daa8b473803240bd67b38,48,804,125,0.015882602,0.015882601999999926,ABELL2146_bin98_obs10888_ccd7.pi,3af7232c86d53d7f44e333fbf8951232109c872bfda2da8c1daf6e24e8f1a2a8,ABELL2146_bin98_obs10888_ccd7_bkg.pi,63c816a016b91ce1ebea4b6d858848255f6ed13cfc9bebba9ac9a256595effc1,ABELL2146_bin98_obs10888_ccd7.arf,cfdd30a9293ad9be4d34ce9b1c7f524fcc2076a6b206a8c2802d7a2404fe630f,ABELL2146_bin98_obs10888_ccd7.rmf,cd2acbfb7003d189e58332febf600c766618feda774cb14cbfad0471a2609e9a,7116480,True
4030,ABELL2146,99,10888,7,ABELL2146_bin99_obs10888_ccd7,/home/henry/sigma-v19dr-ccd7-background/v100/completed/ABELL2146_bin99_obs10888_ccd7,fd0475e1f320bfe6f9b0906691f7e9d43530ac64044177f5c718e9b184c0986d,30,1044,147,0.015882602,0.015882601999999926,ABELL2146_bin99_obs10888_ccd7.pi,f8c36c7fd1597c20f6752a0bf4692a03a275a6bc8ce1ab1127d1250aa6a3d014,ABELL2146_bin99_obs10888_ccd7_bkg.pi,e8e08aebad3bc3c443ba5badc6d15d525dd612fd5857a33fccee064ec513844a,ABELL2146_bin99_obs10888_ccd7.arf,3d71b2a626475f0765993716c28e335495d461da61beb065c543f4d3c7ef7df8,ABELL2146_bin99_obs10888_ccd7.rmf,bbebd575b2d82accea89f0d0a2775167b1aeb98816f55e9557b6eb20db56f09a,7119360,True
4031,ABELL2146,100,10888,7,ABELL2146_bin100_obs10888_ccd7,/home/henry/sigma-v19dr-ccd7-background/v100/completed/ABELL2146_bin100_obs10888_ccd7,5fce12397ab7a4e7913ab07cefc080cc33b0a452fce6429099a89f711aa308bc,55,3076,455,0.015882602,0.015882601999999926,ABELL2146_bin100_obs10888_ccd7.pi,7ec19c45f1ea56fc49475cbe2d2654ee7b39412efc610effce6759fa73b57ea6,ABELL2146_bin100_obs10888_ccd7_bkg.pi,cc5e0a26525b34da7fb1ed1be3fc6c91d57b4dbf6132918b815264208fefed4d,ABELL2146_bin100_obs10888_ccd7.arf,41995287a1530a4b6c2cabb2d22ae8244dd434b9de18e65fc81b1fe3aef7d7d7,ABELL2146_bin100_obs10888_ccd7.rmf,2ce85130afb942fbfc3c3e5b462a02e320c9dff32fb218f8529427f0cf1f5eb9,7116480,True
4032,ABELL2146,101,10888,7,ABELL2146_bin101_obs10888_ccd7,/home/henry/sigma-v19dr-ccd7-background/v100/completed/ABELL2146_bin101_obs10888_ccd7,26f5ce8eaeeeb7165a4c2b62ef667440a8d0ee54f64fc5038e9f09b0f71c5b00,50,2294,277,0.015882602,0.015882601999999926,ABELL2146_bin101_obs10888_ccd7.pi,ab89ac99eab87d25e7217f039aa7ddefa5b04a7f23eeddc8970a9a477a632cea,ABELL2146_bin101_obs10888_ccd7_bkg.pi,44001f8c9e8782c73f62f8319e405a8c90442099c5225c69d0d3b6957e8b7887,ABELL2146_bin101_obs10888_ccd7.arf,2ddce8c7cdaf567aac18b9c327b0378dd46c99d9cdf51684c539be42bdcc4e25,ABELL2146_bin101_obs10888_ccd7.rmf,48828d5a5254a277b0d61999f5a074accfcc0cc3a6685533a4e0aa4f0f769483,7119360,True
4033,ABELL2146,102,10888,7,ABELL2146_bin102_obs10888_ccd7,/home/henry/sigma-v19dr-ccd7-background/v100/completed/ABELL2146_bin102_obs10888_ccd7,9bccb844d1fdfb4330f8a2a3562eb551f3c13f001e3de903d6306ab6944fb127,46,2120,303,0.015882602,0.015882601999999926,ABELL2146_bin102_obs10888_ccd7.pi,660ae3168208f3b5329542a715a698f0c8e6cd095cfb86d5e0010bf7ff7ffe1b,ABELL2146_bin102_obs10888_ccd7_bkg.pi,f93d93f2014337c7030d6fd51f7ec4d35b4501cead8b1c0326c99f4e57d3f772,ABELL2146_bin102_obs10888_ccd7.arf,6eda14356bc225133e432dac7905845262451d871ea366ea4c205fe045fe1d10,ABELL2146_bin102_obs10888_ccd7.rmf,f7f3696df5ce1823ddedb8f22d5fddc76c1a3ae9b6a5ad4432b62a6f0acef494,7119360,True
4034,ABELL2146,103,10888,7,ABELL2146_bin103_obs10888_ccd7,/home/henry/sigma-v19dr-ccd7-background/v100/completed/ABELL2146_bin103_obs10888_ccd7,ff606a7cd363ff727220ecf87132f430c3f177fb773087e24eadda907a6777f8,43,904,131,0.015882602,0.015882601999999926,ABELL2146_bin103_obs10888_ccd7.pi,3018dd2a81725c208d29a0414f3b3cfa376402133d5244819cfcd972f962606e,ABELL2146_bin103_obs10888_ccd7_bkg.pi,e5088785ac900f8a37a861cf8dae704ca7ac357a94095c89a2eed0c3e06cefcd,ABELL2146_bin103_obs10888_ccd7.arf,dd2353a1b24223bb8dc3e2c42d2c7829c45dcd32151b3b7e2c71fa93dfd35ca6,ABELL2146_bin103_obs10888_ccd7.rmf,e1151d9e8dc6ffb2856ac6883625077fc15d7ef9a1a92ba9da98a3a0c8196c47,7116480,True
4035,ABELL2146,104,10888,7,ABELL2146_bin104_obs10888_ccd7,/home/henry/sigma-v19dr-ccd7-background/v100/completed/ABELL2146_bin104_obs10888_ccd7,cd2aca1358c71cb348b083181bc54ef648c5c1473281f73ec6db47e01ff47c97,36,2209,330,0.015882602,0.015882601999999926,ABELL2146_bin104_obs10888_ccd7.pi,5bb9348498fbf4d84cdb2afab5e92f66c02daf77e8a1ca8ce260ec77c237c0d2,ABELL2146_bin104_obs10888_ccd7_bkg.pi,f5b126a7ff0aaa9a461bf8026a4372c8ce3369639dfbc37a286c4bf4d2721bc6,ABELL2146_bin104_obs10888_ccd7.arf,8f35d6ab9be1d23f97f7ecc933abf4ad1ce0e619357951400c44496c7c21fcd2,ABELL2146_bin104_obs10888_ccd7.rmf,4070740530c1703f34f6d578f1d45af79c27c07f09fdc02fef24790308b0c8e1,7116480,True
4036,ABELL2146,105,10888,7,ABELL2146_bin105_obs10888_ccd7,/home/henry/sigma-v19dr-ccd7-background/v100/completed/ABELL2146_bin105_obs10888_ccd7,75a3e79395921d4d9483b903581db4be405eb8130e4fdb1801a180be36065618,31,1009,120,0.015882602,0.015882601999999926,ABELL2146_bin105_obs10888_ccd7.pi,5cfa38deedc16fcce4eed7164a342cf90f93c5218ce92bcfaaacb21dd6a9b536,ABELL2146_bin105_obs10888_ccd7_bkg.pi,ab5acf597b93728468e6d0558eebda51b7b6d6f4026da5035d2cc98abe76bc27,ABELL2146_bin105_obs10888_ccd7.arf,e6f47d004c2de32d282f9eacc3789565204a03e0484e8e17034324ba060370b3,ABELL2146_bin105_obs10888_ccd7.rmf,c3f560dc5283847e61dcdcee2d15d2286de132d8a0f3ec9162358b0c03d5b27f,7116480,True
4037,ABELL2146,106,10888,7,ABELL2146_bin106_obs10888_ccd7,/home/henry/sigma-v19dr-ccd7-background/v100/completed/ABELL2146_bin106_obs10888_ccd7,fe2c4f51bd6ad8e8ddd204e0f4e59ffa1bf4d7c5695cb432ab2e5110dcba4086,75,1292,147,0.015882602,0.015882601999999926,ABELL2146_bin106_obs10888_ccd7.pi,e6305e8dfd732bdc16cf7517896289f345144fda3c7dafce86ed92b74e889212,ABELL2146_bin106_obs10888_ccd7_bkg.pi,33a9790c0352144e491f08f573b798b5170852b061771c168c1c37c0e24ef8a6,ABELL2146_bin106_obs10888_ccd7.arf,51745533385373dca226e5cf78bb6acb1cce3e95bb2495bbd9e278644e3ebf0a,ABELL2146_bin106_obs10888_ccd7.rmf,bda9c7496b919daa0a879c5be75a125737e7e23f062193d50e451ff0647ba8ef,7119360,True
4038,ABELL2146,107,10888,7,ABELL2146_bin107_obs10888_ccd7,/home/henry/sigma-v19dr-ccd7-background/v100/completed/ABELL2146_bin107_obs10888_ccd7,57b0519edcb152b37a199bdd0ba1c40eb56ecbfa072366b66c98a24120f9aa44,75,1453,200,0.015882602,0.015882601999999926,ABELL2146_bin107_obs10888_ccd7.pi,a9dc5ef5f6dc32633759ca50ce5931c5411e1226cf9afbaccf0059841a447656,ABELL2146_bin107_obs10888_ccd7_bkg.pi,683861041f78423b041346edcaf667d4bb7984c67126a2da7f7fd385bb10ceee,ABELL2146_bin107_obs10888_ccd7.arf,a622cbe750e3894901fe83b0818aabaeb0d00880fa6941e6bb0e63b07634d95c,ABELL2146_bin107_obs10888_ccd7.rmf,cefffde169073d4c87e376c3e2efe09318d784aa63ed82bbc46965dac6a41fe7,7116480,True
4039,ABELL2146,108,10888,7,ABELL2146_bin108_obs10888_ccd7,/home/henry/sigma-v19dr-ccd7-background/v100/completed/ABELL2146_bin108_obs10888_ccd7,1d9334283320637891bb616fd5430414fba6cdf587e4e82e922dd7e601db8d8c,32,1005,151,0.015882602,0.015882601999999926,ABELL2146_bin108_obs10888_ccd7.pi,55caad108f7d6c6aa6f47ccddc38fff997ec2fe368a9d4ed55d8d4e9152a6fce,ABELL2146_bin108_obs10888_ccd7_bkg.pi,635391bfb712cc59df63059817e87dedb874084fc12201f2712d8fc5acbe8fef,ABELL2146_bin108_obs10888_ccd7.arf,45f70d9e302bb3bcd85ca5805884dd0a384f82c2e18b2f106fbe12058df630ec,ABELL2146_bin108_obs10888_ccd7.rmf,5ae362a08b62642452230501d59aa187f1f81e72729c9d8ffa79d66acd2e5637,7116480,True
4040,ABELL2146,109,10888,7,ABELL2146_bin109_obs10888_ccd7,/home/henry/sigma-v19dr-ccd7-background/v100/completed/ABELL2146_bin109_obs10888_ccd7,1468235cebe4bf5dd7e91b60295c5d0a26c90513a1174319c81b878a5b21a657,42,932,125,0.015882602,0.015882601999999926,ABELL2146_bin109_obs10888_ccd7.pi,182506250ed8ada59403fbfee45b5bf03e5fbda2bb2959a6b46b87f823668e53,ABELL2146_bin109_obs10888_ccd7_bkg.pi,786bf087f18e9a5a8f20bd112c6b0fe87abe3723cc0f42feeb4a09d32cb7eebf,ABELL2146_bin109_obs10888_ccd7.arf,879ce6ffb068d409d44ec4d58ff92cca316bbdd78de9090c28d28a7b1759c09d,ABELL2146_bin109_obs10888_ccd7.rmf,d0c48f94aea773a65f499e7d710c11cf0db1852e9247aaedb6caee15e55edd07,7116480,True
4041,ABELL2146,110,10888,7,ABELL2146_bin110_obs10888_ccd7,/home/henry/sigma-v19dr-ccd7-background/v100/completed/ABELL2146_bin110_obs10888_ccd7,2af721ca50332d0852e6cf53c5f79f29011cf7921db0d199c441a305e4275f6a,43,2689,365,0.015882602,0.015882601999999926,ABELL2146_bin110_obs10888_ccd7.pi,57de168acc2dc32b08fd730d1d5505306ea9d31e8dc029fbbc868168363de42a,ABELL2146_bin110_obs10888_ccd7_bkg.pi,c8c8bcea372ace8be8c8ea70863f8e02f2e927c7e20a0934908c10c48b733eac,ABELL2146_bin110_obs10888_ccd7.arf,755a629e8e34225fd791d07f1c3381bc95085338b92f6e9d6b903e459d00c286,ABELL2146_bin110_obs10888_ccd7.rmf,ea8bb8e62dc1111734d411c826a33df4b9515678b22651ab3681ee83a904871a,7119360,True
4042,ABELL2146,111,10888,7,ABELL2146_bin111_obs10888_ccd7,/home/henry/sigma-v19dr-ccd7-background/v100/completed/ABELL2146_bin111_obs10888_ccd7,7c3f26b63dc87325bf61008b4b0fc87502331acdc5260dd18e5e73eafd7ca143,54,1222,182,0.015882602,0.015882601999999926,ABELL2146_bin111_obs10888_ccd7.pi,071fa32514a17b078ce54eebc6143feb4432081885b6b66bcdcbe069c757da85,ABELL2146_bin111_obs10888_ccd7_bkg.pi,702f6ac204b180449edd3e31fb26988c375932aafa51d71203b813acf7a7411a,ABELL2146_bin111_obs10888_ccd7.arf,ad835f93bfe0bbe9ae922255f2db0e4490f861cd6e7821d490fe716f9d160071,ABELL2146_bin111_obs10888_ccd7.rmf,bff72eb6af2a41cd235549567babdc9785a08a189a0537fdf3aacf52c3180961,7119360,True
4043,ABELL2146,112,10888,7,ABELL2146_bin112_obs10888_ccd7,/home/henry/sigma-v19dr-ccd7-background/v100/completed/ABELL2146_bin112_obs10888_ccd7,6e8fbe6c8d933a00f64339ba5b395b1fe768e24d01f3b868161f7000a1c347e4,49,2239,317,0.015882602,0.015882601999999926,ABELL2146_bin112_obs10888_ccd7.pi,824c22575cc8ef91c8adc9da8028cf5bf075577e261394350c5e6627810b5517,ABELL2146_bin112_obs10888_ccd7_bkg.pi,ac941bbb12f110884566256a905f1b5a1b7ca380b87f3b75b2811c77df5cb570,ABELL2146_bin112_obs10888_ccd7.arf,f7c8f43dbb3cbe28e3591bb564be25550cc7c9ff8717ba8092c3881d0392c3a3,ABELL2146_bin112_obs10888_ccd7.rmf,b60e5051a79588e3702eeec343b7d3d60d848b7e0a0612d12f41a34dc14a1f90,7116480,True
4044,ABELL2146,113,10888,7,ABELL2146_bin113_obs10888_ccd7,/home/henry/sigma-v19dr-ccd7-background/v100/completed/ABELL2146_bin113_obs10888_ccd7,5fa2a6af9a39bd69763dede5504e43b09557e5ae3bcd9a4ab5437548b8e657ab,42,1151,171,0.015882602,0.015882601999999926,ABELL2146_bin113_obs10888_ccd7.pi,b486a56f5c112c66aed915a1a6f11fd1605faff2f123ca5a1fcbdd7d88d4cb7f,ABELL2146_bin113_obs10888_ccd7_bkg.pi,5cdcedf36972928638afa6f0e7ea1e1bb3f01f8c7e7ab594ad9d85e9786da62b,ABELL2146_bin113_obs10888_ccd7.arf,7ff369d0db625bffdc3bf0839ccccf6fcb66f2180c0eea959911882f80f16908,ABELL2146_bin113_obs10888_ccd7.rmf,4b5d6a86df14ee13289edf0500333de0473afa5e88031856a4d4cba08ed88e1a,7119360,True
4045,ABELL2146,114,10888,7,ABELL2146_bin114_obs10888_ccd7,/home/henry/sigma-v19dr-ccd7-background/v100/completed/ABELL2146_bin114_obs10888_ccd7,05fe5497a54b4b2a317f3472c6cc2342da3c583adbe10f751dad7ecf6fc29284,49,2873,335,0.015882602,0.015882601999999926,ABELL2146_bin114_obs10888_ccd7.pi,471786ce9670d4a01fc15d325db9cef2687aedc45092704cc1467a3dde369406,ABELL2146_bin114_obs10888_ccd7_bkg.pi,506ab3d7c73b68f42a06d906a8baca83ddf1010aaa45ac2a8043dcb8f26b5928,ABELL2146_bin114_obs10888_ccd7.arf,845d9e4e564b7f66b1e67dbd6ca19f47cebcf5e994132cab96b61932e052cff1,ABELL2146_bin114_obs10888_ccd7.rmf,d1cf307aa29f24e775cf603291e84517ee0fde3304db976d3fd6abad578fef91,7119360,True
4046,ABELL2146,115,10888,7,ABELL2146_bin115_obs10888_ccd7,/home/henry/sigma-v19dr-ccd7-background/v100/completed/ABELL2146_bin115_obs10888_ccd7,218f1531af585b0f5c8cc1bd9f6b6297c31e8e9e065a639f44ca3b7f2f1f0ec5,38,1079,143,0.015882602,0.015882601999999926,ABELL2146_bin115_obs10888_ccd7.pi,cc5cc2fcc565f06653f69787b3bdbf8e6316eae1109f8b0571d165426e79731c,ABELL2146_bin115_obs10888_ccd7_bkg.pi,a5684217c21d3ea99ba6857585944e9dc63f0371b05b18dedcb616e4156e6b21,ABELL2146_bin115_obs10888_ccd7.arf,c7393c3745e237c97d67c830c91e308cd8727aa8e12f1ce6e7c689c4bdc79155,ABELL2146_bin115_obs10888_ccd7.rmf,4b674272528fd676410ecc7395b46e6a1eca7f5c2079e3bab4bd88fa45e30173,7116480,True
4047,ABELL2146,116,10888,7,ABELL2146_bin116_obs10888_ccd7,/home/henry/sigma-v19dr-ccd7-background/v100/completed/ABELL2146_bin116_obs10888_ccd7,928e0c1722d3bdb351364c4bdbc71a9d9a6bf7e319f994d66dc03ff29d40cc82,31,1388,179,0.015882602,0.01588260199999993,ABELL2146_bin116_obs10888_ccd7.pi,121d38fc01d199345716c15350dfff81050b929ce9731e6c46b7aa9ce8fc2b6c,ABELL2146_bin116_obs10888_ccd7_bkg.pi,094c5391230bb41cd4d159d2ef9964a8c68db04d4d3cba3042f923388231fc35,ABELL2146_bin116_obs10888_ccd7.arf,8d78eb6c7162430ebd77cda7801dcca0b6e843648bd4855f49dc02d0bc693f97,ABELL2146_bin116_obs10888_ccd7.rmf,606ccae65b6fbb345a08b9f253ab6af1c09e05b080fd90c9680dca20ec667662,7119360,True
4048,ABELL2146,117,10888,7,ABELL2146_bin117_obs10888_ccd7,/home/henry/sigma-v19dr-ccd7-background/v100/completed/ABELL2146_bin117_obs10888_ccd7,b82222ab05f91c68c4586f693fc4f9d26dc571e6c42c7569c0eafc5ef6eb0c3b,48,2129,286,0.015882602,0.01588260199999993,ABELL2146_bin117_obs10888_ccd7.pi,34e2fb0c69a5be74493e9931745eb624886fa6242afe57558f078973293f931a,ABELL2146_bin117_obs10888_ccd7_bkg.pi,9cb58fd813da1552b6e2378fa12520806605be16a3de67ad0dc2dd5065eb3b79,ABELL2146_bin117_obs10888_ccd7.arf,ada82df3dc7135c230020733eaf812ea1c4034f6ef511cefdb09b6a3127a1ec2,ABELL2146_bin117_obs10888_ccd7.rmf,efc14f7c1171b03d237b7042addf479284dc27448328ad0a01442f6716c834d2,7119360,True
4049,ABELL2146,118,10888,7,ABELL2146_bin118_obs10888_ccd7,/home/henry/sigma-v19dr-ccd7-background/v100/completed/ABELL2146_bin118_obs10888_ccd7,01d323ef13388ab61c7bf4de00be576a07fa3447317184e514bb3d3f68042dd9,43,2507,363,0.015882602,0.015882601999999926,ABELL2146_bin118_obs10888_ccd7.pi,f955ed35bd860139efbbbf1fdc5c5ef5de01341d8a12d85c8b7510b03523a5a7,ABELL2146_bin118_obs10888_ccd7_bkg.pi,bf12f10abfb86966004abf5dc3d93d3401c66559f467b4f24f15709e7c24ce9c,ABELL2146_bin118_obs10888_ccd7.arf,3787acc38415563052aa99f9593b6af2fc4b5a43e231e8720c0e830d206f7300,ABELL2146_bin118_obs10888_ccd7.rmf,ad7285471400d95d649a0994d51e456654e3d81ad311333d91597c85afded598,7116480,True
4050,ABELL2146,119,10888,7,ABELL2146_bin119_obs10888_ccd7,/home/henry/sigma-v19dr-ccd7-background/v100/completed/ABELL2146_bin119_obs10888_ccd7,64a70800779caf419675ddf3407d13b1d1148e639590e08439ce8953b6e32891,51,1807,220,0.015882602,0.015882601999999926,ABELL2146_bin119_obs10888_ccd7.pi,fbcdc6036861d2822faf22fee7f835f541bb9c23658c6aee0e7c8c2ed3630bf6,ABELL2146_bin119_obs10888_ccd7_bkg.pi,abcaa657c33205baaa06bb5189c3370e7a8ba175da886aebb2efdb0b7944374b,ABELL2146_bin119_obs10888_ccd7.arf,cbd2aa5be97fcbf5cf9d7edddd9e1808db0fdf9a9303e6b06f913f75ef4c7e8a,ABELL2146_bin119_obs10888_ccd7.rmf,46d23803f75fbb266f635f7d7b126943b05c91057d031a2b57672e11c4f35706,7119360,True
4051,ABELL2146,120,10888,7,ABELL2146_bin120_obs10888_ccd7,/home/henry/sigma-v19dr-ccd7-background/v100/completed/ABELL2146_bin120_obs10888_ccd7,6829bc14f3eab4918d2b553d99a2023f1253926b5349759c86c60602ad4bdfd1,53,1307,145,0.015882602,0.01588260199999993,ABELL2146_bin120_obs10888_ccd7.pi,30dc7df81066e02307e4c5144fcf85457ede15349133c7ee23b71c108aeef06e,ABELL2146_bin120_obs10888_ccd7_bkg.pi,703a319e2a1bf5111b093708f52eb3691ba1cd32f0b6faad2206eac791444f1c,ABELL2146_bin120_obs10888_ccd7.arf,2a641ae0691aaaa91c089e2061cfec00c41c0ede3f4f46ff2968378dba22efb4,ABELL2146_bin120_obs10888_ccd7.rmf,24d081ca7446dc8f19a12880b8f4dd8a02008a0b5fb3ff170bd743b16b45c6f8,7119360,True
4052,ABELL2146,121,10888,7,ABELL2146_bin121_obs10888_ccd7,/home/henry/sigma-v19dr-ccd7-background/v100/completed/ABELL2146_bin121_obs10888_ccd7,19d1779d24695d1969f0d65691fe56b086fd6f1101ffa3aaa66ba246899a39cc,62,1326,167,0.015882602,0.015882601999999926,ABELL2146_bin121_obs10888_ccd7.pi,3b73c1ed09a7531d8d3c980fc3d6863c9036c957e28a529a5a7f220dc65e6aa4,ABELL2146_bin121_obs10888_ccd7_bkg.pi,fd2a4ab6f914ff442107a31cf8bbcfb29cfd85eb2bbe6775e9a5baaafb0afe08,ABELL2146_bin121_obs10888_ccd7.arf,806ae0b883af6ffd4468107153851e6214bdcae97c2f54c6dbba24742b2e87ac,ABELL2146_bin121_obs10888_ccd7.rmf,4287d70bc6db02143d49bb22ad0fcda97a6c6920ec11159c0e92c47af8234cae,7116480,True
4053,ABELL2146,122,10888,7,ABELL2146_bin122_obs10888_ccd7,/home/henry/sigma-v19dr-ccd7-background/v100/completed/ABELL2146_bin122_obs10888_ccd7,87de512d8c53aff3efc1615d436ed1de05ef0399bc59282ee899e3b6b641963b,42,1564,206,0.015882602,0.015882601999999926,ABELL2146_bin122_obs10888_ccd7.pi,b5f38c661eb5b898ba2a6ea65a5d4eaaf274ade9f7533d7200556b9bc971c346,ABELL2146_bin122_obs10888_ccd7_bkg.pi,72460a777b3571bc3cea820c3e80399aa5d79f70205b4902f764180094bed299,ABELL2146_bin122_obs10888_ccd7.arf,20e327d62140d1331d9fa2cbd88c15c25bd3bd2d4a617b2d81cec25fba246189,ABELL2146_bin122_obs10888_ccd7.rmf,268d6b785710c89249558b7aa5de9fe077cbc11fac59cf6bde379147a13de771,7119360,True
4054,ABELL2146,123,10888,7,ABELL2146_bin123_obs10888_ccd7,/home/henry/sigma-v19dr-ccd7-background/v100/completed/ABELL2146_bin123_obs10888_ccd7,ae8563a9d7e39d8b4bafe5b59efa827dc11877fef1cfe586aa39e1c4b63d508a,35,1494,189,0.015882602,0.015882601999999926,ABELL2146_bin123_obs10888_ccd7.pi,32a703c665d18411bffab5cc4e27594ed4f5900869b3cfabf7c77c6dc2674772,ABELL2146_bin123_obs10888_ccd7_bkg.pi,4f1033a7541d9511bf96f568510da3fe0a324aa0737161e4b934b80159b71a6d,ABELL2146_bin123_obs10888_ccd7.arf,cc83c58732eaa97ea55a6779280082a48d52a7a874b7a5efaccf05aee56e45b5,ABELL2146_bin123_obs10888_ccd7.rmf,b43522d8eaf40c1f5dc67cbb053f1a95ceec557148ef92cdda1aa2efa916405a,7116480,True
4055,ABELL2146,124,10888,7,ABELL2146_bin124_obs10888_ccd7,/home/henry/sigma-v19dr-ccd7-background/v100/completed/ABELL2146_bin124_obs10888_ccd7,52891bd6619590dc7d5f30c623c26d00ac148578d3d71220d06b6d8fed5b0b0b,42,1730,190,0.015882602,0.01588260199999993,ABELL2146_bin124_obs10888_ccd7.pi,4c4cd83f96ec44fce24d34dc6b9a430959acc67943d8883af793799bf2127836,ABELL2146_bin124_obs10888_ccd7_bkg.pi,f91d50a694b4897744b641cebe81fa14eb67ab494019bb47ba217884237476df,ABELL2146_bin124_obs10888_ccd7.arf,927dc0205a5c5c847dfc227083c8d414ade187c54a4fd15e631502bbd2044463,ABELL2146_bin124_obs10888_ccd7.rmf,f1f7dc288738ac0bd4812853fe179800f3154723a8c442e36a308dbf7fa553a7,7119360,True
4056,ABELL2146,125,10888,7,ABELL2146_bin125_obs10888_ccd7,/home/henry/sigma-v19dr-ccd7-background/v100/completed/ABELL2146_bin125_obs10888_ccd7,e0f6bf7c67635f2622e98517e5c050443dff348c31a2b3eb3789ef52d4c9b38f,48,2440,289,0.015882602,0.015882601999999926,ABELL2146_bin125_obs10888_ccd7.pi,4ff7eb9ad277f01fd281e8f0eb645dcced29a78092f649c724bd9f6c0b63b5e9,ABELL2146_bin125_obs10888_ccd7_bkg.pi,35126fb0f21fbb2b41f20f948d2946bb187c56d7826421cb5501c1fc5c4870a4,ABELL2146_bin125_obs10888_ccd7.arf,4e53f5526e3c9d083d00c91af6ce490e16f185ebcd1a5bc1396869416a9c53e8,ABELL2146_bin125_obs10888_ccd7.rmf,4c52f58150faf793d04b4a9431d297335ce8065637e6810b175003b4dd9c71ac,7119360,True
4057,ABELL2146,126,10888,7,ABELL2146_bin126_obs10888_ccd7,/home/henry/sigma-v19dr-ccd7-background/v100/completed/ABELL2146_bin126_obs10888_ccd7,4b95423b05ec2fbc20408d809108a4749ed692caa8a4fbc43a140430a2475ec9,46,1709,233,0.015882602,0.015882601999999926,ABELL2146_bin126_obs10888_ccd7.pi,0aea2a5145f937ed79f705311e282ad7f943c45f547b62f69808d22669ad76f1,ABELL2146_bin126_obs10888_ccd7_bkg.pi,6c9ea383d5eb82651fcc0434ace9821657644978a65af1f1551c10fdae42eac2,ABELL2146_bin126_obs10888_ccd7.arf,3b20ab1b79f8e98dc1cc2915b54d780e926d84f116edfcb41484864cca68d60e,ABELL2146_bin126_obs10888_ccd7.rmf,49a890fd9686fe4999f0831d8d6813df38c4ecf3f98d3915eb82b0b2ad12879e,7116480,True
4058,ABELL2146,127,10888,7,ABELL2146_bin127_obs10888_ccd7,/home/henry/sigma-v19dr-ccd7-background/v100/completed/ABELL2146_bin127_obs10888_ccd7,1d9f76cde183b43715589ca7cb3d667a79b7c5be379081957a9aff46c0cc838b,55,1558,200,0.015882602,0.015882601999999926,ABELL2146_bin127_obs10888_ccd7.pi,49a3e09da65241d09435694640f3dfd70f716d1bc1c871153071dd63d67a9b03,ABELL2146_bin127_obs10888_ccd7_bkg.pi,4a0b50116e533aac65335c1d12168ea21c6188aa61c5f4f12669c45ec4a21c02,ABELL2146_bin127_obs10888_ccd7.arf,d739bc9b0cdae594306314d04aa343003d30ad9450c387f5b54034838d1a481a,ABELL2146_bin127_obs10888_ccd7.rmf,f282c6006ffd173ab8d73fe5a02fec4027c8762c0ff4380dce2f62ffaba2bf1c,7116480,True
4059,ABELL2146,128,10888,7,ABELL2146_bin128_obs10888_ccd7,/home/henry/sigma-v19dr-ccd7-background/v100/completed/ABELL2146_bin128_obs10888_ccd7,f5052266df9f3af01cccd309ef8918b35b42a499304059c65c7afe6b896a86bd,50,1515,227,0.015882602,0.015882601999999926,ABELL2146_bin128_obs10888_ccd7.pi,d60fe6c2d2b366eac060a2ac49adcc530befab521f9d32e5d5fbea520ddb8b13,ABELL2146_bin128_obs10888_ccd7_bkg.pi,65819a5aa96ba0bccc1166e5a98703a6f40786214541e4639be6e983128368c8,ABELL2146_bin128_obs10888_ccd7.arf,48f32426c049e0de34c6ffc834e8240330f86a9702bc5e5146dfe94d59a010d1,ABELL2146_bin128_obs10888_ccd7.rmf,47b65fa91e03951a7f0292c1fa2e71c4a1c17610cf39568a271a947e323b37fd,7116480,True
4060,ABELL2146,129,10888,7,ABELL2146_bin129_obs10888_ccd7,/home/henry/sigma-v19dr-ccd7-background/v100/completed/ABELL2146_bin129_obs10888_ccd7,47bc532dc4bd4d0cb533a0f845de0ef15d2789637176bb8caa5c63df4dd23ddb,40,1249,170,0.015882602,0.015882601999999926,ABELL2146_bin129_obs10888_ccd7.pi,c857ca98b63dba804c9ddf5a23ad8bb63cb26e17a2eb17527c48c96277c680c3,ABELL2146_bin129_obs10888_ccd7_bkg.pi,eb2ccba1f62b4dc9bd082f30b1a297db4e7db16f059658c2133877f89804a703,ABELL2146_bin129_obs10888_ccd7.arf,b940bd7bfaa8642dc62d7d07c24f1451d22dc751e67d37ae99ea9d3f02347844,ABELL2146_bin129_obs10888_ccd7.rmf,45221b56dedbe001204bca9b61f2d2c702c67848f456bcfebbd231d4e0ba5bcb,7116480,True
4061,ABELL2146,130,10888,7,ABELL2146_bin130_obs10888_ccd7,/home/henry/sigma-v19dr-ccd7-background/v100/completed/ABELL2146_bin130_obs10888_ccd7,6a18b0fb573e01bb89f66996ad8ec86192fd3ac017bf7ee00d4069425d37d1d6,38,1533,178,0.015882602,0.015882601999999926,ABELL2146_bin130_obs10888_ccd7.pi,cbc31da4f8abea11eeb3fc85912b062093f578655e1af0d6ffaf472a0b3eef4d,ABELL2146_bin130_obs10888_ccd7_bkg.pi,4a88dde41e66c726bb1411bb8f6bb6b7298d9f8638ee6186ea11495f00c57b29,ABELL2146_bin130_obs10888_ccd7.arf,35af4cc33a7ad5240ac65e7a7a284d73dec2ae446ead635f8154a7d7b5e49a95,ABELL2146_bin130_obs10888_ccd7.rmf,06ccfcc00201ca0b4471318f4b923ec5e341ce007440045290443861deda3d9d,7119360,True
4062,ABELL2146,131,10888,7,ABELL2146_bin131_obs10888_ccd7,/home/henry/sigma-v19dr-ccd7-background/v100/completed/ABELL2146_bin131_obs10888_ccd7,3c847f57d38496b9b2073cc2a6621dabbdfa22581f597a919a8117fb78ab335d,45,1488,212,0.015882602,0.015882601999999926,ABELL2146_bin131_obs10888_ccd7.pi,6be815152ac58150044a0f0b4b744c75487fff47cb308f9eaf0813ee7a5207ae,ABELL2146_bin131_obs10888_ccd7_bkg.pi,9e0c239667ef97f8c88611f8e7969e11e78574bcf2a15a38f727982e36c75b37,ABELL2146_bin131_obs10888_ccd7.arf,4cf3917c39e214193dc46df79672ea58ecca2151263a7b2a16764579eab3265b,ABELL2146_bin131_obs10888_ccd7.rmf,f227122c0c8193cc74ebf90a294cf44351dc7f37a43c5972f1fec8a0dafca155,7119360,True
4063,ABELL2146,132,10888,7,ABELL2146_bin132_obs10888_ccd7,/home/henry/sigma-v19dr-ccd7-background/v100/completed/ABELL2146_bin132_obs10888_ccd7,6a25be16e0940dace458aca85e0f31e5aa48ba58d85b4acb3e2ff7fabe9679ab,43,1130,157,0.015882602,0.015882601999999926,ABELL2146_bin132_obs10888_ccd7.pi,19ffd11a061d5b19cab808272aa5e2fb020147e0c6071b0a4ba3019c866b55ec,ABELL2146_bin132_obs10888_ccd7_bkg.pi,feb7d2b3979e9c16d79be958d90d9cb06bb34b005c1a74cc677d3a4afe9d75b5,ABELL2146_bin132_obs10888_ccd7.arf,69ff25c3b2f00998107d048ff057befff3892c1c55024e5df03c3b237a7e13c2,ABELL2146_bin132_obs10888_ccd7.rmf,c34df4e680cadf8c8f36b8db69b314baf615eedb3397c3f4ef025912b026c361,7116480,True
4064,ABELL2146,133,10888,7,ABELL2146_bin133_obs10888_ccd7,/home/henry/sigma-v19dr-ccd7-background/v100/completed/ABELL2146_bin133_obs10888_ccd7,76389c9a04ad56e1c63efc9f5c0dd5c5be18f321e0b55f48f4e5b7406a574d68,34,1294,149,0.015882602,0.015882601999999926,ABELL2146_bin133_obs10888_ccd7.pi,7c41a4197232145507abd1ed665da9c2ab0126f5b8e99c149685c351d50fb8a7,ABELL2146_bin133_obs10888_ccd7_bkg.pi,cbaef0a9763b01f743eb305ef00a217b26b6e47c7956823fa40da41fe90707cb,ABELL2146_bin133_obs10888_ccd7.arf,6fb48bdd2777361d9c14ae308aa25bbcfbfb60295c69d86f4ed79436992a0a21,ABELL2146_bin133_obs10888_ccd7.rmf,9dfc8e295e73f3a52a9b544b874c6e18ebaf99987fc945342a437927dfdbf398,7116480,True
4065,ABELL2146,134,10888,7,ABELL2146_bin134_obs10888_ccd7,/home/henry/sigma-v19dr-ccd7-background/v100/completed/ABELL2146_bin134_obs10888_ccd7,535e6449c10d5b99e5ab214a300af3f887950104d062c006fd948ff132078e05,46,1576,196,0.015882602,0.015882601999999926,ABELL2146_bin134_obs10888_ccd7.pi,03a77352f877bd75c6f74227367cae41da3fb6a77794a0950f0a2a9d5cfab3a6,ABELL2146_bin134_obs10888_ccd7_bkg.pi,150c0c0e73d294e50017191f397e9e27e6ae83e7f6d641e3350d4d405fa746b4,ABELL2146_bin134_obs10888_ccd7.arf,0a5b87b3fc4771d6330ac0b38e72fb669a0de11f2c2f13caf20779572cd9c56b,ABELL2146_bin134_obs10888_ccd7.rmf,d41c5327b71789577f0e7344a817af0e919e95ebf118fd00f59d8fd31569cee9,7119360,True
4066,ABELL2146,135,10888,7,ABELL2146_bin135_obs10888_ccd7,/home/henry/sigma-v19dr-ccd7-background/v100/completed/ABELL2146_bin135_obs10888_ccd7,0de1da7e470cc85d41e5d3a218793cec1feb97303e2d09d78e61ccab1109a12f,39,1377,187,0.015882602,0.015882601999999926,ABELL2146_bin135_obs10888_ccd7.pi,af44ec3e53ce65cbf08d3597180056064892d7a10fa1fa1ba3999fbb45bdb799,ABELL2146_bin135_obs10888_ccd7_bkg.pi,6fec20f35760e0ed26da2f6a3db7a9d7d3bb27843c231f0b2c682520963e4a42,ABELL2146_bin135_obs10888_ccd7.arf,4ab5e8590150c7783164b4c998659a4b746771c121ff6eaf834da0e3f0e525a7,ABELL2146_bin135_obs10888_ccd7.rmf,2cdc8ed56a55d3fa738217383639eadc5423d611d749edacbdcaa8c507c49a0f,7116480,True
4067,ABELL2146,136,10888,7,ABELL2146_bin136_obs10888_ccd7,/home/henry/sigma-v19dr-ccd7-background/v100/completed/ABELL2146_bin136_obs10888_ccd7,4c1fa4a334627a863487916d94ec846c5c25eb0121e5a6840b95d5c903d26352,39,1412,201,0.015882602,0.015882601999999926,ABELL2146_bin136_obs10888_ccd7.pi,dda1558e384a35d19afdc0be7b3ecb68847fed66f24c3953006ff7de01947b78,ABELL2146_bin136_obs10888_ccd7_bkg.pi,3b447c7421010b009184824693ff06ae4cd489d06de62f79ea288abdcb157351,ABELL2146_bin136_obs10888_ccd7.arf,73ef6759f4cb9b1bcb0fb88df00ae6547fabfca50940f85566933eeaa82ea5d7,ABELL2146_bin136_obs10888_ccd7.rmf,c9711872eddf2727fed96815efbb8655d4f0e7af94044537a7900b7b73eeec5a,7119360,True
4068,ABELL2146,137,10888,7,ABELL2146_bin137_obs10888_ccd7,/home/henry/sigma-v19dr-ccd7-background/v100/completed/ABELL2146_bin137_obs10888_ccd7,ec24137d4a2df69375789fc71704df502c451428ffa783a00de38e022a4c9437,53,2042,252,0.015882602,0.015882601999999926,ABELL2146_bin137_obs10888_ccd7.pi,804257e8217478e09d27633395f094f3735f6ba469071d1fd0d92830c897c7a3,ABELL2146_bin137_obs10888_ccd7_bkg.pi,71386352d888c65c2341ef780d7a4d429b76a7bda532be405a250161cc827423,ABELL2146_bin137_obs10888_ccd7.arf,259ed7b4cf1614410e61ea968ea518a5123ac60e8d51c5a5b6cf668e7afa9a17,ABELL2146_bin137_obs10888_ccd7.rmf,7d2914d0699d57354a320c1b3f8872878c35d933ef29efaf19a851ec938c6400,7119360,True
