model,scenario,galaxy,galaxy_index,objective_inner,optimizer_success,finite_fit,evaluations,any_parameter_at_boundary,disk_log_shift,bulge_log_shift,distance_z,inclination_z,disk_mass_to_light,bulge_mass_to_light,distance_scale,inclination_adjusted_deg,nfw_V200_km_s,nfw_concentration,message
fixed_RAR,invariant,CamB,0,46.33718987231147,True,True,260,True,-0.7349956717414817,1.4879011688816799e-08,-3.439279194126618,-5.0,0.23975376720148647,0.700000010415308,0.7663358954516932,40.0,,,CONVERGENCE: RELATIVE REDUCTION OF F <= FACTR*EPSMCH
fixed_RAR,invariant,D631-7,1,56.32430609481946,True,True,290,False,-0.6754541280491696,-3.8524696879148405e-08,-1.3131310744087275,-3.6327131684092318,0.25446262544491793,0.6999999730327127,0.9698469089392227,48.1018604947723,,,CONVERGENCE: RELATIVE REDUCTION OF F <= FACTR*EPSMCH
fixed_RAR,invariant,DDO064,2,15.779022835016175,True,True,295,False,-0.05425429075028872,-7.376148397372812e-10,-0.2220256826237556,0.30598351171899524,0.4735956069551327,0.6999999994836695,0.9355621459079565,61.529917558594974,,,CONVERGENCE: RELATIVE REDUCTION OF F <= FACTR*EPSMCH
fixed_RAR,invariant,DDO154,3,12.630101386589756,True,True,295,False,-0.45043910403841303,-3.281214927719103e-08,-1.1223297023350207,-1.1509054178812648,0.3186741139938436,0.6999999770314959,0.9459544356612242,60.54728374635621,,,CONVERGENCE: RELATIVE REDUCTION OF F <= FACTR*EPSMCH
fixed_RAR,invariant,DDO161,4,35.4364560055115,True,True,435,False,-0.4175329752562913,0.0,-2.01794914251032,0.23185449150727522,0.32933488584269555,0.7,0.5458643688731016,72.31854491507275,,,CONVERGENCE: RELATIVE REDUCTION OF F <= FACTR*EPSMCH
fixed_RAR,invariant,DDO168,5,29.74900272381692,True,True,285,False,-0.17097976715920082,-8.742529482363584e-09,-1.1948996288159566,-1.4878821824358757,0.42141931315942566,0.6999999938802294,0.9426670826915602,54.07270690538475,,,CONVERGENCE: RELATIVE REDUCTION OF F <= FACTR*EPSMCH
fixed_RAR,invariant,DDO170,6,7.533458466608687,True,True,410,False,0.00720459132168746,-2.7873029721434796e-09,-1.248451669583635,-0.22087701938188767,0.5036153034146245,0.6999999980488879,0.6876085982155856,64.45386086432678,,,CONVERGENCE: RELATIVE REDUCTION OF F <= FACTR*EPSMCH
fixed_RAR,invariant,ESO079-G014,7,38.71728207059306,True,True,435,False,-0.026084458953812846,-1.931109765314429e-09,0.456579183422632,0.2627514809084719,0.48712640088071973,0.6999999986482232,1.120825259085388,80.31375740454236,,,CONVERGENCE: RELATIVE REDUCTION OF F <= FACTR*EPSMCH
fixed_RAR,invariant,ESO116-G012,8,22.213983644309724,True,True,510,False,-0.4392677329980827,1.1189104484560601e-08,1.1814233468079995,0.27274688279490994,0.3222541002077354,0.7000000078323732,1.4253636926119886,74.81824064838473,,,CONVERGENCE: RELATIVE REDUCTION OF F <= FACTR*EPSMCH
fixed_RAR,invariant,ESO563-G021,9,243.173603406095,True,True,660,False,0.4138175586271243,4.850245107662317e-09,0.31122578115484634,0.43463867012809226,0.7562905721646423,0.7000000033951715,1.0476834515989208,84.30391601038427,,,CONVERGENCE: RELATIVE REDUCTION OF F <= FACTR*EPSMCH
fixed_RAR,invariant,F568-3,10,38.027767945432856,True,True,355,False,-0.31766281349038716,-3.015504628971223e-08,-0.7599637238938914,0.8299047721086128,0.36392408381308033,0.6999999788914679,0.9268195686937857,48.299047721086126,,,CONVERGENCE: RELATIVE REDUCTION OF F <= FACTR*EPSMCH
fixed_RAR,invariant,F568-V1,11,25.949209296446043,True,True,385,False,0.20943815924204445,-3.0448245231337726e-09,0.5952150854605786,2.07422550697588,0.6164925620092592,0.6999999978686228,1.061328588368869,60.7422550697588,,,CONVERGENCE: RELATIVE REDUCTION OF F <= FACTR*EPSMCH
fixed_RAR,invariant,F571-8,12,83.48864121368041,True,True,375,False,-0.6954739732292561,-1.1578234531238089e-08,0.3299720200384668,0.2087841428397779,0.24941897805361107,0.6999999918952359,1.0684852996960457,86.04392071419889,,,CONVERGENCE: RELATIVE REDUCTION OF F <= FACTR*EPSMCH
fixed_RAR,invariant,F574-1,13,19.82046932443162,True,True,385,False,0.13886799497974184,-3.077886809727558e-08,0.44130853926535163,0.9019932659827232,0.5744862099324975,0.6999999784547926,1.045119103879617,74.01993265982723,,,CONVERGENCE: RELATIVE REDUCTION OF F <= FACTR*EPSMCH
fixed_RAR,invariant,F583-1,14,41.540810104264565,True,True,345,False,-0.004241501241549305,0.0,1.0194286383375055,0.9420876720071958,0.497883740610323,0.7,1.2902773039628834,67.71043836003598,,,CONVERGENCE: RELATIVE REDUCTION OF F <= FACTR*EPSMCH
fixed_RAR,invariant,F583-4,15,14.084671491723629,True,True,335,False,-0.094259657606158,-4.319600048449348e-09,-0.6441695608168609,0.060784546410379725,0.45502321554085795,0.6999999969762799,0.8786950749029682,55.6078454641038,,,CONVERGENCE: RELATIVE REDUCTION OF F <= FACTR*EPSMCH
fixed_RAR,invariant,IC2574,16,42.18641969407051,True,True,370,False,-0.8154335755596022,-1.4242956243377958e-08,-1.3143220005419434,-2.482454345149587,0.22122372568333262,0.6999999900299306,0.9349813028635324,57.62281958395289,,,CONVERGENCE: RELATIVE REDUCTION OF F <= FACTR*EPSMCH
fixed_RAR,invariant,IC4202,17,381.6996186858413,True,True,670,False,0.4467513539657767,-0.5259010457551504,-0.07982833982518121,0.0,0.7816127805614749,0.4137158101871992,0.9920804959652758,89.5,,,CONVERGENCE: RELATIVE REDUCTION OF F <= FACTR*EPSMCH
fixed_RAR,invariant,KK98-251,18,15.173687304054626,True,True,290,False,-0.08992211520269129,2.126624841118737e-08,-2.4899172604531112,-0.6013261540356536,0.4570011846941957,0.700000014886374,0.4737975405681588,55.99336922982173,,,CONVERGENCE: RELATIVE REDUCTION OF F <= FACTR*EPSMCH
fixed_RAR,invariant,NGC0024,19,50.88718055228244,True,True,455,False,0.725079990098082,1.4134764905275308e-08,0.8618381780170783,1.1757233215571858,1.032448132307683,0.7000000098943354,1.0434177350007894,67.52716996467156,,,CONVERGENCE: RELATIVE REDUCTION OF F <= FACTR*EPSMCH
fixed_RAR,invariant,NGC0055,20,38.87647410201653,True,True,345,False,-0.8330075085377737,-9.794841587770909e-09,-3.3089435249855113,-1.9820475332232534,0.21736991722544238,0.6999999931436108,0.8415547838889718,71.05385740033024,,,CONVERGENCE: RELATIVE REDUCTION OF F <= FACTR*EPSMCH
fixed_RAR,invariant,NGC0100,21,29.53845921797448,True,True,410,False,-0.23608994019223276,-8.234187417031652e-09,-0.09317855948643494,0.004091795048045836,0.39485482205071687,0.6999999942360687,0.9724335179359337,89.00409179504804,,,CONVERGENCE: RELATIVE REDUCTION OF F <= FACTR*EPSMCH
fixed_RAR,invariant,NGC0247,22,40.73680217363549,True,True,505,False,0.14741032652374964,-1.2700115196152227e-07,-1.1870787535625904,-0.291905153683959,0.5794146819564513,0.6999999110991992,0.9408626628306562,73.12428453894812,,,CONVERGENCE: RELATIVE REDUCTION OF F <= FACTR*EPSMCH
fixed_RAR,invariant,NGC0289,23,58.00558739278213,True,True,510,False,0.39673323892766676,1.4481423541794071e-08,-1.6516422253282537,0.6062248877890337,0.7434796071524883,0.7000000101369965,0.661721466976144,49.03112443894517,,,CONVERGENCE: RELATIVE REDUCTION OF F <= FACTR*EPSMCH
fixed_RAR,invariant,NGC0300,24,34.41651517545165,True,True,400,False,-0.08350172786154228,-1.071288932516321e-08,-0.33645876647917866,0.349263549547975,0.45994474861408896,0.6999999925009774,0.9839542250849226,45.49263549547975,,,CONVERGENCE: RELATIVE REDUCTION OF F <= FACTR*EPSMCH
fixed_RAR,invariant,NGC0801,25,87.49527297550813,True,True,505,True,0.485688142224988,-1.9075072332982122e-07,-5.0,-0.387571054916455,0.8126465284462505,0.6999998664745064,0.6065306597126334,79.61242894508355,,,CONVERGENCE: RELATIVE REDUCTION OF F <= FACTR*EPSMCH
fixed_RAR,invariant,NGC0891,26,64.74380533744011,True,True,600,False,-0.4148357468936275,-0.3997919585340386,2.243405718224958,-1.432750367181547e-07,0.33022437627776347,0.4693216604354818,1.1198435485918903,89.5,,,CONVERGENCE: RELATIVE REDUCTION OF F <= FACTR*EPSMCH
fixed_RAR,invariant,NGC1003,27,52.05193096825946,True,True,545,False,-0.2173381045671403,-6.89566504793099e-09,-0.4881975286400256,0.8385853362931345,0.402328932404315,0.6999999951730345,0.8637609224540594,71.19292668146568,,,CONVERGENCE: RELATIVE REDUCTION OF F <= FACTR*EPSMCH
fixed_RAR,invariant,NGC1090,28,50.75595078853439,True,True,565,False,0.24694178364666317,-4.742883071692809e-08,-1.3470341452307197,0.21233400406685204,0.6400522937940097,0.6999999667998192,0.7140812437809838,64.63700201220055,,,CONVERGENCE: RELATIVE REDUCTION OF F <= FACTR*EPSMCH
fixed_RAR,invariant,NGC2403,29,114.29326691724636,True,True,605,False,-0.3049224551565596,0.0,2.1025576378248765,3.0092533810134814,0.3685902683622923,0.7,1.1123318911632725,72.02776014304044,,,CONVERGENCE: RELATIVE REDUCTION OF F <= FACTR*EPSMCH
fixed_RAR,invariant,NGC2683,30,17.49825032542713,True,True,580,False,0.06316166603687272,0.02867438473848447,-0.10608949215731776,0.03778760930837402,0.5325995159090193,0.7203626168782348,0.9947149478944797,80.18893804654186,,,CONVERGENCE: RELATIVE REDUCTION OF F <= FACTR*EPSMCH
fixed_RAR,invariant,NGC2841,31,80.83297725473545,True,True,575,False,0.36200870688479186,0.22285648382147424,1.6161720907873578,0.9319323021795742,0.7181057234167585,0.8747488519937954,1.1740637104022378,85.31932302179574,,,CONVERGENCE: RELATIVE REDUCTION OF F <= FACTR*EPSMCH
fixed_RAR,invariant,NGC2903,32,136.19952690085202,True,True,755,False,-0.7878419971113203,2.3010745965842233e-07,1.5008923711026139,0.8573450208516439,0.227412625597218,0.7000001610752403,1.5687320966374094,68.57203506255493,,,CONVERGENCE: RELATIVE REDUCTION OF F <= FACTR*EPSMCH
fixed_RAR,invariant,NGC2915,33,79.45181493705648,True,True,310,False,0.3935678133540295,5.1689955814530206e-08,1.9721377009224823,2.9361380914816513,0.741129898666187,0.70000003618297,1.1020252688288092,67.74455236592661,,,CONVERGENCE: RELATIVE REDUCTION OF F <= FACTR*EPSMCH
fixed_RAR,invariant,NGC2955,34,58.43812652382778,True,True,625,False,-0.5111783085291585,0.12397000947562442,-0.8483721347767454,0.3644899428523728,0.29989421322683774,0.7923873452310778,0.9185822129548681,58.55142959996661,,,CONVERGENCE: RELATIVE REDUCTION OF F <= FACTR*EPSMCH
fixed_RAR,invariant,NGC2976,35,32.519253377630584,True,True,390,False,-0.34626824758693253,-4.25888704575708e-08,-0.41383948747941707,0.05905075869832171,0.35366136202099535,0.6999999701877913,0.979407411850808,61.590507586983215,,,CONVERGENCE: RELATIVE REDUCTION OF F <= FACTR*EPSMCH
fixed_RAR,invariant,NGC2998,36,38.92735637413048,True,True,480,False,0.25173605331248233,7.451201450687748e-11,-1.1760264331137356,-0.14450171465876654,0.6431282446679377,0.7000000000521583,0.8384964526587021,57.71099657068247,,,CONVERGENCE: RELATIVE REDUCTION OF F <= FACTR*EPSMCH
fixed_RAR,invariant,NGC3109,37,31.05440284953166,True,True,315,False,-0.24573022885466037,2.0761921193963407e-08,0.0585218194552862,0.6048295009931905,0.39106659671749533,0.700000014533345,1.0030848441296445,73.02414750496595,,,CONVERGENCE: RELATIVE REDUCTION OF F <= FACTR*EPSMCH
fixed_RAR,invariant,NGC3198,38,57.06446842327086,True,True,635,False,-0.045689900915236184,-2.020460490112236e-08,-0.06853336650872745,0.35063063532071087,0.4776690828764771,0.6999999858567767,0.9930714534552186,74.05189190596214,,,CONVERGENCE: RELATIVE REDUCTION OF F <= FACTR*EPSMCH
fixed_RAR,invariant,NGC3521,39,71.97410402288239,True,True,600,False,0.26537781238503644,-5.5782575799679435e-09,-0.6949017350366558,0.44885957627858614,0.6519617605915381,0.6999999960952196,0.8125579447341827,77.24429788139292,,,CONVERGENCE: RELATIVE REDUCTION OF F <= FACTR*EPSMCH
fixed_RAR,invariant,NGC3726,40,24.44545003025661,True,True,445,False,-0.07864563255152314,-1.645365221717785e-08,-1.8566432798332042,-0.4649115764730077,0.46218371607050457,0.6999999884824435,0.7726978996833599,52.070176847053986,,,CONVERGENCE: RELATIVE REDUCTION OF F <= FACTR*EPSMCH
fixed_RAR,invariant,NGC3741,41,19.4191409950542,True,True,340,False,-0.2677324900450879,-3.829778889125695e-08,0.08491310251783707,0.3306050420206238,0.3825562144601713,0.6999999731915483,1.004507082063575,71.3224201680825,,,CONVERGENCE: RELATIVE REDUCTION OF F <= FACTR*EPSMCH
fixed_RAR,invariant,NGC3769,42,17.876720541488396,True,True,410,False,-0.27332359434317965,-6.92688431974033e-09,-0.43648618184381877,0.016996383052083012,0.3804232710760966,0.6999999951511809,0.9411779209468053,70.03399276610416,,,CONVERGENCE: RELATIVE REDUCTION OF F <= FACTR*EPSMCH
fixed_RAR,invariant,NGC3877,43,47.031122108224885,True,True,485,False,-0.12184656609403964,5.188125940629001e-09,-0.06874919606464797,0.05094268603346905,0.44264209534687954,0.7000000036316881,0.9904969427176205,76.05094268603347,,,CONVERGENCE: RELATIVE REDUCTION OF F <= FACTR*EPSMCH
fixed_RAR,invariant,NGC3893,44,16.458997648013092,True,True,535,False,-0.12264318209873637,1.2332360942623049e-09,0.5883126865655447,0.4496201076081317,0.44228961998177224,0.7000000008632653,1.085141176758774,49.89924021521627,,,CONVERGENCE: RELATIVE REDUCTION OF F <= FACTR*EPSMCH
fixed_RAR,invariant,NGC3917,45,32.29436112842323,True,True,595,False,0.05160015167038658,-3.760919767388195e-08,0.11941443118794942,0.11220275981590895,0.5264773180886043,0.699999973673562,1.0167236379052091,79.22440551963182,,,CONVERGENCE: RELATIVE REDUCTION OF F <= FACTR*EPSMCH
fixed_RAR,invariant,NGC3953,46,13.05751963027238,True,True,505,False,0.09068719969978957,6.684824824816153e-09,-0.06325678521546586,0.04038485710938385,0.5474632291809942,0.7000000046793774,0.9912528165613983,62.04038485710938,,,CONVERGENCE: RELATIVE REDUCTION OF F <= FACTR*EPSMCH
fixed_RAR,invariant,NGC3972,47,16.44964110650385,True,True,425,False,0.04375337332331063,-9.544267474751576e-09,0.1874956755872188,0.04028755420756416,0.5223623330704122,0.6999999933190127,1.0263830971114623,77.04028755420757,,,CONVERGENCE: RELATIVE REDUCTION OF F <= FACTR*EPSMCH
fixed_RAR,invariant,NGC3992,48,21.12318412539454,True,True,460,False,0.33637810997233386,-6.013144960256456e-09,-0.5184700193831266,-0.09314222655190992,0.6999341144466265,0.6999999957907985,0.9509292107152205,55.813715546896184,,,CONVERGENCE: RELATIVE REDUCTION OF F <= FACTR*EPSMCH
fixed_RAR,invariant,NGC4010,49,23.521142700648507,True,True,405,False,-0.25646745083568523,4.635563911706145e-09,-0.29625910621706014,0.0014558780942805054,0.3868900900239054,0.7000000032448948,0.9596879513039905,89.00145587809428,,,CONVERGENCE: RELATIVE REDUCTION OF F <= FACTR*EPSMCH
fixed_RAR,invariant,NGC4013,50,56.50134576702374,True,True,600,False,-0.04092990018411855,0.17136921189069104,-1.1766585430676824,0.0021925985381607274,0.4799482080757168,0.8308502274758546,0.8492303607205485,89.00219259853816,,,CONVERGENCE: RELATIVE REDUCTION OF F <= FACTR*EPSMCH
fixed_RAR,invariant,NGC4088,51,20.74381208230057,True,True,430,False,-0.32622061749338277,-2.7018958741188615e-08,-1.6679855067493168,-0.22394829932184726,0.36082298107257077,0.6999999810867291,0.793212079434402,68.5521034013563,,,CONVERGENCE: RELATIVE REDUCTION OF F <= FACTR*EPSMCH
fixed_RAR,invariant,NGC4100,52,37.422191477007715,True,True,550,False,0.162565463830759,-7.688447339906954e-10,-0.019924091208600687,0.1622493968154178,0.5882626678916018,0.6999999994618086,0.9972365903751024,73.32449879363084,,,CONVERGENCE: RELATIVE REDUCTION OF F <= FACTR*EPSMCH
fixed_RAR,invariant,NGC4157,53,26.562196569889874,True,True,425,False,-0.10125048861128552,-0.07135914954420502,-1.2990336097345347,-0.061270171006247084,0.45185331815591345,0.6517891926562003,0.8349183572289539,81.81618948698126,,,CONVERGENCE: RELATIVE REDUCTION OF F <= FACTR*EPSMCH
fixed_RAR,invariant,NGC4183,54,41.13378634952468,True,True,445,False,0.3240441752610654,-1.607737458013289e-08,-1.613517414444261,-0.03180823140443415,0.6913541936371694,0.6999999887458379,0.7992354938617522,81.93638353719113,,,CONVERGENCE: RELATIVE REDUCTION OF F <= FACTR*EPSMCH
fixed_RAR,invariant,NGC4217,55,59.97415825543254,True,True,660,False,0.748965214152468,-1.2633299002525145,-0.01970088287247548,0.03334996334130745,1.057405253993951,0.19789774042679079,0.9972675063432127,86.06669992668262,,,CONVERGENCE: RELATIVE REDUCTION OF F <= FACTR*EPSMCH
fixed_RAR,invariant,NGC4559,56,39.07987754942578,True,True,420,False,-0.23106518994347136,2.5811972608410502e-08,-0.5398204929279535,0.11291303555518863,0.39684386194543647,0.7000000180683811,0.8504870038365889,67.1129130355552,,,CONVERGENCE: RELATIVE REDUCTION OF F <= FACTR*EPSMCH
fixed_RAR,invariant,NGC5005,57,36.54440448631148,True,True,490,False,0.04154679782394367,-0.2173049083764034,-0.2508242092519397,0.08640057766285698,0.5212109718943103,0.563279203779568,0.9779834769934524,68.17280115532571,,,CONVERGENCE: RELATIVE REDUCTION OF F <= FACTR*EPSMCH
fixed_RAR,invariant,NGC5033,58,34.71249047390347,True,True,570,False,0.08112360472647193,-0.5657283103036089,0.43429019348669856,0.12782089291789592,0.5422524691093724,0.3975624484364543,1.1388402728556513,66.1278208929179,,,CONVERGENCE: RELATIVE REDUCTION OF F <= FACTR*EPSMCH
fixed_RAR,invariant,NGC5055,59,31.517806611930947,True,True,620,False,-0.08080399206157961,-5.134505638892174e-07,-0.44981767174188125,-1.1115226279710175,0.4611872332224906,0.6999996405846975,0.9864616406753859,48.330864232173894,,,CONVERGENCE: RELATIVE REDUCTION OF F <= FACTR*EPSMCH
fixed_RAR,invariant,NGC5371,60,128.268118297579,True,True,625,True,1.4656574351017022,-6.440362009008367e-09,-5.0,-1.2080366610989415,2.1651946272817053,0.6999999954917465,0.2866852723168134,50.58392667780212,,,CONVERGENCE: RELATIVE REDUCTION OF F <= FACTR*EPSMCH
fixed_RAR,invariant,NGC5585,61,41.723141787081985,True,True,505,False,-0.6256916425056933,6.480264279537615e-09,-0.07839932105651724,0.8013180654213896,0.26744567348009485,0.7000000045361849,0.9767329454009956,52.60263613084278,,,CONVERGENCE: RELATIVE REDUCTION OF F <= FACTR*EPSMCH
fixed_RAR,invariant,NGC5907,62,105.49127088233476,True,True,630,True,0.4030354392754445,4.040975079216837e-08,-5.0,-0.35352382172871694,0.7481799603176572,0.7000000282868261,0.7709624520442524,87.29295235654257,,,CONVERGENCE: RELATIVE REDUCTION OF F <= FACTR*EPSMCH
fixed_RAR,invariant,NGC5985,63,143.7803999882868,True,True,695,False,-0.10192449014597456,1.3194645334707749,1.434075721938189,0.9987465110924499,0.4515488709364939,2.618992205884536,1.429916227132083,61.9974930221849,,,CONVERGENCE: RELATIVE REDUCTION OF F <= FACTR*EPSMCH
fixed_RAR,invariant,NGC6015,64,147.72403052831754,True,True,735,False,0.9367357655862218,1.6411767124264782e-07,-1.7399183856136662,1.6821652677859733,1.2758193313239283,0.7000001148823793,0.5933472226460408,63.364330535571945,,,CONVERGENCE: RELATIVE REDUCTION OF F <= FACTR*EPSMCH
fixed_RAR,invariant,NGC6195,65,50.76908872811631,True,True,580,False,-0.5261035842437697,0.22138654395512639,-1.5462661253902639,-0.6345410267214029,0.29545144664100353,0.8734639683653986,0.8565277223556188,58.82729486639298,,,CONVERGENCE: RELATIVE REDUCTION OF F <= FACTR*EPSMCH
fixed_RAR,invariant,NGC6503,66,36.217919303774146,True,True,645,False,-0.14990329529233656,0.0,1.0110749521142113,0.585336142536038,0.43039560748150796,0.7,1.0513438541008215,75.17067228507207,,,CONVERGENCE: RELATIVE REDUCTION OF F <= FACTR*EPSMCH
fixed_RAR,invariant,NGC6674,67,53.47654656708144,True,True,730,False,1.2617130289455043,0.36312117326450655,-2.201859866118253,-0.9985589908178529,1.7657329059958946,1.0064670509783726,0.6449053157794831,48.00864605509288,,,CONVERGENCE: RELATIVE REDUCTION OF F <= FACTR*EPSMCH
fixed_RAR,invariant,NGC6946,68,77.25808434317246,True,True,625,False,0.1277360334009511,-0.047622141981230263,-1.1415926302838106,1.4262185465485089,0.5681265151296967,0.6674458030611863,0.7094217835404688,40.852437093097016,,,CONVERGENCE: RELATIVE REDUCTION OF F <= FACTR*EPSMCH
fixed_RAR,invariant,NGC7331,69,48.46581221786497,True,True,615,False,-0.2967063962675098,-0.1933344483882513,-0.2554687679802329,0.15831257144231936,0.3716311024434381,0.5769443915046624,0.9742686016620973,75.31662514288463,,,CONVERGENCE: RELATIVE REDUCTION OF F <= FACTR*EPSMCH
fixed_RAR,invariant,NGC7793,70,65.86735882277797,True,True,450,False,-0.377895385001036,-4.2189027271547977e-08,-0.5498351699132212,0.8471728894899102,0.3426510949019009,0.6999999704676815,0.9729567927110873,54.62455600540919,,,CONVERGENCE: RELATIVE REDUCTION OF F <= FACTR*EPSMCH
fixed_RAR,invariant,NGC7814,71,30.605824821479146,True,True,620,False,0.83293973807829,-0.24634053310028048,1.214607121770122,-3.06783567378598e-07,1.1500352079536094,0.5471591999004892,1.057248198141641,89.5,,,CONVERGENCE: RELATIVE REDUCTION OF F <= FACTR*EPSMCH
fixed_RAR,invariant,UGC00128,72,52.584965220195,True,True,765,False,1.4253313703435104,-5.067688187537667e-08,-2.455044072948689,-0.5850145949889142,2.079617930921174,0.6999999645261835,0.6912814855875858,51.14985405011086,,,CONVERGENCE: RELATIVE REDUCTION OF F <= FACTR*EPSMCH
fixed_RAR,invariant,UGC00191,73,11.167451561073642,True,True,360,False,-0.011010472879977183,3.737880893482935e-09,0.23270221186111095,0.6083881836946645,0.4945249602600097,0.7000000026165166,1.071867456911678,48.04194091847332,,,CONVERGENCE: RELATIVE REDUCTION OF F <= FACTR*EPSMCH
fixed_RAR,invariant,UGC00731,74,29.614799846151808,True,True,335,False,0.8451501246263579,3.555498813790333e-09,0.12968304355684002,0.540385259609117,1.1641636638022084,0.7000000024888491,1.0396716197643041,58.62115577882735,,,CONVERGENCE: RELATIVE REDUCTION OF F <= FACTR*EPSMCH
fixed_RAR,invariant,UGC01281,75,29.67476632296972,True,True,340,False,-0.22824109370972107,-2.239379206563678e-08,-0.2343403994877238,-1.4897736277747972e-07,0.39796617121011074,0.6999999843243457,0.9893846957180435,89.5,,,CONVERGENCE: RELATIVE REDUCTION OF F <= FACTR*EPSMCH
fixed_RAR,invariant,UGC02259,76,17.114730384644787,True,True,435,False,0.41886240536365693,-2.41702679647151e-08,0.39023870896380775,0.7642271244298882,0.7601155823722708,0.6999999830808126,1.1221127958662098,43.29268137328967,,,CONVERGENCE: RELATIVE REDUCTION OF F <= FACTR*EPSMCH
fixed_RAR,invariant,UGC02487,77,39.11686626490968,True,True,780,False,0.3178886678087447,0.32343235962957023,-0.5482171868837395,1.31898459270462,0.6871116287120359,0.9673038783821064,0.9208019933436623,42.5949229635231,,,CONVERGENCE: RELATIVE REDUCTION OF F <= FACTR*EPSMCH
fixed_RAR,invariant,UGC02885,78,37.257606283449284,True,True,540,False,-0.11215632595977017,0.3497470217763238,0.08043147224059591,0.45670609088448216,0.4469522530486986,0.9930960205673066,1.0080755802288575,65.82682436353792,,,CONVERGENCE: RELATIVE REDUCTION OF F <= FACTR*EPSMCH
fixed_RAR,invariant,UGC02916,79,137.62839710640617,True,True,820,False,0.1713027281390048,-0.537298518367437,-1.4401626058095027,3.209586521685037,0.5934249937655843,0.40902726510770937,0.8058930943770588,66.04793260842519,,,CONVERGENCE: RELATIVE REDUCTION OF F <= FACTR*EPSMCH
fixed_RAR,invariant,UGC02953,80,280.5830086154676,True,True,870,False,0.3128618424289348,-0.03622483254004906,-1.0945586047961047,3.867060040052263,0.6836663053125958,0.6750964047345022,0.7200982762904008,65.46824016020905,,,CONVERGENCE: RELATIVE REDUCTION OF F <= FACTR*EPSMCH
fixed_RAR,invariant,UGC03205,81,138.62977541964287,True,True,625,False,0.1590924485070592,0.5664090377206249,-0.4653416617255618,0.979439950406808,0.5862231662918187,1.2333500608998849,0.9111312384346879,70.91775980162723,,,CONVERGENCE: RELATIVE REDUCTION OF F <= FACTR*EPSMCH
fixed_RAR,invariant,UGC03546,82,58.235937735845596,True,True,640,False,0.023979525573922193,-0.40999765999423626,-0.3865431831659021,0.8467404054615169,0.5121346731744583,0.4645562621584827,0.9075809589288207,59.23370202730759,,,CONVERGENCE: RELATIVE REDUCTION OF F <= FACTR*EPSMCH
fixed_RAR,invariant,UGC03580,83,90.80298492057067,True,True,545,False,-0.0026424873407720176,-1.2779024344304601,-1.3043561791355873,0.9020215500181532,0.49868050047781576,0.19503477980085182,0.7206048471243879,66.60808620007262,,,CONVERGENCE: RELATIVE REDUCTION OF F <= FACTR*EPSMCH
fixed_RAR,invariant,UGC04278,84,40.980607015782056,True,True,355,False,0.120369722885969,-2.335107584946973e-08,0.022547758732257544,0.0,0.5639568950201793,0.699999983654247,1.0067800962470381,89.5,,,CONVERGENCE: RELATIVE REDUCTION OF F <= FACTR*EPSMCH
fixed_RAR,invariant,UGC04325,85,16.381564214175558,True,True,430,False,0.3129316750760225,-1.5358187994590382e-08,0.9958659725892578,0.8505476603168073,0.6837140492074423,0.6999999892492684,1.348185739273639,43.55164298095042,,,CONVERGENCE: RELATIVE REDUCTION OF F <= FACTR*EPSMCH
fixed_RAR,invariant,UGC04483,86,8.773051271908415,True,True,310,False,-0.19220124224971896,7.084456616320137e-09,-1.3631144865208193,-0.8993792745467739,0.41257039929572964,0.7000000049591195,0.8811595098215945,55.30186217635968,,,CONVERGENCE: RELATIVE REDUCTION OF F <= FACTR*EPSMCH
fixed_RAR,invariant,UGC04499,87,10.1251528877932,True,True,370,False,-0.09475551524548792,-1.7573674831562076e-09,-0.5605055641960938,0.05992944947940791,0.45479764473348544,0.6999999987698428,0.8452256302176886,50.17978834843822,,,CONVERGENCE: RELATIVE REDUCTION OF F <= FACTR*EPSMCH
fixed_RAR,invariant,UGC05005,88,19.500845869508005,True,True,320,False,-0.12633661523858555,-1.9233899457118274e-08,-0.8469616546759746,-0.38506950782555177,0.4406590658668154,0.6999999865362705,0.844710387532013,37.14930492174448,,,CONVERGENCE: NORM OF PROJECTED GRADIENT <= PGTOL
fixed_RAR,invariant,UGC05253,89,98.42710852195042,True,True,915,False,-0.10770362627758752,-0.005244779920749612,-1.3365866637721646,2.130164094128338,0.44894683454452683,0.6963382649465439,0.7161577358672377,45.52065637651335,,,CONVERGENCE: RELATIVE REDUCTION OF F <= FACTR*EPSMCH
fixed_RAR,invariant,UGC05716,90,9.4588753000582,True,True,425,False,0.35797082225627935,7.497041252724708e-09,-0.31141817591457355,0.1598954027381294,0.7152119416647617,0.7000000052479288,0.9254371766758256,55.598954027381296,,,CONVERGENCE: RELATIVE REDUCTION OF F <= FACTR*EPSMCH
fixed_RAR,invariant,UGC05721,91,36.29088005232449,True,True,365,False,-0.24638905882709158,-4.5731328817768356e-09,1.9157558224036308,1.0840949301438256,0.3908090351763091,0.699999996798807,1.774443362786562,66.42047465071913,,,CONVERGENCE: RELATIVE REDUCTION OF F <= FACTR*EPSMCH
fixed_RAR,invariant,UGC05750,92,16.223950999658246,True,True,300,False,-0.14108142913845978,-6.887633056676085e-09,-1.022431359053175,-0.36343674912967133,0.43420929712026235,0.6999999951786569,0.8156339989129401,60.365632508703285,,,CONVERGENCE: RELATIVE REDUCTION OF F <= FACTR*EPSMCH
fixed_RAR,invariant,UGC05764,93,13.630142525478623,True,True,355,False,0.36315544024909724,-4.185245521525647e-09,0.7790947533256724,1.039761867713584,0.7189296715430117,0.6999999970703281,1.2631696147867597,70.39761867713584,,,CONVERGENCE: RELATIVE REDUCTION OF F <= FACTR*EPSMCH
fixed_RAR,invariant,UGC05829,94,13.020648344892434,True,True,320,False,0.06372473434066339,1.4482499028437709e-08,-0.8130095077471775,0.20696082072177402,0.5328994902601409,0.7000000101377493,0.7837112299093543,36.06960820721774,,,CONVERGENCE: RELATIVE REDUCTION OF F <= FACTR*EPSMCH
fixed_RAR,invariant,UGC05918,95,8.283687715637711,True,True,315,False,0.040076672274250116,3.584843824079044e-11,-0.15716011213025946,0.26302004112034666,0.5204452892904312,0.7000000000250939,0.9539070276171034,47.31510020560173,,,CONVERGENCE: NORM OF PROJECTED GRADIENT <= PGTOL
fixed_RAR,invariant,UGC05986,96,26.234566299207497,True,True,505,False,-0.3875127983591177,4.0772726623264264e-10,1.6404553931399286,2.3525765066991908e-08,0.33937147369991816,0.700000000285409,1.6361185607863578,89.5,,,CONVERGENCE: RELATIVE REDUCTION OF F <= FACTR*EPSMCH
fixed_RAR,invariant,UGC06399,97,11.172660837077064,True,True,390,False,0.0679874189010705,3.5537360850480985e-08,0.4998844435360553,0.11513855563225865,0.5351759210958241,0.700000024876153,1.0718953053243416,75.23027711126451,,,CONVERGENCE: RELATIVE REDUCTION OF F <= FACTR*EPSMCH
fixed_RAR,invariant,UGC06446,98,21.676080510678396,True,True,430,False,0.41125352087001743,-8.50148470152247e-09,0.3945413469629524,0.5136124280373251,0.7543538984954946,0.6999999940489606,1.125651978336161,52.54083728411197,,,CONVERGENCE: RELATIVE REDUCTION OF F <= FACTR*EPSMCH
fixed_RAR,invariant,UGC06614,99,25.445321634234027,True,True,445,False,-0.06851057671656371,-0.1415154506106894,-0.5191238443664818,-0.45919349245139574,0.46689179184349816,0.6076292345941495,0.9494120464702259,31.408065075486043,,,CONVERGENCE: RELATIVE REDUCTION OF F <= FACTR*EPSMCH
fixed_RAR,invariant,UGC06667,100,20.629087006589906,True,True,320,False,0.6657768811250928,-1.3167711072271326e-09,3.138512635145669,0.015595726760553161,0.9730008731329167,0.6999999990782602,1.5463611607143228,89.01559572676055,,,CONVERGENCE: RELATIVE REDUCTION OF F <= FACTR*EPSMCH
fixed_RAR,invariant,UGC06786,101,78.42144499938925,True,True,735,False,-0.07491341843492158,-0.3157800145964148,1.3543252886730999,1.0280425783366984,0.46391190764452195,0.5104538951730384,1.4026316311145643,67.0841277350101,,,CONVERGENCE: RELATIVE REDUCTION OF F <= FACTR*EPSMCH
fixed_RAR,invariant,UGC06787,102,197.0680687988451,True,True,775,False,0.052504063531700555,-0.851974404242059,1.8392392279812277,2.1120024329885188,0.5269534223268544,0.29860031224506517,1.583089093428531,72.33600729896555,,,CONVERGENCE: RELATIVE REDUCTION OF F <= FACTR*EPSMCH
fixed_RAR,invariant,UGC06818,103,17.75258823617682,True,True,295,False,-0.4647609599504636,0.0,-1.7044766970103342,-0.2732074952428721,0.3141426362917982,0.7,0.7892020757951682,74.18037751427138,,,CONVERGENCE: RELATIVE REDUCTION OF F <= FACTR*EPSMCH
fixed_RAR,invariant,UGC06917,104,13.601826441175142,True,True,420,False,0.019510040324435905,-1.401953096725263e-09,0.46072279121292126,0.3120063799784291,0.5098508024721015,0.6999999990186327,1.0660809666421036,56.624012759956855,,,CONVERGENCE: RELATIVE REDUCTION OF F <= FACTR*EPSMCH
fixed_RAR,invariant,UGC06930,105,16.671888050933205,True,True,375,False,0.0988277070512966,-1.1316385943726714e-08,-0.5555554223974821,-0.1532688030249973,0.5519380465533263,0.6999999920785298,0.9257412830452056,31.233655984875014,,,CONVERGENCE: RELATIVE REDUCTION OF F <= FACTR*EPSMCH
fixed_RAR,invariant,UGC06983,106,23.053014694667226,True,True,480,False,0.2698312931028748,-1.108051263901048e-08,0.5105625402464169,0.2638289860380422,0.6548717346682434,0.6999999922436412,1.0734861794059825,49.26382898603804,,,CONVERGENCE: RELATIVE REDUCTION OF F <= FACTR*EPSMCH
fixed_RAR,invariant,UGC07089,107,17.175533741450863,True,True,360,False,-0.39522768047636386,3.5719640600050392e-09,-1.8712690363268458,-0.19391844988438506,0.33676333645826845,0.7000000025003748,0.7711298690410617,79.41824465034685,,,CONVERGENCE: RELATIVE REDUCTION OF F <= FACTR*EPSMCH
fixed_RAR,invariant,UGC07125,108,16.91205326423422,True,True,355,False,0.10703538787569233,-2.5226657120845017e-08,-2.5210758836266622,0.0,0.5564868197776249,0.6999999823413402,0.47178604885085884,89.5,,,CONVERGENCE: RELATIVE REDUCTION OF F <= FACTR*EPSMCH
fixed_RAR,invariant,UGC07151,109,13.09767096878307,True,True,425,False,-0.014377812451608725,-1.2690716365124715e-08,-0.26758798533357325,1.9243720603503087e-08,0.49286252735108327,0.6999999911164985,0.9868442301734017,89.5,,,CONVERGENCE: RELATIVE REDUCTION OF F <= FACTR*EPSMCH
fixed_RAR,invariant,UGC07323,110,12.28487410641818,True,True,360,False,-0.15252977697032988,6.722673374258869e-09,-0.7250498297003071,0.06499003245252817,0.42926666452715373,0.7000000047058713,0.8045155781988886,47.19497009735758,,,CONVERGENCE: RELATIVE REDUCTION OF F <= FACTR*EPSMCH
fixed_RAR,invariant,UGC07399,111,14.85570500754106,True,True,485,False,0.06737804922862882,-1.1399805061258313e-08,2.2201954126504777,0.740643528969066,0.5348499004637186,0.6999999920201364,1.947062822489953,57.2219305869072,,,CONVERGENCE: RELATIVE REDUCTION OF F <= FACTR*EPSMCH
fixed_RAR,invariant,UGC07524,112,32.860071045805824,True,True,450,False,-0.11564016042063083,-6.668886361202741e-09,-0.2574246127225576,0.36836251370641276,0.44539785459277903,0.6999999953317795,0.9870504191649416,47.10508754111924,,,CONVERGENCE: RELATIVE REDUCTION OF F <= FACTR*EPSMCH
fixed_RAR,invariant,UGC07577,113,27.848222606113794,True,True,300,False,-0.5982143504968691,-5.2485197820080395e-08,-1.4592346739686992,-1.4655016092454831,0.2748962483977079,0.6999999632603625,0.929374556254926,58.60349517226355,,,CONVERGENCE: RELATIVE REDUCTION OF F <= FACTR*EPSMCH
fixed_RAR,invariant,UGC07603,114,15.41770816754854,True,True,360,False,-0.19531971044705393,2.5547778557568907e-09,0.8142506621700019,0.1487612038596704,0.4112858156340431,0.7000000017883445,1.276695627063372,78.446283611579,,,CONVERGENCE: RELATIVE REDUCTION OF F <= FACTR*EPSMCH
fixed_RAR,invariant,UGC08286,115,26.751998219571473,True,True,495,False,0.7316065700529021,1.1871915867158508e-08,0.36658054348356994,-3.49533515638643e-08,1.0392085247159217,0.700000008310341,1.0119137818189783,89.5,,,CONVERGENCE: RELATIVE REDUCTION OF F <= FACTR*EPSMCH
fixed_RAR,invariant,UGC08490,116,32.771947542548325,True,True,380,False,0.3584115898125424,0.0,0.5745472820123046,1.050228885385888,0.7155272533689793,0.7,1.067677826334619,53.15068665615767,,,CONVERGENCE: RELATIVE REDUCTION OF F <= FACTR*EPSMCH
fixed_RAR,invariant,UGC08550,117,8.57570538778164,True,True,365,False,0.04355443987803033,4.497668244395685e-09,0.39162412369284116,-2.387481559774102e-08,0.5222584280672427,0.7000000031483677,1.1240100845944843,89.5,,,CONVERGENCE: RELATIVE REDUCTION OF F <= FACTR*EPSMCH
fixed_RAR,invariant,UGC08699,118,62.75291969417457,True,True,635,False,0.23246760944294118,-0.04963583393161524,0.002840121955925438,0.7314277601927813,0.630854789110517,0.666103125143809,1.0007099210250405,79.58284984173503,,,CONVERGENCE: RELATIVE REDUCTION OF F <= FACTR*EPSMCH
fixed_RAR,invariant,UGC08837,119,25.661460421712967,True,True,350,False,-0.8981483690009183,6.893564167229843e-09,-2.040002069325518,-2.862083414018106,0.2036615870629351,0.7000000048254948,0.9031572191426179,65.68958292990948,,,CONVERGENCE: RELATIVE REDUCTION OF F <= FACTR*EPSMCH
fixed_RAR,invariant,UGC09037,120,45.771516834716365,True,True,515,False,-0.9300288106722254,-4.087582461275442e-08,-0.6234735690780049,0.16656590877939154,0.19727117158886265,0.6999999713869234,0.9392762288358503,65.83282954389696,,,CONVERGENCE: RELATIVE REDUCTION OF F <= FACTR*EPSMCH
fixed_RAR,invariant,UGC09133,121,139.6269382209408,True,True,900,False,0.7735852564066087,0.27468061357849527,-3.1316480414090955,1.6463112315675426,1.0837617335365433,0.9212771819912852,0.53513688297016,62.87786738940525,,,CONVERGENCE: RELATIVE REDUCTION OF F <= FACTR*EPSMCH
fixed_RAR,invariant,UGC11455,122,112.17193924748275,True,True,585,False,-0.21675571789855919,-2.8727905866299956e-08,0.44556830261693714,0.0,0.4025633116539823,0.6999999798904661,1.0691799293681963,89.5,,,CONVERGENCE: RELATIVE REDUCTION OF F <= FACTR*EPSMCH
fixed_RAR,invariant,UGC11557,123,24.39229419489025,True,True,340,False,-0.20442632592193535,-6.437979943502924e-09,-1.2079800131518035,-0.6673439777048582,0.40755739626812576,0.699999995493414,0.7393417591581787,23.326560222951418,,,CONVERGENCE: RELATIVE REDUCTION OF F <= FACTR*EPSMCH
fixed_RAR,invariant,UGC11820,124,13.741840777224752,True,True,445,False,0.24531737841404044,-2.3576926598846678e-08,-0.9009963621330606,0.14384419824197353,0.6390134334923097,0.6999999834961516,0.7631513477096573,46.43844198241973,,,CONVERGENCE: RELATIVE REDUCTION OF F <= FACTR*EPSMCH
fixed_RAR,invariant,UGC11914,125,93.46005160674089,True,True,840,False,-0.16757838324722604,0.07069323143535441,-1.1339189708924218,2.760189447669031,0.42285516258464145,0.7512763547850615,0.710214270399771,44.80094723834516,,,CONVERGENCE: RELATIVE REDUCTION OF F <= FACTR*EPSMCH
fixed_RAR,invariant,UGC12506,126,77.01959833700161,True,True,520,False,0.600400791320306,1.801592660225429e-09,0.25149944726772033,0.11342092882704621,0.9114246180783259,0.7000000012611148,1.0255714244362888,86.45368371530819,,,CONVERGENCE: RELATIVE REDUCTION OF F <= FACTR*EPSMCH
fixed_RAR,invariant,UGC12632,127,17.470288978532164,True,True,410,False,0.16119534571149674,1.2345987644323475e-08,-0.1974045836226407,0.3858114614446912,0.5874572304496534,0.7000000086421913,0.9425171439958837,47.157434384334074,,,CONVERGENCE: RELATIVE REDUCTION OF F <= FACTR*EPSMCH
fixed_RAR,invariant,UGC12732,128,17.794475885139665,True,True,395,False,0.2746384595816602,-2.634173442105603e-08,-0.5119568934632631,0.6316453489149477,0.6580273909245685,0.699999981560786,0.8562966128138877,42.789872093489684,,,CONVERGENCE: RELATIVE REDUCTION OF F <= FACTR*EPSMCH
fixed_RAR,invariant,UGCA442,129,7.104585094267055,True,True,295,False,-0.07819376195886782,-9.136776128442017e-09,-0.39974198181949533,-0.9309353086448361,0.46239261049326985,0.6999999936042567,0.9799861541240876,57.48345283948615,,,CONVERGENCE: RELATIVE REDUCTION OF F <= FACTR*EPSMCH
fixed_RAR,invariant,UGCA444,130,45.3141996856224,True,True,280,False,-0.040834355546943875,0.0,-2.447807455663494,-1.794125099107479,0.47999406674386,0.7,0.8825956281873433,70.82349960357008,,,CONVERGENCE: RELATIVE REDUCTION OF F <= FACTR*EPSMCH
simple_MOND,invariant,CamB,0,46.38931680013073,True,True,245,True,-0.7365831149158196,0.0,-3.4426296305136592,-5.0,0.23937347364728498,0.7,0.7661372409919114,40.0,,,CONVERGENCE: RELATIVE REDUCTION OF F <= FACTR*EPSMCH
simple_MOND,invariant,D631-7,1,56.52362377349729,True,True,290,False,-0.6785479584283667,-4.4620880937025295e-08,-1.3160229374705958,-3.645782562339805,0.2536765778199469,0.699999968765384,0.9697815174130826,48.06265231298059,,,CONVERGENCE: RELATIVE REDUCTION OF F <= FACTR*EPSMCH
simple_MOND,invariant,DDO064,2,15.777536802365812,True,True,290,False,-0.054437884452762104,-1.2744913211458116e-08,-0.2267988163280114,0.3045340428619495,0.47350866576534834,0.6999999910785607,0.9342234356498436,61.52267021430975,,,CONVERGENCE: RELATIVE REDUCTION OF F <= FACTR*EPSMCH
simple_MOND,invariant,DDO154,3,12.659442784289102,True,True,300,False,-0.4518450640495287,-4.532153410688802e-09,-1.1281534743579709,-1.1588248756919586,0.31822638575074624,0.6999999968274926,0.9456817510615824,60.52352537292413,,,CONVERGENCE: RELATIVE REDUCTION OF F <= FACTR*EPSMCH
simple_MOND,invariant,DDO161,4,35.49540837448322,True,True,465,False,-0.419829120135672,-9.323972943731892e-09,-2.0227920681501077,0.23167329176149776,0.32857955273994516,0.699999993473219,0.5450718705497145,72.31673291761498,,,CONVERGENCE: RELATIVE REDUCTION OF F <= FACTR*EPSMCH
simple_MOND,invariant,DDO168,5,29.912025104960392,True,True,300,False,-0.17322130239712663,3.5947890962598685e-08,-1.2015732395222374,-1.5028977078823822,0.420475744834939,0.700000025163524,0.9423562848653486,53.9826137527057,,,CONVERGENCE: RELATIVE REDUCTION OF F <= FACTR*EPSMCH
simple_MOND,invariant,DDO170,6,7.536866810400556,True,True,405,False,0.007078609617541025,-5.891056391038555e-10,-1.2518803026046008,-0.22245607803861017,0.5035518610968356,0.699999999587626,0.6869016945712848,64.44280745372973,,,CONVERGENCE: RELATIVE REDUCTION OF F <= FACTR*EPSMCH
simple_MOND,invariant,ESO079-G014,7,38.83309604188204,True,True,480,False,-0.03353578396397855,1.3676684666995523e-08,0.44552462144563787,0.2619695603053093,0.4835101533962199,0.7000000095736792,1.1177341299623784,80.30984780152654,,,CONVERGENCE: RELATIVE REDUCTION OF F <= FACTR*EPSMCH
simple_MOND,invariant,ESO116-G012,8,22.281101247993966,True,True,515,False,-0.4481046595183941,-7.590977512482373e-09,1.180861745599432,0.2727804000365668,0.31941891003721073,0.6999999946863157,1.4251235670490519,74.8183412001097,,,CONVERGENCE: RELATIVE REDUCTION OF F <= FACTR*EPSMCH
simple_MOND,invariant,ESO563-G021,9,242.66346150625137,True,True,605,False,0.3795922207815592,-3.656817462312472e-08,0.31353309776880345,0.4336250513639985,0.7308442108639344,0.6999999744022782,1.0480453195171064,84.300875154092,,,CONVERGENCE: RELATIVE REDUCTION OF F <= FACTR*EPSMCH
simple_MOND,invariant,F568-3,10,38.0322161766848,True,True,345,False,-0.3185946441601334,-9.438125649033412e-09,-0.7612167063630353,0.8264038874319893,0.3635851261404282,0.699999993393312,0.9267034471016903,48.264038874319894,,,CONVERGENCE: RELATIVE REDUCTION OF F <= FACTR*EPSMCH
simple_MOND,invariant,F568-V1,11,25.932637737436934,True,True,360,False,0.208285348865525,-1.7387842273647155e-08,0.5893672417910352,2.068019433073735,0.6157822724799606,0.6999999878285105,1.0607081214395513,60.68019433073735,,,CONVERGENCE: RELATIVE REDUCTION OF F <= FACTR*EPSMCH
simple_MOND,invariant,F571-8,12,84.6704508242566,True,True,400,False,-0.7351977931922283,-2.703712252779597e-08,0.40169206520678885,0.21342565254978105,0.23970531271924783,0.6999999810740144,1.0839804529285952,86.06712826274891,,,CONVERGENCE: RELATIVE REDUCTION OF F <= FACTR*EPSMCH
simple_MOND,invariant,F574-1,13,19.82211002864889,True,True,355,False,0.13610761947967642,-7.976056651217521e-09,0.4347999910261175,0.898057495858929,0.5729025989594899,0.6999999944167603,1.044439104383763,73.98057495858929,,,CONVERGENCE: RELATIVE REDUCTION OF F <= FACTR*EPSMCH
simple_MOND,invariant,F583-1,14,41.54128974649366,True,True,335,False,-0.00473572302301157,-2.2171601954560872e-08,1.0172295326938021,0.9415868891154815,0.49763773641640024,0.6999999844798788,1.289568134897686,67.70793444557741,,,CONVERGENCE: RELATIVE REDUCTION OF F <= FACTR*EPSMCH
simple_MOND,invariant,F583-4,15,14.08948228895426,True,True,330,False,-0.09497328245127233,4.094812813412878e-08,-0.6469988736554365,0.057547402546484897,0.4546986155042451,0.7000000286636902,0.8781961302182941,55.57547402546485,,,CONVERGENCE: RELATIVE REDUCTION OF F <= FACTR*EPSMCH
simple_MOND,invariant,IC2574,16,42.194507176416785,True,True,395,False,-0.8154289528991284,1.7406140236981272e-09,-1.3145918962158327,-2.4865221794062964,0.22122474832786884,0.7000000012184299,0.9349683951567836,57.594344744155926,,,CONVERGENCE: RELATIVE REDUCTION OF F <= FACTR*EPSMCH
simple_MOND,invariant,IC4202,17,383.63569689041805,True,True,665,False,0.45237317932649157,-0.5479820472937331,-0.2822553840322401,-7.058182964957037e-07,0.7860192456967263,0.404680670317356,0.9722784094504784,89.5,,,CONVERGENCE: RELATIVE REDUCTION OF F <= FACTR*EPSMCH
simple_MOND,invariant,KK98-251,18,15.180761985961347,True,True,290,False,-0.09006693889568868,-1.582316808807837e-08,-2.4934457464743205,-0.6030891690126625,0.4569350048872418,0.6999999889237823,0.4732962695245129,55.98455415493669,,,CONVERGENCE: RELATIVE REDUCTION OF F <= FACTR*EPSMCH
simple_MOND,invariant,NGC0024,19,50.58285287263832,True,True,455,False,0.7062051891674853,7.393036035467953e-09,0.8259048506937888,1.1486240568173314,1.013143636706832,0.7000000051751252,1.0415703792010436,67.44587217045199,,,CONVERGENCE: RELATIVE REDUCTION OF F <= FACTR*EPSMCH
simple_MOND,invariant,NGC0055,20,39.0700274563778,True,True,355,False,-0.8377457043443891,1.1280741429403505e-08,-3.330026917990253,-2.003678347135854,0.21634241217754782,0.700000007896519,0.840630310370813,70.98896495859243,,,CONVERGENCE: RELATIVE REDUCTION OF F <= FACTR*EPSMCH
simple_MOND,invariant,NGC0100,21,29.569837621375,True,True,430,False,-0.24026003429666243,-3.6192975486321744e-08,-0.0965042905342558,0.004086481341910198,0.39321166871834873,0.6999999746649176,0.9714637860737185,89.00408648134191,,,CONVERGENCE: RELATIVE REDUCTION OF F <= FACTR*EPSMCH
simple_MOND,invariant,NGC0247,22,40.77089312824588,True,True,495,False,0.14374850861604951,-1.3138211839350955e-07,-1.2029518894438531,-0.3020439826369518,0.5772968508205517,0.6999999080325231,0.9400960715785212,73.09386805208915,,,CONVERGENCE: RELATIVE REDUCTION OF F <= FACTR*EPSMCH
simple_MOND,invariant,NGC0289,23,57.610899053730286,True,True,520,False,0.3687660383552162,0.0,-1.6313966216935383,0.6122976182007938,0.7229746337142746,0.7,0.6650791948457099,49.061488091003966,,,CONVERGENCE: RELATIVE REDUCTION OF F <= FACTR*EPSMCH
simple_MOND,invariant,NGC0300,24,34.4555325535464,True,True,420,False,-0.08749979175586087,5.448700136473876e-08,-0.3373446088759017,0.34608644315396103,0.45810953122405385,0.700000038140902,0.9839123207672027,45.46086443153961,,,CONVERGENCE: RELATIVE REDUCTION OF F <= FACTR*EPSMCH
simple_MOND,invariant,NGC0801,25,82.26436622742125,True,True,615,True,0.4514121235792879,-1.1043253366006447e-07,-5.0,-0.35193594053824795,0.7852642002617292,0.6999999226972307,0.6065306597126334,79.64806405946175,,,CONVERGENCE: RELATIVE REDUCTION OF F <= FACTR*EPSMCH
simple_MOND,invariant,NGC0891,26,69.9298614450664,True,True,570,False,-0.4521110209620256,-0.46368376553326274,2.375077185507447,0.0,0.3181417624972853,0.4402736958320914,1.1273078430602113,89.5,,,CONVERGENCE: RELATIVE REDUCTION OF F <= FACTR*EPSMCH
simple_MOND,invariant,NGC1003,27,52.19187124613939,True,True,525,False,-0.22982973220326583,0.0,-0.4828181322455014,0.8408219571137021,0.3973344487535639,0.7,0.8651560015714096,71.2041097855685,,,CONVERGENCE: RELATIVE REDUCTION OF F <= FACTR*EPSMCH
simple_MOND,invariant,NGC1090,28,50.57476380222954,True,True,570,False,0.21954938216201073,2.924966621042721e-08,-1.3259584581670012,0.21465311065676743,0.622757676339012,0.7000000204747666,0.7178536114167332,64.64395933197031,,,CONVERGENCE: RELATIVE REDUCTION OF F <= FACTR*EPSMCH
simple_MOND,invariant,NGC2403,29,114.22973371404395,True,True,650,False,-0.3342257512696094,-5.443082146605937e-08,2.1983291620885606,3.045951164548762,0.3579460752108706,0.699999961898426,1.1177389002872673,72.13785349364629,,,CONVERGENCE: RELATIVE REDUCTION OF F <= FACTR*EPSMCH
simple_MOND,invariant,NGC2683,30,17.22425520284362,True,True,535,False,0.03537582422418806,0.014766285708202246,-0.11655457861065685,0.031247494845085384,0.518004496459928,0.7104130921345562,0.9941951254407689,80.15623747422542,,,CONVERGENCE: RELATIVE REDUCTION OF F <= FACTR*EPSMCH
simple_MOND,invariant,NGC2841,31,80.73981945961411,True,True,645,False,0.3037100083259079,0.13050674168560122,1.8547165355872992,0.9539797277180806,0.6774380481637673,0.7975839349674974,1.202203654858878,85.53979727718081,,,CONVERGENCE: RELATIVE REDUCTION OF F <= FACTR*EPSMCH
simple_MOND,invariant,NGC2903,32,138.8987323008473,True,True,690,False,-0.8662074451143859,1.3436758465867688e-07,1.608849468990295,0.8861269766134293,0.21027173139710986,0.7000000940573156,1.620370522519581,68.65838092984029,,,CONVERGENCE: RELATIVE REDUCTION OF F <= FACTR*EPSMCH
simple_MOND,invariant,NGC2915,33,79.90830729287447,True,True,305,False,0.3744690740358104,1.0254691099111369e-07,1.9984806294388495,2.95643174080207,0.7271095634652207,0.7000000717828414,1.1034562746044185,67.82572696320828,,,CONVERGENCE: RELATIVE REDUCTION OF F <= FACTR*EPSMCH
simple_MOND,invariant,NGC2955,34,59.152096253431,True,True,620,False,-0.5291954714387204,0.06750793915868146,-0.8534007181119985,0.3699331423553387,0.2945393548654605,0.7488871272286678,0.918119940766203,58.58953199648737,,,CONVERGENCE: RELATIVE REDUCTION OF F <= FACTR*EPSMCH
simple_MOND,invariant,NGC2976,35,32.46103944943796,True,True,370,False,-0.3498292077080815,5.006780923084408e-08,-0.4206346764208126,0.02721246173321942,0.3524042276455538,0.7000000350474673,0.9790728470759156,61.272124617332196,,,CONVERGENCE: RELATIVE REDUCTION OF F <= FACTR*EPSMCH
simple_MOND,invariant,NGC2998,36,38.13159311926192,True,True,495,False,0.23632931419767095,-1.2746347721303177e-08,-1.1901641474027465,-0.15086042187398957,0.6332956740042082,0.6999999910775565,0.8367227788512814,57.69827915625202,,,CONVERGENCE: NORM OF PROJECTED GRADIENT <= PGTOL
simple_MOND,invariant,NGC3109,37,31.047958452185537,True,True,365,False,-0.24678047810085,-2.658863312197252e-08,0.0526664561788617,0.5997222305077842,0.39065609492141656,0.699999981387957,1.0027757640651735,72.99861115253893,,,CONVERGENCE: RELATIVE REDUCTION OF F <= FACTR*EPSMCH
simple_MOND,invariant,NGC3198,38,57.30775362361908,True,True,660,False,-0.07527561710754621,1.2382194241819402e-07,0.007835596894927934,0.37363671308202917,0.4637439097934943,0.700000086675365,1.0007952316561821,74.12091013924609,,,CONVERGENCE: RELATIVE REDUCTION OF F <= FACTR*EPSMCH
simple_MOND,invariant,NGC3521,39,71.73563255022486,True,True,650,False,0.2080265043370717,-5.7423911454110874e-08,-0.673369833680373,0.45127020563972414,0.6156229012350878,0.699999959803263,0.8178008400650285,77.25635102819862,,,CONVERGENCE: RELATIVE REDUCTION OF F <= FACTR*EPSMCH
simple_MOND,invariant,NGC3726,40,24.368237560307048,True,True,455,False,-0.09171601273395237,1.1059842867342902e-07,-1.8780162916576575,-0.4752007367128217,0.45618210628820877,0.7000000774189044,0.7704075672408246,52.04959852657436,,,CONVERGENCE: RELATIVE REDUCTION OF F <= FACTR*EPSMCH
simple_MOND,invariant,NGC3741,41,19.435146856069824,True,True,335,False,-0.26973485125814306,-1.6177945684958593e-08,0.08122671714597467,0.32771094572857945,0.3817909651429843,0.6999999886754381,1.004310992159867,71.31084378291432,,,CONVERGENCE: RELATIVE REDUCTION OF F <= FACTR*EPSMCH
simple_MOND,invariant,NGC3769,42,18.0718671222342,True,True,390,False,-0.2923550546566008,1.7025470868880315e-08,-0.42212181443079905,0.019832302254285956,0.3732517196959648,0.7000000119178297,0.943057493224891,70.03966460450857,,,CONVERGENCE: RELATIVE REDUCTION OF F <= FACTR*EPSMCH
simple_MOND,invariant,NGC3877,43,47.39157488375254,True,True,505,False,-0.14040764587573848,-2.697952098950222e-08,-0.10007156349191894,0.049166663503832184,0.434501958661332,0.6999999811143355,0.9861973145113763,76.04916666350383,,,CONVERGENCE: RELATIVE REDUCTION OF F <= FACTR*EPSMCH
simple_MOND,invariant,NGC3893,44,16.946362749108555,True,True,555,False,-0.1607994855865119,-1.629900691887657e-08,0.6159149115461923,0.4626561215711961,0.42573139227608875,0.6999999885906952,1.08930920419741,49.92531224314239,,,CONVERGENCE: RELATIVE REDUCTION OF F <= FACTR*EPSMCH
simple_MOND,invariant,NGC3917,45,32.23473432995791,True,True,535,False,0.04602797721457625,-2.0112236944280427e-09,0.09129965302881855,0.1094193901661521,0.5235518527960995,0.6999999985921433,1.0127612459062612,79.2188387803323,,,CONVERGENCE: RELATIVE REDUCTION OF F <= FACTR*EPSMCH
simple_MOND,invariant,NGC3953,46,12.826070108198106,True,True,510,False,0.07006741840718514,1.724044506664401e-08,-0.12341482355992295,0.032002442339520806,0.5362902452424745,0.7000000120683116,0.9830051225426503,62.03200244233952,,,CONVERGENCE: RELATIVE REDUCTION OF F <= FACTR*EPSMCH
simple_MOND,invariant,NGC3972,47,16.464300984799145,True,True,455,False,0.03572767290163999,1.4798990265387225e-09,0.159565249848292,0.03870921758164607,0.5181867877245111,0.7000000010359293,1.0224092380550984,77.03870921758164,,,CONVERGENCE: RELATIVE REDUCTION OF F <= FACTR*EPSMCH
simple_MOND,invariant,NGC3992,48,20.38529427517508,True,True,535,False,0.3206025813070155,6.698275839287463e-08,-0.5493685479925672,-0.11089472390469873,0.688978922927402,0.7000000468879324,0.9480820334710937,55.7782105521906,,,CONVERGENCE: RELATIVE REDUCTION OF F <= FACTR*EPSMCH
simple_MOND,invariant,NGC4010,49,23.63229045123963,True,True,420,False,-0.26658433027435147,-1.004869621672754e-09,-0.3077298291563177,0.0014096970604071863,0.3829957023685474,0.6999999992965912,0.9581602359885104,89.00140969706041,,,CONVERGENCE: RELATIVE REDUCTION OF F <= FACTR*EPSMCH
simple_MOND,invariant,NGC4013,50,55.92747704592204,True,True,580,False,-0.10004588577288037,0.15603345278696615,-1.0623742019364688,0.002664886601471385,0.4523979499121284,0.8182057129665012,0.8628175943762493,89.00266488660147,,,CONVERGENCE: RELATIVE REDUCTION OF F <= FACTR*EPSMCH
simple_MOND,invariant,NGC4088,51,20.813994862317504,True,True,450,False,-0.347264557725673,1.634642464465557e-08,-1.6929079927306614,-0.22917587122947786,0.35330918109018133,0.7000000114424973,0.7904711569449205,68.54164825754104,,,CONVERGENCE: RELATIVE REDUCTION OF F <= FACTR*EPSMCH
simple_MOND,invariant,NGC4100,52,37.28158892439398,True,True,475,False,0.13169611314894586,-2.573252715260071e-08,0.016767183216070423,0.16776557800324354,0.570380802068567,0.6999999819872312,1.0023314891503436,73.33553115600648,,,CONVERGENCE: RELATIVE REDUCTION OF F <= FACTR*EPSMCH
simple_MOND,invariant,NGC4157,53,26.487632749956976,True,True,440,False,-0.12930064885813033,-0.08144488171061712,-1.290939674176424,-0.06058691867234057,0.43935487137382356,0.6452484609089905,0.8358574648964676,81.81823924398297,,,CONVERGENCE: RELATIVE REDUCTION OF F <= FACTR*EPSMCH
simple_MOND,invariant,NGC4183,54,40.98875165208513,True,True,460,False,0.32205341113715863,2.799242162432265e-08,-1.6411646918241225,-0.03402884504445846,0.6899792395702731,0.7000000195946953,0.7961723945404441,81.93194230991108,,,CONVERGENCE: RELATIVE REDUCTION OF F <= FACTR*EPSMCH
simple_MOND,invariant,NGC4217,55,60.96978231761156,True,True,570,False,0.7494877886352211,-1.303864562305718,-0.0592835745126064,0.03209473290702625,1.057957971403046,0.19003642660105677,0.9917999753375901,86.06418946581405,,,CONVERGENCE: RELATIVE REDUCTION OF F <= FACTR*EPSMCH
simple_MOND,invariant,NGC4559,56,39.136978863265725,True,True,395,False,-0.24764957014340602,-1.2344178202782551e-08,-0.5326282850017157,0.11328226967825422,0.39031672631058495,0.6999999913590752,0.8523240487963358,67.11328226967825,,,CONVERGENCE: RELATIVE REDUCTION OF F <= FACTR*EPSMCH
simple_MOND,invariant,NGC5005,57,36.726187845658174,True,True,530,False,0.004111392438420583,-0.2494809049164502,-0.3807466381815705,0.045662363491180184,0.5020599279035401,0.5454436117723845,0.9667705612343295,68.09132472698236,,,CONVERGENCE: RELATIVE REDUCTION OF F <= FACTR*EPSMCH
simple_MOND,invariant,NGC5033,58,36.67685227788785,True,True,630,False,0.03394803527781482,-0.6339152244940714,0.4946063868033594,0.13374671386870046,0.5172654231116446,0.3713574628857646,1.1595904473246834,66.1337467138687,,,CONVERGENCE: RELATIVE REDUCTION OF F <= FACTR*EPSMCH
simple_MOND,invariant,NGC5055,59,30.741223857278083,True,True,765,False,-0.18263250614119553,2.1238575913392565e-08,-0.40845088599082124,-0.8565375439547774,0.41653712458020703,0.7000000148670034,0.9876989841437397,49.86077473627134,,,CONVERGENCE: RELATIVE REDUCTION OF F <= FACTR*EPSMCH
simple_MOND,invariant,NGC5371,60,125.14602071040719,True,True,700,True,1.3906289911626748,0.0,-5.0,-0.8072761712853348,2.008688076280434,0.7,0.2866852723168134,51.38544765742933,,,CONVERGENCE: RELATIVE REDUCTION OF F <= FACTR*EPSMCH
simple_MOND,invariant,NGC5585,61,41.883352672332215,True,True,460,False,-0.638665937357864,-3.330986810752911e-08,-0.06986974308765544,0.8035534311593489,0.26399816729671644,0.6999999766830927,0.9792378479565305,52.607106862318695,,,CONVERGENCE: RELATIVE REDUCTION OF F <= FACTR*EPSMCH
simple_MOND,invariant,NGC5907,62,100.79512271242784,True,True,620,True,0.38311277240320907,5.059272774741233e-08,-5.0,-0.35467953232202637,0.7334217201006286,0.7000000354149103,0.7709624520442524,87.29064093535595,,,CONVERGENCE: RELATIVE REDUCTION OF F <= FACTR*EPSMCH
simple_MOND,invariant,NGC5985,63,142.9518522864043,True,True,655,False,-0.027378992401480663,1.3194222335140062,1.2422121361105045,0.9716728098008125,0.4864962074527805,2.6188814249704806,1.3631126318748468,61.94334561960162,,,CONVERGENCE: RELATIVE REDUCTION OF F <= FACTR*EPSMCH
simple_MOND,invariant,NGC6015,64,145.12391964188652,True,True,640,False,0.8570127696526865,-3.786172810872489e-07,-1.6322659248830462,1.6751242545569236,1.1780559608801904,0.6999997349679534,0.612822602374888,63.35024850911385,,,CONVERGENCE: RELATIVE REDUCTION OF F <= FACTR*EPSMCH
simple_MOND,invariant,NGC6195,65,50.51111831616893,True,True,610,False,-0.5387547820421454,0.15862524246883536,-1.5093071168488346,-0.5901359709108002,0.29173717647283365,0.8203290805635076,0.859704193472089,59.049320145445996,,,CONVERGENCE: RELATIVE REDUCTION OF F <= FACTR*EPSMCH
simple_MOND,invariant,NGC6503,66,37.77562351101074,True,True,630,False,-0.18676553018765138,2.754744051118454e-08,1.2188601005070823,0.6668376517841581,0.414819119352099,0.7000000192832087,1.0622176940202166,75.33367530356831,,,CONVERGENCE: RELATIVE REDUCTION OF F <= FACTR*EPSMCH
simple_MOND,invariant,NGC6674,67,49.39241332286963,True,True,735,False,1.1871449136232335,0.37192992499456246,-2.1009937580214313,-0.9393578351238657,1.6388548456093326,1.0153719322184864,0.6579953923224329,48.363852989256806,,,CONVERGENCE: RELATIVE REDUCTION OF F <= FACTR*EPSMCH
simple_MOND,invariant,NGC6946,68,76.17905020199835,True,True,635,False,0.05643188709208276,-0.12137331511629365,-1.0504373074772742,1.4322956034910068,0.5290272725870055,0.6199922760186569,0.729137916717237,40.86459120698201,,,CONVERGENCE: RELATIVE REDUCTION OF F <= FACTR*EPSMCH
simple_MOND,invariant,NGC7331,69,49.76479238377445,True,True,655,False,-0.3799752419372966,-0.2504656946112146,0.05811886248600319,0.21376395749584395,0.34193917025279885,0.5449067289261728,1.0059481163794342,75.42752791499169,,,CONVERGENCE: RELATIVE REDUCTION OF F <= FACTR*EPSMCH
simple_MOND,invariant,NGC7793,70,65.95685073458492,True,True,455,False,-0.3879916849586091,-8.2686109429554e-09,-0.5562236801563871,0.8248154107155511,0.33920899215713557,0.6999999942119723,0.9726469157525276,54.42333869643996,,,CONVERGENCE: RELATIVE REDUCTION OF F <= FACTR*EPSMCH
simple_MOND,invariant,NGC7814,71,31.510079020918838,True,True,600,False,0.8341954348911041,-0.3051429985873173,1.2047127803420405,-4.188562292761187e-08,1.151480210551569,0.5159125820286347,1.0567688546674432,89.5,,,CONVERGENCE: RELATIVE REDUCTION OF F <= FACTR*EPSMCH
simple_MOND,invariant,UGC00128,72,52.07857889435451,True,True,710,False,1.4197392479147244,4.9597724446304965e-09,-2.4267627374734,-0.6022469812102911,2.06802090905108,0.7000000034718407,0.6942278790911839,50.97753018789709,,,CONVERGENCE: RELATIVE REDUCTION OF F <= FACTR*EPSMCH
simple_MOND,invariant,UGC00191,73,11.168694670091313,True,True,390,False,-0.012360060012865865,6.236269390289965e-10,0.22403397924464177,0.6043788570077451,0.4938580058944972,0.7000000004365388,1.0690999771931307,48.02189428503873,,,CONVERGENCE: RELATIVE REDUCTION OF F <= FACTR*EPSMCH
simple_MOND,invariant,UGC00731,74,29.64076088328721,True,True,355,False,0.8463575929073508,-4.5214103399770514e-08,0.12478186611344333,0.5396377139643911,1.1655702035052806,0.6999999683501283,1.0381440585394062,58.618913141893174,,,CONVERGENCE: RELATIVE REDUCTION OF F <= FACTR*EPSMCH
simple_MOND,invariant,UGC01281,75,29.676872039202113,True,True,360,False,-0.22946775768560732,1.9967130097872574e-08,-0.23771682418693962,-2.2343427197840586e-08,0.3974782997326243,0.7000000139769912,0.989232574605133,89.5,,,CONVERGENCE: RELATIVE REDUCTION OF F <= FACTR*EPSMCH
simple_MOND,invariant,UGC02259,76,17.051611215697235,True,True,495,False,0.4206162697764105,1.3250540674568691e-08,0.37763056781579885,0.7562805433081315,0.7614498917986497,0.7000000092753784,1.1179436037030819,43.268841629924395,,,CONVERGENCE: RELATIVE REDUCTION OF F <= FACTR*EPSMCH
simple_MOND,invariant,UGC02487,77,37.774278107034675,True,True,750,False,0.32264197490993635,0.23581162995327604,-0.5153266502154233,1.2919779897098158,0.6903854558850299,0.8861550763208554,0.9253714848764492,42.459889948549076,,,CONVERGENCE: RELATIVE REDUCTION OF F <= FACTR*EPSMCH
simple_MOND,invariant,UGC02885,78,37.331976339410105,True,True,510,False,-0.11918246984705197,0.2949985886894918,0.0867361075953233,0.4611261281858091,0.44382290869366187,0.9401871241834893,1.0087113355123956,65.84450451274324,,,CONVERGENCE: RELATIVE REDUCTION OF F <= FACTR*EPSMCH
simple_MOND,invariant,UGC02916,79,137.81783697102105,True,True,910,False,0.14121784844937182,-0.6240297628573316,-1.2700165329464013,3.2524083572648266,0.5758377556914925,0.37504670773944904,0.8267042318153541,66.26204178632413,,,CONVERGENCE: RELATIVE REDUCTION OF F <= FACTR*EPSMCH
simple_MOND,invariant,UGC02953,80,283.6748278057725,True,True,880,False,0.20537314683329255,-0.1310736051591643,-0.931596617892542,3.8612395408508497,0.6139915987619986,0.6140072463093376,0.7561776184427578,65.4449581634034,,,CONVERGENCE: RELATIVE REDUCTION OF F <= FACTR*EPSMCH
simple_MOND,invariant,UGC03205,81,135.71569260706573,True,True,625,False,0.1978561744176327,0.5502883873655098,-0.6425375965717859,0.9193259021046565,0.609393544226234,1.2136270567546104,0.8794069498562511,70.67730360841863,,,CONVERGENCE: RELATIVE REDUCTION OF F <= FACTR*EPSMCH
simple_MOND,invariant,UGC03546,82,59.04163703901639,True,True,640,False,0.011304273503340808,-0.4784556305264151,-0.3825848721513724,0.8556268955489011,0.505684204120386,0.4338178322031886,0.9084826578311106,59.27813447774451,,,CONVERGENCE: RELATIVE REDUCTION OF F <= FACTR*EPSMCH
simple_MOND,invariant,UGC03580,83,92.25989570910237,True,True,565,False,-0.038572686397420695,-1.3264659227044662,-1.2673620715928822,0.9230574859637678,0.48108088306276986,0.18578951856687217,0.7273327898975357,66.69222994385507,,,CONVERGENCE: NORM OF PROJECTED GRADIENT <= PGTOL
simple_MOND,invariant,UGC04278,84,41.034509506912215,True,True,340,False,0.11826055182629751,1.6736755405908046e-09,0.020083204747235305,0.0,0.5627686669868868,0.7000000011715729,1.0060367743490357,89.5,,,CONVERGENCE: RELATIVE REDUCTION OF F <= FACTR*EPSMCH
simple_MOND,invariant,UGC04325,85,16.38813744699692,True,True,395,False,0.31326757359215096,-3.5260108830810275e-08,0.9785420828226509,0.8454527760592931,0.6839437463173268,0.6999999753179242,1.341197169047463,43.53635832817788,,,CONVERGENCE: RELATIVE REDUCTION OF F <= FACTR*EPSMCH
simple_MOND,invariant,UGC04483,86,8.803795279821696,True,True,305,False,-0.19355268509904797,3.840947798196511e-09,-1.3696358972682832,-0.9044299740400441,0.4120132105689209,0.7000000026886634,0.8806263224113869,55.28671007787987,,,CONVERGENCE: RELATIVE REDUCTION OF F <= FACTR*EPSMCH
simple_MOND,invariant,UGC04499,87,10.137187073007276,True,True,360,False,-0.09646873916064469,5.20099730595287e-09,-0.567407758926305,0.05801964142352429,0.4540191415974841,0.7000000036406981,0.8434772674062515,50.174058924270575,,,CONVERGENCE: RELATIVE REDUCTION OF F <= FACTR*EPSMCH
simple_MOND,invariant,UGC05005,88,19.509140006473956,True,True,315,False,-0.12689617436393497,-2.4901156179451344e-08,-0.8480225840273294,-0.38784052894052296,0.44041256003906626,0.6999999825691908,0.8445318383403964,37.12159471059477,,,CONVERGENCE: RELATIVE REDUCTION OF F <= FACTR*EPSMCH
simple_MOND,invariant,UGC05253,89,100.12244379492375,True,True,810,False,-0.12434679627397688,-0.04754756001915292,-1.3708359608339953,2.1347594540470913,0.4415367705801488,0.6674955843351282,0.7100572481168889,45.53903781618837,,,CONVERGENCE: RELATIVE REDUCTION OF F <= FACTR*EPSMCH
simple_MOND,invariant,UGC05716,90,9.444387286983456,True,True,410,False,0.356802689525742,1.6573880860505087e-08,-0.3135862636982399,0.15699643625019605,0.7143769669620176,0.7000000116017167,0.9249380590235713,55.56996436250196,,,CONVERGENCE: RELATIVE REDUCTION OF F <= FACTR*EPSMCH
simple_MOND,invariant,UGC05721,91,36.4064230657089,True,True,400,False,-0.261015550143011,-8.722546482966421e-09,1.9164689327970694,1.0847776616849412,0.38513447086487484,0.6999999938942174,1.7748221964092956,66.42388830842471,,,CONVERGENCE: RELATIVE REDUCTION OF F <= FACTR*EPSMCH
simple_MOND,invariant,UGC05750,92,16.22826195690356,True,True,300,False,-0.14149766379903522,-3.4561980449457436e-09,-1.024386640010589,-0.3657408216778341,0.43402860176929964,0.6999999975806613,0.8153161888625983,60.34259178322166,,,CONVERGENCE: RELATIVE REDUCTION OF F <= FACTR*EPSMCH
simple_MOND,invariant,UGC05764,93,13.63748797455066,True,True,360,False,0.3641500948208811,1.2589871923262317e-08,0.7729028356028161,1.0385698214590964,0.7196451139776627,0.7000000088129104,1.2608264051826923,70.38569821459096,,,CONVERGENCE: RELATIVE REDUCTION OF F <= FACTR*EPSMCH
simple_MOND,invariant,UGC05829,94,13.02817173999343,True,True,310,False,0.06384293350561036,-1.4110914250325174e-08,-0.8144213142077545,0.2052464582703982,0.5329624822576178,0.69999999012236,0.7833796216341957,36.05246458270398,,,CONVERGENCE: RELATIVE REDUCTION OF F <= FACTR*EPSMCH
simple_MOND,invariant,UGC05918,95,8.285666462526176,True,True,295,False,0.03998211177158387,-5.229532187684773e-09,-0.1592475977617234,0.2620111645230789,0.5203960780490222,0.6999999963393274,0.9533093148797902,47.310055822615396,,,CONVERGENCE: NORM OF PROJECTED GRADIENT <= PGTOL
simple_MOND,invariant,UGC05986,96,26.26551317612663,True,True,445,False,-0.3958712081689056,-1.865886961821034e-08,1.639596361898679,0.0,0.33654668964201434,0.6999999869387914,1.6356968092074815,89.5,,,CONVERGENCE: RELATIVE REDUCTION OF F <= FACTR*EPSMCH
simple_MOND,invariant,UGC06399,97,11.162533824716142,True,True,385,False,0.06579257027529914,-8.284235929404526e-09,0.4883954950286719,0.1136327151507122,0.5340025790859443,0.6999999942010348,1.0701862595205087,75.22726543030143,,,CONVERGENCE: NORM OF PROJECTED GRADIENT <= PGTOL
simple_MOND,invariant,UGC06446,98,21.643485905254934,True,True,430,False,0.411074251836356,5.931138212388173e-09,0.3866745158046404,0.5112038858257526,0.7542186783218296,0.7000000041517968,1.1229985165012315,52.53361165747726,,,CONVERGENCE: RELATIVE REDUCTION OF F <= FACTR*EPSMCH
simple_MOND,invariant,UGC06614,99,25.473718758471033,True,True,470,False,-0.06402081840685245,-0.15827097616185917,-0.5205755916515359,-0.4697365460503434,0.46899273598214336,0.5975329082640424,0.9492742258384183,31.302634539496566,,,CONVERGENCE: RELATIVE REDUCTION OF F <= FACTR*EPSMCH
simple_MOND,invariant,UGC06667,100,20.609678220519342,True,True,320,False,0.666012647850898,-1.8610206751642855e-08,3.128953749440848,0.015556334219925812,0.9732303014076946,0.6999999869728554,1.544309538240492,89.01555633421992,,,CONVERGENCE: RELATIVE REDUCTION OF F <= FACTR*EPSMCH
simple_MOND,invariant,UGC06786,101,79.64347218327782,True,True,720,False,-0.08195977532650088,-0.36255328219577637,1.3297287028804192,1.0396164064392839,0.4606545086527107,0.4871280636307061,1.39403895897029,67.11884921931785,,,CONVERGENCE: RELATIVE REDUCTION OF F <= FACTR*EPSMCH
simple_MOND,invariant,UGC06787,102,200.92890996294332,True,True,805,False,-0.06449669199041821,-0.9765069061404997,2.092412038166861,2.1327917230433466,0.46876960782281435,0.263637071692538,1.6864265671511804,72.39837516913003,,,CONVERGENCE: RELATIVE REDUCTION OF F <= FACTR*EPSMCH
simple_MOND,invariant,UGC06818,103,17.78923802648824,True,True,295,False,-0.4676296717400951,4.360760808298986e-09,-1.7077271311747924,-0.2739007576436224,0.31324274299184135,0.7000000030525325,0.788845871567797,74.17829772706914,,,CONVERGENCE: RELATIVE REDUCTION OF F <= FACTR*EPSMCH
simple_MOND,invariant,UGC06917,104,13.641726941519687,True,True,440,False,0.012865520845769064,-5.944799868225564e-09,0.4525549035158486,0.30987187487602935,0.5064743188619555,0.69999999583864,1.064872259366331,56.61974374975206,,,CONVERGENCE: RELATIVE REDUCTION OF F <= FACTR*EPSMCH
simple_MOND,invariant,UGC06930,105,16.66346664570313,True,True,400,False,0.09808539189795176,2.855950792795204e-09,-0.5597707671256648,-0.1629341570504168,0.5515284866077459,0.7000000019991656,0.9251994529722277,31.185329214747917,,,CONVERGENCE: RELATIVE REDUCTION OF F <= FACTR*EPSMCH
simple_MOND,invariant,UGC06983,106,23.05125136661385,True,True,450,False,0.2635802929373007,-1.263540186723277e-08,0.5023337799521729,0.26208584829724174,0.6507908992859402,0.6999999911552187,1.0722600107164766,49.26208584829724,,,CONVERGENCE: RELATIVE REDUCTION OF F <= FACTR*EPSMCH
simple_MOND,invariant,UGC07089,107,17.210741807516982,True,True,360,False,-0.3980008417487746,-2.099288919961164e-09,-1.878152155748211,-0.1949269516218364,0.3358307311457795,0.6999999985304977,0.7703930297775029,79.41521914513449,,,CONVERGENCE: RELATIVE REDUCTION OF F <= FACTR*EPSMCH
simple_MOND,invariant,UGC07125,108,16.928526288972073,True,True,360,False,0.10586709687024795,-5.6572904943922214e-09,-2.5256010985563524,0.0,0.5558370608590854,0.6999999960398966,0.47115031058406415,89.5,,,CONVERGENCE: NORM OF PROJECTED GRADIENT <= PGTOL
simple_MOND,invariant,UGC07151,109,13.099679522040782,True,True,410,False,-0.022095158694568347,1.3956682230453321e-08,-0.28182299502229247,-1.504656109335292e-07,0.4890735757081986,0.7000000097696776,0.9861492449314383,89.5,,,CONVERGENCE: RELATIVE REDUCTION OF F <= FACTR*EPSMCH
simple_MOND,invariant,UGC07323,110,12.294488494416909,True,True,385,False,-0.15447204449669466,-1.1389496913359117e-09,-0.7339456999127941,0.062095915752507634,0.4284337229839963,0.6999999992027351,0.8023713807965166,47.18628774725752,,,CONVERGENCE: RELATIVE REDUCTION OF F <= FACTR*EPSMCH
simple_MOND,invariant,UGC07399,111,14.866871068417183,True,True,510,False,0.060099026419415565,-1.8842773126526543e-09,2.2166973411949917,0.7404992733034762,0.5309708508115241,0.6999999986810058,1.9450197976904327,57.221497819910425,,,CONVERGENCE: RELATIVE REDUCTION OF F <= FACTR*EPSMCH
simple_MOND,invariant,UGC07524,112,32.87376141532087,True,True,445,False,-0.11734303497603361,-9.155074196158476e-09,-0.26160727876711576,0.3609201471145192,0.4446400433310436,0.699999993591448,0.9868414032087337,47.08276044134356,,,CONVERGENCE: RELATIVE REDUCTION OF F <= FACTR*EPSMCH
simple_MOND,invariant,UGC07577,113,27.86877114665953,True,True,300,False,-0.5990034000449421,0.0,-1.460012972232502,-1.4664991729729644,0.27467942718973015,0.7,0.9293382507947795,58.60050248108111,,,CONVERGENCE: RELATIVE REDUCTION OF F <= FACTR*EPSMCH
simple_MOND,invariant,UGC07603,114,15.447435642010204,True,True,355,False,-0.19952394582829003,1.9726458470794512e-09,0.8089125044561628,0.14853388691953878,0.40956030302834884,0.700000001380852,1.2746527025350343,78.44560166075861,,,CONVERGENCE: RELATIVE REDUCTION OF F <= FACTR*EPSMCH
simple_MOND,invariant,UGC08286,115,26.583510369121598,True,True,430,False,0.7238411416397865,1.161743800569265e-08,0.34990369750852557,7.10190669941587e-08,1.0311698774762001,0.7000000081322065,1.011368719229615,89.5,,,CONVERGENCE: RELATIVE REDUCTION OF F <= FACTR*EPSMCH
simple_MOND,invariant,UGC08490,116,32.679945737846126,True,True,370,False,0.34564735046380307,-2.7301974665574072e-08,0.5779087576684612,1.0519016514293063,0.706452133958496,0.6999999808886179,1.0680869704507951,53.15570495428792,,,CONVERGENCE: RELATIVE REDUCTION OF F <= FACTR*EPSMCH
simple_MOND,invariant,UGC08550,117,8.57323603615389,True,True,365,False,0.04181133497027485,1.9182740153178487e-09,0.3863784866090603,3.43642868511971e-09,0.5213488697962063,0.7000000013427917,1.1222514173964075,89.5,,,CONVERGENCE: RELATIVE REDUCTION OF F <= FACTR*EPSMCH
simple_MOND,invariant,UGC08699,118,61.74073287351699,True,True,625,False,0.24269673703144182,-0.10844044622992732,-0.03544308325921852,0.7233782763443681,0.637341000824748,0.6280626287555262,0.9911828396521474,79.51040448709931,,,CONVERGENCE: RELATIVE REDUCTION OF F <= FACTR*EPSMCH
simple_MOND,invariant,UGC08837,119,25.70973288484664,True,True,350,False,-0.898960317111377,-4.067076600457405e-09,-2.041834244069966,-2.870259251307122,0.20349629153692242,0.6999999971530464,0.9030746005826077,65.6487037434644,,,CONVERGENCE: RELATIVE REDUCTION OF F <= FACTR*EPSMCH
simple_MOND,invariant,UGC09037,120,46.13195805333943,True,True,495,False,-0.9476130424294068,-1.0507015099509938e-08,-0.6157684796888462,0.17342247522851068,0.19383263024338018,0.6999999926450894,0.9400036939086821,65.86711237614256,,,CONVERGENCE: RELATIVE REDUCTION OF F <= FACTR*EPSMCH
simple_MOND,invariant,UGC09133,121,138.818352595661,True,True,950,False,0.6727503565675683,0.17337621862289232,-2.940703845165001,1.730204028844877,0.9798097841212738,0.8325194239598358,0.5559311906727262,63.38122417306926,,,CONVERGENCE: RELATIVE REDUCTION OF F <= FACTR*EPSMCH
simple_MOND,invariant,UGC11455,122,112.82201493679729,True,True,585,False,-0.2468635156953194,-1.3561939381670366e-09,0.4436412390636128,0.0,0.39062365712582636,0.6999999990506642,1.0688706553219331,89.5,,,CONVERGENCE: RELATIVE REDUCTION OF F <= FACTR*EPSMCH
simple_MOND,invariant,UGC11557,123,24.431844775026345,True,True,345,False,-0.2069079366789307,-8.561688174507793e-09,-1.2092673702243657,-0.6732352308460929,0.4065472513610931,0.6999999940068182,0.7391038482340978,23.26764769153907,,,CONVERGENCE: RELATIVE REDUCTION OF F <= FACTR*EPSMCH
simple_MOND,invariant,UGC11820,124,13.73152914444207,True,True,415,False,0.24571632779054464,-1.1199607496484625e-08,-0.9032031448409261,0.14068083102560922,0.6392684183628248,0.6999999921602748,0.7626462821543115,46.40680831025609,,,CONVERGENCE: RELATIVE REDUCTION OF F <= FACTR*EPSMCH
simple_MOND,invariant,UGC11914,125,93.00866791938935,True,True,855,False,-0.19156687209903478,0.049846080075943065,-1.1905052052013916,2.727953791673802,0.41283220467407755,0.7357765080827559,0.6981893873717542,44.63976895836901,,,CONVERGENCE: RELATIVE REDUCTION OF F <= FACTR*EPSMCH
simple_MOND,invariant,UGC12506,126,76.3587039287539,True,True,440,False,0.5897495127921997,-3.041775630640836e-08,0.2049485749889659,0.10975613219298397,0.901768297983318,0.6999999787075708,1.0207895004906322,86.43902452877194,,,CONVERGENCE: RELATIVE REDUCTION OF F <= FACTR*EPSMCH
simple_MOND,invariant,UGC12632,127,17.466763741524773,True,True,365,False,0.1612197835476964,-6.60619094431815e-10,-0.20193116163875005,0.3842688992704267,0.5874715868086438,0.6999999995375665,0.9412385355204582,47.15280669781128,,,CONVERGENCE: NORM OF PROJECTED GRADIENT <= PGTOL
simple_MOND,invariant,UGC12732,128,17.78112657449142,True,True,400,False,0.2741272777586174,8.75756343140355e-09,-0.5149057113742422,0.6291923750596046,0.6576911052421505,0.7000000061302943,0.8555317840409665,42.77515425035763,,,CONVERGENCE: RELATIVE REDUCTION OF F <= FACTR*EPSMCH
simple_MOND,invariant,UGCA442,129,7.123379782601645,True,True,280,False,-0.07874321446611643,-3.97030496017084e-09,-0.40230818152011005,-0.9407833313798278,0.46213861749903484,0.6999999972207864,0.9798589750580102,57.41451668034121,,,CONVERGENCE: RELATIVE REDUCTION OF F <= FACTR*EPSMCH
simple_MOND,invariant,UGCA444,130,45.401126097332664,True,True,285,False,-0.041274156873693804,-1.439826936050787e-08,-2.4565822115468685,-1.8072824153133897,0.4797830111311452,0.6999999899212114,0.8822005859499884,70.77087033874645,,,CONVERGENCE: RELATIVE REDUCTION OF F <= FACTR*EPSMCH
NFW,invariant,CamB,0,13.673827268901675,True,True,672,False,-0.27894526712360596,2.139624942616933e-09,-0.680207878851668,-0.6205080874158141,0.37829065597662825,0.7000000014977374,0.9487261077300976,61.89745956292093,6.541865304568024,4.73271411682409,CONVERGENCE: RELATIVE REDUCTION OF F <= FACTR*EPSMCH
NFW,invariant,D631-7,1,32.205559965480106,True,True,1029,False,-0.3339407051091415,7.773804431247557e-08,-0.38785094808603265,-0.20076332595018867,0.3580481209084402,0.700000054416633,0.9909976095438899,58.39771002214943,110.44513223434468,2.4990132264886475,CONVERGENCE: RELATIVE REDUCTION OF F <= FACTR*EPSMCH
NFW,invariant,DDO064,2,17.62418160578471,True,True,826,False,-0.0082691356997321,-1.6987382281122272e-07,-0.01968603121892269,0.4129552958963165,0.4958824797793568,0.6999998810883341,0.9941115956460385,62.06477647948158,60.445112408852125,5.919222867223788,CONVERGENCE: RELATIVE REDUCTION OF F <= FACTR*EPSMCH
NFW,invariant,DDO154,3,10.98891986875965,True,True,1344,False,-0.15913825500918294,2.0564494712744374e-09,-0.1975312753800222,0.009105069026244177,0.4264392180507953,0.7000000014395146,0.9902688807530989,64.02731520707873,82.38480120695083,3.7263194236062787,CONVERGENCE: RELATIVE REDUCTION OF F <= FACTR*EPSMCH
NFW,invariant,DDO161,4,31.518226562524244,True,True,1176,False,-0.16412419405543127,4.2598436311710513e-10,-1.8955257892670894,0.24355736092318545,0.4243183098558957,0.700000000298189,0.5662850323690837,72.43557360923185,122.33154954641164,3.487435128198654,CONVERGENCE: RELATIVE REDUCTION OF F <= FACTR*EPSMCH
NFW,invariant,DDO168,5,21.867918364987325,True,True,1127,False,-0.09266863745167274,-8.808862408383044e-09,-0.5001505075493072,0.15420431055937386,0.45574774286349284,0.6999999938337963,0.9755895547397052,63.925225863356246,103.2132965190951,3.7545237343455233,CONVERGENCE: RELATIVE REDUCTION OF F <= FACTR*EPSMCH
NFW,invariant,DDO170,6,7.257846065793885,True,True,1253,False,-0.029986408633167084,-6.215690949144697e-08,-0.43022818812949293,0.08214306262232782,0.48522936165968966,0.6999999564901647,0.8789137961775758,66.5750014383563,62.79976342897209,5.316813650436876,CONVERGENCE: RELATIVE REDUCTION OF F <= FACTR*EPSMCH
NFW,invariant,ESO079-G014,7,36.21809852684671,True,True,1330,False,-0.19226816654036924,1.1347285434325789e-06,-1.2722399866532228,0.09553497011175902,0.4125427892383155,0.700000794310431,0.7277204134085393,79.4776748505588,358.40217875195003,4.5094361994292385,CONVERGENCE: RELATIVE REDUCTION OF F <= FACTR*EPSMCH
NFW,invariant,ESO116-G012,8,18.433912752844858,True,True,1365,False,-0.13944688957480414,-3.511126277614088e-08,-0.8015493984089078,0.08700608941561659,0.43491960975421756,0.6999999754221164,0.7862623060447888,74.26101826824684,208.0980427199132,5.916162024300965,CONVERGENCE: RELATIVE REDUCTION OF F <= FACTR*EPSMCH
NFW,invariant,ESO563-G021,9,250.1905349889693,True,True,1722,False,0.5081689318677212,-4.488270615210067e-06,0.5949039947667476,0.47070609894222004,0.8311223616538047,0.6999968582176199,1.0931242788883477,84.41211829682666,361.123869653631,2.771040904231892,CONVERGENCE: RELATIVE REDUCTION OF F <= FACTR*EPSMCH
NFW,invariant,F568-3,10,40.776961782343136,True,True,840,False,0.08537072651047352,-7.518783305833447e-08,-0.13269944701538428,2.103789094510513,0.5445603789011512,0.6999999473685188,0.9868177128493107,61.03789094510513,83.08495399305194,2.7710613115922706,CONVERGENCE: RELATIVE REDUCTION OF F <= FACTR*EPSMCH
NFW,invariant,F568-V1,11,24.84236109959552,True,True,1043,False,-0.0023888003658954385,5.096643152959984e-08,-0.0333988347860397,1.213232405164176,0.4988070252735797,0.7000000356765029,0.9966656877281017,52.13232405164176,95.030532606493,8.761372565052412,CONVERGENCE: RELATIVE REDUCTION OF F <= FACTR*EPSMCH
NFW,invariant,F571-8,12,36.18363007718503,True,True,1281,False,-0.7897500239490204,-1.6552778993930898e-07,-2.813979699137713,-0.12082684084397141,0.22697912989657623,0.6999998841305566,0.5684125835372925,84.39586579578014,302.9757014357756,5.881138905446513,CONVERGENCE: RELATIVE REDUCTION OF F <= FACTR*EPSMCH
NFW,invariant,F574-1,13,20.38060851526595,True,True,1141,False,-0.0033950149533934107,9.972677528522618e-08,-0.1505567013441668,0.5040314680744886,0.49830537079675497,0.7000000698087461,0.9850570998154529,70.04031468074488,119.0295483443202,5.6649646692919085,CONVERGENCE: RELATIVE REDUCTION OF F <= FACTR*EPSMCH
NFW,invariant,F583-1,14,42.49478695975171,True,True,1281,False,-0.04435272389287499,-1.6818855359512124e-07,-0.6896398973862926,0.6163224239094804,0.47830823823508506,0.6999998822680223,0.841634054056977,66.0816121195474,147.2216167608261,3.711263704774723,CONVERGENCE: RELATIVE REDUCTION OF F <= FACTR*EPSMCH
NFW,invariant,F583-4,15,14.208911238782777,True,True,952,False,-0.003050287854287409,2.687610819869662e-08,-0.1941112206011019,0.5369713351703813,0.4984771797736023,0.7000000188132759,0.9617815639676073,60.369713351703815,59.55463856719421,6.492730944453699,CONVERGENCE: RELATIVE REDUCTION OF F <= FACTR*EPSMCH
NFW,invariant,IC2574,16,48.31698546506742,True,True,1358,False,-0.11423767928382332,5.793086169434197e-07,0.012096921955866202,0.8323083796735428,0.4460229549254706,0.7000004055161493,1.0006189598631385,80.8261586577148,103.160396306273,1.543491131986656,CONVERGENCE: RELATIVE REDUCTION OF F <= FACTR*EPSMCH
NFW,invariant,IC4202,17,271.3887165173264,True,True,1960,False,0.08766124394110789,-1.6878051288013578,-2.8904827756097515,0.0,0.5458091335422304,0.12944747575537197,0.74983905351215,89.5,153.3178015357438,21.394759102180558,CONVERGENCE: RELATIVE REDUCTION OF F <= FACTR*EPSMCH
NFW,invariant,KK98-251,18,14.792705799297119,True,True,791,False,0.010799983943191373,-4.584388830963959e-09,0.05481263966428809,0.4054336452219982,0.5054292571444676,0.6999999967909277,1.016579735164022,61.02716822610999,25.237580632869115,4.130292295803951,CONVERGENCE: RELATIVE REDUCTION OF F <= FACTR*EPSMCH
NFW,invariant,NGC0024,19,46.79564783005756,True,True,1162,False,0.04681091853618011,-4.8586645362619475e-09,0.03695120283282171,0.5124012863522448,0.5239619236854302,0.6999999965989347,1.001823912407092,65.53720385905673,165.8872937584629,10.085544034986727,CONVERGENCE: RELATIVE REDUCTION OF F <= FACTR*EPSMCH
NFW,invariant,NGC0055,20,30.129594667278,True,True,1281,False,-0.3538280586241253,-3.723114908051061e-08,-0.389674670200562,0.07576354824294909,0.35099782953931313,0.6999999739381961,0.9798901619583922,77.22729064472885,149.23832318947944,2.619491355922505,CONVERGENCE: RELATIVE REDUCTION OF F <= FACTR*EPSMCH
NFW,invariant,NGC0100,21,29.665456520696484,True,True,1148,False,-0.10212658258449692,1.29509681672162e-08,-0.8197587901379657,0.0032212880663535014,0.45145762554436675,0.7000000090656776,0.7819788091783533,89.00322128806636,151.54062638781915,4.79096811761818,CONVERGENCE: RELATIVE REDUCTION OF F <= FACTR*EPSMCH
NFW,invariant,NGC0247,22,30.397074499901013,True,True,1365,False,0.016224550439653047,1.9727300205205007e-07,-0.0006173315274150842,0.27056210003438336,0.508178441584571,0.7000001380911149,0.9999682996943008,74.81168630010315,87.77629585908413,6.90353782803345,CONVERGENCE: RELATIVE REDUCTION OF F <= FACTR*EPSMCH
NFW,invariant,NGC0289,23,57.40941329031059,True,True,1218,False,0.08172032124950805,-8.113965306992607e-08,-0.010994518013944474,1.5190414741061349,0.5425761366766357,0.6999999432022451,0.9972551445199983,53.59520737053067,127.38878104531021,4.861278035880565,CONVERGENCE: RELATIVE REDUCTION OF F <= FACTR*EPSMCH
NFW,invariant,NGC0300,24,33.2474101270033,True,True,1267,False,-0.07660177177829415,-9.229127007157243e-08,-0.15153371255972872,1.276230673949016,0.463129321251296,0.6999999353961138,0.9927411986436151,54.76230673949016,77.16467110850193,5.5213467339522655,CONVERGENCE: RELATIVE REDUCTION OF F <= FACTR*EPSMCH
NFW,invariant,NGC0801,25,39.949914144166385,True,True,1253,False,0.1390121455668848,2.2156481417096786e-08,0.16006789889095666,0.050590533468316594,0.5745690284259887,0.7000000155095372,1.0161355848305988,80.05059053346832,120.3512932558664,6.969104449965934,CONVERGENCE: RELATIVE REDUCTION OF F <= FACTR*EPSMCH
NFW,invariant,NGC0891,26,33.95048077831217,True,True,1673,False,-0.7802629074212826,-0.16237857382087312,-0.7748478386788962,0.0,0.22914275440204293,0.5950835174886963,0.9616600779389786,89.5,178.79478689384553,12.402105304403529,CONVERGENCE: RELATIVE REDUCTION OF F <= FACTR*EPSMCH
NFW,invariant,NGC1003,27,50.74394558254971,True,True,1309,False,-0.008736841998712537,1.1232149305417775e-08,-0.5242404630815269,0.8450994875406355,0.49565060664849875,0.7000000078625044,0.8544714922210356,71.22549743770318,85.11552191461803,7.853068284353857,CONVERGENCE: RELATIVE REDUCTION OF F <= FACTR*EPSMCH
NFW,invariant,NGC1090,28,49.162011014110576,True,True,1456,False,-0.0030107282412893265,4.4102134985408083e-07,-0.49598930871567876,0.3660600571202418,0.49849689972797684,0.700000308715013,0.883382202002167,65.09818017136072,115.44174203258166,10.001731489962188,CONVERGENCE: RELATIVE REDUCTION OF F <= FACTR*EPSMCH
NFW,invariant,NGC2403,29,99.14943967630167,True,True,1841,False,-0.5970515641389215,-3.193950820520945e-07,-0.1031677202280333,1.4804242173737687,0.2752160799170232,0.6999997764234782,0.9947899376648319,67.44127265212131,84.66652596044297,15.793000941900932,CONVERGENCE: RELATIVE REDUCTION OF F <= FACTR*EPSMCH
NFW,invariant,NGC2683,30,16.839442413070117,True,True,1169,False,0.0600000454305014,-0.020033783574904776,0.06870153982522326,0.1260553521482869,0.5309182973925637,0.686115891475569,1.0034374699791881,80.63027676074144,110.0338142054753,14.356106198943285,CONVERGENCE: RELATIVE REDUCTION OF F <= FACTR*EPSMCH
NFW,invariant,NGC2841,31,78.8185214544166,True,True,1519,False,0.1660149587741235,0.14700398947272245,0.5252195132227473,0.7943610681692769,0.5902953808908635,0.8108510089824282,1.0535331867751094,83.94361068169277,172.8576417235293,16.558108408645317,CONVERGENCE: RELATIVE REDUCTION OF F <= FACTR*EPSMCH
NFW,invariant,NGC2903,32,119.97991581022727,True,True,1778,True,-0.43367067415849797,8.34843851907491e-09,-1.2154691995309512,0.35745618809728014,0.32406283243639605,0.700000005843907,0.6944460789801347,67.07236856429184,97.66820387962835,40.0,CONVERGENCE: RELATIVE REDUCTION OF F <= FACTR*EPSMCH
NFW,invariant,NGC2915,33,56.89993166264519,True,True,1029,False,-0.24642482296794943,3.879686213801661e-08,-0.16107499028464506,0.5604051474455687,0.39079505847686036,0.700000027157804,0.9920966682766716,58.24162058978227,64.20834450787646,14.15681138982846,CONVERGENCE: RELATIVE REDUCTION OF F <= FACTR*EPSMCH
NFW,invariant,NGC2955,34,57.384863947397314,True,True,1666,False,-0.5937023591927734,0.09797771832688261,-0.9137443973139316,0.39425857716611007,0.27613938027112894,0.772056746668244,0.91259072464902,58.75981004016277,256.00931578892437,6.1479446773777084,CONVERGENCE: RELATIVE REDUCTION OF F <= FACTR*EPSMCH
NFW,invariant,NGC2976,35,30.12800687934918,True,True,980,False,0.2309838138718144,2.4065545385436646e-07,0.1800328791920988,1.2051707582002624,0.6299194236855604,0.700000168458838,1.0090930251097685,73.05170758200262,32.55434921400594,5.1451791785631364,CONVERGENCE: RELATIVE REDUCTION OF F <= FACTR*EPSMCH
NFW,invariant,NGC2998,36,27.1216169851244,True,True,1365,False,-0.2707257578104751,4.940359879274955e-08,-0.22401946875996254,0.09425286708332195,0.38141283335157833,0.70000003458252,0.9670031008937061,58.18850573416665,114.60495399607868,24.90353704914526,CONVERGENCE: RELATIVE REDUCTION OF F <= FACTR*EPSMCH
NFW,invariant,NGC3109,37,44.5540584203244,True,True,1155,False,-0.018474770825986815,2.78552211838572e-08,-0.021968662250056108,0.9147824232510426,0.49084742081467575,0.700000019498655,0.9988444228125524,74.57391211625522,136.07786147555493,2.4072910332557242,CONVERGENCE: RELATIVE REDUCTION OF F <= FACTR*EPSMCH
NFW,invariant,NGC3198,38,58.27773678606074,True,True,1470,False,0.007214674089182555,-5.1141561865559965e-08,-0.052356021943583186,0.3657308618322593,0.5036203812762352,0.6999999642009076,0.9947026004841532,74.09719258549677,127.01256557166683,7.995077987183936,CONVERGENCE: RELATIVE REDUCTION OF F <= FACTR*EPSMCH
NFW,invariant,NGC3521,39,67.89499285582883,True,True,1253,False,0.048945428112677075,0.0,0.23057062667681005,0.5325007886312392,0.5250815198985903,0.7,1.0712988015848832,77.6625039431562,57.2593684523883,9.53518724387385,CONVERGENCE: RELATIVE REDUCTION OF F <= FACTR*EPSMCH
NFW,invariant,NGC3726,40,21.22613759793214,True,True,1176,False,0.007146976381297472,-2.3273457411108688e-08,-0.16960302442220557,0.1925457104704701,0.5035862884847935,0.69999998370858,0.9767193006759013,53.38509142094094,101.43073227065817,6.576115604284552,CONVERGENCE: RELATIVE REDUCTION OF F <= FACTR*EPSMCH
NFW,invariant,NGC3741,41,17.837501764557263,True,True,1141,False,-0.029442525203398972,-6.34706137087553e-08,-0.10956520002068287,0.15217554179552537,0.48549334164979724,0.6999999555705718,0.9942142837147592,70.6087021671821,59.245783182133216,5.061670052027567,CONVERGENCE: RELATIVE REDUCTION OF F <= FACTR*EPSMCH
NFW,invariant,NGC3769,42,17.878828969606033,True,True,1253,False,-0.23517665764605067,-3.733306254026834e-08,-0.3962805143362014,0.021948867421896556,0.39521560078935747,0.6999999738668566,0.9464482733033401,70.0438977348438,91.13844805007295,10.61180839345975,CONVERGENCE: RELATIVE REDUCTION OF F <= FACTR*EPSMCH
NFW,invariant,NGC3877,43,38.960565691475374,True,True,1344,False,-0.4779464925911118,-3.825215608759781e-08,-1.0139301776212508,-0.018147391880721928,0.3100276868253993,0.6999999732234913,0.8686424956447569,75.98185260811928,138.05711615220824,13.24853734583483,CONVERGENCE: RELATIVE REDUCTION OF F <= FACTR*EPSMCH
NFW,invariant,NGC3893,44,15.698727118055716,True,True,1190,False,-0.14532636435901936,-1.2230857346465787e-09,-0.2703537047169626,0.08040468348955682,0.4323700133639309,0.6999999991438399,0.963147101326264,49.160809366979116,134.7077078345279,12.60205443007271,CONVERGENCE: RELATIVE REDUCTION OF F <= FACTR*EPSMCH
NFW,invariant,NGC3917,45,36.719322965480394,True,True,1470,False,0.30041363482950556,1.0112775444654972e-08,0.4194215235857003,0.1654143084328702,0.6752086358429362,0.7000000070789428,1.0599831262730073,79.33082861686574,177.17903520011905,3.9639270450893016,CONVERGENCE: RELATIVE REDUCTION OF F <= FACTR*EPSMCH
NFW,invariant,NGC3953,46,10.41676303169617,True,True,1064,False,0.03177434693658164,7.020207552501925e-09,0.1882069574435673,0.06033582298429114,0.5161422704262865,0.7000000049141453,1.0264844976303817,62.06033582298429,108.2707864684663,15.521141906457906,CONVERGENCE: RELATIVE REDUCTION OF F <= FACTR*EPSMCH
NFW,invariant,NGC3972,47,15.94370733203837,True,True,1218,False,-0.06804340880970844,-1.3209984019204704e-07,-0.2388643452757494,0.019036734603781084,0.46710995966115515,0.6999999075301179,0.9673686713383272,77.01903673460379,139.0155333567094,7.5296378361586065,CONVERGENCE: RELATIVE REDUCTION OF F <= FACTR*EPSMCH
NFW,invariant,NGC3992,48,12.943363708223831,True,True,1400,False,0.07001644758271854,-3.7419393519457826e-08,0.23183566396784452,0.22399956905630167,0.5362629107831569,0.699999973806425,1.0227538270175778,56.4479991381126,146.05203366749953,17.157809072309227,CONVERGENCE: RELATIVE REDUCTION OF F <= FACTR*EPSMCH
NFW,invariant,NGC4010,49,22.78783617225865,True,True,952,False,-0.2800310143083079,6.059581560624872e-08,-0.7946961088136408,-7.384955195315613e-05,0.37788015085461973,0.7000000424170721,0.8954987444417509,88.99992615044805,202.19512781046896,4.677953484760004,CONVERGENCE: RELATIVE REDUCTION OF F <= FACTR*EPSMCH
NFW,invariant,NGC4013,50,53.516173379564265,True,True,1652,False,-0.0018442519483747105,0.12283966732907178,-0.0006593639094598827,0.007565983727597799,0.4990787238196333,0.7914921824337975,0.9999084258724081,89.0075659837276,136.52701356479128,6.536182120638555,CONVERGENCE: RELATIVE REDUCTION OF F <= FACTR*EPSMCH
NFW,invariant,NGC4088,51,18.69555028923485,True,True,1029,False,-0.25504703562043485,-2.983598558461187e-08,-0.6131929961222681,-0.00795549177558058,0.3874400250699969,0.6999999791148104,0.9183601051214026,68.98408901644883,108.77949028799996,7.914729303846599,CONVERGENCE: RELATIVE REDUCTION OF F <= FACTR*EPSMCH
NFW,invariant,NGC4100,52,32.44264557966524,True,True,1505,False,-0.043632793222290196,9.916618405007248e-09,0.010307360537223711,0.14565877080008938,0.47865271098915596,0.7000000069416329,1.0014326030491238,73.29131754160018,110.78098048211116,16.704764957352094,CONVERGENCE: RELATIVE REDUCTION OF F <= FACTR*EPSMCH
NFW,invariant,NGC4157,53,25.631881806241683,True,True,1281,False,-0.0676276905106394,-0.10704467831269375,-0.499355699684534,0.031161509083853206,0.46730418618802716,0.6289398704932754,0.9329954468267513,82.09348452725156,135.75747277876528,7.479016762540215,CONVERGENCE: RELATIVE REDUCTION OF F <= FACTR*EPSMCH
NFW,invariant,NGC4183,54,29.67234778699266,True,True,1232,False,0.07057540758040248,-3.8520538935302565e-08,0.19125737337871848,0.07797655291659024,0.5365627440881314,0.6999999730356232,1.026919479305302,82.15595310583318,72.33198734980603,12.535438684035396,CONVERGENCE: RELATIVE REDUCTION OF F <= FACTR*EPSMCH
NFW,invariant,NGC4217,55,53.0419411805443,True,True,1554,False,0.22158330633933737,-1.0118561604645497,-1.8559134104887272,-0.027354876940660685,0.624025607234082,0.2544804904185422,0.7727762326132821,85.94529024611867,252.22777672497017,7.573884375792304,CONVERGENCE: RELATIVE REDUCTION OF F <= FACTR*EPSMCH
NFW,invariant,NGC4559,56,38.48711871684206,True,True,1386,False,-0.07586383629807603,9.611127400957672e-08,-0.527312931035934,0.11892852574361026,0.4634712069386517,0.7000000672778951,0.8536842542079665,67.11892852574361,110.88339164664225,7.255485881349414,CONVERGENCE: RELATIVE REDUCTION OF F <= FACTR*EPSMCH
NFW,invariant,NGC5005,57,36.853143581813335,True,True,1085,False,0.01137954644599216,-0.2535039408572371,-0.3776525191674262,0.05220246699180172,0.5057222698911257,0.5432536805581787,0.9670360979761787,68.1044049339836,149.80309855903445,10.36073497610121,CONVERGENCE: RELATIVE REDUCTION OF F <= FACTR*EPSMCH
NFW,invariant,NGC5033,58,26.380965101156846,True,True,1694,False,-0.041293020440386234,-0.2130913862084144,-0.79171246069891,0.04161613608930501,0.47977396079767787,0.5656576003860823,0.7889838220201018,66.0416161360893,138.95631889395034,18.024037645166317,CONVERGENCE: RELATIVE REDUCTION OF F <= FACTR*EPSMCH
NFW,invariant,NGC5055,59,30.41034522729007,True,True,1701,False,-0.4255828277772158,3.9134736673238364e-08,-0.09810503591808281,0.693396030713625,0.3266944304782734,0.7000000273943162,0.9970315347552672,59.16037618428175,127.20586541978108,9.835171493901163,CONVERGENCE: RELATIVE REDUCTION OF F <= FACTR*EPSMCH
NFW,invariant,NGC5371,60,33.83414196637975,True,True,1575,False,-0.356108862654266,1.0244049316688076e-07,0.9871802507968783,0.5278350381766711,0.35019818453855,0.7000000717083488,1.2797576610380474,54.055670076353344,85.88666536385372,29.382550959760312,CONVERGENCE: RELATIVE REDUCTION OF F <= FACTR*EPSMCH
NFW,invariant,NGC5585,61,33.04248897828092,True,True,1197,False,-0.24880411938395847,-1.7621539441830203e-07,-1.4943203949600123,0.4604404090149189,0.38986634647352664,0.6999998766492348,0.6384451965745271,51.920880818029836,170.2862767231933,5.441174822227343,CONVERGENCE: RELATIVE REDUCTION OF F <= FACTR*EPSMCH
NFW,invariant,NGC5907,62,28.96013961079826,True,True,1869,False,-0.40505244381906935,-2.3598154804282376e-09,-0.1606746344505788,0.00909575592834839,0.33347091648223876,0.6999999983481291,0.9916760415891284,88.0181915118567,124.81828355253008,26.453203379345215,CONVERGENCE: RELATIVE REDUCTION OF F <= FACTR*EPSMCH
NFW,invariant,NGC5985,63,63.71630928225902,True,True,2184,False,0.02584505649333562,-0.1983936832256803,-0.43170336042732693,0.37995385486816874,0.5130909679635757,0.5740328655968018,0.8979382413428003,60.75990770973634,145.1341555988879,35.37638268908799,CONVERGENCE: RELATIVE REDUCTION OF F <= FACTR*EPSMCH
NFW,invariant,NGC6015,64,107.9460181788812,True,True,1715,False,-0.10557171419311485,-5.902944549006189e-07,0.2200333926169599,1.4242291540072862,0.4499049706944985,0.6999995867940035,1.0682374184852728,62.84845830801457,88.09470562500125,17.68786640195889,CONVERGENCE: RELATIVE REDUCTION OF F <= FACTR*EPSMCH
NFW,invariant,NGC6195,65,46.73517491506648,True,True,1498,False,-0.257108302198162,-0.006015959028319245,-0.3781035730453776,0.5384997219774345,0.3866422304116527,0.6958014704337759,0.9628385557422064,64.69249860988717,149.52086406580347,5.393788749083307,CONVERGENCE: RELATIVE REDUCTION OF F <= FACTR*EPSMCH
NFW,invariant,NGC6503,66,29.36655011794824,True,True,1673,False,-0.2965534249741443,-6.336982546355919e-09,-0.19164433340677997,0.06156140728131911,0.3716879556821796,0.6999999955641122,0.990554517139951,74.12312281456263,77.51463285545226,16.568231391549592,CONVERGENCE: RELATIVE REDUCTION OF F <= FACTR*EPSMCH
NFW,invariant,NGC6674,67,21.96153040242167,True,True,1932,False,-0.10805043102608271,0.11028091869559367,0.5691656134236617,0.871195878274139,0.4487911646455752,0.7816141885217301,1.1200669519523758,59.22717526964483,135.12351485563894,21.165783599730265,CONVERGENCE: RELATIVE REDUCTION OF F <= FACTR*EPSMCH
NFW,invariant,NGC6946,68,76.81992376361868,True,True,1771,False,0.04235729450056359,-0.21225977188848733,-0.7769661813419744,1.5329497145623852,0.5216335828941193,0.5661282050003852,0.7916365663360603,41.06589942912477,120.1967545279895,9.200695024152772,CONVERGENCE: RELATIVE REDUCTION OF F <= FACTR*EPSMCH
NFW,invariant,NGC7331,69,48.78078092193553,True,True,1680,False,-0.34839924438737996,-0.15605238176331424,-0.8211711300074783,0.06139527531449974,0.35290851323416444,0.5988600630920244,0.9196216234006626,75.122790550629,153.39497922906102,12.19230485943482,CONVERGENCE: RELATIVE REDUCTION OF F <= FACTR*EPSMCH
NFW,invariant,NGC7793,70,63.39203353382489,True,True,1064,False,-0.14181625836370174,-1.709457124387541e-08,-0.13296315859699742,1.8615827915971093,0.4338903446410204,0.6999999880338001,0.9933921862731401,63.75424512437398,58.9156090494539,6.823565656867217,CONVERGENCE: RELATIVE REDUCTION OF F <= FACTR*EPSMCH
NFW,invariant,NGC7814,71,23.823404322923764,True,True,1561,False,0.04434622940955754,-0.2585981297880065,-0.10375596801254806,5.6567692361850756e-08,0.5226721105764658,0.540493280640968,0.9952558075340491,89.5,129.02746500848755,19.206256400372627,CONVERGENCE: RELATIVE REDUCTION OF F <= FACTR*EPSMCH
NFW,invariant,UGC00128,72,18.513971362936154,True,True,1911,False,-0.04404605100757387,3.275198513783507e-07,-0.01780558256824841,0.7064252549488551,0.4784549448968958,0.7000002292639335,0.9973258431707569,64.06425254948856,94.05584889208345,8.43091655611898,CONVERGENCE: RELATIVE REDUCTION OF F <= FACTR*EPSMCH
NFW,invariant,UGC00191,73,11.765194853148715,True,True,1246,False,-0.02116551677926309,-9.466622753618592e-09,-0.3428645691662218,0.45491782960344906,0.4895284504063781,0.699999993373364,0.9027967319393412,47.27458914801724,115.04555812993245,6.4915567352591355,CONVERGENCE: RELATIVE REDUCTION OF F <= FACTR*EPSMCH
NFW,invariant,UGC00731,74,10.17524179487441,True,True,1218,False,0.0012360660037769808,1.8180562813618512e-08,-0.1253393386164038,0.14337901301796327,0.5006184151241064,0.7000000127263941,0.9630963679934041,57.43013703905389,62.231383582740555,8.885509036768331,CONVERGENCE: RELATIVE REDUCTION OF F <= FACTR*EPSMCH
NFW,invariant,UGC01281,75,36.39036161720297,True,True,952,False,0.04817839240418607,2.450522719941822e-07,0.040412264514758885,-1.0076024623089158e-06,0.5246789180476964,0.7000001715366113,1.001842101321009,89.5,73.02820435952245,4.09565992268573,CONVERGENCE: RELATIVE REDUCTION OF F <= FACTR*EPSMCH
NFW,invariant,UGC02259,76,6.6258554964589225,True,True,1309,False,0.017475923167745676,4.7793053076028725e-09,0.43270492113427533,0.22180021332005526,0.5088147602802695,0.7000000033455137,1.1362700097730758,41.66540063996017,53.6006660162869,18.869789068779095,CONVERGENCE: RELATIVE REDUCTION OF F <= FACTR*EPSMCH
NFW,invariant,UGC02487,77,34.56460446235173,True,True,1995,False,0.11810045449430322,-0.15826405314150915,0.07652950749936958,1.6554915102066023,0.562678576436593,0.5975370450108455,1.011584779022682,44.27745755103301,189.03155380246503,12.012260953338068,CONVERGENCE: RELATIVE REDUCTION OF F <= FACTR*EPSMCH
NFW,invariant,UGC02885,78,37.37923782784392,True,True,1351,False,-0.150214346370141,0.30404325574161684,0.14013387913559616,0.5392053304265134,0.4302617532827442,0.9487293763679869,1.0141120356918836,66.15682132170605,217.14740874143615,7.0260948324598065,CONVERGENCE: RELATIVE REDUCTION OF F <= FACTR*EPSMCH
NFW,invariant,UGC02916,79,123.43712269519915,True,True,2107,False,-0.2816870914769055,-0.4417312659158963,-1.7328682719277657,2.8276110044062315,0.37725487006385144,0.45004567118087613,0.7713097183028468,64.13805502203115,347.31505286704044,4.471833670510887,CONVERGENCE: RELATIVE REDUCTION OF F <= FACTR*EPSMCH
NFW,invariant,UGC02953,80,284.0028031129553,True,True,1946,False,0.08867003584559892,-0.18655608722490105,-0.813943490826905,3.8068281059974423,0.5463600191953206,0.5808684131549573,0.7833442321325957,65.22731242398977,145.6906685185353,13.338444809398654,CONVERGENCE: RELATIVE REDUCTION OF F <= FACTR*EPSMCH
NFW,invariant,UGC03205,81,95.43167989706596,True,True,1680,True,-0.23186939782738336,-0.3922411386401889,-0.37461094857407023,0.6022320925994394,0.39652484527803106,0.4728788366632436,0.9278156771223602,69.40892837039776,101.23193469010909,40.0,CONVERGENCE: RELATIVE REDUCTION OF F <= FACTR*EPSMCH
NFW,invariant,UGC03546,82,57.051376582101334,True,True,1673,False,0.005131197557209417,-0.2293964989509724,-0.9382055074252602,0.6719029355907143,0.5025721923485101,0.5565092743594876,0.7902794759626998,58.35951467795357,154.56489245890162,10.278328619817676,CONVERGENCE: RELATIVE REDUCTION OF F <= FACTR*EPSMCH
NFW,invariant,UGC03580,83,80.21426768809086,True,True,1393,False,0.11572049192146941,-0.7738416201107169,-2.5183538116023656,0.47297094833071585,0.5613410147888225,0.3228664321466299,0.5311929551706915,64.89188379332286,97.30279091580383,12.491104522030453,CONVERGENCE: RELATIVE REDUCTION OF F <= FACTR*EPSMCH
NFW,invariant,UGC04278,84,35.00297624243943,True,True,1064,False,-0.08542258811873527,0.0,-1.0153308992541132,0.0,0.45906210701294853,0.7,0.7376550496013896,89.5,140.23164955598406,4.77731014293796,CONVERGENCE: RELATIVE REDUCTION OF F <= FACTR*EPSMCH
NFW,invariant,UGC04325,85,10.564267764843471,True,True,1204,False,0.022055569138671224,-1.2190895723049258e-08,0.1891041252491457,0.36632575404840084,0.5111502956276953,0.6999999914663729,1.0583713217240316,42.098977262145205,82.00053870534775,13.113764441071295,CONVERGENCE: RELATIVE REDUCTION OF F <= FACTR*EPSMCH
NFW,invariant,UGC04483,86,6.384826292339185,True,True,882,False,-0.018433190355472476,1.2977540910347888e-07,-0.1138372917879628,0.013092296652970705,0.4908678309057116,0.7000000908427922,0.9894898846668613,58.03927688995891,38.6497356876269,6.4186419079358075,CONVERGENCE: RELATIVE REDUCTION OF F <= FACTR*EPSMCH
NFW,invariant,UGC04499,87,10.145660633772618,True,True,1113,False,-0.07429137310580777,-4.1012650608415156e-08,-0.49355803985191116,0.10987270109332932,0.46420057165153317,0.6999999712911451,0.8623729787335996,50.32961810327999,84.54253976871983,6.486301520378049,CONVERGENCE: RELATIVE REDUCTION OF F <= FACTR*EPSMCH
NFW,invariant,UGC05005,88,19.095463979243053,True,True,735,False,-0.027377726752089937,-2.0209409483656124e-09,-0.3311245672250105,0.658373745173224,0.4864968231867987,0.6999999985853412,0.9361512106405423,47.58373745173224,50.48617421473882,5.524076038053909,CONVERGENCE: RELATIVE REDUCTION OF F <= FACTR*EPSMCH
NFW,invariant,UGC05253,89,98.27271107987755,True,True,2205,False,-0.19561068188215103,-0.06461470736810614,-1.2702916289641564,2.203976157223772,0.41116616061897293,0.6562000046907127,0.7281155280567038,45.81590462889509,219.77146815781583,6.703955613056669,CONVERGENCE: RELATIVE REDUCTION OF F <= FACTR*EPSMCH
NFW,invariant,UGC05716,90,7.667242455296968,True,True,1414,False,0.004921101768537319,-1.6395270628313532e-09,-0.020124999194548878,0.2557100433038873,0.5024666151384459,0.699999998852331,0.9950048883634086,56.557100433038876,61.66251860553487,8.172849506584843,CONVERGENCE: RELATIVE REDUCTION OF F <= FACTR*EPSMCH
NFW,invariant,UGC05721,91,34.02776535337483,True,True,1190,False,-0.057250619507528515,-1.418776489736063e-07,0.42021009543464144,0.6945532794681513,0.472178682664304,0.6999999006856528,1.13404518249982,64.47276639734076,62.661736053019744,16.872023448075673,CONVERGENCE: RELATIVE REDUCTION OF F <= FACTR*EPSMCH
NFW,invariant,UGC05750,92,18.35465945693263,True,True,791,False,0.019061742186798014,-4.5706349957098007e-07,-0.3080504117048082,0.41182092247518964,0.509622288531894,0.6999996800556234,0.9404468284562522,68.1182092247519,66.37410022914133,4.07791922764909,CONVERGENCE: RELATIVE REDUCTION OF F <= FACTR*EPSMCH
NFW,invariant,UGC05764,93,7.7994607048271885,True,True,1365,False,0.005088942279413256,-5.7220858946647576e-08,0.035525406795754465,0.3466738968984436,0.5025509564695769,0.6999999599453999,1.0107098101002754,63.46673896898444,59.97350625478678,10.270736841682742,CONVERGENCE: RELATIVE REDUCTION OF F <= FACTR*EPSMCH
NFW,invariant,UGC05829,94,12.37085170986264,True,True,847,False,-0.0027746540752375455,-8.340151482203693e-09,-0.29675976347972566,0.8018929701850904,0.498614595859821,0.699999994161894,0.9148828683307527,42.01892970185091,41.79223070126956,5.9885415298404014,CONVERGENCE: RELATIVE REDUCTION OF F <= FACTR*EPSMCH
NFW,invariant,UGC05918,95,8.102527565361529,True,True,938,False,-0.0017779706339139986,-5.388338295020687e-09,-0.2275741816746431,0.19775941404155875,0.49911180450977116,0.6999999962281631,0.9339506556593198,46.988797070207795,47.12685427019271,7.244553515320751,CONVERGENCE: RELATIVE REDUCTION OF F <= FACTR*EPSMCH
NFW,invariant,UGC05986,96,26.741384401303293,True,True,1540,False,-0.009517172537291684,-9.314729257700936e-07,-0.09601529636776884,6.249307433240277e-06,0.49526398620915174,0.6999993479692557,0.9715954987675958,89.5,232.7549900700464,4.9883350643942235,CONVERGENCE: RELATIVE REDUCTION OF F <= FACTR*EPSMCH
NFW,invariant,UGC06399,97,12.08048028917599,True,True,1148,False,-0.014197574625324803,1.9132960039629254e-08,-0.1670284681749043,0.041113233561251857,0.4929513678276365,0.7000000133930722,0.9770686157337136,75.08222646712251,113.33141763495229,5.916130384249052,CONVERGENCE: RELATIVE REDUCTION OF F <= FACTR*EPSMCH
NFW,invariant,UGC06446,98,18.32211614491718,True,True,1295,False,0.017761555345111157,1.078797502719085e-10,0.1747908024596439,0.3748893083656873,0.508960114906115,0.7000000000755158,1.0538364220068814,52.124667925097064,60.505770062213394,12.856067953622137,CONVERGENCE: RELATIVE REDUCTION OF F <= FACTR*EPSMCH
NFW,invariant,UGC06614,99,24.83308076484159,True,True,924,False,-0.042001546202838615,-0.21350119956888888,-0.5141154812799346,-0.009269991496496741,0.4794341489832271,0.5654258338377479,0.9498876655886923,35.90730008503503,137.01377400272392,6.107546354041215,CONVERGENCE: RELATIVE REDUCTION OF F <= FACTR*EPSMCH
NFW,invariant,UGC06667,100,10.803630931365683,True,True,1337,False,0.005006859790151629,-1.6240809108657444e-07,-0.10415893040228158,0.0016932362961590392,0.5025097075290201,0.6999998863143454,0.9856376191888585,89.00169323629616,132.32907486137483,5.498206421566282,CONVERGENCE: RELATIVE REDUCTION OF F <= FACTR*EPSMCH
NFW,invariant,UGC06786,101,65.61190424725436,True,True,2009,False,-0.23283950748819612,-0.0874773826690876,-0.7795274452137048,0.46786828970379124,0.3961403592218471,0.6413677160174415,0.8230413503388564,65.40360486911138,127.0080351315753,25.768491633377543,CONVERGENCE: RELATIVE REDUCTION OF F <= FACTR*EPSMCH
NFW,invariant,UGC06787,102,146.2124938105363,True,True,2009,False,-0.12440537167563055,-0.06547295841241516,-0.8743500247700343,1.1126313170804485,0.44151090814392585,0.65563706195906,0.8038181156530952,69.33789395124134,329.0608960377927,8.829857990909806,CONVERGENCE: RELATIVE REDUCTION OF F <= FACTR*EPSMCH
NFW,invariant,UGC06818,103,15.0757602854888,True,True,854,False,-0.1741073713899775,-1.5808077830425053e-08,-0.575955009756504,-0.013450122479608946,0.4201033393280463,0.6999999889343456,0.9231221146309353,74.95964963256117,68.60996396716033,4.710681719619651,CONVERGENCE: RELATIVE REDUCTION OF F <= FACTR*EPSMCH
NFW,invariant,UGC06917,104,12.469992579045662,True,True,1050,False,-0.08520263267113043,-1.0263604889293814e-08,-0.2810990471191219,0.0745649937318264,0.45916309132979316,0.6999999928154765,0.9617107643121794,56.14912998746365,116.676436138961,7.347426004638922,CONVERGENCE: RELATIVE REDUCTION OF F <= FACTR*EPSMCH
NFW,invariant,UGC06930,105,13.670728943891643,True,True,959,False,-0.019569198714075902,3.0135790490703026e-08,-0.08074218907927012,0.6002871425913118,0.49031051756307614,0.7000000210950537,0.9888484517453451,35.00143571295656,71.31796882535563,9.686649486510005,CONVERGENCE: RELATIVE REDUCTION OF F <= FACTR*EPSMCH
NFW,invariant,UGC06983,106,21.172109432683122,True,True,1183,False,-0.0024002051387793954,-2.8438225376900517e-08,-0.004259524464342818,0.14185989050241532,0.49880133652518305,0.6999999800932425,0.9994085743410951,49.14185989050242,85.86838125666176,11.294511553302698,CONVERGENCE: RELATIVE REDUCTION OF F <= FACTR*EPSMCH
NFW,invariant,UGC07089,107,15.75236350406423,True,True,952,False,-0.07461372291867803,-1.6292440035009362e-07,-0.3939734359129729,0.03084588240464649,0.46405096079893765,0.699999885952929,0.946751590005988,80.09253764721394,80.69642400437215,4.407986846180021,CONVERGENCE: RELATIVE REDUCTION OF F <= FACTR*EPSMCH
NFW,invariant,UGC07125,108,12.537102064457688,True,True,1365,False,-0.05279595497933066,-5.006241849968551e-09,-0.867934981808967,-3.7653547131927084e-09,0.4742867722227464,0.6999999964956306,0.7721108968232786,89.5,57.89803356495657,5.741037991480684,CONVERGENCE: RELATIVE REDUCTION OF F <= FACTR*EPSMCH
NFW,invariant,UGC07151,109,14.116690992280041,True,True,1176,False,0.1579726417180588,-6.357539083666033e-09,0.06476861378142613,0.0,0.5855670770255027,0.6999999955497226,1.0032105764745183,89.5,76.89042624804262,7.846098559158349,CONVERGENCE: RELATIVE REDUCTION OF F <= FACTR*EPSMCH
NFW,invariant,UGC07323,110,13.40500244862217,True,True,959,False,-0.047216229823048586,1.1463895510497803e-07,-0.4311934043659457,0.2475952839931069,0.4769405588719742,0.7000000802472731,0.878659330461566,47.74278585197932,98.70497697001097,5.305319235745421,CONVERGENCE: RELATIVE REDUCTION OF F <= FACTR*EPSMCH
NFW,invariant,UGC07399,111,11.675123828565749,True,True,1141,False,-0.01578159042242607,-1.069399987119773e-07,0.29693145017823025,0.2558385094589935,0.49217114318101646,0.6999999251420049,1.0932059942143442,55.76751552837698,78.84757305844361,15.715803922744607,CONVERGENCE: RELATIVE REDUCTION OF F <= FACTR*EPSMCH
NFW,invariant,UGC07524,112,34.06170628566423,True,True,1253,False,-0.09827421997545242,-1.4673581093372446e-07,-0.1160446878741683,0.7231447104494803,0.4532001582995645,0.6999998972849398,0.994141547652692,48.16943413134844,110.00867139662172,3.999489824066609,CONVERGENCE: RELATIVE REDUCTION OF F <= FACTR*EPSMCH
NFW,invariant,UGC07577,113,11.710113220804626,True,True,630,False,-0.08616414956926897,-3.524733642596009e-09,-0.15854379081914968,-0.0693839827249139,0.4587218104419908,0.6999999975326864,0.9920737829886872,62.791848051825255,10.819842819896799,5.207699788631274,CONVERGENCE: RELATIVE REDUCTION OF F <= FACTR*EPSMCH
NFW,invariant,UGC07603,114,13.752238006617176,True,True,1022,False,-0.07032600507075946,5.945529810135355e-08,-0.35929021506169334,0.06546137216868411,0.46604495216720726,0.7000000416187098,0.8978187535462253,78.19638411650605,103.5929684818859,7.486345145047257,CONVERGENCE: RELATIVE REDUCTION OF F <= FACTR*EPSMCH
NFW,invariant,UGC08286,115,23.56297258785932,True,True,1078,False,0.16241056552226632,-5.2246479119085875e-09,0.0934427282506558,0.0,0.5881715540562676,0.6999999963427465,1.0030234804375504,89.5,63.282774792552786,13.946885874373509,CONVERGENCE: RELATIVE REDUCTION OF F <= FACTR*EPSMCH
NFW,invariant,UGC08490,116,31.916105995743113,True,True,1407,False,0.05505870908434657,-2.5412536787075245e-08,0.25585528511121536,0.7588254124843961,0.5283013225142058,0.6999999822112244,1.0295913750138144,52.27647623745319,50.02563414134121,19.37400801045937,CONVERGENCE: RELATIVE REDUCTION OF F <= FACTR*EPSMCH
NFW,invariant,UGC08550,117,9.431760441738778,True,True,1239,False,0.07986452406673653,-5.911749732756459e-09,0.4413597127702059,-8.931468314533798e-10,0.5415701591446013,0.6999999958617751,1.1408221286695297,89.5,46.89138972214023,10.578483977161016,CONVERGENCE: RELATIVE REDUCTION OF F <= FACTR*EPSMCH
NFW,invariant,UGC08699,118,61.741875168891625,True,True,1526,False,0.3353679769850582,-0.24350943432847444,0.3509401461103526,0.7837905984776818,0.6992274448839112,0.5487104564834877,1.0916500813574557,80.05411538629913,115.94906064503583,9.439904938975278,CONVERGENCE: RELATIVE REDUCTION OF F <= FACTR*EPSMCH
NFW,invariant,UGC08837,119,9.804976538032408,True,True,805,False,-0.03903935547913143,-1.1562544533615308e-08,-0.007290880301050501,0.07899192093811641,0.48085642986559957,0.6999999919062188,0.9996360278477856,80.39495960469058,27.06952553611115,4.278134837194109,CONVERGENCE: RELATIVE REDUCTION OF F <= FACTR*EPSMCH
NFW,invariant,UGC09037,120,42.26351349341968,True,True,1316,False,-0.7326998040541817,9.8381404573341e-07,-1.2822813467166905,-0.3002746848435942,0.24030484248442033,0.7000006886701707,0.8791131476616536,63.498626575782026,204.06747634226,4.402505833191061,CONVERGENCE: RELATIVE REDUCTION OF F <= FACTR*EPSMCH
NFW,invariant,UGC09133,121,119.17474048408384,True,True,1834,False,-0.08711463522825261,-0.29511204624594434,-1.0952524185386638,1.949270842901097,0.45828600908398254,0.521113719118952,0.8035893832281016,64.69562505740659,130.26349346246212,17.638307445879217,CONVERGENCE: RELATIVE REDUCTION OF F <= FACTR*EPSMCH
NFW,invariant,UGC11455,122,112.8911968103386,True,True,1883,False,-0.22862619761903022,-1.5286050983713284e-06,-0.8746119034162622,5.62053534379411e-07,0.3978129423882078,0.6999989299772489,0.8769519656737806,89.5,597.5159877557365,3.5119417775430226,CONVERGENCE: RELATIVE REDUCTION OF F <= FACTR*EPSMCH
NFW,invariant,UGC11557,123,23.283430142860855,True,True,763,False,-0.1776766371609655,1.7462192178603216e-09,-0.9844318722930516,0.2339494227435978,0.418606551664239,0.7000000012223534,0.7818378068467213,32.33949422743598,40.54214822974179,5.131127247920979,CONVERGENCE: RELATIVE REDUCTION OF F <= FACTR*EPSMCH
NFW,invariant,UGC11820,124,11.489495304781599,True,True,1099,False,0.019695247044294643,4.0543085071370564e-08,0.011024746314030548,0.665897653242068,0.5099452390117156,0.7000000283801602,1.0033128994556204,51.65897653242068,48.95621982474863,7.901320001030416,CONVERGENCE: RELATIVE REDUCTION OF F <= FACTR*EPSMCH
NFW,invariant,UGC11914,125,92.30776172176463,True,True,2212,False,-0.10575394612296751,-0.06983171847337939,-0.8764579484852195,2.8501354448119525,0.449822991113314,0.6527855164349342,0.7675948477256036,45.250677224059764,92.28388838689506,9.412720910241454,CONVERGENCE: RELATIVE REDUCTION OF F <= FACTR*EPSMCH
NFW,invariant,UGC12506,126,56.89272992536094,True,True,1218,False,-0.09660808747357309,-5.722449173922465e-08,0.031530643368327886,0.09008847022279598,0.45395587920392155,0.6999999599428569,1.003170617179278,86.36035388089118,151.9471568355393,19.173249820686586,CONVERGENCE: RELATIVE REDUCTION OF F <= FACTR*EPSMCH
NFW,invariant,UGC12632,127,15.781386954935792,True,True,1344,False,-0.0006961314883739742,1.741667094883094e-08,-0.17197882243811746,0.33830489433660116,0.49965205537746815,0.7000000121916696,0.9497314258528333,47.014914683009806,64.65013139436131,7.8437475387933135,CONVERGENCE: RELATIVE REDUCTION OF F <= FACTR*EPSMCH
NFW,invariant,UGC12732,128,15.956873298613909,True,True,1148,False,0.0019809160962465993,-2.63695567197169e-08,-0.17695232229499108,0.7862750399229891,0.5009914397033536,0.6999999815413105,0.9477903832924619,43.71765023953793,65.21854322879268,8.040363377186486,CONVERGENCE: RELATIVE REDUCTION OF F <= FACTR*EPSMCH
NFW,invariant,UGCA442,129,8.01653106834161,True,True,973,False,-0.0171325546986473,-7.713996362498999e-09,-0.09263401272074848,0.14913187765520702,0.4915066864784846,0.6999999946002026,0.9953260186323816,65.04392314358645,83.26983561104319,4.425433498057163,CONVERGENCE: RELATIVE REDUCTION OF F <= FACTR*EPSMCH
NFW,invariant,UGCA444,130,35.486616037219896,True,True,959,False,-0.002868300892280162,2.3764487191498684e-08,-0.04582116345509258,0.23502568148537034,0.49856790437627624,0.7000000166351412,0.9976649160979728,78.94010272594149,44.13222071554704,5.6435147190619155,CONVERGENCE: RELATIVE REDUCTION OF F <= FACTR*EPSMCH
RAR_sharp_coherence_gated_RG,primary,CamB,0,46.33718987231147,True,True,260,True,-0.7349956717414817,1.4879011688816799e-08,-3.439279194126618,-5.0,0.23975376720148647,0.700000010415308,0.7663358954516932,40.0,,,CONVERGENCE: RELATIVE REDUCTION OF F <= FACTR*EPSMCH
RAR_sharp_coherence_gated_RG,primary,D631-7,1,56.32430609481946,True,True,290,False,-0.6754541280491696,-3.8524696879148405e-08,-1.3131310744087275,-3.6327131684092318,0.25446262544491793,0.6999999730327127,0.9698469089392227,48.1018604947723,,,CONVERGENCE: RELATIVE REDUCTION OF F <= FACTR*EPSMCH
RAR_sharp_coherence_gated_RG,primary,DDO064,2,15.779022835016175,True,True,295,False,-0.05425429075028872,-7.376148397372812e-10,-0.2220256826237556,0.30598351171899524,0.4735956069551327,0.6999999994836695,0.9355621459079565,61.529917558594974,,,CONVERGENCE: RELATIVE REDUCTION OF F <= FACTR*EPSMCH
RAR_sharp_coherence_gated_RG,primary,DDO154,3,12.630101386589756,True,True,295,False,-0.45043910403841303,-3.281214927719103e-08,-1.1223297023350207,-1.1509054178812648,0.3186741139938436,0.6999999770314959,0.9459544356612242,60.54728374635621,,,CONVERGENCE: RELATIVE REDUCTION OF F <= FACTR*EPSMCH
RAR_sharp_coherence_gated_RG,primary,DDO161,4,35.4364560055115,True,True,435,False,-0.4175329752562913,0.0,-2.01794914251032,0.23185449150727522,0.32933488584269555,0.7,0.5458643688731016,72.31854491507275,,,CONVERGENCE: RELATIVE REDUCTION OF F <= FACTR*EPSMCH
RAR_sharp_coherence_gated_RG,primary,DDO168,5,29.74900272381692,True,True,285,False,-0.17097976715920082,-8.742529482363584e-09,-1.1948996288159566,-1.4878821824358757,0.42141931315942566,0.6999999938802294,0.9426670826915602,54.07270690538475,,,CONVERGENCE: RELATIVE REDUCTION OF F <= FACTR*EPSMCH
RAR_sharp_coherence_gated_RG,primary,DDO170,6,7.533458466608687,True,True,410,False,0.00720459132168746,-2.7873029721434796e-09,-1.248451669583635,-0.22087701938188767,0.5036153034146245,0.6999999980488879,0.6876085982155856,64.45386086432678,,,CONVERGENCE: RELATIVE REDUCTION OF F <= FACTR*EPSMCH
RAR_sharp_coherence_gated_RG,primary,ESO079-G014,7,38.71728207059306,True,True,435,False,-0.026084458953812846,-1.931109765314429e-09,0.456579183422632,0.2627514809084719,0.48712640088071973,0.6999999986482232,1.120825259085388,80.31375740454236,,,CONVERGENCE: RELATIVE REDUCTION OF F <= FACTR*EPSMCH
RAR_sharp_coherence_gated_RG,primary,ESO116-G012,8,22.213983644309724,True,True,510,False,-0.4392677329980827,1.1189104484560601e-08,1.1814233468079995,0.27274688279490994,0.3222541002077354,0.7000000078323732,1.4253636926119886,74.81824064838473,,,CONVERGENCE: RELATIVE REDUCTION OF F <= FACTR*EPSMCH
RAR_sharp_coherence_gated_RG,primary,ESO563-G021,9,243.173603406095,True,True,660,False,0.4138175586271243,4.850245107662317e-09,0.31122578115484634,0.43463867012809226,0.7562905721646423,0.7000000033951715,1.0476834515989208,84.30391601038427,,,CONVERGENCE: RELATIVE REDUCTION OF F <= FACTR*EPSMCH
RAR_sharp_coherence_gated_RG,primary,F568-3,10,38.027767945432856,True,True,355,False,-0.31766281349038716,-3.015504628971223e-08,-0.7599637238938914,0.8299047721086128,0.36392408381308033,0.6999999788914679,0.9268195686937857,48.299047721086126,,,CONVERGENCE: RELATIVE REDUCTION OF F <= FACTR*EPSMCH
RAR_sharp_coherence_gated_RG,primary,F568-V1,11,25.949209296446043,True,True,385,False,0.20943815924204445,-3.0448245231337726e-09,0.5952150854605786,2.07422550697588,0.6164925620092592,0.6999999978686228,1.061328588368869,60.7422550697588,,,CONVERGENCE: RELATIVE REDUCTION OF F <= FACTR*EPSMCH
RAR_sharp_coherence_gated_RG,primary,F571-8,12,83.48864121368041,True,True,375,False,-0.6954739732292561,-1.1578234531238089e-08,0.3299720200384668,0.2087841428397779,0.24941897805361107,0.6999999918952359,1.0684852996960457,86.04392071419889,,,CONVERGENCE: RELATIVE REDUCTION OF F <= FACTR*EPSMCH
RAR_sharp_coherence_gated_RG,primary,F574-1,13,19.82046932443162,True,True,385,False,0.13886799497974184,-3.077886809727558e-08,0.44130853926535163,0.9019932659827232,0.5744862099324975,0.6999999784547926,1.045119103879617,74.01993265982723,,,CONVERGENCE: RELATIVE REDUCTION OF F <= FACTR*EPSMCH
RAR_sharp_coherence_gated_RG,primary,F583-1,14,41.540810104264565,True,True,345,False,-0.004241501241549305,0.0,1.0194286383375055,0.9420876720071958,0.497883740610323,0.7,1.2902773039628834,67.71043836003598,,,CONVERGENCE: RELATIVE REDUCTION OF F <= FACTR*EPSMCH
RAR_sharp_coherence_gated_RG,primary,F583-4,15,14.084671491723629,True,True,335,False,-0.094259657606158,-4.319600048449348e-09,-0.6441695608168609,0.060784546410379725,0.45502321554085795,0.6999999969762799,0.8786950749029682,55.6078454641038,,,CONVERGENCE: RELATIVE REDUCTION OF F <= FACTR*EPSMCH
RAR_sharp_coherence_gated_RG,primary,IC2574,16,42.18641969407051,True,True,370,False,-0.8154335755596022,-1.4242956243377958e-08,-1.3143220005419434,-2.482454345149587,0.22122372568333262,0.6999999900299306,0.9349813028635324,57.62281958395289,,,CONVERGENCE: RELATIVE REDUCTION OF F <= FACTR*EPSMCH
RAR_sharp_coherence_gated_RG,primary,IC4202,17,381.02699745929505,True,True,600,False,0.4403007164828429,-0.5604142734211208,-0.16457534838435922,-8.320208749982041e-07,0.7765871066889897,0.3996807332876018,0.9837416502408561,89.5,,,CONVERGENCE: RELATIVE REDUCTION OF F <= FACTR*EPSMCH
RAR_sharp_coherence_gated_RG,primary,KK98-251,18,15.173687304054626,True,True,290,False,-0.08992211520269129,2.126624841118737e-08,-2.4899172604531112,-0.6013261540356536,0.4570011846941957,0.700000014886374,0.4737975405681588,55.99336922982173,,,CONVERGENCE: RELATIVE REDUCTION OF F <= FACTR*EPSMCH
RAR_sharp_coherence_gated_RG,primary,NGC0024,19,50.88718055228244,True,True,455,False,0.725079990098082,1.4134764905275308e-08,0.8618381780170783,1.1757233215571858,1.032448132307683,0.7000000098943354,1.0434177350007894,67.52716996467156,,,CONVERGENCE: RELATIVE REDUCTION OF F <= FACTR*EPSMCH
RAR_sharp_coherence_gated_RG,primary,NGC0055,20,38.87647410201653,True,True,345,False,-0.8330075085377737,-9.794841587770909e-09,-3.3089435249855113,-1.9820475332232534,0.21736991722544238,0.6999999931436108,0.8415547838889718,71.05385740033024,,,CONVERGENCE: RELATIVE REDUCTION OF F <= FACTR*EPSMCH
RAR_sharp_coherence_gated_RG,primary,NGC0100,21,29.53845921797448,True,True,410,False,-0.23608994019223276,-8.234187417031652e-09,-0.09317855948643494,0.004091795048045836,0.39485482205071687,0.6999999942360687,0.9724335179359337,89.00409179504804,,,CONVERGENCE: RELATIVE REDUCTION OF F <= FACTR*EPSMCH
RAR_sharp_coherence_gated_RG,primary,NGC0247,22,40.73680217363549,True,True,505,False,0.14741032652374964,-1.2700115196152227e-07,-1.1870787535625904,-0.291905153683959,0.5794146819564513,0.6999999110991992,0.9408626628306562,73.12428453894812,,,CONVERGENCE: RELATIVE REDUCTION OF F <= FACTR*EPSMCH
RAR_sharp_coherence_gated_RG,primary,NGC0289,23,58.00558739278213,True,True,510,False,0.39673323892766676,1.4481423541794071e-08,-1.6516422253282537,0.6062248877890337,0.7434796071524883,0.7000000101369965,0.661721466976144,49.03112443894517,,,CONVERGENCE: RELATIVE REDUCTION OF F <= FACTR*EPSMCH
RAR_sharp_coherence_gated_RG,primary,NGC0300,24,34.41651517545165,True,True,400,False,-0.08350172786154228,-1.071288932516321e-08,-0.33645876647917866,0.349263549547975,0.45994474861408896,0.6999999925009774,0.9839542250849226,45.49263549547975,,,CONVERGENCE: RELATIVE REDUCTION OF F <= FACTR*EPSMCH
RAR_sharp_coherence_gated_RG,primary,NGC0801,25,87.49527297550813,True,True,505,True,0.485688142224988,-1.9075072332982122e-07,-5.0,-0.387571054916455,0.8126465284462505,0.6999998664745064,0.6065306597126334,79.61242894508355,,,CONVERGENCE: RELATIVE REDUCTION OF F <= FACTR*EPSMCH
RAR_sharp_coherence_gated_RG,primary,NGC0891,26,63.943636318563726,True,True,600,False,-0.42148213572147747,-0.40298593342634603,2.2652957423255415,-8.963098820900981e-07,0.3280368542861654,0.46782505017573395,1.12108103315586,89.5,,,CONVERGENCE: RELATIVE REDUCTION OF F <= FACTR*EPSMCH
RAR_sharp_coherence_gated_RG,primary,NGC1003,27,52.05193096825946,True,True,545,False,-0.2173381045671403,-6.89566504793099e-09,-0.4881975286400256,0.8385853362931345,0.402328932404315,0.6999999951730345,0.8637609224540594,71.19292668146568,,,CONVERGENCE: RELATIVE REDUCTION OF F <= FACTR*EPSMCH
RAR_sharp_coherence_gated_RG,primary,NGC1090,28,50.75595078853439,True,True,565,False,0.24694178364666317,-4.742883071692809e-08,-1.3470341452307197,0.21233400406685204,0.6400522937940097,0.6999999667998192,0.7140812437809838,64.63700201220055,,,CONVERGENCE: RELATIVE REDUCTION OF F <= FACTR*EPSMCH
RAR_sharp_coherence_gated_RG,primary,NGC2403,29,114.29326691724636,True,True,605,False,-0.3049224551565596,0.0,2.1025576378248765,3.0092533810134814,0.3685902683622923,0.7,1.1123318911632725,72.02776014304044,,,CONVERGENCE: RELATIVE REDUCTION OF F <= FACTR*EPSMCH
RAR_sharp_coherence_gated_RG,primary,NGC2683,30,17.50480647098896,True,True,525,False,0.06327627015007363,0.02683581794220264,-0.10812536847478982,0.03658040937320149,0.5326605575019733,0.7190393988746451,0.9946138004241122,80.182902046866,,,CONVERGENCE: RELATIVE REDUCTION OF F <= FACTR*EPSMCH
RAR_sharp_coherence_gated_RG,primary,NGC2841,31,80.76689271857911,True,True,590,False,0.4434944649039899,0.1884152929038445,1.148531494329576,0.8871865433789059,0.7790712953601179,0.8451343661804815,1.1207953734018457,84.87186543378905,,,CONVERGENCE: RELATIVE REDUCTION OF F <= FACTR*EPSMCH
RAR_sharp_coherence_gated_RG,primary,NGC2903,32,136.19952690085202,True,True,755,False,-0.7878419971113203,2.3010745965842233e-07,1.5008923711026139,0.8573450208516439,0.227412625597218,0.7000001610752403,1.5687320966374094,68.57203506255493,,,CONVERGENCE: RELATIVE REDUCTION OF F <= FACTR*EPSMCH
RAR_sharp_coherence_gated_RG,primary,NGC2915,33,79.45181493705648,True,True,310,False,0.3935678133540295,5.1689955814530206e-08,1.9721377009224823,2.9361380914816513,0.741129898666187,0.70000003618297,1.1020252688288092,67.74455236592661,,,CONVERGENCE: RELATIVE REDUCTION OF F <= FACTR*EPSMCH
RAR_sharp_coherence_gated_RG,primary,NGC2955,34,78.3291901088587,True,True,685,False,-0.22070899914885925,0.44105373349777427,-3.1937423323817975,-0.5939249949471278,0.400975007237555,1.0880409543150948,0.7263665816467962,51.8425250353701,,,CONVERGENCE: RELATIVE REDUCTION OF F <= FACTR*EPSMCH
RAR_sharp_coherence_gated_RG,primary,NGC2976,35,32.519253377630584,True,True,390,False,-0.34626824758693253,-4.25888704575708e-08,-0.41383948747941707,0.05905075869832171,0.35366136202099535,0.6999999701877913,0.979407411850808,61.590507586983215,,,CONVERGENCE: RELATIVE REDUCTION OF F <= FACTR*EPSMCH
RAR_sharp_coherence_gated_RG,primary,NGC2998,36,38.92735637413048,True,True,480,False,0.25173605331248233,7.451201450687748e-11,-1.1760264331137356,-0.14450171465876654,0.6431282446679377,0.7000000000521583,0.8384964526587021,57.71099657068247,,,CONVERGENCE: RELATIVE REDUCTION OF F <= FACTR*EPSMCH
RAR_sharp_coherence_gated_RG,primary,NGC3109,37,31.05440284953166,True,True,315,False,-0.24573022885466037,2.0761921193963407e-08,0.0585218194552862,0.6048295009931905,0.39106659671749533,0.700000014533345,1.0030848441296445,73.02414750496595,,,CONVERGENCE: RELATIVE REDUCTION OF F <= FACTR*EPSMCH
RAR_sharp_coherence_gated_RG,primary,NGC3198,38,57.06446842327086,True,True,635,False,-0.045689900915236184,-2.020460490112236e-08,-0.06853336650872745,0.35063063532071087,0.4776690828764771,0.6999999858567767,0.9930714534552186,74.05189190596214,,,CONVERGENCE: RELATIVE REDUCTION OF F <= FACTR*EPSMCH
RAR_sharp_coherence_gated_RG,primary,NGC3521,39,71.97410402288239,True,True,600,False,0.26537781238503644,-5.5782575799679435e-09,-0.6949017350366558,0.44885957627858614,0.6519617605915381,0.6999999960952196,0.8125579447341827,77.24429788139292,,,CONVERGENCE: RELATIVE REDUCTION OF F <= FACTR*EPSMCH
RAR_sharp_coherence_gated_RG,primary,NGC3726,40,24.44545003025661,True,True,445,False,-0.07864563255152314,-1.645365221717785e-08,-1.8566432798332042,-0.4649115764730077,0.46218371607050457,0.6999999884824435,0.7726978996833599,52.070176847053986,,,CONVERGENCE: RELATIVE REDUCTION OF F <= FACTR*EPSMCH
RAR_sharp_coherence_gated_RG,primary,NGC3741,41,19.4191409950542,True,True,340,False,-0.2677324900450879,-3.829778889125695e-08,0.08491310251783707,0.3306050420206238,0.3825562144601713,0.6999999731915483,1.004507082063575,71.3224201680825,,,CONVERGENCE: RELATIVE REDUCTION OF F <= FACTR*EPSMCH
RAR_sharp_coherence_gated_RG,primary,NGC3769,42,17.876720541488396,True,True,410,False,-0.27332359434317965,-6.92688431974033e-09,-0.43648618184381877,0.016996383052083012,0.3804232710760966,0.6999999951511809,0.9411779209468053,70.03399276610416,,,CONVERGENCE: RELATIVE REDUCTION OF F <= FACTR*EPSMCH
RAR_sharp_coherence_gated_RG,primary,NGC3877,43,47.031122108224885,True,True,485,False,-0.12184656609403964,5.188125940629001e-09,-0.06874919606464797,0.05094268603346905,0.44264209534687954,0.7000000036316881,0.9904969427176205,76.05094268603347,,,CONVERGENCE: RELATIVE REDUCTION OF F <= FACTR*EPSMCH
RAR_sharp_coherence_gated_RG,primary,NGC3893,44,16.458997648013092,True,True,535,False,-0.12264318209873637,1.2332360942623049e-09,0.5883126865655447,0.4496201076081317,0.44228961998177224,0.7000000008632653,1.085141176758774,49.89924021521627,,,CONVERGENCE: RELATIVE REDUCTION OF F <= FACTR*EPSMCH
RAR_sharp_coherence_gated_RG,primary,NGC3917,45,32.29436112842323,True,True,595,False,0.05160015167038658,-3.760919767388195e-08,0.11941443118794942,0.11220275981590895,0.5264773180886043,0.699999973673562,1.0167236379052091,79.22440551963182,,,CONVERGENCE: RELATIVE REDUCTION OF F <= FACTR*EPSMCH
RAR_sharp_coherence_gated_RG,primary,NGC3953,46,13.05751963027238,True,True,505,False,0.09068719969978957,6.684824824816153e-09,-0.06325678521546586,0.04038485710938385,0.5474632291809942,0.7000000046793774,0.9912528165613983,62.04038485710938,,,CONVERGENCE: RELATIVE REDUCTION OF F <= FACTR*EPSMCH
RAR_sharp_coherence_gated_RG,primary,NGC3972,47,16.44964110650385,True,True,425,False,0.04375337332331063,-9.544267474751576e-09,0.1874956755872188,0.04028755420756416,0.5223623330704122,0.6999999933190127,1.0263830971114623,77.04028755420757,,,CONVERGENCE: RELATIVE REDUCTION OF F <= FACTR*EPSMCH
RAR_sharp_coherence_gated_RG,primary,NGC3992,48,21.12318412539454,True,True,460,False,0.33637810997233386,-6.013144960256456e-09,-0.5184700193831266,-0.09314222655190992,0.6999341144466265,0.6999999957907985,0.9509292107152205,55.813715546896184,,,CONVERGENCE: RELATIVE REDUCTION OF F <= FACTR*EPSMCH
RAR_sharp_coherence_gated_RG,primary,NGC4010,49,23.521142700648507,True,True,405,False,-0.25646745083568523,4.635563911706145e-09,-0.29625910621706014,0.0014558780942805054,0.3868900900239054,0.7000000032448948,0.9596879513039905,89.00145587809428,,,CONVERGENCE: RELATIVE REDUCTION OF F <= FACTR*EPSMCH
RAR_sharp_coherence_gated_RG,primary,NGC4013,50,57.75585116936675,True,True,580,False,0.0901004524404285,-0.020367865250218734,-1.5007283790753911,0.0009042710534419851,0.5471421008514679,0.6858867110137131,0.8118542117711767,89.00090427105344,,,CONVERGENCE: RELATIVE REDUCTION OF F <= FACTR*EPSMCH
RAR_sharp_coherence_gated_RG,primary,NGC4088,51,20.74381208230057,True,True,430,False,-0.32622061749338277,-2.7018958741188615e-08,-1.6679855067493168,-0.22394829932184726,0.36082298107257077,0.6999999810867291,0.793212079434402,68.5521034013563,,,CONVERGENCE: RELATIVE REDUCTION OF F <= FACTR*EPSMCH
RAR_sharp_coherence_gated_RG,primary,NGC4100,52,37.422191477007715,True,True,550,False,0.162565463830759,-7.688447339906954e-10,-0.019924091208600687,0.1622493968154178,0.5882626678916018,0.6999999994618086,0.9972365903751024,73.32449879363084,,,CONVERGENCE: RELATIVE REDUCTION OF F <= FACTR*EPSMCH
RAR_sharp_coherence_gated_RG,primary,NGC4157,53,26.571798486462466,True,True,460,False,-0.10042862219170463,-0.07316963999256139,-1.3023306953993996,-0.06151094425427855,0.45222483387191553,0.6506102021461316,0.8345361117913314,81.81546716723716,,,CONVERGENCE: RELATIVE REDUCTION OF F <= FACTR*EPSMCH
RAR_sharp_coherence_gated_RG,primary,NGC4183,54,41.13378634952468,True,True,445,False,0.3240441752610654,-1.607737458013289e-08,-1.613517414444261,-0.03180823140443415,0.6913541936371694,0.6999999887458379,0.7992354938617522,81.93638353719113,,,CONVERGENCE: RELATIVE REDUCTION OF F <= FACTR*EPSMCH
RAR_sharp_coherence_gated_RG,primary,NGC4217,55,58.65392402415738,True,True,730,False,-0.15184436421101757,-0.8904763093288799,-1.4880687701350361,-0.03395262865048794,0.42956099023194216,0.287322140113267,0.8132829336764171,85.93209474269902,,,CONVERGENCE: RELATIVE REDUCTION OF F <= FACTR*EPSMCH
RAR_sharp_coherence_gated_RG,primary,NGC4559,56,39.07987754942578,True,True,420,False,-0.23106518994347136,2.5811972608410502e-08,-0.5398204929279535,0.11291303555518863,0.39684386194543647,0.7000000180683811,0.8504870038365889,67.1129130355552,,,CONVERGENCE: RELATIVE REDUCTION OF F <= FACTR*EPSMCH
RAR_sharp_coherence_gated_RG,primary,NGC5005,57,36.788343503440345,True,True,510,False,0.054903232841492546,-0.24983963772827136,-0.3146543331211996,0.07227116555335358,0.5282191905944331,0.5452479783440064,0.9724584791237199,68.1445423311067,,,CONVERGENCE: RELATIVE REDUCTION OF F <= FACTR*EPSMCH
RAR_sharp_coherence_gated_RG,primary,NGC5033,58,34.90539064845696,True,True,605,False,0.08236020880189474,-0.5934987799367161,0.42883833693430307,0.13044151973867457,0.5429234354969629,0.386673843140693,1.1369831052996613,66.13044151973867,,,CONVERGENCE: RELATIVE REDUCTION OF F <= FACTR*EPSMCH
RAR_sharp_coherence_gated_RG,primary,NGC5055,59,31.517806611930947,True,True,620,False,-0.08080399206157961,-5.134505638892174e-07,-0.44981767174188125,-1.1115226279710175,0.4611872332224906,0.6999996405846975,0.9864616406753859,48.330864232173894,,,CONVERGENCE: RELATIVE REDUCTION OF F <= FACTR*EPSMCH
RAR_sharp_coherence_gated_RG,primary,NGC5371,60,128.268118297579,True,True,625,True,1.4656574351017022,-6.440362009008367e-09,-5.0,-1.2080366610989415,2.1651946272817053,0.6999999954917465,0.2866852723168134,50.58392667780212,,,CONVERGENCE: RELATIVE REDUCTION OF F <= FACTR*EPSMCH
RAR_sharp_coherence_gated_RG,primary,NGC5585,61,41.723141787081985,True,True,505,False,-0.6256916425056933,6.480264279537615e-09,-0.07839932105651724,0.8013180654213896,0.26744567348009485,0.7000000045361849,0.9767329454009956,52.60263613084278,,,CONVERGENCE: RELATIVE REDUCTION OF F <= FACTR*EPSMCH
RAR_sharp_coherence_gated_RG,primary,NGC5907,62,105.49127088233476,True,True,630,True,0.4030354392754445,4.040975079216837e-08,-5.0,-0.35352382172871694,0.7481799603176572,0.7000000282868261,0.7709624520442524,87.29295235654257,,,CONVERGENCE: RELATIVE REDUCTION OF F <= FACTR*EPSMCH
RAR_sharp_coherence_gated_RG,primary,NGC5985,63,155.46376298285747,True,True,720,False,0.38308766868058985,1.3711349437946552,0.3728659213550148,1.1793478662591086,0.7334033087163023,2.757873742987128,1.097441627891467,62.358695732518214,,,CONVERGENCE: RELATIVE REDUCTION OF F <= FACTR*EPSMCH
RAR_sharp_coherence_gated_RG,primary,NGC6015,64,147.72403052831754,True,True,735,False,0.9367357655862218,1.6411767124264782e-07,-1.7399183856136662,1.6821652677859733,1.2758193313239283,0.7000001148823793,0.5933472226460408,63.364330535571945,,,CONVERGENCE: RELATIVE REDUCTION OF F <= FACTR*EPSMCH
RAR_sharp_coherence_gated_RG,primary,NGC6195,65,82.73346818926666,True,True,725,False,0.15491803003750926,0.4707320017430677,-4.5526251592005575,-1.5271211141506849,0.5837811260742674,1.120816074363994,0.6338296973338684,54.36439442924657,,,CONVERGENCE: RELATIVE REDUCTION OF F <= FACTR*EPSMCH
RAR_sharp_coherence_gated_RG,primary,NGC6503,66,36.217919303774146,True,True,645,False,-0.14990329529233656,0.0,1.0110749521142113,0.585336142536038,0.43039560748150796,0.7,1.0513438541008215,75.17067228507207,,,CONVERGENCE: RELATIVE REDUCTION OF F <= FACTR*EPSMCH
RAR_sharp_coherence_gated_RG,primary,NGC6674,67,53.471039341888826,True,True,705,False,1.2613804165531863,0.3634407257224037,-2.2008731181283707,-0.9987269660991658,1.7651456990114103,1.0067887213908535,0.645032102890212,48.00763820340501,,,CONVERGENCE: RELATIVE REDUCTION OF F <= FACTR*EPSMCH
RAR_sharp_coherence_gated_RG,primary,NGC6946,68,76.55966225307331,True,True,650,False,0.121628297487717,-0.06950180996013663,-1.1144906733184703,1.3829817883346924,0.5646671236888635,0.6530009114625006,0.715227357774393,40.765963576669385,,,CONVERGENCE: RELATIVE REDUCTION OF F <= FACTR*EPSMCH
RAR_sharp_coherence_gated_RG,primary,NGC7331,69,48.47115567975286,True,True,615,False,-0.29664670147309674,-0.19456830831821345,-0.2562666613188217,0.15826049749731122,0.37165328754785704,0.5762329619306479,0.9741892821944855,75.31652099499462,,,CONVERGENCE: RELATIVE REDUCTION OF F <= FACTR*EPSMCH
RAR_sharp_coherence_gated_RG,primary,NGC7793,70,65.86735882277797,True,True,450,False,-0.377895385001036,-4.2189027271547977e-08,-0.5498351699132212,0.8471728894899102,0.3426510949019009,0.6999999704676815,0.9729567927110873,54.62455600540919,,,CONVERGENCE: RELATIVE REDUCTION OF F <= FACTR*EPSMCH
RAR_sharp_coherence_gated_RG,primary,NGC7814,71,30.649065226451167,True,True,695,False,0.6995084370616503,-0.3054398464707013,-0.14714377396325756,-2.921647382241819e-07,1.0063815322641534,0.5157594571991634,0.9932786006953473,89.5,,,CONVERGENCE: RELATIVE REDUCTION OF F <= FACTR*EPSMCH
RAR_sharp_coherence_gated_RG,primary,UGC00128,72,52.584965220195,True,True,765,False,1.4253313703435104,-5.067688187537667e-08,-2.455044072948689,-0.5850145949889142,2.079617930921174,0.6999999645261835,0.6912814855875858,51.14985405011086,,,CONVERGENCE: RELATIVE REDUCTION OF F <= FACTR*EPSMCH
RAR_sharp_coherence_gated_RG,primary,UGC00191,73,11.167451561073642,True,True,360,False,-0.011010472879977183,3.737880893482935e-09,0.23270221186111095,0.6083881836946645,0.4945249602600097,0.7000000026165166,1.071867456911678,48.04194091847332,,,CONVERGENCE: RELATIVE REDUCTION OF F <= FACTR*EPSMCH
RAR_sharp_coherence_gated_RG,primary,UGC00731,74,29.614799846151808,True,True,335,False,0.8451501246263579,3.555498813790333e-09,0.12968304355684002,0.540385259609117,1.1641636638022084,0.7000000024888491,1.0396716197643041,58.62115577882735,,,CONVERGENCE: RELATIVE REDUCTION OF F <= FACTR*EPSMCH
RAR_sharp_coherence_gated_RG,primary,UGC01281,75,29.67476632296972,True,True,340,False,-0.22824109370972107,-2.239379206563678e-08,-0.2343403994877238,-1.4897736277747972e-07,0.39796617121011074,0.6999999843243457,0.9893846957180435,89.5,,,CONVERGENCE: RELATIVE REDUCTION OF F <= FACTR*EPSMCH
RAR_sharp_coherence_gated_RG,primary,UGC02259,76,17.114730384644787,True,True,435,False,0.41886240536365693,-2.41702679647151e-08,0.39023870896380775,0.7642271244298882,0.7601155823722708,0.6999999830808126,1.1221127958662098,43.29268137328967,,,CONVERGENCE: RELATIVE REDUCTION OF F <= FACTR*EPSMCH
RAR_sharp_coherence_gated_RG,primary,UGC02487,77,40.55255565884257,True,True,855,False,0.4571715264310015,0.1873933625970277,-0.6362568783197461,1.076690354174358,0.7897999020653149,0.844271138912528,0.9086813433059827,41.38345177087179,,,CONVERGENCE: RELATIVE REDUCTION OF F <= FACTR*EPSMCH
RAR_sharp_coherence_gated_RG,primary,UGC02885,78,41.047789385233045,True,True,530,False,0.03274162856303071,0.21802859295072693,-0.3938688977910084,0.3255653267899397,0.5166417668990383,0.8705358381658171,0.9613786895968761,65.30226130715975,,,CONVERGENCE: RELATIVE REDUCTION OF F <= FACTR*EPSMCH
RAR_sharp_coherence_gated_RG,primary,UGC02916,79,176.84776687216413,True,True,995,False,0.9156790862058207,-0.13226462627312563,-4.694485933350865,3.7526098331032034,1.2492356766859327,0.6132763860362618,0.4948725230865545,68.76304916551601,,,CONVERGENCE: RELATIVE REDUCTION OF F <= FACTR*EPSMCH
RAR_sharp_coherence_gated_RG,primary,UGC02953,80,283.46463792511406,True,True,835,False,0.3614029330634168,-0.020547266558481377,-1.2201437272885798,3.911400703877609,0.7176708455006602,0.6857636730773506,0.693472899271247,65.64560281551044,,,CONVERGENCE: RELATIVE REDUCTION OF F <= FACTR*EPSMCH
RAR_sharp_coherence_gated_RG,primary,UGC03205,81,134.9382659730361,True,True,570,False,0.005041428879066356,0.4249140580590372,-0.03941930537140677,0.9475654290883389,0.5025270791320388,1.0706212785397242,0.9921471350485747,70.79026171635336,,,CONVERGENCE: RELATIVE REDUCTION OF F <= FACTR*EPSMCH
RAR_sharp_coherence_gated_RG,primary,UGC03546,82,58.590093285009004,True,True,655,False,0.05931307105980175,-0.44044254902248686,-0.476939551701679,0.8446007182409347,0.5305536953797777,0.45062602651667466,0.887230611101176,59.22300359120467,,,CONVERGENCE: RELATIVE REDUCTION OF F <= FACTR*EPSMCH
RAR_sharp_coherence_gated_RG,primary,UGC03580,83,91.53040592571494,True,True,580,False,0.056313957089692404,-1.30657560990714,-1.4135977041100987,0.9072741283565786,0.5289648880780597,0.1895219265347443,0.7010986532847298,66.62909651342632,,,CONVERGENCE: RELATIVE REDUCTION OF F <= FACTR*EPSMCH
RAR_sharp_coherence_gated_RG,primary,UGC04278,84,40.980607015782056,True,True,355,False,0.120369722885969,-2.335107584946973e-08,0.022547758732257544,0.0,0.5639568950201793,0.699999983654247,1.0067800962470381,89.5,,,CONVERGENCE: RELATIVE REDUCTION OF F <= FACTR*EPSMCH
RAR_sharp_coherence_gated_RG,primary,UGC04325,85,16.381564214175558,True,True,430,False,0.3129316750760225,-1.5358187994590382e-08,0.9958659725892578,0.8505476603168073,0.6837140492074423,0.6999999892492684,1.348185739273639,43.55164298095042,,,CONVERGENCE: RELATIVE REDUCTION OF F <= FACTR*EPSMCH
RAR_sharp_coherence_gated_RG,primary,UGC04483,86,8.773051271908415,True,True,310,False,-0.19220124224971896,7.084456616320137e-09,-1.3631144865208193,-0.8993792745467739,0.41257039929572964,0.7000000049591195,0.8811595098215945,55.30186217635968,,,CONVERGENCE: RELATIVE REDUCTION OF F <= FACTR*EPSMCH
RAR_sharp_coherence_gated_RG,primary,UGC04499,87,10.1251528877932,True,True,370,False,-0.09475551524548792,-1.7573674831562076e-09,-0.5605055641960938,0.05992944947940791,0.45479764473348544,0.6999999987698428,0.8452256302176886,50.17978834843822,,,CONVERGENCE: RELATIVE REDUCTION OF F <= FACTR*EPSMCH
RAR_sharp_coherence_gated_RG,primary,UGC05005,88,19.500845869508005,True,True,320,False,-0.12633661523858555,-1.9233899457118274e-08,-0.8469616546759746,-0.38506950782555177,0.4406590658668154,0.6999999865362705,0.844710387532013,37.14930492174448,,,CONVERGENCE: NORM OF PROJECTED GRADIENT <= PGTOL
RAR_sharp_coherence_gated_RG,primary,UGC05253,89,109.0008540832484,True,True,1010,False,-0.11190665585271183,0.43244450602004514,-3.158009203479516,2.3308702969402386,0.4470638575971473,1.0787139689124914,0.4543839292310614,46.323481187760954,,,CONVERGENCE: RELATIVE REDUCTION OF F <= FACTR*EPSMCH
RAR_sharp_coherence_gated_RG,primary,UGC05716,90,9.4588753000582,True,True,425,False,0.35797082225627935,7.497041252724708e-09,-0.31141817591457355,0.1598954027381294,0.7152119416647617,0.7000000052479288,0.9254371766758256,55.598954027381296,,,CONVERGENCE: RELATIVE REDUCTION OF F <= FACTR*EPSMCH
RAR_sharp_coherence_gated_RG,primary,UGC05721,91,36.29088005232449,True,True,365,False,-0.24638905882709158,-4.5731328817768356e-09,1.9157558224036308,1.0840949301438256,0.3908090351763091,0.699999996798807,1.774443362786562,66.42047465071913,,,CONVERGENCE: RELATIVE REDUCTION OF F <= FACTR*EPSMCH
RAR_sharp_coherence_gated_RG,primary,UGC05750,92,16.223950999658246,True,True,300,False,-0.14108142913845978,-6.887633056676085e-09,-1.022431359053175,-0.36343674912967133,0.43420929712026235,0.6999999951786569,0.8156339989129401,60.365632508703285,,,CONVERGENCE: RELATIVE REDUCTION OF F <= FACTR*EPSMCH
RAR_sharp_coherence_gated_RG,primary,UGC05764,93,13.630142525478623,True,True,355,False,0.36315544024909724,-4.185245521525647e-09,0.7790947533256724,1.039761867713584,0.7189296715430117,0.6999999970703281,1.2631696147867597,70.39761867713584,,,CONVERGENCE: RELATIVE REDUCTION OF F <= FACTR*EPSMCH
RAR_sharp_coherence_gated_RG,primary,UGC05829,94,13.020648344892434,True,True,320,False,0.06372473434066339,1.4482499028437709e-08,-0.8130095077471775,0.20696082072177402,0.5328994902601409,0.7000000101377493,0.7837112299093543,36.06960820721774,,,CONVERGENCE: RELATIVE REDUCTION OF F <= FACTR*EPSMCH
RAR_sharp_coherence_gated_RG,primary,UGC05918,95,8.283687715637711,True,True,315,False,0.040076672274250116,3.584843824079044e-11,-0.15716011213025946,0.26302004112034666,0.5204452892904312,0.7000000000250939,0.9539070276171034,47.31510020560173,,,CONVERGENCE: NORM OF PROJECTED GRADIENT <= PGTOL
RAR_sharp_coherence_gated_RG,primary,UGC05986,96,26.234566299207497,True,True,505,False,-0.3875127983591177,4.0772726623264264e-10,1.6404553931399286,2.3525765066991908e-08,0.33937147369991816,0.700000000285409,1.6361185607863578,89.5,,,CONVERGENCE: RELATIVE REDUCTION OF F <= FACTR*EPSMCH
RAR_sharp_coherence_gated_RG,primary,UGC06399,97,11.172660837077064,True,True,390,False,0.0679874189010705,3.5537360850480985e-08,0.4998844435360553,0.11513855563225865,0.5351759210958241,0.700000024876153,1.0718953053243416,75.23027711126451,,,CONVERGENCE: RELATIVE REDUCTION OF F <= FACTR*EPSMCH
RAR_sharp_coherence_gated_RG,primary,UGC06446,98,21.676080510678396,True,True,430,False,0.41125352087001743,-8.50148470152247e-09,0.3945413469629524,0.5136124280373251,0.7543538984954946,0.6999999940489606,1.125651978336161,52.54083728411197,,,CONVERGENCE: RELATIVE REDUCTION OF F <= FACTR*EPSMCH
RAR_sharp_coherence_gated_RG,primary,UGC06614,99,27.36033303829336,True,True,520,False,0.09100025329061097,-0.275037051422006,-0.7379112641200665,-0.7767318571671155,0.547634641339928,0.5316807863633376,0.9288656890895842,28.232681428328846,,,CONVERGENCE: RELATIVE REDUCTION OF F <= FACTR*EPSMCH
RAR_sharp_coherence_gated_RG,primary,UGC06667,100,20.629087006589906,True,True,320,False,0.6657768811250928,-1.3167711072271326e-09,3.138512635145669,0.015595726760553161,0.9730008731329167,0.6999999990782602,1.5463611607143228,89.01559572676055,,,CONVERGENCE: RELATIVE REDUCTION OF F <= FACTR*EPSMCH
RAR_sharp_coherence_gated_RG,primary,UGC06786,101,78.99659483704244,True,True,685,False,0.021229462886137505,-0.3682084247728169,1.1416425811202289,1.060904570884454,0.510728205542127,0.48438105964809514,1.3300490559507643,67.18271371265337,,,CONVERGENCE: RELATIVE REDUCTION OF F <= FACTR*EPSMCH
RAR_sharp_coherence_gated_RG,primary,UGC06787,102,222.4572784157456,True,True,820,False,0.7504150640962363,-0.5319477696894299,0.137897806278775,2.483522104620942,1.0589394448465075,0.41122173299309606,1.0350420782372647,73.45056631386282,,,CONVERGENCE: RELATIVE REDUCTION OF F <= FACTR*EPSMCH
RAR_sharp_coherence_gated_RG,primary,UGC06818,103,17.75258823617682,True,True,295,False,-0.4647609599504636,0.0,-1.7044766970103342,-0.2732074952428721,0.3141426362917982,0.7,0.7892020757951682,74.18037751427138,,,CONVERGENCE: RELATIVE REDUCTION OF F <= FACTR*EPSMCH
RAR_sharp_coherence_gated_RG,primary,UGC06917,104,13.601826441175142,True,True,420,False,0.019510040324435905,-1.401953096725263e-09,0.46072279121292126,0.3120063799784291,0.5098508024721015,0.6999999990186327,1.0660809666421036,56.624012759956855,,,CONVERGENCE: RELATIVE REDUCTION OF F <= FACTR*EPSMCH
RAR_sharp_coherence_gated_RG,primary,UGC06930,105,16.671888050933205,True,True,375,False,0.0988277070512966,-1.1316385943726714e-08,-0.5555554223974821,-0.1532688030249973,0.5519380465533263,0.6999999920785298,0.9257412830452056,31.233655984875014,,,CONVERGENCE: RELATIVE REDUCTION OF F <= FACTR*EPSMCH
RAR_sharp_coherence_gated_RG,primary,UGC06983,106,23.053014694667226,True,True,480,False,0.2698312931028748,-1.108051263901048e-08,0.5105625402464169,0.2638289860380422,0.6548717346682434,0.6999999922436412,1.0734861794059825,49.26382898603804,,,CONVERGENCE: RELATIVE REDUCTION OF F <= FACTR*EPSMCH
RAR_sharp_coherence_gated_RG,primary,UGC07089,107,17.175533741450863,True,True,360,False,-0.39522768047636386,3.5719640600050392e-09,-1.8712690363268458,-0.19391844988438506,0.33676333645826845,0.7000000025003748,0.7711298690410617,79.41824465034685,,,CONVERGENCE: RELATIVE REDUCTION OF F <= FACTR*EPSMCH
RAR_sharp_coherence_gated_RG,primary,UGC07125,108,16.91205326423422,True,True,355,False,0.10703538787569233,-2.5226657120845017e-08,-2.5210758836266622,0.0,0.5564868197776249,0.6999999823413402,0.47178604885085884,89.5,,,CONVERGENCE: RELATIVE REDUCTION OF F <= FACTR*EPSMCH
RAR_sharp_coherence_gated_RG,primary,UGC07151,109,13.09767096878307,True,True,425,False,-0.014377812451608725,-1.2690716365124715e-08,-0.26758798533357325,1.9243720603503087e-08,0.49286252735108327,0.6999999911164985,0.9868442301734017,89.5,,,CONVERGENCE: RELATIVE REDUCTION OF F <= FACTR*EPSMCH
RAR_sharp_coherence_gated_RG,primary,UGC07323,110,12.28487410641818,True,True,360,False,-0.15252977697032988,6.722673374258869e-09,-0.7250498297003071,0.06499003245252817,0.42926666452715373,0.7000000047058713,0.8045155781988886,47.19497009735758,,,CONVERGENCE: RELATIVE REDUCTION OF F <= FACTR*EPSMCH
RAR_sharp_coherence_gated_RG,primary,UGC07399,111,14.85570500754106,True,True,485,False,0.06737804922862882,-1.1399805061258313e-08,2.2201954126504777,0.740643528969066,0.5348499004637186,0.6999999920201364,1.947062822489953,57.2219305869072,,,CONVERGENCE: RELATIVE REDUCTION OF F <= FACTR*EPSMCH
RAR_sharp_coherence_gated_RG,primary,UGC07524,112,32.860071045805824,True,True,450,False,-0.11564016042063083,-6.668886361202741e-09,-0.2574246127225576,0.36836251370641276,0.44539785459277903,0.6999999953317795,0.9870504191649416,47.10508754111924,,,CONVERGENCE: RELATIVE REDUCTION OF F <= FACTR*EPSMCH
RAR_sharp_coherence_gated_RG,primary,UGC07577,113,27.848222606113794,True,True,300,False,-0.5982143504968691,-5.2485197820080395e-08,-1.4592346739686992,-1.4655016092454831,0.2748962483977079,0.6999999632603625,0.929374556254926,58.60349517226355,,,CONVERGENCE: RELATIVE REDUCTION OF F <= FACTR*EPSMCH
RAR_sharp_coherence_gated_RG,primary,UGC07603,114,15.41770816754854,True,True,360,False,-0.19531971044705393,2.5547778557568907e-09,0.8142506621700019,0.1487612038596704,0.4112858156340431,0.7000000017883445,1.276695627063372,78.446283611579,,,CONVERGENCE: RELATIVE REDUCTION OF F <= FACTR*EPSMCH
RAR_sharp_coherence_gated_RG,primary,UGC08286,115,26.751998219571473,True,True,495,False,0.7316065700529021,1.1871915867158508e-08,0.36658054348356994,-3.49533515638643e-08,1.0392085247159217,0.700000008310341,1.0119137818189783,89.5,,,CONVERGENCE: RELATIVE REDUCTION OF F <= FACTR*EPSMCH
RAR_sharp_coherence_gated_RG,primary,UGC08490,116,32.771947542548325,True,True,380,False,0.3584115898125424,0.0,0.5745472820123046,1.050228885385888,0.7155272533689793,0.7,1.067677826334619,53.15068665615767,,,CONVERGENCE: RELATIVE REDUCTION OF F <= FACTR*EPSMCH
RAR_sharp_coherence_gated_RG,primary,UGC08550,117,8.57570538778164,True,True,365,False,0.04355443987803033,4.497668244395685e-09,0.39162412369284116,-2.387481559774102e-08,0.5222584280672427,0.7000000031483677,1.1240100845944843,89.5,,,CONVERGENCE: RELATIVE REDUCTION OF F <= FACTR*EPSMCH
RAR_sharp_coherence_gated_RG,primary,UGC08699,118,61.52708557125283,True,True,635,False,0.1599411434750165,-0.1674586457596318,0.13767070578172594,0.7270870537595522,0.5867209021262237,0.5920681161231168,1.034998690074948,79.54378348383597,,,CONVERGENCE: RELATIVE REDUCTION OF F <= FACTR*EPSMCH
RAR_sharp_coherence_gated_RG,primary,UGC08837,119,25.661460421712967,True,True,350,False,-0.8981483690009183,6.893564167229843e-09,-2.040002069325518,-2.862083414018106,0.2036615870629351,0.7000000048254948,0.9031572191426179,65.68958292990948,,,CONVERGENCE: RELATIVE REDUCTION OF F <= FACTR*EPSMCH
RAR_sharp_coherence_gated_RG,primary,UGC09037,120,45.771516834716365,True,True,515,False,-0.9300288106722254,-4.087582461275442e-08,-0.6234735690780049,0.16656590877939154,0.19727117158886265,0.6999999713869234,0.9392762288358503,65.83282954389696,,,CONVERGENCE: RELATIVE REDUCTION OF F <= FACTR*EPSMCH
RAR_sharp_coherence_gated_RG,primary,UGC09133,121,144.98844751122476,True,True,970,False,0.8594023813694366,0.27642692484129305,-3.457082852316376,1.754874829539832,1.1808744233816295,0.9228874242932724,0.5014729138541897,63.52924897723899,,,CONVERGENCE: RELATIVE REDUCTION OF F <= FACTR*EPSMCH
RAR_sharp_coherence_gated_RG,primary,UGC11455,122,112.17193924748275,True,True,585,False,-0.21675571789855919,-2.8727905866299956e-08,0.44556830261693714,0.0,0.4025633116539823,0.6999999798904661,1.0691799293681963,89.5,,,CONVERGENCE: RELATIVE REDUCTION OF F <= FACTR*EPSMCH
RAR_sharp_coherence_gated_RG,primary,UGC11557,123,24.39229419489025,True,True,340,False,-0.20442632592193535,-6.437979943502924e-09,-1.2079800131518035,-0.6673439777048582,0.40755739626812576,0.699999995493414,0.7393417591581787,23.326560222951418,,,CONVERGENCE: RELATIVE REDUCTION OF F <= FACTR*EPSMCH
RAR_sharp_coherence_gated_RG,primary,UGC11820,124,13.741840777224752,True,True,445,False,0.24531737841404044,-2.3576926598846678e-08,-0.9009963621330606,0.14384419824197353,0.6390134334923097,0.6999999834961516,0.7631513477096573,46.43844198241973,,,CONVERGENCE: RELATIVE REDUCTION OF F <= FACTR*EPSMCH
RAR_sharp_coherence_gated_RG,primary,UGC11914,125,92.73368770329665,True,True,820,False,-0.2089135629225196,0.05677770457034875,-1.1067623490046719,2.6960001532704214,0.4057326866537328,0.7408943515415486,0.7160585285387511,44.480000766352106,,,CONVERGENCE: RELATIVE REDUCTION OF F <= FACTR*EPSMCH
RAR_sharp_coherence_gated_RG,primary,UGC12506,126,77.01959833700161,True,True,520,False,0.600400791320306,1.801592660225429e-09,0.25149944726772033,0.11342092882704621,0.9114246180783259,0.7000000012611148,1.0255714244362888,86.45368371530819,,,CONVERGENCE: RELATIVE REDUCTION OF F <= FACTR*EPSMCH
RAR_sharp_coherence_gated_RG,primary,UGC12632,127,17.470288978532164,True,True,410,False,0.16119534571149674,1.2345987644323475e-08,-0.1974045836226407,0.3858114614446912,0.5874572304496534,0.7000000086421913,0.9425171439958837,47.157434384334074,,,CONVERGENCE: RELATIVE REDUCTION OF F <= FACTR*EPSMCH
RAR_sharp_coherence_gated_RG,primary,UGC12732,128,17.794475885139665,True,True,395,False,0.2746384595816602,-2.634173442105603e-08,-0.5119568934632631,0.6316453489149477,0.6580273909245685,0.699999981560786,0.8562966128138877,42.789872093489684,,,CONVERGENCE: RELATIVE REDUCTION OF F <= FACTR*EPSMCH
RAR_sharp_coherence_gated_RG,primary,UGCA442,129,7.104585094267055,True,True,295,False,-0.07819376195886782,-9.136776128442017e-09,-0.39974198181949533,-0.9309353086448361,0.46239261049326985,0.6999999936042567,0.9799861541240876,57.48345283948615,,,CONVERGENCE: RELATIVE REDUCTION OF F <= FACTR*EPSMCH
RAR_sharp_coherence_gated_RG,primary,UGCA444,130,45.3141996856224,True,True,280,False,-0.040834355546943875,0.0,-2.447807455663494,-1.794125099107479,0.47999406674386,0.7,0.8825956281873433,70.82349960357008,,,CONVERGENCE: RELATIVE REDUCTION OF F <= FACTR*EPSMCH
RAR_sharp_coherence_gated_RG,thin_disk,CamB,0,46.33718987231147,True,True,260,True,-0.7349956717414817,1.4879011688816799e-08,-3.439279194126618,-5.0,0.23975376720148647,0.700000010415308,0.7663358954516932,40.0,,,CONVERGENCE: RELATIVE REDUCTION OF F <= FACTR*EPSMCH
RAR_sharp_coherence_gated_RG,thin_disk,D631-7,1,56.32430609481946,True,True,290,False,-0.6754541280491696,-3.8524696879148405e-08,-1.3131310744087275,-3.6327131684092318,0.25446262544491793,0.6999999730327127,0.9698469089392227,48.1018604947723,,,CONVERGENCE: RELATIVE REDUCTION OF F <= FACTR*EPSMCH
RAR_sharp_coherence_gated_RG,thin_disk,DDO064,2,15.779022835016175,True,True,295,False,-0.05425429075028872,-7.376148397372812e-10,-0.2220256826237556,0.30598351171899524,0.4735956069551327,0.6999999994836695,0.9355621459079565,61.529917558594974,,,CONVERGENCE: RELATIVE REDUCTION OF F <= FACTR*EPSMCH
RAR_sharp_coherence_gated_RG,thin_disk,DDO154,3,12.630101386589756,True,True,295,False,-0.45043910403841303,-3.281214927719103e-08,-1.1223297023350207,-1.1509054178812648,0.3186741139938436,0.6999999770314959,0.9459544356612242,60.54728374635621,,,CONVERGENCE: RELATIVE REDUCTION OF F <= FACTR*EPSMCH
RAR_sharp_coherence_gated_RG,thin_disk,DDO161,4,35.4364560055115,True,True,435,False,-0.4175329752562913,0.0,-2.01794914251032,0.23185449150727522,0.32933488584269555,0.7,0.5458643688731016,72.31854491507275,,,CONVERGENCE: RELATIVE REDUCTION OF F <= FACTR*EPSMCH
RAR_sharp_coherence_gated_RG,thin_disk,DDO168,5,29.74900272381692,True,True,285,False,-0.17097976715920082,-8.742529482363584e-09,-1.1948996288159566,-1.4878821824358757,0.42141931315942566,0.6999999938802294,0.9426670826915602,54.07270690538475,,,CONVERGENCE: RELATIVE REDUCTION OF F <= FACTR*EPSMCH
RAR_sharp_coherence_gated_RG,thin_disk,DDO170,6,7.533458466608687,True,True,410,False,0.00720459132168746,-2.7873029721434796e-09,-1.248451669583635,-0.22087701938188767,0.5036153034146245,0.6999999980488879,0.6876085982155856,64.45386086432678,,,CONVERGENCE: RELATIVE REDUCTION OF F <= FACTR*EPSMCH
RAR_sharp_coherence_gated_RG,thin_disk,ESO079-G014,7,38.71728207059306,True,True,435,False,-0.026084458953812846,-1.931109765314429e-09,0.456579183422632,0.2627514809084719,0.48712640088071973,0.6999999986482232,1.120825259085388,80.31375740454236,,,CONVERGENCE: RELATIVE REDUCTION OF F <= FACTR*EPSMCH
RAR_sharp_coherence_gated_RG,thin_disk,ESO116-G012,8,22.213983644309724,True,True,510,False,-0.4392677329980827,1.1189104484560601e-08,1.1814233468079995,0.27274688279490994,0.3222541002077354,0.7000000078323732,1.4253636926119886,74.81824064838473,,,CONVERGENCE: RELATIVE REDUCTION OF F <= FACTR*EPSMCH
RAR_sharp_coherence_gated_RG,thin_disk,ESO563-G021,9,243.173603406095,True,True,660,False,0.4138175586271243,4.850245107662317e-09,0.31122578115484634,0.43463867012809226,0.7562905721646423,0.7000000033951715,1.0476834515989208,84.30391601038427,,,CONVERGENCE: RELATIVE REDUCTION OF F <= FACTR*EPSMCH
RAR_sharp_coherence_gated_RG,thin_disk,F568-3,10,38.027767945432856,True,True,355,False,-0.31766281349038716,-3.015504628971223e-08,-0.7599637238938914,0.8299047721086128,0.36392408381308033,0.6999999788914679,0.9268195686937857,48.299047721086126,,,CONVERGENCE: RELATIVE REDUCTION OF F <= FACTR*EPSMCH
RAR_sharp_coherence_gated_RG,thin_disk,F568-V1,11,25.949209296446043,True,True,385,False,0.20943815924204445,-3.0448245231337726e-09,0.5952150854605786,2.07422550697588,0.6164925620092592,0.6999999978686228,1.061328588368869,60.7422550697588,,,CONVERGENCE: RELATIVE REDUCTION OF F <= FACTR*EPSMCH
RAR_sharp_coherence_gated_RG,thin_disk,F571-8,12,83.48864121368041,True,True,375,False,-0.6954739732292561,-1.1578234531238089e-08,0.3299720200384668,0.2087841428397779,0.24941897805361107,0.6999999918952359,1.0684852996960457,86.04392071419889,,,CONVERGENCE: RELATIVE REDUCTION OF F <= FACTR*EPSMCH
RAR_sharp_coherence_gated_RG,thin_disk,F574-1,13,19.82046932443162,True,True,385,False,0.13886799497974184,-3.077886809727558e-08,0.44130853926535163,0.9019932659827232,0.5744862099324975,0.6999999784547926,1.045119103879617,74.01993265982723,,,CONVERGENCE: RELATIVE REDUCTION OF F <= FACTR*EPSMCH
RAR_sharp_coherence_gated_RG,thin_disk,F583-1,14,41.540810104264565,True,True,345,False,-0.004241501241549305,0.0,1.0194286383375055,0.9420876720071958,0.497883740610323,0.7,1.2902773039628834,67.71043836003598,,,CONVERGENCE: RELATIVE REDUCTION OF F <= FACTR*EPSMCH
RAR_sharp_coherence_gated_RG,thin_disk,F583-4,15,14.084671491723629,True,True,335,False,-0.094259657606158,-4.319600048449348e-09,-0.6441695608168609,0.060784546410379725,0.45502321554085795,0.6999999969762799,0.8786950749029682,55.6078454641038,,,CONVERGENCE: RELATIVE REDUCTION OF F <= FACTR*EPSMCH
RAR_sharp_coherence_gated_RG,thin_disk,IC2574,16,42.18641969407051,True,True,370,False,-0.8154335755596022,-1.4242956243377958e-08,-1.3143220005419434,-2.482454345149587,0.22122372568333262,0.6999999900299306,0.9349813028635324,57.62281958395289,,,CONVERGENCE: RELATIVE REDUCTION OF F <= FACTR*EPSMCH
RAR_sharp_coherence_gated_RG,thin_disk,IC4202,17,384.14983582369103,True,True,665,False,0.477827438110292,-0.5303035838034824,-0.33213078233042803,1.8763945834285026e-06,0.8062835958655803,0.4118984141048027,0.9674604289621166,89.5,,,CONVERGENCE: RELATIVE REDUCTION OF F <= FACTR*EPSMCH
RAR_sharp_coherence_gated_RG,thin_disk,KK98-251,18,15.173687304054626,True,True,290,False,-0.08992211520269129,2.126624841118737e-08,-2.4899172604531112,-0.6013261540356536,0.4570011846941957,0.700000014886374,0.4737975405681588,55.99336922982173,,,CONVERGENCE: RELATIVE REDUCTION OF F <= FACTR*EPSMCH
RAR_sharp_coherence_gated_RG,thin_disk,NGC0024,19,50.88718055228244,True,True,455,False,0.725079990098082,1.4134764905275308e-08,0.8618381780170783,1.1757233215571858,1.032448132307683,0.7000000098943354,1.0434177350007894,67.52716996467156,,,CONVERGENCE: RELATIVE REDUCTION OF F <= FACTR*EPSMCH
RAR_sharp_coherence_gated_RG,thin_disk,NGC0055,20,38.87647410201653,True,True,345,False,-0.8330075085377737,-9.794841587770909e-09,-3.3089435249855113,-1.9820475332232534,0.21736991722544238,0.6999999931436108,0.8415547838889718,71.05385740033024,,,CONVERGENCE: RELATIVE REDUCTION OF F <= FACTR*EPSMCH
RAR_sharp_coherence_gated_RG,thin_disk,NGC0100,21,29.53845921797448,True,True,410,False,-0.23608994019223276,-8.234187417031652e-09,-0.09317855948643494,0.004091795048045836,0.39485482205071687,0.6999999942360687,0.9724335179359337,89.00409179504804,,,CONVERGENCE: RELATIVE REDUCTION OF F <= FACTR*EPSMCH
RAR_sharp_coherence_gated_RG,thin_disk,NGC0247,22,40.73680217363549,True,True,505,False,0.14741032652374964,-1.2700115196152227e-07,-1.1870787535625904,-0.291905153683959,0.5794146819564513,0.6999999110991992,0.9408626628306562,73.12428453894812,,,CONVERGENCE: RELATIVE REDUCTION OF F <= FACTR*EPSMCH
RAR_sharp_coherence_gated_RG,thin_disk,NGC0289,23,58.00558739278213,True,True,510,False,0.39673323892766676,1.4481423541794071e-08,-1.6516422253282537,0.6062248877890337,0.7434796071524883,0.7000000101369965,0.661721466976144,49.03112443894517,,,CONVERGENCE: RELATIVE REDUCTION OF F <= FACTR*EPSMCH
RAR_sharp_coherence_gated_RG,thin_disk,NGC0300,24,34.41651517545165,True,True,400,False,-0.08350172786154228,-1.071288932516321e-08,-0.33645876647917866,0.349263549547975,0.45994474861408896,0.6999999925009774,0.9839542250849226,45.49263549547975,,,CONVERGENCE: RELATIVE REDUCTION OF F <= FACTR*EPSMCH
RAR_sharp_coherence_gated_RG,thin_disk,NGC0801,25,87.49527297550813,True,True,505,True,0.485688142224988,-1.9075072332982122e-07,-5.0,-0.387571054916455,0.8126465284462505,0.6999998664745064,0.6065306597126334,79.61242894508355,,,CONVERGENCE: RELATIVE REDUCTION OF F <= FACTR*EPSMCH
RAR_sharp_coherence_gated_RG,thin_disk,NGC0891,26,64.15683990577223,True,True,690,False,-0.4219262614486059,-0.396451331920622,2.2729680958917964,2.1454707623421849e-07,0.3278911970271929,0.47089211054781527,1.1215150894157953,89.5,,,CONVERGENCE: RELATIVE REDUCTION OF F <= FACTR*EPSMCH
RAR_sharp_coherence_gated_RG,thin_disk,NGC1003,27,52.05193096825946,True,True,545,False,-0.2173381045671403,-6.89566504793099e-09,-0.4881975286400256,0.8385853362931345,0.402328932404315,0.6999999951730345,0.8637609224540594,71.19292668146568,,,CONVERGENCE: RELATIVE REDUCTION OF F <= FACTR*EPSMCH
RAR_sharp_coherence_gated_RG,thin_disk,NGC1090,28,50.75595078853439,True,True,565,False,0.24694178364666317,-4.742883071692809e-08,-1.3470341452307197,0.21233400406685204,0.6400522937940097,0.6999999667998192,0.7140812437809838,64.63700201220055,,,CONVERGENCE: RELATIVE REDUCTION OF F <= FACTR*EPSMCH
RAR_sharp_coherence_gated_RG,thin_disk,NGC2403,29,114.29326691724636,True,True,605,False,-0.3049224551565596,0.0,2.1025576378248765,3.0092533810134814,0.3685902683622923,0.7,1.1123318911632725,72.02776014304044,,,CONVERGENCE: RELATIVE REDUCTION OF F <= FACTR*EPSMCH
RAR_sharp_coherence_gated_RG,thin_disk,NGC2683,30,17.505053014211082,True,True,540,False,0.06338354217059097,0.02692239887504859,-0.1082227192212894,0.03656088436203729,0.5327177001410748,0.7191016566716827,0.9946089640511598,80.18280442181019,,,CONVERGENCE: RELATIVE REDUCTION OF F <= FACTR*EPSMCH
RAR_sharp_coherence_gated_RG,thin_disk,NGC2841,31,80.51977013387173,True,True,620,False,0.43745203910279934,0.2255543884599773,1.137785609577752,0.883298012747486,0.7743780085623586,0.8771120273565997,1.1196001591511258,84.83298012747485,,,CONVERGENCE: RELATIVE REDUCTION OF F <= FACTR*EPSMCH
RAR_sharp_coherence_gated_RG,thin_disk,NGC2903,32,136.19952690085202,True,True,755,False,-0.7878419971113203,2.3010745965842233e-07,1.5008923711026139,0.8573450208516439,0.227412625597218,0.7000001610752403,1.5687320966374094,68.57203506255493,,,CONVERGENCE: RELATIVE REDUCTION OF F <= FACTR*EPSMCH
RAR_sharp_coherence_gated_RG,thin_disk,NGC2915,33,79.45181493705648,True,True,310,False,0.3935678133540295,5.1689955814530206e-08,1.9721377009224823,2.9361380914816513,0.741129898666187,0.70000003618297,1.1020252688288092,67.74455236592661,,,CONVERGENCE: RELATIVE REDUCTION OF F <= FACTR*EPSMCH
RAR_sharp_coherence_gated_RG,thin_disk,NGC2955,34,71.98896611645442,True,True,605,False,-0.2646078768424912,0.32581109173454087,-2.541641134189137,-0.33533523905895224,0.38375342409307117,0.9696075740240055,0.7753631881973854,53.652653326587334,,,CONVERGENCE: RELATIVE REDUCTION OF F <= FACTR*EPSMCH
RAR_sharp_coherence_gated_RG,thin_disk,NGC2976,35,32.519253377630584,True,True,390,False,-0.34626824758693253,-4.25888704575708e-08,-0.41383948747941707,0.05905075869832171,0.35366136202099535,0.6999999701877913,0.979407411850808,61.590507586983215,,,CONVERGENCE: RELATIVE REDUCTION OF F <= FACTR*EPSMCH
RAR_sharp_coherence_gated_RG,thin_disk,NGC2998,36,38.92735637413048,True,True,480,False,0.25173605331248233,7.451201450687748e-11,-1.1760264331137356,-0.14450171465876654,0.6431282446679377,0.7000000000521583,0.8384964526587021,57.71099657068247,,,CONVERGENCE: RELATIVE REDUCTION OF F <= FACTR*EPSMCH
RAR_sharp_coherence_gated_RG,thin_disk,NGC3109,37,31.05440284953166,True,True,315,False,-0.24573022885466037,2.0761921193963407e-08,0.0585218194552862,0.6048295009931905,0.39106659671749533,0.700000014533345,1.0030848441296445,73.02414750496595,,,CONVERGENCE: RELATIVE REDUCTION OF F <= FACTR*EPSMCH
RAR_sharp_coherence_gated_RG,thin_disk,NGC3198,38,57.06446842327086,True,True,635,False,-0.045689900915236184,-2.020460490112236e-08,-0.06853336650872745,0.35063063532071087,0.4776690828764771,0.6999999858567767,0.9930714534552186,74.05189190596214,,,CONVERGENCE: RELATIVE REDUCTION OF F <= FACTR*EPSMCH
RAR_sharp_coherence_gated_RG,thin_disk,NGC3521,39,71.97410402288239,True,True,600,False,0.26537781238503644,-5.5782575799679435e-09,-0.6949017350366558,0.44885957627858614,0.6519617605915381,0.6999999960952196,0.8125579447341827,77.24429788139292,,,CONVERGENCE: RELATIVE REDUCTION OF F <= FACTR*EPSMCH
RAR_sharp_coherence_gated_RG,thin_disk,NGC3726,40,24.44545003025661,True,True,445,False,-0.07864563255152314,-1.645365221717785e-08,-1.8566432798332042,-0.4649115764730077,0.46218371607050457,0.6999999884824435,0.7726978996833599,52.070176847053986,,,CONVERGENCE: RELATIVE REDUCTION OF F <= FACTR*EPSMCH
RAR_sharp_coherence_gated_RG,thin_disk,NGC3741,41,19.4191409950542,True,True,340,False,-0.2677324900450879,-3.829778889125695e-08,0.08491310251783707,0.3306050420206238,0.3825562144601713,0.6999999731915483,1.004507082063575,71.3224201680825,,,CONVERGENCE: RELATIVE REDUCTION OF F <= FACTR*EPSMCH
RAR_sharp_coherence_gated_RG,thin_disk,NGC3769,42,17.876720541488396,True,True,410,False,-0.27332359434317965,-6.92688431974033e-09,-0.43648618184381877,0.016996383052083012,0.3804232710760966,0.6999999951511809,0.9411779209468053,70.03399276610416,,,CONVERGENCE: RELATIVE REDUCTION OF F <= FACTR*EPSMCH
RAR_sharp_coherence_gated_RG,thin_disk,NGC3877,43,47.031122108224885,True,True,485,False,-0.12184656609403964,5.188125940629001e-09,-0.06874919606464797,0.05094268603346905,0.44264209534687954,0.7000000036316881,0.9904969427176205,76.05094268603347,,,CONVERGENCE: RELATIVE REDUCTION OF F <= FACTR*EPSMCH
RAR_sharp_coherence_gated_RG,thin_disk,NGC3893,44,16.458997648013092,True,True,535,False,-0.12264318209873637,1.2332360942623049e-09,0.5883126865655447,0.4496201076081317,0.44228961998177224,0.7000000008632653,1.085141176758774,49.89924021521627,,,CONVERGENCE: RELATIVE REDUCTION OF F <= FACTR*EPSMCH
RAR_sharp_coherence_gated_RG,thin_disk,NGC3917,45,32.29436112842323,True,True,595,False,0.05160015167038658,-3.760919767388195e-08,0.11941443118794942,0.11220275981590895,0.5264773180886043,0.699999973673562,1.0167236379052091,79.22440551963182,,,CONVERGENCE: RELATIVE REDUCTION OF F <= FACTR*EPSMCH
RAR_sharp_coherence_gated_RG,thin_disk,NGC3953,46,13.05751963027238,True,True,505,False,0.09068719969978957,6.684824824816153e-09,-0.06325678521546586,0.04038485710938385,0.5474632291809942,0.7000000046793774,0.9912528165613983,62.04038485710938,,,CONVERGENCE: RELATIVE REDUCTION OF F <= FACTR*EPSMCH
RAR_sharp_coherence_gated_RG,thin_disk,NGC3972,47,16.44964110650385,True,True,425,False,0.04375337332331063,-9.544267474751576e-09,0.1874956755872188,0.04028755420756416,0.5223623330704122,0.6999999933190127,1.0263830971114623,77.04028755420757,,,CONVERGENCE: RELATIVE REDUCTION OF F <= FACTR*EPSMCH
RAR_sharp_coherence_gated_RG,thin_disk,NGC3992,48,21.12318412539454,True,True,460,False,0.33637810997233386,-6.013144960256456e-09,-0.5184700193831266,-0.09314222655190992,0.6999341144466265,0.6999999957907985,0.9509292107152205,55.813715546896184,,,CONVERGENCE: RELATIVE REDUCTION OF F <= FACTR*EPSMCH
RAR_sharp_coherence_gated_RG,thin_disk,NGC4010,49,23.521142700648507,True,True,405,False,-0.25646745083568523,4.635563911706145e-09,-0.29625910621706014,0.0014558780942805054,0.3868900900239054,0.7000000032448948,0.9596879513039905,89.00145587809428,,,CONVERGENCE: RELATIVE REDUCTION OF F <= FACTR*EPSMCH
RAR_sharp_coherence_gated_RG,thin_disk,NGC4013,50,57.88113403985029,True,True,605,False,0.09888785934929739,-0.03123299451878921,-1.5111201219120542,0.0009086933217517418,0.551971247893739,0.678474801825833,0.8106833097059623,89.00090869332175,,,CONVERGENCE: RELATIVE REDUCTION OF F <= FACTR*EPSMCH
RAR_sharp_coherence_gated_RG,thin_disk,NGC4088,51,20.74381208230057,True,True,430,False,-0.32622061749338277,-2.7018958741188615e-08,-1.6679855067493168,-0.22394829932184726,0.36082298107257077,0.6999999810867291,0.793212079434402,68.5521034013563,,,CONVERGENCE: RELATIVE REDUCTION OF F <= FACTR*EPSMCH
RAR_sharp_coherence_gated_RG,thin_disk,NGC4100,52,37.422191477007715,True,True,550,False,0.162565463830759,-7.688447339906954e-10,-0.019924091208600687,0.1622493968154178,0.5882626678916018,0.6999999994618086,0.9972365903751024,73.32449879363084,,,CONVERGENCE: RELATIVE REDUCTION OF F <= FACTR*EPSMCH
RAR_sharp_coherence_gated_RG,thin_disk,NGC4157,53,26.56760287115091,True,True,450,False,-0.10078505071513545,-0.07237974328887392,-1.300902174841328,-0.06140667220586633,0.45206367676432085,0.6511243200234692,0.8347017048836654,81.8157799833824,,,CONVERGENCE: RELATIVE REDUCTION OF F <= FACTR*EPSMCH
RAR_sharp_coherence_gated_RG,thin_disk,NGC4183,54,41.13378634952468,True,True,445,False,0.3240441752610654,-1.607737458013289e-08,-1.613517414444261,-0.03180823140443415,0.6913541936371694,0.6999999887458379,0.7992354938617522,81.93638353719113,,,CONVERGENCE: RELATIVE REDUCTION OF F <= FACTR*EPSMCH
RAR_sharp_coherence_gated_RG,thin_disk,NGC4217,55,59.28384539218462,True,True,515,False,0.6059705977712349,-1.1832564908588115,-0.3586746175836151,0.023120582060117734,0.916515240526092,0.2143958010145344,0.9514045437784399,86.04624116412023,,,CONVERGENCE: RELATIVE REDUCTION OF F <= FACTR*EPSMCH
RAR_sharp_coherence_gated_RG,thin_disk,NGC4559,56,39.07987754942578,True,True,420,False,-0.23106518994347136,2.5811972608410502e-08,-0.5398204929279535,0.11291303555518863,0.39684386194543647,0.7000000180683811,0.8504870038365889,67.1129130355552,,,CONVERGENCE: RELATIVE REDUCTION OF F <= FACTR*EPSMCH
RAR_sharp_coherence_gated_RG,thin_disk,NGC5005,57,36.69601052303402,True,True,495,False,0.050905327542858335,-0.2389053438774419,-0.2917046542804033,0.07723883293698529,0.5261116360024802,0.5512425936779592,0.9744413508863635,68.15447766587397,,,CONVERGENCE: RELATIVE REDUCTION OF F <= FACTR*EPSMCH
RAR_sharp_coherence_gated_RG,thin_disk,NGC5033,58,34.75825037071591,True,True,580,False,0.07796785475746398,-0.5788684280008364,0.43297554061503013,0.12838040700255027,0.540543953139287,0.39237260333391133,1.138392160767674,66.12838040700255,,,CONVERGENCE: RELATIVE REDUCTION OF F <= FACTR*EPSMCH
RAR_sharp_coherence_gated_RG,thin_disk,NGC5055,59,31.517806611930947,True,True,620,False,-0.08080399206157961,-5.134505638892174e-07,-0.44981767174188125,-1.1115226279710175,0.4611872332224906,0.6999996405846975,0.9864616406753859,48.330864232173894,,,CONVERGENCE: RELATIVE REDUCTION OF F <= FACTR*EPSMCH
RAR_sharp_coherence_gated_RG,thin_disk,NGC5371,60,128.268118297579,True,True,625,True,1.4656574351017022,-6.440362009008367e-09,-5.0,-1.2080366610989415,2.1651946272817053,0.6999999954917465,0.2866852723168134,50.58392667780212,,,CONVERGENCE: RELATIVE REDUCTION OF F <= FACTR*EPSMCH
RAR_sharp_coherence_gated_RG,thin_disk,NGC5585,61,41.723141787081985,True,True,505,False,-0.6256916425056933,6.480264279537615e-09,-0.07839932105651724,0.8013180654213896,0.26744567348009485,0.7000000045361849,0.9767329454009956,52.60263613084278,,,CONVERGENCE: RELATIVE REDUCTION OF F <= FACTR*EPSMCH
RAR_sharp_coherence_gated_RG,thin_disk,NGC5907,62,105.49127088233476,True,True,630,True,0.4030354392754445,4.040975079216837e-08,-5.0,-0.35352382172871694,0.7481799603176572,0.7000000282868261,0.7709624520442524,87.29295235654257,,,CONVERGENCE: RELATIVE REDUCTION OF F <= FACTR*EPSMCH
RAR_sharp_coherence_gated_RG,thin_disk,NGC5985,63,150.92412983141534,True,True,680,False,0.22519928840818487,1.3369648781213423,0.7329010844458848,1.1259368952287097,0.6262861572313515,2.665228870872379,1.2005307449825096,62.25187379045742,,,CONVERGENCE: RELATIVE REDUCTION OF F <= FACTR*EPSMCH
RAR_sharp_coherence_gated_RG,thin_disk,NGC6015,64,147.72403052831754,True,True,735,False,0.9367357655862218,1.6411767124264782e-07,-1.7399183856136662,1.6821652677859733,1.2758193313239283,0.7000001148823793,0.5933472226460408,63.364330535571945,,,CONVERGENCE: RELATIVE REDUCTION OF F <= FACTR*EPSMCH
RAR_sharp_coherence_gated_RG,thin_disk,NGC6195,65,70.61561365436545,True,True,730,False,-0.028027606921199814,0.38705725667411683,-3.680848842943544,-1.3925993170199447,0.4861807612613873,1.030848565161857,0.6916599008221777,55.037003414900276,,,CONVERGENCE: RELATIVE REDUCTION OF F <= FACTR*EPSMCH
RAR_sharp_coherence_gated_RG,thin_disk,NGC6503,66,36.217919303774146,True,True,645,False,-0.14990329529233656,0.0,1.0110749521142113,0.585336142536038,0.43039560748150796,0.7,1.0513438541008215,75.17067228507207,,,CONVERGENCE: RELATIVE REDUCTION OF F <= FACTR*EPSMCH
RAR_sharp_coherence_gated_RG,thin_disk,NGC6674,67,53.47493175385452,True,True,710,False,1.2618151358779055,0.3626639765727673,-2.201714239671227,-0.9990869882059179,1.7659132087712908,1.006007002746599,0.6449240257335404,48.0054780707645,,,CONVERGENCE: RELATIVE REDUCTION OF F <= FACTR*EPSMCH
RAR_sharp_coherence_gated_RG,thin_disk,NGC6946,68,76.88229577674679,True,True,765,False,0.1244651957389666,-0.06043490881146112,-1.126634247176886,1.4020700944436035,0.5662713012329622,0.6589485286598934,0.7126202025169969,40.80414018888721,,,CONVERGENCE: RELATIVE REDUCTION OF F <= FACTR*EPSMCH
RAR_sharp_coherence_gated_RG,thin_disk,NGC7331,69,48.468008922017404,True,True,600,False,-0.2966746175682326,-0.19384404043055414,-0.2561164854431985,0.15823457790576637,0.3716429125841392,0.5766504601328052,0.9742042108525911,75.31646915581153,,,CONVERGENCE: RELATIVE REDUCTION OF F <= FACTR*EPSMCH
RAR_sharp_coherence_gated_RG,thin_disk,NGC7793,70,65.86735882277797,True,True,450,False,-0.377895385001036,-4.2189027271547977e-08,-0.5498351699132212,0.8471728894899102,0.3426510949019009,0.6999999704676815,0.9729567927110873,54.62455600540919,,,CONVERGENCE: RELATIVE REDUCTION OF F <= FACTR*EPSMCH
RAR_sharp_coherence_gated_RG,thin_disk,NGC7814,71,29.335552093464404,True,True,655,False,0.6718436596518301,-0.24178634647414532,0.15870826658282303,9.2883807350623e-08,0.9789217962407717,0.5496567478440421,1.0073006496266625,89.5,,,CONVERGENCE: RELATIVE REDUCTION OF F <= FACTR*EPSMCH
RAR_sharp_coherence_gated_RG,thin_disk,UGC00128,72,52.584965220195,True,True,765,False,1.4253313703435104,-5.067688187537667e-08,-2.455044072948689,-0.5850145949889142,2.079617930921174,0.6999999645261835,0.6912814855875858,51.14985405011086,,,CONVERGENCE: RELATIVE REDUCTION OF F <= FACTR*EPSMCH
RAR_sharp_coherence_gated_RG,thin_disk,UGC00191,73,11.167451561073642,True,True,360,False,-0.011010472879977183,3.737880893482935e-09,0.23270221186111095,0.6083881836946645,0.4945249602600097,0.7000000026165166,1.071867456911678,48.04194091847332,,,CONVERGENCE: RELATIVE REDUCTION OF F <= FACTR*EPSMCH
RAR_sharp_coherence_gated_RG,thin_disk,UGC00731,74,29.614799846151808,True,True,335,False,0.8451501246263579,3.555498813790333e-09,0.12968304355684002,0.540385259609117,1.1641636638022084,0.7000000024888491,1.0396716197643041,58.62115577882735,,,CONVERGENCE: RELATIVE REDUCTION OF F <= FACTR*EPSMCH
RAR_sharp_coherence_gated_RG,thin_disk,UGC01281,75,29.67476632296972,True,True,340,False,-0.22824109370972107,-2.239379206563678e-08,-0.2343403994877238,-1.4897736277747972e-07,0.39796617121011074,0.6999999843243457,0.9893846957180435,89.5,,,CONVERGENCE: RELATIVE REDUCTION OF F <= FACTR*EPSMCH
RAR_sharp_coherence_gated_RG,thin_disk,UGC02259,76,17.114730384644787,True,True,435,False,0.41886240536365693,-2.41702679647151e-08,0.39023870896380775,0.7642271244298882,0.7601155823722708,0.6999999830808126,1.1221127958662098,43.29268137328967,,,CONVERGENCE: RELATIVE REDUCTION OF F <= FACTR*EPSMCH
RAR_sharp_coherence_gated_RG,thin_disk,UGC02487,77,41.03534883414451,True,True,765,False,0.5166465282530356,0.19978178503960073,-0.7558385659450476,1.0365926007170398,0.8381982323925073,0.8547953812186518,0.8924733493709394,41.1829630035852,,,CONVERGENCE: RELATIVE REDUCTION OF F <= FACTR*EPSMCH
RAR_sharp_coherence_gated_RG,thin_disk,UGC02885,78,39.14779641961984,True,True,550,False,-0.026128497571849704,0.25227748221333873,-0.19966007156171264,0.37347650070743676,0.4871049489795752,0.900867166035997,0.9802319936135009,65.49390600282975,,,CONVERGENCE: RELATIVE REDUCTION OF F <= FACTR*EPSMCH
RAR_sharp_coherence_gated_RG,thin_disk,UGC02916,79,164.3037808105952,True,True,820,False,0.7811356147111203,-0.24485732138800753,-3.8814470279638065,3.5651143888072374,1.091975492331696,0.5479713549843362,0.5589900750776654,67.82557194403618,,,CONVERGENCE: RELATIVE REDUCTION OF F <= FACTR*EPSMCH
RAR_sharp_coherence_gated_RG,thin_disk,UGC02953,80,281.8808630598916,True,True,905,False,0.33979257420017167,-0.029673013192755986,-1.161446908534877,3.883158527229788,0.7023280992040373,0.6795340358246869,0.7057924445788397,65.53263410891915,,,CONVERGENCE: RELATIVE REDUCTION OF F <= FACTR*EPSMCH
RAR_sharp_coherence_gated_RG,thin_disk,UGC03205,81,137.4113052566307,True,True,585,False,0.11450915483089466,0.5077865758941312,-0.3428507266061309,0.9662244640137617,0.5606614532692804,1.163126492919608,0.933727961158554,70.86489785605505,,,CONVERGENCE: RELATIVE REDUCTION OF F <= FACTR*EPSMCH
RAR_sharp_coherence_gated_RG,thin_disk,UGC03546,82,58.42037942912202,True,True,665,False,0.0426250059803501,-0.42647228620732425,-0.4398913910145915,0.8433538899127623,0.5217732488867629,0.45696556997646787,0.8955152496651885,59.21676944956381,,,CONVERGENCE: RELATIVE REDUCTION OF F <= FACTR*EPSMCH
RAR_sharp_coherence_gated_RG,thin_disk,UGC03580,83,91.23626760727984,True,True,570,False,0.03523304309614422,-1.2957671002299491,-1.3745383317572388,0.9052019525588632,0.5179305404734769,0.1915814864479182,0.7080117046820388,66.62080781023545,,,CONVERGENCE: RELATIVE REDUCTION OF F <= FACTR*EPSMCH
RAR_sharp_coherence_gated_RG,thin_disk,UGC04278,84,40.980607015782056,True,True,355,False,0.120369722885969,-2.335107584946973e-08,0.022547758732257544,0.0,0.5639568950201793,0.699999983654247,1.0067800962470381,89.5,,,CONVERGENCE: RELATIVE REDUCTION OF F <= FACTR*EPSMCH
RAR_sharp_coherence_gated_RG,thin_disk,UGC04325,85,16.381564214175558,True,True,430,False,0.3129316750760225,-1.5358187994590382e-08,0.9958659725892578,0.8505476603168073,0.6837140492074423,0.6999999892492684,1.348185739273639,43.55164298095042,,,CONVERGENCE: RELATIVE REDUCTION OF F <= FACTR*EPSMCH
RAR_sharp_coherence_gated_RG,thin_disk,UGC04483,86,8.773051271908415,True,True,310,False,-0.19220124224971896,7.084456616320137e-09,-1.3631144865208193,-0.8993792745467739,0.41257039929572964,0.7000000049591195,0.8811595098215945,55.30186217635968,,,CONVERGENCE: RELATIVE REDUCTION OF F <= FACTR*EPSMCH
RAR_sharp_coherence_gated_RG,thin_disk,UGC04499,87,10.1251528877932,True,True,370,False,-0.09475551524548792,-1.7573674831562076e-09,-0.5605055641960938,0.05992944947940791,0.45479764473348544,0.6999999987698428,0.8452256302176886,50.17978834843822,,,CONVERGENCE: RELATIVE REDUCTION OF F <= FACTR*EPSMCH
RAR_sharp_coherence_gated_RG,thin_disk,UGC05005,88,19.500845869508005,True,True,320,False,-0.12633661523858555,-1.9233899457118274e-08,-0.8469616546759746,-0.38506950782555177,0.4406590658668154,0.6999999865362705,0.844710387532013,37.14930492174448,,,CONVERGENCE: NORM OF PROJECTED GRADIENT <= PGTOL
RAR_sharp_coherence_gated_RG,thin_disk,UGC05253,89,106.0349543276754,True,True,875,False,0.010681883433534196,0.27655284766641,-2.624740842595659,2.3521059689757773,0.50536956921626,0.9230036442022204,0.5191241973827672,46.40842387590311,,,CONVERGENCE: RELATIVE REDUCTION OF F <= FACTR*EPSMCH
RAR_sharp_coherence_gated_RG,thin_disk,UGC05716,90,9.4588753000582,True,True,425,False,0.35797082225627935,7.497041252724708e-09,-0.31141817591457355,0.1598954027381294,0.7152119416647617,0.7000000052479288,0.9254371766758256,55.598954027381296,,,CONVERGENCE: RELATIVE REDUCTION OF F <= FACTR*EPSMCH
RAR_sharp_coherence_gated_RG,thin_disk,UGC05721,91,36.29088005232449,True,True,365,False,-0.24638905882709158,-4.5731328817768356e-09,1.9157558224036308,1.0840949301438256,0.3908090351763091,0.699999996798807,1.774443362786562,66.42047465071913,,,CONVERGENCE: RELATIVE REDUCTION OF F <= FACTR*EPSMCH
RAR_sharp_coherence_gated_RG,thin_disk,UGC05750,92,16.223950999658246,True,True,300,False,-0.14108142913845978,-6.887633056676085e-09,-1.022431359053175,-0.36343674912967133,0.43420929712026235,0.6999999951786569,0.8156339989129401,60.365632508703285,,,CONVERGENCE: RELATIVE REDUCTION OF F <= FACTR*EPSMCH
RAR_sharp_coherence_gated_RG,thin_disk,UGC05764,93,13.630142525478623,True,True,355,False,0.36315544024909724,-4.185245521525647e-09,0.7790947533256724,1.039761867713584,0.7189296715430117,0.6999999970703281,1.2631696147867597,70.39761867713584,,,CONVERGENCE: RELATIVE REDUCTION OF F <= FACTR*EPSMCH
RAR_sharp_coherence_gated_RG,thin_disk,UGC05829,94,13.020648344892434,True,True,320,False,0.06372473434066339,1.4482499028437709e-08,-0.8130095077471775,0.20696082072177402,0.5328994902601409,0.7000000101377493,0.7837112299093543,36.06960820721774,,,CONVERGENCE: RELATIVE REDUCTION OF F <= FACTR*EPSMCH
RAR_sharp_coherence_gated_RG,thin_disk,UGC05918,95,8.283687715637711,True,True,315,False,0.040076672274250116,3.584843824079044e-11,-0.15716011213025946,0.26302004112034666,0.5204452892904312,0.7000000000250939,0.9539070276171034,47.31510020560173,,,CONVERGENCE: NORM OF PROJECTED GRADIENT <= PGTOL
RAR_sharp_coherence_gated_RG,thin_disk,UGC05986,96,26.234566299207497,True,True,505,False,-0.3875127983591177,4.0772726623264264e-10,1.6404553931399286,2.3525765066991908e-08,0.33937147369991816,0.700000000285409,1.6361185607863578,89.5,,,CONVERGENCE: RELATIVE REDUCTION OF F <= FACTR*EPSMCH
RAR_sharp_coherence_gated_RG,thin_disk,UGC06399,97,11.172660837077064,True,True,390,False,0.0679874189010705,3.5537360850480985e-08,0.4998844435360553,0.11513855563225865,0.5351759210958241,0.700000024876153,1.0718953053243416,75.23027711126451,,,CONVERGENCE: RELATIVE REDUCTION OF F <= FACTR*EPSMCH
RAR_sharp_coherence_gated_RG,thin_disk,UGC06446,98,21.676080510678396,True,True,430,False,0.41125352087001743,-8.50148470152247e-09,0.3945413469629524,0.5136124280373251,0.7543538984954946,0.6999999940489606,1.125651978336161,52.54083728411197,,,CONVERGENCE: RELATIVE REDUCTION OF F <= FACTR*EPSMCH
RAR_sharp_coherence_gated_RG,thin_disk,UGC06614,99,26.27028247115072,True,True,545,False,0.023210496625426267,-0.2143952484518798,-0.6571689503218651,-0.7190444294640617,0.5117409781860829,0.564920541414312,0.9363959251080699,28.809555705359383,,,CONVERGENCE: RELATIVE REDUCTION OF F <= FACTR*EPSMCH
RAR_sharp_coherence_gated_RG,thin_disk,UGC06667,100,20.629087006589906,True,True,320,False,0.6657768811250928,-1.3167711072271326e-09,3.138512635145669,0.015595726760553161,0.9730008731329167,0.6999999990782602,1.5463611607143228,89.01559572676055,,,CONVERGENCE: RELATIVE REDUCTION OF F <= FACTR*EPSMCH
RAR_sharp_coherence_gated_RG,thin_disk,UGC06786,101,79.11922941765997,True,True,680,False,-0.0019197706344773577,-0.35059228887179034,1.1973892926425147,1.0480469119435953,0.4990410354732538,0.4929895840695932,1.3487024613475904,67.14414073583079,,,CONVERGENCE: RELATIVE REDUCTION OF F <= FACTR*EPSMCH
RAR_sharp_coherence_gated_RG,thin_disk,UGC06787,102,212.37342260353105,True,True,780,False,0.5458580212563894,-0.636614251714201,0.6446070890371616,2.359230021747087,0.8630443840189113,0.370356510391692,1.1746855045187443,73.07769006524126,,,CONVERGENCE: RELATIVE REDUCTION OF F <= FACTR*EPSMCH
RAR_sharp_coherence_gated_RG,thin_disk,UGC06818,103,17.75258823617682,True,True,295,False,-0.4647609599504636,0.0,-1.7044766970103342,-0.2732074952428721,0.3141426362917982,0.7,0.7892020757951682,74.18037751427138,,,CONVERGENCE: RELATIVE REDUCTION OF F <= FACTR*EPSMCH
RAR_sharp_coherence_gated_RG,thin_disk,UGC06917,104,13.601826441175142,True,True,420,False,0.019510040324435905,-1.401953096725263e-09,0.46072279121292126,0.3120063799784291,0.5098508024721015,0.6999999990186327,1.0660809666421036,56.624012759956855,,,CONVERGENCE: RELATIVE REDUCTION OF F <= FACTR*EPSMCH
RAR_sharp_coherence_gated_RG,thin_disk,UGC06930,105,16.671888050933205,True,True,375,False,0.0988277070512966,-1.1316385943726714e-08,-0.5555554223974821,-0.1532688030249973,0.5519380465533263,0.6999999920785298,0.9257412830452056,31.233655984875014,,,CONVERGENCE: RELATIVE REDUCTION OF F <= FACTR*EPSMCH
RAR_sharp_coherence_gated_RG,thin_disk,UGC06983,106,23.053014694667226,True,True,480,False,0.2698312931028748,-1.108051263901048e-08,0.5105625402464169,0.2638289860380422,0.6548717346682434,0.6999999922436412,1.0734861794059825,49.26382898603804,,,CONVERGENCE: RELATIVE REDUCTION OF F <= FACTR*EPSMCH
RAR_sharp_coherence_gated_RG,thin_disk,UGC07089,107,17.175533741450863,True,True,360,False,-0.39522768047636386,3.5719640600050392e-09,-1.8712690363268458,-0.19391844988438506,0.33676333645826845,0.7000000025003748,0.7711298690410617,79.41824465034685,,,CONVERGENCE: RELATIVE REDUCTION OF F <= FACTR*EPSMCH
RAR_sharp_coherence_gated_RG,thin_disk,UGC07125,108,16.91205326423422,True,True,355,False,0.10703538787569233,-2.5226657120845017e-08,-2.5210758836266622,0.0,0.5564868197776249,0.6999999823413402,0.47178604885085884,89.5,,,CONVERGENCE: RELATIVE REDUCTION OF F <= FACTR*EPSMCH
RAR_sharp_coherence_gated_RG,thin_disk,UGC07151,109,13.09767096878307,True,True,425,False,-0.014377812451608725,-1.2690716365124715e-08,-0.26758798533357325,1.9243720603503087e-08,0.49286252735108327,0.6999999911164985,0.9868442301734017,89.5,,,CONVERGENCE: RELATIVE REDUCTION OF F <= FACTR*EPSMCH
RAR_sharp_coherence_gated_RG,thin_disk,UGC07323,110,12.28487410641818,True,True,360,False,-0.15252977697032988,6.722673374258869e-09,-0.7250498297003071,0.06499003245252817,0.42926666452715373,0.7000000047058713,0.8045155781988886,47.19497009735758,,,CONVERGENCE: RELATIVE REDUCTION OF F <= FACTR*EPSMCH
RAR_sharp_coherence_gated_RG,thin_disk,UGC07399,111,14.85570500754106,True,True,485,False,0.06737804922862882,-1.1399805061258313e-08,2.2201954126504777,0.740643528969066,0.5348499004637186,0.6999999920201364,1.947062822489953,57.2219305869072,,,CONVERGENCE: RELATIVE REDUCTION OF F <= FACTR*EPSMCH
RAR_sharp_coherence_gated_RG,thin_disk,UGC07524,112,32.860071045805824,True,True,450,False,-0.11564016042063083,-6.668886361202741e-09,-0.2574246127225576,0.36836251370641276,0.44539785459277903,0.6999999953317795,0.9870504191649416,47.10508754111924,,,CONVERGENCE: RELATIVE REDUCTION OF F <= FACTR*EPSMCH
RAR_sharp_coherence_gated_RG,thin_disk,UGC07577,113,27.848222606113794,True,True,300,False,-0.5982143504968691,-5.2485197820080395e-08,-1.4592346739686992,-1.4655016092454831,0.2748962483977079,0.6999999632603625,0.929374556254926,58.60349517226355,,,CONVERGENCE: RELATIVE REDUCTION OF F <= FACTR*EPSMCH
RAR_sharp_coherence_gated_RG,thin_disk,UGC07603,114,15.41770816754854,True,True,360,False,-0.19531971044705393,2.5547778557568907e-09,0.8142506621700019,0.1487612038596704,0.4112858156340431,0.7000000017883445,1.276695627063372,78.446283611579,,,CONVERGENCE: RELATIVE REDUCTION OF F <= FACTR*EPSMCH
RAR_sharp_coherence_gated_RG,thin_disk,UGC08286,115,26.751998219571473,True,True,495,False,0.7316065700529021,1.1871915867158508e-08,0.36658054348356994,-3.49533515638643e-08,1.0392085247159217,0.700000008310341,1.0119137818189783,89.5,,,CONVERGENCE: RELATIVE REDUCTION OF F <= FACTR*EPSMCH
RAR_sharp_coherence_gated_RG,thin_disk,UGC08490,116,32.771947542548325,True,True,380,False,0.3584115898125424,0.0,0.5745472820123046,1.050228885385888,0.7155272533689793,0.7,1.067677826334619,53.15068665615767,,,CONVERGENCE: RELATIVE REDUCTION OF F <= FACTR*EPSMCH
RAR_sharp_coherence_gated_RG,thin_disk,UGC08550,117,8.57570538778164,True,True,365,False,0.04355443987803033,4.497668244395685e-09,0.39162412369284116,-2.387481559774102e-08,0.5222584280672427,0.7000000031483677,1.1240100845944843,89.5,,,CONVERGENCE: RELATIVE REDUCTION OF F <= FACTR*EPSMCH
RAR_sharp_coherence_gated_RG,thin_disk,UGC08699,118,62.096823045805735,True,True,675,False,0.18580212673646296,-0.12066772739067747,0.08750433065024382,0.7285861163503717,0.6020919804958041,0.6204298893277266,1.0221057395605817,79.55727504715334,,,CONVERGENCE: RELATIVE REDUCTION OF F <= FACTR*EPSMCH
RAR_sharp_coherence_gated_RG,thin_disk,UGC08837,119,25.661460421712967,True,True,350,False,-0.8981483690009183,6.893564167229843e-09,-2.040002069325518,-2.862083414018106,0.2036615870629351,0.7000000048254948,0.9031572191426179,65.68958292990948,,,CONVERGENCE: RELATIVE REDUCTION OF F <= FACTR*EPSMCH
RAR_sharp_coherence_gated_RG,thin_disk,UGC09037,120,45.771516834716365,True,True,515,False,-0.9300288106722254,-4.087582461275442e-08,-0.6234735690780049,0.16656590877939154,0.19727117158886265,0.6999999713869234,0.9392762288358503,65.83282954389696,,,CONVERGENCE: RELATIVE REDUCTION OF F <= FACTR*EPSMCH
RAR_sharp_coherence_gated_RG,thin_disk,UGC09133,121,143.58813481937497,True,True,1085,False,0.8524174206456341,0.28736663681403135,-3.410889341286877,1.7120495640893076,1.1726548021994878,0.9330389731663845,0.5061191510874702,63.27229738453585,,,CONVERGENCE: RELATIVE REDUCTION OF F <= FACTR*EPSMCH
RAR_sharp_coherence_gated_RG,thin_disk,UGC11455,122,112.17193924748275,True,True,585,False,-0.21675571789855919,-2.8727905866299956e-08,0.44556830261693714,0.0,0.4025633116539823,0.6999999798904661,1.0691799293681963,89.5,,,CONVERGENCE: RELATIVE REDUCTION OF F <= FACTR*EPSMCH
RAR_sharp_coherence_gated_RG,thin_disk,UGC11557,123,24.39229419489025,True,True,340,False,-0.20442632592193535,-6.437979943502924e-09,-1.2079800131518035,-0.6673439777048582,0.40755739626812576,0.699999995493414,0.7393417591581787,23.326560222951418,,,CONVERGENCE: RELATIVE REDUCTION OF F <= FACTR*EPSMCH
RAR_sharp_coherence_gated_RG,thin_disk,UGC11820,124,13.741840777224752,True,True,445,False,0.24531737841404044,-2.3576926598846678e-08,-0.9009963621330606,0.14384419824197353,0.6390134334923097,0.6999999834961516,0.7631513477096573,46.43844198241973,,,CONVERGENCE: RELATIVE REDUCTION OF F <= FACTR*EPSMCH
RAR_sharp_coherence_gated_RG,thin_disk,UGC11914,125,92.99970023238323,True,True,930,False,-0.19419593917763697,0.05570269995148252,-1.102015831274577,2.720395712625989,0.4117482666130656,0.7400983146398832,0.7170849321595465,44.60197856312995,,,CONVERGENCE: RELATIVE REDUCTION OF F <= FACTR*EPSMCH
RAR_sharp_coherence_gated_RG,thin_disk,UGC12506,126,77.01959833700161,True,True,520,False,0.600400791320306,1.801592660225429e-09,0.25149944726772033,0.11342092882704621,0.9114246180783259,0.7000000012611148,1.0255714244362888,86.45368371530819,,,CONVERGENCE: RELATIVE REDUCTION OF F <= FACTR*EPSMCH
RAR_sharp_coherence_gated_RG,thin_disk,UGC12632,127,17.470288978532164,True,True,410,False,0.16119534571149674,1.2345987644323475e-08,-0.1974045836226407,0.3858114614446912,0.5874572304496534,0.7000000086421913,0.9425171439958837,47.157434384334074,,,CONVERGENCE: RELATIVE REDUCTION OF F <= FACTR*EPSMCH
RAR_sharp_coherence_gated_RG,thin_disk,UGC12732,128,17.794475885139665,True,True,395,False,0.2746384595816602,-2.634173442105603e-08,-0.5119568934632631,0.6316453489149477,0.6580273909245685,0.699999981560786,0.8562966128138877,42.789872093489684,,,CONVERGENCE: RELATIVE REDUCTION OF F <= FACTR*EPSMCH
RAR_sharp_coherence_gated_RG,thin_disk,UGCA442,129,7.104585094267055,True,True,295,False,-0.07819376195886782,-9.136776128442017e-09,-0.39974198181949533,-0.9309353086448361,0.46239261049326985,0.6999999936042567,0.9799861541240876,57.48345283948615,,,CONVERGENCE: RELATIVE REDUCTION OF F <= FACTR*EPSMCH
RAR_sharp_coherence_gated_RG,thin_disk,UGCA444,130,45.3141996856224,True,True,280,False,-0.040834355546943875,0.0,-2.447807455663494,-1.794125099107479,0.47999406674386,0.7,0.8825956281873433,70.82349960357008,,,CONVERGENCE: RELATIVE REDUCTION OF F <= FACTR*EPSMCH
RAR_sharp_coherence_gated_RG,thick_disk,CamB,0,46.33718987231147,True,True,260,True,-0.7349956717414817,1.4879011688816799e-08,-3.439279194126618,-5.0,0.23975376720148647,0.700000010415308,0.7663358954516932,40.0,,,CONVERGENCE: RELATIVE REDUCTION OF F <= FACTR*EPSMCH
RAR_sharp_coherence_gated_RG,thick_disk,D631-7,1,56.32430609481946,True,True,290,False,-0.6754541280491696,-3.8524696879148405e-08,-1.3131310744087275,-3.6327131684092318,0.25446262544491793,0.6999999730327127,0.9698469089392227,48.1018604947723,,,CONVERGENCE: RELATIVE REDUCTION OF F <= FACTR*EPSMCH
RAR_sharp_coherence_gated_RG,thick_disk,DDO064,2,15.779022835016175,True,True,295,False,-0.05425429075028872,-7.376148397372812e-10,-0.2220256826237556,0.30598351171899524,0.4735956069551327,0.6999999994836695,0.9355621459079565,61.529917558594974,,,CONVERGENCE: RELATIVE REDUCTION OF F <= FACTR*EPSMCH
RAR_sharp_coherence_gated_RG,thick_disk,DDO154,3,12.630101386589756,True,True,295,False,-0.45043910403841303,-3.281214927719103e-08,-1.1223297023350207,-1.1509054178812648,0.3186741139938436,0.6999999770314959,0.9459544356612242,60.54728374635621,,,CONVERGENCE: RELATIVE REDUCTION OF F <= FACTR*EPSMCH
RAR_sharp_coherence_gated_RG,thick_disk,DDO161,4,35.4364560055115,True,True,435,False,-0.4175329752562913,0.0,-2.01794914251032,0.23185449150727522,0.32933488584269555,0.7,0.5458643688731016,72.31854491507275,,,CONVERGENCE: RELATIVE REDUCTION OF F <= FACTR*EPSMCH
RAR_sharp_coherence_gated_RG,thick_disk,DDO168,5,29.74900272381692,True,True,285,False,-0.17097976715920082,-8.742529482363584e-09,-1.1948996288159566,-1.4878821824358757,0.42141931315942566,0.6999999938802294,0.9426670826915602,54.07270690538475,,,CONVERGENCE: RELATIVE REDUCTION OF F <= FACTR*EPSMCH
RAR_sharp_coherence_gated_RG,thick_disk,DDO170,6,7.533458466608687,True,True,410,False,0.00720459132168746,-2.7873029721434796e-09,-1.248451669583635,-0.22087701938188767,0.5036153034146245,0.6999999980488879,0.6876085982155856,64.45386086432678,,,CONVERGENCE: RELATIVE REDUCTION OF F <= FACTR*EPSMCH
RAR_sharp_coherence_gated_RG,thick_disk,ESO079-G014,7,38.71728207059306,True,True,435,False,-0.026084458953812846,-1.931109765314429e-09,0.456579183422632,0.2627514809084719,0.48712640088071973,0.6999999986482232,1.120825259085388,80.31375740454236,,,CONVERGENCE: RELATIVE REDUCTION OF F <= FACTR*EPSMCH
RAR_sharp_coherence_gated_RG,thick_disk,ESO116-G012,8,22.213983644309724,True,True,510,False,-0.4392677329980827,1.1189104484560601e-08,1.1814233468079995,0.27274688279490994,0.3222541002077354,0.7000000078323732,1.4253636926119886,74.81824064838473,,,CONVERGENCE: RELATIVE REDUCTION OF F <= FACTR*EPSMCH
RAR_sharp_coherence_gated_RG,thick_disk,ESO563-G021,9,243.173603406095,True,True,660,False,0.4138175586271243,4.850245107662317e-09,0.31122578115484634,0.43463867012809226,0.7562905721646423,0.7000000033951715,1.0476834515989208,84.30391601038427,,,CONVERGENCE: RELATIVE REDUCTION OF F <= FACTR*EPSMCH
RAR_sharp_coherence_gated_RG,thick_disk,F568-3,10,38.027767945432856,True,True,355,False,-0.31766281349038716,-3.015504628971223e-08,-0.7599637238938914,0.8299047721086128,0.36392408381308033,0.6999999788914679,0.9268195686937857,48.299047721086126,,,CONVERGENCE: RELATIVE REDUCTION OF F <= FACTR*EPSMCH
RAR_sharp_coherence_gated_RG,thick_disk,F568-V1,11,25.949209296446043,True,True,385,False,0.20943815924204445,-3.0448245231337726e-09,0.5952150854605786,2.07422550697588,0.6164925620092592,0.6999999978686228,1.061328588368869,60.7422550697588,,,CONVERGENCE: RELATIVE REDUCTION OF F <= FACTR*EPSMCH
RAR_sharp_coherence_gated_RG,thick_disk,F571-8,12,83.48864121368041,True,True,375,False,-0.6954739732292561,-1.1578234531238089e-08,0.3299720200384668,0.2087841428397779,0.24941897805361107,0.6999999918952359,1.0684852996960457,86.04392071419889,,,CONVERGENCE: RELATIVE REDUCTION OF F <= FACTR*EPSMCH
RAR_sharp_coherence_gated_RG,thick_disk,F574-1,13,19.82046932443162,True,True,385,False,0.13886799497974184,-3.077886809727558e-08,0.44130853926535163,0.9019932659827232,0.5744862099324975,0.6999999784547926,1.045119103879617,74.01993265982723,,,CONVERGENCE: RELATIVE REDUCTION OF F <= FACTR*EPSMCH
RAR_sharp_coherence_gated_RG,thick_disk,F583-1,14,41.540810104264565,True,True,345,False,-0.004241501241549305,0.0,1.0194286383375055,0.9420876720071958,0.497883740610323,0.7,1.2902773039628834,67.71043836003598,,,CONVERGENCE: RELATIVE REDUCTION OF F <= FACTR*EPSMCH
RAR_sharp_coherence_gated_RG,thick_disk,F583-4,15,14.084671491723629,True,True,335,False,-0.094259657606158,-4.319600048449348e-09,-0.6441695608168609,0.060784546410379725,0.45502321554085795,0.6999999969762799,0.8786950749029682,55.6078454641038,,,CONVERGENCE: RELATIVE REDUCTION OF F <= FACTR*EPSMCH
RAR_sharp_coherence_gated_RG,thick_disk,IC2574,16,42.18641969407051,True,True,370,False,-0.8154335755596022,-1.4242956243377958e-08,-1.3143220005419434,-2.482454345149587,0.22122372568333262,0.6999999900299306,0.9349813028635324,57.62281958395289,,,CONVERGENCE: RELATIVE REDUCTION OF F <= FACTR*EPSMCH
RAR_sharp_coherence_gated_RG,thick_disk,IC4202,17,377.3214042156169,True,True,645,False,0.41042351513054515,-0.5835047451575537,-0.0363047990266103,0.0,0.7537280401990691,0.3905576501017528,0.9963905140728448,89.5,,,CONVERGENCE: RELATIVE REDUCTION OF F <= FACTR*EPSMCH
RAR_sharp_coherence_gated_RG,thick_disk,KK98-251,18,15.173687304054626,True,True,290,False,-0.08992211520269129,2.126624841118737e-08,-2.4899172604531112,-0.6013261540356536,0.4570011846941957,0.700000014886374,0.4737975405681588,55.99336922982173,,,CONVERGENCE: RELATIVE REDUCTION OF F <= FACTR*EPSMCH
RAR_sharp_coherence_gated_RG,thick_disk,NGC0024,19,50.88718055228244,True,True,455,False,0.725079990098082,1.4134764905275308e-08,0.8618381780170783,1.1757233215571858,1.032448132307683,0.7000000098943354,1.0434177350007894,67.52716996467156,,,CONVERGENCE: RELATIVE REDUCTION OF F <= FACTR*EPSMCH
RAR_sharp_coherence_gated_RG,thick_disk,NGC0055,20,38.87647410201653,True,True,345,False,-0.8330075085377737,-9.794841587770909e-09,-3.3089435249855113,-1.9820475332232534,0.21736991722544238,0.6999999931436108,0.8415547838889718,71.05385740033024,,,CONVERGENCE: RELATIVE REDUCTION OF F <= FACTR*EPSMCH
RAR_sharp_coherence_gated_RG,thick_disk,NGC0100,21,29.53845921797448,True,True,410,False,-0.23608994019223276,-8.234187417031652e-09,-0.09317855948643494,0.004091795048045836,0.39485482205071687,0.6999999942360687,0.9724335179359337,89.00409179504804,,,CONVERGENCE: RELATIVE REDUCTION OF F <= FACTR*EPSMCH
RAR_sharp_coherence_gated_RG,thick_disk,NGC0247,22,40.73680217363549,True,True,505,False,0.14741032652374964,-1.2700115196152227e-07,-1.1870787535625904,-0.291905153683959,0.5794146819564513,0.6999999110991992,0.9408626628306562,73.12428453894812,,,CONVERGENCE: RELATIVE REDUCTION OF F <= FACTR*EPSMCH
RAR_sharp_coherence_gated_RG,thick_disk,NGC0289,23,58.00558739278213,True,True,510,False,0.39673323892766676,1.4481423541794071e-08,-1.6516422253282537,0.6062248877890337,0.7434796071524883,0.7000000101369965,0.661721466976144,49.03112443894517,,,CONVERGENCE: RELATIVE REDUCTION OF F <= FACTR*EPSMCH
RAR_sharp_coherence_gated_RG,thick_disk,NGC0300,24,34.41651517545165,True,True,400,False,-0.08350172786154228,-1.071288932516321e-08,-0.33645876647917866,0.349263549547975,0.45994474861408896,0.6999999925009774,0.9839542250849226,45.49263549547975,,,CONVERGENCE: RELATIVE REDUCTION OF F <= FACTR*EPSMCH
RAR_sharp_coherence_gated_RG,thick_disk,NGC0801,25,87.49527297550813,True,True,505,True,0.485688142224988,-1.9075072332982122e-07,-5.0,-0.387571054916455,0.8126465284462505,0.6999998664745064,0.6065306597126334,79.61242894508355,,,CONVERGENCE: RELATIVE REDUCTION OF F <= FACTR*EPSMCH
RAR_sharp_coherence_gated_RG,thick_disk,NGC0891,26,63.85070795097678,True,True,640,False,-0.4192433448687874,-0.41173381957099797,2.2513764917383186,-3.74084881196957e-07,0.3287720828993417,0.46375041809435424,1.1202939933129965,89.5,,,CONVERGENCE: RELATIVE REDUCTION OF F <= FACTR*EPSMCH
RAR_sharp_coherence_gated_RG,thick_disk,NGC1003,27,52.05193096825946,True,True,545,False,-0.2173381045671403,-6.89566504793099e-09,-0.4881975286400256,0.8385853362931345,0.402328932404315,0.6999999951730345,0.8637609224540594,71.19292668146568,,,CONVERGENCE: RELATIVE REDUCTION OF F <= FACTR*EPSMCH
RAR_sharp_coherence_gated_RG,thick_disk,NGC1090,28,50.75595078853439,True,True,565,False,0.24694178364666317,-4.742883071692809e-08,-1.3470341452307197,0.21233400406685204,0.6400522937940097,0.6999999667998192,0.7140812437809838,64.63700201220055,,,CONVERGENCE: RELATIVE REDUCTION OF F <= FACTR*EPSMCH
RAR_sharp_coherence_gated_RG,thick_disk,NGC2403,29,114.29326691724636,True,True,605,False,-0.3049224551565596,0.0,2.1025576378248765,3.0092533810134814,0.3685902683622923,0.7,1.1123318911632725,72.02776014304044,,,CONVERGENCE: RELATIVE REDUCTION OF F <= FACTR*EPSMCH
RAR_sharp_coherence_gated_RG,thick_disk,NGC2683,30,17.504090742102985,True,True,525,False,0.06316415118047954,0.02686638315883227,-0.10790449419976247,0.03667815193862712,0.5326008394969459,0.7190613768055153,0.9946247735177747,80.18339075969314,,,CONVERGENCE: RELATIVE REDUCTION OF F <= FACTR*EPSMCH
RAR_sharp_coherence_gated_RG,thick_disk,NGC2841,31,80.98944983705955,True,True,625,False,0.4480855515628614,0.15495039450391168,1.1718523062917536,0.8923194290256149,0.7826563024325408,0.8173200282025171,1.123393628752177,84.92319429025615,,,CONVERGENCE: RELATIVE REDUCTION OF F <= FACTR*EPSMCH
RAR_sharp_coherence_gated_RG,thick_disk,NGC2903,32,136.19952690085202,True,True,755,False,-0.7878419971113203,2.3010745965842233e-07,1.5008923711026139,0.8573450208516439,0.227412625597218,0.7000001610752403,1.5687320966374094,68.57203506255493,,,CONVERGENCE: RELATIVE REDUCTION OF F <= FACTR*EPSMCH
RAR_sharp_coherence_gated_RG,thick_disk,NGC2915,33,79.45181493705648,True,True,310,False,0.3935678133540295,5.1689955814530206e-08,1.9721377009224823,2.9361380914816513,0.741129898666187,0.70000003618297,1.1020252688288092,67.74455236592661,,,CONVERGENCE: RELATIVE REDUCTION OF F <= FACTR*EPSMCH
RAR_sharp_coherence_gated_RG,thick_disk,NGC2955,34,81.84915555620096,True,True,780,False,-0.26924279134596135,0.5676811585633764,-3.5759988848645943,-0.9130559389710556,0.381978875399525,1.2349200296019964,0.699097431796041,49.60860842720261,,,CONVERGENCE: RELATIVE REDUCTION OF F <= FACTR*EPSMCH
RAR_sharp_coherence_gated_RG,thick_disk,NGC2976,35,32.519253377630584,True,True,390,False,-0.34626824758693253,-4.25888704575708e-08,-0.41383948747941707,0.05905075869832171,0.35366136202099535,0.6999999701877913,0.979407411850808,61.590507586983215,,,CONVERGENCE: RELATIVE REDUCTION OF F <= FACTR*EPSMCH
RAR_sharp_coherence_gated_RG,thick_disk,NGC2998,36,38.92735637413048,True,True,480,False,0.25173605331248233,7.451201450687748e-11,-1.1760264331137356,-0.14450171465876654,0.6431282446679377,0.7000000000521583,0.8384964526587021,57.71099657068247,,,CONVERGENCE: RELATIVE REDUCTION OF F <= FACTR*EPSMCH
RAR_sharp_coherence_gated_RG,thick_disk,NGC3109,37,31.05440284953166,True,True,315,False,-0.24573022885466037,2.0761921193963407e-08,0.0585218194552862,0.6048295009931905,0.39106659671749533,0.700000014533345,1.0030848441296445,73.02414750496595,,,CONVERGENCE: RELATIVE REDUCTION OF F <= FACTR*EPSMCH
RAR_sharp_coherence_gated_RG,thick_disk,NGC3198,38,57.06446842327086,True,True,635,False,-0.045689900915236184,-2.020460490112236e-08,-0.06853336650872745,0.35063063532071087,0.4776690828764771,0.6999999858567767,0.9930714534552186,74.05189190596214,,,CONVERGENCE: RELATIVE REDUCTION OF F <= FACTR*EPSMCH
RAR_sharp_coherence_gated_RG,thick_disk,NGC3521,39,71.97410402288239,True,True,600,False,0.26537781238503644,-5.5782575799679435e-09,-0.6949017350366558,0.44885957627858614,0.6519617605915381,0.6999999960952196,0.8125579447341827,77.24429788139292,,,CONVERGENCE: RELATIVE REDUCTION OF F <= FACTR*EPSMCH
RAR_sharp_coherence_gated_RG,thick_disk,NGC3726,40,24.44545003025661,True,True,445,False,-0.07864563255152314,-1.645365221717785e-08,-1.8566432798332042,-0.4649115764730077,0.46218371607050457,0.6999999884824435,0.7726978996833599,52.070176847053986,,,CONVERGENCE: RELATIVE REDUCTION OF F <= FACTR*EPSMCH
RAR_sharp_coherence_gated_RG,thick_disk,NGC3741,41,19.4191409950542,True,True,340,False,-0.2677324900450879,-3.829778889125695e-08,0.08491310251783707,0.3306050420206238,0.3825562144601713,0.6999999731915483,1.004507082063575,71.3224201680825,,,CONVERGENCE: RELATIVE REDUCTION OF F <= FACTR*EPSMCH
RAR_sharp_coherence_gated_RG,thick_disk,NGC3769,42,17.876720541488396,True,True,410,False,-0.27332359434317965,-6.92688431974033e-09,-0.43648618184381877,0.016996383052083012,0.3804232710760966,0.6999999951511809,0.9411779209468053,70.03399276610416,,,CONVERGENCE: RELATIVE REDUCTION OF F <= FACTR*EPSMCH
RAR_sharp_coherence_gated_RG,thick_disk,NGC3877,43,47.031122108224885,True,True,485,False,-0.12184656609403964,5.188125940629001e-09,-0.06874919606464797,0.05094268603346905,0.44264209534687954,0.7000000036316881,0.9904969427176205,76.05094268603347,,,CONVERGENCE: RELATIVE REDUCTION OF F <= FACTR*EPSMCH
RAR_sharp_coherence_gated_RG,thick_disk,NGC3893,44,16.458997648013092,True,True,535,False,-0.12264318209873637,1.2332360942623049e-09,0.5883126865655447,0.4496201076081317,0.44228961998177224,0.7000000008632653,1.085141176758774,49.89924021521627,,,CONVERGENCE: RELATIVE REDUCTION OF F <= FACTR*EPSMCH
RAR_sharp_coherence_gated_RG,thick_disk,NGC3917,45,32.29436112842323,True,True,595,False,0.05160015167038658,-3.760919767388195e-08,0.11941443118794942,0.11220275981590895,0.5264773180886043,0.699999973673562,1.0167236379052091,79.22440551963182,,,CONVERGENCE: RELATIVE REDUCTION OF F <= FACTR*EPSMCH
RAR_sharp_coherence_gated_RG,thick_disk,NGC3953,46,13.05751963027238,True,True,505,False,0.09068719969978957,6.684824824816153e-09,-0.06325678521546586,0.04038485710938385,0.5474632291809942,0.7000000046793774,0.9912528165613983,62.04038485710938,,,CONVERGENCE: RELATIVE REDUCTION OF F <= FACTR*EPSMCH
RAR_sharp_coherence_gated_RG,thick_disk,NGC3972,47,16.44964110650385,True,True,425,False,0.04375337332331063,-9.544267474751576e-09,0.1874956755872188,0.04028755420756416,0.5223623330704122,0.6999999933190127,1.0263830971114623,77.04028755420757,,,CONVERGENCE: RELATIVE REDUCTION OF F <= FACTR*EPSMCH
RAR_sharp_coherence_gated_RG,thick_disk,NGC3992,48,21.12318412539454,True,True,460,False,0.33637810997233386,-6.013144960256456e-09,-0.5184700193831266,-0.09314222655190992,0.6999341144466265,0.6999999957907985,0.9509292107152205,55.813715546896184,,,CONVERGENCE: RELATIVE REDUCTION OF F <= FACTR*EPSMCH
RAR_sharp_coherence_gated_RG,thick_disk,NGC4010,49,23.521142700648507,True,True,405,False,-0.25646745083568523,4.635563911706145e-09,-0.29625910621706014,0.0014558780942805054,0.3868900900239054,0.7000000032448948,0.9596879513039905,89.00145587809428,,,CONVERGENCE: RELATIVE REDUCTION OF F <= FACTR*EPSMCH
RAR_sharp_coherence_gated_RG,thick_disk,NGC4013,50,57.65229713504716,True,True,620,False,0.08201860871156831,-0.011765290422566164,-1.4890118232624328,0.0009112305047623242,0.5427380044757868,0.6918125549817976,0.8131764171781384,89.00091123050477,,,CONVERGENCE: RELATIVE REDUCTION OF F <= FACTR*EPSMCH
RAR_sharp_coherence_gated_RG,thick_disk,NGC4088,51,20.74381208230057,True,True,430,False,-0.32622061749338277,-2.7018958741188615e-08,-1.6679855067493168,-0.22394829932184726,0.36082298107257077,0.6999999810867291,0.793212079434402,68.5521034013563,,,CONVERGENCE: RELATIVE REDUCTION OF F <= FACTR*EPSMCH
RAR_sharp_coherence_gated_RG,thick_disk,NGC4100,52,37.422191477007715,True,True,550,False,0.162565463830759,-7.688447339906954e-10,-0.019924091208600687,0.1622493968154178,0.5882626678916018,0.6999999994618086,0.9972365903751024,73.32449879363084,,,CONVERGENCE: RELATIVE REDUCTION OF F <= FACTR*EPSMCH
RAR_sharp_coherence_gated_RG,thick_disk,NGC4157,53,26.575550300587558,True,True,465,False,-0.10011347128213413,-0.07387453541450445,-1.3035931278431205,-0.061602604433392286,0.4523673753995069,0.6501517515920006,0.8343897988600554,81.81519218669982,,,CONVERGENCE: RELATIVE REDUCTION OF F <= FACTR*EPSMCH
RAR_sharp_coherence_gated_RG,thick_disk,NGC4183,54,41.13378634952468,True,True,445,False,0.3240441752610654,-1.607737458013289e-08,-1.613517414444261,-0.03180823140443415,0.6913541936371694,0.6999999887458379,0.7992354938617522,81.93638353719113,,,CONVERGENCE: RELATIVE REDUCTION OF F <= FACTR*EPSMCH
RAR_sharp_coherence_gated_RG,thick_disk,NGC4217,55,57.79557032893183,True,True,675,False,-0.22963032220598284,-0.8432421725322935,-1.8855374076042106,-0.0506309862307538,0.39741368911530783,0.3012191769859744,0.7696032201132273,85.8987380275385,,,CONVERGENCE: RELATIVE REDUCTION OF F <= FACTR*EPSMCH
RAR_sharp_coherence_gated_RG,thick_disk,NGC4559,56,39.07987754942578,True,True,420,False,-0.23106518994347136,2.5811972608410502e-08,-0.5398204929279535,0.11291303555518863,0.39684386194543647,0.7000000180683811,0.8504870038365889,67.1129130355552,,,CONVERGENCE: RELATIVE REDUCTION OF F <= FACTR*EPSMCH
RAR_sharp_coherence_gated_RG,thick_disk,NGC5005,57,36.85540232553765,True,True,500,False,0.057217533823294184,-0.25724258026563895,-0.3309203734015007,0.06879969163829158,0.5294430644458057,0.5412264428559627,0.9710555232853739,68.13759938327658,,,CONVERGENCE: RELATIVE REDUCTION OF F <= FACTR*EPSMCH
RAR_sharp_coherence_gated_RG,thick_disk,NGC5033,58,35.06055213844221,True,True,665,False,0.08804777350114637,-0.6061209887909672,0.42349605501268844,0.13214376422549706,0.5460201456850715,0.38182383841219714,1.1351662021139715,66.1321437642255,,,CONVERGENCE: RELATIVE REDUCTION OF F <= FACTR*EPSMCH
RAR_sharp_coherence_gated_RG,thick_disk,NGC5055,59,31.517806611930947,True,True,620,False,-0.08080399206157961,-5.134505638892174e-07,-0.44981767174188125,-1.1115226279710175,0.4611872332224906,0.6999996405846975,0.9864616406753859,48.330864232173894,,,CONVERGENCE: RELATIVE REDUCTION OF F <= FACTR*EPSMCH
RAR_sharp_coherence_gated_RG,thick_disk,NGC5371,60,128.268118297579,True,True,625,True,1.4656574351017022,-6.440362009008367e-09,-5.0,-1.2080366610989415,2.1651946272817053,0.6999999954917465,0.2866852723168134,50.58392667780212,,,CONVERGENCE: RELATIVE REDUCTION OF F <= FACTR*EPSMCH
RAR_sharp_coherence_gated_RG,thick_disk,NGC5585,61,41.723141787081985,True,True,505,False,-0.6256916425056933,6.480264279537615e-09,-0.07839932105651724,0.8013180654213896,0.26744567348009485,0.7000000045361849,0.9767329454009956,52.60263613084278,,,CONVERGENCE: RELATIVE REDUCTION OF F <= FACTR*EPSMCH
RAR_sharp_coherence_gated_RG,thick_disk,NGC5907,62,105.49127088233476,True,True,630,True,0.4030354392754445,4.040975079216837e-08,-5.0,-0.35352382172871694,0.7481799603176572,0.7000000282868261,0.7709624520442524,87.29295235654257,,,CONVERGENCE: RELATIVE REDUCTION OF F <= FACTR*EPSMCH
RAR_sharp_coherence_gated_RG,thick_disk,NGC5985,63,158.84555488084843,True,True,730,False,0.4839996312609743,1.394135184318911,0.1376574951234991,1.2115404475116736,0.8112755236771293,2.8220406002637035,1.0349236829317192,62.42308089502335,,,CONVERGENCE: RELATIVE REDUCTION OF F <= FACTR*EPSMCH
RAR_sharp_coherence_gated_RG,thick_disk,NGC6015,64,147.72403052831754,True,True,735,False,0.9367357655862218,1.6411767124264782e-07,-1.7399183856136662,1.6821652677859733,1.2758193313239283,0.7000001148823793,0.5933472226460408,63.364330535571945,,,CONVERGENCE: RELATIVE REDUCTION OF F <= FACTR*EPSMCH
RAR_sharp_coherence_gated_RG,thick_disk,NGC6195,65,90.87867328426648,True,True,765,True,0.2474946331205998,0.5212725109052645,-5.0,-1.6494485334626678,0.6404062441995583,1.1789185874509078,0.6060562517120246,53.75275733268666,,,CONVERGENCE: RELATIVE REDUCTION OF F <= FACTR*EPSMCH
RAR_sharp_coherence_gated_RG,thick_disk,NGC6503,66,36.217919303774146,True,True,645,False,-0.14990329529233656,0.0,1.0110749521142113,0.585336142536038,0.43039560748150796,0.7,1.0513438541008215,75.17067228507207,,,CONVERGENCE: RELATIVE REDUCTION OF F <= FACTR*EPSMCH
RAR_sharp_coherence_gated_RG,thick_disk,NGC6674,67,53.46720534947032,True,True,715,False,1.2609400066443266,0.36427093347346473,-2.2000645642683927,-0.9983099011164435,1.7643684825144703,1.0076249122490706,0.6451360124425134,48.01014059330134,,,CONVERGENCE: RELATIVE REDUCTION OF F <= FACTR*EPSMCH
RAR_sharp_coherence_gated_RG,thick_disk,NGC6946,68,76.28677204913784,True,True,660,False,0.11972016646579793,-0.0770172807340009,-1.1054422531924004,1.36763719857227,0.5635906921459091,0.6481116975819267,0.7171762009609126,40.735274397144536,,,CONVERGENCE: RELATIVE REDUCTION OF F <= FACTR*EPSMCH
RAR_sharp_coherence_gated_RG,thick_disk,NGC7331,69,48.474521037716976,True,True,645,False,-0.2965958356247784,-0.19533473391057976,-0.2564212920040484,0.15828903944059117,0.37167219248841227,0.5757914914402106,0.9741739109324642,75.31657807888118,,,CONVERGENCE: RELATIVE REDUCTION OF F <= FACTR*EPSMCH
RAR_sharp_coherence_gated_RG,thick_disk,NGC7793,70,65.86735882277797,True,True,450,False,-0.377895385001036,-4.2189027271547977e-08,-0.5498351699132212,0.8471728894899102,0.3426510949019009,0.6999999704676815,0.9729567927110873,54.62455600540919,,,CONVERGENCE: RELATIVE REDUCTION OF F <= FACTR*EPSMCH
RAR_sharp_coherence_gated_RG,thick_disk,NGC7814,71,31.28378142064126,True,True,655,False,0.6838115301002375,-0.3468093665615515,-0.23854879211482688,1.7775622691512004e-07,0.9907077914338287,0.4948580572821546,0.989126067016713,89.5,,,CONVERGENCE: RELATIVE REDUCTION OF F <= FACTR*EPSMCH
RAR_sharp_coherence_gated_RG,thick_disk,UGC00128,72,52.584965220195,True,True,765,False,1.4253313703435104,-5.067688187537667e-08,-2.455044072948689,-0.5850145949889142,2.079617930921174,0.6999999645261835,0.6912814855875858,51.14985405011086,,,CONVERGENCE: RELATIVE REDUCTION OF F <= FACTR*EPSMCH
RAR_sharp_coherence_gated_RG,thick_disk,UGC00191,73,11.167451561073642,True,True,360,False,-0.011010472879977183,3.737880893482935e-09,0.23270221186111095,0.6083881836946645,0.4945249602600097,0.7000000026165166,1.071867456911678,48.04194091847332,,,CONVERGENCE: RELATIVE REDUCTION OF F <= FACTR*EPSMCH
RAR_sharp_coherence_gated_RG,thick_disk,UGC00731,74,29.614799846151808,True,True,335,False,0.8451501246263579,3.555498813790333e-09,0.12968304355684002,0.540385259609117,1.1641636638022084,0.7000000024888491,1.0396716197643041,58.62115577882735,,,CONVERGENCE: RELATIVE REDUCTION OF F <= FACTR*EPSMCH
RAR_sharp_coherence_gated_RG,thick_disk,UGC01281,75,29.67476632296972,True,True,340,False,-0.22824109370972107,-2.239379206563678e-08,-0.2343403994877238,-1.4897736277747972e-07,0.39796617121011074,0.6999999843243457,0.9893846957180435,89.5,,,CONVERGENCE: RELATIVE REDUCTION OF F <= FACTR*EPSMCH
RAR_sharp_coherence_gated_RG,thick_disk,UGC02259,76,17.114730384644787,True,True,435,False,0.41886240536365693,-2.41702679647151e-08,0.39023870896380775,0.7642271244298882,0.7601155823722708,0.6999999830808126,1.1221127958662098,43.29268137328967,,,CONVERGENCE: RELATIVE REDUCTION OF F <= FACTR*EPSMCH
RAR_sharp_coherence_gated_RG,thick_disk,UGC02487,77,40.04965763303446,True,True,760,False,0.404309430309433,0.17374422705407047,-0.5445570291670904,1.1253550097713723,0.7491337423047585,0.8328258545080269,0.9213093822521745,41.626775048856864,,,CONVERGENCE: RELATIVE REDUCTION OF F <= FACTR*EPSMCH
RAR_sharp_coherence_gated_RG,thick_disk,UGC02885,78,42.60460123244928,True,True,505,False,0.07290725098473168,0.1971060550321733,-0.5299377155512845,0.2940043512831525,0.5378153842967445,0.8525112368065704,0.9483859194333187,65.17601740513261,,,CONVERGENCE: RELATIVE REDUCTION OF F <= FACTR*EPSMCH
RAR_sharp_coherence_gated_RG,thick_disk,UGC02916,79,184.24285681346643,True,True,1000,True,0.8468262107467032,-0.08337219122382071,-5.0,3.814081742420651,1.1661165384968244,0.6440060650371676,0.47272782733353785,69.07040871210326,,,CONVERGENCE: RELATIVE REDUCTION OF F <= FACTR*EPSMCH
RAR_sharp_coherence_gated_RG,thick_disk,UGC02953,80,284.9038748859057,True,True,835,False,0.3786439374493467,-0.01252450657782931,-1.2683488979722113,3.938391293287577,0.7301514919791244,0.6912875190467432,0.6835163723630782,65.7535651731503,,,CONVERGENCE: RELATIVE REDUCTION OF F <= FACTR*EPSMCH
RAR_sharp_coherence_gated_RG,thick_disk,UGC03205,81,132.34418855947098,True,True,595,False,-0.09799690804279419,0.3471269451580935,0.23821644799379,0.9293789721907306,0.45332585353893295,0.9904974386326068,1.0487964719805514,70.71751588876292,,,CONVERGENCE: RELATIVE REDUCTION OF F <= FACTR*EPSMCH
RAR_sharp_coherence_gated_RG,thick_disk,UGC03546,82,58.741826887097425,True,True,635,False,0.07347223944012023,-0.4530827150954609,-0.5048738537995103,0.8466074709756656,0.5381193296347208,0.4449658866204784,0.8810347156160209,59.23303735487833,,,CONVERGENCE: RELATIVE REDUCTION OF F <= FACTR*EPSMCH
RAR_sharp_coherence_gated_RG,thick_disk,UGC03580,83,91.76022712127842,True,True,565,False,0.07087402041800774,-1.3146763484043438,-1.4405405819672996,0.9089032647202054,0.536722992536628,0.18799286061167722,0.696369458156834,66.63561305888082,,,CONVERGENCE: RELATIVE REDUCTION OF F <= FACTR*EPSMCH
RAR_sharp_coherence_gated_RG,thick_disk,UGC04278,84,40.980607015782056,True,True,355,False,0.120369722885969,-2.335107584946973e-08,0.022547758732257544,0.0,0.5639568950201793,0.699999983654247,1.0067800962470381,89.5,,,CONVERGENCE: RELATIVE REDUCTION OF F <= FACTR*EPSMCH
RAR_sharp_coherence_gated_RG,thick_disk,UGC04325,85,16.381564214175558,True,True,430,False,0.3129316750760225,-1.5358187994590382e-08,0.9958659725892578,0.8505476603168073,0.6837140492074423,0.6999999892492684,1.348185739273639,43.55164298095042,,,CONVERGENCE: RELATIVE REDUCTION OF F <= FACTR*EPSMCH
RAR_sharp_coherence_gated_RG,thick_disk,UGC04483,86,8.773051271908415,True,True,310,False,-0.19220124224971896,7.084456616320137e-09,-1.3631144865208193,-0.8993792745467739,0.41257039929572964,0.7000000049591195,0.8811595098215945,55.30186217635968,,,CONVERGENCE: RELATIVE REDUCTION OF F <= FACTR*EPSMCH
RAR_sharp_coherence_gated_RG,thick_disk,UGC04499,87,10.1251528877932,True,True,370,False,-0.09475551524548792,-1.7573674831562076e-09,-0.5605055641960938,0.05992944947940791,0.45479764473348544,0.6999999987698428,0.8452256302176886,50.17978834843822,,,CONVERGENCE: RELATIVE REDUCTION OF F <= FACTR*EPSMCH
RAR_sharp_coherence_gated_RG,thick_disk,UGC05005,88,19.500845869508005,True,True,320,False,-0.12633661523858555,-1.9233899457118274e-08,-0.8469616546759746,-0.38506950782555177,0.4406590658668154,0.6999999865362705,0.844710387532013,37.14930492174448,,,CONVERGENCE: NORM OF PROJECTED GRADIENT <= PGTOL
RAR_sharp_coherence_gated_RG,thick_disk,UGC05253,89,110.09554031377843,True,True,985,False,-0.17590257130980713,0.5359069452176161,-3.4779412581384515,2.2568591949006978,0.4193498463845598,1.1962982547002563,0.4194856593694862,46.027436779602795,,,CONVERGENCE: RELATIVE REDUCTION OF F <= FACTR*EPSMCH
RAR_sharp_coherence_gated_RG,thick_disk,UGC05716,90,9.4588753000582,True,True,425,False,0.35797082225627935,7.497041252724708e-09,-0.31141817591457355,0.1598954027381294,0.7152119416647617,0.7000000052479288,0.9254371766758256,55.598954027381296,,,CONVERGENCE: RELATIVE REDUCTION OF F <= FACTR*EPSMCH
RAR_sharp_coherence_gated_RG,thick_disk,UGC05721,91,36.29088005232449,True,True,365,False,-0.24638905882709158,-4.5731328817768356e-09,1.9157558224036308,1.0840949301438256,0.3908090351763091,0.699999996798807,1.774443362786562,66.42047465071913,,,CONVERGENCE: RELATIVE REDUCTION OF F <= FACTR*EPSMCH
RAR_sharp_coherence_gated_RG,thick_disk,UGC05750,92,16.223950999658246,True,True,300,False,-0.14108142913845978,-6.887633056676085e-09,-1.022431359053175,-0.36343674912967133,0.43420929712026235,0.6999999951786569,0.8156339989129401,60.365632508703285,,,CONVERGENCE: RELATIVE REDUCTION OF F <= FACTR*EPSMCH
RAR_sharp_coherence_gated_RG,thick_disk,UGC05764,93,13.630142525478623,True,True,355,False,0.36315544024909724,-4.185245521525647e-09,0.7790947533256724,1.039761867713584,0.7189296715430117,0.6999999970703281,1.2631696147867597,70.39761867713584,,,CONVERGENCE: RELATIVE REDUCTION OF F <= FACTR*EPSMCH
RAR_sharp_coherence_gated_RG,thick_disk,UGC05829,94,13.020648344892434,True,True,320,False,0.06372473434066339,1.4482499028437709e-08,-0.8130095077471775,0.20696082072177402,0.5328994902601409,0.7000000101377493,0.7837112299093543,36.06960820721774,,,CONVERGENCE: RELATIVE REDUCTION OF F <= FACTR*EPSMCH
RAR_sharp_coherence_gated_RG,thick_disk,UGC05918,95,8.283687715637711,True,True,315,False,0.040076672274250116,3.584843824079044e-11,-0.15716011213025946,0.26302004112034666,0.5204452892904312,0.7000000000250939,0.9539070276171034,47.31510020560173,,,CONVERGENCE: NORM OF PROJECTED GRADIENT <= PGTOL
RAR_sharp_coherence_gated_RG,thick_disk,UGC05986,96,26.234566299207497,True,True,505,False,-0.3875127983591177,4.0772726623264264e-10,1.6404553931399286,2.3525765066991908e-08,0.33937147369991816,0.700000000285409,1.6361185607863578,89.5,,,CONVERGENCE: RELATIVE REDUCTION OF F <= FACTR*EPSMCH
RAR_sharp_coherence_gated_RG,thick_disk,UGC06399,97,11.172660837077064,True,True,390,False,0.0679874189010705,3.5537360850480985e-08,0.4998844435360553,0.11513855563225865,0.5351759210958241,0.700000024876153,1.0718953053243416,75.23027711126451,,,CONVERGENCE: RELATIVE REDUCTION OF F <= FACTR*EPSMCH
RAR_sharp_coherence_gated_RG,thick_disk,UGC06446,98,21.676080510678396,True,True,430,False,0.41125352087001743,-8.50148470152247e-09,0.3945413469629524,0.5136124280373251,0.7543538984954946,0.6999999940489606,1.125651978336161,52.54083728411197,,,CONVERGENCE: RELATIVE REDUCTION OF F <= FACTR*EPSMCH
RAR_sharp_coherence_gated_RG,thick_disk,UGC06614,99,28.2323960916053,True,True,560,False,0.1389049997124297,-0.3277205184402152,-0.7841856285429434,-0.7933796532630554,0.5745074690344703,0.5043950632154265,0.9245773518062491,28.066203467369448,,,CONVERGENCE: RELATIVE REDUCTION OF F <= FACTR*EPSMCH
RAR_sharp_coherence_gated_RG,thick_disk,UGC06667,100,20.629087006589906,True,True,320,False,0.6657768811250928,-1.3167711072271326e-09,3.138512635145669,0.015595726760553161,0.9730008731329167,0.6999999990782602,1.5463611607143228,89.01559572676055,,,CONVERGENCE: RELATIVE REDUCTION OF F <= FACTR*EPSMCH
RAR_sharp_coherence_gated_RG,thick_disk,UGC06786,101,78.69819432721589,True,True,795,False,0.03585031901352252,-0.3790993539981265,1.1043413485579288,1.0692054082654843,0.5182503452167144,0.47913432259090794,1.317711978494776,67.20761622479645,,,CONVERGENCE: RELATIVE REDUCTION OF F <= FACTR*EPSMCH
RAR_sharp_coherence_gated_RG,thick_disk,UGC06787,102,229.5392696027787,True,True,730,False,0.8701405448659936,-0.4682343699257881,-0.16863690448204524,2.5628809649944153,1.1936231725827928,0.43827473610491907,0.9587550682611649,73.68864289498325,,,CONVERGENCE: RELATIVE REDUCTION OF F <= FACTR*EPSMCH
RAR_sharp_coherence_gated_RG,thick_disk,UGC06818,103,17.75258823617682,True,True,295,False,-0.4647609599504636,0.0,-1.7044766970103342,-0.2732074952428721,0.3141426362917982,0.7,0.7892020757951682,74.18037751427138,,,CONVERGENCE: RELATIVE REDUCTION OF F <= FACTR*EPSMCH
RAR_sharp_coherence_gated_RG,thick_disk,UGC06917,104,13.601826441175142,True,True,420,False,0.019510040324435905,-1.401953096725263e-09,0.46072279121292126,0.3120063799784291,0.5098508024721015,0.6999999990186327,1.0660809666421036,56.624012759956855,,,CONVERGENCE: RELATIVE REDUCTION OF F <= FACTR*EPSMCH
RAR_sharp_coherence_gated_RG,thick_disk,UGC06930,105,16.671888050933205,True,True,375,False,0.0988277070512966,-1.1316385943726714e-08,-0.5555554223974821,-0.1532688030249973,0.5519380465533263,0.6999999920785298,0.9257412830452056,31.233655984875014,,,CONVERGENCE: RELATIVE REDUCTION OF F <= FACTR*EPSMCH
RAR_sharp_coherence_gated_RG,thick_disk,UGC06983,106,23.053014694667226,True,True,480,False,0.2698312931028748,-1.108051263901048e-08,0.5105625402464169,0.2638289860380422,0.6548717346682434,0.6999999922436412,1.0734861794059825,49.26382898603804,,,CONVERGENCE: RELATIVE REDUCTION OF F <= FACTR*EPSMCH
RAR_sharp_coherence_gated_RG,thick_disk,UGC07089,107,17.175533741450863,True,True,360,False,-0.39522768047636386,3.5719640600050392e-09,-1.8712690363268458,-0.19391844988438506,0.33676333645826845,0.7000000025003748,0.7711298690410617,79.41824465034685,,,CONVERGENCE: RELATIVE REDUCTION OF F <= FACTR*EPSMCH
RAR_sharp_coherence_gated_RG,thick_disk,UGC07125,108,16.91205326423422,True,True,355,False,0.10703538787569233,-2.5226657120845017e-08,-2.5210758836266622,0.0,0.5564868197776249,0.6999999823413402,0.47178604885085884,89.5,,,CONVERGENCE: RELATIVE REDUCTION OF F <= FACTR*EPSMCH
RAR_sharp_coherence_gated_RG,thick_disk,UGC07151,109,13.09767096878307,True,True,425,False,-0.014377812451608725,-1.2690716365124715e-08,-0.26758798533357325,1.9243720603503087e-08,0.49286252735108327,0.6999999911164985,0.9868442301734017,89.5,,,CONVERGENCE: RELATIVE REDUCTION OF F <= FACTR*EPSMCH
RAR_sharp_coherence_gated_RG,thick_disk,UGC07323,110,12.28487410641818,True,True,360,False,-0.15252977697032988,6.722673374258869e-09,-0.7250498297003071,0.06499003245252817,0.42926666452715373,0.7000000047058713,0.8045155781988886,47.19497009735758,,,CONVERGENCE: RELATIVE REDUCTION OF F <= FACTR*EPSMCH
RAR_sharp_coherence_gated_RG,thick_disk,UGC07399,111,14.85570500754106,True,True,485,False,0.06737804922862882,-1.1399805061258313e-08,2.2201954126504777,0.740643528969066,0.5348499004637186,0.6999999920201364,1.947062822489953,57.2219305869072,,,CONVERGENCE: RELATIVE REDUCTION OF F <= FACTR*EPSMCH
RAR_sharp_coherence_gated_RG,thick_disk,UGC07524,112,32.860071045805824,True,True,450,False,-0.11564016042063083,-6.668886361202741e-09,-0.2574246127225576,0.36836251370641276,0.44539785459277903,0.6999999953317795,0.9870504191649416,47.10508754111924,,,CONVERGENCE: RELATIVE REDUCTION OF F <= FACTR*EPSMCH
RAR_sharp_coherence_gated_RG,thick_disk,UGC07577,113,27.848222606113794,True,True,300,False,-0.5982143504968691,-5.2485197820080395e-08,-1.4592346739686992,-1.4655016092454831,0.2748962483977079,0.6999999632603625,0.929374556254926,58.60349517226355,,,CONVERGENCE: RELATIVE REDUCTION OF F <= FACTR*EPSMCH
RAR_sharp_coherence_gated_RG,thick_disk,UGC07603,114,15.41770816754854,True,True,360,False,-0.19531971044705393,2.5547778557568907e-09,0.8142506621700019,0.1487612038596704,0.4112858156340431,0.7000000017883445,1.276695627063372,78.446283611579,,,CONVERGENCE: RELATIVE REDUCTION OF F <= FACTR*EPSMCH
RAR_sharp_coherence_gated_RG,thick_disk,UGC08286,115,26.751998219571473,True,True,495,False,0.7316065700529021,1.1871915867158508e-08,0.36658054348356994,-3.49533515638643e-08,1.0392085247159217,0.700000008310341,1.0119137818189783,89.5,,,CONVERGENCE: RELATIVE REDUCTION OF F <= FACTR*EPSMCH
RAR_sharp_coherence_gated_RG,thick_disk,UGC08490,116,32.771947542548325,True,True,380,False,0.3584115898125424,0.0,0.5745472820123046,1.050228885385888,0.7155272533689793,0.7,1.067677826334619,53.15068665615767,,,CONVERGENCE: RELATIVE REDUCTION OF F <= FACTR*EPSMCH
RAR_sharp_coherence_gated_RG,thick_disk,UGC08550,117,8.57570538778164,True,True,365,False,0.04355443987803033,4.497668244395685e-09,0.39162412369284116,-2.387481559774102e-08,0.5222584280672427,0.7000000031483677,1.1240100845944843,89.5,,,CONVERGENCE: RELATIVE REDUCTION OF F <= FACTR*EPSMCH
RAR_sharp_coherence_gated_RG,thick_disk,UGC08699,118,61.07675285264486,True,True,630,False,0.14793938956243524,-0.20107630336499344,0.1640746031253389,0.7265378236349678,0.5797213099543641,0.5724950171248193,1.0418497886251403,79.5388404127147,,,CONVERGENCE: RELATIVE REDUCTION OF F <= FACTR*EPSMCH
RAR_sharp_coherence_gated_RG,thick_disk,UGC08837,119,25.661460421712967,True,True,350,False,-0.8981483690009183,6.893564167229843e-09,-2.040002069325518,-2.862083414018106,0.2036615870629351,0.7000000048254948,0.9031572191426179,65.68958292990948,,,CONVERGENCE: RELATIVE REDUCTION OF F <= FACTR*EPSMCH
RAR_sharp_coherence_gated_RG,thick_disk,UGC09037,120,45.771516834716365,True,True,515,False,-0.9300288106722254,-4.087582461275442e-08,-0.6234735690780049,0.16656590877939154,0.19727117158886265,0.6999999713869234,0.9392762288358503,65.83282954389696,,,CONVERGENCE: RELATIVE REDUCTION OF F <= FACTR*EPSMCH
RAR_sharp_coherence_gated_RG,thick_disk,UGC09133,121,146.11832951922273,True,True,1015,False,0.8628820270196498,0.2666915449805356,-3.4944401847785693,1.8056333593909033,1.1849906052062844,0.9139463576069781,0.4977466507141468,63.83380015634542,,,CONVERGENCE: RELATIVE REDUCTION OF F <= FACTR*EPSMCH
RAR_sharp_coherence_gated_RG,thick_disk,UGC11455,122,112.17193924748275,True,True,585,False,-0.21675571789855919,-2.8727905866299956e-08,0.44556830261693714,0.0,0.4025633116539823,0.6999999798904661,1.0691799293681963,89.5,,,CONVERGENCE: RELATIVE REDUCTION OF F <= FACTR*EPSMCH
RAR_sharp_coherence_gated_RG,thick_disk,UGC11557,123,24.39229419489025,True,True,340,False,-0.20442632592193535,-6.437979943502924e-09,-1.2079800131518035,-0.6673439777048582,0.40755739626812576,0.699999995493414,0.7393417591581787,23.326560222951418,,,CONVERGENCE: RELATIVE REDUCTION OF F <= FACTR*EPSMCH
RAR_sharp_coherence_gated_RG,thick_disk,UGC11820,124,13.741840777224752,True,True,445,False,0.24531737841404044,-2.3576926598846678e-08,-0.9009963621330606,0.14384419824197353,0.6390134334923097,0.6999999834961516,0.7631513477096573,46.43844198241973,,,CONVERGENCE: RELATIVE REDUCTION OF F <= FACTR*EPSMCH
RAR_sharp_coherence_gated_RG,thick_disk,UGC11914,125,92.65179937878449,True,True,850,False,-0.21274105906796736,0.06673322112381036,-1.1408956161607489,2.686438585763119,0.40418271450791227,0.7483071755436425,0.7087205737373568,44.432192928815596,,,CONVERGENCE: RELATIVE REDUCTION OF F <= FACTR*EPSMCH
RAR_sharp_coherence_gated_RG,thick_disk,UGC12506,126,77.01959833700161,True,True,520,False,0.600400791320306,1.801592660225429e-09,0.25149944726772033,0.11342092882704621,0.9114246180783259,0.7000000012611148,1.0255714244362888,86.45368371530819,,,CONVERGENCE: RELATIVE REDUCTION OF F <= FACTR*EPSMCH
RAR_sharp_coherence_gated_RG,thick_disk,UGC12632,127,17.470288978532164,True,True,410,False,0.16119534571149674,1.2345987644323475e-08,-0.1974045836226407,0.3858114614446912,0.5874572304496534,0.7000000086421913,0.9425171439958837,47.157434384334074,,,CONVERGENCE: RELATIVE REDUCTION OF F <= FACTR*EPSMCH
RAR_sharp_coherence_gated_RG,thick_disk,UGC12732,128,17.794475885139665,True,True,395,False,0.2746384595816602,-2.634173442105603e-08,-0.5119568934632631,0.6316453489149477,0.6580273909245685,0.699999981560786,0.8562966128138877,42.789872093489684,,,CONVERGENCE: RELATIVE REDUCTION OF F <= FACTR*EPSMCH
RAR_sharp_coherence_gated_RG,thick_disk,UGCA442,129,7.104585094267055,True,True,295,False,-0.07819376195886782,-9.136776128442017e-09,-0.39974198181949533,-0.9309353086448361,0.46239261049326985,0.6999999936042567,0.9799861541240876,57.48345283948615,,,CONVERGENCE: RELATIVE REDUCTION OF F <= FACTR*EPSMCH
RAR_sharp_coherence_gated_RG,thick_disk,UGCA444,130,45.3141996856224,True,True,280,False,-0.040834355546943875,0.0,-2.447807455663494,-1.794125099107479,0.47999406674386,0.7,0.8825956281873433,70.82349960357008,,,CONVERGENCE: RELATIVE REDUCTION OF F <= FACTR*EPSMCH
RAR_sharp_coherence_gated_RG,compact_gas,CamB,0,46.33718987231147,True,True,260,True,-0.7349956717414817,1.4879011688816799e-08,-3.439279194126618,-5.0,0.23975376720148647,0.700000010415308,0.7663358954516932,40.0,,,CONVERGENCE: RELATIVE REDUCTION OF F <= FACTR*EPSMCH
RAR_sharp_coherence_gated_RG,compact_gas,D631-7,1,56.32430609481946,True,True,290,False,-0.6754541280491696,-3.8524696879148405e-08,-1.3131310744087275,-3.6327131684092318,0.25446262544491793,0.6999999730327127,0.9698469089392227,48.1018604947723,,,CONVERGENCE: RELATIVE REDUCTION OF F <= FACTR*EPSMCH
RAR_sharp_coherence_gated_RG,compact_gas,DDO064,2,15.779022835016175,True,True,295,False,-0.05425429075028872,-7.376148397372812e-10,-0.2220256826237556,0.30598351171899524,0.4735956069551327,0.6999999994836695,0.9355621459079565,61.529917558594974,,,CONVERGENCE: RELATIVE REDUCTION OF F <= FACTR*EPSMCH
RAR_sharp_coherence_gated_RG,compact_gas,DDO154,3,12.630101386589756,True,True,295,False,-0.45043910403841303,-3.281214927719103e-08,-1.1223297023350207,-1.1509054178812648,0.3186741139938436,0.6999999770314959,0.9459544356612242,60.54728374635621,,,CONVERGENCE: RELATIVE REDUCTION OF F <= FACTR*EPSMCH
RAR_sharp_coherence_gated_RG,compact_gas,DDO161,4,35.4364560055115,True,True,435,False,-0.4175329752562913,0.0,-2.01794914251032,0.23185449150727522,0.32933488584269555,0.7,0.5458643688731016,72.31854491507275,,,CONVERGENCE: RELATIVE REDUCTION OF F <= FACTR*EPSMCH
RAR_sharp_coherence_gated_RG,compact_gas,DDO168,5,29.74900272381692,True,True,285,False,-0.17097976715920082,-8.742529482363584e-09,-1.1948996288159566,-1.4878821824358757,0.42141931315942566,0.6999999938802294,0.9426670826915602,54.07270690538475,,,CONVERGENCE: RELATIVE REDUCTION OF F <= FACTR*EPSMCH
RAR_sharp_coherence_gated_RG,compact_gas,DDO170,6,7.533458466608687,True,True,410,False,0.00720459132168746,-2.7873029721434796e-09,-1.248451669583635,-0.22087701938188767,0.5036153034146245,0.6999999980488879,0.6876085982155856,64.45386086432678,,,CONVERGENCE: RELATIVE REDUCTION OF F <= FACTR*EPSMCH
RAR_sharp_coherence_gated_RG,compact_gas,ESO079-G014,7,38.71728207059306,True,True,435,False,-0.026084458953812846,-1.931109765314429e-09,0.456579183422632,0.2627514809084719,0.48712640088071973,0.6999999986482232,1.120825259085388,80.31375740454236,,,CONVERGENCE: RELATIVE REDUCTION OF F <= FACTR*EPSMCH
RAR_sharp_coherence_gated_RG,compact_gas,ESO116-G012,8,22.213983644309724,True,True,510,False,-0.4392677329980827,1.1189104484560601e-08,1.1814233468079995,0.27274688279490994,0.3222541002077354,0.7000000078323732,1.4253636926119886,74.81824064838473,,,CONVERGENCE: RELATIVE REDUCTION OF F <= FACTR*EPSMCH
RAR_sharp_coherence_gated_RG,compact_gas,ESO563-G021,9,243.173603406095,True,True,660,False,0.4138175586271243,4.850245107662317e-09,0.31122578115484634,0.43463867012809226,0.7562905721646423,0.7000000033951715,1.0476834515989208,84.30391601038427,,,CONVERGENCE: RELATIVE REDUCTION OF F <= FACTR*EPSMCH
RAR_sharp_coherence_gated_RG,compact_gas,F568-3,10,38.027767945432856,True,True,355,False,-0.31766281349038716,-3.015504628971223e-08,-0.7599637238938914,0.8299047721086128,0.36392408381308033,0.6999999788914679,0.9268195686937857,48.299047721086126,,,CONVERGENCE: RELATIVE REDUCTION OF F <= FACTR*EPSMCH
RAR_sharp_coherence_gated_RG,compact_gas,F568-V1,11,25.949209296446043,True,True,385,False,0.20943815924204445,-3.0448245231337726e-09,0.5952150854605786,2.07422550697588,0.6164925620092592,0.6999999978686228,1.061328588368869,60.7422550697588,,,CONVERGENCE: RELATIVE REDUCTION OF F <= FACTR*EPSMCH
RAR_sharp_coherence_gated_RG,compact_gas,F571-8,12,83.48864121368041,True,True,375,False,-0.6954739732292561,-1.1578234531238089e-08,0.3299720200384668,0.2087841428397779,0.24941897805361107,0.6999999918952359,1.0684852996960457,86.04392071419889,,,CONVERGENCE: RELATIVE REDUCTION OF F <= FACTR*EPSMCH
RAR_sharp_coherence_gated_RG,compact_gas,F574-1,13,19.82046932443162,True,True,385,False,0.13886799497974184,-3.077886809727558e-08,0.44130853926535163,0.9019932659827232,0.5744862099324975,0.6999999784547926,1.045119103879617,74.01993265982723,,,CONVERGENCE: RELATIVE REDUCTION OF F <= FACTR*EPSMCH
RAR_sharp_coherence_gated_RG,compact_gas,F583-1,14,41.540810104264565,True,True,345,False,-0.004241501241549305,0.0,1.0194286383375055,0.9420876720071958,0.497883740610323,0.7,1.2902773039628834,67.71043836003598,,,CONVERGENCE: RELATIVE REDUCTION OF F <= FACTR*EPSMCH
RAR_sharp_coherence_gated_RG,compact_gas,F583-4,15,14.084671491723629,True,True,335,False,-0.094259657606158,-4.319600048449348e-09,-0.6441695608168609,0.060784546410379725,0.45502321554085795,0.6999999969762799,0.8786950749029682,55.6078454641038,,,CONVERGENCE: RELATIVE REDUCTION OF F <= FACTR*EPSMCH
RAR_sharp_coherence_gated_RG,compact_gas,IC2574,16,42.18641969407051,True,True,370,False,-0.8154335755596022,-1.4242956243377958e-08,-1.3143220005419434,-2.482454345149587,0.22122372568333262,0.6999999900299306,0.9349813028635324,57.62281958395289,,,CONVERGENCE: RELATIVE REDUCTION OF F <= FACTR*EPSMCH
RAR_sharp_coherence_gated_RG,compact_gas,IC4202,17,381.124631112289,True,True,615,False,0.4410251144217234,-0.5591019662144288,-0.16396349519181544,0.0,0.7771498685956096,0.40020558149999463,0.9838016028115969,89.5,,,CONVERGENCE: RELATIVE REDUCTION OF F <= FACTR*EPSMCH
RAR_sharp_coherence_gated_RG,compact_gas,KK98-251,18,15.173687304054626,True,True,290,False,-0.08992211520269129,2.126624841118737e-08,-2.4899172604531112,-0.6013261540356536,0.4570011846941957,0.700000014886374,0.4737975405681588,55.99336922982173,,,CONVERGENCE: RELATIVE REDUCTION OF F <= FACTR*EPSMCH
RAR_sharp_coherence_gated_RG,compact_gas,NGC0024,19,50.88718055228244,True,True,455,False,0.725079990098082,1.4134764905275308e-08,0.8618381780170783,1.1757233215571858,1.032448132307683,0.7000000098943354,1.0434177350007894,67.52716996467156,,,CONVERGENCE: RELATIVE REDUCTION OF F <= FACTR*EPSMCH
RAR_sharp_coherence_gated_RG,compact_gas,NGC0055,20,38.87647410201653,True,True,345,False,-0.8330075085377737,-9.794841587770909e-09,-3.3089435249855113,-1.9820475332232534,0.21736991722544238,0.6999999931436108,0.8415547838889718,71.05385740033024,,,CONVERGENCE: RELATIVE REDUCTION OF F <= FACTR*EPSMCH
RAR_sharp_coherence_gated_RG,compact_gas,NGC0100,21,29.53845921797448,True,True,410,False,-0.23608994019223276,-8.234187417031652e-09,-0.09317855948643494,0.004091795048045836,0.39485482205071687,0.6999999942360687,0.9724335179359337,89.00409179504804,,,CONVERGENCE: RELATIVE REDUCTION OF F <= FACTR*EPSMCH
RAR_sharp_coherence_gated_RG,compact_gas,NGC0247,22,40.73680217363549,True,True,505,False,0.14741032652374964,-1.2700115196152227e-07,-1.1870787535625904,-0.291905153683959,0.5794146819564513,0.6999999110991992,0.9408626628306562,73.12428453894812,,,CONVERGENCE: RELATIVE REDUCTION OF F <= FACTR*EPSMCH
RAR_sharp_coherence_gated_RG,compact_gas,NGC0289,23,58.00558739278213,True,True,510,False,0.39673323892766676,1.4481423541794071e-08,-1.6516422253282537,0.6062248877890337,0.7434796071524883,0.7000000101369965,0.661721466976144,49.03112443894517,,,CONVERGENCE: RELATIVE REDUCTION OF F <= FACTR*EPSMCH
RAR_sharp_coherence_gated_RG,compact_gas,NGC0300,24,34.41651517545165,True,True,400,False,-0.08350172786154228,-1.071288932516321e-08,-0.33645876647917866,0.349263549547975,0.45994474861408896,0.6999999925009774,0.9839542250849226,45.49263549547975,,,CONVERGENCE: RELATIVE REDUCTION OF F <= FACTR*EPSMCH
RAR_sharp_coherence_gated_RG,compact_gas,NGC0801,25,87.49527297550813,True,True,505,True,0.485688142224988,-1.9075072332982122e-07,-5.0,-0.387571054916455,0.8126465284462505,0.6999998664745064,0.6065306597126334,79.61242894508355,,,CONVERGENCE: RELATIVE REDUCTION OF F <= FACTR*EPSMCH
RAR_sharp_coherence_gated_RG,compact_gas,NGC0891,26,63.9678073939953,True,True,620,False,-0.42093550909867095,-0.4037053487682341,2.2640121970503384,-4.614266070645635e-07,0.3282162169817261,0.46748861069169173,1.121008434181557,89.5,,,CONVERGENCE: RELATIVE REDUCTION OF F <= FACTR*EPSMCH
RAR_sharp_coherence_gated_RG,compact_gas,NGC1003,27,52.05193096825946,True,True,545,False,-0.2173381045671403,-6.89566504793099e-09,-0.4881975286400256,0.8385853362931345,0.402328932404315,0.6999999951730345,0.8637609224540594,71.19292668146568,,,CONVERGENCE: RELATIVE REDUCTION OF F <= FACTR*EPSMCH
RAR_sharp_coherence_gated_RG,compact_gas,NGC1090,28,50.75595078853439,True,True,565,False,0.24694178364666317,-4.742883071692809e-08,-1.3470341452307197,0.21233400406685204,0.6400522937940097,0.6999999667998192,0.7140812437809838,64.63700201220055,,,CONVERGENCE: RELATIVE REDUCTION OF F <= FACTR*EPSMCH
RAR_sharp_coherence_gated_RG,compact_gas,NGC2403,29,114.29326691724636,True,True,605,False,-0.3049224551565596,0.0,2.1025576378248765,3.0092533810134814,0.3685902683622923,0.7,1.1123318911632725,72.02776014304044,,,CONVERGENCE: RELATIVE REDUCTION OF F <= FACTR*EPSMCH
RAR_sharp_coherence_gated_RG,compact_gas,NGC2683,30,17.50510991073743,True,True,520,False,0.06329394820856844,0.026769400729340875,-0.10821630448470809,0.036525155361161354,0.5326699739896991,0.7189916438677288,0.9946092827337498,80.1826257768058,,,CONVERGENCE: RELATIVE REDUCTION OF F <= FACTR*EPSMCH
RAR_sharp_coherence_gated_RG,compact_gas,NGC2841,31,80.75313241466273,True,True,620,False,0.44196654609161645,0.18762421112950178,1.159711302084092,0.8883712576579553,0.777881846593731,0.8444660601637329,1.1220402051474403,84.88371257657955,,,CONVERGENCE: RELATIVE REDUCTION OF F <= FACTR*EPSMCH
RAR_sharp_coherence_gated_RG,compact_gas,NGC2903,32,136.19952690085202,True,True,755,False,-0.7878419971113203,2.3010745965842233e-07,1.5008923711026139,0.8573450208516439,0.227412625597218,0.7000001610752403,1.5687320966374094,68.57203506255493,,,CONVERGENCE: RELATIVE REDUCTION OF F <= FACTR*EPSMCH
RAR_sharp_coherence_gated_RG,compact_gas,NGC2915,33,79.45181493705648,True,True,310,False,0.3935678133540295,5.1689955814530206e-08,1.9721377009224823,2.9361380914816513,0.741129898666187,0.70000003618297,1.1020252688288092,67.74455236592661,,,CONVERGENCE: RELATIVE REDUCTION OF F <= FACTR*EPSMCH
RAR_sharp_coherence_gated_RG,compact_gas,NGC2955,34,76.48357315767183,True,True,705,False,-0.26993364504716794,0.34848774955128553,-2.945406916662859,-0.29370404809211625,0.3817150750139011,0.991846229410612,0.7446495675514037,53.94407166335519,,,CONVERGENCE: RELATIVE REDUCTION OF F <= FACTR*EPSMCH
RAR_sharp_coherence_gated_RG,compact_gas,NGC2976,35,32.519253377630584,True,True,390,False,-0.34626824758693253,-4.25888704575708e-08,-0.41383948747941707,0.05905075869832171,0.35366136202099535,0.6999999701877913,0.979407411850808,61.590507586983215,,,CONVERGENCE: RELATIVE REDUCTION OF F <= FACTR*EPSMCH
RAR_sharp_coherence_gated_RG,compact_gas,NGC2998,36,38.92735637413048,True,True,480,False,0.25173605331248233,7.451201450687748e-11,-1.1760264331137356,-0.14450171465876654,0.6431282446679377,0.7000000000521583,0.8384964526587021,57.71099657068247,,,CONVERGENCE: RELATIVE REDUCTION OF F <= FACTR*EPSMCH
RAR_sharp_coherence_gated_RG,compact_gas,NGC3109,37,31.05440284953166,True,True,315,False,-0.24573022885466037,2.0761921193963407e-08,0.0585218194552862,0.6048295009931905,0.39106659671749533,0.700000014533345,1.0030848441296445,73.02414750496595,,,CONVERGENCE: RELATIVE REDUCTION OF F <= FACTR*EPSMCH
RAR_sharp_coherence_gated_RG,compact_gas,NGC3198,38,57.06446842327086,True,True,635,False,-0.045689900915236184,-2.020460490112236e-08,-0.06853336650872745,0.35063063532071087,0.4776690828764771,0.6999999858567767,0.9930714534552186,74.05189190596214,,,CONVERGENCE: RELATIVE REDUCTION OF F <= FACTR*EPSMCH
RAR_sharp_coherence_gated_RG,compact_gas,NGC3521,39,71.97410402288239,True,True,600,False,0.26537781238503644,-5.5782575799679435e-09,-0.6949017350366558,0.44885957627858614,0.6519617605915381,0.6999999960952196,0.8125579447341827,77.24429788139292,,,CONVERGENCE: RELATIVE REDUCTION OF F <= FACTR*EPSMCH
RAR_sharp_coherence_gated_RG,compact_gas,NGC3726,40,24.44545003025661,True,True,445,False,-0.07864563255152314,-1.645365221717785e-08,-1.8566432798332042,-0.4649115764730077,0.46218371607050457,0.6999999884824435,0.7726978996833599,52.070176847053986,,,CONVERGENCE: RELATIVE REDUCTION OF F <= FACTR*EPSMCH
RAR_sharp_coherence_gated_RG,compact_gas,NGC3741,41,19.4191409950542,True,True,340,False,-0.2677324900450879,-3.829778889125695e-08,0.08491310251783707,0.3306050420206238,0.3825562144601713,0.6999999731915483,1.004507082063575,71.3224201680825,,,CONVERGENCE: RELATIVE REDUCTION OF F <= FACTR*EPSMCH
RAR_sharp_coherence_gated_RG,compact_gas,NGC3769,42,17.876720541488396,True,True,410,False,-0.27332359434317965,-6.92688431974033e-09,-0.43648618184381877,0.016996383052083012,0.3804232710760966,0.6999999951511809,0.9411779209468053,70.03399276610416,,,CONVERGENCE: RELATIVE REDUCTION OF F <= FACTR*EPSMCH
RAR_sharp_coherence_gated_RG,compact_gas,NGC3877,43,47.031122108224885,True,True,485,False,-0.12184656609403964,5.188125940629001e-09,-0.06874919606464797,0.05094268603346905,0.44264209534687954,0.7000000036316881,0.9904969427176205,76.05094268603347,,,CONVERGENCE: RELATIVE REDUCTION OF F <= FACTR*EPSMCH
RAR_sharp_coherence_gated_RG,compact_gas,NGC3893,44,16.458997648013092,True,True,535,False,-0.12264318209873637,1.2332360942623049e-09,0.5883126865655447,0.4496201076081317,0.44228961998177224,0.7000000008632653,1.085141176758774,49.89924021521627,,,CONVERGENCE: RELATIVE REDUCTION OF F <= FACTR*EPSMCH
RAR_sharp_coherence_gated_RG,compact_gas,NGC3917,45,32.29436112842323,True,True,595,False,0.05160015167038658,-3.760919767388195e-08,0.11941443118794942,0.11220275981590895,0.5264773180886043,0.699999973673562,1.0167236379052091,79.22440551963182,,,CONVERGENCE: RELATIVE REDUCTION OF F <= FACTR*EPSMCH
RAR_sharp_coherence_gated_RG,compact_gas,NGC3953,46,13.05751963027238,True,True,505,False,0.09068719969978957,6.684824824816153e-09,-0.06325678521546586,0.04038485710938385,0.5474632291809942,0.7000000046793774,0.9912528165613983,62.04038485710938,,,CONVERGENCE: RELATIVE REDUCTION OF F <= FACTR*EPSMCH
RAR_sharp_coherence_gated_RG,compact_gas,NGC3972,47,16.44964110650385,True,True,425,False,0.04375337332331063,-9.544267474751576e-09,0.1874956755872188,0.04028755420756416,0.5223623330704122,0.6999999933190127,1.0263830971114623,77.04028755420757,,,CONVERGENCE: RELATIVE REDUCTION OF F <= FACTR*EPSMCH
RAR_sharp_coherence_gated_RG,compact_gas,NGC3992,48,21.12318412539454,True,True,460,False,0.33637810997233386,-6.013144960256456e-09,-0.5184700193831266,-0.09314222655190992,0.6999341144466265,0.6999999957907985,0.9509292107152205,55.813715546896184,,,CONVERGENCE: RELATIVE REDUCTION OF F <= FACTR*EPSMCH
RAR_sharp_coherence_gated_RG,compact_gas,NGC4010,49,23.521142700648507,True,True,405,False,-0.25646745083568523,4.635563911706145e-09,-0.29625910621706014,0.0014558780942805054,0.3868900900239054,0.7000000032448948,0.9596879513039905,89.00145587809428,,,CONVERGENCE: RELATIVE REDUCTION OF F <= FACTR*EPSMCH
RAR_sharp_coherence_gated_RG,compact_gas,NGC4013,50,57.66264636262943,True,True,620,False,0.08612997482144127,-0.009541854126256237,-1.496624053561039,0.0009414567791814342,0.5449739924468756,0.6933524674410132,0.8123171373077872,89.00094145677919,,,CONVERGENCE: RELATIVE REDUCTION OF F <= FACTR*EPSMCH
RAR_sharp_coherence_gated_RG,compact_gas,NGC4088,51,20.74381208230057,True,True,430,False,-0.32622061749338277,-2.7018958741188615e-08,-1.6679855067493168,-0.22394829932184726,0.36082298107257077,0.6999999810867291,0.793212079434402,68.5521034013563,,,CONVERGENCE: RELATIVE REDUCTION OF F <= FACTR*EPSMCH
RAR_sharp_coherence_gated_RG,compact_gas,NGC4100,52,37.422191477007715,True,True,550,False,0.162565463830759,-7.688447339906954e-10,-0.019924091208600687,0.1622493968154178,0.5882626678916018,0.6999999994618086,0.9972365903751024,73.32449879363084,,,CONVERGENCE: RELATIVE REDUCTION OF F <= FACTR*EPSMCH
RAR_sharp_coherence_gated_RG,compact_gas,NGC4157,53,26.571605105148024,True,True,470,False,-0.10044930340736422,-0.07313321110034067,-1.3022473836332527,-0.06150437562325386,0.45221548140931006,0.6506339035867693,0.8345457683301699,81.81548687313024,,,CONVERGENCE: RELATIVE REDUCTION OF F <= FACTR*EPSMCH
RAR_sharp_coherence_gated_RG,compact_gas,NGC4183,54,41.13378634952468,True,True,445,False,0.3240441752610654,-1.607737458013289e-08,-1.613517414444261,-0.03180823140443415,0.6913541936371694,0.6999999887458379,0.7992354938617522,81.93638353719113,,,CONVERGENCE: RELATIVE REDUCTION OF F <= FACTR*EPSMCH
RAR_sharp_coherence_gated_RG,compact_gas,NGC4217,55,59.106970996430036,True,True,730,False,-0.0900816545722695,-0.9131651408509552,-1.2991026489002468,-0.026549442811475,0.4569282808289661,0.28087653461726614,0.8349103514247229,85.94690111437706,,,CONVERGENCE: RELATIVE REDUCTION OF F <= FACTR*EPSMCH
RAR_sharp_coherence_gated_RG,compact_gas,NGC4559,56,39.07987754942578,True,True,420,False,-0.23106518994347136,2.5811972608410502e-08,-0.5398204929279535,0.11291303555518863,0.39684386194543647,0.7000000180683811,0.8504870038365889,67.1129130355552,,,CONVERGENCE: RELATIVE REDUCTION OF F <= FACTR*EPSMCH
RAR_sharp_coherence_gated_RG,compact_gas,NGC5005,57,36.7799210494525,True,True,480,False,0.05438867403053584,-0.24888870824515041,-0.3119973562438148,0.07290325862307498,0.5279474606723047,0.5457667173252316,0.9726878375007516,68.14580651724614,,,CONVERGENCE: RELATIVE REDUCTION OF F <= FACTR*EPSMCH
RAR_sharp_coherence_gated_RG,compact_gas,NGC5033,58,34.9197287897705,False,True,725,False,0.08491479608300465,-0.5936391135429784,0.42594927481744926,0.13013786373658065,0.5443121538457939,0.38661958361314436,1.1360001782107987,66.13013786373658,,,ABNORMAL:
RAR_sharp_coherence_gated_RG,compact_gas,NGC5055,59,31.517806611930947,True,True,620,False,-0.08080399206157961,-5.134505638892174e-07,-0.44981767174188125,-1.1115226279710175,0.4611872332224906,0.6999996405846975,0.9864616406753859,48.330864232173894,,,CONVERGENCE: RELATIVE REDUCTION OF F <= FACTR*EPSMCH
RAR_sharp_coherence_gated_RG,compact_gas,NGC5371,60,128.268118297579,True,True,625,True,1.4656574351017022,-6.440362009008367e-09,-5.0,-1.2080366610989415,2.1651946272817053,0.6999999954917465,0.2866852723168134,50.58392667780212,,,CONVERGENCE: RELATIVE REDUCTION OF F <= FACTR*EPSMCH
RAR_sharp_coherence_gated_RG,compact_gas,NGC5585,61,41.723141787081985,True,True,505,False,-0.6256916425056933,6.480264279537615e-09,-0.07839932105651724,0.8013180654213896,0.26744567348009485,0.7000000045361849,0.9767329454009956,52.60263613084278,,,CONVERGENCE: RELATIVE REDUCTION OF F <= FACTR*EPSMCH
RAR_sharp_coherence_gated_RG,compact_gas,NGC5907,62,105.49127088233476,True,True,630,True,0.4030354392754445,4.040975079216837e-08,-5.0,-0.35352382172871694,0.7481799603176572,0.7000000282868261,0.7709624520442524,87.29295235654257,,,CONVERGENCE: RELATIVE REDUCTION OF F <= FACTR*EPSMCH
RAR_sharp_coherence_gated_RG,compact_gas,NGC5985,63,155.02763858846663,True,True,720,False,0.3615759071896976,1.3597040746855684,0.4237061173863618,1.1825429101555138,0.7177949947251101,2.726528343104147,1.1114436011090536,62.36508582031103,,,CONVERGENCE: RELATIVE REDUCTION OF F <= FACTR*EPSMCH
RAR_sharp_coherence_gated_RG,compact_gas,NGC6015,64,147.72403052831754,True,True,735,False,0.9367357655862218,1.6411767124264782e-07,-1.7399183856136662,1.6821652677859733,1.2758193313239283,0.7000001148823793,0.5933472226460408,63.364330535571945,,,CONVERGENCE: RELATIVE REDUCTION OF F <= FACTR*EPSMCH
RAR_sharp_coherence_gated_RG,compact_gas,NGC6195,65,80.03747842505217,True,True,765,False,0.05415034908887164,0.43481095312028345,-4.395587050160298,-1.3512108873685016,0.5278216526167324,1.0812697112780707,0.6438776275195109,55.243945563157496,,,CONVERGENCE: RELATIVE REDUCTION OF F <= FACTR*EPSMCH
RAR_sharp_coherence_gated_RG,compact_gas,NGC6503,66,36.217919303774146,True,True,645,False,-0.14990329529233656,0.0,1.0110749521142113,0.585336142536038,0.43039560748150796,0.7,1.0513438541008215,75.17067228507207,,,CONVERGENCE: RELATIVE REDUCTION OF F <= FACTR*EPSMCH
RAR_sharp_coherence_gated_RG,compact_gas,NGC6674,67,53.47119667961219,True,True,775,False,1.261408296481189,0.363392343761409,-2.2009148105483254,-0.9987640367861174,1.7651949118324348,1.0067400121565389,0.6450267453327148,48.00741577928329,,,CONVERGENCE: RELATIVE REDUCTION OF F <= FACTR*EPSMCH
RAR_sharp_coherence_gated_RG,compact_gas,NGC6946,68,76.5742565048667,True,True,675,False,0.12194402453336307,-0.06899383070844281,-1.1153872636709738,1.3837063756343848,0.5648454325185781,0.6533327066422595,0.7150345392999577,40.76741275126877,,,CONVERGENCE: RELATIVE REDUCTION OF F <= FACTR*EPSMCH
RAR_sharp_coherence_gated_RG,compact_gas,NGC7331,69,48.47158031421376,True,True,615,False,-0.2965999616965545,-0.19464786672159431,-0.2564488316959386,0.15823461622262283,0.37167065894543266,0.5761871195798175,0.9741711733394378,75.31646923244524,,,CONVERGENCE: RELATIVE REDUCTION OF F <= FACTR*EPSMCH
RAR_sharp_coherence_gated_RG,compact_gas,NGC7793,70,65.86735882277797,True,True,450,False,-0.377895385001036,-4.2189027271547977e-08,-0.5498351699132212,0.8471728894899102,0.3426510949019009,0.6999999704676815,0.9729567927110873,54.62455600540919,,,CONVERGENCE: RELATIVE REDUCTION OF F <= FACTR*EPSMCH
RAR_sharp_coherence_gated_RG,compact_gas,NGC7814,71,30.928382415074964,True,True,705,False,0.7214897948382498,-0.3079188208173525,-0.16135247956755572,-1.3022147581763277e-07,1.0287480878324275,0.5144824861788733,0.9926319561285298,89.5,,,CONVERGENCE: RELATIVE REDUCTION OF F <= FACTR*EPSMCH
RAR_sharp_coherence_gated_RG,compact_gas,UGC00128,72,52.584965220195,True,True,765,False,1.4253313703435104,-5.067688187537667e-08,-2.455044072948689,-0.5850145949889142,2.079617930921174,0.6999999645261835,0.6912814855875858,51.14985405011086,,,CONVERGENCE: RELATIVE REDUCTION OF F <= FACTR*EPSMCH
RAR_sharp_coherence_gated_RG,compact_gas,UGC00191,73,11.167451561073642,True,True,360,False,-0.011010472879977183,3.737880893482935e-09,0.23270221186111095,0.6083881836946645,0.4945249602600097,0.7000000026165166,1.071867456911678,48.04194091847332,,,CONVERGENCE: RELATIVE REDUCTION OF F <= FACTR*EPSMCH
RAR_sharp_coherence_gated_RG,compact_gas,UGC00731,74,29.614799846151808,True,True,335,False,0.8451501246263579,3.555498813790333e-09,0.12968304355684002,0.540385259609117,1.1641636638022084,0.7000000024888491,1.0396716197643041,58.62115577882735,,,CONVERGENCE: RELATIVE REDUCTION OF F <= FACTR*EPSMCH
RAR_sharp_coherence_gated_RG,compact_gas,UGC01281,75,29.67476632296972,True,True,340,False,-0.22824109370972107,-2.239379206563678e-08,-0.2343403994877238,-1.4897736277747972e-07,0.39796617121011074,0.6999999843243457,0.9893846957180435,89.5,,,CONVERGENCE: RELATIVE REDUCTION OF F <= FACTR*EPSMCH
RAR_sharp_coherence_gated_RG,compact_gas,UGC02259,76,17.114730384644787,True,True,435,False,0.41886240536365693,-2.41702679647151e-08,0.39023870896380775,0.7642271244298882,0.7601155823722708,0.6999999830808126,1.1221127958662098,43.29268137328967,,,CONVERGENCE: RELATIVE REDUCTION OF F <= FACTR*EPSMCH
RAR_sharp_coherence_gated_RG,compact_gas,UGC02487,77,40.6517285274432,True,True,730,False,0.46874843076103984,0.18686671328068524,-0.6483815313663629,1.0597269385217432,0.7989964711579413,0.8438266211571722,0.9070246579833517,41.298634692608715,,,CONVERGENCE: RELATIVE REDUCTION OF F <= FACTR*EPSMCH
RAR_sharp_coherence_gated_RG,compact_gas,UGC02885,78,40.914860411890714,True,True,530,False,0.027407121705430006,0.21851149519344903,-0.37331141192747924,0.33384522382876847,0.5138930758245659,0.8709563233928957,0.963357075314047,65.33538089531507,,,CONVERGENCE: RELATIVE REDUCTION OF F <= FACTR*EPSMCH
RAR_sharp_coherence_gated_RG,compact_gas,UGC02916,79,173.50932847305506,True,True,930,False,0.7951316842680325,-0.19408504117215356,-4.342715092876387,3.802354594817713,1.107366311523356,0.5765115036892451,0.5216579154995367,69.01177297408856,,,CONVERGENCE: RELATIVE REDUCTION OF F <= FACTR*EPSMCH
RAR_sharp_coherence_gated_RG,compact_gas,UGC02953,80,283.41980278672474,True,True,870,False,0.36054672885120304,-0.021023504938817338,-1.2179048984770862,3.91091946907098,0.7170566356817989,0.6854371638506749,0.6939388258552742,65.64367787628392,,,CONVERGENCE: RELATIVE REDUCTION OF F <= FACTR*EPSMCH
RAR_sharp_coherence_gated_RG,compact_gas,UGC03205,81,135.0043803104738,True,True,620,False,0.010192755948941945,0.42955724214060304,-0.05218570324467153,0.9471142140737081,0.5051224395139716,1.0756039289473447,0.9896171373038585,70.78845685629483,,,CONVERGENCE: RELATIVE REDUCTION OF F <= FACTR*EPSMCH
RAR_sharp_coherence_gated_RG,compact_gas,UGC03546,82,58.57119625517965,True,True,605,False,0.057477601155984805,-0.4402213646361231,-0.47282280708220603,0.8447305269414156,0.5295807731973853,0.4507257089815253,0.8881473915152729,59.22365263470708,,,CONVERGENCE: RELATIVE REDUCTION OF F <= FACTR*EPSMCH
RAR_sharp_coherence_gated_RG,compact_gas,UGC03580,83,91.48348012518666,True,True,565,False,0.05208797370460938,-1.3058317164227582,-1.4051636096860973,0.9071565250691327,0.5267342079780662,0.18966296311263275,0.7025856525129756,66.62862610027653,,,CONVERGENCE: RELATIVE REDUCTION OF F <= FACTR*EPSMCH
RAR_sharp_coherence_gated_RG,compact_gas,UGC04278,84,40.980607015782056,True,True,355,False,0.120369722885969,-2.335107584946973e-08,0.022547758732257544,0.0,0.5639568950201793,0.699999983654247,1.0067800962470381,89.5,,,CONVERGENCE: RELATIVE REDUCTION OF F <= FACTR*EPSMCH
RAR_sharp_coherence_gated_RG,compact_gas,UGC04325,85,16.381564214175558,True,True,430,False,0.3129316750760225,-1.5358187994590382e-08,0.9958659725892578,0.8505476603168073,0.6837140492074423,0.6999999892492684,1.348185739273639,43.55164298095042,,,CONVERGENCE: RELATIVE REDUCTION OF F <= FACTR*EPSMCH
RAR_sharp_coherence_gated_RG,compact_gas,UGC04483,86,8.773051271908415,True,True,310,False,-0.19220124224971896,7.084456616320137e-09,-1.3631144865208193,-0.8993792745467739,0.41257039929572964,0.7000000049591195,0.8811595098215945,55.30186217635968,,,CONVERGENCE: RELATIVE REDUCTION OF F <= FACTR*EPSMCH
RAR_sharp_coherence_gated_RG,compact_gas,UGC04499,87,10.1251528877932,True,True,370,False,-0.09475551524548792,-1.7573674831562076e-09,-0.5605055641960938,0.05992944947940791,0.45479764473348544,0.6999999987698428,0.8452256302176886,50.17978834843822,,,CONVERGENCE: RELATIVE REDUCTION OF F <= FACTR*EPSMCH
RAR_sharp_coherence_gated_RG,compact_gas,UGC05005,88,19.500845869508005,True,True,320,False,-0.12633661523858555,-1.9233899457118274e-08,-0.8469616546759746,-0.38506950782555177,0.4406590658668154,0.6999999865362705,0.844710387532013,37.14930492174448,,,CONVERGENCE: NORM OF PROJECTED GRADIENT <= PGTOL
RAR_sharp_coherence_gated_RG,compact_gas,UGC05253,89,108.91945204778126,True,True,905,False,-0.07579587344370785,0.3918938083116161,-3.0500517064193313,2.388044990950063,0.463502706835192,1.035846393863473,0.4668034553220044,46.552179963800256,,,CONVERGENCE: RELATIVE REDUCTION OF F <= FACTR*EPSMCH
RAR_sharp_coherence_gated_RG,compact_gas,UGC05716,90,9.4588753000582,True,True,425,False,0.35797082225627935,7.497041252724708e-09,-0.31141817591457355,0.1598954027381294,0.7152119416647617,0.7000000052479288,0.9254371766758256,55.598954027381296,,,CONVERGENCE: RELATIVE REDUCTION OF F <= FACTR*EPSMCH
RAR_sharp_coherence_gated_RG,compact_gas,UGC05721,91,36.29088005232449,True,True,365,False,-0.24638905882709158,-4.5731328817768356e-09,1.9157558224036308,1.0840949301438256,0.3908090351763091,0.699999996798807,1.774443362786562,66.42047465071913,,,CONVERGENCE: RELATIVE REDUCTION OF F <= FACTR*EPSMCH
RAR_sharp_coherence_gated_RG,compact_gas,UGC05750,92,16.223950999658246,True,True,300,False,-0.14108142913845978,-6.887633056676085e-09,-1.022431359053175,-0.36343674912967133,0.43420929712026235,0.6999999951786569,0.8156339989129401,60.365632508703285,,,CONVERGENCE: RELATIVE REDUCTION OF F <= FACTR*EPSMCH
RAR_sharp_coherence_gated_RG,compact_gas,UGC05764,93,13.630142525478623,True,True,355,False,0.36315544024909724,-4.185245521525647e-09,0.7790947533256724,1.039761867713584,0.7189296715430117,0.6999999970703281,1.2631696147867597,70.39761867713584,,,CONVERGENCE: RELATIVE REDUCTION OF F <= FACTR*EPSMCH
RAR_sharp_coherence_gated_RG,compact_gas,UGC05829,94,13.020648344892434,True,True,320,False,0.06372473434066339,1.4482499028437709e-08,-0.8130095077471775,0.20696082072177402,0.5328994902601409,0.7000000101377493,0.7837112299093543,36.06960820721774,,,CONVERGENCE: RELATIVE REDUCTION OF F <= FACTR*EPSMCH
RAR_sharp_coherence_gated_RG,compact_gas,UGC05918,95,8.283687715637711,True,True,315,False,0.040076672274250116,3.584843824079044e-11,-0.15716011213025946,0.26302004112034666,0.5204452892904312,0.7000000000250939,0.9539070276171034,47.31510020560173,,,CONVERGENCE: NORM OF PROJECTED GRADIENT <= PGTOL
RAR_sharp_coherence_gated_RG,compact_gas,UGC05986,96,26.234566299207497,True,True,505,False,-0.3875127983591177,4.0772726623264264e-10,1.6404553931399286,2.3525765066991908e-08,0.33937147369991816,0.700000000285409,1.6361185607863578,89.5,,,CONVERGENCE: RELATIVE REDUCTION OF F <= FACTR*EPSMCH
RAR_sharp_coherence_gated_RG,compact_gas,UGC06399,97,11.172660837077064,True,True,390,False,0.0679874189010705,3.5537360850480985e-08,0.4998844435360553,0.11513855563225865,0.5351759210958241,0.700000024876153,1.0718953053243416,75.23027711126451,,,CONVERGENCE: RELATIVE REDUCTION OF F <= FACTR*EPSMCH
RAR_sharp_coherence_gated_RG,compact_gas,UGC06446,98,21.676080510678396,True,True,430,False,0.41125352087001743,-8.50148470152247e-09,0.3945413469629524,0.5136124280373251,0.7543538984954946,0.6999999940489606,1.125651978336161,52.54083728411197,,,CONVERGENCE: RELATIVE REDUCTION OF F <= FACTR*EPSMCH
RAR_sharp_coherence_gated_RG,compact_gas,UGC06614,99,27.24637456573751,True,True,520,False,0.07662107253549126,-0.27029725986938663,-0.7264135519904259,-0.765677038716132,0.5398164481583553,0.5342068241805034,0.9299342863230566,28.34322961283868,,,CONVERGENCE: RELATIVE REDUCTION OF F <= FACTR*EPSMCH
RAR_sharp_coherence_gated_RG,compact_gas,UGC06667,100,20.629087006589906,True,True,320,False,0.6657768811250928,-1.3167711072271326e-09,3.138512635145669,0.015595726760553161,0.9730008731329167,0.6999999990782602,1.5463611607143228,89.01559572676055,,,CONVERGENCE: RELATIVE REDUCTION OF F <= FACTR*EPSMCH
RAR_sharp_coherence_gated_RG,compact_gas,UGC06786,101,78.9191556023564,True,True,675,False,0.01327739586380046,-0.37012044787331533,1.1614130355273506,1.0574857059068532,0.5066829659464804,0.4834557967165375,1.336634737931876,67.17245711772055,,,CONVERGENCE: RELATIVE REDUCTION OF F <= FACTR*EPSMCH
RAR_sharp_coherence_gated_RG,compact_gas,UGC06787,102,222.1280981044597,True,True,815,False,0.7375985687965425,-0.5414783271903615,0.17503980733782495,2.479827353952654,1.0454541541051894,0.40732117738035595,1.0446886126403379,73.43948206185796,,,CONVERGENCE: RELATIVE REDUCTION OF F <= FACTR*EPSMCH
RAR_sharp_coherence_gated_RG,compact_gas,UGC06818,103,17.75258823617682,True,True,295,False,-0.4647609599504636,0.0,-1.7044766970103342,-0.2732074952428721,0.3141426362917982,0.7,0.7892020757951682,74.18037751427138,,,CONVERGENCE: RELATIVE REDUCTION OF F <= FACTR*EPSMCH
RAR_sharp_coherence_gated_RG,compact_gas,UGC06917,104,13.601826441175142,True,True,420,False,0.019510040324435905,-1.401953096725263e-09,0.46072279121292126,0.3120063799784291,0.5098508024721015,0.6999999990186327,1.0660809666421036,56.624012759956855,,,CONVERGENCE: RELATIVE REDUCTION OF F <= FACTR*EPSMCH
RAR_sharp_coherence_gated_RG,compact_gas,UGC06930,105,16.671888050933205,True,True,375,False,0.0988277070512966,-1.1316385943726714e-08,-0.5555554223974821,-0.1532688030249973,0.5519380465533263,0.6999999920785298,0.9257412830452056,31.233655984875014,,,CONVERGENCE: RELATIVE REDUCTION OF F <= FACTR*EPSMCH
RAR_sharp_coherence_gated_RG,compact_gas,UGC06983,106,23.053014694667226,True,True,480,False,0.2698312931028748,-1.108051263901048e-08,0.5105625402464169,0.2638289860380422,0.6548717346682434,0.6999999922436412,1.0734861794059825,49.26382898603804,,,CONVERGENCE: RELATIVE REDUCTION OF F <= FACTR*EPSMCH
RAR_sharp_coherence_gated_RG,compact_gas,UGC07089,107,17.175533741450863,True,True,360,False,-0.39522768047636386,3.5719640600050392e-09,-1.8712690363268458,-0.19391844988438506,0.33676333645826845,0.7000000025003748,0.7711298690410617,79.41824465034685,,,CONVERGENCE: RELATIVE REDUCTION OF F <= FACTR*EPSMCH
RAR_sharp_coherence_gated_RG,compact_gas,UGC07125,108,16.91205326423422,True,True,355,False,0.10703538787569233,-2.5226657120845017e-08,-2.5210758836266622,0.0,0.5564868197776249,0.6999999823413402,0.47178604885085884,89.5,,,CONVERGENCE: RELATIVE REDUCTION OF F <= FACTR*EPSMCH
RAR_sharp_coherence_gated_RG,compact_gas,UGC07151,109,13.09767096878307,True,True,425,False,-0.014377812451608725,-1.2690716365124715e-08,-0.26758798533357325,1.9243720603503087e-08,0.49286252735108327,0.6999999911164985,0.9868442301734017,89.5,,,CONVERGENCE: RELATIVE REDUCTION OF F <= FACTR*EPSMCH
RAR_sharp_coherence_gated_RG,compact_gas,UGC07323,110,12.28487410641818,True,True,360,False,-0.15252977697032988,6.722673374258869e-09,-0.7250498297003071,0.06499003245252817,0.42926666452715373,0.7000000047058713,0.8045155781988886,47.19497009735758,,,CONVERGENCE: RELATIVE REDUCTION OF F <= FACTR*EPSMCH
RAR_sharp_coherence_gated_RG,compact_gas,UGC07399,111,14.85570500754106,True,True,485,False,0.06737804922862882,-1.1399805061258313e-08,2.2201954126504777,0.740643528969066,0.5348499004637186,0.6999999920201364,1.947062822489953,57.2219305869072,,,CONVERGENCE: RELATIVE REDUCTION OF F <= FACTR*EPSMCH
RAR_sharp_coherence_gated_RG,compact_gas,UGC07524,112,32.860071045805824,True,True,450,False,-0.11564016042063083,-6.668886361202741e-09,-0.2574246127225576,0.36836251370641276,0.44539785459277903,0.6999999953317795,0.9870504191649416,47.10508754111924,,,CONVERGENCE: RELATIVE REDUCTION OF F <= FACTR*EPSMCH
RAR_sharp_coherence_gated_RG,compact_gas,UGC07577,113,27.848222606113794,True,True,300,False,-0.5982143504968691,-5.2485197820080395e-08,-1.4592346739686992,-1.4655016092454831,0.2748962483977079,0.6999999632603625,0.929374556254926,58.60349517226355,,,CONVERGENCE: RELATIVE REDUCTION OF F <= FACTR*EPSMCH
RAR_sharp_coherence_gated_RG,compact_gas,UGC07603,114,15.41770816754854,True,True,360,False,-0.19531971044705393,2.5547778557568907e-09,0.8142506621700019,0.1487612038596704,0.4112858156340431,0.7000000017883445,1.276695627063372,78.446283611579,,,CONVERGENCE: RELATIVE REDUCTION OF F <= FACTR*EPSMCH
RAR_sharp_coherence_gated_RG,compact_gas,UGC08286,115,26.751998219571473,True,True,495,False,0.7316065700529021,1.1871915867158508e-08,0.36658054348356994,-3.49533515638643e-08,1.0392085247159217,0.700000008310341,1.0119137818189783,89.5,,,CONVERGENCE: RELATIVE REDUCTION OF F <= FACTR*EPSMCH
RAR_sharp_coherence_gated_RG,compact_gas,UGC08490,116,32.771947542548325,True,True,380,False,0.3584115898125424,0.0,0.5745472820123046,1.050228885385888,0.7155272533689793,0.7,1.067677826334619,53.15068665615767,,,CONVERGENCE: RELATIVE REDUCTION OF F <= FACTR*EPSMCH
RAR_sharp_coherence_gated_RG,compact_gas,UGC08550,117,8.57570538778164,True,True,365,False,0.04355443987803033,4.497668244395685e-09,0.39162412369284116,-2.387481559774102e-08,0.5222584280672427,0.7000000031483677,1.1240100845944843,89.5,,,CONVERGENCE: RELATIVE REDUCTION OF F <= FACTR*EPSMCH
RAR_sharp_coherence_gated_RG,compact_gas,UGC08699,118,61.53984616374067,True,True,635,False,0.16030188035137377,-0.16452171789531872,0.1391023860782889,0.7258404638250474,0.5869325921716575,0.5938095334277101,1.0353690145959002,79.53256417442543,,,CONVERGENCE: RELATIVE REDUCTION OF F <= FACTR*EPSMCH
RAR_sharp_coherence_gated_RG,compact_gas,UGC08837,119,25.661460421712967,True,True,350,False,-0.8981483690009183,6.893564167229843e-09,-2.040002069325518,-2.862083414018106,0.2036615870629351,0.7000000048254948,0.9031572191426179,65.68958292990948,,,CONVERGENCE: RELATIVE REDUCTION OF F <= FACTR*EPSMCH
RAR_sharp_coherence_gated_RG,compact_gas,UGC09037,120,45.771516834716365,True,True,515,False,-0.9300288106722254,-4.087582461275442e-08,-0.6234735690780049,0.16656590877939154,0.19727117158886265,0.6999999713869234,0.9392762288358503,65.83282954389696,,,CONVERGENCE: RELATIVE REDUCTION OF F <= FACTR*EPSMCH
RAR_sharp_coherence_gated_RG,compact_gas,UGC09133,121,144.93921487433684,True,True,1030,False,0.8591229557718891,0.2759383395976986,-3.4555254489201888,1.7578202143981638,1.1805445029365031,0.9224366252521112,0.5016288636682694,63.54692128638898,,,CONVERGENCE: RELATIVE REDUCTION OF F <= FACTR*EPSMCH
RAR_sharp_coherence_gated_RG,compact_gas,UGC11455,122,112.17193924748275,True,True,585,False,-0.21675571789855919,-2.8727905866299956e-08,0.44556830261693714,0.0,0.4025633116539823,0.6999999798904661,1.0691799293681963,89.5,,,CONVERGENCE: RELATIVE REDUCTION OF F <= FACTR*EPSMCH
RAR_sharp_coherence_gated_RG,compact_gas,UGC11557,123,24.39229419489025,True,True,340,False,-0.20442632592193535,-6.437979943502924e-09,-1.2079800131518035,-0.6673439777048582,0.40755739626812576,0.699999995493414,0.7393417591581787,23.326560222951418,,,CONVERGENCE: RELATIVE REDUCTION OF F <= FACTR*EPSMCH
RAR_sharp_coherence_gated_RG,compact_gas,UGC11820,124,13.741840777224752,True,True,445,False,0.24531737841404044,-2.3576926598846678e-08,-0.9009963621330606,0.14384419824197353,0.6390134334923097,0.6999999834961516,0.7631513477096573,46.43844198241973,,,CONVERGENCE: RELATIVE REDUCTION OF F <= FACTR*EPSMCH
RAR_sharp_coherence_gated_RG,compact_gas,UGC11914,125,92.74899116749586,True,True,890,False,-0.20775241629551805,0.057414796857470106,-1.1082899641334567,2.696553113412715,0.4062040754170784,0.7413665200099616,0.7157285042956006,44.48276556706357,,,CONVERGENCE: RELATIVE REDUCTION OF F <= FACTR*EPSMCH
RAR_sharp_coherence_gated_RG,compact_gas,UGC12506,126,77.01959833700161,True,True,520,False,0.600400791320306,1.801592660225429e-09,0.25149944726772033,0.11342092882704621,0.9114246180783259,0.7000000012611148,1.0255714244362888,86.45368371530819,,,CONVERGENCE: RELATIVE REDUCTION OF F <= FACTR*EPSMCH
RAR_sharp_coherence_gated_RG,compact_gas,UGC12632,127,17.470288978532164,True,True,410,False,0.16119534571149674,1.2345987644323475e-08,-0.1974045836226407,0.3858114614446912,0.5874572304496534,0.7000000086421913,0.9425171439958837,47.157434384334074,,,CONVERGENCE: RELATIVE REDUCTION OF F <= FACTR*EPSMCH
RAR_sharp_coherence_gated_RG,compact_gas,UGC12732,128,17.794475885139665,True,True,395,False,0.2746384595816602,-2.634173442105603e-08,-0.5119568934632631,0.6316453489149477,0.6580273909245685,0.699999981560786,0.8562966128138877,42.789872093489684,,,CONVERGENCE: RELATIVE REDUCTION OF F <= FACTR*EPSMCH
RAR_sharp_coherence_gated_RG,compact_gas,UGCA442,129,7.104585094267055,True,True,295,False,-0.07819376195886782,-9.136776128442017e-09,-0.39974198181949533,-0.9309353086448361,0.46239261049326985,0.6999999936042567,0.9799861541240876,57.48345283948615,,,CONVERGENCE: RELATIVE REDUCTION OF F <= FACTR*EPSMCH
RAR_sharp_coherence_gated_RG,compact_gas,UGCA444,130,45.3141996856224,True,True,280,False,-0.040834355546943875,0.0,-2.447807455663494,-1.794125099107479,0.47999406674386,0.7,0.8825956281873433,70.82349960357008,,,CONVERGENCE: RELATIVE REDUCTION OF F <= FACTR*EPSMCH
RAR_sharp_coherence_gated_RG,extended_gas,CamB,0,46.33718987231147,True,True,260,True,-0.7349956717414817,1.4879011688816799e-08,-3.439279194126618,-5.0,0.23975376720148647,0.700000010415308,0.7663358954516932,40.0,,,CONVERGENCE: RELATIVE REDUCTION OF F <= FACTR*EPSMCH
RAR_sharp_coherence_gated_RG,extended_gas,D631-7,1,56.32430609481946,True,True,290,False,-0.6754541280491696,-3.8524696879148405e-08,-1.3131310744087275,-3.6327131684092318,0.25446262544491793,0.6999999730327127,0.9698469089392227,48.1018604947723,,,CONVERGENCE: RELATIVE REDUCTION OF F <= FACTR*EPSMCH
RAR_sharp_coherence_gated_RG,extended_gas,DDO064,2,15.779022835016175,True,True,295,False,-0.05425429075028872,-7.376148397372812e-10,-0.2220256826237556,0.30598351171899524,0.4735956069551327,0.6999999994836695,0.9355621459079565,61.529917558594974,,,CONVERGENCE: RELATIVE REDUCTION OF F <= FACTR*EPSMCH
RAR_sharp_coherence_gated_RG,extended_gas,DDO154,3,12.630101386589756,True,True,295,False,-0.45043910403841303,-3.281214927719103e-08,-1.1223297023350207,-1.1509054178812648,0.3186741139938436,0.6999999770314959,0.9459544356612242,60.54728374635621,,,CONVERGENCE: RELATIVE REDUCTION OF F <= FACTR*EPSMCH
RAR_sharp_coherence_gated_RG,extended_gas,DDO161,4,35.4364560055115,True,True,435,False,-0.4175329752562913,0.0,-2.01794914251032,0.23185449150727522,0.32933488584269555,0.7,0.5458643688731016,72.31854491507275,,,CONVERGENCE: RELATIVE REDUCTION OF F <= FACTR*EPSMCH
RAR_sharp_coherence_gated_RG,extended_gas,DDO168,5,29.74900272381692,True,True,285,False,-0.17097976715920082,-8.742529482363584e-09,-1.1948996288159566,-1.4878821824358757,0.42141931315942566,0.6999999938802294,0.9426670826915602,54.07270690538475,,,CONVERGENCE: RELATIVE REDUCTION OF F <= FACTR*EPSMCH
RAR_sharp_coherence_gated_RG,extended_gas,DDO170,6,7.533458466608687,True,True,410,False,0.00720459132168746,-2.7873029721434796e-09,-1.248451669583635,-0.22087701938188767,0.5036153034146245,0.6999999980488879,0.6876085982155856,64.45386086432678,,,CONVERGENCE: RELATIVE REDUCTION OF F <= FACTR*EPSMCH
RAR_sharp_coherence_gated_RG,extended_gas,ESO079-G014,7,38.71728207059306,True,True,435,False,-0.026084458953812846,-1.931109765314429e-09,0.456579183422632,0.2627514809084719,0.48712640088071973,0.6999999986482232,1.120825259085388,80.31375740454236,,,CONVERGENCE: RELATIVE REDUCTION OF F <= FACTR*EPSMCH
RAR_sharp_coherence_gated_RG,extended_gas,ESO116-G012,8,22.213983644309724,True,True,510,False,-0.4392677329980827,1.1189104484560601e-08,1.1814233468079995,0.27274688279490994,0.3222541002077354,0.7000000078323732,1.4253636926119886,74.81824064838473,,,CONVERGENCE: RELATIVE REDUCTION OF F <= FACTR*EPSMCH
RAR_sharp_coherence_gated_RG,extended_gas,ESO563-G021,9,243.173603406095,True,True,660,False,0.4138175586271243,4.850245107662317e-09,0.31122578115484634,0.43463867012809226,0.7562905721646423,0.7000000033951715,1.0476834515989208,84.30391601038427,,,CONVERGENCE: RELATIVE REDUCTION OF F <= FACTR*EPSMCH
RAR_sharp_coherence_gated_RG,extended_gas,F568-3,10,38.027767945432856,True,True,355,False,-0.31766281349038716,-3.015504628971223e-08,-0.7599637238938914,0.8299047721086128,0.36392408381308033,0.6999999788914679,0.9268195686937857,48.299047721086126,,,CONVERGENCE: RELATIVE REDUCTION OF F <= FACTR*EPSMCH
RAR_sharp_coherence_gated_RG,extended_gas,F568-V1,11,25.949209296446043,True,True,385,False,0.20943815924204445,-3.0448245231337726e-09,0.5952150854605786,2.07422550697588,0.6164925620092592,0.6999999978686228,1.061328588368869,60.7422550697588,,,CONVERGENCE: RELATIVE REDUCTION OF F <= FACTR*EPSMCH
RAR_sharp_coherence_gated_RG,extended_gas,F571-8,12,83.48864121368041,True,True,375,False,-0.6954739732292561,-1.1578234531238089e-08,0.3299720200384668,0.2087841428397779,0.24941897805361107,0.6999999918952359,1.0684852996960457,86.04392071419889,,,CONVERGENCE: RELATIVE REDUCTION OF F <= FACTR*EPSMCH
RAR_sharp_coherence_gated_RG,extended_gas,F574-1,13,19.82046932443162,True,True,385,False,0.13886799497974184,-3.077886809727558e-08,0.44130853926535163,0.9019932659827232,0.5744862099324975,0.6999999784547926,1.045119103879617,74.01993265982723,,,CONVERGENCE: RELATIVE REDUCTION OF F <= FACTR*EPSMCH
RAR_sharp_coherence_gated_RG,extended_gas,F583-1,14,41.540810104264565,True,True,345,False,-0.004241501241549305,0.0,1.0194286383375055,0.9420876720071958,0.497883740610323,0.7,1.2902773039628834,67.71043836003598,,,CONVERGENCE: RELATIVE REDUCTION OF F <= FACTR*EPSMCH
RAR_sharp_coherence_gated_RG,extended_gas,F583-4,15,14.084671491723629,True,True,335,False,-0.094259657606158,-4.319600048449348e-09,-0.6441695608168609,0.060784546410379725,0.45502321554085795,0.6999999969762799,0.8786950749029682,55.6078454641038,,,CONVERGENCE: RELATIVE REDUCTION OF F <= FACTR*EPSMCH
RAR_sharp_coherence_gated_RG,extended_gas,IC2574,16,42.18641969407051,True,True,370,False,-0.8154335755596022,-1.4242956243377958e-08,-1.3143220005419434,-2.482454345149587,0.22122372568333262,0.6999999900299306,0.9349813028635324,57.62281958395289,,,CONVERGENCE: RELATIVE REDUCTION OF F <= FACTR*EPSMCH
RAR_sharp_coherence_gated_RG,extended_gas,IC4202,17,380.89862222786076,True,True,640,False,0.43808143555471024,-0.5624459617860185,-0.15469464595378177,0.0,0.7748655527465808,0.39886953092634436,0.9847102601016735,89.5,,,CONVERGENCE: RELATIVE REDUCTION OF F <= FACTR*EPSMCH
RAR_sharp_coherence_gated_RG,extended_gas,KK98-251,18,15.173687304054626,True,True,290,False,-0.08992211520269129,2.126624841118737e-08,-2.4899172604531112,-0.6013261540356536,0.4570011846941957,0.700000014886374,0.4737975405681588,55.99336922982173,,,CONVERGENCE: RELATIVE REDUCTION OF F <= FACTR*EPSMCH
RAR_sharp_coherence_gated_RG,extended_gas,NGC0024,19,50.88718055228244,True,True,455,False,0.725079990098082,1.4134764905275308e-08,0.8618381780170783,1.1757233215571858,1.032448132307683,0.7000000098943354,1.0434177350007894,67.52716996467156,,,CONVERGENCE: RELATIVE REDUCTION OF F <= FACTR*EPSMCH
RAR_sharp_coherence_gated_RG,extended_gas,NGC0055,20,38.87647410201653,True,True,345,False,-0.8330075085377737,-9.794841587770909e-09,-3.3089435249855113,-1.9820475332232534,0.21736991722544238,0.6999999931436108,0.8415547838889718,71.05385740033024,,,CONVERGENCE: RELATIVE REDUCTION OF F <= FACTR*EPSMCH
RAR_sharp_coherence_gated_RG,extended_gas,NGC0100,21,29.53845921797448,True,True,410,False,-0.23608994019223276,-8.234187417031652e-09,-0.09317855948643494,0.004091795048045836,0.39485482205071687,0.6999999942360687,0.9724335179359337,89.00409179504804,,,CONVERGENCE: RELATIVE REDUCTION OF F <= FACTR*EPSMCH
RAR_sharp_coherence_gated_RG,extended_gas,NGC0247,22,40.73680217363549,True,True,505,False,0.14741032652374964,-1.2700115196152227e-07,-1.1870787535625904,-0.291905153683959,0.5794146819564513,0.6999999110991992,0.9408626628306562,73.12428453894812,,,CONVERGENCE: RELATIVE REDUCTION OF F <= FACTR*EPSMCH
RAR_sharp_coherence_gated_RG,extended_gas,NGC0289,23,58.00558739278213,True,True,510,False,0.39673323892766676,1.4481423541794071e-08,-1.6516422253282537,0.6062248877890337,0.7434796071524883,0.7000000101369965,0.661721466976144,49.03112443894517,,,CONVERGENCE: RELATIVE REDUCTION OF F <= FACTR*EPSMCH
RAR_sharp_coherence_gated_RG,extended_gas,NGC0300,24,34.41651517545165,True,True,400,False,-0.08350172786154228,-1.071288932516321e-08,-0.33645876647917866,0.349263549547975,0.45994474861408896,0.6999999925009774,0.9839542250849226,45.49263549547975,,,CONVERGENCE: RELATIVE REDUCTION OF F <= FACTR*EPSMCH
RAR_sharp_coherence_gated_RG,extended_gas,NGC0801,25,87.49527297550813,True,True,505,True,0.485688142224988,-1.9075072332982122e-07,-5.0,-0.387571054916455,0.8126465284462505,0.6999998664745064,0.6065306597126334,79.61242894508355,,,CONVERGENCE: RELATIVE REDUCTION OF F <= FACTR*EPSMCH
RAR_sharp_coherence_gated_RG,extended_gas,NGC0891,26,63.89955970748818,True,True,610,False,-0.4226723099256063,-0.40093388834193094,2.26920886591596,0.0,0.3276466655265477,0.4687860339240855,1.1213023934852508,89.5,,,CONVERGENCE: RELATIVE REDUCTION OF F <= FACTR*EPSMCH
RAR_sharp_coherence_gated_RG,extended_gas,NGC1003,27,52.05193096825946,True,True,545,False,-0.2173381045671403,-6.89566504793099e-09,-0.4881975286400256,0.8385853362931345,0.402328932404315,0.6999999951730345,0.8637609224540594,71.19292668146568,,,CONVERGENCE: RELATIVE REDUCTION OF F <= FACTR*EPSMCH
RAR_sharp_coherence_gated_RG,extended_gas,NGC1090,28,50.75595078853439,True,True,565,False,0.24694178364666317,-4.742883071692809e-08,-1.3470341452307197,0.21233400406685204,0.6400522937940097,0.6999999667998192,0.7140812437809838,64.63700201220055,,,CONVERGENCE: RELATIVE REDUCTION OF F <= FACTR*EPSMCH
RAR_sharp_coherence_gated_RG,extended_gas,NGC2403,29,114.29326691724636,True,True,605,False,-0.3049224551565596,0.0,2.1025576378248765,3.0092533810134814,0.3685902683622923,0.7,1.1123318911632725,72.02776014304044,,,CONVERGENCE: RELATIVE REDUCTION OF F <= FACTR*EPSMCH
RAR_sharp_coherence_gated_RG,extended_gas,NGC2683,30,17.50462909803712,True,True,535,False,0.06326464359942979,0.02687457115910645,-0.10807478940042338,0.036611716375834324,0.5326543645330271,0.71906726450437,0.994616313195506,80.18305858187917,,,CONVERGENCE: RELATIVE REDUCTION OF F <= FACTR*EPSMCH
RAR_sharp_coherence_gated_RG,extended_gas,NGC2841,31,80.77126125864285,True,True,595,False,0.44600255809170797,0.1902272289850407,1.130396552126509,0.8851943042472661,0.7810277312048794,0.8466670838058664,1.118779048635134,84.85194304247266,,,CONVERGENCE: RELATIVE REDUCTION OF F <= FACTR*EPSMCH
RAR_sharp_coherence_gated_RG,extended_gas,NGC2903,32,136.19952690085202,True,True,755,False,-0.7878419971113203,2.3010745965842233e-07,1.5008923711026139,0.8573450208516439,0.227412625597218,0.7000001610752403,1.5687320966374094,68.57203506255493,,,CONVERGENCE: RELATIVE REDUCTION OF F <= FACTR*EPSMCH
RAR_sharp_coherence_gated_RG,extended_gas,NGC2915,33,79.45181493705648,True,True,310,False,0.3935678133540295,5.1689955814530206e-08,1.9721377009224823,2.9361380914816513,0.741129898666187,0.70000003618297,1.1020252688288092,67.74455236592661,,,CONVERGENCE: RELATIVE REDUCTION OF F <= FACTR*EPSMCH
RAR_sharp_coherence_gated_RG,extended_gas,NGC2955,34,79.32506086553624,True,True,680,False,-0.21165007452641743,0.5472683149408519,-3.3756998768324595,-0.9322749779049716,0.4046239122275868,1.2099673442267673,0.7132560556510122,49.4740751546652,,,CONVERGENCE: RELATIVE REDUCTION OF F <= FACTR*EPSMCH
RAR_sharp_coherence_gated_RG,extended_gas,NGC2976,35,32.519253377630584,True,True,390,False,-0.34626824758693253,-4.25888704575708e-08,-0.41383948747941707,0.05905075869832171,0.35366136202099535,0.6999999701877913,0.979407411850808,61.590507586983215,,,CONVERGENCE: RELATIVE REDUCTION OF F <= FACTR*EPSMCH
RAR_sharp_coherence_gated_RG,extended_gas,NGC2998,36,38.92735637413048,True,True,480,False,0.25173605331248233,7.451201450687748e-11,-1.1760264331137356,-0.14450171465876654,0.6431282446679377,0.7000000000521583,0.8384964526587021,57.71099657068247,,,CONVERGENCE: RELATIVE REDUCTION OF F <= FACTR*EPSMCH
RAR_sharp_coherence_gated_RG,extended_gas,NGC3109,37,31.05440284953166,True,True,315,False,-0.24573022885466037,2.0761921193963407e-08,0.0585218194552862,0.6048295009931905,0.39106659671749533,0.700000014533345,1.0030848441296445,73.02414750496595,,,CONVERGENCE: RELATIVE REDUCTION OF F <= FACTR*EPSMCH
RAR_sharp_coherence_gated_RG,extended_gas,NGC3198,38,57.06446842327086,True,True,635,False,-0.045689900915236184,-2.020460490112236e-08,-0.06853336650872745,0.35063063532071087,0.4776690828764771,0.6999999858567767,0.9930714534552186,74.05189190596214,,,CONVERGENCE: RELATIVE REDUCTION OF F <= FACTR*EPSMCH
RAR_sharp_coherence_gated_RG,extended_gas,NGC3521,39,71.97410402288239,True,True,600,False,0.26537781238503644,-5.5782575799679435e-09,-0.6949017350366558,0.44885957627858614,0.6519617605915381,0.6999999960952196,0.8125579447341827,77.24429788139292,,,CONVERGENCE: RELATIVE REDUCTION OF F <= FACTR*EPSMCH
RAR_sharp_coherence_gated_RG,extended_gas,NGC3726,40,24.44545003025661,True,True,445,False,-0.07864563255152314,-1.645365221717785e-08,-1.8566432798332042,-0.4649115764730077,0.46218371607050457,0.6999999884824435,0.7726978996833599,52.070176847053986,,,CONVERGENCE: RELATIVE REDUCTION OF F <= FACTR*EPSMCH
RAR_sharp_coherence_gated_RG,extended_gas,NGC3741,41,19.4191409950542,True,True,340,False,-0.2677324900450879,-3.829778889125695e-08,0.08491310251783707,0.3306050420206238,0.3825562144601713,0.6999999731915483,1.004507082063575,71.3224201680825,,,CONVERGENCE: RELATIVE REDUCTION OF F <= FACTR*EPSMCH
RAR_sharp_coherence_gated_RG,extended_gas,NGC3769,42,17.876720541488396,True,True,410,False,-0.27332359434317965,-6.92688431974033e-09,-0.43648618184381877,0.016996383052083012,0.3804232710760966,0.6999999951511809,0.9411779209468053,70.03399276610416,,,CONVERGENCE: RELATIVE REDUCTION OF F <= FACTR*EPSMCH
RAR_sharp_coherence_gated_RG,extended_gas,NGC3877,43,47.031122108224885,True,True,485,False,-0.12184656609403964,5.188125940629001e-09,-0.06874919606464797,0.05094268603346905,0.44264209534687954,0.7000000036316881,0.9904969427176205,76.05094268603347,,,CONVERGENCE: RELATIVE REDUCTION OF F <= FACTR*EPSMCH
RAR_sharp_coherence_gated_RG,extended_gas,NGC3893,44,16.458997648013092,True,True,535,False,-0.12264318209873637,1.2332360942623049e-09,0.5883126865655447,0.4496201076081317,0.44228961998177224,0.7000000008632653,1.085141176758774,49.89924021521627,,,CONVERGENCE: RELATIVE REDUCTION OF F <= FACTR*EPSMCH
RAR_sharp_coherence_gated_RG,extended_gas,NGC3917,45,32.29436112842323,True,True,595,False,0.05160015167038658,-3.760919767388195e-08,0.11941443118794942,0.11220275981590895,0.5264773180886043,0.699999973673562,1.0167236379052091,79.22440551963182,,,CONVERGENCE: RELATIVE REDUCTION OF F <= FACTR*EPSMCH
RAR_sharp_coherence_gated_RG,extended_gas,NGC3953,46,13.05751963027238,True,True,505,False,0.09068719969978957,6.684824824816153e-09,-0.06325678521546586,0.04038485710938385,0.5474632291809942,0.7000000046793774,0.9912528165613983,62.04038485710938,,,CONVERGENCE: RELATIVE REDUCTION OF F <= FACTR*EPSMCH
RAR_sharp_coherence_gated_RG,extended_gas,NGC3972,47,16.44964110650385,True,True,425,False,0.04375337332331063,-9.544267474751576e-09,0.1874956755872188,0.04028755420756416,0.5223623330704122,0.6999999933190127,1.0263830971114623,77.04028755420757,,,CONVERGENCE: RELATIVE REDUCTION OF F <= FACTR*EPSMCH
RAR_sharp_coherence_gated_RG,extended_gas,NGC3992,48,21.12318412539454,True,True,460,False,0.33637810997233386,-6.013144960256456e-09,-0.5184700193831266,-0.09314222655190992,0.6999341144466265,0.6999999957907985,0.9509292107152205,55.813715546896184,,,CONVERGENCE: RELATIVE REDUCTION OF F <= FACTR*EPSMCH
RAR_sharp_coherence_gated_RG,extended_gas,NGC4010,49,23.521142700648507,True,True,405,False,-0.25646745083568523,4.635563911706145e-09,-0.29625910621706014,0.0014558780942805054,0.3868900900239054,0.7000000032448948,0.9596879513039905,89.00145587809428,,,CONVERGENCE: RELATIVE REDUCTION OF F <= FACTR*EPSMCH
RAR_sharp_coherence_gated_RG,extended_gas,NGC4013,50,57.87273332894975,True,True,635,False,0.0956335145146928,-0.03392917193923619,-1.5079860731467598,0.0008441529164985678,0.5501778628437684,0.6766479772130995,0.8110362644385144,89.0008441529165,,,CONVERGENCE: RELATIVE REDUCTION OF F <= FACTR*EPSMCH
RAR_sharp_coherence_gated_RG,extended_gas,NGC4088,51,20.74381208230057,True,True,430,False,-0.32622061749338277,-2.7018958741188615e-08,-1.6679855067493168,-0.22394829932184726,0.36082298107257077,0.6999999810867291,0.793212079434402,68.5521034013563,,,CONVERGENCE: RELATIVE REDUCTION OF F <= FACTR*EPSMCH
RAR_sharp_coherence_gated_RG,extended_gas,NGC4100,52,37.422191477007715,True,True,550,False,0.162565463830759,-7.688447339906954e-10,-0.019924091208600687,0.1622493968154178,0.5882626678916018,0.6999999994618086,0.9972365903751024,73.32449879363084,,,CONVERGENCE: RELATIVE REDUCTION OF F <= FACTR*EPSMCH
RAR_sharp_coherence_gated_RG,extended_gas,NGC4157,53,26.5719184066677,True,True,465,False,-0.1004158506189332,-0.07319232714358961,-1.3023823519535835,-0.061515054280469106,0.4522306095311724,0.6505954418216505,0.8345301244156045,81.8154548371586,,,CONVERGENCE: RELATIVE REDUCTION OF F <= FACTR*EPSMCH
RAR_sharp_coherence_gated_RG,extended_gas,NGC4183,54,41.13378634952468,True,True,445,False,0.3240441752610654,-1.607737458013289e-08,-1.613517414444261,-0.03180823140443415,0.6913541936371694,0.6999999887458379,0.7992354938617522,81.93638353719113,,,CONVERGENCE: RELATIVE REDUCTION OF F <= FACTR*EPSMCH
RAR_sharp_coherence_gated_RG,extended_gas,NGC4217,55,57.57962657336299,True,True,645,False,-0.2174023736636343,-0.8790256017381558,-1.6652133013370938,-0.04017274733231246,0.40230307591823133,0.29063109068137527,0.7935175475180986,85.91965450533537,,,CONVERGENCE: RELATIVE REDUCTION OF F <= FACTR*EPSMCH
RAR_sharp_coherence_gated_RG,extended_gas,NGC4559,56,39.07987754942578,True,True,420,False,-0.23106518994347136,2.5811972608410502e-08,-0.5398204929279535,0.11291303555518863,0.39684386194543647,0.7000000180683811,0.8504870038365889,67.1129130355552,,,CONVERGENCE: RELATIVE REDUCTION OF F <= FACTR*EPSMCH
RAR_sharp_coherence_gated_RG,extended_gas,NGC5005,57,36.793914938307545,True,True,470,False,0.055208675057461166,-0.25046444991908406,-0.31649447401102093,0.07182731968067409,0.528380555677125,0.5449074071677121,0.9722996642284931,68.14365463936134,,,CONVERGENCE: RELATIVE REDUCTION OF F <= FACTR*EPSMCH
RAR_sharp_coherence_gated_RG,extended_gas,NGC5033,58,34.87361049186383,True,True,640,False,0.07878617169602768,-0.5920714728553692,0.43248710293756754,0.1306609808291199,0.5409864704471894,0.3872261395096767,1.138225717011319,66.13066098082912,,,CONVERGENCE: RELATIVE REDUCTION OF F <= FACTR*EPSMCH
RAR_sharp_coherence_gated_RG,extended_gas,NGC5055,59,31.517806611930947,True,True,620,False,-0.08080399206157961,-5.134505638892174e-07,-0.44981767174188125,-1.1115226279710175,0.4611872332224906,0.6999996405846975,0.9864616406753859,48.330864232173894,,,CONVERGENCE: RELATIVE REDUCTION OF F <= FACTR*EPSMCH
RAR_sharp_coherence_gated_RG,extended_gas,NGC5371,60,128.268118297579,True,True,625,True,1.4656574351017022,-6.440362009008367e-09,-5.0,-1.2080366610989415,2.1651946272817053,0.6999999954917465,0.2866852723168134,50.58392667780212,,,CONVERGENCE: RELATIVE REDUCTION OF F <= FACTR*EPSMCH
RAR_sharp_coherence_gated_RG,extended_gas,NGC5585,61,41.723141787081985,True,True,505,False,-0.6256916425056933,6.480264279537615e-09,-0.07839932105651724,0.8013180654213896,0.26744567348009485,0.7000000045361849,0.9767329454009956,52.60263613084278,,,CONVERGENCE: RELATIVE REDUCTION OF F <= FACTR*EPSMCH
RAR_sharp_coherence_gated_RG,extended_gas,NGC5907,62,105.49127088233476,True,True,630,True,0.4030354392754445,4.040975079216837e-08,-5.0,-0.35352382172871694,0.7481799603176572,0.7000000282868261,0.7709624520442524,87.29295235654257,,,CONVERGENCE: RELATIVE REDUCTION OF F <= FACTR*EPSMCH
RAR_sharp_coherence_gated_RG,extended_gas,NGC5985,63,155.71312466207854,True,True,765,False,0.3954456701847141,1.3774836050394643,0.343549227423812,1.177371199798548,0.7425229420674924,2.775438245680609,1.0894478039918436,62.35474239959709,,,CONVERGENCE: RELATIVE REDUCTION OF F <= FACTR*EPSMCH
RAR_sharp_coherence_gated_RG,extended_gas,NGC6015,64,147.72403052831754,True,True,735,False,0.9367357655862218,1.6411767124264782e-07,-1.7399183856136662,1.6821652677859733,1.2758193313239283,0.7000001148823793,0.5933472226460408,63.364330535571945,,,CONVERGENCE: RELATIVE REDUCTION OF F <= FACTR*EPSMCH
RAR_sharp_coherence_gated_RG,extended_gas,NGC6195,65,84.62673561189372,True,True,825,False,0.22247298317471612,0.5015303524367956,-4.6621045530719485,-1.675665340900778,0.6245810354006718,1.1558724288541633,0.6269176735432557,53.62167329549611,,,CONVERGENCE: RELATIVE REDUCTION OF F <= FACTR*EPSMCH
RAR_sharp_coherence_gated_RG,extended_gas,NGC6503,66,36.217919303774146,True,True,645,False,-0.14990329529233656,0.0,1.0110749521142113,0.585336142536038,0.43039560748150796,0.7,1.0513438541008215,75.17067228507207,,,CONVERGENCE: RELATIVE REDUCTION OF F <= FACTR*EPSMCH
RAR_sharp_coherence_gated_RG,extended_gas,NGC6674,67,53.47109549504948,True,True,780,False,1.2613909055418069,0.3634054436193075,-2.20087864305736,-0.9987540067160047,1.765164213701661,1.0067532003940207,0.6450313929234747,48.007475959703974,,,CONVERGENCE: RELATIVE REDUCTION OF F <= FACTR*EPSMCH
RAR_sharp_coherence_gated_RG,extended_gas,NGC6946,68,76.55097080313254,True,True,625,False,0.12144221958604445,-0.06980276580699918,-1.1139645827799907,1.3825524549845423,0.5645620613905332,0.6528044165898129,0.7153405216922029,40.76510490996908,,,CONVERGENCE: RELATIVE REDUCTION OF F <= FACTR*EPSMCH
RAR_sharp_coherence_gated_RG,extended_gas,NGC7331,69,48.47059719316982,True,True,610,False,-0.29668913033532485,-0.19445391828508402,-0.2561358039044652,0.15827841234791887,0.371637519056245,0.5762988810084243,0.9742022904334317,75.31655682469584,,,CONVERGENCE: RELATIVE REDUCTION OF F <= FACTR*EPSMCH
RAR_sharp_coherence_gated_RG,extended_gas,NGC7793,70,65.86735882277797,True,True,450,False,-0.377895385001036,-4.2189027271547977e-08,-0.5498351699132212,0.8471728894899102,0.3426510949019009,0.6999999704676815,0.9729567927110873,54.62455600540919,,,CONVERGENCE: RELATIVE REDUCTION OF F <= FACTR*EPSMCH
RAR_sharp_coherence_gated_RG,extended_gas,NGC7814,71,30.520951642114976,True,True,685,False,0.6876747904009504,-0.3054811848274225,-0.14887472043306577,-9.041236571798925e-09,0.9945425560916974,0.5157381369914137,0.9931998020171308,89.5,,,CONVERGENCE: RELATIVE REDUCTION OF F <= FACTR*EPSMCH
RAR_sharp_coherence_gated_RG,extended_gas,UGC00128,72,52.584965220195,True,True,765,False,1.4253313703435104,-5.067688187537667e-08,-2.455044072948689,-0.5850145949889142,2.079617930921174,0.6999999645261835,0.6912814855875858,51.14985405011086,,,CONVERGENCE: RELATIVE REDUCTION OF F <= FACTR*EPSMCH
RAR_sharp_coherence_gated_RG,extended_gas,UGC00191,73,11.167451561073642,True,True,360,False,-0.011010472879977183,3.737880893482935e-09,0.23270221186111095,0.6083881836946645,0.4945249602600097,0.7000000026165166,1.071867456911678,48.04194091847332,,,CONVERGENCE: RELATIVE REDUCTION OF F <= FACTR*EPSMCH
RAR_sharp_coherence_gated_RG,extended_gas,UGC00731,74,29.614799846151808,True,True,335,False,0.8451501246263579,3.555498813790333e-09,0.12968304355684002,0.540385259609117,1.1641636638022084,0.7000000024888491,1.0396716197643041,58.62115577882735,,,CONVERGENCE: RELATIVE REDUCTION OF F <= FACTR*EPSMCH
RAR_sharp_coherence_gated_RG,extended_gas,UGC01281,75,29.67476632296972,True,True,340,False,-0.22824109370972107,-2.239379206563678e-08,-0.2343403994877238,-1.4897736277747972e-07,0.39796617121011074,0.6999999843243457,0.9893846957180435,89.5,,,CONVERGENCE: RELATIVE REDUCTION OF F <= FACTR*EPSMCH
RAR_sharp_coherence_gated_RG,extended_gas,UGC02259,76,17.114730384644787,True,True,435,False,0.41886240536365693,-2.41702679647151e-08,0.39023870896380775,0.7642271244298882,0.7601155823722708,0.6999999830808126,1.1221127958662098,43.29268137328967,,,CONVERGENCE: RELATIVE REDUCTION OF F <= FACTR*EPSMCH
RAR_sharp_coherence_gated_RG,extended_gas,UGC02487,77,40.4664301116047,True,True,840,False,0.4461187138286172,0.1881918612101411,-0.6232098714631252,1.0906358501600744,0.7811184573256218,0.8449455574713493,0.9104674371225004,41.453179250800375,,,CONVERGENCE: RELATIVE REDUCTION OF F <= FACTR*EPSMCH
RAR_sharp_coherence_gated_RG,extended_gas,UGC02885,78,41.128444585093874,True,True,545,False,0.03575576616077399,0.2178394720339998,-0.4067176664507739,0.32029581406188645,0.518201345484705,0.8703712171971844,0.9601442295935521,65.28118325624754,,,CONVERGENCE: RELATIVE REDUCTION OF F <= FACTR*EPSMCH
RAR_sharp_coherence_gated_RG,extended_gas,UGC02916,79,178.83558488872427,True,True,1285,False,0.9758269479097256,-0.09343223346763359,-4.908039856232221,3.719002464415894,1.3266802474534258,0.6375598159523419,0.47928708744444315,68.59501232207947,,,CONVERGENCE: RELATIVE REDUCTION OF F <= FACTR*EPSMCH
RAR_sharp_coherence_gated_RG,extended_gas,UGC02953,80,283.493373866726,True,True,850,False,0.36196431966213755,-0.020224355204094657,-1.2216186738963069,3.9117068597637283,0.7180738494055284,0.6859851497105487,0.6931661164993845,65.64682743905492,,,CONVERGENCE: RELATIVE REDUCTION OF F <= FACTR*EPSMCH
RAR_sharp_coherence_gated_RG,extended_gas,UGC03205,81,134.95690764114863,True,True,605,False,0.006924171581480141,0.4249612953406906,-0.046159326720934035,0.9465882735260247,0.5034740995411786,1.0706718529730928,0.990810617492225,70.7863530941041,,,CONVERGENCE: RELATIVE REDUCTION OF F <= FACTR*EPSMCH
RAR_sharp_coherence_gated_RG,extended_gas,UGC03546,82,58.59854065610919,True,True,655,False,0.06014443522495229,-0.4402472893592271,-0.47978762813198333,0.8443516534101374,0.5309949621110627,0.4507140241937872,0.886596911236565,59.22175826705069,,,CONVERGENCE: RELATIVE REDUCTION OF F <= FACTR*EPSMCH
RAR_sharp_coherence_gated_RG,extended_gas,UGC03580,83,91.56019894972164,True,True,560,False,0.059058685945856955,-1.3069379912877772,-1.4191755380380444,0.907343042320483,0.5304187475826078,0.1894532597598774,0.7001169652885403,66.62937216928194,,,CONVERGENCE: RELATIVE REDUCTION OF F <= FACTR*EPSMCH
RAR_sharp_coherence_gated_RG,extended_gas,UGC04278,84,40.980607015782056,True,True,355,False,0.120369722885969,-2.335107584946973e-08,0.022547758732257544,0.0,0.5639568950201793,0.699999983654247,1.0067800962470381,89.5,,,CONVERGENCE: RELATIVE REDUCTION OF F <= FACTR*EPSMCH
RAR_sharp_coherence_gated_RG,extended_gas,UGC04325,85,16.381564214175558,True,True,430,False,0.3129316750760225,-1.5358187994590382e-08,0.9958659725892578,0.8505476603168073,0.6837140492074423,0.6999999892492684,1.348185739273639,43.55164298095042,,,CONVERGENCE: RELATIVE REDUCTION OF F <= FACTR*EPSMCH
RAR_sharp_coherence_gated_RG,extended_gas,UGC04483,86,8.773051271908415,True,True,310,False,-0.19220124224971896,7.084456616320137e-09,-1.3631144865208193,-0.8993792745467739,0.41257039929572964,0.7000000049591195,0.8811595098215945,55.30186217635968,,,CONVERGENCE: RELATIVE REDUCTION OF F <= FACTR*EPSMCH
RAR_sharp_coherence_gated_RG,extended_gas,UGC04499,87,10.1251528877932,True,True,370,False,-0.09475551524548792,-1.7573674831562076e-09,-0.5605055641960938,0.05992944947940791,0.45479764473348544,0.6999999987698428,0.8452256302176886,50.17978834843822,,,CONVERGENCE: RELATIVE REDUCTION OF F <= FACTR*EPSMCH
RAR_sharp_coherence_gated_RG,extended_gas,UGC05005,88,19.500845869508005,True,True,320,False,-0.12633661523858555,-1.9233899457118274e-08,-0.8469616546759746,-0.38506950782555177,0.4406590658668154,0.6999999865362705,0.844710387532013,37.14930492174448,,,CONVERGENCE: NORM OF PROJECTED GRADIENT <= PGTOL
RAR_sharp_coherence_gated_RG,extended_gas,UGC05253,89,108.87661698185548,True,True,1005,False,-0.1442277572207204,0.4657169937045928,-3.24299678824837,2.278524176527163,0.432845279164398,1.1152092436430951,0.4448397744086895,46.114096706108654,,,CONVERGENCE: RELATIVE REDUCTION OF F <= FACTR*EPSMCH
RAR_sharp_coherence_gated_RG,extended_gas,UGC05716,90,9.4588753000582,True,True,425,False,0.35797082225627935,7.497041252724708e-09,-0.31141817591457355,0.1598954027381294,0.7152119416647617,0.7000000052479288,0.9254371766758256,55.598954027381296,,,CONVERGENCE: RELATIVE REDUCTION OF F <= FACTR*EPSMCH
RAR_sharp_coherence_gated_RG,extended_gas,UGC05721,91,36.29088005232449,True,True,365,False,-0.24638905882709158,-4.5731328817768356e-09,1.9157558224036308,1.0840949301438256,0.3908090351763091,0.699999996798807,1.774443362786562,66.42047465071913,,,CONVERGENCE: RELATIVE REDUCTION OF F <= FACTR*EPSMCH
RAR_sharp_coherence_gated_RG,extended_gas,UGC05750,92,16.223950999658246,True,True,300,False,-0.14108142913845978,-6.887633056676085e-09,-1.022431359053175,-0.36343674912967133,0.43420929712026235,0.6999999951786569,0.8156339989129401,60.365632508703285,,,CONVERGENCE: RELATIVE REDUCTION OF F <= FACTR*EPSMCH
RAR_sharp_coherence_gated_RG,extended_gas,UGC05764,93,13.630142525478623,True,True,355,False,0.36315544024909724,-4.185245521525647e-09,0.7790947533256724,1.039761867713584,0.7189296715430117,0.6999999970703281,1.2631696147867597,70.39761867713584,,,CONVERGENCE: RELATIVE REDUCTION OF F <= FACTR*EPSMCH
RAR_sharp_coherence_gated_RG,extended_gas,UGC05829,94,13.020648344892434,True,True,320,False,0.06372473434066339,1.4482499028437709e-08,-0.8130095077471775,0.20696082072177402,0.5328994902601409,0.7000000101377493,0.7837112299093543,36.06960820721774,,,CONVERGENCE: RELATIVE REDUCTION OF F <= FACTR*EPSMCH
RAR_sharp_coherence_gated_RG,extended_gas,UGC05918,95,8.283687715637711,True,True,315,False,0.040076672274250116,3.584843824079044e-11,-0.15716011213025946,0.26302004112034666,0.5204452892904312,0.7000000000250939,0.9539070276171034,47.31510020560173,,,CONVERGENCE: NORM OF PROJECTED GRADIENT <= PGTOL
RAR_sharp_coherence_gated_RG,extended_gas,UGC05986,96,26.234566299207497,True,True,505,False,-0.3875127983591177,4.0772726623264264e-10,1.6404553931399286,2.3525765066991908e-08,0.33937147369991816,0.700000000285409,1.6361185607863578,89.5,,,CONVERGENCE: RELATIVE REDUCTION OF F <= FACTR*EPSMCH
RAR_sharp_coherence_gated_RG,extended_gas,UGC06399,97,11.172660837077064,True,True,390,False,0.0679874189010705,3.5537360850480985e-08,0.4998844435360553,0.11513855563225865,0.5351759210958241,0.700000024876153,1.0718953053243416,75.23027711126451,,,CONVERGENCE: RELATIVE REDUCTION OF F <= FACTR*EPSMCH
RAR_sharp_coherence_gated_RG,extended_gas,UGC06446,98,21.676080510678396,True,True,430,False,0.41125352087001743,-8.50148470152247e-09,0.3945413469629524,0.5136124280373251,0.7543538984954946,0.6999999940489606,1.125651978336161,52.54083728411197,,,CONVERGENCE: RELATIVE REDUCTION OF F <= FACTR*EPSMCH
RAR_sharp_coherence_gated_RG,extended_gas,UGC06614,99,27.419987320872526,True,True,535,False,0.09898457955906284,-0.2752579140477867,-0.7467524850252872,-0.7880107292773049,0.5520246372504931,0.5315633709156036,0.9280448213418574,28.119892707226953,,,CONVERGENCE: RELATIVE REDUCTION OF F <= FACTR*EPSMCH
RAR_sharp_coherence_gated_RG,extended_gas,UGC06667,100,20.629087006589906,True,True,320,False,0.6657768811250928,-1.3167711072271326e-09,3.138512635145669,0.015595726760553161,0.9730008731329167,0.6999999990782602,1.5463611607143228,89.01559572676055,,,CONVERGENCE: RELATIVE REDUCTION OF F <= FACTR*EPSMCH
RAR_sharp_coherence_gated_RG,extended_gas,UGC06786,101,79.00501821221904,True,True,690,False,0.025136222557486685,-0.3670190963881746,1.1302365325897532,1.0621956145258227,0.512727400542991,0.4849574905061615,1.3262643886610572,67.18658684357747,,,CONVERGENCE: RELATIVE REDUCTION OF F <= FACTR*EPSMCH
RAR_sharp_coherence_gated_RG,extended_gas,UGC06787,102,216.81495859732732,True,True,790,False,-1.379619620972898,0.11306670495523326,-1.2352160955527927,1.2700161336321616,0.12583713323377077,0.7837946343062753,0.7345376193430112,69.81004840089649,,,CONVERGENCE: RELATIVE REDUCTION OF F <= FACTR*EPSMCH
RAR_sharp_coherence_gated_RG,extended_gas,UGC06818,103,17.75258823617682,True,True,295,False,-0.4647609599504636,0.0,-1.7044766970103342,-0.2732074952428721,0.3141426362917982,0.7,0.7892020757951682,74.18037751427138,,,CONVERGENCE: RELATIVE REDUCTION OF F <= FACTR*EPSMCH
RAR_sharp_coherence_gated_RG,extended_gas,UGC06917,104,13.601826441175142,True,True,420,False,0.019510040324435905,-1.401953096725263e-09,0.46072279121292126,0.3120063799784291,0.5098508024721015,0.6999999990186327,1.0660809666421036,56.624012759956855,,,CONVERGENCE: RELATIVE REDUCTION OF F <= FACTR*EPSMCH
RAR_sharp_coherence_gated_RG,extended_gas,UGC06930,105,16.671888050933205,True,True,375,False,0.0988277070512966,-1.1316385943726714e-08,-0.5555554223974821,-0.1532688030249973,0.5519380465533263,0.6999999920785298,0.9257412830452056,31.233655984875014,,,CONVERGENCE: RELATIVE REDUCTION OF F <= FACTR*EPSMCH
RAR_sharp_coherence_gated_RG,extended_gas,UGC06983,106,23.053014694667226,True,True,480,False,0.2698312931028748,-1.108051263901048e-08,0.5105625402464169,0.2638289860380422,0.6548717346682434,0.6999999922436412,1.0734861794059825,49.26382898603804,,,CONVERGENCE: RELATIVE REDUCTION OF F <= FACTR*EPSMCH
RAR_sharp_coherence_gated_RG,extended_gas,UGC07089,107,17.175533741450863,True,True,360,False,-0.39522768047636386,3.5719640600050392e-09,-1.8712690363268458,-0.19391844988438506,0.33676333645826845,0.7000000025003748,0.7711298690410617,79.41824465034685,,,CONVERGENCE: RELATIVE REDUCTION OF F <= FACTR*EPSMCH
RAR_sharp_coherence_gated_RG,extended_gas,UGC07125,108,16.91205326423422,True,True,355,False,0.10703538787569233,-2.5226657120845017e-08,-2.5210758836266622,0.0,0.5564868197776249,0.6999999823413402,0.47178604885085884,89.5,,,CONVERGENCE: RELATIVE REDUCTION OF F <= FACTR*EPSMCH
RAR_sharp_coherence_gated_RG,extended_gas,UGC07151,109,13.09767096878307,True,True,425,False,-0.014377812451608725,-1.2690716365124715e-08,-0.26758798533357325,1.9243720603503087e-08,0.49286252735108327,0.6999999911164985,0.9868442301734017,89.5,,,CONVERGENCE: RELATIVE REDUCTION OF F <= FACTR*EPSMCH
RAR_sharp_coherence_gated_RG,extended_gas,UGC07323,110,12.28487410641818,True,True,360,False,-0.15252977697032988,6.722673374258869e-09,-0.7250498297003071,0.06499003245252817,0.42926666452715373,0.7000000047058713,0.8045155781988886,47.19497009735758,,,CONVERGENCE: RELATIVE REDUCTION OF F <= FACTR*EPSMCH
RAR_sharp_coherence_gated_RG,extended_gas,UGC07399,111,14.85570500754106,True,True,485,False,0.06737804922862882,-1.1399805061258313e-08,2.2201954126504777,0.740643528969066,0.5348499004637186,0.6999999920201364,1.947062822489953,57.2219305869072,,,CONVERGENCE: RELATIVE REDUCTION OF F <= FACTR*EPSMCH
RAR_sharp_coherence_gated_RG,extended_gas,UGC07524,112,32.860071045805824,True,True,450,False,-0.11564016042063083,-6.668886361202741e-09,-0.2574246127225576,0.36836251370641276,0.44539785459277903,0.6999999953317795,0.9870504191649416,47.10508754111924,,,CONVERGENCE: RELATIVE REDUCTION OF F <= FACTR*EPSMCH
RAR_sharp_coherence_gated_RG,extended_gas,UGC07577,113,27.848222606113794,True,True,300,False,-0.5982143504968691,-5.2485197820080395e-08,-1.4592346739686992,-1.4655016092454831,0.2748962483977079,0.6999999632603625,0.929374556254926,58.60349517226355,,,CONVERGENCE: RELATIVE REDUCTION OF F <= FACTR*EPSMCH
RAR_sharp_coherence_gated_RG,extended_gas,UGC07603,114,15.41770816754854,True,True,360,False,-0.19531971044705393,2.5547778557568907e-09,0.8142506621700019,0.1487612038596704,0.4112858156340431,0.7000000017883445,1.276695627063372,78.446283611579,,,CONVERGENCE: RELATIVE REDUCTION OF F <= FACTR*EPSMCH
RAR_sharp_coherence_gated_RG,extended_gas,UGC08286,115,26.751998219571473,True,True,495,False,0.7316065700529021,1.1871915867158508e-08,0.36658054348356994,-3.49533515638643e-08,1.0392085247159217,0.700000008310341,1.0119137818189783,89.5,,,CONVERGENCE: RELATIVE REDUCTION OF F <= FACTR*EPSMCH
RAR_sharp_coherence_gated_RG,extended_gas,UGC08490,116,32.771947542548325,True,True,380,False,0.3584115898125424,0.0,0.5745472820123046,1.050228885385888,0.7155272533689793,0.7,1.067677826334619,53.15068665615767,,,CONVERGENCE: RELATIVE REDUCTION OF F <= FACTR*EPSMCH
RAR_sharp_coherence_gated_RG,extended_gas,UGC08550,117,8.57570538778164,True,True,365,False,0.04355443987803033,4.497668244395685e-09,0.39162412369284116,-2.387481559774102e-08,0.5222584280672427,0.7000000031483677,1.1240100845944843,89.5,,,CONVERGENCE: RELATIVE REDUCTION OF F <= FACTR*EPSMCH
RAR_sharp_coherence_gated_RG,extended_gas,UGC08699,118,61.536571551201554,True,True,680,False,0.16175677973108674,-0.16773300120522883,0.13111356905441188,0.7276756286298116,0.5877871415268671,0.5919057012920095,1.0333042850107552,79.5490806576683,,,CONVERGENCE: RELATIVE REDUCTION OF F <= FACTR*EPSMCH
RAR_sharp_coherence_gated_RG,extended_gas,UGC08837,119,25.661460421712967,True,True,350,False,-0.8981483690009183,6.893564167229843e-09,-2.040002069325518,-2.862083414018106,0.2036615870629351,0.7000000048254948,0.9031572191426179,65.68958292990948,,,CONVERGENCE: RELATIVE REDUCTION OF F <= FACTR*EPSMCH
RAR_sharp_coherence_gated_RG,extended_gas,UGC09037,120,45.771516834716365,True,True,515,False,-0.9300288106722254,-4.087582461275442e-08,-0.6234735690780049,0.16656590877939154,0.19727117158886265,0.6999999713869234,0.9392762288358503,65.83282954389696,,,CONVERGENCE: RELATIVE REDUCTION OF F <= FACTR*EPSMCH
RAR_sharp_coherence_gated_RG,extended_gas,UGC09133,121,145.13894703505224,True,True,980,False,0.8625833253935155,0.2783746741580457,-3.4654775254121253,1.74876307792379,1.1846366994443,0.9246867293721589,0.5006331520344159,63.49257846754274,,,CONVERGENCE: RELATIVE REDUCTION OF F <= FACTR*EPSMCH
RAR_sharp_coherence_gated_RG,extended_gas,UGC11455,122,112.17193924748275,True,True,585,False,-0.21675571789855919,-2.8727905866299956e-08,0.44556830261693714,0.0,0.4025633116539823,0.6999999798904661,1.0691799293681963,89.5,,,CONVERGENCE: RELATIVE REDUCTION OF F <= FACTR*EPSMCH
RAR_sharp_coherence_gated_RG,extended_gas,UGC11557,123,24.39229419489025,True,True,340,False,-0.20442632592193535,-6.437979943502924e-09,-1.2079800131518035,-0.6673439777048582,0.40755739626812576,0.699999995493414,0.7393417591581787,23.326560222951418,,,CONVERGENCE: RELATIVE REDUCTION OF F <= FACTR*EPSMCH
RAR_sharp_coherence_gated_RG,extended_gas,UGC11820,124,13.741840777224752,True,True,445,False,0.24531737841404044,-2.3576926598846678e-08,-0.9009963621330606,0.14384419824197353,0.6390134334923097,0.6999999834961516,0.7631513477096573,46.43844198241973,,,CONVERGENCE: RELATIVE REDUCTION OF F <= FACTR*EPSMCH
RAR_sharp_coherence_gated_RG,extended_gas,UGC11914,125,92.7269402921232,True,True,830,False,-0.2094850567927899,0.05674960956712535,-1.106850400315442,2.695592890955917,0.4055008791549334,0.740873536404756,0.7160395019010443,44.47796445477958,,,CONVERGENCE: RELATIVE REDUCTION OF F <= FACTR*EPSMCH
RAR_sharp_coherence_gated_RG,extended_gas,UGC12506,126,77.01959833700161,True,True,520,False,0.600400791320306,1.801592660225429e-09,0.25149944726772033,0.11342092882704621,0.9114246180783259,0.7000000012611148,1.0255714244362888,86.45368371530819,,,CONVERGENCE: RELATIVE REDUCTION OF F <= FACTR*EPSMCH
RAR_sharp_coherence_gated_RG,extended_gas,UGC12632,127,17.470288978532164,True,True,410,False,0.16119534571149674,1.2345987644323475e-08,-0.1974045836226407,0.3858114614446912,0.5874572304496534,0.7000000086421913,0.9425171439958837,47.157434384334074,,,CONVERGENCE: RELATIVE REDUCTION OF F <= FACTR*EPSMCH
RAR_sharp_coherence_gated_RG,extended_gas,UGC12732,128,17.794475885139665,True,True,395,False,0.2746384595816602,-2.634173442105603e-08,-0.5119568934632631,0.6316453489149477,0.6580273909245685,0.699999981560786,0.8562966128138877,42.789872093489684,,,CONVERGENCE: RELATIVE REDUCTION OF F <= FACTR*EPSMCH
RAR_sharp_coherence_gated_RG,extended_gas,UGCA442,129,7.104585094267055,True,True,295,False,-0.07819376195886782,-9.136776128442017e-09,-0.39974198181949533,-0.9309353086448361,0.46239261049326985,0.6999999936042567,0.9799861541240876,57.48345283948615,,,CONVERGENCE: RELATIVE REDUCTION OF F <= FACTR*EPSMCH
RAR_sharp_coherence_gated_RG,extended_gas,UGCA444,130,45.3141996856224,True,True,280,False,-0.040834355546943875,0.0,-2.447807455663494,-1.794125099107479,0.47999406674386,0.7,0.8825956281873433,70.82349960357008,,,CONVERGENCE: RELATIVE REDUCTION OF F <= FACTR*EPSMCH
RAR_sharp_coherence_gated_RG,thin_gas,CamB,0,46.33718987231147,True,True,260,True,-0.7349956717414817,1.4879011688816799e-08,-3.439279194126618,-5.0,0.23975376720148647,0.700000010415308,0.7663358954516932,40.0,,,CONVERGENCE: RELATIVE REDUCTION OF F <= FACTR*EPSMCH
RAR_sharp_coherence_gated_RG,thin_gas,D631-7,1,56.32430609481946,True,True,290,False,-0.6754541280491696,-3.8524696879148405e-08,-1.3131310744087275,-3.6327131684092318,0.25446262544491793,0.6999999730327127,0.9698469089392227,48.1018604947723,,,CONVERGENCE: RELATIVE REDUCTION OF F <= FACTR*EPSMCH
RAR_sharp_coherence_gated_RG,thin_gas,DDO064,2,15.779022835016175,True,True,295,False,-0.05425429075028872,-7.376148397372812e-10,-0.2220256826237556,0.30598351171899524,0.4735956069551327,0.6999999994836695,0.9355621459079565,61.529917558594974,,,CONVERGENCE: RELATIVE REDUCTION OF F <= FACTR*EPSMCH
RAR_sharp_coherence_gated_RG,thin_gas,DDO154,3,12.630101386589756,True,True,295,False,-0.45043910403841303,-3.281214927719103e-08,-1.1223297023350207,-1.1509054178812648,0.3186741139938436,0.6999999770314959,0.9459544356612242,60.54728374635621,,,CONVERGENCE: RELATIVE REDUCTION OF F <= FACTR*EPSMCH
RAR_sharp_coherence_gated_RG,thin_gas,DDO161,4,35.4364560055115,True,True,435,False,-0.4175329752562913,0.0,-2.01794914251032,0.23185449150727522,0.32933488584269555,0.7,0.5458643688731016,72.31854491507275,,,CONVERGENCE: RELATIVE REDUCTION OF F <= FACTR*EPSMCH
RAR_sharp_coherence_gated_RG,thin_gas,DDO168,5,29.74900272381692,True,True,285,False,-0.17097976715920082,-8.742529482363584e-09,-1.1948996288159566,-1.4878821824358757,0.42141931315942566,0.6999999938802294,0.9426670826915602,54.07270690538475,,,CONVERGENCE: RELATIVE REDUCTION OF F <= FACTR*EPSMCH
RAR_sharp_coherence_gated_RG,thin_gas,DDO170,6,7.533458466608687,True,True,410,False,0.00720459132168746,-2.7873029721434796e-09,-1.248451669583635,-0.22087701938188767,0.5036153034146245,0.6999999980488879,0.6876085982155856,64.45386086432678,,,CONVERGENCE: RELATIVE REDUCTION OF F <= FACTR*EPSMCH
RAR_sharp_coherence_gated_RG,thin_gas,ESO079-G014,7,38.71728207059306,True,True,435,False,-0.026084458953812846,-1.931109765314429e-09,0.456579183422632,0.2627514809084719,0.48712640088071973,0.6999999986482232,1.120825259085388,80.31375740454236,,,CONVERGENCE: RELATIVE REDUCTION OF F <= FACTR*EPSMCH
RAR_sharp_coherence_gated_RG,thin_gas,ESO116-G012,8,22.213983644309724,True,True,510,False,-0.4392677329980827,1.1189104484560601e-08,1.1814233468079995,0.27274688279490994,0.3222541002077354,0.7000000078323732,1.4253636926119886,74.81824064838473,,,CONVERGENCE: RELATIVE REDUCTION OF F <= FACTR*EPSMCH
RAR_sharp_coherence_gated_RG,thin_gas,ESO563-G021,9,243.173603406095,True,True,660,False,0.4138175586271243,4.850245107662317e-09,0.31122578115484634,0.43463867012809226,0.7562905721646423,0.7000000033951715,1.0476834515989208,84.30391601038427,,,CONVERGENCE: RELATIVE REDUCTION OF F <= FACTR*EPSMCH
RAR_sharp_coherence_gated_RG,thin_gas,F568-3,10,38.027767945432856,True,True,355,False,-0.31766281349038716,-3.015504628971223e-08,-0.7599637238938914,0.8299047721086128,0.36392408381308033,0.6999999788914679,0.9268195686937857,48.299047721086126,,,CONVERGENCE: RELATIVE REDUCTION OF F <= FACTR*EPSMCH
RAR_sharp_coherence_gated_RG,thin_gas,F568-V1,11,25.949209296446043,True,True,385,False,0.20943815924204445,-3.0448245231337726e-09,0.5952150854605786,2.07422550697588,0.6164925620092592,0.6999999978686228,1.061328588368869,60.7422550697588,,,CONVERGENCE: RELATIVE REDUCTION OF F <= FACTR*EPSMCH
RAR_sharp_coherence_gated_RG,thin_gas,F571-8,12,83.48864121368041,True,True,375,False,-0.6954739732292561,-1.1578234531238089e-08,0.3299720200384668,0.2087841428397779,0.24941897805361107,0.6999999918952359,1.0684852996960457,86.04392071419889,,,CONVERGENCE: RELATIVE REDUCTION OF F <= FACTR*EPSMCH
RAR_sharp_coherence_gated_RG,thin_gas,F574-1,13,19.82046932443162,True,True,385,False,0.13886799497974184,-3.077886809727558e-08,0.44130853926535163,0.9019932659827232,0.5744862099324975,0.6999999784547926,1.045119103879617,74.01993265982723,,,CONVERGENCE: RELATIVE REDUCTION OF F <= FACTR*EPSMCH
RAR_sharp_coherence_gated_RG,thin_gas,F583-1,14,41.540810104264565,True,True,345,False,-0.004241501241549305,0.0,1.0194286383375055,0.9420876720071958,0.497883740610323,0.7,1.2902773039628834,67.71043836003598,,,CONVERGENCE: RELATIVE REDUCTION OF F <= FACTR*EPSMCH
RAR_sharp_coherence_gated_RG,thin_gas,F583-4,15,14.084671491723629,True,True,335,False,-0.094259657606158,-4.319600048449348e-09,-0.6441695608168609,0.060784546410379725,0.45502321554085795,0.6999999969762799,0.8786950749029682,55.6078454641038,,,CONVERGENCE: RELATIVE REDUCTION OF F <= FACTR*EPSMCH
RAR_sharp_coherence_gated_RG,thin_gas,IC2574,16,42.18641969407051,True,True,370,False,-0.8154335755596022,-1.4242956243377958e-08,-1.3143220005419434,-2.482454345149587,0.22122372568333262,0.6999999900299306,0.9349813028635324,57.62281958395289,,,CONVERGENCE: RELATIVE REDUCTION OF F <= FACTR*EPSMCH
RAR_sharp_coherence_gated_RG,thin_gas,IC4202,17,381.3444133486141,True,True,625,False,0.4464119466079263,-0.5553410148402012,-0.19453587691741653,0.0,0.7813475404475319,0.40171356918838574,0.980810426392816,89.5,,,CONVERGENCE: RELATIVE REDUCTION OF F <= FACTR*EPSMCH
RAR_sharp_coherence_gated_RG,thin_gas,KK98-251,18,15.173687304054626,True,True,290,False,-0.08992211520269129,2.126624841118737e-08,-2.4899172604531112,-0.6013261540356536,0.4570011846941957,0.700000014886374,0.4737975405681588,55.99336922982173,,,CONVERGENCE: RELATIVE REDUCTION OF F <= FACTR*EPSMCH
RAR_sharp_coherence_gated_RG,thin_gas,NGC0024,19,50.88718055228244,True,True,455,False,0.725079990098082,1.4134764905275308e-08,0.8618381780170783,1.1757233215571858,1.032448132307683,0.7000000098943354,1.0434177350007894,67.52716996467156,,,CONVERGENCE: RELATIVE REDUCTION OF F <= FACTR*EPSMCH
RAR_sharp_coherence_gated_RG,thin_gas,NGC0055,20,38.87647410201653,True,True,345,False,-0.8330075085377737,-9.794841587770909e-09,-3.3089435249855113,-1.9820475332232534,0.21736991722544238,0.6999999931436108,0.8415547838889718,71.05385740033024,,,CONVERGENCE: RELATIVE REDUCTION OF F <= FACTR*EPSMCH
RAR_sharp_coherence_gated_RG,thin_gas,NGC0100,21,29.53845921797448,True,True,410,False,-0.23608994019223276,-8.234187417031652e-09,-0.09317855948643494,0.004091795048045836,0.39485482205071687,0.6999999942360687,0.9724335179359337,89.00409179504804,,,CONVERGENCE: RELATIVE REDUCTION OF F <= FACTR*EPSMCH
RAR_sharp_coherence_gated_RG,thin_gas,NGC0247,22,40.73680217363549,True,True,505,False,0.14741032652374964,-1.2700115196152227e-07,-1.1870787535625904,-0.291905153683959,0.5794146819564513,0.6999999110991992,0.9408626628306562,73.12428453894812,,,CONVERGENCE: RELATIVE REDUCTION OF F <= FACTR*EPSMCH
RAR_sharp_coherence_gated_RG,thin_gas,NGC0289,23,58.00558739278213,True,True,510,False,0.39673323892766676,1.4481423541794071e-08,-1.6516422253282537,0.6062248877890337,0.7434796071524883,0.7000000101369965,0.661721466976144,49.03112443894517,,,CONVERGENCE: RELATIVE REDUCTION OF F <= FACTR*EPSMCH
RAR_sharp_coherence_gated_RG,thin_gas,NGC0300,24,34.41651517545165,True,True,400,False,-0.08350172786154228,-1.071288932516321e-08,-0.33645876647917866,0.349263549547975,0.45994474861408896,0.6999999925009774,0.9839542250849226,45.49263549547975,,,CONVERGENCE: RELATIVE REDUCTION OF F <= FACTR*EPSMCH
RAR_sharp_coherence_gated_RG,thin_gas,NGC0801,25,87.49527297550813,True,True,505,True,0.485688142224988,-1.9075072332982122e-07,-5.0,-0.387571054916455,0.8126465284462505,0.6999998664745064,0.6065306597126334,79.61242894508355,,,CONVERGENCE: RELATIVE REDUCTION OF F <= FACTR*EPSMCH
RAR_sharp_coherence_gated_RG,thin_gas,NGC0891,26,64.06881287400174,True,True,645,False,-0.41823671864332485,-0.4089860413151576,2.2546302312426287,-2.8449892158659646e-07,0.3291032001278711,0.46502645373795903,1.1204779208629696,89.5,,,CONVERGENCE: RELATIVE REDUCTION OF F <= FACTR*EPSMCH
RAR_sharp_coherence_gated_RG,thin_gas,NGC1003,27,52.05193096825946,True,True,545,False,-0.2173381045671403,-6.89566504793099e-09,-0.4881975286400256,0.8385853362931345,0.402328932404315,0.6999999951730345,0.8637609224540594,71.19292668146568,,,CONVERGENCE: RELATIVE REDUCTION OF F <= FACTR*EPSMCH
RAR_sharp_coherence_gated_RG,thin_gas,NGC1090,28,50.75595078853439,True,True,565,False,0.24694178364666317,-4.742883071692809e-08,-1.3470341452307197,0.21233400406685204,0.6400522937940097,0.6999999667998192,0.7140812437809838,64.63700201220055,,,CONVERGENCE: RELATIVE REDUCTION OF F <= FACTR*EPSMCH
RAR_sharp_coherence_gated_RG,thin_gas,NGC2403,29,114.29326691724636,True,True,605,False,-0.3049224551565596,0.0,2.1025576378248765,3.0092533810134814,0.3685902683622923,0.7,1.1123318911632725,72.02776014304044,,,CONVERGENCE: RELATIVE REDUCTION OF F <= FACTR*EPSMCH
RAR_sharp_coherence_gated_RG,thin_gas,NGC2683,30,17.504080699842813,True,True,525,False,0.06324953007959519,0.027006597567353026,-0.10791142170934054,0.03671410231912468,0.5326463143115574,0.7191622066398868,0.9946244293553881,80.18357051159562,,,CONVERGENCE: RELATIVE REDUCTION OF F <= FACTR*EPSMCH
RAR_sharp_coherence_gated_RG,thin_gas,NGC2841,31,80.78666688758403,True,True,640,False,0.43553986596223115,0.18201560096537311,1.2067256473086703,0.8934633080268748,0.7728986785520474,0.8397430364157491,1.1272902352232568,84.93463308026875,,,CONVERGENCE: RELATIVE REDUCTION OF F <= FACTR*EPSMCH
RAR_sharp_coherence_gated_RG,thin_gas,NGC2903,32,136.19952690085202,True,True,755,False,-0.7878419971113203,2.3010745965842233e-07,1.5008923711026139,0.8573450208516439,0.227412625597218,0.7000001610752403,1.5687320966374094,68.57203506255493,,,CONVERGENCE: RELATIVE REDUCTION OF F <= FACTR*EPSMCH
RAR_sharp_coherence_gated_RG,thin_gas,NGC2915,33,79.45181493705648,True,True,310,False,0.3935678133540295,5.1689955814530206e-08,1.9721377009224823,2.9361380914816513,0.741129898666187,0.70000003618297,1.1020252688288092,67.74455236592661,,,CONVERGENCE: RELATIVE REDUCTION OF F <= FACTR*EPSMCH
RAR_sharp_coherence_gated_RG,thin_gas,NGC2955,34,76.3585275658831,True,True,665,False,-0.2563732302319253,0.3047295849008046,-2.85665093728756,-0.15725080868869376,0.3869265447591428,0.9493807405026972,0.7512950062284022,54.89924433917914,,,CONVERGENCE: RELATIVE REDUCTION OF F <= FACTR*EPSMCH
RAR_sharp_coherence_gated_RG,thin_gas,NGC2976,35,32.519253377630584,True,True,390,False,-0.34626824758693253,-4.25888704575708e-08,-0.41383948747941707,0.05905075869832171,0.35366136202099535,0.6999999701877913,0.979407411850808,61.590507586983215,,,CONVERGENCE: RELATIVE REDUCTION OF F <= FACTR*EPSMCH
RAR_sharp_coherence_gated_RG,thin_gas,NGC2998,36,38.92735637413048,True,True,480,False,0.25173605331248233,7.451201450687748e-11,-1.1760264331137356,-0.14450171465876654,0.6431282446679377,0.7000000000521583,0.8384964526587021,57.71099657068247,,,CONVERGENCE: RELATIVE REDUCTION OF F <= FACTR*EPSMCH
RAR_sharp_coherence_gated_RG,thin_gas,NGC3109,37,31.05440284953166,True,True,315,False,-0.24573022885466037,2.0761921193963407e-08,0.0585218194552862,0.6048295009931905,0.39106659671749533,0.700000014533345,1.0030848441296445,73.02414750496595,,,CONVERGENCE: RELATIVE REDUCTION OF F <= FACTR*EPSMCH
RAR_sharp_coherence_gated_RG,thin_gas,NGC3198,38,57.06446842327086,True,True,635,False,-0.045689900915236184,-2.020460490112236e-08,-0.06853336650872745,0.35063063532071087,0.4776690828764771,0.6999999858567767,0.9930714534552186,74.05189190596214,,,CONVERGENCE: RELATIVE REDUCTION OF F <= FACTR*EPSMCH
RAR_sharp_coherence_gated_RG,thin_gas,NGC3521,39,71.97410402288239,True,True,600,False,0.26537781238503644,-5.5782575799679435e-09,-0.6949017350366558,0.44885957627858614,0.6519617605915381,0.6999999960952196,0.8125579447341827,77.24429788139292,,,CONVERGENCE: RELATIVE REDUCTION OF F <= FACTR*EPSMCH
RAR_sharp_coherence_gated_RG,thin_gas,NGC3726,40,24.44545003025661,True,True,445,False,-0.07864563255152314,-1.645365221717785e-08,-1.8566432798332042,-0.4649115764730077,0.46218371607050457,0.6999999884824435,0.7726978996833599,52.070176847053986,,,CONVERGENCE: RELATIVE REDUCTION OF F <= FACTR*EPSMCH
RAR_sharp_coherence_gated_RG,thin_gas,NGC3741,41,19.4191409950542,True,True,340,False,-0.2677324900450879,-3.829778889125695e-08,0.08491310251783707,0.3306050420206238,0.3825562144601713,0.6999999731915483,1.004507082063575,71.3224201680825,,,CONVERGENCE: RELATIVE REDUCTION OF F <= FACTR*EPSMCH
RAR_sharp_coherence_gated_RG,thin_gas,NGC3769,42,17.876720541488396,True,True,410,False,-0.27332359434317965,-6.92688431974033e-09,-0.43648618184381877,0.016996383052083012,0.3804232710760966,0.6999999951511809,0.9411779209468053,70.03399276610416,,,CONVERGENCE: RELATIVE REDUCTION OF F <= FACTR*EPSMCH
RAR_sharp_coherence_gated_RG,thin_gas,NGC3877,43,47.031122108224885,True,True,485,False,-0.12184656609403964,5.188125940629001e-09,-0.06874919606464797,0.05094268603346905,0.44264209534687954,0.7000000036316881,0.9904969427176205,76.05094268603347,,,CONVERGENCE: RELATIVE REDUCTION OF F <= FACTR*EPSMCH
RAR_sharp_coherence_gated_RG,thin_gas,NGC3893,44,16.458997648013092,True,True,535,False,-0.12264318209873637,1.2332360942623049e-09,0.5883126865655447,0.4496201076081317,0.44228961998177224,0.7000000008632653,1.085141176758774,49.89924021521627,,,CONVERGENCE: RELATIVE REDUCTION OF F <= FACTR*EPSMCH
RAR_sharp_coherence_gated_RG,thin_gas,NGC3917,45,32.29436112842323,True,True,595,False,0.05160015167038658,-3.760919767388195e-08,0.11941443118794942,0.11220275981590895,0.5264773180886043,0.699999973673562,1.0167236379052091,79.22440551963182,,,CONVERGENCE: RELATIVE REDUCTION OF F <= FACTR*EPSMCH
RAR_sharp_coherence_gated_RG,thin_gas,NGC3953,46,13.05751963027238,True,True,505,False,0.09068719969978957,6.684824824816153e-09,-0.06325678521546586,0.04038485710938385,0.5474632291809942,0.7000000046793774,0.9912528165613983,62.04038485710938,,,CONVERGENCE: RELATIVE REDUCTION OF F <= FACTR*EPSMCH
RAR_sharp_coherence_gated_RG,thin_gas,NGC3972,47,16.44964110650385,True,True,425,False,0.04375337332331063,-9.544267474751576e-09,0.1874956755872188,0.04028755420756416,0.5223623330704122,0.6999999933190127,1.0263830971114623,77.04028755420757,,,CONVERGENCE: RELATIVE REDUCTION OF F <= FACTR*EPSMCH
RAR_sharp_coherence_gated_RG,thin_gas,NGC3992,48,21.12318412539454,True,True,460,False,0.33637810997233386,-6.013144960256456e-09,-0.5184700193831266,-0.09314222655190992,0.6999341144466265,0.6999999957907985,0.9509292107152205,55.813715546896184,,,CONVERGENCE: RELATIVE REDUCTION OF F <= FACTR*EPSMCH
RAR_sharp_coherence_gated_RG,thin_gas,NGC4010,49,23.521142700648507,True,True,405,False,-0.25646745083568523,4.635563911706145e-09,-0.29625910621706014,0.0014558780942805054,0.3868900900239054,0.7000000032448948,0.9596879513039905,89.00145587809428,,,CONVERGENCE: RELATIVE REDUCTION OF F <= FACTR*EPSMCH
RAR_sharp_coherence_gated_RG,thin_gas,NGC4013,50,57.4962713088505,True,True,695,False,0.07400402876549346,0.011108392096412335,-1.4721874504347257,0.0010673044572805193,0.5384055718535299,0.707819223562947,0.8150788033186445,89.00106730445728,,,CONVERGENCE: RELATIVE REDUCTION OF F <= FACTR*EPSMCH
RAR_sharp_coherence_gated_RG,thin_gas,NGC4088,51,20.74381208230057,True,True,430,False,-0.32622061749338277,-2.7018958741188615e-08,-1.6679855067493168,-0.22394829932184726,0.36082298107257077,0.6999999810867291,0.793212079434402,68.5521034013563,,,CONVERGENCE: RELATIVE REDUCTION OF F <= FACTR*EPSMCH
RAR_sharp_coherence_gated_RG,thin_gas,NGC4100,52,37.422191477007715,True,True,550,False,0.162565463830759,-7.688447339906954e-10,-0.019924091208600687,0.1622493968154178,0.5882626678916018,0.6999999994618086,0.9972365903751024,73.32449879363084,,,CONVERGENCE: RELATIVE REDUCTION OF F <= FACTR*EPSMCH
RAR_sharp_coherence_gated_RG,thin_gas,NGC4157,53,26.571565443974087,True,True,460,False,-0.10045360244138257,-0.07312572206700749,-1.3022291556271026,-0.06150266168968548,0.4522135373237507,0.6506387762240066,0.8345478811252608,81.81549201493094,,,CONVERGENCE: RELATIVE REDUCTION OF F <= FACTR*EPSMCH
RAR_sharp_coherence_gated_RG,thin_gas,NGC4183,54,41.13378634952468,True,True,445,False,0.3240441752610654,-1.607737458013289e-08,-1.613517414444261,-0.03180823140443415,0.6913541936371694,0.6999999887458379,0.7992354938617522,81.93638353719113,,,CONVERGENCE: RELATIVE REDUCTION OF F <= FACTR*EPSMCH
RAR_sharp_coherence_gated_RG,thin_gas,NGC4217,55,60.39881455563379,True,True,580,False,0.7268917286961014,-1.226364138148643,-0.4970314343440173,0.023960255330220274,1.0343203539153987,0.2053500732056851,0.9332966800259217,86.04792051066045,,,CONVERGENCE: RELATIVE REDUCTION OF F <= FACTR*EPSMCH
RAR_sharp_coherence_gated_RG,thin_gas,NGC4559,56,39.07987754942578,True,True,420,False,-0.23106518994347136,2.5811972608410502e-08,-0.5398204929279535,0.11291303555518863,0.39684386194543647,0.7000000180683811,0.8504870038365889,67.1129130355552,,,CONVERGENCE: RELATIVE REDUCTION OF F <= FACTR*EPSMCH
RAR_sharp_coherence_gated_RG,thin_gas,NGC5005,57,36.777633286982855,True,True,470,False,0.054382434165272775,-0.24863158503496763,-0.31106635393632437,0.0731388688254907,0.5279441663615622,0.5459070646581063,0.9727682172673972,68.14627773765098,,,CONVERGENCE: RELATIVE REDUCTION OF F <= FACTR*EPSMCH
RAR_sharp_coherence_gated_RG,thin_gas,NGC5033,58,34.965218383754944,True,True,675,False,0.0880083900613591,-0.5967762008703201,0.42409543570675046,0.13040825210758722,0.5459986419569895,0.385408624652014,1.1353699060271012,66.13040825210759,,,CONVERGENCE: RELATIVE REDUCTION OF F <= FACTR*EPSMCH
RAR_sharp_coherence_gated_RG,thin_gas,NGC5055,59,31.517806611930947,True,True,620,False,-0.08080399206157961,-5.134505638892174e-07,-0.44981767174188125,-1.1115226279710175,0.4611872332224906,0.6999996405846975,0.9864616406753859,48.330864232173894,,,CONVERGENCE: RELATIVE REDUCTION OF F <= FACTR*EPSMCH
RAR_sharp_coherence_gated_RG,thin_gas,NGC5371,60,128.268118297579,True,True,625,True,1.4656574351017022,-6.440362009008367e-09,-5.0,-1.2080366610989415,2.1651946272817053,0.6999999954917465,0.2866852723168134,50.58392667780212,,,CONVERGENCE: RELATIVE REDUCTION OF F <= FACTR*EPSMCH
RAR_sharp_coherence_gated_RG,thin_gas,NGC5585,61,41.723141787081985,True,True,505,False,-0.6256916425056933,6.480264279537615e-09,-0.07839932105651724,0.8013180654213896,0.26744567348009485,0.7000000045361849,0.9767329454009956,52.60263613084278,,,CONVERGENCE: RELATIVE REDUCTION OF F <= FACTR*EPSMCH
RAR_sharp_coherence_gated_RG,thin_gas,NGC5907,62,105.49127088233476,True,True,630,True,0.4030354392754445,4.040975079216837e-08,-5.0,-0.35352382172871694,0.7481799603176572,0.7000000282868261,0.7709624520442524,87.29295235654257,,,CONVERGENCE: RELATIVE REDUCTION OF F <= FACTR*EPSMCH
RAR_sharp_coherence_gated_RG,thin_gas,NGC5985,63,155.00091556272707,True,True,710,False,0.3600428096582235,1.360007614270974,0.42743444016500165,1.1825567710470413,0.7166953881080629,2.727356078005809,1.1124774272907292,62.36511354209408,,,CONVERGENCE: RELATIVE REDUCTION OF F <= FACTR*EPSMCH
RAR_sharp_coherence_gated_RG,thin_gas,NGC6015,64,147.72403052831754,True,True,735,False,0.9367357655862218,1.6411767124264782e-07,-1.7399183856136662,1.6821652677859733,1.2758193313239283,0.7000001148823793,0.5933472226460408,63.364330535571945,,,CONVERGENCE: RELATIVE REDUCTION OF F <= FACTR*EPSMCH
RAR_sharp_coherence_gated_RG,thin_gas,NGC6195,65,78.75855679553307,True,True,655,False,0.010550495750502709,0.3996659460958954,-4.260625235808943,-1.2117953989555992,0.5053031742413224,1.0439285017037623,0.6526402057900519,55.94102300522201,,,CONVERGENCE: RELATIVE REDUCTION OF F <= FACTR*EPSMCH
RAR_sharp_coherence_gated_RG,thin_gas,NGC6503,66,36.217919303774146,True,True,645,False,-0.14990329529233656,0.0,1.0110749521142113,0.585336142536038,0.43039560748150796,0.7,1.0513438541008215,75.17067228507207,,,CONVERGENCE: RELATIVE REDUCTION OF F <= FACTR*EPSMCH
RAR_sharp_coherence_gated_RG,thin_gas,NGC6674,67,53.470378026767996,True,True,710,False,1.2612544103460708,0.36374651085989196,-2.200746046003746,-0.9984812301147552,1.7649232937093902,1.0070966294929071,0.6450484321812286,48.009112619311466,,,CONVERGENCE: RELATIVE REDUCTION OF F <= FACTR*EPSMCH
RAR_sharp_coherence_gated_RG,thin_gas,NGC6946,68,76.5762267932693,True,True,670,False,0.12196984224411891,-0.06893791461848083,-1.1154654446960595,1.3838101169756345,0.5648600157228283,0.6533692394740362,0.7150177283488109,40.76762023395127,,,CONVERGENCE: RELATIVE REDUCTION OF F <= FACTR*EPSMCH
RAR_sharp_coherence_gated_RG,thin_gas,NGC7331,69,48.47215799525016,True,True,635,False,-0.2965974921173846,-0.1947816013199833,-0.25629776250545105,0.15826878851989615,0.37167157681668345,0.5761100685790908,0.9741861905215671,75.3165375770398,,,CONVERGENCE: RELATIVE REDUCTION OF F <= FACTR*EPSMCH
RAR_sharp_coherence_gated_RG,thin_gas,NGC7793,70,65.86735882277797,True,True,450,False,-0.377895385001036,-4.2189027271547977e-08,-0.5498351699132212,0.8471728894899102,0.3426510949019009,0.6999999704676815,0.9729567927110873,54.62455600540919,,,CONVERGENCE: RELATIVE REDUCTION OF F <= FACTR*EPSMCH
RAR_sharp_coherence_gated_RG,thin_gas,NGC7814,71,29.969987739552465,True,True,670,False,0.6556603083335467,-0.28967202704471584,-0.0770201586061581,-3.549238525693747e-08,0.9632070624020698,0.5239563126283583,0.9964761328417882,89.5,,,CONVERGENCE: RELATIVE REDUCTION OF F <= FACTR*EPSMCH
RAR_sharp_coherence_gated_RG,thin_gas,UGC00128,72,52.584965220195,True,True,765,False,1.4253313703435104,-5.067688187537667e-08,-2.455044072948689,-0.5850145949889142,2.079617930921174,0.6999999645261835,0.6912814855875858,51.14985405011086,,,CONVERGENCE: RELATIVE REDUCTION OF F <= FACTR*EPSMCH
RAR_sharp_coherence_gated_RG,thin_gas,UGC00191,73,11.167451561073642,True,True,360,False,-0.011010472879977183,3.737880893482935e-09,0.23270221186111095,0.6083881836946645,0.4945249602600097,0.7000000026165166,1.071867456911678,48.04194091847332,,,CONVERGENCE: RELATIVE REDUCTION OF F <= FACTR*EPSMCH
RAR_sharp_coherence_gated_RG,thin_gas,UGC00731,74,29.614799846151808,True,True,335,False,0.8451501246263579,3.555498813790333e-09,0.12968304355684002,0.540385259609117,1.1641636638022084,0.7000000024888491,1.0396716197643041,58.62115577882735,,,CONVERGENCE: RELATIVE REDUCTION OF F <= FACTR*EPSMCH
RAR_sharp_coherence_gated_RG,thin_gas,UGC01281,75,29.67476632296972,True,True,340,False,-0.22824109370972107,-2.239379206563678e-08,-0.2343403994877238,-1.4897736277747972e-07,0.39796617121011074,0.6999999843243457,0.9893846957180435,89.5,,,CONVERGENCE: RELATIVE REDUCTION OF F <= FACTR*EPSMCH
RAR_sharp_coherence_gated_RG,thin_gas,UGC02259,76,17.114730384644787,True,True,435,False,0.41886240536365693,-2.41702679647151e-08,0.39023870896380775,0.7642271244298882,0.7601155823722708,0.6999999830808126,1.1221127958662098,43.29268137328967,,,CONVERGENCE: RELATIVE REDUCTION OF F <= FACTR*EPSMCH
RAR_sharp_coherence_gated_RG,thin_gas,UGC02487,77,40.524569296770835,True,True,760,False,0.45971486995993543,0.1907942428792484,-0.6524678098258258,1.0853160284172014,0.7918111911507408,0.8471472919356277,0.9064669988714374,41.42658014208601,,,CONVERGENCE: RELATIVE REDUCTION OF F <= FACTR*EPSMCH
RAR_sharp_coherence_gated_RG,thin_gas,UGC02885,78,40.89444997303005,True,True,520,False,0.027262537631598468,0.21831512793050614,-0.3689271852127525,0.3357634789715436,0.5138187804412434,0.8707853128745114,0.9637795254956902,65.34305391588617,,,CONVERGENCE: RELATIVE REDUCTION OF F <= FACTR*EPSMCH
RAR_sharp_coherence_gated_RG,thin_gas,UGC02916,79,173.07759449853145,True,True,825,False,0.8054726065151759,-0.21153215895825703,-4.259162881629688,3.808172932913745,1.1188769129939873,0.5665402770988252,0.5282301584513972,69.04086466456872,,,CONVERGENCE: RELATIVE REDUCTION OF F <= FACTR*EPSMCH
RAR_sharp_coherence_gated_RG,thin_gas,UGC02953,80,283.4045937152047,True,True,830,False,0.3601947930968897,-0.02126059552331272,-1.2169562130002372,3.91074841405457,0.7168043222155042,0.6852746724162184,0.6941363528683653,65.64299365621828,,,CONVERGENCE: RELATIVE REDUCTION OF F <= FACTR*EPSMCH
RAR_sharp_coherence_gated_RG,thin_gas,UGC03205,81,134.8532868347273,True,True,610,False,-0.0014209313365909821,0.4231329099204055,-0.01752182041768863,0.9494614804540353,0.4992900388541781,1.0687160407013838,0.99650176903396,70.79784592181615,,,CONVERGENCE: RELATIVE REDUCTION OF F <= FACTR*EPSMCH
RAR_sharp_coherence_gated_RG,thin_gas,UGC03546,82,58.58898393188955,True,True,650,False,0.05907619863434837,-0.44147404403387963,-0.4721096366124929,0.8454943927316327,0.5304280367222428,0.4501614476648949,0.8883063075966773,59.22747196365816,,,CONVERGENCE: RELATIVE REDUCTION OF F <= FACTR*EPSMCH
RAR_sharp_coherence_gated_RG,thin_gas,UGC03580,83,91.47632706273124,True,True,575,False,0.05144091897176967,-1.3058002218376066,-1.40377484513906,0.9071131007780497,0.5263934923585601,0.18966893656303982,0.7028308051979654,66.62845240311219,,,CONVERGENCE: RELATIVE REDUCTION OF F <= FACTR*EPSMCH
RAR_sharp_coherence_gated_RG,thin_gas,UGC04278,84,40.980607015782056,True,True,355,False,0.120369722885969,-2.335107584946973e-08,0.022547758732257544,0.0,0.5639568950201793,0.699999983654247,1.0067800962470381,89.5,,,CONVERGENCE: RELATIVE REDUCTION OF F <= FACTR*EPSMCH
RAR_sharp_coherence_gated_RG,thin_gas,UGC04325,85,16.381564214175558,True,True,430,False,0.3129316750760225,-1.5358187994590382e-08,0.9958659725892578,0.8505476603168073,0.6837140492074423,0.6999999892492684,1.348185739273639,43.55164298095042,,,CONVERGENCE: RELATIVE REDUCTION OF F <= FACTR*EPSMCH
RAR_sharp_coherence_gated_RG,thin_gas,UGC04483,86,8.773051271908415,True,True,310,False,-0.19220124224971896,7.084456616320137e-09,-1.3631144865208193,-0.8993792745467739,0.41257039929572964,0.7000000049591195,0.8811595098215945,55.30186217635968,,,CONVERGENCE: RELATIVE REDUCTION OF F <= FACTR*EPSMCH
RAR_sharp_coherence_gated_RG,thin_gas,UGC04499,87,10.1251528877932,True,True,370,False,-0.09475551524548792,-1.7573674831562076e-09,-0.5605055641960938,0.05992944947940791,0.45479764473348544,0.6999999987698428,0.8452256302176886,50.17978834843822,,,CONVERGENCE: RELATIVE REDUCTION OF F <= FACTR*EPSMCH
RAR_sharp_coherence_gated_RG,thin_gas,UGC05005,88,19.500845869508005,True,True,320,False,-0.12633661523858555,-1.9233899457118274e-08,-0.8469616546759746,-0.38506950782555177,0.4406590658668154,0.6999999865362705,0.844710387532013,37.14930492174448,,,CONVERGENCE: NORM OF PROJECTED GRADIENT <= PGTOL
RAR_sharp_coherence_gated_RG,thin_gas,UGC05253,89,109.1941383604136,True,True,935,False,-0.03984167018353022,0.380013164336383,-3.034496436173384,2.427599968418005,0.4804707864056098,1.0236126876970084,0.4686207114868521,46.71039987367202,,,CONVERGENCE: RELATIVE REDUCTION OF F <= FACTR*EPSMCH
RAR_sharp_coherence_gated_RG,thin_gas,UGC05716,90,9.4588753000582,True,True,425,False,0.35797082225627935,7.497041252724708e-09,-0.31141817591457355,0.1598954027381294,0.7152119416647617,0.7000000052479288,0.9254371766758256,55.598954027381296,,,CONVERGENCE: RELATIVE REDUCTION OF F <= FACTR*EPSMCH
RAR_sharp_coherence_gated_RG,thin_gas,UGC05721,91,36.29088005232449,True,True,365,False,-0.24638905882709158,-4.5731328817768356e-09,1.9157558224036308,1.0840949301438256,0.3908090351763091,0.699999996798807,1.774443362786562,66.42047465071913,,,CONVERGENCE: RELATIVE REDUCTION OF F <= FACTR*EPSMCH
RAR_sharp_coherence_gated_RG,thin_gas,UGC05750,92,16.223950999658246,True,True,300,False,-0.14108142913845978,-6.887633056676085e-09,-1.022431359053175,-0.36343674912967133,0.43420929712026235,0.6999999951786569,0.8156339989129401,60.365632508703285,,,CONVERGENCE: RELATIVE REDUCTION OF F <= FACTR*EPSMCH
RAR_sharp_coherence_gated_RG,thin_gas,UGC05764,93,13.630142525478623,True,True,355,False,0.36315544024909724,-4.185245521525647e-09,0.7790947533256724,1.039761867713584,0.7189296715430117,0.6999999970703281,1.2631696147867597,70.39761867713584,,,CONVERGENCE: RELATIVE REDUCTION OF F <= FACTR*EPSMCH
RAR_sharp_coherence_gated_RG,thin_gas,UGC05829,94,13.020648344892434,True,True,320,False,0.06372473434066339,1.4482499028437709e-08,-0.8130095077471775,0.20696082072177402,0.5328994902601409,0.7000000101377493,0.7837112299093543,36.06960820721774,,,CONVERGENCE: RELATIVE REDUCTION OF F <= FACTR*EPSMCH
RAR_sharp_coherence_gated_RG,thin_gas,UGC05918,95,8.283687715637711,True,True,315,False,0.040076672274250116,3.584843824079044e-11,-0.15716011213025946,0.26302004112034666,0.5204452892904312,0.7000000000250939,0.9539070276171034,47.31510020560173,,,CONVERGENCE: NORM OF PROJECTED GRADIENT <= PGTOL
RAR_sharp_coherence_gated_RG,thin_gas,UGC05986,96,26.234566299207497,True,True,505,False,-0.3875127983591177,4.0772726623264264e-10,1.6404553931399286,2.3525765066991908e-08,0.33937147369991816,0.700000000285409,1.6361185607863578,89.5,,,CONVERGENCE: RELATIVE REDUCTION OF F <= FACTR*EPSMCH
RAR_sharp_coherence_gated_RG,thin_gas,UGC06399,97,11.172660837077064,True,True,390,False,0.0679874189010705,3.5537360850480985e-08,0.4998844435360553,0.11513855563225865,0.5351759210958241,0.700000024876153,1.0718953053243416,75.23027711126451,,,CONVERGENCE: RELATIVE REDUCTION OF F <= FACTR*EPSMCH
RAR_sharp_coherence_gated_RG,thin_gas,UGC06446,98,21.676080510678396,True,True,430,False,0.41125352087001743,-8.50148470152247e-09,0.3945413469629524,0.5136124280373251,0.7543538984954946,0.6999999940489606,1.125651978336161,52.54083728411197,,,CONVERGENCE: RELATIVE REDUCTION OF F <= FACTR*EPSMCH
RAR_sharp_coherence_gated_RG,thin_gas,UGC06614,99,27.268792246729586,True,True,515,False,0.07927862759944046,-0.2778476313761486,-0.7207170069783397,-0.7500968943219893,0.5412529480370734,0.5301885530060696,0.9304641784884878,28.499031056780105,,,CONVERGENCE: RELATIVE REDUCTION OF F <= FACTR*EPSMCH
RAR_sharp_coherence_gated_RG,thin_gas,UGC06667,100,20.629087006589906,True,True,320,False,0.6657768811250928,-1.3167711072271326e-09,3.138512635145669,0.015595726760553161,0.9730008731329167,0.6999999990782602,1.5463611607143228,89.01559572676055,,,CONVERGENCE: RELATIVE REDUCTION OF F <= FACTR*EPSMCH
RAR_sharp_coherence_gated_RG,thin_gas,UGC06786,101,79.04718796817838,True,True,705,False,0.016035759218470585,-0.3697487420350626,1.159558962289476,1.0601668115773342,0.5080825110117155,0.48363553346124344,1.3360157495313605,67.180500434732,,,CONVERGENCE: RELATIVE REDUCTION OF F <= FACTR*EPSMCH
RAR_sharp_coherence_gated_RG,thin_gas,UGC06787,102,222.53874908492796,True,True,800,False,0.7439394161006236,-0.5406868083220318,0.168748809903307,2.4799839202643916,1.0521042806969985,0.40764370740518413,1.0430484109885685,73.43995176079318,,,CONVERGENCE: RELATIVE REDUCTION OF F <= FACTR*EPSMCH
RAR_sharp_coherence_gated_RG,thin_gas,UGC06818,103,17.75258823617682,True,True,295,False,-0.4647609599504636,0.0,-1.7044766970103342,-0.2732074952428721,0.3141426362917982,0.7,0.7892020757951682,74.18037751427138,,,CONVERGENCE: RELATIVE REDUCTION OF F <= FACTR*EPSMCH
RAR_sharp_coherence_gated_RG,thin_gas,UGC06917,104,13.601826441175142,True,True,420,False,0.019510040324435905,-1.401953096725263e-09,0.46072279121292126,0.3120063799784291,0.5098508024721015,0.6999999990186327,1.0660809666421036,56.624012759956855,,,CONVERGENCE: RELATIVE REDUCTION OF F <= FACTR*EPSMCH
RAR_sharp_coherence_gated_RG,thin_gas,UGC06930,105,16.671888050933205,True,True,375,False,0.0988277070512966,-1.1316385943726714e-08,-0.5555554223974821,-0.1532688030249973,0.5519380465533263,0.6999999920785298,0.9257412830452056,31.233655984875014,,,CONVERGENCE: RELATIVE REDUCTION OF F <= FACTR*EPSMCH
RAR_sharp_coherence_gated_RG,thin_gas,UGC06983,106,23.053014694667226,True,True,480,False,0.2698312931028748,-1.108051263901048e-08,0.5105625402464169,0.2638289860380422,0.6548717346682434,0.6999999922436412,1.0734861794059825,49.26382898603804,,,CONVERGENCE: RELATIVE REDUCTION OF F <= FACTR*EPSMCH
RAR_sharp_coherence_gated_RG,thin_gas,UGC07089,107,17.175533741450863,True,True,360,False,-0.39522768047636386,3.5719640600050392e-09,-1.8712690363268458,-0.19391844988438506,0.33676333645826845,0.7000000025003748,0.7711298690410617,79.41824465034685,,,CONVERGENCE: RELATIVE REDUCTION OF F <= FACTR*EPSMCH
RAR_sharp_coherence_gated_RG,thin_gas,UGC07125,108,16.91205326423422,True,True,355,False,0.10703538787569233,-2.5226657120845017e-08,-2.5210758836266622,0.0,0.5564868197776249,0.6999999823413402,0.47178604885085884,89.5,,,CONVERGENCE: RELATIVE REDUCTION OF F <= FACTR*EPSMCH
RAR_sharp_coherence_gated_RG,thin_gas,UGC07151,109,13.09767096878307,True,True,425,False,-0.014377812451608725,-1.2690716365124715e-08,-0.26758798533357325,1.9243720603503087e-08,0.49286252735108327,0.6999999911164985,0.9868442301734017,89.5,,,CONVERGENCE: RELATIVE REDUCTION OF F <= FACTR*EPSMCH
RAR_sharp_coherence_gated_RG,thin_gas,UGC07323,110,12.28487410641818,True,True,360,False,-0.15252977697032988,6.722673374258869e-09,-0.7250498297003071,0.06499003245252817,0.42926666452715373,0.7000000047058713,0.8045155781988886,47.19497009735758,,,CONVERGENCE: RELATIVE REDUCTION OF F <= FACTR*EPSMCH
RAR_sharp_coherence_gated_RG,thin_gas,UGC07399,111,14.85570500754106,True,True,485,False,0.06737804922862882,-1.1399805061258313e-08,2.2201954126504777,0.740643528969066,0.5348499004637186,0.6999999920201364,1.947062822489953,57.2219305869072,,,CONVERGENCE: RELATIVE REDUCTION OF F <= FACTR*EPSMCH
RAR_sharp_coherence_gated_RG,thin_gas,UGC07524,112,32.860071045805824,True,True,450,False,-0.11564016042063083,-6.668886361202741e-09,-0.2574246127225576,0.36836251370641276,0.44539785459277903,0.6999999953317795,0.9870504191649416,47.10508754111924,,,CONVERGENCE: RELATIVE REDUCTION OF F <= FACTR*EPSMCH
RAR_sharp_coherence_gated_RG,thin_gas,UGC07577,113,27.848222606113794,True,True,300,False,-0.5982143504968691,-5.2485197820080395e-08,-1.4592346739686992,-1.4655016092454831,0.2748962483977079,0.6999999632603625,0.929374556254926,58.60349517226355,,,CONVERGENCE: RELATIVE REDUCTION OF F <= FACTR*EPSMCH
RAR_sharp_coherence_gated_RG,thin_gas,UGC07603,114,15.41770816754854,True,True,360,False,-0.19531971044705393,2.5547778557568907e-09,0.8142506621700019,0.1487612038596704,0.4112858156340431,0.7000000017883445,1.276695627063372,78.446283611579,,,CONVERGENCE: RELATIVE REDUCTION OF F <= FACTR*EPSMCH
RAR_sharp_coherence_gated_RG,thin_gas,UGC08286,115,26.751998219571473,True,True,495,False,0.7316065700529021,1.1871915867158508e-08,0.36658054348356994,-3.49533515638643e-08,1.0392085247159217,0.700000008310341,1.0119137818189783,89.5,,,CONVERGENCE: RELATIVE REDUCTION OF F <= FACTR*EPSMCH
RAR_sharp_coherence_gated_RG,thin_gas,UGC08490,116,32.771947542548325,True,True,380,False,0.3584115898125424,0.0,0.5745472820123046,1.050228885385888,0.7155272533689793,0.7,1.067677826334619,53.15068665615767,,,CONVERGENCE: RELATIVE REDUCTION OF F <= FACTR*EPSMCH
RAR_sharp_coherence_gated_RG,thin_gas,UGC08550,117,8.57570538778164,True,True,365,False,0.04355443987803033,4.497668244395685e-09,0.39162412369284116,-2.387481559774102e-08,0.5222584280672427,0.7000000031483677,1.1240100845944843,89.5,,,CONVERGENCE: RELATIVE REDUCTION OF F <= FACTR*EPSMCH
RAR_sharp_coherence_gated_RG,thin_gas,UGC08699,118,61.51133592935782,True,True,620,False,0.15805417009067965,-0.1669041437297214,0.14888522895831718,0.7262091763730895,0.5856148193025015,0.5923965101345109,1.037903034937567,79.5358825873578,,,CONVERGENCE: RELATIVE REDUCTION OF F <= FACTR*EPSMCH
RAR_sharp_coherence_gated_RG,thin_gas,UGC08837,119,25.661460421712967,True,True,350,False,-0.8981483690009183,6.893564167229843e-09,-2.040002069325518,-2.862083414018106,0.2036615870629351,0.7000000048254948,0.9031572191426179,65.68958292990948,,,CONVERGENCE: RELATIVE REDUCTION OF F <= FACTR*EPSMCH
RAR_sharp_coherence_gated_RG,thin_gas,UGC09037,120,45.771516834716365,True,True,515,False,-0.9300288106722254,-4.087582461275442e-08,-0.6234735690780049,0.16656590877939154,0.19727117158886265,0.6999999713869234,0.9392762288358503,65.83282954389696,,,CONVERGENCE: RELATIVE REDUCTION OF F <= FACTR*EPSMCH
RAR_sharp_coherence_gated_RG,thin_gas,UGC09133,121,144.45065780391076,True,True,1025,False,0.847379691863498,0.2696885175348219,-3.424027746017893,1.7693604474126623,1.166762140628678,0.9166895383222388,0.5047933002099126,63.616162684475974,,,CONVERGENCE: RELATIVE REDUCTION OF F <= FACTR*EPSMCH
RAR_sharp_coherence_gated_RG,thin_gas,UGC11455,122,112.17193924748275,True,True,585,False,-0.21675571789855919,-2.8727905866299956e-08,0.44556830261693714,0.0,0.4025633116539823,0.6999999798904661,1.0691799293681963,89.5,,,CONVERGENCE: RELATIVE REDUCTION OF F <= FACTR*EPSMCH
RAR_sharp_coherence_gated_RG,thin_gas,UGC11557,123,24.39229419489025,True,True,340,False,-0.20442632592193535,-6.437979943502924e-09,-1.2079800131518035,-0.6673439777048582,0.40755739626812576,0.699999995493414,0.7393417591581787,23.326560222951418,,,CONVERGENCE: RELATIVE REDUCTION OF F <= FACTR*EPSMCH
RAR_sharp_coherence_gated_RG,thin_gas,UGC11820,124,13.741840777224752,True,True,445,False,0.24531737841404044,-2.3576926598846678e-08,-0.9009963621330606,0.14384419824197353,0.6390134334923097,0.6999999834961516,0.7631513477096573,46.43844198241973,,,CONVERGENCE: RELATIVE REDUCTION OF F <= FACTR*EPSMCH
RAR_sharp_coherence_gated_RG,thin_gas,UGC11914,125,92.74052202110722,True,True,870,False,-0.2081123974552091,0.055993016196380634,-1.1043507692434642,2.697057676735154,0.4060578759190498,0.7403132083955097,0.7165798332660429,44.48528838367577,,,CONVERGENCE: RELATIVE REDUCTION OF F <= FACTR*EPSMCH
RAR_sharp_coherence_gated_RG,thin_gas,UGC12506,126,77.01959833700161,True,True,520,False,0.600400791320306,1.801592660225429e-09,0.25149944726772033,0.11342092882704621,0.9114246180783259,0.7000000012611148,1.0255714244362888,86.45368371530819,,,CONVERGENCE: RELATIVE REDUCTION OF F <= FACTR*EPSMCH
RAR_sharp_coherence_gated_RG,thin_gas,UGC12632,127,17.470288978532164,True,True,410,False,0.16119534571149674,1.2345987644323475e-08,-0.1974045836226407,0.3858114614446912,0.5874572304496534,0.7000000086421913,0.9425171439958837,47.157434384334074,,,CONVERGENCE: RELATIVE REDUCTION OF F <= FACTR*EPSMCH
RAR_sharp_coherence_gated_RG,thin_gas,UGC12732,128,17.794475885139665,True,True,395,False,0.2746384595816602,-2.634173442105603e-08,-0.5119568934632631,0.6316453489149477,0.6580273909245685,0.699999981560786,0.8562966128138877,42.789872093489684,,,CONVERGENCE: RELATIVE REDUCTION OF F <= FACTR*EPSMCH
RAR_sharp_coherence_gated_RG,thin_gas,UGCA442,129,7.104585094267055,True,True,295,False,-0.07819376195886782,-9.136776128442017e-09,-0.39974198181949533,-0.9309353086448361,0.46239261049326985,0.6999999936042567,0.9799861541240876,57.48345283948615,,,CONVERGENCE: RELATIVE REDUCTION OF F <= FACTR*EPSMCH
RAR_sharp_coherence_gated_RG,thin_gas,UGCA444,130,45.3141996856224,True,True,280,False,-0.040834355546943875,0.0,-2.447807455663494,-1.794125099107479,0.47999406674386,0.7,0.8825956281873433,70.82349960357008,,,CONVERGENCE: RELATIVE REDUCTION OF F <= FACTR*EPSMCH
RAR_sharp_coherence_gated_RG,thick_gas,CamB,0,46.33718987231147,True,True,260,True,-0.7349956717414817,1.4879011688816799e-08,-3.439279194126618,-5.0,0.23975376720148647,0.700000010415308,0.7663358954516932,40.0,,,CONVERGENCE: RELATIVE REDUCTION OF F <= FACTR*EPSMCH
RAR_sharp_coherence_gated_RG,thick_gas,D631-7,1,56.32430609481946,True,True,290,False,-0.6754541280491696,-3.8524696879148405e-08,-1.3131310744087275,-3.6327131684092318,0.25446262544491793,0.6999999730327127,0.9698469089392227,48.1018604947723,,,CONVERGENCE: RELATIVE REDUCTION OF F <= FACTR*EPSMCH
RAR_sharp_coherence_gated_RG,thick_gas,DDO064,2,15.779022835016175,True,True,295,False,-0.05425429075028872,-7.376148397372812e-10,-0.2220256826237556,0.30598351171899524,0.4735956069551327,0.6999999994836695,0.9355621459079565,61.529917558594974,,,CONVERGENCE: RELATIVE REDUCTION OF F <= FACTR*EPSMCH
RAR_sharp_coherence_gated_RG,thick_gas,DDO154,3,12.630101386589756,True,True,295,False,-0.45043910403841303,-3.281214927719103e-08,-1.1223297023350207,-1.1509054178812648,0.3186741139938436,0.6999999770314959,0.9459544356612242,60.54728374635621,,,CONVERGENCE: RELATIVE REDUCTION OF F <= FACTR*EPSMCH
RAR_sharp_coherence_gated_RG,thick_gas,DDO161,4,35.4364560055115,True,True,435,False,-0.4175329752562913,0.0,-2.01794914251032,0.23185449150727522,0.32933488584269555,0.7,0.5458643688731016,72.31854491507275,,,CONVERGENCE: RELATIVE REDUCTION OF F <= FACTR*EPSMCH
RAR_sharp_coherence_gated_RG,thick_gas,DDO168,5,29.74900272381692,True,True,285,False,-0.17097976715920082,-8.742529482363584e-09,-1.1948996288159566,-1.4878821824358757,0.42141931315942566,0.6999999938802294,0.9426670826915602,54.07270690538475,,,CONVERGENCE: RELATIVE REDUCTION OF F <= FACTR*EPSMCH
RAR_sharp_coherence_gated_RG,thick_gas,DDO170,6,7.533458466608687,True,True,410,False,0.00720459132168746,-2.7873029721434796e-09,-1.248451669583635,-0.22087701938188767,0.5036153034146245,0.6999999980488879,0.6876085982155856,64.45386086432678,,,CONVERGENCE: RELATIVE REDUCTION OF F <= FACTR*EPSMCH
RAR_sharp_coherence_gated_RG,thick_gas,ESO079-G014,7,38.71728207059306,True,True,435,False,-0.026084458953812846,-1.931109765314429e-09,0.456579183422632,0.2627514809084719,0.48712640088071973,0.6999999986482232,1.120825259085388,80.31375740454236,,,CONVERGENCE: RELATIVE REDUCTION OF F <= FACTR*EPSMCH
RAR_sharp_coherence_gated_RG,thick_gas,ESO116-G012,8,22.213983644309724,True,True,510,False,-0.4392677329980827,1.1189104484560601e-08,1.1814233468079995,0.27274688279490994,0.3222541002077354,0.7000000078323732,1.4253636926119886,74.81824064838473,,,CONVERGENCE: RELATIVE REDUCTION OF F <= FACTR*EPSMCH
RAR_sharp_coherence_gated_RG,thick_gas,ESO563-G021,9,243.173603406095,True,True,660,False,0.4138175586271243,4.850245107662317e-09,0.31122578115484634,0.43463867012809226,0.7562905721646423,0.7000000033951715,1.0476834515989208,84.30391601038427,,,CONVERGENCE: RELATIVE REDUCTION OF F <= FACTR*EPSMCH
RAR_sharp_coherence_gated_RG,thick_gas,F568-3,10,38.027767945432856,True,True,355,False,-0.31766281349038716,-3.015504628971223e-08,-0.7599637238938914,0.8299047721086128,0.36392408381308033,0.6999999788914679,0.9268195686937857,48.299047721086126,,,CONVERGENCE: RELATIVE REDUCTION OF F <= FACTR*EPSMCH
RAR_sharp_coherence_gated_RG,thick_gas,F568-V1,11,25.949209296446043,True,True,385,False,0.20943815924204445,-3.0448245231337726e-09,0.5952150854605786,2.07422550697588,0.6164925620092592,0.6999999978686228,1.061328588368869,60.7422550697588,,,CONVERGENCE: RELATIVE REDUCTION OF F <= FACTR*EPSMCH
RAR_sharp_coherence_gated_RG,thick_gas,F571-8,12,83.48864121368041,True,True,375,False,-0.6954739732292561,-1.1578234531238089e-08,0.3299720200384668,0.2087841428397779,0.24941897805361107,0.6999999918952359,1.0684852996960457,86.04392071419889,,,CONVERGENCE: RELATIVE REDUCTION OF F <= FACTR*EPSMCH
RAR_sharp_coherence_gated_RG,thick_gas,F574-1,13,19.82046932443162,True,True,385,False,0.13886799497974184,-3.077886809727558e-08,0.44130853926535163,0.9019932659827232,0.5744862099324975,0.6999999784547926,1.045119103879617,74.01993265982723,,,CONVERGENCE: RELATIVE REDUCTION OF F <= FACTR*EPSMCH
RAR_sharp_coherence_gated_RG,thick_gas,F583-1,14,41.540810104264565,True,True,345,False,-0.004241501241549305,0.0,1.0194286383375055,0.9420876720071958,0.497883740610323,0.7,1.2902773039628834,67.71043836003598,,,CONVERGENCE: RELATIVE REDUCTION OF F <= FACTR*EPSMCH
RAR_sharp_coherence_gated_RG,thick_gas,F583-4,15,14.084671491723629,True,True,335,False,-0.094259657606158,-4.319600048449348e-09,-0.6441695608168609,0.060784546410379725,0.45502321554085795,0.6999999969762799,0.8786950749029682,55.6078454641038,,,CONVERGENCE: RELATIVE REDUCTION OF F <= FACTR*EPSMCH
RAR_sharp_coherence_gated_RG,thick_gas,IC2574,16,42.18641969407051,True,True,370,False,-0.8154335755596022,-1.4242956243377958e-08,-1.3143220005419434,-2.482454345149587,0.22122372568333262,0.6999999900299306,0.9349813028635324,57.62281958395289,,,CONVERGENCE: RELATIVE REDUCTION OF F <= FACTR*EPSMCH
RAR_sharp_coherence_gated_RG,thick_gas,IC4202,17,380.84868439530777,True,True,630,False,0.43671952200041436,-0.5633725862498463,-0.14679250576954353,0.0,0.7738109711350376,0.398500099849483,0.9854855969068919,89.5,,,CONVERGENCE: RELATIVE REDUCTION OF F <= FACTR*EPSMCH
RAR_sharp_coherence_gated_RG,thick_gas,KK98-251,18,15.173687304054626,True,True,290,False,-0.08992211520269129,2.126624841118737e-08,-2.4899172604531112,-0.6013261540356536,0.4570011846941957,0.700000014886374,0.4737975405681588,55.99336922982173,,,CONVERGENCE: RELATIVE REDUCTION OF F <= FACTR*EPSMCH
RAR_sharp_coherence_gated_RG,thick_gas,NGC0024,19,50.88718055228244,True,True,455,False,0.725079990098082,1.4134764905275308e-08,0.8618381780170783,1.1757233215571858,1.032448132307683,0.7000000098943354,1.0434177350007894,67.52716996467156,,,CONVERGENCE: RELATIVE REDUCTION OF F <= FACTR*EPSMCH
RAR_sharp_coherence_gated_RG,thick_gas,NGC0055,20,38.87647410201653,True,True,345,False,-0.8330075085377737,-9.794841587770909e-09,-3.3089435249855113,-1.9820475332232534,0.21736991722544238,0.6999999931436108,0.8415547838889718,71.05385740033024,,,CONVERGENCE: RELATIVE REDUCTION OF F <= FACTR*EPSMCH
RAR_sharp_coherence_gated_RG,thick_gas,NGC0100,21,29.53845921797448,True,True,410,False,-0.23608994019223276,-8.234187417031652e-09,-0.09317855948643494,0.004091795048045836,0.39485482205071687,0.6999999942360687,0.9724335179359337,89.00409179504804,,,CONVERGENCE: RELATIVE REDUCTION OF F <= FACTR*EPSMCH
RAR_sharp_coherence_gated_RG,thick_gas,NGC0247,22,40.73680217363549,True,True,505,False,0.14741032652374964,-1.2700115196152227e-07,-1.1870787535625904,-0.291905153683959,0.5794146819564513,0.6999999110991992,0.9408626628306562,73.12428453894812,,,CONVERGENCE: RELATIVE REDUCTION OF F <= FACTR*EPSMCH
RAR_sharp_coherence_gated_RG,thick_gas,NGC0289,23,58.00558739278213,True,True,510,False,0.39673323892766676,1.4481423541794071e-08,-1.6516422253282537,0.6062248877890337,0.7434796071524883,0.7000000101369965,0.661721466976144,49.03112443894517,,,CONVERGENCE: RELATIVE REDUCTION OF F <= FACTR*EPSMCH
RAR_sharp_coherence_gated_RG,thick_gas,NGC0300,24,34.41651517545165,True,True,400,False,-0.08350172786154228,-1.071288932516321e-08,-0.33645876647917866,0.349263549547975,0.45994474861408896,0.6999999925009774,0.9839542250849226,45.49263549547975,,,CONVERGENCE: RELATIVE REDUCTION OF F <= FACTR*EPSMCH
RAR_sharp_coherence_gated_RG,thick_gas,NGC0801,25,87.49527297550813,True,True,505,True,0.485688142224988,-1.9075072332982122e-07,-5.0,-0.387571054916455,0.8126465284462505,0.6999998664745064,0.6065306597126334,79.61242894508355,,,CONVERGENCE: RELATIVE REDUCTION OF F <= FACTR*EPSMCH
RAR_sharp_coherence_gated_RG,thick_gas,NGC0891,26,63.85075176813574,True,True,625,False,-0.4240834631891167,-0.3982584250585873,2.2745893345207144,-5.889941003772209e-07,0.32718463194198466,0.47004193305244185,1.1216068309875586,89.5,,,CONVERGENCE: RELATIVE REDUCTION OF F <= FACTR*EPSMCH
RAR_sharp_coherence_gated_RG,thick_gas,NGC1003,27,52.05193096825946,True,True,545,False,-0.2173381045671403,-6.89566504793099e-09,-0.4881975286400256,0.8385853362931345,0.402328932404315,0.6999999951730345,0.8637609224540594,71.19292668146568,,,CONVERGENCE: RELATIVE REDUCTION OF F <= FACTR*EPSMCH
RAR_sharp_coherence_gated_RG,thick_gas,NGC1090,28,50.75595078853439,True,True,565,False,0.24694178364666317,-4.742883071692809e-08,-1.3470341452307197,0.21233400406685204,0.6400522937940097,0.6999999667998192,0.7140812437809838,64.63700201220055,,,CONVERGENCE: RELATIVE REDUCTION OF F <= FACTR*EPSMCH
RAR_sharp_coherence_gated_RG,thick_gas,NGC2403,29,114.29326691724636,True,True,605,False,-0.3049224551565596,0.0,2.1025576378248765,3.0092533810134814,0.3685902683622923,0.7,1.1123318911632725,72.02776014304044,,,CONVERGENCE: RELATIVE REDUCTION OF F <= FACTR*EPSMCH
RAR_sharp_coherence_gated_RG,thick_gas,NGC2683,30,17.50525194482418,True,True,520,False,0.06329365887241817,0.026731219013896985,-0.10825790683763478,0.036496751117703806,0.5326698198690417,0.7189641920574581,0.9946072159405519,80.18248375558852,,,CONVERGENCE: RELATIVE REDUCTION OF F <= FACTR*EPSMCH
RAR_sharp_coherence_gated_RG,thick_gas,NGC2841,31,80.75519143727747,True,True,635,False,0.44873637007420303,0.19251446564026925,1.1110184814756352,0.8830199110876578,0.7831658354309509,0.8486058281330638,1.1166285159649445,84.83019911087658,,,CONVERGENCE: RELATIVE REDUCTION OF F <= FACTR*EPSMCH
RAR_sharp_coherence_gated_RG,thick_gas,NGC2903,32,136.19952690085202,True,True,755,False,-0.7878419971113203,2.3010745965842233e-07,1.5008923711026139,0.8573450208516439,0.227412625597218,0.7000001610752403,1.5687320966374094,68.57203506255493,,,CONVERGENCE: RELATIVE REDUCTION OF F <= FACTR*EPSMCH
RAR_sharp_coherence_gated_RG,thick_gas,NGC2915,33,79.45181493705648,True,True,310,False,0.3935678133540295,5.1689955814530206e-08,1.9721377009224823,2.9361380914816513,0.741129898666187,0.70000003618297,1.1020252688288092,67.74455236592661,,,CONVERGENCE: RELATIVE REDUCTION OF F <= FACTR*EPSMCH
RAR_sharp_coherence_gated_RG,thick_gas,NGC2955,34,79.11122770674504,True,True,690,False,-0.23216444855479046,0.5764371156108457,-3.3997554328139423,-1.0216777451250845,0.3964078675920211,1.2457804134798243,0.711540592229951,48.84825578412441,,,CONVERGENCE: RELATIVE REDUCTION OF F <= FACTR*EPSMCH
RAR_sharp_coherence_gated_RG,thick_gas,NGC2976,35,32.519253377630584,True,True,390,False,-0.34626824758693253,-4.25888704575708e-08,-0.41383948747941707,0.05905075869832171,0.35366136202099535,0.6999999701877913,0.979407411850808,61.590507586983215,,,CONVERGENCE: RELATIVE REDUCTION OF F <= FACTR*EPSMCH
RAR_sharp_coherence_gated_RG,thick_gas,NGC2998,36,38.92735637413048,True,True,480,False,0.25173605331248233,7.451201450687748e-11,-1.1760264331137356,-0.14450171465876654,0.6431282446679377,0.7000000000521583,0.8384964526587021,57.71099657068247,,,CONVERGENCE: RELATIVE REDUCTION OF F <= FACTR*EPSMCH
RAR_sharp_coherence_gated_RG,thick_gas,NGC3109,37,31.05440284953166,True,True,315,False,-0.24573022885466037,2.0761921193963407e-08,0.0585218194552862,0.6048295009931905,0.39106659671749533,0.700000014533345,1.0030848441296445,73.02414750496595,,,CONVERGENCE: RELATIVE REDUCTION OF F <= FACTR*EPSMCH
RAR_sharp_coherence_gated_RG,thick_gas,NGC3198,38,57.06446842327086,True,True,635,False,-0.045689900915236184,-2.020460490112236e-08,-0.06853336650872745,0.35063063532071087,0.4776690828764771,0.6999999858567767,0.9930714534552186,74.05189190596214,,,CONVERGENCE: RELATIVE REDUCTION OF F <= FACTR*EPSMCH
RAR_sharp_coherence_gated_RG,thick_gas,NGC3521,39,71.97410402288239,True,True,600,False,0.26537781238503644,-5.5782575799679435e-09,-0.6949017350366558,0.44885957627858614,0.6519617605915381,0.6999999960952196,0.8125579447341827,77.24429788139292,,,CONVERGENCE: RELATIVE REDUCTION OF F <= FACTR*EPSMCH
RAR_sharp_coherence_gated_RG,thick_gas,NGC3726,40,24.44545003025661,True,True,445,False,-0.07864563255152314,-1.645365221717785e-08,-1.8566432798332042,-0.4649115764730077,0.46218371607050457,0.6999999884824435,0.7726978996833599,52.070176847053986,,,CONVERGENCE: RELATIVE REDUCTION OF F <= FACTR*EPSMCH
RAR_sharp_coherence_gated_RG,thick_gas,NGC3741,41,19.4191409950542,True,True,340,False,-0.2677324900450879,-3.829778889125695e-08,0.08491310251783707,0.3306050420206238,0.3825562144601713,0.6999999731915483,1.004507082063575,71.3224201680825,,,CONVERGENCE: RELATIVE REDUCTION OF F <= FACTR*EPSMCH
RAR_sharp_coherence_gated_RG,thick_gas,NGC3769,42,17.876720541488396,True,True,410,False,-0.27332359434317965,-6.92688431974033e-09,-0.43648618184381877,0.016996383052083012,0.3804232710760966,0.6999999951511809,0.9411779209468053,70.03399276610416,,,CONVERGENCE: RELATIVE REDUCTION OF F <= FACTR*EPSMCH
RAR_sharp_coherence_gated_RG,thick_gas,NGC3877,43,47.031122108224885,True,True,485,False,-0.12184656609403964,5.188125940629001e-09,-0.06874919606464797,0.05094268603346905,0.44264209534687954,0.7000000036316881,0.9904969427176205,76.05094268603347,,,CONVERGENCE: RELATIVE REDUCTION OF F <= FACTR*EPSMCH
RAR_sharp_coherence_gated_RG,thick_gas,NGC3893,44,16.458997648013092,True,True,535,False,-0.12264318209873637,1.2332360942623049e-09,0.5883126865655447,0.4496201076081317,0.44228961998177224,0.7000000008632653,1.085141176758774,49.89924021521627,,,CONVERGENCE: RELATIVE REDUCTION OF F <= FACTR*EPSMCH
RAR_sharp_coherence_gated_RG,thick_gas,NGC3917,45,32.29436112842323,True,True,595,False,0.05160015167038658,-3.760919767388195e-08,0.11941443118794942,0.11220275981590895,0.5264773180886043,0.699999973673562,1.0167236379052091,79.22440551963182,,,CONVERGENCE: RELATIVE REDUCTION OF F <= FACTR*EPSMCH
RAR_sharp_coherence_gated_RG,thick_gas,NGC3953,46,13.05751963027238,True,True,505,False,0.09068719969978957,6.684824824816153e-09,-0.06325678521546586,0.04038485710938385,0.5474632291809942,0.7000000046793774,0.9912528165613983,62.04038485710938,,,CONVERGENCE: RELATIVE REDUCTION OF F <= FACTR*EPSMCH
RAR_sharp_coherence_gated_RG,thick_gas,NGC3972,47,16.44964110650385,True,True,425,False,0.04375337332331063,-9.544267474751576e-09,0.1874956755872188,0.04028755420756416,0.5223623330704122,0.6999999933190127,1.0263830971114623,77.04028755420757,,,CONVERGENCE: RELATIVE REDUCTION OF F <= FACTR*EPSMCH
RAR_sharp_coherence_gated_RG,thick_gas,NGC3992,48,21.12318412539454,True,True,460,False,0.33637810997233386,-6.013144960256456e-09,-0.5184700193831266,-0.09314222655190992,0.6999341144466265,0.6999999957907985,0.9509292107152205,55.813715546896184,,,CONVERGENCE: RELATIVE REDUCTION OF F <= FACTR*EPSMCH
RAR_sharp_coherence_gated_RG,thick_gas,NGC4010,49,23.521142700648507,True,True,405,False,-0.25646745083568523,4.635563911706145e-09,-0.29625910621706014,0.0014558780942805054,0.3868900900239054,0.7000000032448948,0.9596879513039905,89.00145587809428,,,CONVERGENCE: RELATIVE REDUCTION OF F <= FACTR*EPSMCH
RAR_sharp_coherence_gated_RG,thick_gas,NGC4013,50,57.945832984207115,True,True,610,False,0.10029934362813235,-0.042538104669881845,-1.5171861769745665,0.0007837040047672298,0.5527508967341102,0.6708477629450846,0.810000590456255,89.00078370400476,,,CONVERGENCE: RELATIVE REDUCTION OF F <= FACTR*EPSMCH
RAR_sharp_coherence_gated_RG,thick_gas,NGC4088,51,20.74381208230057,True,True,430,False,-0.32622061749338277,-2.7018958741188615e-08,-1.6679855067493168,-0.22394829932184726,0.36082298107257077,0.6999999810867291,0.793212079434402,68.5521034013563,,,CONVERGENCE: RELATIVE REDUCTION OF F <= FACTR*EPSMCH
RAR_sharp_coherence_gated_RG,thick_gas,NGC4100,52,37.422191477007715,True,True,550,False,0.162565463830759,-7.688447339906954e-10,-0.019924091208600687,0.1622493968154178,0.5882626678916018,0.6999999994618086,0.9972365903751024,73.32449879363084,,,CONVERGENCE: RELATIVE REDUCTION OF F <= FACTR*EPSMCH
RAR_sharp_coherence_gated_RG,thick_gas,NGC4157,53,26.571921650142833,True,True,465,False,-0.10041538958910416,-0.07319295363770596,-1.302384820581391,-0.061514696813487174,0.45223081802302106,0.6505950342275618,0.8345298382845048,81.81545590955953,,,CONVERGENCE: RELATIVE REDUCTION OF F <= FACTR*EPSMCH
RAR_sharp_coherence_gated_RG,thick_gas,NGC4183,54,41.13378634952468,True,True,445,False,0.3240441752610654,-1.607737458013289e-08,-1.613517414444261,-0.03180823140443415,0.6913541936371694,0.6999999887458379,0.7992354938617522,81.93638353719113,,,CONVERGENCE: RELATIVE REDUCTION OF F <= FACTR*EPSMCH
RAR_sharp_coherence_gated_RG,thick_gas,NGC4217,55,56.55710988568865,True,True,665,False,-0.22173033590137195,-0.894957469662181,-1.6869397763425273,-0.03882445743358729,0.40056568578892504,0.28603748406072704,0.7911266651046781,85.92235108513283,,,CONVERGENCE: RELATIVE REDUCTION OF F <= FACTR*EPSMCH
RAR_sharp_coherence_gated_RG,thick_gas,NGC4559,56,39.07987754942578,True,True,420,False,-0.23106518994347136,2.5811972608410502e-08,-0.5398204929279535,0.11291303555518863,0.39684386194543647,0.7000000180683811,0.8504870038365889,67.1129130355552,,,CONVERGENCE: RELATIVE REDUCTION OF F <= FACTR*EPSMCH
RAR_sharp_coherence_gated_RG,thick_gas,NGC5005,57,36.794095438465405,True,True,485,False,0.05517859648158064,-0.2504827800915663,-0.31662151778043474,0.07179240052842438,0.5283646629815034,0.5448974190124944,0.9722887005671402,68.14358480105685,,,CONVERGENCE: RELATIVE REDUCTION OF F <= FACTR*EPSMCH
RAR_sharp_coherence_gated_RG,thick_gas,NGC5033,58,34.84911362283734,True,True,625,False,0.07710310550915106,-0.5902316404412457,0.43345023871050103,0.1305450458785891,0.5400767202109076,0.38793922649186563,1.1385539458408855,66.13054504587859,,,CONVERGENCE: RELATIVE REDUCTION OF F <= FACTR*EPSMCH
RAR_sharp_coherence_gated_RG,thick_gas,NGC5055,59,31.517806611930947,True,True,620,False,-0.08080399206157961,-5.134505638892174e-07,-0.44981767174188125,-1.1115226279710175,0.4611872332224906,0.6999996405846975,0.9864616406753859,48.330864232173894,,,CONVERGENCE: RELATIVE REDUCTION OF F <= FACTR*EPSMCH
RAR_sharp_coherence_gated_RG,thick_gas,NGC5371,60,128.268118297579,True,True,625,True,1.4656574351017022,-6.440362009008367e-09,-5.0,-1.2080366610989415,2.1651946272817053,0.6999999954917465,0.2866852723168134,50.58392667780212,,,CONVERGENCE: RELATIVE REDUCTION OF F <= FACTR*EPSMCH
RAR_sharp_coherence_gated_RG,thick_gas,NGC5585,61,41.723141787081985,True,True,505,False,-0.6256916425056933,6.480264279537615e-09,-0.07839932105651724,0.8013180654213896,0.26744567348009485,0.7000000045361849,0.9767329454009956,52.60263613084278,,,CONVERGENCE: RELATIVE REDUCTION OF F <= FACTR*EPSMCH
RAR_sharp_coherence_gated_RG,thick_gas,NGC5907,62,105.49127088233476,True,True,630,True,0.4030354392754445,4.040975079216837e-08,-5.0,-0.35352382172871694,0.7481799603176572,0.7000000282868261,0.7709624520442524,87.29295235654257,,,CONVERGENCE: RELATIVE REDUCTION OF F <= FACTR*EPSMCH
RAR_sharp_coherence_gated_RG,thick_gas,NGC5985,63,155.7045768853772,True,True,710,False,0.3950251391057717,1.377031346410752,0.34449479127462523,1.177417796394701,0.742210753740573,2.7741833135838663,1.0897047211914959,62.3548355927894,,,CONVERGENCE: RELATIVE REDUCTION OF F <= FACTR*EPSMCH
RAR_sharp_coherence_gated_RG,thick_gas,NGC6015,64,147.72403052831754,True,True,735,False,0.9367357655862218,1.6411767124264782e-07,-1.7399183856136662,1.6821652677859733,1.2758193313239283,0.7000001148823793,0.5933472226460408,63.364330535571945,,,CONVERGENCE: RELATIVE REDUCTION OF F <= FACTR*EPSMCH
RAR_sharp_coherence_gated_RG,thick_gas,NGC6195,65,84.82954110652244,True,True,745,False,0.22898855568326226,0.5092078427389244,-4.683617968288883,-1.7073252859775803,0.6286638248358176,1.1647807813544753,0.6255683031297589,53.4633735701121,,,CONVERGENCE: RELATIVE REDUCTION OF F <= FACTR*EPSMCH
RAR_sharp_coherence_gated_RG,thick_gas,NGC6503,66,36.217919303774146,True,True,645,False,-0.14990329529233656,0.0,1.0110749521142113,0.585336142536038,0.43039560748150796,0.7,1.0513438541008215,75.17067228507207,,,CONVERGENCE: RELATIVE REDUCTION OF F <= FACTR*EPSMCH
RAR_sharp_coherence_gated_RG,thick_gas,NGC6674,67,53.47153984638389,True,True,740,False,1.261476193897702,0.36321399438882906,-2.200965490185707,-0.9989174862710983,1.7653147680755086,1.006560476717512,0.6450202329601243,48.00649508237341,,,CONVERGENCE: RELATIVE REDUCTION OF F <= FACTR*EPSMCH
RAR_sharp_coherence_gated_RG,thick_gas,NGC6946,68,76.55107750678278,True,True,655,False,0.12145436378764674,-0.06979138616472207,-1.1139943569283939,1.3825531719456614,0.5645689175876552,0.6528118453128187,0.7153341166906141,40.765106343891325,,,CONVERGENCE: RELATIVE REDUCTION OF F <= FACTR*EPSMCH
RAR_sharp_coherence_gated_RG,thick_gas,NGC7331,69,48.470367975499585,True,True,610,False,-0.29668249507823563,-0.1943977448183746,-0.25624601976444156,0.1582565102004263,0.3716399849749089,0.5763312546236918,0.9741913341130796,75.31651302040085,,,CONVERGENCE: RELATIVE REDUCTION OF F <= FACTR*EPSMCH
RAR_sharp_coherence_gated_RG,thick_gas,NGC7793,70,65.86735882277797,True,True,450,False,-0.377895385001036,-4.2189027271547977e-08,-0.5498351699132212,0.8471728894899102,0.3426510949019009,0.6999999704676815,0.9729567927110873,54.62455600540919,,,CONVERGENCE: RELATIVE REDUCTION OF F <= FACTR*EPSMCH
RAR_sharp_coherence_gated_RG,thick_gas,NGC7814,71,31.03054184791079,True,True,675,False,0.7225171112573996,-0.31359583975580907,-0.1851662944807991,1.0654917131069965e-07,1.0298054806797476,0.5115700342058387,0.9915491226306047,89.5,,,CONVERGENCE: RELATIVE REDUCTION OF F <= FACTR*EPSMCH
RAR_sharp_coherence_gated_RG,thick_gas,UGC00128,72,52.584965220195,True,True,765,False,1.4253313703435104,-5.067688187537667e-08,-2.455044072948689,-0.5850145949889142,2.079617930921174,0.6999999645261835,0.6912814855875858,51.14985405011086,,,CONVERGENCE: RELATIVE REDUCTION OF F <= FACTR*EPSMCH
RAR_sharp_coherence_gated_RG,thick_gas,UGC00191,73,11.167451561073642,True,True,360,False,-0.011010472879977183,3.737880893482935e-09,0.23270221186111095,0.6083881836946645,0.4945249602600097,0.7000000026165166,1.071867456911678,48.04194091847332,,,CONVERGENCE: RELATIVE REDUCTION OF F <= FACTR*EPSMCH
RAR_sharp_coherence_gated_RG,thick_gas,UGC00731,74,29.614799846151808,True,True,335,False,0.8451501246263579,3.555498813790333e-09,0.12968304355684002,0.540385259609117,1.1641636638022084,0.7000000024888491,1.0396716197643041,58.62115577882735,,,CONVERGENCE: RELATIVE REDUCTION OF F <= FACTR*EPSMCH
RAR_sharp_coherence_gated_RG,thick_gas,UGC01281,75,29.67476632296972,True,True,340,False,-0.22824109370972107,-2.239379206563678e-08,-0.2343403994877238,-1.4897736277747972e-07,0.39796617121011074,0.6999999843243457,0.9893846957180435,89.5,,,CONVERGENCE: RELATIVE REDUCTION OF F <= FACTR*EPSMCH
RAR_sharp_coherence_gated_RG,thick_gas,UGC02259,76,17.114730384644787,True,True,435,False,0.41886240536365693,-2.41702679647151e-08,0.39023870896380775,0.7642271244298882,0.7601155823722708,0.6999999830808126,1.1221127958662098,43.29268137328967,,,CONVERGENCE: RELATIVE REDUCTION OF F <= FACTR*EPSMCH
RAR_sharp_coherence_gated_RG,thick_gas,UGC02487,77,40.566608600128454,True,True,755,False,0.4552148166188968,0.18558991587235854,-0.6259876578182972,1.0720134078706567,0.788256003820362,0.842749913029547,0.9100868730644723,41.36006703935328,,,CONVERGENCE: RELATIVE REDUCTION OF F <= FACTR*EPSMCH
RAR_sharp_coherence_gated_RG,thick_gas,UGC02885,78,41.128112339428625,True,True,565,False,0.035534279479236465,0.2179600591982587,-0.4072066797729984,0.3199909079712243,0.5180865834979202,0.870476179122522,0.9600972784095964,65.2799636318849,,,CONVERGENCE: RELATIVE REDUCTION OF F <= FACTR*EPSMCH
RAR_sharp_coherence_gated_RG,thick_gas,UGC02916,79,178.75930895267584,True,True,1145,False,0.963743645852449,-0.0917777987556954,-4.9124675465443595,3.7214777843218534,1.3107460321324402,0.6386154900739507,0.47896919717884046,68.60738892160927,,,CONVERGENCE: RELATIVE REDUCTION OF F <= FACTR*EPSMCH
RAR_sharp_coherence_gated_RG,thick_gas,UGC02953,80,283.495758679805,True,True,895,False,0.36204177069048266,-0.020165927704355987,-1.2218271341311209,3.9117248129758355,0.7181294671173893,0.6860252312786256,0.693122768583423,65.64689925190333,,,CONVERGENCE: RELATIVE REDUCTION OF F <= FACTR*EPSMCH
RAR_sharp_coherence_gated_RG,thick_gas,UGC03205,81,135.03859603855724,True,True,580,False,0.014243238050994653,0.4292566882758785,-0.06708772140052323,0.9448509376206623,0.5071725781365172,1.0752807006057834,0.9866720697194692,70.77940375048264,,,CONVERGENCE: RELATIVE REDUCTION OF F <= FACTR*EPSMCH
RAR_sharp_coherence_gated_RG,thick_gas,UGC03546,82,58.58857461532296,True,True,620,False,0.05921393379007046,-0.43975636630144954,-0.47947629551980386,0.8441123045330697,0.5305011003420792,0.45093534442188427,0.8866661610151958,59.22056152266535,,,CONVERGENCE: RELATIVE REDUCTION OF F <= FACTR*EPSMCH
RAR_sharp_coherence_gated_RG,thick_gas,UGC03580,83,91.55950019938476,True,True,550,False,0.05901848325864573,-1.3068900744191134,-1.4191445079066307,0.907348070752202,0.5303974237522483,0.18946233798434153,0.7001224227277564,66.62939228300881,,,CONVERGENCE: RELATIVE REDUCTION OF F <= FACTR*EPSMCH
RAR_sharp_coherence_gated_RG,thick_gas,UGC04278,84,40.980607015782056,True,True,355,False,0.120369722885969,-2.335107584946973e-08,0.022547758732257544,0.0,0.5639568950201793,0.699999983654247,1.0067800962470381,89.5,,,CONVERGENCE: RELATIVE REDUCTION OF F <= FACTR*EPSMCH
RAR_sharp_coherence_gated_RG,thick_gas,UGC04325,85,16.381564214175558,True,True,430,False,0.3129316750760225,-1.5358187994590382e-08,0.9958659725892578,0.8505476603168073,0.6837140492074423,0.6999999892492684,1.348185739273639,43.55164298095042,,,CONVERGENCE: RELATIVE REDUCTION OF F <= FACTR*EPSMCH
RAR_sharp_coherence_gated_RG,thick_gas,UGC04483,86,8.773051271908415,True,True,310,False,-0.19220124224971896,7.084456616320137e-09,-1.3631144865208193,-0.8993792745467739,0.41257039929572964,0.7000000049591195,0.8811595098215945,55.30186217635968,,,CONVERGENCE: RELATIVE REDUCTION OF F <= FACTR*EPSMCH
RAR_sharp_coherence_gated_RG,thick_gas,UGC04499,87,10.1251528877932,True,True,370,False,-0.09475551524548792,-1.7573674831562076e-09,-0.5605055641960938,0.05992944947940791,0.45479764473348544,0.6999999987698428,0.8452256302176886,50.17978834843822,,,CONVERGENCE: RELATIVE REDUCTION OF F <= FACTR*EPSMCH
RAR_sharp_coherence_gated_RG,thick_gas,UGC05005,88,19.500845869508005,True,True,320,False,-0.12633661523858555,-1.9233899457118274e-08,-0.8469616546759746,-0.38506950782555177,0.4406590658668154,0.6999999865362705,0.844710387532013,37.14930492174448,,,CONVERGENCE: NORM OF PROJECTED GRADIENT <= PGTOL
RAR_sharp_coherence_gated_RG,thick_gas,UGC05253,89,108.7741303163414,True,True,1010,False,-0.1517115055637338,0.4688450175666767,-3.247790382003264,2.2689593943448942,0.4296180649153789,1.1187031063625885,0.44430746344830274,46.07583757737957,,,CONVERGENCE: RELATIVE REDUCTION OF F <= FACTR*EPSMCH
RAR_sharp_coherence_gated_RG,thick_gas,UGC05716,90,9.4588753000582,True,True,425,False,0.35797082225627935,7.497041252724708e-09,-0.31141817591457355,0.1598954027381294,0.7152119416647617,0.7000000052479288,0.9254371766758256,55.598954027381296,,,CONVERGENCE: RELATIVE REDUCTION OF F <= FACTR*EPSMCH
RAR_sharp_coherence_gated_RG,thick_gas,UGC05721,91,36.29088005232449,True,True,365,False,-0.24638905882709158,-4.5731328817768356e-09,1.9157558224036308,1.0840949301438256,0.3908090351763091,0.699999996798807,1.774443362786562,66.42047465071913,,,CONVERGENCE: RELATIVE REDUCTION OF F <= FACTR*EPSMCH
RAR_sharp_coherence_gated_RG,thick_gas,UGC05750,92,16.223950999658246,True,True,300,False,-0.14108142913845978,-6.887633056676085e-09,-1.022431359053175,-0.36343674912967133,0.43420929712026235,0.6999999951786569,0.8156339989129401,60.365632508703285,,,CONVERGENCE: RELATIVE REDUCTION OF F <= FACTR*EPSMCH
RAR_sharp_coherence_gated_RG,thick_gas,UGC05764,93,13.630142525478623,True,True,355,False,0.36315544024909724,-4.185245521525647e-09,0.7790947533256724,1.039761867713584,0.7189296715430117,0.6999999970703281,1.2631696147867597,70.39761867713584,,,CONVERGENCE: RELATIVE REDUCTION OF F <= FACTR*EPSMCH
RAR_sharp_coherence_gated_RG,thick_gas,UGC05829,94,13.020648344892434,True,True,320,False,0.06372473434066339,1.4482499028437709e-08,-0.8130095077471775,0.20696082072177402,0.5328994902601409,0.7000000101377493,0.7837112299093543,36.06960820721774,,,CONVERGENCE: RELATIVE REDUCTION OF F <= FACTR*EPSMCH
RAR_sharp_coherence_gated_RG,thick_gas,UGC05918,95,8.283687715637711,True,True,315,False,0.040076672274250116,3.584843824079044e-11,-0.15716011213025946,0.26302004112034666,0.5204452892904312,0.7000000000250939,0.9539070276171034,47.31510020560173,,,CONVERGENCE: NORM OF PROJECTED GRADIENT <= PGTOL
RAR_sharp_coherence_gated_RG,thick_gas,UGC05986,96,26.234566299207497,True,True,505,False,-0.3875127983591177,4.0772726623264264e-10,1.6404553931399286,2.3525765066991908e-08,0.33937147369991816,0.700000000285409,1.6361185607863578,89.5,,,CONVERGENCE: RELATIVE REDUCTION OF F <= FACTR*EPSMCH
RAR_sharp_coherence_gated_RG,thick_gas,UGC06399,97,11.172660837077064,True,True,390,False,0.0679874189010705,3.5537360850480985e-08,0.4998844435360553,0.11513855563225865,0.5351759210958241,0.700000024876153,1.0718953053243416,75.23027711126451,,,CONVERGENCE: RELATIVE REDUCTION OF F <= FACTR*EPSMCH
RAR_sharp_coherence_gated_RG,thick_gas,UGC06446,98,21.676080510678396,True,True,430,False,0.41125352087001743,-8.50148470152247e-09,0.3945413469629524,0.5136124280373251,0.7543538984954946,0.6999999940489606,1.125651978336161,52.54083728411197,,,CONVERGENCE: RELATIVE REDUCTION OF F <= FACTR*EPSMCH
RAR_sharp_coherence_gated_RG,thick_gas,UGC06614,99,27.397467013829047,True,True,550,False,0.09646198036704785,-0.27198420913694366,-0.7483791094710042,-0.7929873422061758,0.5506338552768548,0.5333064040647899,0.927893875579482,28.07012657793824,,,CONVERGENCE: RELATIVE REDUCTION OF F <= FACTR*EPSMCH
RAR_sharp_coherence_gated_RG,thick_gas,UGC06667,100,20.629087006589906,True,True,320,False,0.6657768811250928,-1.3167711072271326e-09,3.138512635145669,0.015595726760553161,0.9730008731329167,0.6999999990782602,1.5463611607143228,89.01559572676055,,,CONVERGENCE: RELATIVE REDUCTION OF F <= FACTR*EPSMCH
RAR_sharp_coherence_gated_RG,thick_gas,UGC06786,101,78.95348574626131,True,True,715,False,0.023778139215425684,-0.36694074287088063,1.131531279239045,1.0611218082524192,0.5120315466220569,0.48499549011996296,1.326693459111919,67.18336542475726,,,CONVERGENCE: RELATIVE REDUCTION OF F <= FACTR*EPSMCH
RAR_sharp_coherence_gated_RG,thick_gas,UGC06787,102,199.41243574819134,True,True,805,False,-1.462348687842047,0.15240688452387732,-1.3553725035681015,0.9874292035128345,0.11584573213006412,0.8152438081164891,0.7128209847795246,68.96228761053851,,,CONVERGENCE: RELATIVE REDUCTION OF F <= FACTR*EPSMCH
RAR_sharp_coherence_gated_RG,thick_gas,UGC06818,103,17.75258823617682,True,True,295,False,-0.4647609599504636,0.0,-1.7044766970103342,-0.2732074952428721,0.3141426362917982,0.7,0.7892020757951682,74.18037751427138,,,CONVERGENCE: RELATIVE REDUCTION OF F <= FACTR*EPSMCH
RAR_sharp_coherence_gated_RG,thick_gas,UGC06917,104,13.601826441175142,True,True,420,False,0.019510040324435905,-1.401953096725263e-09,0.46072279121292126,0.3120063799784291,0.5098508024721015,0.6999999990186327,1.0660809666421036,56.624012759956855,,,CONVERGENCE: RELATIVE REDUCTION OF F <= FACTR*EPSMCH
RAR_sharp_coherence_gated_RG,thick_gas,UGC06930,105,16.671888050933205,True,True,375,False,0.0988277070512966,-1.1316385943726714e-08,-0.5555554223974821,-0.1532688030249973,0.5519380465533263,0.6999999920785298,0.9257412830452056,31.233655984875014,,,CONVERGENCE: RELATIVE REDUCTION OF F <= FACTR*EPSMCH
RAR_sharp_coherence_gated_RG,thick_gas,UGC06983,106,23.053014694667226,True,True,480,False,0.2698312931028748,-1.108051263901048e-08,0.5105625402464169,0.2638289860380422,0.6548717346682434,0.6999999922436412,1.0734861794059825,49.26382898603804,,,CONVERGENCE: RELATIVE REDUCTION OF F <= FACTR*EPSMCH
RAR_sharp_coherence_gated_RG,thick_gas,UGC07089,107,17.175533741450863,True,True,360,False,-0.39522768047636386,3.5719640600050392e-09,-1.8712690363268458,-0.19391844988438506,0.33676333645826845,0.7000000025003748,0.7711298690410617,79.41824465034685,,,CONVERGENCE: RELATIVE REDUCTION OF F <= FACTR*EPSMCH
RAR_sharp_coherence_gated_RG,thick_gas,UGC07125,108,16.91205326423422,True,True,355,False,0.10703538787569233,-2.5226657120845017e-08,-2.5210758836266622,0.0,0.5564868197776249,0.6999999823413402,0.47178604885085884,89.5,,,CONVERGENCE: RELATIVE REDUCTION OF F <= FACTR*EPSMCH
RAR_sharp_coherence_gated_RG,thick_gas,UGC07151,109,13.09767096878307,True,True,425,False,-0.014377812451608725,-1.2690716365124715e-08,-0.26758798533357325,1.9243720603503087e-08,0.49286252735108327,0.6999999911164985,0.9868442301734017,89.5,,,CONVERGENCE: RELATIVE REDUCTION OF F <= FACTR*EPSMCH
RAR_sharp_coherence_gated_RG,thick_gas,UGC07323,110,12.28487410641818,True,True,360,False,-0.15252977697032988,6.722673374258869e-09,-0.7250498297003071,0.06499003245252817,0.42926666452715373,0.7000000047058713,0.8045155781988886,47.19497009735758,,,CONVERGENCE: RELATIVE REDUCTION OF F <= FACTR*EPSMCH
RAR_sharp_coherence_gated_RG,thick_gas,UGC07399,111,14.85570500754106,True,True,485,False,0.06737804922862882,-1.1399805061258313e-08,2.2201954126504777,0.740643528969066,0.5348499004637186,0.6999999920201364,1.947062822489953,57.2219305869072,,,CONVERGENCE: RELATIVE REDUCTION OF F <= FACTR*EPSMCH
RAR_sharp_coherence_gated_RG,thick_gas,UGC07524,112,32.860071045805824,True,True,450,False,-0.11564016042063083,-6.668886361202741e-09,-0.2574246127225576,0.36836251370641276,0.44539785459277903,0.6999999953317795,0.9870504191649416,47.10508754111924,,,CONVERGENCE: RELATIVE REDUCTION OF F <= FACTR*EPSMCH
RAR_sharp_coherence_gated_RG,thick_gas,UGC07577,113,27.848222606113794,True,True,300,False,-0.5982143504968691,-5.2485197820080395e-08,-1.4592346739686992,-1.4655016092454831,0.2748962483977079,0.6999999632603625,0.929374556254926,58.60349517226355,,,CONVERGENCE: RELATIVE REDUCTION OF F <= FACTR*EPSMCH
RAR_sharp_coherence_gated_RG,thick_gas,UGC07603,114,15.41770816754854,True,True,360,False,-0.19531971044705393,2.5547778557568907e-09,0.8142506621700019,0.1487612038596704,0.4112858156340431,0.7000000017883445,1.276695627063372,78.446283611579,,,CONVERGENCE: RELATIVE REDUCTION OF F <= FACTR*EPSMCH
RAR_sharp_coherence_gated_RG,thick_gas,UGC08286,115,26.751998219571473,True,True,495,False,0.7316065700529021,1.1871915867158508e-08,0.36658054348356994,-3.49533515638643e-08,1.0392085247159217,0.700000008310341,1.0119137818189783,89.5,,,CONVERGENCE: RELATIVE REDUCTION OF F <= FACTR*EPSMCH
RAR_sharp_coherence_gated_RG,thick_gas,UGC08490,116,32.771947542548325,True,True,380,False,0.3584115898125424,0.0,0.5745472820123046,1.050228885385888,0.7155272533689793,0.7,1.067677826334619,53.15068665615767,,,CONVERGENCE: RELATIVE REDUCTION OF F <= FACTR*EPSMCH
RAR_sharp_coherence_gated_RG,thick_gas,UGC08550,117,8.57570538778164,True,True,365,False,0.04355443987803033,4.497668244395685e-09,0.39162412369284116,-2.387481559774102e-08,0.5222584280672427,0.7000000031483677,1.1240100845944843,89.5,,,CONVERGENCE: RELATIVE REDUCTION OF F <= FACTR*EPSMCH
RAR_sharp_coherence_gated_RG,thick_gas,UGC08699,118,61.54777575153798,True,True,625,False,0.16276988073115695,-0.16660499348633728,0.1274444802914516,0.727414891994334,0.5883829310142805,0.5925737522043799,1.0323573802073784,79.546734027949,,,CONVERGENCE: RELATIVE REDUCTION OF F <= FACTR*EPSMCH
RAR_sharp_coherence_gated_RG,thick_gas,UGC08837,119,25.661460421712967,True,True,350,False,-0.8981483690009183,6.893564167229843e-09,-2.040002069325518,-2.862083414018106,0.2036615870629351,0.7000000048254948,0.9031572191426179,65.68958292990948,,,CONVERGENCE: RELATIVE REDUCTION OF F <= FACTR*EPSMCH
RAR_sharp_coherence_gated_RG,thick_gas,UGC09037,120,45.771516834716365,True,True,515,False,-0.9300288106722254,-4.087582461275442e-08,-0.6234735690780049,0.16656590877939154,0.19727117158886265,0.6999999713869234,0.9392762288358503,65.83282954389696,,,CONVERGENCE: RELATIVE REDUCTION OF F <= FACTR*EPSMCH
RAR_sharp_coherence_gated_RG,thick_gas,UGC09133,121,145.39152185488254,True,True,980,False,0.868853811355052,0.2814782294768742,-3.4808119640228967,1.7412343576710378,1.1920882853543842,0.9275610037169701,0.49910279910456057,63.447406146026225,,,CONVERGENCE: RELATIVE REDUCTION OF F <= FACTR*EPSMCH
RAR_sharp_coherence_gated_RG,thick_gas,UGC11455,122,112.17193924748275,True,True,585,False,-0.21675571789855919,-2.8727905866299956e-08,0.44556830261693714,0.0,0.4025633116539823,0.6999999798904661,1.0691799293681963,89.5,,,CONVERGENCE: RELATIVE REDUCTION OF F <= FACTR*EPSMCH
RAR_sharp_coherence_gated_RG,thick_gas,UGC11557,123,24.39229419489025,True,True,340,False,-0.20442632592193535,-6.437979943502924e-09,-1.2079800131518035,-0.6673439777048582,0.40755739626812576,0.699999995493414,0.7393417591581787,23.326560222951418,,,CONVERGENCE: RELATIVE REDUCTION OF F <= FACTR*EPSMCH
RAR_sharp_coherence_gated_RG,thick_gas,UGC11820,124,13.741840777224752,True,True,445,False,0.24531737841404044,-2.3576926598846678e-08,-0.9009963621330606,0.14384419824197353,0.6390134334923097,0.6999999834961516,0.7631513477096573,46.43844198241973,,,CONVERGENCE: RELATIVE REDUCTION OF F <= FACTR*EPSMCH
RAR_sharp_coherence_gated_RG,thick_gas,UGC11914,125,92.73058810273557,True,True,860,False,-0.20928188451218602,0.05724427125021979,-1.1081870437551493,2.695449725741829,0.4055832740632354,0.7412401088124213,0.7157507343181541,44.47724862870915,,,CONVERGENCE: RELATIVE REDUCTION OF F <= FACTR*EPSMCH
RAR_sharp_coherence_gated_RG,thick_gas,UGC12506,126,77.01959833700161,True,True,520,False,0.600400791320306,1.801592660225429e-09,0.25149944726772033,0.11342092882704621,0.9114246180783259,0.7000000012611148,1.0255714244362888,86.45368371530819,,,CONVERGENCE: RELATIVE REDUCTION OF F <= FACTR*EPSMCH
RAR_sharp_coherence_gated_RG,thick_gas,UGC12632,127,17.470288978532164,True,True,410,False,0.16119534571149674,1.2345987644323475e-08,-0.1974045836226407,0.3858114614446912,0.5874572304496534,0.7000000086421913,0.9425171439958837,47.157434384334074,,,CONVERGENCE: RELATIVE REDUCTION OF F <= FACTR*EPSMCH
RAR_sharp_coherence_gated_RG,thick_gas,UGC12732,128,17.794475885139665,True,True,395,False,0.2746384595816602,-2.634173442105603e-08,-0.5119568934632631,0.6316453489149477,0.6580273909245685,0.699999981560786,0.8562966128138877,42.789872093489684,,,CONVERGENCE: RELATIVE REDUCTION OF F <= FACTR*EPSMCH
RAR_sharp_coherence_gated_RG,thick_gas,UGCA442,129,7.104585094267055,True,True,295,False,-0.07819376195886782,-9.136776128442017e-09,-0.39974198181949533,-0.9309353086448361,0.46239261049326985,0.6999999936042567,0.9799861541240876,57.48345283948615,,,CONVERGENCE: RELATIVE REDUCTION OF F <= FACTR*EPSMCH
RAR_sharp_coherence_gated_RG,thick_gas,UGCA444,130,45.3141996856224,True,True,280,False,-0.040834355546943875,0.0,-2.447807455663494,-1.794125099107479,0.47999406674386,0.7,0.8825956281873433,70.82349960357008,,,CONVERGENCE: RELATIVE REDUCTION OF F <= FACTR*EPSMCH
