galaxy,R_disk,n_inner,n_outer,rms_inner,rms_outer,ratio,chi2_gpm,chi2_bar
IC2574,2.78,17,17,4.130146901883856,9.617715819180772,2.328661921151983,33.41895803541366,217.86291661881984
NGC2403,1.39,26,46,1.6874379277455025,17.97692218270231,10.653382792409042,291.9651219980176,2048.011813480202
NGC6503,2.16,5,26,5.536936435406752,12.476741888138124,2.2533655630131073,64.54960915024454,827.2602858849393
NGC3198,3.14,19,24,5.852955484284333,18.149612630236668,3.1009312609620676,41.37944927937712,294.0762804813492
NGC2841,3.64,12,38,31.414919867836364,118.05274143985682,3.7578558830170095,574.8786034043452,409.9534725035688
UGC00128,5.95,5,17,9.997151056577058,16.238794383586782,1.6243422042626223,238.11060481893756,4457.435180969467
UGC02259,1.62,3,5,30.097659716818313,36.29518496487187,1.205913858631023,328.71887189127466,432.0113260637644
NGC0801,8.72,6,7,122.6611578277431,63.57859650457725,0.518327053408893,338.2144670653031,52.8184760357491
