{
  "baseline_rms": 20.949875225143,
  "variants": {
    "baseline": {
      "mean_rms": 20.949875225143,
      "median_rms": 17.75369488547636,
      "std_rms": 16.33451791461693,
      "mean_xi": 3.846393762183236,
      "inner_residual": 14.589286464446623,
      "outer_residual": 11.37128968091799,
      "by_mass": {
        "dwarf": 10.196800724709421,
        "massive": 32.30629571051593,
        "normal": 21.317399213187702
      },
      "by_bulge": {
        "bulge-dominated": 34.94667820887201,
        "disk-dominated": 18.440103655646762
      },
      "k": null,
      "cv": null
    },
    "obs (V_obs)": {
      "mean_rms": 17.01072203266092,
      "median_rms": 13.108218792681113,
      "std_rms": 13.143759587634358,
      "mean_xi": 0.6918925606853931,
      "inner_residual": 5.570355891338464,
      "outer_residual": -2.5307602787603907,
      "by_mass": {
        "dwarf": 9.626011007932874,
        "massive": 27.739404826871905,
        "normal": 14.38581324341233
      },
      "by_bulge": {
        "bulge-dominated": 29.057896775113697,
        "disk-dominated": 14.850538975393528
      },
      "k": 0.487777235167821,
      "cv": {
        "train_rms_mean": 17.022877313329666,
        "train_rms_std": 0.7980097934273737,
        "test_rms_mean": 17.011277350150134,
        "test_rms_std": 3.2184712274658445,
        "overfitting": -0.011599963179531159,
        "k_mean": 0.48881599059312525,
        "k_std": 0.0620505583946474
      }
    },
    "bar (V_bar)": {
      "mean_rms": 17.51903396542397,
      "median_rms": 13.990658001339222,
      "std_rms": 13.130192405472231,
      "mean_xi": 0.5337404015546984,
      "inner_residual": 4.657143798555486,
      "outer_residual": -3.870762605103398,
      "by_mass": {
        "dwarf": 10.473403992704396,
        "massive": 27.951610155210275,
        "normal": 14.821643035511949
      },
      "by_bulge": {
        "bulge-dominated": 28.796877703073804,
        "disk-dominated": 15.49679991591434
      },
      "k": 0.24059335139781257,
      "cv": {
        "train_rms_mean": 17.5373187124604,
        "train_rms_std": 0.8108154324294501,
        "test_rms_mean": 17.498873674793817,
        "test_rms_std": 3.2691649374727643,
        "overfitting": -0.038445037666583914,
        "k_mean": 0.24189536761528388,
        "k_std": 0.03712148398482984
      }
    },
    "self (V_pred)": {
      "mean_rms": 17.590823043593588,
      "median_rms": 13.718302628816145,
      "std_rms": 13.291772841818453,
      "mean_xi": 0.5605674325789782,
      "inner_residual": 4.750716725257431,
      "outer_residual": -3.5938298429935016,
      "by_mass": {
        "dwarf": 10.756371964424046,
        "massive": 28.060158898024124,
        "normal": 14.631065771388108
      },
      "by_bulge": {
        "bulge-dominated": 29.300774828024217,
        "disk-dominated": 15.491107551212927
      },
      "k": 0.40184925199712923,
      "cv": {
        "train_rms_mean": 17.60424185997554,
        "train_rms_std": 0.8151298941494887,
        "test_rms_mean": 17.607646603694263,
        "test_rms_std": 3.2863545088455894,
        "overfitting": 0.003404743718721903,
        "k_mean": 0.40401128866475444,
        "k_std": 0.06673886099894612
      }
    },
    "obs + photo_Rd": {
      "mean_rms": 17.037931860362463,
      "median_rms": 13.619523171704305,
      "std_rms": 12.46431394645439,
      "mean_xi": 0.5251575221310196,
      "inner_residual": 4.5649640444190185,
      "outer_residual": -3.95525367160763,
      "by_mass": {
        "dwarf": 10.017214886659099,
        "massive": 27.290161999593593,
        "normal": 14.490974016871217
      },
      "by_bulge": {
        "bulge-dominated": 28.366179521031594,
        "disk-dominated": 15.006659866035587
      },
      "k": 0.7792624404441563,
      "cv": {
        "train_rms_mean": 17.048430698962733,
        "train_rms_std": 0.7566895823508786,
        "test_rms_mean": 17.045509306144616,
        "test_rms_std": 3.04694196823863,
        "overfitting": -0.0029213928181164306,
        "k_mean": 0.7895262768214122,
        "k_std": 0.10836027621051529
      }
    },
    "bar + photo_Rd": {
      "mean_rms": 17.602512125930115,
      "median_rms": 14.859900901744995,
      "std_rms": 12.570294372350936,
      "mean_xi": 0.3827637216867532,
      "inner_residual": 3.434724434429988,
      "outer_residual": -5.492587252718944,
      "by_mass": {
        "dwarf": 10.902860474099878,
        "massive": 27.584473055435748,
        "normal": 14.97699869712662
      },
      "by_bulge": {
        "bulge-dominated": 28.24686997309903,
        "disk-dominated": 15.693868649886033
      },
      "k": 0.36754020117830943,
      "cv": {
        "train_rms_mean": 17.618330610578692,
        "train_rms_std": 0.7774177031422913,
        "test_rms_mean": 17.597855058507193,
        "test_rms_std": 3.1197655310215557,
        "overfitting": -0.02047555207149898,
        "k_mean": 0.37395147078057667,
        "k_std": 0.06463955806546764
      }
    },
    "self + photo_Rd": {
      "mean_rms": 17.555869334893565,
      "median_rms": 14.499634319156899,
      "std_rms": 12.605057539960377,
      "mean_xi": 0.4194760914107609,
      "inner_residual": 3.9126815091778164,
      "outer_residual": -4.849360403759192,
      "by_mass": {
        "dwarf": 10.892359169968776,
        "massive": 27.489895284521413,
        "normal": 14.938711882499913
      },
      "by_bulge": {
        "bulge-dominated": 28.378809914004663,
        "disk-dominated": 15.615204127604676
      },
      "k": 0.6347488743428944,
      "cv": {
        "train_rms_mean": 17.572159854689012,
        "train_rms_std": 0.7736607364615744,
        "test_rms_mean": 17.548394755498325,
        "test_rms_std": 3.101334144712899,
        "overfitting": -0.02376509919068681,
        "k_mean": 0.6382452086878185,
        "k_std": 0.08668961746060917
      }
    }
  },
  "improvement_retention": {
    "bar_vs_obs": 87.09590848781485,
    "self_vs_obs": 85.27345897489343
  }
}