cluster,z_lens,z_source,theta_E_obs_arcsec,theta_E_err_arcsec,R_E_kpc,sigma_crit_Msun_per_kpc2,M_required_Msun,M_baryon_at_RE_Msun,M_theory_at_RE_Msun,mass_ratio_theory,mass_ratio_baryon,mass_boost_at_RE
MACSJ0416,0.396,2.0,30.0,1.5,160.20205951963203,2147099316.2181232,173116393624368.34,1998731183856.3872,1996979181148.9338,0.011535471247639447,0.011545591621977044,0.9991234425511524
MACSJ0717,0.545,2.5,55.0,3.0,351.03437205960824,1940412447.155537,751178606588992.1,6056873453493.608,6055540469437.181,0.008061385689529459,0.008063160212984647,0.9997799220890674
ABELL_1689,0.183,2.0,47.0,3.0,144.55026345605805,3065481383.6694007,201227036275989.0,2564715090659.957,2389444196942.959,0.011874369573608209,0.012745380233809,0.9316606767140373
