{
  "early": {
    "n_galaxies": 16,
    "mean_residual": -0.222859956313744,
    "std_residual": 0.21862898615513718,
    "median_residual": -0.19572695889890768,
    "T_range": [
      0,
      2
    ],
    "age_proxy": "~8-10 Gyr"
  },
  "intermediate": {
    "n_galaxies": 42,
    "mean_residual": -0.2348877735251718,
    "std_residual": 0.2914503248283395,
    "median_residual": -0.2796960418155603,
    "T_range": [
      3,
      5
    ],
    "age_proxy": "~4-6 Gyr"
  },
  "late": {
    "n_galaxies": 77,
    "mean_residual": 0.6994091476370442,
    "std_residual": 0.5256062509204136,
    "median_residual": 0.6626089173654792,
    "T_range": [
      6,
      11
    ],
    "age_proxy": "~1-3 Gyr"
  },
  "statistical_test": {
    "early_n": 16,
    "late_n": 77,
    "early_mean": -0.222859956313744,
    "late_mean": 0.6994091476370442,
    "t_statistic": -6.872004846426341,
    "t_pvalue": 7.684640654338914e-10,
    "mannwhitney_pvalue": 1.8646934860326802e-08
  }
}