{
  "test": "phase_dependent_coherence",
  "n_total_stars": 1799898,
  "populations": {
    "thin_disk": {
      "n_stars": 496904,
      "mean_v_phi": 244.13859328918372,
      "std_v_phi": 20.378562541235894,
      "mean_v_perp": 27.688226565041518,
      "r_centers": [
        0.14142135623730953,
        0.264575131106459,
        0.4183300132670378,
        0.6123724356957945,
        0.8660254037844386,
        1.224744871391589,
        1.7320508075688772,
        2.449489742783178,
        3.4641016151377544,
        4.47213595499958,
        5.70087712549569,
        7.211102550927978
      ],
      "correlations": [
        0.0233298612500355,
        0.015082455805216626,
        0.006178761115441095,
        0.004324649527984572,
        0.00694934927757728,
        0.007810272126388625,
        0.00802231281593215,
        0.00735227628058334,
        0.0070387375086498755,
        0.005862253552375973,
        0.004704783911112998,
        -0.03286075582184032
      ],
      "errors": [
        0.0004433052988814892,
        0.00028760774059857726,
        0.0002609915348843479,
        0.0002034026534969006,
        0.00021561302519405946,
        0.0001647422952086789,
        0.0001844187278429622,
        0.00016711731150000146,
        0.0002714469959130576,
        0.0005013123122662834,
        0.0009778732810446084,
        0.006625515467994888
      ],
      "n_pairs": [
        5282701,
        12648987,
        15610662,
        26104538,
        22973009,
        37694001,
        28389497,
        32575812,
        11898119,
        3523913,
        1215180,
        184425
      ],
      "fits": {
        "exponential": {
          "A": 0.009400019483118955,
          "ell": 7.959568377628041,
          "chi2": 2125.2603389232886,
          "chi2_dof": 212.52603389232885
        },
        "powerlaw": {
          "A": 0.01820133564697664,
          "ell": 0.10000000000000002,
          "n": 0.3453348101457981,
          "chi2": 1722.3198069202142,
          "chi2_dof": 191.36886743557935
        }
      }
    },
    "thick_disk": {
      "n_stars": 115832,
      "mean_v_phi": 172.0096987363255,
      "std_v_phi": 22.89580761951817,
      "mean_v_perp": 71.5265073344114,
      "r_centers": [
        0.14142135623730953,
        0.264575131106459,
        0.4183300132670378,
        0.6123724356957945,
        0.8660254037844386,
        1.224744871391589,
        1.7320508075688772,
        2.449489742783178,
        3.4641016151377544,
        4.47213595499958,
        5.70087712549569,
        7.211102550927978
      ],
      "correlations": [
        0.059116586565736616,
        0.05482151901515734,
        0.05091252657026426,
        0.04929425263069243,
        0.05156203546954531,
        0.0600527441127162,
        0.07350398510371953,
        0.08642644796554534,
        0.08780898605206908,
        0.06739315767704306,
        0.036897205244882894,
        -0.012174340894420302
      ],
      "errors": [
        0.00046669944962820896,
        0.0002962080133733997,
        0.00025852995520142573,
        0.00018926539519661996,
        0.00019299290228693601,
        0.00015577827562529597,
        0.0002028529969772831,
        0.0002255449725514902,
        0.00042171175608985193,
        0.0007423231320628414,
        0.0012865568503269795,
        0.005065044736980584
      ],
      "n_pairs": [
        4329457,
        10923523,
        14683643,
        28306095,
        28346137,
        46211536,
        29288454,
        25195623,
        7429964,
        2463332,
        1082550,
        205993
      ],
      "fits": {
        "exponential": {
          "A": 0.06488064150830597,
          "ell": 19.999999999999996,
          "chi2": 39897.86045443076,
          "chi2_dof": 3989.786045443076
        },
        "powerlaw": {
          "A": 0.06189617609491772,
          "ell": 19.999999999999996,
          "n": 0.10000000000000002,
          "chi2": 30250.861162748577,
          "chi2_dof": 3361.206795860953
        }
      }
    },
    "halo_retrograde": {
      "n_stars": 52339,
      "mean_v_phi": 33.07972889416887,
      "std_v_phi": 71.69482872580855,
      "mean_v_perp": 194.02928488681013,
      "r_centers": [
        0.14142135623730953,
        0.264575131106459,
        0.4183300132670378,
        0.6123724356957945,
        0.8660254037844386,
        1.224744871391589,
        1.7320508075688772,
        2.449489742783178,
        3.4641016151377544,
        4.47213595499958,
        5.70087712549569,
        7.211102550927978
      ],
      "correlations": [
        0.056921478211474114,
        0.056741380901070726,
        0.056920964672896014,
        0.058200726554309815,
        0.06312515072809795,
        0.07548591187934826,
        0.09018638472576061,
        0.10828292975160289,
        0.13117877679963846,
        0.14896417200789958,
        0.16535633551659576,
        0.1874145141692949
      ],
      "errors": [
        0.000571293026516319,
        0.0003560343890414971,
        0.0003008948898897949,
        0.00020852490231330534,
        0.0002021414547599707,
        0.00015379651932374226,
        0.0001837322874978977,
        0.00017417991802370266,
        0.0002579010669678531,
        0.0003693337814056686,
        0.0004496120074232874,
        0.0008334041972865641
      ],
      "n_pairs": [
        1705410,
        4485203,
        6494419,
        14104252,
        16387901,
        33155125,
        28234132,
        39422726,
        23176968,
        14132198,
        11952954,
        4422579
      ],
      "fits": {
        "exponential": {
          "A": 0.09258401514919785,
          "ell": 19.99999999999997,
          "chi2": 245112.2259238745,
          "chi2_dof": 24511.22259238745
        },
        "powerlaw": {
          "A": 0.08778287541757629,
          "ell": 19.999999999997698,
          "n": 0.10000000000000364,
          "chi2": 182172.33924251673,
          "chi2_dof": 20241.371026946304
        }
      }
    },
    "retrograde_only": {
      "n_stars": 11931,
      "mean_v_phi": -75.84639436835101,
      "std_v_phi": 72.77016344276468,
      "mean_v_perp": 219.07731527999374,
      "r_centers": [
        0.14142135623730953,
        0.264575131106459,
        0.4183300132670378,
        0.6123724356957945,
        0.8660254037844386,
        1.224744871391589,
        1.7320508075688772,
        2.449489742783178,
        3.4641016151377544,
        4.47213595499958,
        5.70087712549569,
        7.211102550927978
      ],
      "correlations": [
        0.0679111226150653,
        0.06655422004721534,
        0.06451418292274763,
        0.06073867917852718,
        0.059757929281706104,
        0.06210711305314063,
        0.06642706480499214,
        0.07860314842767534,
        0.0939969402421807,
        0.11018432461253079,
        0.12453686192744093,
        0.1389109520520839
      ],
      "errors": [
        0.0015783450656799956,
        0.0009897519064343931,
        0.0008284916578483225,
        0.0005455702404345351,
        0.0004837146080790446,
        0.0003158906867515713,
        0.00032004049322577305,
        0.0002588129132847662,
        0.0003320554640876811,
        0.0004369306677104277,
        0.00047860303171466916,
        0.0007497520201242088
      ],
      "n_pairs": [
        311986,
        822204,
        1201923,
        2723420,
        3451607,
        8200301,
        8511122,
        14735212,
        10598828,
        7421332,
        7578939,
        3593546
      ],
      "fits": {
        "exponential": {
          "A": 0.08905786249553484,
          "ell": 19.999999999999996,
          "chi2": 49575.76867803493,
          "chi2_dof": 4957.576867803493
        },
        "powerlaw": {
          "A": 0.0816914086122035,
          "ell": 19.999999999999996,
          "n": 0.10000000000000002,
          "chi2": 31522.502942880732,