{
  "mu_p": {
    "mean": 1.674118002871917,
    "std": 0.0805412087494391,
    "ci_95": [
      1.5150916129775567,
      1.8305361535014308
    ]
  },
  "beta_morph": {
    "mean": 0.08210053379216009,
    "std": 0.07433459858318799,
    "ci_95": [
      -0.06364219004784273,
      0.21727339411083713
    ],
    "prob_positive": 0.858
  },
  "sigma_p": {
    "mean": 0.8383113504555568,
    "ci_95": [
      0.7399033236155401,
      0.9489021142138848
    ]
  },
  "result": "NULL",
  "n_galaxies": 116,
  "n_chains": 4,
  "n_samples": 1000,
  "interpretation": "No significant correlation detected"
}