R_kpc,V_obs,eV_obs,V_gas,V_disk,V_bul,V_bar
1.95,32.0,10.0,7.85,23.82,0.0,25.080169457162764
3.88,57.6,10.0,15.1,35.57,0.0,38.64239769993575
5.83,70.9,7.0,20.84,33.21,0.0,39.20726590824716
7.78,77.0,6.0,25.68,32.58,0.0,41.48395834536526
9.72,82.5,6.0,29.5,31.97,0.0,43.500929875118764
11.66,84.3,6.0,30.81,29.08,0.0,42.36628966525154
13.59,83.9,6.0,28.8,26.58,0.0,39.191024482654186
