R_kpc,V_obs,eV_obs,V_gas,V_disk,V_bul,V_bar
0.87,23.4,5.55,3.13,27.44,0.0,27.61793801137225
1.74,28.0,5.2,4.07,38.72,0.0,38.93331863584198
2.61,36.7,4.25,7.08,40.85,0.0,41.45900264116348
3.5,47.6,4.25,10.56,41.42,0.0,42.74494122115505
4.37,63.3,4.75,13.36,40.22,0.0,42.38086832522429
5.24,71.2,5.25,17.35,39.25,0.0,42.91369245357477
6.11,68.1,6.0,19.51,37.01,0.0,41.83754533908508
6.98,74.4,6.0,20.91,34.75,0.0,40.556018049113256
