{
  "galaxy": "CamB",
  "alpha": 2.8271,
  "gamma": 0.8579,
  "alpha_eff": 2.8271,
  "gamma_eff": 0.8579,
  "alpha_scaling": "constant",
  "gamma_scaling": "constant",
  "shell_mode": "gravity_adaptive",
  "shell_parameters": {
    "R_coh": 5.37,
    "R_stop": 7.16,
    "r_factor": 4.0,
    "n_shell_min": 8,
    "n_shell_max": 40,
    "g_floor": 1e-05,
    "coh_radius_factor": 3.0,
    "spillover_mode": "hybrid",
    "spill_weights": [
      0.004329977585476831,
      0.008459431379879792,
      0.011549136950474869,
      0.014687551472274471,
      0.016726248826387305,
      0.017927056808226417,
      0.0194605367521143,
      0.01914835538727672,
      0.017411475192114143,
      0.01548009856880415,
      0.017091200529808538,
      0.01864147402268953,
      0.020123216766935233,
      0.021530646117286854,
      0.022859541870764367,
      0.024106939443286072,
      0.025270873449472566,
      0.026350168910047284,
      0.027344275349557832,
      0.028253137978349545,
      0.02907709982585561,
      0.029816828896938014,
      0.030473264958768603,
      0.03104758127094971,
      0.03154115732978044,
      0.03195555943300872,
      0.03229252654033237,
      0.03255395948663244,
      0.032741912093973764,
      0.029894402073188685,
      0.03025695115231052,
      0.030583364700826933,
      0.030870427362361893,
      0.03111488172904419,
      0.0313134536582196,
      0.03146288149983578,
      0.03155994935461929,
      0.031601524412334686,
      0.0315845983326071,
      0.03150633252718486
    ]
  },
  "budget_factor": 1.0,
  "spillover_mode": "hybrid",
  "spillover_params": {
    "alpha": 0.4,
    "beta": 1.0,
    "gamma": 0.8,
    "delta": 1.8,
    "gcut": 1e-05
  },
  "shell_profile": {
    "centers": [
      0.24982758620689655,
      0.42948275862068963,
      0.6091379310344828,
      0.7887931034482759,
      0.968448275862069,
      1.148103448275862,
      1.327758620689655,
      1.5074137931034484,
      1.6870689655172413,
      1.8667241379310346,
      2.046379310344828,
      2.226034482758621,
      2.405689655172414,
      2.585344827586207,
      2.7650000000000006,
      2.9446551724137935,
      3.1243103448275864,
      3.3039655172413793,
      3.4836206896551727,
      3.663275862068966,
      3.842931034482759,
      4.022586206896552,
      4.202241379310346,
      4.381896551724138,
      4.5615517241379315,
      4.7412068965517244,
      4.920862068965517,
      5.100517241379311,
      5.280172413793103,
      5.441146872495178,
      5.585325860489575,
      5.733325289480366,
      5.8852463931466765,
      6.041193087647949,
      6.201272042704055,
      6.365592754558872,
      6.5342676208772446,
      6.707412017626567,
      6.885144377995545,
      7.067586273404164
    ],
    "mass": [
      7.886755391415487,
      11.05740637233663,
      10.328559460528988,
      10.187915517170191,
      8.764316745807895,
      7.116350709521677,
      6.3768043313911145,
      4.713025028476853,
      2.9867287092462056,
      1.8543102934396967,
      2.0327707465443603,
      2.2112311996490157,
      2.3896916527536822,
      2.568152105858337,
      2.746612558963005,
      2.9250730120676587,
      3.103533465172319,
      3.2819939182769877,
      3.460454371381641,
      3.6389148244863105,
      3.817375277590962,
      3.9958357306956325,
      4.174296183800284,
      4.352756636904943,
      4.531217090009605,
      4.70967754311429,
      4.8881379962189255,
      5.066598449323587,
      5.245058902428247,
      4.280936629614578,
      4.510814138339339,
      4.75303559736971,
      5.0082638514964035,
      5.277197338914561,
      5.560572002516552,
      5.859163303817416,
      6.173788345023441,
      6.505308105052208,
      6.854629795621301,
      7.222709343855557
    ]
  },
  "scaling_params": {
    "mass_ref": 60000000000.0,
    "sigma_ref": 30.0,
    "alpha_beta": 0.0,
    "gamma_beta": 0.0,
    "alpha_min": 0.01,
    "alpha_max": 100.0,
    "gamma_min": -5.0,
    "gamma_max": 5.0
  },
  "force_match": false,
  "rms_velocity": 4.617308718480159,
  "n_points": 9,
  "data": [
    {
      "R": 0.16,
      "V_obs": 1.99,
      "V_GR": 4.185940754478018,
      "V_required": 0.0,
      "capacity": 19.46053189704009,
      "provided": 0.05011447295089418,
      "V_model": 4.186240731300476
    },
    {
      "R": 0.41,
      "V_obs": 4.84,
      "V_GR": 10.375861410022784,
      "V_required": 0.0,
      "capacity": 34.0330855468591,
      "provided": 0.09790811538814138,
      "V_model": 10.376323337245175
    },
    {
      "R": 0.57,
      "V_obs": 6.79,
      "V_GR": 13.029570215475259,
      "V_required": 0.0,
      "capacity": 29.980948739357498,
      "provided": 0.13366787700057076,
      "V_model": 13.030255834071019
    },
    {
      "R": 0.73,
      "V_obs": 8.87,
      "V_GR": 15.299388876683931,
      "V_required": 0.0,
      "capacity": 28.756578753747117,
      "provided": 0.16999138827900143,
      "V_model": 15.30033323402105
    },
    {
      "R": 0.9,
      "V_obs": 10.9,
      "V_GR": 16.715648357153245,
      "V_required": 0.0,
      "capacity": 26.470890727555364,
      "provided": 0.19358694769954657,
      "V_model": 16.716769302299998
    },
    {
      "R": 1.06,
      "V_obs": 12.9,
      "V_GR": 17.420998823259247,
      "V_required": 0.0,
      "capacity": 18.335054449419296,
      "provided": 0.10374245429333684,
      "V_model": 17.421307714888194
    },
    {
      "R": 1.22,
      "V_obs": 14.7,
      "V_GR": 17.405795012006777,
      "V_required": 0.0,
      "capacity": 18.089898019175337,
      "provided": 0.10374245429333684,
      "V_model": 17.406104173445097
    },
    {
      "R": 1.47,
      "V_obs": 16.8,
      "V_GR": 17.835257217096704,
      "V_required": 0.0,
      "capacity": 12.067048139759565,
      "provided": 0.22162002439190753,
      "V_model": 17.836634083683265
    },
    {
      "R": 1.79,
      "V_obs": 20.1,
      "V_GR": 16.433386747715762,
      "V_required": 11.57384119469418,
      "capacity": 4.015566909468812,
      "provided": 0.17916420251355192,
      "V_model": 16.43436338321209
    }
  ]
}