{
  "galaxy": "D631-7",
  "alpha": 2.8271,
  "gamma": 0.8579,
  "alpha_eff": 2.8271,
  "gamma_eff": 0.8579,
  "alpha_scaling": "constant",
  "gamma_scaling": "constant",
  "shell_mode": "gravity_adaptive",
  "shell_parameters": {
    "R_coh": 21.57,
    "R_stop": 28.76,
    "r_factor": 4.0,
    "n_shell_min": 8,
    "n_shell_max": 40,
    "g_floor": 1e-05,
    "coh_radius_factor": 3.0,
    "spillover_mode": "hybrid",
    "spill_weights": [
      0.10118938807809623,
      0.17270745311585356,
      0.16006169824470767,
      0.14943781042211607,
      0.1375212349946704,
      0.10813760491833055,
      0.08400053051354929,
      0.05445003417454787,
      0.03249424553812834,
      0.0,
      0.0,
      0.0,
      0.0,
      0.0,
      0.0,
      0.0,
      0.0,
      0.0,
      0.0,
      0.0,
      0.0,
      0.0,
      0.0,
      0.0,
      0.0,
      0.0,
      0.0,
      0.0,
      0.0,
      0.0,
      0.0,
      0.0,
      0.0,
      0.0,
      0.0,
      0.0,
      0.0,
      0.0,
      0.0,
      0.0
    ]
  },
  "budget_factor": 1.0,
  "spillover_mode": "hybrid",
  "spillover_params": {
    "alpha": 0.4,
    "beta": 1.0,
    "gamma": 0.8,
    "delta": 1.8,
    "gcut": 1e-05
  },
  "shell_profile": {
    "centers": [
      0.8141379310344827,
      1.5424137931034483,
      2.270689655172414,
      2.9989655172413796,
      3.727241379310345,
      4.455517241379311,
      5.183793103448276,
      5.912068965517242,
      6.640344827586207,
      7.368620689655173,
      8.096896551724138,
      8.825172413793103,
      9.553448275862069,
      10.281724137931034,
      11.01,
      11.738275862068965,
      12.466551724137931,
      13.194827586206896,
      13.923103448275862,
      14.651379310344828,
      15.379655172413793,
      16.10793103448276,
      16.836206896551722,
      17.56448275862069,
      18.292758620689654,
      19.021034482758623,
      19.749310344827585,
      20.477586206896554,
      21.205862068965516,
      21.85577989566499,
      22.434912255262596,
      23.02939040858315,
      23.639620986996988,
      24.266021396753494,
      24.90902010449282,
      25.56905693032306,
      26.246583348663343,
      26.94206279705866,
      27.65597099317763,
      28.38879626021002
    ],
    "mass": [
      77.73049704697054,
      62.747822553531876,
      21.345984337435564,
      9.94792430594316,
      5.322216731064781,
      2.1637803605917942,
      0.9290066294660295,
      0.2705299024226476,
      0.06729049885059216,
      0.0,
      0.0,
      0.0,
      0.0,
      0.0,
      0.0,
      0.0,
      0.0,
      0.0,
      0.0,
      0.0,
      0.0,
      0.0,
      0.0,
      0.0,
      0.0,
      0.0,
      0.0,
      0.0,
      0.0,
      0.0,
      0.0,
      0.0,
      0.0,
      0.0,
      0.0,
      0.0,
      0.0,
      0.0,
      0.0,
      0.0
    ]
  },
  "scaling_params": {
    "mass_ref": 60000000000.0,
    "sigma_ref": 30.0,
    "alpha_beta": 0.0,
    "gamma_beta": 0.0,
    "alpha_min": 0.01,
    "alpha_max": 100.0,
    "gamma_min": -5.0,
    "gamma_max": 5.0
  },
  "force_match": false,
  "rms_velocity": 29.39597751645441,
  "n_points": 16,
  "data": [
    {
      "R": 0.45,
      "V_obs": 8.41,
      "V_GR": 13.052206709978202,
      "V_required": 0.0,
      "capacity": 13.107416105090083,
      "provided": 27.016321946427528,
      "V_model": 30.004028921346908
    },
    {
      "R": 0.9,
      "V_obs": 17.8,
      "V_GR": 20.57645499108143,
      "V_required": 0.0,
      "capacity": 17.88013239872293,
      "provided": 27.016321946427528,
      "V_model": 33.959860887715976
    },
    {
      "R": 1.35,
      "V_obs": 26.0,
      "V_GR": 26.643340631384795,
      "V_required": 0.0,
      "capacity": 15.654651844100172,
      "provided": 0.0,
      "V_model": 26.643340631384795
    },
    {
      "R": 1.8,
      "V_obs": 30.9,
      "V_GR": 28.40977472631559,
      "V_required": 12.152970830212665,
      "capacity": 7.386303475315194,
      "provided": 92.22153122073158,
      "V_model": 96.49832185430154
    },
    {
      "R": 2.25,
      "V_obs": 34.7,
      "V_GR": 28.156995578363823,
      "V_required": 20.279881656459445,
      "capacity": 4.157878967976768,
      "provided": 85.46900921534485,
      "V_model": 89.98759879145962
    },
    {
      "R": 2.69,
      "V_obs": 38.8,
      "V_GR": 27.869512015821158,
      "V_required": 26.995005093535358,
      "capacity": 2.5956682010840413,
      "provided": 36.03105197199332,
      "V_model": 45.551579623636364
    },
    {
      "R": 3.14,
      "V_obs": 42.5,
      "V_GR": 27.03890715247197,
      "V_required": 32.78944189826963,
      "capacity": 1.4084683448952537,
      "provided": 43.76506250232692,
      "V_model": 51.44398114291488
    },
    {
      "R": 3.59,
      "V_obs": 45.6,
      "V_GR": 26.289056658617476,
      "V_required": 37.25916665734756,
      "capacity": 1.075542880488427,
      "provided": 34.69911471780639,
      "V_model": 43.533240887849
    },
    {
      "R": 4.04,
      "V_obs": 48.8,
      "V_GR": 25.52609057415569,
      "V_required": 41.59157005932813,
      "capacity": 0.5747680356991164,
      "provided": 38.73384163565851,
      "V_model": 46.388487665112265
    },
    {
      "R": 4.49,
      "V_obs": 51.8,
      "V_GR": 24.616459940454476,
      "V_required": 45.57707647491225,
      "capacity": 0.34672461603087806,
      "provided": 57.7428207537821,
      "V_model": 62.77103988786077
    },
    {
      "R": 4.94,
      "V_obs": 54.8,
      "V_GR": 23.785779364990336,
      "V_required": 49.36878264652674,
      "capacity": 0.1864575025439198,
      "provided": 21.897911165435886,
      "V_model": 32.330818322605474
    },
    {
      "R": 5.39,
      "V_obs": 56.6,
      "V_GR": 22.912599154177162,
      "V_required": 51.75493019993361,
      "capacity": 0.1193640905476905,
      "provided": 22.95630564775967,
      "V_model": 32.43422835513992
    },
    {
      "R": 5.84,
      "V_obs": 58.4,
      "V_GR": 22.092193191261025,
      "V_required": 54.060105438298955,
      "capacity": 0.042161000223025186,
      "provided": 29.074978734296593,
      "V_model": 36.51601550552578
    },
    {
      "R": 6.29,
      "V_obs": 58.5,
      "V_GR": 21.303694515271285,
      "V_required": 54.48304873995214,
      "capacity": 0.04440915998616403,
      "provided": 8.721304254302334,
      "V_model": 23.0197425679809
    },
    {
      "R": 6.74,
      "V_obs": 57.7,
      "V_GR": 20.562927807099843,
      "V_required": 53.91155720251457,
      "capacity": 0.0,
      "provided": 8.629823478317467,
      "V_model": 22.300400293871842
    },
    {
      "R": 7.19,
      "V_obs": 57.3,
      "V_GR": 19.850120906432785,
      "V_required": 53.751862293319654,
      "capacity": 0.0,
      "provided": 0.0,
      "V_model": 19.850120906432785
    }
  ]
}