{
  "galaxy": "DDO154",
  "alpha": 2.8271,
  "gamma": 0.8579,
  "alpha_eff": 2.8271,
  "gamma_eff": 0.8579,
  "alpha_scaling": "constant",
  "gamma_scaling": "constant",
  "shell_mode": "gravity_adaptive",
  "shell_parameters": {
    "R_coh": 17.759999999999998,
    "R_stop": 23.68,
    "r_factor": 4.0,
    "n_shell_min": 8,
    "n_shell_max": 40,
    "g_floor": 1e-05,
    "coh_radius_factor": 3.0,
    "spillover_mode": "hybrid",
    "spill_weights": [
      0.24300147090913898,
      0.2754176535527553,
      0.189438282689736,
      0.13914851110538395,
      0.09344447733386807,
      0.05954960440911754,
      0.0,
      0.0,
      0.0,
      0.0,
      0.0,
      0.0,
      0.0,
      0.0,
      0.0,
      0.0,
      0.0,
      0.0,
      0.0,
      0.0,
      0.0,
      0.0,
      0.0,
      0.0,
      0.0,
      0.0,
      0.0,
      0.0,
      0.0,
      0.0,
      0.0,
      0.0,
      0.0,
      0.0,
      0.0,
      0.0,
      0.0,
      0.0,
      0.0,
      0.0
    ]
  },
  "budget_factor": 1.0,
  "spillover_mode": "hybrid",
  "spillover_params": {
    "alpha": 0.4,
    "beta": 1.0,
    "gamma": 0.8,
    "delta": 1.8,
    "gcut": 1e-05
  },
  "shell_profile": {
    "centers": [
      0.7877586206896551,
      1.3832758620689654,
      1.9787931034482755,
      2.5743103448275857,
      3.169827586206896,
      3.7653448275862065,
      4.360862068965517,
      4.956379310344827,
      5.551896551724138,
      6.147413793103448,
      6.742931034482758,
      7.338448275862069,
      7.933965517241378,
      8.529482758620688,
      9.125,
      9.720517241379309,
      10.31603448275862,
      10.91155172413793,
      11.507068965517242,
      12.10258620689655,
      12.698103448275862,
      13.293620689655171,
      13.889137931034483,
      14.484655172413792,
      15.0801724137931,
      15.675689655172413,
      16.27120689655172,
      16.86672413793103,
      17.462241379310342,
      17.99530138836394,
      18.47213915871412,
      18.961612130571936,
      19.464055110295153,
      19.9798117759083,
      20.50923491218324,
      21.052686651948886,
      21.610538723795127,
      22.18317270634037,
      22.770980289236654,
      23.37436354109086
    ],
    "mass": [
      28.682032056318306,
      10.874016871441805,
      2.1198562188969516,
      0.6475611859212698,
      0.18743975503695806,
      0.05309386729613043,
      0.0,
      0.0,
      0.0,
      0.0,
      0.0,
      0.0,
      0.0,
      0.0,
      0.0,
      0.0,
      0.0,
      0.0,
      0.0,
      0.0,
      0.0,
      0.0,
      0.0,
      0.0,
      0.0,
      0.0,
      0.0,
      0.0,
      0.0,
      0.0,
      0.0,
      0.0,
      0.0,
      0.0,
      0.0,
      0.0,
      0.0,
      0.0,
      0.0,
      0.0
    ]
  },
  "scaling_params": {
    "mass_ref": 60000000000.0,
    "sigma_ref": 30.0,
    "alpha_beta": 0.0,
    "gamma_beta": 0.0,
    "alpha_min": 0.01,
    "alpha_max": 100.0,
    "gamma_min": -5.0,
    "gamma_max": 5.0
  },
  "force_match": false,
  "rms_velocity": 36.78353035819912,
  "n_points": 12,
  "data": [
    {
      "R": 0.49,
      "V_obs": 13.8,
      "V_GR": 12.865601423952167,
      "V_required": 4.9916229825578755,
      "capacity": 13.640270955469774,
      "provided": 25.382169103002695,
      "V_model": 28.45660219304871
    },
    {
      "R": 0.99,
      "V_obs": 21.6,
      "V_GR": 16.350966332299752,
      "V_required": 14.114032024903445,
      "capacity": 8.621118588817803,
      "provided": 71.76919187068053,
      "V_model": 73.60822645445654
    },
    {
      "R": 1.48,
      "V_obs": 28.9,
      "V_GR": 16.907377088123397,
      "V_required": 23.438229455315092,
      "capacity": 2.7678384111310024,
      "provided": 110.11126714057373,
      "V_model": 111.40175290947083
    },
    {
      "R": 1.97,
      "V_obs": 34.3,
      "V_GR": 17.623677255328978,
      "V_required": 29.426110854137686,
      "capacity": 0.8098332549509136,
      "provided": 75.7369365500949,
      "V_model": 77.76038553140731
    },
    {
      "R": 2.47,
      "V_obs": 38.2,
      "V_GR": 17.938375065763342,
      "V_required": 33.72617232951288,
      "capacity": 0.2693413587918128,
      "provided": 55.6312156497375,
      "V_model": 58.45183876207487
    },
    {
      "R": 2.96,
      "V_obs": 42.0,
      "V_GR": 18.61036270468687,
      "V_required": 37.65175161928061,
      "capacity": 0.0779840909751479,
      "provided": 18.087386226862144,
      "V_model": 25.951861985601003
    },
    {
      "R": 3.46,
      "V_obs": 44.6,
      "V_GR": 19.48889170784219,
      "V_required": 40.11661875083691,
      "capacity": 0.04412740986692786,
      "provided": 19.271474666017962,
      "V_model": 27.408149076560647
    },
    {
      "R": 3.95,
      "V_obs": 46.3,
      "V_GR": 19.522832786253126,
      "V_required": 41.98272263681811,
      "capacity": 0.0,
      "provided": 23.807778167537986,
      "V_model": 30.788817795990454
    },
    {
      "R": 4.44,
      "V_obs": 47.4,
      "V_GR": 18.93923176900267,
      "V_required": 43.45187567873221,
      "capacity": 0.0,
      "provided": 0.0,
      "V_model": 18.93923176900267
    },
    {
      "R": 4.94,
      "V_obs": 48.2,
      "V_GR": 18.278320491773854,
      "V_required": 44.599809416633164,
      "capacity": 0.0,
      "provided": 0.0,
      "V_model": 18.278320491773854
    },
    {
      "R": 5.43,
      "V_obs": 47.4,
      "V_GR": 17.548244926487662,
      "V_required": 44.032023573758224,
      "capacity": 0.0,
      "provided": 0.0,
      "V_model": 17.548244926487662
    },
    {
      "R": 5.92,
      "V_obs": 45.5,
      "V_GR": 16.8462814888034,
      "V_required": 42.26645005202116,
      "capacity": 0.0,
      "provided": 0.0,
      "V_model": 16.8462814888034
    }
  ]
}