{
  "galaxy": "DDO170",
  "alpha": 2.8271,
  "gamma": 0.8579,
  "alpha_eff": 2.8271,
  "gamma_eff": 0.8579,
  "alpha_scaling": "constant",
  "gamma_scaling": "constant",
  "shell_mode": "gravity_adaptive",
  "shell_parameters": {
    "R_coh": 36.99,
    "R_stop": 49.32,
    "r_factor": 4.0,
    "n_shell_min": 8,
    "n_shell_max": 40,
    "g_floor": 1e-05,
    "coh_radius_factor": 3.0,
    "spillover_mode": "hybrid",
    "spill_weights": [
      0.09582795474368438,
      0.1193184257231072,
      0.14075559997683204,
      0.14358411429044027,
      0.14002726664313397,
      0.12711355688083953,
      0.10450825327260439,
      0.08844341823457541,
      0.04042141023478273,
      0.0,
      0.0,
      0.0,
      0.0,
      0.0,
      0.0,
      0.0,
      0.0,
      0.0,
      0.0,
      0.0,
      0.0,
      0.0,
      0.0,
      0.0,
      0.0,
      0.0,
      0.0,
      0.0,
      0.0,
      0.0,
      0.0,
      0.0,
      0.0,
      0.0,
      0.0,
      0.0,
      0.0,
      0.0,
      0.0,
      0.0
    ]
  },
  "budget_factor": 1.0,
  "spillover_mode": "hybrid",
  "spillover_params": {
    "alpha": 0.4,
    "beta": 1.0,
    "gamma": 0.8,
    "delta": 1.8,
    "gcut": 1e-05
  },
  "shell_profile": {
    "centers": [
      2.4755172413793103,
      3.6865517241379315,
      4.897586206896552,
      6.108620689655172,
      7.3196551724137935,
      8.530689655172415,
      9.741724137931037,
      10.952758620689657,
      12.163793103448278,
      13.374827586206898,
      14.585862068965518,
      15.796896551724139,
      17.00793103448276,
      18.21896551724138,
      19.430000000000003,
      20.641034482758624,
      21.852068965517244,
      23.063103448275864,
      24.274137931034485,
      25.485172413793105,
      26.69620689655173,
      27.90724137931035,
      29.11827586206897,
      30.32931034482759,
      31.54034482758621,
      32.75137931034483,
      33.96241379310345,
      35.17344827586207,
      36.38448275862069,
      37.480078736237736,
      38.47322226806506,
      39.492682021951346,
      40.539155322624865,
      41.613357972457656,
      42.716024741084354,
      43.8479098679949,
      45.00978757844492,
      46.20245261303661,
      47.42672077133243,
      48.68342946987337
    ],
    "mass": [
      132.28850130064677,
      90.89782346239471,
      74.23482687151967,
      50.65637467237544,
      34.84186526281552,
      21.908663631629057,
      11.544040154002966,
      6.88685925341878,
      0.9230084840071748,
      0.0,
      0.0,
      0.0,
      0.0,
      0.0,
      0.0,
      0.0,
      0.0,
      0.0,
      0.0,
      0.0,
      0.0,
      0.0,
      0.0,
      0.0,
      0.0,
      0.0,
      0.0,
      0.0,
      0.0,
      0.0,
      0.0,
      0.0,
      0.0,
      0.0,
      0.0,
      0.0,
      0.0,
      0.0,
      0.0,
      0.0
    ]
  },
  "scaling_params": {
    "mass_ref": 60000000000.0,
    "sigma_ref": 30.0,
    "alpha_beta": 0.0,
    "gamma_beta": 0.0,
    "alpha_min": 0.01,
    "alpha_max": 100.0,
    "gamma_min": -5.0,
    "gamma_max": 5.0
  },
  "force_match": false,
  "rms_velocity": 13.46191077562521,
  "n_points": 8,
  "data": [
    {
      "R": 1.87,
      "V_obs": 27.7,
      "V_GR": 20.154862936770375,
      "V_required": 19.001881485789767,
      "capacity": 9.267175889424335,
      "provided": 33.28244496227518,
      "V_model": 38.90937731019191
    },
    {
      "R": 3.36,
      "V_obs": 42.4,
      "V_GR": 24.84285410334328,
      "V_required": 34.35975261843426,
      "capacity": 5.8141695639449384,
      "provided": 41.44102780589043,
      "V_model": 48.31693477041548
    },
    {
      "R": 4.86,
      "V_obs": 52.5,
      "V_GR": 28.66272317837229,
      "V_required": 43.985205467293206,
      "capacity": 4.462325074091688,
      "provided": 48.88647077871274,
      "V_model": 56.66955730546988
    },
    {
      "R": 6.35,
      "V_obs": 55.6,
      "V_GR": 31.195207965326983,
      "V_required": 46.02411324512402,
      "capacity": 2.4979511684808378,
      "provided": 49.868855013245074,
      "V_model": 58.82213614220465
    },
    {
      "R": 7.85,
      "V_obs": 58.6,
      "V_GR": 32.79981249946408,
      "V_required": 48.56060440315791,
      "capacity": 1.5236624112147465,
      "provided": 48.63350999959736,
      "V_model": 58.66042954906601
    },
    {
      "R": 9.34,
      "V_obs": 59.0,
      "V_GR": 32.63231680405178,
      "V_required": 49.15416462518714,
      "capacity": 0.6647916349536709,
      "provided": 36.29723911934174,
      "V_model": 48.80940142725244
    },
    {
      "R": 10.83,
      "V_obs": 60.0,
      "V_GR": 31.212744192076414,
      "V_required": 51.24221501847866,
      "capacity": 0.3692016295172932,
      "provided": 30.71768783484072,
      "V_model": 43.792827562498424
    },
    {
      "R": 12.33,
      "V_obs": 62.2,
      "V_GR": 29.074217100379503,
      "V_required": 54.98663383041374,
      "capacity": 0.0,
      "provided": 14.038944742534719,
      "V_model": 32.28625201976754
    }
  ]
}