{
  "galaxy": "ESO116-G012",
  "alpha": 2.8271,
  "gamma": 0.8579,
  "alpha_eff": 2.8271,
  "gamma_eff": 0.8579,
  "alpha_scaling": "constant",
  "gamma_scaling": "constant",
  "shell_mode": "gravity_adaptive",
  "shell_parameters": {
    "R_coh": 29.58,
    "R_stop": 39.44,
    "r_factor": 4.0,
    "n_shell_min": 8,
    "n_shell_max": 40,
    "g_floor": 1e-05,
    "coh_radius_factor": 3.0,
    "spillover_mode": "hybrid",
    "spill_weights": [
      0.0317079967285449,
      0.07868268698326655,
      0.1108317839040032,
      0.1416846233011205,
      0.15128410093522496,
      0.12772172480228888,
      0.12150789045873557,
      0.12029926600849221,
      0.10616778188954806,
      0.010112144988775187,
      0.0,
      0.0,
      0.0,
      0.0,
      0.0,
      0.0,
      0.0,
      0.0,
      0.0,
      0.0,
      0.0,
      0.0,
      0.0,
      0.0,
      0.0,
      0.0,
      0.0,
      0.0,
      0.0,
      0.0,
      0.0,
      0.0,
      0.0,
      0.0,
      0.0,
      0.0,
      0.0,
      0.0,
      0.0,
      0.0
    ]
  },
  "budget_factor": 1.0,
  "spillover_mode": "hybrid",
  "spillover_params": {
    "alpha": 0.4,
    "beta": 1.0,
    "gamma": 0.8,
    "delta": 1.8,
    "gcut": 1e-05
  },
  "shell_profile": {
    "centers": [
      0.7556896551724137,
      1.7670689655172411,
      2.7784482758620683,
      3.789827586206896,
      4.801206896551723,
      5.812586206896551,
      6.823965517241378,
      7.835344827586206,
      8.846724137931034,
      9.858103448275859,
      10.869482758620688,
      11.880862068965516,
      12.892241379310342,
      13.90362068965517,
      14.915,
      15.926379310344824,
      16.937758620689653,
      17.94913793103448,
      18.960517241379307,
      19.971896551724136,
      20.98327586206896,
      21.99465517241379,
      23.006034482758615,
      24.017413793103444,
      25.028793103448272,
      26.0401724137931,
      27.051551724137926,
      28.062931034482755,
      29.074310344827584,
      29.97190400156562,
      30.766096639344806,
      31.58133371747285,
      32.41817286951186,
      33.27718650514456,
      34.158962201710594,
      35.06410310611757,
      35.993228347402024,
      36.9469734602223,
      37.925990819573215,
      38.93095008701958
    ],
    "mass": [
      877.9358033890572,
      1030.6840788588095,
      796.6477785325189,
      692.5908540589495,
      464.3044318369189,
      195.0693726079099,
      119.95478655326505,
      86.60144976108852,
      49.18029242645427,
      0.11109480922313827,
      0.0,
      0.0,
      0.0,
      0.0,
      0.0,
      0.0,
      0.0,
      0.0,
      0.0,
      0.0,
      0.0,
      0.0,
      0.0,
      0.0,
      0.0,
      0.0,
      0.0,
      0.0,
      0.0,
      0.0,
      0.0,
      0.0,
      0.0,
      0.0,
      0.0,
      0.0,
      0.0,
      0.0,
      0.0,
      0.0
    ]
  },
  "scaling_params": {
    "mass_ref": 60000000000.0,
    "sigma_ref": 30.0,
    "alpha_beta": 0.0,
    "gamma_beta": 0.0,
    "alpha_min": 0.01,
    "alpha_max": 100.0,
    "gamma_min": -5.0,
    "gamma_max": 5.0
  },
  "force_match": false,
  "rms_velocity": 23.830772775096577,
  "n_points": 15,
  "data": [
    {
      "R": 0.25,
      "V_obs": 20.9,
      "V_GR": 17.33139636613276,
      "V_required": 11.68044091633531,
      "capacity": 74.06906822641956,
      "provided": 11.031340921264226,
      "V_model": 20.544288318682604
    },
    {
      "R": 0.83,
      "V_obs": 40.0,
      "V_GR": 35.00630800298712,
      "V_required": 19.353511309320588,
      "capacity": 126.44033791926799,
      "provided": 18.278007038080325,
      "V_model": 39.49084882962271
    },
    {
      "R": 1.38,
      "V_obs": 51.5,
      "V_GR": 51.36339260601854,
      "V_required": 3.748586400231356,
      "capacity": 162.9657778505669,
      "provided": 8.632567097174569,
      "V_model": 52.08377208581596
    },
    {
      "R": 1.85,
      "V_obs": 67.9,
      "V_GR": 61.93297183245771,
      "V_required": 27.83373852000483,
      "capacity": 120.52225942667957,
      "provided": 64.09792644083771,
      "V_model": 89.13045031870445
    },
    {
      "R": 2.68,
      "V_obs": 80.2,
      "V_GR": 61.776141834854016,
      "V_required": 51.144386788776735,
      "capacity": 93.40574123142737,
      "provided": 50.95985630726395,
      "V_model": 80.08244910626166
    },
    {
      "R": 3.19,
      "V_obs": 83.3,
      "V_GR": 65.33506944972203,
      "V_required": 51.6741589191348,
      "capacity": 97.26149558918236,
      "provided": 51.487717003886175,
      "V_model": 83.18447152126573
    },
    {
      "R": 3.68,
      "V_obs": 91.4,
      "V_GR": 68.19718249312064,
      "V_required": 60.853137141810535,
      "capacity": 79.97361052790181,
      "provided": 59.00501657069786,
      "V_model": 90.18008472222861
    },
    {
      "R": 4.13,
      "V_obs": 102.0,
      "V_GR": 69.97198367918405,
      "V_required": 74.21537239682895,
      "capacity": 70.39830553768523,
      "provided": 71.9614383703919,
      "V_model": 100.37194385053878
    },
    {
      "R": 5.23,
      "V_obs": 105.0,
      "V_GR": 69.42425584765024,
      "V_required": 78.77355330312326,
      "capacity": 33.375194700001714,
      "provided": 139.83975061519413,
      "V_model": 156.12457574680448
    },
    {
      "R": 6.05,
      "V_obs": 109.0,
      "V_GR": 65.99247305564477,
      "V_required": 86.7524841142892,
      "capacity": 14.091524671185189,
      "provided": 118.05982277107799,
      "V_model": 135.25209149117933
    },
    {
      "R": 6.81,
      "V_obs": 108.0,
      "V_GR": 62.639955300111765,
      "V_required": 87.97861103700149,
      "capacity": 12.01081314996206,
      "provided": 112.31605300548526,
      "V_model": 128.60272066613123
    },
    {
      "R": 7.56,
      "V_obs": 109.0,
      "V_GR": 61.778006604292436,
      "V_required": 89.80243816289178,
      "capacity": 9.522156432109957,
      "provided": 55.13892159594161,
      "V_model": 82.80593441754881
    },
    {
      "R": 8.32,
      "V_obs": 110.0,
      "V_GR": 61.35031621760397,
      "V_required": 91.30245725061292,
      "capacity": 6.047698333594335,
      "provided": 56.05993706681609,
      "V_model": 83.10582316501883
    },
    {
      "R": 9.09,
      "V_obs": 111.0,
      "V_GR": 60.56720647347044,
      "V_required": 93.01942539061397,
      "capacity": 3.8235034064536935,
      "provided": 98.13639404949443,
      "V_model": 115.32189010347362
    },
    {
      "R": 9.86,
      "V_obs": 112.0,
      "V_GR": 57.32175154337139,
      "V_required": 96.21962793526069,
      "capacity": 0.0,
      "provided": 9.347180732630134,
      "V_model": 58.0788514663337
    }
  ]
}