{
  "galaxy": "F563-V1",
  "alpha": 2.8271,
  "gamma": 0.8579,
  "alpha_eff": 2.8271,
  "gamma_eff": 0.8579,
  "alpha_scaling": "constant",
  "gamma_scaling": "constant",
  "shell_mode": "gravity_adaptive",
  "shell_parameters": {
    "R_coh": 23.61,
    "R_stop": 31.48,
    "r_factor": 4.0,
    "n_shell_min": 8,
    "n_shell_max": 40,
    "g_floor": 1e-05,
    "coh_radius_factor": 3.0,
    "spillover_mode": "hybrid",
    "spill_weights": [
      0.003327981582082721,
      0.005215661049998235,
      0.007096115159219446,
      0.008799553853554017,
      0.00960654986399017,
      0.009958817594107617,
      0.01057024553012504,
      0.011812917054488276,
      0.013539675068147792,
      0.01507825767803534,
      0.016595619103421326,
      0.018091207837573113,
      0.019558245428815128,
      0.020990248951421285,
      0.02238107614737488,
      0.023724968937962637,
      0.025016590260675937,
      0.02625105276263084,
      0.027423939483951904,
      0.02853131728759911,
      0.02956974395648732,
      0.030536269846705006,
      0.031428434883683874,
      0.032244261573633734,
      0.032982244598703206,
      0.03364133747837503,
      0.03422093671170789,
      0.034720863762668766,
      0.03514134521076063,
      0.03261677726801908,
      0.03317658304254866,
      0.033699170615869356,
      0.03418011950317665,
      0.03461490811219918,
      0.03499894696572371,
      0.03532761724955327,
      0.0355963148533085,
      0.035800499981247284,
      0.03593575229926659,
      0.03599783145118743
    ]
  },
  "budget_factor": 1.0,
  "spillover_mode": "hybrid",
  "spillover_params": {
    "alpha": 0.4,
    "beta": 1.0,
    "gamma": 0.8,
    "delta": 1.8,
    "gcut": 1e-05
  },
  "shell_profile": {
    "centers": [
      1.6944827586206896,
      2.463448275862069,
      3.2324137931034485,
      4.001379310344827,
      4.770344827586207,
      5.5393103448275856,
      6.308275862068966,
      7.077241379310345,
      7.846206896551724,
      8.615172413793104,
      9.384137931034482,
      10.153103448275862,
      10.92206896551724,
      11.69103448275862,
      12.46,
      13.22896551724138,
      13.99793103448276,
      14.766896551724138,
      15.535862068965518,
      16.304827586206898,
      17.073793103448274,
      17.84275862068965,
      18.611724137931034,
      19.38068965517241,
      20.149655172413794,
      20.91862068965517,
      21.687586206896547,
      22.45655172413793,
      23.225517241379308,
      23.92280775784193,
      24.55671202349327,
      25.207413423581272,
      25.875357046963316,
      26.560999776418633,
      27.264810601162523,
      27.987270937641526,
      28.72887495882901,
      29.49012993224642,
      30.271556566941307,
      31.07368936965965
    ],
    "mass": [
      95.31044771388328,
      115.75107715588256,
      129.83986270223153,
      134.7153852723226,
      112.98154996907098,
      89.77534641758481,
      79.87426920793717,
      84.0456726496804,
      96.93180555037411,
      106.55913149443084,
      116.07029316720491,
      125.58145483997875,
      135.09261651275224,
      144.6037781855264,
      154.1149398582999,
      163.62610153107406,
      173.13726320384788,
      182.64842487662128,
      192.15958654939553,
      201.67074822216892,
      211.18190989494224,
      220.69307156771694,
      230.20423324049082,
      239.71539491326462,
      249.2265565860385,
      258.7377182588111,
      268.24887993158615,
      277.76004160435997,
      287.2712032771338,
      240.73514349264948,
      253.66212649579953,
      267.2832619485639,
      281.63582441246945,
      296.7590900164751,
      312.6944439370444,
      329.4854936496332,
      347.1781882616388,
      365.82094425318166,
      385.46477796997004,
      406.1634452307467
    ]
  },
  "scaling_params": {
    "mass_ref": 60000000000.0,
    "sigma_ref": 30.0,
    "alpha_beta": 0.0,
    "gamma_beta": 0.0,
    "alpha_min": 0.01,
    "alpha_max": 100.0,
    "gamma_min": -5.0,
    "gamma_max": 5.0
  },
  "force_match": false,
  "rms_velocity": 1.904917092750782,
  "n_points": 6,
  "data": [
    {
      "R": 1.31,
      "V_obs": 12.0,
      "V_GR": 12.001633222191055,
      "V_required": 0.0,
      "capacity": 12.123240747760333,
      "provided": 0.07466553832906718,
      "V_model": 12.001865477608638
    },
    {
      "R": 2.63,
      "V_obs": 21.7,
      "V_GR": 19.422618258103103,
      "V_required": 9.67739117737833,
      "capacity": 16.136855958031607,
      "provided": 0.11701691563940458,
      "V_model": 19.42297075523067
    },
    {
      "R": 3.93,
      "V_obs": 28.6,
      "V_GR": 27.16969267400719,
      "V_required": 8.931282102811442,
      "capacity": 17.249934268574197,
      "provided": 0.1974239968960553,
      "V_model": 27.17040993865478
    },
    {
      "R": 5.24,
      "V_obs": 29.5,
      "V_GR": 29.250709393107034,
      "V_required": 3.8270092761842056,
      "capacity": 10.985040744971018,
      "provided": 0.22343287017823055,
      "V_model": 29.25156273171531
    },
    {
      "R": 6.55,
      "V_obs": 28.6,
      "V_GR": 29.991307073883924,
      "V_required": 0.0,
      "capacity": 8.495798276552616,
      "provided": 0.23715067325681638,
      "V_model": 29.992244671611793
    },
    {
      "R": 7.87,
      "V_obs": 27.3,
      "V_GR": 30.840197794437053,
      "V_required": 0.0,
      "capacity": 10.294846999363179,
      "provided": 0.3037718517454151,
      "V_model": 30.841693814346723
    }
  ]
}