{
  "galaxy": "F563-V2",
  "alpha": 2.8271,
  "gamma": 0.8579,
  "alpha_eff": 2.8271,
  "gamma_eff": 0.8579,
  "alpha_scaling": "constant",
  "gamma_scaling": "constant",
  "shell_mode": "gravity_adaptive",
  "shell_parameters": {
    "R_coh": 31.410000000000004,
    "R_stop": 41.88,
    "r_factor": 4.0,
    "n_shell_min": 8,
    "n_shell_max": 40,
    "g_floor": 1e-05,
    "coh_radius_factor": 3.0,
    "spillover_mode": "hybrid",
    "spill_weights": [
      0.002258066284936048,
      0.006287913085034312,
      0.00982697664363233,
      0.012514516027618109,
      0.013682217733627924,
      0.015497465720818055,
      0.01579763096851883,
      0.014966225937387804,
      0.015043948639390296,
      0.014701095395917189,
      0.016409490533052826,
      0.018069799931192253,
      0.019672042179986634,
      0.021208239149374513,
      0.022672081010869705,
      0.02405863664358258,
      0.025364109321179575,
      0.02658563549308987,
      0.027721122741918812,
      0.028769121918956832,
      0.029728728021111577,
      0.030599504439189018,
      0.03138142561372591,
      0.03207483373225792,
      0.032680405776883546,
      0.03319912790488069,
      0.033632274770003225,
      0.033981391942951876,
      0.03424828005726867,
      0.03105815683236258,
      0.03147722740722715,
      0.03185913306401455,
      0.032200307199332166,
      0.032497127047638644,
      0.032745941347165956,
      0.03294310232027511,
      0.0330850021022875,
      0.033168113676105476,
      0.0331890362757586,
      0.03314454510947529
    ]
  },
  "budget_factor": 1.0,
  "spillover_mode": "hybrid",
  "spillover_params": {
    "alpha": 0.4,
    "beta": 1.0,
    "gamma": 0.8,
    "delta": 1.8,
    "gcut": 1e-05
  },
  "shell_profile": {
    "centers": [
      0.8167241379310346,
      1.890172413793104,
      2.963620689655173,
      4.037068965517243,
      5.110517241379311,
      6.183965517241381,
      7.257413793103449,
      8.33086206896552,
      9.404310344827588,
      10.477758620689656,
      11.551206896551726,
      12.624655172413794,
      13.698103448275864,
      14.771551724137932,
      15.845000000000002,
      16.918448275862072,
      17.991896551724142,
      19.065344827586213,
      20.13879310344828,
      21.21224137931035,
      22.28568965517242,
      23.35913793103449,
      24.432586206896556,
      25.506034482758626,
      26.579482758620696,
      27.652931034482766,
      28.726379310344832,
      29.799827586206902,
      30.873275862068972,
      31.826149583812587,
      32.66947584319881,
      33.53514848092707,
      34.42375962918756,
      35.335917110432426,
      36.27224485313489,
      37.23338331856502,
      38.219989938874164,
      39.2327395667878,
      40.272324937214165,
      41.339457141084694
    ],
    "mass": [
      335.6942586888994,
      542.2281050039751,
      549.4718562959558,
      476.94796942056314,
      341.9021245724783,
      301.2092070610486,
      221.45658119730712,
      144.2463364825098,
      114.24965977034964,
      87.62964767316244,
      96.60732101098986,
      105.58499434881746,
      114.56266768664487,
      123.5403410244721,
      132.51801436229974,
      141.49568770012715,
      150.4733610379546,
      159.451034375782,
      168.42870771360887,
      177.40638105143685,
      186.3840543892643,
      195.36172772709105,
      204.33940106491912,
      213.31707440274653,
      222.294747740574,
      231.27242107840138,
      240.25009441622802,
      249.22776775405626,
      258.20544109188285,
      206.37881452486894,
      217.46093319215996,
      229.138138881532,
      241.4423865444203,
      254.40734704755985,
      268.0684993140971,
      282.4632274125281,
      297.630922859071,
      313.613092413507,
      330.4534716634031,
      348.1981447075964
    ]
  },
  "scaling_params": {
    "mass_ref": 60000000000.0,
    "sigma_ref": 30.0,
    "alpha_beta": 0.0,
    "gamma_beta": 0.0,
    "alpha_min": 0.01,
    "alpha_max": 100.0,
    "gamma_min": -5.0,
    "gamma_max": 5.0
  },
  "force_match": false,
  "rms_velocity": 50.77029001268278,
  "n_points": 10,
  "data": [
    {
      "R": 0.28,
      "V_obs": 11.9,
      "V_GR": 6.2921300050142,
      "V_required": 10.100450485003131,
      "capacity": 21.72536840402693,
      "provided": 0.43708271655455755,
      "V_model": 6.307292707740042
    },
    {
      "R": 0.87,
      "V_obs": 34.8,
      "V_GR": 17.881680569789854,
      "V_required": 29.854405035103273,
      "capacity": 50.867596455868544,
      "provided": 1.291907175153976,
      "V_model": 17.928288377567288
    },
    {
      "R": 1.46,
      "V_obs": 58.5,
      "V_GR": 27.78001619869938,
      "V_required": 51.48320794200765,
      "capacity": 67.03797288553739,
      "provided": 1.1920032517470658,
      "V_model": 27.805578069016573
    },
    {
      "R": 2.05,
      "V_obs": 81.5,
      "V_GR": 35.88963081448456,
      "V_required": 73.17229257034387,
      "capacity": 69.14576055688148,
      "provided": 1.6941759103256888,
      "V_model": 35.92959548916642
    },
    {
      "R": 2.35,
      "V_obs": 91.8,
      "V_GR": 38.599762952640006,
      "V_required": 83.29044543043338,
      "capacity": 65.41709424217537,
      "provided": 1.9284439676791916,
      "V_model": 38.64790545600729
    },
    {
      "R": 4.76,
      "V_obs": 114.0,
      "V_GR": 48.02736719829643,
      "V_required": 103.38941918784532,
      "capacity": 38.330527398813075,
      "provided": 10.476404663323647,
      "V_model": 49.156719323707
    },
    {
      "R": 7.86,
      "V_obs": 116.0,
      "V_GR": 53.59752326367329,
      "V_required": 102.87519380297663,
      "capacity": 15.788108106931215,
      "provided": 5.738919510450076,
      "V_model": 53.903893153903304
    },
    {
      "R": 8.7,
      "V_obs": 117.0,
      "V_GR": 56.32932628746771,
      "V_required": 102.54758407685672,
      "capacity": 12.526328575798287,
      "provided": 5.720643716456012,
      "V_model": 56.61906714641834
    },
    {
      "R": 10.18,
      "V_obs": 118.0,
      "V_GR": 54.93775568768714,
      "V_required": 104.43104423494003,
      "capacity": 8.410245553952116,
      "provided": 5.6250496309886655,
      "V_model": 55.22497789362243
    },
    {
      "R": 10.47,
      "V_obs": 118.0,
      "V_GR": 54.70935294810203,
      "V_required": 104.55088091450975,
      "capacity": 7.924189893982014,
      "provided": 5.631504486200837,
      "V_model": 54.998428548260364
    }
  ]
}