{
  "galaxy": "F563-1",
  "alpha": 2.8271,
  "gamma": 0.8579,
  "alpha_eff": 2.8271,
  "gamma_eff": 0.8579,
  "alpha_scaling": "constant",
  "gamma_scaling": "constant",
  "shell_mode": "gravity_adaptive",
  "shell_parameters": {
    "R_coh": 60.300000000000004,
    "R_stop": 80.4,
    "r_factor": 4.0,
    "n_shell_min": 8,
    "n_shell_max": 40,
    "g_floor": 1e-05,
    "coh_radius_factor": 3.0,
    "spillover_mode": "hybrid",
    "spill_weights": [
      0.04811002402300926,
      0.0874908085406532,
      0.1212665929199691,
      0.1311792131301756,
      0.14193466471375152,
      0.1310180039449745,
      0.12500139821362324,
      0.11474485108039555,
      0.09925444343344804,
      0.0,
      0.0,
      0.0,
      0.0,
      0.0,
      0.0,
      0.0,
      0.0,
      0.0,
      0.0,
      0.0,
      0.0,
      0.0,
      0.0,
      0.0,
      0.0,
      0.0,
      0.0,
      0.0,
      0.0,
      0.0,
      0.0,
      0.0,
      0.0,
      0.0,
      0.0,
      0.0,
      0.0,
      0.0,
      0.0,
      0.0
    ]
  },
  "budget_factor": 1.0,
  "spillover_mode": "hybrid",
  "spillover_params": {
    "alpha": 0.4,
    "beta": 1.0,
    "gamma": 0.8,
    "delta": 1.8,
    "gcut": 1e-05
  },
  "shell_profile": {
    "centers": [
      2.0912068965517245,
      4.133620689655173,
      6.176034482758622,
      8.21844827586207,
      10.260862068965519,
      12.303275862068968,
      14.345689655172414,
      16.388103448275864,
      18.430517241379313,
      20.472931034482762,
      22.515344827586212,
      24.557758620689658,
      26.600172413793107,
      28.642586206896553,
      30.685000000000002,
      32.72741379310345,
      34.7698275862069,
      36.81224137931035,
      38.8546551724138,
      40.89706896551725,
      42.9394827586207,
      44.98189655172414,
      47.02431034482759,
      49.06672413793104,
      51.10913793103449,
      53.15155172413794,
      55.19396551724139,
      57.23637931034483,
      59.27879310344828,
      61.098911808465424,
      62.71790491387736,
      64.37979794332703,
      66.08572765488728,
      67.83686092833733,
      69.63439556332487,
      71.47956109867783,
      73.37361965342606,
      75.31786679010838,
      77.31363240095556,
      79.36228161755514
    ],
    "mass": [
      476.27458160715395,
      408.1594215227839,
      360.1309556263779,
      232.66504455459273,
      178.68975480516082,
      103.99717205581463,
      71.4964825192572,
      47.60203516473419,
      28.76804731387844,
      0.0,
      0.0,
      0.0,
      0.0,
      0.0,
      0.0,
      0.0,
      0.0,
      0.0,
      0.0,
      0.0,
      0.0,
      0.0,
      0.0,
      0.0,
      0.0,
      0.0,
      0.0,
      0.0,
      0.0,
      0.0,
      0.0,
      0.0,
      0.0,
      0.0,
      0.0,
      0.0,
      0.0,
      0.0,
      0.0,
      0.0
    ]
  },
  "scaling_params": {
    "mass_ref": 60000000000.0,
    "sigma_ref": 30.0,
    "alpha_beta": 0.0,
    "gamma_beta": 0.0,
    "alpha_min": 0.01,
    "alpha_max": 100.0,
    "gamma_min": -5.0,
    "gamma_max": 5.0
  },
  "force_match": false,
  "rms_velocity": 49.524507250368295,
  "n_points": 17,
  "data": [
    {
      "R": 1.07,
      "V_obs": 22.1,
      "V_GR": 18.40680309016207,
      "V_required": 12.231091529377093,
      "capacity": 15.314442925565618,
      "provided": 3.290490610363413,
      "V_model": 18.69860231292408
    },
    {
      "R": 1.78,
      "V_obs": 42.7,
      "V_GR": 24.83910223820499,
      "V_required": 34.73195934582442,
      "capacity": 14.479328291697678,
      "provided": 9.343825596633351,
      "V_model": 26.538426418691458
    },
    {
      "R": 2.49,
      "V_obs": 60.6,
      "V_GR": 28.152530969701463,
      "V_required": 53.6637214512747,
      "capacity": 13.515175074938847,
      "provided": 14.43697572930925,
      "V_model": 31.638446046047587
    },
    {
      "R": 2.97,
      "V_obs": 76.8,
      "V_GR": 29.33064608903118,
      "V_required": 70.97854041891817,
      "capacity": 10.572401289317558,
      "provided": 19.095124930165962,
      "V_model": 34.998722778105
    },
    {
      "R": 3.04,
      "V_obs": 81.6,
      "V_GR": 29.315526602808962,
      "V_required": 76.15221533218846,
      "capacity": 10.426205340572773,
      "provided": 20.48698179611287,
      "V_model": 35.76473854391026
    },
    {
      "R": 3.19,
      "V_obs": 87.0,
      "V_GR": 29.411999252005973,
      "V_required": 81.87755675397257,
      "capacity": 10.676547830141393,
      "provided": 121.21298750927707,
      "V_model": 124.73032526584767
    },
    {
      "R": 6.95,
      "V_obs": 90.0,
      "V_GR": 34.52960758537519,
      "V_required": 83.11261155805417,
      "capacity": 7.544621966677537,
      "provided": 168.0072027917169,
      "V_model": 171.51884441628297
    },
    {
      "R": 8.58,
      "V_obs": 97.8,
      "V_GR": 36.978872346246575,
      "V_required": 90.53951071217472,
      "capacity": 5.037638679943189,
      "provided": 181.74051180743675,
      "V_model": 185.46441877629533
    },
    {
      "R": 9.26,
      "V_obs": 93.7,
      "V_GR": 38.02526791490101,
      "V_required": 85.6374275652883,
      "capacity": 4.790119174071639,
      "provided": 62.402571674344244,
      "V_model": 73.07531697893394
    },
    {
      "R": 9.89,
      "V_obs": 103.0,
      "V_GR": 39.19242401281146,
      "V_required": 95.252054571017,
      "capacity": 4.480285138721671,
      "provided": 69.40859074690056,
      "V_model": 79.70946348753534
    },
    {
      "R": 10.08,
      "V_obs": 97.4,
      "V_GR": 39.63898333711398,
      "V_required": 88.96915757721887,
      "capacity": 4.3660843784883365,
      "provided": 64.83034801910372,
      "V_model": 75.98830847096221
    },
    {
      "R": 11.84,
      "V_obs": 106.5,
      "V_GR": 41.515208056807325,
      "V_required": 98.0751625030517,
      "capacity": 2.4971252150750574,
      "provided": 181.5171666666374,
      "V_model": 186.20417367686423
    },
    {
      "R": 14.56,
      "V_obs": 112.0,
      "V_GR": 39.8575776986008,
      "V_required": 104.66792010926748,
      "capacity": 1.461777581589102,
      "provided": 173.1815395587492,
      "V_model": 177.70895347150804
    },
    {
      "R": 15.43,
      "V_obs": 111.5,
      "V_GR": 39.661090504422596,
      "V_required": 104.20771516543293,
      "capacity": 1.1864336831812259,
      "provided": 158.9717415207008,
      "V_model": 163.84448938589452
    },
    {
      "R": 17.93,
      "V_obs": 111.0,
      "V_GR": 40.794607486774524,
      "V_required": 103.2317780530782,
      "capacity": 0.6594768899827057,
      "provided": 68.28944892328637,
      "V_model": 79.54651993799689
    },
    {
      "R": 19.02,
      "V_obs": 112.5,
      "V_GR": 41.311318061761234,
      "V_required": 104.64045584763095,
      "capacity": 0.49005994768613464,
      "provided": 69.22131149617566,
      "V_model": 80.61150640727774
    },
    {
      "R": 20.1,
      "V_obs": 106.0,
      "V_GR": 41.6653393121909,
      "V_required": 97.46794088314373,
      "capacity": 0.0,
      "provided": 0.0,
      "V_model": 41.6653393121909
    }
  ]
}