{
  "galaxy": "F568-1",
  "alpha": 2.8271,
  "gamma": 0.8579,
  "alpha_eff": 2.8271,
  "gamma_eff": 0.8579,
  "alpha_scaling": "constant",
  "gamma_scaling": "constant",
  "shell_mode": "gravity_adaptive",
  "shell_parameters": {
    "R_coh": 39.69,
    "R_stop": 52.92,
    "r_factor": 4.0,
    "n_shell_min": 8,
    "n_shell_max": 40,
    "g_floor": 1e-05,
    "coh_radius_factor": 3.0,
    "spillover_mode": "hybrid",
    "spill_weights": [
      0.0016850958485875854,
      0.00388916336147856,
      0.005742202681905098,
      0.007681250649765082,
      0.009702200621924164,
      0.011360050068469444,
      0.012134976063718602,
      0.013026603647939077,
      0.01380339583925116,
      0.014055374888246324,
      0.01573246745044945,
      0.017384353409211323,
      0.01900219689777179,
      0.02057817129778943,
      0.022105261854504777,
      0.02357713952471238,
      0.02498808461621185,
      0.026332943595286148,
      0.027607106749818523,
      0.02880649794363718,
      0.029927570446148605,
      0.030967304856766905,
      0.031923206599701395,
      0.03279330147763594,
      0.03357612846100206,
      0.03427072934689747,
      0.03487663521886261,
      0.035393849826724944,
      0.03582283012047308,
      0.03263889528477606,
      0.03318163028013874,
      0.03368697537712207,
      0.034150606373690044,
      0.03456810189830182,
      0.0349349760817519,
      0.03524671647075858,
      0.035498827346529496,
      0.03568687852244015,
      0.03580655958539363,
      0.0358537394142064
    ]
  },
  "budget_factor": 1.0,
  "spillover_mode": "hybrid",
  "spillover_params": {
    "alpha": 0.4,
    "beta": 1.0,
    "gamma": 0.8,
    "delta": 1.8,
    "gcut": 1e-05
  },
  "shell_profile": {
    "centers": [
      1.1167241379310344,
      2.4701724137931036,
      3.823620689655172,
      5.1770689655172415,
      6.530517241379311,
      7.8839655172413785,
      9.237413793103446,
      10.590862068965517,
      11.944310344827585,
      13.297758620689656,
      14.651206896551724,
      16.00465517241379,
      17.358103448275862,
      18.711551724137934,
      20.065,
      21.41844827586207,
      22.77189655172414,
      24.125344827586208,
      25.478793103448275,
      26.832241379310346,
      28.185689655172418,
      29.53913793103448,
      30.892586206896553,
      32.24603448275862,
      33.59948275862068,
      34.95293103448276,
      36.30637931034482,
      37.659827586206895,
      39.013275862068966,
      40.215850906766036,
      41.28148666719389,
      42.375359541801814,
      43.49821775493325,
      44.65082935730858,
      45.83398275138248,
      47.04848723062226,
      48.29517353307594,
      49.57489440960863,
      50.8885252071961,
      52.23696446767434
    ],
    "mass": [
      637.6213892159731,
      722.9002504560082,
      658.3821987829942,
      657.3303407378136,
      680.9185426161805,
      653.8512699071487,
      540.8296568260687,
      480.29481169631987,
      432.13692112150216,
      365.260323396817,
      402.43658512960803,
      439.6128468624,
      476.78910859519226,
      513.9653703279826,
      551.1416320607756,
      588.3178937935655,
      625.4941555263571,
      662.6704172591502,
      699.84667899194,
      737.0229407247335,
      774.1992024575231,
      811.3754641903145,
      848.5517259231083,
      885.7279876558929,
      922.9042493886911,
      960.0805111214831,
      997.2567728542745,
      1034.4330345870605,
      1071.6092963198578,
      858.3655430763612,
      904.4580106108219,
      953.0255490291757,
      1004.2010645568605,
      1058.1246002107584,
      1114.9437190302574,
      1174.8139078870497,
      1237.8990029786307,
      1304.37163816997,
      1374.4137174101654,
      1448.2169125169996
    ]
  },
  "scaling_params": {
    "mass_ref": 60000000000.0,
    "sigma_ref": 30.0,
    "alpha_beta": 0.0,
    "gamma_beta": 0.0,
    "alpha_min": 0.01,
    "alpha_max": 100.0,
    "gamma_min": -5.0,
    "gamma_max": 5.0
  },
  "force_match": false,
  "rms_velocity": 58.874812195859555,
  "n_points": 12,
  "data": [
    {
      "R": 0.44,
      "V_obs": 15.7,
      "V_GR": 12.435191996909417,
      "V_required": 9.584153588084863,
      "capacity": 33.41459194371708,
      "provided": 0.3994902528850314,
      "V_model": 12.441607310237298
    },
    {
      "R": 1.32,
      "V_obs": 44.5,
      "V_GR": 28.995382390994603,
      "V_required": 33.756744511282484,
      "capacity": 50.50641061019593,
      "provided": 1.4070611742024839,
      "V_model": 29.029502599044786
    },
    {
      "R": 2.2,
      "V_obs": 69.4,
      "V_GR": 36.38259473979282,
      "V_required": 59.098788481660094,
      "capacity": 52.4242138347821,
      "provided": 1.7655105832815812,
      "V_model": 36.425406348037896
    },
    {
      "R": 3.08,
      "V_obs": 90.0,
      "V_GR": 40.30488059776384,
      "V_required": 80.47059462934271,
      "capacity": 44.02094297286245,
      "provided": 2.4039695247755395,
      "V_model": 40.37650888172539
    },
    {
      "R": 3.96,
      "V_obs": 105.0,
      "V_GR": 41.270592435776834,
      "V_required": 96.54914914177131,
      "capacity": 43.24775708858015,
      "provided": 6.1560797614665965,
      "V_model": 41.72719878004679
    },
    {
      "R": 4.84,
      "V_obs": 113.0,
      "V_GR": 43.26330546779799,
      "V_required": 104.39006849312823,
      "capacity": 42.062137258362846,
      "provided": 4.049794739240397,
      "V_model": 43.45243879726406
    },
    {
      "R": 5.53,
      "V_obs": 117.0,
      "V_GR": 45.29266717692832,
      "V_required": 107.87758942431,
      "capacity": 40.408757367844274,
      "provided": 4.185092513482403,
      "V_model": 45.48560980515053
    },
    {
      "R": 7.48,
      "V_obs": 124.0,
      "V_GR": 54.511401559673736,
      "V_required": 111.37552289439542,
      "capacity": 40.390485983153454,
      "provided": 6.049427492044465,
      "V_model": 54.846043366696044
    },
    {
      "R": 8.37,
      "V_obs": 127.0,
      "V_GR": 58.26059474464709,
      "V_required": 112.84814176582616,
      "capacity": 34.58168860005025,
      "provided": 6.12941365825608,
      "V_model": 58.58213560287826
    },
    {
      "R": 9.24,
      "V_obs": 130.0,
      "V_GR": 60.92511140736634,
      "V_required": 114.8395872510869,
      "capacity": 30.245364374943918,
      "provided": 13.009620992158197,
      "V_model": 62.298631111442596
    },
    {
      "R": 10.13,
      "V_obs": 133.0,
      "V_GR": 63.04616800409046,
      "V_required": 117.1075603878759,
      "capacity": 26.81975972841007,
      "provided": 13.965513848967625,
      "V_model": 64.57441348603723
    },
    {
      "R": 13.23,
      "V_obs": 142.0,
      "V_GR": 68.87459400969271,
      "V_required": 124.17846149795865,
      "capacity": 18.251223315218486,
      "provided": 15.06843517767509,
      "V_model": 70.50366968253351
    }
  ]
}