{
  "galaxy": "F571-V1",
  "alpha": 2.8271,
  "gamma": 0.8579,
  "alpha_eff": 2.8271,
  "gamma_eff": 0.8579,
  "alpha_scaling": "constant",
  "gamma_scaling": "constant",
  "shell_mode": "gravity_adaptive",
  "shell_parameters": {
    "R_coh": 40.769999999999996,
    "R_stop": 54.36,
    "r_factor": 4.0,
    "n_shell_min": 8,
    "n_shell_max": 40,
    "g_floor": 1e-05,
    "coh_radius_factor": 3.0,
    "spillover_mode": "hybrid",
    "spill_weights": [
      0.07443995717537344,
      0.103348214555194,
      0.12172116392570288,
      0.1287231743471307,
      0.13262168955229145,
      0.1389122826361433,
      0.13289359353521454,
      0.10886254134188122,
      0.05847738293106843,
      0.0,
      0.0,
      0.0,
      0.0,
      0.0,
      0.0,
      0.0,
      0.0,
      0.0,
      0.0,
      0.0,
      0.0,
      0.0,
      0.0,
      0.0,
      0.0,
      0.0,
      0.0,
      0.0,
      0.0,
      0.0,
      0.0,
      0.0,
      0.0,
      0.0,
      0.0,
      0.0,
      0.0,
      0.0,
      0.0,
      0.0
    ]
  },
  "budget_factor": 1.0,
  "spillover_mode": "hybrid",
  "spillover_params": {
    "alpha": 0.4,
    "beta": 1.0,
    "gamma": 0.8,
    "delta": 1.8,
    "gcut": 1e-05
  },
  "shell_profile": {
    "centers": [
      2.619310344827586,
      3.9579310344827583,
      5.296551724137931,
      6.635172413793103,
      7.9737931034482745,
      9.312413793103445,
      10.651034482758618,
      11.98965517241379,
      13.328275862068963,
      14.666896551724136,
      16.00551724137931,
      17.34413793103448,
      18.68275862068965,
      20.021379310344823,
      21.359999999999996,
      22.69862068965517,
      24.03724137931034,
      25.375862068965514,
      26.714482758620687,
      28.05310344827586,
      29.39172413793103,
      30.7303448275862,
      32.068965517241374,
      33.407586206896546,
      34.74620689655172,
      36.08482758620689,
      37.423448275862064,
      38.76206896551724,
      40.10068965517241,
      41.31015977497735,
      42.40479242684542,
      43.52843054974199,
      44.681842727856605,
      45.86581791124894,
      47.08116595550173,
      48.328718175673224,
      49.60932791492836,
      50.92387112823745,
      52.27324698154159,
      53.658378466794744
    ],
    "mass": [
      419.59585277867944,
      349.7326261970856,
      265.8752033811185,
      184.45807604303806,
      134.40640262684448,
      110.4915229546666,
      77.08373554846065,
      38.464331373755286,
      6.992873550863564,
      0.0,
      0.0,
      0.0,
      0.0,
      0.0,
      0.0,
      0.0,
      0.0,
      0.0,
      0.0,
      0.0,
      0.0,
      0.0,
      0.0,
      0.0,
      0.0,
      0.0,
      0.0,
      0.0,
      0.0,
      0.0,
      0.0,
      0.0,
      0.0,
      0.0,
      0.0,
      0.0,
      0.0,
      0.0,
      0.0,
      0.0
    ]
  },
  "scaling_params": {
    "mass_ref": 60000000000.0,
    "sigma_ref": 30.0,
    "alpha_beta": 0.0,
    "gamma_beta": 0.0,
    "alpha_min": 0.01,
    "alpha_max": 100.0,
    "gamma_min": -5.0,
    "gamma_max": 5.0
  },
  "force_match": false,
  "rms_velocity": 18.248748177109483,
  "n_points": 7,
  "data": [
    {
      "R": 1.95,
      "V_obs": 32.0,
      "V_GR": 25.080169457162764,
      "V_required": 19.874232060635702,
      "capacity": 22.627819669093956,
      "provided": 30.051060729409425,
      "V_model": 39.14180822295584
    },
    {
      "R": 3.88,
      "V_obs": 57.6,
      "V_GR": 38.64239769993575,
      "V_required": 42.714460080867234,
      "capacity": 18.633694674938972,
      "provided": 41.72118832037184,
      "V_model": 56.86732326093722
    },
    {
      "R": 5.83,
      "V_obs": 70.9,
      "V_GR": 39.20726590824716,
      "V_required": 59.072838936350436,
      "capacity": 10.09108232574164,
      "provided": 49.13826160012628,
      "V_model": 62.863172470711696
    },
    {
      "R": 7.78,
      "V_obs": 77.0,
      "V_GR": 41.48395834536526,
      "V_required": 64.86972483370036,
      "capacity": 6.390882894602529,
      "provided": 53.53875254634442,
      "V_model": 67.72973367892938
    },
    {
      "R": 9.72,
      "V_obs": 82.5,
      "V_GR": 43.500929875118764,
      "V_required": 70.09935163751517,
      "capacity": 4.460636034220143,
      "provided": 56.07823539883286,
      "V_model": 70.97252556762307
    },
    {
      "R": 11.66,
      "V_obs": 84.3,
      "V_GR": 42.36628966525154,
      "V_required": 72.88063871838665,
      "capacity": 1.9020162602771455,
      "provided": 43.94729611834043,
      "V_model": 61.04315961770901
    },
    {
      "R": 13.59,
      "V_obs": 83.9,
      "V_GR": 39.191024482654186,
      "V_required": 74.18405219452495,
      "capacity": 0.0,
      "provided": 23.607044555633195,
      "V_model": 45.75181911849681
    }
  ]
}