{
  "galaxy": "F574-1",
  "alpha": 2.8271,
  "gamma": 0.8579,
  "alpha_eff": 2.8271,
  "gamma_eff": 0.8579,
  "alpha_scaling": "constant",
  "gamma_scaling": "constant",
  "shell_mode": "gravity_adaptive",
  "shell_parameters": {
    "R_coh": 37.8,
    "R_stop": 50.4,
    "r_factor": 4.0,
    "n_shell_min": 8,
    "n_shell_max": 40,
    "g_floor": 1e-05,
    "coh_radius_factor": 3.0,
    "spillover_mode": "hybrid",
    "spill_weights": [
      0.001916956860584561,
      0.004055835405501796,
      0.006142680004288768,
      0.008282732373066787,
      0.010038728957362422,
      0.011288814549120079,
      0.012240521483628522,
      0.013707694832360015,
      0.014191030265715747,
      0.014061458579729732,
      0.015735631476472084,
      0.017383880407129553,
      0.018997182362212987,
      0.020567616926934856,
      0.022088157707264466,
      0.023552529773828098,
      0.024955115890961235,
      0.026290897298520247,
      0.027555417836843805,
      0.028744762945018036,
      0.029855547364158744,
      0.030884907206670364,
      0.03183049344701942,
      0.03269046491887739,
      0.033463479643514454,
      0.034148683834514804,
      0.03474569828199142,
      0.03525460206077744,
      0.035675913665659725,
      0.03251978163088213,
      0.033056787300618395,
      0.03355646702460936,
      0.03401453550147366,
      0.034426611925457595,
      0.03478825238890698,
      0.035094987484248434,
      0.035342365267305345,
      0.0355259996552688,
      0.03564162422383006,
      0.035685151237671665
    ]
  },
  "budget_factor": 1.0,
  "spillover_mode": "hybrid",
  "spillover_params": {
    "alpha": 0.4,
    "beta": 1.0,
    "gamma": 0.8,
    "delta": 1.8,
    "gcut": 1e-05
  },
  "shell_profile": {
    "centers": [
      1.1136206896551724,
      2.400862068965517,
      3.6881034482758617,
      4.975344827586206,
      6.262586206896551,
      7.549827586206897,
      8.837068965517242,
      10.124310344827586,
      11.411551724137931,
      12.698793103448276,
      13.98603448275862,
      15.273275862068965,
      16.56051724137931,
      17.847758620689653,
      19.134999999999998,
      20.422241379310343,
      21.709482758620688,
      22.996724137931032,
      24.283965517241377,
      25.571206896551722,
      26.858448275862067,
      28.14568965517241,
      29.432931034482756,
      30.7201724137931,
      32.007413793103446,
      33.29465517241379,
      34.581896551724135,
      35.86913793103448,
      37.156379310344825,
      38.300810387396226,
      39.31570158780371,
      40.35748527790649,
      41.42687405231739,
      42.52459938791293,
      43.65141214417379,
      44.808083076783106,
      45.99540336483423,
      47.21418515200822,
      48.46526210209153,
      49.749489969213656
    ],
    "mass": [
      723.5977692248528,
      703.3166488875792,
      694.6511727194489,
      712.639081015821,
      668.7944339921487,
      582.5604089075642,
      501.1330668698154,
      494.79273662329797,
      420.0889682572773,
      331.7453393087903,
      365.37344275711456,
      399.0015462054389,
      432.6296496537625,
      466.2577531020873,
      499.88585655041163,
      533.513959998736,
      567.1420634470602,
      600.7701668953845,
      634.3982703437088,
      668.026373792033,
      701.6544772403573,
      735.2825806886816,
      768.9106841370059,
      802.5387875853302,
      836.1668910336543,
      869.7949944819787,
      903.423097930303,
      937.0512013786274,
      970.6793048269517,
      778.5628508629147,
      820.3700776515386,
      864.4222666931308,
      910.8399678520279,
      959.7502042727945,
      1011.2868199820932,
      1065.5908461560546,
      1122.8108870554536,
      1183.103526684771,
      1246.6337572881337,
      1313.5754308544192
    ]
  },
  "scaling_params": {
    "mass_ref": 60000000000.0,
    "sigma_ref": 30.0,
    "alpha_beta": 0.0,
    "gamma_beta": 0.0,
    "alpha_min": 0.01,
    "alpha_max": 100.0,
    "gamma_min": -5.0,
    "gamma_max": 5.0
  },
  "force_match": false,
  "rms_velocity": 35.87946087118809,
  "n_points": 14,
  "data": [
    {
      "R": 0.47,
      "V_obs": 15.3,
      "V_GR": 12.992405473968244,
      "V_required": 8.080061880951163,
      "capacity": 30.725640824952162,
      "provided": 0.43593617914521043,
      "V_model": 12.999716933544658
    },
    {
      "R": 1.41,
      "V_obs": 41.0,
      "V_GR": 32.891774047624736,
      "V_required": 24.47715669762319,
      "capacity": 52.08512945249411,
      "provided": 1.3205936197414805,
      "V_model": 32.91827406636779
    },
    {
      "R": 2.35,
      "V_obs": 60.7,
      "V_GR": 41.172943785937875,
      "V_required": 44.601330697637266,
      "capacity": 42.92584714869397,
      "provided": 3.7164090103577614,
      "V_model": 41.340331347635185
    },
    {
      "R": 3.29,
      "V_obs": 74.9,
      "V_GR": 42.566806316659466,
      "V_required": 61.628540466248275,
      "capacity": 38.47015676683244,
      "provided": 2.636631490781731,
      "V_model": 42.648385967328025
    },
    {
      "R": 4.22,
      "V_obs": 83.0,
      "V_GR": 44.701026833843535,
      "V_required": 69.93438496190554,
      "capacity": 40.43558622584842,
      "provided": 2.9919774228629814,
      "V_model": 44.80104606924844
    },
    {
      "R": 5.17,
      "V_obs": 86.8,
      "V_GR": 47.33704785894448,
      "V_required": 72.75605747977278,
      "capacity": 37.92557766957066,
      "provided": 7.589563713530164,
      "V_model": 47.94160591137654
    },
    {
      "R": 6.11,
      "V_obs": 89.4,
      "V_GR": 49.95313904050475,
      "V_required": 74.14205217014161,
      "capacity": 35.459857649479744,
      "provided": 9.198603744883789,
      "V_model": 50.79301537470866
    },
    {
      "R": 7.05,
      "V_obs": 92.5,
      "V_GR": 51.06229626642343,
      "V_required": 77.12906002279556,
      "capacity": 30.533754251742835,
      "provided": 5.119659238599033,
      "V_model": 51.318310676788386
    },
    {
      "R": 7.99,
      "V_obs": 94.7,
      "V_GR": 52.661821085108706,
      "V_required": 78.70719535086992,
      "capacity": 27.656283359154834,
      "provided": 5.2244124290274865,
      "V_model": 52.920335271316794
    },
    {
      "R": 8.92,
      "V_obs": 96.3,
      "V_GR": 52.706065115885856,
      "V_required": 80.59628217231858,
      "capacity": 23.779878384894975,
      "provided": 11.216131766966164,
      "V_model": 53.88627758357361
    },
    {
      "R": 9.87,
      "V_obs": 97.8,
      "V_GR": 54.40236851461524,
      "V_required": 81.27251872558153,
      "capacity": 23.670302215837406,
      "provided": 12.560519718603931,
      "V_model": 55.83354149256017
    },
    {
      "R": 10.79,
      "V_obs": 98.8,
      "V_GR": 56.197054193258204,
      "V_required": 81.26088296345296,
      "capacity": 21.070893776112996,
      "provided": 6.512940460902017,
      "V_model": 56.57320296259753
    },
    {
      "R": 11.8,
      "V_obs": 99.5,
      "V_GR": 57.813621232370494,
      "V_required": 80.98046184111325,
      "capacity": 17.312277327097018,
      "provided": 6.490465119665579,
      "V_model": 58.1768075565306
    },
    {
      "R": 12.6,
      "V_obs": 99.7,
      "V_GR": 58.48278806623364,
      "V_required": 80.74560978777733,
      "capacity": 14.267262343052263,
      "provided": 12.884677542286642,
      "V_model": 59.88531886338007
    }
  ]
}