{
  "galaxy": "F583-4",
  "alpha": 2.8271,
  "gamma": 0.8579,
  "alpha_eff": 2.8271,
  "gamma_eff": 0.8579,
  "alpha_scaling": "constant",
  "gamma_scaling": "constant",
  "shell_mode": "gravity_adaptive",
  "shell_parameters": {
    "R_coh": 21.87,
    "R_stop": 29.16,
    "r_factor": 4.0,
    "n_shell_min": 8,
    "n_shell_max": 40,
    "g_floor": 1e-05,
    "coh_radius_factor": 3.0,
    "spillover_mode": "hybrid",
    "spill_weights": [
      0.020282475598204754,
      0.05337373950701185,
      0.08581623810228883,
      0.11471024357699916,
      0.130056477193346,
      0.14112463404553413,
      0.1505369866186216,
      0.14685080689744665,
      0.15724839846054706,
      0.0,
      0.0,
      0.0,
      0.0,
      0.0,
      0.0,
      0.0,
      0.0,
      0.0,
      0.0,
      0.0,
      0.0,
      0.0,
      0.0,
      0.0,
      0.0,
      0.0,
      0.0,
      0.0,
      0.0,
      0.0,
      0.0,
      0.0,
      0.0,
      0.0,
      0.0,
      0.0,
      0.0,
      0.0,
      0.0,
      0.0
    ]
  },
  "budget_factor": 1.0,
  "spillover_mode": "hybrid",
  "spillover_params": {
    "alpha": 0.4,
    "beta": 1.0,
    "gamma": 0.8,
    "delta": 1.8,
    "gcut": 1e-05
  },
  "shell_profile": {
    "centers": [
      0.5932758620689655,
      1.3398275862068967,
      2.086379310344828,
      2.832931034482759,
      3.5794827586206903,
      4.3260344827586215,
      5.072586206896553,
      5.819137931034483,
      6.565689655172415,
      7.312241379310345,
      8.058793103448277,
      8.80534482758621,
      9.55189655172414,
      10.298448275862071,
      11.045000000000002,
      11.791551724137934,
      12.538103448275864,
      13.284655172413796,
      14.031206896551726,
      14.777758620689658,
      15.524310344827589,
      16.27086206896552,
      17.01741379310345,
      17.76396551724138,
      18.51051724137931,
      19.25706896551724,
      20.003620689655172,
      20.750172413793106,
      21.496724137931036,
      22.15975458127925,
      22.746941632943578,
      23.34968791078876,
      23.968405701697918,
      24.60351821729249,
      25.255459883414836,
      25.924676637281657,
      26.611626232511234,
      27.31677855223333,
      28.040615930495818,
      28.783633482187906
    ],
    "mass": [
      174.99579652343616,
      260.94713284273087,
      288.5655758225271,
      284.4481923267932,
      223.73991504267448,
      177.22226873283597,
      145.80089978382796,
      101.94535399988094,
      94.20892911730334,
      0.0,
      0.0,
      0.0,
      0.0,
      0.0,
      0.0,
      0.0,
      0.0,
      0.0,
      0.0,
      0.0,
      0.0,
      0.0,
      0.0,
      0.0,
      0.0,
      0.0,
      0.0,
      0.0,
      0.0,
      0.0,
      0.0,
      0.0,
      0.0,
      0.0,
      0.0,
      0.0,
      0.0,
      0.0,
      0.0,
      0.0
    ]
  },
  "scaling_params": {
    "mass_ref": 60000000000.0,
    "sigma_ref": 30.0,
    "alpha_beta": 0.0,
    "gamma_beta": 0.0,
    "alpha_min": 0.01,
    "alpha_max": 100.0,
    "gamma_min": -5.0,
    "gamma_max": 5.0
  },
  "force_match": false,
  "rms_velocity": 13.772711608069969,
  "n_points": 12,
  "data": [
    {
      "R": 0.22,
      "V_obs": 10.7,
      "V_GR": 5.6097237008608545,
      "V_required": 9.11158603098275,
      "capacity": 15.114099094843247,
      "provided": 3.2375158266372153,
      "V_model": 6.476921238345148
    },
    {
      "R": 0.76,
      "V_obs": 24.7,
      "V_GR": 17.728897314836022,
      "V_required": 17.198145248834248,
      "capacity": 37.97208006643063,
      "provided": 6.110820579707691,
      "V_model": 18.752491252027795
    },
    {
      "R": 1.31,
      "V_obs": 38.9,
      "V_GR": 26.83994225031045,
      "V_required": 28.15719268677188,
      "capacity": 42.29536400250286,
      "provided": 24.600333906987764,
      "V_model": 36.40822610805547
    },
    {
      "R": 1.94,
      "V_obs": 42.7,
      "V_GR": 32.63540715235525,
      "V_required": 27.53579851756618,
      "capacity": 43.59234565695188,
      "provided": 39.55331088766095,
      "V_model": 51.278984020512326
    },
    {
      "R": 3.92,
      "V_obs": 55.0,
      "V_GR": 39.19282587413161,
      "V_required": 38.58655724471931,
      "capacity": 24.137132131066938,
      "provided": 59.94394987637193,
      "V_model": 71.61951358939119
    },
    {
      "R": 4.35,
      "V_obs": 57.2,
      "V_GR": 39.508907856330325,
      "V_required": 41.362860152557154,
      "capacity": 23.587354287575188,
      "provided": 65.04534162470488,
      "V_model": 76.10420663192387
    },
    {
      "R": 5.0,
      "V_obs": 59.8,
      "V_GR": 40.42422664690074,
      "V_required": 44.06724293622191,
      "capacity": 19.290711037590047,
      "provided": 33.329431178262084,
      "V_model": 52.39245253532715
    },
    {
      "R": 5.05,
      "V_obs": 62.5,
      "V_GR": 40.42083126309997,
      "V_required": 47.66976400193313,
      "capacity": 18.88731754626586,
      "provided": 36.05413029550973,
      "V_model": 54.16404629794189
    },
    {
      "R": 5.83,
      "V_obs": 61.8,
      "V_GR": 40.24219675912338,
      "V_required": 46.90208524149006,
      "capacity": 12.525296904010833,
      "provided": 32.653997601620745,
      "V_model": 51.82391300709214
    },
    {
      "R": 6.09,
      "V_obs": 64.4,
      "V_GR": 40.195712457922674,
      "V_required": 50.31565064669243,
      "capacity": 12.290541329646636,
      "provided": 35.03057757627503,
      "V_model": 53.31825827357288
    },
    {
      "R": 6.74,
      "V_obs": 67.2,
      "V_GR": 41.714089945724574,
      "V_required": 52.68562137813314,
      "capacity": 10.81777786000188,
      "provided": 72.47689864339225,
      "V_model": 83.62395671674805
    },
    {
      "R": 7.29,
      "V_obs": 69.9,
      "V_GR": 40.0131290953357,
      "V_required": 57.31456621139168,
      "capacity": 0.0,
      "provided": 0.0,
      "V_model": 40.0131290953357
    }
  ]
}