{
  "galaxy": "F583-1",
  "alpha": 2.8271,
  "gamma": 0.8579,
  "alpha_eff": 2.8271,
  "gamma_eff": 0.8579,
  "alpha_scaling": "constant",
  "gamma_scaling": "constant",
  "shell_mode": "gravity_adaptive",
  "shell_parameters": {
    "R_coh": 48.78,
    "R_stop": 65.04,
    "r_factor": 4.0,
    "n_shell_min": 8,
    "n_shell_max": 40,
    "g_floor": 1e-05,
    "coh_radius_factor": 3.0,
    "spillover_mode": "hybrid",
    "spill_weights": [
      0.03346081355032087,
      0.08749588705097618,
      0.12649859870658833,
      0.13380265290314478,
      0.1380805420849524,
      0.13855512331253625,
      0.12923824572292425,
      0.12166606578744169,
      0.09120207088111518,
      0.0,
      0.0,
      0.0,
      0.0,
      0.0,
      0.0,
      0.0,
      0.0,
      0.0,
      0.0,
      0.0,
      0.0,
      0.0,
      0.0,
      0.0,
      0.0,
      0.0,
      0.0,
      0.0,
      0.0,
      0.0,
      0.0,
      0.0,
      0.0,
      0.0,
      0.0,
      0.0,
      0.0,
      0.0,
      0.0,
      0.0
    ]
  },
  "budget_factor": 1.0,
  "spillover_mode": "hybrid",
  "spillover_params": {
    "alpha": 0.4,
    "beta": 1.0,
    "gamma": 0.8,
    "delta": 1.8,
    "gcut": 1e-05
  },
  "shell_profile": {
    "centers": [
      1.0965517241379312,
      2.7696551724137937,
      4.442758620689656,
      6.115862068965518,
      7.78896551724138,
      9.462068965517243,
      11.135172413793104,
      12.808275862068967,
      14.481379310344828,
      16.15448275862069,
      17.827586206896555,
      19.500689655172415,
      21.17379310344828,
      22.846896551724143,
      24.520000000000003,
      26.193103448275863,
      27.86620689655173,
      29.53931034482759,
      31.21241379310345,
      32.88551724137932,
      34.55862068965517,
      36.23172413793104,
      37.90482758620689,
      39.57793103448276,
      41.25103448275863,
      42.92413793103448,
      44.59724137931035,
      46.270344827586214,
      47.94344827586207,
      49.42628388087799,
      50.73597681092765,
      52.08037385863172,
      53.460394610371495,
      54.876983019640036,
      56.331108052719514,
      57.82376435146773,
      59.35597291366703,
      60.92878179140109,
      62.54326680793717,
      64.20053229360431
    ],
    "mass": [
      225.99266785581577,
      260.22332073783025,
      214.4384875314919,
      121.39945092357944,
      79.99855029143426,
      56.24332287793294,
      36.27178715704514,
      25.692467563135185,
      10.925437696359571,
      0.0,
      0.0,
      0.0,
      0.0,
      0.0,
      0.0,
      0.0,
      0.0,
      0.0,
      0.0,
      0.0,
      0.0,
      0.0,
      0.0,
      0.0,
      0.0,
      0.0,
      0.0,
      0.0,
      0.0,
      0.0,
      0.0,
      0.0,
      0.0,
      0.0,
      0.0,
      0.0,
      0.0,
      0.0,
      0.0,
      0.0
    ]
  },
  "scaling_params": {
    "mass_ref": 60000000000.0,
    "sigma_ref": 30.0,
    "alpha_beta": 0.0,
    "gamma_beta": 0.0,
    "alpha_min": 0.01,
    "alpha_max": 100.0,
    "gamma_min": -5.0,
    "gamma_max": 5.0
  },
  "force_match": false,
  "rms_velocity": 25.220549138640518,
  "n_points": 25,
  "data": [
    {
      "R": 0.26,
      "V_obs": 14.6,
      "V_GR": 5.084643546995206,
      "V_required": 13.685992839396052,
      "capacity": 10.598550059045296,
      "provided": 5.587543032452527,
      "V_model": 7.554749310169648
    },
    {
      "R": 0.44,
      "V_obs": 10.0,
      "V_GR": 8.215138465053403,
      "V_required": 5.70188565300989,
      "capacity": 15.409976751363272,
      "provided": 2.327893330515754,
      "V_model": 8.538593991885298
    },
    {
      "R": 0.77,
      "V_obs": 10.7,
      "V_GR": 13.23110350651071,
      "V_required": 0.0,
      "capacity": 20.4220197832565,
      "provided": 0.0,
      "V_model": 13.23110350651071
    },
    {
      "R": 0.89,
      "V_obs": 17.4,
      "V_GR": 14.658475364102502,
      "V_required": 9.374918666313855,
      "capacity": 20.57254476101257,
      "provided": 3.8274725179589315,
      "V_model": 15.14993220696815
    },
    {
      "R": 1.22,
      "V_obs": 23.5,
      "V_GR": 17.45992554394205,
      "V_required": 15.728985981302163,
      "capacity": 20.345586576971836,
      "provided": 6.421630279856752,
      "V_model": 18.603395804292646
    },
    {
      "R": 1.55,
      "V_obs": 31.0,
      "V_GR": 18.61013970930901,
      "V_required": 24.792391978185567,
      "capacity": 16.144992882382482,
      "provided": 10.121922368450969,
      "V_model": 21.18467871913445
    },
    {
      "R": 1.8,
      "V_obs": 32.3,
      "V_GR": 18.524980431838518,
      "V_required": 26.459688206779756,
      "capacity": 17.065616882325816,
      "provided": 10.802624860001224,
      "V_model": 21.444617130317724
    },
    {
      "R": 2.21,
      "V_obs": 40.9,
      "V_GR": 19.384130106868348,
      "V_required": 36.01479557070955,
      "capacity": 19.620632602765035,
      "provided": 17.40510143381484,
      "V_model": 26.051526940303965
    },
    {
      "R": 2.31,
      "V_obs": 43.8,
      "V_GR": 19.732402286594503,
      "V_required": 39.103354076089175,
      "capacity": 19.913829935292803,
      "provided": 18.897728928113974,
      "V_model": 27.32200319596782
    },
    {
      "R": 2.54,
      "V_obs": 44.8,
      "V_GR": 20.568714106623194,
      "V_required": 39.799095467108295,
      "capacity": 20.046081800883066,
      "provided": 19.2339643361039,
      "V_model": 28.160564342401177
    },
    {
      "R": 3.1,
      "V_obs": 51.7,
      "V_GR": 22.752828395608315,
      "V_required": 46.42411873153868,
      "capacity": 22.098934209295887,
      "provided": 22.43568185501642,
      "V_model": 31.953888969881476
    },
    {
      "R": 3.43,
      "V_obs": 55.7,
      "V_GR": 24.21915977072698,
      "V_required": 50.15897028448651,
      "capacity": 21.379989200064188,
      "provided": 24.240647538957887,
      "V_model": 34.26626173232185
    },
    {
      "R": 3.86,
      "V_obs": 59.4,
      "V_GR": 25.128241084485005,
      "V_required": 53.823150223672336,
      "capacity": 18.80968637426724,
      "provided": 34.79565303462261,
      "V_model": 42.92046097266246
    },
    {
      "R": 4.09,
      "V_obs": 62.0,
      "V_GR": 25.37383888969109,
      "V_required": 56.57003005125594,
      "capacity": 17.7278658309724,
      "provided": 36.5714591145567,
      "V_model": 44.511833502650646
    },
    {
      "R": 4.37,
      "V_obs": 63.0,
      "V_GR": 26.11673792800318,
      "V_required": 57.33163175769551,
      "capacity": 16.397947491351676,
      "provided": 37.0638202754646,
      "V_model": 45.34104954025591
    },
    {
      "R": 4.76,
      "V_obs": 66.6,
      "V_GR": 27.046718839814933,
      "V_required": 60.860783760973696,
      "capacity": 14.466403833617045,
      "provided": 39.345350585418515,
      "V_model": 47.7449642652447
    },
    {
      "R": 5.4,
      "V_obs": 71.3,
      "V_GR": 28.48563497624724,
      "V_required": 65.3625167814092,
      "capacity": 11.418013622139844,
      "provided": 38.66736788811821,
      "V_model": 48.02704175144535
    },
    {
      "R": 5.86,
      "V_obs": 72.3,
      "V_GR": 29.402394460315644,
      "V_required": 66.05141330811931,
      "capacity": 9.485552814726763,
      "provided": 39.07490751093033,
      "V_model": 48.90142326137103
    },
    {
      "R": 6.08,
      "V_obs": 73.4,
      "V_GR": 29.75292422603197,
      "V_required": 67.09935543654649,
      "capacity": 8.733282291704215,
      "provided": 39.69485248552281,
      "V_model": 49.607638664296616
    },
    {
      "R": 6.43,
      "V_obs": 72.4,
      "V_GR": 30.400830580758807,
      "V_required": 65.70806267118215,
      "capacity": 7.669310355772849,
      "provided": 38.87178703689061,
      "V_model": 49.34801239605681
    },
    {
      "R": 6.97,
      "V_obs": 77.1,
      "V_GR": 31.606589502823617,
      "V_required": 70.32377620691311,
      "capacity": 6.361579682744404,