{
  "galaxy": "IC2574",
  "alpha": 2.8271,
  "gamma": 0.8579,
  "alpha_eff": 2.8271,
  "gamma_eff": 0.8579,
  "alpha_scaling": "constant",
  "gamma_scaling": "constant",
  "shell_mode": "gravity_adaptive",
  "shell_parameters": {
    "R_coh": 30.69,
    "R_stop": 40.92,
    "r_factor": 4.0,
    "n_shell_min": 8,
    "n_shell_max": 40,
    "g_floor": 1e-05,
    "coh_radius_factor": 3.0,
    "spillover_mode": "hybrid",
    "spill_weights": [
      0.034696827283299383,
      0.06360642400931758,
      0.08716402073503501,
      0.1281069062403567,
      0.1427023931249652,
      0.13624189140487583,
      0.13780147746981106,
      0.13677529526787172,
      0.1329047644644674,
      0.0,
      0.0,
      0.0,
      0.0,
      0.0,
      0.0,
      0.0,
      0.0,
      0.0,
      0.0,
      0.0,
      0.0,
      0.0,
      0.0,
      0.0,
      0.0,
      0.0,
      0.0,
      0.0,
      0.0,
      0.0,
      0.0,
      0.0,
      0.0,
      0.0,
      0.0,
      0.0,
      0.0,
      0.0,
      0.0,
      0.0
    ]
  },
  "budget_factor": 1.0,
  "spillover_mode": "hybrid",
  "spillover_params": {
    "alpha": 0.4,
    "beta": 1.0,
    "gamma": 0.8,
    "delta": 1.8,
    "gcut": 1e-05
  },
  "shell_profile": {
    "centers": [
      1.3644827586206898,
      2.3934482758620694,
      3.4224137931034484,
      4.451379310344828,
      5.480344827586207,
      6.509310344827586,
      7.538275862068966,
      8.567241379310346,
      9.596206896551724,
      10.625172413793106,
      11.654137931034484,
      12.683103448275862,
      13.712068965517243,
      14.741034482758621,
      15.77,
      16.79896551724138,
      17.82793103448276,
      18.85689655172414,
      19.885862068965523,
      20.9148275862069,
      21.94379310344828,
      22.97275862068966,
      24.00172413793104,
      25.030689655172417,
      26.059655172413798,
      27.088620689655176,
      28.117586206896554,
      29.146551724137936,
      30.17551724137931,
      31.096610338338365,
      31.92060533676444,
      32.7664344756336,
      33.6346763139053,
      34.52592474113884,
      35.44078938372206,
      36.3798960218644,
      37.34388701763923,
      38.333421754368594,
      39.34917708765052,
      40.39184780833777
    ],
    "mass": [
      118.5345428053741,
      137.64892496574183,
      129.92400632038024,
      182.9528249906899,
      149.86269462030253,
      92.91931849168273,
      71.56531341238028,
      55.59425143372213,
      42.83056936401935,
      0.0,
      0.0,
      0.0,
      0.0,
      0.0,
      0.0,
      0.0,
      0.0,
      0.0,
      0.0,
      0.0,
      0.0,
      0.0,
      0.0,
      0.0,
      0.0,
      0.0,
      0.0,
      0.0,
      0.0,
      0.0,
      0.0,
      0.0,
      0.0,
      0.0,
      0.0,
      0.0,
      0.0,
      0.0,
      0.0,
      0.0
    ]
  },
  "scaling_params": {
    "mass_ref": 60000000000.0,
    "sigma_ref": 30.0,
    "alpha_beta": 0.0,
    "gamma_beta": 0.0,
    "alpha_min": 0.01,
    "alpha_max": 100.0,
    "gamma_min": -5.0,
    "gamma_max": 5.0
  },
  "force_match": false,
  "rms_velocity": 8.560705696377003,
  "n_points": 34,
  "data": [
    {
      "R": 0.85,
      "V_obs": 10.3,
      "V_GR": 9.59,
      "V_required": 3.7579116540972626,
      "capacity": 9.898825553046388,
      "provided": 5.471505108533916,
      "V_model": 11.04108093225988
    },
    {
      "R": 1.14,
      "V_obs": 12.9,
      "V_GR": 11.99,
      "V_required": 4.759191107740895,
      "capacity": 11.335528158602125,
      "provided": 6.929364193568006,
      "V_model": 13.848327990306352
    },
    {
      "R": 1.42,
      "V_obs": 16.4,
      "V_GR": 13.861908238045727,
      "V_required": 8.76398881788424,
      "capacity": 11.979743247182737,
      "provided": 12.760334462867238,
      "V_model": 18.840876720689973
    },
    {
      "R": 1.71,
      "V_obs": 18.6,
      "V_GR": 15.652683476005,
      "V_required": 10.047561893315216,
      "capacity": 12.436584885338632,
      "provided": 14.629211990027807,
      "V_model": 21.424760055813305
    },
    {
      "R": 1.99,
      "V_obs": 19.8,
      "V_GR": 17.53046491111973,
      "V_required": 9.2044988999945,
      "capacity": 13.195848814131487,
      "provided": 9.892878459414582,
      "V_model": 20.129238540311185
    },
    {
      "R": 2.28,
      "V_obs": 26.1,
      "V_GR": 18.698804774637335,
      "V_required": 18.208918144689434,
      "capacity": 12.670706284077166,
      "provided": 19.570713847654332,
      "V_model": 27.067658570825238
    },
    {
      "R": 2.55,
      "V_obs": 27.7,
      "V_GR": 19.922020479860972,
      "V_required": 19.245859294923672,
      "capacity": 12.692236194657921,
      "provided": 20.68520501988306,
      "V_model": 28.71871526922114
    },
    {
      "R": 2.84,
      "V_obs": 29.7,
      "V_GR": 20.791007671587252,
      "V_required": 21.20905467011672,
      "capacity": 12.164766779818923,
      "provided": 22.795222463513937,
      "V_model": 30.852684926292724
    },
    {
      "R": 3.13,
      "V_obs": 33.0,
      "V_GR": 21.517811226981244,
      "V_required": 25.019668263188464,
      "capacity": 12.410718445824378,
      "provided": 31.557001763457677,
      "V_model": 38.19503318886987
    },
    {
      "R": 3.41,
      "V_obs": 34.8,
      "V_GR": 22.01645975174029,
      "V_required": 26.9502411863048,
      "capacity": 11.311472702517614,
      "provided": 33.99200979387598,
      "V_model": 40.499150976618765
    },
    {
      "R": 3.7,
      "V_obs": 35.0,
      "V_GR": 21.924235448471173,
      "V_required": 27.282373430477048,
      "capacity": 11.71422704848846,
      "provided": 34.410924133778146,
      "V_model": 40.80176221366713
    },
    {
      "R": 3.98,
      "V_obs": 39.0,
      "V_GR": 21.89594711356419,
      "V_required": 32.27332489843586,
      "capacity": 12.83593064150197,
      "provided": 39.83178287175853,
      "V_model": 45.45331040466597
    },
    {
      "R": 4.26,
      "V_obs": 35.9,
      "V_GR": 22.723540657212734,
      "V_required": 27.7929973194688,
      "capacity": 14.059174087751991,
      "provided": 34.30215628753211,
      "V_model": 41.14604751339159
    },
    {
      "R": 4.55,
      "V_obs": 40.0,
      "V_GR": 24.82737400531921,
      "V_required": 31.36242178148875,
      "capacity": 15.860943430006726,
      "provided": 38.70754496675098,
      "V_model": 45.985568794493005
    },
    {
      "R": 4.84,
      "V_obs": 38.7,
      "V_GR": 27.12151175727489,
      "V_required": 27.606405053900083,
      "capacity": 14.777582525917609,
      "provided": 34.071863851563016,
      "V_model": 43.548459287550536
    },
    {
      "R": 5.12,
      "V_obs": 41.8,
      "V_GR": 28.330981274922337,
      "V_required": 30.734272400693005,
      "capacity": 12.34828667160206,
      "provided": 38.81927424513178,
      "V_model": 48.05809560228903
    },
    {
      "R": 5.41,
      "V_obs": 42.9,
      "V_GR": 28.895406209292158,
      "V_required": 31.709075987798826,
      "capacity": 12.062477470474473,
      "provided": 40.050511064069646,
      "V_model": 49.386110765003195
    },
    {
      "R": 5.68,
      "V_obs": 44.4,
      "V_GR": 29.920482950647706,
      "V_required": 32.80433965194239,
      "capacity": 11.750002312840428,
      "provided": 41.43389636093967,
      "V_model": 51.107759368310106
    },
    {
      "R": 5.97,
      "V_obs": 46.1,
      "V_GR": 30.779416823585205,
      "V_required": 34.31963723584502,
      "capacity": 10.369412316834941,
      "provided": 43.34781030383735,
      "V_model": 53.16394603617631
    },
    {
      "R": 6.26,
      "V_obs": 49.0,
      "V_GR": 31.710763157010273,
      "V_required": 37.35542129330092,
      "capacity": 8.683093854502815,
      "provided": 48.69316880849524,
      "V_model": 58.108494978037534
    },
    {
      "R": 6.54,
      "V_obs": 51.9,
      "V_GR": 32.47910867003588,
      "V_required": 40.48107582562499,
      "capacity": 6.963533214964473,