{
  "galaxy": "IC4202",
  "alpha": 2.8271,
  "gamma": 0.8579,
  "alpha_eff": 2.8271,
  "gamma_eff": 0.8579,
  "alpha_scaling": "constant",
  "gamma_scaling": "constant",
  "shell_mode": "gravity_adaptive",
  "shell_parameters": {
    "R_coh": 77.69999999999999,
    "R_stop": 103.6,
    "r_factor": 4.0,
    "n_shell_min": 8,
    "n_shell_max": 40,
    "g_floor": 1e-05,
    "coh_radius_factor": 3.0,
    "spillover_mode": "hybrid",
    "spill_weights": [
      0.003370734768433515,
      0.007164106177087017,
      0.011477016609727334,
      0.01458246665667921,
      0.015359144750492394,
      0.01572796388615899,
      0.015577721669520237,
      0.014925708096588568,
      0.01394786516378663,
      0.013029238590372593,
      0.014673238244281243,
      0.016304889804117727,
      0.017912817644895697,
      0.019486726501210194,
      0.021017334275123097,
      0.02249631979650327,
      0.023916279235261795,
      0.025270687331913337,
      0.026553861121698556,
      0.02776092476639089,
      0.02888777469671291,
      0.029931044637062934,
      0.030888070312872176,
      0.031756853779889016,
      0.03253602739663757,
      0.03322481750753353,
      0.03382300792858621,
      0.03433090333930184,
      0.03474929268905617,
      0.03166410302645845,
      0.032185625060560843,
      0.03266908046208187,
      0.033110303687511104,
      0.03350505865062949,
      0.033849071089526915,
      0.034138065671070084,
      0.03436780795253409,
      0.03453415123743021,
      0.03463308826137081,
      0.034660807522931464
    ]
  },
  "budget_factor": 1.0,
  "spillover_mode": "hybrid",
  "spillover_params": {
    "alpha": 0.4,
    "beta": 1.0,
    "gamma": 0.8,
    "delta": 1.8,
    "gcut": 1e-05
  },
  "shell_profile": {
    "centers": [
      2.0963793103448274,
      4.749137931034482,
      7.401896551724136,
      10.054655172413792,
      12.707413793103445,
      15.360172413793101,
      18.012931034482754,
      20.66568965517241,
      23.318448275862064,
      25.97120689655172,
      28.623965517241373,
      31.276724137931033,
      33.929482758620686,
      36.58224137931035,
      39.235,
      41.88775862068965,
      44.540517241379305,
      47.19327586206896,
      49.84603448275861,
      52.49879310344827,
      55.151551724137924,
      57.804310344827584,
      60.45706896551724,
      63.10982758620689,
      65.76258620689654,
      68.41534482758618,
      71.06810344827585,
      73.7208620689655,
      76.37362068965516,
      78.72944357409224,
      80.81560881937429,
      82.95705307125223,
      85.1552411075413,
      87.41167651959881,
      89.72790274080171,
      92.10550410227644,
      94.54610691660375,
      97.05138059023918,
      99.62303876541043,
      102.26284049227255
    ],
    "mass": [
      32988.12965256312,
      28367.343886137958,
      30781.658129917036,
      26495.155938874064,
      17159.631448180273,
      11624.137326001086,
      7844.468959795249,
      5166.455927774435,
      3344.2741237702276,
      2242.329831087113,
      2471.3665413770646,
      2700.403251667017,
      2929.439961956965,
      3158.4766722469253,
      3387.5133825368684,
      3616.5500928268198,
      3845.586803116771,
      4074.6235134067224,
      4303.6602236966855,
      4532.696933986626,
      4761.733644276577,
      4990.770354566543,
      5219.807064856481,
      5448.843775146418,
      5677.880485436383,
      5906.917195726334,
      6135.953906016287,
      6364.990616306272,
      6594.02732659619,
      5275.691025366293,
      5558.984803023028,
      5857.490874969442,
      6172.02611017967,
      6503.451241814934,
      6852.673222640343,
      7220.647706921966,
      7608.381665599109,
      8016.936141882567,
      8447.429154825739,
      8901.038758809591
    ]
  },
  "scaling_params": {
    "mass_ref": 60000000000.0,
    "sigma_ref": 30.0,
    "alpha_beta": 0.0,
    "gamma_beta": 0.0,
    "alpha_min": 0.01,
    "alpha_max": 100.0,
    "gamma_min": -5.0,
    "gamma_max": 5.0
  },
  "force_match": false,
  "rms_velocity": 35.10836031729326,
  "n_points": 32,
  "data": [
    {
      "R": 0.77,
      "V_obs": 35.1,
      "V_GR": 135.41353846643253,
      "V_required": 0.0,
      "capacity": 758.7944278299706,
      "provided": 1.6561841952402292,
      "V_model": 135.42366612261154
    },
    {
      "R": 1.59,
      "V_obs": 77.9,
      "V_GR": 181.3490504524355,
      "V_required": 0.0,
      "capacity": 595.8967165351143,
      "provided": 1.6561841952402292,
      "V_model": 181.356612909727
    },
    {
      "R": 2.36,
      "V_obs": 115.0,
      "V_GR": 186.30282982284513,
      "V_required": 0.0,
      "capacity": 508.8807868230491,
      "provided": 1.6561841952402292,
      "V_model": 186.31019120297353
    },
    {
      "R": 3.13,
      "V_obs": 156.0,
      "V_GR": 188.001365154618,
      "V_required": 0.0,
      "capacity": 543.2699706645395,
      "provided": 1.6561841952402292,
      "V_model": 188.00866002950124
    },
    {
      "R": 3.95,
      "V_obs": 192.0,
      "V_GR": 196.11701252058683,
      "V_required": 0.0,
      "capacity": 486.59184722674195,
      "provided": 0.0,
      "V_model": 196.11701252058683
    },
    {
      "R": 4.73,
      "V_obs": 204.0,
      "V_GR": 204.51862726900941,
      "V_required": 0.0,
      "capacity": 428.98302512262705,
      "provided": 0.0,
      "V_model": 204.51862726900941
    },
    {
      "R": 5.5,
      "V_obs": 209.0,
      "V_GR": 206.54727788087646,
      "V_required": 31.925256459424123,
      "capacity": 382.27448520749306,
      "provided": 14.080110407534065,
      "V_model": 207.02663478182788
    },
    {
      "R": 6.27,
      "V_obs": 220.0,
      "V_GR": 207.24817610777666,
      "V_required": 73.81187912524646,
      "capacity": 397.89921812856676,
      "provided": 5.247243177086237,
      "V_model": 207.31459201165623
    },
    {
      "R": 7.08,
      "V_obs": 231.0,
      "V_GR": 213.0514801638327,
      "V_required": 89.27523060737508,
      "capacity": 429.04519278095813,
      "provided": 6.346523760660118,
      "V_model": 213.14598650653645
    },
    {
      "R": 7.86,
      "V_obs": 235.0,
      "V_GR": 222.65660376463126,
      "V_required": 75.16007450767991,
      "capacity": 439.0527717290409,
      "provided": 5.343085595755042,
      "V_model": 222.72070349135387
    },
    {
      "R": 8.66,
      "V_obs": 245.0,
      "V_GR": 231.89626344553292,
      "V_required": 79.05139467460388,
      "capacity": 418.8104934529335,
      "provided": 5.61971726314699,
      "V_model": 231.964346877096
    },
    {
      "R": 9.45,
      "V_obs": 246.0,
      "V_GR": 238.70599762050387,
      "V_required": 59.45962243405184,
      "capacity": 385.47411742680003,
      "provided": 28.659924275956683,
      "V_model": 240.42034972003424
    },
    {
      "R": 10.24,
      "V_obs": 239.0,
      "V_GR": 242.98477832983693,
      "V_required": 0.0,
      "capacity": 344.3456957966337,
      "provided": 0.0,
      "V_model": 242.98477832983693
    },
    {
      "R": 11.02,
      "V_obs": 240.0,
      "V_GR": 244.92552521123642,
      "V_required": 0.0,
      "capacity": 301.7207883089842,
      "provided": 0.0,
      "V_model": 244.92552521123642
    },
    {
      "R": 11.79,
      "V_obs": 240.0,
      "V_GR": 245.14606523458622,
      "V_required": 0.0,
      "capacity": 260.7033914643586,
      "provided": 0.0,
      "V_model": 245.14606523458622
    },
    {
      "R": 12.47,
      "V_obs": 246.0,
      "V_GR": 244.03631266678326,
      "V_required": 31.02060766651748,
      "capacity": 228.66168515337026,
      "provided": 30.186383130932683,
      "V_model": 245.89619685250818
    },
    {
      "R": 13.34,
      "V_obs": 241.0,
      "V_GR": 241.6927334447604,
      "V_required": 0.0,
      "capacity": 195.2917736069246,
      "provided": 0.0,
      "V_model": 241.6927334447604
    },
    {
      "R": 14.11,
      "V_obs": 250.0,
      "V_GR": 239.12264008244807,