{
  "galaxy": "NGC0247",
  "alpha": 2.8271,
  "gamma": 0.8579,
  "alpha_eff": 2.8271,
  "gamma_eff": 0.8579,
  "alpha_scaling": "constant",
  "gamma_scaling": "constant",
  "shell_mode": "gravity_adaptive",
  "shell_parameters": {
    "R_coh": 43.62,
    "R_stop": 58.16,
    "r_factor": 4.0,
    "n_shell_min": 8,
    "n_shell_max": 40,
    "g_floor": 1e-05,
    "coh_radius_factor": 3.0,
    "spillover_mode": "hybrid",
    "spill_weights": [
      0.003337331528644703,
      0.006392074411659246,
      0.00920902930174595,
      0.011436001192727823,
      0.013211591071128046,
      0.014592879454663421,
      0.01476588708752951,
      0.014630079871709478,
      0.014155825737643164,
      0.014710944145047117,
      0.01634531187212815,
      0.017939604099551087,
      0.019485435017351574,
      0.02097586549261909,
      0.022405136447899678,
      0.023768455046303733,
      0.025061827574505403,
      0.02628193201370084,
      0.02742602307510507,
      0.028491862837524334,
      0.02947767085693371,
      0.030382088530740026,
      0.031204153449151676,
      0.03194328036101645,
      0.03259924617233436,
      0.033172177063251505,
      0.033662536353660316,
      0.03407111217909196,
      0.03439900437269521,
      0.03145092866903815,
      0.03192110754711277,
      0.03235457886565081,
      0.03274747114211643,
      0.033095836373869536,
      0.033395679669849805,
      0.0336429936074037,
      0.033833797460658385,
      0.03396418136485858,
      0.03403035538051057,
      0.03402870330086856
    ]
  },
  "budget_factor": 1.0,
  "spillover_mode": "hybrid",
  "spillover_params": {
    "alpha": 0.4,
    "beta": 1.0,
    "gamma": 0.8,
    "delta": 1.8,
    "gcut": 1e-05
  },
  "shell_profile": {
    "centers": [
      1.813448275862069,
      3.2803448275862066,
      4.747241379310345,
      6.214137931034482,
      7.681034482758621,
      9.14793103448276,
      10.614827586206896,
      12.081724137931033,
      13.548620689655174,
      15.01551724137931,
      16.482413793103447,
      17.949310344827584,
      19.416206896551724,
      20.88310344827586,
      22.349999999999998,
      23.816896551724138,
      25.283793103448275,
      26.750689655172412,
      28.217586206896552,
      29.68448275862069,
      31.151379310344826,
      32.61827586206896,
      34.0851724137931,
      35.552068965517236,
      37.01896551724138,
      38.48586206896552,
      39.95275862068965,
      41.41965517241379,
      42.88655172413793,
      44.19791928831278,
      45.36907151481475,
      46.571256820695254,
      47.80529751751545,
      49.07203770636936,
      50.372343855260866,
      51.70710539177988,
      53.07723531148332,
      54.4836708023968,
      55.92737388606436,
      57.40933207558466
    ],
    "mass": [
      845.9902524011903,
      993.9809821479981,
      1005.5937954117919,
      906.4874397524949,
      791.1670516830685,
      680.608797275539,
      504.92817929303504,
      375.10510396101125,
      274.105236414081,
      247.7266239058518,
      271.92754382996435,
      296.12846375407815,
      320.3293836781911,
      344.5303036023023,
      368.73122352641684,
      392.93214345052985,
      417.1330633746407,
      441.3339832987555,
      465.5349032228685,
      489.735823146979,
      513.9367430710943,
      538.1376629952046,
      562.3385829193201,
      586.5395028434328,
      610.7404227675428,
      634.9413426916589,
      659.1422626157716,
      683.3431825398812,
      707.5441024639975,
      574.5553976418336,
      605.4078429970441,
      637.9170013311879,
      672.1718347302041,
      708.2660823613861,
      746.2985169929228,
      786.3732152877852,
      828.5998426122169,
      873.0939531374112,
      919.97730605636,
      969.3781987807562
    ]
  },
  "scaling_params": {
    "mass_ref": 60000000000.0,
    "sigma_ref": 30.0,
    "alpha_beta": 0.0,
    "gamma_beta": 0.0,
    "alpha_min": 0.01,
    "alpha_max": 100.0,
    "gamma_min": -5.0,
    "gamma_max": 5.0
  },
  "force_match": false,
  "rms_velocity": 31.428897456667787,
  "n_points": 26,
  "data": [
    {
      "R": 1.08,
      "V_obs": 34.6,
      "V_GR": 22.36491225111335,
      "V_required": 26.400202650737363,
      "capacity": 34.205562654914374,
      "provided": 1.3610288342853345,
      "V_model": 22.406287052694744
    },
    {
      "R": 1.61,
      "V_obs": 47.0,
      "V_GR": 29.9290043269067,
      "V_required": 36.238856218153465,
      "capacity": 39.61842305715465,
      "provided": 1.8682480921429472,
      "V_model": 29.987258142981258
    },
    {
      "R": 2.15,
      "V_obs": 59.1,
      "V_GR": 34.97988707814821,
      "V_required": 47.63630443264884,
      "capacity": 41.51683176367987,
      "provided": 2.4558290233358693,
      "V_model": 35.065989166026085
    },
    {
      "R": 2.7,
      "V_obs": 64.4,
      "V_GR": 38.81017005889049,
      "V_required": 51.391932246219355,
      "capacity": 42.98179633273407,
      "provided": 3.5729813223383733,
      "V_model": 38.97429275214341
    },
    {
      "R": 3.22,
      "V_obs": 67.4,
      "V_GR": 42.40056249626885,
      "V_required": 52.392292372065576,
      "capacity": 43.89671308878519,
      "provided": 3.642530527613167,
      "V_model": 42.5567354086823
    },
    {
      "R": 3.77,
      "V_obs": 69.8,
      "V_GR": 45.61245992050856,
      "V_required": 52.83505938295139,
      "capacity": 43.657552028628146,
      "provided": 3.6733135355853768,
      "V_model": 45.76013256461037
    },
    {
      "R": 4.31,
      "V_obs": 71.3,
      "V_GR": 48.3927618554676,
      "V_required": 52.36249230126465,
      "capacity": 43.068676943896094,
      "provided": 5.1651922979699725,
      "V_model": 48.66763412654254
    },
    {
      "R": 4.85,
      "V_obs": 73.2,
      "V_GR": 50.68751818741967,
      "V_required": 52.81113045561514,
      "capacity": 41.55353683597616,
      "provided": 5.209447302603712,
      "V_model": 50.95451737774194
    },
    {
      "R": 5.38,
      "V_obs": 75.1,
      "V_GR": 52.3372916762035,
      "V_required": 53.859241546832045,
      "capacity": 39.58143125784638,
      "provided": 5.312836104355604,
      "V_model": 52.60625749349354
    },
    {
      "R": 5.92,
      "V_obs": 78.5,
      "V_GR": 53.916128384742166,
      "V_required": 57.05524603399761,
      "capacity": 37.28620452988845,
      "provided": 9.526805173316081,
      "V_model": 54.75133712349245
    },
    {
      "R": 6.46,
      "V_obs": 81.4,
      "V_GR": 55.42527311615162,
      "V_required": 59.61542669477424,
      "capacity": 34.892135725922245,
      "provided": 9.954291584454806,
      "V_model": 56.31206638854898
    },
    {
      "R": 6.99,
      "V_obs": 83.5,
      "V_GR": 56.90559990018557,
      "V_required": 61.106486562393684,
      "capacity": 32.62985186811686,
      "provided": 7.097710996511111,
      "V_model": 57.34653260128283
    },
    {
      "R": 7.53,
      "V_obs": 87.1,
      "V_GR": 58.525417555110195,
      "V_required": 64.5072515303512,
      "capacity": 30.61761906019031,
      "provided": 7.492720565339385,
      "V_model": 59.00309620240501
    },
    {
      "R": 8.07,
      "V_obs": 90.7,
      "V_GR": 59.8550332052368,
      "V_required": 68.14590963513511,
      "capacity": 29.085445572558193,
      "provided": 7.9153621717504965,
      "V_model": 60.37613732518816
    },
    {
      "R": 8.62,
      "V_obs": 93.1,
      "V_GR": 61.20565415057664,
      "V_required": 70.15324582654746,
      "capacity": 27.874972808586833,
      "provided": 8.00877113175954,
      "V_model": 61.72740489475404
    },
    {
      "R": 9.14,
      "V_obs": 95.9,
      "V_GR": 62.578432386885495,
      "V_required": 72.66876770662897,
      "capacity": 25.077801674255397,
      "provided": 8.295945855853097,
      "V_model": 63.125929043802955
    },
    {
      "R": 9.69,
      "V_obs": 98.4,
      "V_GR": 63.78135777795892,
      "V_required": 74.92995662617189,