{
  "galaxy": "NGC0024",
  "alpha": 2.8271,
  "gamma": 0.8579,
  "alpha_eff": 2.8271,
  "gamma_eff": 0.8579,
  "alpha_scaling": "constant",
  "gamma_scaling": "constant",
  "shell_mode": "gravity_adaptive",
  "shell_parameters": {
    "R_coh": 33.81,
    "R_stop": 45.08,
    "r_factor": 4.0,
    "n_shell_min": 8,
    "n_shell_max": 40,
    "g_floor": 1e-05,
    "coh_radius_factor": 3.0,
    "spillover_mode": "hybrid",
    "spill_weights": [
      0.03512320445821776,
      0.08596083060505617,
      0.11716900048593548,
      0.15880972981207658,
      0.18087922282162278,
      0.15731633178591703,
      0.09984467169641864,
      0.07894870787502009,
      0.06482928148039493,
      0.02111901897934049,
      0.0,
      0.0,
      0.0,
      0.0,
      0.0,
      0.0,
      0.0,
      0.0,
      0.0,
      0.0,
      0.0,
      0.0,
      0.0,
      0.0,
      0.0,
      0.0,
      0.0,
      0.0,
      0.0,
      0.0,
      0.0,
      0.0,
      0.0,
      0.0,
      0.0,
      0.0,
      0.0,
      0.0,
      0.0,
      0.0
    ]
  },
  "budget_factor": 1.0,
  "spillover_mode": "hybrid",
  "spillover_params": {
    "alpha": 0.4,
    "beta": 1.0,
    "gamma": 0.8,
    "delta": 1.8,
    "gcut": 1e-05
  },
  "shell_profile": {
    "centers": [
      0.7893103448275862,
      1.9479310344827587,
      3.1065517241379315,
      4.2651724137931035,
      5.4237931034482765,
      6.5824137931034485,
      7.7410344827586215,
      8.899655172413794,
      10.058275862068967,
      11.21689655172414,
      12.375517241379313,
      13.534137931034484,
      14.692758620689657,
      15.851379310344829,
      17.01,
      18.168620689655175,
      19.327241379310347,
      20.48586206896552,
      21.644482758620693,
      22.803103448275866,
      23.961724137931036,
      25.12034482758621,
      26.27896551724138,
      27.437586206896555,
      28.596206896551728,
      29.7548275862069,
      30.913448275862073,
      32.072068965517246,
      33.23068965517241,
      34.25794706872664,
      35.16571086464666,
      36.097528498571926,
      37.054037346795006,
      38.035891674744356,
      39.043763084511006,
      40.07834097423379,
      41.1403330096573,
      42.23046560818514,
      43.349484435759656,
      44.49815491690778
    ],
    "mass": [
      1203.0591264294658,
      1192.4469776501628,
      819.9879861334496,
      812.1370095028329,
      633.8689181628253,
      285.1837121134266,
      63.5780794048516,
      26.1389067512351,
      12.395474100599415,
      0.6058028023259097,
      0.0,
      0.0,
      0.0,
      0.0,
      0.0,
      0.0,
      0.0,
      0.0,
      0.0,
      0.0,
      0.0,
      0.0,
      0.0,
      0.0,
      0.0,
      0.0,
      0.0,
      0.0,
      0.0,
      0.0,
      0.0,
      0.0,
      0.0,
      0.0,
      0.0,
      0.0,
      0.0,
      0.0,
      0.0,
      0.0
    ]
  },
  "scaling_params": {
    "mass_ref": 60000000000.0,
    "sigma_ref": 30.0,
    "alpha_beta": 0.0,
    "gamma_beta": 0.0,
    "alpha_min": 0.01,
    "alpha_max": 100.0,
    "gamma_min": -5.0,
    "gamma_max": 5.0
  },
  "force_match": false,
  "rms_velocity": 43.47200464187546,
  "n_points": 29,
  "data": [
    {
      "R": 0.21,
      "V_obs": 17.4,
      "V_GR": 18.6113567479644,
      "V_required": 0.0,
      "capacity": 198.60272063296864,
      "provided": 0.0,
      "V_model": 18.6113567479644
    },
    {
      "R": 0.32,
      "V_obs": 31.0,
      "V_GR": 25.750250484218594,
      "V_required": 17.260492461108985,
      "capacity": 213.33786794650953,
      "provided": 2.4163152838967483,
      "V_model": 25.863371387953137
    },
    {
      "R": 0.43,
      "V_obs": 36.1,
      "V_GR": 29.73478266273355,
      "V_required": 20.47077673172174,
      "capacity": 240.13112364071898,
      "provided": 2.865726502389673,
      "V_model": 29.87255744636703
    },
    {
      "R": 0.54,
      "V_obs": 46.0,
      "V_GR": 34.17641291885384,
      "V_required": 30.789166926047223,
      "capacity": 262.23314764914113,
      "provided": 4.310209270649987,
      "V_model": 34.447134916518046
    },
    {
      "R": 0.64,
      "V_obs": 58.0,
      "V_GR": 37.10754370744579,
      "V_required": 44.5761169237519,
      "capacity": 280.00084507679804,
      "provided": 6.2402595327057,
      "V_model": 37.628588055300774
    },
    {
      "R": 0.74,
      "V_obs": 63.4,
      "V_GR": 39.970273954527755,
      "V_required": 49.213181161148285,
      "capacity": 301.92258673260267,
      "provided": 6.88940724471206,
      "V_model": 40.55966878789188
    },
    {
      "R": 0.85,
      "V_obs": 71.9,
      "V_GR": 43.5310659184909,
      "V_required": 57.224612711664555,
      "capacity": 330.47943374217533,
      "provided": 8.01093634042138,
      "V_model": 44.26204695955988
    },
    {
      "R": 0.96,
      "V_obs": 76.4,
      "V_GR": 47.24195698740686,
      "V_required": 60.04296378427701,
      "capacity": 340.7303761504898,
      "provided": 8.405480400359675,
      "V_model": 47.98389939095019
    },
    {
      "R": 1.07,
      "V_obs": 78.1,
      "V_GR": 50.616854900319524,
      "V_required": 59.477256157290896,
      "capacity": 351.3347580051951,
      "provided": 8.326286368765068,
      "V_model": 51.297105617127016
    },
    {
      "R": 1.17,
      "V_obs": 80.5,
      "V_GR": 53.410426884644906,
      "V_required": 60.22936410091012,
      "capacity": 352.7725105858239,
      "provided": 8.431574785268946,
      "V_model": 54.07185176558671
    },
    {
      "R": 1.28,
      "V_obs": 82.8,
      "V_GR": 56.45337279560894,
      "V_required": 60.57108798758694,
      "capacity": 362.2636563655925,
      "provided": 8.479413087224136,
      "V_model": 57.08663369216815
    },
    {
      "R": 1.38,
      "V_obs": 85.6,
      "V_GR": 59.131112791828976,
      "V_required": 61.894034445978704,
      "capacity": 364.9846677417337,
      "provided": 12.813203000141069,
      "V_model": 60.50344346500309
    },
    {
      "R": 1.48,
      "V_obs": 88.0,
      "V_GR": 61.98783187045664,
      "V_required": 62.46205808328765,
      "capacity": 359.3994840380352,
      "provided": 12.930794335701373,
      "V_model": 63.3221662781068
    },
    {
      "R": 1.59,
      "V_obs": 92.0,
      "V_GR": 64.44887120811349,
      "V_required": 65.65320251137791,
      "capacity": 344.3040817278484,
      "provided": 13.59141989882535,
      "V_model": 65.86640793960291
    },
    {
      "R": 1.7,
      "V_obs": 92.4,
      "V_GR": 66.66434204280426,
      "V_required": 63.981446529443204,
      "capacity": 323.16236184036035,
      "provided": 13.245335676735651,
      "V_model": 67.967443803555
    },
    {
      "R": 1.8,
      "V_obs": 95.1,
      "V_GR": 67.9963271066901,
      "V_required": 66.48691224594506,
      "capacity": 303.606716682558,
      "provided": 13.764013140933786,
      "V_model": 69.37541753203217
    },
    {
      "R": 1.91,
      "V_obs": 96.5,
      "V_GR": 69.31023373211202,
      "V_required": 67.14418440937384,
      "capacity": 281.22247486321737,
      "provided": 13.900080562160063,
      "V_model": 70.69031574151116
    },
    {
      "R": 2.02,
      "V_obs": 101.0,
      "V_GR": 69.98030079958217,
      "V_required": 72.82690093639849,
      "capacity": 258.90006264038425,
      "provided": 15.076507355223224,
      "V_model": 71.5859174281653
    },
    {
      "R": 2.13,
      "V_obs": 99.9,
      "V_GR": 70.52979583126553,
      "V_required": 70.74996749115861,
      "capacity": 242.40739503489124,
      "provided": 14.6465439493821,
      "V_model": 72.03452887096009
    },
    {
      "R": 2.23,
      "V_obs": 103.0,
      "V_GR": 70.82684378115405,
      "V_required": 74.78340858773421,
      "capacity": 233.84386643646823,
      "provided": 15.481540407799145,
      "V_model": 72.4991027075392
    },
    {
      "R": 2.34,
      "V_obs": 104.0,
      "V_GR": 71.36746597715236,
      "V_required": 75.6484289327941,
      "capacity": 220.56719455372937,