{
  "galaxy": "NGC1705",
  "alpha": 2.8271,
  "gamma": 0.8579,
  "alpha_eff": 2.8271,
  "gamma_eff": 0.8579,
  "alpha_scaling": "constant",
  "gamma_scaling": "constant",
  "shell_mode": "gravity_adaptive",
  "shell_parameters": {
    "R_coh": 18.0,
    "R_stop": 24.0,
    "r_factor": 4.0,
    "n_shell_min": 8,
    "n_shell_max": 40,
    "g_floor": 1e-05,
    "coh_radius_factor": 3.0,
    "spillover_mode": "hybrid",
    "spill_weights": [
      0.16561638358115618,
      0.20272723793583958,
      0.20816621313691303,
      0.1674502486992983,
      0.11994264546026248,
      0.08357642134049666,
      0.05252084984603384,
      0.0,
      0.0,
      0.0,
      0.0,
      0.0,
      0.0,
      0.0,
      0.0,
      0.0,
      0.0,
      0.0,
      0.0,
      0.0,
      0.0,
      0.0,
      0.0,
      0.0,
      0.0,
      0.0,
      0.0,
      0.0,
      0.0,
      0.0,
      0.0,
      0.0,
      0.0,
      0.0,
      0.0,
      0.0,
      0.0,
      0.0,
      0.0,
      0.0
    ]
  },
  "budget_factor": 1.0,
  "spillover_mode": "hybrid",
  "spillover_params": {
    "alpha": 0.4,
    "beta": 1.0,
    "gamma": 0.8,
    "delta": 1.8,
    "gcut": 1e-05
  },
  "shell_profile": {
    "centers": [
      0.526551724137931,
      1.1396551724137933,
      1.7527586206896553,
      2.3658620689655177,
      2.97896551724138,
      3.5920689655172424,
      4.205172413793104,
      4.818275862068965,
      5.431379310344829,
      6.04448275862069,
      6.657586206896553,
      7.270689655172415,
      7.883793103448277,
      8.49689655172414,
      9.110000000000003,
      9.723103448275864,
      10.336206896551726,
      10.949310344827587,
      11.56241379310345,
      12.175517241379314,
      12.788620689655176,
      13.401724137931037,
      14.014827586206899,
      14.627931034482762,
      15.241034482758623,
      15.854137931034485,
      16.467241379310344,
      17.08034482758621,
      17.693448275862067,
      18.23848113685535,
      18.721762660858907,
      19.217850132336423,
      19.727082882055896,
      20.24980923233949,
      20.78638673532085,
      21.337182417515763,
      21.90257303087344,
      22.482945310480105,
      23.0786962390912,
      23.690233318673172
    ],
    "mass": [
      434.28436572819675,
      106.14470740118702,
      39.65813501991874,
      11.262304666122006,
      2.874200633867181,
      0.7697392174249515,
      0.1729114955164957,
      0.0,
      0.0,
      0.0,
      0.0,
      0.0,
      0.0,
      0.0,
      0.0,
      0.0,
      0.0,
      0.0,
      0.0,
      0.0,
      0.0,
      0.0,
      0.0,
      0.0,
      0.0,
      0.0,
      0.0,
      0.0,
      0.0,
      0.0,
      0.0,
      0.0,
      0.0,
      0.0,
      0.0,
      0.0,
      0.0,
      0.0,
      0.0,
      0.0
    ]
  },
  "scaling_params": {
    "mass_ref": 60000000000.0,
    "sigma_ref": 30.0,
    "alpha_beta": 0.0,
    "gamma_beta": 0.0,
    "alpha_min": 0.01,
    "alpha_max": 100.0,
    "gamma_min": -5.0,
    "gamma_max": 5.0
  },
  "force_match": false,
  "rms_velocity": 46.62992210520485,
  "n_points": 14,
  "data": [
    {
      "R": 0.22,
      "V_obs": 50.2,
      "V_GR": 33.71174869389009,
      "V_required": 37.19620948430096,
      "capacity": 199.1391513902867,
      "provided": 66.62208072656331,
      "V_model": 74.66581306285173
    },
    {
      "R": 0.66,
      "V_obs": 62.2,
      "V_GR": 46.8263173867004,
      "V_required": 40.94063995591666,
      "capacity": 83.65797071624439,
      "provided": 73.32872510279397,
      "V_model": 87.0046316307421
    },
    {
      "R": 1.11,
      "V_obs": 72.4,
      "V_GR": 46.98283622771192,
      "V_required": 55.085144095300336,
      "capacity": 39.285564534173,
      "provided": 171.3105895636085,
      "V_model": 177.63644050878506
    },
    {
      "R": 1.55,
      "V_obs": 73.2,
      "V_GR": 43.03558178995608,
      "V_required": 59.21299435090241,
      "capacity": 16.936817283497284,
      "provided": 86.33784099838263,
      "V_model": 96.46908358775883
    },
    {
      "R": 2.0,
      "V_obs": 72.9,
      "V_GR": 39.2542851164048,
      "V_required": 61.428910945905606,
      "capacity": 7.645043804761622,
      "provided": 89.56884555645811,
      "V_model": 97.7930314200181
    },
    {
      "R": 2.45,
      "V_obs": 72.6,
      "V_GR": 35.70664503982417,
      "V_required": 63.21230497300347,
      "capacity": 2.5018691108612474,
      "provided": 141.50047679497507,
      "V_model": 145.93611421853495
    },
    {
      "R": 2.89,
      "V_obs": 71.5,
      "V_GR": 32.71683358761969,
      "V_required": 63.57561482203692,
      "capacity": 0.999939505945045,
      "provided": 101.35512877711787,
      "V_model": 106.50471036262267
    },
    {
      "R": 3.34,
      "V_obs": 71.1,
      "V_GR": 30.257754378010276,
      "V_required": 64.34033183004266,
      "capacity": 0.3483198458078714,
      "provided": 34.98143111394075,
      "V_model": 46.251834804463506
    },
    {
      "R": 3.78,
      "V_obs": 71.4,
      "V_GR": 28.287559102898925,
      "V_required": 65.5574099549395,
      "capacity": 0.1278691662987628,
      "provided": 35.64314878581765,
      "V_model": 45.504066360798284
    },
    {
      "R": 4.22,
      "V_obs": 71.5,
      "V_GR": 26.962677908546105,
      "V_required": 66.22132587014549,
      "capacity": 0.04633953318131781,
      "provided": 44.381691592687524,
      "V_model": 51.92995810347271
    },
    {
      "R": 4.66,
      "V_obs": 71.5,
      "V_GR": 25.910028946336592,
      "V_required": 66.64023109203629,
      "capacity": 0.0,
      "provided": 0.0,
      "V_model": 25.910028946336592
    },
    {
      "R": 5.11,
      "V_obs": 71.3,
      "V_GR": 25.06134872667471,
      "V_required": 66.75042172151423,
      "capacity": 0.0,
      "provided": 0.0,
      "V_model": 25.06134872667471
    },
    {
      "R": 5.56,
      "V_obs": 71.8,
      "V_GR": 24.290327292978166,
      "V_required": 67.56641177389842,
      "capacity": 0.0,
      "provided": 0.0,
      "V_model": 24.290327292978166
    },
    {
      "R": 6.0,
      "V_obs": 71.5,
      "V_GR": 24.13896642360646,
      "V_required": 67.30200814240241,
      "capacity": 0.0,
      "provided": 0.0,
      "V_model": 24.13896642360646
    }
  ]
}