{
  "galaxy": "NGC1090",
  "alpha": 2.8271,
  "gamma": 0.8579,
  "alpha_eff": 2.8271,
  "gamma_eff": 0.8579,
  "alpha_scaling": "constant",
  "gamma_scaling": "constant",
  "shell_mode": "gravity_adaptive",
  "shell_parameters": {
    "R_coh": 90.27,
    "R_stop": 120.36,
    "r_factor": 4.0,
    "n_shell_min": 8,
    "n_shell_max": 40,
    "g_floor": 1e-05,
    "coh_radius_factor": 3.0,
    "spillover_mode": "hybrid",
    "spill_weights": [
      0.033537158843836186,
      0.08815302516632652,
      0.12871745408158553,
      0.1570522939541867,
      0.15165313782721573,
      0.12119248230516526,
      0.10740471706385715,
      0.09543587809856476,
      0.07817844418495376,
      0.03867540847430843,
      0.0,
      0.0,
      0.0,
      0.0,
      0.0,
      0.0,
      0.0,
      0.0,
      0.0,
      0.0,
      0.0,
      0.0,
      0.0,
      0.0,
      0.0,
      0.0,
      0.0,
      0.0,
      0.0,
      0.0,
      0.0,
      0.0,
      0.0,
      0.0,
      0.0,
      0.0,
      0.0,
      0.0,
      0.0,
      0.0
    ]
  },
  "budget_factor": 1.0,
  "spillover_mode": "hybrid",
  "spillover_params": {
    "alpha": 0.4,
    "beta": 1.0,
    "gamma": 0.8,
    "delta": 1.8,
    "gcut": 1e-05
  },
  "shell_profile": {
    "centers": [
      1.900344827586207,
      5.00103448275862,
      8.101724137931035,
      11.202413793103448,
      14.303103448275861,
      17.403793103448276,
      20.50448275862069,
      23.605172413793106,
      26.705862068965516,
      29.806551724137933,
      32.90724137931034,
      36.00793103448276,
      39.10862068965517,
      42.209310344827585,
      45.31,
      48.41068965517241,
      51.51137931034483,
      54.61206896551724,
      57.712758620689655,
      60.81344827586207,
      63.914137931034475,
      67.01482758620688,
      70.11551724137931,
      73.21620689655171,
      76.31689655172414,
      79.41758620689654,
      82.51827586206895,
      85.61896551724138,
      88.71965517241378,
      91.46598290132955,
      93.88963974420741,
      96.37751841366713,
      98.93132065351033,
      101.55279330018257,
      104.2437294776341,
      107.0059698238416,
      109.84140374983033,
      112.75197073205776,
      115.73966163904242,
      118.80652009314596
    ],
    "mass": [
      18507.71194066423,
      18618.63148184451,
      14563.086120813497,
      10854.26373665132,
      5529.437684731067,
      1989.715249365965,
      1009.9475543841485,
      549.26450927977,
      255.77077599293898,
      35.07819529602108,
      0.0,
      0.0,
      0.0,
      0.0,
      0.0,
      0.0,
      0.0,
      0.0,
      0.0,
      0.0,
      0.0,
      0.0,
      0.0,
      0.0,
      0.0,
      0.0,
      0.0,
      0.0,
      0.0,
      0.0,
      0.0,
      0.0,
      0.0,
      0.0,
      0.0,
      0.0,
      0.0,
      0.0,
      0.0,
      0.0
    ]
  },
  "scaling_params": {
    "mass_ref": 60000000000.0,
    "sigma_ref": 30.0,
    "alpha_beta": 0.0,
    "gamma_beta": 0.0,
    "alpha_min": 0.01,
    "alpha_max": 100.0,
    "gamma_min": -5.0,
    "gamma_max": 5.0
  },
  "force_match": false,
  "rms_velocity": 32.685874781504936,
  "n_points": 24,
  "data": [
    {
      "R": 0.35,
      "V_obs": 20.9,
      "V_GR": 48.76689450846752,
      "V_required": 0.0,
      "capacity": 172.93052751637282,
      "provided": 14.557897941499661,
      "V_model": 50.893441546776145
    },
    {
      "R": 1.07,
      "V_obs": 61.7,
      "V_GR": 98.2917982336268,
      "V_required": 0.0,
      "capacity": 226.05116678569806,
      "provided": 14.557897941499661,
      "V_model": 99.36402765827843
    },
    {
      "R": 1.6,
      "V_obs": 81.3,
      "V_GR": 114.28088772843864,
      "V_required": 0.0,
      "capacity": 220.4352611393501,
      "provided": 14.557897941499661,
      "V_model": 115.20439962290988
    },
    {
      "R": 3.7,
      "V_obs": 124.0,
      "V_GR": 144.2299608264524,
      "V_required": 0.0,
      "capacity": 254.33481996299642,
      "provided": 0.0,
      "V_model": 144.2299608264524
    },
    {
      "R": 5.09,
      "V_obs": 156.0,
      "V_GR": 154.52556325734588,
      "V_required": 21.397436762378764,
      "capacity": 204.29602395514723,
      "provided": 114.79708966238462,
      "V_model": 192.50070518040596
    },
    {
      "R": 6.61,
      "V_obs": 166.0,
      "V_GR": 166.54641455161982,
      "V_required": 0.0,
      "capacity": 212.07262205555358,
      "provided": 0.0,
      "V_model": 166.54641455161982
    },
    {
      "R": 8.17,
      "V_obs": 165.0,
      "V_GR": 171.96749983645165,
      "V_required": 0.0,
      "capacity": 148.67608518341723,
      "provided": 0.0,
      "V_model": 171.96749983645165
    },
    {
      "R": 9.11,
      "V_obs": 174.0,
      "V_GR": 169.32463524248325,
      "V_required": 40.064546671589795,
      "capacity": 123.43025785459493,
      "provided": 167.62203100163222,
      "V_model": 238.26031431422263
    },
    {
      "R": 10.37,
      "V_obs": 164.0,
      "V_GR": 167.16574589311054,
      "V_required": 0.0,
      "capacity": 119.65684150580675,
      "provided": 0.0,
      "V_model": 167.16574589311054
    },
    {
      "R": 11.28,
      "V_obs": 176.0,
      "V_GR": 169.28614828154133,
      "V_required": 48.147689456504565,
      "capacity": 106.27160160707234,
      "provided": 204.52101600285062,
      "V_model": 265.49321269448353
    },
    {
      "R": 13.62,
      "V_obs": 174.0,
      "V_GR": 167.92996754599818,
      "V_required": 45.55794112995009,
      "capacity": 61.852835714677894,
      "provided": 105.50489438410479,
      "V_model": 198.3223556208455
    },
    {
      "R": 15.04,
      "V_obs": 168.0,
      "V_GR": 163.23701847313924,
      "V_required": 39.719967270882755,
      "capacity": 41.13552511144417,
      "provided": 91.9850820277658,
      "V_model": 187.3701670908547
    },
    {
      "R": 16.37,
      "V_obs": 166.0,
      "V_GR": 157.67489368951544,
      "V_required": 51.90980543211468,
      "capacity": 25.565259246662688,
      "provided": 40.42281957279101,
      "V_model": 162.77400419666037
    },
    {
      "R": 17.59,
      "V_obs": 167.0,
      "V_GR": 151.53043027722188,
      "V_required": 70.19635816764286,
      "capacity": 16.686616481295786,
      "provided": 54.66278860529429,
      "V_model": 161.08845941937335
    },
    {
      "R": 18.8,
      "V_obs": 167.0,
      "V_GR": 146.28146704213765,
      "V_required": 80.56508176623417,
      "capacity": 12.916338925801885,
      "provided": 62.73704432128075,
      "V_model": 159.16722128054616
    },
    {
      "R": 20.13,
      "V_obs": 165.0,
      "V_GR": 141.09410831072998,
      "V_required": 85.5421100978927,
      "capacity": 9.46459009011597,
      "provided": 67.30296703332094,
      "V_model": 156.32414007915824
    },
    {
      "R": 21.35,
      "V_obs": 165.0,
      "V_GR": 136.81627278946024,
      "V_required": 92.22964545090696,
      "capacity": 7.4016898049143425,
      "provided": 72.56459748507169,
      "V_model": 154.86869699255067
    },
    {
      "R": 22.57,
      "V_obs": 165.0,
      "V_GR": 133.22192649860608,
      "V_required": 97.3494648161971,
      "capacity": 6.056914360497678,
      "provided": 40.14175824034584,
      "V_model": 139.13821349516593
    },
    {
      "R": 23.89,
      "V_obs": 165.0,
      "V_GR": 129.75872725947954,
      "V_required": 101.9199327904017,
      "capacity": 4.234066817879816,
      "provided": 42.026376926356726,
      "V_model": 136.3948080300574
    },
    {
      "R": 25.11,
      "V_obs": 163.0,
      "V_GR": 127.03717920357016,
      "V_required": 102.13008910208588,
      "capacity": 3.086870060785436,
      "provided": 42.11303424771167,
      "V_model": 133.83554293814828
    },
    {
      "R": 26.33,
      "V_obs": 162.0,
      "V_GR": 124.66476727608327,
      "V_required": 103.4538341483775,
      "capacity": 2.2668882180775465,
      "provided": 50.243440515495834,