{
  "galaxy": "NGC1003",
  "alpha": 2.8271,
  "gamma": 0.8579,
  "alpha_eff": 2.8271,
  "gamma_eff": 0.8579,
  "alpha_scaling": "constant",
  "gamma_scaling": "constant",
  "shell_mode": "gravity_adaptive",
  "shell_parameters": {
    "R_coh": 90.72,
    "R_stop": 120.96,
    "r_factor": 4.0,
    "n_shell_min": 8,
    "n_shell_max": 40,
    "g_floor": 1e-05,
    "coh_radius_factor": 3.0,
    "spillover_mode": "hybrid",
    "spill_weights": [
      0.20685570493436103,
      0.26853249636064824,
      0.22958941309870326,
      0.1463773331582961,
      0.09476398764255045,
      0.053881064805440804,
      0.0,
      0.0,
      0.0,
      0.0,
      0.0,
      0.0,
      0.0,
      0.0,
      0.0,
      0.0,
      0.0,
      0.0,
      0.0,
      0.0,
      0.0,
      0.0,
      0.0,
      0.0,
      0.0,
      0.0,
      0.0,
      0.0,
      0.0,
      0.0,
      0.0,
      0.0,
      0.0,
      0.0,
      0.0,
      0.0,
      0.0,
      0.0,
      0.0,
      0.0
    ]
  },
  "budget_factor": 1.0,
  "spillover_mode": "hybrid",
  "spillover_params": {
    "alpha": 0.4,
    "beta": 1.0,
    "gamma": 0.8,
    "delta": 1.8,
    "gcut": 1e-05
  },
  "shell_profile": {
    "centers": [
      2.7925862068965515,
      5.877758620689654,
      8.962931034482759,
      12.048103448275862,
      15.133275862068963,
      18.218448275862066,
      21.303620689655173,
      24.388793103448275,
      27.47396551724138,
      30.559137931034478,
      33.64431034482759,
      36.72948275862069,
      39.814655172413794,
      42.8998275862069,
      45.985,
      49.0701724137931,
      52.155344827586205,
      55.24051724137931,
      58.32568965517241,
      61.410862068965514,
      64.49603448275862,
      67.58120689655172,
      70.66637931034484,
      73.75155172413793,
      76.83672413793104,
      79.92189655172413,
      83.00706896551725,
      86.09224137931034,
      89.17741379310345,
      91.92194492975096,
      94.35768381072893,
      96.8579646669756,
      99.42449772556176,
      102.05903853099107,
      104.76338914601712,
      107.53939938427949,
      110.38896807560218,
      113.31404436481975,
      116.3166290450197,
      119.39877592611279
    ],
    "mass": [
      3943.607169933242,
      1213.6917844047684,
      299.94737724951784,
      49.73538236824664,
      10.329601227833168,
      1.7517990850423961,
      0.0,
      0.0,
      0.0,
      0.0,
      0.0,
      0.0,
      0.0,
      0.0,
      0.0,
      0.0,
      0.0,
      0.0,
      0.0,
      0.0,
      0.0,
      0.0,
      0.0,
      0.0,
      0.0,
      0.0,
      0.0,
      0.0,
      0.0,
      0.0,
      0.0,
      0.0,
      0.0,
      0.0,
      0.0,
      0.0,
      0.0,
      0.0,
      0.0,
      0.0
    ]
  },
  "scaling_params": {
    "mass_ref": 60000000000.0,
    "sigma_ref": 30.0,
    "alpha_beta": 0.0,
    "gamma_beta": 0.0,
    "alpha_min": 0.01,
    "alpha_max": 100.0,
    "gamma_min": -5.0,
    "gamma_max": 5.0
  },
  "force_match": false,
  "rms_velocity": 71.81364128936383,
  "n_points": 36,
  "data": [
    {
      "R": 1.25,
      "V_obs": 47.0,
      "V_GR": 57.01686504886076,
      "V_required": 0.0,
      "capacity": 86.86398461770055,
      "provided": 139.41104835631842,
      "V_model": 150.6199299688051
    },
    {
      "R": 2.08,
      "V_obs": 59.5,
      "V_GR": 64.91441904538621,
      "V_required": 0.0,
      "capacity": 82.3147165302991,
      "provided": 139.41104835631842,
      "V_model": 153.78336127100275
    },
    {
      "R": 2.9,
      "V_obs": 71.6,
      "V_GR": 75.68595774646707,
      "V_required": 0.0,
      "capacity": 68.74561659961489,
      "provided": 139.41104835631842,
      "V_model": 158.63103291540327
    },
    {
      "R": 3.73,
      "V_obs": 77.6,
      "V_GR": 79.09558584396477,
      "V_required": 0.0,
      "capacity": 59.60834449324456,
      "provided": 139.41104835631842,
      "V_model": 160.28584498890646
    },
    {
      "R": 4.56,
      "V_obs": 83.4,
      "V_GR": 81.36574770749667,
      "V_required": 18.307787960319025,
      "capacity": 44.77460009394734,
      "provided": 75.27990702723945,
      "V_model": 110.84876770641077
    },
    {
      "R": 5.39,
      "V_obs": 89.7,
      "V_GR": 81.69283750733598,
      "V_required": 37.04551659782867,
      "capacity": 25.305652727992516,
      "provided": 152.3276897954635,
      "V_model": 172.85093224632303
    },
    {
      "R": 6.22,
      "V_obs": 93.8,
      "V_GR": 76.49868495601739,
      "V_required": 54.28067059276256,
      "capacity": 15.28459404490826,
      "provided": 223.19702655809925,
      "V_model": 235.94270801272256
    },
    {
      "R": 7.04,
      "V_obs": 99.0,
      "V_GR": 73.41334006840991,
      "V_required": 66.41898448485945,
      "capacity": 11.345801443730403,
      "provided": 273.1086348444222,
      "V_model": 282.8035447560443
    },
    {
      "R": 7.87,
      "V_obs": 103.0,
      "V_GR": 71.27428287959128,
      "V_required": 74.35708843143335,
      "capacity": 7.683825999201735,
      "provided": 156.5981470175442,
      "V_model": 172.05523255434107
    },
    {
      "R": 8.7,
      "V_obs": 100.0,
      "V_GR": 68.96441111181912,
      "V_required": 72.41484654406166,
      "capacity": 5.254146100442152,
      "provided": 152.50773025919128,
      "V_model": 167.37591758915093
    },
    {
      "R": 9.54,
      "V_obs": 98.3,
      "V_GR": 66.5529278093759,
      "V_required": 72.3436092547227,
      "capacity": 2.963769686688402,
      "provided": 152.3577024979601,
      "V_model": 166.259320672427
    },
    {
      "R": 10.34,
      "V_obs": 98.4,
      "V_GR": 63.969531810073455,
      "V_required": 74.76937207172467,
      "capacity": 1.7642250356633555,
      "provided": 157.46642811188536,
      "V_model": 169.96404614598808
    },
    {
      "R": 11.21,
      "V_obs": 94.5,
      "V_GR": 62.062430664613835,
      "V_required": 71.26362817033666,
      "capacity": 1.1830792568732753,
      "provided": 128.6407311664203,
      "V_model": 142.82920925017828
    },
    {
      "R": 11.98,
      "V_obs": 94.9,
      "V_GR": 60.79630416398681,
      "V_required": 72.86850760102062,
      "capacity": 0.7430943993510023,
      "provided": 131.53776109175138,
      "V_model": 144.90815433587807
    },
    {
      "R": 12.85,
      "V_obs": 95.3,
      "V_GR": 59.46779380471416,
      "V_required": 74.46926547240815,
      "capacity": 0.46509816819193583,
      "provided": 134.4273510310047,
      "V_model": 146.99364341771027
    },
    {
      "R": 13.72,
      "V_obs": 96.9,
      "V_GR": 58.21111405908669,
      "V_required": 77.46661345379698,
      "capacity": 0.3019114343767406,
      "provided": 60.432660698603115,
      "V_model": 83.90852328048975
    },
    {
      "R": 14.49,
      "V_obs": 97.2,
      "V_GR": 57.09418359167596,
      "V_required": 78.66444050522446,
      "capacity": 0.19722311953363017,
      "provided": 61.367100356504245,
      "V_model": 83.81925080889988
    },
    {
      "R": 15.36,
      "V_obs": 100.0,
      "V_GR": 55.8984373663522,
      "V_required": 82.91781895346742,
      "capacity": 0.12401183899234103,
      "provided": 64.68521334899648,
      "V_model": 85.49159096662778
    },
    {
      "R": 16.13,
      "V_obs": 104.0,
      "V_GR": 54.746004420414096,
      "V_required": 88.42440274042002,
      "capacity": 0.0859640532777651,
      "provided": 68.98096728438456,
      "V_model": 88.06531012543664
    },
    {
      "R": 17.0,
      "V_obs": 104.0,
      "V_GR": 54.151558610994755,
      "V_required": 88.789688027383,
      "capacity": 0.044806243107268266,
      "provided": 34.47784036451402,
      "V_model": 64.1958937643282
    },
    {
      "R": 17.78,
      "V_obs": 105.0,
      "V_GR": 52.60509195885889,
      "V_required": 90.87191150184968,
      "capacity": 0.04641104197105101,
      "provided": 35.28638660621008,
      "V_model": 63.34370355230994
    },
    {
      "R": 18.65,
      "V_obs": 109.0,