{
  "galaxy": "NGC2903",
  "alpha": 2.8271,
  "gamma": 0.8579,
  "alpha_eff": 2.8271,
  "gamma_eff": 0.8579,
  "alpha_scaling": "constant",
  "gamma_scaling": "constant",
  "shell_mode": "gravity_adaptive",
  "shell_parameters": {
    "R_coh": 74.88,
    "R_stop": 99.84,
    "r_factor": 4.0,
    "n_shell_min": 8,
    "n_shell_max": 40,
    "g_floor": 1e-05,
    "coh_radius_factor": 3.0,
    "spillover_mode": "hybrid",
    "spill_weights": [
      0.07905637394344121,
      0.15414075300244012,
      0.1456004122147918,
      0.14687944104463252,
      0.13322062895531758,
      0.11005366330833172,
      0.08839445397389298,
      0.06822932365770733,
      0.05118850935520282,
      0.0232364405442421,
      0.0,
      0.0,
      0.0,
      0.0,
      0.0,
      0.0,
      0.0,
      0.0,
      0.0,
      0.0,
      0.0,
      0.0,
      0.0,
      0.0,
      0.0,
      0.0,
      0.0,
      0.0,
      0.0,
      0.0,
      0.0,
      0.0,
      0.0,
      0.0,
      0.0,
      0.0,
      0.0,
      0.0,
      0.0,
      0.0
    ]
  },
  "budget_factor": 1.0,
  "spillover_mode": "hybrid",
  "spillover_params": {
    "alpha": 0.4,
    "beta": 1.0,
    "gamma": 0.8,
    "delta": 1.8,
    "gcut": 1e-05
  },
  "shell_profile": {
    "centers": [
      1.6055172413793102,
      4.176551724137931,
      6.7475862068965515,
      9.318620689655173,
      11.889655172413793,
      14.460689655172413,
      17.031724137931036,
      19.602758620689656,
      22.173793103448276,
      24.744827586206895,
      27.315862068965515,
      29.88689655172414,
      32.45793103448276,
      35.02896551724138,
      37.6,
      40.17103448275862,
      42.74206896551724,
      45.31310344827586,
      47.88413793103448,
      50.4551724137931,
      53.02620689655173,
      55.59724137931035,
      58.16827586206897,
      60.73931034482759,
      63.310344827586206,
      65.88137931034483,
      68.45241379310345,
      71.02344827586207,
      73.59448275862069,
      75.87208152931824,
      77.88253266917306,
      79.94625655051952,
      82.06466478935253,
      84.23920640653228,
      86.47136881893474,
      88.76267885686558,
      91.11470380843352,
      93.52905249159723,
      96.0073763546194,
      98.5513706056804
    ],
    "mass": [
      42094.60421800683,
      20632.495867301346,
      5464.36738994837,
      2537.200762725593,
      1105.8421598609852,
      432.0565144635395,
      171.24803324231883,
      65.37204060093455,
      24.37419127217257,
      2.687873437135663,
      0.0,
      0.0,
      0.0,
      0.0,
      0.0,
      0.0,
      0.0,
      0.0,
      0.0,
      0.0,
      0.0,
      0.0,
      0.0,
      0.0,
      0.0,
      0.0,
      0.0,
      0.0,
      0.0,
      0.0,
      0.0,
      0.0,
      0.0,
      0.0,
      0.0,
      0.0,
      0.0,
      0.0,
      0.0,
      0.0
    ]
  },
  "scaling_params": {
    "mass_ref": 60000000000.0,
    "sigma_ref": 30.0,
    "alpha_beta": 0.0,
    "gamma_beta": 0.0,
    "alpha_min": 0.01,
    "alpha_max": 100.0,
    "gamma_min": -5.0,
    "gamma_max": 5.0
  },
  "force_match": false,
  "rms_velocity": 65.15853716296752,
  "n_points": 34,
  "data": [
    {
      "R": 0.32,
      "V_obs": 44.0,
      "V_GR": 197.82000025275502,
      "V_required": 0.0,
      "capacity": 1236.574979518249,
      "provided": 14.825371942807404,
      "V_model": 198.37475684482283
    },
    {
      "R": 0.64,
      "V_obs": 64.0,
      "V_GR": 204.19000220382975,
      "V_required": 0.0,
      "capacity": 909.9517530820312,
      "provided": 14.825371942807404,
      "V_model": 204.72749852729257
    },
    {
      "R": 0.96,
      "V_obs": 128.0,
      "V_GR": 209.11001530295005,
      "V_required": 0.0,
      "capacity": 1035.066446099681,
      "provided": 14.825371942807404,
      "V_model": 209.63489726961632
    },
    {
      "R": 1.28,
      "V_obs": 148.0,
      "V_GR": 219.11001118159803,
      "V_required": 0.0,
      "capacity": 1041.0497299345325,
      "provided": 14.825371942807404,
      "V_model": 219.61099392617527
    },
    {
      "R": 1.6,
      "V_obs": 157.0,
      "V_GR": 225.96685420654066,
      "V_required": 0.0,
      "capacity": 1081.045524392425,
      "provided": 14.825371942807404,
      "V_model": 226.4526680197047
    },
    {
      "R": 1.92,
      "V_obs": 189.0,
      "V_GR": 232.0775932743185,
      "V_required": 0.0,
      "capacity": 1146.1038611627541,
      "provided": 14.825371942807404,
      "V_model": 232.5506416960456
    },
    {
      "R": 2.24,
      "V_obs": 195.0,
      "V_GR": 251.39475034296163,
      "V_required": 0.0,
      "capacity": 1324.5624082861766,
      "provided": 14.825371942807404,
      "V_model": 251.83151540909765
    },
    {
      "R": 2.56,
      "V_obs": 201.0,
      "V_GR": 278.9189712084855,
      "V_required": 0.0,
      "capacity": 1363.8291239498276,
      "provided": 14.825371942807404,
      "V_model": 279.31269959177035
    },
    {
      "R": 2.88,
      "V_obs": 214.0,
      "V_GR": 292.1086333883338,
      "V_required": 0.0,
      "capacity": 1110.914338908464,
      "provided": 14.825371942807404,
      "V_model": 292.484607036409
    },
    {
      "R": 3.2,
      "V_obs": 215.0,
      "V_GR": 300.95614464569417,
      "V_required": 0.0,
      "capacity": 850.6902369290577,
      "provided": 65.03822818879908,
      "V_model": 307.9035110646488
    },
    {
      "R": 3.52,
      "V_obs": 215.0,
      "V_GR": 298.84349833985016,
      "V_required": 0.0,
      "capacity": 622.5187182387048,
      "provided": 65.03822818879908,
      "V_model": 305.83885892073675
    },
    {
      "R": 3.84,
      "V_obs": 216.0,
      "V_GR": 290.2695376714546,
      "V_required": 0.0,
      "capacity": 514.0255257231854,
      "provided": 65.03822818879908,
      "V_model": 297.466595815292
    },
    {
      "R": 4.8,
      "V_obs": 214.0,
      "V_GR": 275.7656086244258,
      "V_required": 0.0,
      "capacity": 331.8725820922822,
      "provided": 65.03822818879908,
      "V_model": 283.3313290582923
    },
    {
      "R": 5.76,
      "V_obs": 210.0,
      "V_GR": 257.16444116557017,
      "V_required": 0.0,
      "capacity": 164.99108181052253,
      "provided": 81.91294990286296,
      "V_model": 269.89494467623683
    },
    {
      "R": 6.72,
      "V_obs": 205.0,
      "V_GR": 238.07466265858702,
      "V_required": 0.0,
      "capacity": 114.51794503655113,
      "provided": 81.91294990286296,
      "V_model": 251.7722708357474
    },
    {
      "R": 7.68,
      "V_obs": 203.0,
      "V_GR": 222.79859290399477,
      "V_required": 0.0,
      "capacity": 81.52371075848606,
      "provided": 81.91294990286296,
      "V_model": 237.3793258937874
    },
    {
      "R": 8.64,
      "V_obs": 201.0,
      "V_GR": 211.12349016630054,
      "V_required": 0.0,
      "capacity": 65.75347745794694,
      "provided": 0.0,
      "V_model": 211.12349016630054
    },
    {
      "R": 9.6,
      "V_obs": 201.0,
      "V_GR": 201.14807282198853,
      "V_required": 0.0,
      "capacity": 42.83041811949685,
      "provided": 0.0,
      "V_model": 201.14807282198853
    },
    {
      "R": 10.56,
      "V_obs": 199.0,
      "V_GR": 192.5962876070045,
      "V_required": 50.07664126117084,
      "capacity": 33.11829253041832,
      "provided": 247.8975460241289,
      "V_model": 313.92120559908835
    },
    {
      "R": 11.52,
      "V_obs": 197.0,
      "V_GR": 185.36519765047592,
      "V_required": 66.69890179005945,
      "capacity": 23.21733260253486,
      "provided": 101.07083617337821,
      "V_model": 211.12927420134295
    },
    {
      "R": 12.48,
      "V_obs": 196.0,
      "V_GR": 178.16899169047346,
      "V_required": 81.6811508244099,
      "capacity": 16.812010276401953,
      "provided": 123.77388520446837,
      "V_model": 216.94276724198232
    },
    {
      "R": 13.44,
      "V_obs": 193.0,
      "V_GR": 171.26758537446602,
      "V_required": 88.97423334876223,
      "capacity": 11.557569889534696,