{
  "galaxy": "NGC2976",
  "alpha": 2.8271,
  "gamma": 0.8579,
  "alpha_eff": 2.8271,
  "gamma_eff": 0.8579,
  "alpha_scaling": "constant",
  "gamma_scaling": "constant",
  "shell_mode": "gravity_adaptive",
  "shell_parameters": {
    "R_coh": 6.8100000000000005,
    "R_stop": 9.08,
    "r_factor": 4.0,
    "n_shell_min": 8,
    "n_shell_max": 40,
    "g_floor": 1e-05,
    "coh_radius_factor": 3.0,
    "spillover_mode": "hybrid",
    "spill_weights": [
      0.001333024319386421,
      0.003288010095741444,
      0.005549814366212726,
      0.008038628691011868,
      0.010635388844595632,
      0.012802144108929539,
      0.013710526821519712,
      0.012889640793589481,
      0.012381437888894344,
      0.013343116386309096,
      0.015003497513038349,
      0.016654971193251794,
      0.018286746684411177,
      0.01988896243290695,
      0.021452617018997713,
      0.022969520099150587,
      0.024432256516172722,
      0.025834158885585105,
      0.02716928537116227,
      0.02843240032765772,
      0.02961895617384538,
      0.03072507535608102,
      0.0317475316282551,
      0.032683730145249154,
      0.03353168606911424,
      0.034290001538047364,
      0.03495784096073321,
      0.03553490468216342,
      0.03602140112856477,
      0.03295310729521972,
      0.0335365143792798,
      0.0340820297824453,
      0.03458511969214078,
      0.03504114628816401,
      0.03544540165974808,
      0.03579314717195195,
      0.03607965845382763,
      0.03630027608863268,
      0.03645046197289092,
      0.03652586117512093
    ]
  },
  "budget_factor": 1.0,
  "spillover_mode": "hybrid",
  "spillover_params": {
    "alpha": 0.4,
    "beta": 1.0,
    "gamma": 0.8,
    "delta": 1.8,
    "gcut": 1e-05
  },
  "shell_profile": {
    "centers": [
      0.22551724137931034,
      0.45655172413793105,
      0.6875862068965517,
      0.9186206896551725,
      1.1496551724137933,
      1.380689655172414,
      1.6117241379310348,
      1.8427586206896553,
      2.073793103448276,
      2.3048275862068968,
      2.5358620689655176,
      2.766896551724138,
      2.9979310344827588,
      3.228965517241379,
      3.46,
      3.691034482758621,
      3.9220689655172416,
      4.153103448275862,
      4.384137931034484,
      4.615172413793104,
      4.846206896551725,
      5.077241379310346,
      5.308275862068966,
      5.539310344827587,
      5.770344827586207,
      6.001379310344829,
      6.232413793103449,
      6.46344827586207,
      6.6944827586206905,
      6.900225363443607,
      7.083066873358289,
      7.270753300067282,
      7.46341302371115,
      7.661177826235109,
      7.864182981529724,
      8.072567347960133,
      8.286473463347122,
      8.506047642464974,
      8.73144007712284,
      8.962804938898017
    ],
    "mass": [
      117.87454653181516,
      194.95978662519536,
      262.70494700331864,
      327.01910384235646,
      383.5769398027331,
      395.2232755849464,
      327.6086294180805,
      207.27177577488817,
      144.4707157187393,
      138.9495189579698,
      152.87773225866368,
      166.80594555935812,
      180.7341588600523,
      194.66237216074603,
      208.59058546144058,
      222.51879876213474,
      236.44701206282937,
      250.37522536352307,
      264.3034386642173,
      278.2316519649114,
      292.1598652656045,
      306.08807856629977,
      320.0162918669939,
      333.944505167688,
      347.8727184683822,
      361.80093176907644,
      375.72914506977054,
      389.6573583704632,
      403.58557167115885,
      324.910473029767,
      342.3574984264945,
      360.74139327022675,
      380.1124655269829,
      400.52372459727644,
      422.03102637760367,
      444.6932261114444,
      468.5723394480214,
      493.7337121496178,
      520.2461989117912,
      548.1823517859231
    ]
  },
  "scaling_params": {
    "mass_ref": 60000000000.0,
    "sigma_ref": 30.0,
    "alpha_beta": 0.0,
    "gamma_beta": 0.0,
    "alpha_min": 0.01,
    "alpha_max": 100.0,
    "gamma_min": -5.0,
    "gamma_max": 5.0
  },
  "force_match": false,
  "rms_velocity": 3.684117537153559,
  "n_points": 27,
  "data": [
    {
      "R": 0.11,
      "V_obs": 6.8,
      "V_GR": 12.02680339907492,
      "V_required": 0.0,
      "capacity": 169.2526816822424,
      "provided": 0.02310176043361134,
      "V_model": 12.02682558663487
    },
    {
      "R": 0.17,
      "V_obs": 9.5,
      "V_GR": 15.5399871299818,
      "V_required": 0.0,
      "capacity": 235.87530999314748,
      "provided": 0.02310176043361134,
      "V_model": 15.540004301522414
    },
    {
      "R": 0.24,
      "V_obs": 14.0,
      "V_GR": 19.675652466945028,
      "V_required": 0.0,
      "capacity": 290.95681087609614,
      "provided": 0.02310176043361134,
      "V_model": 19.675666029167477
    },
    {
      "R": 0.31,
      "V_obs": 19.8,
      "V_GR": 23.294999463404157,
      "V_required": 0.0,
      "capacity": 334.6995813997018,
      "provided": 0.02310176043361134,
      "V_model": 23.29501091846353
    },
    {
      "R": 0.38,
      "V_obs": 26.1,
      "V_GR": 26.475214824435326,
      "V_required": 0.0,
      "capacity": 373.4293421023298,
      "provided": 0.07597642986746356,
      "V_model": 26.475323839717156
    },
    {
      "R": 0.45,
      "V_obs": 28.7,
      "V_GR": 29.4515279739439,
      "V_required": 0.0,
      "capacity": 414.9038790463744,
      "provided": 0.07597642986746356,
      "V_model": 29.451625972395743
    },
    {
      "R": 0.52,
      "V_obs": 28.7,
      "V_GR": 32.4975029809984,
      "V_required": 0.0,
      "capacity": 456.0949138229079,
      "provided": 0.07597642986746356,
      "V_model": 32.497591794129846
    },
    {
      "R": 0.59,
      "V_obs": 31.7,
      "V_GR": 35.56337020024959,
      "V_required": 0.0,
      "capacity": 490.57625834265565,
      "provided": 0.09618015221078266,
      "V_model": 35.56350025829403
    },
    {
      "R": 0.66,
      "V_obs": 35.5,
      "V_GR": 38.46211772640711,
      "V_required": 0.0,
      "capacity": 517.8187523089215,
      "provided": 0.09618015221078266,
      "V_model": 38.462237982489775
    },
    {
      "R": 0.73,
      "V_obs": 39.4,
      "V_GR": 41.246339231500286,
      "V_required": 0.0,
      "capacity": 546.550411678538,
      "provided": 0.09618015221078266,
      "V_model": 41.246451370047325
    },
    {
      "R": 0.8,
      "V_obs": 42.9,
      "V_GR": 44.00727212632022,
      "V_required": 0.0,
      "capacity": 570.8810601992632,
      "provided": 0.09618015221078266,
      "V_model": 44.00737722952459
    },
    {
      "R": 0.87,
      "V_obs": 46.0,
      "V_GR": 46.69099377824379,
      "V_required": 0.0,
      "capacity": 598.4732959921423,
      "provided": 0.18574952362958627,
      "V_model": 46.69136325794663
    },
    {
      "R": 0.94,
      "V_obs": 49.1,
      "V_GR": 49.63522942427082,
      "V_required": 0.0,
      "capacity": 640.3394174907585,
      "provided": 0.18574952362958627,
      "V_model": 49.63557698753514
    },
    {
      "R": 1.01,
      "V_obs": 49.2,
      "V_GR": 53.20930087869977,
      "V_required": 0.0,
      "capacity": 686.6138626779285,
      "provided": 0.18574952362958627,
      "V_model": 53.20962509626927
    },
    {
      "R": 1.08,
      "V_obs": 51.4,
      "V_GR": 56.94446592953524,
      "V_required": 0.0,
      "capacity": 694.6133769052469,
      "provided": 0.24575316107185252,
      "V_model": 56.94499622105683
    },
    {
      "R": 1.14,
      "V_obs": 57.2,
      "V_GR": 59.97477136263214,
      "V_required": 0.0,
      "capacity": 701.4716341263371,
      "provided": 0.24575316107185252,
      "V_model": 59.9752748606972
    },
    {
      "R": 1.21,
      "V_obs": 63.8,
      "V_GR": 63.85477977410932,
      "V_required": 0.0,
      "capacity": 731.9739276683712,
      "provided": 0.24575316107185252,
      "V_model": 63.855252678351974
    },
    {
      "R": 1.29,
      "V_obs": 67.8,
      "V_GR": 68.37915837446377,
      "V_required": 0.0,