{
  "galaxy": "NGC2366",
  "alpha": 2.8271,
  "gamma": 0.8579,
  "alpha_eff": 2.8271,
  "gamma_eff": 0.8579,
  "alpha_scaling": "constant",
  "gamma_scaling": "constant",
  "shell_mode": "gravity_adaptive",
  "shell_parameters": {
    "R_coh": 18.18,
    "R_stop": 24.24,
    "r_factor": 4.0,
    "n_shell_min": 8,
    "n_shell_max": 40,
    "g_floor": 1e-05,
    "coh_radius_factor": 3.0,
    "spillover_mode": "hybrid",
    "spill_weights": [
      0.048293108985502986,
      0.11786949316633619,
      0.14742382611541097,
      0.15848735290471577,
      0.143696374205774,
      0.12416849943480157,
      0.10126655197091997,
      0.07995036664052055,
      0.059243729785688475,
      0.01960069679032964,
      0.0,
      0.0,
      0.0,
      0.0,
      0.0,
      0.0,
      0.0,
      0.0,
      0.0,
      0.0,
      0.0,
      0.0,
      0.0,
      0.0,
      0.0,
      0.0,
      0.0,
      0.0,
      0.0,
      0.0,
      0.0,
      0.0,
      0.0,
      0.0,
      0.0,
      0.0,
      0.0,
      0.0,
      0.0,
      0.0
    ]
  },
  "budget_factor": 1.0,
  "spillover_mode": "hybrid",
  "spillover_params": {
    "alpha": 0.4,
    "beta": 1.0,
    "gamma": 0.8,
    "delta": 1.8,
    "gcut": 1e-05
  },
  "shell_profile": {
    "centers": [
      0.43137931034482757,
      1.0541379310344827,
      1.6768965517241379,
      2.299655172413793,
      2.9224137931034484,
      3.5451724137931038,
      4.167931034482758,
      4.790689655172414,
      5.413448275862069,
      6.036206896551724,
      6.658965517241379,
      7.281724137931034,
      7.904482758620689,
      8.527241379310343,
      9.149999999999999,
      9.772758620689654,
      10.39551724137931,
      11.018275862068965,
      11.64103448275862,
      12.263793103448275,
      12.88655172413793,
      13.509310344827584,
      14.13206896551724,
      14.754827586206895,
      15.37758620689655,
      16.000344827586204,
      16.623103448275863,
      17.245862068965515,
      17.868620689655174,
      18.4208659482239,
      18.9089802874675,
      19.410028633659792,
      19.92435371087646,
      20.45230732466289,
      20.99425060267406,
      21.550554241690925,
      22.121598761182177,
      22.707774763584908,
      23.309483201482116,
      23.927135651859903
    ],
    "mass": [
      73.37158442730265,
      75.36145345112052,
      43.17222875814319,
      24.916089564305764,
      11.557373429215852,
      5.425360769931274,
      2.419362592154749,
      1.0665558461566194,
      0.42364648134165694,
      0.023415508027823974,
      0.0,
      0.0,
      0.0,
      0.0,
      0.0,
      0.0,
      0.0,
      0.0,
      0.0,
      0.0,
      0.0,
      0.0,
      0.0,
      0.0,
      0.0,
      0.0,
      0.0,
      0.0,
      0.0,
      0.0,
      0.0,
      0.0,
      0.0,
      0.0,
      0.0,
      0.0,
      0.0,
      0.0,
      0.0,
      0.0
    ]
  },
  "scaling_params": {
    "mass_ref": 60000000000.0,
    "sigma_ref": 30.0,
    "alpha_beta": 0.0,
    "gamma_beta": 0.0,
    "alpha_min": 0.01,
    "alpha_max": 100.0,
    "gamma_min": -5.0,
    "gamma_max": 5.0
  },
  "force_match": false,
  "rms_velocity": 16.566356611045634,
  "n_points": 26,
  "data": [
    {
      "R": 0.12,
      "V_obs": 4.2,
      "V_GR": 3.9766946073340863,
      "V_required": 1.3512586724976077,
      "capacity": 9.316753928049796,
      "provided": 36.82598494869361,
      "V_model": 37.04007650425966
    },
    {
      "R": 0.36,
      "V_obs": 9.41,
      "V_GR": 11.2125331660602,
      "V_required": 0.0,
      "capacity": 21.830868619257874,
      "provided": 0.0,
      "V_model": 11.2125331660602
    },
    {
      "R": 0.59,
      "V_obs": 15.3,
      "V_GR": 15.973956929953205,
      "V_required": 0.0,
      "capacity": 24.796940426634702,
      "provided": 0.0,
      "V_model": 15.973956929953205
    },
    {
      "R": 0.83,
      "V_obs": 18.4,
      "V_GR": 20.121095894607727,
      "V_required": 0.0,
      "capacity": 26.62086347089509,
      "provided": 0.0,
      "V_model": 20.121095894607727
    },
    {
      "R": 1.07,
      "V_obs": 23.4,
      "V_GR": 23.16136869876217,
      "V_required": 3.3333166666249814,
      "capacity": 20.617647697788293,
      "provided": 19.157713771696898,
      "V_model": 30.05772774110287
    },
    {
      "R": 1.31,
      "V_obs": 28.1,
      "V_GR": 25.26232372526328,
      "V_required": 12.305486581196218,
      "capacity": 16.1091761255012,
      "provided": 70.72385054334141,
      "V_model": 75.10025323310764
    },
    {
      "R": 1.54,
      "V_obs": 33.1,
      "V_GR": 26.190007636501367,
      "V_required": 20.24088683827861,
      "capacity": 12.175200435039727,
      "provided": 49.63809791609356,
      "V_model": 56.12358920033261
    },
    {
      "R": 1.79,
      "V_obs": 37.5,
      "V_GR": 27.402541852901166,
      "V_required": 25.599818358730595,
      "capacity": 10.372223297757332,
      "provided": 62.78016869901871,
      "V_model": 68.49999183851958
    },
    {
      "R": 2.02,
      "V_obs": 40.5,
      "V_GR": 28.573597953355474,
      "V_required": 28.701907602108957,
      "capacity": 8.786922638335323,
      "provided": 37.03543951501618,
      "V_model": 46.776856243984824
    },
    {
      "R": 2.26,
      "V_obs": 42.3,
      "V_GR": 29.2724460884293,
      "V_required": 30.53545316513249,
      "capacity": 6.496263822212223,
      "provided": 39.4013507547414,
      "V_model": 49.08505415396993
    },
    {
      "R": 2.49,
      "V_obs": 45.2,
      "V_GR": 29.29297697401205,
      "V_required": 34.42326974591461,
      "capacity": 4.531786902006811,
      "provided": 44.41798580977354,
      "V_model": 53.20748033310019
    },
    {
      "R": 2.74,
      "V_obs": 47.4,
      "V_GR": 29.382499893644177,
      "V_required": 37.19447136336259,
      "capacity": 3.404227207467752,
      "provided": 35.91405912682742,
      "V_model": 46.40205752943781
    },
    {
      "R": 2.97,
      "V_obs": 48.1,
      "V_GR": 29.722188681185642,
      "V_required": 37.81800497117742,
      "capacity": 2.559961446694278,
      "provided": 36.51612771492098,
      "V_model": 47.08328879010492
    },
    {
      "R": 3.21,
      "V_obs": 48.8,
      "V_GR": 30.02493796829562,
      "V_required": 38.47002859369875,
      "capacity": 1.8747114399458804,
      "provided": 37.14570555466372,
      "V_model": 47.76295992873322
    },
    {
      "R": 3.44,
      "V_obs": 50.7,
      "V_GR": 30.246540298024172,
      "V_required": 40.68951707749799,
      "capacity": 1.3923230771486292,
      "provided": 46.387789431019115,
      "V_model": 55.377614685868956
    },
    {
      "R": 3.69,
      "V_obs": 52.1,
      "V_GR": 30.32618835264333,
      "V_required": 42.36428094515473,
      "capacity": 1.0131772318197936,
      "provided": 48.297091856299154,
      "V_model": 57.028824131098816
    },
    {
      "R": 3.92,
      "V_obs": 53.0,
      "V_GR": 30.403040966324404,
      "V_required": 43.412614526195036,
      "capacity": 0.7533116876941341,
      "provided": 25.95198547782312,
      "V_model": 39.9731215974077
    },
    {
      "R": 4.16,
      "V_obs": 53.7,
      "V_GR": 30.251112376241636,
      "V_required": 44.36845951799545,
      "capacity": 0.5373227385201577,
      "provided": 26.523387951896325,
      "V_model": 40.23207561693529
    },
    {
      "R": 4.4,
      "V_obs": 51.2,
      "V_GR": 30.131891742803006,
      "V_required": 41.39455398962526,
      "capacity": 0.3735445068461836,
      "provided": 24.745592398069185,
      "V_model": 38.99070713812946
    },
    {
      "R": 4.64,
      "V_obs": 51.6,
      "V_GR": 30.052196259175467,
      "V_required": 41.94550631474127,
      "capacity": 0.2718799969978682,
      "provided": 30.583418023354596,
      "V_model": 42.87749943724856
    },
    {
      "R": 4.87,
      "V_obs": 51.5,
      "V_GR": 30.262597376960226,
      "V_required": 41.67043556287839,
      "capacity": 0.20109460573761812,
      "provided": 30.38285771238597,