{
  "galaxy": "NGC2955",
  "alpha": 2.8271,
  "gamma": 0.8579,
  "alpha_eff": 2.8271,
  "gamma_eff": 0.8579,
  "alpha_scaling": "constant",
  "gamma_scaling": "constant",
  "shell_mode": "gravity_adaptive",
  "shell_parameters": {
    "R_coh": 106.28999999999999,
    "R_stop": 141.72,
    "r_factor": 4.0,
    "n_shell_min": 8,
    "n_shell_max": 40,
    "g_floor": 1e-05,
    "coh_radius_factor": 3.0,
    "spillover_mode": "hybrid",
    "spill_weights": [
      0.004581282432520029,
      0.008498333833280334,
      0.010730297311310304,
      0.013084069390537393,
      0.014301135766562834,
      0.014620666297180427,
      0.013667682376302519,
      0.013930753789156364,
      0.013671535862571636,
      0.013169395440385239,
      0.01475205008145279,
      0.016406498244328924,
      0.018036725214097025,
      0.01963206417370743,
      0.021182892759096423,
      0.022680583336963635,
      0.024117462086843493,
      0.025486772635443033,
      0.026782641636710715,
      0.02800004473638055,
      0.02913477203397596,
      0.030183392592646092,
      0.031143217829608143,
      0.03201226379917302,
      0.03278921249020376,
      0.03347337232307375,
      0.03406463806327914,
      0.034563450380530714,
      0.03497075528082799,
      0.03181727259017567,
      0.03232957837144983,
      0.03280277298228442,
      0.03323269974798642,
      0.03361514424176318,
      0.033945867675344875,
      0.034220644877242135,
      0.034435306937208233,
      0.034585788512224006,
      0.03466817968877332,
      0.03467878217739831
    ]
  },
  "budget_factor": 1.0,
  "spillover_mode": "hybrid",
  "spillover_params": {
    "alpha": 0.4,
    "beta": 1.0,
    "gamma": 0.8,
    "delta": 1.8,
    "gcut": 1e-05
  },
  "shell_profile": {
    "centers": [
      2.569655172413793,
      6.20896551724138,
      9.848275862068967,
      13.487586206896552,
      17.126896551724137,
      20.766206896551722,
      24.40551724137931,
      28.044827586206896,
      31.68413793103448,
      35.32344827586206,
      38.962758620689655,
      42.60206896551724,
      46.241379310344826,
      49.88068965517242,
      53.519999999999996,
      57.15931034482759,
      60.798620689655166,
      64.43793103448276,
      68.07724137931035,
      71.71655172413793,
      75.35586206896551,
      78.9951724137931,
      82.63448275862069,
      86.27379310344827,
      89.91310344827586,
      93.55241379310345,
      97.19172413793103,
      100.83103448275861,
      104.4703448275862,
      107.69823111313082,
      110.55200851237186,
      113.48140503144657,
      116.48842441854006,
      119.5751235169647,
      122.74361367206961,
      125.99606217543058,
      129.33469374730765,
      132.76179205838503,
      136.27970129183353,
      139.89082774676507
    ],
    "mass": [
      121950.60760694701,
      63474.5840106731,
      36345.17903107018,
      27652.35878454533,
      19414.486978133275,
      12996.79970819956,
      7549.825119650733,
      5780.35800009032,
      4216.071938128549,
      3045.1113561109114,
      3305.3889271485486,
      3614.1282603502495,
      3922.8675935519364,
      4231.60692675363,
      4540.346259955324,
      4849.085593157018,
      5157.82492635871,
      5466.564259560405,
      5775.30359276211,
      6084.042925963781,
      6392.782259165498,
      6701.521592367168,
      7010.2609255688885,
      7319.000258770582,
      7627.739591972246,
      7936.478925173971,
      8245.218258375633,
      8553.957591577358,
      8862.696924779018,
      7070.762976426087,
      7450.4484327722175,
      7850.522218672217,
      8272.079145568223,
      8716.272814029104,
      9184.318770606333,
      9677.49783420556,
      10197.159601078485,
      10744.726138024791,
      11321.695873911993,
      11929.647700162084
    ]
  },
  "scaling_params": {
    "mass_ref": 60000000000.0,
    "sigma_ref": 30.0,
    "alpha_beta": 0.0,
    "gamma_beta": 0.0,
    "alpha_min": 0.01,
    "alpha_max": 100.0,
    "gamma_min": -5.0,
    "gamma_max": 5.0
  },
  "force_match": false,
  "rms_velocity": 44.13416265587203,
  "n_points": 24,
  "data": [
    {
      "R": 0.75,
      "V_obs": 169.0,
      "V_GR": 171.66523963808163,
      "V_required": 0.0,
      "capacity": 1958.9950749276932,
      "provided": 0.38019607909000025,
      "V_model": 171.6656606577406
    },
    {
      "R": 1.55,
      "V_obs": 203.0,
      "V_GR": 236.27881199972205,
      "V_required": 0.0,
      "capacity": 2042.446042600699,
      "provided": 0.38019607909000025,
      "V_model": 236.27911788615293
    },
    {
      "R": 2.3,
      "V_obs": 232.0,
      "V_GR": 267.9236997729017,
      "V_required": 0.0,
      "capacity": 2044.5098987124977,
      "provided": 0.38019607909000025,
      "V_model": 267.92396953064605
    },
    {
      "R": 3.06,
      "V_obs": 256.0,
      "V_GR": 298.66169439685433,
      "V_required": 0.0,
      "capacity": 1779.0053596351202,
      "provided": 0.38019607909000025,
      "V_model": 298.6619363913965
    },
    {
      "R": 3.85,
      "V_obs": 248.0,
      "V_GR": 314.51692561768436,
      "V_required": 0.0,
      "capacity": 1393.2162416362426,
      "provided": 0.38019607909000025,
      "V_model": 314.51715541295766
    },
    {
      "R": 4.61,
      "V_obs": 253.0,
      "V_GR": 321.28695242726553,
      "V_required": 0.0,
      "capacity": 1158.336900958973,
      "provided": 0.7052682845475167,
      "V_model": 321.28772650593606
    },
    {
      "R": 5.36,
      "V_obs": 269.0,
      "V_GR": 322.54609143500716,
      "V_required": 0.0,
      "capacity": 991.6515954666536,
      "provided": 0.7052682845475167,
      "V_model": 322.546862491876
    },
    {
      "R": 6.12,
      "V_obs": 268.0,
      "V_GR": 322.34353553313275,
      "V_required": 0.0,
      "capacity": 917.375013492215,
      "provided": 0.7052682845475167,
      "V_model": 322.34430707452117
    },
    {
      "R": 6.91,
      "V_obs": 260.0,
      "V_GR": 322.81550907600456,
      "V_required": 0.0,
      "capacity": 864.5424516194605,
      "provided": 0.7052682845475167,
      "V_model": 322.8162794893609
    },
    {
      "R": 7.66,
      "V_obs": 245.0,
      "V_GR": 324.8590323509568,
      "V_required": 0.0,
      "capacity": 783.2805481104323,
      "provided": 0.7052682845475167,
      "V_model": 324.8597979180452
    },
    {
      "R": 8.42,
      "V_obs": 247.0,
      "V_GR": 322.7920057870083,
      "V_required": 0.0,
      "capacity": 624.7463439470878,
      "provided": 0.8904967168736795,
      "V_model": 322.7932341056776
    },
    {
      "R": 8.86,
      "V_obs": 267.0,
      "V_GR": 319.9504714795714,
      "V_required": 0.0,
      "capacity": 554.1769304331214,
      "provided": 0.8904967168736795,
      "V_model": 319.95171070710467
    },
    {
      "R": 9.21,
      "V_obs": 255.0,
      "V_GR": 317.06720076349745,
      "V_required": 0.0,
      "capacity": 516.390844289888,
      "provided": 0.8904967168736795,
      "V_model": 317.06845125998075
    },
    {
      "R": 10.82,
      "V_obs": 253.0,
      "V_GR": 304.838569410106,
      "V_required": 0.0,
      "capacity": 429.47639059623185,
      "provided": 0.8904967168736795,
      "V_model": 304.83987007017765
    },
    {
      "R": 11.56,
      "V_obs": 271.0,
      "V_GR": 299.7940506414362,
      "V_required": 0.0,
      "capacity": 387.82570885309843,
      "provided": 0.8904967168736795,
      "V_model": 299.79537318711704
    },
    {
      "R": 12.4,
      "V_obs": 276.0,
      "V_GR": 294.3198712285665,
      "V_required": 0.0,
      "capacity": 378.4710276505474,
      "provided": 2.714584810091851,
      "V_model": 294.3323896051727
    },
    {
      "R": 14.17,
      "V_obs": 275.0,
      "V_GR": 289.25547687122537,
      "V_required": 0.0,
      "capacity": 331.0428607842975,
      "provided": 2.714584810091851,
      "V_model": 289.26821441473857
    },
    {
      "R": 16.88,
      "V_obs": 275.0,
      "V_GR": 277.71005923444693,