{
  "galaxy": "NGC3893",
  "alpha": 2.8271,
  "gamma": 0.8579,
  "alpha_eff": 2.8271,
  "gamma_eff": 0.8579,
  "alpha_scaling": "constant",
  "gamma_scaling": "constant",
  "shell_mode": "gravity_adaptive",
  "shell_parameters": {
    "R_coh": 57.150000000000006,
    "R_stop": 76.2,
    "r_factor": 4.0,
    "n_shell_min": 8,
    "n_shell_max": 40,
    "g_floor": 1e-05,
    "coh_radius_factor": 3.0,
    "spillover_mode": "hybrid",
    "spill_weights": [
      0.08811740316838729,
      0.11721596516636805,
      0.1243683286254246,
      0.13575228182990615,
      0.1404803585306565,
      0.12820251938882285,
      0.10773839431159113,
      0.08921126393722158,
      0.06891348504162174,
      0.0,
      0.0,
      0.0,
      0.0,
      0.0,
      0.0,
      0.0,
      0.0,
      0.0,
      0.0,
      0.0,
      0.0,
      0.0,
      0.0,
      0.0,
      0.0,
      0.0,
      0.0,
      0.0,
      0.0,
      0.0,
      0.0,
      0.0,
      0.0,
      0.0,
      0.0,
      0.0,
      0.0,
      0.0,
      0.0,
      0.0
    ]
  },
  "budget_factor": 1.0,
  "spillover_mode": "hybrid",
  "spillover_params": {
    "alpha": 0.4,
    "beta": 1.0,
    "gamma": 0.8,
    "delta": 1.8,
    "gcut": 1e-05
  },
  "shell_profile": {
    "centers": [
      2.695344827586207,
      4.606034482758621,
      6.516724137931035,
      8.42741379310345,
      10.338103448275863,
      12.248793103448278,
      14.15948275862069,
      16.070172413793106,
      17.980862068965518,
      19.891551724137933,
      21.802241379310345,
      23.712931034482757,
      25.623620689655173,
      27.53431034482759,
      29.445,
      31.355689655172412,
      33.26637931034483,
      35.17706896551725,
      37.087758620689655,
      38.998448275862074,
      40.90913793103449,
      42.8198275862069,
      44.73051724137932,
      46.64120689655173,
      48.55189655172414,
      50.46258620689656,
      52.37327586206897,
      54.283965517241384,
      56.1946551724138,
      57.90717760951573,
      59.441596448227045,
      61.016674170168145,
      62.63348815052748,
      64.2931443126779,
      65.9967778846437,
      67.74555417561257,
      69.54066937302318,
      71.38335136077433,
      73.27486055911459,
      75.21649078678732
    ],
    "mass": [
      21129.223802009274,
      11424.524165266374,
      5653.912872903943,
      3776.5062911887217,
      2529.249819920504,
      1355.0212447744727,
      630.7895077162757,
      297.45170205688095,
      122.64763208437078,
      0.0,
      0.0,
      0.0,
      0.0,
      0.0,
      0.0,
      0.0,
      0.0,
      0.0,
      0.0,
      0.0,
      0.0,
      0.0,
      0.0,
      0.0,
      0.0,
      0.0,
      0.0,
      0.0,
      0.0,
      0.0,
      0.0,
      0.0,
      0.0,
      0.0,
      0.0,
      0.0,
      0.0,
      0.0,
      0.0,
      0.0
    ]
  },
  "scaling_params": {
    "mass_ref": 60000000000.0,
    "sigma_ref": 30.0,
    "alpha_beta": 0.0,
    "gamma_beta": 0.0,
    "alpha_min": 0.01,
    "alpha_max": 100.0,
    "gamma_min": -5.0,
    "gamma_max": 5.0
  },
  "force_match": false,
  "rms_velocity": 31.990887159217674,
  "n_points": 10,
  "data": [
    {
      "R": 1.74,
      "V_obs": 145.0,
      "V_GR": 202.95003744764375,
      "V_required": 0.0,
      "capacity": 729.6764993386645,
      "provided": 25.270464664086262,
      "V_model": 204.51727087055224
    },
    {
      "R": 3.5,
      "V_obs": 174.0,
      "V_GR": 211.19050972995922,
      "V_required": 0.0,
      "capacity": 418.50460547854425,
      "provided": 25.270464664086262,
      "V_model": 212.69703285269128
    },
    {
      "R": 5.24,
      "V_obs": 194.0,
      "V_GR": 213.28767076415832,
      "V_required": 0.0,
      "capacity": 245.94058137174986,
      "provided": 67.2308034348916,
      "V_model": 223.63276019067743
    },
    {
      "R": 6.98,
      "V_obs": 190.0,
      "V_GR": 192.71068314963753,
      "V_required": 0.0,
      "capacity": 111.26366911924869,
      "provided": 71.33313830990828,
      "V_model": 205.4892309128157
    },
    {
      "R": 8.81,
      "V_obs": 186.0,
      "V_GR": 179.1193973303841,
      "V_required": 50.12226551144703,
      "capacity": 94.69231218693166,
      "provided": 77.86255876143309,
      "V_model": 195.31087157881822
    },
    {
      "R": 10.9,
      "V_obs": 188.0,
      "V_GR": 167.31004303388366,
      "V_required": 85.7400110800086,
      "capacity": 49.935679708502576,
      "provided": 80.57441115152407,
      "V_model": 185.70106685858013
    },
    {
      "R": 13.12,
      "V_obs": 187.0,
      "V_GR": 154.31524390027062,
      "V_required": 105.62104667157958,
      "capacity": 20.04138274009368,
      "provided": 73.53229032115553,
      "V_model": 170.93914771015653
    },
    {
      "R": 15.33,
      "V_obs": 179.0,
      "V_GR": 141.67806358078164,
      "V_required": 109.39984597795372,
      "capacity": 8.081785483448424,
      "provided": 51.16832797843538,
      "V_model": 150.63489465628055
    },
    {
      "R": 17.3,
      "V_obs": 176.0,
      "V_GR": 133.5532889898261,
      "V_required": 114.62774097049979,
      "capacity": 4.28008718169693,
      "provided": 39.526262145866454,
      "V_model": 139.27959792885588
    },
    {
      "R": 19.05,
      "V_obs": 167.0,
      "V_GR": 127.33275344545095,
      "V_required": 108.05262560437853,
      "capacity": 0.0,
      "provided": 0.0,
      "V_model": 127.33275344545095
    }
  ]
}