{
  "galaxy": "NGC3992",
  "alpha": 2.8271,
  "gamma": 0.8579,
  "alpha_eff": 2.8271,
  "gamma_eff": 0.8579,
  "alpha_scaling": "constant",
  "gamma_scaling": "constant",
  "shell_mode": "gravity_adaptive",
  "shell_parameters": {
    "R_coh": 138.06,
    "R_stop": 184.08,
    "r_factor": 4.0,
    "n_shell_min": 8,
    "n_shell_max": 40,
    "g_floor": 1e-05,
    "coh_radius_factor": 3.0,
    "spillover_mode": "hybrid",
    "spill_weights": [
      0.13953167993283366,
      0.17090771453397932,
      0.1687352654734904,
      0.15043857579571487,
      0.11359224225379971,
      0.10259292376080568,
      0.08774383740955716,
      0.06645776083981916,
      0.0,
      0.0,
      0.0,
      0.0,
      0.0,
      0.0,
      0.0,
      0.0,
      0.0,
      0.0,
      0.0,
      0.0,
      0.0,
      0.0,
      0.0,
      0.0,
      0.0,
      0.0,
      0.0,
      0.0,
      0.0,
      0.0,
      0.0,
      0.0,
      0.0,
      0.0,
      0.0,
      0.0,
      0.0,
      0.0,
      0.0,
      0.0
    ]
  },
  "budget_factor": 1.0,
  "spillover_mode": "hybrid",
  "spillover_params": {
    "alpha": 0.4,
    "beta": 1.0,
    "gamma": 0.8,
    "delta": 1.8,
    "gcut": 1e-05
  },
  "shell_profile": {
    "centers": [
      11.411896551724137,
      15.855689655172414,
      20.29948275862069,
      24.743275862068966,
      29.18706896551724,
      33.63086206896551,
      38.0746551724138,
      42.51844827586207,
      46.96224137931034,
      51.40603448275862,
      55.8498275862069,
      60.29362068965517,
      64.73741379310346,
      69.18120689655173,
      73.625,
      78.06879310344829,
      82.51258620689654,
      86.95637931034483,
      91.40017241379311,
      95.84396551724137,
      100.28775862068966,
      104.73155172413794,
      109.1753448275862,
      113.61913793103449,
      118.06293103448277,
      122.50672413793103,
      126.95051724137932,
      131.3943103448276,
      135.8381034482759,
      139.88915031968054,
      143.59591960878788,
      147.40091051502043,
      151.30672570536882,
      155.316036812044,
      159.431586259911,
      163.656189142346,
      167.99273514679936,
      172.44419053138245,
      177.0136001538296,
      181.7040895542233
    ],
    "mass": [
      53948.34231535903,
      39951.87772833017,
      21309.242559451486,
      10009.90552934868,
      3385.897243248654,
      1908.7205196155148,
      985.4749621386384,
      390.2785016737275,
      0.0,
      0.0,
      0.0,
      0.0,
      0.0,
      0.0,
      0.0,
      0.0,
      0.0,
      0.0,
      0.0,
      0.0,
      0.0,
      0.0,
      0.0,
      0.0,
      0.0,
      0.0,
      0.0,
      0.0,
      0.0,
      0.0,
      0.0,
      0.0,
      0.0,
      0.0,
      0.0,
      0.0,
      0.0,
      0.0,
      0.0,
      0.0
    ]
  },
  "scaling_params": {
    "mass_ref": 60000000000.0,
    "sigma_ref": 30.0,
    "alpha_beta": 0.0,
    "gamma_beta": 0.0,
    "alpha_min": 0.01,
    "alpha_max": 100.0,
    "gamma_min": -5.0,
    "gamma_max": 5.0
  },
  "force_match": false,
  "rms_velocity": 46.94249558765428,
  "n_points": 9,
  "data": [
    {
      "R": 9.19,
      "V_obs": 248.0,
      "V_GR": 218.11,
      "V_required": 118.03401162376882,
      "capacity": 251.0870907857425,
      "provided": 178.34688049775212,
      "V_model": 281.74382315017925
    },
    {
      "R": 13.79,
      "V_obs": 264.0,
      "V_GR": 246.72749036132961,
      "V_required": 93.9230828923327,
      "capacity": 205.7745089362985,
      "provided": 218.4511628814912,
      "V_model": 329.5381086676863
    },
    {
      "R": 18.35,
      "V_obs": 272.0,
      "V_GR": 245.20560719526785,
      "V_required": 117.72089958881561,
      "capacity": 106.0217719631994,
      "provided": 215.6743776154858,
      "V_model": 326.5596836105571
    },
    {
      "R": 22.94,
      "V_obs": 271.0,
      "V_GR": 236.47687117348283,
      "V_required": 132.36196356959957,
      "capacity": 52.160815606189495,
      "provided": 192.28787837002793,
      "V_model": 304.78835077483956
    },
    {
      "R": 27.52,
      "V_obs": 264.0,
      "V_GR": 213.45875151888245,
      "V_required": 155.34272239149152,
      "capacity": 14.958065775922918,
      "provided": 145.1915583934925,
      "V_model": 258.1573691156829
    },
    {
      "R": 32.11,
      "V_obs": 242.0,
      "V_GR": 193.64141628277767,
      "V_required": 145.14476187585967,
      "capacity": 8.168499054622826,
      "provided": 131.13242757982337,
      "V_model": 233.86472941206335
    },
    {
      "R": 36.7,
      "V_obs": 244.0,
      "V_GR": 179.44411414142286,
      "V_required": 165.33544659267716,
      "capacity": 4.105376246872083,
      "provided": 112.15259281927489,
      "V_model": 211.60905976844674
    },
    {
      "R": 41.44,
      "V_obs": 241.0,
      "V_GR": 167.37552748236521,
      "V_required": 173.39674968118638,
      "capacity": 1.7004394818444355,
      "provided": 84.94511308365864,
      "V_model": 187.69720146234346
    },
    {
      "R": 46.02,
      "V_obs": 237.0,
      "V_GR": 157.69426432181987,
      "V_required": 176.92235302527493,
      "capacity": 0.0,
      "provided": 0.0,
      "V_model": 157.69426432181987
    }
  ]
}