{
  "galaxy": "NGC3972",
  "alpha": 2.8271,
  "gamma": 0.8579,
  "alpha_eff": 2.8271,
  "gamma_eff": 0.8579,
  "alpha_scaling": "constant",
  "gamma_scaling": "constant",
  "shell_mode": "gravity_adaptive",
  "shell_parameters": {
    "R_coh": 26.160000000000004,
    "R_stop": 34.88,
    "r_factor": 4.0,
    "n_shell_min": 8,
    "n_shell_max": 40,
    "g_floor": 1e-05,
    "coh_radius_factor": 3.0,
    "spillover_mode": "hybrid",
    "spill_weights": [
      0.003612778397817956,
      0.0064079495572831905,
      0.00919983136367193,
      0.011597750228231445,
      0.014459216372016824,
      0.01585088519904304,
      0.014932714267660787,
      0.0137951979050726,
      0.01320873900488961,
      0.01373512750990627,
      0.015324368707193623,
      0.016896627028877637,
      0.01844221757097069,
      0.019952417414924175,
      0.021419388198282107,
      0.022836112988229768,
      0.024196343699878956,
      0.02549455651414437,
      0.02672591343828699,
      0.02788622856626511,
      0.028971937869544214,
      0.029980071551504887,
      0.03090822816458049,
      0.03175454983454714,
      0.0325176980672887,
      0.03319682973171482,
      0.03379157291846157,
      0.034302002467298295,
      0.034728615036709674,
      0.031960699074875795,
      0.03250386206491074,
      0.0330098602408758,
      0.03347442213277365,
      0.03389318471163036,
      0.0342617255259643,
      0.0345755999508137,
      0.03483038371082648,
      0.03502172075163904,
      0.035145376426338845,
      0.03519729583505464
    ]
  },
  "budget_factor": 1.0,
  "spillover_mode": "hybrid",
  "spillover_params": {
    "alpha": 0.4,
    "beta": 1.0,
    "gamma": 0.8,
    "delta": 1.8,
    "gcut": 1e-05
  },
  "shell_profile": {
    "centers": [
      1.3060344827586208,
      2.178103448275862,
      3.0501724137931037,
      3.922241379310345,
      4.794310344827586,
      5.666379310344828,
      6.53844827586207,
      7.410517241379311,
      8.282586206896553,
      9.154655172413793,
      10.026724137931033,
      10.898793103448277,
      11.770862068965517,
      12.642931034482759,
      13.515,
      14.38706896551724,
      15.259137931034484,
      16.131206896551724,
      17.003275862068968,
      17.87534482758621,
      18.74741379310345,
      19.61948275862069,
      20.491551724137935,
      21.363620689655175,
      22.235689655172415,
      23.10775862068966,
      23.979827586206902,
      24.85189655172414,
      25.723965517241382,
      26.50659258556311,
      27.20896173378162,
      27.92994219232894,
      28.670027121921244,
      29.429722751000067,
      30.209548721999642,
      31.010038446789586,
      31.831739471536075,
      32.67521385123109,
      33.54103853414588,
      34.42980575647168
    ],
    "mass": [
      1469.7337863353393,
      1734.6186939699708,
      1875.3888180872332,
      1820.0744017187626,
      1956.6976004857543,
      1665.2098296620284,
      1034.357550438748,
      642.382576159346,
      453.40191074215215,
      405.8085676272607,
      444.4657372424693,
      483.12290685767715,
      521.780076472885,
      560.4372460880915,
      599.0944157033005,
      637.7515853185083,
      676.4087549337162,
      715.0659245489239,
      753.7230941641333,
      792.3802637793381,
      831.0374333945491,
      869.6946030097532,
      908.3517726249611,
      947.0089422401727,
      985.6661118553764,
      1024.3232814705887,
      1062.980451085792,
      1101.6376207009998,
      1140.2947903162121,
      933.9670535768954,
      984.1191670237569,
      1036.9643460060195,
      1092.6472026143663,
      1151.3201143118918,
      1213.1436409186244,
      1278.2869639873377,
      1346.9283497728604,
      1419.255637061938,
      1495.4667511986086,
      1575.770245711494
    ]
  },
  "scaling_params": {
    "mass_ref": 60000000000.0,
    "sigma_ref": 30.0,
    "alpha_beta": 0.0,
    "gamma_beta": 0.0,
    "alpha_min": 0.01,
    "alpha_max": 100.0,
    "gamma_min": -5.0,
    "gamma_max": 5.0
  },
  "force_match": false,
  "rms_velocity": 20.925042747727062,
  "n_points": 10,
  "data": [
    {
      "R": 0.87,
      "V_obs": 39.6,
      "V_GR": 48.19,
      "V_required": 0.0,
      "capacity": 166.09865121929352,
      "provided": 0.0,
      "V_model": 48.19
    },
    {
      "R": 1.74,
      "V_obs": 73.0,
      "V_GR": 61.47667037177599,
      "V_required": 39.36520036783759,
      "capacity": 183.90251749338861,
      "provided": 2.0802710032771268,
      "V_model": 61.5118568037665
    },
    {
      "R": 2.61,
      "V_obs": 89.4,
      "V_GR": 74.58906756355117,
      "V_required": 49.28317157001971,
      "capacity": 223.28927575865325,
      "provided": 3.689756244814222,
      "V_model": 74.6802738422011
    },
    {
      "R": 3.5,
      "V_obs": 102.0,
      "V_GR": 84.6387293146583,
      "V_required": 56.92350568965338,
      "capacity": 188.88780190776063,
      "provided": 6.678091165960369,
      "V_model": 84.90177502043687
    },
    {
      "R": 4.37,
      "V_obs": 110.0,
      "V_GR": 89.74743673219866,
      "V_required": 63.60344015853229,
      "capacity": 202.3170231838427,
      "provided": 8.325749668726884,
      "V_model": 90.13279374093709
    },
    {
      "R": 5.24,
      "V_obs": 116.0,
      "V_GR": 101.51681486335158,
      "V_required": 56.12785672017059,
      "capacity": 201.48181715608942,
      "provided": 9.127085368911507,
      "V_model": 101.9262840847806
    },
    {
      "R": 6.11,
      "V_obs": 123.0,
      "V_GR": 109.26379089158493,
      "V_required": 56.483838396482945,
      "capacity": 124.28871235237551,
      "provided": 8.598394108534153,
      "V_model": 109.60158931897692
    },
    {
      "R": 6.98,
      "V_obs": 130.0,
      "V_GR": 106.4420762668598,
      "V_required": 74.63299806385913,
      "capacity": 71.41461562304781,
      "provided": 7.943401733060833,
      "V_model": 106.73805896254997
    },
    {
      "R": 7.85,
      "V_obs": 134.0,
      "V_GR": 101.80751445743088,
      "V_required": 87.12766495206905,
      "capacity": 46.7271592766483,
      "provided": 7.605713308716478,
      "V_model": 102.09121840263434
    },
    {
      "R": 8.72,
      "V_obs": 134.0,
      "V_GR": 97.17928277158666,
      "V_required": 92.26151418657729,
      "capacity": 34.12550455022933,
      "provided": 7.908812647470809,
      "V_model": 97.5005759854412
    }
  ]
}