{
  "galaxy": "NGC3741",
  "alpha": 2.8271,
  "gamma": 0.8579,
  "alpha_eff": 2.8271,
  "gamma_eff": 0.8579,
  "alpha_scaling": "constant",
  "gamma_scaling": "constant",
  "shell_mode": "gravity_adaptive",
  "shell_parameters": {
    "R_coh": 21.0,
    "R_stop": 28.0,
    "r_factor": 4.0,
    "n_shell_min": 8,
    "n_shell_max": 40,
    "g_floor": 1e-05,
    "coh_radius_factor": 3.0,
    "spillover_mode": "hybrid",
    "spill_weights": [
      0.5345197310615645,
      0.35604288890482266,
      0.10943738003361272,
      0.0,
      0.0,
      0.0,
      0.0,
      0.0,
      0.0,
      0.0,
      0.0,
      0.0,
      0.0,
      0.0,
      0.0,
      0.0,
      0.0,
      0.0,
      0.0,
      0.0,
      0.0,
      0.0,
      0.0,
      0.0,
      0.0,
      0.0,
      0.0,
      0.0,
      0.0,
      0.0,
      0.0,
      0.0,
      0.0,
      0.0,
      0.0,
      0.0,
      0.0,
      0.0,
      0.0,
      0.0
    ]
  },
  "budget_factor": 1.0,
  "spillover_mode": "hybrid",
  "spillover_params": {
    "alpha": 0.4,
    "beta": 1.0,
    "gamma": 0.8,
    "delta": 1.8,
    "gcut": 1e-05
  },
  "shell_profile": {
    "centers": [
      0.588103448275862,
      1.3043103448275861,
      2.02051724137931,
      2.7367241379310343,
      3.4529310344827584,
      4.1691379310344825,
      4.8853448275862075,
      5.601551724137931,
      6.317758620689656,
      7.033965517241379,
      7.750172413793103,
      8.466379310344827,
      9.182586206896552,
      9.898793103448277,
      10.614999999999998,
      11.331206896551723,
      12.047413793103448,
      12.763620689655173,
      13.479827586206895,
      14.19603448275862,
      14.912241379310345,
      15.62844827586207,
      16.34465517241379,
      17.060862068965516,
      17.77706896551724,
      18.493275862068966,
      19.209482758620688,
      19.925689655172413,
      20.641896551724138,
      21.278227992997905,
      21.84205643766873,
      22.420825154392496,
      23.01493002906522,
      23.624777437729414,
      24.250784524540997,
      24.89337948710173,
      25.55300186935235,
      26.230102862226794,
      26.925145612273074,
      27.638605538452033
    ],
    "mass": [
      16.57463617905403,
      1.1241761847286316,
      0.031421435603881165,
      0.0,
      0.0,
      0.0,
      0.0,
      0.0,
      0.0,
      0.0,
      0.0,
      0.0,
      0.0,
      0.0,
      0.0,
      0.0,
      0.0,
      0.0,
      0.0,
      0.0,
      0.0,
      0.0,
      0.0,
      0.0,
      0.0,
      0.0,
      0.0,
      0.0,
      0.0,
      0.0,
      0.0,
      0.0,
      0.0,
      0.0,
      0.0,
      0.0,
      0.0,
      0.0,
      0.0,
      0.0
    ]
  },
  "scaling_params": {
    "mass_ref": 60000000000.0,
    "sigma_ref": 30.0,
    "alpha_beta": 0.0,
    "gamma_beta": 0.0,
    "alpha_min": 0.01,
    "alpha_max": 100.0,
    "gamma_min": -5.0,
    "gamma_max": 5.0
  },
  "force_match": false,
  "rms_velocity": 48.11048105887638,
  "n_points": 21,
  "data": [
    {
      "R": 0.23,
      "V_obs": 13.1,
      "V_GR": 11.855905701379376,
      "V_required": 5.572028355993891,
      "capacity": 27.605416437245943,
      "provided": 37.36505268513833,
      "V_model": 39.20088853792938
    },
    {
      "R": 0.47,
      "V_obs": 17.3,
      "V_GR": 14.670272662769428,
      "V_required": 9.16913845462048,
      "capacity": 14.122039454843712,
      "provided": 61.48664714989791,
      "V_model": 63.21253576416666
    },
    {
      "R": 0.7,
      "V_obs": 23.6,
      "V_GR": 14.647337642042666,
      "V_required": 18.504472432360778,
      "capacity": 5.504260912372317,
      "provided": 124.08777256168874,
      "V_model": 124.94926890270864
    },
    {
      "R": 0.93,
      "V_obs": 26.2,
      "V_GR": 14.253592529604598,
      "V_required": 21.983518826611903,
      "capacity": 3.076507752695768,
      "provided": 147.41765236666086,
      "V_model": 148.10512863941503
    },
    {
      "R": 1.17,
      "V_obs": 27.4,
      "V_GR": 13.660179354605853,
      "V_required": 23.752042017477148,
      "capacity": 0.9896039372488561,
      "provided": 82.01566186419969,
      "V_model": 83.14547065849551
    },
    {
      "R": 1.4,
      "V_obs": 26.9,
      "V_GR": 13.13864528785217,
      "V_required": 23.47309097669073,
      "capacity": 0.36024330225584544,
      "provided": 81.05244555543048,
      "V_model": 82.11043131366453
    },
    {
      "R": 1.64,
      "V_obs": 27.4,
      "V_GR": 12.815030237966667,
      "V_required": 24.218484675965996,
      "capacity": 0.12358050310995604,
      "provided": 83.62628562991677,
      "V_model": 84.60248606427842
    },
    {
      "R": 1.87,
      "V_obs": 31.0,
      "V_GR": 12.514415687518136,
      "V_required": 28.361759465872353,
      "capacity": 0.04601845739869157,
      "provided": 24.157627349476762,
      "V_model": 27.20664549620529
    },
    {
      "R": 2.1,
      "V_obs": 32.5,
      "V_GR": 12.28639084515872,
      "V_required": 30.08811393224906,
      "capacity": 0.0,
      "provided": 25.62808012311432,
      "V_model": 28.421011431628667
    },
    {
      "R": 2.33,
      "V_obs": 33.0,
      "V_GR": 12.42145321610962,
      "V_required": 30.57298644228267,
      "capacity": 0.0,
      "provided": 26.04107880972585,
      "V_model": 28.851867973743964
    },
    {
      "R": 2.57,
      "V_obs": 36.5,
      "V_GR": 12.700744072691176,
      "V_required": 34.21901664279674,
      "capacity": 0.0,
      "provided": 0.0,
      "V_model": 12.700744072691176
    },
    {
      "R": 2.8,
      "V_obs": 38.9,
      "V_GR": 13.079097828214298,
      "V_required": 36.63532721295116,
      "capacity": 0.0,
      "provided": 0.0,
      "V_model": 13.079097828214298
    },
    {
      "R": 3.26,
      "V_obs": 41.5,
      "V_GR": 13.46596079008104,
      "V_required": 39.25452712745372,
      "capacity": 0.0,
      "provided": 0.0,
      "V_model": 13.46596079008104
    },
    {
      "R": 3.73,
      "V_obs": 42.7,
      "V_GR": 13.656430719628025,
      "V_required": 40.45728488171197,
      "capacity": 0.0,
      "provided": 0.0,
      "V_model": 13.656430719628025
    },
    {
      "R": 4.21,
      "V_obs": 44.7,
      "V_GR": 14.191166266378533,
      "V_required": 42.387507593629515,
      "capacity": 0.0,
      "provided": 0.0,
      "V_model": 14.191166266378533
    },
    {
      "R": 4.67,
      "V_obs": 46.7,
      "V_GR": 14.474480992422492,
      "V_required": 44.40021846793099,
      "capacity": 0.0,
      "provided": 0.0,
      "V_model": 14.474480992422492
    },
    {
      "R": 5.14,
      "V_obs": 48.5,
      "V_GR": 14.680776546218526,
      "V_required": 46.224720658972075,
      "capacity": 0.0,
      "provided": 0.0,
      "V_model": 14.680776546218526
    },
    {
      "R": 5.61,
      "V_obs": 50.0,
      "V_GR": 14.612888147111782,
      "V_required": 47.81697920195294,
      "capacity": 0.0,
      "provided": 0.0,
      "V_model": 14.612888147111782
    },
    {
      "R": 6.07,
      "V_obs": 50.2,
      "V_GR": 14.46167694287215,
      "V_required": 48.07182022765521,
      "capacity": 0.0,
      "provided": 0.0,
      "V_model": 14.46167694287215
    },
    {
      "R": 6.54,
      "V_obs": 50.1,
      "V_GR": 14.21290258884511,
      "V_required": 48.04168398380723,
      "capacity": 0.0,
      "provided": 0.0,
      "V_model": 14.21290258884511
    },
    {
      "R": 7.0,
      "V_obs": 51.6,
      "V_GR": 13.967648334633859,
      "V_required": 49.6735825162631,
      "capacity": 0.0,
      "provided": 0.0,
      "V_model": 13.967648334633859
    }
  ]
}