{
  "galaxy": "NGC3877",
  "alpha": 2.8271,
  "gamma": 0.8579,
  "alpha_eff": 2.8271,
  "gamma_eff": 0.8579,
  "alpha_scaling": "constant",
  "gamma_scaling": "constant",
  "shell_mode": "gravity_adaptive",
  "shell_parameters": {
    "R_coh": 34.05,
    "R_stop": 45.4,
    "r_factor": 4.0,
    "n_shell_min": 8,
    "n_shell_max": 40,
    "g_floor": 1e-05,
    "coh_radius_factor": 3.0,
    "spillover_mode": "hybrid",
    "spill_weights": [
      0.0024933845249390974,
      0.004740956127087051,
      0.007326320102200296,
      0.01014663674339625,
      0.012726958376140688,
      0.013817664952355752,
      0.014610590035052964,
      0.014349415242151177,
      0.013273436429948545,
      0.013424184879464122,
      0.015039841275510194,
      0.016644560175743988,
      0.01822813715824087,
      0.019781257911264376,
      0.021295436497573397,
      0.02276296940348321,
      0.024176900109247633,
      0.025530990621762718,
      0.02681969748042348,
      0.028038150452972796,
      0.029182132627431422,
      0.03024806096036485,
      0.031232966607311757,
      0.032134474565446255,
      0.032950782318179175,
      0.03368063729716919,
      0.034323313076453935,
      0.03487858429140024,
      0.03534670033591018,
      0.03245528977942945,
      0.03302716185916786,
      0.03356164942503545,
      0.03405430315504176,
      0.034500572550741106,
      0.03489583923915596,
      0.035235455619624365,
      0.03551478902483118,
      0.03572927147471966,
      0.035874454990582574,
      0.03594607230304498
    ]
  },
  "budget_factor": 1.0,
  "spillover_mode": "hybrid",
  "spillover_params": {
    "alpha": 0.4,
    "beta": 1.0,
    "gamma": 0.8,
    "delta": 1.8,
    "gcut": 1e-05
  },
  "shell_profile": {
    "centers": [
      1.4420689655172414,
      2.586206896551724,
      3.7303448275862072,
      4.87448275862069,
      6.018620689655172,
      7.162758620689655,
      8.306896551724138,
      9.45103448275862,
      10.595172413793103,
      11.739310344827587,
      12.883448275862069,
      14.027586206896551,
      15.171724137931033,
      16.31586206896552,
      17.46,
      18.604137931034487,
      19.748275862068965,
      20.89241379310345,
      22.036551724137933,
      23.180689655172415,
      24.3248275862069,
      25.46896551724138,
      26.613103448275865,
      27.757241379310344,
      28.90137931034483,
      30.045517241379315,
      31.189655172413794,
      32.33379310344828,
      33.47793103448276,
      34.50112681721802,
      35.41533436679143,
      36.35376650033639,
      37.31706511855573,
      38.30588913117553,
      39.320914907648614,
      40.36283673980067,
      41.43236731673561,
      42.530238212324875,
      43.6572003856142,
      44.81402469449009
    ],
    "mass": [
      5900.520468395649,
      6899.180362848254,
      8312.704413858577,
      9785.416583880991,
      10397.037384528701,
      8473.280246121178,
      6919.367736451659,
      4945.3408111595945,
      3167.922544888135,
      2620.3689257233477,
      2875.7556045962747,
      3131.1422834692053,
      3386.528962342141,
      3641.9156412150783,
      3897.302320087998,
      4152.688998960929,
      4408.075677833858,
      4663.46235670679,
      4918.849035579736,
      5174.235714452651,
      5429.622393325583,
      5685.009072198513,
      5940.3957510714445,
      6195.782429944374,
      6451.169108817326,
      6706.555787690237,
      6961.942466563166,
      7217.329145436098,
      7472.715824309005,
      6073.001557653607,
      6399.109274104645,
      6742.728305466258,
      7104.798973400454,
      7486.312092911962,
      7888.311683737619,
      8311.897827329796,
      8758.229677258088,
      9228.528631257834,
      9724.081673616223,
      10246.244897033926
    ]
  },
  "scaling_params": {
    "mass_ref": 60000000000.0,
    "sigma_ref": 30.0,
    "alpha_beta": 0.0,
    "gamma_beta": 0.0,
    "alpha_min": 0.01,
    "alpha_max": 100.0,
    "gamma_min": -5.0,
    "gamma_max": 5.0
  },
  "force_match": false,
  "rms_velocity": 29.11083964909839,
  "n_points": 13,
  "data": [
    {
      "R": 0.87,
      "V_obs": 37.8,
      "V_GR": 101.87,
      "V_required": 0.0,
      "capacity": 399.9836704577895,
      "provided": 0.12405498250207547,
      "V_model": 101.87007553564827
    },
    {
      "R": 1.74,
      "V_obs": 80.1,
      "V_GR": 114.98,
      "V_required": 0.0,
      "capacity": 454.0939870135935,
      "provided": 0.12405498250207547,
      "V_model": 114.98006692309187
    },
    {
      "R": 2.61,
      "V_obs": 121.0,
      "V_GR": 122.0,
      "V_required": 0.0,
      "capacity": 498.87067142973837,
      "provided": 0.4717597494540136,
      "V_model": 122.0009121165133
    },
    {
      "R": 3.5,
      "V_obs": 142.0,
      "V_GR": 133.02219062998475,
      "V_required": 49.690007043670256,
      "capacity": 550.4475157156986,
      "provided": 0.7290223413135695,
      "V_model": 133.02418830263215
    },
    {
      "R": 4.37,
      "V_obs": 153.0,
      "V_GR": 144.6624941026526,
      "V_required": 49.81729418585478,
      "capacity": 603.8729832527471,
      "provided": 1.0096644388916975,
      "V_model": 144.66601751026107
    },
    {
      "R": 5.24,
      "V_obs": 160.0,
      "V_GR": 160.93874393694017,
      "V_required": 0.0,
      "capacity": 657.8439949685943,
      "provided": 0.0,
      "V_model": 160.93874393694017
    },
    {
      "R": 6.11,
      "V_obs": 162.0,
      "V_GR": 182.71027612041968,
      "V_required": 0.0,
      "capacity": 647.69698581742,
      "provided": 1.2664252808702583,
      "V_model": 182.7146650736936
    },
    {
      "R": 6.98,
      "V_obs": 167.0,
      "V_GR": 195.19184665349113,
      "V_required": 0.0,
      "capacity": 526.3055536801529,
      "provided": 1.3749585487027145,
      "V_model": 195.19668929316052
    },
    {
      "R": 7.85,
      "V_obs": 169.0,
      "V_GR": 199.63756785735495,
      "V_required": 0.0,
      "capacity": 438.89501928590744,
      "provided": 0.726930191879556,
      "V_model": 199.63889132006287
    },
    {
      "R": 8.72,
      "V_obs": 171.0,
      "V_GR": 202.8341009297993,
      "V_required": 0.0,
      "capacity": 363.69289851721544,
      "provided": 0.726930191879556,
      "V_model": 202.83540353573355
    },
    {
      "R": 9.6,
      "V_obs": 171.0,
      "V_GR": 203.86472696373934,
      "V_required": 0.0,
      "capacity": 257.7360423648262,
      "provided": 1.427871584968275,
      "V_model": 203.8697273193427
    },
    {
      "R": 10.47,
      "V_obs": 170.0,
      "V_GR": 197.38637465640835,
      "V_required": 0.0,
      "capacity": 176.9437656001655,
      "provided": 1.3208038371858413,
      "V_model": 197.39079366266384
    },
    {
      "R": 11.35,
      "V_obs": 169.0,
      "V_GR": 192.15082851759968,
      "V_required": 0.0,
      "capacity": 133.62386459284158,
      "provided": 1.3358044085616716,
      "V_model": 192.1554716197744
    }
  ]
}