{
  "galaxy": "NGC4389",
  "alpha": 2.8271,
  "gamma": 0.8579,
  "alpha_eff": 2.8271,
  "gamma_eff": 0.8579,
  "alpha_scaling": "constant",
  "gamma_scaling": "constant",
  "shell_mode": "gravity_adaptive",
  "shell_parameters": {
    "R_coh": 15.96,
    "R_stop": 21.28,
    "r_factor": 4.0,
    "n_shell_min": 8,
    "n_shell_max": 40,
    "g_floor": 1e-05,
    "coh_radius_factor": 3.0,
    "spillover_mode": "hybrid",
    "spill_weights": [
      0.005852451934440593,
      0.008276456404559712,
      0.010952926153901402,
      0.0135456909663395,
      0.015738679790832138,
      0.01712785375520042,
      0.017121368724914408,
      0.015997280088982498,
      0.012697458640090045,
      0.013809071213757698,
      0.015312156825243447,
      0.01679994189712008,
      0.018263816417627404,
      0.019695910235742728,
      0.02108905206568646,
      0.02243673758963046,
      0.02373310343789104,
      0.02497290490680402,
      0.026151495959962103,
      0.027264810505340357,
      0.028309344240686585,
      0.029282136567193567,
      0.03018075222013975,
      0.031003262375281834,
      0.031748225073893487,
      0.03241466487530023,
      0.03300205169846466,
      0.03351027885675423,
      0.03393964032450217,
      0.03153287406915791,
      0.03208514826885852,
      0.03260094791146288,
      0.033075968893494734,
      0.033505811453625384,
      0.033886012445730224,
      0.0342120827592341,
      0.03447955004902238,
      0.03468400684984057,
      0.03482116404255652,
      0.03488690951073377
    ]
  },
  "budget_factor": 1.0,
  "spillover_mode": "hybrid",
  "spillover_params": {
    "alpha": 0.4,
    "beta": 1.0,
    "gamma": 0.8,
    "delta": 1.8,
    "gcut": 1e-05
  },
  "shell_profile": {
    "centers": [
      1.1301724137931035,
      1.6505172413793103,
      2.1708620689655174,
      2.6912068965517246,
      3.211551724137931,
      3.7318965517241383,
      4.252241379310345,
      4.772586206896552,
      5.292931034482759,
      5.813275862068966,
      6.333620689655173,
      6.85396551724138,
      7.374310344827586,
      7.894655172413794,
      8.415,
      8.935344827586206,
      9.455689655172414,
      9.976034482758621,
      10.496379310344828,
      11.016724137931034,
      11.537068965517241,
      12.057413793103448,
      12.577758620689655,
      13.098103448275863,
      13.618448275862068,
      14.138793103448275,
      14.659137931034483,
      15.17948275862069,
      15.699827586206897,
      16.17145327467841,
      16.599962892628234,
      17.039827117338298,
      17.491346822089568,
      17.954830852674355,
      18.43059623865116,
      18.918968410197316,
      19.420281420707788,
      19.93487817529236,
      20.463110665327537,
      21.005340209223547
    ],
    "mass": [
      2487.1697697579657,
      2324.195872730382,
      2399.263142471636,
      2432.6927252684054,
      2328.8703242372208,
      2029.625697590322,
      1507.1481975099682,
      984.7727617027182,
      442.3689402661595,
      448.73302148325575,
      488.8989988488722,
      529.0649762144881,
      569.2309535801029,
      609.3969309457198,
      649.5629083113332,
      689.7288856769512,
      729.8948630425671,
      770.0608404081828,
      810.226817773796,
      850.3927951394144,
      890.5587725050301,
      930.7247498706461,
      970.8907272362618,
      1011.0567046018776,
      1051.2226819674897,
      1091.3886593331092,
      1131.5546366987248,
      1171.720614064341,
      1211.8865914299565,
      1014.5403319349214,
      1069.0190650216484,
      1126.4231942363767,
      1186.9098073456555,
      1250.644427406632,
      1317.8014657248145,
      1388.5646991347678,
      1463.1277729098138,
      1541.6947306769098,
      1624.480572786872,
      1711.711844668069
    ]
  },
  "scaling_params": {
    "mass_ref": 60000000000.0,
    "sigma_ref": 30.0,
    "alpha_beta": 0.0,
    "gamma_beta": 0.0,
    "alpha_min": 0.01,
    "alpha_max": 100.0,
    "gamma_min": -5.0,
    "gamma_max": 5.0
  },
  "force_match": false,
  "rms_velocity": 57.39781645079807,
  "n_points": 6,
  "data": [
    {
      "R": 0.87,
      "V_obs": 27.3,
      "V_GR": 86.64557749821972,
      "V_required": 0.0,
      "capacity": 743.4486591723307,
      "provided": 0.0,
      "V_model": 86.64557749821972
    },
    {
      "R": 1.74,
      "V_obs": 52.7,
      "V_GR": 117.37312511814619,
      "V_required": 0.0,
      "capacity": 654.0479010198688,
      "provided": 0.0,
      "V_model": 117.37312511814619
    },
    {
      "R": 2.71,
      "V_obs": 69.2,
      "V_GR": 132.53080245739102,
      "V_required": 0.0,
      "capacity": 663.0063982433436,
      "provided": 0.0,
      "V_model": 132.53080245739102
    },
    {
      "R": 3.58,
      "V_obs": 83.5,
      "V_GR": 143.57868435112505,
      "V_required": 0.0,
      "capacity": 550.58538372484,
      "provided": 0.0,
      "V_model": 143.57868435112505
    },
    {
      "R": 4.45,
      "V_obs": 95.9,
      "V_GR": 154.39251601032998,
      "V_required": 0.0,
      "capacity": 304.3414704131261,
      "provided": 0.0,
      "V_model": 154.39251601032998
    },
    {
      "R": 5.32,
      "V_obs": 110.0,
      "V_GR": 141.95202710775214,
      "V_required": 0.0,
      "capacity": 93.7633356665792,
      "provided": 0.0,
      "V_model": 141.95202710775214
    }
  ]
}