{
  "galaxy": "NGC4100",
  "alpha": 2.8271,
  "gamma": 0.8579,
  "alpha_eff": 2.8271,
  "gamma_eff": 0.8579,
  "alpha_scaling": "constant",
  "gamma_scaling": "constant",
  "shell_mode": "gravity_adaptive",
  "shell_parameters": {
    "R_coh": 68.28,
    "R_stop": 91.04,
    "r_factor": 4.0,
    "n_shell_min": 8,
    "n_shell_max": 40,
    "g_floor": 1e-05,
    "coh_radius_factor": 3.0,
    "spillover_mode": "hybrid",
    "spill_weights": [
      0.10628896542161734,
      0.17470216539685426,
      0.1532858793576732,
      0.1284822676380486,
      0.13137472932131697,
      0.10350026921724667,
      0.09512396093508613,
      0.05970658879588813,
      0.047535173916268755,
      0.0,
      0.0,
      0.0,
      0.0,
      0.0,
      0.0,
      0.0,
      0.0,
      0.0,
      0.0,
      0.0,
      0.0,
      0.0,
      0.0,
      0.0,
      0.0,
      0.0,
      0.0,
      0.0,
      0.0,
      0.0,
      0.0,
      0.0,
      0.0,
      0.0,
      0.0,
      0.0,
      0.0,
      0.0,
      0.0,
      0.0
    ]
  },
  "budget_factor": 1.0,
  "spillover_mode": "hybrid",
  "spillover_params": {
    "alpha": 0.4,
    "beta": 1.0,
    "gamma": 0.8,
    "delta": 1.8,
    "gcut": 1e-05
  },
  "shell_profile": {
    "centers": [
      3.742241379310345,
      6.006724137931035,
      8.271206896551725,
      10.535689655172416,
      12.800172413793105,
      15.064655172413795,
      17.329137931034484,
      19.593620689655175,
      21.858103448275862,
      24.122586206896557,
      26.387068965517244,
      28.65155172413793,
      30.916034482758626,
      33.18051724137931,
      35.44500000000001,
      37.709482758620695,
      39.97396551724138,
      42.23844827586207,
      44.50293103448276,
      46.76741379310346,
      49.031896551724145,
      51.29637931034483,
      53.56086206896552,
      55.825344827586214,
      58.0898275862069,
      60.354310344827596,
      62.61879310344828,
      64.88327586206897,
      67.14775862068966,
      69.18463844580461,
      71.01788636019147,
      72.89971150199617,
      74.83140106593204,
      76.81427635467448,
      78.84969368265044,
      80.93904530377648,
      83.08376036377993,
      85.28530587775454,
      87.54518773361931,
      89.86495172216691
    ],
    "mass": [
      17572.064435497323,
      18864.27383165203,
      6221.501675398366,
      2234.4072529820023,
      1490.976947882431,
      563.7890055897604,
      333.18228664693834,
      79.56377999279209,
      35.74663010101152,
      0.0,
      0.0,
      0.0,
      0.0,
      0.0,
      0.0,
      0.0,
      0.0,
      0.0,
      0.0,
      0.0,
      0.0,
      0.0,
      0.0,
      0.0,
      0.0,
      0.0,
      0.0,
      0.0,
      0.0,
      0.0,
      0.0,
      0.0,
      0.0,
      0.0,
      0.0,
      0.0,
      0.0,
      0.0,
      0.0,
      0.0
    ]
  },
  "scaling_params": {
    "mass_ref": 60000000000.0,
    "sigma_ref": 30.0,
    "alpha_beta": 0.0,
    "gamma_beta": 0.0,
    "alpha_min": 0.01,
    "alpha_max": 100.0,
    "gamma_min": -5.0,
    "gamma_max": 5.0
  },
  "force_match": false,
  "rms_velocity": 51.809217367751884,
  "n_points": 24,
  "data": [
    {
      "R": 2.61,
      "V_obs": 120.0,
      "V_GR": 126.30913070716623,
      "V_required": 0.0,
      "capacity": 264.30232000534045,
      "provided": 0.0,
      "V_model": 126.30913070716623
    },
    {
      "R": 3.5,
      "V_obs": 148.0,
      "V_GR": 135.4582518711946,
      "V_required": 59.624340667214135,
      "capacity": 325.46452559636003,
      "provided": 88.82096553276014,
      "V_model": 161.98179502083485
    },
    {
      "R": 4.37,
      "V_obs": 168.0,
      "V_GR": 153.08583507300733,
      "V_required": 69.20062933239842,
      "capacity": 365.2011301445392,
      "provided": 103.08653553225874,
      "V_model": 184.5592227661453
    },
    {
      "R": 5.24,
      "V_obs": 182.0,
      "V_GR": 178.7321593894059,
      "V_required": 34.33387831282694,
      "capacity": 378.6827828506271,
      "provided": 315.4293191110427,
      "V_model": 362.54770741911466
    },
    {
      "R": 6.11,
      "V_obs": 190.0,
      "V_GR": 197.8120491780013,
      "V_required": 0.0,
      "capacity": 330.31305412436075,
      "provided": 0.0,
      "V_model": 197.8120491780013
    },
    {
      "R": 6.98,
      "V_obs": 194.0,
      "V_GR": 208.15997814181284,
      "V_required": 0.0,
      "capacity": 214.6243997373484,
      "provided": 0.0,
      "V_model": 208.15997814181284
    },
    {
      "R": 7.85,
      "V_obs": 195.0,
      "V_GR": 200.25947293449065,
      "V_required": 0.0,
      "capacity": 123.95640290906648,
      "provided": 0.0,
      "V_model": 200.25947293449065
    },
    {
      "R": 8.72,
      "V_obs": 193.0,
      "V_GR": 192.80781649092964,
      "V_required": 8.61080135643618,
      "capacity": 83.75714009797395,
      "provided": 276.7616557315947,
      "V_model": 337.3008570746504
    },
    {
      "R": 9.6,
      "V_obs": 192.0,
      "V_GR": 181.98534995982507,
      "V_required": 61.19912090871894,
      "capacity": 48.75472773552724,
      "provided": 57.96981587815748,
      "V_model": 190.99520191080057
    },
    {
      "R": 10.47,
      "V_obs": 192.0,
      "V_GR": 171.5781017496114,
      "V_required": 86.16817858119087,
      "capacity": 36.4508080214129,
      "provided": 81.62132678929015,
      "V_model": 190.00285783862327
    },
    {
      "R": 11.35,
      "V_obs": 191.0,
      "V_GR": 164.22001644135833,
      "V_required": 97.53351321468945,
      "capacity": 34.24737677702791,
      "provided": 92.38694476410151,
      "V_model": 188.42388745285228
    },
    {
      "R": 12.19,
      "V_obs": 189.0,
      "V_GR": 159.81287182201564,
      "V_required": 100.90017839429225,
      "capacity": 30.916685347402087,
      "provided": 118.70452977526669,
      "V_model": 199.07516015105244
    },
    {
      "R": 13.12,
      "V_obs": 185.0,
      "V_GR": 155.1769857291989,
      "V_required": 100.72290255944773,
      "capacity": 19.03719752165362,
      "provided": 118.49597271470824,
      "V_model": 195.24649151676164
    },
    {
      "R": 13.94,
      "V_obs": 182.0,
      "V_GR": 150.1972319984626,
      "V_required": 102.78517159590679,
      "capacity": 13.0520002271166,
      "provided": 61.42165117767507,
      "V_model": 162.27084683760046
    },
    {
      "R": 14.86,
      "V_obs": 179.0,
      "V_GR": 145.1406369698025,
      "V_required": 104.76256726522121,
      "capacity": 9.011822049524225,
      "provided": 62.60328959063962,
      "V_model": 158.06636697150185
    },
    {
      "R": 15.68,
      "V_obs": 176.0,
      "V_GR": 141.12055838891797,
      "V_required": 105.17123180794259,
      "capacity": 6.8566242762297716,
      "provided": 62.84749651856497,
      "V_model": 154.48242559803055
    },
    {
      "R": 16.61,
      "V_obs": 174.0,
      "V_GR": 137.16320825935796,
      "V_required": 107.0619180661359,
      "capacity": 5.2814975700893925,
      "provided": 53.434600335157185,
      "V_model": 147.20394768136478
    },
    {
      "R": 17.42,
      "V_obs": 178.0,
      "V_GR": 133.94311815095242,
      "V_required": 117.23157040661019,
      "capacity": 4.78561259050165,
      "provided": 58.51027353601518,
      "V_model": 146.16501294516178
    },
    {
      "R": 18.35,
      "V_obs": 177.0,
      "V_GR": 130.27402580714238,
      "V_required": 119.82352940887696,
      "capacity": 3.0258698972592413,
      "provided": 59.80392020210313,
      "V_model": 143.34514526672857
    },
    {
      "R": 19.16,
      "V_obs": 169.0,
      "V_GR": 126.88241012843348,
      "V_required": 111.6326744282336,
      "capacity": 1.38653607380703,
      "provided": 57.15698075747223,
      "V_model": 139.16201510940422
    },
    {
      "R": 20.09,
      "V_obs": 158.0,
      "V_GR": 123.20734556023841,
      "V_required": 98.9138514061605,
      "capacity": 0.7960085480165835,
      "provided": 50.64482357362118,