{
  "galaxy": "NGC4217",
  "alpha": 2.8271,
  "gamma": 0.8579,
  "alpha_eff": 2.8271,
  "gamma_eff": 0.8579,
  "alpha_scaling": "constant",
  "gamma_scaling": "constant",
  "shell_mode": "gravity_adaptive",
  "shell_parameters": {
    "R_coh": 50.16,
    "R_stop": 66.88,
    "r_factor": 4.0,
    "n_shell_min": 8,
    "n_shell_max": 40,
    "g_floor": 1e-05,
    "coh_radius_factor": 3.0,
    "spillover_mode": "hybrid",
    "spill_weights": [
      0.019291793435578075,
      0.024852736264362758,
      0.022882072696085595,
      0.027397546224014798,
      0.02120610869231132,
      0.01680412975561841,
      0.01764492415485109,
      0.015710236652726778,
      0.013567311901137226,
      0.012390757413095288,
      0.013913581151526867,
      0.015422914094225035,
      0.01690815859003575,
      0.01835964498980972,
      0.019768585135124302,
      0.021127039677623718,
      0.022427893349230493,
      0.02366483436711065,
      0.024832335464671104,
      0.0259256348978321,
      0.026940716356488856,
      0.027874287114674587,
      0.028723754039725463,
      0.029487197288057817,
      0.03016334166674989,
      0.030751525751467817,
      0.0312516689327747,
      0.03166423662163382,
      0.03199020388598608,
      0.02919118991019176,
      0.02962521072507056,
      0.03001913204477543,
      0.030368972520907308,
      0.030670732524231904,
      0.030920432668256198,
      0.03111415695404482,
      0.03124810045592432,
      0.03131862135090496,
      0.03132229696031252,
      0.031255983320850236
    ]
  },
  "budget_factor": 1.0,
  "spillover_mode": "hybrid",
  "spillover_params": {
    "alpha": 0.4,
    "beta": 1.0,
    "gamma": 0.8,
    "delta": 1.8,
    "gcut": 1e-05
  },
  "shell_profile": {
    "centers": [
      1.7198275862068966,
      3.4194827586206893,
      5.119137931034483,
      6.818793103448276,
      8.518448275862069,
      10.218103448275862,
      11.917758620689654,
      13.617413793103449,
      15.317068965517242,
      17.016724137931035,
      18.716379310344827,
      20.416034482758622,
      22.115689655172417,
      23.81534482758621,
      25.515,
      27.214655172413796,
      28.914310344827587,
      30.613965517241382,
      32.313620689655174,
      34.013275862068966,
      35.71293103448276,
      37.41258620689655,
      39.11224137931035,
      40.81189655172413,
      42.51155172413793,
      44.21120689655172,
      45.910862068965514,
      47.61051724137931,
      49.3101724137931,
      50.82456743470356,
      52.171311948260154,
      53.55374236877749,
      54.97280429799576,
      56.429468394119375,
      57.92473103576078,
      59.45961500347728,
      61.03517017936734,
      62.652474265204575,
      64.31263351960084,
      66.01678351470258
    ],
    "mass": [
      48579.51115632122,
      16563.765349894788,
      4980.280993670963,
      3883.4207214639605,
      1199.259117300971,
      436.43346143959013,
      345.6420496237316,
      191.479285451426,
      102.58298141231073,
      65.42129668868911,
      71.95567101371532,
      78.49004533874124,
      85.02441966376747,
      91.55879398879337,
      98.09316831381962,
      104.6275426388455,
      111.16191696387155,
      117.69629128889787,
      124.23066561392342,
      130.7650399389497,
      137.29941426397636,
      143.83378858900184,
      150.36816291402792,
      156.90253723905394,
      163.43691156408002,
      169.9712858891068,
      176.50566021413215,
      183.04003453915823,
      189.57440886418428,
      152.80061841345247,
      161.0056979396241,
      169.6513733922381,
      178.76130386804812,
      188.36041890874003,
      198.47498672120568,
      209.13268606111393,
      220.36268197651114,
      232.19570561863586,
      244.66413833846534,
      257.8021002990433
    ]
  },
  "scaling_params": {
    "mass_ref": 60000000000.0,
    "sigma_ref": 30.0,
    "alpha_beta": 0.0,
    "gamma_beta": 0.0,
    "alpha_min": 0.01,
    "alpha_max": 100.0,
    "gamma_min": -5.0,
    "gamma_max": 5.0
  },
  "force_match": false,
  "rms_velocity": 64.44073966319893,
  "n_points": 19,
  "data": [
    {
      "R": 0.87,
      "V_obs": 47.8,
      "V_GR": 155.09683878145293,
      "V_required": 0.0,
      "capacity": 1608.4820011353795,
      "provided": 4.237170880977875,
      "V_model": 155.1547067190506
    },
    {
      "R": 1.74,
      "V_obs": 98.9,
      "V_GR": 221.59797517125466,
      "V_required": 0.0,
      "capacity": 1849.2351056285227,
      "provided": 4.237170880977875,
      "V_model": 221.638480903192
    },
    {
      "R": 2.61,
      "V_obs": 146.0,
      "V_GR": 265.3417705526214,
      "V_required": 0.0,
      "capacity": 1340.9987211775253,
      "provided": 5.458553698681839,
      "V_model": 265.39791070858377
    },
    {
      "R": 3.5,
      "V_obs": 164.0,
      "V_GR": 282.45307734206045,
      "V_required": 0.0,
      "capacity": 469.94655720801416,
      "provided": 5.458553698681839,
      "V_model": 282.50581712326095
    },
    {
      "R": 4.37,
      "V_obs": 174.0,
      "V_GR": 267.8266355312705,
      "V_required": 0.0,
      "capacity": 202.5449531411907,
      "provided": 5.025725184547496,
      "V_model": 267.8737848570304
    },
    {
      "R": 5.24,
      "V_obs": 175.0,
      "V_GR": 252.57150472687928,
      "V_required": 0.0,
      "capacity": 153.0678927117657,
      "provided": 5.025725184547496,
      "V_model": 252.6215012892422
    },
    {
      "R": 6.11,
      "V_obs": 184.0,
      "V_GR": 241.4189572092465,
      "V_required": 0.0,
      "capacity": 138.90084350832194,
      "provided": 6.0174853861202084,
      "V_model": 241.49393994544081
    },
    {
      "R": 6.98,
      "V_obs": 185.0,
      "V_GR": 232.1071829995789,
      "V_required": 0.0,
      "capacity": 114.70531567212049,
      "provided": 6.0174853861202084,
      "V_model": 232.18517293395843
    },
    {
      "R": 7.85,
      "V_obs": 188.0,
      "V_GR": 226.30387645818178,
      "V_required": 0.0,
      "capacity": 75.97789622091825,
      "provided": 4.6576232816283465,
      "V_model": 226.3518013063593
    },
    {
      "R": 8.72,
      "V_obs": 190.0,
      "V_GR": 214.35561550843494,
      "V_required": 0.0,
      "capacity": 22.135514319021283,
      "provided": 4.6576232816283465,
      "V_model": 214.40621109154827
    },
    {
      "R": 9.6,
      "V_obs": 191.0,
      "V_GR": 202.895067214558,
      "V_required": 0.0,
      "capacity": 13.141280352748534,
      "provided": 3.6907905694951593,
      "V_model": 202.9286333542605
    },
    {
      "R": 10.47,
      "V_obs": 191.0,
      "V_GR": 193.92178294353627,
      "V_required": 0.0,
      "capacity": 12.095557541194799,
      "provided": 3.6907905694951593,
      "V_model": 193.95690200409956
    },
    {
      "R": 11.35,
      "V_obs": 189.0,
      "V_GR": 186.4135644206183,
      "V_required": 31.160600122590594,
      "capacity": 11.01195833684827,
      "provided": 3.074864417495817,
      "V_model": 186.43892241478437
    },
    {
      "R": 12.19,
      "V_obs": 186.0,
      "V_GR": 179.86236599133238,
      "V_required": 47.38701615421678,
      "capacity": 8.703047897609993,
      "provided": 4.676054031394145,
      "V_model": 179.9231396494195
    },
    {
      "R": 13.12,
      "V_obs": 183.0,
      "V_GR": 173.38110075783922,
      "V_required": 58.549072580186994,
      "capacity": 6.072257570930358,
      "provided": 3.355306485844881,
      "V_model": 173.4135640070117
    },
    {
      "R": 13.94,
      "V_obs": 179.0,
      "V_GR": 167.96668270820854,
      "V_required": 61.87239691494098,
      "capacity": 4.383395755345253,
      "provided": 3.5457582078545573,
      "V_model": 168.00410382270002
    },
    {
      "R": 14.86,
      "V_obs": 177.0,
      "V_GR": 162.50788073198174,
      "V_required": 70.14405676890951,
      "capacity": 3.0682611218000493,
      "provided": 2.7783767310173064,
      "V_model": 162.53162977482094
    },
    {
      "R": 15.79,