{
  "galaxy": "NGC4010",
  "alpha": 2.8271,
  "gamma": 0.8579,
  "alpha_eff": 2.8271,
  "gamma_eff": 0.8579,
  "alpha_scaling": "constant",
  "gamma_scaling": "constant",
  "shell_mode": "gravity_adaptive",
  "shell_parameters": {
    "R_coh": 31.410000000000004,
    "R_stop": 41.88,
    "r_factor": 4.0,
    "n_shell_min": 8,
    "n_shell_max": 40,
    "g_floor": 1e-05,
    "coh_radius_factor": 3.0,
    "spillover_mode": "hybrid",
    "spill_weights": [
      0.00352591625235506,
      0.006771927881420363,
      0.008984124621140038,
      0.010951675520683515,
      0.012487741532011112,
      0.013920926655917406,
      0.014274662390410496,
      0.013754119292833314,
      0.013496934115921675,
      0.013730551283937345,
      0.015345033924095143,
      0.016942017889676603,
      0.018511509678026727,
      0.020044546788536715,
      0.021533107628522886,
      0.022970037675672333,
      0.024348987968135994,
      0.025664363219771166,
      0.02691127752907195,
      0.0280855160465888,
      0.029183501231659165,
      0.03020226253628795,
      0.03113940853427592,
      0.03199310067957529,
      0.0327620280323669,
      0.03344538243379819,
      0.03404283373906433,
      0.03455450483226511,
      0.0349809462446526,
      0.032113988476870095,
      0.03265560452524366,
      0.033159842657260304,
      0.03362243334021951,
      0.0340390162134181,
      0.03440517223826776,
      0.034716460962005785,
      0.03496846305653238,
      0.03515682820650076,
      0.035277328313194224,
      0.035325915851813376
    ]
  },
  "budget_factor": 1.0,
  "spillover_mode": "hybrid",
  "spillover_params": {
    "alpha": 0.4,
    "beta": 1.0,
    "gamma": 0.8,
    "delta": 1.8,
    "gcut": 1e-05
  },
  "shell_profile": {
    "centers": [
      1.396551724137931,
      2.4496551724137934,
      3.5027586206896553,
      4.555862068965517,
      5.60896551724138,
      6.662068965517242,
      7.715172413793104,
      8.768275862068965,
      9.821379310344827,
      10.87448275862069,
      11.927586206896551,
      12.980689655172414,
      14.033793103448275,
      15.086896551724138,
      16.14,
      17.193103448275863,
      18.246206896551726,
      19.29931034482759,
      20.35241379310345,
      21.40551724137931,
      22.458620689655174,
      23.511724137931036,
      24.5648275862069,
      25.617931034482762,
      26.67103448275862,
      27.724137931034484,
      28.777241379310347,
      29.83034482758621,
      30.883448275862072,
      31.826149583812587,
      32.66947584319881,
      33.53514848092707,
      34.42375962918756,
      35.335917110432426,
      36.27224485313489,
      37.23338331856502,
      38.219989938874164,
      39.2327395667878,
      40.272324937214165,
      41.339457141084694
    ],
    "mass": [
      2184.9516473339977,
      2771.621998434003,
      2334.8067782975086,
      2025.3779466937099,
      1712.295118779265,
      1502.016312339154,
      1143.4014930082178,
      783.8919950062475,
      585.5093699794638,
      494.32918213505184,
      542.200862825072,
      590.0725435150915,
      637.9442242051095,
      685.8159048951302,
      733.6875855851496,
      781.5592662751689,
      829.4309469651884,
      877.3026276552076,
      925.1743083452242,
      973.0459890352463,
      1020.9176697252658,
      1068.7893504152853,
      1116.6610311053046,
      1164.532711795324,
      1212.4043924853393,
      1260.2760731753626,
      1308.147753865382,
      1356.0194345554014,
      1403.891115245421,
      1143.405206278911,
      1204.8037185726928,
      1269.4992049323587,
      1337.668706096909,
      1409.4987695296259,
      1485.1859599095542,
      1564.9373970355387,
      1648.9713226143692,
      1737.5176974845103,
      1830.8188309093382,
      1929.1300436622478
    ]
  },
  "scaling_params": {
    "mass_ref": 60000000000.0,
    "sigma_ref": 30.0,
    "alpha_beta": 0.0,
    "gamma_beta": 0.0,
    "alpha_min": 0.01,
    "alpha_max": 100.0,
    "gamma_min": -5.0,
    "gamma_max": 5.0
  },
  "force_match": false,
  "rms_velocity": 17.593734449562113,
  "n_points": 12,
  "data": [
    {
      "R": 0.87,
      "V_obs": 39.3,
      "V_GR": 32.75,
      "V_required": 21.723892376827862,
      "capacity": 144.5862047991063,
      "provided": 1.6659233685575217,
      "V_model": 32.79234362880924
    },
    {
      "R": 1.74,
      "V_obs": 54.6,
      "V_GR": 63.957868945111045,
      "V_required": 0.0,
      "capacity": 228.82602082249505,
      "provided": 0.0,
      "V_model": 63.957868945111045
    },
    {
      "R": 2.61,
      "V_obs": 65.5,
      "V_GR": 84.18683982666175,
      "V_required": 0.0,
      "capacity": 229.3426062832068,
      "provided": 3.199597523142862,
      "V_model": 84.24761969521812
    },
    {
      "R": 3.5,
      "V_obs": 83.9,
      "V_GR": 95.08020719371618,
      "V_required": 0.0,
      "capacity": 185.98039534529073,
      "provided": 4.244815271035829,
      "V_model": 95.17491400933974
    },
    {
      "R": 4.37,
      "V_obs": 94.3,
      "V_GR": 99.52326813363797,
      "V_required": 0.0,
      "capacity": 158.5794059169942,
      "provided": 5.174442859378724,
      "V_model": 99.65769292385296
    },
    {
      "R": 5.24,
      "V_obs": 104.0,
      "V_GR": 100.64390542899257,
      "V_required": 26.206951367909998,
      "capacity": 131.18291499388283,
      "provided": 1.9449699521468589,
      "V_model": 100.66269720266169
    },
    {
      "R": 6.11,
      "V_obs": 115.0,
      "V_GR": 101.9057628399886,
      "V_required": 53.29367223226411,
      "capacity": 114.29612679711481,
      "provided": 3.955232704336626,
      "V_model": 101.98249048609009
    },
    {
      "R": 6.98,
      "V_obs": 127.0,
      "V_GR": 103.40600466123811,
      "V_required": 73.7305784596866,
      "capacity": 99.62594962863632,
      "provided": 6.577353336903013,
      "V_model": 103.61497660530773
    },
    {
      "R": 7.85,
      "V_obs": 129.0,
      "V_GR": 104.68091755425151,
      "V_required": 75.38504825228938,
      "capacity": 73.04275298022414,
      "provided": 6.744486242000317,
      "V_model": 104.89796277654077
    },
    {
      "R": 8.72,
      "V_obs": 127.0,
      "V_GR": 103.32310196659797,
      "V_required": 73.84671015014817,
      "capacity": 51.949515741814636,
      "provided": 6.498540266960232,
      "V_model": 103.52726416553905
    },
    {
      "R": 9.6,
      "V_obs": 124.0,
      "V_GR": 99.93100469824168,
      "V_required": 73.41521844958305,
      "capacity": 39.37264756879441,
      "provided": 6.377025527074529,
      "V_model": 100.1342706298546
    },
    {
      "R": 10.47,
      "V_obs": 122.0,
      "V_GR": 96.31905989989728,
      "V_required": 74.87749127741928,
      "capacity": 29.39191663138671,
      "provided": 6.48740486442651,
      "V_model": 96.53728669211179
    }
  ]
}