{
  "galaxy": "NGC4138",
  "alpha": 2.8271,
  "gamma": 0.8579,
  "alpha_eff": 2.8271,
  "gamma_eff": 0.8579,
  "alpha_scaling": "constant",
  "gamma_scaling": "constant",
  "shell_mode": "gravity_adaptive",
  "shell_parameters": {
    "R_coh": 55.739999999999995,
    "R_stop": 74.32,
    "r_factor": 4.0,
    "n_shell_min": 8,
    "n_shell_max": 40,
    "g_floor": 1e-05,
    "coh_radius_factor": 3.0,
    "spillover_mode": "hybrid",
    "spill_weights": [
      0.17556342352517965,
      0.1575267584431364,
      0.17092769623900658,
      0.15582582490415176,
      0.1189862785629293,
      0.097245078882704,
      0.0572238750987588,
      0.04246183368022615,
      0.0242392306639072,
      0.0,
      0.0,
      0.0,
      0.0,
      0.0,
      0.0,
      0.0,
      0.0,
      0.0,
      0.0,
      0.0,
      0.0,
      0.0,
      0.0,
      0.0,
      0.0,
      0.0,
      0.0,
      0.0,
      0.0,
      0.0,
      0.0,
      0.0,
      0.0,
      0.0,
      0.0,
      0.0,
      0.0,
      0.0,
      0.0,
      0.0
    ]
  },
  "budget_factor": 1.0,
  "spillover_mode": "hybrid",
  "spillover_params": {
    "alpha": 0.4,
    "beta": 1.0,
    "gamma": 0.8,
    "delta": 1.8,
    "gcut": 1e-05
  },
  "shell_profile": {
    "centers": [
      3.5260344827586207,
      5.3581034482758625,
      7.190172413793103,
      9.022241379310344,
      10.854310344827585,
      12.686379310344826,
      14.518448275862069,
      16.350517241379308,
      18.182586206896552,
      20.01465517241379,
      21.846724137931034,
      23.678793103448275,
      25.510862068965515,
      27.34293103448276,
      29.174999999999997,
      31.00706896551724,
      32.839137931034486,
      34.67120689655172,
      36.50327586206896,
      38.335344827586205,
      40.16741379310345,
      41.99948275862069,
      43.831551724137924,
      45.663620689655176,
      47.49568965517241,
      49.32775862068965,
      51.159827586206895,
      52.99189655172414,
      54.823965517241376,
      56.47849658712872,
      57.9750583731264,
      59.51127590980177,
      61.08819999143308,
      62.70690925614461,
      64.36851092371023,
      66.07414155290716,
      67.8249678189381,
      69.62218731145342,
      71.46702935371911,
      73.36075584349126
    ],
    "mass": [
      12877.154311195914,
      3503.0529202820717,
      2101.522707375853,
      969.6729921859992,
      320.7906139491245,
      135.85080793821626,
      26.802948370272937,
      9.87343725018419,
      1.9571826077239969,
      0.0,
      0.0,
      0.0,
      0.0,
      0.0,
      0.0,
      0.0,
      0.0,
      0.0,
      0.0,
      0.0,
      0.0,
      0.0,
      0.0,
      0.0,
      0.0,
      0.0,
      0.0,
      0.0,
      0.0,
      0.0,
      0.0,
      0.0,
      0.0,
      0.0,
      0.0,
      0.0,
      0.0,
      0.0,
      0.0,
      0.0
    ]
  },
  "scaling_params": {
    "mass_ref": 60000000000.0,
    "sigma_ref": 30.0,
    "alpha_beta": 0.0,
    "gamma_beta": 0.0,
    "alpha_min": 0.01,
    "alpha_max": 100.0,
    "gamma_min": -5.0,
    "gamma_max": 5.0
  },
  "force_match": false,
  "rms_velocity": 32.901640218005014,
  "n_points": 7,
  "data": [
    {
      "R": 2.61,
      "V_obs": 179.0,
      "V_GR": 230.38943226632597,
      "V_required": 0.0,
      "capacity": 433.85620692446236,
      "provided": 75.59671144294768,
      "V_model": 242.47505702852882
    },
    {
      "R": 5.24,
      "V_obs": 195.0,
      "V_GR": 197.1534166581954,
      "V_required": 0.0,
      "capacity": 101.22538535948775,
      "provided": 67.83021579014016,
      "V_model": 208.49558238518384
    },
    {
      "R": 7.85,
      "V_obs": 181.0,
      "V_GR": 164.98613396282732,
      "V_required": 74.43504282258455,
      "capacity": 33.89891611814077,
      "provided": 73.60059100428033,
      "V_model": 180.6584384859433
    },
    {
      "R": 10.65,
      "V_obs": 162.0,
      "V_GR": 140.78105909532007,
      "V_required": 80.15418516833664,
      "capacity": 8.459208086013504,
      "provided": 51.23488244635353,
      "V_model": 149.8142842965639
    },
    {
      "R": 13.47,
      "V_obs": 145.0,
      "V_GR": 123.98803047068697,
      "V_required": 75.17957368860242,
      "capacity": 0.8467171439231772,
      "provided": 41.87323315945765,
      "V_model": 130.8678698352896
    },
    {
      "R": 16.03,
      "V_obs": 147.0,
      "V_GR": 113.21785857363669,
      "V_required": 93.75882091835413,
      "capacity": 0.25028421514968585,
      "provided": 18.283848216266485,
      "V_model": 114.68470955448015
    },
    {
      "R": 18.58,
      "V_obs": 150.0,
      "V_GR": 105.05523404381145,
      "V_required": 107.06725830056544,
      "capacity": 0.0,
      "provided": 10.437288640795014,
      "V_model": 105.57243576886567
    }
  ]
}