{
  "galaxy": "NGC4013",
  "alpha": 2.8271,
  "gamma": 0.8579,
  "alpha_eff": 2.8271,
  "gamma_eff": 0.8579,
  "alpha_scaling": "constant",
  "gamma_scaling": "constant",
  "shell_mode": "gravity_adaptive",
  "shell_parameters": {
    "R_coh": 93.03,
    "R_stop": 124.04,
    "r_factor": 4.0,
    "n_shell_min": 8,
    "n_shell_max": 40,
    "g_floor": 1e-05,
    "coh_radius_factor": 3.0,
    "spillover_mode": "hybrid",
    "spill_weights": [
      0.44254011502393464,
      0.3150687298120449,
      0.1689866932741969,
      0.07340446188982355,
      0.0,
      0.0,
      0.0,
      0.0,
      0.0,
      0.0,
      0.0,
      0.0,
      0.0,
      0.0,
      0.0,
      0.0,
      0.0,
      0.0,
      0.0,
      0.0,
      0.0,
      0.0,
      0.0,
      0.0,
      0.0,
      0.0,
      0.0,
      0.0,
      0.0,
      0.0,
      0.0,
      0.0,
      0.0,
      0.0,
      0.0,
      0.0,
      0.0,
      0.0,
      0.0,
      0.0
    ]
  },
  "budget_factor": 1.0,
  "spillover_mode": "hybrid",
  "spillover_params": {
    "alpha": 0.4,
    "beta": 1.0,
    "gamma": 0.8,
    "delta": 1.8,
    "gcut": 1e-05
  },
  "shell_profile": {
    "centers": [
      6.999310344827586,
      10.01793103448276,
      13.036551724137933,
      16.055172413793105,
      19.073793103448278,
      22.09241379310345,
      25.111034482758622,
      28.129655172413795,
      31.148275862068967,
      34.166896551724136,
      37.185517241379316,
      40.204137931034495,
      43.22275862068966,
      46.24137931034484,
      49.260000000000005,
      52.278620689655185,
      55.29724137931035,
      58.31586206896553,
      61.334482758620695,
      64.35310344827587,
      67.37172413793104,
      70.3903448275862,
      73.40896551724138,
      76.42758620689656,
      79.44620689655173,
      82.4648275862069,
      85.48344827586207,
      88.50206896551725,
      91.52068965517242,
      94.26255000898072,
      96.76031001887247,
      99.32425543395877,
      101.95614002875895,
      104.65776404914133,
      107.43097544371666,
      110.27767112786071,
      113.19979828123095,
      116.19935567966473,
      119.27839506236977,
      122.43902253534254
    ],
    "mass": [
      19926.647057616432,
      3551.964318829176,
      398.9301958962822,
      30.566784574861682,
      0.0,
      0.0,
      0.0,
      0.0,
      0.0,
      0.0,
      0.0,
      0.0,
      0.0,
      0.0,
      0.0,
      0.0,
      0.0,
      0.0,
      0.0,
      0.0,
      0.0,
      0.0,
      0.0,
      0.0,
      0.0,
      0.0,
      0.0,
      0.0,
      0.0,
      0.0,
      0.0,
      0.0,
      0.0,
      0.0,
      0.0,
      0.0,
      0.0,
      0.0,
      0.0,
      0.0
    ]
  },
  "scaling_params": {
    "mass_ref": 60000000000.0,
    "sigma_ref": 30.0,
    "alpha_beta": 0.0,
    "gamma_beta": 0.0,
    "alpha_min": 0.01,
    "alpha_max": 100.0,
    "gamma_min": -5.0,
    "gamma_max": 5.0
  },
  "force_match": false,
  "rms_velocity": 70.45428643638816,
  "n_points": 36,
  "data": [
    {
      "R": 5.49,
      "V_obs": 198.0,
      "V_GR": 215.85462932260685,
      "V_required": 0.0,
      "capacity": 426.3457570879564,
      "provided": 233.65653147995712,
      "V_model": 318.1015493568747
    },
    {
      "R": 6.17,
      "V_obs": 195.0,
      "V_GR": 222.74844466348134,
      "V_required": 0.0,
      "capacity": 380.6280167629873,
      "provided": 233.65653147995712,
      "V_model": 322.81921303299805
    },
    {
      "R": 6.92,
      "V_obs": 194.0,
      "V_GR": 226.13797160140976,
      "V_required": 0.0,
      "capacity": 301.5638551176007,
      "provided": 233.65653147995712,
      "V_model": 325.16727526496913
    },
    {
      "R": 7.69,
      "V_obs": 195.0,
      "V_GR": 227.14213831871882,
      "V_required": 0.0,
      "capacity": 245.87681352452913,
      "provided": 233.65653147995712,
      "V_model": 325.8664230988584
    },
    {
      "R": 8.36,
      "V_obs": 195.0,
      "V_GR": 225.69941005682756,
      "V_required": 0.0,
      "capacity": 183.28327854494844,
      "provided": 233.65653147995712,
      "V_model": 324.8624299657383
    },
    {
      "R": 9.12,
      "V_obs": 195.0,
      "V_GR": 221.78880832900472,
      "V_required": 0.0,
      "capacity": 123.1360082112106,
      "provided": 207.94122410150484,
      "V_model": 304.02274286775366
    },
    {
      "R": 9.88,
      "V_obs": 192.0,
      "V_GR": 213.98334327699433,
      "V_required": 0.0,
      "capacity": 55.39224732888769,
      "provided": 207.94122410150484,
      "V_model": 298.37631253307
    },
    {
      "R": 10.56,
      "V_obs": 188.0,
      "V_GR": 203.82179324105653,
      "V_required": 0.0,
      "capacity": 27.099704169124767,
      "provided": 207.94122410150484,
      "V_model": 291.17499219684413
    },
    {
      "R": 11.31,
      "V_obs": 186.0,
      "V_GR": 193.8722992074938,
      "V_required": 0.0,
      "capacity": 13.827140461696647,
      "provided": 207.94122410150484,
      "V_model": 284.2991753080411
    },
    {
      "R": 12.08,
      "V_obs": 186.0,
      "V_GR": 185.08774702826764,
      "V_required": 18.39907334623134,
      "capacity": 9.016131676354775,
      "provided": 40.355117301336456,
      "V_model": 189.43603034376704
    },
    {
      "R": 12.77,
      "V_obs": 186.0,
      "V_GR": 178.37381814604964,
      "V_required": 52.714144211966584,
      "capacity": 5.87801147394095,
      "provided": 115.61916369821999,
      "V_model": 212.567659850401
    },
    {
      "R": 13.47,
      "V_obs": 185.0,
      "V_GR": 172.65772760001215,
      "V_required": 66.44026715780124,
      "capacity": 4.468798650934933,
      "provided": 145.7249897443552,
      "V_model": 225.93464439078932
    },
    {
      "R": 14.17,
      "V_obs": 180.0,
      "V_GR": 167.52490949109625,
      "V_required": 65.84379013999734,
      "capacity": 2.91499744527462,
      "provided": 144.41672276981444,
      "V_model": 221.18043565282494
    },
    {
      "R": 14.98,
      "V_obs": 163.0,
      "V_GR": 162.15571066108035,
      "V_required": 16.568811061750704,
      "capacity": 1.5988927232347288,
      "provided": 17.492669498577754,
      "V_model": 163.09649900039693
    },
    {
      "R": 15.68,
      "V_obs": 162.0,
      "V_GR": 157.76867908428466,
      "V_required": 36.7837450513131,
      "capacity": 0.8486182513630078,
      "provided": 38.83476567536988,
      "V_model": 162.47798350872307
    },
    {
      "R": 16.37,
      "V_obs": 164.0,
      "V_GR": 153.6407127033717,
      "V_required": 57.36315367899502,
      "capacity": 0.0,
      "provided": 60.5616591898513,
      "V_model": 165.1459450420376
    },
    {
      "R": 17.19,
      "V_obs": 166.0,
      "V_GR": 149.16853455068866,
      "V_required": 72.83370305016767,
      "capacity": 0.0,
      "provided": 76.894829150132,
      "V_model": 167.82153154475733
    },
    {
      "R": 17.88,
      "V_obs": 166.0,
      "V_GR": 145.65736335661165,
      "V_required": 79.6236930818962,
      "capacity": 0.0,
      "provided": 0.0,
      "V_model": 145.65736335661165
    },
    {
      "R": 18.58,
      "V_obs": 166.0,
      "V_GR": 142.38798615051763,
      "V_required": 85.33265142956708,
      "capacity": 0.0,
      "provided": 0.0,
      "V_model": 142.38798615051763
    },
    {
      "R": 19.39,
      "V_obs": 166.0,
      "V_GR": 138.98471390768123,
      "V_required": 90.77031067480159,
      "capacity": 0.0,
      "provided": 0.0,
      "V_model": 138.98471390768123
    },
    {
      "R": 20.09,
      "V_obs": 168.0,
      "V_GR": 136.22694337024524,
      "V_required": 98.31693597748048,
      "capacity": 0.0,
      "provided": 0.0,
      "V_model": 136.22694337024524
    },
    {
      "R": 20.79,
      "V_obs": 172.0,
      "V_GR": 133.59454554733887,
      "V_required": 108.33511619045784,
      "capacity": 0.0,
      "provided": 0.0,
      "V_model": 133.59454554733887
    },
    {
      "R": 21.48,
      "V_obs": 173.0,
      "V_GR": 131.21915180338576,