{
  "galaxy": "NGC4214",
  "alpha": 2.8271,
  "gamma": 0.8579,
  "alpha_eff": 2.8271,
  "gamma_eff": 0.8579,
  "alpha_scaling": "constant",
  "gamma_scaling": "constant",
  "shell_mode": "gravity_adaptive",
  "shell_parameters": {
    "R_coh": 16.89,
    "R_stop": 22.52,
    "r_factor": 4.0,
    "n_shell_min": 8,
    "n_shell_max": 40,
    "g_floor": 1e-05,
    "coh_radius_factor": 3.0,
    "spillover_mode": "hybrid",
    "spill_weights": [
      0.08104901635504941,
      0.14360299607631927,
      0.1675096674417688,
      0.15821680736264288,
      0.1371515314514602,
      0.11315243727792103,
      0.0856488276251026,
      0.06708205172839662,
      0.04658666468133925,
      0.0,
      0.0,
      0.0,
      0.0,
      0.0,
      0.0,
      0.0,
      0.0,
      0.0,
      0.0,
      0.0,
      0.0,
      0.0,
      0.0,
      0.0,
      0.0,
      0.0,
      0.0,
      0.0,
      0.0,
      0.0,
      0.0,
      0.0,
      0.0,
      0.0,
      0.0,
      0.0,
      0.0,
      0.0,
      0.0,
      0.0
    ]
  },
  "budget_factor": 1.0,
  "spillover_mode": "hybrid",
  "spillover_params": {
    "alpha": 0.4,
    "beta": 1.0,
    "gamma": 0.8,
    "delta": 1.8,
    "gcut": 1e-05
  },
  "shell_profile": {
    "centers": [
      0.4975862068965517,
      1.072758620689655,
      1.6479310344827587,
      2.223103448275862,
      2.798275862068966,
      3.373448275862069,
      3.9486206896551725,
      4.523793103448276,
      5.098965517241379,
      5.674137931034483,
      6.249310344827586,
      6.8244827586206895,
      7.399655172413793,
      7.974827586206898,
      8.55,
      9.125172413793106,
      9.700344827586207,
      10.275517241379312,
      10.850689655172415,
      11.425862068965518,
      12.001034482758623,
      12.576206896551724,
      13.15137931034483,
      13.72655172413793,
      14.301724137931036,
      14.87689655172414,
      15.452068965517242,
      16.027241379310347,
      16.60241379310345,
      17.113774800082602,
      17.567253963439278,
      18.032749374175676,
      18.51057943766245,
      19.001070996345224,
      19.5045595533094,
      20.021389501768958,
      20.551914360636246,
      21.09649701633383,
      21.655509971013913,
      22.229335597354993
    ],
    "mass": [
      541.4799378108388,
      335.4699296416597,
      171.63255479273292,
      72.14891559909782,
      29.28750619638874,
      11.775372289592886,
      4.134213339644841,
      1.6775438568436352,
      0.5278538249351321,
      0.0,
      0.0,
      0.0,
      0.0,
      0.0,
      0.0,
      0.0,
      0.0,
      0.0,
      0.0,
      0.0,
      0.0,
      0.0,
      0.0,
      0.0,
      0.0,
      0.0,
      0.0,
      0.0,
      0.0,
      0.0,
      0.0,
      0.0,
      0.0,
      0.0,
      0.0,
      0.0,
      0.0,
      0.0,
      0.0,
      0.0
    ]
  },
  "scaling_params": {
    "mass_ref": 60000000000.0,
    "sigma_ref": 30.0,
    "alpha_beta": 0.0,
    "gamma_beta": 0.0,
    "alpha_min": 0.01,
    "alpha_max": 100.0,
    "gamma_min": -5.0,
    "gamma_max": 5.0
  },
  "force_match": false,
  "rms_velocity": 34.08463750998344,
  "n_points": 14,
  "data": [
    {
      "R": 0.21,
      "V_obs": 55.5,
      "V_GR": 32.74993282435858,
      "V_required": 44.80727507894226,
      "capacity": 170.5295471396406,
      "provided": 38.17957292868708,
      "V_model": 50.301470048269316
    },
    {
      "R": 0.63,
      "V_obs": 63.2,
      "V_GR": 54.039365281246596,
      "V_required": 32.771740875333435,
      "capacity": 153.8545008054301,
      "provided": 27.924283914730857,
      "V_model": 60.827778458123035
    },
    {
      "R": 1.04,
      "V_obs": 66.6,
      "V_GR": 59.570483462869426,
      "V_required": 29.781160152015563,
      "capacity": 112.08814169261036,
      "provided": 117.12309811793926,
      "V_model": 131.40191251555066
    },
    {
      "R": 1.46,
      "V_obs": 70.5,
      "V_GR": 59.378737777086506,
      "V_required": 38.00546671204025,
      "capacity": 65.1999266033089,
      "provided": 58.17468126514263,
      "V_model": 83.12717991307619
    },
    {
      "R": 1.88,
      "V_obs": 76.1,
      "V_GR": 56.25591879971387,
      "V_required": 51.24921072562971,
      "capacity": 31.891510455813293,
      "provided": 78.4467803446055,
      "V_model": 96.53302930310839
    },
    {
      "R": 2.3,
      "V_obs": 78.8,
      "V_GR": 51.41805616707034,
      "V_required": 59.71284200236997,
      "capacity": 18.057246138538037,
      "provided": 129.04217292787897,
      "V_model": 138.90895901254396
    },
    {
      "R": 2.71,
      "V_obs": 80.1,
      "V_GR": 47.88102860215098,
      "V_required": 64.21383885113862,
      "capacity": 9.037211646749135,
      "provided": 111.8612613533344,
      "V_model": 121.67799592185509
    },
    {
      "R": 3.14,
      "V_obs": 80.1,
      "V_GR": 44.33209334105486,
      "V_required": 66.71338321506413,
      "capacity": 4.369399440334777,
      "provided": 45.506882108006934,
      "V_model": 63.53117989768521
    },
    {
      "R": 3.55,
      "V_obs": 80.1,
      "V_GR": 41.38472785944109,
      "V_required": 68.58071376123173,
      "capacity": 2.148287441966268,
      "provided": 46.780635392969124,
      "V_model": 62.4589749177003
    },
    {
      "R": 3.96,
      "V_obs": 80.4,
      "V_GR": 39.09139291455345,
      "V_required": 70.25683596633142,
      "capacity": 1.0373948467923113,
      "provided": 69.85547875540173,
      "V_model": 80.04951537733619
    },
    {
      "R": 4.38,
      "V_obs": 80.1,
      "V_GR": 37.145391369589845,
      "V_required": 70.96639979595977,
      "capacity": 0.5187459632625933,
      "provided": 27.13491802913379,
      "V_model": 46.000911691485086
    },
    {
      "R": 4.8,
      "V_obs": 80.4,
      "V_GR": 35.52926962379047,
      "V_required": 72.12372009262972,
      "capacity": 0.21292560296884477,
      "provided": 27.577434367483818,
      "V_model": 44.97603680064394
    },
    {
      "R": 5.22,
      "V_obs": 80.6,
      "V_GR": 34.139258925758774,
      "V_required": 73.01281394385508,
      "capacity": 0.09018487993497461,
      "provided": 37.996244142149976,
      "V_model": 51.0803638290671
    },
    {
      "R": 5.63,
      "V_obs": 80.6,
      "V_GR": 33.28091495136515,
      "V_required": 73.40804247492231,
      "capacity": 0.0,
      "provided": 0.0,
      "V_model": 33.28091495136515
    }
  ]
}