{
  "galaxy": "NGC4183",
  "alpha": 2.8271,
  "gamma": 0.8579,
  "alpha_eff": 2.8271,
  "gamma_eff": 0.8579,
  "alpha_scaling": "constant",
  "gamma_scaling": "constant",
  "shell_mode": "gravity_adaptive",
  "shell_parameters": {
    "R_coh": 63.06,
    "R_stop": 84.08,
    "r_factor": 4.0,
    "n_shell_min": 8,
    "n_shell_max": 40,
    "g_floor": 1e-05,
    "coh_radius_factor": 3.0,
    "spillover_mode": "hybrid",
    "spill_weights": [
      0.044095362256064974,
      0.09671886552575375,
      0.14553535264567513,
      0.16643411676347647,
      0.12681971682319418,
      0.11371391958794198,
      0.11261739591118414,
      0.10384079186825994,
      0.09022447861844941,
      0.0,
      0.0,
      0.0,
      0.0,
      0.0,
      0.0,
      0.0,
      0.0,
      0.0,
      0.0,
      0.0,
      0.0,
      0.0,
      0.0,
      0.0,
      0.0,
      0.0,
      0.0,
      0.0,
      0.0,
      0.0,
      0.0,
      0.0,
      0.0,
      0.0,
      0.0,
      0.0,
      0.0,
      0.0,
      0.0,
      0.0
    ]
  },
  "budget_factor": 1.0,
  "spillover_mode": "hybrid",
  "spillover_params": {
    "alpha": 0.4,
    "beta": 1.0,
    "gamma": 0.8,
    "delta": 1.8,
    "gcut": 1e-05
  },
  "shell_profile": {
    "centers": [
      1.942241379310345,
      4.086724137931035,
      6.231206896551725,
      8.375689655172414,
      10.520172413793103,
      12.664655172413793,
      14.809137931034483,
      16.953620689655175,
      19.098103448275864,
      21.242586206896554,
      23.387068965517244,
      25.531551724137934,
      27.676034482758624,
      29.820517241379314,
      31.965000000000003,
      34.109482758620686,
      36.25396551724138,
      38.398448275862066,
      40.54293103448276,
      42.687413793103445,
      44.83189655172414,
      46.976379310344825,
      49.12086206896552,
      51.265344827586205,
      53.4098275862069,
      55.554310344827584,
      57.69879310344828,
      59.843275862068964,
      61.98775862068966,
      63.89547891611656,
      65.58857518854236,
      67.3265349636186,
      69.11054703013582,
      70.94183167729602,
      72.82164152940737,
      74.75126240269688,
      76.73201418482661,
      78.76525173771529,
      80.85236582428284,
      82.99478405975168
    ],
    "mass": [
      2342.125397147724,
      2640.507017697754,
      2607.3795067191313,
      1788.6606112333243,
      531.9140360800645,
      266.1886783324832,
      184.9235564437134,
      114.07579394208777,
      63.57858609636159,
      0.0,
      0.0,
      0.0,
      0.0,
      0.0,
      0.0,
      0.0,
      0.0,
      0.0,
      0.0,
      0.0,
      0.0,
      0.0,
      0.0,
      0.0,
      0.0,
      0.0,
      0.0,
      0.0,
      0.0,
      0.0,
      0.0,
      0.0,
      0.0,
      0.0,
      0.0,
      0.0,
      0.0,
      0.0,
      0.0,
      0.0
    ]
  },
  "scaling_params": {
    "mass_ref": 60000000000.0,
    "sigma_ref": 30.0,
    "alpha_beta": 0.0,
    "gamma_beta": 0.0,
    "alpha_min": 0.01,
    "alpha_max": 100.0,
    "gamma_min": -5.0,
    "gamma_max": 5.0
  },
  "force_match": false,
  "rms_velocity": 21.808573670394015,
  "n_points": 23,
  "data": [
    {
      "R": 0.87,
      "V_obs": 47.1,
      "V_GR": 39.23971967280092,
      "V_required": 26.050996142182367,
      "capacity": 55.57250026063643,
      "provided": 16.1776355784138,
      "V_model": 42.44374503867395
    },
    {
      "R": 1.74,
      "V_obs": 65.9,
      "V_GR": 49.12124591253768,
      "V_required": 43.930777366215594,
      "capacity": 59.94733129161415,
      "provided": 27.280957051630345,
      "V_model": 56.18849898024416
    },
    {
      "R": 2.61,
      "V_obs": 76.1,
      "V_GR": 58.009813824903794,
      "V_required": 49.25516724162044,
      "capacity": 62.193243226243496,
      "provided": 30.58739641431645,
      "V_model": 65.57993076701544
    },
    {
      "R": 3.5,
      "V_obs": 85.7,
      "V_GR": 61.092308026461076,
      "V_required": 60.101746230870866,
      "capacity": 62.15493824082243,
      "provided": 75.73383448030653,
      "V_model": 97.30305126300237
    },
    {
      "R": 4.37,
      "V_obs": 96.6,
      "V_GR": 67.8220355046942,
      "V_required": 68.78758245497511,
      "capacity": 61.80087875913278,
      "provided": 86.6788023751242,
      "V_model": 110.05927167297554
    },
    {
      "R": 5.24,
      "V_obs": 99.3,
      "V_GR": 72.29271747555214,
      "V_required": 68.07534796091753,
      "capacity": 58.75211782905212,
      "provided": 80.1963429393131,
      "V_model": 107.97078503391515
    },
    {
      "R": 6.11,
      "V_obs": 103.0,
      "V_GR": 76.5028267451602,
      "V_required": 68.96606049355002,
      "capacity": 58.718738210176284,
      "provided": 81.24564918403988,
      "V_model": 111.59542110380731
    },
    {
      "R": 6.98,
      "V_obs": 107.0,
      "V_GR": 80.57107421401305,
      "V_required": 70.40811032828535,
      "capacity": 50.43768282564228,
      "provided": 82.94445978943564,
      "V_model": 115.6351218694446
    },
    {
      "R": 7.85,
      "V_obs": 111.0,
      "V_GR": 84.3596692738894,
      "V_required": 72.14184777228819,
      "capacity": 44.37549145949208,
      "provided": 139.2368301778178,
      "V_model": 162.7987981465664
    },
    {
      "R": 8.72,
      "V_obs": 114.0,
      "V_GR": 87.84098929315404,
      "V_required": 72.66333738550685,
      "capacity": 32.798947994159896,
      "provided": 140.24332727981073,
      "V_model": 165.48181243421317
    },
    {
      "R": 9.6,
      "V_obs": 115.0,
      "V_GR": 86.74577396046449,
      "V_required": 75.49947483261059,
      "capacity": 18.9606977961134,
      "provided": 72.64239405671313,
      "V_model": 113.14480418601109
    },
    {
      "R": 10.47,
      "V_obs": 111.0,
      "V_GR": 83.76407344440693,
      "V_required": 72.83254766929413,
      "capacity": 10.923916242036485,
      "provided": 70.07638979843573,
      "V_model": 109.21135658521189
    },
    {
      "R": 11.35,
      "V_obs": 110.0,
      "V_GR": 82.28385625382418,
      "V_required": 73.00251365535298,
      "capacity": 7.513601508008629,
      "provided": 70.23992386490308,
      "V_model": 108.18632032076597
    },
    {
      "R": 12.31,
      "V_obs": 111.0,
      "V_GR": 78.263417380025,
      "V_required": 78.71364240079353,
      "capacity": 5.512783386758661,
      "provided": 95.34032556368962,
      "V_model": 123.34885560308344
    },
    {
      "R": 13.12,
      "V_obs": 109.0,
      "V_GR": 75.16619253361182,
      "V_required": 78.93695902427454,
      "capacity": 4.702128938867115,
      "provided": 95.61081335890627,
      "V_model": 121.61983444796992
    },
    {
      "R": 14.05,
      "V_obs": 108.0,
      "V_GR": 72.77158373980876,
      "V_required": 79.80160775322764,
      "capacity": 3.913798017828211,
      "provided": 93.0797837290441,
      "V_model": 118.15053761640537
    },
    {
      "R": 14.98,
      "V_obs": 109.0,
      "V_GR": 71.43252550484269,
      "V_required": 82.33100448798132,
      "capacity": 3.353462454027195,
      "provided": 96.03004635738444,
      "V_model": 119.68448313545663
    },
    {
      "R": 16.03,
      "V_obs": 111.0,
      "V_GR": 69.33238781406565,
      "V_required": 86.68344709343302,
      "capacity": 2.81220274538264,
      "provided": 58.01472383379151,
      "V_model": 90.40292131071371
    },
    {
      "R": 16.95,
      "V_obs": 110.0,
      "V_GR": 67.05411098508428,
      "V_required": 87.1994621543046,
      "capacity": 2.061753733819267,
      "provided": 58.36007778837379,
      "V_model": 88.89405199148614
    },
    {
      "R": 17.88,
      "V_obs": 109.0,
      "V_GR": 66.11756952580758,
      "V_required": 86.6571808911414,
      "capacity": 1.4558260026488987,
      "provided": 57.997144624343726,
      "V_model": 87.94999593278582
    },
    {
      "R": 18.93,
      "V_obs": 110.0,
      "V_GR": 64.36052516877095,
      "V_required": 89.20606930024437,
      "capacity": 1.15782831776032,