{
  "galaxy": "NGC4051",
  "alpha": 2.8271,
  "gamma": 0.8579,
  "alpha_eff": 2.8271,
  "gamma_eff": 0.8579,
  "alpha_scaling": "constant",
  "gamma_scaling": "constant",
  "shell_mode": "gravity_adaptive",
  "shell_parameters": {
    "R_coh": 36.57,
    "R_stop": 48.76,
    "r_factor": 4.0,
    "n_shell_min": 8,
    "n_shell_max": 40,
    "g_floor": 1e-05,
    "coh_radius_factor": 3.0,
    "spillover_mode": "hybrid",
    "spill_weights": [
      0.003440234346188245,
      0.005407879913018221,
      0.008157054830700653,
      0.010537927231382353,
      0.01199345419962761,
      0.012266258929396333,
      0.012212080703676204,
      0.01201570055789128,
      0.012703856758412967,
      0.014050628928666195,
      0.015616141446604255,
      0.017167302408855955,
      0.01869505942775024,
      0.02019112402624863,
      0.021647922636221114,
      0.023058560868280512,
      0.024416796645396477,
      0.025717019076183244,
      0.026954230825491355,
      0.0281240323688084,
      0.029222606977070992,
      0.030246705620495622,
      0.031193631236599427,
      0.032061222000961086,
      0.03284783338528661,
      0.033552318897542635,
      0.03417400948186649,
      0.03471269161805628,
      0.03516858420649159,
      0.03258620895576415,
      0.0331623925843521,
      0.03370110445775825,
      0.03419786496385094,
      0.034648091804218205,
      0.035047133511728744,
      0.035390308353091086,
      0.03567294878678723,
      0.03589045155564524,
      0.036038333381182695,
      0.036112292092450315
    ]
  },
  "budget_factor": 1.0,
  "spillover_mode": "hybrid",
  "spillover_params": {
    "alpha": 0.4,
    "beta": 1.0,
    "gamma": 0.8,
    "delta": 1.8,
    "gcut": 1e-05
  },
  "shell_profile": {
    "centers": [
      2.3405172413793105,
      3.541551724137931,
      4.742586206896552,
      5.943620689655172,
      7.144655172413793,
      8.345689655172414,
      9.546724137931033,
      10.747758620689655,
      11.948793103448274,
      13.149827586206897,
      14.350862068965515,
      15.551896551724136,
      16.752931034482756,
      17.95396551724138,
      19.154999999999994,
      20.356034482758616,
      21.55706896551724,
      22.75810344827586,
      23.959137931034476,
      25.1601724137931,
      26.36120689655172,
      27.562241379310343,
      28.76327586206896,
      29.96431034482758,
      31.165344827586203,
      32.366379310344826,
      33.56741379310344,
      34.76844827586207,
      35.969482758620686,
      37.05451417637778,
      38.036381139311686,
      39.044265518863504,
      40.07885672204357,
      41.14086242370307,
      42.23100905059353,
      43.350042278252864,
      44.498727541057875,
      45.677850555792084,
      46.888217859086964,
      48.13065735910433
    ],
    "mass": [
      6137.782389541043,
      6833.455829334822,
      9346.019534831565,
      10278.990205950025,
      9173.35933646447,
      6756.482072375615,
      4918.965760343265,
      3630.4910106108928,
      3319.6684822002035,
      3494.9804854552604,
      3814.1931939171686,
      4133.405902379071,
      4452.618610840994,
      4771.831319302889,
      5091.044027764796,
      5410.256736226722,
      5729.4694446886315,
      6048.682153150524,
      6367.894861612431,
      6687.1075700743595,
      7006.320278536269,
      7325.532986998159,
      7644.745695460066,
      7963.958403921997,
      8283.171112383907,
      8602.383820845793,
      8921.596529307726,
      9240.809237769638,
      9560.021946231545,
      7945.968294183921,
      8372.650479394668,
      8822.24462202036,
      9295.981047138384,
      9795.156145757159,
      10321.135922421005,
      10875.359733313846,
      11459.344225091985,
      12074.687485223496,
      12723.07341519301,
      13406.276338537848
    ]
  },
  "scaling_params": {
    "mass_ref": 60000000000.0,
    "sigma_ref": 30.0,
    "alpha_beta": 0.0,
    "gamma_beta": 0.0,
    "alpha_min": 0.01,
    "alpha_max": 100.0,
    "gamma_min": -5.0,
    "gamma_max": 5.0
  },
  "force_match": false,
  "rms_velocity": 29.682131008832762,
  "n_points": 7,
  "data": [
    {
      "R": 1.74,
      "V_obs": 121.0,
      "V_GR": 169.0,
      "V_required": 0.0,
      "capacity": 338.49682596621574,
      "provided": 0.0,
      "V_model": 169.0
    },
    {
      "R": 3.5,
      "V_obs": 116.0,
      "V_GR": 138.74,
      "V_required": 0.0,
      "capacity": 395.88261563898624,
      "provided": 0.0,
      "V_model": 138.74
    },
    {
      "R": 5.24,
      "V_obs": 140.0,
      "V_GR": 151.38255678908322,
      "V_required": 0.0,
      "capacity": 570.4415258541588,
      "provided": 0.0,
      "V_model": 151.38255678908322
    },
    {
      "R": 6.98,
      "V_obs": 160.0,
      "V_GR": 182.10500761923052,
      "V_required": 0.0,
      "capacity": 487.2929236823799,
      "provided": 0.0,
      "V_model": 182.10500761923052
    },
    {
      "R": 8.72,
      "V_obs": 161.0,
      "V_GR": 197.78247369269096,
      "V_required": 0.0,
      "capacity": 283.48111701838644,
      "provided": 0.0,
      "V_model": 197.78247369269096
    },
    {
      "R": 10.47,
      "V_obs": 154.0,
      "V_GR": 184.85818158794055,
      "V_required": 0.0,
      "capacity": 171.86902045432322,
      "provided": 0.0,
      "V_model": 184.85818158794055
    },
    {
      "R": 12.19,
      "V_obs": 153.0,
      "V_GR": 173.56022873919014,
      "V_required": 0.0,
      "capacity": 143.75223040990105,
      "provided": 0.0,
      "V_model": 173.56022873919014
    }
  ]
}