{
  "galaxy": "NGC5033",
  "alpha": 2.8271,
  "gamma": 0.8579,
  "alpha_eff": 2.8271,
  "gamma_eff": 0.8579,
  "alpha_scaling": "constant",
  "gamma_scaling": "constant",
  "shell_mode": "gravity_adaptive",
  "shell_parameters": {
    "R_coh": 133.77,
    "R_stop": 178.36,
    "r_factor": 4.0,
    "n_shell_min": 8,
    "n_shell_max": 40,
    "g_floor": 1e-05,
    "coh_radius_factor": 3.0,
    "spillover_mode": "hybrid",
    "spill_weights": [
      0.07511975188841029,
      0.09222850458588139,
      0.12776938017244951,
      0.1360873825549795,
      0.1543914496293548,
      0.11674531055847083,
      0.10688333895270613,
      0.08905462635544253,
      0.07346528663952336,
      0.028254968662781644,
      0.0,
      0.0,
      0.0,
      0.0,
      0.0,
      0.0,
      0.0,
      0.0,
      0.0,
      0.0,
      0.0,
      0.0,
      0.0,
      0.0,
      0.0,
      0.0,
      0.0,
      0.0,
      0.0,
      0.0,
      0.0,
      0.0,
      0.0,
      0.0,
      0.0,
      0.0,
      0.0,
      0.0,
      0.0,
      0.0
    ]
  },
  "budget_factor": 1.0,
  "spillover_mode": "hybrid",
  "spillover_params": {
    "alpha": 0.4,
    "beta": 1.0,
    "gamma": 0.8,
    "delta": 1.8,
    "gcut": 1e-05
  },
  "shell_profile": {
    "centers": [
      3.0532758620689657,
      7.639827586206898,
      12.226379310344829,
      16.812931034482762,
      21.399482758620696,
      25.986034482758626,
      30.572586206896556,
      35.159137931034486,
      39.74568965517242,
      44.332241379310354,
      48.91879310344828,
      53.505344827586214,
      58.09189655172415,
      62.67844827586208,
      67.26500000000001,
      71.85155172413795,
      76.43810344827588,
      81.02465517241382,
      85.61120689655175,
      90.19775862068968,
      94.78431034482762,
      99.37086206896554,
      103.95741379310347,
      108.5439655172414,
      113.13051724137934,
      117.71706896551727,
      122.3036206896552,
      126.89017241379312,
      131.47672413793106,
      135.54231231539669,
      139.13389950794985,
      142.82065623348024,
      146.60510428514547,
      150.4898322783364,
      154.47749742132618,
      158.57082733283806,
      162.77262190777452,
      167.0857552323847,
      171.51317755017953,
      176.0579172799395
    ],
    "mass": [
      67088.81846197911,
      11425.52569644622,
      8094.73691869047,
      4368.597085224603,
      3367.9338626758563,
      1065.3332276017154,
      591.5099582516035,
      276.1574410493388,
      131.9576822338321,
      9.726324306479562,
      0.0,
      0.0,
      0.0,
      0.0,
      0.0,
      0.0,
      0.0,
      0.0,
      0.0,
      0.0,
      0.0,
      0.0,
      0.0,
      0.0,
      0.0,
      0.0,
      0.0,
      0.0,
      0.0,
      0.0,
      0.0,
      0.0,
      0.0,
      0.0,
      0.0,
      0.0,
      0.0,
      0.0,
      0.0,
      0.0
    ]
  },
  "scaling_params": {
    "mass_ref": 60000000000.0,
    "sigma_ref": 30.0,
    "alpha_beta": 0.0,
    "gamma_beta": 0.0,
    "alpha_min": 0.01,
    "alpha_max": 100.0,
    "gamma_min": -5.0,
    "gamma_max": 5.0
  },
  "force_match": false,
  "rms_velocity": 47.12820547776291,
  "n_points": 22,
  "data": [
    {
      "R": 0.76,
      "V_obs": 206.0,
      "V_GR": 293.26491726764726,
      "V_required": 0.0,
      "capacity": 1015.2324764077229,
      "provided": 42.18622834737623,
      "V_model": 296.28363026359887
    },
    {
      "R": 2.28,
      "V_obs": 214.0,
      "V_GR": 305.63274333748996,
      "V_required": 0.0,
      "capacity": 555.8367198807357,
      "provided": 42.18622834737623,
      "V_model": 308.5304712053203
    },
    {
      "R": 3.8,
      "V_obs": 222.0,
      "V_GR": 291.5613379719609,
      "V_required": 0.0,
      "capacity": 214.4063680583173,
      "provided": 42.18622834737623,
      "V_model": 294.59750790218334
    },
    {
      "R": 5.33,
      "V_obs": 224.0,
      "V_GR": 265.0912940856414,
      "V_required": 0.0,
      "capacity": 128.48183113880177,
      "provided": 42.18622834737623,
      "V_model": 268.42703303165456
    },
    {
      "R": 6.85,
      "V_obs": 225.0,
      "V_GR": 242.5768630764278,
      "V_required": 0.0,
      "capacity": 73.64524732954146,
      "provided": 103.58854114365914,
      "V_model": 263.76906633695995
    },
    {
      "R": 8.0,
      "V_obs": 222.0,
      "V_GR": 225.66939890024966,
      "V_required": 0.0,
      "capacity": 61.26351598459744,
      "provided": 103.58854114365914,
      "V_model": 248.3088066425989
    },
    {
      "R": 10.28,
      "V_obs": 220.0,
      "V_GR": 207.09196266393346,
      "V_required": 74.24903366374532,
      "capacity": 60.90358673708769,
      "provided": 123.2078395952126,
      "V_model": 240.97147702107745
    },
    {
      "R": 12.56,
      "V_obs": 218.0,
      "V_GR": 194.36910608427462,
      "V_required": 98.71499683432098,
      "capacity": 39.5993799772509,
      "provided": 163.80632710569114,
      "V_model": 254.18863507217762
    },
    {
      "R": 14.91,
      "V_obs": 219.0,
      "V_GR": 181.81832773403235,
      "V_required": 122.07823598004686,
      "capacity": 25.585926339869406,
      "provided": 146.92212761426342,
      "V_model": 233.7605952308941
    },
    {
      "R": 17.15,
      "V_obs": 217.0,
      "V_GR": 172.28998403853893,
      "V_required": 131.92862236830945,
      "capacity": 21.475947976227342,
      "provided": 158.77714595039555,
      "V_model": 234.29473036360253
    },
    {
      "R": 19.39,
      "V_obs": 218.0,
      "V_GR": 165.44958416387755,
      "V_required": 141.95222823189496,
      "capacity": 20.236423800297775,
      "provided": 169.68950691626176,
      "V_model": 236.99808787727392
    },
    {
      "R": 21.64,
      "V_obs": 220.0,
      "V_GR": 162.6175291904289,
      "V_required": 148.17401661559964,
      "capacity": 15.856646460202947,
      "provided": 177.1270245665198,
      "V_model": 240.45466024136132
    },
    {
      "R": 24.01,
      "V_obs": 222.0,
      "V_GR": 157.69015853882573,
      "V_required": 156.26200401889133,
      "capacity": 8.18794414505919,
      "provided": 130.90270830400277,
      "V_model": 204.9431753958224
    },
    {
      "R": 26.25,
      "V_obs": 218.0,
      "V_GR": 151.45934437993586,
      "V_required": 156.79307063770386,
      "capacity": 4.5152909133181245,
      "provided": 131.34758970130014,
      "V_model": 200.47973044759686
    },
    {
      "R": 28.5,
      "V_obs": 217.0,
      "V_GR": 145.01530712307581,
      "V_required": 161.42973920563708,
      "capacity": 3.3459265667236497,
      "provided": 122.99385308158539,
      "V_model": 190.14974939729638
    },
    {
      "R": 30.87,
      "V_obs": 207.0,
      "V_GR": 138.6575309891244,
      "V_required": 153.69804520552628,
      "capacity": 2.556545391890143,
      "provided": 117.10304980951891,
      "V_model": 181.49114351584944
    },
    {
      "R": 33.12,
      "V_obs": 199.0,
      "V_GR": 133.5503968545208,
      "V_required": 147.5306459688969,
      "capacity": 1.6836477452334153,
      "provided": 102.20239448267293,
      "V_model": 168.1696700894424
    },
    {
      "R": 35.36,
      "V_obs": 191.0,
      "V_GR": 128.57699833173893,
      "V_required": 141.2407713799383,
      "capacity": 1.1476907607438211,
      "provided": 97.84506086045852,
      "V_model": 161.57258565359047
    },
    {
      "R": 37.73,
      "V_obs": 193.0,
      "V_GR": 124.0373290586346,
      "V_required": 147.86392731156576,
      "capacity": 0.7395003167825466,
      "provided": 82.00355500401307,
      "V_model": 148.693786128729
    },
    {
      "R": 39.98,
      "V_obs": 192.0,
      "V_GR": 120.21759147479207,
      "V_required": 149.70547985962304,
      "capacity": 0.5291135284123661,
      "provided": 83.02485788980206,
      "V_model": 146.10063767014103
    },
    {
      "R": 42.22,
      "V_obs": 194.0,
      "V_GR": 116.79097824746567,
      "V_required": 154.90599536493093,