{
  "galaxy": "NGC5055",
  "alpha": 2.8271,
  "gamma": 0.8579,
  "alpha_eff": 2.8271,
  "gamma_eff": 0.8579,
  "alpha_scaling": "constant",
  "gamma_scaling": "constant",
  "shell_mode": "gravity_adaptive",
  "shell_parameters": {
    "R_coh": 163.77,
    "R_stop": 218.36,
    "r_factor": 4.0,
    "n_shell_min": 8,
    "n_shell_max": 40,
    "g_floor": 1e-05,
    "coh_radius_factor": 3.0,
    "spillover_mode": "capped",
    "spill_weights": null
  },
  "disable_capacity": false,
  "budget_factor": 0.5,
  "spillover_mode": "capped",
  "spillover_params": {
    "alpha": 0.5,
    "beta": 1.0,
    "gamma": 1.0,
    "delta": 2.0,
    "gcut": 1e-05
  },
  "lambda_settings": {
    "mode": "short_boost",
    "spectrum": "orbital",
    "max_multiplier": 3.0,
    "A": 4.9843,
    "lambda0": 29.98,
    "alpha": 1.498,
    "multiplier_stats": {
      "min": 1.1294282549205388,
      "median": 1.846779959982103,
      "max": 3.0
    }
  },
  "shell_profile": {
    "centers": [
      3.531206896551724,
      9.153620689655174,
      14.776034482758622,
      20.39844827586207,
      26.020862068965517,
      31.64327586206897,
      37.265689655172416,
      42.888103448275864,
      48.51051724137931,
      54.13293103448276,
      59.75534482758621,
      65.37775862068966,
      71.00017241379311,
      76.62258620689656,
      82.245,
      87.86741379310345,
      93.4898275862069,
      99.11224137931035,
      104.7346551724138,
      110.35706896551724,
      115.97948275862069,
      121.60189655172414,
      127.22431034482759,
      132.84672413793106,
      138.46913793103448,
      144.09155172413796,
      149.71396551724138,
      155.33637931034485,
      160.95879310344827,
      165.93978087682225,
      170.33683727604802,
      174.85040645404092,
      179.48357575523863,
      184.23951433223553,
      189.12147531352758,
      194.13279802869766,
      199.27691029256357,
      204.55733074985153,
      209.9776712819982,
      215.5416394777281
    ],
    "mass": [
      79954.0340139414,
      37151.635159189645,
      11778.962034368937,
      2432.366027964552,
      518.4334130071601,
      100.1564793523645,
      15.000185468572038,
      1.482985111855196,
      0.0,
      0.0,
      0.0,
      0.0,
      0.0,
      0.0,
      0.0,
      0.0,
      0.0,
      0.0,
      0.0,
      0.0,
      0.0,
      0.0,
      0.0,
      0.0,
      0.0,
      0.0,
      0.0,
      0.0,
      0.0,
      0.0,
      0.0,
      0.0,
      0.0,
      0.0,
      0.0,
      0.0,
      0.0,
      0.0,
      0.0,
      0.0
    ]
  },
  "scaling_params": {
    "mass_ref": 60000000000.0,
    "sigma_ref": 30.0,
    "alpha_beta": 0.0,
    "gamma_beta": 0.0,
    "alpha_min": 0.01,
    "alpha_max": 100.0,
    "gamma_min": -5.0,
    "gamma_max": 5.0
  },
  "force_match": false,
  "rms_velocity": 158.649210178547,
  "n_points": 28,
  "data": [
    {
      "R": 0.72,
      "V_obs": 125.0,
      "V_GR": 201.4920107597321,
      "V_required": 0.0,
      "raw_enhancement": 284.9527343262387,
      "lambda_value": 4.523893421169302,
      "lambda_multiplier": 3.0,
      "capacity": 1370.9428585730961,
      "provided": 299.6067898296049,
      "V_model": 361.05852560492326
    },
    {
      "R": 1.43,
      "V_obs": 162.0,
      "V_GR": 240.15881266362055,
      "V_required": 0.0,
      "raw_enhancement": 339.6358499923116,
      "lambda_value": 8.984954989266807,
      "lambda_multiplier": 3.0,
      "capacity": 1263.9008793117093,
      "provided": 357.10205402256366,
      "V_model": 430.34652582207974
    },
    {
      "R": 2.16,
      "V_obs": 178.0,
      "V_GR": 263.30176793937403,
      "V_required": 0.0,
      "raw_enhancement": 372.3649312166761,
      "lambda_value": 13.571680263507908,
      "lambda_multiplier": 3.0,
      "capacity": 1290.8492405740378,
      "provided": 391.5142697287574,
      "V_model": 471.81696069688104
    },
    {
      "R": 2.87,
      "V_obs": 193.0,
      "V_GR": 280.7907818999762,
      "V_required": 0.0,
      "raw_enhancement": 397.09813195229214,
      "lambda_value": 18.032741831605414,
      "lambda_multiplier": 3.0,
      "capacity": 987.9151692767745,
      "provided": 417.5194066583271,
      "V_model": 503.1559580650134
    },
    {
      "R": 3.59,
      "V_obs": 192.0,
      "V_GR": 273.3865089941345,
      "V_required": 0.0,
      "raw_enhancement": 386.6269087893391,
      "lambda_value": 22.556635252774715,
      "lambda_multiplier": 3.0,
      "capacity": 823.7985327398451,
      "provided": 406.50968757330173,
      "V_model": 489.8880580203434
    },
    {
      "R": 4.3,
      "V_obs": 190.0,
      "V_GR": 272.22796421381844,
      "V_required": 0.0,
      "raw_enhancement": 384.9884790483996,
      "lambda_value": 27.01769682087222,
      "lambda_multiplier": 3.0,
      "capacity": 806.1267290482604,
      "provided": 404.7869995064372,
      "V_model": 487.81203292807817
    },
    {
      "R": 5.03,
      "V_obs": 195.0,
      "V_GR": 273.85946998415085,
      "V_required": 0.0,
      "raw_enhancement": 387.2957766358936,
      "lambda_value": 31.60442209511332,
      "lambda_multiplier": 3.0,
      "capacity": 744.2212639145491,
      "provided": 407.2129527965686,
      "V_model": 490.7355685349294
    },
    {
      "R": 5.75,
      "V_obs": 201.0,
      "V_GR": 276.5761674475948,
      "V_required": 0.0,
      "raw_enhancement": 391.13776703356064,
      "lambda_value": 36.12831551628262,
      "lambda_multiplier": 3.0,
      "capacity": 692.5008170586138,
      "provided": 411.2525224196602,
      "V_model": 495.60368601992167
    },
    {
      "R": 6.46,
      "V_obs": 204.0,
      "V_GR": 280.372021607007,
      "V_required": 0.0,
      "raw_enhancement": 396.5059154665917,
      "lambda_value": 40.589377084380125,
      "lambda_multiplier": 3.0,
      "capacity": 578.2597319690087,
      "provided": 0.0,
      "V_model": 280.372021607007
    },
    {
      "R": 7.18,
      "V_obs": 204.0,
      "V_GR": 276.53767284042874,
      "V_required": 0.0,
      "raw_enhancement": 391.08332743802816,
      "lambda_value": 45.11327050554943,
      "lambda_multiplier": 3.0,
      "capacity": 495.6722143856447,
      "provided": 0.0,
      "V_model": 276.53767284042874
    },
    {
      "R": 7.91,
      "V_obs": 206.0,
      "V_GR": 272.65341534629636,
      "V_required": 0.0,
      "raw_enhancement": 385.59015781007685,
      "lambda_value": 49.69999577979053,
      "lambda_multiplier": 3.0,
      "capacity": 421.48004360865286,
      "provided": 0.0,
      "V_model": 272.65341534629636
    },
    {
      "R": 8.62,
      "V_obs": 206.0,
      "V_GR": 268.6051901955731,
      "V_required": 0.0,
      "raw_enhancement": 379.8651028983841,
      "lambda_value": 54.161057347888026,
      "lambda_multiplier": 3.0,
      "capacity": 363.9970575889851,
      "provided": 0.0,
      "V_model": 268.6051901955731
    },
    {
      "R": 11.49,
      "V_obs": 206.0,
      "V_GR": 247.79661276942429,
      "V_required": 0.0,
      "raw_enhancement": 286.4362105285472,
      "lambda_value": 72.19379917949345,
      "lambda_multiplier": 2.336180433790698,
      "capacity": 189.45831305147627,
      "provided": 0.0,
      "V_model": 247.79661276942429
    },
    {
      "R": 14.3,
      "V_obs": 206.0,
      "V_GR": 229.62955776641647,
      "V_required": 0.0,
      "raw_enhancement": 225.31668490362782,
      "lambda_value": 89.8495498926681,
      "lambda_multiplier": 1.9627890155584415,
      "capacity": 108.93289506085922,
      "provided": 0.0,
      "V_model": 229.62955776641647
    },
    {
      "R": 17.19,
      "V_obs": 203.0,
      "V_GR": 213.808554552899,
      "V_required": 0.0,
      "raw_enhancement": 182.77454073134408,
      "lambda_value": 108.0079554304171,
      "lambda_multiplier": 1.7307709044057646,
      "capacity": 47.82103361751856,
      "provided": 0.0,
      "V_model": 213.808554552899
    },
    {
      "R": 20.07,
      "V_obs": 200.0,
      "V_GR": 195.55449803060014,