{
  "galaxy": "NGC5371",
  "alpha": 2.8271,
  "gamma": 0.8579,
  "alpha_eff": 2.8271,
  "gamma_eff": 0.8579,
  "alpha_scaling": "constant",
  "gamma_scaling": "constant",
  "shell_mode": "gravity_adaptive",
  "shell_parameters": {
    "R_coh": 138.72,
    "R_stop": 184.96,
    "r_factor": 4.0,
    "n_shell_min": 8,
    "n_shell_max": 40,
    "g_floor": 1e-05,
    "coh_radius_factor": 3.0,
    "spillover_mode": "hybrid",
    "spill_weights": [
      0.047509711279688616,
      0.11270262652134062,
      0.16792723133456347,
      0.18797519948186275,
      0.18010787297441225,
      0.14062874129634628,
      0.11496456572806622,
      0.04818405138371972,
      0.0,
      0.0,
      0.0,
      0.0,
      0.0,
      0.0,
      0.0,
      0.0,
      0.0,
      0.0,
      0.0,
      0.0,
      0.0,
      0.0,
      0.0,
      0.0,
      0.0,
      0.0,
      0.0,
      0.0,
      0.0,
      0.0,
      0.0,
      0.0,
      0.0,
      0.0,
      0.0,
      0.0,
      0.0,
      0.0,
      0.0,
      0.0
    ]
  },
  "budget_factor": 1.0,
  "spillover_mode": "hybrid",
  "spillover_params": {
    "alpha": 0.4,
    "beta": 1.0,
    "gamma": 0.8,
    "delta": 1.8,
    "gcut": 1e-05
  },
  "shell_profile": {
    "centers": [
      3.816724137931035,
      8.550172413793103,
      13.283620689655173,
      18.01706896551724,
      22.750517241379313,
      27.48396551724138,
      32.217413793103454,
      36.95086206896552,
      41.684310344827594,
      46.41775862068966,
      51.15120689655173,
      55.8846551724138,
      60.61810344827587,
      65.35155172413795,
      70.08500000000001,
      74.81844827586207,
      79.55189655172416,
      84.28534482758621,
      89.01879310344827,
      93.75224137931036,
      98.48568965517242,
      103.21913793103448,
      107.95258620689657,
      112.68603448275863,
      117.41948275862069,
      122.15293103448278,
      126.88637931034484,
      131.6198275862069,
      136.35327586206898,
      140.55789462803187,
      144.28238423968597,
      148.10556501987267,
      152.03005207771076,
      156.05852981722964,
      160.1937537735393,
      164.43855249765477,
      168.7958294912646,
      173.26856519276663,
      177.8598190159295,
      182.57273144257456
    ],
    "mass": [
      72157.13893235917,
      83998.51898501936,
      76676.44689730808,
      48297.18820502314,
      24767.408461389274,
      8542.093511061934,
      3577.772432627676,
      299.0580070211421,
      0.0,
      0.0,
      0.0,
      0.0,
      0.0,
      0.0,
      0.0,
      0.0,
      0.0,
      0.0,
      0.0,
      0.0,
      0.0,
      0.0,
      0.0,
      0.0,
      0.0,
      0.0,
      0.0,
      0.0,
      0.0,
      0.0,
      0.0,
      0.0,
      0.0,
      0.0,
      0.0,
      0.0,
      0.0,
      0.0,
      0.0,
      0.0
    ]
  },
  "scaling_params": {
    "mass_ref": 60000000000.0,
    "sigma_ref": 30.0,
    "alpha_beta": 0.0,
    "gamma_beta": 0.0,
    "alpha_min": 0.01,
    "alpha_max": 100.0,
    "gamma_min": -5.0,
    "gamma_max": 5.0
  },
  "force_match": false,
  "rms_velocity": 36.11203588759375,
  "n_points": 19,
  "data": [
    {
      "R": 1.45,
      "V_obs": 216.0,
      "V_GR": 240.9,
      "V_required": 0.0,
      "capacity": 620.0316543646179,
      "provided": 2.440092792808035,
      "V_model": 240.91235761753177
    },
    {
      "R": 2.88,
      "V_obs": 215.0,
      "V_GR": 232.56,
      "V_required": 0.0,
      "capacity": 512.6811354600967,
      "provided": 2.440092792808035,
      "V_model": 232.57280075889682
    },
    {
      "R": 4.33,
      "V_obs": 215.0,
      "V_GR": 235.54,
      "V_required": 0.0,
      "capacity": 588.1987911794524,
      "provided": 2.440092792808035,
      "V_model": 235.552638815271
    },
    {
      "R": 5.78,
      "V_obs": 214.0,
      "V_GR": 243.76,
      "V_required": 0.0,
      "capacity": 553.4268095182446,
      "provided": 2.440092792808035,
      "V_model": 243.77221263474127
    },
    {
      "R": 7.22,
      "V_obs": 215.0,
      "V_GR": 245.32,
      "V_required": 0.0,
      "capacity": 552.5596989456841,
      "provided": 11.57678543177463,
      "V_model": 245.59300552119424
    },
    {
      "R": 8.66,
      "V_obs": 221.0,
      "V_GR": 253.0,
      "V_required": 0.0,
      "capacity": 594.648661945063,
      "provided": 11.57678543177463,
      "V_model": 253.26472703661943
    },
    {
      "R": 11.55,
      "V_obs": 233.0,
      "V_GR": 281.8042476613864,
      "V_required": 0.0,
      "capacity": 585.1975901276893,
      "provided": 17.24944293950513,
      "V_model": 282.3316795574369
    },
    {
      "R": 14.48,
      "V_obs": 237.0,
      "V_GR": 301.0640108016898,
      "V_required": 0.0,
      "capacity": 428.9495671953582,
      "provided": 17.24944293950513,
      "V_model": 301.5577587821664
    },
    {
      "R": 17.28,
      "V_obs": 242.0,
      "V_GR": 297.94843530382906,
      "V_required": 0.0,
      "capacity": 319.0831370972055,
      "provided": 19.308765182011953,
      "V_model": 298.5734390612368
    },
    {
      "R": 20.2,
      "V_obs": 241.0,
      "V_GR": 297.91609355655834,
      "V_required": 0.0,
      "capacity": 240.6663819795782,
      "provided": 19.308765182011953,
      "V_model": 298.54116502226975
    },
    {
      "R": 23.12,
      "V_obs": 240.0,
      "V_GR": 290.69624730979933,
      "V_required": 0.0,
      "capacity": 133.26008638138651,
      "provided": 37.001270766361,
      "V_model": 293.0416390861981
    },
    {
      "R": 26.04,
      "V_obs": 234.0,
      "V_GR": 273.32879723878347,
      "V_required": 0.0,
      "capacity": 62.71841253529858,
      "provided": 14.44534891314243,
      "V_model": 273.7102473515057
    },
    {
      "R": 28.84,
      "V_obs": 226.0,
      "V_GR": 255.76223587543174,
      "V_required": 0.0,
      "capacity": 35.30315741131877,
      "provided": 14.44534891314243,
      "V_model": 256.1698448397516
    },
    {
      "R": 31.76,
      "V_obs": 213.0,
      "V_GR": 241.13074980184507,
      "V_required": 0.0,
      "capacity": 21.893210595237854,
      "provided": 23.6182625156293,
      "V_model": 242.28466898311413
    },
    {
      "R": 34.68,
      "V_obs": 207.0,
      "V_GR": 229.4275484766378,
      "V_required": 0.0,
      "capacity": 8.09041424000441,
      "provided": 4.949453631387217,
      "V_model": 229.48092968970045
    },
    {
      "R": 37.48,
      "V_obs": 208.0,
      "V_GR": 215.7312089151683,
      "V_required": 0.0,
      "capacity": 0.0,
      "provided": 4.949453631387217,
      "V_model": 215.78797832884305
    },
    {
      "R": 40.4,
      "V_obs": 209.0,
      "V_GR": 205.04713848283765,
      "V_required": 40.455790685636025,
      "capacity": 0.0,
      "provided": 0.0,
      "V_model": 205.04713848283765
    },
    {
      "R": 43.32,
      "V_obs": 207.0,
      "V_GR": 196.1550287400249,
      "V_required": 66.122648918506,
      "capacity": 0.0,
      "provided": 0.0,
      "V_model": 196.1550287400249
    },
    {
      "R": 46.24,
      "V_obs": 213.0,
      "V_GR": 188.66767449671923,
      "V_required": 98.86105704472313,
      "capacity": 0.0,
      "provided": 0.0,
      "V_model": 188.66767449671923
    }
  ]
}