{
  "galaxy": "NGC5055",
  "alpha": 2.8271,
  "gamma": 0.8579,
  "alpha_eff": 2.8271,
  "gamma_eff": 0.8579,
  "alpha_scaling": "constant",
  "gamma_scaling": "constant",
  "shell_mode": "data",
  "shell_parameters": {
    "R_coh": null,
    "R_stop": 65.508,
    "r_factor": 4.0,
    "n_shell_min": 8,
    "n_shell_max": 40,
    "g_floor": 1e-05,
    "coh_radius_factor": 3.0,
    "spillover_mode": "capped",
    "spill_weights": null
  },
  "disable_capacity": true,
  "budget_factor": 1.0,
  "spillover_mode": "capped",
  "spillover_params": {
    "alpha": 0.5,
    "beta": 1.0,
    "gamma": 1.0,
    "delta": 2.0,
    "gcut": 1e-05
  },
  "lambda_settings": {
    "mode": "short_boost",
    "spectrum": "orbital",
    "max_multiplier": 3.0,
    "A": 4.9843,
    "A_effective": 5.261225853533961,
    "lambda0": 29.98,
    "alpha": 1.498,
    "sigma_gate": {
      "enabled": true,
      "beta": 0.5,
      "sigma_value": 26.925,
      "sigma_ref": 30.0
    },
    "multiplier_stats": {
      "min": 1.1366192406086557,
      "median": 1.8938267395045028,
      "max": 3.0
    }
  },
  "shell_profile": {
    "centers": [
      0.8254999999999999,
      1.435,
      2.1550000000000002,
      2.8725,
      3.5875,
      4.305,
      5.0275,
      5.7475000000000005,
      6.4625,
      7.1825,
      7.905,
      9.16,
      11.475,
      14.32,
      17.1875,
      20.0725,
      22.96,
      25.85,
      28.7375,
      31.6225,
      34.51,
      37.4,
      40.2875,
      43.1375,
      45.955,
      48.81,
      51.7,
      59.326499999999996
    ],
    "mass": [
      9793.570665294563,
      13528.062086930438,
      14634.761593489915,
      11575.568368404032,
      9977.112361507598,
      10078.416706095702,
      9587.207571805278,
      8968.939468836821,
      7611.848029933435,
      6718.326837374995,
      5763.862062335549,
      11818.64378674721,
      10858.510281772033,
      6421.354935781483,
      2951.563884292442,
      1302.0307616467696,
      742.1122442411566,
      276.94292205897904,
      78.33693030229807,
      51.56507232412731,
      25.065863004308728,
      6.791243671118129,
      7.302910939617493,
      0.08610019064206799,
      0.0,
      0.0,
      0.0,
      0.0
    ]
  },
  "scaling_params": {
    "mass_ref": 60000000000.0,
    "sigma_ref": 30.0,
    "alpha_beta": 0.0,
    "gamma_beta": 0.0,
    "alpha_min": 0.01,
    "alpha_max": 100.0,
    "gamma_min": -5.0,
    "gamma_max": 5.0
  },
  "force_match": false,
  "rms_velocity": 184.42111728831557,
  "n_points": 28,
  "data": [
    {
      "R": 0.72,
      "V_obs": 125.0,
      "V_GR": 201.4920107597321,
      "V_required": 0.0,
      "raw_enhancement": 284.9527343262387,
      "lambda_value": 4.523893421169302,
      "lambda_multiplier": 3.0,
      "capacity": null,
      "provided": 284.9527343262387,
      "V_model": 348.9943999550709
    },
    {
      "R": 1.43,
      "V_obs": 162.0,
      "V_GR": 240.15881266362055,
      "V_required": 0.0,
      "raw_enhancement": 339.6358499923116,
      "lambda_value": 8.984954989266807,
      "lambda_multiplier": 3.0,
      "capacity": null,
      "provided": 339.6358499923116,
      "V_model": 415.9672654188067
    },
    {
      "R": 2.16,
      "V_obs": 178.0,
      "V_GR": 263.30176793937403,
      "V_required": 0.0,
      "raw_enhancement": 372.3649312166761,
      "lambda_value": 13.571680263507908,
      "lambda_multiplier": 3.0,
      "capacity": null,
      "provided": 372.3649312166761,
      "V_model": 456.0520397937059
    },
    {
      "R": 2.87,
      "V_obs": 193.0,
      "V_GR": 280.7907818999762,
      "V_required": 0.0,
      "raw_enhancement": 397.09813195229214,
      "lambda_value": 18.032741831605414,
      "lambda_multiplier": 3.0,
      "capacity": null,
      "provided": 397.09813195229214,
      "V_model": 486.3439005477503
    },
    {
      "R": 3.59,
      "V_obs": 192.0,
      "V_GR": 273.3865089941345,
      "V_required": 0.0,
      "raw_enhancement": 386.6269087893391,
      "lambda_value": 22.556635252774715,
      "lambda_multiplier": 3.0,
      "capacity": null,
      "provided": 386.6269087893391,
      "V_model": 473.51932368172675
    },
    {
      "R": 4.3,
      "V_obs": 190.0,
      "V_GR": 272.22796421381844,
      "V_required": 0.0,
      "raw_enhancement": 384.9884790483996,
      "lambda_value": 27.01769682087222,
      "lambda_multiplier": 3.0,
      "capacity": null,
      "provided": 384.9884790483996,
      "V_model": 471.51266525937564
    },
    {
      "R": 5.03,
      "V_obs": 195.0,
      "V_GR": 273.85946998415085,
      "V_required": 0.0,
      "raw_enhancement": 387.2957766358936,
      "lambda_value": 31.60442209511332,
      "lambda_multiplier": 3.0,
      "capacity": null,
      "provided": 387.2957766358936,
      "V_model": 474.33851614643316
    },
    {
      "R": 5.75,
      "V_obs": 201.0,
      "V_GR": 276.5761674475948,
      "V_required": 0.0,
      "raw_enhancement": 391.13776703356064,
      "lambda_value": 36.12831551628262,
      "lambda_multiplier": 3.0,
      "capacity": null,
      "provided": 391.13776703356064,
      "V_model": 479.04397418191155
    },
    {
      "R": 6.46,
      "V_obs": 204.0,
      "V_GR": 280.372021607007,
      "V_required": 0.0,
      "raw_enhancement": 396.5059154665917,
      "lambda_value": 40.589377084380125,
      "lambda_multiplier": 3.0,
      "capacity": null,
      "provided": 396.5059154665917,
      "V_model": 485.6185864441352
    },
    {
      "R": 7.18,
      "V_obs": 204.0,
      "V_GR": 276.53767284042874,
      "V_required": 0.0,
      "raw_enhancement": 391.08332743802816,
      "lambda_value": 45.11327050554943,
      "lambda_multiplier": 3.0,
      "capacity": null,
      "provided": 391.08332743802816,
      "V_model": 478.97729956648254
    },
    {
      "R": 7.91,
      "V_obs": 206.0,
      "V_GR": 272.65341534629636,
      "V_required": 0.0,
      "raw_enhancement": 385.59015781007685,
      "lambda_value": 49.69999577979053,
      "lambda_multiplier": 3.0,
      "capacity": null,
      "provided": 385.59015781007685,
      "V_model": 472.2495682369651
    },
    {
      "R": 8.62,
      "V_obs": 206.0,
      "V_GR": 268.6051901955731,
      "V_required": 0.0,
      "raw_enhancement": 379.8651028983841,
      "lambda_value": 54.161057347888026,
      "lambda_multiplier": 3.0,
      "capacity": null,
      "provided": 379.8651028983841,
      "V_model": 465.2378365954342
    },
    {
      "R": 11.49,
      "V_obs": 206.0,
      "V_GR": 247.79661276942429,
      "V_required": 0.0,
      "raw_enhancement": 294.2857988725062,
      "lambda_value": 72.19379917949345,
      "lambda_multiplier": 2.4104181215508387,
      "capacity": null,
      "provided": 294.2857988725062,
      "V_model": 384.7171593755979
    },
    {
      "R": 14.3,
      "V_obs": 206.0,
      "V_GR": 229.62955776641647,
      "V_required": 0.0,
      "raw_enhancement": 231.49133447134614,
      "lambda_value": 89.8495498926681,
      "lambda_multiplier": 2.0162812150461615,
      "capacity": null,
      "provided": 231.49133447134614,
      "V_model": 326.0643674726275
    },
    {
      "R": 17.19,
      "V_obs": 203.0,
      "V_GR": 213.808554552899,
      "V_required": 0.0,
      "raw_enhancement": 187.78335194920584,
      "lambda_value": 108.0079554304171,
      "lambda_multiplier": 1.771372263962844,
      "capacity": null,
      "provided": 187.78335194920584,
      "V_model": 284.564026660573
    },
    {
      "R": 20.07,
      "V_obs": 200.0,
      "V_GR": 195.55449803060014,
      "V_required": 41.933737014485146,
      "raw_enhancement": 152.93731766947747,
      "lambda_value": 126.1035291150943,
      "lambda_multiplier": 1.6116335760402452,
      "capacity": null,
      "provided": 152.93731766947747,
      "V_model": 248.25669142227497
    },
    {
      "R": 22.96,
      "V_obs": 194.0,
      "V_GR": 180.45204930950496,
      "V_required": 71.22540206976716,
      "raw_enhancement": 127.5990728401023,