{
  "galaxy": "NGC5055",
  "alpha": 2.8271,
  "gamma": 0.8579,
  "alpha_eff": 2.8271,
  "gamma_eff": 0.8579,
  "alpha_scaling": "constant",
  "gamma_scaling": "constant",
  "shell_mode": "data",
  "shell_parameters": {
    "R_coh": null,
    "R_stop": 65.508,
    "r_factor": 4.0,
    "n_shell_min": 8,
    "n_shell_max": 40,
    "g_floor": 1e-05,
    "coh_radius_factor": 3.0,
    "spillover_mode": "capped",
    "spill_weights": null
  },
  "disable_capacity": true,
  "budget_factor": 1.0,
  "spillover_mode": "capped",
  "spillover_params": {
    "alpha": 0.5,
    "beta": 1.0,
    "gamma": 1.0,
    "delta": 2.0,
    "gcut": 1e-05
  },
  "lambda_settings": {
    "mode": "off",
    "spectrum": "orbital",
    "max_multiplier": 50.0,
    "A": 5.0,
    "A_effective": null,
    "lambda0": 30.0,
    "alpha": 1.5,
    "sigma_gate": {
      "enabled": false,
      "beta": 0.0,
      "sigma_value": 26.925,
      "sigma_ref": 30.0
    },
    "multiplier_stats": null
  },
  "shell_profile": {
    "centers": [
      0.8254999999999999,
      1.435,
      2.1550000000000002,
      2.8725,
      3.5875,
      4.305,
      5.0275,
      5.7475000000000005,
      6.4625,
      7.1825,
      7.905,
      9.16,
      11.475,
      14.32,
      17.1875,
      20.0725,
      22.96,
      25.85,
      28.7375,
      31.6225,
      34.51,
      37.4,
      40.2875,
      43.1375,
      45.955,
      48.81,
      51.7,
      59.326499999999996
    ],
    "mass": [
      9793.570665294563,
      13528.062086930438,
      14634.761593489915,
      11575.568368404032,
      9977.112361507598,
      10078.416706095702,
      9587.207571805278,
      8968.939468836821,
      7611.848029933435,
      6718.326837374995,
      5763.862062335549,
      11818.64378674721,
      10858.510281772033,
      6421.354935781483,
      2951.563884292442,
      1302.0307616467696,
      742.1122442411566,
      276.94292205897904,
      78.33693030229807,
      51.56507232412731,
      25.065863004308728,
      6.791243671118129,
      7.302910939617493,
      0.08610019064206799,
      0.0,
      0.0,
      0.0,
      0.0
    ]
  },
  "scaling_params": {
    "mass_ref": 60000000000.0,
    "sigma_ref": 30.0,
    "alpha_beta": 0.0,
    "gamma_beta": 0.0,
    "alpha_min": 0.01,
    "alpha_max": 100.0,
    "gamma_min": -5.0,
    "gamma_max": 5.0
  },
  "force_match": false,
  "rms_velocity": 51.45658388994687,
  "n_points": 28,
  "data": [
    {
      "R": 0.72,
      "V_obs": 125.0,
      "V_GR": 201.4920107597321,
      "V_required": 0.0,
      "raw_enhancement": 0.0,
      "lambda_value": null,
      "lambda_multiplier": null,
      "capacity": null,
      "provided": 0.0,
      "V_model": 201.4920107597321
    },
    {
      "R": 1.43,
      "V_obs": 162.0,
      "V_GR": 240.15881266362055,
      "V_required": 0.0,
      "raw_enhancement": 0.0,
      "lambda_value": null,
      "lambda_multiplier": null,
      "capacity": null,
      "provided": 0.0,
      "V_model": 240.15881266362055
    },
    {
      "R": 2.16,
      "V_obs": 178.0,
      "V_GR": 263.30176793937403,
      "V_required": 0.0,
      "raw_enhancement": 0.0,
      "lambda_value": null,
      "lambda_multiplier": null,
      "capacity": null,
      "provided": 0.0,
      "V_model": 263.30176793937403
    },
    {
      "R": 2.87,
      "V_obs": 193.0,
      "V_GR": 280.7907818999762,
      "V_required": 0.0,
      "raw_enhancement": 0.0,
      "lambda_value": null,
      "lambda_multiplier": null,
      "capacity": null,
      "provided": 0.0,
      "V_model": 280.7907818999762
    },
    {
      "R": 3.59,
      "V_obs": 192.0,
      "V_GR": 273.3865089941345,
      "V_required": 0.0,
      "raw_enhancement": 0.0,
      "lambda_value": null,
      "lambda_multiplier": null,
      "capacity": null,
      "provided": 0.0,
      "V_model": 273.3865089941345
    },
    {
      "R": 4.3,
      "V_obs": 190.0,
      "V_GR": 272.22796421381844,
      "V_required": 0.0,
      "raw_enhancement": 0.0,
      "lambda_value": null,
      "lambda_multiplier": null,
      "capacity": null,
      "provided": 0.0,
      "V_model": 272.22796421381844
    },
    {
      "R": 5.03,
      "V_obs": 195.0,
      "V_GR": 273.85946998415085,
      "V_required": 0.0,
      "raw_enhancement": 0.0,
      "lambda_value": null,
      "lambda_multiplier": null,
      "capacity": null,
      "provided": 0.0,
      "V_model": 273.85946998415085
    },
    {
      "R": 5.75,
      "V_obs": 201.0,
      "V_GR": 276.5761674475948,
      "V_required": 0.0,
      "raw_enhancement": 0.0,
      "lambda_value": null,
      "lambda_multiplier": null,
      "capacity": null,
      "provided": 0.0,
      "V_model": 276.5761674475948
    },
    {
      "R": 6.46,
      "V_obs": 204.0,
      "V_GR": 280.372021607007,
      "V_required": 0.0,
      "raw_enhancement": 0.0,
      "lambda_value": null,
      "lambda_multiplier": null,
      "capacity": null,
      "provided": 0.0,
      "V_model": 280.372021607007
    },
    {
      "R": 7.18,
      "V_obs": 204.0,
      "V_GR": 276.53767284042874,
      "V_required": 0.0,
      "raw_enhancement": 0.0,
      "lambda_value": null,
      "lambda_multiplier": null,
      "capacity": null,
      "provided": 0.0,
      "V_model": 276.53767284042874
    },
    {
      "R": 7.91,
      "V_obs": 206.0,
      "V_GR": 272.65341534629636,
      "V_required": 0.0,
      "raw_enhancement": 0.0,
      "lambda_value": null,
      "lambda_multiplier": null,
      "capacity": null,
      "provided": 0.0,
      "V_model": 272.65341534629636
    },
    {
      "R": 8.62,
      "V_obs": 206.0,
      "V_GR": 268.6051901955731,
      "V_required": 0.0,
      "raw_enhancement": 0.0,
      "lambda_value": null,
      "lambda_multiplier": null,
      "capacity": null,
      "provided": 0.0,
      "V_model": 268.6051901955731
    },
    {
      "R": 11.49,
      "V_obs": 206.0,
      "V_GR": 247.79661276942429,
      "V_required": 0.0,
      "raw_enhancement": 0.0,
      "lambda_value": null,
      "lambda_multiplier": null,
      "capacity": null,
      "provided": 0.0,
      "V_model": 247.79661276942429
    },
    {
      "R": 14.3,
      "V_obs": 206.0,
      "V_GR": 229.62955776641647,
      "V_required": 0.0,
      "raw_enhancement": 0.0,
      "lambda_value": null,
      "lambda_multiplier": null,
      "capacity": null,
      "provided": 0.0,
      "V_model": 229.62955776641647
    },
    {
      "R": 17.19,
      "V_obs": 203.0,
      "V_GR": 213.808554552899,
      "V_required": 0.0,
      "raw_enhancement": 0.0,
      "lambda_value": null,
      "lambda_multiplier": null,
      "capacity": null,
      "provided": 0.0,
      "V_model": 213.808554552899
    },
    {
      "R": 20.07,
      "V_obs": 200.0,
      "V_GR": 195.55449803060014,
      "V_required": 41.933737014485146,
      "raw_enhancement": 41.933737014485146,
      "lambda_value": null,
      "lambda_multiplier": null,
      "capacity": null,
      "provided": 41.933737014485146,
      "V_model": 200.0
    },
    {
      "R": 22.96,
      "V_obs": 194.0,
      "V_GR": 180.45204930950496,
      "V_required": 71.22540206976716,
      "raw_enhancement": 71.22540206976716,
      "lambda_value": null,
      "lambda_multiplier": null,
      "capacity": null,
      "provided": 71.22540206976716,
      "V_model": 194.0
    },
    {
      "R": 25.85,
      "V_obs": 188.0,
      "V_GR": 168.43693478569358,
      "V_required": 83.50448490949458,
      "raw_enhancement": 83.50448490949458,
      "lambda_value": null,
      "lambda_multiplier": null,
      "capacity": null,
      "provided": 83.50448490949458,
      "V_model": 188.0
    },
    {
      "R": 28.74,
      "V_obs": 184.0,
      "V_GR": 159.0985732179896,
      "V_required": 92.4318343429362,
      "raw_enhancement": 92.4318343429362,
      "lambda_value": null,
      "lambda_multiplier": null,
      "capacity": null,
      "provided": 92.4318343429362,
      "V_model": 184.0
    },
    {
      "R": 31.62,
      "V_obs": 182.0,