{
  "galaxy": "NGC5985",
  "alpha": 2.8271,
  "gamma": 0.8579,
  "alpha_eff": 2.8271,
  "gamma_eff": 0.8579,
  "alpha_scaling": "constant",
  "gamma_scaling": "constant",
  "shell_mode": "gravity_adaptive",
  "shell_parameters": {
    "R_coh": 104.16,
    "R_stop": 138.88,
    "r_factor": 4.0,
    "n_shell_min": 8,
    "n_shell_max": 40,
    "g_floor": 1e-05,
    "coh_radius_factor": 3.0,
    "spillover_mode": "hybrid",
    "spill_weights": [
      0.005749190227862469,
      0.010294407597367189,
      0.013515806182635755,
      0.014922139320031126,
      0.01536182696738005,
      0.016177225258739915,
      0.017064997288698522,
      0.015312400817523391,
      0.013929361781711384,
      0.01369713559417403,
      0.015270116283110265,
      0.016823010647810624,
      0.0183458457390646,
      0.019829673964091826,
      0.02126651044690342,
      0.022649279363873336,
      0.0239717655845403,
      0.02522856952709429,
      0.026415064074063375,
      0.027527352941529616,
      0.028562230206015,
      0.029517140859839974,
      0.03039014234654697,
      0.031179867059830477,
      0.03188548579555442,
      0.03250667214118274,
      0.03304356777869523,
      0.033496748670347645,
      0.03386719209351468,
      0.031139363359738027,
      0.03163451901104213,
      0.03209187400167065,
      0.03250743517503095,
      0.032877148119070415,
      0.033196928263127534,
      0.03346269647412038,
      0.033670419269493025,
      0.033816153685598704,
      0.03389609674344844,
      0.033906639337927064
    ]
  },
  "budget_factor": 1.0,
  "spillover_mode": "hybrid",
  "spillover_params": {
    "alpha": 0.4,
    "beta": 1.0,
    "gamma": 0.8,
    "delta": 1.8,
    "gcut": 1e-05
  },
  "shell_profile": {
    "centers": [
      5.2748275862068965,
      8.74448275862069,
      12.214137931034482,
      15.683793103448275,
      19.15344827586207,
      22.623103448275863,
      26.09275862068965,
      29.562413793103445,
      33.03206896551724,
      36.501724137931035,
      39.97137931034483,
      43.44103448275862,
      46.91068965517241,
      50.3803448275862,
      53.849999999999994,
      57.31965517241379,
      60.789310344827584,
      64.25896551724138,
      67.72862068965517,
      71.19827586206898,
      74.66793103448276,
      78.13758620689654,
      81.60724137931035,
      85.07689655172413,
      88.54655172413794,
      92.01620689655172,
      95.48586206896553,
      98.95551724137931,
      102.42517241379309,
      105.5400108452696,
      108.3365999308369,
      111.20729276578678,
      114.15405294416347,
      117.17889609113787,
      120.28389124172332,
      123.47116225602457,
      126.74288927198765,
      130.10131019664487,
      133.54872223687443,
      137.08748347072208
    ],
    "mass": [
      32306.596012910864,
      39613.289755396065,
      34472.763164291646,
      24110.791409343656,
      16116.271407309832,
      12439.832836794143,
      10271.5640447025,
      5940.880256537155,
      3695.0221772513587,
      2880.634333175093,
      3154.451750022735,
      3428.269166870389,
      3702.0865837180368,
      3975.9040005656766,
      4249.721417413333,
      4523.538834260981,
      4797.356251108629,
      5071.173667956288,
      5344.991084803926,
      5618.808501651576,
      5892.625918499198,
      6166.443335346869,
      6440.260752194518,
      6714.078169042166,
      6987.895585889816,
      7261.713002737463,
      7535.530419585113,
      7809.347836432726,
      8083.165253280406,
      6625.491001708194,
      6981.266267105712,
      7356.145933888044,
      7751.15586919054,
      8167.377027107374,
      8605.948406748688,
      9068.070169138666,
      9555.00692148451,
      10068.091177804468,
      10608.727005384062,
      11178.393867039586
    ]
  },
  "scaling_params": {
    "mass_ref": 60000000000.0,
    "sigma_ref": 30.0,
    "alpha_beta": 0.0,
    "gamma_beta": 0.0,
    "alpha_min": 0.01,
    "alpha_max": 100.0,
    "gamma_min": -5.0,
    "gamma_max": 5.0
  },
  "force_match": false,
  "rms_velocity": 77.97381705560883,
  "n_points": 33,
  "data": [
    {
      "R": 3.54,
      "V_obs": 223.0,
      "V_GR": 162.22523046678035,
      "V_required": 153.00972060624122,
      "capacity": 268.4096891860256,
      "provided": 6.35071199112561,
      "V_model": 162.34949012175622
    },
    {
      "R": 4.23,
      "V_obs": 230.0,
      "V_GR": 161.37946244798314,
      "V_required": 163.88004484988403,
      "capacity": 274.4560354991304,
      "provided": 6.801887891898478,
      "V_model": 161.52274322489066
    },
    {
      "R": 4.97,
      "V_obs": 248.0,
      "V_GR": 161.98045067229563,
      "V_required": 187.79332682499663,
      "capacity": 302.2565928821228,
      "provided": 7.794415464557289,
      "V_model": 162.1678738604972
    },
    {
      "R": 5.74,
      "V_obs": 258.0,
      "V_GR": 167.12465377675431,
      "V_required": 196.553682489034,
      "capacity": 324.94662013781965,
      "provided": 8.158016519063482,
      "V_model": 167.32364786104
    },
    {
      "R": 6.47,
      "V_obs": 263.0,
      "V_GR": 173.3291951749618,
      "V_required": 197.8029072081601,
      "capacity": 343.15778837960204,
      "provided": 8.20986594648503,
      "V_model": 173.5235194400438
    },
    {
      "R": 7.22,
      "V_obs": 272.0,
      "V_GR": 181.81829775905393,
      "V_required": 202.302018279601,
      "capacity": 355.65277546904997,
      "provided": 12.790323039405019,
      "V_model": 182.26762127007729
    },
    {
      "R": 8.02,
      "V_obs": 287.0,
      "V_GR": 189.18831702829857,
      "V_required": 215.81654408316336,
      "capacity": 350.4044346068408,
      "provided": 13.644764098480538,
      "V_model": 189.679727138414
    },
    {
      "R": 8.79,
      "V_obs": 289.0,
      "V_GR": 195.74528423438457,
      "V_required": 212.61416627308725,
      "capacity": 354.36194481342125,
      "provided": 13.442297276679056,
      "V_model": 196.2062987166177
    },
    {
      "R": 9.5,
      "V_obs": 292.0,
      "V_GR": 202.5096306351873,
      "V_required": 210.36598940893464,
      "capacity": 358.0550368750253,
      "provided": 13.300158762260054,
      "V_model": 202.94591575861122
    },
    {
      "R": 10.27,
      "V_obs": 302.0,
      "V_GR": 211.36220239200762,
      "V_required": 215.7081811151353,
      "capacity": 356.76799685935373,
      "provided": 13.63791296877667,
      "V_model": 211.80173103670307
    },
    {
      "R": 11.08,
      "V_obs": 302.0,
      "V_GR": 219.162633676455,
      "V_required": 207.778102792378,
      "capacity": 326.51374952350227,
      "provided": 22.232346676268563,
      "V_model": 220.287396913064
    },
    {
      "R": 11.82,
      "V_obs": 304.0,
      "V_GR": 222.8105006502162,
      "V_required": 206.81267079170948,
      "capacity": 302.8499398316069,
      "provided": 22.129045035514466,
      "V_model": 223.90670788117052
    },
    {
      "R": 12.56,
      "V_obs": 303.0,
      "V_GR": 225.30825462019806,
      "V_required": 202.59612632032233,
      "capacity": 281.603518658226,
      "provided": 21.677872957206215,
      "V_model": 226.34871277731793
    },
    {
      "R": 13.39,
      "V_obs": 305.0,
      "V_GR": 227.93530244347846,
      "V_required": 202.65857470139278,
      "capacity": 262.32017332522867,
      "provided": 21.684554960933607,
      "V_model": 228.96445580887385
    },
    {
      "R": 14.1,
      "V_obs": 300.0,
      "V_GR": 229.88370298914188,
      "V_required": 192.75238805265164,
      "capacity": 239.60955900433072,
      "provided": 20.266381958595346,
      "V_model": 230.77530876957283
    },
    {
      "R": 14.93,
      "V_obs": 295.0,
      "V_GR": 229.79410566853105,
      "V_required": 184.98559133078442,
      "capacity": 210.11675754812623,
      "provided": 19.449764999654576,
      "V_model": 230.61575045634197
    },
    {
      "R": 15.64,
      "V_obs": 294.0,
      "V_GR": 228.80087434273497,