{
  "galaxy": "NGC5585",
  "alpha": 2.8271,
  "gamma": 0.8579,
  "alpha_eff": 2.8271,
  "gamma_eff": 0.8579,
  "alpha_scaling": "constant",
  "gamma_scaling": "constant",
  "shell_mode": "gravity_adaptive",
  "shell_parameters": {
    "R_coh": 32.88,
    "R_stop": 43.84,
    "r_factor": 4.0,
    "n_shell_min": 8,
    "n_shell_max": 40,
    "g_floor": 1e-05,
    "coh_radius_factor": 3.0,
    "spillover_mode": "hybrid",
    "spill_weights": [
      0.050157192194744495,
      0.13584134313577176,
      0.2013107186899778,
      0.24037355594232976,
      0.22204278746955397,
      0.15027440256762223,
      0.0,
      0.0,
      0.0,
      0.0,
      0.0,
      0.0,
      0.0,
      0.0,
      0.0,
      0.0,
      0.0,
      0.0,
      0.0,
      0.0,
      0.0,
      0.0,
      0.0,
      0.0,
      0.0,
      0.0,
      0.0,
      0.0,
      0.0,
      0.0,
      0.0,
      0.0,
      0.0,
      0.0,
      0.0,
      0.0,
      0.0,
      0.0,
      0.0,
      0.0
    ]
  },
  "budget_factor": 1.0,
  "spillover_mode": "hybrid",
  "spillover_params": {
    "alpha": 0.4,
    "beta": 1.0,
    "gamma": 0.8,
    "delta": 1.8,
    "gcut": 1e-05
  },
  "shell_profile": {
    "centers": [
      0.6553448275862069,
      1.7860344827586205,
      2.916724137931034,
      4.047413793103448,
      5.178103448275861,
      6.308793103448275,
      7.43948275862069,
      8.570172413793102,
      9.700862068965517,
      10.831551724137931,
      11.962241379310344,
      13.092931034482758,
      14.22362068965517,
      15.354310344827585,
      16.485,
      17.61568965517241,
      18.746379310344828,
      19.87706896551724,
      21.007758620689653,
      22.138448275862068,
      23.26913793103448,
      24.399827586206897,
      25.530517241379307,
      26.661206896551725,
      27.791896551724136,
      28.922586206896547,
      30.053275862068965,
      31.183965517241376,
      32.314655172413794,
      33.31562554332244,
      34.19841979383561,
      35.10460624173454,
      36.03480473122211,
      36.98965153107348,
      37.969799769852756,
      38.97591988266213,
      40.00870006972882,
      41.06884676714366,
      42.15708513007327,
      43.27415952877633
    ],
    "mass": [
      808.0679940568309,
      806.1382361071734,
      644.7916098938836,
      454.39979553697435,
      208.15127992643707,
      49.91972082350707,
      0.0,
      0.0,
      0.0,
      0.0,
      0.0,
      0.0,
      0.0,
      0.0,
      0.0,
      0.0,
      0.0,
      0.0,
      0.0,
      0.0,
      0.0,
      0.0,
      0.0,
      0.0,
      0.0,
      0.0,
      0.0,
      0.0,
      0.0,
      0.0,
      0.0,
      0.0,
      0.0,
      0.0,
      0.0,
      0.0,
      0.0,
      0.0,
      0.0,
      0.0
    ]
  },
  "scaling_params": {
    "mass_ref": 60000000000.0,
    "sigma_ref": 30.0,
    "alpha_beta": 0.0,
    "gamma_beta": 0.0,
    "alpha_min": 0.01,
    "alpha_max": 100.0,
    "gamma_min": -5.0,
    "gamma_max": 5.0
  },
  "force_match": false,
  "rms_velocity": 36.423780897493565,
  "n_points": 24,
  "data": [
    {
      "R": 0.09,
      "V_obs": 11.2,
      "V_GR": 12.724024520567383,
      "V_required": 0.0,
      "capacity": 170.59159006201222,
      "provided": 5.882936205660834,
      "V_model": 14.018193121792663
    },
    {
      "R": 0.26,
      "V_obs": 26.5,
      "V_GR": 26.957099250475746,
      "V_required": 0.0,
      "capacity": 251.9979922205623,
      "provided": 5.882936205660834,
      "V_model": 27.59155918754638
    },
    {
      "R": 0.43,
      "V_obs": 33.7,
      "V_GR": 35.37620103968204,
      "V_required": 0.0,
      "capacity": 266.5330090586778,
      "provided": 5.882936205660834,
      "V_model": 35.86202083541689
    },
    {
      "R": 0.6,
      "V_obs": 32.7,
      "V_GR": 40.09318395937145,
      "V_required": 0.0,
      "capacity": 244.66347995764698,
      "provided": 5.882936205660834,
      "V_model": 40.52249175951394
    },
    {
      "R": 0.77,
      "V_obs": 33.7,
      "V_GR": 43.35642628261697,
      "V_required": 0.0,
      "capacity": 242.38738372053967,
      "provided": 5.882936205660834,
      "V_model": 43.75372713723797
    },
    {
      "R": 0.94,
      "V_obs": 35.7,
      "V_GR": 45.987226487362776,
      "V_required": 0.0,
      "capacity": 249.77999864876594,
      "provided": 5.882936205660834,
      "V_model": 46.36198807643903
    },
    {
      "R": 1.11,
      "V_obs": 37.8,
      "V_GR": 48.23320951377795,
      "V_required": 0.0,
      "capacity": 225.38387392064868,
      "provided": 5.882936205660834,
      "V_model": 48.59065175936494
    },
    {
      "R": 1.28,
      "V_obs": 41.8,
      "V_GR": 49.1807197995312,
      "V_required": 0.0,
      "capacity": 220.10231388204815,
      "provided": 27.88245038016375,
      "V_model": 56.53471711437401
    },
    {
      "R": 1.46,
      "V_obs": 43.9,
      "V_GR": 50.441865548371624,
      "V_required": 0.0,
      "capacity": 222.56238756607354,
      "provided": 27.88245038016375,
      "V_model": 57.635170158526414
    },
    {
      "R": 1.63,
      "V_obs": 44.9,
      "V_GR": 51.57925552002471,
      "V_required": 0.0,
      "capacity": 213.0382678186399,
      "provided": 27.88245038016375,
      "V_model": 58.63318718270646
    },
    {
      "R": 2.05,
      "V_obs": 53.2,
      "V_GR": 54.24504585674161,
      "V_required": 0.0,
      "capacity": 206.25907631367102,
      "provided": 27.88245038016375,
      "V_model": 60.99144234400671
    },
    {
      "R": 2.74,
      "V_obs": 64.3,
      "V_GR": 57.39333236535408,
      "V_required": 28.99129869460835,
      "capacity": 163.57348559435485,
      "provided": 65.22389187021228,
      "V_model": 86.88009363886036
    },
    {
      "R": 3.42,
      "V_obs": 73.1,
      "V_GR": 58.01383024762285,
      "V_required": 44.47477374872186,
      "capacity": 133.80000627180158,
      "provided": 100.05822314121684,
      "V_model": 115.6600731375246
    },
    {
      "R": 4.11,
      "V_obs": 76.2,
      "V_GR": 60.12103209360265,
      "V_required": 46.81774770319478,
      "capacity": 101.99367604521558,
      "provided": 197.35387155489929,
      "V_model": 206.30823812370576
    },
    {
      "R": 4.79,
      "V_obs": 78.4,
      "V_GR": 60.233442538178075,
      "V_required": 50.18458329009021,
      "capacity": 65.96052422340522,
      "provided": 83.85287831808735,
      "V_model": 103.2442385909643
    },
    {
      "R": 5.48,
      "V_obs": 83.1,
      "V_GR": 58.59945392237031,
      "V_required": 58.92125253251154,
      "capacity": 28.820987828112163,
      "provided": 98.45088461526815,
      "V_model": 114.57081950273745
    },
    {
      "R": 6.16,
      "V_obs": 88.0,
      "V_GR": 57.040494387759296,
      "V_required": 67.01031263917518,
      "capacity": 13.328125805400997,
      "provided": 59.75710574168935,
      "V_model": 82.61071169420732
    },
    {
      "R": 6.85,
      "V_obs": 89.9,
      "V_GR": 54.698180042849685,
      "V_required": 71.34507060757598,
      "capacity": 0.0,
      "provided": 63.62266881818398,
      "V_model": 83.90312799620953
    },
    {
      "R": 7.53,
      "V_obs": 90.6,
      "V_GR": 52.66615801442137,
      "V_required": 73.71998236570596,
      "capacity": 0.0,
      "provided": 0.0,
      "V_model": 52.66615801442137
    },
    {
      "R": 8.21,
      "V_obs": 91.6,
      "V_GR": 51.74600467668977,
      "V_required": 75.58380117459032,
      "capacity": 0.0,
      "provided": 0.0,
      "V_model": 51.74600467668977
    },
    {
      "R": 8.9,
      "V_obs": 92.3,
      "V_GR": 50.79770565685029,
      "V_required": 77.06414925242476,
      "capacity": 0.0,
      "provided": 0.0,
      "V_model": 50.79770565685029
    },
    {
      "R": 9.57,
      "V_obs": 90.9,
      "V_GR": 49.696623627767714,
      "V_required": 76.11212518383653,
      "capacity": 0.0,
      "provided": 0.0,
      "V_model": 49.696623627767714
    },
    {
      "R": 10.31,
      "V_obs": 89.6,
      "V_GR": 48.76274192454727,