{
  "galaxy": "NGC6503",
  "alpha": 2.8271,
  "gamma": 0.8579,
  "alpha_eff": 2.8271,
  "gamma_eff": 0.8579,
  "alpha_scaling": "constant",
  "gamma_scaling": "constant",
  "shell_mode": "gravity_adaptive",
  "shell_parameters": {
    "R_coh": 70.5,
    "R_stop": 94.0,
    "r_factor": 4.0,
    "n_shell_min": 8,
    "n_shell_max": 40,
    "g_floor": 1e-05,
    "coh_radius_factor": 3.0,
    "spillover_mode": "hybrid",
    "spill_weights": [
      0.14687147645947224,
      0.13410015217513163,
      0.1521083626562454,
      0.145300320503312,
      0.12438823771793471,
      0.10207440136628908,
      0.07938621623047148,
      0.06178318604141791,
      0.05398764684972569,
      0.0,
      0.0,
      0.0,
      0.0,
      0.0,
      0.0,
      0.0,
      0.0,
      0.0,
      0.0,
      0.0,
      0.0,
      0.0,
      0.0,
      0.0,
      0.0,
      0.0,
      0.0,
      0.0,
      0.0,
      0.0,
      0.0,
      0.0,
      0.0,
      0.0,
      0.0,
      0.0,
      0.0,
      0.0,
      0.0,
      0.0
    ]
  },
  "budget_factor": 1.0,
  "spillover_mode": "hybrid",
  "spillover_params": {
    "alpha": 0.4,
    "beta": 1.0,
    "gamma": 0.8,
    "delta": 1.8,
    "gcut": 1e-05
  },
  "shell_profile": {
    "centers": [
      1.962413793103448,
      4.367241379310345,
      6.77206896551724,
      9.176896551724138,
      11.581724137931033,
      13.986551724137929,
      16.391379310344828,
      18.796206896551723,
      21.201034482758622,
      23.605862068965514,
      26.010689655172413,
      28.415517241379312,
      30.820344827586204,
      33.2251724137931,
      35.629999999999995,
      38.03482758620689,
      40.439655172413794,
      42.844482758620686,
      45.24931034482758,
      47.65413793103448,
      50.058965517241376,
      52.46379310344827,
      54.86862068965517,
      57.273448275862066,
      59.67827586206896,
      62.08310344827586,
      64.48793103448276,
      66.89275862068965,
      69.29758620689655,
      71.4340511193501,
      73.32690375503073,
      75.26991301831765,
      77.26440795471893,
      79.311752826663,
      81.41334804667332,
      83.57063113527008,
      85.7850777042543,
      88.05820246604708,
      90.39156026977388,
      92.78674716480324
    ],
    "mass": [
      10873.776574460948,
      1188.077779555416,
      555.5177157970613,
      238.67580062621198,
      93.86697457769915,
      37.35712034592838,
      14.11484304610915,
      5.680205211694954,
      3.2034715095731063,
      0.0,
      0.0,
      0.0,
      0.0,
      0.0,
      0.0,
      0.0,
      0.0,
      0.0,
      0.0,
      0.0,
      0.0,
      0.0,
      0.0,
      0.0,
      0.0,
      0.0,
      0.0,
      0.0,
      0.0,
      0.0,
      0.0,
      0.0,
      0.0,
      0.0,
      0.0,
      0.0,
      0.0,
      0.0,
      0.0,
      0.0
    ]
  },
  "scaling_params": {
    "mass_ref": 60000000000.0,
    "sigma_ref": 30.0,
    "alpha_beta": 0.0,
    "gamma_beta": 0.0,
    "alpha_min": 0.01,
    "alpha_max": 100.0,
    "gamma_min": -5.0,
    "gamma_max": 5.0
  },
  "force_match": false,
  "rms_velocity": 59.506425433926125,
  "n_points": 31,
  "data": [
    {
      "R": 0.76,
      "V_obs": 77.0,
      "V_GR": 70.83530193342865,
      "V_required": 30.18873962258111,
      "capacity": 238.14274905556718,
      "provided": 335.72363668521916,
      "V_model": 343.11514135804185
    },
    {
      "R": 1.52,
      "V_obs": 100.0,
      "V_GR": 123.40548326553403,
      "V_required": 0.0,
      "capacity": 291.1559067102556,
      "provided": 0.0,
      "V_model": 123.40548326553403
    },
    {
      "R": 2.28,
      "V_obs": 110.0,
      "V_GR": 142.97079422035816,
      "V_required": 0.0,
      "capacity": 165.02471836594688,
      "provided": 0.0,
      "V_model": 142.97079422035816
    },
    {
      "R": 3.04,
      "V_obs": 118.0,
      "V_GR": 134.99256572122775,
      "V_required": 0.0,
      "capacity": 62.19171998248618,
      "provided": 0.0,
      "V_model": 134.99256572122775
    },
    {
      "R": 3.79,
      "V_obs": 121.0,
      "V_GR": 122.69842460276334,
      "V_required": 0.0,
      "capacity": 32.32753853596001,
      "provided": 0.0,
      "V_model": 122.69842460276334
    },
    {
      "R": 4.55,
      "V_obs": 121.0,
      "V_GR": 112.50506344160692,
      "V_required": 44.53774466674307,
      "capacity": 19.312207717863192,
      "provided": 141.12951046974675,
      "V_model": 180.48525708608545
    },
    {
      "R": 5.31,
      "V_obs": 117.0,
      "V_GR": 104.7111999740238,
      "V_required": 52.197362002308104,
      "capacity": 13.413790905806504,
      "provided": 165.40101440517333,
      "V_model": 195.7598808904939
    },
    {
      "R": 6.07,
      "V_obs": 116.0,
      "V_GR": 98.53863455518349,
      "V_required": 61.20569826413222,
      "capacity": 11.567158368081339,
      "provided": 105.45894875171287,
      "V_model": 144.33105130849842
    },
    {
      "R": 6.83,
      "V_obs": 116.0,
      "V_GR": 94.18041463064388,
      "V_required": 67.72037728778538,
      "capacity": 9.87324121577128,
      "provided": 116.68390362967908,
      "V_model": 149.9502713110591
    },
    {
      "R": 7.59,
      "V_obs": 116.0,
      "V_GR": 90.25752046228614,
      "V_required": 72.86686489756507,
      "capacity": 6.05248590325289,
      "provided": 125.55143048557542,
      "V_model": 154.62723465474727
    },
    {
      "R": 8.35,
      "V_obs": 115.0,
      "V_GR": 86.31307316971167,
      "V_required": 75.99377211324622,
      "capacity": 4.287942963698257,
      "provided": 105.69809600276298,
      "V_model": 136.46257398499156
    },
    {
      "R": 9.11,
      "V_obs": 115.0,
      "V_GR": 83.09718888145375,
      "V_required": 79.4975295213631,
      "capacity": 4.112066632496465,
      "provided": 110.57139649298797,
      "V_model": 138.31549632058426
    },
    {
      "R": 9.86,
      "V_obs": 116.0,
      "V_GR": 80.72670995401708,
      "V_required": 83.30185051966131,
      "capacity": 3.8586495223701194,
      "provided": 115.8627443879737,
      "V_model": 141.2125250716555
    },
    {
      "R": 10.64,
      "V_obs": 117.0,
      "V_GR": 78.42757168241282,
      "V_required": 86.82232431811532,
      "capacity": 2.2273631259571958,
      "provided": 92.37532012951827,
      "V_model": 121.17790132293506
    },
    {
      "R": 11.38,
      "V_obs": 117.0,
      "V_GR": 76.21124851358886,
      "V_required": 88.77412686137781,
      "capacity": 1.6434947864543,
      "provided": 94.45195636541159,
      "V_model": 121.36443655887673
    },
    {
      "R": 12.12,
      "V_obs": 118.0,
      "V_GR": 74.33513570311149,
      "V_required": 91.6421715150836,
      "capacity": 1.2518219464611604,
      "provided": 97.50343586809231,
      "V_model": 122.60763600234363
    },
    {
      "R": 12.86,
      "V_obs": 117.0,
      "V_GR": 72.70253434372148,
      "V_required": 91.66974146358218,
      "capacity": 0.9373035033573791,
      "provided": 57.68912832551917,
      "V_model": 92.80998883179664
    },
    {
      "R": 13.7,
      "V_obs": 116.0,
      "V_GR": 70.9239959393152,
      "V_required": 91.79208462607221,
      "capacity": 0.6567714609145229,
      "provided": 57.76612069277092,
      "V_model": 91.47206076115141
    },
    {
      "R": 14.44,
      "V_obs": 115.0,
      "V_GR": 69.24992490970658,
      "V_required": 91.81202481156812,
      "capacity": 0.4789529937418516,
      "provided": 57.77866934733831,
      "V_model": 90.18828489082743
    },
    {
      "R": 15.18,
      "V_obs": 117.0,
      "V_GR": 67.61154487215921,
      "V_required": 95.48653831823626,
      "capacity": 0.3555248614303884,
      "provided": 60.091095212575915,
      "V_model": 90.45584958335675
    },
    {
      "R": 15.91,
      "V_obs": 116.0,
      "V_GR": 66.1582292689277,
      "V_required": 95.28425210914969,
      "capacity": 0.25791980222193533,
      "provided": 60.44969130654497,