{
  "galaxy": "NGC7331",
  "alpha": 2.8271,
  "gamma": 0.8579,
  "alpha_eff": 2.8271,
  "gamma_eff": 0.8579,
  "alpha_scaling": "constant",
  "gamma_scaling": "constant",
  "shell_mode": "data",
  "shell_parameters": {
    "R_coh": null,
    "R_stop": 43.572,
    "r_factor": 4.0,
    "n_shell_min": 8,
    "n_shell_max": 40,
    "g_floor": 1e-05,
    "coh_radius_factor": 3.0,
    "spillover_mode": "capped",
    "spill_weights": null
  },
  "disable_capacity": true,
  "budget_factor": 1.0,
  "spillover_mode": "capped",
  "spillover_params": {
    "alpha": 0.5,
    "beta": 1.0,
    "gamma": 1.0,
    "delta": 2.0,
    "gcut": 1e-05
  },
  "lambda_settings": {
    "mode": "short_boost",
    "spectrum": "orbital",
    "max_multiplier": 1.5,
    "A": 1.877552038,
    "A_effective": 1.877552038,
    "lambda0": 38.28474627,
    "alpha": 2.410261716,
    "sigma_gate": {
      "enabled": false,
      "beta": 0.0,
      "sigma_value": 35.775,
      "sigma_ref": 30.0
    },
    "multiplier_stats": {
      "min": 1.0254216933854343,
      "median": 1.145998419360464,
      "max": 1.5
    }
  },
  "shell_profile": {
    "centers": [
      2.5380000000000003,
      3.2075,
      3.74,
      4.272499999999999,
      4.81,
      5.3475,
      5.88,
      6.545,
      7.48,
      8.55,
      9.6125,
      10.67,
      11.7425,
      12.8275,
      13.912500000000001,
      14.997499999999999,
      16.057499999999997,
      17.0925,
      18.1525,
      19.2375,
      20.3225,
      21.4075,
      22.4675,
      23.505,
      24.5675,
      25.6525,
      26.7375,
      27.8225,
      28.8825,
      29.9175,
      30.977500000000003,
      32.0625,
      33.1475,
      34.2325,
      35.295,
      39.6935
    ],
    "mass": [
      26019.403192076403,
      18296.839049960945,
      15064.501205065568,
      12619.58549368205,
      11733.71442771796,
      10050.783901354154,
      8136.459143793578,
      10437.144896573845,
      9904.241674038654,
      7226.027119597298,
      6937.644470377338,
      5656.681223893587,
      5510.623799261484,
      4819.421087980435,
      4116.421999301128,
      3618.1801071242285,
      3212.892830764139,
      3028.6504151028394,
      2947.8754847686996,
      2621.4743929410997,
      1961.6419601017183,
      1370.5243732018296,
      1111.5495383721209,
      991.2713325068902,
      894.7968041567719,
      767.3767658244907,
      643.7951710071029,
      536.5356253757495,
      430.84887720626404,
      362.05339295120314,
      319.05850990074845,
      266.54517397501525,
      221.57988519392856,
      183.9408048073267,
      4.178948277121942,
      0.0
    ]
  },
  "scaling_params": {
    "mass_ref": 60000000000.0,
    "sigma_ref": 30.0,
    "alpha_beta": 0.0,
    "gamma_beta": 0.0,
    "alpha_min": 0.01,
    "alpha_max": 100.0,
    "gamma_min": -5.0,
    "gamma_max": 5.0
  },
  "force_match": false,
  "rms_velocity": 117.75085767980504,
  "n_points": 36,
  "data": [
    {
      "R": 2.67,
      "V_obs": 221.0,
      "V_GR": 346.30922020645073,
      "V_required": 0.0,
      "raw_enhancement": 244.87759799540666,
      "lambda_value": 16.776104770169496,
      "lambda_multiplier": 1.5,
      "capacity": null,
      "provided": 244.87759799540666,
      "V_model": 424.140441363471
    },
    {
      "R": 3.21,
      "V_obs": 237.0,
      "V_GR": 366.1894397712747,
      "V_required": 0.0,
      "raw_enhancement": 258.93503606117105,
      "lambda_value": 20.16902483604647,
      "lambda_multiplier": 1.5,
      "capacity": null,
      "provided": 258.93503606117105,
      "V_model": 448.4886383176278
    },
    {
      "R": 3.74,
      "V_obs": 249.0,
      "V_GR": 383.58118449684156,
      "V_required": 0.0,
      "raw_enhancement": 271.23285669328476,
      "lambda_value": 23.499113048851655,
      "lambda_multiplier": 1.5,
      "capacity": null,
      "provided": 271.23285669328476,
      "V_model": 469.78908847481756
    },
    {
      "R": 4.27,
      "V_obs": 250.0,
      "V_GR": 384.6465190275352,
      "V_required": 0.0,
      "raw_enhancement": 271.9861619641704,
      "lambda_value": 26.82920126165683,
      "lambda_multiplier": 1.5,
      "capacity": null,
      "provided": 271.9861619641704,
      "V_model": 471.0938514776009
    },
    {
      "R": 4.81,
      "V_obs": 253.0,
      "V_GR": 381.81582588991773,
      "V_required": 0.0,
      "raw_enhancement": 269.9845596511029,
      "lambda_value": 30.222121327533806,
      "lambda_multiplier": 1.5,
      "capacity": null,
      "provided": 269.9845596511029,
      "V_model": 467.6269745748206
    },
    {
      "R": 5.35,
      "V_obs": 257.0,
      "V_GR": 383.73184504286326,
      "V_required": 0.0,
      "raw_enhancement": 271.339389787034,
      "lambda_value": 33.615041393410785,
      "lambda_multiplier": 1.5,
      "capacity": null,
      "provided": 271.339389787034,
      "V_model": 469.9736092058787
    },
    {
      "R": 5.88,
      "V_obs": 257.0,
      "V_GR": 376.5703367234334,
      "V_required": 0.0,
      "raw_enhancement": 266.2754386908412,
      "lambda_value": 36.945129606215964,
      "lambda_multiplier": 1.5,
      "capacity": null,
      "provided": 266.2754386908412,
      "V_model": 461.2025886202287
    },
    {
      "R": 6.41,
      "V_obs": 257.0,
      "V_GR": 370.806201269612,
      "V_required": 0.0,
      "raw_enhancement": 262.1995794237663,
      "lambda_value": 40.27521781902115,
      "lambda_multiplier": 1.5,
      "capacity": null,
      "provided": 262.1995794237663,
      "V_model": 454.14299328515455
    },
    {
      "R": 7.48,
      "V_obs": 257.0,
      "V_GR": 355.2913137131275,
      "V_required": 0.0,
      "raw_enhancement": 251.22889722322938,
      "lambda_value": 46.99822609770331,
      "lambda_multiplier": 1.5,
      "capacity": null,
      "provided": 251.22889722322938,
      "V_model": 435.14121432013303
    },
    {
      "R": 8.55,
      "V_obs": 255.0,
      "V_GR": 333.54086915998766,
      "V_required": 0.0,
      "raw_enhancement": 235.84901038588222,
      "lambda_value": 53.72123437638547,
      "lambda_multiplier": 1.5,
      "capacity": null,
      "provided": 235.84901038588222,
      "V_model": 408.5024689031879
    },
    {
      "R": 9.62,
      "V_obs": 248.0,
      "V_GR": 320.31839878470925,
      "V_required": 0.0,
      "raw_enhancement": 226.4993119194846,
      "lambda_value": 60.44424265506761,
      "lambda_multiplier": 1.5,
      "capacity": null,
      "provided": 226.4993119194846,
      "V_model": 392.3083161239384
    },
    {
      "R": 10.66,
      "V_obs": 247.0,
      "V_GR": 308.94123891122075,
      "V_required": 0.0,
      "raw_enhancement": 215.74064456365744,
      "lambda_value": 66.97875537453439,
      "lambda_multiplier": 1.4876544326942789,
      "capacity": null,
      "provided": 215.74064456365744,
      "V_model": 376.8138994473828
    },
    {
      "R": 11.74,
      "V_obs": 246.0,
      "V_GR": 297.84615172937856,
      "V_required": 0.0,
      "raw_enhancement": 185.15693022123855,
      "lambda_value": 73.76459550628834,
      "lambda_multiplier": 1.3864523541463445,
      "capacity": null,
      "provided": 185.15693022123855,
      "V_model": 350.70702717361195
    },
    {
      "R": 12.83,
      "V_obs": 244.0,
      "V_GR": 289.9124090134812,
      "V_required": 0.0,
      "raw_enhancement": 161.93721778366972,
      "lambda_value": 80.61326749111409,
      "lambda_multiplier": 1.312003695153524,
      "capacity": null,
      "provided": 161.93721778366972,
      "V_model": 332.0735873319582
    },
    {
      "R": 13.91,
      "V_obs": 242.0,
      "V_GR": 282.00300459392275,
      "V_required": 0.0,
      "raw_enhancement": 142.90023414817568,
      "lambda_value": 87.39910762286804,
      "lambda_multiplier": 1.2567783534908403,
      "capacity": null,
      "provided": 142.90023414817568,
      "V_model": 316.1426442598395
    },
    {
      "R": 15.0,
      "V_obs": 238.0,
      "V_GR": 273.80858879881765,