{
  "galaxy": "NGC7793",
  "alpha": 2.8271,
  "gamma": 0.8579,
  "alpha_eff": 2.8271,
  "gamma_eff": 0.8579,
  "alpha_scaling": "constant",
  "gamma_scaling": "constant",
  "shell_mode": "gravity_adaptive",
  "shell_parameters": {
    "R_coh": 23.61,
    "R_stop": 31.48,
    "r_factor": 4.0,
    "n_shell_min": 8,
    "n_shell_max": 40,
    "g_floor": 1e-05,
    "coh_radius_factor": 3.0,
    "spillover_mode": "hybrid",
    "spill_weights": [
      0.02577504801667415,
      0.07058336431211654,
      0.11698494972048205,
      0.13200212130755282,
      0.13348703252110855,
      0.12989928688076177,
      0.1211327191133936,
      0.11950050135983602,
      0.10508721799702544,
      0.04554775877104909,
      0.0,
      0.0,
      0.0,
      0.0,
      0.0,
      0.0,
      0.0,
      0.0,
      0.0,
      0.0,
      0.0,
      0.0,
      0.0,
      0.0,
      0.0,
      0.0,
      0.0,
      0.0,
      0.0,
      0.0,
      0.0,
      0.0,
      0.0,
      0.0,
      0.0,
      0.0,
      0.0,
      0.0,
      0.0,
      0.0
    ]
  },
  "budget_factor": 1.0,
  "spillover_mode": "hybrid",
  "spillover_params": {
    "alpha": 0.4,
    "beta": 1.0,
    "gamma": 0.8,
    "delta": 1.8,
    "gcut": 1e-05
  },
  "shell_profile": {
    "centers": [
      0.5151724137931034,
      1.3255172413793104,
      2.1358620689655172,
      2.9462068965517236,
      3.756551724137931,
      4.566896551724138,
      5.377241379310345,
      6.187586206896552,
      6.997931034482758,
      7.808275862068964,
      8.61862068965517,
      9.428965517241378,
      10.239310344827585,
      11.049655172413793,
      11.86,
      12.670344827586206,
      13.480689655172412,
      14.291034482758619,
      15.101379310344825,
      15.911724137931031,
      16.722068965517238,
      17.532413793103448,
      18.342758620689654,
      19.15310344827586,
      19.963448275862067,
      20.773793103448273,
      21.58413793103448,
      22.39448275862069,
      23.204827586206896,
      23.92280775784193,
      24.55671202349327,
      25.207413423581272,
      25.875357046963316,
      26.560999776418633,
      27.264810601162523,
      27.987270937641526,
      28.72887495882901,
      29.49012993224642,
      30.271556566941307,
      31.07368936965965
    ],
    "mass": [
      1359.8457265112497,
      1602.9972466642525,
      1742.7076883589275,
      1073.7717925169345,
      615.2320574023286,
      362.33524642803525,
      208.7007583977501,
      147.16934646997402,
      81.63648842130075,
      8.022421789735878,
      0.0,
      0.0,
      0.0,
      0.0,
      0.0,
      0.0,
      0.0,
      0.0,
      0.0,
      0.0,
      0.0,
      0.0,
      0.0,
      0.0,
      0.0,
      0.0,
      0.0,
      0.0,
      0.0,
      0.0,
      0.0,
      0.0,
      0.0,
      0.0,
      0.0,
      0.0,
      0.0,
      0.0,
      0.0,
      0.0
    ]
  },
  "scaling_params": {
    "mass_ref": 60000000000.0,
    "sigma_ref": 30.0,
    "alpha_beta": 0.0,
    "gamma_beta": 0.0,
    "alpha_min": 0.01,
    "alpha_max": 100.0,
    "gamma_min": -5.0,
    "gamma_max": 5.0
  },
  "force_match": false,
  "rms_velocity": 8.861317861470472,
  "n_points": 46,
  "data": [
    {
      "R": 0.11,
      "V_obs": 9.1,
      "V_GR": 27.237756882680337,
      "V_required": 0.0,
      "capacity": 349.3810395895799,
      "provided": 0.0,
      "V_model": 27.237756882680337
    },
    {
      "R": 0.14,
      "V_obs": 17.6,
      "V_GR": 29.917062021528785,
      "V_required": 0.0,
      "capacity": 357.41219745366084,
      "provided": 0.0,
      "V_model": 29.917062021528785
    },
    {
      "R": 0.17,
      "V_obs": 19.3,
      "V_GR": 32.32653553970793,
      "V_required": 0.0,
      "capacity": 389.46284238170193,
      "provided": 0.0,
      "V_model": 32.32653553970793
    },
    {
      "R": 0.21,
      "V_obs": 24.8,
      "V_GR": 35.62593016329538,
      "V_required": 0.0,
      "capacity": 430.5683804453981,
      "provided": 0.0,
      "V_model": 35.62593016329538
    },
    {
      "R": 0.24,
      "V_obs": 30.0,
      "V_GR": 37.98720837334589,
      "V_required": 0.0,
      "capacity": 439.9016710607639,
      "provided": 0.0,
      "V_model": 37.98720837334589
    },
    {
      "R": 0.28,
      "V_obs": 35.0,
      "V_GR": 40.67995698129486,
      "V_required": 0.0,
      "capacity": 463.39717144890204,
      "provided": 0.0,
      "V_model": 40.67995698129486
    },
    {
      "R": 0.32,
      "V_obs": 38.3,
      "V_GR": 43.212758532637096,
      "V_required": 0.0,
      "capacity": 486.2031900289359,
      "provided": 0.0,
      "V_model": 43.212758532637096
    },
    {
      "R": 0.35,
      "V_obs": 42.7,
      "V_GR": 45.056250398807045,
      "V_required": 0.0,
      "capacity": 499.0507558410038,
      "provided": 0.0,
      "V_model": 45.056250398807045
    },
    {
      "R": 0.39,
      "V_obs": 47.0,
      "V_GR": 47.3495353725884,
      "V_required": 0.0,
      "capacity": 507.3427802846883,
      "provided": 0.0,
      "V_model": 47.3495353725884
    },
    {
      "R": 0.42,
      "V_obs": 49.8,
      "V_GR": 48.91362284681028,
      "V_required": 9.354009835359328,
      "capacity": 520.4062148537025,
      "provided": 7.229431770925273,
      "V_model": 49.44499149287483
    },
    {
      "R": 0.46,
      "V_obs": 52.2,
      "V_GR": 51.02733483144108,
      "V_required": 11.002322482094412,
      "capacity": 539.3178364455671,
      "provided": 8.50336284716588,
      "V_model": 51.73099728122937
    },
    {
      "R": 0.49,
      "V_obs": 53.4,
      "V_GR": 52.63182402311362,
      "V_required": 9.025026315751095,
      "capacity": 553.8836235809522,
      "provided": 6.975170341802539,
      "V_model": 53.09201353590916
    },
    {
      "R": 0.53,
      "V_obs": 54.6,
      "V_GR": 54.83612039522854,
      "V_required": 0.0,
      "capacity": 567.9803830192286,
      "provided": 0.0,
      "V_model": 54.83612039522854
    },
    {
      "R": 0.56,
      "V_obs": 55.5,
      "V_GR": 56.269950239892694,
      "V_required": 0.0,
      "capacity": 549.025302925521,
      "provided": 0.0,
      "V_model": 56.269950239892694
    },
    {
      "R": 0.6,
      "V_obs": 55.9,
      "V_GR": 57.61317384071112,
      "V_required": 0.0,
      "capacity": 538.7077809733252,
      "provided": 0.0,
      "V_model": 57.61317384071112
    },
    {
      "R": 0.63,
      "V_obs": 58.3,
      "V_GR": 58.57715766405878,
      "V_required": 0.0,
      "capacity": 552.0693083841408,
      "provided": 0.0,
      "V_model": 58.57715766405878
    },
    {
      "R": 0.66,
      "V_obs": 59.3,
      "V_GR": 59.64116866728887,
      "V_required": 0.0,
      "capacity": 561.9761719524989,
      "provided": 0.0,
      "V_model": 59.64116866728887
    },
    {
      "R": 0.7,
      "V_obs": 59.5,
      "V_GR": 61.13488774832256,
      "V_required": 0.0,
      "capacity": 575.9004535238021,
      "provided": 0.0,
      "V_model": 61.13488774832256
    },
    {
      "R": 0.87,
      "V_obs": 59.1,
      "V_GR": 66.16646053704248,
      "V_required": 0.0,
      "capacity": 565.9318572755078,
      "provided": 0.0,
      "V_model": 66.16646053704248
    },
    {
      "R": 1.05,
      "V_obs": 62.6,
      "V_GR": 69.76248347070222,
      "V_required": 0.0,
      "capacity": 556.2067216635854,
      "provided": 15.546087077258615,
      "V_model": 71.47366594357469
    },
    {
      "R": 1.22,
      "V_obs": 65.6,
      "V_GR": 72.54878083055566,
      "V_required": 0.0,
      "capacity": 559.334695268292,
      "provided": 15.546087077258615,
      "V_model": 74.1957304931605
    },
    {
      "R": 1.4,
      "V_obs": 70.7,
      "V_GR": 75.77865794536085,
      "V_required": 0.0,
      "capacity": 590.6473384234846,
      "provided": 15.546087077258615,
      "V_model": 77.35687314915015
    },
    {
      "R": 1.57,
      "V_obs": 73.9,
      "V_GR": 79.40491168687237,
      "V_required": 0.0,
      "capacity": 600.4442692608736,
      "provided": 15.546087077258615,