{
  "galaxy": "PGC51017",
  "alpha": 2.8271,
  "gamma": 0.8579,
  "alpha_eff": 2.8271,
  "gamma_eff": 0.8579,
  "alpha_scaling": "constant",
  "gamma_scaling": "constant",
  "shell_mode": "gravity_adaptive",
  "shell_parameters": {
    "R_coh": 10.89,
    "R_stop": 14.52,
    "r_factor": 4.0,
    "n_shell_min": 8,
    "n_shell_max": 40,
    "g_floor": 1e-05,
    "coh_radius_factor": 3.0,
    "spillover_mode": "hybrid",
    "spill_weights": [
      0.06481968099841284,
      0.10559682423839668,
      0.13152766093691137,
      0.13743805820219726,
      0.14231387771677237,
      0.12444733248453571,
      0.12051405186115068,
      0.09911834472519555,
      0.0742241688364274,
      0.0,
      0.0,
      0.0,
      0.0,
      0.0,
      0.0,
      0.0,
      0.0,
      0.0,
      0.0,
      0.0,
      0.0,
      0.0,
      0.0,
      0.0,
      0.0,
      0.0,
      0.0,
      0.0,
      0.0,
      0.0,
      0.0,
      0.0,
      0.0,
      0.0,
      0.0,
      0.0,
      0.0,
      0.0,
      0.0,
      0.0
    ]
  },
  "budget_factor": 1.0,
  "spillover_mode": "hybrid",
  "spillover_params": {
    "alpha": 0.4,
    "beta": 1.0,
    "gamma": 0.8,
    "delta": 1.8,
    "gcut": 1e-05
  },
  "shell_profile": {
    "centers": [
      0.5120689655172415,
      0.8762068965517242,
      1.240344827586207,
      1.6044827586206898,
      1.9686206896551726,
      2.3327586206896553,
      2.696896551724138,
      3.061034482758621,
      3.4251724137931037,
      3.7893103448275864,
      4.153448275862069,
      4.517586206896552,
      4.881724137931035,
      5.2458620689655175,
      5.61,
      5.974137931034483,
      6.338275862068966,
      6.702413793103449,
      7.066551724137931,
      7.430689655172414,
      7.794827586206897,
      8.15896551724138,
      8.523103448275862,
      8.887241379310346,
      9.251379310344827,
      9.615517241379312,
      9.979655172413793,
      10.343793103448277,
      10.707931034482758,
      11.034281087797487,
      11.326666409819644,
      11.62679933006354,
      11.934885143643822,
      12.251134585565396,
      12.575763974869119,
      12.90899536259704,
      13.251056683678435,
      13.602181912840466,
      13.962611224650182,
      14.332591157797271
    ],
    "mass": [
      42.16781100690409,
      38.24234189501016,
      28.746361993144667,
      17.640909949531732,
      12.189021139250066,
      6.091799312691229,
      4.217117763389142,
      2.0527446950804653,
      0.8268974541223753,
      0.0,
      0.0,
      0.0,
      0.0,
      0.0,
      0.0,
      0.0,
      0.0,
      0.0,
      0.0,
      0.0,
      0.0,
      0.0,
      0.0,
      0.0,
      0.0,
      0.0,
      0.0,
      0.0,
      0.0,
      0.0,
      0.0,
      0.0,
      0.0,
      0.0,
      0.0,
      0.0,
      0.0,
      0.0,
      0.0,
      0.0
    ]
  },
  "scaling_params": {
    "mass_ref": 60000000000.0,
    "sigma_ref": 30.0,
    "alpha_beta": 0.0,
    "gamma_beta": 0.0,
    "alpha_min": 0.01,
    "alpha_max": 100.0,
    "gamma_min": -5.0,
    "gamma_max": 5.0
  },
  "force_match": false,
  "rms_velocity": 4.550675736505374,
  "n_points": 6,
  "data": [
    {
      "R": 0.33,
      "V_obs": 20.5,
      "V_GR": 11.918120657217731,
      "V_required": 16.679580330451962,
      "capacity": 31.56223637451599,
      "provided": 1.081165076207298,
      "V_model": 11.96705970245032
    },
    {
      "R": 0.99,
      "V_obs": 19.9,
      "V_GR": 22.59784281740184,
      "V_required": 0.0,
      "capacity": 24.945498314439526,
      "provided": 1.7613107125249545,
      "V_model": 22.666378524723687
    },
    {
      "R": 1.65,
      "V_obs": 19.3,
      "V_GR": 23.590398470564246,
      "V_required": 0.0,
      "capacity": 11.438563363721357,
      "provided": 2.292409132244882,
      "V_model": 23.70151977468111
    },
    {
      "R": 2.31,
      "V_obs": 18.8,
      "V_GR": 22.22583181795453,
      "V_required": 0.0,
      "capacity": 4.220355318703001,
      "provided": 2.0757292790862776,
      "V_model": 22.322550303226016
    },
    {
      "R": 2.97,
      "V_obs": 18.2,
      "V_GR": 20.967930274588383,
      "V_required": 0.0,
      "capacity": 1.4774591242472177,
      "provided": 1.653252393065329,
      "V_model": 21.03300604942566
    },
    {
      "R": 3.63,
      "V_obs": 18.3,
      "V_GR": 20.29507329378241,
      "V_required": 0.0,
      "capacity": 0.0,
      "provided": 0.0,
      "V_model": 20.29507329378241
    }
  ]
}