{
  "galaxy": "UGC06973",
  "alpha": 2.8271,
  "gamma": 0.8579,
  "alpha_eff": 2.8271,
  "gamma_eff": 0.8579,
  "alpha_scaling": "constant",
  "gamma_scaling": "constant",
  "shell_mode": "gravity_adaptive",
  "shell_parameters": {
    "R_coh": 23.549999999999997,
    "R_stop": 31.4,
    "r_factor": 4.0,
    "n_shell_min": 8,
    "n_shell_max": 40,
    "g_floor": 1e-05,
    "coh_radius_factor": 3.0,
    "spillover_mode": "hybrid",
    "spill_weights": [
      0.02478270972862513,
      0.019781283524843443,
      0.017422045583849015,
      0.017263376767811058,
      0.01746711925944866,
      0.016218212815175714,
      0.013395792849073928,
      0.01234418459451919,
      0.012550076956074152,
      0.013976337290937415,
      0.015391221522272049,
      0.016786191731094927,
      0.018153423991541528,
      0.01948577230448925,
      0.02077674199289009,
      0.02202046875382229,
      0.023211700856076548,
      0.024345782811652575,
      0.02541863941071069,
      0.026426759394110717,
      0.02736717830666997,
      0.028237460265372175,
      0.029035678513922452,
      0.029760394733921648,
      0.030410637154040673,
      0.030985877549119717,
      0.0314860072562122,
      0.03191131235791805,
      0.03226244819762539,
      0.03017906591370148,
      0.0306682681570595,
      0.03111981290210517,
      0.03152966916975962,
      0.03189375389625083,
      0.0322079657031091,
      0.03246822317275987,
      0.032670507660398806,
      0.0328109105831345,
      0.03288568502153445,
      0.03289130134636588
    ]
  },
  "budget_factor": 1.0,
  "spillover_mode": "hybrid",
  "spillover_params": {
    "alpha": 0.4,
    "beta": 1.0,
    "gamma": 0.8,
    "delta": 1.8,
    "gcut": 1e-05
  },
  "shell_profile": {
    "centers": [
      2.1160344827586206,
      2.8681034482758623,
      3.6201724137931035,
      4.372241379310345,
      5.124310344827586,
      5.876379310344827,
      6.628448275862069,
      7.3805172413793105,
      8.132586206896551,
      8.884655172413794,
      9.636724137931033,
      10.388793103448275,
      11.140862068965518,
      11.892931034482757,
      12.645,
      13.397068965517242,
      14.149137931034481,
      14.901206896551724,
      15.653275862068966,
      16.405344827586205,
      17.157413793103444,
      17.909482758620687,
      18.66155172413793,
      19.41362068965517,
      20.16568965517241,
      20.917758620689654,
      21.669827586206893,
      22.421896551724135,
      23.173965517241378,
      23.862012820719077,
      24.494306147957072,
      25.143353923140154,
      25.809600104023133,
      26.493500412310834,
      27.195522645378112,
      27.91614699624979,
      28.655866382059415,
      29.415186781211467,
      30.194627579477654,
      30.994721925264066
    ],
    "mass": [
      14348.420896235844,
      3875.536681751234,
      1605.6177125982206,
      1000.6543284743167,
      710.6041760275773,
      431.24232039680584,
      204.2083990774331,
      131.7167857507771,
      111.83022549240407,
      122.17183637238583,
      132.51344725236768,
      142.85505813234997,
      153.1966690123315,
      163.5382798923134,
      173.87989077229568,
      184.2215016522772,
      194.56311253225903,
      204.90472341224145,
      215.24633429222288,
      225.5879451722042,
      235.92955605218717,
      246.27116693216792,
      256.612777812151,
      266.9543886921329,
      277.29599957211354,
      287.63761045209674,
      297.9792213320787,
      308.32083221205914,
      318.6624430920425,
      272.2590767241462,
      286.87883022670707,
      302.2836344796311,
      318.51564509659283,
      335.6192813611773,
      353.6413477813113,
      372.6311621709155,
      392.64069060926795,
      413.7246896474302,
      435.9408561508426,
      459.3499851881787
    ]
  },
  "scaling_params": {
    "mass_ref": 60000000000.0,
    "sigma_ref": 30.0,
    "alpha_beta": 0.0,
    "gamma_beta": 0.0,
    "alpha_min": 0.01,
    "alpha_max": 100.0,
    "gamma_min": -5.0,
    "gamma_max": 5.0
  },
  "force_match": false,
  "rms_velocity": 88.38588236178462,
  "n_points": 9,
  "data": [
    {
      "R": 1.74,
      "V_obs": 170.0,
      "V_GR": 357.2829861608302,
      "V_required": 0.0,
      "capacity": 2427.643452662686,
      "provided": 0.5064292613429637,
      "V_model": 357.28334507865986
    },
    {
      "R": 2.61,
      "V_obs": 174.0,
      "V_GR": 304.339186763716,
      "V_required": 0.0,
      "capacity": 547.9378825016681,
      "provided": 0.4042262090626504,
      "V_model": 304.33945521214974
    },
    {
      "R": 3.5,
      "V_obs": 170.0,
      "V_GR": 269.4453406537215,
      "V_required": 0.0,
      "capacity": 195.265228612696,
      "provided": 0.35601569694056107,
      "V_model": 269.44557585378254
    },
    {
      "R": 4.37,
      "V_obs": 170.0,
      "V_GR": 240.08091927514775,
      "V_required": 0.0,
      "capacity": 111.87898435456414,
      "provided": 0.35277333433436664,
      "V_model": 240.08117845642425
    },
    {
      "R": 5.32,
      "V_obs": 171.0,
      "V_GR": 219.24542549389713,
      "V_required": 0.0,
      "capacity": 65.49558332148793,
      "provided": 0.35693676765840815,
      "V_model": 219.2457160444785
    },
    {
      "R": 6.28,
      "V_obs": 174.0,
      "V_GR": 202.07898802201083,
      "V_required": 0.0,
      "capacity": 27.655809398858484,
      "provided": 0.13687005077221273,
      "V_model": 202.07903437370933
    },
    {
      "R": 6.81,
      "V_obs": 177.0,
      "V_GR": 193.41644707728452,
      "V_required": 0.0,
      "capacity": 16.615489486390956,
      "provided": 0.13687005077221273,
      "V_model": 193.41649550493565
    },
    {
      "R": 7.33,
      "V_obs": 178.0,
      "V_GR": 185.57758215905284,
      "V_required": 0.0,
      "capacity": 13.073490995805475,
      "provided": 0.25225071650913283,
      "V_model": 185.57775359784907
    },
    {
      "R": 7.85,
      "V_obs": 180.0,
      "V_GR": 178.83629301682586,
      "V_required": 20.434781623496775,
      "capacity": 10.27846606395391,
      "provided": 0.2564580819554545,
      "V_model": 178.83647690207889
    }
  ]
}