{
  "galaxy": "UGC07089",
  "alpha": 2.8271,
  "gamma": 0.8579,
  "alpha_eff": 2.8271,
  "gamma_eff": 0.8579,
  "alpha_scaling": "constant",
  "gamma_scaling": "constant",
  "shell_mode": "gravity_adaptive",
  "shell_parameters": {
    "R_coh": 27.48,
    "R_stop": 36.64,
    "r_factor": 4.0,
    "n_shell_min": 8,
    "n_shell_max": 40,
    "g_floor": 1e-05,
    "coh_radius_factor": 3.0,
    "spillover_mode": "hybrid",
    "spill_weights": [
      0.004074525492525107,
      0.00741899703916373,
      0.010062118927988676,
      0.012246833215968688,
      0.013549945306741801,
      0.014145863232513232,
      0.014519664144544732,
      0.014602380389292461,
      0.014252285185990603,
      0.014631830879558638,
      0.016243564577627205,
      0.017819213431429348,
      0.019350062937230118,
      0.02082875616766463,
      0.022249087478857656,
      0.023605830282104487,
      0.024894595912751873,
      0.026111720054427145,
      0.027254172785260537,
      0.028319488214791248,
      0.029305709846758544,
      0.030211348155986806,
      0.031035347324998092,
      0.03177705858044382,
      0.0324362180533021,
      0.03301292753066815,
      0.03350763685583258,
      0.033921127062257805,
      0.03425449359747728,
      0.0314193981938989,
      0.03189460900045911,
      0.032332906617705104,
      0.03273040349500087,
      0.033083137409838356,
      0.033387101156346945,
      0.03363827694144566,
      0.033832675635842295,
      0.033966380945231196,
      0.03403559846651011,
      0.03403670947356435
    ]
  },
  "budget_factor": 1.0,
  "spillover_mode": "hybrid",
  "spillover_params": {
    "alpha": 0.4,
    "beta": 1.0,
    "gamma": 0.8,
    "delta": 1.8,
    "gcut": 1e-05
  },
  "shell_profile": {
    "centers": [
      1.3287931034482758,
      2.2463793103448273,
      3.1639655172413796,
      4.081551724137931,
      4.999137931034483,
      5.916724137931034,
      6.834310344827586,
      7.751896551724137,
      8.669482758620688,
      9.58706896551724,
      10.504655172413791,
      11.422241379310343,
      12.339827586206896,
      13.257413793103447,
      14.174999999999999,
      15.09258620689655,
      16.010172413793104,
      16.927758620689655,
      17.845344827586207,
      18.762931034482758,
      19.68051724137931,
      20.59810344827586,
      21.515689655172412,
      22.433275862068967,
      23.35086206896552,
      24.26844827586207,
      25.186034482758622,
      26.103620689655173,
      27.021206896551725,
      27.84408120226583,
      28.581890995577936,
      29.33925120203361,
      30.116679866605338,
      30.914708761371628,
      31.7338837492565,
      32.5747651574074,
      33.43792816046679,
      34.32396317399963,
      35.2334762583459,
      36.16708953317438
    ],
    "mass": [
      474.1143574487369,
      579.4034996673074,
      538.3184577486509,
      477.6101482811118,
      382.0586491334017,
      289.4889737488388,
      224.55275463946688,
      174.0742134614455,
      130.35179765279116,
      114.41499395622124,
      125.36574654744521,
      136.31649913866943,
      147.2672517298932,
      158.21800432111718,
      169.16875691234117,
      180.11950950356513,
      191.0702620947895,
      202.02101468601313,
      212.9717672772371,
      223.92251986846105,
      234.87327245968507,
      245.82402505090903,
      256.774777642133,
      267.7255302333581,
      278.676282824581,
      289.627035415805,
      300.57778800702897,
      311.52854059825296,
      322.4792931894769,
      263.70074559742454,
      277.86093428778065,
      292.7814960415192,
      308.5032613311851,
      325.0692531418748,
      342.5248047046638,
      360.91768355207336,
      380.29822223506346,
      400.7194560592385,
      422.2372682172597,
      444.9105427145006
    ]
  },
  "scaling_params": {
    "mass_ref": 60000000000.0,
    "sigma_ref": 30.0,
    "alpha_beta": 0.0,
    "gamma_beta": 0.0,
    "alpha_min": 0.01,
    "alpha_max": 100.0,
    "gamma_min": -5.0,
    "gamma_max": 5.0
  },
  "force_match": false,
  "rms_velocity": 14.73845157650716,
  "n_points": 12,
  "data": [
    {
      "R": 0.87,
      "V_obs": 20.9,
      "V_GR": 19.68121185293223,
      "V_required": 7.032773279439619,
      "capacity": 38.44401588210966,
      "provided": 0.5780478688472813,
      "V_model": 19.68969881279749
    },
    {
      "R": 1.74,
      "V_obs": 36.4,
      "V_GR": 34.07028323921009,
      "V_required": 12.813110473261352,
      "capacity": 57.58931942496216,
      "provided": 1.053153700265974,
      "V_model": 34.086556480765026
    },
    {
      "R": 2.61,
      "V_obs": 43.4,
      "V_GR": 44.03643264389158,
      "V_required": 0.0,
      "capacity": 52.33296491615653,
      "provided": 2.9701322604882194,
      "V_model": 44.13648247929135
    },
    {
      "R": 3.5,
      "V_obs": 51.2,
      "V_GR": 48.7767905873275,
      "V_required": 15.564854641145871,
      "capacity": 46.580344560310905,
      "provided": 4.028283591316413,
      "V_model": 48.94284798305131
    },
    {
      "R": 4.37,
      "V_obs": 59.7,
      "V_GR": 52.13794971035973,
      "V_required": 29.081337658367783,
      "capacity": 39.19006741985249,
      "provided": 4.9029153444260505,
      "V_model": 52.36797092569664
    },
    {
      "R": 5.24,
      "V_obs": 64.5,
      "V_GR": 53.93761303580276,
      "V_required": 35.369250769559706,
      "capacity": 29.328476690132625,
      "provided": 5.424605168455654,
      "V_model": 54.20970799804806
    },
    {
      "R": 6.11,
      "V_obs": 67.9,
      "V_GR": 54.11803119109194,
      "V_required": 41.00791021254315,
      "capacity": 21.844570945346934,
      "provided": 5.66317583327647,
      "V_model": 54.413535636995746
    },
    {
      "R": 6.55,
      "V_obs": 72.8,
      "V_GR": 54.11797945230401,
      "V_required": 48.693780917074,
      "capacity": 19.271445499978558,
      "provided": 3.024334627682882,
      "V_model": 54.202419687133904
    },
    {
      "R": 6.98,
      "V_obs": 70.3,
      "V_GR": 54.096145888593576,
      "V_required": 44.89651434131607,
      "capacity": 16.93525024012577,
      "provided": 2.7884892162295136,
      "V_model": 54.167967214111215
    },
    {
      "R": 7.85,
      "V_obs": 73.7,
      "V_GR": 53.82706010920529,
      "V_required": 50.34220495766947,
      "capacity": 12.76899543514752,
      "provided": 5.845938587818448,
      "V_model": 54.14358131831089
    },
    {
      "R": 8.72,
      "V_obs": 77.6,
      "V_GR": 53.22826692651189,
      "V_required": 56.46690712266787,
      "capacity": 9.386122664911332,
      "provided": 5.705780955718053,
      "V_model": 53.533207790255155
    },
    {
      "R": 9.16,
      "V_obs": 79.1,
      "V_GR": 52.60427739262274,
      "V_required": 59.07283639711233,
      "capacity": 7.896586265729852,
      "provided": 5.857728840701017,
      "V_model": 52.92941514102702
    }
  ]
}