{
  "galaxy": "UGC06818",
  "alpha": 2.8271,
  "gamma": 0.8579,
  "alpha_eff": 2.8271,
  "gamma_eff": 0.8579,
  "alpha_scaling": "constant",
  "gamma_scaling": "constant",
  "shell_mode": "gravity_adaptive",
  "shell_parameters": {
    "R_coh": 20.94,
    "R_stop": 27.92,
    "r_factor": 4.0,
    "n_shell_min": 8,
    "n_shell_max": 40,
    "g_floor": 1e-05,
    "coh_radius_factor": 3.0,
    "spillover_mode": "hybrid",
    "spill_weights": [
      0.007861039013709718,
      0.011490434955442316,
      0.01400579205468362,
      0.016407703259834875,
      0.01792672959786809,
      0.018337801102514255,
      0.01709430748057554,
      0.015198349340387366,
      0.014762678093892787,
      0.015568334749795423,
      0.01715506602695969,
      0.01868537671740599,
      0.020150746296439735,
      0.0215444427242158,
      0.022861280373527307,
      0.024097396881541475,
      0.025250051674831724,
      0.026317447779694338,
      0.02729857725071514,
      0.028193089431409968,
      0.029001180422843623,
      0.029723501598621038,
      0.030361084734112125,
      0.0309152812589212,
      0.031387713235361374,
      0.031780233858683324,
      0.03209489552346601,
      0.032333923772019615,
      0.03249969571170731,
      0.029809076976289647,
      0.03015452996825354,
      0.0304625055600559,
      0.030729902353430233,
      0.03095359878987248,
      0.031130477925995315,
      0.031257455755241345,
      0.03133151318236958,
      0.031349731691026596,
      0.03130933266333259,
      0.031207720212951866
    ]
  },
  "budget_factor": 1.0,
  "spillover_mode": "hybrid",
  "spillover_params": {
    "alpha": 0.4,
    "beta": 1.0,
    "gamma": 0.8,
    "delta": 1.8,
    "gcut": 1e-05
  },
  "shell_profile": {
    "centers": [
      1.2160344827586207,
      1.908103448275862,
      2.6001724137931035,
      3.292241379310345,
      3.9843103448275863,
      4.676379310344828,
      5.36844827586207,
      6.06051724137931,
      6.752586206896552,
      7.444655172413793,
      8.136724137931035,
      8.828793103448277,
      9.520862068965517,
      10.212931034482757,
      10.905,
      11.597068965517241,
      12.289137931034482,
      12.981206896551724,
      13.673275862068966,
      14.365344827586206,
      15.057413793103446,
      15.74948275862069,
      16.44155172413793,
      17.133620689655174,
      17.825689655172418,
      18.517758620689655,
      19.2098275862069,
      19.90189655172414,
      20.59396551724138,
      21.217433055875055,
      21.77965056213253,
      22.35676565395137,
      22.94917308612503,
      23.55727807362161,
      24.181496568756593,
      24.822255545710007,
      25.479993292582773,
      26.155159711191857,
      26.848216624809435,
      27.55963809405646
    ],
    "mass": [
      320.71008894050397,
      273.49963190038994,
      212.2417784200824,
      180.13991335144337,
      144.56310954683485,
      106.84592669082048,
      66.60326733165165,
      38.71243910615265,
      29.16653639873013,
      27.840195505042587,
      30.428271763345027,
      33.01634802164751,
      35.60442427994985,
      38.19250053825238,
      40.78057679655471,
      43.36865305485726,
      45.956729313159705,
      48.54480557146202,
      51.13288182976459,
      53.720958088066894,
      56.30903434636946,
      58.897110604672065,
      61.48518686297419,
      64.07326312127697,
      66.66133937957908,
      69.2494156378815,
      71.83749189618395,
      74.42556815448675,
      77.01364441278879,
      63.614975086518456,
      67.03096865421372,
      70.63039406384124,
      74.42310122874629,
      78.41946898240164,
      82.63043348033146,
      87.06751812715902,
      91.74286511068138,
      96.66926862925267,
      101.86020990341453,
      107.32989406757572
    ]
  },
  "scaling_params": {
    "mass_ref": 60000000000.0,
    "sigma_ref": 30.0,
    "alpha_beta": 0.0,
    "gamma_beta": 0.0,
    "alpha_min": 0.01,
    "alpha_max": 100.0,
    "gamma_min": -5.0,
    "gamma_max": 5.0
  },
  "force_match": false,
  "rms_velocity": 20.059772416623687,
  "n_points": 8,
  "data": [
    {
      "R": 0.87,
      "V_obs": 23.4,
      "V_GR": 27.61793801137225,
      "V_required": 0.0,
      "capacity": 59.27489507437953,
      "provided": 1.8935963424112763,
      "V_model": 27.682778168167903
    },
    {
      "R": 1.74,
      "V_obs": 28.0,
      "V_GR": 38.93331863584198,
      "V_required": 0.0,
      "capacity": 50.76066285274543,
      "provided": 2.767858748238456,
      "V_model": 39.031581341910815
    },
    {
      "R": 2.61,
      "V_obs": 36.7,
      "V_GR": 41.45900264116348,
      "V_required": 0.0,
      "capacity": 36.34451320895948,
      "provided": 3.3737673303832256,
      "V_model": 41.596047961309516
    },
    {
      "R": 3.5,
      "V_obs": 47.6,
      "V_GR": 42.74494122115505,
      "V_required": 20.943495410269986,
      "capacity": 26.75305360576728,
      "provided": 3.9523486432273534,
      "V_model": 42.92727640786941
    },
    {
      "R": 4.37,
      "V_obs": 63.3,
      "V_GR": 42.38086832522429,
      "V_required": 47.01863460373982,
      "capacity": 19.011994452446267,
      "provided": 4.417277796869705,
      "V_model": 42.61044875537827
    },
    {
      "R": 5.24,
      "V_obs": 71.2,
      "V_GR": 42.91369245357477,
      "V_required": 56.81421477060121,
      "capacity": 10.558871421299969,
      "provided": 4.117740423984476,
      "V_model": 43.11079663146247
    },
    {
      "R": 6.11,
      "V_obs": 68.1,
      "V_GR": 41.83754533908508,
      "V_required": 53.73294892335614,
      "capacity": 5.1883344069145725,
      "provided": 3.6610349689722432,
      "V_model": 41.99742107610939
    },
    {
      "R": 6.98,
      "V_obs": 74.4,
      "V_GR": 40.556018049113256,
      "V_required": 62.374429055503185,
      "capacity": 3.5573382071218025,
      "provided": 3.5560888572156277,
      "V_model": 40.71162448196355
    }
  ]
}