{
  "galaxy": "UGC05750",
  "alpha": 2.8271,
  "gamma": 0.8579,
  "alpha_eff": 2.8271,
  "gamma_eff": 0.8579,
  "alpha_scaling": "constant",
  "gamma_scaling": "constant",
  "shell_mode": "gravity_adaptive",
  "shell_parameters": {
    "R_coh": 68.55000000000001,
    "R_stop": 91.4,
    "r_factor": 4.0,
    "n_shell_min": 8,
    "n_shell_max": 40,
    "g_floor": 1e-05,
    "coh_radius_factor": 3.0,
    "spillover_mode": "hybrid",
    "spill_weights": [
      0.023408193392984625,
      0.06794937260643356,
      0.12063376111661744,
      0.15459818314619062,
      0.13014233030310632,
      0.11329004530390381,
      0.12215324889134217,
      0.12144099790924391,
      0.10554184884365977,
      0.04084201848651768,
      0.0,
      0.0,
      0.0,
      0.0,
      0.0,
      0.0,
      0.0,
      0.0,
      0.0,
      0.0,
      0.0,
      0.0,
      0.0,
      0.0,
      0.0,
      0.0,
      0.0,
      0.0,
      0.0,
      0.0,
      0.0,
      0.0,
      0.0,
      0.0,
      0.0,
      0.0,
      0.0,
      0.0,
      0.0,
      0.0
    ]
  },
  "budget_factor": 1.0,
  "spillover_mode": "hybrid",
  "spillover_params": {
    "alpha": 0.4,
    "beta": 1.0,
    "gamma": 0.8,
    "delta": 1.8,
    "gcut": 1e-05
  },
  "shell_profile": {
    "centers": [
      1.4865517241379314,
      3.839655172413794,
      6.192758620689656,
      8.54586206896552,
      10.898965517241383,
      13.252068965517246,
      15.605172413793106,
      17.958275862068966,
      20.311379310344833,
      22.664482758620693,
      25.017586206896556,
      27.37068965517242,
      29.72379310344828,
      32.07689655172415,
      34.43000000000001,
      36.783103448275874,
      39.136206896551734,
      41.4893103448276,
      43.84241379310346,
      46.19551724137932,
      48.54862068965519,
      50.90172413793105,
      53.254827586206915,
      55.607931034482775,
      57.961034482758635,
      60.314137931034494,
      62.66724137931036,
      65.02034482758623,
      67.37344827586207,
      69.45821566285747,
      71.29871280010437,
      73.18797925398124,
      75.12730730916289,
      77.11802349315958,
      79.16148948368027,
      81.25910304003924,
      83.41229895924305,
      85.62255005741176,
      87.89136817720569,
      90.220305221947
    ],
    "mass": [
      460.96320943260866,
      646.022359190089,
      854.1533005912746,
      744.9778056982466,
      284.02497768384404,
      135.02990105952412,
      120.02321696850665,
      93.25996181531131,
      54.74013559993752,
      4.463738322385728,
      0.0,
      0.0,
      0.0,
      0.0,
      0.0,
      0.0,
      0.0,
      0.0,
      0.0,
      0.0,
      0.0,
      0.0,
      0.0,
      0.0,
      0.0,
      0.0,
      0.0,
      0.0,
      0.0,
      0.0,
      0.0,
      0.0,
      0.0,
      0.0,
      0.0,
      0.0,
      0.0,
      0.0,
      0.0,
      0.0
    ]
  },
  "scaling_params": {
    "mass_ref": 60000000000.0,
    "sigma_ref": 30.0,
    "alpha_beta": 0.0,
    "gamma_beta": 0.0,
    "alpha_min": 0.01,
    "alpha_max": 100.0,
    "gamma_min": -5.0,
    "gamma_max": 5.0
  },
  "force_match": false,
  "rms_velocity": 14.009561263097146,
  "n_points": 11,
  "data": [
    {
      "R": 0.31,
      "V_obs": 3.1,
      "V_GR": 4.17163037672323,
      "V_required": 0.0,
      "capacity": 8.406193039040131,
      "provided": 0.0,
      "V_model": 4.17163037672323
    },
    {
      "R": 1.47,
      "V_obs": 15.7,
      "V_GR": 17.317187993435887,
      "V_required": 0.0,
      "capacity": 22.976752771302728,
      "provided": 0.0,
      "V_model": 17.317187993435887
    },
    {
      "R": 2.52,
      "V_obs": 28.0,
      "V_GR": 22.73033655712119,
      "V_required": 16.350284401196205,
      "capacity": 28.018691806111732,
      "provided": 9.332909324638619,
      "V_model": 24.571760141714034
    },
    {
      "R": 3.35,
      "V_obs": 36.0,
      "V_GR": 26.325022317179524,
      "V_required": 24.555919856523396,
      "capacity": 27.031795154086513,
      "provided": 6.754219783752604,
      "V_model": 27.17767990258247
    },
    {
      "R": 4.09,
      "V_obs": 43.6,
      "V_GR": 27.21512998315459,
      "V_required": 34.06312815934555,
      "capacity": 28.639369079950377,
      "provided": 9.36922157486326,
      "V_model": 28.78273115808997
    },
    {
      "R": 4.82,
      "V_obs": 49.8,
      "V_GR": 29.831568849123578,
      "V_required": 39.876277409005965,
      "capacity": 34.76286841753245,
      "provided": 10.968155269767486,
      "V_model": 31.784004310686353
    },
    {
      "R": 6.6,
      "V_obs": 61.5,
      "V_GR": 38.68858875689316,
      "V_required": 47.806308161162164,
      "capacity": 34.02316523817242,
      "provided": 48.09700326249548,
      "V_model": 61.726239338165584
    },
    {
      "R": 7.86,
      "V_obs": 68.1,
      "V_GR": 42.880412777863974,
      "V_required": 52.90444404773572,
      "capacity": 32.15150195810321,
      "provided": 29.948606845716803,
      "V_model": 52.303430594936266
    },
    {
      "R": 9.43,
      "V_obs": 73.4,
      "V_GR": 47.473245096580456,
      "V_required": 55.98080921172898,
      "capacity": 23.067006372901957,
      "provided": 31.69010233761086,
      "V_model": 57.07864387113844
    },
    {
      "R": 11.43,
      "V_obs": 77.6,
      "V_GR": 45.69966848895077,
      "V_required": 62.716029051590944,
      "capacity": 5.059785871621082,
      "provided": 51.88809523335853,
      "V_model": 69.14357617990325
    },
    {
      "R": 22.85,
      "V_obs": 78.9,
      "V_GR": 45.51346174485083,
      "V_required": 64.44947478451628,
      "capacity": 0.0,
      "provided": 16.283822026355985,
      "V_model": 48.33878421915508
    }
  ]
}