{
  "galaxy": "UGC07323",
  "alpha": 2.8271,
  "gamma": 0.8579,
  "alpha_eff": 2.8271,
  "gamma_eff": 0.8579,
  "alpha_scaling": "constant",
  "gamma_scaling": "constant",
  "shell_mode": "gravity_adaptive",
  "shell_parameters": {
    "R_coh": 17.46,
    "R_stop": 23.28,
    "r_factor": 4.0,
    "n_shell_min": 8,
    "n_shell_max": 40,
    "g_floor": 1e-05,
    "coh_radius_factor": 3.0,
    "spillover_mode": "hybrid",
    "spill_weights": [
      0.002788176662982281,
      0.004988118938622943,
      0.007094402028291633,
      0.009030112785629816,
      0.01078720042681346,
      0.012422683263517434,
      0.013549530206959488,
      0.013872753243353443,
      0.013539689125936472,
      0.01394090021877298,
      0.015546653870178194,
      0.017135393458114514,
      0.018697798737266687,
      0.02022544137803802,
      0.0217106933327884,
      0.02314666022994191,
      0.024527133029883675,
      0.02584655266107141,
      0.027099983531048366,
      0.02828309276722357,
      0.02939213282548991,
      0.030423925734868667,
      0.03137584774446828,
      0.03224581352596619,
      0.03303225938058615,
      0.033734125122365684,
      0.03435083447511896,
      0.0348822739419207,
      0.0353287701936143,
      0.03252091373818908,
      0.033083230082566854,
      0.033608133049685164,
      0.03409121613132915,
      0.03452797302430685,
      0.034913830708144016,
      0.035244187834956316,
      0.035514458598821,
      0.0357201221618626,
      0.035856777603425115,
      0.03592020422588034
    ]
  },
  "budget_factor": 1.0,
  "spillover_mode": "hybrid",
  "spillover_params": {
    "alpha": 0.4,
    "beta": 1.0,
    "gamma": 0.8,
    "delta": 1.8,
    "gcut": 1e-05
  },
  "shell_profile": {
    "centers": [
      0.8710344827586207,
      1.4531034482758622,
      2.035172413793104,
      2.6172413793103453,
      3.199310344827587,
      3.7813793103448283,
      4.363448275862069,
      4.945517241379312,
      5.527586206896553,
      6.109655172413795,
      6.691724137931036,
      7.273793103448277,
      7.85586206896552,
      8.43793103448276,
      9.020000000000003,
      9.602068965517244,
      10.184137931034485,
      10.766206896551726,
      11.348275862068968,
      11.930344827586211,
      12.512413793103452,
      13.094482758620693,
      13.676551724137934,
      14.258620689655176,
      14.840689655172417,
      15.42275862068966,
      16.0048275862069,
      16.586896551724138,
      17.168965517241382,
      17.691326702749688,
      18.160109781033146,
      18.641314628366334,
      19.135270395594226,
      19.64231495536931,
      20.16279513326123,
      20.697066944990297,
      21.245495839947242,
      21.808456951165706,
      22.386335351918472,
      22.979526319112978
    ],
    "mass": [
      370.92782789670997,
      447.3905321790161,
      472.90483693358243,
      470.66232023042716,
      455.43304036632713,
      438.9782626277788,
      393.6328459169427,
      316.40642648146326,
      234.57476117501815,
      205.12268534363494,
      224.66479465958764,
      244.206903975541,
      263.74901329149407,
      283.29112260744665,
      302.83323192340066,
      322.3753412393527,
      341.9174505553056,
      361.4595598712597,
      381.0016691872117,
      400.5437785031659,
      420.0858878191177,
      439.62799713507064,
      459.1701064510251,
      478.71221576697667,
      498.25432508292965,
      517.7964343988843,
      537.338543714834,
      556.8806530307885,
      576.4227623467416,
      472.10512548458763,
      497.4562015439333,
      524.1685783447241,
      552.3153549421969,
      581.9735556607556,
      613.2243408729245,
      646.153229096603,
      680.8503310185652,
      717.4105960844508,
      755.9340723302287,
      796.5261801660035
    ]
  },
  "scaling_params": {
    "mass_ref": 60000000000.0,
    "sigma_ref": 30.0,
    "alpha_beta": 0.0,
    "gamma_beta": 0.0,
    "alpha_min": 0.01,
    "alpha_max": 100.0,
    "gamma_min": -5.0,
    "gamma_max": 5.0
  },
  "force_match": false,
  "rms_velocity": 10.28726459329501,
  "n_points": 10,
  "data": [
    {
      "R": 0.58,
      "V_obs": 23.9,
      "V_GR": 22.00651040033381,
      "V_required": 9.323277320770837,
      "capacity": 88.50842453454823,
      "provided": 0.7558360632591983,
      "V_model": 22.019486555197496
    },
    {
      "R": 1.17,
      "V_obs": 34.7,
      "V_GR": 34.940545216123915,
      "V_required": 0.0,
      "capacity": 114.4221539281645,
      "provided": 1.3522099340738136,
      "V_model": 34.966700898223266
    },
    {
      "R": 1.75,
      "V_obs": 42.8,
      "V_GR": 43.08431849292733,
      "V_required": 0.0,
      "capacity": 118.67974206920326,
      "provided": 1.9231940972156745,
      "V_model": 43.12722081859165
    },
    {
      "R": 2.33,
      "V_obs": 51.3,
      "V_GR": 48.80742259124118,
      "V_required": 15.796376166703544,
      "capacity": 117.35347274027941,
      "provided": 2.447938464335525,
      "V_model": 48.8687722653759
    },
    {
      "R": 2.91,
      "V_obs": 57.7,
      "V_GR": 53.28223155987369,
      "V_required": 22.142578892260953,
      "capacity": 108.00006151545996,
      "provided": 2.924260579481955,
      "V_model": 53.362416548884966
    },
    {
      "R": 3.5,
      "V_obs": 67.3,
      "V_GR": 57.45912112101959,
      "V_required": 35.03911243168126,
      "capacity": 102.59730351140745,
      "provided": 1.5025353828171144,
      "V_model": 57.478763144109294
    },
    {
      "R": 4.07,
      "V_obs": 75.4,
      "V_GR": 61.59105860431366,
      "V_required": 43.49369494535962,
      "capacity": 93.24448746323925,
      "provided": 1.8650819341464986,
      "V_model": 61.619291059059414
    },
    {
      "R": 4.65,
      "V_obs": 79.5,
      "V_GR": 65.90393690819995,
      "V_required": 44.46258089674958,
      "capacity": 76.28649650194204,
      "provided": 3.6730899109117656,
      "V_model": 66.00621553682382
    },
    {
      "R": 5.23,
      "V_obs": 82.8,
      "V_GR": 67.5111050124348,
      "V_required": 47.93840527176515,
      "capacity": 55.35040408565438,
      "provided": 3.760711197836024,
      "V_model": 67.61576923110117
    },
    {
      "R": 5.82,
      "V_obs": 85.6,
      "V_GR": 67.30523976630646,
      "V_required": 52.8901191150105,
      "capacity": 38.74417945922406,
      "provided": 3.7791848986986625,
      "V_model": 67.4112567639749
    }
  ]
}