{
  "galaxy": "UGC06614",
  "alpha": 2.8271,
  "gamma": 0.8579,
  "alpha_eff": 2.8271,
  "gamma_eff": 0.8579,
  "alpha_scaling": "constant",
  "gamma_scaling": "constant",
  "shell_mode": "gravity_adaptive",
  "shell_parameters": {
    "R_coh": 193.77,
    "R_stop": 258.36,
    "r_factor": 4.0,
    "n_shell_min": 8,
    "n_shell_max": 40,
    "g_floor": 1e-05,
    "coh_radius_factor": 3.0,
    "spillover_mode": "hybrid",
    "spill_weights": [
      0.16314994520565848,
      0.23249356759244533,
      0.2661033092950479,
      0.19110087382596555,
      0.14715230408088278,
      0.0,
      0.0,
      0.0,
      0.0,
      0.0,
      0.0,
      0.0,
      0.0,
      0.0,
      0.0,
      0.0,
      0.0,
      0.0,
      0.0,
      0.0,
      0.0,
      0.0,
      0.0,
      0.0,
      0.0,
      0.0,
      0.0,
      0.0,
      0.0,
      0.0,
      0.0,
      0.0,
      0.0,
      0.0,
      0.0,
      0.0,
      0.0,
      0.0,
      0.0,
      0.0
    ]
  },
  "budget_factor": 1.0,
  "spillover_mode": "hybrid",
  "spillover_params": {
    "alpha": 0.4,
    "beta": 1.0,
    "gamma": 0.8,
    "delta": 1.8,
    "gcut": 1e-05
  },
  "shell_profile": {
    "centers": [
      6.515172413793104,
      13.085517241379312,
      19.65586206896552,
      26.22620689655173,
      32.796551724137935,
      39.36689655172414,
      45.93724137931035,
      52.507586206896555,
      59.077931034482766,
      65.64827586206899,
      72.21862068965518,
      78.7889655172414,
      85.3593103448276,
      91.92965517241382,
      98.50000000000001,
      105.07034482758623,
      111.64068965517244,
      118.21103448275865,
      124.78137931034485,
      131.35172413793106,
      137.92206896551727,
      144.49241379310345,
      151.06275862068966,
      157.63310344827588,
      164.2034482758621,
      170.7737931034483,
      177.3441379310345,
      183.9144827586207,
      190.4848275862069,
      196.33724943824782,
      201.53977504414618,
      206.8801566746016,
      212.36204722533176,
      217.98919638613467,
      223.765453205729,
      229.69476872455726,
      235.78119867735262,
      242.02890626731835,
      248.44216501381686,
      255.0253616755167
    ],
    "mass": [
      62583.03475367445,
      26912.687342918183,
      13929.02715389234,
      3047.4715841919865,
      940.3069270506851,
      0.0,
      0.0,
      0.0,
      0.0,
      0.0,
      0.0,
      0.0,
      0.0,
      0.0,
      0.0,
      0.0,
      0.0,
      0.0,
      0.0,
      0.0,
      0.0,
      0.0,
      0.0,
      0.0,
      0.0,
      0.0,
      0.0,
      0.0,
      0.0,
      0.0,
      0.0,
      0.0,
      0.0,
      0.0,
      0.0,
      0.0,
      0.0,
      0.0,
      0.0,
      0.0
    ]
  },
  "scaling_params": {
    "mass_ref": 60000000000.0,
    "sigma_ref": 30.0,
    "alpha_beta": 0.0,
    "gamma_beta": 0.0,
    "alpha_min": 0.01,
    "alpha_max": 100.0,
    "gamma_min": -5.0,
    "gamma_max": 5.0
  },
  "force_match": false,
  "rms_velocity": 47.965939155645216,
  "n_points": 13,
  "data": [
    {
      "R": 3.23,
      "V_obs": 194.0,
      "V_GR": 251.3879340779903,
      "V_required": 0.0,
      "capacity": 397.4972773723856,
      "provided": 71.36359805640777,
      "V_model": 261.3209837107547
    },
    {
      "R": 9.18,
      "V_obs": 172.0,
      "V_GR": 196.08156950616242,
      "V_required": 0.0,
      "capacity": 122.47035189933072,
      "provided": 71.36359805640777,
      "V_model": 208.66419201088752
    },
    {
      "R": 10.64,
      "V_obs": 170.0,
      "V_GR": 189.06445488245535,
      "V_required": 0.0,
      "capacity": 133.74714934441644,
      "provided": 40.678107461091805,
      "V_model": 193.39099391289173
    },
    {
      "R": 11.58,
      "V_obs": 170.0,
      "V_GR": 186.89985045472886,
      "V_required": 0.0,
      "capacity": 137.70935080829773,
      "provided": 40.678107461091805,
      "V_model": 191.27535786560733
    },
    {
      "R": 12.52,
      "V_obs": 171.0,
      "V_GR": 186.62679550375395,
      "V_required": 0.0,
      "capacity": 147.9451725691511,
      "provided": 40.678107461091805,
      "V_model": 191.0085579931332
    },
    {
      "R": 13.57,
      "V_obs": 172.0,
      "V_GR": 189.79747548373766,
      "V_required": 0.0,
      "capacity": 143.12892881099677,
      "provided": 40.678107461091805,
      "V_model": 194.1076766297926
    },
    {
      "R": 15.76,
      "V_obs": 174.0,
      "V_GR": 189.21760964561412,
      "V_required": 0.0,
      "capacity": 93.40704182789109,
      "provided": 40.678107461091805,
      "V_model": 193.54072498214978
    },
    {
      "R": 24.94,
      "V_obs": 193.0,
      "V_GR": 156.05275614355548,
      "V_required": 113.5629222061497,
      "capacity": 17.176529848373022,
      "provided": 81.07443171182693,
      "V_model": 175.856549998559
    },
    {
      "R": 26.3,
      "V_obs": 194.0,
      "V_GR": 151.9520651389773,
      "V_required": 120.6091617581351,
      "capacity": 14.585813165367869,
      "provided": 86.10485763152627,
      "V_model": 174.65244518112368
    },
    {
      "R": 34.96,
      "V_obs": 201.0,
      "V_GR": 134.0679935704268,
      "V_required": 149.75571141028308,
      "capacity": 0.0,
      "provided": 128.73210430153668,
      "V_model": 185.86603126419232
    },
    {
      "R": 36.84,
      "V_obs": 202.0,
      "V_GR": 130.70529637317685,
      "V_required": 154.0133938980633,
      "capacity": 0.0,
      "provided": 0.0,
      "V_model": 130.70529637317685
    },
    {
      "R": 47.38,
      "V_obs": 205.0,
      "V_GR": 121.1683927433223,
      "V_required": 165.35785617865272,
      "capacity": 0.0,
      "provided": 0.0,
      "V_model": 121.1683927433223
    },
    {
      "R": 64.59,
      "V_obs": 204.0,
      "V_GR": 110.43460961129894,
      "V_required": 171.52316753138626,
      "capacity": 0.0,
      "provided": 0.0,
      "V_model": 110.43460961129894
    }
  ]
}