{
  "galaxy": "UGC06930",
  "alpha": 2.8271,
  "gamma": 0.8579,
  "alpha_eff": 2.8271,
  "gamma_eff": 0.8579,
  "alpha_scaling": "constant",
  "gamma_scaling": "constant",
  "shell_mode": "gravity_adaptive",
  "shell_parameters": {
    "R_coh": 49.83,
    "R_stop": 66.44,
    "r_factor": 4.0,
    "n_shell_min": 8,
    "n_shell_max": 40,
    "g_floor": 1e-05,
    "coh_radius_factor": 3.0,
    "spillover_mode": "hybrid",
    "spill_weights": [
      0.062002518228598445,
      0.09502618253502038,
      0.12626562145031348,
      0.15332015022796058,
      0.16392619078999737,
      0.16034070302062603,
      0.13808573284554584,
      0.10103290090193774,
      0.0,
      0.0,
      0.0,
      0.0,
      0.0,
      0.0,
      0.0,
      0.0,
      0.0,
      0.0,
      0.0,
      0.0,
      0.0,
      0.0,
      0.0,
      0.0,
      0.0,
      0.0,
      0.0,
      0.0,
      0.0,
      0.0,
      0.0,
      0.0,
      0.0,
      0.0,
      0.0,
      0.0,
      0.0,
      0.0,
      0.0,
      0.0
    ]
  },
  "budget_factor": 1.0,
  "spillover_mode": "hybrid",
  "spillover_params": {
    "alpha": 0.4,
    "beta": 1.0,
    "gamma": 0.8,
    "delta": 1.8,
    "gcut": 1e-05
  },
  "shell_profile": {
    "centers": [
      2.569137931034483,
      4.227413793103448,
      5.885689655172413,
      7.543965517241379,
      9.202241379310344,
      10.860517241379311,
      12.518793103448276,
      14.177068965517241,
      15.835344827586207,
      17.493620689655174,
      19.151896551724136,
      20.810172413793104,
      22.468448275862066,
      24.126724137931035,
      25.784999999999997,
      27.443275862068965,
      29.101551724137927,
      30.759827586206896,
      32.41810344827586,
      34.076379310344834,
      35.734655172413795,
      37.39293103448276,
      39.051206896551726,
      40.709482758620695,
      42.367758620689656,
      44.02603448275862,
      45.68431034482759,
      47.342586206896556,
      49.00086206896552,
      50.49019528052789,
      51.8280796328111,
      53.20141511635134,
      54.61114111182476,
      56.05822189152651,
      57.543647278946565,
      59.068433325822824,
      60.63362300713466,
      62.24028693451244,
      63.889524088550836,
      65.5824625705269
    ],
    "mass": [
      1766.9968170842274,
      1506.8160240030988,
      1372.5893313508614,
      1233.154088800685,
      917.6479423725926,
      597.5128031411115,
      302.3589844323991,
      107.1746785894916,
      0.0,
      0.0,
      0.0,
      0.0,
      0.0,
      0.0,
      0.0,
      0.0,
      0.0,
      0.0,
      0.0,
      0.0,
      0.0,
      0.0,
      0.0,
      0.0,
      0.0,
      0.0,
      0.0,
      0.0,
      0.0,
      0.0,
      0.0,
      0.0,
      0.0,
      0.0,
      0.0,
      0.0,
      0.0,
      0.0,
      0.0,
      0.0
    ]
  },
  "scaling_params": {
    "mass_ref": 60000000000.0,
    "sigma_ref": 30.0,
    "alpha_beta": 0.0,
    "gamma_beta": 0.0,
    "alpha_min": 0.01,
    "alpha_max": 100.0,
    "gamma_min": -5.0,
    "gamma_max": 5.0
  },
  "force_match": false,
  "rms_velocity": 25.58881515850356,
  "n_points": 10,
  "data": [
    {
      "R": 1.74,
      "V_obs": 54.7,
      "V_GR": 52.62,
      "V_required": 14.940736260305254,
      "capacity": 68.5598366916198,
      "provided": 42.696031268633234,
      "V_model": 67.76293593176219
    },
    {
      "R": 3.5,
      "V_obs": 85.4,
      "V_GR": 60.17856844425597,
      "V_required": 60.594553385597294,
      "capacity": 57.45550060185118,
      "provided": 65.43671090737556,
      "V_model": 88.90119928536085
    },
    {
      "R": 5.24,
      "V_obs": 93.8,
      "V_GR": 65.16385270991886,
      "V_required": 67.46934340869191,
      "capacity": 49.3783714373688,
      "provided": 86.9487413675626,
      "V_model": 108.65731142175059
    },
    {
      "R": 6.98,
      "V_obs": 98.7,
      "V_GR": 70.07959046683992,
      "V_required": 69.50209349364953,
      "capacity": 45.06551088984198,
      "provided": 105.5789686494565,
      "V_model": 126.72043095366634
    },
    {
      "R": 8.72,
      "V_obs": 103.0,
      "V_GR": 73.33950231628245,
      "V_required": 72.32093334574715,
      "capacity": 32.73609174538214,
      "provided": 112.88247586836566,
      "V_model": 134.61476872235139
    },
    {
      "R": 10.47,
      "V_obs": 107.0,
      "V_GR": 75.49394677720856,
      "V_required": 75.82653888975813,
      "capacity": 20.952066684002972,
      "provided": 110.41344554043664,
      "V_model": 133.7552427238311
    },
    {
      "R": 12.19,
      "V_obs": 109.0,
      "V_GR": 75.57205105063643,
      "V_required": 78.54848884606247,
      "capacity": 10.332525558065745,
      "provided": 95.08827924679653,
      "V_model": 121.46158137500416
    },
    {
      "R": 13.94,
      "V_obs": 108.0,
      "V_GR": 73.30693896214737,
      "V_required": 79.31010465255987,
      "capacity": 3.594070717151442,
      "provided": 69.57304347164687,
      "V_model": 101.06589770000396
    },
    {
      "R": 15.68,
      "V_obs": 108.0,
      "V_GR": 67.72847628582826,
      "V_required": 84.12403639864173,
      "capacity": 0.0,
      "provided": 0.0,
      "V_model": 67.72847628582826
    },
    {
      "R": 16.61,
      "V_obs": 108.0,
      "V_GR": 65.35510997619085,
      "V_required": 85.98086763926031,
      "capacity": 0.0,
      "provided": 0.0,
      "V_model": 65.35510997619085
    }
  ]
}