{
  "galaxy": "UGC05918",
  "alpha": 2.8271,
  "gamma": 0.8579,
  "alpha_eff": 2.8271,
  "gamma_eff": 0.8579,
  "alpha_scaling": "constant",
  "gamma_scaling": "constant",
  "shell_mode": "gravity_adaptive",
  "shell_parameters": {
    "R_coh": 13.379999999999999,
    "R_stop": 17.84,
    "r_factor": 4.0,
    "n_shell_min": 8,
    "n_shell_max": 40,
    "g_floor": 1e-05,
    "coh_radius_factor": 3.0,
    "spillover_mode": "hybrid",
    "spill_weights": [
      0.04138282726365878,
      0.06811471117966224,
      0.09160466513153133,
      0.11351638974422537,
      0.1250871591316842,
      0.13268315460604513,
      0.14957479203761154,
      0.16878934865308015,
      0.10924695225250129,
      0.0,
      0.0,
      0.0,
      0.0,
      0.0,
      0.0,
      0.0,
      0.0,
      0.0,
      0.0,
      0.0,
      0.0,
      0.0,
      0.0,
      0.0,
      0.0,
      0.0,
      0.0,
      0.0,
      0.0,
      0.0,
      0.0,
      0.0,
      0.0,
      0.0,
      0.0,
      0.0,
      0.0,
      0.0,
      0.0,
      0.0
    ]
  },
  "budget_factor": 1.0,
  "spillover_mode": "hybrid",
  "spillover_params": {
    "alpha": 0.4,
    "beta": 1.0,
    "gamma": 0.8,
    "delta": 1.8,
    "gcut": 1e-05
  },
  "shell_profile": {
    "centers": [
      0.7810344827586208,
      1.2231034482758623,
      1.6651724137931034,
      2.1072413793103446,
      2.5493103448275862,
      2.9913793103448274,
      3.4334482758620686,
      3.87551724137931,
      4.317586206896552,
      4.759655172413793,
      5.201724137931034,
      5.643793103448275,
      6.0858620689655165,
      6.527931034482758,
      6.97,
      7.412068965517241,
      7.854137931034482,
      8.296206896551723,
      8.738275862068964,
      9.180344827586207,
      9.622413793103448,
      10.064482758620688,
      10.506551724137932,
      10.948620689655172,
      11.390689655172412,
      11.832758620689654,
      12.274827586206897,
      12.716896551724137,
      13.158965517241379,
      13.557270978395808,
      13.91651024457179,
      14.285268598370074,
      14.663798275661552,
      15.052358196039023,
      15.451214139921834,
      15.860638930353387,
      16.280912619615926,
      16.71232268079021,
      17.155164204391127,
      17.609740100213724
    ],
    "mass": [
      25.45205390093495,
      29.564487686298214,
      29.807722065494175,
      29.579227208633927,
      24.75077210457355,
      20.499647806948772,
      20.932872960956097,
      22.353401052177148,
      6.31313803993194,
      0.0,
      0.0,
      0.0,
      0.0,
      0.0,
      0.0,
      0.0,
      0.0,
      0.0,
      0.0,
      0.0,
      0.0,
      0.0,
      0.0,
      0.0,
      0.0,
      0.0,
      0.0,
      0.0,
      0.0,
      0.0,
      0.0,
      0.0,
      0.0,
      0.0,
      0.0,
      0.0,
      0.0,
      0.0,
      0.0,
      0.0
    ]
  },
  "scaling_params": {
    "mass_ref": 60000000000.0,
    "sigma_ref": 30.0,
    "alpha_beta": 0.0,
    "gamma_beta": 0.0,
    "alpha_min": 0.01,
    "alpha_max": 100.0,
    "gamma_min": -5.0,
    "gamma_max": 5.0
  },
  "force_match": false,
  "rms_velocity": 5.325313143371127,
  "n_points": 8,
  "data": [
    {
      "R": 0.56,
      "V_obs": 16.9,
      "V_GR": 7.782030583337488,
      "V_required": 15.001666574084359,
      "capacity": 11.539747058820124,
      "provided": 10.171484979592716,
      "V_model": 12.80699444405596
    },
    {
      "R": 1.11,
      "V_obs": 27.4,
      "V_GR": 11.718638999474297,
      "V_required": 24.76758970913399,
      "capacity": 14.3209570580799,
      "provided": 16.74191464104368,
      "V_model": 20.435709086009048
    },
    {
      "R": 1.67,
      "V_obs": 33.5,
      "V_GR": 14.213064412715505,
      "V_required": 30.33543802222081,
      "capacity": 13.94338879617257,
      "provided": 22.515510347071736,
      "V_model": 26.626291634192967
    },
    {
      "R": 2.23,
      "V_obs": 36.4,
      "V_GR": 18.459471823429833,
      "V_required": 31.372087912665293,
      "capacity": 12.840866047583786,
      "provided": 27.901193068916886,
      "V_model": 33.45487520031984
    },
    {
      "R": 2.79,
      "V_obs": 39.8,
      "V_GR": 20.266469845535507,
      "V_required": 34.253615867525575,
      "capacity": 8.561924008891088,
      "provided": 32.6121921424526,
      "V_model": 38.39641749351425
    },
    {
      "R": 3.34,
      "V_obs": 41.2,
      "V_GR": 20.602448883567217,
      "V_required": 35.67883266027632,
      "capacity": 8.339560763104556,
      "provided": 36.76398765224816,
      "V_model": 42.14322825905314
    },
    {
      "R": 3.9,
      "V_obs": 42.6,
      "V_GR": 22.250224717966333,
      "V_required": 36.32750335489628,
      "capacity": 8.683148536116423,
      "provided": 41.48673346075901,
      "V_model": 47.076762348785856
    },
    {
      "R": 4.46,
      "V_obs": 44.5,
      "V_GR": 23.069442992842287,
      "V_required": 38.053262672207225,
      "capacity": 0.0,
      "provided": 26.851808041603455,
      "V_model": 35.400830429569304
    }
  ]
}