{
  "galaxy": "UGC08286",
  "alpha": 2.8271,
  "gamma": 0.8579,
  "alpha_eff": 2.8271,
  "gamma_eff": 0.8579,
  "alpha_scaling": "constant",
  "gamma_scaling": "constant",
  "shell_mode": "gravity_adaptive",
  "shell_parameters": {
    "R_coh": 24.119999999999997,
    "R_stop": 32.16,
    "r_factor": 4.0,
    "n_shell_min": 8,
    "n_shell_max": 40,
    "g_floor": 1e-05,
    "coh_radius_factor": 3.0,
    "spillover_mode": "hybrid",
    "spill_weights": [
      0.010001974094757012,
      0.020490812372677747,
      0.028418560084092104,
      0.03256171549414483,
      0.031484994172650056,
      0.02619592261731203,
      0.023876489998084796,
      0.020313389445851968,
      0.017265003031722292,
      0.01630594024753205,
      0.01798849518631559,
      0.01957397454030221,
      0.021050238258161755,
      0.022408342030356562,
      0.023642211814485514,
      0.02474830788904749,
      0.025725288278809603,
      0.026573681090403655,
      0.02729557376426831,
      0.02789432521862018,
      0.02837430477579341,
      0.028740659873003976,
      0.028999112991734136,
      0.02915578703155114,
      0.0292170574923955,
      0.02918942927268135,
      0.029079435584871628,
      0.028893556379363965,
      0.028638153699495433,
      0.025711025412551533,
      0.02571687832590363,
      0.025680631446113777,
      0.025601123261950434,
      0.025477357741094078,
      0.025308520448339006,
      0.025093994550253892,
      0.024833376577564202,
      0.024526491797401215,
      0.024173409025440986,
      0.023774454682900886
    ]
  },
  "budget_factor": 1.0,
  "spillover_mode": "hybrid",
  "spillover_params": {
    "alpha": 0.4,
    "beta": 1.0,
    "gamma": 0.8,
    "delta": 1.8,
    "gcut": 1e-05
  },
  "shell_profile": {
    "centers": [
      0.8777586206896552,
      1.6932758620689654,
      2.5087931034482756,
      3.324310344827586,
      4.139827586206897,
      4.955344827586206,
      5.770862068965517,
      6.586379310344826,
      7.401896551724137,
      8.217413793103448,
      9.032931034482758,
      9.848448275862069,
      10.66396551724138,
      11.479482758620689,
      12.294999999999998,
      13.11051724137931,
      13.92603448275862,
      14.741551724137931,
      15.55706896551724,
      16.37258620689655,
      17.18810344827586,
      18.00362068965517,
      18.81913793103448,
      19.63465517241379,
      20.4501724137931,
      21.26568965517241,
      22.08120689655172,
      22.89672413793103,
      23.712241379310342,
      24.439564723386162,
      25.08716196555094,
      25.75191917733081,
      26.434291061954905,
      27.134744371334925,
      27.853758225329944,
      28.59182443947113,
      29.349447861370415,
      30.12714671604334,
      30.925452960382216,
      31.744912647022048
    ],
    "mass": [
      257.26915521232985,
      304.5578230741651,
      264.55574372592883,
      189.84100764582797,
      104.99499672715167,
      44.445314660770045,
      25.51191253052636,
      13.066498469135459,
      6.990320598698764,
      5.05276870272611,
      5.554218440748677,
      6.055668178771276,
      6.557117916793848,
      7.058567654816448,
      7.560017392839017,
      8.061467130861619,
      8.562916868884205,
      9.064366606906772,
      9.565816344929377,
      10.067266082951942,
      10.568715820974504,
      11.070165558997134,
      11.571615297019719,
      12.073065035042307,
      12.574514773064893,
      13.075964511087419,
      13.577414249110065,
      14.07886398713265,
      14.580313725155237,
      11.777236831654415,
      12.409650272160244,
      13.07602301614697,
      13.778178608496917,
      14.518038514708904,
      15.297627379034488,
      16.11907856496549,
      16.984639993233163,
      17.89668029329781,
      18.857695285158893,
      19.87031480922625
    ]
  },
  "scaling_params": {
    "mass_ref": 60000000000.0,
    "sigma_ref": 30.0,
    "alpha_beta": 0.0,
    "gamma_beta": 0.0,
    "alpha_min": 0.01,
    "alpha_max": 100.0,
    "gamma_min": -5.0,
    "gamma_max": 5.0
  },
  "force_match": false,
  "rms_velocity": 33.90620454714079,
  "n_points": 17,
  "data": [
    {
      "R": 0.47,
      "V_obs": 22.2,
      "V_GR": 16.59283279009344,
      "V_required": 14.748488058102767,
      "capacity": 35.2513263036159,
      "provided": 3.080856834064249,
      "V_model": 16.87642671989543
    },
    {
      "R": 0.95,
      "V_obs": 43.4,
      "V_GR": 24.409041357660897,
      "V_required": 35.885354951567635,
      "capacity": 41.156371048859725,
      "provided": 7.496201685881863,
      "V_model": 25.534179832440635
    },
    {
      "R": 1.42,
      "V_obs": 60.2,
      "V_GR": 30.016612067320324,
      "V_required": 52.18278451750156,
      "capacity": 44.24164862487866,
      "provided": 10.102777880120788,
      "V_model": 31.671171763846345
    },
    {
      "R": 1.9,
      "V_obs": 69.6,
      "V_GR": 35.70852139195909,
      "V_required": 59.741622843709216,
      "capacity": 43.98110551671071,
      "provided": 11.566196617689455,
      "V_model": 37.53498906619064
    },
    {
      "R": 2.37,
      "V_obs": 72.5,
      "V_GR": 40.17151229416189,
      "V_required": 60.353124194195615,
      "capacity": 38.51019838848739,
      "provided": 14.824395238819218,
      "V_model": 42.819541032065324
    },
    {
      "R": 2.84,
      "V_obs": 74.3,
      "V_GR": 40.94967277036533,
      "V_required": 61.99688943810004,
      "capacity": 30.62096403830111,
      "provided": 15.228149410302802,
      "V_model": 43.68949798821801
    },
    {
      "R": 3.3,
      "V_obs": 75.8,
      "V_GR": 42.33944732752189,
      "V_required": 62.87297670700823,
      "capacity": 25.34812820812997,
      "provided": 34.43391944715619,
      "V_model": 54.574019537626526
    },
    {
      "R": 3.78,
      "V_obs": 77.2,
      "V_GR": 43.028005996095146,
      "V_required": 64.09704127336924,
      "capacity": 18.21097066342709,
      "provided": 16.398563210437125,
      "V_model": 46.046956200890214
    },
    {
      "R": 4.25,
      "V_obs": 79.3,
      "V_GR": 43.89364532594667,
      "V_required": 66.04421170700729,
      "capacity": 11.593054701255602,
      "provided": 16.89672657029215,
      "V_model": 47.03351431470135
    },
    {
      "R": 4.73,
      "V_obs": 81.3,
      "V_GR": 44.171178385911325,
      "V_required": 68.25391563859175,
      "capacity": 6.292029784001993,
      "provided": 13.696577581459227,
      "V_model": 46.24596455308215
    },
    {
      "R": 5.2,
      "V_obs": 81.6,
      "V_GR": 42.27791976907094,
      "V_required": 69.7935348008682,
      "capacity": 4.363742640573323,
      "provided": 14.005534409865675,
      "V_model": 44.53737188144279
    },
    {
      "R": 5.67,
      "V_obs": 82.1,
      "V_GR": 41.01351240749809,
      "V_required": 71.12173929256792,
      "capacity": 3.185877071842403,
      "provided": 12.450795649097453,
      "V_model": 42.8617604899237
    },
    {
      "R": 6.15,
      "V_obs": 82.9,
      "V_GR": 39.08484360976771,
      "V_required": 73.10803649394505,
      "capacity": 2.2187972303592467,
      "provided": 12.798523092193113,
      "V_model": 41.126964309822334
    },
    {
      "R": 6.62,
      "V_obs": 83.2,
      "V_GR": 38.20028272146687,
      "V_required": 73.91196384889255,
      "capacity": 1.418884989280405,
      "provided": 21.481350268629317,
      "V_model": 43.82590568788672
    },
    {
      "R": 7.1,
      "V_obs": 83.5,
      "V_GR": 39.41368417187107,
      "V_required": 73.61257705039269,
      "capacity": 0.8455301219894796,
      "provided": 9.072459413311867,
      "V_model": 40.444381807689815
    },
    {
      "R": 7.57,
      "V_obs": 83.8,
      "V_GR": 38.315511219348224,
      "V_required": 74.5275895222702,
      "capacity": 0.714650145828707,
      "provided": 9.185231086936335,
      "V_model": 39.40110239727337
    },
    {
      "R": 8.04,
      "V_obs": 84.3,
      "V_GR": 38.00846747765556,