{
  "galaxy": "UGC07559",
  "alpha": 2.8271,
  "gamma": 0.8579,
  "alpha_eff": 2.8271,
  "gamma_eff": 0.8579,
  "alpha_scaling": "constant",
  "gamma_scaling": "constant",
  "shell_mode": "gravity_adaptive",
  "shell_parameters": {
    "R_coh": 7.59,
    "R_stop": 10.12,
    "r_factor": 4.0,
    "n_shell_min": 8,
    "n_shell_max": 40,
    "g_floor": 1e-05,
    "coh_radius_factor": 3.0,
    "spillover_mode": "hybrid",
    "spill_weights": [
      0.06070657985113291,
      0.08998002482023379,
      0.1139658995263267,
      0.13013770798329072,
      0.1379127498760938,
      0.1328437247169913,
      0.1325956039172574,
      0.13007741480081064,
      0.0717802945078627,
      0.0,
      0.0,
      0.0,
      0.0,
      0.0,
      0.0,
      0.0,
      0.0,
      0.0,
      0.0,
      0.0,
      0.0,
      0.0,
      0.0,
      0.0,
      0.0,
      0.0,
      0.0,
      0.0,
      0.0,
      0.0,
      0.0,
      0.0,
      0.0,
      0.0,
      0.0,
      0.0,
      0.0,
      0.0,
      0.0,
      0.0
    ]
  },
  "budget_factor": 1.0,
  "spillover_mode": "hybrid",
  "spillover_params": {
    "alpha": 0.4,
    "beta": 1.0,
    "gamma": 0.8,
    "delta": 1.8,
    "gcut": 1e-05
  },
  "shell_profile": {
    "centers": [
      0.4846551724137931,
      0.7339655172413793,
      0.9832758620689654,
      1.2325862068965516,
      1.4818965517241378,
      1.731206896551724,
      1.9805172413793102,
      2.2298275862068966,
      2.4791379310344825,
      2.7284482758620685,
      2.977758620689655,
      3.227068965517241,
      3.4763793103448273,
      3.7256896551724132,
      3.9749999999999996,
      4.224310344827586,
      4.4736206896551725,
      4.722931034482759,
      4.972241379310345,
      5.221551724137931,
      5.470862068965517,
      5.720172413793103,
      5.969482758620689,
      6.2187931034482755,
      6.468103448275862,
      6.717413793103448,
      6.966724137931035,
      7.21603448275862,
      7.465344827586207,
      7.690559546040671,
      7.89434325532884,
      8.10352680580186,
      8.318253281933572,
      8.538669559636487,
      8.76492640672696,
      8.997178586052481,
      9.235584961351634,
      9.480308605919111,
      9.731516914150125,
      9.989381716040521
    ],
    "mass": [
      19.789570274058107,
      19.144390376174954,
      17.156520023581773,
      14.12053290627455,
      10.788496030594589,
      7.040205995717971,
      5.329172202258354,
      4.048317154592203,
      0.7626533456788066,
      0.0,
      0.0,
      0.0,
      0.0,
      0.0,
      0.0,
      0.0,
      0.0,
      0.0,
      0.0,
      0.0,
      0.0,
      0.0,
      0.0,
      0.0,
      0.0,
      0.0,
      0.0,
      0.0,
      0.0,
      0.0,
      0.0,
      0.0,
      0.0,
      0.0,
      0.0,
      0.0,
      0.0,
      0.0,
      0.0,
      0.0
    ]
  },
  "scaling_params": {
    "mass_ref": 60000000000.0,
    "sigma_ref": 30.0,
    "alpha_beta": 0.0,
    "gamma_beta": 0.0,
    "alpha_min": 0.01,
    "alpha_max": 100.0,
    "gamma_min": -5.0,
    "gamma_max": 5.0
  },
  "force_match": false,
  "rms_velocity": 4.811602213857067,
  "n_points": 7,
  "data": [
    {
      "R": 0.36,
      "V_obs": 9.31,
      "V_GR": 9.938475738260871,
      "V_required": 0.0,
      "capacity": 29.644935330404724,
      "provided": 5.774448212436587,
      "V_model": 11.494239955652224
    },
    {
      "R": 0.72,
      "V_obs": 15.9,
      "V_GR": 16.02928881766125,
      "V_required": 0.0,
      "capacity": 29.300902992672587,
      "provided": 8.558956784459703,
      "V_model": 18.17123664581607
    },
    {
      "R": 1.08,
      "V_obs": 21.4,
      "V_GR": 18.317341510164624,
      "V_required": 11.065035020278964,
      "capacity": 21.771143046255716,
      "provided": 10.840508333895928,
      "V_model": 21.28477439244464
    },
    {
      "R": 1.45,
      "V_obs": 26.1,
      "V_GR": 19.779307369066288,
      "V_required": 17.029063391742955,
      "capacity": 15.046189815677467,
      "provided": 13.118347861914051,
      "V_model": 23.73419580744595
    },
    {
      "R": 1.8,
      "V_obs": 29.7,
      "V_GR": 20.500639014430746,
      "V_required": 21.489853419695535,
      "capacity": 7.342203188974441,
      "provided": 12.63617898762473,
      "V_model": 24.08213485983518
    },
    {
      "R": 2.17,
      "V_obs": 31.1,
      "V_GR": 21.234354240240037,
      "V_required": 22.722504263394914,
      "capacity": 5.75336568708788,
      "provided": 12.37304584143684,
      "V_model": 24.57620929668157
    },
    {
      "R": 2.53,
      "V_obs": 32.1,
      "V_GR": 22.581483565080486,
      "V_required": 22.81417541792821,
      "capacity": 0.0,
      "provided": 6.827786943779938,
      "V_model": 23.59114398560722
    }
  ]
}