{
  "galaxy": "UGC05764",
  "alpha": 2.8271,
  "gamma": 0.8579,
  "alpha_eff": 2.8271,
  "gamma_eff": 0.8579,
  "alpha_scaling": "constant",
  "gamma_scaling": "constant",
  "shell_mode": "gravity_adaptive",
  "shell_parameters": {
    "R_coh": 10.86,
    "R_stop": 14.48,
    "r_factor": 4.0,
    "n_shell_min": 8,
    "n_shell_max": 40,
    "g_floor": 1e-05,
    "coh_radius_factor": 3.0,
    "spillover_mode": "hybrid",
    "spill_weights": [
      0.00619315697380116,
      0.010065453009096222,
      0.010993584701050831,
      0.013439046041842748,
      0.015533431499960075,
      0.016735042981920058,
      0.017097444365075244,
      0.017224195591119845,
      0.016916025833378583,
      0.017610040548966515,
      0.019063922236228215,
      0.020427666622162905,
      0.0217053732552521,
      0.02290100744084182,
      0.0240180546187469,
      0.025059386409193755,
      0.02602725419962739,
      0.026923352972957802,
      0.027748918365282208,
      0.028504834251558243,
      0.029191737750952237,
      0.029810114710660682,
      0.0303603825383712,
      0.03084295950946571,
      0.03125832093763302,
      0.03160704324507433,
      0.0318898372475829,
      0.032107572037033315,
      0.032261290796139146,
      0.029443305653596,
      0.02979071832643829,
      0.030105348096375856,
      0.030383939978706493,
      0.03062317285301762,
      0.030819685427508212,
      0.030970106318419798,
      0.031071088361859383,
      0.03111934720376935,
      0.03111170412617133,
      0.03104513296316254
    ]
  },
  "budget_factor": 1.0,
  "spillover_mode": "hybrid",
  "spillover_params": {
    "alpha": 0.4,
    "beta": 1.0,
    "gamma": 0.8,
    "delta": 1.8,
    "gcut": 1e-05
  },
  "shell_profile": {
    "centers": [
      0.5410344827586206,
      0.9031034482758621,
      1.2651724137931035,
      1.6272413793103448,
      1.9893103448275862,
      2.3513793103448277,
      2.713448275862069,
      3.07551724137931,
      3.437586206896552,
      3.799655172413793,
      4.161724137931034,
      4.523793103448276,
      4.885862068965517,
      5.247931034482759,
      5.61,
      5.972068965517241,
      6.334137931034483,
      6.6962068965517245,
      7.058275862068966,
      7.420344827586208,
      7.782413793103449,
      8.14448275862069,
      8.506551724137932,
      8.868620689655172,
      9.230689655172412,
      9.592758620689654,
      9.954827586206896,
      10.316896551724138,
      10.678965517241378,
      11.00388361923606,
      11.295463472051544,
      11.594769579842977,
      11.902006672173727,
      12.217384903511494,
      12.541119996976915,
      12.87343339190118,
      13.214552395293644,
      13.564710337323,
      13.924146730918363,
      14.293107435599481
    ],
    "mass": [
      16.186718037355792,
      15.807107888691714,
      9.11970172260364,
      8.680002912860834,
      8.195104353476626,
      7.1155154031941885,
      5.799793424794486,
      4.814476987739134,
      3.9164544054850734,
      3.803365223747093,
      4.165787719884175,
      4.528210216021257,
      4.8906327121583235,
      5.2530552082954,
      5.615477704432491,
      5.977900200569554,
      6.340322696706631,
      6.702745192843724,
      7.065167688980783,
      7.427590185117861,
      7.790012681254956,
      8.152435177392015,
      8.51485767352907,
      8.87728016966619,
      9.23970266580322,
      9.602125161940343,
      9.964547658077421,
      10.326970154214449,
      10.689392650351575,
      8.754268900646315,
      9.224355169073046,
      9.71968410507974,
      10.241611188094817,
      10.791564684009787,
      11.371049553662175,
      11.981651571196991,
      12.625041663575704,
      13.302980483106882,
      14.01732322551423,
      14.770024706722769
    ]
  },
  "scaling_params": {
    "mass_ref": 60000000000.0,
    "sigma_ref": 30.0,
    "alpha_beta": 0.0,
    "gamma_beta": 0.0,
    "alpha_min": 0.01,
    "alpha_max": 100.0,
    "gamma_min": -5.0,
    "gamma_max": 5.0
  },
  "force_match": false,
  "rms_velocity": 27.188812321498258,
  "n_points": 10,
  "data": [
    {
      "R": 0.36,
      "V_obs": 21.45,
      "V_GR": 6.033191526878622,
      "V_required": 20.584049650153876,
      "capacity": 9.640321441856413,
      "provided": 2.592946768355712,
      "V_model": 6.566793200910649
    },
    {
      "R": 0.73,
      "V_obs": 31.3,
      "V_GR": 11.87648517028502,
      "V_required": 28.95926621998562,
      "capacity": 13.607668035605988,
      "provided": 4.214197050450909,
      "V_model": 12.601998126488876
    },
    {
      "R": 1.09,
      "V_obs": 41.7,
      "V_GR": 14.806539095953518,
      "V_required": 38.98277055315592,
      "capacity": 6.111803718518234,
      "provided": 4.602786598793187,
      "V_model": 15.505458538012675
    },
    {
      "R": 1.45,
      "V_obs": 48.35,
      "V_GR": 17.042115479012576,
      "V_required": 45.24697558953527,
      "capacity": 5.609142401190044,
      "provided": 5.6266506971148145,
      "V_model": 17.94694676170135
    },
    {
      "R": 1.81,
      "V_obs": 50.6,
      "V_GR": 19.703994518878655,
      "V_required": 46.60592880739531,
      "capacity": 5.145764044230848,
      "provided": 3.153929329559184,
      "V_model": 19.954815714905855
    },
    {
      "R": 2.17,
      "V_obs": 54.05,
      "V_GR": 21.712127947301713,
      "V_required": 49.49733326150005,
      "capacity": 4.652230718075716,
      "provided": 3.3495972530353058,
      "V_model": 21.968984996069842
    },
    {
      "R": 2.54,
      "V_obs": 55.8,
      "V_GR": 23.05067677965226,
      "V_required": 50.816397943970806,
      "capacity": 3.4979274689226614,
      "provided": 7.158346429955482,
      "V_model": 24.136603398391753
    },
    {
      "R": 2.9,
      "V_obs": 54.55,
      "V_GR": 23.63066863209757,
      "V_required": 49.165984176054074,
      "capacity": 2.9455258803498037,
      "provided": 7.211414547451581,
      "V_model": 24.70653759180344
    },
    {
      "R": 3.26,
      "V_obs": 50.0,
      "V_GR": 23.137383170963822,
      "V_required": 44.324502253268456,
      "capacity": 2.2095204017808587,
      "provided": 7.08239024194464,
      "V_model": 24.197081467383473
    },
    {
      "R": 3.62,
      "V_obs": 49.9,
      "V_GR": 22.585521911171323,
      "V_required": 44.49611443710563,
      "capacity": 1.8598115181941215,
      "provided": 7.372959853144166,
      "V_model": 23.75850031033263
    }
  ]
}