{
  "galaxy": "UGC08490",
  "alpha": 2.8271,
  "gamma": 0.8579,
  "alpha_eff": 2.8271,
  "gamma_eff": 0.8579,
  "alpha_scaling": "constant",
  "gamma_scaling": "constant",
  "shell_mode": "gravity_adaptive",
  "shell_parameters": {
    "R_coh": 30.450000000000003,
    "R_stop": 40.6,
    "r_factor": 4.0,
    "n_shell_min": 8,
    "n_shell_max": 40,
    "g_floor": 1e-05,
    "coh_radius_factor": 3.0,
    "spillover_mode": "hybrid",
    "spill_weights": [
      0.12499212033230743,
      0.2024458957523418,
      0.21836026539178469,
      0.2034290152993044,
      0.11640825801023524,
      0.0804847765790777,
      0.053879668634948794,
      0.0,
      0.0,
      0.0,
      0.0,
      0.0,
      0.0,
      0.0,
      0.0,
      0.0,
      0.0,
      0.0,
      0.0,
      0.0,
      0.0,
      0.0,
      0.0,
      0.0,
      0.0,
      0.0,
      0.0,
      0.0,
      0.0,
      0.0,
      0.0,
      0.0,
      0.0,
      0.0,
      0.0,
      0.0,
      0.0,
      0.0,
      0.0,
      0.0
    ]
  },
  "budget_factor": 1.0,
  "spillover_mode": "hybrid",
  "spillover_params": {
    "alpha": 0.4,
    "beta": 1.0,
    "gamma": 0.8,
    "delta": 1.8,
    "gcut": 1e-05
  },
  "shell_profile": {
    "centers": [
      0.8591379310344829,
      1.8974137931034485,
      2.935689655172414,
      3.9739655172413793,
      5.012241379310345,
      6.0505172413793105,
      7.0887931034482765,
      8.127068965517243,
      9.165344827586207,
      10.203620689655175,
      11.241896551724139,
      12.280172413793103,
      13.318448275862071,
      14.356724137931035,
      15.395,
      16.433275862068967,
      17.47155172413793,
      18.509827586206896,
      19.548103448275864,
      20.58637931034483,
      21.624655172413796,
      22.66293103448276,
      23.701206896551724,
      24.739482758620692,
      25.777758620689657,
      26.816034482758624,
      27.85431034482759,
      28.892586206896553,
      29.930862068965517,
      30.853430589846965,
      31.670981834619653,
      32.510196473869115,
      33.37164854214456,
      34.25592728470764,
      35.16363756058444,
      36.0954002562975,
      37.05185271056091,
      38.03364915022884,
      39.04146113779595,
      40.07597803075545
    ],
    "mass": [
      530.8141564168056,
      250.0592346594134,
      105.12889805308583,
      43.37342509919758,
      6.407001278753832,
      1.716375659038991,
      0.4624501525071447,
      0.0,
      0.0,
      0.0,
      0.0,
      0.0,
      0.0,
      0.0,
      0.0,
      0.0,
      0.0,
      0.0,
      0.0,
      0.0,
      0.0,
      0.0,
      0.0,
      0.0,
      0.0,
      0.0,
      0.0,
      0.0,
      0.0,
      0.0,
      0.0,
      0.0,
      0.0,
      0.0,
      0.0,
      0.0,
      0.0,
      0.0,
      0.0,
      0.0
    ]
  },
  "scaling_params": {
    "mass_ref": 60000000000.0,
    "sigma_ref": 30.0,
    "alpha_beta": 0.0,
    "gamma_beta": 0.0,
    "alpha_min": 0.01,
    "alpha_max": 100.0,
    "gamma_min": -5.0,
    "gamma_max": 5.0
  },
  "force_match": false,
  "rms_velocity": 43.98352381754111,
  "n_points": 30,
  "data": [
    {
      "R": 0.34,
      "V_obs": 38.8,
      "V_GR": 27.88485251888559,
      "V_required": 26.97915862290742,
      "capacity": 86.19152896605753,
      "provided": 44.58283449005083,
      "V_model": 52.585113208656935
    },
    {
      "R": 0.68,
      "V_obs": 50.1,
      "V_GR": 40.152713482403655,
      "V_required": 29.9628036071393,
      "capacity": 73.29929200767077,
      "provided": 49.51328292872587,
      "V_model": 63.74798495936995
    },
    {
      "R": 1.02,
      "V_obs": 60.2,
      "V_GR": 45.68022876475117,
      "V_required": 39.20914051595623,
      "capacity": 67.84171480138984,
      "provided": 64.79277751218629,
      "V_model": 79.2766505204633
    },
    {
      "R": 1.36,
      "V_obs": 68.2,
      "V_GR": 47.83659686892453,
      "V_required": 48.609669819903125,
      "capacity": 47.20935709930554,
      "provided": 80.32707374190215,
      "V_model": 93.4921321606101
    },
    {
      "R": 1.69,
      "V_obs": 72.8,
      "V_GR": 48.01641802550457,
      "V_required": 54.71986476591476,
      "capacity": 37.921038883109226,
      "provided": 122.07813258737693,
      "V_model": 131.1817321734287
    },
    {
      "R": 2.03,
      "V_obs": 75.3,
      "V_GR": 47.5740118131738,
      "V_required": 58.36782846740145,
      "capacity": 25.018744765078544,
      "provided": 130.21661389264202,
      "V_model": 138.63496360466002
    },
    {
      "R": 2.37,
      "V_obs": 76.6,
      "V_GR": 46.876435444687985,
      "V_required": 60.58184381479322,
      "capacity": 17.85481546801366,
      "provided": 135.1560058353235,
      "V_model": 143.05434671256236
    },
    {
      "R": 2.7,
      "V_obs": 77.6,
      "V_GR": 46.08538271512997,
      "V_required": 62.433144242461466,
      "capacity": 14.12846640133784,
      "provided": 136.35265671946442,
      "V_model": 143.9302243952121
    },
    {
      "R": 3.05,
      "V_obs": 78.5,
      "V_GR": 44.954221158863376,
      "V_required": 64.35346144536439,
      "capacity": 10.926777434333367,
      "provided": 140.54658857308112,
      "V_model": 147.56092151898125
    },
    {
      "R": 3.38,
      "V_obs": 78.2,
      "V_GR": 44.11988780584103,
      "V_required": 64.56528091784314,
      "capacity": 8.614085698849625,
      "provided": 141.0091977875911,
      "V_model": 147.75032440133586
    },
    {
      "R": 3.72,
      "V_obs": 78.8,
      "V_GR": 43.91853595009743,
      "V_required": 65.42631122109819,
      "capacity": 6.486729114076611,
      "provided": 128.28254505397956,
      "V_model": 135.5922164636536
    },
    {
      "R": 4.06,
      "V_obs": 79.2,
      "V_GR": 43.58972355957307,
      "V_required": 66.12545652016325,
      "capacity": 4.091150399760434,
      "provided": 129.65337181545638,
      "V_model": 136.7847243778229
    },
    {
      "R": 4.39,
      "V_obs": 79.2,
      "V_GR": 42.21027836913659,
      "V_required": 67.0144193438994,
      "capacity": 1.8122530049842136,
      "provided": 131.39637721128054,
      "V_model": 138.00983857772286
    },
    {
      "R": 4.74,
      "V_obs": 79.2,
      "V_GR": 40.773468088942344,
      "V_required": 67.89819069754363,
      "capacity": 0.8500086490514177,
      "provided": 73.65792110625343,
      "V_model": 84.1900531042418
    },
    {
      "R": 5.08,
      "V_obs": 78.8,
      "V_GR": 39.16477243646387,
      "V_required": 68.37807104620603,
      "capacity": 0.6222556852906839,
      "provided": 74.17850918819028,
      "V_model": 83.88283868219071
    },
    {
      "R": 5.41,
      "V_obs": 78.5,
      "V_GR": 37.26605157512666,
      "V_required": 69.09045809661419,
      "capacity": 0.3998683906449148,
      "provided": 74.95132726503454,
      "V_model": 83.70459998584492
    },
    {
      "R": 5.75,
      "V_obs": 80.1,
      "V_GR": 36.600875672584664,
      "V_required": 71.24876069097623,
      "capacity": 0.2670264439700929,
      "provided": 51.16039524015802,
      "V_model": 62.90477041631408
    },
    {
      "R": 6.09,
      "V_obs": 80.1,
      "V_GR": 36.22675806637961,
      "V_required": 71.43970884599125,
      "capacity": 0.15960070118007968,
      "provided": 51.29750615950886,
      "V_model": 62.799778169869754
    },
    {
      "R": 6.42,
      "V_obs": 80.1,
      "V_GR": 35.44658657755355,
      "V_required": 71.83000417652778,
      "capacity": 0.083125115315672,
      "provided": 51.577758941129055,
      "V_model": 62.58374962711341
    },
    {
      "R": 6.77,
      "V_obs": 80.1,
      "V_GR": 34.84153412236608,
      "V_required": 72.12542894153212,
      "capacity": 0.04328302948593903,
      "provided": 34.397262428378355,
      "V_model": 48.96023041782717
    },
    {
      "R": 7.11,
      "V_obs": 79.8,
      "V_GR": 34.18422004375703,
      "V_required": 72.10741362717151,
      "capacity": 0.044912178908460526,
      "provided": 34.38867076376179,