{
  "galaxy": "UGC03546",
  "alpha": 2.8271,
  "gamma": 0.8579,
  "alpha_eff": 2.8271,
  "gamma_eff": 0.8579,
  "alpha_scaling": "constant",
  "gamma_scaling": "constant",
  "shell_mode": "gravity_adaptive",
  "shell_parameters": {
    "R_coh": 87.69,
    "R_stop": 116.92,
    "r_factor": 4.0,
    "n_shell_min": 8,
    "n_shell_max": 40,
    "g_floor": 1e-05,
    "coh_radius_factor": 3.0,
    "spillover_mode": "hybrid",
    "spill_weights": [
      0.07460863689031752,
      0.12279243261166094,
      0.17597420529433047,
      0.18263290739105215,
      0.1981710558912123,
      0.15935142875503028,
      0.08646933316639631,
      0.0,
      0.0,
      0.0,
      0.0,
      0.0,
      0.0,
      0.0,
      0.0,
      0.0,
      0.0,
      0.0,
      0.0,
      0.0,
      0.0,
      0.0,
      0.0,
      0.0,
      0.0,
      0.0,
      0.0,
      0.0,
      0.0,
      0.0,
      0.0,
      0.0,
      0.0,
      0.0,
      0.0,
      0.0,
      0.0,
      0.0,
      0.0,
      0.0
    ]
  },
  "budget_factor": 1.0,
  "spillover_mode": "hybrid",
  "spillover_params": {
    "alpha": 0.4,
    "beta": 1.0,
    "gamma": 0.8,
    "delta": 1.8,
    "gcut": 1e-05
  },
  "shell_profile": {
    "centers": [
      2.1310344827586207,
      5.133103448275863,
      8.135172413793104,
      11.137241379310346,
      14.139310344827589,
      17.141379310344828,
      20.14344827586207,
      23.14551724137931,
      26.147586206896555,
      29.149655172413794,
      32.15172413793104,
      35.15379310344828,
      38.15586206896552,
      41.157931034482765,
      44.16000000000001,
      47.16206896551725,
      50.16413793103449,
      53.16620689655173,
      56.168275862068974,
      59.17034482758622,
      62.17241379310346,
      65.1744827586207,
      68.17655172413794,
      71.17862068965516,
      74.18068965517242,
      77.18275862068967,
      80.1848275862069,
      83.18689655172415,
      86.18896551724137,
      88.85180060504695,
      91.20618709615097,
      93.62295989469892,
      96.1037721070823,
      98.65032064354722,
      101.26434737890474,
      103.94764034399768,
      106.70203494873849,
      109.52941523755561,
      112.431715178106,
      115.41091998413614
    ],
    "mass": [
      38264.51915802622,
      14898.623347067589,
      11748.332455007974,
      5991.726303973199,
      4143.588714481832,
      1527.595925690283,
      228.8190909218786,
      0.0,
      0.0,
      0.0,
      0.0,
      0.0,
      0.0,
      0.0,
      0.0,
      0.0,
      0.0,
      0.0,
      0.0,
      0.0,
      0.0,
      0.0,
      0.0,
      0.0,
      0.0,
      0.0,
      0.0,
      0.0,
      0.0,
      0.0,
      0.0,
      0.0,
      0.0,
      0.0,
      0.0,
      0.0,
      0.0,
      0.0,
      0.0,
      0.0
    ]
  },
  "scaling_params": {
    "mass_ref": 60000000000.0,
    "sigma_ref": 30.0,
    "alpha_beta": 0.0,
    "gamma_beta": 0.0,
    "alpha_min": 0.01,
    "alpha_max": 100.0,
    "gamma_min": -5.0,
    "gamma_max": 5.0
  },
  "force_match": false,
  "rms_velocity": 72.96970173593336,
  "n_points": 30,
  "data": [
    {
      "R": 0.63,
      "V_obs": 262.0,
      "V_GR": 397.97377313084337,
      "V_required": 0.0,
      "capacity": 4162.722795677891,
      "provided": 5.552680527659328,
      "V_model": 398.0125077947202
    },
    {
      "R": 0.79,
      "V_obs": 250.0,
      "V_GR": 379.24370383699187,
      "V_required": 0.0,
      "capacity": 3000.863769788635,
      "provided": 5.552680527659328,
      "V_model": 379.2843513263396
    },
    {
      "R": 0.95,
      "V_obs": 241.0,
      "V_GR": 361.7985854035364,
      "V_required": 0.0,
      "capacity": 2477.667840089681,
      "provided": 5.552680527659328,
      "V_model": 361.8411925984136
    },
    {
      "R": 1.11,
      "V_obs": 234.0,
      "V_GR": 346.49261882470165,
      "V_required": 0.0,
      "capacity": 2223.952659387401,
      "provided": 5.552680527659328,
      "V_model": 346.5371079134848
    },
    {
      "R": 1.27,
      "V_obs": 228.0,
      "V_GR": 334.1647654975012,
      "V_required": 0.0,
      "capacity": 2073.6693359964206,
      "provided": 5.552680527659328,
      "V_model": 334.2108956348405
    },
    {
      "R": 1.43,
      "V_obs": 225.0,
      "V_GR": 323.68898900024385,
      "V_required": 0.0,
      "capacity": 2043.1952228041255,
      "provided": 5.552680527659328,
      "V_model": 323.7366118637838
    },
    {
      "R": 1.59,
      "V_obs": 222.0,
      "V_GR": 315.622551317234,
      "V_required": 0.0,
      "capacity": 2091.0196313364927,
      "provided": 5.552680527659328,
      "V_model": 315.6713911032203
    },
    {
      "R": 1.9,
      "V_obs": 221.0,
      "V_GR": 305.49028282418413,
      "V_required": 0.0,
      "capacity": 2072.6554720323293,
      "provided": 5.552680527659328,
      "V_model": 305.5407422276811
    },
    {
      "R": 2.06,
      "V_obs": 221.0,
      "V_GR": 302.3958612481328,
      "V_required": 0.0,
      "capacity": 2056.266164058302,
      "provided": 5.552680527659328,
      "V_model": 302.44683691690716
    },
    {
      "R": 2.22,
      "V_obs": 222.0,
      "V_GR": 300.2213864800441,
      "V_required": 0.0,
      "capacity": 2014.819474591136,
      "provided": 5.552680527659328,
      "V_model": 300.2727312978024
    },
    {
      "R": 2.38,
      "V_obs": 222.0,
      "V_GR": 298.74076789082534,
      "V_required": 0.0,
      "capacity": 1953.5286533483663,
      "provided": 5.552680527659328,
      "V_model": 298.7923671398622
    },
    {
      "R": 2.79,
      "V_obs": 221.0,
      "V_GR": 294.67070621288434,
      "V_required": 0.0,
      "capacity": 1644.184104333868,
      "provided": 5.552680527659328,
      "V_model": 294.7230180373468
    },
    {
      "R": 2.86,
      "V_obs": 221.0,
      "V_GR": 293.886450181018,
      "V_required": 0.0,
      "capacity": 1595.6911908874843,
      "provided": 5.552680527659328,
      "V_model": 293.93890157827394
    },
    {
      "R": 3.02,
      "V_obs": 220.0,
      "V_GR": 291.8598449598711,
      "V_required": 0.0,
      "capacity": 1484.0393054183376,
      "provided": 5.552680527659328,
      "V_model": 291.91266050146277
    },
    {
      "R": 4.17,
      "V_obs": 205.0,
      "V_GR": 270.24391519514364,
      "V_required": 0.0,
      "capacity": 800.7184544056547,
      "provided": 63.97101254595133,
      "V_model": 277.7121966103654
    },
    {
      "R": 5.56,
      "V_obs": 190.0,
      "V_GR": 242.86491224547032,
      "V_required": 0.0,
      "capacity": 626.7352540361373,
      "provided": 63.97101254595133,
      "V_model": 251.148673192104
    },
    {
      "R": 6.96,
      "V_obs": 190.0,
      "V_GR": 227.86842058521404,
      "V_required": 0.0,
      "capacity": 556.7593137936068,
      "provided": 91.67705089978314,
      "V_model": 245.61901140115646
    },
    {
      "R": 8.35,
      "V_obs": 198.0,
      "V_GR": 217.7474015918445,
      "V_required": 0.0,
      "capacity": 502.5622993229227,
      "provided": 91.67705089978314,
      "V_model": 236.25962956392152
    },
    {
      "R": 9.73,
      "V_obs": 204.0,
      "V_GR": 212.53623714557477,
      "V_required": 0.0,
      "capacity": 387.7990907957154,
      "provided": 0.0,
      "V_model": 212.53623714557477
    },
    {
      "R": 11.14,
      "V_obs": 204.0,
      "V_GR": 202.7198384470548,
      "V_required": 22.818130948874977,
      "capacity": 248.42758088239768,
      "provided": 58.37861497808611,
      "V_model": 210.95827925625392
    },
    {
      "R": 12.51,
      "V_obs": 201.0,
      "V_GR": 194.27438559933734,
      "V_required": 51.560286073682654,
      "capacity": 213.0085836637175,
      "provided": 131.91343741516658,
      "V_model": 234.82694025746935
    },
    {
      "R": 13.88,
      "V_obs": 203.0,
      "V_GR": 188.2748509493501,
      "V_required": 75.90507558786828,
      "capacity": 173.62542068646925,
      "provided": 96.77999294000523,