{
  "galaxy": "UGC02916",
  "alpha": 2.8271,
  "gamma": 0.8579,
  "alpha_eff": 2.8271,
  "gamma_eff": 0.8579,
  "alpha_scaling": "constant",
  "gamma_scaling": "constant",
  "shell_mode": "gravity_adaptive",
  "shell_parameters": {
    "R_coh": 114.0,
    "R_stop": 152.0,
    "r_factor": 4.0,
    "n_shell_min": 8,
    "n_shell_max": 40,
    "g_floor": 1e-05,
    "coh_radius_factor": 3.0,
    "spillover_mode": "hybrid",
    "spill_weights": [
      0.05077902832244462,
      0.06550765903701572,
      0.09846339527493692,
      0.12069721005488598,
      0.13098287730115543,
      0.13114109009979347,
      0.12660283199027472,
      0.11842561834653294,
      0.10750881542956799,
      0.04989147414339222,
      0.0,
      0.0,
      0.0,
      0.0,
      0.0,
      0.0,
      0.0,
      0.0,
      0.0,
      0.0,
      0.0,
      0.0,
      0.0,
      0.0,
      0.0,
      0.0,
      0.0,
      0.0,
      0.0,
      0.0,
      0.0,
      0.0,
      0.0,
      0.0,
      0.0,
      0.0,
      0.0,
      0.0,
      0.0,
      0.0
    ]
  },
  "budget_factor": 1.0,
  "spillover_mode": "hybrid",
  "spillover_params": {
    "alpha": 0.4,
    "beta": 1.0,
    "gamma": 0.8,
    "delta": 1.8,
    "gcut": 1e-05
  },
  "shell_profile": {
    "centers": [
      2.3291379310344826,
      6.247413793103448,
      10.165689655172415,
      14.083965517241378,
      18.002241379310345,
      21.92051724137931,
      25.838793103448275,
      29.75706896551724,
      33.6753448275862,
      37.59362068965517,
      41.511896551724135,
      45.4301724137931,
      49.34844827586207,
      53.266724137931035,
      57.184999999999995,
      61.10327586206896,
      65.02155172413794,
      68.93982758620689,
      72.85810344827587,
      76.77637931034482,
      80.6946551724138,
      84.61293103448276,
      88.53120689655174,
      92.44948275862069,
      96.36775862068967,
      100.28603448275862,
      104.20431034482759,
      108.12258620689656,
      112.04086206896551,
      115.51038053341722,
      118.57116351877312,
      121.71305083813073,
      124.93819158635407,
      128.24879180481682,
      131.64711599036542,
      135.13548864426656,
      138.7162958621985,
      142.39198696637405,
      146.165076180911,
      150.03814435159677
    ],
    "mass": [
      80720.73187107172,
      13056.621087120897,
      10857.186844481208,
      8147.315184911499,
      5541.2336079940915,
      3495.017426763245,
      2192.7599058393976,
      1353.5836888018648,
      813.5255613471883,
      94.94164332265582,
      0.0,
      0.0,
      0.0,
      0.0,
      0.0,
      0.0,
      0.0,
      0.0,
      0.0,
      0.0,
      0.0,
      0.0,
      0.0,
      0.0,
      0.0,
      0.0,
      0.0,
      0.0,
      0.0,
      0.0,
      0.0,
      0.0,
      0.0,
      0.0,
      0.0,
      0.0,
      0.0,
      0.0,
      0.0,
      0.0
    ]
  },
  "scaling_params": {
    "mass_ref": 60000000000.0,
    "sigma_ref": 30.0,
    "alpha_beta": 0.0,
    "gamma_beta": 0.0,
    "alpha_min": 0.01,
    "alpha_max": 100.0,
    "gamma_min": -5.0,
    "gamma_max": 5.0
  },
  "force_match": false,
  "rms_velocity": 40.536684819762925,
  "n_points": 43,
  "data": [
    {
      "R": 0.37,
      "V_obs": 183.0,
      "V_GR": 124.12410120520511,
      "V_required": 134.470098906783,
      "capacity": 2004.8281959995668,
      "provided": 62.96163431017899,
      "V_model": 139.17959582858657
    },
    {
      "R": 0.74,
      "V_obs": 196.0,
      "V_GR": 192.62107906457175,
      "V_required": 36.236996288323866,
      "capacity": 2160.4574489623888,
      "provided": 16.966898420937163,
      "V_model": 193.36689412106304
    },
    {
      "R": 1.11,
      "V_obs": 205.0,
      "V_GR": 220.97691350003058,
      "V_required": 0.0,
      "capacity": 2269.0103346325773,
      "provided": 0.0,
      "V_model": 220.97691350003058
    },
    {
      "R": 1.48,
      "V_obs": 211.0,
      "V_GR": 243.1157841440987,
      "V_required": 0.0,
      "capacity": 2208.1897493096217,
      "provided": 0.0,
      "V_model": 243.1157841440987
    },
    {
      "R": 1.84,
      "V_obs": 214.0,
      "V_GR": 262.7393320384293,
      "V_required": 0.0,
      "capacity": 2020.3517849536036,
      "provided": 0.0,
      "V_model": 262.7393320384293
    },
    {
      "R": 2.21,
      "V_obs": 214.0,
      "V_GR": 278.61125497725317,
      "V_required": 0.0,
      "capacity": 1645.6547943935489,
      "provided": 0.0,
      "V_model": 278.61125497725317
    },
    {
      "R": 2.6,
      "V_obs": 213.0,
      "V_GR": 286.3014568597233,
      "V_required": 0.0,
      "capacity": 1127.282765109008,
      "provided": 0.0,
      "V_model": 286.3014568597233
    },
    {
      "R": 2.96,
      "V_obs": 211.0,
      "V_GR": 282.7116874131666,
      "V_required": 0.0,
      "capacity": 939.0969217827648,
      "provided": 0.0,
      "V_model": 282.7116874131666
    },
    {
      "R": 3.17,
      "V_obs": 210.0,
      "V_GR": 283.0440794293355,
      "V_required": 0.0,
      "capacity": 834.0115775733065,
      "provided": 0.0,
      "V_model": 283.0440794293355
    },
    {
      "R": 3.33,
      "V_obs": 209.0,
      "V_GR": 281.8735193309226,
      "V_required": 0.0,
      "capacity": 759.9006052299599,
      "provided": 0.0,
      "V_model": 281.8735193309226
    },
    {
      "R": 3.7,
      "V_obs": 207.0,
      "V_GR": 278.62633992499707,
      "V_required": 0.0,
      "capacity": 603.0969937393625,
      "provided": 0.0,
      "V_model": 278.62633992499707
    },
    {
      "R": 4.07,
      "V_obs": 206.0,
      "V_GR": 274.32471871852886,
      "V_required": 0.0,
      "capacity": 462.60025927436686,
      "provided": 0.0,
      "V_model": 274.32471871852886
    },
    {
      "R": 4.44,
      "V_obs": 205.0,
      "V_GR": 269.0980980980728,
      "V_required": 0.0,
      "capacity": 361.30476773646626,
      "provided": 8.592673068743677,
      "V_model": 269.2352510918032
    },
    {
      "R": 4.81,
      "V_obs": 205.0,
      "V_GR": 263.41866505621806,
      "V_required": 0.0,
      "capacity": 306.9194804873264,
      "provided": 8.592673068743677,
      "V_model": 263.5587735789995
    },
    {
      "R": 5.18,
      "V_obs": 206.0,
      "V_GR": 257.67736998036906,
      "V_required": 0.0,
      "capacity": 254.4446855120624,
      "provided": 8.592673068743677,
      "V_model": 257.8205985379491
    },
    {
      "R": 5.55,
      "V_obs": 207.0,
      "V_GR": 251.31205641592288,
      "V_required": 0.0,
      "capacity": 220.28214969078297,
      "provided": 8.592673068743677,
      "V_model": 251.45891062053522
    },
    {
      "R": 5.92,
      "V_obs": 208.0,
      "V_GR": 245.4593273843958,
      "V_required": 0.0,
      "capacity": 213.10502550332345,
      "provided": 8.592673068743677,
      "V_model": 245.60968106014533
    },
    {
      "R": 6.28,
      "V_obs": 210.0,
      "V_GR": 240.53304575463224,
      "V_required": 0.0,
      "capacity": 211.38148272851836,
      "provided": 8.592673068743677,
      "V_model": 240.6864768333824
    },
    {
      "R": 6.34,
      "V_obs": 210.0,
      "V_GR": 239.81681967701934,
      "V_required": 0.0,
      "capacity": 211.88896681496445,
      "provided": 8.592673068743677,
      "V_model": 239.97070869267841
    },
    {
      "R": 6.65,
      "V_obs": 212.0,
      "V_GR": 236.3231258256373,
      "V_required": 0.0,
      "capacity": 209.69060896611458,
      "provided": 8.592673068743677,
      "V_model": 236.47928837525353
    },
    {
      "R": 7.03,
      "V_obs": 214.0,
      "V_GR": 232.46577662098994,
      "V_required": 0.0,
      "capacity": 201.70733994728633,
      "provided": 8.592673068743677,
      "V_model": 232.6245286517875
    },
    {
      "R": 7.39,
      "V_obs": 215.0,
      "V_GR": 229.1072698541013,
      "V_required": 0.0,
      "capacity": 197.16858403555247,
      "provided": 8.592673068743677,
      "V_model": 229.2683474238568
    },
    {
      "R": 7.77,
      "V_obs": 216.0,