{
  "galaxy": "UGC07399",
  "alpha": 2.8271,
  "gamma": 0.8579,
  "alpha_eff": 2.8271,
  "gamma_eff": 0.8579,
  "alpha_scaling": "constant",
  "gamma_scaling": "constant",
  "shell_mode": "gravity_adaptive",
  "shell_parameters": {
    "R_coh": 18.39,
    "R_stop": 24.52,
    "r_factor": 4.0,
    "n_shell_min": 8,
    "n_shell_max": 40,
    "g_floor": 1e-05,
    "coh_radius_factor": 3.0,
    "spillover_mode": "hybrid",
    "spill_weights": [
      0.006173162357040582,
      0.008063126992163999,
      0.010018163441459447,
      0.012195895668852227,
      0.013082814977365072,
      0.014235477546954306,
      0.01474307987843195,
      0.014591005526938004,
      0.014809870888995316,
      0.015262564120442773,
      0.01687783245855327,
      0.01844423681006901,
      0.019953891926435572,
      0.02140049505109095,
      0.022779039761834343,
      0.024085576936139403,
      0.025317020052069993,
      0.026470990378308815,
      0.02754569661861591,
      0.02853984324198921,
      0.029452561899633932,
      0.030283360826856245,
      0.03103208779785716,
      0.03169890292862089,
      0.032284258330988885,
      0.03278888226491463,
      0.03321376599457843,
      0.03356015202189755,
      0.0338295227518506,
      0.03099522038855696,
      0.03142406597277018,
      0.03181620315645036,
      0.03216800833919852,
      0.0324757952490215,
      0.03273584295454534,
      0.032944428295140306,
      0.03309786286571952,
      0.033192534615069866,
      0.033224954021018716,
      0.03319180469156019
    ]
  },
  "budget_factor": 1.0,
  "spillover_mode": "hybrid",
  "spillover_params": {
    "alpha": 0.4,
    "beta": 1.0,
    "gamma": 0.8,
    "delta": 1.8,
    "gcut": 1e-05
  },
  "shell_profile": {
    "centers": [
      0.9165517241379311,
      1.5296551724137932,
      2.1427586206896554,
      2.7558620689655173,
      3.3689655172413797,
      3.982068965517242,
      4.5951724137931045,
      5.208275862068966,
      5.821379310344829,
      6.434482758620691,
      7.047586206896553,
      7.6606896551724155,
      8.273793103448277,
      8.886896551724139,
      9.5,
      10.113103448275863,
      10.726206896551725,
      11.339310344827588,
      11.95241379310345,
      12.565517241379311,
      13.178620689655174,
      13.791724137931036,
      14.404827586206899,
      15.01793103448276,
      15.631034482758622,
      16.244137931034484,
      16.857241379310345,
      17.47034482758621,
      18.083448275862068,
      18.63364822815388,
      19.127400851844186,
      19.634236885203713,
      20.154503011167108,
      20.68855509904018,
      21.23675844791947,
      21.79948803656194,
      22.377128779875697,
      22.970075792207172,
      23.578734657604848,
      24.203521707244423
    ],
    "mass": [
      300.7547782576131,
      166.3330354445733,
      126.56214141029163,
      113.84769990769668,
      85.25603160368537,
      72.34083188422417,
      57.91834288447134,
      43.54593885027454,
      36.29816015366019,
      32.47121686961601,
      35.56520527230498,
      38.65919367499406,
      41.75318207768303,
      44.84717048037204,
      47.9411588830612,
      51.035147285750085,
      54.129135688439106,
      57.223124091128305,
      60.31711249381716,
      63.41110089650636,
      66.5050892991952,
      69.59907770188423,
      72.69306610457346,
      75.78705450726228,
      78.88104290995129,
      81.97503131264055,
      85.06901971532933,
      88.16300811801837,
      91.25699652070737,
      74.73814416931218,
      78.75142908212847,
      82.98021915593638,
      87.43608657547303,
      92.13122492804018,
      97.0784825715442,
      102.29139779433574,
      107.78423586305873,
      113.57202805988776,
      119.67061281599374,
      126.09667905378954
    ]
  },
  "scaling_params": {
    "mass_ref": 60000000000.0,
    "sigma_ref": 30.0,
    "alpha_beta": 0.0,
    "gamma_beta": 0.0,
    "alpha_min": 0.01,
    "alpha_max": 100.0,
    "gamma_min": -5.0,
    "gamma_max": 5.0
  },
  "force_match": false,
  "rms_velocity": 49.688325119938895,
  "n_points": 10,
  "data": [
    {
      "R": 0.61,
      "V_obs": 47.3,
      "V_GR": 32.02893223321689,
      "V_required": 34.80571073832568,
      "capacity": 85.5498544961264,
      "provided": 1.8196752600793047,
      "V_model": 32.08058163519085
    },
    {
      "R": 1.22,
      "V_obs": 70.4,
      "V_GR": 39.888054602850715,
      "V_required": 58.00950870331519,
      "capacity": 46.31245735497648,
      "provided": 3.032791619466744,
      "V_model": 40.00318393587075
    },
    {
      "R": 1.84,
      "V_obs": 83.7,
      "V_GR": 39.8540763285263,
      "V_required": 73.6025991388891,
      "capacity": 28.342896358105428,
      "provided": 7.874862749740805,
      "V_model": 40.62463370083791
    },
    {
      "R": 2.45,
      "V_obs": 89.1,
      "V_GR": 40.60332252414819,
      "V_required": 79.31065628274676,
      "capacity": 28.6966623967694,
      "provided": 9.586687726106648,
      "V_model": 41.719712146153206
    },
    {
      "R": 3.07,
      "V_obs": 91.7,
      "V_GR": 41.31105905202625,
      "V_required": 81.86749293828413,
      "capacity": 19.695590266463974,
      "provided": 10.283858207048231,
      "V_model": 42.5718374001249
    },
    {
      "R": 3.68,
      "V_obs": 95.1,
      "V_GR": 40.74000490917987,
      "V_required": 85.93172871530048,
      "capacity": 15.563128240127618,
      "provided": 11.189918443070537,
      "V_model": 42.24881388586631
    },
    {
      "R": 4.3,
      "V_obs": 96.9,
      "V_GR": 40.091385608382254,
      "V_required": 88.2172930892804,
      "capacity": 13.443230220171504,
      "provided": 11.588923581606442,
      "V_model": 41.73274912799675
    },
    {
      "R": 4.91,
      "V_obs": 100.0,
      "V_GR": 40.19807458075573,
      "V_required": 91.56481201859151,
      "capacity": 8.751291938118039,
      "provided": 11.46938424160979,
      "V_model": 41.80229628718603
    },
    {
      "R": 5.52,
      "V_obs": 103.0,
      "V_GR": 40.57416049655248,
      "V_required": 94.67173548636362,
      "capacity": 7.565137697733793,
      "provided": 11.64142522466472,
      "V_model": 42.21119852908064
    },
    {
      "R": 6.13,
      "V_obs": 106.0,
      "V_GR": 40.21075726717914,
      "V_required": 98.07698506785371,
      "capacity": 5.52985560851507,
      "provided": 11.997268597176722,
      "V_model": 41.962357581442
    }
  ]
}