{
  "galaxy": "UGC03580",
  "alpha": 2.8271,
  "gamma": 0.8579,
  "alpha_eff": 2.8271,
  "gamma_eff": 0.8579,
  "alpha_scaling": "constant",
  "gamma_scaling": "constant",
  "shell_mode": "gravity_adaptive",
  "shell_parameters": {
    "R_coh": 81.17999999999999,
    "R_stop": 108.24,
    "r_factor": 4.0,
    "n_shell_min": 8,
    "n_shell_max": 40,
    "g_floor": 1e-05,
    "coh_radius_factor": 3.0,
    "spillover_mode": "hybrid",
    "spill_weights": [
      0.06719136309287717,
      0.12974831920192995,
      0.156874981781372,
      0.1620294156397792,
      0.14590181307971392,
      0.11327063672934955,
      0.08845300919838084,
      0.06343686022319892,
      0.04944699219998159,
      0.02364660885341688,
      0.0,
      0.0,
      0.0,
      0.0,
      0.0,
      0.0,
      0.0,
      0.0,
      0.0,
      0.0,
      0.0,
      0.0,
      0.0,
      0.0,
      0.0,
      0.0,
      0.0,
      0.0,
      0.0,
      0.0,
      0.0,
      0.0,
      0.0,
      0.0,
      0.0,
      0.0,
      0.0,
      0.0,
      0.0,
      0.0
    ]
  },
  "budget_factor": 1.0,
  "spillover_mode": "hybrid",
  "spillover_params": {
    "alpha": 0.4,
    "beta": 1.0,
    "gamma": 0.8,
    "delta": 1.8,
    "gcut": 1e-05
  },
  "shell_profile": {
    "centers": [
      1.507758620689655,
      4.303275862068965,
      7.098793103448275,
      9.894310344827584,
      12.689827586206896,
      15.485344827586205,
      18.280862068965515,
      21.076379310344826,
      23.871896551724134,
      26.667413793103446,
      29.462931034482757,
      32.258448275862065,
      35.05396551724138,
      37.84948275862068,
      40.644999999999996,
      43.44051724137931,
      46.23603448275861,
      49.03155172413793,
      51.82706896551724,
      54.62258620689654,
      57.41810344827586,
      60.21362068965517,
      63.00913793103447,
      65.80465517241379,
      68.6001724137931,
      71.3956896551724,
      74.19120689655172,
      76.98672413793102,
      79.78224137931034,
      82.25554992721761,
      84.4351496004737,
      86.67250409683727,
      88.96914379807211,
      91.32663963785112,
      93.74660417629707,
      96.23069270299615,
      98.78060436923928,
      101.39808335026532,
      104.08492003830139,
      106.84295226721603
    ],
    "mass": [
      6869.736176116449,
      2622.8941192237203,
      1235.1901087545286,
      603.611732948598,
      260.2305409208509,
      88.53232744363159,
      33.5041948582235,
      10.967818637252739,
      4.659837261276575,
      0.6089070990841752,
      0.0,
      0.0,
      0.0,
      0.0,
      0.0,
      0.0,
      0.0,
      0.0,
      0.0,
      0.0,
      0.0,
      0.0,
      0.0,
      0.0,
      0.0,
      0.0,
      0.0,
      0.0,
      0.0,
      0.0,
      0.0,
      0.0,
      0.0,
      0.0,
      0.0,
      0.0,
      0.0,
      0.0,
      0.0,
      0.0
    ]
  },
  "scaling_params": {
    "mass_ref": 60000000000.0,
    "sigma_ref": 30.0,
    "alpha_beta": 0.0,
    "gamma_beta": 0.0,
    "alpha_min": 0.01,
    "alpha_max": 100.0,
    "gamma_min": -5.0,
    "gamma_max": 5.0
  },
  "force_match": false,
  "rms_velocity": 39.39273281531009,
  "n_points": 47,
  "data": [
    {
      "R": 0.11,
      "V_obs": 56.2,
      "V_GR": 45.34044882883274,
      "V_required": 33.20668155657834,
      "capacity": 930.0176861947682,
      "provided": 93.4154713811765,
      "V_model": 103.83740459664527
    },
    {
      "R": 0.23,
      "V_obs": 64.6,
      "V_GR": 78.35134395784159,
      "V_required": 0.0,
      "capacity": 1156.5114301505705,
      "provided": 0.0,
      "V_model": 78.35134395784159
    },
    {
      "R": 0.34,
      "V_obs": 70.2,
      "V_GR": 94.43961298099437,
      "V_required": 0.0,
      "capacity": 1095.105784579661,
      "provided": 0.0,
      "V_model": 94.43961298099437
    },
    {
      "R": 0.46,
      "V_obs": 71.6,
      "V_GR": 103.80518965832104,
      "V_required": 0.0,
      "capacity": 984.83373210218,
      "provided": 0.0,
      "V_model": 103.80518965832104
    },
    {
      "R": 0.57,
      "V_obs": 71.0,
      "V_GR": 107.25072354068294,
      "V_required": 0.0,
      "capacity": 928.5327130450476,
      "provided": 0.0,
      "V_model": 107.25072354068294
    },
    {
      "R": 0.69,
      "V_obs": 69.0,
      "V_GR": 110.7178490578642,
      "V_required": 0.0,
      "capacity": 904.2903887100284,
      "provided": 0.0,
      "V_model": 110.7178490578642
    },
    {
      "R": 0.8,
      "V_obs": 67.7,
      "V_GR": 114.0480078738774,
      "V_required": 0.0,
      "capacity": 851.4808702305071,
      "provided": 0.0,
      "V_model": 114.0480078738774
    },
    {
      "R": 0.92,
      "V_obs": 66.9,
      "V_GR": 116.95687795080715,
      "V_required": 0.0,
      "capacity": 797.8313922261016,
      "provided": 0.0,
      "V_model": 116.95687795080715
    },
    {
      "R": 1.03,
      "V_obs": 66.6,
      "V_GR": 119.69173112625616,
      "V_required": 0.0,
      "capacity": 701.2223799481382,
      "provided": 0.0,
      "V_model": 119.69173112625616
    },
    {
      "R": 1.14,
      "V_obs": 66.8,
      "V_GR": 121.21700994497431,
      "V_required": 0.0,
      "capacity": 629.1834465281333,
      "provided": 0.0,
      "V_model": 121.21700994497431
    },
    {
      "R": 1.26,
      "V_obs": 67.4,
      "V_GR": 122.24362151049027,
      "V_required": 0.0,
      "capacity": 554.4903613040356,
      "provided": 0.0,
      "V_model": 122.24362151049027
    },
    {
      "R": 1.37,
      "V_obs": 68.3,
      "V_GR": 122.52723248323207,
      "V_required": 0.0,
      "capacity": 488.0461456658078,
      "provided": 0.0,
      "V_model": 122.52723248323207
    },
    {
      "R": 1.49,
      "V_obs": 69.6,
      "V_GR": 122.19925081603405,
      "V_required": 0.0,
      "capacity": 449.17033071908446,
      "provided": 0.0,
      "V_model": 122.19925081603405
    },
    {
      "R": 1.61,
      "V_obs": 71.2,
      "V_GR": 121.80558484732956,
      "V_required": 0.0,
      "capacity": 425.5149999132541,
      "provided": 0.0,
      "V_model": 121.80558484732956
    },
    {
      "R": 1.71,
      "V_obs": 72.9,
      "V_GR": 121.44161601362194,
      "V_required": 0.0,
      "capacity": 406.629659719146,
      "provided": 0.0,
      "V_model": 121.44161601362194
    },
    {
      "R": 1.83,
      "V_obs": 74.9,
      "V_GR": 120.87195125420952,
      "V_required": 0.0,
      "capacity": 379.1463537684942,
      "provided": 0.0,
      "V_model": 120.87195125420952
    },
    {
      "R": 1.94,
      "V_obs": 77.0,
      "V_GR": 120.12965412420033,
      "V_required": 0.0,
      "capacity": 360.6170545611016,
      "provided": 0.0,
      "V_model": 120.12965412420033
    },
    {
      "R": 2.06,
      "V_obs": 79.2,
      "V_GR": 119.32065160733912,
      "V_required": 0.0,
      "capacity": 348.90187713243284,
      "provided": 0.0,
      "V_model": 119.32065160733912
    },
    {
      "R": 2.18,
      "V_obs": 81.4,
      "V_GR": 118.69413338493187,
      "V_required": 0.0,
      "capacity": 347.29748937670405,
      "provided": 0.0,
      "V_model": 118.69413338493187
    },
    {
      "R": 2.29,
      "V_obs": 83.6,
      "V_GR": 118.50541000308804,
      "V_required": 0.0,
      "capacity": 346.7015457645234,
      "provided": 0.0,
      "V_model": 118.50541000308804
    },
    {
      "R": 2.4,
      "V_obs": 85.7,
      "V_GR": 118.51118596993282,
      "V_required": 0.0,
      "capacity": 338.14273229178497,
      "provided": 0.0,
      "V_model": 118.51118596993282
    },
    {
      "R": 2.52,
      "V_obs": 87.8,
      "V_GR": 118.53142241616777,
      "V_required": 0.0,
      "capacity": 322.73523018870884,
      "provided": 0.0,
      "V_model": 118.53142241616777
    },
    {
      "R": 2.63,
      "V_obs": 89.7,
      "V_GR": 118.43696298031287,
      "V_required": 0.0,
      "capacity": 301.7645869705092,
      "provided": 0.0,
      "V_model": 118.43696298031287
    },
    {
      "R": 2.75,