{
  "galaxy": "UGC04325",
  "alpha": 2.8271,
  "gamma": 0.8579,
  "alpha_eff": 2.8271,
  "gamma_eff": 0.8579,
  "alpha_scaling": "constant",
  "gamma_scaling": "constant",
  "shell_mode": "gravity_adaptive",
  "shell_parameters": {
    "R_coh": 16.77,
    "R_stop": 22.36,
    "r_factor": 4.0,
    "n_shell_min": 8,
    "n_shell_max": 40,
    "g_floor": 1e-05,
    "coh_radius_factor": 3.0,
    "spillover_mode": "hybrid",
    "spill_weights": [
      0.0058434519813778535,
      0.009700044257671799,
      0.013121133234878568,
      0.016286576530591013,
      0.018207810423709024,
      0.01885246872429845,
      0.01856540608930199,
      0.016951639189058683,
      0.014780589296352306,
      0.014412640396770359,
      0.015971510085104577,
      0.017496743501926093,
      0.0189789581927526,
      0.02041005168245565,
      0.021783091111685228,
      0.02309221034325233,
      0.024332513676063462,
      0.025499986105592086,
      0.02659141031496823,
      0.02760429054315176,
      0.028536783316975622,
      0.02938763484399497,
      0.03015612469209451,
      0.030842015252081634,
      0.03144550639737381,
      0.03196719471765979,
      0.032408036703850215,
      0.032769315290894954,
      0.033052609214366306,
      0.030420352486350007,
      0.030851960499861903,
      0.031245890797746586,
      0.03159854141551855,
      0.03190626928331974,
      0.032165418477530044,
      0.03237235250535665,
      0.03252349073674906,
      0.03261534902580155,
      0.032644584474750264,
      0.03260804418676171
    ]
  },
  "budget_factor": 1.0,
  "spillover_mode": "hybrid",
  "spillover_params": {
    "alpha": 0.4,
    "beta": 1.0,
    "gamma": 0.8,
    "delta": 1.8,
    "gcut": 1e-05
  },
  "shell_profile": {
    "centers": [
      0.9770689655172413,
      1.531206896551724,
      2.0853448275862068,
      2.6394827586206895,
      3.193620689655172,
      3.747758620689655,
      4.301896551724138,
      4.85603448275862,
      5.410172413793103,
      5.964310344827586,
      6.5184482758620685,
      7.072586206896552,
      7.626724137931034,
      8.180862068965517,
      8.735,
      9.289137931034482,
      9.843275862068964,
      10.397413793103446,
      10.951551724137929,
      11.505689655172413,
      12.059827586206895,
      12.613965517241379,
      13.168103448275861,
      13.722241379310343,
      14.276379310344826,
      14.830517241379308,
      15.38465517241379,
      15.938793103448276,
      16.49293103448276,
      16.9921849258369,
      17.442442212366885,
      17.904630373293436,
      18.37906555178208,
      18.866072268129628,
      19.365983641740595,
      19.87914161898552,
      20.40589720709709,
      20.946610714263965,
      21.50165199608664,
      22.07140070856384
    ],
    "mass": [
      261.9546659971994,
      306.55065098438007,
      307.1089824494715,
      299.24460862808417,
      252.4038125773549,
      190.59293904188164,
      134.80870235307614,
      82.70863810344937,
      46.94961151795382,
      36.34092933631665,
      39.71732765062653,
      43.09372596493635,
      46.470124279246214,
      49.84652259355617,
      53.22292090786596,
      56.599319222175836,
      59.9757175364857,
      63.35211585079558,
      66.72851416510566,
      70.10491247941533,
      73.48131079372521,
      76.85770910803532,
      80.23410742234496,
      83.61050573665484,
      86.9869040509647,
      90.36330236527458,
      93.73970067958476,
      97.11609899389467,
      100.49249730820422,
      83.02554391169082,
      87.48384517756433,
      92.18154806902093,
      97.13150796188845,
      102.34727053928597,
      107.84310885971207,
      113.63406241560119,
      119.7359782892599,
      126.16555451878111,
      132.94038579262497,
      140.07901159790052
    ]
  },
  "scaling_params": {
    "mass_ref": 60000000000.0,
    "sigma_ref": 30.0,
    "alpha_beta": 0.0,
    "gamma_beta": 0.0,
    "alpha_min": 0.01,
    "alpha_max": 100.0,
    "gamma_min": -5.0,
    "gamma_max": 5.0
  },
  "force_match": false,
  "rms_velocity": 34.69899311756846,
  "n_points": 8,
  "data": [
    {
      "R": 0.7,
      "V_obs": 41.3,
      "V_GR": 21.16548605631347,
      "V_required": 35.46423832538914,
      "capacity": 68.07520419371853,
      "provided": 3.1057260009705727,
      "V_model": 21.392132525606335
    },
    {
      "R": 1.4,
      "V_obs": 68.7,
      "V_GR": 32.91946080967912,
      "V_required": 60.29924626394596,
      "capacity": 85.78333840678216,
      "provided": 5.155459436925695,
      "V_model": 33.32070920622468
    },
    {
      "R": 2.09,
      "V_obs": 83.8,
      "V_GR": 43.284728253738635,
      "V_required": 71.75564298367063,
      "capacity": 82.782183624058,
      "provided": 6.973727991541177,
      "V_model": 43.842908002321245
    },
    {
      "R": 2.79,
      "V_obs": 88.7,
      "V_GR": 50.91949430228073,
      "V_required": 72.62847306669748,
      "capacity": 74.3695538248048,
      "provided": 8.656123873191603,
      "V_model": 51.65000852379443
    },
    {
      "R": 3.49,
      "V_obs": 90.1,
      "V_GR": 55.58647677268276,
      "V_required": 70.90947468427615,
      "capacity": 51.54726138485093,
      "provided": 10.019865395682144,
      "V_model": 56.48233442898397
    },
    {
      "R": 4.19,
      "V_obs": 91.6,
      "V_GR": 56.10579025376971,
      "V_required": 72.40649349333248,
      "capacity": 33.43991079717036,
      "provided": 9.867294981437823,
      "V_model": 56.96686063186832
    },
    {
      "R": 4.89,
      "V_obs": 92.7,
      "V_GR": 55.558347707612754,
      "V_required": 74.20619920195348,
      "capacity": 17.618744875793286,
      "provided": 9.00959685410427,
      "V_model": 56.28412596348534
    },
    {
      "R": 5.59,
      "V_obs": 91.5,
      "V_GR": 54.06554725516057,
      "V_required": 73.81847058832903,
      "capacity": 7.261275619054827,
      "provided": 7.85570937070055,
      "V_model": 54.633282618902854
    }
  ]
}