{
  "galaxy": "UGC07125",
  "alpha": 2.8271,
  "gamma": 0.8579,
  "alpha_eff": 2.8271,
  "gamma_eff": 0.8579,
  "alpha_scaling": "constant",
  "gamma_scaling": "constant",
  "shell_mode": "gravity_adaptive",
  "shell_parameters": {
    "R_coh": 56.04,
    "R_stop": 74.72,
    "r_factor": 4.0,
    "n_shell_min": 8,
    "n_shell_max": 40,
    "g_floor": 1e-05,
    "coh_radius_factor": 3.0,
    "spillover_mode": "hybrid",
    "spill_weights": [
      0.08417136046237074,
      0.12360048292802849,
      0.147163057894862,
      0.17143603058773668,
      0.1812813312445781,
      0.17147142236607502,
      0.12087631451634889,
      0.0,
      0.0,
      0.0,
      0.0,
      0.0,
      0.0,
      0.0,
      0.0,
      0.0,
      0.0,
      0.0,
      0.0,
      0.0,
      0.0,
      0.0,
      0.0,
      0.0,
      0.0,
      0.0,
      0.0,
      0.0,
      0.0,
      0.0,
      0.0,
      0.0,
      0.0,
      0.0,
      0.0,
      0.0,
      0.0,
      0.0,
      0.0,
      0.0
    ]
  },
  "budget_factor": 1.0,
  "spillover_mode": "hybrid",
  "spillover_params": {
    "alpha": 0.4,
    "beta": 1.0,
    "gamma": 0.8,
    "delta": 1.8,
    "gcut": 1e-05
  },
  "shell_profile": {
    "centers": [
      2.3813793103448275,
      4.264137931034482,
      6.146896551724137,
      8.029655172413793,
      9.912413793103447,
      11.795172413793104,
      13.677931034482757,
      15.560689655172414,
      17.44344827586207,
      19.326206896551724,
      21.20896551724138,
      23.091724137931035,
      24.97448275862069,
      26.857241379310345,
      28.740000000000002,
      30.622758620689655,
      32.50551724137931,
      34.388275862068966,
      36.27103448275862,
      38.15379310344827,
      40.03655172413793,
      41.91931034482758,
      43.802068965517236,
      45.68482758620689,
      47.56758620689655,
      49.45034482758621,
      51.333103448275864,
      53.215862068965514,
      55.09862068965517,
      56.78247127274298,
      58.2870877508074,
      59.831573412007394,
      61.41698470613403,
      63.044406076683615,
      64.71495070263225,
      66.42976125986574,
      68.19001070278597,
      69.99690306662805,
      71.85167429103727,
      73.75559306546913
    ],
    "mass": [
      882.9694601497077,
      558.3256735040258,
      364.14140752604015,
      290.49583097211485,
      211.87360952609828,
      129.90336233075112,
      41.43305223931348,
      0.0,
      0.0,
      0.0,
      0.0,
      0.0,
      0.0,
      0.0,
      0.0,
      0.0,
      0.0,
      0.0,
      0.0,
      0.0,
      0.0,
      0.0,
      0.0,
      0.0,
      0.0,
      0.0,
      0.0,
      0.0,
      0.0,
      0.0,
      0.0,
      0.0,
      0.0,
      0.0,
      0.0,
      0.0,
      0.0,
      0.0,
      0.0,
      0.0
    ]
  },
  "scaling_params": {
    "mass_ref": 60000000000.0,
    "sigma_ref": 30.0,
    "alpha_beta": 0.0,
    "gamma_beta": 0.0,
    "alpha_min": 0.01,
    "alpha_max": 100.0,
    "gamma_min": -5.0,
    "gamma_max": 5.0
  },
  "force_match": false,
  "rms_velocity": 18.24733044440473,
  "n_points": 13,
  "data": [
    {
      "R": 1.44,
      "V_obs": 26.1,
      "V_GR": 29.03936121886981,
      "V_required": 0.0,
      "capacity": 37.09608460347084,
      "provided": 0.0,
      "V_model": 29.03936121886981
    },
    {
      "R": 2.88,
      "V_obs": 43.0,
      "V_GR": 40.57920649790974,
      "V_required": 14.22420472293619,
      "capacity": 26.053697261254698,
      "provided": 38.32490176990869,
      "V_model": 55.81639629780079
    },
    {
      "R": 4.33,
      "V_obs": 48.5,
      "V_GR": 42.56273604927202,
      "V_required": 23.252171941562796,
      "capacity": 19.31163673976907,
      "provided": 56.27776883857851,
      "V_model": 70.56042634117567
    },
    {
      "R": 5.76,
      "V_obs": 52.5,
      "V_GR": 43.20567092408125,
      "V_required": 29.824821877087555,
      "capacity": 12.889859032259151,
      "provided": 67.00627989138145,
      "V_model": 79.72811012987923
    },
    {
      "R": 7.2,
      "V_obs": 56.4,
      "V_GR": 41.58235803799491,
      "V_required": 38.10337911524384,
      "capacity": 9.593815383224765,
      "provided": 38.20316310895502,
      "V_model": 56.46746117481661
    },
    {
      "R": 8.64,
      "V_obs": 58.5,
      "V_GR": 42.91979729681863,
      "V_required": 39.750987409119794,
      "capacity": 8.9418483899619,
      "provided": 39.85508611033073,
      "V_model": 58.570785284661135
    },
    {
      "R": 10.08,
      "V_obs": 61.5,
      "V_GR": 44.38799837793995,
      "V_required": 42.56707178089656,
      "capacity": 6.137091989705287,
      "provided": 82.54101127155586,
      "V_model": 93.71933067265851
    },
    {
      "R": 11.47,
      "V_obs": 64.6,
      "V_GR": 45.67986427300326,
      "V_required": 45.67833184344629,
      "capacity": 4.244542966711282,
      "provided": 78.07436380292593,
      "V_model": 90.45582503759297
    },
    {
      "R": 13.0,
      "V_obs": 65.6,
      "V_GR": 50.03209369994424,
      "V_required": 42.4281698874698,
      "capacity": 2.179279031400002,
      "provided": 27.59611035250375,
      "V_model": 57.13804080109472
    },
    {
      "R": 14.42,
      "V_obs": 65.4,
      "V_GR": 49.971513885412755,
      "V_required": 42.19013865822203,
      "capacity": 0.0,
      "provided": 27.44129019205173,
      "V_model": 57.01032018331763
    },
    {
      "R": 15.84,
      "V_obs": 65.5,
      "V_GR": 47.915561146667166,
      "V_required": 44.65813475728694,
      "capacity": 0.0,
      "provided": 0.0,
      "V_model": 47.915561146667166
    },
    {
      "R": 17.26,
      "V_obs": 65.1,
      "V_GR": 47.737835099635596,
      "V_required": 44.26182440885146,
      "capacity": 0.0,
      "provided": 0.0,
      "V_model": 47.737835099635596
    },
    {
      "R": 18.68,
      "V_obs": 64.9,
      "V_GR": 43.258688144695284,
      "V_required": 48.380738936068354,
      "capacity": 0.0,
      "provided": 0.0,
      "V_model": 43.258688144695284
    }
  ]
}