{
  "galaxy": "UGC06983",
  "alpha": 2.8271,
  "gamma": 0.8579,
  "alpha_eff": 2.8271,
  "gamma_eff": 0.8579,
  "alpha_scaling": "constant",
  "gamma_scaling": "constant",
  "shell_mode": "gravity_adaptive",
  "shell_parameters": {
    "R_coh": 47.04,
    "R_stop": 62.72,
    "r_factor": 4.0,
    "n_shell_min": 8,
    "n_shell_max": 40,
    "g_floor": 1e-05,
    "coh_radius_factor": 3.0,
    "spillover_mode": "hybrid",
    "spill_weights": [
      0.09081406913167274,
      0.11981242306585299,
      0.1473777377383408,
      0.17320804998127784,
      0.1716736665910773,
      0.1645332406142938,
      0.13258081287748458,
      0.0,
      0.0,
      0.0,
      0.0,
      0.0,
      0.0,
      0.0,
      0.0,
      0.0,
      0.0,
      0.0,
      0.0,
      0.0,
      0.0,
      0.0,
      0.0,
      0.0,
      0.0,
      0.0,
      0.0,
      0.0,
      0.0,
      0.0,
      0.0,
      0.0,
      0.0,
      0.0,
      0.0,
      0.0,
      0.0,
      0.0,
      0.0,
      0.0
    ]
  },
  "budget_factor": 1.0,
  "spillover_mode": "hybrid",
  "spillover_params": {
    "alpha": 0.4,
    "beta": 1.0,
    "gamma": 0.8,
    "delta": 1.8,
    "gcut": 1e-05
  },
  "shell_profile": {
    "centers": [
      2.521034482758621,
      4.083103448275862,
      5.645172413793103,
      7.207241379310345,
      8.769310344827586,
      10.331379310344827,
      11.893448275862069,
      13.45551724137931,
      15.017586206896551,
      16.57965517241379,
      18.141724137931032,
      19.703793103448273,
      21.265862068965514,
      22.827931034482756,
      24.389999999999997,
      25.95206896551724,
      27.51413793103448,
      29.07620689655172,
      30.638275862068962,
      32.20034482758621,
      33.76241379310345,
      35.32448275862069,
      36.88655172413793,
      38.44862068965517,
      40.01068965517241,
      41.572758620689655,
      43.134827586206896,
      44.69689655172414,
      46.25896551724138,
      47.66323070431531,
      48.92620642037795,
      50.22264834583919,
      51.55344326510608,
      52.91950146051387,
      54.32175733497182,
      55.76117005110787,
      57.23872418734926,
      58.755430411388005,
      60.31232617149168,
      61.91047640613256
    ],
    "mass": [
      1290.2593844620762,
      792.0622324677902,
      610.5398853919786,
      515.4746761622199,
      323.3810814869977,
      203.88051304026743,
      89.13375440595462,
      0.0,
      0.0,
      0.0,
      0.0,
      0.0,
      0.0,
      0.0,
      0.0,
      0.0,
      0.0,
      0.0,
      0.0,
      0.0,
      0.0,
      0.0,
      0.0,
      0.0,
      0.0,
      0.0,
      0.0,
      0.0,
      0.0,
      0.0,
      0.0,
      0.0,
      0.0,
      0.0,
      0.0,
      0.0,
      0.0,
      0.0,
      0.0,
      0.0
    ]
  },
  "scaling_params": {
    "mass_ref": 60000000000.0,
    "sigma_ref": 30.0,
    "alpha_beta": 0.0,
    "gamma_beta": 0.0,
    "alpha_min": 0.01,
    "alpha_max": 100.0,
    "gamma_min": -5.0,
    "gamma_max": 5.0
  },
  "force_match": false,
  "rms_velocity": 43.52323165563567,
  "n_points": 17,
  "data": [
    {
      "R": 1.74,
      "V_obs": 56.9,
      "V_GR": 57.53,
      "V_required": 0.0,
      "capacity": 84.79434191199174,
      "provided": 0.0,
      "V_model": 57.53
    },
    {
      "R": 2.61,
      "V_obs": 87.4,
      "V_GR": 63.17,
      "V_required": 60.401250814863104,
      "capacity": 56.7450399774475,
      "provided": 122.09856466038039,
      "V_model": 137.47184581624373
    },
    {
      "R": 3.5,
      "V_obs": 92.1,
      "V_GR": 61.1,
      "V_required": 68.9144397060587,
      "capacity": 38.1458101465541,
      "provided": 78.77749256555786,
      "V_model": 99.69505170727645
    },
    {
      "R": 4.37,
      "V_obs": 93.5,
      "V_GR": 59.64642654845301,
      "V_required": 72.00384573062748,
      "capacity": 32.67131891759877,
      "provided": 82.30905519844771,
      "V_model": 101.64879127496359
    },
    {
      "R": 5.24,
      "V_obs": 98.2,
      "V_GR": 59.98274418530716,
      "V_required": 77.75159419587486,
      "capacity": 25.523332325329832,
      "provided": 97.66602077089223,
      "V_model": 114.61492578726539
    },
    {
      "R": 6.11,
      "V_obs": 99.7,
      "V_GR": 59.50775747749196,
      "V_required": 79.99322971352014,
      "capacity": 25.41786820006977,
      "provided": 100.4818038206336,
      "V_model": 116.78084645629306
    },
    {
      "R": 6.98,
      "V_obs": 102.0,
      "V_GR": 60.88311177986881,
      "V_required": 81.83670753396669,
      "capacity": 21.626471341028616,
      "provided": 113.23494585128645,
      "V_model": 128.56479402209524
    },
    {
      "R": 7.85,
      "V_obs": 107.0,
      "V_GR": 63.027712159017796,
      "V_required": 86.46679998704705,
      "capacity": 17.576791068786086,
      "provided": 119.64146297556589,
      "V_model": 135.22785276315565
    },
    {
      "R": 8.72,
      "V_obs": 108.0,
      "V_GR": 62.13607084455856,
      "V_required": 88.33520645812744,
      "capacity": 12.6300813460327,
      "provided": 230.81344643155896,
      "V_model": 239.03083138711236
    },
    {
      "R": 9.6,
      "V_obs": 110.0,
      "V_GR": 61.47448657776655,
      "V_required": 91.21889880940243,
      "capacity": 9.624181214932932,
      "provided": 108.88209120267084,
      "V_model": 125.03768345849474
    },
    {
      "R": 10.47,
      "V_obs": 113.0,
      "V_GR": 62.55081933915814,
      "V_required": 94.10842151476137,
      "capacity": 7.162301962052197,
      "provided": 112.33112729983377,
      "V_model": 128.57249768302498
    },
    {
      "R": 11.35,
      "V_obs": 110.0,
      "V_GR": 62.61798862946653,
      "V_required": 90.43775483723599,
      "capacity": 4.452331504954293,
      "provided": 90.08088557022735,
      "V_model": 109.70678395211662
    },
    {
      "R": 12.19,
      "V_obs": 108.0,
      "V_GR": 61.86975432309393,
      "V_required": 88.52193795890372,
      "capacity": 2.473679922490099,
      "provided": 88.17262854525859,
      "V_model": 107.7138752648894
    },
    {
      "R": 13.12,
      "V_obs": 109.0,
      "V_GR": 61.13476343292743,
      "V_required": 90.24156858122535,
      "capacity": 0.0,
      "provided": 0.0,
      "V_model": 61.13476343292743
    },
    {
      "R": 13.94,
      "V_obs": 108.0,
      "V_GR": 59.65506600448951,
      "V_required": 90.02929023379002,
      "capacity": 0.0,
      "provided": 0.0,
      "V_model": 59.65506600448951
    },
    {
      "R": 14.86,
      "V_obs": 108.0,
      "V_GR": 58.02080058048148,
      "V_required": 91.09109012411697,
      "capacity": 0.0,
      "provided": 0.0,
      "V_model": 58.02080058048148
    },
    {
      "R": 15.68,
      "V_obs": 109.0,
      "V_GR": 56.62515518742532,
      "V_required": 93.13748869279222,
      "capacity": 0.0,
      "provided": 0.0,
      "V_model": 56.62515518742532
    }
  ]
}