{
  "galaxy": "UGC03205",
  "alpha": 2.8271,
  "gamma": 0.8579,
  "alpha_eff": 2.8271,
  "gamma_eff": 0.8579,
  "alpha_scaling": "constant",
  "gamma_scaling": "constant",
  "shell_mode": "gravity_adaptive",
  "shell_parameters": {
    "R_coh": 120.12,
    "R_stop": 160.16,
    "r_factor": 4.0,
    "n_shell_min": 8,
    "n_shell_max": 40,
    "g_floor": 1e-05,
    "coh_radius_factor": 3.0,
    "spillover_mode": "hybrid",
    "spill_weights": [
      0.05894061550508764,
      0.1509110688078634,
      0.171698976456066,
      0.15669620663983966,
      0.14939484771039357,
      0.1167404471235848,
      0.07855945463454911,
      0.05650502475459909,
      0.0426853970952528,
      0.01786796127276383,
      0.0,
      0.0,
      0.0,
      0.0,
      0.0,
      0.0,
      0.0,
      0.0,
      0.0,
      0.0,
      0.0,
      0.0,
      0.0,
      0.0,
      0.0,
      0.0,
      0.0,
      0.0,
      0.0,
      0.0,
      0.0,
      0.0,
      0.0,
      0.0,
      0.0,
      0.0,
      0.0,
      0.0,
      0.0,
      0.0
    ]
  },
  "budget_factor": 1.0,
  "spillover_mode": "hybrid",
  "spillover_params": {
    "alpha": 0.4,
    "beta": 1.0,
    "gamma": 0.8,
    "delta": 1.8,
    "gcut": 1e-05
  },
  "shell_profile": {
    "centers": [
      2.3462068965517244,
      6.478620689655172,
      10.611034482758619,
      14.743448275862068,
      18.875862068965517,
      23.008275862068967,
      27.140689655172416,
      31.27310344827586,
      35.405517241379314,
      39.53793103448276,
      43.670344827586206,
      47.80275862068966,
      51.935172413793104,
      56.06758620689655,
      60.2,
      64.33241379310346,
      68.4648275862069,
      72.59724137931035,
      76.7296551724138,
      80.86206896551724,
      84.99448275862069,
      89.12689655172414,
      93.25931034482758,
      97.39172413793104,
      101.52413793103449,
      105.65655172413793,
      109.7889655172414,
      113.92137931034483,
      118.05379310344827,
      121.71146411994802,
      124.93656282346512,
      128.24711988312507,
      131.64539976625304,
      135.13372694381223,
      138.7144874803745,
      142.39013066622186,
      146.16317069269542,
      150.03618837193721,
      154.01183290220197,
      158.09282367994564
    ],
    "mass": [
      49467.92285247375,
      41289.54169357132,
      16837.323727434847,
      6001.580182904662,
      2942.995438042182,
      997.3749039706795,
      253.73830187807212,
      81.2293359499623,
      30.861932307956973,
      2.7860522631358418,
      0.0,
      0.0,
      0.0,
      0.0,
      0.0,
      0.0,
      0.0,
      0.0,
      0.0,
      0.0,
      0.0,
      0.0,
      0.0,
      0.0,
      0.0,
      0.0,
      0.0,
      0.0,
      0.0,
      0.0,
      0.0,
      0.0,
      0.0,
      0.0,
      0.0,
      0.0,
      0.0,
      0.0,
      0.0,
      0.0
    ]
  },
  "scaling_params": {
    "mass_ref": 60000000000.0,
    "sigma_ref": 30.0,
    "alpha_beta": 0.0,
    "gamma_beta": 0.0,
    "alpha_min": 0.01,
    "alpha_max": 100.0,
    "gamma_min": -5.0,
    "gamma_max": 5.0
  },
  "force_match": false,
  "rms_velocity": 63.98652388912541,
  "n_points": 48,
  "data": [
    {
      "R": 0.28,
      "V_obs": 107.0,
      "V_GR": 92.49274403973534,
      "V_required": 53.796768490309915,
      "capacity": 1020.5157048090025,
      "provided": 21.907880124430474,
      "V_model": 95.05189588612325
    },
    {
      "R": 0.55,
      "V_obs": 121.0,
      "V_GR": 146.16967811416976,
      "V_required": 0.0,
      "capacity": 1100.3008046378845,
      "provided": 0.0,
      "V_model": 146.16967811416976
    },
    {
      "R": 0.83,
      "V_obs": 134.0,
      "V_GR": 166.29665811434697,
      "V_required": 0.0,
      "capacity": 992.9711023589509,
      "provided": 0.0,
      "V_model": 166.29665811434697
    },
    {
      "R": 1.39,
      "V_obs": 157.0,
      "V_GR": 181.4504475056482,
      "V_required": 0.0,
      "capacity": 884.9605064308364,
      "provided": 0.0,
      "V_model": 181.4504475056482
    },
    {
      "R": 1.65,
      "V_obs": 168.0,
      "V_GR": 187.28243083642417,
      "V_required": 0.0,
      "capacity": 833.4890389482957,
      "provided": 0.0,
      "V_model": 187.28243083642417
    },
    {
      "R": 3.04,
      "V_obs": 207.0,
      "V_GR": 194.52658738588923,
      "V_required": 70.77009820538618,
      "capacity": 590.4673655202772,
      "provided": 28.819999256220022,
      "V_model": 196.64990606946273
    },
    {
      "R": 3.32,
      "V_obs": 213.0,
      "V_GR": 194.6626612887022,
      "V_required": 86.46067487592266,
      "capacity": 618.815716215595,
      "provided": 35.20973757002257,
      "V_model": 197.8213267566211
    },
    {
      "R": 3.59,
      "V_obs": 218.0,
      "V_GR": 196.11283078880894,
      "V_required": 95.20376883296163,
      "capacity": 647.8430526623339,
      "provided": 38.77022381673725,
      "V_model": 199.90841066548427
    },
    {
      "R": 3.87,
      "V_obs": 222.0,
      "V_GR": 198.9432569855033,
      "V_required": 98.51690464077724,
      "capacity": 682.31802216887,
      "provided": 40.11944578955252,
      "V_model": 202.94824323078248
    },
    {
      "R": 4.15,
      "V_obs": 226.0,
      "V_GR": 204.07162321106773,
      "V_required": 97.11216504640396,
      "capacity": 714.717677674044,
      "provided": 39.54738788527312,
      "V_model": 207.86828350796628
    },
    {
      "R": 4.43,
      "V_obs": 229.0,
      "V_GR": 209.5470147723417,
      "V_required": 92.36367576054998,
      "capacity": 708.463585519566,
      "provided": 80.5475780875883,
      "V_model": 224.49468531743938
    },
    {
      "R": 4.7,
      "V_obs": 232.0,
      "V_GR": 213.8659358102641,
      "V_required": 89.91863822367418,
      "capacity": 691.8947532133991,
      "provided": 78.41533453722168,
      "V_model": 227.7885053960897
    },
    {
      "R": 4.97,
      "V_obs": 234.0,
      "V_GR": 217.02171988075295,
      "V_required": 87.50756024481542,
      "capacity": 669.3784480913056,
      "provided": 76.31270609397019,
      "V_model": 230.0479428540596
    },
    {
      "R": 5.25,
      "V_obs": 235.0,
      "V_GR": 219.7845283453774,
      "V_required": 83.18510143048455,
      "capacity": 665.9181510720096,
      "provided": 72.54322002695503,
      "V_model": 231.4470947579148
    },
    {
      "R": 5.52,
      "V_obs": 236.0,
      "V_GR": 223.36651002332465,
      "V_required": 76.1800643213171,
      "capacity": 664.3601075581032,
      "provided": 66.43433827326766,
      "V_model": 233.03673337439088
    },
    {
      "R": 5.8,
      "V_obs": 237.0,
      "V_GR": 227.2835290996688,
      "V_required": 67.16544796247545,
      "capacity": 648.8671615101097,
      "provided": 58.57296301817436,
      "V_model": 234.70959630302383
    },
    {
      "R": 6.08,
      "V_obs": 237.0,
      "V_GR": 230.72668289558536,
      "V_required": 54.168236079828205,
      "capacity": 624.9973123999548,
      "provided": 47.23848622934992,
      "V_model": 235.51279536628255
    },
    {
      "R": 6.36,
      "V_obs": 237.0,
      "V_GR": 233.86977615758732,
      "V_required": 38.39176734665907,
      "capacity": 591.7590094352453,
      "provided": 33.480303299019894,
      "V_model": 236.25410665001013
    },
    {
      "R": 6.63,
      "V_obs": 236.0,
      "V_GR": 235.73587529266732,
      "V_required": 11.162307109195945,
      "capacity": 555.0462898405299,
      "provided": 9.734311634007332,
      "V_model": 235.93677060388015
    },
    {
      "R": 6.91,
      "V_obs": 236.0,
      "V_GR": 236.99088674461726,
      "V_required": 0.0,
      "capacity": 519.5489924708439,
      "provided": 0.0,
      "V_model": 236.99088674461726
    },
    {
      "R": 7.19,
      "V_obs": 235.0,
      "V_GR": 237.59243527519976,
      "V_required": 0.0,
      "capacity": 483.8039713499174,
      "provided": 0.0,
      "V_model": 237.59243527519976
    },
    {
      "R": 7.27,
      "V_obs": 234.0,