{
  "galaxy": "UGC07690",
  "alpha": 2.8271,
  "gamma": 0.8579,
  "alpha_eff": 2.8271,
  "gamma_eff": 0.8579,
  "alpha_scaling": "constant",
  "gamma_scaling": "constant",
  "shell_mode": "gravity_adaptive",
  "shell_parameters": {
    "R_coh": 12.39,
    "R_stop": 16.52,
    "r_factor": 4.0,
    "n_shell_min": 8,
    "n_shell_max": 40,
    "g_floor": 1e-05,
    "coh_radius_factor": 3.0,
    "spillover_mode": "hybrid",
    "spill_weights": [
      0.105165371448433,
      0.11661496611508144,
      0.13867314682279316,
      0.14524715401622376,
      0.1403512656242798,
      0.12912437253601847,
      0.10856938910046945,
      0.07482001886372613,
      0.04143431547297462,
      0.0,
      0.0,
      0.0,
      0.0,
      0.0,
      0.0,
      0.0,
      0.0,
      0.0,
      0.0,
      0.0,
      0.0,
      0.0,
      0.0,
      0.0,
      0.0,
      0.0,
      0.0,
      0.0,
      0.0,
      0.0,
      0.0,
      0.0,
      0.0,
      0.0,
      0.0,
      0.0,
      0.0,
      0.0,
      0.0,
      0.0
    ]
  },
  "budget_factor": 1.0,
  "spillover_mode": "hybrid",
  "spillover_params": {
    "alpha": 0.4,
    "beta": 1.0,
    "gamma": 0.8,
    "delta": 1.8,
    "gcut": 1e-05
  },
  "shell_profile": {
    "centers": [
      0.7934482758620689,
      1.200344827586207,
      1.6072413793103448,
      2.0141379310344827,
      2.4210344827586208,
      2.8279310344827584,
      3.2348275862068965,
      3.6417241379310346,
      4.048620689655173,
      4.455517241379311,
      4.862413793103449,
      5.269310344827586,
      5.676206896551724,
      6.083103448275862,
      6.49,
      6.896896551724138,
      7.303793103448276,
      7.7106896551724144,
      8.117586206896553,
      8.52448275862069,
      8.931379310344829,
      9.338275862068967,
      9.745172413793105,
      10.152068965517241,
      10.55896551724138,
      10.965862068965517,
      11.372758620689655,
      11.779655172413793,
      12.186551724137932,
      12.554154515868765,
      12.886813298224553,
      13.228286841091574,
      13.57880871714848,
      13.938618688260355,
      14.30796286947919,
      14.687093897390021,
      15.07627110291789,
      15.475760688713809,
      15.885835911241116,
      16.3067772676867
    ],
    "mass": [
      269.39643872174486,
      126.13441193568002,
      95.92018172624167,
      63.02103930994362,
      37.77810082640169,
      21.6398586189385,
      10.48887096780201,
      3.236185865408209,
      0.5996284797171617,
      0.0,
      0.0,
      0.0,
      0.0,
      0.0,
      0.0,
      0.0,
      0.0,
      0.0,
      0.0,
      0.0,
      0.0,
      0.0,
      0.0,
      0.0,
      0.0,
      0.0,
      0.0,
      0.0,
      0.0,
      0.0,
      0.0,
      0.0,
      0.0,
      0.0,
      0.0,
      0.0,
      0.0,
      0.0,
      0.0,
      0.0
    ]
  },
  "scaling_params": {
    "mass_ref": 60000000000.0,
    "sigma_ref": 30.0,
    "alpha_beta": 0.0,
    "gamma_beta": 0.0,
    "alpha_min": 0.01,
    "alpha_max": 100.0,
    "gamma_min": -5.0,
    "gamma_max": 5.0
  },
  "force_match": false,
  "rms_velocity": 8.727564553035709,
  "n_points": 7,
  "data": [
    {
      "R": 0.59,
      "V_obs": 45.3,
      "V_GR": 45.956013752282736,
      "V_required": 0.0,
      "capacity": 173.9074337799783,
      "provided": 23.607392191538672,
      "V_model": 51.66492200792643
    },
    {
      "R": 1.18,
      "V_obs": 59.8,
      "V_GR": 50.24325825421755,
      "V_required": 32.429230641506116,
      "capacity": 72.78560970052187,
      "provided": 26.177583006318955,
      "V_model": 56.65378056275432
    },
    {
      "R": 1.77,
      "V_obs": 60.7,
      "V_GR": 47.885238852907484,
      "V_required": 37.30273314383277,
      "capacity": 39.412174046028845,
      "provided": 31.12917606234806,
      "V_model": 57.114111236371905
    },
    {
      "R": 2.36,
      "V_obs": 58.8,
      "V_GR": 46.2052486196103,
      "V_required": 36.36639932685115,
      "capacity": 20.086354147273582,
      "provided": 31.50587809025955,
      "V_model": 55.92446114392428
    },
    {
      "R": 2.95,
      "V_obs": 57.9,
      "V_GR": 43.524711371817276,
      "V_required": 38.18389058228614,
      "capacity": 7.472723512542257,
      "provided": 28.98567904967499,
      "V_model": 52.29311704202349
    },
    {
      "R": 3.54,
      "V_obs": 56.9,
      "V_GR": 40.91222433454334,
      "V_required": 39.544909912655,
      "capacity": 1.7376321071969907,
      "provided": 16.795505067563024,
      "V_model": 44.22554793865798
    },
    {
      "R": 4.13,
      "V_obs": 55.9,
      "V_GR": 38.370010424809635,
      "V_required": 40.651596524613886,
      "capacity": 0.0,
      "provided": 9.301123764280923,
      "V_model": 39.48124368961129
    }
  ]
}