{
  "galaxy": "UGC07608",
  "alpha": 2.8271,
  "gamma": 0.8579,
  "alpha_eff": 2.8271,
  "gamma_eff": 0.8579,
  "alpha_scaling": "constant",
  "gamma_scaling": "constant",
  "shell_mode": "gravity_adaptive",
  "shell_parameters": {
    "R_coh": 14.34,
    "R_stop": 19.12,
    "r_factor": 4.0,
    "n_shell_min": 8,
    "n_shell_max": 40,
    "g_floor": 1e-05,
    "coh_radius_factor": 3.0,
    "spillover_mode": "hybrid",
    "spill_weights": [
      0.004415996328751269,
      0.006420067072477269,
      0.008797272178497118,
      0.010745167597254428,
      0.01180640089421026,
      0.012247988852182696,
      0.012856946754425919,
      0.013743151674655415,
      0.0145922248720108,
      0.015847982004616876,
      0.01735146899315827,
      0.018810044067720914,
      0.02022087058330746,
      0.021581139152485097,
      0.022887999743177845,
      0.02413856988044633,
      0.025329980855521773,
      0.026459438843578077,
      0.027524287736795664,
      0.028522066723505716,
      0.029450559387592813,
      0.030307833253963655,
      0.0310922698752087,
      0.03180258613859682,
      0.03243784772036305,
      0.03299747567746436,
      0.03348124713524374,
      0.03388929095414366,
      0.034222079168097004,
      0.03149907144445878,
      0.03198548118599264,
      0.03243631730076886,
      0.03284755754986301,
      0.03321508999838523,
      0.03353474377392222,
      0.033802324736055246,
      0.034013656207052274,
      0.03416462483009056,
      0.03425123151840953,
      0.034269647335548596
    ]
  },
  "budget_factor": 1.0,
  "spillover_mode": "hybrid",
  "spillover_params": {
    "alpha": 0.4,
    "beta": 1.0,
    "gamma": 0.8,
    "delta": 1.8,
    "gcut": 1e-05
  },
  "shell_profile": {
    "centers": [
      0.836896551724138,
      1.3106896551724139,
      1.7844827586206897,
      2.258275862068966,
      2.732068965517241,
      3.2058620689655175,
      3.679655172413793,
      4.153448275862068,
      4.627241379310345,
      5.101034482758621,
      5.5748275862068954,
      6.048620689655172,
      6.522413793103448,
      6.996206896551724,
      7.469999999999999,
      7.943793103448275,
      8.417586206896551,
      8.891379310344828,
      9.365172413793104,
      9.838965517241379,
      10.312758620689655,
      10.78655172413793,
      11.260344827586206,
      11.734137931034482,
      12.207931034482758,
      12.681724137931035,
      13.155517241379311,
      13.629310344827585,
      14.103103448275862,
      14.529989972361427,
      14.915004253150933,
      15.31022060542802,
      15.715909362704537,
      16.1323480217638,
      16.559821432472283,
      16.998621992620897,
      17.449049847929178,
      17.911413097349154,
      18.38602800380933,
      18.873219210542963
    ],
    "mass": [
      34.73787835111769,
      29.995439316609026,
      31.819336105457516,
      30.583701365714226,
      25.500247669481954,
      20.077596303266013,
      17.322484148698894,
      16.375587439685674,
      15.786277460151197,
      16.552109871424303,
      18.08949910709908,
      19.626888342773896,
      21.164277578448676,
      22.701666814123417,
      24.23905604979819,
      25.77644528547302,
      27.3138345211478,
      28.851223756822584,
      30.388612992497254,
      31.92600222817214,
      33.463391463846925,
      35.00078069952157,
      36.538169935196485,
      38.075559170871266,
      39.61294840654605,
      41.150337642220826,
      42.68772687789545,
      44.225116113570394,
      45.762505349245174,
      37.81223567673738,
      39.84267510827446,
      41.982144969019615,
      44.236499969193666,
      46.61190920493762,
      49.11487304019031,
      51.752240895091354,
      54.53122998957762,
      57.45944509348351,
      60.544899337170264,
      63.79603613964866
    ]
  },
  "scaling_params": {
    "mass_ref": 60000000000.0,
    "sigma_ref": 30.0,
    "alpha_beta": 0.0,
    "gamma_beta": 0.0,
    "alpha_min": 0.01,
    "alpha_max": 100.0,
    "gamma_min": -5.0,
    "gamma_max": 5.0
  },
  "force_match": false,
  "rms_velocity": 30.28639265909512,
  "n_points": 8,
  "data": [
    {
      "R": 0.6,
      "V_obs": 14.6,
      "V_GR": 10.70028037015853,
      "V_required": 9.932975385049538,
      "capacity": 13.92848036070108,
      "provided": 1.5690790475991088,
      "V_model": 10.814712620204686
    },
    {
      "R": 1.19,
      "V_obs": 31.5,
      "V_GR": 14.55742078803797,
      "V_required": 27.93441425911773,
      "capacity": 11.34297259557573,
      "provided": 2.2811596699070593,
      "V_model": 14.735066658811235
    },
    {
      "R": 1.79,
      "V_obs": 44.8,
      "V_GR": 17.665588017385666,
      "V_required": 41.16997692493888,
      "capacity": 11.734913010108489,
      "provided": 3.1258213149850382,
      "V_model": 17.940004428461407
    },
    {
      "R": 2.38,
      "V_obs": 50.6,
      "V_GR": 21.114755504149226,
      "V_required": 45.98398743040886,
      "capacity": 10.366413361369357,
      "provided": 3.8179418832443557,
      "V_model": 21.45715685322339
    },
    {
      "R": 2.99,
      "V_obs": 55.6,
      "V_GR": 22.602783014487397,
      "V_required": 50.79836808402412,
      "capacity": 7.0355066056713955,
      "provided": 4.351919986451098,
      "V_model": 23.017927959928812
    },
    {
      "R": 3.59,
      "V_obs": 61.4,
      "V_GR": 24.49139032394854,
      "V_required": 56.30392348673403,
      "capacity": 5.553078646295259,
      "provided": 4.568293147601334,
      "V_model": 24.913801441819782
    },
    {
      "R": 4.18,
      "V_obs": 66.0,
      "V_GR": 26.844360674078274,
      "V_required": 60.29411496987081,
      "capacity": 4.973100717631282,
      "provided": 4.8831769175804975,
      "V_model": 27.284888066627488
    },
    {
      "R": 4.78,
      "V_obs": 69.3,
      "V_GR": 29.088863848558955,
      "V_required": 62.89934816832365,
      "capacity": 4.522750311216368,
      "provided": 5.184867151146666,
      "V_model": 29.547332322479466
    }
  ]
}