{
  "galaxy": "UGC08550",
  "alpha": 2.8271,
  "gamma": 0.8579,
  "alpha_eff": 2.8271,
  "gamma_eff": 0.8579,
  "alpha_scaling": "constant",
  "gamma_scaling": "constant",
  "shell_mode": "gravity_adaptive",
  "shell_parameters": {
    "R_coh": 16.080000000000002,
    "R_stop": 21.44,
    "r_factor": 4.0,
    "n_shell_min": 8,
    "n_shell_max": 40,
    "g_floor": 1e-05,
    "coh_radius_factor": 3.0,
    "spillover_mode": "hybrid",
    "spill_weights": [
      0.12297894119221585,
      0.18548545602120622,
      0.18719959817153567,
      0.1436874787602198,
      0.10982785095216908,
      0.08938690952402398,
      0.06801302005837107,
      0.05352104498152225,
      0.039899700338736084,
      0.0,
      0.0,
      0.0,
      0.0,
      0.0,
      0.0,
      0.0,
      0.0,
      0.0,
      0.0,
      0.0,
      0.0,
      0.0,
      0.0,
      0.0,
      0.0,
      0.0,
      0.0,
      0.0,
      0.0,
      0.0,
      0.0,
      0.0,
      0.0,
      0.0,
      0.0,
      0.0,
      0.0,
      0.0,
      0.0,
      0.0
    ]
  },
  "budget_factor": 1.0,
  "spillover_mode": "hybrid",
  "spillover_params": {
    "alpha": 0.4,
    "beta": 1.0,
    "gamma": 0.8,
    "delta": 1.8,
    "gcut": 1e-05
  },
  "shell_profile": {
    "centers": [
      0.7587931034482759,
      1.2963793103448276,
      1.8339655172413796,
      2.371551724137931,
      2.909137931034483,
      3.4467241379310347,
      3.9843103448275867,
      4.521896551724138,
      5.059482758620691,
      5.597068965517241,
      6.134655172413794,
      6.672241379310346,
      7.209827586206897,
      7.7474137931034495,
      8.285,
      8.822586206896553,
      9.360172413793105,
      9.897758620689658,
      10.435344827586208,
      10.972931034482759,
      11.510517241379311,
      12.048103448275864,
      12.585689655172416,
      13.123275862068967,
      13.66086206896552,
      14.19844827586207,
      14.736034482758622,
      15.273620689655175,
      15.811206896551727,
      16.293043148924113,
      16.72477464370063,
      17.16794611822054,
      17.62286070796994,
      18.089829580889955,
      18.569172150219966,
      19.061216292980756,
      19.56629857424695,
      20.084764477362235,
      20.616968640254818,
      21.163275098014704
    ],
    "mass": [
      115.79899853099302,
      86.95245688966625,
      38.881254008316986,
      11.148318158212255,
      3.6575628889628837,
      1.5497404773988608,
      0.5967471356367727,
      0.2643634173912429,
      0.10699469919597686,
      0.0,
      0.0,
      0.0,
      0.0,
      0.0,
      0.0,
      0.0,
      0.0,
      0.0,
      0.0,
      0.0,
      0.0,
      0.0,
      0.0,
      0.0,
      0.0,
      0.0,
      0.0,
      0.0,
      0.0,
      0.0,
      0.0,
      0.0,
      0.0,
      0.0,
      0.0,
      0.0,
      0.0,
      0.0,
      0.0,
      0.0
    ]
  },
  "scaling_params": {
    "mass_ref": 60000000000.0,
    "sigma_ref": 30.0,
    "alpha_beta": 0.0,
    "gamma_beta": 0.0,
    "alpha_min": 0.01,
    "alpha_max": 100.0,
    "gamma_min": -5.0,
    "gamma_max": 5.0
  },
  "force_match": false,
  "rms_velocity": 24.371709653433804,
  "n_points": 11,
  "data": [
    {
      "R": 0.49,
      "V_obs": 25.0,
      "V_GR": 17.379815879346936,
      "V_required": 17.970587080003817,
      "capacity": 38.69071336665066,
      "provided": 20.176107430907287,
      "V_model": 26.629557094768064
    },
    {
      "R": 0.97,
      "V_obs": 42.5,
      "V_GR": 27.012959852633696,
      "V_required": 32.81082138563435,
      "capacity": 40.567531834626124,
      "provided": 36.837675598783406,
      "V_model": 45.6805685551439
    },
    {
      "R": 1.47,
      "V_obs": 48.0,
      "V_GR": 30.659944553113593,
      "V_required": 36.93193469072532,
      "capacity": 20.26477293320283,
      "provided": 85.99218241948617,
      "V_model": 91.29451044430978
    },
    {
      "R": 1.95,
      "V_obs": 49.2,
      "V_GR": 30.61823312995053,
      "V_required": 38.511865703961945,
      "capacity": 9.37347274112578,
      "provided": 86.78686911700927,
      "V_model": 92.02954336044974
    },
    {
      "R": 2.44,
      "V_obs": 50.4,
      "V_GR": 27.868952258741267,
      "V_required": 41.99382692729968,
      "capacity": 2.2941867085587093,
      "provided": 66.61438664782551,
      "V_model": 72.20910613257855
    },
    {
      "R": 2.92,
      "V_obs": 51.6,
      "V_GR": 25.197341129571587,
      "V_required": 45.02947923305354,
      "capacity": 1.0599310843089969,
      "provided": 50.91685783029429,
      "V_model": 56.81049560873766
    },
    {
      "R": 3.41,
      "V_obs": 53.2,
      "V_GR": 24.24608834430824,
      "V_required": 47.35363977562865,
      "capacity": 0.46525548903910097,
      "provided": 41.44031340562455,
      "V_model": 48.01221068807794
    },
    {
      "R": 3.89,
      "V_obs": 55.1,
      "V_GR": 23.9336290603828,
      "V_required": 49.63054906002955,
      "capacity": 0.1835337130900355,
      "provided": 31.53124861224137,
      "V_model": 39.585833817755734
    },
    {
      "R": 4.39,
      "V_obs": 57.8,
      "V_GR": 25.287255683446556,
      "V_required": 51.974943001411745,
      "capacity": 0.08014468853398975,
      "provided": 24.812681069756774,
      "V_model": 35.4275943562284
    },
    {
      "R": 4.88,
      "V_obs": 57.3,
      "V_GR": 26.842550176911285,
      "V_required": 50.62378393601173,
      "capacity": 0.0431161966869013,
      "provided": 18.49774307705915,
      "V_model": 32.59891100857343
    },
    {
      "R": 5.36,
      "V_obs": 57.5,
      "V_GR": 26.984930980085906,
      "V_required": 50.77463441522745,
      "capacity": 0.0,
      "provided": 0.0,
      "V_model": 26.984930980085906
    }
  ]
}