{
  "galaxy": "UGC00191",
  "alpha": 2.8271,
  "gamma": 0.8579,
  "alpha_eff": 2.8271,
  "gamma_eff": 0.8579,
  "alpha_scaling": "constant",
  "gamma_scaling": "constant",
  "shell_mode": "gravity_adaptive",
  "shell_parameters": {
    "R_coh": 29.94,
    "R_stop": 39.92,
    "r_factor": 4.0,
    "n_shell_min": 8,
    "n_shell_max": 40,
    "g_floor": 1e-05,
    "coh_radius_factor": 3.0,
    "spillover_mode": "hybrid",
    "spill_weights": [
      0.043822227619587775,
      0.08421580386812141,
      0.12341016820398464,
      0.14414673911796325,
      0.13026617099089985,
      0.13933814725908011,
      0.12691485011887674,
      0.11435885011200005,
      0.0935270427094861,
      0.0,
      0.0,
      0.0,
      0.0,
      0.0,
      0.0,
      0.0,
      0.0,
      0.0,
      0.0,
      0.0,
      0.0,
      0.0,
      0.0,
      0.0,
      0.0,
      0.0,
      0.0,
      0.0,
      0.0,
      0.0,
      0.0,
      0.0,
      0.0,
      0.0,
      0.0,
      0.0,
      0.0,
      0.0,
      0.0,
      0.0
    ]
  },
  "budget_factor": 1.0,
  "spillover_mode": "hybrid",
  "spillover_params": {
    "alpha": 0.4,
    "beta": 1.0,
    "gamma": 0.8,
    "delta": 1.8,
    "gcut": 1e-05
  },
  "shell_profile": {
    "centers": [
      1.1255172413793104,
      2.136551724137931,
      3.147586206896552,
      4.158620689655172,
      5.169655172413793,
      6.180689655172413,
      7.191724137931034,
      8.202758620689654,
      9.213793103448275,
      10.224827586206896,
      11.235862068965517,
      12.246896551724136,
      13.257931034482757,
      14.268965517241377,
      15.279999999999998,
      16.29103448275862,
      17.302068965517243,
      18.31310344827586,
      19.324137931034485,
      20.335172413793103,
      21.346206896551724,
      22.357241379310345,
      23.368275862068963,
      24.379310344827587,
      25.390344827586205,
      26.40137931034483,
      27.412413793103447,
      28.423448275862068,
      29.43448275862069,
      30.33667362430273,
      31.14053189256199,
      31.96569072011959,
      32.812714527152984,
      33.68218268979136,
      34.574689936417016,
      35.490846754467896,
      36.4312798080195,
      37.396632366431916,
      38.387564744355046,
      39.40475475339305
    ],
    "mass": [
      429.0337608383655,
      450.9522939729302,
      455.44697037396185,
      344.8522242691788,
      161.6512358683584,
      128.11896774869993,
      73.27340951102137,
      43.193029983965666,
      20.916635830015622,
      0.0,
      0.0,
      0.0,
      0.0,
      0.0,
      0.0,
      0.0,
      0.0,
      0.0,
      0.0,
      0.0,
      0.0,
      0.0,
      0.0,
      0.0,
      0.0,
      0.0,
      0.0,
      0.0,
      0.0,
      0.0,
      0.0,
      0.0,
      0.0,
      0.0,
      0.0,
      0.0,
      0.0,
      0.0,
      0.0,
      0.0
    ]
  },
  "scaling_params": {
    "mass_ref": 60000000000.0,
    "sigma_ref": 30.0,
    "alpha_beta": 0.0,
    "gamma_beta": 0.0,
    "alpha_min": 0.01,
    "alpha_max": 100.0,
    "gamma_min": -5.0,
    "gamma_max": 5.0
  },
  "force_match": false,
  "rms_velocity": 17.617945934401956,
  "n_points": 9,
  "data": [
    {
      "R": 0.62,
      "V_obs": 29.9,
      "V_GR": 21.87501085714016,
      "V_required": 20.38366748158927,
      "capacity": 123.89625486152728,
      "provided": 2.359859739669776,
      "V_model": 22.001932596726913
    },
    {
      "R": 0.87,
      "V_obs": 34.4,
      "V_GR": 28.50307001008839,
      "V_required": 19.259672894418525,
      "capacity": 140.76081381603026,
      "provided": 2.2297325397305734,
      "V_model": 28.59015052773828
    },
    {
      "R": 1.12,
      "V_obs": 46.3,
      "V_GR": 32.17615576789745,
      "V_required": 33.2924165539241,
      "capacity": 132.81101201225584,
      "provided": 3.854332569587006,
      "V_model": 32.40618582241636
    },
    {
      "R": 1.37,
      "V_obs": 49.8,
      "V_GR": 34.693428772607646,
      "V_required": 35.726824655992026,
      "capacity": 126.42904749914494,
      "provided": 4.136169077918238,
      "V_model": 34.9391169699683
    },
    {
      "R": 1.62,
      "V_obs": 57.6,
      "V_GR": 36.196796819608224,
      "V_required": 44.80571280540016,
      "capacity": 122.24425064410602,
      "provided": 5.18725091312304,
      "V_model": 36.56659229454798
    },
    {
      "R": 2.3,
      "V_obs": 71.3,
      "V_GR": 40.93574477153188,
      "V_required": 58.37769094440101,
      "capacity": 125.79396146924599,
      "provided": 34.144572505399395,
      "V_model": 53.30653835672015
    },
    {
      "R": 4.97,
      "V_obs": 76.65,
      "V_GR": 47.96469534980911,
      "V_required": 59.788046464155364,
      "capacity": 40.46809069146516,
      "provided": 52.81529732073498,
      "V_model": 71.34470990254033
    },
    {
      "R": 7.45,
      "V_obs": 81.0,
      "V_GR": 49.6538749746684,
      "V_required": 63.996036596026784,
      "capacity": 12.437446127958923,
      "provided": 51.45653313102489,
      "V_model": 71.50721713130964
    },
    {
      "R": 9.98,
      "V_obs": 83.85,
      "V_GR": 46.44568871273199,
      "V_required": 69.81132071519632,
      "capacity": 0.0,
      "provided": 0.0,
      "V_model": 46.44568871273199
    }
  ]
}