{
  "galaxy": "UGC05253",
  "alpha": 2.8271,
  "gamma": 0.8579,
  "alpha_eff": 2.8271,
  "gamma_eff": 0.8579,
  "alpha_scaling": "constant",
  "gamma_scaling": "constant",
  "shell_mode": "gravity_adaptive",
  "shell_parameters": {
    "R_coh": 159.87,
    "R_stop": 213.16,
    "r_factor": 4.0,
    "n_shell_min": 8,
    "n_shell_max": 40,
    "g_floor": 1e-05,
    "coh_radius_factor": 3.0,
    "spillover_mode": "hybrid",
    "spill_weights": [
      0.04832351739540128,
      0.09109607155504396,
      0.09982633206039228,
      0.1233735508328645,
      0.1320124072360802,
      0.12304125005158399,
      0.1122191401872086,
      0.1079393416841725,
      0.10517387637547433,
      0.05699451262177836,
      0.0,
      0.0,
      0.0,
      0.0,
      0.0,
      0.0,
      0.0,
      0.0,
      0.0,
      0.0,
      0.0,
      0.0,
      0.0,
      0.0,
      0.0,
      0.0,
      0.0,
      0.0,
      0.0,
      0.0,
      0.0,
      0.0,
      0.0,
      0.0,
      0.0,
      0.0,
      0.0,
      0.0,
      0.0,
      0.0
    ]
  },
  "budget_factor": 1.0,
  "spillover_mode": "hybrid",
  "spillover_params": {
    "alpha": 0.4,
    "beta": 1.0,
    "gamma": 0.8,
    "delta": 1.8,
    "gcut": 1e-05
  },
  "shell_profile": {
    "centers": [
      2.884137931034483,
      8.392413793103449,
      13.900689655172414,
      19.408965517241377,
      24.917241379310347,
      30.42551724137931,
      35.93379310344828,
      41.44206896551725,
      46.95034482758621,
      52.45862068965518,
      57.96689655172415,
      63.4751724137931,
      68.98344827586206,
      74.49172413793104,
      80.0,
      85.50827586206896,
      91.01655172413794,
      96.5248275862069,
      102.03310344827585,
      107.54137931034484,
      113.0496551724138,
      118.55793103448275,
      124.06620689655173,
      129.5744827586207,
      135.08275862068967,
      140.59103448275863,
      146.0993103448276,
      151.60758620689654,
      157.11586206896553,
      161.98810996383693,
      166.28045536619527,
      170.68653892536804,
      175.20937446412654,
      179.85205566522865,
      184.61775818754143,
      189.50974183823593,
      194.53135280254105,
      199.6860259325809,
      204.9772870968618,
      210.4087555920156
    ],
    "mass": [
      101978.11340573676,
      34737.75305575408,
      12549.299408119916,
      9438.047865629249,
      6139.978183371957,
      3222.93041414485,
      1750.648462886687,
      1158.4011635481131,
      831.7773482684117,
      143.32822015538818,
      0.0,
      0.0,
      0.0,
      0.0,
      0.0,
      0.0,
      0.0,
      0.0,
      0.0,
      0.0,
      0.0,
      0.0,
      0.0,
      0.0,
      0.0,
      0.0,
      0.0,
      0.0,
      0.0,
      0.0,
      0.0,
      0.0,
      0.0,
      0.0,
      0.0,
      0.0,
      0.0,
      0.0,
      0.0,
      0.0
    ]
  },
  "scaling_params": {
    "mass_ref": 60000000000.0,
    "sigma_ref": 30.0,
    "alpha_beta": 0.0,
    "gamma_beta": 0.0,
    "alpha_min": 0.01,
    "alpha_max": 100.0,
    "gamma_min": -5.0,
    "gamma_max": 5.0
  },
  "force_match": false,
  "rms_velocity": 39.97787045584615,
  "n_points": 73,
  "data": [
    {
      "R": 0.13,
      "V_obs": 232.0,
      "V_GR": 150.2359274607775,
      "V_required": 176.78565015294652,
      "capacity": 4658.070402714635,
      "provided": 92.32622521539702,
      "V_model": 176.33764703693936
    },
    {
      "R": 0.25,
      "V_obs": 233.0,
      "V_GR": 221.34306607617054,
      "V_required": 72.7753193053799,
      "capacity": 4873.605840404255,
      "provided": 38.00687733703452,
      "V_model": 224.58244727696862
    },
    {
      "R": 0.38,
      "V_obs": 234.0,
      "V_GR": 255.04913624633195,
      "V_required": 0.0,
      "capacity": 4357.175474603683,
      "provided": 0.0,
      "V_model": 255.04913624633195
    },
    {
      "R": 0.51,
      "V_obs": 235.0,
      "V_GR": 270.85083477811173,
      "V_required": 0.0,
      "capacity": 4000.154097988908,
      "provided": 0.0,
      "V_model": 270.85083477811173
    },
    {
      "R": 0.63,
      "V_obs": 236.0,
      "V_GR": 278.68015699005196,
      "V_required": 0.0,
      "capacity": 3679.850091433868,
      "provided": 0.0,
      "V_model": 278.68015699005196
    },
    {
      "R": 0.76,
      "V_obs": 237.0,
      "V_GR": 281.90758148726684,
      "V_required": 0.0,
      "capacity": 3437.304604696477,
      "provided": 0.0,
      "V_model": 281.90758148726684
    },
    {
      "R": 0.89,
      "V_obs": 238.0,
      "V_GR": 283.62322718705536,
      "V_required": 0.0,
      "capacity": 3234.119898236705,
      "provided": 0.0,
      "V_model": 283.62322718705536
    },
    {
      "R": 1.01,
      "V_obs": 239.0,
      "V_GR": 285.73818803233144,
      "V_required": 0.0,
      "capacity": 3075.816779815729,
      "provided": 0.0,
      "V_model": 285.73818803233144
    },
    {
      "R": 1.14,
      "V_obs": 240.0,
      "V_GR": 286.57543579309095,
      "V_required": 0.0,
      "capacity": 2885.7107504741043,
      "provided": 0.0,
      "V_model": 286.57543579309095
    },
    {
      "R": 1.27,
      "V_obs": 240.0,
      "V_GR": 285.663056064308,
      "V_required": 0.0,
      "capacity": 2782.8467588953768,
      "provided": 0.0,
      "V_model": 285.663056064308
    },
    {
      "R": 1.39,
      "V_obs": 241.0,
      "V_GR": 286.50729938345376,
      "V_required": 0.0,
      "capacity": 2698.9656347860378,
      "provided": 0.0,
      "V_model": 286.50729938345376
    },
    {
      "R": 1.52,
      "V_obs": 242.0,
      "V_GR": 286.75149677028713,
      "V_required": 0.0,
      "capacity": 2541.4217387530744,
      "provided": 0.0,
      "V_model": 286.75149677028713
    },
    {
      "R": 1.65,
      "V_obs": 242.0,
      "V_GR": 286.1089825573465,
      "V_required": 0.0,
      "capacity": 2454.771261267042,
      "provided": 0.0,
      "V_model": 286.1089825573465
    },
    {
      "R": 1.77,
      "V_obs": 243.0,
      "V_GR": 285.39775349501264,
      "V_required": 0.0,
      "capacity": 2401.2650523477105,
      "provided": 0.0,
      "V_model": 285.39775349501264
    },
    {
      "R": 1.9,
      "V_obs": 244.0,
      "V_GR": 284.74843300710194,
      "V_required": 0.0,
      "capacity": 2356.8083560560663,
      "provided": 0.0,
      "V_model": 284.74843300710194
    },
    {
      "R": 2.03,
      "V_obs": 244.0,
      "V_GR": 284.31134447995566,
      "V_required": 0.0,
      "capacity": 2320.514037113843,
      "provided": 0.0,
      "V_model": 284.31134447995566
    },
    {
      "R": 2.16,
      "V_obs": 244.0,
      "V_GR": 284.1313263264014,
      "V_required": 0.0,
      "capacity": 2299.5846523943123,
      "provided": 0.0,
      "V_model": 284.1313263264014
    },
    {
      "R": 2.28,
      "V_obs": 245.0,
      "V_GR": 284.4040077073458,
      "V_required": 0.0,
      "capacity": 2272.24924793534,
      "provided": 0.0,
      "V_model": 284.4040077073458
    },
    {
      "R": 2.41,
      "V_obs": 245.0,
      "V_GR": 285.05680504067954,
      "V_required": 0.0,
      "capacity": 2225.751144461594,
      "provided": 0.0,
      "V_model": 285.05680504067954
    },
    {
      "R": 2.54,
      "V_obs": 246.0,
      "V_GR": 286.065207076988,
      "V_required": 0.0,
      "capacity": 2156.682928307754,
      "provided": 0.0,
      "V_model": 286.065207076988
    },
    {
      "R": 2.66,
      "V_obs": 246.0,
      "V_GR": 286.9977898869606,
      "V_required": 0.0,
      "capacity": 2082.133553368678,
      "provided": 0.0,
      "V_model": 286.9977898869606
    },
    {
      "R": 2.79,
      "V_obs": 246.0,
      "V_GR": 288.06737215450136,
      "V_required": 0.0,
      "capacity": 1990.9621228309634,
      "provided": 0.0,
      "V_model": 288.06737215450136
    },
    {
      "R": 2.92,
      "V_obs": 247.0,
      "V_GR": 288.9426450006991,
      "V_required": 0.0,
      "capacity": 1898.683382789412,
      "provided": 0.0,