{
  "galaxy": "UGC06667",
  "alpha": 2.8271,
  "gamma": 0.8579,
  "alpha_eff": 2.8271,
  "gamma_eff": 0.8579,
  "alpha_scaling": "constant",
  "gamma_scaling": "constant",
  "shell_mode": "gravity_adaptive",
  "shell_parameters": {
    "R_coh": 23.549999999999997,
    "R_stop": 31.4,
    "r_factor": 4.0,
    "n_shell_min": 8,
    "n_shell_max": 40,
    "g_floor": 1e-05,
    "coh_radius_factor": 3.0,
    "spillover_mode": "hybrid",
    "spill_weights": [
      0.002019511096784202,
      0.003632367683490587,
      0.005224344075381923,
      0.0067769556637899886,
      0.008204646366199072,
      0.009645194961844353,
      0.010954181002700247,
      0.012184833079919329,
      0.01326762594729487,
      0.01458297768445953,
      0.016166863478098106,
      0.01773368088021406,
      0.019275329597501837,
      0.02078410356866114,
      0.022252745004395117,
      0.023674489051494916,
      0.025043097580651857,
      0.02635288287247022,
      0.027598722618322517,
      0.02877606765506597,
      0.02988094364825763,
      0.0309099477029573,
      0.03186024067653243,
      0.03272953580877277,
      0.03351608416796744,
      0.03421865732897841,
      0.03483652764203464,
      0.03536944641159215,
      0.03581762027742616,
      0.032996073657216574,
      0.03356863152231264,
      0.03410347912588109,
      0.03459611739687137,
      0.035041944164747894,
      0.03543628791037053,
      0.03577444693030212,
      0.03605173408517878,
      0.03626352721112829,
      0.0364053251604161,
      0.03647280930231576
    ]
  },
  "budget_factor": 1.0,
  "spillover_mode": "hybrid",
  "spillover_params": {
    "alpha": 0.4,
    "beta": 1.0,
    "gamma": 0.8,
    "delta": 1.8,
    "gcut": 1e-05
  },
  "shell_profile": {
    "centers": [
      1.2610344827586206,
      2.043103448275862,
      2.825172413793103,
      3.6072413793103446,
      4.389310344827585,
      5.171379310344827,
      5.953448275862069,
      6.735517241379309,
      7.517586206896551,
      8.299655172413791,
      9.081724137931033,
      9.863793103448273,
      10.645862068965515,
      11.427931034482757,
      12.209999999999997,
      12.992068965517237,
      13.774137931034481,
      14.556206896551721,
      15.338275862068961,
      16.120344827586205,
      16.90241379310345,
      17.68448275862069,
      18.46655172413793,
      19.24862068965517,
      20.030689655172413,
      20.812758620689653,
      21.594827586206893,
      22.376896551724137,
      23.158965517241377,
      23.862012820719077,
      24.494306147957072,
      25.143353923140154,
      25.809600104023133,
      26.493500412310834,
      27.195522645378112,
      27.91614699624979,
      28.655866382059415,
      29.415186781211467,
      30.194627579477654,
      30.994721925264066
    ],
    "mass": [
      61.01226797907909,
      81.22779232018881,
      92.7674648316744,
      100.33436450875313,
      103.44797402547358,
      107.7171119189433,
      109.38189062474827,
      110.48049430513207,
      109.81811540368831,
      115.00959603672784,
      125.846845769218,
      136.6840955017079,
      147.52134523419744,
      158.3585949666877,
      169.1958446991772,
      180.03309443166745,
      190.8703441641574,
      201.7075938966468,
      212.54484362913718,
      223.38209336162706,
      234.21934309411753,
      245.05659282660633,
      255.8938425590962,
      266.7310922915873,
      277.56834202407595,
      288.40559175656585,
      299.24284148905565,
      310.08009122154704,
      320.9173409540354,
      263.8386929079355,
      278.00628908567484,
      292.9346560936631,
      308.66464576370845,
      325.2393035871202,
      342.70398650972436,
      361.10648705222735,
      380.4971640955792,
      400.9290806892622,
      422.4581492595794,
      445.1432846153484
    ]
  },
  "scaling_params": {
    "mass_ref": 60000000000.0,
    "sigma_ref": 30.0,
    "alpha_beta": 0.0,
    "gamma_beta": 0.0,
    "alpha_min": 0.01,
    "alpha_max": 100.0,
    "gamma_min": -5.0,
    "gamma_max": 5.0
  },
  "force_match": false,
  "rms_velocity": 44.809505749743956,
  "n_points": 9,
  "data": [
    {
      "R": 0.87,
      "V_obs": 26.6,
      "V_GR": 6.92,
      "V_required": 25.68411182034528,
      "capacity": 7.628066123438085,
      "provided": 1.1533773035096615,
      "V_model": 7.015460013730476
    },
    {
      "R": 1.74,
      "V_obs": 45.2,
      "V_GR": 10.96,
      "V_required": 43.851093486935994,
      "capacity": 11.08889546128656,
      "provided": 2.074507266046324,
      "V_model": 11.15460355175741
    },
    {
      "R": 2.61,
      "V_obs": 57.0,
      "V_GR": 16.738321301731546,
      "V_required": 54.48695807255164,
      "capacity": 12.508534785820688,
      "provided": 2.983712192453754,
      "V_model": 17.002174521142795
    },
    {
      "R": 3.5,
      "V_obs": 69.3,
      "V_GR": 23.226967085695886,
      "V_required": 65.29163805572655,
      "capacity": 13.21184013324651,
      "provided": 3.8704352067949324,
      "V_model": 23.547234841696334
    },
    {
      "R": 4.37,
      "V_obs": 77.3,
      "V_GR": 26.021775496687386,
      "V_required": 72.78844139009983,
      "capacity": 13.138082116266231,
      "provided": 4.685813768077659,
      "V_model": 26.44030352830894
    },
    {
      "R": 5.24,
      "V_obs": 80.7,
      "V_GR": 30.05009983344481,
      "V_required": 74.89647187952181,
      "capacity": 13.173438942763353,
      "provided": 5.50853569194611,
      "V_model": 30.55081775451263
    },
    {
      "R": 6.11,
      "V_obs": 84.0,
      "V_GR": 31.749483460365145,
      "V_required": 77.76869743026433,
      "capacity": 12.82580132045334,
      "provided": 6.256119992194936,
      "V_model": 32.35998667114591
    },
    {
      "R": 6.98,
      "V_obs": 85.0,
      "V_GR": 34.23893835970969,
      "V_required": 77.79906876049353,
      "capacity": 12.46005426845736,
      "provided": 6.9589664269789395,
      "V_model": 34.93897699893086
    },
    {
      "R": 7.85,
      "V_obs": 85.7,
      "V_GR": 34.26793836810146,
      "V_required": 78.55061043683875,
      "capacity": 11.791661139083681,
      "provided": 7.577367939910336,
      "V_model": 35.09569923647029
    }
  ]
}