{
  "galaxy": "UGC07524",
  "alpha": 2.8271,
  "gamma": 0.8579,
  "alpha_eff": 2.8271,
  "gamma_eff": 0.8579,
  "alpha_scaling": "constant",
  "gamma_scaling": "constant",
  "shell_mode": "gravity_adaptive",
  "shell_parameters": {
    "R_coh": 32.07,
    "R_stop": 42.76,
    "r_factor": 4.0,
    "n_shell_min": 8,
    "n_shell_max": 40,
    "g_floor": 1e-05,
    "coh_radius_factor": 3.0,
    "spillover_mode": "hybrid",
    "spill_weights": [
      0.019695750367053448,
      0.049306106445461344,
      0.07693286718574055,
      0.1012600432277227,
      0.12294006192456268,
      0.14103183067842012,
      0.15926426447346392,
      0.16711321996069703,
      0.16245585573687826,
      0.0,
      0.0,
      0.0,
      0.0,
      0.0,
      0.0,
      0.0,
      0.0,
      0.0,
      0.0,
      0.0,
      0.0,
      0.0,
      0.0,
      0.0,
      0.0,
      0.0,
      0.0,
      0.0,
      0.0,
      0.0,
      0.0,
      0.0,
      0.0,
      0.0,
      0.0,
      0.0,
      0.0,
      0.0,
      0.0,
      0.0
    ]
  },
  "budget_factor": 1.0,
  "spillover_mode": "hybrid",
  "spillover_params": {
    "alpha": 0.4,
    "beta": 1.0,
    "gamma": 0.8,
    "delta": 1.8,
    "gcut": 1e-05
  },
  "shell_profile": {
    "centers": [
      0.8968965517241378,
      1.9906896551724136,
      3.0844827586206893,
      4.178275862068965,
      5.27206896551724,
      6.365862068965516,
      7.459655172413792,
      8.553448275862067,
      9.647241379310344,
      10.741034482758618,
      11.834827586206895,
      12.92862068965517,
      14.022413793103446,
      15.116206896551724,
      16.209999999999997,
      17.303793103448275,
      18.397586206896552,
      19.491379310344826,
      20.585172413793103,
      21.67896551724138,
      22.772758620689654,
      23.866551724137928,
      24.960344827586205,
      26.054137931034482,
      27.14793103448276,
      28.241724137931033,
      29.335517241379307,
      30.429310344827584,
      31.52310344827586,
      32.494893892163944,
      33.355940474096954,
      34.23980298577939,
      35.147086001529594,
      36.0784101156182,
      37.03441236676332,
      38.01574667387392,
      39.023084283339514,
      40.057114228172054,
      41.11854379931417,
      42.208099029436035
    ],
    "mass": [
      219.8964906947258,
      304.7626718325965,
      319.23383421304334,
      307.22839861246433,
      289.88354015075856,
      266.2460231258,
      254.4383421301089,
      214.89464945410543,
      157.40957610760734,
      0.0,
      0.0,
      0.0,
      0.0,
      0.0,
      0.0,
      0.0,
      0.0,
      0.0,
      0.0,
      0.0,
      0.0,
      0.0,
      0.0,
      0.0,
      0.0,
      0.0,
      0.0,
      0.0,
      0.0,
      0.0,
      0.0,
      0.0,
      0.0,
      0.0,
      0.0,
      0.0,
      0.0,
      0.0,
      0.0,
      0.0
    ]
  },
  "scaling_params": {
    "mass_ref": 60000000000.0,
    "sigma_ref": 30.0,
    "alpha_beta": 0.0,
    "gamma_beta": 0.0,
    "alpha_min": 0.01,
    "alpha_max": 100.0,
    "gamma_min": -5.0,
    "gamma_max": 5.0
  },
  "force_match": false,
  "rms_velocity": 12.880373823221086,
  "n_points": 31,
  "data": [
    {
      "R": 0.35,
      "V_obs": 14.4,
      "V_GR": 15.462037381923508,
      "V_required": 0.0,
      "capacity": 14.809745500249194,
      "provided": 0.0,
      "V_model": 15.462037381923508
    },
    {
      "R": 0.69,
      "V_obs": 24.4,
      "V_GR": 17.991411840097484,
      "V_required": 16.482387569766704,
      "capacity": 21.02346401996499,
      "provided": 8.063841812885105,
      "V_model": 19.715893202775117
    },
    {
      "R": 1.03,
      "V_obs": 29.2,
      "V_GR": 20.29279921548528,
      "V_required": 20.996244902362896,
      "capacity": 21.287689106375723,
      "provided": 10.27220096849392,
      "V_model": 22.744577655721102
    },
    {
      "R": 1.38,
      "V_obs": 32.9,
      "V_GR": 21.498913926056822,
      "V_required": 24.90394948597511,
      "capacity": 23.484060197192456,
      "provided": 12.184006007682244,
      "V_model": 24.711400251609316
    },
    {
      "R": 1.72,
      "V_obs": 37.8,
      "V_GR": 23.082315741710143,
      "V_required": 29.934039152777224,
      "capacity": 26.621880477042872,
      "provided": 23.006740506546397,
      "V_model": 32.589928025934064
    },
    {
      "R": 2.07,
      "V_obs": 42.0,
      "V_GR": 25.396523384116968,
      "V_required": 33.451705487164624,
      "capacity": 26.833760072208513,
      "provided": 25.71035280994504,
      "V_model": 36.138700054261065
    },
    {
      "R": 2.41,
      "V_obs": 45.1,
      "V_GR": 27.13612536822455,
      "V_required": 36.02278029247604,
      "capacity": 28.027894077735862,
      "provided": 27.686432635551572,
      "V_model": 38.76735549509323
    },
    {
      "R": 2.76,
      "V_obs": 47.6,
      "V_GR": 29.78547968389967,
      "V_required": 37.129303790941194,
      "capacity": 27.63899525282387,
      "provided": 35.2322247790114,
      "V_model": 46.13550111225395
    },
    {
      "R": 3.1,
      "V_obs": 52.3,
      "V_GR": 31.49247052868352,
      "V_required": 41.755410427871496,
      "capacity": 26.26067815729625,
      "provided": 39.621965825644516,
      "V_model": 50.61300105593959
    },
    {
      "R": 3.45,
      "V_obs": 57.3,
      "V_GR": 33.1353617756016,
      "V_required": 46.747596729671564,
      "capacity": 23.130178829630687,
      "provided": 44.35908211831883,
      "V_model": 55.36858645820528
    },
    {
      "R": 3.79,
      "V_obs": 61.4,
      "V_GR": 34.469522770122595,
      "V_required": 50.81153412366133,
      "capacity": 24.49325108742553,
      "provided": 50.1599159971276,
      "V_model": 60.86185318275231
    },
    {
      "R": 4.14,
      "V_obs": 64.5,
      "V_GR": 36.24532107734735,
      "V_required": 53.35285090789433,
      "capacity": 24.24936564386203,
      "provided": 52.668642384112594,
      "V_model": 63.93519524163152
    },
    {
      "R": 4.48,
      "V_obs": 66.4,
      "V_GR": 37.518872584340805,
      "V_required": 54.78406885217637,
      "capacity": 22.6788170934602,
      "provided": 54.08150607927385,
      "V_model": 65.8215397860194
    },
    {
      "R": 4.82,
      "V_obs": 66.9,
      "V_GR": 38.25680070262018,
      "V_required": 54.88193874126533,
      "capacity": 22.149675826045723,
      "provided": 61.448943883300515,
      "V_model": 72.38477398163937
    },
    {
      "R": 5.17,
      "V_obs": 69.4,
      "V_GR": 39.21413010637875,
      "V_required": 57.25916520523156,
      "capacity": 22.665782306110692,
      "provided": 64.11062200423619,
      "V_model": 75.15264369115737
    },
    {
      "R": 5.51,
      "V_obs": 70.2,
      "V_GR": 39.541110252495436,
      "V_required": 58.004660157611475,
      "capacity": 19.540274992124484,
      "provided": 64.94532060535599,
      "V_model": 76.03547901165926
    },
    {
      "R": 5.86,
      "V_obs": 70.9,
      "V_GR": 39.464805840140656,
      "V_required": 58.901095915101614,
      "capacity": 18.803390331880546,
      "provided": 52.99757700196009,
      "V_model": 66.07733399645214
    },
    {
      "R": 6.2,
      "V_obs": 72.3,
      "V_GR": 40.000499996875035,
      "V_required": 60.226655228395344,
      "capacity": 19.440350239282,
      "provided": 54.190278609383626,
      "V_model": 67.35448237320676
    },
    {
      "R": 6.55,
      "V_obs": 73.9,
      "V_GR": 40.904636656496535,
      "V_required": 61.5468983783911,
      "capacity": 18.965258215496036,
      "provided": 55.37819688010753,
      "V_model": 68.84717851656633
    },
    {
      "R": 6.89,
      "V_obs": 75.0,
      "V_GR": 41.89410101673027,
      "V_required": 62.2083941281239,
      "capacity": 18.408842776537163,
      "provided": 55.97339245988867,
      "V_model": 69.91520838464777
    },
    {
      "R": 7.25,
      "V_obs": 75.5,
      "V_GR": 42.96818008712959,
      "V_required": 62.08047599688649,
      "capacity": 18.01863271468965,