{
  "galaxy": "UGC02885",
  "alpha": 2.8271,
  "gamma": 0.8579,
  "alpha_eff": 2.8271,
  "gamma_eff": 0.8579,
  "alpha_scaling": "constant",
  "gamma_scaling": "constant",
  "shell_mode": "gravity_adaptive",
  "shell_parameters": {
    "R_coh": 222.20999999999998,
    "R_stop": 296.28,
    "r_factor": 4.0,
    "n_shell_min": 8,
    "n_shell_max": 40,
    "g_floor": 1e-05,
    "coh_radius_factor": 3.0,
    "spillover_mode": "hybrid",
    "spill_weights": [
      0.042669189375905144,
      0.08471413239186926,
      0.11005261655025006,
      0.12623224632634406,
      0.1297739677000311,
      0.12586904953512432,
      0.13687057332440963,
      0.11440956000192434,
      0.10271465277665945,
      0.02669401201748278,
      0.0,
      0.0,
      0.0,
      0.0,
      0.0,
      0.0,
      0.0,
      0.0,
      0.0,
      0.0,
      0.0,
      0.0,
      0.0,
      0.0,
      0.0,
      0.0,
      0.0,
      0.0,
      0.0,
      0.0,
      0.0,
      0.0,
      0.0,
      0.0,
      0.0,
      0.0,
      0.0,
      0.0,
      0.0,
      0.0
    ]
  },
  "budget_factor": 1.0,
  "spillover_mode": "hybrid",
  "spillover_params": {
    "alpha": 0.4,
    "beta": 1.0,
    "gamma": 0.8,
    "delta": 1.8,
    "gcut": 1e-05
  },
  "shell_profile": {
    "centers": [
      5.501896551724137,
      13.105689655172412,
      20.709482758620688,
      28.313275862068963,
      35.917068965517245,
      43.52086206896551,
      51.124655172413796,
      58.728448275862064,
      66.33224137931035,
      73.93603448275863,
      81.53982758620688,
      89.14362068965517,
      96.74741379310345,
      104.35120689655173,
      111.95499999999998,
      119.55879310344827,
      127.16258620689655,
      134.7663793103448,
      142.37017241379309,
      149.97396551724137,
      157.57775862068962,
      165.1815517241379,
      172.7853448275862,
      180.38913793103444,
      187.99293103448275,
      195.596724137931,
      203.2005172413793,
      210.80431034482757,
      218.40810344827582,
      225.15404963447926,
      231.12016004830326,
      237.2443598836932,
      243.5308381789801,
      249.9838949732311,
      256.60794424753595,
      263.40751694423216,
      270.38726406613273,
      277.5519598578769,
      284.90650507158097,
      292.45593031902035
    ],
    "mass": [
      141628.63166727597,
      90694.08690460166,
      56427.07166199192,
      37123.231533307975,
      22510.22918611382,
      13299.34286579308,
      11351.664694071807,
      5334.565222810576,
      3140.864677871766,
      86.59363322473084,
      0.0,
      0.0,
      0.0,
      0.0,
      0.0,
      0.0,
      0.0,
      0.0,
      0.0,
      0.0,
      0.0,
      0.0,
      0.0,
      0.0,
      0.0,
      0.0,
      0.0,
      0.0,
      0.0,
      0.0,
      0.0,
      0.0,
      0.0,
      0.0,
      0.0,
      0.0,
      0.0,
      0.0,
      0.0,
      0.0
    ]
  },
  "scaling_params": {
    "mass_ref": 60000000000.0,
    "sigma_ref": 30.0,
    "alpha_beta": 0.0,
    "gamma_beta": 0.0,
    "alpha_min": 0.01,
    "alpha_max": 100.0,
    "gamma_min": -5.0,
    "gamma_max": 5.0
  },
  "force_match": false,
  "rms_velocity": 47.311797001084294,
  "n_points": 19,
  "data": [
    {
      "R": 1.7,
      "V_obs": 305.0,
      "V_GR": 281.41080594035475,
      "V_required": 117.61359742818854,
      "capacity": 412.83124556065434,
      "provided": 122.07367847599852,
      "V_model": 306.74749335024967
    },
    {
      "R": 3.41,
      "V_obs": 257.0,
      "V_GR": 281.4783011175106,
      "V_required": 0.0,
      "capacity": 298.6188556012025,
      "provided": 0.0,
      "V_model": 281.4783011175106
    },
    {
      "R": 6.82,
      "V_obs": 256.0,
      "V_GR": 282.1156828324154,
      "V_required": 0.0,
      "capacity": 240.20679271073703,
      "provided": 0.0,
      "V_model": 282.1156828324154
    },
    {
      "R": 13.67,
      "V_obs": 271.0,
      "V_GR": 274.45804779601565,
      "V_required": 0.0,
      "capacity": 150.01634742604688,
      "provided": 242.36143013810997,
      "V_model": 366.15062859237315
    },
    {
      "R": 19.49,
      "V_obs": 282.0,
      "V_GR": 261.95053597960055,
      "V_required": 104.43139709876529,
      "capacity": 99.43769274630469,
      "provided": 143.60779724182171,
      "V_model": 298.73279486632896
    },
    {
      "R": 23.36,
      "V_obs": 287.0,
      "V_GR": 258.5757819286253,
      "V_required": 124.52937404484139,
      "capacity": 89.17715296889625,
      "provided": 171.2453303824851,
      "V_model": 310.1393205928691
    },
    {
      "R": 27.24,
      "V_obs": 283.0,
      "V_GR": 252.17976485039398,
      "V_required": 128.430394377655,
      "capacity": 65.79782925490895,
      "provided": 172.78366222157922,
      "V_model": 305.69400996862987
    },
    {
      "R": 31.22,
      "V_obs": 280.0,
      "V_GR": 242.48304414948277,
      "V_required": 140.00704732262582,
      "capacity": 44.26563789727648,
      "provided": 188.35829704064278,
      "V_model": 307.0453952822791
    },
    {
      "R": 35.1,
      "V_obs": 280.0,
      "V_GR": 233.71294358678554,
      "V_required": 154.20201036302996,
      "capacity": 36.84081825018012,
      "provided": 179.43449290662852,
      "V_model": 294.6497535119602
    },
    {
      "R": 38.97,
      "V_obs": 281.0,
      "V_GR": 227.55473187784955,
      "V_required": 164.86310684928876,
      "capacity": 28.23812716937864,
      "provided": 191.84009279042306,
      "V_model": 297.6302692970561
    },
    {
      "R": 42.85,
      "V_obs": 282.0,
      "V_GR": 221.10342692957067,
      "V_required": 175.03506677234708,
      "capacity": 20.49735587304916,
      "provided": 170.48665537201447,
      "V_model": 279.1996150784166
    },
    {
      "R": 46.73,
      "V_obs": 287.0,
      "V_GR": 210.88064823496725,
      "V_required": 194.67499120328733,
      "capacity": 17.26911279582031,
      "provided": 189.61622231956227,
      "V_model": 283.5929469622643
    },
    {
      "R": 50.71,
      "V_obs": 292.0,
      "V_GR": 207.7432923104859,
      "V_required": 205.19923123637673,
      "capacity": 16.832416630531178,
      "provided": 191.31226067478866,
      "V_model": 282.413980858771
    },
    {
      "R": 54.58,
      "V_obs": 298.0,
      "V_GR": 206.55281237494685,
      "V_required": 214.80208495263727,
      "capacity": 12.844121973121023,
      "provided": 200.2652359969565,
      "V_model": 287.69815614445065
    },
    {
      "R": 58.46,
      "V_obs": 298.0,
      "V_GR": 202.7309157479441,
      "V_required": 218.4128563065828,
      "capacity": 7.57110947665119,
      "provided": 161.53496059236485,
      "V_model": 259.21683528192546
    },
    {
      "R": 62.34,
      "V_obs": 298.0,
      "V_GR": 196.36123395415908,
      "V_required": 224.15678843166899,
      "capacity": 5.637112354472564,
      "provided": 165.78308895422563,
      "V_model": 256.9859272084849
    },
    {
      "R": 66.21,
      "V_obs": 298.0,
      "V_GR": 191.1225452425747,
      "V_required": 228.63983183163862,
      "capacity": 4.25835524680249,
      "provided": 293.85970723203525,
      "V_model": 350.5443692808336
    },
    {
      "R": 70.19,
      "V_obs": 298.0,
      "V_GR": 188.09463283145533,
      "V_required": 231.1372083849764,
      "capacity": 3.1439427495473096,
      "provided": 37.88489672135592,
      "V_model": 191.87197893279728
    },
    {
      "R": 74.07,
      "V_obs": 298.0,
      "V_GR": 183.50488113399055,
      "V_required": 234.79769717780454,
      "capacity": 0.0,
      "provided": 38.484874720722416,
      "V_model": 187.49700526213664
    }
  ]
}