{
  "galaxy": "UGC04305",
  "alpha": 2.8271,
  "gamma": 0.8579,
  "alpha_eff": 2.8271,
  "gamma_eff": 0.8579,
  "alpha_scaling": "constant",
  "gamma_scaling": "constant",
  "shell_mode": "gravity_adaptive",
  "shell_parameters": {
    "R_coh": 16.56,
    "R_stop": 22.08,
    "r_factor": 4.0,
    "n_shell_min": 8,
    "n_shell_max": 40,
    "g_floor": 1e-05,
    "coh_radius_factor": 3.0,
    "spillover_mode": "hybrid",
    "spill_weights": [
      0.0300205654896279,
      0.07463610220546411,
      0.09462139961186793,
      0.12489343519392165,
      0.1532351294982381,
      0.14053391013531702,
      0.12443563793000141,
      0.13148092312758541,
      0.12614289680797652,
      0.0,
      0.0,
      0.0,
      0.0,
      0.0,
      0.0,
      0.0,
      0.0,
      0.0,
      0.0,
      0.0,
      0.0,
      0.0,
      0.0,
      0.0,
      0.0,
      0.0,
      0.0,
      0.0,
      0.0,
      0.0,
      0.0,
      0.0,
      0.0,
      0.0,
      0.0,
      0.0,
      0.0,
      0.0,
      0.0,
      0.0
    ]
  },
  "budget_factor": 1.0,
  "spillover_mode": "hybrid",
  "spillover_params": {
    "alpha": 0.4,
    "beta": 1.0,
    "gamma": 0.8,
    "delta": 1.8,
    "gcut": 1e-05
  },
  "shell_profile": {
    "centers": [
      0.531206896551724,
      1.0936206896551723,
      1.6560344827586206,
      2.2184482758620687,
      2.780862068965517,
      3.343275862068965,
      3.9056896551724134,
      4.468103448275862,
      5.030517241379309,
      5.592931034482758,
      6.155344827586205,
      6.717758620689654,
      7.280172413793103,
      7.84258620689655,
      8.404999999999998,
      8.967413793103447,
      9.529827586206896,
      10.092241379310344,
      10.654655172413792,
      11.217068965517239,
      11.779482758620688,
      12.341896551724137,
      12.904310344827584,
      13.466724137931033,
      14.02913793103448,
      14.59155172413793,
      15.153965517241378,
      15.716379310344825,
      16.278793103448272,
      16.77940264590692,
      17.2240216479902,
      17.68042212174951,
      18.14891625149143,
      18.629824493752338,
      19.123475796495185,
      19.630207824114507,
      20.15036718840357,
      20.6843096856417,
      21.232400539963912,
      21.79501465317932
    ],
    "mass": [
      108.92596328245398,
      177.28235238871156,
      116.52007816832923,
      115.54531606672967,
      113.1367045277766,
      59.92244198780821,
      31.475085818402377,
      27.252531505940716,
      19.41277263960847,
      0.0,
      0.0,
      0.0,
      0.0,
      0.0,
      0.0,
      0.0,
      0.0,
      0.0,
      0.0,
      0.0,
      0.0,
      0.0,
      0.0,
      0.0,
      0.0,
      0.0,
      0.0,
      0.0,
      0.0,
      0.0,
      0.0,
      0.0,
      0.0,
      0.0,
      0.0,
      0.0,
      0.0,
      0.0,
      0.0,
      0.0
    ]
  },
  "scaling_params": {
    "mass_ref": 60000000000.0,
    "sigma_ref": 30.0,
    "alpha_beta": 0.0,
    "gamma_beta": 0.0,
    "alpha_min": 0.01,
    "alpha_max": 100.0,
    "gamma_min": -5.0,
    "gamma_max": 5.0
  },
  "force_match": false,
  "rms_velocity": 5.048128538036381,
  "n_points": 22,
  "data": [
    {
      "R": 0.25,
      "V_obs": 3.17,
      "V_GR": 6.533306972735936,
      "V_required": 0.0,
      "capacity": 27.645663329182156,
      "provided": 0.7628479640876967,
      "V_model": 6.577692377750174
    },
    {
      "R": 0.5,
      "V_obs": 10.5,
      "V_GR": 13.589385563740548,
      "V_required": 0.0,
      "capacity": 39.86923195460415,
      "provided": 0.7628479640876967,
      "V_model": 13.610780176621498
    },
    {
      "R": 0.75,
      "V_obs": 17.5,
      "V_GR": 18.713508489858334,
      "V_required": 0.0,
      "capacity": 50.90956073752531,
      "provided": 0.7628479640876967,
      "V_model": 18.729050617057787
    },
    {
      "R": 1.0,
      "V_obs": 22.7,
      "V_GR": 25.25998020585131,
      "V_required": 0.0,
      "capacity": 65.08114710867538,
      "provided": 2.84484973981674,
      "V_model": 25.41967289408216
    },
    {
      "R": 1.26,
      "V_obs": 29.7,
      "V_GR": 30.606306539665972,
      "V_required": 0.0,
      "capacity": 49.43533339425422,
      "provided": 2.84484973981674,
      "V_model": 30.738236287108855
    },
    {
      "R": 1.5,
      "V_obs": 34.5,
      "V_GR": 31.54714725613078,
      "V_required": 13.965224667007693,
      "capacity": 41.36376809572713,
      "provided": 3.324642839365503,
      "V_model": 31.721849725533726
    },
    {
      "R": 1.76,
      "V_obs": 36.0,
      "V_GR": 32.08111282359139,
      "V_required": 16.334080935271505,
      "capacity": 34.0887041217883,
      "provided": 3.8885865794454735,
      "V_model": 32.31592340605237
    },
    {
      "R": 2.01,
      "V_obs": 37.3,
      "V_GR": 31.11529527418951,
      "V_required": 20.570085075176518,
      "capacity": 29.98934462016964,
      "provided": 5.339527992561641,
      "V_model": 31.570114969435085
    },
    {
      "R": 2.26,
      "V_obs": 35.6,
      "V_GR": 31.74703923202918,
      "V_required": 16.10855362842984,
      "capacity": 36.41465283693188,
      "provided": 4.181415521828775,
      "V_model": 32.02122320846271
    },
    {
      "R": 2.51,
      "V_obs": 34.9,
      "V_GR": 33.65059434839153,
      "V_required": 9.254593454063773,
      "capacity": 36.623879834938684,
      "provided": 11.681502795625159,
      "V_model": 35.62049982193117
    },
    {
      "R": 2.76,
      "V_obs": 32.7,
      "V_GR": 36.3584515621884,
      "V_required": 0.0,
      "capacity": 33.64751262277504,
      "provided": 0.0,
      "V_model": 36.3584515621884
    },
    {
      "R": 3.01,
      "V_obs": 32.8,
      "V_GR": 38.39673163174178,
      "V_required": 0.0,
      "capacity": 26.980511058153226,
      "provided": 0.0,
      "V_model": 38.39673163174178
    },
    {
      "R": 3.27,
      "V_obs": 33.2,
      "V_GR": 39.245815063519835,
      "V_required": 0.0,
      "capacity": 18.095689727492886,
      "provided": 5.35662830547194,
      "V_model": 39.60968905208653
    },
    {
      "R": 3.51,
      "V_obs": 32.1,
      "V_GR": 39.91912448939731,
      "V_required": 0.0,
      "capacity": 13.930495764318936,
      "provided": 5.35662830547194,
      "V_model": 40.2769160537768
    },
    {
      "R": 3.76,
      "V_obs": 30.1,
      "V_GR": 39.94081871970078,
      "V_required": 0.0,
      "capacity": 9.98087123858144,
      "provided": 4.743022233591107,
      "V_model": 40.22145273244541
    },
    {
      "R": 4.02,
      "V_obs": 32.3,
      "V_GR": 39.76549760785095,
      "V_required": 0.0,
      "capacity": 7.352373440525551,
      "provided": 4.743022233591107,
      "V_model": 40.04736021148385
    },
    {
      "R": 4.26,
      "V_obs": 33.6,
      "V_GR": 39.41788933974015,
      "V_required": 0.0,
      "capacity": 6.672686217364754,
      "provided": 5.011562218518325,
      "V_model": 39.73519543012316
    },
    {
      "R": 4.52,
      "V_obs": 35.1,
      "V_GR": 39.323278093261756,
      "V_required": 0.0,
      "capacity": 7.2542255520877985,
      "provided": 5.011562218518325,
      "V_model": 39.64134149937512
    },
    {
      "R": 4.77,
      "V_obs": 35.3,
      "V_GR": 39.529616744916716,
      "V_required": 0.0,
      "capacity": 6.277538691045229,
      "provided": 3.20539771468782,
      "V_model": 39.65936427263208
    },
    {
      "R": 5.02,
      "V_obs": 35.2,
      "V_GR": 39.62852507979574,
      "V_required": 0.0,
      "capacity": 5.110731035630738,
      "provided": 3.20539771468782,
      "V_model": 39.75794982779326
    },
    {
      "R": 5.27,
      "V_obs": 34.6,
      "V_GR": 39.065094393844745,
      "V_required": 0.0,
      "capacity": 0.0,
      "provided": 3.20539771468782,
      "V_model": 39.196379609720665
    },
    {
      "R": 5.52,
      "V_obs": 33.0,
      "V_GR": 38.25611062301028,
      "V_required": 0.0,
      "capacity": 0.0,
      "provided": 0.0,
      "V_model": 38.25611062301028
    }
  ]
}