{
  "galaxy": "UGC04483",
  "alpha": 2.8271,
  "gamma": 0.8579,
  "alpha_eff": 2.8271,
  "gamma_eff": 0.8579,
  "alpha_scaling": "constant",
  "gamma_scaling": "constant",
  "shell_mode": "gravity_adaptive",
  "shell_parameters": {
    "R_coh": 3.63,
    "R_stop": 4.84,
    "r_factor": 4.0,
    "n_shell_min": 8,
    "n_shell_max": 40,
    "g_floor": 1e-05,
    "coh_radius_factor": 3.0,
    "spillover_mode": "hybrid",
    "spill_weights": [
      0.056104793003298105,
      0.10300001078995319,
      0.12203939477495242,
      0.13757186343157832,
      0.1410564157325007,
      0.13156329796959754,
      0.1192593090010291,
      0.10719183301627194,
      0.08221308228081867,
      0.0,
      0.0,
      0.0,
      0.0,
      0.0,
      0.0,
      0.0,
      0.0,
      0.0,
      0.0,
      0.0,
      0.0,
      0.0,
      0.0,
      0.0,
      0.0,
      0.0,
      0.0,
      0.0,
      0.0,
      0.0,
      0.0,
      0.0,
      0.0,
      0.0,
      0.0,
      0.0,
      0.0,
      0.0,
      0.0,
      0.0
    ]
  },
  "budget_factor": 1.0,
  "spillover_mode": "hybrid",
  "spillover_params": {
    "alpha": 0.4,
    "beta": 1.0,
    "gamma": 0.8,
    "delta": 1.8,
    "gcut": 1e-05
  },
  "shell_profile": {
    "centers": [
      0.14120689655172414,
      0.2636206896551724,
      0.38603448275862073,
      0.508448275862069,
      0.6308620689655171,
      0.7532758620689655,
      0.8756896551724138,
      0.9981034482758621,
      1.1205172413793103,
      1.2429310344827587,
      1.365344827586207,
      1.4877586206896551,
      1.6101724137931035,
      1.7325862068965519,
      1.855,
      1.9774137931034481,
      2.0998275862068967,
      2.222241379310345,
      2.344655172413793,
      2.4670689655172415,
      2.5894827586206897,
      2.711896551724138,
      2.8343103448275864,
      2.9567241379310345,
      3.0791379310344826,
      3.201551724137931,
      3.323965517241379,
      3.4463793103448275,
      3.568793103448276,
      3.6780936959324952,
      3.7755554699398806,
      3.875599776687846,
      3.9782950478812733,
      4.083711528521798,
      4.191921324956372,
      4.302998454199013,
      4.417018894559478,
      4.534060637613488,
      4.65420374155006,
      4.777530385932423
    ],
    "mass": [
      3.6070561554860885,
      3.557196671150797,
      2.1831269690682373,
      1.5575463837989527,
      1.0293497617390863,
      0.5982296478180978,
      0.35018761563999595,
      0.2130918316386739,
      0.09158023413201108,
      0.0,
      0.0,
      0.0,
      0.0,
      0.0,
      0.0,
      0.0,
      0.0,
      0.0,
      0.0,
      0.0,
      0.0,
      0.0,
      0.0,
      0.0,
      0.0,
      0.0,
      0.0,
      0.0,
      0.0,
      0.0,
      0.0,
      0.0,
      0.0,
      0.0,
      0.0,
      0.0,
      0.0,
      0.0,
      0.0,
      0.0
    ]
  },
  "scaling_params": {
    "mass_ref": 60000000000.0,
    "sigma_ref": 30.0,
    "alpha_beta": 0.0,
    "gamma_beta": 0.0,
    "alpha_min": 0.01,
    "alpha_max": 100.0,
    "gamma_min": -5.0,
    "gamma_max": 5.0
  },
  "force_match": false,
  "rms_velocity": 4.62425931417588,
  "n_points": 8,
  "data": [
    {
      "R": 0.08,
      "V_obs": 5.11,
      "V_GR": 4.177200019151585,
      "V_required": 2.9433144582256237,
      "capacity": 21.86060366795151,
      "provided": 6.038374358065464,
      "V_model": 7.3424086571194405
    },
    {
      "R": 0.24,
      "V_obs": 10.8,
      "V_GR": 9.972863179649062,
      "V_required": 4.145117609911692,
      "capacity": 26.146779241744497,
      "provided": 11.08555242326548,
      "V_model": 14.911320281214778
    },
    {
      "R": 0.4,
      "V_obs": 17.3,
      "V_GR": 12.328864505703677,
      "V_required": 12.136272080008755,
      "capacity": 12.758530127986093,
      "provided": 13.134698706393612,
      "V_model": 18.014472240610825
    },
    {
      "R": 0.57,
      "V_obs": 20.8,
      "V_GR": 13.493494728942537,
      "V_required": 15.829264038482648,
      "capacity": 7.530009283888415,
      "provided": 15.181438130422904,
      "V_model": 20.311338304204835
    },
    {
      "R": 0.73,
      "V_obs": 20.8,
      "V_GR": 14.012630017238022,
      "V_required": 15.37160368992123,
      "capacity": 3.793460147561538,
      "provided": 14.159725085795142,
      "V_model": 19.92113486991382
    },
    {
      "R": 0.89,
      "V_obs": 22.9,
      "V_GR": 14.136095642008085,
      "V_required": 18.016126109682958,
      "capacity": 1.7947708391551496,
      "provided": 12.8354872174662,
      "V_model": 19.09395014421422
    },
    {
      "R": 1.05,
      "V_obs": 24.3,
      "V_GR": 14.26487294019824,
      "V_required": 19.672401988572723,
      "capacity": 0.8343936362136216,
      "provided": 11.536704463760204,
      "V_model": 18.346175347579795
    },
    {
      "R": 1.21,
      "V_obs": 24.2,
      "V_GR": 14.3142586255803,
      "V_required": 19.512611306537114,
      "capacity": 0.0,
      "provided": 0.0,
      "V_model": 14.3142586255803
    }
  ]
}