{
  "galaxy": "UGC02455",
  "alpha": 2.8271,
  "gamma": 0.8579,
  "alpha_eff": 2.8271,
  "gamma_eff": 0.8579,
  "alpha_scaling": "constant",
  "gamma_scaling": "constant",
  "shell_mode": "gravity_adaptive",
  "shell_parameters": {
    "R_coh": 12.09,
    "R_stop": 16.12,
    "r_factor": 4.0,
    "n_shell_min": 8,
    "n_shell_max": 40,
    "g_floor": 1e-05,
    "coh_radius_factor": 3.0,
    "spillover_mode": "hybrid",
    "spill_weights": [
      0.005663664770872661,
      0.009358102832498947,
      0.010567908781770337,
      0.01257391348170341,
      0.014098566754121196,
      0.0148351788382649,
      0.014469513933422332,
      0.013599806887051473,
      0.013200460843793586,
      0.01388521181139878,
      0.01544778230467662,
      0.016992051667582875,
      0.01850865180782291,
      0.01998913741632001,
      0.02142592148784372,
      0.022812221555878275,
      0.02414201339995763,
      0.025409990186575183,
      0.02661152569413117,
      0.027742640671123996,
      0.028799971612947964,
      0.02978074139005231,
      0.03068273126087101,
      0.031504253880020566,
      0.032244126977833854,
      0.032901647447019906,
      0.033476565628237254,
      0.03396905963900799,
      0.034379709639263525,
      0.03173917121236715,
      0.03227276849184656,
      0.032769158789536734,
      0.0332241318701157,
      0.03363339170155114,
      0.03399258826145657,
      0.034297354331754466,
      0.034543347437183625,
      0.0347262969977233,
      0.034842056659762276,
      0.03488666164463809
    ]
  },
  "budget_factor": 1.0,
  "spillover_mode": "hybrid",
  "spillover_params": {
    "alpha": 0.4,
    "beta": 1.0,
    "gamma": 0.8,
    "delta": 1.8,
    "gcut": 1e-05
  },
  "shell_profile": {
    "centers": [
      0.6998275862068966,
      1.0994827586206897,
      1.4991379310344828,
      1.898793103448276,
      2.298448275862069,
      2.6981034482758623,
      3.097758620689655,
      3.4974137931034486,
      3.8970689655172412,
      4.296724137931035,
      4.6963793103448275,
      5.096034482758621,
      5.495689655172414,
      5.895344827586207,
      6.295,
      6.6946551724137935,
      7.094310344827586,
      7.49396551724138,
      7.893620689655172,
      8.293275862068967,
      8.692931034482758,
      9.092586206896552,
      9.492241379310347,
      9.891896551724138,
      10.291551724137932,
      10.691206896551723,
      11.090862068965517,
      11.490517241379312,
      11.890172413793103,
      12.25017983025451,
      12.57478392054357,
      12.907989338885967,
      13.250024002447548,
      13.601121867721362,
      13.961523090557176,
      14.331474190431425,
      14.711228219069998,
      15.10104493353914,
      15.501190973922927,
      15.911940045708816
    ],
    "mass": [
      586.6483946566495,
      673.2416855805975,
      427.31670411406185,
      373.0013021344947,
      315.5094329587359,
      246.74989576425835,
      169.35145009093324,
      110.89313916674051,
      81.60815025337016,
      75.63464903773973,
      82.66972453509061,
      89.70480003244127,
      96.7398755297921,
      103.77495102714319,
      110.81002652449403,
      117.84510202184462,
      124.88017751919547,
      131.91525301654661,
      138.95032851389746,
      145.98540401124802,
      153.02047950859884,
      160.0555550059504,
      167.09063050330056,
      174.12570600065138,
      181.1607814980022,
      188.195856995353,
      195.23093249270474,
      202.26600799005476,
      209.30108348740555,
      172.85349899434033,
      182.1353770413773,
      191.91567288487786,
      202.22115053732105,
      213.08001118370083,
      224.5219703547634,
      236.57833924424412,
      249.28211039271048,
      262.66804797242264,
      276.77278292032855,
      291.6349131794893
    ]
  },
  "scaling_params": {
    "mass_ref": 60000000000.0,
    "sigma_ref": 30.0,
    "alpha_beta": 0.0,
    "gamma_beta": 0.0,
    "alpha_min": 0.01,
    "alpha_max": 100.0,
    "gamma_min": -5.0,
    "gamma_max": 5.0
  },
  "force_match": false,
  "rms_velocity": 35.37808204018852,
  "n_points": 8,
  "data": [
    {
      "R": 0.5,
      "V_obs": 16.9,
      "V_GR": 41.20354960437268,
      "V_required": 0.0,
      "capacity": 287.36006044522696,
      "provided": 0.0,
      "V_model": 41.20354960437268
    },
    {
      "R": 1.0,
      "V_obs": 23.9,
      "V_GR": 64.87122628716062,
      "V_required": 0.0,
      "capacity": 384.6999447999918,
      "provided": 0.0,
      "V_model": 64.87122628716062
    },
    {
      "R": 1.51,
      "V_obs": 28.2,
      "V_GR": 78.76471608531322,
      "V_required": 0.0,
      "capacity": 216.1583786453182,
      "provided": 0.0,
      "V_model": 78.76471608531322
    },
    {
      "R": 2.01,
      "V_obs": 33.0,
      "V_GR": 77.82892071717299,
      "V_required": 0.0,
      "capacity": 171.64387014761218,
      "provided": 0.0,
      "V_model": 77.82892071717299
    },
    {
      "R": 2.52,
      "V_obs": 39.1,
      "V_GR": 77.56462209022874,
      "V_required": 0.0,
      "capacity": 129.15457784373692,
      "provided": 0.0,
      "V_model": 77.56462209022874
    },
    {
      "R": 3.02,
      "V_obs": 43.8,
      "V_GR": 77.24835079145703,
      "V_required": 0.0,
      "capacity": 80.06053773286425,
      "provided": 0.0,
      "V_model": 77.24835079145703
    },
    {
      "R": 3.52,
      "V_obs": 53.1,
      "V_GR": 74.64032690174929,
      "V_required": 0.0,
      "capacity": 45.9131308908153,
      "provided": 0.0,
      "V_model": 74.64032690174929
    },
    {
      "R": 4.03,
      "V_obs": 61.0,
      "V_GR": 71.71624711318907,
      "V_required": 0.0,
      "capacity": 29.072503467414172,
      "provided": 0.0,
      "V_model": 71.71624711318907
    }
  ]
}