{
  "galaxy": "UGC07866",
  "alpha": 2.8271,
  "gamma": 0.8579,
  "alpha_eff": 2.8271,
  "gamma_eff": 0.8579,
  "alpha_scaling": "constant",
  "gamma_scaling": "constant",
  "shell_mode": "gravity_adaptive",
  "shell_parameters": {
    "R_coh": 6.959999999999999,
    "R_stop": 9.28,
    "r_factor": 4.0,
    "n_shell_min": 8,
    "n_shell_max": 40,
    "g_floor": 1e-05,
    "coh_radius_factor": 3.0,
    "spillover_mode": "hybrid",
    "spill_weights": [
      0.00509342271500786,
      0.007411991858033585,
      0.009913039885326356,
      0.011627902176143496,
      0.012129296565614187,
      0.012800519231161874,
      0.013231793846010781,
      0.013593262088223385,
      0.014146043847237878,
      0.015447203441940211,
      0.016981920425632294,
      0.018474204439746122,
      0.019918710781589643,
      0.02131090448518444,
      0.022646849622963695,
      0.023923071924103118,
      0.025136474803984094,
      0.026284292561907643,
      0.027364068170544948,
      0.028373646326163376,
      0.029311175089410307,
      0.030175111514742056,
      0.030964228211895813,
      0.0316776189016796,
      0.03231470181721041,
      0.03287522034453219,
      0.03335924066099156,
      0.033767146367793856,
      0.03409963026329781,
      0.03147811345931185,
      0.03196305519358104,
      0.032411959671136296,
      0.0328208468396421,
      0.03318565038110617,
      0.033502248134111075,
      0.03376649739083671,
      0.033974275217996945,
      0.0341215238673607,
      0.034204301239008,
      0.03421883623783643
    ]
  },
  "budget_factor": 1.0,
  "spillover_mode": "hybrid",
  "spillover_params": {
    "alpha": 0.4,
    "beta": 1.0,
    "gamma": 0.8,
    "delta": 1.8,
    "gcut": 1e-05
  },
  "shell_profile": {
    "centers": [
      0.44431034482758625,
      0.6729310344827586,
      0.9015517241379309,
      1.1301724137931033,
      1.3587931034482756,
      1.5874137931034482,
      1.8160344827586206,
      2.0446551724137927,
      2.2732758620689655,
      2.501896551724138,
      2.73051724137931,
      2.9591379310344825,
      3.187758620689655,
      3.4163793103448272,
      3.6449999999999996,
      3.873620689655172,
      4.102241379310344,
      4.330862068965517,
      4.559482758620689,
      4.788103448275862,
      5.016724137931034,
      5.245344827586207,
      5.473965517241378,
      5.702586206896552,
      5.931206896551723,
      6.159827586206896,
      6.388448275862068,
      6.617068965517241,
      6.8456896551724125,
      7.052212706250733,
      7.239081562198777,
      7.430902051170082,
      7.627805381061613,
      7.829926236504603,
      8.037402870990727,
      8.250377201439427,
      8.468994905271064,
      8.693405520052309,
      8.923762545781933,
      9.16022354988696
    ],
    "mass": [
      18.0710940423907,
      16.702756716145444,
      17.09152133645407,
      14.979725944601201,
      10.961150622422565,
      8.926189892107585,
      7.3156760141638095,
      6.177406054996718,
      5.584980242775403,
      5.858040256257811,
      6.393341846761419,
      6.928643437265029,
      7.463945027768635,
      7.999246618272244,
      8.53454820877585,
      9.06984979927946,
      9.605151389783048,
      10.140452980286716,
      10.675754570790284,
      11.211056161293895,
      11.7463577517975,
      12.281659342301111,
      12.816960932804717,
      13.352262523308326,
      13.887564113811933,
      14.422865704315543,
      14.95816729481915,
      15.493468885322757,
      16.028770475826363,
      13.320288743625715,
      14.03556090409099,
      14.789241711199177,
      15.583393630426507,
      16.420189877410913,
      17.301920365008918,
      18.230997969697015,
      19.209965134463626,
      20.241500826267888,
      21.328427867094206,
      22.473720658673262
    ]
  },
  "scaling_params": {
    "mass_ref": 60000000000.0,
    "sigma_ref": 30.0,
    "alpha_beta": 0.0,
    "gamma_beta": 0.0,
    "alpha_min": 0.01,
    "alpha_max": 100.0,
    "gamma_min": -5.0,
    "gamma_max": 5.0
  },
  "force_match": false,
  "rms_velocity": 7.430838370034094,
  "n_points": 7,
  "data": [
    {
      "R": 0.33,
      "V_obs": 12.2,
      "V_GR": 9.66884170932589,
      "V_required": 7.439993279566857,
      "capacity": 29.04257936387544,
      "provided": 0.613344110356449,
      "V_model": 9.688275955902006
    },
    {
      "R": 0.66,
      "V_obs": 19.4,
      "V_GR": 13.660234258606256,
      "V_required": 13.775267692498755,
      "capacity": 26.894064522716512,
      "provided": 0.892543542231373,
      "V_model": 13.689362073331939
    },
    {
      "R": 1.0,
      "V_obs": 23.9,
      "V_GR": 18.014230485924177,
      "V_required": 15.706606890095642,
      "capacity": 24.80558944832071,
      "provided": 1.1937168716584927,
      "V_model": 18.053738116237373
    },
    {
      "R": 1.33,
      "V_obs": 26.0,
      "V_GR": 19.610520135886247,
      "V_required": 17.07124775756008,
      "capacity": 15.890990553002563,
      "provided": 1.4605959543404372,
      "V_model": 19.66483766884018
    },
    {
      "R": 1.67,
      "V_obs": 28.2,
      "V_GR": 20.40604077228113,
      "V_required": 19.46364559891081,
      "capacity": 10.707001542280338,
      "provided": 1.5414238164062297,
      "V_model": 20.46417570736198
    },
    {
      "R": 2.0,
      "V_obs": 30.6,
      "V_GR": 21.259343828067692,
      "V_required": 22.009095846944742,
      "capacity": 8.05262901665836,
      "provided": 1.6368850002920976,
      "V_model": 21.32226752726316
    },
    {
      "R": 2.32,
      "V_obs": 33.1,
      "V_GR": 21.747599867571594,
      "V_required": 24.95299380835895,
      "capacity": 6.646203763496889,
      "provided": 1.7034503444966957,
      "V_model": 21.814211951756725
    }
  ]
}