{
  "galaxy": "UGC01230",
  "alpha": 2.8271,
  "gamma": 0.8579,
  "alpha_eff": 2.8271,
  "gamma_eff": 0.8579,
  "alpha_scaling": "constant",
  "gamma_scaling": "constant",
  "shell_mode": "gravity_adaptive",
  "shell_parameters": {
    "R_coh": 109.62,
    "R_stop": 146.16,
    "r_factor": 4.0,
    "n_shell_min": 8,
    "n_shell_max": 40,
    "g_floor": 1e-05,
    "coh_radius_factor": 3.0,
    "spillover_mode": "hybrid",
    "spill_weights": [
      0.04268900660360208,
      0.09505826050607805,
      0.12837874924356008,
      0.1398591607500904,
      0.153096832627713,
      0.15611693128656173,
      0.11425805440206713,
      0.08868600074383541,
      0.06494263104139403,
      0.016914372795097967,
      0.0,
      0.0,
      0.0,
      0.0,
      0.0,
      0.0,
      0.0,
      0.0,
      0.0,
      0.0,
      0.0,
      0.0,
      0.0,
      0.0,
      0.0,
      0.0,
      0.0,
      0.0,
      0.0,
      0.0,
      0.0,
      0.0,
      0.0,
      0.0,
      0.0,
      0.0,
      0.0,
      0.0,
      0.0,
      0.0
    ]
  },
  "budget_factor": 1.0,
  "spillover_mode": "hybrid",
  "spillover_params": {
    "alpha": 0.4,
    "beta": 1.0,
    "gamma": 0.8,
    "delta": 1.8,
    "gcut": 1e-05
  },
  "shell_profile": {
    "centers": [
      2.6565517241379313,
      6.4096551724137925,
      10.162758620689655,
      13.915862068965517,
      17.66896551724138,
      21.42206896551724,
      25.175172413793106,
      28.928275862068965,
      32.68137931034483,
      36.43448275862069,
      40.187586206896555,
      43.94068965517241,
      47.69379310344828,
      51.44689655172414,
      55.2,
      58.95310344827586,
      62.70620689655173,
      66.4593103448276,
      70.21241379310345,
      73.9655172413793,
      77.71862068965518,
      81.47172413793103,
      85.22482758620689,
      88.97793103448276,
      92.73103448275862,
      96.4841379310345,
      100.23724137931035,
      103.9903448275862,
      107.74344827586208,
      111.0723501234491,
      114.01553460463082,
      117.03670730592887,
      120.13793475172048,
      123.32133822494757,
      126.58909521810405,
      129.94344092267107,
      133.3866697580193,
      136.9211369408239,
      140.5492600960655,
      144.27352091071964
    ],
    "mass": [
      2489.2260498372357,
      2109.6509815359045,
      1482.0235834757336,
      891.5017965858527,
      663.7977958422877,
      470.6280063854845,
      160.36690837637738,
      67.91022967909832,
      26.25818229559754,
      0.8005127066308211,
      0.0,
      0.0,
      0.0,
      0.0,
      0.0,
      0.0,
      0.0,
      0.0,
      0.0,
      0.0,
      0.0,
      0.0,
      0.0,
      0.0,
      0.0,
      0.0,
      0.0,
      0.0,
      0.0,
      0.0,
      0.0,
      0.0,
      0.0,
      0.0,
      0.0,
      0.0,
      0.0,
      0.0,
      0.0,
      0.0
    ]
  },
  "scaling_params": {
    "mass_ref": 60000000000.0,
    "sigma_ref": 30.0,
    "alpha_beta": 0.0,
    "gamma_beta": 0.0,
    "alpha_min": 0.01,
    "alpha_max": 100.0,
    "gamma_min": -5.0,
    "gamma_max": 5.0
  },
  "force_match": false,
  "rms_velocity": 29.17036325657073,
  "n_points": 11,
  "data": [
    {
      "R": 0.78,
      "V_obs": 19.8,
      "V_GR": 21.27854318321628,
      "V_required": 0.0,
      "capacity": 36.92386546871508,
      "provided": 0.0,
      "V_model": 21.27854318321628
    },
    {
      "R": 2.35,
      "V_obs": 55.4,
      "V_GR": 41.58850321903879,
      "V_required": 36.59995081963909,
      "capacity": 43.52307412689727,
      "provided": 11.583597348834191,
      "V_model": 43.17155692744841
    },
    {
      "R": 3.91,
      "V_obs": 88.5,
      "V_GR": 47.59366029210193,
      "V_required": 74.6129579898827,
      "capacity": 39.98164633778707,
      "provided": 23.614415948791834,
      "V_model": 53.130002264281465
    },
    {
      "R": 5.48,
      "V_obs": 105.0,
      "V_GR": 53.7404670616101,
      "V_required": 90.20511182854328,
      "capacity": 37.061210259421784,
      "provided": 39.34431745464836,
      "V_model": 66.60340168468986
    },
    {
      "R": 7.03,
      "V_obs": 106.0,
      "V_GR": 56.808289888008424,
      "V_required": 89.49200075984444,
      "capacity": 29.258798804982124,
      "provided": 39.03328332699671,
      "V_model": 68.92589504159956
    },
    {
      "R": 8.6,
      "V_obs": 103.0,
      "V_GR": 58.26804355733939,
      "V_required": 84.93429872554432,
      "capacity": 23.517165724833248,
      "provided": 105.85106758202569,
      "V_model": 120.82885999733081
    },
    {
      "R": 13.27,
      "V_obs": 109.0,
      "V_GR": 60.23183377583651,
      "V_required": 90.84671815756472,
      "capacity": 13.821483988030113,
      "provided": 56.33872289154484,
      "V_model": 82.47378672675507
    },
    {
      "R": 14.85,
      "V_obs": 113.0,
      "V_GR": 61.02819430394447,
      "V_required": 95.10288902026058,
      "capacity": 10.06231294700276,
      "provided": 58.97819337188296,
      "V_model": 84.86971069475386
    },
    {
      "R": 25.8,
      "V_obs": 105.0,
      "V_GR": 60.28010119434108,
      "V_required": 85.97272474453743,
      "capacity": 1.192308877908836,
      "provided": 94.20824793485569,
      "V_model": 111.84312486226072
    },
    {
      "R": 32.01,
      "V_obs": 103.0,
      "V_GR": 55.22953648185,
      "V_required": 86.94077466873642,
      "capacity": 0.34810484018020155,
      "provided": 53.54661007232079,
      "V_model": 76.92555589813549
    },
    {
      "R": 36.54,
      "V_obs": 103.0,
      "V_GR": 50.42213898675858,
      "V_required": 89.81429674611944,
      "capacity": 0.0,
      "provided": 13.946267808270491,
      "V_model": 52.31529877368571
    }
  ]
}