{
  "galaxy": "UGC05414",
  "alpha": 2.8271,
  "gamma": 0.8579,
  "alpha_eff": 2.8271,
  "gamma_eff": 0.8579,
  "alpha_scaling": "constant",
  "gamma_scaling": "constant",
  "shell_mode": "gravity_adaptive",
  "shell_parameters": {
    "R_coh": 12.330000000000002,
    "R_stop": 16.44,
    "r_factor": 4.0,
    "n_shell_min": 8,
    "n_shell_max": 40,
    "g_floor": 1e-05,
    "coh_radius_factor": 3.0,
    "spillover_mode": "hybrid",
    "spill_weights": [
      0.004105926365103222,
      0.005929233413081789,
      0.007596859751006228,
      0.008886255212342833,
      0.010096759374199063,
      0.011017388134805782,
      0.012138324442390817,
      0.012901506062536552,
      0.01318092181091679,
      0.014673482964782197,
      0.0162135540779311,
      0.017732159472336854,
      0.019221673651248657,
      0.020675107707081686,
      0.022086048868996115,
      0.023448625259350358,
      0.02475748632574938,
      0.02600779236062561,
      0.027195208681521865,
      0.028315901580833934,
      0.029366534217111457,
      0.030344261341387815,
      0.031246722233304852,
      0.032072031538395815,
      0.03281876790346823,
      0.033485960438727126,
      0.034073073118263526,
      0.03457998728160094,
      0.03500698242919612,
      0.03251042506553001,
      0.0330712031600867,
      0.033594718403628474,
      0.034076564000658185,
      0.034512232579046814,
      0.03489714929882375,
      0.03522671027540065,
      0.03549632648421749,
      0.03570147322375814,
      0.03583774510310572,
      0.03590091638744731
    ]
  },
  "budget_factor": 1.0,
  "spillover_mode": "hybrid",
  "spillover_params": {
    "alpha": 0.4,
    "beta": 1.0,
    "gamma": 0.8,
    "delta": 1.8,
    "gcut": 1e-05
  },
  "shell_profile": {
    "centers": [
      0.8808620689655173,
      1.282586206896552,
      1.6843103448275865,
      2.0860344827586212,
      2.4877586206896556,
      2.88948275862069,
      3.291206896551725,
      3.6929310344827595,
      4.094655172413794,
      4.496379310344828,
      4.8981034482758625,
      5.299827586206897,
      5.701551724137932,
      6.103275862068966,
      6.505000000000001,
      6.906724137931036,
      7.3084482758620695,
      7.710172413793105,
      8.11189655172414,
      8.513620689655173,
      8.915344827586207,
      9.317068965517244,
      9.718793103448277,
      10.12051724137931,
      10.522241379310348,
      10.923965517241381,
      11.325689655172415,
      11.727413793103452,
      12.129137931034485,
      12.493359578745913,
      12.824407422688354,
      13.164227340650452,
      13.513051774208293,
      13.871119324152554,
      14.238674913694783,
      14.6159699559983,
      15.003262526148308,
      15.400817537678872,
      15.808906923777476,
      16.227809823291125
    ],
    "mass": [
      121.18692118998732,
      120.41905197243585,
      115.65403566737359,
      102.93554847526622,
      94.0232487858436,
      83.26349822223823,
      79.57651649924252,
      72.44275753952307,
      61.78983773919174,
      67.07461946807467,
      73.06732867320594,
      79.06003787833687,
      85.05274708346798,
      91.04545628859928,
      97.03816549373018,
      103.03087469886128,
      109.02358390399237,
      115.01629310912348,
      121.00900231425484,
      127.0017115193854,
      132.99442072451706,
      138.9871299296482,
      144.97983913477867,
      150.97254833991042,
      156.96525754504157,
      162.95796675017192,
      168.95067595530375,
      174.9433851604349,
      180.93609436556517,
      151.57277074649159,
      159.71191737358177,
      168.2881194657858,
      177.32484600435484,
      186.84682620665168,
      196.88011719825064,
      207.452175318869,
      218.5919312573094,
      230.329869220965,
      242.69811035659515,
      255.7305006505855
    ]
  },
  "scaling_params": {
    "mass_ref": 60000000000.0,
    "sigma_ref": 30.0,
    "alpha_beta": 0.0,
    "gamma_beta": 0.0,
    "alpha_min": 0.01,
    "alpha_max": 100.0,
    "gamma_min": -5.0,
    "gamma_max": 5.0
  },
  "force_match": false,
  "rms_velocity": 12.452173050068428,
  "n_points": 6,
  "data": [
    {
      "R": 0.68,
      "V_obs": 20.5,
      "V_GR": 19.147723102238555,
      "V_required": 7.3222059517607105,
      "capacity": 60.445721535531014,
      "provided": 0.6970444407927268,
      "V_model": 19.16040633578631
    },
    {
      "R": 1.37,
      "V_obs": 34.6,
      "V_GR": 31.20035416465653,
      "V_required": 14.956533689327882,
      "capacity": 57.80990528126803,
      "provided": 1.0065789839480586,
      "V_model": 31.216586957111858
    },
    {
      "R": 2.05,
      "V_obs": 46.0,
      "V_GR": 36.34271591392146,
      "V_required": 28.199414887546865,
      "capacity": 48.03347849283791,
      "provided": 1.5085791230630716,
      "V_model": 36.37401285217981
    },
    {
      "R": 2.74,
      "V_obs": 51.8,
      "V_GR": 39.03020881317444,
      "V_required": 34.05705213314858,
      "capacity": 36.544321586663784,
      "provided": 1.870371864603338,
      "V_model": 39.07499828422132
    },
    {
      "R": 3.42,
      "V_obs": 56.8,
      "V_GR": 40.343521165113984,
      "V_required": 39.98300013755846,
      "capacity": 31.946482555707785,
      "provided": 2.06066812230674,
      "V_model": 40.39611433183013
    },
    {
      "R": 4.11,
      "V_obs": 61.4,
      "V_GR": 41.50478165223857,
      "V_required": 45.24724411497346,
      "capacity": 23.761967872458342,
      "provided": 2.237665134696631,
      "V_model": 41.565057984502275
    }
  ]
}