{
  "galaxy": "UGC11557",
  "alpha": 2.8271,
  "gamma": 0.8579,
  "alpha_eff": 2.8271,
  "gamma_eff": 0.8579,
  "alpha_scaling": "constant",
  "gamma_scaling": "constant",
  "shell_mode": "gravity_adaptive",
  "shell_parameters": {
    "R_coh": 31.68,
    "R_stop": 42.24,
    "r_factor": 4.0,
    "n_shell_min": 8,
    "n_shell_max": 40,
    "g_floor": 1e-05,
    "coh_radius_factor": 3.0,
    "spillover_mode": "hybrid",
    "spill_weights": [
      0.003359718248282998,
      0.00855203752683184,
      0.013443069475534641,
      0.01711762588869743,
      0.021200923013949616,
      0.02252386917345362,
      0.021949887565126364,
      0.020748946325154758,
      0.01828097040004892,
      0.01309252131922719,
      0.014713728431537624,
      0.01631393213644246,
      0.017881366088366348,
      0.019405522332706142,
      0.02087708428531038,
      0.022287870234894123,
      0.02363078151725448,
      0.024899752065644314,
      0.026089697609780048,
      0.027196463765370757,
      0.028216772848578108,
      0.0291481695987442,
      0.029988966181963037,
      0.03073818693262325,
      0.03139551330707734,
      0.03196122949872332,
      0.032436169114820675,
      0.03282166325461395,
      0.03311949026413456,
      0.030100317527282833,
      0.03052297419609157,
      0.030905932742947558,
      0.031245545271367286,
      0.03153815655059948,
      0.03178013578356753,
      0.03196791193819636,
      0.032098012628425675,
      0.032167106460323024,
      0.032172048674853716,
      0.0321099298214525
    ]
  },
  "budget_factor": 1.0,
  "spillover_mode": "hybrid",
  "spillover_params": {
    "alpha": 0.4,
    "beta": 1.0,
    "gamma": 0.8,
    "delta": 1.8,
    "gcut": 1e-05
  },
  "shell_profile": {
    "centers": [
      0.8705172413793104,
      1.9515517241379312,
      3.0325862068965517,
      4.113620689655173,
      5.194655172413793,
      6.275689655172414,
      7.356724137931035,
      8.437758620689655,
      9.518793103448276,
      10.599827586206896,
      11.680862068965517,
      12.761896551724139,
      13.84293103448276,
      14.92396551724138,
      16.005,
      17.08603448275862,
      18.167068965517238,
      19.248103448275863,
      20.32913793103448,
      21.4101724137931,
      22.491206896551724,
      23.57224137931034,
      24.653275862068966,
      25.734310344827584,
      26.815344827586205,
      27.896379310344827,
      28.977413793103445,
      30.05844827586207,
      31.139482758620687,
      32.09972680086541,
      32.95030228311168,
      33.82341623291211,
      34.71966587241839,
      35.63966424891751,
      36.58404065416471,
      37.55344105482776,
      38.548528534337265,
      39.56998374644499,
      40.61850538080053,
      41.69481064086479
    ],
    "mass": [
      1449.4513517787814,
      2011.6950393815857,
      2100.660479651327,
      1827.6789497267903,
      1781.229831368447,
      1327.1569600885236,
      862.9478914407101,
      551.4828368885644,
      309.3854398558325,
      107.27647269365998,
      118.21717575957291,
      129.15787882548565,
      140.09858189139817,
      151.03928495731114,
      161.9799880232233,
      172.9206910891366,
      183.86139415504934,
      194.80209722096208,
      205.74280028687414,
      216.6835033527875,
      227.6242064187003,
      238.564909484613,
      249.50561255052583,
      260.44631561643854,
      271.38701868235034,
      282.327721748264,
      293.2684248141767,
      304.20912788008945,
      315.1498309460022,
      252.26916502608978,
      265.81550130752544,
      280.08924803815484,
      295.1294656658088,
      310.9773121041794,
      327.67615536242687,
      345.27169222278184,
      363.81207329086106,
      383.3480347609595,
      403.933037256857,
      425.62341212806473
    ]
  },
  "scaling_params": {
    "mass_ref": 60000000000.0,
    "sigma_ref": 30.0,
    "alpha_beta": 0.0,
    "gamma_beta": 0.0,
    "alpha_min": 0.01,
    "alpha_max": 100.0,
    "gamma_min": -5.0,
    "gamma_max": 5.0
  },
  "force_match": false,
  "rms_velocity": 20.837740296482337,
  "n_points": 12,
  "data": [
    {
      "R": 0.33,
      "V_obs": 4.0,
      "V_GR": 22.006537664975834,
      "V_required": 0.0,
      "capacity": 104.229003361636,
      "provided": 0.0,
      "V_model": 22.006537664975834
    },
    {
      "R": 0.99,
      "V_obs": 17.0,
      "V_GR": 47.3813307115788,
      "V_required": 0.0,
      "capacity": 183.88226307994594,
      "provided": 0.0,
      "V_model": 47.3813307115788
    },
    {
      "R": 1.76,
      "V_obs": 33.3,
      "V_GR": 59.84185575331033,
      "V_required": 0.0,
      "capacity": 210.4778865907431,
      "provided": 0.0,
      "V_model": 59.84185575331033
    },
    {
      "R": 2.42,
      "V_obs": 44.9,
      "V_GR": 71.55795553256115,
      "V_required": 0.0,
      "capacity": 234.75032583084254,
      "provided": 0.0,
      "V_model": 71.55795553256115
    },
    {
      "R": 3.19,
      "V_obs": 53.0,
      "V_GR": 81.19579422605582,
      "V_required": 0.0,
      "capacity": 205.1983154110532,
      "provided": 0.0,
      "V_model": 81.19579422605582
    },
    {
      "R": 3.85,
      "V_obs": 60.8,
      "V_GR": 84.24494050089893,
      "V_required": 0.0,
      "capacity": 181.35455024625318,
      "provided": 0.0,
      "V_model": 84.24494050089893
    },
    {
      "R": 4.62,
      "V_obs": 69.0,
      "V_GR": 87.77736496386754,
      "V_required": 0.0,
      "capacity": 165.0597962288286,
      "provided": 0.0,
      "V_model": 87.77736496386754
    },
    {
      "R": 5.28,
      "V_obs": 76.6,
      "V_GR": 91.95699918983871,
      "V_required": 0.0,
      "capacity": 165.32095461574508,
      "provided": 0.0,
      "V_model": 91.95699918983871
    },
    {
      "R": 5.94,
      "V_obs": 85.0,
      "V_GR": 95.6163165992081,
      "V_required": 0.0,
      "capacity": 132.22544610638806,
      "provided": 0.0,
      "V_model": 95.6163165992081
    },
    {
      "R": 7.04,
      "V_obs": 78.1,
      "V_GR": 96.64741072579234,
      "V_required": 0.0,
      "capacity": 81.19080337842449,
      "provided": 0.0,
      "V_model": 96.64741072579234
    },
    {
      "R": 8.8,
      "V_obs": 81.6,
      "V_GR": 94.1119275118728,
      "V_required": 0.0,
      "capacity": 34.60426545915569,
      "provided": 0.0,
      "V_model": 94.1119275118728
    },
    {
      "R": 10.56,
      "V_obs": 84.5,
      "V_GR": 85.84306902714977,
      "V_required": 0.0,
      "capacity": 8.254603695230431,
      "provided": 0.0,
      "V_model": 85.84306902714977
    }
  ]
}