{
  "galaxy": "UGC11914",
  "alpha": 2.8271,
  "gamma": 0.8579,
  "alpha_eff": 2.8271,
  "gamma_eff": 0.8579,
  "alpha_scaling": "constant",
  "gamma_scaling": "constant",
  "shell_mode": "gravity_adaptive",
  "shell_parameters": {
    "R_coh": 29.490000000000002,
    "R_stop": 39.32,
    "r_factor": 4.0,
    "n_shell_min": 8,
    "n_shell_max": 40,
    "g_floor": 1e-05,
    "coh_radius_factor": 3.0,
    "spillover_mode": "hybrid",
    "spill_weights": [
      0.0027173801805429718,
      0.005522631911869156,
      0.007996552925139221,
      0.009614754421297042,
      0.010958897031279924,
      0.01216337479916082,
      0.012888762774200707,
      0.01314398617239863,
      0.012833208586849724,
      0.013038655839225801,
      0.014704180300009306,
      0.016362788740342516,
      0.01800324173184247,
      0.019615262301414842,
      0.02118947109145963,
      0.02271733981084797,
      0.02419115614773069,
      0.025603995735057943,
      0.026949698252710225,
      0.02822284570286621,
      0.02941874152270686,
      0.030533389624611405,
      0.03156347275191649,
      0.03250632975248345,
      0.03335993153014473,
      0.03412285555281538,
      0.03479425888670183,
      0.03537384979583163,
      0.035861857999910686,
      0.03272091484595375,
      0.03329971696902042,
      0.033840803461107224,
      0.03433967680530616,
      0.034791737439477964,
      0.035192317414998245,
      0.03553671944767,
      0.035820261531347694,
      0.0360383271935154,
      0.0361864213596628,
      0.03626023165857219
    ]
  },
  "budget_factor": 1.0,
  "spillover_mode": "hybrid",
  "spillover_params": {
    "alpha": 0.4,
    "beta": 1.0,
    "gamma": 0.8,
    "delta": 1.8,
    "gcut": 1e-05
  },
  "shell_profile": {
    "centers": [
      0.7836206896551725,
      1.7908620689655175,
      2.7981034482758624,
      3.8053448275862074,
      4.812586206896553,
      5.819827586206898,
      6.827068965517242,
      7.834310344827587,
      8.841551724137933,
      9.848793103448276,
      10.856034482758622,
      11.863275862068967,
      12.87051724137931,
      13.877758620689656,
      14.885000000000002,
      15.892241379310347,
      16.899482758620692,
      17.906724137931036,
      18.913965517241383,
      19.92120689655173,
      20.928448275862074,
      21.935689655172418,
      22.94293103448276,
      23.95017241379311,
      24.957413793103452,
      25.9646551724138,
      26.971896551724143,
      27.979137931034487,
      28.98637931034483,
      29.880711595881344,
      30.672487826040513,
      31.485244466811174,
      32.31953745510158,
      33.17593745898287,
      34.055030268033995,
      34.95741719403,
      35.88371548224765,
      36.83455873366991,
      37.810597338377754,
      38.81249892042621
    ],
    "mass": [
      30390.828945291574,
      22837.893394064162,
      19111.320445315592,
      14274.725458051953,
      11229.301448917044,
      9278.96428148429,
      7393.7836012142,
      5675.545436281247,
      4087.1710334759923,
      3370.1777822257854,
      3714.8476805813116,
      4059.517578936849,
      4404.18747729238,
      4748.857375647904,
      5093.527274003444,
      5438.197172358986,
      5782.867070714498,
      6127.53696907005,
      6472.2068674255615,
      6816.876765781117,
      7161.546664136622,
      7506.216562492154,
      7850.886460847712,
      8195.556359203216,
      8540.226257558748,
      8884.896155914312,
      9229.56605426981,
      9574.235952625342,
      9918.905850980871,
      7932.561908694347,
      8358.524198526195,
      8807.359788868933,
      9280.29692900362,
      9778.62982267633,
      10303.722169717428,
      10857.010897838565,
      11440.010094819729,
      12054.315151846502,
      12701.607129335718,
      13383.657357198128
    ]
  },
  "scaling_params": {
    "mass_ref": 60000000000.0,
    "sigma_ref": 30.0,
    "alpha_beta": 0.0,
    "gamma_beta": 0.0,
    "alpha_min": 0.01,
    "alpha_max": 100.0,
    "gamma_min": -5.0,
    "gamma_max": 5.0
  },
  "force_match": false,
  "rms_velocity": 20.214865922971068,
  "n_points": 65,
  "data": [
    {
      "R": 0.28,
      "V_obs": 168.0,
      "V_GR": 215.7164564886045,
      "V_required": 0.0,
      "capacity": 4361.755422475282,
      "provided": 0.07130310641224434,
      "V_model": 215.7164682728998
    },
    {
      "R": 0.37,
      "V_obs": 187.0,
      "V_GR": 227.35200680882497,
      "V_required": 0.0,
      "capacity": 4353.977330371839,
      "provided": 0.07130310641224434,
      "V_model": 227.35201799001695
    },
    {
      "R": 0.47,
      "V_obs": 204.0,
      "V_GR": 236.8777173986612,
      "V_required": 0.0,
      "capacity": 4344.513449219139,
      "provided": 0.07130310641224434,
      "V_model": 236.87772813021695
    },
    {
      "R": 0.56,
      "V_obs": 218.0,
      "V_GR": 243.90546467842825,
      "V_required": 0.0,
      "capacity": 4326.668696131394,
      "provided": 0.07130310641224434,
      "V_model": 243.90547510077135
    },
    {
      "R": 0.65,
      "V_obs": 232.0,
      "V_GR": 249.5503999195353,
      "V_required": 0.0,
      "capacity": 4344.419267174696,
      "provided": 0.07130310641224434,
      "V_model": 249.5504101061206
    },
    {
      "R": 0.75,
      "V_obs": 243.0,
      "V_GR": 255.82125752173138,
      "V_required": 0.0,
      "capacity": 4417.965865881606,
      "provided": 0.07130310641224434,
      "V_model": 255.8212674586165
    },
    {
      "R": 0.84,
      "V_obs": 253.0,
      "V_GR": 262.76000704064535,
      "V_required": 0.0,
      "capacity": 4444.705114435447,
      "provided": 0.07130310641224434,
      "V_model": 262.7600167151254
    },
    {
      "R": 0.93,
      "V_obs": 262.0,
      "V_GR": 270.37450859872126,
      "V_required": 0.0,
      "capacity": 4335.660321170179,
      "provided": 0.07130310641224434,
      "V_model": 270.3745180007409
    },
    {
      "R": 1.03,
      "V_obs": 269.0,
      "V_GR": 277.9479755277955,
      "V_required": 0.0,
      "capacity": 4132.681521285371,
      "provided": 0.07130310641224434,
      "V_model": 277.94798467363097
    },
    {
      "R": 1.12,
      "V_obs": 275.0,
      "V_GR": 283.6972365039885,
      "V_required": 0.0,
      "capacity": 3953.3779025725576,
      "provided": 0.07130310641224434,
      "V_model": 283.6972454644792
    },
    {
      "R": 1.21,
      "V_obs": 280.0,
      "V_GR": 288.4745359646151,
      "V_required": 0.0,
      "capacity": 3753.57700060707,
      "provided": 0.07130310641224434,
      "V_model": 288.47454477671505
    },
    {
      "R": 1.3,
      "V_obs": 284.0,
      "V_GR": 292.2242868072399,
      "V_required": 0.0,
      "capacity": 3581.9046552687,
      "provided": 0.14491193161237373,
      "V_model": 292.22432273763235
    },
    {
      "R": 1.41,
      "V_obs": 287.0,
      "V_GR": 295.78751393525727,
      "V_required": 0.0,
      "capacity": 3405.18596697156,
      "provided": 0.14491193161237373,
      "V_model": 295.78754943281155
    },
    {
      "R": 1.5,
      "V_obs": 289.0,
      "V_GR": 298.1179343816806,
      "V_required": 0.0,
      "capacity": 3280.4874317197705,
      "provided": 0.14491193161237373,
      "V_model": 298.1179696017466
    },
    {
      "R": 1.59,
      "V_obs": 290.0,
      "V_GR": 300.07206401129713,
      "V_required": 0.0,
      "capacity": 3158.600339173047,
      "provided": 0.14491193161237373,
      "V_model": 300.07209900200303
    },
    {
      "R": 1.68,
      "V_obs": 291.0,
      "V_GR": 301.59361349338946,
      "V_required": 0.0,
      "capacity": 3055.1510343194263,
      "provided": 0.14491193161237373,
      "V_model": 301.5936483075661
    },
    {
      "R": 1.78,
      "V_obs": 292.0,
      "V_GR": 302.92868286116453,
      "V_required": 0.0,
      "capacity": 2962.826936447384,
      "provided": 0.14491193161237373,
      "V_model": 302.92871752190797
    },
    {
      "R": 1.87,
      "V_obs": 292.0,
      "V_GR": 303.8764972813791,