{
  "galaxy": "UGC11820",
  "alpha": 2.8271,
  "gamma": 0.8579,
  "alpha_eff": 2.8271,
  "gamma_eff": 0.8579,
  "alpha_scaling": "constant",
  "gamma_scaling": "constant",
  "shell_mode": "gravity_adaptive",
  "shell_parameters": {
    "R_coh": 47.46,
    "R_stop": 63.28,
    "r_factor": 4.0,
    "n_shell_min": 8,
    "n_shell_max": 40,
    "g_floor": 1e-05,
    "coh_radius_factor": 3.0,
    "spillover_mode": "hybrid",
    "spill_weights": [
      0.039330896240260114,
      0.1178812740940702,
      0.15867039094086713,
      0.12240120501666539,
      0.14084364179404815,
      0.13853558336485736,
      0.10062734881815869,
      0.08907085741308853,
      0.06863440945923512,
      0.024004392858749224,
      0.0,
      0.0,
      0.0,
      0.0,
      0.0,
      0.0,
      0.0,
      0.0,
      0.0,
      0.0,
      0.0,
      0.0,
      0.0,
      0.0,
      0.0,
      0.0,
      0.0,
      0.0,
      0.0,
      0.0,
      0.0,
      0.0,
      0.0,
      0.0,
      0.0,
      0.0,
      0.0,
      0.0,
      0.0,
      0.0
    ]
  },
  "budget_factor": 1.0,
  "spillover_mode": "hybrid",
  "spillover_params": {
    "alpha": 0.4,
    "beta": 1.0,
    "gamma": 0.8,
    "delta": 1.8,
    "gcut": 1e-05
  },
  "shell_profile": {
    "centers": [
      1.073793103448276,
      2.701379310344828,
      4.328965517241379,
      5.956551724137931,
      7.584137931034483,
      9.211724137931036,
      10.839310344827586,
      12.466896551724139,
      14.09448275862069,
      15.722068965517245,
      17.349655172413797,
      18.97724137931035,
      20.6048275862069,
      22.23241379310345,
      23.860000000000003,
      25.487586206896555,
      27.115172413793108,
      28.74275862068966,
      30.370344827586212,
      31.99793103448276,
      33.62551724137931,
      35.253103448275866,
      36.88068965517242,
      38.50827586206897,
      40.135862068965515,
      41.76344827586207,
      43.39103448275862,
      45.01862068965517,
      46.646206896551725,
      48.088795264175275,
      49.36304754913134,
      50.671064848927045,
      52.0137418656874,
      53.39199700926848,
      54.80677302546266,
      56.25903764084992,
      57.749784224736324,
      59.280032468632555,
      60.85082908373715,
      62.4632485169016
    ],
    "mass": [
      378.77499075248835,
      602.9282992860676,
      405.3672017740169,
      101.45568836991785,
      84.87698845584042,
      54.73233628656315,
      18.196305742106375,
      10.63259394565325,
      4.6401019762826285,
      0.2937576048662526,
      0.0,
      0.0,
      0.0,
      0.0,
      0.0,
      0.0,
      0.0,
      0.0,
      0.0,
      0.0,
      0.0,
      0.0,
      0.0,
      0.0,
      0.0,
      0.0,
      0.0,
      0.0,
      0.0,
      0.0,
      0.0,
      0.0,
      0.0,
      0.0,
      0.0,
      0.0,
      0.0,
      0.0,
      0.0,
      0.0
    ]
  },
  "scaling_params": {
    "mass_ref": 60000000000.0,
    "sigma_ref": 30.0,
    "alpha_beta": 0.0,
    "gamma_beta": 0.0,
    "alpha_min": 0.01,
    "alpha_max": 100.0,
    "gamma_min": -5.0,
    "gamma_max": 5.0
  },
  "force_match": false,
  "rms_velocity": 18.873334754104476,
  "n_points": 10,
  "data": [
    {
      "R": 0.26,
      "V_obs": 16.0,
      "V_GR": 8.56080603681686,
      "V_required": 13.517122474846486,
      "capacity": 67.76900868763207,
      "provided": 2.076609503237254,
      "V_model": 8.809069589288944
    },
    {
      "R": 0.44,
      "V_obs": 18.9,
      "V_GR": 13.899989208628904,
      "V_required": 12.80626018789248,
      "capacity": 102.01203352811126,
      "provided": 1.9674010986135162,
      "V_model": 14.038531514472076
    },
    {
      "R": 0.61,
      "V_obs": 25.8,
      "V_GR": 18.306307656105858,
      "V_required": 18.180184267493,
      "capacity": 105.87615047274292,
      "provided": 2.792986709318778,
      "V_model": 18.518144473959353
    },
    {
      "R": 0.79,
      "V_obs": 35.8,
      "V_GR": 21.501744115303765,
      "V_required": 28.62367900882065,
      "capacity": 106.8608588927458,
      "provided": 4.3974007010693095,
      "V_model": 21.946802339424416
    },
    {
      "R": 1.01,
      "V_obs": 44.1,
      "V_GR": 24.66112122349671,
      "V_required": 36.560075218741005,
      "capacity": 98.87543972279302,
      "provided": 5.616653971996258,
      "V_model": 25.29264125869699
    },
    {
      "R": 5.26,
      "V_obs": 59.65,
      "V_GR": 31.69502326864582,
      "V_required": 50.53264291524835,
      "capacity": 21.971834544056076,
      "provided": 52.441954438798916,
      "V_model": 61.27587686325722
    },
    {
      "R": 7.91,
      "V_obs": 69.15,
      "V_GR": 37.47802822988424,
      "V_required": 58.11299252318711,
      "capacity": 15.752221474528785,
      "provided": 60.34348963273965,
      "V_model": 71.03477557546414
    },
    {
      "R": 10.52,
      "V_obs": 76.95,
      "V_GR": 41.62271014722612,
      "V_required": 64.72134501074588,
      "capacity": 3.6170569560157606,
      "provided": 43.11309550670279,
      "V_model": 59.926530052807806
    },
    {
      "R": 13.14,
      "V_obs": 81.25,
      "V_GR": 40.18765233252622,
      "V_required": 70.61526109843395,
      "capacity": 1.1829227635854926,
      "provided": 38.16179624739774,
      "V_model": 55.41994309657761
    },
    {
      "R": 15.82,
      "V_obs": 84.45,
      "V_GR": 39.25197192498741,
      "V_required": 74.77355949799369,
      "capacity": 0.0,
      "provided": 10.284517022999582,
      "V_model": 40.57694653859957
    }
  ]
}