{
  "galaxy": "UGCA442",
  "alpha": 2.8271,
  "gamma": 0.8579,
  "alpha_eff": 2.8271,
  "gamma_eff": 0.8579,
  "alpha_scaling": "constant",
  "gamma_scaling": "constant",
  "shell_mode": "gravity_adaptive",
  "shell_parameters": {
    "R_coh": 18.990000000000002,
    "R_stop": 25.32,
    "r_factor": 4.0,
    "n_shell_min": 8,
    "n_shell_max": 40,
    "g_floor": 1e-05,
    "coh_radius_factor": 3.0,
    "spillover_mode": "hybrid",
    "spill_weights": [
      0.046527863862246874,
      0.08801841656254379,
      0.11604777149104528,
      0.12652639742730562,
      0.12794471359371576,
      0.13901896801316208,
      0.13856914602044312,
      0.12448991610698261,
      0.09285680692255502,
      0.0,
      0.0,
      0.0,
      0.0,
      0.0,
      0.0,
      0.0,
      0.0,
      0.0,
      0.0,
      0.0,
      0.0,
      0.0,
      0.0,
      0.0,
      0.0,
      0.0,
      0.0,
      0.0,
      0.0,
      0.0,
      0.0,
      0.0,
      0.0,
      0.0,
      0.0,
      0.0,
      0.0,
      0.0,
      0.0,
      0.0
    ]
  },
  "budget_factor": 1.0,
  "spillover_mode": "hybrid",
  "spillover_params": {
    "alpha": 0.4,
    "beta": 1.0,
    "gamma": 0.8,
    "delta": 1.8,
    "gcut": 1e-05
  },
  "shell_profile": {
    "centers": [
      0.7401724137931034,
      1.3805172413793103,
      2.020862068965517,
      2.6612068965517244,
      3.301551724137931,
      3.941896551724138,
      4.582241379310345,
      5.222586206896552,
      5.8629310344827585,
      6.503275862068966,
      7.143620689655172,
      7.78396551724138,
      8.424310344827585,
      9.064655172413794,
      9.705000000000002,
      10.345344827586207,
      10.985689655172415,
      11.62603448275862,
      12.266379310344828,
      12.906724137931036,
      13.54706896551724,
      14.187413793103449,
      14.827758620689657,
      15.468103448275862,
      16.10844827586207,
      16.74879310344828,
      17.389137931034483,
      18.029482758620695,
      18.6698275862069,
      19.241597599382395,
      19.75145960720615,
      20.27483188961493,
      20.812072440568976,
      21.36354874011817,
      21.9296380057635,
      22.510727450479138,
      23.107214547571488,
      23.719507302556515,
      24.348024532241226,
      24.9931961512002
    ],
    "mass": [
      26.95916446543588,
      29.8611144234886,
      24.96868286827538,
      17.293726085547895,
      11.752927669820009,
      10.606733811747581,
      8.34881800413356,
      5.411459702620764,
      2.3331526316719864,
      0.0,
      0.0,
      0.0,
      0.0,
      0.0,
      0.0,
      0.0,
      0.0,
      0.0,
      0.0,
      0.0,
      0.0,
      0.0,
      0.0,
      0.0,
      0.0,
      0.0,
      0.0,
      0.0,
      0.0,
      0.0,
      0.0,
      0.0,
      0.0,
      0.0,
      0.0,
      0.0,
      0.0,
      0.0,
      0.0,
      0.0
    ]
  },
  "scaling_params": {
    "mass_ref": 60000000000.0,
    "sigma_ref": 30.0,
    "alpha_beta": 0.0,
    "gamma_beta": 0.0,
    "alpha_min": 0.01,
    "alpha_max": 100.0,
    "gamma_min": -5.0,
    "gamma_max": 5.0
  },
  "force_match": false,
  "rms_velocity": 14.081280056310046,
  "n_points": 8,
  "data": [
    {
      "R": 0.42,
      "V_obs": 14.2,
      "V_GR": 6.823877197019302,
      "V_required": 12.452899260814727,
      "capacity": 5.847300556841402,
      "provided": 14.67711818731764,
      "V_model": 16.18589195208254
    },
    {
      "R": 1.26,
      "V_obs": 28.6,
      "V_GR": 16.983438992147615,
      "V_required": 23.011362410774378,
      "capacity": 7.859448805133956,
      "provided": 27.76522701265114,
      "V_model": 32.54758103245236
    },
    {
      "R": 2.11,
      "V_obs": 41.0,
      "V_GR": 23.897332487120817,
      "V_required": 33.31542435569447,
      "capacity": 5.743716075569811,
      "provided": 36.60702891049619,
      "V_model": 43.716782425676115
    },
    {
      "R": 2.96,
      "V_obs": 49.0,
      "V_GR": 26.06301018685294,
      "V_required": 41.49360794146491,
      "capacity": 2.7592406725377407,
      "provided": 39.912489736347176,
      "V_model": 47.66851515365271
    },
    {
      "R": 3.79,
      "V_obs": 54.8,
      "V_GR": 26.048147726853824,
      "V_required": 48.213421367913725,
      "capacity": 2.4180674603695507,
      "provided": 43.853245226323565,
      "V_model": 51.00601059561579
    },
    {
      "R": 4.65,
      "V_obs": 56.4,
      "V_GR": 24.671963845628504,
      "V_required": 50.71739543785741,
      "capacity": 1.6867720537235034,
      "provided": 43.711349811353784,
      "V_model": 50.1935045830687
    },
    {
      "R": 5.48,
      "V_obs": 57.8,
      "V_GR": 22.265994251324148,
      "V_required": 53.33915541138611,
      "capacity": 0.7941943123912765,
      "provided": 39.27008592616714,
      "V_model": 45.143262494513515
    },
    {
      "R": 6.33,
      "V_obs": 56.5,
      "V_GR": 19.832975066792173,
      "V_required": 52.904660475236014,
      "capacity": 0.0,
      "provided": 0.0,
      "V_model": 19.832975066792173
    }
  ]
}