{
  "galaxy": "UGCA444",
  "alpha": 2.8271,
  "gamma": 0.8579,
  "alpha_eff": 2.8271,
  "gamma_eff": 0.8579,
  "alpha_scaling": "constant",
  "gamma_scaling": "constant",
  "shell_mode": "gravity_adaptive",
  "shell_parameters": {
    "R_coh": 7.86,
    "R_stop": 10.48,
    "r_factor": 4.0,
    "n_shell_min": 8,
    "n_shell_max": 40,
    "g_floor": 1e-05,
    "coh_radius_factor": 3.0,
    "spillover_mode": "hybrid",
    "spill_weights": [
      0.02816638342537325,
      0.06686076192357752,
      0.09514097992015404,
      0.11795154806017061,
      0.13330019401393906,
      0.1413729601546137,
      0.14303123982654603,
      0.14020359005206284,
      0.13397234262356306,
      0.0,
      0.0,
      0.0,
      0.0,
      0.0,
      0.0,
      0.0,
      0.0,
      0.0,
      0.0,
      0.0,
      0.0,
      0.0,
      0.0,
      0.0,
      0.0,
      0.0,
      0.0,
      0.0,
      0.0,
      0.0,
      0.0,
      0.0,
      0.0,
      0.0,
      0.0,
      0.0,
      0.0,
      0.0,
      0.0,
      0.0
    ]
  },
  "budget_factor": 1.0,
  "spillover_mode": "hybrid",
  "spillover_params": {
    "alpha": 0.4,
    "beta": 1.0,
    "gamma": 0.8,
    "delta": 1.8,
    "gcut": 1e-05
  },
  "shell_profile": {
    "centers": [
      0.253448275862069,
      0.5203448275862069,
      0.7872413793103449,
      1.054137931034483,
      1.321034482758621,
      1.5879310344827589,
      1.8548275862068968,
      2.121724137931035,
      2.3886206896551725,
      2.655517241379311,
      2.9224137931034484,
      3.189310344827587,
      3.4562068965517243,
      3.7231034482758627,
      3.9900000000000007,
      4.256896551724139,
      4.523793103448276,
      4.7906896551724145,
      5.057586206896552,
      5.32448275862069,
      5.591379310344828,
      5.858275862068966,
      6.125172413793104,
      6.392068965517242,
      6.65896551724138,
      6.925862068965518,
      7.192758620689656,
      7.459655172413794,
      7.726551724137932,
      7.964136763093503,
      8.175169695241726,
      8.391794557786906,
      8.61415952516441,
      8.842416698121578,
      9.07672220775677,
      9.317236322315217,
      9.564123556814735,
      9.81755278557631,
      10.077697357736492,
      10.344735215820618
    ],
    "mass": [
      1.0705967028007413,
      1.7807763607017386,
      1.7836638619163754,
      1.7215075648219644,
      1.567749999865904,
      1.365817236885927,
      1.148882927141949,
      0.9502440797571788,
      0.774091486513354,
      0.0,
      0.0,
      0.0,
      0.0,
      0.0,
      0.0,
      0.0,
      0.0,
      0.0,
      0.0,
      0.0,
      0.0,
      0.0,
      0.0,
      0.0,
      0.0,
      0.0,
      0.0,
      0.0,
      0.0,
      0.0,
      0.0,
      0.0,
      0.0,
      0.0,
      0.0,
      0.0,
      0.0,
      0.0,
      0.0,
      0.0
    ]
  },
  "scaling_params": {
    "mass_ref": 60000000000.0,
    "sigma_ref": 30.0,
    "alpha_beta": 0.0,
    "gamma_beta": 0.0,
    "alpha_min": 0.01,
    "alpha_max": 100.0,
    "gamma_min": -5.0,
    "gamma_max": 5.0
  },
  "force_match": false,
  "rms_velocity": 6.904163865263495,
  "n_points": 36,
  "data": [
    {
      "R": 0.12,
      "V_obs": 6.48,
      "V_GR": 2.296867431960321,
      "V_required": 6.05927388389071,
      "capacity": 1.0392971456593574,
      "provided": 3.995994124850017,
      "V_model": 4.609074640948642
    },
    {
      "R": 0.19,
      "V_obs": 8.6,
      "V_GR": 2.2887769659798662,
      "V_required": 8.289843183076504,
      "capacity": 1.8404777741567877,
      "provided": 5.467018868972315,
      "V_model": 5.926786255104813
    },
    {
      "R": 0.26,
      "V_obs": 10.2,
      "V_GR": 3.2727358585745967,
      "V_required": 9.660703908101107,
      "capacity": 1.730858777177755,
      "provided": 6.3710795713197905,
      "V_model": 7.162503396445154
    },
    {
      "R": 0.33,
      "V_obs": 11.7,
      "V_GR": 4.2304136913545465,
      "V_required": 10.908418767172444,
      "capacity": 1.9475892544985325,
      "provided": 7.193927546486027,
      "V_model": 8.34559725508549
    },
    {
      "R": 0.4,
      "V_obs": 12.7,
      "V_GR": 5.115310352266029,
      "V_required": 11.624267718871584,
      "capacity": 1.8114239784806259,
      "provided": 11.70374823372783,
      "V_model": 12.772788368969685
    },
    {
      "R": 0.47,
      "V_obs": 14.1,
      "V_GR": 6.122360655825497,
      "V_required": 12.701444799706842,
      "capacity": 2.4914218818424847,
      "provided": 12.788290474334584,
      "V_model": 14.178281745541549
    },
    {
      "R": 0.55,
      "V_obs": 16.0,
      "V_GR": 7.487062174177533,
      "V_required": 14.140152050101864,
      "capacity": 2.698892504133483,
      "provided": 14.23683483410753,
      "V_model": 16.085507952615533
    },
    {
      "R": 0.62,
      "V_obs": 18.1,
      "V_GR": 8.782767217682592,
      "V_required": 15.826338805927291,
      "capacity": 2.3747213632745234,
      "provided": 15.934550831579655,
      "V_model": 18.1946945619924
    },
    {
      "R": 0.69,
      "V_obs": 21.2,
      "V_GR": 10.003929228058343,
      "V_required": 18.691211838722495,
      "capacity": 2.2558270431850636,
      "provided": 18.709963126965153,
      "V_model": 21.216534123470677
    },
    {
      "R": 0.76,
      "V_obs": 21.6,
      "V_GR": 11.087474915416944,
      "V_required": 18.537203133159007,
      "capacity": 2.4645029363034254,
      "provided": 18.555799917688645,
      "V_model": 21.615961939855787
    },
    {
      "R": 0.83,
      "V_obs": 23.3,
      "V_GR": 12.301174740649772,
      "V_required": 19.788155548206102,
      "capacity": 2.4623452982995815,
      "provided": 19.808007305902535,
      "V_model": 23.316861997933774
    },
    {
      "R": 0.9,
      "V_obs": 24.5,
      "V_GR": 13.121528112228392,
      "V_required": 20.68998550023658,
      "capacity": 2.3892486981094567,
      "provided": 20.710741986503972,
      "V_model": 24.517531148782872
    },
    {
      "R": 0.97,
      "V_obs": 24.4,
      "V_GR": 13.838410313327177,
      "V_required": 20.09622850188562,
      "capacity": 2.346852964149521,
      "provided": 31.573189095604697,
      "V_model": 34.47271195694953
    },
    {
      "R": 1.04,
      "V_obs": 25.3,
      "V_GR": 14.451608906969495,
      "V_required": 20.76634296162904,
      "capacity": 2.278608256106183,
      "provided": 32.626006073237726,
      "V_model": 35.68340331710171
    },
    {
      "R": 1.11,
      "V_obs": 25.4,
      "V_GR": 14.973459854021716,
      "V_required": 20.517200101378354,
      "capacity": 2.2094672587709776,
      "provided": 32.234577669755126,
      "V_model": 35.542544894076954
    },
    {
      "R": 1.19,
      "V_obs": 25.9,
      "V_GR": 15.400422072138154,
      "V_required": 20.823952554690475,
      "capacity": 2.1328482307169194,
      "provided": 25.72273804851165,
      "V_model": 29.980531227987758
    },
    {
      "R": 1.26,
      "V_obs": 26.7,
      "V_GR": 15.612280422795383,
      "V_required": 21.65979455119554,
      "capacity": 2.045436516989452,
      "provided": 26.755209894074035,
      "V_model": 30.977161853145248
    },
    {
      "R": 1.33,
      "V_obs": 27.1,
      "V_GR": 15.824139787046876,
      "V_required": 22.000149999488645,
      "capacity": 1.9676162165131283,
      "provided": 27.175633155068038,
      "V_model": 31.447073590062924
    },
    {
      "R": 1.4,
      "V_obs": 28.6,
      "V_GR": 15.94420898006546,
      "V_required": 23.743255884566466,
      "capacity": 1.8740874959985352,
      "provided": 29.328800569127306,
      "V_model": 33.38257543724933
    },
    {
      "R": 1.48,
      "V_obs": 28.9,
      "V_GR": 16.067535591994186,
      "V_required": 24.02174639779548,
      "capacity": 1.7746900505176604,
      "provided": 27.336268615107684,
      "V_model": 31.708631030010128
    },
    {
      "R": 1.55,
      "V_obs": 30.4,
      "V_GR": 16.175057959710685,
      "V_required": 25.739609554148252,