{
  "n_galaxies": 50,
  "ell0": {
    "mean": 1.689160003284133,
    "median": 1.2465000282219303,
    "std": 1.5045203919577272,
    "min": 0.17900001007826408,
    "max": 7.112000000000048,
    "percentiles": {
      "25": 0.8102500173698649,
      "75": 1.7892500000168607
    }
  },
  "A": {
    "mean": 0.6473229782507534,
    "median": 0.6796168405199787,
    "std": 0.17127398945874428,
    "min": 0.14916219988884985,
    "max": 0.9407230323223662
  },
  "p": {
    "mean": 0.10000000000000017,
    "median": 0.10000000000000002,
    "std": 1.3274247313046473e-15
  },
  "n": {
    "mean": 1.9999999968833433,
    "median": 1.9999999999825757,
    "std": 7.759183191911938e-09
  },
  "fit_quality": {
    "mean_relative_rms": 0.026253898316594464,
    "median_relative_rms": 0.027436351822712247,
    "max_relative_rms": 0.04529361003091203
  },
  "comparison": {
    "empirical_ell0_kpc": 5.0,
    "empirical_A": 0.6,
    "empirical_p": 0.757,
    "empirical_n": 0.5
  }
}