{
  "cluster": "ABELL_1689",
  "R_kpc": [
    7.64,
    22.92,
    38.2,
    53.48,
    68.76,
    84.04,
    99.32,
    114.6,
    129.88,
    145.16000000000005,
    160.44,
    175.72,
    191.0,
    206.28000000000003,
    221.56,
    236.84,
    252.12,
    267.4,
    282.68000000000006,
    297.96,
    313.23999999999995,
    328.52000000000004,
    343.8,
    359.0799999999999,
    374.36,
    389.64,
    404.92,
    420.2000000000001,
    435.48,
    450.76,
    466.045,
    481.33,
    496.61,
    511.88999999999993,
    527.1700000000001,
    542.4499999999999,
    557.73,
    573.01,
    588.29,
    603.5699999999999,
    618.85,
    634.13,
    649.4100000000001,
    664.69,
    679.9699999999999,
    695.25,
    710.53,
    725.8100000000001,
    741.09,
    756.37,
    771.65,
    786.9300000000001,
    802.2099999999999,
    817.49,
    832.77,
    848.05,
    863.3299999999999,
    878.61,
    893.8900000000001,
    909.17
  ],
  "K": [
    0.8209535405167373,
    0.820953540826052,
    0.8209535411353664,
    0.8209535414446811,
    0.8209535417539957,
    0.8209535420633103,
    0.8209535423726247,
    0.8209535426819393,
    0.8209535429912539,
    0.8209535433005685,
    0.820953543609883,
    0.8209535439191976,
    0.8209535442285122,
    0.8209535445378268,
    0.8209535448471413,
    0.8209535451564558,
    0.8209535454657704,
    0.820953545775085,
    0.8209535460843995,
    0.8209535463937141,
    0.8209535467030286,
    0.8209535470123431,
    0.8209535473216577,
    0.8209535476309722,
    0.8209535479402867,
    0.8209535482496013,
    0.8209535485589159,
    0.8209535488682304,
    0.8209535491775448,
    0.8209535494868594,
    0.8209535497962752,
    0.8209535501056908,
    0.8209535504150054,
    0.82095355072432,
    0.8209535510336344,
    0.820953551342949,
    0.8209535516522635,
    0.820953551961578,
    0.8209535522708925,
    0.820953552580207,
    0.8209535528895215,
    0.820953553198836,
    0.8209535535081505,
    0.820953553817465,
    0.8209535541267795,
    0.820953554436094,
    0.8209535547454085,
    0.820953555054723,
    0.8209535553640375,
    0.8209535556733519,
    0.8209535559826664,
    0.820953556291981,
    0.8209535566012954,
    0.8209535569106099,
    0.8209535572199244,
    0.8209535575292388,
    0.8209535578385533,
    0.8209535581478677,
    0.8209535584571823,
    0.8209535587664967
  ],
  "Xi": [
    0.8522329785746763,
    1.6372847775818875,
    1.4743728528038131,
    1.4016779846844654,
    1.386027913565938,
    1.3952086962857815,
    1.4133737338589893,
    1.4374832644404163,
    1.4595093602089495,
    1.488173289025365,
    1.518016537723703,
    1.5483480992765506,
    1.5866808562373502,
    1.6193448017090173,
    1.647607485164134,
    1.677523194500718,
    1.7033310747427142,
    1.7291794860192964,
    1.7555427197092097,
    1.7822736916972077,
    1.8038421158968865,
    1.817330587942961,
    1.8320286234890475,
    1.8511377825677937,
    1.8707595767349678,
    1.8876914057305494,
    1.902421250097758,
    1.9207332267348387,
    1.9383611400361735,
    1.947118265142593,
    1.9575798614442992,
    1.9680057540550944,
    1.9772134479196497,
    1.9881768562680704,
    2.004356449511679,
    2.0122199376113428,
    2.015015458813863,
    2.028712623593805,
    2.0388805133384778,
    2.044590810569567,
    2.0525169585454077,
    2.0593242388261963,
    2.064601318842184,
    2.0663747478663237,
    2.07309421027372,
    2.0861987148687917,
    2.0896204975721875,
    2.0881402035357723,
    2.0912071597642967,
    2.0976264857726936,
    2.105016995557836,
    2.1012829869321177,
    2.0986150897330056,
    2.108013846402601,
    2.1154211220603814,
    2.1213777413943338,
    2.1264800268534594,
    2.1296089332388197,
    2.1330837944632592,
    2.1389837050387417
  ],
  "kappa_bar": [
    67.95718858528068,
    280.4110325583142,
    292.1019218770968,
    297.18908546315055,
    300.64575994310803,
    303.23868736499514,
    305.15723695647455,
    306.75907298379525,
    308.1863623166988,
    309.292783182064,
    310.101798937726,
    310.8671277280164,
    312.07017395936555,
    312.15445670957223,
    313.1106671378306,
    314.121919383806,
    314.3999388385067,
    315.28081898092546,
    314.51214481286536,
    315.68472159678083,
    315.7816755444614,
    315.7087141596585,
    317.1896944645089,
    317.89563730763,
    317.6080217774349,
    318.3367967103594,
    318.90715012576413,
    318.72526171270465,
    317.97450937122017,
    316.4271414308475,
    317.14279715765497,
    318.1881525951449,
    318.84857686671126,
    319.0017142285715,
    318.66040956034266,
    317.84565876583133,
    316.69931310154357,
    316.5042143853056,
    318.23671617730554,
    319.726168204411,
    320.9167413673519,
    321.85317194973555,
    322.6796815651505,
    323.19968002090974,
    323.4950673434675,
    323.5258048812643,
    323.25117835988533,
    322.68182890320674,
    321.83179728856817,
    320.69312472407205,
    322.0380362602079,
    323.16422395428003,
    324.10705965306704,
    324.90756737625736,
    325.52234481753106,
    325.98514014362894,
    326.2581889484011,
    326.34105909116494,
    326.30974378588377,
    326.104702281412
  ],
  "kappa_eff": [
    123.74688315793045,
    510.6154626237516,
    531.9040290145456,
    541.16751765283,
    547.4619613817241,
    552.1835618479167,
    555.6771516165348,
    558.5940206996695,
    561.193048362179,
    563.2077894526739,
    564.6809696554517,
    566.0745979243133,
    568.2652893193151,
    568.4187643885751,
    570.159979254086,
    572.001422713292,
    572.5076833222001,
    574.1117252381889,
    572.7120053835973,
    574.8472133339703,
    575.023762066512,
    574.8909028717361,
    577.5876993090202,
    578.8731885317377,
    578.3494541099159,
    579.6765195081409,
    580.7151066823211,
    580.383896429705,
    579.0168113875119,
    576.1991263424821,
    577.5023022765519,
    579.4058460697004,
    580.6084480902097,
    580.887304211662,
    580.2658043627383,
    578.7821811085796,
    576.6947389980879,
    576.339473395731,
    579.4942787860883,
    582.206501844679,
    584.3744803746072,
    586.0796770701869,
    587.5847127909392,
    588.5316059267432,
    589.069492621569,
    589.1254643503364,
    588.6253823100752,
    587.5886234928541,
    586.0407555018164,
    583.9672857462967,
    586.4163072897004,
    588.4670428758844,
    590.1839029948407,
    591.6415904809695,
    592.7610717500539,
    593.6038006462086,
    594.1010099395539,
    594.2519127218004,
    594.1948891061564,
    593.8215181498261
  ],