{
  "cluster": "ABELL_1689",
  "R_kpc": [
    7.64,
    22.92,
    38.2,
    53.48,
    68.76,
    84.04,
    99.32,
    114.6,
    129.88,
    145.16000000000005,
    160.44,
    175.72,
    191.0,
    206.28000000000003,
    221.56,
    236.84,
    252.12,
    267.4,
    282.68000000000006,
    297.96,
    313.23999999999995,
    328.52000000000004,
    343.8,
    359.0799999999999,
    374.36,
    389.64,
    404.92,
    420.2000000000001,
    435.48,
    450.76,
    466.045,
    481.33,
    496.61,
    511.88999999999993,
    527.1700000000001,
    542.4499999999999,
    557.73,
    573.01,
    588.29,
    603.5699999999999,
    618.85,
    634.13,
    649.4100000000001,
    664.69,
    679.9699999999999,
    695.25,
    710.53,
    725.8100000000001,
    741.09,
    756.37,
    771.65,
    786.9300000000001,
    802.2099999999999,
    817.49,
    832.77,
    848.05,
    863.3299999999999,
    878.61,
    893.8900000000001,
    909.17
  ],
  "K": [
    0.8209535405167373,
    0.820953540826052,
    0.8209535411353664,
    0.8209535414446811,
    0.8209535417539957,
    0.8209535420633103,
    0.8209535423726247,
    0.8209535426819393,
    0.8209535429912539,
    0.8209535433005685,
    0.820953543609883,
    0.8209535439191976,
    0.8209535442285122,
    0.8209535445378268,
    0.8209535448471413,
    0.8209535451564558,
    0.8209535454657704,
    0.820953545775085,
    0.8209535460843995,
    0.8209535463937141,
    0.8209535467030286,
    0.8209535470123431,
    0.8209535473216577,
    0.8209535476309722,
    0.8209535479402867,
    0.8209535482496013,
    0.8209535485589159,
    0.8209535488682304,
    0.8209535491775448,
    0.8209535494868594,
    0.8209535497962752,
    0.8209535501056908,
    0.8209535504150054,
    0.82095355072432,
    0.8209535510336344,
    0.820953551342949,
    0.8209535516522635,
    0.820953551961578,
    0.8209535522708925,
    0.820953552580207,
    0.8209535528895215,
    0.820953553198836,
    0.8209535535081505,
    0.820953553817465,
    0.8209535541267795,
    0.820953554436094,
    0.8209535547454085,
    0.820953555054723,
    0.8209535553640375,
    0.8209535556733519,
    0.8209535559826664,
    0.820953556291981,
    0.8209535566012954,
    0.8209535569106099,
    0.8209535572199244,
    0.8209535575292388,
    0.8209535578385533,
    0.8209535581478677,
    0.8209535584571823,
    0.8209535587664967
  ],
  "Xi": [
    0.8522329785746763,
    1.6372847775818875,
    1.4743728528038131,
    1.4016779846844654,
    1.386027913565938,
    1.3952086962857815,
    1.4133737338589893,
    1.4374832644404163,
    1.4595093602089495,
    1.488173289025365,
    1.518016537723703,
    1.5483480992765506,
    1.5866808562373502,
    1.6193448017090173,
    1.647607485164134,
    1.677523194500718,
    1.7033310747427142,
    1.7291794860192964,
    1.7555427197092097,
    1.7822736916972077,
    1.8038421158968865,
    1.817330587942961,
    1.8320286234890475,
    1.8511377825677937,
    1.8707595767349678,
    1.8876914057305494,
    1.902421250097758,
    1.9207332267348387,
    1.9383611400361735,
    1.947118265142593,
    1.9575798614442992,
    1.9680057540550944,
    1.9772134479196497,
    1.9881768562680704,
    2.004356449511679,
    2.0122199376113428,
    2.015015458813863,
    2.028712623593805,
    2.0388805133384778,
    2.044590810569567,
    2.0525169585454077,
    2.0593242388261963,
    2.064601318842184,
    2.0663747478663237,
    2.07309421027372,
    2.0861987148687917,
    2.0896204975721875,
    2.0881402035357723,
    2.0912071597642967,
    2.0976264857726936,
    2.105016995557836,
    2.1012829869321177,
    2.0986150897330056,
    2.108013846402601,
    2.1154211220603814,
    2.1213777413943338,
    2.1264800268534594,
    2.1296089332388197,
    2.1330837944632592,
    2.1389837050387417
  ],
  "Sigma_bar_msun_kpc2": [
    208268714.63158765,
    859377006.8364161,
    895206130.1714327,
    910796784.276531,
    921390470.7698607,
    929337027.6026487,
    935216815.5352077,
    940125969.9220464,
    944500190.2357395,
    947891043.4518344,
    950370437.8331513,
    952715944.5667664,
    956402925.9952438,
    956661227.7351565,
    959591730.3200417,
    962690919.821875,
    963542967.3488327,
    966242604.853345,
    963886845.5247865,
    967480447.0947876,
    967777582.3130368,
    967553977.2147832,
    972092744.5020559,
    974256250.8448131,
    973374794.1802742,
    975608274.135753,
    977356238.9233634,
    976798804.650656,
    974497970.4280717,
    969755744.6428021,
    971949018.1057544,
    975152723.8185937,
    977176729.181588,
    977646049.9728193,
    976600051.9551032,
    974103081.3733228,
    970589870.4386902,
    969991950.4878645,
    975301556.856644,
    979866287.470851,
    983515042.6280688,
    986384925.8265182,
    988917933.72188,
    990511575.4284595,
    991416850.3415082,
    991511051.8177781,
    990669402.6294869,
    988924514.6788938,
    986319418.802174,
    982829723.6524657,
    986951480.3459861,
    990402913.0547419,
    993292426.0434777,
    995745745.8177689,
    997629857.1258447,
    999048188.132622,
    999885002.0854273,
    1000138974.6006838,
    1000043002.4376945,
    999414610.777129
  ],
  "kappa_eff": [
    177.08645126545818,
    730.7099615746201,
    761.1747020066153,
    774.4311031977314,
    783.4386892814747,
    790.1954774082857,
    795.194935968485,
    799.3690855030558,
    803.0883919918274,
    805.9715623863423,
    808.0797387502795,
    810.0740733001119,
    813.2090352083123,
    813.4286638137316,
    815.9204078767353,
    818.5555828328643,
    819.2800608347272,
    821.575505239747,
    819.5724534012688,
    822.6280164101795,
    822.8806642969251,
    822.6905377844794,
    826.5497550728411,
    828.3893385741121,
    827.6398548877422,
    829.5389354623127,
    831.0251928314833,
    830.5512184835098,
    828.5948682909067,
    824.5626548510638,
    826.4275487025271,
    829.1515915758079,
    830.8725603684103,
    831.2716139825417,
    830.3822242872275,
    828.2591035233811,
    825.2718952306496,
    824.7634967710472,
    829.2781421241632,
    833.1594354887256,
    836.2618944314265,
    838.7020951364772,
    840.855857946613,
    842.2108976928113,
    842.9806338149571,
    843.0607314672427,
    842.3450952298563,
    840.861454308367,
    838.6463969059882,
    835.6791835795514,
    839.1838256612475,
    842.1185055349833,
    844.5753970382394,
    846.6614027410512,
    848.2634226072591,
    849.4693994027185,
    850.1809246310538,
    850.3968721968604,
    850.3152692548307,
    849.780961351675
  ],
  "R_Einstein_kpc": 200.0,
  "K_E": 0.8209535445378268,
  "Xi_E": 1.6193448017090173,
  "kappa_eff_E": 813.4286638137316,
  "Sigma_crit_msun_kpc2": 2141596.099403197
}