{
  "sigma_v": {
    "column": "sigma_velocity",
    "n_points": 158,
    "pearson_r": -0.4826631388474156,
    "pearson_p": 1.3429271401914746e-10,
    "spearman_r": -0.584785998443941,
    "spearman_p": 7.169186105185303e-16,
    "mean_x": 17.947713607594938,
    "mean_y": 10.300196308663441
  },
  "R_d": {
    "column": "R_disk",
    "n_points": 158,
    "pearson_r": -0.38584930199845485,
    "pearson_p": 5.534116364807619e-07,
    "spearman_r": -0.48908996454914055,
    "spearman_p": 7.008841394906758e-11,
    "mean_x": 19.802405063291136,
    "mean_y": 10.300196308663441
  },
  "bulge_frac": {
    "column": "bulge_frac",
    "n_points": 158,
    "pearson_r": -0.25488800128211425,
    "pearson_p": 0.0012292446191883085,
    "spearman_r": -0.44177727254892313,
    "spearman_p": 6.22067872185121e-09,
    "mean_x": 0.04169081027110931,
    "mean_y": 10.300196308663441
  }
}