{
  "params": {
    "K_max": 19.57930398546255,
    "psi0": 7.341069194443235e-08,
    "gamma": 0.13612408466986414,
    "R_eff_factor": 1.3328646874660774
  },
  "rms": 11.050532581462601,
  "correlation": 0.22515324420403773,
  "n_galaxies": 158,
  "n_valid": 158
}