{
  "R_AU": [
    1.0,
    10.0,
    1000.0,
    10000.0
  ],
  "R_kpc": [
    4.848132257047972e-09,
    4.848132257047972e-08,
    4.848132257047972e-06,
    4.8481322570479725e-05
  ],
  "K": [
    4.825347672635005e-28,
    2.598578736892439e-23,
    2.441115022629748e-14,
    2.441115022628436e-10
  ],
  "ell_coh_kpc": [
    3.5919944731072275e-07,
    3.5944007488696965e-07,
    1.7005792900816857e-06,
    1.7005792900844602e-05
  ],
  "tau_coh_yr": [
    0.0316668735159261,
    0.03168808714272454,
    0.14992236120072827,
    1.4992236120097286
  ],
  "max_K": 2.441115022628436e-10,
  "safety_check": {
    "max_K_acceptable": 1e-06,
    "passed": true
  }
}