{
  "by_fraction_improved": {
    "extra_amp": 0.0,
    "F_max": 3.0,
    "frac_improved": 0.7454545454545455,
    "mean_delta_rms": -1.0513836777292673,
    "mean_K_total": 0.1942931461630157
  },
  "by_mean_delta_rms": {
    "extra_amp": 0.0,
    "F_max": 3.0,
    "mean_delta_rms": -1.0513836777292673,
    "frac_improved": 0.7454545454545455,
    "mean_K_total": 0.1942931461630157
  },
  "by_median_delta_rms": {
    "extra_amp": 0.5,
    "F_max": 7.0,
    "median_delta_rms": -5.569139793619765,
    "frac_improved": 0.6363636363636364,
    "mean_K_total": 0.75132463646746
  }
}