{
  "n_valid": 150,
  "n_total": 162,
  "mean_p": 1.5168865451725233,
  "std_p": 1.272018035593928,
  "spearman_rho": 0.09240592372870571,
  "spearman_p": 0.2607257200221168,
  "pearson_r": 0.050584977255633046,
  "pearson_p": 0.5387211843922349,
  "group_means": {
    "Early (S0-Sa)": {
      "mean": 2.0476702814580086,
      "std": 1.1137394220375614,
      "n": 6
    },
    "Early-Spiral (Sab-Sb)": {
      "mean": 1.4709936974144049,
      "std": 1.1601920392291225,
      "n": 20
    },
    "Intermediate (Sbc-Sc)": {
      "mean": 1.2790753271014197,
      "std": 1.1806385604730667,
      "n": 27
    },
    "Late-Spiral (Scd-Sdm)": {
      "mean": 1.8650874800920658,
      "std": 1.2934375544252332,
      "n": 41
    },
    "Irregular (Sm-BCD)": {
      "mean": 1.3361333147023093,
      "std": 1.3217660211747888,
      "n": 56
    }
  },
  "prediction_supported": false
}