scenario,model,system_id,target_id,point_index,radius_m,predicted_speed_m_s,observed_speed_m_s,uncertainty_m_s,residual_m_s,azimuthal_coverage,mean_inward_acceleration_m_s2
baseline_33x33x9,newtonian_poisson,DDO53,DDO53-published-circular-speed,0,6.47992292113187e+18,2009.0253389484474,3140.0,4920.0,-1130.9746610515526,1.0,6.228751270133797e-13
baseline_33x33x9,newtonian_poisson,DDO53,DDO53-published-circular-speed,1,9.565600502623238e+18,2958.242284964736,5810.0,4920.0,-2851.757715035264,1.0,9.148612692066204e-13
baseline_33x33x9,newtonian_poisson,DDO53,DDO53-published-circular-speed,2,1.295984584226374e+19,3996.791156379065,7110.0,1820.0,-3113.208843620935,1.0,1.2326025897326268e-12
baseline_33x33x9,newtonian_poisson,DDO53,DDO53-published-circular-speed,3,1.604552342375511e+19,4870.408219568928,11200.0,4900.0,-6329.591780431072,1.0,1.4783485461201126e-12
baseline_33x33x9,newtonian_poisson,DDO53,DDO53-published-circular-speed,4,1.9439768763395613e+19,5711.955124751562,13020.0,4110.0,-7308.044875248438,1.0,1.678334333308019e-12
baseline_33x33x9,newtonian_poisson,DDO53,DDO53-published-circular-speed,5,2.252544634488698e+19,6439.600691097037,14560.0,4019.9999999999995,-8120.399308902963,1.0,1.840960504216171e-12
baseline_33x33x9,newtonian_poisson,DDO53,DDO53-published-circular-speed,6,2.591969168452748e+19,7214.652577048297,18100.0,5210.0,-10885.347422951703,1.0,2.0081724906697526e-12
baseline_33x33x9,newtonian_poisson,DDO53,DDO53-published-circular-speed,7,2.900536926601885e+19,7888.582966967467,19590.0,6440.0,-11701.417033032532,1.0,2.1454559207985777e-12
baseline_33x33x9,newtonian_poisson,DDO53,DDO53-published-circular-speed,8,3.2399614605659357e+19,8525.794991614724,23230.0,6560.0,-14704.205008385276,1.0,2.2435199036702687e-12
baseline_33x33x9,newtonian_poisson,DDO101,DDO101-published-circular-speed,0,5.862787404833597e+18,2096.87319109943,19420.0,4120.0,-17323.126808900568,1.0,7.49963605353741e-13
baseline_33x33x9,newtonian_poisson,DDO101,DDO101-published-circular-speed,1,1.1417007051518058e+19,3891.292792171377,29470.0,4900.0,-25578.707207828622,1.0,1.3262810057029386e-12
baseline_33x33x9,newtonian_poisson,DDO101,DDO101-published-circular-speed,2,1.7279794456351658e+19,5458.739126380928,37920.0,3670.0,-32461.260873619074,1.0,1.7244321351825463e-12
baseline_33x33x9,newtonian_poisson,DDO101,DDO101-published-circular-speed,3,2.2834014103036117e+19,6782.4938616854,43590.0,3070.0,-36807.5061383146,1.0,2.0146358312743382e-12
baseline_33x33x9,newtonian_poisson,DDO101,DDO101-published-circular-speed,4,2.8696801507869716e+19,8039.315394291486,49900.0,3220.0,-41860.68460570851,1.0,2.2521880005047946e-12
baseline_33x33x9,newtonian_poisson,DDO101,DDO101-published-circular-speed,5,3.4559588912703316e+19,9203.264470701783,54750.0,2660.0,-45546.73552929822,1.0,2.4508415632961405e-12
baseline_33x33x9,newtonian_poisson,DDO101,DDO101-published-circular-speed,6,4.011380855938777e+19,10292.351539530871,56560.0,2420.0,-46267.64846046913,1.0,2.6407988674636156e-12
baseline_33x33x9,newtonian_poisson,DDO101,DDO101-published-circular-speed,7,4.597659596422137e+19,11447.095979439759,58340.0,2480.0,-46892.90402056024,1.0,2.850058896584625e-12
baseline_33x33x9,newtonian_poisson,DDO101,DDO101-published-circular-speed,8,5.183938336905496e+19,12557.94379719225,59740.0,2540.0,-47182.05620280775,1.0,3.0421263171810417e-12
baseline_33x33x9,newtonian_poisson,DDO101,DDO101-published-circular-speed,9,5.739360301573943e+19,13514.40628622032,59930.0,3570.0,-46415.59371377968,1.0,3.1822218448098645e-12
baseline_33x33x9,newtonian_poisson,DDO50,DDO50-published-circular-speed,0,7.714193953728418e+18,2505.467552986277,5830.0,10060.0,-3324.532447013723,1.0,8.13742524069293e-13
baseline_33x33x9,newtonian_poisson,DDO50,DDO50-published-circular-speed,1,1.51198201493077e+19,4867.330091697842,13080.0,2750.0,-8212.669908302158,1.0,1.566877250364124e-12
baseline_33x33x9,newtonian_poisson,DDO50,DDO50-published-circular-speed,2,2.2834014103036117e+19,7281.7825861471465,29230.0,4570.0,-21948.217413852853,1.0,2.3221654060757306e-12
baseline_33x33x9,newtonian_poisson,DDO50,DDO50-published-circular-speed,3,3.0548208056764535e+19,9458.302970087885,34750.0,4790.0,-25291.697029912117,1.0,2.9284694836351808e-12
baseline_33x33x9,newtonian_poisson,DDO50,DDO50-published-circular-speed,4,3.826240201049295e+19,11139.541696019798,40010.0,5020.0,-28870.458303980202,1.0,3.243115504440463e-12
baseline_33x33x9,newtonian_poisson,DDO50,DDO50-published-circular-speed,5,4.566802820607223e+19,12613.14727265134,40290.0,7450.0,-27676.85272734866,1.0,3.4836512626231234e-12
baseline_33x33x9,newtonian_poisson,DDO50,DDO50-published-circular-speed,6,5.338222215980065e+19,14074.923040120035,43470.0,5640.0,-29395.076959879967,1.0,3.711038067922229e-12
baseline_33x33x9,newtonian_poisson,DDO50,DDO50-published-circular-speed,7,6.109641611352907e+19,15369.776515260834,42130.0,5560.0,-26760.223484739166,1.0,3.866512066601451e-12
baseline_33x33x9,newtonian_poisson,DDO50,DDO50-published-circular-speed,8,6.881061006725748e+19,16562.37764573287,42130.0,5650.0,-25567.62235426713,1.0,3.986483378242848e-12
baseline_33x33x9,newtonian_poisson,DDO50,DDO50-published-circular-speed,9,7.621623626283678e+19,17670.33680096726,40940.0,6560.0,-23269.66319903274,1.0,4.0967754112500994e-12
baseline_33x33x9,newtonian_poisson,DDO50,DDO50-published-circular-speed,10,8.39304302165652e+19,18859.305888495957,41570.0,5980.0,-22710.694111504043,1.0,4.23771709114461e-12
baseline_33x33x9,newtonian_poisson,DDO50,DDO50-published-circular-speed,11,9.164462417029361e+19,20152.244007784688,41690.0,4400.0,-21537.755992215312,1.0,4.431388553622706e-12
baseline_33x33x9,newtonian_poisson,DDO50,DDO50-published-circular-speed,12,9.905025036587288e+19,21388.378511343144,39960.0,3930.0,-18571.621488656856,1.0,4.618491459180612e-12
baseline_33x33x9,newtonian_poisson,DDO50,DDO50-published-circular-speed,13,1.067644443196013e+20,22630.100091473127,39330.0,4040.0,-16699.899908526873,1.0,4.796741400320946e-12
baseline_33x33x9,newtonian_poisson,DDO50,DDO50-published-circular-speed,14,1.1447863827332973e+20,23644.320086455304,38590.0,3980.0,-14945.679913544696,1.0,4.8834776582156245e-12
baseline_33x33x9,newtonian_poisson,DDO50,DDO50-published-circular-speed,15,1.2219283222705814e+20,24448.274377591682,40130.0,4270.0,-15681.725622408318,1.0,4.89159723322665e-12
baseline_33x33x9,newtonian_poisson,DDO50,DDO50-published-circular-speed,16,1.2959845842263743e+20,25085.353159420705,43820.0,3940.0,-18734.646840579295,1.0,4.855574293026781e-12
baseline_33x33x9,newtonian_poisson,DDO50,DDO50-published-circular-speed,17,1.3731265237636584e+20,25590.236776398222,45590.0,4050.0,-19999.763223601778,1.0,4.769117826645654e-12
baseline_33x33x9,newtonian_poisson,DDO50,DDO50-published-circular-speed,18,1.4502684633009426e+20,25871.716113619997,44660.0,4300.0,-18788.283886380003,1.0,4.6153226909468415e-12
baseline_33x33x9,newtonian_poisson,DDO50,DDO50-published-circular-speed,19,1.527410402838227e+20,26106.612957512367,45340.0,4280.0,-19233.387042487633,1.0,4.462161831861888e-12
baseline_33x33x9,newtonian_poisson,DDO50,DDO50-published-circular-speed,20,1.6014666647940196e+20,26342.669735750147,43220.0,4810.0,-16877.330264249853,1.0,4.3331295247164e-12
baseline_33x33x9,newtonian_poisson,DDO50,DDO50-published-circular-speed,21,1.678608604331304e+20,26561.51763859585,40390.0,5600.0,-13828.482361404149,1.0,4.2029703496396025e-12
baseline_33x33x9,newtonian_poisson,DDO50,DDO50-published-circular-speed,22,1.755750543868588e+20,26755.57170824326,39000.0,6580.0,-12244.42829175674,1.0,4.077234205820796e-12
baseline_33x33x9,newtonian_poisson,DDO50,DDO50-published-circular-speed,23,1.8298068058243806e+20,26895.027701225063,38290.0,7660.0,-11394.972298774937,1.0,3.953108671075124e-12
baseline_33x33x9,newtonian_poisson,DDO50,DDO50-published-circular-speed,24,1.906948745361665e+20,26986.42755598301,40040.0,9630.0,-13053.57244401699,1.0,3.8190185971474475e-12
baseline_33x33x9,newtonian_poisson,DDO50,DDO50-published-circular-speed,25,1.984090684898949e+20,27010.570641140937,37630.0,10130.0,-10619.429358859063,1.0,3.677104740790728e-12
baseline_33x33x9,newtonian_poisson,NGC1569,NGC1569-published-circular-speed,0,7.714193953728418e+18,5358.19577568696,3510.0,6120.0,1848.1957756869597,1.0,3.721744895552355e-12
baseline_33x33x9,newtonian_poisson,NGC1569,NGC1569-published-circular-speed,1,1.51198201493077e+19,10245.843432995489,5590.0,7210.0,4655.843432995489,1.0,6.94302621438678e-12
baseline_33x33x9,newtonian_poisson,NGC1569,NGC1569-published-circular-speed,2,2.2834014103036117e+19,15059.678431084738,10710.0,9330.0,4349.678431084738,1.0,9.932284066406148e-12
baseline_33x33x9,newtonian_poisson,NGC1569,NGC1569-published-circular-speed,3,3.0548208056764535e+19,19578.3947096089,23060.0,6670.0,-3481.6052903911004,1.0,1.2547824039071959e-11
baseline_33x33x9,newtonian_poisson,NGC1569,NGC1569-published-circular-speed,4,3.826240201049295e+19,23788.387627374337,34800.0,7470.0,-11011.612372625663,1.0,1.47896461323842e-11
baseline_33x33x9,newtonian_poisson,NGC1569,NGC1569-published-circular-speed,5,4.566802820607223e+19,27342.811605869054,43020.0,6890.0,-15677.188394130946,1.0,1.6370957448402365e-11
baseline_33x33x9,newtonian_poisson,NGC1569,NGC1569-published-circular-speed,6,5.338222215980065e+19,28619.83837588882,50250.0,9720.0,-21630.16162411118,1.0,1.5343968750682993e-11
baseline_33x33x9,newtonian_poisson,NGC1569,NGC1569-published-circular-speed,7,6.109641611352907e+19,28914.02480884769,54710.0,14120.0,-25795.97519115231,1.0,1.3683631280322072e-11
baseline_33x33x9,newtonian_poisson,NGC1569,NGC1569-published-circular-speed,8,6.881061006725748e+19,28811.35355498353,56350.0,18530.0,-27538.64644501647,1.0,1.2063460749133077e-11
baseline_33x33x9,newtonian_poisson,NGC1569,NGC1569-published-circular-speed,9,7.621623626283678e+19,28475.768833540333,55870.0,22350.0,-27394.231166459667,1.0,1.0639063937307132e-11
baseline_33x33x9,aqual_simple_mu,DDO53,DDO53-published-circular-speed,0,6.47992292113187e+18,6446.975161058674,3140.0,4920.0,3306.9751610586736,1.0,6.41419492688155e-12
baseline_33x33x9,aqual_simple_mu,DDO53,DDO53-published-circular-speed,1,9.565600502623238e+18,9425.583968121424,5810.0,4920.0,3615.583968121424,1.0,9.287616926479837e-12
baseline_33x33x9,aqual_simple_mu,DDO53,DDO53-published-circular-speed,2,1.295984584226374e+19,12632.559968288757,7110.0,1820.0,5522.559968288757,1.0,1.2313539319425808e-11
baseline_33x33x9,aqual_simple_mu,DDO53,DDO53-published-circular-speed,3,1.604552342375511e+19,15097.043752423355,11200.0,4900.0,3897.043752423355,1.0,1.4204630415805099e-11
baseline_33x33x9,aqual_simple_mu,DDO53,DDO53-published-circular-speed,4,1.9439768763395613e+19,17067.52995643269,13020.0,4110.0,4047.529956432689,1.0,1.4984775917820366e-11
baseline_33x33x9,aqual_simple_mu,DDO53,DDO53-published-circular-speed,5,2.252544634488698e+19,18607.033143973178,14560.0,4019.9999999999995,4047.033143973178,1.0,1.537024736912726e-11
baseline_33x33x9,aqual_simple_mu,DDO53,DDO53-published-circular-speed,6,2.591969168452748e+19,20147.79231931165,18100.0,5210.0,2047.7923193116512,1.0,1.5661202312233975e-11
baseline_33x33x9,aqual_simple_mu,DDO53,DDO53-published-circular-speed,7,2.900536926601885e+19,21456.800978566247,19590.0,6440.0,1866.800978566247,1.0,1.5872727011725204e-11
baseline_33x33x9,aqual_simple_mu,DDO53,DDO53-published-circular-speed,8,3.2399614605659357e+19,22829.350917666714,23230.0,6560.0,-400.64908233328606,1.0,1.6085971072968685e-11
baseline_33x33x9,aqual_simple_mu,DDO101,DDO101-published-circular-speed,0,5.862787404833597e+18,10358.666560506916,19420.0,4120.0,-9061.333439493084,1.0,1.8302211133103456e-11
baseline_33x33x9,aqual_simple_mu,DDO101,DDO101-published-circular-speed,1,1.1417007051518058e+19,15075.081424866721,29470.0,4900.0,-14394.918575133279,1.0,1.990522375442909e-11
baseline_33x33x9,aqual_simple_mu,DDO101,DDO101-published-circular-speed,2,1.7279794456351658e+19,14822.21863353973,37920.0,3670.0,-23097.781366460273,1.0,1.2714165424560147e-11
baseline_33x33x9,aqual_simple_mu,DDO101,DDO101-published-circular-speed,3,2.2834014103036117e+19,17711.226599520767,43590.0,3070.0,-25878.773400479233,1.0,1.373773118664504e-11
baseline_33x33x9,aqual_simple_mu,DDO101,DDO101-published-circular-speed,4,2.8696801507869716e+19,20483.942303100826,49900.0,3220.0,-29416.057696899174,1.0,1.462155606999254e-11
baseline_33x33x9,aqual_simple_mu,DDO101,DDO101-published-circular-speed,5,3.4559588912703316e+19,22996.219609552747,54750.0,2660.0,-31753.780390447253,1.0,1.530186362073288e-11
baseline_33x33x9,aqual_simple_mu,DDO101,DDO101-published-circular-speed,6,4.011380855938777e+19,25426.41026745844,56560.0,2420.0,-31133.58973254156,1.0,1.6116703008441118e-11
baseline_33x33x9,aqual_simple_mu,DDO101,DDO101-published-circular-speed,7,4.597659596422137e+19,28033.721139761386,58340.0,2480.0,-30306.278860238614,1.0,1.7093251565502538e-11
baseline_33x33x9,aqual_simple_mu,DDO101,DDO101-published-circular-speed,8,5.183938336905496e+19,30530.62688714574,59740.0,2540.0,-29209.37311285426,1.0,1.7980907903285868e-11
baseline_33x33x9,aqual_simple_mu,DDO101,DDO101-published-circular-speed,9,5.739360301573943e+19,32728.802065903634,59930.0,3570.0,-27201.197934096366,1.0,1.8663656372563725e-11
baseline_33x33x9,aqual_simple_mu,DDO50,DDO50-published-circular-speed,0,7.714193953728418e+18,6927.8627633200485,5830.0,10060.0,1097.8627633200485,1.0,6.221684696454834e-12
baseline_33x33x9,aqual_simple_mu,DDO50,DDO50-published-circular-speed,1,1.51198201493077e+19,13257.746065113579,13080.0,2750.0,177.74606511357888,1.0,1.1624994807566052e-11
baseline_33x33x9,aqual_simple_mu,DDO50,DDO50-published-circular-speed,2,2.2834014103036117e+19,19504.34266466291,29230.0,4570.0,-9725.657335337091,1.0,1.6660206175926272e-11
baseline_33x33x9,aqual_simple_mu,DDO50,DDO50-published-circular-speed,3,3.0548208056764535e+19,24568.640167979884,34750.0,4790.0,-10181.359832020116,1.0,1.9759524964018653e-11
baseline_33x33x9,aqual_simple_mu,DDO50,DDO50-published-circular-speed,4,3.826240201049295e+19,27623.07726734682,40010.0,5020.0,-12386.92273265318,1.0,1.994214575207695e-11
baseline_33x33x9,aqual_simple_mu,DDO50,DDO50-published-circular-speed,5,4.566802820607223e+19,30229.488964723212,40290.0,7450.0,-10060.511035276788,1.0,2.001010420123233e-11
baseline_33x33x9,aqual_simple_mu,DDO50,DDO50-published-circular-speed,6,5.338222215980065e+19,32818.00255922193,43470.0,5640.0,-10651.997440778068,1.0,2.0175654897861212e-11
baseline_33x33x9,aqual_simple_mu,DDO50,DDO50-published-circular-speed,7,6.109641611352907e+19,35441.429788045985,42130.0,5560.0,-6688.570211954015,1.0,2.0559224670182352e-11
baseline_33x33x9,aqual_simple_mu,DDO50,DDO50-published-circular-speed,8,6.881061006725748e+19,37881.73754952251,42130.0,5650.0,-4248.262450477487,1.0,2.0854720491044447e-11
baseline_33x33x9,aqual_simple_mu,DDO50,DDO50-published-circular-speed,9,7.621623626283678e+19,40139.69252759553,40940.0,6560.0,-800.3074724044709,1.0,2.1139785893567288e-11
baseline_33x33x9,aqual_simple_mu,DDO50,DDO50-published-circular-speed,10,8.39304302165652e+19,42574.6101711801,41570.0,5980.0,1004.610171180102,1.0,2.1596427261851488e-11
baseline_33x33x9,aqual_simple_mu,DDO50,DDO50-published-circular-speed,11,9.164462417029361e+19,45275.343604457776,41690.0,4400.0,3585.3436044577757,1.0,2.2367452068903478e-11
baseline_33x33x9,aqual_simple_mu,DDO50,DDO50-published-circular-speed,12,9.905025036587288e+19,47889.830193394846,39960.0,3930.0,7929.830193394846,1.0,2.3154265915337663e-11
baseline_33x33x9,aqual_simple_mu,DDO50,DDO50-published-circular-speed,13,1.067644443196013e+20,50536.60858036321,39330.0,4040.0,11206.608580363209,1.0,2.3921342194781145e-11
baseline_33x33x9,aqual_simple_mu,DDO50,DDO50-published-circular-speed,14,1.1447863827332973e+20,52729.08541619418,38590.0,3980.0,14139.085416194182,1.0,2.4287120206565616e-11
baseline_33x33x9,aqual_simple_mu,DDO50,DDO50-published-circular-speed,15,1.2219283222705814e+20,54505.310434915846,40130.0,4270.0,14375.310434915846,1.0,2.4312627929649474e-11
baseline_33x33x9,aqual_simple_mu,DDO50,DDO50-published-circular-speed,16,1.2959845842263743e+20,55966.94319982458,43820.0,3940.0,12146.943199824578,1.0,2.416925918144456e-11
baseline_33x33x9,aqual_simple_mu,DDO50,DDO50-published-circular-speed,17,1.3731265237636584e+20,57242.89724047053,45590.0,4050.0,11652.897240470527,1.0,2.3863418467088472e-11
baseline_33x33x9,aqual_simple_mu,DDO50,DDO50-published-circular-speed,18,1.4502684633009426e+20,58201.28757255578,44660.0,4300.0,13541.287572555782,1.0,2.3356985005337074e-11
baseline_33x33x9,aqual_simple_mu,DDO50,DDO50-published-circular-speed,19,1.527410402838227e+20,59139.91611775743,45340.0,4280.0,13799.916117757428,1.0,2.2898427769748664e-11
baseline_33x33x9,aqual_simple_mu,DDO50,DDO50-published-circular-speed,20,1.6014666647940196e+20,60108.00208181177,43220.0,4810.0,16888.00208181177,1.0,2.2560394129288904e-11
baseline_33x33x9,aqual_simple_mu,DDO50,DDO50-published-circular-speed,21,1.678608604331304e+20,61118.786195999404,40390.0,5600.0,20728.786195999404,1.0,2.2253585597223697e-11
baseline_33x33x9,aqual_simple_mu,DDO50,DDO50-published-circular-speed,22,1.755750543868588e+20,62101.4774899727,39000.0,6580.0,23101.477489972698,1.0,2.1965498002580934e-11
baseline_33x33x9,aqual_simple_mu,DDO50,DDO50-published-circular-speed,23,1.8298068058243806e+20,62958.570302247266,38290.0,7660.0,24668.570302247266,1.0,2.166229550511052e-11
baseline_33x33x9,aqual_simple_mu,DDO50,DDO50-published-circular-speed,24,1.906948745361665e+20,63752.113003312115,40040.0,9630.0,23712.113003312115,1.0,2.1313272956459304e-11
baseline_33x33x9,aqual_simple_mu,DDO50,DDO50-published-circular-speed,25,1.984090684898949e+20,64418.88083769412,37630.0,10130.0,26788.880837694123,1.0,2.0915335372346586e-11
baseline_33x33x9,aqual_simple_mu,NGC1569,NGC1569-published-circular-speed,0,7.714193953728418e+18,18435.347064478254,3510.0,6120.0,14925.347064478254,1.0,4.405671200728692e-11
baseline_33x33x9,aqual_simple_mu,NGC1569,NGC1569-published-circular-speed,1,1.51198201493077e+19,34872.58450188064,5590.0,7210.0,29282.584501880643,1.0,8.043066239094702e-11
baseline_33x33x9,aqual_simple_mu,NGC1569,NGC1569-published-circular-speed,2,2.2834014103036117e+19,50605.370230189284,10710.0,9330.0,39895.370230189284,1.0,1.1215301368295198e-10
baseline_33x33x9,aqual_simple_mu,NGC1569,NGC1569-published-circular-speed,3,3.0548208056764535e+19,64829.7266088853,23060.0,6670.0,41769.7266088853,1.0,1.3758232379369074e-10
baseline_33x33x9,aqual_simple_mu,NGC1569,NGC1569-published-circular-speed,4,3.826240201049295e+19,77436.61793552445,34800.0,7470.0,42636.61793552445,1.0,1.5671859272316324e-10
baseline_33x33x9,aqual_simple_mu,NGC1569,NGC1569-published-circular-speed,5,4.566802820607223e+19,87088.6445432992,43020.0,6890.0,44068.644543299204,1.0,1.6607750118234042e-10
baseline_33x33x9,aqual_simple_mu,NGC1569,NGC1569-published-circular-speed,6,5.338222215980065e+19,86370.28869752838,50250.0,9720.0,36120.288697528376,1.0,1.3974365374605935e-10
baseline_33x33x9,aqual_simple_mu,NGC1569,NGC1569-published-circular-speed,7,6.109641611352907e+19,81563.43799492475,54710.0,14120.0,26853.437994924752,1.0,1.0888681923977531e-10
baseline_33x33x9,aqual_simple_mu,NGC1569,NGC1569-published-circular-speed,8,6.881061006725748e+19,75578.22453158391,56350.0,18530.0,19228.22453158391,1.0,8.301144282492729e-11
baseline_33x33x9,aqual_simple_mu,NGC1569,NGC1569-published-circular-speed,9,7.621623626283678e+19,69284.18332466418,55870.0,22350.0,13414.183324664176,1.0,6.298261754111716e-11
baseline_33x33x9,qumond_simple_nu,DDO53,DDO53-published-circular-speed,0,6.47992292113187e+18,4773.936967941845,3140.0,4920.0,1633.936967941845,1.0,3.5170903190158444e-12
baseline_33x33x9,qumond_simple_nu,DDO53,DDO53-published-circular-speed,1,9.565600502623238e+18,7024.5582259296625,5810.0,4920.0,1214.5582259296625,1.0,5.158528025077364e-12
baseline_33x33x9,qumond_simple_nu,DDO53,DDO53-published-circular-speed,2,1.295984584226374e+19,9483.224799174654,7110.0,1820.0,2373.2247991746535,1.0,6.939245550159452e-12
baseline_33x33x9,qumond_simple_nu,DDO53,DDO53-published-circular-speed,3,1.604552342375511e+19,11546.05258591276,11200.0,4900.0,346.05258591275924,1.0,8.308319198817638e-12
baseline_33x33x9,qumond_simple_nu,DDO53,DDO53-published-circular-speed,4,1.9439768763395613e+19,13520.79568125348,13020.0,4110.0,500.7956812534794,1.0,9.404016996253114e-12
baseline_33x33x9,qumond_simple_nu,DDO53,DDO53-published-circular-speed,5,2.252544634488698e+19,15216.094449463795,14560.0,4019.9999999999995,656.0944494637952,1.0,1.0278576803764756e-11
baseline_33x33x9,qumond_simple_nu,DDO53,DDO53-published-circular-speed,6,2.591969168452748e+19,17014.960355439634,18100.0,5210.0,-1085.0396445603656,1.0,1.1169456775213187e-11
baseline_33x33x9,qumond_simple_nu,DDO53,DDO53-published-circular-speed,7,2.900536926601885e+19,18575.117496751478,19590.0,6440.0,-1014.882503248522,1.0,1.1895555848769959e-11
baseline_33x33x9,qumond_simple_nu,DDO53,DDO53-published-circular-speed,8,3.2399614605659357e+19,20050.389750886734,23230.0,6560.0,-3179.610249113266,1.0,1.2408114542579832e-11
baseline_33x33x9,qumond_simple_nu,DDO101,DDO101-published-circular-speed,0,5.862787404833597e+18,5036.143221616437,19420.0,4120.0,-14383.856778383564,1.0,4.326054621684351e-12
baseline_33x33x9,qumond_simple_nu,DDO101,DDO101-published-circular-speed,1,1.1417007051518058e+19,9306.774617662346,29470.0,4900.0,-20163.225382337652,1.0,7.586581438823517e-12
baseline_33x33x9,qumond_simple_nu,DDO101,DDO101-published-circular-speed,2,1.7279794456351658e+19,12747.6148902079,37920.0,3670.0,-25172.3851097921,1.0,9.404144580511388e-12
baseline_33x33x9,qumond_simple_nu,DDO101,DDO101-published-circular-speed,3,2.2834014103036117e+19,15444.872532422067,43590.0,3070.0,-28145.127467577935,1.0,1.0446874844972953e-11
baseline_33x33x9,qumond_simple_nu,DDO101,DDO101-published-circular-speed,4,2.8696801507869716e+19,17931.60866546787,49900.0,3220.0,-31968.39133453213,1.0,1.1204823270750354e-11
baseline_33x33x9,qumond_simple_nu,DDO101,DDO101-published-circular-speed,5,3.4559588912703316e+19,20338.466578971944,54750.0,2660.0,-34411.533421028056,1.0,1.1969274976876513e-11
baseline_33x33x9,qumond_simple_nu,DDO101,DDO101-published-circular-speed,6,4.011380855938777e+19,22648.676386229658,56560.0,2420.0,-33911.32361377034,1.0,1.2787679865618474e-11
baseline_33x33x9,qumond_simple_nu,DDO101,DDO101-published-circular-speed,7,4.597659596422137e+19,25129.51782735338,58340.0,2480.0,-33210.48217264662,1.0,1.373508962531054e-11
baseline_33x33x9,qumond_simple_nu,DDO101,DDO101-published-circular-speed,8,5.183938336905496e+19,27561.301450896797,59740.0,2540.0,-32178.698549103203,1.0,1.465344084553014e-11
baseline_33x33x9,qumond_simple_nu,DDO101,DDO101-published-circular-speed,9,5.739360301573943e+19,29707.38910333649,59930.0,3570.0,-30222.61089666351,1.0,1.537678279398165e-11
baseline_33x33x9,qumond_simple_nu,DDO50,DDO50-published-circular-speed,0,7.714193953728418e+18,4955.909660330167,5830.0,10060.0,-874.0903396698332,1.0,3.1838764631375458e-12
baseline_33x33x9,qumond_simple_nu,DDO50,DDO50-published-circular-speed,1,1.51198201493077e+19,9630.342250197653,13080.0,2750.0,-3449.657749802347,1.0,6.133901788520183e-12
baseline_33x33x9,qumond_simple_nu,DDO50,DDO50-published-circular-speed,2,2.2834014103036117e+19,14411.667830013448,29230.0,4570.0,-14818.332169986552,1.0,9.09591141992981e-12
baseline_33x33x9,qumond_simple_nu,DDO50,DDO50-published-circular-speed,3,3.0548208056764535e+19,18767.489173879017,34750.0,4790.0,-15982.510826120983,1.0,1.152992834267644e-11
baseline_33x33x9,qumond_simple_nu,DDO50,DDO50-published-circular-speed,4,3.826240201049295e+19,22235.265900948707,40010.0,5020.0,-17774.734099051293,1.0,1.292148489659138e-11
baseline_33x33x9,qumond_simple_nu,DDO50,DDO50-published-circular-speed,5,4.566802820607223e+19,25297.82730219339,40290.0,7450.0,-14992.17269780661,1.0,1.4013744217809399e-11
baseline_33x33x9,qumond_simple_nu,DDO50,DDO50-published-circular-speed,6,5.338222215980065e+19,28350.82357001117,43470.0,5640.0,-15119.176429988831,1.0,1.505687033207054e-11
baseline_33x33x9,qumond_simple_nu,DDO50,DDO50-published-circular-speed,7,6.109641611352907e+19,31041.55646467631,42130.0,5560.0,-11088.443535323691,1.0,1.5771436183084308e-11
baseline_33x33x9,qumond_simple_nu,DDO50,DDO50-published-circular-speed,8,6.881061006725748e+19,33528.14664970857,42130.0,5650.0,-8601.853350291429,1.0,1.6336675647339856e-11
baseline_33x33x9,qumond_simple_nu,DDO50,DDO50-published-circular-speed,9,7.621623626283678e+19,35822.893677156164,40940.0,6560.0,-5117.106322843836,1.0,1.683735348698353e-11
baseline_33x33x9,qumond_simple_nu,DDO50,DDO50-published-circular-speed,10,8.39304302165652e+19,38187.54606914923,41570.0,5980.0,-3382.4539308507665,1.0,1.7374969614960647e-11
baseline_33x33x9,qumond_simple_nu,DDO50,DDO50-published-circular-speed,11,9.164462417029361e+19,40561.95616703486,41690.0,4400.0,-1128.043832965137,1.0,1.7952741941951996e-11
baseline_33x33x9,qumond_simple_nu,DDO50,DDO50-published-circular-speed,12,9.905025036587288e+19,42778.00843202974,39960.0,3930.0,2818.008432029739,1.0,1.8475046742954097e-11
baseline_33x33x9,qumond_simple_nu,DDO50,DDO50-published-circular-speed,13,1.067644443196013e+20,45000.051326155924,39330.0,4040.0,5670.0513261559245,1.0,1.8967031882775314e-11
baseline_33x33x9,qumond_simple_nu,DDO50,DDO50-published-circular-speed,14,1.1447863827332973e+20,46988.53105312235,38590.0,3980.0,8398.531053122351,1.0,1.928676025354703e-11
baseline_33x33x9,qumond_simple_nu,DDO50,DDO50-published-circular-speed,15,1.2219283222705814e+20,48769.761832344855,40130.0,4270.0,8639.761832344855,1.0,1.9465050656686168e-11
baseline_33x33x9,qumond_simple_nu,DDO50,DDO50-published-circular-speed,16,1.2959845842263743e+20,50348.12053433593,43820.0,3940.0,6528.1205343359325,1.0,1.955990273490193e-11
baseline_33x33x9,qumond_simple_nu,DDO50,DDO50-published-circular-speed,17,1.3731265237636584e+20,51818.20873251251,45590.0,4050.0,6228.20873251251,1.0,1.955483860938366e-11
baseline_33x33x9,qumond_simple_nu,DDO50,DDO50-published-circular-speed,18,1.4502684633009426e+20,53018.82598209489,44660.0,4300.0,8358.825982094888,1.0,1.9382590049028427e-11
baseline_33x33x9,qumond_simple_nu,DDO50,DDO50-published-circular-speed,19,1.527410402838227e+20,54142.8344523667,45340.0,4280.0,8802.834452366696,1.0,1.9192265006766918e-11
baseline_33x33x9,qumond_simple_nu,DDO50,DDO50-published-circular-speed,20,1.6014666647940196e+20,55208.47011457972,43220.0,4810.0,11988.470114579723,1.0,1.9032398484450952e-11
baseline_33x33x9,qumond_simple_nu,DDO50,DDO50-published-circular-speed,21,1.678608604331304e+20,56229.114279521804,40390.0,5600.0,15839.114279521804,1.0,1.8835321613992523e-11
baseline_33x33x9,qumond_simple_nu,DDO50,DDO50-published-circular-speed,22,1.755750543868588e+20,57189.02381721119,39000.0,6580.0,18189.023817211193,1.0,1.862784241523972e-11
baseline_33x33x9,qumond_simple_nu,DDO50,DDO50-published-circular-speed,23,1.8298068058243806e+20,58048.35560919789,38290.0,7660.0,19758.35560919789,1.0,1.8415122176867133e-11
baseline_33x33x9,qumond_simple_nu,DDO50,DDO50-published-circular-speed,24,1.906948745361665e+20,58870.41776396122,40040.0,9630.0,18830.417763961217,1.0,1.8174196323488617e-11
baseline_33x33x9,qumond_simple_nu,DDO50,DDO50-published-circular-speed,25,1.984090684898949e+20,59593.67651688965,37630.0,10130.0,21963.676516889653,1.0,1.789941512164582e-11
baseline_33x33x9,qumond_simple_nu,NGC1569,NGC1569-published-circular-speed,0,7.714193953728418e+18,6856.06346329063,3510.0,6120.0,3346.0634632906304,1.0,6.093391804071766e-12
baseline_33x33x9,qumond_simple_nu,NGC1569,NGC1569-published-circular-speed,1,1.51198201493077e+19,13260.76687572397,5590.0,7210.0,7670.76687572397,1.0,1.163029297940093e-11
baseline_33x33x9,qumond_simple_nu,NGC1569,NGC1569-published-circular-speed,2,2.2834014103036117e+19,19743.982506090273,10710.0,9330.0,9033.982506090273,1.0,1.7072111957264925e-11
baseline_33x33x9,qumond_simple_nu,NGC1569,NGC1569-published-circular-speed,3,3.0548208056764535e+19,26030.84611208329,23060.0,6670.0,2970.846112083291,1.0,2.2181495819716805e-11
baseline_33x33x9,qumond_simple_nu,NGC1569,NGC1569-published-circular-speed,4,3.826240201049295e+19,32116.893429950982,34800.0,7470.0,-2683.106570049018,1.0,2.6958444566756552e-11
baseline_33x33x9,qumond_simple_nu,NGC1569,NGC1569-published-circular-speed,5,4.566802820607223e+19,37616.09368125904,43020.0,6890.0,-5403.906318740963,1.0,3.098383178385431e-11
baseline_33x33x9,qumond_simple_nu,NGC1569,NGC1569-published-circular-speed,6,5.338222215980065e+19,41332.0995493927,50250.0,9720.0,-8917.900450607303,1.0,3.200208578891591e-11
baseline_33x33x9,qumond_simple_nu,NGC1569,NGC1569-published-circular-speed,7,6.109641611352907e+19,44136.33721773234,54710.0,14120.0,-10573.66278226766,1.0,3.1884296770821885e-11
baseline_33x33x9,qumond_simple_nu,NGC1569,NGC1569-published-circular-speed,8,6.881061006725748e+19,46469.896408766435,56350.0,18530.0,-9880.103591233565,1.0,3.138253345132057e-11
baseline_33x33x9,qumond_simple_nu,NGC1569,NGC1569-published-circular-speed,9,7.621623626283678e+19,48408.75142907826,55870.0,22350.0,-7461.2485709217435,1.0,3.0746824165403416e-11
baseline_33x33x9,refracted_gravity_published_fixture,DDO53,DDO53-published-circular-speed,0,6.47992292113187e+18,3307.7598477766774,3140.0,4920.0,167.75984777667736,1.0,1.6884884810716914e-12
baseline_33x33x9,refracted_gravity_published_fixture,DDO53,DDO53-published-circular-speed,1,9.565600502623238e+18,4872.551066525005,5810.0,4920.0,-937.4489334749951,1.0,2.4819930426096204e-12
baseline_33x33x9,refracted_gravity_published_fixture,DDO53,DDO53-published-circular-speed,2,1.295984584226374e+19,6586.087647545186,7110.0,1820.0,-523.912352454814,1.0,3.3469958693251365e-12
baseline_33x33x9,refracted_gravity_published_fixture,DDO53,DDO53-published-circular-speed,3,1.604552342375511e+19,8107.936747711531,11200.0,4900.0,-3092.063252288469,1.0,4.0970080295147096e-12
baseline_33x33x9,refracted_gravity_published_fixture,DDO53,DDO53-published-circular-speed,4,1.9439768763395613e+19,9732.093646266314,13020.0,4110.0,-3287.906353733686,1.0,4.872159123520007e-12
baseline_33x33x9,refracted_gravity_published_fixture,DDO53,DDO53-published-circular-speed,5,2.252544634488698e+19,11197.574315813292,14560.0,4019.9999999999995,-3362.425684186708,1.0,5.566401155314849e-12
baseline_33x33x9,refracted_gravity_published_fixture,DDO53,DDO53-published-circular-speed,6,2.591969168452748e+19,12802.557028060388,18100.0,5210.0,-5297.442971939612,1.0,6.3235885847585244e-12
baseline_33x33x9,refracted_gravity_published_fixture,DDO53,DDO53-published-circular-speed,7,2.900536926601885e+19,14252.50243521606,19590.0,6440.0,-5337.49756478394,1.0,7.0033180340793155e-12
baseline_33x33x9,refracted_gravity_published_fixture,DDO53,DDO53-published-circular-speed,8,3.2399614605659357e+19,15813.454167701675,23230.0,6560.0,-7416.545832298325,1.0,7.718157631119528e-12
baseline_33x33x9,refracted_gravity_published_fixture,DDO101,DDO101-published-circular-speed,0,5.862787404833597e+18,3286.894427648302,19420.0,4120.0,-16133.105572351698,1.0,1.8427540063278314e-12
baseline_33x33x9,refracted_gravity_published_fixture,DDO101,DDO101-published-circular-speed,1,1.1417007051518058e+19,6237.3524750744455,29470.0,4900.0,-23232.647524925553,1.0,3.4075976061646014e-12
baseline_33x33x9,refracted_gravity_published_fixture,DDO101,DDO101-published-circular-speed,2,1.7279794456351658e+19,9062.958224435113,37920.0,3670.0,-28857.04177556489,1.0,4.75336740754253e-12
baseline_33x33x9,refracted_gravity_published_fixture,DDO101,DDO101-published-circular-speed,3,2.2834014103036117e+19,11567.947647125122,43590.0,3070.0,-32022.052352874878,1.0,5.860441890015065e-12
baseline_33x33x9,refracted_gravity_published_fixture,DDO101,DDO101-published-circular-speed,4,2.8696801507869716e+19,14060.0237220939,49900.0,3220.0,-35839.9762779061,1.0,6.8887212747954134e-12
baseline_33x33x9,refracted_gravity_published_fixture,DDO101,DDO101-published-circular-speed,5,3.4559588912703316e+19,16414.779284554497,54750.0,2660.0,-38335.2207154455,1.0,7.796533102325115e-12
baseline_33x33x9,refracted_gravity_published_fixture,DDO101,DDO101-published-circular-speed,6,4.011380855938777e+19,18600.24791673645,56560.0,2420.0,-37959.75208326355,1.0,8.624691471313613e-12
baseline_33x33x9,refracted_gravity_published_fixture,DDO101,DDO101-published-circular-speed,7,4.597659596422137e+19,20865.698490155377,58340.0,2480.0,-37474.30150984462,1.0,9.469543456868352e-12
baseline_33x33x9,refracted_gravity_published_fixture,DDO101,DDO101-published-circular-speed,8,5.183938336905496e+19,23131.791175470258,59740.0,2540.0,-36608.20882452974,1.0,1.0321877464788183e-11
baseline_33x33x9,refracted_gravity_published_fixture,DDO101,DDO101-published-circular-speed,9,5.739360301573943e+19,25357.60475874114,59930.0,3570.0,-34572.395241258855,1.0,1.1203480620029986e-11
baseline_33x33x9,refracted_gravity_published_fixture,DDO50,DDO50-published-circular-speed,0,7.714193953728418e+18,4198.167772697847,5830.0,10060.0,-1631.8322273021531,1.0,2.2846991861282523e-12
baseline_33x33x9,refracted_gravity_published_fixture,DDO50,DDO50-published-circular-speed,1,1.51198201493077e+19,8182.176432372276,13080.0,2750.0,-4897.823567627724,1.0,4.427831185117219e-12
baseline_33x33x9,refracted_gravity_published_fixture,DDO50,DDO50-published-circular-speed,2,2.2834014103036117e+19,12283.6046986574,29230.0,4570.0,-16946.3953013426,1.0,6.607990330215987e-12
baseline_33x33x9,refracted_gravity_published_fixture,DDO50,DDO50-published-circular-speed,3,3.0548208056764535e+19,16147.112085360392,34750.0,4790.0,-18602.887914639607,1.0,8.535008934491536e-12
baseline_33x33x9,refracted_gravity_published_fixture,DDO50,DDO50-published-circular-speed,4,3.826240201049295e+19,19530.960420532294,40010.0,5020.0,-20479.039579467706,1.0,9.969536539911666e-12
baseline_33x33x9,refracted_gravity_published_fixture,DDO50,DDO50-published-circular-speed,5,4.566802820607223e+19,22653.682395939064,40290.0,7450.0,-17636.317604060936,1.0,1.123738742956814e-11
baseline_33x33x9,refracted_gravity_published_fixture,DDO50,DDO50-published-circular-speed,6,5.338222215980065e+19,25836.349700047118,43470.0,5640.0,-17633.650299952882,1.0,1.250448068319263e-11
baseline_33x33x9,refracted_gravity_published_fixture,DDO50,DDO50-published-circular-speed,7,6.109641611352907e+19,28710.293243516324,42130.0,5560.0,-13419.706756483676,1.0,1.3491477742279091e-11
baseline_33x33x9,refracted_gravity_published_fixture,DDO50,DDO50-published-circular-speed,8,6.881061006725748e+19,31391.881067865663,42130.0,5650.0,-10738.118932134337,1.0,1.4321195467033574e-11
baseline_33x33x9,refracted_gravity_published_fixture,DDO50,DDO50-published-circular-speed,9,7.621623626283678e+19,33920.02730368308,40940.0,6560.0,-7019.972696316923,1.0,1.5096104304006748e-11
baseline_33x33x9,refracted_gravity_published_fixture,DDO50,DDO50-published-circular-speed,10,8.39304302165652e+19,36615.31682443388,41570.0,5980.0,-4954.683175566119,1.0,1.5973722792726292e-11
baseline_33x33x9,refracted_gravity_published_fixture,DDO50,DDO50-published-circular-speed,11,9.164462417029361e+19,39504.617435664935,41690.0,4400.0,-2185.3825643350647,1.0,1.7028983564145727e-11
baseline_33x33x9,refracted_gravity_published_fixture,DDO50,DDO50-published-circular-speed,12,9.905025036587288e+19,42370.8304706412,39960.0,3930.0,2410.830470641202,1.0,1.8125015011475138e-11
baseline_33x33x9,refracted_gravity_published_fixture,DDO50,DDO50-published-circular-speed,13,1.067644443196013e+20,45383.94418027085,39330.0,4040.0,6053.944180270853,1.0,1.9292025566041294e-11
baseline_33x33x9,refracted_gravity_published_fixture,DDO50,DDO50-published-circular-speed,14,1.1447863827332973e+20,48378.915282208676,38590.0,3980.0,9788.915282208676,1.0,2.0445032184038467e-11
baseline_33x33x9,refracted_gravity_published_fixture,DDO50,DDO50-published-circular-speed,15,1.2219283222705814e+20,51192.93561723932,40130.0,4270.0,11062.935617239324,1.0,2.1447384509764105e-11
baseline_33x33x9,refracted_gravity_published_fixture,DDO50,DDO50-published-circular-speed,16,1.2959845842263743e+20,53679.0390039688,43820.0,3940.0,9859.039003968799,1.0,2.2233591845613285e-11
baseline_33x33x9,refracted_gravity_published_fixture,DDO50,DDO50-published-circular-speed,17,1.3731265237636584e+20,55989.17517761428,45590.0,4050.0,10399.175177614277,1.0,2.2829562191234292e-11
baseline_33x33x9,refracted_gravity_published_fixture,DDO50,DDO50-published-circular-speed,18,1.4502684633009426e+20,57918.98080033003,44660.0,4300.0,13258.980800330028,1.0,2.313094728208876e-11
baseline_33x33x9,refracted_gravity_published_fixture,DDO50,DDO50-published-circular-speed,19,1.527410402838227e+20,59721.04766072471,45340.0,4280.0,14381.047660724711,1.0,2.3350656294255337e-11
baseline_33x33x9,refracted_gravity_published_fixture,DDO50,DDO50-published-circular-speed,20,1.6014666647940196e+20,61452.18703131419,43220.0,4810.0,18232.18703131419,1.0,2.358070494971768e-11
baseline_33x33x9,refracted_gravity_published_fixture,DDO50,DDO50-published-circular-speed,21,1.678608604331304e+20,63134.106716689545,40390.0,5600.0,22744.106716689545,1.0,2.3745353268352792e-11
baseline_33x33x9,refracted_gravity_published_fixture,DDO50,DDO50-published-circular-speed,22,1.755750543868588e+20,64910.376983127295,39000.0,6580.0,25910.376983127295,1.0,2.3997469656526887e-11
baseline_33x33x9,refracted_gravity_published_fixture,DDO50,DDO50-published-circular-speed,23,1.8298068058243806e+20,66749.29431110801,38290.0,7660.0,28459.29431110801,1.0,2.4349391842072632e-11
baseline_33x33x9,refracted_gravity_published_fixture,DDO50,DDO50-published-circular-speed,24,1.906948745361665e+20,68729.73615941028,40040.0,9630.0,28689.736159410284,1.0,2.477138750599327e-11
baseline_33x33x9,refracted_gravity_published_fixture,DDO50,DDO50-published-circular-speed,25,1.984090684898949e+20,70669.15993704065,37630.0,10130.0,33039.15993704065,1.0,2.5170876534110567e-11
baseline_33x33x9,refracted_gravity_published_fixture,NGC1569,NGC1569-published-circular-speed,0,7.714193953728418e+18,9176.66803572627,3510.0,6120.0,5666.66803572627,1.0,1.0916401213534351e-11
baseline_33x33x9,refracted_gravity_published_fixture,NGC1569,NGC1569-published-circular-speed,1,1.51198201493077e+19,17724.333000181825,5590.0,7210.0,12134.333000181825,1.0,2.0777494520377526e-11
baseline_33x33x9,refracted_gravity_published_fixture,NGC1569,NGC1569-published-circular-speed,2,2.2834014103036117e+19,26348.985930317842,10710.0,9330.0,15638.985930317842,1.0,3.0405037696099795e-11
baseline_33x33x9,refracted_gravity_published_fixture,NGC1569,NGC1569-published-circular-speed,3,3.0548208056764535e+19,34681.92179760789,23060.0,6670.0,11621.921797607887,1.0,3.937500024028531e-11
baseline_33x33x9,refracted_gravity_published_fixture,NGC1569,NGC1569-published-circular-speed,4,3.826240201049295e+19,42715.732309812614,34800.0,7470.0,7915.732309812614,1.0,4.768738215293404e-11
baseline_33x33x9,refracted_gravity_published_fixture,NGC1569,NGC1569-published-circular-speed,5,4.566802820607223e+19,49928.46712174482,43020.0,6890.0,6908.467121744819,1.0,5.4586368780329606e-11
baseline_33x33x9,refracted_gravity_published_fixture,NGC1569,NGC1569-published-circular-speed,6,5.338222215980065e+19,54666.4744093261,50250.0,9720.0,4416.474409326103,1.0,5.5981622784446966e-11
baseline_33x33x9,refracted_gravity_published_fixture,NGC1569,NGC1569-published-circular-speed,7,6.109641611352907e+19,58280.17832158314,54710.0,14120.0,3570.1783215831383,1.0,5.559375494110852e-11
baseline_33x33x9,refracted_gravity_published_fixture,NGC1569,NGC1569-published-circular-speed,8,6.881061006725748e+19,61426.348486818795,56350.0,18530.0,5076.348486818795,1.0,5.483451294409503e-11
baseline_33x33x9,refracted_gravity_published_fixture,NGC1569,NGC1569-published-circular-speed,9,7.621623626283678e+19,64168.046740231766,55870.0,22350.0,8298.046740231766,1.0,5.402442346086158e-11
coarse_25x25x9,newtonian_poisson,DDO53,DDO53-published-circular-speed,0,6.47992292113187e+18,1857.7104278573472,3140.0,4920.0,-1282.2895721426528,1.0,5.325816488519457e-13
coarse_25x25x9,newtonian_poisson,DDO53,DDO53-published-circular-speed,1,9.565600502623238e+18,2735.138902486199,5810.0,4920.0,-3074.861097513801,1.0,7.82071634064359e-13
coarse_25x25x9,newtonian_poisson,DDO53,DDO53-published-circular-speed,2,1.295984584226374e+19,3694.9186794663997,7110.0,1820.0,-3415.0813205336003,1.0,1.0534403120249622e-12
coarse_25x25x9,newtonian_poisson,DDO53,DDO53-published-circular-speed,3,1.604552342375511e+19,4562.524135709768,11200.0,4900.0,-6637.475864290232,1.0,1.2973479231045541e-12
coarse_25x25x9,newtonian_poisson,DDO53,DDO53-published-circular-speed,4,1.9439768763395613e+19,5495.393600033876,13020.0,4110.0,-7524.606399966124,1.0,1.553483026822705e-12
coarse_25x25x9,newtonian_poisson,DDO53,DDO53-published-circular-speed,5,2.252544634488698e+19,6206.489006990805,14560.0,4019.9999999999995,-8353.510993009195,1.0,1.7100884574765121e-12
coarse_25x25x9,newtonian_poisson,DDO53,DDO53-published-circular-speed,6,2.591969168452748e+19,6912.646438840813,18100.0,5210.0,-11187.353561159187,1.0,1.843566712521631e-12
coarse_25x25x9,newtonian_poisson,DDO53,DDO53-published-circular-speed,7,2.900536926601885e+19,7512.664236305185,19590.0,6440.0,-12077.335763694815,1.0,1.9458509012530045e-12
coarse_25x25x9,newtonian_poisson,DDO53,DDO53-published-circular-speed,8,3.2399614605659357e+19,8138.604703311886,23230.0,6560.0,-15091.395296688115,1.0,2.04437266686501e-12
coarse_25x25x9,newtonian_poisson,DDO101,DDO101-published-circular-speed,0,5.862787404833597e+18,2053.087345774761,19420.0,4120.0,-17366.912654225238,1.0,7.189698957709505e-13
coarse_25x25x9,newtonian_poisson,DDO101,DDO101-published-circular-speed,1,1.1417007051518058e+19,3925.8341207211006,29470.0,4900.0,-25544.1658792789,1.0,1.3499311574278779e-12
coarse_25x25x9,newtonian_poisson,DDO101,DDO101-published-circular-speed,2,1.7279794456351658e+19,5523.9295918979,37920.0,3670.0,-32396.0704081021,1.0,1.7658658043255326e-12
coarse_25x25x9,newtonian_poisson,DDO101,DDO101-published-circular-speed,3,2.2834014103036117e+19,6830.651705193745,43590.0,3070.0,-36759.34829480625,1.0,2.0433464964647797e-12
coarse_25x25x9,newtonian_poisson,DDO101,DDO101-published-circular-speed,4,2.8696801507869716e+19,8095.74251285919,49900.0,3220.0,-41804.25748714081,1.0,2.2839147009656065e-12
coarse_25x25x9,newtonian_poisson,DDO101,DDO101-published-circular-speed,5,3.4559588912703316e+19,9272.297505220085,54750.0,2660.0,-45477.702494779915,1.0,2.4877466350216912e-12
coarse_25x25x9,newtonian_poisson,DDO101,DDO101-published-circular-speed,6,4.011380855938777e+19,10371.179780786873,56560.0,2420.0,-46188.82021921313,1.0,2.681405079903091e-12
coarse_25x25x9,newtonian_poisson,DDO101,DDO101-published-circular-speed,7,4.597659596422137e+19,11506.868975235502,58340.0,2480.0,-46833.1310247645,1.0,2.8799007589921677e-12
coarse_25x25x9,newtonian_poisson,DDO101,DDO101-published-circular-speed,8,5.183938336905496e+19,12577.591606145232,59740.0,2540.0,-47162.40839385477,1.0,3.0516530161006602e-12
coarse_25x25x9,newtonian_poisson,DDO101,DDO101-published-circular-speed,9,5.739360301573943e+19,13469.016934372963,59930.0,3570.0,-46460.983065627035,1.0,3.1608821827874295e-12
coarse_25x25x9,newtonian_poisson,DDO50,DDO50-published-circular-speed,0,7.714193953728418e+18,2119.0532838096688,5830.0,10060.0,-3710.9467161903312,1.0,5.820941042653265e-13
coarse_25x25x9,newtonian_poisson,DDO50,DDO50-published-circular-speed,1,1.51198201493077e+19,4123.1195193593385,13080.0,2750.0,-8956.880480640662,1.0,1.124359575910721e-12
coarse_25x25x9,newtonian_poisson,DDO50,DDO50-published-circular-speed,2,2.2834014103036117e+19,6178.845663526739,29230.0,4570.0,-23051.15433647326,1.0,1.6719852042399698e-12
coarse_25x25x9,newtonian_poisson,DDO50,DDO50-published-circular-speed,3,3.0548208056764535e+19,8201.701899099462,34750.0,4790.0,-26548.298100900538,1.0,2.2020248754589733e-12
coarse_25x25x9,newtonian_poisson,DDO50,DDO50-published-circular-speed,4,3.826240201049295e+19,10115.266332132376,40010.0,5020.0,-29894.733667867622,1.0,2.674129369659314e-12
coarse_25x25x9,newtonian_poisson,DDO50,DDO50-published-circular-speed,5,4.566802820607223e+19,11613.60623358262,40290.0,7450.0,-28676.39376641738,1.0,2.9533977061609884e-12
coarse_25x25x9,newtonian_poisson,DDO50,DDO50-published-circular-speed,6,5.338222215980065e+19,13067.930728380388,43470.0,5640.0,-30402.069271619614,1.0,3.1990203219817803e-12
coarse_25x25x9,newtonian_poisson,DDO50,DDO50-published-circular-speed,7,6.109641611352907e+19,14478.667763346903,42130.0,5560.0,-27651.3322366531,1.0,3.4311639460462612e-12
coarse_25x25x9,newtonian_poisson,DDO50,DDO50-published-circular-speed,8,6.881061006725748e+19,15864.94823758693,42130.0,5650.0,-26265.05176241307,1.0,3.657816466607361e-12
coarse_25x25x9,newtonian_poisson,DDO50,DDO50-published-circular-speed,9,7.621623626283678e+19,17134.905197869433,40940.0,6560.0,-23805.094802130567,1.0,3.852262858106198e-12
coarse_25x25x9,newtonian_poisson,DDO50,DDO50-published-circular-speed,10,8.39304302165652e+19,18358.65597215888,41570.0,5980.0,-23211.34402784112,1.0,4.015709775756204e-12
coarse_25x25x9,newtonian_poisson,DDO50,DDO50-published-circular-speed,11,9.164462417029361e+19,19516.76988372456,41690.0,4400.0,-22173.23011627544,1.0,4.156319152844834e-12
coarse_25x25x9,newtonian_poisson,DDO50,DDO50-published-circular-speed,12,9.905025036587288e+19,20569.135220855875,39960.0,3930.0,-19390.864779144125,1.0,4.271461426609643e-12
coarse_25x25x9,newtonian_poisson,DDO50,DDO50-published-circular-speed,13,1.067644443196013e+20,21609.74462700901,39330.0,4040.0,-17720.25537299099,1.0,4.3739380260962965e-12
coarse_25x25x9,newtonian_poisson,DDO50,DDO50-published-circular-speed,14,1.1447863827332973e+20,22538.86283526129,38590.0,3980.0,-16051.13716473871,1.0,4.43751205961953e-12
coarse_25x25x9,newtonian_poisson,DDO50,DDO50-published-circular-speed,15,1.2219283222705814e+20,23360.02536864833,40130.0,4270.0,-16769.97463135167,1.0,4.465816654530877e-12
coarse_25x25x9,newtonian_poisson,DDO50,DDO50-published-circular-speed,16,1.2959845842263743e+20,24064.71675399329,43820.0,3940.0,-19755.28324600671,1.0,4.468499081689462e-12
coarse_25x25x9,newtonian_poisson,DDO50,DDO50-published-circular-speed,17,1.3731265237636584e+20,24734.518687579664,45590.0,4050.0,-20855.481312420336,1.0,4.455499213789345e-12
coarse_25x25x9,newtonian_poisson,DDO50,DDO50-published-circular-speed,18,1.4502684633009426e+20,25322.950970686925,44660.0,4300.0,-19337.049029313075,1.0,4.421607875305145e-12
coarse_25x25x9,newtonian_poisson,DDO50,DDO50-published-circular-speed,19,1.527410402838227e+20,25731.809072285567,45340.0,4280.0,-19608.190927714433,1.0,4.33495802373873e-12
coarse_25x25x9,newtonian_poisson,DDO50,DDO50-published-circular-speed,20,1.6014666647940196e+20,26062.854048778634,43220.0,4810.0,-17157.145951221366,1.0,4.2415641617823165e-12
coarse_25x25x9,newtonian_poisson,DDO50,DDO50-published-circular-speed,21,1.678608604331304e+20,26376.6847574644,40390.0,5600.0,-14013.315242535598,1.0,4.144679688877253e-12
coarse_25x25x9,newtonian_poisson,DDO50,DDO50-published-circular-speed,22,1.755750543868588e+20,26656.450417109812,39000.0,6580.0,-12343.549582890188,1.0,4.047080328815877e-12
coarse_25x25x9,newtonian_poisson,DDO50,DDO50-published-circular-speed,23,1.8298068058243806e+20,26868.917019943703,38290.0,7660.0,-11421.082980056297,1.0,3.945436750626613e-12
coarse_25x25x9,newtonian_poisson,DDO50,DDO50-published-circular-speed,24,1.906948745361665e+20,27019.20333711889,40040.0,9630.0,-13020.796662881108,1.0,3.828300843157274e-12
coarse_25x25x9,newtonian_poisson,DDO50,DDO50-published-circular-speed,25,1.984090684898949e+20,27089.057170416403,37630.0,10130.0,-10540.942829583597,1.0,3.698505436103402e-12
coarse_25x25x9,newtonian_poisson,NGC1569,NGC1569-published-circular-speed,0,7.714193953728418e+18,3760.087705248537,3510.0,6120.0,250.08770524853708,1.0,1.8327591496876895e-12
coarse_25x25x9,newtonian_poisson,NGC1569,NGC1569-published-circular-speed,1,1.51198201493077e+19,7232.42522365654,5590.0,7210.0,1642.4252236565399,1.0,3.4595632817880058e-12
coarse_25x25x9,newtonian_poisson,NGC1569,NGC1569-published-circular-speed,2,2.2834014103036117e+19,10702.10000546807,10710.0,9330.0,-7.899994531930133,1.0,5.015979407309315e-12
coarse_25x25x9,newtonian_poisson,NGC1569,NGC1569-published-circular-speed,3,3.0548208056764535e+19,14016.699804681217,23060.0,6670.0,-9043.300195318783,1.0,6.431404193970226e-12
coarse_25x25x9,newtonian_poisson,NGC1569,NGC1569-published-circular-speed,4,3.826240201049295e+19,17171.01795692442,34800.0,7470.0,-17628.98204307558,1.0,7.705837641770737e-12
coarse_25x25x9,newtonian_poisson,NGC1569,NGC1569-published-circular-speed,5,4.566802820607223e+19,20043.094053075507,43020.0,6890.0,-22976.905946924493,1.0,8.79664910005936e-12
coarse_25x25x9,newtonian_poisson,NGC1569,NGC1569-published-circular-speed,6,5.338222215980065e+19,22866.240645352827,50250.0,9720.0,-27383.759354647173,1.0,9.794739523693487e-12
coarse_25x25x9,newtonian_poisson,NGC1569,NGC1569-published-circular-speed,7,6.109641611352907e+19,25306.954739402154,54710.0,14120.0,-29403.045260597846,1.0,1.0482479970544965e-11
coarse_25x25x9,newtonian_poisson,NGC1569,NGC1569-published-circular-speed,8,6.881061006725748e+19,26203.975229897223,56350.0,18530.0,-30146.024770102777,1.0,9.97881456330524e-12
coarse_25x25x9,newtonian_poisson,NGC1569,NGC1569-published-circular-speed,9,7.621623626283678e+19,26452.765519633685,55870.0,22350.0,-29417.234480366315,1.0,9.18109890947108e-12
coarse_25x25x9,aqual_simple_mu,DDO53,DDO53-published-circular-speed,0,6.47992292113187e+18,5966.26891487595,3140.0,4920.0,2826.26891487595,1.0,5.493331509936744e-12
coarse_25x25x9,aqual_simple_mu,DDO53,DDO53-published-circular-speed,1,9.565600502623238e+18,8710.48075387698,5810.0,4920.0,2900.48075387698,1.0,7.931804693584504e-12
coarse_25x25x9,aqual_simple_mu,DDO53,DDO53-published-circular-speed,2,1.295984584226374e+19,11655.22429496581,7110.0,1820.0,4545.22429496581,1.0,1.0481934354724771e-11
coarse_25x25x9,aqual_simple_mu,DDO53,DDO53-published-circular-speed,3,1.604552342375511e+19,14263.877756394948,11200.0,4900.0,3063.877756394948,1.0,1.2680060554968395e-11
coarse_25x25x9,aqual_simple_mu,DDO53,DDO53-published-circular-speed,4,1.9439768763395613e+19,16969.995728238144,13020.0,4110.0,3949.995728238144,1.0,1.4814001057393146e-11
coarse_25x25x9,aqual_simple_mu,DDO53,DDO53-published-circular-speed,5,2.252544634488698e+19,18711.665712704264,14560.0,4019.9999999999995,4151.665712704264,1.0,1.5543595824171853e-11
coarse_25x25x9,aqual_simple_mu,DDO53,DDO53-published-circular-speed,6,2.591969168452748e+19,20316.49386510308,18100.0,5210.0,2216.493865103079,1.0,1.5924569165194362e-11
coarse_25x25x9,aqual_simple_mu,DDO53,DDO53-published-circular-speed,7,2.900536926601885e+19,21651.993110926724,19590.0,6440.0,2061.9931109267236,1.0,1.616282838449672e-11
coarse_25x25x9,aqual_simple_mu,DDO53,DDO53-published-circular-speed,8,3.2399614605659357e+19,23038.423502185866,23230.0,6560.0,-191.5764978141342,1.0,1.6381952807962065e-11
coarse_25x25x9,aqual_simple_mu,DDO101,DDO101-published-circular-speed,0,5.862787404833597e+18,8274.49584850923,19420.0,4120.0,-11145.50415149077,1.0,1.167828147589803e-11
coarse_25x25x9,aqual_simple_mu,DDO101,DDO101-published-circular-speed,1,1.1417007051518058e+19,14764.078332225683,29470.0,4900.0,-14705.921667774317,1.0,1.9092395057346708e-11
coarse_25x25x9,aqual_simple_mu,DDO101,DDO101-published-circular-speed,2,1.7279794456351658e+19,17153.28175995217,37920.0,3670.0,-20766.71824004783,1.0,1.7027695316604516e-11
coarse_25x25x9,aqual_simple_mu,DDO101,DDO101-published-circular-speed,3,2.2834014103036117e+19,18630.3836036544,43590.0,3070.0,-24959.6163963456,1.0,1.5200620953157944e-11
coarse_25x25x9,aqual_simple_mu,DDO101,DDO101-published-circular-speed,4,2.8696801507869716e+19,21462.10674480233,49900.0,3220.0,-28437.89325519767,1.0,1.6051336794414884e-11
coarse_25x25x9,aqual_simple_mu,DDO101,DDO101-published-circular-speed,5,3.4559588912703316e+19,24328.60526392242,54750.0,2660.0,-30421.39473607758,1.0,1.7126391045415237e-11
coarse_25x25x9,aqual_simple_mu,DDO101,DDO101-published-circular-speed,6,4.011380855938777e+19,26869.361110674734,56560.0,2420.0,-29690.638889325266,1.0,1.799785640964475e-11
coarse_25x25x9,aqual_simple_mu,DDO101,DDO101-published-circular-speed,7,4.597659596422137e+19,29482.28188843435,58340.0,2480.0,-28857.71811156565,1.0,1.8905378423959716e-11
coarse_25x25x9,aqual_simple_mu,DDO101,DDO101-published-circular-speed,8,5.183938336905496e+19,31978.95081217123,59740.0,2540.0,-27761.04918782877,1.0,1.9727342969471552e-11
coarse_25x25x9,aqual_simple_mu,DDO101,DDO101-published-circular-speed,9,5.739360301573943e+19,34125.73018618762,59930.0,3570.0,-25804.26981381238,1.0,2.0290858206290172e-11
coarse_25x25x9,aqual_simple_mu,DDO50,DDO50-published-circular-speed,0,7.714193953728418e+18,6058.240068652537,5830.0,10060.0,228.24006865253705,1.0,4.757758613482642e-12
coarse_25x25x9,aqual_simple_mu,DDO50,DDO50-published-circular-speed,1,1.51198201493077e+19,11664.232893466944,13080.0,2750.0,-1415.767106533056,1.0,8.998409217140446e-12
coarse_25x25x9,aqual_simple_mu,DDO50,DDO50-published-circular-speed,2,2.2834014103036117e+19,17278.96071462086,29230.0,4570.0,-11951.039285379142,1.0,1.3075339361278257e-11
coarse_25x25x9,aqual_simple_mu,DDO50,DDO50-published-circular-speed,3,3.0548208056764535e+19,22657.445293445075,34750.0,4790.0,-12092.554706554925,1.0,1.680490804146461e-11
coarse_25x25x9,aqual_simple_mu,DDO50,DDO50-published-circular-speed,4,3.826240201049295e+19,27433.0795630485,40010.0,5020.0,-12576.9204369515,1.0,1.966875613575347e-11
coarse_25x25x9,aqual_simple_mu,DDO50,DDO50-published-circular-speed,5,4.566802820607223e+19,30435.340393555205,40290.0,7450.0,-9854.659606444795,1.0,2.0283554628014498e-11
coarse_25x25x9,aqual_simple_mu,DDO50,DDO50-published-circular-speed,6,5.338222215980065e+19,33184.510779129814,43470.0,5640.0,-10285.489220870186,1.0,2.0628810699443827e-11
coarse_25x25x9,aqual_simple_mu,DDO50,DDO50-published-circular-speed,7,6.109641611352907e+19,35862.743960425076,42130.0,5560.0,-6267.256039574924,1.0,2.1050930417606043e-11
coarse_25x25x9,aqual_simple_mu,DDO50,DDO50-published-circular-speed,8,6.881061006725748e+19,38516.337669305176,42130.0,5650.0,-3613.662330694824,1.0,2.1559295376191443e-11
coarse_25x25x9,aqual_simple_mu,DDO50,DDO50-published-circular-speed,9,7.621623626283678e+19,41105.37756464436,40940.0,6560.0,165.37756464436097,1.0,2.216918792611446e-11
coarse_25x25x9,aqual_simple_mu,DDO50,DDO50-published-circular-speed,10,8.39304302165652e+19,43734.06020031806,41570.0,5980.0,2164.060200318061,1.0,2.2788731294118217e-11
coarse_25x25x9,aqual_simple_mu,DDO50,DDO50-published-circular-speed,11,9.164462417029361e+19,46223.02336201028,41690.0,4400.0,4533.023362010281,1.0,2.3313619408322174e-11
coarse_25x25x9,aqual_simple_mu,DDO50,DDO50-published-circular-speed,12,9.905025036587288e+19,48491.04694607853,39960.0,3930.0,8531.046946078532,1.0,2.3739280064828036e-11
coarse_25x25x9,aqual_simple_mu,DDO50,DDO50-published-circular-speed,13,1.067644443196013e+20,50744.8339843439,39330.0,4040.0,11414.833984343903,1.0,2.4118873961355527e-11
coarse_25x25x9,aqual_simple_mu,DDO50,DDO50-published-circular-speed,14,1.1447863827332973e+20,52837.24812177951,38590.0,3980.0,14247.248121779507,1.0,2.4386862310650807e-11
coarse_25x25x9,aqual_simple_mu,DDO50,DDO50-published-circular-speed,15,1.2219283222705814e+20,54761.507328837135,40130.0,4270.0,14631.507328837135,1.0,2.4541723358649102e-11
coarse_25x25x9,aqual_simple_mu,DDO50,DDO50-published-circular-speed,16,1.2959845842263743e+20,56470.39792035336,43820.0,3940.0,12650.39792035336,1.0,2.4606047634329203e-11
coarse_25x25x9,aqual_simple_mu,DDO50,DDO50-published-circular-speed,17,1.3731265237636584e+20,58146.31601854717,45590.0,4050.0,12556.316018547172,1.0,2.462259673829365e-11
coarse_25x25x9,aqual_simple_mu,DDO50,DDO50-published-circular-speed,18,1.4502684633009426e+20,59691.80022565747,44660.0,4300.0,15031.80022565747,1.0,2.4568630597329806e-11
coarse_25x25x9,aqual_simple_mu,DDO50,DDO50-published-circular-speed,19,1.527410402838227e+20,60940.702856130934,45340.0,4280.0,15600.702856130934,1.0,2.4314154582804568e-11
coarse_25x25x9,aqual_simple_mu,DDO50,DDO50-published-circular-speed,20,1.6014666647940196e+20,62053.772622115,43220.0,4810.0,18833.772622115,1.0,2.4044650952084734e-11
coarse_25x25x9,aqual_simple_mu,DDO50,DDO50-published-circular-speed,21,1.678608604331304e+20,63178.87610141569,40390.0,5600.0,22788.87610141569,1.0,2.3779041613027652e-11
coarse_25x25x9,aqual_simple_mu,DDO50,DDO50-published-circular-speed,22,1.755750543868588e+20,64257.56390984557,39000.0,6580.0,25257.563909845572,1.0,2.3517204844658915e-11
coarse_25x25x9,aqual_simple_mu,DDO50,DDO50-published-circular-speed,23,1.8298068058243806e+20,65211.2467902268,38290.0,7660.0,26921.246790226804,1.0,2.3240195054471822e-11
coarse_25x25x9,aqual_simple_mu,DDO50,DDO50-published-circular-speed,24,1.906948745361665e+20,66095.58141110091,40040.0,9630.0,26055.58141110091,1.0,2.2908984274996495e-11
coarse_25x25x9,aqual_simple_mu,DDO50,DDO50-published-circular-speed,25,1.984090684898949e+20,66836.76895060235,37630.0,10130.0,29206.768950602345,1.0,2.2514866471356464e-11
coarse_25x25x9,aqual_simple_mu,NGC1569,NGC1569-published-circular-speed,0,7.714193953728418e+18,24505.376455822257,3510.0,6120.0,20995.376455822257,1.0,7.784526534380539e-11
coarse_25x25x9,aqual_simple_mu,NGC1569,NGC1569-published-circular-speed,1,1.51198201493077e+19,46702.86584601894,5590.0,7210.0,41112.86584601894,1.0,1.4425817613519115e-10
coarse_25x25x9,aqual_simple_mu,NGC1569,NGC1569-published-circular-speed,2,2.2834014103036117e+19,68379.76896255255,10710.0,9330.0,57669.76896255255,1.0,2.0477314160677294e-10
coarse_25x25x9,aqual_simple_mu,NGC1569,NGC1569-published-circular-speed,3,3.0548208056764535e+19,88509.71329794718,23060.0,6670.0,65449.71329794718,1.0,2.5644611734762847e-10
coarse_25x25x9,aqual_simple_mu,NGC1569,NGC1569-published-circular-speed,4,3.826240201049295e+19,107009.62966579395,34800.0,7470.0,72209.62966579395,1.0,2.9927710335775754e-10
coarse_25x25x9,aqual_simple_mu,NGC1569,NGC1569-published-circular-speed,5,4.566802820607223e+19,123147.35120361065,43020.0,6890.0,80127.35120361065,1.0,3.320763059888139e-10
coarse_25x25x9,aqual_simple_mu,NGC1569,NGC1569-published-circular-speed,6,5.338222215980065e+19,138160.24910567372,50250.0,9720.0,87910.24910567372,1.0,3.575769921267193e-10
coarse_25x25x9,aqual_simple_mu,NGC1569,NGC1569-published-circular-speed,7,6.109641611352907e+19,149434.08183297023,54710.0,14120.0,94724.08183297023,1.0,3.6549680380217936e-10
coarse_25x25x9,aqual_simple_mu,NGC1569,NGC1569-published-circular-speed,8,6.881061006725748e+19,147096.62440623483,56350.0,18530.0,90746.62440623483,1.0,3.1444884576026693e-10
coarse_25x25x9,aqual_simple_mu,NGC1569,NGC1569-published-circular-speed,9,7.621623626283678e+19,139496.23121580476,55870.0,22350.0,83626.23121580476,1.0,2.553156581532957e-10
coarse_25x25x9,qumond_simple_nu,DDO53,DDO53-published-circular-speed,0,6.47992292113187e+18,4486.138888569715,3140.0,4920.0,1346.1388885697152,1.0,3.1058150494207027e-12
coarse_25x25x9,qumond_simple_nu,DDO53,DDO53-published-circular-speed,1,9.565600502623238e+18,6595.100705237163,5810.0,4920.0,785.1007052371633,1.0,4.547059361332486e-12
coarse_25x25x9,qumond_simple_nu,DDO53,DDO53-published-circular-speed,2,1.295984584226374e+19,8894.442097542844,7110.0,1820.0,1784.4420975428438,1.0,6.1043241709365685e-12
coarse_25x25x9,qumond_simple_nu,DDO53,DDO53-published-circular-speed,3,1.604552342375511e+19,10965.979240537474,11200.0,4900.0,-234.02075946252626,1.0,7.494470421941292e-12
coarse_25x25x9,qumond_simple_nu,DDO53,DDO53-published-circular-speed,4,1.9439768763395613e+19,13185.997363873981,13020.0,4110.0,165.99736387398116,1.0,8.944063512086807e-12
coarse_25x25x9,qumond_simple_nu,DDO53,DDO53-published-circular-speed,5,2.252544634488698e+19,14884.347288472398,14560.0,4019.9999999999995,324.34728847239785,1.0,9.835267670695615e-12
coarse_25x25x9,qumond_simple_nu,DDO53,DDO53-published-circular-speed,6,2.591969168452748e+19,16588.233414915714,18100.0,5210.0,-1511.766585084286,1.0,1.061623306237034e-11
coarse_25x25x9,qumond_simple_nu,DDO53,DDO53-published-circular-speed,7,2.900536926601885e+19,18052.996319634025,19590.0,6440.0,-1537.003680365975,1.0,1.1236218823062506e-11
coarse_25x25x9,qumond_simple_nu,DDO53,DDO53-published-circular-speed,8,3.2399614605659357e+19,19599.399746022824,23230.0,6560.0,-3630.600253977176,1.0,1.1856204929588916e-11
coarse_25x25x9,qumond_simple_nu,DDO101,DDO101-published-circular-speed,0,5.862787404833597e+18,4861.113920186334,19420.0,4120.0,-14558.886079813667,1.0,4.03057912786453e-12
coarse_25x25x9,qumond_simple_nu,DDO101,DDO101-published-circular-speed,1,1.1417007051518058e+19,9308.70096855386,29470.0,4900.0,-20161.299031446142,1.0,7.58972236164415e-12
coarse_25x25x9,qumond_simple_nu,DDO101,DDO101-published-circular-speed,2,1.7279794456351658e+19,13108.948789350863,37920.0,3670.0,-24811.051210649137,1.0,9.944825373698662e-12
coarse_25x25x9,qumond_simple_nu,DDO101,DDO101-published-circular-speed,3,2.2834014103036117e+19,16173.808995584563,43590.0,3070.0,-27416.191004415436,1.0,1.1456246643504947e-11
coarse_25x25x9,qumond_simple_nu,DDO101,DDO101-published-circular-speed,4,2.8696801507869716e+19,19043.913504557033,49900.0,3220.0,-30856.086495442967,1.0,1.2638016172972872e-11
coarse_25x25x9,qumond_simple_nu,DDO101,DDO101-published-circular-speed,5,3.4559588912703316e+19,21627.519597212493,54750.0,2660.0,-33122.48040278751,1.0,1.3534582402277254e-11
coarse_25x25x9,qumond_simple_nu,DDO101,DDO101-published-circular-speed,6,4.011380855938777e+19,24033.988310469118,56560.0,2420.0,-32526.011689530882,1.0,1.439984421455748e-11
coarse_25x25x9,qumond_simple_nu,DDO101,DDO101-published-circular-speed,7,4.597659596422137e+19,26527.019765677655,58340.0,2480.0,-31812.980234322345,1.0,1.5305238739211e-11
coarse_25x25x9,qumond_simple_nu,DDO101,DDO101-published-circular-speed,8,5.183938336905496e+19,28909.872484087144,59740.0,2540.0,-30830.127515912856,1.0,1.612250518290483e-11
coarse_25x25x9,qumond_simple_nu,DDO101,DDO101-published-circular-speed,9,5.739360301573943e+19,30977.538801971867,59930.0,3570.0,-28952.461198028133,1.0,1.6719771190606607e-11
coarse_25x25x9,qumond_simple_nu,DDO50,DDO50-published-circular-speed,0,7.714193953728418e+18,4390.233666592674,5830.0,10060.0,-1439.7663334073259,1.0,2.4985308592050875e-12
coarse_25x25x9,qumond_simple_nu,DDO50,DDO50-published-circular-speed,1,1.51198201493077e+19,8552.738662098482,13080.0,2750.0,-4527.261337901518,1.0,4.8379767682291815e-12
coarse_25x25x9,qumond_simple_nu,DDO50,DDO50-published-circular-speed,2,2.2834014103036117e+19,12833.87708553037,29230.0,4570.0,-16396.12291446963,1.0,7.213291552824306e-12
coarse_25x25x9,qumond_simple_nu,DDO50,DDO50-published-circular-speed,3,3.0548208056764535e+19,17058.555558899505,34750.0,4790.0,-17691.444441100495,1.0,9.525740993230664e-12
coarse_25x25x9,qumond_simple_nu,DDO50,DDO50-published-circular-speed,4,3.826240201049295e+19,21088.627345573914,40010.0,5020.0,-18921.372654426086,1.0,1.162316477670499e-11
coarse_25x25x9,qumond_simple_nu,DDO50,DDO50-published-circular-speed,5,4.566802820607223e+19,24326.147339092135,40290.0,7450.0,-15963.852660907865,1.0,1.2957893467459495e-11
coarse_25x25x9,qumond_simple_nu,DDO50,DDO50-published-circular-speed,6,5.338222215980065e+19,27464.440756912903,43470.0,5640.0,-16005.559243087097,1.0,1.4130088174898028e-11
coarse_25x25x9,qumond_simple_nu,DDO50,DDO50-published-circular-speed,7,6.109641611352907e+19,30484.191401447923,42130.0,5560.0,-11645.808598552077,1.0,1.5210154449539508e-11
coarse_25x25x9,qumond_simple_nu,DDO50,DDO50-published-circular-speed,8,6.881061006725748e+19,33432.27588365314,42130.0,5650.0,-8697.724116346857,1.0,1.624338266537975e-11
coarse_25x25x9,qumond_simple_nu,DDO50,DDO50-published-circular-speed,9,7.621623626283678e+19,36078.094829709225,40940.0,6560.0,-4861.905170290775,1.0,1.7078105537155327e-11
coarse_25x25x9,qumond_simple_nu,DDO50,DDO50-published-circular-speed,10,8.39304302165652e+19,38571.29768355661,41570.0,5980.0,-2998.702316443392,1.0,1.772593088293149e-11
coarse_25x25x9,qumond_simple_nu,DDO50,DDO50-published-circular-speed,11,9.164462417029361e+19,40928.965769347145,41690.0,4400.0,-761.0342306528546,1.0,1.827908897128083e-11
coarse_25x25x9,qumond_simple_nu,DDO50,DDO50-published-circular-speed,12,9.905025036587288e+19,43090.88173160351,39960.0,3930.0,3130.881731603513,1.0,1.8746283644395488e-11
coarse_25x25x9,qumond_simple_nu,DDO50,DDO50-published-circular-speed,13,1.067644443196013e+20,45260.07820039176,39330.0,4040.0,5930.078200391763,1.0,1.9186862178324383e-11
coarse_25x25x9,qumond_simple_nu,DDO50,DDO50-published-circular-speed,14,1.1447863827332973e+20,47255.338753167576,38590.0,3980.0,8665.338753167576,1.0,1.950640813306095e-11
coarse_25x25x9,qumond_simple_nu,DDO50,DDO50-published-circular-speed,15,1.2219283222705814e+20,49102.37791876199,40130.0,4270.0,8972.377918761988,1.0,1.9731464385707464e-11
coarse_25x25x9,qumond_simple_nu,DDO50,DDO50-published-circular-speed,16,1.2959845842263743e+20,50765.62255097734,43820.0,3940.0,6945.622550977343,1.0,1.9885641112982095e-11
coarse_25x25x9,qumond_simple_nu,DDO50,DDO50-published-circular-speed,17,1.3731265237636584e+20,52414.21328185503,45590.0,4050.0,6824.213281855031,1.0,2.0007258664159655e-11
coarse_25x25x9,qumond_simple_nu,DDO50,DDO50-published-circular-speed,18,1.4502684633009426e+20,53959.83354326605,44660.0,4300.0,9299.833543266053,1.0,2.007672172219597e-11
coarse_25x25x9,qumond_simple_nu,DDO50,DDO50-published-circular-speed,19,1.527410402838227e+20,55307.25538629867,45340.0,4280.0,9967.255386298668,1.0,2.0026657489573486e-11
coarse_25x25x9,qumond_simple_nu,DDO50,DDO50-published-circular-speed,20,1.6014666647940196e+20,56511.01542364079,43220.0,4810.0,13291.01542364079,1.0,1.9941063616342676e-11
coarse_25x25x9,qumond_simple_nu,DDO50,DDO50-published-circular-speed,21,1.678608604331304e+20,57705.76102106258,40390.0,5600.0,17315.76102106258,1.0,1.983758957524537e-11
coarse_25x25x9,qumond_simple_nu,DDO50,DDO50-published-circular-speed,22,1.755750543868588e+20,58842.14672431422,39000.0,6580.0,19842.146724314218,1.0,1.9720331246469325e-11
coarse_25x25x9,qumond_simple_nu,DDO50,DDO50-published-circular-speed,23,1.8298068058243806e+20,59843.09864455764,38290.0,7660.0,21553.098644557642,1.0,1.957144570663472e-11
coarse_25x25x9,qumond_simple_nu,DDO50,DDO50-published-circular-speed,24,1.906948745361665e+20,60759.04035845901,40040.0,9630.0,20719.04035845901,1.0,1.9358994279527444e-11
coarse_25x25x9,qumond_simple_nu,DDO50,DDO50-published-circular-speed,25,1.984090684898949e+20,61569.77781766055,37630.0,10130.0,23939.77781766055,1.0,1.9106170747982494e-11
coarse_25x25x9,qumond_simple_nu,NGC1569,NGC1569-published-circular-speed,0,7.714193953728418e+18,5223.080427458767,3510.0,6120.0,1713.0804274587672,1.0,3.536412140443739e-12
coarse_25x25x9,qumond_simple_nu,NGC1569,NGC1569-published-circular-speed,1,1.51198201493077e+19,10134.369675145312,5590.0,7210.0,4544.369675145312,1.0,6.7927692061342106e-12
coarse_25x25x9,qumond_simple_nu,NGC1569,NGC1569-published-circular-speed,2,2.2834014103036117e+19,15141.44702742666,10710.0,9330.0,4431.4470274266605,1.0,1.0040434285878964e-11
coarse_25x25x9,qumond_simple_nu,NGC1569,NGC1569-published-circular-speed,3,3.0548208056764535e+19,20035.649833739666,23060.0,6670.0,-3024.350166260334,1.0,1.3140779436695666e-11
coarse_25x25x9,qumond_simple_nu,NGC1569,NGC1569-published-circular-speed,4,3.826240201049295e+19,24815.068481168793,34800.0,7470.0,-9984.931518831207,1.0,1.6093804658584303e-11
coarse_25x25x9,qumond_simple_nu,NGC1569,NGC1569-published-circular-speed,5,4.566802820607223e+19,29293.468322728142,43020.0,6890.0,-13726.531677271858,1.0,1.8790110282461884e-11
coarse_25x25x9,qumond_simple_nu,NGC1569,NGC1569-published-circular-speed,6,5.338222215980065e+19,33842.029049713696,50250.0,9720.0,-16407.970950286304,1.0,2.1454388443651537e-11
coarse_25x25x9,qumond_simple_nu,NGC1569,NGC1569-published-circular-speed,7,6.109641611352907e+19,38088.629744883714,54710.0,14120.0,-16621.370255116286,1.0,2.374515246765171e-11
coarse_25x25x9,qumond_simple_nu,NGC1569,NGC1569-published-circular-speed,8,6.881061006725748e+19,40956.15744835159,56350.0,18530.0,-15393.842551648413,1.0,2.437715391993501e-11
coarse_25x25x9,qumond_simple_nu,NGC1569,NGC1569-published-circular-speed,9,7.621623626283678e+19,43121.09177865781,55870.0,22350.0,-12748.908221342193,1.0,2.439675123514452e-11
coarse_25x25x9,refracted_gravity_published_fixture,DDO53,DDO53-published-circular-speed,0,6.47992292113187e+18,3263.160530160307,3140.0,4920.0,123.16053016030719,1.0,1.6432628559316472e-12
coarse_25x25x9,refracted_gravity_published_fixture,DDO53,DDO53-published-circular-speed,1,9.565600502623238e+18,4811.88562215102,5810.0,4920.0,-998.1143778489804,1.0,2.4205739341000036e-12
coarse_25x25x9,refracted_gravity_published_fixture,DDO53,DDO53-published-circular-speed,2,1.295984584226374e+19,6511.628867358663,7110.0,1820.0,-598.3711326413368,1.0,3.2717449746155537e-12
coarse_25x25x9,refracted_gravity_published_fixture,DDO53,DDO53-published-circular-speed,3,1.604552342375511e+19,8053.340188017185,11200.0,4900.0,-3146.659811982815,1.0,4.042017606475467e-12
coarse_25x25x9,refracted_gravity_published_fixture,DDO53,DDO53-published-circular-speed,4,1.9439768763395613e+19,9738.787556347008,13020.0,4110.0,-3281.212443652992,1.0,4.878863746890196e-12
coarse_25x25x9,refracted_gravity_published_fixture,DDO53,DDO53-published-circular-speed,5,2.252544634488698e+19,11213.344445004761,14560.0,4019.9999999999995,-3346.655554995239,1.0,5.582091103418266e-12
coarse_25x25x9,refracted_gravity_published_fixture,DDO53,DDO53-published-circular-speed,6,2.591969168452748e+19,12802.824848800954,18100.0,5210.0,-5297.175151199046,1.0,6.3238531578259915e-12
coarse_25x25x9,refracted_gravity_published_fixture,DDO53,DDO53-published-circular-speed,7,2.900536926601885e+19,14229.574749476438,19590.0,6440.0,-5360.425250523562,1.0,6.980803991630377e-12
coarse_25x25x9,refracted_gravity_published_fixture,DDO53,DDO53-published-circular-speed,8,3.2399614605659357e+19,15783.487942545924,23230.0,6560.0,-7446.512057454076,1.0,7.688933793335249e-12
coarse_25x25x9,refracted_gravity_published_fixture,DDO101,DDO101-published-circular-speed,0,5.862787404833597e+18,3209.392288723198,19420.0,4120.0,-16210.607711276802,1.0,1.7568774290577016e-12
coarse_25x25x9,refracted_gravity_published_fixture,DDO101,DDO101-published-circular-speed,1,1.1417007051518058e+19,6187.6900649603485,29470.0,4900.0,-23282.30993503965,1.0,3.3535503803440426e-12
coarse_25x25x9,refracted_gravity_published_fixture,DDO101,DDO101-published-circular-speed,2,1.7279794456351658e+19,8990.337401434856,37920.0,3670.0,-28929.662598565144,1.0,4.677495834560034e-12
coarse_25x25x9,refracted_gravity_published_fixture,DDO101,DDO101-published-circular-speed,3,2.2834014103036117e+19,11453.411024225148,43590.0,3070.0,-32136.588975774852,1.0,5.744965536847933e-12
coarse_25x25x9,refracted_gravity_published_fixture,DDO101,DDO101-published-circular-speed,4,2.8696801507869716e+19,13923.425936306256,49900.0,3220.0,-35976.57406369374,1.0,6.755519068933229e-12
coarse_25x25x9,refracted_gravity_published_fixture,DDO101,DDO101-published-circular-speed,5,3.4559588912703316e+19,16287.429240401416,54750.0,2660.0,-38462.57075959859,1.0,7.676027395209324e-12
coarse_25x25x9,refracted_gravity_published_fixture,DDO101,DDO101-published-circular-speed,6,4.011380855938777e+19,18504.871874332715,56560.0,2420.0,-38055.12812566728,1.0,8.53646899616894e-12
coarse_25x25x9,refracted_gravity_published_fixture,DDO101,DDO101-published-circular-speed,7,4.597659596422137e+19,20839.394295438564,58340.0,2480.0,-37500.605704561436,1.0,9.445683080554964e-12
coarse_25x25x9,refracted_gravity_published_fixture,DDO101,DDO101-published-circular-speed,8,5.183938336905496e+19,23224.039762935347,59740.0,2540.0,-36515.96023706465,1.0,1.040436802788757e-11
coarse_25x25x9,refracted_gravity_published_fixture,DDO101,DDO101-published-circular-speed,9,5.739360301573943e+19,25599.56556249564,59930.0,3570.0,-34330.43443750436,1.0,1.1418306615265034e-11
coarse_25x25x9,refracted_gravity_published_fixture,DDO50,DDO50-published-circular-speed,0,7.714193953728418e+18,3827.7123762829992,5830.0,10060.0,-2002.2876237170008,1.0,1.8992758185019122e-12
coarse_25x25x9,refracted_gravity_published_fixture,DDO50,DDO50-published-circular-speed,1,1.51198201493077e+19,7461.19506121499,13080.0,2750.0,-5618.80493878501,1.0,3.6818845192446246e-12
coarse_25x25x9,refracted_gravity_published_fixture,DDO50,DDO50-published-circular-speed,2,2.2834014103036117e+19,11202.872220548694,29230.0,4570.0,-18027.127779451308,1.0,5.496376827290038e-12
coarse_25x25x9,refracted_gravity_published_fixture,DDO50,DDO50-published-circular-speed,3,3.0548208056764535e+19,14900.08492767747,34750.0,4790.0,-19849.915072322532,1.0,7.267612242245394e-12
coarse_25x25x9,refracted_gravity_published_fixture,DDO50,DDO50-published-circular-speed,4,3.826240201049295e+19,18457.54105355101,40010.0,5020.0,-21552.45894644899,1.0,8.903801221107177e-12
coarse_25x25x9,refracted_gravity_published_fixture,DDO50,DDO50-published-circular-speed,5,4.566802820607223e+19,21451.087035375116,40290.0,7450.0,-18838.912964624884,1.0,1.0075958018657238e-11
coarse_25x25x9,refracted_gravity_published_fixture,DDO50,DDO50-published-circular-speed,6,5.338222215980065e+19,24440.772314071866,43470.0,5640.0,-19029.227685928134,1.0,1.119008027654075e-11
coarse_25x25x9,refracted_gravity_published_fixture,DDO50,DDO50-published-circular-speed,7,6.109641611352907e+19,27387.12997929923,42130.0,5560.0,-14742.870020700771,1.0,1.2276577518217797e-11
coarse_25x25x9,refracted_gravity_published_fixture,DDO50,DDO50-published-circular-speed,8,6.881061006725748e+19,30325.12691064532,42130.0,5650.0,-11804.873089354682,1.0,1.3364411698252468e-11
coarse_25x25x9,refracted_gravity_published_fixture,DDO50,DDO50-published-circular-speed,9,7.621623626283678e+19,33108.50204948416,40940.0,6560.0,-7831.497950515841,1.0,1.4382406711615509e-11
coarse_25x25x9,refracted_gravity_published_fixture,DDO50,DDO50-published-circular-speed,10,8.39304302165652e+19,35972.37739991921,41570.0,5980.0,-5597.622600080787,1.0,1.5417673095006034e-11
coarse_25x25x9,refracted_gravity_published_fixture,DDO50,DDO50-published-circular-speed,11,9.164462417029361e+19,38831.95090965209,41690.0,4400.0,-2858.0490903479076,1.0,1.645399743958379e-11
coarse_25x25x9,refracted_gravity_published_fixture,DDO50,DDO50-published-circular-speed,12,9.905025036587288e+19,41552.796495701325,39960.0,3930.0,1592.7964957013246,1.0,1.7431908452884327e-11
coarse_25x25x9,refracted_gravity_published_fixture,DDO50,DDO50-published-circular-speed,13,1.067644443196013e+20,44352.24261769733,39330.0,4040.0,5022.242617697331,1.0,1.8424873915237864e-11
coarse_25x25x9,refracted_gravity_published_fixture,DDO50,DDO50-published-circular-speed,14,1.1447863827332973e+20,47163.786549861754,38590.0,3980.0,8573.786549861754,1.0,1.9430898159444197e-11
coarse_25x25x9,refracted_gravity_published_fixture,DDO50,DDO50-published-circular-speed,15,1.2219283222705814e+20,49894.66944343998,40130.0,4270.0,9764.669443439983,1.0,2.0373355732062973e-11
coarse_25x25x9,refracted_gravity_published_fixture,DDO50,DDO50-published-circular-speed,16,1.2959845842263743e+20,52397.084966320755,43820.0,3940.0,8577.084966320755,1.0,2.1184314585089838e-11
coarse_25x25x9,refracted_gravity_published_fixture,DDO50,DDO50-published-circular-speed,17,1.3731265237636584e+20,54887.92299690798,45590.0,4050.0,9297.922996907982,1.0,2.1940324061739853e-11
coarse_25x25x9,refracted_gravity_published_fixture,DDO50,DDO50-published-circular-speed,18,1.4502684633009426e+20,57261.94620506106,44660.0,4300.0,12601.94620506106,1.0,2.2609127662668496e-11
coarse_25x25x9,refracted_gravity_published_fixture,DDO50,DDO50-published-circular-speed,19,1.527410402838227e+20,59409.360702791644,45340.0,4280.0,14069.360702791644,1.0,2.3107555982046183e-11
coarse_25x25x9,refracted_gravity_published_fixture,DDO50,DDO50-published-circular-speed,20,1.6014666647940196e+20,61417.294641277316,43220.0,4810.0,18197.294641277316,1.0,2.3553934427593196e-11
coarse_25x25x9,refracted_gravity_published_fixture,DDO50,DDO50-published-circular-speed,21,1.678608604331304e+20,63528.97018425792,40390.0,5600.0,23138.970184257923,1.0,2.4043306118284188e-11
coarse_25x25x9,refracted_gravity_published_fixture,DDO50,DDO50-published-circular-speed,22,1.755750543868588e+20,65687.99051383625,39000.0,6580.0,26687.990513836252,1.0,2.457588358901171e-11
coarse_25x25x9,refracted_gravity_published_fixture,DDO50,DDO50-published-circular-speed,23,1.8298068058243806e+20,67707.4150170771,38290.0,7660.0,29417.415017077103,1.0,2.5053432054699138e-11
coarse_25x25x9,refracted_gravity_published_fixture,DDO50,DDO50-published-circular-speed,24,1.906948745361665e+20,69717.7388775971,40040.0,9630.0,29677.738877597105,1.0,2.54886930025116e-11
coarse_25x25x9,refracted_gravity_published_fixture,DDO50,DDO50-published-circular-speed,25,1.984090684898949e+20,71678.51794980765,37630.0,10130.0,34048.51794980765,1.0,2.5895035819608067e-11
coarse_25x25x9,refracted_gravity_published_fixture,NGC1569,NGC1569-published-circular-speed,0,7.714193953728418e+18,7902.6927732379245,3510.0,6120.0,4392.6927732379245,1.0,8.095797622252212e-12
coarse_25x25x9,refracted_gravity_published_fixture,NGC1569,NGC1569-published-circular-speed,1,1.51198201493077e+19,15302.781978644232,5590.0,7210.0,9712.781978644232,1.0,1.5487957791392184e-11
coarse_25x25x9,refracted_gravity_published_fixture,NGC1569,NGC1569-published-circular-speed,2,2.2834014103036117e+19,22813.24453305512,10710.0,9330.0,12103.24453305512,1.0,2.2792493854848264e-11
coarse_25x25x9,refracted_gravity_published_fixture,NGC1569,NGC1569-published-circular-speed,3,3.0548208056764535e+19,30117.733501391373,23060.0,6670.0,7057.733501391373,1.0,2.969332504136755e-11
coarse_25x25x9,refracted_gravity_published_fixture,NGC1569,NGC1569-published-circular-speed,4,3.826240201049295e+19,37212.008794624846,34800.0,7470.0,2412.008794624846,1.0,3.6190451350950014e-11
coarse_25x25x9,refracted_gravity_published_fixture,NGC1569,NGC1569-published-circular-speed,5,4.566802820607223e+19,43820.58982097899,43020.0,6890.0,800.5898209789884,1.0,4.2047887059927026e-11
coarse_25x25x9,refracted_gravity_published_fixture,NGC1569,NGC1569-published-circular-speed,6,5.338222215980065e+19,50489.616636725244,50250.0,9720.0,239.61663672524446,1.0,4.7753751810713344e-11
coarse_25x25x9,refracted_gravity_published_fixture,NGC1569,NGC1569-published-circular-speed,7,6.109641611352907e+19,56610.44100831481,54710.0,14120.0,1900.4410083148105,1.0,5.2453846477686264e-11
coarse_25x25x9,refracted_gravity_published_fixture,NGC1569,NGC1569-published-circular-speed,8,6.881061006725748e+19,60262.77619918186,56350.0,18530.0,3912.7761991818625,1.0,5.2776776600048265e-11
coarse_25x25x9,refracted_gravity_published_fixture,NGC1569,NGC1569-published-circular-speed,9,7.621623626283678e+19,62722.75326752538,55870.0,22350.0,6852.753267525382,1.0,5.161818492180207e-11
fine_49x49x17,newtonian_poisson,DDO53,DDO53-published-circular-speed,0,6.47992292113187e+18,2021.676856130533,3140.0,4920.0,-1118.323143869467,1.0,6.307447419297258e-13
fine_49x49x17,newtonian_poisson,DDO53,DDO53-published-circular-speed,1,9.565600502623238e+18,2960.9303374180417,5810.0,4920.0,-2849.0696625819583,1.0,9.165246301722778e-13
fine_49x49x17,newtonian_poisson,DDO53,DDO53-published-circular-speed,2,1.295984584226374e+19,3838.297318936872,7110.0,1820.0,-3271.702681063128,1.0,1.136782527189737e-12
fine_49x49x17,newtonian_poisson,DDO53,DDO53-published-circular-speed,3,1.604552342375511e+19,4605.322932773253,11200.0,4900.0,-6594.677067226747,1.0,1.3218016486596938e-12
fine_49x49x17,newtonian_poisson,DDO53,DDO53-published-circular-speed,4,1.9439768763395613e+19,5457.870596477107,13020.0,4110.0,-7562.129403522893,1.0,1.5323408323652372e-12
fine_49x49x17,newtonian_poisson,DDO53,DDO53-published-circular-speed,5,2.252544634488698e+19,6264.077433740658,14560.0,4019.9999999999995,-8295.922566259342,1.0,1.7419706360138643e-12
fine_49x49x17,newtonian_poisson,DDO53,DDO53-published-circular-speed,6,2.591969168452748e+19,7143.194773683784,18100.0,5210.0,-10956.805226316217,1.0,1.9685894491269107e-12
fine_49x49x17,newtonian_poisson,DDO53,DDO53-published-circular-speed,7,2.900536926601885e+19,7899.938781737218,19590.0,6440.0,-11690.061218262781,1.0,2.151637242843546e-12
fine_49x49x17,newtonian_poisson,DDO53,DDO53-published-circular-speed,8,3.2399614605659357e+19,8607.244636251677,23230.0,6560.0,-14622.755363748323,1.0,2.2865907860318387e-12
fine_49x49x17,newtonian_poisson,DDO101,DDO101-published-circular-speed,0,5.862787404833597e+18,2003.114272990449,19420.0,4120.0,-17416.88572700955,1.0,6.843957513025225e-13
fine_49x49x17,newtonian_poisson,DDO101,DDO101-published-circular-speed,1,1.1417007051518058e+19,3622.31132058944,29470.0,4900.0,-25847.68867941056,1.0,1.14926260832306e-12
fine_49x49x17,newtonian_poisson,DDO101,DDO101-published-circular-speed,2,1.7279794456351658e+19,5383.745444026549,37920.0,3670.0,-32536.25455597345,1.0,1.6773761446810793e-12
fine_49x49x17,newtonian_poisson,DDO101,DDO101-published-circular-speed,3,2.2834014103036117e+19,6677.403111152582,43590.0,3070.0,-36912.596888847416,1.0,1.9526883055967627e-12
fine_49x49x17,newtonian_poisson,DDO101,DDO101-published-circular-speed,4,2.8696801507869716e+19,7799.989015398305,49900.0,3220.0,-42100.01098460169,1.0,2.120090931515476e-12
fine_49x49x17,newtonian_poisson,DDO101,DDO101-published-circular-speed,5,3.4559588912703316e+19,8900.455690219173,54750.0,2660.0,-45849.54430978083,1.0,2.292217991760778e-12
fine_49x49x17,newtonian_poisson,DDO101,DDO101-published-circular-speed,6,4.011380855938777e+19,9947.051715085554,56560.0,2420.0,-46612.94828491445,1.0,2.4665780033352333e-12
fine_49x49x17,newtonian_poisson,DDO101,DDO101-published-circular-speed,7,4.597659596422137e+19,11058.09843257804,58340.0,2480.0,-47281.90156742196,1.0,2.659647552849355e-12
fine_49x49x17,newtonian_poisson,DDO101,DDO101-published-circular-speed,8,5.183938336905496e+19,12191.779436463525,59740.0,2540.0,-47548.22056353647,1.0,2.8673081384703317e-12
fine_49x49x17,newtonian_poisson,DDO101,DDO101-published-circular-speed,9,5.739360301573943e+19,13173.450111110664,59930.0,3570.0,-46756.549888889334,1.0,3.023678227385909e-12
fine_49x49x17,newtonian_poisson,DDO50,DDO50-published-circular-speed,0,7.714193953728418e+18,2740.2020096784777,5830.0,10060.0,-3089.7979903215223,1.0,9.733624924243532e-13
fine_49x49x17,newtonian_poisson,DDO50,DDO50-published-circular-speed,1,1.51198201493077e+19,5287.2851842288455,13080.0,2750.0,-7792.7148157711545,1.0,1.8489230918957633e-12
fine_49x49x17,newtonian_poisson,DDO50,DDO50-published-circular-speed,2,2.2834014103036117e+19,7647.611012406545,29230.0,4570.0,-21582.388987593455,1.0,2.561352284936414e-12
fine_49x49x17,newtonian_poisson,DDO50,DDO50-published-circular-speed,3,3.0548208056764535e+19,9711.242735700747,34750.0,4790.0,-25038.757264299253,1.0,3.087193700411409e-12
fine_49x49x17,newtonian_poisson,DDO50,DDO50-published-circular-speed,4,3.826240201049295e+19,11638.838780173288,40010.0,5020.0,-28371.16121982671,1.0,3.5403571399860587e-12
fine_49x49x17,newtonian_poisson,DDO50,DDO50-published-circular-speed,5,4.566802820607223e+19,13100.101991864203,40290.0,7450.0,-27189.898008135795,1.0,3.7578296882637476e-12
fine_49x49x17,newtonian_poisson,DDO50,DDO50-published-circular-speed,6,5.338222215980065e+19,14430.670026542675,43470.0,5640.0,-29039.329973457323,1.0,3.901003536188027e-12
fine_49x49x17,newtonian_poisson,DDO50,DDO50-published-circular-speed,7,6.109641611352907e+19,15364.686097900034,42130.0,5560.0,-26765.313902099966,1.0,3.863951339606103e-12
fine_49x49x17,newtonian_poisson,DDO50,DDO50-published-circular-speed,8,6.881061006725748e+19,16019.228750296934,42130.0,5650.0,-26110.771249703066,1.0,3.729304092835629e-12
fine_49x49x17,newtonian_poisson,DDO50,DDO50-published-circular-speed,9,7.621623626283678e+19,16712.356305996767,40940.0,6560.0,-24227.643694003233,1.0,3.664610941104404e-12
fine_49x49x17,newtonian_poisson,DDO50,DDO50-published-circular-speed,10,8.39304302165652e+19,17750.4291700038,41570.0,5980.0,-23819.5708299962,1.0,3.754034560603688e-12
fine_49x49x17,newtonian_poisson,DDO50,DDO50-published-circular-speed,11,9.164462417029361e+19,18980.768504982763,41690.0,4400.0,-22709.231495017237,1.0,3.931158824660511e-12
fine_49x49x17,newtonian_poisson,DDO50,DDO50-published-circular-speed,12,9.905025036587288e+19,20351.050440626652,39960.0,3930.0,-19608.949559373348,1.0,4.1813650395337935e-12
fine_49x49x17,newtonian_poisson,DDO50,DDO50-published-circular-speed,13,1.067644443196013e+20,21746.271999315402,39330.0,4040.0,-17583.728000684598,1.0,4.429380482256559e-12
fine_49x49x17,newtonian_poisson,DDO50,DDO50-published-circular-speed,14,1.1447863827332973e+20,22757.211859764764,38590.0,3980.0,-15832.788140235236,1.0,4.52390681302218e-12
fine_49x49x17,newtonian_poisson,DDO50,DDO50-published-circular-speed,15,1.2219283222705814e+20,23436.381867299955,40130.0,4270.0,-16693.618132700045,1.0,4.495059039218163e-12
fine_49x49x17,newtonian_poisson,DDO50,DDO50-published-circular-speed,16,1.2959845842263743e+20,23818.69678049121,43820.0,3940.0,-20001.30321950879,1.0,4.3776008081118096e-12
fine_49x49x17,newtonian_poisson,DDO50,DDO50-published-circular-speed,17,1.3731265237636584e+20,23987.49487829474,45590.0,4050.0,-21602.50512170526,1.0,4.190436209469462e-12
fine_49x49x17,newtonian_poisson,DDO50,DDO50-published-circular-speed,18,1.4502684633009426e+20,24083.58298603167,44660.0,4300.0,-20576.41701396833,1.0,3.999390348218e-12
fine_49x49x17,newtonian_poisson,DDO50,DDO50-published-circular-speed,19,1.527410402838227e+20,24174.20303993585,45340.0,4280.0,-21165.79696006415,1.0,3.826031900333591e-12
fine_49x49x17,newtonian_poisson,DDO50,DDO50-published-circular-speed,20,1.6014666647940196e+20,24344.083934855866,43220.0,4810.0,-18875.916065144134,1.0,3.7005729538774515e-12
fine_49x49x17,newtonian_poisson,DDO50,DDO50-published-circular-speed,21,1.678608604331304e+20,24554.334846489422,40390.0,5600.0,-15835.665153510578,1.0,3.5917566381932385e-12
fine_49x49x17,newtonian_poisson,DDO50,DDO50-published-circular-speed,22,1.755750543868588e+20,24777.272508690763,39000.0,6580.0,-14222.727491309237,1.0,3.4965857485496674e-12
fine_49x49x17,newtonian_poisson,DDO50,DDO50-published-circular-speed,23,1.8298068058243806e+20,24936.090426268256,38290.0,7660.0,-13353.909573731744,1.0,3.3982199856715734e-12
fine_49x49x17,newtonian_poisson,DDO50,DDO50-published-circular-speed,24,1.906948745361665e+20,24967.246953918446,40040.0,9630.0,-15072.753046081554,1.0,3.2689049560150877e-12
fine_49x49x17,newtonian_poisson,DDO50,DDO50-published-circular-speed,25,1.984090684898949e+20,24848.61244595127,37630.0,10130.0,-12781.387554048732,1.0,3.112022777933317e-12
fine_49x49x17,newtonian_poisson,NGC1569,NGC1569-published-circular-speed,0,7.714193953728418e+18,8386.784497213932,3510.0,6120.0,4876.784497213932,1.0,9.118017335915202e-12
fine_49x49x17,newtonian_poisson,NGC1569,NGC1569-published-circular-speed,1,1.51198201493077e+19,15865.743394277024,5590.0,7210.0,10275.743394277024,1.0,1.6648466117142987e-11
fine_49x49x17,newtonian_poisson,NGC1569,NGC1569-published-circular-speed,2,2.2834014103036117e+19,23025.644808002704,10710.0,9330.0,12315.644808002704,1.0,2.3218883742119026e-11
fine_49x49x17,newtonian_poisson,NGC1569,NGC1569-published-circular-speed,3,3.0548208056764535e+19,29286.884082730707,23060.0,6670.0,6226.884082730707,1.0,2.8077639699241636e-11
fine_49x49x17,newtonian_poisson,NGC1569,NGC1569-published-circular-speed,4,3.826240201049295e+19,31227.72049306351,34800.0,7470.0,-3572.279506936491,1.0,2.5486390711316847e-11
fine_49x49x17,newtonian_poisson,NGC1569,NGC1569-published-circular-speed,5,4.566802820607223e+19,31584.426918345005,43020.0,6890.0,-11435.573081654995,1.0,2.1844079171949758e-11
fine_49x49x17,newtonian_poisson,NGC1569,NGC1569-published-circular-speed,6,5.338222215980065e+19,31299.507018549528,50250.0,9720.0,-18950.492981450472,1.0,1.8351786418175023e-11
fine_49x49x17,newtonian_poisson,NGC1569,NGC1569-published-circular-speed,7,6.109641611352907e+19,30615.547248019935,54710.0,14120.0,-24094.452751980065,1.0,1.534151743948504e-11
fine_49x49x17,newtonian_poisson,NGC1569,NGC1569-published-circular-speed,8,6.881061006725748e+19,30164.942075151386,56350.0,18530.0,-26185.057924848614,1.0,1.3223596324866943e-11
fine_49x49x17,newtonian_poisson,NGC1569,NGC1569-published-circular-speed,9,7.621623626283678e+19,29533.010277844904,55870.0,22350.0,-26336.989722155096,1.0,1.1443738746996862e-11
fine_49x49x17,aqual_simple_mu,DDO50,DDO50-published-circular-speed,0,7.714193953728418e+18,6511.706604880319,5830.0,10060.0,681.706604880319,1.0,5.496662796188592e-12
fine_49x49x17,aqual_simple_mu,DDO50,DDO50-published-circular-speed,1,1.51198201493077e+19,12503.905989603902,13080.0,2750.0,-576.0940103960984,1.0,1.0340577034179281e-11
fine_49x49x17,aqual_simple_mu,DDO50,DDO50-published-circular-speed,2,2.2834014103036117e+19,17628.22874835923,29230.0,4570.0,-11601.77125164077,1.0,1.3609278132273704e-11
fine_49x49x17,aqual_simple_mu,DDO50,DDO50-published-circular-speed,3,3.0548208056764535e+19,21494.933499463765,34750.0,4790.0,-13255.066500536235,1.0,1.5124689647517905e-11
fine_49x49x17,aqual_simple_mu,DDO50,DDO50-published-circular-speed,4,3.826240201049295e+19,24930.02280972556,40010.0,5020.0,-15079.97719027444,1.0,1.624325720907425e-11
fine_49x49x17,aqual_simple_mu,DDO50,DDO50-published-circular-speed,5,4.566802820607223e+19,27329.131864609,40290.0,7450.0,-12960.868135391,1.0,1.6354580607311574e-11
fine_49x49x17,aqual_simple_mu,DDO50,DDO50-published-circular-speed,6,5.338222215980065e+19,29385.721714727762,43470.0,5640.0,-14084.278285272238,1.0,1.6176183863430378e-11
fine_49x49x17,aqual_simple_mu,DDO50,DDO50-published-circular-speed,7,6.109641611352907e+19,30943.251238567475,42130.0,5560.0,-11186.748761432525,1.0,1.567170151902059e-11
fine_49x49x17,aqual_simple_mu,DDO50,DDO50-published-circular-speed,8,6.881061006725748e+19,32040.6146618379,42130.0,5650.0,-10089.385338162101,1.0,1.4919225202406317e-11
fine_49x49x17,aqual_simple_mu,DDO50,DDO50-published-circular-speed,9,7.621623626283678e+19,33461.22005876181,40940.0,6560.0,-7478.779941238186,1.0,1.4690482011728904e-11
fine_49x49x17,aqual_simple_mu,DDO50,DDO50-published-circular-speed,10,8.39304302165652e+19,36083.22241513582,41570.0,5980.0,-5486.777584864183,1.0,1.5512835291093108e-11
fine_49x49x17,aqual_simple_mu,DDO50,DDO50-published-circular-speed,11,9.164462417029361e+19,39241.747916179855,41690.0,4400.0,-2448.2520838201453,1.0,1.680311085847811e-11
fine_49x49x17,aqual_simple_mu,DDO50,DDO50-published-circular-speed,12,9.905025036587288e+19,42456.935950170686,39960.0,3930.0,2496.935950170686,1.0,1.819875672821083e-11
fine_49x49x17,aqual_simple_mu,DDO50,DDO50-published-circular-speed,13,1.067644443196013e+20,45580.92359756711,39330.0,4040.0,6250.923597567111,1.0,1.94598549100097e-11
fine_49x49x17,aqual_simple_mu,DDO50,DDO50-published-circular-speed,14,1.1447863827332973e+20,47688.65830095371,38590.0,3980.0,9098.658300953713,1.0,1.9865786009047484e-11
fine_49x49x17,aqual_simple_mu,DDO50,DDO50-published-circular-speed,15,1.2219283222705814e+20,49042.177132187404,40130.0,4270.0,8912.177132187404,1.0,1.96831114724932e-11
fine_49x49x17,aqual_simple_mu,DDO50,DDO50-published-circular-speed,16,1.2959845842263743e+20,49908.36944343615,43820.0,3940.0,6088.369443436153,1.0,1.921971426835604e-11
fine_49x49x17,aqual_simple_mu,DDO50,DDO50-published-circular-speed,17,1.3731265237636584e+20,50558.18343515752,45590.0,4050.0,4968.1834351575235,1.0,1.8615399732115258e-11
fine_49x49x17,aqual_simple_mu,DDO50,DDO50-published-circular-speed,18,1.4502684633009426e+20,51208.01480303566,44660.0,4300.0,6548.014803035658,1.0,1.8081209420353907e-11
fine_49x49x17,aqual_simple_mu,DDO50,DDO50-published-circular-speed,19,1.527410402838227e+20,51983.93015181118,45340.0,4280.0,6643.930151811182,1.0,1.769222593356002e-11
fine_49x49x17,aqual_simple_mu,DDO50,DDO50-published-circular-speed,20,1.6014666647940196e+20,53008.102978237854,43220.0,4810.0,9788.102978237854,1.0,1.75455352466726e-11
fine_49x49x17,aqual_simple_mu,DDO50,DDO50-published-circular-speed,21,1.678608604331304e+20,54174.963344181524,40390.0,5600.0,13784.963344181524,1.0,1.7484282195208806e-11
fine_49x49x17,aqual_simple_mu,DDO50,DDO50-published-circular-speed,22,1.755750543868588e+20,55358.54018724058,39000.0,6580.0,16358.540187240578,1.0,1.7454461183932875e-11
fine_49x49x17,aqual_simple_mu,DDO50,DDO50-published-circular-speed,23,1.8298068058243806e+20,56354.277666279566,38290.0,7660.0,18064.277666279566,1.0,1.735595583741063e-11
fine_49x49x17,aqual_simple_mu,DDO50,DDO50-published-circular-speed,24,1.906948745361665e+20,57085.893493066644,40040.0,9630.0,17045.893493066644,1.0,1.708907616855584e-11
fine_49x49x17,aqual_simple_mu,DDO50,DDO50-published-circular-speed,25,1.984090684898949e+20,57511.252829593635,37630.0,10130.0,19881.252829593635,1.0,1.667032775872287e-11
fine_49x49x17,aqual_simple_mu,NGC1569,NGC1569-published-circular-speed,0,7.714193953728418e+18,23300.687996520388,3510.0,6120.0,19790.687996520388,1.0,7.03796228572636e-11
fine_49x49x17,aqual_simple_mu,NGC1569,NGC1569-published-circular-speed,1,1.51198201493077e+19,43264.25735180601,5590.0,7210.0,37674.25735180601,1.0,1.2379750193582861e-10
fine_49x49x17,aqual_simple_mu,NGC1569,NGC1569-published-circular-speed,2,2.2834014103036117e+19,61326.00750406702,10710.0,9330.0,50616.00750406702,1.0,1.6470512715890897e-10
fine_49x49x17,aqual_simple_mu,NGC1569,NGC1569-published-circular-speed,3,3.0548208056764535e+19,75520.1442849749,23060.0,6670.0,52460.1442849749,1.0,1.8669809313284745e-10
fine_49x49x17,aqual_simple_mu,NGC1569,NGC1569-published-circular-speed,4,3.826240201049295e+19,73963.07452448657,34800.0,7470.0,39163.07452448657,1.0,1.4297420197546754e-10
fine_49x49x17,aqual_simple_mu,NGC1569,NGC1569-published-circular-speed,5,4.566802820607223e+19,68099.48750264257,43020.0,6890.0,25079.487502642573,1.0,1.0154894748676588e-10
fine_49x49x17,aqual_simple_mu,NGC1569,NGC1569-published-circular-speed,6,5.338222215980065e+19,60956.99169423731,50250.0,9720.0,10706.99169423731,1.0,6.960659721673138e-11
fine_49x49x17,aqual_simple_mu,NGC1569,NGC1569-published-circular-speed,7,6.109641611352907e+19,54221.49272119087,54710.0,14120.0,-488.50727880912746,1.0,4.81201756163752e-11
fine_49x49x17,aqual_simple_mu,NGC1569,NGC1569-published-circular-speed,8,6.881061006725748e+19,55001.325594264024,56350.0,18530.0,-1348.6744057359756,1.0,4.3963362832699456e-11
fine_49x49x17,aqual_simple_mu,NGC1569,NGC1569-published-circular-speed,9,7.621623626283678e+19,55579.35382010756,55870.0,22350.0,-290.6461798924429,1.0,4.0530269172671544e-11
fine_49x49x17,qumond_simple_nu,DDO53,DDO53-published-circular-speed,0,6.47992292113187e+18,4710.512713583698,3140.0,4920.0,1570.5127135836983,1.0,3.4242583275910076e-12
fine_49x49x17,qumond_simple_nu,DDO53,DDO53-published-circular-speed,1,9.565600502623238e+18,6954.202496017995,5810.0,4920.0,1144.2024960179951,1.0,5.055713161171697e-12
fine_49x49x17,qumond_simple_nu,DDO53,DDO53-published-circular-speed,2,1.295984584226374e+19,9163.69573539051,7110.0,1820.0,2053.695735390511,1.0,6.4794998762227825e-12
fine_49x49x17,qumond_simple_nu,DDO53,DDO53-published-circular-speed,3,1.604552342375511e+19,11083.030927374033,11200.0,4900.0,-116.96907262596687,1.0,7.655317392468258e-12
fine_49x49x17,qumond_simple_nu,DDO53,DDO53-published-circular-speed,4,1.9439768763395613e+19,13157.098882531905,13020.0,4110.0,137.09888253190547,1.0,8.904902785195717e-12
fine_49x49x17,qumond_simple_nu,DDO53,DDO53-published-circular-speed,5,2.252544634488698e+19,14953.449314764644,14560.0,4019.9999999999995,393.44931476464444,1.0,9.926802025833827e-12
fine_49x49x17,qumond_simple_nu,DDO53,DDO53-published-circular-speed,6,2.591969168452748e+19,16846.049982172997,18100.0,5210.0,-1253.9500178270027,1.0,1.0948795358213164e-11
fine_49x49x17,qumond_simple_nu,DDO53,DDO53-published-circular-speed,7,2.900536926601885e+19,18478.04547734124,19590.0,6440.0,-1111.9545226587616,1.0,1.1771550347497276e-11
fine_49x49x17,qumond_simple_nu,DDO53,DDO53-published-circular-speed,8,3.2399614605659357e+19,20086.848839911036,23230.0,6560.0,-3143.1511600889644,1.0,1.2453280732757784e-11
fine_49x49x17,qumond_simple_nu,DDO101,DDO101-published-circular-speed,0,5.862787404833597e+18,4977.05609890096,19420.0,4120.0,-14442.943901099039,1.0,4.225138266344884e-12
fine_49x49x17,qumond_simple_nu,DDO101,DDO101-published-circular-speed,1,1.1417007051518058e+19,8717.245654180328,29470.0,4900.0,-20752.754345819674,1.0,6.655892516526191e-12
fine_49x49x17,qumond_simple_nu,DDO101,DDO101-published-circular-speed,2,1.7279794456351658e+19,12104.910339781502,37920.0,3670.0,-25815.0896602185,1.0,8.479779936287867e-12
fine_49x49x17,qumond_simple_nu,DDO101,DDO101-published-circular-speed,3,2.2834014103036117e+19,14726.441144614593,43590.0,3070.0,-28863.558855385407,1.0,9.497588457605525e-12
fine_49x49x17,qumond_simple_nu,DDO101,DDO101-published-circular-speed,4,2.8696801507869716e+19,17139.035251049438,49900.0,3220.0,-32760.964748950562,1.0,1.0236211490543963e-11
fine_49x49x17,qumond_simple_nu,DDO101,DDO101-published-circular-speed,5,3.4559588912703316e+19,19551.064964633984,54750.0,2660.0,-35198.93503536601,1.0,1.1060436575703428e-11
fine_49x49x17,qumond_simple_nu,DDO101,DDO101-published-circular-speed,6,4.011380855938777e+19,21950.902863947333,56560.0,2420.0,-34609.09713605267,1.0,1.2011877052987693e-11
fine_49x49x17,qumond_simple_nu,DDO101,DDO101-published-circular-speed,7,4.597659596422137e+19,24586.67861737377,58340.0,2480.0,-33753.32138262623,1.0,1.3148097477778597e-11
fine_49x49x17,qumond_simple_nu,DDO101,DDO101-published-circular-speed,8,5.183938336905496e+19,27234.91760768682,59740.0,2540.0,-32505.08239231318,1.0,1.4308440588825846e-11
fine_49x49x17,qumond_simple_nu,DDO101,DDO101-published-circular-speed,9,5.739360301573943e+19,29555.345296727453,59930.0,3570.0,-30374.654703272547,1.0,1.5219787392843046e-11
fine_49x49x17,qumond_simple_nu,DDO50,DDO50-published-circular-speed,0,7.714193953728418e+18,5361.745754621894,5830.0,10060.0,-468.25424537810613,1.0,3.726678083237885e-12
fine_49x49x17,qumond_simple_nu,DDO50,DDO50-published-circular-speed,1,1.51198201493077e+19,10380.896569156268,13080.0,2750.0,-2699.103430843732,1.0,7.12726821584942e-12
fine_49x49x17,qumond_simple_nu,DDO50,DDO50-published-circular-speed,2,2.2834014103036117e+19,14998.679133596901,29230.0,4570.0,-14231.320866403099,1.0,9.851985495738278e-12
fine_49x49x17,qumond_simple_nu,DDO50,DDO50-published-circular-speed,3,3.0548208056764535e+19,18889.703475907616,34750.0,4790.0,-15860.296524092384,1.0,1.168058357939272e-11
fine_49x49x17,qumond_simple_nu,DDO50,DDO50-published-circular-speed,4,3.826240201049295e+19,22458.219031984354,40010.0,5020.0,-17551.780968015646,1.0,1.3181911630907725e-11
fine_49x49x17,qumond_simple_nu,DDO50,DDO50-published-circular-speed,5,4.566802820607223e+19,25164.5313269696,40290.0,7450.0,-15125.468673030398,1.0,1.3866454536827016e-11
fine_49x49x17,qumond_simple_nu,DDO50,DDO50-published-circular-speed,6,5.338222215980065e+19,27673.59410419703,43470.0,5640.0,-15796.405895802971,1.0,1.4346120855578647e-11
fine_49x49x17,qumond_simple_nu,DDO50,DDO50-published-circular-speed,7,6.109641611352907e+19,29816.69238318576,42130.0,5560.0,-12313.30761681424,1.0,1.455134689114214e-11
fine_49x49x17,qumond_simple_nu,DDO50,DDO50-published-circular-speed,8,6.881061006725748e+19,31707.846330138847,42130.0,5650.0,-10422.153669861153,1.0,1.461093743992394e-11
fine_49x49x17,qumond_simple_nu,DDO50,DDO50-published-circular-speed,9,7.621623626283678e+19,33608.32137087409,40940.0,6560.0,-7331.678629125912,1.0,1.4819929725639156e-11
fine_49x49x17,qumond_simple_nu,DDO50,DDO50-published-circular-speed,10,8.39304302165652e+19,35913.5457292913,41570.0,5980.0,-5656.454270708702,1.0,1.5367284112828667e-11
fine_49x49x17,qumond_simple_nu,DDO50,DDO50-published-circular-speed,11,9.164462417029361e+19,38394.77770753212,41690.0,4400.0,-3295.222292467879,1.0,1.6085602058572802e-11
fine_49x49x17,qumond_simple_nu,DDO50,DDO50-published-circular-speed,12,9.905025036587288e+19,40929.429442367706,39960.0,3930.0,969.4294423677056,1.0,1.6912811308298742e-11
fine_49x49x17,qumond_simple_nu,DDO50,DDO50-published-circular-speed,13,1.067644443196013e+20,43485.911861291585,39330.0,4040.0,4155.9118612915845,1.0,1.771211888432823e-11
fine_49x49x17,qumond_simple_nu,DDO50,DDO50-published-circular-speed,14,1.1447863827332973e+20,45601.14828894368,38590.0,3980.0,7011.148288943681,1.0,1.8164652870042807e-11
fine_49x49x17,qumond_simple_nu,DDO50,DDO50-published-circular-speed,15,1.2219283222705814e+20,47312.61066751796,40130.0,4270.0,7182.610667517962,1.0,1.8319267074656195e-11
fine_49x49x17,qumond_simple_nu,DDO50,DDO50-published-circular-speed,16,1.2959845842263743e+20,48580.01783561406,43820.0,3940.0,4760.0178356140605,1.0,1.8210233066293537e-11
fine_49x49x17,qumond_simple_nu,DDO50,DDO50-published-circular-speed,17,1.3731265237636584e+20,49561.88604536379,45590.0,4050.0,3971.88604536379,1.0,1.7888960018344355e-11
fine_49x49x17,qumond_simple_nu,DDO50,DDO50-published-circular-speed,18,1.4502684633009426e+20,50428.02132276057,44660.0,4300.0,5768.021322760571,1.0,1.7534583415961e-11
fine_49x49x17,qumond_simple_nu,DDO50,DDO50-published-circular-speed,19,1.527410402838227e+20,51233.65356130996,45340.0,4280.0,5893.653561309962,1.0,1.7185212647254305e-11
fine_49x49x17,qumond_simple_nu,DDO50,DDO50-published-circular-speed,20,1.6014666647940196e+20,52103.60220311135,43220.0,4810.0,8883.602203111353,1.0,1.6951869322170657e-11
fine_49x49x17,qumond_simple_nu,DDO50,DDO50-published-circular-speed,21,1.678608604331304e+20,53040.29436083365,40390.0,5600.0,12650.29436083365,1.0,1.6759552039854976e-11
fine_49x49x17,qumond_simple_nu,DDO50,DDO50-published-circular-speed,22,1.755750543868588e+20,53985.55857303159,39000.0,6580.0,14985.558573031587,1.0,1.659939986702553e-11
fine_49x49x17,qumond_simple_nu,DDO50,DDO50-published-circular-speed,23,1.8298068058243806e+20,54809.89879045121,38290.0,7660.0,16519.89879045121,1.0,1.6417716864191355e-11
fine_49x49x17,qumond_simple_nu,DDO50,DDO50-published-circular-speed,24,1.906948745361665e+20,55485.38048865065,40040.0,9630.0,15445.380488650648,1.0,1.614425901828029e-11
fine_49x49x17,qumond_simple_nu,DDO50,DDO50-published-circular-speed,25,1.984090684898949e+20,55952.8864660972,37630.0,10130.0,18322.886466097203,1.0,1.5779145216073696e-11
fine_49x49x17,qumond_simple_nu,NGC1569,NGC1569-published-circular-speed,0,7.714193953728418e+18,10221.11810136219,3510.0,6120.0,6711.11810136219,1.0,1.3542731213220384e-11
fine_49x49x17,qumond_simple_nu,NGC1569,NGC1569-published-circular-speed,1,1.51198201493077e+19,19638.491758067565,5590.0,7210.0,14048.491758067565,1.0,2.5507602254736257e-11
fine_49x49x17,qumond_simple_nu,NGC1569,NGC1569-published-circular-speed,2,2.2834014103036117e+19,29023.8741696819,10710.0,9330.0,18313.8741696819,1.0,3.689168571134065e-11
fine_49x49x17,qumond_simple_nu,NGC1569,NGC1569-published-circular-speed,3,3.0548208056764535e+19,37787.77871083334,23060.0,6670.0,14727.778710833343,1.0,4.674304356070781e-11
fine_49x49x17,qumond_simple_nu,NGC1569,NGC1569-published-circular-speed,4,3.826240201049295e+19,43019.45652075889,34800.0,7470.0,8219.45652075889,1.0,4.836794195079394e-11
fine_49x49x17,qumond_simple_nu,NGC1569,NGC1569-published-circular-speed,5,4.566802820607223e+19,46622.75925063356,43020.0,6890.0,3602.759250633557,1.0,4.759744980304435e-11
fine_49x49x17,qumond_simple_nu,NGC1569,NGC1569-published-circular-speed,6,5.338222215980065e+19,49675.214439760006,50250.0,9720.0,-574.7855602399941,1.0,4.622563148924852e-11
fine_49x49x17,qumond_simple_nu,NGC1569,NGC1569-published-circular-speed,7,6.109641611352907e+19,52140.12475797893,54710.0,14120.0,-2569.875242021073,1.0,4.449676073840291e-11
fine_49x49x17,qumond_simple_nu,NGC1569,NGC1569-published-circular-speed,8,6.881061006725748e+19,53418.79505551474,56350.0,18530.0,-2931.20494448526,1.0,4.146987888050878e-11
fine_49x49x17,qumond_simple_nu,NGC1569,NGC1569-published-circular-speed,9,7.621623626283678e+19,54063.626070960025,55870.0,22350.0,-1806.3739290399753,1.0,3.8349776993196784e-11
fine_49x49x17,refracted_gravity_published_fixture,DDO53,DDO53-published-circular-speed,0,6.47992292113187e+18,3248.710222444673,3140.0,4920.0,108.71022244467304,1.0,1.62874130415937e-12
fine_49x49x17,refracted_gravity_published_fixture,DDO53,DDO53-published-circular-speed,1,9.565600502623238e+18,4776.601793482164,5810.0,4920.0,-1033.3982065178361,1.0,2.3852056843937886e-12
fine_49x49x17,refracted_gravity_published_fixture,DDO53,DDO53-published-circular-speed,2,1.295984584226374e+19,6356.076514804223,7110.0,1820.0,-753.9234851957772,1.0,3.1172985507510517e-12
fine_49x49x17,refracted_gravity_published_fixture,DDO53,DDO53-published-circular-speed,3,1.604552342375511e+19,7767.972233171362,11200.0,4900.0,-3432.027766828638,1.0,3.760637220845468e-12
fine_49x49x17,refracted_gravity_published_fixture,DDO53,DDO53-published-circular-speed,4,1.9439768763395613e+19,9327.874018982176,13020.0,4110.0,-3692.1259810178235,1.0,4.47583686683753e-12
fine_49x49x17,refracted_gravity_published_fixture,DDO53,DDO53-published-circular-speed,5,2.252544634488698e+19,10800.86295200045,14560.0,4019.9999999999995,-3759.1370479995494,1.0,5.1789713163386904e-12
fine_49x49x17,refracted_gravity_published_fixture,DDO53,DDO53-published-circular-speed,6,2.591969168452748e+19,12442.73876789994,18100.0,5210.0,-5657.26123210006,1.0,5.9731323169487984e-12
fine_49x49x17,refracted_gravity_published_fixture,DDO53,DDO53-published-circular-speed,7,2.900536926601885e+19,13931.835052882858,19590.0,6440.0,-5658.164947117142,1.0,6.691727526742026e-12
fine_49x49x17,refracted_gravity_published_fixture,DDO53,DDO53-published-circular-speed,8,3.2399614605659357e+19,15540.534440538624,23230.0,6560.0,-7689.465559461376,1.0,7.454045785328015e-12
fine_49x49x17,refracted_gravity_published_fixture,DDO101,DDO101-published-circular-speed,0,5.862787404833597e+18,3233.9723310009445,19420.0,4120.0,-16186.027668999055,1.0,1.7838915716195112e-12
fine_49x49x17,refracted_gravity_published_fixture,DDO101,DDO101-published-circular-speed,1,1.1417007051518058e+19,6056.3330525766805,29470.0,4900.0,-23413.66694742332,1.0,3.212678233290198e-12
fine_49x49x17,refracted_gravity_published_fixture,DDO101,DDO101-published-circular-speed,2,1.7279794456351658e+19,9043.28976291039,37920.0,3670.0,-28876.71023708961,1.0,4.732758247937319e-12
fine_49x49x17,refracted_gravity_published_fixture,DDO101,DDO101-published-circular-speed,3,2.2834014103036117e+19,11568.748385713468,43590.0,3070.0,-32021.25161428653,1.0,5.861253242992109e-12
fine_49x49x17,refracted_gravity_published_fixture,DDO101,DDO101-published-circular-speed,4,2.8696801507869716e+19,13970.189487108053,49900.0,3220.0,-35929.81051289195,1.0,6.8009737688774345e-12
fine_49x49x17,refracted_gravity_published_fixture,DDO101,DDO101-published-circular-speed,5,3.4559588912703316e+19,16267.060948751523,54750.0,2660.0,-38482.939051248475,1.0,7.656840843182875e-12
fine_49x49x17,refracted_gravity_published_fixture,DDO101,DDO101-published-circular-speed,6,4.011380855938777e+19,18389.89593053247,56560.0,2420.0,-38170.10406946753,1.0,8.430719607068302e-12
fine_49x49x17,refracted_gravity_published_fixture,DDO101,DDO101-published-circular-speed,7,4.597659596422137e+19,20571.30737441316,58340.0,2480.0,-37768.69262558684,1.0,9.204219629959116e-12
fine_49x49x17,refracted_gravity_published_fixture,DDO101,DDO101-published-circular-speed,8,5.183938336905496e+19,22729.69479316372,59740.0,2540.0,-37010.30520683628,1.0,9.966149128594318e-12
fine_49x49x17,refracted_gravity_published_fixture,DDO101,DDO101-published-circular-speed,9,5.739360301573943e+19,24836.852356061467,59930.0,3570.0,-35093.14764393853,1.0,1.0748048607222443e-11
fine_49x49x17,refracted_gravity_published_fixture,DDO50,DDO50-published-circular-speed,0,7.714193953728418e+18,4246.981130250336,5830.0,10060.0,-1583.0188697496642,1.0,2.3381378312357397e-12
fine_49x49x17,refracted_gravity_published_fixture,DDO50,DDO50-published-circular-speed,1,1.51198201493077e+19,8254.497470231581,13080.0,2750.0,-4825.502529768419,1.0,4.5064509903697095e-12
fine_49x49x17,refracted_gravity_published_fixture,DDO50,DDO50-published-circular-speed,2,2.2834014103036117e+19,12194.788897017297,29230.0,4570.0,-17035.211102982703,1.0,6.512778505424623e-12
fine_49x49x17,refracted_gravity_published_fixture,DDO50,DDO50-published-circular-speed,3,3.0548208056764535e+19,15895.333196152156,34750.0,4790.0,-18854.666803847846,1.0,8.270914514763095e-12
fine_49x49x17,refracted_gravity_published_fixture,DDO50,DDO50-published-circular-speed,4,3.826240201049295e+19,19494.557716295167,40010.0,5020.0,-20515.442283704833,1.0,9.932407809884574e-12
fine_49x49x17,refracted_gravity_published_fixture,DDO50,DDO50-published-circular-speed,5,4.566802820607223e+19,22689.359116682914,40290.0,7450.0,-17600.640883317086,1.0,1.1272810264607634e-11
fine_49x49x17,refracted_gravity_published_fixture,DDO50,DDO50-published-circular-speed,6,5.338222215980065e+19,25885.416633386085,43470.0,5640.0,-17584.583366613915,1.0,1.2552021387910001e-11
fine_49x49x17,refracted_gravity_published_fixture,DDO50,DDO50-published-circular-speed,7,6.109641611352907e+19,28582.643391467216,42130.0,5560.0,-13547.356608532784,1.0,1.337177456899762e-11
fine_49x49x17,refracted_gravity_published_fixture,DDO50,DDO50-published-circular-speed,8,6.881061006725748e+19,30907.865857021297,42130.0,5650.0,-11222.134142978703,1.0,1.3882977798073417e-11
fine_49x49x17,refracted_gravity_published_fixture,DDO50,DDO50-published-circular-speed,9,7.621623626283678e+19,32954.2511628513,40940.0,6560.0,-7985.748837148698,1.0,1.4248705039162554e-11
fine_49x49x17,refracted_gravity_published_fixture,DDO50,DDO50-published-circular-speed,10,8.39304302165652e+19,35062.89304917174,41570.0,5980.0,-6507.10695082826,1.0,1.4647922878572476e-11
fine_49x49x17,refracted_gravity_published_fixture,DDO50,DDO50-published-circular-speed,11,9.164462417029361e+19,37325.13100361159,41690.0,4400.0,-4364.86899638841,1.0,1.520182353356585e-11
fine_49x49x17,refracted_gravity_published_fixture,DDO50,DDO50-published-circular-speed,12,9.905025036587288e+19,39875.563934230915,39960.0,3930.0,-84.43606576908496,1.0,1.605306996397843e-11
fine_49x49x17,refracted_gravity_published_fixture,DDO50,DDO50-published-circular-speed,13,1.067644443196013e+20,42735.47864178363,39330.0,4040.0,3405.4786417836294,1.0,1.710608008481943e-11
fine_49x49x17,refracted_gravity_published_fixture,DDO50,DDO50-published-circular-speed,14,1.1447863827332973e+20,45658.08100638895,38590.0,3980.0,7068.081006388951,1.0,1.8210038070234824e-11
fine_49x49x17,refracted_gravity_published_fixture,DDO50,DDO50-published-circular-speed,15,1.2219283222705814e+20,48423.24007821355,40130.0,4270.0,8293.240078213552,1.0,1.9189424919091756e-11
fine_49x49x17,refracted_gravity_published_fixture,DDO50,DDO50-published-circular-speed,16,1.2959845842263743e+20,50768.98231516224,43820.0,3940.0,6948.98231516224,1.0,1.9888273338188386e-11
fine_49x49x17,refracted_gravity_published_fixture,DDO50,DDO50-published-circular-speed,17,1.3731265237636584e+20,52767.25956386549,45590.0,4050.0,7177.259563865489,1.0,2.0277692067651007e-11
fine_49x49x17,refracted_gravity_published_fixture,DDO50,DDO50-published-circular-speed,18,1.4502684633009426e+20,54340.174195497464,44660.0,4300.0,9680.174195497464,1.0,2.0360744278173464e-11
fine_49x49x17,refracted_gravity_published_fixture,DDO50,DDO50-published-circular-speed,19,1.527410402838227e+20,55580.13955025388,45340.0,4280.0,10240.13955025388,1.0,2.0224766746942724e-11
fine_49x49x17,refracted_gravity_published_fixture,DDO50,DDO50-published-circular-speed,20,1.6014666647940196e+20,56778.24616189518,43220.0,4810.0,13558.246161895178,1.0,2.0130105159793667e-11
fine_49x49x17,refracted_gravity_published_fixture,DDO50,DDO50-published-circular-speed,21,1.678608604331304e+20,58081.37735146749,40390.0,5600.0,17691.37735146749,1.0,2.0096682373360155e-11
fine_49x49x17,refracted_gravity_published_fixture,DDO50,DDO50-published-circular-speed,22,1.755750543868588e+20,59688.49359046875,39000.0,6580.0,20688.49359046875,1.0,2.0291699635469893e-11
fine_49x49x17,refracted_gravity_published_fixture,DDO50,DDO50-published-circular-speed,23,1.8298068058243806e+20,61412.49377408423,38290.0,7660.0,23122.49377408423,1.0,2.0611434931529658e-11
fine_49x49x17,refracted_gravity_published_fixture,DDO50,DDO50-published-circular-speed,24,1.906948745361665e+20,63209.42137922183,40040.0,9630.0,23169.42137922183,1.0,2.0951957732551782e-11
fine_49x49x17,refracted_gravity_published_fixture,DDO50,DDO50-published-circular-speed,25,1.984090684898949e+20,64925.44300113665,37630.0,10130.0,27295.44300113665,1.0,2.124556695405549e-11
fine_49x49x17,refracted_gravity_published_fixture,NGC1569,NGC1569-published-circular-speed,0,7.714193953728418e+18,10762.331843813221,3510.0,6120.0,7252.331843813221,1.0,1.501489169330184e-11
fine_49x49x17,refracted_gravity_published_fixture,NGC1569,NGC1569-published-circular-speed,1,1.51198201493077e+19,20646.215455860445,5590.0,7210.0,15056.215455860445,1.0,2.8192545178477437e-11
fine_49x49x17,refracted_gravity_published_fixture,NGC1569,NGC1569-published-circular-speed,2,2.2834014103036117e+19,30459.334700056308,10710.0,9330.0,19749.334700056308,1.0,4.063109824595814e-11
fine_49x49x17,refracted_gravity_published_fixture,NGC1569,NGC1569-published-circular-speed,3,3.0548208056764535e+19,39590.029401999556,23060.0,6670.0,16530.029401999556,1.0,5.1308097193089334e-11
fine_49x49x17,refracted_gravity_published_fixture,NGC1569,NGC1569-published-circular-speed,4,3.826240201049295e+19,45356.470555260945,34800.0,7470.0,10556.470555260945,1.0,5.376582005139382e-11
fine_49x49x17,refracted_gravity_published_fixture,NGC1569,NGC1569-published-circular-speed,5,4.566802820607223e+19,49898.24287305811,43020.0,6890.0,6878.242873058109,1.0,5.4520300955048326e-11
fine_49x49x17,refracted_gravity_published_fixture,NGC1569,NGC1569-published-circular-speed,6,5.338222215980065e+19,54344.64443742356,50250.0,9720.0,4094.644437423558,1.0,5.532441812161946e-11
fine_49x49x17,refracted_gravity_published_fixture,NGC1569,NGC1569-published-circular-speed,7,6.109641611352907e+19,58595.338987530646,54710.0,14120.0,3885.3389875306457,1.0,5.6196647356265146e-11
fine_49x49x17,refracted_gravity_published_fixture,NGC1569,NGC1569-published-circular-speed,8,6.881061006725748e+19,62290.00526440623,56350.0,18530.0,5940.005264406231,1.0,5.63873035284426e-11
fine_49x49x17,refracted_gravity_published_fixture,NGC1569,NGC1569-published-circular-speed,9,7.621623626283678e+19,65383.72650074213,55870.0,22350.0,9513.72650074213,1.0,5.609082658426108e-11
expanded_box_49x49x9,newtonian_poisson,DDO53,DDO53-published-circular-speed,0,6.47992292113187e+18,2008.2726524991494,3140.0,4920.0,-1131.7273475008506,1.0,6.224084909441305e-13
expanded_box_49x49x9,newtonian_poisson,DDO53,DDO53-published-circular-speed,1,9.565600502623238e+18,2957.1297011483994,5810.0,4920.0,-2852.8702988516006,1.0,9.141732468354628e-13
expanded_box_49x49x9,newtonian_poisson,DDO53,DDO53-published-circular-speed,2,1.295984584226374e+19,3995.2815633177956,7110.0,1820.0,-3114.7184366822044,1.0,1.231671654467682e-12
expanded_box_49x49x9,newtonian_poisson,DDO53,DDO53-published-circular-speed,3,1.604552342375511e+19,4868.505116313368,11200.0,4900.0,-6331.494883686632,1.0,1.4771934477674028e-12
expanded_box_49x49x9,newtonian_poisson,DDO53,DDO53-published-circular-speed,4,1.9439768763395613e+19,5709.560146185788,13020.0,4110.0,-7310.439853814212,1.0,1.6769272031823738e-12
expanded_box_49x49x9,newtonian_poisson,DDO53,DDO53-published-circular-speed,5,2.252544634488698e+19,6436.737812472376,14560.0,4019.9999999999995,-8123.262187527624,1.0,1.8393239819603474e-12
expanded_box_49x49x9,newtonian_poisson,DDO53,DDO53-published-circular-speed,6,2.591969168452748e+19,7211.26039349184,18100.0,5210.0,-10888.73960650816,1.0,2.0062845305288243e-12
expanded_box_49x49x9,newtonian_poisson,DDO53,DDO53-published-circular-speed,7,2.900536926601885e+19,7884.689107753991,19590.0,6440.0,-11705.310892246009,1.0,2.1433384197169153e-12
expanded_box_49x49x9,newtonian_poisson,DDO53,DDO53-published-circular-speed,8,3.2399614605659357e+19,8521.268859692922,23230.0,6560.0,-14708.731140307078,1.0,2.2411384784339044e-12
expanded_box_49x49x9,newtonian_poisson,DDO101,DDO101-published-circular-speed,0,5.862787404833597e+18,2091.764589806011,19420.0,4120.0,-17328.23541019399,1.0,7.463137918934137e-13
expanded_box_49x49x9,newtonian_poisson,DDO101,DDO101-published-circular-speed,1,1.1417007051518058e+19,3880.8751944121304,29470.0,4900.0,-25589.124805587868,1.0,1.3191891891317336e-12
expanded_box_49x49x9,newtonian_poisson,DDO101,DDO101-published-circular-speed,2,1.7279794456351658e+19,5441.687552971524,37920.0,3670.0,-32478.312447028475,1.0,1.713675674728905e-12
expanded_box_49x49x9,newtonian_poisson,DDO101,DDO101-published-circular-speed,3,2.2834014103036117e+19,6758.328765305071,43590.0,3070.0,-36831.67123469493,1.0,2.0003056621514834e-12
expanded_box_49x49x9,newtonian_poisson,DDO101,DDO101-published-circular-speed,4,2.8696801507869716e+19,8006.788344507428,49900.0,3220.0,-41893.211655492574,1.0,2.234000175112165e-12
expanded_box_49x49x9,newtonian_poisson,DDO101,DDO101-published-circular-speed,5,3.4559588912703316e+19,9161.276006566595,54750.0,2660.0,-45588.72399343341,1.0,2.4285294098982294e-12
expanded_box_49x49x9,newtonian_poisson,DDO101,DDO101-published-circular-speed,6,4.011380855938777e+19,10240.743668413525,56560.0,2420.0,-46319.256331586475,1.0,2.6143822949867585e-12
expanded_box_49x49x9,newtonian_poisson,DDO101,DDO101-published-circular-speed,7,4.597659596422137e+19,11384.647645220704,58340.0,2480.0,-46955.352354779294,1.0,2.819047371551626e-12
expanded_box_49x49x9,newtonian_poisson,DDO101,DDO101-published-circular-speed,8,5.183938336905496e+19,12483.26212561085,59740.0,2540.0,-47256.737874389146,1.0,3.0060510594293197e-12
expanded_box_49x49x9,newtonian_poisson,DDO101,DDO101-published-circular-speed,9,5.739360301573943e+19,13426.72055894435,59930.0,3570.0,-46503.27944105565,1.0,3.1410612942097457e-12
expanded_box_49x49x9,newtonian_poisson,DDO50,DDO50-published-circular-speed,0,7.714193953728418e+18,2503.657559192345,5830.0,10060.0,-3326.342440807655,1.0,8.125672249491965e-13
expanded_box_49x49x9,newtonian_poisson,DDO50,DDO50-published-circular-speed,1,1.51198201493077e+19,4863.756184673562,13080.0,2750.0,-8216.243815326437,1.0,1.564577090887783e-12
expanded_box_49x49x9,newtonian_poisson,DDO50,DDO50-published-circular-speed,2,2.2834014103036117e+19,7276.342623674154,29230.0,4570.0,-21953.657376325846,1.0,2.318697086643975e-12
expanded_box_49x49x9,newtonian_poisson,DDO50,DDO50-published-circular-speed,3,3.0548208056764535e+19,9450.793317018355,34750.0,4790.0,-25299.206682981647,1.0,2.9238210684904805e-12
expanded_box_49x49x9,newtonian_poisson,DDO50,DDO50-published-circular-speed,4,3.826240201049295e+19,11129.474017579161,40010.0,5020.0,-28880.52598242084,1.0,3.2372560372451597e-12
expanded_box_49x49x9,newtonian_poisson,DDO50,DDO50-published-circular-speed,5,4.566802820607223e+19,12600.428484650156,40290.0,7450.0,-27689.571515349846,1.0,3.4766291480846583e-12
expanded_box_49x49x9,newtonian_poisson,DDO50,DDO50-published-circular-speed,6,5.338222215980065e+19,14059.313351980283,43470.0,5640.0,-29410.686648019717,1.0,3.702811234374235e-12
expanded_box_49x49x9,newtonian_poisson,DDO50,DDO50-published-circular-speed,7,6.109641611352907e+19,15350.910951955351,42130.0,5560.0,-26779.089048044647,1.0,3.857026026158035e-12
expanded_box_49x49x9,newtonian_poisson,DDO50,DDO50-published-circular-speed,8,6.881061006725748e+19,16539.992299870515,42130.0,5650.0,-25590.007700129485,1.0,3.975714573848123e-12
expanded_box_49x49x9,newtonian_poisson,DDO50,DDO50-published-circular-speed,9,7.621623626283678e+19,17644.437932715507,40940.0,6560.0,-23295.562067284493,1.0,4.084775176877283e-12
expanded_box_49x49x9,newtonian_poisson,DDO50,DDO50-published-circular-speed,10,8.39304302165652e+19,18829.672500344095,41570.0,5980.0,-22740.327499655905,1.0,4.224410211592559e-12
expanded_box_49x49x9,newtonian_poisson,DDO50,DDO50-published-circular-speed,11,9.164462417029361e+19,20118.824083144063,41690.0,4400.0,-21571.175916855937,1.0,4.4167029561533385e-12
expanded_box_49x49x9,newtonian_poisson,DDO50,DDO50-published-circular-speed,12,9.905025036587288e+19,21351.244548446528,39960.0,3930.0,-18608.755451553472,1.0,4.602468364124768e-12
expanded_box_49x49x9,newtonian_poisson,DDO50,DDO50-published-circular-speed,13,1.067644443196013e+20,22588.980088417604,39330.0,4040.0,-16741.019911582396,1.0,4.779325408255284e-12
expanded_box_49x49x9,newtonian_poisson,DDO50,DDO50-published-circular-speed,14,1.1447863827332973e+20,23598.51500346183,38590.0,3980.0,-14991.484996538169,1.0,4.864574900331887e-12
expanded_box_49x49x9,newtonian_poisson,DDO50,DDO50-published-circular-speed,15,1.2219283222705814e+20,24397.144571221736,40130.0,4270.0,-15732.855428778264,1.0,4.871158580914615e-12
expanded_box_49x49x9,newtonian_poisson,DDO50,DDO50-published-circular-speed,16,1.2959845842263743e+20,25028.65748833413,43820.0,3940.0,-18791.34251166587,1.0,4.833650826504914e-12
expanded_box_49x49x9,newtonian_poisson,DDO50,DDO50-published-circular-speed,17,1.3731265237636584e+20,25527.0704817084,45590.0,4050.0,-20062.9295182916,1.0,4.745602944090145e-12
expanded_box_49x49x9,newtonian_poisson,DDO50,DDO50-published-circular-speed,18,1.4502684633009426e+20,25800.930991210083,44660.0,4300.0,-18859.069008789917,1.0,4.590102155969237e-12
expanded_box_49x49x9,newtonian_poisson,DDO50,DDO50-published-circular-speed,19,1.527410402838227e+20,26027.626006390612,45340.0,4280.0,-19312.373993609388,1.0,4.435201660730672e-12
expanded_box_49x49x9,newtonian_poisson,DDO50,DDO50-published-circular-speed,20,1.6014666647940196e+20,26255.48025061313,43220.0,4810.0,-16964.51974938687,1.0,4.30449323950805e-12
expanded_box_49x49x9,newtonian_poisson,DDO50,DDO50-published-circular-speed,21,1.678608604331304e+20,26464.875081364647,40390.0,5600.0,-13925.124918635353,1.0,4.172441456960391e-12
expanded_box_49x49x9,newtonian_poisson,DDO50,DDO50-published-circular-speed,22,1.755750543868588e+20,26648.72043341774,39000.0,6580.0,-12351.27956658226,1.0,4.044733480040481e-12
expanded_box_49x49x9,newtonian_poisson,DDO50,DDO50-published-circular-speed,23,1.8298068058243806e+20,26777.689770375888,38290.0,7660.0,-11512.310229624112,1.0,3.918690580645448e-12
expanded_box_49x49x9,newtonian_poisson,DDO50,DDO50-published-circular-speed,24,1.906948745361665e+20,26857.21037859622,40040.0,9630.0,-13182.78962140378,1.0,3.782533490082743e-12
expanded_box_49x49x9,newtonian_poisson,DDO50,DDO50-published-circular-speed,25,1.984090684898949e+20,26867.983133893613,37630.0,10130.0,-10762.016866106387,1.0,3.6383846926833286e-12
expanded_box_49x49x9,newtonian_poisson,NGC1569,NGC1569-published-circular-speed,0,7.714193953728418e+18,5358.107229823224,3510.0,6120.0,1848.1072298232239,1.0,3.721621890568119e-12
expanded_box_49x49x9,newtonian_poisson,NGC1569,NGC1569-published-circular-speed,1,1.51198201493077e+19,10245.665702072154,5590.0,7210.0,4655.665702072154,1.0,6.942785340169814e-12
expanded_box_49x49x9,newtonian_poisson,NGC1569,NGC1569-published-circular-speed,2,2.2834014103036117e+19,15059.402905788402,10710.0,9330.0,4349.402905788402,1.0,9.931920636271907e-12
expanded_box_49x49x9,newtonian_poisson,NGC1569,NGC1569-published-circular-speed,3,3.0548208056764535e+19,19578.015742186555,23060.0,6670.0,-3481.984257813445,1.0,1.2547338282136246e-11
expanded_box_49x49x9,newtonian_poisson,NGC1569,NGC1569-published-circular-speed,4,3.826240201049295e+19,23787.89877085257,34800.0,7470.0,-11012.101229147429,1.0,1.4789038277762818e-11
expanded_box_49x49x9,newtonian_poisson,NGC1569,NGC1569-published-circular-speed,5,4.566802820607223e+19,27342.206022541377,43020.0,6890.0,-15677.793977458623,1.0,1.6370232294804752e-11
expanded_box_49x49x9,newtonian_poisson,NGC1569,NGC1569-published-circular-speed,6,5.338222215980065e+19,28619.044894175124,50250.0,9720.0,-21630.955105824876,1.0,1.5343117942954322e-11
expanded_box_49x49x9,newtonian_poisson,NGC1569,NGC1569-published-circular-speed,7,6.109641611352907e+19,28912.991998858437,54710.0,14120.0,-25797.008001141563,1.0,1.3682653738194285e-11
expanded_box_49x49x9,newtonian_poisson,NGC1569,NGC1569-published-circular-speed,8,6.881061006725748e+19,28810.03474660744,56350.0,18530.0,-27539.96525339256,1.0,1.2062356390815956e-11
expanded_box_49x49x9,newtonian_poisson,NGC1569,NGC1569-published-circular-speed,9,7.621623626283678e+19,28474.12826534523,55870.0,22350.0,-27395.87173465477,1.0,1.0637838080528103e-11
expanded_box_49x49x9,aqual_simple_mu,DDO53,DDO53-published-circular-speed,0,6.47992292113187e+18,6437.535604647525,3140.0,4920.0,3297.5356046475254,1.0,6.395425557603051e-12
expanded_box_49x49x9,aqual_simple_mu,DDO53,DDO53-published-circular-speed,1,9.565600502623238e+18,9413.149099622347,5810.0,4920.0,3603.1490996223474,1.0,9.263127385198829e-12
expanded_box_49x49x9,aqual_simple_mu,DDO53,DDO53-published-circular-speed,2,1.295984584226374e+19,12617.99183782367,7110.0,1820.0,5507.991837823671,1.0,1.2285155236968031e-11
expanded_box_49x49x9,aqual_simple_mu,DDO53,DDO53-published-circular-speed,3,1.604552342375511e+19,15081.257652339618,11200.0,4900.0,3881.2576523396183,1.0,1.417494003589344e-11
expanded_box_49x49x9,aqual_simple_mu,DDO53,DDO53-published-circular-speed,4,1.9439768763395613e+19,17047.600158369016,13020.0,4110.0,4027.600158369016,1.0,1.4949800828230613e-11
expanded_box_49x49x9,aqual_simple_mu,DDO53,DDO53-published-circular-speed,5,2.252544634488698e+19,18579.599610661582,14560.0,4019.9999999999995,4019.599610661582,1.0,1.5324958112133164e-11
expanded_box_49x49x9,aqual_simple_mu,DDO53,DDO53-published-circular-speed,6,2.591969168452748e+19,20109.13920513634,18100.0,5210.0,2009.13920513634,1.0,1.560116858229995e-11
expanded_box_49x49x9,aqual_simple_mu,DDO53,DDO53-published-circular-speed,7,2.900536926601885e+19,21406.067771920538,19590.0,6440.0,1816.0677719205378,1.0,1.5797755693215083e-11
expanded_box_49x49x9,aqual_simple_mu,DDO53,DDO53-published-circular-speed,8,3.2399614605659357e+19,22765.367087987892,23230.0,6560.0,-464.63291201210814,1.0,1.5995929117018435e-11
expanded_box_49x49x9,aqual_simple_mu,DDO101,DDO101-published-circular-speed,0,5.862787404833597e+18,10543.915183208688,19420.0,4120.0,-8876.084816791312,1.0,1.8962677599232192e-11
expanded_box_49x49x9,aqual_simple_mu,DDO101,DDO101-published-circular-speed,1,1.1417007051518058e+19,15229.77075250315,29470.0,4900.0,-14240.22924749685,1.0,2.0315824990487304e-11
expanded_box_49x49x9,aqual_simple_mu,DDO101,DDO101-published-circular-speed,2,1.7279794456351658e+19,14681.156181188255,37920.0,3670.0,-23238.843818811743,1.0,1.2473316587236133e-11
expanded_box_49x49x9,aqual_simple_mu,DDO101,DDO101-published-circular-speed,3,2.2834014103036117e+19,17509.823064119864,43590.0,3070.0,-26080.176935880136,1.0,1.3427069912163094e-11
expanded_box_49x49x9,aqual_simple_mu,DDO101,DDO101-published-circular-speed,4,2.8696801507869716e+19,20225.926883567547,49900.0,3220.0,-29674.073116432453,1.0,1.4255530121962669e-11
expanded_box_49x49x9,aqual_simple_mu,DDO101,DDO101-published-circular-speed,5,3.4559588912703316e+19,22661.42285445935,54750.0,2660.0,-32088.57714554065,1.0,1.4859554235028733e-11
expanded_box_49x49x9,aqual_simple_mu,DDO101,DDO101-published-circular-speed,6,4.011380855938777e+19,25013.355063832267,56560.0,2420.0,-31546.644936167733,1.0,1.5597320574112356e-11
expanded_box_49x49x9,aqual_simple_mu,DDO101,DDO101-published-circular-speed,7,4.597659596422137e+19,27539.300194380594,58340.0,2480.0,-30800.699805619406,1.0,1.6495633034389983e-11
expanded_box_49x49x9,aqual_simple_mu,DDO101,DDO101-published-circular-speed,8,5.183938336905496e+19,29945.54864588611,59740.0,2540.0,-29794.45135411389,1.0,1.7298351666706545e-11
expanded_box_49x49x9,aqual_simple_mu,DDO101,DDO101-published-circular-speed,9,5.739360301573943e+19,32047.389089738255,59930.0,3570.0,-27882.610910261745,1.0,1.789459266370546e-11
expanded_box_49x49x9,aqual_simple_mu,DDO50,DDO50-published-circular-speed,0,7.714193953728418e+18,6903.59404855655,5830.0,10060.0,1073.5940485565498,1.0,6.178171183293961e-12
expanded_box_49x49x9,aqual_simple_mu,DDO50,DDO50-published-circular-speed,1,1.51198201493077e+19,13212.77035576058,13080.0,2750.0,132.77035576058006,1.0,1.1546255097621582e-11
expanded_box_49x49x9,aqual_simple_mu,DDO50,DDO50-published-circular-speed,2,2.2834014103036117e+19,19440.660655833806,29230.0,4570.0,-9789.339344166194,1.0,1.655159206917683e-11
expanded_box_49x49x9,aqual_simple_mu,DDO50,DDO50-published-circular-speed,3,3.0548208056764535e+19,24489.537426971398,34750.0,4790.0,-10260.462573028602,1.0,1.9632491774070794e-11
expanded_box_49x49x9,aqual_simple_mu,DDO50,DDO50-published-circular-speed,4,3.826240201049295e+19,27525.698299961787,40010.0,5020.0,-12484.301700038213,1.0,1.9801790454575747e-11
expanded_box_49x49x9,aqual_simple_mu,DDO50,DDO50-published-circular-speed,5,4.566802820607223e+19,30107.7620332436,40290.0,7450.0,-10182.237966756398,1.0,1.9849276841120445e-11
expanded_box_49x49x9,aqual_simple_mu,DDO50,DDO50-published-circular-speed,6,5.338222215980065e+19,32666.022327078932,43470.0,5640.0,-10803.977672921068,1.0,1.9989220596305055e-11
expanded_box_49x49x9,aqual_simple_mu,DDO50,DDO50-published-circular-speed,7,6.109641611352907e+19,35255.549854271536,42130.0,5560.0,-6874.450145728464,1.0,2.0344135950910357e-11
expanded_box_49x49x9,aqual_simple_mu,DDO50,DDO50-published-circular-speed,8,6.881061006725748e+19,37663.34122102751,42130.0,5650.0,-4466.658778972487,1.0,2.0614949795460912e-11
expanded_box_49x49x9,aqual_simple_mu,DDO50,DDO50-published-circular-speed,9,7.621623626283678e+19,39890.71677887643,40940.0,6560.0,-1049.2832211235727,1.0,2.0878350377273094e-11
expanded_box_49x49x9,aqual_simple_mu,DDO50,DDO50-published-circular-speed,10,8.39304302165652e+19,42295.11093787223,41570.0,5980.0,725.1109378722322,1.0,2.131380006787874e-11
expanded_box_49x49x9,aqual_simple_mu,DDO50,DDO50-published-circular-speed,11,9.164462417029361e+19,44968.13511789681,41690.0,4400.0,3278.1351178968107,1.0,2.206494046201669e-11
expanded_box_49x49x9,aqual_simple_mu,DDO50,DDO50-published-circular-speed,12,9.905025036587288e+19,47555.978236485884,39960.0,3930.0,7595.978236485884,1.0,2.2832562842348235e-11
expanded_box_49x49x9,aqual_simple_mu,DDO50,DDO50-published-circular-speed,13,1.067644443196013e+20,50173.55601923395,39330.0,4040.0,10843.556019233947,1.0,2.3578877215708327e-11
expanded_box_49x49x9,aqual_simple_mu,DDO50,DDO50-published-circular-speed,14,1.1447863827332973e+20,52327.998006362235,38590.0,3980.0,13737.998006362235,1.0,2.391904216065241e-11
expanded_box_49x49x9,aqual_simple_mu,DDO50,DDO50-published-circular-speed,15,1.2219283222705814e+20,54058.32199834608,40130.0,4270.0,13928.32199834608,1.0,2.3915495892972342e-11
expanded_box_49x49x9,aqual_simple_mu,DDO50,DDO50-published-circular-speed,16,1.2959845842263743e+20,55471.30456566212,43820.0,3940.0,11651.304565662118,1.0,2.374307277777746e-11
expanded_box_49x49x9,aqual_simple_mu,DDO50,DDO50-published-circular-speed,17,1.3731265237636584e+20,56690.76757881541,45590.0,4050.0,11100.767578815408,1.0,2.3405294945918855e-11
expanded_box_49x49x9,aqual_simple_mu,DDO50,DDO50-published-circular-speed,18,1.4502684633009426e+20,57584.22348897579,44660.0,4300.0,12924.22348897579,1.0,2.2864337732897566e-11
expanded_box_49x49x9,aqual_simple_mu,DDO50,DDO50-published-circular-speed,19,1.527410402838227e+20,58456.670821939086,45340.0,4280.0,13116.670821939086,1.0,2.237239158011987e-11
expanded_box_49x49x9,aqual_simple_mu,DDO50,DDO50-published-circular-speed,20,1.6014666647940196e+20,59362.31162586749,43220.0,4810.0,16142.311625867493,1.0,2.2004104856093553e-11
expanded_box_49x49x9,aqual_simple_mu,DDO50,DDO50-published-circular-speed,21,1.678608604331304e+20,60304.65236742982,40390.0,5600.0,19914.652367429822,1.0,2.1664675659191368e-11
expanded_box_49x49x9,aqual_simple_mu,DDO50,DDO50-published-circular-speed,22,1.755750543868588e+20,61215.43775354785,39000.0,6580.0,22215.43775354785,1.0,2.1343179032151658e-11
expanded_box_49x49x9,aqual_simple_mu,DDO50,DDO50-published-circular-speed,23,1.8298068058243806e+20,61999.280667267965,38290.0,7660.0,23709.280667267965,1.0,2.100719480889063e-11
expanded_box_49x49x9,aqual_simple_mu,DDO50,DDO50-published-circular-speed,24,1.906948745361665e+20,62711.65340610659,40040.0,9630.0,22671.65340610659,1.0,2.0623267838180772e-11
expanded_box_49x49x9,aqual_simple_mu,DDO50,DDO50-published-circular-speed,25,1.984090684898949e+20,63289.51072361586,37630.0,10130.0,25659.51072361586,1.0,2.0188402667888602e-11
expanded_box_49x49x9,aqual_simple_mu,NGC1569,NGC1569-published-circular-speed,0,7.714193953728418e+18,18426.30749900129,3510.0,6120.0,14916.30749900129,1.0,4.4013517171635324e-11
expanded_box_49x49x9,aqual_simple_mu,NGC1569,NGC1569-published-circular-speed,1,1.51198201493077e+19,34855.51547492914,5590.0,7210.0,29265.51547492914,1.0,8.035194513068679e-11
expanded_box_49x49x9,aqual_simple_mu,NGC1569,NGC1569-published-circular-speed,2,2.2834014103036117e+19,50580.65385308592,10710.0,9330.0,39870.65385308592,1.0,1.1204348620707553e-10
expanded_box_49x49x9,aqual_simple_mu,NGC1569,NGC1569-published-circular-speed,3,3.0548208056764535e+19,64798.14358181059,23060.0,6670.0,41738.14358181059,1.0,1.3744830478588962e-10
expanded_box_49x49x9,aqual_simple_mu,NGC1569,NGC1569-published-circular-speed,4,3.826240201049295e+19,77399.00885227202,34800.0,7470.0,42599.00885227202,1.0,1.56566400867129e-10
expanded_box_49x49x9,aqual_simple_mu,NGC1569,NGC1569-published-circular-speed,5,4.566802820607223e+19,87046.4834846872,43020.0,6890.0,44026.483484687196,1.0,1.6591673835487462e-10
expanded_box_49x49x9,aqual_simple_mu,NGC1569,NGC1569-published-circular-speed,6,5.338222215980065e+19,86328.2888104062,50250.0,9720.0,36078.2888104062,1.0,1.396077785339001e-10
expanded_box_49x49x9,aqual_simple_mu,NGC1569,NGC1569-published-circular-speed,7,6.109641611352907e+19,81523.03423125739,54710.0,14120.0,26813.034231257392,1.0,1.087789682773076e-10
expanded_box_49x49x9,aqual_simple_mu,NGC1569,NGC1569-published-circular-speed,8,6.881061006725748e+19,75539.2019220808,56350.0,18530.0,19189.2019220808,1.0,8.29257438852456e-11
expanded_box_49x49x9,aqual_simple_mu,NGC1569,NGC1569-published-circular-speed,9,7.621623626283678e+19,69245.79486042366,55870.0,22350.0,13375.794860423659,1.0,6.291284299733808e-11
expanded_box_49x49x9,qumond_simple_nu,DDO53,DDO53-published-circular-speed,0,6.47992292113187e+18,4760.955418717826,3140.0,4920.0,1620.9554187178264,1.0,3.497988598768604e-12
expanded_box_49x49x9,qumond_simple_nu,DDO53,DDO53-published-circular-speed,1,9.565600502623238e+18,7005.415873551151,5810.0,4920.0,1195.415873551151,1.0,5.130451721033513e-12
expanded_box_49x49x9,qumond_simple_nu,DDO53,DDO53-published-circular-speed,2,1.295984584226374e+19,9457.321024753983,7110.0,1820.0,2347.321024753983,1.0,6.90138772126249e-12
expanded_box_49x49x9,qumond_simple_nu,DDO53,DDO53-published-circular-speed,3,1.604552342375511e+19,11513.565561015785,11200.0,4900.0,313.5655610157846,1.0,8.261630887749837e-12
expanded_box_49x49x9,qumond_simple_nu,DDO53,DDO53-published-circular-speed,4,1.9439768763395613e+19,13480.20115465998,13020.0,4110.0,460.2011546599806,1.0,9.347632957047342e-12
expanded_box_49x49x9,qumond_simple_nu,DDO53,DDO53-published-circular-speed,5,2.252544634488698e+19,15167.786591022064,14560.0,4019.9999999999995,607.7865910220644,1.0,1.0213415820859421e-11
expanded_box_49x49x9,qumond_simple_nu,DDO53,DDO53-published-circular-speed,6,2.591969168452748e+19,16957.923798169966,18100.0,5210.0,-1142.0762018300338,1.0,1.1094699082250357e-11
expanded_box_49x49x9,qumond_simple_nu,DDO53,DDO53-published-circular-speed,7,2.900536926601885e+19,18509.813331826535,19590.0,6440.0,-1080.1866681734646,1.0,1.1812060947641541e-11
expanded_box_49x49x9,qumond_simple_nu,DDO53,DDO53-published-circular-speed,8,3.2399614605659357e+19,19974.7166700042,23230.0,6560.0,-3255.2833299958,1.0,1.2314631235682995e-11
expanded_box_49x49x9,qumond_simple_nu,DDO101,DDO101-published-circular-speed,0,5.862787404833597e+18,4996.370874545318,19420.0,4120.0,-14423.629125454681,1.0,4.2579954196229775e-12
expanded_box_49x49x9,qumond_simple_nu,DDO101,DDO101-published-circular-speed,1,1.1417007051518058e+19,9225.795203531768,29470.0,4900.0,-20244.20479646823,1.0,7.455132221030945e-12
expanded_box_49x49x9,qumond_simple_nu,DDO101,DDO101-published-circular-speed,2,1.7279794456351658e+19,12612.880821730405,37920.0,3670.0,-25307.119178269597,1.0,9.206403642417098e-12
expanded_box_49x49x9,qumond_simple_nu,DDO101,DDO101-published-circular-speed,3,2.2834014103036117e+19,15249.528007624347,43590.0,3070.0,-28340.471992375653,1.0,1.0184284874572215e-11
expanded_box_49x49x9,qumond_simple_nu,DDO101,DDO101-published-circular-speed,4,2.8696801507869716e+19,17662.725997020872,49900.0,3220.0,-32237.274002979128,1.0,1.0871312245731735e-11
expanded_box_49x49x9,qumond_simple_nu,DDO101,DDO101-published-circular-speed,5,3.4559588912703316e+19,19987.47126593907,54750.0,2660.0,-34762.52873406093,1.0,1.1559715267906249e-11
expanded_box_49x49x9,qumond_simple_nu,DDO101,DDO101-published-circular-speed,6,4.011380855938777e+19,22216.00173083354,56560.0,2420.0,-34343.99826916646,1.0,1.230376148835895e-11
expanded_box_49x49x9,qumond_simple_nu,DDO101,DDO101-published-circular-speed,7,4.597659596422137e+19,24606.28107872356,58340.0,2480.0,-33733.718921276435,1.0,1.3169071259566946e-11
expanded_box_49x49x9,qumond_simple_nu,DDO101,DDO101-published-circular-speed,8,5.183938336905496e+19,26937.196852980484,59740.0,2540.0,-32802.80314701951,1.0,1.3997322636545273e-11
expanded_box_49x49x9,qumond_simple_nu,DDO101,DDO101-published-circular-speed,9,5.739360301573943e+19,28976.67795045824,59930.0,3570.0,-30953.32204954176,1.0,1.4629641997110906e-11
expanded_box_49x49x9,qumond_simple_nu,DDO50,DDO50-published-circular-speed,0,7.714193953728418e+18,4936.7481604730065,5830.0,10060.0,-893.2518395269935,1.0,3.1593038165905077e-12
expanded_box_49x49x9,qumond_simple_nu,DDO50,DDO50-published-circular-speed,1,1.51198201493077e+19,9592.592128405442,13080.0,2750.0,-3487.407871594558,1.0,6.085907294747771e-12
expanded_box_49x49x9,qumond_simple_nu,DDO50,DDO50-published-circular-speed,2,2.2834014103036117e+19,14354.342805363782,29230.0,4570.0,-14875.657194636218,1.0,9.023694057651561e-12
expanded_box_49x49x9,qumond_simple_nu,DDO50,DDO50-published-circular-speed,3,3.0548208056764535e+19,18688.770760786643,34750.0,4790.0,-16061.229239213357,1.0,1.143340885659223e-11
expanded_box_49x49x9,qumond_simple_nu,DDO50,DDO50-published-circular-speed,4,3.826240201049295e+19,22130.697164995785,40010.0,5020.0,-17879.302835004215,1.0,1.2800235512512783e-11
expanded_box_49x49x9,qumond_simple_nu,DDO50,DDO50-published-circular-speed,5,4.566802820607223e+19,25166.690650061886,40290.0,7450.0,-15123.309349938114,1.0,1.3868834349885452e-11
expanded_box_49x49x9,qumond_simple_nu,DDO50,DDO50-published-circular-speed,6,5.338222215980065e+19,28190.928090322814,43470.0,5640.0,-15279.071909677186,1.0,1.4887511130853977e-11
expanded_box_49x49x9,qumond_simple_nu,DDO50,DDO50-published-circular-speed,7,6.109641611352907e+19,30849.387710086303,42130.0,5560.0,-11280.612289913697,1.0,1.557676837081258e-11
expanded_box_49x49x9,qumond_simple_nu,DDO50,DDO50-published-circular-speed,8,6.881061006725748e+19,33301.29005089419,42130.0,5650.0,-8828.70994910581,1.0,1.6116350632116746e-11
expanded_box_49x49x9,qumond_simple_nu,DDO50,DDO50-published-circular-speed,9,7.621623626283678e+19,35561.420305391395,40940.0,6560.0,-5378.579694608605,1.0,1.6592456885112973e-11
expanded_box_49x49x9,qumond_simple_nu,DDO50,DDO50-published-circular-speed,10,8.39304302165652e+19,37888.70743659884,41570.0,5980.0,-3681.2925634011626,1.0,1.7104096184328233e-11
expanded_box_49x49x9,qumond_simple_nu,DDO50,DDO50-published-circular-speed,11,9.164462417029361e+19,40223.75262204489,41690.0,4400.0,-1466.2473779551074,1.0,1.7654611927842006e-11
expanded_box_49x49x9,qumond_simple_nu,DDO50,DDO50-published-circular-speed,12,9.905025036587288e+19,42400.61469522885,39960.0,3930.0,2440.6146952288473,1.0,1.8150505626108758e-11
expanded_box_49x49x9,qumond_simple_nu,DDO50,DDO50-published-circular-speed,13,1.067644443196013e+20,44580.43840471981,39330.0,4040.0,5250.438404719811,1.0,1.861495651499532e-11
expanded_box_49x49x9,qumond_simple_nu,DDO50,DDO50-published-circular-speed,14,1.1447863827332973e+20,46521.36343148385,38590.0,3980.0,7931.363431483849,1.0,1.8905162466702825e-11
expanded_box_49x49x9,qumond_simple_nu,DDO50,DDO50-published-circular-speed,15,1.2219283222705814e+20,48250.548692070406,40130.0,4270.0,8120.548692070406,1.0,1.9052798815234626e-11
expanded_box_49x49x9,qumond_simple_nu,DDO50,DDO50-published-circular-speed,16,1.2959845842263743e+20,49776.00434547424,43820.0,3940.0,5956.004345474241,1.0,1.911790185436257e-11
expanded_box_49x49x9,qumond_simple_nu,DDO50,DDO50-published-circular-speed,17,1.3731265237636584e+20,51186.29879570095,45590.0,4050.0,5596.298795700954,1.0,1.9080814033228422e-11
expanded_box_49x49x9,qumond_simple_nu,DDO50,DDO50-published-circular-speed,18,1.4502684633009426e+20,52318.725666453785,44660.0,4300.0,7658.725666453785,1.0,1.887408520993019e-11
expanded_box_49x49x9,qumond_simple_nu,DDO50,DDO50-published-circular-speed,19,1.527410402838227e+20,53370.44604279075,45340.0,4280.0,8030.446042790747,1.0,1.864858655875033e-11
expanded_box_49x49x9,qumond_simple_nu,DDO50,DDO50-published-circular-speed,20,1.6014666647940196e+20,54364.36983887141,43220.0,4810.0,11144.369838871411,1.0,1.8454862489177854e-11
expanded_box_49x49x9,qumond_simple_nu,DDO50,DDO50-published-circular-speed,21,1.678608604331304e+20,55302.45717061772,40390.0,5600.0,14912.457170617723,1.0,1.8219624045870696e-11
expanded_box_49x49x9,qumond_simple_nu,DDO50,DDO50-published-circular-speed,22,1.755750543868588e+20,56173.86306758851,39000.0,6580.0,17173.863067588507,1.0,1.7972387381315617e-11
expanded_box_49x49x9,qumond_simple_nu,DDO50,DDO50-published-circular-speed,23,1.8298068058243806e+20,56943.719038017734,38290.0,7660.0,18653.719038017734,1.0,1.7720926206850696e-11
expanded_box_49x49x9,qumond_simple_nu,DDO50,DDO50-published-circular-speed,24,1.906948745361665e+20,57666.14270267645,40040.0,9630.0,17626.14270267645,1.0,1.743824537651516e-11
expanded_box_49x49x9,qumond_simple_nu,DDO50,DDO50-published-circular-speed,25,1.984090684898949e+20,58279.052680352375,37630.0,10130.0,20649.052680352375,1.0,1.7118411003941944e-11
expanded_box_49x49x9,qumond_simple_nu,NGC1569,NGC1569-published-circular-speed,0,7.714193953728418e+18,6852.974418448218,3510.0,6120.0,3342.974418448218,1.0,6.087902204896915e-12
expanded_box_49x49x9,qumond_simple_nu,NGC1569,NGC1569-published-circular-speed,1,1.51198201493077e+19,13254.64031856439,5590.0,7210.0,7664.64031856439,1.0,1.1619548925822174e-11
expanded_box_49x49x9,qumond_simple_nu,NGC1569,NGC1569-published-circular-speed,2,2.2834014103036117e+19,19734.61187826475,10710.0,9330.0,9024.61187826475,1.0,1.7055910722852902e-11
expanded_box_49x49x9,qumond_simple_nu,NGC1569,NGC1569-published-circular-speed,3,3.0548208056764535e+19,26018.144222874922,23060.0,6670.0,2958.144222874922,1.0,2.2159853944441714e-11
expanded_box_49x49x9,qumond_simple_nu,NGC1569,NGC1569-published-circular-speed,4,3.826240201049295e+19,32100.766880713054,34800.0,7470.0,-2699.233119286946,1.0,2.69313785905886e-11
expanded_box_49x49x9,qumond_simple_nu,NGC1569,NGC1569-published-circular-speed,5,4.566802820607223e+19,37596.50075300307,43020.0,6890.0,-5423.499246996929,1.0,3.095156336709575e-11
expanded_box_49x49x9,qumond_simple_nu,NGC1569,NGC1569-published-circular-speed,6,5.338222215980065e+19,41307.67877496001,50250.0,9720.0,-8942.321225039988,1.0,3.1964280555188745e-11
expanded_box_49x49x9,qumond_simple_nu,NGC1569,NGC1569-published-circular-speed,7,6.109641611352907e+19,44106.30818157062,54710.0,14120.0,-10603.691818429383,1.0,3.184092529736626e-11
expanded_box_49x49x9,qumond_simple_nu,NGC1569,NGC1569-published-circular-speed,8,6.881061006725748e+19,46433.65581716864,56350.0,18530.0,-9916.344182831359,1.0,3.133360379220384e-11
expanded_box_49x49x9,qumond_simple_nu,NGC1569,NGC1569-published-circular-speed,9,7.621623626283678e+19,48366.02932815651,55870.0,22350.0,-7503.97067184349,1.0,3.069257821791353e-11
expanded_box_49x49x9,refracted_gravity_published_fixture,DDO53,DDO53-published-circular-speed,0,6.47992292113187e+18,3305.2002293502687,3140.0,4920.0,165.20022935026873,1.0,1.6858763119652782e-12
expanded_box_49x49x9,refracted_gravity_published_fixture,DDO53,DDO53-published-circular-speed,1,9.565600502623238e+18,4868.76355622839,5810.0,4920.0,-941.2364437716096,1.0,2.4781359581091624e-12
expanded_box_49x49x9,refracted_gravity_published_fixture,DDO53,DDO53-published-circular-speed,2,1.295984584226374e+19,6580.942643417211,7110.0,1820.0,-529.057356582789,1.0,3.34176861384504e-12
expanded_box_49x49x9,refracted_gravity_published_fixture,DDO53,DDO53-published-circular-speed,3,1.604552342375511e+19,8101.47684656776,11200.0,4900.0,-3098.52315343224,1.0,4.090482146459843e-12
expanded_box_49x49x9,refracted_gravity_published_fixture,DDO53,DDO53-published-circular-speed,4,1.9439768763395613e+19,9724.047686718011,13020.0,4110.0,-3295.9523132819886,1.0,4.8641063875005314e-12
expanded_box_49x49x9,refracted_gravity_published_fixture,DDO53,DDO53-published-circular-speed,5,2.252544634488698e+19,11188.039438069703,14560.0,4019.9999999999995,-3371.9605619302965,1.0,5.556925467815012e-12
expanded_box_49x49x9,refracted_gravity_published_fixture,DDO53,DDO53-published-circular-speed,6,2.591969168452748e+19,12791.352320443188,18100.0,5210.0,-5308.647679556812,1.0,6.312524708130614e-12
expanded_box_49x49x9,refracted_gravity_published_fixture,DDO53,DDO53-published-circular-speed,7,2.900536926601885e+19,14239.696285463648,19590.0,6440.0,-5350.303714536352,1.0,6.9907384540627296e-12
expanded_box_49x49x9,refracted_gravity_published_fixture,DDO53,DDO53-published-circular-speed,8,3.2399614605659357e+19,15798.487149349425,23230.0,6560.0,-7431.512850650575,1.0,7.703554478841293e-12
expanded_box_49x49x9,refracted_gravity_published_fixture,DDO101,DDO101-published-circular-speed,0,5.862787404833597e+18,3267.7263712758145,19420.0,4120.0,-16152.273628724186,1.0,1.821324039266349e-12
expanded_box_49x49x9,refracted_gravity_published_fixture,DDO101,DDO101-published-circular-speed,1,1.1417007051518058e+19,6198.910060625981,29470.0,4900.0,-23271.08993937402,1.0,3.365723237827083e-12
expanded_box_49x49x9,refracted_gravity_published_fixture,DDO101,DDO101-published-circular-speed,2,1.7279794456351658e+19,9001.337910815668,37920.0,3670.0,-28918.662089184334,1.0,4.688949535213062e-12
expanded_box_49x49x9,refracted_gravity_published_fixture,DDO101,DDO101-published-circular-speed,3,2.2834014103036117e+19,11481.590313891018,43590.0,3070.0,-32108.409686108982,1.0,5.773269454121416e-12
expanded_box_49x49x9,refracted_gravity_published_fixture,DDO101,DDO101-published-circular-speed,4,2.8696801507869716e+19,13945.219727660407,49900.0,3220.0,-35954.780272339594,1.0,6.776683917174478e-12
expanded_box_49x49x9,refracted_gravity_published_fixture,DDO101,DDO101-published-circular-speed,5,3.4559588912703316e+19,16267.985600198466,54750.0,2660.0,-38482.014399801534,1.0,7.657711327433826e-12
expanded_box_49x49x9,refracted_gravity_published_fixture,DDO101,DDO101-published-circular-speed,6,4.011380855938777e+19,18420.26572995827,56560.0,2420.0,-38139.73427004173,1.0,8.45858824549004e-12
expanded_box_49x49x9,refracted_gravity_published_fixture,DDO101,DDO101-published-circular-speed,7,4.597659596422137e+19,20646.66873917845,58340.0,2480.0,-37693.33126082155,1.0,9.271781024352048e-12
expanded_box_49x49x9,refracted_gravity_published_fixture,DDO101,DDO101-published-circular-speed,8,5.183938336905496e+19,22865.506799862836,59740.0,2540.0,-36874.49320013716,1.0,1.0085602243615286e-11
expanded_box_49x49x9,refracted_gravity_published_fixture,DDO101,DDO101-published-circular-speed,9,5.739360301573943e+19,25038.15134498896,59930.0,3570.0,-34891.84865501104,1.0,1.0922977297707743e-11
expanded_box_49x49x9,refracted_gravity_published_fixture,DDO50,DDO50-published-circular-speed,0,7.714193953728418e+18,4192.217306918449,5830.0,10060.0,-1637.7826930815509,1.0,2.2782271296059897e-12
expanded_box_49x49x9,refracted_gravity_published_fixture,DDO50,DDO50-published-circular-speed,1,1.51198201493077e+19,8170.426729005052,13080.0,2750.0,-4909.573270994948,1.0,4.415123478641165e-12
expanded_box_49x49x9,refracted_gravity_published_fixture,DDO50,DDO50-published-circular-speed,2,2.2834014103036117e+19,12265.721512654813,29230.0,4570.0,-16964.27848734519,1.0,6.588763742858459e-12
expanded_box_49x49x9,refracted_gravity_published_fixture,DDO50,DDO50-published-circular-speed,3,3.0548208056764535e+19,16122.473085488427,34750.0,4790.0,-18627.526914511574,1.0,8.508981538599264e-12
expanded_box_49x49x9,refracted_gravity_published_fixture,DDO50,DDO50-published-circular-speed,4,3.826240201049295e+19,19498.161494997403,40010.0,5020.0,-20511.838505002597,1.0,9.936080374168367e-12
expanded_box_49x49x9,refracted_gravity_published_fixture,DDO50,DDO50-published-circular-speed,5,4.566802820607223e+19,22612.599563699954,40290.0,7450.0,-17677.400436300046,1.0,1.1196666007144458e-11
expanded_box_49x49x9,refracted_gravity_published_fixture,DDO50,DDO50-published-circular-speed,6,5.338222215980065e+19,25786.403901859547,43470.0,5640.0,-17683.596098140453,1.0,1.2456181089639386e-11
expanded_box_49x49x9,refracted_gravity_published_fixture,DDO50,DDO50-published-circular-speed,7,6.109641611352907e+19,28650.342458383246,42130.0,5560.0,-13479.657541616754,1.0,1.343519268720039e-11
expanded_box_49x49x9,refracted_gravity_published_fixture,DDO50,DDO50-published-circular-speed,8,6.881061006725748e+19,31321.162636028228,42130.0,5650.0,-10808.837363971772,1.0,1.425674366080548e-11
expanded_box_49x49x9,refracted_gravity_published_fixture,DDO50,DDO50-published-circular-speed,9,7.621623626283678e+19,33838.57313877065,40940.0,6560.0,-7101.426861229353,1.0,1.5023689022364634e-11
expanded_box_49x49x9,refracted_gravity_published_fixture,DDO50,DDO50-published-circular-speed,10,8.39304302165652e+19,36521.989219385934,41570.0,5980.0,-5048.010780614066,1.0,1.5892396751681153e-11
expanded_box_49x49x9,refracted_gravity_published_fixture,DDO50,DDO50-published-circular-speed,11,9.164462417029361e+19,39397.89779291479,41690.0,4400.0,-2292.1022070852123,1.0,1.6937102034666864e-11
expanded_box_49x49x9,refracted_gravity_published_fixture,DDO50,DDO50-published-circular-speed,12,9.905025036587288e+19,42250.35414280273,39960.0,3930.0,2290.354142802731,1.0,1.802208897603443e-11
expanded_box_49x49x9,refracted_gravity_published_fixture,DDO50,DDO50-published-circular-speed,13,1.067644443196013e+20,45248.419646722126,39330.0,4040.0,5918.419646722126,1.0,1.917697875518259e-11
expanded_box_49x49x9,refracted_gravity_published_fixture,DDO50,DDO50-published-circular-speed,14,1.1447863827332973e+20,48225.149408301084,38590.0,3980.0,9635.149408301084,1.0,2.0315275151161338e-11
expanded_box_49x49x9,refracted_gravity_published_fixture,DDO50,DDO50-published-circular-speed,15,1.2219283222705814e+20,51019.000840645145,40130.0,4270.0,10889.000840645145,1.0,2.1301891439433877e-11
expanded_box_49x49x9,refracted_gravity_published_fixture,DDO50,DDO50-published-circular-speed,16,1.2959845842263743e+20,53485.031829671505,43820.0,3940.0,9665.031829671505,1.0,2.2073168652145742e-11
expanded_box_49x49x9,refracted_gravity_published_fixture,DDO50,DDO50-published-circular-speed,17,1.3731265237636584e+20,55772.66514806567,45590.0,4050.0,10182.665148065673,1.0,2.2653339833479553e-11
expanded_box_49x49x9,refracted_gravity_published_fixture,DDO50,DDO50-published-circular-speed,18,1.4502684633009426e+20,57676.41018651099,44660.0,4300.0,13016.410186510991,1.0,2.2937603458818222e-11
expanded_box_49x49x9,refracted_gravity_published_fixture,DDO50,DDO50-published-circular-speed,19,1.527410402838227e+20,59450.890222912625,45340.0,4280.0,14110.890222912625,1.0,2.3139873486059717e-11
expanded_box_49x49x9,refracted_gravity_published_fixture,DDO50,DDO50-published-circular-speed,20,1.6014666647940196e+20,61154.599401529544,43220.0,4810.0,17934.599401529544,1.0,2.335287465032924e-11
expanded_box_49x49x9,refracted_gravity_published_fixture,DDO50,DDO50-published-circular-speed,21,1.678608604331304e+20,62803.64686687199,40390.0,5600.0,22413.64686687199,1.0,2.3497425484423888e-11
expanded_box_49x49x9,refracted_gravity_published_fixture,DDO50,DDO50-published-circular-speed,22,1.755750543868588e+20,64543.22646525905,39000.0,6580.0,25543.226465259053,1.0,2.372676515518434e-11
expanded_box_49x49x9,refracted_gravity_published_fixture,DDO50,DDO50-published-circular-speed,23,1.8298068058243806e+20,66344.10091939718,38290.0,7660.0,28054.100919397184,1.0,2.405466912021971e-11
expanded_box_49x49x9,refracted_gravity_published_fixture,DDO50,DDO50-published-circular-speed,24,1.906948745361665e+20,68280.78610298745,40040.0,9630.0,28240.786102987448,1.0,2.444882570746649e-11
expanded_box_49x49x9,refracted_gravity_published_fixture,DDO50,DDO50-published-circular-speed,25,1.984090684898949e+20,70169.3694357307,37630.0,10130.0,32539.369435730696,1.0,2.4816105657281616e-11
expanded_box_49x49x9,refracted_gravity_published_fixture,NGC1569,NGC1569-published-circular-speed,0,7.714193953728418e+18,9176.1661415791,3510.0,6120.0,5666.1661415791,1.0,1.0915207157471874e-11
expanded_box_49x49x9,refracted_gravity_published_fixture,NGC1569,NGC1569-published-circular-speed,1,1.51198201493077e+19,17723.329517275717,5590.0,7210.0,12133.329517275717,1.0,2.0775141904867123e-11
expanded_box_49x49x9,refracted_gravity_published_fixture,NGC1569,NGC1569-published-circular-speed,2,2.2834014103036117e+19,26347.438040934285,10710.0,9330.0,15637.438040934285,1.0,3.040146547113539e-11
expanded_box_49x49x9,refracted_gravity_published_fixture,NGC1569,NGC1569-published-circular-speed,3,3.0548208056764535e+19,34679.80564175685,23060.0,6670.0,11619.805641756851,1.0,3.9370195368422256e-11
expanded_box_49x49x9,refracted_gravity_published_fixture,NGC1569,NGC1569-published-circular-speed,4,3.826240201049295e+19,42713.02234623084,34800.0,7470.0,7913.022346230842,1.0,4.76813315967277e-11
expanded_box_49x49x9,refracted_gravity_published_fixture,NGC1569,NGC1569-published-circular-speed,5,4.566802820607223e+19,49925.138988619845,43020.0,6890.0,6905.138988619845,1.0,5.457909178355094e-11
expanded_box_49x49x9,refracted_gravity_published_fixture,NGC1569,NGC1569-published-circular-speed,6,5.338222215980065e+19,54662.1774443961,50250.0,9720.0,4412.177444396097,1.0,5.597282245048084e-11
expanded_box_49x49x9,refracted_gravity_published_fixture,NGC1569,NGC1569-published-circular-speed,7,6.109641611352907e+19,58274.70535392606,54710.0,14120.0,3564.7053539260596,1.0,5.558331404867638e-11
expanded_box_49x49x9,refracted_gravity_published_fixture,NGC1569,NGC1569-published-circular-speed,8,6.881061006725748e+19,61419.547641035984,56350.0,18530.0,5069.547641035984,1.0,5.482237156075603e-11
expanded_box_49x49x9,refracted_gravity_published_fixture,NGC1569,NGC1569-published-circular-speed,9,7.621623626283678e+19,64159.85101707703,55870.0,22350.0,8289.851017077031,1.0,5.401062403996889e-11
vertical_draw_b_33x33x9,newtonian_poisson,DDO53,DDO53-published-circular-speed,0,6.47992292113187e+18,1993.8373850242108,3140.0,4920.0,-1146.1626149757892,1.0,6.134930255043509e-13
vertical_draw_b_33x33x9,newtonian_poisson,DDO53,DDO53-published-circular-speed,1,9.565600502623238e+18,2935.57663416953,5810.0,4920.0,-2874.42336583047,1.0,9.00895889674552e-13
vertical_draw_b_33x33x9,newtonian_poisson,DDO53,DDO53-published-circular-speed,2,1.295984584226374e+19,3965.715001779459,7110.0,1820.0,-3144.284998220541,1.0,1.213509455803186e-12
vertical_draw_b_33x33x9,newtonian_poisson,DDO53,DDO53-published-circular-speed,3,1.604552342375511e+19,4831.708796514992,11200.0,4900.0,-6368.291203485008,1.0,1.4549484786365953e-12
vertical_draw_b_33x33x9,newtonian_poisson,DDO53,DDO53-published-circular-speed,4,1.9439768763395613e+19,5665.324746440744,13020.0,4110.0,-7354.675253559256,1.0,1.6510435321159434e-12
vertical_draw_b_33x33x9,newtonian_poisson,DDO53,DDO53-published-circular-speed,5,2.252544634488698e+19,6386.077108800757,14560.0,4019.9999999999995,-8173.922891199243,1.0,1.8104849162647595e-12
vertical_draw_b_33x33x9,newtonian_poisson,DDO53,DDO53-published-circular-speed,6,2.591969168452748e+19,7153.915330210679,18100.0,5210.0,-10946.084669789321,1.0,1.9745028287652782e-12
vertical_draw_b_33x33x9,newtonian_poisson,DDO53,DDO53-published-circular-speed,7,2.900536926601885e+19,7821.7691983176765,19590.0,6440.0,-11768.230801682323,1.0,2.1092671784539726e-12
vertical_draw_b_33x33x9,newtonian_poisson,DDO53,DDO53-published-circular-speed,8,3.2399614605659357e+19,8453.681360519722,23230.0,6560.0,-14776.318639480278,1.0,2.2057277351908866e-12
vertical_draw_b_33x33x9,newtonian_poisson,DDO101,DDO101-published-circular-speed,0,5.862787404833597e+18,2086.135655048353,19420.0,4120.0,-17333.864344951646,1.0,7.423025381537848e-13
vertical_draw_b_33x33x9,newtonian_poisson,DDO101,DDO101-published-circular-speed,1,1.1417007051518058e+19,3875.0426749285352,29470.0,4900.0,-25594.957325071464,1.0,1.3152269824096066e-12
vertical_draw_b_33x33x9,newtonian_poisson,DDO101,DDO101-published-circular-speed,2,1.7279794456351658e+19,5443.4083378670475,37920.0,3670.0,-32476.591662132952,1.0,1.7147596522404773e-12
vertical_draw_b_33x33x9,newtonian_poisson,DDO101,DDO101-published-circular-speed,3,2.2834014103036117e+19,6779.841739679692,43590.0,3070.0,-36810.158260320306,1.0,2.0130605949389805e-12
vertical_draw_b_33x33x9,newtonian_poisson,DDO101,DDO101-published-circular-speed,4,2.8696801507869716e+19,8059.49431548682,49900.0,3220.0,-41840.50568451318,1.0,2.263508307835324e-12
vertical_draw_b_33x33x9,newtonian_poisson,DDO101,DDO101-published-circular-speed,5,3.4559588912703316e+19,9250.70501376787,54750.0,2660.0,-45499.294986232126,1.0,2.4761736451180528e-12
vertical_draw_b_33x33x9,newtonian_poisson,DDO101,DDO101-published-circular-speed,6,4.011380855938777e+19,10369.876443512347,56560.0,2420.0,-46190.123556487655,1.0,2.680731182493171e-12
vertical_draw_b_33x33x9,newtonian_poisson,DDO101,DDO101-published-circular-speed,7,4.597659596422137e+19,11562.34542686282,58340.0,2480.0,-46777.65457313718,1.0,2.907736620478176e-12
vertical_draw_b_33x33x9,newtonian_poisson,DDO101,DDO101-published-circular-speed,8,5.183938336905496e+19,12708.795998278621,59740.0,2540.0,-47031.20400172138,1.0,3.1156523328222436e-12
vertical_draw_b_33x33x9,newtonian_poisson,DDO101,DDO101-published-circular-speed,9,5.739360301573943e+19,13692.13786000953,59930.0,3570.0,-46237.862139990466,1.0,3.2664727308737512e-12
vertical_draw_b_33x33x9,newtonian_poisson,DDO50,DDO50-published-circular-speed,0,7.714193953728418e+18,2366.72665564422,5830.0,10060.0,-3463.27334435578,1.0,7.26115404426617e-13
vertical_draw_b_33x33x9,newtonian_poisson,DDO50,DDO50-published-circular-speed,1,1.51198201493077e+19,4597.642454238469,13080.0,2750.0,-8482.35754576153,1.0,1.3980534112360992e-12
vertical_draw_b_33x33x9,newtonian_poisson,DDO50,DDO50-published-circular-speed,2,2.2834014103036117e+19,6878.060235164342,29230.0,4570.0,-22351.939764835657,1.0,2.07180885432924e-12
vertical_draw_b_33x33x9,newtonian_poisson,DDO50,DDO50-published-circular-speed,3,3.0548208056764535e+19,8937.872996863978,34750.0,4790.0,-25812.12700313602,1.0,2.6150657858433883e-12
vertical_draw_b_33x33x9,newtonian_poisson,DDO50,DDO50-published-circular-speed,4,3.826240201049295e+19,10539.568843069603,40010.0,5020.0,-29470.431156930397,1.0,2.903176631915075e-12
vertical_draw_b_33x33x9,newtonian_poisson,DDO50,DDO50-published-circular-speed,5,4.566802820607223e+19,11946.109520349955,40290.0,7450.0,-28343.890479650043,1.0,3.124933093853623e-12
vertical_draw_b_33x33x9,newtonian_poisson,DDO50,DDO50-published-circular-speed,6,5.338222215980065e+19,13342.181536391257,43470.0,5640.0,-30127.818463608743,1.0,3.3347020964607328e-12
vertical_draw_b_33x33x9,newtonian_poisson,DDO50,DDO50-published-circular-speed,7,6.109641611352907e+19,14573.352204229932,42130.0,5560.0,-27556.64779577007,1.0,3.4761874423842645e-12
vertical_draw_b_33x33x9,newtonian_poisson,DDO50,DDO50-published-circular-speed,8,6.881061006725748e+19,15701.98604312466,42130.0,5650.0,-26428.01395687534,1.0,3.583057401431177e-12
vertical_draw_b_33x33x9,newtonian_poisson,DDO50,DDO50-published-circular-speed,9,7.621623626283678e+19,16744.19350722733,40940.0,6560.0,-24195.80649277267,1.0,3.678586479140824e-12
vertical_draw_b_33x33x9,newtonian_poisson,DDO50,DDO50-published-circular-speed,10,8.39304302165652e+19,17840.509492183188,41570.0,5980.0,-23729.490507816812,1.0,3.7922333785185265e-12
vertical_draw_b_33x33x9,newtonian_poisson,DDO50,DDO50-published-circular-speed,11,9.164462417029361e+19,18989.520010272732,41690.0,4400.0,-22700.479989727268,1.0,3.9347847567193875e-12
vertical_draw_b_33x33x9,newtonian_poisson,DDO50,DDO50-published-circular-speed,12,9.905025036587288e+19,20072.74709442147,39960.0,3930.0,-19887.25290557853,1.0,4.067785537424824e-12
vertical_draw_b_33x33x9,newtonian_poisson,DDO50,DDO50-published-circular-speed,13,1.067644443196013e+20,21153.67070830255,39330.0,4040.0,-18176.32929169745,1.0,4.1912622435964214e-12
vertical_draw_b_33x33x9,newtonian_poisson,DDO50,DDO50-published-circular-speed,14,1.1447863827332973e+20,22037.0395942506,38590.0,3980.0,-16552.9604057494,1.0,4.2421112043547685e-12
vertical_draw_b_33x33x9,newtonian_poisson,DDO50,DDO50-published-circular-speed,15,1.2219283222705814e+20,22742.185682123,40130.0,4270.0,-17387.814317877,1.0,4.232711527948617e-12
vertical_draw_b_33x33x9,newtonian_poisson,DDO50,DDO50-published-circular-speed,16,1.2959845842263743e+20,23305.898179534302,43820.0,3940.0,-20514.101820465698,1.0,4.191136966949785e-12
vertical_draw_b_33x33x9,newtonian_poisson,DDO50,DDO50-published-circular-speed,17,1.3731265237636584e+20,23763.738633163797,45590.0,4050.0,-21826.261366836203,1.0,4.112623738979788e-12
vertical_draw_b_33x33x9,newtonian_poisson,DDO50,DDO50-published-circular-speed,18,1.4502684633009426e+20,24042.1511896191,44660.0,4300.0,-20617.8488103809,1.0,3.985641613614528e-12
vertical_draw_b_33x33x9,newtonian_poisson,DDO50,DDO50-published-circular-speed,19,1.527410402838227e+20,24279.77372356428,45340.0,4280.0,-21060.22627643572,1.0,3.859522044448975e-12
vertical_draw_b_33x33x9,newtonian_poisson,DDO50,DDO50-published-circular-speed,20,1.6014666647940196e+20,24512.120707185695,43220.0,4810.0,-18707.879292814305,1.0,3.751836205975117e-12
vertical_draw_b_33x33x9,newtonian_poisson,DDO50,DDO50-published-circular-speed,21,1.678608604331304e+20,24724.373219846417,40390.0,5600.0,-15665.626780153583,1.0,3.641674596072835e-12
vertical_draw_b_33x33x9,newtonian_poisson,DDO50,DDO50-published-circular-speed,22,1.755750543868588e+20,24910.552099977962,39000.0,6580.0,-14089.447900022038,1.0,3.5343039368134836e-12
vertical_draw_b_33x33x9,newtonian_poisson,DDO50,DDO50-published-circular-speed,23,1.8298068058243806e+20,25046.85362007107,38290.0,7660.0,-13243.14637992893,1.0,3.4284760241813086e-12
vertical_draw_b_33x33x9,newtonian_poisson,DDO50,DDO50-published-circular-speed,24,1.906948745361665e+20,25139.81370348527,40040.0,9630.0,-14900.18629651473,1.0,3.3142486633854496e-12
vertical_draw_b_33x33x9,newtonian_poisson,DDO50,DDO50-published-circular-speed,25,1.984090684898949e+20,25172.15922721554,37630.0,10130.0,-12457.84077278446,1.0,3.1935919309684383e-12
vertical_draw_b_33x33x9,newtonian_poisson,NGC1569,NGC1569-published-circular-speed,0,7.714193953728418e+18,5181.749130562325,3510.0,6120.0,1671.7491305623253,1.0,3.4806648903487893e-12
vertical_draw_b_33x33x9,newtonian_poisson,NGC1569,NGC1569-published-circular-speed,1,1.51198201493077e+19,9910.836937895878,5590.0,7210.0,4320.836937895878,1.0,6.496419126656003e-12
vertical_draw_b_33x33x9,newtonian_poisson,NGC1569,NGC1569-published-circular-speed,2,2.2834014103036117e+19,14571.335063049313,10710.0,9330.0,3861.3350630493132,1.0,9.298575561947244e-12
vertical_draw_b_33x33x9,newtonian_poisson,NGC1569,NGC1569-published-circular-speed,3,3.0548208056764535e+19,18949.421303701896,23060.0,6670.0,-4110.578696298104,1.0,1.1754554214045863e-11
vertical_draw_b_33x33x9,newtonian_poisson,NGC1569,NGC1569-published-circular-speed,4,3.826240201049295e+19,23032.22802509834,34800.0,7470.0,-11767.771974901661,1.0,1.3864355082951857e-11
vertical_draw_b_33x33x9,newtonian_poisson,NGC1569,NGC1569-published-circular-speed,5,4.566802820607223e+19,26485.29724479004,43020.0,6890.0,-16534.70275520996,1.0,1.5360220217513398e-11
vertical_draw_b_33x33x9,newtonian_poisson,NGC1569,NGC1569-published-circular-speed,6,5.338222215980065e+19,27753.85805658837,50250.0,9720.0,-22496.14194341163,1.0,1.4429459956152035e-11
vertical_draw_b_33x33x9,newtonian_poisson,NGC1569,NGC1569-published-circular-speed,7,6.109641611352907e+19,28077.62251420017,54710.0,14120.0,-26632.37748579983,1.0,1.2903422756991292e-11
vertical_draw_b_33x33x9,newtonian_poisson,NGC1569,NGC1569-published-circular-speed,8,6.881061006725748e+19,28018.123210326172,56350.0,18530.0,-28331.876789673828,1.0,1.1408345710955354e-11
vertical_draw_b_33x33x9,newtonian_poisson,NGC1569,NGC1569-published-circular-speed,9,7.621623626283678e+19,27732.049395323287,55870.0,22350.0,-28137.950604676713,1.0,1.0090587011046745e-11
vertical_draw_b_33x33x9,aqual_simple_mu,DDO53,DDO53-published-circular-speed,0,6.47992292113187e+18,6438.3673810715345,3140.0,4920.0,3298.3673810715345,1.0,6.3970783353708895e-12
vertical_draw_b_33x33x9,aqual_simple_mu,DDO53,DDO53-published-circular-speed,1,9.565600502623238e+18,9406.048116023818,5810.0,4920.0,3596.048116023818,1.0,9.249157032712423e-12
vertical_draw_b_33x33x9,aqual_simple_mu,DDO53,DDO53-published-circular-speed,2,1.295984584226374e+19,12595.692432117812,7110.0,1820.0,5485.692432117812,1.0,1.2241771219772298e-11
vertical_draw_b_33x33x9,aqual_simple_mu,DDO53,DDO53-published-circular-speed,3,1.604552342375511e+19,15034.178053389476,11200.0,4900.0,3834.178053389476,1.0,1.408657753142472e-11
vertical_draw_b_33x33x9,aqual_simple_mu,DDO53,DDO53-published-circular-speed,4,1.9439768763395613e+19,16974.86598135022,13020.0,4110.0,3954.86598135022,1.0,1.4822505277293713e-11
vertical_draw_b_33x33x9,aqual_simple_mu,DDO53,DDO53-published-circular-speed,5,2.252544634488698e+19,18498.139869169685,14560.0,4019.9999999999995,3938.139869169685,1.0,1.5190872286401387e-11
vertical_draw_b_33x33x9,aqual_simple_mu,DDO53,DDO53-published-circular-speed,6,2.591969168452748e+19,20030.1221216268,18100.0,5210.0,1930.1221216267986,1.0,1.5478802645124798e-11
vertical_draw_b_33x33x9,aqual_simple_mu,DDO53,DDO53-published-circular-speed,7,2.900536926601885e+19,21338.539286218976,19590.0,6440.0,1748.5392862189765,1.0,1.5698240373824684e-11
vertical_draw_b_33x33x9,aqual_simple_mu,DDO53,DDO53-published-circular-speed,8,3.2399614605659357e+19,22718.29109818728,23230.0,6560.0,-511.708901812719,1.0,1.59298422744764e-11
vertical_draw_b_33x33x9,aqual_simple_mu,DDO101,DDO101-published-circular-speed,0,5.862787404833597e+18,9702.865222290624,19420.0,4120.0,-9717.134777709376,1.0,1.6058162614649507e-11
vertical_draw_b_33x33x9,aqual_simple_mu,DDO101,DDO101-published-circular-speed,1,1.1417007051518058e+19,14352.499983480478,29470.0,4900.0,-15117.500016519522,1.0,1.8042754536830837e-11
vertical_draw_b_33x33x9,aqual_simple_mu,DDO101,DDO101-published-circular-speed,2,1.7279794456351658e+19,14767.223256300373,37920.0,3670.0,-23152.77674369963,1.0,1.2619992862314443e-11
vertical_draw_b_33x33x9,aqual_simple_mu,DDO101,DDO101-published-circular-speed,3,2.2834014103036117e+19,17776.71100835898,43590.0,3070.0,-25813.28899164102,1.0,1.3839505084333509e-11
vertical_draw_b_33x33x9,aqual_simple_mu,DDO101,DDO101-published-circular-speed,4,2.8696801507869716e+19,20573.78162971824,49900.0,3220.0,-29326.21837028176,1.0,1.475009298270585e-11
vertical_draw_b_33x33x9,aqual_simple_mu,DDO101,DDO101-published-circular-speed,5,3.4559588912703316e+19,23128.02909049951,54750.0,2660.0,-31621.97090950049,1.0,1.5477780449360972e-11
vertical_draw_b_33x33x9,aqual_simple_mu,DDO101,DDO101-published-circular-speed,6,4.011380855938777e+19,25598.133743817674,56560.0,2420.0,-30961.866256182326,1.0,1.633513432653172e-11
vertical_draw_b_33x33x9,aqual_simple_mu,DDO101,DDO101-published-circular-speed,7,4.597659596422137e+19,28253.19785729466,58340.0,2480.0,-30086.80214270534,1.0,1.7361946277724134e-11
vertical_draw_b_33x33x9,aqual_simple_mu,DDO101,DDO101-published-circular-speed,8,5.183938336905496e+19,30796.349477991374,59740.0,2540.0,-28943.650522008626,1.0,1.8295262781553982e-11
vertical_draw_b_33x33x9,aqual_simple_mu,DDO101,DDO101-published-circular-speed,9,5.739360301573943e+19,33030.00229224097,59930.0,3570.0,-26899.99770775903,1.0,1.90087569711603e-11
vertical_draw_b_33x33x9,aqual_simple_mu,DDO50,DDO50-published-circular-speed,0,7.714193953728418e+18,6771.970880616976,5830.0,10060.0,941.9708806169756,1.0,5.944832328951158e-12
vertical_draw_b_33x33x9,aqual_simple_mu,DDO50,DDO50-published-circular-speed,1,1.51198201493077e+19,12943.698605665917,13080.0,2750.0,-136.30139433408294,1.0,1.108077556081175e-11
vertical_draw_b_33x33x9,aqual_simple_mu,DDO50,DDO50-published-circular-speed,2,2.2834014103036117e+19,19015.663295867915,29230.0,4570.0,-10214.336704132085,1.0,1.5835824964903513e-11
vertical_draw_b_33x33x9,aqual_simple_mu,DDO50,DDO50-published-circular-speed,3,3.0548208056764535e+19,23907.89564787457,34750.0,4790.0,-10842.104352125429,1.0,1.8710998473217763e-11
vertical_draw_b_33x33x9,aqual_simple_mu,DDO50,DDO50-published-circular-speed,4,3.826240201049295e+19,26841.72836719355,40010.0,5020.0,-13168.271632806449,1.0,1.882993079056096e-11
vertical_draw_b_33x33x9,aqual_simple_mu,DDO50,DDO50-published-circular-speed,5,4.566802820607223e+19,29376.462152475233,40290.0,7450.0,-10913.537847524767,1.0,1.8896732845607387e-11
vertical_draw_b_33x33x9,aqual_simple_mu,DDO50,DDO50-published-circular-speed,6,5.338222215980065e+19,31919.52822519903,43470.0,5640.0,-11550.471774800972,1.0,1.908605975729734e-11
vertical_draw_b_33x33x9,aqual_simple_mu,DDO50,DDO50-published-circular-speed,7,6.109641611352907e+19,34512.087115897404,42130.0,5560.0,-7617.912884102596,1.0,1.9495155900503633e-11
vertical_draw_b_33x33x9,aqual_simple_mu,DDO50,DDO50-published-circular-speed,8,6.881061006725748e+19,36900.88167894282,42130.0,5650.0,-5229.1183210571835,1.0,1.9788737047272168e-11
vertical_draw_b_33x33x9,aqual_simple_mu,DDO50,DDO50-published-circular-speed,9,7.621623626283678e+19,39090.97376457974,40940.0,6560.0,-1849.0262354202569,1.0,2.0049589231791666e-11
vertical_draw_b_33x33x9,aqual_simple_mu,DDO50,DDO50-published-circular-speed,10,8.39304302165652e+19,41405.71044281638,41570.0,5980.0,-164.28955718361976,1.0,2.0426832709550186e-11
vertical_draw_b_33x33x9,aqual_simple_mu,DDO50,DDO50-published-circular-speed,11,9.164462417029361e+19,43888.03812178156,41690.0,4400.0,2198.0381217815593,1.0,2.1017707340910363e-11
vertical_draw_b_33x33x9,aqual_simple_mu,DDO50,DDO50-published-circular-speed,12,9.905025036587288e+19,46261.900970091905,39960.0,3930.0,6301.900970091905,1.0,2.1606845752143296e-11
vertical_draw_b_33x33x9,aqual_simple_mu,DDO50,DDO50-published-circular-speed,13,1.067644443196013e+20,48652.78898659951,39330.0,4040.0,9322.78898659951,1.0,2.2171181532014914e-11
vertical_draw_b_33x33x9,aqual_simple_mu,DDO50,DDO50-published-circular-speed,14,1.1447863827332973e+20,50647.01175980844,38590.0,3980.0,12057.01175980844,1.0,2.24069733785065e-11
vertical_draw_b_33x33x9,aqual_simple_mu,DDO50,DDO50-published-circular-speed,15,1.2219283222705814e+20,52283.5408039605,40130.0,4270.0,12153.540803960503,1.0,2.2370940988747187e-11
vertical_draw_b_33x33x9,aqual_simple_mu,DDO50,DDO50-published-circular-speed,16,1.2959845842263743e+20,53644.15736626812,43820.0,3940.0,9824.157366268118,1.0,2.2204705631238282e-11
vertical_draw_b_33x33x9,aqual_simple_mu,DDO50,DDO50-published-circular-speed,17,1.3731265237636584e+20,54852.300991270495,45590.0,4050.0,9262.300991270495,1.0,2.1911854967232445e-11
vertical_draw_b_33x33x9,aqual_simple_mu,DDO50,DDO50-published-circular-speed,18,1.4502684633009426e+20,55793.070180891256,44660.0,4300.0,11133.070180891256,1.0,2.146407205962881e-11
vertical_draw_b_33x33x9,aqual_simple_mu,DDO50,DDO50-published-circular-speed,19,1.527410402838227e+20,56708.30495139853,45340.0,4280.0,11368.304951398532,1.0,2.105414395819989e-11
vertical_draw_b_33x33x9,aqual_simple_mu,DDO50,DDO50-published-circular-speed,20,1.6014666647940196e+20,57633.322326368514,43220.0,4810.0,14413.322326368514,1.0,2.0740986468190467e-11
vertical_draw_b_33x33x9,aqual_simple_mu,DDO50,DDO50-published-circular-speed,21,1.678608604331304e+20,58581.65239492179,40390.0,5600.0,18191.652394921788,1.0,2.0444372729082685e-11
vertical_draw_b_33x33x9,aqual_simple_mu,DDO50,DDO50-published-circular-speed,22,1.755750543868588e+20,59495.801831613724,39000.0,6580.0,20495.801831613724,1.0,2.0160896136117554e-11
vertical_draw_b_33x33x9,aqual_simple_mu,DDO50,DDO50-published-circular-speed,23,1.8298068058243806e+20,60293.77604777048,38290.0,7660.0,22003.77604777048,1.0,1.986734019420633e-11
vertical_draw_b_33x33x9,aqual_simple_mu,DDO50,DDO50-published-circular-speed,24,1.906948745361665e+20,61033.20154707529,40040.0,9630.0,20993.20154707529,1.0,1.9534094454014462e-11
vertical_draw_b_33x33x9,aqual_simple_mu,DDO50,DDO50-published-circular-speed,25,1.984090684898949e+20,61657.01328461587,37630.0,10130.0,24027.013284615867,1.0,1.9160350462372717e-11
vertical_draw_b_33x33x9,aqual_simple_mu,NGC1569,NGC1569-published-circular-speed,0,7.714193953728418e+18,18759.14424448173,3510.0,6120.0,15249.14424448173,1.0,4.561792131440892e-11
vertical_draw_b_33x33x9,aqual_simple_mu,NGC1569,NGC1569-published-circular-speed,1,1.51198201493077e+19,35474.463676205174,5590.0,7210.0,29884.463676205174,1.0,8.323098824505668e-11
vertical_draw_b_33x33x9,aqual_simple_mu,NGC1569,NGC1569-published-circular-speed,2,2.2834014103036117e+19,51460.11410780161,10710.0,9330.0,40750.11410780161,1.0,1.1597362303616397e-10
vertical_draw_b_33x33x9,aqual_simple_mu,NGC1569,NGC1569-published-circular-speed,3,3.0548208056764535e+19,65896.45879485643,23060.0,6670.0,42836.45879485643,1.0,1.42147234090893e-10
vertical_draw_b_33x33x9,aqual_simple_mu,NGC1569,NGC1569-published-circular-speed,4,3.826240201049295e+19,78670.28166143771,34800.0,7470.0,43870.28166143771,1.0,1.6175182140924365e-10
vertical_draw_b_33x33x9,aqual_simple_mu,NGC1569,NGC1569-published-circular-speed,5,4.566802820607223e+19,88415.27040529084,43020.0,6890.0,45395.27040529084,1.0,1.7117577324701043e-10
vertical_draw_b_33x33x9,aqual_simple_mu,NGC1569,NGC1569-published-circular-speed,6,5.338222215980065e+19,87517.54993048988,50250.0,9720.0,37267.549930489884,1.0,1.4348075512681869e-10
vertical_draw_b_33x33x9,aqual_simple_mu,NGC1569,NGC1569-published-circular-speed,7,6.109641611352907e+19,82411.0525502341,54710.0,14120.0,27701.052550234104,1.0,1.1116170169159123e-10
vertical_draw_b_33x33x9,aqual_simple_mu,NGC1569,NGC1569-published-circular-speed,8,6.881061006725748e+19,76075.54709719043,56350.0,18530.0,19725.54709719043,1.0,8.410750697428755e-11
vertical_draw_b_33x33x9,aqual_simple_mu,NGC1569,NGC1569-published-circular-speed,9,7.621623626283678e+19,69403.12052161754,55870.0,22350.0,13533.120521617544,1.0,6.31990422818458e-11
vertical_draw_b_33x33x9,qumond_simple_nu,DDO53,DDO53-published-circular-speed,0,6.47992292113187e+18,4776.123300399927,3140.0,4920.0,1636.1233003999268,1.0,3.5203125188777025e-12
vertical_draw_b_33x33x9,qumond_simple_nu,DDO53,DDO53-published-circular-speed,1,9.565600502623238e+18,7026.989847462489,5810.0,4920.0,1216.9898474624888,1.0,5.162099996001241e-12
vertical_draw_b_33x33x9,qumond_simple_nu,DDO53,DDO53-published-circular-speed,2,1.295984584226374e+19,9485.325037985776,7110.0,1820.0,2375.3250379857764,1.0,6.942319543866138e-12
vertical_draw_b_33x33x9,qumond_simple_nu,DDO53,DDO53-published-circular-speed,3,1.604552342375511e+19,11545.95970144185,11200.0,4900.0,345.9597014418505,1.0,8.308185523568357e-12
vertical_draw_b_33x33x9,qumond_simple_nu,DDO53,DDO53-published-circular-speed,4,1.9439768763395613e+19,13516.216559062492,13020.0,4110.0,496.2165590624918,1.0,9.397648310275699e-12
vertical_draw_b_33x33x9,qumond_simple_nu,DDO53,DDO53-published-circular-speed,5,2.252544634488698e+19,15207.33655741129,14560.0,4019.9999999999995,647.3365574112904,1.0,1.0266748175796833e-11
vertical_draw_b_33x33x9,qumond_simple_nu,DDO53,DDO53-published-circular-speed,6,2.591969168452748e+19,17001.867557548412,18100.0,5210.0,-1098.1324424515878,1.0,1.1152273875887613e-11
vertical_draw_b_33x33x9,qumond_simple_nu,DDO53,DDO53-published-circular-speed,7,2.900536926601885e+19,18558.470090184474,19590.0,6440.0,-1031.5299098155265,1.0,1.1874243314384284e-11
vertical_draw_b_33x33x9,qumond_simple_nu,DDO53,DDO53-published-circular-speed,8,3.2399614605659357e+19,20030.557431143407,23230.0,6560.0,-3199.4425688565934,1.0,1.238358035691731e-11
vertical_draw_b_33x33x9,qumond_simple_nu,DDO101,DDO101-published-circular-speed,0,5.862787404833597e+18,5005.48312721925,19420.0,4120.0,-14414.51687278075,1.0,4.2735408273921074e-12
vertical_draw_b_33x33x9,qumond_simple_nu,DDO101,DDO101-published-circular-speed,1,1.1417007051518058e+19,9253.037852126554,29470.0,4900.0,-20216.962147873448,1.0,7.499225419283816e-12
vertical_draw_b_33x33x9,qumond_simple_nu,DDO101,DDO101-published-circular-speed,2,1.7279794456351658e+19,12681.850002153025,37920.0,3670.0,-25238.149997846973,1.0,9.307362994586519e-12
vertical_draw_b_33x33x9,qumond_simple_nu,DDO101,DDO101-published-circular-speed,3,2.2834014103036117e+19,15382.056400700176,43590.0,3070.0,-28207.943599299826,1.0,1.0362070288940603e-11
vertical_draw_b_33x33x9,qumond_simple_nu,DDO101,DDO101-published-circular-speed,4,2.8696801507869716e+19,17882.46639698226,49900.0,3220.0,-32017.53360301774,1.0,1.1143492920334818e-11
vertical_draw_b_33x33x9,qumond_simple_nu,DDO101,DDO101-published-circular-speed,5,3.4559588912703316e+19,20308.784642919687,54750.0,2660.0,-34441.21535708031,1.0,1.1934364575756991e-11
vertical_draw_b_33x33x9,qumond_simple_nu,DDO101,DDO101-published-circular-speed,6,4.011380855938777e+19,22638.81347173426,56560.0,2420.0,-33921.18652826574,1.0,1.277654488102784e-11
vertical_draw_b_33x33x9,qumond_simple_nu,DDO101,DDO101-published-circular-speed,7,4.597659596422137e+19,25143.950892965655,58340.0,2480.0,-33196.04910703434,1.0,1.3750871573873277e-11
vertical_draw_b_33x33x9,qumond_simple_nu,DDO101,DDO101-published-circular-speed,8,5.183938336905496e+19,27603.976824094203,59740.0,2540.0,-32136.023175905797,1.0,1.4698854171941917e-11
vertical_draw_b_33x33x9,qumond_simple_nu,DDO101,DDO101-published-circular-speed,9,5.739360301573943e+19,29779.29370580541,59930.0,3570.0,-30150.70629419459,1.0,1.5451309675982997e-11
vertical_draw_b_33x33x9,qumond_simple_nu,DDO50,DDO50-published-circular-speed,0,7.714193953728418e+18,4923.850724358975,5830.0,10060.0,-906.1492756410253,1.0,3.142817785136535e-12
vertical_draw_b_33x33x9,qumond_simple_nu,DDO50,DDO50-published-circular-speed,1,1.51198201493077e+19,9568.44182157182,13080.0,2750.0,-3511.5581784281803,1.0,6.0553021126376786e-12
vertical_draw_b_33x33x9,qumond_simple_nu,DDO50,DDO50-published-circular-speed,2,2.2834014103036117e+19,14319.675286513471,29230.0,4570.0,-14910.324713486529,1.0,8.980160009795204e-12
vertical_draw_b_33x33x9,qumond_simple_nu,DDO50,DDO50-published-circular-speed,3,3.0548208056764535e+19,18658.098371832162,34750.0,4790.0,-16091.901628167838,1.0,1.1395910169463377e-11
vertical_draw_b_33x33x9,qumond_simple_nu,DDO50,DDO50-published-circular-speed,4,3.826240201049295e+19,22137.754325056838,40010.0,5020.0,-17872.245674943162,1.0,1.2808400435032145e-11
vertical_draw_b_33x33x9,qumond_simple_nu,DDO50,DDO50-published-circular-speed,5,4.566802820607223e+19,25219.036404124145,40290.0,7450.0,-15070.963595875855,1.0,1.3926587639883549e-11
vertical_draw_b_33x33x9,qumond_simple_nu,DDO50,DDO50-published-circular-speed,6,5.338222215980065e+19,28293.405320750822,43470.0,5640.0,-15176.594679249178,1.0,1.499594344813765e-11
vertical_draw_b_33x33x9,qumond_simple_nu,DDO50,DDO50-published-circular-speed,7,6.109641611352907e+19,30984.990556490917,42130.0,5560.0,-11145.009443509083,1.0,1.571400911637492e-11
vertical_draw_b_33x33x9,qumond_simple_nu,DDO50,DDO50-published-circular-speed,8,6.881061006725748e+19,33455.81694803608,42130.0,5650.0,-8674.183051963919,1.0,1.6266266009943382e-11
vertical_draw_b_33x33x9,qumond_simple_nu,DDO50,DDO50-published-circular-speed,9,7.621623626283678e+19,35724.37018033297,40940.0,6560.0,-5215.629819667032,1.0,1.674486549532959e-11
vertical_draw_b_33x33x9,qumond_simple_nu,DDO50,DDO50-published-circular-speed,10,8.39304302165652e+19,38034.689209945245,41570.0,5980.0,-3535.3107900547548,1.0,1.7236151173827835e-11
vertical_draw_b_33x33x9,qumond_simple_nu,DDO50,DDO50-published-circular-speed,11,9.164462417029361e+19,40301.51109074082,41690.0,4400.0,-1388.4889092591766,1.0,1.7722935861235056e-11
vertical_draw_b_33x33x9,qumond_simple_nu,DDO50,DDO50-published-circular-speed,12,9.905025036587288e+19,42396.48415903011,39960.0,3930.0,2436.4841590301075,1.0,1.814696946658294e-11
vertical_draw_b_33x33x9,qumond_simple_nu,DDO50,DDO50-published-circular-speed,13,1.067644443196013e+20,44486.82053738449,39330.0,4040.0,5156.82053738449,1.0,1.8536856667384985e-11
vertical_draw_b_33x33x9,qumond_simple_nu,DDO50,DDO50-published-circular-speed,14,1.1447863827332973e+20,46350.08886519014,38590.0,3980.0,7760.0888651901405,1.0,1.8766214991845537e-11
vertical_draw_b_33x33x9,qumond_simple_nu,DDO50,DDO50-published-circular-speed,15,1.2219283222705814e+20,48017.785518410186,40130.0,4270.0,7887.785518410186,1.0,1.886941880361352e-11
vertical_draw_b_33x33x9,qumond_simple_nu,DDO50,DDO50-published-circular-speed,16,1.2959845842263743e+20,49495.04303243818,43820.0,3940.0,5675.043032438181,1.0,1.8902688462496392e-11
vertical_draw_b_33x33x9,qumond_simple_nu,DDO50,DDO50-published-circular-speed,17,1.3731265237636584e+20,50876.096504840476,45590.0,4050.0,5286.096504840476,1.0,1.885024541274793e-11
vertical_draw_b_33x33x9,qumond_simple_nu,DDO50,DDO50-published-circular-speed,18,1.4502684633009426e+20,52016.223743624985,44660.0,4300.0,7356.223743624985,1.0,1.8656459828054634e-11
vertical_draw_b_33x33x9,qumond_simple_nu,DDO50,DDO50-published-circular-speed,19,1.527410402838227e+20,53078.700571847636,45340.0,4280.0,7738.700571847636,1.0,1.8445261660917554e-11
vertical_draw_b_33x33x9,qumond_simple_nu,DDO50,DDO50-published-circular-speed,20,1.6014666647940196e+20,54075.465389416626,43220.0,4810.0,10855.465389416626,1.0,1.8259237119107316e-11
vertical_draw_b_33x33x9,qumond_simple_nu,DDO50,DDO50-published-circular-speed,21,1.678608604331304e+20,55024.321135990955,40390.0,5600.0,14634.321135990955,1.0,1.8036818759682075e-11
vertical_draw_b_33x33x9,qumond_simple_nu,DDO50,DDO50-published-circular-speed,22,1.755750543868588e+20,55908.583719167465,39000.0,6580.0,16908.583719167465,1.0,1.780304009814455e-11
vertical_draw_b_33x33x9,qumond_simple_nu,DDO50,DDO50-published-circular-speed,23,1.8298068058243806e+20,56694.2731094893,38290.0,7660.0,18404.273109489302,1.0,1.7566010756885635e-11
vertical_draw_b_33x33x9,qumond_simple_nu,DDO50,DDO50-published-circular-speed,24,1.906948745361665e+20,57438.959888762554,40040.0,9630.0,17398.959888762554,1.0,1.730111583296463e-11
vertical_draw_b_33x33x9,qumond_simple_nu,DDO50,DDO50-published-circular-speed,25,1.984090684898949e+20,58088.37607718871,37630.0,10130.0,20458.37607718871,1.0,1.7006578685977564e-11
vertical_draw_b_33x33x9,qumond_simple_nu,NGC1569,NGC1569-published-circular-speed,0,7.714193953728418e+18,6757.644499621533,3510.0,6120.0,3247.644499621533,1.0,5.9197058639151825e-12
vertical_draw_b_33x33x9,qumond_simple_nu,NGC1569,NGC1569-published-circular-speed,1,1.51198201493077e+19,13071.677224206021,5590.0,7210.0,7481.6772242060215,1.0,1.1300977377144933e-11
vertical_draw_b_33x33x9,qumond_simple_nu,NGC1569,NGC1569-published-circular-speed,2,2.2834014103036117e+19,19464.52563027186,10710.0,9330.0,8754.525630271859,1.0,1.65922538324584e-11
vertical_draw_b_33x33x9,qumond_simple_nu,NGC1569,NGC1569-published-circular-speed,3,3.0548208056764535e+19,25665.308264805408,23060.0,6670.0,2605.308264805408,1.0,2.156290303848529e-11
vertical_draw_b_33x33x9,qumond_simple_nu,NGC1569,NGC1569-published-circular-speed,4,3.826240201049295e+19,31669.69330508618,34800.0,7470.0,-3130.3066949138192,1.0,2.6212924995225586e-11
vertical_draw_b_33x33x9,qumond_simple_nu,NGC1569,NGC1569-published-circular-speed,5,4.566802820607223e+19,37097.92169717685,43020.0,6890.0,-5922.078302823153,1.0,3.013608969582951e-11
vertical_draw_b_33x33x9,qumond_simple_nu,NGC1569,NGC1569-published-circular-speed,6,5.338222215980065e+19,40781.971395620894,50250.0,9720.0,-9468.028604379106,1.0,3.115586282516516e-11
vertical_draw_b_33x33x9,qumond_simple_nu,NGC1569,NGC1569-published-circular-speed,7,6.109641611352907e+19,43573.11399985402,54710.0,14120.0,-11136.886000145983,1.0,3.107573871626569e-11
vertical_draw_b_33x33x9,qumond_simple_nu,NGC1569,NGC1569-published-circular-speed,8,6.881061006725748e+19,45903.22577829238,56350.0,18530.0,-10446.774221707623,1.0,3.062182030930025e-11
vertical_draw_b_33x33x9,qumond_simple_nu,NGC1569,NGC1569-published-circular-speed,9,7.621623626283678e+19,47845.11185344791,55870.0,22350.0,-8024.88814655209,1.0,3.0035000946184725e-11
vertical_draw_b_33x33x9,refracted_gravity_published_fixture,DDO53,DDO53-published-circular-speed,0,6.47992292113187e+18,3273.510184372326,3140.0,4920.0,133.51018437232597,1.0,1.6537031470302676e-12
vertical_draw_b_33x33x9,refracted_gravity_published_fixture,DDO53,DDO53-published-circular-speed,1,9.565600502623238e+18,4821.80754853736,5810.0,4920.0,-988.1924514626398,1.0,2.430566489658011e-12
vertical_draw_b_33x33x9,refracted_gravity_published_fixture,DDO53,DDO53-published-circular-speed,2,1.295984584226374e+19,6517.061798586248,7110.0,1820.0,-592.9382014137518,1.0,3.277206766463626e-12
vertical_draw_b_33x33x9,refracted_gravity_published_fixture,DDO53,DDO53-published-circular-speed,3,1.604552342375511e+19,8022.417812218653,11200.0,4900.0,-3177.582187781347,1.0,4.01103696365059e-12
vertical_draw_b_33x33x9,refracted_gravity_published_fixture,DDO53,DDO53-published-circular-speed,4,1.9439768763395613e+19,9629.03614497261,13020.0,4110.0,-3390.9638550273903,1.0,4.769518516895853e-12
vertical_draw_b_33x33x9,refracted_gravity_published_fixture,DDO53,DDO53-published-circular-speed,5,2.252544634488698e+19,11078.947381879127,14560.0,4019.9999999999995,-3481.0526181208734,1.0,5.449085146244288e-12
vertical_draw_b_33x33x9,refracted_gravity_published_fixture,DDO53,DDO53-published-circular-speed,6,2.591969168452748e+19,12667.252827812506,18100.0,5210.0,-5432.747172187494,1.0,6.1906328268367726e-12
vertical_draw_b_33x33x9,refracted_gravity_published_fixture,DDO53,DDO53-published-circular-speed,7,2.900536926601885e+19,14103.180327367165,19590.0,6440.0,-5486.819672632835,1.0,6.857340567605066e-12
vertical_draw_b_33x33x9,refracted_gravity_published_fixture,DDO53,DDO53-published-circular-speed,8,3.2399614605659357e+19,15653.837265364662,23230.0,6560.0,-7576.162734635338,1.0,7.563133824675708e-12
vertical_draw_b_33x33x9,refracted_gravity_published_fixture,DDO101,DDO101-published-circular-speed,0,5.862787404833597e+18,3305.282218744806,19420.0,4120.0,-16114.717781255194,1.0,1.8634294220772053e-12
vertical_draw_b_33x33x9,refracted_gravity_published_fixture,DDO101,DDO101-published-circular-speed,1,1.1417007051518058e+19,6283.633457514351,29470.0,4900.0,-23186.366542485648,1.0,3.4583537743496243e-12
vertical_draw_b_33x33x9,refracted_gravity_published_fixture,DDO101,DDO101-published-circular-speed,2,1.7279794456351658e+19,9151.444794598678,37920.0,3670.0,-28768.555205401324,1.0,4.846639931981543e-12
vertical_draw_b_33x33x9,refracted_gravity_published_fixture,DDO101,DDO101-published-circular-speed,3,2.2834014103036117e+19,11714.754549763085,43590.0,3070.0,-31875.245450236915,1.0,6.010133546468617e-12
vertical_draw_b_33x33x9,refracted_gravity_published_fixture,DDO101,DDO101-published-circular-speed,4,2.8696801507869716e+19,14279.647801091603,49900.0,3220.0,-35620.3521989084,1.0,7.1056121452176865e-12
vertical_draw_b_33x33x9,refracted_gravity_published_fixture,DDO101,DDO101-published-circular-speed,5,3.4559588912703316e+19,16703.09546842177,54750.0,2660.0,-38046.90453157823,1.0,8.072821668450465e-12
vertical_draw_b_33x33x9,refracted_gravity_published_fixture,DDO101,DDO101-published-circular-speed,6,4.011380855938777e+19,18946.763726307552,56560.0,2420.0,-37613.23627369245,1.0,8.949034474476798e-12
vertical_draw_b_33x33x9,refracted_gravity_published_fixture,DDO101,DDO101-published-circular-speed,7,4.597659596422137e+19,21272.545227290026,58340.0,2480.0,-37067.45477270997,1.0,9.842424628375013e-12
vertical_draw_b_33x33x9,refracted_gravity_published_fixture,DDO101,DDO101-published-circular-speed,8,5.183938336905496e+19,23586.091068449194,59740.0,2540.0,-36153.9089315508,1.0,1.0731294543546964e-11
vertical_draw_b_33x33x9,refracted_gravity_published_fixture,DDO101,DDO101-published-circular-speed,9,5.739360301573943e+19,25837.027964959794,59930.0,3570.0,-34092.972035040206,1.0,1.1631122267738568e-11
vertical_draw_b_33x33x9,refracted_gravity_published_fixture,DDO50,DDO50-published-circular-speed,0,7.714193953728418e+18,3854.1114957898644,5830.0,10060.0,-1975.8885042101356,1.0,1.9255641627729984e-12
vertical_draw_b_33x33x9,refracted_gravity_published_fixture,DDO50,DDO50-published-circular-speed,1,1.51198201493077e+19,7514.048437957071,13080.0,2750.0,-5565.951562042929,1.0,3.734232508747818e-12
vertical_draw_b_33x33x9,refracted_gravity_published_fixture,DDO50,DDO50-published-circular-speed,2,2.2834014103036117e+19,11284.461533561134,29230.0,4570.0,-17945.538466438866,1.0,5.576727400089032e-12
vertical_draw_b_33x33x9,refracted_gravity_published_fixture,DDO50,DDO50-published-circular-speed,3,3.0548208056764535e+19,14847.126474113942,34750.0,4790.0,-19902.873525886058,1.0,7.2160423985825874e-12
vertical_draw_b_33x33x9,refracted_gravity_published_fixture,DDO50,DDO50-published-circular-speed,4,3.826240201049295e+19,17990.8880237221,40010.0,5020.0,-22019.1119762779,1.0,8.459271631544315e-12
vertical_draw_b_33x33x9,refracted_gravity_published_fixture,DDO50,DDO50-published-circular-speed,5,4.566802820607223e+19,20900.135285971726,40290.0,7450.0,-19389.864714028274,1.0,9.565021134716726e-12
vertical_draw_b_33x33x9,refracted_gravity_published_fixture,DDO50,DDO50-published-circular-speed,6,5.338222215980065e+19,23870.466609824023,43470.0,5640.0,-19599.533390175977,1.0,1.0673950111425099e-11
vertical_draw_b_33x33x9,refracted_gravity_published_fixture,DDO50,DDO50-published-circular-speed,7,6.109641611352907e+19,26577.640852828223,42130.0,5560.0,-15552.359147171777,1.0,1.1561578210894539e-11
vertical_draw_b_33x33x9,refracted_gravity_published_fixture,DDO50,DDO50-published-circular-speed,8,6.881061006725748e+19,29120.25721185546,42130.0,5650.0,-13009.74278814454,1.0,1.2323526549986558e-11
vertical_draw_b_33x33x9,refracted_gravity_published_fixture,DDO50,DDO50-published-circular-speed,9,7.621623626283678e+19,31520.08300870645,40940.0,6560.0,-9419.91699129355,1.0,1.303548537150982e-11
vertical_draw_b_33x33x9,refracted_gravity_published_fixture,DDO50,DDO50-published-circular-speed,10,8.39304302165652e+19,34064.13577082459,41570.0,5980.0,-7505.864229175408,1.0,1.3825323459192187e-11
vertical_draw_b_33x33x9,refracted_gravity_published_fixture,DDO50,DDO50-published-circular-speed,11,9.164462417029361e+19,36756.77448374525,41690.0,4400.0,-4933.225516254752,1.0,1.474238650309015e-11
vertical_draw_b_33x33x9,refracted_gravity_published_fixture,DDO50,DDO50-published-circular-speed,12,9.905025036587288e+19,39417.68240039312,39960.0,3930.0,-542.3175996068821,1.0,1.5686519519930436e-11
vertical_draw_b_33x33x9,refracted_gravity_published_fixture,DDO50,DDO50-published-circular-speed,13,1.067644443196013e+20,42214.060505099864,39330.0,4040.0,2884.060505099864,1.0,1.6691201979131763e-11
vertical_draw_b_33x33x9,refracted_gravity_published_fixture,DDO50,DDO50-published-circular-speed,14,1.1447863827332973e+20,45004.68731248221,38590.0,3980.0,6414.687312482209,1.0,1.7692574882471877e-11
vertical_draw_b_33x33x9,refracted_gravity_published_fixture,DDO50,DDO50-published-circular-speed,15,1.2219283222705814e+20,47646.864471614375,40130.0,4270.0,7516.864471614375,1.0,1.8579025075365057e-11
vertical_draw_b_33x33x9,refracted_gravity_published_fixture,DDO50,DDO50-published-circular-speed,16,1.2959845842263743e+20,49998.151829593146,43820.0,3940.0,6178.1518295931455,1.0,1.9288926865339907e-11
vertical_draw_b_33x33x9,refracted_gravity_published_fixture,DDO50,DDO50-published-circular-speed,17,1.3731265237636584e+20,52203.50711422678,45590.0,4050.0,6613.507114226777,1.0,1.9846722846453342e-11
vertical_draw_b_33x33x9,refracted_gravity_published_fixture,DDO50,DDO50-published-circular-speed,18,1.4502684633009426e+20,54076.095523204596,44660.0,4300.0,9416.095523204596,1.0,2.0163329625047136e-11
vertical_draw_b_33x33x9,refracted_gravity_published_fixture,DDO50,DDO50-published-circular-speed,19,1.527410402838227e+20,55830.50268648861,45340.0,4280.0,10490.50268648861,1.0,2.0407383794387763e-11
vertical_draw_b_33x33x9,refracted_gravity_published_fixture,DDO50,DDO50-published-circular-speed,20,1.6014666647940196e+20,57511.49334886263,43220.0,4810.0,14291.493348862627,1.0,2.0653391918349358e-11
vertical_draw_b_33x33x9,refracted_gravity_published_fixture,DDO50,DDO50-published-circular-speed,21,1.678608604331304e+20,59133.04077668478,40390.0,5600.0,18743.04077668478,1.0,2.0831041271172495e-11
vertical_draw_b_33x33x9,refracted_gravity_published_fixture,DDO50,DDO50-published-circular-speed,22,1.755750543868588e+20,60823.13835029523,39000.0,6580.0,21823.13835029523,1.0,2.1070499859438154e-11
vertical_draw_b_33x33x9,refracted_gravity_published_fixture,DDO50,DDO50-published-circular-speed,23,1.8298068058243806e+20,62552.23099467848,38290.0,7660.0,24262.23099467848,1.0,2.1383577708624788e-11
vertical_draw_b_33x33x9,refracted_gravity_published_fixture,DDO50,DDO50-published-circular-speed,24,1.906948745361665e+20,64390.604354238836,40040.0,9630.0,24350.604354238836,1.0,2.1742324953352524e-11
vertical_draw_b_33x33x9,refracted_gravity_published_fixture,DDO50,DDO50-published-circular-speed,25,1.984090684898949e+20,66160.439268164,37630.0,10130.0,28530.439268164002,1.0,2.206151038090959e-11
vertical_draw_b_33x33x9,refracted_gravity_published_fixture,NGC1569,NGC1569-published-circular-speed,0,7.714193953728418e+18,8823.859984200832,3510.0,6120.0,5313.859984200832,1.0,1.0093148485481005e-11
vertical_draw_b_33x33x9,refracted_gravity_published_fixture,NGC1569,NGC1569-published-circular-speed,1,1.51198201493077e+19,17049.04781298545,5590.0,7210.0,11459.04781298545,1.0,1.9224437093768805e-11
vertical_draw_b_33x33x9,refracted_gravity_published_fixture,NGC1569,NGC1569-published-circular-speed,2,2.2834014103036117e+19,25355.221348931693,10710.0,9330.0,14645.221348931693,1.0,2.8154806542220723e-11
vertical_draw_b_33x33x9,refracted_gravity_published_fixture,NGC1569,NGC1569-published-circular-speed,3,3.0548208056764535e+19,33388.063835832254,23060.0,6670.0,10328.063835832254,1.0,3.649192137994355e-11
vertical_draw_b_33x33x9,refracted_gravity_published_fixture,NGC1569,NGC1569-published-circular-speed,4,3.826240201049295e+19,41140.82229480838,34800.0,7470.0,6340.8222948083785,1.0,4.423578160693723e-11
vertical_draw_b_33x33x9,refracted_gravity_published_fixture,NGC1569,NGC1569-published-circular-speed,5,4.566802820607223e+19,48114.28384263074,43020.0,6890.0,5094.283842630743,1.0,5.069157571776718e-11
vertical_draw_b_33x33x9,refracted_gravity_published_fixture,NGC1569,NGC1569-published-circular-speed,6,5.338222215980065e+19,52757.166874314295,50250.0,9720.0,2507.1668743142945,1.0,5.2139430394492206e-11
vertical_draw_b_33x33x9,refracted_gravity_published_fixture,NGC1569,NGC1569-published-circular-speed,7,6.109641611352907e+19,56329.4316693715,54710.0,14120.0,1619.431669371501,1.0,5.193438623794774e-11
vertical_draw_b_33x33x9,refracted_gravity_published_fixture,NGC1569,NGC1569-published-circular-speed,8,6.881061006725748e+19,59447.97201988746,56350.0,18530.0,3097.9720198874566,1.0,5.1359250758320965e-11
vertical_draw_b_33x33x9,refracted_gravity_published_fixture,NGC1569,NGC1569-published-circular-speed,9,7.621623626283678e+19,62169.612384576125,55870.0,22350.0,6299.612384576125,1.0,5.071177604099369e-11
vertical_draw_c_33x33x9,newtonian_poisson,DDO53,DDO53-published-circular-speed,0,6.47992292113187e+18,2012.4070513462507,3140.0,4920.0,-1127.5929486537493,1.0,6.249738136701048e-13
vertical_draw_c_33x33x9,newtonian_poisson,DDO53,DDO53-published-circular-speed,1,9.565600502623238e+18,2962.0177622084575,5810.0,4920.0,-2847.9822377915425,1.0,9.171979554480003e-13
vertical_draw_c_33x33x9,newtonian_poisson,DDO53,DDO53-published-circular-speed,2,1.295984584226374e+19,4000.082847993128,7110.0,1820.0,-3109.917152006872,1.0,1.2346337283294352e-12
vertical_draw_c_33x33x9,newtonian_poisson,DDO53,DDO53-published-circular-speed,3,1.604552342375511e+19,4870.405717303511,11200.0,4900.0,-6329.594282696489,1.0,1.4783470270607956e-12
vertical_draw_c_33x33x9,newtonian_poisson,DDO53,DDO53-published-circular-speed,4,1.9439768763395613e+19,5704.246886230119,13020.0,4110.0,-7315.753113769881,1.0,1.6738075918029806e-12
vertical_draw_c_33x33x9,newtonian_poisson,DDO53,DDO53-published-circular-speed,5,2.252544634488698e+19,6423.3992330805295,14560.0,4019.9999999999995,-8136.6007669194705,1.0,1.8317087739708696e-12
vertical_draw_c_33x33x9,newtonian_poisson,DDO53,DDO53-published-circular-speed,6,2.591969168452748e+19,7188.106057033284,18100.0,5210.0,-10911.893942966715,1.0,1.993421423218619e-12
vertical_draw_c_33x33x9,newtonian_poisson,DDO53,DDO53-published-circular-speed,7,2.900536926601885e+19,7851.6896941651385,19590.0,6440.0,-11738.31030583486,1.0,2.1254351388549213e-12
vertical_draw_c_33x33x9,newtonian_poisson,DDO53,DDO53-published-circular-speed,8,3.2399614605659357e+19,8475.504632878896,23230.0,6560.0,-14754.495367121104,1.0,2.2171306559123116e-12
vertical_draw_c_33x33x9,newtonian_poisson,DDO101,DDO101-published-circular-speed,0,5.862787404833597e+18,2070.069791477555,19420.0,4120.0,-17349.930208522444,1.0,7.309132406975884e-13
vertical_draw_c_33x33x9,newtonian_poisson,DDO101,DDO101-published-circular-speed,1,1.1417007051518058e+19,3843.598791912596,29470.0,4900.0,-25626.401208087405,1.0,1.2939688664926984e-12
vertical_draw_c_33x33x9,newtonian_poisson,DDO101,DDO101-published-circular-speed,2,1.7279794456351658e+19,5401.247369778294,37920.0,3670.0,-32518.752630221705,1.0,1.688299778288939e-12
vertical_draw_c_33x33x9,newtonian_poisson,DDO101,DDO101-published-circular-speed,3,2.2834014103036117e+19,6733.501712731816,43590.0,3070.0,-36856.49828726819,1.0,1.985636214060745e-12
vertical_draw_c_33x33x9,newtonian_poisson,DDO101,DDO101-published-circular-speed,4,2.8696801507869716e+19,8016.590712726887,49900.0,3220.0,-41883.40928727311,1.0,2.239473505009085e-12
vertical_draw_c_33x33x9,newtonian_poisson,DDO101,DDO101-published-circular-speed,5,3.4559588912703316e+19,9230.022610401627,54750.0,2660.0,-45519.977389598374,1.0,2.4651137374267246e-12
vertical_draw_c_33x33x9,newtonian_poisson,DDO101,DDO101-published-circular-speed,6,4.011380855938777e+19,10392.540831177635,56560.0,2420.0,-46167.459168822366,1.0,2.6924619926775346e-12
vertical_draw_c_33x33x9,newtonian_poisson,DDO101,DDO101-published-circular-speed,7,4.597659596422137e+19,11659.93954652335,58340.0,2480.0,-46680.060453476646,1.0,2.9570303624561e-12
vertical_draw_c_33x33x9,newtonian_poisson,DDO101,DDO101-published-circular-speed,8,5.183938336905496e+19,12907.32281736675,59740.0,2540.0,-46832.67718263325,1.0,3.2137531637995152e-12
vertical_draw_c_33x33x9,newtonian_poisson,DDO101,DDO101-published-circular-speed,9,5.739360301573943e+19,13995.27695083904,59930.0,3570.0,-45934.72304916096,1.0,3.41271094057246e-12
vertical_draw_c_33x33x9,newtonian_poisson,DDO50,DDO50-published-circular-speed,0,7.714193953728418e+18,2204.046723426573,5830.0,10060.0,-3625.953276573427,1.0,6.297251518675563e-13
vertical_draw_c_33x33x9,newtonian_poisson,DDO50,DDO50-published-circular-speed,1,1.51198201493077e+19,4285.8981698411235,13080.0,2750.0,-8794.101830158877,1.0,1.2148903188566407e-12
vertical_draw_c_33x33x9,newtonian_poisson,DDO50,DDO50-published-circular-speed,2,2.2834014103036117e+19,6418.604326477234,29230.0,4570.0,-22811.395673522766,1.0,1.8042592648830122e-12
vertical_draw_c_33x33x9,newtonian_poisson,DDO50,DDO50-published-circular-speed,3,3.0548208056764535e+19,8360.253743718162,34750.0,4790.0,-26389.74625628184,1.0,2.287985027778949e-12
vertical_draw_c_33x33x9,newtonian_poisson,DDO50,DDO50-published-circular-speed,4,3.826240201049295e+19,9904.463586976488,40010.0,5020.0,-30105.53641302351,1.0,2.5638327389598017e-12
vertical_draw_c_33x33x9,newtonian_poisson,DDO50,DDO50-published-circular-speed,5,4.566802820607223e+19,11277.244523439353,40290.0,7450.0,-29012.755476560647,1.0,2.784798228370476e-12
vertical_draw_c_33x33x9,newtonian_poisson,DDO50,DDO50-published-circular-speed,6,5.338222215980065e+19,12651.350670516482,43470.0,5640.0,-30818.649329483516,1.0,2.9983141823741483e-12
vertical_draw_c_33x33x9,newtonian_poisson,DDO50,DDO50-published-circular-speed,7,6.109641611352907e+19,13890.49606995798,42130.0,5560.0,-28239.503930042018,1.0,3.1580556330994434e-12
vertical_draw_c_33x33x9,newtonian_poisson,DDO50,DDO50-published-circular-speed,8,6.881061006725748e+19,15047.43723736076,42130.0,5650.0,-27082.562762639238,1.0,3.290558929662105e-12
vertical_draw_c_33x33x9,newtonian_poisson,DDO50,DDO50-published-circular-speed,9,7.621623626283678e+19,16129.622547064537,40940.0,6560.0,-24810.377452935463,1.0,3.413507885820775e-12
vertical_draw_c_33x33x9,newtonian_poisson,DDO50,DDO50-published-circular-speed,10,8.39304302165652e+19,17289.130875190487,41570.0,5980.0,-24280.869124809513,1.0,3.561450187353726e-12
vertical_draw_c_33x33x9,newtonian_poisson,DDO50,DDO50-published-circular-speed,11,9.164462417029361e+19,18539.082684020446,41690.0,4400.0,-23150.917315979554,1.0,3.750330037103863e-12
vertical_draw_c_33x33x9,newtonian_poisson,DDO50,DDO50-published-circular-speed,12,9.905025036587288e+19,19734.883335668805,39960.0,3930.0,-20225.116664331195,1.0,3.932000361774413e-12
vertical_draw_c_33x33x9,newtonian_poisson,DDO50,DDO50-published-circular-speed,13,1.067644443196013e+20,20940.344882869336,39330.0,4040.0,-18389.655117130664,1.0,4.107154274140745e-12
vertical_draw_c_33x33x9,newtonian_poisson,DDO50,DDO50-published-circular-speed,14,1.1447863827332973e+20,21943.251690745135,38590.0,3980.0,-16646.748309254865,1.0,4.206079859316134e-12
vertical_draw_c_33x33x9,newtonian_poisson,DDO50,DDO50-published-circular-speed,15,1.2219283222705814e+20,22759.10048299463,40130.0,4270.0,-17370.89951700537,1.0,4.239010139584494e-12
vertical_draw_c_33x33x9,newtonian_poisson,DDO50,DDO50-published-circular-speed,16,1.2959845842263743e+20,23422.028849746133,43820.0,3940.0,-20397.971150253867,1.0,4.233008957940782e-12
vertical_draw_c_33x33x9,newtonian_poisson,DDO50,DDO50-published-circular-speed,17,1.3731265237636584e+20,23966.307472970577,45590.0,4050.0,-21623.692527029423,1.0,4.1830369157433e-12
vertical_draw_c_33x33x9,newtonian_poisson,DDO50,DDO50-published-circular-speed,18,1.4502684633009426e+20,24300.372666107392,44660.0,4300.0,-20359.627333892608,1.0,4.0717158695407966e-12
vertical_draw_c_33x33x9,newtonian_poisson,DDO50,DDO50-published-circular-speed,19,1.527410402838227e+20,24585.997039022073,45340.0,4280.0,-20754.002960977927,1.0,3.957490725999879e-12
vertical_draw_c_33x33x9,newtonian_poisson,DDO50,DDO50-published-circular-speed,20,1.6014666647940196e+20,24864.132987803554,43220.0,4810.0,-18355.867012196446,1.0,3.8603682663272724e-12
vertical_draw_c_33x33x9,newtonian_poisson,DDO50,DDO50-published-circular-speed,21,1.678608604331304e+20,25118.166434828287,40390.0,5600.0,-15271.833565171713,1.0,3.758602710719874e-12
vertical_draw_c_33x33x9,newtonian_poisson,DDO50,DDO50-published-circular-speed,22,1.755750543868588e+20,25341.634115406938,39000.0,6580.0,-13658.365884593062,1.0,3.657686007171319e-12
vertical_draw_c_33x33x9,newtonian_poisson,DDO50,DDO50-published-circular-speed,23,1.8298068058243806e+20,25510.70887959783,38290.0,7660.0,-12779.29112040217,1.0,3.55663923354132e-12
vertical_draw_c_33x33x9,newtonian_poisson,DDO50,DDO50-published-circular-speed,24,1.906948745361665e+20,25633.843358551592,40040.0,9630.0,-14406.156641448408,1.0,3.4457870298246403e-12
vertical_draw_c_33x33x9,newtonian_poisson,DDO50,DDO50-published-circular-speed,25,1.984090684898949e+20,25689.819154469136,37630.0,10130.0,-11940.180845530864,1.0,3.326293567186128e-12
vertical_draw_c_33x33x9,newtonian_poisson,NGC1569,NGC1569-published-circular-speed,0,7.714193953728418e+18,5488.8893195818655,3510.0,6120.0,1978.8893195818655,1.0,3.905515747119435e-12
vertical_draw_c_33x33x9,newtonian_poisson,NGC1569,NGC1569-published-circular-speed,1,1.51198201493077e+19,10493.035108974134,5590.0,7210.0,4903.035108974134,1.0,7.282083034777714e-12
vertical_draw_c_33x33x9,newtonian_poisson,NGC1569,NGC1569-published-circular-speed,2,2.2834014103036117e+19,15418.391743441942,10710.0,9330.0,4708.391743441942,1.0,1.0411082470279695e-11
vertical_draw_c_33x33x9,newtonian_poisson,NGC1569,NGC1569-published-circular-speed,3,3.0548208056764535e+19,20038.028729495418,23060.0,6670.0,-3021.971270504582,1.0,1.314390011414013e-11
vertical_draw_c_33x33x9,newtonian_poisson,NGC1569,NGC1569-published-circular-speed,4,3.826240201049295e+19,24337.676357506345,34800.0,7470.0,-10462.323642493655,1.0,1.5480535966359004e-11
vertical_draw_c_33x33x9,newtonian_poisson,NGC1569,NGC1569-published-circular-speed,5,4.566802820607223e+19,27960.92274783141,43020.0,6890.0,-15059.07725216859,1.0,1.7119486687324122e-11
vertical_draw_c_33x33x9,newtonian_poisson,NGC1569,NGC1569-published-circular-speed,6,5.338222215980065e+19,29229.887457302113,50250.0,9720.0,-21020.112542697887,1.0,1.600507221690634e-11
vertical_draw_c_33x33x9,newtonian_poisson,NGC1569,NGC1569-published-circular-speed,7,6.109641611352907e+19,29483.17698751913,54710.0,14120.0,-25226.82301248087,1.0,1.4227638551860834e-11
vertical_draw_c_33x33x9,newtonian_poisson,NGC1569,NGC1569-published-circular-speed,8,6.881061006725748e+19,29326.22131840415,56350.0,18530.0,-27023.77868159585,1.0,1.2498468709627869e-11
vertical_draw_c_33x33x9,newtonian_poisson,NGC1569,NGC1569-published-circular-speed,9,7.621623626283678e+19,28929.87122035646,55870.0,22350.0,-26940.12877964354,1.0,1.0981091298449512e-11
vertical_draw_c_33x33x9,aqual_simple_mu,DDO53,DDO53-published-circular-speed,0,6.47992292113187e+18,6448.547423382635,3140.0,4920.0,3308.5474233826353,1.0,6.417323844394009e-12
vertical_draw_c_33x33x9,aqual_simple_mu,DDO53,DDO53-published-circular-speed,1,9.565600502623238e+18,9419.90445220416,5810.0,4920.0,3609.9044522041604,1.0,9.276427534718963e-12
vertical_draw_c_33x33x9,aqual_simple_mu,DDO53,DDO53-published-circular-speed,2,1.295984584226374e+19,12612.683137787748,7110.0,1820.0,5502.683137787748,1.0,1.2274820076598101e-11
vertical_draw_c_33x33x9,aqual_simple_mu,DDO53,DDO53-published-circular-speed,3,1.604552342375511e+19,15055.326837385826,11200.0,4900.0,3855.3268373858264,1.0,1.4126236969305692e-11
vertical_draw_c_33x33x9,aqual_simple_mu,DDO53,DDO53-published-circular-speed,4,1.9439768763395613e+19,17005.4239468964,13020.0,4110.0,3985.4239468964006,1.0,1.4875919931630125e-11
vertical_draw_c_33x33x9,aqual_simple_mu,DDO53,DDO53-published-circular-speed,5,2.252544634488698e+19,18539.983315622103,14560.0,4019.9999999999995,3979.983315622103,1.0,1.525967459559659e-11
vertical_draw_c_33x33x9,aqual_simple_mu,DDO53,DDO53-published-circular-speed,6,2.591969168452748e+19,20085.79786137011,18100.0,5210.0,1985.7978613701089,1.0,1.556497201579945e-11
vertical_draw_c_33x33x9,aqual_simple_mu,DDO53,DDO53-published-circular-speed,7,2.900536926601885e+19,21404.817440286493,19590.0,6440.0,1814.8174402864934,1.0,1.5795910248546846e-11
vertical_draw_c_33x33x9,aqual_simple_mu,DDO53,DDO53-published-circular-speed,8,3.2399614605659357e+19,22780.81800569452,23230.0,6560.0,-449.18199430547975,1.0,1.601764944814887e-11
vertical_draw_c_33x33x9,aqual_simple_mu,DDO101,DDO101-published-circular-speed,0,5.862787404833597e+18,10210.822157060384,19420.0,4120.0,-9209.177842939616,1.0,1.778350158785512e-11
vertical_draw_c_33x33x9,aqual_simple_mu,DDO101,DDO101-published-circular-speed,1,1.1417007051518058e+19,14828.587605292008,29470.0,4900.0,-14641.412394707992,1.0,1.9259601870753207e-11
vertical_draw_c_33x33x9,aqual_simple_mu,DDO101,DDO101-published-circular-speed,2,1.7279794456351658e+19,14695.125184901664,37920.0,3670.0,-23224.874815098337,1.0,1.2497064403480453e-11
vertical_draw_c_33x33x9,aqual_simple_mu,DDO101,DDO101-published-circular-speed,3,2.2834014103036117e+19,17723.913266669446,43590.0,3070.0,-25866.086733330554,1.0,1.3757419088335066e-11
vertical_draw_c_33x33x9,aqual_simple_mu,DDO101,DDO101-published-circular-speed,4,2.8696801507869716e+19,20523.76948098906,49900.0,3220.0,-29376.23051901094,1.0,1.4678469082809196e-11
vertical_draw_c_33x33x9,aqual_simple_mu,DDO101,DDO101-published-circular-speed,5,3.4559588912703316e+19,23106.446686280626,54750.0,2660.0,-31643.553313719374,1.0,1.544890709824608e-11
vertical_draw_c_33x33x9,aqual_simple_mu,DDO101,DDO101-published-circular-speed,6,4.011380855938777e+19,25643.49182149392,56560.0,2420.0,-30916.50817850608,1.0,1.6393075013694533e-11
vertical_draw_c_33x33x9,aqual_simple_mu,DDO101,DDO101-published-circular-speed,7,4.597659596422137e+19,28413.093591030316,58340.0,2480.0,-29926.906408969684,1.0,1.755901824573715e-11
vertical_draw_c_33x33x9,aqual_simple_mu,DDO101,DDO101-published-circular-speed,8,5.183938336905496e+19,31096.309772269095,59740.0,2540.0,-28643.690227730905,1.0,1.86533947475569e-11
vertical_draw_c_33x33x9,aqual_simple_mu,DDO101,DDO101-published-circular-speed,9,5.739360301573943e+19,33474.461757949044,59930.0,3570.0,-26455.538242050956,1.0,1.9523771485074738e-11
vertical_draw_c_33x33x9,aqual_simple_mu,DDO50,DDO50-published-circular-speed,0,7.714193953728418e+18,6375.874511244149,5830.0,10060.0,545.8745112441493,1.0,5.2697373214845125e-12
vertical_draw_c_33x33x9,aqual_simple_mu,DDO50,DDO50-published-circular-speed,1,1.51198201493077e+19,12219.896892869625,13080.0,2750.0,-860.1031071303751,1.0,9.876167745236175e-12
vertical_draw_c_33x33x9,aqual_simple_mu,DDO50,DDO50-published-circular-speed,2,2.2834014103036117e+19,18008.75249853574,29230.0,4570.0,-11221.247501464259,1.0,1.4203160473234308e-11
vertical_draw_c_33x33x9,aqual_simple_mu,DDO50,DDO50-published-circular-speed,3,3.0548208056764535e+19,22764.986396687185,34750.0,4790.0,-11985.013603312815,1.0,1.6964811967967254e-11
vertical_draw_c_33x33x9,aqual_simple_mu,DDO50,DDO50-published-circular-speed,4,3.826240201049295e+19,25748.732313045173,40010.0,5020.0,-14261.267686954827,1.0,1.732764230397868e-11
vertical_draw_c_33x33x9,aqual_simple_mu,DDO50,DDO50-published-circular-speed,5,4.566802820607223e+19,28314.553386711126,40290.0,7450.0,-11975.446613288874,1.0,1.75552561602017e-11
vertical_draw_c_33x33x9,aqual_simple_mu,DDO50,DDO50-published-circular-speed,6,5.338222215980065e+19,30870.613948016136,43470.0,5640.0,-12599.386051983864,1.0,1.7852288027175815e-11
vertical_draw_c_33x33x9,aqual_simple_mu,DDO50,DDO50-published-circular-speed,7,6.109641611352907e+19,33429.54156467931,42130.0,5560.0,-8700.458435320688,1.0,1.829132247541369e-11
vertical_draw_c_33x33x9,aqual_simple_mu,DDO50,DDO50-published-circular-speed,8,6.881061006725748e+19,35833.25409349726,42130.0,5650.0,-6296.745906502743,1.0,1.8660234194611813e-11
vertical_draw_c_33x33x9,aqual_simple_mu,DDO50,DDO50-published-circular-speed,9,7.621623626283678e+19,38069.371586820824,40940.0,6560.0,-2870.6284131791763,1.0,1.9015332218944946e-11
vertical_draw_c_33x33x9,aqual_simple_mu,DDO50,DDO50-published-circular-speed,10,8.39304302165652e+19,40475.57828520291,41570.0,5980.0,-1094.4217147970921,1.0,1.9519409507306996e-11
vertical_draw_c_33x33x9,aqual_simple_mu,DDO50,DDO50-published-circular-speed,11,9.164462417029361e+19,43121.216977775024,41690.0,4400.0,1431.2169777750241,1.0,2.0289671876324698e-11
vertical_draw_c_33x33x9,aqual_simple_mu,DDO50,DDO50-published-circular-speed,12,9.905025036587288e+19,45680.858828083845,39960.0,3930.0,5720.858828083845,1.0,2.1067497109429808e-11
vertical_draw_c_33x33x9,aqual_simple_mu,DDO50,DDO50-published-circular-speed,13,1.067644443196013e+20,48279.53278799905,39330.0,4040.0,8949.532787999051,1.0,2.183229914305407e-11
vertical_draw_c_33x33x9,aqual_simple_mu,DDO50,DDO50-published-circular-speed,14,1.1447863827332973e+20,50459.53960004726,38590.0,3980.0,11869.539600047261,1.0,2.2241399575084935e-11
vertical_draw_c_33x33x9,aqual_simple_mu,DDO50,DDO50-published-circular-speed,15,1.2219283222705814e+20,52257.469351667874,40130.0,4270.0,12127.469351667874,1.0,2.234863578549409e-11
vertical_draw_c_33x33x9,aqual_simple_mu,DDO50,DDO50-published-circular-speed,16,1.2959845842263743e+20,53758.29831332874,43820.0,3940.0,9938.298313328742,1.0,2.229929794473578e-11
vertical_draw_c_33x33x9,aqual_simple_mu,DDO50,DDO50-published-circular-speed,17,1.3731265237636584e+20,55084.66872479118,45590.0,4050.0,9494.668724791183,1.0,2.209789612251531e-11
vertical_draw_c_33x33x9,aqual_simple_mu,DDO50,DDO50-published-circular-speed,18,1.4502684633009426e+20,56096.63600988129,44660.0,4300.0,11436.636009881287,1.0,2.1698276224407677e-11
vertical_draw_c_33x33x9,aqual_simple_mu,DDO50,DDO50-published-circular-speed,19,1.527410402838227e+20,57076.18349659285,45340.0,4280.0,11736.18349659285,1.0,2.1328195202044665e-11
vertical_draw_c_33x33x9,aqual_simple_mu,DDO50,DDO50-published-circular-speed,20,1.6014666647940196e+20,58067.305233562234,43220.0,4810.0,14847.305233562234,1.0,2.10545246505107e-11
vertical_draw_c_33x33x9,aqual_simple_mu,DDO50,DDO50-published-circular-speed,21,1.678608604331304e+20,59088.65103849469,40390.0,5600.0,18698.65103849469,1.0,2.0799778295786064e-11
vertical_draw_c_33x33x9,aqual_simple_mu,DDO50,DDO50-published-circular-speed,22,1.755750543868588e+20,60073.37073021683,39000.0,6580.0,21073.370730216833,1.0,2.0554228979126434e-11
vertical_draw_c_33x33x9,aqual_simple_mu,DDO50,DDO50-published-circular-speed,23,1.8298068058243806e+20,60934.867407007165,38290.0,7660.0,22644.867407007165,1.0,2.0292077032890393e-11
vertical_draw_c_33x33x9,aqual_simple_mu,DDO50,DDO50-published-circular-speed,24,1.906948745361665e+20,61735.34119517849,40040.0,9630.0,21695.341195178487,1.0,1.998612894948193e-11
vertical_draw_c_33x33x9,aqual_simple_mu,DDO50,DDO50-published-circular-speed,25,1.984090684898949e+20,62412.3700298052,37630.0,10130.0,24782.3700298052,1.0,1.9632690997365966e-11
vertical_draw_c_33x33x9,aqual_simple_mu,NGC1569,NGC1569-published-circular-speed,0,7.714193953728418e+18,19094.118642056328,3510.0,6120.0,15584.118642056328,1.0,4.726162822762731e-11
vertical_draw_c_33x33x9,aqual_simple_mu,NGC1569,NGC1569-published-circular-speed,1,1.51198201493077e+19,36111.03039836006,5590.0,7210.0,30521.03039836006,1.0,8.624484309695917e-11
vertical_draw_c_33x33x9,aqual_simple_mu,NGC1569,NGC1569-published-circular-speed,2,2.2834014103036117e+19,52389.01068767223,10710.0,9330.0,41679.01068767223,1.0,1.2019824584710662e-10
vertical_draw_c_33x33x9,aqual_simple_mu,NGC1569,NGC1569-published-circular-speed,3,3.0548208056764535e+19,67094.23984973229,23060.0,6670.0,44034.23984973229,1.0,1.4736173763935624e-10
vertical_draw_c_33x33x9,aqual_simple_mu,NGC1569,NGC1569-published-circular-speed,4,3.826240201049295e+19,80112.14756077308,34800.0,7470.0,45312.14756077308,1.0,1.6773531847370802e-10
vertical_draw_c_33x33x9,aqual_simple_mu,NGC1569,NGC1569-published-circular-speed,5,4.566802820607223e+19,90053.16760017695,43020.0,6890.0,47033.16760017695,1.0,1.7757659599910804e-10
vertical_draw_c_33x33x9,aqual_simple_mu,NGC1569,NGC1569-published-circular-speed,6,5.338222215980065e+19,89179.72792039943,50250.0,9720.0,38929.727920399426,1.0,1.4898263036238823e-10
vertical_draw_c_33x33x9,aqual_simple_mu,NGC1569,NGC1569-published-circular-speed,7,6.109641611352907e+19,84026.35750064699,54710.0,14120.0,29316.35750064699,1.0,1.1556207718807729e-10
vertical_draw_c_33x33x9,aqual_simple_mu,NGC1569,NGC1569-published-circular-speed,8,6.881061006725748e+19,77617.62418406316,56350.0,18530.0,21267.624184063156,1.0,8.755184088747285e-11
vertical_draw_c_33x33x9,aqual_simple_mu,NGC1569,NGC1569-published-circular-speed,9,7.621623626283678e+19,70858.39483582939,55870.0,22350.0,14988.394835829386,1.0,6.587719841472283e-11
vertical_draw_c_33x33x9,qumond_simple_nu,DDO53,DDO53-published-circular-speed,0,6.47992292113187e+18,4811.506418722375,3140.0,4920.0,1671.5064187223752,1.0,3.5726650299974286e-12
vertical_draw_c_33x33x9,qumond_simple_nu,DDO53,DDO53-published-circular-speed,1,9.565600502623238e+18,7077.018427767166,5810.0,4920.0,1267.018427767166,1.0,5.23586468128385e-12
vertical_draw_c_33x33x9,qumond_simple_nu,DDO53,DDO53-published-circular-speed,2,1.295984584226374e+19,9549.798340117633,7110.0,1820.0,2439.7983401176334,1.0,7.037016446561646e-12
vertical_draw_c_33x33x9,qumond_simple_nu,DDO53,DDO53-published-circular-speed,3,1.604552342375511e+19,11618.46409491112,11200.0,4900.0,418.4640949111199,1.0,8.412857864449004e-12
vertical_draw_c_33x33x9,qumond_simple_nu,DDO53,DDO53-published-circular-speed,4,1.9439768763395613e+19,13590.612823736123,13020.0,4110.0,570.6128237361227,1.0,9.501386522276603e-12
vertical_draw_c_33x33x9,qumond_simple_nu,DDO53,DDO53-published-circular-speed,5,2.252544634488698e+19,15281.2053976834,14560.0,4019.9999999999995,721.2053976833995,1.0,1.0366730799951211e-11
vertical_draw_c_33x33x9,qumond_simple_nu,DDO53,DDO53-published-circular-speed,6,2.591969168452748e+19,17073.56700226026,18100.0,5210.0,-1026.4329977397392,1.0,1.1246533860380856e-11
vertical_draw_c_33x33x9,qumond_simple_nu,DDO53,DDO53-published-circular-speed,7,2.900536926601885e+19,18626.397706541382,19590.0,6440.0,-963.6022934586181,1.0,1.1961326482014822e-11
vertical_draw_c_33x33x9,qumond_simple_nu,DDO53,DDO53-published-circular-speed,8,3.2399614605659357e+19,20089.402392388925,23230.0,6560.0,-3140.5976076110746,1.0,1.245644719529554e-11
vertical_draw_c_33x33x9,qumond_simple_nu,DDO101,DDO101-published-circular-speed,0,5.862787404833597e+18,4961.749447290817,19420.0,4120.0,-14458.250552709182,1.0,4.199189886604712e-12
vertical_draw_c_33x33x9,qumond_simple_nu,DDO101,DDO101-published-circular-speed,1,1.1417007051518058e+19,9168.568510998932,29470.0,4900.0,-20301.43148900107,1.0,7.362932173165628e-12
vertical_draw_c_33x33x9,qumond_simple_nu,DDO101,DDO101-published-circular-speed,2,1.7279794456351658e+19,12554.911133276546,37920.0,3670.0,-25365.088866723454,1.0,9.121971558320922e-12
vertical_draw_c_33x33x9,qumond_simple_nu,DDO101,DDO101-published-circular-speed,3,2.2834014103036117e+19,15211.804107782591,43590.0,3070.0,-28378.19589221741,1.0,1.013395994105055e-11
vertical_draw_c_33x33x9,qumond_simple_nu,DDO101,DDO101-published-circular-speed,4,2.8696801507869716e+19,17665.99926685029,49900.0,3220.0,-32234.00073314971,1.0,1.087534197881841e-11
vertical_draw_c_33x33x9,qumond_simple_nu,DDO101,DDO101-published-circular-speed,5,3.4559588912703316e+19,20069.206387536087,54750.0,2660.0,-34680.79361246391,1.0,1.1654451273795943e-11
vertical_draw_c_33x33x9,qumond_simple_nu,DDO101,DDO101-published-circular-speed,6,4.011380855938777e+19,22411.336792747927,56560.0,2420.0,-34148.66320725207,1.0,1.252107528245238e-11
vertical_draw_c_33x33x9,qumond_simple_nu,DDO101,DDO101-published-circular-speed,7,4.597659596422137e+19,24965.90658339625,58340.0,2480.0,-33374.09341660375,1.0,1.3556821214339417e-11
vertical_draw_c_33x33x9,qumond_simple_nu,DDO101,DDO101-published-circular-speed,8,5.183938336905496e+19,27506.018091798134,59740.0,2540.0,-32233.981908201866,1.0,1.4594715100680776e-11
vertical_draw_c_33x33x9,qumond_simple_nu,DDO101,DDO101-published-circular-speed,9,5.739360301573943e+19,29770.104734227607,59930.0,3570.0,-30159.895265772393,1.0,1.5441775551951952e-11
vertical_draw_c_33x33x9,qumond_simple_nu,DDO50,DDO50-published-circular-speed,0,7.714193953728418e+18,4753.87761598834,5830.0,10060.0,-1076.12238401166,1.0,2.9295805269288422e-12
vertical_draw_c_33x33x9,qumond_simple_nu,DDO50,DDO50-published-circular-speed,1,1.51198201493077e+19,9243.069259698892,13080.0,2750.0,-3836.930740301108,1.0,5.6504858190064146e-12
vertical_draw_c_33x33x9,qumond_simple_nu,DDO50,DDO50-published-circular-speed,2,2.2834014103036117e+19,13840.700918715618,29230.0,4570.0,-15389.299081284382,1.0,8.38945798390586e-12
vertical_draw_c_33x33x9,qumond_simple_nu,DDO50,DDO50-published-circular-speed,3,3.0548208056764535e+19,18053.831756300926,34750.0,4790.0,-16696.168243699074,1.0,1.0669720478502636e-11
vertical_draw_c_33x33x9,qumond_simple_nu,DDO50,DDO50-published-circular-speed,4,3.826240201049295e+19,21463.508215549267,40010.0,5020.0,-18546.491784450733,1.0,1.2040074870171899e-11
vertical_draw_c_33x33x9,qumond_simple_nu,DDO50,DDO50-published-circular-speed,5,4.566802820607223e+19,24496.886340626443,40290.0,7450.0,-15793.113659373557,1.0,1.3140428084122508e-11
vertical_draw_c_33x33x9,qumond_simple_nu,DDO50,DDO50-published-circular-speed,6,5.338222215980065e+19,27533.37528199731,43470.0,5640.0,-15936.624718002691,1.0,1.42011089787524e-11
vertical_draw_c_33x33x9,qumond_simple_nu,DDO50,DDO50-published-circular-speed,7,6.109641611352907e+19,30230.66644204136,42130.0,5560.0,-11899.333557958638,1.0,1.49582127997782e-11
vertical_draw_c_33x33x9,qumond_simple_nu,DDO50,DDO50-published-circular-speed,8,6.881061006725748e+19,32734.214119287295,42130.0,5650.0,-9395.785880712705,1.0,1.5572144658505488e-11
vertical_draw_c_33x33x9,qumond_simple_nu,DDO50,DDO50-published-circular-speed,9,7.621623626283678e+19,35048.10956988646,40940.0,6560.0,-5891.890430113541,1.0,1.6116906904017813e-11
vertical_draw_c_33x33x9,qumond_simple_nu,DDO50,DDO50-published-circular-speed,10,8.39304302165652e+19,37422.38534356178,41570.0,5980.0,-4147.614656438222,1.0,1.6685663604827158e-11
vertical_draw_c_33x33x9,qumond_simple_nu,DDO50,DDO50-published-circular-speed,11,9.164462417029361e+19,39779.76433743115,41690.0,4400.0,-1910.235662568848,1.0,1.7267021007157996e-11
vertical_draw_c_33x33x9,qumond_simple_nu,DDO50,DDO50-published-circular-speed,12,9.905025036587288e+19,41973.23225218195,39960.0,3930.0,2013.2322521819515,1.0,1.7786448991173953e-11
vertical_draw_c_33x33x9,qumond_simple_nu,DDO50,DDO50-published-circular-speed,13,1.067644443196013e+20,44171.41257416532,39330.0,4040.0,4841.412574165319,1.0,1.8274938826604445e-11
vertical_draw_c_33x33x9,qumond_simple_nu,DDO50,DDO50-published-circular-speed,14,1.1447863827332973e+20,46135.9585969688,38590.0,3980.0,7545.958596968798,1.0,1.8593221475775585e-11
vertical_draw_c_33x33x9,qumond_simple_nu,DDO50,DDO50-published-circular-speed,15,1.2219283222705814e+20,47898.29097351506,40130.0,4270.0,7768.290973515061,1.0,1.877562076571199e-11
vertical_draw_c_33x33x9,qumond_simple_nu,DDO50,DDO50-published-circular-speed,16,1.2959845842263743e+20,49462.641024335375,43820.0,3940.0,5642.641024335375,1.0,1.8877947213876092e-11
vertical_draw_c_33x33x9,qumond_simple_nu,DDO50,DDO50-published-circular-speed,17,1.3731265237636584e+20,50923.57092452622,45590.0,4050.0,5333.570924526219,1.0,1.888544158769446e-11
vertical_draw_c_33x33x9,qumond_simple_nu,DDO50,DDO50-published-circular-speed,18,1.4502684633009426e+20,52122.73048601288,44660.0,4300.0,7462.730486012879,1.0,1.873293877696203e-11
vertical_draw_c_33x33x9,qumond_simple_nu,DDO50,DDO50-published-circular-speed,19,1.527410402838227e+20,53240.756406148656,45340.0,4280.0,7900.7564061486555,1.0,1.8558064927616435e-11
vertical_draw_c_33x33x9,qumond_simple_nu,DDO50,DDO50-published-circular-speed,20,1.6014666647940196e+20,54292.38501558239,43220.0,4810.0,11072.38501558239,1.0,1.840602202643639e-11
vertical_draw_c_33x33x9,qumond_simple_nu,DDO50,DDO50-published-circular-speed,21,1.678608604331304e+20,55292.372381667185,40390.0,5600.0,14902.372381667185,1.0,1.8212979700594632e-11
vertical_draw_c_33x33x9,qumond_simple_nu,DDO50,DDO50-published-circular-speed,22,1.755750543868588e+20,56224.769098158264,39000.0,6580.0,17224.769098158264,1.0,1.800497611224331e-11
vertical_draw_c_33x33x9,qumond_simple_nu,DDO50,DDO50-published-circular-speed,23,1.8298068058243806e+20,57055.50304606411,38290.0,7660.0,18765.503046064106,1.0,1.779056902333911e-11
vertical_draw_c_33x33x9,qumond_simple_nu,DDO50,DDO50-published-circular-speed,24,1.906948745361665e+20,57846.63491572358,40040.0,9630.0,17806.63491572358,1.0,1.7547577926319024e-11
vertical_draw_c_33x33x9,qumond_simple_nu,DDO50,DDO50-published-circular-speed,25,1.984090684898949e+20,58540.458695539215,37630.0,10130.0,20910.458695539215,1.0,1.727232192745601e-11
vertical_draw_c_33x33x9,qumond_simple_nu,NGC1569,NGC1569-published-circular-speed,0,7.714193953728418e+18,6919.965900626735,3510.0,6120.0,3409.9659006267348,1.0,6.20750895726346e-12
vertical_draw_c_33x33x9,qumond_simple_nu,NGC1569,NGC1569-published-circular-speed,1,1.51198201493077e+19,13382.685127909546,5590.0,7210.0,7792.685127909546,1.0,1.1845131718777207e-11
vertical_draw_c_33x33x9,qumond_simple_nu,NGC1569,NGC1569-published-circular-speed,2,2.2834014103036117e+19,19922.75422899673,10710.0,9330.0,9212.754228996731,1.0,1.7382670181334055e-11
vertical_draw_c_33x33x9,qumond_simple_nu,NGC1569,NGC1569-published-circular-speed,3,3.0548208056764535e+19,26262.69716783415,23060.0,6670.0,3202.6971678341506,1.0,2.257838696291816e-11
vertical_draw_c_33x33x9,qumond_simple_nu,NGC1569,NGC1569-published-circular-speed,4,3.826240201049295e+19,32397.916667279715,34800.0,7470.0,-2402.0833327202854,1.0,2.7432282063529495e-11
vertical_draw_c_33x33x9,qumond_simple_nu,NGC1569,NGC1569-published-circular-speed,5,4.566802820607223e+19,37937.99518593794,43020.0,6890.0,-5082.0048140620565,1.0,3.151639199821804e-11
vertical_draw_c_33x33x9,qumond_simple_nu,NGC1569,NGC1569-published-circular-speed,6,5.338222215980065e+19,41662.675015151464,50250.0,9720.0,-8587.324984848536,1.0,3.251604034433115e-11
vertical_draw_c_33x33x9,qumond_simple_nu,NGC1569,NGC1569-published-circular-speed,7,6.109641611352907e+19,44460.2932771557,54710.0,14120.0,-10249.706722844297,1.0,3.235406925698505e-11
vertical_draw_c_33x33x9,qumond_simple_nu,NGC1569,NGC1569-published-circular-speed,8,6.881061006725748e+19,46779.32336208211,56350.0,18530.0,-9570.676637917888,1.0,3.1801855732354773e-11
vertical_draw_c_33x33x9,qumond_simple_nu,NGC1569,NGC1569-published-circular-speed,9,7.621623626283678e+19,48699.108884416484,55870.0,22350.0,-7170.891115583516,1.0,3.111677147055151e-11
vertical_draw_c_33x33x9,refracted_gravity_published_fixture,DDO53,DDO53-published-circular-speed,0,6.47992292113187e+18,3310.8699098360785,3140.0,4920.0,170.86990983607848,1.0,1.6916651159707341e-12
vertical_draw_c_33x33x9,refracted_gravity_published_fixture,DDO53,DDO53-published-circular-speed,1,9.565600502623238e+18,4875.664064981291,5810.0,4920.0,-934.3359350187093,1.0,2.4851654705871003e-12
vertical_draw_c_33x33x9,refracted_gravity_published_fixture,DDO53,DDO53-published-circular-speed,2,1.295984584226374e+19,6588.091971933507,7110.0,1820.0,-521.908028066493,1.0,3.3490333418251047e-12
vertical_draw_c_33x33x9,refracted_gravity_published_fixture,DDO53,DDO53-published-circular-speed,3,1.604552342375511e+19,8103.597301741701,11200.0,4900.0,-3096.402698258299,1.0,4.0926236866523565e-12
vertical_draw_c_33x33x9,refracted_gravity_published_fixture,DDO53,DDO53-published-circular-speed,4,1.9439768763395613e+19,9712.951201057644,13020.0,4110.0,-3307.0487989423564,1.0,4.853011482923019e-12
vertical_draw_c_33x33x9,refracted_gravity_published_fixture,DDO53,DDO53-published-circular-speed,5,2.252544634488698e+19,11162.84749060163,14560.0,4019.9999999999995,-3397.152509398369,1.0,5.531928743632465e-12
vertical_draw_c_33x33x9,refracted_gravity_published_fixture,DDO53,DDO53-published-circular-speed,6,2.591969168452748e+19,12749.535516198308,18100.0,5210.0,-5350.464483801692,1.0,6.271319036400235e-12
vertical_draw_c_33x33x9,refracted_gravity_published_fixture,DDO53,DDO53-published-circular-speed,7,2.900536926601885e+19,14180.98613688926,19590.0,6440.0,-5409.01386311074,1.0,6.933211777801564e-12
vertical_draw_c_33x33x9,refracted_gravity_published_fixture,DDO53,DDO53-published-circular-speed,8,3.2399614605659357e+19,15714.007949458488,23230.0,6560.0,-7515.992050541512,1.0,7.62138836653052e-12
vertical_draw_c_33x33x9,refracted_gravity_published_fixture,DDO101,DDO101-published-circular-speed,0,5.862787404833597e+18,3351.6691817440656,19420.0,4120.0,-16068.330818255934,1.0,1.916099890402179e-12
vertical_draw_c_33x33x9,refracted_gravity_published_fixture,DDO101,DDO101-published-circular-speed,1,1.1417007051518058e+19,6386.829606498218,29470.0,4900.0,-23083.170393501783,1.0,3.5728796731380086e-12
vertical_draw_c_33x33x9,refracted_gravity_published_fixture,DDO101,DDO101-published-circular-speed,2,1.7279794456351658e+19,9344.437999341757,37920.0,3670.0,-28575.562000658243,1.0,5.0532152881856696e-12
vertical_draw_c_33x33x9,refracted_gravity_published_fixture,DDO101,DDO101-published-circular-speed,3,2.2834014103036117e+19,12015.050037316283,43590.0,3070.0,-31574.949962683717,1.0,6.322209785270257e-12
vertical_draw_c_33x33x9,refracted_gravity_published_fixture,DDO101,DDO101-published-circular-speed,4,2.8696801507869716e+19,14714.416662863548,49900.0,3220.0,-35185.58333713645,1.0,7.544884668383001e-12
vertical_draw_c_33x33x9,refracted_gravity_published_fixture,DDO101,DDO101-published-circular-speed,5,3.4559588912703316e+19,17299.324613956516,54750.0,2660.0,-37450.675386043484,1.0,8.659438422574473e-12
vertical_draw_c_33x33x9,refracted_gravity_published_fixture,DDO101,DDO101-published-circular-speed,6,4.011380855938777e+19,19715.514042636754,56560.0,2420.0,-36844.48595736324,1.0,9.68996731860904e-12
vertical_draw_c_33x33x9,refracted_gravity_published_fixture,DDO101,DDO101-published-circular-speed,7,4.597659596422137e+19,22243.122048601486,58340.0,2480.0,-36096.877951398514,1.0,1.0761050662689278e-11
vertical_draw_c_33x33x9,refracted_gravity_published_fixture,DDO101,DDO101-published-circular-speed,8,5.183938336905496e+19,24760.573612790424,59740.0,2540.0,-34979.426387209576,1.0,1.1826645414929633e-11
vertical_draw_c_33x33x9,refracted_gravity_published_fixture,DDO101,DDO101-published-circular-speed,9,5.739360301573943e+19,27188.64156497853,59930.0,3570.0,-32741.35843502147,1.0,1.2879871471846024e-11
vertical_draw_c_33x33x9,refracted_gravity_published_fixture,DDO50,DDO50-published-circular-speed,0,7.714193953728418e+18,3617.166780064382,5830.0,10060.0,-2212.833219935618,1.0,1.6960807043848866e-12
vertical_draw_c_33x33x9,refracted_gravity_published_fixture,DDO50,DDO50-published-circular-speed,1,1.51198201493077e+19,7057.431867275872,13080.0,2750.0,-6022.568132724128,1.0,3.2941757289038627e-12
vertical_draw_c_33x33x9,refracted_gravity_published_fixture,DDO50,DDO50-published-circular-speed,2,2.2834014103036117e+19,10607.246737218355,29230.0,4570.0,-18622.753262781647,1.0,4.927459658933515e-12
vertical_draw_c_33x33x9,refracted_gravity_published_fixture,DDO50,DDO50-published-circular-speed,3,3.0548208056764535e+19,13988.087670664796,34750.0,4790.0,-20761.912329335202,1.0,6.4051742844823404e-12
vertical_draw_c_33x33x9,refracted_gravity_published_fixture,DDO50,DDO50-published-circular-speed,4,3.826240201049295e+19,17031.19485624092,40010.0,5020.0,-22978.80514375908,1.0,7.580851775894825e-12
vertical_draw_c_33x33x9,refracted_gravity_published_fixture,DDO50,DDO50-published-circular-speed,5,4.566802820607223e+19,19869.110133619382,40290.0,7450.0,-20420.889866380618,1.0,8.644593449940203e-12
vertical_draw_c_33x33x9,refracted_gravity_published_fixture,DDO50,DDO50-published-circular-speed,6,5.338222215980065e+19,22779.52222582708,43470.0,5640.0,-20690.47777417292,1.0,9.720588837302305e-12
vertical_draw_c_33x33x9,refracted_gravity_published_fixture,DDO50,DDO50-published-circular-speed,7,6.109641611352907e+19,25456.460549209824,42130.0,5560.0,-16673.539450790176,1.0,1.0606700440322183e-11
vertical_draw_c_33x33x9,refracted_gravity_published_fixture,DDO50,DDO50-published-circular-speed,8,6.881061006725748e+19,27992.284766919653,42130.0,5650.0,-14137.715233080347,1.0,1.1387313754469552e-11
vertical_draw_c_33x33x9,refracted_gravity_published_fixture,DDO50,DDO50-published-circular-speed,9,7.621623626283678e+19,30402.732519530367,40940.0,6560.0,-10537.267480469633,1.0,1.2127680268368395e-11
vertical_draw_c_33x33x9,refracted_gravity_published_fixture,DDO50,DDO50-published-circular-speed,10,8.39304302165652e+19,32993.693488657584,41570.0,5980.0,-8576.306511342416,1.0,1.2970073038046145e-11
vertical_draw_c_33x33x9,refracted_gravity_published_fixture,DDO50,DDO50-published-circular-speed,11,9.164462417029361e+19,35801.27209606191,41690.0,4400.0,-5888.727903938088,1.0,1.3985884009023318e-11
vertical_draw_c_33x33x9,refracted_gravity_published_fixture,DDO50,DDO50-published-circular-speed,12,9.905025036587288e+19,38599.435715444146,39960.0,3930.0,-1360.564284555854,1.0,1.50420259620469e-11
vertical_draw_c_33x33x9,refracted_gravity_published_fixture,DDO50,DDO50-published-circular-speed,13,1.067644443196013e+20,41551.13925957304,39330.0,4040.0,2221.139259573043,1.0,1.6171087526106833e-11
vertical_draw_c_33x33x9,refracted_gravity_published_fixture,DDO50,DDO50-published-circular-speed,14,1.1447863827332973e+20,44512.39053748936,38590.0,3980.0,5922.390537489358,1.0,1.730762124049104e-11
vertical_draw_c_33x33x9,refracted_gravity_published_fixture,DDO50,DDO50-published-circular-speed,15,1.2219283222705814e+20,47323.750365016625,40130.0,4270.0,7193.750365016625,1.0,1.8327894589176176e-11
vertical_draw_c_33x33x9,refracted_gravity_published_fixture,DDO50,DDO50-published-circular-speed,16,1.2959845842263743e+20,49830.739541153445,43820.0,3940.0,6010.739541153445,1.0,1.9159970214464688e-11
vertical_draw_c_33x33x9,refracted_gravity_published_fixture,DDO50,DDO50-published-circular-speed,17,1.3731265237636584e+20,52180.530303253,45590.0,4050.0,6590.530303252999,1.0,1.9829256048930216e-11
vertical_draw_c_33x33x9,refracted_gravity_published_fixture,DDO50,DDO50-published-circular-speed,18,1.4502684633009426e+20,54166.631706368025,44660.0,4300.0,9506.631706368025,1.0,2.0230902516732725e-11
vertical_draw_c_33x33x9,refracted_gravity_published_fixture,DDO50,DDO50-published-circular-speed,19,1.527410402838227e+20,56025.49558845579,45340.0,4280.0,10685.495588455793,1.0,2.0550181864019467e-11
vertical_draw_c_33x33x9,refracted_gravity_published_fixture,DDO50,DDO50-published-circular-speed,20,1.6014666647940196e+20,57803.768183860186,43220.0,4810.0,14583.768183860186,1.0,2.086384743252337e-11
vertical_draw_c_33x33x9,refracted_gravity_published_fixture,DDO50,DDO50-published-circular-speed,21,1.678608604331304e+20,59522.091175472095,40390.0,5600.0,19132.091175472095,1.0,2.1106047763365103e-11
vertical_draw_c_33x33x9,refracted_gravity_published_fixture,DDO50,DDO50-published-circular-speed,22,1.755750543868588e+20,61309.17494707501,39000.0,6580.0,22309.174947075007,1.0,2.1408593298276575e-11
vertical_draw_c_33x33x9,refracted_gravity_published_fixture,DDO50,DDO50-published-circular-speed,23,1.8298068058243806e+20,63135.64264582553,38290.0,7660.0,24845.64264582553,1.0,2.1784318211154136e-11
vertical_draw_c_33x33x9,refracted_gravity_published_fixture,DDO50,DDO50-published-circular-speed,24,1.906948745361665e+20,65081.827102016774,40040.0,9630.0,25041.827102016774,1.0,2.2211631168584386e-11
vertical_draw_c_33x33x9,refracted_gravity_published_fixture,DDO50,DDO50-published-circular-speed,25,1.984090684898949e+20,66966.99013750927,37630.0,10130.0,29336.990137509274,1.0,2.2602685462966462e-11
vertical_draw_c_33x33x9,refracted_gravity_published_fixture,NGC1569,NGC1569-published-circular-speed,0,7.714193953728418e+18,9597.303013228824,3510.0,6120.0,6087.303013228824,1.0,1.1940097135257195e-11
vertical_draw_c_33x33x9,refracted_gravity_published_fixture,NGC1569,NGC1569-published-circular-speed,1,1.51198201493077e+19,18524.827019305285,5590.0,7210.0,12934.827019305285,1.0,2.269664669992097e-11
vertical_draw_c_33x33x9,refracted_gravity_published_fixture,NGC1569,NGC1569-published-circular-speed,2,2.2834014103036117e+19,27519.33042578582,10710.0,9330.0,16809.33042578582,1.0,3.316602782438e-11
vertical_draw_c_33x33x9,refracted_gravity_published_fixture,NGC1569,NGC1569-published-circular-speed,3,3.0548208056764535e+19,36194.76806878082,23060.0,6670.0,13134.768068780817,1.0,4.288504363720732e-11
vertical_draw_c_33x33x9,refracted_gravity_published_fixture,NGC1569,NGC1569-published-circular-speed,4,3.826240201049295e+19,44542.64126489037,34800.0,7470.0,9742.641264890372,1.0,5.1853694138402923e-11
vertical_draw_c_33x33x9,refracted_gravity_published_fixture,NGC1569,NGC1569-published-circular-speed,5,4.566802820607223e+19,52011.668423322764,43020.0,6890.0,8991.668423322764,1.0,5.923648903715909e-11
vertical_draw_c_33x33x9,refracted_gravity_published_fixture,NGC1569,NGC1569-published-circular-speed,6,5.338222215980065e+19,56784.721095401765,50250.0,9720.0,6534.721095401765,1.0,6.040408996519391e-11
vertical_draw_c_33x33x9,refracted_gravity_published_fixture,NGC1569,NGC1569-published-circular-speed,7,6.109641611352907e+19,60335.69433869131,54710.0,14120.0,5625.694338691312,1.0,5.95844444388918e-11
vertical_draw_c_33x33x9,refracted_gravity_published_fixture,NGC1569,NGC1569-published-circular-speed,8,6.881061006725748e+19,63376.06934330183,56350.0,18530.0,7026.069343301831,1.0,5.837073906888972e-11
vertical_draw_c_33x33x9,refracted_gravity_published_fixture,NGC1569,NGC1569-published-circular-speed,9,7.621623626283678e+19,65990.98661986976,55870.0,22350.0,10120.986619869756,1.0,5.713756711950423e-11
