gate_power,radius_over_solar_radius,fractional_force_change
0.0,0.0009765625,66423.5066253968
0.0,0.001953125,16605.667954126413
0.0,0.0029296875,7380.142274261528
0.0,0.00390625,4151.208286308817
0.0,0.0048828125,2656.6731261707055
0.0,0.005859375,1844.8268663425958
0.0,0.0068359375,1355.3091772069079
0.0,0.0078125,1037.5933693544182
0.0,0.0087890625,819.7684574687197
0.0,0.009765625,663.9595793198904
0.0,0.0107421875,548.6786303285209
0.0,0.01171875,460.99801436286293
0.0,0.0126953125,392.7618776774718
0.0,0.013671875,338.61859207894094
0.0,0.0146484375,294.93855212529496
0.0,0.015625,259.18964011581846
0.0,0.0166015625,229.56181651158113
0.0,0.017578125,204.73879831874484
0.0,0.0185546875,183.7414910405331
0.0,0.01953125,165.81217244515622
0.0,0.0205078125,150.38100418095635
0.0,0.021484375,137.0045565275165
0.0,0.0224609375,125.33359287408112
0.0,0.0234375,115.09004122424052
0.0,0.0244140625,106.05027612429326
0.0,0.025390625,98.03280943079804
0.0,0.0263671875,90.88910951618102
0.0,0.02734375,84.49667214732844
0.0,0.0283203125,78.75373332450746
0.0,0.029296875,73.57519400774018
0.0,0.0302734375,68.8894493582991
0.0,0.03125,64.63590012530338
0.0,0.0322265625,60.76298347134598
0.0,0.033203125,57.22660292404755
0.0,0.0341796875,53.98886760674452
0.0,0.03515625,51.01838994606706
0.0,0.0361328125,48.286174323167536
0.0,0.037109375,45.766573093766596
0.0,0.0380859375,43.43808500034036
0.0,0.0390625,41.28185959962046
0.0,0.0400390625,39.281314547161784
0.0,0.041015625,37.42181582854298
0.0,0.0419921875,35.690409377267294
0.0,0.04296875,34.075594854045946
0.0,0.0439453125,32.567134184398235
0.0,0.044921875,31.155888882420946
0.0,0.0458984375,29.83368131866134
0.0,0.046875,28.593175987410117
0.0,0.0478515625,27.42777754505685
0.0,0.048828125,26.331542965806353
0.0,0.0498046875,25.299105624262776
0.0,0.05078125,24.325609489470526
0.0,0.0517578125,23.406651920056035
0.0,0.052734375,22.538805860780776
0.0,0.0537109375,21.717879098499917
0.0,0.0546875,20.940471910223657
0.0,0.0556640625,20.20356167005742
0.0,0.056640625,19.50438368489103
0.0,0.0576171875,18.840405225746558
0.0,0.05859375,18.209302558988842
0.0,0.0595703125,17.60894058779211
0.0,0.060546875,17.037354770270266
0.0,0.0615234375,16.49273502788596
0.0,0.0625,15.973411397652988
0.0,0.0634765625,15.477841215464082
0.0,0.064453125,15.004597646615789
0.0,0.0654296875,14.552359404090433
0.0,0.06640625,14.119901516073547
0.0,0.0673828125,13.706087022098105
0.0,0.068359375,13.309859492582616
0.0,0.0693359375,12.930281762509535
0.0,0.0703125,12.56661672351727
0.0,0.0712890625,12.21776639390277
0.0,0.072265625,11.882936888230372
0.0,0.0732421875,11.5613867951876
0.0,0.07421875,11.252423069848007
0.0,0.0751953125,10.955397296247973
0.0,0.076171875,10.66970228260995
0.0,0.0771484375,10.394768955801142
0.0,0.078125,10.130063525344845
0.0,0.0791015625,9.87508489057355
0.0,0.080078125,9.629362267388881
0.0,0.0810546875,9.392453013625525
0.0,0.08203125,9.163940634249462
0.0,0.0830078125,8.94343294959296
0.0,0.083984375,8.730560411573613
0.0,0.0849609375,8.524974554390303
0.0,0.0859375,8.326346567560266
0.0,0.0869140625,8.13442912715816
0.0,0.087890625,7.948935792409017
0.0,0.0888671875,7.769510440805684
0.0,0.08984375,7.595891264399091
0.0,0.0908203125,7.427830424252473
0.0,0.091796875,7.2650931655013125
0.0,0.0927734375,7.107456997133697
0.0,0.09375,6.95471093113759
0.0,0.0947265625,6.806654776154536
0.0,0.095703125,6.663098481222482
0.0,0.0966796875,6.523861525589068
0.0,0.09765625,6.388772350935898
0.0,0.0986328125,6.257667832678042
0.0,0.099609375,6.130392787295356
0.0,0.1005859375,6.006799512916261
0.0,0.1015625,5.886747360613539
0.0,0.1025390625,5.770102334087958
0.0,0.103515625,5.656736715611558
0.0,0.1044921875,5.546586953699531
0.0,0.10546875,5.4394951432570355
0.0,0.1064453125,5.3353297660236105
0.0,0.107421875,5.233985160696247
0.0,0.1083984375,5.135360391986997
0.0,0.109375,5.039358999213197
0.0,0.1103515625,4.945888760353658
0.0,0.111328125,4.8548614704929625
0.0,0.1123046875,4.766192733659806
0.0,0.11328125,4.679801767141903
0.0,0.1142578125,4.595611217430086
0.0,0.115234375,4.513546987008438
0.0,0.1162109375,4.433538071266116
0.0,0.1171875,4.3555164048604915
0.0,0.1181640625,4.279416716910821
0.0,0.119140625,4.205176394447065
0.0,0.1201171875,4.13273535358042
0.0,0.12109375,4.06203748951965
0.0,0.1220703125,3.993072239541866
0.0,0.123046875,3.9257377448388278
0.0,0.1240234375,3.8599829936313927
0.0,0.125,3.795758953265783
0.0,0.1259765625,3.7330184787823004
0.0,0.126953125,3.6717162263742544
0.0,0.1279296875,3.6118085714404264
0.0,0.12890625,3.553253530954537
0.0,0.1298828125,3.496010689893742
0.0,0.130859375,3.4400411314854233
0.0,0.1318359375,3.3853073710474346
0.0,0.1328125,3.3317732932118282
0.0,0.1337890625,3.279404092335702
0.0,0.134765625,3.228166215915598
0.0,0.1357421875,3.1780273108336816
0.0,0.13671875,3.1289561722748545
0.0,0.1376953125,3.080922695164257
0.0,0.138671875,3.033908103636773
0.0,0.1396484375,2.9878948141478583
0.0,0.140625,2.9428337325320353
0.0,0.1416015625,2.89869876558985
0.0,0.142578125,2.855464707812687
0.0,0.1435546875,2.813107205389075
0.0,0.14453125,2.771602721902237
0.0,0.1455078125,2.7309285056286843
0.0,0.146484375,2.691062558352989
0.0,0.1474609375,2.6519836056189687
0.0,0.1484375,2.6136710683421196
0.0,0.1494140625,2.57610503571261
0.0,0.150390625,2.5392662393221945
0.0,0.1513671875,2.5031360284522797
0.0,0.15234375,2.467696346463975
0.0,0.1533203125,2.4329297082343064
0.0,0.154296875,2.398819178585968
0.0,0.1552734375,2.3653483516609066
0.0,0.15625,2.332514617293217
0.0,0.1572265625,2.3002970408426164
0.0,0.158203125,2.2686721547908113
0.0,0.1591796875,2.2376255100659272
0.0,0.16015625,2.2071430952356215
0.0,0.1611328125,2.177211320696597
0.0,0.162109375,2.1478170035265176
0.0,0.1630859375,2.1189473529667566
0.0,0.1640625,2.090589956506165
0.0,0.1650390625,2.062732766537571
0.0,0.166015625,2.0353640875602377
0.0,0.1669921875,2.008472563902895
0.0,0.16796875,1.98204716794329
0.0,0.1689453125,1.9560771888014314
0.0,0.169921875,1.9305522214848936
0.0,0.1708984375,1.9054621564656262
0.0,0.171875,1.8807971696688006
0.0,0.1728515625,1.856547712855158
0.0,0.173828125,1.8327183313852675
0.0,0.1748046875,1.8092871772695718
0.0,0.17578125,1.7862439786588515
0.0,0.1767578125,1.7635802180705609
0.0,0.177734375,1.7412876104917245
0.0,0.1787109375,1.7193580958065877
0.0,0.1796875,1.6977838315104736
0.0,0.1806640625,1.6765571856975532
0.0,0.181640625,1.6556707303108258
0.0,0.1826171875,1.6351172346431553
0.0,0.18359375,1.6148896590787567
0.0,0.1845703125,1.594981149065016
0.0,0.185546875,1.5753850293050062
0.0,0.1865234375,1.556094798161506
0.0,0.1875,1.5371041222637847
0.0,0.1884765625,1.5184068313087704
0.0,0.189453125,1.499996913048665
0.0,0.1904296875,1.4818706931377243
0.0,0.19140625,1.4640292009459732
0.0,0.1923828125,1.4464576085801126
0.0,0.193359375,1.4291504995224251
0.0,0.1943359375,1.4121025924519062
0.0,0.1953125,1.3953087372150303
0.0,0.1962890625,1.378763910935918
0.0,0.197265625,1.3624632142604174
0.0,0.1982421875,1.346401867728856
0.0,0.19921875,1.330575208272462
0.0,0.2001953125,1.31497868582864
0.0,0.201171875,1.2996078600705303
0.0,0.2021484375,1.2844583972464632
0.0,0.203125,1.2695260671250939
0.0,0.2041015625,1.2548067400422176
0.0,0.205078125,1.2402963840453993
0.0,0.2060546875,1.2259910621327461
0.0,0.20703125,1.2118869295822803
0.0,0.2080078125,1.197984303363826
0.0,0.208984375,1.1842796216053326
0.0,0.2099609375,1.1707648936174193
0.0,0.2109375,1.1574366251437582
0.0,0.2119140625,1.1442914019059227
0.0,0.212890625,1.1313258874167604
0.0,0.2138671875,1.1185368208632016
0.0,0.21484375,1.1059210150559853
0.0,0.2158203125,1.093475354443898
0.0,0.216796875,1.0811967931902249
0.0,0.2177734375,1.0690823533091787
0.0,0.21875,1.057129122860197
0.0,0.2197265625,1.0453342541980484
0.0,0.220703125,1.033694962276798
0.0,0.2216796875,1.0222085230057294
0.0,0.22265625,1.010872271655435
0.0,0.2236328125,0.999683601312308
0.0,0.224609375,0.9886399613797809
0.0,0.2255859375,0.9777438088521295
0.0,0.2265625,0.9669890516293511
0.0,0.2275390625,0.9563718356659059
0.0,0.228515625,0.9458898256393453
0.0,0.2294921875,0.9355407355811038
0.0,0.23046875,0.9253223276301628
0.0,0.2314453125,0.9152324108232759
0.0,0.232421875,0.9052688399205444
0.0,0.2333984375,0.8954295142651538
0.0,0.234375,0.8857123766761545
0.0,0.2353515625,0.8761154123731876
0.0,0.236328125,0.8666366479321068
0.0,0.2373046875,0.857274150270495
0.0,0.23828125,0.8480260256620875
0.0,0.2392578125,0.8388904187791804
0.0,0.240234375,0.8298655117621037
0.0,0.2412109375,0.8209495233149016
0.0,0.2421875,0.8121410280261736
0.0,0.2431640625,0.8034426199290718
0.0,0.244140625,0.7948478789870053
0.0,0.2451171875,0.7863551644264022
0.0,0.24609375,0.7779628678062664
0.0,0.2470703125,0.769669412256635
0.0,0.248046875,0.7614732517378797
0.0,0.2490234375,0.7533728703202025
0.0,0.25,0.7453667814827003
0.0,0.2509765625,0.737453527431392
0.0,0.251953125,0.7296316784356229
0.0,0.2529296875,0.7218998321822876
0.0,0.25390625,0.7142566131473171
0.0,0.2548828125,0.7067006719839186
0.0,0.255859375,0.6992306849270447
0.0,0.2568359375,0.6918453532136131
0.0,0.2578125,0.6845434025179975
0.0,0.2587890625,0.6773235824023303
0.0,0.259765625,0.6701860563396549
0.0,0.2607421875,0.6631307053269981
0.0,0.26171875,0.6561537852696815
0.0,0.2626953125,0.6492541379848242
0.0,0.263671875,0.6424306265888164
0.0,0.2646484375,0.6356821350290169
0.0,0.265625,0.6290075676274158
0.0,0.2666015625,0.6224058486359216
0.0,0.267578125,0.6158759218029288
0.0,0.2685546875,0.6094167499508425
0.0,0.26953125,0.6030273145642473
0.0,0.2705078125,0.5967066153884086
0.0,0.271484375,0.5904536700378196
0.0,0.2724609375,0.5842675136145001
0.0,0.2734375,0.5781471983357758
0.0,0.2744140625,0.5720917931712655
0.0,0.275390625,0.5661003834888219
0.0,0.2763671875,0.5601720707091689
0.0,0.27734375,0.554307979883452
0.0,0.2783203125,0.5485062895066661
0.0,0.279296875,0.5427650291278887
0.0,0.2802734375,0.5370833624289357
0.0,0.28125,0.5314604675090544
0.0,0.2822265625,0.5258955365877032
0.0,0.283203125,0.5203877757144566
0.0,0.2841796875,0.5149364044858384
0.0,0.28515625,0.5095406557688944
0.0,0.2861328125,0.5041997754313248
0.0,0.287109375,0.4989130220779978
0.0,0.2880859375,0.4936796667936716
0.0,0.2890625,0.48849899289175736
0.0,0.2900390625,0.48337029566896583
0.0,0.291015625,0.4782928821656758
0.0,0.2919921875,0.4732660709318741
0.0,0.29296875,0.46828919179852213
0.0,0.2939453125,0.4633615856542015
0.0,0.294921875,0.45848494027255926
0.0,0.2958984375,0.4536563972787804
0.0,0.296875,0.4488751657539476
0.0,0.2978515625,0.444140629633925
0.0,0.298828125,0.43945218284929277
0.0,0.2998046875,0.4348092291314032
0.0,0.30078125,0.4302111818228129
0.0,0.3017578125,0.4256574636919803
0.0,0.302734375,0.42114750675211554
0.0,0.3037109375,0.41668075208408073
0.0,0.3046875,0.4122566496632347
0.0,0.3056640625,0.4078746581901238
0.0,0.306640625,0.40353424492491863
0.0,0.3076171875,0.39923488552550745
0.0,0.30859375,0.3949760638891491
0.0,0.3095703125,0.390757271997598
0.0,0.310546875,0.38657800976561685
0.0,0.3115234375,0.3824382444794088
0.0,0.3125,0.3783385911356614
0.0,0.3134765625,0.37427697568356555
0.0,0.314453125,0.370252929019276
0.0,0.3154296875,0.3662659892480318
0.0,0.31640625,0.3623157015516234
0.0,0.3173828125,0.35840161805869597
0.0,0.318359375,0.35452329771781077
0.0,0.3193359375,0.35068030617321133
0.0,0.3203125,0.346872215643216
0.0,0.3212890625,0.3430986048011837
0.0,0.322265625,0.33935905865898386
0.0,0.3232421875,0.33565316845291493
0.0,0.32421875,0.33198053153201035
0.0,0.3251953125,0.32834075124867423
0.0,0.326171875,0.32473343685159684
0.0,0.3271484375,0.32115820338088796
0.0,0.328125,0.3176146715653825
0.0,0.3291015625,0.31410332603586477
0.0,0.330078125,0.3106237252177133
0.0,0.3310546875,0.30717469233515593
0.0,0.33203125,0.303755870397872
0.0,0.3330078125,0.3003669076116158
0.0,0.333984375,0.2970074572877257
0.0,0.3349609375,0.29367717775446933
0.0,0.3359375,0.29037573227017677
0.0,0.3369140625,0.28710278893812635
0.0,0.337890625,0.28385802062313625
0.0,0.3388671875,0.2806411048698303
0.0,0.33984375,0.27745172382253247
0.0,0.3408203125,0.27428956414675953
0.0,0.341796875,0.27115431695226877
0.0,0.3427734375,0.2680456777176343
0.0,0.34375,0.2649633462163079
0.0,0.3447265625,0.26190702644413766
0.0,0.345703125,0.25887642654831056
0.0,0.3466796875,0.2558723606246862
0.0,0.34765625,0.2528936881811643
0.0,0.3486328125,0.24993986164664794
0.0,0.349609375,0.24701060546890807
0.0,0.3505859375,0.244105647905009
0.0,0.3515625,0.2412247209582914
0.0,0.3525390625,0.2383675603165718
0.0,0.353515625,0.23553390529152285
0.0,0.3544921875,0.23272349875921705
0.0,0.35546875,0.22993608710180724
0.0,0.3564453125,0.2271714201503121
0.0,0.357421875,0.2244292511284922
0.0,0.3583984375,0.2217093365977878
0.0,0.359375,0.21901143640329512
0.0,0.3603515625,0.21633531362076064
0.0,0.361328125,0.21368073450457103
0.0,0.3623046875,0.2110474684367185
0.0,0.36328125,0.20843539708065872
0.0,0.3642578125,0.20584520641992743
0.0,0.365234375,0.20327563715591346
0.0,0.3662109375,0.20072647097776208
0.0,0.3671875,0.1981974924558465
0.0,0.3681640625,0.1956884889962598
0.0,0.369140625,0.19319925079614197
0.0,0.3701171875,0.1907295707998249
0.0,0.37109375,0.18827924465578194
0.0,0.3720703125,0.1858480706743595
0.0,0.373046875,0.18343584978627803
0.0,0.3740234375,0.18104238550188922
0.0,0.375,0.1786674838711635
0.0,0.3759765625,0.17631095344440784
0.0,0.376953125,0.17397260523368252
0.0,0.3779296875,0.17165225267491846
0.0,0.37890625,0.16934971159070678
0.0,0.3798828125,0.16706480015375513
0.0,0.380859375,0.16479770381015957
0.0,0.3818359375,0.16254845046926758
0.0,0.3828125,0.160316280748815
0.0,0.3837890625,0.1581010220870558
0.0,0.384765625,0.1559025040954749
0.0,0.3857421875,0.15372055852603173
0.0,0.38671875,0.15155501923897252
0.0,0.3876953125,0.14940572217120995
0.0,0.388671875,0.14727250530525238
0.0,0.3896484375,0.14515520863867648
0.0,0.390625,0.14305367415412662
0.0,0.3916015625,0.14096774578983706
0.0,0.392578125,0.13889726941066294
0.0,0.3935546875,0.13684209277960857
0.0,0.39453125,0.1348020655298483
0.0,0.3955078125,0.13277703913722538
0.0,0.396484375,0.1307668668932227
0.0,0.3974609375,0.12877140387839314
0.0,0.3984375,0.12679103965585115
0.0,0.3994140625,0.12482534523568911
0.0,0.400390625,0.12287392438716727
0.0,0.4013671875,0.12093663925609799
0.0,0.40234375,0.11901335364846033
0.0,0.4033203125,0.11710393300646582
0.0,0.404296875,0.11520824438502775
0.0,0.4052734375,0.11332615642862409
0.0,0.40625,0.11145753934854352
0.0,0.4072265625,0.10960226490051506
0.0,0.408203125,0.10776020636270789
0.0,0.4091796875,0.10593123851409225
0.0,0.41015625,0.10411523761316555
0.0,0.4111328125,0.10231208137702219
0.0,0.412109375,0.10052164896077254
0.0,0.4130859375,0.09874382093729883
0.0,0.4140625,0.09697847927734093
0.0,0.4150390625,0.09522550732991086
0.0,0.416015625,0.0934854263671907
0.0,0.4169921875,0.09175749870663985
0.0,0.41796875,0.0900415897809117
0.0,0.4189453125,0.08833758838965111
0.0,0.419921875,0.08664538461554594
0.0,0.4208984375,0.08496486980660478
0.0,0.421875,0.08329593655871759
0.0,0.4228515625,0.08163847869849916
0.0,0.423828125,0.079992391266404
0.0,0.4248046875,0.0783575705001125
0.0,0.42578125,0.07673391381818151
0.0,0.4267578125,0.07512131980395531
0.0,0.427734375,0.07351968818972976
0.0,0.4287109375,0.07192891984117078
0.0,0.4296875,0.07034891674197374
0.0,0.4306640625,0.06877958197876954
0.0,0.431640625,0.06722081972626426
0.0,0.4326171875,0.0656726780724739
0.0,0.43359375,0.06413532872142413
0.0,0.4345703125,0.06260826337064862
0.0,0.435546875,0.06109139050275281
0.0,0.4365234375,0.0595846196160541
0.0,0.4375,0.05808786121108578
0.0,0.4384765625,0.05660102677730716
0.0,0.439453125,0.05512402878002076
0.0,0.4404296875,0.05365678064749213
0.0,0.44140625,0.05219919675826534
0.0,0.4423828125,0.05075119242867232
0.0,0.443359375,0.049312683900537335
0.0,0.4443359375,0.047883588329064475
0.0,0.4453125,0.04646382377091318
0.0,0.4462890625,0.04505330917245254
0.0,0.447265625,0.04365196435819496
0.0,0.4482421875,0.04225971001940465
0.0,0.44921875,0.04087646770287923
0.0,0.4501953125,0.039502415235697086
0.0,0.451171875,0.03813742702441414
0.0,0.4521484375,0.03678121451736338
0.0,0.453125,0.035433702651831656
0.0,0.4541015625,0.03409481716591478
0.0,0.455078125,0.03276448458828729
0.0,0.4560546875,0.031442632228124934
0.0,0.45703125,0.030129188165177734
0.0,0.4580078125,0.028824081239986254
0.0,0.458984375,0.027527241044247308
0.0,0.4599609375,0.026238597911317996
0.0,0.4609375,0.0249580829068623
0.0,0.4619140625,0.02368562781963246
0.0,0.462890625,0.022421165152386235
0.0,0.4638671875,0.021164628112939177
0.0,0.46484375,0.019915950605344124
0.0,0.4658203125,0.01867506722120127
0.0,0.466796875,0.017441913231093453
0.0,0.4677734375,0.01621675326421368
0.0,0.46875,0.01499925448288808
0.0,0.4697265625,0.013789290059892378
0.0,0.470703125,0.012586797958680673
0.0,0.4716796875,0.01139171677986317
0.0,0.47265625,0.01020398575336956
0.0,0.4736328125,0.009023544730723865
0.0,0.474609375,0.007850334177432527
0.0,0.4755859375,0.006684295165477083
0.0,0.4765625,0.005525369365917632
0.0,0.4775390625,0.004373499041598672
0.0,0.478515625,0.0032286270399595196
0.0,0.4794921875,0.002090696785945756
0.0,0.48046875,0.000959652275020817
0.0,0.4814453125,-0.00016456193372260675
0.0,0.482421875,-0.00128200072435658
0.0,0.4833984375,-0.0023927184308146776
0.0,0.484375,-0.0034967263832950124
0.0,0.4853515625,-0.004593832891067184
0.0,0.486328125,-0.0056843820485340535
0.0,0.4873046875,-0.006768426006586337
0.0,0.48828125,-0.00784601639872029
0.0,0.4892578125,-0.008917204347185237
0.0,0.490234375,-0.009982040469045828
0.0,0.4912109375,-0.011040574882160259
0.0,0.4921875,-0.012092857211076335
0.0,0.4931640625,-0.013138936592846817
0.0,0.494140625,-0.01417886168276461
0.0,0.4951171875,-0.015212680660019684
0.0,0.49609375,-0.016240441233277836
0.0,0.4970703125,-0.017262190646184283
0.0,0.498046875,-0.01827797568279166
0.0,0.4990234375,-0.0192878426729155
0.0,0.5,-0.020291837497414367
0.0,0.5009765625,-0.021290005593402217
0.0,0.501953125,-0.022282275203017177
0.0,0.5029296875,-0.023268647468816184
0.0,0.50390625,-0.02424932992258988
0.0,0.5048828125,-0.025224366239913643
0.0,0.505859375,-0.02619379967811264
0.0,0.5068359375,-0.027157673081059097
0.0,0.5078125,-0.02811602888390563
0.0,0.5087890625,-0.02906890911775417
0.0,0.509765625,-0.030016355414264728
0.0,0.5107421875,-0.030958409010200527
0.0,0.51171875,-0.03189511075191531
0.0,0.5126953125,-0.03282650109977936
0.0,0.513671875,-0.03375262013254865
0.0,0.5146484375,-0.03467350755167564
0.0,0.515625,-0.035589202685562205
0.0,0.5166015625,-0.0364997444937597
0.0,0.517578125,-0.03740517157111145
0.0,0.5185546875,-0.03830552215184113
0.0,0.51953125,-0.03920066799417077
0.0,0.5205078125,-0.040090746615144335
0.0,0.521484375,-0.040975863926668854
0.0,0.5224609375,-0.041856056731118474
0.0,0.5234375,-0.042731361490272346
0.0,0.5244140625,-0.04360181432908805
0.0,0.525390625,-0.04446745103942973
0.0,0.5263671875,-0.04532830708374591
0.0,0.52734375,-0.0461844175987014
0.0,0.5283203125,-0.04703581739876128
0.0,0.529296875,-0.04788254097973044
0.0,0.5302734375,-0.04872462252224641
0.0,0.53125,-0.049562095895228864
0.0,0.5322265625,-0.05039499465928432
0.0,0.533203125,-0.051223352070067674
0.0,0.5341796875,-0.052047201081601324
0.0,0.53515625,-0.05286657434955211
0.0,0.5361328125,-0.053681504234466826
0.0,0.537109375,-0.054491826564862955
0.0,0.5380859375,-0.05529777123697144
0.0,0.5390625,-0.056099369981390645
0.0,0.5400390625,-0.056896653986838186
0.0,0.541015625,-0.05768965416276195
0.0,0.5419921875,-0.05847840114233649
0.0,0.54296875,-0.05926292528542065
0.0,0.5439453125,-0.06004325668147792
0.0,0.544921875,-0.06081942515246086
0.0,0.5458984375,-0.06159146025566142
0.0,0.546875,-0.06235939128652235
0.0,0.5478515625,-0.06312324728141738
0.0,0.548828125,-0.06388305702039454
0.0,0.5498046875,-0.06463884902988704
0.0,0.55078125,-0.06539065158539004
0.0,0.5517578125,-0.06613849271410499
0.0,0.552734375,-0.06688240019755098
0.0,0.5537109375,-0.06762235390081839
0.0,0.5546875,-0.06835831261080183
0.0,0.5556640625,-0.06909042129731635
0.0,0.556640625,-0.06981870676650026
0.0,0.5576171875,-0.07054319559160804
0.0,0.55859375,-0.07126391411543442
0.0,0.5595703125,-0.07198088845270845
0.0,0.560546875,-0.07269414449245881
0.0,0.5615234375,-0.07340370790034989
0.0,0.5625,-0.07410960412099155
0.0,0.5634765625,-0.07481185838021787
0.0,0.564453125,-0.07551049568734214
0.0,0.5654296875,-0.07620554083738229
0.0,0.56640625,-0.07689701841326058
0.0,0.5673828125,-0.07758495278797684
0.0,0.568359375,-0.07826936812675578
0.0,0.5693359375,-0.07895028838916907
0.0,0.5703125,-0.07962773733123174
0.0,0.5712890625,-0.08030165908531284
0.0,0.572265625,-0.08097209984460363
0.0,0.5732421875,-0.08163914074003875
0.0,0.57421875,-0.08230280471972262
0.0,0.5751953125,-0.08296311453847904
0.0,0.576171875,-0.08362009275980153
0.0,0.5771484375,-0.08427376175777979
0.0,0.578125,-0.08492414371900414
0.0,0.5791015625,-0.08557126064444931
0.0,0.580078125,-0.0862151343513331
0.0,0.5810546875,-0.08685578647495562
0.0,0.58203125,-0.08749323847051671
0.0,0.5830078125,-0.08812751161491128
0.0,0.583984375,-0.08875862700850456
0.0,0.5849609375,-0.08938660557688738
0.0,0.5859375,-0.09001146807260962
0.0,0.5869140625,-0.09063323507689469
0.0,0.587890625,-0.09125192700133378
0.0,0.5888671875,-0.09186746564154791
0.0,0.58984375,-0.09247995580026713
0.0,0.5908203125,-0.09308943222498434
0.0,0.591796875,-0.09369591465432137
0.0,0.5927734375,-0.09429942266557312
0.0,0.59375,-0.09489997567628639
0.0,0.5947265625,-0.09549759294582294
0.0,0.595703125,-0.09609229357690185
0.0,0.5966796875,-0.0966840965171274
0.0,0.59765625,-0.0972730205604957
0.0,0.5986328125,-0.09785908434888935
0.0,0.599609375,-0.09844230637354978
0.0,0.6005859375,-0.09902270497653731
0.0,0.6015625,-0.09960029835217266
0.0,0.6025390625,-0.10017510454846168
0.0,0.603515625,-0.10074714146850627
0.0,0.6044921875,-0.10131642687189713
0.0,0.60546875,-0.10188296349332959
0.0,0.6064453125,-0.1024467059663502
0.0,0.607421875,-0.10300775024625586
0.0,0.6083984375,-0.10356611352364475
0.0,0.609375,-0.1041218128524336
0.0,0.6103515625,-0.10467486515116076
0.0,0.611328125,-0.10522528720427349
0.0,0.6123046875,-0.1057730956634012
0.0,0.61328125,-0.10631830704861434
0.0,0.6142578125,-0.10686093774967009
0.0,0.615234375,-0.10740100402724373
0.0,0.6162109375,-0.10793852201414644
0.0,0.6171875,-0.10847350771652986
0.0,0.6181640625,-0.10900597701507786
0.0,0.619140625,-0.1095359456661843
0.0,0.6201171875,-0.11006342930311896
0.0,0.62109375,-0.11058844343718
0.0,0.6220703125,-0.11111100345883396
0.0,0.623046875,-0.11163109073162014
0.0,0.6240234375,-0.11214871339943766
0.0,0.625,-0.11266392811333825
0.0,0.6259765625,-0.11317674978506598
0.0,0.626953125,-0.11368719321111898
0.0,0.6279296875,-0.1141952730738165
0.0,0.62890625,-0.11470100394235405
0.0,0.6298828125,-0.11520440027384826
0.0,0.630859375,-0.11570547641436968
0.0,0.6318359375,-0.11620424659996464
0.0,0.6328125,-0.11670072495766615
0.0,0.6337890625,-0.11719492550649457
0.0,0.634765625,-0.11768686215844582
0.0,0.6357421875,-0.11817654871947214
0.0,0.63671875,-0.11866399889044865
0.0,0.6376953125,-0.11914922626813307
0.0,0.638671875,-0.11963224434611253
0.0,0.6396484375,-0.12011306651574238
0.0,0.640625,-0.12059166166517388
0.0,0.6416015625,-0.12106807229094896
0.0,0.642578125,-0.1215423271205942
0.0,0.6435546875,-0.1220144391407868
0.0,0.64453125,-0.1224844212405648
0.0,0.6455078125,-0.12295228621220644
0.0,0.646484375,-0.12341804675210077
0.0,0.6474609375,-0.12388171546160842
0.0,0.6484375,-0.12434330484791378
0.0,0.6494140625,-0.12480282732486891
0.0,0.650390625,-0.12526029521382742
0.0,0.6513671875,-0.12571572074447035
0.0,0.65234375,-0.12616911605562375
0.0,0.6533203125,-0.12662049319606683
0.0,0.654296875,-0.12706986412533317
0.0,0.6552734375,-0.12751724071450155
0.0,0.65625,-0.12796263474698077
0.0,0.6572265625,-0.1284060564820534
0.0,0.658203125,-0.12884747372390137
0.0,0.6591796875,-0.12928694365532678
0.0,0.66015625,-0.1297244777130635
0.0,0.6611328125,-0.1301600872500115
0.0,0.662109375,-0.13059378353597195
0.0,0.6630859375,-0.1310255777583771
0.0,0.6640625,-0.13145548102301174
0.0,0.6650390625,-0.13188350435472596
0.0,0.666015625,-0.13230965869814393
0.0,0.6669921875,-0.13273395491836049
0.0,0.66796875,-0.13315640380163696
0.0,0.6689453125,-0.13357701605608363
0.0,0.669921875,-0.13399580231233943
0.0,0.6708984375,-0.1344127731242445
0.0,0.671875,-0.13482793896950285
0.0,0.6728515625,-0.13524131025034225
0.0,0.673828125,-0.13565289729416452
0.0,0.6748046875,-0.13606269901511092
0.0,0.67578125,-0.1364707131408719
0.0,0.6767578125,-0.13687697387314657
0.0,0.677734375,-0.13728149124379663
0.0,0.6787109375,-0.13768427521304438
0.0,0.6796875,-0.13808533567008496
0.0,0.6806640625,-0.13848468243369383
0.0,0.681640625,-0.13888232525282773
0.0,0.6826171875,-0.13927827380721924
0.0,0.68359375,-0.13967253770796584
0.0,0.6845703125,-0.14006512649811353
0.0,0.685546875,-0.1404560496532331
0.0,0.6865234375,-0.14084531658199295
0.0,0.6875,-0.14123293662672443
0.0,0.6884765625,-0.1416189190639825
0.0,0.689453125,-0.14200327310510097
0.0,0.6904296875,-0.14238600789674138
0.0,0.69140625,-0.14276713252143713
0.0,0.6923828125,-0.14314664053125126
0.0,0.693359375,-0.1435245466824383
0.0,0.6943359375,-0.14390086974685645
0.0,0.6953125,-0.1442756185540789
0.0,0.6962890625,-0.14464880187220808
0.0,0.697265625,-0.14502042840839036
0.0,0.6982421875,-0.14539050680932297
0.0,0.69921875,-0.14575904566175613
0.0,0.7001953125,-0.14612605349299324
0.0,0.701171875,-0.14649153877138155
0.0,0.7021484375,-0.14685550990680252
0.0,0.703125,-0.147217975251154
0.0,0.7041015625,-0.14757894309883046
0.0,0.705078125,-0.14793842168719706
0.0,0.7060546875,-0.14829641919705938
0.0,0.70703125,-0.14865294375312832
0.0,0.7080078125,-0.1490080034244825
0.0,0.708984375,-0.1493616062250228
0.0,0.7099609375,-0.14971374514725944
0.0,0.7109375,-0.15006444155716048
0.0,0.7119140625,-0.15041370494694772
0.0,0.712890625,-0.15076154311318057
0.0,0.7138671875,-0.15110796379946967
0.0,0.71484375,-0.151452974696908
0.0,0.7158203125,-0.1517965834444972
0.0,0.716796875,-0.15213879762957128
0.0,0.7177734375,-0.1524796247882143
0.0,0.71875,-0.15281907240567616
0.0,0.7197265625,-0.15315714791678248
0.0,0.720703125,-0.1534938587063429
0.0,0.7216796875,-0.15382921210955347
0.0,0.72265625,-0.15416321541239564
0.0,0.7236328125,-0.1544958758520335
0.0,0.724609375,-0.1548272006172038
0.0,0.7255859375,-0.15515719684860652
0.0,0.7265625,-0.1554858698982996
0.0,0.7275390625,-0.1558132212589476
0.0,0.728515625,-0.15613926529611544
0.0,0.7294921875,-0.15646400896157941
0.0,0.73046875,-0.15678745916097037
0.0,0.7314453125,-0.1571096227541412
0.0,0.732421875,-0.15743050655553115
0.0,0.7333984375,-0.1577501173345247
0.0,0.734375,-0.15806846181581025
0.0,0.7353515625,-0.15838554667973237
0.0,0.736328125,-0.15870137856264277
0.0,0.7373046875,-0.15901596405724727
0.0,0.73828125,-0.15932930971295078
0.0,0.7392578125,-0.15964142203619647
0.0,0.740234375,-0.1599523074908048
0.0,0.7412109375,-0.16026197249830743
0.0,0.7421875,-0.160570423438279
0.0,0.7431640625,-0.16087766664866598
0.0,0.744140625,-0.16118370722981856
0.0,0.7451171875,-0.16148855136274254
0.0,0.74609375,-0.1617922065527534
0.0,0.7470703125,-0.16209467897435748
0.0,0.748046875,-0.1623959747620325
0.0,0.7490234375,-0.16269610001053791
0.0,0.75,-0.16299506077522374
0.0,0.7509765625,-0.16329286307233548
0.0,0.751953125,-0.16358951287931722
0.0,0.7529296875,-0.16388501613511086
0.0,0.75390625,-0.16417937874045407
0.0,0.7548828125,-0.1644726065581742
0.0,0.755859375,-0.16476470541348054
0.0,0.7568359375,-0.16505568109425328
0.0,0.7578125,-0.165345539351331
0.0,0.7587890625,-0.16563428589879348
0.0,0.759765625,-0.16592192641424397
0.0,0.7607421875,-0.16620846653908872
0.0,0.76171875,-0.16649391438991368
0.0,0.7626953125,-0.16677827374358511
0.0,0.763671875,-0.1670615493916674
0.0,0.7646484375,-0.16734374683370723
0.0,0.765625,-0.1676248715344103
0.0,0.7666015625,-0.16790492892390707
0.0,0.767578125,-0.16818392439801333
0.0,0.7685546875,-0.16846186331849122
0.0,0.76953125,-0.16873875101330615
0.0,0.7705078125,-0.16901459277688236
0.0,0.771484375,-0.16928939387035624
0.0,0.7724609375,-0.1695631595218262
0.0,0.7734375,-0.16983589492660256
0.0,0.7744140625,-0.17010760524745328
0.0,0.775390625,-0.1703782956148484
0.0,0.7763671875,-0.17064797112720198
0.0,0.77734375,-0.17091663685111236
0.0,0.7783203125,-0.17118429833899618
0.0,0.779296875,-0.1714509677906939
0.0,0.7802734375,-0.17171664240348183
0.0,0.78125,-0.17198132711951586
0.0,0.7822265625,-0.17224502685030252
0.0,0.783203125,-0.17250774647692557
0.0,0.7841796875,-0.1727694908502717
0.0,0.78515625,-0.17303026479125505
0.0,0.7861328125,-0.1732900730910386
0.0,0.787109375,-0.1735489205112547
0.0,0.7880859375,-0.17380681178422286
0.0,0.7890625,-0.17406375161316612
0.0,0.7900390625,-0.1743197446724255
0.0,0.791015625,-0.17457479560767242
0.0,0.7919921875,-0.1748289090361198
0.0,0.79296875,-0.17508208954673066
0.0,0.7939453125,-0.17533434170042517
0.0,0.794921875,-0.17558567003028636
0.0,0.7958984375,-0.1758360834901772
0.0,0.796875,-0.17608559020436199
0.0,0.7978515625,-0.1763341864369239
0.0,0.798828125,-0.1765818766122903
0.0,0.7998046875,-0.17682866512804662
0.0,0.80078125,-0.1770745563551317
0.0,0.8017578125,-0.17731955463803162
0.0,0.802734375,-0.1775636642949706
0.0,0.8037109375,-0.17780688961810232
0.0,0.8046875,-0.17804923487369817
0.0,0.8056640625,-0.17829070430233396
0.0,0.806640625,-0.17853130211907575
0.0,0.8076171875,-0.17877103251366377
0.0,0.80859375,-0.1790098996506948
0.0,0.8095703125,-0.17924790766980303
0.0,0.810546875,-0.17948506068583903
0.0,0.8115234375,-0.17972136278904804
0.0,0.8125,-0.17995681804524655
0.0,0.8134765625,-0.18019144102636442
0.0,0.814453125,-0.18042523096510987
0.0,0.8154296875,-0.180658185992556
0.0,0.81640625,-0.1808903100793745
0.0,0.8173828125,-0.18112160717266146
0.0,0.818359375,-0.18135208119610458
0.0,0.8193359375,-0.18158173605015027
0.0,0.8203125,-0.1818105756121674
0.0,0.8212890625,-0.18203860373661274
0.0,0.822265625,-0.1822658242551911
0.0,0.8232421875,-0.18249224097701855
0.0,0.82421875,-0.18271785768878013
0.0,0.8251953125,-0.18294267815488907
0.0,0.826171875,-0.18316670611764385
0.0,0.8271484375,-0.18338994529738362
0.0,0.828125,-0.1836123993926425
0.0,0.8291015625,-0.18383407208030356
0.0,0.830078125,-0.18405496701574975
0.0,0.8310546875,-0.18427510616283382
0.0,0.83203125,-0.18449447597787105
0.0,0.8330078125,-0.18471307874217013
0.0,0.833984375,-0.1849309180275721
0.0,0.8349609375,-0.1851479973851533
0.0,0.8359375,-0.18536432034536787
0.0,0.8369140625,-0.18557989041819267
0.0,0.837890625,-0.18579471109326873
0.0,0.8388671875,-0.1860087858400432
0.0,0.83984375,-0.18622211810790912
0.0,0.8408203125,-0.18643471132634393
0.0,0.841796875,-0.18664656890504827
0.0,0.8427734375,-0.1868576942340816
0.0,0.84375,-0.18706809068399854
0.0,0.8447265625,-0.1872777616059832
0.0,0.845703125,-0.18748671033198228
0.0,0.8466796875,-0.18769494017483812
0.0,0.84765625,-0.18790245947077
0.0,0.8486328125,-0.18810928385268455
0.0,0.849609375,-0.18831539902202254
0.0,0.8505859375,-0.18852080821757355
0.0,0.8515625,-0.1887255146596606
0.0,0.8525390625,-0.18892952155026566
0.0,0.853515625,-0.18913283207315545
0.0,0.8544921875,-0.1893354493940056
0.0,0.85546875,-0.1895373766605234
0.0,0.8564453125,-0.189738617002571
0.0,0.857421875,-0.18993917353228507
0.0,0.8583984375,-0.19013904934419923
0.0,0.859375,-0.19033824751536121
0.0,0.8603515625,-0.1905367711054532
0.0,0.861328125,-0.1907346231569078
0.0,0.8623046875,-0.19093180669502585
0.0,0.86328125,-0.19112832472809071
0.0,0.8642578125,-0.1913241802474841
0.0,0.865234375,-0.19151938906822819
0.0,0.8662109375,-0.19171395332050445
0.0,0.8671875,-0.19190786376514113
0.0,0.8681640625,-0.1921011233281732
0.0,0.869140625,-0.19229373491928503
0.0,0.8701171875,-0.19248570143192067
0.0,0.87109375,-0.19267702574339163
0.0,0.8720703125,-0.19286771071498554
0.0,0.873046875,-0.1930577591920728
0.0,0.8740234375,-0.19324717400421254
0.0,0.875,-0.19343595796525803
0.0,0.8759765625,-0.19362411387346135
0.0,0.876953125,-0.19381164451157673
0.0,0.8779296875,-0.19399855264696386
0.0,0.87890625,-0.19418484103168987
0.0,0.8798828125,-0.19437051240262992
0.0,0.880859375,-0.19455556948156905
0.0,0.8818359375,-0.1947400149753007
0.0,0.8828125,-0.1949238733581098
0.0,0.8837890625,-0.1951071306632749
0.0,0.884765625,-0.19528978423640575
0.0,0.8857421875,-0.1954718367264917
0.0,0.88671875,-0.19565329076800964
0.0,0.8876953125,-0.19583414898101947
0.0,0.888671875,-0.1960144139712583
0.0,0.8896484375,-0.19619408833023455
0.0,0.890625,-0.1963731746353209
0.0,0.8916015625,-0.19655167544984742
0.0,0.892578125,-0.19672959332319184
0.0,0.8935546875,-0.19690693079087207
0.0,0.89453125,-0.1970836903746359
0.0,0.8955078125,-0.19725987458255034
0.0,0.896484375,-0.1974354859090911
0.0,0.8974609375,-0.1976105268352304
0.0,0.8984375,-0.19778499982852527
0.0,0.8994140625,-0.1979589100837017
0.0,0.900390625,-0.19813228343606293
0.0,0.9013671875,-0.19830509599110124
0.0,0.90234375,-0.19847735016479073
0.0,0.9033203125,-0.198649048360109
0.0,0.904296875,-0.1988201929671214
0.0,0.9052734375,-0.19899078636306422
0.0,0.90625,-0.19916083091242698
0.0,0.9072265625,-0.19933032896703473
0.0,0.908203125,-0.19949928286612928
0.0,0.9091796875,-0.19966769493644954
0.0,0.91015625,-0.19983556749231202
0.0,0.9111328125,-0.20000290283569033
0.0,0.912109375,-0.20016970325629357
0.0,0.9130859375,-0.20033597103164535
0.0,0.9140625,-0.2005017084271612
0.0,0.9150390625,-0.20066691769622558
0.0,0.916015625,-0.20083160108026865
0.0,0.9169921875,-0.20099577255385792
0.0,0.91796875,-0.2011594412283524
0.0,0.9189453125,-0.20132259047754242
0.0,0.919921875,-0.20148522249702694
0.0,0.9208984375,-0.20164733947081748
0.0,0.921875,-0.20180894357140977
0.0,0.9228515625,-0.2019700369598575
0.0,0.923828125,-0.20213062178584362
0.0,0.9248046875,-0.2022907001877533
0.0,0.92578125,-0.20245027429274387
0.0,0.9267578125,-0.2026093462168166
0.0,0.927734375,-0.20276791806488592
0.0,0.9287109375,-0.20292599193084926
0.0,0.9296875,-0.20308356989765697
0.0,0.9306640625,-0.20324065403737968
0.0,0.931640625,-0.20339724641127743
0.0,0.9326171875,-0.20355334906986644
0.0,0.93359375,-0.20370896405298722
0.0,0.9345703125,-0.20386411487533096
0.0,0.935546875,-0.20401879224204533
0.0,0.9365234375,-0.20417298779142
0.0,0.9375,-0.20432670352248816
0.0,0.9384765625,-0.20447994142392667
0.0,0.939453125,-0.20463270347412021
0.0,0.9404296875,-0.204784991641225
0.0,0.94140625,-0.20493680788323254
0.0,0.9423828125,-0.2050881541480324
0.0,0.943359375,-0.2052390323734744
0.0,0.9443359375,-0.20538944448743135
0.0,0.9453125,-0.20553939240785957
0.0,0.9462890625,-0.20568887804286118
0.0,0.947265625,-0.20583790329074414
0.0,0.9482421875,-0.20598647004008241
0.0,0.94921875,-0.20613458016977615
0.0,0.9501953125,-0.20628223554911096
0.0,0.951171875,-0.20642943803781688
0.0,0.9521484375,-0.20657622127056252
0.0,0.953125,-0.20672255624379676
0.0,0.9541015625,-0.2068684436478787
0.0,0.955078125,-0.20701388530613007
0.0,0.9560546875,-0.2071588830325961
0.0,0.95703125,-0.20730343863210432
0.0,0.9580078125,-0.207447553900319
0.0,0.958984375,-0.20759123062379825
0.0,0.9599609375,-0.2077344705800478
0.0,0.9609375,-0.2078772755375775
0.0,0.9619140625,-0.20801964725595556
0.0,0.962890625,-0.20816158748586144
0.0,0.9638671875,-0.20830309796914193
0.0,0.96484375,-0.20844418043886226
0.0,0.9658203125,-0.20858483661936134
0.0,0.966796875,-0.20872506822630232
0.0,0.9677734375,-0.2088648769667264
0.0,0.96875,-0.20900427321781623
0.0,0.9697265625,-0.20914327512563236
0.0,0.970703125,-0.20928185903288554
0.0,0.9716796875,-0.20942002661387193
0.0,0.97265625,-0.20955777953451338
0.0,0.9736328125,-0.20969511945240726
0.0,0.974609375,-0.2098320480168765
0.0,0.9755859375,-0.20996856686901932
0.0,0.9765625,-0.2101046776417581
0.0,0.9775390625,-0.21024038195988815
0.0,0.978515625,-0.21037568144012675
0.0,0.9794921875,-0.21051057769116044
0.0,0.98046875,-0.21064507231369367
0.0,0.9814453125,-0.2107791669004958
0.0,0.982421875,-0.21091286303644852
0.0,0.9833984375,-0.21104616229859208
0.0,0.984375,-0.211179066256173
0.0,0.9853515625,-0.21131157647068843
0.0,0.986328125,-0.2114437134399031
0.0,0.9873046875,-0.2115754753607355
0.0,0.98828125,-0.21170684797228
0.0,0.9892578125,-0.21183783280670765
0.0,0.990234375,-0.21196843138865984
0.0,0.9912109375,-0.21209864523529243
0.0,0.9921875,-0.21222847585631932
0.0,0.9931640625,-0.21235792475405635
0.0,0.994140625,-0.21248699342346566
0.0,0.9951171875,-0.21261568335219727
0.0,0.99609375,-0.2127439960206332
0.0,0.9970703125,-0.21287193290192985
0.0,0.998046875,-0.21299949546205954
0.0,0.9990234375,-0.21312668515985345
0.0,1.0,-0.21325350344704275
1.0,0.0009765625,3.131306813841661e-08
1.0,0.001953125,7.828168557821868e-09
1.0,0.0029296875,3.4791132197398156e-09
1.0,0.00390625,1.956943718184334e-09
1.0,0.0048828125,1.2523968528910245e-09
1.0,0.005859375,8.696798836638209e-10
1.0,0.0068359375,6.389135887019393e-10
1.0,0.0078125,4.89137619297253e-10
1.0,0.0087890625,3.8645153743743776e-10
1.0,0.009765625,3.130007364404719e-10
1.0,0.0107421875,2.586555414296754e-10
1.0,0.01171875,2.1732149413367097e-10
1.0,0.0126953125,1.8515389221818168e-10
1.0,0.013671875,1.5962986488204933e-10
1.0,0.0146484375,1.3903855844432655e-10
1.0,0.015625,1.2218603906433145e-10
1.0,0.0166015625,1.0821898932533713e-10
1.0,0.017578125,9.651701660118306e-11
1.0,0.0185546875,8.661849015823009e-11
1.0,0.01953125,7.816636227175877e-11
1.0,0.0205078125,7.089195896980982e-11
1.0,0.021484375,6.458611423454386e-11
1.0,0.0224609375,5.90840709691065e-11
1.0,0.0234375,5.425526694580185e-11
1.0,0.0244140625,4.999378688808065e-11
1.0,0.025390625,4.6214143623046766e-11
1.0,0.0263671875,4.284661514475374e-11
1.0,0.02734375,3.9833025766711216e-11
1.0,0.0283203125,3.712563589886031e-11
1.0,0.029296875,3.4684477512314515e-11
1.0,0.0302734375,3.2475577782520304e-11
1.0,0.03125,3.0470292955442346e-11
1.0,0.0322265625,2.864464221374874e-11
1.0,0.033203125,2.697730927536668e-11
1.0,0.0341796875,2.545119670571694e-11
1.0,0.03515625,2.405098342705969e-11
1.0,0.0361328125,2.276268062928466e-11
1.0,0.037109375,2.1574964037540667e-11
1.0,0.0380859375,2.0477175510791312e-11
1.0,0.0390625,1.9460877354049444e-11
1.0,0.0400390625,1.851763187232791e-11
1.0,0.041015625,1.7641221816688812e-11
1.0,0.0419921875,1.6824985848984397e-11
1.0,0.04296875,1.606381694330139e-11
1.0,0.0439453125,1.5352608073726515e-11
1.0,0.044921875,1.4687140392766196e-11
1.0,0.0458984375,1.4064083231346558e-11
1.0,0.046875,1.3479217741974026e-11
1.0,0.0478515625,1.2929879389389498e-11
1.0,0.048828125,1.241318159372895e-11
1.0,0.0498046875,1.1926459819733282e-11
1.0,0.05078125,1.1467493621353242e-11
1.0,0.0517578125,1.1034284597144506e-11
1.0,0.052734375,1.0625056390267673e-11
1.0,0.0537109375,1.0238032643883344e-11
1.0,0.0546875,9.871437001152117e-12
1.0,0.0556640625,9.524159239049368e-12
1.0,0.056640625,9.194423000735696e-12
1.0,0.0576171875,8.881784197001252e-12
1.0,0.05859375,8.58424442640171e-12
1.0,0.0595703125,8.301137555122295e-12
1.0,0.060546875,8.031575404743307e-12
1.0,0.0615234375,7.774891841449971e-12
1.0,0.0625,7.529976642217662e-12
1.0,0.0634765625,7.296385717836529e-12
1.0,0.064453125,7.073230889886872e-12
1.0,0.0654296875,6.860068069158842e-12
1.0,0.06640625,6.6564531664425886e-12
1.0,0.0673828125,6.461053914108561e-12
1.0,0.068359375,6.274536445971535e-12
1.0,0.0693359375,6.0953464497970344e-12
1.0,0.0703125,5.924150059399835e-12
1.0,0.0712890625,5.759615007150387e-12
1.0,0.072265625,5.60174129304869e-12
1.0,0.0732421875,5.4503068724898185e-12
1.0,0.07421875,5.304423567054073e-12
1.0,0.0751953125,5.164535465951303e-12
1.0,0.076171875,5.029754390761809e-12
1.0,0.0771484375,4.900080341485591e-12
1.0,0.078125,4.775513318122648e-12
1.0,0.0791015625,4.655165142253281e-12
1.0,0.080078125,4.539257858482415e-12
1.0,0.0810546875,4.427569422205124e-12
1.0,0.08203125,4.319877788816484e-12
1.0,0.0830078125,4.2159609137115694e-12
1.0,0.083984375,4.11581879689038e-12
1.0,0.0849609375,4.018785304538142e-12
1.0,0.0859375,3.9250824812597784e-12
1.0,0.0869140625,3.834710327055291e-12
1.0,0.087890625,3.747224752714828e-12
1.0,0.0888671875,3.6626257582383914e-12
1.0,0.08984375,3.580691299021055e-12
1.0,0.0908203125,3.5014213750628187e-12
1.0,0.091796875,3.424815986363683e-12
1.0,0.0927734375,3.3504310437137974e-12
1.0,0.09375,3.2784885917180873e-12
1.0,0.0947265625,3.2085445411667024e-12
1.0,0.095703125,3.141042981269493e-12
1.0,0.0966796875,3.0753177782116836e-12
1.0,0.09765625,3.0118130212031247e-12
1.0,0.0986328125,2.950084621033966e-12
1.0,0.099609375,2.8899105330992825e-12
1.0,0.1005859375,2.8315128020039992e-12
1.0,0.1015625,2.7751134723530413e-12
1.0,0.1025390625,2.7202684549365586e-12
1.0,0.103515625,2.666755705149626e-12
1.0,0.1044921875,2.6147972675971687e-12
1.0,0.10546875,2.5641710976742615e-12
1.0,0.1064453125,2.5150992399858296e-12
1.0,0.107421875,2.467359649926948e-12
1.0,0.1083984375,2.4209523274976164e-12
1.0,0.109375,2.375433183487985e-12
1.0,0.1103515625,2.3314683517128287e-12
1.0,0.111328125,2.2886137429622977e-12
1.0,0.1123046875,2.246869357236392e-12
1.0,0.11328125,2.206013149930186e-12
1.0,0.1142578125,2.1662671656486054e-12
1.0,0.115234375,2.127853448996575e-12
1.0,0.1162109375,2.0901058661593197e-12
1.0,0.1171875,2.0532464617417645e-12
1.0,0.1181640625,2.0174972803488345e-12
1.0,0.119140625,1.9824142327706795e-12
1.0,0.1201171875,1.9482193636122247e-12
1.0,0.12109375,1.914690628268545e-12
1.0,0.1220703125,1.8822721159494904e-12
1.0,0.123046875,1.850741782050136e-12
1.0,0.1240234375,1.8196555373606316e-12
1.0,0.125,1.7892354264859023e-12
1.0,0.1259765625,1.7597034940308731e-12
1.0,0.126953125,1.730837695390619e-12
1.0,0.1279296875,1.702415985960215e-12
1.0,0.12890625,1.6748824549495112e-12
1.0,0.1298828125,1.6480150577535824e-12
1.0,0.130859375,1.6215917497675036e-12
1.0,0.1318359375,1.5958345755962e-12
1.0,0.1328125,1.5705214906347464e-12
1.0,0.1337890625,1.545874539488068e-12
1.0,0.134765625,1.5216716775512396e-12
1.0,0.1357421875,1.4981349494291862e-12
1.0,0.13671875,1.475042310516983e-12
1.0,0.1376953125,1.4523937608146298e-12
1.0,0.138671875,1.4301893003221267e-12
1.0,0.1396484375,1.4084289290394736e-12
1.0,0.140625,1.3873346915715956e-12
1.0,0.1416015625,1.3664624987086427e-12
1.0,0.142578125,1.3460343950555398e-12
1.0,0.1435546875,1.326050380612287e-12
1.0,0.14453125,1.3065104553788842e-12
1.0,0.1455078125,1.2874146193553315e-12
1.0,0.146484375,1.2685408279367039e-12
1.0,0.1474609375,1.2501111257279263e-12
1.0,0.1484375,1.2319034681240737e-12
1.0,0.1494140625,1.2143619443349962e-12
1.0,0.150390625,1.1970424651508438e-12
1.0,0.1513671875,1.1801670751765414e-12
1.0,0.15234375,1.163291685202239e-12
1.0,0.1533203125,1.1468603844377867e-12
1.0,0.154296875,1.1308731728831845e-12
1.0,0.1552734375,1.1151080059335072e-12
1.0,0.15625,1.099564883588755e-12
1.0,0.1572265625,1.0842438058489279e-12
1.0,0.158203125,1.0693668173189508e-12
1.0,0.1591796875,1.0547118733938987e-12
1.0,0.16015625,1.0402789740737717e-12
1.0,0.1611328125,1.0262901639634947e-12
1.0,0.162109375,1.0123013538532177e-12
1.0,0.1630859375,9.987566329527908e-13
1.0,0.1640625,9.85656001262214e-13
1.0,0.1650390625,9.725553695716371e-13
1.0,0.166015625,9.596767824859853e-13
1.0,0.1669921875,9.467981954003335e-13
1.0,0.16796875,9.343636975245317e-13
1.0,0.1689453125,9.2192919964873e-13
1.0,0.169921875,9.101608355877033e-13
1.0,0.1708984375,8.981704269217516e-13
1.0,0.171875,8.8662410746565e-13
1.0,0.1728515625,8.750777880095484e-13
1.0,0.173828125,8.637535131583718e-13
1.0,0.1748046875,8.528733275170453e-13
1.0,0.17578125,8.419931418757187e-13
1.0,0.1767578125,8.313350008393172e-13
1.0,0.177734375,8.208989044078407e-13
1.0,0.1787109375,8.104628079763643e-13
1.0,0.1796875,8.002487561498128e-13
1.0,0.1806640625,7.902567489281864e-13
1.0,0.181640625,7.80486786311485e-13
1.0,0.1826171875,7.707168236947837e-13
1.0,0.18359375,7.611689056830073e-13
1.0,0.1845703125,7.51843032276156e-13
1.0,0.185546875,7.427392034742297e-13
1.0,0.1865234375,7.334133300673784e-13
1.0,0.1875,7.245315458703772e-13
1.0,0.1884765625,7.156497616733759e-13
1.0,0.189453125,7.069900220812997e-13
1.0,0.1904296875,6.985523270941485e-13
1.0,0.19140625,6.901146321069973e-13
1.0,0.1923828125,6.818989817247711e-13
1.0,0.193359375,6.73683331342545e-13
1.0,0.1943359375,6.656897255652439e-13
1.0,0.1953125,6.576961197879427e-13
1.0,0.1962890625,6.499245586155666e-13
1.0,0.197265625,6.421529974431905e-13
1.0,0.1982421875,6.346034808757395e-13
1.0,0.19921875,6.272760089132134e-13
1.0,0.2001953125,6.199485369506874e-13
1.0,0.201171875,6.126210649881614e-13
1.0,0.2021484375,6.055156376305604e-13
1.0,0.203125,5.984102102729594e-13
1.0,0.2041015625,5.915268275202834e-13
1.0,0.205078125,5.846434447676074e-13
1.0,0.2060546875,5.777600620149315e-13
1.0,0.20703125,5.713207684721056e-13
1.0,0.2080078125,5.646594303243546e-13
1.0,0.208984375,5.584421813864537e-13
1.0,0.2099609375,5.520028878436278e-13
1.0,0.2109375,5.455635943008019e-13
1.0,0.2119140625,5.39346345362901e-13
1.0,0.212890625,5.333511410299252e-13
1.0,0.2138671875,5.271338920920243e-13
1.0,0.21484375,5.213607323639735e-13
1.0,0.2158203125,5.153655280309977e-13
1.0,0.216796875,5.095923683029469e-13
1.0,0.2177734375,5.040412531798211e-13
1.0,0.21875,4.982680934517703e-13
1.0,0.2197265625,4.927169783286445e-13
1.0,0.220703125,4.873879078104437e-13
1.0,0.2216796875,4.818367926873179e-13
1.0,0.22265625,4.765077221691172e-13
1.0,0.2236328125,4.711786516509164e-13
1.0,0.224609375,4.660716257376407e-13
1.0,0.2255859375,4.60964599824365e-13
1.0,0.2265625,4.556355293061642e-13
1.0,0.2275390625,4.509725926027386e-13
1.0,0.228515625,4.4586556668946287e-13
1.0,0.2294921875,4.409805853811122e-13
1.0,0.23046875,4.360956040727615e-13
1.0,0.2314453125,4.3143266736933583e-13
1.0,0.232421875,4.2654768606098514e-13
1.0,0.2333984375,4.221067939624845e-13
1.0,0.234375,4.1744385725905886e-13
1.0,0.2353515625,4.1300296516055823e-13
1.0,0.236328125,4.085620730620576e-13
1.0,0.2373046875,4.04121180963557e-13
1.0,0.23828125,3.999023334699814e-13
1.0,0.2392578125,3.9546144137148076e-13
1.0,0.240234375,3.9102054927298013e-13
1.0,0.2412109375,3.8680170177940454e-13
1.0,0.2421875,3.82804898890754e-13
1.0,0.2431640625,3.788080960021034e-13
1.0,0.244140625,3.745892485085278e-13
1.0,0.2451171875,3.7059244561987725e-13
1.0,0.24609375,3.668176873361517e-13
1.0,0.2470703125,3.6282088444750116e-13
1.0,0.248046875,3.588240815588506e-13
1.0,0.2490234375,3.5504932327512506e-13
1.0,0.25,3.5127456499139953e-13
1.0,0.2509765625,3.4772185131259903e-13
1.0,0.251953125,3.4372504842394846e-13
1.0,0.2529296875,3.4017233474514796e-13
1.0,0.25390625,3.368416656712725e-13
1.0,0.2548828125,3.3306690738754696e-13
1.0,0.255859375,3.2951419370874646e-13
1.0,0.2568359375,3.2596148002994596e-13
1.0,0.2578125,3.226308109560705e-13
1.0,0.2587890625,3.1907809727727e-13
1.0,0.259765625,3.1596947280831955e-13
1.0,0.2607421875,3.126388037344441e-13
1.0,0.26171875,3.093081346605686e-13
1.0,0.2626953125,3.0597746558669314e-13
1.0,0.263671875,3.028688411177427e-13
1.0,0.2646484375,2.9976021664879227e-13
1.0,0.265625,2.964295475749168e-13
1.0,0.2666015625,2.9332092310596636e-13
1.0,0.267578125,2.902122986370159e-13
1.0,0.2685546875,2.871036741680655e-13
1.0,0.26953125,2.8421709430404007e-13
1.0,0.2705078125,2.8110846983508964e-13
1.0,0.271484375,2.7822188997106423e-13
1.0,0.2724609375,2.753353101070388e-13
1.0,0.2734375,2.724487302430134e-13
1.0,0.2744140625,2.69562150378988e-13
1.0,0.275390625,2.666755705149626e-13
1.0,0.2763671875,2.6423307986078726e-13
1.0,0.27734375,2.611244553918368e-13
1.0,0.2783203125,2.5868196473766147e-13
1.0,0.279296875,2.5579538487363607e-13
1.0,0.2802734375,2.531308496145357e-13
1.0,0.28125,2.5068835896036035e-13
1.0,0.2822265625,2.4780177909633494e-13
1.0,0.283203125,2.453592884421596e-13
1.0,0.2841796875,2.426947531830592e-13
1.0,0.28515625,2.402522625288839e-13
1.0,0.2861328125,2.3780977187470853e-13
1.0,0.287109375,2.3514523661560816e-13
1.0,0.2880859375,2.327027459614328e-13
1.0,0.2890625,2.3003821070233244e-13
1.0,0.2900390625,2.278177646530821e-13
1.0,0.291015625,2.255973186038318e-13
1.0,0.2919921875,2.2293278334473143e-13
1.0,0.29296875,2.2071233729548112e-13
1.0,0.2939453125,2.1826984664130578e-13
1.0,0.294921875,2.1604940059205546e-13
1.0,0.2958984375,2.1382895454280515e-13
1.0,0.296875,2.113864638886298e-13
1.0,0.2978515625,2.0938806244430452e-13
1.0,0.298828125,2.071676163950542e-13
1.0,0.2998046875,2.049471703458039e-13
1.0,0.30078125,2.0294876890147862e-13
1.0,0.3017578125,2.007283228522283e-13
1.0,0.302734375,1.98507876802978e-13
1.0,0.3037109375,1.9628743075372768e-13
1.0,0.3046875,1.942890293094024e-13
1.0,0.3056640625,1.9229062786507711e-13
1.0,0.306640625,1.900701818158268e-13
1.0,0.3076171875,1.8829382497642655e-13
1.0,0.30859375,1.8607337892717624e-13
1.0,0.3095703125,1.8429702208777599e-13
1.0,0.310546875,1.8207657603852567e-13
1.0,0.3115234375,1.800781745942004e-13
1.0,0.3125,1.7830181775480014e-13
1.0,0.3134765625,1.7630341631047486e-13
1.0,0.314453125,1.745270594710746e-13
1.0,0.3154296875,1.7252865802674933e-13
1.0,0.31640625,1.709743457922741e-13
1.0,0.3173828125,1.687538997430238e-13
1.0,0.318359375,1.6719958750854857e-13
1.0,0.3193359375,1.652011860642233e-13
1.0,0.3203125,1.6342482922482304e-13
1.0,0.3212890625,1.616484723854228e-13
1.0,0.322265625,1.5987211554602254e-13
1.0,0.3232421875,1.580957587066223e-13
1.0,0.32421875,1.5631940186722204e-13
1.0,0.3251953125,1.5476508963274682e-13
1.0,0.326171875,1.532107773982716e-13
1.0,0.3271484375,1.5143442055887135e-13
1.0,0.328125,1.496580637194711e-13
1.0,0.3291015625,1.4788170688007085e-13
1.0,0.330078125,1.4654943925052066e-13
1.0,0.3310546875,1.4477308241112041e-13
1.0,0.33203125,1.432187701766452e-13
1.0,0.3330078125,1.4166445794216997e-13
1.0,0.333984375,1.3988810110276972e-13
1.0,0.3349609375,1.383337888682945e-13
1.0,0.3359375,1.3700152123874432e-13
1.0,0.3369140625,1.354472090042691e-13
1.0,0.337890625,1.3367085216486885e-13
1.0,0.3388671875,1.3233858453531866e-13
1.0,0.33984375,1.3078427230084344e-13
1.0,0.3408203125,1.2922996006636822e-13
1.0,0.341796875,1.27675647831893e-13
1.0,0.3427734375,1.2634338020234281e-13
1.0,0.34375,1.247890679678676e-13
1.0,0.3447265625,1.2323475573339238e-13
1.0,0.345703125,1.2212453270876722e-13
1.0,0.3466796875,1.20570220474292e-13
1.0,0.34765625,1.1901590823981678e-13
1.0,0.3486328125,1.1790568521519162e-13
1.0,0.349609375,1.163513729807164e-13
1.0,0.3505859375,1.1501910535116622e-13
1.0,0.3515625,1.1368683772161603e-13
1.0,0.3525390625,1.1235457009206584e-13
1.0,0.353515625,1.1080025785759062e-13
1.0,0.3544921875,1.0969003483296547e-13
1.0,0.35546875,1.0835776720341528e-13
1.0,0.3564453125,1.0702549957386509e-13
1.0,0.357421875,1.056932319443149e-13
1.0,0.3583984375,1.0436096431476471e-13
1.0,0.359375,1.0325074129013956e-13
1.0,0.3603515625,1.0191847366058937e-13
1.0,0.361328125,1.0080825063596421e-13
1.0,0.3623046875,9.947598300641403e-14
1.0,0.36328125,9.814371537686384e-14
1.0,0.3642578125,9.703349235223868e-14
1.0,0.365234375,9.592326932761353e-14
1.0,0.3662109375,9.459100169806334e-14
1.0,0.3671875,9.348077867343818e-14
1.0,0.3681640625,9.214851104388799e-14
1.0,0.369140625,9.103828801926284e-14
1.0,0.3701171875,8.970602038971265e-14
1.0,0.37109375,8.881784197001252e-14
1.0,0.3720703125,8.748557434046234e-14
1.0,0.373046875,8.637535131583718e-14
1.0,0.3740234375,8.526512829121202e-14
1.0,0.375,8.415490526658687e-14
1.0,0.3759765625,8.304468224196171e-14
1.0,0.376953125,8.193445921733655e-14
1.0,0.3779296875,8.08242361927114e-14
1.0,0.37890625,7.971401316808624e-14
1.0,0.3798828125,7.882583474838611e-14
1.0,0.380859375,7.771561172376096e-14
1.0,0.3818359375,7.66053886991358e-14
1.0,0.3828125,7.549516567451064e-14
1.0,0.3837890625,7.460698725481052e-14
1.0,0.384765625,7.349676423018536e-14
1.0,0.3857421875,7.260858581048524e-14
1.0,0.38671875,7.149836278586008e-14
1.0,0.3876953125,7.038813976123492e-14
1.0,0.388671875,6.927791673660977e-14
1.0,0.3896484375,6.838973831690964e-14
1.0,0.390625,6.750155989720952e-14
1.0,0.3916015625,6.639133687258436e-14
1.0,0.392578125,6.550315845288424e-14
1.0,0.3935546875,6.439293542825908e-14
1.0,0.39453125,6.350475700855895e-14
1.0,0.3955078125,6.261657858885883e-14
1.0,0.396484375,6.150635556423367e-14
1.0,0.3974609375,6.061817714453355e-14
1.0,0.3984375,5.972999872483342e-14
1.0,0.3994140625,5.861977570020827e-14
1.0,0.400390625,5.795364188543317e-14
1.0,0.4013671875,5.706546346573305e-14
1.0,0.40234375,5.595524044110789e-14
1.0,0.4033203125,5.5289106626332796e-14
1.0,0.404296875,5.417888360170764e-14
1.0,0.4052734375,5.3290705182007514e-14
1.0,0.40625,5.262457136723242e-14
1.0,0.4072265625,5.1514348342607263e-14
1.0,0.408203125,5.084821452783217e-14
1.0,0.4091796875,4.973799150320701e-14
1.0,0.41015625,4.907185768843192e-14
1.0,0.4111328125,4.8183679268731794e-14
1.0,0.412109375,4.729550084903167e-14
1.0,0.4130859375,4.6407322429331543e-14
1.0,0.4140625,4.574118861455645e-14
1.0,0.4150390625,4.4853010194856324e-14
1.0,0.416015625,4.39648317751562e-14
1.0,0.4169921875,4.3076653355456074e-14
1.0,0.41796875,4.263256414560601e-14
1.0,0.4189453125,4.1744385725905886e-14
1.0,0.419921875,4.085620730620576e-14
1.0,0.4208984375,3.9968028886505635e-14
1.0,0.421875,3.907985046680551e-14
1.0,0.4228515625,3.8413716652030416e-14
1.0,0.423828125,3.774758283725532e-14
1.0,0.4248046875,3.68594044175552e-14
1.0,0.42578125,3.6193270602780103e-14
1.0,0.4267578125,3.530509218307998e-14
1.0,0.427734375,3.4638958368304884e-14
1.0,0.4287109375,3.375077994860476e-14
1.0,0.4296875,3.3084646133829665e-14
1.0,0.4306640625,3.241851231905457e-14
1.0,0.431640625,3.175237850427948e-14
1.0,0.4326171875,3.086420008457935e-14
1.0,0.43359375,3.019806626980426e-14
1.0,0.4345703125,2.9531932455029164e-14
1.0,0.435546875,2.864375403532904e-14
1.0,0.4365234375,2.7977620220553945e-14
1.0,0.4375,2.731148640577885e-14
1.0,0.4384765625,2.6645352591003757e-14
1.0,0.439453125,2.5757174171303632e-14
1.0,0.4404296875,2.5091040356528538e-14
1.0,0.44140625,2.4424906541753444e-14
1.0,0.4423828125,2.398081733190338e-14
1.0,0.443359375,2.3314683517128287e-14
1.0,0.4443359375,2.2426505097428162e-14
1.0,0.4453125,2.1760371282653068e-14
1.0,0.4462890625,2.1094237467877974e-14
1.0,0.447265625,2.042810365310288e-14
1.0,0.4482421875,1.9984014443252818e-14
1.0,0.44921875,1.9317880628477724e-14
1.0,0.4501953125,1.865174681370263e-14
1.0,0.451171875,1.7985612998927536e-14
1.0,0.4521484375,1.7319479184152442e-14
1.0,0.453125,1.6653345369377348e-14
1.0,0.4541015625,1.6209256159527285e-14
1.0,0.455078125,1.554312234475219e-14
1.0,0.4560546875,1.4876988529977098e-14
1.0,0.45703125,1.4210854715202004e-14
1.0,0.4580078125,1.3322676295501878e-14
1.0,0.458984375,1.2878587085651816e-14
1.0,0.4599609375,1.2434497875801753e-14
1.0,0.4609375,1.176836406102666e-14
1.0,0.4619140625,1.1102230246251565e-14
1.0,0.462890625,1.0436096431476471e-14
1.0,0.4638671875,9.769962616701378e-15
1.0,0.46484375,9.325873406851315e-15
1.0,0.4658203125,8.881784197001252e-15
1.0,0.466796875,8.215650382226158e-15
1.0,0.4677734375,7.549516567451064e-15
1.0,0.46875,7.105427357601002e-15
1.0,0.4697265625,6.439293542825908e-15
1.0,0.470703125,5.773159728050814e-15
1.0,0.4716796875,5.329070518200751e-15
1.0,0.47265625,4.884981308350689e-15
1.0,0.4736328125,4.218847493575595e-15
1.0,0.474609375,3.552713678800501e-15
1.0,0.4755859375,3.1086244689504383e-15
1.0,0.4765625,2.6645352591003757e-15
1.0,0.4775390625,1.9984014443252818e-15
1.0,0.478515625,1.5543122344752192e-15
1.0,0.4794921875,1.1102230246251565e-15
1.0,0.48046875,4.440892098500626e-16
1.0,0.4814453125,-1.1102230246251565e-16
1.0,0.482421875,-7.771561172376096e-16
1.0,0.4833984375,-1.1102230246251565e-15
1.0,0.484375,-1.6653345369377348e-15
1.0,0.4853515625,-2.220446049250313e-15
1.0,0.486328125,-2.7755575615628914e-15
1.0,0.4873046875,-3.219646771412954e-15
1.0,0.48828125,-3.774758283725532e-15
1.0,0.4892578125,-4.107825191113079e-15
1.0,0.490234375,-4.6629367034256575e-15
1.0,0.4912109375,-5.218048215738236e-15
1.0,0.4921875,-5.662137425588298e-15
1.0,0.4931640625,-6.217248937900877e-15
1.0,0.494140625,-6.772360450213455e-15
1.0,0.4951171875,-7.216449660063518e-15
1.0,0.49609375,-7.771561172376096e-15
1.0,0.4970703125,-8.104628079763643e-15
1.0,0.498046875,-8.659739592076221e-15
1.0,0.4990234375,-9.103828801926284e-15
1.0,0.5,-9.658940314238862e-15
1.0,0.5009765625,-9.880984919163893e-15
1.0,0.501953125,-1.0547118733938987e-14
1.0,0.5029296875,-1.0880185641326534e-14
1.0,0.50390625,-1.1546319456101628e-14
1.0,0.5048828125,-1.1879386363489175e-14
1.0,0.505859375,-1.2434497875801753e-14
1.0,0.5068359375,-1.2989609388114332e-14
1.0,0.5078125,-1.3322676295501878e-14
1.0,0.5087890625,-1.3877787807814457e-14
1.0,0.509765625,-1.3988810110276972e-14
1.0,0.5107421875,-1.454392162258955e-14
1.0,0.51171875,-1.509903313490213e-14
1.0,0.5126953125,-1.5432100042289676e-14
1.0,0.513671875,-1.5987211554602254e-14
1.0,0.5146484375,-1.63202784619898e-14
1.0,0.515625,-1.6764367671839864e-14
1.0,0.5166015625,-1.7319479184152442e-14
1.0,0.517578125,-1.7763568394002505e-14
1.0,0.5185546875,-1.8096635301390052e-14
1.0,0.51953125,-1.865174681370263e-14
1.0,0.5205078125,-1.9095836023552692e-14
1.0,0.521484375,-1.942890293094024e-14
1.0,0.5224609375,-1.965094753586527e-14
1.0,0.5234375,-2.0095036745715333e-14
1.0,0.5244140625,-2.0539125955565396e-14
1.0,0.525390625,-2.1094237467877974e-14
1.0,0.5263671875,-2.1538326677728037e-14
1.0,0.52734375,-2.1760371282653068e-14
1.0,0.5283203125,-2.220446049250313e-14
1.0,0.529296875,-2.2648549702353193e-14
1.0,0.5302734375,-2.3092638912203256e-14
1.0,0.53125,-2.353672812205332e-14
1.0,0.5322265625,-2.398081733190338e-14
1.0,0.533203125,-2.4202861936828413e-14
1.0,0.5341796875,-2.453592884421596e-14
1.0,0.53515625,-2.4980018054066022e-14
1.0,0.5361328125,-2.5424107263916085e-14
1.0,0.537109375,-2.5757174171303632e-14
1.0,0.5380859375,-2.6201263381153694e-14
1.0,0.5390625,-2.653433028854124e-14
1.0,0.5400390625,-2.6978419498391304e-14
1.0,0.541015625,-2.731148640577885e-14
1.0,0.5419921875,-2.7755575615628914e-14
1.0,0.54296875,-2.808864252301646e-14
1.0,0.5439453125,-2.8310687127941492e-14
1.0,0.544921875,-2.864375403532904e-14
1.0,0.5458984375,-2.8976820942716586e-14
1.0,0.546875,-2.930988785010413e-14
1.0,0.5478515625,-2.9753977059954195e-14
1.0,0.548828125,-3.019806626980426e-14
1.0,0.5498046875,-3.0531133177191805e-14
1.0,0.55078125,-3.086420008457935e-14
1.0,0.5517578125,-3.11972669919669e-14
1.0,0.552734375,-3.1530333899354446e-14
1.0,0.5537109375,-3.2085445411667024e-14
1.0,0.5546875,-3.241851231905457e-14
1.0,0.5556640625,-3.2529534621517087e-14
1.0,0.556640625,-3.2862601528904634e-14
1.0,0.5576171875,-3.3306690738754696e-14
1.0,0.55859375,-3.3639757646142243e-14
1.0,0.5595703125,-3.3861802251067274e-14
1.0,0.560546875,-3.430589146091734e-14
1.0,0.5615234375,-3.4638958368304884e-14
1.0,0.5625,-3.497202527569243e-14
1.0,0.5634765625,-3.5416114485542494e-14
1.0,0.564453125,-3.5638159090467525e-14
1.0,0.5654296875,-3.608224830031759e-14
1.0,0.56640625,-3.630429290524262e-14
1.0,0.5673828125,-3.6637359812630166e-14
1.0,0.568359375,-3.68594044175552e-14
1.0,0.5693359375,-3.730349362740526e-14
1.0,0.5703125,-3.752553823233029e-14
1.0,0.5712890625,-3.7969627442180354e-14
1.0,0.572265625,-3.8191672047105385e-14
1.0,0.5732421875,-3.863576125695545e-14
1.0,0.57421875,-3.885780586188048e-14
1.0,0.5751953125,-3.9190872769268026e-14
1.0,0.576171875,-3.952393967665557e-14
1.0,0.5771484375,-3.985700658404312e-14
1.0,0.578125,-4.007905118896815e-14
1.0,0.5791015625,-4.030109579389318e-14
1.0,0.580078125,-4.063416270128073e-14
1.0,0.5810546875,-4.107825191113079e-14
1.0,0.58203125,-4.1300296516055823e-14
1.0,0.5830078125,-4.163336342344337e-14
1.0,0.583984375,-4.196643033083092e-14
1.0,0.5849609375,-4.218847493575595e-14
1.0,0.5859375,-4.2521541843143495e-14
1.0,0.5869140625,-4.285460875053104e-14
1.0,0.587890625,-4.318767565791859e-14
1.0,0.5888671875,-4.340972026284362e-14
1.0,0.58984375,-4.3520742565306136e-14
1.0,0.5908203125,-4.3853809472693683e-14
1.0,0.591796875,-4.418687638008123e-14
1.0,0.5927734375,-4.451994328746878e-14
1.0,0.59375,-4.4853010194856324e-14
1.0,0.5947265625,-4.5075054799781356e-14
1.0,0.595703125,-4.529709940470639e-14
1.0,0.5966796875,-4.5630166312093934e-14
1.0,0.59765625,-4.5852210917018965e-14
1.0,0.5986328125,-4.618527782440651e-14
1.0,0.599609375,-4.651834473179406e-14
1.0,0.6005859375,-4.6629367034256575e-14
1.0,0.6015625,-4.696243394164412e-14
1.0,0.6025390625,-4.718447854656915e-14
1.0,0.603515625,-4.75175454539567e-14
1.0,0.6044921875,-4.773959005888173e-14
1.0,0.60546875,-4.807265696626928e-14
1.0,0.6064453125,-4.8405723873656825e-14
1.0,0.607421875,-4.8627768478581856e-14
1.0,0.6083984375,-4.8960835385969403e-14
1.0,0.609375,-4.9182879990894435e-14
1.0,0.6103515625,-4.9404924595819466e-14
1.0,0.611328125,-4.973799150320701e-14
1.0,0.6123046875,-4.984901380566953e-14
1.0,0.61328125,-5.0182080713057076e-14
1.0,0.6142578125,-5.040412531798211e-14
1.0,0.615234375,-5.062616992290714e-14
1.0,0.6162109375,-5.084821452783217e-14
1.0,0.6171875,-5.129230373768223e-14
1.0,0.6181640625,-5.1514348342607263e-14
1.0,0.619140625,-5.1736392947532295e-14
1.0,0.6201171875,-5.1958437552457326e-14
1.0,0.62109375,-5.229150445984487e-14
1.0,0.6220703125,-5.2513549064769904e-14
1.0,0.623046875,-5.262457136723242e-14
1.0,0.6240234375,-5.284661597215745e-14
1.0,0.625,-5.306866057708248e-14
1.0,0.6259765625,-5.340172748447003e-14
1.0,0.626953125,-5.362377208939506e-14
1.0,0.6279296875,-5.395683899678261e-14
1.0,0.62890625,-5.4067861299245124e-14
1.0,0.6298828125,-5.440092820663267e-14
1.0,0.630859375,-5.46229728115577e-14
1.0,0.6318359375,-5.484501741648273e-14
1.0,0.6328125,-5.495603971894525e-14
1.0,0.6337890625,-5.540012892879531e-14
1.0,0.634765625,-5.551115123125783e-14
1.0,0.6357421875,-5.573319583618286e-14
1.0,0.63671875,-5.595524044110789e-14
1.0,0.6376953125,-5.6288307348495437e-14
1.0,0.638671875,-5.651035195342047e-14
1.0,0.6396484375,-5.6621374255882984e-14
1.0,0.640625,-5.695444116327053e-14
1.0,0.6416015625,-5.695444116327053e-14
1.0,0.642578125,-5.728750807065808e-14
1.0,0.6435546875,-5.750955267558311e-14
1.0,0.64453125,-5.784261958297066e-14
1.0,0.6455078125,-5.795364188543317e-14
1.0,0.646484375,-5.839773109528323e-14
1.0,0.6474609375,-5.850875339774575e-14
1.0,0.6484375,-5.88418203051333e-14
1.0,0.6494140625,-5.873079800267078e-14
1.0,0.650390625,-5.906386491005833e-14
1.0,0.6513671875,-5.928590951498336e-14
1.0,0.65234375,-5.939693181744587e-14
1.0,0.6533203125,-5.972999872483342e-14
1.0,0.654296875,-5.984102102729594e-14
1.0,0.6552734375,-6.017408793468348e-14
1.0,0.65625,-6.0285110237146e-14
1.0,0.6572265625,-6.061817714453355e-14
1.0,0.658203125,-6.072919944699606e-14
1.0,0.6591796875,-6.106226635438361e-14
1.0,0.66015625,-6.117328865684613e-14
1.0,0.6611328125,-6.150635556423367e-14
1.0,0.662109375,-6.161737786669619e-14
1.0,0.6630859375,-6.17284001691587e-14
1.0,0.6640625,-6.195044477408373e-14
1.0,0.6650390625,-6.206146707654625e-14
1.0,0.666015625,-6.23945339839338e-14
1.0,0.6669921875,-6.250555628639631e-14
1.0,0.66796875,-6.294964549624638e-14
1.0,0.6689453125,-6.306066779870889e-14
1.0,0.669921875,-6.328271240363392e-14
1.0,0.6708984375,-6.339373470609644e-14
1.0,0.671875,-6.372680161348399e-14
1.0,0.6728515625,-6.372680161348399e-14
1.0,0.673828125,-6.38378239159465e-14
1.0,0.6748046875,-6.417089082333405e-14
1.0,0.67578125,-6.439293542825908e-14
1.0,0.6767578125,-6.461498003318411e-14
1.0,0.677734375,-6.472600233564663e-14
1.0,0.6787109375,-6.494804694057166e-14
1.0,0.6796875,-6.505906924303417e-14
1.0,0.6806640625,-6.52811138479592e-14
1.0,0.681640625,-6.550315845288424e-14
1.0,0.6826171875,-6.583622536027178e-14
1.0,0.68359375,-6.583622536027178e-14
1.0,0.6845703125,-6.59472476627343e-14
1.0,0.685546875,-6.628031457012185e-14
1.0,0.6865234375,-6.639133687258436e-14
1.0,0.6875,-6.661338147750939e-14
1.0,0.6884765625,-6.672440377997191e-14
1.0,0.689453125,-6.705747068735946e-14
1.0,0.6904296875,-6.716849298982197e-14
1.0,0.69140625,-6.7390537594747e-14
1.0,0.6923828125,-6.761258219967203e-14
1.0,0.693359375,-6.783462680459706e-14
1.0,0.6943359375,-6.783462680459706e-14
1.0,0.6953125,-6.80566714095221e-14
1.0,0.6962890625,-6.827871601444713e-14
1.0,0.697265625,-6.827871601444713e-14
1.0,0.6982421875,-6.861178292183467e-14
1.0,0.69921875,-6.872280522429719e-14
1.0,0.7001953125,-6.905587213168474e-14
1.0,0.701171875,-6.905587213168474e-14
1.0,0.7021484375,-6.927791673660977e-14
1.0,0.703125,-6.94999613415348e-14
1.0,0.7041015625,-6.961098364399732e-14
1.0,0.705078125,-6.983302824892235e-14
1.0,0.7060546875,-6.983302824892235e-14
1.0,0.70703125,-7.016609515630989e-14
1.0,0.7080078125,-7.027711745877241e-14
1.0,0.708984375,-7.038813976123492e-14
1.0,0.7099609375,-7.061018436615996e-14
1.0,0.7109375,-7.072120666862247e-14
1.0,0.7119140625,-7.09432512735475e-14
1.0,0.712890625,-7.105427357601002e-14
1.0,0.7138671875,-7.127631818093505e-14
1.0,0.71484375,-7.16093850883226e-14
1.0,0.7158203125,-7.16093850883226e-14
1.0,0.716796875,-7.194245199571014e-14
1.0,0.7177734375,-7.194245199571014e-14
1.0,0.71875,-7.205347429817266e-14
1.0,0.7197265625,-7.216449660063518e-14
1.0,0.720703125,-7.238654120556021e-14
1.0,0.7216796875,-7.260858581048524e-14
1.0,0.72265625,-7.260858581048524e-14
1.0,0.7236328125,-7.294165271787278e-14
1.0,0.724609375,-7.294165271787278e-14
1.0,0.7255859375,-7.327471962526033e-14
1.0,0.7265625,-7.338574192772285e-14
1.0,0.7275390625,-7.349676423018536e-14
1.0,0.728515625,-7.360778653264788e-14
1.0,0.7294921875,-7.382983113757291e-14
1.0,0.73046875,-7.394085344003543e-14
1.0,0.7314453125,-7.405187574249794e-14
1.0,0.732421875,-7.427392034742297e-14
1.0,0.7333984375,-7.4495964952348e-14
1.0,0.734375,-7.460698725481052e-14
1.0,0.7353515625,-7.471800955727304e-14
1.0,0.736328125,-7.494005416219807e-14
1.0,0.7373046875,-7.505107646466058e-14
1.0,0.73828125,-7.51620987671231e-14
1.0,0.7392578125,-7.527312106958561e-14
1.0,0.740234375,-7.538414337204813e-14
1.0,0.7412109375,-7.560618797697316e-14
1.0,0.7421875,-7.560618797697316e-14
1.0,0.7431640625,-7.582823258189819e-14
1.0,0.744140625,-7.593925488436071e-14
1.0,0.7451171875,-7.627232179174825e-14
1.0,0.74609375,-7.627232179174825e-14
1.0,0.7470703125,-7.66053886991358e-14
1.0,0.748046875,-7.66053886991358e-14
1.0,0.7490234375,-7.671641100159832e-14
1.0,0.75,-7.682743330406083e-14
1.0,0.7509765625,-7.693845560652335e-14
1.0,0.751953125,-7.716050021144838e-14
1.0,0.7529296875,-7.72715225139109e-14
1.0,0.75390625,-7.749356711883593e-14
1.0,0.7548828125,-7.760458942129844e-14
1.0,0.755859375,-7.771561172376096e-14
1.0,0.7568359375,-7.782663402622347e-14
1.0,0.7578125,-7.80486786311485e-14
1.0,0.7587890625,-7.815970093361102e-14
1.0,0.759765625,-7.838174553853605e-14
1.0,0.7607421875,-7.838174553853605e-14
1.0,0.76171875,-7.849276784099857e-14
1.0,0.7626953125,-7.87148124459236e-14
1.0,0.763671875,-7.882583474838611e-14
1.0,0.7646484375,-7.893685705084863e-14
1.0,0.765625,-7.904787935331115e-14
1.0,0.7666015625,-7.926992395823618e-14
1.0,0.767578125,-7.926992395823618e-14
1.0,0.7685546875,-7.949196856316121e-14
1.0,0.76953125,-7.949196856316121e-14
1.0,0.7705078125,-7.971401316808624e-14
1.0,0.771484375,-7.982503547054876e-14
1.0,0.7724609375,-7.993605777301127e-14
1.0,0.7734375,-8.01581023779363e-14
1.0,0.7744140625,-8.01581023779363e-14
1.0,0.775390625,-8.038014698286133e-14
1.0,0.7763671875,-8.038014698286133e-14
1.0,0.77734375,-8.060219158778636e-14
1.0,0.7783203125,-8.071321389024888e-14
1.0,0.779296875,-8.093525849517391e-14
1.0,0.7802734375,-8.093525849517391e-14
1.0,0.78125,-8.115730310009894e-14
1.0,0.7822265625,-8.115730310009894e-14
1.0,0.783203125,-8.149037000748649e-14
1.0,0.7841796875,-8.149037000748649e-14
1.0,0.78515625,-8.149037000748649e-14
1.0,0.7861328125,-8.182343691487404e-14
1.0,0.787109375,-8.182343691487404e-14
1.0,0.7880859375,-8.204548151979907e-14
1.0,0.7890625,-8.204548151979907e-14
1.0,0.7900390625,-8.22675261247241e-14
1.0,0.791015625,-8.22675261247241e-14
1.0,0.7919921875,-8.248957072964913e-14
1.0,0.79296875,-8.260059303211165e-14
1.0,0.7939453125,-8.271161533457416e-14
1.0,0.794921875,-8.293365993949919e-14
1.0,0.7958984375,-8.304468224196171e-14
1.0,0.796875,-8.293365993949919e-14
1.0,0.7978515625,-8.304468224196171e-14
1.0,0.798828125,-8.337774914934926e-14
1.0,0.7998046875,-8.359979375427429e-14
1.0,0.80078125,-8.348877145181177e-14
1.0,0.8017578125,-8.359979375427429e-14
1.0,0.802734375,-8.37108160567368e-14
1.0,0.8037109375,-8.404388296412435e-14
1.0,0.8046875,-8.393286066166183e-14
1.0,0.8056640625,-8.404388296412435e-14
1.0,0.806640625,-8.415490526658687e-14
1.0,0.8076171875,-8.426592756904938e-14
1.0,0.80859375,-8.43769498715119e-14
1.0,0.8095703125,-8.448797217397441e-14
1.0,0.810546875,-8.459899447643693e-14
1.0,0.8115234375,-8.471001677889944e-14
1.0,0.8125,-8.482103908136196e-14
1.0,0.8134765625,-8.493206138382448e-14
1.0,0.814453125,-8.526512829121202e-14
1.0,0.8154296875,-8.515410598874951e-14
1.0,0.81640625,-8.526512829121202e-14
1.0,0.8173828125,-8.537615059367454e-14
1.0,0.818359375,-8.548717289613705e-14
1.0,0.8193359375,-8.559819519859957e-14
1.0,0.8203125,-8.570921750106208e-14
1.0,0.8212890625,-8.593126210598712e-14
1.0,0.822265625,-8.58202398035246e-14
1.0,0.8232421875,-8.593126210598712e-14
1.0,0.82421875,-8.626432901337466e-14
1.0,0.8251953125,-8.637535131583718e-14
1.0,0.826171875,-8.637535131583718e-14
1.0,0.8271484375,-8.64863736182997e-14
1.0,0.828125,-8.659739592076221e-14
1.0,0.8291015625,-8.670841822322473e-14
1.0,0.830078125,-8.681944052568724e-14
1.0,0.8310546875,-8.681944052568724e-14
1.0,0.83203125,-8.715250743307479e-14
1.0,0.8330078125,-8.704148513061227e-14
1.0,0.833984375,-8.72635297355373e-14
1.0,0.8349609375,-8.737455203799982e-14
1.0,0.8359375,-8.737455203799982e-14
1.0,0.8369140625,-8.748557434046234e-14
1.0,0.837890625,-8.759659664292485e-14
1.0,0.8388671875,-8.781864124784988e-14
1.0,0.83984375,-8.770761894538737e-14
1.0,0.8408203125,-8.79296635503124e-14
1.0,0.841796875,-8.804068585277491e-14
1.0,0.8427734375,-8.826273045769994e-14
1.0,0.84375,-8.815170815523743e-14
1.0,0.8447265625,-8.826273045769994e-14
1.0,0.845703125,-8.848477506262498e-14
1.0,0.8466796875,-8.848477506262498e-14
1.0,0.84765625,-8.859579736508749e-14
1.0,0.8486328125,-8.859579736508749e-14
1.0,0.849609375,-8.892886427247504e-14
1.0,0.8505859375,-8.870681966755001e-14
1.0,0.8515625,-8.903988657493755e-14
1.0,0.8525390625,-8.903988657493755e-14
1.0,0.853515625,-8.926193117986259e-14
1.0,0.8544921875,-8.915090887740007e-14
1.0,0.85546875,-8.93729534823251e-14
1.0,0.8564453125,-8.959499808725013e-14
1.0,0.857421875,-8.959499808725013e-14
1.0,0.8583984375,-8.970602038971265e-14
1.0,0.859375,-8.970602038971265e-14
1.0,0.8603515625,-8.992806499463768e-14
1.0,0.861328125,-8.981704269217516e-14
1.0,0.8623046875,-9.00390872971002e-14
1.0,0.86328125,-9.00390872971002e-14
1.0,0.8642578125,-9.026113190202523e-14
1.0,0.865234375,-9.037215420448774e-14
1.0,0.8662109375,-9.037215420448774e-14
1.0,0.8671875,-9.059419880941277e-14
1.0,0.8681640625,-9.059419880941277e-14
1.0,0.869140625,-9.059419880941277e-14
1.0,0.8701171875,-9.08162434143378e-14
1.0,0.87109375,-9.08162434143378e-14
1.0,0.8720703125,-9.092726571680032e-14
1.0,0.873046875,-9.114931032172535e-14
1.0,0.8740234375,-9.114931032172535e-14
1.0,0.875,-9.126033262418787e-14
1.0,0.8759765625,-9.137135492665038e-14
1.0,0.876953125,-9.137135492665038e-14
1.0,0.8779296875,-9.159339953157541e-14
1.0,0.87890625,-9.170442183403793e-14
1.0,0.8798828125,-9.159339953157541e-14
1.0,0.880859375,-9.181544413650045e-14
1.0,0.8818359375,-9.192646643896296e-14
1.0,0.8828125,-9.192646643896296e-14
1.0,0.8837890625,-9.203748874142548e-14
1.0,0.884765625,-9.214851104388799e-14
1.0,0.8857421875,-9.214851104388799e-14
1.0,0.88671875,-9.214851104388799e-14
1.0,0.8876953125,-9.237055564881302e-14
1.0,0.888671875,-9.259260025373806e-14
1.0,0.8896484375,-9.259260025373806e-14
1.0,0.890625,-9.259260025373806e-14
1.0,0.8916015625,-9.270362255620057e-14
1.0,0.892578125,-9.29256671611256e-14
1.0,0.8935546875,-9.29256671611256e-14
1.0,0.89453125,-9.29256671611256e-14
1.0,0.8955078125,-9.303668946358812e-14
1.0,0.896484375,-9.325873406851315e-14
1.0,0.8974609375,-9.303668946358812e-14
1.0,0.8984375,-9.325873406851315e-14
1.0,0.8994140625,-9.336975637097567e-14
1.0,0.900390625,-9.35918009759007e-14
1.0,0.9013671875,-9.35918009759007e-14
1.0,0.90234375,-9.35918009759007e-14
1.0,0.9033203125,-9.370282327836321e-14
1.0,0.904296875,-9.381384558082573e-14
1.0,0.9052734375,-9.381384558082573e-14
1.0,0.90625,-9.392486788328824e-14
1.0,0.9072265625,-9.414691248821327e-14
1.0,0.908203125,-9.392486788328824e-14
1.0,0.9091796875,-9.414691248821327e-14
1.0,0.91015625,-9.425793479067579e-14
1.0,0.9111328125,-9.43689570931383e-14
1.0,0.912109375,-9.43689570931383e-14
1.0,0.9130859375,-9.447997939560082e-14
1.0,0.9140625,-9.459100169806334e-14
1.0,0.9150390625,-9.481304630298837e-14
1.0,0.916015625,-9.470202400052585e-14
1.0,0.9169921875,-9.470202400052585e-14
1.0,0.91796875,-9.492406860545088e-14
1.0,0.9189453125,-9.481304630298837e-14
1.0,0.919921875,-9.50350909079134e-14
1.0,0.9208984375,-9.514611321037592e-14
1.0,0.921875,-9.525713551283843e-14
1.0,0.9228515625,-9.525713551283843e-14
1.0,0.923828125,-9.536815781530095e-14
1.0,0.9248046875,-9.547918011776346e-14
1.0,0.92578125,-9.559020242022598e-14
1.0,0.9267578125,-9.559020242022598e-14
1.0,0.927734375,-9.57012247226885e-14
1.0,0.9287109375,-9.581224702515101e-14
1.0,0.9296875,-9.57012247226885e-14
1.0,0.9306640625,-9.581224702515101e-14
1.0,0.931640625,-9.592326932761353e-14
1.0,0.9326171875,-9.603429163007604e-14
1.0,0.93359375,-9.603429163007604e-14
1.0,0.9345703125,-9.614531393253856e-14
1.0,0.935546875,-9.625633623500107e-14
1.0,0.9365234375,-9.636735853746359e-14
1.0,0.9375,-9.636735853746359e-14
1.0,0.9384765625,-9.64783808399261e-14
1.0,0.939453125,-9.658940314238862e-14
1.0,0.9404296875,-9.64783808399261e-14
1.0,0.94140625,-9.658940314238862e-14
1.0,0.9423828125,-9.670042544485113e-14
1.0,0.943359375,-9.681144774731365e-14
1.0,0.9443359375,-9.681144774731365e-14
1.0,0.9453125,-9.681144774731365e-14
1.0,0.9462890625,-9.703349235223868e-14
1.0,0.947265625,-9.71445146547012e-14
1.0,0.9482421875,-9.71445146547012e-14
1.0,0.94921875,-9.725553695716371e-14
1.0,0.9501953125,-9.736655925962623e-14
1.0,0.951171875,-9.725553695716371e-14
1.0,0.9521484375,-9.736655925962623e-14
1.0,0.953125,-9.747758156208874e-14
1.0,0.9541015625,-9.769962616701378e-14
1.0,0.955078125,-9.758860386455126e-14
1.0,0.9560546875,-9.769962616701378e-14
1.0,0.95703125,-9.781064846947629e-14
1.0,0.9580078125,-9.781064846947629e-14
1.0,0.958984375,-9.781064846947629e-14
1.0,0.9599609375,-9.803269307440132e-14
1.0,0.9609375,-9.814371537686384e-14
1.0,0.9619140625,-9.814371537686384e-14
1.0,0.962890625,-9.814371537686384e-14
1.0,0.9638671875,-9.814371537686384e-14
1.0,0.96484375,-9.836575998178887e-14
1.0,0.9658203125,-9.836575998178887e-14
1.0,0.966796875,-9.836575998178887e-14
1.0,0.9677734375,-9.847678228425139e-14
1.0,0.96875,-9.869882688917642e-14
1.0,0.9697265625,-9.85878045867139e-14
1.0,0.970703125,-9.869882688917642e-14
1.0,0.9716796875,-9.869882688917642e-14
1.0,0.97265625,-9.892087149410145e-14
1.0,0.9736328125,-9.892087149410145e-14
1.0,0.974609375,-9.892087149410145e-14
1.0,0.9755859375,-9.914291609902648e-14
1.0,0.9765625,-9.903189379656396e-14
1.0,0.9775390625,-9.914291609902648e-14
1.0,0.978515625,-9.914291609902648e-14
1.0,0.9794921875,-9.936496070395151e-14
1.0,0.98046875,-9.9253938401489e-14
1.0,0.9814453125,-9.936496070395151e-14
1.0,0.982421875,-9.947598300641403e-14
1.0,0.9833984375,-9.958700530887654e-14
1.0,0.984375,-9.947598300641403e-14
1.0,0.9853515625,-9.969802761133906e-14
1.0,0.986328125,-9.969802761133906e-14
1.0,0.9873046875,-9.980904991380157e-14
1.0,0.98828125,-9.980904991380157e-14
1.0,0.9892578125,-9.992007221626409e-14
1.0,0.990234375,-1.000310945187266e-13
1.0,0.9912109375,-1.000310945187266e-13
1.0,0.9921875,-1.0014211682118912e-13
1.0,0.9931640625,-1.0014211682118912e-13
1.0,0.994140625,-1.0025313912365164e-13
1.0,0.9951171875,-1.0025313912365164e-13
1.0,0.99609375,-1.0036416142611415e-13
1.0,0.9970703125,-1.0047518372857667e-13
1.0,0.998046875,-1.0036416142611415e-13
1.0,0.9990234375,-1.0058620603103918e-13
1.0,1.0,-1.0058620603103918e-13
2.0,0.0009765625,0.0
2.0,0.001953125,0.0
2.0,0.0029296875,0.0
2.0,0.00390625,0.0
2.0,0.0048828125,0.0
2.0,0.005859375,0.0
2.0,0.0068359375,0.0
2.0,0.0078125,0.0
2.0,0.0087890625,0.0
2.0,0.009765625,0.0
2.0,0.0107421875,0.0
2.0,0.01171875,0.0
2.0,0.0126953125,0.0
2.0,0.013671875,0.0
2.0,0.0146484375,0.0
2.0,0.015625,0.0
2.0,0.0166015625,0.0
2.0,0.017578125,0.0
2.0,0.0185546875,0.0
2.0,0.01953125,0.0
2.0,0.0205078125,0.0
2.0,0.021484375,0.0
2.0,0.0224609375,0.0
2.0,0.0234375,0.0
2.0,0.0244140625,0.0
2.0,0.025390625,0.0
2.0,0.0263671875,0.0
2.0,0.02734375,0.0
2.0,0.0283203125,0.0
2.0,0.029296875,0.0
2.0,0.0302734375,0.0
2.0,0.03125,0.0
2.0,0.0322265625,0.0
2.0,0.033203125,0.0
2.0,0.0341796875,0.0
2.0,0.03515625,0.0
2.0,0.0361328125,0.0
2.0,0.037109375,0.0
2.0,0.0380859375,0.0
2.0,0.0390625,0.0
2.0,0.0400390625,0.0
2.0,0.041015625,0.0
2.0,0.0419921875,0.0
2.0,0.04296875,0.0
2.0,0.0439453125,0.0
2.0,0.044921875,0.0
2.0,0.0458984375,0.0
2.0,0.046875,0.0
2.0,0.0478515625,0.0
2.0,0.048828125,0.0
2.0,0.0498046875,0.0
2.0,0.05078125,0.0
2.0,0.0517578125,0.0
2.0,0.052734375,0.0
2.0,0.0537109375,0.0
2.0,0.0546875,0.0
2.0,0.0556640625,0.0
2.0,0.056640625,0.0
2.0,0.0576171875,0.0
2.0,0.05859375,0.0
2.0,0.0595703125,0.0
2.0,0.060546875,0.0
2.0,0.0615234375,0.0
2.0,0.0625,0.0
2.0,0.0634765625,0.0
2.0,0.064453125,0.0
2.0,0.0654296875,0.0
2.0,0.06640625,0.0
2.0,0.0673828125,0.0
2.0,0.068359375,0.0
2.0,0.0693359375,0.0
2.0,0.0703125,0.0
2.0,0.0712890625,0.0
2.0,0.072265625,0.0
2.0,0.0732421875,0.0
2.0,0.07421875,0.0
2.0,0.0751953125,0.0
2.0,0.076171875,0.0
2.0,0.0771484375,0.0
2.0,0.078125,0.0
2.0,0.0791015625,0.0
2.0,0.080078125,0.0
2.0,0.0810546875,0.0
2.0,0.08203125,0.0
2.0,0.0830078125,0.0
2.0,0.083984375,0.0
2.0,0.0849609375,0.0
2.0,0.0859375,0.0
2.0,0.0869140625,0.0
2.0,0.087890625,0.0
2.0,0.0888671875,0.0
2.0,0.08984375,0.0
2.0,0.0908203125,0.0
2.0,0.091796875,0.0
2.0,0.0927734375,0.0
2.0,0.09375,0.0
2.0,0.0947265625,0.0
2.0,0.095703125,0.0
2.0,0.0966796875,0.0
2.0,0.09765625,0.0
2.0,0.0986328125,0.0
2.0,0.099609375,0.0
2.0,0.1005859375,0.0
2.0,0.1015625,0.0
2.0,0.1025390625,0.0
2.0,0.103515625,0.0
2.0,0.1044921875,0.0
2.0,0.10546875,0.0
2.0,0.1064453125,0.0
2.0,0.107421875,0.0
2.0,0.1083984375,0.0
2.0,0.109375,0.0
2.0,0.1103515625,0.0
2.0,0.111328125,0.0
2.0,0.1123046875,0.0
2.0,0.11328125,0.0
2.0,0.1142578125,0.0
2.0,0.115234375,0.0
2.0,0.1162109375,0.0
2.0,0.1171875,0.0
2.0,0.1181640625,0.0
2.0,0.119140625,0.0
2.0,0.1201171875,0.0
2.0,0.12109375,0.0
2.0,0.1220703125,0.0
2.0,0.123046875,0.0
2.0,0.1240234375,0.0
2.0,0.125,0.0
2.0,0.1259765625,0.0
2.0,0.126953125,0.0
2.0,0.1279296875,0.0
2.0,0.12890625,0.0
2.0,0.1298828125,0.0
2.0,0.130859375,0.0
2.0,0.1318359375,0.0
2.0,0.1328125,0.0
2.0,0.1337890625,0.0
2.0,0.134765625,0.0
2.0,0.1357421875,0.0
2.0,0.13671875,0.0
2.0,0.1376953125,0.0
2.0,0.138671875,0.0
2.0,0.1396484375,0.0
2.0,0.140625,0.0
2.0,0.1416015625,0.0
2.0,0.142578125,0.0
2.0,0.1435546875,0.0
2.0,0.14453125,0.0
2.0,0.1455078125,0.0
2.0,0.146484375,0.0
2.0,0.1474609375,0.0
2.0,0.1484375,0.0
2.0,0.1494140625,0.0
2.0,0.150390625,0.0
2.0,0.1513671875,0.0
2.0,0.15234375,0.0
2.0,0.1533203125,0.0
2.0,0.154296875,0.0
2.0,0.1552734375,0.0
2.0,0.15625,0.0
2.0,0.1572265625,0.0
2.0,0.158203125,0.0
2.0,0.1591796875,0.0
2.0,0.16015625,0.0
2.0,0.1611328125,0.0
2.0,0.162109375,0.0
2.0,0.1630859375,0.0
2.0,0.1640625,0.0
2.0,0.1650390625,0.0
2.0,0.166015625,0.0
2.0,0.1669921875,0.0
2.0,0.16796875,0.0
2.0,0.1689453125,0.0
2.0,0.169921875,0.0
2.0,0.1708984375,0.0
2.0,0.171875,0.0
2.0,0.1728515625,0.0
2.0,0.173828125,0.0
2.0,0.1748046875,0.0
2.0,0.17578125,0.0
2.0,0.1767578125,0.0
2.0,0.177734375,0.0
2.0,0.1787109375,0.0
2.0,0.1796875,0.0
2.0,0.1806640625,0.0
2.0,0.181640625,0.0
2.0,0.1826171875,0.0
2.0,0.18359375,0.0
2.0,0.1845703125,0.0
2.0,0.185546875,0.0
2.0,0.1865234375,0.0
2.0,0.1875,0.0
2.0,0.1884765625,0.0
2.0,0.189453125,0.0
2.0,0.1904296875,0.0
2.0,0.19140625,0.0
2.0,0.1923828125,0.0
2.0,0.193359375,0.0
2.0,0.1943359375,0.0
2.0,0.1953125,0.0
2.0,0.1962890625,0.0
2.0,0.197265625,0.0
2.0,0.1982421875,0.0
2.0,0.19921875,0.0
2.0,0.2001953125,0.0
2.0,0.201171875,0.0
2.0,0.2021484375,0.0
2.0,0.203125,0.0
2.0,0.2041015625,0.0
2.0,0.205078125,0.0
2.0,0.2060546875,0.0
2.0,0.20703125,0.0
2.0,0.2080078125,0.0
2.0,0.208984375,0.0
2.0,0.2099609375,0.0
2.0,0.2109375,0.0
2.0,0.2119140625,0.0
2.0,0.212890625,0.0
2.0,0.2138671875,0.0
2.0,0.21484375,0.0
2.0,0.2158203125,0.0
2.0,0.216796875,0.0
2.0,0.2177734375,0.0
2.0,0.21875,0.0
2.0,0.2197265625,0.0
2.0,0.220703125,0.0
2.0,0.2216796875,0.0
2.0,0.22265625,0.0
2.0,0.2236328125,0.0
2.0,0.224609375,0.0
2.0,0.2255859375,0.0
2.0,0.2265625,0.0
2.0,0.2275390625,0.0
2.0,0.228515625,0.0
2.0,0.2294921875,0.0
2.0,0.23046875,0.0
2.0,0.2314453125,0.0
2.0,0.232421875,0.0
2.0,0.2333984375,0.0
2.0,0.234375,0.0
2.0,0.2353515625,0.0
2.0,0.236328125,0.0
2.0,0.2373046875,0.0
2.0,0.23828125,0.0
2.0,0.2392578125,0.0
2.0,0.240234375,0.0
2.0,0.2412109375,0.0
2.0,0.2421875,0.0
2.0,0.2431640625,0.0
2.0,0.244140625,0.0
2.0,0.2451171875,0.0
2.0,0.24609375,0.0
2.0,0.2470703125,0.0
2.0,0.248046875,0.0
2.0,0.2490234375,0.0
2.0,0.25,0.0
2.0,0.2509765625,0.0
2.0,0.251953125,0.0
2.0,0.2529296875,0.0
2.0,0.25390625,0.0
2.0,0.2548828125,0.0
2.0,0.255859375,0.0
2.0,0.2568359375,0.0
2.0,0.2578125,0.0
2.0,0.2587890625,0.0
2.0,0.259765625,0.0
2.0,0.2607421875,0.0
2.0,0.26171875,0.0
2.0,0.2626953125,0.0
2.0,0.263671875,0.0
2.0,0.2646484375,0.0
2.0,0.265625,0.0
2.0,0.2666015625,0.0
2.0,0.267578125,0.0
2.0,0.2685546875,0.0
2.0,0.26953125,0.0
2.0,0.2705078125,0.0
2.0,0.271484375,0.0
2.0,0.2724609375,0.0
2.0,0.2734375,0.0
2.0,0.2744140625,0.0
2.0,0.275390625,0.0
2.0,0.2763671875,0.0
2.0,0.27734375,0.0
2.0,0.2783203125,0.0
2.0,0.279296875,0.0
2.0,0.2802734375,0.0
2.0,0.28125,0.0
2.0,0.2822265625,0.0
2.0,0.283203125,0.0
2.0,0.2841796875,0.0
2.0,0.28515625,0.0
2.0,0.2861328125,0.0
2.0,0.287109375,0.0
2.0,0.2880859375,0.0
2.0,0.2890625,0.0
2.0,0.2900390625,0.0
2.0,0.291015625,0.0
2.0,0.2919921875,0.0
2.0,0.29296875,0.0
2.0,0.2939453125,0.0
2.0,0.294921875,0.0
2.0,0.2958984375,0.0
2.0,0.296875,0.0
2.0,0.2978515625,0.0
2.0,0.298828125,0.0
2.0,0.2998046875,0.0
2.0,0.30078125,0.0
2.0,0.3017578125,0.0
2.0,0.302734375,0.0
2.0,0.3037109375,0.0
2.0,0.3046875,0.0
2.0,0.3056640625,0.0
2.0,0.306640625,0.0
2.0,0.3076171875,0.0
2.0,0.30859375,0.0
2.0,0.3095703125,0.0
2.0,0.310546875,0.0
2.0,0.3115234375,0.0
2.0,0.3125,0.0
2.0,0.3134765625,0.0
2.0,0.314453125,0.0
2.0,0.3154296875,0.0
2.0,0.31640625,0.0
2.0,0.3173828125,0.0
2.0,0.318359375,0.0
2.0,0.3193359375,0.0
2.0,0.3203125,0.0
2.0,0.3212890625,0.0
2.0,0.322265625,0.0
2.0,0.3232421875,0.0
2.0,0.32421875,0.0
2.0,0.3251953125,0.0
2.0,0.326171875,0.0
2.0,0.3271484375,0.0
2.0,0.328125,0.0
2.0,0.3291015625,0.0
2.0,0.330078125,0.0
2.0,0.3310546875,0.0
2.0,0.33203125,0.0
2.0,0.3330078125,0.0
2.0,0.333984375,0.0
2.0,0.3349609375,0.0
2.0,0.3359375,0.0
2.0,0.3369140625,0.0
2.0,0.337890625,0.0
2.0,0.3388671875,0.0
2.0,0.33984375,0.0
2.0,0.3408203125,0.0
2.0,0.341796875,0.0
2.0,0.3427734375,0.0
2.0,0.34375,0.0
2.0,0.3447265625,0.0
2.0,0.345703125,0.0
2.0,0.3466796875,0.0
2.0,0.34765625,0.0
2.0,0.3486328125,0.0
2.0,0.349609375,0.0
2.0,0.3505859375,0.0
2.0,0.3515625,0.0
2.0,0.3525390625,0.0
2.0,0.353515625,0.0
2.0,0.3544921875,0.0
2.0,0.35546875,0.0
2.0,0.3564453125,0.0
2.0,0.357421875,0.0
2.0,0.3583984375,0.0
2.0,0.359375,0.0
2.0,0.3603515625,0.0
2.0,0.361328125,0.0
2.0,0.3623046875,0.0
2.0,0.36328125,0.0
2.0,0.3642578125,0.0
2.0,0.365234375,0.0
2.0,0.3662109375,0.0
2.0,0.3671875,0.0
2.0,0.3681640625,0.0
2.0,0.369140625,0.0
2.0,0.3701171875,0.0
2.0,0.37109375,0.0
2.0,0.3720703125,0.0
2.0,0.373046875,0.0
2.0,0.3740234375,0.0
2.0,0.375,0.0
2.0,0.3759765625,0.0
2.0,0.376953125,0.0
2.0,0.3779296875,0.0
2.0,0.37890625,0.0
2.0,0.3798828125,0.0
2.0,0.380859375,0.0
2.0,0.3818359375,0.0
2.0,0.3828125,0.0
2.0,0.3837890625,0.0
2.0,0.384765625,0.0
2.0,0.3857421875,0.0
2.0,0.38671875,0.0
2.0,0.3876953125,0.0
2.0,0.388671875,0.0
2.0,0.3896484375,0.0
2.0,0.390625,0.0
2.0,0.3916015625,0.0
2.0,0.392578125,0.0
2.0,0.3935546875,0.0
2.0,0.39453125,0.0
2.0,0.3955078125,0.0
2.0,0.396484375,0.0
2.0,0.3974609375,0.0
2.0,0.3984375,0.0
2.0,0.3994140625,0.0
2.0,0.400390625,0.0
2.0,0.4013671875,0.0
2.0,0.40234375,0.0
2.0,0.4033203125,0.0
2.0,0.404296875,0.0
2.0,0.4052734375,0.0
2.0,0.40625,0.0
2.0,0.4072265625,0.0
2.0,0.408203125,0.0
2.0,0.4091796875,0.0
2.0,0.41015625,0.0
2.0,0.4111328125,0.0
2.0,0.412109375,0.0
2.0,0.4130859375,0.0
2.0,0.4140625,0.0
2.0,0.4150390625,0.0
2.0,0.416015625,0.0
2.0,0.4169921875,0.0
2.0,0.41796875,0.0
2.0,0.4189453125,0.0
2.0,0.419921875,0.0
2.0,0.4208984375,0.0
2.0,0.421875,0.0
2.0,0.4228515625,0.0
2.0,0.423828125,0.0
2.0,0.4248046875,0.0
2.0,0.42578125,0.0
2.0,0.4267578125,0.0
2.0,0.427734375,0.0
2.0,0.4287109375,0.0
2.0,0.4296875,0.0
2.0,0.4306640625,0.0
2.0,0.431640625,0.0
2.0,0.4326171875,0.0
2.0,0.43359375,0.0
2.0,0.4345703125,0.0
2.0,0.435546875,0.0
2.0,0.4365234375,0.0
2.0,0.4375,0.0
2.0,0.4384765625,0.0
2.0,0.439453125,0.0
2.0,0.4404296875,0.0
2.0,0.44140625,0.0
2.0,0.4423828125,0.0
2.0,0.443359375,0.0
2.0,0.4443359375,0.0
2.0,0.4453125,0.0
2.0,0.4462890625,0.0
2.0,0.447265625,0.0
2.0,0.4482421875,0.0
2.0,0.44921875,0.0
2.0,0.4501953125,0.0
2.0,0.451171875,0.0
2.0,0.4521484375,0.0
2.0,0.453125,0.0
2.0,0.4541015625,0.0
2.0,0.455078125,0.0
2.0,0.4560546875,0.0
2.0,0.45703125,0.0
2.0,0.4580078125,0.0
2.0,0.458984375,0.0
2.0,0.4599609375,0.0
2.0,0.4609375,0.0
2.0,0.4619140625,0.0
2.0,0.462890625,0.0
2.0,0.4638671875,0.0
2.0,0.46484375,0.0
2.0,0.4658203125,0.0
2.0,0.466796875,0.0
2.0,0.4677734375,0.0
2.0,0.46875,0.0
2.0,0.4697265625,0.0
2.0,0.470703125,0.0
2.0,0.4716796875,0.0
2.0,0.47265625,0.0
2.0,0.4736328125,0.0
2.0,0.474609375,0.0
2.0,0.4755859375,0.0
2.0,0.4765625,0.0
2.0,0.4775390625,0.0
2.0,0.478515625,0.0
2.0,0.4794921875,0.0
2.0,0.48046875,0.0
2.0,0.4814453125,0.0
2.0,0.482421875,0.0
2.0,0.4833984375,0.0
2.0,0.484375,0.0
2.0,0.4853515625,0.0
2.0,0.486328125,0.0
2.0,0.4873046875,0.0
2.0,0.48828125,0.0
2.0,0.4892578125,0.0
2.0,0.490234375,0.0
2.0,0.4912109375,0.0
2.0,0.4921875,0.0
2.0,0.4931640625,0.0
2.0,0.494140625,0.0
2.0,0.4951171875,0.0
2.0,0.49609375,0.0
2.0,0.4970703125,0.0
2.0,0.498046875,0.0
2.0,0.4990234375,0.0
2.0,0.5,0.0
2.0,0.5009765625,0.0
2.0,0.501953125,0.0
2.0,0.5029296875,0.0
2.0,0.50390625,0.0
2.0,0.5048828125,0.0
2.0,0.505859375,0.0
2.0,0.5068359375,0.0
2.0,0.5078125,0.0
2.0,0.5087890625,0.0
2.0,0.509765625,0.0
2.0,0.5107421875,0.0
2.0,0.51171875,0.0
2.0,0.5126953125,0.0
2.0,0.513671875,0.0
2.0,0.5146484375,0.0
2.0,0.515625,0.0
2.0,0.5166015625,0.0
2.0,0.517578125,0.0
2.0,0.5185546875,0.0
2.0,0.51953125,0.0
2.0,0.5205078125,0.0
2.0,0.521484375,0.0
2.0,0.5224609375,0.0
2.0,0.5234375,0.0
2.0,0.5244140625,0.0
2.0,0.525390625,0.0
2.0,0.5263671875,0.0
2.0,0.52734375,0.0
2.0,0.5283203125,0.0
2.0,0.529296875,0.0
2.0,0.5302734375,0.0
2.0,0.53125,0.0
2.0,0.5322265625,0.0
2.0,0.533203125,0.0
2.0,0.5341796875,0.0
2.0,0.53515625,0.0
2.0,0.5361328125,0.0
2.0,0.537109375,0.0
2.0,0.5380859375,0.0
2.0,0.5390625,0.0
2.0,0.5400390625,0.0
2.0,0.541015625,0.0
2.0,0.5419921875,0.0
2.0,0.54296875,0.0
2.0,0.5439453125,0.0
2.0,0.544921875,0.0
2.0,0.5458984375,0.0
2.0,0.546875,0.0
2.0,0.5478515625,0.0
2.0,0.548828125,0.0
2.0,0.5498046875,0.0
2.0,0.55078125,0.0
2.0,0.5517578125,0.0
2.0,0.552734375,0.0
2.0,0.5537109375,0.0
2.0,0.5546875,0.0
2.0,0.5556640625,0.0
2.0,0.556640625,0.0
2.0,0.5576171875,0.0
2.0,0.55859375,0.0
2.0,0.5595703125,0.0
2.0,0.560546875,0.0
2.0,0.5615234375,0.0
2.0,0.5625,0.0
2.0,0.5634765625,0.0
2.0,0.564453125,0.0
2.0,0.5654296875,0.0
2.0,0.56640625,0.0
2.0,0.5673828125,0.0
2.0,0.568359375,0.0
2.0,0.5693359375,0.0
2.0,0.5703125,0.0
2.0,0.5712890625,0.0
2.0,0.572265625,0.0
2.0,0.5732421875,0.0
2.0,0.57421875,0.0
2.0,0.5751953125,0.0
2.0,0.576171875,0.0
2.0,0.5771484375,0.0
2.0,0.578125,0.0
2.0,0.5791015625,0.0
2.0,0.580078125,0.0
2.0,0.5810546875,0.0
2.0,0.58203125,0.0
2.0,0.5830078125,0.0
2.0,0.583984375,0.0
2.0,0.5849609375,0.0
2.0,0.5859375,0.0
2.0,0.5869140625,0.0
2.0,0.587890625,0.0
2.0,0.5888671875,0.0
2.0,0.58984375,0.0
2.0,0.5908203125,0.0
2.0,0.591796875,0.0
2.0,0.5927734375,0.0
2.0,0.59375,0.0
2.0,0.5947265625,0.0
2.0,0.595703125,0.0
2.0,0.5966796875,0.0
2.0,0.59765625,0.0
2.0,0.5986328125,0.0
2.0,0.599609375,0.0
2.0,0.6005859375,0.0
2.0,0.6015625,0.0
2.0,0.6025390625,0.0
2.0,0.603515625,0.0
2.0,0.6044921875,0.0
2.0,0.60546875,0.0
2.0,0.6064453125,0.0
2.0,0.607421875,0.0
2.0,0.6083984375,0.0
2.0,0.609375,0.0
2.0,0.6103515625,0.0
2.0,0.611328125,0.0
2.0,0.6123046875,0.0
2.0,0.61328125,0.0
2.0,0.6142578125,0.0
2.0,0.615234375,0.0
2.0,0.6162109375,0.0
2.0,0.6171875,0.0
2.0,0.6181640625,0.0
2.0,0.619140625,0.0
2.0,0.6201171875,0.0
2.0,0.62109375,0.0
2.0,0.6220703125,0.0
2.0,0.623046875,0.0
2.0,0.6240234375,0.0
2.0,0.625,0.0
2.0,0.6259765625,0.0
2.0,0.626953125,0.0
2.0,0.6279296875,0.0
2.0,0.62890625,0.0
2.0,0.6298828125,0.0
2.0,0.630859375,0.0
2.0,0.6318359375,0.0
2.0,0.6328125,0.0
2.0,0.6337890625,0.0
2.0,0.634765625,0.0
2.0,0.6357421875,0.0
2.0,0.63671875,0.0
2.0,0.6376953125,0.0
2.0,0.638671875,0.0
2.0,0.6396484375,0.0
2.0,0.640625,0.0
2.0,0.6416015625,0.0
2.0,0.642578125,0.0
2.0,0.6435546875,0.0
2.0,0.64453125,0.0
2.0,0.6455078125,0.0
2.0,0.646484375,0.0
2.0,0.6474609375,0.0
2.0,0.6484375,0.0
2.0,0.6494140625,0.0
2.0,0.650390625,0.0
2.0,0.6513671875,0.0
2.0,0.65234375,0.0
2.0,0.6533203125,0.0
2.0,0.654296875,0.0
2.0,0.6552734375,0.0
2.0,0.65625,0.0
2.0,0.6572265625,0.0
2.0,0.658203125,0.0
2.0,0.6591796875,0.0
2.0,0.66015625,0.0
2.0,0.6611328125,0.0
2.0,0.662109375,0.0
2.0,0.6630859375,0.0
2.0,0.6640625,0.0
2.0,0.6650390625,0.0
2.0,0.666015625,0.0
2.0,0.6669921875,0.0
2.0,0.66796875,0.0
2.0,0.6689453125,0.0
2.0,0.669921875,0.0
2.0,0.6708984375,0.0
2.0,0.671875,0.0
2.0,0.6728515625,0.0
2.0,0.673828125,0.0
2.0,0.6748046875,0.0
2.0,0.67578125,0.0
2.0,0.6767578125,0.0
2.0,0.677734375,0.0
2.0,0.6787109375,0.0
2.0,0.6796875,0.0
2.0,0.6806640625,0.0
2.0,0.681640625,0.0
2.0,0.6826171875,0.0
2.0,0.68359375,0.0
2.0,0.6845703125,0.0
2.0,0.685546875,0.0
2.0,0.6865234375,0.0
2.0,0.6875,0.0
2.0,0.6884765625,0.0
2.0,0.689453125,0.0
2.0,0.6904296875,0.0
2.0,0.69140625,0.0
2.0,0.6923828125,0.0
2.0,0.693359375,0.0
2.0,0.6943359375,0.0
2.0,0.6953125,0.0
2.0,0.6962890625,0.0
2.0,0.697265625,0.0
2.0,0.6982421875,0.0
2.0,0.69921875,0.0
2.0,0.7001953125,0.0
2.0,0.701171875,0.0
2.0,0.7021484375,0.0
2.0,0.703125,0.0
2.0,0.7041015625,0.0
2.0,0.705078125,0.0
2.0,0.7060546875,0.0
2.0,0.70703125,0.0
2.0,0.7080078125,0.0
2.0,0.708984375,0.0
2.0,0.7099609375,0.0
2.0,0.7109375,0.0
2.0,0.7119140625,0.0
2.0,0.712890625,0.0
2.0,0.7138671875,0.0
2.0,0.71484375,0.0
2.0,0.7158203125,0.0
2.0,0.716796875,0.0
2.0,0.7177734375,0.0
2.0,0.71875,0.0
2.0,0.7197265625,0.0
2.0,0.720703125,0.0
2.0,0.7216796875,0.0
2.0,0.72265625,0.0
2.0,0.7236328125,0.0
2.0,0.724609375,0.0
2.0,0.7255859375,0.0
2.0,0.7265625,0.0
2.0,0.7275390625,0.0
2.0,0.728515625,0.0
2.0,0.7294921875,0.0
2.0,0.73046875,0.0
2.0,0.7314453125,0.0
2.0,0.732421875,0.0
2.0,0.7333984375,0.0
2.0,0.734375,0.0
2.0,0.7353515625,0.0
2.0,0.736328125,0.0
2.0,0.7373046875,0.0
2.0,0.73828125,0.0
2.0,0.7392578125,0.0
2.0,0.740234375,0.0
2.0,0.7412109375,0.0
2.0,0.7421875,0.0
2.0,0.7431640625,0.0
2.0,0.744140625,0.0
2.0,0.7451171875,0.0
2.0,0.74609375,0.0
2.0,0.7470703125,0.0
2.0,0.748046875,0.0
2.0,0.7490234375,0.0
2.0,0.75,0.0
2.0,0.7509765625,0.0
2.0,0.751953125,0.0
2.0,0.7529296875,0.0
2.0,0.75390625,0.0
2.0,0.7548828125,0.0
2.0,0.755859375,0.0
2.0,0.7568359375,0.0
2.0,0.7578125,0.0
2.0,0.7587890625,0.0
2.0,0.759765625,0.0
2.0,0.7607421875,0.0
2.0,0.76171875,0.0
2.0,0.7626953125,0.0
2.0,0.763671875,0.0
2.0,0.7646484375,0.0
2.0,0.765625,0.0
2.0,0.7666015625,0.0
2.0,0.767578125,0.0
2.0,0.7685546875,0.0
2.0,0.76953125,0.0
2.0,0.7705078125,0.0
2.0,0.771484375,0.0
2.0,0.7724609375,0.0
2.0,0.7734375,0.0
2.0,0.7744140625,0.0
2.0,0.775390625,0.0
2.0,0.7763671875,0.0
2.0,0.77734375,0.0
2.0,0.7783203125,0.0
2.0,0.779296875,0.0
2.0,0.7802734375,0.0
2.0,0.78125,0.0
2.0,0.7822265625,0.0
2.0,0.783203125,0.0
2.0,0.7841796875,0.0
2.0,0.78515625,0.0
2.0,0.7861328125,0.0
2.0,0.787109375,0.0
2.0,0.7880859375,0.0
2.0,0.7890625,0.0
2.0,0.7900390625,0.0
2.0,0.791015625,0.0
2.0,0.7919921875,0.0
2.0,0.79296875,0.0
2.0,0.7939453125,0.0
2.0,0.794921875,0.0
2.0,0.7958984375,0.0
2.0,0.796875,0.0
2.0,0.7978515625,0.0
2.0,0.798828125,0.0
2.0,0.7998046875,0.0
2.0,0.80078125,0.0
2.0,0.8017578125,0.0
2.0,0.802734375,0.0
2.0,0.8037109375,0.0
2.0,0.8046875,0.0
2.0,0.8056640625,0.0
2.0,0.806640625,0.0
2.0,0.8076171875,0.0
2.0,0.80859375,0.0
2.0,0.8095703125,0.0
2.0,0.810546875,0.0
2.0,0.8115234375,0.0
2.0,0.8125,0.0
2.0,0.8134765625,0.0
2.0,0.814453125,0.0
2.0,0.8154296875,0.0
2.0,0.81640625,0.0
2.0,0.8173828125,0.0
2.0,0.818359375,0.0
2.0,0.8193359375,0.0
2.0,0.8203125,0.0
2.0,0.8212890625,0.0
2.0,0.822265625,0.0
2.0,0.8232421875,0.0
2.0,0.82421875,0.0
2.0,0.8251953125,0.0
2.0,0.826171875,0.0
2.0,0.8271484375,0.0
2.0,0.828125,0.0
2.0,0.8291015625,0.0
2.0,0.830078125,0.0
2.0,0.8310546875,0.0
2.0,0.83203125,0.0
2.0,0.8330078125,0.0
2.0,0.833984375,0.0
2.0,0.8349609375,0.0
2.0,0.8359375,0.0
2.0,0.8369140625,0.0
2.0,0.837890625,0.0
2.0,0.8388671875,0.0
2.0,0.83984375,0.0
2.0,0.8408203125,0.0
2.0,0.841796875,0.0
2.0,0.8427734375,0.0
2.0,0.84375,0.0
2.0,0.8447265625,0.0
2.0,0.845703125,0.0
2.0,0.8466796875,0.0
2.0,0.84765625,0.0
2.0,0.8486328125,0.0
2.0,0.849609375,0.0
2.0,0.8505859375,0.0
2.0,0.8515625,0.0
2.0,0.8525390625,0.0
2.0,0.853515625,0.0
2.0,0.8544921875,0.0
2.0,0.85546875,0.0
2.0,0.8564453125,0.0
2.0,0.857421875,0.0
2.0,0.8583984375,0.0
2.0,0.859375,0.0
2.0,0.8603515625,0.0
2.0,0.861328125,0.0
2.0,0.8623046875,0.0
2.0,0.86328125,0.0
2.0,0.8642578125,0.0
2.0,0.865234375,0.0
2.0,0.8662109375,0.0
2.0,0.8671875,0.0
2.0,0.8681640625,0.0
2.0,0.869140625,0.0
2.0,0.8701171875,0.0
2.0,0.87109375,0.0
2.0,0.8720703125,0.0
2.0,0.873046875,0.0
2.0,0.8740234375,0.0
2.0,0.875,0.0
2.0,0.8759765625,0.0
2.0,0.876953125,0.0
2.0,0.8779296875,0.0
2.0,0.87890625,0.0
2.0,0.8798828125,0.0
2.0,0.880859375,0.0
2.0,0.8818359375,0.0
2.0,0.8828125,0.0
2.0,0.8837890625,0.0
2.0,0.884765625,0.0
2.0,0.8857421875,0.0
2.0,0.88671875,0.0
2.0,0.8876953125,0.0
2.0,0.888671875,0.0
2.0,0.8896484375,0.0
2.0,0.890625,0.0
2.0,0.8916015625,0.0
2.0,0.892578125,0.0
2.0,0.8935546875,0.0
2.0,0.89453125,0.0
2.0,0.8955078125,0.0
2.0,0.896484375,0.0
2.0,0.8974609375,0.0
2.0,0.8984375,0.0
2.0,0.8994140625,0.0
2.0,0.900390625,0.0
2.0,0.9013671875,0.0
2.0,0.90234375,0.0
2.0,0.9033203125,0.0
2.0,0.904296875,0.0
2.0,0.9052734375,0.0
2.0,0.90625,0.0
2.0,0.9072265625,0.0
2.0,0.908203125,0.0
2.0,0.9091796875,0.0
2.0,0.91015625,0.0
2.0,0.9111328125,0.0
2.0,0.912109375,0.0
2.0,0.9130859375,0.0
2.0,0.9140625,0.0
2.0,0.9150390625,0.0
2.0,0.916015625,0.0
2.0,0.9169921875,0.0
2.0,0.91796875,0.0
2.0,0.9189453125,0.0
2.0,0.919921875,0.0
2.0,0.9208984375,0.0
2.0,0.921875,0.0
2.0,0.9228515625,0.0
2.0,0.923828125,0.0
2.0,0.9248046875,0.0
2.0,0.92578125,0.0
2.0,0.9267578125,0.0
2.0,0.927734375,0.0
2.0,0.9287109375,0.0
2.0,0.9296875,0.0
2.0,0.9306640625,0.0
2.0,0.931640625,0.0
2.0,0.9326171875,0.0
2.0,0.93359375,0.0
2.0,0.9345703125,0.0
2.0,0.935546875,0.0
2.0,0.9365234375,0.0
2.0,0.9375,0.0
2.0,0.9384765625,0.0
2.0,0.939453125,0.0
2.0,0.9404296875,0.0
2.0,0.94140625,0.0
2.0,0.9423828125,0.0
2.0,0.943359375,0.0
2.0,0.9443359375,0.0
2.0,0.9453125,0.0
2.0,0.9462890625,0.0
2.0,0.947265625,0.0
2.0,0.9482421875,0.0
2.0,0.94921875,0.0
2.0,0.9501953125,0.0
2.0,0.951171875,0.0
2.0,0.9521484375,0.0
2.0,0.953125,0.0
2.0,0.9541015625,0.0
2.0,0.955078125,0.0
2.0,0.9560546875,0.0
2.0,0.95703125,0.0
2.0,0.9580078125,0.0
2.0,0.958984375,0.0
2.0,0.9599609375,0.0
2.0,0.9609375,0.0
2.0,0.9619140625,0.0
2.0,0.962890625,0.0
2.0,0.9638671875,0.0
2.0,0.96484375,0.0
2.0,0.9658203125,0.0
2.0,0.966796875,0.0
2.0,0.9677734375,0.0
2.0,0.96875,0.0
2.0,0.9697265625,0.0
2.0,0.970703125,0.0
2.0,0.9716796875,0.0
2.0,0.97265625,0.0
2.0,0.9736328125,0.0
2.0,0.974609375,0.0
2.0,0.9755859375,0.0
2.0,0.9765625,0.0
2.0,0.9775390625,0.0
2.0,0.978515625,0.0
2.0,0.9794921875,0.0
2.0,0.98046875,0.0
2.0,0.9814453125,0.0
2.0,0.982421875,0.0
2.0,0.9833984375,0.0
2.0,0.984375,0.0
2.0,0.9853515625,0.0
2.0,0.986328125,0.0
2.0,0.9873046875,0.0
2.0,0.98828125,0.0
2.0,0.9892578125,0.0
2.0,0.990234375,0.0
2.0,0.9912109375,0.0
2.0,0.9921875,0.0
2.0,0.9931640625,0.0
2.0,0.994140625,0.0
2.0,0.9951171875,0.0
2.0,0.99609375,0.0
2.0,0.9970703125,0.0
2.0,0.998046875,0.0
2.0,0.9990234375,0.0
2.0,1.0,0.0
4.0,0.0009765625,0.0
4.0,0.001953125,0.0
4.0,0.0029296875,0.0
4.0,0.00390625,0.0
4.0,0.0048828125,0.0
4.0,0.005859375,0.0
4.0,0.0068359375,0.0
4.0,0.0078125,0.0
4.0,0.0087890625,0.0
4.0,0.009765625,0.0
4.0,0.0107421875,0.0
4.0,0.01171875,0.0
4.0,0.0126953125,0.0
4.0,0.013671875,0.0
4.0,0.0146484375,0.0
4.0,0.015625,0.0
4.0,0.0166015625,0.0
4.0,0.017578125,0.0
4.0,0.0185546875,0.0
4.0,0.01953125,0.0
4.0,0.0205078125,0.0
4.0,0.021484375,0.0
4.0,0.0224609375,0.0
4.0,0.0234375,0.0
4.0,0.0244140625,0.0
4.0,0.025390625,0.0
4.0,0.0263671875,0.0
4.0,0.02734375,0.0
4.0,0.0283203125,0.0
4.0,0.029296875,0.0
4.0,0.0302734375,0.0
4.0,0.03125,0.0
4.0,0.0322265625,0.0
4.0,0.033203125,0.0
4.0,0.0341796875,0.0
4.0,0.03515625,0.0
4.0,0.0361328125,0.0
4.0,0.037109375,0.0
4.0,0.0380859375,0.0
4.0,0.0390625,0.0
4.0,0.0400390625,0.0
4.0,0.041015625,0.0
4.0,0.0419921875,0.0
4.0,0.04296875,0.0
4.0,0.0439453125,0.0
4.0,0.044921875,0.0
4.0,0.0458984375,0.0
4.0,0.046875,0.0
4.0,0.0478515625,0.0
4.0,0.048828125,0.0
4.0,0.0498046875,0.0
4.0,0.05078125,0.0
4.0,0.0517578125,0.0
4.0,0.052734375,0.0
4.0,0.0537109375,0.0
4.0,0.0546875,0.0
4.0,0.0556640625,0.0
4.0,0.056640625,0.0
4.0,0.0576171875,0.0
4.0,0.05859375,0.0
4.0,0.0595703125,0.0
4.0,0.060546875,0.0
4.0,0.0615234375,0.0
4.0,0.0625,0.0
4.0,0.0634765625,0.0
4.0,0.064453125,0.0
4.0,0.0654296875,0.0
4.0,0.06640625,0.0
4.0,0.0673828125,0.0
4.0,0.068359375,0.0
4.0,0.0693359375,0.0
4.0,0.0703125,0.0
4.0,0.0712890625,0.0
4.0,0.072265625,0.0
4.0,0.0732421875,0.0
4.0,0.07421875,0.0
4.0,0.0751953125,0.0
4.0,0.076171875,0.0
4.0,0.0771484375,0.0
4.0,0.078125,0.0
4.0,0.0791015625,0.0
4.0,0.080078125,0.0
4.0,0.0810546875,0.0
4.0,0.08203125,0.0
4.0,0.0830078125,0.0
4.0,0.083984375,0.0
4.0,0.0849609375,0.0
4.0,0.0859375,0.0
4.0,0.0869140625,0.0
4.0,0.087890625,0.0
4.0,0.0888671875,0.0
4.0,0.08984375,0.0
4.0,0.0908203125,0.0
4.0,0.091796875,0.0
4.0,0.0927734375,0.0
4.0,0.09375,0.0
4.0,0.0947265625,0.0
4.0,0.095703125,0.0
4.0,0.0966796875,0.0
4.0,0.09765625,0.0
4.0,0.0986328125,0.0
4.0,0.099609375,0.0
4.0,0.1005859375,0.0
4.0,0.1015625,0.0
4.0,0.1025390625,0.0
4.0,0.103515625,0.0
4.0,0.1044921875,0.0
4.0,0.10546875,0.0
4.0,0.1064453125,0.0
4.0,0.107421875,0.0
4.0,0.1083984375,0.0
4.0,0.109375,0.0
4.0,0.1103515625,0.0
4.0,0.111328125,0.0
4.0,0.1123046875,0.0
4.0,0.11328125,0.0
4.0,0.1142578125,0.0
4.0,0.115234375,0.0
4.0,0.1162109375,0.0
4.0,0.1171875,0.0
4.0,0.1181640625,0.0
4.0,0.119140625,0.0
4.0,0.1201171875,0.0
4.0,0.12109375,0.0
4.0,0.1220703125,0.0
4.0,0.123046875,0.0
4.0,0.1240234375,0.0
4.0,0.125,0.0
4.0,0.1259765625,0.0
4.0,0.126953125,0.0
4.0,0.1279296875,0.0
4.0,0.12890625,0.0
4.0,0.1298828125,0.0
4.0,0.130859375,0.0
4.0,0.1318359375,0.0
4.0,0.1328125,0.0
4.0,0.1337890625,0.0
4.0,0.134765625,0.0
4.0,0.1357421875,0.0
4.0,0.13671875,0.0
4.0,0.1376953125,0.0
4.0,0.138671875,0.0
4.0,0.1396484375,0.0
4.0,0.140625,0.0
4.0,0.1416015625,0.0
4.0,0.142578125,0.0
4.0,0.1435546875,0.0
4.0,0.14453125,0.0
4.0,0.1455078125,0.0
4.0,0.146484375,0.0
4.0,0.1474609375,0.0
4.0,0.1484375,0.0
4.0,0.1494140625,0.0
4.0,0.150390625,0.0
4.0,0.1513671875,0.0
4.0,0.15234375,0.0
4.0,0.1533203125,0.0
4.0,0.154296875,0.0
4.0,0.1552734375,0.0
4.0,0.15625,0.0
4.0,0.1572265625,0.0
4.0,0.158203125,0.0
4.0,0.1591796875,0.0
4.0,0.16015625,0.0
4.0,0.1611328125,0.0
4.0,0.162109375,0.0
4.0,0.1630859375,0.0
4.0,0.1640625,0.0
4.0,0.1650390625,0.0
4.0,0.166015625,0.0
4.0,0.1669921875,0.0
4.0,0.16796875,0.0
4.0,0.1689453125,0.0
4.0,0.169921875,0.0
4.0,0.1708984375,0.0
4.0,0.171875,0.0
4.0,0.1728515625,0.0
4.0,0.173828125,0.0
4.0,0.1748046875,0.0
4.0,0.17578125,0.0
4.0,0.1767578125,0.0
4.0,0.177734375,0.0
4.0,0.1787109375,0.0
4.0,0.1796875,0.0
4.0,0.1806640625,0.0
4.0,0.181640625,0.0
4.0,0.1826171875,0.0
4.0,0.18359375,0.0
4.0,0.1845703125,0.0
4.0,0.185546875,0.0
4.0,0.1865234375,0.0
4.0,0.1875,0.0
4.0,0.1884765625,0.0
4.0,0.189453125,0.0
4.0,0.1904296875,0.0
4.0,0.19140625,0.0
4.0,0.1923828125,0.0
4.0,0.193359375,0.0
4.0,0.1943359375,0.0
4.0,0.1953125,0.0
4.0,0.1962890625,0.0
4.0,0.197265625,0.0
4.0,0.1982421875,0.0
4.0,0.19921875,0.0
4.0,0.2001953125,0.0
4.0,0.201171875,0.0
4.0,0.2021484375,0.0
4.0,0.203125,0.0
4.0,0.2041015625,0.0
4.0,0.205078125,0.0
4.0,0.2060546875,0.0
4.0,0.20703125,0.0
4.0,0.2080078125,0.0
4.0,0.208984375,0.0
4.0,0.2099609375,0.0
4.0,0.2109375,0.0
4.0,0.2119140625,0.0
4.0,0.212890625,0.0
4.0,0.2138671875,0.0
4.0,0.21484375,0.0
4.0,0.2158203125,0.0
4.0,0.216796875,0.0
4.0,0.2177734375,0.0
4.0,0.21875,0.0
4.0,0.2197265625,0.0
4.0,0.220703125,0.0
4.0,0.2216796875,0.0
4.0,0.22265625,0.0
4.0,0.2236328125,0.0
4.0,0.224609375,0.0
4.0,0.2255859375,0.0
4.0,0.2265625,0.0
4.0,0.2275390625,0.0
4.0,0.228515625,0.0
4.0,0.2294921875,0.0
4.0,0.23046875,0.0
4.0,0.2314453125,0.0
4.0,0.232421875,0.0
4.0,0.2333984375,0.0
4.0,0.234375,0.0
4.0,0.2353515625,0.0
4.0,0.236328125,0.0
4.0,0.2373046875,0.0
4.0,0.23828125,0.0
4.0,0.2392578125,0.0
4.0,0.240234375,0.0
4.0,0.2412109375,0.0
4.0,0.2421875,0.0
4.0,0.2431640625,0.0
4.0,0.244140625,0.0
4.0,0.2451171875,0.0
4.0,0.24609375,0.0
4.0,0.2470703125,0.0
4.0,0.248046875,0.0
4.0,0.2490234375,0.0
4.0,0.25,0.0
4.0,0.2509765625,0.0
4.0,0.251953125,0.0
4.0,0.2529296875,0.0
4.0,0.25390625,0.0
4.0,0.2548828125,0.0
4.0,0.255859375,0.0
4.0,0.2568359375,0.0
4.0,0.2578125,0.0
4.0,0.2587890625,0.0
4.0,0.259765625,0.0
4.0,0.2607421875,0.0
4.0,0.26171875,0.0
4.0,0.2626953125,0.0
4.0,0.263671875,0.0
4.0,0.2646484375,0.0
4.0,0.265625,0.0
4.0,0.2666015625,0.0
4.0,0.267578125,0.0
4.0,0.2685546875,0.0
4.0,0.26953125,0.0
4.0,0.2705078125,0.0
4.0,0.271484375,0.0
4.0,0.2724609375,0.0
4.0,0.2734375,0.0
4.0,0.2744140625,0.0
4.0,0.275390625,0.0
4.0,0.2763671875,0.0
4.0,0.27734375,0.0
4.0,0.2783203125,0.0
4.0,0.279296875,0.0
4.0,0.2802734375,0.0
4.0,0.28125,0.0
4.0,0.2822265625,0.0
4.0,0.283203125,0.0
4.0,0.2841796875,0.0
4.0,0.28515625,0.0
4.0,0.2861328125,0.0
4.0,0.287109375,0.0
4.0,0.2880859375,0.0
4.0,0.2890625,0.0
4.0,0.2900390625,0.0
4.0,0.291015625,0.0
4.0,0.2919921875,0.0
4.0,0.29296875,0.0
4.0,0.2939453125,0.0
4.0,0.294921875,0.0
4.0,0.2958984375,0.0
4.0,0.296875,0.0
4.0,0.2978515625,0.0
4.0,0.298828125,0.0
4.0,0.2998046875,0.0
4.0,0.30078125,0.0
4.0,0.3017578125,0.0
4.0,0.302734375,0.0
4.0,0.3037109375,0.0
4.0,0.3046875,0.0
4.0,0.3056640625,0.0
4.0,0.306640625,0.0
4.0,0.3076171875,0.0
4.0,0.30859375,0.0
4.0,0.3095703125,0.0
4.0,0.310546875,0.0
4.0,0.3115234375,0.0
4.0,0.3125,0.0
4.0,0.3134765625,0.0
4.0,0.314453125,0.0
4.0,0.3154296875,0.0
4.0,0.31640625,0.0
4.0,0.3173828125,0.0
4.0,0.318359375,0.0
4.0,0.3193359375,0.0
4.0,0.3203125,0.0
4.0,0.3212890625,0.0
4.0,0.322265625,0.0
4.0,0.3232421875,0.0
4.0,0.32421875,0.0
4.0,0.3251953125,0.0
4.0,0.326171875,0.0
4.0,0.3271484375,0.0
4.0,0.328125,0.0
4.0,0.3291015625,0.0
4.0,0.330078125,0.0
4.0,0.3310546875,0.0
4.0,0.33203125,0.0
4.0,0.3330078125,0.0
4.0,0.333984375,0.0
4.0,0.3349609375,0.0
4.0,0.3359375,0.0
4.0,0.3369140625,0.0
4.0,0.337890625,0.0
4.0,0.3388671875,0.0
4.0,0.33984375,0.0
4.0,0.3408203125,0.0
4.0,0.341796875,0.0
4.0,0.3427734375,0.0
4.0,0.34375,0.0
4.0,0.3447265625,0.0
4.0,0.345703125,0.0
4.0,0.3466796875,0.0
4.0,0.34765625,0.0
4.0,0.3486328125,0.0
4.0,0.349609375,0.0
4.0,0.3505859375,0.0
4.0,0.3515625,0.0
4.0,0.3525390625,0.0
4.0,0.353515625,0.0
4.0,0.3544921875,0.0
4.0,0.35546875,0.0
4.0,0.3564453125,0.0
4.0,0.357421875,0.0
4.0,0.3583984375,0.0
4.0,0.359375,0.0
4.0,0.3603515625,0.0
4.0,0.361328125,0.0
4.0,0.3623046875,0.0
4.0,0.36328125,0.0
4.0,0.3642578125,0.0
4.0,0.365234375,0.0
4.0,0.3662109375,0.0
4.0,0.3671875,0.0
4.0,0.3681640625,0.0
4.0,0.369140625,0.0
4.0,0.3701171875,0.0
4.0,0.37109375,0.0
4.0,0.3720703125,0.0
4.0,0.373046875,0.0
4.0,0.3740234375,0.0
4.0,0.375,0.0
4.0,0.3759765625,0.0
4.0,0.376953125,0.0
4.0,0.3779296875,0.0
4.0,0.37890625,0.0
4.0,0.3798828125,0.0
4.0,0.380859375,0.0
4.0,0.3818359375,0.0
4.0,0.3828125,0.0
4.0,0.3837890625,0.0
4.0,0.384765625,0.0
4.0,0.3857421875,0.0
4.0,0.38671875,0.0
4.0,0.3876953125,0.0
4.0,0.388671875,0.0
4.0,0.3896484375,0.0
4.0,0.390625,0.0
4.0,0.3916015625,0.0
4.0,0.392578125,0.0
4.0,0.3935546875,0.0
4.0,0.39453125,0.0
4.0,0.3955078125,0.0
4.0,0.396484375,0.0
4.0,0.3974609375,0.0
4.0,0.3984375,0.0
4.0,0.3994140625,0.0
4.0,0.400390625,0.0
4.0,0.4013671875,0.0
4.0,0.40234375,0.0
4.0,0.4033203125,0.0
4.0,0.404296875,0.0
4.0,0.4052734375,0.0
4.0,0.40625,0.0
4.0,0.4072265625,0.0
4.0,0.408203125,0.0
4.0,0.4091796875,0.0
4.0,0.41015625,0.0
4.0,0.4111328125,0.0
4.0,0.412109375,0.0
4.0,0.4130859375,0.0
4.0,0.4140625,0.0
4.0,0.4150390625,0.0
4.0,0.416015625,0.0
4.0,0.4169921875,0.0
4.0,0.41796875,0.0
4.0,0.4189453125,0.0
4.0,0.419921875,0.0
4.0,0.4208984375,0.0
4.0,0.421875,0.0
4.0,0.4228515625,0.0
4.0,0.423828125,0.0
4.0,0.4248046875,0.0
4.0,0.42578125,0.0
4.0,0.4267578125,0.0
4.0,0.427734375,0.0
4.0,0.4287109375,0.0
4.0,0.4296875,0.0
4.0,0.4306640625,0.0
4.0,0.431640625,0.0
4.0,0.4326171875,0.0
4.0,0.43359375,0.0
4.0,0.4345703125,0.0
4.0,0.435546875,0.0
4.0,0.4365234375,0.0
4.0,0.4375,0.0
4.0,0.4384765625,0.0
4.0,0.439453125,0.0
4.0,0.4404296875,0.0
4.0,0.44140625,0.0
4.0,0.4423828125,0.0
4.0,0.443359375,0.0
4.0,0.4443359375,0.0
4.0,0.4453125,0.0
4.0,0.4462890625,0.0
4.0,0.447265625,0.0
4.0,0.4482421875,0.0
4.0,0.44921875,0.0
4.0,0.4501953125,0.0
4.0,0.451171875,0.0
4.0,0.4521484375,0.0
4.0,0.453125,0.0
4.0,0.4541015625,0.0
4.0,0.455078125,0.0
4.0,0.4560546875,0.0
4.0,0.45703125,0.0
4.0,0.4580078125,0.0
4.0,0.458984375,0.0
4.0,0.4599609375,0.0
4.0,0.4609375,0.0
4.0,0.4619140625,0.0
4.0,0.462890625,0.0
4.0,0.4638671875,0.0
4.0,0.46484375,0.0
4.0,0.4658203125,0.0
4.0,0.466796875,0.0
4.0,0.4677734375,0.0
4.0,0.46875,0.0
4.0,0.4697265625,0.0
4.0,0.470703125,0.0
4.0,0.4716796875,0.0
4.0,0.47265625,0.0
4.0,0.4736328125,0.0
4.0,0.474609375,0.0
4.0,0.4755859375,0.0
4.0,0.4765625,0.0
4.0,0.4775390625,0.0
4.0,0.478515625,0.0
4.0,0.4794921875,0.0
4.0,0.48046875,0.0
4.0,0.4814453125,0.0
4.0,0.482421875,0.0
4.0,0.4833984375,0.0
4.0,0.484375,0.0
4.0,0.4853515625,0.0
4.0,0.486328125,0.0
4.0,0.4873046875,0.0
4.0,0.48828125,0.0
4.0,0.4892578125,0.0
4.0,0.490234375,0.0
4.0,0.4912109375,0.0
4.0,0.4921875,0.0
4.0,0.4931640625,0.0
4.0,0.494140625,0.0
4.0,0.4951171875,0.0
4.0,0.49609375,0.0
4.0,0.4970703125,0.0
4.0,0.498046875,0.0
4.0,0.4990234375,0.0
4.0,0.5,0.0
4.0,0.5009765625,0.0
4.0,0.501953125,0.0
4.0,0.5029296875,0.0
4.0,0.50390625,0.0
4.0,0.5048828125,0.0
4.0,0.505859375,0.0
4.0,0.5068359375,0.0
4.0,0.5078125,0.0
4.0,0.5087890625,0.0
4.0,0.509765625,0.0
4.0,0.5107421875,0.0
4.0,0.51171875,0.0
4.0,0.5126953125,0.0
4.0,0.513671875,0.0
4.0,0.5146484375,0.0
4.0,0.515625,0.0
4.0,0.5166015625,0.0
4.0,0.517578125,0.0
4.0,0.5185546875,0.0
4.0,0.51953125,0.0
4.0,0.5205078125,0.0
4.0,0.521484375,0.0
4.0,0.5224609375,0.0
4.0,0.5234375,0.0
4.0,0.5244140625,0.0
4.0,0.525390625,0.0
4.0,0.5263671875,0.0
4.0,0.52734375,0.0
4.0,0.5283203125,0.0
4.0,0.529296875,0.0
4.0,0.5302734375,0.0
4.0,0.53125,0.0
4.0,0.5322265625,0.0
4.0,0.533203125,0.0
4.0,0.5341796875,0.0
4.0,0.53515625,0.0
4.0,0.5361328125,0.0
4.0,0.537109375,0.0
4.0,0.5380859375,0.0
4.0,0.5390625,0.0
4.0,0.5400390625,0.0
4.0,0.541015625,0.0
4.0,0.5419921875,0.0
4.0,0.54296875,0.0
4.0,0.5439453125,0.0
4.0,0.544921875,0.0
4.0,0.5458984375,0.0
4.0,0.546875,0.0
4.0,0.5478515625,0.0
4.0,0.548828125,0.0
4.0,0.5498046875,0.0
4.0,0.55078125,0.0
4.0,0.5517578125,0.0
4.0,0.552734375,0.0
4.0,0.5537109375,0.0
4.0,0.5546875,0.0
4.0,0.5556640625,0.0
4.0,0.556640625,0.0
4.0,0.5576171875,0.0
4.0,0.55859375,0.0
4.0,0.5595703125,0.0
4.0,0.560546875,0.0
4.0,0.5615234375,0.0
4.0,0.5625,0.0
4.0,0.5634765625,0.0
4.0,0.564453125,0.0
4.0,0.5654296875,0.0
4.0,0.56640625,0.0
4.0,0.5673828125,0.0
4.0,0.568359375,0.0
4.0,0.5693359375,0.0
4.0,0.5703125,0.0
4.0,0.5712890625,0.0
4.0,0.572265625,0.0
4.0,0.5732421875,0.0
4.0,0.57421875,0.0
4.0,0.5751953125,0.0
4.0,0.576171875,0.0
4.0,0.5771484375,0.0
4.0,0.578125,0.0
4.0,0.5791015625,0.0
4.0,0.580078125,0.0
4.0,0.5810546875,0.0
4.0,0.58203125,0.0
4.0,0.5830078125,0.0
4.0,0.583984375,0.0
4.0,0.5849609375,0.0
4.0,0.5859375,0.0
4.0,0.5869140625,0.0
4.0,0.587890625,0.0
4.0,0.5888671875,0.0
4.0,0.58984375,0.0
4.0,0.5908203125,0.0
4.0,0.591796875,0.0
4.0,0.5927734375,0.0
4.0,0.59375,0.0
4.0,0.5947265625,0.0
4.0,0.595703125,0.0
4.0,0.5966796875,0.0
4.0,0.59765625,0.0
4.0,0.5986328125,0.0
4.0,0.599609375,0.0
4.0,0.6005859375,0.0
4.0,0.6015625,0.0
4.0,0.6025390625,0.0
4.0,0.603515625,0.0
4.0,0.6044921875,0.0
4.0,0.60546875,0.0
4.0,0.6064453125,0.0
4.0,0.607421875,0.0
4.0,0.6083984375,0.0
4.0,0.609375,0.0
4.0,0.6103515625,0.0
4.0,0.611328125,0.0
4.0,0.6123046875,0.0
4.0,0.61328125,0.0
4.0,0.6142578125,0.0
4.0,0.615234375,0.0
4.0,0.6162109375,0.0
4.0,0.6171875,0.0
4.0,0.6181640625,0.0
4.0,0.619140625,0.0
4.0,0.6201171875,0.0
4.0,0.62109375,0.0
4.0,0.6220703125,0.0
4.0,0.623046875,0.0
4.0,0.6240234375,0.0
4.0,0.625,0.0
4.0,0.6259765625,0.0
4.0,0.626953125,0.0
4.0,0.6279296875,0.0
4.0,0.62890625,0.0
4.0,0.6298828125,0.0
4.0,0.630859375,0.0
4.0,0.6318359375,0.0
4.0,0.6328125,0.0
4.0,0.6337890625,0.0
4.0,0.634765625,0.0
4.0,0.6357421875,0.0
4.0,0.63671875,0.0
4.0,0.6376953125,0.0
4.0,0.638671875,0.0
4.0,0.6396484375,0.0
4.0,0.640625,0.0
4.0,0.6416015625,0.0
4.0,0.642578125,0.0
4.0,0.6435546875,0.0
4.0,0.64453125,0.0
4.0,0.6455078125,0.0
4.0,0.646484375,0.0
4.0,0.6474609375,0.0
4.0,0.6484375,0.0
4.0,0.6494140625,0.0
4.0,0.650390625,0.0
4.0,0.6513671875,0.0
4.0,0.65234375,0.0
4.0,0.6533203125,0.0
4.0,0.654296875,0.0
4.0,0.6552734375,0.0
4.0,0.65625,0.0
4.0,0.6572265625,0.0
4.0,0.658203125,0.0
4.0,0.6591796875,0.0
4.0,0.66015625,0.0
4.0,0.6611328125,0.0
4.0,0.662109375,0.0
4.0,0.6630859375,0.0
4.0,0.6640625,0.0
4.0,0.6650390625,0.0
4.0,0.666015625,0.0
4.0,0.6669921875,0.0
4.0,0.66796875,0.0
4.0,0.6689453125,0.0
4.0,0.669921875,0.0
4.0,0.6708984375,0.0
4.0,0.671875,0.0
4.0,0.6728515625,0.0
4.0,0.673828125,0.0
4.0,0.6748046875,0.0
4.0,0.67578125,0.0
4.0,0.6767578125,0.0
4.0,0.677734375,0.0
4.0,0.6787109375,0.0
4.0,0.6796875,0.0
4.0,0.6806640625,0.0
4.0,0.681640625,0.0
4.0,0.6826171875,0.0
4.0,0.68359375,0.0
4.0,0.6845703125,0.0
4.0,0.685546875,0.0
4.0,0.6865234375,0.0
4.0,0.6875,0.0
4.0,0.6884765625,0.0
4.0,0.689453125,0.0
4.0,0.6904296875,0.0
4.0,0.69140625,0.0
4.0,0.6923828125,0.0
4.0,0.693359375,0.0
4.0,0.6943359375,0.0
4.0,0.6953125,0.0
4.0,0.6962890625,0.0
4.0,0.697265625,0.0
4.0,0.6982421875,0.0
4.0,0.69921875,0.0
4.0,0.7001953125,0.0
4.0,0.701171875,0.0
4.0,0.7021484375,0.0
4.0,0.703125,0.0
4.0,0.7041015625,0.0
4.0,0.705078125,0.0
4.0,0.7060546875,0.0
4.0,0.70703125,0.0
4.0,0.7080078125,0.0
4.0,0.708984375,0.0
4.0,0.7099609375,0.0
4.0,0.7109375,0.0
4.0,0.7119140625,0.0
4.0,0.712890625,0.0
4.0,0.7138671875,0.0
4.0,0.71484375,0.0
4.0,0.7158203125,0.0
4.0,0.716796875,0.0
4.0,0.7177734375,0.0
4.0,0.71875,0.0
4.0,0.7197265625,0.0
4.0,0.720703125,0.0
4.0,0.7216796875,0.0
4.0,0.72265625,0.0
4.0,0.7236328125,0.0
4.0,0.724609375,0.0
4.0,0.7255859375,0.0
4.0,0.7265625,0.0
4.0,0.7275390625,0.0
4.0,0.728515625,0.0
4.0,0.7294921875,0.0
4.0,0.73046875,0.0
4.0,0.7314453125,0.0
4.0,0.732421875,0.0
4.0,0.7333984375,0.0
4.0,0.734375,0.0
4.0,0.7353515625,0.0
4.0,0.736328125,0.0
4.0,0.7373046875,0.0
4.0,0.73828125,0.0
4.0,0.7392578125,0.0
4.0,0.740234375,0.0
4.0,0.7412109375,0.0
4.0,0.7421875,0.0
4.0,0.7431640625,0.0
4.0,0.744140625,0.0
4.0,0.7451171875,0.0
4.0,0.74609375,0.0
4.0,0.7470703125,0.0
4.0,0.748046875,0.0
4.0,0.7490234375,0.0
4.0,0.75,0.0
4.0,0.7509765625,0.0
4.0,0.751953125,0.0
4.0,0.7529296875,0.0
4.0,0.75390625,0.0
4.0,0.7548828125,0.0
4.0,0.755859375,0.0
4.0,0.7568359375,0.0
4.0,0.7578125,0.0
4.0,0.7587890625,0.0
4.0,0.759765625,0.0
4.0,0.7607421875,0.0
4.0,0.76171875,0.0
4.0,0.7626953125,0.0
4.0,0.763671875,0.0
4.0,0.7646484375,0.0
4.0,0.765625,0.0
4.0,0.7666015625,0.0
4.0,0.767578125,0.0
4.0,0.7685546875,0.0
4.0,0.76953125,0.0
4.0,0.7705078125,0.0
4.0,0.771484375,0.0
4.0,0.7724609375,0.0
4.0,0.7734375,0.0
4.0,0.7744140625,0.0
4.0,0.775390625,0.0
4.0,0.7763671875,0.0
4.0,0.77734375,0.0
4.0,0.7783203125,0.0
4.0,0.779296875,0.0
4.0,0.7802734375,0.0
4.0,0.78125,0.0
4.0,0.7822265625,0.0
4.0,0.783203125,0.0
4.0,0.7841796875,0.0
4.0,0.78515625,0.0
4.0,0.7861328125,0.0
4.0,0.787109375,0.0
4.0,0.7880859375,0.0
4.0,0.7890625,0.0
4.0,0.7900390625,0.0
4.0,0.791015625,0.0
4.0,0.7919921875,0.0
4.0,0.79296875,0.0
4.0,0.7939453125,0.0
4.0,0.794921875,0.0
4.0,0.7958984375,0.0
4.0,0.796875,0.0
4.0,0.7978515625,0.0
4.0,0.798828125,0.0
4.0,0.7998046875,0.0
4.0,0.80078125,0.0
4.0,0.8017578125,0.0
4.0,0.802734375,0.0
4.0,0.8037109375,0.0
4.0,0.8046875,0.0
4.0,0.8056640625,0.0
4.0,0.806640625,0.0
4.0,0.8076171875,0.0
4.0,0.80859375,0.0
4.0,0.8095703125,0.0
4.0,0.810546875,0.0
4.0,0.8115234375,0.0
4.0,0.8125,0.0
4.0,0.8134765625,0.0
4.0,0.814453125,0.0
4.0,0.8154296875,0.0
4.0,0.81640625,0.0
4.0,0.8173828125,0.0
4.0,0.818359375,0.0
4.0,0.8193359375,0.0
4.0,0.8203125,0.0
4.0,0.8212890625,0.0
4.0,0.822265625,0.0
4.0,0.8232421875,0.0
4.0,0.82421875,0.0
4.0,0.8251953125,0.0
4.0,0.826171875,0.0
4.0,0.8271484375,0.0
4.0,0.828125,0.0
4.0,0.8291015625,0.0
4.0,0.830078125,0.0
4.0,0.8310546875,0.0
4.0,0.83203125,0.0
4.0,0.8330078125,0.0
4.0,0.833984375,0.0
4.0,0.8349609375,0.0
4.0,0.8359375,0.0
4.0,0.8369140625,0.0
4.0,0.837890625,0.0
4.0,0.8388671875,0.0
4.0,0.83984375,0.0
4.0,0.8408203125,0.0
4.0,0.841796875,0.0
4.0,0.8427734375,0.0
4.0,0.84375,0.0
4.0,0.8447265625,0.0
4.0,0.845703125,0.0
4.0,0.8466796875,0.0
4.0,0.84765625,0.0
4.0,0.8486328125,0.0
4.0,0.849609375,0.0
4.0,0.8505859375,0.0
4.0,0.8515625,0.0
4.0,0.8525390625,0.0
4.0,0.853515625,0.0
4.0,0.8544921875,0.0
4.0,0.85546875,0.0
4.0,0.8564453125,0.0
4.0,0.857421875,0.0
4.0,0.8583984375,0.0
4.0,0.859375,0.0
4.0,0.8603515625,0.0
4.0,0.861328125,0.0
4.0,0.8623046875,0.0
4.0,0.86328125,0.0
4.0,0.8642578125,0.0
4.0,0.865234375,0.0
4.0,0.8662109375,0.0
4.0,0.8671875,0.0
4.0,0.8681640625,0.0
4.0,0.869140625,0.0
4.0,0.8701171875,0.0
4.0,0.87109375,0.0
4.0,0.8720703125,0.0
4.0,0.873046875,0.0
4.0,0.8740234375,0.0
4.0,0.875,0.0
4.0,0.8759765625,0.0
4.0,0.876953125,0.0
4.0,0.8779296875,0.0
4.0,0.87890625,0.0
4.0,0.8798828125,0.0
4.0,0.880859375,0.0
4.0,0.8818359375,0.0
4.0,0.8828125,0.0
4.0,0.8837890625,0.0
4.0,0.884765625,0.0
4.0,0.8857421875,0.0
4.0,0.88671875,0.0
4.0,0.8876953125,0.0
4.0,0.888671875,0.0
4.0,0.8896484375,0.0
4.0,0.890625,0.0
4.0,0.8916015625,0.0
4.0,0.892578125,0.0
4.0,0.8935546875,0.0
4.0,0.89453125,0.0
4.0,0.8955078125,0.0
4.0,0.896484375,0.0
4.0,0.8974609375,0.0
4.0,0.8984375,0.0
4.0,0.8994140625,0.0
4.0,0.900390625,0.0
4.0,0.9013671875,0.0
4.0,0.90234375,0.0
4.0,0.9033203125,0.0
4.0,0.904296875,0.0
4.0,0.9052734375,0.0
4.0,0.90625,0.0
4.0,0.9072265625,0.0
4.0,0.908203125,0.0
4.0,0.9091796875,0.0
4.0,0.91015625,0.0
4.0,0.9111328125,0.0
4.0,0.912109375,0.0
4.0,0.9130859375,0.0
4.0,0.9140625,0.0
4.0,0.9150390625,0.0
4.0,0.916015625,0.0
4.0,0.9169921875,0.0
4.0,0.91796875,0.0
4.0,0.9189453125,0.0
4.0,0.919921875,0.0
4.0,0.9208984375,0.0
4.0,0.921875,0.0
4.0,0.9228515625,0.0
4.0,0.923828125,0.0
4.0,0.9248046875,0.0
4.0,0.92578125,0.0
4.0,0.9267578125,0.0
4.0,0.927734375,0.0
4.0,0.9287109375,0.0
4.0,0.9296875,0.0
4.0,0.9306640625,0.0
4.0,0.931640625,0.0
4.0,0.9326171875,0.0
4.0,0.93359375,0.0
4.0,0.9345703125,0.0
4.0,0.935546875,0.0
4.0,0.9365234375,0.0
4.0,0.9375,0.0
4.0,0.9384765625,0.0
4.0,0.939453125,0.0
4.0,0.9404296875,0.0
4.0,0.94140625,0.0
4.0,0.9423828125,0.0
4.0,0.943359375,0.0
4.0,0.9443359375,0.0
4.0,0.9453125,0.0
4.0,0.9462890625,0.0
4.0,0.947265625,0.0
4.0,0.9482421875,0.0
4.0,0.94921875,0.0
4.0,0.9501953125,0.0
4.0,0.951171875,0.0
4.0,0.9521484375,0.0
4.0,0.953125,0.0
4.0,0.9541015625,0.0
4.0,0.955078125,0.0
4.0,0.9560546875,0.0
4.0,0.95703125,0.0
4.0,0.9580078125,0.0
4.0,0.958984375,0.0
4.0,0.9599609375,0.0
4.0,0.9609375,0.0
4.0,0.9619140625,0.0
4.0,0.962890625,0.0
4.0,0.9638671875,0.0
4.0,0.96484375,0.0
4.0,0.9658203125,0.0
4.0,0.966796875,0.0
4.0,0.9677734375,0.0
4.0,0.96875,0.0
4.0,0.9697265625,0.0
4.0,0.970703125,0.0
4.0,0.9716796875,0.0
4.0,0.97265625,0.0
4.0,0.9736328125,0.0
4.0,0.974609375,0.0
4.0,0.9755859375,0.0
4.0,0.9765625,0.0
4.0,0.9775390625,0.0
4.0,0.978515625,0.0
4.0,0.9794921875,0.0
4.0,0.98046875,0.0
4.0,0.9814453125,0.0
4.0,0.982421875,0.0
4.0,0.9833984375,0.0
4.0,0.984375,0.0
4.0,0.9853515625,0.0
4.0,0.986328125,0.0
4.0,0.9873046875,0.0
4.0,0.98828125,0.0
4.0,0.9892578125,0.0
4.0,0.990234375,0.0
4.0,0.9912109375,0.0
4.0,0.9921875,0.0
4.0,0.9931640625,0.0
4.0,0.994140625,0.0
4.0,0.9951171875,0.0
4.0,0.99609375,0.0
4.0,0.9970703125,0.0
4.0,0.998046875,0.0
4.0,0.9990234375,0.0
4.0,1.0,0.0
