extra_spatial_channels,transition_power_n,path_power_q,chi_t,galaxy_equal_RMSE_km_s,cluster_all5_log_RMS_dex,cluster_reliable3_log_RMS_dex,cluster_all6_stress_log_RMS_dex,solar_solar_limb_fractional_force_change,solar_Mercury_fractional_force_change,solar_Earth_fractional_force_change,solar_Saturn_fractional_force_change,is_primary_dimension_fixed_formula,galaxy_ratio_to_fixed_RAR,all5_gap_fraction_closed_from_fixed_RAR,galaxy_gate_pass,solar_gate_pass,all5_cluster_gate_pass,reliable3_cluster_gate_pass,gap_closed_gate_pass,selected_primary_row
1.0,1.0,0.0,3e-07,37.431611673954045,0.22343267870439437,0.18674587809141374,0.21064396537719332,0.0,0.0,0.0,0.0,False,3.4262263879275987,0.6167420982485954,False,True,False,True,False,False
1.0,1.0,0.0,5e-07,28.06310102086676,0.25698701061420776,0.21158928926223344,0.24293364244109858,0.0,0.0,0.0,0.0,False,2.5686988335497145,0.559185777852691,False,True,False,False,False,False
1.0,1.0,0.0,8e-07,21.571185882891232,0.29164622061004664,0.2380700032779686,0.27624400644230984,0.0,0.0,0.0,0.0,False,1.9744745947522295,0.4997342411464569,False,True,False,False,False,False
1.0,1.0,0.0,1e-06,19.208415668679784,0.3092829945058179,0.25193005862617335,0.2931978759123692,0.0,0.0,0.0,0.0,False,1.7582032322724355,0.46948158072027046,False,True,False,False,False,False
1.0,1.0,0.0,1.5e-06,15.985900708077898,0.3428914549308386,0.2792225950142073,0.3255611016273733,0.0,0.0,0.0,0.0,False,1.4632368843182455,0.41183241275487203,False,True,False,False,False,False
1.0,1.0,0.0,2e-06,14.41181655759581,0.3675299650949708,0.30009800335743064,0.3493772067366044,0.0,0.0,0.0,0.0,False,1.319156295425167,0.36956955415002524,False,True,False,False,False,False
1.0,1.0,0.0,3e-06,12.94906269353876,0.4023886358755529,0.33113283684701666,0.38329608508163693,0.0,0.0,0.0,0.0,False,1.1852660977032607,0.30977587894245084,False,True,False,False,False,False
1.0,1.0,0.0,5e-06,11.940283352942354,0.4444149569048437,0.3713035791017477,0.42474215279966765,0.0,0.0,0.0,0.0,False,1.0929295339866467,0.2376874104631973,False,True,False,False,False,False
1.0,1.0,0.0,8e-06,11.473237367087965,0.47896120822233723,0.4069167299043085,0.4595132207000296,0.0,0.0,0.0,0.0,False,1.0501794302762197,0.1784296337131983,False,True,False,False,False,False
1.0,1.0,0.0,1e-05,11.33829409951793,0.4934782431178047,0.4226374030060811,0.4743887278825971,0.0,0.0,0.0,0.0,False,1.0378276729367584,0.15352831504329256,True,True,False,False,False,False
1.0,1.0,0.0,2e-05,11.104587984756119,0.5297833202167003,0.4639775013315873,0.5125355370357724,0.0,0.0,0.0,0.0,False,1.0164358593971312,0.09125359429729796,True,True,False,False,False,False
1.0,1.0,0.25,3e-07,37.06155029222069,0.25035085980502464,0.22489860293952044,0.23761621336084315,0.0,0.0,0.0,0.0,False,3.392353572557214,0.5705688810298155,False,True,False,False,False,False
1.0,1.0,0.25,5e-07,27.813728480659034,0.28475866606216615,0.25218293363779754,0.27082973693262735,0.0,0.0,0.0,0.0,False,2.5458730256436453,0.5115485814637539,False,True,False,False,False,False
1.0,1.0,0.25,8e-07,21.40954706607462,0.319494431632738,0.2798097153711595,0.3043188077224493,0.0,0.0,0.0,0.0,False,1.9596793146474236,0.4519657276685888,False,True,False,False,False,False
1.0,1.0,0.25,1e-06,19.080535987525376,0.3368869137525937,0.29376306483215286,0.3210911415196727,0.0,0.0,0.0,0.0,False,1.746498025938617,0.42213210511096955,False,True,False,False,False,False
1.0,1.0,0.25,1.5e-06,15.906611789649572,0.3695344287873395,0.32035883706291385,0.3526291484189418,0.0,0.0,0.0,0.0,False,1.4559793345510683,0.3661312632369469,False,True,False,False,False,False
1.0,1.0,0.25,2e-06,14.357604509532917,0.3930685005707849,0.34000257677889933,0.3754494640304938,0.0,0.0,0.0,0.0,False,1.3141941059465365,0.3257628667083292,False,True,False,False,False,False
1.0,1.0,0.25,3e-06,12.91888634887136,0.42579000392589283,0.36823497041003317,0.4073876087880242,0.0,0.0,0.0,0.0,False,1.1825039674137283,0.26963511140078134,False,True,False,False,False,False
1.0,1.0,0.25,5e-06,11.926624931552949,0.4643119487719615,0.4032901246152337,0.44549492954607633,0.0,0.0,0.0,0.0,False,1.0916793381845147,0.20355775942748078,False,True,False,False,False,False
1.0,1.0,0.25,8e-06,11.466761754167146,0.49515958112065633,0.4331685253142136,0.47664531914584085,0.0,0.0,0.0,0.0,False,1.049586698227689,0.1506442871614071,True,True,False,False,False,False
1.0,1.0,0.25,1e-05,11.333733632869457,0.5078855267421895,0.4460431912401741,0.4897331383002344,0.0,0.0,0.0,0.0,False,1.0374102399042626,0.12881525460899323,True,True,False,False,False,False
1.0,1.0,0.25,2e-05,11.102981909213934,0.5390581988140698,0.47909705453609813,0.5226259274806871,0.0,0.0,0.0,0.0,False,1.0162888505413126,0.07534423613698271,True,True,False,False,False,False
1.0,1.0,0.5,3e-07,36.721931442093585,0.271819017801165,0.25412636230150626,0.2590089414755395,0.0,0.0,0.0,0.0,False,3.361267252356025,0.5337441818149169,False,True,False,False,False,False
1.0,1.0,0.5,5e-07,27.58378051748244,0.30663119380505255,0.28262147016036293,0.29271172505035675,0.0,0.0,0.0,0.0,False,2.524825206860196,0.4740302598943803,False,True,False,False,False,False
1.0,1.0,0.5,8e-07,21.260040736328648,0.3411967402567766,0.31062632460370637,0.32614463641897956,0.0,0.0,0.0,0.0,False,1.945994557052701,0.414739385870061,False,True,False,False,False,False
1.0,1.0,0.5,1e-06,18.962110814693713,0.35828638193026463,0.3244444530276745,0.3426815448572834,0.0,0.0,0.0,0.0,False,1.7356582187808327,0.38542523071852286,False,True,False,False,False,False
1.0,1.0,0.5,1.5e-06,15.833023495435627,0.3899732049687981,0.35018263255851295,0.37340067320450154,0.0,0.0,0.0,0.0,False,1.4492435798185561,0.33107228028469904,False,True,False,False,False,False
1.0,1.0,0.5,2e-06,14.30719664555367,0.4124957336452546,0.3687007977213335,0.3953200384969789,0.0,0.0,0.0,0.0,False,1.3095801247151342,0.2924390009778043,False,True,False,False,False,False
1.0,1.0,0.5,3e-06,12.89072776553709,0.4433580900734284,0.39461797678437266,0.4255542270977364,0.0,0.0,0.0,0.0,False,1.1799265288009617,0.2395002722459394,False,True,False,False,False,False
1.0,1.0,0.5,5e-06,11.913795047980626,0.4789846265519635,0.42572853645347325,0.46092430766940984,0.0,0.0,0.0,0.0,False,1.0905049809051,0.17838946385117482,False,True,False,False,False,False
1.0,1.0,0.5,8e-06,11.460627849460561,0.5069164127186203,0.45138495075046303,0.48922855653031044,0.0,0.0,0.0,0.0,False,1.04902524374505,0.13047759249700808,True,True,False,False,False,False
1.0,1.0,0.5,1e-05,11.32939374565853,0.5182710963457634,0.4622141297734615,0.50094618276582,0.0,0.0,0.0,0.0,False,1.037012997161625,0.11100070913677518,True,True,False,False,False,False
1.0,1.0,0.5,2e-05,11.101428983621906,0.545631739776499,0.48944027705640153,0.5299117139918548,0.0,0.0,0.0,0.0,False,1.0161467066580023,0.064068528702661,True,True,False,False,False,False
1.0,1.0,0.75,3e-07,36.408072724082324,0.28817736880204886,0.2754945940736068,0.27532152793303355,0.0,0.0,0.0,0.0,False,3.332538833417025,0.5056844220829648,False,True,False,False,False,False
1.0,1.0,0.75,5e-07,27.37048563306253,0.3232794031651347,0.3047738378388598,0.3093881410402149,0.0,0.0,0.0,0.0,False,2.5053016937457984,0.44547330115288497,False,True,False,False,False,False
1.0,1.0,0.75,8e-07,21.121015377096686,0.35769059737918024,0.3329752022039199,0.34276563131928584,0.0,0.0,0.0,0.0,False,1.9332691537614741,0.3864471901663017,False,True,False,False,False,False
1.0,1.0,0.75,1e-06,18.851873535428474,0.3745309496470829,0.34665682743362886,0.3591116050089758,0.0,0.0,0.0,0.0,False,1.7255678737953744,0.3575606454031254,False,True,False,False,False,False
1.0,1.0,0.75,1.5e-06,15.76438758944317,0.4054378073589558,0.3716971862131981,0.3891732136113857,0.0,0.0,0.0,0.0,False,1.4429611318620257,0.30454558285691136,False,True,False,False,False,False
1.0,1.0,0.75,2e-06,14.260098464366585,0.42714571715007754,0.3893414651371355,0.4103729705794726,0.0,0.0,0.0,0.0,False,1.3052690885617304,0.2673096332805235,False,True,False,False,False,False
1.0,1.0,0.75,3e-06,12.864327329258032,0.4565241871206032,0.41350073241845625,0.43925525552295,0.0,0.0,0.0,0.0,False,1.177510018600439,0.21691624041220947,False,True,False,False,False,False
1.0,1.0,0.75,5e-06,11.90168834013861,0.4898747949359333,0.441677334301011,0.472480296059908,0.0,0.0,0.0,0.0,False,1.089396818044239,0.15970937144588393,False,True,False,False,False,False
1.0,1.0,0.75,8e-06,11.454792733315267,0.5155593415631767,0.46425106611955375,0.49858972214164266,0.0,0.0,0.0,0.0,False,1.048491138265228,0.11565222857459889,True,True,False,False,False,False
1.0,1.0,0.75,1e-05,11.32524692658243,0.52587266782193,0.4736040137544132,0.5092630514448634,0.0,0.0,0.0,0.0,False,1.0366334265177464,0.09796160334946391,True,True,False,False,False,False
1.0,1.0,0.75,2e-05,11.099922789909787,0.5503879809614712,0.4966752320755636,0.5352748720179792,0.0,0.0,0.0,0.0,False,1.0160088402822036,0.05591006671157628,True,True,False,False,False,False
1.0,1.0,1.0,3e-07,36.11648145737933,0.30066919691137556,0.2912220942739628,0.2878037671178282,0.0,0.0,0.0,0.0,False,3.3058486203113415,0.4842569753102668,False,True,False,False,False,False
1.0,1.0,1.0,5e-07,27.17171702912964,0.33600781729275314,0.3210591176942538,0.3221679234160473,0.0,0.0,0.0,0.0,False,2.4871078141496312,0.4236400343296911,False,True,False,False,False,False
1.0,1.0,1.0,8e-07,20.991180727435598,0.3703058152905052,0.34938494262249165,0.3555140454941409,0.0,0.0,0.0,0.0,False,1.921385003364453,0.36480809075225507,False,True,False,False,False,False
1.0,1.0,1.0,1e-06,18.748828310092694,0.38695221103212163,0.36295338985879233,0.3717144301786405,0.0,0.0,0.0,0.0,False,1.7161358388279604,0.3362542429415858,False,True,False,False,False,False
1.0,1.0,1.0,1.5e-06,15.700110749382203,0.4172451529182373,0.38745020905531047,0.401263653704035,0.0,0.0,0.0,0.0,False,1.437077682133284,0.28429224072923176,False,True,False,False,False,False
1.0,1.0,1.0,2e-06,14.215916241164134,0.438309333538613,0.4044254616620579,0.42189828750038755,0.0,0.0,0.0,0.0,False,1.301224958687438,0.24816049082814173,False,True,False,False,False,False
1.0,1.0,1.0,3e-06,12.839477602980809,0.46651672695035756,0.4272527138923814,0.449717887792419,0.0,0.0,0.0,0.0,False,1.1752354494836879,0.19977586564462335,False,True,False,False,False,False
1.0,1.0,1.0,5e-06,11.890220503757083,0.498083989026171,0.4532323215088847,0.48126451837828577,0.0,0.0,0.0,0.0,False,1.0883471329821832,0.1456280001785365,False,True,False,False,False,False
1.0,1.0,1.0,8e-06,11.449222122449406,0.5220286680262864,0.47352594236569095,0.5056719217971272,0.0,0.0,0.0,0.0,False,1.0479812437377967,0.10455528205641929,True,True,False,False,False,False
1.0,1.0,1.0,1e-05,11.321271245313502,0.5315436723348765,0.4817961083247412,0.5155414116353878,0.0,0.0,0.0,0.0,False,1.036269520624721,0.08823403214968362,True,True,False,False,False,False
1.0,1.0,1.0,2e-05,11.098458287972242,0.5539043549832944,0.5018481453566989,0.5393000856937068,0.0,0.0,0.0,0.0,False,1.015874790078133,0.04987837010751739,True,True,False,False,False,False
1.0,1.0,1.5,3e-07,35.58967601248085,0.31795093602228813,0.3119787644911762,0.3051165605416492,0.0,0.0,0.0,0.0,False,3.257628556149075,0.4546133121331969,False,True,False,False,False,False
1.0,1.0,1.5,5e-07,26.811268441150993,0.35365956306321583,0.34254204068787875,0.33994066108891385,0.0,0.0,0.0,0.0,False,2.454114886290129,0.39336169239034025,False,True,False,False,False,False
1.0,1.0,1.5,8e-07,20.755090560945444,0.3878206072101187,0.37100915053668904,0.37327179320417336,0.0,0.0,0.0,0.0,False,1.8997749705022657,0.33476466809963346,False,True,False,False,False,False
1.0,1.0,1.5,1e-06,18.561217085051783,0.404197158327064,0.38440947753096893,0.38927478759373524,0.0,0.0,0.0,0.0,False,1.698963227199435,0.30667368939678696,False,True,False,False,False,False
1.0,1.0,1.5,1.5e-06,15.582777357332018,0.43361665552763956,0.4081404106886585,0.41810296805107067,0.0,0.0,0.0,0.0,False,1.4263378089071699,0.2562099218178677,False,True,False,False,False,False
1.0,1.0,1.5,2e-06,14.1350639905465,0.4537574232258817,0.42418904586298567,0.4379320135870308,0.0,0.0,0.0,0.0,False,1.29382431249025,0.221662117922524,False,True,False,False,False,False
1.0,1.0,1.5,3e-06,12.793777969819493,0.4802842654563838,0.4451928215980287,0.4642322795922571,0.0,0.0,0.0,0.0,False,1.1710524265772801,0.17616017097230452,False,True,False,False,False,False
1.0,1.0,1.5,5e-06,11.868936443742285,0.5093090284963986,0.4682069661126003,0.4933882159338577,0.0,0.0,0.0,0.0,False,1.0863989398693636,0.12637349766179473,False,True,False,False,False,False
1.0,1.0,1.5,8e-06,11.438767042161908,0.530803799389832,0.48546854055237354,0.515393286949242,0.0,0.0,0.0,0.0,False,1.0470242592434886,0.08950314888822275,True,True,False,False,False,False
1.0,1.0,1.5,1e-05,11.313764835700786,0.5392065609788791,0.4923135550667566,0.5241371580522893,0.0,0.0,0.0,0.0,False,1.0355824366990354,0.07508974797386425,True,True,False,False,False,False
1.0,1.0,1.5,2e-05,11.095638968671167,0.5586058033548462,0.5084377165082498,0.5447723166252868,0.0,0.0,0.0,0.0,False,1.015616729424227,0.04181389516803269,True,True,False,False,False,False
1.0,1.0,2.0,3e-07,35.1250822347648,0.3289881385956371,0.3244701324380582,0.31618978296156663,0.0,0.0,0.0,0.0,False,3.2151029103194744,0.4356810094637945,False,True,False,False,False,False
1.0,1.0,2.0,5e-07,26.492064351368978,0.3649706245654111,0.3554651952326462,0.3513470378559523,0.0,0.0,0.0,0.0,False,2.4248971896258262,0.37395963480838834,False,True,False,False,False,False
1.0,1.0,2.0,8e-07,20.54533573831691,0.39906205525687943,0.3839973789881703,0.3846908650206844,0.0,0.0,0.0,0.0,False,1.880575489738657,0.31548201967044376,False,True,False,False,False,False
1.0,1.0,2.0,1e-06,18.394272424746916,0.4152661193042713,0.39728011897850346,0.40057080688470525,0.0,0.0,0.0,0.0,False,1.6836822875102109,0.28768691099314414,False,True,False,False,False,False
1.0,1.0,2.0,1.5e-06,15.478012303934308,0.44411094916016514,0.4205088045616789,0.42892890732853794,0.0,0.0,0.0,0.0,False,1.4167483529785692,0.2382088801560699,False,True,False,False,False,False
1.0,1.0,2.0,2e-06,14.062633801032915,0.46363799118682525,0.4359638222895541,0.4482252214483453,0.0,0.0,0.0,0.0,False,1.28719456251433,0.2047138104198717,False,True,False,False,False,False
1.0,1.0,2.0,3e-06,12.752569550881493,0.48904703274043,0.45581801989743875,0.4735179418460882,0.0,0.0,0.0,0.0,False,1.1672804978235847,0.16112924612150137,False,True,False,False,False,False
1.0,1.0,2.0,5e-06,11.849513334273606,0.5163923710814561,0.47699754593654975,0.5010958747559341,0.0,0.0,0.0,0.0,False,1.0846210850770865,0.11422331876998104,False,True,False,False,False,False
1.0,1.0,2.0,8e-06,11.42908939539574,0.5362904759193787,0.4924193823899527,0.5215320184831037,0.0,0.0,0.0,0.0,False,1.046138435544202,0.08009175863637508,True,True,False,False,False,False
1.0,1.0,2.0,1e-05,11.306764501676474,0.5439767444236681,0.49841103892236677,0.5295475489320005,0.0,0.0,0.0,0.0,False,1.0349416753722904,0.06690737058564944,True,True,False,False,False,False
1.0,1.0,2.0,2e-05,11.092946907061425,0.5614967267275973,0.5122182535961357,0.5481856869701458,0.0,0.0,0.0,0.0,False,1.0153703170440824,0.03685504477788659,True,True,False,False,False,False
1.0,2.0,0.0,3e-07,32.971991741151015,0.18996489097072217,0.16138730682571442,0.17782028206009814,0.0,0.0,0.0,0.0,False,3.0180241542917527,0.6741499679364431,False,True,True,True,False,False
1.0,2.0,0.0,5e-07,20.032946764564443,0.22367368005655092,0.1841410019015251,0.2101170748941819,0.0,0.0,0.0,0.0,False,1.8336750079200925,0.6163287045002754,False,True,False,True,False,False
1.0,2.0,0.0,8e-07,13.936935618362412,0.2615340270330436,0.2097060456098706,0.24619065232172932,0.0,0.0,0.0,0.0,False,1.2756890352041101,0.551386202687512,False,True,False,False,False,False
1.0,2.0,0.0,1e-06,12.578545681638646,0.2824367871342283,0.22386946092894558,0.2660072511632836,0.0,0.0,0.0,0.0,False,1.1513515771529317,0.5155313401685341,False,True,False,False,False,False
1.0,2.0,0.0,1.5e-06,11.465392492186336,0.32600764478496513,0.2540469449651102,0.30715022976272255,0.0,0.0,0.0,0.0,False,1.0494613656192107,0.44079350156067565,True,True,False,False,False,False
1.0,2.0,0.0,2e-06,11.177044578211868,0.36097697985206967,0.2796321734041435,0.340118747068377,0.0,0.0,0.0,0.0,False,1.0230680262041558,0.38081000200646864,True,True,False,False,False,False
1.0,2.0,0.0,3e-06,11.018185835763818,0.4130085180247772,0.3218245784068286,0.3894010337876233,0.0,0.0,0.0,0.0,False,1.0085272145482358,0.2915594131463092,True,True,False,False,False,False
1.0,2.0,0.0,5e-06,10.954790502481957,0.4743180951519126,0.3820796206282946,0.44874354124873905,0.0,0.0,0.0,0.0,False,1.0027244517483398,0.18639404511122748,True,True,False,False,False,False
1.0,2.0,0.0,8e-06,10.93612837410186,0.5192431755131582,0.4368016751901088,0.49460023407590353,0.0,0.0,0.0,0.0,False,1.0010162518111387,0.10933328508675566,True,True,False,False,False,False
1.0,2.0,0.0,1e-05,10.932053113295801,0.5357719196073434,0.4593978184685339,0.5125524991562611,0.0,0.0,0.0,0.0,False,1.0006432311078617,0.08098124716259714,True,True,False,False,False,False
1.0,2.0,0.0,2e-05,10.92675638218361,0.5675250951195164,0.5059075161994198,0.5504794780597829,0.0,0.0,0.0,0.0,False,1.0001584056062398,0.026514481193952943,True,True,False,False,False,False
1.0,2.0,0.25,3e-07,32.62249225643197,0.21555703753645192,0.19576811557986815,0.20329691014160858,0.0,0.0,0.0,0.0,False,2.986033430313797,0.6302513204737203,False,True,False,True,False,False
1.0,2.0,0.25,5e-07,19.861486093767233,0.25169679941736717,0.22349618969530202,0.238043507476945,0.0,0.0,0.0,0.0,False,1.81798070440214,0.5682601677533974,False,True,False,False,False,False
1.0,2.0,0.25,8e-07,13.874474101249893,0.29117125512498904,0.25289541672844074,0.2757835277240546,0.0,0.0,0.0,0.0,False,1.2699717473666268,0.5005489575803423,False,True,False,False,False,False
1.0,2.0,0.25,1e-06,12.544895497707854,0.3124998469728333,0.26847702488746283,0.29607973065537363,0.0,0.0,0.0,0.0,False,1.1482714760569235,0.46396365857073896,False,True,False,False,False,False
1.0,2.0,0.25,1.5e-06,11.456041019640224,0.3559629537719149,0.3001162979306895,0.3372936527849662,0.0,0.0,0.0,0.0,False,1.0486053976132763,0.38941064684477067,True,True,False,False,False,False
1.0,2.0,0.25,2e-06,11.173455120131386,0.3899535553517108,0.3254729218607593,0.3694917006004325,0.0,0.0,0.0,0.0,False,1.0227394724645833,0.33110598560953686,True,True,False,False,False,False
1.0,2.0,0.25,3e-06,11.01722261257363,0.439168746420512,0.364938035742205,0.41636452288267933,0.0,0.0,0.0,0.0,False,1.0084390478740237,0.24668632518789302,True,True,False,False,False,False
1.0,2.0,0.25,5e-06,10.954573188226805,0.49480695480780684,0.41721801162584465,0.47061646566216425,0.0,0.0,0.0,0.0,False,1.0027045603303062,0.15124915311722298,True,True,False,False,False,False
1.0,2.0,0.25,8e-06,10.936061643763033,0.5332139280326404,0.4610926730908928,0.5102814408885293,0.0,0.0,0.0,0.0,False,1.001010143785394,0.08536901393558316,True,True,False,False,False,False
1.0,2.0,0.25,1e-05,10.932013126732572,0.5466684918949598,0.4783482077443926,0.5251513097673359,0.0,0.0,0.0,0.0,False,1.0006395710191835,0.06229017003166604,True,True,False,False,False,False
1.0,2.0,0.25,2e-05,10.926747298227907,0.5714183961334796,0.5126338364541456,0.5554224138873323,0.0,0.0,0.0,0.0,False,1.0001575741248436,0.019836235262558732,True,True,False,False,False,False
1.0,2.0,0.5,3e-07,32.299267866506156,0.2366251679579022,0.22351832552125442,0.2241172437391355,0.0,0.0,0.0,0.0,False,2.956447743658573,0.5941127954111769,False,True,False,False,False,False
1.0,2.0,0.5,5e-07,19.702859431210385,0.2743932888132861,0.2541922010528364,0.2605153203626005,0.0,0.0,0.0,0.0,False,1.803461135706696,0.5293284906440192,False,True,False,False,False,False
1.0,2.0,0.5,8e-07,13.816612338044923,0.31497345599197657,0.2859236626533202,0.2994184951405205,0.0,0.0,0.0,0.0,False,1.2646754886409348,0.459720634640992,False,True,False,False,False,False
1.0,2.0,0.5,1e-06,12.513658130434491,0.3365663578912079,0.30234365774687083,0.3200341223272656,0.0,0.0,0.0,0.0,False,1.1454122272227127,0.42268196007194136,False,True,False,False,False,False
1.0,2.0,0.5,1.5e-06,11.447285967124651,0.379765574396338,0.3346593189576113,0.3611629211686556,0.0,0.0,0.0,0.0,False,1.0478040217009101,0.3485816038882996,True,True,False,False,False,False
1.0,2.0,0.5,2e-06,11.170059076186472,0.4127732244630834,0.3594882353692622,0.3925844277552169,0.0,0.0,0.0,0.0,False,1.0224286224942432,0.29196301622385945,True,True,False,False,False,False
1.0,2.0,0.5,3e-06,11.016291895335186,0.45932627377661944,0.3962887770357968,0.4371935182018754,0.0,0.0,0.0,0.0,False,1.0083538565659436,0.21210977316427748,True,True,False,False,False,False
1.0,2.0,0.5,5e-06,10.954356699821073,0.5099256405968933,0.4418956658921261,0.48694858682078007,0.0,0.0,0.0,0.0,False,1.0026847445047185,0.12531581236168343,True,True,False,False,False,False
1.0,2.0,0.5,8e-06,10.935993716389586,0.5430967873725905,0.4776482700138513,0.5216375368726758,0.0,0.0,0.0,0.0,False,1.001003926191522,0.06841677599126395,True,True,False,False,False,False
1.0,2.0,0.5,1e-05,10.931972146680653,0.5542568715172427,0.4911365398810557,0.5341826605966326,0.0,0.0,0.0,0.0,False,1.0006358199935401,0.049273692457331486,True,True,False,False,False,False
1.0,2.0,0.5,2e-05,10.926737889674314,0.5740599567017467,0.5171102704449653,0.5589170762844394,0.0,0.0,0.0,0.0,False,1.0001567129320401,0.015305121163162627,True,True,False,False,False,False
1.0,2.0,0.75,3e-07,31.99912113633601,0.2528100245932333,0.24409729706698577,0.24010912836748338,0.0,0.0,0.0,0.0,False,2.928974423617836,0.566350633536857,False,True,False,False,False,False
1.0,2.0,0.75,5e-07,19.55556399459029,0.291825358232126,0.27679971598331743,0.2777724280463709,0.0,0.0,0.0,0.0,False,1.7899787477142963,0.4994269633142213,False,True,False,False,False,False
1.0,2.0,0.75,8e-07,13.762826469168536,0.3332852077112498,0.3101734190888875,0.317602777213058,0.0,0.0,0.0,0.0,False,1.2597523086067146,0.4283101731900668,False,True,False,False,False,False
1.0,2.0,0.75,1e-06,12.48456123492505,0.3550935467906114,0.327180020697715,0.3384804267873765,0.0,0.0,0.0,0.0,False,1.142748902114791,0.3909019555349522,False,True,False,False,False,False
1.0,2.0,0.75,1.5e-06,11.439061374929318,0.3980730439947464,0.35991319339259586,0.37954348909937086,0.0,0.0,0.0,0.0,False,1.0470512003942818,0.31717848763265744,True,True,False,False,False,False
1.0,2.0,0.75,2e-06,11.166835498880616,0.4302560394219935,0.3842533238747657,0.4103204838149319,0.0,0.0,0.0,0.0,False,1.0221335589066785,0.261974444199779,True,True,False,False,False,False
1.0,2.0,0.75,3e-06,11.01539036052807,0.47457532036702643,0.41887946586876024,0.453043831817469,0.0,0.0,0.0,0.0,False,1.0082713364123184,0.18595282229282084,True,True,False,False,False,False
1.0,2.0,0.75,5e-06,10.954141042478934,0.5210511076089662,0.4593230841708164,0.49913414207281814,0.0,0.0,0.0,0.0,False,1.0026650047488452,0.10623210818834361,True,True,False,False,False,False
1.0,2.0,0.75,8e-06,10.93592476065933,0.5501663290870678,0.48911892526004275,0.5299569974218319,0.0,0.0,0.0,0.0,False,1.0009976144691024,0.05629026996920061,True,True,False,False,False,False
1.0,2.0,0.75,1e-05,10.931930305964434,0.5596252631346392,0.4999356119213803,0.5407573193288987,0.0,0.0,0.0,0.0,False,1.0006319901887417,0.04006519834181621,True,True,False,False,False,False
1.0,2.0,0.75,2e-05,10.926728198056432,0.5758915598505914,0.5201551538950675,0.5614371313376828,0.0,0.0,0.0,0.0,False,1.0001558258295233,0.012163340901931496,True,True,False,False,False,False
1.0,2.0,1.0,3e-07,31.719415950145518,0.26520464668018595,0.25933697644986103,0.25237253116846997,0.0,0.0,0.0,0.0,False,2.903372178699461,0.5450899259197234,False,True,False,False,False,False
1.0,2.0,1.0,5e-07,19.41834369344739,0.3052138688831368,0.2935215631091179,0.29104296516254313,0.0,0.0,0.0,0.0,False,1.7774185667413163,0.47646142161532123,False,True,False,False,False,False
1.0,2.0,1.0,8e-07,13.712674212379925,0.3473945424045033,0.3281088941440671,0.33163204268364,0.0,0.0,0.0,0.0,False,1.2551617238592558,0.4041081896619596,False,True,False,False,False,False
1.0,2.0,1.0,1e-06,12.457374385846661,0.36938495636845503,0.34554534939782183,0.35273008052910526,0.0,0.0,0.0,0.0,False,1.1402604092193114,0.3663876558379019,False,True,False,False,False,False
1.0,2.0,1.0,1.5e-06,11.431311440320949,0.4121933583954148,0.37855257129281317,0.39375122407669405,0.0,0.0,0.0,0.0,False,1.0463418259037789,0.2929576704243111,True,True,False,False,False,False
1.0,2.0,1.0,2e-06,11.163766753653498,0.44369909913694694,0.40247140659501074,0.424003855975134,0.0,0.0,0.0,0.0,False,1.0218526675583026,0.23891533355693395,True,True,False,False,False,False
1.0,2.0,1.0,3e-06,11.014515286782988,0.48618028313730166,0.43535664172210675,0.4651844209409137,0.0,0.0,0.0,0.0,False,1.0081912383181486,0.16604663083045546,True,True,False,False,False,False
1.0,2.0,1.0,5e-06,10.95392626654794,0.5293308854620431,0.47182757815307996,0.5083280103819425,0.0,0.0,0.0,0.0,False,1.002645345671147,0.09202966338331886,True,True,False,False,False,False
1.0,2.0,1.0,8e-06,10.935854939302128,0.5553085881076169,0.49722096602874627,0.5361481760411004,0.0,0.0,0.0,0.0,False,1.0009912235132823,0.04746966497128402,True,True,False,False,False,False
1.0,2.0,1.0,1e-05,10.931887730093921,0.5634945740845038,0.5061134226908218,0.5456262322433741,0.0,0.0,0.0,0.0,False,1.0006280930930913,0.03342810297838117,True,True,False,False,False,False
1.0,2.0,1.0,2e-05,10.926718261906462,0.5771890108207698,0.522269911112351,0.5632883292234131,0.0,0.0,0.0,0.0,False,1.0001549163442593,0.009937801024151205,True,True,False,False,False,False
1.0,2.0,1.5,3e-07,31.21287010028451,0.2823790847917234,0.2795483834747218,0.269395888170551,0.0,0.0,0.0,0.0,False,2.8570065353334653,0.5156303179852206,False,True,False,False,False,False
1.0,2.0,1.5,5e-07,19.170045244922587,0.3238607659245172,0.31571523192792755,0.3095546956565477,0.0,0.0,0.0,0.0,False,1.7546910736312848,0.44447607965149427,False,True,False,False,False,False
1.0,2.0,1.5,8e-07,13.621819060271855,0.36713552045628545,0.3519318866524098,0.3512918392438659,0.0,0.0,0.0,0.0,False,1.2468454824336042,0.3702461517966017,False,True,False,False,False,False
1.0,2.0,1.5,1e-06,12.407973217256997,0.3894091879153084,0.36993338751661226,0.3727304945354937,0.0,0.0,0.0,0.0,False,1.1357385738014114,0.33203974839959594,False,True,False,False,False,False
1.0,2.0,1.5,1.5e-06,11.41705222562773,0.4319679821187634,0.40323376086580487,0.41370073084296677,0.0,0.0,0.0,0.0,False,1.0450366377094105,0.25903791956207933,True,True,False,False,False,False
1.0,2.0,1.5,2e-06,11.158036191508609,0.4624443894456746,0.426476772495707,0.44316236128353836,0.0,0.0,0.0,0.0,False,1.021328132216103,0.20676121593589936,True,True,False,False,False,False
1.0,2.0,1.5,3e-06,11.012835946526051,0.5021439195489272,0.45681151172465567,0.48202040528996526,0.0,0.0,0.0,0.0,False,1.0080375233257848,0.1386639317959224,True,True,False,False,False,False
1.0,2.0,1.5,5e-06,10.953499707041649,0.5404038106118698,0.4877619461087712,0.5208398626293568,0.0,0.0,0.0,0.0,False,1.0026063014149391,0.07303608516646565,True,True,False,False,False,False
1.0,2.0,1.5,8e-06,10.935713313654691,0.5619928621071132,0.5073363925206397,0.5444329761093973,0.0,0.0,0.0,0.0,False,1.0009782600979027,0.03600401526134278,True,True,False,False,False,False
1.0,2.0,1.5,1e-05,10.931800837229362,0.5684669276753279,0.5137649510164956,0.5521014957700645,0.0,0.0,0.0,0.0,False,1.000620139531592,0.024898939674983578,True,True,False,False,False,False
1.0,2.0,1.5,2e-05,10.926697796018303,0.5788196585481935,0.5248495797063301,0.5657222863812749,0.0,0.0,0.0,0.0,False,1.000153043040842,0.007140723040160557,True,True,False,False,False,False
1.0,2.0,2.0,3e-07,30.765739724543067,0.2933577153990246,0.29177106096297795,0.2802866869693807,0.0,0.0,0.0,0.0,False,2.8160793664593746,0.49679848481266664,False,True,False,False,False,False
1.0,2.0,2.0,5e-07,18.951199150480214,0.3358642871907878,0.32916224493734103,0.3214762002130094,0.0,0.0,0.0,0.0,False,1.734659441806169,0.4238862339726277,False,True,False,False,False,False
1.0,2.0,2.0,8e-07,13.541626151301987,0.3799147335183223,0.3663792291556622,0.364022397635107,0.0,0.0,0.0,0.0,False,1.2395051877321492,0.34832574869088506,False,True,False,False,False,False
1.0,2.0,2.0,1e-06,12.364189679600223,0.4023916502715413,0.3847136564621187,0.3857033082935826,0.0,0.0,0.0,0.0,False,1.1317309367970758,0.30977070829736775,False,True,False,False,False,False
1.0,2.0,2.0,1.5e-06,11.404202652312168,0.44477172226330625,0.4181203575671899,0.42663564874795895,0.0,0.0,0.0,0.0,False,1.043860478169424,0.23707544473152897,True,True,False,False,False,False
1.0,2.0,2.0,2e-06,11.152771973133078,0.47450946917070186,0.44084959491486336,0.4555305371161327,0.0,0.0,0.0,0.0,False,1.0208462827016562,0.18606577797807478,True,True,False,False,False,False
1.0,2.0,2.0,3e-06,11.011240135427542,0.5122382971193997,0.46944270254904413,0.49274783747200285,0.0,0.0,0.0,0.0,False,1.0078914540049262,0.12134887300694308,True,True,False,False,False,False
1.0,2.0,2.0,5e-06,10.953077880555208,0.5471600380802469,0.4968715001246405,0.5286184008756155,0.0,0.0,0.0,0.0,False,1.0025676903860696,0.061447012438607396,True,True,False,False,False,False
1.0,2.0,2.0,8e-06,10.93556998391013,0.5659276907072891,0.5129615999792426,0.5494706300102721,0.0,0.0,0.0,0.0,False,1.0009651407014613,0.02925453634984465,True,True,False,False,False,False
1.0,2.0,2.0,1e-05,10.931712321447277,0.5713516432726283,0.5179733955782592,0.5560053975009768,0.0,0.0,0.0,0.0,False,1.0006120374196399,0.01995073758842303,True,True,False,False,False,False
1.0,2.0,2.0,2e-05,10.926676745861421,0.579738794085833,0.5262381449696864,0.5671644852709938,0.0,0.0,0.0,0.0,False,1.0001511162575765,0.005564114105319429,True,True,False,False,False,False
1.0,4.0,0.0,3e-07,32.00094509319662,0.17268873877523438,0.14973219370530225,0.16097896923939875,0.0,0.0,0.0,0.0,False,2.9291413757966707,0.7037840477817667,False,True,True,True,False,False
1.0,4.0,0.0,5e-07,15.43060301042999,0.20482927524125646,0.17108655710360274,0.19176122167891202,0.0,0.0,0.0,0.0,False,1.412408839792432,0.6486528349325074,False,True,False,True,False,False
1.0,4.0,0.0,8e-07,11.338856083912523,0.24102835524895017,0.1949699821487848,0.22633750126042135,0.0,0.0,0.0,0.0,False,1.0378791130344793,0.5865599328130511,True,True,False,True,False,False
1.0,4.0,0.0,1e-06,11.041534847580241,0.26133255050004245,0.20797457756159105,0.2456250491811492,0.0,0.0,0.0,0.0,False,1.0106644188213054,0.5517317988363741,True,True,False,False,False,False
1.0,4.0,0.0,1.5e-06,10.939311450389605,0.3066327307290337,0.23580454733977813,0.2882873120554632,0.0,0.0,0.0,0.0,False,1.0013076082204446,0.47402762358234407,True,True,False,False,False,False
1.0,4.0,0.0,2e-06,10.928972453079462,0.34819558818667085,0.2611860349886731,0.3270472211565407,0.0,0.0,0.0,0.0,False,1.0003612491451987,0.4027341421078571,True,True,False,False,False,False
1.0,4.0,0.0,3e-06,10.925761230945414,0.4180060906627888,0.3091779416075964,0.3919024260577093,0.0,0.0,0.0,0.0,False,1.0000673164631382,0.28298699117920467,True,True,False,False,False,False
1.0,4.0,0.0,5e-06,10.925119862844713,0.49412344353527615,0.38429639548929123,0.4639037357207463,0.0,0.0,0.0,0.0,False,1.000008610139453,0.1524215917132805,True,True,False,False,False,False
1.0,4.0,0.0,8e-06,10.925040126107229,0.5426908771970931,0.4586050069826544,0.5135503386318903,0.0,0.0,0.0,0.0,False,1.00000131159948,0.0691130406695678,True,True,False,False,False,False
1.0,4.0,0.0,1e-05,10.925031665064513,0.5596858471236852,0.48832750119004326,0.5333522279797097,0.0,0.0,0.0,0.0,False,1.0000005371351561,0.03996127758744794,True,True,False,False,False,False
1.0,4.0,0.0,2e-05,10.925026163569907,0.5808363658919397,0.5258545943195849,0.5667146036675826,0.0,0.0,0.0,0.0,False,1.000000033567045,0.0036814303821094407,True,True,False,False,False,False
1.0,4.0,0.25,3e-07,31.613739544347784,0.19635065811499505,0.180323616607294,0.18445591520245735,0.0,0.0,0.0,0.0,False,2.893699303983851,0.6631963521494478,False,True,True,True,False,False
1.0,4.0,0.25,5e-07,15.295945850799091,0.23162925578343163,0.20765690079875068,0.21838475636994578,0.0,0.0,0.0,0.0,False,1.400083270760848,0.6026823691567216,False,True,False,False,False,False
1.0,4.0,0.25,8e-07,11.32483766690934,0.27042651230280135,0.2366756046953967,0.2555477988225838,0.0,0.0,0.0,0.0,False,1.0365959657665593,0.536132770353419,True,True,False,False,False,False
1.0,4.0,0.25,1e-06,11.038292172741386,0.29181999574693246,0.25199177609733103,0.27592474378097276,0.0,0.0,0.0,0.0,False,1.010367607179928,0.4994361616769468,True,True,False,False,False,False
1.0,4.0,0.25,1.5e-06,10.939138348919913,0.33842304308463533,0.2834503881579832,0.3199496123840105,0.0,0.0,0.0,0.0,False,1.0012917637297394,0.4194971561499182,True,True,False,False,False,False
1.0,4.0,0.25,2e-06,10.928950184088315,0.3796686318607461,0.3101774515083093,0.358558752229974,0.0,0.0,0.0,0.0,False,1.0003592107984194,0.34874789108047244,True,True,False,False,False,False
1.0,4.0,0.25,3e-06,10.925759365799157,0.4460362673139354,0.3564323175332243,0.4205316835512439,0.0,0.0,0.0,0.0,False,1.000067145740772,0.23490634894131357,True,True,False,False,False,False
1.0,4.0,0.25,5e-06,10.925119692933338,0.5147483126629697,0.4225096322397873,0.486219292281055,0.0,0.0,0.0,0.0,False,1.000008594586961,0.11704340034211069,True,True,False,False,False,False
1.0,4.0,0.25,8e-06,10.925040101569117,0.5542740623299809,0.48021802453006185,0.5277357212817503,0.0,0.0,0.0,0.0,False,1.000001309353434,0.04924420476171931,True,True,False,False,False,False
1.0,4.0,0.25,1e-05,10.925031655074186,0.5667457732331272,0.5013308780056834,0.5430526091611323,0.0,0.0,0.0,0.0,False,1.0000005362207118,0.027851265377441203,True,True,False,False,False,False
1.0,4.0,0.25,2e-05,10.92502616294797,0.58151912293799,0.52708693648906,0.5681397523799254,0.0,0.0,0.0,0.0,False,1.0000000335101171,0.002510285523655509,True,True,False,False,False,False
1.0,4.0,0.5,3e-07,31.25833592745525,0.2162152091574787,0.20595671641449878,0.20402357715602076,0.0,0.0,0.0,0.0,False,2.8611681572844043,0.6291223474160201,False,True,False,False,False,False
1.0,4.0,0.5,5e-07,15.172251617768355,0.25357043907985644,0.2367914503508574,0.2400327950892777,0.0,0.0,0.0,0.0,False,1.3887611709021535,0.5650462815401192,False,True,False,False,False,False
1.0,4.0,0.5,8e-07,11.31189647330739,0.29424326634123443,0.2690494351037991,0.279063361224212,0.0,0.0,0.0,0.0,False,1.035411419950138,0.4952794841097553,True,True,False,False,False,False
1.0,4.0,0.5,1e-06,11.035276005866473,0.31647275857853163,0.28589917316962266,0.30027733436851595,0.0,0.0,0.0,0.0,False,1.0100915284840055,0.45714885522740956,True,True,False,False,False,False
1.0,4.0,0.5,1.5e-06,10.93897053508862,0.3641264201014129,0.31983562884823047,0.34540844103592955,0.0,0.0,0.0,0.0,False,1.001276403232253,0.3754077131888528,True,True,False,False,False,False
1.0,4.0,0.5,2e-06,10.928926874976757,0.40509598559810256,0.3474290722252139,0.38389897462696104,0.0,0.0,0.0,0.0,False,1.0003570772463353,0.3051319155795785,True,True,False,False,False,False
1.0,4.0,0.5,3e-06,10.925757084293082,0.4683571346048481,0.3919175969188565,0.44330758699059647,0.0,0.0,0.0,0.0,False,1.000066936907757,0.19661898286401414,True,True,False,False,False,False
1.0,4.0,0.5,5e-06,10.925119463090004,0.5300870478877817,0.449637301605124,0.503069404010136,0.0,0.0,0.0,0.0,False,1.0000085735487192,0.0907326050194649,True,True,False,False,False,False
1.0,4.0,0.5,8e-06,10.925040067770688,0.5621528381092857,0.49455228814802143,0.5378582791669932,0.0,0.0,0.0,0.0,False,1.0000013062597635,0.035729605684020616,True,True,False,False,False,False
1.0,4.0,0.5,1e-05,10.925031641285804,0.5714332760432856,0.5098300100079346,0.5499214664743188,0.0,0.0,0.0,0.0,False,1.0000005349586205,0.019810711498337685,True,True,False,False,False,False
1.0,4.0,0.5,2e-05,10.92502616208845,0.5819638546026232,0.5278860272703333,0.5691488646679669,0.0,0.0,0.0,0.0,False,1.0000000334314427,0.001747429679926249,True,True,False,False,False,False
1.0,4.0,0.75,3e-07,30.93062717805206,0.23153798303768044,0.22515126625009135,0.21911604904678064,0.0,0.0,0.0,0.0,False,2.8311720039116857,0.6028389308612427,False,True,False,False,False,False
1.0,4.0,0.75,5e-07,15.058311708423657,0.2704549296678964,0.2583669144092427,0.2566860025425256,0.0,0.0,0.0,0.0,False,1.3783319132085416,0.5360840255602097,False,True,False,False,False,False
1.0,4.0,0.75,8e-07,11.29992524697989,0.31261758625248953,0.29293402438928645,0.2971959358128946,0.0,0.0,0.0,0.0,False,1.0343156581139554,0.4637616983671715,True,True,False,False,False,False
1.0,4.0,0.75,1e-06,11.032464613523308,0.3355385188010725,0.3109083500107674,0.31909969134815763,0.0,0.0,0.0,0.0,False,1.0098341934080577,0.42444503007274703,True,True,False,False,False,False
1.0,4.0,0.75,1.5e-06,10.93880757067473,0.38410507033667113,0.34668536110525244,0.3651860236731755,0.0,0.0,0.0,0.0,False,1.001261486616318,0.34113799215524965,True,True,False,False,False,False
1.0,4.0,0.75,2e-06,10.928902643565392,0.4248755883306218,0.3748892749304981,0.40361290930709814,0.0,0.0,0.0,0.0,False,1.0003548592734155,0.27120362413761334,True,True,False,False,False,False
1.0,4.0,0.75,3e-06,10.92575442947281,0.48549003325687,0.4178227571112652,0.46085891768649273,0.0,0.0,0.0,0.0,False,1.000066693904187,0.16723062827609492,True,True,False,False,False,False
1.0,4.0,0.75,5e-06,10.92511917945169,0.5412586782743348,0.468703300015207,0.5155912266444184,0.0,0.0,0.0,0.0,False,1.0000085475864635,0.07156971601898321,True,True,False,False,False,False
1.0,4.0,0.75,8e-06,10.925040025659154,0.5675591535560981,0.5042054874550641,0.5451590536209616,0.0,0.0,0.0,0.0,False,1.00000130240517,0.026456060174176788,True,True,False,False,False,False
1.0,4.0,0.75,1e-05,10.925031624087815,0.5745944526789686,0.5154920296093113,0.5548609821825198,0.0,0.0,0.0,0.0,False,1.0000005333844375,0.01438829105615913,True,True,False,False,False,False
1.0,4.0,0.75,2e-05,10.925026161015646,0.5822587575048813,0.5284134604081372,0.5698739208682414,0.0,0.0,0.0,0.0,False,1.000000033333246,0.0012415776792465971,True,True,False,False,False,False
1.0,4.0,1.0,3e-07,30.627265584190198,0.24327920087518182,0.23941589737587948,0.23069659844544513,0.0,0.0,0.0,0.0,False,2.803404417866319,0.5826990187476686,False,True,False,False,False,False
1.0,4.0,1.0,5e-07,14.953093134884112,0.283424910347485,0.2743599957034626,0.2694916495351704,0.0,0.0,0.0,0.0,False,1.3687009452368328,0.5138363954917724,False,True,False,False,False,False
1.0,4.0,1.0,8e-07,11.28883002339075,0.32680054748019305,0.31065190221852534,0.31120271726103405,0.0,0.0,0.0,0.0,False,1.033300079405451,0.4394334219831124,True,True,False,False,False,False
1.0,4.0,1.0,1e-06,11.029838887254398,0.35029877649165736,0.32947931328625163,0.3336803665184903,0.0,0.0,0.0,0.0,False,1.0095938528983202,0.3991265071753517,True,True,False,False,False,False
1.0,4.0,1.0,1.5e-06,10.938649087223729,0.3996489060656022,0.36665236304722126,0.38058237056944316,0.0,0.0,0.0,0.0,False,1.001246980156201,0.31447538442399536,True,True,False,False,False,False
1.0,4.0,1.0,2e-06,10.928877601422368,0.44026205765354104,0.3952779208209765,0.4189675252831709,0.0,0.0,0.0,0.0,False,1.0003525670918236,0.24481094969867767,True,True,False,False,False,False
1.0,4.0,1.0,3e-06,10.925751440994217,0.49861927508055703,0.43684187701087435,0.47438030946434595,0.0,0.0,0.0,0.0,False,1.0000664203598815,0.14470981483863732,True,True,False,False,False,False
1.0,4.0,1.0,5e-06,10.925118847655487,0.5494198034653357,0.482236112750641,0.5249417971979268,0.0,0.0,0.0,0.0,False,1.0000085172161735,0.05757079815803923,True,True,False,False,False,False
1.0,4.0,1.0,8e-06,10.925039976104284,0.5713216181734259,0.5108225749554056,0.5505024763563535,0.0,0.0,0.0,0.0,False,1.0000012978692656,0.020002240155491346,True,True,False,False,False,False
1.0,4.0,1.0,1e-05,10.925031603836896,0.5767621794067994,0.519334684500322,0.5584696588241311,0.0,0.0,0.0,0.0,False,1.000000531530811,0.010669952261241678,True,True,False,False,False,False
1.0,4.0,1.0,2e-05,10.925026159751866,0.5824577196040419,0.5287675703270915,0.5704018649799474,0.0,0.0,0.0,0.0,False,1.0000000332175683,0.0009002945818298302,True,True,False,False,False,False
1.0,4.0,1.5,3e-07,30.082973545646265,0.2595336605285837,0.25836923440502335,0.24675756733414592,0.0,0.0,0.0,0.0,False,2.7535837539461556,0.5548174656239753,False,True,False,False,False,False
1.0,4.0,1.5,5e-07,14.765381047272147,0.3014814088657858,0.29562076034701207,0.2873430835073911,0.0,0.0,0.0,0.0,False,1.3515191013581571,0.48286377422961146,False,True,False,False,False,False
1.0,4.0,1.5,8e-07,11.268946496016811,0.3466916105823178,0.3342716489230729,0.3308636599510169,0.0,0.0,0.0,0.0,False,1.0314800811973301,0.4053139406595634,True,True,False,False,False,False
1.0,4.0,1.5,1e-06,11.025078883420433,0.37108236236374054,0.35427861608360856,0.35422449040629533,0.0,0.0,0.0,0.0,False,1.0091581556356795,0.3634760662533091,True,True,False,False,False,False
1.0,4.0,1.5,1.5e-06,10.938344365155066,0.42166302806547284,0.3933556972012052,0.40240093052067355,0.0,0.0,0.0,0.0,False,1.0012190880418637,0.2767141837997471,True,True,False,False,False,False
1.0,4.0,1.5,2e-06,10.928825498824882,0.46201072674770294,0.42244253409828925,0.4407057405943949,0.0,0.0,0.0,0.0,False,1.00034779798661,0.20750508499147458,True,True,False,False,False,False
1.0,4.0,1.5,3e-06,10.925744606161686,0.5167345678118087,0.46171049569270073,0.49317757629747505,0.0,0.0,0.0,0.0,False,1.0000657947473972,0.11363634285570734,True,True,False,False,False,False
1.0,4.0,1.5,5e-06,10.925118059869233,0.5599607828533602,0.4991255963371976,0.5374110438816779,0.0,0.0,0.0,0.0,False,1.000008445107762,0.03948967561998851,True,True,False,False,False,False
1.0,4.0,1.5,8e-06,10.925039857792493,0.5758920137862986,0.5187156188454344,0.5574693930194308,0.0,0.0,0.0,0.0,False,1.0000012870398367,0.012162562258235754,True,True,False,False,False,False
1.0,4.0,1.5,1e-05,10.925031555458942,0.5793449431556527,0.5238532836576125,0.5631598720291079,0.0,0.0,0.0,0.0,False,1.0000005271026333,0.006239693353525255,True,True,False,False,False,False
1.0,4.0,1.5,2e-05,10.925026156731597,0.5826893869765689,0.5291767678801799,0.5710811131239043,0.0,0.0,0.0,0.0,False,1.000000032941114,0.0005029115686833174,True,True,False,False,False,False
1.0,4.0,2.0,3e-07,29.608212760250417,0.26990236089186104,0.26984112455262216,0.25701155717064483,0.0,0.0,0.0,0.0,False,2.710127491762063,0.537031856248651,False,True,False,False,False,False
1.0,4.0,2.0,5e-07,14.603306691271737,0.31309613696764477,0.30852351757793206,0.29882814752276277,0.0,0.0,0.0,0.0,False,1.3366839550606395,0.46294083212667547,False,True,False,False,False,False
1.0,4.0,2.0,8e-07,11.251692076157827,0.3596095930695362,0.34866690698054337,0.34362644640343143,0.0,0.0,0.0,0.0,False,1.0299007329944216,0.3831555039813598,True,True,False,False,False,False
1.0,4.0,2.0,1e-06,11.020882567011936,0.3846460294850141,0.369424567870652,0.36762202942525146,0.0,0.0,0.0,0.0,False,1.0087740543542247,0.34021007566009165,True,True,False,False,False,False
1.0,4.0,2.0,1.5e-06,10.938054394444805,0.4361187598872559,0.4096755286581752,0.41671677543563357,0.0,0.0,0.0,0.0,False,1.0011925461630935,0.25191801934240965,True,True,False,False,False,False
1.0,4.0,2.0,2e-06,10.928771330076057,0.4762286993961815,0.43892602092795774,0.4549233110517108,0.0,0.0,0.0,0.0,False,1.000342839760439,0.1831167529175255,True,True,False,False,False,False
1.0,4.0,2.0,3e-06,10.925736838008612,0.528163774730663,0.47636708049237836,0.5051361112394294,0.0,0.0,0.0,0.0,False,1.0000650837053164,0.09403162841642876,True,True,False,False,False,False
1.0,4.0,2.0,5e-06,10.925117136236643,0.5660358690899437,0.5084516506808233,0.5449102115498167,0.0,0.0,0.0,0.0,False,1.0000083605649328,0.029068976116706446,True,True,False,False,False,False
1.0,4.0,2.0,8e-06,10.925039718464362,0.5783189058477112,0.5228087084083896,0.5615381248585062,0.0,0.0,0.0,0.0,False,1.0000012742867197,0.007999672726464624,True,True,False,False,False,False
1.0,4.0,2.0,1e-05,10.925031498460152,0.5806800413105628,0.5261468651931138,0.5658794687379054,0.0,0.0,0.0,0.0,False,1.0000005218853651,0.003949576614782568,True,True,False,False,False,False
1.0,4.0,2.0,2e-05,10.92502615317202,0.5828052280246037,0.5293788345447962,0.5714660094550567,0.0,0.0,0.0,0.0,False,1.0000000326152956,0.0003042074343376777,True,True,False,False,False,False
2.0,1.0,0.0,3e-07,79.34707827197377,0.27141824696760625,0.31712448061549825,0.2901079477221109,0.0,0.0,0.0,0.0,False,7.26287331008944,0.5344316308919433,False,True,False,False,False,False
2.0,1.0,0.0,5e-07,55.41461577288869,0.20192156743048495,0.24917203933654336,0.21627062325315152,0.0,0.0,0.0,0.0,False,5.072264066311954,0.65364047595675,False,True,False,False,False,False
2.0,1.0,0.0,8e-07,39.14509775908512,0.16158986436623893,0.19768985707001235,0.16836066610795308,0.0,0.0,0.0,0.0,False,3.5830668491762365,0.7228221372074488,False,True,True,True,False,False
2.0,1.0,0.0,1e-06,33.19529768745236,0.1555664111224255,0.17856863639349105,0.1568805615333611,0.0,0.0,0.0,0.0,False,3.0384640095793944,0.7331542697536277,False,True,True,True,False,False
2.0,1.0,0.0,1.5e-06,24.909766961125225,0.17056738293599535,0.15786270271104888,0.1610602746455315,0.0,0.0,0.0,0.0,False,2.2800648185480292,0.7074228457970315,False,True,True,True,False,False
2.0,1.0,0.0,2e-06,20.70901777688421,0.19769901626294337,0.15807409134379727,0.18207349063681982,0.0,0.0,0.0,0.0,False,1.8955577919877287,0.6608834903174694,False,True,True,True,False,False
2.0,1.0,0.0,3e-06,16.641323244319207,0.24865305582783484,0.18069418409054072,0.22736102055638216,0.0,0.0,0.0,0.0,False,1.5232296521550355,0.5734811532795872,False,True,False,True,False,False
2.0,1.0,0.0,5e-06,13.721589980334665,0.3197654030676026,0.23481802882485436,0.2948016683371641,0.0,0.0,0.0,0.0,False,1.255977810532233,0.4515009257239361,False,True,False,False,False,False
2.0,1.0,0.0,8e-06,12.362330659285409,0.3822758048587511,0.2944528010655046,0.3563718108413057,0.0,0.0,0.0,0.0,False,1.131560775156327,0.34427576256949355,False,True,False,False,False,False
2.0,1.0,0.0,1e-05,11.978680280733759,0.4092769070522063,0.3226901896279496,0.38359903338121176,0.0,0.0,0.0,0.0,False,1.0964441186206235,0.2979603093795419,False,True,False,False,False,False
2.0,1.0,0.0,2e-05,11.345209364265612,0.4783447860472442,0.4003613953686132,0.4553314210014617,0.0,0.0,0.0,0.0,False,1.0384606476204132,0.17948699323101425,True,True,False,False,False,False
2.0,1.0,0.25,3e-07,78.38442080146508,0.22318926790472193,0.24960572497786088,0.24577204133405256,0.0,0.0,0.0,0.0,False,7.17475841787689,0.6171596249635193,False,True,False,False,False,False
2.0,1.0,0.25,5e-07,54.78000175209324,0.15361316358630897,0.18007252113301087,0.17068472754569072,0.0,0.0,0.0,0.0,False,5.014175963583768,0.736504708716424,False,True,True,True,False,False
2.0,1.0,0.25,8e-07,38.73041281575053,0.12981921527682158,0.14141393977481562,0.1345918409161638,0.0,0.0,0.0,0.0,False,3.545109506919508,0.7773188759025069,False,True,True,True,True,False
2.0,1.0,0.25,1e-06,32.86190050881369,0.1382830326927763,0.1361478009806768,0.1354480218784317,0.0,0.0,0.0,0.0,False,3.0079471774145836,0.7628007448822123,False,True,True,True,True,False
2.0,1.0,0.25,1.5e-06,24.69265515709442,0.17851584301680076,0.1505350694461715,0.16502306880597806,0.0,0.0,0.0,0.0,False,2.2601919314658385,0.6937887160430996,False,True,True,True,False,False
2.0,1.0,0.25,2e-06,20.553685588515826,0.2173794763576408,0.17506450424930878,0.19934371420923253,0.0,0.0,0.0,0.0,False,1.8813397762816986,0.6271252599407253,False,True,False,True,False,False
2.0,1.0,0.25,3e-06,16.549225061153223,0.27679924655714333,0.22030608029920185,0.2548894647467477,0.0,0.0,0.0,0.0,False,1.514799632411508,0.5252015101058087,False,True,False,False,False,False
2.0,1.0,0.25,5e-06,13.677813489927996,0.35004484202198055,0.2835734500567587,0.3257646062634638,0.0,0.0,0.0,0.0,False,1.2519708185835918,0.3995620853217313,False,True,False,False,False,False
2.0,1.0,0.25,8e-06,12.341571641780357,0.409799077902662,0.34012718635504086,0.38519817440882803,0.0,0.0,0.0,0.0,False,1.1296606407409886,0.29706462077364115,False,True,False,False,False,False
2.0,1.0,0.25,1e-05,11.964261094453143,0.4346235406206831,0.36491500223854156,0.41040157285757645,0.0,0.0,0.0,0.0,False,1.0951242877526017,0.25448279456726897,False,True,False,False,False,False
2.0,1.0,0.25,2e-05,11.340531106320373,0.4957990494451829,0.42936351302760345,0.47426957925904883,0.0,0.0,0.0,0.0,False,1.0380324328013153,0.14954739618862878,True,True,False,False,False,False
2.0,1.0,0.5,3e-07,77.50841034829308,0.1987943846656856,0.21422769651341575,0.22227080767952015,0.0,0.0,0.0,0.0,False,7.094574584038744,0.6590045861298005,False,True,True,False,False,False
2.0,1.0,0.5,5e-07,54.19870048027543,0.13620803216733582,0.15054892631787709,0.1515253686378309,0.0,0.0,0.0,0.0,False,4.960967734822838,0.766360028833534,False,True,True,True,True,False
2.0,1.0,0.5,8e-07,38.34883368564158,0.13327437555787966,0.1341258323157616,0.1324982738554765,0.0,0.0,0.0,0.0,False,3.5101824378942794,0.7713921802767294,False,True,True,True,True,False
2.0,1.0,0.5,1e-06,32.55457914491039,0.1518056943521081,0.1433147952186342,0.14381605719195648,0.0,0.0,0.0,0.0,False,2.979817141878015,0.7396050916603913,False,True,True,True,False,False
2.0,1.0,0.5,1.5e-06,24.491994435998215,0.20287348516324882,0.17887831221114933,0.18665650913682807,0.0,0.0,0.0,0.0,False,2.241824860776259,0.6520076351609696,False,True,False,True,False,False
2.0,1.0,0.5,2e-06,20.40990046514177,0.24484074753201968,0.21171600080427486,0.22538982553713022,0.0,0.0,0.0,0.0,False,1.8681786976675387,0.580020471013931,False,True,False,False,False,False
2.0,1.0,0.5,3e-06,16.463794416496413,0.304986832452117,0.2613725483919753,0.2828413919557129,0.0,0.0,0.0,0.0,False,1.5069799122346048,0.4768508610951606,False,True,False,False,False,False
2.0,1.0,0.5,5e-06,13.637062918884379,0.37568596512037294,0.32280582862676993,0.3520787242026309,0.0,0.0,0.0,0.0,False,1.2482407980050254,0.35557942757343985,False,True,False,False,False,False
2.0,1.0,0.5,8e-06,12.322147458958336,0.43133146939318806,0.37378472697614484,0.4078795655651526,0.0,0.0,0.0,0.0,False,1.127882687701498,0.2601297407453398,False,True,False,False,False,False
2.0,1.0,0.5,1e-05,11.950725148375458,0.4539548429043389,0.39531267104162815,0.431001547177053,0.0,0.0,0.0,0.0,False,1.093885302478847,0.22132348056576545,False,True,False,False,False,False
2.0,1.0,0.5,2e-05,11.33608105821448,0.5084609565829832,0.4494562205360089,0.4882062691560787,0.0,0.0,0.0,0.0,False,1.0376251067053734,0.12782820994450383,True,True,False,False,False,False
2.0,1.0,0.75,3e-07,76.70514793626033,0.185443085999581,0.19434190665768092,0.20860069380400742,0.0,0.0,0.0,0.0,False,7.021049594078133,0.6819062974734551,False,True,True,True,False,False
2.0,1.0,0.75,5e-07,53.66283846446387,0.13242442635306279,0.1401318980122847,0.14442975403279426,0.0,0.0,0.0,0.0,False,4.911918695875387,0.7728501127095422,False,True,True,True,True,False
2.0,1.0,0.75,8e-07,37.99574623360934,0.14608338533031653,0.14420886363615745,0.1407403887044035,0.0,0.0,0.0,0.0,False,3.4778632966311003,0.7494206663631702,False,True,True,True,False,False
2.0,1.0,0.75,1e-06,32.26977862815435,0.1700110531414099,0.16216747163486359,0.15856715509323197,0.0,0.0,0.0,0.0,False,2.9537485062471327,0.7083771278250275,False,True,True,True,False,False
2.0,1.0,0.75,1.5e-06,24.30561074956824,0.22572839717876783,0.20731426939549646,0.20789185284374206,0.0,0.0,0.0,0.0,False,2.2247646093960074,0.6128042130180094,False,True,False,False,False,False
2.0,1.0,0.75,2e-06,20.276159302002217,0.26852739088386823,0.24303909994491854,0.24826992353441182,0.0,0.0,0.0,0.0,False,1.8559369725104113,0.5393903658600925,False,True,False,False,False,False
2.0,1.0,0.75,3e-06,16.384174377966477,0.32788670481315535,0.2932774971322474,0.3057175536743258,0.0,0.0,0.0,0.0,False,1.499692054062874,0.437570317701246,False,True,False,False,False,False
2.0,1.0,0.75,5e-06,13.598952349058049,0.39564246597372077,0.3517615717579576,0.37268090519321556,0.0,0.0,0.0,0.0,False,1.2447524245645416,0.3213476997541028,False,True,False,False,False,False
2.0,1.0,0.75,8e-06,12.3038888556098,0.4476409286465307,0.39802644170347357,0.4252001952178767,0.0,0.0,0.0,0.0,False,1.126211423606744,0.23215384586558518,False,True,False,False,False,False
2.0,1.0,0.75,1e-05,11.937960840033966,0.46844635303956056,0.41703338018262687,0.44659372643794465,0.0,0.0,0.0,0.0,False,1.0927169474947176,0.19646594495441339,False,True,False,False,False,False
2.0,1.0,0.75,2e-05,11.33183084286201,0.5177295750528766,0.4635876149553377,0.49855658070960307,0.0,0.0,0.0,0.0,False,1.0372360718937856,0.1119295898881002,True,True,False,False,False,False
2.0,1.0,1.0,3e-07,75.96431261690282,0.17764236895842203,0.18256026528734565,0.20005171184787263,0.0,0.0,0.0,0.0,False,6.9532387409842045,0.6952870010602676,False,True,True,True,False,False
2.0,1.0,1.0,5e-07,53.16639818848153,0.13394857052971249,0.1382402302758289,0.14266919612182297,0.0,0.0,0.0,0.0,False,4.866478045645937,0.7702357220908709,False,True,True,True,True,False
2.0,1.0,1.0,8e-07,37.66755788233928,0.15919412268059357,0.15721293194718747,0.15072887806410987,0.0,0.0,0.0,0.0,False,3.4478232438776586,0.7269315939659814,False,True,True,True,False,False
2.0,1.0,1.0,1e-06,32.004711899304155,0.1862056102687861,0.18011469247240822,0.17255318739494774,0.0,0.0,0.0,0.0,False,2.9294861627269335,0.6805983265305086,False,True,True,True,False,False
2.0,1.0,1.0,1.5e-06,24.13178267891646,0.2443615409388133,0.2301579980882699,0.22550949446265592,0.0,0.0,0.0,0.0,False,2.208853610750868,0.5808424622932848,False,True,False,False,False,False
2.0,1.0,1.0,2e-06,20.151265734687037,0.28739335278385264,0.26716091555009375,0.2666559318886197,0.0,0.0,0.0,0.0,False,1.8445050940290624,0.5070292581911642,False,True,False,False,False,False
2.0,1.0,1.0,3e-06,16.30967945802902,0.34579242717972497,0.31716243546470246,0.3237023464228213,0.0,0.0,0.0,0.0,False,1.492873313190066,0.40685632535532823,False,True,False,False,False,False
2.0,1.0,1.0,5e-06,13.56317209942333,0.41099269937837396,0.37304615044138917,0.38862223681125513,0.0,0.0,0.0,0.0,False,1.241477352239766,0.2950171814065824,False,True,False,False,False,False
2.0,1.0,1.0,8e-06,12.286659939375484,0.46002336580538367,0.4156515910063129,0.4384571145357275,0.0,0.0,0.0,0.0,False,1.1246344098262104,0.21091403926437968,False,True,False,False,False,False
2.0,1.0,1.0,1e-05,11.925878605779241,0.4793869118157279,0.4327602798980746,0.4584754869552849,0.0,0.0,0.0,0.0,False,1.0916110247738569,0.1776994170460705,False,True,False,False,False,False
2.0,1.0,1.0,2e-05,11.32775780302487,0.5246269602048238,0.4737219054895246,0.5063610719608983,0.0,0.0,0.0,0.0,False,1.0368632544823781,0.10009838696722428,True,True,False,False,False,False
2.0,1.0,1.5,3e-07,74.63928011903171,0.16964380028627968,0.17055441909243196,0.19041045020872435,0.0,0.0,0.0,0.0,False,6.831954588204147,0.7090070829394073,False,True,True,True,False,False
2.0,1.0,1.5,5e-07,52.27351500244637,0.14075411714022495,0.1424076144921902,0.14450870897131282,0.0,0.0,0.0,0.0,False,4.784749800547177,0.7585620513935455,False,True,True,True,True,False
2.0,1.0,1.5,8e-07,37.074805687687636,0.17988394964257645,0.17887225582856806,0.1677767254169494,0.0,0.0,0.0,0.0,False,3.3935668782018356,0.6914419793087623,False,True,True,True,False,False
2.0,1.0,1.5,1e-06,31.52513987639108,0.21022349160231676,0.20674477992032286,0.194052459330853,0.0,0.0,0.0,0.0,False,2.8855895137092817,0.6394000431917422,False,True,False,False,False,False
2.0,1.0,1.5,1.5e-06,23.816412155913504,0.27092642306171316,0.26154282785815713,0.25092296638864575,0.0,0.0,0.0,0.0,False,2.1799868118190147,0.5352752648639154,False,True,False,False,False,False
2.0,1.0,1.5,2e-06,19.924265471942174,0.31401019100674543,0.29961206673928337,0.29277914079138734,0.0,0.0,0.0,0.0,False,1.823727087005012,0.4613729395733368,False,True,False,False,False,False
2.0,1.0,1.5,3e-06,16.17390469846647,0.37082386343943713,0.34879274414547534,0.34898519803866346,0.0,0.0,0.0,0.0,False,1.4804454469234518,0.36391947388691037,False,True,False,False,False,False
2.0,1.0,1.5,5e-06,13.49762492622004,0.4322253459091143,0.4008788308663636,0.41082754942720245,0.0,0.0,0.0,0.0,False,1.2354776251524218,0.2585964590431945,False,True,False,False,False,False
2.0,1.0,1.5,8e-06,12.254862472271839,0.47697327220271357,0.43848286494691535,0.45677900187044806,0.0,0.0,0.0,0.0,False,1.1217238933940372,0.18183957442605614,False,True,False,False,False,False
2.0,1.0,1.5,1e-05,11.903478122250945,0.4942892890877654,0.45305156305483557,0.474838512920307,0.0,0.0,0.0,0.0,False,1.0895606421070483,0.1521371139957397,False,True,False,False,False,False
2.0,1.0,1.5,2e-05,11.32007241751539,0.5338944424024283,0.4866655357800492,0.517006992429775,0.0,0.0,0.0,0.0,False,1.036159788362262,0.08420171597814496,True,True,False,False,False,False
2.0,1.0,2.0,3e-07,73.4853132596313,0.16588923921830395,0.16522569784830043,0.18532857727386104,0.0,0.0,0.0,0.0,False,6.7263285804620665,0.7154473458644813,False,True,True,True,False,False
2.0,1.0,2.0,5e-07,51.491016099346254,0.1470930938156672,0.14798253867145741,0.14772287989983987,0.0,0.0,0.0,0.0,False,4.713125356115586,0.7476886960993752,False,True,True,True,False,False
2.0,1.0,2.0,8e-07,36.552798089470876,0.193891551776344,0.19349625595229364,0.1798355288250388,0.0,0.0,0.0,0.0,False,3.345785975170255,0.6674144993828786,False,True,True,True,False,False
2.0,1.0,2.0,1e-06,31.101936168613022,0.22600646269658423,0.2237439337750693,0.208487562283247,0.0,0.0,0.0,0.0,False,2.846852423687937,0.6123272424713297,False,True,False,False,False,False
2.0,1.0,2.0,1.5e-06,23.53716056101609,0.28807009695189634,0.2807748298835507,0.26745009248943585,0.0,0.0,0.0,0.0,False,2.154426085456432,0.505868427325371,False,True,False,False,False,False
2.0,1.0,2.0,2e-06,19.722795518755976,0.3311082227941423,0.3192450989650246,0.30964372274399204,0.0,0.0,0.0,0.0,False,1.8052859449031504,0.43204439271566686,False,True,False,False,False,False
2.0,1.0,2.0,3e-06,16.052952094483523,0.38682320608256154,0.3677087704876212,0.36521691588959204,0.0,0.0,0.0,0.0,False,1.4693742964994563,0.336475527341749,False,True,False,False,False,False
2.0,1.0,2.0,5e-06,13.43882905616088,0.4456880888041822,0.41732713230368784,0.42499271729123833,0.0,0.0,0.0,0.0,False,1.2300958648570715,0.2355035855042762,False,True,False,False,False,False
2.0,1.0,2.0,8e-06,12.226057993516408,0.48762097002746074,0.45183750168969744,0.4683874245352806,0.0,0.0,0.0,0.0,False,1.1190873340585217,0.16357539592513692,False,True,False,False,False,False
2.0,1.0,2.0,1e-05,11.883065452272106,0.5036070776578894,0.4648660729911562,0.4851706528116964,0.0,0.0,0.0,0.0,False,1.0876922099075814,0.1361541516240019,False,True,False,False,False,False
2.0,1.0,2.0,2e-05,11.312910951000418,0.5396109239185782,0.4941104812615734,0.523662927301463,0.0,0.0,0.0,0.0,False,1.0355042781009465,0.07439613729563332,True,True,False,False,False,False
2.0,2.0,0.0,3e-07,69.63916627009777,0.3707360411230733,0.4163064678946704,0.3969982760595181,0.0,0.0,0.0,0.0,False,6.374279344052684,0.36407011701078884,False,True,False,False,False,False
2.0,2.0,0.0,5e-07,36.16212611374671,0.2756256218332825,0.328099021938757,0.29742798772063095,0.0,0.0,0.0,0.0,False,3.3100266110288135,0.5272146487018222,False,True,False,False,False,False
2.0,2.0,0.0,8e-07,19.860607034285255,0.2076145004158597,0.26118312550398637,0.2235829338571563,0.0,0.0,0.0,0.0,False,1.817900241481656,0.6438752904725231,False,True,False,False,False,False
2.0,2.0,0.0,1e-06,15.89041627441544,0.18700284770666795,0.23447840086670288,0.19839837031192922,0.0,0.0,0.0,0.0,False,1.454496911027748,0.679230811494606,False,True,True,False,False,False
2.0,2.0,0.0,1.5e-06,12.468274999725653,0.18458818677110944,0.19741898572319155,0.18288514460417224,0.0,0.0,0.0,0.0,False,1.1412581747240973,0.6833727207666493,False,True,True,True,False,False
2.0,2.0,0.0,2e-06,11.592437735314533,0.21491783558156752,0.18528132073135234,0.20262262484696092,0.0,0.0,0.0,0.0,False,1.0610901933666783,0.6313477545380879,False,True,False,True,False,False
2.0,2.0,0.0,3e-06,11.145902353408855,0.28667786212294527,0.1987149172503267,0.26262410678280484,0.0,0.0,0.0,0.0,False,1.0202174860423199,0.5082565515799924,True,True,False,True,False,False
2.0,2.0,0.0,5e-06,10.98917178322811,0.38558890693356307,0.2654698723550915,0.35281356181945583,0.0,0.0,0.0,0.0,False,1.0058714723032998,0.33859274181870813,True,True,False,False,False,False
2.0,2.0,0.0,8e-06,10.947942145457565,0.4625550025891196,0.35259267454040294,0.4280848565605257,0.0,0.0,0.0,0.0,False,1.0020976013269551,0.20657147931586395,True,True,False,False,False,False
2.0,2.0,0.0,1e-05,10.939372358403073,0.4923090559447454,0.393248574607706,0.4593026878663635,0.0,0.0,0.0,0.0,False,1.0013131833114879,0.1555338418323895,True,True,False,False,False,False
2.0,2.0,0.0,2e-05,10.928505264433474,0.5524061005984117,0.48242505152901743,0.5294991562356637,0.0,0.0,0.0,0.0,False,1.0003184859833834,0.05244835152281291,True,True,False,False,False,False
2.0,2.0,0.25,3e-07,68.70716165420612,0.3274517707309773,0.3561389386037167,0.3580531324745559,0.0,0.0,0.0,0.0,False,6.288970198498038,0.43831636758393244,False,True,False,False,False,False
2.0,2.0,0.25,5e-07,35.701468928481376,0.22306658093992385,0.2558779419058866,0.24996258610633565,0.0,0.0,0.0,0.0,False,3.2678612931768236,0.617370072016177,False,True,False,False,False,False
2.0,2.0,0.25,8e-07,19.670432395932295,0.15389289519079558,0.1844229863421787,0.17351082092062609,0.0,0.0,0.0,0.0,False,1.8004929930330702,0.7360248803027346,False,True,True,True,False,False
2.0,2.0,0.25,1e-06,15.780002672769298,0.14113433940651385,0.1614732867425665,0.15319109745139797,0.0,0.0,0.0,0.0,False,1.4443904267320324,0.7579098496260062,False,True,True,True,True,False
2.0,2.0,0.25,1.5e-06,12.435331347684762,0.16963844290321484,0.1496657633614299,0.1629909378320714,0.0,0.0,0.0,0.0,False,1.1382427445865875,0.709016272550364,False,True,True,True,False,False
2.0,2.0,0.25,2e-06,11.579973545263721,0.22089333231195502,0.16885545411146483,0.20396162641091903,0.0,0.0,0.0,0.0,False,1.0599493090994385,0.6210978826210054,False,True,False,True,False,False
2.0,2.0,0.25,3e-06,11.142830100157797,0.3092644902484368,0.22451583742724107,0.2829740953282676,0.0,0.0,0.0,0.0,False,1.0199362735941127,0.46951332138998136,True,True,False,False,False,False
2.0,2.0,0.25,5e-06,10.98858291807652,0.4138119487737359,0.31474692371802726,0.381429093379795,0.0,0.0,0.0,0.0,False,1.0058175717301991,0.2901812746178093,True,True,False,False,False,False
2.0,2.0,0.25,8e-06,10.947784884910925,0.48628122145629615,0.3958074989333445,0.4539497571714879,0.0,0.0,0.0,0.0,False,1.0020832068028995,0.1658734896025542,True,True,False,False,False,False
2.0,2.0,0.25,1e-05,10.939282612961614,0.5119357759227661,0.42873351535914644,0.4814927468407908,0.0,0.0,0.0,0.0,False,1.001304968645168,0.12186779279848592,True,True,False,False,False,False
2.0,2.0,0.25,2e-05,10.928486483806616,0.5600161667267104,0.4957526630892882,0.5390935334810562,0.0,0.0,0.0,0.0,False,1.0003167669369293,0.03939467471316427,True,True,False,False,False,False
2.0,2.0,0.5,3e-07,67.85414848529483,0.3038239370185059,0.32344292932928687,0.33626602568991365,0.0,0.0,0.0,0.0,False,6.210891374267041,0.47884559555578865,False,True,False,False,False,False
2.0,2.0,0.5,5e-07,35.277972801296386,0.19691374072772233,0.21850892412743456,0.22525629715958,0.0,0.0,0.0,0.0,False,3.2290974371402426,0.6622304868968002,False,True,True,False,False,False
2.0,2.0,0.5,8e-07,19.494913615624185,0.13754339406036842,0.15401725054994064,0.15474696889509387,0.0,0.0,0.0,0.0,False,1.7844272387207343,0.7640694597002715,False,True,True,True,True,False
2.0,2.0,0.5,1e-06,15.677976544854607,0.13785182558466302,0.14308579348721487,0.14430357146308417,0.0,0.0,0.0,0.0,False,1.435051672772832,0.7635404018224329,False,True,True,True,True,False
2.0,2.0,0.5,1.5e-06,12.404773711074885,0.18955467858775987,0.16409936003345407,0.17727119571890482,0.0,0.0,0.0,0.0,False,1.1354457135151652,0.6748536122649191,False,True,True,True,False,False
2.0,2.0,0.5,2e-06,11.56834010402812,0.24855630942802723,0.20213860340670062,0.22815290273796934,0.0,0.0,0.0,0.0,False,1.0588844657341299,0.5736471040366888,False,True,False,False,False,False
2.0,2.0,0.5,3e-06,11.139918567785939,0.3392589812689502,0.26974466550756415,0.3117557643549464,0.0,0.0,0.0,0.0,False,1.019669772404459,0.41806325706061687,True,True,False,False,False,False
2.0,2.0,0.5,5e-06,10.988008500757923,0.4393978095312436,0.35765201432715976,0.40788429844846935,0.0,0.0,0.0,0.0,False,1.005764993610085,0.24629340930962185,True,True,False,False,False,False
2.0,2.0,0.5,8e-06,10.947627198694173,0.5044020297921438,0.4270337781359559,0.47418720466733727,0.0,0.0,0.0,0.0,False,1.0020687733159968,0.13479055660856454,True,True,False,False,False,False
2.0,2.0,0.5,1e-05,10.939191688143657,0.526232052988664,0.4533910327103278,0.49813008001047515,0.0,0.0,0.0,0.0,False,1.0012966460270205,0.09734514381578352,True,True,False,False,False,False
2.0,2.0,0.5,2e-05,10.92846710456522,0.565217027764411,0.5046403351451236,0.5459204571811047,0.0,0.0,0.0,0.0,False,1.0003149930975117,0.030473548671226203,True,True,False,False,False,False
2.0,2.0,0.75,3e-07,67.06947870599566,0.2893593159359496,0.30375250404638066,0.32263097409346664,0.0,0.0,0.0,0.0,False,6.139068223101075,0.503657007914426,False,True,False,False,False,False
2.0,2.0,0.75,5e-07,34.8870249914287,0.18318093189675427,0.1980915869731714,0.21133287877992263,0.0,0.0,0.0,0.0,False,3.193312825081895,0.685786609162484,False,True,True,True,False,False
2.0,2.0,0.75,8e-07,19.332368475194812,0.1376964741908476,0.14644638989652894,0.15030151197884034,0.0,0.0,0.0,0.0,False,1.7695490001287253,0.7638068787298088,False,True,True,True,True,False
2.0,2.0,0.75,1e-06,15.583392116182221,0.1492486337517224,0.1486080505618897,0.14972896237501265,0.0,0.0,0.0,0.0,False,1.4263940796072703,0.7439912615171811,False,True,True,True,False,False
2.0,2.0,0.75,1.5e-06,12.376336158581424,0.2139835337528931,0.19150783262092064,0.1979107828787648,0.0,0.0,0.0,0.0,False,1.1328427400282135,0.6329503784717785,False,True,False,True,False,False
2.0,2.0,0.75,2e-06,11.557445764737409,0.2758300387389598,0.23761558636821034,0.2532272999622242,0.0,0.0,0.0,0.0,False,1.0578872745610113,0.5268640088813328,False,True,False,False,False,False
2.0,2.0,0.75,3e-06,11.137150483991356,0.3654269734705176,0.30791600816417924,0.33731261610277635,0.0,0.0,0.0,0.0,False,1.019416401488357,0.37317685171304227,True,True,False,False,False,False
2.0,2.0,0.75,5e-06,10.987447134490893,0.45966608508457857,0.3898415467153036,0.42916083833431234,0.0,0.0,0.0,0.0,False,1.0057136100914124,0.21152688900590366,True,True,False,False,False,False
2.0,2.0,0.75,8e-06,10.947469208598175,0.5178075276050647,0.44913338942991715,0.48951402018325874,0.0,0.0,0.0,0.0,False,1.0020543120141256,0.11179587653980672,True,True,False,False,False,False
2.0,2.0,0.75,1e-05,10.939099761247356,0.5365652708410734,0.47055674774063205,0.5104982759781563,0.0,0.0,0.0,0.0,False,1.0012882316856715,0.07962039819925659,True,True,False,False,False,False
2.0,2.0,0.75,2e-05,10.928447204250872,0.5688392211015556,0.5106930426035264,0.5508621536165279,0.0,0.0,0.0,0.0,False,1.000313171562742,0.02426033838264252,True,True,False,False,False,False
2.0,2.0,1.0,3e-07,66.34459124612857,0.27975913499456395,0.2910135785390004,0.31341891901493224,0.0,0.0,0.0,0.0,False,6.072717124866035,0.5201243627586882,False,True,False,False,False,False
2.0,2.0,1.0,5e-07,34.52482801485975,0.1756698358579694,0.18650845120620693,0.202979061160807,0.0,0.0,0.0,0.0,False,3.160159862031372,0.6986705208819803,False,True,True,True,False,False
2.0,2.0,1.0,8e-07,19.18138145686883,0.14355214778790173,0.14843673742542385,0.15174598214661808,0.0,0.0,0.0,0.0,False,1.7557287107185595,0.7537625414862079,False,True,True,True,True,False
2.0,2.0,1.0,1e-06,15.495448943976958,0.16304751214026192,0.16064633856485908,0.15902447395784133,0.0,0.0,0.0,0.0,False,1.4183443803351068,0.7203218090074555,False,True,True,True,False,False
2.0,2.0,1.0,1.5e-06,12.349792879228835,0.2354601394503474,0.21645719138650474,0.21689155642278576,0.0,0.0,0.0,0.0,False,1.1304131549776917,0.5961111887700855,False,True,False,False,False,False
2.0,2.0,1.0,2e-06,11.547212778303994,0.29861327941872,0.2665888339936076,0.2745593772921864,0.0,0.0,0.0,0.0,False,1.0569506189755968,0.4877835258085117,False,True,False,False,False,False
2.0,2.0,1.0,3e-06,11.13451131130219,0.38648921774500694,0.33725218342722996,0.3580808412537402,0.0,0.0,0.0,0.0,False,1.0191748301879098,0.33704842325922557,True,True,False,False,False,False
2.0,2.0,1.0,5e-06,10.986897713082145,0.47527733118839816,0.41351220713817066,0.4457654103325535,0.0,0.0,0.0,0.0,False,1.0056633199210308,0.18474865110369199,True,True,False,False,False,False
2.0,2.0,1.0,8e-06,10.947311055051902,0.5277338299239276,0.464902044452506,0.5011164673189434,0.0,0.0,0.0,0.0,False,1.0020398357511662,0.09476912010946947,True,True,False,False,False,False
2.0,2.0,1.0,1e-05,10.939007007441337,0.5441034178969307,0.48268194263873837,0.5197632495265087,0.0,0.0,0.0,0.0,False,1.0012797416548247,0.06669008540672339,True,True,False,False,False,False
2.0,2.0,1.0,2e-05,10.928426855182783,0.5714126669648067,0.5149006128336969,0.5545014219696249,0.0,0.0,0.0,0.0,False,1.0003113089522122,0.019846062603738446,True,True,False,False,False,False
2.0,2.0,1.5,3e-07,65.04733117277507,0.26798910205799015,0.2761204052152943,0.30192997808252714,0.0,0.0,0.0,0.0,False,5.953975064437431,0.5403137019053771,False,True,False,False,False,False
2.0,2.0,1.5,5e-07,33.87451233845191,0.16892451724017343,0.17565821801815706,0.19418235222921568,0.0,0.0,0.0,0.0,False,3.1006345402151614,0.7102408814715404,False,True,True,True,False,False
2.0,2.0,1.5,8e-07,18.90944556454561,0.15745613104608447,0.15938291673587116,0.1592900675389853,0.0,0.0,0.0,0.0,False,1.7308376123010483,0.7299128007928696,False,True,True,True,False,False
2.0,2.0,1.5,1e-06,15.336850416443124,0.18645290349013494,0.18360375376847785,0.1768815824401703,0.0,0.0,0.0,0.0,False,1.4038273869217295,0.6801741402311674,False,True,True,True,False,False
2.0,2.0,1.5,1.5e-06,12.301643665325402,0.267425175270317,0.2528463946681434,0.24587454422127156,0.0,0.0,0.0,0.0,False,1.1260059146838226,0.5412810151857722,False,True,False,False,False,False
2.0,2.0,1.5,2e-06,11.528474594325187,0.33175115378286874,0.30680397575789864,0.30595326305280035,0.0,0.0,0.0,0.0,False,1.0552354574439682,0.43094156217566226,False,True,False,False,False,False
2.0,2.0,1.5,3e-06,11.129572257971743,0.4164367793289053,0.37658617349267426,0.3878657700744381,0.0,0.0,0.0,0.0,False,1.018722743994038,0.28567885779650737,True,True,False,False,False,False
2.0,2.0,1.5,5e-06,10.985831373394166,0.4966514502651063,0.4441593786734237,0.46886603908591956,0.0,0.0,0.0,0.0,False,1.0055657146880723,0.14808525845842124,True,True,False,False,False,False
2.0,2.0,1.5,8e-06,10.94699486747432,0.5408133003399387,0.4847381989075753,0.5168407789751129,0.0,0.0,0.0,0.0,False,1.0020108941648065,0.07233368042030919,True,True,False,False,False,False
2.0,2.0,1.5,1e-05,10.938819694370059,0.5538844830719678,0.4977726338494414,0.5321973544286819,0.0,0.0,0.0,0.0,False,1.001262596334094,0.04991245673747213,True,True,False,False,False,False
2.0,2.0,1.5,2e-05,10.928385074943806,0.5746557518015276,0.5200383071311045,0.559298097400486,0.0,0.0,0.0,0.0,False,1.000307484683075,0.014283143621023897,True,True,False,False,False,False
2.0,2.0,2.0,3e-07,63.9190441615286,0.2611163606070555,0.26807544997297117,0.2951441472703133,0.0,0.0,0.0,0.0,False,5.850699609328494,0.552102633063697,False,True,False,False,False,False
2.0,2.0,2.0,5e-07,33.30704471212936,0.16648903541832902,0.17157639677121936,0.19000317935457842,0.0,0.0,0.0,0.0,False,3.0486925460382492,0.7144185051665448,False,True,True,True,False,False
2.0,2.0,2.0,8e-07,18.671375337015764,0.1687336569508311,0.16964231904182175,0.16671923030215602,0.0,0.0,0.0,0.0,False,1.7090463385817212,0.7105682673957712,False,True,True,True,False,False
2.0,2.0,2.0,1e-06,15.197769114397088,0.20299459510535106,0.20013674849890764,0.19034842174184272,0.0,0.0,0.0,0.0,False,1.39109686301888,0.6517998932023605,False,True,False,False,False,False
2.0,2.0,2.0,1.5e-06,12.259076988431802,0.28867459002033685,0.2759767234625304,0.26543640862837686,0.0,0.0,0.0,0.0,False,1.1221096605526997,0.5048315300085721,False,True,False,False,False,False
2.0,2.0,2.0,2e-06,11.511696930978134,0.3535072146245581,0.33162822525422053,0.32671942696105766,0.0,0.0,0.0,0.0,False,1.0536997481780102,0.39362301827728596,False,True,False,False,False,False
2.0,2.0,2.0,3e-06,11.125022804683272,0.4357288265330269,0.4001882744460791,0.4071934102303954,0.0,0.0,0.0,0.0,False,1.018306319047034,0.25258687870546825,True,True,False,False,False,False
2.0,2.0,2.0,5e-06,10.984804390800607,0.5098977557532665,0.4618844162152323,0.48343125513307966,0.0,0.0,0.0,0.0,False,1.0054717119266456,0.12536364371169473,True,True,False,False,False,False
2.0,2.0,2.0,8e-06,10.946679879278621,0.548590609832483,0.4958374930306496,0.5264935112413504,0.0,0.0,0.0,0.0,False,1.0019820623614262,0.05899312820266622,True,True,False,False,False,False
2.0,2.0,2.0,1e-05,10.938631026847927,0.5596015620215431,0.5061081032310457,0.5397489745469245,0.0,0.0,0.0,0.0,False,1.0012453270364612,0.04010585326717031,True,True,False,False,False,False
2.0,2.0,2.0,2e-05,10.928342244711665,0.5764880385855925,0.5228068580869998,0.5621472379711353,0.0,0.0,0.0,0.0,False,1.0003035643049507,0.011140190708587072,True,True,False,False,False,False
2.0,4.0,0.0,3e-07,69.19504438347134,0.4533195828660091,0.4979017967864105,0.4859086444123371,0.0,0.0,0.0,0.0,False,6.33362755110639,0.2224131529931318,False,True,False,False,False,False
2.0,4.0,0.0,5e-07,24.962818692818484,0.3379315618924545,0.3892552778670643,0.3656642746660678,0.0,0.0,0.0,0.0,False,2.284920800829422,0.4203402022591882,False,True,False,False,False,False
2.0,4.0,0.0,8e-07,12.298664485534303,0.25047654477979586,0.30717409950437974,0.2726870060015827,0.0,0.0,0.0,0.0,False,1.1257332215253353,0.5703532914392873,False,True,False,False,False,False
2.0,4.0,0.0,1e-06,11.277514470246668,0.21805244674006624,0.2744690590355767,0.23658063237517604,0.0,0.0,0.0,0.0,False,1.0322643332795842,0.6259709023140576,True,True,False,False,False,False
2.0,4.0,0.0,1.5e-06,10.959115180119904,0.19090817961107803,0.22726189825879375,0.19761574447272498,0.0,0.0,0.0,0.0,False,1.0031203023136714,0.6725319287707083,True,True,True,False,False,False
2.0,4.0,0.0,2e-06,10.933488731737178,0.2174579252113288,0.20863650594443248,0.21068465116789675,0.0,0.0,0.0,0.0,False,1.000774637519899,0.626990695277966,True,True,False,False,False,False
2.0,4.0,0.0,3e-06,10.92651914997175,0.31795367602213076,0.2218128188341901,0.29309335869066944,0.0,0.0,0.0,0.0,False,1.000136691038579,0.45460861216452364,True,True,False,False,False,False
2.0,4.0,0.0,5e-06,10.925214307445891,0.4371389851509884,0.29147985752621713,0.39911818569000335,0.0,0.0,0.0,0.0,False,1.0000172549337933,0.25016800946847706,True,True,False,False,False,False
2.0,4.0,0.0,8e-06,10.925054464183265,0.5085198801018463,0.39471249853326706,0.46753171577531827,0.0,0.0,0.0,0.0,False,1.0000026240060869,0.12772713742308817,True,True,False,False,False,False
2.0,4.0,0.0,1e-05,10.925037534759394,0.5380700553111147,0.44855814940343186,0.4998002455401358,0.0,0.0,0.0,0.0,False,1.0000010744057302,0.07703921561701155,True,True,False,False,False,False
2.0,4.0,0.0,2e-05,10.925026530296517,0.5786976927383061,0.5220511296736126,0.561309740684858,0.0,0.0,0.0,0.0,False,1.0000000671346188,0.007349933083444782,True,True,False,False,False,False
2.0,4.0,0.25,3e-07,68.13700832116209,0.4175456145361483,0.4482427402127549,0.4540039359187764,0.0,0.0,0.0,0.0,False,6.236782373622744,0.2837768537683577,False,True,False,False,False,False
2.0,4.0,0.25,5e-07,24.54793967625647,0.29128544193249367,0.3252239468803594,0.3240487342955921,0.0,0.0,0.0,0.0,False,2.246945694474829,0.5003530909931193,False,True,False,False,False,False
2.0,4.0,0.25,8e-07,12.24364838288097,0.19546226346555756,0.23182533479247336,0.2232111516450404,0.0,0.0,0.0,0.0,False,1.1206974345463059,0.6647202307120866,False,True,True,False,False,False
2.0,4.0,0.25,1e-06,11.26456650462678,0.1629271517982728,0.19657283732505584,0.18599481548753843,0.0,0.0,0.0,0.0,False,1.0310791676002846,0.720528265164148,True,True,True,True,False,False
2.0,4.0,0.25,1.5e-06,10.958457809690453,0.15613703016229583,0.1577617356671909,0.16054861329625622,0.0,0.0,0.0,0.0,False,1.0030601312493943,0.7321754771383835,True,True,True,True,False,False
2.0,4.0,0.25,2e-06,10.933411896989364,0.20889849411391456,0.16244322544043868,0.1970128943524214,0.0,0.0,0.0,0.0,False,1.0007676046076437,0.6416728340841736,True,True,False,True,False,False
2.0,4.0,0.25,3e-06,10.926514142449966,0.3309585749649078,0.22185919747384764,0.3028804207968554,0.0,0.0,0.0,0.0,False,1.0001362326852647,0.4323010862010005,True,True,False,False,False,False
2.0,4.0,0.25,5e-06,10.925213946108641,0.45891030718461456,0.3318466967845158,0.42054837411141316,0.0,0.0,0.0,0.0,False,1.0000172218595238,0.2128232877861086,True,True,False,False,False,False
2.0,4.0,0.25,8e-06,10.925054414605933,0.5280910501464068,0.4334108069534628,0.48978096597298415,0.0,0.0,0.0,0.0,False,1.0000026194681266,0.09415637414176048,True,True,False,False,False,False
2.0,4.0,0.25,1e-05,10.925037514694665,0.5512421206395233,0.4736547719434386,0.5167632002987953,0.0,0.0,0.0,0.0,False,1.0000010725691462,0.05444494628822971,True,True,False,False,False,False
2.0,4.0,0.25,2e-05,10.925026529052317,0.5800598923444673,0.5245168856950198,0.5641325627919304,0.0,0.0,0.0,0.0,False,1.0000000670207334,0.005013328761054425,True,True,False,False,False,False
2.0,4.0,0.5,3e-07,67.17883512193373,0.39771454921135907,0.42130168081009933,0.4359586698273658,0.0,0.0,0.0,0.0,False,6.1490779400547515,0.31779341987652876,False,True,False,False,False,False
2.0,4.0,0.5,5e-07,24.16797691777181,0.26636181498251454,0.29085266119369785,0.3012005283507024,0.0,0.0,0.0,0.0,False,2.2121665767363385,0.5431050153055046,False,True,False,False,False,False
2.0,4.0,0.5,8e-07,12.193049337731775,0.17092464779228772,0.19531056088645196,0.19949319718825897,0.0,0.0,0.0,0.0,False,1.1160659539356341,0.706810023268178,False,True,True,True,False,False
2.0,4.0,0.5,1e-06,11.252618773273852,0.14522876354958342,0.16471684761988434,0.16648102046002597,0.0,0.0,0.0,0.0,False,1.0299855563287785,0.7508866137455052,True,True,True,True,True,False
2.0,4.0,0.5,1.5e-06,10.957836948365994,0.16654503001916016,0.1533572447128373,0.16383504487598297,0.0,0.0,0.0,0.0,False,1.0030033019717337,0.7143224566684092,True,True,True,True,False,False
2.0,4.0,0.5,2e-06,10.933335657095919,0.23403711618370687,0.18480502661272322,0.21679228795997038,0.0,0.0,0.0,0.0,False,1.0007606261441726,0.5985521249593599,True,True,False,True,False,False
2.0,4.0,0.5,3e-06,10.92650840771601,0.36010208315979,0.26501831019106453,0.3296730687504153,0.0,0.0,0.0,0.0,False,1.0001357077680644,0.3823107272919404,True,True,False,False,False,False
2.0,4.0,0.5,5e-06,10.925213466683646,0.4824651904952153,0.3757261127355711,0.4447163497192233,0.0,0.0,0.0,0.0,False,1.0000171779763325,0.172419192888407,True,True,False,False,False,False
2.0,4.0,0.5,8e-06,10.925054346549336,0.5424890667601663,0.46061393246133747,0.5072430092672024,0.0,0.0,0.0,0.0,False,1.0000026132387045,0.06945920956955409,True,True,False,False,False,False
2.0,4.0,0.5,1e-05,10.925037487040766,0.5602364590480845,0.4903215163602034,0.5293186283728394,0.0,0.0,0.0,0.0,False,1.0000010700379027,0.039016803520143806,True,True,False,False,False,False
2.0,4.0,0.5,2e-05,10.925026527332978,0.5809474680336113,0.5261147038974457,0.5661346042000872,0.0,0.0,0.0,0.0,False,1.0000000668633573,0.0034908549750379825,True,True,False,False,False,False
2.0,4.0,0.75,3e-07,66.30585588312876,0.38529341299394293,0.4049253262741875,0.42448704079441946,0.0,0.0,0.0,0.0,False,6.069171562254092,0.33909960763590086,False,True,False,False,False,False
2.0,4.0,0.75,5e-07,23.819024756377416,0.2515832499353089,0.2705994056468204,0.28724373177109963,0.0,0.0,0.0,0.0,False,2.1802259508849073,0.5684549411253632,False,True,False,False,False,False
2.0,4.0,0.75,8e-07,12.146432371955875,0.16084859613726946,0.17798084043154747,0.18796800466524963,0.0,0.0,0.0,0.0,False,1.1117989648554487,0.7240936473004091,False,True,True,True,False,False
2.0,4.0,0.75,1e-06,11.241574330704688,0.14453048273923186,0.15580520655651917,0.16136686719549215,0.0,0.0,0.0,0.0,False,1.0289746257575803,0.7520843867828266,True,True,True,True,True,False
2.0,4.0,0.75,1.5e-06,10.957249260809265,0.18818597218166477,0.17229988764881884,0.17957623224141073,0.0,0.0,0.0,0.0,False,1.002949509187382,0.6772013778127142,True,True,True,True,False,False
2.0,4.0,0.75,2e-06,10.933259996770417,0.26302264339739756,0.21958183549775268,0.24201769653897331,0.0,0.0,0.0,0.0,False,1.0007537007302734,0.5488327535339532,True,True,False,False,False,False
2.0,4.0,0.75,3e-06,10.926502022009998,0.38811657690032253,0.3069672041044949,0.356151670823377,0.0,0.0,0.0,0.0,False,1.0001351232654616,0.33425698621931366,True,True,False,False,False,False
2.0,4.0,0.75,5e-06,10.925212881279176,0.5018471247322532,0.4101288998880061,0.46514041105161674,0.0,0.0,0.0,0.0,False,1.000017124392526,0.139173029029813,True,True,False,False,False,False
2.0,4.0,0.75,8e-06,10.92505426190404,0.5527131279349973,0.4793274453369703,0.5203901598466745,0.0,0.0,0.0,0.0,False,1.0000026054908695,0.051921702272208825,True,True,False,False,False,False
2.0,4.0,0.75,1e-05,10.92503745257395,0.5663864314938738,0.5014961423327178,0.5385587964571431,0.0,0.0,0.0,0.0,False,1.0000010668830528,0.02846765041922017,True,True,False,False,False,False
2.0,4.0,0.75,2e-05,10.92502652518709,0.5815362299122154,0.5271690492659236,0.5675747703147155,0.0,0.0,0.0,0.0,False,1.0000000666669377,0.002480941637680645,True,True,False,False,False,False
2.0,4.0,1.0,3e-07,65.50650997535558,0.3768577404113414,0.39418489997673656,0.4166174625182672,0.0,0.0,0.0,0.0,False,5.996005061539401,0.35356946134135225,False,True,False,False,False,False
2.0,4.0,1.0,5e-07,23.497760649655426,0.24211565270608346,0.2578383772107572,0.2780460934099262,0.0,0.0,0.0,0.0,False,2.1508196947628715,0.584694872856661,False,True,False,False,False,False
2.0,4.0,1.0,8e-07,12.103414675371223,0.15756326840366097,0.17028177207284534,0.18244830719739882,0.0,0.0,0.0,0.0,False,1.1078614275548906,0.7297290262478833,False,True,True,True,False,False
2.0,4.0,1.0,1e-06,11.231347653338638,0.1500729944754304,0.15690615952755763,0.16238769718524862,0.0,0.0,0.0,0.0,False,1.028038547659806,0.74257722144441,True,True,True,True,False,False
2.0,4.0,1.0,1.5e-06,10.956691823807446,0.20935030482447067,0.19405199217481073,0.19662521850052309,0.0,0.0,0.0,0.0,False,1.002898485326003,0.6408978354316908,True,True,False,True,False,False
2.0,4.0,1.0,2e-06,10.933184915650946,0.28853269230939405,0.25043374003079205,0.2649086854584385,0.0,0.0,0.0,0.0,False,1.0007468283328196,0.5050749295832208,True,True,False,False,False,False
2.0,4.0,1.0,3e-06,10.926495055862883,0.41156800780507113,0.3406419502266103,0.37858757044735286,0.0,0.0,0.0,0.0,False,1.000134485633364,0.29403034500577296,True,True,False,False,False,False
2.0,4.0,1.0,5e-06,10.925212201021742,0.5168157609083778,0.4356145540541082,0.48128727043720204,0.0,0.0,0.0,0.0,False,1.0000170621265463,0.11349707094611827,True,True,False,False,False,False
2.0,4.0,1.0,8e-06,10.925054162406136,0.5599591992350829,0.4922849005818144,0.5302410086042401,0.0,0.0,0.0,0.0,False,1.0000025963835315,0.03949239202755095,True,True,False,False,False,False
2.0,4.0,1.0,1e-05,10.925037412006986,0.5706375844694069,0.5091055240572688,0.5454040041405138,0.0,0.0,0.0,0.0,False,1.0000010631698384,0.021175574887231097,True,True,False,False,False,False
2.0,4.0,1.0,2e-05,10.925026522659273,0.5819335822477613,0.5278768691333271,0.5686243865262062,0.0,0.0,0.0,0.0,False,1.0000000664355593,0.001799356368863303,True,True,False,False,False,False
2.0,4.0,1.5,3e-07,64.0932128389394,0.3662285955037044,0.38136424207973657,0.40662628267283735,0.0,0.0,0.0,0.0,False,5.866641784720064,0.3718018157056938,False,True,False,False,False,False
2.0,4.0,1.5,5e-07,22.92727203558873,0.23105030912599844,0.24349603524483887,0.2669357702568582,0.0,0.0,0.0,0.0,False,2.098601180621584,0.6036754462770446,False,True,False,False,False,False
2.0,4.0,1.5,8e-07,12.026862175957383,0.15850224369099122,0.1667715983229841,0.17900334750535882,0.0,0.0,0.0,0.0,False,1.1008543503326182,0.7281183858504922,False,True,True,True,False,False
2.0,4.0,1.5,1e-06,11.21305312295026,0.16424255596802262,0.16724515962104727,0.1697125554086263,0.0,0.0,0.0,0.0,False,1.0263639950565844,0.7182719298555589,True,True,True,True,False,False
2.0,4.0,1.5,1.5e-06,10.955657711052416,0.24272030773915004,0.22918294391556504,0.22496788829599154,0.0,0.0,0.0,0.0,False,1.0028038299197586,0.5836576977191641,True,True,False,False,False,False
2.0,4.0,1.5,2e-06,10.933036540913065,0.32701373066295963,0.2952391693636902,0.3000522906773335,0.0,0.0,0.0,0.0,False,1.000733247153183,0.43906774521734304,True,True,False,False,False,False
2.0,4.0,1.5,3e-06,10.926479637857081,0.44572948811722474,0.38686832044984887,0.4115832585370653,0.0,0.0,0.0,0.0,False,1.000133074377584,0.23543257255333883,True,True,False,False,False,False
2.0,4.0,1.5,5e-06,10.925210595993018,0.5368975679548661,0.46827226855486864,0.5036380052132443,0.0,0.0,0.0,0.0,False,1.0000169152135088,0.07905040326687374,True,True,False,False,False,False
2.0,4.0,1.5,8e-06,10.925053925096456,0.5688845678368311,0.5078528013711179,0.5433286994524973,0.0,0.0,0.0,0.0,False,1.000002574661873,0.0241825543507197,True,True,False,False,False,False
2.0,4.0,1.5,1e-05,10.925037315135961,0.5757362311073896,0.5180780305174257,0.554408880033658,0.0,0.0,0.0,0.0,False,1.0000010543029463,0.012429778956321691,True,True,False,False,False,False
2.0,4.0,1.5,2e-05,10.92502651661829,0.5823964280693971,0.5286948341518883,0.569976234308255,0.0,0.0,0.0,0.0,False,1.00000006588261,0.0010054290012859735,True,True,False,False,False,False
2.0,4.0,2.0,3e-07,62.882491887115044,0.35985396499548056,0.3742516663984807,0.40062083368979423,0.0,0.0,0.0,0.0,False,5.755820906642729,0.38273632863007523,False,True,False,False,False,False
2.0,4.0,2.0,5e-07,22.43791548168934,0.224936073767568,0.23614651444104054,0.26060439408741054,0.0,0.0,0.0,0.0,False,2.053808924475102,0.6141632989397545,False,True,False,False,False,False
2.0,4.0,2.0,8e-07,11.961113678254268,0.16190809768819447,0.16827237214202906,0.17908311995324588,0.0,0.0,0.0,0.0,False,1.0948361954169494,0.7222762661381528,False,True,True,True,False,False
2.0,4.0,2.0,1e-06,11.197224057589247,0.17617908900715282,0.17764128615847483,0.1773497471062434,0.0,0.0,0.0,0.0,False,1.024915113776544,0.697796990230385,True,True,True,True,False,False
2.0,4.0,2.0,1.5e-06,10.954717379303837,0.2658113199637738,0.2529205311195286,0.24518044429571537,0.0,0.0,0.0,0.0,False,1.0027177585670621,0.5440492888425297,True,True,False,False,False,False
2.0,4.0,2.0,2e-06,10.932890695794244,0.3530617185266763,0.32382937922554006,0.32408594225061077,0.0,0.0,0.0,0.0,False,1.0007198975170783,0.3943871853664632,True,True,False,False,False,False
2.0,4.0,2.0,3e-06,10.926462616494268,0.4680083154175032,0.41494219599071624,0.43327277373772555,0.0,0.0,0.0,0.0,False,1.0001315163617834,0.19721731839222634,True,True,False,False,False,False
2.0,4.0,2.0,5e-06,10.92520872370589,0.5487756133425199,0.4866251408130001,0.5174055930804433,0.0,0.0,0.0,0.0,False,1.0000167438375172,0.05867578851231947,True,True,False,False,False,False
2.0,4.0,2.0,8e-06,10.925053645857375,0.5736741985993258,0.5159704921014281,0.5510900453197066,0.0,0.0,0.0,0.0,False,1.0000025491022921,0.01596681864526217,True,True,False,False,False,False
2.0,4.0,2.0,1e-05,10.925037201040597,0.5783860311321039,0.522643391744664,0.5596853683600062,0.0,0.0,0.0,0.0,False,1.0000010438594593,0.007884531576119014,True,True,False,False,False,False
2.0,4.0,2.0,2e-05,10.925026509498752,0.5826279550248994,0.5290988031179753,0.5707431395716398,0.0,0.0,0.0,0.0,False,1.0000000652309375,0.0006082868478675119,True,True,False,False,False,False
3.0,1.0,0.0,3e-07,133.646684821072,0.7261848798266168,0.7905836587157128,0.7745349880279185,0.0,0.0,0.0,0.0,False,12.233077276542222,-0.24563736575956518,False,True,False,False,False,False
3.0,1.0,0.0,5e-07,89.08060308683054,0.5613513709820418,0.6320644331220191,0.6018252488903074,0.0,0.0,0.0,0.0,False,8.153811692831205,0.03710437597855132,False,True,False,False,False,False
3.0,1.0,0.0,8e-07,60.18462834822658,0.4300039239075072,0.5073160161691271,0.46477284818580006,0.0,0.0,0.0,0.0,False,5.508877458722765,0.26240690226115704,False,True,False,False,False,False
3.0,1.0,0.0,1e-06,49.87053321360003,0.3738901171287511,0.45312389968807104,0.4063158247690504,0.0,0.0,0.0,0.0,False,4.564797753428039,0.35865987640091,False,True,False,False,False,False
3.0,1.0,0.0,1.5e-06,35.648688984396024,0.28451583071636616,0.36090366127466483,0.31204736278017453,0.0,0.0,0.0,0.0,False,3.263030188420936,0.5119651210927916,False,True,False,False,False,False
3.0,1.0,0.0,2e-06,28.431265908298982,0.2360293501079996,0.3005612787476407,0.2578014403685176,0.0,0.0,0.0,0.0,False,2.6023980571742853,0.5951348119769891,False,True,False,False,False,False
3.0,1.0,0.0,3e-06,21.335371505034903,0.20384495346826895,0.22786628351793972,0.21078301530792232,0.0,0.0,0.0,0.0,False,1.9528898056413113,0.650341258933647,False,True,False,False,False,False
3.0,1.0,0.0,5e-06,16.072780453043432,0.23467346135112027,0.18301962311066347,0.21921865835243506,0.0,0.0,0.0,0.0,False,1.471189244942473,0.5974605911914854,False,True,False,True,False,False
3.0,1.0,0.0,8e-06,13.54240538054918,0.30098756751008066,0.21109691485235407,0.2748515054244592,0.0,0.0,0.0,0.0,False,1.2395765128952823,0.4837108687678102,False,True,False,False,False,False
3.0,1.0,0.0,1e-05,12.82154913411707,0.3349943061179558,0.23992061849985674,0.3068480960220591,0.0,0.0,0.0,0.0,False,1.1735944035770587,0.4253785274118438,False,True,False,False,False,False
3.0,1.0,0.0,2e-05,11.644422894918021,0.42944651243250825,0.3402311931450553,0.4018233213180814,0.0,0.0,0.0,0.0,False,1.0658485491426877,0.26336303971409825,False,True,False,False,False,False
3.0,1.0,0.25,3e-07,131.82641221579294,0.6775282154606364,0.724178593164982,0.7319370876340394,0.0,0.0,0.0,0.0,False,12.066462328520402,-0.1621757557602519,False,True,False,False,False,False
3.0,1.0,0.25,5e-07,87.93804603479263,0.4951441317888322,0.542125737848156,0.5432671578129306,0.0,0.0,0.0,0.0,False,8.049230058583033,0.15067078766497133,False,True,False,False,False,False
3.0,1.0,0.25,8e-07,59.46045981970761,0.3493989942755317,0.3993427255897437,0.3928876758321207,0.0,0.0,0.0,0.0,False,5.442592166405393,0.4006699190262286,False,True,False,False,False,False
3.0,1.0,0.25,1e-06,49.29271682619223,0.2883137096553969,0.3394173051370645,0.32969381790141744,0.0,0.0,0.0,0.0,False,4.5119085064685995,0.5054505542813517,False,True,False,False,False,False
3.0,1.0,0.25,1.5e-06,35.272197689900636,0.1976121991806297,0.24483603725110872,0.23282025149492624,0.0,0.0,0.0,0.0,False,3.2285688240730392,0.6610324091461595,False,True,True,False,False,False
3.0,1.0,0.25,2e-06,28.15843693996329,0.16147797114939588,0.19301317306564975,0.1861951625465936,0.0,0.0,0.0,0.0,False,2.5774252128617,0.7230140695593149,False,True,True,True,False,False
3.0,1.0,0.25,3e-06,21.168086426491815,0.1720240119031005,0.15724357347102136,0.17191926553709008,0.0,0.0,0.0,0.0,False,1.937577706461524,0.7049242651739991,False,True,True,True,False,False
3.0,1.0,0.25,5e-06,15.989048081245013,0.24918305925979986,0.18908233994562196,0.22853305946945687,0.0,0.0,0.0,0.0,False,1.4635249727150732,0.5725720293124315,False,True,False,True,False,False
3.0,1.0,0.25,8e-06,13.501397580057166,0.3296166618398844,0.25570340449442863,0.3027364253558257,0.0,0.0,0.0,0.0,False,1.2358229473427103,0.4346028927747362,False,True,False,False,False,False
3.0,1.0,0.25,1e-05,12.792897519583745,0.3647465256270177,0.28911182672297553,0.3370433494360245,0.0,0.0,0.0,0.0,False,1.1709718363569803,0.37434403555679896,False,True,False,False,False,False
3.0,1.0,0.25,2e-05,11.635296657975,0.4534682969357345,0.3808963306487108,0.4276391851490723,0.0,0.0,0.0,0.0,False,1.0650131976192474,0.22215806120148185,False,True,False,False,False,False
3.0,1.0,0.5,3e-07,130.18381238851242,0.652105529546059,0.6908222164153154,0.709401321746785,0.0,0.0,0.0,0.0,False,11.916110296605359,-0.11856778705574267,False,True,False,False,False,False
3.0,1.0,0.5,5e-07,86.89828709658528,0.4599522786149386,0.4952266530098802,0.5117405848793875,0.0,0.0,0.0,0.0,False,7.954057840453605,0.21103597634005444,False,True,False,False,False,False
3.0,1.0,0.5,8e-07,58.79741018621603,0.3067153482492576,0.34187143392023567,0.35420727079305786,0.0,0.0,0.0,0.0,False,5.381901267745655,0.47388590833445576,False,True,False,False,False,False
3.0,1.0,0.5,1e-06,48.76237390189565,0.24395998448359227,0.2792312868628056,0.28910668873931594,0.0,0.0,0.0,0.0,False,4.463364646329657,0.5815312589606083,False,True,False,False,False,False
3.0,1.0,0.5,1.5e-06,34.92534865456361,0.1596042228658998,0.1888118036687393,0.1953264714355761,0.0,0.0,0.0,0.0,False,3.1968207035846588,0.726228142092067,False,True,True,True,False,False
3.0,1.0,0.5,2e-06,27.906556115576354,0.14273343416755083,0.1536141946406161,0.16136683249107456,0.0,0.0,0.0,0.0,False,2.5543698142685374,0.7551668949858412,False,True,True,True,True,False
3.0,1.0,0.5,3e-06,21.01327678185848,0.18560772679462087,0.16123181203329284,0.1769986853309582,0.0,0.0,0.0,0.0,False,1.9234075207327193,0.6816238862970079,False,True,True,True,False,False
3.0,1.0,0.5,5e-06,15.911348467111983,0.2772480540000719,0.22823898296576128,0.25403962234886796,0.0,0.0,0.0,0.0,False,1.4564128966817662,0.524431663009741,False,True,False,False,False,False
3.0,1.0,0.5,8e-06,13.463211343508446,0.35745180394551423,0.2989390584772729,0.3307571883858485,0.0,0.0,0.0,0.0,False,1.2323276479028011,0.3868567966342076,False,True,False,False,False,False
3.0,1.0,0.5,1e-05,12.766155399592726,0.39072635985610754,0.33011045984345344,0.3638764613621691,0.0,0.0,0.0,0.0,False,1.1685240508333314,0.3297803808030395,False,True,False,False,False,False
3.0,1.0,0.5,2e-05,11.626688607132651,0.4715855824073369,0.4098905295305776,0.447349579160461,0.0,0.0,0.0,0.0,False,1.0642252772058391,0.1910811710368876,False,True,False,False,False,False
3.0,1.0,0.75,3e-07,128.6891464133093,0.6366685033308144,0.6714290898578634,0.6956232350200372,0.0,0.0,0.0,0.0,False,11.779299088742196,-0.09208839151323311,False,True,False,False,False,False
3.0,1.0,0.75,5e-07,85.94554913224377,0.4386188922080746,0.4676008804507677,0.492444980487949,0.0,0.0,0.0,0.0,False,7.866850910048343,0.24762949953888735,False,True,False,False,False,False
3.0,1.0,0.75,8e-07,58.18668870731562,0.28171052624248055,0.3083080700350693,0.33107206808616574,0.0,0.0,0.0,0.0,False,5.326000120210009,0.5167771079188443,False,True,False,False,False,False
3.0,1.0,0.75,1e-06,48.272854874465764,0.21939763280426822,0.24516758880366743,0.2657179413555766,0.0,0.0,0.0,0.0,False,4.418557518499252,0.6236634816116753,False,True,False,False,False,False
3.0,1.0,0.75,1.5e-06,34.604154217525085,0.1466187064140526,0.1644919448122611,0.17858608298744538,0.0,0.0,0.0,0.0,False,3.167420824535297,0.7485024209368267,False,True,True,True,False,False
3.0,1.0,0.75,2e-06,27.672866327743744,0.14838018158814387,0.1495538748360731,0.15850932232676868,0.0,0.0,0.0,0.0,False,2.5329794951811437,0.7454809323921605,False,True,True,True,False,False
3.0,1.0,0.75,3e-06,20.869334278104912,0.2079684649866003,0.18595049390404547,0.19390552094260555,0.0,0.0,0.0,0.0,False,1.9102320366258456,0.6432681289800188,False,True,False,True,False,False
3.0,1.0,0.75,5e-06,15.838913003247878,0.3027139395242478,0.26374723604741424,0.2783412998323897,0.0,0.0,0.0,0.0,False,1.4497826639289066,0.4807495932747683,False,True,False,False,False,False
3.0,1.0,0.75,8e-06,13.427488602902606,0.37990937452766715,0.3320516546102631,0.3537203775162895,0.0,0.0,0.0,0.0,False,1.2290578395499328,0.3483349410593689,False,True,False,False,False,False
3.0,1.0,0.75,1e-05,12.741080876957623,0.4110824889995468,0.36053548982112443,0.3851618011752812,0.0,0.0,0.0,0.0,False,1.1662289054395023,0.29486316373106014,False,True,False,False,False,False
3.0,1.0,0.75,2e-05,11.61853373407064,0.4850679716268575,0.4304884103457565,0.4622092207069257,0.0,0.0,0.0,0.0,False,1.063478837498176,0.16795459782104405,False,True,False,False,False,False
3.0,1.0,1.0,3e-07,127.32041705755809,0.62636362159328,0.6590344351511295,0.686398628911666,0.0,0.0,0.0,0.0,False,11.654015233014738,-0.07441225132002094,False,True,False,False,False,False
3.0,1.0,1.0,5e-07,85.0678264830263,0.4244832662610987,0.4499080361856959,0.479581660130942,0.0,0.0,0.0,0.0,False,7.786510353830103,0.2718765809049406,False,True,False,False,False,False
3.0,1.0,1.0,8e-07,57.62147873778762,0.2659018409578566,0.2873395195458511,0.31612114175518385,0.0,0.0,0.0,0.0,False,5.27426477605265,0.5438940166305247,False,True,False,False,False,False
3.0,1.0,1.0,1e-06,47.818965839030156,0.2050924551372567,0.22496509455343186,0.2513293283933351,0.0,0.0,0.0,0.0,False,4.377011709466333,0.6482013979479575,False,True,False,False,False,False
3.0,1.0,1.0,1.5e-06,34.305465673919684,0.14521570161038136,0.1563753394134308,0.17205145865094454,0.0,0.0,0.0,0.0,False,3.140080976633835,0.7509090191136027,False,True,True,True,True,False
3.0,1.0,1.0,2e-06,27.45517744665878,0.16068558453177664,0.15850035157685471,0.16389712350816418,0.0,0.0,0.0,0.0,False,2.5130537865253575,0.7243732639001143,False,True,True,True,False,False
3.0,1.0,1.0,3e-06,20.734973402811022,0.2285399317887573,0.2103036963463598,0.2111960195596073,0.0,0.0,0.0,0.0,False,1.8979335873780059,0.6079815395327596,False,True,False,False,False,False
3.0,1.0,1.0,5e-06,15.771124594769054,0.32331521149024683,0.29140971295371165,0.29840848868185854,0.0,0.0,0.0,0.0,False,1.4435777899323277,0.4454118785193325,False,True,False,False,False,False
3.0,1.0,1.0,8e-06,13.39394144985882,0.3973872365984713,0.3566395188194259,0.3717817569186556,0.0,0.0,0.0,0.0,False,1.225987169176462,0.31835486480911224,False,True,False,False,False,False
3.0,1.0,1.0,1e-05,12.71747944501318,0.42673939260142113,0.38287647785160406,0.40169646438354767,0.0,0.0,0.0,0.0,False,1.164068596403779,0.2680066087402062,False,True,False,False,False,False
3.0,1.0,1.0,2e-05,11.610779897114295,0.495184624991891,0.4453288170230964,0.47349446770771725,0.0,0.0,0.0,0.0,False,1.0627691058141941,0.15060132898001322,False,True,False,False,False,False
3.0,1.0,1.5,3e-07,124.89586827320824,0.6135559925316517,0.6445081940607016,0.674932416610389,0.0,0.0,0.0,0.0,False,11.432089094858695,-0.05244310576336697,False,True,False,False,False,False
3.0,1.0,1.5,5e-07,83.5012058879808,0.40711439207030975,0.42927647237094707,0.4637188159501281,0.0,0.0,0.0,0.0,False,7.643112926292923,0.30166970837736784,False,True,False,False,False,False
3.0,1.0,1.5,8e-07,56.60669679602007,0.24777777600106024,0.2640234024831697,0.29849390843754897,0.0,0.0,0.0,0.0,False,5.181378776455265,0.574982535762222,False,True,False,False,False,False
3.0,1.0,1.5,1e-06,47.00205340533963,0.19085929594211912,0.20457659021153315,0.23562015919112447,0.0,0.0,0.0,0.0,False,4.302237292555928,0.6726157797655751,False,True,True,False,False,False
3.0,1.0,1.5,1.5e-06,33.7657963230491,0.15300656432756854,0.15812828323152997,0.1708744213655457,0.0,0.0,0.0,0.0,False,3.0906834410210373,0.7375452188175287,False,True,True,True,False,False
3.0,1.0,1.5,2e-06,27.06094180556367,0.18428168294401223,0.18103834477901662,0.1790146632032112,0.0,0.0,0.0,0.0,False,2.4769682295275137,0.6838984720324589,False,True,True,True,False,False
3.0,1.0,1.5,3e-06,20.490947650066815,0.25937647428567995,0.24636493431513032,0.23855632009733338,0.0,0.0,0.0,0.0,False,1.8755971867797951,0.555087089879428,False,True,False,False,False,False
3.0,1.0,1.5,5e-06,15.647538725299235,0.3525227985118431,0.32861014928733934,0.32728555560625733,0.0,0.0,0.0,0.0,False,1.4322656089116235,0.39531160410097643,False,True,False,False,False,False
3.0,1.0,1.5,8e-06,13.332463643812758,0.4216458368179469,0.38886573059389823,0.39711713096993273,0.0,0.0,0.0,0.0,False,1.2203599233292448,0.27674367224115815,False,True,False,False,False,False
3.0,1.0,1.5,1e-05,12.674081188233135,0.4483032972501179,0.4119439974662932,0.42471799053202164,0.0,0.0,0.0,0.0,False,1.160096225300311,0.23101767365179404,False,True,False,False,False,False
3.0,1.0,1.5,2e-05,11.59631128772427,0.5088561881052923,0.46434808188289084,0.48896150882112893,0.0,0.0,0.0,0.0,False,1.061444751102446,0.12715026254296635,False,True,False,False,False,False
3.0,1.0,2.0,3e-07,122.80922770130711,0.6059734655614437,0.6365313432534714,0.6681679507354175,0.0,0.0,0.0,0.0,False,11.241092697165708,-0.03943666734340723,False,True,False,False,False,False
3.0,1.0,2.0,5e-07,82.14121347388566,0.3969547901145381,0.41807122463938745,0.4544487065195402,0.0,0.0,0.0,0.0,False,7.518628788737166,0.31909664767191037,False,True,False,False,False,False
3.0,1.0,2.0,8e-07,55.7196815118061,0.23803375474611632,0.25222857645646396,0.2887362060307578,0.0,0.0,0.0,0.0,False,5.10018763780644,0.5916966223606809,False,True,False,False,False,False
3.0,1.0,2.0,1e-06,46.28591882444114,0.18471237213036756,0.1957985157314334,0.22779443482380018,0.0,0.0,0.0,0.0,False,4.236687371282055,0.683159703492303,False,True,True,True,False,False
3.0,1.0,2.0,1.5e-06,33.29048507210731,0.16218960953116066,0.16509279122258155,0.17409744083556053,0.0,0.0,0.0,0.0,False,3.0471767930935902,0.7217933840508993,False,True,True,True,False,False
3.0,1.0,2.0,2e-06,26.712717928203517,0.20148452812132667,0.19833854171340787,0.19173818927807385,0.0,0.0,0.0,0.0,False,2.4450942656728394,0.6543901369713436,False,True,False,True,False,False
3.0,1.0,2.0,3e-06,20.27460634139119,0.27966561663025946,0.2691112619063251,0.25712379907978056,0.0,0.0,0.0,0.0,False,1.8557948254217085,0.520284776411187,False,True,False,False,False,False
3.0,1.0,2.0,5e-06,15.537409735404937,0.3712369910834763,0.35093738500704214,0.3459855653546408,0.0,0.0,0.0,0.0,False,1.4221851759733268,0.3632108289611633,False,True,False,False,False,False
3.0,1.0,2.0,8e-06,13.277294090153653,0.4369867150562526,0.40785927805237177,0.4132851770838392,0.0,0.0,0.0,0.0,False,1.2153100905247294,0.2504292009707513,False,True,False,False,False,False
3.0,1.0,2.0,1e-05,12.634959516663379,0.4618631540286444,0.4289677225285797,0.43933604309380825,0.0,0.0,0.0,0.0,False,1.1565153027196944,0.20775821900477154,False,True,False,False,False,False
3.0,1.0,2.0,2e-05,11.58301704769991,0.5173187697598627,0.4753195708181139,0.49866025319830637,0.0,0.0,0.0,0.0,False,1.0602278899003248,0.11263425124534598,False,True,False,False,False,False
3.0,2.0,0.0,3e-07,117.86426086557668,0.9393452193825127,1.0142105760627353,1.0079921200738533,0.0,0.0,0.0,0.0,False,10.788465222624035,-0.611274948178268,False,True,False,False,False,False
3.0,2.0,0.0,5e-07,56.02428765512247,0.7200517007670176,0.7977462108177699,0.7764516385277092,0.0,0.0,0.0,0.0,False,5.128069141153024,-0.23511701864168666,False,True,False,False,False,False
3.0,2.0,0.0,8e-07,27.38440788268646,0.5526275251629299,0.6394891140956634,0.5984641660874457,0.0,0.0,0.0,0.0,False,2.5065760385283933,0.05206853817372903,False,True,False,False,False,False
3.0,2.0,0.0,1e-06,20.28125529632376,0.48265567901066914,0.5752652106061672,0.5243134019286356,0.0,0.0,0.0,0.0,False,1.8564034239784721,0.17209244467429652,False,True,False,False,False,False
3.0,2.0,0.0,1.5e-06,13.867605642945247,0.3714789805031878,0.4698257541661362,0.4064484004244887,0.0,0.0,0.0,0.0,False,1.2693430570154673,0.36279574036363826,False,True,False,False,False,False
3.0,2.0,0.0,2e-06,12.161856604808138,0.31288294269009187,0.40005686046749384,0.34120764123533315,0.0,0.0,0.0,0.0,False,1.1132107906157789,0.4633065279235219,False,True,False,False,False,False
3.0,2.0,0.0,3e-06,11.307736997743964,0.284676787790727,0.3092636190917493,0.294085301481455,0.0,0.0,0.0,0.0,False,1.0350306908204525,0.5116890286655364,True,True,False,False,False,False
3.0,2.0,0.0,5e-06,11.028162428086693,0.3379172065697083,0.24220611393658367,0.31696165827997314,0.0,0.0,0.0,0.0,False,1.0094404016205951,0.42036482619023785,True,True,False,False,False,False
3.0,2.0,0.0,8e-06,10.960466987915835,0.4174079280917932,0.28850831204103605,0.3810489575357027,0.0,0.0,0.0,0.0,False,1.0032440372888622,0.28401302968527886,True,True,False,False,False,False
3.0,2.0,0.0,1e-05,10.946983519126162,0.4544644063355784,0.3354099468579178,0.41635448811255815,0.0,0.0,0.0,0.0,False,1.0020098554168557,0.2204494176820434,True,True,False,False,False,False
3.0,2.0,0.0,2e-05,10.93027244380041,0.5376945197978035,0.4593308119568357,0.509461740210831,0.0,0.0,0.0,0.0,False,1.0004802411498972,0.07768337811687231,True,True,False,False,False,False
3.0,2.0,0.25,3e-07,116.08071530208908,0.9058527909625138,0.9698600374610251,0.9795737671433113,0.0,0.0,0.0,0.0,False,10.625212009619997,-0.5538248118990068,False,True,False,False,False,False
3.0,2.0,0.25,5e-07,55.196794913878776,0.6639061970994127,0.7231747173462231,0.7284566961270635,0.0,0.0,0.0,0.0,False,5.05232627732543,-0.138809674285443,False,True,False,False,False,False
3.0,2.0,0.25,8e-07,27.039110980769287,0.47088842388458957,0.531965268423987,0.5280224192146921,0.0,0.0,0.0,0.0,False,2.474969989413456,0.19227701899505367,False,True,False,False,False,False
3.0,2.0,0.25,1e-06,20.072873863121213,0.38850578965654764,0.45260576230294025,0.44289861919613627,0.0,0.0,0.0,0.0,False,1.837329653620635,0.3335893629103568,False,True,False,False,False,False
3.0,2.0,0.25,1.5e-06,13.800127444121685,0.260487182041829,0.32646362051763933,0.30940544374063367,0.0,0.0,0.0,0.0,False,1.2631665774282956,0.5531818738360582,False,True,False,False,False,False
3.0,2.0,0.25,2e-06,12.135714986272728,0.20729720381991412,0.2541375492799221,0.24489978904787776,0.0,0.0,0.0,0.0,False,1.1108179707706347,0.6444195547596459,False,True,False,False,False,False
3.0,2.0,0.25,3e-06,11.301428577627139,0.23192592903898332,0.19779084803769564,0.23436483501794914,0.0,0.0,0.0,0.0,False,1.0344532624249385,0.6021734804387067,True,True,False,True,False,False
3.0,2.0,0.25,5e-06,11.027047762322262,0.3474395828751726,0.24035209868911103,0.31897527469378484,0.0,0.0,0.0,0.0,False,1.0093383729585894,0.40403093097096276,True,True,False,False,False,False
3.0,2.0,0.25,8e-06,10.960195375721355,0.4436070305834971,0.33678209149132216,0.4065576316658431,0.0,0.0,0.0,0.0,False,1.003219175819468,0.23907326032403475,True,True,False,False,False,False
3.0,2.0,0.25,1e-05,10.9468342355329,0.47936550427569236,0.38194919790362264,0.4427708929249946,0.0,0.0,0.0,0.0,False,1.001996191046992,0.17773613776625907,True,True,False,False,False,False
3.0,2.0,0.25,2e-05,10.93024335365066,0.5487971285114315,0.47905152320899663,0.5232907020980592,0.0,0.0,0.0,0.0,False,1.0004775784422486,0.058638883174475964,True,True,False,False,False,False
3.0,2.0,0.5,3e-07,114.4656241199095,0.8886082048640477,0.9483574024560453,0.964809705221758,0.0,0.0,0.0,0.0,True,10.47737792554439,-0.5242448779207118,False,True,False,False,False,False
3.0,2.0,0.5,5e-07,54.44138713116831,0.6342952750360591,0.6855003098714503,0.7029846901817491,0.0,0.0,0.0,0.0,True,4.983181563458636,-0.0880175523598059,False,True,False,False,False,False
3.0,2.0,0.5,8e-07,26.72140268872619,0.4269437761617678,0.47524428263902496,0.49007954323275177,0.0,0.0,0.0,0.0,True,2.445889207550705,0.2676560261175336,False,True,False,False,False,False
3.0,2.0,0.5,1e-06,19.880701989514574,0.3379242444848199,0.38699370243261144,0.399168727195253,0.0,0.0,0.0,0.0,True,1.819739592308188,0.4203527539338696,False,True,False,False,False,False
3.0,2.0,0.5,1.5e-06,13.737724744167531,0.2053869117227472,0.2516946232011423,0.26052829990740234,0.0,0.0,0.0,0.0,True,1.2574546732996892,0.647696311522076,False,True,False,False,False,False
3.0,2.0,0.5,2e-06,12.111444140970342,0.17061691162399187,0.18908858801848674,0.20585866385092208,0.0,0.0,0.0,0.0,True,1.1085963883456866,0.7073378883899587,False,True,True,True,False,False
3.0,2.0,0.5,3e-06,11.295503901414891,0.24046909279646903,0.18722101753012813,0.23211278180170053,0.0,0.0,0.0,0.0,True,1.0339109592466744,0.5875192452793794,True,True,False,True,False,True
3.0,2.0,0.5,5e-06,11.02597402313684,0.37442769922278085,0.28303079008114124,0.34235151559727267,0.0,0.0,0.0,0.0,True,1.009240090427693,0.35773775262487295,True,True,False,False,False,False
3.0,2.0,0.5,8e-06,10.959926083636615,0.4674413130332498,0.378833039408328,0.43147014300994846,0.0,0.0,0.0,0.0,True,1.0031945267165965,0.1981899072961283,True,True,False,False,False,False
3.0,2.0,0.5,1e-05,10.94668439600349,0.4991250942460564,0.41681642958298676,0.46477514883652266,0.0,0.0,0.0,0.0,True,1.0019824757906441,0.14384217455808812,True,True,False,False,False,False
3.0,2.0,0.5,2e-05,10.930213441481122,0.5564614299811803,0.49226211791667623,0.5332411947198747,0.0,0.0,0.0,0.0,True,1.0004748404926918,0.04549217555444873,True,True,False,False,False,False
3.0,2.0,0.75,3e-07,112.99415433147887,0.8781348580110206,0.9360125603308389,0.9558103387096665,0.0,0.0,0.0,0.0,False,10.342689933424953,-0.5062797666286594,False,True,False,False,False,False
3.0,2.0,0.75,5e-07,53.7485054349517,0.6162359772198921,0.6635694421679883,0.6874015965439745,0.0,0.0,0.0,0.0,False,4.919760047656226,-0.057040129414055896,False,True,False,False,False,False
3.0,2.0,0.75,8e-07,26.428034391941704,0.40043643528959444,0.4419394050278203,0.4671043646631664,0.0,0.0,0.0,0.0,False,2.4190363376134,0.313124522053704,False,True,False,False,False,False
3.0,2.0,0.75,1e-06,19.702898616789064,0.30825310013731905,0.3488403641088145,0.37330126664588664,0.0,0.0,0.0,0.0,False,1.8034647224788838,0.47124817617526515,False,True,False,False,False,False
3.0,2.0,0.75,1.5e-06,13.679832936203182,0.18071279291629225,0.21391633506979246,0.23628215609822392,0.0,0.0,0.0,0.0,False,1.2521556644880993,0.6900202502411654,False,True,True,False,False,False
3.0,2.0,0.75,2e-06,12.088836840993567,0.17031313711567025,0.17188470105512985,0.1964454377037227,0.0,0.0,0.0,0.0,False,1.1065270751562115,0.7078589580085123,False,True,True,True,False,False
3.0,2.0,0.75,3e-06,11.289921159678812,0.26518442827018024,0.21460626321324408,0.24900254001380884,0.0,0.0,0.0,0.0,False,1.033399954344728,0.545124606904799,True,True,False,False,False,False
3.0,2.0,0.75,5e-06,11.024936991361535,0.40031383557681904,0.32389145171018513,0.36679610190637235,0.0,0.0,0.0,0.0,False,1.009145167834869,0.31333481944147235,True,True,False,False,False,False
3.0,2.0,0.75,8e-06,10.959658969868643,0.48615247470941053,0.41013515801333844,0.45179790173790424,0.0,0.0,0.0,0.0,False,1.0031700770015166,0.16609433110324612,True,True,False,False,False,False
3.0,2.0,0.75,1e-05,10.946534133640885,0.5138980785075754,0.4416885095258578,0.48182685575587747,0.0,0.0,0.0,0.0,False,1.0019687218311204,0.1185018215555309,True,True,False,False,False,False
3.0,2.0,0.75,2e-05,10.930182815310326,0.5618287274915944,0.5012780006243497,0.5404869386982842,0.0,0.0,0.0,0.0,False,1.0004720371884832,0.03628555817938528,True,True,False,False,False,False
3.0,2.0,1.0,3e-07,111.64676498575741,0.8711153632046971,0.9281512153976464,0.9497750361988277,0.0,0.0,0.0,0.0,False,10.219359392081055,-0.4942391069255829,False,True,False,False,False,False
3.0,2.0,1.0,5e-07,53.11039862626522,0.6041498023295806,0.6495570787961551,0.6769668284962179,0.0,0.0,0.0,0.0,False,4.8613522396975,-0.03630850655780549,False,True,False,False,False,False
3.0,2.0,1.0,8e-07,26.156290499966488,0.3830894362273588,0.4208391904191213,0.452010112548485,0.0,0.0,0.0,0.0,False,2.3941628135569544,0.3428801267433471,False,True,False,False,False,False
3.0,2.0,1.0,1e-06,19.53790995327166,0.2896748143361568,0.32528002245663523,0.35686675529934087,0.0,0.0,0.0,0.0,False,1.7883628209744509,0.5031158281032609,False,True,False,False,False,False
3.0,2.0,1.0,1.5e-06,13.625972103874533,0.1722668700131114,0.19659943918580208,0.2248803772775129,0.0,0.0,0.0,0.0,False,1.247225622826854,0.7045076864971206,False,True,True,True,False,False
3.0,2.0,1.0,2e-06,12.067716918402938,0.1832658885550842,0.17726215569656487,0.199987045814269,0.0,0.0,0.0,0.0,False,1.1045939060284353,0.6856408815509272,False,True,True,True,False,False
3.0,2.0,1.0,3e-06,11.284644948316355,0.29007905081035384,0.24573705452931044,0.2688976651659315,0.0,0.0,0.0,0.0,False,1.0329170070766331,0.5024224343534724,True,True,False,False,False,False
3.0,2.0,1.0,5e-06,11.023933187141802,0.4216662180446275,0.3561253319911957,0.38770302484074515,0.0,0.0,0.0,0.0,False,1.0090532866587145,0.2767087119738506,True,True,False,False,False,False
3.0,2.0,1.0,8e-06,10.959393966618507,0.5003866168746752,0.4329172839346531,0.4677085113124333,0.0,0.0,0.0,0.0,False,1.0031458204683914,0.14167826318012877,True,True,False,False,False,False
3.0,2.0,1.0,1e-05,10.946383597168156,0.5248572276617773,0.45944540086839925,0.49486244593677214,0.0,0.0,0.0,0.0,False,1.0019549427814844,0.09970340525324495,True,True,False,False,False,False
3.0,2.0,1.0,2e-05,10.930151576494973,0.565655036124869,0.5075535741250666,0.545842386326422,0.0,0.0,0.0,0.0,False,1.000469177807102,0.029722225426335958,True,True,False,False,False,False
3.0,2.0,1.5,3e-07,109.26419736219822,0.8623360127540257,0.9189276722157623,0.9422394824001199,0.0,0.0,0.0,0.0,False,10.001275914031387,-0.4791797366849557,False,True,False,False,False,False
3.0,2.0,1.5,5e-07,51.97401424253828,0.5890887765396379,0.633148437751505,0.6639891848745668,0.0,0.0,0.0,0.0,False,4.757335608079597,-0.010474070986659534,False,True,False,False,False,False
3.0,2.0,1.5,8e-07,25.668833734863522,0.362223245378284,0.39673193311014665,0.43378274192307054,0.0,0.0,0.0,0.0,False,2.3495444507112064,0.37867226139765675,False,True,False,False,False,False
3.0,2.0,1.5,1e-06,19.241270106086358,0.26894629937603676,0.2997267045363112,0.33804854747676993,0.0,0.0,0.0,0.0,False,1.7612104963299766,0.5386718049465085,False,True,False,False,False,False
3.0,2.0,1.5,1.5e-06,13.528756258778213,0.17467805698469643,0.189073458088623,0.2187632609642127,0.0,0.0,0.0,0.0,False,1.2383271683147958,0.7003717361749986,False,True,True,True,False,False
3.0,2.0,1.5,2e-06,12.029356933215206,0.2132605412410719,0.20311187467088823,0.21695031375265394,0.0,0.0,0.0,0.0,False,1.1010827028604944,0.6341905399140049,False,True,False,False,False,False
3.0,2.0,1.5,3e-06,11.274895706085195,0.32912939022246046,0.2938855535194802,0.302429985690229,0.0,0.0,0.0,0.0,False,1.0320246300321805,0.4354387181283049,True,True,False,False,False,False
3.0,2.0,1.5,5e-06,11.022014192114506,0.4520650456647783,0.39935508262570196,0.4183138204432408,0.0,0.0,0.0,0.0,False,1.0088776353547286,0.22456508214781434,True,True,False,False,False,False
3.0,2.0,1.5,8e-06,10.958870276689861,0.5194879692288372,0.46193150097117497,0.48975227871754573,0.0,0.0,0.0,0.0,False,1.0030978855766681,0.10891338623231284,True,True,False,False,False,False
3.0,2.0,1.5,1e-05,10.946082333909738,0.5392509437963031,0.481706318998334,0.5126120592490093,0.0,0.0,0.0,0.0,False,1.001927367262303,0.07501361736674639,True,True,False,False,False,False
3.0,2.0,1.5,2e-05,10.930087633368437,0.5704912934280352,0.5152258368732212,0.552923751585887,0.0,0.0,0.0,0.0,False,1.0004633249031616,0.021426510416833522,True,True,False,False,False,False
3.0,2.0,2.0,3e-07,107.22237673725375,0.8571027292181931,0.9138361810930289,0.9377664547747059,0.0,0.0,0.0,0.0,False,9.81438201895854,-0.47020299577649194,False,True,False,False,False,False
3.0,2.0,2.0,5e-07,50.99244545378507,0.5801428978480752,0.6241412258472292,0.6563207544775189,0.0,0.0,0.0,0.0,False,4.667489706842796,0.004870947998620645,False,True,False,False,False,False
3.0,2.0,2.0,8e-07,25.244345053165887,0.3503489019320709,0.38401603642535936,0.42339392277615795,0.0,0.0,0.0,0.0,False,2.3106897432175124,0.39904052614863417,False,True,False,False,False,False
3.0,2.0,2.0,1e-06,18.982241774911643,0.2583555590080142,0.2873460096807675,0.32807097667237484,0.0,0.0,0.0,0.0,False,1.7375008652507142,0.5568382833460819,False,True,False,False,False,False
3.0,2.0,2.0,1.5e-06,13.4434126600322,0.1833969502298743,0.19302449027221114,0.22024814807293874,0.0,0.0,0.0,0.0,False,1.2305154157081681,0.6854160692147402,False,True,True,True,False,False
3.0,2.0,2.0,2e-06,11.99538767421355,0.23673689087242794,0.2256398235425661,0.23308476032770928,0.0,0.0,0.0,0.0,False,1.097973395877306,0.5939211551817933,False,True,False,False,False,False
3.0,2.0,2.0,3e-06,11.266061939320734,0.3554568782978132,0.32468926678923204,0.3259437717023362,0.0,0.0,0.0,0.0,False,1.0312160491712539,0.3902787267758566,True,True,False,False,False,False
3.0,2.0,2.0,5e-06,11.020199140687984,0.47133084311752066,0.42486344484724875,0.43816903914031163,0.0,0.0,0.0,0.0,False,1.0087114983166774,0.1915181297050409,True,True,False,False,False,False
3.0,2.0,2.0,8e-06,10.958355306130796,0.5309860885459345,0.47830503634419114,0.5034818000470968,0.0,0.0,0.0,0.0,False,1.0030507487946925,0.08919046517568352,True,True,False,False,False,False
3.0,2.0,2.0,1e-05,10.94578187868617,0.5477375175023969,0.49406982872324184,0.5235040503075915,0.0,0.0,0.0,0.0,False,1.001899865704947,0.06045645209210315,True,True,False,False,False,False
3.0,2.0,2.0,2e-05,10.930022293115936,0.5732304526491643,0.5193652951125589,0.5571422175415284,0.0,0.0,0.0,0.0,False,1.0004573441161395,0.016727983676070313,True,True,False,False,False,False
3.0,4.0,0.0,3e-07,120.46660687251243,1.1464457810498934,1.2324805069794829,1.2317282674039667,0.0,0.0,0.0,0.0,False,11.026665667668869,-0.9665180897654018,False,True,False,False,False,False
3.0,4.0,0.0,5e-07,37.42277379806685,0.8725783013596662,0.9557832771557941,0.9453610168907698,0.0,0.0,0.0,0.0,False,3.4254174309464864,-0.49674850980665086,False,True,False,False,False,False
3.0,4.0,0.0,8e-07,13.754593972297132,0.6654862584165729,0.7522778703774802,0.7246106291558835,0.0,0.0,0.0,0.0,False,1.2589987637616509,-0.14151998053323478,False,True,False,False,False,False
3.0,4.0,0.0,1e-06,11.63303320629294,0.5813815358005328,0.6730728868249302,0.6340655106668368,0.0,0.0,0.0,0.0,False,1.0648060171764595,0.0027462910977533728,False,True,False,False,False,False
3.0,4.0,0.0,1.5e-06,10.984486185342353,0.4492271995490861,0.5534095766662143,0.4914282309400982,0.0,0.0,0.0,0.0,False,1.0054425856376858,0.22943288820957908,True,True,False,False,False,False
3.0,4.0,0.0,2e-06,10.938576590546901,0.3789736235843513,0.4821907609253775,0.41286510921864145,0.0,0.0,0.0,0.0,False,1.001240344320444,0.34994005068423095,True,True,False,False,False,False
3.0,4.0,0.0,3e-06,10.927299570263264,0.36484266757190464,0.39896835567792216,0.3745488113260862,0.0,0.0,0.0,0.0,False,1.0002081252215298,0.3741791216315784,True,True,False,False,False,False
3.0,4.0,0.0,5e-06,10.925309130688763,0.43359914080130907,0.322875315462553,0.41059559952170865,0.0,0.0,0.0,0.0,False,1.0000259343863307,0.25623996512801417,True,True,False,False,False,False
3.0,4.0,0.0,8e-06,10.925068811077308,0.4840401713197152,0.34730406913825157,0.44282076087052874,0.0,0.0,0.0,0.0,False,1.000003937219832,0.1697176012967171,True,True,False,False,False,False
3.0,4.0,0.0,1e-05,10.925043405933728,0.5189626587149673,0.41210083136884684,0.4748214831923137,0.0,0.0,0.0,0.0,False,1.000001611811723,0.10981446035665843,True,True,False,False,False,False
3.0,4.0,0.0,2e-05,10.92502689702891,0.5765673998842109,0.5182499865628643,0.5559986671399205,0.0,0.0,0.0,0.0,False,1.000000100702722,0.01100406091340611,True,True,False,False,False,False
3.0,4.0,0.25,3e-07,118.39212373387333,1.126035201149153,1.206043390218547,1.214655100774385,0.0,0.0,0.0,0.0,False,10.83678207588482,-0.931507472376544,False,True,False,False,False,False
3.0,4.0,0.25,5e-07,36.63557039244152,0.8331539876880916,0.9042955864055254,0.9122901593399613,0.0,0.0,0.0,0.0,False,3.3533623694515864,-0.42912330912708807,False,True,False,False,False,False
3.0,4.0,0.25,8e-07,13.635868614029068,0.599793979550323,0.6666494593045938,0.6691969070359411,0.0,0.0,0.0,0.0,False,1.24813147974093,-0.028836889118228015,False,True,False,False,False,False
3.0,4.0,0.25,1e-06,11.603919519563858,0.5003895573443675,0.5682825981007122,0.5655588058437402,0.0,0.0,0.0,0.0,False,1.062141155118424,0.14167321934208787,False,True,False,False,False,False
3.0,4.0,0.25,1.5e-06,10.983028188461743,0.3385272964000212,0.41310165934912113,0.397383205001992,0.0,0.0,0.0,0.0,False,1.0053091308607616,0.41931832865191254,True,True,False,False,False,False
3.0,4.0,0.25,2e-06,10.938412684326737,0.25777779913123217,0.3227662941776819,0.30752214267373523,0.0,0.0,0.0,0.0,False,1.0012253414981886,0.5578293247612216,True,True,False,False,False,False
3.0,4.0,0.25,3e-06,10.927290141386631,0.28785030089885166,0.2487217440859298,0.29505057085420777,0.0,0.0,0.0,0.0,False,1.0002072621684983,0.5062454472608235,True,True,False,False,False,False
3.0,4.0,0.25,5e-06,10.925308556407266,0.4241928793991298,0.2837005347605873,0.39209576044574884,0.0,0.0,0.0,0.0,False,1.0000258818206427,0.27237468646434093,True,True,False,False,False,False
3.0,4.0,0.25,8e-06,10.92506873595964,0.5055056195095512,0.39164602914616153,0.46192463723870036,0.0,0.0,0.0,0.0,False,1.000003930344089,0.1328975502589983,True,True,False,False,False,False
3.0,4.0,0.25,1e-05,10.925043375710521,0.5367085914216843,0.4470986599448344,0.4946689886734323,0.0,0.0,0.0,0.0,False,1.0000016090453032,0.07937455795188897,True,True,False,False,False,False
3.0,4.0,0.25,2e-05,10.925026895162114,0.578605119098983,0.521949204247594,0.5601780246991108,0.0,0.0,0.0,0.0,False,1.0000001005318486,0.007508726232997365,True,True,False,False,False,False
3.0,4.0,0.5,3e-07,116.53992449395999,1.1156108307345143,1.1934674881683827,1.2058615620596098,0.0,0.0,0.0,0.0,False,10.66724478834381,-0.9136263712083499,False,True,False,False,False,False
3.0,4.0,0.5,5e-07,35.9187577663063,0.8126571338420463,0.8790727288056338,0.8949835157743021,0.0,0.0,0.0,0.0,False,3.2877503846870324,-0.3939647045617569,False,True,False,False,False,False
3.0,4.0,0.5,8e-07,13.526695296550843,0.5647245785259667,0.6227509887169548,0.6395794863474632,0.0,0.0,0.0,0.0,False,1.238138522332105,0.03131825528683696,False,True,False,False,False,False
3.0,4.0,0.5,1e-06,11.57712581948526,0.45664550799272074,0.5132438559784689,0.5286800730091771,0.0,0.0,0.0,0.0,False,1.0596886483164425,0.21670813664173139,False,True,False,False,False,False
3.0,4.0,0.5,1.5e-06,10.981664513382253,0.27945783876879104,0.33760922018086326,0.3478277246601254,0.0,0.0,0.0,0.0,False,1.0051843096379245,0.5206411813367267,True,True,False,False,False,False
3.0,4.0,0.5,2e-06,10.938253709622503,0.2037417142606019,0.24171657946983802,0.25882960768755525,0.0,0.0,0.0,0.0,False,1.0012107900722067,0.6505183469153084,True,True,False,False,False,False
3.0,4.0,0.5,3e-06,10.927279780175883,0.28344736589554603,0.20847613209372787,0.28069991357144,0.0,0.0,0.0,0.0,False,1.0002063137761614,0.5137978771054628,True,True,False,False,False,False
3.0,4.0,0.5,5e-06,10.925307807658891,0.44367991517840927,0.31651639993261155,0.4062238305510474,0.0,0.0,0.0,0.0,False,1.0000258132854842,0.23894824012968352,True,True,False,False,False,False
3.0,4.0,0.5,8e-06,10.925068633185123,0.5243572158496562,0.42859952544756047,0.482038091526632,0.0,0.0,0.0,0.0,False,1.000003920936833,0.10056108408104969,True,True,False,False,False,False
3.0,4.0,0.5,1e-05,10.925043334113973,0.5494688972873361,0.471280512634971,0.5109937927230674,0.0,0.0,0.0,0.0,False,1.0000016052378478,0.05748658668406004,True,True,False,False,False,False
3.0,4.0,0.5,2e-05,10.925026892582652,0.5799334871505699,0.524345106793324,0.5631518177538501,0.0,0.0,0.0,0.0,False,1.0000001002957428,0.005230153755788947,True,True,False,False,False,False
3.0,4.0,0.75,3e-07,114.87371014585248,1.109274413412468,1.186280391611976,1.2005007867823274,0.0,0.0,0.0,0.0,False,10.514731249328822,-0.9027574060169077,False,True,False,False,False,False
3.0,4.0,0.75,5e-07,35.26406727095833,0.8001528932821969,0.8645351190166425,0.8844011956200555,0.0,0.0,0.0,0.0,False,3.22782462272345,-0.3725159665000204,False,True,False,False,False,False
3.0,4.0,0.75,8e-07,13.426154495435433,0.5433108027282882,0.5971318719379243,0.6214852169487272,0.0,0.0,0.0,0.0,False,1.2289357247383084,0.06804967178500854,False,True,False,False,False,False
3.0,4.0,0.75,1e-06,11.552427518579272,0.4301777672759115,0.4810633774962595,0.5063719768207207,0.0,0.0,0.0,0.0,False,1.0574279396128425,0.2621087057529543,False,True,False,False,False,False
3.0,4.0,0.75,1.5e-06,10.980386383572263,0.24767329018364956,0.2958079298100804,0.32066262632279463,0.0,0.0,0.0,0.0,False,1.0050673186272159,0.5751617620749341,True,True,False,False,False,False
3.0,4.0,0.75,2e-06,10.938099263604665,0.18953506515968607,0.20780934104389193,0.24088006485403918,0.0,0.0,0.0,0.0,False,1.0011966531703165,0.6748872555141221,True,True,True,False,False,False
3.0,4.0,0.75,3e-06,10.92726858618496,0.3047012125747619,0.22566312287713297,0.29263676705626424,0.0,0.0,0.0,0.0,False,1.000205289156986,0.47734078976418237,True,True,False,False,False,False
3.0,4.0,0.75,5e-06,10.925306902357475,0.46636529343876704,0.3572960325886317,0.42643231509726565,0.0,0.0,0.0,0.0,False,1.0000257304205615,0.2000356221414955,True,True,False,False,False,False
3.0,4.0,0.75,8e-06,10.925068505583818,0.5385838474345099,0.4552993411481632,0.4987766610275069,0.0,0.0,0.0,0.0,False,1.0000039092571071,0.07615789918518667,True,True,False,False,False,False
3.0,4.0,0.75,1e-05,10.925043282307485,0.5583859918071115,0.4877232623649518,0.5235871078206079,0.0,0.0,0.0,0.0,False,1.0000016004958463,0.042190941681792715,True,True,False,False,False,False
3.0,4.0,0.75,2e-05,10.925026889363407,0.5808150161834732,0.5259257603431098,0.5652952269014223,0.0,0.0,0.0,0.0,False,1.0000001000010756,0.0037180519028167103,True,True,False,False,False,False
3.0,4.0,1.0,3e-07,113.36564653153812,1.1050178754601414,1.1817048946834998,1.1968987555268846,0.0,0.0,0.0,0.0,False,10.376693715838575,-0.8954560935419666,False,True,False,False,False,False
3.0,4.0,1.0,5e-07,34.66451918596802,0.7917490945660615,0.8552623187486532,0.8772907769591721,0.0,0.0,0.0,0.0,False,3.172946209057532,-0.3581007865837986,False,True,False,False,False,False
3.0,4.0,1.0,8e-07,13.333433443863738,0.5290223138713838,0.580812456977687,0.6094197332470543,0.0,0.0,0.0,0.0,False,1.220448692003023,0.09255896151939258,False,True,False,False,False,False
3.0,4.0,1.0,1e-06,11.529626078592733,0.4128417272621998,0.4607765207599943,0.4917463345470393,0.0,0.0,0.0,0.0,False,1.0553408562127178,0.291845512198908,False,True,False,False,False,False
3.0,4.0,1.0,1.5e-06,10.979186061157671,0.23108253341533996,0.27267878103115284,0.30550417096271343,0.0,0.0,0.0,0.0,False,1.0049574495580795,0.6036201714014531,True,True,False,False,False,False
3.0,4.0,1.0,2e-06,10.937949007464908,0.19494035754408945,0.20058269566123588,0.23841924705796574,0.0,0.0,0.0,0.0,False,1.0011828997803887,0.665615464880756,True,True,True,False,False,False
3.0,4.0,1.0,3e-06,10.927256652013698,0.33046422809095244,0.25717176514483686,0.31158471929262876,0.0,0.0,0.0,0.0,False,1.0002041967869097,0.43314904786331476,True,True,False,False,False,False
3.0,4.0,1.0,5e-06,10.925305856971194,0.48598885165196487,0.3913408722910432,0.4451260762208321,0.0,0.0,0.0,0.0,False,1.0000256347332561,0.16637499653696164,True,True,False,False,False,False
3.0,4.0,1.0,8e-06,10.92506835575471,0.5489535201326999,0.4741572804269737,0.5119244172638205,0.0,0.0,0.0,0.0,False,1.0000038955428048,0.058370621947128054,True,True,False,False,False,False
3.0,4.0,1.0,1e-05,10.925043221359353,0.5646194945404539,0.49899160982880286,0.5331556837353237,0.0,0.0,0.0,0.0,False,1.000001594917083,0.03149850764754292,True,True,False,False,False,False
3.0,4.0,1.0,2e-05,10.925026885571299,0.5814101718090166,0.5269868634864298,0.5668594691417493,0.0,0.0,0.0,0.0,False,1.0000000996539729,0.002697171261793474,True,True,False,False,False,False
3.0,4.0,1.5,3e-07,110.74060379187414,1.0996789843284704,1.1763278217547628,1.1923885054278995,0.0,0.0,0.0,0.0,False,10.136415771559388,-0.886298202115035,False,True,False,False,False,False
3.0,4.0,1.5,5e-07,33.60787026171281,0.781207350861547,0.8443721682595643,0.868394155328852,0.0,0.0,0.0,0.0,False,3.0762280004323443,-0.34001835300057803,False,True,False,False,False,False
3.0,4.0,1.5,8e-07,13.168644365396267,0.5113207680049665,0.5618511747214372,0.5945126357720764,0.0,0.0,0.0,0.0,False,1.205365059109909,0.12292272641653645,False,True,False,False,False,False
3.0,4.0,1.5,1e-06,11.48902863058253,0.39202541991160206,0.43778408543397274,0.47415852874571685,0.0,0.0,0.0,0.0,False,1.051624851439355,0.32755208083364873,False,True,False,False,False,False
3.0,4.0,1.5,1.5e-06,10.976992214952972,0.2196666556052505,0.25355422124119803,0.2923312720016406,0.0,0.0,0.0,0.0,False,1.0047566403109898,0.6232020221921059,True,True,False,False,False,False
3.0,4.0,1.5,2e-06,10.93765996276068,0.22148174956454372,0.21533211763228643,0.2499531726992106,0.0,0.0,0.0,0.0,False,1.001156442661696,0.6200885604265567,True,True,False,False,False,False
3.0,4.0,1.5,3e-06,10.927230900582016,0.37436192146957387,0.31247403123760514,0.34717178880729693,0.0,0.0,0.0,0.0,False,1.000201839682024,0.35785058233188904,True,True,False,False,False,False
3.0,4.0,1.5,5e-06,10.925303405239548,0.5140611558496999,0.4375515976731367,0.4732982519330462,0.0,0.0,0.0,0.0,False,1.00002541031899,0.11822209219665536,True,True,False,False,False,False
3.0,4.0,1.5,8e-06,10.92506799876103,0.5619730859386034,0.4970940490259935,0.5299870785743884,0.0,0.0,0.0,0.0,False,1.0000038628661148,0.03603793766200358,True,True,False,False,False,False
3.0,4.0,1.5,1e-05,10.925043075880144,0.5721584668854959,0.5123369704885922,0.5459942051542837,0.0,0.0,0.0,0.0,False,1.0000015816009398,0.018566779222331853,True,True,False,False,False,False
3.0,4.0,1.5,2e-05,10.925026876509152,0.5821037002036192,0.5282131532700595,0.5688767972527532,0.0,0.0,0.0,0.0,False,1.0000000988244877,0.0015075501246271106,True,True,False,False,False,False
3.0,4.0,2.0,3e-07,108.53457396917274,1.0964884808580646,1.1733515259554514,1.1897030535586672,0.0,0.0,0.0,0.0,False,9.934491321794003,-0.880825476850813,False,True,False,False,False,False
3.0,4.0,2.0,5e-07,32.710291593432004,0.7749010983449002,0.8383554746437599,0.8630989832185262,0.0,0.0,0.0,0.0,False,2.994069963923206,-0.3292011300166373,False,True,False,False,False,False
3.0,4.0,2.0,8e-07,13.027443317016516,0.5008779924740647,0.5515626468604555,0.5857693146890022,0.0,0.0,0.0,0.0,False,1.1924405085408407,0.1408353981959829,False,True,False,False,False,False
3.0,4.0,2.0,1e-06,11.454142013224763,0.3802405903005711,0.42580002755572627,0.4641988804746541,0.0,0.0,0.0,0.0,False,1.0484315759261906,0.3477668009695386,True,True,False,False,False,False
3.0,4.0,2.0,1.5e-06,10.97503679020709,0.21953179378076285,0.24917751091460022,0.2886580911814204,0.0,0.0,0.0,0.0,False,1.0045776544868608,0.6234333529901754,True,True,False,False,False,False
3.0,4.0,2.0,2e-06,10.937384758690786,0.24678023187502837,0.2356963278589617,0.26514940020775546,0.0,0.0,0.0,0.0,False,1.0011312524172964,0.576693640292071,True,True,False,False,False,False
3.0,4.0,2.0,3e-06,10.927203139486766,0.40520079423528443,0.3496174991537751,0.37343557562305363,0.0,0.0,0.0,0.0,False,1.0001992986266741,0.30495213552858214,True,True,False,False,False,False
3.0,4.0,2.0,5e-06,10.925300559272683,0.531306899249618,0.4643415403573612,0.4914761212375952,0.0,0.0,0.0,0.0,False,1.0000251498192056,0.08864017307935224,True,True,False,False,False,False
3.0,4.0,2.0,8e-06,10.925067579028168,0.5690521410165086,0.5091507494938775,0.5409593933181063,0.0,0.0,0.0,0.0,False,1.0000038244467215,0.02389511320466431,True,True,False,False,False,False
3.0,4.0,2.0,1e-05,10.92504290459042,0.5761010477852985,0.5191494445395851,0.5536329454788955,0.0,0.0,0.0,0.0,False,1.0000015659222836,0.011804002658467594,True,True,False,False,False,False
3.0,4.0,2.0,2e-05,10.92502686582927,0.5824507569173188,0.5288188582855278,0.570022724808025,0.0,0.0,0.0,0.0,False,1.0000000978469263,0.0009122377976544804,True,True,False,False,False,False
4.0,1.0,0.0,3e-07,203.64463731740835,1.248964201006346,1.3429312994383305,1.335025670575896,0.0,0.0,0.0,0.0,False,18.64019738755603,-1.1423696919178425,False,True,False,False,False,False
4.0,1.0,0.0,5e-07,129.84374550598082,0.9764024014754293,1.0696681023617778,1.0469660568320212,0.0,0.0,0.0,0.0,False,11.884982966669929,-0.6748397675059774,False,True,False,False,False,False
4.0,1.0,0.0,8e-07,84.54246584967021,0.7662218402094084,0.8645271139803572,0.824218614860918,0.0,0.0,0.0,0.0,False,7.7384225375516635,-0.3143134498390736,False,True,False,False,False,False
4.0,1.0,0.0,1e-06,68.88210046643408,0.6770666253482301,0.7786956999526606,0.7303427796480981,0.0,0.0,0.0,0.0,False,6.304982866612599,-0.16138398233222961,False,True,False,False,False,False
4.0,1.0,0.0,1.5e-06,47.700728019996944,0.5289071889037491,0.635062875616614,0.575776374559376,0.0,0.0,0.0,0.0,False,4.366189051357158,0.0927564373487596,False,True,False,False,False,False
4.0,1.0,0.0,2e-06,37.09245705109988,0.43422335255445244,0.5395057662086289,0.4775264472049094,0.0,0.0,0.0,0.0,False,3.39518255982497,0.25516924401351326,False,True,False,False,False,False
4.0,1.0,0.0,3e-06,26.67341210368585,0.32060011641518105,0.41185101590767864,0.35731373918573567,0.0,0.0,0.0,0.0,False,2.4414964870269524,0.4500691276180733,False,True,False,False,False,False
4.0,1.0,0.0,5e-06,18.833483181139254,0.23828379933186244,0.27182670261704517,0.25463757903543766,0.0,0.0,0.0,0.0,False,1.7238845501464248,0.5912677165988511,False,True,False,False,False,False
4.0,1.0,0.0,8e-06,14.9609142241699,0.25145609210979836,0.19926903674581486,0.2393323253876673,0.0,0.0,0.0,0.0,False,1.369416832725908,0.5686730571219982,False,True,False,True,False,False
4.0,1.0,0.0,1e-05,13.838927496686113,0.2792808691988143,0.19835662386873068,0.25776262949635065,0.0,0.0,0.0,0.0,False,1.2667180612678686,0.5209447402720464,False,True,False,True,False,False
4.0,1.0,0.0,2e-05,11.999147969390169,0.3842074596114397,0.28607101202368496,0.3538903349358106,0.0,0.0,0.0,0.0,False,1.0983175868427593,0.34096236207805053,False,True,False,False,False,False
4.0,1.0,0.25,3e-07,200.5876462470669,1.2135045326907512,1.2962750273883283,1.3052519292132923,0.0,0.0,0.0,0.0,False,18.36038193199682,-1.0815451153418456,False,True,False,False,False,False
4.0,1.0,0.25,5e-07,128.0303940110639,0.9157228833404639,0.9887392041401939,0.9952544701266293,0.0,0.0,0.0,0.0,False,11.719001528398183,-0.5707551504546768,False,True,False,False,False,False
4.0,1.0,0.25,8e-07,83.43857784408539,0.6800005914993822,0.749288741642626,0.7494439603645183,0.0,0.0,0.0,0.0,False,7.637380395765308,-0.16641666473759908,False,True,False,False,False,False
4.0,1.0,0.25,1e-06,68.01365025521497,0.5797033420914515,0.6490204008000637,0.6451989121061215,0.0,0.0,0.0,0.0,False,6.225491044133829,0.005624925518664781,False,True,False,False,False,False
4.0,1.0,0.25,1.5e-06,47.14363685932951,0.4157135279922602,0.4862968722072521,0.47547249729255,0.0,0.0,0.0,0.0,False,4.315196845844188,0.28691946320538875,False,True,False,False,False,False
4.0,1.0,0.25,2e-06,36.68957629614554,0.31545141181495273,0.3849909265182761,0.3713680961908497,0.0,0.0,0.0,0.0,False,3.3583056899259045,0.4589007888292428,False,True,False,False,False,False
4.0,1.0,0.25,3e-06,26.423620897762348,0.209966112232328,0.2643304626498641,0.25530739688053333,0.0,0.0,0.0,0.0,False,2.4186323574067234,0.6398415304346468,False,True,False,False,False,False
4.0,1.0,0.25,5e-06,18.704241395988415,0.18877194689861118,0.17489266707628184,0.19658684090420903,0.0,0.0,0.0,0.0,False,1.7120546663956593,0.6761962453414995,False,True,True,True,False,False
4.0,1.0,0.25,8e-06,14.895461542949048,0.2604264759654397,0.19341206500409425,0.2401495954790317,0.0,0.0,0.0,0.0,False,1.3634257547698514,0.5532860040089382,False,True,False,True,False,False
4.0,1.0,0.25,1e-05,13.792671794065562,0.3011371002966753,0.22501813123483178,0.2752275127588548,0.0,0.0,0.0,0.0,False,1.262484139675309,0.4834543726170877,False,True,False,False,False,False
4.0,1.0,0.25,2e-05,11.984315271399106,0.4124285597102323,0.3343707406026083,0.3834772078714886,0.0,0.0,0.0,0.0,False,1.096959906021965,0.29255422557940836,False,True,False,False,False,False
4.0,1.0,0.5,3e-07,197.85240364232305,1.196694679115503,1.2757276724445001,1.2910328448514998,0.0,0.0,0.0,0.0,False,18.11001706736348,-1.0527108855086995,False,True,False,False,False,False
4.0,1.0,0.5,5e-07,126.39101123547323,0.8859746714822873,0.9511760933051923,0.969750119361332,0.0,0.0,0.0,0.0,False,11.568943962761727,-0.5197275329918567,False,True,False,False,False,False
4.0,1.0,0.5,8e-07,82.43289095031615,0.6360259811425416,0.6923679128868904,0.7111463618906981,0.0,0.0,0.0,0.0,False,7.545326892874789,-0.09098626219565054,False,True,False,False,False,False
4.0,1.0,0.5,1e-06,67.21997926341704,0.529185571155834,0.5830929693076249,0.600858859093663,0.0,0.0,0.0,0.0,False,6.15284398530246,0.09227892350236278,False,True,False,False,False,False
4.0,1.0,0.5,1.5e-06,46.632045694654906,0.3559143798751943,0.4076220844533121,0.4222472065994218,0.0,0.0,0.0,0.0,False,4.2683693898557395,0.38949396648200985,False,True,False,False,False,False
4.0,1.0,0.5,2e-06,36.318570764244946,0.25363702962039747,0.3029594279394003,0.31550988230219584,0.0,0.0,0.0,0.0,False,3.3243464536916436,0.5649320576450639,False,True,False,False,False,False
4.0,1.0,0.5,3e-06,26.19288659682748,0.16352889012832658,0.19399083811742585,0.2079651887818501,0.0,0.0,0.0,0.0,False,2.3975125627970475,0.7194960930972996,False,True,True,True,False,False
4.0,1.0,0.5,5e-06,18.58451516046268,0.1964758631090486,0.16694836198586424,0.1923774048218189,0.0,0.0,0.0,0.0,False,1.7010957691122985,0.6629815858780679,False,True,True,True,False,False
4.0,1.0,0.5,8e-06,14.834661100196632,0.28778678263814905,0.23169559138407783,0.2634870896463814,0.0,0.0,0.0,0.0,False,1.3578605099930425,0.5063544012216361,False,True,False,False,False,False
4.0,1.0,0.5,1e-05,13.7496291266816,0.3298189224096506,0.2689139901140817,0.30241260384251006,0.0,0.0,0.0,0.0,False,1.2585443167234607,0.4342559517541785,False,True,False,False,False,False
4.0,1.0,0.5,2e-05,11.970395757099837,0.4351600710765773,0.371006387877202,0.4077221559633334,0.0,0.0,0.0,0.0,False,1.0956858116117456,0.25356247468414306,False,True,False,False,False,False
4.0,1.0,0.75,3e-07,195.38281766198932,1.1869336547583973,1.2645459907185619,1.2827609621600657,0.0,0.0,0.0,0.0,False,17.883968541139772,-1.0359676331977963,False,True,False,False,False,False
4.0,1.0,0.75,5e-07,124.89787173541595,0.8685577611423806,0.9303625228201382,0.9547932026880716,0.0,0.0,0.0,0.0,False,11.432272477694118,-0.4898520082898665,False,True,False,False,False,False
4.0,1.0,0.75,8e-07,81.51081673869892,0.6100222468367058,0.6600201600373048,0.688457184216521,0.0,0.0,0.0,0.0,False,7.460926706663497,-0.04638161123077955,False,True,False,False,False,False
4.0,1.0,0.75,1e-06,66.49030614564685,0.49925859424288643,0.5451830955295167,0.5745172553075423,0.0,0.0,0.0,0.0,False,6.086054841611775,0.14361317972633125,False,True,False,False,False,False
4.0,1.0,0.75,1.5e-06,46.15970027923559,0.32114268556805536,0.36207918728656624,0.3909728131539457,0.0,0.0,0.0,0.0,False,4.225134213646312,0.44913844945455916,False,True,False,False,False,False
4.0,1.0,0.75,2e-06,35.9751782344535,0.22021559849394506,0.25715409357511215,0.2841434365510692,0.0,0.0,0.0,0.0,False,3.2929147174031597,0.6222604110503409,False,True,False,False,False,False
4.0,1.0,0.75,3e-06,25.978732850910184,0.15170522460533892,0.16684058835186583,0.18886033625316703,0.0,0.0,0.0,0.0,False,2.3779104355435754,0.7397774291383267,False,True,True,True,False,False
4.0,1.0,0.75,5e-06,18.473091169844054,0.21842362034825244,0.1902164111534063,0.206292511700277,0.0,0.0,0.0,0.0,False,1.6908968009184877,0.6253342218647884,False,True,False,True,False,False
4.0,1.0,0.75,8e-06,14.77792295619356,0.3137535368276063,0.26869206699379616,0.2877126729847161,0.0,0.0,0.0,0.0,False,1.3526670994640317,0.4618131828839527,False,True,False,False,False,False
4.0,1.0,0.75,1e-05,13.709392498191766,0.35445412991701264,0.3052392347316693,0.32675679727474116,0.0,0.0,0.0,0.0,False,1.2548613388304988,0.3919987582530726,False,True,False,False,False,False
4.0,1.0,0.75,2e-05,11.957274417085104,0.4524843838869121,0.3975074205846283,0.42646906061265216,0.0,0.0,0.0,0.0,False,1.0944847764600925,0.2238457841110585,False,True,False,False,False,False
4.0,1.0,1.0,3e-07,193.13756139798892,1.1805717634228876,1.2576540454648002,1.2773735555238301,0.0,0.0,0.0,0.0,False,17.678453578909846,-1.0250549719946256,False,True,False,False,False,False
4.0,1.0,1.0,5e-07,123.52997488365902,0.8571865910820841,0.9174518616082382,0.945037680218226,0.0,0.0,0.0,0.0,False,11.307064823525335,-0.470346845468391,False,True,False,False,False,False
4.0,1.0,1.0,8e-07,80.66109234503136,0.5930460830783393,0.6397702466876102,0.6736509447539231,0.0,0.0,0.0,0.0,False,7.383148913780607,-0.01726210669121464,False,True,False,False,False,False
4.0,1.0,1.0,1e-06,65.81624359663911,0.4798051321506773,0.521382709450299,0.5573755031377926,0.0,0.0,0.0,0.0,False,6.024355898145467,0.17698203654035427,False,True,False,False,False,False
4.0,1.0,1.0,1.5e-06,45.7216777989537,0.29938592586043833,0.3338914667238383,0.371125476971337,0.0,0.0,0.0,0.0,False,4.185040717445303,0.4864581921296346,False,True,False,False,False,False
4.0,1.0,1.0,2e-06,35.656021348731485,0.20183442743666416,0.23085576268696004,0.265618586363157,0.0,0.0,0.0,0.0,False,3.263701341466412,0.6537899486810805,False,True,False,False,False,False
4.0,1.0,1.0,3e-06,25.77918323103745,0.1551642564678577,0.16186428811414016,0.18354112697786878,0.0,0.0,0.0,0.0,False,2.3596450672430005,0.7338440925225395,False,True,True,True,False,False
4.0,1.0,1.0,5e-06,18.368995578789693,0.24004574014098284,0.21607774885569353,0.22313297459480785,0.0,0.0,0.0,0.0,False,1.6813686228628915,0.588245429342442,False,True,False,False,False,False
4.0,1.0,1.0,8e-06,14.724772507377397,0.3350253064543019,0.29789544854148803,0.30824670414541044,0.0,0.0,0.0,0.0,False,1.3478020813117182,0.42532535200379473,False,True,False,False,False,False
4.0,1.0,1.0,1e-05,13.671634368257086,0.37402819928413583,0.33280281075111723,0.3464995409451543,0.0,0.0,0.0,0.0,False,1.2514052252581565,0.35842302171408025,False,True,False,False,False,False
4.0,1.0,1.0,2e-05,11.944858813148446,0.4656251354620363,0.4167402313735221,0.44086603297193866,0.0,0.0,0.0,0.0,False,1.093348339423922,0.20130522779976934,False,True,False,False,False,False
4.0,1.0,1.5,3e-07,189.1989426991561,1.1728130564828412,1.2497832647052995,1.270820658688656,0.0,0.0,0.0,0.0,False,17.317940132802583,-1.0117463290539912,False,True,False,False,False,False
4.0,1.0,1.5,5e-07,121.10696017811726,0.8433186353123957,0.9026802687072946,0.9331805420853198,0.0,0.0,0.0,0.0,False,11.085279104150596,-0.4465589033433097,False,True,False,False,False,False
4.0,1.0,1.5,8e-07,79.14436347490187,0.5724359269345768,0.6165731540752553,0.65573077186988,0.0,0.0,0.0,0.0,False,7.244318223736201,0.018090847246547415,False,True,False,False,False,False
4.0,1.0,1.5,1e-06,64.60920694057369,0.45639468417924794,0.4942023718368708,0.5367701118578624,0.0,0.0,0.0,0.0,False,5.913872254581573,0.2171383790262308,False,True,False,False,False,False
4.0,1.0,1.5,1.5e-06,44.93332499170662,0.2748762816554591,0.3029466214551942,0.3482785465983464,0.0,0.0,0.0,0.0,False,4.1128804478123975,0.5285000047469448,False,True,False,False,False,False
4.0,1.0,1.5,2e-06,35.07986671282838,0.18596393832053545,0.2063099273700033,0.24685611547359274,0.0,0.0,0.0,0.0,False,3.2109641995486986,0.6810128705637977,False,True,True,False,False,False
4.0,1.0,1.5,3e-06,25.417681532691436,0.17269156317355808,0.1730949577098731,0.18753123944967834,0.0,0.0,0.0,0.0,False,2.326555745069475,0.703779203042933,False,True,True,True,False,False
4.0,1.0,1.5,5e-06,18.179712114644886,0.2732635626957698,0.2556309513341382,0.2514775828646229,0.0,0.0,0.0,0.0,False,1.6640429462315924,0.5312663292084752,False,True,False,False,False,False
4.0,1.0,1.5,8e-06,14.627732724017827,0.3653001604255546,0.3372659147207763,0.33815802870316436,0.0,0.0,0.0,0.0,False,1.3389197422523855,0.37339437630169714,False,True,False,False,False,False
4.0,1.0,1.5,1e-05,13.60251715343465,0.40145289876638773,0.36926131208900415,0.3746243684803129,0.0,0.0,0.0,0.0,False,1.2450787216775085,0.3113809648373572,False,True,False,False,False,False
4.0,1.0,1.5,2e-05,11.921853145384599,0.4835071156128166,0.44150397414704035,0.46073422719664386,0.0,0.0,0.0,0.0,False,1.0912425624498774,0.17063196088335952,False,True,False,False,False,False
4.0,1.0,2.0,3e-07,185.84957311885134,1.1682946220687191,1.245528888005753,1.2670206800820043,0.0,0.0,0.0,0.0,False,17.011362405428173,-1.0039957810911804,False,True,False,False,False,False
4.0,1.0,2.0,5e-07,119.02315984849831,0.83524264025279,0.8947065947635933,0.9263150450633652,0.0,0.0,0.0,0.0,False,10.894542682254004,-0.4327060106552434,False,True,False,False,False,False
4.0,1.0,2.0,8e-07,77.8281492613589,0.5605050145443905,0.604117207022841,0.6454235602666241,0.0,0.0,0.0,0.0,False,7.123841234663774,0.03855614567629184,False,True,False,False,False,False
4.0,1.0,2.0,1e-06,63.557746109631864,0.4429920338679571,0.47973275592006825,0.5250295340380968,0.0,0.0,0.0,0.0,False,5.81762892751821,0.2401281747266576,False,True,False,False,False,False
4.0,1.0,2.0,1.5e-06,44.242381758732826,0.26205098275709654,0.2875509923147478,0.3360010081991699,0.0,0.0,0.0,0.0,False,4.049636365297455,0.5504994596772783,False,True,False,False,False,False
4.0,1.0,2.0,2e-06,34.57303674344376,0.18112796298824954,0.1974037007477334,0.2386240686057076,0.0,0.0,0.0,0.0,False,3.164572549880394,0.6893081019038183,False,True,True,True,False,False
4.0,1.0,2.0,3e-06,25.098273581189137,0.18859905252053352,0.18715416973524776,0.19543325766809375,0.0,0.0,0.0,0.0,False,2.2973193883375376,0.6764928140303363,False,True,True,True,False,False
4.0,1.0,2.0,5e-06,18.01164346805904,0.29528015935001084,0.2807555289234164,0.27120713503302024,0.0,0.0,0.0,0.0,False,1.648659124745851,0.49350088376718815,False,True,False,False,False,False
4.0,1.0,2.0,8e-06,14.541090375159094,0.38466607498187455,0.36081776258068016,0.35760251077719457,0.0,0.0,0.0,0.0,False,1.3309891111976084,0.34017569127589664,False,True,False,False,False,False
4.0,1.0,2.0,1e-05,13.54058676036494,0.41884111376541533,0.3908168559334255,0.3926896354449547,0.0,0.0,0.0,0.0,False,1.2394100491982571,0.28155466174520105,False,True,False,False,False,False
4.0,1.0,2.0,2e-05,11.90090478362392,0.49462020985310007,0.4558390652793233,0.47324267909645823,0.0,0.0,0.0,0.0,False,1.089325096793483,0.1515694799374473,False,True,False,False,False,False
4.0,2.0,0.0,3e-07,180.85696275056716,1.5971921170178867,1.7205043474046975,1.7169449125164535,0.0,0.0,0.0,0.0,False,16.554373977105733,-1.7396910022818428,False,True,False,False,False,False
4.0,2.0,0.0,5e-07,79.52711959898755,1.2250585449699094,1.3384978216116026,1.3256133603019948,0.0,0.0,0.0,0.0,False,7.279353026509488,-1.1013639105538866,False,True,False,False,False,False
4.0,2.0,0.0,8e-07,36.013826722074775,0.9492762806098216,1.064143456805818,1.0288758442894825,0.0,0.0,0.0,0.0,False,3.2964523280541496,-0.6283098676457948,False,True,False,False,False,False
4.0,2.0,0.0,1e-06,25.399976881823164,0.8374409920447021,0.957848831142755,0.9078102437055853,0.0,0.0,0.0,0.0,False,2.3249351858875116,-0.4364768811472646,False,True,False,False,False,False
4.0,2.0,0.0,1.5e-06,15.589324730150116,0.6559759275236425,0.7908031917495155,0.7138591571513461,0.0,0.0,0.0,0.0,False,1.4269371093518413,-0.12520674701644774,False,True,False,False,False,False
4.0,2.0,0.0,2e-06,12.872137614852038,0.5417351479140884,0.6814263255769325,0.594196841956963,0.0,0.0,0.0,0.0,False,1.1782249171955763,0.07075241948277788,False,True,False,False,False,False
4.0,2.0,0.0,3e-06,11.50298350654523,0.41461867951299725,0.5265791716558663,0.4578604686656195,0.0,0.0,0.0,0.0,False,1.052902182607463,0.28879747555940605,False,True,False,False,False,False
4.0,2.0,0.0,5e-06,11.071749811856792,0.35195910960558385,0.3374115019250552,0.3633650962232195,0.0,0.0,0.0,0.0,False,1.013430084078157,0.39627850933930675,True,True,False,False,False,False
4.0,2.0,0.0,8e-06,10.973702646678676,0.3892412840604038,0.26314714429153563,0.3632619321676367,0.0,0.0,0.0,0.0,False,1.004455536374444,0.33232775675853354,True,True,False,False,False,False
4.0,2.0,0.0,1e-05,10.954886560111836,0.4244748188238595,0.2925945951538576,0.38843936944104496,0.0,0.0,0.0,0.0,False,1.0027332441879793,0.2718910709387631,True,True,False,False,False,False
4.0,2.0,0.0,2e-05,10.932057920398066,0.5234646005830748,0.4367652732595815,0.4906015070690114,0.0,0.0,0.0,0.0,False,1.0006436711161835,0.10209220234058547,True,True,False,False,False,False
4.0,2.0,0.25,3e-07,177.83811498476294,1.5784189944196796,1.6972422331480093,1.7016755123782612,0.0,0.0,0.0,0.0,False,16.27804989129214,-1.7074891434578263,False,True,False,False,False,False
4.0,2.0,0.25,5e-07,78.23317929424957,1.1806087432254735,1.2820906383946113,1.2892669693541028,0.0,0.0,0.0,0.0,False,7.160914834344196,-1.0251184040835595,False,True,False,False,False,False
4.0,2.0,0.25,8e-07,35.49036069325187,0.866878256994842,0.9580529458568215,0.9605828518855911,0.0,0.0,0.0,0.0,False,3.248537930545461,-0.48697112605141823,False,True,False,False,False,False
4.0,2.0,0.25,1e-06,25.080472703409104,0.7339245911757244,0.8244432453608495,0.8212441224344463,0.0,0.0,0.0,0.0,False,2.295690021221062,-0.2589134252376193,False,True,False,False,False,False
4.0,2.0,0.25,1.5e-06,15.479645792584776,0.5154880185134572,0.6115383820267861,0.5943331438503028,0.0,0.0,0.0,0.0,False,1.4168978710374591,0.11577457022372806,False,True,False,False,False,False
4.0,2.0,0.25,2e-06,12.828200172923234,0.383265143669696,0.480446597343444,0.4574938842824347,0.0,0.0,0.0,0.0,False,1.1742031928769505,0.3425787327571911,False,True,False,False,False,False
4.0,2.0,0.25,3e-06,11.492347614939074,0.26909168990355614,0.3252565645007619,0.32390032751814,0.0,0.0,0.0,0.0,False,1.0519286479171173,0.5384224140837451,False,True,False,False,False,False
4.0,2.0,0.25,5e-06,11.069955441368243,0.30766866705483614,0.22822184781963112,0.30369272088336324,0.0,0.0,0.0,0.0,False,1.01326584002767,0.4722506642544725,True,True,False,False,False,False
4.0,2.0,0.25,8e-06,10.97329284857906,0.40702686958483436,0.2889531332950137,0.37247810875622334,0.0,0.0,0.0,0.0,False,1.0044180263394806,0.30181983719618644,True,True,False,False,False,False
4.0,2.0,0.25,1e-05,10.95466795361618,0.44965382282945027,0.33964020671181433,0.4108950746109865,0.0,0.0,0.0,0.0,False,1.0027132344873413,0.22870109398762906,True,True,False,False,False,False
4.0,2.0,0.25,2e-05,10.932017907743251,0.53778373097876,0.4625707799040769,0.5081067170717999,0.0,0.0,0.0,0.0,False,1.000640008639265,0.07753035264976338,True,True,False,False,False,False
4.0,2.0,0.5,3e-07,175.13390462942084,1.5694732586596587,1.6871446603113334,1.6943705726446476,0.0,0.0,0.0,0.0,False,16.030525500446124,-1.6921443696454688,False,True,False,False,False,False
4.0,2.0,0.5,5e-07,77.06068886671525,1.1590213512811685,1.2568079099571488,1.271586859449928,0.0,0.0,0.0,0.0,False,7.053593309495031,-0.9880891808345933,False,True,False,False,False,False
4.0,2.0,0.5,8e-07,35.01043186441817,0.825083181637283,0.9072047441060315,0.9261132072344326,0.0,0.0,0.0,0.0,False,3.204608622024092,-0.41527931723471245,False,True,False,False,False,False
4.0,2.0,0.5,1e-06,24.786430565583778,0.6800111420506962,0.7578118663168008,0.7765967825153465,0.0,0.0,0.0,0.0,False,2.2687754726155904,-0.16643476227902565,False,True,False,False,False,False
4.0,2.0,0.5,1.5e-06,15.378356633905549,0.43923481463317754,0.5155154096240869,0.5307745863418325,0.0,0.0,0.0,0.0,False,1.4076265740572322,0.2465729972507914,False,True,False,False,False,False
4.0,2.0,0.5,2e-06,12.787513932231168,0.29751546175474863,0.37041527545521563,0.3852175193172215,0.0,0.0,0.0,0.0,False,1.170479060646178,0.489666631255929,False,True,False,False,False,False
4.0,2.0,0.5,3e-06,11.482410454141194,0.21196833508310042,0.2276667012274253,0.2645176940369292,0.0,0.0,0.0,0.0,False,1.051019070129141,0.6364070832755497,False,True,False,False,False,False
4.0,2.0,0.5,5e-06,11.068241352857022,0.3202347218271467,0.2311666365460007,0.30267861541080415,0.0,0.0,0.0,0.0,False,1.0131089444245753,0.4506958952150667,True,True,False,False,False,False
4.0,2.0,0.5,8e-06,10.972890095811854,0.4329075446176033,0.3345711802715564,0.3956180892101229,0.0,0.0,0.0,0.0,False,1.0043811611846796,0.2574262719107254,True,True,False,False,False,False
4.0,2.0,0.5,1e-05,10.95445022551314,0.47319124943975927,0.3819349740919406,0.4350131919354045,0.0,0.0,0.0,0.0,False,1.0026933051885838,0.18832694286701557,True,True,False,False,False,False
4.0,2.0,0.5,2e-05,10.931976900304289,0.5478011489218262,0.4799896822465479,0.5209214087606385,0.0,0.0,0.0,0.0,False,1.0006362551068042,0.060347304028188,True,True,False,False,False,False
4.0,2.0,0.75,3e-07,172.69428612800397,1.5642143941289246,1.681629374402237,1.6900759255873217,0.0,0.0,0.0,0.0,False,15.807219986410589,-1.6831237492181828,False,True,False,False,False,False
4.0,2.0,0.75,5e-07,75.9925152962922,1.146295906956971,1.2429049009448943,1.2611779974799004,0.0,0.0,0.0,0.0,False,6.9558202158396245,-0.9662610081660876,False,True,False,False,False,False
4.0,2.0,0.75,8e-07,34.568741216599,0.800230304255012,0.8786572437878548,0.9057136174381384,0.0,0.0,0.0,0.0,False,3.1641793675735843,-0.3726487508679368,False,True,False,False,False,False
4.0,2.0,0.75,1e-06,24.514910302568083,0.6478260093607601,0.7198564441213382,0.7501410975427169,0.0,0.0,0.0,0.0,False,2.24392241798079,-0.11122705276283984,False,True,False,False,False,False
4.0,2.0,0.75,1.5e-06,15.284525904338231,0.39426338476713413,0.4597508295176391,0.49374127513725,0.0,0.0,0.0,0.0,False,1.3990379692052073,0.3237132613749276,False,True,False,False,False,False
4.0,2.0,0.75,2e-06,12.74971885364552,0.25102455065385976,0.3084810844670832,0.3457646149453213,0.0,0.0,0.0,0.0,False,1.167019565054273,0.5694132875747717,False,True,False,False,False,False
4.0,2.0,0.75,3e-06,11.473095405293202,0.20442266897964834,0.1950795216817342,0.24526162680134272,0.0,0.0,0.0,0.0,False,1.0501664360922789,0.6493502936192427,False,True,False,True,False,False
4.0,2.0,0.75,5e-06,11.066599077049375,0.34554028182755325,0.2668742664216669,0.3199059887641578,0.0,0.0,0.0,0.0,False,1.012958622051138,0.4072888345977993,True,True,False,False,False,False
4.0,2.0,0.75,8e-06,10.972493765312397,0.4555108714432557,0.37272792693215434,0.41802579017531316,0.0,0.0,0.0,0.0,False,1.0043448838790854,0.21865439815423715,True,True,False,False,False,False
4.0,2.0,0.75,1e-05,10.954233375746945,0.4917344819492749,0.41353907984346283,0.45523545881456406,0.0,0.0,0.0,0.0,False,1.0026734562866015,0.15651941845073325,True,True,False,False,False,False
4.0,2.0,0.75,2e-05,10.931935031040288,0.5548633689344156,0.4919157553270751,0.5303330643837042,0.0,0.0,0.0,0.0,False,1.0006324226889427,0.04823335704681231,True,True,False,False,False,False
4.0,2.0,1.0,3e-07,170.48058327889922,1.5607527105913006,1.678208568069054,1.6872524852419204,0.0,0.0,0.0,0.0,False,15.60459320179071,-1.6771858641386577,False,True,False,False,False,False
4.0,2.0,1.0,5e-07,75.01495234389238,1.1379154421766382,1.2342729965711094,1.2543399167021285,0.0,0.0,0.0,0.0,False,6.866340980680127,-0.9518858533497179,False,True,False,False,False,False
4.0,2.0,1.0,8e-07,34.160890982861744,0.7838742865178193,0.8608540608972888,0.8923533919773919,0.0,0.0,0.0,0.0,False,3.126847626548782,-0.34459299342316907,False,True,False,False,False,False
4.0,2.0,1.0,1e-06,24.263440935983926,0.6267405056939065,0.6961397377902877,0.7329188932271078,0.0,0.0,0.0,0.0,False,2.220904681340142,-0.07505872707480843,False,True,False,False,False,False
4.0,2.0,1.0,1.5e-06,15.197361935883794,0.36606582987633257,0.425391173320515,0.4706038601938116,0.0,0.0,0.0,0.0,False,1.3910595927624188,0.3720810103749136,False,True,False,False,False,False
4.0,2.0,1.0,2e-06,12.714508547161554,0.22687477842433304,0.2737491913582521,0.32389695945127006,0.0,0.0,0.0,0.0,False,1.1637966613157644,0.6108378056270665,False,True,False,False,False,False
4.0,2.0,1.0,3e-06,11.46433742170307,0.21708689866860756,0.19711484741893345,0.24495632765619849,0.0,0.0,0.0,0.0,False,1.0493647918899687,0.6276271234633236,True,True,False,True,False,False
4.0,2.0,1.0,5e-06,11.065021537914777,0.3699527961427444,0.3024170052122749,0.3397977314531865,0.0,0.0,0.0,0.0,False,1.012814225217306,0.36541363054452447,True,True,False,False,False,False
4.0,2.0,1.0,8e-06,10.972103394347458,0.4734279651505694,0.4015567131618921,0.43672482594325246,0.0,0.0,0.0,0.0,False,1.0043091520673535,0.18792090035272102,True,True,False,False,False,False
4.0,2.0,1.0,1e-05,10.954017450257856,0.5058116407818932,0.43650236271293336,0.47123420018563866,0.0,0.0,0.0,0.0,False,1.002653691986443,0.13237262672762773,True,True,False,False,False,False
4.0,2.0,1.0,2e-05,10.931892425591677,0.5599176637049789,0.5002314456935042,0.5373235599744223,0.0,0.0,0.0,0.0,False,1.0006285228859215,0.03956363863394752,True,True,False,False,False,False
4.0,2.0,1.5,3e-07,166.6140671112949,1.5564910458952923,1.6742691378629213,1.6837845659145187,0.0,0.0,0.0,0.0,False,15.250679514125142,-1.6698757576724454,False,True,False,False,False,False
4.0,2.0,1.5,5e-07,73.28889914833663,1.1275919459002064,1.2243401153245606,1.245948735631331,0.0,0.0,0.0,0.0,False,6.708350214557308,-0.9341777833190206,False,True,False,False,False,False
4.0,2.0,1.5,8e-07,33.43248922410966,0.7638054399695203,0.8404312598436957,0.8760677716273872,0.0,0.0,0.0,0.0,False,3.0601748541181513,-0.3101685571085151,False,True,False,False,False,False
4.0,2.0,1.5,1e-06,23.812563887652367,0.6011322933177088,0.6691041209862177,0.7121659346444228,0.0,0.0,0.0,0.0,False,2.1796345684163265,-0.031132521652141865,False,True,False,False,False,False
4.0,2.0,1.5,1.5e-06,15.0404146285563,0.3347340905910022,0.3882443611086113,0.4447335805762839,0.0,0.0,0.0,0.0,False,1.3766937404298083,0.4258248795633808,False,True,False,False,False,False
4.0,2.0,1.5,2e-06,12.650828048725465,0.21076784667482318,0.24451766535447317,0.30490441497411774,0.0,0.0,0.0,0.0,False,1.1579677965038888,0.6384663016096859,False,True,False,False,False,False
4.0,2.0,1.5,3e-06,11.448278086611607,0.25177982776182223,0.22800307968203307,0.26128381405315443,0.0,0.0,0.0,0.0,False,1.0478948333388325,0.568117747811667,True,True,False,False,False,False
4.0,2.0,1.5,5e-06,11.062037789251628,0.4072992878628135,0.35443336815377063,0.37298113884246703,0.0,0.0,0.0,0.0,False,1.0125411138564147,0.30135255345675127,True,True,False,False,False,False
4.0,2.0,1.5,8e-06,10.971339268063664,0.4980749865525198,0.4390098730249592,0.46362849851694676,0.0,0.0,0.0,0.0,False,1.0042392093232353,0.1456434422758256,True,True,False,False,False,False
4.0,2.0,1.5,1e-05,10.953588705981625,0.5245849896534555,0.46559602480763534,0.49350961876338695,0.0,0.0,0.0,0.0,False,1.0026144477517653,0.10017037977304855,True,True,False,False,False,False
4.0,2.0,1.5,2e-05,10.931805470973822,0.5663267391982686,0.510412907156773,0.5466045258146194,0.0,0.0,0.0,0.0,False,1.0006205636719596,0.028570041636552523,True,True,False,False,False,False
4.0,2.0,2.0,3e-07,163.350604852967,1.5539893617906286,1.672118704957111,1.6817550421335778,0.0,0.0,0.0,0.0,False,14.95196513861592,-1.6655845760675074,False,True,False,False,False,False
4.0,2.0,2.0,5e-07,71.8137378990403,1.1215229214566218,1.218926067914256,1.2410398186250349,0.0,0.0,0.0,0.0,False,6.573324332080969,-0.9237674817131236,False,True,False,False,False,False
4.0,2.0,2.0,8e-07,32.801717645475634,0.7520582059382229,0.8293900752938692,0.8666127015352341,0.0,0.0,0.0,0.0,False,3.0024384615124746,-0.29001832531464977,False,True,False,False,False,False
4.0,2.0,2.0,1e-06,23.420299825331263,0.5863398112819891,0.6546817763541585,0.7002926300782916,0.0,0.0,0.0,0.0,False,2.143729475868697,-0.005758723783451769,False,True,False,False,False,False
4.0,2.0,2.0,1.5e-06,14.903112276116316,0.31895982213089663,0.3703161929927938,0.4314531698682485,0.0,0.0,0.0,0.0,False,1.364126049058353,0.45288275250631704,False,True,False,False,False,False
4.0,2.0,2.0,2e-06,12.594768879396725,0.21081583009586022,0.23719168263379714,0.2992771595947174,0.0,0.0,0.0,0.0,False,1.1528365345397378,0.638383994825503,False,True,False,False,False,False
4.0,2.0,2.0,3e-06,11.433873362337517,0.2797650891113749,0.2563488028408552,0.27902864126748167,0.0,0.0,0.0,0.0,False,1.0465763262211427,0.5201141495601133,True,True,False,False,False,False
4.0,2.0,2.0,5e-06,11.05925252483912,0.43181662906514234,0.3863565868010379,0.3958996756797785,0.0,0.0,0.0,0.0,False,1.01228617034742,0.25929753804801814,True,True,False,False,False,False
4.0,2.0,2.0,8e-06,10.970596004636514,0.5131374514830895,0.46039743984915316,0.4807617879782415,0.0,0.0,0.0,0.0,False,1.0041711762182366,0.11980653812210607,True,True,False,False,False,False
4.0,2.0,2.0,1e-05,10.953164828551257,0.5357664096169016,0.48186830198762354,0.5073777950507434,0.0,0.0,0.0,0.0,False,1.002575648993918,0.08099069854360208,True,True,False,False,False,False
4.0,2.0,2.0,2e-05,10.931716890734911,0.5699661889330142,0.5159136759460349,0.5521522732108053,0.0,0.0,0.0,0.0,False,1.0006124556600833,0.022327231153517868,True,True,False,False,False,False
4.0,4.0,0.0,3e-07,190.78233244687706,1.9586767437874697,2.1080890079427745,2.1022921423592336,0.0,0.0,0.0,0.0,False,17.46287249059872,-2.359751775730267,False,True,False,False,False,False
4.0,4.0,0.0,5e-07,52.456767081453044,1.4936526627547824,1.6277276211142016,1.6217674366801076,0.0,0.0,0.0,0.0,False,4.801523406615871,-1.562088002490289,False,True,False,False,False,False
4.0,4.0,0.0,8e-07,15.631544452902281,1.141054963861991,1.2649458706763916,1.246907850450198,0.0,0.0,0.0,0.0,False,1.4308016057418034,-0.9572711286845905,False,True,False,False,False,False
4.0,4.0,0.0,1e-06,12.105010389268147,1.0016619241394946,1.125742463580584,1.0949190395919228,0.0,0.0,0.0,0.0,False,1.1080074879786,-0.718167859491482,False,True,False,False,False,False
4.0,4.0,0.0,1.5e-06,11.015465838809725,0.7865795176527342,0.9249161571656442,0.8580874905323695,0.0,0.0,0.0,0.0,False,1.0082782451632044,-0.34923332273637464,True,True,False,False,False,False
4.0,4.0,0.0,2e-06,10.944237905491718,0.6556321576154903,0.8100695113915019,0.7158566884064533,0.0,0.0,0.0,0.0,False,1.0017585412611276,-0.12461707260334176,True,True,False,False,False,False
4.0,4.0,0.0,3e-06,10.928102508029314,0.5301284170432031,0.661436945681367,0.5734530483073272,0.0,0.0,0.0,0.0,False,1.0002816204956813,0.09066164379841168,True,True,False,False,False,False
4.0,4.0,0.0,5e-06,10.925404332609453,0.48950839326697976,0.46156567442478164,0.49878094276318435,0.0,0.0,0.0,0.0,False,1.0000346485003713,0.160337866506032,True,True,False,False,False,False
4.0,4.0,0.0,8e-06,10.925083166789491,0.47271951891139546,0.3284079884173157,0.44657691789364473,0.0,0.0,0.0,0.0,False,1.0000052512407278,0.18913611032426103,True,True,False,False,False,False
4.0,4.0,0.0,1e-05,10.925049278587524,0.5032437638353124,0.38121798696630443,0.4616830918268229,0.0,0.0,0.0,0.0,False,1.0000021493531353,0.13677735004835745,True,True,False,False,False,False
4.0,4.0,0.0,2e-05,10.925027263767078,0.5744463480657347,0.5144526446785481,0.5508043497403239,0.0,0.0,0.0,0.0,False,1.0000001342713536,0.014642337436647779,True,True,False,False,False,False
4.0,4.0,0.25,3e-07,187.1823226924464,1.9504899381555476,2.0983601224756177,2.095700529349929,0.0,0.0,0.0,0.0,False,17.13335292502763,-2.3457088077690393,False,True,False,False,False,False
4.0,4.0,0.25,5e-07,51.18156592095329,1.4694039212873984,1.598237803379926,1.6023036274839817,0.0,0.0,0.0,0.0,False,4.6848004638775995,-1.520493720808703,False,True,False,False,False,False
4.0,4.0,0.25,8e-07,15.431851372531286,1.084537270065824,1.1946879828686492,1.2013622162419615,0.0,0.0,0.0,0.0,False,1.4125231060765129,-0.8603253602242615,False,True,False,False,False,False
4.0,4.0,0.25,1e-06,12.05358127882297,0.9222791953368005,1.0264666849235815,1.0306062268015657,0.0,0.0,0.0,0.0,False,1.1033000290305388,-0.5820013047482837,False,True,False,False,False,False
4.0,4.0,0.25,1.5e-06,11.012886512355543,0.6556535620697166,0.761793942653547,0.7505365378381658,0.0,0.0,0.0,0.0,False,1.0080421517660678,-0.12465378803038885,True,True,False,False,False,False
4.0,4.0,0.25,2e-06,10.943954221890717,0.488899182175616,0.6030971274373423,0.5771860754461648,0.0,0.0,0.0,0.0,False,1.0017325748601071,0.16138285672838282,True,True,False,False,False,False
4.0,4.0,0.25,3e-06,10.92808737708187,0.35940210714116416,0.42240699717339925,0.42085500138363613,0.0,0.0,0.0,0.0,False,1.0002802355152036,0.3835114081490578,True,True,False,False,False,False
4.0,4.0,0.25,5e-06,10.92540352386146,0.41887409963482175,0.305868373365708,0.41344903360175905,0.0,0.0,0.0,0.0,False,1.0000345744732697,0.2814980805182764,True,True,False,False,False,False
4.0,4.0,0.25,8e-06,10.925083065630352,0.4876411784944155,0.35811142284746333,0.4477250219049433,0.0,0.0,0.0,0.0,False,1.0000052419813317,0.16354073199554697,True,True,False,False,False,False
4.0,4.0,0.25,1e-05,10.925049238121764,0.5233948175549875,0.4222227006843437,0.4781550490623016,0.0,0.0,0.0,0.0,False,1.000002145649184,0.10221190236422417,True,True,False,False,False,False
4.0,4.0,0.25,2e-05,10.925027261277359,0.5771550409120482,0.5193843050687846,0.5562846773672988,0.0,0.0,0.0,0.0,False,1.0000001340434623,0.009996070190572248,True,True,False,False,False,False
4.0,4.0,0.5,3e-07,184.01473525708784,1.9465334688912679,2.0941048270866034,2.0925058778118792,0.0,0.0,0.0,0.0,False,16.84341425629953,-2.3389222082556445,False,True,False,False,False,False
4.0,4.0,0.5,5e-07,50.02871976801802,1.4576512650000217,1.585243476885765,1.5928518511651946,0.0,0.0,0.0,0.0,False,4.579277037720769,-1.500334188126088,False,True,False,False,False,False
4.0,4.0,0.5,8e-07,15.248138725133483,1.056316397769767,1.162340886504523,1.178695002438587,0.0,0.0,0.0,0.0,False,1.3957073428175566,-0.8119176144795544,False,True,False,False,False,False
4.0,4.0,0.5,1e-06,12.00629872788787,0.8815247776970836,0.9789129757055861,0.9978800155946543,0.0,0.0,0.0,0.0,False,1.0989721169675086,-0.5120945539441046,False,True,False,False,False,False
4.0,4.0,0.5,1.5e-06,11.010486457235485,0.5839080361043264,0.6758340518218804,0.6931690718906766,0.0,0.0,0.0,0.0,False,1.0078224676056196,-0.001587458158716526,True,True,False,False,False,False
4.0,4.0,0.5,2e-06,10.943682533602622,0.39504379181179955,0.48743602879979475,0.5025176911760836,0.0,0.0,0.0,0.0,False,1.0017077064256386,0.3223746158008566,True,True,False,False,False,False
4.0,4.0,0.5,3e-06,10.928071214629988,0.2852212236178611,0.29535405957582256,0.35065152822662604,0.0,0.0,0.0,0.0,False,1.000278756118067,0.5107551485636836,True,True,False,False,False,False
4.0,4.0,0.5,5e-06,10.92540248604461,0.4179626652093918,0.2856008153825456,0.39755457514994824,0.0,0.0,0.0,0.0,False,1.0000344794788167,0.283061479603405,True,True,False,False,False,False
4.0,4.0,0.5,8e-06,10.925082927678151,0.508143917463265,0.39944339562418596,0.46400155990163344,0.0,0.0,0.0,0.0,False,1.000005229354158,0.12837203257824237,True,True,False,False,False,False
4.0,4.0,0.5,1e-05,10.925049182505429,0.539210449488031,0.4528733465491761,0.4955784942968695,0.0,0.0,0.0,0.0,False,1.0000021405584563,0.07508307794749602,True,True,False,False,False,False
4.0,4.0,0.5,2e-05,10.925027257837476,0.5789219835728749,0.5225773623722211,0.560203869883384,0.0,0.0,0.0,0.0,False,1.0000001337285995,0.0069652031722367,True,True,False,False,False,False
4.0,4.0,0.75,3e-07,181.20254121347605,1.944183695267002,2.0917593249990976,2.0906088294354235,0.0,0.0,0.0,0.0,False,16.58600579833297,-2.334891601300346,False,True,False,False,False,False
4.0,4.0,0.75,5e-07,48.9830286478294,1.4506724513140423,1.5780858201652685,1.5872447986394416,0.0,0.0,0.0,0.0,False,4.483561829387787,-1.4883633094457087,False,True,False,False,False,False
4.0,4.0,0.75,8e-07,15.078897879121502,1.039435215813804,1.1443255360741154,1.1651912722575142,0.0,0.0,0.0,0.0,False,1.380216226443187,-0.782961033852932,False,True,False,False,False,False
4.0,4.0,0.75,1e-06,11.962764327455384,0.8569950750042994,0.9521189781552651,0.9783277388876273,0.0,0.0,0.0,0.0,False,1.094987284231915,-0.47001833465900966,False,True,False,False,False,False
4.0,4.0,0.75,1.5e-06,11.008248843155432,0.5405546386413531,0.6260045534514243,0.6591758409260522,0.0,0.0,0.0,0.0,False,1.0076176521551425,0.07277736726342543,True,True,False,False,False,False
4.0,4.0,0.75,2e-06,10.943421792478022,0.3411376615927395,0.4203509275357605,0.4607950686761939,0.0,0.0,0.0,0.0,False,1.0016838400174992,0.4148407245146515,True,True,False,False,False,False
4.0,4.0,0.75,3e-06,10.928054133631464,0.2680493074926137,0.24176426893061348,0.32589980551883563,0.0,0.0,0.0,0.0,False,1.0002771926436331,0.5402104304918952,True,True,False,False,False,False
4.0,4.0,0.75,5e-06,10.925401242712505,0.4368482961166479,0.3155370154292266,0.4065316307802588,0.0,0.0,0.0,0.0,False,1.0000343656729431,0.2506666333493235,True,True,False,False,False,False
4.0,4.0,0.75,8e-06,10.925082756698588,0.5253178965935139,0.4324421392332158,0.48126339705264254,0.0,0.0,0.0,0.0,False,1.0000052137038915,0.09891321194220737,True,True,False,False,False,False
4.0,4.0,0.75,1e-05,10.925049113288425,0.5506214411137462,0.47423005615544767,0.5102581024486358,0.0,0.0,0.0,0.0,False,1.0000021342228187,0.05550960851261311,True,True,False,False,False,False
4.0,4.0,0.75,2e-05,10.925027253544595,0.5800951397042654,0.5246836356710229,0.5630366901762782,0.0,0.0,0.0,0.0,False,1.0000001333356594,0.004952868360915907,True,True,False,False,False,False
4.0,4.0,1.0,3e-07,178.68797655142976,1.9426271091086231,2.0902948310896887,2.0893534441589434,0.0,0.0,0.0,0.0,False,16.355840240026325,-2.3322215623946008,False,True,False,False,False,False
4.0,4.0,1.0,5e-07,48.03175650579553,1.446046712377747,1.573620807069265,1.5835352279344728,0.0,0.0,0.0,0.0,False,4.396489070043984,-1.4804287001976149,False,True,False,False,False,False
4.0,4.0,1.0,8e-07,14.922791592909213,1.0282133271332237,1.1330594426230924,1.1562524954029165,0.0,0.0,0.0,0.0,False,1.3659273552665796,-0.7637119359396531,False,True,False,False,False,False
4.0,4.0,1.0,1e-06,11.92262506438881,0.8406943854760276,0.9353436362403509,0.965418868133199,0.0,0.0,0.0,0.0,False,1.0913132184847982,-0.44205748263891675,False,True,False,False,False,False
4.0,4.0,1.0,1.5e-06,11.006158798005725,0.5125245941228356,0.595112070936658,0.6374823507133319,0.0,0.0,0.0,0.0,False,1.0074263441263498,0.12085778285195414,True,True,False,False,False,False
4.0,4.0,1.0,2e-06,10.943171091868146,0.3107130372355703,0.38110472938977463,0.43711670168071487,0.0,0.0,0.0,0.0,False,1.0016608926474393,0.46702860392565904,True,True,False,False,False,False
4.0,4.0,1.0,3e-06,10.928036239923655,0.27762706926355507,0.2333708969216711,0.3236508037894823,0.0,0.0,0.0,0.0,False,1.0002755547795088,0.5237815316347935,True,True,False,False,False,False
4.0,4.0,1.0,5e-06,10.925399815527188,0.4579922036142698,0.35177318265751584,0.4217936458317307,0.0,0.0,0.0,0.0,False,1.00003423503844,0.21439812656976898,True,True,False,False,False,False
4.0,4.0,1.0,8e-06,10.9250825561501,0.5383654910421146,0.45656504358408423,0.49610984376996026,0.0,0.0,0.0,0.0,False,1.0000051953470939,0.07653244964606243,True,True,False,False,False,False
4.0,4.0,1.0,1e-05,10.925049031893998,0.5587188604474115,0.4890143751816458,0.5218913016900478,0.0,0.0,0.0,0.0,False,1.0000021267725454,0.04161996640020005,True,True,False,False,False,False
4.0,4.0,1.0,2e-05,10.925027248487941,0.5808874965259554,0.5260975684563299,0.5651077268435508,0.0,0.0,0.0,0.0,False,1.000000132872809,0.0035937251295845574,True,True,False,False,False,False
4.0,4.0,1.5,3e-07,174.38216140086632,1.940700956601582,2.0885979152884837,2.0878026953311286,0.0,0.0,0.0,0.0,False,15.961716214085325,-2.3289175999993845,False,True,False,False,False,False
4.0,4.0,1.5,5e-07,46.37087534468453,1.4403133177239844,1.568449759225674,1.5789502083939329,0.0,0.0,0.0,0.0,False,4.244463693445787,-1.4705941101203908,False,True,False,False,False,False
4.0,4.0,1.5,8e-07,14.645349005716522,1.014264749546835,1.1200149898547906,1.1452021829895471,0.0,0.0,0.0,0.0,False,1.3405322127422745,-0.7397857018311291,False,True,False,False,False,False
4.0,4.0,1.5,1e-06,11.851310564890696,0.8204949631297955,0.9160083916112295,0.9495465506276666,0.0,0.0,0.0,0.0,False,1.0847855909236181,-0.4074090674209727,False,True,False,False,False,False
4.0,4.0,1.5,1.5e-06,11.002370115337378,0.47992269192416936,0.561205179648287,0.6125007905982112,0.0,0.0,0.0,0.0,False,1.0070795547696199,0.17678038424678566,True,True,False,False,False,False
4.0,4.0,1.5,2e-06,10.942696760646871,0.28615778542348275,0.3451061458176182,0.4160628066692287,0.0,0.0,0.0,0.0,False,1.0016174757045326,0.5091486480528165,True,True,False,False,False,False
4.0,4.0,1.5,3e-06,10.927998402916314,0.31534148103647763,0.2632264977204289,0.34120705557635084,0.0,0.0,0.0,0.0,False,1.0002720914460537,0.4590893549769548,True,True,False,False,False,False
4.0,4.0,1.5,5e-06,10.925396487627934,0.49181371598269263,0.4076413685231193,0.45014158673722493,0.0,0.0,0.0,0.0,False,1.0000339304259551,0.15638350695573133,True,True,False,False,False,False
4.0,4.0,1.5,8e-06,10.925082078786286,0.5551709651364807,0.48646485040689624,0.5176892236045663,0.0,0.0,0.0,0.0,False,1.0000051516525688,0.047705732011505186,True,True,False,False,False,False
4.0,4.0,1.5,1e-05,10.925048837691488,0.568613710441632,0.5066340207411588,0.537974084392972,0.0,0.0,0.0,0.0,False,1.000002108996614,0.024647160681180336,True,True,False,False,False,False
4.0,4.0,1.5,2e-05,10.925027236404178,0.5818112046475117,0.5277317276152397,0.5677829411695088,0.0,0.0,0.0,0.0,False,1.0000001317667464,0.0020092727632108343,True,True,False,False,False,False
4.0,4.0,2.0,3e-07,170.83622804488675,1.9395659388478166,2.087666648926012,2.0868909043752897,0.0,0.0,0.0,0.0,False,15.637146421581743,-2.326970684600611,False,True,False,False,False,False
4.0,4.0,2.0,5e-07,44.97685803419248,1.4369258020883937,1.5656110676566293,1.5762504404933524,0.0,0.0,0.0,0.0,False,4.1168651562511105,-1.4647834465139082,False,True,False,False,False,False
4.0,4.0,2.0,8e-07,14.407717115271032,1.0059915935059143,1.1128630561299746,1.1386893295650506,0.0,0.0,0.0,0.0,False,1.3187810613157922,-0.7255946155339441,False,True,False,False,False,False
4.0,4.0,2.0,1e-06,11.790226613978781,0.8085607653822032,0.9054979381402565,0.9402511302160436,0.0,0.0,0.0,0.0,False,1.0791943958044696,-0.3869381335613833,False,True,False,False,False,False
4.0,4.0,2.0,1.5e-06,10.999031230952845,0.46248858389533914,0.544436422158156,0.599212939821999,0.0,0.0,0.0,0.0,False,1.0067739367832993,0.20668540843922656,True,True,False,False,False,False
4.0,4.0,2.0,2e-06,10.942254347499258,0.2822597035457796,0.3337804345972202,0.4098749154568761,0.0,0.0,0.0,0.0,False,1.001576980317534,0.5158350946816921,True,True,False,False,False,False
4.0,4.0,2.0,3e-06,10.92795841411134,0.348759365416811,0.2970591280336623,0.3619864768974833,0.0,0.0,0.0,0.0,False,1.000268431152182,0.40176708536606054,True,True,False,False,False,False
4.0,4.0,2.0,5e-06,10.925392642952891,0.5137849093848944,0.4418638585161561,0.4702202025170843,0.0,0.0,0.0,0.0,False,1.0000335785114505,0.11869594249054038,True,True,False,False,False,False
4.0,4.0,2.0,8e-06,10.925081517976801,0.5644565992247166,0.5023563889389935,0.5312793670024992,0.0,0.0,0.0,0.0,False,1.000005100320014,0.03177792477343788,True,True,False,False,False,False
4.0,4.0,2.0,1e-05,10.925048609109616,0.5738256018716029,0.5156659612595127,0.5477476608599117,0.0,0.0,0.0,0.0,False,1.0000020880738376,0.0157071140184023,True,True,False,False,False,False
4.0,4.0,2.0,2e-05,10.925027222163575,0.5822736339602756,0.5285390005332615,0.5693048047892372,0.0,0.0,0.0,0.0,False,1.0000001304632617,0.0012160598404371559,True,True,False,False,False,False
6.0,1.0,0.0,3e-07,412.032711320134,2.4213251312293544,2.6004010610055466,2.5897336004596414,0.0,0.0,0.0,0.0,False,37.714575597521225,-3.153340481052271,False,True,False,False,False,False
6.0,1.0,0.0,5e-07,238.99485565034155,1.8929919115366138,2.0517052350806693,2.037164436214563,0.0,0.0,0.0,0.0,False,21.875907672389285,-2.247081457622225,False,True,False,False,False,False
6.0,1.0,0.0,8e-07,144.79089454185905,1.4942943199360896,1.643141195546312,1.611588001197104,0.0,0.0,0.0,0.0,False,13.253139830902613,-1.5631886480466037,False,True,False,False,False,False
6.0,1.0,0.0,1e-06,114.51916533469978,1.3317327228896305,1.4798922204529723,1.4364771160963232,0.0,0.0,0.0,0.0,False,10.482278711664796,-1.2843439555394198,False,True,False,False,False,False
6.0,1.0,0.0,1.5e-06,75.49305883850727,1.069975490500593,1.2212948664962173,1.1557966611223838,0.0,0.0,0.0,0.0,False,6.910103485547877,-0.8353472902557204,False,True,False,False,False,False
6.0,1.0,0.0,2e-06,56.73950567285408,0.9036212187566023,1.0575040426763287,0.9802936897809007,0.0,0.0,0.0,0.0,False,5.193535166682949,-0.5499969578617021,False,True,False,False,False,False
6.0,1.0,0.0,3e-06,38.720688095881,0.6896978785804837,0.841535535229591,0.7585898937926502,0.0,0.0,0.0,0.0,False,3.544219374479516,-0.18305058740699076,False,True,False,False,False,False
6.0,1.0,0.0,5e-06,25.198581511988603,0.45774141336732993,0.5864968875866883,0.5183734160832133,0.0,0.0,0.0,0.0,False,2.3065008706209382,0.2148283113770193,False,True,False,False,False,False
6.0,1.0,0.0,8e-06,18.33934782281495,0.30745097943205285,0.3790059546660254,0.3492600829167627,0.0,0.0,0.0,0.0,False,1.6786548758634754,0.47262406756337494,False,True,False,False,False,False
6.0,1.0,0.0,1e-05,16.293122839814938,0.27178047657735915,0.2989214870526584,0.29678907923617853,0.0,0.0,0.0,0.0,False,1.4913578368404488,0.5338102922364202,False,True,False,False,False,False
6.0,1.0,0.0,2e-05,12.861019230840084,0.31167098353299066,0.21535471109405555,0.2867065497264838,0.0,0.0,0.0,0.0,False,1.1772072185449096,0.46538542222963875,False,True,False,False,False,False
6.0,1.0,0.25,3e-07,404.6789372682161,2.408372638077272,2.5848717224336353,2.579367187204192,0.0,0.0,0.0,0.0,False,37.04146285722556,-3.1311228476393707,False,True,False,False,False,False
6.0,1.0,0.25,5e-07,235.14184932341246,1.8561991060672964,2.0056921187098435,2.007527818653829,0.0,0.0,0.0,0.0,False,21.52323058049259,-2.183970128046419,False,True,False,False,False,False
6.0,1.0,0.25,8e-07,142.650404505311,1.4196427067340993,1.5467007586077952,1.5504325653085724,0.0,0.0,0.0,0.0,False,13.057214432065992,-1.4351374569493296,False,True,False,False,False,False
6.0,1.0,0.25,1e-06,112.8926013890722,1.2359695268665558,1.354892827179239,1.3570524302932512,0.0,0.0,0.0,0.0,False,10.33339449153813,-1.12007970473406,False,True,False,False,False,False
6.0,1.0,0.25,1.5e-06,74.49793165149178,0.9378150448036658,1.0473657904170726,1.0431497671192902,0.0,0.0,0.0,0.0,False,6.819016543922302,-0.6086502135073919,False,True,False,False,False,False
6.0,1.0,0.25,2e-06,56.03437061073911,0.7515621979478373,0.8578697755380217,0.8480785233607219,0.0,0.0,0.0,0.0,False,5.128992063972991,-0.2891675143108636,False,True,False,False,False,False
6.0,1.0,0.25,3e-06,38.28704463503285,0.5226028015616536,0.6248418020750928,0.6098408148367627,0.0,0.0,0.0,0.0,False,3.5045267029095117,0.10357046096683709,False,True,False,False,False,False
6.0,1.0,0.25,5e-06,24.96851850993125,0.3000160063401524,0.38276709911840084,0.3739942195427273,0.0,0.0,0.0,0.0,False,2.2854425219876835,0.48537740428790077,False,True,False,False,False,False
6.0,1.0,0.25,8e-06,18.217213986511787,0.2085480691325968,0.22606278708936134,0.24605986376591077,0.0,0.0,0.0,0.0,False,1.667475603743277,0.6422739240582988,False,True,False,False,False,False
6.0,1.0,0.25,1e-05,16.20480057862935,0.2182925348587893,0.19025485525470118,0.22924219834370044,0.0,0.0,0.0,0.0,False,1.4832734384300523,0.6255590750506922,False,True,False,True,False,False
6.0,1.0,0.25,2e-05,12.831529145982744,0.3364614002332692,0.2520749773330716,0.3073161047881024,0.0,0.0,0.0,0.0,False,1.174507903650308,0.4228619957407951,False,True,False,False,False,False
6.0,1.0,0.5,3e-07,398.2132304176809,2.402943418587903,2.5790940827251885,2.5750141520699548,0.0,0.0,0.0,0.0,False,36.44963754067574,-3.121810014432925,False,True,False,False,False,False
6.0,1.0,0.5,5e-07,231.70495565105162,1.8407799484278424,1.9883618917965737,1.9950899745335586,0.0,0.0,0.0,0.0,False,21.2086415134945,-2.1575213827780977,False,True,False,False,False,False
6.0,1.0,0.5,8e-07,140.72000127552138,1.3871696143410803,1.5081059409432622,1.5238661255930923,0.0,0.0,0.0,0.0,False,12.880518901484601,-1.379435805220964,False,True,False,False,False,False
6.0,1.0,0.5,1e-06,111.4190204313997,1.1930121178097517,1.302558927790006,1.3215507750056787,0.0,0.0,0.0,0.0,False,10.19851325783912,-1.046394125009308,False,True,False,False,False,False
6.0,1.0,0.5,1.5e-06,73.58998311718983,0.8744301759364901,0.9673114545193494,0.9895349517124739,0.0,0.0,0.0,0.0,False,6.735909322833286,-0.4999250619955957,False,True,False,False,False,False
6.0,1.0,0.5,2e-06,55.38834798293004,0.6751871078949904,0.7598660186927613,0.7822797127289498,0.0,0.0,0.0,0.0,False,5.069859697622388,-0.15816001384377554,False,True,False,False,False,False
6.0,1.0,0.5,3e-06,37.88792389731049,0.4345601639049472,0.5109473134071035,0.5321071602269428,0.0,0.0,0.0,0.0,False,3.4679939985348027,0.2545915057335749,False,True,False,False,False,False
6.0,1.0,0.5,5e-06,24.755915455116927,0.22038541585772642,0.2755349764233568,0.299350748497767,0.0,0.0,0.0,0.0,False,2.2659823340881142,0.6219691204168437,False,True,False,False,False,False
6.0,1.0,0.5,8e-06,18.1040495526182,0.1890241382640907,0.17468773571334084,0.21098956298179392,0.0,0.0,0.0,0.0,False,1.657117327616714,0.6757636571716132,False,True,True,True,False,False
6.0,1.0,0.5,1e-05,16.122862368754035,0.2263093114192401,0.1825330720860263,0.22165052131862417,0.0,0.0,0.0,0.0,False,1.4757733911625257,0.6118077608687896,False,True,False,True,False,False
6.0,1.0,0.5,2e-05,12.804011284527043,0.3645788553889322,0.2970121741202665,0.3345086427720657,0.0,0.0,0.0,0.0,False,1.1719891122105992,0.3746316431888044,False,True,False,False,False,False
6.0,1.0,0.75,3e-07,392.4686717898419,2.3999545946004424,2.5761715180880738,2.5726195793000803,0.0,0.0,0.0,0.0,False,35.92382105889719,-3.1166832334410817,False,True,False,False,False,False
6.0,1.0,0.75,5e-07,228.6130335171179,1.8323436794513108,1.9796330798488548,1.98829502609866,0.0,0.0,0.0,0.0,False,20.925628714126514,-2.14305050606792,False,True,False,False,False,False
6.0,1.0,0.75,8e-07,138.9664741486206,1.369325139855034,1.4884193132708838,1.5093145435529196,0.0,0.0,0.0,0.0,False,12.720013364975339,-1.3488268724138397,False,True,False,False,False,False
6.0,1.0,0.75,1e-06,110.07507595986198,1.1692415348098184,1.2754852136080252,1.3019933736705624,0.0,0.0,0.0,0.0,False,10.075498036042084,-1.0056200367390105,False,True,False,False,False,False
6.0,1.0,0.75,1.5e-06,72.75667430100145,0.838646664067656,0.9242781519502482,0.9594735937066082,0.0,0.0,0.0,0.0,False,6.659634096423411,-0.43854499102446387,False,True,False,False,False,False
6.0,1.0,0.75,2e-06,54.79324185807487,0.631395970025393,0.7054845258533935,0.7448393082967595,0.0,0.0,0.0,0.0,False,5.015387869736471,-0.08304432480254564,False,True,False,False,False,False
6.0,1.0,0.75,3e-06,37.518735101641845,0.38382725431298353,0.44571370269183136,0.48745058914564365,0.0,0.0,0.0,0.0,False,3.434201053553828,0.34161453474037573,False,True,False,False,False,False
6.0,1.0,0.75,5e-06,24.558527658111775,0.18364129453353006,0.2203235872730375,0.2607504851176787,0.0,0.0,0.0,0.0,False,2.2479148438436445,0.6849969412444403,False,True,True,False,False,False
6.0,1.0,0.75,8e-06,17.998716953162454,0.20163918015086213,0.1779344548677776,0.20843999403874952,0.0,0.0,0.0,0.0,False,1.647475922514849,0.6541248596954989,False,True,False,True,False,False
6.0,1.0,0.75,1e-05,16.04650036910944,0.24945372037889746,0.2093912639045798,0.23502905232934806,0.0,0.0,0.0,0.0,False,1.4687837509488966,0.5721077596577303,False,True,False,False,False,False
6.0,1.0,0.75,2e-05,12.778216653155642,0.3880300655027641,0.3327154798679318,0.35824021718105803,0.0,0.0,0.0,0.0,False,1.1696280531292707,0.3344053807017058,False,True,False,False,False,False
6.0,1.0,1.0,3e-07,387.3233344279893,2.3980705540722975,2.574442312983975,2.5711119485110396,0.0,0.0,0.0,0.0,False,35.45285307607224,-3.1134515064447505,False,True,False,False,False,False
6.0,1.0,1.0,5e-07,225.81271273268618,1.8270431018090136,1.974490287532926,1.9840347651984238,0.0,0.0,0.0,0.0,False,20.669307050772694,-2.1339583344257185,False,True,False,False,False,False
6.0,1.0,1.0,8e-07,137.36441769567804,1.3581100054729376,1.4767929647146978,1.5002036782361838,0.0,0.0,0.0,0.0,False,12.57337238831013,-1.3295893602644688,False,True,False,False,False,False
6.0,1.0,1.0,1e-06,108.84275958110287,1.1542799256206884,1.2594251953922109,1.289743418509791,0.0,0.0,0.0,0.0,False,9.962700464514654,-0.9799561321664974,False,True,False,False,False,False
6.0,1.0,1.0,1.5e-06,71.98820282754947,0.8160284042917831,0.8983789118121585,0.9405999467032525,0.0,0.0,0.0,0.0,False,6.589293624213852,-0.39974750252262314,False,True,False,False,False,False
6.0,1.0,1.0,2e-06,54.242593599771766,0.6036829057154703,0.6723278163612301,0.7213088807266776,0.0,0.0,0.0,0.0,False,4.96498540217782,-0.035507630796496326,False,True,False,False,False,False
6.0,1.0,1.0,3e-06,37.175827906139595,0.35245472431414904,0.4057879135795843,0.45976558132694995,0.0,0.0,0.0,0.0,False,3.4028137413516775,0.39542837293856503,False,True,False,False,False,False
6.0,1.0,1.0,5e-06,24.37455649652461,0.17040303317927286,0.1945609814106228,0.24130489779454015,0.0,0.0,0.0,0.0,False,2.2310754180145334,0.7077047577504667,False,True,True,True,False,False
6.0,1.0,1.0,8e-06,17.900301136522543,0.22119200639522077,0.19787658719591716,0.2176258558206545,0.0,0.0,0.0,0.0,False,1.6384676310499176,0.6205855618489333,False,True,False,True,False,False
6.0,1.0,1.0,1e-05,15.975064153421064,0.27229329122399654,0.23851154699711855,0.2523795951962218,0.0,0.0,0.0,0.0,False,1.4622449823439765,0.5329306524872246,False,True,False,False,False,False
6.0,1.0,1.0,2e-05,12.753944740711551,0.4064447972385876,0.35943370889879855,0.37732618238775373,0.0,0.0,0.0,0.0,False,1.1674063730256785,0.3028182758640824,False,True,False,False,False,False
6.0,1.0,1.5,3e-07,378.47815765306393,2.3958475839558115,2.572530031843931,2.569335795193248,0.0,0.0,0.0,0.0,False,34.64322782306126,-3.1096384077188137,False,True,False,False,False,False
6.0,1.0,1.5,5e-07,220.92895607108733,1.8207977405587497,1.9688269904900535,1.9790287039335626,0.0,0.0,0.0,0.0,False,20.222282324935673,-2.1232455592742268,False,True,False,False,False,False
6.0,1.0,1.5,8e-07,134.5381622198016,1.3448861420555136,1.4639990095743571,1.489512960646913,0.0,0.0,0.0,0.0,False,12.314676845761245,-1.3069062407861658,False,True,False,False,False,False
6.0,1.0,1.5,1e-06,106.6583138900418,1.1366295183138104,1.2417333219538655,1.2753820220314807,0.0,0.0,0.0,0.0,False,9.762751674307578,-0.9496800861166648,False,True,False,False,False,False
6.0,1.0,1.5,1.5e-06,70.61560639611885,0.789374686812823,0.8697253351008292,0.9185539143382199,0.0,0.0,0.0,0.0,False,6.4636558035849525,-0.35402792428502794,False,True,False,False,False,False
6.0,1.0,1.5,2e-06,53.25463544873853,0.5712506067718338,0.6355552802425285,0.6940174428228335,0.0,0.0,0.0,0.0,False,4.874554663669342,0.020124047229247988,False,True,False,False,False,False
6.0,1.0,1.5,3e-06,36.557430994645,0.31775278307973864,0.3625631951364954,0.4288327043125462,0.0,0.0,0.0,0.0,False,3.3462100387157583,0.45495320727041566,False,True,False,False,False,False
6.0,1.0,1.5,5e-06,24.041190154437004,0.17195228414012542,0.18280705689533341,0.22794112593990115,0.0,0.0,0.0,0.0,False,2.200561408410661,0.7050473010347091,False,True,True,True,False,False
6.0,1.0,1.5,8e-06,17.721323206611054,0.2554374453480715,0.23676818453789666,0.24087828675252457,0.0,0.0,0.0,0.0,False,1.6220852505192365,0.5618437737016866,False,True,False,False,False,False
6.0,1.0,1.5,1e-05,15.844908867644927,0.30732779723562265,0.28233564230214553,0.282238251903134,0.0,0.0,0.0,0.0,False,1.4503314831727732,0.4728353640953359,False,True,False,False,False,False
6.0,1.0,1.5,2e-05,12.70933465321139,0.432001684163179,0.39440521188314054,0.40436051999915323,0.0,0.0,0.0,0.0,False,1.1633230794637515,0.25898010986789155,False,True,False,False,False,False
6.0,1.0,2.0,3e-07,371.1415994851677,2.394596206926745,2.571519953570556,2.568337502518485,0.0,0.0,0.0,0.0,False,33.97169090366908,-3.1074918992615865,False,True,False,False,False,False
6.0,1.0,2.0,5e-07,216.8087570657114,1.8172810905529466,1.9658484877512246,1.9762179249056058,0.0,0.0,0.0,0.0,False,19.845148295049515,-2.117213389270119,False,True,False,False,False,False
6.0,1.0,2.0,8e-07,132.12081003258515,1.3374235840420772,1.4572876432393511,1.4835118210112122,0.0,0.0,0.0,0.0,False,12.093409433476173,-1.2941055871731297,False,True,False,False,False,False
6.0,1.0,2.0,1e-06,104.77911095233716,1.1266603941395648,1.2324625238500884,1.267327164302996,0.0,0.0,0.0,0.0,False,9.590742658251376,-0.9325798766241424,False,True,False,False,False,False
6.0,1.0,2.0,1.5e-06,69.42396076396692,0.7743583778932503,0.8547596974334066,0.9062634817582765,0.0,0.0,0.0,0.0,False,6.35458094606877,-0.3282701923277416,False,True,False,False,False,False
6.0,1.0,2.0,2e-06,52.39223775477798,0.5531895865323849,0.616487855101949,0.6789910322557162,0.0,0.0,0.0,0.0,False,4.795616846038808,0.05110442467716281,False,True,False,False,False,False
6.0,1.0,2.0,3e-06,36.01421638608033,0.3000750046039243,0.3413990151907963,0.41278803154323235,0.0,0.0,0.0,0.0,False,3.296487995155793,0.4852762035552626,False,True,False,False,False,False
6.0,1.0,2.0,5e-06,23.746569345804577,0.1821965662034747,0.18748508591061436,0.22673520848293496,0.0,0.0,0.0,0.0,False,2.173593892350662,0.6874751085008531,False,True,True,True,False,False
6.0,1.0,2.0,8e-06,17.562384655098956,0.2792217842998148,0.2634785594632833,0.2595423756177233,0.0,0.0,0.0,0.0,False,1.6075371337030788,0.5210460896115747,False,True,False,False,False,False
6.0,1.0,2.0,1e-05,15.729031128422289,0.3304283923608365,0.3097594965565963,0.3031532156131943,0.0,0.0,0.0,0.0,False,1.4397248501654571,0.43321051750513984,False,True,False,False,False,False
6.0,1.0,2.0,2e-05,12.669146893938063,0.4480510321416727,0.4148550502796793,0.42162168581859943,0.0,0.0,0.0,0.0,False,1.159644574715056,0.2314503883142528,False,True,False,False,False,False
6.0,2.0,0.0,3e-07,372.60631122659004,3.0563467174349874,3.2993566712558327,3.27758293574758,0.0,0.0,0.0,0.0,False,34.10576031171063,-4.242603887404804,False,True,False,False,False,False
6.0,2.0,0.0,5e-07,139.6163266112083,2.3449259430580485,2.5579123017937504,2.5434354552813594,0.0,0.0,0.0,0.0,False,12.779496287457329,-3.0222916446697283,False,True,False,False,False,False
6.0,2.0,0.0,8e-07,56.14606840527899,1.8085285126363737,1.9974373741269569,1.9725691231620732,0.0,0.0,0.0,0.0,False,5.139216094251445,-2.102199942415912,False,True,False,False,False,False
6.0,2.0,0.0,1e-06,37.25175527808411,1.5984117525723553,1.78360716393305,1.7421765009991688,0.0,0.0,0.0,0.0,False,3.4097635988034023,-1.7417830640438803,False,True,False,False,False,False
6.0,2.0,0.0,1.5e-06,19.760467533216662,1.2733112607947958,1.4699677417324746,1.382535146556764,0.0,0.0,0.0,0.0,False,1.8087341760708562,-1.1841326206999958,False,True,False,False,False,False
6.0,2.0,0.0,2e-06,14.656304054681232,1.0683225892447425,1.2801856348500313,1.1620141238301311,0.0,0.0,0.0,0.0,False,1.341534960851837,-0.8325120404131601,False,True,False,False,False,False
6.0,2.0,0.0,3e-06,11.989786933474027,0.8023900379268107,1.0159739928365998,0.8887426325984145,0.0,0.0,0.0,0.0,False,1.097460743473214,-0.37635337903690114,False,True,False,False,False,False
6.0,2.0,0.0,5e-06,11.172638146486342,0.5314305421350753,0.658688903837743,0.6077563852506659,0.0,0.0,0.0,0.0,False,1.0226646924448162,0.08842808631961041,True,True,False,False,False,False
6.0,2.0,0.0,8e-06,11.00230474065056,0.40046408816334633,0.35729202130148635,0.42937587073504313,0.0,0.0,0.0,0.0,False,1.0070735708307228,0.31307708860559336,True,True,False,False,False,False
6.0,2.0,0.0,1e-05,10.971568030455398,0.39735930045884793,0.2843369909896817,0.3930775346610781,0.0,0.0,0.0,0.0,False,1.0042601486231497,0.31840278414802525,True,True,False,False,False,False
6.0,2.0,0.0,2e-05,10.935683765300027,0.49677357706232034,0.39391399492318474,0.45745752147247976,0.0,0.0,0.0,0.0,False,1.0009755554494,0.1478757722708176,True,True,False,False,False,False
6.0,2.0,0.25,3e-07,365.29419152378773,3.0519735435843396,3.294642190681341,3.2741452062903837,0.0,0.0,0.0,0.0,False,33.43646031747984,-4.235102507375203,False,True,False,False,False,False
6.0,2.0,0.25,5e-07,136.97546282701606,2.3240247838600303,2.5343472194898777,2.527107794842293,0.0,0.0,0.0,0.0,False,12.537770196068703,-2.986439528207379,False,True,False,False,False,False
6.0,2.0,0.25,8e-07,55.184140735589494,1.7431411037751074,1.9194203687842206,1.9213339356103134,0.0,0.0,0.0,0.0,False,5.051168002871475,-1.990039799743652,False,True,False,False,False,False
6.0,2.0,0.25,1e-06,36.67351616448224,1.4992048259565136,1.6622600776357381,1.6638467784878366,0.0,0.0,0.0,0.0,False,3.3568356584621863,-1.5716117231528877,False,True,False,False,False,False
6.0,2.0,0.25,1.5e-06,19.551561309018595,1.1027283521200593,1.2553669872799715,1.244212131743616,0.0,0.0,0.0,0.0,False,1.7896123700373805,-0.891528834931369,False,True,False,False,False,False
6.0,2.0,0.25,2e-06,14.567235962187715,0.8532937215042395,1.0085436382946238,0.9830405052147488,0.0,0.0,0.0,0.0,False,1.333382294290701,-0.4636693395867628,False,True,False,False,False,False
6.0,2.0,0.25,3e-06,11.967431892093058,0.5561182488079541,0.7049060742292353,0.6753306552444419,0.0,0.0,0.0,0.0,False,1.09541452026087,0.04608084010044944,False,True,False,False,False,False
6.0,2.0,0.25,5e-06,11.169025762696691,0.34746631666587413,0.392300453940777,0.42727275781256224,0.0,0.0,0.0,0.0,False,1.0223340402471168,0.40398507404175465,True,True,False,False,False,False
6.0,2.0,0.25,8e-06,11.001547060124615,0.3612160219350249,0.2561160116500862,0.36133978115268583,0.0,0.0,0.0,0.0,False,1.0070042180859298,0.380399969026177,True,True,False,False,False,False
6.0,2.0,0.25,1e-05,10.97118140937347,0.4021664299977955,0.2785452740004372,0.3761889143384108,0.0,0.0,0.0,0.0,False,1.004224760049327,0.3101570324915197,True,True,False,False,False,False
6.0,2.0,0.25,2e-05,10.935620068196036,0.5164699655834362,0.43045706620389723,0.47999993818206743,0.0,0.0,0.0,0.0,False,1.0009697250646323,0.11409021959134358,True,True,False,False,False,False
6.0,2.0,0.5,3e-07,358.8892824240506,3.0500102985896898,3.29276580825721,3.2726019377658218,0.0,0.0,0.0,0.0,False,32.850199999304266,-4.231734919600503,False,True,False,False,False,False
6.0,2.0,0.5,5e-07,134.6196694168695,2.3147917098942634,2.5251438945964355,2.5199023293560177,0.0,0.0,0.0,0.0,False,12.322137441148708,-2.9706018782478716,False,True,False,False,False,False
6.0,2.0,0.5,8e-07,54.30927181068737,1.713780792110709,1.8880775023302767,1.898468220575638,0.0,0.0,0.0,0.0,False,4.971088656500097,-1.9396775541289362,False,True,False,False,False,False
6.0,2.0,0.5,1e-06,36.14400443071103,1.4533674614206453,1.6113193923947362,1.6280703719608838,0.0,0.0,0.0,0.0,False,3.308367879656215,-1.4929861064539387,False,True,False,False,False,False
6.0,2.0,0.5,1.5e-06,19.35897815335308,1.0170299164113739,1.1533565715477183,1.1765811717827177,0.0,0.0,0.0,0.0,False,1.7719846628587796,-0.74452883992821,False,True,False,False,False,False
6.0,2.0,0.5,2e-06,14.484955175171612,0.738234738942118,0.8670969846954152,0.8910104358698434,0.0,0.0,0.0,0.0,False,1.3258508899218588,-0.2663066955451019,False,True,False,False,False,False
6.0,2.0,0.5,3e-06,11.946662732151836,0.4182942553104401,0.530379402300753,0.5611699255021311,0.0,0.0,0.0,0.0,False,1.0935134574782803,0.2824926974220955,False,True,False,False,False,False
6.0,2.0,0.5,5e-06,11.165610884531706,0.2781071587967366,0.2639390578790213,0.344676742832748,0.0,0.0,0.0,0.0,False,1.0220214663247769,0.522958025833373,True,True,False,False,False,False
6.0,2.0,0.5,8e-06,11.000811828895369,0.37482665797734915,0.26786313411765483,0.3549271506026491,0.0,0.0,0.0,0.0,False,1.006936920191818,0.35705341183798434,True,True,False,False,False,False
6.0,2.0,0.5,1e-05,10.970800973414221,0.4260895361125365,0.3202598146844301,0.39054533320713425,0.0,0.0,0.0,0.0,False,1.0041899376181196,0.2691213187092836,True,True,False,False,False,False
6.0,2.0,0.5,2e-05,10.935555182816572,0.5308002936616364,0.45582457823091804,0.4975406772048547,0.0,0.0,0.0,0.0,False,1.0009637859134881,0.08950916232385875,True,True,False,False,False,False
6.0,2.0,0.75,3e-07,353.22833200521217,3.048894989005201,3.2917813717622044,3.2717257797581407,0.0,0.0,0.0,0.0,False,32.33203642476414,-4.22982180996214,False,True,False,False,False,False
6.0,2.0,0.75,5e-07,132.5041394778996,2.309577059505014,2.520364032232691,2.515839009128812,0.0,0.0,0.0,0.0,False,12.128496714041223,-2.9616570990949747,False,True,False,False,False,False
6.0,2.0,0.75,8e-07,53.51010145898995,1.697165109998777,1.8717860952741345,1.885589134749177,0.0,0.0,0.0,0.0,False,4.8979382249534815,-1.911176389933467,False,True,False,False,False,False
6.0,2.0,0.75,1e-06,35.65733295123965,1.4273085434111537,1.5846179803577187,1.6078949076601519,0.0,0.0,0.0,0.0,False,3.2638213963324194,-1.44828679793675,False,True,False,False,False,False
6.0,2.0,0.75,1.5e-06,19.180898445767937,0.9674689748322446,1.0977231846923665,1.138211319768253,0.0,0.0,0.0,0.0,False,1.7556844992805387,-0.6595161077326153,False,True,False,False,False,False
6.0,2.0,0.75,2e-06,14.408712859560547,0.6706169026446479,0.786572569995318,0.8385957440882595,0.0,0.0,0.0,0.0,False,1.318872204742639,-0.15032066247862974,False,True,False,False,False,False
6.0,2.0,0.75,3e-06,11.927304690603151,0.33944458645974585,0.42846027359271477,0.4980028546010431,0.0,0.0,0.0,0.0,False,1.0917415585456234,0.4177448852969563,False,True,False,False,False,False
6.0,2.0,0.75,5e-06,11.162372258420358,0.2693137411935784,0.224006495306228,0.31476678861327617,0.0,0.0,0.0,0.0,False,1.021725025275431,0.5380415257016669,True,True,False,False,False,False
6.0,2.0,0.75,8e-06,11.000096805032195,0.39892813676428224,0.3064174396836146,0.3686757946789425,0.0,0.0,0.0,0.0,False,1.0068714719378302,0.3157117323551599,True,True,False,False,False,False
6.0,2.0,0.75,1e-05,10.970426188254775,0.44945403470494566,0.36051649322239054,0.4106854176807673,0.0,0.0,0.0,0.0,False,1.004155632421371,0.22904379398047026,True,True,False,False,False,False
6.0,2.0,0.75,2e-05,10.935489275371925,0.5410818586141761,0.4733744604634718,0.5107807553907527,0.0,0.0,0.0,0.0,False,1.0009577532096874,0.07187301781142375,True,True,False,False,False,False
6.0,2.0,1.0,3e-07,348.18866843999683,3.048180782194525,3.2911865413274857,3.271165063757355,0.0,0.0,0.0,0.0,False,31.8707410778306,-4.22859671878361,False,True,False,False,False,False
6.0,2.0,1.0,5e-07,130.59382428426917,2.3062443596404254,2.51749089214566,2.5132455272590466,0.0,0.0,0.0,0.0,False,11.953639900963363,-2.9559404619196257,False,True,False,False,False,False
6.0,2.0,1.0,8e-07,52.77732871686465,1.6865233056927302,1.862007937181609,1.8773704173380035,0.0,0.0,0.0,0.0,False,4.83086536345629,-1.8929223206861456,False,True,False,False,False,False
6.0,2.0,1.0,1e-06,35.208600187513106,1.4106008995387487,1.568582995597266,1.5950370631099713,0.0,0.0,0.0,0.0,False,3.2227475561355416,-1.419627890158003,False,True,False,False,False,False
6.0,2.0,1.0,1.5e-06,19.01577863215627,0.9357938787632302,1.0640883553178784,1.1140287130923885,0.0,0.0,0.0,0.0,False,1.7405705932191644,-0.6051832727705204,False,True,False,False,False,False
6.0,2.0,1.0,2e-06,14.337871236450672,0.6278668812021799,0.7373427831590391,0.806202035294979,0.0,0.0,0.0,0.0,False,1.3123878609591848,-0.07699081828182552,False,True,False,False,False,False
6.0,2.0,1.0,3e-06,11.909209057405423,0.29510592966591825,0.3682894365260452,0.4622963919738598,0.0,0.0,0.0,0.0,False,1.0900852115919213,0.4937997429293095,False,True,False,False,False,False
6.0,2.0,1.0,5e-06,11.159291950268818,0.28385521420842275,0.2306435167455505,0.31022191783843206,0.0,0.0,0.0,0.0,False,1.0214430755383028,0.5130982879069069,True,True,False,False,False,False
6.0,2.0,1.0,8e-06,10.999400173279168,0.4215379842224199,0.34241973441628526,0.38634759188466894,0.0,0.0,0.0,0.0,False,1.0068077071682104,0.27692867364605467,True,True,False,False,False,False
6.0,2.0,1.0,1e-05,10.97005666442421,0.46859021174166904,0.3920064339469161,0.42932109209132496,0.0,0.0,0.0,0.0,False,1.0041218088096526,0.19621918165802144,True,True,False,False,False,False
6.0,2.0,1.0,2e-05,10.93542250579204,0.5485101561934813,0.48567324472298157,0.5207585859192776,0.0,0.0,0.0,0.0,False,1.0009516415920925,0.05913113170802109,True,True,False,False,False,False
6.0,2.0,1.5,3e-07,339.6120949679584,3.047329098958219,3.2905172810253096,3.2704968538211174,0.0,0.0,0.0,0.0,False,31.08570188144609,-4.227135811936875,False,True,False,False,False,False
6.0,2.0,1.5,5e-07,127.28184709943224,2.3022726481125746,2.514270825713093,2.5101589364018873,0.0,0.0,0.0,0.0,False,11.650484810401275,-2.9491277170903887,False,True,False,False,False,False
6.0,2.0,1.5,8e-07,51.48129148217128,1.6737970895351855,1.8510706529246814,1.867577469666926,0.0,0.0,0.0,0.0,False,4.71223523307553,-1.871092824078676,False,True,False,False,False,False
6.0,2.0,1.5,1e-06,34.4090429682111,1.3905972619661047,1.5506834089959118,1.5797348739597163,0.0,0.0,0.0,0.0,False,3.149561713450153,-1.3853153079164855,False,True,False,False,False,False
6.0,2.0,1.5,1.5e-06,18.719317255038394,0.8983043918740137,1.026909486924378,1.0858022831241254,0.0,0.0,0.0,0.0,False,1.713434604469062,-0.5408769136192377,False,True,False,False,False,False
6.0,2.0,1.5,2e-06,14.21027556797009,0.5790376991783074,0.6836623236600168,0.7699545486334433,0.0,0.0,0.0,0.0,False,1.3007086511473982,0.006766714211735914,False,True,False,False,False,False
6.0,2.0,1.5,3e-06,11.876313007182135,0.25926874866979494,0.31208501605687966,0.4297114032149023,0.0,0.0,0.0,0.0,False,1.0870741385898992,0.5552718734739692,False,True,False,False,False,False
6.0,2.0,1.5,5e-06,11.153547579301952,0.32281806303607646,0.27447651863024114,0.32505959158965875,0.0,0.0,0.0,0.0,False,1.0209172762336896,0.44626464578018765,True,True,False,False,False,False
6.0,2.0,1.5,8e-06,10.998056450224087,0.4553111004201226,0.39337998398698354,0.4169049574430577,0.0,0.0,0.0,0.0,False,1.006684712213318,0.21899706881280268,True,True,False,False,False,False
6.0,2.0,1.5,1e-05,10.969332371114149,0.4952483953269115,0.4333990718614057,0.4575927838556633,0.0,0.0,0.0,0.0,False,1.0040555120957106,0.15049194263180454,True,True,False,False,False,False
6.0,2.0,1.5,2e-05,10.935286982147515,0.5579992592282362,0.5007888114952428,0.5341538676285833,0.0,0.0,0.0,0.0,False,1.0009392367111296,0.042854310700049525,True,True,False,False,False,False
6.0,2.0,2.0,3e-07,332.6031037775424,3.046846373215772,3.290158415939892,3.270118349768971,0.0,0.0,0.0,0.0,False,30.44414813862221,-4.226307784200537,False,True,False,False,False,False
6.0,2.0,2.0,5e-07,124.51449491517148,2.3000214292656356,2.5125497772888767,2.5084115995772778,0.0,0.0,0.0,0.0,False,11.397180860761276,-2.9452661628331325,False,True,False,False,False,False
6.0,2.0,2.0,8e-07,50.37258680886839,1.6665529975779245,1.845239660226946,1.8620217408128117,0.0,0.0,0.0,0.0,False,4.610752207413233,-1.8586669090346764,False,True,False,False,False,False
6.0,2.0,2.0,1e-06,33.718962465418144,1.379189037523466,1.5411733178505076,1.5710568932053428,0.0,0.0,0.0,0.0,False,3.0863965991863513,-1.365746585078143,False,True,False,False,False,False
6.0,2.0,2.0,1.5e-06,18.461022318869997,0.8772245651693138,1.0075796082081339,1.0701415778820318,0.0,0.0,0.0,0.0,False,1.6897921032089833,-0.5047183257216492,False,True,False,False,False,False
6.0,2.0,2.0,2e-06,14.098609659243547,0.5531235539402096,0.65684267289127,0.7510386957783636,0.0,0.0,0.0,0.0,False,1.2904875394719686,0.05121769151382727,False,True,False,False,False,False
6.0,2.0,2.0,3e-06,11.847148787610596,0.25258882465384114,0.2931894145410091,0.418381371450903,0.0,0.0,0.0,0.0,False,1.0844046511109817,0.5667300615826136,False,True,False,False,False,False
6.0,2.0,2.0,5e-06,11.148280219383935,0.3534695349016231,0.3108961450440117,0.34338756771279716,0.0,0.0,0.0,0.0,False,1.0204351391645454,0.39368765095158575,True,True,False,False,False,False
6.0,2.0,2.0,8e-06,10.996771765819258,0.4768588420394677,0.4236927123741368,0.438187419522681,0.0,0.0,0.0,0.0,False,1.0065671212411118,0.18203585844555137,True,True,False,False,False,False
6.0,2.0,2.0,1e-05,10.968626758836008,0.5115410505191741,0.4570329807582527,0.47606444385165203,0.0,0.0,0.0,0.0,False,1.0039909253120032,0.1225448720459168,True,True,False,False,False,False
6.0,2.0,2.0,2e-05,10.935149731982678,0.5634182869880907,0.5089812345537548,0.5422299915593939,0.0,0.0,0.0,0.0,False,1.0009266737966442,0.033558959541850286,True,True,False,False,False,False
6.0,4.0,0.0,3e-07,422.9528193692388,3.7380268862680848,4.027572657361614,3.9926895291791835,0.0,0.0,0.0,0.0,False,38.714125461490816,-5.411901559918354,False,True,False,False,False,False
6.0,4.0,0.0,5e-07,91.33906362126751,2.8798825666113084,3.1425533940301817,3.1197685090968066,0.0,0.0,0.0,0.0,False,8.360535281080153,-3.9399119062174677,False,True,False,False,False,False
6.0,4.0,0.0,8e-07,20.38277099119736,2.1949160492931616,2.4227289756792323,2.407641250486787,0.0,0.0,0.0,0.0,False,1.8656954564881694,-2.764977103844009,False,True,False,False,False,False
6.0,4.0,0.0,1e-06,13.37490394621528,1.921488669381406,2.1337099150485996,2.1138440778689973,0.0,0.0,0.0,0.0,False,1.224244610028544,-2.2959624345752982,False,True,False,False,False,False
6.0,4.0,0.0,1.5e-06,11.09437687222914,1.5173300504147849,1.7243221246492486,1.662516873699054,0.0,0.0,0.0,0.0,False,1.0155012059952213,-1.60270223119733,True,True,False,False,False,False
6.0,4.0,0.0,2e-06,10.957287994613646,1.2770712617491196,1.5093989392543932,1.3923203995900093,0.0,0.0,0.0,0.0,False,1.0029530546073286,-1.1905822147553216,True,True,False,False,False,False
6.0,4.0,0.0,3e-06,10.929776000191751,0.9770878143338425,1.2380741400142192,1.0707849513827583,0.0,0.0,0.0,0.0,False,1.000434800194618,-0.6760154679248782,True,True,False,False,False,False
6.0,4.0,0.0,5e-06,10.925595872628584,0.7194817787016964,0.8460041144084112,0.7969523232746867,0.0,0.0,0.0,0.0,False,1.0000521807261702,-0.23413942155882728,True,True,False,False,False,False
6.0,4.0,0.0,8e-06,10.925111904668789,0.497870569095463,0.39872351614420115,0.5407650653068508,0.0,0.0,0.0,0.0,False,1.0000078817040174,0.14599408304210582,True,True,False,False,False,False
6.0,4.0,0.0,1e-05,10.92506102833354,0.4854147736948183,0.3471219337343425,0.4795381152543865,0.0,0.0,0.0,0.0,False,1.0000032248422217,0.16735972229226992,True,True,False,False,False,False
6.0,4.0,0.0,2e-05,10.925027997260754,0.5702354938875938,0.5068755451555085,0.5408621087749608,0.0,0.0,0.0,0.0,False,1.0000002014102043,0.021865287751049012,True,True,False,False,False,False
6.0,4.0,0.25,3e-07,413.77494715654376,3.7370072871730438,4.026532933253793,3.9918886555633692,0.0,0.0,0.0,0.0,False,37.874047608737186,-5.410152624122305,False,True,False,False,False,False
6.0,4.0,0.25,5e-07,88.5732423522177,2.872860911787872,3.135228914197884,3.1143171137482333,0.0,0.0,0.0,0.0,False,8.10737146064803,-3.9278675414000306,False,True,False,False,False,False
6.0,4.0,0.25,8e-07,19.983201952773335,2.1622781746166573,2.3871267439449677,2.3825262807069096,0.0,0.0,0.0,0.0,False,1.8291217178211845,-2.7089927982416415,False,True,False,False,False,False
6.0,4.0,0.25,1e-06,13.262549807664168,1.8610806598130227,2.0658298533860533,2.0673903560505758,0.0,0.0,0.0,0.0,False,1.2139605026369151,-2.192343540819888,False,True,False,False,False,False
6.0,4.0,0.25,1.5e-06,11.088579715262807,1.372502188897241,1.5529855852319923,1.5498864277455386,0.0,0.0,0.0,0.0,False,1.014970575031585,-1.3542765190668637,True,True,False,False,False,False
6.0,4.0,0.25,2e-06,10.956665882267984,1.0596671990935567,1.2459948020973506,1.2200240097507997,0.0,0.0,0.0,0.0,False,1.0028961108199885,-0.8176653013979953,True,True,False,False,False,False
6.0,4.0,0.25,3e-06,10.929745616075527,0.690453070423694,0.8780790283060752,0.8327870699034836,0.0,0.0,0.0,0.0,False,1.0004320190463818,-0.18434598091400534,True,True,False,False,False,False
6.0,4.0,0.25,5e-06,10.925594530365391,0.5022572782579156,0.5091830846294418,0.5814694011422408,0.0,0.0,0.0,0.0,False,1.0000520578648409,0.13846948566027195,True,True,False,False,False,False
6.0,4.0,0.25,8e-06,10.925111749923252,0.4702549504172661,0.3305576249146455,0.46888076387581545,0.0,0.0,0.0,0.0,False,1.0000078675396997,0.1933636268865644,True,True,False,False,False,False
6.0,4.0,0.25,1e-05,10.925060967130436,0.5014563270837552,0.38024341210660983,0.46672704117795333,0.0,0.0,0.0,0.0,False,1.0000032192401203,0.1398433709316388,True,True,False,False,False,False
6.0,4.0,0.25,2e-05,10.925027993524209,0.5742699327845053,0.5142645476549617,0.5487167771491317,0.0,0.0,0.0,0.0,False,1.0000002010681872,0.014944945590982694,True,True,False,False,False,False
6.0,4.0,0.5,3e-07,405.9418899060016,3.7365307818698863,4.026097723407653,3.9915144387905315,0.0,0.0,0.0,0.0,False,37.15706465636728,-5.409335266412052,False,True,False,False,False,False
6.0,4.0,0.5,5e-07,86.11386231853682,2.8696247823577177,3.132229241522487,3.1118060301806967,0.0,0.0,0.0,0.0,False,7.882257114978458,-3.9223165531453636,False,True,False,False,False,False
6.0,4.0,0.5,8e-07,19.615573094566688,2.147143914956216,2.372540064201781,2.3709187053308534,0.0,0.0,0.0,0.0,False,1.7954715585407663,-2.683032743357747,False,True,False,False,False,False
6.0,4.0,0.5,1e-06,13.15926978091316,1.8325006076083294,2.03739187556133,2.0455738089269206,0.0,0.0,0.0,0.0,False,1.2045069755998628,-2.143319687624232,False,True,False,False,False,False
6.0,4.0,0.5,1.5e-06,11.08321474458685,1.2980536311558828,1.4727105630210637,1.4934319794641706,0.0,0.0,0.0,0.0,False,1.0144795033603855,-1.226573632480068,True,True,False,False,False,False
6.0,4.0,0.5,2e-06,10.956078170182877,0.9384236395656211,1.1064410346816806,1.1285352298860174,0.0,0.0,0.0,0.0,False,1.0028423157904816,-0.6096941465293491,True,True,False,False,False,False
6.0,4.0,0.5,3e-06,10.929714320845212,0.5227482250803253,0.6646975836914487,0.7036550613644119,0.0,0.0,0.0,0.0,False,1.0004291545011719,0.10332101351378509,True,True,False,False,False,False
6.0,4.0,0.5,5e-06,10.925592855162797,0.42039226274308766,0.34580970341647616,0.4827556582868068,0.0,0.0,0.0,0.0,False,1.0000519045285812,0.2788939493286746,True,True,False,False,False,False
6.0,4.0,0.5,8e-06,10.925111540236346,0.48305360603909503,0.35436600807946594,0.45541453000498294,0.0,0.0,0.0,0.0,False,1.0000078483464354,0.1714098736249361,True,True,False,False,False,False
6.0,4.0,0.5,1e-05,10.925060883243114,0.520551770299899,0.4187313447262807,0.4759017172204201,0.0,0.0,0.0,0.0,False,1.000003211561665,0.10708863002950408,True,True,False,False,False,False
6.0,4.0,0.5,2e-05,10.925027988362574,0.5769066968824568,0.5190479452279202,0.5544262218566965,0.0,0.0,0.0,0.0,False,1.0000002005957276,0.010422058959294933,True,True,False,False,False,False
6.0,4.0,0.75,3e-07,399.1788451979959,3.736255847255569,4.025864289216995,3.9912986115560978,0.0,0.0,0.0,0.0,False,36.53802312422223,-5.408863666357785,False,True,False,False,False,False
6.0,4.0,0.75,5e-07,83.91845208804463,2.8677631635245135,3.130631937650449,3.110362606040774,0.0,0.0,0.0,0.0,False,7.681304707971293,-3.9191232864665055,False,True,False,False,False,False
6.0,4.0,0.75,8e-07,19.276901821930654,2.138367357204078,2.3647501747869826,2.3642044150643753,0.0,0.0,0.0,0.0,False,1.7644719729165648,-2.6679781634807602,False,True,False,False,False,False
6.0,4.0,0.75,1e-06,13.064212358174943,1.815750523442861,2.0220899102083845,2.0328521729727256,0.0,0.0,0.0,0.0,False,1.1958060878851964,-2.1145879812836834,False,True,False,False,False,False
6.0,4.0,0.75,1.5e-06,11.078240997520862,1.2533617568362072,1.4282968605072344,1.4601186353282942,0.0,0.0,0.0,0.0,False,1.0140242415460452,-1.149912894774114,True,True,False,False,False,False
6.0,4.0,0.75,2e-06,10.955521733739914,0.8644544547115293,1.0254821203991011,1.0748013079654586,0.0,0.0,0.0,0.0,False,1.002791383513221,-0.4828135364689574,True,True,False,False,False,False
6.0,4.0,0.75,3e-06,10.929682224420505,0.4249527901328213,0.534597440659612,0.6332500883872855,0.0,0.0,0.0,0.0,False,1.000426216620264,0.27107119856363737,True,True,False,False,False,False
6.0,4.0,0.75,5e-06,10.925590881356301,0.4052267558946875,0.29419739702336084,0.4446858985660841,0.0,0.0,0.0,0.0,False,1.000051723860221,0.3049076030494188,True,True,False,False,False,False
6.0,4.0,0.75,8e-06,10.92511128123347,0.5019884864509949,0.3917826712833672,0.4621859741261243,0.0,0.0,0.0,0.0,False,1.0000078246391344,0.1389305488517698,True,True,False,False,False,False
6.0,4.0,0.75,1e-05,10.925060778992552,0.5359167582658793,0.44833455862825067,0.48977004291965864,0.0,0.0,0.0,0.0,False,1.0000032020193022,0.08073280293015617,True,True,False,False,False,False
6.0,4.0,0.75,2e-05,10.925027981921591,0.5786594924444004,0.5222030489285261,0.5585883082506701,0.0,0.0,0.0,0.0,False,1.0000002000061654,0.0074154587020494045,True,True,False,False,False,False
6.0,4.0,1.0,3e-07,393.28650786483627,3.7360784680302026,4.025721597018276,3.9911594161265778,0.0,0.0,0.0,0.0,False,35.99868001943441,-5.408559404733557,False,True,False,False,False,False
6.0,4.0,1.0,5e-07,81.95188309833777,2.8665625584828716,3.1296581628075892,3.109432291639953,0.0,0.0,0.0,0.0,False,7.501298818166068,-3.917063868069161,False,True,False,False,False,False
6.0,4.0,1.0,8e-07,18.964543105088183,2.1326662932764875,2.3599819760077674,2.3598510051956865,0.0,0.0,0.0,0.0,False,1.735880853531514,-2.658199030852047,False,True,False,False,False,False
6.0,4.0,1.0,1e-06,12.976619429502225,1.804783168678316,2.0126776301637914,2.024552099314224,0.0,0.0,0.0,0.0,False,1.1877884474419143,-2.095775489757393,False,True,False,False,False,False
6.0,4.0,1.0,1.5e-06,11.073622208432715,1.223858810130168,1.4009231002013136,1.4383923154380434,0.0,0.0,0.0,0.0,False,1.013601470087741,-1.0993059848287703,True,True,False,False,False,False
6.0,4.0,1.0,2e-06,10.954993831639031,0.8165116355044428,0.9754105143906464,1.0409308658588738,0.0,0.0,0.0,0.0,False,1.0027430630688854,-0.4005763973006773,True,True,False,False,False,False
6.0,4.0,1.0,3e-06,10.929649432520039,0.3714986558091132,0.4562645273536206,0.5956297760543595,0.0,0.0,0.0,0.0,False,1.000423215080398,0.3627619909742965,True,True,False,False,False,False
6.0,4.0,1.0,5e-06,10.925588640552025,0.4159273343582184,0.30141611686934466,0.43536187751048944,0.0,0.0,0.0,0.0,False,1.0000515187527623,0.2865527174828141,True,True,False,False,False,False
6.0,4.0,1.0,8e-06,10.925110978081639,0.518697941162301,0.423565639882231,0.474283184419878,0.0,0.0,0.0,0.0,False,1.0000077968907486,0.11026853491003163,True,True,False,False,False,False
6.0,4.0,1.0,1e-05,10.925060656510148,0.5473148877203915,0.4695625163654257,0.502989323165843,0.0,0.0,0.0,0.0,False,1.0000031908081244,0.06118139619789942,True,True,False,False,False,False
6.0,4.0,1.0,2e-05,10.925027974335086,0.5798443844712395,0.524321170944159,0.5616462441261556,0.0,0.0,0.0,0.0,False,1.00000019931175,0.005382993108199785,True,True,False,False,False,False
6.0,4.0,1.5,3e-07,383.5465487284646,3.7358658351214973,4.025559639368487,3.9909926163327616,0.0,0.0,0.0,0.0,False,35.10715268416891,-5.408194671862312,False,True,False,False,False,False
6.0,4.0,1.5,5e-07,78.59232452103905,2.8651225622023277,3.1285541463126294,3.1083171828896647,0.0,0.0,0.0,0.0,False,7.193788461690052,-3.9145938177783473,False,True,False,False,False,False
6.0,4.0,1.5,8e-07,18.40958637948878,2.1257763720493275,2.3545492789850746,2.3545990133945263,0.0,0.0,0.0,0.0,False,1.6850840191881609,-2.6463806309292344,False,True,False,False,False,False
6.0,4.0,1.5,1e-06,12.821189504219104,1.7914211253864467,2.0019045345089963,2.0144736593409363,0.0,0.0,0.0,0.0,False,1.173561485586323,-2.0728553479730816,False,True,False,False,False,False
6.0,4.0,1.5,1.5e-06,11.065324152294544,1.1878148372511264,1.3699657743234797,1.4121568215875797,0.0,0.0,0.0,0.0,False,1.01284192440863,-1.0374791406244706,True,True,False,False,False,False
6.0,4.0,1.5,2e-06,10.954014251226559,0.7610751150452056,0.9207575150364545,1.0027535137710568,0.0,0.0,0.0,0.0,False,1.0026533991696243,-0.3054851839884316,True,True,False,False,False,False
6.0,4.0,1.5,3e-06,10.929582160397155,0.33610428866685715,0.3853558875222087,0.5668947678116275,0.0,0.0,0.0,0.0,False,1.0004170574635525,0.42347455532889067,True,True,False,False,False,False
6.0,4.0,1.5,5e-06,10.925583471906606,0.45111665656142974,0.35457607446366246,0.44479577098273754,0.0,0.0,0.0,0.0,False,1.0000510456513239,0.22619187022510423,True,True,False,False,False,False
6.0,4.0,1.5,8e-06,10.925110257919115,0.541951131150154,0.4657075813224024,0.4973233745025373,0.0,0.0,0.0,0.0,False,1.0000077309721378,0.07038193973761264,True,True,False,False,False,False
6.0,4.0,1.5,1e-05,10.925060364515693,0.5616316192938924,0.4953588418763723,0.5233599464375945,0.0,0.0,0.0,0.0,False,1.0000031640810063,0.03662366124786809,True,True,False,False,False,False
6.0,4.0,1.5,2e-05,10.925027956206744,0.5812269155441305,0.5267696515419108,0.5656125307191598,0.0,0.0,0.0,0.0,False,1.000000197652409,0.003011513872598126,True,True,False,False,False,False
6.0,4.0,2.0,3e-07,375.8694822818867,3.7357448613416198,4.025472206517456,3.990897749757334,0.0,0.0,0.0,0.0,False,34.404448032543094,-5.4079871634651004,False,True,False,False,False,False
6.0,4.0,2.0,5e-07,75.85006582110124,2.8643024918673667,3.1279581768848765,3.107682497366634,0.0,0.0,0.0,0.0,False,6.942781393063385,-3.9131871370828994,False,True,False,False,False,False
6.0,4.0,2.0,8e-07,17.93464545786104,2.1218242878260463,2.351601827991382,2.351591174991131,0.0,0.0,0.0,0.0,False,1.6416112686007236,-2.6396015531517913,False,True,False,False,False,False
6.0,4.0,2.0,1e-06,12.688360736267654,1.7836986251431448,1.9960373284928745,2.0086663567304988,0.0,0.0,0.0,0.0,False,1.16140327466569,-2.059608810999686,False,True,False,False,False,False
6.0,4.0,2.0,1.5e-06,11.05810229829995,1.1670101409976898,1.3535022812159827,1.397174498179138,0.0,0.0,0.0,0.0,False,1.0121808867022772,-1.001792488703618,True,True,False,False,False,False
6.0,4.0,2.0,2e-06,10.95312323684551,0.7320001139874138,0.8939565311434249,0.9831347726604894,0.0,0.0,0.0,0.0,False,1.0025718419817864,-0.2556123365453238,True,True,False,False,False,False
6.0,4.0,2.0,3e-06,10.929513246479765,0.3388113765693634,0.36594302489219016,0.5621463217606106,0.0,0.0,0.0,0.0,False,1.0004107495683885,0.41883104107042446,True,True,False,False,False,False
6.0,4.0,2.0,5e-06,10.92557755471692,0.47953019226217797,0.3981049331934857,0.4597444947321727,0.0,0.0,0.0,0.0,False,1.0000505040334096,0.17745364564151644,True,True,False,False,False,False
6.0,4.0,2.0,8e-06,10.92510941320781,0.5553614521289302,0.48887392218780346,0.5139150724482108,0.0,0.0,0.0,0.0,False,1.0000076536532077,0.04737898640983018,True,True,False,False,False,False
6.0,4.0,2.0,1e-05,10.925060021056165,0.569305404565086,0.5087342649698832,0.5365877645462106,0.0,0.0,0.0,0.0,False,1.0000031326431376,0.023460685900740907,True,True,False,False,False,False
6.0,4.0,2.0,2e-05,10.925027934843545,0.5819196145324088,0.527979548216568,0.5678766078244915,0.0,0.0,0.0,0.0,False,1.0000001956969722,0.0018233154303098908,True,True,False,False,False,False
