{
  "ring_kernel_max_rel_error": 2.2087163200728192e-16,
  "coherence_l0_kpc": 5.0,
  "solar_system_max_K": 9.272353663281051e-06,
  "amplitude_ratio_empirical": 7.666666666666666,
  "amplitude_ratio_dimensionality_pred": 10.0
}