{
  "Burr-XII": {
    "params": [
      2.0000032450762424,
      2.999996377364485,
      1.9999915047845083
    ],
    "chi2": 7971.688954693893,
    "chi2_reduced": 47.450529492225556,
    "aic": 7999.688954693893,
    "bic": 8044.545048312968,
    "n_params": 14,
    "n_data": 182,
    "n_galaxies": 11,
    "chi2_train": 6446.051655110775,
    "chi2_val": 1525.6372995831168,
    "success": true
  },
  "Hill": {
    "params": [
      2.000000065509721,
      4.999998385061676
    ],
    "chi2": 8699.9025645986,
    "chi2_reduced": 51.47871339999172,
    "aic": 8725.9025645986,
    "bic": 8767.554651530598,
    "n_params": 13,
    "n_data": 182,
    "n_galaxies": 11,
    "chi2_train": 7289.544609407023,
    "chi2_val": 1410.357955191576,
    "success": true
  },
  "Logistic": {
    "params": [
      2.7731033847439526,
      4.999999570223955
    ],
    "chi2": 11939.305241219688,
    "chi2_reduced": 70.64677657526443,
    "aic": 11965.305241219688,
    "bic": 12006.957328151686,
    "n_params": 13,
    "n_data": 182,
    "n_galaxies": 11,
    "chi2_train": 10612.291910916054,
    "chi2_val": 1327.0133303036353,
    "success": true
  },
  "StretchedExp": {
    "params": [
      2.000003733056454,
      2.99999645518354
    ],
    "chi2": 7738.557025901476,
    "chi2_reduced": 45.790278259772045,
    "aic": 7764.557025901476,
    "bic": 7806.209112833474,
    "n_params": 13,
    "n_data": 182,
    "n_galaxies": 11,
    "chi2_train": 6243.780098624719,
    "chi2_val": 1494.7769272767584,
    "success": true
  }
}