{
  "Burr-XII": {
    "params": [
      3.6164577758049354,
      2.371974447880251,
      1.169645994010339
    ],
    "chi2": 220.16348793900374,
    "chi2_reduced": 1.1175811570507803,
    "aic": 226.16348793900374,
    "bic": 236.05844003864786,
    "n_params": 3,
    "chi2_train": 95.63056013437247,
    "chi2_val": 124.53292780463126,
    "success": true
  },
  "Logistic": {
    "params": [
      6.843297253946501,
      2.020924079097806
    ],
    "chi2": 10000000000.0,
    "chi2_reduced": 50505050.5050505,
    "aic": 10000000004.0,
    "bic": 10000000010.596634,
    "n_params": 2,
    "chi2_train": 320.13153565637805,
    "chi2_val": 296.37417954002024,
    "success": true
  },
  "Gompertz": {
    "params": [
      3.2813507271486504,
      0.7421679445079626
    ],
    "chi2": 10000000000.0,
    "chi2_reduced": 50505050.5050505,
    "aic": 10000000004.0,
    "bic": 10000000010.596634,
    "n_params": 2,
    "chi2_train": 114.91959223831714,
    "chi2_val": 138.81299857879952,
    "success": true
  },
  "Hill": {
    "params": [
      3.0645463417163272,
      2.6426360912458433
    ],
    "chi2": 224.3931658601503,
    "chi2_reduced": 1.1332988174755065,
    "aic": 228.3931658601503,
    "bic": 234.98980059324637,
    "n_params": 2,
    "chi2_train": 97.12136058289713,
    "chi2_val": 127.27180527725316,
    "success": true
  },
  "StretchedExp": {
    "params": [
      6.843297253946501,
      1.3449578217210034
    ],
    "chi2": 10000000000.0,
    "chi2_reduced": 50505050.5050505,
    "aic": 10000000004.0,
    "bic": 10000000010.596634,
    "n_params": 2,
    "chi2_train": 104.55330789906237,
    "chi2_val": 122.76688734558545,
    "success": true
  }
}