radius_over_response_length,rational_point_force_ratio,entire_point_force_ratio
1e-12,1.0,1.0
1.012983195592568e-12,1.0,1.0
1.026134954552931e-12,1.0,1.0
1.0394574653722625e-12,1.0,1.0
1.0529529449553457e-12,1.0,1.0
1.0666236389894716e-12,1.0,1.0
1.0804718223181286e-12,1.0,1.0
1.0944997993195433e-12,1.0,1.0
1.1087099042901353e-12,1.0,1.0
1.1231045018329516e-12,1.0,1.0
1.1376859872511425e-12,1.0,1.0
1.152456786946548e-12,1.0,1.0
1.1674193588234576e-12,1.0,1.0
1.1825761926976128e-12,1.0,1.0
1.1979298107105204e-12,1.0,1.0
1.2134827677491431e-12,1.0,1.0
1.2292376518710411e-12,1.0,1.0
1.2451970847350318e-12,1.0,1.0
1.2613637220374423e-12,1.0,1.0
1.277740253954024e-12,1.0,1.0
1.2943294055876067e-12,1.0,1.0
1.311133937421563e-12,1.0,1.0
1.328156645779161e-12,1.0,1.0
1.345400363288881e-12,1.0,1.0
1.3628679593557727e-12,1.0,1.0
1.3805623406389328e-12,1.0,1.0
1.3984864515351816e-12,1.0,1.0
1.4166432746690193e-12,1.0,1.0
1.4350358313889432e-12,1.0,1.0
1.4536671822702093e-12,1.0,1.0
1.4725404276241208e-12,1.0,1.0
1.4916587080139285e-12,1.0,1.0
1.5110252047774308e-12,1.0,1.0
1.5306431405563565e-12,1.0,1.0
1.5505157798326221e-12,1.0,1.0
1.5706464294715523e-12,1.0,1.0
1.59103843927215e-12,1.0,1.0
1.6116952025245146e-12,1.0,1.0
1.632620156574494e-12,1.0,1.0
1.6538167833956696e-12,1.0,1.0
1.6752886101687674e-12,1.0,1.0
1.69703920986859e-12,1.0,1.0
1.7190722018585712e-12,1.0,1.0
1.7413912524930475e-12,1.0,1.0
1.7640000757273519e-12,1.0,1.0
1.786902433735825e-12,1.0,1.0
1.8101021375378604e-12,1.0,1.0
1.83360304763204e-12,1.0,1.0
1.8574090746385755e-12,1.0,1.0
1.881524179950019e-12,1.0,1.0
1.9059523763904564e-12,1.0,1.0
1.9306977288832537e-12,1.0,1.0
1.955764355127472e-12,1.0,1.0
1.9811564262830645e-12,1.0,1.0
2.0068781676649704e-12,1.0,1.0
2.0329338594462193e-12,1.0,1.0
2.059327837370164e-12,1.0,1.0
2.086064493471961e-12,1.0,1.0
2.1131482768094188e-12,1.0,1.0
2.140583694203334e-12,1.0,1.0
2.1683753109874375e-12,1.0,1.0
2.196527751768083e-12,1.0,1.0
2.2250457011937917e-12,1.0,1.0
2.2539339047347936e-12,1.0,1.0
2.283197169472686e-12,1.0,1.0
2.3128403649003476e-12,1.0,1.0
2.3428684237322354e-12,1.0,1.0
2.3732863427252024e-12,1.0,1.0
2.404099183509974e-12,1.0,1.0
2.4353120734334173e-12,1.0,1.0
2.466930206411746e-12,1.0,1.0
2.498958843794804e-12,1.0,1.0
2.5314033152415696e-12,1.0,1.0
2.564269019607026e-12,1.0,1.0
2.597561425840547e-12,1.0,1.0
2.6312860738959445e-12,1.0,1.0
2.6654485756533363e-12,1.0,1.0
2.7000546158529752e-12,1.0,1.0
2.7351099530412107e-12,1.0,1.0
2.7706204205287245e-12,1.0,1.0
2.806591927361212e-12,1.0,1.0
2.843030459302665e-12,1.0,1.0
2.87994207983142e-12,1.0,1.0
2.917332931149139e-12,1.0,1.0
2.9552092352028878e-12,1.0,1.0
2.9935772947204906e-12,1.0,1.0
3.0324434942593172e-12,1.0,1.0
3.0718143012686964e-12,1.0,1.0
3.1116962671661158e-12,1.0,1.0
3.1520960284273974e-12,1.0,1.0
3.193020307691027e-12,1.0,1.0
3.2344759148768217e-12,1.0,1.0
3.276469748319118e-12,1.0,1.0
3.319008795914677e-12,1.0,1.0
3.3621001362854913e-12,1.0,1.0
3.4057509399566855e-12,1.0,1.0
3.449968470549716e-12,1.0,1.0
3.4947600859910553e-12,1.0,1.0
3.5401332397365773e-12,1.0,1.0
3.5860954820118288e-12,1.0,1.0
3.632654461068413e-12,1.0,1.0
3.679817924456679e-12,1.0,1.0
3.727593720314938e-12,1.0,1.0
3.7759897986754155e-12,1.0,1.0
3.82501421278716e-12,1.0,1.0
3.874675120456128e-12,1.0,1.0
3.9249807854026676e-12,1.0,1.0
3.975939578636622e-12,1.0,1.0
4.027559979850294e-12,1.0,1.0
4.079850578829489e-12,1.0,1.0
4.132820076882884e-12,1.0,1.0
4.186477288289947e-12,1.0,1.0
4.240831141767659e-12,1.0,1.0
4.295890681956283e-12,1.0,1.0
4.3516650709244114e-12,1.0,1.0
4.40816358969357e-12,1.0,1.0
4.465395639782598e-12,1.0,1.0
4.5233707447720965e-12,1.0,1.0
4.582098551889172e-12,1.0,1.0
4.6415888336127725e-12,1.0,1.0
4.701851489299847e-12,1.0,1.0
4.762896546832634e-12,1.0,1.0
4.8247341642873295e-12,1.0,1.0
4.887374631624417e-12,1.0,1.0
4.950828372400952e-12,1.0,1.0
5.015105945505069e-12,1.0,1.0
5.080218046913012e-12,1.0,1.0
5.146175511468978e-12,1.0,1.0
5.2129893146880636e-12,1.0,1.0
5.280670574582626e-12,1.0,1.0
5.349230553512351e-12,1.0,1.0
5.418680660058365e-12,1.0,1.0
5.489032450921569e-12,1.0,1.0
5.560297632845837e-12,1.0,1.0
5.632488064565967e-12,1.0,1.0
5.705615758781032e-12,1.0,1.0
5.779692884153325e-12,1.0,1.0
5.854731767333261e-12,1.0,1.0
5.93074489501057e-12,1.0,1.0
6.007744915992118e-12,1.0,1.0
6.085744643306699e-12,1.0,1.0
6.164757056337174e-12,1.0,1.0
6.244795302980263e-12,1.0,1.0
6.325872701834407e-12,1.0,1.0
6.408002744416009e-12,1.0,1.0
6.491199097404475e-12,1.0,1.0
6.575475604916378e-12,1.0,1.0
6.660846290809168e-12,1.0,1.0
6.747325361014775e-12,1.0,1.0
6.834927205903524e-12,1.0,1.0
6.9236664026787344e-12,1.0,1.0
7.013557717802405e-12,1.0,1.0
7.104616109452398e-12,1.0,1.0
7.1968567300115285e-12,1.0,1.0
7.290294928588959e-12,1.0,1.0
7.384946253574335e-12,1.0,1.0
7.480826455225093e-12,1.0,1.0
7.577951488287339e-12,1.0,1.0
7.676337514650765e-12,1.0,1.0
7.776000906038043e-12,1.0,1.0
7.876958246729122e-12,1.0,1.0
7.979226336320898e-12,1.0,1.0
8.082822192522722e-12,1.0,1.0
8.187763053988196e-12,1.0,1.0
8.294066383183726e-12,1.0,1.0
8.401749869294343e-12,1.0,1.0
8.510831431167225e-12,1.0,1.0
8.621329220293445e-12,1.0,1.0
8.733261623828438e-12,1.0,1.0
8.846647267651671e-12,1.0,1.0
8.96150501946605e-12,1.0,1.0
9.077853991937557e-12,1.0,1.0
9.195713545875658e-12,1.0,1.0
9.315103293454989e-12,1.0,1.0
9.43604310147889e-12,1.0,1.0
9.558553094685292e-12,1.0,1.0
9.682653659095539e-12,1.0,1.0
9.80836544540667e-12,1.0,1.0
9.935709372427771e-12,1.0,1.0
1.0064706630560913e-11,1.0,1.0
1.0195378685327301e-11,1.0,1.0
1.0327747280939206e-11,1.0,1.0
1.0461834443918252e-11,1.0,1.0
1.0597662486760708e-11,1.0,1.0
1.0735254011650343e-11,1.0,1.0
1.08746319142195e-11,1.0,1.0
1.1015819387358995e-11,1.0,1.0
1.115883992507748e-11,1.0,1.0
1.1303717326410918e-11,1.0,1.0
1.1450475699382812e-11,1.0,1.0
1.1599139465015847e-11,1.0,1.0
1.1749733361395622e-11,1.0,1.0
1.1902282447787145e-11,1.0,1.0
1.2056812108804754e-11,1.0,1.0
1.221334805863621e-11,1.0,1.0
1.2371916345321594e-11,1.0,1.0
1.2532543355087795e-11,1.0,1.0
1.2695255816739237e-11,1.0,1.0
1.286008080610565e-11,1.0,1.0
1.3027045750547551e-11,1.0,1.0
1.3196178433520242e-11,1.0,1.0
1.3367506999197063e-11,1.0,1.0
1.3541059957152662e-11,1.0,1.0
1.3716866187107066e-11,1.0,1.0
1.389495494373136e-11,1.0,1.0
1.4075355861515744e-11,1.0,1.0
1.4258098959700803e-11,1.0,1.0
1.4443214647272789e-11,1.0,1.0
1.4630733728023776e-11,1.0,1.0
1.482068740567749e-11,1.0,1.0
1.5013107289081712e-11,1.0,1.0
1.520802539746807e-11,1.0,1.0
1.540547416578014e-11,1.0,1.0
1.5605486450070716e-11,1.0,1.0
1.5808095532969155e-11,1.0,1.0
1.6013335129219694e-11,1.0,1.0
1.6221239391291696e-11,1.0,1.0
1.6431842915062706e-11,1.0,1.0
1.6645180745575318e-11,1.0,1.0
1.686128838286877e-11,1.0,1.0
1.708020178788625e-11,1.0,1.0
1.7301957388458908e-11,1.0,1.0
1.752659208536755e-11,1.0,1.0
1.775414325848303e-11,1.0,1.0
1.798464877298639e-11,1.0,1.0
1.821814698566971e-11,1.0,1.0
1.8454676751318815e-11,1.0,1.0
1.8694277429178805e-11,1.0,1.0
1.8936988889503564e-11,1.0,1.0
1.9182851520190354e-11,1.0,1.0
1.9431906233500178e-11,1.0,1.0
1.9684194472866154e-11,1.0,1.0
1.993975821978952e-11,1.0,1.0
2.0198640000825564e-11,1.0,1.0
2.0460882894660154e-11,1.0,1.0
2.0726530539278154e-11,1.0,1.0
2.0995627139224938e-11,1.0,1.0
2.1268217472962125e-11,1.0,1.0
2.1544346900318868e-11,1.0,1.0
2.1824061370039845e-11,1.0,1.0
2.210740742743128e-11,1.0,1.0
2.239443222210621e-11,1.0,1.0
2.2685183515830324e-11,1.0,1.0
2.297970969046965e-11,1.0,1.0
2.3278059756041448e-11,1.0,1.0
2.3580283358869623e-11,1.0,1.0
2.3886430789846005e-11,1.0,1.0
2.4196552992798916e-11,1.0,1.0
2.451070157297036e-11,1.0,1.0
2.48289288056033e-11,1.0,1.0
2.5151287644640397e-11,1.0,1.0
2.5477831731535703e-11,1.0,1.0
2.5808615404180766e-11,1.0,1.0
2.614369370594661e-11,1.0,1.0
2.6483122394843105e-11,1.0,1.0
2.6826957952797272e-11,1.0,1.0
2.717525759505204e-11,1.0,1.0
2.752807927968702e-11,1.0,1.0
2.7885481717262916e-11,1.0,1.0
2.8247524380591123e-11,1.0,1.0
2.8614267514630172e-11,1.0,1.0
2.898577214651068e-11,1.0,1.0
2.936210009569044e-11,1.0,1.0
2.974331398424135e-11,1.0,1.0
3.012947724726992e-11,1.0,1.0
3.0520654143473053e-11,1.0,1.0
3.091690976583089e-11,1.0,1.0
3.1318310052438445e-11,1.0,1.0
3.1724921797477945e-11,1.0,1.0
3.2136812662333526e-11,1.0,1.0
3.255405118685032e-11,1.0,1.0
3.297670680073967e-11,1.0,1.0
3.3404849835132445e-11,1.0,1.0
3.383855153428233e-11,1.0,1.0
3.427788406742112e-11,1.0,1.0
3.4722920540767816e-11,1.0,1.0
3.5173735009693805e-11,1.0,1.0
3.5630402491045815e-11,1.0,1.0
3.6092998975628985e-11,1.0,1.0
3.656160144085194e-11,1.0,1.0
3.703628786353603e-11,1.0,1.0
3.7517137232890975e-11,1.0,1.0
3.800422956365882e-11,1.0,1.0
3.849764590942866e-11,1.0,1.0
3.89974683761242e-11,1.0,1.0
3.9503780135666406e-11,1.0,1.0
4.001666543981357e-11,1.0,1.0
4.053620963418103e-11,1.0,1.0
4.1062499172442937e-11,1.0,1.0
4.159562163071843e-11,1.0,1.0
4.21356657221445e-11,1.0,1.0
4.2682721311638165e-11,1.0,1.0
4.3236879430850236e-11,1.0,1.0
4.379823229331325e-11,1.0,1.0
4.436687330978607e-11,1.0,1.0
4.4942897103797706e-11,1.0,1.0
4.5526399527392974e-11,1.0,1.0
4.6117477677082515e-11,1.0,1.0
4.671622990999997e-11,1.0,1.0
4.7322755860268876e-11,1.0,1.0
4.793715645558209e-11,1.0,1.0
4.855953393399645e-11,1.0,1.0
4.918999186094547e-11,1.0,1.0
4.982863514647295e-11,1.0,1.0
5.0475570062690324e-11,1.0,1.0
5.1130904261460606e-11,1.0,1.0
5.179474679231202e-11,1.0,1.0
5.246720812058436e-11,1.0,1.0
5.314840014580988e-11,1.0,1.0
5.3838436220335e-11,1.0,1.0
5.453743116818161e-11,1.0,1.0
5.524550130415433e-11,1.0,1.0
5.596276445319564e-11,1.0,1.0
5.668933996999229e-11,1.0,1.0
5.742534875883629e-11,1.0,1.0
5.8170913293743695e-11,1.0,1.0
5.892615763883468e-11,1.0,1.0
5.969120746897817e-11,1.0,1.0
6.046619009070447e-11,1.0,1.0
6.12512344633895e-11,1.0,1.0
6.204647122071392e-11,1.0,1.0
6.28520326924011e-11,1.0,1.0
6.366805292623703e-11,1.0,1.0
6.449466771037634e-11,1.0,1.0
6.533201459593783e-11,1.0,1.0
6.618023291989341e-11,1.0,1.0
6.703946382825409e-11,1.0,1.0
6.790985029955721e-11,1.0,1.0
6.879153716865837e-11,1.0,1.0
6.968467115083248e-11,1.0,1.0
7.058940086618752e-11,1.0,1.0
7.150587686439543e-11,1.0,1.0
7.243425164974397e-11,1.0,1.0
7.337467970651388e-11,1.0,1.0
7.432731752468559e-11,1.0,1.0
7.52923236259795e-11,1.0,1.0
7.626985859023451e-11,1.0,1.0
7.726008508212903e-11,1.0,1.0
7.826316787824876e-11,1.0,1.0
7.927927389450605e-11,1.0,1.0
8.030857221391521e-11,1.0,1.0
8.135123411472835e-11,1.0,1.0
8.240743309893666e-11,1.0,1.0
8.347734492114162e-11,1.0,1.0
8.456114761780106e-11,1.0,1.0
8.565902153685499e-11,1.0,1.0
8.677114936773599e-11,1.0,1.0
8.789771617176924e-11,1.0,1.0
8.903890941296736e-11,1.0,1.0
9.019491898922485e-11,1.0,1.0
9.13659372639178e-11,1.0,1.0
9.255215909791354e-11,1.0,1.0
9.375378188199622e-11,1.0,1.0
9.497100556971315e-11,1.0,1.0
9.62040327106476e-11,1.0,1.0
9.745306848412375e-11,1.0,1.0
9.871832073334907e-11,1.0,1.0
1e-10,1.0,1.0
1.012983195592568e-10,1.0,1.0
1.026134954552931e-10,1.0,1.0
1.0394574653722627e-10,1.0,1.0
1.0529529449553458e-10,1.0,1.0
1.0666236389894715e-10,1.0,1.0
1.0804718223181285e-10,1.0,1.0
1.0944997993195432e-10,1.0,1.0
1.1087099042901353e-10,1.0,1.0
1.1231045018329516e-10,1.0,1.0
1.1376859872511424e-10,1.0,1.0
1.1524567869465479e-10,1.0,1.0
1.1674193588234574e-10,1.0,1.0
1.182576192697613e-10,1.0,1.0
1.1979298107105204e-10,1.0,1.0
1.2134827677491431e-10,1.0,1.0
1.2292376518710411e-10,1.0,1.0
1.245197084735032e-10,1.0,1.0
1.2613637220374424e-10,1.0,1.0
1.2777402539540242e-10,1.0,1.0
1.294329405587607e-10,1.0,1.0
1.311133937421563e-10,1.0,1.0
1.328156645779161e-10,1.0,1.0
1.345400363288881e-10,1.0,1.0
1.3628679593557727e-10,1.0,1.0
1.3805623406389326e-10,1.0,1.0
1.3984864515351816e-10,1.0,1.0
1.4166432746690192e-10,1.0,1.0
1.4350358313889433e-10,1.0,1.0
1.4536671822702095e-10,1.0,1.0
1.472540427624121e-10,1.0,1.0
1.4916587080139286e-10,1.0,1.0
1.5110252047774308e-10,1.0,1.0
1.5306431405563563e-10,1.0,1.0
1.5505157798326222e-10,1.0,1.0
1.5706464294715523e-10,1.0,1.0
1.59103843927215e-10,1.0,1.0
1.6116952025245147e-10,1.0,1.0
1.632620156574494e-10,1.0,1.0
1.6538167833956697e-10,1.0,1.0
1.6752886101687676e-10,1.0,1.0
1.69703920986859e-10,1.0,1.0
1.7190722018585712e-10,1.0,1.0
1.7413912524930475e-10,1.0,1.0
1.764000075727352e-10,1.0,1.0
1.786902433735825e-10,1.0,1.0
1.810102137537853e-10,1.0,1.0
1.8336030476320325e-10,1.0,1.0
1.857409074638568e-10,1.0,1.0
1.8815241799500114e-10,1.0,1.0
1.9059523763904485e-10,1.0,1.0
1.9306977288832457e-10,1.0,1.0
1.9557643551274639e-10,1.0,1.0
1.9811564262830562e-10,1.0,1.0
2.0068781676649625e-10,1.0,1.0
2.0329338594462194e-10,1.0,1.0
2.059327837370164e-10,1.0,1.0
2.0860644934719611e-10,1.0,1.0
2.113148276809419e-10,1.0,1.0
2.1405836942033337e-10,1.0,1.0
2.1683753109874376e-10,1.0,1.0
2.196527751768083e-10,1.0,1.0
2.2250457011937917e-10,1.0,1.0
2.2539339047347936e-10,1.0,1.0
2.2831971694726858e-10,1.0,1.0
2.3128403649003475e-10,1.0,1.0
2.3428684237322353e-10,1.0,1.0
2.3732863427252026e-10,1.0,1.0
2.404099183509974e-10,1.0,1.0
2.4353120734334175e-10,1.0,1.0
2.466930206411746e-10,1.0,1.0
2.498958843794804e-10,1.0,1.0
2.5314033152415694e-10,1.0,1.0
2.564269019607026e-10,1.0,1.0
2.597561425840547e-10,1.0,1.0
2.6312860738959445e-10,1.0,1.0
2.665448575653336e-10,1.0,1.0
2.700054615852975e-10,1.0,1.0
2.735109953041211e-10,1.0,1.0
2.7706204205287245e-10,1.0,1.0
2.806591927361212e-10,1.0,1.0
2.843030459302665e-10,1.0,1.0
2.87994207983142e-10,1.0,1.0
2.917332931149139e-10,1.0,1.0
2.9552092352028877e-10,1.0,1.0
2.9935772947204904e-10,1.0,1.0
3.032443494259317e-10,1.0,1.0
3.0718143012686963e-10,1.0,1.0
3.111696267166116e-10,1.0,1.0
3.1520960284273973e-10,1.0,1.0
3.1930203076910273e-10,1.0,1.0
3.234475914876822e-10,1.0,1.0
3.276469748319118e-10,1.0,1.0
3.319008795914677e-10,1.0,1.0
3.362100136285491e-10,1.0,1.0
3.4057509399566857e-10,1.0,1.0
3.4499684705497157e-10,1.0,1.0
3.4947600859910555e-10,1.0,1.0
3.5401332397365774e-10,1.0,1.0
3.586095482011829e-10,1.0,1.0
3.632654461068413e-10,1.0,1.0
3.679817924456679e-10,1.0,1.0
3.727593720314938e-10,1.0,1.0
3.775989798675415e-10,1.0,1.0
3.8250142127871596e-10,1.0,1.0
3.874675120456128e-10,1.0,1.0
3.9249807854026674e-10,1.0,1.0
3.9759395786366217e-10,1.0,1.0
4.027559979850293e-10,1.0,1.0
4.079850578829489e-10,1.0,1.0
4.1328200768828843e-10,1.0,1.0
4.186477288289947e-10,1.0,1.0
4.2408311417676594e-10,1.0,1.0
4.2958906819562823e-10,1.0,1.0
4.3516650709244114e-10,1.0,1.0
4.4081635896935695e-10,1.0,1.0
4.465395639782598e-10,1.0,1.0
4.523370744772096e-10,1.0,1.0
4.5820985518891723e-10,1.0,1.0
4.6415888336127727e-10,1.0,1.0
4.701851489299847e-10,1.0,1.0
4.762896546832635e-10,1.0,1.0
4.824734164287349e-10,1.0,1.0
4.887374631624437e-10,1.0,1.0
4.950828372400973e-10,1.0,1.0
5.015105945505089e-10,1.0,1.0
5.080218046913033e-10,1.0,1.0
5.146175511469e-10,1.0,1.0
5.212989314688085e-10,1.0,1.0
5.280670574582648e-10,1.0,1.0
5.349230553512373e-10,1.0,1.0
5.418680660058365e-10,1.0,1.0
5.489032450921568e-10,1.0,1.0
5.560297632845836e-10,1.0,1.0
5.632488064565968e-10,1.0,1.0
5.705615758781032e-10,1.0,1.0
5.779692884153325e-10,1.0,1.0
5.854731767333262e-10,1.0,1.0
5.930744895010571e-10,1.0,1.0
6.007744915992118e-10,1.0,1.0
6.0857446433067e-10,1.0,1.0
6.164757056337174e-10,1.0,1.0
6.244795302980263e-10,1.0,1.0
6.325872701834407e-10,1.0,1.0
6.40800274441601e-10,1.0,1.0
6.491199097404475e-10,1.0,1.0
6.575475604916379e-10,1.0,1.0
6.660846290809168e-10,1.0,1.0
6.747325361014775e-10,1.0,1.0
6.834927205903524e-10,1.0,1.0
6.923666402678734e-10,1.0,1.0
7.013557717802405e-10,1.0,1.0
7.104616109452398e-10,1.0,1.0
7.196856730011529e-10,1.0,1.0
7.290294928588958e-10,1.0,1.0
7.384946253574336e-10,1.0,1.0
7.480826455225094e-10,1.0,1.0
7.577951488287339e-10,1.0,1.0
7.676337514650766e-10,1.0,1.0
7.776000906038044e-10,1.0,1.0
7.876958246729122e-10,1.0,1.0
7.979226336320898e-10,1.0,1.0
8.082822192522722e-10,1.0,1.0
8.187763053988195e-10,1.0,1.0
8.294066383183726e-10,1.0,1.0
8.401749869294344e-10,1.0,1.0
8.510831431167225e-10,1.0,1.0
8.621329220293445e-10,1.0,1.0
8.733261623828438e-10,1.0,1.0
8.84664726765167e-10,1.0,1.0
8.96150501946605e-10,1.0,1.0
9.077853991937557e-10,1.0,1.0
9.195713545875658e-10,1.0,1.0
9.31510329345499e-10,1.0,1.0
9.43604310147889e-10,1.0,1.0
9.558553094685293e-10,1.0,1.0
9.682653659095539e-10,1.0,1.0
9.808365445406671e-10,1.0,1.0
9.935709372427772e-10,1.0,1.0
1.0064706630560913e-09,1.0,1.0
1.0195378685327303e-09,1.0,1.0
1.0327747280939206e-09,1.0,1.0
1.0461834443918251e-09,1.0,1.0
1.0597662486760707e-09,1.0,1.0
1.0735254011650344e-09,1.0,1.0
1.0874631914219502e-09,1.0,1.0
1.1015819387358995e-09,1.0,1.0
1.115883992507748e-09,1.0,1.0
1.130371732641092e-09,1.0,1.0
1.1450475699382812e-09,1.0,1.0
1.1599139465015846e-09,1.0,1.0
1.1749733361395623e-09,1.0,1.0
1.1902282447787144e-09,1.0,1.0
1.2056812108804754e-09,1.0,1.0
1.221334805863621e-09,1.0,1.0
1.2371916345321594e-09,1.0,1.0
1.2532543355087795e-09,1.0,1.0
1.2695255816739239e-09,1.0,1.0
1.286008080610565e-09,1.0,1.0
1.302704575054755e-09,1.0,1.0
1.3196178433520243e-09,1.0,1.0
1.3367506999197064e-09,1.0,1.0
1.3541059957152662e-09,1.0,1.0
1.3716866187107065e-09,1.0,1.0
1.389495494373136e-09,1.0,1.0
1.4075355861515745e-09,1.0,1.0
1.4258098959700803e-09,1.0,1.0
1.444321464727279e-09,1.0,1.0
1.4630733728023776e-09,1.0,1.0
1.482068740567749e-09,1.0,1.0
1.5013107289081712e-09,1.0,1.0
1.520802539746807e-09,1.0,1.0
1.5405474165780139e-09,1.0,1.0
1.5605486450070718e-09,1.0,1.0
1.5808095532969156e-09,1.0,1.0
1.6013335129219696e-09,1.0,1.0
1.6221239391291696e-09,1.0,1.0
1.6431842915062704e-09,1.0,1.0
1.6645180745575317e-09,1.0,1.0
1.686128838286877e-09,1.0,1.0
1.708020178788625e-09,1.0,1.0
1.7301957388458909e-09,1.0,1.0
1.752659208536755e-09,1.0,1.0
1.775414325848303e-09,1.0,1.0
1.7984648772986389e-09,1.0,1.0
1.821814698566971e-09,1.0,1.0
1.8454676751318815e-09,1.0,1.0
1.8694277429178805e-09,1.0,1.0
1.893698888950356e-09,1.0,1.0
1.9182851520190276e-09,1.0,1.0
1.94319062335001e-09,1.0,1.0
1.9684194472866072e-09,1.0,1.0
1.993975821978944e-09,1.0,1.0
2.0198640000825565e-09,1.0,1.0
2.046088289466015e-09,1.0,1.0
2.0726530539278155e-09,1.0,1.0
2.0995627139224938e-09,1.0,1.0
2.1268217472962126e-09,1.0,1.0
2.1544346900318866e-09,1.0,1.0
2.1824061370039844e-09,1.0,1.0
2.210740742743128e-09,1.0,1.0
2.2394432222106213e-09,1.0,1.0
2.2685183515830324e-09,1.0,1.0
2.297970969046965e-09,1.0,1.0
2.327805975604145e-09,1.0,1.0
2.3580283358869623e-09,1.0,1.0
2.3886430789846004e-09,1.0,1.0
2.4196552992798913e-09,1.0,1.0
2.451070157297036e-09,1.0,1.0
2.48289288056033e-09,1.0,1.0
2.5151287644640394e-09,1.0,1.0
2.54778317315357e-09,1.0,1.0
2.580861540418077e-09,1.0,1.0
2.614369370594661e-09,1.0,1.0
2.6483122394843108e-09,1.0,1.0
2.6826957952797275e-09,1.0,1.0
2.717525759505204e-09,1.0,1.0
2.752807927968702e-09,1.0,1.0
2.7885481717262918e-09,1.0,1.0
2.824752438059112e-09,1.0,1.0
2.861426751463017e-09,1.0,1.0
2.898577214651068e-09,1.0,1.0
2.936210009569044e-09,1.0,1.0
2.974331398424135e-09,1.0,1.0
3.012947724726992e-09,1.0,1.0
3.0520654143473054e-09,1.0,1.0
3.091690976583089e-09,1.0,1.0
3.1318310052438447e-09,1.0,1.0
3.1724921797477946e-09,1.0,1.0
3.213681266233353e-09,1.0,1.0
3.255405118685032e-09,1.0,1.0
3.2976706800739673e-09,1.0,1.0
3.3404849835132444e-09,1.0,1.0
3.383855153428233e-09,1.0,1.0
3.4277884067421115e-09,1.0,1.0
3.4722920540767816e-09,1.0,1.0
3.51737350096938e-09,1.0,1.0
3.5630402491045813e-09,1.0,1.0
3.6092998975628988e-09,1.0,1.0
3.6561601440851937e-09,1.0,1.0
3.7036287863536036e-09,1.0,1.0
3.751713723289098e-09,1.0,1.0
3.800422956365882e-09,1.0,1.0
3.849764590942866e-09,1.0,1.0
3.89974683761242e-09,1.0,1.0
3.950378013566641e-09,1.0,1.0
4.0016665439813566e-09,1.0,1.0
4.053620963418102e-09,1.0,1.0
4.106249917244294e-09,1.0,1.0
4.1595621630718425e-09,1.0,1.0
4.21356657221445e-09,1.0,1.0
4.268272131163817e-09,1.0,1.0
4.323687943085024e-09,1.0,1.0
4.379823229331325e-09,1.0,1.0
4.436687330978607e-09,1.0,1.0
4.494289710379771e-09,1.0,1.0
4.552639952739298e-09,1.0,1.0
4.611747767708251e-09,1.0,1.0
4.671622990999996e-09,1.0,1.0
4.732275586026887e-09,1.0,1.0
4.793715645558229e-09,1.0,1.0
4.855953393399665e-09,1.0,1.0
4.918999186094567e-09,1.0,1.0
4.982863514647316e-09,1.0,1.0
5.047557006269053e-09,1.0,1.0
5.113090426146081e-09,1.0,1.0
5.179474679231223e-09,1.0,1.0
5.246720812058436e-09,1.0,1.0
5.314840014580988e-09,1.0,1.0
5.3838436220335e-09,1.0,1.0
5.453743116818161e-09,1.0,1.0
5.524550130415433e-09,1.0,1.0
5.596276445319564e-09,1.0,1.0
5.668933996999229e-09,1.0,1.0
5.742534875883629e-09,1.0,1.0
5.81709132937437e-09,1.0,1.0
5.892615763883469e-09,1.0,1.0
5.969120746897818e-09,1.0,1.0
6.046619009070448e-09,1.0,1.0
6.12512344633895e-09,1.0,1.0
6.204647122071393e-09,1.0,1.0
6.28520326924011e-09,1.0000000000000002,1.0
6.366805292623703e-09,1.0000000000000002,1.0
6.4494667710376335e-09,1.0000000000000002,1.0
6.533201459593783e-09,1.0000000000000002,1.0
6.618023291989341e-09,1.0000000000000002,1.0
6.70394638282541e-09,1.0000000000000002,1.0
6.790985029955721e-09,1.0000000000000002,1.0
6.879153716865837e-09,1.0000000000000002,1.0
6.968467115083248e-09,1.0000000000000002,1.0
7.058940086618753e-09,1.0000000000000002,1.0
7.1505876864395426e-09,1.0000000000000002,1.0
7.243425164974396e-09,1.0000000000000002,1.0
7.337467970651388e-09,1.0000000000000002,1.0
7.432731752468558e-09,1.0000000000000002,1.0
7.529232362597949e-09,1.0000000000000002,1.0
7.626985859023451e-09,1.0000000000000002,1.0
7.726008508212903e-09,1.0000000000000002,1.0
7.826316787824876e-09,1.0000000000000002,1.0
7.927927389450607e-09,1.0000000000000002,1.0
8.030857221391521e-09,1.0000000000000002,1.0
8.135123411472834e-09,1.0000000000000002,1.0
8.240743309893666e-09,1.0000000000000002,1.0
8.347734492114162e-09,1.0000000000000002,1.0
8.456114761780107e-09,1.0000000000000002,1.0
8.5659021536855e-09,1.0000000000000002,1.0
8.677114936773599e-09,1.0000000000000002,1.0
8.789771617176925e-09,1.0000000000000002,1.0
8.903890941296735e-09,1.0000000000000002,1.0
9.019491898922486e-09,1.0000000000000002,1.0
9.136593726391779e-09,1.0000000000000002,1.0
9.255215909791354e-09,1.0000000000000002,1.0
9.375378188199623e-09,1.0000000000000002,1.0
9.497100556971315e-09,1.0000000000000002,1.0
9.62040327106476e-09,1.0000000000000002,1.0
9.745306848412376e-09,1.0000000000000002,1.0
9.871832073334907e-09,1.0000000000000002,1.0
1e-08,1.0000000000000002,1.0
1.0129831955925681e-08,1.0000000000000002,1.0
1.026134954552931e-08,1.0000000000000002,1.0
1.0394574653722626e-08,1.0000000000000002,1.0
1.0529529449553457e-08,1.0000000000000002,1.0
1.0666236389894715e-08,1.0000000000000002,1.0
1.0804718223181286e-08,1.0000000000000004,1.0
1.0944997993195433e-08,1.0000000000000004,1.0
1.1087099042901354e-08,1.0000000000000004,1.0
1.1231045018329516e-08,1.0000000000000004,1.0
1.1376859872511425e-08,1.0000000000000004,1.0
1.152456786946548e-08,1.0000000000000004,1.0
1.1674193588234575e-08,1.0000000000000004,1.0
1.1825761926976128e-08,1.0000000000000004,1.0
1.1979298107105204e-08,1.0000000000000004,1.0
1.2134827677491432e-08,1.0000000000000004,1.0
1.2292376518710411e-08,1.0000000000000004,1.0
1.2451970847350318e-08,1.0000000000000004,1.0
1.2613637220374423e-08,1.0000000000000004,1.0
1.2777402539540241e-08,1.0000000000000004,1.0
1.2943294055876067e-08,1.0000000000000004,1.0
1.3111339374215657e-08,1.0000000000000004,1.0
1.3281566457791637e-08,1.0000000000000004,1.0
1.3454003632888837e-08,1.0000000000000004,1.0
1.3628679593557755e-08,1.0000000000000004,1.0
1.3805623406389355e-08,1.0000000000000004,1.0
1.3984864515351844e-08,1.0000000000000007,1.0
1.4166432746690221e-08,1.0000000000000007,1.0
1.4350358313889462e-08,1.0000000000000007,1.0
1.4536671822702123e-08,1.0000000000000007,1.0
1.4725404276241238e-08,1.0000000000000007,1.0
1.4916587080139317e-08,1.0000000000000007,1.0
1.5110252047774338e-08,1.0000000000000007,1.0
1.5306431405563594e-08,1.0000000000000007,1.0
1.5505157798326253e-08,1.0000000000000007,1.0
1.5706464294715556e-08,1.0000000000000007,1.0
1.5910384392721534e-08,1.0000000000000007,1.0
1.6116952025245178e-08,1.0000000000000007,1.0
1.6326201565744973e-08,1.0000000000000007,1.0
1.653816783395673e-08,1.0000000000000009,1.0
1.675288610168771e-08,1.0000000000000009,1.0
1.6970392098685934e-08,1.0000000000000009,1.0
1.7190722018585745e-08,1.0000000000000009,1.0
1.7413912524930512e-08,1.0000000000000009,1.0
1.7640000757273555e-08,1.0000000000000009,1.0
1.7869024337358284e-08,1.0000000000000009,1.0
1.8101021375378567e-08,1.0000000000000009,1.0
1.833603047632036e-08,1.0000000000000009,1.0
1.8574090746385717e-08,1.0000000000000009,1.0
1.8815241799500152e-08,1.000000000000001,1.0
1.9059523763904525e-08,1.000000000000001,1.0
1.9306977288832496e-08,1.000000000000001,1.0
1.955764355127468e-08,1.000000000000001,1.0
1.9811564262830604e-08,1.000000000000001,1.0
2.0068781676649665e-08,1.000000000000001,1.0
2.0329338594462153e-08,1.000000000000001,1.0
2.05932783737016e-08,1.000000000000001,1.0
2.0860644934719568e-08,1.0000000000000013,1.0
2.1131482768094146e-08,1.0000000000000013,1.0
2.1405836942033295e-08,1.0000000000000013,1.0
2.168375310987433e-08,1.0000000000000013,1.0
2.1965277517680786e-08,1.0000000000000013,1.0
2.225045701193787e-08,1.0000000000000013,1.0
2.2539339047347887e-08,1.0000000000000016,1.0
2.2831971694726814e-08,1.0000000000000016,1.0
2.312840364900343e-08,1.0000000000000016,1.0
2.3428684237322352e-08,1.0000000000000016,1.0
2.3732863427252025e-08,1.0000000000000016,1.0
2.4040991835099742e-08,1.0000000000000016,1.0
2.4353120734334173e-08,1.0000000000000018,1.0
2.466930206411746e-08,1.0000000000000018,1.0
2.498958843794804e-08,1.0000000000000018,1.0
2.5314033152415696e-08,1.0000000000000018,1.0
2.564269019607026e-08,1.0000000000000018,1.0
2.597561425840547e-08,1.000000000000002,1.0
2.6312860738959445e-08,1.000000000000002,1.0
2.665448575653336e-08,1.000000000000002,1.0
2.7000546158529752e-08,1.000000000000002,1.0
2.7351099530412107e-08,1.0000000000000022,1.0
2.7706204205287245e-08,1.0000000000000022,1.0
2.8065919273612118e-08,1.0000000000000022,1.0
2.843030459302665e-08,1.0000000000000022,1.0
2.8799420798314203e-08,1.0000000000000024,1.0
2.9173329311491388e-08,1.0000000000000024,1.0
2.955209235202888e-08,1.0000000000000024,1.0
2.99357729472049e-08,1.0000000000000027,1.0
3.032443494259317e-08,1.0000000000000027,1.0
3.0718143012686965e-08,1.0000000000000027,1.0
3.1116962671661156e-08,1.0000000000000027,1.0
3.1520960284273973e-08,1.0000000000000029,1.0
3.193020307691027e-08,1.0000000000000029,1.0
3.234475914876822e-08,1.0000000000000029,1.0
3.276469748319118e-08,1.000000000000003,1.0
3.319008795914677e-08,1.000000000000003,1.0
3.362100136285491e-08,1.0000000000000033,1.0
3.4057509399566854e-08,1.0000000000000033,1.0
3.449968470549716e-08,1.0000000000000033,1.0
3.4947600859910556e-08,1.0000000000000036,1.0
3.5401332397365774e-08,1.0000000000000036,1.0
3.586095482011829e-08,1.0000000000000038,1.0
3.632654461068413e-08,1.0000000000000038,1.0
3.679817924456679e-08,1.0000000000000038,1.0
3.7275937203149377e-08,1.000000000000004,1.0
3.7759897986754154e-08,1.000000000000004,1.0
3.8250142127871595e-08,1.0000000000000042,1.0
3.874675120456128e-08,1.0000000000000042,1.0
3.924980785402667e-08,1.0000000000000044,1.0
3.975939578636621e-08,1.0000000000000044,1.0
4.027559979850293e-08,1.0000000000000047,1.0
4.079850578829489e-08,1.0000000000000047,1.0
4.132820076882893e-08,1.0000000000000049,1.0
4.1864772882899556e-08,1.000000000000005,1.0
4.240831141767668e-08,1.000000000000005,1.0
4.295890681956291e-08,1.0000000000000053,1.0
4.3516650709244205e-08,1.0000000000000053,1.0
4.4081635896935784e-08,1.0000000000000056,1.0
4.4653956397826073e-08,1.0000000000000058,1.0
4.523370744772106e-08,1.0000000000000058,1.0
4.582098551889182e-08,1.000000000000006,1.0
4.641588833612782e-08,1.0000000000000062,1.0
4.701851489299856e-08,1.0000000000000064,1.0
4.7628965468326443e-08,1.0000000000000064,1.0
4.824734164287339e-08,1.0000000000000067,1.0
4.8873746316244274e-08,1.0000000000000069,1.0
4.950828372400962e-08,1.000000000000007,1.0
5.0151059455050795e-08,1.000000000000007,1.0
5.080218046913023e-08,1.0000000000000073,1.0
5.146175511468989e-08,1.0000000000000075,1.0
5.212989314688074e-08,1.0000000000000078,1.0
5.2806705745826367e-08,1.000000000000008,1.0
5.349230553512362e-08,1.0000000000000082,1.0
5.418680660058354e-08,1.0000000000000084,1.0
5.4890324509215576e-08,1.0000000000000087,1.0
5.560297632845825e-08,1.0000000000000089,1.0
5.632488064565956e-08,1.000000000000009,1.0
5.7056157587810205e-08,1.0000000000000093,1.0
5.779692884153313e-08,1.0000000000000095,1.0
5.8547317673332496e-08,1.0000000000000098,1.0
5.930744895010559e-08,1.00000000000001,1.0
6.007744915992105e-08,1.0000000000000104,1.0
6.085744643306687e-08,1.0000000000000107,1.0
6.16475705633716e-08,1.0000000000000109,1.0
6.24479530298025e-08,1.000000000000011,1.0
6.325872701834393e-08,1.0000000000000115,1.0
6.408002744415996e-08,1.0000000000000118,1.0
6.491199097404462e-08,1.000000000000012,1.0
6.575475604916366e-08,1.0000000000000124,1.0
6.660846290809155e-08,1.0000000000000127,1.0
6.747325361014761e-08,1.000000000000013,1.0
6.83492720590351e-08,1.0000000000000133,1.0
6.92366640267872e-08,1.0000000000000138,1.0
7.01355771780239e-08,1.000000000000014,1.0
7.104616109452384e-08,1.0000000000000144,1.0
7.196856730011513e-08,1.0000000000000149,1.0
7.290294928588944e-08,1.0000000000000153,1.0
7.384946253574336e-08,1.0000000000000155,1.0
7.480826455225093e-08,1.000000000000016,1.0
7.577951488287339e-08,1.0000000000000164,1.0
7.676337514650766e-08,1.0000000000000169,1.0
7.776000906038043e-08,1.0000000000000173,1.0
7.876958246729122e-08,1.0000000000000178,1.0
7.979226336320898e-08,1.0000000000000182,1.0
8.082822192522723e-08,1.0000000000000187,1.0
8.187763053988195e-08,1.000000000000019,1.0
8.294066383183727e-08,1.0000000000000198,1.0
8.401749869294344e-08,1.0000000000000202,1.0
8.510831431167226e-08,1.0000000000000207,1.0
8.621329220293445e-08,1.0000000000000213,1.0
8.733261623828437e-08,1.0000000000000218,1.0
8.84664726765167e-08,1.0000000000000224,1.0
8.96150501946605e-08,1.000000000000023,1.0
9.077853991937557e-08,1.0000000000000235,1.0
9.195713545875659e-08,1.0000000000000242,1.0
9.31510329345499e-08,1.0000000000000249,1.0
9.43604310147889e-08,1.0000000000000255,1.0
9.558553094685293e-08,1.0000000000000262,1.0
9.682653659095539e-08,1.0000000000000269,1.0
9.808365445406671e-08,1.0000000000000275,1.0
9.935709372427772e-08,1.0000000000000282,1.0
1.0064706630560913e-07,1.000000000000029,1.0
1.0195378685327302e-07,1.0000000000000298,1.0
1.0327747280939206e-07,1.0000000000000306,1.0
1.0461834443918251e-07,1.0000000000000313,1.0
1.0597662486760708e-07,1.0000000000000322,1.0
1.0735254011650343e-07,1.000000000000033,1.0
1.0874631914219501e-07,1.000000000000034,1.0
1.1015819387358996e-07,1.0000000000000346,1.0
1.1158839925077481e-07,1.0000000000000357,1.0
1.1303717326410919e-07,1.0000000000000366,1.0
1.1450475699382812e-07,1.0000000000000375,1.0
1.1599139465015847e-07,1.0000000000000384,1.0
1.1749733361395623e-07,1.0000000000000395,1.0
1.1902282447787144e-07,1.0000000000000406,1.0
1.2056812108804755e-07,1.0000000000000415,1.0
1.221334805863621e-07,1.0000000000000426,1.0
1.2371916345321594e-07,1.0000000000000437,1.0
1.2532543355087794e-07,1.000000000000045,1.0
1.269525581673924e-07,1.0000000000000462,1.0
1.286008080610565e-07,1.0000000000000473,1.0
1.3027045750547578e-07,1.0000000000000486,1.0
1.3196178433520269e-07,1.00000000000005,1.0
1.3367506999197092e-07,1.000000000000051,1.0
1.354105995715269e-07,1.0000000000000524,1.0
1.3716866187107094e-07,1.000000000000054,1.0
1.389495494373139e-07,1.0000000000000553,1.0
1.4075355861515773e-07,1.0000000000000566,1.0
1.4258098959700831e-07,1.0000000000000582,1.0
1.444321464727282e-07,1.0000000000000597,1.0
1.4630733728023806e-07,1.0000000000000613,1.0
1.482068740567752e-07,1.0000000000000628,1.0
1.5013107289081744e-07,1.0000000000000646,1.0
1.52080253974681e-07,1.0000000000000662,1.0
1.540547416578017e-07,1.000000000000068,1.0
1.560548645007075e-07,1.0000000000000697,1.0
1.5808095532969187e-07,1.0000000000000715,1.0
1.6013335129219727e-07,1.0000000000000735,1.0
1.6221239391291728e-07,1.0000000000000753,1.0
1.643184291506274e-07,1.0000000000000773,1.0
1.6645180745575352e-07,1.0000000000000793,1.0
1.6861288382868804e-07,1.0000000000000815,1.0
1.7080201787886286e-07,1.0000000000000835,1.0
1.7301957388458944e-07,1.0000000000000857,1.0
1.7526592085367583e-07,1.000000000000088,1.0
1.7754143258483066e-07,1.0000000000000902,1.0
1.7984648772986426e-07,1.0000000000000926,1.0
1.8218146985669748e-07,1.000000000000095,1.0
1.845467675131885e-07,1.0000000000000975,1.0
1.8694277429178843e-07,1.0000000000001001,1.0
1.8936988889503602e-07,1.0000000000001026,1.0
1.9182851520190317e-07,1.0000000000001055,1.0
1.943190623350014e-07,1.0000000000001081,1.0
1.9684194472866112e-07,1.000000000000111,1.0
1.993975821978948e-07,1.000000000000114,1.0
2.0198640000825525e-07,1.0000000000001168,1.0
2.046088289466011e-07,1.00000000000012,1.0
2.0726530539278113e-07,1.000000000000123,1.0
2.0995627139224895e-07,1.0000000000001261,1.0
2.1268217472962083e-07,1.0000000000001295,1.0
2.1544346900318822e-07,1.000000000000133,1.0
2.18240613700398e-07,1.0000000000001363,1.0
2.2107407427431235e-07,1.0000000000001399,1.0
2.2394432222106166e-07,1.0000000000001437,1.0
2.268518351583028e-07,1.0000000000001474,1.0
2.2979709690469605e-07,1.0000000000001512,1.0
2.327805975604145e-07,1.0000000000001552,1.0
2.3580283358869622e-07,1.0000000000001592,1.0
2.3886430789846004e-07,1.0000000000001634,1.0
2.4196552992798915e-07,1.0000000000001676,1.0
2.451070157297036e-07,1.000000000000172,1.0
2.48289288056033e-07,1.0000000000001765,1.0
2.5151287644640395e-07,1.0000000000001812,1.0
2.5477831731535703e-07,1.0000000000001859,1.0
2.5808615404180767e-07,1.0000000000001907,1.0
2.614369370594661e-07,1.0000000000001956,1.0
2.6483122394843106e-07,1.0000000000002007,1.0
2.6826957952797275e-07,1.000000000000206,1.0
2.7175257595052037e-07,1.0000000000002114,1.0
2.752807927968702e-07,1.000000000000217,1.0
2.7885481717262917e-07,1.0000000000002227,1.0
2.824752438059112e-07,1.0000000000002285,1.0
2.861426751463017e-07,1.0000000000002345,1.0
2.898577214651068e-07,1.0000000000002405,1.0
2.936210009569044e-07,1.000000000000247,1.0
2.974331398424135e-07,1.0000000000002534,1.0
3.012947724726992e-07,1.00000000000026,1.0
3.052065414347305e-07,1.0000000000002667,1.0
3.091690976583089e-07,1.0000000000002738,1.0
3.1318310052438446e-07,1.0000000000002809,1.0
3.1724921797477947e-07,1.0000000000002882,1.0
3.2136812662333525e-07,1.0000000000002958,1.0
3.255405118685032e-07,1.0000000000003035,1.0
3.297670680073967e-07,1.0000000000003113,1.0
3.3404849835132445e-07,1.0000000000003195,1.0
3.3838551534282333e-07,1.000000000000328,1.0
3.4277884067421115e-07,1.0000000000003364,1.0
3.4722920540767817e-07,1.0000000000003453,1.0
3.51737350096938e-07,1.0000000000003542,1.0
3.5630402491045816e-07,1.0000000000003635,1.0
3.609299897562899e-07,1.000000000000373,1.0
3.6561601440851934e-07,1.0000000000003828,1.0
3.7036287863536037e-07,1.0000000000003928,1.0
3.7517137232890977e-07,1.000000000000403,1.0
3.8004229563658816e-07,1.0000000000004137,1.0
3.849764590942866e-07,1.0000000000004243,1.0
3.89974683761242e-07,1.0000000000004354,1.0
3.9503780135666407e-07,1.0000000000004468,1.0
4.0016665439813566e-07,1.0000000000004585,1.0
4.0536209634181025e-07,1.0000000000004705,1.0
4.1062499172443023e-07,1.0000000000004827,1.0
4.1595621630718514e-07,1.0000000000004954,1.0
4.2135665722144586e-07,1.0000000000005085,1.0
4.2682721311638256e-07,1.0000000000005216,1.0
4.323687943085033e-07,1.0000000000005353,1.0
4.379823229331334e-07,1.0000000000005493,1.0
4.436687330978616e-07,1.0000000000005635,1.0
4.49428971037978e-07,1.0000000000005784,1.0
4.5526399527393067e-07,1.0000000000005935,1.0
4.611747767708261e-07,1.000000000000609,1.0
4.6716229910000064e-07,1.0000000000006248,1.0
4.732275586026897e-07,1.0000000000006413,1.0
4.793715645558218e-07,1.000000000000658,1.0
4.855953393399654e-07,1.0000000000006752,1.0
4.918999186094557e-07,1.0000000000006928,1.0
4.982863514647306e-07,1.000000000000711,1.0
5.047557006269043e-07,1.0000000000007296,1.0
5.113090426146071e-07,1.0000000000007485,1.0
5.179474679231213e-07,1.000000000000768,1.0
5.246720812058425e-07,1.0000000000007883,1.0
5.314840014580978e-07,1.000000000000809,1.0
5.383843622033489e-07,1.00000000000083,1.0
5.45374311681815e-07,1.0000000000008518,1.0
5.524550130415422e-07,1.000000000000874,1.0
5.596276445319552e-07,1.0000000000008968,1.0
5.668933996999218e-07,1.0000000000009202,1.0
5.742534875883617e-07,1.0000000000009444,1.0
5.817091329374358e-07,1.000000000000969,1.0
5.892615763883456e-07,1.0000000000009943,1.0
5.969120746897806e-07,1.0000000000010203,1.0
6.046619009070435e-07,1.000000000001047,1.0
6.125123446338937e-07,1.0000000000010743,1.0
6.20464712207138e-07,1.0000000000011022,1.0
6.285203269240098e-07,1.000000000001131,1.0
6.36680529262369e-07,1.0000000000011606,1.0
6.44946677103762e-07,1.000000000001191,1.0
6.53320145959377e-07,1.0000000000012221,1.0
6.618023291989327e-07,1.000000000001254,1.0
6.703946382825396e-07,1.000000000001287,1.0
6.790985029955707e-07,1.0000000000013205,1.0
6.879153716865823e-07,1.0000000000013551,1.0
6.968467115083234e-07,1.0000000000013904,1.0
7.058940086618738e-07,1.0000000000014269,1.0
7.150587686439529e-07,1.0000000000014642,1.0
7.243425164974382e-07,1.0000000000015024,1.0
7.337467970651388e-07,1.0000000000015417,1.0
7.432731752468558e-07,1.0000000000015818,1.0
7.529232362597949e-07,1.0000000000016231,1.0
7.626985859023451e-07,1.0000000000016656,1.0
7.726008508212904e-07,1.0000000000017093,1.0
7.826316787824876e-07,1.000000000001754,1.0
7.927927389450606e-07,1.0000000000017997,1.0
8.03085722139152e-07,1.0000000000018467,1.0
8.135123411472835e-07,1.000000000001895,1.0
8.240743309893666e-07,1.0000000000019444,1.0
8.347734492114162e-07,1.0000000000019953,1.0
8.456114761780107e-07,1.0000000000020475,1.0
8.5659021536855e-07,1.000000000002101,1.0
8.677114936773598e-07,1.0000000000021558,1.0
8.789771617176924e-07,1.0000000000022122,1.0
8.903890941296736e-07,1.0000000000022702,1.0
9.019491898922485e-07,1.0000000000023295,1.0
9.136593726391779e-07,1.0000000000023903,1.0
9.255215909791354e-07,1.0000000000024527,1.0
9.375378188199623e-07,1.0000000000025169,1.0
9.497100556971314e-07,1.0000000000025826,1.0
9.62040327106476e-07,1.00000000000265,1.0
9.745306848412376e-07,1.0000000000027194,1.0
9.871832073334907e-07,1.0000000000027904,1.0
1e-06,1.0000000000028635,1.0
1.012983195592568e-06,1.0000000000029383,1.0
1.026134954552931e-06,1.000000000003015,1.0
1.0394574653722626e-06,1.0000000000030937,1.0
1.0529529449553457e-06,1.0000000000031746,1.0
1.0666236389894716e-06,1.0000000000032576,1.0
1.0804718223181286e-06,1.0000000000033429,1.0
1.0944997993195433e-06,1.0000000000034301,1.0
1.1087099042901353e-06,1.0000000000035199,1.0
1.1231045018329517e-06,1.0000000000036118,1.0
1.1376859872511425e-06,1.0000000000037061,1.0
1.152456786946548e-06,1.000000000003803,1.0
1.1674193588234574e-06,1.0000000000039024,1.0
1.1825761926976129e-06,1.0000000000040044,1.0
1.1979298107105204e-06,1.0000000000041092,1.0
1.2134827677491432e-06,1.0000000000042164,1.0
1.2292376518710412e-06,1.0000000000043268,1.0
1.2451970847350319e-06,1.0000000000044398,1.0
1.2613637220374423e-06,1.0000000000045557,1.0
1.277740253954024e-06,1.000000000004675,1.0
1.2943294055876095e-06,1.000000000004797,1.0
1.3111339374215658e-06,1.0000000000049223,1.0
1.3281566457791638e-06,1.000000000005051,1.0
1.3454003632888838e-06,1.000000000005183,1.0
1.3628679593557755e-06,1.0000000000053184,1.0
1.3805623406389355e-06,1.0000000000054574,1.0
1.3984864515351843e-06,1.0000000000056002,1.0
1.4166432746690222e-06,1.0000000000057465,1.0
1.4350358313889462e-06,1.0000000000058966,1.0
1.4536671822702123e-06,1.0000000000060507,1.0
1.4725404276241238e-06,1.0000000000062088,1.0
1.4916587080139316e-06,1.0000000000063711,1.0
1.511025204777434e-06,1.0000000000065377,1.0
1.5306431405563594e-06,1.0000000000067086,1.0
1.5505157798326253e-06,1.0000000000068838,1.0
1.5706464294715555e-06,1.0000000000070637,1.0
1.5910384392721533e-06,1.0000000000072484,1.0
1.6116952025245179e-06,1.0000000000074378,1.0
1.6326201565744972e-06,1.0000000000076321,1.0
1.6538167833956732e-06,1.0000000000078317,1.0
1.675288610168771e-06,1.0000000000080365,1.0
1.6970392098685936e-06,1.0000000000082463,1.0
1.7190722018585747e-06,1.000000000008462,1.0
1.741391252493051e-06,1.000000000008683,1.0
1.7640000757273554e-06,1.00000000000891,1.0
1.7869024337358286e-06,1.000000000009143,1.0
1.8101021375378567e-06,1.0000000000093818,1.0
1.8336030476320361e-06,1.000000000009627,1.0
1.8574090746385719e-06,1.0000000000098785,1.0
1.8815241799500153e-06,1.0000000000101368,1.0
1.9059523763904524e-06,1.0000000000104017,1.0
1.9306977288832498e-06,1.0000000000106735,1.0
1.955764355127468e-06,1.0000000000109526,1.0
1.9811564262830605e-06,1.0000000000112388,1.0
2.0068781676649665e-06,1.0000000000115326,1.0
2.0329338594462154e-06,1.0000000000118339,1.0
2.0593278373701597e-06,1.0000000000121432,1.0
2.0860644934719567e-06,1.0000000000124605,1.0
2.1131482768094145e-06,1.0000000000127862,1.0
2.1405836942033292e-06,1.0000000000131204,1.0
2.168375310987433e-06,1.0000000000134632,1.0
2.1965277517680785e-06,1.0000000000138152,1.0
2.225045701193787e-06,1.0000000000141762,1.0
2.2539339047347887e-06,1.0000000000145466,1.0
2.2831971694726815e-06,1.0000000000149267,1.0
2.3128403649003477e-06,1.0000000000153169,1.0
2.3428684237322354e-06,1.0000000000157172,1.0
2.3732863427252025e-06,1.000000000016128,1.0
2.404099183509974e-06,1.0000000000165494,1.0
2.4353120734334173e-06,1.000000000016982,1.0
2.466930206411746e-06,1.0000000000174258,1.0
2.498958843794804e-06,1.0000000000178813,1.0
2.5314033152415694e-06,1.0000000000183487,1.0
2.5642690196070263e-06,1.000000000018828,1.0
2.597561425840547e-06,1.0000000000193203,1.0
2.6312860738959448e-06,1.0000000000198253,1.0
2.665448575653336e-06,1.0000000000203433,1.0
2.7000546158529753e-06,1.0000000000208749,1.0
2.7351099530412106e-06,1.0000000000214204,1.0
2.7706204205287245e-06,1.0000000000219804,1.0
2.806591927361212e-06,1.0000000000225548,1.0
2.843030459302665e-06,1.0000000000231444,1.0
2.87994207983142e-06,1.0000000000237492,1.0
2.917332931149139e-06,1.0000000000243698,1.0
2.955209235202888e-06,1.0000000000250067,1.0
2.9935772947204905e-06,1.0000000000256604,1.0
3.0324434942593174e-06,1.000000000026331,1.0
3.0718143012686967e-06,1.000000000027019,1.0
3.1116962671661158e-06,1.0000000000277252,1.0
3.1520960284273974e-06,1.00000000002845,1.0
3.193020307691027e-06,1.0000000000291933,1.0
3.2344759148768216e-06,1.0000000000299563,1.0
3.276469748319118e-06,1.0000000000307392,1.0
3.319008795914677e-06,1.0000000000315425,1.0
3.3621001362854912e-06,1.000000000032367,1.0
3.4057509399566857e-06,1.0000000000332128,1.0
3.4499684705497157e-06,1.000000000034081,1.0
3.4947600859910556e-06,1.0000000000349716,1.0
3.540133239736577e-06,1.0000000000358855,1.0
3.586095482011829e-06,1.0000000000368234,1.0
3.632654461068413e-06,1.0000000000377858,1.0
3.679817924456679e-06,1.0000000000387732,1.0
3.727593720314938e-06,1.0000000000397866,1.0
3.775989798675415e-06,1.0000000000408265,1.0
3.82501421278716e-06,1.0000000000418934,1.0
3.874675120456128e-06,1.0000000000429883,1.0
3.924980785402667e-06,1.0000000000441118,1.0
3.975939578636621e-06,1.0000000000452647,1.0
4.027559979850293e-06,1.0000000000464477,1.0
4.0798505788294974e-06,1.0000000000476617,1.0
4.132820076882893e-06,1.0000000000489073,1.0
4.186477288289956e-06,1.0000000000501854,1.0
4.240831141767668e-06,1.000000000051497,1.0
4.295890681956291e-06,1.0000000000528428,1.0
4.35166507092442e-06,1.000000000054224,1.0
4.408163589693579e-06,1.000000000055641,1.0
4.465395639782607e-06,1.0000000000570952,1.0
4.523370744772106e-06,1.0000000000585874,1.0
4.582098551889182e-06,1.0000000000601186,1.0
4.641588833612782e-06,1.0000000000616898,1.0
4.701851489299857e-06,1.000000000063302,1.0
4.762896546832644e-06,1.0000000000649565,1.0
4.824734164287339e-06,1.000000000066654,1.0
4.887374631624427e-06,1.000000000068396,1.0
4.950828372400963e-06,1.0000000000701836,1.0
5.015105945505079e-06,1.0000000000720177,1.0
5.0802180469130224e-06,1.0000000000739,1.0
5.146175511468988e-06,1.0000000000758313,1.0
5.212989314688074e-06,1.0000000000778133,1.0
5.280670574582637e-06,1.0000000000798468,1.0
5.349230553512362e-06,1.0000000000819336,1.0
5.418680660058354e-06,1.000000000084075,1.0
5.4890324509215575e-06,1.0000000000862723,1.0
5.560297632845825e-06,1.000000000088527,1.0
5.632488064565956e-06,1.0000000000908407,1.0
5.705615758781021e-06,1.0000000000932148,1.0
5.779692884153313e-06,1.0000000000956508,1.0
5.85473176733325e-06,1.0000000000981508,1.0
5.930744895010559e-06,1.0000000001007159,1.0
6.007744915992105e-06,1.000000000103348,1.0
6.085744643306687e-06,1.0000000001060492,1.0
6.164757056337161e-06,1.0000000001088207,1.0
6.24479530298025e-06,1.0000000001116647,1.0
6.325872701834393e-06,1.000000000114583,1.0
6.408002744415996e-06,1.0000000001175777,1.0
6.491199097404462e-06,1.0000000001206506,1.0
6.575475604916365e-06,1.0000000001238036,1.0
6.660846290809154e-06,1.0000000001270393,1.0
6.747325361014761e-06,1.0000000001303595,1.0
6.8349272059035104e-06,1.0000000001337663,1.0
6.92366640267872e-06,1.0000000001372624,1.0
7.01355771780239e-06,1.0000000001408498,1.0
7.104616109452384e-06,1.0000000001445308,1.0
7.196856730011514e-06,1.000000000148308,1.0
7.290294928588958e-06,1.000000000152184,1.0
7.384946253574335e-06,1.0000000001561615,1.0
7.4808264552250935e-06,1.0000000001602427,1.0000000000000002
7.5779514882873385e-06,1.0000000001644307,1.0000000000000002
7.676337514650765e-06,1.000000000168728,1.0000000000000002
7.776000906038043e-06,1.0000000001731377,1.0000000000000002
7.876958246729121e-06,1.0000000001776626,1.0000000000000002
7.979226336320899e-06,1.0000000001823057,1.0000000000000002
8.082822192522723e-06,1.0000000001870704,1.0000000000000002
8.187763053988195e-06,1.0000000001919593,1.0000000000000002
8.294066383183725e-06,1.0000000001969762,1.0000000000000002
8.401749869294344e-06,1.0000000002021243,1.0000000000000002
8.510831431167226e-06,1.0000000002074068,1.0000000000000002
8.621329220293445e-06,1.0000000002128273,1.0000000000000002
8.733261623828437e-06,1.0000000002183895,1.0000000000000002
8.84664726765167e-06,1.000000000224097,1.0000000000000002
8.96150501946605e-06,1.0000000002299538,1.0000000000000002
9.077853991937558e-06,1.0000000002359637,1.0000000000000002
9.195713545875658e-06,1.0000000002421305,1.0000000000000002
9.31510329345499e-06,1.0000000002484586,1.0000000000000002
9.43604310147889e-06,1.000000000254952,1.0000000000000002
9.558553094685293e-06,1.0000000002616152,1.0000000000000002
9.68265365909554e-06,1.0000000002684524,1.0000000000000002
9.808365445406671e-06,1.0000000002754683,1.0000000000000002
9.935709372427771e-06,1.0000000002826677,1.0000000000000002
1.0064706630560913e-05,1.000000000290055,1.0000000000000002
1.0195378685327302e-05,1.0000000002976357,1.0000000000000002
1.0327747280939205e-05,1.0000000003054144,1.0000000000000002
1.0461834443918252e-05,1.0000000003133964,1.0000000000000002
1.0597662486760708e-05,1.000000000321587,1.0000000000000002
1.0735254011650343e-05,1.0000000003299916,1.0000000000000004
1.0874631914219501e-05,1.0000000003386158,1.0000000000000004
1.1015819387358996e-05,1.0000000003474656,1.0000000000000004
1.1158839925077481e-05,1.0000000003565466,1.0000000000000004
1.1303717326410919e-05,1.0000000003658647,1.0000000000000004
1.1450475699382812e-05,1.0000000003754266,1.0000000000000004
1.1599139465015847e-05,1.0000000003852383,1.0000000000000004
1.1749733361395622e-05,1.0000000003953065,1.0000000000000004
1.1902282447787144e-05,1.0000000004056377,1.0000000000000004
1.2056812108804754e-05,1.000000000416239,1.0000000000000004
1.221334805863621e-05,1.0000000004271175,1.0000000000000004
1.2371916345321595e-05,1.00000000043828,1.0000000000000004
1.2532543355087794e-05,1.0000000004497345,1.0000000000000004
1.2695255816739238e-05,1.0000000004614882,1.0000000000000004
1.2860080806105677e-05,1.000000000473549,1.0000000000000007
1.3027045750547577e-05,1.000000000485925,1.0000000000000007
1.3196178433520269e-05,1.0000000004986247,1.0000000000000007
1.3367506999197092e-05,1.0000000005116563,1.0000000000000007
1.354105995715269e-05,1.0000000005250282,1.0000000000000007
1.3716866187107094e-05,1.0000000005387497,1.0000000000000007
1.3894954943731388e-05,1.00000000055283,1.0000000000000007
1.4075355861515773e-05,1.000000000567278,1.0000000000000007
1.4258098959700833e-05,1.0000000005821037,1.0000000000000009
1.444321464727282e-05,1.0000000005973169,1.0000000000000009
1.4630733728023806e-05,1.0000000006129277,1.0000000000000009
1.482068740567752e-05,1.0000000006289465,1.0000000000000009
1.5013107289081743e-05,1.000000000645384,1.0000000000000009
1.52080253974681e-05,1.000000000662251,1.0000000000000009
1.540547416578017e-05,1.0000000006795586,1.0000000000000009
1.560548645007075e-05,1.0000000006973189,1.000000000000001
1.580809553296919e-05,1.0000000007155432,1.000000000000001
1.6013335129219728e-05,1.0000000007342438,1.000000000000001
1.622123939129173e-05,1.000000000753433,1.000000000000001
1.643184291506274e-05,1.0000000007731238,1.000000000000001
1.664518074557535e-05,1.0000000007933294,1.0000000000000013
1.6861288382868804e-05,1.0000000008140628,1.0000000000000013
1.7080201787886285e-05,1.0000000008353382,1.0000000000000013
1.7301957388458942e-05,1.0000000008571697,1.0000000000000013
1.7526592085367583e-05,1.0000000008795715,1.0000000000000016
1.7754143258483065e-05,1.000000000902559,1.0000000000000016
1.7984648772986427e-05,1.0000000009261472,1.0000000000000016
1.8218146985669747e-05,1.0000000009503518,1.0000000000000016
1.8454676751318853e-05,1.000000000975189,1.0000000000000018
1.8694277429178843e-05,1.0000000010006753,1.0000000000000018
1.89369888895036e-05,1.000000001026828,1.0000000000000018
1.9182851520190317e-05,1.0000000010536638,1.000000000000002
1.943190623350014e-05,1.0000000010812011,1.000000000000002
1.968419447286611e-05,1.000000001109458,1.000000000000002
1.993975821978948e-05,1.0000000011384536,1.0000000000000022
2.0198640000825525e-05,1.0000000011682066,1.0000000000000022
2.046088289466011e-05,1.0000000011987376,1.0000000000000022
2.0726530539278113e-05,1.0000000012300663,1.0000000000000024
2.0995627139224895e-05,1.0000000012622137,1.0000000000000024
2.1268217472962084e-05,1.0000000012952015,1.0000000000000027
2.1544346900318823e-05,1.000000001329051,1.0000000000000027
2.18240613700398e-05,1.0000000013637855,1.0000000000000029
2.2107407427431233e-05,1.000000001399428,1.0000000000000029
2.2394432222106165e-05,1.0000000014360015,1.000000000000003
2.268518351583028e-05,1.000000001473531,1.000000000000003
2.297970969046965e-05,1.0000000015120414,1.0000000000000033
2.327805975604145e-05,1.0000000015515582,1.0000000000000033
2.3580283358869624e-05,1.0000000015921078,1.0000000000000036
2.3886430789846003e-05,1.0000000016337172,1.0000000000000038
2.4196552992798915e-05,1.000000001676414,1.0000000000000038
2.451070157297036e-05,1.0000000017202266,1.000000000000004
2.48289288056033e-05,1.0000000017651842,1.0000000000000042
2.5151287644640396e-05,1.0000000018113169,1.0000000000000042
2.5477831731535702e-05,1.0000000018586552,1.0000000000000044
2.5808615404180768e-05,1.0000000019072306,1.0000000000000047
2.6143693705946612e-05,1.0000000019570756,1.0000000000000049
2.6483122394843105e-05,1.0000000020082231,1.000000000000005
2.6826957952797274e-05,1.0000000020607076,1.000000000000005
2.717525759505204e-05,1.0000000021145636,1.0000000000000053
2.752807927968702e-05,1.0000000021698272,1.0000000000000056
2.7885481717262916e-05,1.000000002226535,1.0000000000000058
2.8247524380591123e-05,1.0000000022847246,1.000000000000006
2.8614267514630172e-05,1.0000000023444353,1.0000000000000062
2.8985772146510682e-05,1.0000000024057065,1.0000000000000067
2.9362100095690438e-05,1.000000002468579,1.0000000000000069
2.974331398424135e-05,1.0000000025330944,1.000000000000007
3.012947724726992e-05,1.0000000025992961,1.0000000000000073
3.052065414347305e-05,1.0000000026672278,1.0000000000000075
3.091690976583089e-05,1.000000002736935,1.000000000000008
3.131831005243845e-05,1.000000002808464,1.0000000000000082
3.1724921797477945e-05,1.0000000028818623,1.0000000000000087
3.213681266233353e-05,1.0000000029571787,1.0000000000000089
3.255405118685032e-05,1.0000000030344636,1.0000000000000093
3.297670680073967e-05,1.0000000031137684,1.0000000000000095
3.340484983513244e-05,1.0000000031951457,1.00000000000001
3.383855153428233e-05,1.0000000032786496,1.0000000000000104
3.4277884067421114e-05,1.000000003364336,1.0000000000000109
3.4722920540767816e-05,1.0000000034522618,1.0000000000000113
3.5173735009693805e-05,1.0000000035424854,1.0000000000000118
3.563040249104581e-05,1.000000003635067,1.0000000000000122
3.6092998975628984e-05,1.0000000037300683,1.0000000000000127
3.656160144085193e-05,1.000000003827552,1.000000000000013
3.703628786353604e-05,1.0000000039275838,1.0000000000000138
3.751713723289098e-05,1.0000000040302297,1.0000000000000142
3.800422956365882e-05,1.0000000041355583,1.0000000000000149
3.849764590942866e-05,1.0000000042436394,1.0000000000000153
3.89974683761242e-05,1.0000000043545454,1.000000000000016
3.9503780135666406e-05,1.0000000044683497,1.0000000000000167
4.001666543981357e-05,1.0000000045851283,1.0000000000000173
4.053620963418111e-05,1.0000000047049586,1.000000000000018
4.1062499172443026e-05,1.000000004827921,1.0000000000000187
4.1595621630718516e-05,1.0000000049540967,1.0000000000000193
4.213566572214459e-05,1.0000000050835698,1.0000000000000202
4.2682721311638256e-05,1.0000000052164268,1.0000000000000209
4.323687943085033e-05,1.000000005352756,1.0000000000000218
4.379823229331334e-05,1.000000005492648,1.0000000000000226
4.4366873309786156e-05,1.000000005636196,1.0000000000000235
4.49428971037978e-05,1.0000000057834955,1.0000000000000244
4.5526399527393066e-05,1.0000000059346446,1.0000000000000253
4.611747767708261e-05,1.0000000060897438,1.0000000000000264
4.671622991000006e-05,1.0000000062488965,1.0000000000000275
4.732275586026897e-05,1.0000000064122085,1.0000000000000286
4.7937156455582185e-05,1.0000000065797885,1.0000000000000298
4.855953393399655e-05,1.0000000067517483,1.0000000000000309
4.918999186094557e-05,1.000000006928202,1.000000000000032
4.982863514647306e-05,1.0000000071092672,1.0000000000000333
5.0475570062690426e-05,1.0000000072950643,1.0000000000000346
5.1130904261460714e-05,1.0000000074857174,1.000000000000036
5.1794746792312125e-05,1.0000000076813527,1.0000000000000375
5.2467208120584254e-05,1.000000007882101,1.0000000000000389
5.314840014580977e-05,1.0000000080880957,1.0000000000000404
5.3838436220334894e-05,1.000000008299474,1.000000000000042
5.45374311681815e-05,1.0000000085163763,1.0000000000000437
5.524550130415422e-05,1.0000000087389473,1.0000000000000453
5.5962764453195526e-05,1.000000008967335,1.0000000000000473
5.668933996999218e-05,1.0000000092016914,1.000000000000049
5.7425348758836175e-05,1.0000000094421726,1.000000000000051
5.817091329374358e-05,1.0000000096889385,1.000000000000053
5.892615763883457e-05,1.0000000099421535,1.000000000000055
5.9691207468978054e-05,1.000000010201986,1.0000000000000573
6.0466190090704354e-05,1.000000010468609,1.0000000000000595
6.125123446338936e-05,1.0000000107422,1.000000000000062
6.20464712207138e-05,1.0000000110229412,1.0000000000000644
6.285203269240097e-05,1.000000011311019,1.0000000000000668
6.36680529262369e-05,1.0000000116066259,1.0000000000000695
6.44946677103762e-05,1.000000011909958,1.0000000000000722
6.53320145959377e-05,1.0000000122212171,1.000000000000075
6.618023291989327e-05,1.000000012540611,1.0000000000000782
6.703946382825396e-05,1.000000012868352,1.000000000000081
6.790985029955707e-05,1.0000000132046583,1.0000000000000844
6.879153716865824e-05,1.0000000135497533,1.0000000000000877
6.968467115083234e-05,1.0000000139038672,1.000000000000091
7.058940086618738e-05,1.0000000142672356,1.0000000000000948
7.150587686439529e-05,1.0000000146401002,1.0000000000000984
7.243425164974396e-05,1.0000000150227093,1.0000000000001024
7.337467970651388e-05,1.0000000154153175,1.0000000000001064
7.432731752468559e-05,1.0000000158181859,1.0000000000001106
7.529232362597949e-05,1.0000000162315832,1.000000000000115
7.626985859023451e-05,1.0000000166557839,1.0000000000001195
7.726008508212903e-05,1.0000000170910708,1.0000000000001241
7.826316787824877e-05,1.0000000175377335,1.000000000000129
7.927927389450606e-05,1.000000017996069,1.0000000000001341
8.030857221391521e-05,1.0000000184663829,1.0000000000001394
8.135123411472834e-05,1.0000000189489877,1.000000000000145
8.240743309893665e-05,1.0000000194442051,1.0000000000001508
8.347734492114162e-05,1.0000000199523642,1.0000000000001565
8.456114761780107e-05,1.0000000204738035,1.0000000000001628
8.5659021536855e-05,1.0000000210088702,1.0000000000001692
8.677114936773598e-05,1.0000000215579201,1.0000000000001759
8.789771617176924e-05,1.0000000221213186,1.000000000000183
8.903890941296735e-05,1.000000022699441,1.00000000000019
9.019491898922486e-05,1.000000023292672,1.0000000000001976
9.13659372639178e-05,1.0000000239014062,1.0000000000002054
9.255215909791353e-05,1.000000024526049,1.0000000000002134
9.375378188199622e-05,1.000000025167016,1.0000000000002218
9.497100556971314e-05,1.000000025824734,1.0000000000002307
9.62040327106476e-05,1.0000000264996403,1.0000000000002398
9.745306848412376e-05,1.0000000271921845,1.0000000000002491
9.871832073334906e-05,1.0000000279028276,1.0000000000002591
0.0001,1.0000000286320423,1.0000000000002693
0.0001012983195592568,1.000000029380314,1.00000000000028
0.0001026134954552931,1.0000000301481407,1.0000000000002909
0.00010394574653722626,1.0000000309360335,1.0000000000003024
0.00010529529449553457,1.0000000317445168,1.0000000000003144
0.00010666236389894715,1.0000000325741285,1.0000000000003268
0.00010804718223181286,1.000000033425421,1.0000000000003397
0.00010944997993195432,1.0000000342989608,1.000000000000353
0.00011087099042901353,1.0000000351953293,1.000000000000367
0.00011231045018329516,1.000000036115123,1.0000000000003815
0.00011376859872511425,1.000000037058954,1.0000000000003966
0.0001152456786946548,1.0000000380274507,1.0000000000004121
0.00011674193588234575,1.0000000390212573,1.0000000000004285
0.00011825761926976129,1.0000000400410358,1.0000000000004454
0.00011979298107105204,1.0000000410874643,1.000000000000463
0.00012134827677491431,1.0000000421612396,1.0000000000004812
0.0001229237651871041,1.0000000432630762,1.0000000000005003
0.0001245197084735032,1.0000000443937076,1.0000000000005198
0.00012613637220374423,1.000000045553886,1.0000000000005405
0.0001277740253954024,1.0000000467443837,1.0000000000005618
0.00012943294055876067,1.000000047965993,1.000000000000584
0.0001311133937421563,1.000000049219527,1.0000000000006068
0.0001328156645779161,1.0000000505058197,1.0000000000006308
0.0001345400363288881,1.0000000518257275,1.0000000000006557
0.00013628679593557727,1.0000000531801285,1.0000000000006817
0.00013805623406389328,1.0000000545699244,1.0000000000007085
0.00013984864515351815,1.00000005599604,1.0000000000007365
0.00014166432746690193,1.0000000574594243,1.0000000000007656
0.00014350358313889433,1.0000000589610516,1.0000000000007958
0.00014536671822702095,1.0000000605019208,1.0000000000008271
0.00014725404276241208,1.0000000620830576,1.0000000000008598
0.00014916587080139287,1.0000000637055144,1.0000000000008937
0.0001511025204777431,1.0000000653703707,1.000000000000929
0.00015306431405563565,1.0000000670787346,1.0000000000009657
0.0001550515779832622,1.0000000688317432,1.0000000000010039
0.00015706464294715523,1.0000000706305627,1.0000000000010434
0.00015910384392721501,1.0000000724763909,1.0000000000010845
0.00016116952025245146,1.0000000743704556,1.0000000000011273
0.0001632620156574494,1.0000000763140175,1.0000000000011717
0.00016538167833956698,1.0000000783083702,1.0000000000012181
0.00016752886101687673,1.000000080354841,1.000000000001266
0.000169703920986859,1.0000000824547914,1.000000000001316
0.0001719072201858578,1.0000000846096195,1.000000000001368
0.00017413912524930547,1.0000000868207588,1.000000000001422
0.0001764000075727359,1.0000000890896812,1.0000000000014782
0.00017869024337358323,1.0000000914178964,1.0000000000015363
0.00018101021375378605,1.0000000938069538,1.000000000001597
0.000183360304763204,1.0000000962584434,1.00000000000166
0.00018574090746385755,1.0000000987739968,1.0000000000017255
0.00018815241799500192,1.0000001013552877,1.0000000000017937
0.00019059523763904565,1.0000001040040343,1.0000000000018645
0.00019306977288832537,1.0000001067219988,1.000000000001938
0.0001955764355127472,1.0000001095109905,1.0000000000020144
0.00019811564262830645,1.000000112372865,1.0000000000020939
0.00020068781676649706,1.000000115309527,1.0000000000021765
0.00020329338594462194,1.0000001183229308,1.0000000000022624
0.0002059327837370164,1.0000001214150815,1.0000000000023517
0.0002086064493471961,1.000000124588037,1.0000000000024445
0.0002113148276809419,1.000000127843909,1.0000000000025409
0.00021405836942033337,1.0000001311848639,1.0000000000026412
0.00021683753109874376,1.0000001346131249,1.0000000000027454
0.0002196527751768083,1.0000001381309735,1.0000000000028537
0.00022250457011937917,1.0000001417407507,1.0000000000029663
0.00022539339047347934,1.0000001454448586,1.0000000000030833
0.00022831971694726858,1.0000001492457622,1.000000000003205
0.00023128403649003477,1.0000001531459908,1.0000000000033316
0.00023428684237322353,1.0000001571481398,1.000000000003463
0.00023732863427252025,1.0000001612548723,1.0000000000035996
0.00024040991835099743,1.0000001654689212,1.0000000000037417
0.00024353120734334175,1.0000001697930905,1.0000000000038893
0.0002466930206411746,1.000000174230258,1.0000000000040428
0.0002498958843794804,1.000000178783376,1.0000000000042022
0.000253140331524157,1.0000001834554748,1.000000000004368
0.0002564269019607026,1.0000001882496627,1.0000000000045404
0.0002597561425840547,1.0000001931691305,1.0000000000047196
0.00026312860738959446,1.0000001982171514,1.0000000000049059
0.0002665448575653336,1.0000002033970843,1.0000000000050995
0.0002700054615852975,1.0000002087123763,1.0000000000053006
0.00027351099530412105,1.0000002141665643,1.0000000000055098
0.0002770620420528724,1.0000002197632776,1.0000000000057272
0.00028065919273612117,1.00000022550624,1.0000000000059532
0.0002843030459302665,1.0000002313992733,1.000000000006188
0.000287994207983142,1.0000002374462984,1.0000000000064322
0.00029173329311491387,1.0000002436513393,1.000000000006686
0.0002955209235202888,1.0000002500185246,1.0000000000069498
0.00029935772947204905,1.0000002565520911,1.000000000007224
0.00030324434942593175,1.0000002632563862,1.000000000007509
0.0003071814301268696,1.000000270135871,1.0000000000078053
0.0003111696267166116,1.0000002771951229,1.0000000000081133
0.00031520960284273975,1.0000002844388387,1.0000000000084335
0.0003193020307691027,1.0000002918718385,1.0000000000087663
0.00032344759148768217,1.000000299499068,1.000000000009112
0.00032764697483191177,1.000000307325602,1.0000000000094718
0.00033190087959146774,1.0000003153566486,1.0000000000098455
0.0003362100136285491,1.0000003235975505,1.0000000000102338
0.00034057509399566853,1.0000003320537916,1.0000000000106377
0.00034499684705497155,1.0000003407309979,1.0000000000110574
0.0003494760085991055,1.000000349634943,1.0000000000114937
0.0003540133239736577,1.0000003587715511,1.000000000011947
0.0003586095482011829,1.0000003681469014,1.0000000000124185
0.0003632654461068413,1.0000003777672313,1.0000000000129086
0.0003679817924456679,1.000000387638942,1.000000000013418
0.0003727593720314938,1.0000003977686012,1.0000000000139473
0.00037759897986754153,1.0000004081629488,1.0000000000144977
0.000382501421278716,1.0000004188289,1.0000000000150697
0.00038746751204561284,1.0000004297735514,1.0000000000156644
0.0003924980785402667,1.0000004410041847,1.0000000000162825
0.00039759395786366215,1.0000004525282717,1.000000000016925
0.00040275599798502934,1.0000004643534797,1.0000000000175928
0.0004079850578829489,1.0000004764876758,1.000000000018287
0.00041328200768828843,1.000000488938933,1.0000000000190084
0.0004186477288289947,1.0000005017155351,1.0000000000197584
0.00042408311417676593,1.0000005148259823,1.000000000020538
0.00042958906819562826,1.000000528278997,1.0000000000213485
0.00043516650709244113,1.000000542083529,1.000000000022191
0.00044081635896935697,1.0000005562487622,1.0000000000230664
0.00044653956397825985,1.0000005707841206,1.0000000000239766
0.00045233707447720964,1.000000585699274,1.0000000000249227
0.00045820985518891724,1.000000601004145,1.000000000025906
0.00046415888336127724,1.0000006167089153,1.0000000000269282
0.0004701851489299847,1.0000006328240323,1.0000000000279907
0.0004762896546832634,1.0000006493602172,1.0000000000290952
0.00048247341642873294,1.00000066632847,1.0000000000302431
0.0004887374631624417,1.0000006837400792,1.0000000000314364
0.0004950828372400952,1.0000007016066272,1.000000000032677
0.000501510594550507,1.0000007199399996,1.0000000000339662
0.0005080218046913012,1.0000007387523921,1.0000000000353064
0.0005146175511468979,1.000000758056319,1.0000000000366995
0.0005212989314688064,1.0000007778646218,1.0000000000381477
0.0005280670574582627,1.000000798190477,1.000000000039653
0.0005349230553512351,1.0000008190474055,1.0000000000412175
0.0005418680660058365,1.000000840449281,1.0000000000428437
0.0005489032450921569,1.0000008624103403,1.0000000000445344
0.0005560297632845836,1.0000008849451911,1.0000000000462916
0.0005632488064565967,1.0000009080688232,1.0000000000481182
0.0005705615758781033,1.0000009317966183,1.0000000000500167
0.0005779692884153325,1.0000009561443588,1.0000000000519902
0.0005854731767333261,1.0000009811282402,1.0000000000540417
0.0005930744895010571,1.0000010067648806,1.000000000056174
0.0006007744915992117,1.0000010330713323,1.0000000000583904
0.0006085744643306699,1.0000010600650924,1.0000000000606943
0.0006164757056337174,1.000001087764116,1.0000000000630893
0.0006244795302980264,1.000001116186826,1.0000000000655787
0.0006325872701834406,1.0000011453521276,1.0000000000681661
0.0006408002744416009,1.0000011752794187,1.0000000000708558
0.0006491199097404476,1.0000012059886043,1.0000000000736515
0.0006575475604916379,1.0000012375001093,1.0000000000765576
0.0006660846290809168,1.0000012698348917,1.0000000000795786
0.0006747325361014775,1.000001303014457,1.0000000000827185
0.0006834927205903524,1.0000013370608725,1.0000000000859823
0.0006923666402678735,1.0000013719967813,1.000000000089375
0.0007013557717802405,1.0000014078454185,1.0000000000929015
0.0007104616109452398,1.0000014446306251,1.0000000000965672
0.0007196856730011528,1.0000014823768657,1.0000000001003775
0.0007290294928588958,1.000001521109243,1.000000000104338
0.0007384946253574335,1.0000015608535153,1.000000000108455
0.0007480826455225093,1.000001601636114,1.0000000001127343
0.0007577951488287339,1.00000164348416,1.0000000001171825
0.0007676337514650766,1.0000016864254833,1.0000000001218063
0.0007776000906038043,1.0000017304886395,1.0000000001266125
0.0007876958246729122,1.000001775702931,1.0000000001316083
0.0007979226336320898,1.0000018220984244,1.0000000001368012
0.0008082822192522723,1.0000018697059716,1.000000000142199
0.0008187763053988195,1.0000019185572309,1.0000000001478098
0.0008294066383183726,1.000001968684686,1.000000000153642
0.0008401749869294344,1.0000020201216695,1.0000000001597042
0.0008510831431167226,1.000002072902384,1.0000000001660059
0.0008621329220293445,1.0000021270619257,1.000000000172556
0.0008733261623828437,1.0000021826363064,1.0000000001793647
0.000884664726765167,1.0000022396624786,1.000000000186442
0.000896150501946605,1.0000022981783592,1.0000000001937985
0.0009077853991937558,1.0000023582228557,1.0000000002014453
0.0009195713545875658,1.000002419835891,1.0000000002093938
0.0009315103293454989,1.00000248305843,1.000000000217656
0.000943604310147889,1.0000025479325076,1.0000000002262441
0.0009558553094685293,1.000002614501256,1.000000000235171
0.0009682653659095539,1.0000026828089332,1.0000000002444502
0.000980836544540667,1.0000027529009532,1.0000000002540956
0.0009935709372427771,1.0000028248239148,1.0000000002641216
0.0010064706630560913,1.0000028986256337,1.0000000002745433
0.0010195378685327302,1.000002974355174,1.000000000285376
0.0010327747280939206,1.0000030520628802,1.0000000002966363
0.0010461834443918252,1.0000031318004117,1.0000000003083407
0.0010597662486760708,1.0000032136207755,1.0000000003205072
0.0010735254011650344,1.000003297578363,1.0000000003331535
0.00108746319142195,1.0000033837289852,1.000000000346299
0.0011015819387358995,1.0000034721299098,1.000000000359963
0.001115883992507748,1.0000035628398996,1.0000000003741663
0.001130371732641092,1.0000036559192509,1.0000000003889298
0.0011450475699382812,1.000003751429834,1.000000000404276
0.0011599139465015846,1.0000038494351344,1.0000000004202276
0.0011749733361395623,1.000003950000294,1.0000000004368088
0.0011902282447787144,1.0000040531921552,1.0000000004540441
0.0012056812108804753,1.0000041590793054,1.0000000004719596
0.001221334805863621,1.0000042677321213,1.000000000490582
0.0012371916345321594,1.0000043792228173,1.0000000005099392
0.0012532543355087795,1.0000044936254913,1.00000000053006
0.0012695255816739237,1.0000046110161764,1.0000000005509748
0.001286008080610565,1.0000047314728888,1.000000000572715
0.0013027045750547551,1.0000048550756815,1.0000000005953127
0.0013196178433520242,1.000004981906696,1.0000000006188023
0.0013367506999197064,1.0000051120502178,1.0000000006432186
0.001354105995715266,1.000005245592732,1.0000000006685985
0.0013716866187107066,1.0000053826229798,1.0000000006949796
0.001389495494373136,1.0000055232320189,1.0000000007224017
0.0014075355861515744,1.0000056675132825,1.000000000750906
0.0014258098959700804,1.0000058155626423,1.0000000007805347
0.001444321464727279,1.0000059674784711,1.0000000008113326
0.0014630733728023776,1.0000061233617086,1.0000000008433458
0.001482068740567749,1.0000062833159287,1.000000000876622
0.001501310728908171,1.0000064474474069,1.0000000009112113
0.0015208025397468068,1.000006615865192,1.0000000009471655
0.001540547416578014,1.0000067886811776,1.0000000009845382
0.0015605486450070718,1.0000069660101774,1.0000000010233856
0.0015808095532969155,1.0000071479699992,1.0000000010637657
0.0016013335129219696,1.000007334681525,1.0000000011057393
0.0016221239391291697,1.0000075262687904,1.0000000011493688
0.0016431842915062705,1.0000077228590665,1.00000000119472
0.0016645180745575318,1.0000079245829443,1.0000000012418606
0.001686128838286877,1.0000081315744218,1.0000000012908614
0.001708020178788632,1.0000083439709924,1.0000000013417953
0.001730195738845898,1.0000085619137355,1.0000000013947392
0.001752659208536762,1.0000087855474107,1.000000001449772
0.0017754143258483103,1.0000090150205534,1.0000000015069765
0.0017984648772986463,1.0000092504855735,1.0000000015664379
0.0018218146985669785,1.0000094920988556,1.0000000016282455
0.001845467675131889,1.000009740020863,1.000000001692492
0.0018694277429178881,1.0000099944162444,1.0000000017592734
0.0018936988889503641,1.0000102554539423,1.0000000018286899
0.0019182851520190354,1.000010523307305,1.0000000019008453
0.001943190623350018,1.000010798154202,1.0000000019758477
0.001968419447286615,1.0000110801771402,1.0000000020538098
0.001993975821978952,1.0000113695633865,1.0000000021348479
0.0020198640000825565,1.0000116665050913,1.0000000022190836
0.002046088289466015,1.0000119711994144,1.0000000023066429
0.0020726530539278156,1.0000122838486574,1.0000000023976572
0.0020995627139224937,1.0000126046603963,1.0000000024922626
0.0021268217472962124,1.0000129338476196,1.0000000025906008
0.002154434690031887,1.000013271628868,1.0000000026928193
0.0021824061370039846,1.0000136182283812,1.0000000027990712
0.002210740742743128,1.0000139738762441,1.0000000029095153
0.0022394432222106212,1.0000143388085398,1.0000000030243175
0.0022685183515830324,1.0000147132675068,1.0000000031436493
0.002297970969046965,1.0000150975016973,1.0000000032676897
0.002327805975604145,1.000015491766143,1.0000000033966243
0.002358028335886962,1.0000158963225236,1.0000000035306464
0.0023886430789846003,1.000016311439339,1.0000000036699568
0.0024196552992798914,1.0000167373920883,1.0000000038147638
0.002451070157297036,1.00001717446345,1.0000000039652848
0.00248289288056033,1.0000176229434714,1.0000000041217447
0.0025151287644640395,1.0000180831297578,1.0000000042843782
0.00254778317315357,1.0000185553276708,1.000000004453429
0.002580861540418077,1.00001903985053,1.0000000046291497
0.002614369370594661,1.000019537019819,1.0000000048118043
0.0026483122394843107,1.0000200471653995,1.0000000050016657
0.002682695795279727,1.0000205706257281,1.0000000051990188
0.002717525759505204,1.0000211077480798,1.0000000054041587
0.0027528079279687022,1.0000216588887785,1.000000005617393
0.0027885481717262917,1.000022224413431,1.0000000058390408
0.0028247524380591122,1.0000228046971698,1.0000000060694345
0.002861426751463017,1.0000234001249002,1.0000000063089187
0.002898577214651068,1.0000240110915544,1.0000000065578525
0.0029362100095690438,1.000024638002352,1.0000000068166086
0.002974331398424135,1.0000252812730692,1.0000000070855746
0.003012947724726992,1.0000259413303105,1.0000000073651532
0.0030520654143473052,1.0000266186117934,1.0000000076557631
0.003091690976583089,1.0000273135666344,1.00000000795784
0.0031318310052438447,1.0000280266556478,1.0000000082718359
0.0031724921797477946,1.000028758351648,1.0000000085982212
0.0032136812662333526,1.0000295091397629,1.000000008937485
0.003255405118685032,1.000030279517753,1.0000000092901353
0.003297670680073967,1.0000310699963393,1.0000000096567
0.0033404849835132443,1.0000318810995423,1.0000000100377286
0.003383855153428233,1.0000327133650253,1.0000000104337916
0.0034277884067421115,1.0000335673444498,1.0000000108454823
0.0034722920540767813,1.0000344436038395,1.000000011273417
0.00351737350096938,1.0000353427239532,1.000000011718237
0.0035630402491045815,1.0000362653006676,1.0000000121806085
0.003609299897562899,1.00003721194537,1.0000000126612238
0.0036561601440851937,1.0000381832853615,1.0000000131608031
0.0037036287863536034,1.00003917996427,1.0000000136800946
0.0037517137232890977,1.0000402026424744,1.0000000142198757
0.003800422956365882,1.0000412519975397,1.0000000147809553
0.0038497645909428657,1.0000423287246625,1.0000000153641737
0.00389974683761242,1.0000434335371307,1.0000000159704043
0.003950378013566641,1.0000445671667912,1.0000000166005552
0.0040016665439813566,1.0000457303645325,1.00000001725557
0.004053620963418102,1.0000469239007794,1.0000000179364303
0.004106249917244294,1.0000481485659996,1.0000000186441553
0.004159562163071843,1.0000494051712236,1.0000000193798055
0.0042135665722144505,1.0000506945485796,1.0000000201444823
0.004268272131163817,1.0000520175518395,1.0000000209393314
0.004323687943085024,1.000053375056981,1.0000000217655431
0.004379823229331325,1.0000547679627645,1.000000022624355
0.004436687330978606,1.0000561971913229,1.0000000235170532
0.004494289710379771,1.0000576636887688,1.000000024444975
0.004552639952739297,1.000059168425816,1.00000002540951
0.004611747767708251,1.0000607123984175,1.0000000264121032
0.004671622990999997,1.0000622966284205,1.000000027454256
0.004732275586026887,1.0000639221642371,1.0000000285375295
0.004793715645558209,1.0000655900815338,1.0000000296635458
0.004855953393399645,1.0000673014839372,1.000000030833992
0.004918999186094547,1.0000690575037596,1.0000000320506208
0.004982863514647296,1.0000708593027416,1.0000000333152543
0.005047557006269032,1.0000727080728158,1.0000000346297873
0.005113090426146061,1.0000746050368883,1.0000000359961878
0.005179474679231202,1.0000765514496412,1.0000000374165032
0.005246720812058414,1.0000785485983572,1.0000000388928603
0.005314840014580966,1.0000805978037615,1.0000000404274703
0.0053838436220335,1.0000827004208908,1.000000042022632
0.0054537431168181615,1.0000848578399797,1.0000000436807346
0.005524550130415433,1.0000870714873735,1.0000000454042615
0.005596276445319564,1.0000893428264628,1.000000047195794
0.005668933996999229,1.0000916733586418,1.0000000490580154
0.005742534875883629,1.000094064624293,1.000000050993715
0.00581709132937437,1.0000965182037966,1.0000000530057922
0.005892615763883469,1.0000990357185637,1.0000000550972605
0.0059691207468978175,1.0001016188321,1.0000000572712524
0.006046619009070448,1.000104269251094,1.000000059531024
0.00612512344633895,1.000106988726534,1.0000000618799603
0.006204647122071393,1.000109779054854,1.000000064321579
0.00628520326924011,1.0001126420791093,1.0000000668595375
0.006366805292623703,1.0001155796901817,1.0000000694976365
0.006449466771037634,1.0001185938280162,1.0000000722398277
0.006533201459593784,1.0001216864828886,1.0000000750902183
0.0066180232919893405,1.0001248596967076,1.0000000780530773
0.006703946382825409,1.0001281155643484,1.0000000811328427
0.0067909850299557204,1.0001314562350216,1.000000084334127
0.006879153716865837,1.0001348839136763,1.000000087661725
0.006968467115083248,1.0001384008624412,1.0000000911206208
0.007058940086618753,1.0001420094021,1.000000094715995
0.007150587686439543,1.0001457119136072,1.0000000984532325
0.0072434251649743965,1.0001495108396405,1.0000001023379308
0.0073374679706513886,1.0001534086861958,1.0000001063759083
0.0074327317524685585,1.0001574080242202,1.0000001105732133
0.007529232362597949,1.0001615114912883,1.0000001149361317
0.0076269858590234515,1.0001657217933217,1.0000001194711987
0.0077260085082129035,1.000170041706353,1.0000001241852063
0.007826316787824876,1.0001744740783327,1.0000001290852154
0.007927927389450607,1.0001790218309843,1.0000001341785647
0.00803085722139152,1.0001836879617079,1.0000001394728828
0.008135123411472834,1.0001884755455288,1.0000001449760996
0.008240743309893666,1.0001933877371012,1.0000001506964573
0.008347734492114161,1.0001984277727574,1.0000001566425236
0.008456114761780107,1.0002035989726143,1.0000001628232045
0.0085659021536855,1.0002089047427312,1.000000169247757
0.0086771149367736,1.0002143485773234,1.0000001759258035
0.008789771617176924,1.0002199340610318,1.000000182867346
0.008903890941296734,1.0002256648712524,1.0000001900827813
0.009019491898922486,1.0002315447805223,1.000000197582916
0.009136593726391778,1.0002375776589694,1.000000205378984
0.009255215909791354,1.0002437674768232,1.0000002134826615
0.009375378188199623,1.00025011830699,1.0000002219060857
0.009497100556971314,1.0002566343276933,1.000000230661873
0.00962040327106476,1.0002633198251827,1.0000002397631371
0.009745306848412376,1.0002701791965112,1.0000002492235094
0.009871832073334906,1.0002772169523826,1.0000002590571593
0.01,1.0002844377200728,1.0000002692788146
0.010129831955925681,1.0002918462464239,1.000000279903785
0.01026134954552931,1.000299447400917,1.0000002909479841
0.010394574653722627,1.00030724617882,1.000000302427953
0.010529529449553458,1.0003152477044182,1.0000003143608853
0.010666236389894715,1.0003234572343258,1.0000003267646538
0.010804718223181286,1.0003318801608811,1.0000003396578359
0.010944997993195432,1.0003405220156303,1.000000353059742
0.011087099042901354,1.0003493884728962,1.000000366990445
0.011231045018329515,1.000358485353441,1.0000003814708085
0.011376859872511426,1.0003678186282206,1.0000003965225208
0.01152456786946548,1.0003773944222323,1.0000004121681247
0.011674193588234575,1.000387219018465,1.0000004284310533
0.011825761926976128,1.0003972988619443,1.0000004453356637
0.011979298107105204,1.0004076405638829,1.0000004629072743
0.012134827677491432,1.0004182509059356,1.0000004811722025
0.01229237651871041,1.000429136844563,1.0000005001578038
0.012451970847350318,1.000440305515503,1.0000005198925133
0.012613637220374424,1.0004517642383586,1.0000005404058876
0.01277740253954024,1.0004635205213002,1.0000005617286498
0.012943294055876067,1.0004755820658855,1.0000005838927355
0.01311133937421563,1.0004879567720046,1.0000006069313396
0.01328156645779161,1.0005006527429465,1.000000630878967
0.01345400363288881,1.0005136782905955,1.000000655771484
0.013628679593557727,1.000527041940758,1.0000006816461724
0.013805623406389328,1.000540752438624,1.0000007085417841
0.013984864515351816,1.0005548187543667,1.0000007364986006
0.014166432746690192,1.0005692500888812,1.0000007655584924
0.014350358313889432,1.000584055879671,1.0000007957649824
0.014536671822702095,1.0005992458068793,1.0000008271633098
0.014725404276241208,1.000614829799474,1.0000008598004997
0.014916587080139286,1.0006308180415884,1.0000008937254317
0.015110252047774308,1.00064722097902,1.0000009289889147
0.015306431405563564,1.0006640493258936,1.0000009656437614
0.015505157798326221,1.0006813140714912,1.0000010037448688
0.015706464294715523,1.0006990264872533,1.0000010433492996
0.0159103843927215,1.0007171981339558,1.0000010845163676
0.016116952025245147,1.000735840869067,1.0000011273077272
0.01632620156574494,1.000754966854289,1.0000011717874648
0.0165381678339567,1.0007745885632868,1.0000012180221955
0.016752886101687674,1.000794718789613,1.000001266081163
0.01697039209868597,1.0008153706548273,1.0000013160363421
0.01719072201858578,1.000836557616823,1.0000013679625475
0.017413912524930547,1.000858293478358,1.000001421937546
0.01764000075727359,1.0008805923958008,1.0000014780421722
0.017869024337358323,1.0009034688880933,1.0000015363604497
0.018101021375378605,1.0009269378459382,1.0000015969797174
0.0183360304763204,1.0009510145412146,1.0000016599907595
0.018574090746385757,1.000975714636628,1.0000017254879425
0.01881524179950019,1.0010010541956007,1.0000017935693555
0.019059523763904563,1.0010270496924074,1.0000018643369573
0.019306977288832537,1.0010537180225643,1.0000019378967295
0.019557643551274716,1.0010810765134739,1.0000020143588346
0.019811564262830643,1.0011091429353347,1.0000020938377816
0.020068781676649706,1.0011379355123233,1.0000021764525968
0.020329338594462194,1.0011674729340494,1.0000022623270022
0.02059327837370164,1.0011977743672993,1.0000023515896008
0.020860644934719612,1.0012288594680652,1.0000024443740694
0.02113148276809419,1.0012607483938758,1.0000025408193585
0.021405836942033338,1.0012934618164282,1.0000026410699
0.021683753109874374,1.001327020934534,1.0000027452758236
0.02196527751768083,1.0013614474873835,1.0000028535931824
0.022250457011937917,1.0013967637681365,1.0000029661841856
0.022539339047347933,1.0014329926378482,1.0000030832174411
0.02283197169472686,1.0014701575397378,1.0000032048682088
0.023128403649003475,1.0015082825138066,1.0000033313186625
0.02342868423732235,1.0015473922118177,1.0000034627581627
0.023732863427252025,1.0015875119126392,1.0000035993835399
0.024040991835099744,1.0016286675379678,1.0000037413993896
0.024353120734334176,1.0016708856684342,1.0000038890183784
0.02466930206411746,1.0017141935601046,1.0000040424615622
0.02498958843794804,1.0017586191613843,1.000004201958717
0.025314033152415694,1.001804191130335,1.0000043677486836
0.02564269019607026,1.0018509388524142,1.0000045400797242
0.025975614258405468,1.0018988924586474,1.0000047192098944
0.026312860738959446,1.0019480828442415,1.0000049054074298
0.026654485756533362,1.001998541687654,1.0000050989511466
0.027000546158529752,1.0020503014701216,1.0000053001308602
0.027351099530412107,1.0021033954956664,1.0000055092478175
0.027706204205287244,1.002157857911585,1.000005726615149
0.02806591927361212,1.002213723729436,1.0000059525583367
0.028430304593026652,1.0022710288465326,1.000006187415702
0.028799420798314202,1.0023298100679583,1.0000064315389112
0.029173329311491386,1.0023901051291109,1.000006685293502
0.02955209235202888,1.002451952718792,1.000006949059431
0.029935772947204904,1.002515392502853,1.0000072232316422
0.03032443494259317,1.0025804651484083,1.0000075082206572
0.030718143012686966,1.0026472123486334,1.0000078044531913
0.03111696267166116,1.0027156768481549,1.0000081123727897
0.03152096028427397,1.002785902469052,1.0000084324404932
0.031930203076910274,1.0028579341374786,1.0000087651355274
0.032344759148768214,1.0029318179109248,1.0000091109560194
0.03276469748319118,1.0030076010061253,1.0000094704197435
0.03319008795914677,1.0030853318276385,1.0000098440648961
0.03362100136285491,1.0031650599971025,1.0000102324509006
0.03405750939956685,1.0032468363831886,1.0000106361592445
0.034499684705497156,1.0033307131322677,1.0000110557943493
0.034947600859910555,1.0034167436998014,1.000011491984475
0.03540133239736577,1.003504982882479,1.0000119453826597
0.035860954820118286,1.0035954868511145,1.000012416667697
0.03632654461068413,1.0036883131843202,1.0000129065451506
0.03679817924456679,1.0037835209029742,1.0000134157484106
0.03727593720314938,1.0038811705055004,1.0000139450397902
0.03775989798675415,1.0039813240039783,1.0000144952116659
0.038250142127871596,1.0040840449611,1.0000150670876624
0.03874675120456128,1.0041893985279935,1.0000156615238853
0.03924980785402667,1.0042974514829317,1.0000162794102008
0.03975939578636622,1.0044082722709462,1.0000169216715666
0.04027559979850293,1.0045219310443627,1.0000175892694154
0.04079850578829489,1.0046384997042848,1.0000182832030933
0.04132820076882884,1.004758051943037,1.0000190045113522
0.04186477288289947,1.0048806632875973,1.0000197542739058
0.04240831141767659,1.005006411144032,1.0000205336130419
0.042958906819562825,1.005135374842961,1.0000213436953012
0.04351665070924412,1.00526763568607,1.0000221857332217
0.0440816358969357,1.0054032769936958,1.0000230609871512
0.04465395639782598,1.005542384153505,1.0000239707671312
0.04523370744772096,1.0056850446702903,1.0000249164348565
0.04582098551889172,1.0058313482169055,1.0000258994057087
0.046415888336127725,1.0059813866863665,1.000026921150874
0.04701851489299847,1.006135254245141,1.0000279831995407
0.047628965468326345,1.006293047387648,1.000029087141185
0.048247341642873295,1.0064548649919995,1.0000302346279475
0.04887374631624417,1.0066208083770016,1.0000314273771003
0.04950828372400952,1.0067909813604468,1.0000326671736153
0.05015105945505069,1.0069654903187208,1.0000339558728297
0.050802180469130126,1.0071444442477515,1.0000352954032194
0.05146175511468978,1.007327954825326,1.0000366877692795
0.052129893146880636,1.0075161364748049,1.0000381350545187
0.052806705745826264,1.0077091064302595,1.000039639424573
0.05349230553512373,1.007906984803063,1.0000412031304398
0.05418680660058365,1.0081098946499603,1.00004282851184
0.05489032450921569,1.0083179620426501,1.0000445180007127
0.05560297632845836,1.0085313161389056,1.0000462741248477
0.05632488064565967,1.008750089255264,1.0000480995116594
0.057056157587810324,1.0089744169413177,1.0000499968921104
0.05779692884153325,1.0092044380556326,1.0000519691047896
0.05854731767333261,1.0094402948433319,1.0000540191001492
0.05930744895010571,1.0096821330153698,1.0000561499449105
0.06007744915992117,1.0099301018295317,1.0000583648266401
0.060857446433066995,1.0101843541731912,1.000060667058509
0.06164757056337174,1.0104450466478567,1.0000630600842364
0.06244795302980263,1.0107123396555417,1.0000655474832292
0.06325872701834406,1.0109863974869908,1.0000681329759227
0.0640800274441601,1.0112673884117955,1.0000708204293323
0.06491199097404475,1.0115554847704356,1.000073613862822
0.06575475604916378,1.011850863068278,1.000076517454099
0.06660846290809168,1.0121537040715705,1.0000795355454482
0.06747325361014775,1.0124641929054614,1.0000826726502043
0.06834927205903524,1.0127825191540887,1.0000859334594847
0.06923666402678734,1.0131088769627632,1.0000893228491836
0.07013557717802404,1.0134434651422923,1.000092845887241
0.07104616109452398,1.013786487275474,1.0000965078411974
0.07196856730011529,1.0141381518258006,1.0001003141860458
0.07290294928588958,1.0144986722484075,1.0001042706123902
0.07384946253574336,1.0148682671033076,1.0001083830349258
0.07480826455225094,1.0152471601709425,1.0001126576012516
0.07577951488287339,1.0156355805700943,1.0001171007010279
0.07676337514650765,1.016033762878191,1.0001217189754943
0.07776000906038044,1.0164419472540474,1.0001265193273599
0.07876958246729122,1.0168603795630748,1.0001315089310823
0.07979226336320898,1.0172893115050026,1.0001366952435486
0.08082822192522723,1.0177290007441446,1.0001420860151764
0.08187763053988195,1.0181797110422532,1.000147689301449
0.08294066383183726,1.0186417123939966,1.0001535134749018
0.08401749869294343,1.0191152811650976,1.0001595672375814
0.08510831431167225,1.0196007002331733,1.0001658596339889
0.08621329220293446,1.020098259131312,1.0001724000645331
0.08733261623828438,1.020608254194427,1.0001791982995096
0.08846647267651671,1.0211309887084246,1.000186264493626
0.0896150501946605,1.0216667730622209,1.0001936092010975
0.09077853991937558,1.0222159249026515,1.000201243391333
0.09195713545875658,1.0227787692923025,1.0002091784652332
0.09315103293454989,1.0233556388703087,1.0002174262721288
0.0943604310147889,1.023946874016145,1.000225999127379
0.09558553094685293,1.0245528230164576,1.000234909830659
0.09682653659095539,1.0251738422349617,1.0002441716849633
0.09808365445406671,1.025810296285447,1.0002537985163495
0.09935709372427771,1.026462558207919,1.0002638046944552
0.10064706630560913,1.0271310096479156,1.0002742051538163
0.10195378685327301,1.0278160410390282,1.000285015416017
0.10327747280939205,1.0285180517886605,1.0002962516127047
0.10461834443918253,1.0292374504670558,1.0003079305095037
0.10597662486760709,1.0299746549996236,1.0003200695308612
0.10735254011650344,1.0307300928625944,1.0003326867858633
0.10874631914219501,1.0315042012820292,1.000345801095057
0.11015819387358995,1.0322974274362147,1.0003594320183187
0.11158839925077481,1.033110228661465,1.0003735998838061
0.11303717326410918,1.033943072661357,1.0003883258180426
0.11450475699382812,1.034796437719422,1.0004036317771685
0.11599139465015847,1.0356708129153132,1.0004195405794123
0.11749733361395623,1.0365666983444701,1.000436075938823
0.11902282447787144,1.037484605341298,1.0004532625003175
0.12056812108804754,1.038425056705877,1.0004711258760879
0.12213348058636209,1.0393885869342139,1.0004896926834264
0.12371916345321594,1.0403757424520526,1.0005089905840188
0.12532543355087794,1.0413870818522473,1.0005290483247644
0.12695255816739237,1.04242317613571,1.0005498957801806
0.1286008080610565,1.0434846089559344,1.0005715639964536
0.1302704575054755,1.0445719768670996,1.0005940852371973
0.13196178433520242,1.0456858895757508,1.000617493030987
0.13367506999197065,1.0468269701960575,1.0006418222207345
0.13541059957152662,1.047995855508637,1.0006671090149768
0.13716866187107066,1.0491931962229377,1.0006933910411493
0.1389495494373136,1.0504196572431657,1.0007207074009226
0.14075355861515745,1.0516759179377395,1.0007490987276766
0.14258098959700802,1.052962672412252,1.000778607246199
0.1444321464727279,1.0542806297859135,1.0008092768346903
0.14630733728023776,1.055630514471448,1.0008411530891606
0.1482068740567749,1.0570130664584096,1.0008742833903133
0.15013107289081712,1.058429041599882,1.0009087169730093
0.1520802539746807,1.0598792119025169,1.0009445049984076
0.1540547416578014,1.0613643658198657,1.0009817006288841
0.15605486450070716,1.0628853085489496,1.0010203591058355
0.15808095532969155,1.0644428623300155,1.0010605378304775
0.16013335129219694,1.0660378667494064,1.0011022964477456
0.16221239391291695,1.0676711790454836,1.001145696933424
0.16431842915062705,1.0693436744175238,1.0011908036846153
0.1664518074557532,1.0710562463375055,1.001237683613683
0.1686128838286884,1.0728098068647018,1.0012864062457942
0.1708020178788632,1.0746052869629792,1.0013370438201983
0.1730195738845898,1.0764436368207075,1.0013896713953832
0.1752659208536762,1.0783258261731603,1.0014443669582502
0.17754143258483104,1.0802528446272992,1.0015012115374622
0.17984648772986464,1.0822257019888066,1.0015602893211188
0.18218146985669786,1.0842454285912457,1.0016216877789177
0.1845467675131889,1.0863130756271873,1.001685497788974
0.18694277429178882,1.0884297154811744,1.001751813769464
0.18936988889503642,1.09059644206434,1.001820733815278
0.19182851520190355,1.0928143711505323,1.0018923598398641
0.1943190623350018,1.0950846407137436,1.0019667977224558
0.19684194472866154,1.097408411266673,1.0020441574608814
0.19939758219789522,1.0997868662002077,1.0021245533301602
0.20198640000825566,1.1022212121236172,1.002208104047099
0.2046088289466015,1.1047126792052389,1.002294932941108
0.20726530539278154,1.107262521513413,1.0023851681314637
0.20995627139224937,1.10987201735743,1.0024789427112522
0.21268217472962125,1.1125424696282182,1.00257639493824
0.21544346900318867,1.1152752061385145,1.0026776684329186
0.21824061370039843,1.1180715799622176,1.002782912383988
0.2210740742743128,1.1209329697726362,1.002892281761543
0.22394432222106211,1.1238607801793128,1.0030059375382445
0.22685183515830326,1.126856442063095,1.003124046918757
0.22979709690469652,1.1299214129091188,1.0032467835777552
0.2327805975604145,1.1330571771373343,1.0033743279068006
0.23580283358869622,1.1362652464302125,1.0035068672704073
0.23886430789846005,1.1395471600572358,1.0036445962716214
0.24196552992798914,1.142904485195766,1.0037877170274514
0.24510701572970361,1.1463388172478721,1.0039364394545
0.248289288056033,1.1498517801526724,1.0040909815651504
0.25151287644640397,1.1534450266937322,1.0042515697746837
0.254778317315357,1.1571202388010433,1.0044184392197035
0.2580861540418077,1.1608791278470867,1.0045918340882665
0.26143693705946613,1.1647234349364672,1.0047720079621187
0.26483122394843106,1.1686549311885817,1.0049592241714624
0.26826957952797276,1.1726754180127688,1.0051537561626789
0.2717525759505204,1.1767867273753638,1.0053558878794524
0.2752807927968702,1.180990722058069,1.0055659141577549
0.27885481717262917,1.1852892959070092,1.0057841411351567
0.2824752438059112,1.1896843740718492,1.0060108866749522
0.2861426751463017,1.1941779132343031,1.0062464808055942
0.2898577214651068,1.1987719018253538,1.0064912661759513
0.2936210009569044,1.203468360230477,1.006745598526913
0.2974331398424135,1.2082693409821426,1.007009847179885
0.3012947724726992,1.2131769289388368,1.007284395542728
0.3052065414347305,1.2181932414498289,1.0075696416337105
0.30916909765830886,1.2233204285048869,1.0078659986240626
0.3131831005243845,1.2285606728681044,1.0081738953997283
0.31724921797477945,1.2339161901950053,1.0084937771429336
0.32136812662333525,1.2393892291320332,1.0088261059342005
0.3255405118685032,1.2449820713975353,1.0091713613754527
0.3297670680073967,1.2506970318433126,1.009530041234876
0.33404849835132444,1.2565364584957819,1.009902662114205
0.33838551534282335,1.2625027325757738,1.0102897601391356
0.34277884067421116,1.2685982684959556,1.0106918916735648
0.34722920540767815,1.2748255138348659,1.0111096340583794
0.351737350096938,1.281186949286478,1.0115435863755355
0.35630402491045815,1.2876850885842377,1.011994370238175
0.36092998975628987,1.2943224783984437,1.0124626306075477
0.3656160144085194,1.301101698205849,1.0129490366375158
0.3703628786353603,1.3080253601303196,1.013454282547437
0.3751713723289098,1.3150961087533592,1.0139790885242315
0.3800422956365882,1.3223166208932915,1.0145242016544467
0.38497645909428657,1.3296896053518648,1.0150903968871545
0.389974683761242,1.3372178026270087,1.015678478028522
0.39503780135666405,1.3449039845904665,1.0162892787689006
0.40016665439813565,1.352750954128978,1.016923663743299
0.40536209634181025,1.3607615447476966,1.0175825296261056
0.4106249917244294,1.3689386201344598,1.0182668062609346
0.41595621630718427,1.3772850736835611,1.0189774578264739
0.421356657221445,1.385803827977592,1.0197154840392229
0.42682721311638167,1.3944978342259589,1.020481921394
0.4323687943085024,1.4033700716586193,1.0212778444431103
0.4379823229331325,1.412423546873575,1.022104367115058
0.44366873309786065,1.4216612931366588,1.0229626440736803
0.4494289710379771,1.431086369632104,1.0238538721185833
0.45526399527392974,1.440701860662407,1.0247792916277418
0.46117477677082513,1.450510874795943,1.0257401880431203
0.4671622990999997,1.460516543960817,1.026737893400155
0.4732275586026887,1.4707220224833943,1.027773787901918
0.4793715645558209,1.481130486069972,1.028849301538769
0.4855953393399645,1.4917451307300205,1.0299659157542662
0.4918999186094547,1.5025691716394434,1.0311251651580886
0.49828635146472955,1.5136058419422875,1.0323286392866813
0.5047557006269032,1.524858391489341,1.0335779844122983
0.5113090426146061,1.5363300855120576,1.0348749054010786
0.5179474679231202,1.5480242032302547,1.0362211676207376
0.5246720812058414,1.5599440363920403,1.0376185988984012
0.5314840014580988,1.5720928877444331,1.0390690915290561
0.5383843622033501,1.584474069433137,1.0405746043350093
0.5453743116818162,1.5970909013300263,1.0421371647766928
0.5524550130415433,1.6099467092867807,1.0437588711150494
0.5596276445319563,1.6230448233132733,1.0454418946256574
0.5668933996999229,1.636388575679265,1.0471884818646502
0.5742534875883629,1.6499812989380143,1.049000956986377
0.581709132937437,1.6638263238704407,1.0508817241126351
0.5892615763883469,1.6779269773485372,1.0528332697531757
0.5969120746897818,1.6922865801167573,1.05485816527705
0.6046619009070447,1.7069084444901552,1.0569590694342048
0.6125123446338949,1.7217958719681299,1.0591387309265858
0.6204647122071393,1.7369521507626564,1.0613999910278205
0.628520326924011,1.7523805532399876,1.0637457862503739
0.6366805292623703,1.7680843332748535,1.0661791510588632
0.6449466771037634,1.7840667235162697,1.0687032206280016
0.6533201459593784,1.8003309325641736,1.0713212336434077
0.6618023291989341,1.8168801420561589,1.0740365351432695
0.670394638282541,1.8337175036637032,1.0768525793985866
0.6790985029955721,1.8508461359973785,1.0797729328294288
0.6879153716865838,1.86826912142064,1.082801276954342
0.6968467115083248,1.8859895027719085,1.085941411369723
0.7058940086618752,1.9040102799947858,1.0891972567556252
0.7150587686439543,1.9223344066763763,1.092572857904111
0.7243425164974396,1.940964786493812,1.0960723867658624
0.7337467970651388,1.959904269569249,1.099700145510374
0.7432731752468559,1.979155648733728,1.1034605695946025
0.752923236259795,1.9987216557004759,1.107358230834497
0.7626985859023452,2.018604957148392,1.1113978404733629
0.7726008508212904,2.0388081507166134,1.1155842522404884
0.7826316787824876,2.0593337609112927,1.1199224653929427
0.7927927389450606,2.0801842349258504,1.1244176277328881
0.8030857221391521,2.101361938376223,1.1290750385921697
0.8135123411472834,2.1228691509528153,1.1339001517753136
0.8240743309893666,2.1447080619910595,1.1388985784514416
0.8347734492114162,2.1668807659627856,1.144076089984925
0.8456114761780107,2.18938925789074,1.1494386206938993
0.85659021536855,2.2122354286889374,1.154992270525039
0.8677114936773599,2.2354210604317055,1.160743307632226
0.8789771617176924,2.2589478215545933,1.1666981708459598
0.8903890941296735,2.28281726199056,1.1728634720195443
0.9019491898922486,2.307030808245144,1.1792459982372405
0.913659372639178,2.331589758414589,1.185852713868707
0.9255215909791353,2.356495277151234,1.192690762453153
0.9375378188199622,2.3817483905807197,1.1997674683957118
0.9497100556971315,2.4073499811759067,1.207090338457601
0.962040327106476,2.433300782592722,1.214667063020669
0.9745306848412375,2.459601374473448,1.2225055171059556
0.9871832073334906,2.4862521772233053,1.2306137611248897
1.0,2.513253446766516,1.2390000413407443
1.012983195592568,2.5406052692883856,1.2476727900169498
1.026134954552931,2.568307555970243,1.256640625227845
1.0394574653722626,2.596360037724482,1.265912350306424
1.0529529449553456,2.624762259937242,1.2754969529026159
1.0666236389894714,2.6535135772266694,1.285403603624632
1.0804718223181284,2.6826131482250135,1.295641654234919
1.0944997993195433,2.712059930393185,1.3062206353712997
1.1087099042901354,2.741852674876785,1.31715025376293
1.1231045018329515,2.771989921412904,1.3284403889098213
1.1376859872511424,2.8024699932974277,1.3401010891938232
1.1524567869465479,2.8332909924228566,1.3521425673881666
1.1674193588234576,2.864450794397057,1.364575195531954
1.1825761926976128,2.8959470437536665,1.3774094991353436
1.1979298107105205,2.927777149265227,1.3906561506806194
1.213482767749143,2.959938279370442,1.404325962383903
1.229237651871041,2.9924273577272817,1.418429878181945
1.245197084735032,3.0252410589039602,1.4329789649082383
1.2613637220374423,3.058375804220107,1.4479844026226705
1.2777402539540241,3.0918277577507665,1.4634574740590502
1.2943294055876067,3.1255928225060687,1.4794095531551816
1.311133937421563,3.1596666367997384,1.4958520926306569
1.328156645779161,3.1940445708197926,1.512796610578298
1.345400363288881,3.2287217234150263,1.5302546760361584
1.3628679593557727,3.263692919111044,1.5482378935082406
1.3805623406389327,3.2989527053698064,1.5667578864036318
1.3984864515351816,3.33449535010677,1.5858262793655764
1.4166432746690192,3.370314839479836,1.6054546794641942
1.4350358313889433,3.406404875964411,1.6256546562290497
1.4536671822702094,3.442758876728918,1.6464377205006704
1.4725404276241207,3.479369972325161,1.6678153020833943
1.4916587080139285,3.516231005707888,1.6897987261856109
1.5110252047774309,3.5533345315978835,1.7123991886375824
1.5306431405563563,3.5906728162028214,1.7356277298816312
1.5505157798326221,3.628237837309974,1.7594952077344965
1.5706464294715523,3.6660212847647093,1.7840122689272253
1.5910384392721502,3.7040145613484974,1.8091893194339839
1.6116952025245146,3.7422087840698635,1.8350364936077308
1.632620156574494,3.780594785881428,1.8615636221477658
1.6538167833956696,3.819163117835811,1.8887801989317343
1.6752886101687743,3.8579040516927674,1.9166953467528336
1.697039209868597,3.896807582989359,1.945317782011514
1.719072201858578,3.9358634345847303,1.9746557784203187
1.7413912524930546,3.975061060690002,2.004717129789827
1.764000075727359,4.014389651393621,2.035509111974129
1.7869024337358321,4.0538381376915344,2.0670384440645924
1.8101021375378603,4.0933951970308735,2.099311248931778
1.83360304763204,4.133049259375032,2.1323330132266394
1.8574090746385756,4.172788513797091,2.166108546963835
1.881524179950019,4.212600915607648,2.2006419428218433
1.9059523763904564,4.252474194022076,2.2359365353066813
1.9306977288832536,4.292395860371171,2.2719948599381383
1.9557643551274717,4.332353216858015,2.3088186126296417
1.9811564262830645,4.372333365862705,2.3464086094448664
2.0068781676649707,4.4123232197953115,2.3847647469260274
2.0329338594462194,4.452309511496173,2.4238859632002274
2.059327837370164,4.4922788051811775,2.463770200081206
2.086064493471961,4.532217507928352,2.5044143663940384
2.1131482768094187,4.572111881700522,2.5458143027599065
2.140583694203334,4.611948055897297,2.5879647480864225
2.1683753109874373,4.65171204042807,2.6308593080163654
2.196527751768083,4.691389739296058,2.674490425593538
2.2250457011937916,4.7309669646817465,2.7188493544088663
2.2539339047347933,4.770429451512423,2.7639261344924315
2.283197169472686,4.809762872502668,2.8097095712177205
2.3128403649003477,4.848952853648967,2.8561872174828773
2.3428684237322353,4.8879849901597705,2.903345359429779
2.3732863427252027,4.926844862800493,2.951169005955291
2.4040991835099743,4.965518054631151,2.999641882259805
2.4353120734334173,5.003990168112462,3.048746427666054
2.466930206411746,5.042246842554385,3.098463797925989
2.498958843794804,5.08027377187928,3.1487738722150946
2.5314033152415694,5.118056722669991,3.199655264991949
2.564269019607026,5.155581552471409,3.2510853428757853
2.5975614258405466,5.192834228312233,3.3030402466665456
2.6312860738959447,5.229800845411998,3.3554949186002605
2.665448575653336,5.266467646036659,3.408423134897716
2.7000546158529755,5.302821038464457,3.4617975436264414
2.735109953041211,5.338847616022188,3.515589707855098
2.7706204205287244,5.374534176150508,3.569770154035916
2.806591927361212,5.409867739455499,3.6243084255049753
2.843030459302665,5.444835568702396,3.6791731409423636
2.8799420798314204,5.479425187706149,3.7343320575851484
2.9173329311491387,5.5136244000724295,3.789752138936041
2.955209235202888,5.547421307741617,3.845399626660318
2.9935772947204904,5.580804329287563,3.901240116313755
3.0324434942593173,5.613762217922112,3.9572386364956436
3.0718143012686965,5.646284079155865,4.0133597309743205
3.1116962671661157,5.678359388065223,4.069567543288828
3.152096028427397,5.709978006115526,4.125825903290387
3.193020307691027,5.7411301974900315,4.182098415051941
3.2344759148768216,5.771806644874605,4.238348545544373
3.276469748319118,5.801998464648275,4.294539713454849
3.319008795914677,5.831697221430334,4.350635377506916
3.362100136285491,5.860894941935361,4.406599123634445
3.4057509399566857,5.889584128088438,4.462394750363019
3.449968470549716,5.917757769353962,4.5179863517633105
3.4947600859910555,5.945409354232814,4.573338397362194
3.5401332397365772,5.972532880884132,4.628415808428883
3.586095482011829,5.999122866829774,4.6831840300955525
3.632654461068413,6.025174357701494,4.737609098824576
3.679817924456679,6.05068293499306,4.791657704797394
3.727593720314938,6.07564472278199,4.845297248872612
3.775989798675415,6.100056393388155,4.898495893842353
3.82501421278716,6.12391517193937,4.951222609805066
3.874675120456128,6.147218839817108,5.003447213568617
3.9249807854026675,6.169965736958689,5.055140402097905
3.9759395786366216,6.192154762995702,5.106273780124456
4.0275599798502935,6.213785377212013,5.1568198821397475
4.079850578829489,6.234857597308411,5.20675218909639
4.132820076882885,6.255371996964872,5.256045140240236
4.1864772882899475,6.275329702195411,5.304674140588525
4.240831141767659,6.294732386494644,5.352615564652501
4.2958906819562825,6.313582264779401,5.399846757074502
4.351665070924412,6.331882086133079,5.446346030907213
4.40816358969357,6.3496351253647765,5.492092664304261
4.4653956397825985,6.366845173399693,5.53706689641465
4.523370744772096,6.383516526521728,5.581249923277224
4.582098551889173,6.3996539744936225,5.624623894494109
4.641588833612772,6.415262787584467,5.667171911423535
4.701851489299847,6.4303487025387005,5.708878027572275
4.762896546832635,6.444917907525087,5.749727251786926
4.824734164287329,6.458977026108311,5.789705554742578
4.887374631624417,6.47253310028993,5.828799879108953
4.950828372400952,6.4855935726693685,5.866998153640315
5.015105945505069,6.498166267779372,5.90428931128974
5.0802180469130125,6.510259372653916,5.940663311294091
5.146175511468978,6.521881416689916,5.976111165017632
5.2129893146880635,6.533041250867191,6.010624965184088
5.280670574582648,6.54374802639394,6.044197917973822
5.349230553512373,6.554011172847578,6.0768243773192765
5.4186806600583655,6.56384037588303,6.10849988060322
5.489032450921568,6.5732455545824475,6.139221184853706
5.5602976328458364,6.582236838521959,6.16898630244281
5.632488064565967,6.590824544632281,6.197794535234676
5.7056157587810326,6.599019153930825,6.2256465060960355
5.779692884153325,6.6068312882035025,6.252544186680153
5.854731767333261,6.614271686714455,6.278490920424228
5.93074489501057,6.621351183021679,6.303491439759945
6.0077449159921175,6.628080681975823,6.327551876626213
6.0857446433066995,6.63447113697833,6.350679765489111
6.164757056337174,6.640533527573656,6.372884038214065
6.244795302980263,6.646278837448403,6.394175010294262
6.325872701834406,6.651718032907962,6.4145643581130845
6.4080027444160095,6.65686204189869,6.434065087100887
6.4911990974044755,6.661721733640605,6.452691490832392
6.575475604916378,6.666307898932369,6.47045910129429
6.660846290809168,6.670631231186612,6.487384630727763
6.7473253610147745,6.67470230824981,6.503485905612304
6.834927205903524,6.678531575056669,6.5187817935006525
6.923666402678735,6.682129327164571,6.533292123536193
7.013557717802405,6.685505695208923,6.54703760158049
7.104616109452398,6.688670630315472,6.560039720948377
7.196856730011529,6.691633890500539,6.572320669789558
7.290294928588958,6.69440502808509,6.583903236170135
7.384946253574335,6.6969933781432776,6.594810711895382
7.480826455225094,6.699408048000799,6.60506679607905
7.577951488287338,6.701657907793179,6.614695499407404
7.676337514650765,6.703751582088746,6.623721049971458
7.7760009060380435,6.7056974425758495,6.632167801452965
7.876958246729123,6.70750360180877,6.640060144352235
7.979226336320898,6.709177908001691,6.647422420843489
8.082822192522723,6.710727940855286,6.654278843740123
8.187763053988196,6.712161008395776,6.660653419951305
8.294066383183726,6.713484144801872,6.666569878716304
8.401749869294344,6.714704109190789,6.672051604816002
8.510831431167226,6.715827385330596,6.677121576884215
8.621329220293445,6.7168601822425265,6.681802310875485
8.733261623828437,6.7178084356535415,6.686115808691898
8.84664726765167,6.718677810256464,6.690083511927958
8.961505019466049,6.71947370273235,6.693726260660209
9.077853991937557,6.720201245487513,6.6970642571841905
9.195713545875657,6.720865311055703,6.700117034585484
9.315103293454989,6.721470517114405,6.702903430020961
9.43604310147889,6.722021232063092,6.705441562580075
9.558553094685292,6.722521581110504,6.707748815591563
9.68265365909554,6.722975452817588,6.709841823237533
9.808365445406672,6.723386506042746,6.711736461332361
9.935709372427771,6.723758177236318,6.713447842118265
10.064706630560913,6.724093688031904,6.714990312921073
10.195378685327302,6.724396053083106,6.716377458499487
10.327747280939205,6.7246680880955285,6.71762210690818
10.461834443918253,6.724912418005489,6.718736338680491
10.597662486760708,6.725131485258656,6.719731499120568
10.735254011650344,6.725327558143912,6.720618213478414
10.874631914219501,6.725502739140011,6.721406404765514
11.015819387358995,6.725658973235025,6.722105313954117
11.15883992507748,6.725798056181158,6.7227235222911075
11.303717326410919,6.725921642650246,6.723268975448011
11.450475699382812,6.726031254258061,6.723749009222875
11.599139465015847,6.7261282874283905,6.724170376507974
11.749733361395622,6.726214021070827,6.724539275239255
11.902282447787144,6.726289624049078,6.7248613770497565
12.056812108804754,6.726356162419549,6.7251418563590315
12.213348058636209,6.726414606422828,6.725385419644092
12.371916345321594,6.726465837213483,6.725596334653651
12.532543355087794,6.726510653316366,6.725778459346115
12.695255816739238,6.726549776800189,6.725935270352305
12.860080806105652,6.726583859161696,6.726069890785558
13.02704575054755,6.726613486916114,6.726185117244131
13.196178433520242,6.7266391868918,6.726283445873298
13.367506999197063,6.726661431229089,6.726367097376579
13.541059957152662,6.7266806420852445,6.726438040886955
13.716866187107065,6.726697196049203,6.7264980166293356
13.89495494373136,6.726711428271307,6.726548557324677
14.075355861515744,6.726723636314691,6.726591008304008
14.258098959700803,6.726734083736164,6.726626546316914
14.44321464727279,6.726743003405515,6.7266561970338286
14.630733728023776,6.72675060057302,6.72668085125474
14.820687405677491,6.726757055695705,6.726701279848453
15.013107289081711,6.726762527033436,6.726718147456849
15.208025397468068,6.726767153026358,6.726732025006957
15.40547416578014,6.726771054465512,6.726743401080931
15.605486450070718,6.726774336468557,6.7267526921996765
15.808095532969155,6.726777090272638,6.726760252080229
16.013335129219694,6.726779394856307,6.726766379930107
16.221239391291697,6.726781318402315,6.726771327843825
16.431842915062706,6.726782919612775,6.72677530736759
16.645180745575384,6.726784248887943,6.7267784952980945
16.86128838286884,6.726785349379441,6.726781038780422
17.08020178788632,6.726786257928364,6.726783059768356
17.30195738845898,6.726787005898162,6.726784658908079
17.52659208536762,6.726787619911802,6.7267859189035235
17.754143258483104,6.726788122502067,6.726786907418328
17.984648772986464,6.726788532683406,6.726787679566033
18.218146985669787,6.726788866453147,6.7267882800363274
18.45467675131889,6.726789137229364,6.726788744901631
18.694277429178882,6.726789356232125,6.726789103144274
18.936988889503642,6.7267895328143545,6.7267893779410475
19.182851520190354,6.726789674747989,6.726789587738102
19.43190623350018,6.726789788470632,6.726789747145802
19.684194472866153,6.726789879297427,6.726789867679825
19.93975821978952,6.726789951602431,6.72678995837168
20.198640000825566,6.726790008973339,6.726790026268983
20.460882894660152,6.726790054342997,6.726790076843211
20.726530539278155,6.726790090100808,6.726790114320213
20.99562713922494,6.726790118186744,6.7267901419466645
21.268217472962125,6.726790140170411,6.726790162203686
21.544346900318867,6.726790157317289,6.726790176977104
21.824061370039843,6.726790170644031,6.726790187692435
22.10740742743128,6.726790180964433,6.726790195421264
22.39443222210621,6.726790188927546,6.726790200964559
22.685183515830325,6.726790195049105,6.726790204917603
22.97970969046965,6.7267901997373825,6.726790207720237
23.27805975604145,6.726790203314355,6.726790209695541
23.58028335886962,6.726790206032967,6.726790211079421
23.886430789846006,6.726790208091164,6.726790212043057
24.196552992798914,6.72679020964324,6.726790212709935
24.510701572970362,6.72679021080898,6.726790213168553
24.8289288056033,6.726790211681013,6.726790213481947
25.151287644640394,6.726790212330665,6.726790213694721
25.4778317315357,6.726790212812642,6.726790213838239
25.808615404180767,6.726790213168717,6.726790213934395
26.14369370594661,6.726790213430659,6.726790213998386
26.483122394843107,6.7267902136225235,6.7267902140406814
26.826957952797272,6.726790213762444,6.7267902140684415
27.175257595052038,6.7267902138640325,6.7267902140865345
27.52807927968702,6.72679021393746,6.726790214098242
27.885481717262916,6.726790213990291,6.726790214105762
28.247524380591123,6.72679021402813,6.726790214110557
28.61426751463017,6.726790214055104,6.72679021411359
28.98577214651068,6.726790214074241,6.726790214115496
29.36210009569044,6.726790214087756,6.726790214116683
29.74331398424135,6.726790214097251,6.7267902141174165
30.12947724726992,6.726790214103892,6.726790214117869
30.520654143473052,6.726790214108512,6.726790214118144
30.916909765830887,6.726790214111711,6.726790214118308
31.31831005243845,6.7267902141139135,6.726790214118409
31.724921797477947,6.726790214115423,6.726790214118466
32.136812662333526,6.726790214116453,6.726790214118501
32.55405118685032,6.726790214117149,6.726790214118521
32.97670680073967,6.726790214117621,6.726790214118532
33.404849835132445,6.726790214117936,6.72679021411854
33.83855153428233,6.726790214118147,6.726790214118542
34.27788406742111,6.726790214118285,6.726790214118545
34.72292054076782,6.726790214118378,6.726790214118546
35.1737350096938,6.726790214118438,6.726790214118546
35.630402491045814,6.726790214118478,6.726790214118546
36.09299897562899,6.726790214118503,6.726790214118546
36.56160144085194,6.72679021411852,6.726790214118546
37.03628786353603,6.72679021411853,6.726790214118547
37.51713723289098,6.726790214118537,6.726790214118547
38.00422956365882,6.726790214118541,6.726790214118547
38.497645909428655,6.726790214118544,6.726790214118547
38.997468376124196,6.726790214118545,6.726790214118547
39.5037801356664,6.726790214118547,6.726790214118547
40.016665439813565,6.726790214118547,6.726790214118547
40.53620963418103,6.726790214118547,6.726790214118547
41.06249917244294,6.726790214118547,6.726790214118547
41.595621630718426,6.726790214118548,6.726790214118547
42.1356657221445,6.726790214118548,6.726790214118547
42.68272131163817,6.726790214118548,6.726790214118547
43.23687943085024,6.726790214118548,6.726790214118547
43.79823229331325,6.726790214118548,6.726790214118547
44.366873309786065,6.726790214118548,6.726790214118547
44.942897103797705,6.726790214118548,6.726790214118547
45.526399527392975,6.726790214118548,6.726790214118547
46.11747767708251,6.726790214118548,6.726790214118547
46.71622990999997,6.726790214118548,6.726790214118547
47.32275586026887,6.726790214118548,6.726790214118547
47.93715645558209,6.726790214118548,6.726790214118547
48.55953393399645,6.726790214118548,6.726790214118547
49.18999186094547,6.726790214118548,6.726790214118547
49.828635146472955,6.726790214118548,6.726790214118547
50.47557006269032,6.726790214118548,6.726790214118547
51.13090426146061,6.726790214118548,6.726790214118547
51.79474679231202,6.726790214118548,6.726790214118547
52.46720812058436,6.726790214118548,6.726790214118547
53.14840014580988,6.726790214118548,6.726790214118547
53.838436220335005,6.726790214118548,6.726790214118547
54.53743116818161,6.726790214118548,6.726790214118547
55.24550130415433,6.726790214118548,6.726790214118547
55.96276445319564,6.726790214118548,6.726790214118547
56.6893399699923,6.726790214118548,6.726790214118547
57.42534875883629,6.726790214118548,6.726790214118547
58.170913293743695,6.726790214118548,6.726790214118547
58.92615763883469,6.726790214118548,6.726790214118547
59.69120746897818,6.726790214118548,6.726790214118547
60.46619009070448,6.726790214118548,6.726790214118547
61.251234463389494,6.726790214118548,6.726790214118547
62.046471220713926,6.726790214118548,6.726790214118547
62.8520326924011,6.726790214118548,6.726790214118547
63.668052926237024,6.726790214118548,6.726790214118547
64.49466771037633,6.726790214118548,6.726790214118547
65.33201459593784,6.726790214118548,6.726790214118547
66.18023291989341,6.726790214118548,6.726790214118547
67.0394638282541,6.726790214118548,6.726790214118547
67.9098502995572,6.726790214118548,6.726790214118547
68.79153716865838,6.726790214118548,6.726790214118547
69.68467115083249,6.726790214118548,6.726790214118547
70.58940086618752,6.726790214118548,6.726790214118547
71.50587686439543,6.726790214118548,6.726790214118547
72.43425164974396,6.726790214118548,6.726790214118547
73.37467970651389,6.726790214118548,6.726790214118547
74.32731752468558,6.726790214118548,6.726790214118547
75.29232362597949,6.726790214118548,6.726790214118547
76.26985859023452,6.726790214118548,6.726790214118547
77.26008508212904,6.726790214118548,6.726790214118547
78.26316787824877,6.726790214118548,6.726790214118547
79.27927389450606,6.726790214118548,6.726790214118547
80.30857221391521,6.726790214118548,6.726790214118547
81.35123411472834,6.726790214118548,6.726790214118547
82.40743309893665,6.726790214118548,6.726790214118547
83.47734492114162,6.726790214118548,6.726790214118547
84.56114761780107,6.726790214118548,6.726790214118547
85.659021536855,6.726790214118548,6.726790214118547
86.77114936773599,6.726790214118548,6.726790214118547
87.89771617176923,6.726790214118548,6.726790214118547
89.03890941296736,6.726790214118548,6.726790214118547
90.19491898922486,6.726790214118548,6.726790214118547
91.36593726391779,6.726790214118548,6.726790214118547
92.55215909791355,6.726790214118548,6.726790214118547
93.75378188199623,6.726790214118548,6.726790214118547
94.97100556971314,6.726790214118548,6.726790214118547
96.2040327106476,6.726790214118548,6.726790214118547
97.45306848412376,6.726790214118548,6.726790214118547
98.71832073334906,6.726790214118548,6.726790214118547
100.0,6.726790214118548,6.726790214118547
