{
  "method": "SELECTION_CORRECTED_WEIGHTING",
  "n_stars": 1800000,
  "M_total": 50000000000.0,
  "note": "Stars weighted by inverse selection probability to match true MW disk",
  "R_obs": [
    0.5,
    1.0,
    1.5,
    2.0,
    2.5,
    3.0,
    3.5,
    4.0,
    4.5,
    5.0,
    5.5,
    6.0,
    6.5,
    7.0,
    7.5,
    8.0,
    8.5,
    9.0,
    9.5,
    10.0,
    10.5,
    11.0,
    11.5,
    12.0,
    12.5,
    13.0,
    13.5,
    14.0,
    14.5,
    15.0
  ],
  "v_obs": [
    220.0,
    220.0,
    220.0,
    220.0,
    220.0,
    220.0,
    220.0,
    220.0,
    220.0,
    220.0,
    220.0,
    220.0,
    220.0,
    220.0,
    220.0,
    220.0,
    220.0,
    220.0,
    220.0,
    220.0,
    220.0,
    220.0,
    220.0,
    220.0,
    220.0,
    220.0,
    220.0,
    220.0,
    220.0,
    220.0
  ],
  "hypotheses": {
    "universal": {
      "name": "Universal \u03bb = 4.993 kpc",
      "v_pred": [
        0.0,
        0.0,
        0.0,
        0.0,
        0.0,
        0.0,
        0.0,
        126.70124816894531,
        184.48793029785156,
        221.28005981445312,
        243.51304626464844,
        227.50901794433594,
        260.135009765625,
        328.69122314453125,
        331.90826416015625,
        264.7219543457031,
        437.8346862792969,
        391.1971740722656,
        378.48388671875,
        374.5279846191406,
        354.3998718261719,
        320.6336669921875,
        301.0628356933594,
        306.24139404296875,
        291.3224792480469,
        286.87200927734375,
        270.1349182128906,
        271.3279724121094,
        250.50804138183594,
        237.44898986816406
      ],
      "v_solar": 333.9670471191404,
      "lambda_median": 4.993000030517578,
      "lambda_std": 0.0,
      "chi2": 18707.416356592672,
      "rms": 136.77505750900883
    },
    "h_R": {
      "name": "\u03bb = h(R) (position-dependent)",
      "v_pred": [
        0.0,
        0.0,
        0.0,
        0.0,
        0.0,
        0.0,
        0.0,
        167.31024169921875,
        225.2541961669922,
        261.95343017578125,
        284.3115539550781,
        273.482177734375,
        305.3875427246094,
        369.9353332519531,
        371.4302978515625,
        306.96905517578125,
        469.33697509765625,
        422.0700378417969,
        406.88037109375,
        400.1969299316406,
        378.1309814453125,
        343.45684814453125,
        322.45758056640625,
        324.82025146484375,
        308.548828125,
        302.36187744140625,
        284.8161926269531,
        284.2921447753906,
        263.2458190917969,
        249.7325439453125
      ],
      "v_solar": 371.91622314453105,
      "lambda_median": 0.8665028214454651,
      "lambda_std": 0.9294649362564087,
      "chi2": 22282.270274560473,
      "rms": 149.2724699151202
    }
  }
}