sigma_v,v_over_sigma,mean_C_jj,mean_enhancement,damping_factor
10,16.34884652313205,0.8948393168143698,1.1676230694314067,0.8948393168143698
20,8.174423261566025,0.6411803884299547,1.122789314938824,0.6411803884299546
30,5.449615507710684,0.36787944117144245,1.072278003720596,0.36787944117144233
50,3.26976930462641,0.06217652402211633,1.0126047481999996,0.06217652402211632
80,2.043605815391506,0.000815987835072148,1.000166531708392,0.0008159878350721483
120,1.362403876927671,1.1253517471925909e-07,1.0000000229689219,1.1253517471925912e-07
