{
  "MW": {
    "ell_0_kpc": 1.6000000000011823,
    "p": 0.10000000000000002,
    "n": 1.9999999999999998,
    "A": 0.8250274493138979,
    "rms": 0.0015091798627106907,
    "max_diff": 0.002754102873828268,
    "relative_rms": 0.0022836429311386994
  },
  "NGC2403": {
    "ell_0_kpc": 2.0870000000379476,
    "p": 0.10000000000000002,
    "n": 1.999999999977314,
    "A": 0.7675106224747414,
    "rms": 0.022042359184694046,
    "max_diff": 0.06494718087550089,
    "relative_rms": 0.037458946010423565
  },
  "NGC5055": {
    "ell_0_kpc": 5.459000000285808,
    "p": 0.10000000000000002,
    "n": 1.99999999993318,
    "A": 0.833646424269137,
    "rms": 0.023971895020071448,
    "max_diff": 0.06103307267382441,
    "relative_rms": 0.03733534839995629
  },
  "DDO154": {
    "ell_0_kpc": 0.5920000019306407,
    "p": 0.10000000000000002,
    "n": 1.999999997645335,
    "A": 0.45398885747157897,
    "rms": 0.00773137826209276,
    "max_diff": 0.018341775975388552,
    "relative_rms": 0.021676066381142733
  }
}