{
  "cluster": "ABELL_1689",
  "R_kpc": [
    7.64,
    22.92,
    38.2,
    53.48,
    68.76,
    84.04,
    99.32,
    114.6,
    129.88,
    145.16000000000005,
    160.44,
    175.72,
    191.0,
    206.28000000000003,
    221.56,
    236.84,
    252.12,
    267.4,
    282.68000000000006,
    297.96,
    313.23999999999995,
    328.52000000000004,
    343.8,
    359.0799999999999,
    374.36,
    389.64,
    404.92,
    420.2000000000001,
    435.48,
    450.76,
    466.045,
    481.33,
    496.61,
    511.88999999999993,
    527.1700000000001,
    542.4499999999999,
    557.73,
    573.01,
    588.29,
    603.5699999999999,
    618.85,
    634.13,
    649.4100000000001,
    664.69,
    679.9699999999999,
    695.25,
    710.53,
    725.8100000000001,
    741.09,
    756.37,
    771.65,
    786.9300000000001,
    802.2099999999999,
    817.49,
    832.77,
    848.05,
    863.3299999999999,
    878.61,
    893.8900000000001,
    909.17
  ],
  "K": [
    0.8209535405167373,
    0.820953540826052,
    0.8209535411353664,
    0.8209535414446811,
    0.8209535417539957,
    0.8209535420633103,
    0.8209535423726247,
    0.8209535426819393,
    0.8209535429912539,
    0.8209535433005685,
    0.820953543609883,
    0.8209535439191976,
    0.8209535442285122,
    0.8209535445378268,
    0.8209535448471413,
    0.8209535451564558,
    0.8209535454657704,
    0.820953545775085,
    0.8209535460843995,
    0.8209535463937141,
    0.8209535467030286,
    0.8209535470123431,
    0.8209535473216577,
    0.8209535476309722,
    0.8209535479402867,
    0.8209535482496013,
    0.8209535485589159,
    0.8209535488682304,
    0.8209535491775448,
    0.8209535494868594,
    0.8209535497962752,
    0.8209535501056908,
    0.8209535504150054,
    0.82095355072432,
    0.8209535510336344,
    0.820953551342949,
    0.8209535516522635,
    0.820953551961578,
    0.8209535522708925,
    0.820953552580207,
    0.8209535528895215,
    0.820953553198836,
    0.8209535535081505,
    0.820953553817465,
    0.8209535541267795,
    0.820953554436094,
    0.8209535547454085,
    0.820953555054723,
    0.8209535553640375,
    0.8209535556733519,
    0.8209535559826664,
    0.820953556291981,
    0.8209535566012954,
    0.8209535569106099,
    0.8209535572199244,
    0.8209535575292388,
    0.8209535578385533,
    0.8209535581478677,
    0.8209535584571823,
    0.8209535587664967
  ],
  "Xi": [
    0.8522329785746763,
    1.6372847775818875,
    1.4743728528038131,
    1.4016779846844654,
    1.386027913565938,
    1.3952086962857815,
    1.4133737338589893,
    1.4374832644404163,
    1.4595093602089495,
    1.488173289025365,
    1.518016537723703,
    1.5483480992765506,
    1.5866808562373502,
    1.6193448017090173,
    1.647607485164134,
    1.677523194500718,
    1.7033310747427142,
    1.7291794860192964,
    1.7555427197092097,
    1.7822736916972077,
    1.8038421158968865,
    1.817330587942961,
    1.8320286234890475,
    1.8511377825677937,
    1.8707595767349678,
    1.8876914057305494,
    1.902421250097758,
    1.9207332267348387,
    1.9383611400361735,
    1.947118265142593,
    1.9575798614442992,
    1.9680057540550944,
    1.9772134479196497,
    1.9881768562680704,
    2.004356449511679,
    2.0122199376113428,
    2.015015458813863,
    2.028712623593805,
    2.0388805133384778,
    2.044590810569567,
    2.0525169585454077,
    2.0593242388261963,
    2.064601318842184,
    2.0663747478663237,
    2.07309421027372,
    2.0861987148687917,
    2.0896204975721875,
    2.0881402035357723,
    2.0912071597642967,
    2.0976264857726936,
    2.105016995557836,
    2.1012829869321177,
    2.0986150897330056,
    2.108013846402601,
    2.1154211220603814,
    2.1213777413943338,
    2.1264800268534594,
    2.1296089332388197,
    2.1330837944632592,
    2.1389837050387417
  ],
  "ell_coh_kpc": [
    0.08474533182763558,
    0.2542359942840803,
    0.42372665514208985,
    0.593217314401664,
    0.7627079720628033,
    0.932198628125507,
    1.101689282589776,
    1.2711799354556097,
    1.440670586723008,
    1.6101612363919722,
    1.7796518844624998,
    1.949142530934593,
    2.1186331758082515,
    2.2881238190834754,
    2.4576144607602632,
    2.6271051008386173,
    2.7965957393185357,
    2.9660863762000194,
    3.1355770114830688,
    3.3050676451676817,
    3.474558277253861,
    3.644048907741607,
    3.8135395366309153,
    3.9830301639217893,
    4.15252078961423,
    4.3220114137082355,
    4.491502036203807,
    4.660992657100945,
    4.830483276399645,
    4.99997389409991,
    5.169519971790519,
    5.339066047881649,
    5.508556660785565,
    5.678047272091048,
    5.847537881798095,
    6.017028489906707,
    6.1865190964168875,
    6.356009701328632,
    6.52550030464194,
    6.694990906356819,
    6.8644815064732585,
    7.033972104991266,
    7.20346270191084,
    7.372953297231978,
    7.542443890954679,
    7.7119344830789505,
    7.881425073604786,
    8.050915662532189,
    8.220406249861155,
    8.389896835591689,
    8.559387419723787,
    8.728878002257451,
    8.89836858319268,
    9.067859162529478,
    9.237349740267842,
    9.406840316407768,
    9.576330890949263,
    9.745821463892325,
    9.915312035236953,
    10.084802604983144
  ],
  "R_Einstein_kpc": 200.0,
  "K_E": 0.8209535445378268,
  "Xi_E": 1.6193448017090173,
  "ell_coh_E_kpc": 2.2881238190834754,
  "dt_shapiro_gr_yr": 1.5028937976822025,
  "dt_shapiro_extra_yr": 1.2338059902711196,
  "dt_ratio": 0.8209535445378268
}