{
  "sigma_only": {
    "params": [
      10.045875342015098,
      0.400699751430929
    ],
    "rms": 10.492655724501029,
    "corr": 0.3623613354377658,
    "sigma_ref": 14.76375
  },
  "sigma_Rd": {
    "params": [
      10.022735891933777,
      0.10000000000033996,
      0.31233328947078687
    ],
    "rms": 10.278270969266863,
    "corr": 0.4047967642218861,
    "sigma_ref": 14.76375,
    "R_ref": 12.35
  }
}