{
  "linear": {
    "params": [
      3.6070893653709177
    ],
    "rms": 0.26998149683529604,
    "corr": -0.614803952996412
  },
  "extra_time": {
    "params": [
      3.607089364946178,
      1.367490379200624e-27
    ],
    "rms": 0.26998149683529604,
    "corr": -0.6148039529964123
  },
  "power_law": {
    "params": [
      0.7737511599357971,
      0.10000000000000002
    ],
    "rms": 0.08097242878588702,
    "corr": -0.5405442788384325
  }
}