{
  "n_points": 10332,
  "R_range_kpc": [
    12.000089882945645,
    15.999064459998426
  ],
  "corr_Kreq_Krough": 0.0,
  "rms_diff_K": 2.1098172880288675,
  "mean_abs_diff_K": 1.8489894721741407,
  "rel_error": 0.7410839788615492,
  "Kreq_mean": 2.4924003043440814,
  "Kreq_median": 2.3626161264150927,
  "Kreq_std": 1.0472841239902797,
  "Krough_mean": 0.6608640768691311,
  "Krough_median": 0.6608640768173772,
  "Krough_std": 1.7988310076826373e-10,
  "Xi_mean": 0.12182213728720867,
  "Xi_median": 0.12275604899986377,
  "Xi_max": 0.12725601430339373
}