{
  "n_galaxies": 165,
  "n_improved": 13,
  "n_worsened": 152,
  "mean_rms_gr": 34.61484741536385,
  "mean_rms_model": 221.55896107286637,
  "mean_delta_rms": 186.94411365750244,
  "median_delta_rms": 82.84212828759411,
  "mean_K_rough": 0.655441885936954,
  "mean_K_missing": 10.085012087810796,
  "mean_K_total": 10.279305233973814,
  "mean_Xi": 0.20950042481325387
}