{
  "params": {
    "F_max": 10.376199873912048,
    "psi0": 0.009799570836517885,
    "delta": 2.0351262444313627,
    "v_ref": 125.49586813616462
  },
  "rms": 11.197622840195253,
  "correlation": 0.06138828888415136,
  "n_galaxies": 158,
  "n_valid": 158
}