Running specextract
Version: 8 June 2026

Parameters: {'infile': '/home/henry/sigma-v19ck-rmf-diagnostic/v100/c3432/e/s.fits[sky=region(/home/henry/sigma-v19f-chandra/causal_observables_v19h_v100/BULLET/images/broad_flux/5358.fov)]', 'outroot': '/home/henry/sigma-v19ck-rmf-diagnostic/v100/c3432/products/BULLET_bin384_obs5358_ccd0', 'weight': 'yes', 'weight_rmf': 'yes', 'correctpsf': 'no', 'combine': 'no', 'bkgfile': '/home/henry/sigma-v19ck-rmf-diagnostic/v100/c3432/e/b.fits[sky=region(/home/henry/sigma-v19f-chandra/causal_observables_v19h_v100/BULLET/images/broad_flux/5358.fov)]', 'bkgresp': 'no', 'asp': '@/home/henry/sigma-v19f-chandra/astrometry_v102/BULLET/5358/corrected_asol1.lis', 'resp_pos': 'CENTROID', 'refcoord': '104.60277454729300,-55.96447902904857', 'rmffile': 'CALDB', 'gtype': 'NONE', 'gspec': 'NONE', 'bggtype': 'NONE', 'bggspec': 'NONE', 'ebin': '0.3:11.0:0.01', 'channel': '1:1024:1', 'ewmap': '500:7000', 'binarfwmap': '1', 'binwmap': 'det=8', 'binarfcorr': 1.0, 'dtffile': '', 'mskfile': '/home/henry/sigma-v19f-chandra/repro/BULLET/5358/acisf05358_000N004_msk1.fits', 'dafile': 'CALDB', 'bpixfile': '/home/henry/sigma-v19f-chandra/repro/BULLET/5358/acisf05358_repro_bpix1.fits', 'tmpdir': '/home/henry/sigma-v19ck-rmf-diagnostic/v100/c3432/tmp', 'clobber': 'no', 'verbose': 5, 'mode': 'h', 'streakspec': 'no', 'parallel': 'no', 'nproc': '1', 'wmap_clip': False, 'wmap_threshold': None}
Reading block information from /home/henry/sigma-v19ck-rmf-diagnostic/v100/c3432/e/s.fits[#row=0]
Opening file /home/henry/sigma-v19ck-rmf-diagnostic/v100/c3432/e/s.fits[#row=0]
Closing block 'EVENTS'
Reading block information from /home/henry/sigma-v19ck-rmf-diagnostic/v100/c3432/e/b.fits[#row=0]
Opening file /home/henry/sigma-v19ck-rmf-diagnostic/v100/c3432/e/b.fits[#row=0]
Closing block 'EVENTS'
Checking for blanksky background files...
Checking for blanksky background files...
WARNING: Extracting background spectra from blanksky background files.

WARNING: Extracting background spectra from M.M. ACIS blanksky background files.

Checking detector focal plane temperature

Reading block information from /home/henry/sigma-v19ck-rmf-diagnostic/v100/c3432/e/b.fits[sky=region(/home/henry/sigma-v19f-chandra/causal_observables_v19h_v100/BULLET/images/broad_flux/5358.fov)][#row=0]
Opening file /home/henry/sigma-v19ck-rmf-diagnostic/v100/c3432/e/b.fits[sky=region(/home/henry/sigma-v19f-chandra/causal_observables_v19h_v100/BULLET/images/broad_flux/5358.fov)][#row=0]
Closing block 'EVENTS'
About to overide user PFILES setting: ['/home/henry/sigma-v19ck-rmf-diagnostic/v100/c3432/pfiles'] from /home/henry/sigma-v19ck-rmf-diagnostic/v100/c3432/pfiles;/home/henry/miniforge3/envs/sigma-ciao-4.18/param
Setting up /home/henry/sigma-v19ck-rmf-diagnostic/v100/c3432/tmp/tmpdir4j09ljjo as new user PFILES directory
Calling punlearn on tool dmlist
Calling punlearn on tool dmlist
Entering _validate for name=infile val=/home/henry/sigma-v19ck-rmf-diagnostic/v100/c3432/e/s.fits[sky=region(/home/henry/sigma-v19f-chandra/causal_observables_v19h_v100/BULLET/images/broad_flux/5358.fov)] (type=<class 'str'>) store=True
Validating dmlist.infile val=/home/henry/sigma-v19ck-rmf-diagnostic/v100/c3432/e/s.fits[sky=region(/home/henry/sigma-v19f-chandra/causal_observables_v19h_v100/BULLET/images/broad_flux/5358.fov)] as ...
... something else
Setting dmlist.infile to /home/henry/sigma-v19ck-rmf-diagnostic/v100/c3432/e/s.fits[sky=region(/home/henry/sigma-v19f-chandra/causal_observables_v19h_v100/BULLET/images/broad_flux/5358.fov)] (<class 'str'>)
Entering _validate for name=opt val=counts (type=<class 'str'>) store=True
Validating dmlist.opt val=counts as ...
... something else
Setting dmlist.opt to counts (<class 'str'>)
_create_parfile_copy called for dmlist with parfile=None
Copying par file /home/henry/miniforge3/envs/sigma-ciao-4.18/param/dmlist.par to /home/henry/sigma-v19ck-rmf-diagnostic/v100/c3432/tmp/tmpjwgn6_u8.dmlist.par
_update_parfile[dmlist] called for /home/henry/sigma-v19ck-rmf-diagnostic/v100/c3432/tmp/tmpjwgn6_u8.dmlist.par
Opening parameter file with mode=wLH: '/home/henry/sigma-v19ck-rmf-diagnostic/v100/c3432/tmp/tmpjwgn6_u8.dmlist.par'
setting parameter infile type=f val=/home/henry/sigma-v19ck-rmf-diagnostic/v100/c3432/e/s.fits[sky=region(/home/henry/sigma-v19f-chandra/causal_observables_v19h_v100/BULLET/images/broad_flux/5358.fov)]
setting parameter opt type=s val=counts
setting parameter outfile type=f val=None
setting parameter rows type=s val=None
setting parameter cells type=s val=None
setting parameter verbose type=i val=0
Verifying parameter settings
verifying parameter infile type=f is val=/home/henry/sigma-v19ck-rmf-diagnostic/v100/c3432/e/s.fits[sky=region(/home/henry/sigma-v19f-chandra/causal_observables_v19h_v100/BULLET/images/broad_flux/5358.fov)]
verifying parameter opt type=s is val=counts
verifying parameter outfile type=f is val=None
verifying parameter rows type=s is val=None
verifying parameter cells type=s is val=None
verifying parameter verbose type=i is val=0
_update_parfile[dmlist] returning {}
Running tool dmlist using:
>>> dmlist "/home/henry/sigma-v19ck-rmf-diagnostic/v100/c3432/e/s.fits[sky=region(/home/henry/sigma-v19f-chandra/causal_observables_v19h_v100/BULLET/images/broad_flux/5358.fov)]" counts
***** Start of parameter file
** infile,f,a,"/home/henry/sigma-v19ck-rmf-diagnostic/v100/c3432/e/s.fits[sky=region(/home/henry/sigma-v19f-chandra/causal_observables_v19h_v100/BULLET/images/broad_flux/5358.fov)]",,,"Input dataset/block specification"
** opt,s,a,"counts",,,"Option"
** outfile,f,h,"",,,"Output file (optional)"
** rows,s,h,"",,,"Range of table rows to print (min:max)"
** cells,s,h,"",,,"Range of array indices to print (min:max)"
** verbose,i,h,0,0,5,"Debug Level(0-5)"
** mode,s,h,"hl",,,
***** End of parameter file
Starting dmlist at Wed Aug  5 13:09:56 2026
dmlist finished at Wed Aug  5 13:09:56 2026
Run time = < 1 sec
Return code = 0
***** Start of parameter file
** infile,f,a,"/home/henry/sigma-v19ck-rmf-diagnostic/v100/c3432/e/s.fits[sky=region(/home/henry/sigma-v19f-chandra/causal_observables_v19h_v100/BULLET/images/broad_flux/5358.fov)]",,,"Input dataset/block specification"
** opt,s,a,"counts",,,"Option"
** outfile,f,h,"",,,"Output file (optional)"
** rows,s,h,"",,,"Range of table rows to print (min:max)"
** cells,s,h,"",,,"Range of array indices to print (min:max)"
** verbose,i,h,0,0,5,"Debug Level(0-5)"
** mode,s,h,"hl",,,
***** End of parameter file
Entering _validate for name=infile val=/home/henry/sigma-v19ck-rmf-diagnostic/v100/c3432/e/s.fits[sky=region(/home/henry/sigma-v19f-chandra/causal_observables_v19h_v100/BULLET/images/broad_flux/5358.fov)] (type=<class 'str'>) store=True
Validating dmlist.infile val=/home/henry/sigma-v19ck-rmf-diagnostic/v100/c3432/e/s.fits[sky=region(/home/henry/sigma-v19f-chandra/causal_observables_v19h_v100/BULLET/images/broad_flux/5358.fov)] as ...
... something else
Setting dmlist.infile to /home/henry/sigma-v19ck-rmf-diagnostic/v100/c3432/e/s.fits[sky=region(/home/henry/sigma-v19f-chandra/causal_observables_v19h_v100/BULLET/images/broad_flux/5358.fov)] (<class 'str'>)
Entering _validate for name=opt val=counts (type=<class 'str'>) store=True
Validating dmlist.opt val=counts as ...
... something else
Setting dmlist.opt to counts (<class 'str'>)
Entering _validate for name=outfile val= (type=<class 'str'>) store=True
Validating dmlist.outfile val= as ...
... a ''
Setting dmlist.outfile to None (<class 'NoneType'>)
Entering _validate for name=rows val= (type=<class 'str'>) store=True
Validating dmlist.rows val= as ...
... a ''
Setting dmlist.rows to None (<class 'NoneType'>)
Entering _validate for name=cells val= (type=<class 'str'>) store=True
Validating dmlist.cells val= as ...
... a ''
Setting dmlist.cells to None (<class 'NoneType'>)
Entering _validate for name=verbose val=0 (type=<class 'str'>) store=True
Validating dmlist.verbose val=0 as ...
... an integer
Validating dmlist.verbose val=0 against min/max=0/5
Setting dmlist.verbose to 0 (<class 'int'>)
Read parameters for dmlist from /home/henry/sigma-v19ck-rmf-diagnostic/v100/c3432/tmp/tmpjwgn6_u8.dmlist.par
Deleting par file: /home/henry/sigma-v19ck-rmf-diagnostic/v100/c3432/tmp/tmpjwgn6_u8.dmlist.par
About to restore PFILES setting to /home/henry/sigma-v19ck-rmf-diagnostic/v100/c3432/pfiles;/home/henry/miniforge3/envs/sigma-ciao-4.18/param
Reading block information from /home/henry/sigma-v19ck-rmf-diagnostic/v100/c3432/e/s.fits[sky=region(/home/henry/sigma-v19f-chandra/causal_observables_v19h_v100/BULLET/images/broad_flux/5358.fov)][#row=0]
Opening file /home/henry/sigma-v19ck-rmf-diagnostic/v100/c3432/e/s.fits[sky=region(/home/henry/sigma-v19f-chandra/causal_observables_v19h_v100/BULLET/images/broad_flux/5358.fov)][#row=0]
Closing block 'EVENTS'
About to overide user PFILES setting: ['/home/henry/sigma-v19ck-rmf-diagnostic/v100/c3432/pfiles'] from /home/henry/sigma-v19ck-rmf-diagnostic/v100/c3432/pfiles;/home/henry/miniforge3/envs/sigma-ciao-4.18/param
Setting up /home/henry/sigma-v19ck-rmf-diagnostic/v100/c3432/tmp/tmpdir54gp_iih as new user PFILES directory
Calling punlearn on tool dmlist
Calling punlearn on tool dmlist
Entering _validate for name=infile val=/home/henry/sigma-v19ck-rmf-diagnostic/v100/c3432/e/s.fits[sky=region(/home/henry/sigma-v19f-chandra/causal_observables_v19h_v100/BULLET/images/broad_flux/5358.fov)][energy=500:7000] (type=<class 'str'>) store=True
Validating dmlist.infile val=/home/henry/sigma-v19ck-rmf-diagnostic/v100/c3432/e/s.fits[sky=region(/home/henry/sigma-v19f-chandra/causal_observables_v19h_v100/BULLET/images/broad_flux/5358.fov)][energy=500:7000] as ...
... something else
Setting dmlist.infile to /home/henry/sigma-v19ck-rmf-diagnostic/v100/c3432/e/s.fits[sky=region(/home/henry/sigma-v19f-chandra/causal_observables_v19h_v100/BULLET/images/broad_flux/5358.fov)][energy=500:7000] (<class 'str'>)
Entering _validate for name=opt val=counts (type=<class 'str'>) store=True
Validating dmlist.opt val=counts as ...
... something else
Setting dmlist.opt to counts (<class 'str'>)
_create_parfile_copy called for dmlist with parfile=None
Copying par file /home/henry/miniforge3/envs/sigma-ciao-4.18/param/dmlist.par to /home/henry/sigma-v19ck-rmf-diagnostic/v100/c3432/tmp/tmpnnhme9l8.dmlist.par
_update_parfile[dmlist] called for /home/henry/sigma-v19ck-rmf-diagnostic/v100/c3432/tmp/tmpnnhme9l8.dmlist.par
Opening parameter file with mode=wLH: '/home/henry/sigma-v19ck-rmf-diagnostic/v100/c3432/tmp/tmpnnhme9l8.dmlist.par'
setting parameter infile type=f val=/home/henry/sigma-v19ck-rmf-diagnostic/v100/c3432/e/s.fits[sky=region(/home/henry/sigma-v19f-chandra/causal_observables_v19h_v100/BULLET/images/broad_flux/5358.fov)][energy=500:7000]
setting parameter opt type=s val=counts
setting parameter outfile type=f val=None
setting parameter rows type=s val=None
setting parameter cells type=s val=None
setting parameter verbose type=i val=0
Verifying parameter settings
verifying parameter infile type=f is val=/home/henry/sigma-v19ck-rmf-diagnostic/v100/c3432/e/s.fits[sky=region(/home/henry/sigma-v19f-chandra/causal_observables_v19h_v100/BULLET/images/broad_flux/5358.fov)][energy=500:7000]
verifying parameter opt type=s is val=counts
verifying parameter outfile type=f is val=None
verifying parameter rows type=s is val=None
verifying parameter cells type=s is val=None
verifying parameter verbose type=i is val=0
_update_parfile[dmlist] returning {}
Running tool dmlist using:
>>> dmlist "/home/henry/sigma-v19ck-rmf-diagnostic/v100/c3432/e/s.fits[sky=region(/home/henry/sigma-v19f-chandra/causal_observables_v19h_v100/BULLET/images/broad_flux/5358.fov)][energy=500:7000]" counts
***** Start of parameter file
** infile,f,a,"/home/henry/sigma-v19ck-rmf-diagnostic/v100/c3432/e/s.fits[sky=region(/home/henry/sigma-v19f-chandra/causal_observables_v19h_v100/BULLET/images/broad_flux/5358.fov)][energy=500:7000]",,,"Input dataset/block specification"
** opt,s,a,"counts",,,"Option"
** outfile,f,h,"",,,"Output file (optional)"
** rows,s,h,"",,,"Range of table rows to print (min:max)"
** cells,s,h,"",,,"Range of array indices to print (min:max)"
** verbose,i,h,0,0,5,"Debug Level(0-5)"
** mode,s,h,"hl",,,
***** End of parameter file
Starting dmlist at Wed Aug  5 13:09:56 2026
dmlist finished at Wed Aug  5 13:09:56 2026
Run time = < 1 sec
Return code = 0
***** Start of parameter file
** infile,f,a,"/home/henry/sigma-v19ck-rmf-diagnostic/v100/c3432/e/s.fits[sky=region(/home/henry/sigma-v19f-chandra/causal_observables_v19h_v100/BULLET/images/broad_flux/5358.fov)][energy=500:7000]",,,"Input dataset/block specification"
** opt,s,a,"counts",,,"Option"
** outfile,f,h,"",,,"Output file (optional)"
** rows,s,h,"",,,"Range of table rows to print (min:max)"
** cells,s,h,"",,,"Range of array indices to print (min:max)"
** verbose,i,h,0,0,5,"Debug Level(0-5)"
** mode,s,h,"hl",,,
***** End of parameter file
Entering _validate for name=infile val=/home/henry/sigma-v19ck-rmf-diagnostic/v100/c3432/e/s.fits[sky=region(/home/henry/sigma-v19f-chandra/causal_observables_v19h_v100/BULLET/images/broad_flux/5358.fov)][energy=500:7000] (type=<class 'str'>) store=True
Validating dmlist.infile val=/home/henry/sigma-v19ck-rmf-diagnostic/v100/c3432/e/s.fits[sky=region(/home/henry/sigma-v19f-chandra/causal_observables_v19h_v100/BULLET/images/broad_flux/5358.fov)][energy=500:7000] as ...
... something else
Setting dmlist.infile to /home/henry/sigma-v19ck-rmf-diagnostic/v100/c3432/e/s.fits[sky=region(/home/henry/sigma-v19f-chandra/causal_observables_v19h_v100/BULLET/images/broad_flux/5358.fov)][energy=500:7000] (<class 'str'>)
Entering _validate for name=opt val=counts (type=<class 'str'>) store=True
Validating dmlist.opt val=counts as ...
... something else
Setting dmlist.opt to counts (<class 'str'>)
Entering _validate for name=outfile val= (type=<class 'str'>) store=True
Validating dmlist.outfile val= as ...
... a ''
Setting dmlist.outfile to None (<class 'NoneType'>)
Entering _validate for name=rows val= (type=<class 'str'>) store=True
Validating dmlist.rows val= as ...
... a ''
Setting dmlist.rows to None (<class 'NoneType'>)
Entering _validate for name=cells val= (type=<class 'str'>) store=True
Validating dmlist.cells val= as ...
... a ''
Setting dmlist.cells to None (<class 'NoneType'>)
Entering _validate for name=verbose val=0 (type=<class 'str'>) store=True
Validating dmlist.verbose val=0 as ...
... an integer
Validating dmlist.verbose val=0 against min/max=0/5
Setting dmlist.verbose to 0 (<class 'int'>)
Read parameters for dmlist from /home/henry/sigma-v19ck-rmf-diagnostic/v100/c3432/tmp/tmpnnhme9l8.dmlist.par
Deleting par file: /home/henry/sigma-v19ck-rmf-diagnostic/v100/c3432/tmp/tmpnnhme9l8.dmlist.par
About to restore PFILES setting to /home/henry/sigma-v19ck-rmf-diagnostic/v100/c3432/pfiles;/home/henry/miniforge3/envs/sigma-ciao-4.18/param
Reading block information from /home/henry/sigma-v19ck-rmf-diagnostic/v100/c3432/e/s.fits[sky=region(/home/henry/sigma-v19f-chandra/causal_observables_v19h_v100/BULLET/images/broad_flux/5358.fov)][#row=0]
Opening file /home/henry/sigma-v19ck-rmf-diagnostic/v100/c3432/e/s.fits[sky=region(/home/henry/sigma-v19f-chandra/causal_observables_v19h_v100/BULLET/images/broad_flux/5358.fov)][#row=0]
Closing block 'EVENTS'
Looking for ObsId from headers of /home/henry/sigma-v19ck-rmf-diagnostic/v100/c3432/e/s.fits[sky=region(/home/henry/sigma-v19f-chandra/causal_observables_v19h_v100/BULLET/images/broad_flux/5358.fov)][#row=0].
TIMEDEL=0.0 is <= 0 so assuming non-interleaved.
ObsId: obsid=5358 cycle=None obi=0
ObsId sent obsid=5358 cycle=None obi=0
Looking for aimpoint CCD in /home/henry/sigma-v19ck-rmf-diagnostic/v100/c3432/e/s.fits[sky=region(/home/henry/sigma-v19f-chandra/causal_observables_v19h_v100/BULLET/images/broad_flux/5358.fov)][#row=0]
File has 4 blocks
Block #1 = PRIMARY
Block #2 = EVENTS
Block #3 = GTI0
Found aimpoint CCD = 0
Looking for WCS transform in column time
Looking for WCS transform in column expno
Looking for WCS transform in column ccd_id
Looking for WCS transform in column node_id
Looking for WCS transform in column chip
 - got transform
 - transform type = ('LINEAR', 4)
Looking for WCS transform in column tdet
Looking for WCS transform in column det
 - got transform
 - transform type = ('TAN-P', 4)
Looking for WCS transform in column sky
 - got transform
 - transform type = ('TAN', 4)
 -> found one
Looking for WCS transform in column phas
Looking for WCS transform in column pha
Looking for WCS transform in column pha_ro
Looking for WCS transform in column energy
Looking for WCS transform in column pi
Looking for WCS transform in column fltgrade
Looking for WCS transform in column grade
Looking for WCS transform in column status
Transform info =
(array([4096.5, 4096.5]), array([104.65543485, -55.96611281]), array([-0.00013667,  0.00013667]))
Tangent point in /home/henry/sigma-v19ck-rmf-diagnostic/v100/c3432/e/s.fits[sky=region(/home/henry/sigma-v19f-chandra/causal_observables_v19h_v100/BULLET/images/broad_flux/5358.fov)][#row=0]: 104.6554348455 -55.966112810276
Using event file '/home/henry/sigma-v19ck-rmf-diagnostic/v100/c3432/e/s.fits[sky=region(/home/henry/sigma-v19f-chandra/causal_observables_v19h_v100/BULLET/images/broad_flux/5358.fov)]' to determine ancillary files

Checking asol file for readability...
  validating file: /home/henry/sigma-v19f-chandra/astrometry_v102/BULLET/5358/pcadf05358_000N001_gaia_asol1.fits
  ... checking if it exists
Checking mask file for readability...
  validating file: /home/henry/sigma-v19f-chandra/repro/BULLET/5358/acisf05358_000N004_msk1.fits
  ... checking if it exists
Checking dead area file for readability...
  validating file: CALDB
  ... skipping
Checking badpix file for readability...
  validating file: /home/henry/sigma-v19f-chandra/repro/BULLET/5358/acisf05358_repro_bpix1.fits
  ... checking if it exists
Reading block information from /home/henry/sigma-v19f-chandra/astrometry_v102/BULLET/5358/pcadf05358_000N001_gaia_asol1.fits[#row=0]
Opening file /home/henry/sigma-v19f-chandra/astrometry_v102/BULLET/5358/pcadf05358_000N001_gaia_asol1.fits[#row=0]
Closing block 'ASPSOL'
Reading block information from /home/henry/sigma-v19f-chandra/astrometry_v102/BULLET/5358/pcadf05358_000N001_gaia_asol1.fits[#row=0]
Opening file /home/henry/sigma-v19f-chandra/astrometry_v102/BULLET/5358/pcadf05358_000N001_gaia_asol1.fits[#row=0]
Closing block 'ASPSOL'
Reading block information from /home/henry/sigma-v19f-chandra/astrometry_v102/BULLET/5358/pcadf05358_000N001_gaia_asol1.fits[#row=0]
Opening file /home/henry/sigma-v19f-chandra/astrometry_v102/BULLET/5358/pcadf05358_000N001_gaia_asol1.fits[#row=0]
Closing block 'ASPSOL'
ObsIDs matched to aspect solution files: 
{np.str_('5358'): '/home/henry/sigma-v19f-chandra/astrometry_v102/BULLET/5358/pcadf05358_000N001_gaia_asol1.fits'}
Checking source file for readability...
  validating file: /home/henry/sigma-v19ck-rmf-diagnostic/v100/c3432/e/s.fits[sky=region(/home/henry/sigma-v19f-chandra/causal_observables_v19h_v100/BULLET/images/broad_flux/5358.fov)]
  ... checking if it exists
Checking background file for readability...
  validating file: /home/henry/sigma-v19ck-rmf-diagnostic/v100/c3432/e/b.fits[sky=region(/home/henry/sigma-v19f-chandra/causal_observables_v19h_v100/BULLET/images/broad_flux/5358.fov)]
  ... checking if it exists
Reading block information from /home/henry/sigma-v19ck-rmf-diagnostic/v100/c3432/e/s.fits[#row=0]
Opening file /home/henry/sigma-v19ck-rmf-diagnostic/v100/c3432/e/s.fits[#row=0]
Closing block 'EVENTS'
About to overide user PFILES setting: ['/home/henry/sigma-v19ck-rmf-diagnostic/v100/c3432/pfiles'] from /home/henry/sigma-v19ck-rmf-diagnostic/v100/c3432/pfiles;/home/henry/miniforge3/envs/sigma-ciao-4.18/param
Setting up /home/henry/sigma-v19ck-rmf-diagnostic/v100/c3432/tmp/tmpdir6crqgwpv as new user PFILES directory
Calling punlearn on tool dmlist
Calling punlearn on tool dmlist
Entering _validate for name=infile val=/home/henry/sigma-v19ck-rmf-diagnostic/v100/c3432/e/s.fits[sky=region(/home/henry/sigma-v19f-chandra/causal_observables_v19h_v100/BULLET/images/broad_flux/5358.fov)] (type=<class 'str'>) store=True
Validating dmlist.infile val=/home/henry/sigma-v19ck-rmf-diagnostic/v100/c3432/e/s.fits[sky=region(/home/henry/sigma-v19f-chandra/causal_observables_v19h_v100/BULLET/images/broad_flux/5358.fov)] as ...
... something else
Setting dmlist.infile to /home/henry/sigma-v19ck-rmf-diagnostic/v100/c3432/e/s.fits[sky=region(/home/henry/sigma-v19f-chandra/causal_observables_v19h_v100/BULLET/images/broad_flux/5358.fov)] (<class 'str'>)
Entering _validate for name=opt val=counts (type=<class 'str'>) store=True
Validating dmlist.opt val=counts as ...
... something else
Setting dmlist.opt to counts (<class 'str'>)
_create_parfile_copy called for dmlist with parfile=None
Copying par file /home/henry/miniforge3/envs/sigma-ciao-4.18/param/dmlist.par to /home/henry/sigma-v19ck-rmf-diagnostic/v100/c3432/tmp/tmpzm6ptp82.dmlist.par
_update_parfile[dmlist] called for /home/henry/sigma-v19ck-rmf-diagnostic/v100/c3432/tmp/tmpzm6ptp82.dmlist.par
Opening parameter file with mode=wLH: '/home/henry/sigma-v19ck-rmf-diagnostic/v100/c3432/tmp/tmpzm6ptp82.dmlist.par'
setting parameter infile type=f val=/home/henry/sigma-v19ck-rmf-diagnostic/v100/c3432/e/s.fits[sky=region(/home/henry/sigma-v19f-chandra/causal_observables_v19h_v100/BULLET/images/broad_flux/5358.fov)]
setting parameter opt type=s val=counts
setting parameter outfile type=f val=None
setting parameter rows type=s val=None
setting parameter cells type=s val=None
setting parameter verbose type=i val=0
Verifying parameter settings
verifying parameter infile type=f is val=/home/henry/sigma-v19ck-rmf-diagnostic/v100/c3432/e/s.fits[sky=region(/home/henry/sigma-v19f-chandra/causal_observables_v19h_v100/BULLET/images/broad_flux/5358.fov)]
verifying parameter opt type=s is val=counts
verifying parameter outfile type=f is val=None
verifying parameter rows type=s is val=None
verifying parameter cells type=s is val=None
verifying parameter verbose type=i is val=0
_update_parfile[dmlist] returning {}
Running tool dmlist using:
>>> dmlist "/home/henry/sigma-v19ck-rmf-diagnostic/v100/c3432/e/s.fits[sky=region(/home/henry/sigma-v19f-chandra/causal_observables_v19h_v100/BULLET/images/broad_flux/5358.fov)]" counts
***** Start of parameter file
** infile,f,a,"/home/henry/sigma-v19ck-rmf-diagnostic/v100/c3432/e/s.fits[sky=region(/home/henry/sigma-v19f-chandra/causal_observables_v19h_v100/BULLET/images/broad_flux/5358.fov)]",,,"Input dataset/block specification"
** opt,s,a,"counts",,,"Option"
** outfile,f,h,"",,,"Output file (optional)"
** rows,s,h,"",,,"Range of table rows to print (min:max)"
** cells,s,h,"",,,"Range of array indices to print (min:max)"
** verbose,i,h,0,0,5,"Debug Level(0-5)"
** mode,s,h,"hl",,,
***** End of parameter file
Starting dmlist at Wed Aug  5 13:09:57 2026
dmlist finished at Wed Aug  5 13:09:57 2026
Run time = < 1 sec
Return code = 0
***** Start of parameter file
** infile,f,a,"/home/henry/sigma-v19ck-rmf-diagnostic/v100/c3432/e/s.fits[sky=region(/home/henry/sigma-v19f-chandra/causal_observables_v19h_v100/BULLET/images/broad_flux/5358.fov)]",,,"Input dataset/block specification"
** opt,s,a,"counts",,,"Option"
** outfile,f,h,"",,,"Output file (optional)"
** rows,s,h,"",,,"Range of table rows to print (min:max)"
** cells,s,h,"",,,"Range of array indices to print (min:max)"
** verbose,i,h,0,0,5,"Debug Level(0-5)"
** mode,s,h,"hl",,,
***** End of parameter file
Entering _validate for name=infile val=/home/henry/sigma-v19ck-rmf-diagnostic/v100/c3432/e/s.fits[sky=region(/home/henry/sigma-v19f-chandra/causal_observables_v19h_v100/BULLET/images/broad_flux/5358.fov)] (type=<class 'str'>) store=True
Validating dmlist.infile val=/home/henry/sigma-v19ck-rmf-diagnostic/v100/c3432/e/s.fits[sky=region(/home/henry/sigma-v19f-chandra/causal_observables_v19h_v100/BULLET/images/broad_flux/5358.fov)] as ...
... something else
Setting dmlist.infile to /home/henry/sigma-v19ck-rmf-diagnostic/v100/c3432/e/s.fits[sky=region(/home/henry/sigma-v19f-chandra/causal_observables_v19h_v100/BULLET/images/broad_flux/5358.fov)] (<class 'str'>)
Entering _validate for name=opt val=counts (type=<class 'str'>) store=True
Validating dmlist.opt val=counts as ...
... something else
Setting dmlist.opt to counts (<class 'str'>)
Entering _validate for name=outfile val= (type=<class 'str'>) store=True
Validating dmlist.outfile val= as ...
... a ''
Setting dmlist.outfile to None (<class 'NoneType'>)
Entering _validate for name=rows val= (type=<class 'str'>) store=True
Validating dmlist.rows val= as ...
... a ''
Setting dmlist.rows to None (<class 'NoneType'>)
Entering _validate for name=cells val= (type=<class 'str'>) store=True
Validating dmlist.cells val= as ...
... a ''
Setting dmlist.cells to None (<class 'NoneType'>)
Entering _validate for name=verbose val=0 (type=<class 'str'>) store=True
Validating dmlist.verbose val=0 as ...
... an integer
Validating dmlist.verbose val=0 against min/max=0/5
Setting dmlist.verbose to 0 (<class 'int'>)
Read parameters for dmlist from /home/henry/sigma-v19ck-rmf-diagnostic/v100/c3432/tmp/tmpzm6ptp82.dmlist.par
Deleting par file: /home/henry/sigma-v19ck-rmf-diagnostic/v100/c3432/tmp/tmpzm6ptp82.dmlist.par
About to restore PFILES setting to /home/henry/sigma-v19ck-rmf-diagnostic/v100/c3432/pfiles;/home/henry/miniforge3/envs/sigma-ciao-4.18/param
Splitting outroot parameter: /home/henry/sigma-v19ck-rmf-diagnostic/v100/c3432/products/BULLET_bin384_obs5358_ccd0 to dirname=/home/henry/sigma-v19ck-rmf-diagnostic/v100/c3432/products/ head=BULLET_bin384_obs5358_ccd0_
Reading block information from /home/henry/sigma-v19ck-rmf-diagnostic/v100/c3432/e/s.fits[#row=0]
Opening file /home/henry/sigma-v19ck-rmf-diagnostic/v100/c3432/e/s.fits[#row=0]
Closing block 'EVENTS'
About to overide user PFILES setting: ['/home/henry/sigma-v19ck-rmf-diagnostic/v100/c3432/pfiles'] from /home/henry/sigma-v19ck-rmf-diagnostic/v100/c3432/pfiles;/home/henry/miniforge3/envs/sigma-ciao-4.18/param
Setting up /home/henry/sigma-v19ck-rmf-diagnostic/v100/c3432/tmp/tmpdirzrsoc8x4 as new user PFILES directory
Calling punlearn on tool dmcoords
Calling punlearn on tool dmcoords
Entering _validate for name=infile val=/home/henry/sigma-v19ck-rmf-diagnostic/v100/c3432/e/s.fits[sky=region(/home/henry/sigma-v19f-chandra/causal_observables_v19h_v100/BULLET/images/broad_flux/5358.fov)] (type=<class 'str'>) store=True
Validating dmcoords.infile val=/home/henry/sigma-v19ck-rmf-diagnostic/v100/c3432/e/s.fits[sky=region(/home/henry/sigma-v19f-chandra/causal_observables_v19h_v100/BULLET/images/broad_flux/5358.fov)] as ...
... something else
Setting dmcoords.infile to /home/henry/sigma-v19ck-rmf-diagnostic/v100/c3432/e/s.fits[sky=region(/home/henry/sigma-v19f-chandra/causal_observables_v19h_v100/BULLET/images/broad_flux/5358.fov)] (<class 'str'>)
Entering _validate for name=asolfile val=/home/henry/sigma-v19f-chandra/astrometry_v102/BULLET/5358/pcadf05358_000N001_gaia_asol1.fits (type=<class 'str'>) store=True
Validating dmcoords.asolfile val=/home/henry/sigma-v19f-chandra/astrometry_v102/BULLET/5358/pcadf05358_000N001_gaia_asol1.fits as ...
... something else
Setting dmcoords.asolfile to /home/henry/sigma-v19f-chandra/astrometry_v102/BULLET/5358/pcadf05358_000N001_gaia_asol1.fits (<class 'str'>)
Entering _validate for name=celfmt val=deg (type=<class 'str'>) store=True
Validating dmcoords.celfmt val=deg as ...
... something else
Setting dmcoords.celfmt to deg (<class 'str'>)
Extracting reference position from 104.60277454729300 -55.96447902904857
Entering _validate for name=option val=cel (type=<class 'str'>) store=True
Validating dmcoords.option val=cel as ...
... something else
Setting dmcoords.option to cel (<class 'str'>)
Entering _validate for name=ra val=104.602774547293 (type=<class 'float'>) store=True
Validating dmcoords.ra val=104.602774547293 as ...
... something else
Setting dmcoords.ra to 104.602774547293 (<class 'str'>)
Entering _validate for name=dec val=-55.96447902904857 (type=<class 'float'>) store=True
Validating dmcoords.dec val=-55.96447902904857 as ...
... something else
Setting dmcoords.dec to -55.96447902904857 (<class 'str'>)
_create_parfile_copy called for dmcoords with parfile=None
Copying par file /home/henry/miniforge3/envs/sigma-ciao-4.18/param/dmcoords.par to /home/henry/sigma-v19ck-rmf-diagnostic/v100/c3432/tmp/tmpt3qasxkb.dmcoords.par
_update_parfile[dmcoords] called for /home/henry/sigma-v19ck-rmf-diagnostic/v100/c3432/tmp/tmpt3qasxkb.dmcoords.par
Opening parameter file with mode=wLH: '/home/henry/sigma-v19ck-rmf-diagnostic/v100/c3432/tmp/tmpt3qasxkb.dmcoords.par'
setting parameter infile type=f val=/home/henry/sigma-v19ck-rmf-diagnostic/v100/c3432/e/s.fits[sky=region(/home/henry/sigma-v19f-chandra/causal_observables_v19h_v100/BULLET/images/broad_flux/5358.fov)]
setting parameter asolfile type=f val=/home/henry/sigma-v19f-chandra/astrometry_v102/BULLET/5358/pcadf05358_000N001_gaia_asol1.fits
setting parameter option type=s val=cel
setting parameter chip_id type=i val=None
setting parameter chipx type=r val=None
setting parameter chipy type=r val=None
setting parameter tdetx type=r val=None
setting parameter tdety type=r val=None
setting parameter detx type=r val=None
setting parameter dety type=r val=None
setting parameter x type=r val=None
setting parameter y type=r val=None
setting parameter logicalx type=r val=None
setting parameter logicaly type=r val=None
setting parameter ra type=s val=104.602774547293
setting parameter dec type=s val=-55.96447902904857
setting parameter theta type=r val=None
setting parameter phi type=r val=None
setting parameter order type=i val=0
setting parameter energy type=r val=1.0
setting parameter wavelength type=r val=0
setting parameter ra_zo type=s val=None
setting parameter dec_zo type=s val=None
setting parameter celfmt type=s val=deg
setting parameter detector type=s val=None
setting parameter grating type=s val=None
setting parameter fpsys type=s val=None
setting parameter sim type=s val=None
setting parameter displace type=s val=None
setting parameter ra_nom type=s val=None
setting parameter dec_nom type=s val=None
setting parameter roll_nom type=s val=None
setting parameter ra_asp type=s val=None
setting parameter dec_asp type=s val=None
setting parameter roll_asp type=s val=None
setting parameter geompar type=f val=geom
setting parameter verbose type=i val=0
Verifying parameter settings
verifying parameter infile type=f is val=/home/henry/sigma-v19ck-rmf-diagnostic/v100/c3432/e/s.fits[sky=region(/home/henry/sigma-v19f-chandra/causal_observables_v19h_v100/BULLET/images/broad_flux/5358.fov)]
verifying parameter asolfile type=f is val=/home/henry/sigma-v19f-chandra/astrometry_v102/BULLET/5358/pcadf05358_000N001_gaia_asol1.fits
verifying parameter option type=s is val=cel
verifying parameter chip_id type=i is val=None
verifying parameter chipx type=r is val=None
verifying parameter chipy type=r is val=None
verifying parameter tdetx type=r is val=None
verifying parameter tdety type=r is val=None
verifying parameter detx type=r is val=None
verifying parameter dety type=r is val=None
verifying parameter x type=r is val=None
verifying parameter y type=r is val=None
verifying parameter logicalx type=r is val=None
verifying parameter logicaly type=r is val=None
verifying parameter ra type=s is val=104.602774547293
verifying parameter dec type=s is val=-55.96447902904857
verifying parameter theta type=r is val=None
verifying parameter phi type=r is val=None
verifying parameter order type=i is val=0
verifying parameter energy type=r is val=1.0
verifying parameter wavelength type=r is val=0
verifying parameter ra_zo type=s is val=None
verifying parameter dec_zo type=s is val=None
verifying parameter celfmt type=s is val=deg
verifying parameter detector type=s is val=None
verifying parameter grating type=s is val=None
verifying parameter fpsys type=s is val=None
verifying parameter sim type=s is val=None
verifying parameter displace type=s is val=None
verifying parameter ra_nom type=s is val=None
verifying parameter dec_nom type=s is val=None
verifying parameter roll_nom type=s is val=None
verifying parameter ra_asp type=s is val=None
verifying parameter dec_asp type=s is val=None
verifying parameter roll_asp type=s is val=None
verifying parameter geompar type=f is val=geom
verifying parameter verbose type=i is val=0
_update_parfile[dmcoords] returning {}
Running tool dmcoords using:
>>> dmcoords "/home/henry/sigma-v19ck-rmf-diagnostic/v100/c3432/e/s.fits[sky=region(/home/henry/sigma-v19f-chandra/causal_observables_v19h_v100/BULLET/images/broad_flux/5358.fov)]" asolfile=/home/henry/sigma-v19f-chandra/astrometry_v102/BULLET/5358/pcadf05358_000N001_gaia_asol1.fits option=cel ra=104.602774547293 dec=-55.96447902904857 celfmt=deg
***** Start of parameter file
** infile,f,a,"/home/henry/sigma-v19ck-rmf-diagnostic/v100/c3432/e/s.fits[sky=region(/home/henry/sigma-v19f-chandra/causal_observables_v19h_v100/BULLET/images/broad_flux/5358.fov)]",,,"Input dataset/block specification"
** asolfile,f,h,"/home/henry/sigma-v19f-chandra/astrometry_v102/BULLET/5358/pcadf05358_000N001_gaia_asol1.fits",,,"Input aspect solution file"
** option,s,h,"cel",,,"Conversion option"
** #
** # Position of photon in different coord systems
** #
** chip_id,i,l,INDEF,0,9,"Chip ID number"
** chipx,r,l,INDEF,,,"Chip X [pixel]"
** chipy,r,l,INDEF,,,"Chip Y [pixel]"
** tdetx,r,l,INDEF,,,"TDETX [pixel]"
** tdety,r,l,INDEF,,,"TDETY [pixel]"
** detx,r,l,INDEF,,,"FPC X [pixel]"
** dety,r,l,INDEF,,,"FPC Y [pixel]"
** x,r,l,INDEF,,,"Sky X [pixel]"
** y,r,l,INDEF,,,"Sky Y [pixel]"
** logicalx,r,l,INDEF,,,"X coordinate in binned image [pixel]"
** logicaly,r,l,INDEF,,,"Y coordinate in binned image [pixel]"
** ra,s,l,"104.602774547293",,,"RA [deg or hh:mm:ss]"
** dec,s,l,"-55.96447902904857",,,"Dec [deg or dd:mm:ss]"
** theta,r,l,INDEF,0,10800,"Off axis angle [arcmin]"
** phi,r,l,INDEF,0,360,"Azimuthal angle [deg]"
** order,i,l,0,,,"Grating order"
** energy,r,l,1,,,"Energy [keV]"
** wavelength,r,l,0,,,"Wavelength [A]"
** ra_zo,s,l,"",,,"RA of zero order"
** dec_zo,s,l,"",,,"Dec of zero order"
** #
** # Override setup for observation
** # All parameters here are strings so that they can
** # be set blank, in which case the data file value is used
** #
** celfmt,s,h,"deg",,,"RA and Dec format [deg or hms] (xx.xx or xx:xx:xx.x)"
** detector,s,h,"",,,"Detector (ACIS or HRC-I or HRC-S)"
** grating,s,h,"",,,"Grating"
** fpsys,s,h,"",,,"FP convention"
** sim,s,h,"",,,"SIM position (eg 0.0 0.0 -190.6)"
** displace,s,h,"",,,"STF displacement (X,Y,Z,AX,AY,AZ)"
** ra_nom,s,h,"",,,"Nominal pointing RA [deg or hh:mm:ss]"
** dec_nom,s,h,"",,,"Nominal dec [deg or dd:mm:ss]"
** roll_nom,s,h,"",,,"Nominal roll [deg]"
** ra_asp,s,h,"",,,"Instantaneous pointing RA [deg]"
** dec_asp,s,h,"",,,"Instantaneous pointing Dec [deg]"
** roll_asp,s,h,"",,,"Instantaneous Aspect roll [deg]"
** #
** geompar,f,h,"geom",,,"Parameter file for Pixlib Geometry files"
** verbose,i,h,0,0,5,"Debug Level"
** mode,s,h,"hl",,,
***** End of parameter file
Starting dmcoords at Wed Aug  5 13:09:57 2026
dmcoords finished at Wed Aug  5 13:09:57 2026
Run time = < 1 sec
Return code = 0
***** Start of parameter file
** infile,f,a,"/home/henry/sigma-v19ck-rmf-diagnostic/v100/c3432/e/s.fits[sky=region(/home/henry/sigma-v19f-chandra/causal_observables_v19h_v100/BULLET/images/broad_flux/5358.fov)]",,,"Input dataset/block specification"
** asolfile,f,h,"/home/henry/sigma-v19f-chandra/astrometry_v102/BULLET/5358/pcadf05358_000N001_gaia_asol1.fits",,,"Input aspect solution file"
** option,s,h,"cel",,,"Conversion option"
** #
** # Position of photon in different coord systems
** #
** chip_id,i,l,0,0,9,"Chip ID number"
** chipx,r,l,830.9907100013156,,,"Chip X [pixel]"
** chipy,r,l,1020.992326028684,,,"Chip Y [pixel]"
** tdetx,r,l,4081.992325858347,,,"TDETX [pixel]"
** tdety,r,l,4301.009289789378,,,"TDETY [pixel]"
** detx,r,l,4040.907958984278,,,"FPC X [pixel]"
** dety,r,l,4215.854003906496,,,"FPC Y [pixel]"
** x,r,l,4312.165791819677,,,"Sky X [pixel]"
** y,r,l,4108.372366289474,,,"Sky Y [pixel]"
** logicalx,r,l,4312.165791819677,,,"X coordinate in binned image [pixel]"
** logicaly,r,l,4108.372366289474,,,"Y coordinate in binned image [pixel]"
** ra,s,l,"104.602774547293",,,"RA [deg or hh:mm:ss]"
** dec,s,l,"-55.96447902904857",,,"Dec [deg or dd:mm:ss]"
** theta,r,l,1.07965860357645,0,10800,"Off axis angle [arcmin]"
** phi,r,l,114.9748990272707,0,360,"Azimuthal angle [deg]"
** order,i,l,0,,,"Grating order"
** energy,r,l,1,,,"Energy [keV]"
** wavelength,r,l,0,,,"Wavelength [A]"
** ra_zo,s,l,"104.602774547293",,,"RA of zero order"
** dec_zo,s,l,"-55.96447902904857",,,"Dec of zero order"
** #
** # Override setup for observation
** # All parameters here are strings so that they can
** # be set blank, in which case the data file value is used
** #
** celfmt,s,h,"deg",,,"RA and Dec format [deg or hms] (xx.xx or xx:xx:xx.x)"
** detector,s,h,"",,,"Detector (ACIS or HRC-I or HRC-S)"
** grating,s,h,"",,,"Grating"
** fpsys,s,h,"",,,"FP convention"
** sim,s,h,"",,,"SIM position (eg 0.0 0.0 -190.6)"
** displace,s,h,"",,,"STF displacement (X,Y,Z,AX,AY,AZ)"
** ra_nom,s,h,"",,,"Nominal pointing RA [deg or hh:mm:ss]"
** dec_nom,s,h,"",,,"Nominal dec [deg or dd:mm:ss]"
** roll_nom,s,h,"",,,"Nominal roll [deg]"
** ra_asp,s,h,"",,,"Instantaneous pointing RA [deg]"
** dec_asp,s,h,"",,,"Instantaneous pointing Dec [deg]"
** roll_asp,s,h,"",,,"Instantaneous Aspect roll [deg]"
** #
** geompar,f,h,"geom",,,"Parameter file for Pixlib Geometry files"
** verbose,i,h,0,0,5,"Debug Level"
** mode,s,h,"hl",,,
***** End of parameter file
Entering _validate for name=infile val=/home/henry/sigma-v19ck-rmf-diagnostic/v100/c3432/e/s.fits[sky=region(/home/henry/sigma-v19f-chandra/causal_observables_v19h_v100/BULLET/images/broad_flux/5358.fov)] (type=<class 'str'>) store=True
Validating dmcoords.infile val=/home/henry/sigma-v19ck-rmf-diagnostic/v100/c3432/e/s.fits[sky=region(/home/henry/sigma-v19f-chandra/causal_observables_v19h_v100/BULLET/images/broad_flux/5358.fov)] as ...
... something else
Setting dmcoords.infile to /home/henry/sigma-v19ck-rmf-diagnostic/v100/c3432/e/s.fits[sky=region(/home/henry/sigma-v19f-chandra/causal_observables_v19h_v100/BULLET/images/broad_flux/5358.fov)] (<class 'str'>)
Entering _validate for name=asolfile val=/home/henry/sigma-v19f-chandra/astrometry_v102/BULLET/5358/pcadf05358_000N001_gaia_asol1.fits (type=<class 'str'>) store=True
Validating dmcoords.asolfile val=/home/henry/sigma-v19f-chandra/astrometry_v102/BULLET/5358/pcadf05358_000N001_gaia_asol1.fits as ...
... something else
Setting dmcoords.asolfile to /home/henry/sigma-v19f-chandra/astrometry_v102/BULLET/5358/pcadf05358_000N001_gaia_asol1.fits (<class 'str'>)
Entering _validate for name=option val=cel (type=<class 'str'>) store=True
Validating dmcoords.option val=cel as ...
... something else
Setting dmcoords.option to cel (<class 'str'>)
Entering _validate for name=chip_id val=0 (type=<class 'str'>) store=True
Validating dmcoords.chip_id val=0 as ...
... an integer
Validating dmcoords.chip_id val=0 against min/max=0/9
Setting dmcoords.chip_id to 0 (<class 'int'>)
Entering _validate for name=chipx val=830.9907100013156 (type=<class 'str'>) store=True
Validating dmcoords.chipx val=830.9907100013156 as ...
... a float
Setting dmcoords.chipx to 830.9907100013156 (<class 'float'>)
Entering _validate for name=chipy val=1020.992326028684 (type=<class 'str'>) store=True
Validating dmcoords.chipy val=1020.992326028684 as ...
... a float
Setting dmcoords.chipy to 1020.992326028684 (<class 'float'>)
Entering _validate for name=tdetx val=4081.992325858347 (type=<class 'str'>) store=True
Validating dmcoords.tdetx val=4081.992325858347 as ...
... a float
Setting dmcoords.tdetx to 4081.992325858347 (<class 'float'>)
Entering _validate for name=tdety val=4301.009289789378 (type=<class 'str'>) store=True
Validating dmcoords.tdety val=4301.009289789378 as ...
... a float
Setting dmcoords.tdety to 4301.009289789378 (<class 'float'>)
Entering _validate for name=detx val=4040.907958984278 (type=<class 'str'>) store=True
Validating dmcoords.detx val=4040.907958984278 as ...
... a float
Setting dmcoords.detx to 4040.907958984278 (<class 'float'>)
Entering _validate for name=dety val=4215.854003906496 (type=<class 'str'>) store=True
Validating dmcoords.dety val=4215.854003906496 as ...
... a float
Setting dmcoords.dety to 4215.854003906496 (<class 'float'>)
Entering _validate for name=x val=4312.165791819677 (type=<class 'str'>) store=True
Validating dmcoords.x val=4312.165791819677 as ...
... a float
Setting dmcoords.x to 4312.165791819677 (<class 'float'>)
Entering _validate for name=y val=4108.372366289474 (type=<class 'str'>) store=True
Validating dmcoords.y val=4108.372366289474 as ...
... a float
Setting dmcoords.y to 4108.372366289474 (<class 'float'>)
Entering _validate for name=logicalx val=4312.165791819677 (type=<class 'str'>) store=True
Validating dmcoords.logicalx val=4312.165791819677 as ...
... a float
Setting dmcoords.logicalx to 4312.165791819677 (<class 'float'>)
Entering _validate for name=logicaly val=4108.372366289474 (type=<class 'str'>) store=True
Validating dmcoords.logicaly val=4108.372366289474 as ...
... a float
Setting dmcoords.logicaly to 4108.372366289474 (<class 'float'>)
Entering _validate for name=ra val=104.602774547293 (type=<class 'str'>) store=True
Validating dmcoords.ra val=104.602774547293 as ...
... something else
Setting dmcoords.ra to 104.602774547293 (<class 'str'>)
Entering _validate for name=dec val=-55.96447902904857 (type=<class 'str'>) store=True
Validating dmcoords.dec val=-55.96447902904857 as ...
... something else
Setting dmcoords.dec to -55.96447902904857 (<class 'str'>)
Entering _validate for name=theta val=1.07965860357645 (type=<class 'str'>) store=True
Validating dmcoords.theta val=1.07965860357645 as ...
... a float
Validating dmcoords.theta val=1.07965860357645 against min/max=0/10800
Setting dmcoords.theta to 1.07965860357645 (<class 'float'>)
Entering _validate for name=phi val=114.9748990272707 (type=<class 'str'>) store=True
Validating dmcoords.phi val=114.9748990272707 as ...
... a float
Validating dmcoords.phi val=114.9748990272707 against min/max=0/360
Setting dmcoords.phi to 114.9748990272707 (<class 'float'>)
Entering _validate for name=order val=0 (type=<class 'str'>) store=True
Validating dmcoords.order val=0 as ...
... an integer
Setting dmcoords.order to 0 (<class 'int'>)
Entering _validate for name=energy val=1 (type=<class 'str'>) store=True
Validating dmcoords.energy val=1 as ...
... a float
Setting dmcoords.energy to 1.0 (<class 'float'>)
Entering _validate for name=wavelength val=0 (type=<class 'str'>) store=True
Validating dmcoords.wavelength val=0 as ...
... a float
Setting dmcoords.wavelength to 0.0 (<class 'float'>)
Entering _validate for name=ra_zo val=104.602774547293 (type=<class 'str'>) store=True
Validating dmcoords.ra_zo val=104.602774547293 as ...
... something else
Setting dmcoords.ra_zo to 104.602774547293 (<class 'str'>)
Entering _validate for name=dec_zo val=-55.96447902904857 (type=<class 'str'>) store=True
Validating dmcoords.dec_zo val=-55.96447902904857 as ...
... something else
Setting dmcoords.dec_zo to -55.96447902904857 (<class 'str'>)
Entering _validate for name=celfmt val=deg (type=<class 'str'>) store=True
Validating dmcoords.celfmt val=deg as ...
... something else
Setting dmcoords.celfmt to deg (<class 'str'>)
Entering _validate for name=detector val= (type=<class 'str'>) store=True
Validating dmcoords.detector val= as ...
... a ''
Setting dmcoords.detector to None (<class 'NoneType'>)
Entering _validate for name=grating val= (type=<class 'str'>) store=True
Validating dmcoords.grating val= as ...
... a ''
Setting dmcoords.grating to None (<class 'NoneType'>)
Entering _validate for name=fpsys val= (type=<class 'str'>) store=True
Validating dmcoords.fpsys val= as ...
... a ''
Setting dmcoords.fpsys to None (<class 'NoneType'>)
Entering _validate for name=sim val= (type=<class 'str'>) store=True
Validating dmcoords.sim val= as ...
... a ''
Setting dmcoords.sim to None (<class 'NoneType'>)
Entering _validate for name=displace val= (type=<class 'str'>) store=True
Validating dmcoords.displace val= as ...
... a ''
Setting dmcoords.displace to None (<class 'NoneType'>)
Entering _validate for name=ra_nom val= (type=<class 'str'>) store=True
Validating dmcoords.ra_nom val= as ...
... a ''
Setting dmcoords.ra_nom to None (<class 'NoneType'>)
Entering _validate for name=dec_nom val= (type=<class 'str'>) store=True
Validating dmcoords.dec_nom val= as ...
... a ''
Setting dmcoords.dec_nom to None (<class 'NoneType'>)
Entering _validate for name=roll_nom val= (type=<class 'str'>) store=True
Validating dmcoords.roll_nom val= as ...
... a ''
Setting dmcoords.roll_nom to None (<class 'NoneType'>)
Entering _validate for name=ra_asp val= (type=<class 'str'>) store=True
Validating dmcoords.ra_asp val= as ...
... a ''
Setting dmcoords.ra_asp to None (<class 'NoneType'>)
Entering _validate for name=dec_asp val= (type=<class 'str'>) store=True
Validating dmcoords.dec_asp val= as ...
... a ''
Setting dmcoords.dec_asp to None (<class 'NoneType'>)
Entering _validate for name=roll_asp val= (type=<class 'str'>) store=True
Validating dmcoords.roll_asp val= as ...
... a ''
Setting dmcoords.roll_asp to None (<class 'NoneType'>)
Entering _validate for name=geompar val=geom (type=<class 'str'>) store=True
Validating dmcoords.geompar val=geom as ...
... something else
Setting dmcoords.geompar to geom (<class 'str'>)
Entering _validate for name=verbose val=0 (type=<class 'str'>) store=True
Validating dmcoords.verbose val=0 as ...
... an integer
Validating dmcoords.verbose val=0 against min/max=0/5
Setting dmcoords.verbose to 0 (<class 'int'>)
Read parameters for dmcoords from /home/henry/sigma-v19ck-rmf-diagnostic/v100/c3432/tmp/tmpt3qasxkb.dmcoords.par
Deleting par file: /home/henry/sigma-v19ck-rmf-diagnostic/v100/c3432/tmp/tmpt3qasxkb.dmcoords.par
About to restore PFILES setting to /home/henry/sigma-v19ck-rmf-diagnostic/v100/c3432/pfiles;/home/henry/miniforge3/envs/sigma-ciao-4.18/param
Running colden for 1 position (using nrao data set)
Running colden with ra=104.602774547293 dec=-55.96447902904857 for dataset nrao
* colden args: ['prop_colden', 'f', 'j/deg', 'data', 'nrao', 'eval', '104.602774547293', '-55.96447902904857']
* colden output: returncode=0
* colden output: stdout=b'Looking for /home/henry/miniforge3/envs/sigma-ciao-4.18/config/jcm_data/nrao.fits\n------------------------------------------------------------------------------------------\nInput coords:  104.602775   -55.964479\nTarget RA,Dec (B1950): 06 57 26.606 -55 53 41.484   (l,b):266.038363   -21.267065\nDensity integrated from   -550.000 to    550.000 km/s\nHydrogen density (10^20 cm**(-2)):   6.36\n------------------------------------------------------------------------------------------\n'
* colden output: stderr=b''
Running colden for 1 position (using bell data set)
Running colden with ra=104.602774547293 dec=-55.96447902904857 for dataset bell
* colden args: ['prop_colden', 'f', 'j/deg', 'data', 'bell', 'eval', '104.602774547293', '-55.96447902904857']
* colden output: returncode=0
* colden output: stdout=b'------------------------------------------------------------------------------------------\nInput coords:  104.602775   -55.964479\nTarget RA,Dec (B1950): 06 57 26.606 -55 53 41.484   (l,b):266.038363   -21.267065\nDensity integrated from   -550.000 to    550.000 km/s\nHydrogen density (10^20 cm**(-2)):  -  (Too far south)\n------------------------------------------------------------------------------------------\n'
* colden output: stderr=b''
Unexpected colden output: unable to convert '-' to a number
Warning: Skip adding 'bell_nh' header keyword.  No valid data at the source location in the Bell Labs HI Survey (the survey covers RA > -40 deg).

Reading block information from /home/henry/sigma-v19ck-rmf-diagnostic/v100/c3432/e/b.fits[#row=0]
Opening file /home/henry/sigma-v19ck-rmf-diagnostic/v100/c3432/e/b.fits[#row=0]
Closing block 'EVENTS'
About to overide user PFILES setting: ['/home/henry/sigma-v19ck-rmf-diagnostic/v100/c3432/pfiles'] from /home/henry/sigma-v19ck-rmf-diagnostic/v100/c3432/pfiles;/home/henry/miniforge3/envs/sigma-ciao-4.18/param
Setting up /home/henry/sigma-v19ck-rmf-diagnostic/v100/c3432/tmp/tmpdirl004ot6o as new user PFILES directory
Calling punlearn on tool dmlist
Calling punlearn on tool dmlist
Entering _validate for name=infile val=/home/henry/sigma-v19ck-rmf-diagnostic/v100/c3432/e/b.fits[sky=region(/home/henry/sigma-v19f-chandra/causal_observables_v19h_v100/BULLET/images/broad_flux/5358.fov)] (type=<class 'str'>) store=True
Validating dmlist.infile val=/home/henry/sigma-v19ck-rmf-diagnostic/v100/c3432/e/b.fits[sky=region(/home/henry/sigma-v19f-chandra/causal_observables_v19h_v100/BULLET/images/broad_flux/5358.fov)] as ...
... something else
Setting dmlist.infile to /home/henry/sigma-v19ck-rmf-diagnostic/v100/c3432/e/b.fits[sky=region(/home/henry/sigma-v19f-chandra/causal_observables_v19h_v100/BULLET/images/broad_flux/5358.fov)] (<class 'str'>)
Entering _validate for name=opt val=counts (type=<class 'str'>) store=True
Validating dmlist.opt val=counts as ...
... something else
Setting dmlist.opt to counts (<class 'str'>)
_create_parfile_copy called for dmlist with parfile=None
Copying par file /home/henry/miniforge3/envs/sigma-ciao-4.18/param/dmlist.par to /home/henry/sigma-v19ck-rmf-diagnostic/v100/c3432/tmp/tmpjhuab2ln.dmlist.par
_update_parfile[dmlist] called for /home/henry/sigma-v19ck-rmf-diagnostic/v100/c3432/tmp/tmpjhuab2ln.dmlist.par
Opening parameter file with mode=wLH: '/home/henry/sigma-v19ck-rmf-diagnostic/v100/c3432/tmp/tmpjhuab2ln.dmlist.par'
setting parameter infile type=f val=/home/henry/sigma-v19ck-rmf-diagnostic/v100/c3432/e/b.fits[sky=region(/home/henry/sigma-v19f-chandra/causal_observables_v19h_v100/BULLET/images/broad_flux/5358.fov)]
setting parameter opt type=s val=counts
setting parameter outfile type=f val=None
setting parameter rows type=s val=None
setting parameter cells type=s val=None
setting parameter verbose type=i val=0
Verifying parameter settings
verifying parameter infile type=f is val=/home/henry/sigma-v19ck-rmf-diagnostic/v100/c3432/e/b.fits[sky=region(/home/henry/sigma-v19f-chandra/causal_observables_v19h_v100/BULLET/images/broad_flux/5358.fov)]
verifying parameter opt type=s is val=counts
verifying parameter outfile type=f is val=None
verifying parameter rows type=s is val=None
verifying parameter cells type=s is val=None
verifying parameter verbose type=i is val=0
_update_parfile[dmlist] returning {}
Running tool dmlist using:
>>> dmlist "/home/henry/sigma-v19ck-rmf-diagnostic/v100/c3432/e/b.fits[sky=region(/home/henry/sigma-v19f-chandra/causal_observables_v19h_v100/BULLET/images/broad_flux/5358.fov)]" counts
***** Start of parameter file
** infile,f,a,"/home/henry/sigma-v19ck-rmf-diagnostic/v100/c3432/e/b.fits[sky=region(/home/henry/sigma-v19f-chandra/causal_observables_v19h_v100/BULLET/images/broad_flux/5358.fov)]",,,"Input dataset/block specification"
** opt,s,a,"counts",,,"Option"
** outfile,f,h,"",,,"Output file (optional)"
** rows,s,h,"",,,"Range of table rows to print (min:max)"
** cells,s,h,"",,,"Range of array indices to print (min:max)"
** verbose,i,h,0,0,5,"Debug Level(0-5)"
** mode,s,h,"hl",,,
***** End of parameter file
Starting dmlist at Wed Aug  5 13:09:57 2026
dmlist finished at Wed Aug  5 13:09:57 2026
Run time = < 1 sec
Return code = 0
***** Start of parameter file
** infile,f,a,"/home/henry/sigma-v19ck-rmf-diagnostic/v100/c3432/e/b.fits[sky=region(/home/henry/sigma-v19f-chandra/causal_observables_v19h_v100/BULLET/images/broad_flux/5358.fov)]",,,"Input dataset/block specification"
** opt,s,a,"counts",,,"Option"
** outfile,f,h,"",,,"Output file (optional)"
** rows,s,h,"",,,"Range of table rows to print (min:max)"
** cells,s,h,"",,,"Range of array indices to print (min:max)"
** verbose,i,h,0,0,5,"Debug Level(0-5)"
** mode,s,h,"hl",,,
***** End of parameter file
Entering _validate for name=infile val=/home/henry/sigma-v19ck-rmf-diagnostic/v100/c3432/e/b.fits[sky=region(/home/henry/sigma-v19f-chandra/causal_observables_v19h_v100/BULLET/images/broad_flux/5358.fov)] (type=<class 'str'>) store=True
Validating dmlist.infile val=/home/henry/sigma-v19ck-rmf-diagnostic/v100/c3432/e/b.fits[sky=region(/home/henry/sigma-v19f-chandra/causal_observables_v19h_v100/BULLET/images/broad_flux/5358.fov)] as ...
... something else
Setting dmlist.infile to /home/henry/sigma-v19ck-rmf-diagnostic/v100/c3432/e/b.fits[sky=region(/home/henry/sigma-v19f-chandra/causal_observables_v19h_v100/BULLET/images/broad_flux/5358.fov)] (<class 'str'>)
Entering _validate for name=opt val=counts (type=<class 'str'>) store=True
Validating dmlist.opt val=counts as ...
... something else
Setting dmlist.opt to counts (<class 'str'>)
Entering _validate for name=outfile val= (type=<class 'str'>) store=True
Validating dmlist.outfile val= as ...
... a ''
Setting dmlist.outfile to None (<class 'NoneType'>)
Entering _validate for name=rows val= (type=<class 'str'>) store=True
Validating dmlist.rows val= as ...
... a ''
Setting dmlist.rows to None (<class 'NoneType'>)
Entering _validate for name=cells val= (type=<class 'str'>) store=True
Validating dmlist.cells val= as ...
... a ''
Setting dmlist.cells to None (<class 'NoneType'>)
Entering _validate for name=verbose val=0 (type=<class 'str'>) store=True
Validating dmlist.verbose val=0 as ...
... an integer
Validating dmlist.verbose val=0 against min/max=0/5
Setting dmlist.verbose to 0 (<class 'int'>)
Read parameters for dmlist from /home/henry/sigma-v19ck-rmf-diagnostic/v100/c3432/tmp/tmpjhuab2ln.dmlist.par
Deleting par file: /home/henry/sigma-v19ck-rmf-diagnostic/v100/c3432/tmp/tmpjhuab2ln.dmlist.par
About to restore PFILES setting to /home/henry/sigma-v19ck-rmf-diagnostic/v100/c3432/pfiles;/home/henry/miniforge3/envs/sigma-ciao-4.18/param
Splitting outroot parameter: /home/henry/sigma-v19ck-rmf-diagnostic/v100/c3432/products/BULLET_bin384_obs5358_ccd0 to dirname=/home/henry/sigma-v19ck-rmf-diagnostic/v100/c3432/products/ head=BULLET_bin384_obs5358_ccd0_
Reading block information from /home/henry/sigma-v19ck-rmf-diagnostic/v100/c3432/e/b.fits[#row=0]
Opening file /home/henry/sigma-v19ck-rmf-diagnostic/v100/c3432/e/b.fits[#row=0]
Closing block 'EVENTS'
About to overide user PFILES setting: ['/home/henry/sigma-v19ck-rmf-diagnostic/v100/c3432/pfiles'] from /home/henry/sigma-v19ck-rmf-diagnostic/v100/c3432/pfiles;/home/henry/miniforge3/envs/sigma-ciao-4.18/param
Setting up /home/henry/sigma-v19ck-rmf-diagnostic/v100/c3432/tmp/tmpdire03g9xjx as new user PFILES directory
Calling punlearn on tool dmcoords
Calling punlearn on tool dmcoords
Entering _validate for name=infile val=/home/henry/sigma-v19ck-rmf-diagnostic/v100/c3432/e/b.fits[sky=region(/home/henry/sigma-v19f-chandra/causal_observables_v19h_v100/BULLET/images/broad_flux/5358.fov)] (type=<class 'str'>) store=True
Validating dmcoords.infile val=/home/henry/sigma-v19ck-rmf-diagnostic/v100/c3432/e/b.fits[sky=region(/home/henry/sigma-v19f-chandra/causal_observables_v19h_v100/BULLET/images/broad_flux/5358.fov)] as ...
... something else
Setting dmcoords.infile to /home/henry/sigma-v19ck-rmf-diagnostic/v100/c3432/e/b.fits[sky=region(/home/henry/sigma-v19f-chandra/causal_observables_v19h_v100/BULLET/images/broad_flux/5358.fov)] (<class 'str'>)
Entering _validate for name=asolfile val=/home/henry/sigma-v19f-chandra/astrometry_v102/BULLET/5358/pcadf05358_000N001_gaia_asol1.fits (type=<class 'str'>) store=True
Validating dmcoords.asolfile val=/home/henry/sigma-v19f-chandra/astrometry_v102/BULLET/5358/pcadf05358_000N001_gaia_asol1.fits as ...
... something else
Setting dmcoords.asolfile to /home/henry/sigma-v19f-chandra/astrometry_v102/BULLET/5358/pcadf05358_000N001_gaia_asol1.fits (<class 'str'>)
Entering _validate for name=celfmt val=deg (type=<class 'str'>) store=True
Validating dmcoords.celfmt val=deg as ...
... something else
Setting dmcoords.celfmt to deg (<class 'str'>)
Extracting reference position from 104.60277454729300 -55.96447902904857
Entering _validate for name=option val=cel (type=<class 'str'>) store=True
Validating dmcoords.option val=cel as ...
... something else
Setting dmcoords.option to cel (<class 'str'>)
Entering _validate for name=ra val=104.602774547293 (type=<class 'float'>) store=True
Validating dmcoords.ra val=104.602774547293 as ...
... something else
Setting dmcoords.ra to 104.602774547293 (<class 'str'>)
Entering _validate for name=dec val=-55.96447902904857 (type=<class 'float'>) store=True
Validating dmcoords.dec val=-55.96447902904857 as ...
... something else
Setting dmcoords.dec to -55.96447902904857 (<class 'str'>)
_create_parfile_copy called for dmcoords with parfile=None
Copying par file /home/henry/miniforge3/envs/sigma-ciao-4.18/param/dmcoords.par to /home/henry/sigma-v19ck-rmf-diagnostic/v100/c3432/tmp/tmp91sbln_w.dmcoords.par
_update_parfile[dmcoords] called for /home/henry/sigma-v19ck-rmf-diagnostic/v100/c3432/tmp/tmp91sbln_w.dmcoords.par
Opening parameter file with mode=wLH: '/home/henry/sigma-v19ck-rmf-diagnostic/v100/c3432/tmp/tmp91sbln_w.dmcoords.par'
setting parameter infile type=f val=/home/henry/sigma-v19ck-rmf-diagnostic/v100/c3432/e/b.fits[sky=region(/home/henry/sigma-v19f-chandra/causal_observables_v19h_v100/BULLET/images/broad_flux/5358.fov)]
setting parameter asolfile type=f val=/home/henry/sigma-v19f-chandra/astrometry_v102/BULLET/5358/pcadf05358_000N001_gaia_asol1.fits
setting parameter option type=s val=cel
setting parameter chip_id type=i val=None
setting parameter chipx type=r val=None
setting parameter chipy type=r val=None
setting parameter tdetx type=r val=None
setting parameter tdety type=r val=None
setting parameter detx type=r val=None
setting parameter dety type=r val=None
setting parameter x type=r val=None
setting parameter y type=r val=None
setting parameter logicalx type=r val=None
setting parameter logicaly type=r val=None
setting parameter ra type=s val=104.602774547293
setting parameter dec type=s val=-55.96447902904857
setting parameter theta type=r val=None
setting parameter phi type=r val=None
setting parameter order type=i val=0
setting parameter energy type=r val=1.0
setting parameter wavelength type=r val=0
setting parameter ra_zo type=s val=None
setting parameter dec_zo type=s val=None
setting parameter celfmt type=s val=deg
setting parameter detector type=s val=None
setting parameter grating type=s val=None
setting parameter fpsys type=s val=None
setting parameter sim type=s val=None
setting parameter displace type=s val=None
setting parameter ra_nom type=s val=None
setting parameter dec_nom type=s val=None
setting parameter roll_nom type=s val=None
setting parameter ra_asp type=s val=None
setting parameter dec_asp type=s val=None
setting parameter roll_asp type=s val=None
setting parameter geompar type=f val=geom
setting parameter verbose type=i val=0
Verifying parameter settings
verifying parameter infile type=f is val=/home/henry/sigma-v19ck-rmf-diagnostic/v100/c3432/e/b.fits[sky=region(/home/henry/sigma-v19f-chandra/causal_observables_v19h_v100/BULLET/images/broad_flux/5358.fov)]
verifying parameter asolfile type=f is val=/home/henry/sigma-v19f-chandra/astrometry_v102/BULLET/5358/pcadf05358_000N001_gaia_asol1.fits
verifying parameter option type=s is val=cel
verifying parameter chip_id type=i is val=None
verifying parameter chipx type=r is val=None
verifying parameter chipy type=r is val=None
verifying parameter tdetx type=r is val=None
verifying parameter tdety type=r is val=None
verifying parameter detx type=r is val=None
verifying parameter dety type=r is val=None
verifying parameter x type=r is val=None
verifying parameter y type=r is val=None
verifying parameter logicalx type=r is val=None
verifying parameter logicaly type=r is val=None
verifying parameter ra type=s is val=104.602774547293
verifying parameter dec type=s is val=-55.96447902904857
verifying parameter theta type=r is val=None
verifying parameter phi type=r is val=None
verifying parameter order type=i is val=0
verifying parameter energy type=r is val=1.0
verifying parameter wavelength type=r is val=0
verifying parameter ra_zo type=s is val=None
verifying parameter dec_zo type=s is val=None
verifying parameter celfmt type=s is val=deg
verifying parameter detector type=s is val=None
verifying parameter grating type=s is val=None
verifying parameter fpsys type=s is val=None
verifying parameter sim type=s is val=None
verifying parameter displace type=s is val=None
verifying parameter ra_nom type=s is val=None
verifying parameter dec_nom type=s is val=None
verifying parameter roll_nom type=s is val=None
verifying parameter ra_asp type=s is val=None
verifying parameter dec_asp type=s is val=None
verifying parameter roll_asp type=s is val=None
verifying parameter geompar type=f is val=geom
verifying parameter verbose type=i is val=0
_update_parfile[dmcoords] returning {}
Running tool dmcoords using:
>>> dmcoords "/home/henry/sigma-v19ck-rmf-diagnostic/v100/c3432/e/b.fits[sky=region(/home/henry/sigma-v19f-chandra/causal_observables_v19h_v100/BULLET/images/broad_flux/5358.fov)]" asolfile=/home/henry/sigma-v19f-chandra/astrometry_v102/BULLET/5358/pcadf05358_000N001_gaia_asol1.fits option=cel ra=104.602774547293 dec=-55.96447902904857 celfmt=deg
***** Start of parameter file
** infile,f,a,"/home/henry/sigma-v19ck-rmf-diagnostic/v100/c3432/e/b.fits[sky=region(/home/henry/sigma-v19f-chandra/causal_observables_v19h_v100/BULLET/images/broad_flux/5358.fov)]",,,"Input dataset/block specification"
** asolfile,f,h,"/home/henry/sigma-v19f-chandra/astrometry_v102/BULLET/5358/pcadf05358_000N001_gaia_asol1.fits",,,"Input aspect solution file"
** option,s,h,"cel",,,"Conversion option"
** #
** # Position of photon in different coord systems
** #
** chip_id,i,l,INDEF,0,9,"Chip ID number"
** chipx,r,l,INDEF,,,"Chip X [pixel]"
** chipy,r,l,INDEF,,,"Chip Y [pixel]"
** tdetx,r,l,INDEF,,,"TDETX [pixel]"
** tdety,r,l,INDEF,,,"TDETY [pixel]"
** detx,r,l,INDEF,,,"FPC X [pixel]"
** dety,r,l,INDEF,,,"FPC Y [pixel]"
** x,r,l,INDEF,,,"Sky X [pixel]"
** y,r,l,INDEF,,,"Sky Y [pixel]"
** logicalx,r,l,INDEF,,,"X coordinate in binned image [pixel]"
** logicaly,r,l,INDEF,,,"Y coordinate in binned image [pixel]"
** ra,s,l,"104.602774547293",,,"RA [deg or hh:mm:ss]"
** dec,s,l,"-55.96447902904857",,,"Dec [deg or dd:mm:ss]"
** theta,r,l,INDEF,0,10800,"Off axis angle [arcmin]"
** phi,r,l,INDEF,0,360,"Azimuthal angle [deg]"
** order,i,l,0,,,"Grating order"
** energy,r,l,1,,,"Energy [keV]"
** wavelength,r,l,0,,,"Wavelength [A]"
** ra_zo,s,l,"",,,"RA of zero order"
** dec_zo,s,l,"",,,"Dec of zero order"
** #
** # Override setup for observation
** # All parameters here are strings so that they can
** # be set blank, in which case the data file value is used
** #
** celfmt,s,h,"deg",,,"RA and Dec format [deg or hms] (xx.xx or xx:xx:xx.x)"
** detector,s,h,"",,,"Detector (ACIS or HRC-I or HRC-S)"
** grating,s,h,"",,,"Grating"
** fpsys,s,h,"",,,"FP convention"
** sim,s,h,"",,,"SIM position (eg 0.0 0.0 -190.6)"
** displace,s,h,"",,,"STF displacement (X,Y,Z,AX,AY,AZ)"
** ra_nom,s,h,"",,,"Nominal pointing RA [deg or hh:mm:ss]"
** dec_nom,s,h,"",,,"Nominal dec [deg or dd:mm:ss]"
** roll_nom,s,h,"",,,"Nominal roll [deg]"
** ra_asp,s,h,"",,,"Instantaneous pointing RA [deg]"
** dec_asp,s,h,"",,,"Instantaneous pointing Dec [deg]"
** roll_asp,s,h,"",,,"Instantaneous Aspect roll [deg]"
** #
** geompar,f,h,"geom",,,"Parameter file for Pixlib Geometry files"
** verbose,i,h,0,0,5,"Debug Level"
** mode,s,h,"hl",,,
***** End of parameter file
Starting dmcoords at Wed Aug  5 13:09:57 2026
dmcoords finished at Wed Aug  5 13:09:57 2026
Run time = < 1 sec
Return code = 0
***** Start of parameter file
** infile,f,a,"/home/henry/sigma-v19ck-rmf-diagnostic/v100/c3432/e/b.fits[sky=region(/home/henry/sigma-v19f-chandra/causal_observables_v19h_v100/BULLET/images/broad_flux/5358.fov)]",,,"Input dataset/block specification"
** asolfile,f,h,"/home/henry/sigma-v19f-chandra/astrometry_v102/BULLET/5358/pcadf05358_000N001_gaia_asol1.fits",,,"Input aspect solution file"
** option,s,h,"cel",,,"Conversion option"
** #
** # Position of photon in different coord systems
** #
** chip_id,i,l,0,0,9,"Chip ID number"
** chipx,r,l,830.9907100013156,,,"Chip X [pixel]"
** chipy,r,l,1020.992326028684,,,"Chip Y [pixel]"
** tdetx,r,l,4081.992325858347,,,"TDETX [pixel]"
** tdety,r,l,4301.009289789378,,,"TDETY [pixel]"
** detx,r,l,4040.907958984278,,,"FPC X [pixel]"
** dety,r,l,4215.854003906496,,,"FPC Y [pixel]"
** x,r,l,4312.165791819677,,,"Sky X [pixel]"
** y,r,l,4108.372366289474,,,"Sky Y [pixel]"
** logicalx,r,l,4312.165791819677,,,"X coordinate in binned image [pixel]"
** logicaly,r,l,4108.372366289474,,,"Y coordinate in binned image [pixel]"
** ra,s,l,"104.602774547293",,,"RA [deg or hh:mm:ss]"
** dec,s,l,"-55.96447902904857",,,"Dec [deg or dd:mm:ss]"
** theta,r,l,1.07965860357645,0,10800,"Off axis angle [arcmin]"
** phi,r,l,114.9748990272707,0,360,"Azimuthal angle [deg]"
** order,i,l,0,,,"Grating order"
** energy,r,l,1,,,"Energy [keV]"
** wavelength,r,l,0,,,"Wavelength [A]"
** ra_zo,s,l,"104.602774547293",,,"RA of zero order"
** dec_zo,s,l,"-55.96447902904857",,,"Dec of zero order"
** #
** # Override setup for observation
** # All parameters here are strings so that they can
** # be set blank, in which case the data file value is used
** #
** celfmt,s,h,"deg",,,"RA and Dec format [deg or hms] (xx.xx or xx:xx:xx.x)"
** detector,s,h,"",,,"Detector (ACIS or HRC-I or HRC-S)"
** grating,s,h,"",,,"Grating"
** fpsys,s,h,"",,,"FP convention"
** sim,s,h,"",,,"SIM position (eg 0.0 0.0 -190.6)"
** displace,s,h,"",,,"STF displacement (X,Y,Z,AX,AY,AZ)"
** ra_nom,s,h,"",,,"Nominal pointing RA [deg or hh:mm:ss]"
** dec_nom,s,h,"",,,"Nominal dec [deg or dd:mm:ss]"
** roll_nom,s,h,"",,,"Nominal roll [deg]"
** ra_asp,s,h,"",,,"Instantaneous pointing RA [deg]"
** dec_asp,s,h,"",,,"Instantaneous pointing Dec [deg]"
** roll_asp,s,h,"",,,"Instantaneous Aspect roll [deg]"
** #
** geompar,f,h,"geom",,,"Parameter file for Pixlib Geometry files"
** verbose,i,h,0,0,5,"Debug Level"
** mode,s,h,"hl",,,
***** End of parameter file
Entering _validate for name=infile val=/home/henry/sigma-v19ck-rmf-diagnostic/v100/c3432/e/b.fits[sky=region(/home/henry/sigma-v19f-chandra/causal_observables_v19h_v100/BULLET/images/broad_flux/5358.fov)] (type=<class 'str'>) store=True
Validating dmcoords.infile val=/home/henry/sigma-v19ck-rmf-diagnostic/v100/c3432/e/b.fits[sky=region(/home/henry/sigma-v19f-chandra/causal_observables_v19h_v100/BULLET/images/broad_flux/5358.fov)] as ...
... something else
Setting dmcoords.infile to /home/henry/sigma-v19ck-rmf-diagnostic/v100/c3432/e/b.fits[sky=region(/home/henry/sigma-v19f-chandra/causal_observables_v19h_v100/BULLET/images/broad_flux/5358.fov)] (<class 'str'>)
Entering _validate for name=asolfile val=/home/henry/sigma-v19f-chandra/astrometry_v102/BULLET/5358/pcadf05358_000N001_gaia_asol1.fits (type=<class 'str'>) store=True
Validating dmcoords.asolfile val=/home/henry/sigma-v19f-chandra/astrometry_v102/BULLET/5358/pcadf05358_000N001_gaia_asol1.fits as ...
... something else
Setting dmcoords.asolfile to /home/henry/sigma-v19f-chandra/astrometry_v102/BULLET/5358/pcadf05358_000N001_gaia_asol1.fits (<class 'str'>)
Entering _validate for name=option val=cel (type=<class 'str'>) store=True
Validating dmcoords.option val=cel as ...
... something else
Setting dmcoords.option to cel (<class 'str'>)
Entering _validate for name=chip_id val=0 (type=<class 'str'>) store=True
Validating dmcoords.chip_id val=0 as ...
... an integer
Validating dmcoords.chip_id val=0 against min/max=0/9
Setting dmcoords.chip_id to 0 (<class 'int'>)
Entering _validate for name=chipx val=830.9907100013156 (type=<class 'str'>) store=True
Validating dmcoords.chipx val=830.9907100013156 as ...
... a float
Setting dmcoords.chipx to 830.9907100013156 (<class 'float'>)
Entering _validate for name=chipy val=1020.992326028684 (type=<class 'str'>) store=True
Validating dmcoords.chipy val=1020.992326028684 as ...
... a float
Setting dmcoords.chipy to 1020.992326028684 (<class 'float'>)
Entering _validate for name=tdetx val=4081.992325858347 (type=<class 'str'>) store=True
Validating dmcoords.tdetx val=4081.992325858347 as ...
... a float
Setting dmcoords.tdetx to 4081.992325858347 (<class 'float'>)
Entering _validate for name=tdety val=4301.009289789378 (type=<class 'str'>) store=True
Validating dmcoords.tdety val=4301.009289789378 as ...
... a float
Setting dmcoords.tdety to 4301.009289789378 (<class 'float'>)
Entering _validate for name=detx val=4040.907958984278 (type=<class 'str'>) store=True
Validating dmcoords.detx val=4040.907958984278 as ...
... a float
Setting dmcoords.detx to 4040.907958984278 (<class 'float'>)
Entering _validate for name=dety val=4215.854003906496 (type=<class 'str'>) store=True
Validating dmcoords.dety val=4215.854003906496 as ...
... a float
Setting dmcoords.dety to 4215.854003906496 (<class 'float'>)
Entering _validate for name=x val=4312.165791819677 (type=<class 'str'>) store=True
Validating dmcoords.x val=4312.165791819677 as ...
... a float
Setting dmcoords.x to 4312.165791819677 (<class 'float'>)
Entering _validate for name=y val=4108.372366289474 (type=<class 'str'>) store=True
Validating dmcoords.y val=4108.372366289474 as ...
... a float
Setting dmcoords.y to 4108.372366289474 (<class 'float'>)
Entering _validate for name=logicalx val=4312.165791819677 (type=<class 'str'>) store=True
Validating dmcoords.logicalx val=4312.165791819677 as ...
... a float
Setting dmcoords.logicalx to 4312.165791819677 (<class 'float'>)
Entering _validate for name=logicaly val=4108.372366289474 (type=<class 'str'>) store=True
Validating dmcoords.logicaly val=4108.372366289474 as ...
... a float
Setting dmcoords.logicaly to 4108.372366289474 (<class 'float'>)
Entering _validate for name=ra val=104.602774547293 (type=<class 'str'>) store=True
Validating dmcoords.ra val=104.602774547293 as ...
... something else
Setting dmcoords.ra to 104.602774547293 (<class 'str'>)
Entering _validate for name=dec val=-55.96447902904857 (type=<class 'str'>) store=True
Validating dmcoords.dec val=-55.96447902904857 as ...
... something else
Setting dmcoords.dec to -55.96447902904857 (<class 'str'>)
Entering _validate for name=theta val=1.07965860357645 (type=<class 'str'>) store=True
Validating dmcoords.theta val=1.07965860357645 as ...
... a float
Validating dmcoords.theta val=1.07965860357645 against min/max=0/10800
Setting dmcoords.theta to 1.07965860357645 (<class 'float'>)
Entering _validate for name=phi val=114.9748990272707 (type=<class 'str'>) store=True
Validating dmcoords.phi val=114.9748990272707 as ...
... a float
Validating dmcoords.phi val=114.9748990272707 against min/max=0/360
Setting dmcoords.phi to 114.9748990272707 (<class 'float'>)
Entering _validate for name=order val=0 (type=<class 'str'>) store=True
Validating dmcoords.order val=0 as ...
... an integer
Setting dmcoords.order to 0 (<class 'int'>)
Entering _validate for name=energy val=1 (type=<class 'str'>) store=True
Validating dmcoords.energy val=1 as ...
... a float
Setting dmcoords.energy to 1.0 (<class 'float'>)
Entering _validate for name=wavelength val=0 (type=<class 'str'>) store=True
Validating dmcoords.wavelength val=0 as ...
... a float
Setting dmcoords.wavelength to 0.0 (<class 'float'>)
Entering _validate for name=ra_zo val=104.602774547293 (type=<class 'str'>) store=True
Validating dmcoords.ra_zo val=104.602774547293 as ...
... something else
Setting dmcoords.ra_zo to 104.602774547293 (<class 'str'>)
Entering _validate for name=dec_zo val=-55.96447902904857 (type=<class 'str'>) store=True
Validating dmcoords.dec_zo val=-55.96447902904857 as ...
... something else
Setting dmcoords.dec_zo to -55.96447902904857 (<class 'str'>)
Entering _validate for name=celfmt val=deg (type=<class 'str'>) store=True
Validating dmcoords.celfmt val=deg as ...
... something else
Setting dmcoords.celfmt to deg (<class 'str'>)
Entering _validate for name=detector val= (type=<class 'str'>) store=True
Validating dmcoords.detector val= as ...
... a ''
Setting dmcoords.detector to None (<class 'NoneType'>)
Entering _validate for name=grating val= (type=<class 'str'>) store=True
Validating dmcoords.grating val= as ...
... a ''
Setting dmcoords.grating to None (<class 'NoneType'>)
Entering _validate for name=fpsys val= (type=<class 'str'>) store=True
Validating dmcoords.fpsys val= as ...
... a ''
Setting dmcoords.fpsys to None (<class 'NoneType'>)
Entering _validate for name=sim val= (type=<class 'str'>) store=True
Validating dmcoords.sim val= as ...
... a ''
Setting dmcoords.sim to None (<class 'NoneType'>)
Entering _validate for name=displace val= (type=<class 'str'>) store=True
Validating dmcoords.displace val= as ...
... a ''
Setting dmcoords.displace to None (<class 'NoneType'>)
Entering _validate for name=ra_nom val= (type=<class 'str'>) store=True
Validating dmcoords.ra_nom val= as ...
... a ''
Setting dmcoords.ra_nom to None (<class 'NoneType'>)
Entering _validate for name=dec_nom val= (type=<class 'str'>) store=True
Validating dmcoords.dec_nom val= as ...
... a ''
Setting dmcoords.dec_nom to None (<class 'NoneType'>)
Entering _validate for name=roll_nom val= (type=<class 'str'>) store=True
Validating dmcoords.roll_nom val= as ...
... a ''
Setting dmcoords.roll_nom to None (<class 'NoneType'>)
Entering _validate for name=ra_asp val= (type=<class 'str'>) store=True
Validating dmcoords.ra_asp val= as ...
... a ''
Setting dmcoords.ra_asp to None (<class 'NoneType'>)
Entering _validate for name=dec_asp val= (type=<class 'str'>) store=True
Validating dmcoords.dec_asp val= as ...
... a ''
Setting dmcoords.dec_asp to None (<class 'NoneType'>)
Entering _validate for name=roll_asp val= (type=<class 'str'>) store=True
Validating dmcoords.roll_asp val= as ...
... a ''
Setting dmcoords.roll_asp to None (<class 'NoneType'>)
Entering _validate for name=geompar val=geom (type=<class 'str'>) store=True
Validating dmcoords.geompar val=geom as ...
... something else
Setting dmcoords.geompar to geom (<class 'str'>)
Entering _validate for name=verbose val=0 (type=<class 'str'>) store=True
Validating dmcoords.verbose val=0 as ...
... an integer
Validating dmcoords.verbose val=0 against min/max=0/5
Setting dmcoords.verbose to 0 (<class 'int'>)
Read parameters for dmcoords from /home/henry/sigma-v19ck-rmf-diagnostic/v100/c3432/tmp/tmp91sbln_w.dmcoords.par
Deleting par file: /home/henry/sigma-v19ck-rmf-diagnostic/v100/c3432/tmp/tmp91sbln_w.dmcoords.par
About to restore PFILES setting to /home/henry/sigma-v19ck-rmf-diagnostic/v100/c3432/pfiles;/home/henry/miniforge3/envs/sigma-ciao-4.18/param
Running colden for 1 position (using nrao data set)
Running colden with ra=104.602774547293 dec=-55.96447902904857 for dataset nrao
* colden args: ['prop_colden', 'f', 'j/deg', 'data', 'nrao', 'eval', '104.602774547293', '-55.96447902904857']
* colden output: returncode=0
* colden output: stdout=b'Looking for /home/henry/miniforge3/envs/sigma-ciao-4.18/config/jcm_data/nrao.fits\n------------------------------------------------------------------------------------------\nInput coords:  104.602775   -55.964479\nTarget RA,Dec (B1950): 06 57 26.606 -55 53 41.484   (l,b):266.038363   -21.267065\nDensity integrated from   -550.000 to    550.000 km/s\nHydrogen density (10^20 cm**(-2)):   6.36\n------------------------------------------------------------------------------------------\n'
* colden output: stderr=b''
Running colden for 1 position (using bell data set)
Running colden with ra=104.602774547293 dec=-55.96447902904857 for dataset bell
* colden args: ['prop_colden', 'f', 'j/deg', 'data', 'bell', 'eval', '104.602774547293', '-55.96447902904857']
* colden output: returncode=0
* colden output: stdout=b'------------------------------------------------------------------------------------------\nInput coords:  104.602775   -55.964479\nTarget RA,Dec (B1950): 06 57 26.606 -55 53 41.484   (l,b):266.038363   -21.267065\nDensity integrated from   -550.000 to    550.000 km/s\nHydrogen density (10^20 cm**(-2)):  -  (Too far south)\n------------------------------------------------------------------------------------------\n'
* colden output: stderr=b''
Unexpected colden output: unable to convert '-' to a number
Warning: Skip adding 'bell_nh' header keyword.  No valid data at the source location in the Bell Labs HI Survey (the survey covers RA > -40 deg).

About to overide user PFILES setting: ['/home/henry/sigma-v19ck-rmf-diagnostic/v100/c3432/pfiles'] from /home/henry/sigma-v19ck-rmf-diagnostic/v100/c3432/pfiles;/home/henry/miniforge3/envs/sigma-ciao-4.18/param
Setting up /home/henry/sigma-v19ck-rmf-diagnostic/v100/c3432/tmp/tmpdiri53rmur6 as new user PFILES directory
About to copy over ardlib parameter file: /home/henry/miniforge3/envs/sigma-ciao-4.18/param/ardlib.par
Setting bad pixel file for src 

Calling punlearn on tool ardlib
Calling punlearn on tool acis_set_ardlib
Entering _validate for name=ArdlibDataPath val=$ASCDS_CALIB (type=<class 'str'>) store=True
Validating ardlib.ArdlibDataPath val=$ASCDS_CALIB as ...
... something else
Setting ardlib.ArdlibDataPath to $ASCDS_CALIB (<class 'str'>)
Entering _validate for name=GENERIC_EFFAREA_FILE val=xrt_ea_v2_0.fits (type=<class 'str'>) store=True
Validating ardlib.GENERIC_EFFAREA_FILE val=xrt_ea_v2_0.fits as ...
... something else
Setting ardlib.GENERIC_EFFAREA_FILE to xrt_ea_v2_0.fits (<class 'str'>)
Entering _validate for name=GENERIC_VIGNET_FILE val=/dev/null (type=<class 'str'>) store=True
Validating ardlib.GENERIC_VIGNET_FILE val=/dev/null as ...
... something else
Setting ardlib.GENERIC_VIGNET_FILE to /dev/null (<class 'str'>)
Entering _validate for name=AXAF_EFFAREA_FILE_0001 val=CALDB (type=<class 'str'>) store=True
Validating ardlib.AXAF_EFFAREA_FILE_0001 val=CALDB as ...
... something else
Setting ardlib.AXAF_EFFAREA_FILE_0001 to CALDB (<class 'str'>)
Entering _validate for name=AXAF_EFFAREA_FILE_0010 val=CALDB (type=<class 'str'>) store=True
Validating ardlib.AXAF_EFFAREA_FILE_0010 val=CALDB as ...
... something else
Setting ardlib.AXAF_EFFAREA_FILE_0010 to CALDB (<class 'str'>)
Entering _validate for name=AXAF_EFFAREA_FILE_0100 val=CALDB (type=<class 'str'>) store=True
Validating ardlib.AXAF_EFFAREA_FILE_0100 val=CALDB as ...
... something else
Setting ardlib.AXAF_EFFAREA_FILE_0100 to CALDB (<class 'str'>)
Entering _validate for name=AXAF_EFFAREA_FILE_1000 val=CALDB (type=<class 'str'>) store=True
Validating ardlib.AXAF_EFFAREA_FILE_1000 val=CALDB as ...
... something else
Setting ardlib.AXAF_EFFAREA_FILE_1000 to CALDB (<class 'str'>)
Entering _validate for name=AXAF_EFFAREA_FILE_1111 val=CALDB (type=<class 'str'>) store=True
Validating ardlib.AXAF_EFFAREA_FILE_1111 val=CALDB as ...
... something else
Setting ardlib.AXAF_EFFAREA_FILE_1111 to CALDB (<class 'str'>)
Entering _validate for name=AXAF_VIGNET_FILE_0001 val=CALDB (type=<class 'str'>) store=True
Validating ardlib.AXAF_VIGNET_FILE_0001 val=CALDB as ...
... something else
Setting ardlib.AXAF_VIGNET_FILE_0001 to CALDB (<class 'str'>)
Entering _validate for name=AXAF_VIGNET_FILE_0010 val=CALDB (type=<class 'str'>) store=True
Validating ardlib.AXAF_VIGNET_FILE_0010 val=CALDB as ...
... something else
Setting ardlib.AXAF_VIGNET_FILE_0010 to CALDB (<class 'str'>)
Entering _validate for name=AXAF_VIGNET_FILE_0100 val=CALDB (type=<class 'str'>) store=True
Validating ardlib.AXAF_VIGNET_FILE_0100 val=CALDB as ...
... something else
Setting ardlib.AXAF_VIGNET_FILE_0100 to CALDB (<class 'str'>)
Entering _validate for name=AXAF_VIGNET_FILE_1000 val=CALDB (type=<class 'str'>) store=True
Validating ardlib.AXAF_VIGNET_FILE_1000 val=CALDB as ...
... something else
Setting ardlib.AXAF_VIGNET_FILE_1000 to CALDB (<class 'str'>)
Entering _validate for name=AXAF_VIGNET_FILE_1111 val=CALDB (type=<class 'str'>) store=True
Validating ardlib.AXAF_VIGNET_FILE_1111 val=CALDB as ...
... something else
Setting ardlib.AXAF_VIGNET_FILE_1111 to CALDB (<class 'str'>)
Entering _validate for name=AXAF_ACIS0_QE_FILE val=CALDB (type=<class 'str'>) store=True
Validating ardlib.AXAF_ACIS0_QE_FILE val=CALDB as ...
... something else
Setting ardlib.AXAF_ACIS0_QE_FILE to CALDB (<class 'str'>)
Entering _validate for name=AXAF_ACIS1_QE_FILE val=CALDB (type=<class 'str'>) store=True
Validating ardlib.AXAF_ACIS1_QE_FILE val=CALDB as ...
... something else
Setting ardlib.AXAF_ACIS1_QE_FILE to CALDB (<class 'str'>)
Entering _validate for name=AXAF_ACIS2_QE_FILE val=CALDB (type=<class 'str'>) store=True
Validating ardlib.AXAF_ACIS2_QE_FILE val=CALDB as ...
... something else
Setting ardlib.AXAF_ACIS2_QE_FILE to CALDB (<class 'str'>)
Entering _validate for name=AXAF_ACIS3_QE_FILE val=CALDB (type=<class 'str'>) store=True
Validating ardlib.AXAF_ACIS3_QE_FILE val=CALDB as ...
... something else
Setting ardlib.AXAF_ACIS3_QE_FILE to CALDB (<class 'str'>)
Entering _validate for name=AXAF_ACIS4_QE_FILE val=CALDB (type=<class 'str'>) store=True
Validating ardlib.AXAF_ACIS4_QE_FILE val=CALDB as ...
... something else
Setting ardlib.AXAF_ACIS4_QE_FILE to CALDB (<class 'str'>)
Entering _validate for name=AXAF_ACIS5_QE_FILE val=CALDB (type=<class 'str'>) store=True
Validating ardlib.AXAF_ACIS5_QE_FILE val=CALDB as ...
... something else
Setting ardlib.AXAF_ACIS5_QE_FILE to CALDB (<class 'str'>)
Entering _validate for name=AXAF_ACIS6_QE_FILE val=CALDB (type=<class 'str'>) store=True
Validating ardlib.AXAF_ACIS6_QE_FILE val=CALDB as ...
... something else
Setting ardlib.AXAF_ACIS6_QE_FILE to CALDB (<class 'str'>)
Entering _validate for name=AXAF_ACIS7_QE_FILE val=CALDB (type=<class 'str'>) store=True
Validating ardlib.AXAF_ACIS7_QE_FILE val=CALDB as ...
... something else
Setting ardlib.AXAF_ACIS7_QE_FILE to CALDB (<class 'str'>)
Entering _validate for name=AXAF_ACIS8_QE_FILE val=CALDB (type=<class 'str'>) store=True
Validating ardlib.AXAF_ACIS8_QE_FILE val=CALDB as ...
... something else
Setting ardlib.AXAF_ACIS8_QE_FILE to CALDB (<class 'str'>)
Entering _validate for name=AXAF_ACIS9_QE_FILE val=CALDB (type=<class 'str'>) store=True
Validating ardlib.AXAF_ACIS9_QE_FILE val=CALDB as ...
... something else
Setting ardlib.AXAF_ACIS9_QE_FILE to CALDB (<class 'str'>)
Entering _validate for name=AXAF_ACIS0_QEU_FILE val=CALDB (type=<class 'str'>) store=True
Validating ardlib.AXAF_ACIS0_QEU_FILE val=CALDB as ...
... something else
Setting ardlib.AXAF_ACIS0_QEU_FILE to CALDB (<class 'str'>)
Entering _validate for name=AXAF_ACIS1_QEU_FILE val=CALDB (type=<class 'str'>) store=True
Validating ardlib.AXAF_ACIS1_QEU_FILE val=CALDB as ...
... something else
Setting ardlib.AXAF_ACIS1_QEU_FILE to CALDB (<class 'str'>)
Entering _validate for name=AXAF_ACIS2_QEU_FILE val=CALDB (type=<class 'str'>) store=True
Validating ardlib.AXAF_ACIS2_QEU_FILE val=CALDB as ...
... something else
Setting ardlib.AXAF_ACIS2_QEU_FILE to CALDB (<class 'str'>)
Entering _validate for name=AXAF_ACIS3_QEU_FILE val=CALDB (type=<class 'str'>) store=True
Validating ardlib.AXAF_ACIS3_QEU_FILE val=CALDB as ...
... something else
Setting ardlib.AXAF_ACIS3_QEU_FILE to CALDB (<class 'str'>)
Entering _validate for name=AXAF_ACIS4_QEU_FILE val=CALDB (type=<class 'str'>) store=True
Validating ardlib.AXAF_ACIS4_QEU_FILE val=CALDB as ...
... something else
Setting ardlib.AXAF_ACIS4_QEU_FILE to CALDB (<class 'str'>)
Entering _validate for name=AXAF_ACIS5_QEU_FILE val=CALDB (type=<class 'str'>) store=True
Validating ardlib.AXAF_ACIS5_QEU_FILE val=CALDB as ...
... something else
Setting ardlib.AXAF_ACIS5_QEU_FILE to CALDB (<class 'str'>)
Entering _validate for name=AXAF_ACIS6_QEU_FILE val=CALDB (type=<class 'str'>) store=True
Validating ardlib.AXAF_ACIS6_QEU_FILE val=CALDB as ...
... something else
Setting ardlib.AXAF_ACIS6_QEU_FILE to CALDB (<class 'str'>)
Entering _validate for name=AXAF_ACIS7_QEU_FILE val=CALDB (type=<class 'str'>) store=True
Validating ardlib.AXAF_ACIS7_QEU_FILE val=CALDB as ...
... something else
Setting ardlib.AXAF_ACIS7_QEU_FILE to CALDB (<class 'str'>)
Entering _validate for name=AXAF_ACIS8_QEU_FILE val=CALDB (type=<class 'str'>) store=True
Validating ardlib.AXAF_ACIS8_QEU_FILE val=CALDB as ...
... something else
Setting ardlib.AXAF_ACIS8_QEU_FILE to CALDB (<class 'str'>)
Entering _validate for name=AXAF_ACIS9_QEU_FILE val=CALDB (type=<class 'str'>) store=True
Validating ardlib.AXAF_ACIS9_QEU_FILE val=CALDB as ...
... something else
Setting ardlib.AXAF_ACIS9_QEU_FILE to CALDB (<class 'str'>)
Entering _validate for name=AXAF_ACIS0_BADPIX_FILE val=CALDB (type=<class 'str'>) store=True
Validating ardlib.AXAF_ACIS0_BADPIX_FILE val=CALDB as ...
... something else
Setting ardlib.AXAF_ACIS0_BADPIX_FILE to CALDB (<class 'str'>)
Entering _validate for name=AXAF_ACIS1_BADPIX_FILE val=CALDB (type=<class 'str'>) store=True
Validating ardlib.AXAF_ACIS1_BADPIX_FILE val=CALDB as ...
... something else
Setting ardlib.AXAF_ACIS1_BADPIX_FILE to CALDB (<class 'str'>)
Entering _validate for name=AXAF_ACIS2_BADPIX_FILE val=CALDB (type=<class 'str'>) store=True
Validating ardlib.AXAF_ACIS2_BADPIX_FILE val=CALDB as ...
... something else
Setting ardlib.AXAF_ACIS2_BADPIX_FILE to CALDB (<class 'str'>)
Entering _validate for name=AXAF_ACIS3_BADPIX_FILE val=CALDB (type=<class 'str'>) store=True
Validating ardlib.AXAF_ACIS3_BADPIX_FILE val=CALDB as ...
... something else
Setting ardlib.AXAF_ACIS3_BADPIX_FILE to CALDB (<class 'str'>)
Entering _validate for name=AXAF_ACIS4_BADPIX_FILE val=CALDB (type=<class 'str'>) store=True
Validating ardlib.AXAF_ACIS4_BADPIX_FILE val=CALDB as ...
... something else
Setting ardlib.AXAF_ACIS4_BADPIX_FILE to CALDB (<class 'str'>)
Entering _validate for name=AXAF_ACIS5_BADPIX_FILE val=CALDB (type=<class 'str'>) store=True
Validating ardlib.AXAF_ACIS5_BADPIX_FILE val=CALDB as ...
... something else
Setting ardlib.AXAF_ACIS5_BADPIX_FILE to CALDB (<class 'str'>)
Entering _validate for name=AXAF_ACIS6_BADPIX_FILE val=CALDB (type=<class 'str'>) store=True
Validating ardlib.AXAF_ACIS6_BADPIX_FILE val=CALDB as ...
... something else
Setting ardlib.AXAF_ACIS6_BADPIX_FILE to CALDB (<class 'str'>)
Entering _validate for name=AXAF_ACIS7_BADPIX_FILE val=CALDB (type=<class 'str'>) store=True
Validating ardlib.AXAF_ACIS7_BADPIX_FILE val=CALDB as ...
... something else
Setting ardlib.AXAF_ACIS7_BADPIX_FILE to CALDB (<class 'str'>)
Entering _validate for name=AXAF_ACIS8_BADPIX_FILE val=CALDB (type=<class 'str'>) store=True
Validating ardlib.AXAF_ACIS8_BADPIX_FILE val=CALDB as ...
... something else
Setting ardlib.AXAF_ACIS8_BADPIX_FILE to CALDB (<class 'str'>)
Entering _validate for name=AXAF_ACIS9_BADPIX_FILE val=CALDB (type=<class 'str'>) store=True
Validating ardlib.AXAF_ACIS9_BADPIX_FILE val=CALDB as ...
... something else
Setting ardlib.AXAF_ACIS9_BADPIX_FILE to CALDB (<class 'str'>)
Entering _validate for name=AXAF_ACIS0_CONTAM_FILE val=CALDB (type=<class 'str'>) store=True
Validating ardlib.AXAF_ACIS0_CONTAM_FILE val=CALDB as ...
... something else
Setting ardlib.AXAF_ACIS0_CONTAM_FILE to CALDB (<class 'str'>)
Entering _validate for name=AXAF_ACIS1_CONTAM_FILE val=CALDB (type=<class 'str'>) store=True
Validating ardlib.AXAF_ACIS1_CONTAM_FILE val=CALDB as ...
... something else
Setting ardlib.AXAF_ACIS1_CONTAM_FILE to CALDB (<class 'str'>)
Entering _validate for name=AXAF_ACIS2_CONTAM_FILE val=CALDB (type=<class 'str'>) store=True
Validating ardlib.AXAF_ACIS2_CONTAM_FILE val=CALDB as ...
... something else
Setting ardlib.AXAF_ACIS2_CONTAM_FILE to CALDB (<class 'str'>)
Entering _validate for name=AXAF_ACIS3_CONTAM_FILE val=CALDB (type=<class 'str'>) store=True
Validating ardlib.AXAF_ACIS3_CONTAM_FILE val=CALDB as ...
... something else
Setting ardlib.AXAF_ACIS3_CONTAM_FILE to CALDB (<class 'str'>)
Entering _validate for name=AXAF_ACIS4_CONTAM_FILE val=CALDB (type=<class 'str'>) store=True
Validating ardlib.AXAF_ACIS4_CONTAM_FILE val=CALDB as ...
... something else
Setting ardlib.AXAF_ACIS4_CONTAM_FILE to CALDB (<class 'str'>)
Entering _validate for name=AXAF_ACIS5_CONTAM_FILE val=CALDB (type=<class 'str'>) store=True
Validating ardlib.AXAF_ACIS5_CONTAM_FILE val=CALDB as ...
... something else
Setting ardlib.AXAF_ACIS5_CONTAM_FILE to CALDB (<class 'str'>)
Entering _validate for name=AXAF_ACIS6_CONTAM_FILE val=CALDB (type=<class 'str'>) store=True
Validating ardlib.AXAF_ACIS6_CONTAM_FILE val=CALDB as ...
... something else
Setting ardlib.AXAF_ACIS6_CONTAM_FILE to CALDB (<class 'str'>)
Entering _validate for name=AXAF_ACIS7_CONTAM_FILE val=CALDB (type=<class 'str'>) store=True
Validating ardlib.AXAF_ACIS7_CONTAM_FILE val=CALDB as ...
... something else
Setting ardlib.AXAF_ACIS7_CONTAM_FILE to CALDB (<class 'str'>)
Entering _validate for name=AXAF_ACIS8_CONTAM_FILE val=CALDB (type=<class 'str'>) store=True
Validating ardlib.AXAF_ACIS8_CONTAM_FILE val=CALDB as ...
... something else
Setting ardlib.AXAF_ACIS8_CONTAM_FILE to CALDB (<class 'str'>)
Entering _validate for name=AXAF_ACIS9_CONTAM_FILE val=CALDB (type=<class 'str'>) store=True
Validating ardlib.AXAF_ACIS9_CONTAM_FILE val=CALDB as ...
... something else
Setting ardlib.AXAF_ACIS9_CONTAM_FILE to CALDB (<class 'str'>)
Entering _validate for name=AXAF_HRC_I_QE_FILE val=CALDB (type=<class 'str'>) store=True
Validating ardlib.AXAF_HRC_I_QE_FILE val=CALDB as ...
... something else
Setting ardlib.AXAF_HRC_I_QE_FILE to CALDB (<class 'str'>)
Entering _validate for name=AXAF_HRC_I_QEU_FILE val=CALDB (type=<class 'str'>) store=True
Validating ardlib.AXAF_HRC_I_QEU_FILE val=CALDB as ...
... something else
Setting ardlib.AXAF_HRC_I_QEU_FILE to CALDB (<class 'str'>)
Entering _validate for name=AXAF_HRC_I_BADPIX_FILE val=NONE (type=<class 'str'>) store=True
Validating ardlib.AXAF_HRC_I_BADPIX_FILE val=NONE as ...
... something else
Setting ardlib.AXAF_HRC_I_BADPIX_FILE to NONE (<class 'str'>)
Entering _validate for name=AXAF_HRC_S1_QE_FILE val=CALDB (type=<class 'str'>) store=True
Validating ardlib.AXAF_HRC_S1_QE_FILE val=CALDB as ...
... something else
Setting ardlib.AXAF_HRC_S1_QE_FILE to CALDB (<class 'str'>)
Entering _validate for name=AXAF_HRC_S2_QE_FILE val=CALDB (type=<class 'str'>) store=True
Validating ardlib.AXAF_HRC_S2_QE_FILE val=CALDB as ...
... something else
Setting ardlib.AXAF_HRC_S2_QE_FILE to CALDB (<class 'str'>)
Entering _validate for name=AXAF_HRC_S3_QE_FILE val=CALDB (type=<class 'str'>) store=True
Validating ardlib.AXAF_HRC_S3_QE_FILE val=CALDB as ...
... something else
Setting ardlib.AXAF_HRC_S3_QE_FILE to CALDB (<class 'str'>)
Entering _validate for name=AXAF_HRC_S1_QEU_FILE val=CALDB (type=<class 'str'>) store=True
Validating ardlib.AXAF_HRC_S1_QEU_FILE val=CALDB as ...
... something else
Setting ardlib.AXAF_HRC_S1_QEU_FILE to CALDB (<class 'str'>)
Entering _validate for name=AXAF_HRC_S2_QEU_FILE val=CALDB (type=<class 'str'>) store=True
Validating ardlib.AXAF_HRC_S2_QEU_FILE val=CALDB as ...
... something else
Setting ardlib.AXAF_HRC_S2_QEU_FILE to CALDB (<class 'str'>)
Entering _validate for name=AXAF_HRC_S3_QEU_FILE val=CALDB (type=<class 'str'>) store=True
Validating ardlib.AXAF_HRC_S3_QEU_FILE val=CALDB as ...
... something else
Setting ardlib.AXAF_HRC_S3_QEU_FILE to CALDB (<class 'str'>)
Entering _validate for name=AXAF_HRC_S_BADPIX_FILE val=NONE (type=<class 'str'>) store=True
Validating ardlib.AXAF_HRC_S_BADPIX_FILE val=NONE as ...
... something else
Setting ardlib.AXAF_HRC_S_BADPIX_FILE to NONE (<class 'str'>)
Entering _validate for name=AXAF_HETG_1000_FILE val=CALDB (type=<class 'str'>) store=True
Validating ardlib.AXAF_HETG_1000_FILE val=CALDB as ...
... something else
Setting ardlib.AXAF_HETG_1000_FILE to CALDB (<class 'str'>)
Entering _validate for name=AXAF_HETG_0100_FILE val=CALDB (type=<class 'str'>) store=True
Validating ardlib.AXAF_HETG_0100_FILE val=CALDB as ...
... something else
Setting ardlib.AXAF_HETG_0100_FILE to CALDB (<class 'str'>)
Entering _validate for name=AXAF_HETG_0010_FILE val=CALDB (type=<class 'str'>) store=True
Validating ardlib.AXAF_HETG_0010_FILE val=CALDB as ...
... something else
Setting ardlib.AXAF_HETG_0010_FILE to CALDB (<class 'str'>)
Entering _validate for name=AXAF_HETG_0001_FILE val=CALDB (type=<class 'str'>) store=True
Validating ardlib.AXAF_HETG_0001_FILE val=CALDB as ...
... something else
Setting ardlib.AXAF_HETG_0001_FILE to CALDB (<class 'str'>)
Entering _validate for name=AXAF_LETG_1000_FILE val=CALDB (type=<class 'str'>) store=True
Validating ardlib.AXAF_LETG_1000_FILE val=CALDB as ...
... something else
Setting ardlib.AXAF_LETG_1000_FILE to CALDB (<class 'str'>)
Entering _validate for name=AXAF_LETG_0100_FILE val=CALDB (type=<class 'str'>) store=True
Validating ardlib.AXAF_LETG_0100_FILE val=CALDB as ...
... something else
Setting ardlib.AXAF_LETG_0100_FILE to CALDB (<class 'str'>)
Entering _validate for name=AXAF_LETG_0010_FILE val=CALDB (type=<class 'str'>) store=True
Validating ardlib.AXAF_LETG_0010_FILE val=CALDB as ...
... something else
Setting ardlib.AXAF_LETG_0010_FILE to CALDB (<class 'str'>)
Entering _validate for name=AXAF_LETG_0001_FILE val=CALDB (type=<class 'str'>) store=True
Validating ardlib.AXAF_LETG_0001_FILE val=CALDB as ...
... something else
Setting ardlib.AXAF_LETG_0001_FILE to CALDB (<class 'str'>)
Entering _validate for name=AXAF_HETG_1100_LSF_FILE val=CALDB (type=<class 'str'>) store=True
Validating ardlib.AXAF_HETG_1100_LSF_FILE val=CALDB as ...
... something else
Setting ardlib.AXAF_HETG_1100_LSF_FILE to CALDB (<class 'str'>)
Entering _validate for name=AXAF_HETG_0011_LSF_FILE val=CALDB (type=<class 'str'>) store=True
Validating ardlib.AXAF_HETG_0011_LSF_FILE val=CALDB as ...
... something else
Setting ardlib.AXAF_HETG_0011_LSF_FILE to CALDB (<class 'str'>)
Entering _validate for name=AXAF_LETG_1111_LSF_FILE val=CALDB (type=<class 'str'>) store=True
Validating ardlib.AXAF_LETG_1111_LSF_FILE val=CALDB as ...
... something else
Setting ardlib.AXAF_LETG_1111_LSF_FILE to CALDB (<class 'str'>)
Entering _validate for name=AXAF_RMF_FILE val=CALDB (type=<class 'str'>) store=True
Validating ardlib.AXAF_RMF_FILE val=CALDB as ...
... something else
Setting ardlib.AXAF_RMF_FILE to CALDB (<class 'str'>)
Entering _validate for name=AXAF_GAIN_FILE val=CALDB (type=<class 'str'>) store=True
Validating ardlib.AXAF_GAIN_FILE val=CALDB as ...
... something else
Setting ardlib.AXAF_GAIN_FILE to CALDB (<class 'str'>)
Read from the ardlib parameter file
Calling punlearn on tool acis_set_ardlib
Entering _validate for name=badpixfile val=/home/henry/sigma-v19f-chandra/repro/BULLET/5358/acisf05358_repro_bpix1.fits (type=<class 'str'>) store=True
Validating acis_set_ardlib.badpixfile val=/home/henry/sigma-v19f-chandra/repro/BULLET/5358/acisf05358_repro_bpix1.fits as ...
... something else
Setting acis_set_ardlib.badpixfile to /home/henry/sigma-v19f-chandra/repro/BULLET/5358/acisf05358_repro_bpix1.fits (<class 'str'>)
Entering _validate for name=verbose val=5 (type=<class 'int'>) store=True
Validating acis_set_ardlib.verbose val=5 as ...
... an integer
Validating acis_set_ardlib.verbose val=5 against min/max=0/5
Setting acis_set_ardlib.verbose to 5 (<class 'int'>)
_create_parfile_copy called for acis_set_ardlib with parfile=None
Copying par file /home/henry/miniforge3/envs/sigma-ciao-4.18/param/acis_set_ardlib.par to /home/henry/sigma-v19ck-rmf-diagnostic/v100/c3432/tmp/tmpo9jt2826.acis_set_ardlib.par
_update_parfile[acis_set_ardlib] called for /home/henry/sigma-v19ck-rmf-diagnostic/v100/c3432/tmp/tmpo9jt2826.acis_set_ardlib.par
Opening parameter file with mode=wLH: '/home/henry/sigma-v19ck-rmf-diagnostic/v100/c3432/tmp/tmpo9jt2826.acis_set_ardlib.par'
setting parameter badpixfile type=f val=/home/henry/sigma-v19f-chandra/repro/BULLET/5358/acisf05358_repro_bpix1.fits
setting parameter absolutepath type=b val=True
setting parameter ardlibfile type=f val=ardlib
setting parameter verbose type=i val=5
Verifying parameter settings
verifying parameter badpixfile type=f is val=/home/henry/sigma-v19f-chandra/repro/BULLET/5358/acisf05358_repro_bpix1.fits
verifying parameter absolutepath type=b is val=True
verifying parameter ardlibfile type=f is val=ardlib
verifying parameter verbose type=i is val=5
_update_parfile[acis_set_ardlib] returning {}
Running tool acis_set_ardlib using:
>>> acis_set_ardlib /home/henry/sigma-v19f-chandra/repro/BULLET/5358/acisf05358_repro_bpix1.fits verbose=5
***** Start of parameter file
** badpixfile,f,a,"/home/henry/sigma-v19f-chandra/repro/BULLET/5358/acisf05358_repro_bpix1.fits",,,"Bad pixel file for the observation"
** absolutepath,b,h,yes,,,"Use an absolute path in the parameter file"
** ardlibfile,f,h,"ardlib",,,"Parameter file to change"
** verbose,i,h,5,0,5,"Verbosity (0 for no screen output)"
** mode,s,h,"hl",,,
***** End of parameter file
Starting acis_set_ardlib at Wed Aug  5 13:09:57 2026
acis_set_ardlib finished at Wed Aug  5 13:09:57 2026
Run time = < 1 sec
Return code = 0
***** Start of parameter file
** badpixfile,f,a,"/home/henry/sigma-v19f-chandra/repro/BULLET/5358/acisf05358_repro_bpix1.fits",,,"Bad pixel file for the observation"
** absolutepath,b,h,yes,,,"Use an absolute path in the parameter file"
** ardlibfile,f,h,"ardlib",,,"Parameter file to change"
** verbose,i,h,5,0,5,"Verbosity (0 for no screen output)"
** mode,s,h,"hl",,,
***** End of parameter file
Entering _validate for name=badpixfile val=/home/henry/sigma-v19f-chandra/repro/BULLET/5358/acisf05358_repro_bpix1.fits (type=<class 'str'>) store=True
Validating acis_set_ardlib.badpixfile val=/home/henry/sigma-v19f-chandra/repro/BULLET/5358/acisf05358_repro_bpix1.fits as ...
... something else
Setting acis_set_ardlib.badpixfile to /home/henry/sigma-v19f-chandra/repro/BULLET/5358/acisf05358_repro_bpix1.fits (<class 'str'>)
Entering _validate for name=absolutepath val=yes (type=<class 'str'>) store=True
Validating acis_set_ardlib.absolutepath val=yes as ...
... a boolean
Setting acis_set_ardlib.absolutepath to True (<class 'bool'>)
Entering _validate for name=ardlibfile val=ardlib (type=<class 'str'>) store=True
Validating acis_set_ardlib.ardlibfile val=ardlib as ...
... something else
Setting acis_set_ardlib.ardlibfile to ardlib (<class 'str'>)
Entering _validate for name=verbose val=5 (type=<class 'str'>) store=True
Validating acis_set_ardlib.verbose val=5 as ...
... an integer
Validating acis_set_ardlib.verbose val=5 against min/max=0/5
Setting acis_set_ardlib.verbose to 5 (<class 'int'>)
Read parameters for acis_set_ardlib from /home/henry/sigma-v19ck-rmf-diagnostic/v100/c3432/tmp/tmpo9jt2826.acis_set_ardlib.par
Deleting par file: /home/henry/sigma-v19ck-rmf-diagnostic/v100/c3432/tmp/tmpo9jt2826.acis_set_ardlib.par
_update_parfile[ardlib] called for ardlib
Opening parameter file with mode=wLH: 'ardlib'
setting parameter ArdlibDataPath type=s val=$ASCDS_CALIB
setting parameter GENERIC_EFFAREA_FILE type=f val=xrt_ea_v2_0.fits
setting parameter GENERIC_VIGNET_FILE type=f val=/dev/null
setting parameter AXAF_EFFAREA_FILE_0001 type=f val=CALDB
setting parameter AXAF_EFFAREA_FILE_0010 type=f val=CALDB
setting parameter AXAF_EFFAREA_FILE_0100 type=f val=CALDB
setting parameter AXAF_EFFAREA_FILE_1000 type=f val=CALDB
setting parameter AXAF_EFFAREA_FILE_1111 type=f val=CALDB
setting parameter AXAF_VIGNET_FILE_0001 type=f val=CALDB
setting parameter AXAF_VIGNET_FILE_0010 type=f val=CALDB
setting parameter AXAF_VIGNET_FILE_0100 type=f val=CALDB
setting parameter AXAF_VIGNET_FILE_1000 type=f val=CALDB
setting parameter AXAF_VIGNET_FILE_1111 type=f val=CALDB
setting parameter AXAF_ACIS0_QE_FILE type=f val=CALDB
setting parameter AXAF_ACIS1_QE_FILE type=f val=CALDB
setting parameter AXAF_ACIS2_QE_FILE type=f val=CALDB
setting parameter AXAF_ACIS3_QE_FILE type=f val=CALDB
setting parameter AXAF_ACIS4_QE_FILE type=f val=CALDB
setting parameter AXAF_ACIS5_QE_FILE type=f val=CALDB
setting parameter AXAF_ACIS6_QE_FILE type=f val=CALDB
setting parameter AXAF_ACIS7_QE_FILE type=f val=CALDB
setting parameter AXAF_ACIS8_QE_FILE type=f val=CALDB
setting parameter AXAF_ACIS9_QE_FILE type=f val=CALDB
setting parameter AXAF_ACIS0_QEU_FILE type=f val=CALDB
setting parameter AXAF_ACIS1_QEU_FILE type=f val=CALDB
setting parameter AXAF_ACIS2_QEU_FILE type=f val=CALDB
setting parameter AXAF_ACIS3_QEU_FILE type=f val=CALDB
setting parameter AXAF_ACIS4_QEU_FILE type=f val=CALDB
setting parameter AXAF_ACIS5_QEU_FILE type=f val=CALDB
setting parameter AXAF_ACIS6_QEU_FILE type=f val=CALDB
setting parameter AXAF_ACIS7_QEU_FILE type=f val=CALDB
setting parameter AXAF_ACIS8_QEU_FILE type=f val=CALDB
setting parameter AXAF_ACIS9_QEU_FILE type=f val=CALDB
setting parameter AXAF_ACIS0_BADPIX_FILE type=f val=CALDB
setting parameter AXAF_ACIS1_BADPIX_FILE type=f val=CALDB
setting parameter AXAF_ACIS2_BADPIX_FILE type=f val=CALDB
setting parameter AXAF_ACIS3_BADPIX_FILE type=f val=CALDB
setting parameter AXAF_ACIS4_BADPIX_FILE type=f val=CALDB
setting parameter AXAF_ACIS5_BADPIX_FILE type=f val=CALDB
setting parameter AXAF_ACIS6_BADPIX_FILE type=f val=CALDB
setting parameter AXAF_ACIS7_BADPIX_FILE type=f val=CALDB
setting parameter AXAF_ACIS8_BADPIX_FILE type=f val=CALDB
setting parameter AXAF_ACIS9_BADPIX_FILE type=f val=CALDB
setting parameter AXAF_ACIS0_CONTAM_FILE type=f val=CALDB
setting parameter AXAF_ACIS1_CONTAM_FILE type=f val=CALDB
setting parameter AXAF_ACIS2_CONTAM_FILE type=f val=CALDB
setting parameter AXAF_ACIS3_CONTAM_FILE type=f val=CALDB
setting parameter AXAF_ACIS4_CONTAM_FILE type=f val=CALDB
setting parameter AXAF_ACIS5_CONTAM_FILE type=f val=CALDB
setting parameter AXAF_ACIS6_CONTAM_FILE type=f val=CALDB
setting parameter AXAF_ACIS7_CONTAM_FILE type=f val=CALDB
setting parameter AXAF_ACIS8_CONTAM_FILE type=f val=CALDB
setting parameter AXAF_ACIS9_CONTAM_FILE type=f val=CALDB
setting parameter AXAF_HRC_I_QE_FILE->AXAF_HRC-I_QE_FILE type=f val=CALDB
setting parameter AXAF_HRC_I_QEU_FILE->AXAF_HRC-I_QEU_FILE type=f val=CALDB
setting parameter AXAF_HRC_I_BADPIX_FILE->AXAF_HRC-I_BADPIX_FILE type=f val=NONE
setting parameter AXAF_HRC_S1_QE_FILE->AXAF_HRC-S1_QE_FILE type=f val=CALDB
setting parameter AXAF_HRC_S2_QE_FILE->AXAF_HRC-S2_QE_FILE type=f val=CALDB
setting parameter AXAF_HRC_S3_QE_FILE->AXAF_HRC-S3_QE_FILE type=f val=CALDB
setting parameter AXAF_HRC_S1_QEU_FILE->AXAF_HRC-S1_QEU_FILE type=f val=CALDB
setting parameter AXAF_HRC_S2_QEU_FILE->AXAF_HRC-S2_QEU_FILE type=f val=CALDB
setting parameter AXAF_HRC_S3_QEU_FILE->AXAF_HRC-S3_QEU_FILE type=f val=CALDB
setting parameter AXAF_HRC_S_BADPIX_FILE->AXAF_HRC-S_BADPIX_FILE type=f val=NONE
setting parameter AXAF_HETG_1000_FILE type=f val=CALDB
setting parameter AXAF_HETG_0100_FILE type=f val=CALDB
setting parameter AXAF_HETG_0010_FILE type=f val=CALDB
setting parameter AXAF_HETG_0001_FILE type=f val=CALDB
setting parameter AXAF_LETG_1000_FILE type=f val=CALDB
setting parameter AXAF_LETG_0100_FILE type=f val=CALDB
setting parameter AXAF_LETG_0010_FILE type=f val=CALDB
setting parameter AXAF_LETG_0001_FILE type=f val=CALDB
setting parameter AXAF_HETG_1100_LSF_FILE type=f val=CALDB
setting parameter AXAF_HETG_0011_LSF_FILE type=f val=CALDB
setting parameter AXAF_LETG_1111_LSF_FILE type=f val=CALDB
setting parameter AXAF_RMF_FILE type=f val=CALDB
setting parameter AXAF_GAIN_FILE type=f val=CALDB
Verifying parameter settings
verifying parameter ArdlibDataPath type=s is val=$ASCDS_CALIB
verifying parameter GENERIC_EFFAREA_FILE type=f is val=xrt_ea_v2_0.fits
verifying parameter GENERIC_VIGNET_FILE type=f is val=/dev/null
verifying parameter AXAF_EFFAREA_FILE_0001 type=f is val=CALDB
verifying parameter AXAF_EFFAREA_FILE_0010 type=f is val=CALDB
verifying parameter AXAF_EFFAREA_FILE_0100 type=f is val=CALDB
verifying parameter AXAF_EFFAREA_FILE_1000 type=f is val=CALDB
verifying parameter AXAF_EFFAREA_FILE_1111 type=f is val=CALDB
verifying parameter AXAF_VIGNET_FILE_0001 type=f is val=CALDB
verifying parameter AXAF_VIGNET_FILE_0010 type=f is val=CALDB
verifying parameter AXAF_VIGNET_FILE_0100 type=f is val=CALDB
verifying parameter AXAF_VIGNET_FILE_1000 type=f is val=CALDB
verifying parameter AXAF_VIGNET_FILE_1111 type=f is val=CALDB
verifying parameter AXAF_ACIS0_QE_FILE type=f is val=CALDB
verifying parameter AXAF_ACIS1_QE_FILE type=f is val=CALDB
verifying parameter AXAF_ACIS2_QE_FILE type=f is val=CALDB
verifying parameter AXAF_ACIS3_QE_FILE type=f is val=CALDB
verifying parameter AXAF_ACIS4_QE_FILE type=f is val=CALDB
verifying parameter AXAF_ACIS5_QE_FILE type=f is val=CALDB
verifying parameter AXAF_ACIS6_QE_FILE type=f is val=CALDB
verifying parameter AXAF_ACIS7_QE_FILE type=f is val=CALDB
verifying parameter AXAF_ACIS8_QE_FILE type=f is val=CALDB
verifying parameter AXAF_ACIS9_QE_FILE type=f is val=CALDB
verifying parameter AXAF_ACIS0_QEU_FILE type=f is val=CALDB
verifying parameter AXAF_ACIS1_QEU_FILE type=f is val=CALDB
verifying parameter AXAF_ACIS2_QEU_FILE type=f is val=CALDB
verifying parameter AXAF_ACIS3_QEU_FILE type=f is val=CALDB
verifying parameter AXAF_ACIS4_QEU_FILE type=f is val=CALDB
verifying parameter AXAF_ACIS5_QEU_FILE type=f is val=CALDB
verifying parameter AXAF_ACIS6_QEU_FILE type=f is val=CALDB
verifying parameter AXAF_ACIS7_QEU_FILE type=f is val=CALDB
verifying parameter AXAF_ACIS8_QEU_FILE type=f is val=CALDB
verifying parameter AXAF_ACIS9_QEU_FILE type=f is val=CALDB
verifying parameter AXAF_ACIS0_BADPIX_FILE type=f is val=CALDB
verifying parameter AXAF_ACIS1_BADPIX_FILE type=f is val=CALDB
verifying parameter AXAF_ACIS2_BADPIX_FILE type=f is val=CALDB
verifying parameter AXAF_ACIS3_BADPIX_FILE type=f is val=CALDB
verifying parameter AXAF_ACIS4_BADPIX_FILE type=f is val=CALDB
verifying parameter AXAF_ACIS5_BADPIX_FILE type=f is val=CALDB
verifying parameter AXAF_ACIS6_BADPIX_FILE type=f is val=CALDB
verifying parameter AXAF_ACIS7_BADPIX_FILE type=f is val=CALDB
verifying parameter AXAF_ACIS8_BADPIX_FILE type=f is val=CALDB
verifying parameter AXAF_ACIS9_BADPIX_FILE type=f is val=CALDB
verifying parameter AXAF_ACIS0_CONTAM_FILE type=f is val=CALDB
verifying parameter AXAF_ACIS1_CONTAM_FILE type=f is val=CALDB
verifying parameter AXAF_ACIS2_CONTAM_FILE type=f is val=CALDB
verifying parameter AXAF_ACIS3_CONTAM_FILE type=f is val=CALDB
verifying parameter AXAF_ACIS4_CONTAM_FILE type=f is val=CALDB
verifying parameter AXAF_ACIS5_CONTAM_FILE type=f is val=CALDB
verifying parameter AXAF_ACIS6_CONTAM_FILE type=f is val=CALDB
verifying parameter AXAF_ACIS7_CONTAM_FILE type=f is val=CALDB
verifying parameter AXAF_ACIS8_CONTAM_FILE type=f is val=CALDB
verifying parameter AXAF_ACIS9_CONTAM_FILE type=f is val=CALDB
verifying parameter AXAF_HRC_I_QE_FILE<-AXAF_HRC-I_QE_FILE type=f is val=CALDB
verifying parameter AXAF_HRC_I_QEU_FILE<-AXAF_HRC-I_QEU_FILE type=f is val=CALDB
verifying parameter AXAF_HRC_I_BADPIX_FILE<-AXAF_HRC-I_BADPIX_FILE type=f is val=NONE
verifying parameter AXAF_HRC_S1_QE_FILE<-AXAF_HRC-S1_QE_FILE type=f is val=CALDB
verifying parameter AXAF_HRC_S2_QE_FILE<-AXAF_HRC-S2_QE_FILE type=f is val=CALDB
verifying parameter AXAF_HRC_S3_QE_FILE<-AXAF_HRC-S3_QE_FILE type=f is val=CALDB
verifying parameter AXAF_HRC_S1_QEU_FILE<-AXAF_HRC-S1_QEU_FILE type=f is val=CALDB
verifying parameter AXAF_HRC_S2_QEU_FILE<-AXAF_HRC-S2_QEU_FILE type=f is val=CALDB
verifying parameter AXAF_HRC_S3_QEU_FILE<-AXAF_HRC-S3_QEU_FILE type=f is val=CALDB
verifying parameter AXAF_HRC_S_BADPIX_FILE<-AXAF_HRC-S_BADPIX_FILE type=f is val=NONE
verifying parameter AXAF_HETG_1000_FILE type=f is val=CALDB
verifying parameter AXAF_HETG_0100_FILE type=f is val=CALDB
verifying parameter AXAF_HETG_0010_FILE type=f is val=CALDB
verifying parameter AXAF_HETG_0001_FILE type=f is val=CALDB
verifying parameter AXAF_LETG_1000_FILE type=f is val=CALDB
verifying parameter AXAF_LETG_0100_FILE type=f is val=CALDB
verifying parameter AXAF_LETG_0010_FILE type=f is val=CALDB
verifying parameter AXAF_LETG_0001_FILE type=f is val=CALDB
verifying parameter AXAF_HETG_1100_LSF_FILE type=f is val=CALDB
verifying parameter AXAF_HETG_0011_LSF_FILE type=f is val=CALDB
verifying parameter AXAF_LETG_1111_LSF_FILE type=f is val=CALDB
verifying parameter AXAF_RMF_FILE type=f is val=CALDB
verifying parameter AXAF_GAIN_FILE type=f is val=CALDB
_update_parfile[ardlib] returning {}
Wrote to the ardlib parameter file
_create_parfile_copy called for acis_set_ardlib with parfile=None
Copying par file /home/henry/miniforge3/envs/sigma-ciao-4.18/param/acis_set_ardlib.par to /home/henry/sigma-v19ck-rmf-diagnostic/v100/c3432/tmp/tmptbmhrp0q.acis_set_ardlib.par
_update_parfile[acis_set_ardlib] called for /home/henry/sigma-v19ck-rmf-diagnostic/v100/c3432/tmp/tmptbmhrp0q.acis_set_ardlib.par
Opening parameter file with mode=wLH: '/home/henry/sigma-v19ck-rmf-diagnostic/v100/c3432/tmp/tmptbmhrp0q.acis_set_ardlib.par'
setting parameter badpixfile type=f val=/home/henry/sigma-v19f-chandra/repro/BULLET/5358/acisf05358_repro_bpix1.fits
setting parameter absolutepath type=b val=True
setting parameter ardlibfile type=f val=ardlib
setting parameter verbose type=i val=5
Verifying parameter settings
verifying parameter badpixfile type=f is val=/home/henry/sigma-v19f-chandra/repro/BULLET/5358/acisf05358_repro_bpix1.fits
verifying parameter absolutepath type=b is val=True
verifying parameter ardlibfile type=f is val=ardlib
verifying parameter verbose type=i is val=5
_update_parfile[acis_set_ardlib] returning {}
Running tool acis_set_ardlib using:
>>> acis_set_ardlib /home/henry/sigma-v19f-chandra/repro/BULLET/5358/acisf05358_repro_bpix1.fits verbose=5
***** Start of parameter file
** badpixfile,f,a,"/home/henry/sigma-v19f-chandra/repro/BULLET/5358/acisf05358_repro_bpix1.fits",,,"Bad pixel file for the observation"
** absolutepath,b,h,yes,,,"Use an absolute path in the parameter file"
** ardlibfile,f,h,"ardlib",,,"Parameter file to change"
** verbose,i,h,5,0,5,"Verbosity (0 for no screen output)"
** mode,s,h,"hl",,,
***** End of parameter file
Starting acis_set_ardlib at Wed Aug  5 13:09:57 2026
acis_set_ardlib finished at Wed Aug  5 13:09:57 2026
Run time = < 1 sec
Return code = 0
***** Start of parameter file
** badpixfile,f,a,"/home/henry/sigma-v19f-chandra/repro/BULLET/5358/acisf05358_repro_bpix1.fits",,,"Bad pixel file for the observation"
** absolutepath,b,h,yes,,,"Use an absolute path in the parameter file"
** ardlibfile,f,h,"ardlib",,,"Parameter file to change"
** verbose,i,h,5,0,5,"Verbosity (0 for no screen output)"
** mode,s,h,"hl",,,
***** End of parameter file
Entering _validate for name=badpixfile val=/home/henry/sigma-v19f-chandra/repro/BULLET/5358/acisf05358_repro_bpix1.fits (type=<class 'str'>) store=True
Validating acis_set_ardlib.badpixfile val=/home/henry/sigma-v19f-chandra/repro/BULLET/5358/acisf05358_repro_bpix1.fits as ...
... something else
Setting acis_set_ardlib.badpixfile to /home/henry/sigma-v19f-chandra/repro/BULLET/5358/acisf05358_repro_bpix1.fits (<class 'str'>)
Entering _validate for name=absolutepath val=yes (type=<class 'str'>) store=True
Validating acis_set_ardlib.absolutepath val=yes as ...
... a boolean
Setting acis_set_ardlib.absolutepath to True (<class 'bool'>)
Entering _validate for name=ardlibfile val=ardlib (type=<class 'str'>) store=True
Validating acis_set_ardlib.ardlibfile val=ardlib as ...
... something else
Setting acis_set_ardlib.ardlibfile to ardlib (<class 'str'>)
Entering _validate for name=verbose val=5 (type=<class 'str'>) store=True
Validating acis_set_ardlib.verbose val=5 as ...
... an integer
Validating acis_set_ardlib.verbose val=5 against min/max=0/5
Setting acis_set_ardlib.verbose to 5 (<class 'int'>)
Read parameters for acis_set_ardlib from /home/henry/sigma-v19ck-rmf-diagnostic/v100/c3432/tmp/tmptbmhrp0q.acis_set_ardlib.par
Deleting par file: /home/henry/sigma-v19ck-rmf-diagnostic/v100/c3432/tmp/tmptbmhrp0q.acis_set_ardlib.par
Extracting src spectra 

About to overide user PFILES setting: ['/home/henry/sigma-v19ck-rmf-diagnostic/v100/c3432/tmp/tmpdiri53rmur6'] from /home/henry/sigma-v19ck-rmf-diagnostic/v100/c3432/tmp/tmpdiri53rmur6;/home/henry/miniforge3/envs/sigma-ciao-4.18/param
Setting up /home/henry/sigma-v19ck-rmf-diagnostic/v100/c3432/tmp/tmpdirlyizjnmp as new user PFILES directory
About to copy over ardlib parameter file: /home/henry/sigma-v19ck-rmf-diagnostic/v100/c3432/tmp/tmpdiri53rmur6/ardlib.par
Calling punlearn on tool dmextract
Calling punlearn on tool dmextract
Entering _validate for name=outfile val=/home/henry/sigma-v19ck-rmf-diagnostic/v100/c3432/products/BULLET_bin384_obs5358_ccd0.pi (type=<class 'str'>) store=True
Validating dmextract.outfile val=/home/henry/sigma-v19ck-rmf-diagnostic/v100/c3432/products/BULLET_bin384_obs5358_ccd0.pi as ...
... something else
Setting dmextract.outfile to /home/henry/sigma-v19ck-rmf-diagnostic/v100/c3432/products/BULLET_bin384_obs5358_ccd0.pi (<class 'str'>)
Entering _validate for name=opt val=pha1 (type=<class 'str'>) store=True
Validating dmextract.opt val=pha1 as ...
... something else
Validating dmextract.opt val=pha1 against ['pha1', 'pha2', 'ltc1', 'ltc2', 'generic', 'generic2']
Setting dmextract.opt to pha1 (<class 'str'>)
Entering _validate for name=clobber val=no (type=<class 'str'>) store=True
Validating dmextract.clobber val=no as ...
... a boolean
Setting dmextract.clobber to False (<class 'bool'>)
Entering _validate for name=verbose val=5 (type=<class 'int'>) store=True
Validating dmextract.verbose val=5 as ...
... an integer
Validating dmextract.verbose val=5 against min/max=0/5
Setting dmextract.verbose to 5 (<class 'int'>)
Entering _validate for name=infile val=/home/henry/sigma-v19ck-rmf-diagnostic/v100/c3432/e/s.fits[sky=region(/home/henry/sigma-v19f-chandra/causal_observables_v19h_v100/BULLET/images/broad_flux/5358.fov)][bin PI] (type=<class 'str'>) store=True
Validating dmextract.infile val=/home/henry/sigma-v19ck-rmf-diagnostic/v100/c3432/e/s.fits[sky=region(/home/henry/sigma-v19f-chandra/causal_observables_v19h_v100/BULLET/images/broad_flux/5358.fov)][bin PI] as ...
... something else
Setting dmextract.infile to /home/henry/sigma-v19ck-rmf-diagnostic/v100/c3432/e/s.fits[sky=region(/home/henry/sigma-v19f-chandra/causal_observables_v19h_v100/BULLET/images/broad_flux/5358.fov)][bin PI] (<class 'str'>)
Entering _validate for name=wmap val=[energy=500:7000][bin det=8] (type=<class 'str'>) store=True
Validating dmextract.wmap val=[energy=500:7000][bin det=8] as ...
... something else
Setting dmextract.wmap to [energy=500:7000][bin det=8] (<class 'str'>)
_create_parfile_copy called for dmextract with parfile=None
Copying par file /home/henry/miniforge3/envs/sigma-ciao-4.18/param/dmextract.par to /home/henry/sigma-v19ck-rmf-diagnostic/v100/c3432/tmp/tmpeoir6nwx.dmextract.par
_update_parfile[dmextract] called for /home/henry/sigma-v19ck-rmf-diagnostic/v100/c3432/tmp/tmpeoir6nwx.dmextract.par
Opening parameter file with mode=wLH: '/home/henry/sigma-v19ck-rmf-diagnostic/v100/c3432/tmp/tmpeoir6nwx.dmextract.par'
setting parameter infile type=f val=/home/henry/sigma-v19ck-rmf-diagnostic/v100/c3432/e/s.fits[sky=region(/home/henry/sigma-v19f-chandra/causal_observables_v19h_v100/BULLET/images/broad_flux/5358.fov)][bin PI]
setting parameter outfile type=f val=/home/henry/sigma-v19ck-rmf-diagnostic/v100/c3432/products/BULLET_bin384_obs5358_ccd0.pi
setting parameter bkg type=f val=None
setting parameter error type=s val=gaussian
setting parameter bkgerror type=s val=gaussian
setting parameter bkgnorm type=r val=1.0
setting parameter exp type=f val=None
setting parameter bkgexp type=f val=None
setting parameter sys_err type=r val=0
setting parameter opt type=s val=pha1
setting parameter defaults type=f val=${ASCDS_CALIB}/cxo.mdb
setting parameter wmap type=s val=[energy=500:7000][bin det=8]
setting parameter clobber type=b val=False
setting parameter verbose type=i val=5
Verifying parameter settings
verifying parameter infile type=f is val=/home/henry/sigma-v19ck-rmf-diagnostic/v100/c3432/e/s.fits[sky=region(/home/henry/sigma-v19f-chandra/causal_observables_v19h_v100/BULLET/images/broad_flux/5358.fov)][bin PI]
verifying parameter outfile type=f is val=/home/henry/sigma-v19ck-rmf-diagnostic/v100/c3432/products/BULLET_bin384_obs5358_ccd0.pi
verifying parameter bkg type=f is val=None
verifying parameter error type=s is val=gaussian
verifying parameter bkgerror type=s is val=gaussian
verifying parameter bkgnorm type=r is val=1.0
verifying parameter exp type=f is val=None
verifying parameter bkgexp type=f is val=None
verifying parameter sys_err type=r is val=0
verifying parameter opt type=s is val=pha1
verifying parameter defaults type=f is val=${ASCDS_CALIB}/cxo.mdb
verifying parameter wmap type=s is val=[energy=500:7000][bin det=8]
verifying parameter clobber type=b is val=False
verifying parameter verbose type=i is val=5
_update_parfile[dmextract] returning {}
Running tool dmextract using:
>>> dmextract "/home/henry/sigma-v19ck-rmf-diagnostic/v100/c3432/e/s.fits[sky=region(/home/henry/sigma-v19f-chandra/causal_observables_v19h_v100/BULLET/images/broad_flux/5358.fov)][bin PI]" /home/henry/sigma-v19ck-rmf-diagnostic/v100/c3432/products/BULLET_bin384_obs5358_ccd0.pi wmap="[energy=500:7000][bin det=8]" verbose=5
***** Start of parameter file
** #--------------------------------------------------------------------
** #
** # DMEXTRACT -- extract columns or counts from an event list
** #
** #--------------------------------------------------------------------
** infile,f,a,"/home/henry/sigma-v19ck-rmf-diagnostic/v100/c3432/e/s.fits[sky=region(/home/henry/sigma-v19f-chandra/causal_observables_v19h_v100/BULLET/images/broad_flux/5358.fov)][bin PI]",,,"Input event file "
** outfile,f,a,"/home/henry/sigma-v19ck-rmf-diagnostic/v100/c3432/products/BULLET_bin384_obs5358_ccd0.pi",,,"Enter output file name"
** bkg,f,h,"",,,"Background region file or fixed background (counts/pixel/s) subtraction"
** error,s,h,"gaussian",,,"Method for error determination(gaussian|gehrels|<variance file>)"
** bkgerror,s,h,"gaussian",,,"Method for background error determination(gaussian|gehrels|<variance file>)"
** bkgnorm,r,h,1,,,"Background normalization"
** exp,f,h,"",,,"Exposure map image file"
** bkgexp,f,h,"",,,"Background exposure map image file"
** sys_err,r,h,0,,,"Fixed systematic error value for SYS_ERR keyword"
** opt,s,h,"pha1",pha1|pha2|ltc1|ltc2|generic|generic2,,"Output file type "
** defaults,f,h,"${ASCDS_CALIB}/cxo.mdb",,,"Instrument defaults file"
** wmap,s,h,"[energy=500:7000][bin det=8]",,,"WMAP filter/binning (e.g. det=8 or default)"
** clobber,b,h,no,,,"OK to overwrite existing output file(s)?"
** verbose,i,h,5,0,5,"Verbosity level"
** mode,s,h,"hl",,,
***** End of parameter file
Starting dmextract at Wed Aug  5 13:09:57 2026
dmextract finished at Wed Aug  5 13:09:58 2026
Run time = 1 second
Return code = 0
***** Start of parameter file
** #--------------------------------------------------------------------
** #
** # DMEXTRACT -- extract columns or counts from an event list
** #
** #--------------------------------------------------------------------
** infile,f,a,"/home/henry/sigma-v19ck-rmf-diagnostic/v100/c3432/e/s.fits[sky=region(/home/henry/sigma-v19f-chandra/causal_observables_v19h_v100/BULLET/images/broad_flux/5358.fov)][bin PI]",,,"Input event file "
** outfile,f,a,"/home/henry/sigma-v19ck-rmf-diagnostic/v100/c3432/products/BULLET_bin384_obs5358_ccd0.pi",,,"Enter output file name"
** bkg,f,h,"",,,"Background region file or fixed background (counts/pixel/s) subtraction"
** error,s,h,"gaussian",,,"Method for error determination(gaussian|gehrels|<variance file>)"
** bkgerror,s,h,"gaussian",,,"Method for background error determination(gaussian|gehrels|<variance file>)"
** bkgnorm,r,h,1,,,"Background normalization"
** exp,f,h,"",,,"Exposure map image file"
** bkgexp,f,h,"",,,"Background exposure map image file"
** sys_err,r,h,0,,,"Fixed systematic error value for SYS_ERR keyword"
** opt,s,h,"pha1",pha1|pha2|ltc1|ltc2|generic|generic2,,"Output file type "
** defaults,f,h,"${ASCDS_CALIB}/cxo.mdb",,,"Instrument defaults file"
** wmap,s,h,"[energy=500:7000][bin det=8]",,,"WMAP filter/binning (e.g. det=8 or default)"
** clobber,b,h,no,,,"OK to overwrite existing output file(s)?"
** verbose,i,h,5,0,5,"Verbosity level"
** mode,s,h,"hl",,,
***** End of parameter file
Entering _validate for name=infile val=/home/henry/sigma-v19ck-rmf-diagnostic/v100/c3432/e/s.fits[sky=region(/home/henry/sigma-v19f-chandra/causal_observables_v19h_v100/BULLET/images/broad_flux/5358.fov)][bin PI] (type=<class 'str'>) store=True
Validating dmextract.infile val=/home/henry/sigma-v19ck-rmf-diagnostic/v100/c3432/e/s.fits[sky=region(/home/henry/sigma-v19f-chandra/causal_observables_v19h_v100/BULLET/images/broad_flux/5358.fov)][bin PI] as ...
... something else
Setting dmextract.infile to /home/henry/sigma-v19ck-rmf-diagnostic/v100/c3432/e/s.fits[sky=region(/home/henry/sigma-v19f-chandra/causal_observables_v19h_v100/BULLET/images/broad_flux/5358.fov)][bin PI] (<class 'str'>)
Entering _validate for name=outfile val=/home/henry/sigma-v19ck-rmf-diagnostic/v100/c3432/products/BULLET_bin384_obs5358_ccd0.pi (type=<class 'str'>) store=True
Validating dmextract.outfile val=/home/henry/sigma-v19ck-rmf-diagnostic/v100/c3432/products/BULLET_bin384_obs5358_ccd0.pi as ...
... something else
Setting dmextract.outfile to /home/henry/sigma-v19ck-rmf-diagnostic/v100/c3432/products/BULLET_bin384_obs5358_ccd0.pi (<class 'str'>)
Entering _validate for name=bkg val= (type=<class 'str'>) store=True
Validating dmextract.bkg val= as ...
... a ''
Setting dmextract.bkg to None (<class 'NoneType'>)
Entering _validate for name=error val=gaussian (type=<class 'str'>) store=True
Validating dmextract.error val=gaussian as ...
... something else
Setting dmextract.error to gaussian (<class 'str'>)
Entering _validate for name=bkgerror val=gaussian (type=<class 'str'>) store=True
Validating dmextract.bkgerror val=gaussian as ...
... something else
Setting dmextract.bkgerror to gaussian (<class 'str'>)
Entering _validate for name=bkgnorm val=1 (type=<class 'str'>) store=True
Validating dmextract.bkgnorm val=1 as ...
... a float
Setting dmextract.bkgnorm to 1.0 (<class 'float'>)
Entering _validate for name=exp val= (type=<class 'str'>) store=True
Validating dmextract.exp val= as ...
... a ''
Setting dmextract.exp to None (<class 'NoneType'>)
Entering _validate for name=bkgexp val= (type=<class 'str'>) store=True
Validating dmextract.bkgexp val= as ...
... a ''
Setting dmextract.bkgexp to None (<class 'NoneType'>)
Entering _validate for name=sys_err val=0 (type=<class 'str'>) store=True
Validating dmextract.sys_err val=0 as ...
... a float
Setting dmextract.sys_err to 0.0 (<class 'float'>)
Entering _validate for name=opt val=pha1 (type=<class 'str'>) store=True
Validating dmextract.opt val=pha1 as ...
... something else
Validating dmextract.opt val=pha1 against ['pha1', 'pha2', 'ltc1', 'ltc2', 'generic', 'generic2']
Setting dmextract.opt to pha1 (<class 'str'>)
Entering _validate for name=defaults val=/home/henry/miniforge3/envs/sigma-ciao-4.18/data/cxo.mdb (type=<class 'str'>) store=True
Validating dmextract.defaults val=/home/henry/miniforge3/envs/sigma-ciao-4.18/data/cxo.mdb as ...
... something else
Setting dmextract.defaults to /home/henry/miniforge3/envs/sigma-ciao-4.18/data/cxo.mdb (<class 'str'>)
Entering _validate for name=wmap val=[energy=500:7000][bin det=8] (type=<class 'str'>) store=True
Validating dmextract.wmap val=[energy=500:7000][bin det=8] as ...
... something else
Setting dmextract.wmap to [energy=500:7000][bin det=8] (<class 'str'>)
Entering _validate for name=clobber val=no (type=<class 'str'>) store=True
Validating dmextract.clobber val=no as ...
... a boolean
Setting dmextract.clobber to False (<class 'bool'>)
Entering _validate for name=verbose val=5 (type=<class 'str'>) store=True
Validating dmextract.verbose val=5 as ...
... an integer
Validating dmextract.verbose val=5 against min/max=0/5
Setting dmextract.verbose to 5 (<class 'int'>)
Read parameters for dmextract from /home/henry/sigma-v19ck-rmf-diagnostic/v100/c3432/tmp/tmpeoir6nwx.dmextract.par
Deleting par file: /home/henry/sigma-v19ck-rmf-diagnostic/v100/c3432/tmp/tmpeoir6nwx.dmextract.par
About to restore PFILES setting to /home/henry/sigma-v19ck-rmf-diagnostic/v100/c3432/tmp/tmpdiri53rmur6;/home/henry/miniforge3/envs/sigma-ciao-4.18/param
About to restore PFILES setting to /home/henry/sigma-v19ck-rmf-diagnostic/v100/c3432/pfiles;/home/henry/miniforge3/envs/sigma-ciao-4.18/param
About to overide user PFILES setting: ['/home/henry/sigma-v19ck-rmf-diagnostic/v100/c3432/pfiles'] from /home/henry/sigma-v19ck-rmf-diagnostic/v100/c3432/pfiles;/home/henry/miniforge3/envs/sigma-ciao-4.18/param
Setting up /home/henry/sigma-v19ck-rmf-diagnostic/v100/c3432/tmp/tmpdirfxrcubnu as new user PFILES directory
About to copy over ardlib parameter file: /home/henry/miniforge3/envs/sigma-ciao-4.18/param/ardlib.par
Setting bad pixel file for bkg 

Calling punlearn on tool ardlib
Calling punlearn on tool acis_set_ardlib
Entering _validate for name=ArdlibDataPath val=$ASCDS_CALIB (type=<class 'str'>) store=True
Validating ardlib.ArdlibDataPath val=$ASCDS_CALIB as ...
... something else
Setting ardlib.ArdlibDataPath to $ASCDS_CALIB (<class 'str'>)
Entering _validate for name=GENERIC_EFFAREA_FILE val=xrt_ea_v2_0.fits (type=<class 'str'>) store=True
Validating ardlib.GENERIC_EFFAREA_FILE val=xrt_ea_v2_0.fits as ...
... something else
Setting ardlib.GENERIC_EFFAREA_FILE to xrt_ea_v2_0.fits (<class 'str'>)
Entering _validate for name=GENERIC_VIGNET_FILE val=/dev/null (type=<class 'str'>) store=True
Validating ardlib.GENERIC_VIGNET_FILE val=/dev/null as ...
... something else
Setting ardlib.GENERIC_VIGNET_FILE to /dev/null (<class 'str'>)
Entering _validate for name=AXAF_EFFAREA_FILE_0001 val=CALDB (type=<class 'str'>) store=True
Validating ardlib.AXAF_EFFAREA_FILE_0001 val=CALDB as ...
... something else
Setting ardlib.AXAF_EFFAREA_FILE_0001 to CALDB (<class 'str'>)
Entering _validate for name=AXAF_EFFAREA_FILE_0010 val=CALDB (type=<class 'str'>) store=True
Validating ardlib.AXAF_EFFAREA_FILE_0010 val=CALDB as ...
... something else
Setting ardlib.AXAF_EFFAREA_FILE_0010 to CALDB (<class 'str'>)
Entering _validate for name=AXAF_EFFAREA_FILE_0100 val=CALDB (type=<class 'str'>) store=True
Validating ardlib.AXAF_EFFAREA_FILE_0100 val=CALDB as ...
... something else
Setting ardlib.AXAF_EFFAREA_FILE_0100 to CALDB (<class 'str'>)
Entering _validate for name=AXAF_EFFAREA_FILE_1000 val=CALDB (type=<class 'str'>) store=True
Validating ardlib.AXAF_EFFAREA_FILE_1000 val=CALDB as ...
... something else
Setting ardlib.AXAF_EFFAREA_FILE_1000 to CALDB (<class 'str'>)
Entering _validate for name=AXAF_EFFAREA_FILE_1111 val=CALDB (type=<class 'str'>) store=True
Validating ardlib.AXAF_EFFAREA_FILE_1111 val=CALDB as ...
... something else
Setting ardlib.AXAF_EFFAREA_FILE_1111 to CALDB (<class 'str'>)
Entering _validate for name=AXAF_VIGNET_FILE_0001 val=CALDB (type=<class 'str'>) store=True
Validating ardlib.AXAF_VIGNET_FILE_0001 val=CALDB as ...
... something else
Setting ardlib.AXAF_VIGNET_FILE_0001 to CALDB (<class 'str'>)
Entering _validate for name=AXAF_VIGNET_FILE_0010 val=CALDB (type=<class 'str'>) store=True
Validating ardlib.AXAF_VIGNET_FILE_0010 val=CALDB as ...
... something else
Setting ardlib.AXAF_VIGNET_FILE_0010 to CALDB (<class 'str'>)
Entering _validate for name=AXAF_VIGNET_FILE_0100 val=CALDB (type=<class 'str'>) store=True
Validating ardlib.AXAF_VIGNET_FILE_0100 val=CALDB as ...
... something else
Setting ardlib.AXAF_VIGNET_FILE_0100 to CALDB (<class 'str'>)
Entering _validate for name=AXAF_VIGNET_FILE_1000 val=CALDB (type=<class 'str'>) store=True
Validating ardlib.AXAF_VIGNET_FILE_1000 val=CALDB as ...
... something else
Setting ardlib.AXAF_VIGNET_FILE_1000 to CALDB (<class 'str'>)
Entering _validate for name=AXAF_VIGNET_FILE_1111 val=CALDB (type=<class 'str'>) store=True
Validating ardlib.AXAF_VIGNET_FILE_1111 val=CALDB as ...
... something else
Setting ardlib.AXAF_VIGNET_FILE_1111 to CALDB (<class 'str'>)
Entering _validate for name=AXAF_ACIS0_QE_FILE val=CALDB (type=<class 'str'>) store=True
Validating ardlib.AXAF_ACIS0_QE_FILE val=CALDB as ...
... something else
Setting ardlib.AXAF_ACIS0_QE_FILE to CALDB (<class 'str'>)
Entering _validate for name=AXAF_ACIS1_QE_FILE val=CALDB (type=<class 'str'>) store=True
Validating ardlib.AXAF_ACIS1_QE_FILE val=CALDB as ...
... something else
Setting ardlib.AXAF_ACIS1_QE_FILE to CALDB (<class 'str'>)
Entering _validate for name=AXAF_ACIS2_QE_FILE val=CALDB (type=<class 'str'>) store=True
Validating ardlib.AXAF_ACIS2_QE_FILE val=CALDB as ...
... something else
Setting ardlib.AXAF_ACIS2_QE_FILE to CALDB (<class 'str'>)
Entering _validate for name=AXAF_ACIS3_QE_FILE val=CALDB (type=<class 'str'>) store=True
Validating ardlib.AXAF_ACIS3_QE_FILE val=CALDB as ...
... something else
Setting ardlib.AXAF_ACIS3_QE_FILE to CALDB (<class 'str'>)
Entering _validate for name=AXAF_ACIS4_QE_FILE val=CALDB (type=<class 'str'>) store=True
Validating ardlib.AXAF_ACIS4_QE_FILE val=CALDB as ...
... something else
Setting ardlib.AXAF_ACIS4_QE_FILE to CALDB (<class 'str'>)
Entering _validate for name=AXAF_ACIS5_QE_FILE val=CALDB (type=<class 'str'>) store=True
Validating ardlib.AXAF_ACIS5_QE_FILE val=CALDB as ...
... something else
Setting ardlib.AXAF_ACIS5_QE_FILE to CALDB (<class 'str'>)
Entering _validate for name=AXAF_ACIS6_QE_FILE val=CALDB (type=<class 'str'>) store=True
Validating ardlib.AXAF_ACIS6_QE_FILE val=CALDB as ...
... something else
Setting ardlib.AXAF_ACIS6_QE_FILE to CALDB (<class 'str'>)
Entering _validate for name=AXAF_ACIS7_QE_FILE val=CALDB (type=<class 'str'>) store=True
Validating ardlib.AXAF_ACIS7_QE_FILE val=CALDB as ...
... something else
Setting ardlib.AXAF_ACIS7_QE_FILE to CALDB (<class 'str'>)
Entering _validate for name=AXAF_ACIS8_QE_FILE val=CALDB (type=<class 'str'>) store=True
Validating ardlib.AXAF_ACIS8_QE_FILE val=CALDB as ...
... something else
Setting ardlib.AXAF_ACIS8_QE_FILE to CALDB (<class 'str'>)
Entering _validate for name=AXAF_ACIS9_QE_FILE val=CALDB (type=<class 'str'>) store=True
Validating ardlib.AXAF_ACIS9_QE_FILE val=CALDB as ...
... something else
Setting ardlib.AXAF_ACIS9_QE_FILE to CALDB (<class 'str'>)
Entering _validate for name=AXAF_ACIS0_QEU_FILE val=CALDB (type=<class 'str'>) store=True
Validating ardlib.AXAF_ACIS0_QEU_FILE val=CALDB as ...
... something else
Setting ardlib.AXAF_ACIS0_QEU_FILE to CALDB (<class 'str'>)
Entering _validate for name=AXAF_ACIS1_QEU_FILE val=CALDB (type=<class 'str'>) store=True
Validating ardlib.AXAF_ACIS1_QEU_FILE val=CALDB as ...
... something else
Setting ardlib.AXAF_ACIS1_QEU_FILE to CALDB (<class 'str'>)
Entering _validate for name=AXAF_ACIS2_QEU_FILE val=CALDB (type=<class 'str'>) store=True
Validating ardlib.AXAF_ACIS2_QEU_FILE val=CALDB as ...
... something else
Setting ardlib.AXAF_ACIS2_QEU_FILE to CALDB (<class 'str'>)
Entering _validate for name=AXAF_ACIS3_QEU_FILE val=CALDB (type=<class 'str'>) store=True
Validating ardlib.AXAF_ACIS3_QEU_FILE val=CALDB as ...
... something else
Setting ardlib.AXAF_ACIS3_QEU_FILE to CALDB (<class 'str'>)
Entering _validate for name=AXAF_ACIS4_QEU_FILE val=CALDB (type=<class 'str'>) store=True
Validating ardlib.AXAF_ACIS4_QEU_FILE val=CALDB as ...
... something else
Setting ardlib.AXAF_ACIS4_QEU_FILE to CALDB (<class 'str'>)
Entering _validate for name=AXAF_ACIS5_QEU_FILE val=CALDB (type=<class 'str'>) store=True
Validating ardlib.AXAF_ACIS5_QEU_FILE val=CALDB as ...
... something else
Setting ardlib.AXAF_ACIS5_QEU_FILE to CALDB (<class 'str'>)
Entering _validate for name=AXAF_ACIS6_QEU_FILE val=CALDB (type=<class 'str'>) store=True
Validating ardlib.AXAF_ACIS6_QEU_FILE val=CALDB as ...
... something else
Setting ardlib.AXAF_ACIS6_QEU_FILE to CALDB (<class 'str'>)
Entering _validate for name=AXAF_ACIS7_QEU_FILE val=CALDB (type=<class 'str'>) store=True
Validating ardlib.AXAF_ACIS7_QEU_FILE val=CALDB as ...
... something else
Setting ardlib.AXAF_ACIS7_QEU_FILE to CALDB (<class 'str'>)
Entering _validate for name=AXAF_ACIS8_QEU_FILE val=CALDB (type=<class 'str'>) store=True
Validating ardlib.AXAF_ACIS8_QEU_FILE val=CALDB as ...
... something else
Setting ardlib.AXAF_ACIS8_QEU_FILE to CALDB (<class 'str'>)
Entering _validate for name=AXAF_ACIS9_QEU_FILE val=CALDB (type=<class 'str'>) store=True
Validating ardlib.AXAF_ACIS9_QEU_FILE val=CALDB as ...
... something else
Setting ardlib.AXAF_ACIS9_QEU_FILE to CALDB (<class 'str'>)
Entering _validate for name=AXAF_ACIS0_BADPIX_FILE val=CALDB (type=<class 'str'>) store=True
Validating ardlib.AXAF_ACIS0_BADPIX_FILE val=CALDB as ...
... something else
Setting ardlib.AXAF_ACIS0_BADPIX_FILE to CALDB (<class 'str'>)
Entering _validate for name=AXAF_ACIS1_BADPIX_FILE val=CALDB (type=<class 'str'>) store=True
Validating ardlib.AXAF_ACIS1_BADPIX_FILE val=CALDB as ...
... something else
Setting ardlib.AXAF_ACIS1_BADPIX_FILE to CALDB (<class 'str'>)
Entering _validate for name=AXAF_ACIS2_BADPIX_FILE val=CALDB (type=<class 'str'>) store=True
Validating ardlib.AXAF_ACIS2_BADPIX_FILE val=CALDB as ...
... something else
Setting ardlib.AXAF_ACIS2_BADPIX_FILE to CALDB (<class 'str'>)
Entering _validate for name=AXAF_ACIS3_BADPIX_FILE val=CALDB (type=<class 'str'>) store=True
Validating ardlib.AXAF_ACIS3_BADPIX_FILE val=CALDB as ...
... something else
Setting ardlib.AXAF_ACIS3_BADPIX_FILE to CALDB (<class 'str'>)
Entering _validate for name=AXAF_ACIS4_BADPIX_FILE val=CALDB (type=<class 'str'>) store=True
Validating ardlib.AXAF_ACIS4_BADPIX_FILE val=CALDB as ...
... something else
Setting ardlib.AXAF_ACIS4_BADPIX_FILE to CALDB (<class 'str'>)
Entering _validate for name=AXAF_ACIS5_BADPIX_FILE val=CALDB (type=<class 'str'>) store=True
Validating ardlib.AXAF_ACIS5_BADPIX_FILE val=CALDB as ...
... something else
Setting ardlib.AXAF_ACIS5_BADPIX_FILE to CALDB (<class 'str'>)
Entering _validate for name=AXAF_ACIS6_BADPIX_FILE val=CALDB (type=<class 'str'>) store=True
Validating ardlib.AXAF_ACIS6_BADPIX_FILE val=CALDB as ...
... something else
Setting ardlib.AXAF_ACIS6_BADPIX_FILE to CALDB (<class 'str'>)
Entering _validate for name=AXAF_ACIS7_BADPIX_FILE val=CALDB (type=<class 'str'>) store=True
Validating ardlib.AXAF_ACIS7_BADPIX_FILE val=CALDB as ...
... something else
Setting ardlib.AXAF_ACIS7_BADPIX_FILE to CALDB (<class 'str'>)
Entering _validate for name=AXAF_ACIS8_BADPIX_FILE val=CALDB (type=<class 'str'>) store=True
Validating ardlib.AXAF_ACIS8_BADPIX_FILE val=CALDB as ...
... something else
Setting ardlib.AXAF_ACIS8_BADPIX_FILE to CALDB (<class 'str'>)
Entering _validate for name=AXAF_ACIS9_BADPIX_FILE val=CALDB (type=<class 'str'>) store=True
Validating ardlib.AXAF_ACIS9_BADPIX_FILE val=CALDB as ...
... something else
Setting ardlib.AXAF_ACIS9_BADPIX_FILE to CALDB (<class 'str'>)
Entering _validate for name=AXAF_ACIS0_CONTAM_FILE val=CALDB (type=<class 'str'>) store=True
Validating ardlib.AXAF_ACIS0_CONTAM_FILE val=CALDB as ...
... something else
Setting ardlib.AXAF_ACIS0_CONTAM_FILE to CALDB (<class 'str'>)
Entering _validate for name=AXAF_ACIS1_CONTAM_FILE val=CALDB (type=<class 'str'>) store=True
Validating ardlib.AXAF_ACIS1_CONTAM_FILE val=CALDB as ...
... something else
Setting ardlib.AXAF_ACIS1_CONTAM_FILE to CALDB (<class 'str'>)
Entering _validate for name=AXAF_ACIS2_CONTAM_FILE val=CALDB (type=<class 'str'>) store=True
Validating ardlib.AXAF_ACIS2_CONTAM_FILE val=CALDB as ...
... something else
Setting ardlib.AXAF_ACIS2_CONTAM_FILE to CALDB (<class 'str'>)
Entering _validate for name=AXAF_ACIS3_CONTAM_FILE val=CALDB (type=<class 'str'>) store=True
Validating ardlib.AXAF_ACIS3_CONTAM_FILE val=CALDB as ...
... something else
Setting ardlib.AXAF_ACIS3_CONTAM_FILE to CALDB (<class 'str'>)
Entering _validate for name=AXAF_ACIS4_CONTAM_FILE val=CALDB (type=<class 'str'>) store=True
Validating ardlib.AXAF_ACIS4_CONTAM_FILE val=CALDB as ...
... something else
Setting ardlib.AXAF_ACIS4_CONTAM_FILE to CALDB (<class 'str'>)
Entering _validate for name=AXAF_ACIS5_CONTAM_FILE val=CALDB (type=<class 'str'>) store=True
Validating ardlib.AXAF_ACIS5_CONTAM_FILE val=CALDB as ...
... something else
Setting ardlib.AXAF_ACIS5_CONTAM_FILE to CALDB (<class 'str'>)
Entering _validate for name=AXAF_ACIS6_CONTAM_FILE val=CALDB (type=<class 'str'>) store=True
Validating ardlib.AXAF_ACIS6_CONTAM_FILE val=CALDB as ...
... something else
Setting ardlib.AXAF_ACIS6_CONTAM_FILE to CALDB (<class 'str'>)
Entering _validate for name=AXAF_ACIS7_CONTAM_FILE val=CALDB (type=<class 'str'>) store=True
Validating ardlib.AXAF_ACIS7_CONTAM_FILE val=CALDB as ...
... something else
Setting ardlib.AXAF_ACIS7_CONTAM_FILE to CALDB (<class 'str'>)
Entering _validate for name=AXAF_ACIS8_CONTAM_FILE val=CALDB (type=<class 'str'>) store=True
Validating ardlib.AXAF_ACIS8_CONTAM_FILE val=CALDB as ...
... something else
Setting ardlib.AXAF_ACIS8_CONTAM_FILE to CALDB (<class 'str'>)
Entering _validate for name=AXAF_ACIS9_CONTAM_FILE val=CALDB (type=<class 'str'>) store=True
Validating ardlib.AXAF_ACIS9_CONTAM_FILE val=CALDB as ...
... something else
Setting ardlib.AXAF_ACIS9_CONTAM_FILE to CALDB (<class 'str'>)
Entering _validate for name=AXAF_HRC_I_QE_FILE val=CALDB (type=<class 'str'>) store=True
Validating ardlib.AXAF_HRC_I_QE_FILE val=CALDB as ...
... something else
Setting ardlib.AXAF_HRC_I_QE_FILE to CALDB (<class 'str'>)
Entering _validate for name=AXAF_HRC_I_QEU_FILE val=CALDB (type=<class 'str'>) store=True
Validating ardlib.AXAF_HRC_I_QEU_FILE val=CALDB as ...
... something else
Setting ardlib.AXAF_HRC_I_QEU_FILE to CALDB (<class 'str'>)
Entering _validate for name=AXAF_HRC_I_BADPIX_FILE val=NONE (type=<class 'str'>) store=True
Validating ardlib.AXAF_HRC_I_BADPIX_FILE val=NONE as ...
... something else
Setting ardlib.AXAF_HRC_I_BADPIX_FILE to NONE (<class 'str'>)
Entering _validate for name=AXAF_HRC_S1_QE_FILE val=CALDB (type=<class 'str'>) store=True
Validating ardlib.AXAF_HRC_S1_QE_FILE val=CALDB as ...
... something else
Setting ardlib.AXAF_HRC_S1_QE_FILE to CALDB (<class 'str'>)
Entering _validate for name=AXAF_HRC_S2_QE_FILE val=CALDB (type=<class 'str'>) store=True
Validating ardlib.AXAF_HRC_S2_QE_FILE val=CALDB as ...
... something else
Setting ardlib.AXAF_HRC_S2_QE_FILE to CALDB (<class 'str'>)
Entering _validate for name=AXAF_HRC_S3_QE_FILE val=CALDB (type=<class 'str'>) store=True
Validating ardlib.AXAF_HRC_S3_QE_FILE val=CALDB as ...
... something else
Setting ardlib.AXAF_HRC_S3_QE_FILE to CALDB (<class 'str'>)
Entering _validate for name=AXAF_HRC_S1_QEU_FILE val=CALDB (type=<class 'str'>) store=True
Validating ardlib.AXAF_HRC_S1_QEU_FILE val=CALDB as ...
... something else
Setting ardlib.AXAF_HRC_S1_QEU_FILE to CALDB (<class 'str'>)
Entering _validate for name=AXAF_HRC_S2_QEU_FILE val=CALDB (type=<class 'str'>) store=True
Validating ardlib.AXAF_HRC_S2_QEU_FILE val=CALDB as ...
... something else
Setting ardlib.AXAF_HRC_S2_QEU_FILE to CALDB (<class 'str'>)
Entering _validate for name=AXAF_HRC_S3_QEU_FILE val=CALDB (type=<class 'str'>) store=True
Validating ardlib.AXAF_HRC_S3_QEU_FILE val=CALDB as ...
... something else
Setting ardlib.AXAF_HRC_S3_QEU_FILE to CALDB (<class 'str'>)
Entering _validate for name=AXAF_HRC_S_BADPIX_FILE val=NONE (type=<class 'str'>) store=True
Validating ardlib.AXAF_HRC_S_BADPIX_FILE val=NONE as ...
... something else
Setting ardlib.AXAF_HRC_S_BADPIX_FILE to NONE (<class 'str'>)
Entering _validate for name=AXAF_HETG_1000_FILE val=CALDB (type=<class 'str'>) store=True
Validating ardlib.AXAF_HETG_1000_FILE val=CALDB as ...
... something else
Setting ardlib.AXAF_HETG_1000_FILE to CALDB (<class 'str'>)
Entering _validate for name=AXAF_HETG_0100_FILE val=CALDB (type=<class 'str'>) store=True
Validating ardlib.AXAF_HETG_0100_FILE val=CALDB as ...
... something else
Setting ardlib.AXAF_HETG_0100_FILE to CALDB (<class 'str'>)
Entering _validate for name=AXAF_HETG_0010_FILE val=CALDB (type=<class 'str'>) store=True
Validating ardlib.AXAF_HETG_0010_FILE val=CALDB as ...
... something else
Setting ardlib.AXAF_HETG_0010_FILE to CALDB (<class 'str'>)
Entering _validate for name=AXAF_HETG_0001_FILE val=CALDB (type=<class 'str'>) store=True
Validating ardlib.AXAF_HETG_0001_FILE val=CALDB as ...
... something else
Setting ardlib.AXAF_HETG_0001_FILE to CALDB (<class 'str'>)
Entering _validate for name=AXAF_LETG_1000_FILE val=CALDB (type=<class 'str'>) store=True
Validating ardlib.AXAF_LETG_1000_FILE val=CALDB as ...
... something else
Setting ardlib.AXAF_LETG_1000_FILE to CALDB (<class 'str'>)
Entering _validate for name=AXAF_LETG_0100_FILE val=CALDB (type=<class 'str'>) store=True
Validating ardlib.AXAF_LETG_0100_FILE val=CALDB as ...
... something else
Setting ardlib.AXAF_LETG_0100_FILE to CALDB (<class 'str'>)
Entering _validate for name=AXAF_LETG_0010_FILE val=CALDB (type=<class 'str'>) store=True
Validating ardlib.AXAF_LETG_0010_FILE val=CALDB as ...
... something else
Setting ardlib.AXAF_LETG_0010_FILE to CALDB (<class 'str'>)
Entering _validate for name=AXAF_LETG_0001_FILE val=CALDB (type=<class 'str'>) store=True
Validating ardlib.AXAF_LETG_0001_FILE val=CALDB as ...
... something else
Setting ardlib.AXAF_LETG_0001_FILE to CALDB (<class 'str'>)
Entering _validate for name=AXAF_HETG_1100_LSF_FILE val=CALDB (type=<class 'str'>) store=True
Validating ardlib.AXAF_HETG_1100_LSF_FILE val=CALDB as ...
... something else
Setting ardlib.AXAF_HETG_1100_LSF_FILE to CALDB (<class 'str'>)
Entering _validate for name=AXAF_HETG_0011_LSF_FILE val=CALDB (type=<class 'str'>) store=True
Validating ardlib.AXAF_HETG_0011_LSF_FILE val=CALDB as ...
... something else
Setting ardlib.AXAF_HETG_0011_LSF_FILE to CALDB (<class 'str'>)
Entering _validate for name=AXAF_LETG_1111_LSF_FILE val=CALDB (type=<class 'str'>) store=True
Validating ardlib.AXAF_LETG_1111_LSF_FILE val=CALDB as ...
... something else
Setting ardlib.AXAF_LETG_1111_LSF_FILE to CALDB (<class 'str'>)
Entering _validate for name=AXAF_RMF_FILE val=CALDB (type=<class 'str'>) store=True
Validating ardlib.AXAF_RMF_FILE val=CALDB as ...
... something else
Setting ardlib.AXAF_RMF_FILE to CALDB (<class 'str'>)
Entering _validate for name=AXAF_GAIN_FILE val=CALDB (type=<class 'str'>) store=True
Validating ardlib.AXAF_GAIN_FILE val=CALDB as ...
... something else
Setting ardlib.AXAF_GAIN_FILE to CALDB (<class 'str'>)
Read from the ardlib parameter file
Calling punlearn on tool acis_set_ardlib
Entering _validate for name=badpixfile val=/home/henry/sigma-v19f-chandra/repro/BULLET/5358/acisf05358_repro_bpix1.fits (type=<class 'str'>) store=True
Validating acis_set_ardlib.badpixfile val=/home/henry/sigma-v19f-chandra/repro/BULLET/5358/acisf05358_repro_bpix1.fits as ...
... something else
Setting acis_set_ardlib.badpixfile to /home/henry/sigma-v19f-chandra/repro/BULLET/5358/acisf05358_repro_bpix1.fits (<class 'str'>)
Entering _validate for name=verbose val=5 (type=<class 'int'>) store=True
Validating acis_set_ardlib.verbose val=5 as ...
... an integer
Validating acis_set_ardlib.verbose val=5 against min/max=0/5
Setting acis_set_ardlib.verbose to 5 (<class 'int'>)
_create_parfile_copy called for acis_set_ardlib with parfile=None
Copying par file /home/henry/miniforge3/envs/sigma-ciao-4.18/param/acis_set_ardlib.par to /home/henry/sigma-v19ck-rmf-diagnostic/v100/c3432/tmp/tmpqrfxhnv8.acis_set_ardlib.par
_update_parfile[acis_set_ardlib] called for /home/henry/sigma-v19ck-rmf-diagnostic/v100/c3432/tmp/tmpqrfxhnv8.acis_set_ardlib.par
Opening parameter file with mode=wLH: '/home/henry/sigma-v19ck-rmf-diagnostic/v100/c3432/tmp/tmpqrfxhnv8.acis_set_ardlib.par'
setting parameter badpixfile type=f val=/home/henry/sigma-v19f-chandra/repro/BULLET/5358/acisf05358_repro_bpix1.fits
setting parameter absolutepath type=b val=True
setting parameter ardlibfile type=f val=ardlib
setting parameter verbose type=i val=5
Verifying parameter settings
verifying parameter badpixfile type=f is val=/home/henry/sigma-v19f-chandra/repro/BULLET/5358/acisf05358_repro_bpix1.fits
verifying parameter absolutepath type=b is val=True
verifying parameter ardlibfile type=f is val=ardlib
verifying parameter verbose type=i is val=5
_update_parfile[acis_set_ardlib] returning {}
Running tool acis_set_ardlib using:
>>> acis_set_ardlib /home/henry/sigma-v19f-chandra/repro/BULLET/5358/acisf05358_repro_bpix1.fits verbose=5
***** Start of parameter file
** badpixfile,f,a,"/home/henry/sigma-v19f-chandra/repro/BULLET/5358/acisf05358_repro_bpix1.fits",,,"Bad pixel file for the observation"
** absolutepath,b,h,yes,,,"Use an absolute path in the parameter file"
** ardlibfile,f,h,"ardlib",,,"Parameter file to change"
** verbose,i,h,5,0,5,"Verbosity (0 for no screen output)"
** mode,s,h,"hl",,,
***** End of parameter file
Starting acis_set_ardlib at Wed Aug  5 13:09:58 2026
acis_set_ardlib finished at Wed Aug  5 13:09:58 2026
Run time = < 1 sec
Return code = 0
***** Start of parameter file
** badpixfile,f,a,"/home/henry/sigma-v19f-chandra/repro/BULLET/5358/acisf05358_repro_bpix1.fits",,,"Bad pixel file for the observation"
** absolutepath,b,h,yes,,,"Use an absolute path in the parameter file"
** ardlibfile,f,h,"ardlib",,,"Parameter file to change"
** verbose,i,h,5,0,5,"Verbosity (0 for no screen output)"
** mode,s,h,"hl",,,
***** End of parameter file
Entering _validate for name=badpixfile val=/home/henry/sigma-v19f-chandra/repro/BULLET/5358/acisf05358_repro_bpix1.fits (type=<class 'str'>) store=True
Validating acis_set_ardlib.badpixfile val=/home/henry/sigma-v19f-chandra/repro/BULLET/5358/acisf05358_repro_bpix1.fits as ...
... something else
Setting acis_set_ardlib.badpixfile to /home/henry/sigma-v19f-chandra/repro/BULLET/5358/acisf05358_repro_bpix1.fits (<class 'str'>)
Entering _validate for name=absolutepath val=yes (type=<class 'str'>) store=True
Validating acis_set_ardlib.absolutepath val=yes as ...
... a boolean
Setting acis_set_ardlib.absolutepath to True (<class 'bool'>)
Entering _validate for name=ardlibfile val=ardlib (type=<class 'str'>) store=True
Validating acis_set_ardlib.ardlibfile val=ardlib as ...
... something else
Setting acis_set_ardlib.ardlibfile to ardlib (<class 'str'>)
Entering _validate for name=verbose val=5 (type=<class 'str'>) store=True
Validating acis_set_ardlib.verbose val=5 as ...
... an integer
Validating acis_set_ardlib.verbose val=5 against min/max=0/5
Setting acis_set_ardlib.verbose to 5 (<class 'int'>)
Read parameters for acis_set_ardlib from /home/henry/sigma-v19ck-rmf-diagnostic/v100/c3432/tmp/tmpqrfxhnv8.acis_set_ardlib.par
Deleting par file: /home/henry/sigma-v19ck-rmf-diagnostic/v100/c3432/tmp/tmpqrfxhnv8.acis_set_ardlib.par
_update_parfile[ardlib] called for ardlib
Opening parameter file with mode=wLH: 'ardlib'
setting parameter ArdlibDataPath type=s val=$ASCDS_CALIB
setting parameter GENERIC_EFFAREA_FILE type=f val=xrt_ea_v2_0.fits
setting parameter GENERIC_VIGNET_FILE type=f val=/dev/null
setting parameter AXAF_EFFAREA_FILE_0001 type=f val=CALDB
setting parameter AXAF_EFFAREA_FILE_0010 type=f val=CALDB
setting parameter AXAF_EFFAREA_FILE_0100 type=f val=CALDB
setting parameter AXAF_EFFAREA_FILE_1000 type=f val=CALDB
setting parameter AXAF_EFFAREA_FILE_1111 type=f val=CALDB
setting parameter AXAF_VIGNET_FILE_0001 type=f val=CALDB
setting parameter AXAF_VIGNET_FILE_0010 type=f val=CALDB
setting parameter AXAF_VIGNET_FILE_0100 type=f val=CALDB
setting parameter AXAF_VIGNET_FILE_1000 type=f val=CALDB
setting parameter AXAF_VIGNET_FILE_1111 type=f val=CALDB
setting parameter AXAF_ACIS0_QE_FILE type=f val=CALDB
setting parameter AXAF_ACIS1_QE_FILE type=f val=CALDB
setting parameter AXAF_ACIS2_QE_FILE type=f val=CALDB
setting parameter AXAF_ACIS3_QE_FILE type=f val=CALDB
setting parameter AXAF_ACIS4_QE_FILE type=f val=CALDB
setting parameter AXAF_ACIS5_QE_FILE type=f val=CALDB
setting parameter AXAF_ACIS6_QE_FILE type=f val=CALDB
setting parameter AXAF_ACIS7_QE_FILE type=f val=CALDB
setting parameter AXAF_ACIS8_QE_FILE type=f val=CALDB
setting parameter AXAF_ACIS9_QE_FILE type=f val=CALDB
setting parameter AXAF_ACIS0_QEU_FILE type=f val=CALDB
setting parameter AXAF_ACIS1_QEU_FILE type=f val=CALDB
setting parameter AXAF_ACIS2_QEU_FILE type=f val=CALDB
setting parameter AXAF_ACIS3_QEU_FILE type=f val=CALDB
setting parameter AXAF_ACIS4_QEU_FILE type=f val=CALDB
setting parameter AXAF_ACIS5_QEU_FILE type=f val=CALDB
setting parameter AXAF_ACIS6_QEU_FILE type=f val=CALDB
setting parameter AXAF_ACIS7_QEU_FILE type=f val=CALDB
setting parameter AXAF_ACIS8_QEU_FILE type=f val=CALDB
setting parameter AXAF_ACIS9_QEU_FILE type=f val=CALDB
setting parameter AXAF_ACIS0_BADPIX_FILE type=f val=CALDB
setting parameter AXAF_ACIS1_BADPIX_FILE type=f val=CALDB
setting parameter AXAF_ACIS2_BADPIX_FILE type=f val=CALDB
setting parameter AXAF_ACIS3_BADPIX_FILE type=f val=CALDB
setting parameter AXAF_ACIS4_BADPIX_FILE type=f val=CALDB
setting parameter AXAF_ACIS5_BADPIX_FILE type=f val=CALDB
setting parameter AXAF_ACIS6_BADPIX_FILE type=f val=CALDB
setting parameter AXAF_ACIS7_BADPIX_FILE type=f val=CALDB
setting parameter AXAF_ACIS8_BADPIX_FILE type=f val=CALDB
setting parameter AXAF_ACIS9_BADPIX_FILE type=f val=CALDB
setting parameter AXAF_ACIS0_CONTAM_FILE type=f val=CALDB
setting parameter AXAF_ACIS1_CONTAM_FILE type=f val=CALDB
setting parameter AXAF_ACIS2_CONTAM_FILE type=f val=CALDB
setting parameter AXAF_ACIS3_CONTAM_FILE type=f val=CALDB
setting parameter AXAF_ACIS4_CONTAM_FILE type=f val=CALDB
setting parameter AXAF_ACIS5_CONTAM_FILE type=f val=CALDB
setting parameter AXAF_ACIS6_CONTAM_FILE type=f val=CALDB
setting parameter AXAF_ACIS7_CONTAM_FILE type=f val=CALDB
setting parameter AXAF_ACIS8_CONTAM_FILE type=f val=CALDB
setting parameter AXAF_ACIS9_CONTAM_FILE type=f val=CALDB
setting parameter AXAF_HRC_I_QE_FILE->AXAF_HRC-I_QE_FILE type=f val=CALDB
setting parameter AXAF_HRC_I_QEU_FILE->AXAF_HRC-I_QEU_FILE type=f val=CALDB
setting parameter AXAF_HRC_I_BADPIX_FILE->AXAF_HRC-I_BADPIX_FILE type=f val=NONE
setting parameter AXAF_HRC_S1_QE_FILE->AXAF_HRC-S1_QE_FILE type=f val=CALDB
setting parameter AXAF_HRC_S2_QE_FILE->AXAF_HRC-S2_QE_FILE type=f val=CALDB
setting parameter AXAF_HRC_S3_QE_FILE->AXAF_HRC-S3_QE_FILE type=f val=CALDB
setting parameter AXAF_HRC_S1_QEU_FILE->AXAF_HRC-S1_QEU_FILE type=f val=CALDB
setting parameter AXAF_HRC_S2_QEU_FILE->AXAF_HRC-S2_QEU_FILE type=f val=CALDB
setting parameter AXAF_HRC_S3_QEU_FILE->AXAF_HRC-S3_QEU_FILE type=f val=CALDB
setting parameter AXAF_HRC_S_BADPIX_FILE->AXAF_HRC-S_BADPIX_FILE type=f val=NONE
setting parameter AXAF_HETG_1000_FILE type=f val=CALDB
setting parameter AXAF_HETG_0100_FILE type=f val=CALDB
setting parameter AXAF_HETG_0010_FILE type=f val=CALDB
setting parameter AXAF_HETG_0001_FILE type=f val=CALDB
setting parameter AXAF_LETG_1000_FILE type=f val=CALDB
setting parameter AXAF_LETG_0100_FILE type=f val=CALDB
setting parameter AXAF_LETG_0010_FILE type=f val=CALDB
setting parameter AXAF_LETG_0001_FILE type=f val=CALDB
setting parameter AXAF_HETG_1100_LSF_FILE type=f val=CALDB
setting parameter AXAF_HETG_0011_LSF_FILE type=f val=CALDB
setting parameter AXAF_LETG_1111_LSF_FILE type=f val=CALDB
setting parameter AXAF_RMF_FILE type=f val=CALDB
setting parameter AXAF_GAIN_FILE type=f val=CALDB
Verifying parameter settings
verifying parameter ArdlibDataPath type=s is val=$ASCDS_CALIB
verifying parameter GENERIC_EFFAREA_FILE type=f is val=xrt_ea_v2_0.fits
verifying parameter GENERIC_VIGNET_FILE type=f is val=/dev/null
verifying parameter AXAF_EFFAREA_FILE_0001 type=f is val=CALDB
verifying parameter AXAF_EFFAREA_FILE_0010 type=f is val=CALDB
verifying parameter AXAF_EFFAREA_FILE_0100 type=f is val=CALDB
verifying parameter AXAF_EFFAREA_FILE_1000 type=f is val=CALDB
verifying parameter AXAF_EFFAREA_FILE_1111 type=f is val=CALDB
verifying parameter AXAF_VIGNET_FILE_0001 type=f is val=CALDB
verifying parameter AXAF_VIGNET_FILE_0010 type=f is val=CALDB
verifying parameter AXAF_VIGNET_FILE_0100 type=f is val=CALDB
verifying parameter AXAF_VIGNET_FILE_1000 type=f is val=CALDB
verifying parameter AXAF_VIGNET_FILE_1111 type=f is val=CALDB
verifying parameter AXAF_ACIS0_QE_FILE type=f is val=CALDB
verifying parameter AXAF_ACIS1_QE_FILE type=f is val=CALDB
verifying parameter AXAF_ACIS2_QE_FILE type=f is val=CALDB
verifying parameter AXAF_ACIS3_QE_FILE type=f is val=CALDB
verifying parameter AXAF_ACIS4_QE_FILE type=f is val=CALDB
verifying parameter AXAF_ACIS5_QE_FILE type=f is val=CALDB
verifying parameter AXAF_ACIS6_QE_FILE type=f is val=CALDB
verifying parameter AXAF_ACIS7_QE_FILE type=f is val=CALDB
verifying parameter AXAF_ACIS8_QE_FILE type=f is val=CALDB
verifying parameter AXAF_ACIS9_QE_FILE type=f is val=CALDB
verifying parameter AXAF_ACIS0_QEU_FILE type=f is val=CALDB
verifying parameter AXAF_ACIS1_QEU_FILE type=f is val=CALDB
verifying parameter AXAF_ACIS2_QEU_FILE type=f is val=CALDB
verifying parameter AXAF_ACIS3_QEU_FILE type=f is val=CALDB
verifying parameter AXAF_ACIS4_QEU_FILE type=f is val=CALDB
verifying parameter AXAF_ACIS5_QEU_FILE type=f is val=CALDB
verifying parameter AXAF_ACIS6_QEU_FILE type=f is val=CALDB
verifying parameter AXAF_ACIS7_QEU_FILE type=f is val=CALDB
verifying parameter AXAF_ACIS8_QEU_FILE type=f is val=CALDB
verifying parameter AXAF_ACIS9_QEU_FILE type=f is val=CALDB
verifying parameter AXAF_ACIS0_BADPIX_FILE type=f is val=CALDB
verifying parameter AXAF_ACIS1_BADPIX_FILE type=f is val=CALDB
verifying parameter AXAF_ACIS2_BADPIX_FILE type=f is val=CALDB
verifying parameter AXAF_ACIS3_BADPIX_FILE type=f is val=CALDB
verifying parameter AXAF_ACIS4_BADPIX_FILE type=f is val=CALDB
verifying parameter AXAF_ACIS5_BADPIX_FILE type=f is val=CALDB
verifying parameter AXAF_ACIS6_BADPIX_FILE type=f is val=CALDB
verifying parameter AXAF_ACIS7_BADPIX_FILE type=f is val=CALDB
verifying parameter AXAF_ACIS8_BADPIX_FILE type=f is val=CALDB
verifying parameter AXAF_ACIS9_BADPIX_FILE type=f is val=CALDB
verifying parameter AXAF_ACIS0_CONTAM_FILE type=f is val=CALDB
verifying parameter AXAF_ACIS1_CONTAM_FILE type=f is val=CALDB
verifying parameter AXAF_ACIS2_CONTAM_FILE type=f is val=CALDB
verifying parameter AXAF_ACIS3_CONTAM_FILE type=f is val=CALDB
verifying parameter AXAF_ACIS4_CONTAM_FILE type=f is val=CALDB
verifying parameter AXAF_ACIS5_CONTAM_FILE type=f is val=CALDB
verifying parameter AXAF_ACIS6_CONTAM_FILE type=f is val=CALDB
verifying parameter AXAF_ACIS7_CONTAM_FILE type=f is val=CALDB
verifying parameter AXAF_ACIS8_CONTAM_FILE type=f is val=CALDB
verifying parameter AXAF_ACIS9_CONTAM_FILE type=f is val=CALDB
verifying parameter AXAF_HRC_I_QE_FILE<-AXAF_HRC-I_QE_FILE type=f is val=CALDB
verifying parameter AXAF_HRC_I_QEU_FILE<-AXAF_HRC-I_QEU_FILE type=f is val=CALDB
verifying parameter AXAF_HRC_I_BADPIX_FILE<-AXAF_HRC-I_BADPIX_FILE type=f is val=NONE
verifying parameter AXAF_HRC_S1_QE_FILE<-AXAF_HRC-S1_QE_FILE type=f is val=CALDB
verifying parameter AXAF_HRC_S2_QE_FILE<-AXAF_HRC-S2_QE_FILE type=f is val=CALDB
verifying parameter AXAF_HRC_S3_QE_FILE<-AXAF_HRC-S3_QE_FILE type=f is val=CALDB
verifying parameter AXAF_HRC_S1_QEU_FILE<-AXAF_HRC-S1_QEU_FILE type=f is val=CALDB
verifying parameter AXAF_HRC_S2_QEU_FILE<-AXAF_HRC-S2_QEU_FILE type=f is val=CALDB
verifying parameter AXAF_HRC_S3_QEU_FILE<-AXAF_HRC-S3_QEU_FILE type=f is val=CALDB
verifying parameter AXAF_HRC_S_BADPIX_FILE<-AXAF_HRC-S_BADPIX_FILE type=f is val=NONE
verifying parameter AXAF_HETG_1000_FILE type=f is val=CALDB
verifying parameter AXAF_HETG_0100_FILE type=f is val=CALDB
verifying parameter AXAF_HETG_0010_FILE type=f is val=CALDB
verifying parameter AXAF_HETG_0001_FILE type=f is val=CALDB
verifying parameter AXAF_LETG_1000_FILE type=f is val=CALDB
verifying parameter AXAF_LETG_0100_FILE type=f is val=CALDB
verifying parameter AXAF_LETG_0010_FILE type=f is val=CALDB
verifying parameter AXAF_LETG_0001_FILE type=f is val=CALDB
verifying parameter AXAF_HETG_1100_LSF_FILE type=f is val=CALDB
verifying parameter AXAF_HETG_0011_LSF_FILE type=f is val=CALDB
verifying parameter AXAF_LETG_1111_LSF_FILE type=f is val=CALDB
verifying parameter AXAF_RMF_FILE type=f is val=CALDB
verifying parameter AXAF_GAIN_FILE type=f is val=CALDB
_update_parfile[ardlib] returning {}
Wrote to the ardlib parameter file
_create_parfile_copy called for acis_set_ardlib with parfile=None
Copying par file /home/henry/miniforge3/envs/sigma-ciao-4.18/param/acis_set_ardlib.par to /home/henry/sigma-v19ck-rmf-diagnostic/v100/c3432/tmp/tmp37n6tsfn.acis_set_ardlib.par
_update_parfile[acis_set_ardlib] called for /home/henry/sigma-v19ck-rmf-diagnostic/v100/c3432/tmp/tmp37n6tsfn.acis_set_ardlib.par
Opening parameter file with mode=wLH: '/home/henry/sigma-v19ck-rmf-diagnostic/v100/c3432/tmp/tmp37n6tsfn.acis_set_ardlib.par'
setting parameter badpixfile type=f val=/home/henry/sigma-v19f-chandra/repro/BULLET/5358/acisf05358_repro_bpix1.fits
setting parameter absolutepath type=b val=True
setting parameter ardlibfile type=f val=ardlib
setting parameter verbose type=i val=5
Verifying parameter settings
verifying parameter badpixfile type=f is val=/home/henry/sigma-v19f-chandra/repro/BULLET/5358/acisf05358_repro_bpix1.fits
verifying parameter absolutepath type=b is val=True
verifying parameter ardlibfile type=f is val=ardlib
verifying parameter verbose type=i is val=5
_update_parfile[acis_set_ardlib] returning {}
Running tool acis_set_ardlib using:
>>> acis_set_ardlib /home/henry/sigma-v19f-chandra/repro/BULLET/5358/acisf05358_repro_bpix1.fits verbose=5
***** Start of parameter file
** badpixfile,f,a,"/home/henry/sigma-v19f-chandra/repro/BULLET/5358/acisf05358_repro_bpix1.fits",,,"Bad pixel file for the observation"
** absolutepath,b,h,yes,,,"Use an absolute path in the parameter file"
** ardlibfile,f,h,"ardlib",,,"Parameter file to change"
** verbose,i,h,5,0,5,"Verbosity (0 for no screen output)"
** mode,s,h,"hl",,,
***** End of parameter file
Starting acis_set_ardlib at Wed Aug  5 13:09:58 2026
acis_set_ardlib finished at Wed Aug  5 13:09:58 2026
Run time = < 1 sec
Return code = 0
***** Start of parameter file
** badpixfile,f,a,"/home/henry/sigma-v19f-chandra/repro/BULLET/5358/acisf05358_repro_bpix1.fits",,,"Bad pixel file for the observation"
** absolutepath,b,h,yes,,,"Use an absolute path in the parameter file"
** ardlibfile,f,h,"ardlib",,,"Parameter file to change"
** verbose,i,h,5,0,5,"Verbosity (0 for no screen output)"
** mode,s,h,"hl",,,
***** End of parameter file
Entering _validate for name=badpixfile val=/home/henry/sigma-v19f-chandra/repro/BULLET/5358/acisf05358_repro_bpix1.fits (type=<class 'str'>) store=True
Validating acis_set_ardlib.badpixfile val=/home/henry/sigma-v19f-chandra/repro/BULLET/5358/acisf05358_repro_bpix1.fits as ...
... something else
Setting acis_set_ardlib.badpixfile to /home/henry/sigma-v19f-chandra/repro/BULLET/5358/acisf05358_repro_bpix1.fits (<class 'str'>)
Entering _validate for name=absolutepath val=yes (type=<class 'str'>) store=True
Validating acis_set_ardlib.absolutepath val=yes as ...
... a boolean
Setting acis_set_ardlib.absolutepath to True (<class 'bool'>)
Entering _validate for name=ardlibfile val=ardlib (type=<class 'str'>) store=True
Validating acis_set_ardlib.ardlibfile val=ardlib as ...
... something else
Setting acis_set_ardlib.ardlibfile to ardlib (<class 'str'>)
Entering _validate for name=verbose val=5 (type=<class 'str'>) store=True
Validating acis_set_ardlib.verbose val=5 as ...
... an integer
Validating acis_set_ardlib.verbose val=5 against min/max=0/5
Setting acis_set_ardlib.verbose to 5 (<class 'int'>)
Read parameters for acis_set_ardlib from /home/henry/sigma-v19ck-rmf-diagnostic/v100/c3432/tmp/tmp37n6tsfn.acis_set_ardlib.par
Deleting par file: /home/henry/sigma-v19ck-rmf-diagnostic/v100/c3432/tmp/tmp37n6tsfn.acis_set_ardlib.par
Extracting bkg spectra 

About to overide user PFILES setting: ['/home/henry/sigma-v19ck-rmf-diagnostic/v100/c3432/tmp/tmpdirfxrcubnu'] from /home/henry/sigma-v19ck-rmf-diagnostic/v100/c3432/tmp/tmpdirfxrcubnu;/home/henry/miniforge3/envs/sigma-ciao-4.18/param
Setting up /home/henry/sigma-v19ck-rmf-diagnostic/v100/c3432/tmp/tmpdir5i2qdg71 as new user PFILES directory
About to copy over ardlib parameter file: /home/henry/sigma-v19ck-rmf-diagnostic/v100/c3432/tmp/tmpdirfxrcubnu/ardlib.par
Calling punlearn on tool dmextract
Calling punlearn on tool dmextract
Entering _validate for name=outfile val=/home/henry/sigma-v19ck-rmf-diagnostic/v100/c3432/products/BULLET_bin384_obs5358_ccd0_bkg.pi (type=<class 'str'>) store=True
Validating dmextract.outfile val=/home/henry/sigma-v19ck-rmf-diagnostic/v100/c3432/products/BULLET_bin384_obs5358_ccd0_bkg.pi as ...
... something else
Setting dmextract.outfile to /home/henry/sigma-v19ck-rmf-diagnostic/v100/c3432/products/BULLET_bin384_obs5358_ccd0_bkg.pi (<class 'str'>)
Entering _validate for name=opt val=pha1 (type=<class 'str'>) store=True
Validating dmextract.opt val=pha1 as ...
... something else
Validating dmextract.opt val=pha1 against ['pha1', 'pha2', 'ltc1', 'ltc2', 'generic', 'generic2']
Setting dmextract.opt to pha1 (<class 'str'>)
Entering _validate for name=clobber val=no (type=<class 'str'>) store=True
Validating dmextract.clobber val=no as ...
... a boolean
Setting dmextract.clobber to False (<class 'bool'>)
Entering _validate for name=verbose val=5 (type=<class 'int'>) store=True
Validating dmextract.verbose val=5 as ...
... an integer
Validating dmextract.verbose val=5 against min/max=0/5
Setting dmextract.verbose to 5 (<class 'int'>)
Entering _validate for name=infile val=/home/henry/sigma-v19ck-rmf-diagnostic/v100/c3432/e/b.fits[sky=region(/home/henry/sigma-v19f-chandra/causal_observables_v19h_v100/BULLET/images/broad_flux/5358.fov)][bin PI] (type=<class 'str'>) store=True
Validating dmextract.infile val=/home/henry/sigma-v19ck-rmf-diagnostic/v100/c3432/e/b.fits[sky=region(/home/henry/sigma-v19f-chandra/causal_observables_v19h_v100/BULLET/images/broad_flux/5358.fov)][bin PI] as ...
... something else
Setting dmextract.infile to /home/henry/sigma-v19ck-rmf-diagnostic/v100/c3432/e/b.fits[sky=region(/home/henry/sigma-v19f-chandra/causal_observables_v19h_v100/BULLET/images/broad_flux/5358.fov)][bin PI] (<class 'str'>)
Entering _validate for name=wmap val=[energy=500:7000][bin det=8] (type=<class 'str'>) store=True
Validating dmextract.wmap val=[energy=500:7000][bin det=8] as ...
... something else
Setting dmextract.wmap to [energy=500:7000][bin det=8] (<class 'str'>)
_create_parfile_copy called for dmextract with parfile=None
Copying par file /home/henry/miniforge3/envs/sigma-ciao-4.18/param/dmextract.par to /home/henry/sigma-v19ck-rmf-diagnostic/v100/c3432/tmp/tmpt0zmbi5n.dmextract.par
_update_parfile[dmextract] called for /home/henry/sigma-v19ck-rmf-diagnostic/v100/c3432/tmp/tmpt0zmbi5n.dmextract.par
Opening parameter file with mode=wLH: '/home/henry/sigma-v19ck-rmf-diagnostic/v100/c3432/tmp/tmpt0zmbi5n.dmextract.par'
setting parameter infile type=f val=/home/henry/sigma-v19ck-rmf-diagnostic/v100/c3432/e/b.fits[sky=region(/home/henry/sigma-v19f-chandra/causal_observables_v19h_v100/BULLET/images/broad_flux/5358.fov)][bin PI]
setting parameter outfile type=f val=/home/henry/sigma-v19ck-rmf-diagnostic/v100/c3432/products/BULLET_bin384_obs5358_ccd0_bkg.pi
setting parameter bkg type=f val=None
setting parameter error type=s val=gaussian
setting parameter bkgerror type=s val=gaussian
setting parameter bkgnorm type=r val=1.0
setting parameter exp type=f val=None
setting parameter bkgexp type=f val=None
setting parameter sys_err type=r val=0
setting parameter opt type=s val=pha1
setting parameter defaults type=f val=${ASCDS_CALIB}/cxo.mdb
setting parameter wmap type=s val=[energy=500:7000][bin det=8]
setting parameter clobber type=b val=False
setting parameter verbose type=i val=5
Verifying parameter settings
verifying parameter infile type=f is val=/home/henry/sigma-v19ck-rmf-diagnostic/v100/c3432/e/b.fits[sky=region(/home/henry/sigma-v19f-chandra/causal_observables_v19h_v100/BULLET/images/broad_flux/5358.fov)][bin PI]
verifying parameter outfile type=f is val=/home/henry/sigma-v19ck-rmf-diagnostic/v100/c3432/products/BULLET_bin384_obs5358_ccd0_bkg.pi
verifying parameter bkg type=f is val=None
verifying parameter error type=s is val=gaussian
verifying parameter bkgerror type=s is val=gaussian
verifying parameter bkgnorm type=r is val=1.0
verifying parameter exp type=f is val=None
verifying parameter bkgexp type=f is val=None
verifying parameter sys_err type=r is val=0
verifying parameter opt type=s is val=pha1
verifying parameter defaults type=f is val=${ASCDS_CALIB}/cxo.mdb
verifying parameter wmap type=s is val=[energy=500:7000][bin det=8]
verifying parameter clobber type=b is val=False
verifying parameter verbose type=i is val=5
_update_parfile[dmextract] returning {}
Running tool dmextract using:
>>> dmextract "/home/henry/sigma-v19ck-rmf-diagnostic/v100/c3432/e/b.fits[sky=region(/home/henry/sigma-v19f-chandra/causal_observables_v19h_v100/BULLET/images/broad_flux/5358.fov)][bin PI]" /home/henry/sigma-v19ck-rmf-diagnostic/v100/c3432/products/BULLET_bin384_obs5358_ccd0_bkg.pi wmap="[energy=500:7000][bin det=8]" verbose=5
***** Start of parameter file
** #--------------------------------------------------------------------
** #
** # DMEXTRACT -- extract columns or counts from an event list
** #
** #--------------------------------------------------------------------
** infile,f,a,"/home/henry/sigma-v19ck-rmf-diagnostic/v100/c3432/e/b.fits[sky=region(/home/henry/sigma-v19f-chandra/causal_observables_v19h_v100/BULLET/images/broad_flux/5358.fov)][bin PI]",,,"Input event file "
** outfile,f,a,"/home/henry/sigma-v19ck-rmf-diagnostic/v100/c3432/products/BULLET_bin384_obs5358_ccd0_bkg.pi",,,"Enter output file name"
** bkg,f,h,"",,,"Background region file or fixed background (counts/pixel/s) subtraction"
** error,s,h,"gaussian",,,"Method for error determination(gaussian|gehrels|<variance file>)"
** bkgerror,s,h,"gaussian",,,"Method for background error determination(gaussian|gehrels|<variance file>)"
** bkgnorm,r,h,1,,,"Background normalization"
** exp,f,h,"",,,"Exposure map image file"
** bkgexp,f,h,"",,,"Background exposure map image file"
** sys_err,r,h,0,,,"Fixed systematic error value for SYS_ERR keyword"
** opt,s,h,"pha1",pha1|pha2|ltc1|ltc2|generic|generic2,,"Output file type "
** defaults,f,h,"${ASCDS_CALIB}/cxo.mdb",,,"Instrument defaults file"
** wmap,s,h,"[energy=500:7000][bin det=8]",,,"WMAP filter/binning (e.g. det=8 or default)"
** clobber,b,h,no,,,"OK to overwrite existing output file(s)?"
** verbose,i,h,5,0,5,"Verbosity level"
** mode,s,h,"hl",,,
***** End of parameter file
Starting dmextract at Wed Aug  5 13:09:58 2026
dmextract finished at Wed Aug  5 13:09:58 2026
Run time = < 1 sec
Return code = 0
***** Start of parameter file
** #--------------------------------------------------------------------
** #
** # DMEXTRACT -- extract columns or counts from an event list
** #
** #--------------------------------------------------------------------
** infile,f,a,"/home/henry/sigma-v19ck-rmf-diagnostic/v100/c3432/e/b.fits[sky=region(/home/henry/sigma-v19f-chandra/causal_observables_v19h_v100/BULLET/images/broad_flux/5358.fov)][bin PI]",,,"Input event file "
** outfile,f,a,"/home/henry/sigma-v19ck-rmf-diagnostic/v100/c3432/products/BULLET_bin384_obs5358_ccd0_bkg.pi",,,"Enter output file name"
** bkg,f,h,"",,,"Background region file or fixed background (counts/pixel/s) subtraction"
** error,s,h,"gaussian",,,"Method for error determination(gaussian|gehrels|<variance file>)"
** bkgerror,s,h,"gaussian",,,"Method for background error determination(gaussian|gehrels|<variance file>)"
** bkgnorm,r,h,1,,,"Background normalization"
** exp,f,h,"",,,"Exposure map image file"
** bkgexp,f,h,"",,,"Background exposure map image file"
** sys_err,r,h,0,,,"Fixed systematic error value for SYS_ERR keyword"
** opt,s,h,"pha1",pha1|pha2|ltc1|ltc2|generic|generic2,,"Output file type "
** defaults,f,h,"${ASCDS_CALIB}/cxo.mdb",,,"Instrument defaults file"
** wmap,s,h,"[energy=500:7000][bin det=8]",,,"WMAP filter/binning (e.g. det=8 or default)"
** clobber,b,h,no,,,"OK to overwrite existing output file(s)?"
** verbose,i,h,5,0,5,"Verbosity level"
** mode,s,h,"hl",,,
***** End of parameter file
Entering _validate for name=infile val=/home/henry/sigma-v19ck-rmf-diagnostic/v100/c3432/e/b.fits[sky=region(/home/henry/sigma-v19f-chandra/causal_observables_v19h_v100/BULLET/images/broad_flux/5358.fov)][bin PI] (type=<class 'str'>) store=True
Validating dmextract.infile val=/home/henry/sigma-v19ck-rmf-diagnostic/v100/c3432/e/b.fits[sky=region(/home/henry/sigma-v19f-chandra/causal_observables_v19h_v100/BULLET/images/broad_flux/5358.fov)][bin PI] as ...
... something else
Setting dmextract.infile to /home/henry/sigma-v19ck-rmf-diagnostic/v100/c3432/e/b.fits[sky=region(/home/henry/sigma-v19f-chandra/causal_observables_v19h_v100/BULLET/images/broad_flux/5358.fov)][bin PI] (<class 'str'>)
Entering _validate for name=outfile val=/home/henry/sigma-v19ck-rmf-diagnostic/v100/c3432/products/BULLET_bin384_obs5358_ccd0_bkg.pi (type=<class 'str'>) store=True
Validating dmextract.outfile val=/home/henry/sigma-v19ck-rmf-diagnostic/v100/c3432/products/BULLET_bin384_obs5358_ccd0_bkg.pi as ...
... something else
Setting dmextract.outfile to /home/henry/sigma-v19ck-rmf-diagnostic/v100/c3432/products/BULLET_bin384_obs5358_ccd0_bkg.pi (<class 'str'>)
Entering _validate for name=bkg val= (type=<class 'str'>) store=True
Validating dmextract.bkg val= as ...
... a ''
Setting dmextract.bkg to None (<class 'NoneType'>)
Entering _validate for name=error val=gaussian (type=<class 'str'>) store=True
Validating dmextract.error val=gaussian as ...
... something else
Setting dmextract.error to gaussian (<class 'str'>)
Entering _validate for name=bkgerror val=gaussian (type=<class 'str'>) store=True
Validating dmextract.bkgerror val=gaussian as ...
... something else
Setting dmextract.bkgerror to gaussian (<class 'str'>)
Entering _validate for name=bkgnorm val=1 (type=<class 'str'>) store=True
Validating dmextract.bkgnorm val=1 as ...
... a float
Setting dmextract.bkgnorm to 1.0 (<class 'float'>)
Entering _validate for name=exp val= (type=<class 'str'>) store=True
Validating dmextract.exp val= as ...
... a ''
Setting dmextract.exp to None (<class 'NoneType'>)
Entering _validate for name=bkgexp val= (type=<class 'str'>) store=True
Validating dmextract.bkgexp val= as ...
... a ''
Setting dmextract.bkgexp to None (<class 'NoneType'>)
Entering _validate for name=sys_err val=0 (type=<class 'str'>) store=True
Validating dmextract.sys_err val=0 as ...
... a float
Setting dmextract.sys_err to 0.0 (<class 'float'>)
Entering _validate for name=opt val=pha1 (type=<class 'str'>) store=True
Validating dmextract.opt val=pha1 as ...
... something else
Validating dmextract.opt val=pha1 against ['pha1', 'pha2', 'ltc1', 'ltc2', 'generic', 'generic2']
Setting dmextract.opt to pha1 (<class 'str'>)
Entering _validate for name=defaults val=/home/henry/miniforge3/envs/sigma-ciao-4.18/data/cxo.mdb (type=<class 'str'>) store=True
Validating dmextract.defaults val=/home/henry/miniforge3/envs/sigma-ciao-4.18/data/cxo.mdb as ...
... something else
Setting dmextract.defaults to /home/henry/miniforge3/envs/sigma-ciao-4.18/data/cxo.mdb (<class 'str'>)
Entering _validate for name=wmap val=[energy=500:7000][bin det=8] (type=<class 'str'>) store=True
Validating dmextract.wmap val=[energy=500:7000][bin det=8] as ...
... something else
Setting dmextract.wmap to [energy=500:7000][bin det=8] (<class 'str'>)
Entering _validate for name=clobber val=no (type=<class 'str'>) store=True
Validating dmextract.clobber val=no as ...
... a boolean
Setting dmextract.clobber to False (<class 'bool'>)
Entering _validate for name=verbose val=5 (type=<class 'str'>) store=True
Validating dmextract.verbose val=5 as ...
... an integer
Validating dmextract.verbose val=5 against min/max=0/5
Setting dmextract.verbose to 5 (<class 'int'>)
Read parameters for dmextract from /home/henry/sigma-v19ck-rmf-diagnostic/v100/c3432/tmp/tmpt0zmbi5n.dmextract.par
Deleting par file: /home/henry/sigma-v19ck-rmf-diagnostic/v100/c3432/tmp/tmpt0zmbi5n.dmextract.par
About to restore PFILES setting to /home/henry/sigma-v19ck-rmf-diagnostic/v100/c3432/tmp/tmpdirfxrcubnu;/home/henry/miniforge3/envs/sigma-ciao-4.18/param
Calling punlearn on tool dmhistory
Calling punlearn on tool dmhistory
Entering _validate for name=infile val=/home/henry/sigma-v19ck-rmf-diagnostic/v100/c3432/e/b.fits[sky=region(/home/henry/sigma-v19f-chandra/causal_observables_v19h_v100/BULLET/images/broad_flux/5358.fov)] (type=<class 'str'>) store=True
Validating dmhistory.infile val=/home/henry/sigma-v19ck-rmf-diagnostic/v100/c3432/e/b.fits[sky=region(/home/henry/sigma-v19f-chandra/causal_observables_v19h_v100/BULLET/images/broad_flux/5358.fov)] as ...
... something else
Setting dmhistory.infile to /home/henry/sigma-v19ck-rmf-diagnostic/v100/c3432/e/b.fits[sky=region(/home/henry/sigma-v19f-chandra/causal_observables_v19h_v100/BULLET/images/broad_flux/5358.fov)] (<class 'str'>)
Entering _validate for name=tool val=blanksky (type=<class 'str'>) store=True
Validating dmhistory.tool val=blanksky as ...
... something else
Setting dmhistory.tool to blanksky (<class 'str'>)
_create_parfile_copy called for dmhistory with parfile=None
Copying par file /home/henry/miniforge3/envs/sigma-ciao-4.18/param/dmhistory.par to /home/henry/sigma-v19ck-rmf-diagnostic/v100/c3432/tmp/tmpcqpc_643.dmhistory.par
_update_parfile[dmhistory] called for /home/henry/sigma-v19ck-rmf-diagnostic/v100/c3432/tmp/tmpcqpc_643.dmhistory.par
Opening parameter file with mode=wLH: '/home/henry/sigma-v19ck-rmf-diagnostic/v100/c3432/tmp/tmpcqpc_643.dmhistory.par'
setting parameter infile type=f val=/home/henry/sigma-v19ck-rmf-diagnostic/v100/c3432/e/b.fits[sky=region(/home/henry/sigma-v19f-chandra/causal_observables_v19h_v100/BULLET/images/broad_flux/5358.fov)]
setting parameter tool type=s val=blanksky
setting parameter outfile type=f val=stdout
setting parameter expand type=b val=True
setting parameter action type=s val=get
setting parameter clobber type=b val=False
setting parameter verbose type=i val=0
Verifying parameter settings
verifying parameter infile type=f is val=/home/henry/sigma-v19ck-rmf-diagnostic/v100/c3432/e/b.fits[sky=region(/home/henry/sigma-v19f-chandra/causal_observables_v19h_v100/BULLET/images/broad_flux/5358.fov)]
verifying parameter tool type=s is val=blanksky
verifying parameter outfile type=f is val=stdout
verifying parameter expand type=b is val=True
verifying parameter action type=s is val=get
verifying parameter clobber type=b is val=False
verifying parameter verbose type=i is val=0
_update_parfile[dmhistory] returning {}
Running tool dmhistory using:
>>> dmhistory "/home/henry/sigma-v19ck-rmf-diagnostic/v100/c3432/e/b.fits[sky=region(/home/henry/sigma-v19f-chandra/causal_observables_v19h_v100/BULLET/images/broad_flux/5358.fov)]" blanksky
***** Start of parameter file
** infile,f,a,"/home/henry/sigma-v19ck-rmf-diagnostic/v100/c3432/e/b.fits[sky=region(/home/henry/sigma-v19f-chandra/causal_observables_v19h_v100/BULLET/images/broad_flux/5358.fov)]",,,"Input file to get history from"
** tool,s,a,"blanksky",,,"Tool name to extract history"
** outfile,f,h,"stdout",,,"Output file [stdout|stderr|FILENAME]"
** expand,b,h,yes,,,"Replace stacks in output string?"
** action,s,h,"get",get|put|pset,,"What to do with history"
** clobber,b,h,no,,,"Remove output file if it exists?"
** verbose,i,h,0,0,5,"Tool chatter level"
** mode,s,h,"hl",,,
***** End of parameter file
Starting dmhistory at Wed Aug  5 13:09:58 2026
dmhistory finished at Wed Aug  5 13:09:58 2026
Run time = < 1 sec
Return code = 0
***** Start of parameter file
** infile,f,a,"/home/henry/sigma-v19ck-rmf-diagnostic/v100/c3432/e/b.fits[sky=region(/home/henry/sigma-v19f-chandra/causal_observables_v19h_v100/BULLET/images/broad_flux/5358.fov)]",,,"Input file to get history from"
** tool,s,a,"blanksky",,,"Tool name to extract history"
** outfile,f,h,"stdout",,,"Output file [stdout|stderr|FILENAME]"
** expand,b,h,yes,,,"Replace stacks in output string?"
** action,s,h,"get",get|put|pset,,"What to do with history"
** clobber,b,h,no,,,"Remove output file if it exists?"
** verbose,i,h,0,0,5,"Tool chatter level"
** mode,s,h,"hl",,,
***** End of parameter file
Entering _validate for name=infile val=/home/henry/sigma-v19ck-rmf-diagnostic/v100/c3432/e/b.fits[sky=region(/home/henry/sigma-v19f-chandra/causal_observables_v19h_v100/BULLET/images/broad_flux/5358.fov)] (type=<class 'str'>) store=True
Validating dmhistory.infile val=/home/henry/sigma-v19ck-rmf-diagnostic/v100/c3432/e/b.fits[sky=region(/home/henry/sigma-v19f-chandra/causal_observables_v19h_v100/BULLET/images/broad_flux/5358.fov)] as ...
... something else
Setting dmhistory.infile to /home/henry/sigma-v19ck-rmf-diagnostic/v100/c3432/e/b.fits[sky=region(/home/henry/sigma-v19f-chandra/causal_observables_v19h_v100/BULLET/images/broad_flux/5358.fov)] (<class 'str'>)
Entering _validate for name=tool val=blanksky (type=<class 'str'>) store=True
Validating dmhistory.tool val=blanksky as ...
... something else
Setting dmhistory.tool to blanksky (<class 'str'>)
Entering _validate for name=outfile val=stdout (type=<class 'str'>) store=True
Validating dmhistory.outfile val=stdout as ...
... something else
Setting dmhistory.outfile to stdout (<class 'str'>)
Entering _validate for name=expand val=yes (type=<class 'str'>) store=True
Validating dmhistory.expand val=yes as ...
... a boolean
Setting dmhistory.expand to True (<class 'bool'>)
Entering _validate for name=action val=get (type=<class 'str'>) store=True
Validating dmhistory.action val=get as ...
... something else
Validating dmhistory.action val=get against ['get', 'put', 'pset']
Setting dmhistory.action to get (<class 'str'>)
Entering _validate for name=clobber val=no (type=<class 'str'>) store=True
Validating dmhistory.clobber val=no as ...
... a boolean
Setting dmhistory.clobber to False (<class 'bool'>)
Entering _validate for name=verbose val=0 (type=<class 'str'>) store=True
Validating dmhistory.verbose val=0 as ...
... an integer
Validating dmhistory.verbose val=0 against min/max=0/5
Setting dmhistory.verbose to 0 (<class 'int'>)
Read parameters for dmhistory from /home/henry/sigma-v19ck-rmf-diagnostic/v100/c3432/tmp/tmpcqpc_643.dmhistory.par
Deleting par file: /home/henry/sigma-v19ck-rmf-diagnostic/v100/c3432/tmp/tmpcqpc_643.dmhistory.par
Entering _validate for name=tool val=blanksky_sample (type=<class 'str'>) store=True
Validating dmhistory.tool val=blanksky_sample as ...
... something else
Setting dmhistory.tool to blanksky_sample (<class 'str'>)
_create_parfile_copy called for dmhistory with parfile=None
Copying par file /home/henry/miniforge3/envs/sigma-ciao-4.18/param/dmhistory.par to /home/henry/sigma-v19ck-rmf-diagnostic/v100/c3432/tmp/tmprpmw4vep.dmhistory.par
_update_parfile[dmhistory] called for /home/henry/sigma-v19ck-rmf-diagnostic/v100/c3432/tmp/tmprpmw4vep.dmhistory.par
Opening parameter file with mode=wLH: '/home/henry/sigma-v19ck-rmf-diagnostic/v100/c3432/tmp/tmprpmw4vep.dmhistory.par'
setting parameter infile type=f val=/home/henry/sigma-v19ck-rmf-diagnostic/v100/c3432/e/b.fits[sky=region(/home/henry/sigma-v19f-chandra/causal_observables_v19h_v100/BULLET/images/broad_flux/5358.fov)]
setting parameter tool type=s val=blanksky_sample
setting parameter outfile type=f val=stdout
setting parameter expand type=b val=True
setting parameter action type=s val=get
setting parameter clobber type=b val=False
setting parameter verbose type=i val=0
Verifying parameter settings
verifying parameter infile type=f is val=/home/henry/sigma-v19ck-rmf-diagnostic/v100/c3432/e/b.fits[sky=region(/home/henry/sigma-v19f-chandra/causal_observables_v19h_v100/BULLET/images/broad_flux/5358.fov)]
verifying parameter tool type=s is val=blanksky_sample
verifying parameter outfile type=f is val=stdout
verifying parameter expand type=b is val=True
verifying parameter action type=s is val=get
verifying parameter clobber type=b is val=False
verifying parameter verbose type=i is val=0
_update_parfile[dmhistory] returning {}
Running tool dmhistory using:
>>> dmhistory "/home/henry/sigma-v19ck-rmf-diagnostic/v100/c3432/e/b.fits[sky=region(/home/henry/sigma-v19f-chandra/causal_observables_v19h_v100/BULLET/images/broad_flux/5358.fov)]" blanksky_sample
***** Start of parameter file
** infile,f,a,"/home/henry/sigma-v19ck-rmf-diagnostic/v100/c3432/e/b.fits[sky=region(/home/henry/sigma-v19f-chandra/causal_observables_v19h_v100/BULLET/images/broad_flux/5358.fov)]",,,"Input file to get history from"
** tool,s,a,"blanksky_sample",,,"Tool name to extract history"
** outfile,f,h,"stdout",,,"Output file [stdout|stderr|FILENAME]"
** expand,b,h,yes,,,"Replace stacks in output string?"
** action,s,h,"get",get|put|pset,,"What to do with history"
** clobber,b,h,no,,,"Remove output file if it exists?"
** verbose,i,h,0,0,5,"Tool chatter level"
** mode,s,h,"hl",,,
***** End of parameter file
Starting dmhistory at Wed Aug  5 13:09:58 2026
dmhistory finished at Wed Aug  5 13:09:58 2026
Run time = < 1 sec
Return code = 255
***** Start of parameter file
** infile,f,a,"/home/henry/sigma-v19ck-rmf-diagnostic/v100/c3432/e/b.fits[sky=region(/home/henry/sigma-v19f-chandra/causal_observables_v19h_v100/BULLET/images/broad_flux/5358.fov)]",,,"Input file to get history from"
** tool,s,a,"blanksky_sample",,,"Tool name to extract history"
** outfile,f,h,"stdout",,,"Output file [stdout|stderr|FILENAME]"
** expand,b,h,yes,,,"Replace stacks in output string?"
** action,s,h,"get",get|put|pset,,"What to do with history"
** clobber,b,h,no,,,"Remove output file if it exists?"
** verbose,i,h,0,0,5,"Tool chatter level"
** mode,s,h,"hl",,,
***** End of parameter file
Deleting par file: /home/henry/sigma-v19ck-rmf-diagnostic/v100/c3432/tmp/tmprpmw4vep.dmhistory.par
Reading block information from /home/henry/sigma-v19ck-rmf-diagnostic/v100/c3432/e/b.fits[sky=region(/home/henry/sigma-v19f-chandra/causal_observables_v19h_v100/BULLET/images/broad_flux/5358.fov)][#row=0]
Opening file /home/henry/sigma-v19ck-rmf-diagnostic/v100/c3432/e/b.fits[sky=region(/home/henry/sigma-v19f-chandra/causal_observables_v19h_v100/BULLET/images/broad_flux/5358.fov)][#row=0]
Closing block 'EVENTS'
/home/henry/sigma-v19ck-rmf-diagnostic/v100/c3432/products/BULLET_bin384_obs5358_ccd0_bkg.pi AREASCAL keyword set to the inverse of the 'blanksky' BKGSCAL0 value for automated background spectrum scaling while spectral modeling or for background subtraction.
About to restore PFILES setting to /home/henry/sigma-v19ck-rmf-diagnostic/v100/c3432/pfiles;/home/henry/miniforge3/envs/sigma-ciao-4.18/param
Searching for P2_RESP calibration file...
Found the following P2_RESP file(s): /home/henry/miniforge3/envs/sigma-ciao-4.18/CALDB/data/chandra/acis/p2_resp/acisD2000-01-29p2_respN0009_119-120.fits
Using mkacisrmf...

Searching for P2_RESP calibration file...
Found the following P2_RESP file(s): /home/henry/miniforge3/envs/sigma-ciao-4.18/CALDB/data/chandra/acis/p2_resp/acisD2000-01-29p2_respN0009_119-120.fits
Using mkacisrmf...

About to overide user PFILES setting: ['/home/henry/sigma-v19ck-rmf-diagnostic/v100/c3432/pfiles'] from /home/henry/sigma-v19ck-rmf-diagnostic/v100/c3432/pfiles;/home/henry/miniforge3/envs/sigma-ciao-4.18/param
Setting up /home/henry/sigma-v19ck-rmf-diagnostic/v100/c3432/tmp/tmpdir_v6z3xga as new user PFILES directory
About to copy over ardlib parameter file: /home/henry/miniforge3/envs/sigma-ciao-4.18/param/ardlib.par
Calling punlearn on tool ardlib
Calling punlearn on tool acis_set_ardlib
Entering _validate for name=ArdlibDataPath val=$ASCDS_CALIB (type=<class 'str'>) store=True
Validating ardlib.ArdlibDataPath val=$ASCDS_CALIB as ...
... something else
Setting ardlib.ArdlibDataPath to $ASCDS_CALIB (<class 'str'>)
Entering _validate for name=GENERIC_EFFAREA_FILE val=xrt_ea_v2_0.fits (type=<class 'str'>) store=True
Validating ardlib.GENERIC_EFFAREA_FILE val=xrt_ea_v2_0.fits as ...
... something else
Setting ardlib.GENERIC_EFFAREA_FILE to xrt_ea_v2_0.fits (<class 'str'>)
Entering _validate for name=GENERIC_VIGNET_FILE val=/dev/null (type=<class 'str'>) store=True
Validating ardlib.GENERIC_VIGNET_FILE val=/dev/null as ...
... something else
Setting ardlib.GENERIC_VIGNET_FILE to /dev/null (<class 'str'>)
Entering _validate for name=AXAF_EFFAREA_FILE_0001 val=CALDB (type=<class 'str'>) store=True
Validating ardlib.AXAF_EFFAREA_FILE_0001 val=CALDB as ...
... something else
Setting ardlib.AXAF_EFFAREA_FILE_0001 to CALDB (<class 'str'>)
Entering _validate for name=AXAF_EFFAREA_FILE_0010 val=CALDB (type=<class 'str'>) store=True
Validating ardlib.AXAF_EFFAREA_FILE_0010 val=CALDB as ...
... something else
Setting ardlib.AXAF_EFFAREA_FILE_0010 to CALDB (<class 'str'>)
Entering _validate for name=AXAF_EFFAREA_FILE_0100 val=CALDB (type=<class 'str'>) store=True
Validating ardlib.AXAF_EFFAREA_FILE_0100 val=CALDB as ...
... something else
Setting ardlib.AXAF_EFFAREA_FILE_0100 to CALDB (<class 'str'>)
Entering _validate for name=AXAF_EFFAREA_FILE_1000 val=CALDB (type=<class 'str'>) store=True
Validating ardlib.AXAF_EFFAREA_FILE_1000 val=CALDB as ...
... something else
Setting ardlib.AXAF_EFFAREA_FILE_1000 to CALDB (<class 'str'>)
Entering _validate for name=AXAF_EFFAREA_FILE_1111 val=CALDB (type=<class 'str'>) store=True
Validating ardlib.AXAF_EFFAREA_FILE_1111 val=CALDB as ...
... something else
Setting ardlib.AXAF_EFFAREA_FILE_1111 to CALDB (<class 'str'>)
Entering _validate for name=AXAF_VIGNET_FILE_0001 val=CALDB (type=<class 'str'>) store=True
Validating ardlib.AXAF_VIGNET_FILE_0001 val=CALDB as ...
... something else
Setting ardlib.AXAF_VIGNET_FILE_0001 to CALDB (<class 'str'>)
Entering _validate for name=AXAF_VIGNET_FILE_0010 val=CALDB (type=<class 'str'>) store=True
Validating ardlib.AXAF_VIGNET_FILE_0010 val=CALDB as ...
... something else
Setting ardlib.AXAF_VIGNET_FILE_0010 to CALDB (<class 'str'>)
Entering _validate for name=AXAF_VIGNET_FILE_0100 val=CALDB (type=<class 'str'>) store=True
Validating ardlib.AXAF_VIGNET_FILE_0100 val=CALDB as ...
... something else
Setting ardlib.AXAF_VIGNET_FILE_0100 to CALDB (<class 'str'>)
Entering _validate for name=AXAF_VIGNET_FILE_1000 val=CALDB (type=<class 'str'>) store=True
Validating ardlib.AXAF_VIGNET_FILE_1000 val=CALDB as ...
... something else
Setting ardlib.AXAF_VIGNET_FILE_1000 to CALDB (<class 'str'>)
Entering _validate for name=AXAF_VIGNET_FILE_1111 val=CALDB (type=<class 'str'>) store=True
Validating ardlib.AXAF_VIGNET_FILE_1111 val=CALDB as ...
... something else
Setting ardlib.AXAF_VIGNET_FILE_1111 to CALDB (<class 'str'>)
Entering _validate for name=AXAF_ACIS0_QE_FILE val=CALDB (type=<class 'str'>) store=True
Validating ardlib.AXAF_ACIS0_QE_FILE val=CALDB as ...
... something else
Setting ardlib.AXAF_ACIS0_QE_FILE to CALDB (<class 'str'>)
Entering _validate for name=AXAF_ACIS1_QE_FILE val=CALDB (type=<class 'str'>) store=True
Validating ardlib.AXAF_ACIS1_QE_FILE val=CALDB as ...
... something else
Setting ardlib.AXAF_ACIS1_QE_FILE to CALDB (<class 'str'>)
Entering _validate for name=AXAF_ACIS2_QE_FILE val=CALDB (type=<class 'str'>) store=True
Validating ardlib.AXAF_ACIS2_QE_FILE val=CALDB as ...
... something else
Setting ardlib.AXAF_ACIS2_QE_FILE to CALDB (<class 'str'>)
Entering _validate for name=AXAF_ACIS3_QE_FILE val=CALDB (type=<class 'str'>) store=True
Validating ardlib.AXAF_ACIS3_QE_FILE val=CALDB as ...
... something else
Setting ardlib.AXAF_ACIS3_QE_FILE to CALDB (<class 'str'>)
Entering _validate for name=AXAF_ACIS4_QE_FILE val=CALDB (type=<class 'str'>) store=True
Validating ardlib.AXAF_ACIS4_QE_FILE val=CALDB as ...
... something else
Setting ardlib.AXAF_ACIS4_QE_FILE to CALDB (<class 'str'>)
Entering _validate for name=AXAF_ACIS5_QE_FILE val=CALDB (type=<class 'str'>) store=True
Validating ardlib.AXAF_ACIS5_QE_FILE val=CALDB as ...
... something else
Setting ardlib.AXAF_ACIS5_QE_FILE to CALDB (<class 'str'>)
Entering _validate for name=AXAF_ACIS6_QE_FILE val=CALDB (type=<class 'str'>) store=True
Validating ardlib.AXAF_ACIS6_QE_FILE val=CALDB as ...
... something else
Setting ardlib.AXAF_ACIS6_QE_FILE to CALDB (<class 'str'>)
Entering _validate for name=AXAF_ACIS7_QE_FILE val=CALDB (type=<class 'str'>) store=True
Validating ardlib.AXAF_ACIS7_QE_FILE val=CALDB as ...
... something else
Setting ardlib.AXAF_ACIS7_QE_FILE to CALDB (<class 'str'>)
Entering _validate for name=AXAF_ACIS8_QE_FILE val=CALDB (type=<class 'str'>) store=True
Validating ardlib.AXAF_ACIS8_QE_FILE val=CALDB as ...
... something else
Setting ardlib.AXAF_ACIS8_QE_FILE to CALDB (<class 'str'>)
Entering _validate for name=AXAF_ACIS9_QE_FILE val=CALDB (type=<class 'str'>) store=True
Validating ardlib.AXAF_ACIS9_QE_FILE val=CALDB as ...
... something else
Setting ardlib.AXAF_ACIS9_QE_FILE to CALDB (<class 'str'>)
Entering _validate for name=AXAF_ACIS0_QEU_FILE val=CALDB (type=<class 'str'>) store=True
Validating ardlib.AXAF_ACIS0_QEU_FILE val=CALDB as ...
... something else
Setting ardlib.AXAF_ACIS0_QEU_FILE to CALDB (<class 'str'>)
Entering _validate for name=AXAF_ACIS1_QEU_FILE val=CALDB (type=<class 'str'>) store=True
Validating ardlib.AXAF_ACIS1_QEU_FILE val=CALDB as ...
... something else
Setting ardlib.AXAF_ACIS1_QEU_FILE to CALDB (<class 'str'>)
Entering _validate for name=AXAF_ACIS2_QEU_FILE val=CALDB (type=<class 'str'>) store=True
Validating ardlib.AXAF_ACIS2_QEU_FILE val=CALDB as ...
... something else
Setting ardlib.AXAF_ACIS2_QEU_FILE to CALDB (<class 'str'>)
Entering _validate for name=AXAF_ACIS3_QEU_FILE val=CALDB (type=<class 'str'>) store=True
Validating ardlib.AXAF_ACIS3_QEU_FILE val=CALDB as ...
... something else
Setting ardlib.AXAF_ACIS3_QEU_FILE to CALDB (<class 'str'>)
Entering _validate for name=AXAF_ACIS4_QEU_FILE val=CALDB (type=<class 'str'>) store=True
Validating ardlib.AXAF_ACIS4_QEU_FILE val=CALDB as ...
... something else
Setting ardlib.AXAF_ACIS4_QEU_FILE to CALDB (<class 'str'>)
Entering _validate for name=AXAF_ACIS5_QEU_FILE val=CALDB (type=<class 'str'>) store=True
Validating ardlib.AXAF_ACIS5_QEU_FILE val=CALDB as ...
... something else
Setting ardlib.AXAF_ACIS5_QEU_FILE to CALDB (<class 'str'>)
Entering _validate for name=AXAF_ACIS6_QEU_FILE val=CALDB (type=<class 'str'>) store=True
Validating ardlib.AXAF_ACIS6_QEU_FILE val=CALDB as ...
... something else
Setting ardlib.AXAF_ACIS6_QEU_FILE to CALDB (<class 'str'>)
Entering _validate for name=AXAF_ACIS7_QEU_FILE val=CALDB (type=<class 'str'>) store=True
Validating ardlib.AXAF_ACIS7_QEU_FILE val=CALDB as ...
... something else
Setting ardlib.AXAF_ACIS7_QEU_FILE to CALDB (<class 'str'>)
Entering _validate for name=AXAF_ACIS8_QEU_FILE val=CALDB (type=<class 'str'>) store=True
Validating ardlib.AXAF_ACIS8_QEU_FILE val=CALDB as ...
... something else
Setting ardlib.AXAF_ACIS8_QEU_FILE to CALDB (<class 'str'>)
Entering _validate for name=AXAF_ACIS9_QEU_FILE val=CALDB (type=<class 'str'>) store=True
Validating ardlib.AXAF_ACIS9_QEU_FILE val=CALDB as ...
... something else
Setting ardlib.AXAF_ACIS9_QEU_FILE to CALDB (<class 'str'>)
Entering _validate for name=AXAF_ACIS0_BADPIX_FILE val=CALDB (type=<class 'str'>) store=True
Validating ardlib.AXAF_ACIS0_BADPIX_FILE val=CALDB as ...
... something else
Setting ardlib.AXAF_ACIS0_BADPIX_FILE to CALDB (<class 'str'>)
Entering _validate for name=AXAF_ACIS1_BADPIX_FILE val=CALDB (type=<class 'str'>) store=True
Validating ardlib.AXAF_ACIS1_BADPIX_FILE val=CALDB as ...
... something else
Setting ardlib.AXAF_ACIS1_BADPIX_FILE to CALDB (<class 'str'>)
Entering _validate for name=AXAF_ACIS2_BADPIX_FILE val=CALDB (type=<class 'str'>) store=True
Validating ardlib.AXAF_ACIS2_BADPIX_FILE val=CALDB as ...
... something else
Setting ardlib.AXAF_ACIS2_BADPIX_FILE to CALDB (<class 'str'>)
Entering _validate for name=AXAF_ACIS3_BADPIX_FILE val=CALDB (type=<class 'str'>) store=True
Validating ardlib.AXAF_ACIS3_BADPIX_FILE val=CALDB as ...
... something else
Setting ardlib.AXAF_ACIS3_BADPIX_FILE to CALDB (<class 'str'>)
Entering _validate for name=AXAF_ACIS4_BADPIX_FILE val=CALDB (type=<class 'str'>) store=True
Validating ardlib.AXAF_ACIS4_BADPIX_FILE val=CALDB as ...
... something else
Setting ardlib.AXAF_ACIS4_BADPIX_FILE to CALDB (<class 'str'>)
Entering _validate for name=AXAF_ACIS5_BADPIX_FILE val=CALDB (type=<class 'str'>) store=True
Validating ardlib.AXAF_ACIS5_BADPIX_FILE val=CALDB as ...
... something else
Setting ardlib.AXAF_ACIS5_BADPIX_FILE to CALDB (<class 'str'>)
Entering _validate for name=AXAF_ACIS6_BADPIX_FILE val=CALDB (type=<class 'str'>) store=True
Validating ardlib.AXAF_ACIS6_BADPIX_FILE val=CALDB as ...
... something else
Setting ardlib.AXAF_ACIS6_BADPIX_FILE to CALDB (<class 'str'>)
Entering _validate for name=AXAF_ACIS7_BADPIX_FILE val=CALDB (type=<class 'str'>) store=True
Validating ardlib.AXAF_ACIS7_BADPIX_FILE val=CALDB as ...
... something else
Setting ardlib.AXAF_ACIS7_BADPIX_FILE to CALDB (<class 'str'>)
Entering _validate for name=AXAF_ACIS8_BADPIX_FILE val=CALDB (type=<class 'str'>) store=True
Validating ardlib.AXAF_ACIS8_BADPIX_FILE val=CALDB as ...
... something else
Setting ardlib.AXAF_ACIS8_BADPIX_FILE to CALDB (<class 'str'>)
Entering _validate for name=AXAF_ACIS9_BADPIX_FILE val=CALDB (type=<class 'str'>) store=True
Validating ardlib.AXAF_ACIS9_BADPIX_FILE val=CALDB as ...
... something else
Setting ardlib.AXAF_ACIS9_BADPIX_FILE to CALDB (<class 'str'>)
Entering _validate for name=AXAF_ACIS0_CONTAM_FILE val=CALDB (type=<class 'str'>) store=True
Validating ardlib.AXAF_ACIS0_CONTAM_FILE val=CALDB as ...
... something else
Setting ardlib.AXAF_ACIS0_CONTAM_FILE to CALDB (<class 'str'>)
Entering _validate for name=AXAF_ACIS1_CONTAM_FILE val=CALDB (type=<class 'str'>) store=True
Validating ardlib.AXAF_ACIS1_CONTAM_FILE val=CALDB as ...
... something else
Setting ardlib.AXAF_ACIS1_CONTAM_FILE to CALDB (<class 'str'>)
Entering _validate for name=AXAF_ACIS2_CONTAM_FILE val=CALDB (type=<class 'str'>) store=True
Validating ardlib.AXAF_ACIS2_CONTAM_FILE val=CALDB as ...
... something else
Setting ardlib.AXAF_ACIS2_CONTAM_FILE to CALDB (<class 'str'>)
Entering _validate for name=AXAF_ACIS3_CONTAM_FILE val=CALDB (type=<class 'str'>) store=True
Validating ardlib.AXAF_ACIS3_CONTAM_FILE val=CALDB as ...
... something else
Setting ardlib.AXAF_ACIS3_CONTAM_FILE to CALDB (<class 'str'>)
Entering _validate for name=AXAF_ACIS4_CONTAM_FILE val=CALDB (type=<class 'str'>) store=True
Validating ardlib.AXAF_ACIS4_CONTAM_FILE val=CALDB as ...
... something else
Setting ardlib.AXAF_ACIS4_CONTAM_FILE to CALDB (<class 'str'>)
Entering _validate for name=AXAF_ACIS5_CONTAM_FILE val=CALDB (type=<class 'str'>) store=True
Validating ardlib.AXAF_ACIS5_CONTAM_FILE val=CALDB as ...
... something else
Setting ardlib.AXAF_ACIS5_CONTAM_FILE to CALDB (<class 'str'>)
Entering _validate for name=AXAF_ACIS6_CONTAM_FILE val=CALDB (type=<class 'str'>) store=True
Validating ardlib.AXAF_ACIS6_CONTAM_FILE val=CALDB as ...
... something else
Setting ardlib.AXAF_ACIS6_CONTAM_FILE to CALDB (<class 'str'>)
Entering _validate for name=AXAF_ACIS7_CONTAM_FILE val=CALDB (type=<class 'str'>) store=True
Validating ardlib.AXAF_ACIS7_CONTAM_FILE val=CALDB as ...
... something else
Setting ardlib.AXAF_ACIS7_CONTAM_FILE to CALDB (<class 'str'>)
Entering _validate for name=AXAF_ACIS8_CONTAM_FILE val=CALDB (type=<class 'str'>) store=True
Validating ardlib.AXAF_ACIS8_CONTAM_FILE val=CALDB as ...
... something else
Setting ardlib.AXAF_ACIS8_CONTAM_FILE to CALDB (<class 'str'>)
Entering _validate for name=AXAF_ACIS9_CONTAM_FILE val=CALDB (type=<class 'str'>) store=True
Validating ardlib.AXAF_ACIS9_CONTAM_FILE val=CALDB as ...
... something else
Setting ardlib.AXAF_ACIS9_CONTAM_FILE to CALDB (<class 'str'>)
Entering _validate for name=AXAF_HRC_I_QE_FILE val=CALDB (type=<class 'str'>) store=True
Validating ardlib.AXAF_HRC_I_QE_FILE val=CALDB as ...
... something else
Setting ardlib.AXAF_HRC_I_QE_FILE to CALDB (<class 'str'>)
Entering _validate for name=AXAF_HRC_I_QEU_FILE val=CALDB (type=<class 'str'>) store=True
Validating ardlib.AXAF_HRC_I_QEU_FILE val=CALDB as ...
... something else
Setting ardlib.AXAF_HRC_I_QEU_FILE to CALDB (<class 'str'>)
Entering _validate for name=AXAF_HRC_I_BADPIX_FILE val=NONE (type=<class 'str'>) store=True
Validating ardlib.AXAF_HRC_I_BADPIX_FILE val=NONE as ...
... something else
Setting ardlib.AXAF_HRC_I_BADPIX_FILE to NONE (<class 'str'>)
Entering _validate for name=AXAF_HRC_S1_QE_FILE val=CALDB (type=<class 'str'>) store=True
Validating ardlib.AXAF_HRC_S1_QE_FILE val=CALDB as ...
... something else
Setting ardlib.AXAF_HRC_S1_QE_FILE to CALDB (<class 'str'>)
Entering _validate for name=AXAF_HRC_S2_QE_FILE val=CALDB (type=<class 'str'>) store=True
Validating ardlib.AXAF_HRC_S2_QE_FILE val=CALDB as ...
... something else
Setting ardlib.AXAF_HRC_S2_QE_FILE to CALDB (<class 'str'>)
Entering _validate for name=AXAF_HRC_S3_QE_FILE val=CALDB (type=<class 'str'>) store=True
Validating ardlib.AXAF_HRC_S3_QE_FILE val=CALDB as ...
... something else
Setting ardlib.AXAF_HRC_S3_QE_FILE to CALDB (<class 'str'>)
Entering _validate for name=AXAF_HRC_S1_QEU_FILE val=CALDB (type=<class 'str'>) store=True
Validating ardlib.AXAF_HRC_S1_QEU_FILE val=CALDB as ...
... something else
Setting ardlib.AXAF_HRC_S1_QEU_FILE to CALDB (<class 'str'>)
Entering _validate for name=AXAF_HRC_S2_QEU_FILE val=CALDB (type=<class 'str'>) store=True
Validating ardlib.AXAF_HRC_S2_QEU_FILE val=CALDB as ...
... something else
Setting ardlib.AXAF_HRC_S2_QEU_FILE to CALDB (<class 'str'>)
Entering _validate for name=AXAF_HRC_S3_QEU_FILE val=CALDB (type=<class 'str'>) store=True
Validating ardlib.AXAF_HRC_S3_QEU_FILE val=CALDB as ...
... something else
Setting ardlib.AXAF_HRC_S3_QEU_FILE to CALDB (<class 'str'>)
Entering _validate for name=AXAF_HRC_S_BADPIX_FILE val=NONE (type=<class 'str'>) store=True
Validating ardlib.AXAF_HRC_S_BADPIX_FILE val=NONE as ...
... something else
Setting ardlib.AXAF_HRC_S_BADPIX_FILE to NONE (<class 'str'>)
Entering _validate for name=AXAF_HETG_1000_FILE val=CALDB (type=<class 'str'>) store=True
Validating ardlib.AXAF_HETG_1000_FILE val=CALDB as ...
... something else
Setting ardlib.AXAF_HETG_1000_FILE to CALDB (<class 'str'>)
Entering _validate for name=AXAF_HETG_0100_FILE val=CALDB (type=<class 'str'>) store=True
Validating ardlib.AXAF_HETG_0100_FILE val=CALDB as ...
... something else
Setting ardlib.AXAF_HETG_0100_FILE to CALDB (<class 'str'>)
Entering _validate for name=AXAF_HETG_0010_FILE val=CALDB (type=<class 'str'>) store=True
Validating ardlib.AXAF_HETG_0010_FILE val=CALDB as ...
... something else
Setting ardlib.AXAF_HETG_0010_FILE to CALDB (<class 'str'>)
Entering _validate for name=AXAF_HETG_0001_FILE val=CALDB (type=<class 'str'>) store=True
Validating ardlib.AXAF_HETG_0001_FILE val=CALDB as ...
... something else
Setting ardlib.AXAF_HETG_0001_FILE to CALDB (<class 'str'>)
Entering _validate for name=AXAF_LETG_1000_FILE val=CALDB (type=<class 'str'>) store=True
Validating ardlib.AXAF_LETG_1000_FILE val=CALDB as ...
... something else
Setting ardlib.AXAF_LETG_1000_FILE to CALDB (<class 'str'>)
Entering _validate for name=AXAF_LETG_0100_FILE val=CALDB (type=<class 'str'>) store=True
Validating ardlib.AXAF_LETG_0100_FILE val=CALDB as ...
... something else
Setting ardlib.AXAF_LETG_0100_FILE to CALDB (<class 'str'>)
Entering _validate for name=AXAF_LETG_0010_FILE val=CALDB (type=<class 'str'>) store=True
Validating ardlib.AXAF_LETG_0010_FILE val=CALDB as ...
... something else
Setting ardlib.AXAF_LETG_0010_FILE to CALDB (<class 'str'>)
Entering _validate for name=AXAF_LETG_0001_FILE val=CALDB (type=<class 'str'>) store=True
Validating ardlib.AXAF_LETG_0001_FILE val=CALDB as ...
... something else
Setting ardlib.AXAF_LETG_0001_FILE to CALDB (<class 'str'>)
Entering _validate for name=AXAF_HETG_1100_LSF_FILE val=CALDB (type=<class 'str'>) store=True
Validating ardlib.AXAF_HETG_1100_LSF_FILE val=CALDB as ...
... something else
Setting ardlib.AXAF_HETG_1100_LSF_FILE to CALDB (<class 'str'>)
Entering _validate for name=AXAF_HETG_0011_LSF_FILE val=CALDB (type=<class 'str'>) store=True
Validating ardlib.AXAF_HETG_0011_LSF_FILE val=CALDB as ...
... something else
Setting ardlib.AXAF_HETG_0011_LSF_FILE to CALDB (<class 'str'>)
Entering _validate for name=AXAF_LETG_1111_LSF_FILE val=CALDB (type=<class 'str'>) store=True
Validating ardlib.AXAF_LETG_1111_LSF_FILE val=CALDB as ...
... something else
Setting ardlib.AXAF_LETG_1111_LSF_FILE to CALDB (<class 'str'>)
Entering _validate for name=AXAF_RMF_FILE val=CALDB (type=<class 'str'>) store=True
Validating ardlib.AXAF_RMF_FILE val=CALDB as ...
... something else
Setting ardlib.AXAF_RMF_FILE to CALDB (<class 'str'>)
Entering _validate for name=AXAF_GAIN_FILE val=CALDB (type=<class 'str'>) store=True
Validating ardlib.AXAF_GAIN_FILE val=CALDB as ...
... something else
Setting ardlib.AXAF_GAIN_FILE to CALDB (<class 'str'>)
Read from the ardlib parameter file
Calling punlearn on tool acis_set_ardlib
Entering _validate for name=badpixfile val=/home/henry/sigma-v19f-chandra/repro/BULLET/5358/acisf05358_repro_bpix1.fits (type=<class 'str'>) store=True
Validating acis_set_ardlib.badpixfile val=/home/henry/sigma-v19f-chandra/repro/BULLET/5358/acisf05358_repro_bpix1.fits as ...
... something else
Setting acis_set_ardlib.badpixfile to /home/henry/sigma-v19f-chandra/repro/BULLET/5358/acisf05358_repro_bpix1.fits (<class 'str'>)
Entering _validate for name=verbose val=5 (type=<class 'int'>) store=True
Validating acis_set_ardlib.verbose val=5 as ...
... an integer
Validating acis_set_ardlib.verbose val=5 against min/max=0/5
Setting acis_set_ardlib.verbose to 5 (<class 'int'>)
_create_parfile_copy called for acis_set_ardlib with parfile=None
Copying par file /home/henry/miniforge3/envs/sigma-ciao-4.18/param/acis_set_ardlib.par to /home/henry/sigma-v19ck-rmf-diagnostic/v100/c3432/tmp/tmpd2q1zgbh.acis_set_ardlib.par
_update_parfile[acis_set_ardlib] called for /home/henry/sigma-v19ck-rmf-diagnostic/v100/c3432/tmp/tmpd2q1zgbh.acis_set_ardlib.par
Opening parameter file with mode=wLH: '/home/henry/sigma-v19ck-rmf-diagnostic/v100/c3432/tmp/tmpd2q1zgbh.acis_set_ardlib.par'
setting parameter badpixfile type=f val=/home/henry/sigma-v19f-chandra/repro/BULLET/5358/acisf05358_repro_bpix1.fits
setting parameter absolutepath type=b val=True
setting parameter ardlibfile type=f val=ardlib
setting parameter verbose type=i val=5
Verifying parameter settings
verifying parameter badpixfile type=f is val=/home/henry/sigma-v19f-chandra/repro/BULLET/5358/acisf05358_repro_bpix1.fits
verifying parameter absolutepath type=b is val=True
verifying parameter ardlibfile type=f is val=ardlib
verifying parameter verbose type=i is val=5
_update_parfile[acis_set_ardlib] returning {}
Running tool acis_set_ardlib using:
>>> acis_set_ardlib /home/henry/sigma-v19f-chandra/repro/BULLET/5358/acisf05358_repro_bpix1.fits verbose=5
***** Start of parameter file
** badpixfile,f,a,"/home/henry/sigma-v19f-chandra/repro/BULLET/5358/acisf05358_repro_bpix1.fits",,,"Bad pixel file for the observation"
** absolutepath,b,h,yes,,,"Use an absolute path in the parameter file"
** ardlibfile,f,h,"ardlib",,,"Parameter file to change"
** verbose,i,h,5,0,5,"Verbosity (0 for no screen output)"
** mode,s,h,"hl",,,
***** End of parameter file
Starting acis_set_ardlib at Wed Aug  5 13:09:59 2026
acis_set_ardlib finished at Wed Aug  5 13:09:59 2026
Run time = < 1 sec
Return code = 0
***** Start of parameter file
** badpixfile,f,a,"/home/henry/sigma-v19f-chandra/repro/BULLET/5358/acisf05358_repro_bpix1.fits",,,"Bad pixel file for the observation"
** absolutepath,b,h,yes,,,"Use an absolute path in the parameter file"
** ardlibfile,f,h,"ardlib",,,"Parameter file to change"
** verbose,i,h,5,0,5,"Verbosity (0 for no screen output)"
** mode,s,h,"hl",,,
***** End of parameter file
Entering _validate for name=badpixfile val=/home/henry/sigma-v19f-chandra/repro/BULLET/5358/acisf05358_repro_bpix1.fits (type=<class 'str'>) store=True
Validating acis_set_ardlib.badpixfile val=/home/henry/sigma-v19f-chandra/repro/BULLET/5358/acisf05358_repro_bpix1.fits as ...
... something else
Setting acis_set_ardlib.badpixfile to /home/henry/sigma-v19f-chandra/repro/BULLET/5358/acisf05358_repro_bpix1.fits (<class 'str'>)
Entering _validate for name=absolutepath val=yes (type=<class 'str'>) store=True
Validating acis_set_ardlib.absolutepath val=yes as ...
... a boolean
Setting acis_set_ardlib.absolutepath to True (<class 'bool'>)
Entering _validate for name=ardlibfile val=ardlib (type=<class 'str'>) store=True
Validating acis_set_ardlib.ardlibfile val=ardlib as ...
... something else
Setting acis_set_ardlib.ardlibfile to ardlib (<class 'str'>)
Entering _validate for name=verbose val=5 (type=<class 'str'>) store=True
Validating acis_set_ardlib.verbose val=5 as ...
... an integer
Validating acis_set_ardlib.verbose val=5 against min/max=0/5
Setting acis_set_ardlib.verbose to 5 (<class 'int'>)
Read parameters for acis_set_ardlib from /home/henry/sigma-v19ck-rmf-diagnostic/v100/c3432/tmp/tmpd2q1zgbh.acis_set_ardlib.par
Deleting par file: /home/henry/sigma-v19ck-rmf-diagnostic/v100/c3432/tmp/tmpd2q1zgbh.acis_set_ardlib.par
_update_parfile[ardlib] called for ardlib
Opening parameter file with mode=wLH: 'ardlib'
setting parameter ArdlibDataPath type=s val=$ASCDS_CALIB
setting parameter GENERIC_EFFAREA_FILE type=f val=xrt_ea_v2_0.fits
setting parameter GENERIC_VIGNET_FILE type=f val=/dev/null
setting parameter AXAF_EFFAREA_FILE_0001 type=f val=CALDB
setting parameter AXAF_EFFAREA_FILE_0010 type=f val=CALDB
setting parameter AXAF_EFFAREA_FILE_0100 type=f val=CALDB
setting parameter AXAF_EFFAREA_FILE_1000 type=f val=CALDB
setting parameter AXAF_EFFAREA_FILE_1111 type=f val=CALDB
setting parameter AXAF_VIGNET_FILE_0001 type=f val=CALDB
setting parameter AXAF_VIGNET_FILE_0010 type=f val=CALDB
setting parameter AXAF_VIGNET_FILE_0100 type=f val=CALDB
setting parameter AXAF_VIGNET_FILE_1000 type=f val=CALDB
setting parameter AXAF_VIGNET_FILE_1111 type=f val=CALDB
setting parameter AXAF_ACIS0_QE_FILE type=f val=CALDB
setting parameter AXAF_ACIS1_QE_FILE type=f val=CALDB
setting parameter AXAF_ACIS2_QE_FILE type=f val=CALDB
setting parameter AXAF_ACIS3_QE_FILE type=f val=CALDB
setting parameter AXAF_ACIS4_QE_FILE type=f val=CALDB
setting parameter AXAF_ACIS5_QE_FILE type=f val=CALDB
setting parameter AXAF_ACIS6_QE_FILE type=f val=CALDB
setting parameter AXAF_ACIS7_QE_FILE type=f val=CALDB
setting parameter AXAF_ACIS8_QE_FILE type=f val=CALDB
setting parameter AXAF_ACIS9_QE_FILE type=f val=CALDB
setting parameter AXAF_ACIS0_QEU_FILE type=f val=CALDB
setting parameter AXAF_ACIS1_QEU_FILE type=f val=CALDB
setting parameter AXAF_ACIS2_QEU_FILE type=f val=CALDB
setting parameter AXAF_ACIS3_QEU_FILE type=f val=CALDB
setting parameter AXAF_ACIS4_QEU_FILE type=f val=CALDB
setting parameter AXAF_ACIS5_QEU_FILE type=f val=CALDB
setting parameter AXAF_ACIS6_QEU_FILE type=f val=CALDB
setting parameter AXAF_ACIS7_QEU_FILE type=f val=CALDB
setting parameter AXAF_ACIS8_QEU_FILE type=f val=CALDB
setting parameter AXAF_ACIS9_QEU_FILE type=f val=CALDB
setting parameter AXAF_ACIS0_BADPIX_FILE type=f val=CALDB
setting parameter AXAF_ACIS1_BADPIX_FILE type=f val=CALDB
setting parameter AXAF_ACIS2_BADPIX_FILE type=f val=CALDB
setting parameter AXAF_ACIS3_BADPIX_FILE type=f val=CALDB
setting parameter AXAF_ACIS4_BADPIX_FILE type=f val=CALDB
setting parameter AXAF_ACIS5_BADPIX_FILE type=f val=CALDB
setting parameter AXAF_ACIS6_BADPIX_FILE type=f val=CALDB
setting parameter AXAF_ACIS7_BADPIX_FILE type=f val=CALDB
setting parameter AXAF_ACIS8_BADPIX_FILE type=f val=CALDB
setting parameter AXAF_ACIS9_BADPIX_FILE type=f val=CALDB
setting parameter AXAF_ACIS0_CONTAM_FILE type=f val=CALDB
setting parameter AXAF_ACIS1_CONTAM_FILE type=f val=CALDB
setting parameter AXAF_ACIS2_CONTAM_FILE type=f val=CALDB
setting parameter AXAF_ACIS3_CONTAM_FILE type=f val=CALDB
setting parameter AXAF_ACIS4_CONTAM_FILE type=f val=CALDB
setting parameter AXAF_ACIS5_CONTAM_FILE type=f val=CALDB
setting parameter AXAF_ACIS6_CONTAM_FILE type=f val=CALDB
setting parameter AXAF_ACIS7_CONTAM_FILE type=f val=CALDB
setting parameter AXAF_ACIS8_CONTAM_FILE type=f val=CALDB
setting parameter AXAF_ACIS9_CONTAM_FILE type=f val=CALDB
setting parameter AXAF_HRC_I_QE_FILE->AXAF_HRC-I_QE_FILE type=f val=CALDB
setting parameter AXAF_HRC_I_QEU_FILE->AXAF_HRC-I_QEU_FILE type=f val=CALDB
setting parameter AXAF_HRC_I_BADPIX_FILE->AXAF_HRC-I_BADPIX_FILE type=f val=NONE
setting parameter AXAF_HRC_S1_QE_FILE->AXAF_HRC-S1_QE_FILE type=f val=CALDB
setting parameter AXAF_HRC_S2_QE_FILE->AXAF_HRC-S2_QE_FILE type=f val=CALDB
setting parameter AXAF_HRC_S3_QE_FILE->AXAF_HRC-S3_QE_FILE type=f val=CALDB
setting parameter AXAF_HRC_S1_QEU_FILE->AXAF_HRC-S1_QEU_FILE type=f val=CALDB
setting parameter AXAF_HRC_S2_QEU_FILE->AXAF_HRC-S2_QEU_FILE type=f val=CALDB
setting parameter AXAF_HRC_S3_QEU_FILE->AXAF_HRC-S3_QEU_FILE type=f val=CALDB
setting parameter AXAF_HRC_S_BADPIX_FILE->AXAF_HRC-S_BADPIX_FILE type=f val=NONE
setting parameter AXAF_HETG_1000_FILE type=f val=CALDB
setting parameter AXAF_HETG_0100_FILE type=f val=CALDB
setting parameter AXAF_HETG_0010_FILE type=f val=CALDB
setting parameter AXAF_HETG_0001_FILE type=f val=CALDB
setting parameter AXAF_LETG_1000_FILE type=f val=CALDB
setting parameter AXAF_LETG_0100_FILE type=f val=CALDB
setting parameter AXAF_LETG_0010_FILE type=f val=CALDB
setting parameter AXAF_LETG_0001_FILE type=f val=CALDB
setting parameter AXAF_HETG_1100_LSF_FILE type=f val=CALDB
setting parameter AXAF_HETG_0011_LSF_FILE type=f val=CALDB
setting parameter AXAF_LETG_1111_LSF_FILE type=f val=CALDB
setting parameter AXAF_RMF_FILE type=f val=CALDB
setting parameter AXAF_GAIN_FILE type=f val=CALDB
Verifying parameter settings
verifying parameter ArdlibDataPath type=s is val=$ASCDS_CALIB
verifying parameter GENERIC_EFFAREA_FILE type=f is val=xrt_ea_v2_0.fits
verifying parameter GENERIC_VIGNET_FILE type=f is val=/dev/null
verifying parameter AXAF_EFFAREA_FILE_0001 type=f is val=CALDB
verifying parameter AXAF_EFFAREA_FILE_0010 type=f is val=CALDB
verifying parameter AXAF_EFFAREA_FILE_0100 type=f is val=CALDB
verifying parameter AXAF_EFFAREA_FILE_1000 type=f is val=CALDB
verifying parameter AXAF_EFFAREA_FILE_1111 type=f is val=CALDB
verifying parameter AXAF_VIGNET_FILE_0001 type=f is val=CALDB
verifying parameter AXAF_VIGNET_FILE_0010 type=f is val=CALDB
verifying parameter AXAF_VIGNET_FILE_0100 type=f is val=CALDB
verifying parameter AXAF_VIGNET_FILE_1000 type=f is val=CALDB
verifying parameter AXAF_VIGNET_FILE_1111 type=f is val=CALDB
verifying parameter AXAF_ACIS0_QE_FILE type=f is val=CALDB
verifying parameter AXAF_ACIS1_QE_FILE type=f is val=CALDB
verifying parameter AXAF_ACIS2_QE_FILE type=f is val=CALDB
verifying parameter AXAF_ACIS3_QE_FILE type=f is val=CALDB
verifying parameter AXAF_ACIS4_QE_FILE type=f is val=CALDB
verifying parameter AXAF_ACIS5_QE_FILE type=f is val=CALDB
verifying parameter AXAF_ACIS6_QE_FILE type=f is val=CALDB
verifying parameter AXAF_ACIS7_QE_FILE type=f is val=CALDB
verifying parameter AXAF_ACIS8_QE_FILE type=f is val=CALDB
verifying parameter AXAF_ACIS9_QE_FILE type=f is val=CALDB
verifying parameter AXAF_ACIS0_QEU_FILE type=f is val=CALDB
verifying parameter AXAF_ACIS1_QEU_FILE type=f is val=CALDB
verifying parameter AXAF_ACIS2_QEU_FILE type=f is val=CALDB
verifying parameter AXAF_ACIS3_QEU_FILE type=f is val=CALDB
verifying parameter AXAF_ACIS4_QEU_FILE type=f is val=CALDB
verifying parameter AXAF_ACIS5_QEU_FILE type=f is val=CALDB
verifying parameter AXAF_ACIS6_QEU_FILE type=f is val=CALDB
verifying parameter AXAF_ACIS7_QEU_FILE type=f is val=CALDB
verifying parameter AXAF_ACIS8_QEU_FILE type=f is val=CALDB
verifying parameter AXAF_ACIS9_QEU_FILE type=f is val=CALDB
verifying parameter AXAF_ACIS0_BADPIX_FILE type=f is val=CALDB
verifying parameter AXAF_ACIS1_BADPIX_FILE type=f is val=CALDB
verifying parameter AXAF_ACIS2_BADPIX_FILE type=f is val=CALDB
verifying parameter AXAF_ACIS3_BADPIX_FILE type=f is val=CALDB
verifying parameter AXAF_ACIS4_BADPIX_FILE type=f is val=CALDB
verifying parameter AXAF_ACIS5_BADPIX_FILE type=f is val=CALDB
verifying parameter AXAF_ACIS6_BADPIX_FILE type=f is val=CALDB
verifying parameter AXAF_ACIS7_BADPIX_FILE type=f is val=CALDB
verifying parameter AXAF_ACIS8_BADPIX_FILE type=f is val=CALDB
verifying parameter AXAF_ACIS9_BADPIX_FILE type=f is val=CALDB
verifying parameter AXAF_ACIS0_CONTAM_FILE type=f is val=CALDB
verifying parameter AXAF_ACIS1_CONTAM_FILE type=f is val=CALDB
verifying parameter AXAF_ACIS2_CONTAM_FILE type=f is val=CALDB
verifying parameter AXAF_ACIS3_CONTAM_FILE type=f is val=CALDB
verifying parameter AXAF_ACIS4_CONTAM_FILE type=f is val=CALDB
verifying parameter AXAF_ACIS5_CONTAM_FILE type=f is val=CALDB
verifying parameter AXAF_ACIS6_CONTAM_FILE type=f is val=CALDB
verifying parameter AXAF_ACIS7_CONTAM_FILE type=f is val=CALDB
verifying parameter AXAF_ACIS8_CONTAM_FILE type=f is val=CALDB
verifying parameter AXAF_ACIS9_CONTAM_FILE type=f is val=CALDB
verifying parameter AXAF_HRC_I_QE_FILE<-AXAF_HRC-I_QE_FILE type=f is val=CALDB
verifying parameter AXAF_HRC_I_QEU_FILE<-AXAF_HRC-I_QEU_FILE type=f is val=CALDB
verifying parameter AXAF_HRC_I_BADPIX_FILE<-AXAF_HRC-I_BADPIX_FILE type=f is val=NONE
verifying parameter AXAF_HRC_S1_QE_FILE<-AXAF_HRC-S1_QE_FILE type=f is val=CALDB
verifying parameter AXAF_HRC_S2_QE_FILE<-AXAF_HRC-S2_QE_FILE type=f is val=CALDB
verifying parameter AXAF_HRC_S3_QE_FILE<-AXAF_HRC-S3_QE_FILE type=f is val=CALDB
verifying parameter AXAF_HRC_S1_QEU_FILE<-AXAF_HRC-S1_QEU_FILE type=f is val=CALDB
verifying parameter AXAF_HRC_S2_QEU_FILE<-AXAF_HRC-S2_QEU_FILE type=f is val=CALDB
verifying parameter AXAF_HRC_S3_QEU_FILE<-AXAF_HRC-S3_QEU_FILE type=f is val=CALDB
verifying parameter AXAF_HRC_S_BADPIX_FILE<-AXAF_HRC-S_BADPIX_FILE type=f is val=NONE
verifying parameter AXAF_HETG_1000_FILE type=f is val=CALDB
verifying parameter AXAF_HETG_0100_FILE type=f is val=CALDB
verifying parameter AXAF_HETG_0010_FILE type=f is val=CALDB
verifying parameter AXAF_HETG_0001_FILE type=f is val=CALDB
verifying parameter AXAF_LETG_1000_FILE type=f is val=CALDB
verifying parameter AXAF_LETG_0100_FILE type=f is val=CALDB
verifying parameter AXAF_LETG_0010_FILE type=f is val=CALDB
verifying parameter AXAF_LETG_0001_FILE type=f is val=CALDB
verifying parameter AXAF_HETG_1100_LSF_FILE type=f is val=CALDB
verifying parameter AXAF_HETG_0011_LSF_FILE type=f is val=CALDB
verifying parameter AXAF_LETG_1111_LSF_FILE type=f is val=CALDB
verifying parameter AXAF_RMF_FILE type=f is val=CALDB
verifying parameter AXAF_GAIN_FILE type=f is val=CALDB
_update_parfile[ardlib] returning {}
Wrote to the ardlib parameter file
_create_parfile_copy called for acis_set_ardlib with parfile=None
Copying par file /home/henry/miniforge3/envs/sigma-ciao-4.18/param/acis_set_ardlib.par to /home/henry/sigma-v19ck-rmf-diagnostic/v100/c3432/tmp/tmpw4z2h52o.acis_set_ardlib.par
_update_parfile[acis_set_ardlib] called for /home/henry/sigma-v19ck-rmf-diagnostic/v100/c3432/tmp/tmpw4z2h52o.acis_set_ardlib.par
Opening parameter file with mode=wLH: '/home/henry/sigma-v19ck-rmf-diagnostic/v100/c3432/tmp/tmpw4z2h52o.acis_set_ardlib.par'
setting parameter badpixfile type=f val=/home/henry/sigma-v19f-chandra/repro/BULLET/5358/acisf05358_repro_bpix1.fits
setting parameter absolutepath type=b val=True
setting parameter ardlibfile type=f val=ardlib
setting parameter verbose type=i val=5
Verifying parameter settings
verifying parameter badpixfile type=f is val=/home/henry/sigma-v19f-chandra/repro/BULLET/5358/acisf05358_repro_bpix1.fits
verifying parameter absolutepath type=b is val=True
verifying parameter ardlibfile type=f is val=ardlib
verifying parameter verbose type=i is val=5
_update_parfile[acis_set_ardlib] returning {}
Running tool acis_set_ardlib using:
>>> acis_set_ardlib /home/henry/sigma-v19f-chandra/repro/BULLET/5358/acisf05358_repro_bpix1.fits verbose=5
***** Start of parameter file
** badpixfile,f,a,"/home/henry/sigma-v19f-chandra/repro/BULLET/5358/acisf05358_repro_bpix1.fits",,,"Bad pixel file for the observation"
** absolutepath,b,h,yes,,,"Use an absolute path in the parameter file"
** ardlibfile,f,h,"ardlib",,,"Parameter file to change"
** verbose,i,h,5,0,5,"Verbosity (0 for no screen output)"
** mode,s,h,"hl",,,
***** End of parameter file
Starting acis_set_ardlib at Wed Aug  5 13:09:59 2026
acis_set_ardlib finished at Wed Aug  5 13:09:59 2026
Run time = < 1 sec
Return code = 0
***** Start of parameter file
** badpixfile,f,a,"/home/henry/sigma-v19f-chandra/repro/BULLET/5358/acisf05358_repro_bpix1.fits",,,"Bad pixel file for the observation"
** absolutepath,b,h,yes,,,"Use an absolute path in the parameter file"
** ardlibfile,f,h,"ardlib",,,"Parameter file to change"
** verbose,i,h,5,0,5,"Verbosity (0 for no screen output)"
** mode,s,h,"hl",,,
***** End of parameter file
Entering _validate for name=badpixfile val=/home/henry/sigma-v19f-chandra/repro/BULLET/5358/acisf05358_repro_bpix1.fits (type=<class 'str'>) store=True
Validating acis_set_ardlib.badpixfile val=/home/henry/sigma-v19f-chandra/repro/BULLET/5358/acisf05358_repro_bpix1.fits as ...
... something else
Setting acis_set_ardlib.badpixfile to /home/henry/sigma-v19f-chandra/repro/BULLET/5358/acisf05358_repro_bpix1.fits (<class 'str'>)
Entering _validate for name=absolutepath val=yes (type=<class 'str'>) store=True
Validating acis_set_ardlib.absolutepath val=yes as ...
... a boolean
Setting acis_set_ardlib.absolutepath to True (<class 'bool'>)
Entering _validate for name=ardlibfile val=ardlib (type=<class 'str'>) store=True
Validating acis_set_ardlib.ardlibfile val=ardlib as ...
... something else
Setting acis_set_ardlib.ardlibfile to ardlib (<class 'str'>)
Entering _validate for name=verbose val=5 (type=<class 'str'>) store=True
Validating acis_set_ardlib.verbose val=5 as ...
... an integer
Validating acis_set_ardlib.verbose val=5 against min/max=0/5
Setting acis_set_ardlib.verbose to 5 (<class 'int'>)
Read parameters for acis_set_ardlib from /home/henry/sigma-v19ck-rmf-diagnostic/v100/c3432/tmp/tmpw4z2h52o.acis_set_ardlib.par
Deleting par file: /home/henry/sigma-v19ck-rmf-diagnostic/v100/c3432/tmp/tmpw4z2h52o.acis_set_ardlib.par
About to overide user PFILES setting: ['/home/henry/sigma-v19ck-rmf-diagnostic/v100/c3432/tmp/tmpdir_v6z3xga'] from /home/henry/sigma-v19ck-rmf-diagnostic/v100/c3432/tmp/tmpdir_v6z3xga;/home/henry/miniforge3/envs/sigma-ciao-4.18/param
Setting up /home/henry/sigma-v19ck-rmf-diagnostic/v100/c3432/tmp/tmpdirosbox1eu as new user PFILES directory
Calling punlearn on tool acis_fef_lookup
Calling punlearn on tool sky2tdet
Calling punlearn on tool dmimgfilt
Calling punlearn on tool sky2tdet
Entering _validate for name=bin val=1 (type=<class 'str'>) store=True
Validating sky2tdet.bin val=1 as ...
... an integer
Validating sky2tdet.bin val=1 against min/max=1/None
Setting sky2tdet.bin to 1 (<class 'int'>)
Entering _validate for name=asphistfile val=/home/henry/sigma-v19ck-rmf-diagnostic/v100/c3432/tmp/tmpsm_351sq_asphist0 (type=<class 'str'>) store=True
Validating sky2tdet.asphistfile val=/home/henry/sigma-v19ck-rmf-diagnostic/v100/c3432/tmp/tmpsm_351sq_asphist0 as ...
... something else
Setting sky2tdet.asphistfile to /home/henry/sigma-v19ck-rmf-diagnostic/v100/c3432/tmp/tmpsm_351sq_asphist0 (<class 'str'>)
Entering _validate for name=outfile val=/home/henry/sigma-v19ck-rmf-diagnostic/v100/c3432/tmp/tmp_fu1k0bg_tdet[wmap] (type=<class 'str'>) store=True
Validating sky2tdet.outfile val=/home/henry/sigma-v19ck-rmf-diagnostic/v100/c3432/tmp/tmp_fu1k0bg_tdet[wmap] as ...
... something else
Setting sky2tdet.outfile to /home/henry/sigma-v19ck-rmf-diagnostic/v100/c3432/tmp/tmp_fu1k0bg_tdet[wmap] (<class 'str'>)
Entering _validate for name=clobber val=True (type=<class 'bool'>) store=True
Validating sky2tdet.clobber val=True as ...
... a boolean
Setting sky2tdet.clobber to True (<class 'bool'>)
Entering _validate for name=verbose val=5 (type=<class 'int'>) store=True
Validating sky2tdet.verbose val=5 as ...
... an integer
Validating sky2tdet.verbose val=5 against min/max=0/5
Setting sky2tdet.verbose to 5 (<class 'int'>)
Entering _validate for name=infile val=/home/henry/sigma-v19ck-rmf-diagnostic/v100/c3432/e/s.fits[sky=region(/home/henry/sigma-v19f-chandra/causal_observables_v19h_v100/BULLET/images/broad_flux/5358.fov)][energy=500:7000][bin sky] (type=<class 'str'>) store=True
Validating sky2tdet.infile val=/home/henry/sigma-v19ck-rmf-diagnostic/v100/c3432/e/s.fits[sky=region(/home/henry/sigma-v19f-chandra/causal_observables_v19h_v100/BULLET/images/broad_flux/5358.fov)][energy=500:7000][bin sky] as ...
... something else
Setting sky2tdet.infile to /home/henry/sigma-v19ck-rmf-diagnostic/v100/c3432/e/s.fits[sky=region(/home/henry/sigma-v19f-chandra/causal_observables_v19h_v100/BULLET/images/broad_flux/5358.fov)][energy=500:7000][bin sky] (<class 'str'>)
_create_parfile_copy called for sky2tdet with parfile=None
Copying par file /home/henry/miniforge3/envs/sigma-ciao-4.18/param/sky2tdet.par to /home/henry/sigma-v19ck-rmf-diagnostic/v100/c3432/tmp/tmpdd3j6f72.sky2tdet.par
_update_parfile[sky2tdet] called for /home/henry/sigma-v19ck-rmf-diagnostic/v100/c3432/tmp/tmpdd3j6f72.sky2tdet.par
Opening parameter file with mode=wLH: '/home/henry/sigma-v19ck-rmf-diagnostic/v100/c3432/tmp/tmpdd3j6f72.sky2tdet.par'
setting parameter infile type=s val=/home/henry/sigma-v19ck-rmf-diagnostic/v100/c3432/e/s.fits[sky=region(/home/henry/sigma-v19f-chandra/causal_observables_v19h_v100/BULLET/images/broad_flux/5358.fov)][energy=500:7000][bin sky]
setting parameter asphistfile type=s val=/home/henry/sigma-v19ck-rmf-diagnostic/v100/c3432/tmp/tmpsm_351sq_asphist0
setting parameter outfile type=s val=/home/henry/sigma-v19ck-rmf-diagnostic/v100/c3432/tmp/tmp_fu1k0bg_tdet[wmap]
setting parameter bin type=i val=1
setting parameter geompar type=s val=geom
setting parameter verbose type=i val=5
setting parameter clobber type=b val=True
Verifying parameter settings
verifying parameter infile type=s is val=/home/henry/sigma-v19ck-rmf-diagnostic/v100/c3432/e/s.fits[sky=region(/home/henry/sigma-v19f-chandra/causal_observables_v19h_v100/BULLET/images/broad_flux/5358.fov)][energy=500:7000][bin sky]
verifying parameter asphistfile type=s is val=/home/henry/sigma-v19ck-rmf-diagnostic/v100/c3432/tmp/tmpsm_351sq_asphist0
verifying parameter outfile type=s is val=/home/henry/sigma-v19ck-rmf-diagnostic/v100/c3432/tmp/tmp_fu1k0bg_tdet[wmap]
verifying parameter bin type=i is val=1
verifying parameter geompar type=s is val=geom
verifying parameter verbose type=i is val=5
verifying parameter clobber type=b is val=True
_update_parfile[sky2tdet] returning {}
Running tool sky2tdet using:
>>> sky2tdet "/home/henry/sigma-v19ck-rmf-diagnostic/v100/c3432/e/s.fits[sky=region(/home/henry/sigma-v19f-chandra/causal_observables_v19h_v100/BULLET/images/broad_flux/5358.fov)][energy=500:7000][bin sky]" /home/henry/sigma-v19ck-rmf-diagnostic/v100/c3432/tmp/tmpsm_351sq_asphist0 "/home/henry/sigma-v19ck-rmf-diagnostic/v100/c3432/tmp/tmp_fu1k0bg_tdet[wmap]" verbose=5 clobber=yes
***** Start of parameter file
** infile,s,a,"/home/henry/sigma-v19ck-rmf-diagnostic/v100/c3432/e/s.fits[sky=region(/home/henry/sigma-v19f-chandra/causal_observables_v19h_v100/BULLET/images/broad_flux/5358.fov)][energy=500:7000][bin sky]",,,"Input image in sky (x,y) coordinates"
** asphistfile,s,a,"/home/henry/sigma-v19ck-rmf-diagnostic/v100/c3432/tmp/tmpsm_351sq_asphist0",,,"Input aspect histogram file"
** outfile,s,a,"/home/henry/sigma-v19ck-rmf-diagnostic/v100/c3432/tmp/tmp_fu1k0bg_tdet[wmap]",,,"Output TDET  WMAP file"
** bin,i,h,1,1,,"Binning factor"
** geompar,s,h,"geom",,,"Pixlib geometry file"
** verbose,i,h,5,0,5,"Verbosity"
** clobber,b,h,yes,,,"Remove existing files?"
** mode,s,h,"hl",,,
***** End of parameter file
Starting sky2tdet at Wed Aug  5 13:10:00 2026
sky2tdet finished at Wed Aug  5 13:10:00 2026
Run time = < 1 sec
Return code = 0
***** Start of parameter file
** infile,s,a,"/home/henry/sigma-v19ck-rmf-diagnostic/v100/c3432/e/s.fits[sky=region(/home/henry/sigma-v19f-chandra/causal_observables_v19h_v100/BULLET/images/broad_flux/5358.fov)][energy=500:7000][bin sky]",,,"Input image in sky (x,y) coordinates"
** asphistfile,s,a,"/home/henry/sigma-v19ck-rmf-diagnostic/v100/c3432/tmp/tmpsm_351sq_asphist0",,,"Input aspect histogram file"
** outfile,s,a,"/home/henry/sigma-v19ck-rmf-diagnostic/v100/c3432/tmp/tmp_fu1k0bg_tdet[wmap]",,,"Output TDET  WMAP file"
** bin,i,h,1,1,,"Binning factor"
** geompar,s,h,"geom",,,"Pixlib geometry file"
** verbose,i,h,5,0,5,"Verbosity"
** clobber,b,h,yes,,,"Remove existing files?"
** mode,s,h,"hl",,,
***** End of parameter file
Entering _validate for name=infile val=/home/henry/sigma-v19ck-rmf-diagnostic/v100/c3432/e/s.fits[sky=region(/home/henry/sigma-v19f-chandra/causal_observables_v19h_v100/BULLET/images/broad_flux/5358.fov)][energy=500:7000][bin sky] (type=<class 'str'>) store=True
Validating sky2tdet.infile val=/home/henry/sigma-v19ck-rmf-diagnostic/v100/c3432/e/s.fits[sky=region(/home/henry/sigma-v19f-chandra/causal_observables_v19h_v100/BULLET/images/broad_flux/5358.fov)][energy=500:7000][bin sky] as ...
... something else
Setting sky2tdet.infile to /home/henry/sigma-v19ck-rmf-diagnostic/v100/c3432/e/s.fits[sky=region(/home/henry/sigma-v19f-chandra/causal_observables_v19h_v100/BULLET/images/broad_flux/5358.fov)][energy=500:7000][bin sky] (<class 'str'>)
Entering _validate for name=asphistfile val=/home/henry/sigma-v19ck-rmf-diagnostic/v100/c3432/tmp/tmpsm_351sq_asphist0 (type=<class 'str'>) store=True
Validating sky2tdet.asphistfile val=/home/henry/sigma-v19ck-rmf-diagnostic/v100/c3432/tmp/tmpsm_351sq_asphist0 as ...
... something else
Setting sky2tdet.asphistfile to /home/henry/sigma-v19ck-rmf-diagnostic/v100/c3432/tmp/tmpsm_351sq_asphist0 (<class 'str'>)
Entering _validate for name=outfile val=/home/henry/sigma-v19ck-rmf-diagnostic/v100/c3432/tmp/tmp_fu1k0bg_tdet[wmap] (type=<class 'str'>) store=True
Validating sky2tdet.outfile val=/home/henry/sigma-v19ck-rmf-diagnostic/v100/c3432/tmp/tmp_fu1k0bg_tdet[wmap] as ...
... something else
Setting sky2tdet.outfile to /home/henry/sigma-v19ck-rmf-diagnostic/v100/c3432/tmp/tmp_fu1k0bg_tdet[wmap] (<class 'str'>)
Entering _validate for name=bin val=1 (type=<class 'str'>) store=True
Validating sky2tdet.bin val=1 as ...
... an integer
Validating sky2tdet.bin val=1 against min/max=1/None
Setting sky2tdet.bin to 1 (<class 'int'>)
Entering _validate for name=geompar val=geom (type=<class 'str'>) store=True
Validating sky2tdet.geompar val=geom as ...
... something else
Setting sky2tdet.geompar to geom (<class 'str'>)
Entering _validate for name=verbose val=5 (type=<class 'str'>) store=True
Validating sky2tdet.verbose val=5 as ...
... an integer
Validating sky2tdet.verbose val=5 against min/max=0/5
Setting sky2tdet.verbose to 5 (<class 'int'>)
Entering _validate for name=clobber val=yes (type=<class 'str'>) store=True
Validating sky2tdet.clobber val=yes as ...
... a boolean
Setting sky2tdet.clobber to True (<class 'bool'>)
Read parameters for sky2tdet from /home/henry/sigma-v19ck-rmf-diagnostic/v100/c3432/tmp/tmpdd3j6f72.sky2tdet.par
Deleting par file: /home/henry/sigma-v19ck-rmf-diagnostic/v100/c3432/tmp/tmpdd3j6f72.sky2tdet.par
About to restore PFILES setting to /home/henry/sigma-v19ck-rmf-diagnostic/v100/c3432/tmp/tmpdir_v6z3xga;/home/henry/miniforge3/envs/sigma-ciao-4.18/param
About to restore PFILES setting to /home/henry/sigma-v19ck-rmf-diagnostic/v100/c3432/pfiles;/home/henry/miniforge3/envs/sigma-ciao-4.18/param
About to overide user PFILES setting: ['/home/henry/sigma-v19ck-rmf-diagnostic/v100/c3432/pfiles'] from /home/henry/sigma-v19ck-rmf-diagnostic/v100/c3432/pfiles;/home/henry/miniforge3/envs/sigma-ciao-4.18/param
Setting up /home/henry/sigma-v19ck-rmf-diagnostic/v100/c3432/tmp/tmpdirlhg35g1z as new user PFILES directory
About to copy over ardlib parameter file: /home/henry/miniforge3/envs/sigma-ciao-4.18/param/ardlib.par
Calling punlearn on tool ardlib
Calling punlearn on tool acis_set_ardlib
Entering _validate for name=ArdlibDataPath val=$ASCDS_CALIB (type=<class 'str'>) store=True
Validating ardlib.ArdlibDataPath val=$ASCDS_CALIB as ...
... something else
Setting ardlib.ArdlibDataPath to $ASCDS_CALIB (<class 'str'>)
Entering _validate for name=GENERIC_EFFAREA_FILE val=xrt_ea_v2_0.fits (type=<class 'str'>) store=True
Validating ardlib.GENERIC_EFFAREA_FILE val=xrt_ea_v2_0.fits as ...
... something else
Setting ardlib.GENERIC_EFFAREA_FILE to xrt_ea_v2_0.fits (<class 'str'>)
Entering _validate for name=GENERIC_VIGNET_FILE val=/dev/null (type=<class 'str'>) store=True
Validating ardlib.GENERIC_VIGNET_FILE val=/dev/null as ...
... something else
Setting ardlib.GENERIC_VIGNET_FILE to /dev/null (<class 'str'>)
Entering _validate for name=AXAF_EFFAREA_FILE_0001 val=CALDB (type=<class 'str'>) store=True
Validating ardlib.AXAF_EFFAREA_FILE_0001 val=CALDB as ...
... something else
Setting ardlib.AXAF_EFFAREA_FILE_0001 to CALDB (<class 'str'>)
Entering _validate for name=AXAF_EFFAREA_FILE_0010 val=CALDB (type=<class 'str'>) store=True
Validating ardlib.AXAF_EFFAREA_FILE_0010 val=CALDB as ...
... something else
Setting ardlib.AXAF_EFFAREA_FILE_0010 to CALDB (<class 'str'>)
Entering _validate for name=AXAF_EFFAREA_FILE_0100 val=CALDB (type=<class 'str'>) store=True
Validating ardlib.AXAF_EFFAREA_FILE_0100 val=CALDB as ...
... something else
Setting ardlib.AXAF_EFFAREA_FILE_0100 to CALDB (<class 'str'>)
Entering _validate for name=AXAF_EFFAREA_FILE_1000 val=CALDB (type=<class 'str'>) store=True
Validating ardlib.AXAF_EFFAREA_FILE_1000 val=CALDB as ...
... something else
Setting ardlib.AXAF_EFFAREA_FILE_1000 to CALDB (<class 'str'>)
Entering _validate for name=AXAF_EFFAREA_FILE_1111 val=CALDB (type=<class 'str'>) store=True
Validating ardlib.AXAF_EFFAREA_FILE_1111 val=CALDB as ...
... something else
Setting ardlib.AXAF_EFFAREA_FILE_1111 to CALDB (<class 'str'>)
Entering _validate for name=AXAF_VIGNET_FILE_0001 val=CALDB (type=<class 'str'>) store=True
Validating ardlib.AXAF_VIGNET_FILE_0001 val=CALDB as ...
... something else
Setting ardlib.AXAF_VIGNET_FILE_0001 to CALDB (<class 'str'>)
Entering _validate for name=AXAF_VIGNET_FILE_0010 val=CALDB (type=<class 'str'>) store=True
Validating ardlib.AXAF_VIGNET_FILE_0010 val=CALDB as ...
... something else
Setting ardlib.AXAF_VIGNET_FILE_0010 to CALDB (<class 'str'>)
Entering _validate for name=AXAF_VIGNET_FILE_0100 val=CALDB (type=<class 'str'>) store=True
Validating ardlib.AXAF_VIGNET_FILE_0100 val=CALDB as ...
... something else
Setting ardlib.AXAF_VIGNET_FILE_0100 to CALDB (<class 'str'>)
Entering _validate for name=AXAF_VIGNET_FILE_1000 val=CALDB (type=<class 'str'>) store=True
Validating ardlib.AXAF_VIGNET_FILE_1000 val=CALDB as ...
... something else
Setting ardlib.AXAF_VIGNET_FILE_1000 to CALDB (<class 'str'>)
Entering _validate for name=AXAF_VIGNET_FILE_1111 val=CALDB (type=<class 'str'>) store=True
Validating ardlib.AXAF_VIGNET_FILE_1111 val=CALDB as ...
... something else
Setting ardlib.AXAF_VIGNET_FILE_1111 to CALDB (<class 'str'>)
Entering _validate for name=AXAF_ACIS0_QE_FILE val=CALDB (type=<class 'str'>) store=True
Validating ardlib.AXAF_ACIS0_QE_FILE val=CALDB as ...
... something else
Setting ardlib.AXAF_ACIS0_QE_FILE to CALDB (<class 'str'>)
Entering _validate for name=AXAF_ACIS1_QE_FILE val=CALDB (type=<class 'str'>) store=True
Validating ardlib.AXAF_ACIS1_QE_FILE val=CALDB as ...
... something else
Setting ardlib.AXAF_ACIS1_QE_FILE to CALDB (<class 'str'>)
Entering _validate for name=AXAF_ACIS2_QE_FILE val=CALDB (type=<class 'str'>) store=True
Validating ardlib.AXAF_ACIS2_QE_FILE val=CALDB as ...
... something else
Setting ardlib.AXAF_ACIS2_QE_FILE to CALDB (<class 'str'>)
Entering _validate for name=AXAF_ACIS3_QE_FILE val=CALDB (type=<class 'str'>) store=True
Validating ardlib.AXAF_ACIS3_QE_FILE val=CALDB as ...
... something else
Setting ardlib.AXAF_ACIS3_QE_FILE to CALDB (<class 'str'>)
Entering _validate for name=AXAF_ACIS4_QE_FILE val=CALDB (type=<class 'str'>) store=True
Validating ardlib.AXAF_ACIS4_QE_FILE val=CALDB as ...
... something else
Setting ardlib.AXAF_ACIS4_QE_FILE to CALDB (<class 'str'>)
Entering _validate for name=AXAF_ACIS5_QE_FILE val=CALDB (type=<class 'str'>) store=True
Validating ardlib.AXAF_ACIS5_QE_FILE val=CALDB as ...
... something else
Setting ardlib.AXAF_ACIS5_QE_FILE to CALDB (<class 'str'>)
Entering _validate for name=AXAF_ACIS6_QE_FILE val=CALDB (type=<class 'str'>) store=True
Validating ardlib.AXAF_ACIS6_QE_FILE val=CALDB as ...
... something else
Setting ardlib.AXAF_ACIS6_QE_FILE to CALDB (<class 'str'>)
Entering _validate for name=AXAF_ACIS7_QE_FILE val=CALDB (type=<class 'str'>) store=True
Validating ardlib.AXAF_ACIS7_QE_FILE val=CALDB as ...
... something else
Setting ardlib.AXAF_ACIS7_QE_FILE to CALDB (<class 'str'>)
Entering _validate for name=AXAF_ACIS8_QE_FILE val=CALDB (type=<class 'str'>) store=True
Validating ardlib.AXAF_ACIS8_QE_FILE val=CALDB as ...
... something else
Setting ardlib.AXAF_ACIS8_QE_FILE to CALDB (<class 'str'>)
Entering _validate for name=AXAF_ACIS9_QE_FILE val=CALDB (type=<class 'str'>) store=True
Validating ardlib.AXAF_ACIS9_QE_FILE val=CALDB as ...
... something else
Setting ardlib.AXAF_ACIS9_QE_FILE to CALDB (<class 'str'>)
Entering _validate for name=AXAF_ACIS0_QEU_FILE val=CALDB (type=<class 'str'>) store=True
Validating ardlib.AXAF_ACIS0_QEU_FILE val=CALDB as ...
... something else
Setting ardlib.AXAF_ACIS0_QEU_FILE to CALDB (<class 'str'>)
Entering _validate for name=AXAF_ACIS1_QEU_FILE val=CALDB (type=<class 'str'>) store=True
Validating ardlib.AXAF_ACIS1_QEU_FILE val=CALDB as ...
... something else
Setting ardlib.AXAF_ACIS1_QEU_FILE to CALDB (<class 'str'>)
Entering _validate for name=AXAF_ACIS2_QEU_FILE val=CALDB (type=<class 'str'>) store=True
Validating ardlib.AXAF_ACIS2_QEU_FILE val=CALDB as ...
... something else
Setting ardlib.AXAF_ACIS2_QEU_FILE to CALDB (<class 'str'>)
Entering _validate for name=AXAF_ACIS3_QEU_FILE val=CALDB (type=<class 'str'>) store=True
Validating ardlib.AXAF_ACIS3_QEU_FILE val=CALDB as ...
... something else
Setting ardlib.AXAF_ACIS3_QEU_FILE to CALDB (<class 'str'>)
Entering _validate for name=AXAF_ACIS4_QEU_FILE val=CALDB (type=<class 'str'>) store=True
Validating ardlib.AXAF_ACIS4_QEU_FILE val=CALDB as ...
... something else
Setting ardlib.AXAF_ACIS4_QEU_FILE to CALDB (<class 'str'>)
Entering _validate for name=AXAF_ACIS5_QEU_FILE val=CALDB (type=<class 'str'>) store=True
Validating ardlib.AXAF_ACIS5_QEU_FILE val=CALDB as ...
... something else
Setting ardlib.AXAF_ACIS5_QEU_FILE to CALDB (<class 'str'>)
Entering _validate for name=AXAF_ACIS6_QEU_FILE val=CALDB (type=<class 'str'>) store=True
Validating ardlib.AXAF_ACIS6_QEU_FILE val=CALDB as ...
... something else
Setting ardlib.AXAF_ACIS6_QEU_FILE to CALDB (<class 'str'>)
Entering _validate for name=AXAF_ACIS7_QEU_FILE val=CALDB (type=<class 'str'>) store=True
Validating ardlib.AXAF_ACIS7_QEU_FILE val=CALDB as ...
... something else
Setting ardlib.AXAF_ACIS7_QEU_FILE to CALDB (<class 'str'>)
Entering _validate for name=AXAF_ACIS8_QEU_FILE val=CALDB (type=<class 'str'>) store=True
Validating ardlib.AXAF_ACIS8_QEU_FILE val=CALDB as ...
... something else
Setting ardlib.AXAF_ACIS8_QEU_FILE to CALDB (<class 'str'>)
Entering _validate for name=AXAF_ACIS9_QEU_FILE val=CALDB (type=<class 'str'>) store=True
Validating ardlib.AXAF_ACIS9_QEU_FILE val=CALDB as ...
... something else
Setting ardlib.AXAF_ACIS9_QEU_FILE to CALDB (<class 'str'>)
Entering _validate for name=AXAF_ACIS0_BADPIX_FILE val=CALDB (type=<class 'str'>) store=True
Validating ardlib.AXAF_ACIS0_BADPIX_FILE val=CALDB as ...
... something else
Setting ardlib.AXAF_ACIS0_BADPIX_FILE to CALDB (<class 'str'>)
Entering _validate for name=AXAF_ACIS1_BADPIX_FILE val=CALDB (type=<class 'str'>) store=True
Validating ardlib.AXAF_ACIS1_BADPIX_FILE val=CALDB as ...
... something else
Setting ardlib.AXAF_ACIS1_BADPIX_FILE to CALDB (<class 'str'>)
Entering _validate for name=AXAF_ACIS2_BADPIX_FILE val=CALDB (type=<class 'str'>) store=True
Validating ardlib.AXAF_ACIS2_BADPIX_FILE val=CALDB as ...
... something else
Setting ardlib.AXAF_ACIS2_BADPIX_FILE to CALDB (<class 'str'>)
Entering _validate for name=AXAF_ACIS3_BADPIX_FILE val=CALDB (type=<class 'str'>) store=True
Validating ardlib.AXAF_ACIS3_BADPIX_FILE val=CALDB as ...
... something else
Setting ardlib.AXAF_ACIS3_BADPIX_FILE to CALDB (<class 'str'>)
Entering _validate for name=AXAF_ACIS4_BADPIX_FILE val=CALDB (type=<class 'str'>) store=True
Validating ardlib.AXAF_ACIS4_BADPIX_FILE val=CALDB as ...
... something else
Setting ardlib.AXAF_ACIS4_BADPIX_FILE to CALDB (<class 'str'>)
Entering _validate for name=AXAF_ACIS5_BADPIX_FILE val=CALDB (type=<class 'str'>) store=True
Validating ardlib.AXAF_ACIS5_BADPIX_FILE val=CALDB as ...
... something else
Setting ardlib.AXAF_ACIS5_BADPIX_FILE to CALDB (<class 'str'>)
Entering _validate for name=AXAF_ACIS6_BADPIX_FILE val=CALDB (type=<class 'str'>) store=True
Validating ardlib.AXAF_ACIS6_BADPIX_FILE val=CALDB as ...
... something else
Setting ardlib.AXAF_ACIS6_BADPIX_FILE to CALDB (<class 'str'>)
Entering _validate for name=AXAF_ACIS7_BADPIX_FILE val=CALDB (type=<class 'str'>) store=True
Validating ardlib.AXAF_ACIS7_BADPIX_FILE val=CALDB as ...
... something else
Setting ardlib.AXAF_ACIS7_BADPIX_FILE to CALDB (<class 'str'>)
Entering _validate for name=AXAF_ACIS8_BADPIX_FILE val=CALDB (type=<class 'str'>) store=True
Validating ardlib.AXAF_ACIS8_BADPIX_FILE val=CALDB as ...
... something else
Setting ardlib.AXAF_ACIS8_BADPIX_FILE to CALDB (<class 'str'>)
Entering _validate for name=AXAF_ACIS9_BADPIX_FILE val=CALDB (type=<class 'str'>) store=True
Validating ardlib.AXAF_ACIS9_BADPIX_FILE val=CALDB as ...
... something else
Setting ardlib.AXAF_ACIS9_BADPIX_FILE to CALDB (<class 'str'>)
Entering _validate for name=AXAF_ACIS0_CONTAM_FILE val=CALDB (type=<class 'str'>) store=True
Validating ardlib.AXAF_ACIS0_CONTAM_FILE val=CALDB as ...
... something else
Setting ardlib.AXAF_ACIS0_CONTAM_FILE to CALDB (<class 'str'>)
Entering _validate for name=AXAF_ACIS1_CONTAM_FILE val=CALDB (type=<class 'str'>) store=True
Validating ardlib.AXAF_ACIS1_CONTAM_FILE val=CALDB as ...
... something else
Setting ardlib.AXAF_ACIS1_CONTAM_FILE to CALDB (<class 'str'>)
Entering _validate for name=AXAF_ACIS2_CONTAM_FILE val=CALDB (type=<class 'str'>) store=True
Validating ardlib.AXAF_ACIS2_CONTAM_FILE val=CALDB as ...
... something else
Setting ardlib.AXAF_ACIS2_CONTAM_FILE to CALDB (<class 'str'>)
Entering _validate for name=AXAF_ACIS3_CONTAM_FILE val=CALDB (type=<class 'str'>) store=True
Validating ardlib.AXAF_ACIS3_CONTAM_FILE val=CALDB as ...
... something else
Setting ardlib.AXAF_ACIS3_CONTAM_FILE to CALDB (<class 'str'>)
Entering _validate for name=AXAF_ACIS4_CONTAM_FILE val=CALDB (type=<class 'str'>) store=True
Validating ardlib.AXAF_ACIS4_CONTAM_FILE val=CALDB as ...
... something else
Setting ardlib.AXAF_ACIS4_CONTAM_FILE to CALDB (<class 'str'>)
Entering _validate for name=AXAF_ACIS5_CONTAM_FILE val=CALDB (type=<class 'str'>) store=True
Validating ardlib.AXAF_ACIS5_CONTAM_FILE val=CALDB as ...
... something else
Setting ardlib.AXAF_ACIS5_CONTAM_FILE to CALDB (<class 'str'>)
Entering _validate for name=AXAF_ACIS6_CONTAM_FILE val=CALDB (type=<class 'str'>) store=True
Validating ardlib.AXAF_ACIS6_CONTAM_FILE val=CALDB as ...
... something else
Setting ardlib.AXAF_ACIS6_CONTAM_FILE to CALDB (<class 'str'>)
Entering _validate for name=AXAF_ACIS7_CONTAM_FILE val=CALDB (type=<class 'str'>) store=True
Validating ardlib.AXAF_ACIS7_CONTAM_FILE val=CALDB as ...
... something else
Setting ardlib.AXAF_ACIS7_CONTAM_FILE to CALDB (<class 'str'>)
Entering _validate for name=AXAF_ACIS8_CONTAM_FILE val=CALDB (type=<class 'str'>) store=True
Validating ardlib.AXAF_ACIS8_CONTAM_FILE val=CALDB as ...
... something else
Setting ardlib.AXAF_ACIS8_CONTAM_FILE to CALDB (<class 'str'>)
Entering _validate for name=AXAF_ACIS9_CONTAM_FILE val=CALDB (type=<class 'str'>) store=True
Validating ardlib.AXAF_ACIS9_CONTAM_FILE val=CALDB as ...
... something else
Setting ardlib.AXAF_ACIS9_CONTAM_FILE to CALDB (<class 'str'>)
Entering _validate for name=AXAF_HRC_I_QE_FILE val=CALDB (type=<class 'str'>) store=True
Validating ardlib.AXAF_HRC_I_QE_FILE val=CALDB as ...
... something else
Setting ardlib.AXAF_HRC_I_QE_FILE to CALDB (<class 'str'>)
Entering _validate for name=AXAF_HRC_I_QEU_FILE val=CALDB (type=<class 'str'>) store=True
Validating ardlib.AXAF_HRC_I_QEU_FILE val=CALDB as ...
... something else
Setting ardlib.AXAF_HRC_I_QEU_FILE to CALDB (<class 'str'>)
Entering _validate for name=AXAF_HRC_I_BADPIX_FILE val=NONE (type=<class 'str'>) store=True
Validating ardlib.AXAF_HRC_I_BADPIX_FILE val=NONE as ...
... something else
Setting ardlib.AXAF_HRC_I_BADPIX_FILE to NONE (<class 'str'>)
Entering _validate for name=AXAF_HRC_S1_QE_FILE val=CALDB (type=<class 'str'>) store=True
Validating ardlib.AXAF_HRC_S1_QE_FILE val=CALDB as ...
... something else
Setting ardlib.AXAF_HRC_S1_QE_FILE to CALDB (<class 'str'>)
Entering _validate for name=AXAF_HRC_S2_QE_FILE val=CALDB (type=<class 'str'>) store=True
Validating ardlib.AXAF_HRC_S2_QE_FILE val=CALDB as ...
... something else
Setting ardlib.AXAF_HRC_S2_QE_FILE to CALDB (<class 'str'>)
Entering _validate for name=AXAF_HRC_S3_QE_FILE val=CALDB (type=<class 'str'>) store=True
Validating ardlib.AXAF_HRC_S3_QE_FILE val=CALDB as ...
... something else
Setting ardlib.AXAF_HRC_S3_QE_FILE to CALDB (<class 'str'>)
Entering _validate for name=AXAF_HRC_S1_QEU_FILE val=CALDB (type=<class 'str'>) store=True
Validating ardlib.AXAF_HRC_S1_QEU_FILE val=CALDB as ...
... something else
Setting ardlib.AXAF_HRC_S1_QEU_FILE to CALDB (<class 'str'>)
Entering _validate for name=AXAF_HRC_S2_QEU_FILE val=CALDB (type=<class 'str'>) store=True
Validating ardlib.AXAF_HRC_S2_QEU_FILE val=CALDB as ...
... something else
Setting ardlib.AXAF_HRC_S2_QEU_FILE to CALDB (<class 'str'>)
Entering _validate for name=AXAF_HRC_S3_QEU_FILE val=CALDB (type=<class 'str'>) store=True
Validating ardlib.AXAF_HRC_S3_QEU_FILE val=CALDB as ...
... something else
Setting ardlib.AXAF_HRC_S3_QEU_FILE to CALDB (<class 'str'>)
Entering _validate for name=AXAF_HRC_S_BADPIX_FILE val=NONE (type=<class 'str'>) store=True
Validating ardlib.AXAF_HRC_S_BADPIX_FILE val=NONE as ...
... something else
Setting ardlib.AXAF_HRC_S_BADPIX_FILE to NONE (<class 'str'>)
Entering _validate for name=AXAF_HETG_1000_FILE val=CALDB (type=<class 'str'>) store=True
Validating ardlib.AXAF_HETG_1000_FILE val=CALDB as ...
... something else
Setting ardlib.AXAF_HETG_1000_FILE to CALDB (<class 'str'>)
Entering _validate for name=AXAF_HETG_0100_FILE val=CALDB (type=<class 'str'>) store=True
Validating ardlib.AXAF_HETG_0100_FILE val=CALDB as ...
... something else
Setting ardlib.AXAF_HETG_0100_FILE to CALDB (<class 'str'>)
Entering _validate for name=AXAF_HETG_0010_FILE val=CALDB (type=<class 'str'>) store=True
Validating ardlib.AXAF_HETG_0010_FILE val=CALDB as ...
... something else
Setting ardlib.AXAF_HETG_0010_FILE to CALDB (<class 'str'>)
Entering _validate for name=AXAF_HETG_0001_FILE val=CALDB (type=<class 'str'>) store=True
Validating ardlib.AXAF_HETG_0001_FILE val=CALDB as ...
... something else
Setting ardlib.AXAF_HETG_0001_FILE to CALDB (<class 'str'>)
Entering _validate for name=AXAF_LETG_1000_FILE val=CALDB (type=<class 'str'>) store=True
Validating ardlib.AXAF_LETG_1000_FILE val=CALDB as ...
... something else
Setting ardlib.AXAF_LETG_1000_FILE to CALDB (<class 'str'>)
Entering _validate for name=AXAF_LETG_0100_FILE val=CALDB (type=<class 'str'>) store=True
Validating ardlib.AXAF_LETG_0100_FILE val=CALDB as ...
... something else
Setting ardlib.AXAF_LETG_0100_FILE to CALDB (<class 'str'>)
Entering _validate for name=AXAF_LETG_0010_FILE val=CALDB (type=<class 'str'>) store=True
Validating ardlib.AXAF_LETG_0010_FILE val=CALDB as ...
... something else
Setting ardlib.AXAF_LETG_0010_FILE to CALDB (<class 'str'>)
Entering _validate for name=AXAF_LETG_0001_FILE val=CALDB (type=<class 'str'>) store=True
Validating ardlib.AXAF_LETG_0001_FILE val=CALDB as ...
... something else
Setting ardlib.AXAF_LETG_0001_FILE to CALDB (<class 'str'>)
Entering _validate for name=AXAF_HETG_1100_LSF_FILE val=CALDB (type=<class 'str'>) store=True
Validating ardlib.AXAF_HETG_1100_LSF_FILE val=CALDB as ...
... something else
Setting ardlib.AXAF_HETG_1100_LSF_FILE to CALDB (<class 'str'>)
Entering _validate for name=AXAF_HETG_0011_LSF_FILE val=CALDB (type=<class 'str'>) store=True
Validating ardlib.AXAF_HETG_0011_LSF_FILE val=CALDB as ...
... something else
Setting ardlib.AXAF_HETG_0011_LSF_FILE to CALDB (<class 'str'>)
Entering _validate for name=AXAF_LETG_1111_LSF_FILE val=CALDB (type=<class 'str'>) store=True
Validating ardlib.AXAF_LETG_1111_LSF_FILE val=CALDB as ...
... something else
Setting ardlib.AXAF_LETG_1111_LSF_FILE to CALDB (<class 'str'>)
Entering _validate for name=AXAF_RMF_FILE val=CALDB (type=<class 'str'>) store=True
Validating ardlib.AXAF_RMF_FILE val=CALDB as ...
... something else
Setting ardlib.AXAF_RMF_FILE to CALDB (<class 'str'>)
Entering _validate for name=AXAF_GAIN_FILE val=CALDB (type=<class 'str'>) store=True
Validating ardlib.AXAF_GAIN_FILE val=CALDB as ...
... something else
Setting ardlib.AXAF_GAIN_FILE to CALDB (<class 'str'>)
Read from the ardlib parameter file
Calling punlearn on tool acis_set_ardlib
Entering _validate for name=badpixfile val=/home/henry/sigma-v19f-chandra/repro/BULLET/5358/acisf05358_repro_bpix1.fits (type=<class 'str'>) store=True
Validating acis_set_ardlib.badpixfile val=/home/henry/sigma-v19f-chandra/repro/BULLET/5358/acisf05358_repro_bpix1.fits as ...
... something else
Setting acis_set_ardlib.badpixfile to /home/henry/sigma-v19f-chandra/repro/BULLET/5358/acisf05358_repro_bpix1.fits (<class 'str'>)
Entering _validate for name=verbose val=5 (type=<class 'int'>) store=True
Validating acis_set_ardlib.verbose val=5 as ...
... an integer
Validating acis_set_ardlib.verbose val=5 against min/max=0/5
Setting acis_set_ardlib.verbose to 5 (<class 'int'>)
_create_parfile_copy called for acis_set_ardlib with parfile=None
Copying par file /home/henry/miniforge3/envs/sigma-ciao-4.18/param/acis_set_ardlib.par to /home/henry/sigma-v19ck-rmf-diagnostic/v100/c3432/tmp/tmp0a1rw88b.acis_set_ardlib.par
_update_parfile[acis_set_ardlib] called for /home/henry/sigma-v19ck-rmf-diagnostic/v100/c3432/tmp/tmp0a1rw88b.acis_set_ardlib.par
Opening parameter file with mode=wLH: '/home/henry/sigma-v19ck-rmf-diagnostic/v100/c3432/tmp/tmp0a1rw88b.acis_set_ardlib.par'
setting parameter badpixfile type=f val=/home/henry/sigma-v19f-chandra/repro/BULLET/5358/acisf05358_repro_bpix1.fits
setting parameter absolutepath type=b val=True
setting parameter ardlibfile type=f val=ardlib
setting parameter verbose type=i val=5
Verifying parameter settings
verifying parameter badpixfile type=f is val=/home/henry/sigma-v19f-chandra/repro/BULLET/5358/acisf05358_repro_bpix1.fits
verifying parameter absolutepath type=b is val=True
verifying parameter ardlibfile type=f is val=ardlib
verifying parameter verbose type=i is val=5
_update_parfile[acis_set_ardlib] returning {}
Running tool acis_set_ardlib using:
>>> acis_set_ardlib /home/henry/sigma-v19f-chandra/repro/BULLET/5358/acisf05358_repro_bpix1.fits verbose=5
***** Start of parameter file
** badpixfile,f,a,"/home/henry/sigma-v19f-chandra/repro/BULLET/5358/acisf05358_repro_bpix1.fits",,,"Bad pixel file for the observation"
** absolutepath,b,h,yes,,,"Use an absolute path in the parameter file"
** ardlibfile,f,h,"ardlib",,,"Parameter file to change"
** verbose,i,h,5,0,5,"Verbosity (0 for no screen output)"
** mode,s,h,"hl",,,
***** End of parameter file
Starting acis_set_ardlib at Wed Aug  5 13:10:00 2026
acis_set_ardlib finished at Wed Aug  5 13:10:00 2026
Run time = < 1 sec
Return code = 0
***** Start of parameter file
** badpixfile,f,a,"/home/henry/sigma-v19f-chandra/repro/BULLET/5358/acisf05358_repro_bpix1.fits",,,"Bad pixel file for the observation"
** absolutepath,b,h,yes,,,"Use an absolute path in the parameter file"
** ardlibfile,f,h,"ardlib",,,"Parameter file to change"
** verbose,i,h,5,0,5,"Verbosity (0 for no screen output)"
** mode,s,h,"hl",,,
***** End of parameter file
Entering _validate for name=badpixfile val=/home/henry/sigma-v19f-chandra/repro/BULLET/5358/acisf05358_repro_bpix1.fits (type=<class 'str'>) store=True
Validating acis_set_ardlib.badpixfile val=/home/henry/sigma-v19f-chandra/repro/BULLET/5358/acisf05358_repro_bpix1.fits as ...
... something else
Setting acis_set_ardlib.badpixfile to /home/henry/sigma-v19f-chandra/repro/BULLET/5358/acisf05358_repro_bpix1.fits (<class 'str'>)
Entering _validate for name=absolutepath val=yes (type=<class 'str'>) store=True
Validating acis_set_ardlib.absolutepath val=yes as ...
... a boolean
Setting acis_set_ardlib.absolutepath to True (<class 'bool'>)
Entering _validate for name=ardlibfile val=ardlib (type=<class 'str'>) store=True
Validating acis_set_ardlib.ardlibfile val=ardlib as ...
... something else
Setting acis_set_ardlib.ardlibfile to ardlib (<class 'str'>)
Entering _validate for name=verbose val=5 (type=<class 'str'>) store=True
Validating acis_set_ardlib.verbose val=5 as ...
... an integer
Validating acis_set_ardlib.verbose val=5 against min/max=0/5
Setting acis_set_ardlib.verbose to 5 (<class 'int'>)
Read parameters for acis_set_ardlib from /home/henry/sigma-v19ck-rmf-diagnostic/v100/c3432/tmp/tmp0a1rw88b.acis_set_ardlib.par
Deleting par file: /home/henry/sigma-v19ck-rmf-diagnostic/v100/c3432/tmp/tmp0a1rw88b.acis_set_ardlib.par
_update_parfile[ardlib] called for ardlib
Opening parameter file with mode=wLH: 'ardlib'
setting parameter ArdlibDataPath type=s val=$ASCDS_CALIB
setting parameter GENERIC_EFFAREA_FILE type=f val=xrt_ea_v2_0.fits
setting parameter GENERIC_VIGNET_FILE type=f val=/dev/null
setting parameter AXAF_EFFAREA_FILE_0001 type=f val=CALDB
setting parameter AXAF_EFFAREA_FILE_0010 type=f val=CALDB
setting parameter AXAF_EFFAREA_FILE_0100 type=f val=CALDB
setting parameter AXAF_EFFAREA_FILE_1000 type=f val=CALDB
setting parameter AXAF_EFFAREA_FILE_1111 type=f val=CALDB
setting parameter AXAF_VIGNET_FILE_0001 type=f val=CALDB
setting parameter AXAF_VIGNET_FILE_0010 type=f val=CALDB
setting parameter AXAF_VIGNET_FILE_0100 type=f val=CALDB
setting parameter AXAF_VIGNET_FILE_1000 type=f val=CALDB
setting parameter AXAF_VIGNET_FILE_1111 type=f val=CALDB
setting parameter AXAF_ACIS0_QE_FILE type=f val=CALDB
setting parameter AXAF_ACIS1_QE_FILE type=f val=CALDB
setting parameter AXAF_ACIS2_QE_FILE type=f val=CALDB
setting parameter AXAF_ACIS3_QE_FILE type=f val=CALDB
setting parameter AXAF_ACIS4_QE_FILE type=f val=CALDB
setting parameter AXAF_ACIS5_QE_FILE type=f val=CALDB
setting parameter AXAF_ACIS6_QE_FILE type=f val=CALDB
setting parameter AXAF_ACIS7_QE_FILE type=f val=CALDB
setting parameter AXAF_ACIS8_QE_FILE type=f val=CALDB
setting parameter AXAF_ACIS9_QE_FILE type=f val=CALDB
setting parameter AXAF_ACIS0_QEU_FILE type=f val=CALDB
setting parameter AXAF_ACIS1_QEU_FILE type=f val=CALDB
setting parameter AXAF_ACIS2_QEU_FILE type=f val=CALDB
setting parameter AXAF_ACIS3_QEU_FILE type=f val=CALDB
setting parameter AXAF_ACIS4_QEU_FILE type=f val=CALDB
setting parameter AXAF_ACIS5_QEU_FILE type=f val=CALDB
setting parameter AXAF_ACIS6_QEU_FILE type=f val=CALDB
setting parameter AXAF_ACIS7_QEU_FILE type=f val=CALDB
setting parameter AXAF_ACIS8_QEU_FILE type=f val=CALDB
setting parameter AXAF_ACIS9_QEU_FILE type=f val=CALDB
setting parameter AXAF_ACIS0_BADPIX_FILE type=f val=CALDB
setting parameter AXAF_ACIS1_BADPIX_FILE type=f val=CALDB
setting parameter AXAF_ACIS2_BADPIX_FILE type=f val=CALDB
setting parameter AXAF_ACIS3_BADPIX_FILE type=f val=CALDB
setting parameter AXAF_ACIS4_BADPIX_FILE type=f val=CALDB
setting parameter AXAF_ACIS5_BADPIX_FILE type=f val=CALDB
setting parameter AXAF_ACIS6_BADPIX_FILE type=f val=CALDB
setting parameter AXAF_ACIS7_BADPIX_FILE type=f val=CALDB
setting parameter AXAF_ACIS8_BADPIX_FILE type=f val=CALDB
setting parameter AXAF_ACIS9_BADPIX_FILE type=f val=CALDB
setting parameter AXAF_ACIS0_CONTAM_FILE type=f val=CALDB
setting parameter AXAF_ACIS1_CONTAM_FILE type=f val=CALDB
setting parameter AXAF_ACIS2_CONTAM_FILE type=f val=CALDB
setting parameter AXAF_ACIS3_CONTAM_FILE type=f val=CALDB
setting parameter AXAF_ACIS4_CONTAM_FILE type=f val=CALDB
setting parameter AXAF_ACIS5_CONTAM_FILE type=f val=CALDB
setting parameter AXAF_ACIS6_CONTAM_FILE type=f val=CALDB
setting parameter AXAF_ACIS7_CONTAM_FILE type=f val=CALDB
setting parameter AXAF_ACIS8_CONTAM_FILE type=f val=CALDB
setting parameter AXAF_ACIS9_CONTAM_FILE type=f val=CALDB
setting parameter AXAF_HRC_I_QE_FILE->AXAF_HRC-I_QE_FILE type=f val=CALDB
setting parameter AXAF_HRC_I_QEU_FILE->AXAF_HRC-I_QEU_FILE type=f val=CALDB
setting parameter AXAF_HRC_I_BADPIX_FILE->AXAF_HRC-I_BADPIX_FILE type=f val=NONE
setting parameter AXAF_HRC_S1_QE_FILE->AXAF_HRC-S1_QE_FILE type=f val=CALDB
setting parameter AXAF_HRC_S2_QE_FILE->AXAF_HRC-S2_QE_FILE type=f val=CALDB
setting parameter AXAF_HRC_S3_QE_FILE->AXAF_HRC-S3_QE_FILE type=f val=CALDB
setting parameter AXAF_HRC_S1_QEU_FILE->AXAF_HRC-S1_QEU_FILE type=f val=CALDB
setting parameter AXAF_HRC_S2_QEU_FILE->AXAF_HRC-S2_QEU_FILE type=f val=CALDB
setting parameter AXAF_HRC_S3_QEU_FILE->AXAF_HRC-S3_QEU_FILE type=f val=CALDB
setting parameter AXAF_HRC_S_BADPIX_FILE->AXAF_HRC-S_BADPIX_FILE type=f val=NONE
setting parameter AXAF_HETG_1000_FILE type=f val=CALDB
setting parameter AXAF_HETG_0100_FILE type=f val=CALDB
setting parameter AXAF_HETG_0010_FILE type=f val=CALDB
setting parameter AXAF_HETG_0001_FILE type=f val=CALDB
setting parameter AXAF_LETG_1000_FILE type=f val=CALDB
setting parameter AXAF_LETG_0100_FILE type=f val=CALDB
setting parameter AXAF_LETG_0010_FILE type=f val=CALDB
setting parameter AXAF_LETG_0001_FILE type=f val=CALDB
setting parameter AXAF_HETG_1100_LSF_FILE type=f val=CALDB
setting parameter AXAF_HETG_0011_LSF_FILE type=f val=CALDB
setting parameter AXAF_LETG_1111_LSF_FILE type=f val=CALDB
setting parameter AXAF_RMF_FILE type=f val=CALDB
setting parameter AXAF_GAIN_FILE type=f val=CALDB
Verifying parameter settings
verifying parameter ArdlibDataPath type=s is val=$ASCDS_CALIB
verifying parameter GENERIC_EFFAREA_FILE type=f is val=xrt_ea_v2_0.fits
verifying parameter GENERIC_VIGNET_FILE type=f is val=/dev/null
verifying parameter AXAF_EFFAREA_FILE_0001 type=f is val=CALDB
verifying parameter AXAF_EFFAREA_FILE_0010 type=f is val=CALDB
verifying parameter AXAF_EFFAREA_FILE_0100 type=f is val=CALDB
verifying parameter AXAF_EFFAREA_FILE_1000 type=f is val=CALDB
verifying parameter AXAF_EFFAREA_FILE_1111 type=f is val=CALDB
verifying parameter AXAF_VIGNET_FILE_0001 type=f is val=CALDB
verifying parameter AXAF_VIGNET_FILE_0010 type=f is val=CALDB
verifying parameter AXAF_VIGNET_FILE_0100 type=f is val=CALDB
verifying parameter AXAF_VIGNET_FILE_1000 type=f is val=CALDB
verifying parameter AXAF_VIGNET_FILE_1111 type=f is val=CALDB
verifying parameter AXAF_ACIS0_QE_FILE type=f is val=CALDB
verifying parameter AXAF_ACIS1_QE_FILE type=f is val=CALDB
verifying parameter AXAF_ACIS2_QE_FILE type=f is val=CALDB
verifying parameter AXAF_ACIS3_QE_FILE type=f is val=CALDB
verifying parameter AXAF_ACIS4_QE_FILE type=f is val=CALDB
verifying parameter AXAF_ACIS5_QE_FILE type=f is val=CALDB
verifying parameter AXAF_ACIS6_QE_FILE type=f is val=CALDB
verifying parameter AXAF_ACIS7_QE_FILE type=f is val=CALDB
verifying parameter AXAF_ACIS8_QE_FILE type=f is val=CALDB
verifying parameter AXAF_ACIS9_QE_FILE type=f is val=CALDB
verifying parameter AXAF_ACIS0_QEU_FILE type=f is val=CALDB
verifying parameter AXAF_ACIS1_QEU_FILE type=f is val=CALDB
verifying parameter AXAF_ACIS2_QEU_FILE type=f is val=CALDB
verifying parameter AXAF_ACIS3_QEU_FILE type=f is val=CALDB
verifying parameter AXAF_ACIS4_QEU_FILE type=f is val=CALDB
verifying parameter AXAF_ACIS5_QEU_FILE type=f is val=CALDB
verifying parameter AXAF_ACIS6_QEU_FILE type=f is val=CALDB
verifying parameter AXAF_ACIS7_QEU_FILE type=f is val=CALDB
verifying parameter AXAF_ACIS8_QEU_FILE type=f is val=CALDB
verifying parameter AXAF_ACIS9_QEU_FILE type=f is val=CALDB
verifying parameter AXAF_ACIS0_BADPIX_FILE type=f is val=CALDB
verifying parameter AXAF_ACIS1_BADPIX_FILE type=f is val=CALDB
verifying parameter AXAF_ACIS2_BADPIX_FILE type=f is val=CALDB
verifying parameter AXAF_ACIS3_BADPIX_FILE type=f is val=CALDB
verifying parameter AXAF_ACIS4_BADPIX_FILE type=f is val=CALDB
verifying parameter AXAF_ACIS5_BADPIX_FILE type=f is val=CALDB
verifying parameter AXAF_ACIS6_BADPIX_FILE type=f is val=CALDB
verifying parameter AXAF_ACIS7_BADPIX_FILE type=f is val=CALDB
verifying parameter AXAF_ACIS8_BADPIX_FILE type=f is val=CALDB
verifying parameter AXAF_ACIS9_BADPIX_FILE type=f is val=CALDB
verifying parameter AXAF_ACIS0_CONTAM_FILE type=f is val=CALDB
verifying parameter AXAF_ACIS1_CONTAM_FILE type=f is val=CALDB
verifying parameter AXAF_ACIS2_CONTAM_FILE type=f is val=CALDB
verifying parameter AXAF_ACIS3_CONTAM_FILE type=f is val=CALDB
verifying parameter AXAF_ACIS4_CONTAM_FILE type=f is val=CALDB
verifying parameter AXAF_ACIS5_CONTAM_FILE type=f is val=CALDB
verifying parameter AXAF_ACIS6_CONTAM_FILE type=f is val=CALDB
verifying parameter AXAF_ACIS7_CONTAM_FILE type=f is val=CALDB
verifying parameter AXAF_ACIS8_CONTAM_FILE type=f is val=CALDB
verifying parameter AXAF_ACIS9_CONTAM_FILE type=f is val=CALDB
verifying parameter AXAF_HRC_I_QE_FILE<-AXAF_HRC-I_QE_FILE type=f is val=CALDB
verifying parameter AXAF_HRC_I_QEU_FILE<-AXAF_HRC-I_QEU_FILE type=f is val=CALDB
verifying parameter AXAF_HRC_I_BADPIX_FILE<-AXAF_HRC-I_BADPIX_FILE type=f is val=NONE
verifying parameter AXAF_HRC_S1_QE_FILE<-AXAF_HRC-S1_QE_FILE type=f is val=CALDB
verifying parameter AXAF_HRC_S2_QE_FILE<-AXAF_HRC-S2_QE_FILE type=f is val=CALDB
verifying parameter AXAF_HRC_S3_QE_FILE<-AXAF_HRC-S3_QE_FILE type=f is val=CALDB
verifying parameter AXAF_HRC_S1_QEU_FILE<-AXAF_HRC-S1_QEU_FILE type=f is val=CALDB
verifying parameter AXAF_HRC_S2_QEU_FILE<-AXAF_HRC-S2_QEU_FILE type=f is val=CALDB
verifying parameter AXAF_HRC_S3_QEU_FILE<-AXAF_HRC-S3_QEU_FILE type=f is val=CALDB
verifying parameter AXAF_HRC_S_BADPIX_FILE<-AXAF_HRC-S_BADPIX_FILE type=f is val=NONE
verifying parameter AXAF_HETG_1000_FILE type=f is val=CALDB
verifying parameter AXAF_HETG_0100_FILE type=f is val=CALDB
verifying parameter AXAF_HETG_0010_FILE type=f is val=CALDB
verifying parameter AXAF_HETG_0001_FILE type=f is val=CALDB
verifying parameter AXAF_LETG_1000_FILE type=f is val=CALDB
verifying parameter AXAF_LETG_0100_FILE type=f is val=CALDB
verifying parameter AXAF_LETG_0010_FILE type=f is val=CALDB
verifying parameter AXAF_LETG_0001_FILE type=f is val=CALDB
verifying parameter AXAF_HETG_1100_LSF_FILE type=f is val=CALDB
verifying parameter AXAF_HETG_0011_LSF_FILE type=f is val=CALDB
verifying parameter AXAF_LETG_1111_LSF_FILE type=f is val=CALDB
verifying parameter AXAF_RMF_FILE type=f is val=CALDB
verifying parameter AXAF_GAIN_FILE type=f is val=CALDB
_update_parfile[ardlib] returning {}
Wrote to the ardlib parameter file
_create_parfile_copy called for acis_set_ardlib with parfile=None
Copying par file /home/henry/miniforge3/envs/sigma-ciao-4.18/param/acis_set_ardlib.par to /home/henry/sigma-v19ck-rmf-diagnostic/v100/c3432/tmp/tmpudsotxql.acis_set_ardlib.par
_update_parfile[acis_set_ardlib] called for /home/henry/sigma-v19ck-rmf-diagnostic/v100/c3432/tmp/tmpudsotxql.acis_set_ardlib.par
Opening parameter file with mode=wLH: '/home/henry/sigma-v19ck-rmf-diagnostic/v100/c3432/tmp/tmpudsotxql.acis_set_ardlib.par'
setting parameter badpixfile type=f val=/home/henry/sigma-v19f-chandra/repro/BULLET/5358/acisf05358_repro_bpix1.fits
setting parameter absolutepath type=b val=True
setting parameter ardlibfile type=f val=ardlib
setting parameter verbose type=i val=5
Verifying parameter settings
verifying parameter badpixfile type=f is val=/home/henry/sigma-v19f-chandra/repro/BULLET/5358/acisf05358_repro_bpix1.fits
verifying parameter absolutepath type=b is val=True
verifying parameter ardlibfile type=f is val=ardlib
verifying parameter verbose type=i is val=5
_update_parfile[acis_set_ardlib] returning {}
Running tool acis_set_ardlib using:
>>> acis_set_ardlib /home/henry/sigma-v19f-chandra/repro/BULLET/5358/acisf05358_repro_bpix1.fits verbose=5
***** Start of parameter file
** badpixfile,f,a,"/home/henry/sigma-v19f-chandra/repro/BULLET/5358/acisf05358_repro_bpix1.fits",,,"Bad pixel file for the observation"
** absolutepath,b,h,yes,,,"Use an absolute path in the parameter file"
** ardlibfile,f,h,"ardlib",,,"Parameter file to change"
** verbose,i,h,5,0,5,"Verbosity (0 for no screen output)"
** mode,s,h,"hl",,,
***** End of parameter file
Starting acis_set_ardlib at Wed Aug  5 13:10:00 2026
acis_set_ardlib finished at Wed Aug  5 13:10:00 2026
Run time = < 1 sec
Return code = 0
***** Start of parameter file
** badpixfile,f,a,"/home/henry/sigma-v19f-chandra/repro/BULLET/5358/acisf05358_repro_bpix1.fits",,,"Bad pixel file for the observation"
** absolutepath,b,h,yes,,,"Use an absolute path in the parameter file"
** ardlibfile,f,h,"ardlib",,,"Parameter file to change"
** verbose,i,h,5,0,5,"Verbosity (0 for no screen output)"
** mode,s,h,"hl",,,
***** End of parameter file
Entering _validate for name=badpixfile val=/home/henry/sigma-v19f-chandra/repro/BULLET/5358/acisf05358_repro_bpix1.fits (type=<class 'str'>) store=True
Validating acis_set_ardlib.badpixfile val=/home/henry/sigma-v19f-chandra/repro/BULLET/5358/acisf05358_repro_bpix1.fits as ...
... something else
Setting acis_set_ardlib.badpixfile to /home/henry/sigma-v19f-chandra/repro/BULLET/5358/acisf05358_repro_bpix1.fits (<class 'str'>)
Entering _validate for name=absolutepath val=yes (type=<class 'str'>) store=True
Validating acis_set_ardlib.absolutepath val=yes as ...
... a boolean
Setting acis_set_ardlib.absolutepath to True (<class 'bool'>)
Entering _validate for name=ardlibfile val=ardlib (type=<class 'str'>) store=True
Validating acis_set_ardlib.ardlibfile val=ardlib as ...
... something else
Setting acis_set_ardlib.ardlibfile to ardlib (<class 'str'>)
Entering _validate for name=verbose val=5 (type=<class 'str'>) store=True
Validating acis_set_ardlib.verbose val=5 as ...
... an integer
Validating acis_set_ardlib.verbose val=5 against min/max=0/5
Setting acis_set_ardlib.verbose to 5 (<class 'int'>)
Read parameters for acis_set_ardlib from /home/henry/sigma-v19ck-rmf-diagnostic/v100/c3432/tmp/tmpudsotxql.acis_set_ardlib.par
Deleting par file: /home/henry/sigma-v19ck-rmf-diagnostic/v100/c3432/tmp/tmpudsotxql.acis_set_ardlib.par
About to overide user PFILES setting: ['/home/henry/sigma-v19ck-rmf-diagnostic/v100/c3432/tmp/tmpdirlhg35g1z'] from /home/henry/sigma-v19ck-rmf-diagnostic/v100/c3432/tmp/tmpdirlhg35g1z;/home/henry/miniforge3/envs/sigma-ciao-4.18/param
Setting up /home/henry/sigma-v19ck-rmf-diagnostic/v100/c3432/tmp/tmpdirceq5rjdd as new user PFILES directory
Calling punlearn on tool acis_fef_lookup
Calling punlearn on tool sky2tdet
Calling punlearn on tool dmimgfilt
About to restore PFILES setting to /home/henry/sigma-v19ck-rmf-diagnostic/v100/c3432/tmp/tmpdirlhg35g1z;/home/henry/miniforge3/envs/sigma-ciao-4.18/param
About to restore PFILES setting to /home/henry/sigma-v19ck-rmf-diagnostic/v100/c3432/pfiles;/home/henry/miniforge3/envs/sigma-ciao-4.18/param
About to overide user PFILES setting: ['/home/henry/sigma-v19ck-rmf-diagnostic/v100/c3432/pfiles'] from /home/henry/sigma-v19ck-rmf-diagnostic/v100/c3432/pfiles;/home/henry/miniforge3/envs/sigma-ciao-4.18/param
Setting up /home/henry/sigma-v19ck-rmf-diagnostic/v100/c3432/tmp/tmpdir_pks5eej as new user PFILES directory
About to copy over ardlib parameter file: /home/henry/miniforge3/envs/sigma-ciao-4.18/param/ardlib.par
Calling punlearn on tool ardlib
Calling punlearn on tool acis_set_ardlib
Entering _validate for name=ArdlibDataPath val=$ASCDS_CALIB (type=<class 'str'>) store=True
Validating ardlib.ArdlibDataPath val=$ASCDS_CALIB as ...
... something else
Setting ardlib.ArdlibDataPath to $ASCDS_CALIB (<class 'str'>)
Entering _validate for name=GENERIC_EFFAREA_FILE val=xrt_ea_v2_0.fits (type=<class 'str'>) store=True
Validating ardlib.GENERIC_EFFAREA_FILE val=xrt_ea_v2_0.fits as ...
... something else
Setting ardlib.GENERIC_EFFAREA_FILE to xrt_ea_v2_0.fits (<class 'str'>)
Entering _validate for name=GENERIC_VIGNET_FILE val=/dev/null (type=<class 'str'>) store=True
Validating ardlib.GENERIC_VIGNET_FILE val=/dev/null as ...
... something else
Setting ardlib.GENERIC_VIGNET_FILE to /dev/null (<class 'str'>)
Entering _validate for name=AXAF_EFFAREA_FILE_0001 val=CALDB (type=<class 'str'>) store=True
Validating ardlib.AXAF_EFFAREA_FILE_0001 val=CALDB as ...
... something else
Setting ardlib.AXAF_EFFAREA_FILE_0001 to CALDB (<class 'str'>)
Entering _validate for name=AXAF_EFFAREA_FILE_0010 val=CALDB (type=<class 'str'>) store=True
Validating ardlib.AXAF_EFFAREA_FILE_0010 val=CALDB as ...
... something else
Setting ardlib.AXAF_EFFAREA_FILE_0010 to CALDB (<class 'str'>)
Entering _validate for name=AXAF_EFFAREA_FILE_0100 val=CALDB (type=<class 'str'>) store=True
Validating ardlib.AXAF_EFFAREA_FILE_0100 val=CALDB as ...
... something else
Setting ardlib.AXAF_EFFAREA_FILE_0100 to CALDB (<class 'str'>)
Entering _validate for name=AXAF_EFFAREA_FILE_1000 val=CALDB (type=<class 'str'>) store=True
Validating ardlib.AXAF_EFFAREA_FILE_1000 val=CALDB as ...
... something else
Setting ardlib.AXAF_EFFAREA_FILE_1000 to CALDB (<class 'str'>)
Entering _validate for name=AXAF_EFFAREA_FILE_1111 val=CALDB (type=<class 'str'>) store=True
Validating ardlib.AXAF_EFFAREA_FILE_1111 val=CALDB as ...
... something else
Setting ardlib.AXAF_EFFAREA_FILE_1111 to CALDB (<class 'str'>)
Entering _validate for name=AXAF_VIGNET_FILE_0001 val=CALDB (type=<class 'str'>) store=True
Validating ardlib.AXAF_VIGNET_FILE_0001 val=CALDB as ...
... something else
Setting ardlib.AXAF_VIGNET_FILE_0001 to CALDB (<class 'str'>)
Entering _validate for name=AXAF_VIGNET_FILE_0010 val=CALDB (type=<class 'str'>) store=True
Validating ardlib.AXAF_VIGNET_FILE_0010 val=CALDB as ...
... something else
Setting ardlib.AXAF_VIGNET_FILE_0010 to CALDB (<class 'str'>)
Entering _validate for name=AXAF_VIGNET_FILE_0100 val=CALDB (type=<class 'str'>) store=True
Validating ardlib.AXAF_VIGNET_FILE_0100 val=CALDB as ...
... something else
Setting ardlib.AXAF_VIGNET_FILE_0100 to CALDB (<class 'str'>)
Entering _validate for name=AXAF_VIGNET_FILE_1000 val=CALDB (type=<class 'str'>) store=True
Validating ardlib.AXAF_VIGNET_FILE_1000 val=CALDB as ...
... something else
Setting ardlib.AXAF_VIGNET_FILE_1000 to CALDB (<class 'str'>)
Entering _validate for name=AXAF_VIGNET_FILE_1111 val=CALDB (type=<class 'str'>) store=True
Validating ardlib.AXAF_VIGNET_FILE_1111 val=CALDB as ...
... something else
Setting ardlib.AXAF_VIGNET_FILE_1111 to CALDB (<class 'str'>)
Entering _validate for name=AXAF_ACIS0_QE_FILE val=CALDB (type=<class 'str'>) store=True
Validating ardlib.AXAF_ACIS0_QE_FILE val=CALDB as ...
... something else
Setting ardlib.AXAF_ACIS0_QE_FILE to CALDB (<class 'str'>)
Entering _validate for name=AXAF_ACIS1_QE_FILE val=CALDB (type=<class 'str'>) store=True
Validating ardlib.AXAF_ACIS1_QE_FILE val=CALDB as ...
... something else
Setting ardlib.AXAF_ACIS1_QE_FILE to CALDB (<class 'str'>)
Entering _validate for name=AXAF_ACIS2_QE_FILE val=CALDB (type=<class 'str'>) store=True
Validating ardlib.AXAF_ACIS2_QE_FILE val=CALDB as ...
... something else
Setting ardlib.AXAF_ACIS2_QE_FILE to CALDB (<class 'str'>)
Entering _validate for name=AXAF_ACIS3_QE_FILE val=CALDB (type=<class 'str'>) store=True
Validating ardlib.AXAF_ACIS3_QE_FILE val=CALDB as ...
... something else
Setting ardlib.AXAF_ACIS3_QE_FILE to CALDB (<class 'str'>)
Entering _validate for name=AXAF_ACIS4_QE_FILE val=CALDB (type=<class 'str'>) store=True
Validating ardlib.AXAF_ACIS4_QE_FILE val=CALDB as ...
... something else
Setting ardlib.AXAF_ACIS4_QE_FILE to CALDB (<class 'str'>)
Entering _validate for name=AXAF_ACIS5_QE_FILE val=CALDB (type=<class 'str'>) store=True
Validating ardlib.AXAF_ACIS5_QE_FILE val=CALDB as ...
... something else
Setting ardlib.AXAF_ACIS5_QE_FILE to CALDB (<class 'str'>)
Entering _validate for name=AXAF_ACIS6_QE_FILE val=CALDB (type=<class 'str'>) store=True
Validating ardlib.AXAF_ACIS6_QE_FILE val=CALDB as ...
... something else
Setting ardlib.AXAF_ACIS6_QE_FILE to CALDB (<class 'str'>)
Entering _validate for name=AXAF_ACIS7_QE_FILE val=CALDB (type=<class 'str'>) store=True
Validating ardlib.AXAF_ACIS7_QE_FILE val=CALDB as ...
... something else
Setting ardlib.AXAF_ACIS7_QE_FILE to CALDB (<class 'str'>)
Entering _validate for name=AXAF_ACIS8_QE_FILE val=CALDB (type=<class 'str'>) store=True
Validating ardlib.AXAF_ACIS8_QE_FILE val=CALDB as ...
... something else
Setting ardlib.AXAF_ACIS8_QE_FILE to CALDB (<class 'str'>)
Entering _validate for name=AXAF_ACIS9_QE_FILE val=CALDB (type=<class 'str'>) store=True
Validating ardlib.AXAF_ACIS9_QE_FILE val=CALDB as ...
... something else
Setting ardlib.AXAF_ACIS9_QE_FILE to CALDB (<class 'str'>)
Entering _validate for name=AXAF_ACIS0_QEU_FILE val=CALDB (type=<class 'str'>) store=True
Validating ardlib.AXAF_ACIS0_QEU_FILE val=CALDB as ...
... something else
Setting ardlib.AXAF_ACIS0_QEU_FILE to CALDB (<class 'str'>)
Entering _validate for name=AXAF_ACIS1_QEU_FILE val=CALDB (type=<class 'str'>) store=True
Validating ardlib.AXAF_ACIS1_QEU_FILE val=CALDB as ...
... something else
Setting ardlib.AXAF_ACIS1_QEU_FILE to CALDB (<class 'str'>)
Entering _validate for name=AXAF_ACIS2_QEU_FILE val=CALDB (type=<class 'str'>) store=True
Validating ardlib.AXAF_ACIS2_QEU_FILE val=CALDB as ...
... something else
Setting ardlib.AXAF_ACIS2_QEU_FILE to CALDB (<class 'str'>)
Entering _validate for name=AXAF_ACIS3_QEU_FILE val=CALDB (type=<class 'str'>) store=True
Validating ardlib.AXAF_ACIS3_QEU_FILE val=CALDB as ...
... something else
Setting ardlib.AXAF_ACIS3_QEU_FILE to CALDB (<class 'str'>)
Entering _validate for name=AXAF_ACIS4_QEU_FILE val=CALDB (type=<class 'str'>) store=True
Validating ardlib.AXAF_ACIS4_QEU_FILE val=CALDB as ...
... something else
Setting ardlib.AXAF_ACIS4_QEU_FILE to CALDB (<class 'str'>)
Entering _validate for name=AXAF_ACIS5_QEU_FILE val=CALDB (type=<class 'str'>) store=True
Validating ardlib.AXAF_ACIS5_QEU_FILE val=CALDB as ...
... something else
Setting ardlib.AXAF_ACIS5_QEU_FILE to CALDB (<class 'str'>)
Entering _validate for name=AXAF_ACIS6_QEU_FILE val=CALDB (type=<class 'str'>) store=True
Validating ardlib.AXAF_ACIS6_QEU_FILE val=CALDB as ...
... something else
Setting ardlib.AXAF_ACIS6_QEU_FILE to CALDB (<class 'str'>)
Entering _validate for name=AXAF_ACIS7_QEU_FILE val=CALDB (type=<class 'str'>) store=True
Validating ardlib.AXAF_ACIS7_QEU_FILE val=CALDB as ...
... something else
Setting ardlib.AXAF_ACIS7_QEU_FILE to CALDB (<class 'str'>)
Entering _validate for name=AXAF_ACIS8_QEU_FILE val=CALDB (type=<class 'str'>) store=True
Validating ardlib.AXAF_ACIS8_QEU_FILE val=CALDB as ...
... something else
Setting ardlib.AXAF_ACIS8_QEU_FILE to CALDB (<class 'str'>)
Entering _validate for name=AXAF_ACIS9_QEU_FILE val=CALDB (type=<class 'str'>) store=True
Validating ardlib.AXAF_ACIS9_QEU_FILE val=CALDB as ...
... something else
Setting ardlib.AXAF_ACIS9_QEU_FILE to CALDB (<class 'str'>)
Entering _validate for name=AXAF_ACIS0_BADPIX_FILE val=CALDB (type=<class 'str'>) store=True
Validating ardlib.AXAF_ACIS0_BADPIX_FILE val=CALDB as ...
... something else
Setting ardlib.AXAF_ACIS0_BADPIX_FILE to CALDB (<class 'str'>)
Entering _validate for name=AXAF_ACIS1_BADPIX_FILE val=CALDB (type=<class 'str'>) store=True
Validating ardlib.AXAF_ACIS1_BADPIX_FILE val=CALDB as ...
... something else
Setting ardlib.AXAF_ACIS1_BADPIX_FILE to CALDB (<class 'str'>)
Entering _validate for name=AXAF_ACIS2_BADPIX_FILE val=CALDB (type=<class 'str'>) store=True
Validating ardlib.AXAF_ACIS2_BADPIX_FILE val=CALDB as ...
... something else
Setting ardlib.AXAF_ACIS2_BADPIX_FILE to CALDB (<class 'str'>)
Entering _validate for name=AXAF_ACIS3_BADPIX_FILE val=CALDB (type=<class 'str'>) store=True
Validating ardlib.AXAF_ACIS3_BADPIX_FILE val=CALDB as ...
... something else
Setting ardlib.AXAF_ACIS3_BADPIX_FILE to CALDB (<class 'str'>)
Entering _validate for name=AXAF_ACIS4_BADPIX_FILE val=CALDB (type=<class 'str'>) store=True
Validating ardlib.AXAF_ACIS4_BADPIX_FILE val=CALDB as ...
... something else
Setting ardlib.AXAF_ACIS4_BADPIX_FILE to CALDB (<class 'str'>)
Entering _validate for name=AXAF_ACIS5_BADPIX_FILE val=CALDB (type=<class 'str'>) store=True
Validating ardlib.AXAF_ACIS5_BADPIX_FILE val=CALDB as ...
... something else
Setting ardlib.AXAF_ACIS5_BADPIX_FILE to CALDB (<class 'str'>)
Entering _validate for name=AXAF_ACIS6_BADPIX_FILE val=CALDB (type=<class 'str'>) store=True
Validating ardlib.AXAF_ACIS6_BADPIX_FILE val=CALDB as ...
... something else
Setting ardlib.AXAF_ACIS6_BADPIX_FILE to CALDB (<class 'str'>)
Entering _validate for name=AXAF_ACIS7_BADPIX_FILE val=CALDB (type=<class 'str'>) store=True
Validating ardlib.AXAF_ACIS7_BADPIX_FILE val=CALDB as ...
... something else
Setting ardlib.AXAF_ACIS7_BADPIX_FILE to CALDB (<class 'str'>)
Entering _validate for name=AXAF_ACIS8_BADPIX_FILE val=CALDB (type=<class 'str'>) store=True
Validating ardlib.AXAF_ACIS8_BADPIX_FILE val=CALDB as ...
... something else
Setting ardlib.AXAF_ACIS8_BADPIX_FILE to CALDB (<class 'str'>)
Entering _validate for name=AXAF_ACIS9_BADPIX_FILE val=CALDB (type=<class 'str'>) store=True
Validating ardlib.AXAF_ACIS9_BADPIX_FILE val=CALDB as ...
... something else
Setting ardlib.AXAF_ACIS9_BADPIX_FILE to CALDB (<class 'str'>)
Entering _validate for name=AXAF_ACIS0_CONTAM_FILE val=CALDB (type=<class 'str'>) store=True
Validating ardlib.AXAF_ACIS0_CONTAM_FILE val=CALDB as ...
... something else
Setting ardlib.AXAF_ACIS0_CONTAM_FILE to CALDB (<class 'str'>)
Entering _validate for name=AXAF_ACIS1_CONTAM_FILE val=CALDB (type=<class 'str'>) store=True
Validating ardlib.AXAF_ACIS1_CONTAM_FILE val=CALDB as ...
... something else
Setting ardlib.AXAF_ACIS1_CONTAM_FILE to CALDB (<class 'str'>)
Entering _validate for name=AXAF_ACIS2_CONTAM_FILE val=CALDB (type=<class 'str'>) store=True
Validating ardlib.AXAF_ACIS2_CONTAM_FILE val=CALDB as ...
... something else
Setting ardlib.AXAF_ACIS2_CONTAM_FILE to CALDB (<class 'str'>)
Entering _validate for name=AXAF_ACIS3_CONTAM_FILE val=CALDB (type=<class 'str'>) store=True
Validating ardlib.AXAF_ACIS3_CONTAM_FILE val=CALDB as ...
... something else
Setting ardlib.AXAF_ACIS3_CONTAM_FILE to CALDB (<class 'str'>)
Entering _validate for name=AXAF_ACIS4_CONTAM_FILE val=CALDB (type=<class 'str'>) store=True
Validating ardlib.AXAF_ACIS4_CONTAM_FILE val=CALDB as ...
... something else
Setting ardlib.AXAF_ACIS4_CONTAM_FILE to CALDB (<class 'str'>)
Entering _validate for name=AXAF_ACIS5_CONTAM_FILE val=CALDB (type=<class 'str'>) store=True
Validating ardlib.AXAF_ACIS5_CONTAM_FILE val=CALDB as ...
... something else
Setting ardlib.AXAF_ACIS5_CONTAM_FILE to CALDB (<class 'str'>)
Entering _validate for name=AXAF_ACIS6_CONTAM_FILE val=CALDB (type=<class 'str'>) store=True
Validating ardlib.AXAF_ACIS6_CONTAM_FILE val=CALDB as ...
... something else
Setting ardlib.AXAF_ACIS6_CONTAM_FILE to CALDB (<class 'str'>)
Entering _validate for name=AXAF_ACIS7_CONTAM_FILE val=CALDB (type=<class 'str'>) store=True
Validating ardlib.AXAF_ACIS7_CONTAM_FILE val=CALDB as ...
... something else
Setting ardlib.AXAF_ACIS7_CONTAM_FILE to CALDB (<class 'str'>)
Entering _validate for name=AXAF_ACIS8_CONTAM_FILE val=CALDB (type=<class 'str'>) store=True
Validating ardlib.AXAF_ACIS8_CONTAM_FILE val=CALDB as ...
... something else
Setting ardlib.AXAF_ACIS8_CONTAM_FILE to CALDB (<class 'str'>)
Entering _validate for name=AXAF_ACIS9_CONTAM_FILE val=CALDB (type=<class 'str'>) store=True
Validating ardlib.AXAF_ACIS9_CONTAM_FILE val=CALDB as ...
... something else
Setting ardlib.AXAF_ACIS9_CONTAM_FILE to CALDB (<class 'str'>)
Entering _validate for name=AXAF_HRC_I_QE_FILE val=CALDB (type=<class 'str'>) store=True
Validating ardlib.AXAF_HRC_I_QE_FILE val=CALDB as ...
... something else
Setting ardlib.AXAF_HRC_I_QE_FILE to CALDB (<class 'str'>)
Entering _validate for name=AXAF_HRC_I_QEU_FILE val=CALDB (type=<class 'str'>) store=True
Validating ardlib.AXAF_HRC_I_QEU_FILE val=CALDB as ...
... something else
Setting ardlib.AXAF_HRC_I_QEU_FILE to CALDB (<class 'str'>)
Entering _validate for name=AXAF_HRC_I_BADPIX_FILE val=NONE (type=<class 'str'>) store=True
Validating ardlib.AXAF_HRC_I_BADPIX_FILE val=NONE as ...
... something else
Setting ardlib.AXAF_HRC_I_BADPIX_FILE to NONE (<class 'str'>)
Entering _validate for name=AXAF_HRC_S1_QE_FILE val=CALDB (type=<class 'str'>) store=True
Validating ardlib.AXAF_HRC_S1_QE_FILE val=CALDB as ...
... something else
Setting ardlib.AXAF_HRC_S1_QE_FILE to CALDB (<class 'str'>)
Entering _validate for name=AXAF_HRC_S2_QE_FILE val=CALDB (type=<class 'str'>) store=True
Validating ardlib.AXAF_HRC_S2_QE_FILE val=CALDB as ...
... something else
Setting ardlib.AXAF_HRC_S2_QE_FILE to CALDB (<class 'str'>)
Entering _validate for name=AXAF_HRC_S3_QE_FILE val=CALDB (type=<class 'str'>) store=True
Validating ardlib.AXAF_HRC_S3_QE_FILE val=CALDB as ...
... something else
Setting ardlib.AXAF_HRC_S3_QE_FILE to CALDB (<class 'str'>)
Entering _validate for name=AXAF_HRC_S1_QEU_FILE val=CALDB (type=<class 'str'>) store=True
Validating ardlib.AXAF_HRC_S1_QEU_FILE val=CALDB as ...
... something else
Setting ardlib.AXAF_HRC_S1_QEU_FILE to CALDB (<class 'str'>)
Entering _validate for name=AXAF_HRC_S2_QEU_FILE val=CALDB (type=<class 'str'>) store=True
Validating ardlib.AXAF_HRC_S2_QEU_FILE val=CALDB as ...
... something else
Setting ardlib.AXAF_HRC_S2_QEU_FILE to CALDB (<class 'str'>)
Entering _validate for name=AXAF_HRC_S3_QEU_FILE val=CALDB (type=<class 'str'>) store=True
Validating ardlib.AXAF_HRC_S3_QEU_FILE val=CALDB as ...
... something else
Setting ardlib.AXAF_HRC_S3_QEU_FILE to CALDB (<class 'str'>)
Entering _validate for name=AXAF_HRC_S_BADPIX_FILE val=NONE (type=<class 'str'>) store=True
Validating ardlib.AXAF_HRC_S_BADPIX_FILE val=NONE as ...
... something else
Setting ardlib.AXAF_HRC_S_BADPIX_FILE to NONE (<class 'str'>)
Entering _validate for name=AXAF_HETG_1000_FILE val=CALDB (type=<class 'str'>) store=True
Validating ardlib.AXAF_HETG_1000_FILE val=CALDB as ...
... something else
Setting ardlib.AXAF_HETG_1000_FILE to CALDB (<class 'str'>)
Entering _validate for name=AXAF_HETG_0100_FILE val=CALDB (type=<class 'str'>) store=True
Validating ardlib.AXAF_HETG_0100_FILE val=CALDB as ...
... something else
Setting ardlib.AXAF_HETG_0100_FILE to CALDB (<class 'str'>)
Entering _validate for name=AXAF_HETG_0010_FILE val=CALDB (type=<class 'str'>) store=True
Validating ardlib.AXAF_HETG_0010_FILE val=CALDB as ...
... something else
Setting ardlib.AXAF_HETG_0010_FILE to CALDB (<class 'str'>)
Entering _validate for name=AXAF_HETG_0001_FILE val=CALDB (type=<class 'str'>) store=True
Validating ardlib.AXAF_HETG_0001_FILE val=CALDB as ...
... something else
Setting ardlib.AXAF_HETG_0001_FILE to CALDB (<class 'str'>)
Entering _validate for name=AXAF_LETG_1000_FILE val=CALDB (type=<class 'str'>) store=True
Validating ardlib.AXAF_LETG_1000_FILE val=CALDB as ...
... something else
Setting ardlib.AXAF_LETG_1000_FILE to CALDB (<class 'str'>)
Entering _validate for name=AXAF_LETG_0100_FILE val=CALDB (type=<class 'str'>) store=True
Validating ardlib.AXAF_LETG_0100_FILE val=CALDB as ...
... something else
Setting ardlib.AXAF_LETG_0100_FILE to CALDB (<class 'str'>)
Entering _validate for name=AXAF_LETG_0010_FILE val=CALDB (type=<class 'str'>) store=True
Validating ardlib.AXAF_LETG_0010_FILE val=CALDB as ...
... something else
Setting ardlib.AXAF_LETG_0010_FILE to CALDB (<class 'str'>)
Entering _validate for name=AXAF_LETG_0001_FILE val=CALDB (type=<class 'str'>) store=True
Validating ardlib.AXAF_LETG_0001_FILE val=CALDB as ...
... something else
Setting ardlib.AXAF_LETG_0001_FILE to CALDB (<class 'str'>)
Entering _validate for name=AXAF_HETG_1100_LSF_FILE val=CALDB (type=<class 'str'>) store=True
Validating ardlib.AXAF_HETG_1100_LSF_FILE val=CALDB as ...
... something else
Setting ardlib.AXAF_HETG_1100_LSF_FILE to CALDB (<class 'str'>)
Entering _validate for name=AXAF_HETG_0011_LSF_FILE val=CALDB (type=<class 'str'>) store=True
Validating ardlib.AXAF_HETG_0011_LSF_FILE val=CALDB as ...
... something else
Setting ardlib.AXAF_HETG_0011_LSF_FILE to CALDB (<class 'str'>)
Entering _validate for name=AXAF_LETG_1111_LSF_FILE val=CALDB (type=<class 'str'>) store=True
Validating ardlib.AXAF_LETG_1111_LSF_FILE val=CALDB as ...
... something else
Setting ardlib.AXAF_LETG_1111_LSF_FILE to CALDB (<class 'str'>)
Entering _validate for name=AXAF_RMF_FILE val=CALDB (type=<class 'str'>) store=True
Validating ardlib.AXAF_RMF_FILE val=CALDB as ...
... something else
Setting ardlib.AXAF_RMF_FILE to CALDB (<class 'str'>)
Entering _validate for name=AXAF_GAIN_FILE val=CALDB (type=<class 'str'>) store=True
Validating ardlib.AXAF_GAIN_FILE val=CALDB as ...
... something else
Setting ardlib.AXAF_GAIN_FILE to CALDB (<class 'str'>)
Read from the ardlib parameter file
Calling punlearn on tool acis_set_ardlib
Entering _validate for name=badpixfile val=/home/henry/sigma-v19f-chandra/repro/BULLET/5358/acisf05358_repro_bpix1.fits (type=<class 'str'>) store=True
Validating acis_set_ardlib.badpixfile val=/home/henry/sigma-v19f-chandra/repro/BULLET/5358/acisf05358_repro_bpix1.fits as ...
... something else
Setting acis_set_ardlib.badpixfile to /home/henry/sigma-v19f-chandra/repro/BULLET/5358/acisf05358_repro_bpix1.fits (<class 'str'>)
Entering _validate for name=verbose val=5 (type=<class 'int'>) store=True
Validating acis_set_ardlib.verbose val=5 as ...
... an integer
Validating acis_set_ardlib.verbose val=5 against min/max=0/5
Setting acis_set_ardlib.verbose to 5 (<class 'int'>)
_create_parfile_copy called for acis_set_ardlib with parfile=None
Copying par file /home/henry/miniforge3/envs/sigma-ciao-4.18/param/acis_set_ardlib.par to /home/henry/sigma-v19ck-rmf-diagnostic/v100/c3432/tmp/tmp0bb012c6.acis_set_ardlib.par
_update_parfile[acis_set_ardlib] called for /home/henry/sigma-v19ck-rmf-diagnostic/v100/c3432/tmp/tmp0bb012c6.acis_set_ardlib.par
Opening parameter file with mode=wLH: '/home/henry/sigma-v19ck-rmf-diagnostic/v100/c3432/tmp/tmp0bb012c6.acis_set_ardlib.par'
setting parameter badpixfile type=f val=/home/henry/sigma-v19f-chandra/repro/BULLET/5358/acisf05358_repro_bpix1.fits
setting parameter absolutepath type=b val=True
setting parameter ardlibfile type=f val=ardlib
setting parameter verbose type=i val=5
Verifying parameter settings
verifying parameter badpixfile type=f is val=/home/henry/sigma-v19f-chandra/repro/BULLET/5358/acisf05358_repro_bpix1.fits
verifying parameter absolutepath type=b is val=True
verifying parameter ardlibfile type=f is val=ardlib
verifying parameter verbose type=i is val=5
_update_parfile[acis_set_ardlib] returning {}
Running tool acis_set_ardlib using:
>>> acis_set_ardlib /home/henry/sigma-v19f-chandra/repro/BULLET/5358/acisf05358_repro_bpix1.fits verbose=5
***** Start of parameter file
** badpixfile,f,a,"/home/henry/sigma-v19f-chandra/repro/BULLET/5358/acisf05358_repro_bpix1.fits",,,"Bad pixel file for the observation"
** absolutepath,b,h,yes,,,"Use an absolute path in the parameter file"
** ardlibfile,f,h,"ardlib",,,"Parameter file to change"
** verbose,i,h,5,0,5,"Verbosity (0 for no screen output)"
** mode,s,h,"hl",,,
***** End of parameter file
Starting acis_set_ardlib at Wed Aug  5 13:10:01 2026
acis_set_ardlib finished at Wed Aug  5 13:10:01 2026
Run time = < 1 sec
Return code = 0
***** Start of parameter file
** badpixfile,f,a,"/home/henry/sigma-v19f-chandra/repro/BULLET/5358/acisf05358_repro_bpix1.fits",,,"Bad pixel file for the observation"
** absolutepath,b,h,yes,,,"Use an absolute path in the parameter file"
** ardlibfile,f,h,"ardlib",,,"Parameter file to change"
** verbose,i,h,5,0,5,"Verbosity (0 for no screen output)"
** mode,s,h,"hl",,,
***** End of parameter file
Entering _validate for name=badpixfile val=/home/henry/sigma-v19f-chandra/repro/BULLET/5358/acisf05358_repro_bpix1.fits (type=<class 'str'>) store=True
Validating acis_set_ardlib.badpixfile val=/home/henry/sigma-v19f-chandra/repro/BULLET/5358/acisf05358_repro_bpix1.fits as ...
... something else
Setting acis_set_ardlib.badpixfile to /home/henry/sigma-v19f-chandra/repro/BULLET/5358/acisf05358_repro_bpix1.fits (<class 'str'>)
Entering _validate for name=absolutepath val=yes (type=<class 'str'>) store=True
Validating acis_set_ardlib.absolutepath val=yes as ...
... a boolean
Setting acis_set_ardlib.absolutepath to True (<class 'bool'>)
Entering _validate for name=ardlibfile val=ardlib (type=<class 'str'>) store=True
Validating acis_set_ardlib.ardlibfile val=ardlib as ...
... something else
Setting acis_set_ardlib.ardlibfile to ardlib (<class 'str'>)
Entering _validate for name=verbose val=5 (type=<class 'str'>) store=True
Validating acis_set_ardlib.verbose val=5 as ...
... an integer
Validating acis_set_ardlib.verbose val=5 against min/max=0/5
Setting acis_set_ardlib.verbose to 5 (<class 'int'>)
Read parameters for acis_set_ardlib from /home/henry/sigma-v19ck-rmf-diagnostic/v100/c3432/tmp/tmp0bb012c6.acis_set_ardlib.par
Deleting par file: /home/henry/sigma-v19ck-rmf-diagnostic/v100/c3432/tmp/tmp0bb012c6.acis_set_ardlib.par
_update_parfile[ardlib] called for ardlib
Opening parameter file with mode=wLH: 'ardlib'
setting parameter ArdlibDataPath type=s val=$ASCDS_CALIB
setting parameter GENERIC_EFFAREA_FILE type=f val=xrt_ea_v2_0.fits
setting parameter GENERIC_VIGNET_FILE type=f val=/dev/null
setting parameter AXAF_EFFAREA_FILE_0001 type=f val=CALDB
setting parameter AXAF_EFFAREA_FILE_0010 type=f val=CALDB
setting parameter AXAF_EFFAREA_FILE_0100 type=f val=CALDB
setting parameter AXAF_EFFAREA_FILE_1000 type=f val=CALDB
setting parameter AXAF_EFFAREA_FILE_1111 type=f val=CALDB
setting parameter AXAF_VIGNET_FILE_0001 type=f val=CALDB
setting parameter AXAF_VIGNET_FILE_0010 type=f val=CALDB
setting parameter AXAF_VIGNET_FILE_0100 type=f val=CALDB
setting parameter AXAF_VIGNET_FILE_1000 type=f val=CALDB
setting parameter AXAF_VIGNET_FILE_1111 type=f val=CALDB
setting parameter AXAF_ACIS0_QE_FILE type=f val=CALDB
setting parameter AXAF_ACIS1_QE_FILE type=f val=CALDB
setting parameter AXAF_ACIS2_QE_FILE type=f val=CALDB
setting parameter AXAF_ACIS3_QE_FILE type=f val=CALDB
setting parameter AXAF_ACIS4_QE_FILE type=f val=CALDB
setting parameter AXAF_ACIS5_QE_FILE type=f val=CALDB
setting parameter AXAF_ACIS6_QE_FILE type=f val=CALDB
setting parameter AXAF_ACIS7_QE_FILE type=f val=CALDB
setting parameter AXAF_ACIS8_QE_FILE type=f val=CALDB
setting parameter AXAF_ACIS9_QE_FILE type=f val=CALDB
setting parameter AXAF_ACIS0_QEU_FILE type=f val=CALDB
setting parameter AXAF_ACIS1_QEU_FILE type=f val=CALDB
setting parameter AXAF_ACIS2_QEU_FILE type=f val=CALDB
setting parameter AXAF_ACIS3_QEU_FILE type=f val=CALDB
setting parameter AXAF_ACIS4_QEU_FILE type=f val=CALDB
setting parameter AXAF_ACIS5_QEU_FILE type=f val=CALDB
setting parameter AXAF_ACIS6_QEU_FILE type=f val=CALDB
setting parameter AXAF_ACIS7_QEU_FILE type=f val=CALDB
setting parameter AXAF_ACIS8_QEU_FILE type=f val=CALDB
setting parameter AXAF_ACIS9_QEU_FILE type=f val=CALDB
setting parameter AXAF_ACIS0_BADPIX_FILE type=f val=CALDB
setting parameter AXAF_ACIS1_BADPIX_FILE type=f val=CALDB
setting parameter AXAF_ACIS2_BADPIX_FILE type=f val=CALDB
setting parameter AXAF_ACIS3_BADPIX_FILE type=f val=CALDB
setting parameter AXAF_ACIS4_BADPIX_FILE type=f val=CALDB
setting parameter AXAF_ACIS5_BADPIX_FILE type=f val=CALDB
setting parameter AXAF_ACIS6_BADPIX_FILE type=f val=CALDB
setting parameter AXAF_ACIS7_BADPIX_FILE type=f val=CALDB
setting parameter AXAF_ACIS8_BADPIX_FILE type=f val=CALDB
setting parameter AXAF_ACIS9_BADPIX_FILE type=f val=CALDB
setting parameter AXAF_ACIS0_CONTAM_FILE type=f val=CALDB
setting parameter AXAF_ACIS1_CONTAM_FILE type=f val=CALDB
setting parameter AXAF_ACIS2_CONTAM_FILE type=f val=CALDB
setting parameter AXAF_ACIS3_CONTAM_FILE type=f val=CALDB
setting parameter AXAF_ACIS4_CONTAM_FILE type=f val=CALDB
setting parameter AXAF_ACIS5_CONTAM_FILE type=f val=CALDB
setting parameter AXAF_ACIS6_CONTAM_FILE type=f val=CALDB
setting parameter AXAF_ACIS7_CONTAM_FILE type=f val=CALDB
setting parameter AXAF_ACIS8_CONTAM_FILE type=f val=CALDB
setting parameter AXAF_ACIS9_CONTAM_FILE type=f val=CALDB
setting parameter AXAF_HRC_I_QE_FILE->AXAF_HRC-I_QE_FILE type=f val=CALDB
setting parameter AXAF_HRC_I_QEU_FILE->AXAF_HRC-I_QEU_FILE type=f val=CALDB
setting parameter AXAF_HRC_I_BADPIX_FILE->AXAF_HRC-I_BADPIX_FILE type=f val=NONE
setting parameter AXAF_HRC_S1_QE_FILE->AXAF_HRC-S1_QE_FILE type=f val=CALDB
setting parameter AXAF_HRC_S2_QE_FILE->AXAF_HRC-S2_QE_FILE type=f val=CALDB
setting parameter AXAF_HRC_S3_QE_FILE->AXAF_HRC-S3_QE_FILE type=f val=CALDB
setting parameter AXAF_HRC_S1_QEU_FILE->AXAF_HRC-S1_QEU_FILE type=f val=CALDB
setting parameter AXAF_HRC_S2_QEU_FILE->AXAF_HRC-S2_QEU_FILE type=f val=CALDB
setting parameter AXAF_HRC_S3_QEU_FILE->AXAF_HRC-S3_QEU_FILE type=f val=CALDB
setting parameter AXAF_HRC_S_BADPIX_FILE->AXAF_HRC-S_BADPIX_FILE type=f val=NONE
setting parameter AXAF_HETG_1000_FILE type=f val=CALDB
setting parameter AXAF_HETG_0100_FILE type=f val=CALDB
setting parameter AXAF_HETG_0010_FILE type=f val=CALDB
setting parameter AXAF_HETG_0001_FILE type=f val=CALDB
setting parameter AXAF_LETG_1000_FILE type=f val=CALDB
setting parameter AXAF_LETG_0100_FILE type=f val=CALDB
setting parameter AXAF_LETG_0010_FILE type=f val=CALDB
setting parameter AXAF_LETG_0001_FILE type=f val=CALDB
setting parameter AXAF_HETG_1100_LSF_FILE type=f val=CALDB
setting parameter AXAF_HETG_0011_LSF_FILE type=f val=CALDB
setting parameter AXAF_LETG_1111_LSF_FILE type=f val=CALDB
setting parameter AXAF_RMF_FILE type=f val=CALDB
setting parameter AXAF_GAIN_FILE type=f val=CALDB
Verifying parameter settings
verifying parameter ArdlibDataPath type=s is val=$ASCDS_CALIB
verifying parameter GENERIC_EFFAREA_FILE type=f is val=xrt_ea_v2_0.fits
verifying parameter GENERIC_VIGNET_FILE type=f is val=/dev/null
verifying parameter AXAF_EFFAREA_FILE_0001 type=f is val=CALDB
verifying parameter AXAF_EFFAREA_FILE_0010 type=f is val=CALDB
verifying parameter AXAF_EFFAREA_FILE_0100 type=f is val=CALDB
verifying parameter AXAF_EFFAREA_FILE_1000 type=f is val=CALDB
verifying parameter AXAF_EFFAREA_FILE_1111 type=f is val=CALDB
verifying parameter AXAF_VIGNET_FILE_0001 type=f is val=CALDB
verifying parameter AXAF_VIGNET_FILE_0010 type=f is val=CALDB
verifying parameter AXAF_VIGNET_FILE_0100 type=f is val=CALDB
verifying parameter AXAF_VIGNET_FILE_1000 type=f is val=CALDB
verifying parameter AXAF_VIGNET_FILE_1111 type=f is val=CALDB
verifying parameter AXAF_ACIS0_QE_FILE type=f is val=CALDB
verifying parameter AXAF_ACIS1_QE_FILE type=f is val=CALDB
verifying parameter AXAF_ACIS2_QE_FILE type=f is val=CALDB
verifying parameter AXAF_ACIS3_QE_FILE type=f is val=CALDB
verifying parameter AXAF_ACIS4_QE_FILE type=f is val=CALDB
verifying parameter AXAF_ACIS5_QE_FILE type=f is val=CALDB
verifying parameter AXAF_ACIS6_QE_FILE type=f is val=CALDB
verifying parameter AXAF_ACIS7_QE_FILE type=f is val=CALDB
verifying parameter AXAF_ACIS8_QE_FILE type=f is val=CALDB
verifying parameter AXAF_ACIS9_QE_FILE type=f is val=CALDB
verifying parameter AXAF_ACIS0_QEU_FILE type=f is val=CALDB
verifying parameter AXAF_ACIS1_QEU_FILE type=f is val=CALDB
verifying parameter AXAF_ACIS2_QEU_FILE type=f is val=CALDB
verifying parameter AXAF_ACIS3_QEU_FILE type=f is val=CALDB
verifying parameter AXAF_ACIS4_QEU_FILE type=f is val=CALDB
verifying parameter AXAF_ACIS5_QEU_FILE type=f is val=CALDB
verifying parameter AXAF_ACIS6_QEU_FILE type=f is val=CALDB
verifying parameter AXAF_ACIS7_QEU_FILE type=f is val=CALDB
verifying parameter AXAF_ACIS8_QEU_FILE type=f is val=CALDB
verifying parameter AXAF_ACIS9_QEU_FILE type=f is val=CALDB
verifying parameter AXAF_ACIS0_BADPIX_FILE type=f is val=CALDB
verifying parameter AXAF_ACIS1_BADPIX_FILE type=f is val=CALDB
verifying parameter AXAF_ACIS2_BADPIX_FILE type=f is val=CALDB
verifying parameter AXAF_ACIS3_BADPIX_FILE type=f is val=CALDB
verifying parameter AXAF_ACIS4_BADPIX_FILE type=f is val=CALDB
verifying parameter AXAF_ACIS5_BADPIX_FILE type=f is val=CALDB
verifying parameter AXAF_ACIS6_BADPIX_FILE type=f is val=CALDB
verifying parameter AXAF_ACIS7_BADPIX_FILE type=f is val=CALDB
verifying parameter AXAF_ACIS8_BADPIX_FILE type=f is val=CALDB
verifying parameter AXAF_ACIS9_BADPIX_FILE type=f is val=CALDB
verifying parameter AXAF_ACIS0_CONTAM_FILE type=f is val=CALDB
verifying parameter AXAF_ACIS1_CONTAM_FILE type=f is val=CALDB
verifying parameter AXAF_ACIS2_CONTAM_FILE type=f is val=CALDB
verifying parameter AXAF_ACIS3_CONTAM_FILE type=f is val=CALDB
verifying parameter AXAF_ACIS4_CONTAM_FILE type=f is val=CALDB
verifying parameter AXAF_ACIS5_CONTAM_FILE type=f is val=CALDB
verifying parameter AXAF_ACIS6_CONTAM_FILE type=f is val=CALDB
verifying parameter AXAF_ACIS7_CONTAM_FILE type=f is val=CALDB
verifying parameter AXAF_ACIS8_CONTAM_FILE type=f is val=CALDB
verifying parameter AXAF_ACIS9_CONTAM_FILE type=f is val=CALDB
verifying parameter AXAF_HRC_I_QE_FILE<-AXAF_HRC-I_QE_FILE type=f is val=CALDB
verifying parameter AXAF_HRC_I_QEU_FILE<-AXAF_HRC-I_QEU_FILE type=f is val=CALDB
verifying parameter AXAF_HRC_I_BADPIX_FILE<-AXAF_HRC-I_BADPIX_FILE type=f is val=NONE
verifying parameter AXAF_HRC_S1_QE_FILE<-AXAF_HRC-S1_QE_FILE type=f is val=CALDB
verifying parameter AXAF_HRC_S2_QE_FILE<-AXAF_HRC-S2_QE_FILE type=f is val=CALDB
verifying parameter AXAF_HRC_S3_QE_FILE<-AXAF_HRC-S3_QE_FILE type=f is val=CALDB
verifying parameter AXAF_HRC_S1_QEU_FILE<-AXAF_HRC-S1_QEU_FILE type=f is val=CALDB
verifying parameter AXAF_HRC_S2_QEU_FILE<-AXAF_HRC-S2_QEU_FILE type=f is val=CALDB
verifying parameter AXAF_HRC_S3_QEU_FILE<-AXAF_HRC-S3_QEU_FILE type=f is val=CALDB
verifying parameter AXAF_HRC_S_BADPIX_FILE<-AXAF_HRC-S_BADPIX_FILE type=f is val=NONE
verifying parameter AXAF_HETG_1000_FILE type=f is val=CALDB
verifying parameter AXAF_HETG_0100_FILE type=f is val=CALDB
verifying parameter AXAF_HETG_0010_FILE type=f is val=CALDB
verifying parameter AXAF_HETG_0001_FILE type=f is val=CALDB
verifying parameter AXAF_LETG_1000_FILE type=f is val=CALDB
verifying parameter AXAF_LETG_0100_FILE type=f is val=CALDB
verifying parameter AXAF_LETG_0010_FILE type=f is val=CALDB
verifying parameter AXAF_LETG_0001_FILE type=f is val=CALDB
verifying parameter AXAF_HETG_1100_LSF_FILE type=f is val=CALDB
verifying parameter AXAF_HETG_0011_LSF_FILE type=f is val=CALDB
verifying parameter AXAF_LETG_1111_LSF_FILE type=f is val=CALDB
verifying parameter AXAF_RMF_FILE type=f is val=CALDB
verifying parameter AXAF_GAIN_FILE type=f is val=CALDB
_update_parfile[ardlib] returning {}
Wrote to the ardlib parameter file
_create_parfile_copy called for acis_set_ardlib with parfile=None
Copying par file /home/henry/miniforge3/envs/sigma-ciao-4.18/param/acis_set_ardlib.par to /home/henry/sigma-v19ck-rmf-diagnostic/v100/c3432/tmp/tmp4_1tmt_s.acis_set_ardlib.par
_update_parfile[acis_set_ardlib] called for /home/henry/sigma-v19ck-rmf-diagnostic/v100/c3432/tmp/tmp4_1tmt_s.acis_set_ardlib.par
Opening parameter file with mode=wLH: '/home/henry/sigma-v19ck-rmf-diagnostic/v100/c3432/tmp/tmp4_1tmt_s.acis_set_ardlib.par'
setting parameter badpixfile type=f val=/home/henry/sigma-v19f-chandra/repro/BULLET/5358/acisf05358_repro_bpix1.fits
setting parameter absolutepath type=b val=True
setting parameter ardlibfile type=f val=ardlib
setting parameter verbose type=i val=5
Verifying parameter settings
verifying parameter badpixfile type=f is val=/home/henry/sigma-v19f-chandra/repro/BULLET/5358/acisf05358_repro_bpix1.fits
verifying parameter absolutepath type=b is val=True
verifying parameter ardlibfile type=f is val=ardlib
verifying parameter verbose type=i is val=5
_update_parfile[acis_set_ardlib] returning {}
Running tool acis_set_ardlib using:
>>> acis_set_ardlib /home/henry/sigma-v19f-chandra/repro/BULLET/5358/acisf05358_repro_bpix1.fits verbose=5
***** Start of parameter file
** badpixfile,f,a,"/home/henry/sigma-v19f-chandra/repro/BULLET/5358/acisf05358_repro_bpix1.fits",,,"Bad pixel file for the observation"
** absolutepath,b,h,yes,,,"Use an absolute path in the parameter file"
** ardlibfile,f,h,"ardlib",,,"Parameter file to change"
** verbose,i,h,5,0,5,"Verbosity (0 for no screen output)"
** mode,s,h,"hl",,,
***** End of parameter file
Starting acis_set_ardlib at Wed Aug  5 13:10:01 2026
acis_set_ardlib finished at Wed Aug  5 13:10:01 2026
Run time = < 1 sec
Return code = 0
***** Start of parameter file
** badpixfile,f,a,"/home/henry/sigma-v19f-chandra/repro/BULLET/5358/acisf05358_repro_bpix1.fits",,,"Bad pixel file for the observation"
** absolutepath,b,h,yes,,,"Use an absolute path in the parameter file"
** ardlibfile,f,h,"ardlib",,,"Parameter file to change"
** verbose,i,h,5,0,5,"Verbosity (0 for no screen output)"
** mode,s,h,"hl",,,
***** End of parameter file
Entering _validate for name=badpixfile val=/home/henry/sigma-v19f-chandra/repro/BULLET/5358/acisf05358_repro_bpix1.fits (type=<class 'str'>) store=True
Validating acis_set_ardlib.badpixfile val=/home/henry/sigma-v19f-chandra/repro/BULLET/5358/acisf05358_repro_bpix1.fits as ...
... something else
Setting acis_set_ardlib.badpixfile to /home/henry/sigma-v19f-chandra/repro/BULLET/5358/acisf05358_repro_bpix1.fits (<class 'str'>)
Entering _validate for name=absolutepath val=yes (type=<class 'str'>) store=True
Validating acis_set_ardlib.absolutepath val=yes as ...
... a boolean
Setting acis_set_ardlib.absolutepath to True (<class 'bool'>)
Entering _validate for name=ardlibfile val=ardlib (type=<class 'str'>) store=True
Validating acis_set_ardlib.ardlibfile val=ardlib as ...
... something else
Setting acis_set_ardlib.ardlibfile to ardlib (<class 'str'>)
Entering _validate for name=verbose val=5 (type=<class 'str'>) store=True
Validating acis_set_ardlib.verbose val=5 as ...
... an integer
Validating acis_set_ardlib.verbose val=5 against min/max=0/5
Setting acis_set_ardlib.verbose to 5 (<class 'int'>)
Read parameters for acis_set_ardlib from /home/henry/sigma-v19ck-rmf-diagnostic/v100/c3432/tmp/tmp4_1tmt_s.acis_set_ardlib.par
Deleting par file: /home/henry/sigma-v19ck-rmf-diagnostic/v100/c3432/tmp/tmp4_1tmt_s.acis_set_ardlib.par
About to overide user PFILES setting: ['/home/henry/sigma-v19ck-rmf-diagnostic/v100/c3432/tmp/tmpdir_pks5eej'] from /home/henry/sigma-v19ck-rmf-diagnostic/v100/c3432/tmp/tmpdir_pks5eej;/home/henry/miniforge3/envs/sigma-ciao-4.18/param
Setting up /home/henry/sigma-v19ck-rmf-diagnostic/v100/c3432/tmp/tmpdir359l6u00 as new user PFILES directory
About to copy over ardlib parameter file: /home/henry/sigma-v19ck-rmf-diagnostic/v100/c3432/tmp/tmpdir_pks5eej/ardlib.par
Calling punlearn on tool ardlib
Calling punlearn on tool acis_set_ardlib
Entering _validate for name=ArdlibDataPath val=$ASCDS_CALIB (type=<class 'str'>) store=True
Validating ardlib.ArdlibDataPath val=$ASCDS_CALIB as ...
... something else
Setting ardlib.ArdlibDataPath to $ASCDS_CALIB (<class 'str'>)
Entering _validate for name=GENERIC_EFFAREA_FILE val=xrt_ea_v2_0.fits (type=<class 'str'>) store=True
Validating ardlib.GENERIC_EFFAREA_FILE val=xrt_ea_v2_0.fits as ...
... something else
Setting ardlib.GENERIC_EFFAREA_FILE to xrt_ea_v2_0.fits (<class 'str'>)
Entering _validate for name=GENERIC_VIGNET_FILE val=/dev/null (type=<class 'str'>) store=True
Validating ardlib.GENERIC_VIGNET_FILE val=/dev/null as ...
... something else
Setting ardlib.GENERIC_VIGNET_FILE to /dev/null (<class 'str'>)
Entering _validate for name=AXAF_EFFAREA_FILE_0001 val=CALDB (type=<class 'str'>) store=True
Validating ardlib.AXAF_EFFAREA_FILE_0001 val=CALDB as ...
... something else
Setting ardlib.AXAF_EFFAREA_FILE_0001 to CALDB (<class 'str'>)
Entering _validate for name=AXAF_EFFAREA_FILE_0010 val=CALDB (type=<class 'str'>) store=True
Validating ardlib.AXAF_EFFAREA_FILE_0010 val=CALDB as ...
... something else
Setting ardlib.AXAF_EFFAREA_FILE_0010 to CALDB (<class 'str'>)
Entering _validate for name=AXAF_EFFAREA_FILE_0100 val=CALDB (type=<class 'str'>) store=True
Validating ardlib.AXAF_EFFAREA_FILE_0100 val=CALDB as ...
... something else
Setting ardlib.AXAF_EFFAREA_FILE_0100 to CALDB (<class 'str'>)
Entering _validate for name=AXAF_EFFAREA_FILE_1000 val=CALDB (type=<class 'str'>) store=True
Validating ardlib.AXAF_EFFAREA_FILE_1000 val=CALDB as ...
... something else
Setting ardlib.AXAF_EFFAREA_FILE_1000 to CALDB (<class 'str'>)
Entering _validate for name=AXAF_EFFAREA_FILE_1111 val=CALDB (type=<class 'str'>) store=True
Validating ardlib.AXAF_EFFAREA_FILE_1111 val=CALDB as ...
... something else
Setting ardlib.AXAF_EFFAREA_FILE_1111 to CALDB (<class 'str'>)
Entering _validate for name=AXAF_VIGNET_FILE_0001 val=CALDB (type=<class 'str'>) store=True
Validating ardlib.AXAF_VIGNET_FILE_0001 val=CALDB as ...
... something else
Setting ardlib.AXAF_VIGNET_FILE_0001 to CALDB (<class 'str'>)
Entering _validate for name=AXAF_VIGNET_FILE_0010 val=CALDB (type=<class 'str'>) store=True
Validating ardlib.AXAF_VIGNET_FILE_0010 val=CALDB as ...
... something else
Setting ardlib.AXAF_VIGNET_FILE_0010 to CALDB (<class 'str'>)
Entering _validate for name=AXAF_VIGNET_FILE_0100 val=CALDB (type=<class 'str'>) store=True
Validating ardlib.AXAF_VIGNET_FILE_0100 val=CALDB as ...
... something else
Setting ardlib.AXAF_VIGNET_FILE_0100 to CALDB (<class 'str'>)
Entering _validate for name=AXAF_VIGNET_FILE_1000 val=CALDB (type=<class 'str'>) store=True
Validating ardlib.AXAF_VIGNET_FILE_1000 val=CALDB as ...
... something else
Setting ardlib.AXAF_VIGNET_FILE_1000 to CALDB (<class 'str'>)
Entering _validate for name=AXAF_VIGNET_FILE_1111 val=CALDB (type=<class 'str'>) store=True
Validating ardlib.AXAF_VIGNET_FILE_1111 val=CALDB as ...
... something else
Setting ardlib.AXAF_VIGNET_FILE_1111 to CALDB (<class 'str'>)
Entering _validate for name=AXAF_ACIS0_QE_FILE val=CALDB (type=<class 'str'>) store=True
Validating ardlib.AXAF_ACIS0_QE_FILE val=CALDB as ...
... something else
Setting ardlib.AXAF_ACIS0_QE_FILE to CALDB (<class 'str'>)
Entering _validate for name=AXAF_ACIS1_QE_FILE val=CALDB (type=<class 'str'>) store=True
Validating ardlib.AXAF_ACIS1_QE_FILE val=CALDB as ...
... something else
Setting ardlib.AXAF_ACIS1_QE_FILE to CALDB (<class 'str'>)
Entering _validate for name=AXAF_ACIS2_QE_FILE val=CALDB (type=<class 'str'>) store=True
Validating ardlib.AXAF_ACIS2_QE_FILE val=CALDB as ...
... something else
Setting ardlib.AXAF_ACIS2_QE_FILE to CALDB (<class 'str'>)
Entering _validate for name=AXAF_ACIS3_QE_FILE val=CALDB (type=<class 'str'>) store=True
Validating ardlib.AXAF_ACIS3_QE_FILE val=CALDB as ...
... something else
Setting ardlib.AXAF_ACIS3_QE_FILE to CALDB (<class 'str'>)
Entering _validate for name=AXAF_ACIS4_QE_FILE val=CALDB (type=<class 'str'>) store=True
Validating ardlib.AXAF_ACIS4_QE_FILE val=CALDB as ...
... something else
Setting ardlib.AXAF_ACIS4_QE_FILE to CALDB (<class 'str'>)
Entering _validate for name=AXAF_ACIS5_QE_FILE val=CALDB (type=<class 'str'>) store=True
Validating ardlib.AXAF_ACIS5_QE_FILE val=CALDB as ...
... something else
Setting ardlib.AXAF_ACIS5_QE_FILE to CALDB (<class 'str'>)
Entering _validate for name=AXAF_ACIS6_QE_FILE val=CALDB (type=<class 'str'>) store=True
Validating ardlib.AXAF_ACIS6_QE_FILE val=CALDB as ...
... something else
Setting ardlib.AXAF_ACIS6_QE_FILE to CALDB (<class 'str'>)
Entering _validate for name=AXAF_ACIS7_QE_FILE val=CALDB (type=<class 'str'>) store=True
Validating ardlib.AXAF_ACIS7_QE_FILE val=CALDB as ...
... something else
Setting ardlib.AXAF_ACIS7_QE_FILE to CALDB (<class 'str'>)
Entering _validate for name=AXAF_ACIS8_QE_FILE val=CALDB (type=<class 'str'>) store=True
Validating ardlib.AXAF_ACIS8_QE_FILE val=CALDB as ...
... something else
Setting ardlib.AXAF_ACIS8_QE_FILE to CALDB (<class 'str'>)
Entering _validate for name=AXAF_ACIS9_QE_FILE val=CALDB (type=<class 'str'>) store=True
Validating ardlib.AXAF_ACIS9_QE_FILE val=CALDB as ...
... something else
Setting ardlib.AXAF_ACIS9_QE_FILE to CALDB (<class 'str'>)
Entering _validate for name=AXAF_ACIS0_QEU_FILE val=CALDB (type=<class 'str'>) store=True
Validating ardlib.AXAF_ACIS0_QEU_FILE val=CALDB as ...
... something else
Setting ardlib.AXAF_ACIS0_QEU_FILE to CALDB (<class 'str'>)
Entering _validate for name=AXAF_ACIS1_QEU_FILE val=CALDB (type=<class 'str'>) store=True
Validating ardlib.AXAF_ACIS1_QEU_FILE val=CALDB as ...
... something else
Setting ardlib.AXAF_ACIS1_QEU_FILE to CALDB (<class 'str'>)
Entering _validate for name=AXAF_ACIS2_QEU_FILE val=CALDB (type=<class 'str'>) store=True
Validating ardlib.AXAF_ACIS2_QEU_FILE val=CALDB as ...
... something else
Setting ardlib.AXAF_ACIS2_QEU_FILE to CALDB (<class 'str'>)
Entering _validate for name=AXAF_ACIS3_QEU_FILE val=CALDB (type=<class 'str'>) store=True
Validating ardlib.AXAF_ACIS3_QEU_FILE val=CALDB as ...
... something else
Setting ardlib.AXAF_ACIS3_QEU_FILE to CALDB (<class 'str'>)
Entering _validate for name=AXAF_ACIS4_QEU_FILE val=CALDB (type=<class 'str'>) store=True
Validating ardlib.AXAF_ACIS4_QEU_FILE val=CALDB as ...
... something else
Setting ardlib.AXAF_ACIS4_QEU_FILE to CALDB (<class 'str'>)
Entering _validate for name=AXAF_ACIS5_QEU_FILE val=CALDB (type=<class 'str'>) store=True
Validating ardlib.AXAF_ACIS5_QEU_FILE val=CALDB as ...
... something else
Setting ardlib.AXAF_ACIS5_QEU_FILE to CALDB (<class 'str'>)
Entering _validate for name=AXAF_ACIS6_QEU_FILE val=CALDB (type=<class 'str'>) store=True
Validating ardlib.AXAF_ACIS6_QEU_FILE val=CALDB as ...
... something else
Setting ardlib.AXAF_ACIS6_QEU_FILE to CALDB (<class 'str'>)
Entering _validate for name=AXAF_ACIS7_QEU_FILE val=CALDB (type=<class 'str'>) store=True
Validating ardlib.AXAF_ACIS7_QEU_FILE val=CALDB as ...
... something else
Setting ardlib.AXAF_ACIS7_QEU_FILE to CALDB (<class 'str'>)
Entering _validate for name=AXAF_ACIS8_QEU_FILE val=CALDB (type=<class 'str'>) store=True
Validating ardlib.AXAF_ACIS8_QEU_FILE val=CALDB as ...
... something else
Setting ardlib.AXAF_ACIS8_QEU_FILE to CALDB (<class 'str'>)
Entering _validate for name=AXAF_ACIS9_QEU_FILE val=CALDB (type=<class 'str'>) store=True
Validating ardlib.AXAF_ACIS9_QEU_FILE val=CALDB as ...
... something else
Setting ardlib.AXAF_ACIS9_QEU_FILE to CALDB (<class 'str'>)
Entering _validate for name=AXAF_ACIS0_BADPIX_FILE val=/home/henry/sigma-v19f-chandra/repro/BULLET/5358/acisf05358_repro_bpix1.fits[BADPIX0] (type=<class 'str'>) store=True
Validating ardlib.AXAF_ACIS0_BADPIX_FILE val=/home/henry/sigma-v19f-chandra/repro/BULLET/5358/acisf05358_repro_bpix1.fits[BADPIX0] as ...
... something else
Setting ardlib.AXAF_ACIS0_BADPIX_FILE to /home/henry/sigma-v19f-chandra/repro/BULLET/5358/acisf05358_repro_bpix1.fits[BADPIX0] (<class 'str'>)
Entering _validate for name=AXAF_ACIS1_BADPIX_FILE val=/home/henry/sigma-v19f-chandra/repro/BULLET/5358/acisf05358_repro_bpix1.fits[BADPIX1] (type=<class 'str'>) store=True
Validating ardlib.AXAF_ACIS1_BADPIX_FILE val=/home/henry/sigma-v19f-chandra/repro/BULLET/5358/acisf05358_repro_bpix1.fits[BADPIX1] as ...
... something else
Setting ardlib.AXAF_ACIS1_BADPIX_FILE to /home/henry/sigma-v19f-chandra/repro/BULLET/5358/acisf05358_repro_bpix1.fits[BADPIX1] (<class 'str'>)
Entering _validate for name=AXAF_ACIS2_BADPIX_FILE val=/home/henry/sigma-v19f-chandra/repro/BULLET/5358/acisf05358_repro_bpix1.fits[BADPIX2] (type=<class 'str'>) store=True
Validating ardlib.AXAF_ACIS2_BADPIX_FILE val=/home/henry/sigma-v19f-chandra/repro/BULLET/5358/acisf05358_repro_bpix1.fits[BADPIX2] as ...
... something else
Setting ardlib.AXAF_ACIS2_BADPIX_FILE to /home/henry/sigma-v19f-chandra/repro/BULLET/5358/acisf05358_repro_bpix1.fits[BADPIX2] (<class 'str'>)
Entering _validate for name=AXAF_ACIS3_BADPIX_FILE val=/home/henry/sigma-v19f-chandra/repro/BULLET/5358/acisf05358_repro_bpix1.fits[BADPIX3] (type=<class 'str'>) store=True
Validating ardlib.AXAF_ACIS3_BADPIX_FILE val=/home/henry/sigma-v19f-chandra/repro/BULLET/5358/acisf05358_repro_bpix1.fits[BADPIX3] as ...
... something else
Setting ardlib.AXAF_ACIS3_BADPIX_FILE to /home/henry/sigma-v19f-chandra/repro/BULLET/5358/acisf05358_repro_bpix1.fits[BADPIX3] (<class 'str'>)
Entering _validate for name=AXAF_ACIS4_BADPIX_FILE val=CALDB (type=<class 'str'>) store=True
Validating ardlib.AXAF_ACIS4_BADPIX_FILE val=CALDB as ...
... something else
Setting ardlib.AXAF_ACIS4_BADPIX_FILE to CALDB (<class 'str'>)
Entering _validate for name=AXAF_ACIS5_BADPIX_FILE val=CALDB (type=<class 'str'>) store=True
Validating ardlib.AXAF_ACIS5_BADPIX_FILE val=CALDB as ...
... something else
Setting ardlib.AXAF_ACIS5_BADPIX_FILE to CALDB (<class 'str'>)
Entering _validate for name=AXAF_ACIS6_BADPIX_FILE val=/home/henry/sigma-v19f-chandra/repro/BULLET/5358/acisf05358_repro_bpix1.fits[BADPIX6] (type=<class 'str'>) store=True
Validating ardlib.AXAF_ACIS6_BADPIX_FILE val=/home/henry/sigma-v19f-chandra/repro/BULLET/5358/acisf05358_repro_bpix1.fits[BADPIX6] as ...
... something else
Setting ardlib.AXAF_ACIS6_BADPIX_FILE to /home/henry/sigma-v19f-chandra/repro/BULLET/5358/acisf05358_repro_bpix1.fits[BADPIX6] (<class 'str'>)
Entering _validate for name=AXAF_ACIS7_BADPIX_FILE val=CALDB (type=<class 'str'>) store=True
Validating ardlib.AXAF_ACIS7_BADPIX_FILE val=CALDB as ...
... something else
Setting ardlib.AXAF_ACIS7_BADPIX_FILE to CALDB (<class 'str'>)
Entering _validate for name=AXAF_ACIS8_BADPIX_FILE val=CALDB (type=<class 'str'>) store=True
Validating ardlib.AXAF_ACIS8_BADPIX_FILE val=CALDB as ...
... something else
Setting ardlib.AXAF_ACIS8_BADPIX_FILE to CALDB (<class 'str'>)
Entering _validate for name=AXAF_ACIS9_BADPIX_FILE val=CALDB (type=<class 'str'>) store=True
Validating ardlib.AXAF_ACIS9_BADPIX_FILE val=CALDB as ...
... something else
Setting ardlib.AXAF_ACIS9_BADPIX_FILE to CALDB (<class 'str'>)
Entering _validate for name=AXAF_ACIS0_CONTAM_FILE val=CALDB (type=<class 'str'>) store=True
Validating ardlib.AXAF_ACIS0_CONTAM_FILE val=CALDB as ...
... something else
Setting ardlib.AXAF_ACIS0_CONTAM_FILE to CALDB (<class 'str'>)
Entering _validate for name=AXAF_ACIS1_CONTAM_FILE val=CALDB (type=<class 'str'>) store=True
Validating ardlib.AXAF_ACIS1_CONTAM_FILE val=CALDB as ...
... something else
Setting ardlib.AXAF_ACIS1_CONTAM_FILE to CALDB (<class 'str'>)
Entering _validate for name=AXAF_ACIS2_CONTAM_FILE val=CALDB (type=<class 'str'>) store=True
Validating ardlib.AXAF_ACIS2_CONTAM_FILE val=CALDB as ...
... something else
Setting ardlib.AXAF_ACIS2_CONTAM_FILE to CALDB (<class 'str'>)
Entering _validate for name=AXAF_ACIS3_CONTAM_FILE val=CALDB (type=<class 'str'>) store=True
Validating ardlib.AXAF_ACIS3_CONTAM_FILE val=CALDB as ...
... something else
Setting ardlib.AXAF_ACIS3_CONTAM_FILE to CALDB (<class 'str'>)
Entering _validate for name=AXAF_ACIS4_CONTAM_FILE val=CALDB (type=<class 'str'>) store=True
Validating ardlib.AXAF_ACIS4_CONTAM_FILE val=CALDB as ...
... something else
Setting ardlib.AXAF_ACIS4_CONTAM_FILE to CALDB (<class 'str'>)
Entering _validate for name=AXAF_ACIS5_CONTAM_FILE val=CALDB (type=<class 'str'>) store=True
Validating ardlib.AXAF_ACIS5_CONTAM_FILE val=CALDB as ...
... something else
Setting ardlib.AXAF_ACIS5_CONTAM_FILE to CALDB (<class 'str'>)
Entering _validate for name=AXAF_ACIS6_CONTAM_FILE val=CALDB (type=<class 'str'>) store=True
Validating ardlib.AXAF_ACIS6_CONTAM_FILE val=CALDB as ...
... something else
Setting ardlib.AXAF_ACIS6_CONTAM_FILE to CALDB (<class 'str'>)
Entering _validate for name=AXAF_ACIS7_CONTAM_FILE val=CALDB (type=<class 'str'>) store=True
Validating ardlib.AXAF_ACIS7_CONTAM_FILE val=CALDB as ...
... something else
Setting ardlib.AXAF_ACIS7_CONTAM_FILE to CALDB (<class 'str'>)
Entering _validate for name=AXAF_ACIS8_CONTAM_FILE val=CALDB (type=<class 'str'>) store=True
Validating ardlib.AXAF_ACIS8_CONTAM_FILE val=CALDB as ...
... something else
Setting ardlib.AXAF_ACIS8_CONTAM_FILE to CALDB (<class 'str'>)
Entering _validate for name=AXAF_ACIS9_CONTAM_FILE val=CALDB (type=<class 'str'>) store=True
Validating ardlib.AXAF_ACIS9_CONTAM_FILE val=CALDB as ...
... something else
Setting ardlib.AXAF_ACIS9_CONTAM_FILE to CALDB (<class 'str'>)
Entering _validate for name=AXAF_HRC_I_QE_FILE val=CALDB (type=<class 'str'>) store=True
Validating ardlib.AXAF_HRC_I_QE_FILE val=CALDB as ...
... something else
Setting ardlib.AXAF_HRC_I_QE_FILE to CALDB (<class 'str'>)
Entering _validate for name=AXAF_HRC_I_QEU_FILE val=CALDB (type=<class 'str'>) store=True
Validating ardlib.AXAF_HRC_I_QEU_FILE val=CALDB as ...
... something else
Setting ardlib.AXAF_HRC_I_QEU_FILE to CALDB (<class 'str'>)
Entering _validate for name=AXAF_HRC_I_BADPIX_FILE val=NONE (type=<class 'str'>) store=True
Validating ardlib.AXAF_HRC_I_BADPIX_FILE val=NONE as ...
... something else
Setting ardlib.AXAF_HRC_I_BADPIX_FILE to NONE (<class 'str'>)
Entering _validate for name=AXAF_HRC_S1_QE_FILE val=CALDB (type=<class 'str'>) store=True
Validating ardlib.AXAF_HRC_S1_QE_FILE val=CALDB as ...
... something else
Setting ardlib.AXAF_HRC_S1_QE_FILE to CALDB (<class 'str'>)
Entering _validate for name=AXAF_HRC_S2_QE_FILE val=CALDB (type=<class 'str'>) store=True
Validating ardlib.AXAF_HRC_S2_QE_FILE val=CALDB as ...
... something else
Setting ardlib.AXAF_HRC_S2_QE_FILE to CALDB (<class 'str'>)
Entering _validate for name=AXAF_HRC_S3_QE_FILE val=CALDB (type=<class 'str'>) store=True
Validating ardlib.AXAF_HRC_S3_QE_FILE val=CALDB as ...
... something else
Setting ardlib.AXAF_HRC_S3_QE_FILE to CALDB (<class 'str'>)
Entering _validate for name=AXAF_HRC_S1_QEU_FILE val=CALDB (type=<class 'str'>) store=True
Validating ardlib.AXAF_HRC_S1_QEU_FILE val=CALDB as ...
... something else
Setting ardlib.AXAF_HRC_S1_QEU_FILE to CALDB (<class 'str'>)
Entering _validate for name=AXAF_HRC_S2_QEU_FILE val=CALDB (type=<class 'str'>) store=True
Validating ardlib.AXAF_HRC_S2_QEU_FILE val=CALDB as ...
... something else
Setting ardlib.AXAF_HRC_S2_QEU_FILE to CALDB (<class 'str'>)
Entering _validate for name=AXAF_HRC_S3_QEU_FILE val=CALDB (type=<class 'str'>) store=True
Validating ardlib.AXAF_HRC_S3_QEU_FILE val=CALDB as ...
... something else
Setting ardlib.AXAF_HRC_S3_QEU_FILE to CALDB (<class 'str'>)
Entering _validate for name=AXAF_HRC_S_BADPIX_FILE val=NONE (type=<class 'str'>) store=True
Validating ardlib.AXAF_HRC_S_BADPIX_FILE val=NONE as ...
... something else
Setting ardlib.AXAF_HRC_S_BADPIX_FILE to NONE (<class 'str'>)
Entering _validate for name=AXAF_HETG_1000_FILE val=CALDB (type=<class 'str'>) store=True
Validating ardlib.AXAF_HETG_1000_FILE val=CALDB as ...
... something else
Setting ardlib.AXAF_HETG_1000_FILE to CALDB (<class 'str'>)
Entering _validate for name=AXAF_HETG_0100_FILE val=CALDB (type=<class 'str'>) store=True
Validating ardlib.AXAF_HETG_0100_FILE val=CALDB as ...
... something else
Setting ardlib.AXAF_HETG_0100_FILE to CALDB (<class 'str'>)
Entering _validate for name=AXAF_HETG_0010_FILE val=CALDB (type=<class 'str'>) store=True
Validating ardlib.AXAF_HETG_0010_FILE val=CALDB as ...
... something else
Setting ardlib.AXAF_HETG_0010_FILE to CALDB (<class 'str'>)
Entering _validate for name=AXAF_HETG_0001_FILE val=CALDB (type=<class 'str'>) store=True
Validating ardlib.AXAF_HETG_0001_FILE val=CALDB as ...
... something else
Setting ardlib.AXAF_HETG_0001_FILE to CALDB (<class 'str'>)
Entering _validate for name=AXAF_LETG_1000_FILE val=CALDB (type=<class 'str'>) store=True
Validating ardlib.AXAF_LETG_1000_FILE val=CALDB as ...
... something else
Setting ardlib.AXAF_LETG_1000_FILE to CALDB (<class 'str'>)
Entering _validate for name=AXAF_LETG_0100_FILE val=CALDB (type=<class 'str'>) store=True
Validating ardlib.AXAF_LETG_0100_FILE val=CALDB as ...
... something else
Setting ardlib.AXAF_LETG_0100_FILE to CALDB (<class 'str'>)
Entering _validate for name=AXAF_LETG_0010_FILE val=CALDB (type=<class 'str'>) store=True
Validating ardlib.AXAF_LETG_0010_FILE val=CALDB as ...
... something else
Setting ardlib.AXAF_LETG_0010_FILE to CALDB (<class 'str'>)
Entering _validate for name=AXAF_LETG_0001_FILE val=CALDB (type=<class 'str'>) store=True
Validating ardlib.AXAF_LETG_0001_FILE val=CALDB as ...
... something else
Setting ardlib.AXAF_LETG_0001_FILE to CALDB (<class 'str'>)
Entering _validate for name=AXAF_HETG_1100_LSF_FILE val=CALDB (type=<class 'str'>) store=True
Validating ardlib.AXAF_HETG_1100_LSF_FILE val=CALDB as ...
... something else
Setting ardlib.AXAF_HETG_1100_LSF_FILE to CALDB (<class 'str'>)
Entering _validate for name=AXAF_HETG_0011_LSF_FILE val=CALDB (type=<class 'str'>) store=True
Validating ardlib.AXAF_HETG_0011_LSF_FILE val=CALDB as ...
... something else
Setting ardlib.AXAF_HETG_0011_LSF_FILE to CALDB (<class 'str'>)
Entering _validate for name=AXAF_LETG_1111_LSF_FILE val=CALDB (type=<class 'str'>) store=True
Validating ardlib.AXAF_LETG_1111_LSF_FILE val=CALDB as ...
... something else
Setting ardlib.AXAF_LETG_1111_LSF_FILE to CALDB (<class 'str'>)
Entering _validate for name=AXAF_RMF_FILE val=CALDB (type=<class 'str'>) store=True
Validating ardlib.AXAF_RMF_FILE val=CALDB as ...
... something else
Setting ardlib.AXAF_RMF_FILE to CALDB (<class 'str'>)
Entering _validate for name=AXAF_GAIN_FILE val=CALDB (type=<class 'str'>) store=True
Validating ardlib.AXAF_GAIN_FILE val=CALDB as ...
... something else
Setting ardlib.AXAF_GAIN_FILE to CALDB (<class 'str'>)
Read from the ardlib parameter file
Calling punlearn on tool acis_set_ardlib
Entering _validate for name=badpixfile val=/home/henry/sigma-v19f-chandra/repro/BULLET/5358/acisf05358_repro_bpix1.fits (type=<class 'str'>) store=True
Validating acis_set_ardlib.badpixfile val=/home/henry/sigma-v19f-chandra/repro/BULLET/5358/acisf05358_repro_bpix1.fits as ...
... something else
Setting acis_set_ardlib.badpixfile to /home/henry/sigma-v19f-chandra/repro/BULLET/5358/acisf05358_repro_bpix1.fits (<class 'str'>)
Entering _validate for name=verbose val=5 (type=<class 'int'>) store=True
Validating acis_set_ardlib.verbose val=5 as ...
... an integer
Validating acis_set_ardlib.verbose val=5 against min/max=0/5
Setting acis_set_ardlib.verbose to 5 (<class 'int'>)
_create_parfile_copy called for acis_set_ardlib with parfile=None
Copying par file /home/henry/miniforge3/envs/sigma-ciao-4.18/param/acis_set_ardlib.par to /home/henry/sigma-v19ck-rmf-diagnostic/v100/c3432/tmp/tmpmc30kosh.acis_set_ardlib.par
_update_parfile[acis_set_ardlib] called for /home/henry/sigma-v19ck-rmf-diagnostic/v100/c3432/tmp/tmpmc30kosh.acis_set_ardlib.par
Opening parameter file with mode=wLH: '/home/henry/sigma-v19ck-rmf-diagnostic/v100/c3432/tmp/tmpmc30kosh.acis_set_ardlib.par'
setting parameter badpixfile type=f val=/home/henry/sigma-v19f-chandra/repro/BULLET/5358/acisf05358_repro_bpix1.fits
setting parameter absolutepath type=b val=True
setting parameter ardlibfile type=f val=ardlib
setting parameter verbose type=i val=5
Verifying parameter settings
verifying parameter badpixfile type=f is val=/home/henry/sigma-v19f-chandra/repro/BULLET/5358/acisf05358_repro_bpix1.fits
verifying parameter absolutepath type=b is val=True
verifying parameter ardlibfile type=f is val=ardlib
verifying parameter verbose type=i is val=5
_update_parfile[acis_set_ardlib] returning {}
Running tool acis_set_ardlib using:
>>> acis_set_ardlib /home/henry/sigma-v19f-chandra/repro/BULLET/5358/acisf05358_repro_bpix1.fits verbose=5
***** Start of parameter file
** badpixfile,f,a,"/home/henry/sigma-v19f-chandra/repro/BULLET/5358/acisf05358_repro_bpix1.fits",,,"Bad pixel file for the observation"
** absolutepath,b,h,yes,,,"Use an absolute path in the parameter file"
** ardlibfile,f,h,"ardlib",,,"Parameter file to change"
** verbose,i,h,5,0,5,"Verbosity (0 for no screen output)"
** mode,s,h,"hl",,,
***** End of parameter file
Starting acis_set_ardlib at Wed Aug  5 13:10:01 2026
acis_set_ardlib finished at Wed Aug  5 13:10:01 2026
Run time = < 1 sec
Return code = 0
***** Start of parameter file
** badpixfile,f,a,"/home/henry/sigma-v19f-chandra/repro/BULLET/5358/acisf05358_repro_bpix1.fits",,,"Bad pixel file for the observation"
** absolutepath,b,h,yes,,,"Use an absolute path in the parameter file"
** ardlibfile,f,h,"ardlib",,,"Parameter file to change"
** verbose,i,h,5,0,5,"Verbosity (0 for no screen output)"
** mode,s,h,"hl",,,
***** End of parameter file
Entering _validate for name=badpixfile val=/home/henry/sigma-v19f-chandra/repro/BULLET/5358/acisf05358_repro_bpix1.fits (type=<class 'str'>) store=True
Validating acis_set_ardlib.badpixfile val=/home/henry/sigma-v19f-chandra/repro/BULLET/5358/acisf05358_repro_bpix1.fits as ...
... something else
Setting acis_set_ardlib.badpixfile to /home/henry/sigma-v19f-chandra/repro/BULLET/5358/acisf05358_repro_bpix1.fits (<class 'str'>)
Entering _validate for name=absolutepath val=yes (type=<class 'str'>) store=True
Validating acis_set_ardlib.absolutepath val=yes as ...
... a boolean
Setting acis_set_ardlib.absolutepath to True (<class 'bool'>)
Entering _validate for name=ardlibfile val=ardlib (type=<class 'str'>) store=True
Validating acis_set_ardlib.ardlibfile val=ardlib as ...
... something else
Setting acis_set_ardlib.ardlibfile to ardlib (<class 'str'>)
Entering _validate for name=verbose val=5 (type=<class 'str'>) store=True
Validating acis_set_ardlib.verbose val=5 as ...
... an integer
Validating acis_set_ardlib.verbose val=5 against min/max=0/5
Setting acis_set_ardlib.verbose to 5 (<class 'int'>)
Read parameters for acis_set_ardlib from /home/henry/sigma-v19ck-rmf-diagnostic/v100/c3432/tmp/tmpmc30kosh.acis_set_ardlib.par
Deleting par file: /home/henry/sigma-v19ck-rmf-diagnostic/v100/c3432/tmp/tmpmc30kosh.acis_set_ardlib.par
_update_parfile[ardlib] called for ardlib
Opening parameter file with mode=wLH: 'ardlib'
setting parameter ArdlibDataPath type=s val=$ASCDS_CALIB
setting parameter GENERIC_EFFAREA_FILE type=f val=xrt_ea_v2_0.fits
setting parameter GENERIC_VIGNET_FILE type=f val=/dev/null
setting parameter AXAF_EFFAREA_FILE_0001 type=f val=CALDB
setting parameter AXAF_EFFAREA_FILE_0010 type=f val=CALDB
setting parameter AXAF_EFFAREA_FILE_0100 type=f val=CALDB
setting parameter AXAF_EFFAREA_FILE_1000 type=f val=CALDB
setting parameter AXAF_EFFAREA_FILE_1111 type=f val=CALDB
setting parameter AXAF_VIGNET_FILE_0001 type=f val=CALDB
setting parameter AXAF_VIGNET_FILE_0010 type=f val=CALDB
setting parameter AXAF_VIGNET_FILE_0100 type=f val=CALDB
setting parameter AXAF_VIGNET_FILE_1000 type=f val=CALDB
setting parameter AXAF_VIGNET_FILE_1111 type=f val=CALDB
setting parameter AXAF_ACIS0_QE_FILE type=f val=CALDB
setting parameter AXAF_ACIS1_QE_FILE type=f val=CALDB
setting parameter AXAF_ACIS2_QE_FILE type=f val=CALDB
setting parameter AXAF_ACIS3_QE_FILE type=f val=CALDB
setting parameter AXAF_ACIS4_QE_FILE type=f val=CALDB
setting parameter AXAF_ACIS5_QE_FILE type=f val=CALDB
setting parameter AXAF_ACIS6_QE_FILE type=f val=CALDB
setting parameter AXAF_ACIS7_QE_FILE type=f val=CALDB
setting parameter AXAF_ACIS8_QE_FILE type=f val=CALDB
setting parameter AXAF_ACIS9_QE_FILE type=f val=CALDB
setting parameter AXAF_ACIS0_QEU_FILE type=f val=CALDB
setting parameter AXAF_ACIS1_QEU_FILE type=f val=CALDB
setting parameter AXAF_ACIS2_QEU_FILE type=f val=CALDB
setting parameter AXAF_ACIS3_QEU_FILE type=f val=CALDB
setting parameter AXAF_ACIS4_QEU_FILE type=f val=CALDB
setting parameter AXAF_ACIS5_QEU_FILE type=f val=CALDB
setting parameter AXAF_ACIS6_QEU_FILE type=f val=CALDB
setting parameter AXAF_ACIS7_QEU_FILE type=f val=CALDB
setting parameter AXAF_ACIS8_QEU_FILE type=f val=CALDB
setting parameter AXAF_ACIS9_QEU_FILE type=f val=CALDB
setting parameter AXAF_ACIS0_BADPIX_FILE type=f val=/home/henry/sigma-v19f-chandra/repro/BULLET/5358/acisf05358_repro_bpix1.fits[BADPIX0]
setting parameter AXAF_ACIS1_BADPIX_FILE type=f val=/home/henry/sigma-v19f-chandra/repro/BULLET/5358/acisf05358_repro_bpix1.fits[BADPIX1]
setting parameter AXAF_ACIS2_BADPIX_FILE type=f val=/home/henry/sigma-v19f-chandra/repro/BULLET/5358/acisf05358_repro_bpix1.fits[BADPIX2]
setting parameter AXAF_ACIS3_BADPIX_FILE type=f val=/home/henry/sigma-v19f-chandra/repro/BULLET/5358/acisf05358_repro_bpix1.fits[BADPIX3]
setting parameter AXAF_ACIS4_BADPIX_FILE type=f val=CALDB
setting parameter AXAF_ACIS5_BADPIX_FILE type=f val=CALDB
setting parameter AXAF_ACIS6_BADPIX_FILE type=f val=/home/henry/sigma-v19f-chandra/repro/BULLET/5358/acisf05358_repro_bpix1.fits[BADPIX6]
setting parameter AXAF_ACIS7_BADPIX_FILE type=f val=CALDB
setting parameter AXAF_ACIS8_BADPIX_FILE type=f val=CALDB
setting parameter AXAF_ACIS9_BADPIX_FILE type=f val=CALDB
setting parameter AXAF_ACIS0_CONTAM_FILE type=f val=CALDB
setting parameter AXAF_ACIS1_CONTAM_FILE type=f val=CALDB
setting parameter AXAF_ACIS2_CONTAM_FILE type=f val=CALDB
setting parameter AXAF_ACIS3_CONTAM_FILE type=f val=CALDB
setting parameter AXAF_ACIS4_CONTAM_FILE type=f val=CALDB
setting parameter AXAF_ACIS5_CONTAM_FILE type=f val=CALDB
setting parameter AXAF_ACIS6_CONTAM_FILE type=f val=CALDB
setting parameter AXAF_ACIS7_CONTAM_FILE type=f val=CALDB
setting parameter AXAF_ACIS8_CONTAM_FILE type=f val=CALDB
setting parameter AXAF_ACIS9_CONTAM_FILE type=f val=CALDB
setting parameter AXAF_HRC_I_QE_FILE->AXAF_HRC-I_QE_FILE type=f val=CALDB
setting parameter AXAF_HRC_I_QEU_FILE->AXAF_HRC-I_QEU_FILE type=f val=CALDB
setting parameter AXAF_HRC_I_BADPIX_FILE->AXAF_HRC-I_BADPIX_FILE type=f val=NONE
setting parameter AXAF_HRC_S1_QE_FILE->AXAF_HRC-S1_QE_FILE type=f val=CALDB
setting parameter AXAF_HRC_S2_QE_FILE->AXAF_HRC-S2_QE_FILE type=f val=CALDB
setting parameter AXAF_HRC_S3_QE_FILE->AXAF_HRC-S3_QE_FILE type=f val=CALDB
setting parameter AXAF_HRC_S1_QEU_FILE->AXAF_HRC-S1_QEU_FILE type=f val=CALDB
setting parameter AXAF_HRC_S2_QEU_FILE->AXAF_HRC-S2_QEU_FILE type=f val=CALDB
setting parameter AXAF_HRC_S3_QEU_FILE->AXAF_HRC-S3_QEU_FILE type=f val=CALDB
setting parameter AXAF_HRC_S_BADPIX_FILE->AXAF_HRC-S_BADPIX_FILE type=f val=NONE
setting parameter AXAF_HETG_1000_FILE type=f val=CALDB
setting parameter AXAF_HETG_0100_FILE type=f val=CALDB
setting parameter AXAF_HETG_0010_FILE type=f val=CALDB
setting parameter AXAF_HETG_0001_FILE type=f val=CALDB
setting parameter AXAF_LETG_1000_FILE type=f val=CALDB
setting parameter AXAF_LETG_0100_FILE type=f val=CALDB
setting parameter AXAF_LETG_0010_FILE type=f val=CALDB
setting parameter AXAF_LETG_0001_FILE type=f val=CALDB
setting parameter AXAF_HETG_1100_LSF_FILE type=f val=CALDB
setting parameter AXAF_HETG_0011_LSF_FILE type=f val=CALDB
setting parameter AXAF_LETG_1111_LSF_FILE type=f val=CALDB
setting parameter AXAF_RMF_FILE type=f val=CALDB
setting parameter AXAF_GAIN_FILE type=f val=CALDB
Verifying parameter settings
verifying parameter ArdlibDataPath type=s is val=$ASCDS_CALIB
verifying parameter GENERIC_EFFAREA_FILE type=f is val=xrt_ea_v2_0.fits
verifying parameter GENERIC_VIGNET_FILE type=f is val=/dev/null
verifying parameter AXAF_EFFAREA_FILE_0001 type=f is val=CALDB
verifying parameter AXAF_EFFAREA_FILE_0010 type=f is val=CALDB
verifying parameter AXAF_EFFAREA_FILE_0100 type=f is val=CALDB
verifying parameter AXAF_EFFAREA_FILE_1000 type=f is val=CALDB
verifying parameter AXAF_EFFAREA_FILE_1111 type=f is val=CALDB
verifying parameter AXAF_VIGNET_FILE_0001 type=f is val=CALDB
verifying parameter AXAF_VIGNET_FILE_0010 type=f is val=CALDB
verifying parameter AXAF_VIGNET_FILE_0100 type=f is val=CALDB
verifying parameter AXAF_VIGNET_FILE_1000 type=f is val=CALDB
verifying parameter AXAF_VIGNET_FILE_1111 type=f is val=CALDB
verifying parameter AXAF_ACIS0_QE_FILE type=f is val=CALDB
verifying parameter AXAF_ACIS1_QE_FILE type=f is val=CALDB
verifying parameter AXAF_ACIS2_QE_FILE type=f is val=CALDB
verifying parameter AXAF_ACIS3_QE_FILE type=f is val=CALDB
verifying parameter AXAF_ACIS4_QE_FILE type=f is val=CALDB
verifying parameter AXAF_ACIS5_QE_FILE type=f is val=CALDB
verifying parameter AXAF_ACIS6_QE_FILE type=f is val=CALDB
verifying parameter AXAF_ACIS7_QE_FILE type=f is val=CALDB
verifying parameter AXAF_ACIS8_QE_FILE type=f is val=CALDB
verifying parameter AXAF_ACIS9_QE_FILE type=f is val=CALDB
verifying parameter AXAF_ACIS0_QEU_FILE type=f is val=CALDB
verifying parameter AXAF_ACIS1_QEU_FILE type=f is val=CALDB
verifying parameter AXAF_ACIS2_QEU_FILE type=f is val=CALDB
verifying parameter AXAF_ACIS3_QEU_FILE type=f is val=CALDB
verifying parameter AXAF_ACIS4_QEU_FILE type=f is val=CALDB
verifying parameter AXAF_ACIS5_QEU_FILE type=f is val=CALDB
verifying parameter AXAF_ACIS6_QEU_FILE type=f is val=CALDB
verifying parameter AXAF_ACIS7_QEU_FILE type=f is val=CALDB
verifying parameter AXAF_ACIS8_QEU_FILE type=f is val=CALDB
verifying parameter AXAF_ACIS9_QEU_FILE type=f is val=CALDB
verifying parameter AXAF_ACIS0_BADPIX_FILE type=f is val=/home/henry/sigma-v19f-chandra/repro/BULLET/5358/acisf05358_repro_bpix1.fits[BADPIX0]
verifying parameter AXAF_ACIS1_BADPIX_FILE type=f is val=/home/henry/sigma-v19f-chandra/repro/BULLET/5358/acisf05358_repro_bpix1.fits[BADPIX1]
verifying parameter AXAF_ACIS2_BADPIX_FILE type=f is val=/home/henry/sigma-v19f-chandra/repro/BULLET/5358/acisf05358_repro_bpix1.fits[BADPIX2]
verifying parameter AXAF_ACIS3_BADPIX_FILE type=f is val=/home/henry/sigma-v19f-chandra/repro/BULLET/5358/acisf05358_repro_bpix1.fits[BADPIX3]
verifying parameter AXAF_ACIS4_BADPIX_FILE type=f is val=CALDB
verifying parameter AXAF_ACIS5_BADPIX_FILE type=f is val=CALDB
verifying parameter AXAF_ACIS6_BADPIX_FILE type=f is val=/home/henry/sigma-v19f-chandra/repro/BULLET/5358/acisf05358_repro_bpix1.fits[BADPIX6]
verifying parameter AXAF_ACIS7_BADPIX_FILE type=f is val=CALDB
verifying parameter AXAF_ACIS8_BADPIX_FILE type=f is val=CALDB
verifying parameter AXAF_ACIS9_BADPIX_FILE type=f is val=CALDB
verifying parameter AXAF_ACIS0_CONTAM_FILE type=f is val=CALDB
verifying parameter AXAF_ACIS1_CONTAM_FILE type=f is val=CALDB
verifying parameter AXAF_ACIS2_CONTAM_FILE type=f is val=CALDB
verifying parameter AXAF_ACIS3_CONTAM_FILE type=f is val=CALDB
verifying parameter AXAF_ACIS4_CONTAM_FILE type=f is val=CALDB
verifying parameter AXAF_ACIS5_CONTAM_FILE type=f is val=CALDB
verifying parameter AXAF_ACIS6_CONTAM_FILE type=f is val=CALDB
verifying parameter AXAF_ACIS7_CONTAM_FILE type=f is val=CALDB
verifying parameter AXAF_ACIS8_CONTAM_FILE type=f is val=CALDB
verifying parameter AXAF_ACIS9_CONTAM_FILE type=f is val=CALDB
verifying parameter AXAF_HRC_I_QE_FILE<-AXAF_HRC-I_QE_FILE type=f is val=CALDB
verifying parameter AXAF_HRC_I_QEU_FILE<-AXAF_HRC-I_QEU_FILE type=f is val=CALDB
verifying parameter AXAF_HRC_I_BADPIX_FILE<-AXAF_HRC-I_BADPIX_FILE type=f is val=NONE
verifying parameter AXAF_HRC_S1_QE_FILE<-AXAF_HRC-S1_QE_FILE type=f is val=CALDB
verifying parameter AXAF_HRC_S2_QE_FILE<-AXAF_HRC-S2_QE_FILE type=f is val=CALDB
verifying parameter AXAF_HRC_S3_QE_FILE<-AXAF_HRC-S3_QE_FILE type=f is val=CALDB
verifying parameter AXAF_HRC_S1_QEU_FILE<-AXAF_HRC-S1_QEU_FILE type=f is val=CALDB
verifying parameter AXAF_HRC_S2_QEU_FILE<-AXAF_HRC-S2_QEU_FILE type=f is val=CALDB
verifying parameter AXAF_HRC_S3_QEU_FILE<-AXAF_HRC-S3_QEU_FILE type=f is val=CALDB
verifying parameter AXAF_HRC_S_BADPIX_FILE<-AXAF_HRC-S_BADPIX_FILE type=f is val=NONE
verifying parameter AXAF_HETG_1000_FILE type=f is val=CALDB
verifying parameter AXAF_HETG_0100_FILE type=f is val=CALDB
verifying parameter AXAF_HETG_0010_FILE type=f is val=CALDB
verifying parameter AXAF_HETG_0001_FILE type=f is val=CALDB
verifying parameter AXAF_LETG_1000_FILE type=f is val=CALDB
verifying parameter AXAF_LETG_0100_FILE type=f is val=CALDB
verifying parameter AXAF_LETG_0010_FILE type=f is val=CALDB
verifying parameter AXAF_LETG_0001_FILE type=f is val=CALDB
verifying parameter AXAF_HETG_1100_LSF_FILE type=f is val=CALDB
verifying parameter AXAF_HETG_0011_LSF_FILE type=f is val=CALDB
verifying parameter AXAF_LETG_1111_LSF_FILE type=f is val=CALDB
verifying parameter AXAF_RMF_FILE type=f is val=CALDB
verifying parameter AXAF_GAIN_FILE type=f is val=CALDB
_update_parfile[ardlib] returning {}
Wrote to the ardlib parameter file
_create_parfile_copy called for acis_set_ardlib with parfile=None
Copying par file /home/henry/miniforge3/envs/sigma-ciao-4.18/param/acis_set_ardlib.par to /home/henry/sigma-v19ck-rmf-diagnostic/v100/c3432/tmp/tmpuhfcihqy.acis_set_ardlib.par
_update_parfile[acis_set_ardlib] called for /home/henry/sigma-v19ck-rmf-diagnostic/v100/c3432/tmp/tmpuhfcihqy.acis_set_ardlib.par
Opening parameter file with mode=wLH: '/home/henry/sigma-v19ck-rmf-diagnostic/v100/c3432/tmp/tmpuhfcihqy.acis_set_ardlib.par'
setting parameter badpixfile type=f val=/home/henry/sigma-v19f-chandra/repro/BULLET/5358/acisf05358_repro_bpix1.fits
setting parameter absolutepath type=b val=True
setting parameter ardlibfile type=f val=ardlib
setting parameter verbose type=i val=5
Verifying parameter settings
verifying parameter badpixfile type=f is val=/home/henry/sigma-v19f-chandra/repro/BULLET/5358/acisf05358_repro_bpix1.fits
verifying parameter absolutepath type=b is val=True
verifying parameter ardlibfile type=f is val=ardlib
verifying parameter verbose type=i is val=5
_update_parfile[acis_set_ardlib] returning {}
Running tool acis_set_ardlib using:
>>> acis_set_ardlib /home/henry/sigma-v19f-chandra/repro/BULLET/5358/acisf05358_repro_bpix1.fits verbose=5
***** Start of parameter file
** badpixfile,f,a,"/home/henry/sigma-v19f-chandra/repro/BULLET/5358/acisf05358_repro_bpix1.fits",,,"Bad pixel file for the observation"
** absolutepath,b,h,yes,,,"Use an absolute path in the parameter file"
** ardlibfile,f,h,"ardlib",,,"Parameter file to change"
** verbose,i,h,5,0,5,"Verbosity (0 for no screen output)"
** mode,s,h,"hl",,,
***** End of parameter file
Starting acis_set_ardlib at Wed Aug  5 13:10:01 2026
acis_set_ardlib finished at Wed Aug  5 13:10:01 2026
Run time = < 1 sec
Return code = 0
***** Start of parameter file
** badpixfile,f,a,"/home/henry/sigma-v19f-chandra/repro/BULLET/5358/acisf05358_repro_bpix1.fits",,,"Bad pixel file for the observation"
** absolutepath,b,h,yes,,,"Use an absolute path in the parameter file"
** ardlibfile,f,h,"ardlib",,,"Parameter file to change"
** verbose,i,h,5,0,5,"Verbosity (0 for no screen output)"
** mode,s,h,"hl",,,
***** End of parameter file
Entering _validate for name=badpixfile val=/home/henry/sigma-v19f-chandra/repro/BULLET/5358/acisf05358_repro_bpix1.fits (type=<class 'str'>) store=True
Validating acis_set_ardlib.badpixfile val=/home/henry/sigma-v19f-chandra/repro/BULLET/5358/acisf05358_repro_bpix1.fits as ...
... something else
Setting acis_set_ardlib.badpixfile to /home/henry/sigma-v19f-chandra/repro/BULLET/5358/acisf05358_repro_bpix1.fits (<class 'str'>)
Entering _validate for name=absolutepath val=yes (type=<class 'str'>) store=True
Validating acis_set_ardlib.absolutepath val=yes as ...
... a boolean
Setting acis_set_ardlib.absolutepath to True (<class 'bool'>)
Entering _validate for name=ardlibfile val=ardlib (type=<class 'str'>) store=True
Validating acis_set_ardlib.ardlibfile val=ardlib as ...
... something else
Setting acis_set_ardlib.ardlibfile to ardlib (<class 'str'>)
Entering _validate for name=verbose val=5 (type=<class 'str'>) store=True
Validating acis_set_ardlib.verbose val=5 as ...
... an integer
Validating acis_set_ardlib.verbose val=5 against min/max=0/5
Setting acis_set_ardlib.verbose to 5 (<class 'int'>)
Read parameters for acis_set_ardlib from /home/henry/sigma-v19ck-rmf-diagnostic/v100/c3432/tmp/tmpuhfcihqy.acis_set_ardlib.par
Deleting par file: /home/henry/sigma-v19ck-rmf-diagnostic/v100/c3432/tmp/tmpuhfcihqy.acis_set_ardlib.par
Creating src ARF 

Calling punlearn on tool mkwarf
Calling punlearn on tool mkwarf
Entering _validate for name=outfile val=/home/henry/sigma-v19ck-rmf-diagnostic/v100/c3432/products/BULLET_bin384_obs5358_ccd0.arf (type=<class 'str'>) store=True
Validating mkwarf.outfile val=/home/henry/sigma-v19ck-rmf-diagnostic/v100/c3432/products/BULLET_bin384_obs5358_ccd0.arf as ...
... something else
Setting mkwarf.outfile to /home/henry/sigma-v19ck-rmf-diagnostic/v100/c3432/products/BULLET_bin384_obs5358_ccd0.arf (<class 'str'>)
Entering _validate for name=mskfile val=/home/henry/sigma-v19f-chandra/repro/BULLET/5358/acisf05358_000N004_msk1.fits (type=<class 'str'>) store=True
Validating mkwarf.mskfile val=/home/henry/sigma-v19f-chandra/repro/BULLET/5358/acisf05358_000N004_msk1.fits as ...
... something else
Setting mkwarf.mskfile to /home/henry/sigma-v19f-chandra/repro/BULLET/5358/acisf05358_000N004_msk1.fits (<class 'str'>)
Entering _validate for name=dafile val=CALDB (type=<class 'str'>) store=True
Validating mkwarf.dafile val=CALDB as ...
... something else
Setting mkwarf.dafile to CALDB (<class 'str'>)
Entering _validate for name=spectrumfile val= (type=<class 'str'>) store=True
Validating mkwarf.spectrumfile val= as ...
... a ''
Setting mkwarf.spectrumfile to None (<class 'NoneType'>)
Entering _validate for name=egridspec val=0.3:11.0:0.01 (type=<class 'str'>) store=True
Validating mkwarf.egridspec val=0.3:11.0:0.01 as ...
... something else
Setting mkwarf.egridspec to 0.3:11.0:0.01 (<class 'str'>)
Entering _validate for name=clobber val=True (type=<class 'bool'>) store=True
Validating mkwarf.clobber val=True as ...
... a boolean
Setting mkwarf.clobber to True (<class 'bool'>)
Entering _validate for name=verbose val=5 (type=<class 'int'>) store=True
Validating mkwarf.verbose val=5 as ...
... an integer
Validating mkwarf.verbose val=5 against min/max=0/5
Setting mkwarf.verbose to 5 (<class 'int'>)
Entering _validate for name=weightfile val= (type=<class 'str'>) store=True
Validating mkwarf.weightfile val= as ...
... a ''
Setting mkwarf.weightfile to None (<class 'NoneType'>)
Entering _validate for name=infile val=/home/henry/sigma-v19ck-rmf-diagnostic/v100/c3432/tmp/tmp_fu1k0bg_tdet[wmap] (type=<class 'str'>) store=True
Validating mkwarf.infile val=/home/henry/sigma-v19ck-rmf-diagnostic/v100/c3432/tmp/tmp_fu1k0bg_tdet[wmap] as ...
... something else
Setting mkwarf.infile to /home/henry/sigma-v19ck-rmf-diagnostic/v100/c3432/tmp/tmp_fu1k0bg_tdet[wmap] (<class 'str'>)
_create_parfile_copy called for mkwarf with parfile=None
Copying par file /home/henry/miniforge3/envs/sigma-ciao-4.18/param/mkwarf.par to /home/henry/sigma-v19ck-rmf-diagnostic/v100/c3432/tmp/tmp4ch9vzjl.mkwarf.par
_update_parfile[mkwarf] called for /home/henry/sigma-v19ck-rmf-diagnostic/v100/c3432/tmp/tmp4ch9vzjl.mkwarf.par
Opening parameter file with mode=wLH: '/home/henry/sigma-v19ck-rmf-diagnostic/v100/c3432/tmp/tmp4ch9vzjl.mkwarf.par'
setting parameter infile type=f val=/home/henry/sigma-v19ck-rmf-diagnostic/v100/c3432/tmp/tmp_fu1k0bg_tdet[wmap]
setting parameter outfile type=f val=/home/henry/sigma-v19ck-rmf-diagnostic/v100/c3432/products/BULLET_bin384_obs5358_ccd0.arf
setting parameter weightfile type=f val=None
setting parameter spectrumfile type=f val=None
setting parameter egridspec type=s val=0.3:11.0:0.01
setting parameter pbkfile type=f val=None
setting parameter threshold type=r val=0
setting parameter feffile type=f val=CALDB
setting parameter mskfile type=f val=/home/henry/sigma-v19f-chandra/repro/BULLET/5358/acisf05358_000N004_msk1.fits
setting parameter asolfile type=f val=None
setting parameter mirror type=s val=HRMA
setting parameter detsubsysmod type=s val=None
setting parameter dafile type=f val=CALDB
setting parameter ardlibpar type=f val=ardlib
setting parameter geompar type=f val=geom
setting parameter clobber type=b val=True
setting parameter verbose type=i val=5
Verifying parameter settings
verifying parameter infile type=f is val=/home/henry/sigma-v19ck-rmf-diagnostic/v100/c3432/tmp/tmp_fu1k0bg_tdet[wmap]
verifying parameter outfile type=f is val=/home/henry/sigma-v19ck-rmf-diagnostic/v100/c3432/products/BULLET_bin384_obs5358_ccd0.arf
verifying parameter weightfile type=f is val=None
verifying parameter spectrumfile type=f is val=None
verifying parameter egridspec type=s is val=0.3:11.0:0.01
verifying parameter pbkfile type=f is val=None
verifying parameter threshold type=r is val=0
verifying parameter feffile type=f is val=CALDB
verifying parameter mskfile type=f is val=/home/henry/sigma-v19f-chandra/repro/BULLET/5358/acisf05358_000N004_msk1.fits
verifying parameter asolfile type=f is val=None
verifying parameter mirror type=s is val=HRMA
verifying parameter detsubsysmod type=s is val=None
verifying parameter dafile type=f is val=CALDB
verifying parameter ardlibpar type=f is val=ardlib
verifying parameter geompar type=f is val=geom
verifying parameter clobber type=b is val=True
verifying parameter verbose type=i is val=5
_update_parfile[mkwarf] returning {}
Running tool mkwarf using:
>>> mkwarf "/home/henry/sigma-v19ck-rmf-diagnostic/v100/c3432/tmp/tmp_fu1k0bg_tdet[wmap]" /home/henry/sigma-v19ck-rmf-diagnostic/v100/c3432/products/BULLET_bin384_obs5358_ccd0.arf weightfile= spectrumfile= egridspec=0.3:11.0:0.01 pbkfile= mskfile=/home/henry/sigma-v19f-chandra/repro/BULLET/5358/acisf05358_000N004_msk1.fits clobber=yes verbose=5
***** Start of parameter file
** infile,f,a,"/home/henry/sigma-v19ck-rmf-diagnostic/v100/c3432/tmp/tmp_fu1k0bg_tdet[wmap]",,,"Input detector WMAP"
** outfile,f,a,"/home/henry/sigma-v19ck-rmf-diagnostic/v100/c3432/products/BULLET_bin384_obs5358_ccd0.arf",,,"Output weighted ARF file"
** weightfile,f,a,"",,,"Output FEF weights"
** spectrumfile,f,a,"",,,"Input Spectral weighting file (<filename>|NONE)"
** egridspec,s,a,"0.3:11.0:0.01",,,"Output energy grid [kev]"
** pbkfile,f,a,"",,,"Parameter block file"
** threshold,r,h,0,0,1,"Percent threshold cut for FEF regions"
** feffile,f,h,"CALDB",,,"FEF file"
** mskfile,f,h,"/home/henry/sigma-v19f-chandra/repro/BULLET/5358/acisf05358_000N004_msk1.fits",,,"Mask file"
** asolfile,f,h,"",,,"Stack of aspect solution files"
** mirror,s,h,"HRMA",,,"ARDLIB Mirror specification"
** detsubsysmod,s,h,"",,,"Detector sybsystem modifier"
** dafile,f,h,"CALDB",,,"Dead area file"
** ardlibpar,f,h,"ardlib",,,"Parameter file for ARDLIB files"
** geompar,f,h,"geom",,,"Parameter file for Pixlib Geometry files"
** clobber,b,h,yes,,,"Clobber existing outputs"
** verbose,i,h,5,0,5,"Tool chatter level"
** mode,s,h,"hl",,,
***** End of parameter file
Starting mkwarf at Wed Aug  5 13:10:01 2026
mkwarf finished at Wed Aug  5 13:10:03 2026
Run time = 2 seconds
Return code = 0
***** Start of parameter file
** infile,f,a,"/home/henry/sigma-v19ck-rmf-diagnostic/v100/c3432/tmp/tmp_fu1k0bg_tdet[wmap]",,,"Input detector WMAP"
** outfile,f,a,"/home/henry/sigma-v19ck-rmf-diagnostic/v100/c3432/products/BULLET_bin384_obs5358_ccd0.arf",,,"Output weighted ARF file"
** weightfile,f,a,"",,,"Output FEF weights"
** spectrumfile,f,a,"",,,"Input Spectral weighting file (<filename>|NONE)"
** egridspec,s,a,"0.3:11.0:0.01",,,"Output energy grid [kev]"
** pbkfile,f,a,"",,,"Parameter block file"
** threshold,r,h,0,0,1,"Percent threshold cut for FEF regions"
** feffile,f,h,"CALDB",,,"FEF file"
** mskfile,f,h,"/home/henry/sigma-v19f-chandra/repro/BULLET/5358/acisf05358_000N004_msk1.fits",,,"Mask file"
** asolfile,f,h,"",,,"Stack of aspect solution files"
** mirror,s,h,"HRMA",,,"ARDLIB Mirror specification"
** detsubsysmod,s,h,"",,,"Detector sybsystem modifier"
** dafile,f,h,"CALDB",,,"Dead area file"
** ardlibpar,f,h,"ardlib",,,"Parameter file for ARDLIB files"
** geompar,f,h,"geom",,,"Parameter file for Pixlib Geometry files"
** clobber,b,h,yes,,,"Clobber existing outputs"
** verbose,i,h,5,0,5,"Tool chatter level"
** mode,s,h,"hl",,,
***** End of parameter file
Entering _validate for name=infile val=/home/henry/sigma-v19ck-rmf-diagnostic/v100/c3432/tmp/tmp_fu1k0bg_tdet[wmap] (type=<class 'str'>) store=True
Validating mkwarf.infile val=/home/henry/sigma-v19ck-rmf-diagnostic/v100/c3432/tmp/tmp_fu1k0bg_tdet[wmap] as ...
... something else
Setting mkwarf.infile to /home/henry/sigma-v19ck-rmf-diagnostic/v100/c3432/tmp/tmp_fu1k0bg_tdet[wmap] (<class 'str'>)
Entering _validate for name=outfile val=/home/henry/sigma-v19ck-rmf-diagnostic/v100/c3432/products/BULLET_bin384_obs5358_ccd0.arf (type=<class 'str'>) store=True
Validating mkwarf.outfile val=/home/henry/sigma-v19ck-rmf-diagnostic/v100/c3432/products/BULLET_bin384_obs5358_ccd0.arf as ...
... something else
Setting mkwarf.outfile to /home/henry/sigma-v19ck-rmf-diagnostic/v100/c3432/products/BULLET_bin384_obs5358_ccd0.arf (<class 'str'>)
Entering _validate for name=weightfile val= (type=<class 'str'>) store=True
Validating mkwarf.weightfile val= as ...
... a ''
Setting mkwarf.weightfile to None (<class 'NoneType'>)
Entering _validate for name=spectrumfile val= (type=<class 'str'>) store=True
Validating mkwarf.spectrumfile val= as ...
... a ''
Setting mkwarf.spectrumfile to None (<class 'NoneType'>)
Entering _validate for name=egridspec val=0.3:11.0:0.01 (type=<class 'str'>) store=True
Validating mkwarf.egridspec val=0.3:11.0:0.01 as ...
... something else
Setting mkwarf.egridspec to 0.3:11.0:0.01 (<class 'str'>)
Entering _validate for name=pbkfile val= (type=<class 'str'>) store=True
Validating mkwarf.pbkfile val= as ...
... a ''
Setting mkwarf.pbkfile to None (<class 'NoneType'>)
Entering _validate for name=threshold val=0 (type=<class 'str'>) store=True
Validating mkwarf.threshold val=0 as ...
... a float
Validating mkwarf.threshold val=0.0 against min/max=0/1
Setting mkwarf.threshold to 0.0 (<class 'float'>)
Entering _validate for name=feffile val=CALDB (type=<class 'str'>) store=True
Validating mkwarf.feffile val=CALDB as ...
... something else
Setting mkwarf.feffile to CALDB (<class 'str'>)
Entering _validate for name=mskfile val=/home/henry/sigma-v19f-chandra/repro/BULLET/5358/acisf05358_000N004_msk1.fits (type=<class 'str'>) store=True
Validating mkwarf.mskfile val=/home/henry/sigma-v19f-chandra/repro/BULLET/5358/acisf05358_000N004_msk1.fits as ...
... something else
Setting mkwarf.mskfile to /home/henry/sigma-v19f-chandra/repro/BULLET/5358/acisf05358_000N004_msk1.fits (<class 'str'>)
Entering _validate for name=asolfile val= (type=<class 'str'>) store=True
Validating mkwarf.asolfile val= as ...
... a ''
Setting mkwarf.asolfile to None (<class 'NoneType'>)
Entering _validate for name=mirror val=HRMA (type=<class 'str'>) store=True
Validating mkwarf.mirror val=HRMA as ...
... something else
Setting mkwarf.mirror to HRMA (<class 'str'>)
Entering _validate for name=detsubsysmod val= (type=<class 'str'>) store=True
Validating mkwarf.detsubsysmod val= as ...
... a ''
Setting mkwarf.detsubsysmod to None (<class 'NoneType'>)
Entering _validate for name=dafile val=CALDB (type=<class 'str'>) store=True
Validating mkwarf.dafile val=CALDB as ...
... something else
Setting mkwarf.dafile to CALDB (<class 'str'>)
Entering _validate for name=ardlibpar val=ardlib (type=<class 'str'>) store=True
Validating mkwarf.ardlibpar val=ardlib as ...
... something else
Setting mkwarf.ardlibpar to ardlib (<class 'str'>)
Entering _validate for name=geompar val=geom (type=<class 'str'>) store=True
Validating mkwarf.geompar val=geom as ...
... something else
Setting mkwarf.geompar to geom (<class 'str'>)
Entering _validate for name=clobber val=yes (type=<class 'str'>) store=True
Validating mkwarf.clobber val=yes as ...
... a boolean
Setting mkwarf.clobber to True (<class 'bool'>)
Entering _validate for name=verbose val=5 (type=<class 'str'>) store=True
Validating mkwarf.verbose val=5 as ...
... an integer
Validating mkwarf.verbose val=5 against min/max=0/5
Setting mkwarf.verbose to 5 (<class 'int'>)
Read parameters for mkwarf from /home/henry/sigma-v19ck-rmf-diagnostic/v100/c3432/tmp/tmp4ch9vzjl.mkwarf.par
Deleting par file: /home/henry/sigma-v19ck-rmf-diagnostic/v100/c3432/tmp/tmp4ch9vzjl.mkwarf.par
Reading block information from /home/henry/sigma-v19ck-rmf-diagnostic/v100/c3432/products/BULLET_bin384_obs5358_ccd0.arf[#row=0]
Opening file /home/henry/sigma-v19ck-rmf-diagnostic/v100/c3432/products/BULLET_bin384_obs5358_ccd0.arf[#row=0]
Closing block 'SPECRESP'
About to restore PFILES setting to /home/henry/sigma-v19ck-rmf-diagnostic/v100/c3432/tmp/tmpdir_pks5eej;/home/henry/miniforge3/envs/sigma-ciao-4.18/param
About to restore PFILES setting to /home/henry/sigma-v19ck-rmf-diagnostic/v100/c3432/pfiles;/home/henry/miniforge3/envs/sigma-ciao-4.18/param
About to overide user PFILES setting: ['/home/henry/sigma-v19ck-rmf-diagnostic/v100/c3432/pfiles'] from /home/henry/sigma-v19ck-rmf-diagnostic/v100/c3432/pfiles;/home/henry/miniforge3/envs/sigma-ciao-4.18/param
Setting up /home/henry/sigma-v19ck-rmf-diagnostic/v100/c3432/tmp/tmpdirw1m249l1 as new user PFILES directory
About to copy over ardlib parameter file: /home/henry/miniforge3/envs/sigma-ciao-4.18/param/ardlib.par
Calling punlearn on tool ardlib
Calling punlearn on tool acis_set_ardlib
Entering _validate for name=ArdlibDataPath val=$ASCDS_CALIB (type=<class 'str'>) store=True
Validating ardlib.ArdlibDataPath val=$ASCDS_CALIB as ...
... something else
Setting ardlib.ArdlibDataPath to $ASCDS_CALIB (<class 'str'>)
Entering _validate for name=GENERIC_EFFAREA_FILE val=xrt_ea_v2_0.fits (type=<class 'str'>) store=True
Validating ardlib.GENERIC_EFFAREA_FILE val=xrt_ea_v2_0.fits as ...
... something else
Setting ardlib.GENERIC_EFFAREA_FILE to xrt_ea_v2_0.fits (<class 'str'>)
Entering _validate for name=GENERIC_VIGNET_FILE val=/dev/null (type=<class 'str'>) store=True
Validating ardlib.GENERIC_VIGNET_FILE val=/dev/null as ...
... something else
Setting ardlib.GENERIC_VIGNET_FILE to /dev/null (<class 'str'>)
Entering _validate for name=AXAF_EFFAREA_FILE_0001 val=CALDB (type=<class 'str'>) store=True
Validating ardlib.AXAF_EFFAREA_FILE_0001 val=CALDB as ...
... something else
Setting ardlib.AXAF_EFFAREA_FILE_0001 to CALDB (<class 'str'>)
Entering _validate for name=AXAF_EFFAREA_FILE_0010 val=CALDB (type=<class 'str'>) store=True
Validating ardlib.AXAF_EFFAREA_FILE_0010 val=CALDB as ...
... something else
Setting ardlib.AXAF_EFFAREA_FILE_0010 to CALDB (<class 'str'>)
Entering _validate for name=AXAF_EFFAREA_FILE_0100 val=CALDB (type=<class 'str'>) store=True
Validating ardlib.AXAF_EFFAREA_FILE_0100 val=CALDB as ...
... something else
Setting ardlib.AXAF_EFFAREA_FILE_0100 to CALDB (<class 'str'>)
Entering _validate for name=AXAF_EFFAREA_FILE_1000 val=CALDB (type=<class 'str'>) store=True
Validating ardlib.AXAF_EFFAREA_FILE_1000 val=CALDB as ...
... something else
Setting ardlib.AXAF_EFFAREA_FILE_1000 to CALDB (<class 'str'>)
Entering _validate for name=AXAF_EFFAREA_FILE_1111 val=CALDB (type=<class 'str'>) store=True
Validating ardlib.AXAF_EFFAREA_FILE_1111 val=CALDB as ...
... something else
Setting ardlib.AXAF_EFFAREA_FILE_1111 to CALDB (<class 'str'>)
Entering _validate for name=AXAF_VIGNET_FILE_0001 val=CALDB (type=<class 'str'>) store=True
Validating ardlib.AXAF_VIGNET_FILE_0001 val=CALDB as ...
... something else
Setting ardlib.AXAF_VIGNET_FILE_0001 to CALDB (<class 'str'>)
Entering _validate for name=AXAF_VIGNET_FILE_0010 val=CALDB (type=<class 'str'>) store=True
Validating ardlib.AXAF_VIGNET_FILE_0010 val=CALDB as ...
... something else
Setting ardlib.AXAF_VIGNET_FILE_0010 to CALDB (<class 'str'>)
Entering _validate for name=AXAF_VIGNET_FILE_0100 val=CALDB (type=<class 'str'>) store=True
Validating ardlib.AXAF_VIGNET_FILE_0100 val=CALDB as ...
... something else
Setting ardlib.AXAF_VIGNET_FILE_0100 to CALDB (<class 'str'>)
Entering _validate for name=AXAF_VIGNET_FILE_1000 val=CALDB (type=<class 'str'>) store=True
Validating ardlib.AXAF_VIGNET_FILE_1000 val=CALDB as ...
... something else
Setting ardlib.AXAF_VIGNET_FILE_1000 to CALDB (<class 'str'>)
Entering _validate for name=AXAF_VIGNET_FILE_1111 val=CALDB (type=<class 'str'>) store=True
Validating ardlib.AXAF_VIGNET_FILE_1111 val=CALDB as ...
... something else
Setting ardlib.AXAF_VIGNET_FILE_1111 to CALDB (<class 'str'>)
Entering _validate for name=AXAF_ACIS0_QE_FILE val=CALDB (type=<class 'str'>) store=True
Validating ardlib.AXAF_ACIS0_QE_FILE val=CALDB as ...
... something else
Setting ardlib.AXAF_ACIS0_QE_FILE to CALDB (<class 'str'>)
Entering _validate for name=AXAF_ACIS1_QE_FILE val=CALDB (type=<class 'str'>) store=True
Validating ardlib.AXAF_ACIS1_QE_FILE val=CALDB as ...
... something else
Setting ardlib.AXAF_ACIS1_QE_FILE to CALDB (<class 'str'>)
Entering _validate for name=AXAF_ACIS2_QE_FILE val=CALDB (type=<class 'str'>) store=True
Validating ardlib.AXAF_ACIS2_QE_FILE val=CALDB as ...
... something else
Setting ardlib.AXAF_ACIS2_QE_FILE to CALDB (<class 'str'>)
Entering _validate for name=AXAF_ACIS3_QE_FILE val=CALDB (type=<class 'str'>) store=True
Validating ardlib.AXAF_ACIS3_QE_FILE val=CALDB as ...
... something else
Setting ardlib.AXAF_ACIS3_QE_FILE to CALDB (<class 'str'>)
Entering _validate for name=AXAF_ACIS4_QE_FILE val=CALDB (type=<class 'str'>) store=True
Validating ardlib.AXAF_ACIS4_QE_FILE val=CALDB as ...
... something else
Setting ardlib.AXAF_ACIS4_QE_FILE to CALDB (<class 'str'>)
Entering _validate for name=AXAF_ACIS5_QE_FILE val=CALDB (type=<class 'str'>) store=True
Validating ardlib.AXAF_ACIS5_QE_FILE val=CALDB as ...
... something else
Setting ardlib.AXAF_ACIS5_QE_FILE to CALDB (<class 'str'>)
Entering _validate for name=AXAF_ACIS6_QE_FILE val=CALDB (type=<class 'str'>) store=True
Validating ardlib.AXAF_ACIS6_QE_FILE val=CALDB as ...
... something else
Setting ardlib.AXAF_ACIS6_QE_FILE to CALDB (<class 'str'>)
Entering _validate for name=AXAF_ACIS7_QE_FILE val=CALDB (type=<class 'str'>) store=True
Validating ardlib.AXAF_ACIS7_QE_FILE val=CALDB as ...
... something else
Setting ardlib.AXAF_ACIS7_QE_FILE to CALDB (<class 'str'>)
Entering _validate for name=AXAF_ACIS8_QE_FILE val=CALDB (type=<class 'str'>) store=True
Validating ardlib.AXAF_ACIS8_QE_FILE val=CALDB as ...
... something else
Setting ardlib.AXAF_ACIS8_QE_FILE to CALDB (<class 'str'>)
Entering _validate for name=AXAF_ACIS9_QE_FILE val=CALDB (type=<class 'str'>) store=True
Validating ardlib.AXAF_ACIS9_QE_FILE val=CALDB as ...
... something else
Setting ardlib.AXAF_ACIS9_QE_FILE to CALDB (<class 'str'>)
Entering _validate for name=AXAF_ACIS0_QEU_FILE val=CALDB (type=<class 'str'>) store=True
Validating ardlib.AXAF_ACIS0_QEU_FILE val=CALDB as ...
... something else
Setting ardlib.AXAF_ACIS0_QEU_FILE to CALDB (<class 'str'>)
Entering _validate for name=AXAF_ACIS1_QEU_FILE val=CALDB (type=<class 'str'>) store=True
Validating ardlib.AXAF_ACIS1_QEU_FILE val=CALDB as ...
... something else
Setting ardlib.AXAF_ACIS1_QEU_FILE to CALDB (<class 'str'>)
Entering _validate for name=AXAF_ACIS2_QEU_FILE val=CALDB (type=<class 'str'>) store=True
Validating ardlib.AXAF_ACIS2_QEU_FILE val=CALDB as ...
... something else
Setting ardlib.AXAF_ACIS2_QEU_FILE to CALDB (<class 'str'>)
Entering _validate for name=AXAF_ACIS3_QEU_FILE val=CALDB (type=<class 'str'>) store=True
Validating ardlib.AXAF_ACIS3_QEU_FILE val=CALDB as ...
... something else
Setting ardlib.AXAF_ACIS3_QEU_FILE to CALDB (<class 'str'>)
Entering _validate for name=AXAF_ACIS4_QEU_FILE val=CALDB (type=<class 'str'>) store=True
Validating ardlib.AXAF_ACIS4_QEU_FILE val=CALDB as ...
... something else
Setting ardlib.AXAF_ACIS4_QEU_FILE to CALDB (<class 'str'>)
Entering _validate for name=AXAF_ACIS5_QEU_FILE val=CALDB (type=<class 'str'>) store=True
Validating ardlib.AXAF_ACIS5_QEU_FILE val=CALDB as ...
... something else
Setting ardlib.AXAF_ACIS5_QEU_FILE to CALDB (<class 'str'>)
Entering _validate for name=AXAF_ACIS6_QEU_FILE val=CALDB (type=<class 'str'>) store=True
Validating ardlib.AXAF_ACIS6_QEU_FILE val=CALDB as ...
... something else
Setting ardlib.AXAF_ACIS6_QEU_FILE to CALDB (<class 'str'>)
Entering _validate for name=AXAF_ACIS7_QEU_FILE val=CALDB (type=<class 'str'>) store=True
Validating ardlib.AXAF_ACIS7_QEU_FILE val=CALDB as ...
... something else
Setting ardlib.AXAF_ACIS7_QEU_FILE to CALDB (<class 'str'>)
Entering _validate for name=AXAF_ACIS8_QEU_FILE val=CALDB (type=<class 'str'>) store=True
Validating ardlib.AXAF_ACIS8_QEU_FILE val=CALDB as ...
... something else
Setting ardlib.AXAF_ACIS8_QEU_FILE to CALDB (<class 'str'>)
Entering _validate for name=AXAF_ACIS9_QEU_FILE val=CALDB (type=<class 'str'>) store=True
Validating ardlib.AXAF_ACIS9_QEU_FILE val=CALDB as ...
... something else
Setting ardlib.AXAF_ACIS9_QEU_FILE to CALDB (<class 'str'>)
Entering _validate for name=AXAF_ACIS0_BADPIX_FILE val=CALDB (type=<class 'str'>) store=True
Validating ardlib.AXAF_ACIS0_BADPIX_FILE val=CALDB as ...
... something else
Setting ardlib.AXAF_ACIS0_BADPIX_FILE to CALDB (<class 'str'>)
Entering _validate for name=AXAF_ACIS1_BADPIX_FILE val=CALDB (type=<class 'str'>) store=True
Validating ardlib.AXAF_ACIS1_BADPIX_FILE val=CALDB as ...
... something else
Setting ardlib.AXAF_ACIS1_BADPIX_FILE to CALDB (<class 'str'>)
Entering _validate for name=AXAF_ACIS2_BADPIX_FILE val=CALDB (type=<class 'str'>) store=True
Validating ardlib.AXAF_ACIS2_BADPIX_FILE val=CALDB as ...
... something else
Setting ardlib.AXAF_ACIS2_BADPIX_FILE to CALDB (<class 'str'>)
Entering _validate for name=AXAF_ACIS3_BADPIX_FILE val=CALDB (type=<class 'str'>) store=True
Validating ardlib.AXAF_ACIS3_BADPIX_FILE val=CALDB as ...
... something else
Setting ardlib.AXAF_ACIS3_BADPIX_FILE to CALDB (<class 'str'>)
Entering _validate for name=AXAF_ACIS4_BADPIX_FILE val=CALDB (type=<class 'str'>) store=True
Validating ardlib.AXAF_ACIS4_BADPIX_FILE val=CALDB as ...
... something else
Setting ardlib.AXAF_ACIS4_BADPIX_FILE to CALDB (<class 'str'>)
Entering _validate for name=AXAF_ACIS5_BADPIX_FILE val=CALDB (type=<class 'str'>) store=True
Validating ardlib.AXAF_ACIS5_BADPIX_FILE val=CALDB as ...
... something else
Setting ardlib.AXAF_ACIS5_BADPIX_FILE to CALDB (<class 'str'>)
Entering _validate for name=AXAF_ACIS6_BADPIX_FILE val=CALDB (type=<class 'str'>) store=True
Validating ardlib.AXAF_ACIS6_BADPIX_FILE val=CALDB as ...
... something else
Setting ardlib.AXAF_ACIS6_BADPIX_FILE to CALDB (<class 'str'>)
Entering _validate for name=AXAF_ACIS7_BADPIX_FILE val=CALDB (type=<class 'str'>) store=True
Validating ardlib.AXAF_ACIS7_BADPIX_FILE val=CALDB as ...
... something else
Setting ardlib.AXAF_ACIS7_BADPIX_FILE to CALDB (<class 'str'>)
Entering _validate for name=AXAF_ACIS8_BADPIX_FILE val=CALDB (type=<class 'str'>) store=True
Validating ardlib.AXAF_ACIS8_BADPIX_FILE val=CALDB as ...
... something else
Setting ardlib.AXAF_ACIS8_BADPIX_FILE to CALDB (<class 'str'>)
Entering _validate for name=AXAF_ACIS9_BADPIX_FILE val=CALDB (type=<class 'str'>) store=True
Validating ardlib.AXAF_ACIS9_BADPIX_FILE val=CALDB as ...
... something else
Setting ardlib.AXAF_ACIS9_BADPIX_FILE to CALDB (<class 'str'>)
Entering _validate for name=AXAF_ACIS0_CONTAM_FILE val=CALDB (type=<class 'str'>) store=True
Validating ardlib.AXAF_ACIS0_CONTAM_FILE val=CALDB as ...
... something else
Setting ardlib.AXAF_ACIS0_CONTAM_FILE to CALDB (<class 'str'>)
Entering _validate for name=AXAF_ACIS1_CONTAM_FILE val=CALDB (type=<class 'str'>) store=True
Validating ardlib.AXAF_ACIS1_CONTAM_FILE val=CALDB as ...
... something else
Setting ardlib.AXAF_ACIS1_CONTAM_FILE to CALDB (<class 'str'>)
Entering _validate for name=AXAF_ACIS2_CONTAM_FILE val=CALDB (type=<class 'str'>) store=True
Validating ardlib.AXAF_ACIS2_CONTAM_FILE val=CALDB as ...
... something else
Setting ardlib.AXAF_ACIS2_CONTAM_FILE to CALDB (<class 'str'>)
Entering _validate for name=AXAF_ACIS3_CONTAM_FILE val=CALDB (type=<class 'str'>) store=True
Validating ardlib.AXAF_ACIS3_CONTAM_FILE val=CALDB as ...
... something else
Setting ardlib.AXAF_ACIS3_CONTAM_FILE to CALDB (<class 'str'>)
Entering _validate for name=AXAF_ACIS4_CONTAM_FILE val=CALDB (type=<class 'str'>) store=True
Validating ardlib.AXAF_ACIS4_CONTAM_FILE val=CALDB as ...
... something else
Setting ardlib.AXAF_ACIS4_CONTAM_FILE to CALDB (<class 'str'>)
Entering _validate for name=AXAF_ACIS5_CONTAM_FILE val=CALDB (type=<class 'str'>) store=True
Validating ardlib.AXAF_ACIS5_CONTAM_FILE val=CALDB as ...
... something else
Setting ardlib.AXAF_ACIS5_CONTAM_FILE to CALDB (<class 'str'>)
Entering _validate for name=AXAF_ACIS6_CONTAM_FILE val=CALDB (type=<class 'str'>) store=True
Validating ardlib.AXAF_ACIS6_CONTAM_FILE val=CALDB as ...
... something else
Setting ardlib.AXAF_ACIS6_CONTAM_FILE to CALDB (<class 'str'>)
Entering _validate for name=AXAF_ACIS7_CONTAM_FILE val=CALDB (type=<class 'str'>) store=True
Validating ardlib.AXAF_ACIS7_CONTAM_FILE val=CALDB as ...
... something else
Setting ardlib.AXAF_ACIS7_CONTAM_FILE to CALDB (<class 'str'>)
Entering _validate for name=AXAF_ACIS8_CONTAM_FILE val=CALDB (type=<class 'str'>) store=True
Validating ardlib.AXAF_ACIS8_CONTAM_FILE val=CALDB as ...
... something else
Setting ardlib.AXAF_ACIS8_CONTAM_FILE to CALDB (<class 'str'>)
Entering _validate for name=AXAF_ACIS9_CONTAM_FILE val=CALDB (type=<class 'str'>) store=True
Validating ardlib.AXAF_ACIS9_CONTAM_FILE val=CALDB as ...
... something else
Setting ardlib.AXAF_ACIS9_CONTAM_FILE to CALDB (<class 'str'>)
Entering _validate for name=AXAF_HRC_I_QE_FILE val=CALDB (type=<class 'str'>) store=True
Validating ardlib.AXAF_HRC_I_QE_FILE val=CALDB as ...
... something else
Setting ardlib.AXAF_HRC_I_QE_FILE to CALDB (<class 'str'>)
Entering _validate for name=AXAF_HRC_I_QEU_FILE val=CALDB (type=<class 'str'>) store=True
Validating ardlib.AXAF_HRC_I_QEU_FILE val=CALDB as ...
... something else
Setting ardlib.AXAF_HRC_I_QEU_FILE to CALDB (<class 'str'>)
Entering _validate for name=AXAF_HRC_I_BADPIX_FILE val=NONE (type=<class 'str'>) store=True
Validating ardlib.AXAF_HRC_I_BADPIX_FILE val=NONE as ...
... something else
Setting ardlib.AXAF_HRC_I_BADPIX_FILE to NONE (<class 'str'>)
Entering _validate for name=AXAF_HRC_S1_QE_FILE val=CALDB (type=<class 'str'>) store=True
Validating ardlib.AXAF_HRC_S1_QE_FILE val=CALDB as ...
... something else
Setting ardlib.AXAF_HRC_S1_QE_FILE to CALDB (<class 'str'>)
Entering _validate for name=AXAF_HRC_S2_QE_FILE val=CALDB (type=<class 'str'>) store=True
Validating ardlib.AXAF_HRC_S2_QE_FILE val=CALDB as ...
... something else
Setting ardlib.AXAF_HRC_S2_QE_FILE to CALDB (<class 'str'>)
Entering _validate for name=AXAF_HRC_S3_QE_FILE val=CALDB (type=<class 'str'>) store=True
Validating ardlib.AXAF_HRC_S3_QE_FILE val=CALDB as ...
... something else
Setting ardlib.AXAF_HRC_S3_QE_FILE to CALDB (<class 'str'>)
Entering _validate for name=AXAF_HRC_S1_QEU_FILE val=CALDB (type=<class 'str'>) store=True
Validating ardlib.AXAF_HRC_S1_QEU_FILE val=CALDB as ...
... something else
Setting ardlib.AXAF_HRC_S1_QEU_FILE to CALDB (<class 'str'>)
Entering _validate for name=AXAF_HRC_S2_QEU_FILE val=CALDB (type=<class 'str'>) store=True
Validating ardlib.AXAF_HRC_S2_QEU_FILE val=CALDB as ...
... something else
Setting ardlib.AXAF_HRC_S2_QEU_FILE to CALDB (<class 'str'>)
Entering _validate for name=AXAF_HRC_S3_QEU_FILE val=CALDB (type=<class 'str'>) store=True
Validating ardlib.AXAF_HRC_S3_QEU_FILE val=CALDB as ...
... something else
Setting ardlib.AXAF_HRC_S3_QEU_FILE to CALDB (<class 'str'>)
Entering _validate for name=AXAF_HRC_S_BADPIX_FILE val=NONE (type=<class 'str'>) store=True
Validating ardlib.AXAF_HRC_S_BADPIX_FILE val=NONE as ...
... something else
Setting ardlib.AXAF_HRC_S_BADPIX_FILE to NONE (<class 'str'>)
Entering _validate for name=AXAF_HETG_1000_FILE val=CALDB (type=<class 'str'>) store=True
Validating ardlib.AXAF_HETG_1000_FILE val=CALDB as ...
... something else
Setting ardlib.AXAF_HETG_1000_FILE to CALDB (<class 'str'>)
Entering _validate for name=AXAF_HETG_0100_FILE val=CALDB (type=<class 'str'>) store=True
Validating ardlib.AXAF_HETG_0100_FILE val=CALDB as ...
... something else
Setting ardlib.AXAF_HETG_0100_FILE to CALDB (<class 'str'>)
Entering _validate for name=AXAF_HETG_0010_FILE val=CALDB (type=<class 'str'>) store=True
Validating ardlib.AXAF_HETG_0010_FILE val=CALDB as ...
... something else
Setting ardlib.AXAF_HETG_0010_FILE to CALDB (<class 'str'>)
Entering _validate for name=AXAF_HETG_0001_FILE val=CALDB (type=<class 'str'>) store=True
Validating ardlib.AXAF_HETG_0001_FILE val=CALDB as ...
... something else
Setting ardlib.AXAF_HETG_0001_FILE to CALDB (<class 'str'>)
Entering _validate for name=AXAF_LETG_1000_FILE val=CALDB (type=<class 'str'>) store=True
Validating ardlib.AXAF_LETG_1000_FILE val=CALDB as ...
... something else
Setting ardlib.AXAF_LETG_1000_FILE to CALDB (<class 'str'>)
Entering _validate for name=AXAF_LETG_0100_FILE val=CALDB (type=<class 'str'>) store=True
Validating ardlib.AXAF_LETG_0100_FILE val=CALDB as ...
... something else
Setting ardlib.AXAF_LETG_0100_FILE to CALDB (<class 'str'>)
Entering _validate for name=AXAF_LETG_0010_FILE val=CALDB (type=<class 'str'>) store=True
Validating ardlib.AXAF_LETG_0010_FILE val=CALDB as ...
... something else
Setting ardlib.AXAF_LETG_0010_FILE to CALDB (<class 'str'>)
Entering _validate for name=AXAF_LETG_0001_FILE val=CALDB (type=<class 'str'>) store=True
Validating ardlib.AXAF_LETG_0001_FILE val=CALDB as ...
... something else
Setting ardlib.AXAF_LETG_0001_FILE to CALDB (<class 'str'>)
Entering _validate for name=AXAF_HETG_1100_LSF_FILE val=CALDB (type=<class 'str'>) store=True
Validating ardlib.AXAF_HETG_1100_LSF_FILE val=CALDB as ...
... something else
Setting ardlib.AXAF_HETG_1100_LSF_FILE to CALDB (<class 'str'>)
Entering _validate for name=AXAF_HETG_0011_LSF_FILE val=CALDB (type=<class 'str'>) store=True
Validating ardlib.AXAF_HETG_0011_LSF_FILE val=CALDB as ...
... something else
Setting ardlib.AXAF_HETG_0011_LSF_FILE to CALDB (<class 'str'>)
Entering _validate for name=AXAF_LETG_1111_LSF_FILE val=CALDB (type=<class 'str'>) store=True
Validating ardlib.AXAF_LETG_1111_LSF_FILE val=CALDB as ...
... something else
Setting ardlib.AXAF_LETG_1111_LSF_FILE to CALDB (<class 'str'>)
Entering _validate for name=AXAF_RMF_FILE val=CALDB (type=<class 'str'>) store=True
Validating ardlib.AXAF_RMF_FILE val=CALDB as ...
... something else
Setting ardlib.AXAF_RMF_FILE to CALDB (<class 'str'>)
Entering _validate for name=AXAF_GAIN_FILE val=CALDB (type=<class 'str'>) store=True
Validating ardlib.AXAF_GAIN_FILE val=CALDB as ...
... something else
Setting ardlib.AXAF_GAIN_FILE to CALDB (<class 'str'>)
Read from the ardlib parameter file
Calling punlearn on tool acis_set_ardlib
Entering _validate for name=badpixfile val=/home/henry/sigma-v19f-chandra/repro/BULLET/5358/acisf05358_repro_bpix1.fits (type=<class 'str'>) store=True
Validating acis_set_ardlib.badpixfile val=/home/henry/sigma-v19f-chandra/repro/BULLET/5358/acisf05358_repro_bpix1.fits as ...
... something else
Setting acis_set_ardlib.badpixfile to /home/henry/sigma-v19f-chandra/repro/BULLET/5358/acisf05358_repro_bpix1.fits (<class 'str'>)
Entering _validate for name=verbose val=5 (type=<class 'int'>) store=True
Validating acis_set_ardlib.verbose val=5 as ...
... an integer
Validating acis_set_ardlib.verbose val=5 against min/max=0/5
Setting acis_set_ardlib.verbose to 5 (<class 'int'>)
_create_parfile_copy called for acis_set_ardlib with parfile=None
Copying par file /home/henry/miniforge3/envs/sigma-ciao-4.18/param/acis_set_ardlib.par to /home/henry/sigma-v19ck-rmf-diagnostic/v100/c3432/tmp/tmpyzh_xsbv.acis_set_ardlib.par
_update_parfile[acis_set_ardlib] called for /home/henry/sigma-v19ck-rmf-diagnostic/v100/c3432/tmp/tmpyzh_xsbv.acis_set_ardlib.par
Opening parameter file with mode=wLH: '/home/henry/sigma-v19ck-rmf-diagnostic/v100/c3432/tmp/tmpyzh_xsbv.acis_set_ardlib.par'
setting parameter badpixfile type=f val=/home/henry/sigma-v19f-chandra/repro/BULLET/5358/acisf05358_repro_bpix1.fits
setting parameter absolutepath type=b val=True
setting parameter ardlibfile type=f val=ardlib
setting parameter verbose type=i val=5
Verifying parameter settings
verifying parameter badpixfile type=f is val=/home/henry/sigma-v19f-chandra/repro/BULLET/5358/acisf05358_repro_bpix1.fits
verifying parameter absolutepath type=b is val=True
verifying parameter ardlibfile type=f is val=ardlib
verifying parameter verbose type=i is val=5
_update_parfile[acis_set_ardlib] returning {}
Running tool acis_set_ardlib using:
>>> acis_set_ardlib /home/henry/sigma-v19f-chandra/repro/BULLET/5358/acisf05358_repro_bpix1.fits verbose=5
***** Start of parameter file
** badpixfile,f,a,"/home/henry/sigma-v19f-chandra/repro/BULLET/5358/acisf05358_repro_bpix1.fits",,,"Bad pixel file for the observation"
** absolutepath,b,h,yes,,,"Use an absolute path in the parameter file"
** ardlibfile,f,h,"ardlib",,,"Parameter file to change"
** verbose,i,h,5,0,5,"Verbosity (0 for no screen output)"
** mode,s,h,"hl",,,
***** End of parameter file
Starting acis_set_ardlib at Wed Aug  5 13:10:03 2026
acis_set_ardlib finished at Wed Aug  5 13:10:03 2026
Run time = < 1 sec
Return code = 0
***** Start of parameter file
** badpixfile,f,a,"/home/henry/sigma-v19f-chandra/repro/BULLET/5358/acisf05358_repro_bpix1.fits",,,"Bad pixel file for the observation"
** absolutepath,b,h,yes,,,"Use an absolute path in the parameter file"
** ardlibfile,f,h,"ardlib",,,"Parameter file to change"
** verbose,i,h,5,0,5,"Verbosity (0 for no screen output)"
** mode,s,h,"hl",,,
***** End of parameter file
Entering _validate for name=badpixfile val=/home/henry/sigma-v19f-chandra/repro/BULLET/5358/acisf05358_repro_bpix1.fits (type=<class 'str'>) store=True
Validating acis_set_ardlib.badpixfile val=/home/henry/sigma-v19f-chandra/repro/BULLET/5358/acisf05358_repro_bpix1.fits as ...
... something else
Setting acis_set_ardlib.badpixfile to /home/henry/sigma-v19f-chandra/repro/BULLET/5358/acisf05358_repro_bpix1.fits (<class 'str'>)
Entering _validate for name=absolutepath val=yes (type=<class 'str'>) store=True
Validating acis_set_ardlib.absolutepath val=yes as ...
... a boolean
Setting acis_set_ardlib.absolutepath to True (<class 'bool'>)
Entering _validate for name=ardlibfile val=ardlib (type=<class 'str'>) store=True
Validating acis_set_ardlib.ardlibfile val=ardlib as ...
... something else
Setting acis_set_ardlib.ardlibfile to ardlib (<class 'str'>)
Entering _validate for name=verbose val=5 (type=<class 'str'>) store=True
Validating acis_set_ardlib.verbose val=5 as ...
... an integer
Validating acis_set_ardlib.verbose val=5 against min/max=0/5
Setting acis_set_ardlib.verbose to 5 (<class 'int'>)
Read parameters for acis_set_ardlib from /home/henry/sigma-v19ck-rmf-diagnostic/v100/c3432/tmp/tmpyzh_xsbv.acis_set_ardlib.par
Deleting par file: /home/henry/sigma-v19ck-rmf-diagnostic/v100/c3432/tmp/tmpyzh_xsbv.acis_set_ardlib.par
_update_parfile[ardlib] called for ardlib
Opening parameter file with mode=wLH: 'ardlib'
setting parameter ArdlibDataPath type=s val=$ASCDS_CALIB
setting parameter GENERIC_EFFAREA_FILE type=f val=xrt_ea_v2_0.fits
setting parameter GENERIC_VIGNET_FILE type=f val=/dev/null
setting parameter AXAF_EFFAREA_FILE_0001 type=f val=CALDB
setting parameter AXAF_EFFAREA_FILE_0010 type=f val=CALDB
setting parameter AXAF_EFFAREA_FILE_0100 type=f val=CALDB
setting parameter AXAF_EFFAREA_FILE_1000 type=f val=CALDB
setting parameter AXAF_EFFAREA_FILE_1111 type=f val=CALDB
setting parameter AXAF_VIGNET_FILE_0001 type=f val=CALDB
setting parameter AXAF_VIGNET_FILE_0010 type=f val=CALDB
setting parameter AXAF_VIGNET_FILE_0100 type=f val=CALDB
setting parameter AXAF_VIGNET_FILE_1000 type=f val=CALDB
setting parameter AXAF_VIGNET_FILE_1111 type=f val=CALDB
setting parameter AXAF_ACIS0_QE_FILE type=f val=CALDB
setting parameter AXAF_ACIS1_QE_FILE type=f val=CALDB
setting parameter AXAF_ACIS2_QE_FILE type=f val=CALDB
setting parameter AXAF_ACIS3_QE_FILE type=f val=CALDB
setting parameter AXAF_ACIS4_QE_FILE type=f val=CALDB
setting parameter AXAF_ACIS5_QE_FILE type=f val=CALDB
setting parameter AXAF_ACIS6_QE_FILE type=f val=CALDB
setting parameter AXAF_ACIS7_QE_FILE type=f val=CALDB
setting parameter AXAF_ACIS8_QE_FILE type=f val=CALDB
setting parameter AXAF_ACIS9_QE_FILE type=f val=CALDB
setting parameter AXAF_ACIS0_QEU_FILE type=f val=CALDB
setting parameter AXAF_ACIS1_QEU_FILE type=f val=CALDB
setting parameter AXAF_ACIS2_QEU_FILE type=f val=CALDB
setting parameter AXAF_ACIS3_QEU_FILE type=f val=CALDB
setting parameter AXAF_ACIS4_QEU_FILE type=f val=CALDB
setting parameter AXAF_ACIS5_QEU_FILE type=f val=CALDB
setting parameter AXAF_ACIS6_QEU_FILE type=f val=CALDB
setting parameter AXAF_ACIS7_QEU_FILE type=f val=CALDB
setting parameter AXAF_ACIS8_QEU_FILE type=f val=CALDB
setting parameter AXAF_ACIS9_QEU_FILE type=f val=CALDB
setting parameter AXAF_ACIS0_BADPIX_FILE type=f val=CALDB
setting parameter AXAF_ACIS1_BADPIX_FILE type=f val=CALDB
setting parameter AXAF_ACIS2_BADPIX_FILE type=f val=CALDB
setting parameter AXAF_ACIS3_BADPIX_FILE type=f val=CALDB
setting parameter AXAF_ACIS4_BADPIX_FILE type=f val=CALDB
setting parameter AXAF_ACIS5_BADPIX_FILE type=f val=CALDB
setting parameter AXAF_ACIS6_BADPIX_FILE type=f val=CALDB
setting parameter AXAF_ACIS7_BADPIX_FILE type=f val=CALDB
setting parameter AXAF_ACIS8_BADPIX_FILE type=f val=CALDB
setting parameter AXAF_ACIS9_BADPIX_FILE type=f val=CALDB
setting parameter AXAF_ACIS0_CONTAM_FILE type=f val=CALDB
setting parameter AXAF_ACIS1_CONTAM_FILE type=f val=CALDB
setting parameter AXAF_ACIS2_CONTAM_FILE type=f val=CALDB
setting parameter AXAF_ACIS3_CONTAM_FILE type=f val=CALDB
setting parameter AXAF_ACIS4_CONTAM_FILE type=f val=CALDB
setting parameter AXAF_ACIS5_CONTAM_FILE type=f val=CALDB
setting parameter AXAF_ACIS6_CONTAM_FILE type=f val=CALDB
setting parameter AXAF_ACIS7_CONTAM_FILE type=f val=CALDB
setting parameter AXAF_ACIS8_CONTAM_FILE type=f val=CALDB
setting parameter AXAF_ACIS9_CONTAM_FILE type=f val=CALDB
setting parameter AXAF_HRC_I_QE_FILE->AXAF_HRC-I_QE_FILE type=f val=CALDB
setting parameter AXAF_HRC_I_QEU_FILE->AXAF_HRC-I_QEU_FILE type=f val=CALDB
setting parameter AXAF_HRC_I_BADPIX_FILE->AXAF_HRC-I_BADPIX_FILE type=f val=NONE
setting parameter AXAF_HRC_S1_QE_FILE->AXAF_HRC-S1_QE_FILE type=f val=CALDB
setting parameter AXAF_HRC_S2_QE_FILE->AXAF_HRC-S2_QE_FILE type=f val=CALDB
setting parameter AXAF_HRC_S3_QE_FILE->AXAF_HRC-S3_QE_FILE type=f val=CALDB
setting parameter AXAF_HRC_S1_QEU_FILE->AXAF_HRC-S1_QEU_FILE type=f val=CALDB
setting parameter AXAF_HRC_S2_QEU_FILE->AXAF_HRC-S2_QEU_FILE type=f val=CALDB
setting parameter AXAF_HRC_S3_QEU_FILE->AXAF_HRC-S3_QEU_FILE type=f val=CALDB
setting parameter AXAF_HRC_S_BADPIX_FILE->AXAF_HRC-S_BADPIX_FILE type=f val=NONE
setting parameter AXAF_HETG_1000_FILE type=f val=CALDB
setting parameter AXAF_HETG_0100_FILE type=f val=CALDB
setting parameter AXAF_HETG_0010_FILE type=f val=CALDB
setting parameter AXAF_HETG_0001_FILE type=f val=CALDB
setting parameter AXAF_LETG_1000_FILE type=f val=CALDB
setting parameter AXAF_LETG_0100_FILE type=f val=CALDB
setting parameter AXAF_LETG_0010_FILE type=f val=CALDB
setting parameter AXAF_LETG_0001_FILE type=f val=CALDB
setting parameter AXAF_HETG_1100_LSF_FILE type=f val=CALDB
setting parameter AXAF_HETG_0011_LSF_FILE type=f val=CALDB
setting parameter AXAF_LETG_1111_LSF_FILE type=f val=CALDB
setting parameter AXAF_RMF_FILE type=f val=CALDB
setting parameter AXAF_GAIN_FILE type=f val=CALDB
Verifying parameter settings
verifying parameter ArdlibDataPath type=s is val=$ASCDS_CALIB
verifying parameter GENERIC_EFFAREA_FILE type=f is val=xrt_ea_v2_0.fits
verifying parameter GENERIC_VIGNET_FILE type=f is val=/dev/null
verifying parameter AXAF_EFFAREA_FILE_0001 type=f is val=CALDB
verifying parameter AXAF_EFFAREA_FILE_0010 type=f is val=CALDB
verifying parameter AXAF_EFFAREA_FILE_0100 type=f is val=CALDB
verifying parameter AXAF_EFFAREA_FILE_1000 type=f is val=CALDB
verifying parameter AXAF_EFFAREA_FILE_1111 type=f is val=CALDB
verifying parameter AXAF_VIGNET_FILE_0001 type=f is val=CALDB
verifying parameter AXAF_VIGNET_FILE_0010 type=f is val=CALDB
verifying parameter AXAF_VIGNET_FILE_0100 type=f is val=CALDB
verifying parameter AXAF_VIGNET_FILE_1000 type=f is val=CALDB
verifying parameter AXAF_VIGNET_FILE_1111 type=f is val=CALDB
verifying parameter AXAF_ACIS0_QE_FILE type=f is val=CALDB
verifying parameter AXAF_ACIS1_QE_FILE type=f is val=CALDB
verifying parameter AXAF_ACIS2_QE_FILE type=f is val=CALDB
verifying parameter AXAF_ACIS3_QE_FILE type=f is val=CALDB
verifying parameter AXAF_ACIS4_QE_FILE type=f is val=CALDB
verifying parameter AXAF_ACIS5_QE_FILE type=f is val=CALDB
verifying parameter AXAF_ACIS6_QE_FILE type=f is val=CALDB
verifying parameter AXAF_ACIS7_QE_FILE type=f is val=CALDB
verifying parameter AXAF_ACIS8_QE_FILE type=f is val=CALDB
verifying parameter AXAF_ACIS9_QE_FILE type=f is val=CALDB
verifying parameter AXAF_ACIS0_QEU_FILE type=f is val=CALDB
verifying parameter AXAF_ACIS1_QEU_FILE type=f is val=CALDB
verifying parameter AXAF_ACIS2_QEU_FILE type=f is val=CALDB
verifying parameter AXAF_ACIS3_QEU_FILE type=f is val=CALDB
verifying parameter AXAF_ACIS4_QEU_FILE type=f is val=CALDB
verifying parameter AXAF_ACIS5_QEU_FILE type=f is val=CALDB
verifying parameter AXAF_ACIS6_QEU_FILE type=f is val=CALDB
verifying parameter AXAF_ACIS7_QEU_FILE type=f is val=CALDB
verifying parameter AXAF_ACIS8_QEU_FILE type=f is val=CALDB
verifying parameter AXAF_ACIS9_QEU_FILE type=f is val=CALDB
verifying parameter AXAF_ACIS0_BADPIX_FILE type=f is val=CALDB
verifying parameter AXAF_ACIS1_BADPIX_FILE type=f is val=CALDB
verifying parameter AXAF_ACIS2_BADPIX_FILE type=f is val=CALDB
verifying parameter AXAF_ACIS3_BADPIX_FILE type=f is val=CALDB
verifying parameter AXAF_ACIS4_BADPIX_FILE type=f is val=CALDB
verifying parameter AXAF_ACIS5_BADPIX_FILE type=f is val=CALDB
verifying parameter AXAF_ACIS6_BADPIX_FILE type=f is val=CALDB
verifying parameter AXAF_ACIS7_BADPIX_FILE type=f is val=CALDB
verifying parameter AXAF_ACIS8_BADPIX_FILE type=f is val=CALDB
verifying parameter AXAF_ACIS9_BADPIX_FILE type=f is val=CALDB
verifying parameter AXAF_ACIS0_CONTAM_FILE type=f is val=CALDB
verifying parameter AXAF_ACIS1_CONTAM_FILE type=f is val=CALDB
verifying parameter AXAF_ACIS2_CONTAM_FILE type=f is val=CALDB
verifying parameter AXAF_ACIS3_CONTAM_FILE type=f is val=CALDB
verifying parameter AXAF_ACIS4_CONTAM_FILE type=f is val=CALDB
verifying parameter AXAF_ACIS5_CONTAM_FILE type=f is val=CALDB
verifying parameter AXAF_ACIS6_CONTAM_FILE type=f is val=CALDB
verifying parameter AXAF_ACIS7_CONTAM_FILE type=f is val=CALDB
verifying parameter AXAF_ACIS8_CONTAM_FILE type=f is val=CALDB
verifying parameter AXAF_ACIS9_CONTAM_FILE type=f is val=CALDB
verifying parameter AXAF_HRC_I_QE_FILE<-AXAF_HRC-I_QE_FILE type=f is val=CALDB
verifying parameter AXAF_HRC_I_QEU_FILE<-AXAF_HRC-I_QEU_FILE type=f is val=CALDB
verifying parameter AXAF_HRC_I_BADPIX_FILE<-AXAF_HRC-I_BADPIX_FILE type=f is val=NONE
verifying parameter AXAF_HRC_S1_QE_FILE<-AXAF_HRC-S1_QE_FILE type=f is val=CALDB
verifying parameter AXAF_HRC_S2_QE_FILE<-AXAF_HRC-S2_QE_FILE type=f is val=CALDB
verifying parameter AXAF_HRC_S3_QE_FILE<-AXAF_HRC-S3_QE_FILE type=f is val=CALDB
verifying parameter AXAF_HRC_S1_QEU_FILE<-AXAF_HRC-S1_QEU_FILE type=f is val=CALDB
verifying parameter AXAF_HRC_S2_QEU_FILE<-AXAF_HRC-S2_QEU_FILE type=f is val=CALDB
verifying parameter AXAF_HRC_S3_QEU_FILE<-AXAF_HRC-S3_QEU_FILE type=f is val=CALDB
verifying parameter AXAF_HRC_S_BADPIX_FILE<-AXAF_HRC-S_BADPIX_FILE type=f is val=NONE
verifying parameter AXAF_HETG_1000_FILE type=f is val=CALDB
verifying parameter AXAF_HETG_0100_FILE type=f is val=CALDB
verifying parameter AXAF_HETG_0010_FILE type=f is val=CALDB
verifying parameter AXAF_HETG_0001_FILE type=f is val=CALDB
verifying parameter AXAF_LETG_1000_FILE type=f is val=CALDB
verifying parameter AXAF_LETG_0100_FILE type=f is val=CALDB
verifying parameter AXAF_LETG_0010_FILE type=f is val=CALDB
verifying parameter AXAF_LETG_0001_FILE type=f is val=CALDB
verifying parameter AXAF_HETG_1100_LSF_FILE type=f is val=CALDB
verifying parameter AXAF_HETG_0011_LSF_FILE type=f is val=CALDB
verifying parameter AXAF_LETG_1111_LSF_FILE type=f is val=CALDB
verifying parameter AXAF_RMF_FILE type=f is val=CALDB
verifying parameter AXAF_GAIN_FILE type=f is val=CALDB
_update_parfile[ardlib] returning {}
Wrote to the ardlib parameter file
_create_parfile_copy called for acis_set_ardlib with parfile=None
Copying par file /home/henry/miniforge3/envs/sigma-ciao-4.18/param/acis_set_ardlib.par to /home/henry/sigma-v19ck-rmf-diagnostic/v100/c3432/tmp/tmp3axj_pol.acis_set_ardlib.par
_update_parfile[acis_set_ardlib] called for /home/henry/sigma-v19ck-rmf-diagnostic/v100/c3432/tmp/tmp3axj_pol.acis_set_ardlib.par
Opening parameter file with mode=wLH: '/home/henry/sigma-v19ck-rmf-diagnostic/v100/c3432/tmp/tmp3axj_pol.acis_set_ardlib.par'
setting parameter badpixfile type=f val=/home/henry/sigma-v19f-chandra/repro/BULLET/5358/acisf05358_repro_bpix1.fits
setting parameter absolutepath type=b val=True
setting parameter ardlibfile type=f val=ardlib
setting parameter verbose type=i val=5
Verifying parameter settings
verifying parameter badpixfile type=f is val=/home/henry/sigma-v19f-chandra/repro/BULLET/5358/acisf05358_repro_bpix1.fits
verifying parameter absolutepath type=b is val=True
verifying parameter ardlibfile type=f is val=ardlib
verifying parameter verbose type=i is val=5
_update_parfile[acis_set_ardlib] returning {}
Running tool acis_set_ardlib using:
>>> acis_set_ardlib /home/henry/sigma-v19f-chandra/repro/BULLET/5358/acisf05358_repro_bpix1.fits verbose=5
***** Start of parameter file
** badpixfile,f,a,"/home/henry/sigma-v19f-chandra/repro/BULLET/5358/acisf05358_repro_bpix1.fits",,,"Bad pixel file for the observation"
** absolutepath,b,h,yes,,,"Use an absolute path in the parameter file"
** ardlibfile,f,h,"ardlib",,,"Parameter file to change"
** verbose,i,h,5,0,5,"Verbosity (0 for no screen output)"
** mode,s,h,"hl",,,
***** End of parameter file
Starting acis_set_ardlib at Wed Aug  5 13:10:03 2026
acis_set_ardlib finished at Wed Aug  5 13:10:03 2026
Run time = < 1 sec
Return code = 0
***** Start of parameter file
** badpixfile,f,a,"/home/henry/sigma-v19f-chandra/repro/BULLET/5358/acisf05358_repro_bpix1.fits",,,"Bad pixel file for the observation"
** absolutepath,b,h,yes,,,"Use an absolute path in the parameter file"
** ardlibfile,f,h,"ardlib",,,"Parameter file to change"
** verbose,i,h,5,0,5,"Verbosity (0 for no screen output)"
** mode,s,h,"hl",,,
***** End of parameter file
Entering _validate for name=badpixfile val=/home/henry/sigma-v19f-chandra/repro/BULLET/5358/acisf05358_repro_bpix1.fits (type=<class 'str'>) store=True
Validating acis_set_ardlib.badpixfile val=/home/henry/sigma-v19f-chandra/repro/BULLET/5358/acisf05358_repro_bpix1.fits as ...
... something else
Setting acis_set_ardlib.badpixfile to /home/henry/sigma-v19f-chandra/repro/BULLET/5358/acisf05358_repro_bpix1.fits (<class 'str'>)
Entering _validate for name=absolutepath val=yes (type=<class 'str'>) store=True
Validating acis_set_ardlib.absolutepath val=yes as ...
... a boolean
Setting acis_set_ardlib.absolutepath to True (<class 'bool'>)
Entering _validate for name=ardlibfile val=ardlib (type=<class 'str'>) store=True
Validating acis_set_ardlib.ardlibfile val=ardlib as ...
... something else
Setting acis_set_ardlib.ardlibfile to ardlib (<class 'str'>)
Entering _validate for name=verbose val=5 (type=<class 'str'>) store=True
Validating acis_set_ardlib.verbose val=5 as ...
... an integer
Validating acis_set_ardlib.verbose val=5 against min/max=0/5
Setting acis_set_ardlib.verbose to 5 (<class 'int'>)
Read parameters for acis_set_ardlib from /home/henry/sigma-v19ck-rmf-diagnostic/v100/c3432/tmp/tmp3axj_pol.acis_set_ardlib.par
Deleting par file: /home/henry/sigma-v19ck-rmf-diagnostic/v100/c3432/tmp/tmp3axj_pol.acis_set_ardlib.par
About to overide user PFILES setting: ['/home/henry/sigma-v19ck-rmf-diagnostic/v100/c3432/tmp/tmpdirw1m249l1'] from /home/henry/sigma-v19ck-rmf-diagnostic/v100/c3432/tmp/tmpdirw1m249l1;/home/henry/miniforge3/envs/sigma-ciao-4.18/param
Setting up /home/henry/sigma-v19ck-rmf-diagnostic/v100/c3432/tmp/tmpdir8nltjges as new user PFILES directory
About to copy over ardlib parameter file: /home/henry/sigma-v19ck-rmf-diagnostic/v100/c3432/tmp/tmpdirw1m249l1/ardlib.par
Calling punlearn on tool ardlib
Calling punlearn on tool acis_set_ardlib
Entering _validate for name=ArdlibDataPath val=$ASCDS_CALIB (type=<class 'str'>) store=True
Validating ardlib.ArdlibDataPath val=$ASCDS_CALIB as ...
... something else
Setting ardlib.ArdlibDataPath to $ASCDS_CALIB (<class 'str'>)
Entering _validate for name=GENERIC_EFFAREA_FILE val=xrt_ea_v2_0.fits (type=<class 'str'>) store=True
Validating ardlib.GENERIC_EFFAREA_FILE val=xrt_ea_v2_0.fits as ...
... something else
Setting ardlib.GENERIC_EFFAREA_FILE to xrt_ea_v2_0.fits (<class 'str'>)
Entering _validate for name=GENERIC_VIGNET_FILE val=/dev/null (type=<class 'str'>) store=True
Validating ardlib.GENERIC_VIGNET_FILE val=/dev/null as ...
... something else
Setting ardlib.GENERIC_VIGNET_FILE to /dev/null (<class 'str'>)
Entering _validate for name=AXAF_EFFAREA_FILE_0001 val=CALDB (type=<class 'str'>) store=True
Validating ardlib.AXAF_EFFAREA_FILE_0001 val=CALDB as ...
... something else
Setting ardlib.AXAF_EFFAREA_FILE_0001 to CALDB (<class 'str'>)
Entering _validate for name=AXAF_EFFAREA_FILE_0010 val=CALDB (type=<class 'str'>) store=True
Validating ardlib.AXAF_EFFAREA_FILE_0010 val=CALDB as ...
... something else
Setting ardlib.AXAF_EFFAREA_FILE_0010 to CALDB (<class 'str'>)
Entering _validate for name=AXAF_EFFAREA_FILE_0100 val=CALDB (type=<class 'str'>) store=True
Validating ardlib.AXAF_EFFAREA_FILE_0100 val=CALDB as ...
... something else
Setting ardlib.AXAF_EFFAREA_FILE_0100 to CALDB (<class 'str'>)
Entering _validate for name=AXAF_EFFAREA_FILE_1000 val=CALDB (type=<class 'str'>) store=True
Validating ardlib.AXAF_EFFAREA_FILE_1000 val=CALDB as ...
... something else
Setting ardlib.AXAF_EFFAREA_FILE_1000 to CALDB (<class 'str'>)
Entering _validate for name=AXAF_EFFAREA_FILE_1111 val=CALDB (type=<class 'str'>) store=True
Validating ardlib.AXAF_EFFAREA_FILE_1111 val=CALDB as ...
... something else
Setting ardlib.AXAF_EFFAREA_FILE_1111 to CALDB (<class 'str'>)
Entering _validate for name=AXAF_VIGNET_FILE_0001 val=CALDB (type=<class 'str'>) store=True
Validating ardlib.AXAF_VIGNET_FILE_0001 val=CALDB as ...
... something else
Setting ardlib.AXAF_VIGNET_FILE_0001 to CALDB (<class 'str'>)
Entering _validate for name=AXAF_VIGNET_FILE_0010 val=CALDB (type=<class 'str'>) store=True
Validating ardlib.AXAF_VIGNET_FILE_0010 val=CALDB as ...
... something else
Setting ardlib.AXAF_VIGNET_FILE_0010 to CALDB (<class 'str'>)
Entering _validate for name=AXAF_VIGNET_FILE_0100 val=CALDB (type=<class 'str'>) store=True
Validating ardlib.AXAF_VIGNET_FILE_0100 val=CALDB as ...
... something else
Setting ardlib.AXAF_VIGNET_FILE_0100 to CALDB (<class 'str'>)
Entering _validate for name=AXAF_VIGNET_FILE_1000 val=CALDB (type=<class 'str'>) store=True
Validating ardlib.AXAF_VIGNET_FILE_1000 val=CALDB as ...
... something else
Setting ardlib.AXAF_VIGNET_FILE_1000 to CALDB (<class 'str'>)
Entering _validate for name=AXAF_VIGNET_FILE_1111 val=CALDB (type=<class 'str'>) store=True
Validating ardlib.AXAF_VIGNET_FILE_1111 val=CALDB as ...
... something else
Setting ardlib.AXAF_VIGNET_FILE_1111 to CALDB (<class 'str'>)
Entering _validate for name=AXAF_ACIS0_QE_FILE val=CALDB (type=<class 'str'>) store=True
Validating ardlib.AXAF_ACIS0_QE_FILE val=CALDB as ...
... something else
Setting ardlib.AXAF_ACIS0_QE_FILE to CALDB (<class 'str'>)
Entering _validate for name=AXAF_ACIS1_QE_FILE val=CALDB (type=<class 'str'>) store=True
Validating ardlib.AXAF_ACIS1_QE_FILE val=CALDB as ...
... something else
Setting ardlib.AXAF_ACIS1_QE_FILE to CALDB (<class 'str'>)
Entering _validate for name=AXAF_ACIS2_QE_FILE val=CALDB (type=<class 'str'>) store=True
Validating ardlib.AXAF_ACIS2_QE_FILE val=CALDB as ...
... something else
Setting ardlib.AXAF_ACIS2_QE_FILE to CALDB (<class 'str'>)
Entering _validate for name=AXAF_ACIS3_QE_FILE val=CALDB (type=<class 'str'>) store=True
Validating ardlib.AXAF_ACIS3_QE_FILE val=CALDB as ...
... something else
Setting ardlib.AXAF_ACIS3_QE_FILE to CALDB (<class 'str'>)
Entering _validate for name=AXAF_ACIS4_QE_FILE val=CALDB (type=<class 'str'>) store=True
Validating ardlib.AXAF_ACIS4_QE_FILE val=CALDB as ...
... something else
Setting ardlib.AXAF_ACIS4_QE_FILE to CALDB (<class 'str'>)
Entering _validate for name=AXAF_ACIS5_QE_FILE val=CALDB (type=<class 'str'>) store=True
Validating ardlib.AXAF_ACIS5_QE_FILE val=CALDB as ...
... something else
Setting ardlib.AXAF_ACIS5_QE_FILE to CALDB (<class 'str'>)
Entering _validate for name=AXAF_ACIS6_QE_FILE val=CALDB (type=<class 'str'>) store=True
Validating ardlib.AXAF_ACIS6_QE_FILE val=CALDB as ...
... something else
Setting ardlib.AXAF_ACIS6_QE_FILE to CALDB (<class 'str'>)
Entering _validate for name=AXAF_ACIS7_QE_FILE val=CALDB (type=<class 'str'>) store=True
Validating ardlib.AXAF_ACIS7_QE_FILE val=CALDB as ...
... something else
Setting ardlib.AXAF_ACIS7_QE_FILE to CALDB (<class 'str'>)
Entering _validate for name=AXAF_ACIS8_QE_FILE val=CALDB (type=<class 'str'>) store=True
Validating ardlib.AXAF_ACIS8_QE_FILE val=CALDB as ...
... something else
Setting ardlib.AXAF_ACIS8_QE_FILE to CALDB (<class 'str'>)
Entering _validate for name=AXAF_ACIS9_QE_FILE val=CALDB (type=<class 'str'>) store=True
Validating ardlib.AXAF_ACIS9_QE_FILE val=CALDB as ...
... something else
Setting ardlib.AXAF_ACIS9_QE_FILE to CALDB (<class 'str'>)
Entering _validate for name=AXAF_ACIS0_QEU_FILE val=CALDB (type=<class 'str'>) store=True
Validating ardlib.AXAF_ACIS0_QEU_FILE val=CALDB as ...
... something else
Setting ardlib.AXAF_ACIS0_QEU_FILE to CALDB (<class 'str'>)
Entering _validate for name=AXAF_ACIS1_QEU_FILE val=CALDB (type=<class 'str'>) store=True
Validating ardlib.AXAF_ACIS1_QEU_FILE val=CALDB as ...
... something else
Setting ardlib.AXAF_ACIS1_QEU_FILE to CALDB (<class 'str'>)
Entering _validate for name=AXAF_ACIS2_QEU_FILE val=CALDB (type=<class 'str'>) store=True
Validating ardlib.AXAF_ACIS2_QEU_FILE val=CALDB as ...
... something else
Setting ardlib.AXAF_ACIS2_QEU_FILE to CALDB (<class 'str'>)
Entering _validate for name=AXAF_ACIS3_QEU_FILE val=CALDB (type=<class 'str'>) store=True
Validating ardlib.AXAF_ACIS3_QEU_FILE val=CALDB as ...
... something else
Setting ardlib.AXAF_ACIS3_QEU_FILE to CALDB (<class 'str'>)
Entering _validate for name=AXAF_ACIS4_QEU_FILE val=CALDB (type=<class 'str'>) store=True
Validating ardlib.AXAF_ACIS4_QEU_FILE val=CALDB as ...
... something else
Setting ardlib.AXAF_ACIS4_QEU_FILE to CALDB (<class 'str'>)
Entering _validate for name=AXAF_ACIS5_QEU_FILE val=CALDB (type=<class 'str'>) store=True
Validating ardlib.AXAF_ACIS5_QEU_FILE val=CALDB as ...
... something else
Setting ardlib.AXAF_ACIS5_QEU_FILE to CALDB (<class 'str'>)
Entering _validate for name=AXAF_ACIS6_QEU_FILE val=CALDB (type=<class 'str'>) store=True
Validating ardlib.AXAF_ACIS6_QEU_FILE val=CALDB as ...
... something else
Setting ardlib.AXAF_ACIS6_QEU_FILE to CALDB (<class 'str'>)
Entering _validate for name=AXAF_ACIS7_QEU_FILE val=CALDB (type=<class 'str'>) store=True
Validating ardlib.AXAF_ACIS7_QEU_FILE val=CALDB as ...
... something else
Setting ardlib.AXAF_ACIS7_QEU_FILE to CALDB (<class 'str'>)
Entering _validate for name=AXAF_ACIS8_QEU_FILE val=CALDB (type=<class 'str'>) store=True
Validating ardlib.AXAF_ACIS8_QEU_FILE val=CALDB as ...
... something else
Setting ardlib.AXAF_ACIS8_QEU_FILE to CALDB (<class 'str'>)
Entering _validate for name=AXAF_ACIS9_QEU_FILE val=CALDB (type=<class 'str'>) store=True
Validating ardlib.AXAF_ACIS9_QEU_FILE val=CALDB as ...
... something else
Setting ardlib.AXAF_ACIS9_QEU_FILE to CALDB (<class 'str'>)
Entering _validate for name=AXAF_ACIS0_BADPIX_FILE val=/home/henry/sigma-v19f-chandra/repro/BULLET/5358/acisf05358_repro_bpix1.fits[BADPIX0] (type=<class 'str'>) store=True
Validating ardlib.AXAF_ACIS0_BADPIX_FILE val=/home/henry/sigma-v19f-chandra/repro/BULLET/5358/acisf05358_repro_bpix1.fits[BADPIX0] as ...
... something else
Setting ardlib.AXAF_ACIS0_BADPIX_FILE to /home/henry/sigma-v19f-chandra/repro/BULLET/5358/acisf05358_repro_bpix1.fits[BADPIX0] (<class 'str'>)
Entering _validate for name=AXAF_ACIS1_BADPIX_FILE val=/home/henry/sigma-v19f-chandra/repro/BULLET/5358/acisf05358_repro_bpix1.fits[BADPIX1] (type=<class 'str'>) store=True
Validating ardlib.AXAF_ACIS1_BADPIX_FILE val=/home/henry/sigma-v19f-chandra/repro/BULLET/5358/acisf05358_repro_bpix1.fits[BADPIX1] as ...
... something else
Setting ardlib.AXAF_ACIS1_BADPIX_FILE to /home/henry/sigma-v19f-chandra/repro/BULLET/5358/acisf05358_repro_bpix1.fits[BADPIX1] (<class 'str'>)
Entering _validate for name=AXAF_ACIS2_BADPIX_FILE val=/home/henry/sigma-v19f-chandra/repro/BULLET/5358/acisf05358_repro_bpix1.fits[BADPIX2] (type=<class 'str'>) store=True
Validating ardlib.AXAF_ACIS2_BADPIX_FILE val=/home/henry/sigma-v19f-chandra/repro/BULLET/5358/acisf05358_repro_bpix1.fits[BADPIX2] as ...
... something else
Setting ardlib.AXAF_ACIS2_BADPIX_FILE to /home/henry/sigma-v19f-chandra/repro/BULLET/5358/acisf05358_repro_bpix1.fits[BADPIX2] (<class 'str'>)
Entering _validate for name=AXAF_ACIS3_BADPIX_FILE val=/home/henry/sigma-v19f-chandra/repro/BULLET/5358/acisf05358_repro_bpix1.fits[BADPIX3] (type=<class 'str'>) store=True
Validating ardlib.AXAF_ACIS3_BADPIX_FILE val=/home/henry/sigma-v19f-chandra/repro/BULLET/5358/acisf05358_repro_bpix1.fits[BADPIX3] as ...
... something else
Setting ardlib.AXAF_ACIS3_BADPIX_FILE to /home/henry/sigma-v19f-chandra/repro/BULLET/5358/acisf05358_repro_bpix1.fits[BADPIX3] (<class 'str'>)
Entering _validate for name=AXAF_ACIS4_BADPIX_FILE val=CALDB (type=<class 'str'>) store=True
Validating ardlib.AXAF_ACIS4_BADPIX_FILE val=CALDB as ...
... something else
Setting ardlib.AXAF_ACIS4_BADPIX_FILE to CALDB (<class 'str'>)
Entering _validate for name=AXAF_ACIS5_BADPIX_FILE val=CALDB (type=<class 'str'>) store=True
Validating ardlib.AXAF_ACIS5_BADPIX_FILE val=CALDB as ...
... something else
Setting ardlib.AXAF_ACIS5_BADPIX_FILE to CALDB (<class 'str'>)
Entering _validate for name=AXAF_ACIS6_BADPIX_FILE val=/home/henry/sigma-v19f-chandra/repro/BULLET/5358/acisf05358_repro_bpix1.fits[BADPIX6] (type=<class 'str'>) store=True
Validating ardlib.AXAF_ACIS6_BADPIX_FILE val=/home/henry/sigma-v19f-chandra/repro/BULLET/5358/acisf05358_repro_bpix1.fits[BADPIX6] as ...
... something else
Setting ardlib.AXAF_ACIS6_BADPIX_FILE to /home/henry/sigma-v19f-chandra/repro/BULLET/5358/acisf05358_repro_bpix1.fits[BADPIX6] (<class 'str'>)
Entering _validate for name=AXAF_ACIS7_BADPIX_FILE val=CALDB (type=<class 'str'>) store=True
Validating ardlib.AXAF_ACIS7_BADPIX_FILE val=CALDB as ...
... something else
Setting ardlib.AXAF_ACIS7_BADPIX_FILE to CALDB (<class 'str'>)
Entering _validate for name=AXAF_ACIS8_BADPIX_FILE val=CALDB (type=<class 'str'>) store=True
Validating ardlib.AXAF_ACIS8_BADPIX_FILE val=CALDB as ...
... something else
Setting ardlib.AXAF_ACIS8_BADPIX_FILE to CALDB (<class 'str'>)
Entering _validate for name=AXAF_ACIS9_BADPIX_FILE val=CALDB (type=<class 'str'>) store=True
Validating ardlib.AXAF_ACIS9_BADPIX_FILE val=CALDB as ...
... something else
Setting ardlib.AXAF_ACIS9_BADPIX_FILE to CALDB (<class 'str'>)
Entering _validate for name=AXAF_ACIS0_CONTAM_FILE val=CALDB (type=<class 'str'>) store=True
Validating ardlib.AXAF_ACIS0_CONTAM_FILE val=CALDB as ...
... something else
Setting ardlib.AXAF_ACIS0_CONTAM_FILE to CALDB (<class 'str'>)
Entering _validate for name=AXAF_ACIS1_CONTAM_FILE val=CALDB (type=<class 'str'>) store=True
Validating ardlib.AXAF_ACIS1_CONTAM_FILE val=CALDB as ...
... something else
Setting ardlib.AXAF_ACIS1_CONTAM_FILE to CALDB (<class 'str'>)
Entering _validate for name=AXAF_ACIS2_CONTAM_FILE val=CALDB (type=<class 'str'>) store=True
Validating ardlib.AXAF_ACIS2_CONTAM_FILE val=CALDB as ...
... something else
Setting ardlib.AXAF_ACIS2_CONTAM_FILE to CALDB (<class 'str'>)
Entering _validate for name=AXAF_ACIS3_CONTAM_FILE val=CALDB (type=<class 'str'>) store=True
Validating ardlib.AXAF_ACIS3_CONTAM_FILE val=CALDB as ...
... something else
Setting ardlib.AXAF_ACIS3_CONTAM_FILE to CALDB (<class 'str'>)
Entering _validate for name=AXAF_ACIS4_CONTAM_FILE val=CALDB (type=<class 'str'>) store=True
Validating ardlib.AXAF_ACIS4_CONTAM_FILE val=CALDB as ...
... something else
Setting ardlib.AXAF_ACIS4_CONTAM_FILE to CALDB (<class 'str'>)
Entering _validate for name=AXAF_ACIS5_CONTAM_FILE val=CALDB (type=<class 'str'>) store=True
Validating ardlib.AXAF_ACIS5_CONTAM_FILE val=CALDB as ...
... something else
Setting ardlib.AXAF_ACIS5_CONTAM_FILE to CALDB (<class 'str'>)
Entering _validate for name=AXAF_ACIS6_CONTAM_FILE val=CALDB (type=<class 'str'>) store=True
Validating ardlib.AXAF_ACIS6_CONTAM_FILE val=CALDB as ...
... something else
Setting ardlib.AXAF_ACIS6_CONTAM_FILE to CALDB (<class 'str'>)
Entering _validate for name=AXAF_ACIS7_CONTAM_FILE val=CALDB (type=<class 'str'>) store=True
Validating ardlib.AXAF_ACIS7_CONTAM_FILE val=CALDB as ...
... something else
Setting ardlib.AXAF_ACIS7_CONTAM_FILE to CALDB (<class 'str'>)
Entering _validate for name=AXAF_ACIS8_CONTAM_FILE val=CALDB (type=<class 'str'>) store=True
Validating ardlib.AXAF_ACIS8_CONTAM_FILE val=CALDB as ...
... something else
Setting ardlib.AXAF_ACIS8_CONTAM_FILE to CALDB (<class 'str'>)
Entering _validate for name=AXAF_ACIS9_CONTAM_FILE val=CALDB (type=<class 'str'>) store=True
Validating ardlib.AXAF_ACIS9_CONTAM_FILE val=CALDB as ...
... something else
Setting ardlib.AXAF_ACIS9_CONTAM_FILE to CALDB (<class 'str'>)
Entering _validate for name=AXAF_HRC_I_QE_FILE val=CALDB (type=<class 'str'>) store=True
Validating ardlib.AXAF_HRC_I_QE_FILE val=CALDB as ...
... something else
Setting ardlib.AXAF_HRC_I_QE_FILE to CALDB (<class 'str'>)
Entering _validate for name=AXAF_HRC_I_QEU_FILE val=CALDB (type=<class 'str'>) store=True
Validating ardlib.AXAF_HRC_I_QEU_FILE val=CALDB as ...
... something else
Setting ardlib.AXAF_HRC_I_QEU_FILE to CALDB (<class 'str'>)
Entering _validate for name=AXAF_HRC_I_BADPIX_FILE val=NONE (type=<class 'str'>) store=True
Validating ardlib.AXAF_HRC_I_BADPIX_FILE val=NONE as ...
... something else
Setting ardlib.AXAF_HRC_I_BADPIX_FILE to NONE (<class 'str'>)
Entering _validate for name=AXAF_HRC_S1_QE_FILE val=CALDB (type=<class 'str'>) store=True
Validating ardlib.AXAF_HRC_S1_QE_FILE val=CALDB as ...
... something else
Setting ardlib.AXAF_HRC_S1_QE_FILE to CALDB (<class 'str'>)
Entering _validate for name=AXAF_HRC_S2_QE_FILE val=CALDB (type=<class 'str'>) store=True
Validating ardlib.AXAF_HRC_S2_QE_FILE val=CALDB as ...
... something else
Setting ardlib.AXAF_HRC_S2_QE_FILE to CALDB (<class 'str'>)
Entering _validate for name=AXAF_HRC_S3_QE_FILE val=CALDB (type=<class 'str'>) store=True
Validating ardlib.AXAF_HRC_S3_QE_FILE val=CALDB as ...
... something else
Setting ardlib.AXAF_HRC_S3_QE_FILE to CALDB (<class 'str'>)
Entering _validate for name=AXAF_HRC_S1_QEU_FILE val=CALDB (type=<class 'str'>) store=True
Validating ardlib.AXAF_HRC_S1_QEU_FILE val=CALDB as ...
... something else
Setting ardlib.AXAF_HRC_S1_QEU_FILE to CALDB (<class 'str'>)
Entering _validate for name=AXAF_HRC_S2_QEU_FILE val=CALDB (type=<class 'str'>) store=True
Validating ardlib.AXAF_HRC_S2_QEU_FILE val=CALDB as ...
... something else
Setting ardlib.AXAF_HRC_S2_QEU_FILE to CALDB (<class 'str'>)
Entering _validate for name=AXAF_HRC_S3_QEU_FILE val=CALDB (type=<class 'str'>) store=True
Validating ardlib.AXAF_HRC_S3_QEU_FILE val=CALDB as ...
... something else
Setting ardlib.AXAF_HRC_S3_QEU_FILE to CALDB (<class 'str'>)
Entering _validate for name=AXAF_HRC_S_BADPIX_FILE val=NONE (type=<class 'str'>) store=True
Validating ardlib.AXAF_HRC_S_BADPIX_FILE val=NONE as ...
... something else
Setting ardlib.AXAF_HRC_S_BADPIX_FILE to NONE (<class 'str'>)
Entering _validate for name=AXAF_HETG_1000_FILE val=CALDB (type=<class 'str'>) store=True
Validating ardlib.AXAF_HETG_1000_FILE val=CALDB as ...
... something else
Setting ardlib.AXAF_HETG_1000_FILE to CALDB (<class 'str'>)
Entering _validate for name=AXAF_HETG_0100_FILE val=CALDB (type=<class 'str'>) store=True
Validating ardlib.AXAF_HETG_0100_FILE val=CALDB as ...
... something else
Setting ardlib.AXAF_HETG_0100_FILE to CALDB (<class 'str'>)
Entering _validate for name=AXAF_HETG_0010_FILE val=CALDB (type=<class 'str'>) store=True
Validating ardlib.AXAF_HETG_0010_FILE val=CALDB as ...
... something else
Setting ardlib.AXAF_HETG_0010_FILE to CALDB (<class 'str'>)
Entering _validate for name=AXAF_HETG_0001_FILE val=CALDB (type=<class 'str'>) store=True
Validating ardlib.AXAF_HETG_0001_FILE val=CALDB as ...
... something else
Setting ardlib.AXAF_HETG_0001_FILE to CALDB (<class 'str'>)
Entering _validate for name=AXAF_LETG_1000_FILE val=CALDB (type=<class 'str'>) store=True
Validating ardlib.AXAF_LETG_1000_FILE val=CALDB as ...
... something else
Setting ardlib.AXAF_LETG_1000_FILE to CALDB (<class 'str'>)
Entering _validate for name=AXAF_LETG_0100_FILE val=CALDB (type=<class 'str'>) store=True
Validating ardlib.AXAF_LETG_0100_FILE val=CALDB as ...
... something else
Setting ardlib.AXAF_LETG_0100_FILE to CALDB (<class 'str'>)
Entering _validate for name=AXAF_LETG_0010_FILE val=CALDB (type=<class 'str'>) store=True
Validating ardlib.AXAF_LETG_0010_FILE val=CALDB as ...
... something else
Setting ardlib.AXAF_LETG_0010_FILE to CALDB (<class 'str'>)
Entering _validate for name=AXAF_LETG_0001_FILE val=CALDB (type=<class 'str'>) store=True
Validating ardlib.AXAF_LETG_0001_FILE val=CALDB as ...
... something else
Setting ardlib.AXAF_LETG_0001_FILE to CALDB (<class 'str'>)
Entering _validate for name=AXAF_HETG_1100_LSF_FILE val=CALDB (type=<class 'str'>) store=True
Validating ardlib.AXAF_HETG_1100_LSF_FILE val=CALDB as ...
... something else
Setting ardlib.AXAF_HETG_1100_LSF_FILE to CALDB (<class 'str'>)
Entering _validate for name=AXAF_HETG_0011_LSF_FILE val=CALDB (type=<class 'str'>) store=True
Validating ardlib.AXAF_HETG_0011_LSF_FILE val=CALDB as ...
... something else
Setting ardlib.AXAF_HETG_0011_LSF_FILE to CALDB (<class 'str'>)
Entering _validate for name=AXAF_LETG_1111_LSF_FILE val=CALDB (type=<class 'str'>) store=True
Validating ardlib.AXAF_LETG_1111_LSF_FILE val=CALDB as ...
... something else
Setting ardlib.AXAF_LETG_1111_LSF_FILE to CALDB (<class 'str'>)
Entering _validate for name=AXAF_RMF_FILE val=CALDB (type=<class 'str'>) store=True
Validating ardlib.AXAF_RMF_FILE val=CALDB as ...
... something else
Setting ardlib.AXAF_RMF_FILE to CALDB (<class 'str'>)
Entering _validate for name=AXAF_GAIN_FILE val=CALDB (type=<class 'str'>) store=True
Validating ardlib.AXAF_GAIN_FILE val=CALDB as ...
... something else
Setting ardlib.AXAF_GAIN_FILE to CALDB (<class 'str'>)
Read from the ardlib parameter file
Calling punlearn on tool acis_set_ardlib
Entering _validate for name=badpixfile val=/home/henry/sigma-v19f-chandra/repro/BULLET/5358/acisf05358_repro_bpix1.fits (type=<class 'str'>) store=True
Validating acis_set_ardlib.badpixfile val=/home/henry/sigma-v19f-chandra/repro/BULLET/5358/acisf05358_repro_bpix1.fits as ...
... something else
Setting acis_set_ardlib.badpixfile to /home/henry/sigma-v19f-chandra/repro/BULLET/5358/acisf05358_repro_bpix1.fits (<class 'str'>)
Entering _validate for name=verbose val=5 (type=<class 'int'>) store=True
Validating acis_set_ardlib.verbose val=5 as ...
... an integer
Validating acis_set_ardlib.verbose val=5 against min/max=0/5
Setting acis_set_ardlib.verbose to 5 (<class 'int'>)
_create_parfile_copy called for acis_set_ardlib with parfile=None
Copying par file /home/henry/miniforge3/envs/sigma-ciao-4.18/param/acis_set_ardlib.par to /home/henry/sigma-v19ck-rmf-diagnostic/v100/c3432/tmp/tmpab_sm_jd.acis_set_ardlib.par
_update_parfile[acis_set_ardlib] called for /home/henry/sigma-v19ck-rmf-diagnostic/v100/c3432/tmp/tmpab_sm_jd.acis_set_ardlib.par
Opening parameter file with mode=wLH: '/home/henry/sigma-v19ck-rmf-diagnostic/v100/c3432/tmp/tmpab_sm_jd.acis_set_ardlib.par'
setting parameter badpixfile type=f val=/home/henry/sigma-v19f-chandra/repro/BULLET/5358/acisf05358_repro_bpix1.fits
setting parameter absolutepath type=b val=True
setting parameter ardlibfile type=f val=ardlib
setting parameter verbose type=i val=5
Verifying parameter settings
verifying parameter badpixfile type=f is val=/home/henry/sigma-v19f-chandra/repro/BULLET/5358/acisf05358_repro_bpix1.fits
verifying parameter absolutepath type=b is val=True
verifying parameter ardlibfile type=f is val=ardlib
verifying parameter verbose type=i is val=5
_update_parfile[acis_set_ardlib] returning {}
Running tool acis_set_ardlib using:
>>> acis_set_ardlib /home/henry/sigma-v19f-chandra/repro/BULLET/5358/acisf05358_repro_bpix1.fits verbose=5
***** Start of parameter file
** badpixfile,f,a,"/home/henry/sigma-v19f-chandra/repro/BULLET/5358/acisf05358_repro_bpix1.fits",,,"Bad pixel file for the observation"
** absolutepath,b,h,yes,,,"Use an absolute path in the parameter file"
** ardlibfile,f,h,"ardlib",,,"Parameter file to change"
** verbose,i,h,5,0,5,"Verbosity (0 for no screen output)"
** mode,s,h,"hl",,,
***** End of parameter file
Starting acis_set_ardlib at Wed Aug  5 13:10:03 2026
acis_set_ardlib finished at Wed Aug  5 13:10:04 2026
Run time = 1 second
Return code = 0
***** Start of parameter file
** badpixfile,f,a,"/home/henry/sigma-v19f-chandra/repro/BULLET/5358/acisf05358_repro_bpix1.fits",,,"Bad pixel file for the observation"
** absolutepath,b,h,yes,,,"Use an absolute path in the parameter file"
** ardlibfile,f,h,"ardlib",,,"Parameter file to change"
** verbose,i,h,5,0,5,"Verbosity (0 for no screen output)"
** mode,s,h,"hl",,,
***** End of parameter file
Entering _validate for name=badpixfile val=/home/henry/sigma-v19f-chandra/repro/BULLET/5358/acisf05358_repro_bpix1.fits (type=<class 'str'>) store=True
Validating acis_set_ardlib.badpixfile val=/home/henry/sigma-v19f-chandra/repro/BULLET/5358/acisf05358_repro_bpix1.fits as ...
... something else
Setting acis_set_ardlib.badpixfile to /home/henry/sigma-v19f-chandra/repro/BULLET/5358/acisf05358_repro_bpix1.fits (<class 'str'>)
Entering _validate for name=absolutepath val=yes (type=<class 'str'>) store=True
Validating acis_set_ardlib.absolutepath val=yes as ...
... a boolean
Setting acis_set_ardlib.absolutepath to True (<class 'bool'>)
Entering _validate for name=ardlibfile val=ardlib (type=<class 'str'>) store=True
Validating acis_set_ardlib.ardlibfile val=ardlib as ...
... something else
Setting acis_set_ardlib.ardlibfile to ardlib (<class 'str'>)
Entering _validate for name=verbose val=5 (type=<class 'str'>) store=True
Validating acis_set_ardlib.verbose val=5 as ...
... an integer
Validating acis_set_ardlib.verbose val=5 against min/max=0/5
Setting acis_set_ardlib.verbose to 5 (<class 'int'>)
Read parameters for acis_set_ardlib from /home/henry/sigma-v19ck-rmf-diagnostic/v100/c3432/tmp/tmpab_sm_jd.acis_set_ardlib.par
Deleting par file: /home/henry/sigma-v19ck-rmf-diagnostic/v100/c3432/tmp/tmpab_sm_jd.acis_set_ardlib.par
_update_parfile[ardlib] called for ardlib
Opening parameter file with mode=wLH: 'ardlib'
setting parameter ArdlibDataPath type=s val=$ASCDS_CALIB
setting parameter GENERIC_EFFAREA_FILE type=f val=xrt_ea_v2_0.fits
setting parameter GENERIC_VIGNET_FILE type=f val=/dev/null
setting parameter AXAF_EFFAREA_FILE_0001 type=f val=CALDB
setting parameter AXAF_EFFAREA_FILE_0010 type=f val=CALDB
setting parameter AXAF_EFFAREA_FILE_0100 type=f val=CALDB
setting parameter AXAF_EFFAREA_FILE_1000 type=f val=CALDB
setting parameter AXAF_EFFAREA_FILE_1111 type=f val=CALDB
setting parameter AXAF_VIGNET_FILE_0001 type=f val=CALDB
setting parameter AXAF_VIGNET_FILE_0010 type=f val=CALDB
setting parameter AXAF_VIGNET_FILE_0100 type=f val=CALDB
setting parameter AXAF_VIGNET_FILE_1000 type=f val=CALDB
setting parameter AXAF_VIGNET_FILE_1111 type=f val=CALDB
setting parameter AXAF_ACIS0_QE_FILE type=f val=CALDB
setting parameter AXAF_ACIS1_QE_FILE type=f val=CALDB
setting parameter AXAF_ACIS2_QE_FILE type=f val=CALDB
setting parameter AXAF_ACIS3_QE_FILE type=f val=CALDB
setting parameter AXAF_ACIS4_QE_FILE type=f val=CALDB
setting parameter AXAF_ACIS5_QE_FILE type=f val=CALDB
setting parameter AXAF_ACIS6_QE_FILE type=f val=CALDB
setting parameter AXAF_ACIS7_QE_FILE type=f val=CALDB
setting parameter AXAF_ACIS8_QE_FILE type=f val=CALDB
setting parameter AXAF_ACIS9_QE_FILE type=f val=CALDB
setting parameter AXAF_ACIS0_QEU_FILE type=f val=CALDB
setting parameter AXAF_ACIS1_QEU_FILE type=f val=CALDB
setting parameter AXAF_ACIS2_QEU_FILE type=f val=CALDB
setting parameter AXAF_ACIS3_QEU_FILE type=f val=CALDB
setting parameter AXAF_ACIS4_QEU_FILE type=f val=CALDB
setting parameter AXAF_ACIS5_QEU_FILE type=f val=CALDB
setting parameter AXAF_ACIS6_QEU_FILE type=f val=CALDB
setting parameter AXAF_ACIS7_QEU_FILE type=f val=CALDB
setting parameter AXAF_ACIS8_QEU_FILE type=f val=CALDB
setting parameter AXAF_ACIS9_QEU_FILE type=f val=CALDB
setting parameter AXAF_ACIS0_BADPIX_FILE type=f val=/home/henry/sigma-v19f-chandra/repro/BULLET/5358/acisf05358_repro_bpix1.fits[BADPIX0]
setting parameter AXAF_ACIS1_BADPIX_FILE type=f val=/home/henry/sigma-v19f-chandra/repro/BULLET/5358/acisf05358_repro_bpix1.fits[BADPIX1]
setting parameter AXAF_ACIS2_BADPIX_FILE type=f val=/home/henry/sigma-v19f-chandra/repro/BULLET/5358/acisf05358_repro_bpix1.fits[BADPIX2]
setting parameter AXAF_ACIS3_BADPIX_FILE type=f val=/home/henry/sigma-v19f-chandra/repro/BULLET/5358/acisf05358_repro_bpix1.fits[BADPIX3]
setting parameter AXAF_ACIS4_BADPIX_FILE type=f val=CALDB
setting parameter AXAF_ACIS5_BADPIX_FILE type=f val=CALDB
setting parameter AXAF_ACIS6_BADPIX_FILE type=f val=/home/henry/sigma-v19f-chandra/repro/BULLET/5358/acisf05358_repro_bpix1.fits[BADPIX6]
setting parameter AXAF_ACIS7_BADPIX_FILE type=f val=CALDB
setting parameter AXAF_ACIS8_BADPIX_FILE type=f val=CALDB
setting parameter AXAF_ACIS9_BADPIX_FILE type=f val=CALDB
setting parameter AXAF_ACIS0_CONTAM_FILE type=f val=CALDB
setting parameter AXAF_ACIS1_CONTAM_FILE type=f val=CALDB
setting parameter AXAF_ACIS2_CONTAM_FILE type=f val=CALDB
setting parameter AXAF_ACIS3_CONTAM_FILE type=f val=CALDB
setting parameter AXAF_ACIS4_CONTAM_FILE type=f val=CALDB
setting parameter AXAF_ACIS5_CONTAM_FILE type=f val=CALDB
setting parameter AXAF_ACIS6_CONTAM_FILE type=f val=CALDB
setting parameter AXAF_ACIS7_CONTAM_FILE type=f val=CALDB
setting parameter AXAF_ACIS8_CONTAM_FILE type=f val=CALDB
setting parameter AXAF_ACIS9_CONTAM_FILE type=f val=CALDB
setting parameter AXAF_HRC_I_QE_FILE->AXAF_HRC-I_QE_FILE type=f val=CALDB
setting parameter AXAF_HRC_I_QEU_FILE->AXAF_HRC-I_QEU_FILE type=f val=CALDB
setting parameter AXAF_HRC_I_BADPIX_FILE->AXAF_HRC-I_BADPIX_FILE type=f val=NONE
setting parameter AXAF_HRC_S1_QE_FILE->AXAF_HRC-S1_QE_FILE type=f val=CALDB
setting parameter AXAF_HRC_S2_QE_FILE->AXAF_HRC-S2_QE_FILE type=f val=CALDB
setting parameter AXAF_HRC_S3_QE_FILE->AXAF_HRC-S3_QE_FILE type=f val=CALDB
setting parameter AXAF_HRC_S1_QEU_FILE->AXAF_HRC-S1_QEU_FILE type=f val=CALDB
setting parameter AXAF_HRC_S2_QEU_FILE->AXAF_HRC-S2_QEU_FILE type=f val=CALDB
setting parameter AXAF_HRC_S3_QEU_FILE->AXAF_HRC-S3_QEU_FILE type=f val=CALDB
setting parameter AXAF_HRC_S_BADPIX_FILE->AXAF_HRC-S_BADPIX_FILE type=f val=NONE
setting parameter AXAF_HETG_1000_FILE type=f val=CALDB
setting parameter AXAF_HETG_0100_FILE type=f val=CALDB
setting parameter AXAF_HETG_0010_FILE type=f val=CALDB
setting parameter AXAF_HETG_0001_FILE type=f val=CALDB
setting parameter AXAF_LETG_1000_FILE type=f val=CALDB
setting parameter AXAF_LETG_0100_FILE type=f val=CALDB
setting parameter AXAF_LETG_0010_FILE type=f val=CALDB
setting parameter AXAF_LETG_0001_FILE type=f val=CALDB
setting parameter AXAF_HETG_1100_LSF_FILE type=f val=CALDB
setting parameter AXAF_HETG_0011_LSF_FILE type=f val=CALDB
setting parameter AXAF_LETG_1111_LSF_FILE type=f val=CALDB
setting parameter AXAF_RMF_FILE type=f val=CALDB
setting parameter AXAF_GAIN_FILE type=f val=CALDB
Verifying parameter settings
verifying parameter ArdlibDataPath type=s is val=$ASCDS_CALIB
verifying parameter GENERIC_EFFAREA_FILE type=f is val=xrt_ea_v2_0.fits
verifying parameter GENERIC_VIGNET_FILE type=f is val=/dev/null
verifying parameter AXAF_EFFAREA_FILE_0001 type=f is val=CALDB
verifying parameter AXAF_EFFAREA_FILE_0010 type=f is val=CALDB
verifying parameter AXAF_EFFAREA_FILE_0100 type=f is val=CALDB
verifying parameter AXAF_EFFAREA_FILE_1000 type=f is val=CALDB
verifying parameter AXAF_EFFAREA_FILE_1111 type=f is val=CALDB
verifying parameter AXAF_VIGNET_FILE_0001 type=f is val=CALDB
verifying parameter AXAF_VIGNET_FILE_0010 type=f is val=CALDB
verifying parameter AXAF_VIGNET_FILE_0100 type=f is val=CALDB
verifying parameter AXAF_VIGNET_FILE_1000 type=f is val=CALDB
verifying parameter AXAF_VIGNET_FILE_1111 type=f is val=CALDB
verifying parameter AXAF_ACIS0_QE_FILE type=f is val=CALDB
verifying parameter AXAF_ACIS1_QE_FILE type=f is val=CALDB
verifying parameter AXAF_ACIS2_QE_FILE type=f is val=CALDB
verifying parameter AXAF_ACIS3_QE_FILE type=f is val=CALDB
verifying parameter AXAF_ACIS4_QE_FILE type=f is val=CALDB
verifying parameter AXAF_ACIS5_QE_FILE type=f is val=CALDB
verifying parameter AXAF_ACIS6_QE_FILE type=f is val=CALDB
verifying parameter AXAF_ACIS7_QE_FILE type=f is val=CALDB
verifying parameter AXAF_ACIS8_QE_FILE type=f is val=CALDB
verifying parameter AXAF_ACIS9_QE_FILE type=f is val=CALDB
verifying parameter AXAF_ACIS0_QEU_FILE type=f is val=CALDB
verifying parameter AXAF_ACIS1_QEU_FILE type=f is val=CALDB
verifying parameter AXAF_ACIS2_QEU_FILE type=f is val=CALDB
verifying parameter AXAF_ACIS3_QEU_FILE type=f is val=CALDB
verifying parameter AXAF_ACIS4_QEU_FILE type=f is val=CALDB
verifying parameter AXAF_ACIS5_QEU_FILE type=f is val=CALDB
verifying parameter AXAF_ACIS6_QEU_FILE type=f is val=CALDB
verifying parameter AXAF_ACIS7_QEU_FILE type=f is val=CALDB
verifying parameter AXAF_ACIS8_QEU_FILE type=f is val=CALDB
verifying parameter AXAF_ACIS9_QEU_FILE type=f is val=CALDB
verifying parameter AXAF_ACIS0_BADPIX_FILE type=f is val=/home/henry/sigma-v19f-chandra/repro/BULLET/5358/acisf05358_repro_bpix1.fits[BADPIX0]
verifying parameter AXAF_ACIS1_BADPIX_FILE type=f is val=/home/henry/sigma-v19f-chandra/repro/BULLET/5358/acisf05358_repro_bpix1.fits[BADPIX1]
verifying parameter AXAF_ACIS2_BADPIX_FILE type=f is val=/home/henry/sigma-v19f-chandra/repro/BULLET/5358/acisf05358_repro_bpix1.fits[BADPIX2]
verifying parameter AXAF_ACIS3_BADPIX_FILE type=f is val=/home/henry/sigma-v19f-chandra/repro/BULLET/5358/acisf05358_repro_bpix1.fits[BADPIX3]
verifying parameter AXAF_ACIS4_BADPIX_FILE type=f is val=CALDB
verifying parameter AXAF_ACIS5_BADPIX_FILE type=f is val=CALDB
verifying parameter AXAF_ACIS6_BADPIX_FILE type=f is val=/home/henry/sigma-v19f-chandra/repro/BULLET/5358/acisf05358_repro_bpix1.fits[BADPIX6]
verifying parameter AXAF_ACIS7_BADPIX_FILE type=f is val=CALDB
verifying parameter AXAF_ACIS8_BADPIX_FILE type=f is val=CALDB
verifying parameter AXAF_ACIS9_BADPIX_FILE type=f is val=CALDB
verifying parameter AXAF_ACIS0_CONTAM_FILE type=f is val=CALDB
verifying parameter AXAF_ACIS1_CONTAM_FILE type=f is val=CALDB
verifying parameter AXAF_ACIS2_CONTAM_FILE type=f is val=CALDB
verifying parameter AXAF_ACIS3_CONTAM_FILE type=f is val=CALDB
verifying parameter AXAF_ACIS4_CONTAM_FILE type=f is val=CALDB
verifying parameter AXAF_ACIS5_CONTAM_FILE type=f is val=CALDB
verifying parameter AXAF_ACIS6_CONTAM_FILE type=f is val=CALDB
verifying parameter AXAF_ACIS7_CONTAM_FILE type=f is val=CALDB
verifying parameter AXAF_ACIS8_CONTAM_FILE type=f is val=CALDB
verifying parameter AXAF_ACIS9_CONTAM_FILE type=f is val=CALDB
verifying parameter AXAF_HRC_I_QE_FILE<-AXAF_HRC-I_QE_FILE type=f is val=CALDB
verifying parameter AXAF_HRC_I_QEU_FILE<-AXAF_HRC-I_QEU_FILE type=f is val=CALDB
verifying parameter AXAF_HRC_I_BADPIX_FILE<-AXAF_HRC-I_BADPIX_FILE type=f is val=NONE
verifying parameter AXAF_HRC_S1_QE_FILE<-AXAF_HRC-S1_QE_FILE type=f is val=CALDB
verifying parameter AXAF_HRC_S2_QE_FILE<-AXAF_HRC-S2_QE_FILE type=f is val=CALDB
verifying parameter AXAF_HRC_S3_QE_FILE<-AXAF_HRC-S3_QE_FILE type=f is val=CALDB
verifying parameter AXAF_HRC_S1_QEU_FILE<-AXAF_HRC-S1_QEU_FILE type=f is val=CALDB
verifying parameter AXAF_HRC_S2_QEU_FILE<-AXAF_HRC-S2_QEU_FILE type=f is val=CALDB
verifying parameter AXAF_HRC_S3_QEU_FILE<-AXAF_HRC-S3_QEU_FILE type=f is val=CALDB
verifying parameter AXAF_HRC_S_BADPIX_FILE<-AXAF_HRC-S_BADPIX_FILE type=f is val=NONE
verifying parameter AXAF_HETG_1000_FILE type=f is val=CALDB
verifying parameter AXAF_HETG_0100_FILE type=f is val=CALDB
verifying parameter AXAF_HETG_0010_FILE type=f is val=CALDB
verifying parameter AXAF_HETG_0001_FILE type=f is val=CALDB
verifying parameter AXAF_LETG_1000_FILE type=f is val=CALDB
verifying parameter AXAF_LETG_0100_FILE type=f is val=CALDB
verifying parameter AXAF_LETG_0010_FILE type=f is val=CALDB
verifying parameter AXAF_LETG_0001_FILE type=f is val=CALDB
verifying parameter AXAF_HETG_1100_LSF_FILE type=f is val=CALDB
verifying parameter AXAF_HETG_0011_LSF_FILE type=f is val=CALDB
verifying parameter AXAF_LETG_1111_LSF_FILE type=f is val=CALDB
verifying parameter AXAF_RMF_FILE type=f is val=CALDB
verifying parameter AXAF_GAIN_FILE type=f is val=CALDB
_update_parfile[ardlib] returning {}
Wrote to the ardlib parameter file
_create_parfile_copy called for acis_set_ardlib with parfile=None
Copying par file /home/henry/miniforge3/envs/sigma-ciao-4.18/param/acis_set_ardlib.par to /home/henry/sigma-v19ck-rmf-diagnostic/v100/c3432/tmp/tmpmsx3t4zw.acis_set_ardlib.par
_update_parfile[acis_set_ardlib] called for /home/henry/sigma-v19ck-rmf-diagnostic/v100/c3432/tmp/tmpmsx3t4zw.acis_set_ardlib.par
Opening parameter file with mode=wLH: '/home/henry/sigma-v19ck-rmf-diagnostic/v100/c3432/tmp/tmpmsx3t4zw.acis_set_ardlib.par'
setting parameter badpixfile type=f val=/home/henry/sigma-v19f-chandra/repro/BULLET/5358/acisf05358_repro_bpix1.fits
setting parameter absolutepath type=b val=True
setting parameter ardlibfile type=f val=ardlib
setting parameter verbose type=i val=5
Verifying parameter settings
verifying parameter badpixfile type=f is val=/home/henry/sigma-v19f-chandra/repro/BULLET/5358/acisf05358_repro_bpix1.fits
verifying parameter absolutepath type=b is val=True
verifying parameter ardlibfile type=f is val=ardlib
verifying parameter verbose type=i is val=5
_update_parfile[acis_set_ardlib] returning {}
Running tool acis_set_ardlib using:
>>> acis_set_ardlib /home/henry/sigma-v19f-chandra/repro/BULLET/5358/acisf05358_repro_bpix1.fits verbose=5
***** Start of parameter file
** badpixfile,f,a,"/home/henry/sigma-v19f-chandra/repro/BULLET/5358/acisf05358_repro_bpix1.fits",,,"Bad pixel file for the observation"
** absolutepath,b,h,yes,,,"Use an absolute path in the parameter file"
** ardlibfile,f,h,"ardlib",,,"Parameter file to change"
** verbose,i,h,5,0,5,"Verbosity (0 for no screen output)"
** mode,s,h,"hl",,,
***** End of parameter file
Starting acis_set_ardlib at Wed Aug  5 13:10:04 2026
acis_set_ardlib finished at Wed Aug  5 13:10:04 2026
Run time = < 1 sec
Return code = 0
***** Start of parameter file
** badpixfile,f,a,"/home/henry/sigma-v19f-chandra/repro/BULLET/5358/acisf05358_repro_bpix1.fits",,,"Bad pixel file for the observation"
** absolutepath,b,h,yes,,,"Use an absolute path in the parameter file"
** ardlibfile,f,h,"ardlib",,,"Parameter file to change"
** verbose,i,h,5,0,5,"Verbosity (0 for no screen output)"
** mode,s,h,"hl",,,
***** End of parameter file
Entering _validate for name=badpixfile val=/home/henry/sigma-v19f-chandra/repro/BULLET/5358/acisf05358_repro_bpix1.fits (type=<class 'str'>) store=True
Validating acis_set_ardlib.badpixfile val=/home/henry/sigma-v19f-chandra/repro/BULLET/5358/acisf05358_repro_bpix1.fits as ...
... something else
Setting acis_set_ardlib.badpixfile to /home/henry/sigma-v19f-chandra/repro/BULLET/5358/acisf05358_repro_bpix1.fits (<class 'str'>)
Entering _validate for name=absolutepath val=yes (type=<class 'str'>) store=True
Validating acis_set_ardlib.absolutepath val=yes as ...
... a boolean
Setting acis_set_ardlib.absolutepath to True (<class 'bool'>)
Entering _validate for name=ardlibfile val=ardlib (type=<class 'str'>) store=True
Validating acis_set_ardlib.ardlibfile val=ardlib as ...
... something else
Setting acis_set_ardlib.ardlibfile to ardlib (<class 'str'>)
Entering _validate for name=verbose val=5 (type=<class 'str'>) store=True
Validating acis_set_ardlib.verbose val=5 as ...
... an integer
Validating acis_set_ardlib.verbose val=5 against min/max=0/5
Setting acis_set_ardlib.verbose to 5 (<class 'int'>)
Read parameters for acis_set_ardlib from /home/henry/sigma-v19ck-rmf-diagnostic/v100/c3432/tmp/tmpmsx3t4zw.acis_set_ardlib.par
Deleting par file: /home/henry/sigma-v19ck-rmf-diagnostic/v100/c3432/tmp/tmpmsx3t4zw.acis_set_ardlib.par
Creating src RMF 

Calling punlearn on tool mkacisrmf
Calling punlearn on tool mkacisrmf
Entering _validate for name=infile val=CALDB (type=<class 'str'>) store=True
Validating mkacisrmf.infile val=CALDB as ...
... something else
Setting mkacisrmf.infile to CALDB (<class 'str'>)
Entering _validate for name=outfile val=/home/henry/sigma-v19ck-rmf-diagnostic/v100/c3432/products/BULLET_bin384_obs5358_ccd0.rmf (type=<class 'str'>) store=True
Validating mkacisrmf.outfile val=/home/henry/sigma-v19ck-rmf-diagnostic/v100/c3432/products/BULLET_bin384_obs5358_ccd0.rmf as ...
... something else
Setting mkacisrmf.outfile to /home/henry/sigma-v19ck-rmf-diagnostic/v100/c3432/products/BULLET_bin384_obs5358_ccd0.rmf (<class 'str'>)
Entering _validate for name=energy val=0.3:11.0:0.01 (type=<class 'str'>) store=True
Validating mkacisrmf.energy val=0.3:11.0:0.01 as ...
... something else
Setting mkacisrmf.energy to 0.3:11.0:0.01 (<class 'str'>)
Entering _validate for name=channel val=1:1024:1 (type=<class 'str'>) store=True
Validating mkacisrmf.channel val=1:1024:1 as ...
... something else
Setting mkacisrmf.channel to 1:1024:1 (<class 'str'>)
Entering _validate for name=chantype val=PI (type=<class 'str'>) store=True
Validating mkacisrmf.chantype val=PI as ...
... something else
Validating mkacisrmf.chantype val=PI against ['PI', 'PHA']
Setting mkacisrmf.chantype to PI (<class 'str'>)
Entering _validate for name=obsfile val= (type=<class 'str'>) store=True
Validating mkacisrmf.obsfile val= as ...
... a ''
Setting mkacisrmf.obsfile to None (<class 'NoneType'>)
Entering _validate for name=wmap val=/home/henry/sigma-v19ck-rmf-diagnostic/v100/c3432/products/BULLET_bin384_obs5358_ccd0.pi[WMAP] (type=<class 'str'>) store=True
Validating mkacisrmf.wmap val=/home/henry/sigma-v19ck-rmf-diagnostic/v100/c3432/products/BULLET_bin384_obs5358_ccd0.pi[WMAP] as ...
... something else
Setting mkacisrmf.wmap to /home/henry/sigma-v19ck-rmf-diagnostic/v100/c3432/products/BULLET_bin384_obs5358_ccd0.pi[WMAP] (<class 'str'>)
Entering _validate for name=ccd_id val=0 (type=<class 'str'>) store=True
Validating mkacisrmf.ccd_id val=0 as ...
... an integer
Validating mkacisrmf.ccd_id val=0 against min/max=0/9
Setting mkacisrmf.ccd_id to 0 (<class 'int'>)
Entering _validate for name=chipx val=None (type=<class 'NoneType'>) store=True
Validating mkacisrmf.chipx val=None as ...
... an integer
Setting mkacisrmf.chipx to None (<class 'NoneType'>)
Entering _validate for name=chipy val=None (type=<class 'NoneType'>) store=True
Validating mkacisrmf.chipy val=None as ...
... an integer
Setting mkacisrmf.chipy to None (<class 'NoneType'>)
Entering _validate for name=gain val=CALDB (type=<class 'str'>) store=True
Validating mkacisrmf.gain val=CALDB as ...
... something else
Setting mkacisrmf.gain to CALDB (<class 'str'>)
Entering _validate for name=clobber val=no (type=<class 'str'>) store=True
Validating mkacisrmf.clobber val=no as ...
... a boolean
Setting mkacisrmf.clobber to False (<class 'bool'>)
Entering _validate for name=verbose val=5 (type=<class 'int'>) store=True
Validating mkacisrmf.verbose val=5 as ...
... an integer
Validating mkacisrmf.verbose val=5 against min/max=0/5
Setting mkacisrmf.verbose to 5 (<class 'int'>)
_create_parfile_copy called for mkacisrmf with parfile=None
Copying par file /home/henry/miniforge3/envs/sigma-ciao-4.18/param/mkacisrmf.par to /home/henry/sigma-v19ck-rmf-diagnostic/v100/c3432/tmp/tmpx06476vl.mkacisrmf.par
_update_parfile[mkacisrmf] called for /home/henry/sigma-v19ck-rmf-diagnostic/v100/c3432/tmp/tmpx06476vl.mkacisrmf.par
Opening parameter file with mode=wLH: '/home/henry/sigma-v19ck-rmf-diagnostic/v100/c3432/tmp/tmpx06476vl.mkacisrmf.par'
setting parameter infile type=f val=CALDB
setting parameter outfile type=f val=/home/henry/sigma-v19ck-rmf-diagnostic/v100/c3432/products/BULLET_bin384_obs5358_ccd0.rmf
setting parameter wmap type=f val=/home/henry/sigma-v19ck-rmf-diagnostic/v100/c3432/products/BULLET_bin384_obs5358_ccd0.pi[WMAP]
setting parameter energy type=s val=0.3:11.0:0.01
setting parameter channel type=s val=1:1024:1
setting parameter chantype type=s val=PI
setting parameter ccd_id type=i val=0
setting parameter chipx type=i val=None
setting parameter chipy type=i val=None
setting parameter gain type=f val=CALDB
setting parameter asolfile type=f val=None
setting parameter obsfile type=f val=None
setting parameter logfile type=f val=None
setting parameter contlvl type=i val=100
setting parameter geompar type=f val=geom
setting parameter thresh type=r val=1e-06
setting parameter clobber type=b val=False
setting parameter verbose type=i val=5
Verifying parameter settings
verifying parameter infile type=f is val=CALDB
verifying parameter outfile type=f is val=/home/henry/sigma-v19ck-rmf-diagnostic/v100/c3432/products/BULLET_bin384_obs5358_ccd0.rmf
verifying parameter wmap type=f is val=/home/henry/sigma-v19ck-rmf-diagnostic/v100/c3432/products/BULLET_bin384_obs5358_ccd0.pi[WMAP]
verifying parameter energy type=s is val=0.3:11.0:0.01
verifying parameter channel type=s is val=1:1024:1
verifying parameter chantype type=s is val=PI
verifying parameter ccd_id type=i is val=0
verifying parameter chipx type=i is val=None
verifying parameter chipy type=i is val=None
verifying parameter gain type=f is val=CALDB
verifying parameter asolfile type=f is val=None
verifying parameter obsfile type=f is val=None
verifying parameter logfile type=f is val=None
verifying parameter contlvl type=i is val=100
verifying parameter geompar type=f is val=geom
verifying parameter thresh type=r is val=1e-06
verifying parameter clobber type=b is val=False
verifying parameter verbose type=i is val=5
_update_parfile[mkacisrmf] returning {}
Running tool mkacisrmf using:
>>> mkacisrmf CALDB /home/henry/sigma-v19ck-rmf-diagnostic/v100/c3432/products/BULLET_bin384_obs5358_ccd0.rmf "/home/henry/sigma-v19ck-rmf-diagnostic/v100/c3432/products/BULLET_bin384_obs5358_ccd0.pi[WMAP]" 0.3:11.0:0.01 1:1024:1 PI 0 INDEF INDEF CALDB obsfile= verbose=5
***** Start of parameter file
** infile,f,a,"CALDB",,,"scatter/rsp matrix file"
** outfile,f,a,"/home/henry/sigma-v19ck-rmf-diagnostic/v100/c3432/products/BULLET_bin384_obs5358_ccd0.rmf",,,"RMF output file"
** wmap,f,a,"/home/henry/sigma-v19ck-rmf-diagnostic/v100/c3432/products/BULLET_bin384_obs5358_ccd0.pi[WMAP]",,,"WMAP file"
** energy,s,a,"0.3:11.0:0.01",,,"energy grid in keV (lo:hi:bin)"
** channel,s,a,"1:1024:1",,,"channel grids in pixel (min:max:bin)"
** chantype,s,a,"PI",PI|PHA,,"channel type"
** ccd_id,i,a,0,0,9,"filter CCD-ID"
** chipx,i,a,INDEF,,,"filter chipx in pixel"
** chipy,i,a,INDEF,,,"filter chipy in pixel"
** gain,f,a,"CALDB",,,"gain file"
** asolfile,f,h,"",,,"aspect solution file or a stack of asol files"
** obsfile,f,h,"",,,"obs file"
** logfile,f,h,"",,,"log file"
** contlvl,i,h,100,,,"# contour level"
** geompar,f,h,"geom",,,"pixlib geometry parameter file"
** thresh,r,h,1e-06,0,,"low threshold of energy cut-off probability"
** clobber,b,h,no,,,"overwrite existing output file (yes|no)?"
** verbose,i,h,5,0,5,"verbosity level (0 = no display)"
** mode,s,h,"hl",,,
***** End of parameter file
Starting mkacisrmf at Wed Aug  5 13:10:04 2026
mkacisrmf finished at Wed Aug  5 13:10:04 2026
Run time = < 1 sec
Return code = 255
***** Start of parameter file
** infile,f,a,"CALDB",,,"scatter/rsp matrix file"
** outfile,f,a,"/home/henry/sigma-v19ck-rmf-diagnostic/v100/c3432/products/BULLET_bin384_obs5358_ccd0.rmf",,,"RMF output file"
** wmap,f,a,"/home/henry/sigma-v19ck-rmf-diagnostic/v100/c3432/products/BULLET_bin384_obs5358_ccd0.pi[WMAP]",,,"WMAP file"
** energy,s,a,"0.3:11.0:0.01",,,"energy grid in keV (lo:hi:bin)"
** channel,s,a,"1:1024:1",,,"channel grids in pixel (min:max:bin)"
** chantype,s,a,"PI",PI|PHA,,"channel type"
** ccd_id,i,a,0,0,9,"filter CCD-ID"
** chipx,i,a,INDEF,,,"filter chipx in pixel"
** chipy,i,a,INDEF,,,"filter chipy in pixel"
** gain,f,a,"CALDB",,,"gain file"
** asolfile,f,h,"",,,"aspect solution file or a stack of asol files"
** obsfile,f,h,"",,,"obs file"
** logfile,f,h,"",,,"log file"
** contlvl,i,h,100,,,"# contour level"
** geompar,f,h,"geom",,,"pixlib geometry parameter file"
** thresh,r,h,1e-06,0,,"low threshold of energy cut-off probability"
** clobber,b,h,no,,,"overwrite existing output file (yes|no)?"
** verbose,i,h,5,0,5,"verbosity level (0 = no display)"
** mode,s,h,"hl",,,
***** End of parameter file
Deleting par file: /home/henry/sigma-v19ck-rmf-diagnostic/v100/c3432/tmp/tmpx06476vl.mkacisrmf.par
About to restore PFILES setting to /home/henry/sigma-v19ck-rmf-diagnostic/v100/c3432/tmp/tmpdirw1m249l1;/home/henry/miniforge3/envs/sigma-ciao-4.18/param
About to restore PFILES setting to /home/henry/sigma-v19ck-rmf-diagnostic/v100/c3432/pfiles;/home/henry/miniforge3/envs/sigma-ciao-4.18/param

# specextract (8 June 2026): ERROR Failed to create RMF for /home/henry/sigma-v19ck-rmf-diagnostic/v100/c3432/e/s.fits[sky=region(/home/henry/sigma-v19f-chandra/causal_observables_v19h_v100/BULLET/images/broad_flux/5358.fov)]
