{
  "A_galaxy": 1.7320508075688772,
  "A_cluster_current": 4.442882938158366,
  "A_cluster_needed": 9.0,
  "W_eff_galaxy": 0.47587543820512607,
  "W_cluster": 1.0,
  "W_ratio": 2.1013902372682454,
  "mode_ratio_conservative": 4.47213595499958,
  "combined_explanation": 24.106044351350146
}