{
  "name": "Bullet Cluster Analysis",
  "mass_comparison": {
    "baryonic": 370390503754372.1,
    "gas": 321375964343315.4,
    "stars": 49014539411056.73,
    "gas_fraction": 0.8676679371791853,
    "effective_graviton": 5351644075748594.0,
    "effective_mond": 657691901860550.1,
    "observed_lensing": 550000000000000.0,
    "ratio_graviton": 14.44865357373629,
    "ratio_mond": 1.775671609271885,
    "ratio_observed": 1.4849192795848178
  },
  "peak_analysis": {
    "graviton_peaks": [
      [
        -194.63087248322142,
        -6.711409395973192,
        1.9683249561562164
      ],
      [
        302.0134228187919,
        -6.711409395973192,
        1.5431212525202007
      ]
    ],
    "newtonian_peaks": [
      [
        302.0134228187919,
        6.711409395973192,
        0.37673431179335026
      ],
      [
        302.0134228187919,
        -6.711409395973192,
        0.37673431179335026
      ],
      [
        -194.63087248322142,
        6.711409395973192,
        0.2949062249743129
      ]
    ],
    "mond_peaks": [
      [
        302.0134228187919,
        -6.711409395973192,
        0.451035888291121
      ],
      [
        -194.63087248322142,
        6.711409395973192,
        0.3721942274804712
      ],
      [
        -194.63087248322142,
        -6.711409395973192,
        0.3721942274804712
      ]
    ]
  },
  "component_positions": {
    "Main cluster gas": [
      -50,
      0
    ],
    "Main cluster stars": [
      -200,
      0
    ],
    "Subcluster gas": [
      100,
      0
    ],
    "Subcluster stars": [
      300,
      0
    ]
  },
  "offset_analysis": {
    "primary_peak_x": -194.63087248322142,
    "distance_to_nearest_gas": 144.63087248322142,
    "distance_to_nearest_stars": 5.369127516778576,
    "peak_follows_stars": true
  }
}