{
  "A_galaxy_bare": 1.7320508075688772,
  "A_cluster_bare": 4.442882938158366,
  "mode_ratio": 2.565099660323728,
  "W_galaxy_mean": 0.527331493096728,
  "W_cluster": 1.0,
  "W_ratio": 1.8963403724051253,
  "combined_ratio": 4.8643020451145595,
  "A_cluster_derived": 8.425218285499612,
  "A_cluster_observed": 9.0
}