{
  "current_k_sigma_Omega": {
    "k": 0.24,
    "rms": 24.456347071629434
  },
  "no_W": {
    "rms": 24.73395213308359
  },
  "fixed_global_xi": {
    "xi": 0.1576420937463082,
    "rms": 24.148811628784756
  },
  "xi_alpha_Rd": {
    "alpha": 0.10000366481123776,
    "rms": 24.685754693409088
  },
  "xi_two_thirds_Rd": {
    "alpha": 0.6666666666666666,
    "rms": 30.22396516754511
  },
  "xi_equals_Rd": {
    "alpha": 1.0,
    "rms": 32.65498588850091
  },
  "modified_h_exponent": {
    "n": 0.39695731888611846,
    "rms": 22.99950005703226
  }
}