{
  "bbh": {
    "input": {
      "M1": 7.160399999999999e+31,
      "M2": 5.7681e+31,
      "separation": 350000.0,
      "omega": 942.4777960769379,
      "params": {
        "kappa": 1.0,
        "eta_forward": 0.05,
        "eta_backward": 0.05
      }
    },
    "forward": {
      "E_interaction": 4.278965882460643e+47,
      "E_GW": 2.1394829412303217e+46,
      "volume": 2.744e+18,
      "mean_overlap": 2.2425988471955548e+20,
      "max_overlap": 2.0731226948422576e+22
    },
    "gw": {
      "h0": 0.03620075507091018,
      "N_gravitons": 2.1517174455456094e+77,
      "energy_density": 7.796949494279595e+27,
      "frequency_Hz": 150.0
    },
    "backward": {
      "g_new": 808649632.8211411,
      "E_new_field": 1.0697414706151608e+45,
      "M_equivalent_kg": 2.3748176211109294e+31,
      "M_equivalent_solar": 11.939756767777423,
      "R_effective": 1399999.9999999988
    },
    "comparison": {
      "E_binding": 7.875682920678855e+47,
      "g1_midpoint": 156044112979.59183,
      "g2_midpoint": 125702202122.44896,
      "round_trip_efficiency": 0.0025
    }
  },
  "solar": {
    "input": {
      "M1": 1.989e+30,
      "M2": 5.972e+24,
      "separation": 149600000000.0,
      "omega": 1.991021277657232e-07,
      "params": {
        "kappa": 1.0,
        "eta_forward": 0.01,
        "eta_backward": 0.01
      }
    },
    "forward": {
      "E_interaction": 4.471317577699842e+33,
      "E_GW": 4.471317577699842e+31,
      "volume": 2.14276603904e+35,
      "mean_overlap": 2.8457526848580355e-11,
      "max_overlap": 1.803558515357044e-08
    },
    "gw": {
      "h0": 2.8033729334101536e-08,
      "N_gravitons": 2.128664199132283e+72,
      "energy_density": 0.00020867035860354946,
      "frequency_Hz": 3.1688087814028954e-08
    },
    "backward": {
      "g_new": 5.916207697967928e-08,
      "E_new_field": 4.471317577699841e+29,
      "M_equivalent_kg": 3.174244527989297e+26,
      "M_equivalent_solar": 0.00015958997124129197,
      "R_effective": 598399999999.9991
    },
    "comparison": {
      "E_binding": 5.299186336363636e+33,
      "g1_midpoint": 0.02372563198833252,
      "g2_midpoint": 7.123653807658212e-08,
      "round_trip_efficiency": 9.999999999999998e-05
    }
  },
  "galaxy": {
    "input": {
      "M1": 1.989e+39,
      "M2": 9.945e+38,
      "separation": 3.086e+17,
      "omega": 6.283185307179586e-08,
      "params": {
        "kappa": 1.0,
        "eta_forward": 0.1,
        "eta_backward": 0.1
      }
    },
    "forward": {
      "E_interaction": 3.6095758903450887e+50,
      "E_GW": 3.6095758903450887e+49,
      "volume": 1.8809088035839997e+54,
      "mean_overlap": 2.617127192445371e-13,
      "max_overlap": 1.6586620681490384e-10
    },
    "gw": {
      "h0": 2.6939575411789807e-08,
      "N_gravitons": 5.445325548945498e+90,
      "energy_density": 1.9190594905330758e-05,
      "frequency_Hz": 1e-08
    },
    "backward": {
      "g_new": 5.673580875497693e-08,
      "E_new_field": 3.609575890345088e+48,
      "M_equivalent_kg": 1.2953373069317587e+39,
      "M_equivalent_solar": 651250531.3885162,
      "R_effective": 1.2343999999999972e+18
    },
    "comparison": {
      "E_binding": 4.277892345106933e+50,
      "g1_midpoint": 5.575568211171728e-06,
      "g2_midpoint": 2.787784105585864e-06,
      "round_trip_efficiency": 0.009999999999999998
    }
  },
  "efficiency": [
    {
      "eta": 0.001,
      "E_GW": 2.227830239520983e+43,
      "h0": 0.00036282532079218307,
      "g_new": 764124.4413569922,
      "N_gravitons": 3.360854928809153e+74
    },
    {
      "eta": 0.01,
      "E_GW": 2.227830239520983e+44,
      "h0": 0.0011473544064845463,
      "g_new": 7641244.413569923,
      "N_gravitons": 3.360854928809153e+75
    },
    {
      "eta": 0.1,
      "E_GW": 2.227830239520983e+45,
      "h0": 0.0036282532079218305,
      "g_new": 76412444.13569923,
      "N_gravitons": 3.360854928809153e+76
    },
    {
      "eta": 0.5,
      "E_GW": 1.1139151197604915e+46,
      "h0": 0.008113020812494891,
      "g_new": 382062220.6784961,
      "N_gravitons": 1.6804274644045765e+77
    },
    {
      "eta": 1.0,
      "E_GW": 2.227830239520983e+46,
      "h0": 0.011473544064845463,
      "g_new": 764124441.3569922,
      "N_gravitons": 3.360854928809153e+77
    }
  ],
  "conservation": {
    "E_initial": 1e+45,
    "E_final": 1.1529215046068466e+43,
    "fraction": 0.011529215046068467,
    "expected": 0.011529215046068492
  }
}