{
  "k_current": 0.24,
  "k_new": 0.3333333333333333,
  "rms_current": 24.456347071629434,
  "rms_new_no_change": 24.761589022680464,
  "option_A": {
    "a_coeff": 1.8532439999921182,
    "b_coeff": 112.48493173074927,
    "rms": 24.609080093896637
  },
  "option_G": {
    "G": 0.061753743971748175,
    "rms": 24.609080093904765
  },
  "option_sigma": {
    "sigma_scale": 0.3000038152500253,
    "rms": 24.142140801134275
  },
  "option_combined": {
    "G": 0.022096565295189434,
    "sigma_scale": 0.3000039288554494,
    "rms": 24.108584229832843
  }
}