{
  "timestamp": "2025-12-09T09:52:35.051144",
  "model_comparison": "Graviton vs \u039bCDM vs MOND",
  "scenarios": {
    "bullet_cluster": {
      "M_baryonic": 370390503754372.1,
      "M_dm_literature": 1653337277471761.8,
      "ratio_lcdm": 5.463767998134714,
      "ratio_graviton": 7.253970751907515,
      "ratio_mond": 1.775671609271885,
      "ratio_observed": 1.4849192795848178,
      "peak_baryonic": [
        302.0134228187919,
        -6.711409395973192
      ],
      "peak_dm": [
        -194.63087248322142,
        -6.711409395973192
      ],
      "peak_graviton": [
        302.0134228187919,
        -6.711409395973192
      ],
      "notes": ""
    },
    "abell_1689": {
      "M_baryonic": 161638336641050.0,
      "M_dm_literature": 995130742910393.5,
      "ratio_lcdm": 7.156526747242386,
      "ratio_graviton": 8.883137578179424,
      "ratio_mond": 1.9497280009316107,
      "ratio_observed": 9.279976713266034,
      "peak_baryonic": [
        5.0335570469798085,
        5.0335570469798085
      ],
      "peak_dm": [
        5.0335570469798085,
        5.0335570469798085
      ],
      "peak_graviton": [
        5.0335570469798085,
        5.0335570469798085
      ],
      "notes": ""
    },
    "milky_way": {
      "M_baryonic": 68450536856.20099,
      "M_dm_literature": 334947410035.459,
      "ratio_lcdm": 5.893276596779765,
      "ratio_graviton": 1.540289483204667,
      "ratio_mond": 1.5841878228537158,
      "ratio_observed": 18.991815984307095,
      "peak_baryonic": [
        -0.16778523489932695,
        -0.16778523489932695
      ],
      "peak_dm": [
        -0.16778523489932695,
        -0.16778523489932695
      ],
      "peak_graviton": [
        -0.16778523489932695,
        -0.16778523489932695
      ],
      "notes": ""
    },
    "fornax_dsph": {
      "M_baryonic": 18561751.334284175,
      "M_dm_literature": 368711606.0310156,
      "ratio_lcdm": 20.86405266350018,
      "ratio_graviton": 10.199177807657755,
      "ratio_mond": 9.820426573727692,
      "ratio_observed": 8.081134010396152,
      "peak_baryonic": [
        -0.016778523489932695,
        -0.016778523489932695
      ],
      "peak_dm": [
        -0.016778523489932695,
        -0.016778523489932695
      ],
      "peak_graviton": [
        -0.016778523489932695,
        -0.016778523489932695
      ],
      "notes": "M/L ~ 50-100 from dynamics"
    },
    "ngc1052_df2": {
      "M_baryonic": 189930042.2286794,
      "M_dm_literature": 0.0,
      "ratio_lcdm": 1.0,
      "ratio_graviton": 10.408098080627497,
      "ratio_mond": 10.028489315872966,
      "ratio_observed": 1.053019299386014,
      "peak_baryonic": [
        -0.06711409395973078,
        -0.06711409395973078
      ],
      "peak_dm": [
        0,
        0
      ],
      "peak_graviton": [
        -0.06711409395973078,
        -0.06711409395973078
      ],
      "notes": "Appears to have NO dark matter halo"
    },
    "dragonfly44": {
      "M_baryonic": 283905016.067763,
      "M_dm_literature": 223902242931.39612,
      "ratio_lcdm": 789.651944345903,
      "ratio_graviton": 17.104938071801506,
      "ratio_mond": 16.676216326936732,
      "ratio_observed": 3522.304797042819,
      "peak_baryonic": [
        -0.13422818791946156,
        -0.13422818791946156
      ],
      "peak_dm": [
        -0.13422818791946156,
        -0.13422818791946156
      ],
      "peak_graviton": [
        -0.13422818791946156,
        -0.13422818791946156
      ],
      "notes": "Appears extremely DM dominated"
    }
  }
}