{
  "current": {
    "A": 1.3256681334331002,
    "g_dagger": 9.598924108127284e-11,
    "rms": 24.73395213308359
  },
  "mond": {
    "rms": 22.836916620248708
  },
  "opt_A": {
    "A": 1.1412686121014743,
    "rms": 23.865372029988087
  },
  "opt_g": {
    "g_dagger": 1.0729490168751577e-10,
    "rms": 25.660606310218608
  },
  "opt_both": {
    "A": 0.49769401279060954,
    "g_dagger": 3.650704262510258e-10,
    "rms": 22.684033601105398
  },
  "with_a0": {
    "A": 0.9867357714892875,
    "rms": 23.47360902225393
  }
}