{
  "optimal_params": {
    "A_galaxy": 1.930061259658864,
    "A_cluster": 8.001124840569119,
    "xi_scale": 0.2,
    "alpha": 0.3425995361341597
  },
  "performance": {
    "galaxy_rms": 17.317207395923585,
    "mond_rms": 17.181209488052144,
    "win_rate": 0.5263157894736842,
    "cluster_ratio": 0.999999999542137
  }
}