{
  "extreme_tails": {
    "n_per_tail": 33,
    "lsb_extreme": {
      "ell0_Rd_mean": 13.389528146118927,
      "ell0_Rd_stderr": 4.3633154780394845,
      "g_ratio_mean": 3.9916696253743504,
      "sb_range": [
        6.744834170782143,
        8.061510028548954
      ],
      "galaxies": [
        "UGC07577",
        "UGCA281",
        "F563-V1",
        "KK98-251",
        "UGCA444",
        "CamB",
        "UGC08837",
        "UGC06667",
        "UGC05829",
        "UGC06628",
        "UGC00731",
        "UGC05918",
        "UGC05764",
        "NGC0055",
        "UGC11820",
        "UGC07608",
        "D564-8",
        "UGC05750",
        "F561-1",
        "UGC04305",
        "IC2574",
        "UGC07866",
        "UGC01281",
        "PGC51017",
        "UGC07559",
        "UGC07125",
        "F583-1",
        "NGC4068",
        "DDO170",
        "F565-V2",
        "UGC07524",
        "UGC05414",
        "DDO168"
      ]
    },
    "hsb_extreme": {
      "ell0_Rd_mean": 10.047454152323018,
      "ell0_Rd_stderr": 1.6905975071612713,
      "g_ratio_mean": 1.344862431022289,
      "sb_range": [
        9.439115108039049,
        10.081018122053308
      ],
      "galaxies": [
        "NGC4013",
        "NGC7331",
        "UGC08699",
        "NGC6946",
        "UGC11455",
        "NGC4088",
        "NGC2915",
        "UGC09133",
        "NGC3893",
        "NGC6674",
        "NGC6015",
        "UGC05721",
        "NGC3992",
        "NGC2403",
        "NGC4214",
        "NGC0891",
        "UGC06786",
        "NGC3521",
        "ESO563-G021",
        "NGC1705",
        "UGC11914",
        "NGC4100",
        "UGC02487",
        "NGC7814",
        "NGC2903",
        "NGC5055",
        "UGC03205",
        "NGC4157",
        "UGC06973",
        "NGC4138",
        "NGC2683",
        "NGC2841",
        "UGC02953"
      ]
    },
    "observed_ratio": 1.332628936955458,
    "predicted_ratio": 2.9680876893409143,
    "t_statistic": 0.7033076191949871,
    "p_value_ttest": 0.4844148231258134,
    "p_value_mannwhitney": 0.9045795411856941
  },
  "power_law_fit": {
    "alpha": -0.7014755862365029,
    "alpha_stderr": 0.1655107183965092,
    "r_value": -0.32702424078081527,
    "p_value": 3.919215932163099e-05,
    "n_galaxies_used": 152
  },
  "verdict": "\u2717 ACCELERATION DEPENDENCE IS NEGLIGIBLE"
}